Ticker,Period,Dataset,Field,Value,DataType,SourceMode
AVG,LATEST,ratio,order,1.0,ACTUAL,VNSTOCK_BRONZE
AVG,LATEST,ratio,level,1.0,ACTUAL,VNSTOCK_BRONZE
AVG,LATEST,ratio,order,2.0,ACTUAL,VNSTOCK_BRONZE
AVG,LATEST,ratio,level,2.0,ACTUAL,VNSTOCK_BRONZE
AVG,LATEST,ratio,value,8.4331769859,ACTUAL,VNSTOCK_BRONZE
AVG,LATEST,ratio,order,3.0,ACTUAL,VNSTOCK_BRONZE
AVG,LATEST,ratio,level,2.0,ACTUAL,VNSTOCK_BRONZE
AVG,LATEST,ratio,value,0.5873475882,ACTUAL,VNSTOCK_BRONZE
AVG,LATEST,ratio,order,4.0,ACTUAL,VNSTOCK_BRONZE
AVG,LATEST,ratio,level,2.0,ACTUAL,VNSTOCK_BRONZE
AVG,LATEST,ratio,value,0.2311316743,ACTUAL,VNSTOCK_BRONZE
AVG,LATEST,ratio,order,5.0,ACTUAL,VNSTOCK_BRONZE
AVG,LATEST,ratio,level,2.0,ACTUAL,VNSTOCK_BRONZE
AVG,LATEST,ratio,value,-19.416948846,ACTUAL,VNSTOCK_BRONZE
AVG,LATEST,ratio,order,6.0,ACTUAL,VNSTOCK_BRONZE
AVG,LATEST,ratio,level,2.0,ACTUAL,VNSTOCK_BRONZE
AVG,LATEST,ratio,value,7.7905323801,ACTUAL,VNSTOCK_BRONZE
AVG,LATEST,ratio,order,7.0,ACTUAL,VNSTOCK_BRONZE
AVG,LATEST,ratio,level,2.0,ACTUAL,VNSTOCK_BRONZE
AVG,LATEST,ratio,value,0.0,ACTUAL,VNSTOCK_BRONZE
AVG,LATEST,ratio,order,8.0,ACTUAL,VNSTOCK_BRONZE
AVG,LATEST,ratio,level,2.0,ACTUAL,VNSTOCK_BRONZE
AVG,LATEST,ratio,value,146160411194.0,ACTUAL,VNSTOCK_BRONZE
AVG,LATEST,ratio,order,9.0,ACTUAL,VNSTOCK_BRONZE
AVG,LATEST,ratio,level,2.0,ACTUAL,VNSTOCK_BRONZE
AVG,LATEST,ratio,order,10.0,ACTUAL,VNSTOCK_BRONZE
AVG,LATEST,ratio,level,2.0,ACTUAL,VNSTOCK_BRONZE
AVG,LATEST,ratio,order,11.0,ACTUAL,VNSTOCK_BRONZE
AVG,LATEST,ratio,level,2.0,ACTUAL,VNSTOCK_BRONZE
AVG,LATEST,ratio,order,12.0,ACTUAL,VNSTOCK_BRONZE
AVG,LATEST,ratio,level,2.0,ACTUAL,VNSTOCK_BRONZE
AVG,LATEST,ratio,value,29655551219.0,ACTUAL,VNSTOCK_BRONZE
AVG,LATEST,ratio,order,13.0,ACTUAL,VNSTOCK_BRONZE
AVG,LATEST,ratio,level,2.0,ACTUAL,VNSTOCK_BRONZE
AVG,LATEST,ratio,value,42289765124.0,ACTUAL,VNSTOCK_BRONZE
AVG,LATEST,ratio,order,14.0,ACTUAL,VNSTOCK_BRONZE
AVG,LATEST,ratio,level,2.0,ACTUAL,VNSTOCK_BRONZE
AVG,LATEST,ratio,value,0.0342689579,ACTUAL,VNSTOCK_BRONZE
AVG,LATEST,ratio,order,15.0,ACTUAL,VNSTOCK_BRONZE
AVG,LATEST,ratio,level,2.0,ACTUAL,VNSTOCK_BRONZE
AVG,LATEST,ratio,value,17679982.0,ACTUAL,VNSTOCK_BRONZE
AVG,LATEST,ratio,order,16.0,ACTUAL,VNSTOCK_BRONZE
AVG,LATEST,ratio,level,1.0,ACTUAL,VNSTOCK_BRONZE
AVG,LATEST,ratio,order,17.0,ACTUAL,VNSTOCK_BRONZE
AVG,LATEST,ratio,level,2.0,ACTUAL,VNSTOCK_BRONZE
AVG,LATEST,ratio,value,0.0717403859,ACTUAL,VNSTOCK_BRONZE
AVG,LATEST,ratio,order,18.0,ACTUAL,VNSTOCK_BRONZE
AVG,LATEST,ratio,level,2.0,ACTUAL,VNSTOCK_BRONZE
AVG,LATEST,ratio,value,0.0378001748,ACTUAL,VNSTOCK_BRONZE
AVG,LATEST,ratio,order,19.0,ACTUAL,VNSTOCK_BRONZE
AVG,LATEST,ratio,level,2.0,ACTUAL,VNSTOCK_BRONZE
AVG,LATEST,ratio,value,0.0657368576,ACTUAL,VNSTOCK_BRONZE
AVG,LATEST,ratio,order,20.0,ACTUAL,VNSTOCK_BRONZE
AVG,LATEST,ratio,level,2.0,ACTUAL,VNSTOCK_BRONZE
AVG,LATEST,ratio,value,0.0629767962,ACTUAL,VNSTOCK_BRONZE
AVG,LATEST,ratio,order,21.0,ACTUAL,VNSTOCK_BRONZE
AVG,LATEST,ratio,level,2.0,ACTUAL,VNSTOCK_BRONZE
AVG,LATEST,ratio,value,0.0468959902,ACTUAL,VNSTOCK_BRONZE
AVG,LATEST,ratio,order,22.0,ACTUAL,VNSTOCK_BRONZE
AVG,LATEST,ratio,level,2.0,ACTUAL,VNSTOCK_BRONZE
AVG,LATEST,ratio,value,0.0290621588,ACTUAL,VNSTOCK_BRONZE
AVG,LATEST,ratio,order,23.0,ACTUAL,VNSTOCK_BRONZE
AVG,LATEST,ratio,level,2.0,ACTUAL,VNSTOCK_BRONZE
AVG,LATEST,ratio,value,0.027645384,ACTUAL,VNSTOCK_BRONZE
AVG,LATEST,ratio,order,24.0,ACTUAL,VNSTOCK_BRONZE
AVG,LATEST,ratio,level,2.0,ACTUAL,VNSTOCK_BRONZE
AVG,LATEST,ratio,value,1.3791946296,ACTUAL,VNSTOCK_BRONZE
AVG,LATEST,ratio,order,25.0,ACTUAL,VNSTOCK_BRONZE
AVG,LATEST,ratio,level,2.0,ACTUAL,VNSTOCK_BRONZE
AVG,LATEST,ratio,value,6.7294246965,ACTUAL,VNSTOCK_BRONZE
AVG,LATEST,ratio,order,26.0,ACTUAL,VNSTOCK_BRONZE
AVG,LATEST,ratio,level,2.0,ACTUAL,VNSTOCK_BRONZE
AVG,LATEST,ratio,value,79.6931357977,ACTUAL,VNSTOCK_BRONZE
AVG,LATEST,ratio,order,27.0,ACTUAL,VNSTOCK_BRONZE
AVG,LATEST,ratio,level,2.0,ACTUAL,VNSTOCK_BRONZE
AVG,LATEST,ratio,value,28.373472825,ACTUAL,VNSTOCK_BRONZE
AVG,LATEST,ratio,order,28.0,ACTUAL,VNSTOCK_BRONZE
AVG,LATEST,ratio,level,2.0,ACTUAL,VNSTOCK_BRONZE
AVG,LATEST,ratio,value,19.4168554379,ACTUAL,VNSTOCK_BRONZE
AVG,LATEST,ratio,order,29.0,ACTUAL,VNSTOCK_BRONZE
AVG,LATEST,ratio,level,2.0,ACTUAL,VNSTOCK_BRONZE
AVG,LATEST,ratio,value,131.3371596182,ACTUAL,VNSTOCK_BRONZE
AVG,LATEST,ratio,order,30.0,ACTUAL,VNSTOCK_BRONZE
AVG,LATEST,ratio,level,1.0,ACTUAL,VNSTOCK_BRONZE
AVG,LATEST,ratio,order,31.0,ACTUAL,VNSTOCK_BRONZE
AVG,LATEST,ratio,level,2.0,ACTUAL,VNSTOCK_BRONZE
AVG,LATEST,ratio,value,1.1216452653,ACTUAL,VNSTOCK_BRONZE
AVG,LATEST,ratio,order,32.0,ACTUAL,VNSTOCK_BRONZE
AVG,LATEST,ratio,level,2.0,ACTUAL,VNSTOCK_BRONZE
AVG,LATEST,ratio,value,0.9015388625,ACTUAL,VNSTOCK_BRONZE
AVG,LATEST,ratio,order,33.0,ACTUAL,VNSTOCK_BRONZE
AVG,LATEST,ratio,level,2.0,ACTUAL,VNSTOCK_BRONZE
AVG,LATEST,ratio,value,0.1898800281,ACTUAL,VNSTOCK_BRONZE
AVG,LATEST,ratio,order,34.0,ACTUAL,VNSTOCK_BRONZE
AVG,LATEST,ratio,level,2.0,ACTUAL,VNSTOCK_BRONZE
AVG,LATEST,ratio,order,35.0,ACTUAL,VNSTOCK_BRONZE
AVG,LATEST,ratio,level,2.0,ACTUAL,VNSTOCK_BRONZE
AVG,LATEST,ratio,order,36.0,ACTUAL,VNSTOCK_BRONZE
AVG,LATEST,ratio,level,2.0,ACTUAL,VNSTOCK_BRONZE
AVG,LATEST,ratio,order,37.0,ACTUAL,VNSTOCK_BRONZE
AVG,LATEST,ratio,level,2.0,ACTUAL,VNSTOCK_BRONZE
AVG,LATEST,ratio,order,38.0,ACTUAL,VNSTOCK_BRONZE
AVG,LATEST,ratio,level,1.0,ACTUAL,VNSTOCK_BRONZE
AVG,LATEST,ratio,order,39.0,ACTUAL,VNSTOCK_BRONZE
AVG,LATEST,ratio,level,2.0,ACTUAL,VNSTOCK_BRONZE
AVG,LATEST,ratio,value,0.9713367511,ACTUAL,VNSTOCK_BRONZE
AVG,LATEST,ratio,order,40.0,ACTUAL,VNSTOCK_BRONZE
AVG,LATEST,ratio,level,2.0,ACTUAL,VNSTOCK_BRONZE
AVG,LATEST,ratio,value,0.7882596538,ACTUAL,VNSTOCK_BRONZE
AVG,LATEST,ratio,order,41.0,ACTUAL,VNSTOCK_BRONZE
AVG,LATEST,ratio,level,2.0,ACTUAL,VNSTOCK_BRONZE
AVG,LATEST,ratio,order,42.0,ACTUAL,VNSTOCK_BRONZE
AVG,LATEST,ratio,level,2.0,ACTUAL,VNSTOCK_BRONZE
AVG,LATEST,ratio,value,0.9713367511,ACTUAL,VNSTOCK_BRONZE
AVG,LATEST,ratio,order,43.0,ACTUAL,VNSTOCK_BRONZE
AVG,LATEST,ratio,level,2.0,ACTUAL,VNSTOCK_BRONZE
AVG,LATEST,ratio,value,0.0,ACTUAL,VNSTOCK_BRONZE
AVG,LATEST,ratio,order,44.0,ACTUAL,VNSTOCK_BRONZE
AVG,LATEST,ratio,level,2.0,ACTUAL,VNSTOCK_BRONZE
AVG,LATEST,ratio,value,0.0,ACTUAL,VNSTOCK_BRONZE
AVG,LATEST,ratio,order,45.0,ACTUAL,VNSTOCK_BRONZE
AVG,LATEST,ratio,level,1.0,ACTUAL,VNSTOCK_BRONZE
AVG,LATEST,ratio,order,46.0,ACTUAL,VNSTOCK_BRONZE
AVG,LATEST,ratio,level,2.0,ACTUAL,VNSTOCK_BRONZE
AVG,LATEST,ratio,value,0.0,ACTUAL,VNSTOCK_BRONZE
AVG,LATEST,ratio,order,47.0,ACTUAL,VNSTOCK_BRONZE
AVG,LATEST,ratio,level,2.0,ACTUAL,VNSTOCK_BRONZE
AVG,LATEST,ratio,value,0.0,ACTUAL,VNSTOCK_BRONZE
AVG,LATEST,ratio,order,48.0,ACTUAL,VNSTOCK_BRONZE
AVG,LATEST,ratio,level,2.0,ACTUAL,VNSTOCK_BRONZE
AVG,LATEST,ratio,value,0.0,ACTUAL,VNSTOCK_BRONZE
AVG,LATEST,ratio,order,49.0,ACTUAL,VNSTOCK_BRONZE
AVG,LATEST,ratio,level,2.0,ACTUAL,VNSTOCK_BRONZE
AVG,LATEST,ratio,value,0.0,ACTUAL,VNSTOCK_BRONZE
AVG,LATEST,ratio,order,50.0,ACTUAL,VNSTOCK_BRONZE
AVG,LATEST,ratio,level,2.0,ACTUAL,VNSTOCK_BRONZE
AVG,LATEST,ratio,value,0.0,ACTUAL,VNSTOCK_BRONZE
AVG,LATEST,ratio,order,51.0,ACTUAL,VNSTOCK_BRONZE
AVG,LATEST,ratio,level,2.0,ACTUAL,VNSTOCK_BRONZE
AVG,LATEST,ratio,value,0.0,ACTUAL,VNSTOCK_BRONZE
AVG,LATEST,ratio,order,52.0,ACTUAL,VNSTOCK_BRONZE
AVG,LATEST,ratio,level,2.0,ACTUAL,VNSTOCK_BRONZE
AVG,LATEST,ratio,value,0.0,ACTUAL,VNSTOCK_BRONZE
AVG,LATEST,ratio,order,53.0,ACTUAL,VNSTOCK_BRONZE
AVG,LATEST,ratio,level,2.0,ACTUAL,VNSTOCK_BRONZE
AVG,LATEST,ratio,value,0.0,ACTUAL,VNSTOCK_BRONZE
AVG,LATEST,ratio,order,54.0,ACTUAL,VNSTOCK_BRONZE
AVG,LATEST,ratio,level,2.0,ACTUAL,VNSTOCK_BRONZE
AVG,LATEST,ratio,value,0.0,ACTUAL,VNSTOCK_BRONZE
AVG,LATEST,ratio,order,55.0,ACTUAL,VNSTOCK_BRONZE
AVG,LATEST,ratio,level,2.0,ACTUAL,VNSTOCK_BRONZE
AVG,LATEST,ratio,value,0.0,ACTUAL,VNSTOCK_BRONZE
AVG,LATEST,ratio,order,56.0,ACTUAL,VNSTOCK_BRONZE
AVG,LATEST,ratio,level,2.0,ACTUAL,VNSTOCK_BRONZE
AVG,LATEST,ratio,value,0.0,ACTUAL,VNSTOCK_BRONZE
AVG,LATEST,ratio,order,57.0,ACTUAL,VNSTOCK_BRONZE
AVG,LATEST,ratio,level,2.0,ACTUAL,VNSTOCK_BRONZE
AVG,LATEST,ratio,order,58.0,ACTUAL,VNSTOCK_BRONZE
AVG,LATEST,ratio,level,2.0,ACTUAL,VNSTOCK_BRONZE
AVG,LATEST,ratio,order,59.0,ACTUAL,VNSTOCK_BRONZE
AVG,LATEST,ratio,level,2.0,ACTUAL,VNSTOCK_BRONZE
AVG,LATEST,ratio,value,0.0,ACTUAL,VNSTOCK_BRONZE
AVG,LATEST,ratio,order,60.0,ACTUAL,VNSTOCK_BRONZE
AVG,LATEST,ratio,level,2.0,ACTUAL,VNSTOCK_BRONZE
AVG,LATEST,ratio,value,0.0,ACTUAL,VNSTOCK_BRONZE
AVG,LATEST,ratio,order,1.0,ACTUAL,VNSTOCK_BRONZE
AVG,LATEST,ratio,level,1.0,ACTUAL,VNSTOCK_BRONZE
AVG,LATEST,ratio,order,2.0,ACTUAL,VNSTOCK_BRONZE
AVG,LATEST,ratio,level,2.0,ACTUAL,VNSTOCK_BRONZE
AVG,LATEST,ratio,value,10.314395745,ACTUAL,VNSTOCK_BRONZE
AVG,LATEST,ratio,order,3.0,ACTUAL,VNSTOCK_BRONZE
AVG,LATEST,ratio,level,2.0,ACTUAL,VNSTOCK_BRONZE
AVG,LATEST,ratio,value,0.6159521975,ACTUAL,VNSTOCK_BRONZE
AVG,LATEST,ratio,order,4.0,ACTUAL,VNSTOCK_BRONZE
AVG,LATEST,ratio,level,2.0,ACTUAL,VNSTOCK_BRONZE
AVG,LATEST,ratio,value,0.2354804139,ACTUAL,VNSTOCK_BRONZE
AVG,LATEST,ratio,order,5.0,ACTUAL,VNSTOCK_BRONZE
AVG,LATEST,ratio,level,2.0,ACTUAL,VNSTOCK_BRONZE
AVG,LATEST,ratio,value,-7.7770428707,ACTUAL,VNSTOCK_BRONZE
AVG,LATEST,ratio,order,6.0,ACTUAL,VNSTOCK_BRONZE
AVG,LATEST,ratio,level,2.0,ACTUAL,VNSTOCK_BRONZE
AVG,LATEST,ratio,value,9.1450672746,ACTUAL,VNSTOCK_BRONZE
AVG,LATEST,ratio,order,7.0,ACTUAL,VNSTOCK_BRONZE
AVG,LATEST,ratio,level,2.0,ACTUAL,VNSTOCK_BRONZE
AVG,LATEST,ratio,value,0.0,ACTUAL,VNSTOCK_BRONZE
AVG,LATEST,ratio,order,8.0,ACTUAL,VNSTOCK_BRONZE
AVG,LATEST,ratio,level,2.0,ACTUAL,VNSTOCK_BRONZE
AVG,LATEST,ratio,value,150421286856.0,ACTUAL,VNSTOCK_BRONZE
AVG,LATEST,ratio,order,9.0,ACTUAL,VNSTOCK_BRONZE
AVG,LATEST,ratio,level,2.0,ACTUAL,VNSTOCK_BRONZE
AVG,LATEST,ratio,order,10.0,ACTUAL,VNSTOCK_BRONZE
AVG,LATEST,ratio,level,2.0,ACTUAL,VNSTOCK_BRONZE
AVG,LATEST,ratio,order,11.0,ACTUAL,VNSTOCK_BRONZE
AVG,LATEST,ratio,level,2.0,ACTUAL,VNSTOCK_BRONZE
AVG,LATEST,ratio,order,12.0,ACTUAL,VNSTOCK_BRONZE
AVG,LATEST,ratio,level,2.0,ACTUAL,VNSTOCK_BRONZE
AVG,LATEST,ratio,value,23876174543.0,ACTUAL,VNSTOCK_BRONZE
AVG,LATEST,ratio,order,13.0,ACTUAL,VNSTOCK_BRONZE
AVG,LATEST,ratio,level,2.0,ACTUAL,VNSTOCK_BRONZE
AVG,LATEST,ratio,value,36360365971.0,ACTUAL,VNSTOCK_BRONZE
AVG,LATEST,ratio,order,14.0,ACTUAL,VNSTOCK_BRONZE
AVG,LATEST,ratio,level,2.0,ACTUAL,VNSTOCK_BRONZE
AVG,LATEST,ratio,value,0.0349154202,ACTUAL,VNSTOCK_BRONZE
AVG,LATEST,ratio,order,15.0,ACTUAL,VNSTOCK_BRONZE
AVG,LATEST,ratio,level,2.0,ACTUAL,VNSTOCK_BRONZE
AVG,LATEST,ratio,value,17679982.0,ACTUAL,VNSTOCK_BRONZE
AVG,LATEST,ratio,order,16.0,ACTUAL,VNSTOCK_BRONZE
AVG,LATEST,ratio,level,1.0,ACTUAL,VNSTOCK_BRONZE
AVG,LATEST,ratio,order,17.0,ACTUAL,VNSTOCK_BRONZE
AVG,LATEST,ratio,level,2.0,ACTUAL,VNSTOCK_BRONZE
AVG,LATEST,ratio,value,0.0614681986,ACTUAL,VNSTOCK_BRONZE
AVG,LATEST,ratio,order,18.0,ACTUAL,VNSTOCK_BRONZE
AVG,LATEST,ratio,level,2.0,ACTUAL,VNSTOCK_BRONZE
AVG,LATEST,ratio,value,0.0334050921,ACTUAL,VNSTOCK_BRONZE
AVG,LATEST,ratio,order,19.0,ACTUAL,VNSTOCK_BRONZE
AVG,LATEST,ratio,level,2.0,ACTUAL,VNSTOCK_BRONZE
AVG,LATEST,ratio,value,0.0545655983,ACTUAL,VNSTOCK_BRONZE
AVG,LATEST,ratio,order,20.0,ACTUAL,VNSTOCK_BRONZE
AVG,LATEST,ratio,level,2.0,ACTUAL,VNSTOCK_BRONZE
AVG,LATEST,ratio,value,0.0524655605,ACTUAL,VNSTOCK_BRONZE
AVG,LATEST,ratio,order,21.0,ACTUAL,VNSTOCK_BRONZE
AVG,LATEST,ratio,level,2.0,ACTUAL,VNSTOCK_BRONZE
AVG,LATEST,ratio,value,0.0373774988,ACTUAL,VNSTOCK_BRONZE
AVG,LATEST,ratio,order,22.0,ACTUAL,VNSTOCK_BRONZE
AVG,LATEST,ratio,level,2.0,ACTUAL,VNSTOCK_BRONZE
AVG,LATEST,ratio,value,0.0242110822,ACTUAL,VNSTOCK_BRONZE
AVG,LATEST,ratio,order,23.0,ACTUAL,VNSTOCK_BRONZE
AVG,LATEST,ratio,level,2.0,ACTUAL,VNSTOCK_BRONZE
AVG,LATEST,ratio,value,0.0229795114,ACTUAL,VNSTOCK_BRONZE
AVG,LATEST,ratio,order,24.0,ACTUAL,VNSTOCK_BRONZE
AVG,LATEST,ratio,level,2.0,ACTUAL,VNSTOCK_BRONZE
AVG,LATEST,ratio,value,1.4631931979,ACTUAL,VNSTOCK_BRONZE
AVG,LATEST,ratio,order,25.0,ACTUAL,VNSTOCK_BRONZE
AVG,LATEST,ratio,level,2.0,ACTUAL,VNSTOCK_BRONZE
AVG,LATEST,ratio,value,6.9266414586,ACTUAL,VNSTOCK_BRONZE
AVG,LATEST,ratio,order,26.0,ACTUAL,VNSTOCK_BRONZE
AVG,LATEST,ratio,level,2.0,ACTUAL,VNSTOCK_BRONZE
AVG,LATEST,ratio,value,79.0306511403,ACTUAL,VNSTOCK_BRONZE
AVG,LATEST,ratio,order,27.0,ACTUAL,VNSTOCK_BRONZE
AVG,LATEST,ratio,level,2.0,ACTUAL,VNSTOCK_BRONZE
AVG,LATEST,ratio,value,21.6309795108,ACTUAL,VNSTOCK_BRONZE
AVG,LATEST,ratio,order,28.0,ACTUAL,VNSTOCK_BRONZE
AVG,LATEST,ratio,level,2.0,ACTUAL,VNSTOCK_BRONZE
AVG,LATEST,ratio,value,18.227229943,ACTUAL,VNSTOCK_BRONZE
AVG,LATEST,ratio,order,29.0,ACTUAL,VNSTOCK_BRONZE
AVG,LATEST,ratio,level,2.0,ACTUAL,VNSTOCK_BRONZE
AVG,LATEST,ratio,value,123.2696323224,ACTUAL,VNSTOCK_BRONZE
AVG,LATEST,ratio,order,30.0,ACTUAL,VNSTOCK_BRONZE
AVG,LATEST,ratio,level,1.0,ACTUAL,VNSTOCK_BRONZE
AVG,LATEST,ratio,order,31.0,ACTUAL,VNSTOCK_BRONZE
AVG,LATEST,ratio,level,2.0,ACTUAL,VNSTOCK_BRONZE
AVG,LATEST,ratio,value,1.1187411995,ACTUAL,VNSTOCK_BRONZE
AVG,LATEST,ratio,order,32.0,ACTUAL,VNSTOCK_BRONZE
AVG,LATEST,ratio,level,2.0,ACTUAL,VNSTOCK_BRONZE
AVG,LATEST,ratio,value,0.8806941913,ACTUAL,VNSTOCK_BRONZE
AVG,LATEST,ratio,order,33.0,ACTUAL,VNSTOCK_BRONZE
AVG,LATEST,ratio,level,2.0,ACTUAL,VNSTOCK_BRONZE
AVG,LATEST,ratio,value,0.1707779704,ACTUAL,VNSTOCK_BRONZE
AVG,LATEST,ratio,order,34.0,ACTUAL,VNSTOCK_BRONZE
AVG,LATEST,ratio,level,2.0,ACTUAL,VNSTOCK_BRONZE
AVG,LATEST,ratio,order,35.0,ACTUAL,VNSTOCK_BRONZE
AVG,LATEST,ratio,level,2.0,ACTUAL,VNSTOCK_BRONZE
AVG,LATEST,ratio,order,36.0,ACTUAL,VNSTOCK_BRONZE
AVG,LATEST,ratio,level,2.0,ACTUAL,VNSTOCK_BRONZE
AVG,LATEST,ratio,order,37.0,ACTUAL,VNSTOCK_BRONZE
AVG,LATEST,ratio,level,2.0,ACTUAL,VNSTOCK_BRONZE
AVG,LATEST,ratio,order,38.0,ACTUAL,VNSTOCK_BRONZE
AVG,LATEST,ratio,level,1.0,ACTUAL,VNSTOCK_BRONZE
AVG,LATEST,ratio,order,39.0,ACTUAL,VNSTOCK_BRONZE
AVG,LATEST,ratio,level,2.0,ACTUAL,VNSTOCK_BRONZE
AVG,LATEST,ratio,value,0.9137897529,ACTUAL,VNSTOCK_BRONZE
AVG,LATEST,ratio,order,40.0,ACTUAL,VNSTOCK_BRONZE
AVG,LATEST,ratio,level,2.0,ACTUAL,VNSTOCK_BRONZE
AVG,LATEST,ratio,value,0.7672407458,ACTUAL,VNSTOCK_BRONZE
AVG,LATEST,ratio,order,41.0,ACTUAL,VNSTOCK_BRONZE
AVG,LATEST,ratio,level,2.0,ACTUAL,VNSTOCK_BRONZE
AVG,LATEST,ratio,order,42.0,ACTUAL,VNSTOCK_BRONZE
AVG,LATEST,ratio,level,2.0,ACTUAL,VNSTOCK_BRONZE
AVG,LATEST,ratio,value,0.9137897529,ACTUAL,VNSTOCK_BRONZE
AVG,LATEST,ratio,order,43.0,ACTUAL,VNSTOCK_BRONZE
AVG,LATEST,ratio,level,2.0,ACTUAL,VNSTOCK_BRONZE
AVG,LATEST,ratio,value,0.0,ACTUAL,VNSTOCK_BRONZE
AVG,LATEST,ratio,order,44.0,ACTUAL,VNSTOCK_BRONZE
AVG,LATEST,ratio,level,2.0,ACTUAL,VNSTOCK_BRONZE
AVG,LATEST,ratio,value,0.0,ACTUAL,VNSTOCK_BRONZE
AVG,LATEST,ratio,order,45.0,ACTUAL,VNSTOCK_BRONZE
AVG,LATEST,ratio,level,1.0,ACTUAL,VNSTOCK_BRONZE
AVG,LATEST,ratio,order,46.0,ACTUAL,VNSTOCK_BRONZE
AVG,LATEST,ratio,level,2.0,ACTUAL,VNSTOCK_BRONZE
AVG,LATEST,ratio,value,0.0,ACTUAL,VNSTOCK_BRONZE
AVG,LATEST,ratio,order,47.0,ACTUAL,VNSTOCK_BRONZE
AVG,LATEST,ratio,level,2.0,ACTUAL,VNSTOCK_BRONZE
AVG,LATEST,ratio,value,0.0,ACTUAL,VNSTOCK_BRONZE
AVG,LATEST,ratio,order,48.0,ACTUAL,VNSTOCK_BRONZE
AVG,LATEST,ratio,level,2.0,ACTUAL,VNSTOCK_BRONZE
AVG,LATEST,ratio,value,0.0,ACTUAL,VNSTOCK_BRONZE
AVG,LATEST,ratio,order,49.0,ACTUAL,VNSTOCK_BRONZE
AVG,LATEST,ratio,level,2.0,ACTUAL,VNSTOCK_BRONZE
AVG,LATEST,ratio,value,0.0,ACTUAL,VNSTOCK_BRONZE
AVG,LATEST,ratio,order,50.0,ACTUAL,VNSTOCK_BRONZE
AVG,LATEST,ratio,level,2.0,ACTUAL,VNSTOCK_BRONZE
AVG,LATEST,ratio,value,0.0,ACTUAL,VNSTOCK_BRONZE
AVG,LATEST,ratio,order,51.0,ACTUAL,VNSTOCK_BRONZE
AVG,LATEST,ratio,level,2.0,ACTUAL,VNSTOCK_BRONZE
AVG,LATEST,ratio,value,0.0,ACTUAL,VNSTOCK_BRONZE
AVG,LATEST,ratio,order,52.0,ACTUAL,VNSTOCK_BRONZE
AVG,LATEST,ratio,level,2.0,ACTUAL,VNSTOCK_BRONZE
AVG,LATEST,ratio,value,0.0,ACTUAL,VNSTOCK_BRONZE
AVG,LATEST,ratio,order,53.0,ACTUAL,VNSTOCK_BRONZE
AVG,LATEST,ratio,level,2.0,ACTUAL,VNSTOCK_BRONZE
AVG,LATEST,ratio,value,0.0,ACTUAL,VNSTOCK_BRONZE
AVG,LATEST,ratio,order,54.0,ACTUAL,VNSTOCK_BRONZE
AVG,LATEST,ratio,level,2.0,ACTUAL,VNSTOCK_BRONZE
AVG,LATEST,ratio,value,0.0,ACTUAL,VNSTOCK_BRONZE
AVG,LATEST,ratio,order,55.0,ACTUAL,VNSTOCK_BRONZE
AVG,LATEST,ratio,level,2.0,ACTUAL,VNSTOCK_BRONZE
AVG,LATEST,ratio,value,0.0,ACTUAL,VNSTOCK_BRONZE
AVG,LATEST,ratio,order,56.0,ACTUAL,VNSTOCK_BRONZE
AVG,LATEST,ratio,level,2.0,ACTUAL,VNSTOCK_BRONZE
AVG,LATEST,ratio,value,0.0,ACTUAL,VNSTOCK_BRONZE
AVG,LATEST,ratio,order,57.0,ACTUAL,VNSTOCK_BRONZE
AVG,LATEST,ratio,level,2.0,ACTUAL,VNSTOCK_BRONZE
AVG,LATEST,ratio,order,58.0,ACTUAL,VNSTOCK_BRONZE
AVG,LATEST,ratio,level,2.0,ACTUAL,VNSTOCK_BRONZE
AVG,LATEST,ratio,order,59.0,ACTUAL,VNSTOCK_BRONZE
AVG,LATEST,ratio,level,2.0,ACTUAL,VNSTOCK_BRONZE
AVG,LATEST,ratio,value,0.0,ACTUAL,VNSTOCK_BRONZE
AVG,LATEST,ratio,order,60.0,ACTUAL,VNSTOCK_BRONZE
AVG,LATEST,ratio,level,2.0,ACTUAL,VNSTOCK_BRONZE
AVG,LATEST,ratio,value,0.0,ACTUAL,VNSTOCK_BRONZE
AVG,LATEST,ratio,order,1.0,ACTUAL,VNSTOCK_BRONZE
AVG,LATEST,ratio,level,1.0,ACTUAL,VNSTOCK_BRONZE
AVG,LATEST,ratio,order,2.0,ACTUAL,VNSTOCK_BRONZE
AVG,LATEST,ratio,level,2.0,ACTUAL,VNSTOCK_BRONZE
AVG,LATEST,ratio,value,10.8912616294,ACTUAL,VNSTOCK_BRONZE
AVG,LATEST,ratio,order,3.0,ACTUAL,VNSTOCK_BRONZE
AVG,LATEST,ratio,level,2.0,ACTUAL,VNSTOCK_BRONZE
AVG,LATEST,ratio,value,0.732854158,ACTUAL,VNSTOCK_BRONZE
AVG,LATEST,ratio,order,4.0,ACTUAL,VNSTOCK_BRONZE
AVG,LATEST,ratio,level,2.0,ACTUAL,VNSTOCK_BRONZE
AVG,LATEST,ratio,value,0.2610782476,ACTUAL,VNSTOCK_BRONZE
AVG,LATEST,ratio,order,5.0,ACTUAL,VNSTOCK_BRONZE
AVG,LATEST,ratio,level,2.0,ACTUAL,VNSTOCK_BRONZE
AVG,LATEST,ratio,value,-79.1567347608,ACTUAL,VNSTOCK_BRONZE
AVG,LATEST,ratio,order,6.0,ACTUAL,VNSTOCK_BRONZE
AVG,LATEST,ratio,level,2.0,ACTUAL,VNSTOCK_BRONZE
AVG,LATEST,ratio,value,8.7420377657,ACTUAL,VNSTOCK_BRONZE
AVG,LATEST,ratio,order,7.0,ACTUAL,VNSTOCK_BRONZE
AVG,LATEST,ratio,level,2.0,ACTUAL,VNSTOCK_BRONZE
AVG,LATEST,ratio,value,0.0,ACTUAL,VNSTOCK_BRONZE
AVG,LATEST,ratio,order,8.0,ACTUAL,VNSTOCK_BRONZE
AVG,LATEST,ratio,level,2.0,ACTUAL,VNSTOCK_BRONZE
AVG,LATEST,ratio,value,175739021080.0,ACTUAL,VNSTOCK_BRONZE
AVG,LATEST,ratio,order,9.0,ACTUAL,VNSTOCK_BRONZE
AVG,LATEST,ratio,level,2.0,ACTUAL,VNSTOCK_BRONZE
AVG,LATEST,ratio,order,10.0,ACTUAL,VNSTOCK_BRONZE
AVG,LATEST,ratio,level,2.0,ACTUAL,VNSTOCK_BRONZE
AVG,LATEST,ratio,order,11.0,ACTUAL,VNSTOCK_BRONZE
AVG,LATEST,ratio,level,2.0,ACTUAL,VNSTOCK_BRONZE
AVG,LATEST,ratio,order,12.0,ACTUAL,VNSTOCK_BRONZE
AVG,LATEST,ratio,level,2.0,ACTUAL,VNSTOCK_BRONZE
AVG,LATEST,ratio,value,25766080478.0,ACTUAL,VNSTOCK_BRONZE
AVG,LATEST,ratio,order,13.0,ACTUAL,VNSTOCK_BRONZE
AVG,LATEST,ratio,level,2.0,ACTUAL,VNSTOCK_BRONZE
AVG,LATEST,ratio,value,33866625932.0,ACTUAL,VNSTOCK_BRONZE
AVG,LATEST,ratio,order,14.0,ACTUAL,VNSTOCK_BRONZE
AVG,LATEST,ratio,level,2.0,ACTUAL,VNSTOCK_BRONZE
AVG,LATEST,ratio,value,0.0469952821,ACTUAL,VNSTOCK_BRONZE
AVG,LATEST,ratio,order,15.0,ACTUAL,VNSTOCK_BRONZE
AVG,LATEST,ratio,level,2.0,ACTUAL,VNSTOCK_BRONZE
AVG,LATEST,ratio,value,17679982.0,ACTUAL,VNSTOCK_BRONZE
AVG,LATEST,ratio,order,16.0,ACTUAL,VNSTOCK_BRONZE
AVG,LATEST,ratio,level,1.0,ACTUAL,VNSTOCK_BRONZE
AVG,LATEST,ratio,order,17.0,ACTUAL,VNSTOCK_BRONZE
AVG,LATEST,ratio,level,2.0,ACTUAL,VNSTOCK_BRONZE
AVG,LATEST,ratio,value,0.0696309433,ACTUAL,VNSTOCK_BRONZE
AVG,LATEST,ratio,order,18.0,ACTUAL,VNSTOCK_BRONZE
AVG,LATEST,ratio,level,2.0,ACTUAL,VNSTOCK_BRONZE
AVG,LATEST,ratio,value,0.0369512013,ACTUAL,VNSTOCK_BRONZE
AVG,LATEST,ratio,order,19.0,ACTUAL,VNSTOCK_BRONZE
AVG,LATEST,ratio,level,2.0,ACTUAL,VNSTOCK_BRONZE
AVG,LATEST,ratio,value,0.0599637638,ACTUAL,VNSTOCK_BRONZE
AVG,LATEST,ratio,order,20.0,ACTUAL,VNSTOCK_BRONZE
AVG,LATEST,ratio,level,2.0,ACTUAL,VNSTOCK_BRONZE
AVG,LATEST,ratio,value,0.0519542439,ACTUAL,VNSTOCK_BRONZE
AVG,LATEST,ratio,order,21.0,ACTUAL,VNSTOCK_BRONZE
AVG,LATEST,ratio,level,2.0,ACTUAL,VNSTOCK_BRONZE
AVG,LATEST,ratio,value,0.0382781416,ACTUAL,VNSTOCK_BRONZE
AVG,LATEST,ratio,order,22.0,ACTUAL,VNSTOCK_BRONZE
AVG,LATEST,ratio,level,2.0,ACTUAL,VNSTOCK_BRONZE
AVG,LATEST,ratio,value,0.025407948,ACTUAL,VNSTOCK_BRONZE
AVG,LATEST,ratio,order,23.0,ACTUAL,VNSTOCK_BRONZE
AVG,LATEST,ratio,level,2.0,ACTUAL,VNSTOCK_BRONZE
AVG,LATEST,ratio,value,0.0241108074,ACTUAL,VNSTOCK_BRONZE
AVG,LATEST,ratio,order,24.0,ACTUAL,VNSTOCK_BRONZE
AVG,LATEST,ratio,level,2.0,ACTUAL,VNSTOCK_BRONZE
AVG,LATEST,ratio,value,1.5414735037,ACTUAL,VNSTOCK_BRONZE
AVG,LATEST,ratio,order,25.0,ACTUAL,VNSTOCK_BRONZE
AVG,LATEST,ratio,level,2.0,ACTUAL,VNSTOCK_BRONZE
AVG,LATEST,ratio,value,7.3002073794,ACTUAL,VNSTOCK_BRONZE
AVG,LATEST,ratio,order,26.0,ACTUAL,VNSTOCK_BRONZE
AVG,LATEST,ratio,level,2.0,ACTUAL,VNSTOCK_BRONZE
AVG,LATEST,ratio,value,73.6180687864,ACTUAL,VNSTOCK_BRONZE
AVG,LATEST,ratio,order,27.0,ACTUAL,VNSTOCK_BRONZE
AVG,LATEST,ratio,level,2.0,ACTUAL,VNSTOCK_BRONZE
AVG,LATEST,ratio,value,31.5495899741,ACTUAL,VNSTOCK_BRONZE
AVG,LATEST,ratio,order,28.0,ACTUAL,VNSTOCK_BRONZE
AVG,LATEST,ratio,level,2.0,ACTUAL,VNSTOCK_BRONZE
AVG,LATEST,ratio,value,16.3959715006,ACTUAL,VNSTOCK_BRONZE
AVG,LATEST,ratio,order,29.0,ACTUAL,VNSTOCK_BRONZE
AVG,LATEST,ratio,level,2.0,ACTUAL,VNSTOCK_BRONZE
AVG,LATEST,ratio,value,122.0599314073,ACTUAL,VNSTOCK_BRONZE
AVG,LATEST,ratio,order,30.0,ACTUAL,VNSTOCK_BRONZE
AVG,LATEST,ratio,level,1.0,ACTUAL,VNSTOCK_BRONZE
AVG,LATEST,ratio,order,31.0,ACTUAL,VNSTOCK_BRONZE
AVG,LATEST,ratio,level,2.0,ACTUAL,VNSTOCK_BRONZE
AVG,LATEST,ratio,value,1.1374002231,ACTUAL,VNSTOCK_BRONZE
AVG,LATEST,ratio,order,32.0,ACTUAL,VNSTOCK_BRONZE
AVG,LATEST,ratio,level,2.0,ACTUAL,VNSTOCK_BRONZE
AVG,LATEST,ratio,value,0.8687836601,ACTUAL,VNSTOCK_BRONZE
AVG,LATEST,ratio,order,33.0,ACTUAL,VNSTOCK_BRONZE
AVG,LATEST,ratio,level,2.0,ACTUAL,VNSTOCK_BRONZE
AVG,LATEST,ratio,value,0.1489704925,ACTUAL,VNSTOCK_BRONZE
AVG,LATEST,ratio,order,34.0,ACTUAL,VNSTOCK_BRONZE
AVG,LATEST,ratio,level,2.0,ACTUAL,VNSTOCK_BRONZE
AVG,LATEST,ratio,order,35.0,ACTUAL,VNSTOCK_BRONZE
AVG,LATEST,ratio,level,2.0,ACTUAL,VNSTOCK_BRONZE
AVG,LATEST,ratio,order,36.0,ACTUAL,VNSTOCK_BRONZE
AVG,LATEST,ratio,level,2.0,ACTUAL,VNSTOCK_BRONZE
AVG,LATEST,ratio,order,37.0,ACTUAL,VNSTOCK_BRONZE
AVG,LATEST,ratio,level,2.0,ACTUAL,VNSTOCK_BRONZE
AVG,LATEST,ratio,order,38.0,ACTUAL,VNSTOCK_BRONZE
AVG,LATEST,ratio,level,1.0,ACTUAL,VNSTOCK_BRONZE
AVG,LATEST,ratio,order,39.0,ACTUAL,VNSTOCK_BRONZE
AVG,LATEST,ratio,level,2.0,ACTUAL,VNSTOCK_BRONZE
AVG,LATEST,ratio,value,0.9310579513,ACTUAL,VNSTOCK_BRONZE
AVG,LATEST,ratio,order,40.0,ACTUAL,VNSTOCK_BRONZE
AVG,LATEST,ratio,level,2.0,ACTUAL,VNSTOCK_BRONZE
AVG,LATEST,ratio,value,0.7671508515,ACTUAL,VNSTOCK_BRONZE
AVG,LATEST,ratio,order,41.0,ACTUAL,VNSTOCK_BRONZE
AVG,LATEST,ratio,level,2.0,ACTUAL,VNSTOCK_BRONZE
AVG,LATEST,ratio,order,42.0,ACTUAL,VNSTOCK_BRONZE
AVG,LATEST,ratio,level,2.0,ACTUAL,VNSTOCK_BRONZE
AVG,LATEST,ratio,value,0.9310579513,ACTUAL,VNSTOCK_BRONZE
AVG,LATEST,ratio,order,43.0,ACTUAL,VNSTOCK_BRONZE
AVG,LATEST,ratio,level,2.0,ACTUAL,VNSTOCK_BRONZE
AVG,LATEST,ratio,value,0.0,ACTUAL,VNSTOCK_BRONZE
AVG,LATEST,ratio,order,44.0,ACTUAL,VNSTOCK_BRONZE
AVG,LATEST,ratio,level,2.0,ACTUAL,VNSTOCK_BRONZE
AVG,LATEST,ratio,value,0.0,ACTUAL,VNSTOCK_BRONZE
AVG,LATEST,ratio,order,45.0,ACTUAL,VNSTOCK_BRONZE
AVG,LATEST,ratio,level,1.0,ACTUAL,VNSTOCK_BRONZE
AVG,LATEST,ratio,order,46.0,ACTUAL,VNSTOCK_BRONZE
AVG,LATEST,ratio,level,2.0,ACTUAL,VNSTOCK_BRONZE
AVG,LATEST,ratio,value,0.0,ACTUAL,VNSTOCK_BRONZE
AVG,LATEST,ratio,order,47.0,ACTUAL,VNSTOCK_BRONZE
AVG,LATEST,ratio,level,2.0,ACTUAL,VNSTOCK_BRONZE
AVG,LATEST,ratio,value,0.0,ACTUAL,VNSTOCK_BRONZE
AVG,LATEST,ratio,order,48.0,ACTUAL,VNSTOCK_BRONZE
AVG,LATEST,ratio,level,2.0,ACTUAL,VNSTOCK_BRONZE
AVG,LATEST,ratio,value,0.0,ACTUAL,VNSTOCK_BRONZE
AVG,LATEST,ratio,order,49.0,ACTUAL,VNSTOCK_BRONZE
AVG,LATEST,ratio,level,2.0,ACTUAL,VNSTOCK_BRONZE
AVG,LATEST,ratio,value,0.0,ACTUAL,VNSTOCK_BRONZE
AVG,LATEST,ratio,order,50.0,ACTUAL,VNSTOCK_BRONZE
AVG,LATEST,ratio,level,2.0,ACTUAL,VNSTOCK_BRONZE
AVG,LATEST,ratio,value,0.0,ACTUAL,VNSTOCK_BRONZE
AVG,LATEST,ratio,order,51.0,ACTUAL,VNSTOCK_BRONZE
AVG,LATEST,ratio,level,2.0,ACTUAL,VNSTOCK_BRONZE
AVG,LATEST,ratio,value,0.0,ACTUAL,VNSTOCK_BRONZE
AVG,LATEST,ratio,order,52.0,ACTUAL,VNSTOCK_BRONZE
AVG,LATEST,ratio,level,2.0,ACTUAL,VNSTOCK_BRONZE
AVG,LATEST,ratio,value,0.0,ACTUAL,VNSTOCK_BRONZE
AVG,LATEST,ratio,order,53.0,ACTUAL,VNSTOCK_BRONZE
AVG,LATEST,ratio,level,2.0,ACTUAL,VNSTOCK_BRONZE
AVG,LATEST,ratio,value,0.0,ACTUAL,VNSTOCK_BRONZE
AVG,LATEST,ratio,order,54.0,ACTUAL,VNSTOCK_BRONZE
AVG,LATEST,ratio,level,2.0,ACTUAL,VNSTOCK_BRONZE
AVG,LATEST,ratio,value,0.0,ACTUAL,VNSTOCK_BRONZE
AVG,LATEST,ratio,order,55.0,ACTUAL,VNSTOCK_BRONZE
AVG,LATEST,ratio,level,2.0,ACTUAL,VNSTOCK_BRONZE
AVG,LATEST,ratio,value,0.0,ACTUAL,VNSTOCK_BRONZE
AVG,LATEST,ratio,order,56.0,ACTUAL,VNSTOCK_BRONZE
AVG,LATEST,ratio,level,2.0,ACTUAL,VNSTOCK_BRONZE
AVG,LATEST,ratio,value,0.0,ACTUAL,VNSTOCK_BRONZE
AVG,LATEST,ratio,order,57.0,ACTUAL,VNSTOCK_BRONZE
AVG,LATEST,ratio,level,2.0,ACTUAL,VNSTOCK_BRONZE
AVG,LATEST,ratio,order,58.0,ACTUAL,VNSTOCK_BRONZE
AVG,LATEST,ratio,level,2.0,ACTUAL,VNSTOCK_BRONZE
AVG,LATEST,ratio,order,59.0,ACTUAL,VNSTOCK_BRONZE
AVG,LATEST,ratio,level,2.0,ACTUAL,VNSTOCK_BRONZE
AVG,LATEST,ratio,value,0.0,ACTUAL,VNSTOCK_BRONZE
AVG,LATEST,ratio,order,60.0,ACTUAL,VNSTOCK_BRONZE
AVG,LATEST,ratio,level,2.0,ACTUAL,VNSTOCK_BRONZE
AVG,LATEST,ratio,value,0.0,ACTUAL,VNSTOCK_BRONZE
AVG,LATEST,ratio,order,1.0,ACTUAL,VNSTOCK_BRONZE
AVG,LATEST,ratio,level,1.0,ACTUAL,VNSTOCK_BRONZE
AVG,LATEST,ratio,order,2.0,ACTUAL,VNSTOCK_BRONZE
AVG,LATEST,ratio,level,2.0,ACTUAL,VNSTOCK_BRONZE
AVG,LATEST,ratio,value,12.2004826951,ACTUAL,VNSTOCK_BRONZE
AVG,LATEST,ratio,order,3.0,ACTUAL,VNSTOCK_BRONZE
AVG,LATEST,ratio,level,2.0,ACTUAL,VNSTOCK_BRONZE
AVG,LATEST,ratio,value,0.7606803272,ACTUAL,VNSTOCK_BRONZE
AVG,LATEST,ratio,order,4.0,ACTUAL,VNSTOCK_BRONZE
AVG,LATEST,ratio,level,2.0,ACTUAL,VNSTOCK_BRONZE
AVG,LATEST,ratio,value,0.2483314446,ACTUAL,VNSTOCK_BRONZE
AVG,LATEST,ratio,order,5.0,ACTUAL,VNSTOCK_BRONZE
AVG,LATEST,ratio,level,2.0,ACTUAL,VNSTOCK_BRONZE
AVG,LATEST,ratio,value,21.1003191016,ACTUAL,VNSTOCK_BRONZE
AVG,LATEST,ratio,order,6.0,ACTUAL,VNSTOCK_BRONZE
AVG,LATEST,ratio,level,2.0,ACTUAL,VNSTOCK_BRONZE
AVG,LATEST,ratio,value,7.9412407528,ACTUAL,VNSTOCK_BRONZE
AVG,LATEST,ratio,order,7.0,ACTUAL,VNSTOCK_BRONZE
AVG,LATEST,ratio,level,2.0,ACTUAL,VNSTOCK_BRONZE
AVG,LATEST,ratio,value,0.0,ACTUAL,VNSTOCK_BRONZE
AVG,LATEST,ratio,order,8.0,ACTUAL,VNSTOCK_BRONZE
AVG,LATEST,ratio,level,2.0,ACTUAL,VNSTOCK_BRONZE
AVG,LATEST,ratio,value,177613099172.0,ACTUAL,VNSTOCK_BRONZE
AVG,LATEST,ratio,order,9.0,ACTUAL,VNSTOCK_BRONZE
AVG,LATEST,ratio,level,2.0,ACTUAL,VNSTOCK_BRONZE
AVG,LATEST,ratio,order,10.0,ACTUAL,VNSTOCK_BRONZE
AVG,LATEST,ratio,level,2.0,ACTUAL,VNSTOCK_BRONZE
AVG,LATEST,ratio,order,11.0,ACTUAL,VNSTOCK_BRONZE
AVG,LATEST,ratio,level,2.0,ACTUAL,VNSTOCK_BRONZE
AVG,LATEST,ratio,order,12.0,ACTUAL,VNSTOCK_BRONZE
AVG,LATEST,ratio,level,2.0,ACTUAL,VNSTOCK_BRONZE
AVG,LATEST,ratio,value,24707949192.0,ACTUAL,VNSTOCK_BRONZE
AVG,LATEST,ratio,order,13.0,ACTUAL,VNSTOCK_BRONZE
AVG,LATEST,ratio,level,2.0,ACTUAL,VNSTOCK_BRONZE
AVG,LATEST,ratio,value,37517739389.0,ACTUAL,VNSTOCK_BRONZE
AVG,LATEST,ratio,order,14.0,ACTUAL,VNSTOCK_BRONZE
AVG,LATEST,ratio,level,2.0,ACTUAL,VNSTOCK_BRONZE
AVG,LATEST,ratio,value,0.0203804586,ACTUAL,VNSTOCK_BRONZE
AVG,LATEST,ratio,order,15.0,ACTUAL,VNSTOCK_BRONZE
AVG,LATEST,ratio,level,2.0,ACTUAL,VNSTOCK_BRONZE
AVG,LATEST,ratio,value,17679982.0,ACTUAL,VNSTOCK_BRONZE
AVG,LATEST,ratio,order,16.0,ACTUAL,VNSTOCK_BRONZE
AVG,LATEST,ratio,level,1.0,ACTUAL,VNSTOCK_BRONZE
AVG,LATEST,ratio,order,17.0,ACTUAL,VNSTOCK_BRONZE
AVG,LATEST,ratio,level,2.0,ACTUAL,VNSTOCK_BRONZE
AVG,LATEST,ratio,value,0.0634120073,ACTUAL,VNSTOCK_BRONZE
AVG,LATEST,ratio,order,18.0,ACTUAL,VNSTOCK_BRONZE
AVG,LATEST,ratio,level,2.0,ACTUAL,VNSTOCK_BRONZE
AVG,LATEST,ratio,value,0.0360109922,ACTUAL,VNSTOCK_BRONZE
AVG,LATEST,ratio,order,19.0,ACTUAL,VNSTOCK_BRONZE
AVG,LATEST,ratio,level,2.0,ACTUAL,VNSTOCK_BRONZE
AVG,LATEST,ratio,value,0.0654769785,ACTUAL,VNSTOCK_BRONZE
AVG,LATEST,ratio,order,20.0,ACTUAL,VNSTOCK_BRONZE
AVG,LATEST,ratio,level,2.0,ACTUAL,VNSTOCK_BRONZE
AVG,LATEST,ratio,value,0.047323263,ACTUAL,VNSTOCK_BRONZE
AVG,LATEST,ratio,order,21.0,ACTUAL,VNSTOCK_BRONZE
AVG,LATEST,ratio,level,2.0,ACTUAL,VNSTOCK_BRONZE
AVG,LATEST,ratio,value,0.0345456543,ACTUAL,VNSTOCK_BRONZE
AVG,LATEST,ratio,order,22.0,ACTUAL,VNSTOCK_BRONZE
AVG,LATEST,ratio,level,2.0,ACTUAL,VNSTOCK_BRONZE
AVG,LATEST,ratio,value,0.0216543424,ACTUAL,VNSTOCK_BRONZE
AVG,LATEST,ratio,order,23.0,ACTUAL,VNSTOCK_BRONZE
AVG,LATEST,ratio,level,2.0,ACTUAL,VNSTOCK_BRONZE
AVG,LATEST,ratio,value,0.0204421256,ACTUAL,VNSTOCK_BRONZE
AVG,LATEST,ratio,order,24.0,ACTUAL,VNSTOCK_BRONZE
AVG,LATEST,ratio,level,2.0,ACTUAL,VNSTOCK_BRONZE
AVG,LATEST,ratio,value,1.7692140757,ACTUAL,VNSTOCK_BRONZE
AVG,LATEST,ratio,order,25.0,ACTUAL,VNSTOCK_BRONZE
AVG,LATEST,ratio,level,2.0,ACTUAL,VNSTOCK_BRONZE
AVG,LATEST,ratio,value,7.8910667719,ACTUAL,VNSTOCK_BRONZE
AVG,LATEST,ratio,order,26.0,ACTUAL,VNSTOCK_BRONZE
AVG,LATEST,ratio,level,2.0,ACTUAL,VNSTOCK_BRONZE
AVG,LATEST,ratio,value,65.3519388215,ACTUAL,VNSTOCK_BRONZE
AVG,LATEST,ratio,order,27.0,ACTUAL,VNSTOCK_BRONZE
AVG,LATEST,ratio,level,2.0,ACTUAL,VNSTOCK_BRONZE
AVG,LATEST,ratio,value,18.0453565347,ACTUAL,VNSTOCK_BRONZE
AVG,LATEST,ratio,order,28.0,ACTUAL,VNSTOCK_BRONZE
AVG,LATEST,ratio,level,2.0,ACTUAL,VNSTOCK_BRONZE
AVG,LATEST,ratio,value,13.0036309687,ACTUAL,VNSTOCK_BRONZE
AVG,LATEST,ratio,order,29.0,ACTUAL,VNSTOCK_BRONZE
AVG,LATEST,ratio,level,2.0,ACTUAL,VNSTOCK_BRONZE
AVG,LATEST,ratio,value,100.4446948362,ACTUAL,VNSTOCK_BRONZE
AVG,LATEST,ratio,order,30.0,ACTUAL,VNSTOCK_BRONZE
AVG,LATEST,ratio,level,1.0,ACTUAL,VNSTOCK_BRONZE
AVG,LATEST,ratio,order,31.0,ACTUAL,VNSTOCK_BRONZE
AVG,LATEST,ratio,level,2.0,ACTUAL,VNSTOCK_BRONZE
AVG,LATEST,ratio,value,1.3740745058,ACTUAL,VNSTOCK_BRONZE
AVG,LATEST,ratio,order,32.0,ACTUAL,VNSTOCK_BRONZE
AVG,LATEST,ratio,level,2.0,ACTUAL,VNSTOCK_BRONZE
AVG,LATEST,ratio,value,1.222106536,ACTUAL,VNSTOCK_BRONZE
AVG,LATEST,ratio,order,33.0,ACTUAL,VNSTOCK_BRONZE
AVG,LATEST,ratio,level,2.0,ACTUAL,VNSTOCK_BRONZE
AVG,LATEST,ratio,value,0.4387991351,ACTUAL,VNSTOCK_BRONZE
AVG,LATEST,ratio,order,34.0,ACTUAL,VNSTOCK_BRONZE
AVG,LATEST,ratio,level,2.0,ACTUAL,VNSTOCK_BRONZE
AVG,LATEST,ratio,order,35.0,ACTUAL,VNSTOCK_BRONZE
AVG,LATEST,ratio,level,2.0,ACTUAL,VNSTOCK_BRONZE
AVG,LATEST,ratio,order,36.0,ACTUAL,VNSTOCK_BRONZE
AVG,LATEST,ratio,level,2.0,ACTUAL,VNSTOCK_BRONZE
AVG,LATEST,ratio,order,37.0,ACTUAL,VNSTOCK_BRONZE
AVG,LATEST,ratio,level,2.0,ACTUAL,VNSTOCK_BRONZE
AVG,LATEST,ratio,order,38.0,ACTUAL,VNSTOCK_BRONZE
AVG,LATEST,ratio,level,1.0,ACTUAL,VNSTOCK_BRONZE
AVG,LATEST,ratio,order,39.0,ACTUAL,VNSTOCK_BRONZE
AVG,LATEST,ratio,level,2.0,ACTUAL,VNSTOCK_BRONZE
AVG,LATEST,ratio,value,0.6610311114,ACTUAL,VNSTOCK_BRONZE
AVG,LATEST,ratio,order,40.0,ACTUAL,VNSTOCK_BRONZE
AVG,LATEST,ratio,level,2.0,ACTUAL,VNSTOCK_BRONZE
AVG,LATEST,ratio,value,0.5936437784,ACTUAL,VNSTOCK_BRONZE
AVG,LATEST,ratio,order,41.0,ACTUAL,VNSTOCK_BRONZE
AVG,LATEST,ratio,level,2.0,ACTUAL,VNSTOCK_BRONZE
AVG,LATEST,ratio,order,42.0,ACTUAL,VNSTOCK_BRONZE
AVG,LATEST,ratio,level,2.0,ACTUAL,VNSTOCK_BRONZE
AVG,LATEST,ratio,value,0.6610311114,ACTUAL,VNSTOCK_BRONZE
AVG,LATEST,ratio,order,43.0,ACTUAL,VNSTOCK_BRONZE
AVG,LATEST,ratio,level,2.0,ACTUAL,VNSTOCK_BRONZE
AVG,LATEST,ratio,value,0.0,ACTUAL,VNSTOCK_BRONZE
AVG,LATEST,ratio,order,44.0,ACTUAL,VNSTOCK_BRONZE
AVG,LATEST,ratio,level,2.0,ACTUAL,VNSTOCK_BRONZE
AVG,LATEST,ratio,value,0.0,ACTUAL,VNSTOCK_BRONZE
AVG,LATEST,ratio,order,45.0,ACTUAL,VNSTOCK_BRONZE
AVG,LATEST,ratio,level,1.0,ACTUAL,VNSTOCK_BRONZE
AVG,LATEST,ratio,order,46.0,ACTUAL,VNSTOCK_BRONZE
AVG,LATEST,ratio,level,2.0,ACTUAL,VNSTOCK_BRONZE
AVG,LATEST,ratio,value,0.0,ACTUAL,VNSTOCK_BRONZE
AVG,LATEST,ratio,order,47.0,ACTUAL,VNSTOCK_BRONZE
AVG,LATEST,ratio,level,2.0,ACTUAL,VNSTOCK_BRONZE
AVG,LATEST,ratio,value,0.0,ACTUAL,VNSTOCK_BRONZE
AVG,LATEST,ratio,order,48.0,ACTUAL,VNSTOCK_BRONZE
AVG,LATEST,ratio,level,2.0,ACTUAL,VNSTOCK_BRONZE
AVG,LATEST,ratio,value,0.0,ACTUAL,VNSTOCK_BRONZE
AVG,LATEST,ratio,order,49.0,ACTUAL,VNSTOCK_BRONZE
AVG,LATEST,ratio,level,2.0,ACTUAL,VNSTOCK_BRONZE
AVG,LATEST,ratio,value,0.0,ACTUAL,VNSTOCK_BRONZE
AVG,LATEST,ratio,order,50.0,ACTUAL,VNSTOCK_BRONZE
AVG,LATEST,ratio,level,2.0,ACTUAL,VNSTOCK_BRONZE
AVG,LATEST,ratio,value,0.0,ACTUAL,VNSTOCK_BRONZE
AVG,LATEST,ratio,order,51.0,ACTUAL,VNSTOCK_BRONZE
AVG,LATEST,ratio,level,2.0,ACTUAL,VNSTOCK_BRONZE
AVG,LATEST,ratio,value,0.0,ACTUAL,VNSTOCK_BRONZE
AVG,LATEST,ratio,order,52.0,ACTUAL,VNSTOCK_BRONZE
AVG,LATEST,ratio,level,2.0,ACTUAL,VNSTOCK_BRONZE
AVG,LATEST,ratio,value,0.0,ACTUAL,VNSTOCK_BRONZE
AVG,LATEST,ratio,order,53.0,ACTUAL,VNSTOCK_BRONZE
AVG,LATEST,ratio,level,2.0,ACTUAL,VNSTOCK_BRONZE
AVG,LATEST,ratio,value,0.0,ACTUAL,VNSTOCK_BRONZE
AVG,LATEST,ratio,order,54.0,ACTUAL,VNSTOCK_BRONZE
AVG,LATEST,ratio,level,2.0,ACTUAL,VNSTOCK_BRONZE
AVG,LATEST,ratio,value,0.0,ACTUAL,VNSTOCK_BRONZE
AVG,LATEST,ratio,order,55.0,ACTUAL,VNSTOCK_BRONZE
AVG,LATEST,ratio,level,2.0,ACTUAL,VNSTOCK_BRONZE
AVG,LATEST,ratio,value,0.0,ACTUAL,VNSTOCK_BRONZE
AVG,LATEST,ratio,order,56.0,ACTUAL,VNSTOCK_BRONZE
AVG,LATEST,ratio,level,2.0,ACTUAL,VNSTOCK_BRONZE
AVG,LATEST,ratio,value,0.0,ACTUAL,VNSTOCK_BRONZE
AVG,LATEST,ratio,order,57.0,ACTUAL,VNSTOCK_BRONZE
AVG,LATEST,ratio,level,2.0,ACTUAL,VNSTOCK_BRONZE
AVG,LATEST,ratio,order,58.0,ACTUAL,VNSTOCK_BRONZE
AVG,LATEST,ratio,level,2.0,ACTUAL,VNSTOCK_BRONZE
AVG,LATEST,ratio,order,59.0,ACTUAL,VNSTOCK_BRONZE
AVG,LATEST,ratio,level,2.0,ACTUAL,VNSTOCK_BRONZE
AVG,LATEST,ratio,value,0.0,ACTUAL,VNSTOCK_BRONZE
AVG,LATEST,ratio,order,60.0,ACTUAL,VNSTOCK_BRONZE
AVG,LATEST,ratio,level,2.0,ACTUAL,VNSTOCK_BRONZE
AVG,LATEST,ratio,value,0.0,ACTUAL,VNSTOCK_BRONZE
AVG,LATEST,ratio,order,1.0,ACTUAL,VNSTOCK_BRONZE
AVG,LATEST,ratio,level,1.0,ACTUAL,VNSTOCK_BRONZE
AVG,LATEST,ratio,order,2.0,ACTUAL,VNSTOCK_BRONZE
AVG,LATEST,ratio,level,2.0,ACTUAL,VNSTOCK_BRONZE
AVG,LATEST,ratio,value,16.0898740358,ACTUAL,VNSTOCK_BRONZE
AVG,LATEST,ratio,order,3.0,ACTUAL,VNSTOCK_BRONZE
AVG,LATEST,ratio,level,2.0,ACTUAL,VNSTOCK_BRONZE
AVG,LATEST,ratio,value,1.1225027056,ACTUAL,VNSTOCK_BRONZE
AVG,LATEST,ratio,order,4.0,ACTUAL,VNSTOCK_BRONZE
AVG,LATEST,ratio,level,2.0,ACTUAL,VNSTOCK_BRONZE
AVG,LATEST,ratio,value,0.343909611,ACTUAL,VNSTOCK_BRONZE
AVG,LATEST,ratio,order,5.0,ACTUAL,VNSTOCK_BRONZE
AVG,LATEST,ratio,level,2.0,ACTUAL,VNSTOCK_BRONZE
AVG,LATEST,ratio,value,100.2840008812,ACTUAL,VNSTOCK_BRONZE
AVG,LATEST,ratio,order,6.0,ACTUAL,VNSTOCK_BRONZE
AVG,LATEST,ratio,level,2.0,ACTUAL,VNSTOCK_BRONZE
AVG,LATEST,ratio,value,11.0020980641,ACTUAL,VNSTOCK_BRONZE
AVG,LATEST,ratio,order,7.0,ACTUAL,VNSTOCK_BRONZE
AVG,LATEST,ratio,level,2.0,ACTUAL,VNSTOCK_BRONZE
AVG,LATEST,ratio,value,0.0,ACTUAL,VNSTOCK_BRONZE
AVG,LATEST,ratio,order,8.0,ACTUAL,VNSTOCK_BRONZE
AVG,LATEST,ratio,level,2.0,ACTUAL,VNSTOCK_BRONZE
AVG,LATEST,ratio,value,259878055418.0,ACTUAL,VNSTOCK_BRONZE
AVG,LATEST,ratio,order,9.0,ACTUAL,VNSTOCK_BRONZE
AVG,LATEST,ratio,level,2.0,ACTUAL,VNSTOCK_BRONZE
AVG,LATEST,ratio,order,10.0,ACTUAL,VNSTOCK_BRONZE
AVG,LATEST,ratio,level,2.0,ACTUAL,VNSTOCK_BRONZE
AVG,LATEST,ratio,order,11.0,ACTUAL,VNSTOCK_BRONZE
AVG,LATEST,ratio,level,2.0,ACTUAL,VNSTOCK_BRONZE
AVG,LATEST,ratio,order,12.0,ACTUAL,VNSTOCK_BRONZE
AVG,LATEST,ratio,level,2.0,ACTUAL,VNSTOCK_BRONZE
AVG,LATEST,ratio,value,26878516359.0,ACTUAL,VNSTOCK_BRONZE
AVG,LATEST,ratio,order,13.0,ACTUAL,VNSTOCK_BRONZE
AVG,LATEST,ratio,level,2.0,ACTUAL,VNSTOCK_BRONZE
AVG,LATEST,ratio,value,35346980874.0,ACTUAL,VNSTOCK_BRONZE
AVG,LATEST,ratio,order,14.0,ACTUAL,VNSTOCK_BRONZE
AVG,LATEST,ratio,level,2.0,ACTUAL,VNSTOCK_BRONZE
AVG,LATEST,ratio,value,0.0136495427,ACTUAL,VNSTOCK_BRONZE
AVG,LATEST,ratio,order,15.0,ACTUAL,VNSTOCK_BRONZE
AVG,LATEST,ratio,level,2.0,ACTUAL,VNSTOCK_BRONZE
AVG,LATEST,ratio,value,17679982.0,ACTUAL,VNSTOCK_BRONZE
AVG,LATEST,ratio,order,16.0,ACTUAL,VNSTOCK_BRONZE
AVG,LATEST,ratio,level,1.0,ACTUAL,VNSTOCK_BRONZE
AVG,LATEST,ratio,order,17.0,ACTUAL,VNSTOCK_BRONZE
AVG,LATEST,ratio,level,2.0,ACTUAL,VNSTOCK_BRONZE
AVG,LATEST,ratio,value,0.0714871961,ACTUAL,VNSTOCK_BRONZE
AVG,LATEST,ratio,order,18.0,ACTUAL,VNSTOCK_BRONZE
AVG,LATEST,ratio,level,2.0,ACTUAL,VNSTOCK_BRONZE
AVG,LATEST,ratio,value,0.0396473584,ACTUAL,VNSTOCK_BRONZE
AVG,LATEST,ratio,order,19.0,ACTUAL,VNSTOCK_BRONZE
AVG,LATEST,ratio,level,2.0,ACTUAL,VNSTOCK_BRONZE
AVG,LATEST,ratio,value,0.0728603663,ACTUAL,VNSTOCK_BRONZE
AVG,LATEST,ratio,order,20.0,ACTUAL,VNSTOCK_BRONZE
AVG,LATEST,ratio,level,2.0,ACTUAL,VNSTOCK_BRONZE
AVG,LATEST,ratio,value,0.0466136387,ACTUAL,VNSTOCK_BRONZE
AVG,LATEST,ratio,order,21.0,ACTUAL,VNSTOCK_BRONZE
AVG,LATEST,ratio,level,2.0,ACTUAL,VNSTOCK_BRONZE
AVG,LATEST,ratio,value,0.0355696832,ACTUAL,VNSTOCK_BRONZE
AVG,LATEST,ratio,order,22.0,ACTUAL,VNSTOCK_BRONZE
AVG,LATEST,ratio,level,2.0,ACTUAL,VNSTOCK_BRONZE
AVG,LATEST,ratio,value,0.0227313657,ACTUAL,VNSTOCK_BRONZE
AVG,LATEST,ratio,order,23.0,ACTUAL,VNSTOCK_BRONZE
AVG,LATEST,ratio,level,2.0,ACTUAL,VNSTOCK_BRONZE
AVG,LATEST,ratio,value,0.021484172,ACTUAL,VNSTOCK_BRONZE
AVG,LATEST,ratio,order,24.0,ACTUAL,VNSTOCK_BRONZE
AVG,LATEST,ratio,level,2.0,ACTUAL,VNSTOCK_BRONZE
AVG,LATEST,ratio,value,1.8549089131,ACTUAL,VNSTOCK_BRONZE
AVG,LATEST,ratio,order,25.0,ACTUAL,VNSTOCK_BRONZE
AVG,LATEST,ratio,level,2.0,ACTUAL,VNSTOCK_BRONZE
AVG,LATEST,ratio,value,8.3144606317,ACTUAL,VNSTOCK_BRONZE
AVG,LATEST,ratio,order,26.0,ACTUAL,VNSTOCK_BRONZE
AVG,LATEST,ratio,level,2.0,ACTUAL,VNSTOCK_BRONZE
AVG,LATEST,ratio,value,62.2996226535,ACTUAL,VNSTOCK_BRONZE
AVG,LATEST,ratio,order,27.0,ACTUAL,VNSTOCK_BRONZE
AVG,LATEST,ratio,level,2.0,ACTUAL,VNSTOCK_BRONZE
AVG,LATEST,ratio,value,23.5689119663,ACTUAL,VNSTOCK_BRONZE
AVG,LATEST,ratio,order,28.0,ACTUAL,VNSTOCK_BRONZE
AVG,LATEST,ratio,level,2.0,ACTUAL,VNSTOCK_BRONZE
AVG,LATEST,ratio,value,14.2265732882,ACTUAL,VNSTOCK_BRONZE
AVG,LATEST,ratio,order,29.0,ACTUAL,VNSTOCK_BRONZE
AVG,LATEST,ratio,level,2.0,ACTUAL,VNSTOCK_BRONZE
AVG,LATEST,ratio,value,104.6549418992,ACTUAL,VNSTOCK_BRONZE
AVG,LATEST,ratio,order,30.0,ACTUAL,VNSTOCK_BRONZE
AVG,LATEST,ratio,level,1.0,ACTUAL,VNSTOCK_BRONZE
AVG,LATEST,ratio,order,31.0,ACTUAL,VNSTOCK_BRONZE
AVG,LATEST,ratio,level,2.0,ACTUAL,VNSTOCK_BRONZE
AVG,LATEST,ratio,value,1.30094134,ACTUAL,VNSTOCK_BRONZE
AVG,LATEST,ratio,order,32.0,ACTUAL,VNSTOCK_BRONZE
AVG,LATEST,ratio,level,2.0,ACTUAL,VNSTOCK_BRONZE
AVG,LATEST,ratio,value,1.2356915542,ACTUAL,VNSTOCK_BRONZE
AVG,LATEST,ratio,order,33.0,ACTUAL,VNSTOCK_BRONZE
AVG,LATEST,ratio,level,2.0,ACTUAL,VNSTOCK_BRONZE
AVG,LATEST,ratio,value,0.2372976816,ACTUAL,VNSTOCK_BRONZE
AVG,LATEST,ratio,order,34.0,ACTUAL,VNSTOCK_BRONZE
AVG,LATEST,ratio,level,2.0,ACTUAL,VNSTOCK_BRONZE
AVG,LATEST,ratio,order,35.0,ACTUAL,VNSTOCK_BRONZE
AVG,LATEST,ratio,level,2.0,ACTUAL,VNSTOCK_BRONZE
AVG,LATEST,ratio,order,36.0,ACTUAL,VNSTOCK_BRONZE
AVG,LATEST,ratio,level,2.0,ACTUAL,VNSTOCK_BRONZE
AVG,LATEST,ratio,order,37.0,ACTUAL,VNSTOCK_BRONZE
AVG,LATEST,ratio,level,2.0,ACTUAL,VNSTOCK_BRONZE
AVG,LATEST,ratio,order,38.0,ACTUAL,VNSTOCK_BRONZE
AVG,LATEST,ratio,level,1.0,ACTUAL,VNSTOCK_BRONZE
AVG,LATEST,ratio,order,39.0,ACTUAL,VNSTOCK_BRONZE
AVG,LATEST,ratio,level,2.0,ACTUAL,VNSTOCK_BRONZE
AVG,LATEST,ratio,value,0.7443921886,ACTUAL,VNSTOCK_BRONZE
AVG,LATEST,ratio,order,40.0,ACTUAL,VNSTOCK_BRONZE
AVG,LATEST,ratio,level,2.0,ACTUAL,VNSTOCK_BRONZE
AVG,LATEST,ratio,value,0.5712208717,ACTUAL,VNSTOCK_BRONZE
AVG,LATEST,ratio,order,41.0,ACTUAL,VNSTOCK_BRONZE
AVG,LATEST,ratio,level,2.0,ACTUAL,VNSTOCK_BRONZE
AVG,LATEST,ratio,order,42.0,ACTUAL,VNSTOCK_BRONZE
AVG,LATEST,ratio,level,2.0,ACTUAL,VNSTOCK_BRONZE
AVG,LATEST,ratio,value,0.7443921886,ACTUAL,VNSTOCK_BRONZE
AVG,LATEST,ratio,order,43.0,ACTUAL,VNSTOCK_BRONZE
AVG,LATEST,ratio,level,2.0,ACTUAL,VNSTOCK_BRONZE
AVG,LATEST,ratio,value,0.0,ACTUAL,VNSTOCK_BRONZE
AVG,LATEST,ratio,order,44.0,ACTUAL,VNSTOCK_BRONZE
AVG,LATEST,ratio,level,2.0,ACTUAL,VNSTOCK_BRONZE
AVG,LATEST,ratio,value,0.0,ACTUAL,VNSTOCK_BRONZE
AVG,LATEST,ratio,order,45.0,ACTUAL,VNSTOCK_BRONZE
AVG,LATEST,ratio,level,1.0,ACTUAL,VNSTOCK_BRONZE
AVG,LATEST,ratio,order,46.0,ACTUAL,VNSTOCK_BRONZE
AVG,LATEST,ratio,level,2.0,ACTUAL,VNSTOCK_BRONZE
AVG,LATEST,ratio,value,0.0,ACTUAL,VNSTOCK_BRONZE
AVG,LATEST,ratio,order,47.0,ACTUAL,VNSTOCK_BRONZE
AVG,LATEST,ratio,level,2.0,ACTUAL,VNSTOCK_BRONZE
AVG,LATEST,ratio,value,0.0,ACTUAL,VNSTOCK_BRONZE
AVG,LATEST,ratio,order,48.0,ACTUAL,VNSTOCK_BRONZE
AVG,LATEST,ratio,level,2.0,ACTUAL,VNSTOCK_BRONZE
AVG,LATEST,ratio,value,0.0,ACTUAL,VNSTOCK_BRONZE
AVG,LATEST,ratio,order,49.0,ACTUAL,VNSTOCK_BRONZE
AVG,LATEST,ratio,level,2.0,ACTUAL,VNSTOCK_BRONZE
AVG,LATEST,ratio,value,0.0,ACTUAL,VNSTOCK_BRONZE
AVG,LATEST,ratio,order,50.0,ACTUAL,VNSTOCK_BRONZE
AVG,LATEST,ratio,level,2.0,ACTUAL,VNSTOCK_BRONZE
AVG,LATEST,ratio,value,0.0,ACTUAL,VNSTOCK_BRONZE
AVG,LATEST,ratio,order,51.0,ACTUAL,VNSTOCK_BRONZE
AVG,LATEST,ratio,level,2.0,ACTUAL,VNSTOCK_BRONZE
AVG,LATEST,ratio,value,0.0,ACTUAL,VNSTOCK_BRONZE
AVG,LATEST,ratio,order,52.0,ACTUAL,VNSTOCK_BRONZE
AVG,LATEST,ratio,level,2.0,ACTUAL,VNSTOCK_BRONZE
AVG,LATEST,ratio,value,0.0,ACTUAL,VNSTOCK_BRONZE
AVG,LATEST,ratio,order,53.0,ACTUAL,VNSTOCK_BRONZE
AVG,LATEST,ratio,level,2.0,ACTUAL,VNSTOCK_BRONZE
AVG,LATEST,ratio,value,0.0,ACTUAL,VNSTOCK_BRONZE
AVG,LATEST,ratio,order,54.0,ACTUAL,VNSTOCK_BRONZE
AVG,LATEST,ratio,level,2.0,ACTUAL,VNSTOCK_BRONZE
AVG,LATEST,ratio,value,0.0,ACTUAL,VNSTOCK_BRONZE
AVG,LATEST,ratio,order,55.0,ACTUAL,VNSTOCK_BRONZE
AVG,LATEST,ratio,level,2.0,ACTUAL,VNSTOCK_BRONZE
AVG,LATEST,ratio,value,0.0,ACTUAL,VNSTOCK_BRONZE
AVG,LATEST,ratio,order,56.0,ACTUAL,VNSTOCK_BRONZE
AVG,LATEST,ratio,level,2.0,ACTUAL,VNSTOCK_BRONZE
AVG,LATEST,ratio,value,0.0,ACTUAL,VNSTOCK_BRONZE
AVG,LATEST,ratio,order,57.0,ACTUAL,VNSTOCK_BRONZE
AVG,LATEST,ratio,level,2.0,ACTUAL,VNSTOCK_BRONZE
AVG,LATEST,ratio,order,58.0,ACTUAL,VNSTOCK_BRONZE
AVG,LATEST,ratio,level,2.0,ACTUAL,VNSTOCK_BRONZE
AVG,LATEST,ratio,order,59.0,ACTUAL,VNSTOCK_BRONZE
AVG,LATEST,ratio,level,2.0,ACTUAL,VNSTOCK_BRONZE
AVG,LATEST,ratio,value,0.0,ACTUAL,VNSTOCK_BRONZE
AVG,LATEST,ratio,order,60.0,ACTUAL,VNSTOCK_BRONZE
AVG,LATEST,ratio,level,2.0,ACTUAL,VNSTOCK_BRONZE
AVG,LATEST,ratio,value,0.0,ACTUAL,VNSTOCK_BRONZE
AVG,LATEST,ratio,order,1.0,ACTUAL,VNSTOCK_BRONZE
AVG,LATEST,ratio,level,1.0,ACTUAL,VNSTOCK_BRONZE
AVG,LATEST,ratio,order,2.0,ACTUAL,VNSTOCK_BRONZE
AVG,LATEST,ratio,level,2.0,ACTUAL,VNSTOCK_BRONZE
AVG,LATEST,ratio,value,15.8932304092,ACTUAL,VNSTOCK_BRONZE
AVG,LATEST,ratio,order,3.0,ACTUAL,VNSTOCK_BRONZE
AVG,LATEST,ratio,level,2.0,ACTUAL,VNSTOCK_BRONZE
AVG,LATEST,ratio,value,1.1493010643,ACTUAL,VNSTOCK_BRONZE
AVG,LATEST,ratio,order,4.0,ACTUAL,VNSTOCK_BRONZE
AVG,LATEST,ratio,level,2.0,ACTUAL,VNSTOCK_BRONZE
AVG,LATEST,ratio,value,0.3595112988,ACTUAL,VNSTOCK_BRONZE
AVG,LATEST,ratio,order,5.0,ACTUAL,VNSTOCK_BRONZE
AVG,LATEST,ratio,level,2.0,ACTUAL,VNSTOCK_BRONZE
AVG,LATEST,ratio,value,119.0033831343,ACTUAL,VNSTOCK_BRONZE
AVG,LATEST,ratio,order,6.0,ACTUAL,VNSTOCK_BRONZE
AVG,LATEST,ratio,level,2.0,ACTUAL,VNSTOCK_BRONZE
AVG,LATEST,ratio,value,10.9649512188,ACTUAL,VNSTOCK_BRONZE
AVG,LATEST,ratio,order,7.0,ACTUAL,VNSTOCK_BRONZE
AVG,LATEST,ratio,level,2.0,ACTUAL,VNSTOCK_BRONZE
AVG,LATEST,ratio,value,0.0,ACTUAL,VNSTOCK_BRONZE
AVG,LATEST,ratio,order,8.0,ACTUAL,VNSTOCK_BRONZE
AVG,LATEST,ratio,level,2.0,ACTUAL,VNSTOCK_BRONZE
AVG,LATEST,ratio,value,263909091314.0,ACTUAL,VNSTOCK_BRONZE
AVG,LATEST,ratio,order,9.0,ACTUAL,VNSTOCK_BRONZE
AVG,LATEST,ratio,level,2.0,ACTUAL,VNSTOCK_BRONZE
AVG,LATEST,ratio,order,10.0,ACTUAL,VNSTOCK_BRONZE
AVG,LATEST,ratio,level,2.0,ACTUAL,VNSTOCK_BRONZE
AVG,LATEST,ratio,order,11.0,ACTUAL,VNSTOCK_BRONZE
AVG,LATEST,ratio,level,2.0,ACTUAL,VNSTOCK_BRONZE
AVG,LATEST,ratio,order,12.0,ACTUAL,VNSTOCK_BRONZE
AVG,LATEST,ratio,level,2.0,ACTUAL,VNSTOCK_BRONZE
AVG,LATEST,ratio,value,27469702724.0,ACTUAL,VNSTOCK_BRONZE
AVG,LATEST,ratio,order,13.0,ACTUAL,VNSTOCK_BRONZE
AVG,LATEST,ratio,level,2.0,ACTUAL,VNSTOCK_BRONZE
AVG,LATEST,ratio,value,35979736799.0,ACTUAL,VNSTOCK_BRONZE
AVG,LATEST,ratio,order,14.0,ACTUAL,VNSTOCK_BRONZE
AVG,LATEST,ratio,level,2.0,ACTUAL,VNSTOCK_BRONZE
AVG,LATEST,ratio,value,0.0180270115,ACTUAL,VNSTOCK_BRONZE
AVG,LATEST,ratio,order,15.0,ACTUAL,VNSTOCK_BRONZE
AVG,LATEST,ratio,level,2.0,ACTUAL,VNSTOCK_BRONZE
AVG,LATEST,ratio,value,17679982.0,ACTUAL,VNSTOCK_BRONZE
AVG,LATEST,ratio,order,16.0,ACTUAL,VNSTOCK_BRONZE
AVG,LATEST,ratio,level,1.0,ACTUAL,VNSTOCK_BRONZE
AVG,LATEST,ratio,order,17.0,ACTUAL,VNSTOCK_BRONZE
AVG,LATEST,ratio,level,2.0,ACTUAL,VNSTOCK_BRONZE
AVG,LATEST,ratio,value,0.07483131,ACTUAL,VNSTOCK_BRONZE
AVG,LATEST,ratio,order,18.0,ACTUAL,VNSTOCK_BRONZE
AVG,LATEST,ratio,level,2.0,ACTUAL,VNSTOCK_BRONZE
AVG,LATEST,ratio,value,0.0414794747,ACTUAL,VNSTOCK_BRONZE
AVG,LATEST,ratio,order,19.0,ACTUAL,VNSTOCK_BRONZE
AVG,LATEST,ratio,level,2.0,ACTUAL,VNSTOCK_BRONZE
AVG,LATEST,ratio,value,0.0718188557,ACTUAL,VNSTOCK_BRONZE
AVG,LATEST,ratio,order,20.0,ACTUAL,VNSTOCK_BRONZE
AVG,LATEST,ratio,level,2.0,ACTUAL,VNSTOCK_BRONZE
AVG,LATEST,ratio,value,0.0487749104,ACTUAL,VNSTOCK_BRONZE
AVG,LATEST,ratio,order,21.0,ACTUAL,VNSTOCK_BRONZE
AVG,LATEST,ratio,level,2.0,ACTUAL,VNSTOCK_BRONZE
AVG,LATEST,ratio,value,0.0374207211,ACTUAL,VNSTOCK_BRONZE
AVG,LATEST,ratio,order,22.0,ACTUAL,VNSTOCK_BRONZE
AVG,LATEST,ratio,level,2.0,ACTUAL,VNSTOCK_BRONZE
AVG,LATEST,ratio,value,0.0240992496,ACTUAL,VNSTOCK_BRONZE
AVG,LATEST,ratio,order,23.0,ACTUAL,VNSTOCK_BRONZE
AVG,LATEST,ratio,level,2.0,ACTUAL,VNSTOCK_BRONZE
AVG,LATEST,ratio,value,0.0227901275,ACTUAL,VNSTOCK_BRONZE
AVG,LATEST,ratio,order,24.0,ACTUAL,VNSTOCK_BRONZE
AVG,LATEST,ratio,level,2.0,ACTUAL,VNSTOCK_BRONZE
AVG,LATEST,ratio,value,1.8337194136,ACTUAL,VNSTOCK_BRONZE
AVG,LATEST,ratio,order,25.0,ACTUAL,VNSTOCK_BRONZE
AVG,LATEST,ratio,level,2.0,ACTUAL,VNSTOCK_BRONZE
AVG,LATEST,ratio,value,8.0397513441,ACTUAL,VNSTOCK_BRONZE
AVG,LATEST,ratio,order,26.0,ACTUAL,VNSTOCK_BRONZE
AVG,LATEST,ratio,level,2.0,ACTUAL,VNSTOCK_BRONZE
AVG,LATEST,ratio,value,56.1900355982,ACTUAL,VNSTOCK_BRONZE
AVG,LATEST,ratio,order,27.0,ACTUAL,VNSTOCK_BRONZE
AVG,LATEST,ratio,level,2.0,ACTUAL,VNSTOCK_BRONZE
AVG,LATEST,ratio,value,33.7023117959,ACTUAL,VNSTOCK_BRONZE
AVG,LATEST,ratio,order,28.0,ACTUAL,VNSTOCK_BRONZE
AVG,LATEST,ratio,level,2.0,ACTUAL,VNSTOCK_BRONZE
AVG,LATEST,ratio,value,13.6287833455,ACTUAL,VNSTOCK_BRONZE
AVG,LATEST,ratio,order,29.0,ACTUAL,VNSTOCK_BRONZE
AVG,LATEST,ratio,level,2.0,ACTUAL,VNSTOCK_BRONZE
AVG,LATEST,ratio,value,107.9213406261,ACTUAL,VNSTOCK_BRONZE
AVG,LATEST,ratio,order,30.0,ACTUAL,VNSTOCK_BRONZE
AVG,LATEST,ratio,level,1.0,ACTUAL,VNSTOCK_BRONZE
AVG,LATEST,ratio,order,31.0,ACTUAL,VNSTOCK_BRONZE
AVG,LATEST,ratio,level,2.0,ACTUAL,VNSTOCK_BRONZE
AVG,LATEST,ratio,value,1.2799747911,ACTUAL,VNSTOCK_BRONZE
AVG,LATEST,ratio,order,32.0,ACTUAL,VNSTOCK_BRONZE
AVG,LATEST,ratio,level,2.0,ACTUAL,VNSTOCK_BRONZE
AVG,LATEST,ratio,value,1.0028851431,ACTUAL,VNSTOCK_BRONZE
AVG,LATEST,ratio,order,33.0,ACTUAL,VNSTOCK_BRONZE
AVG,LATEST,ratio,level,2.0,ACTUAL,VNSTOCK_BRONZE
AVG,LATEST,ratio,value,0.1736578403,ACTUAL,VNSTOCK_BRONZE
AVG,LATEST,ratio,order,34.0,ACTUAL,VNSTOCK_BRONZE
AVG,LATEST,ratio,level,2.0,ACTUAL,VNSTOCK_BRONZE
AVG,LATEST,ratio,order,35.0,ACTUAL,VNSTOCK_BRONZE
AVG,LATEST,ratio,level,2.0,ACTUAL,VNSTOCK_BRONZE
AVG,LATEST,ratio,order,36.0,ACTUAL,VNSTOCK_BRONZE
AVG,LATEST,ratio,level,2.0,ACTUAL,VNSTOCK_BRONZE
AVG,LATEST,ratio,order,37.0,ACTUAL,VNSTOCK_BRONZE
AVG,LATEST,ratio,level,2.0,ACTUAL,VNSTOCK_BRONZE
AVG,LATEST,ratio,order,38.0,ACTUAL,VNSTOCK_BRONZE
AVG,LATEST,ratio,level,1.0,ACTUAL,VNSTOCK_BRONZE
AVG,LATEST,ratio,order,39.0,ACTUAL,VNSTOCK_BRONZE
AVG,LATEST,ratio,level,2.0,ACTUAL,VNSTOCK_BRONZE
AVG,LATEST,ratio,value,0.7618254789,ACTUAL,VNSTOCK_BRONZE
AVG,LATEST,ratio,order,40.0,ACTUAL,VNSTOCK_BRONZE
AVG,LATEST,ratio,level,2.0,ACTUAL,VNSTOCK_BRONZE
AVG,LATEST,ratio,value,0.6421292051,ACTUAL,VNSTOCK_BRONZE
AVG,LATEST,ratio,order,41.0,ACTUAL,VNSTOCK_BRONZE
AVG,LATEST,ratio,level,2.0,ACTUAL,VNSTOCK_BRONZE
AVG,LATEST,ratio,order,42.0,ACTUAL,VNSTOCK_BRONZE
AVG,LATEST,ratio,level,2.0,ACTUAL,VNSTOCK_BRONZE
AVG,LATEST,ratio,value,0.7618254789,ACTUAL,VNSTOCK_BRONZE
AVG,LATEST,ratio,order,43.0,ACTUAL,VNSTOCK_BRONZE
AVG,LATEST,ratio,level,2.0,ACTUAL,VNSTOCK_BRONZE
AVG,LATEST,ratio,value,0.0,ACTUAL,VNSTOCK_BRONZE
AVG,LATEST,ratio,order,44.0,ACTUAL,VNSTOCK_BRONZE
AVG,LATEST,ratio,level,2.0,ACTUAL,VNSTOCK_BRONZE
AVG,LATEST,ratio,value,0.0,ACTUAL,VNSTOCK_BRONZE
AVG,LATEST,ratio,order,45.0,ACTUAL,VNSTOCK_BRONZE
AVG,LATEST,ratio,level,1.0,ACTUAL,VNSTOCK_BRONZE
AVG,LATEST,ratio,order,46.0,ACTUAL,VNSTOCK_BRONZE
AVG,LATEST,ratio,level,2.0,ACTUAL,VNSTOCK_BRONZE
AVG,LATEST,ratio,value,0.0,ACTUAL,VNSTOCK_BRONZE
AVG,LATEST,ratio,order,47.0,ACTUAL,VNSTOCK_BRONZE
AVG,LATEST,ratio,level,2.0,ACTUAL,VNSTOCK_BRONZE
AVG,LATEST,ratio,value,0.0,ACTUAL,VNSTOCK_BRONZE
AVG,LATEST,ratio,order,48.0,ACTUAL,VNSTOCK_BRONZE
AVG,LATEST,ratio,level,2.0,ACTUAL,VNSTOCK_BRONZE
AVG,LATEST,ratio,value,0.0,ACTUAL,VNSTOCK_BRONZE
AVG,LATEST,ratio,order,49.0,ACTUAL,VNSTOCK_BRONZE
AVG,LATEST,ratio,level,2.0,ACTUAL,VNSTOCK_BRONZE
AVG,LATEST,ratio,value,0.0,ACTUAL,VNSTOCK_BRONZE
AVG,LATEST,ratio,order,50.0,ACTUAL,VNSTOCK_BRONZE
AVG,LATEST,ratio,level,2.0,ACTUAL,VNSTOCK_BRONZE
AVG,LATEST,ratio,value,0.0,ACTUAL,VNSTOCK_BRONZE
AVG,LATEST,ratio,order,51.0,ACTUAL,VNSTOCK_BRONZE
AVG,LATEST,ratio,level,2.0,ACTUAL,VNSTOCK_BRONZE
AVG,LATEST,ratio,value,0.0,ACTUAL,VNSTOCK_BRONZE
AVG,LATEST,ratio,order,52.0,ACTUAL,VNSTOCK_BRONZE
AVG,LATEST,ratio,level,2.0,ACTUAL,VNSTOCK_BRONZE
AVG,LATEST,ratio,value,0.0,ACTUAL,VNSTOCK_BRONZE
AVG,LATEST,ratio,order,53.0,ACTUAL,VNSTOCK_BRONZE
AVG,LATEST,ratio,level,2.0,ACTUAL,VNSTOCK_BRONZE
AVG,LATEST,ratio,value,0.0,ACTUAL,VNSTOCK_BRONZE
AVG,LATEST,ratio,order,54.0,ACTUAL,VNSTOCK_BRONZE
AVG,LATEST,ratio,level,2.0,ACTUAL,VNSTOCK_BRONZE
AVG,LATEST,ratio,value,0.0,ACTUAL,VNSTOCK_BRONZE
AVG,LATEST,ratio,order,55.0,ACTUAL,VNSTOCK_BRONZE
AVG,LATEST,ratio,level,2.0,ACTUAL,VNSTOCK_BRONZE
AVG,LATEST,ratio,value,0.0,ACTUAL,VNSTOCK_BRONZE
AVG,LATEST,ratio,order,56.0,ACTUAL,VNSTOCK_BRONZE
AVG,LATEST,ratio,level,2.0,ACTUAL,VNSTOCK_BRONZE
AVG,LATEST,ratio,value,0.0,ACTUAL,VNSTOCK_BRONZE
AVG,LATEST,ratio,order,57.0,ACTUAL,VNSTOCK_BRONZE
AVG,LATEST,ratio,level,2.0,ACTUAL,VNSTOCK_BRONZE
AVG,LATEST,ratio,order,58.0,ACTUAL,VNSTOCK_BRONZE
AVG,LATEST,ratio,level,2.0,ACTUAL,VNSTOCK_BRONZE
AVG,LATEST,ratio,order,59.0,ACTUAL,VNSTOCK_BRONZE
AVG,LATEST,ratio,level,2.0,ACTUAL,VNSTOCK_BRONZE
AVG,LATEST,ratio,value,0.0,ACTUAL,VNSTOCK_BRONZE
AVG,LATEST,ratio,order,60.0,ACTUAL,VNSTOCK_BRONZE
AVG,LATEST,ratio,level,2.0,ACTUAL,VNSTOCK_BRONZE
AVG,LATEST,ratio,value,0.0,ACTUAL,VNSTOCK_BRONZE
AVG,LATEST,ratio,order,1.0,ACTUAL,VNSTOCK_BRONZE
AVG,LATEST,ratio,level,1.0,ACTUAL,VNSTOCK_BRONZE
AVG,LATEST,ratio,order,2.0,ACTUAL,VNSTOCK_BRONZE
AVG,LATEST,ratio,level,2.0,ACTUAL,VNSTOCK_BRONZE
AVG,LATEST,ratio,value,23.1267892326,ACTUAL,VNSTOCK_BRONZE
AVG,LATEST,ratio,order,3.0,ACTUAL,VNSTOCK_BRONZE
AVG,LATEST,ratio,level,2.0,ACTUAL,VNSTOCK_BRONZE
AVG,LATEST,ratio,value,1.3124123284,ACTUAL,VNSTOCK_BRONZE
AVG,LATEST,ratio,order,4.0,ACTUAL,VNSTOCK_BRONZE
AVG,LATEST,ratio,level,2.0,ACTUAL,VNSTOCK_BRONZE
AVG,LATEST,ratio,value,0.4273503866,ACTUAL,VNSTOCK_BRONZE
AVG,LATEST,ratio,order,5.0,ACTUAL,VNSTOCK_BRONZE
AVG,LATEST,ratio,level,2.0,ACTUAL,VNSTOCK_BRONZE
AVG,LATEST,ratio,value,-24.1361612468,ACTUAL,VNSTOCK_BRONZE
AVG,LATEST,ratio,order,6.0,ACTUAL,VNSTOCK_BRONZE
AVG,LATEST,ratio,level,2.0,ACTUAL,VNSTOCK_BRONZE
AVG,LATEST,ratio,value,13.3637259209,ACTUAL,VNSTOCK_BRONZE
AVG,LATEST,ratio,order,7.0,ACTUAL,VNSTOCK_BRONZE
AVG,LATEST,ratio,level,2.0,ACTUAL,VNSTOCK_BRONZE
AVG,LATEST,ratio,value,0.0,ACTUAL,VNSTOCK_BRONZE
AVG,LATEST,ratio,order,8.0,ACTUAL,VNSTOCK_BRONZE
AVG,LATEST,ratio,level,2.0,ACTUAL,VNSTOCK_BRONZE
AVG,LATEST,ratio,value,293540741146.0,ACTUAL,VNSTOCK_BRONZE
AVG,LATEST,ratio,order,9.0,ACTUAL,VNSTOCK_BRONZE
AVG,LATEST,ratio,level,2.0,ACTUAL,VNSTOCK_BRONZE
AVG,LATEST,ratio,order,10.0,ACTUAL,VNSTOCK_BRONZE
AVG,LATEST,ratio,level,2.0,ACTUAL,VNSTOCK_BRONZE
AVG,LATEST,ratio,order,11.0,ACTUAL,VNSTOCK_BRONZE
AVG,LATEST,ratio,level,2.0,ACTUAL,VNSTOCK_BRONZE
AVG,LATEST,ratio,order,12.0,ACTUAL,VNSTOCK_BRONZE
AVG,LATEST,ratio,level,2.0,ACTUAL,VNSTOCK_BRONZE
AVG,LATEST,ratio,value,23485837855.0,ACTUAL,VNSTOCK_BRONZE
AVG,LATEST,ratio,order,13.0,ACTUAL,VNSTOCK_BRONZE
AVG,LATEST,ratio,level,2.0,ACTUAL,VNSTOCK_BRONZE
AVG,LATEST,ratio,value,31966397309.0,ACTUAL,VNSTOCK_BRONZE
AVG,LATEST,ratio,order,14.0,ACTUAL,VNSTOCK_BRONZE
AVG,LATEST,ratio,level,2.0,ACTUAL,VNSTOCK_BRONZE
AVG,LATEST,ratio,value,0.0185031661,ACTUAL,VNSTOCK_BRONZE
AVG,LATEST,ratio,order,15.0,ACTUAL,VNSTOCK_BRONZE
AVG,LATEST,ratio,level,2.0,ACTUAL,VNSTOCK_BRONZE
AVG,LATEST,ratio,value,17679982.0,ACTUAL,VNSTOCK_BRONZE
AVG,LATEST,ratio,order,16.0,ACTUAL,VNSTOCK_BRONZE
AVG,LATEST,ratio,level,1.0,ACTUAL,VNSTOCK_BRONZE
AVG,LATEST,ratio,order,17.0,ACTUAL,VNSTOCK_BRONZE
AVG,LATEST,ratio,level,2.0,ACTUAL,VNSTOCK_BRONZE
AVG,LATEST,ratio,value,0.0584057977,ACTUAL,VNSTOCK_BRONZE
AVG,LATEST,ratio,order,18.0,ACTUAL,VNSTOCK_BRONZE
AVG,LATEST,ratio,level,2.0,ACTUAL,VNSTOCK_BRONZE
AVG,LATEST,ratio,value,0.033361492,ACTUAL,VNSTOCK_BRONZE
AVG,LATEST,ratio,order,19.0,ACTUAL,VNSTOCK_BRONZE
AVG,LATEST,ratio,level,2.0,ACTUAL,VNSTOCK_BRONZE
AVG,LATEST,ratio,value,0.0617492981,ACTUAL,VNSTOCK_BRONZE
AVG,LATEST,ratio,order,20.0,ACTUAL,VNSTOCK_BRONZE
AVG,LATEST,ratio,level,2.0,ACTUAL,VNSTOCK_BRONZE
AVG,LATEST,ratio,value,0.0458896603,ACTUAL,VNSTOCK_BRONZE
AVG,LATEST,ratio,order,21.0,ACTUAL,VNSTOCK_BRONZE
AVG,LATEST,ratio,level,2.0,ACTUAL,VNSTOCK_BRONZE
AVG,LATEST,ratio,value,0.0341917849,ACTUAL,VNSTOCK_BRONZE
AVG,LATEST,ratio,order,22.0,ACTUAL,VNSTOCK_BRONZE
AVG,LATEST,ratio,level,2.0,ACTUAL,VNSTOCK_BRONZE
AVG,LATEST,ratio,value,0.0197373594,ACTUAL,VNSTOCK_BRONZE
AVG,LATEST,ratio,order,23.0,ACTUAL,VNSTOCK_BRONZE
AVG,LATEST,ratio,level,2.0,ACTUAL,VNSTOCK_BRONZE
AVG,LATEST,ratio,value,0.0186374637,ACTUAL,VNSTOCK_BRONZE
AVG,LATEST,ratio,order,24.0,ACTUAL,VNSTOCK_BRONZE
AVG,LATEST,ratio,level,2.0,ACTUAL,VNSTOCK_BRONZE
AVG,LATEST,ratio,value,1.8054135857,ACTUAL,VNSTOCK_BRONZE
AVG,LATEST,ratio,order,25.0,ACTUAL,VNSTOCK_BRONZE
AVG,LATEST,ratio,level,2.0,ACTUAL,VNSTOCK_BRONZE
AVG,LATEST,ratio,value,7.3743816147,ACTUAL,VNSTOCK_BRONZE
AVG,LATEST,ratio,order,26.0,ACTUAL,VNSTOCK_BRONZE
AVG,LATEST,ratio,level,2.0,ACTUAL,VNSTOCK_BRONZE
AVG,LATEST,ratio,value,50.3341931996,ACTUAL,VNSTOCK_BRONZE
AVG,LATEST,ratio,order,27.0,ACTUAL,VNSTOCK_BRONZE
AVG,LATEST,ratio,level,2.0,ACTUAL,VNSTOCK_BRONZE
AVG,LATEST,ratio,value,35.0432498229,ACTUAL,VNSTOCK_BRONZE
AVG,LATEST,ratio,order,28.0,ACTUAL,VNSTOCK_BRONZE
AVG,LATEST,ratio,level,2.0,ACTUAL,VNSTOCK_BRONZE
AVG,LATEST,ratio,value,8.8586084598,ACTUAL,VNSTOCK_BRONZE
AVG,LATEST,ratio,order,29.0,ACTUAL,VNSTOCK_BRONZE
AVG,LATEST,ratio,level,2.0,ACTUAL,VNSTOCK_BRONZE
AVG,LATEST,ratio,value,95.6754982887,ACTUAL,VNSTOCK_BRONZE
AVG,LATEST,ratio,order,30.0,ACTUAL,VNSTOCK_BRONZE
AVG,LATEST,ratio,level,1.0,ACTUAL,VNSTOCK_BRONZE
AVG,LATEST,ratio,order,31.0,ACTUAL,VNSTOCK_BRONZE
AVG,LATEST,ratio,level,2.0,ACTUAL,VNSTOCK_BRONZE
AVG,LATEST,ratio,value,1.2330274285,ACTUAL,VNSTOCK_BRONZE
AVG,LATEST,ratio,order,32.0,ACTUAL,VNSTOCK_BRONZE
AVG,LATEST,ratio,level,2.0,ACTUAL,VNSTOCK_BRONZE
AVG,LATEST,ratio,value,0.9271425665,ACTUAL,VNSTOCK_BRONZE
AVG,LATEST,ratio,order,33.0,ACTUAL,VNSTOCK_BRONZE
AVG,LATEST,ratio,level,2.0,ACTUAL,VNSTOCK_BRONZE
AVG,LATEST,ratio,value,0.1925890596,ACTUAL,VNSTOCK_BRONZE
AVG,LATEST,ratio,order,34.0,ACTUAL,VNSTOCK_BRONZE
AVG,LATEST,ratio,level,2.0,ACTUAL,VNSTOCK_BRONZE
AVG,LATEST,ratio,order,35.0,ACTUAL,VNSTOCK_BRONZE
AVG,LATEST,ratio,level,2.0,ACTUAL,VNSTOCK_BRONZE
AVG,LATEST,ratio,order,36.0,ACTUAL,VNSTOCK_BRONZE
AVG,LATEST,ratio,level,2.0,ACTUAL,VNSTOCK_BRONZE
AVG,LATEST,ratio,order,37.0,ACTUAL,VNSTOCK_BRONZE
AVG,LATEST,ratio,level,2.0,ACTUAL,VNSTOCK_BRONZE
AVG,LATEST,ratio,order,38.0,ACTUAL,VNSTOCK_BRONZE
AVG,LATEST,ratio,level,1.0,ACTUAL,VNSTOCK_BRONZE
AVG,LATEST,ratio,order,39.0,ACTUAL,VNSTOCK_BRONZE
AVG,LATEST,ratio,level,2.0,ACTUAL,VNSTOCK_BRONZE
AVG,LATEST,ratio,value,0.7794591567,ACTUAL,VNSTOCK_BRONZE
AVG,LATEST,ratio,order,40.0,ACTUAL,VNSTOCK_BRONZE
AVG,LATEST,ratio,level,2.0,ACTUAL,VNSTOCK_BRONZE
AVG,LATEST,ratio,value,0.6760547154,ACTUAL,VNSTOCK_BRONZE
AVG,LATEST,ratio,order,41.0,ACTUAL,VNSTOCK_BRONZE
AVG,LATEST,ratio,level,2.0,ACTUAL,VNSTOCK_BRONZE
AVG,LATEST,ratio,order,42.0,ACTUAL,VNSTOCK_BRONZE
AVG,LATEST,ratio,level,2.0,ACTUAL,VNSTOCK_BRONZE
AVG,LATEST,ratio,value,0.7794591567,ACTUAL,VNSTOCK_BRONZE
AVG,LATEST,ratio,order,43.0,ACTUAL,VNSTOCK_BRONZE
AVG,LATEST,ratio,level,2.0,ACTUAL,VNSTOCK_BRONZE
AVG,LATEST,ratio,value,0.0,ACTUAL,VNSTOCK_BRONZE
AVG,LATEST,ratio,order,44.0,ACTUAL,VNSTOCK_BRONZE
AVG,LATEST,ratio,level,2.0,ACTUAL,VNSTOCK_BRONZE
AVG,LATEST,ratio,value,0.0,ACTUAL,VNSTOCK_BRONZE
AVG,LATEST,ratio,order,45.0,ACTUAL,VNSTOCK_BRONZE
AVG,LATEST,ratio,level,1.0,ACTUAL,VNSTOCK_BRONZE
AVG,LATEST,ratio,order,46.0,ACTUAL,VNSTOCK_BRONZE
AVG,LATEST,ratio,level,2.0,ACTUAL,VNSTOCK_BRONZE
AVG,LATEST,ratio,value,0.0,ACTUAL,VNSTOCK_BRONZE
AVG,LATEST,ratio,order,47.0,ACTUAL,VNSTOCK_BRONZE
AVG,LATEST,ratio,level,2.0,ACTUAL,VNSTOCK_BRONZE
AVG,LATEST,ratio,value,0.0,ACTUAL,VNSTOCK_BRONZE
AVG,LATEST,ratio,order,48.0,ACTUAL,VNSTOCK_BRONZE
AVG,LATEST,ratio,level,2.0,ACTUAL,VNSTOCK_BRONZE
AVG,LATEST,ratio,value,0.0,ACTUAL,VNSTOCK_BRONZE
AVG,LATEST,ratio,order,49.0,ACTUAL,VNSTOCK_BRONZE
AVG,LATEST,ratio,level,2.0,ACTUAL,VNSTOCK_BRONZE
AVG,LATEST,ratio,value,0.0,ACTUAL,VNSTOCK_BRONZE
AVG,LATEST,ratio,order,50.0,ACTUAL,VNSTOCK_BRONZE
AVG,LATEST,ratio,level,2.0,ACTUAL,VNSTOCK_BRONZE
AVG,LATEST,ratio,value,0.0,ACTUAL,VNSTOCK_BRONZE
AVG,LATEST,ratio,order,51.0,ACTUAL,VNSTOCK_BRONZE
AVG,LATEST,ratio,level,2.0,ACTUAL,VNSTOCK_BRONZE
AVG,LATEST,ratio,value,0.0,ACTUAL,VNSTOCK_BRONZE
AVG,LATEST,ratio,order,52.0,ACTUAL,VNSTOCK_BRONZE
AVG,LATEST,ratio,level,2.0,ACTUAL,VNSTOCK_BRONZE
AVG,LATEST,ratio,value,0.0,ACTUAL,VNSTOCK_BRONZE
AVG,LATEST,ratio,order,53.0,ACTUAL,VNSTOCK_BRONZE
AVG,LATEST,ratio,level,2.0,ACTUAL,VNSTOCK_BRONZE
AVG,LATEST,ratio,value,0.0,ACTUAL,VNSTOCK_BRONZE
AVG,LATEST,ratio,order,54.0,ACTUAL,VNSTOCK_BRONZE
AVG,LATEST,ratio,level,2.0,ACTUAL,VNSTOCK_BRONZE
AVG,LATEST,ratio,value,0.0,ACTUAL,VNSTOCK_BRONZE
AVG,LATEST,ratio,order,55.0,ACTUAL,VNSTOCK_BRONZE
AVG,LATEST,ratio,level,2.0,ACTUAL,VNSTOCK_BRONZE
AVG,LATEST,ratio,value,0.0,ACTUAL,VNSTOCK_BRONZE
AVG,LATEST,ratio,order,56.0,ACTUAL,VNSTOCK_BRONZE
AVG,LATEST,ratio,level,2.0,ACTUAL,VNSTOCK_BRONZE
AVG,LATEST,ratio,value,0.0,ACTUAL,VNSTOCK_BRONZE
AVG,LATEST,ratio,order,57.0,ACTUAL,VNSTOCK_BRONZE
AVG,LATEST,ratio,level,2.0,ACTUAL,VNSTOCK_BRONZE
AVG,LATEST,ratio,order,58.0,ACTUAL,VNSTOCK_BRONZE
AVG,LATEST,ratio,level,2.0,ACTUAL,VNSTOCK_BRONZE
AVG,LATEST,ratio,order,59.0,ACTUAL,VNSTOCK_BRONZE
AVG,LATEST,ratio,level,2.0,ACTUAL,VNSTOCK_BRONZE
AVG,LATEST,ratio,value,0.0,ACTUAL,VNSTOCK_BRONZE
AVG,LATEST,ratio,order,60.0,ACTUAL,VNSTOCK_BRONZE
AVG,LATEST,ratio,level,2.0,ACTUAL,VNSTOCK_BRONZE
AVG,LATEST,ratio,value,0.0,ACTUAL,VNSTOCK_BRONZE
AVG,LATEST,ratio,order,1.0,ACTUAL,VNSTOCK_BRONZE
AVG,LATEST,ratio,level,1.0,ACTUAL,VNSTOCK_BRONZE
AVG,LATEST,ratio,order,2.0,ACTUAL,VNSTOCK_BRONZE
AVG,LATEST,ratio,level,2.0,ACTUAL,VNSTOCK_BRONZE
AVG,LATEST,ratio,value,48.5321623124,ACTUAL,VNSTOCK_BRONZE
AVG,LATEST,ratio,order,3.0,ACTUAL,VNSTOCK_BRONZE
AVG,LATEST,ratio,level,2.0,ACTUAL,VNSTOCK_BRONZE
AVG,LATEST,ratio,value,2.0570190288,ACTUAL,VNSTOCK_BRONZE
AVG,LATEST,ratio,order,4.0,ACTUAL,VNSTOCK_BRONZE
AVG,LATEST,ratio,level,2.0,ACTUAL,VNSTOCK_BRONZE
AVG,LATEST,ratio,value,0.7208254422,ACTUAL,VNSTOCK_BRONZE
AVG,LATEST,ratio,order,5.0,ACTUAL,VNSTOCK_BRONZE
AVG,LATEST,ratio,level,2.0,ACTUAL,VNSTOCK_BRONZE
AVG,LATEST,ratio,value,-63.6872989221,ACTUAL,VNSTOCK_BRONZE
AVG,LATEST,ratio,order,6.0,ACTUAL,VNSTOCK_BRONZE
AVG,LATEST,ratio,level,2.0,ACTUAL,VNSTOCK_BRONZE
AVG,LATEST,ratio,value,22.0177106585,ACTUAL,VNSTOCK_BRONZE
AVG,LATEST,ratio,order,7.0,ACTUAL,VNSTOCK_BRONZE
AVG,LATEST,ratio,level,2.0,ACTUAL,VNSTOCK_BRONZE
AVG,LATEST,ratio,value,0.0,ACTUAL,VNSTOCK_BRONZE
AVG,LATEST,ratio,order,8.0,ACTUAL,VNSTOCK_BRONZE
AVG,LATEST,ratio,level,2.0,ACTUAL,VNSTOCK_BRONZE
AVG,LATEST,ratio,value,450362181486.0,ACTUAL,VNSTOCK_BRONZE
AVG,LATEST,ratio,order,9.0,ACTUAL,VNSTOCK_BRONZE
AVG,LATEST,ratio,level,2.0,ACTUAL,VNSTOCK_BRONZE
AVG,LATEST,ratio,order,10.0,ACTUAL,VNSTOCK_BRONZE
AVG,LATEST,ratio,level,2.0,ACTUAL,VNSTOCK_BRONZE
AVG,LATEST,ratio,order,11.0,ACTUAL,VNSTOCK_BRONZE
AVG,LATEST,ratio,level,2.0,ACTUAL,VNSTOCK_BRONZE
AVG,LATEST,ratio,order,12.0,ACTUAL,VNSTOCK_BRONZE
AVG,LATEST,ratio,level,2.0,ACTUAL,VNSTOCK_BRONZE
AVG,LATEST,ratio,value,20141552294.0,ACTUAL,VNSTOCK_BRONZE
AVG,LATEST,ratio,order,13.0,ACTUAL,VNSTOCK_BRONZE
AVG,LATEST,ratio,level,2.0,ACTUAL,VNSTOCK_BRONZE
AVG,LATEST,ratio,value,26524629273.0,ACTUAL,VNSTOCK_BRONZE
AVG,LATEST,ratio,order,14.0,ACTUAL,VNSTOCK_BRONZE
AVG,LATEST,ratio,level,2.0,ACTUAL,VNSTOCK_BRONZE
AVG,LATEST,ratio,value,0.0290344607,ACTUAL,VNSTOCK_BRONZE
AVG,LATEST,ratio,order,15.0,ACTUAL,VNSTOCK_BRONZE
AVG,LATEST,ratio,level,2.0,ACTUAL,VNSTOCK_BRONZE
AVG,LATEST,ratio,value,17679982.0,ACTUAL,VNSTOCK_BRONZE
AVG,LATEST,ratio,order,16.0,ACTUAL,VNSTOCK_BRONZE
AVG,LATEST,ratio,level,1.0,ACTUAL,VNSTOCK_BRONZE
AVG,LATEST,ratio,order,17.0,ACTUAL,VNSTOCK_BRONZE
AVG,LATEST,ratio,level,2.0,ACTUAL,VNSTOCK_BRONZE
AVG,LATEST,ratio,value,0.0432148217,ACTUAL,VNSTOCK_BRONZE
AVG,LATEST,ratio,order,18.0,ACTUAL,VNSTOCK_BRONZE
AVG,LATEST,ratio,level,2.0,ACTUAL,VNSTOCK_BRONZE
AVG,LATEST,ratio,value,0.0245890665,ACTUAL,VNSTOCK_BRONZE
AVG,LATEST,ratio,order,19.0,ACTUAL,VNSTOCK_BRONZE
AVG,LATEST,ratio,level,2.0,ACTUAL,VNSTOCK_BRONZE
AVG,LATEST,ratio,value,0.054069846,ACTUAL,VNSTOCK_BRONZE
AVG,LATEST,ratio,order,20.0,ACTUAL,VNSTOCK_BRONZE
AVG,LATEST,ratio,level,2.0,ACTUAL,VNSTOCK_BRONZE
AVG,LATEST,ratio,value,0.0434465994,ACTUAL,VNSTOCK_BRONZE
AVG,LATEST,ratio,order,21.0,ACTUAL,VNSTOCK_BRONZE
AVG,LATEST,ratio,level,2.0,ACTUAL,VNSTOCK_BRONZE
AVG,LATEST,ratio,value,0.0322374834,ACTUAL,VNSTOCK_BRONZE
AVG,LATEST,ratio,order,22.0,ACTUAL,VNSTOCK_BRONZE
AVG,LATEST,ratio,level,2.0,ACTUAL,VNSTOCK_BRONZE
AVG,LATEST,ratio,value,0.0158691914,ACTUAL,VNSTOCK_BRONZE
AVG,LATEST,ratio,order,23.0,ACTUAL,VNSTOCK_BRONZE
AVG,LATEST,ratio,level,2.0,ACTUAL,VNSTOCK_BRONZE
AVG,LATEST,ratio,value,0.0149782038,ACTUAL,VNSTOCK_BRONZE
AVG,LATEST,ratio,order,24.0,ACTUAL,VNSTOCK_BRONZE
AVG,LATEST,ratio,level,2.0,ACTUAL,VNSTOCK_BRONZE
AVG,LATEST,ratio,value,1.6555472325,ACTUAL,VNSTOCK_BRONZE
AVG,LATEST,ratio,order,25.0,ACTUAL,VNSTOCK_BRONZE
AVG,LATEST,ratio,level,2.0,ACTUAL,VNSTOCK_BRONZE
AVG,LATEST,ratio,value,6.7585146998,ACTUAL,VNSTOCK_BRONZE
AVG,LATEST,ratio,order,26.0,ACTUAL,VNSTOCK_BRONZE
AVG,LATEST,ratio,level,2.0,ACTUAL,VNSTOCK_BRONZE
AVG,LATEST,ratio,value,46.5099166519,ACTUAL,VNSTOCK_BRONZE
AVG,LATEST,ratio,order,27.0,ACTUAL,VNSTOCK_BRONZE
AVG,LATEST,ratio,level,2.0,ACTUAL,VNSTOCK_BRONZE
AVG,LATEST,ratio,value,49.9847241098,ACTUAL,VNSTOCK_BRONZE
AVG,LATEST,ratio,order,28.0,ACTUAL,VNSTOCK_BRONZE
AVG,LATEST,ratio,level,2.0,ACTUAL,VNSTOCK_BRONZE
AVG,LATEST,ratio,value,13.1671436797,ACTUAL,VNSTOCK_BRONZE
AVG,LATEST,ratio,order,29.0,ACTUAL,VNSTOCK_BRONZE
AVG,LATEST,ratio,level,2.0,ACTUAL,VNSTOCK_BRONZE
AVG,LATEST,ratio,value,116.9357946095,ACTUAL,VNSTOCK_BRONZE
AVG,LATEST,ratio,order,30.0,ACTUAL,VNSTOCK_BRONZE
AVG,LATEST,ratio,level,1.0,ACTUAL,VNSTOCK_BRONZE
AVG,LATEST,ratio,order,31.0,ACTUAL,VNSTOCK_BRONZE
AVG,LATEST,ratio,level,2.0,ACTUAL,VNSTOCK_BRONZE
AVG,LATEST,ratio,value,1.2597094893,ACTUAL,VNSTOCK_BRONZE
AVG,LATEST,ratio,order,32.0,ACTUAL,VNSTOCK_BRONZE
AVG,LATEST,ratio,level,2.0,ACTUAL,VNSTOCK_BRONZE
AVG,LATEST,ratio,value,0.839242994,ACTUAL,VNSTOCK_BRONZE
AVG,LATEST,ratio,order,33.0,ACTUAL,VNSTOCK_BRONZE
AVG,LATEST,ratio,level,2.0,ACTUAL,VNSTOCK_BRONZE
AVG,LATEST,ratio,value,0.1126983785,ACTUAL,VNSTOCK_BRONZE
AVG,LATEST,ratio,order,34.0,ACTUAL,VNSTOCK_BRONZE
AVG,LATEST,ratio,level,2.0,ACTUAL,VNSTOCK_BRONZE
AVG,LATEST,ratio,order,35.0,ACTUAL,VNSTOCK_BRONZE
AVG,LATEST,ratio,level,2.0,ACTUAL,VNSTOCK_BRONZE
AVG,LATEST,ratio,order,36.0,ACTUAL,VNSTOCK_BRONZE
AVG,LATEST,ratio,level,2.0,ACTUAL,VNSTOCK_BRONZE
AVG,LATEST,ratio,order,37.0,ACTUAL,VNSTOCK_BRONZE
AVG,LATEST,ratio,level,2.0,ACTUAL,VNSTOCK_BRONZE
AVG,LATEST,ratio,order,38.0,ACTUAL,VNSTOCK_BRONZE
AVG,LATEST,ratio,level,1.0,ACTUAL,VNSTOCK_BRONZE
AVG,LATEST,ratio,order,39.0,ACTUAL,VNSTOCK_BRONZE
AVG,LATEST,ratio,level,2.0,ACTUAL,VNSTOCK_BRONZE
AVG,LATEST,ratio,value,0.826500152,ACTUAL,VNSTOCK_BRONZE
AVG,LATEST,ratio,order,40.0,ACTUAL,VNSTOCK_BRONZE
AVG,LATEST,ratio,level,2.0,ACTUAL,VNSTOCK_BRONZE
AVG,LATEST,ratio,value,0.6766907017,ACTUAL,VNSTOCK_BRONZE
AVG,LATEST,ratio,order,41.0,ACTUAL,VNSTOCK_BRONZE
AVG,LATEST,ratio,level,2.0,ACTUAL,VNSTOCK_BRONZE
AVG,LATEST,ratio,order,42.0,ACTUAL,VNSTOCK_BRONZE
AVG,LATEST,ratio,level,2.0,ACTUAL,VNSTOCK_BRONZE
AVG,LATEST,ratio,value,0.826500152,ACTUAL,VNSTOCK_BRONZE
AVG,LATEST,ratio,order,43.0,ACTUAL,VNSTOCK_BRONZE
AVG,LATEST,ratio,level,2.0,ACTUAL,VNSTOCK_BRONZE
AVG,LATEST,ratio,value,0.0,ACTUAL,VNSTOCK_BRONZE
AVG,LATEST,ratio,order,44.0,ACTUAL,VNSTOCK_BRONZE
AVG,LATEST,ratio,level,2.0,ACTUAL,VNSTOCK_BRONZE
AVG,LATEST,ratio,value,0.0,ACTUAL,VNSTOCK_BRONZE
AVG,LATEST,ratio,order,45.0,ACTUAL,VNSTOCK_BRONZE
AVG,LATEST,ratio,level,1.0,ACTUAL,VNSTOCK_BRONZE
AVG,LATEST,ratio,order,46.0,ACTUAL,VNSTOCK_BRONZE
AVG,LATEST,ratio,level,2.0,ACTUAL,VNSTOCK_BRONZE
AVG,LATEST,ratio,value,0.0,ACTUAL,VNSTOCK_BRONZE
AVG,LATEST,ratio,order,47.0,ACTUAL,VNSTOCK_BRONZE
AVG,LATEST,ratio,level,2.0,ACTUAL,VNSTOCK_BRONZE
AVG,LATEST,ratio,value,0.0,ACTUAL,VNSTOCK_BRONZE
AVG,LATEST,ratio,order,48.0,ACTUAL,VNSTOCK_BRONZE
AVG,LATEST,ratio,level,2.0,ACTUAL,VNSTOCK_BRONZE
AVG,LATEST,ratio,value,0.0,ACTUAL,VNSTOCK_BRONZE
AVG,LATEST,ratio,order,49.0,ACTUAL,VNSTOCK_BRONZE
AVG,LATEST,ratio,level,2.0,ACTUAL,VNSTOCK_BRONZE
AVG,LATEST,ratio,value,0.0,ACTUAL,VNSTOCK_BRONZE
AVG,LATEST,ratio,order,50.0,ACTUAL,VNSTOCK_BRONZE
AVG,LATEST,ratio,level,2.0,ACTUAL,VNSTOCK_BRONZE
AVG,LATEST,ratio,value,0.0,ACTUAL,VNSTOCK_BRONZE
AVG,LATEST,ratio,order,51.0,ACTUAL,VNSTOCK_BRONZE
AVG,LATEST,ratio,level,2.0,ACTUAL,VNSTOCK_BRONZE
AVG,LATEST,ratio,value,0.0,ACTUAL,VNSTOCK_BRONZE
AVG,LATEST,ratio,order,52.0,ACTUAL,VNSTOCK_BRONZE
AVG,LATEST,ratio,level,2.0,ACTUAL,VNSTOCK_BRONZE
AVG,LATEST,ratio,value,0.0,ACTUAL,VNSTOCK_BRONZE
AVG,LATEST,ratio,order,53.0,ACTUAL,VNSTOCK_BRONZE
AVG,LATEST,ratio,level,2.0,ACTUAL,VNSTOCK_BRONZE
AVG,LATEST,ratio,value,0.0,ACTUAL,VNSTOCK_BRONZE
AVG,LATEST,ratio,order,54.0,ACTUAL,VNSTOCK_BRONZE
AVG,LATEST,ratio,level,2.0,ACTUAL,VNSTOCK_BRONZE
AVG,LATEST,ratio,value,0.0,ACTUAL,VNSTOCK_BRONZE
AVG,LATEST,ratio,order,55.0,ACTUAL,VNSTOCK_BRONZE
AVG,LATEST,ratio,level,2.0,ACTUAL,VNSTOCK_BRONZE
AVG,LATEST,ratio,value,0.0,ACTUAL,VNSTOCK_BRONZE
AVG,LATEST,ratio,order,56.0,ACTUAL,VNSTOCK_BRONZE
AVG,LATEST,ratio,level,2.0,ACTUAL,VNSTOCK_BRONZE
AVG,LATEST,ratio,value,0.0,ACTUAL,VNSTOCK_BRONZE
AVG,LATEST,ratio,order,57.0,ACTUAL,VNSTOCK_BRONZE
AVG,LATEST,ratio,level,2.0,ACTUAL,VNSTOCK_BRONZE
AVG,LATEST,ratio,order,58.0,ACTUAL,VNSTOCK_BRONZE
AVG,LATEST,ratio,level,2.0,ACTUAL,VNSTOCK_BRONZE
AVG,LATEST,ratio,order,59.0,ACTUAL,VNSTOCK_BRONZE
AVG,LATEST,ratio,level,2.0,ACTUAL,VNSTOCK_BRONZE
AVG,LATEST,ratio,value,0.0,ACTUAL,VNSTOCK_BRONZE
AVG,LATEST,ratio,order,60.0,ACTUAL,VNSTOCK_BRONZE
AVG,LATEST,ratio,level,2.0,ACTUAL,VNSTOCK_BRONZE
AVG,LATEST,ratio,value,0.0,ACTUAL,VNSTOCK_BRONZE
AVG,LATEST,balance_sheet,order,1.0,ACTUAL,VNSTOCK_BRONZE
AVG,LATEST,balance_sheet,level,1.0,ACTUAL,VNSTOCK_BRONZE
AVG,LATEST,balance_sheet,off_balance,0.0,ACTUAL,VNSTOCK_BRONZE
AVG,LATEST,balance_sheet,value,264655719009.0,ACTUAL,VNSTOCK_BRONZE
AVG,LATEST,balance_sheet,order,2.0,ACTUAL,VNSTOCK_BRONZE
AVG,LATEST,balance_sheet,level,1.0,ACTUAL,VNSTOCK_BRONZE
AVG,LATEST,balance_sheet,off_balance,0.0,ACTUAL,VNSTOCK_BRONZE
AVG,LATEST,balance_sheet,value,18977562853.0,ACTUAL,VNSTOCK_BRONZE
AVG,LATEST,balance_sheet,order,3.0,ACTUAL,VNSTOCK_BRONZE
AVG,LATEST,balance_sheet,level,2.0,ACTUAL,VNSTOCK_BRONZE
AVG,LATEST,balance_sheet,off_balance,0.0,ACTUAL,VNSTOCK_BRONZE
AVG,LATEST,balance_sheet,value,18977562853.0,ACTUAL,VNSTOCK_BRONZE
AVG,LATEST,balance_sheet,order,4.0,ACTUAL,VNSTOCK_BRONZE
AVG,LATEST,balance_sheet,level,2.0,ACTUAL,VNSTOCK_BRONZE
AVG,LATEST,balance_sheet,off_balance,0.0,ACTUAL,VNSTOCK_BRONZE
AVG,LATEST,balance_sheet,value,0.0,ACTUAL,VNSTOCK_BRONZE
AVG,LATEST,balance_sheet,order,5.0,ACTUAL,VNSTOCK_BRONZE
AVG,LATEST,balance_sheet,level,1.0,ACTUAL,VNSTOCK_BRONZE
AVG,LATEST,balance_sheet,off_balance,0.0,ACTUAL,VNSTOCK_BRONZE
AVG,LATEST,balance_sheet,value,26325225435.0,ACTUAL,VNSTOCK_BRONZE
AVG,LATEST,balance_sheet,order,6.0,ACTUAL,VNSTOCK_BRONZE
AVG,LATEST,balance_sheet,level,2.0,ACTUAL,VNSTOCK_BRONZE
AVG,LATEST,balance_sheet,off_balance,0.0,ACTUAL,VNSTOCK_BRONZE
AVG,LATEST,balance_sheet,value,25825225435.0,ACTUAL,VNSTOCK_BRONZE
AVG,LATEST,balance_sheet,order,7.0,ACTUAL,VNSTOCK_BRONZE
AVG,LATEST,balance_sheet,level,2.0,ACTUAL,VNSTOCK_BRONZE
AVG,LATEST,balance_sheet,off_balance,0.0,ACTUAL,VNSTOCK_BRONZE
AVG,LATEST,balance_sheet,value,0.0,ACTUAL,VNSTOCK_BRONZE
AVG,LATEST,balance_sheet,order,8.0,ACTUAL,VNSTOCK_BRONZE
AVG,LATEST,balance_sheet,level,2.0,ACTUAL,VNSTOCK_BRONZE
AVG,LATEST,balance_sheet,off_balance,0.0,ACTUAL,VNSTOCK_BRONZE
AVG,LATEST,balance_sheet,value,500000000.0,ACTUAL,VNSTOCK_BRONZE
AVG,LATEST,balance_sheet,order,9.0,ACTUAL,VNSTOCK_BRONZE
AVG,LATEST,balance_sheet,level,1.0,ACTUAL,VNSTOCK_BRONZE
AVG,LATEST,balance_sheet,off_balance,0.0,ACTUAL,VNSTOCK_BRONZE
AVG,LATEST,balance_sheet,value,163459283426.0,ACTUAL,VNSTOCK_BRONZE
AVG,LATEST,balance_sheet,order,10.0,ACTUAL,VNSTOCK_BRONZE
AVG,LATEST,balance_sheet,level,2.0,ACTUAL,VNSTOCK_BRONZE
AVG,LATEST,balance_sheet,off_balance,0.0,ACTUAL,VNSTOCK_BRONZE
AVG,LATEST,balance_sheet,value,158025866456.0,ACTUAL,VNSTOCK_BRONZE
AVG,LATEST,balance_sheet,order,11.0,ACTUAL,VNSTOCK_BRONZE
AVG,LATEST,balance_sheet,level,2.0,ACTUAL,VNSTOCK_BRONZE
AVG,LATEST,balance_sheet,off_balance,0.0,ACTUAL,VNSTOCK_BRONZE
AVG,LATEST,balance_sheet,value,3419651771.0,ACTUAL,VNSTOCK_BRONZE
AVG,LATEST,balance_sheet,order,12.0,ACTUAL,VNSTOCK_BRONZE
AVG,LATEST,balance_sheet,level,2.0,ACTUAL,VNSTOCK_BRONZE
AVG,LATEST,balance_sheet,off_balance,0.0,ACTUAL,VNSTOCK_BRONZE
AVG,LATEST,balance_sheet,value,0.0,ACTUAL,VNSTOCK_BRONZE
AVG,LATEST,balance_sheet,order,13.0,ACTUAL,VNSTOCK_BRONZE
AVG,LATEST,balance_sheet,level,2.0,ACTUAL,VNSTOCK_BRONZE
AVG,LATEST,balance_sheet,off_balance,0.0,ACTUAL,VNSTOCK_BRONZE
AVG,LATEST,balance_sheet,value,0.0,ACTUAL,VNSTOCK_BRONZE
AVG,LATEST,balance_sheet,order,14.0,ACTUAL,VNSTOCK_BRONZE
AVG,LATEST,balance_sheet,level,2.0,ACTUAL,VNSTOCK_BRONZE
AVG,LATEST,balance_sheet,off_balance,0.0,ACTUAL,VNSTOCK_BRONZE
AVG,LATEST,balance_sheet,value,0.0,ACTUAL,VNSTOCK_BRONZE
AVG,LATEST,balance_sheet,order,15.0,ACTUAL,VNSTOCK_BRONZE
AVG,LATEST,balance_sheet,level,2.0,ACTUAL,VNSTOCK_BRONZE
AVG,LATEST,balance_sheet,off_balance,0.0,ACTUAL,VNSTOCK_BRONZE
AVG,LATEST,balance_sheet,value,2013765199.0,ACTUAL,VNSTOCK_BRONZE
AVG,LATEST,balance_sheet,order,16.0,ACTUAL,VNSTOCK_BRONZE
AVG,LATEST,balance_sheet,level,2.0,ACTUAL,VNSTOCK_BRONZE
AVG,LATEST,balance_sheet,off_balance,0.0,ACTUAL,VNSTOCK_BRONZE
AVG,LATEST,balance_sheet,value,0.0,ACTUAL,VNSTOCK_BRONZE
AVG,LATEST,balance_sheet,order,17.0,ACTUAL,VNSTOCK_BRONZE
AVG,LATEST,balance_sheet,level,2.0,ACTUAL,VNSTOCK_BRONZE
AVG,LATEST,balance_sheet,off_balance,0.0,ACTUAL,VNSTOCK_BRONZE
AVG,LATEST,balance_sheet,value,0.0,ACTUAL,VNSTOCK_BRONZE
AVG,LATEST,balance_sheet,order,18.0,ACTUAL,VNSTOCK_BRONZE
AVG,LATEST,balance_sheet,level,1.0,ACTUAL,VNSTOCK_BRONZE
AVG,LATEST,balance_sheet,off_balance,0.0,ACTUAL,VNSTOCK_BRONZE
AVG,LATEST,balance_sheet,value,51934796213.0,ACTUAL,VNSTOCK_BRONZE
AVG,LATEST,balance_sheet,order,19.0,ACTUAL,VNSTOCK_BRONZE
AVG,LATEST,balance_sheet,level,2.0,ACTUAL,VNSTOCK_BRONZE
AVG,LATEST,balance_sheet,off_balance,0.0,ACTUAL,VNSTOCK_BRONZE
AVG,LATEST,balance_sheet,value,51934796213.0,ACTUAL,VNSTOCK_BRONZE
AVG,LATEST,balance_sheet,order,20.0,ACTUAL,VNSTOCK_BRONZE
AVG,LATEST,balance_sheet,level,2.0,ACTUAL,VNSTOCK_BRONZE
AVG,LATEST,balance_sheet,off_balance,0.0,ACTUAL,VNSTOCK_BRONZE
AVG,LATEST,balance_sheet,value,0.0,ACTUAL,VNSTOCK_BRONZE
AVG,LATEST,balance_sheet,order,21.0,ACTUAL,VNSTOCK_BRONZE
AVG,LATEST,balance_sheet,level,1.0,ACTUAL,VNSTOCK_BRONZE
AVG,LATEST,balance_sheet,off_balance,0.0,ACTUAL,VNSTOCK_BRONZE
AVG,LATEST,balance_sheet,value,3958851082.0,ACTUAL,VNSTOCK_BRONZE
AVG,LATEST,balance_sheet,order,22.0,ACTUAL,VNSTOCK_BRONZE
AVG,LATEST,balance_sheet,level,2.0,ACTUAL,VNSTOCK_BRONZE
AVG,LATEST,balance_sheet,off_balance,0.0,ACTUAL,VNSTOCK_BRONZE
AVG,LATEST,balance_sheet,value,754934791.0,ACTUAL,VNSTOCK_BRONZE
AVG,LATEST,balance_sheet,order,23.0,ACTUAL,VNSTOCK_BRONZE
AVG,LATEST,balance_sheet,level,2.0,ACTUAL,VNSTOCK_BRONZE
AVG,LATEST,balance_sheet,off_balance,0.0,ACTUAL,VNSTOCK_BRONZE
AVG,LATEST,balance_sheet,value,3203916291.0,ACTUAL,VNSTOCK_BRONZE
AVG,LATEST,balance_sheet,order,24.0,ACTUAL,VNSTOCK_BRONZE
AVG,LATEST,balance_sheet,level,2.0,ACTUAL,VNSTOCK_BRONZE
AVG,LATEST,balance_sheet,off_balance,0.0,ACTUAL,VNSTOCK_BRONZE
AVG,LATEST,balance_sheet,value,0.0,ACTUAL,VNSTOCK_BRONZE
AVG,LATEST,balance_sheet,order,25.0,ACTUAL,VNSTOCK_BRONZE
AVG,LATEST,balance_sheet,level,2.0,ACTUAL,VNSTOCK_BRONZE
AVG,LATEST,balance_sheet,off_balance,0.0,ACTUAL,VNSTOCK_BRONZE
AVG,LATEST,balance_sheet,value,0.0,ACTUAL,VNSTOCK_BRONZE
AVG,LATEST,balance_sheet,order,26.0,ACTUAL,VNSTOCK_BRONZE
AVG,LATEST,balance_sheet,level,1.0,ACTUAL,VNSTOCK_BRONZE
AVG,LATEST,balance_sheet,off_balance,0.0,ACTUAL,VNSTOCK_BRONZE
AVG,LATEST,balance_sheet,value,232654405541.0,ACTUAL,VNSTOCK_BRONZE
AVG,LATEST,balance_sheet,order,27.0,ACTUAL,VNSTOCK_BRONZE
AVG,LATEST,balance_sheet,level,1.0,ACTUAL,VNSTOCK_BRONZE
AVG,LATEST,balance_sheet,off_balance,0.0,ACTUAL,VNSTOCK_BRONZE
AVG,LATEST,balance_sheet,value,0.0,ACTUAL,VNSTOCK_BRONZE
AVG,LATEST,balance_sheet,order,28.0,ACTUAL,VNSTOCK_BRONZE
AVG,LATEST,balance_sheet,level,2.0,ACTUAL,VNSTOCK_BRONZE
AVG,LATEST,balance_sheet,off_balance,0.0,ACTUAL,VNSTOCK_BRONZE
AVG,LATEST,balance_sheet,value,0.0,ACTUAL,VNSTOCK_BRONZE
AVG,LATEST,balance_sheet,order,29.0,ACTUAL,VNSTOCK_BRONZE
AVG,LATEST,balance_sheet,level,2.0,ACTUAL,VNSTOCK_BRONZE
AVG,LATEST,balance_sheet,off_balance,0.0,ACTUAL,VNSTOCK_BRONZE
AVG,LATEST,balance_sheet,value,0.0,ACTUAL,VNSTOCK_BRONZE
AVG,LATEST,balance_sheet,order,30.0,ACTUAL,VNSTOCK_BRONZE
AVG,LATEST,balance_sheet,level,2.0,ACTUAL,VNSTOCK_BRONZE
AVG,LATEST,balance_sheet,off_balance,0.0,ACTUAL,VNSTOCK_BRONZE
AVG,LATEST,balance_sheet,value,0.0,ACTUAL,VNSTOCK_BRONZE
AVG,LATEST,balance_sheet,order,31.0,ACTUAL,VNSTOCK_BRONZE
AVG,LATEST,balance_sheet,level,2.0,ACTUAL,VNSTOCK_BRONZE
AVG,LATEST,balance_sheet,off_balance,0.0,ACTUAL,VNSTOCK_BRONZE
AVG,LATEST,balance_sheet,value,0.0,ACTUAL,VNSTOCK_BRONZE
AVG,LATEST,balance_sheet,order,32.0,ACTUAL,VNSTOCK_BRONZE
AVG,LATEST,balance_sheet,level,2.0,ACTUAL,VNSTOCK_BRONZE
AVG,LATEST,balance_sheet,off_balance,0.0,ACTUAL,VNSTOCK_BRONZE
AVG,LATEST,balance_sheet,value,0.0,ACTUAL,VNSTOCK_BRONZE
AVG,LATEST,balance_sheet,order,33.0,ACTUAL,VNSTOCK_BRONZE
AVG,LATEST,balance_sheet,level,2.0,ACTUAL,VNSTOCK_BRONZE
AVG,LATEST,balance_sheet,off_balance,0.0,ACTUAL,VNSTOCK_BRONZE
AVG,LATEST,balance_sheet,value,-0.0,ACTUAL,VNSTOCK_BRONZE
AVG,LATEST,balance_sheet,order,34.0,ACTUAL,VNSTOCK_BRONZE
AVG,LATEST,balance_sheet,level,1.0,ACTUAL,VNSTOCK_BRONZE
AVG,LATEST,balance_sheet,off_balance,0.0,ACTUAL,VNSTOCK_BRONZE
AVG,LATEST,balance_sheet,value,96844587378.0,ACTUAL,VNSTOCK_BRONZE
AVG,LATEST,balance_sheet,order,35.0,ACTUAL,VNSTOCK_BRONZE
AVG,LATEST,balance_sheet,level,2.0,ACTUAL,VNSTOCK_BRONZE
AVG,LATEST,balance_sheet,off_balance,0.0,ACTUAL,VNSTOCK_BRONZE
AVG,LATEST,balance_sheet,value,71524765617.0,ACTUAL,VNSTOCK_BRONZE
AVG,LATEST,balance_sheet,order,36.0,ACTUAL,VNSTOCK_BRONZE
AVG,LATEST,balance_sheet,level,3.0,ACTUAL,VNSTOCK_BRONZE
AVG,LATEST,balance_sheet,off_balance,0.0,ACTUAL,VNSTOCK_BRONZE
AVG,LATEST,balance_sheet,value,96336634999.0,ACTUAL,VNSTOCK_BRONZE
AVG,LATEST,balance_sheet,order,37.0,ACTUAL,VNSTOCK_BRONZE
AVG,LATEST,balance_sheet,level,3.0,ACTUAL,VNSTOCK_BRONZE
AVG,LATEST,balance_sheet,off_balance,0.0,ACTUAL,VNSTOCK_BRONZE
AVG,LATEST,balance_sheet,value,-24811869382.0,ACTUAL,VNSTOCK_BRONZE
AVG,LATEST,balance_sheet,order,38.0,ACTUAL,VNSTOCK_BRONZE
AVG,LATEST,balance_sheet,level,2.0,ACTUAL,VNSTOCK_BRONZE
AVG,LATEST,balance_sheet,off_balance,0.0,ACTUAL,VNSTOCK_BRONZE
AVG,LATEST,balance_sheet,value,1891500005.0,ACTUAL,VNSTOCK_BRONZE
AVG,LATEST,balance_sheet,order,39.0,ACTUAL,VNSTOCK_BRONZE
AVG,LATEST,balance_sheet,level,3.0,ACTUAL,VNSTOCK_BRONZE
AVG,LATEST,balance_sheet,off_balance,0.0,ACTUAL,VNSTOCK_BRONZE
AVG,LATEST,balance_sheet,value,2522000000.0,ACTUAL,VNSTOCK_BRONZE
AVG,LATEST,balance_sheet,order,40.0,ACTUAL,VNSTOCK_BRONZE
AVG,LATEST,balance_sheet,level,3.0,ACTUAL,VNSTOCK_BRONZE
AVG,LATEST,balance_sheet,off_balance,0.0,ACTUAL,VNSTOCK_BRONZE
AVG,LATEST,balance_sheet,value,-630499995.0,ACTUAL,VNSTOCK_BRONZE
AVG,LATEST,balance_sheet,order,41.0,ACTUAL,VNSTOCK_BRONZE
AVG,LATEST,balance_sheet,level,2.0,ACTUAL,VNSTOCK_BRONZE
AVG,LATEST,balance_sheet,off_balance,0.0,ACTUAL,VNSTOCK_BRONZE
AVG,LATEST,balance_sheet,value,23428321756.0,ACTUAL,VNSTOCK_BRONZE
AVG,LATEST,balance_sheet,order,42.0,ACTUAL,VNSTOCK_BRONZE
AVG,LATEST,balance_sheet,level,3.0,ACTUAL,VNSTOCK_BRONZE
AVG,LATEST,balance_sheet,off_balance,0.0,ACTUAL,VNSTOCK_BRONZE
AVG,LATEST,balance_sheet,value,28677302852.0,ACTUAL,VNSTOCK_BRONZE
AVG,LATEST,balance_sheet,order,43.0,ACTUAL,VNSTOCK_BRONZE
AVG,LATEST,balance_sheet,level,3.0,ACTUAL,VNSTOCK_BRONZE
AVG,LATEST,balance_sheet,off_balance,0.0,ACTUAL,VNSTOCK_BRONZE
AVG,LATEST,balance_sheet,value,-5248981096.0,ACTUAL,VNSTOCK_BRONZE
AVG,LATEST,balance_sheet,order,44.0,ACTUAL,VNSTOCK_BRONZE
AVG,LATEST,balance_sheet,level,1.0,ACTUAL,VNSTOCK_BRONZE
AVG,LATEST,balance_sheet,off_balance,0.0,ACTUAL,VNSTOCK_BRONZE
AVG,LATEST,balance_sheet,value,72226418838.0,ACTUAL,VNSTOCK_BRONZE
AVG,LATEST,balance_sheet,order,45.0,ACTUAL,VNSTOCK_BRONZE
AVG,LATEST,balance_sheet,level,2.0,ACTUAL,VNSTOCK_BRONZE
AVG,LATEST,balance_sheet,off_balance,0.0,ACTUAL,VNSTOCK_BRONZE
AVG,LATEST,balance_sheet,value,91251885140.0,ACTUAL,VNSTOCK_BRONZE
AVG,LATEST,balance_sheet,order,46.0,ACTUAL,VNSTOCK_BRONZE
AVG,LATEST,balance_sheet,level,2.0,ACTUAL,VNSTOCK_BRONZE
AVG,LATEST,balance_sheet,off_balance,0.0,ACTUAL,VNSTOCK_BRONZE
AVG,LATEST,balance_sheet,value,-19025466302.0,ACTUAL,VNSTOCK_BRONZE
AVG,LATEST,balance_sheet,order,47.0,ACTUAL,VNSTOCK_BRONZE
AVG,LATEST,balance_sheet,level,1.0,ACTUAL,VNSTOCK_BRONZE
AVG,LATEST,balance_sheet,off_balance,0.0,ACTUAL,VNSTOCK_BRONZE
AVG,LATEST,balance_sheet,value,45868922389.0,ACTUAL,VNSTOCK_BRONZE
AVG,LATEST,balance_sheet,order,48.0,ACTUAL,VNSTOCK_BRONZE
AVG,LATEST,balance_sheet,level,2.0,ACTUAL,VNSTOCK_BRONZE
AVG,LATEST,balance_sheet,off_balance,0.0,ACTUAL,VNSTOCK_BRONZE
AVG,LATEST,balance_sheet,value,0.0,ACTUAL,VNSTOCK_BRONZE
AVG,LATEST,balance_sheet,order,49.0,ACTUAL,VNSTOCK_BRONZE
AVG,LATEST,balance_sheet,level,2.0,ACTUAL,VNSTOCK_BRONZE
AVG,LATEST,balance_sheet,off_balance,0.0,ACTUAL,VNSTOCK_BRONZE
AVG,LATEST,balance_sheet,value,45868922389.0,ACTUAL,VNSTOCK_BRONZE
AVG,LATEST,balance_sheet,order,50.0,ACTUAL,VNSTOCK_BRONZE
AVG,LATEST,balance_sheet,level,1.0,ACTUAL,VNSTOCK_BRONZE
AVG,LATEST,balance_sheet,off_balance,0.0,ACTUAL,VNSTOCK_BRONZE
AVG,LATEST,balance_sheet,value,0.0,ACTUAL,VNSTOCK_BRONZE
AVG,LATEST,balance_sheet,order,51.0,ACTUAL,VNSTOCK_BRONZE
AVG,LATEST,balance_sheet,level,2.0,ACTUAL,VNSTOCK_BRONZE
AVG,LATEST,balance_sheet,off_balance,0.0,ACTUAL,VNSTOCK_BRONZE
AVG,LATEST,balance_sheet,value,0.0,ACTUAL,VNSTOCK_BRONZE
AVG,LATEST,balance_sheet,order,52.0,ACTUAL,VNSTOCK_BRONZE
AVG,LATEST,balance_sheet,level,2.0,ACTUAL,VNSTOCK_BRONZE
AVG,LATEST,balance_sheet,off_balance,0.0,ACTUAL,VNSTOCK_BRONZE
AVG,LATEST,balance_sheet,value,0.0,ACTUAL,VNSTOCK_BRONZE
AVG,LATEST,balance_sheet,order,53.0,ACTUAL,VNSTOCK_BRONZE
AVG,LATEST,balance_sheet,level,2.0,ACTUAL,VNSTOCK_BRONZE
AVG,LATEST,balance_sheet,off_balance,0.0,ACTUAL,VNSTOCK_BRONZE
AVG,LATEST,balance_sheet,value,0.0,ACTUAL,VNSTOCK_BRONZE
AVG,LATEST,balance_sheet,order,54.0,ACTUAL,VNSTOCK_BRONZE
AVG,LATEST,balance_sheet,level,2.0,ACTUAL,VNSTOCK_BRONZE
AVG,LATEST,balance_sheet,off_balance,0.0,ACTUAL,VNSTOCK_BRONZE
AVG,LATEST,balance_sheet,value,0.0,ACTUAL,VNSTOCK_BRONZE
AVG,LATEST,balance_sheet,order,55.0,ACTUAL,VNSTOCK_BRONZE
AVG,LATEST,balance_sheet,level,2.0,ACTUAL,VNSTOCK_BRONZE
AVG,LATEST,balance_sheet,off_balance,0.0,ACTUAL,VNSTOCK_BRONZE
AVG,LATEST,balance_sheet,value,0.0,ACTUAL,VNSTOCK_BRONZE
AVG,LATEST,balance_sheet,order,56.0,ACTUAL,VNSTOCK_BRONZE
AVG,LATEST,balance_sheet,level,1.0,ACTUAL,VNSTOCK_BRONZE
AVG,LATEST,balance_sheet,off_balance,0.0,ACTUAL,VNSTOCK_BRONZE
AVG,LATEST,balance_sheet,value,17714476936.0,ACTUAL,VNSTOCK_BRONZE
AVG,LATEST,balance_sheet,order,57.0,ACTUAL,VNSTOCK_BRONZE
AVG,LATEST,balance_sheet,level,2.0,ACTUAL,VNSTOCK_BRONZE
AVG,LATEST,balance_sheet,off_balance,0.0,ACTUAL,VNSTOCK_BRONZE
AVG,LATEST,balance_sheet,value,0.0,ACTUAL,VNSTOCK_BRONZE
AVG,LATEST,balance_sheet,order,58.0,ACTUAL,VNSTOCK_BRONZE
AVG,LATEST,balance_sheet,level,2.0,ACTUAL,VNSTOCK_BRONZE
AVG,LATEST,balance_sheet,off_balance,0.0,ACTUAL,VNSTOCK_BRONZE
AVG,LATEST,balance_sheet,value,17714476936.0,ACTUAL,VNSTOCK_BRONZE
AVG,LATEST,balance_sheet,order,59.0,ACTUAL,VNSTOCK_BRONZE
AVG,LATEST,balance_sheet,level,2.0,ACTUAL,VNSTOCK_BRONZE
AVG,LATEST,balance_sheet,off_balance,0.0,ACTUAL,VNSTOCK_BRONZE
AVG,LATEST,balance_sheet,value,0.0,ACTUAL,VNSTOCK_BRONZE
AVG,LATEST,balance_sheet,order,60.0,ACTUAL,VNSTOCK_BRONZE
AVG,LATEST,balance_sheet,level,2.0,ACTUAL,VNSTOCK_BRONZE
AVG,LATEST,balance_sheet,off_balance,0.0,ACTUAL,VNSTOCK_BRONZE
AVG,LATEST,balance_sheet,value,0.0,ACTUAL,VNSTOCK_BRONZE
AVG,LATEST,balance_sheet,order,61.0,ACTUAL,VNSTOCK_BRONZE
AVG,LATEST,balance_sheet,level,2.0,ACTUAL,VNSTOCK_BRONZE
AVG,LATEST,balance_sheet,off_balance,0.0,ACTUAL,VNSTOCK_BRONZE
AVG,LATEST,balance_sheet,value,0.0,ACTUAL,VNSTOCK_BRONZE
AVG,LATEST,balance_sheet,order,62.0,ACTUAL,VNSTOCK_BRONZE
AVG,LATEST,balance_sheet,level,2.0,ACTUAL,VNSTOCK_BRONZE
AVG,LATEST,balance_sheet,off_balance,0.0,ACTUAL,VNSTOCK_BRONZE
AVG,LATEST,balance_sheet,value,0.0,ACTUAL,VNSTOCK_BRONZE
AVG,LATEST,balance_sheet,order,63.0,ACTUAL,VNSTOCK_BRONZE
AVG,LATEST,balance_sheet,level,1.0,ACTUAL,VNSTOCK_BRONZE
AVG,LATEST,balance_sheet,off_balance,0.0,ACTUAL,VNSTOCK_BRONZE
AVG,LATEST,balance_sheet,value,497310124550.0,ACTUAL,VNSTOCK_BRONZE
AVG,LATEST,balance_sheet,order,64.0,ACTUAL,VNSTOCK_BRONZE
AVG,LATEST,balance_sheet,level,1.0,ACTUAL,VNSTOCK_BRONZE
AVG,LATEST,balance_sheet,off_balance,0.0,ACTUAL,VNSTOCK_BRONZE
AVG,LATEST,balance_sheet,value,245039616090.0,ACTUAL,VNSTOCK_BRONZE
AVG,LATEST,balance_sheet,order,65.0,ACTUAL,VNSTOCK_BRONZE
AVG,LATEST,balance_sheet,level,1.0,ACTUAL,VNSTOCK_BRONZE
AVG,LATEST,balance_sheet,off_balance,0.0,ACTUAL,VNSTOCK_BRONZE
AVG,LATEST,balance_sheet,value,235953137057.0,ACTUAL,VNSTOCK_BRONZE
AVG,LATEST,balance_sheet,order,66.0,ACTUAL,VNSTOCK_BRONZE
AVG,LATEST,balance_sheet,level,2.0,ACTUAL,VNSTOCK_BRONZE
AVG,LATEST,balance_sheet,off_balance,0.0,ACTUAL,VNSTOCK_BRONZE
AVG,LATEST,balance_sheet,value,0.0,ACTUAL,VNSTOCK_BRONZE
AVG,LATEST,balance_sheet,order,67.0,ACTUAL,VNSTOCK_BRONZE
AVG,LATEST,balance_sheet,level,2.0,ACTUAL,VNSTOCK_BRONZE
AVG,LATEST,balance_sheet,off_balance,0.0,ACTUAL,VNSTOCK_BRONZE
AVG,LATEST,balance_sheet,value,0.0,ACTUAL,VNSTOCK_BRONZE
AVG,LATEST,balance_sheet,order,68.0,ACTUAL,VNSTOCK_BRONZE
AVG,LATEST,balance_sheet,level,2.0,ACTUAL,VNSTOCK_BRONZE
AVG,LATEST,balance_sheet,off_balance,0.0,ACTUAL,VNSTOCK_BRONZE
AVG,LATEST,balance_sheet,value,0.0,ACTUAL,VNSTOCK_BRONZE
AVG,LATEST,balance_sheet,order,69.0,ACTUAL,VNSTOCK_BRONZE
AVG,LATEST,balance_sheet,level,2.0,ACTUAL,VNSTOCK_BRONZE
AVG,LATEST,balance_sheet,off_balance,0.0,ACTUAL,VNSTOCK_BRONZE
AVG,LATEST,balance_sheet,value,43015542315.0,ACTUAL,VNSTOCK_BRONZE
AVG,LATEST,balance_sheet,order,70.0,ACTUAL,VNSTOCK_BRONZE
AVG,LATEST,balance_sheet,level,2.0,ACTUAL,VNSTOCK_BRONZE
AVG,LATEST,balance_sheet,off_balance,0.0,ACTUAL,VNSTOCK_BRONZE
AVG,LATEST,balance_sheet,value,763705195.0,ACTUAL,VNSTOCK_BRONZE
AVG,LATEST,balance_sheet,order,71.0,ACTUAL,VNSTOCK_BRONZE
AVG,LATEST,balance_sheet,level,2.0,ACTUAL,VNSTOCK_BRONZE
AVG,LATEST,balance_sheet,off_balance,0.0,ACTUAL,VNSTOCK_BRONZE
AVG,LATEST,balance_sheet,value,491258999.0,ACTUAL,VNSTOCK_BRONZE
AVG,LATEST,balance_sheet,order,72.0,ACTUAL,VNSTOCK_BRONZE
AVG,LATEST,balance_sheet,level,2.0,ACTUAL,VNSTOCK_BRONZE
AVG,LATEST,balance_sheet,off_balance,0.0,ACTUAL,VNSTOCK_BRONZE
AVG,LATEST,balance_sheet,value,724092973.0,ACTUAL,VNSTOCK_BRONZE
AVG,LATEST,balance_sheet,order,73.0,ACTUAL,VNSTOCK_BRONZE
AVG,LATEST,balance_sheet,level,2.0,ACTUAL,VNSTOCK_BRONZE
AVG,LATEST,balance_sheet,off_balance,0.0,ACTUAL,VNSTOCK_BRONZE
AVG,LATEST,balance_sheet,value,620438010.0,ACTUAL,VNSTOCK_BRONZE
AVG,LATEST,balance_sheet,order,74.0,ACTUAL,VNSTOCK_BRONZE
AVG,LATEST,balance_sheet,level,2.0,ACTUAL,VNSTOCK_BRONZE
AVG,LATEST,balance_sheet,off_balance,0.0,ACTUAL,VNSTOCK_BRONZE
AVG,LATEST,balance_sheet,value,0.0,ACTUAL,VNSTOCK_BRONZE
AVG,LATEST,balance_sheet,order,75.0,ACTUAL,VNSTOCK_BRONZE
AVG,LATEST,balance_sheet,level,2.0,ACTUAL,VNSTOCK_BRONZE
AVG,LATEST,balance_sheet,off_balance,0.0,ACTUAL,VNSTOCK_BRONZE
AVG,LATEST,balance_sheet,value,0.0,ACTUAL,VNSTOCK_BRONZE
AVG,LATEST,balance_sheet,order,76.0,ACTUAL,VNSTOCK_BRONZE
AVG,LATEST,balance_sheet,level,2.0,ACTUAL,VNSTOCK_BRONZE
AVG,LATEST,balance_sheet,off_balance,0.0,ACTUAL,VNSTOCK_BRONZE
AVG,LATEST,balance_sheet,value,128483328.0,ACTUAL,VNSTOCK_BRONZE
AVG,LATEST,balance_sheet,order,77.0,ACTUAL,VNSTOCK_BRONZE
AVG,LATEST,balance_sheet,level,2.0,ACTUAL,VNSTOCK_BRONZE
AVG,LATEST,balance_sheet,off_balance,0.0,ACTUAL,VNSTOCK_BRONZE
AVG,LATEST,balance_sheet,value,190209616237.0,ACTUAL,VNSTOCK_BRONZE
AVG,LATEST,balance_sheet,order,78.0,ACTUAL,VNSTOCK_BRONZE
AVG,LATEST,balance_sheet,level,2.0,ACTUAL,VNSTOCK_BRONZE
AVG,LATEST,balance_sheet,off_balance,0.0,ACTUAL,VNSTOCK_BRONZE
AVG,LATEST,balance_sheet,value,0.0,ACTUAL,VNSTOCK_BRONZE
AVG,LATEST,balance_sheet,order,79.0,ACTUAL,VNSTOCK_BRONZE
AVG,LATEST,balance_sheet,level,2.0,ACTUAL,VNSTOCK_BRONZE
AVG,LATEST,balance_sheet,off_balance,0.0,ACTUAL,VNSTOCK_BRONZE
AVG,LATEST,balance_sheet,value,0.0,ACTUAL,VNSTOCK_BRONZE
AVG,LATEST,balance_sheet,order,80.0,ACTUAL,VNSTOCK_BRONZE
AVG,LATEST,balance_sheet,level,2.0,ACTUAL,VNSTOCK_BRONZE
AVG,LATEST,balance_sheet,off_balance,0.0,ACTUAL,VNSTOCK_BRONZE
AVG,LATEST,balance_sheet,value,0.0,ACTUAL,VNSTOCK_BRONZE
AVG,LATEST,balance_sheet,order,81.0,ACTUAL,VNSTOCK_BRONZE
AVG,LATEST,balance_sheet,level,2.0,ACTUAL,VNSTOCK_BRONZE
AVG,LATEST,balance_sheet,off_balance,0.0,ACTUAL,VNSTOCK_BRONZE
AVG,LATEST,balance_sheet,value,0.0,ACTUAL,VNSTOCK_BRONZE
AVG,LATEST,balance_sheet,order,82.0,ACTUAL,VNSTOCK_BRONZE
AVG,LATEST,balance_sheet,level,1.0,ACTUAL,VNSTOCK_BRONZE
AVG,LATEST,balance_sheet,off_balance,0.0,ACTUAL,VNSTOCK_BRONZE
AVG,LATEST,balance_sheet,value,9086479033.0,ACTUAL,VNSTOCK_BRONZE
AVG,LATEST,balance_sheet,order,83.0,ACTUAL,VNSTOCK_BRONZE
AVG,LATEST,balance_sheet,level,2.0,ACTUAL,VNSTOCK_BRONZE
AVG,LATEST,balance_sheet,off_balance,0.0,ACTUAL,VNSTOCK_BRONZE
AVG,LATEST,balance_sheet,value,0.0,ACTUAL,VNSTOCK_BRONZE
AVG,LATEST,balance_sheet,order,84.0,ACTUAL,VNSTOCK_BRONZE
AVG,LATEST,balance_sheet,level,2.0,ACTUAL,VNSTOCK_BRONZE
AVG,LATEST,balance_sheet,off_balance,0.0,ACTUAL,VNSTOCK_BRONZE
AVG,LATEST,balance_sheet,order,85.0,ACTUAL,VNSTOCK_BRONZE
AVG,LATEST,balance_sheet,level,2.0,ACTUAL,VNSTOCK_BRONZE
AVG,LATEST,balance_sheet,off_balance,0.0,ACTUAL,VNSTOCK_BRONZE
AVG,LATEST,balance_sheet,value,0.0,ACTUAL,VNSTOCK_BRONZE
AVG,LATEST,balance_sheet,order,86.0,ACTUAL,VNSTOCK_BRONZE
AVG,LATEST,balance_sheet,level,2.0,ACTUAL,VNSTOCK_BRONZE
AVG,LATEST,balance_sheet,off_balance,0.0,ACTUAL,VNSTOCK_BRONZE
AVG,LATEST,balance_sheet,value,0.0,ACTUAL,VNSTOCK_BRONZE
AVG,LATEST,balance_sheet,order,87.0,ACTUAL,VNSTOCK_BRONZE
AVG,LATEST,balance_sheet,level,2.0,ACTUAL,VNSTOCK_BRONZE
AVG,LATEST,balance_sheet,off_balance,0.0,ACTUAL,VNSTOCK_BRONZE
AVG,LATEST,balance_sheet,value,0.0,ACTUAL,VNSTOCK_BRONZE
AVG,LATEST,balance_sheet,order,88.0,ACTUAL,VNSTOCK_BRONZE
AVG,LATEST,balance_sheet,level,2.0,ACTUAL,VNSTOCK_BRONZE
AVG,LATEST,balance_sheet,off_balance,0.0,ACTUAL,VNSTOCK_BRONZE
AVG,LATEST,balance_sheet,value,0.0,ACTUAL,VNSTOCK_BRONZE
AVG,LATEST,balance_sheet,order,89.0,ACTUAL,VNSTOCK_BRONZE
AVG,LATEST,balance_sheet,level,2.0,ACTUAL,VNSTOCK_BRONZE
AVG,LATEST,balance_sheet,off_balance,0.0,ACTUAL,VNSTOCK_BRONZE
AVG,LATEST,balance_sheet,value,0.0,ACTUAL,VNSTOCK_BRONZE
AVG,LATEST,balance_sheet,order,90.0,ACTUAL,VNSTOCK_BRONZE
AVG,LATEST,balance_sheet,level,2.0,ACTUAL,VNSTOCK_BRONZE
AVG,LATEST,balance_sheet,off_balance,0.0,ACTUAL,VNSTOCK_BRONZE
AVG,LATEST,balance_sheet,value,441431600.0,ACTUAL,VNSTOCK_BRONZE
AVG,LATEST,balance_sheet,order,91.0,ACTUAL,VNSTOCK_BRONZE
AVG,LATEST,balance_sheet,level,2.0,ACTUAL,VNSTOCK_BRONZE
AVG,LATEST,balance_sheet,off_balance,0.0,ACTUAL,VNSTOCK_BRONZE
AVG,LATEST,balance_sheet,value,8645047433.0,ACTUAL,VNSTOCK_BRONZE
AVG,LATEST,balance_sheet,order,92.0,ACTUAL,VNSTOCK_BRONZE
AVG,LATEST,balance_sheet,level,2.0,ACTUAL,VNSTOCK_BRONZE
AVG,LATEST,balance_sheet,off_balance,0.0,ACTUAL,VNSTOCK_BRONZE
AVG,LATEST,balance_sheet,value,0.0,ACTUAL,VNSTOCK_BRONZE
AVG,LATEST,balance_sheet,order,93.0,ACTUAL,VNSTOCK_BRONZE
AVG,LATEST,balance_sheet,level,2.0,ACTUAL,VNSTOCK_BRONZE
AVG,LATEST,balance_sheet,off_balance,0.0,ACTUAL,VNSTOCK_BRONZE
AVG,LATEST,balance_sheet,value,0.0,ACTUAL,VNSTOCK_BRONZE
AVG,LATEST,balance_sheet,order,94.0,ACTUAL,VNSTOCK_BRONZE
AVG,LATEST,balance_sheet,level,2.0,ACTUAL,VNSTOCK_BRONZE
AVG,LATEST,balance_sheet,off_balance,0.0,ACTUAL,VNSTOCK_BRONZE
AVG,LATEST,balance_sheet,value,0.0,ACTUAL,VNSTOCK_BRONZE
AVG,LATEST,balance_sheet,order,95.0,ACTUAL,VNSTOCK_BRONZE
AVG,LATEST,balance_sheet,level,2.0,ACTUAL,VNSTOCK_BRONZE
AVG,LATEST,balance_sheet,off_balance,0.0,ACTUAL,VNSTOCK_BRONZE
AVG,LATEST,balance_sheet,value,0.0,ACTUAL,VNSTOCK_BRONZE
AVG,LATEST,balance_sheet,order,96.0,ACTUAL,VNSTOCK_BRONZE
AVG,LATEST,balance_sheet,level,1.0,ACTUAL,VNSTOCK_BRONZE
AVG,LATEST,balance_sheet,off_balance,0.0,ACTUAL,VNSTOCK_BRONZE
AVG,LATEST,balance_sheet,value,252270508460.0,ACTUAL,VNSTOCK_BRONZE
AVG,LATEST,balance_sheet,order,97.0,ACTUAL,VNSTOCK_BRONZE
AVG,LATEST,balance_sheet,level,1.0,ACTUAL,VNSTOCK_BRONZE
AVG,LATEST,balance_sheet,off_balance,0.0,ACTUAL,VNSTOCK_BRONZE
AVG,LATEST,balance_sheet,value,252270508460.0,ACTUAL,VNSTOCK_BRONZE
AVG,LATEST,balance_sheet,order,98.0,ACTUAL,VNSTOCK_BRONZE
AVG,LATEST,balance_sheet,level,2.0,ACTUAL,VNSTOCK_BRONZE
AVG,LATEST,balance_sheet,off_balance,0.0,ACTUAL,VNSTOCK_BRONZE
AVG,LATEST,balance_sheet,value,0.0,ACTUAL,VNSTOCK_BRONZE
AVG,LATEST,balance_sheet,order,99.0,ACTUAL,VNSTOCK_BRONZE
AVG,LATEST,balance_sheet,level,2.0,ACTUAL,VNSTOCK_BRONZE
AVG,LATEST,balance_sheet,off_balance,0.0,ACTUAL,VNSTOCK_BRONZE
AVG,LATEST,balance_sheet,value,0.0,ACTUAL,VNSTOCK_BRONZE
AVG,LATEST,balance_sheet,order,100.0,ACTUAL,VNSTOCK_BRONZE
AVG,LATEST,balance_sheet,level,2.0,ACTUAL,VNSTOCK_BRONZE
AVG,LATEST,balance_sheet,off_balance,0.0,ACTUAL,VNSTOCK_BRONZE
AVG,LATEST,balance_sheet,value,0.0,ACTUAL,VNSTOCK_BRONZE
AVG,LATEST,balance_sheet,order,101.0,ACTUAL,VNSTOCK_BRONZE
AVG,LATEST,balance_sheet,level,2.0,ACTUAL,VNSTOCK_BRONZE
AVG,LATEST,balance_sheet,off_balance,0.0,ACTUAL,VNSTOCK_BRONZE
AVG,LATEST,balance_sheet,value,0.0,ACTUAL,VNSTOCK_BRONZE
AVG,LATEST,balance_sheet,order,102.0,ACTUAL,VNSTOCK_BRONZE
AVG,LATEST,balance_sheet,level,2.0,ACTUAL,VNSTOCK_BRONZE
AVG,LATEST,balance_sheet,off_balance,0.0,ACTUAL,VNSTOCK_BRONZE
AVG,LATEST,balance_sheet,value,176799820000.0,ACTUAL,VNSTOCK_BRONZE
AVG,LATEST,balance_sheet,order,103.0,ACTUAL,VNSTOCK_BRONZE
AVG,LATEST,balance_sheet,level,3.0,ACTUAL,VNSTOCK_BRONZE
AVG,LATEST,balance_sheet,off_balance,0.0,ACTUAL,VNSTOCK_BRONZE
AVG,LATEST,balance_sheet,value,176799820000.0,ACTUAL,VNSTOCK_BRONZE
AVG,LATEST,balance_sheet,order,104.0,ACTUAL,VNSTOCK_BRONZE
AVG,LATEST,balance_sheet,level,2.0,ACTUAL,VNSTOCK_BRONZE
AVG,LATEST,balance_sheet,off_balance,0.0,ACTUAL,VNSTOCK_BRONZE
AVG,LATEST,balance_sheet,value,0.0,ACTUAL,VNSTOCK_BRONZE
AVG,LATEST,balance_sheet,order,105.0,ACTUAL,VNSTOCK_BRONZE
AVG,LATEST,balance_sheet,level,2.0,ACTUAL,VNSTOCK_BRONZE
AVG,LATEST,balance_sheet,off_balance,0.0,ACTUAL,VNSTOCK_BRONZE
AVG,LATEST,balance_sheet,value,0.0,ACTUAL,VNSTOCK_BRONZE
AVG,LATEST,balance_sheet,order,106.0,ACTUAL,VNSTOCK_BRONZE
AVG,LATEST,balance_sheet,level,2.0,ACTUAL,VNSTOCK_BRONZE
AVG,LATEST,balance_sheet,off_balance,0.0,ACTUAL,VNSTOCK_BRONZE
AVG,LATEST,balance_sheet,value,0.0,ACTUAL,VNSTOCK_BRONZE
AVG,LATEST,balance_sheet,order,107.0,ACTUAL,VNSTOCK_BRONZE
AVG,LATEST,balance_sheet,level,2.0,ACTUAL,VNSTOCK_BRONZE
AVG,LATEST,balance_sheet,off_balance,0.0,ACTUAL,VNSTOCK_BRONZE
AVG,LATEST,balance_sheet,value,0.0,ACTUAL,VNSTOCK_BRONZE
AVG,LATEST,balance_sheet,order,108.0,ACTUAL,VNSTOCK_BRONZE
AVG,LATEST,balance_sheet,level,2.0,ACTUAL,VNSTOCK_BRONZE
AVG,LATEST,balance_sheet,off_balance,0.0,ACTUAL,VNSTOCK_BRONZE
AVG,LATEST,balance_sheet,value,0.0,ACTUAL,VNSTOCK_BRONZE
AVG,LATEST,balance_sheet,order,109.0,ACTUAL,VNSTOCK_BRONZE
AVG,LATEST,balance_sheet,level,2.0,ACTUAL,VNSTOCK_BRONZE
AVG,LATEST,balance_sheet,off_balance,0.0,ACTUAL,VNSTOCK_BRONZE
AVG,LATEST,balance_sheet,value,471167081.0,ACTUAL,VNSTOCK_BRONZE
AVG,LATEST,balance_sheet,order,110.0,ACTUAL,VNSTOCK_BRONZE
AVG,LATEST,balance_sheet,level,2.0,ACTUAL,VNSTOCK_BRONZE
AVG,LATEST,balance_sheet,off_balance,0.0,ACTUAL,VNSTOCK_BRONZE
AVG,LATEST,balance_sheet,value,0.0,ACTUAL,VNSTOCK_BRONZE
AVG,LATEST,balance_sheet,order,111.0,ACTUAL,VNSTOCK_BRONZE
AVG,LATEST,balance_sheet,level,2.0,ACTUAL,VNSTOCK_BRONZE
AVG,LATEST,balance_sheet,off_balance,0.0,ACTUAL,VNSTOCK_BRONZE
AVG,LATEST,balance_sheet,value,0.0,ACTUAL,VNSTOCK_BRONZE
AVG,LATEST,balance_sheet,order,112.0,ACTUAL,VNSTOCK_BRONZE
AVG,LATEST,balance_sheet,level,2.0,ACTUAL,VNSTOCK_BRONZE
AVG,LATEST,balance_sheet,off_balance,0.0,ACTUAL,VNSTOCK_BRONZE
AVG,LATEST,balance_sheet,value,71577248845.0,ACTUAL,VNSTOCK_BRONZE
AVG,LATEST,balance_sheet,order,113.0,ACTUAL,VNSTOCK_BRONZE
AVG,LATEST,balance_sheet,level,3.0,ACTUAL,VNSTOCK_BRONZE
AVG,LATEST,balance_sheet,off_balance,0.0,ACTUAL,VNSTOCK_BRONZE
AVG,LATEST,balance_sheet,value,62529823448.0,ACTUAL,VNSTOCK_BRONZE
AVG,LATEST,balance_sheet,order,114.0,ACTUAL,VNSTOCK_BRONZE
AVG,LATEST,balance_sheet,level,3.0,ACTUAL,VNSTOCK_BRONZE
AVG,LATEST,balance_sheet,off_balance,0.0,ACTUAL,VNSTOCK_BRONZE
AVG,LATEST,balance_sheet,value,9047425397.0,ACTUAL,VNSTOCK_BRONZE
AVG,LATEST,balance_sheet,order,115.0,ACTUAL,VNSTOCK_BRONZE
AVG,LATEST,balance_sheet,level,2.0,ACTUAL,VNSTOCK_BRONZE
AVG,LATEST,balance_sheet,off_balance,0.0,ACTUAL,VNSTOCK_BRONZE
AVG,LATEST,balance_sheet,value,3422272534.0,ACTUAL,VNSTOCK_BRONZE
AVG,LATEST,balance_sheet,order,116.0,ACTUAL,VNSTOCK_BRONZE
AVG,LATEST,balance_sheet,level,1.0,ACTUAL,VNSTOCK_BRONZE
AVG,LATEST,balance_sheet,off_balance,0.0,ACTUAL,VNSTOCK_BRONZE
AVG,LATEST,balance_sheet,value,0.0,ACTUAL,VNSTOCK_BRONZE
AVG,LATEST,balance_sheet,order,117.0,ACTUAL,VNSTOCK_BRONZE
AVG,LATEST,balance_sheet,level,2.0,ACTUAL,VNSTOCK_BRONZE
AVG,LATEST,balance_sheet,off_balance,0.0,ACTUAL,VNSTOCK_BRONZE
AVG,LATEST,balance_sheet,value,0.0,ACTUAL,VNSTOCK_BRONZE
AVG,LATEST,balance_sheet,order,118.0,ACTUAL,VNSTOCK_BRONZE
AVG,LATEST,balance_sheet,level,1.0,ACTUAL,VNSTOCK_BRONZE
AVG,LATEST,balance_sheet,off_balance,0.0,ACTUAL,VNSTOCK_BRONZE
AVG,LATEST,balance_sheet,value,497310124550.0,ACTUAL,VNSTOCK_BRONZE
AVG,LATEST,balance_sheet,order,1.0,ACTUAL,VNSTOCK_BRONZE
AVG,LATEST,balance_sheet,level,1.0,ACTUAL,VNSTOCK_BRONZE
AVG,LATEST,balance_sheet,off_balance,0.0,ACTUAL,VNSTOCK_BRONZE
AVG,LATEST,balance_sheet,value,242954325960.0,ACTUAL,VNSTOCK_BRONZE
AVG,LATEST,balance_sheet,order,2.0,ACTUAL,VNSTOCK_BRONZE
AVG,LATEST,balance_sheet,level,1.0,ACTUAL,VNSTOCK_BRONZE
AVG,LATEST,balance_sheet,off_balance,0.0,ACTUAL,VNSTOCK_BRONZE
AVG,LATEST,balance_sheet,value,11262214184.0,ACTUAL,VNSTOCK_BRONZE
AVG,LATEST,balance_sheet,order,3.0,ACTUAL,VNSTOCK_BRONZE
AVG,LATEST,balance_sheet,level,2.0,ACTUAL,VNSTOCK_BRONZE
AVG,LATEST,balance_sheet,off_balance,0.0,ACTUAL,VNSTOCK_BRONZE
AVG,LATEST,balance_sheet,value,11262214184.0,ACTUAL,VNSTOCK_BRONZE
AVG,LATEST,balance_sheet,order,4.0,ACTUAL,VNSTOCK_BRONZE
AVG,LATEST,balance_sheet,level,2.0,ACTUAL,VNSTOCK_BRONZE
AVG,LATEST,balance_sheet,off_balance,0.0,ACTUAL,VNSTOCK_BRONZE
AVG,LATEST,balance_sheet,value,0.0,ACTUAL,VNSTOCK_BRONZE
AVG,LATEST,balance_sheet,order,5.0,ACTUAL,VNSTOCK_BRONZE
AVG,LATEST,balance_sheet,level,1.0,ACTUAL,VNSTOCK_BRONZE
AVG,LATEST,balance_sheet,off_balance,0.0,ACTUAL,VNSTOCK_BRONZE
AVG,LATEST,balance_sheet,value,26325225435.0,ACTUAL,VNSTOCK_BRONZE
AVG,LATEST,balance_sheet,order,6.0,ACTUAL,VNSTOCK_BRONZE
AVG,LATEST,balance_sheet,level,2.0,ACTUAL,VNSTOCK_BRONZE
AVG,LATEST,balance_sheet,off_balance,0.0,ACTUAL,VNSTOCK_BRONZE
AVG,LATEST,balance_sheet,value,25825225435.0,ACTUAL,VNSTOCK_BRONZE
AVG,LATEST,balance_sheet,order,7.0,ACTUAL,VNSTOCK_BRONZE
AVG,LATEST,balance_sheet,level,2.0,ACTUAL,VNSTOCK_BRONZE
AVG,LATEST,balance_sheet,off_balance,0.0,ACTUAL,VNSTOCK_BRONZE
AVG,LATEST,balance_sheet,value,0.0,ACTUAL,VNSTOCK_BRONZE
AVG,LATEST,balance_sheet,order,8.0,ACTUAL,VNSTOCK_BRONZE
AVG,LATEST,balance_sheet,level,2.0,ACTUAL,VNSTOCK_BRONZE
AVG,LATEST,balance_sheet,off_balance,0.0,ACTUAL,VNSTOCK_BRONZE
AVG,LATEST,balance_sheet,value,500000000.0,ACTUAL,VNSTOCK_BRONZE
AVG,LATEST,balance_sheet,order,9.0,ACTUAL,VNSTOCK_BRONZE
AVG,LATEST,balance_sheet,level,1.0,ACTUAL,VNSTOCK_BRONZE
AVG,LATEST,balance_sheet,off_balance,0.0,ACTUAL,VNSTOCK_BRONZE
AVG,LATEST,balance_sheet,value,149929998564.0,ACTUAL,VNSTOCK_BRONZE
AVG,LATEST,balance_sheet,order,10.0,ACTUAL,VNSTOCK_BRONZE
AVG,LATEST,balance_sheet,level,2.0,ACTUAL,VNSTOCK_BRONZE
AVG,LATEST,balance_sheet,off_balance,0.0,ACTUAL,VNSTOCK_BRONZE
AVG,LATEST,balance_sheet,value,143634100073.0,ACTUAL,VNSTOCK_BRONZE
AVG,LATEST,balance_sheet,order,11.0,ACTUAL,VNSTOCK_BRONZE
AVG,LATEST,balance_sheet,level,2.0,ACTUAL,VNSTOCK_BRONZE
AVG,LATEST,balance_sheet,off_balance,0.0,ACTUAL,VNSTOCK_BRONZE
AVG,LATEST,balance_sheet,value,4375837662.0,ACTUAL,VNSTOCK_BRONZE
AVG,LATEST,balance_sheet,order,12.0,ACTUAL,VNSTOCK_BRONZE
AVG,LATEST,balance_sheet,level,2.0,ACTUAL,VNSTOCK_BRONZE
AVG,LATEST,balance_sheet,off_balance,0.0,ACTUAL,VNSTOCK_BRONZE
AVG,LATEST,balance_sheet,value,0.0,ACTUAL,VNSTOCK_BRONZE
AVG,LATEST,balance_sheet,order,13.0,ACTUAL,VNSTOCK_BRONZE
AVG,LATEST,balance_sheet,level,2.0,ACTUAL,VNSTOCK_BRONZE
AVG,LATEST,balance_sheet,off_balance,0.0,ACTUAL,VNSTOCK_BRONZE
AVG,LATEST,balance_sheet,value,0.0,ACTUAL,VNSTOCK_BRONZE
AVG,LATEST,balance_sheet,order,14.0,ACTUAL,VNSTOCK_BRONZE
AVG,LATEST,balance_sheet,level,2.0,ACTUAL,VNSTOCK_BRONZE
AVG,LATEST,balance_sheet,off_balance,0.0,ACTUAL,VNSTOCK_BRONZE
AVG,LATEST,balance_sheet,value,0.0,ACTUAL,VNSTOCK_BRONZE
AVG,LATEST,balance_sheet,order,15.0,ACTUAL,VNSTOCK_BRONZE
AVG,LATEST,balance_sheet,level,2.0,ACTUAL,VNSTOCK_BRONZE
AVG,LATEST,balance_sheet,off_balance,0.0,ACTUAL,VNSTOCK_BRONZE
AVG,LATEST,balance_sheet,value,1920060829.0,ACTUAL,VNSTOCK_BRONZE
AVG,LATEST,balance_sheet,order,16.0,ACTUAL,VNSTOCK_BRONZE
AVG,LATEST,balance_sheet,level,2.0,ACTUAL,VNSTOCK_BRONZE
AVG,LATEST,balance_sheet,off_balance,0.0,ACTUAL,VNSTOCK_BRONZE
AVG,LATEST,balance_sheet,value,0.0,ACTUAL,VNSTOCK_BRONZE
AVG,LATEST,balance_sheet,order,17.0,ACTUAL,VNSTOCK_BRONZE
AVG,LATEST,balance_sheet,level,2.0,ACTUAL,VNSTOCK_BRONZE
AVG,LATEST,balance_sheet,off_balance,0.0,ACTUAL,VNSTOCK_BRONZE
AVG,LATEST,balance_sheet,value,0.0,ACTUAL,VNSTOCK_BRONZE
AVG,LATEST,balance_sheet,order,18.0,ACTUAL,VNSTOCK_BRONZE
AVG,LATEST,balance_sheet,level,1.0,ACTUAL,VNSTOCK_BRONZE
AVG,LATEST,balance_sheet,off_balance,0.0,ACTUAL,VNSTOCK_BRONZE
AVG,LATEST,balance_sheet,value,51696094190.0,ACTUAL,VNSTOCK_BRONZE
AVG,LATEST,balance_sheet,order,19.0,ACTUAL,VNSTOCK_BRONZE
AVG,LATEST,balance_sheet,level,2.0,ACTUAL,VNSTOCK_BRONZE
AVG,LATEST,balance_sheet,off_balance,0.0,ACTUAL,VNSTOCK_BRONZE
AVG,LATEST,balance_sheet,value,51696094190.0,ACTUAL,VNSTOCK_BRONZE
AVG,LATEST,balance_sheet,order,20.0,ACTUAL,VNSTOCK_BRONZE
AVG,LATEST,balance_sheet,level,2.0,ACTUAL,VNSTOCK_BRONZE
AVG,LATEST,balance_sheet,off_balance,0.0,ACTUAL,VNSTOCK_BRONZE
AVG,LATEST,balance_sheet,value,0.0,ACTUAL,VNSTOCK_BRONZE
AVG,LATEST,balance_sheet,order,21.0,ACTUAL,VNSTOCK_BRONZE
AVG,LATEST,balance_sheet,level,1.0,ACTUAL,VNSTOCK_BRONZE
AVG,LATEST,balance_sheet,off_balance,0.0,ACTUAL,VNSTOCK_BRONZE
AVG,LATEST,balance_sheet,value,3740793587.0,ACTUAL,VNSTOCK_BRONZE
AVG,LATEST,balance_sheet,order,22.0,ACTUAL,VNSTOCK_BRONZE
AVG,LATEST,balance_sheet,level,2.0,ACTUAL,VNSTOCK_BRONZE
AVG,LATEST,balance_sheet,off_balance,0.0,ACTUAL,VNSTOCK_BRONZE
AVG,LATEST,balance_sheet,value,183905102.0,ACTUAL,VNSTOCK_BRONZE
AVG,LATEST,balance_sheet,order,23.0,ACTUAL,VNSTOCK_BRONZE
AVG,LATEST,balance_sheet,level,2.0,ACTUAL,VNSTOCK_BRONZE
AVG,LATEST,balance_sheet,off_balance,0.0,ACTUAL,VNSTOCK_BRONZE
AVG,LATEST,balance_sheet,value,3556888485.0,ACTUAL,VNSTOCK_BRONZE
AVG,LATEST,balance_sheet,order,24.0,ACTUAL,VNSTOCK_BRONZE
AVG,LATEST,balance_sheet,level,2.0,ACTUAL,VNSTOCK_BRONZE
AVG,LATEST,balance_sheet,off_balance,0.0,ACTUAL,VNSTOCK_BRONZE
AVG,LATEST,balance_sheet,value,0.0,ACTUAL,VNSTOCK_BRONZE
AVG,LATEST,balance_sheet,order,25.0,ACTUAL,VNSTOCK_BRONZE
AVG,LATEST,balance_sheet,level,2.0,ACTUAL,VNSTOCK_BRONZE
AVG,LATEST,balance_sheet,off_balance,0.0,ACTUAL,VNSTOCK_BRONZE
AVG,LATEST,balance_sheet,value,0.0,ACTUAL,VNSTOCK_BRONZE
AVG,LATEST,balance_sheet,order,26.0,ACTUAL,VNSTOCK_BRONZE
AVG,LATEST,balance_sheet,level,1.0,ACTUAL,VNSTOCK_BRONZE
AVG,LATEST,balance_sheet,off_balance,0.0,ACTUAL,VNSTOCK_BRONZE
AVG,LATEST,balance_sheet,value,230899435675.0,ACTUAL,VNSTOCK_BRONZE
AVG,LATEST,balance_sheet,order,27.0,ACTUAL,VNSTOCK_BRONZE
AVG,LATEST,balance_sheet,level,1.0,ACTUAL,VNSTOCK_BRONZE
AVG,LATEST,balance_sheet,off_balance,0.0,ACTUAL,VNSTOCK_BRONZE
AVG,LATEST,balance_sheet,value,0.0,ACTUAL,VNSTOCK_BRONZE
AVG,LATEST,balance_sheet,order,28.0,ACTUAL,VNSTOCK_BRONZE
AVG,LATEST,balance_sheet,level,2.0,ACTUAL,VNSTOCK_BRONZE
AVG,LATEST,balance_sheet,off_balance,0.0,ACTUAL,VNSTOCK_BRONZE
AVG,LATEST,balance_sheet,value,0.0,ACTUAL,VNSTOCK_BRONZE
AVG,LATEST,balance_sheet,order,29.0,ACTUAL,VNSTOCK_BRONZE
AVG,LATEST,balance_sheet,level,2.0,ACTUAL,VNSTOCK_BRONZE
AVG,LATEST,balance_sheet,off_balance,0.0,ACTUAL,VNSTOCK_BRONZE
AVG,LATEST,balance_sheet,value,0.0,ACTUAL,VNSTOCK_BRONZE
AVG,LATEST,balance_sheet,order,30.0,ACTUAL,VNSTOCK_BRONZE
AVG,LATEST,balance_sheet,level,2.0,ACTUAL,VNSTOCK_BRONZE
AVG,LATEST,balance_sheet,off_balance,0.0,ACTUAL,VNSTOCK_BRONZE
AVG,LATEST,balance_sheet,value,0.0,ACTUAL,VNSTOCK_BRONZE
AVG,LATEST,balance_sheet,order,31.0,ACTUAL,VNSTOCK_BRONZE
AVG,LATEST,balance_sheet,level,2.0,ACTUAL,VNSTOCK_BRONZE
AVG,LATEST,balance_sheet,off_balance,0.0,ACTUAL,VNSTOCK_BRONZE
AVG,LATEST,balance_sheet,value,0.0,ACTUAL,VNSTOCK_BRONZE
AVG,LATEST,balance_sheet,order,32.0,ACTUAL,VNSTOCK_BRONZE
AVG,LATEST,balance_sheet,level,2.0,ACTUAL,VNSTOCK_BRONZE
AVG,LATEST,balance_sheet,off_balance,0.0,ACTUAL,VNSTOCK_BRONZE
AVG,LATEST,balance_sheet,value,0.0,ACTUAL,VNSTOCK_BRONZE
AVG,LATEST,balance_sheet,order,33.0,ACTUAL,VNSTOCK_BRONZE
AVG,LATEST,balance_sheet,level,2.0,ACTUAL,VNSTOCK_BRONZE
AVG,LATEST,balance_sheet,off_balance,0.0,ACTUAL,VNSTOCK_BRONZE
AVG,LATEST,balance_sheet,value,-0.0,ACTUAL,VNSTOCK_BRONZE
AVG,LATEST,balance_sheet,order,34.0,ACTUAL,VNSTOCK_BRONZE
AVG,LATEST,balance_sheet,level,1.0,ACTUAL,VNSTOCK_BRONZE
AVG,LATEST,balance_sheet,off_balance,0.0,ACTUAL,VNSTOCK_BRONZE
AVG,LATEST,balance_sheet,value,97537043095.0,ACTUAL,VNSTOCK_BRONZE
AVG,LATEST,balance_sheet,order,35.0,ACTUAL,VNSTOCK_BRONZE
AVG,LATEST,balance_sheet,level,2.0,ACTUAL,VNSTOCK_BRONZE
AVG,LATEST,balance_sheet,off_balance,0.0,ACTUAL,VNSTOCK_BRONZE
AVG,LATEST,balance_sheet,value,71990621698.0,ACTUAL,VNSTOCK_BRONZE
AVG,LATEST,balance_sheet,order,36.0,ACTUAL,VNSTOCK_BRONZE
AVG,LATEST,balance_sheet,level,3.0,ACTUAL,VNSTOCK_BRONZE
AVG,LATEST,balance_sheet,off_balance,0.0,ACTUAL,VNSTOCK_BRONZE
AVG,LATEST,balance_sheet,value,95649714999.0,ACTUAL,VNSTOCK_BRONZE
AVG,LATEST,balance_sheet,order,37.0,ACTUAL,VNSTOCK_BRONZE
AVG,LATEST,balance_sheet,level,3.0,ACTUAL,VNSTOCK_BRONZE
AVG,LATEST,balance_sheet,off_balance,0.0,ACTUAL,VNSTOCK_BRONZE
AVG,LATEST,balance_sheet,value,-23659093301.0,ACTUAL,VNSTOCK_BRONZE
AVG,LATEST,balance_sheet,order,38.0,ACTUAL,VNSTOCK_BRONZE
AVG,LATEST,balance_sheet,level,2.0,ACTUAL,VNSTOCK_BRONZE
AVG,LATEST,balance_sheet,off_balance,0.0,ACTUAL,VNSTOCK_BRONZE
AVG,LATEST,balance_sheet,value,1933533338.0,ACTUAL,VNSTOCK_BRONZE
AVG,LATEST,balance_sheet,order,39.0,ACTUAL,VNSTOCK_BRONZE
AVG,LATEST,balance_sheet,level,3.0,ACTUAL,VNSTOCK_BRONZE
AVG,LATEST,balance_sheet,off_balance,0.0,ACTUAL,VNSTOCK_BRONZE
AVG,LATEST,balance_sheet,value,2522000000.0,ACTUAL,VNSTOCK_BRONZE
AVG,LATEST,balance_sheet,order,40.0,ACTUAL,VNSTOCK_BRONZE
AVG,LATEST,balance_sheet,level,3.0,ACTUAL,VNSTOCK_BRONZE
AVG,LATEST,balance_sheet,off_balance,0.0,ACTUAL,VNSTOCK_BRONZE
AVG,LATEST,balance_sheet,value,-588466662.0,ACTUAL,VNSTOCK_BRONZE
AVG,LATEST,balance_sheet,order,41.0,ACTUAL,VNSTOCK_BRONZE
AVG,LATEST,balance_sheet,level,2.0,ACTUAL,VNSTOCK_BRONZE
AVG,LATEST,balance_sheet,off_balance,0.0,ACTUAL,VNSTOCK_BRONZE
AVG,LATEST,balance_sheet,value,23612888059.0,ACTUAL,VNSTOCK_BRONZE
AVG,LATEST,balance_sheet,order,42.0,ACTUAL,VNSTOCK_BRONZE
AVG,LATEST,balance_sheet,level,3.0,ACTUAL,VNSTOCK_BRONZE
AVG,LATEST,balance_sheet,off_balance,0.0,ACTUAL,VNSTOCK_BRONZE
AVG,LATEST,balance_sheet,value,28677302852.0,ACTUAL,VNSTOCK_BRONZE
AVG,LATEST,balance_sheet,order,43.0,ACTUAL,VNSTOCK_BRONZE
AVG,LATEST,balance_sheet,level,3.0,ACTUAL,VNSTOCK_BRONZE
AVG,LATEST,balance_sheet,off_balance,0.0,ACTUAL,VNSTOCK_BRONZE
AVG,LATEST,balance_sheet,value,-5064414793.0,ACTUAL,VNSTOCK_BRONZE
AVG,LATEST,balance_sheet,order,44.0,ACTUAL,VNSTOCK_BRONZE
AVG,LATEST,balance_sheet,level,1.0,ACTUAL,VNSTOCK_BRONZE
AVG,LATEST,balance_sheet,off_balance,0.0,ACTUAL,VNSTOCK_BRONZE
AVG,LATEST,balance_sheet,value,73129792836.0,ACTUAL,VNSTOCK_BRONZE
AVG,LATEST,balance_sheet,order,45.0,ACTUAL,VNSTOCK_BRONZE
AVG,LATEST,balance_sheet,level,2.0,ACTUAL,VNSTOCK_BRONZE
AVG,LATEST,balance_sheet,off_balance,0.0,ACTUAL,VNSTOCK_BRONZE
AVG,LATEST,balance_sheet,value,91251885140.0,ACTUAL,VNSTOCK_BRONZE
AVG,LATEST,balance_sheet,order,46.0,ACTUAL,VNSTOCK_BRONZE
AVG,LATEST,balance_sheet,level,2.0,ACTUAL,VNSTOCK_BRONZE
AVG,LATEST,balance_sheet,off_balance,0.0,ACTUAL,VNSTOCK_BRONZE
AVG,LATEST,balance_sheet,value,-18122092304.0,ACTUAL,VNSTOCK_BRONZE
AVG,LATEST,balance_sheet,order,47.0,ACTUAL,VNSTOCK_BRONZE
AVG,LATEST,balance_sheet,level,1.0,ACTUAL,VNSTOCK_BRONZE
AVG,LATEST,balance_sheet,off_balance,0.0,ACTUAL,VNSTOCK_BRONZE
AVG,LATEST,balance_sheet,value,42465700000.0,ACTUAL,VNSTOCK_BRONZE
AVG,LATEST,balance_sheet,order,48.0,ACTUAL,VNSTOCK_BRONZE
AVG,LATEST,balance_sheet,level,2.0,ACTUAL,VNSTOCK_BRONZE
AVG,LATEST,balance_sheet,off_balance,0.0,ACTUAL,VNSTOCK_BRONZE
AVG,LATEST,balance_sheet,value,0.0,ACTUAL,VNSTOCK_BRONZE
AVG,LATEST,balance_sheet,order,49.0,ACTUAL,VNSTOCK_BRONZE
AVG,LATEST,balance_sheet,level,2.0,ACTUAL,VNSTOCK_BRONZE
AVG,LATEST,balance_sheet,off_balance,0.0,ACTUAL,VNSTOCK_BRONZE
AVG,LATEST,balance_sheet,value,42465700000.0,ACTUAL,VNSTOCK_BRONZE
AVG,LATEST,balance_sheet,order,50.0,ACTUAL,VNSTOCK_BRONZE
AVG,LATEST,balance_sheet,level,1.0,ACTUAL,VNSTOCK_BRONZE
AVG,LATEST,balance_sheet,off_balance,0.0,ACTUAL,VNSTOCK_BRONZE
AVG,LATEST,balance_sheet,value,0.0,ACTUAL,VNSTOCK_BRONZE
AVG,LATEST,balance_sheet,order,51.0,ACTUAL,VNSTOCK_BRONZE
AVG,LATEST,balance_sheet,level,2.0,ACTUAL,VNSTOCK_BRONZE
AVG,LATEST,balance_sheet,off_balance,0.0,ACTUAL,VNSTOCK_BRONZE
AVG,LATEST,balance_sheet,value,0.0,ACTUAL,VNSTOCK_BRONZE
AVG,LATEST,balance_sheet,order,52.0,ACTUAL,VNSTOCK_BRONZE
AVG,LATEST,balance_sheet,level,2.0,ACTUAL,VNSTOCK_BRONZE
AVG,LATEST,balance_sheet,off_balance,0.0,ACTUAL,VNSTOCK_BRONZE
AVG,LATEST,balance_sheet,value,0.0,ACTUAL,VNSTOCK_BRONZE
AVG,LATEST,balance_sheet,order,53.0,ACTUAL,VNSTOCK_BRONZE
AVG,LATEST,balance_sheet,level,2.0,ACTUAL,VNSTOCK_BRONZE
AVG,LATEST,balance_sheet,off_balance,0.0,ACTUAL,VNSTOCK_BRONZE
AVG,LATEST,balance_sheet,value,0.0,ACTUAL,VNSTOCK_BRONZE
AVG,LATEST,balance_sheet,order,54.0,ACTUAL,VNSTOCK_BRONZE
AVG,LATEST,balance_sheet,level,2.0,ACTUAL,VNSTOCK_BRONZE
AVG,LATEST,balance_sheet,off_balance,0.0,ACTUAL,VNSTOCK_BRONZE
AVG,LATEST,balance_sheet,value,0.0,ACTUAL,VNSTOCK_BRONZE
AVG,LATEST,balance_sheet,order,55.0,ACTUAL,VNSTOCK_BRONZE
AVG,LATEST,balance_sheet,level,2.0,ACTUAL,VNSTOCK_BRONZE
AVG,LATEST,balance_sheet,off_balance,0.0,ACTUAL,VNSTOCK_BRONZE
AVG,LATEST,balance_sheet,value,0.0,ACTUAL,VNSTOCK_BRONZE
AVG,LATEST,balance_sheet,order,56.0,ACTUAL,VNSTOCK_BRONZE
AVG,LATEST,balance_sheet,level,1.0,ACTUAL,VNSTOCK_BRONZE
AVG,LATEST,balance_sheet,off_balance,0.0,ACTUAL,VNSTOCK_BRONZE
AVG,LATEST,balance_sheet,value,17766899744.0,ACTUAL,VNSTOCK_BRONZE
AVG,LATEST,balance_sheet,order,57.0,ACTUAL,VNSTOCK_BRONZE
AVG,LATEST,balance_sheet,level,2.0,ACTUAL,VNSTOCK_BRONZE
AVG,LATEST,balance_sheet,off_balance,0.0,ACTUAL,VNSTOCK_BRONZE
AVG,LATEST,balance_sheet,value,0.0,ACTUAL,VNSTOCK_BRONZE
AVG,LATEST,balance_sheet,order,58.0,ACTUAL,VNSTOCK_BRONZE
AVG,LATEST,balance_sheet,level,2.0,ACTUAL,VNSTOCK_BRONZE
AVG,LATEST,balance_sheet,off_balance,0.0,ACTUAL,VNSTOCK_BRONZE
AVG,LATEST,balance_sheet,value,17766899744.0,ACTUAL,VNSTOCK_BRONZE
AVG,LATEST,balance_sheet,order,59.0,ACTUAL,VNSTOCK_BRONZE
AVG,LATEST,balance_sheet,level,2.0,ACTUAL,VNSTOCK_BRONZE
AVG,LATEST,balance_sheet,off_balance,0.0,ACTUAL,VNSTOCK_BRONZE
AVG,LATEST,balance_sheet,value,0.0,ACTUAL,VNSTOCK_BRONZE
AVG,LATEST,balance_sheet,order,60.0,ACTUAL,VNSTOCK_BRONZE
AVG,LATEST,balance_sheet,level,2.0,ACTUAL,VNSTOCK_BRONZE
AVG,LATEST,balance_sheet,off_balance,0.0,ACTUAL,VNSTOCK_BRONZE
AVG,LATEST,balance_sheet,value,0.0,ACTUAL,VNSTOCK_BRONZE
AVG,LATEST,balance_sheet,order,61.0,ACTUAL,VNSTOCK_BRONZE
AVG,LATEST,balance_sheet,level,2.0,ACTUAL,VNSTOCK_BRONZE
AVG,LATEST,balance_sheet,off_balance,0.0,ACTUAL,VNSTOCK_BRONZE
AVG,LATEST,balance_sheet,value,0.0,ACTUAL,VNSTOCK_BRONZE
AVG,LATEST,balance_sheet,order,62.0,ACTUAL,VNSTOCK_BRONZE
AVG,LATEST,balance_sheet,level,2.0,ACTUAL,VNSTOCK_BRONZE
AVG,LATEST,balance_sheet,off_balance,0.0,ACTUAL,VNSTOCK_BRONZE
AVG,LATEST,balance_sheet,value,0.0,ACTUAL,VNSTOCK_BRONZE
AVG,LATEST,balance_sheet,order,63.0,ACTUAL,VNSTOCK_BRONZE
AVG,LATEST,balance_sheet,level,1.0,ACTUAL,VNSTOCK_BRONZE
AVG,LATEST,balance_sheet,off_balance,0.0,ACTUAL,VNSTOCK_BRONZE
AVG,LATEST,balance_sheet,value,473853761635.0,ACTUAL,VNSTOCK_BRONZE
AVG,LATEST,balance_sheet,order,64.0,ACTUAL,VNSTOCK_BRONZE
AVG,LATEST,balance_sheet,level,1.0,ACTUAL,VNSTOCK_BRONZE
AVG,LATEST,balance_sheet,off_balance,0.0,ACTUAL,VNSTOCK_BRONZE
AVG,LATEST,balance_sheet,value,226254065313.0,ACTUAL,VNSTOCK_BRONZE
AVG,LATEST,balance_sheet,order,65.0,ACTUAL,VNSTOCK_BRONZE
AVG,LATEST,balance_sheet,level,1.0,ACTUAL,VNSTOCK_BRONZE
AVG,LATEST,balance_sheet,off_balance,0.0,ACTUAL,VNSTOCK_BRONZE
AVG,LATEST,balance_sheet,value,217167586280.0,ACTUAL,VNSTOCK_BRONZE
AVG,LATEST,balance_sheet,order,66.0,ACTUAL,VNSTOCK_BRONZE
AVG,LATEST,balance_sheet,level,2.0,ACTUAL,VNSTOCK_BRONZE
AVG,LATEST,balance_sheet,off_balance,0.0,ACTUAL,VNSTOCK_BRONZE
AVG,LATEST,balance_sheet,value,0.0,ACTUAL,VNSTOCK_BRONZE
AVG,LATEST,balance_sheet,order,67.0,ACTUAL,VNSTOCK_BRONZE
AVG,LATEST,balance_sheet,level,2.0,ACTUAL,VNSTOCK_BRONZE
AVG,LATEST,balance_sheet,off_balance,0.0,ACTUAL,VNSTOCK_BRONZE
AVG,LATEST,balance_sheet,value,0.0,ACTUAL,VNSTOCK_BRONZE
AVG,LATEST,balance_sheet,order,68.0,ACTUAL,VNSTOCK_BRONZE
AVG,LATEST,balance_sheet,level,2.0,ACTUAL,VNSTOCK_BRONZE
AVG,LATEST,balance_sheet,off_balance,0.0,ACTUAL,VNSTOCK_BRONZE
AVG,LATEST,balance_sheet,value,0.0,ACTUAL,VNSTOCK_BRONZE
AVG,LATEST,balance_sheet,order,69.0,ACTUAL,VNSTOCK_BRONZE
AVG,LATEST,balance_sheet,level,2.0,ACTUAL,VNSTOCK_BRONZE
AVG,LATEST,balance_sheet,off_balance,0.0,ACTUAL,VNSTOCK_BRONZE
AVG,LATEST,balance_sheet,value,33350743941.0,ACTUAL,VNSTOCK_BRONZE
AVG,LATEST,balance_sheet,order,70.0,ACTUAL,VNSTOCK_BRONZE
AVG,LATEST,balance_sheet,level,2.0,ACTUAL,VNSTOCK_BRONZE
AVG,LATEST,balance_sheet,off_balance,0.0,ACTUAL,VNSTOCK_BRONZE
AVG,LATEST,balance_sheet,value,505901195.0,ACTUAL,VNSTOCK_BRONZE
AVG,LATEST,balance_sheet,order,71.0,ACTUAL,VNSTOCK_BRONZE
AVG,LATEST,balance_sheet,level,2.0,ACTUAL,VNSTOCK_BRONZE
AVG,LATEST,balance_sheet,off_balance,0.0,ACTUAL,VNSTOCK_BRONZE
AVG,LATEST,balance_sheet,value,1102193031.0,ACTUAL,VNSTOCK_BRONZE
AVG,LATEST,balance_sheet,order,72.0,ACTUAL,VNSTOCK_BRONZE
AVG,LATEST,balance_sheet,level,2.0,ACTUAL,VNSTOCK_BRONZE
AVG,LATEST,balance_sheet,off_balance,0.0,ACTUAL,VNSTOCK_BRONZE
AVG,LATEST,balance_sheet,value,765454246.0,ACTUAL,VNSTOCK_BRONZE
AVG,LATEST,balance_sheet,order,73.0,ACTUAL,VNSTOCK_BRONZE
AVG,LATEST,balance_sheet,level,2.0,ACTUAL,VNSTOCK_BRONZE
AVG,LATEST,balance_sheet,off_balance,0.0,ACTUAL,VNSTOCK_BRONZE
AVG,LATEST,balance_sheet,value,0.0,ACTUAL,VNSTOCK_BRONZE
AVG,LATEST,balance_sheet,order,74.0,ACTUAL,VNSTOCK_BRONZE
AVG,LATEST,balance_sheet,level,2.0,ACTUAL,VNSTOCK_BRONZE
AVG,LATEST,balance_sheet,off_balance,0.0,ACTUAL,VNSTOCK_BRONZE
AVG,LATEST,balance_sheet,value,0.0,ACTUAL,VNSTOCK_BRONZE
AVG,LATEST,balance_sheet,order,75.0,ACTUAL,VNSTOCK_BRONZE
AVG,LATEST,balance_sheet,level,2.0,ACTUAL,VNSTOCK_BRONZE
AVG,LATEST,balance_sheet,off_balance,0.0,ACTUAL,VNSTOCK_BRONZE
AVG,LATEST,balance_sheet,value,0.0,ACTUAL,VNSTOCK_BRONZE
AVG,LATEST,balance_sheet,order,76.0,ACTUAL,VNSTOCK_BRONZE
AVG,LATEST,balance_sheet,level,2.0,ACTUAL,VNSTOCK_BRONZE
AVG,LATEST,balance_sheet,off_balance,0.0,ACTUAL,VNSTOCK_BRONZE
AVG,LATEST,balance_sheet,value,119765632.0,ACTUAL,VNSTOCK_BRONZE
AVG,LATEST,balance_sheet,order,77.0,ACTUAL,VNSTOCK_BRONZE
AVG,LATEST,balance_sheet,level,2.0,ACTUAL,VNSTOCK_BRONZE
AVG,LATEST,balance_sheet,off_balance,0.0,ACTUAL,VNSTOCK_BRONZE
AVG,LATEST,balance_sheet,value,181323528235.0,ACTUAL,VNSTOCK_BRONZE
AVG,LATEST,balance_sheet,order,78.0,ACTUAL,VNSTOCK_BRONZE
AVG,LATEST,balance_sheet,level,2.0,ACTUAL,VNSTOCK_BRONZE
AVG,LATEST,balance_sheet,off_balance,0.0,ACTUAL,VNSTOCK_BRONZE
AVG,LATEST,balance_sheet,value,0.0,ACTUAL,VNSTOCK_BRONZE
AVG,LATEST,balance_sheet,order,79.0,ACTUAL,VNSTOCK_BRONZE
AVG,LATEST,balance_sheet,level,2.0,ACTUAL,VNSTOCK_BRONZE
AVG,LATEST,balance_sheet,off_balance,0.0,ACTUAL,VNSTOCK_BRONZE
AVG,LATEST,balance_sheet,value,0.0,ACTUAL,VNSTOCK_BRONZE
AVG,LATEST,balance_sheet,order,80.0,ACTUAL,VNSTOCK_BRONZE
AVG,LATEST,balance_sheet,level,2.0,ACTUAL,VNSTOCK_BRONZE
AVG,LATEST,balance_sheet,off_balance,0.0,ACTUAL,VNSTOCK_BRONZE
AVG,LATEST,balance_sheet,value,0.0,ACTUAL,VNSTOCK_BRONZE
AVG,LATEST,balance_sheet,order,81.0,ACTUAL,VNSTOCK_BRONZE
AVG,LATEST,balance_sheet,level,2.0,ACTUAL,VNSTOCK_BRONZE
AVG,LATEST,balance_sheet,off_balance,0.0,ACTUAL,VNSTOCK_BRONZE
AVG,LATEST,balance_sheet,value,0.0,ACTUAL,VNSTOCK_BRONZE
AVG,LATEST,balance_sheet,order,82.0,ACTUAL,VNSTOCK_BRONZE
AVG,LATEST,balance_sheet,level,1.0,ACTUAL,VNSTOCK_BRONZE
AVG,LATEST,balance_sheet,off_balance,0.0,ACTUAL,VNSTOCK_BRONZE
AVG,LATEST,balance_sheet,value,9086479033.0,ACTUAL,VNSTOCK_BRONZE
AVG,LATEST,balance_sheet,order,83.0,ACTUAL,VNSTOCK_BRONZE
AVG,LATEST,balance_sheet,level,2.0,ACTUAL,VNSTOCK_BRONZE
AVG,LATEST,balance_sheet,off_balance,0.0,ACTUAL,VNSTOCK_BRONZE
AVG,LATEST,balance_sheet,value,0.0,ACTUAL,VNSTOCK_BRONZE
AVG,LATEST,balance_sheet,order,84.0,ACTUAL,VNSTOCK_BRONZE
AVG,LATEST,balance_sheet,level,2.0,ACTUAL,VNSTOCK_BRONZE
AVG,LATEST,balance_sheet,off_balance,0.0,ACTUAL,VNSTOCK_BRONZE
AVG,LATEST,balance_sheet,order,85.0,ACTUAL,VNSTOCK_BRONZE
AVG,LATEST,balance_sheet,level,2.0,ACTUAL,VNSTOCK_BRONZE
AVG,LATEST,balance_sheet,off_balance,0.0,ACTUAL,VNSTOCK_BRONZE
AVG,LATEST,balance_sheet,value,0.0,ACTUAL,VNSTOCK_BRONZE
AVG,LATEST,balance_sheet,order,86.0,ACTUAL,VNSTOCK_BRONZE
AVG,LATEST,balance_sheet,level,2.0,ACTUAL,VNSTOCK_BRONZE
AVG,LATEST,balance_sheet,off_balance,0.0,ACTUAL,VNSTOCK_BRONZE
AVG,LATEST,balance_sheet,value,0.0,ACTUAL,VNSTOCK_BRONZE
AVG,LATEST,balance_sheet,order,87.0,ACTUAL,VNSTOCK_BRONZE
AVG,LATEST,balance_sheet,level,2.0,ACTUAL,VNSTOCK_BRONZE
AVG,LATEST,balance_sheet,off_balance,0.0,ACTUAL,VNSTOCK_BRONZE
AVG,LATEST,balance_sheet,value,0.0,ACTUAL,VNSTOCK_BRONZE
AVG,LATEST,balance_sheet,order,88.0,ACTUAL,VNSTOCK_BRONZE
AVG,LATEST,balance_sheet,level,2.0,ACTUAL,VNSTOCK_BRONZE
AVG,LATEST,balance_sheet,off_balance,0.0,ACTUAL,VNSTOCK_BRONZE
AVG,LATEST,balance_sheet,value,0.0,ACTUAL,VNSTOCK_BRONZE
AVG,LATEST,balance_sheet,order,89.0,ACTUAL,VNSTOCK_BRONZE
AVG,LATEST,balance_sheet,level,2.0,ACTUAL,VNSTOCK_BRONZE
AVG,LATEST,balance_sheet,off_balance,0.0,ACTUAL,VNSTOCK_BRONZE
AVG,LATEST,balance_sheet,value,0.0,ACTUAL,VNSTOCK_BRONZE
AVG,LATEST,balance_sheet,order,90.0,ACTUAL,VNSTOCK_BRONZE
AVG,LATEST,balance_sheet,level,2.0,ACTUAL,VNSTOCK_BRONZE
AVG,LATEST,balance_sheet,off_balance,0.0,ACTUAL,VNSTOCK_BRONZE
AVG,LATEST,balance_sheet,value,441431600.0,ACTUAL,VNSTOCK_BRONZE
AVG,LATEST,balance_sheet,order,91.0,ACTUAL,VNSTOCK_BRONZE
AVG,LATEST,balance_sheet,level,2.0,ACTUAL,VNSTOCK_BRONZE
AVG,LATEST,balance_sheet,off_balance,0.0,ACTUAL,VNSTOCK_BRONZE
AVG,LATEST,balance_sheet,value,8645047433.0,ACTUAL,VNSTOCK_BRONZE
AVG,LATEST,balance_sheet,order,92.0,ACTUAL,VNSTOCK_BRONZE
AVG,LATEST,balance_sheet,level,2.0,ACTUAL,VNSTOCK_BRONZE
AVG,LATEST,balance_sheet,off_balance,0.0,ACTUAL,VNSTOCK_BRONZE
AVG,LATEST,balance_sheet,value,0.0,ACTUAL,VNSTOCK_BRONZE
AVG,LATEST,balance_sheet,order,93.0,ACTUAL,VNSTOCK_BRONZE
AVG,LATEST,balance_sheet,level,2.0,ACTUAL,VNSTOCK_BRONZE
AVG,LATEST,balance_sheet,off_balance,0.0,ACTUAL,VNSTOCK_BRONZE
AVG,LATEST,balance_sheet,value,0.0,ACTUAL,VNSTOCK_BRONZE
AVG,LATEST,balance_sheet,order,94.0,ACTUAL,VNSTOCK_BRONZE
AVG,LATEST,balance_sheet,level,2.0,ACTUAL,VNSTOCK_BRONZE
AVG,LATEST,balance_sheet,off_balance,0.0,ACTUAL,VNSTOCK_BRONZE
AVG,LATEST,balance_sheet,value,0.0,ACTUAL,VNSTOCK_BRONZE
AVG,LATEST,balance_sheet,order,95.0,ACTUAL,VNSTOCK_BRONZE
AVG,LATEST,balance_sheet,level,2.0,ACTUAL,VNSTOCK_BRONZE
AVG,LATEST,balance_sheet,off_balance,0.0,ACTUAL,VNSTOCK_BRONZE
AVG,LATEST,balance_sheet,value,0.0,ACTUAL,VNSTOCK_BRONZE
AVG,LATEST,balance_sheet,order,96.0,ACTUAL,VNSTOCK_BRONZE
AVG,LATEST,balance_sheet,level,1.0,ACTUAL,VNSTOCK_BRONZE
AVG,LATEST,balance_sheet,off_balance,0.0,ACTUAL,VNSTOCK_BRONZE
AVG,LATEST,balance_sheet,value,247599696322.0,ACTUAL,VNSTOCK_BRONZE
AVG,LATEST,balance_sheet,order,97.0,ACTUAL,VNSTOCK_BRONZE
AVG,LATEST,balance_sheet,level,1.0,ACTUAL,VNSTOCK_BRONZE
AVG,LATEST,balance_sheet,off_balance,0.0,ACTUAL,VNSTOCK_BRONZE
AVG,LATEST,balance_sheet,value,247599696322.0,ACTUAL,VNSTOCK_BRONZE
AVG,LATEST,balance_sheet,order,98.0,ACTUAL,VNSTOCK_BRONZE
AVG,LATEST,balance_sheet,level,2.0,ACTUAL,VNSTOCK_BRONZE
AVG,LATEST,balance_sheet,off_balance,0.0,ACTUAL,VNSTOCK_BRONZE
AVG,LATEST,balance_sheet,value,0.0,ACTUAL,VNSTOCK_BRONZE
AVG,LATEST,balance_sheet,order,99.0,ACTUAL,VNSTOCK_BRONZE
AVG,LATEST,balance_sheet,level,2.0,ACTUAL,VNSTOCK_BRONZE
AVG,LATEST,balance_sheet,off_balance,0.0,ACTUAL,VNSTOCK_BRONZE
AVG,LATEST,balance_sheet,value,0.0,ACTUAL,VNSTOCK_BRONZE
AVG,LATEST,balance_sheet,order,100.0,ACTUAL,VNSTOCK_BRONZE
AVG,LATEST,balance_sheet,level,2.0,ACTUAL,VNSTOCK_BRONZE
AVG,LATEST,balance_sheet,off_balance,0.0,ACTUAL,VNSTOCK_BRONZE
AVG,LATEST,balance_sheet,value,0.0,ACTUAL,VNSTOCK_BRONZE
AVG,LATEST,balance_sheet,order,101.0,ACTUAL,VNSTOCK_BRONZE
AVG,LATEST,balance_sheet,level,2.0,ACTUAL,VNSTOCK_BRONZE
AVG,LATEST,balance_sheet,off_balance,0.0,ACTUAL,VNSTOCK_BRONZE
AVG,LATEST,balance_sheet,value,0.0,ACTUAL,VNSTOCK_BRONZE
AVG,LATEST,balance_sheet,order,102.0,ACTUAL,VNSTOCK_BRONZE
AVG,LATEST,balance_sheet,level,2.0,ACTUAL,VNSTOCK_BRONZE
AVG,LATEST,balance_sheet,off_balance,0.0,ACTUAL,VNSTOCK_BRONZE
AVG,LATEST,balance_sheet,value,176799820000.0,ACTUAL,VNSTOCK_BRONZE
AVG,LATEST,balance_sheet,order,103.0,ACTUAL,VNSTOCK_BRONZE
AVG,LATEST,balance_sheet,level,3.0,ACTUAL,VNSTOCK_BRONZE
AVG,LATEST,balance_sheet,off_balance,0.0,ACTUAL,VNSTOCK_BRONZE
AVG,LATEST,balance_sheet,value,176799820000.0,ACTUAL,VNSTOCK_BRONZE
AVG,LATEST,balance_sheet,order,104.0,ACTUAL,VNSTOCK_BRONZE
AVG,LATEST,balance_sheet,level,2.0,ACTUAL,VNSTOCK_BRONZE
AVG,LATEST,balance_sheet,off_balance,0.0,ACTUAL,VNSTOCK_BRONZE
AVG,LATEST,balance_sheet,value,0.0,ACTUAL,VNSTOCK_BRONZE
AVG,LATEST,balance_sheet,order,105.0,ACTUAL,VNSTOCK_BRONZE
AVG,LATEST,balance_sheet,level,2.0,ACTUAL,VNSTOCK_BRONZE
AVG,LATEST,balance_sheet,off_balance,0.0,ACTUAL,VNSTOCK_BRONZE
AVG,LATEST,balance_sheet,value,0.0,ACTUAL,VNSTOCK_BRONZE
AVG,LATEST,balance_sheet,order,106.0,ACTUAL,VNSTOCK_BRONZE
AVG,LATEST,balance_sheet,level,2.0,ACTUAL,VNSTOCK_BRONZE
AVG,LATEST,balance_sheet,off_balance,0.0,ACTUAL,VNSTOCK_BRONZE
AVG,LATEST,balance_sheet,value,0.0,ACTUAL,VNSTOCK_BRONZE
AVG,LATEST,balance_sheet,order,107.0,ACTUAL,VNSTOCK_BRONZE
AVG,LATEST,balance_sheet,level,2.0,ACTUAL,VNSTOCK_BRONZE
AVG,LATEST,balance_sheet,off_balance,0.0,ACTUAL,VNSTOCK_BRONZE
AVG,LATEST,balance_sheet,value,0.0,ACTUAL,VNSTOCK_BRONZE
AVG,LATEST,balance_sheet,order,108.0,ACTUAL,VNSTOCK_BRONZE
AVG,LATEST,balance_sheet,level,2.0,ACTUAL,VNSTOCK_BRONZE
AVG,LATEST,balance_sheet,off_balance,0.0,ACTUAL,VNSTOCK_BRONZE
AVG,LATEST,balance_sheet,value,0.0,ACTUAL,VNSTOCK_BRONZE
AVG,LATEST,balance_sheet,order,109.0,ACTUAL,VNSTOCK_BRONZE
AVG,LATEST,balance_sheet,level,2.0,ACTUAL,VNSTOCK_BRONZE
AVG,LATEST,balance_sheet,off_balance,0.0,ACTUAL,VNSTOCK_BRONZE
AVG,LATEST,balance_sheet,value,471167081.0,ACTUAL,VNSTOCK_BRONZE
AVG,LATEST,balance_sheet,order,110.0,ACTUAL,VNSTOCK_BRONZE
AVG,LATEST,balance_sheet,level,2.0,ACTUAL,VNSTOCK_BRONZE
AVG,LATEST,balance_sheet,off_balance,0.0,ACTUAL,VNSTOCK_BRONZE
AVG,LATEST,balance_sheet,value,0.0,ACTUAL,VNSTOCK_BRONZE
AVG,LATEST,balance_sheet,order,111.0,ACTUAL,VNSTOCK_BRONZE
AVG,LATEST,balance_sheet,level,2.0,ACTUAL,VNSTOCK_BRONZE
AVG,LATEST,balance_sheet,off_balance,0.0,ACTUAL,VNSTOCK_BRONZE
AVG,LATEST,balance_sheet,value,0.0,ACTUAL,VNSTOCK_BRONZE
AVG,LATEST,balance_sheet,order,112.0,ACTUAL,VNSTOCK_BRONZE
AVG,LATEST,balance_sheet,level,2.0,ACTUAL,VNSTOCK_BRONZE
AVG,LATEST,balance_sheet,off_balance,0.0,ACTUAL,VNSTOCK_BRONZE
AVG,LATEST,balance_sheet,value,66938364648.0,ACTUAL,VNSTOCK_BRONZE
AVG,LATEST,balance_sheet,order,113.0,ACTUAL,VNSTOCK_BRONZE
AVG,LATEST,balance_sheet,level,3.0,ACTUAL,VNSTOCK_BRONZE
AVG,LATEST,balance_sheet,off_balance,0.0,ACTUAL,VNSTOCK_BRONZE
AVG,LATEST,balance_sheet,value,62529823448.0,ACTUAL,VNSTOCK_BRONZE
AVG,LATEST,balance_sheet,order,114.0,ACTUAL,VNSTOCK_BRONZE
AVG,LATEST,balance_sheet,level,3.0,ACTUAL,VNSTOCK_BRONZE
AVG,LATEST,balance_sheet,off_balance,0.0,ACTUAL,VNSTOCK_BRONZE
AVG,LATEST,balance_sheet,value,4408541200.0,ACTUAL,VNSTOCK_BRONZE
AVG,LATEST,balance_sheet,order,115.0,ACTUAL,VNSTOCK_BRONZE
AVG,LATEST,balance_sheet,level,2.0,ACTUAL,VNSTOCK_BRONZE
AVG,LATEST,balance_sheet,off_balance,0.0,ACTUAL,VNSTOCK_BRONZE
AVG,LATEST,balance_sheet,value,3390344593.0,ACTUAL,VNSTOCK_BRONZE
AVG,LATEST,balance_sheet,order,116.0,ACTUAL,VNSTOCK_BRONZE
AVG,LATEST,balance_sheet,level,1.0,ACTUAL,VNSTOCK_BRONZE
AVG,LATEST,balance_sheet,off_balance,0.0,ACTUAL,VNSTOCK_BRONZE
AVG,LATEST,balance_sheet,value,0.0,ACTUAL,VNSTOCK_BRONZE
AVG,LATEST,balance_sheet,order,117.0,ACTUAL,VNSTOCK_BRONZE
AVG,LATEST,balance_sheet,level,2.0,ACTUAL,VNSTOCK_BRONZE
AVG,LATEST,balance_sheet,off_balance,0.0,ACTUAL,VNSTOCK_BRONZE
AVG,LATEST,balance_sheet,value,0.0,ACTUAL,VNSTOCK_BRONZE
AVG,LATEST,balance_sheet,order,118.0,ACTUAL,VNSTOCK_BRONZE
AVG,LATEST,balance_sheet,level,1.0,ACTUAL,VNSTOCK_BRONZE
AVG,LATEST,balance_sheet,off_balance,0.0,ACTUAL,VNSTOCK_BRONZE
AVG,LATEST,balance_sheet,value,473853761635.0,ACTUAL,VNSTOCK_BRONZE
AVG,LATEST,balance_sheet,order,1.0,ACTUAL,VNSTOCK_BRONZE
AVG,LATEST,balance_sheet,level,1.0,ACTUAL,VNSTOCK_BRONZE
AVG,LATEST,balance_sheet,off_balance,0.0,ACTUAL,VNSTOCK_BRONZE
AVG,LATEST,balance_sheet,value,243999800284.0,ACTUAL,VNSTOCK_BRONZE
AVG,LATEST,balance_sheet,order,2.0,ACTUAL,VNSTOCK_BRONZE
AVG,LATEST,balance_sheet,level,1.0,ACTUAL,VNSTOCK_BRONZE
AVG,LATEST,balance_sheet,off_balance,0.0,ACTUAL,VNSTOCK_BRONZE
AVG,LATEST,balance_sheet,value,8632540773.0,ACTUAL,VNSTOCK_BRONZE
AVG,LATEST,balance_sheet,order,3.0,ACTUAL,VNSTOCK_BRONZE
AVG,LATEST,balance_sheet,level,2.0,ACTUAL,VNSTOCK_BRONZE
AVG,LATEST,balance_sheet,off_balance,0.0,ACTUAL,VNSTOCK_BRONZE
AVG,LATEST,balance_sheet,value,8632540773.0,ACTUAL,VNSTOCK_BRONZE
AVG,LATEST,balance_sheet,order,4.0,ACTUAL,VNSTOCK_BRONZE
AVG,LATEST,balance_sheet,level,2.0,ACTUAL,VNSTOCK_BRONZE
AVG,LATEST,balance_sheet,off_balance,0.0,ACTUAL,VNSTOCK_BRONZE
AVG,LATEST,balance_sheet,value,0.0,ACTUAL,VNSTOCK_BRONZE
AVG,LATEST,balance_sheet,order,5.0,ACTUAL,VNSTOCK_BRONZE
AVG,LATEST,balance_sheet,level,1.0,ACTUAL,VNSTOCK_BRONZE
AVG,LATEST,balance_sheet,off_balance,0.0,ACTUAL,VNSTOCK_BRONZE
AVG,LATEST,balance_sheet,value,23825225435.0,ACTUAL,VNSTOCK_BRONZE
AVG,LATEST,balance_sheet,order,6.0,ACTUAL,VNSTOCK_BRONZE
AVG,LATEST,balance_sheet,level,2.0,ACTUAL,VNSTOCK_BRONZE
AVG,LATEST,balance_sheet,off_balance,0.0,ACTUAL,VNSTOCK_BRONZE
AVG,LATEST,balance_sheet,value,23325225435.0,ACTUAL,VNSTOCK_BRONZE
AVG,LATEST,balance_sheet,order,7.0,ACTUAL,VNSTOCK_BRONZE
AVG,LATEST,balance_sheet,level,2.0,ACTUAL,VNSTOCK_BRONZE
AVG,LATEST,balance_sheet,off_balance,0.0,ACTUAL,VNSTOCK_BRONZE
AVG,LATEST,balance_sheet,value,0.0,ACTUAL,VNSTOCK_BRONZE
AVG,LATEST,balance_sheet,order,8.0,ACTUAL,VNSTOCK_BRONZE
AVG,LATEST,balance_sheet,level,2.0,ACTUAL,VNSTOCK_BRONZE
AVG,LATEST,balance_sheet,off_balance,0.0,ACTUAL,VNSTOCK_BRONZE
AVG,LATEST,balance_sheet,value,500000000.0,ACTUAL,VNSTOCK_BRONZE
AVG,LATEST,balance_sheet,order,9.0,ACTUAL,VNSTOCK_BRONZE
AVG,LATEST,balance_sheet,level,1.0,ACTUAL,VNSTOCK_BRONZE
AVG,LATEST,balance_sheet,off_balance,0.0,ACTUAL,VNSTOCK_BRONZE
AVG,LATEST,balance_sheet,value,149825414545.0,ACTUAL,VNSTOCK_BRONZE
AVG,LATEST,balance_sheet,order,10.0,ACTUAL,VNSTOCK_BRONZE
AVG,LATEST,balance_sheet,level,2.0,ACTUAL,VNSTOCK_BRONZE
AVG,LATEST,balance_sheet,off_balance,0.0,ACTUAL,VNSTOCK_BRONZE
AVG,LATEST,balance_sheet,value,148715422154.0,ACTUAL,VNSTOCK_BRONZE
AVG,LATEST,balance_sheet,order,11.0,ACTUAL,VNSTOCK_BRONZE
AVG,LATEST,balance_sheet,level,2.0,ACTUAL,VNSTOCK_BRONZE
AVG,LATEST,balance_sheet,off_balance,0.0,ACTUAL,VNSTOCK_BRONZE
AVG,LATEST,balance_sheet,value,707292391.0,ACTUAL,VNSTOCK_BRONZE
AVG,LATEST,balance_sheet,order,12.0,ACTUAL,VNSTOCK_BRONZE
AVG,LATEST,balance_sheet,level,2.0,ACTUAL,VNSTOCK_BRONZE
AVG,LATEST,balance_sheet,off_balance,0.0,ACTUAL,VNSTOCK_BRONZE
AVG,LATEST,balance_sheet,value,0.0,ACTUAL,VNSTOCK_BRONZE
AVG,LATEST,balance_sheet,order,13.0,ACTUAL,VNSTOCK_BRONZE
AVG,LATEST,balance_sheet,level,2.0,ACTUAL,VNSTOCK_BRONZE
AVG,LATEST,balance_sheet,off_balance,0.0,ACTUAL,VNSTOCK_BRONZE
AVG,LATEST,balance_sheet,value,0.0,ACTUAL,VNSTOCK_BRONZE
AVG,LATEST,balance_sheet,order,14.0,ACTUAL,VNSTOCK_BRONZE
AVG,LATEST,balance_sheet,level,2.0,ACTUAL,VNSTOCK_BRONZE
AVG,LATEST,balance_sheet,off_balance,0.0,ACTUAL,VNSTOCK_BRONZE
AVG,LATEST,balance_sheet,value,0.0,ACTUAL,VNSTOCK_BRONZE
AVG,LATEST,balance_sheet,order,15.0,ACTUAL,VNSTOCK_BRONZE
AVG,LATEST,balance_sheet,level,2.0,ACTUAL,VNSTOCK_BRONZE
AVG,LATEST,balance_sheet,off_balance,0.0,ACTUAL,VNSTOCK_BRONZE
AVG,LATEST,balance_sheet,value,402700000.0,ACTUAL,VNSTOCK_BRONZE
AVG,LATEST,balance_sheet,order,16.0,ACTUAL,VNSTOCK_BRONZE
AVG,LATEST,balance_sheet,level,2.0,ACTUAL,VNSTOCK_BRONZE
AVG,LATEST,balance_sheet,off_balance,0.0,ACTUAL,VNSTOCK_BRONZE
AVG,LATEST,balance_sheet,value,0.0,ACTUAL,VNSTOCK_BRONZE
AVG,LATEST,balance_sheet,order,17.0,ACTUAL,VNSTOCK_BRONZE
AVG,LATEST,balance_sheet,level,2.0,ACTUAL,VNSTOCK_BRONZE
AVG,LATEST,balance_sheet,off_balance,0.0,ACTUAL,VNSTOCK_BRONZE
AVG,LATEST,balance_sheet,value,0.0,ACTUAL,VNSTOCK_BRONZE
AVG,LATEST,balance_sheet,order,18.0,ACTUAL,VNSTOCK_BRONZE
AVG,LATEST,balance_sheet,level,1.0,ACTUAL,VNSTOCK_BRONZE
AVG,LATEST,balance_sheet,off_balance,0.0,ACTUAL,VNSTOCK_BRONZE
AVG,LATEST,balance_sheet,value,57624736126.0,ACTUAL,VNSTOCK_BRONZE
AVG,LATEST,balance_sheet,order,19.0,ACTUAL,VNSTOCK_BRONZE
AVG,LATEST,balance_sheet,level,2.0,ACTUAL,VNSTOCK_BRONZE
AVG,LATEST,balance_sheet,off_balance,0.0,ACTUAL,VNSTOCK_BRONZE
AVG,LATEST,balance_sheet,value,57624736126.0,ACTUAL,VNSTOCK_BRONZE
AVG,LATEST,balance_sheet,order,20.0,ACTUAL,VNSTOCK_BRONZE
AVG,LATEST,balance_sheet,level,2.0,ACTUAL,VNSTOCK_BRONZE
AVG,LATEST,balance_sheet,off_balance,0.0,ACTUAL,VNSTOCK_BRONZE
AVG,LATEST,balance_sheet,value,0.0,ACTUAL,VNSTOCK_BRONZE
AVG,LATEST,balance_sheet,order,21.0,ACTUAL,VNSTOCK_BRONZE
AVG,LATEST,balance_sheet,level,1.0,ACTUAL,VNSTOCK_BRONZE
AVG,LATEST,balance_sheet,off_balance,0.0,ACTUAL,VNSTOCK_BRONZE
AVG,LATEST,balance_sheet,value,4091883405.0,ACTUAL,VNSTOCK_BRONZE
AVG,LATEST,balance_sheet,order,22.0,ACTUAL,VNSTOCK_BRONZE
AVG,LATEST,balance_sheet,level,2.0,ACTUAL,VNSTOCK_BRONZE
AVG,LATEST,balance_sheet,off_balance,0.0,ACTUAL,VNSTOCK_BRONZE
AVG,LATEST,balance_sheet,value,273945735.0,ACTUAL,VNSTOCK_BRONZE
AVG,LATEST,balance_sheet,order,23.0,ACTUAL,VNSTOCK_BRONZE
AVG,LATEST,balance_sheet,level,2.0,ACTUAL,VNSTOCK_BRONZE
AVG,LATEST,balance_sheet,off_balance,0.0,ACTUAL,VNSTOCK_BRONZE
AVG,LATEST,balance_sheet,value,3817937670.0,ACTUAL,VNSTOCK_BRONZE
AVG,LATEST,balance_sheet,order,24.0,ACTUAL,VNSTOCK_BRONZE
AVG,LATEST,balance_sheet,level,2.0,ACTUAL,VNSTOCK_BRONZE
AVG,LATEST,balance_sheet,off_balance,0.0,ACTUAL,VNSTOCK_BRONZE
AVG,LATEST,balance_sheet,value,0.0,ACTUAL,VNSTOCK_BRONZE
AVG,LATEST,balance_sheet,order,25.0,ACTUAL,VNSTOCK_BRONZE
AVG,LATEST,balance_sheet,level,2.0,ACTUAL,VNSTOCK_BRONZE
AVG,LATEST,balance_sheet,off_balance,0.0,ACTUAL,VNSTOCK_BRONZE
AVG,LATEST,balance_sheet,value,0.0,ACTUAL,VNSTOCK_BRONZE
AVG,LATEST,balance_sheet,order,26.0,ACTUAL,VNSTOCK_BRONZE
AVG,LATEST,balance_sheet,level,1.0,ACTUAL,VNSTOCK_BRONZE
AVG,LATEST,balance_sheet,off_balance,0.0,ACTUAL,VNSTOCK_BRONZE
AVG,LATEST,balance_sheet,value,225549455981.0,ACTUAL,VNSTOCK_BRONZE
AVG,LATEST,balance_sheet,order,27.0,ACTUAL,VNSTOCK_BRONZE
AVG,LATEST,balance_sheet,level,1.0,ACTUAL,VNSTOCK_BRONZE
AVG,LATEST,balance_sheet,off_balance,0.0,ACTUAL,VNSTOCK_BRONZE
AVG,LATEST,balance_sheet,value,0.0,ACTUAL,VNSTOCK_BRONZE
AVG,LATEST,balance_sheet,order,28.0,ACTUAL,VNSTOCK_BRONZE
AVG,LATEST,balance_sheet,level,2.0,ACTUAL,VNSTOCK_BRONZE
AVG,LATEST,balance_sheet,off_balance,0.0,ACTUAL,VNSTOCK_BRONZE
AVG,LATEST,balance_sheet,value,0.0,ACTUAL,VNSTOCK_BRONZE
AVG,LATEST,balance_sheet,order,29.0,ACTUAL,VNSTOCK_BRONZE
AVG,LATEST,balance_sheet,level,2.0,ACTUAL,VNSTOCK_BRONZE
AVG,LATEST,balance_sheet,off_balance,0.0,ACTUAL,VNSTOCK_BRONZE
AVG,LATEST,balance_sheet,value,0.0,ACTUAL,VNSTOCK_BRONZE
AVG,LATEST,balance_sheet,order,30.0,ACTUAL,VNSTOCK_BRONZE
AVG,LATEST,balance_sheet,level,2.0,ACTUAL,VNSTOCK_BRONZE
AVG,LATEST,balance_sheet,off_balance,0.0,ACTUAL,VNSTOCK_BRONZE
AVG,LATEST,balance_sheet,value,0.0,ACTUAL,VNSTOCK_BRONZE
AVG,LATEST,balance_sheet,order,31.0,ACTUAL,VNSTOCK_BRONZE
AVG,LATEST,balance_sheet,level,2.0,ACTUAL,VNSTOCK_BRONZE
AVG,LATEST,balance_sheet,off_balance,0.0,ACTUAL,VNSTOCK_BRONZE
AVG,LATEST,balance_sheet,value,0.0,ACTUAL,VNSTOCK_BRONZE
AVG,LATEST,balance_sheet,order,32.0,ACTUAL,VNSTOCK_BRONZE
AVG,LATEST,balance_sheet,level,2.0,ACTUAL,VNSTOCK_BRONZE
AVG,LATEST,balance_sheet,off_balance,0.0,ACTUAL,VNSTOCK_BRONZE
AVG,LATEST,balance_sheet,value,0.0,ACTUAL,VNSTOCK_BRONZE
AVG,LATEST,balance_sheet,order,33.0,ACTUAL,VNSTOCK_BRONZE
AVG,LATEST,balance_sheet,level,2.0,ACTUAL,VNSTOCK_BRONZE
AVG,LATEST,balance_sheet,off_balance,0.0,ACTUAL,VNSTOCK_BRONZE
AVG,LATEST,balance_sheet,value,-0.0,ACTUAL,VNSTOCK_BRONZE
AVG,LATEST,balance_sheet,order,34.0,ACTUAL,VNSTOCK_BRONZE
AVG,LATEST,balance_sheet,level,1.0,ACTUAL,VNSTOCK_BRONZE
AVG,LATEST,balance_sheet,off_balance,0.0,ACTUAL,VNSTOCK_BRONZE
AVG,LATEST,balance_sheet,value,92144587833.0,ACTUAL,VNSTOCK_BRONZE
AVG,LATEST,balance_sheet,order,35.0,ACTUAL,VNSTOCK_BRONZE
AVG,LATEST,balance_sheet,level,2.0,ACTUAL,VNSTOCK_BRONZE
AVG,LATEST,balance_sheet,off_balance,0.0,ACTUAL,VNSTOCK_BRONZE
AVG,LATEST,balance_sheet,value,66371566800.0,ACTUAL,VNSTOCK_BRONZE
AVG,LATEST,balance_sheet,order,36.0,ACTUAL,VNSTOCK_BRONZE
AVG,LATEST,balance_sheet,level,3.0,ACTUAL,VNSTOCK_BRONZE
AVG,LATEST,balance_sheet,off_balance,0.0,ACTUAL,VNSTOCK_BRONZE
AVG,LATEST,balance_sheet,value,88909714999.0,ACTUAL,VNSTOCK_BRONZE
AVG,LATEST,balance_sheet,order,37.0,ACTUAL,VNSTOCK_BRONZE
AVG,LATEST,balance_sheet,level,3.0,ACTUAL,VNSTOCK_BRONZE
AVG,LATEST,balance_sheet,off_balance,0.0,ACTUAL,VNSTOCK_BRONZE
AVG,LATEST,balance_sheet,value,-22538148199.0,ACTUAL,VNSTOCK_BRONZE
AVG,LATEST,balance_sheet,order,38.0,ACTUAL,VNSTOCK_BRONZE
AVG,LATEST,balance_sheet,level,2.0,ACTUAL,VNSTOCK_BRONZE
AVG,LATEST,balance_sheet,off_balance,0.0,ACTUAL,VNSTOCK_BRONZE
AVG,LATEST,balance_sheet,value,1975566671.0,ACTUAL,VNSTOCK_BRONZE
AVG,LATEST,balance_sheet,order,39.0,ACTUAL,VNSTOCK_BRONZE
AVG,LATEST,balance_sheet,level,3.0,ACTUAL,VNSTOCK_BRONZE
AVG,LATEST,balance_sheet,off_balance,0.0,ACTUAL,VNSTOCK_BRONZE
AVG,LATEST,balance_sheet,value,2522000000.0,ACTUAL,VNSTOCK_BRONZE
AVG,LATEST,balance_sheet,order,40.0,ACTUAL,VNSTOCK_BRONZE
AVG,LATEST,balance_sheet,level,3.0,ACTUAL,VNSTOCK_BRONZE
AVG,LATEST,balance_sheet,off_balance,0.0,ACTUAL,VNSTOCK_BRONZE
AVG,LATEST,balance_sheet,value,-546433329.0,ACTUAL,VNSTOCK_BRONZE
AVG,LATEST,balance_sheet,order,41.0,ACTUAL,VNSTOCK_BRONZE
AVG,LATEST,balance_sheet,level,2.0,ACTUAL,VNSTOCK_BRONZE
AVG,LATEST,balance_sheet,off_balance,0.0,ACTUAL,VNSTOCK_BRONZE
AVG,LATEST,balance_sheet,value,23797454362.0,ACTUAL,VNSTOCK_BRONZE
AVG,LATEST,balance_sheet,order,42.0,ACTUAL,VNSTOCK_BRONZE
AVG,LATEST,balance_sheet,level,3.0,ACTUAL,VNSTOCK_BRONZE
AVG,LATEST,balance_sheet,off_balance,0.0,ACTUAL,VNSTOCK_BRONZE
AVG,LATEST,balance_sheet,value,28677302852.0,ACTUAL,VNSTOCK_BRONZE
AVG,LATEST,balance_sheet,order,43.0,ACTUAL,VNSTOCK_BRONZE
AVG,LATEST,balance_sheet,level,3.0,ACTUAL,VNSTOCK_BRONZE
AVG,LATEST,balance_sheet,off_balance,0.0,ACTUAL,VNSTOCK_BRONZE
AVG,LATEST,balance_sheet,value,-4879848490.0,ACTUAL,VNSTOCK_BRONZE
AVG,LATEST,balance_sheet,order,44.0,ACTUAL,VNSTOCK_BRONZE
AVG,LATEST,balance_sheet,level,1.0,ACTUAL,VNSTOCK_BRONZE
AVG,LATEST,balance_sheet,off_balance,0.0,ACTUAL,VNSTOCK_BRONZE
AVG,LATEST,balance_sheet,value,74033166834.0,ACTUAL,VNSTOCK_BRONZE
AVG,LATEST,balance_sheet,order,45.0,ACTUAL,VNSTOCK_BRONZE
AVG,LATEST,balance_sheet,level,2.0,ACTUAL,VNSTOCK_BRONZE
AVG,LATEST,balance_sheet,off_balance,0.0,ACTUAL,VNSTOCK_BRONZE
AVG,LATEST,balance_sheet,value,91251885140.0,ACTUAL,VNSTOCK_BRONZE
AVG,LATEST,balance_sheet,order,46.0,ACTUAL,VNSTOCK_BRONZE
AVG,LATEST,balance_sheet,level,2.0,ACTUAL,VNSTOCK_BRONZE
AVG,LATEST,balance_sheet,off_balance,0.0,ACTUAL,VNSTOCK_BRONZE
AVG,LATEST,balance_sheet,value,-17218718306.0,ACTUAL,VNSTOCK_BRONZE
AVG,LATEST,balance_sheet,order,47.0,ACTUAL,VNSTOCK_BRONZE
AVG,LATEST,balance_sheet,level,1.0,ACTUAL,VNSTOCK_BRONZE
AVG,LATEST,balance_sheet,off_balance,0.0,ACTUAL,VNSTOCK_BRONZE
AVG,LATEST,balance_sheet,value,41460700000.0,ACTUAL,VNSTOCK_BRONZE
AVG,LATEST,balance_sheet,order,48.0,ACTUAL,VNSTOCK_BRONZE
AVG,LATEST,balance_sheet,level,2.0,ACTUAL,VNSTOCK_BRONZE
AVG,LATEST,balance_sheet,off_balance,0.0,ACTUAL,VNSTOCK_BRONZE
AVG,LATEST,balance_sheet,value,0.0,ACTUAL,VNSTOCK_BRONZE
AVG,LATEST,balance_sheet,order,49.0,ACTUAL,VNSTOCK_BRONZE
AVG,LATEST,balance_sheet,level,2.0,ACTUAL,VNSTOCK_BRONZE
AVG,LATEST,balance_sheet,off_balance,0.0,ACTUAL,VNSTOCK_BRONZE
AVG,LATEST,balance_sheet,value,41460700000.0,ACTUAL,VNSTOCK_BRONZE
AVG,LATEST,balance_sheet,order,50.0,ACTUAL,VNSTOCK_BRONZE
AVG,LATEST,balance_sheet,level,1.0,ACTUAL,VNSTOCK_BRONZE
AVG,LATEST,balance_sheet,off_balance,0.0,ACTUAL,VNSTOCK_BRONZE
AVG,LATEST,balance_sheet,value,0.0,ACTUAL,VNSTOCK_BRONZE
AVG,LATEST,balance_sheet,order,51.0,ACTUAL,VNSTOCK_BRONZE
AVG,LATEST,balance_sheet,level,2.0,ACTUAL,VNSTOCK_BRONZE
AVG,LATEST,balance_sheet,off_balance,0.0,ACTUAL,VNSTOCK_BRONZE
AVG,LATEST,balance_sheet,value,0.0,ACTUAL,VNSTOCK_BRONZE
AVG,LATEST,balance_sheet,order,52.0,ACTUAL,VNSTOCK_BRONZE
AVG,LATEST,balance_sheet,level,2.0,ACTUAL,VNSTOCK_BRONZE
AVG,LATEST,balance_sheet,off_balance,0.0,ACTUAL,VNSTOCK_BRONZE
AVG,LATEST,balance_sheet,value,0.0,ACTUAL,VNSTOCK_BRONZE
AVG,LATEST,balance_sheet,order,53.0,ACTUAL,VNSTOCK_BRONZE
AVG,LATEST,balance_sheet,level,2.0,ACTUAL,VNSTOCK_BRONZE
AVG,LATEST,balance_sheet,off_balance,0.0,ACTUAL,VNSTOCK_BRONZE
AVG,LATEST,balance_sheet,value,0.0,ACTUAL,VNSTOCK_BRONZE
AVG,LATEST,balance_sheet,order,54.0,ACTUAL,VNSTOCK_BRONZE
AVG,LATEST,balance_sheet,level,2.0,ACTUAL,VNSTOCK_BRONZE
AVG,LATEST,balance_sheet,off_balance,0.0,ACTUAL,VNSTOCK_BRONZE
AVG,LATEST,balance_sheet,value,0.0,ACTUAL,VNSTOCK_BRONZE
AVG,LATEST,balance_sheet,order,55.0,ACTUAL,VNSTOCK_BRONZE
AVG,LATEST,balance_sheet,level,2.0,ACTUAL,VNSTOCK_BRONZE
AVG,LATEST,balance_sheet,off_balance,0.0,ACTUAL,VNSTOCK_BRONZE
AVG,LATEST,balance_sheet,value,0.0,ACTUAL,VNSTOCK_BRONZE
AVG,LATEST,balance_sheet,order,56.0,ACTUAL,VNSTOCK_BRONZE
AVG,LATEST,balance_sheet,level,1.0,ACTUAL,VNSTOCK_BRONZE
AVG,LATEST,balance_sheet,off_balance,0.0,ACTUAL,VNSTOCK_BRONZE
AVG,LATEST,balance_sheet,value,17911001314.0,ACTUAL,VNSTOCK_BRONZE
AVG,LATEST,balance_sheet,order,57.0,ACTUAL,VNSTOCK_BRONZE
AVG,LATEST,balance_sheet,level,2.0,ACTUAL,VNSTOCK_BRONZE
AVG,LATEST,balance_sheet,off_balance,0.0,ACTUAL,VNSTOCK_BRONZE
AVG,LATEST,balance_sheet,value,0.0,ACTUAL,VNSTOCK_BRONZE
AVG,LATEST,balance_sheet,order,58.0,ACTUAL,VNSTOCK_BRONZE
AVG,LATEST,balance_sheet,level,2.0,ACTUAL,VNSTOCK_BRONZE
AVG,LATEST,balance_sheet,off_balance,0.0,ACTUAL,VNSTOCK_BRONZE
AVG,LATEST,balance_sheet,value,17911001314.0,ACTUAL,VNSTOCK_BRONZE
AVG,LATEST,balance_sheet,order,59.0,ACTUAL,VNSTOCK_BRONZE
AVG,LATEST,balance_sheet,level,2.0,ACTUAL,VNSTOCK_BRONZE
AVG,LATEST,balance_sheet,off_balance,0.0,ACTUAL,VNSTOCK_BRONZE
AVG,LATEST,balance_sheet,value,0.0,ACTUAL,VNSTOCK_BRONZE
AVG,LATEST,balance_sheet,order,60.0,ACTUAL,VNSTOCK_BRONZE
AVG,LATEST,balance_sheet,level,2.0,ACTUAL,VNSTOCK_BRONZE
AVG,LATEST,balance_sheet,off_balance,0.0,ACTUAL,VNSTOCK_BRONZE
AVG,LATEST,balance_sheet,value,0.0,ACTUAL,VNSTOCK_BRONZE
AVG,LATEST,balance_sheet,order,61.0,ACTUAL,VNSTOCK_BRONZE
AVG,LATEST,balance_sheet,level,2.0,ACTUAL,VNSTOCK_BRONZE
AVG,LATEST,balance_sheet,off_balance,0.0,ACTUAL,VNSTOCK_BRONZE
AVG,LATEST,balance_sheet,value,0.0,ACTUAL,VNSTOCK_BRONZE
AVG,LATEST,balance_sheet,order,62.0,ACTUAL,VNSTOCK_BRONZE
AVG,LATEST,balance_sheet,level,2.0,ACTUAL,VNSTOCK_BRONZE
AVG,LATEST,balance_sheet,off_balance,0.0,ACTUAL,VNSTOCK_BRONZE
AVG,LATEST,balance_sheet,value,0.0,ACTUAL,VNSTOCK_BRONZE
AVG,LATEST,balance_sheet,order,63.0,ACTUAL,VNSTOCK_BRONZE
AVG,LATEST,balance_sheet,level,1.0,ACTUAL,VNSTOCK_BRONZE
AVG,LATEST,balance_sheet,off_balance,0.0,ACTUAL,VNSTOCK_BRONZE
AVG,LATEST,balance_sheet,value,469549256265.0,ACTUAL,VNSTOCK_BRONZE
AVG,LATEST,balance_sheet,order,64.0,ACTUAL,VNSTOCK_BRONZE
AVG,LATEST,balance_sheet,level,1.0,ACTUAL,VNSTOCK_BRONZE
AVG,LATEST,balance_sheet,off_balance,0.0,ACTUAL,VNSTOCK_BRONZE
AVG,LATEST,balance_sheet,value,226392775154.0,ACTUAL,VNSTOCK_BRONZE
AVG,LATEST,balance_sheet,order,65.0,ACTUAL,VNSTOCK_BRONZE
AVG,LATEST,balance_sheet,level,1.0,ACTUAL,VNSTOCK_BRONZE
AVG,LATEST,balance_sheet,off_balance,0.0,ACTUAL,VNSTOCK_BRONZE
AVG,LATEST,balance_sheet,value,214524136121.0,ACTUAL,VNSTOCK_BRONZE
AVG,LATEST,balance_sheet,order,66.0,ACTUAL,VNSTOCK_BRONZE
AVG,LATEST,balance_sheet,level,2.0,ACTUAL,VNSTOCK_BRONZE
AVG,LATEST,balance_sheet,off_balance,0.0,ACTUAL,VNSTOCK_BRONZE
AVG,LATEST,balance_sheet,value,0.0,ACTUAL,VNSTOCK_BRONZE
AVG,LATEST,balance_sheet,order,67.0,ACTUAL,VNSTOCK_BRONZE
AVG,LATEST,balance_sheet,level,2.0,ACTUAL,VNSTOCK_BRONZE
AVG,LATEST,balance_sheet,off_balance,0.0,ACTUAL,VNSTOCK_BRONZE
AVG,LATEST,balance_sheet,value,0.0,ACTUAL,VNSTOCK_BRONZE
AVG,LATEST,balance_sheet,order,68.0,ACTUAL,VNSTOCK_BRONZE
AVG,LATEST,balance_sheet,level,2.0,ACTUAL,VNSTOCK_BRONZE
AVG,LATEST,balance_sheet,off_balance,0.0,ACTUAL,VNSTOCK_BRONZE
AVG,LATEST,balance_sheet,value,0.0,ACTUAL,VNSTOCK_BRONZE
AVG,LATEST,balance_sheet,order,69.0,ACTUAL,VNSTOCK_BRONZE
AVG,LATEST,balance_sheet,level,2.0,ACTUAL,VNSTOCK_BRONZE
AVG,LATEST,balance_sheet,off_balance,0.0,ACTUAL,VNSTOCK_BRONZE
AVG,LATEST,balance_sheet,value,36432453715.0,ACTUAL,VNSTOCK_BRONZE
AVG,LATEST,balance_sheet,order,70.0,ACTUAL,VNSTOCK_BRONZE
AVG,LATEST,balance_sheet,level,2.0,ACTUAL,VNSTOCK_BRONZE
AVG,LATEST,balance_sheet,off_balance,0.0,ACTUAL,VNSTOCK_BRONZE
AVG,LATEST,balance_sheet,value,783799250.0,ACTUAL,VNSTOCK_BRONZE
AVG,LATEST,balance_sheet,order,71.0,ACTUAL,VNSTOCK_BRONZE
AVG,LATEST,balance_sheet,level,2.0,ACTUAL,VNSTOCK_BRONZE
AVG,LATEST,balance_sheet,off_balance,0.0,ACTUAL,VNSTOCK_BRONZE
AVG,LATEST,balance_sheet,value,873641419.0,ACTUAL,VNSTOCK_BRONZE
AVG,LATEST,balance_sheet,order,72.0,ACTUAL,VNSTOCK_BRONZE
AVG,LATEST,balance_sheet,level,2.0,ACTUAL,VNSTOCK_BRONZE
AVG,LATEST,balance_sheet,off_balance,0.0,ACTUAL,VNSTOCK_BRONZE
AVG,LATEST,balance_sheet,value,648682903.0,ACTUAL,VNSTOCK_BRONZE
AVG,LATEST,balance_sheet,order,73.0,ACTUAL,VNSTOCK_BRONZE
AVG,LATEST,balance_sheet,level,2.0,ACTUAL,VNSTOCK_BRONZE
AVG,LATEST,balance_sheet,off_balance,0.0,ACTUAL,VNSTOCK_BRONZE
AVG,LATEST,balance_sheet,value,675064727.0,ACTUAL,VNSTOCK_BRONZE
AVG,LATEST,balance_sheet,order,74.0,ACTUAL,VNSTOCK_BRONZE
AVG,LATEST,balance_sheet,level,2.0,ACTUAL,VNSTOCK_BRONZE
AVG,LATEST,balance_sheet,off_balance,0.0,ACTUAL,VNSTOCK_BRONZE
AVG,LATEST,balance_sheet,value,0.0,ACTUAL,VNSTOCK_BRONZE
AVG,LATEST,balance_sheet,order,75.0,ACTUAL,VNSTOCK_BRONZE
AVG,LATEST,balance_sheet,level,2.0,ACTUAL,VNSTOCK_BRONZE
AVG,LATEST,balance_sheet,off_balance,0.0,ACTUAL,VNSTOCK_BRONZE
AVG,LATEST,balance_sheet,value,0.0,ACTUAL,VNSTOCK_BRONZE
AVG,LATEST,balance_sheet,order,76.0,ACTUAL,VNSTOCK_BRONZE
AVG,LATEST,balance_sheet,level,2.0,ACTUAL,VNSTOCK_BRONZE
AVG,LATEST,balance_sheet,off_balance,0.0,ACTUAL,VNSTOCK_BRONZE
AVG,LATEST,balance_sheet,value,0.0,ACTUAL,VNSTOCK_BRONZE
AVG,LATEST,balance_sheet,order,77.0,ACTUAL,VNSTOCK_BRONZE
AVG,LATEST,balance_sheet,level,2.0,ACTUAL,VNSTOCK_BRONZE
AVG,LATEST,balance_sheet,off_balance,0.0,ACTUAL,VNSTOCK_BRONZE
AVG,LATEST,balance_sheet,value,175110494107.0,ACTUAL,VNSTOCK_BRONZE
AVG,LATEST,balance_sheet,order,78.0,ACTUAL,VNSTOCK_BRONZE
AVG,LATEST,balance_sheet,level,2.0,ACTUAL,VNSTOCK_BRONZE
AVG,LATEST,balance_sheet,off_balance,0.0,ACTUAL,VNSTOCK_BRONZE
AVG,LATEST,balance_sheet,value,0.0,ACTUAL,VNSTOCK_BRONZE
AVG,LATEST,balance_sheet,order,79.0,ACTUAL,VNSTOCK_BRONZE
AVG,LATEST,balance_sheet,level,2.0,ACTUAL,VNSTOCK_BRONZE
AVG,LATEST,balance_sheet,off_balance,0.0,ACTUAL,VNSTOCK_BRONZE
AVG,LATEST,balance_sheet,value,0.0,ACTUAL,VNSTOCK_BRONZE
AVG,LATEST,balance_sheet,order,80.0,ACTUAL,VNSTOCK_BRONZE
AVG,LATEST,balance_sheet,level,2.0,ACTUAL,VNSTOCK_BRONZE
AVG,LATEST,balance_sheet,off_balance,0.0,ACTUAL,VNSTOCK_BRONZE
AVG,LATEST,balance_sheet,value,0.0,ACTUAL,VNSTOCK_BRONZE
AVG,LATEST,balance_sheet,order,81.0,ACTUAL,VNSTOCK_BRONZE
AVG,LATEST,balance_sheet,level,2.0,ACTUAL,VNSTOCK_BRONZE
AVG,LATEST,balance_sheet,off_balance,0.0,ACTUAL,VNSTOCK_BRONZE
AVG,LATEST,balance_sheet,value,0.0,ACTUAL,VNSTOCK_BRONZE
AVG,LATEST,balance_sheet,order,82.0,ACTUAL,VNSTOCK_BRONZE
AVG,LATEST,balance_sheet,level,1.0,ACTUAL,VNSTOCK_BRONZE
AVG,LATEST,balance_sheet,off_balance,0.0,ACTUAL,VNSTOCK_BRONZE
AVG,LATEST,balance_sheet,value,11868639033.0,ACTUAL,VNSTOCK_BRONZE
AVG,LATEST,balance_sheet,order,83.0,ACTUAL,VNSTOCK_BRONZE
AVG,LATEST,balance_sheet,level,2.0,ACTUAL,VNSTOCK_BRONZE
AVG,LATEST,balance_sheet,off_balance,0.0,ACTUAL,VNSTOCK_BRONZE
AVG,LATEST,balance_sheet,value,0.0,ACTUAL,VNSTOCK_BRONZE
AVG,LATEST,balance_sheet,order,84.0,ACTUAL,VNSTOCK_BRONZE
AVG,LATEST,balance_sheet,level,2.0,ACTUAL,VNSTOCK_BRONZE
AVG,LATEST,balance_sheet,off_balance,0.0,ACTUAL,VNSTOCK_BRONZE
AVG,LATEST,balance_sheet,order,85.0,ACTUAL,VNSTOCK_BRONZE
AVG,LATEST,balance_sheet,level,2.0,ACTUAL,VNSTOCK_BRONZE
AVG,LATEST,balance_sheet,off_balance,0.0,ACTUAL,VNSTOCK_BRONZE
AVG,LATEST,balance_sheet,value,0.0,ACTUAL,VNSTOCK_BRONZE
AVG,LATEST,balance_sheet,order,86.0,ACTUAL,VNSTOCK_BRONZE
AVG,LATEST,balance_sheet,level,2.0,ACTUAL,VNSTOCK_BRONZE
AVG,LATEST,balance_sheet,off_balance,0.0,ACTUAL,VNSTOCK_BRONZE
AVG,LATEST,balance_sheet,value,0.0,ACTUAL,VNSTOCK_BRONZE
AVG,LATEST,balance_sheet,order,87.0,ACTUAL,VNSTOCK_BRONZE
AVG,LATEST,balance_sheet,level,2.0,ACTUAL,VNSTOCK_BRONZE
AVG,LATEST,balance_sheet,off_balance,0.0,ACTUAL,VNSTOCK_BRONZE
AVG,LATEST,balance_sheet,value,0.0,ACTUAL,VNSTOCK_BRONZE
AVG,LATEST,balance_sheet,order,88.0,ACTUAL,VNSTOCK_BRONZE
AVG,LATEST,balance_sheet,level,2.0,ACTUAL,VNSTOCK_BRONZE
AVG,LATEST,balance_sheet,off_balance,0.0,ACTUAL,VNSTOCK_BRONZE
AVG,LATEST,balance_sheet,value,0.0,ACTUAL,VNSTOCK_BRONZE
AVG,LATEST,balance_sheet,order,89.0,ACTUAL,VNSTOCK_BRONZE
AVG,LATEST,balance_sheet,level,2.0,ACTUAL,VNSTOCK_BRONZE
AVG,LATEST,balance_sheet,off_balance,0.0,ACTUAL,VNSTOCK_BRONZE
AVG,LATEST,balance_sheet,value,0.0,ACTUAL,VNSTOCK_BRONZE
AVG,LATEST,balance_sheet,order,90.0,ACTUAL,VNSTOCK_BRONZE
AVG,LATEST,balance_sheet,level,2.0,ACTUAL,VNSTOCK_BRONZE
AVG,LATEST,balance_sheet,off_balance,0.0,ACTUAL,VNSTOCK_BRONZE
AVG,LATEST,balance_sheet,value,441431600.0,ACTUAL,VNSTOCK_BRONZE
AVG,LATEST,balance_sheet,order,91.0,ACTUAL,VNSTOCK_BRONZE
AVG,LATEST,balance_sheet,level,2.0,ACTUAL,VNSTOCK_BRONZE
AVG,LATEST,balance_sheet,off_balance,0.0,ACTUAL,VNSTOCK_BRONZE
AVG,LATEST,balance_sheet,value,11427207433.0,ACTUAL,VNSTOCK_BRONZE
AVG,LATEST,balance_sheet,order,92.0,ACTUAL,VNSTOCK_BRONZE
AVG,LATEST,balance_sheet,level,2.0,ACTUAL,VNSTOCK_BRONZE
AVG,LATEST,balance_sheet,off_balance,0.0,ACTUAL,VNSTOCK_BRONZE
AVG,LATEST,balance_sheet,value,0.0,ACTUAL,VNSTOCK_BRONZE
AVG,LATEST,balance_sheet,order,93.0,ACTUAL,VNSTOCK_BRONZE
AVG,LATEST,balance_sheet,level,2.0,ACTUAL,VNSTOCK_BRONZE
AVG,LATEST,balance_sheet,off_balance,0.0,ACTUAL,VNSTOCK_BRONZE
AVG,LATEST,balance_sheet,value,0.0,ACTUAL,VNSTOCK_BRONZE
AVG,LATEST,balance_sheet,order,94.0,ACTUAL,VNSTOCK_BRONZE
AVG,LATEST,balance_sheet,level,2.0,ACTUAL,VNSTOCK_BRONZE
AVG,LATEST,balance_sheet,off_balance,0.0,ACTUAL,VNSTOCK_BRONZE
AVG,LATEST,balance_sheet,value,0.0,ACTUAL,VNSTOCK_BRONZE
AVG,LATEST,balance_sheet,order,95.0,ACTUAL,VNSTOCK_BRONZE
AVG,LATEST,balance_sheet,level,2.0,ACTUAL,VNSTOCK_BRONZE
AVG,LATEST,balance_sheet,off_balance,0.0,ACTUAL,VNSTOCK_BRONZE
AVG,LATEST,balance_sheet,value,0.0,ACTUAL,VNSTOCK_BRONZE
AVG,LATEST,balance_sheet,order,96.0,ACTUAL,VNSTOCK_BRONZE
AVG,LATEST,balance_sheet,level,1.0,ACTUAL,VNSTOCK_BRONZE
AVG,LATEST,balance_sheet,off_balance,0.0,ACTUAL,VNSTOCK_BRONZE
AVG,LATEST,balance_sheet,value,243156481111.0,ACTUAL,VNSTOCK_BRONZE
AVG,LATEST,balance_sheet,order,97.0,ACTUAL,VNSTOCK_BRONZE
AVG,LATEST,balance_sheet,level,1.0,ACTUAL,VNSTOCK_BRONZE
AVG,LATEST,balance_sheet,off_balance,0.0,ACTUAL,VNSTOCK_BRONZE
AVG,LATEST,balance_sheet,value,243156481111.0,ACTUAL,VNSTOCK_BRONZE
AVG,LATEST,balance_sheet,order,98.0,ACTUAL,VNSTOCK_BRONZE
AVG,LATEST,balance_sheet,level,2.0,ACTUAL,VNSTOCK_BRONZE
AVG,LATEST,balance_sheet,off_balance,0.0,ACTUAL,VNSTOCK_BRONZE
AVG,LATEST,balance_sheet,value,0.0,ACTUAL,VNSTOCK_BRONZE
AVG,LATEST,balance_sheet,order,99.0,ACTUAL,VNSTOCK_BRONZE
AVG,LATEST,balance_sheet,level,2.0,ACTUAL,VNSTOCK_BRONZE
AVG,LATEST,balance_sheet,off_balance,0.0,ACTUAL,VNSTOCK_BRONZE
AVG,LATEST,balance_sheet,value,0.0,ACTUAL,VNSTOCK_BRONZE
AVG,LATEST,balance_sheet,order,100.0,ACTUAL,VNSTOCK_BRONZE
AVG,LATEST,balance_sheet,level,2.0,ACTUAL,VNSTOCK_BRONZE
AVG,LATEST,balance_sheet,off_balance,0.0,ACTUAL,VNSTOCK_BRONZE
AVG,LATEST,balance_sheet,value,0.0,ACTUAL,VNSTOCK_BRONZE
AVG,LATEST,balance_sheet,order,101.0,ACTUAL,VNSTOCK_BRONZE
AVG,LATEST,balance_sheet,level,2.0,ACTUAL,VNSTOCK_BRONZE
AVG,LATEST,balance_sheet,off_balance,0.0,ACTUAL,VNSTOCK_BRONZE
AVG,LATEST,balance_sheet,value,0.0,ACTUAL,VNSTOCK_BRONZE
AVG,LATEST,balance_sheet,order,102.0,ACTUAL,VNSTOCK_BRONZE
AVG,LATEST,balance_sheet,level,2.0,ACTUAL,VNSTOCK_BRONZE
AVG,LATEST,balance_sheet,off_balance,0.0,ACTUAL,VNSTOCK_BRONZE
AVG,LATEST,balance_sheet,value,176799820000.0,ACTUAL,VNSTOCK_BRONZE
AVG,LATEST,balance_sheet,order,103.0,ACTUAL,VNSTOCK_BRONZE
AVG,LATEST,balance_sheet,level,3.0,ACTUAL,VNSTOCK_BRONZE
AVG,LATEST,balance_sheet,off_balance,0.0,ACTUAL,VNSTOCK_BRONZE
AVG,LATEST,balance_sheet,value,176799820000.0,ACTUAL,VNSTOCK_BRONZE
AVG,LATEST,balance_sheet,order,104.0,ACTUAL,VNSTOCK_BRONZE
AVG,LATEST,balance_sheet,level,2.0,ACTUAL,VNSTOCK_BRONZE
AVG,LATEST,balance_sheet,off_balance,0.0,ACTUAL,VNSTOCK_BRONZE
AVG,LATEST,balance_sheet,value,0.0,ACTUAL,VNSTOCK_BRONZE
AVG,LATEST,balance_sheet,order,105.0,ACTUAL,VNSTOCK_BRONZE
AVG,LATEST,balance_sheet,level,2.0,ACTUAL,VNSTOCK_BRONZE
AVG,LATEST,balance_sheet,off_balance,0.0,ACTUAL,VNSTOCK_BRONZE
AVG,LATEST,balance_sheet,value,0.0,ACTUAL,VNSTOCK_BRONZE
AVG,LATEST,balance_sheet,order,106.0,ACTUAL,VNSTOCK_BRONZE
AVG,LATEST,balance_sheet,level,2.0,ACTUAL,VNSTOCK_BRONZE
AVG,LATEST,balance_sheet,off_balance,0.0,ACTUAL,VNSTOCK_BRONZE
AVG,LATEST,balance_sheet,value,0.0,ACTUAL,VNSTOCK_BRONZE
AVG,LATEST,balance_sheet,order,107.0,ACTUAL,VNSTOCK_BRONZE
AVG,LATEST,balance_sheet,level,2.0,ACTUAL,VNSTOCK_BRONZE
AVG,LATEST,balance_sheet,off_balance,0.0,ACTUAL,VNSTOCK_BRONZE
AVG,LATEST,balance_sheet,value,0.0,ACTUAL,VNSTOCK_BRONZE
AVG,LATEST,balance_sheet,order,108.0,ACTUAL,VNSTOCK_BRONZE
AVG,LATEST,balance_sheet,level,2.0,ACTUAL,VNSTOCK_BRONZE
AVG,LATEST,balance_sheet,off_balance,0.0,ACTUAL,VNSTOCK_BRONZE
AVG,LATEST,balance_sheet,value,0.0,ACTUAL,VNSTOCK_BRONZE
AVG,LATEST,balance_sheet,order,109.0,ACTUAL,VNSTOCK_BRONZE
AVG,LATEST,balance_sheet,level,2.0,ACTUAL,VNSTOCK_BRONZE
AVG,LATEST,balance_sheet,off_balance,0.0,ACTUAL,VNSTOCK_BRONZE
AVG,LATEST,balance_sheet,value,471167081.0,ACTUAL,VNSTOCK_BRONZE
AVG,LATEST,balance_sheet,order,110.0,ACTUAL,VNSTOCK_BRONZE
AVG,LATEST,balance_sheet,level,2.0,ACTUAL,VNSTOCK_BRONZE
AVG,LATEST,balance_sheet,off_balance,0.0,ACTUAL,VNSTOCK_BRONZE
AVG,LATEST,balance_sheet,value,0.0,ACTUAL,VNSTOCK_BRONZE
AVG,LATEST,balance_sheet,order,111.0,ACTUAL,VNSTOCK_BRONZE
AVG,LATEST,balance_sheet,level,2.0,ACTUAL,VNSTOCK_BRONZE
AVG,LATEST,balance_sheet,off_balance,0.0,ACTUAL,VNSTOCK_BRONZE
AVG,LATEST,balance_sheet,value,0.0,ACTUAL,VNSTOCK_BRONZE
AVG,LATEST,balance_sheet,order,112.0,ACTUAL,VNSTOCK_BRONZE
AVG,LATEST,balance_sheet,level,2.0,ACTUAL,VNSTOCK_BRONZE
AVG,LATEST,balance_sheet,off_balance,0.0,ACTUAL,VNSTOCK_BRONZE
AVG,LATEST,balance_sheet,value,62529823448.0,ACTUAL,VNSTOCK_BRONZE
AVG,LATEST,balance_sheet,order,113.0,ACTUAL,VNSTOCK_BRONZE
AVG,LATEST,balance_sheet,level,3.0,ACTUAL,VNSTOCK_BRONZE
AVG,LATEST,balance_sheet,off_balance,0.0,ACTUAL,VNSTOCK_BRONZE
AVG,LATEST,balance_sheet,value,46394041657.0,ACTUAL,VNSTOCK_BRONZE
AVG,LATEST,balance_sheet,order,114.0,ACTUAL,VNSTOCK_BRONZE
AVG,LATEST,balance_sheet,level,3.0,ACTUAL,VNSTOCK_BRONZE
AVG,LATEST,balance_sheet,off_balance,0.0,ACTUAL,VNSTOCK_BRONZE
AVG,LATEST,balance_sheet,value,16135781791.0,ACTUAL,VNSTOCK_BRONZE
AVG,LATEST,balance_sheet,order,115.0,ACTUAL,VNSTOCK_BRONZE
AVG,LATEST,balance_sheet,level,2.0,ACTUAL,VNSTOCK_BRONZE
AVG,LATEST,balance_sheet,off_balance,0.0,ACTUAL,VNSTOCK_BRONZE
AVG,LATEST,balance_sheet,value,3355670582.0,ACTUAL,VNSTOCK_BRONZE
AVG,LATEST,balance_sheet,order,116.0,ACTUAL,VNSTOCK_BRONZE
AVG,LATEST,balance_sheet,level,1.0,ACTUAL,VNSTOCK_BRONZE
AVG,LATEST,balance_sheet,off_balance,0.0,ACTUAL,VNSTOCK_BRONZE
AVG,LATEST,balance_sheet,value,0.0,ACTUAL,VNSTOCK_BRONZE
AVG,LATEST,balance_sheet,order,117.0,ACTUAL,VNSTOCK_BRONZE
AVG,LATEST,balance_sheet,level,2.0,ACTUAL,VNSTOCK_BRONZE
AVG,LATEST,balance_sheet,off_balance,0.0,ACTUAL,VNSTOCK_BRONZE
AVG,LATEST,balance_sheet,value,0.0,ACTUAL,VNSTOCK_BRONZE
AVG,LATEST,balance_sheet,order,118.0,ACTUAL,VNSTOCK_BRONZE
AVG,LATEST,balance_sheet,level,1.0,ACTUAL,VNSTOCK_BRONZE
AVG,LATEST,balance_sheet,off_balance,0.0,ACTUAL,VNSTOCK_BRONZE
AVG,LATEST,balance_sheet,value,469549256265.0,ACTUAL,VNSTOCK_BRONZE
AVG,LATEST,balance_sheet,order,1.0,ACTUAL,VNSTOCK_BRONZE
AVG,LATEST,balance_sheet,level,1.0,ACTUAL,VNSTOCK_BRONZE
AVG,LATEST,balance_sheet,off_balance,0.0,ACTUAL,VNSTOCK_BRONZE
AVG,LATEST,balance_sheet,value,207884353223.0,ACTUAL,VNSTOCK_BRONZE
AVG,LATEST,balance_sheet,order,2.0,ACTUAL,VNSTOCK_BRONZE
AVG,LATEST,balance_sheet,level,1.0,ACTUAL,VNSTOCK_BRONZE
AVG,LATEST,balance_sheet,off_balance,0.0,ACTUAL,VNSTOCK_BRONZE
AVG,LATEST,balance_sheet,value,23536494533.0,ACTUAL,VNSTOCK_BRONZE
AVG,LATEST,balance_sheet,order,3.0,ACTUAL,VNSTOCK_BRONZE
AVG,LATEST,balance_sheet,level,2.0,ACTUAL,VNSTOCK_BRONZE
AVG,LATEST,balance_sheet,off_balance,0.0,ACTUAL,VNSTOCK_BRONZE
AVG,LATEST,balance_sheet,value,23536494533.0,ACTUAL,VNSTOCK_BRONZE
AVG,LATEST,balance_sheet,order,4.0,ACTUAL,VNSTOCK_BRONZE
AVG,LATEST,balance_sheet,level,2.0,ACTUAL,VNSTOCK_BRONZE
AVG,LATEST,balance_sheet,off_balance,0.0,ACTUAL,VNSTOCK_BRONZE
AVG,LATEST,balance_sheet,value,0.0,ACTUAL,VNSTOCK_BRONZE
AVG,LATEST,balance_sheet,order,5.0,ACTUAL,VNSTOCK_BRONZE
AVG,LATEST,balance_sheet,level,1.0,ACTUAL,VNSTOCK_BRONZE
AVG,LATEST,balance_sheet,off_balance,0.0,ACTUAL,VNSTOCK_BRONZE
AVG,LATEST,balance_sheet,value,42849625000.0,ACTUAL,VNSTOCK_BRONZE
AVG,LATEST,balance_sheet,order,6.0,ACTUAL,VNSTOCK_BRONZE
AVG,LATEST,balance_sheet,level,2.0,ACTUAL,VNSTOCK_BRONZE
AVG,LATEST,balance_sheet,off_balance,0.0,ACTUAL,VNSTOCK_BRONZE
AVG,LATEST,balance_sheet,value,42849625000.0,ACTUAL,VNSTOCK_BRONZE
AVG,LATEST,balance_sheet,order,7.0,ACTUAL,VNSTOCK_BRONZE
AVG,LATEST,balance_sheet,level,2.0,ACTUAL,VNSTOCK_BRONZE
AVG,LATEST,balance_sheet,off_balance,0.0,ACTUAL,VNSTOCK_BRONZE
AVG,LATEST,balance_sheet,value,0.0,ACTUAL,VNSTOCK_BRONZE
AVG,LATEST,balance_sheet,order,8.0,ACTUAL,VNSTOCK_BRONZE
AVG,LATEST,balance_sheet,level,2.0,ACTUAL,VNSTOCK_BRONZE
AVG,LATEST,balance_sheet,off_balance,0.0,ACTUAL,VNSTOCK_BRONZE
AVG,LATEST,balance_sheet,value,0.0,ACTUAL,VNSTOCK_BRONZE
AVG,LATEST,balance_sheet,order,9.0,ACTUAL,VNSTOCK_BRONZE
AVG,LATEST,balance_sheet,level,1.0,ACTUAL,VNSTOCK_BRONZE
AVG,LATEST,balance_sheet,off_balance,0.0,ACTUAL,VNSTOCK_BRONZE
AVG,LATEST,balance_sheet,value,115770421585.0,ACTUAL,VNSTOCK_BRONZE
AVG,LATEST,balance_sheet,order,10.0,ACTUAL,VNSTOCK_BRONZE
AVG,LATEST,balance_sheet,level,2.0,ACTUAL,VNSTOCK_BRONZE
AVG,LATEST,balance_sheet,off_balance,0.0,ACTUAL,VNSTOCK_BRONZE
AVG,LATEST,balance_sheet,value,101903361985.0,ACTUAL,VNSTOCK_BRONZE
AVG,LATEST,balance_sheet,order,11.0,ACTUAL,VNSTOCK_BRONZE
AVG,LATEST,balance_sheet,level,2.0,ACTUAL,VNSTOCK_BRONZE
AVG,LATEST,balance_sheet,off_balance,0.0,ACTUAL,VNSTOCK_BRONZE
AVG,LATEST,balance_sheet,value,13421622964.0,ACTUAL,VNSTOCK_BRONZE
AVG,LATEST,balance_sheet,order,12.0,ACTUAL,VNSTOCK_BRONZE
AVG,LATEST,balance_sheet,level,2.0,ACTUAL,VNSTOCK_BRONZE
AVG,LATEST,balance_sheet,off_balance,0.0,ACTUAL,VNSTOCK_BRONZE
AVG,LATEST,balance_sheet,value,0.0,ACTUAL,VNSTOCK_BRONZE
AVG,LATEST,balance_sheet,order,13.0,ACTUAL,VNSTOCK_BRONZE
AVG,LATEST,balance_sheet,level,2.0,ACTUAL,VNSTOCK_BRONZE
AVG,LATEST,balance_sheet,off_balance,0.0,ACTUAL,VNSTOCK_BRONZE
AVG,LATEST,balance_sheet,value,0.0,ACTUAL,VNSTOCK_BRONZE
AVG,LATEST,balance_sheet,order,14.0,ACTUAL,VNSTOCK_BRONZE
AVG,LATEST,balance_sheet,level,2.0,ACTUAL,VNSTOCK_BRONZE
AVG,LATEST,balance_sheet,off_balance,0.0,ACTUAL,VNSTOCK_BRONZE
AVG,LATEST,balance_sheet,value,0.0,ACTUAL,VNSTOCK_BRONZE
AVG,LATEST,balance_sheet,order,15.0,ACTUAL,VNSTOCK_BRONZE
AVG,LATEST,balance_sheet,level,2.0,ACTUAL,VNSTOCK_BRONZE
AVG,LATEST,balance_sheet,off_balance,0.0,ACTUAL,VNSTOCK_BRONZE
AVG,LATEST,balance_sheet,value,445436636.0,ACTUAL,VNSTOCK_BRONZE
AVG,LATEST,balance_sheet,order,16.0,ACTUAL,VNSTOCK_BRONZE
AVG,LATEST,balance_sheet,level,2.0,ACTUAL,VNSTOCK_BRONZE
AVG,LATEST,balance_sheet,off_balance,0.0,ACTUAL,VNSTOCK_BRONZE
AVG,LATEST,balance_sheet,value,0.0,ACTUAL,VNSTOCK_BRONZE
AVG,LATEST,balance_sheet,order,17.0,ACTUAL,VNSTOCK_BRONZE
AVG,LATEST,balance_sheet,level,2.0,ACTUAL,VNSTOCK_BRONZE
AVG,LATEST,balance_sheet,off_balance,0.0,ACTUAL,VNSTOCK_BRONZE
AVG,LATEST,balance_sheet,value,0.0,ACTUAL,VNSTOCK_BRONZE
AVG,LATEST,balance_sheet,order,18.0,ACTUAL,VNSTOCK_BRONZE
AVG,LATEST,balance_sheet,level,1.0,ACTUAL,VNSTOCK_BRONZE
AVG,LATEST,balance_sheet,off_balance,0.0,ACTUAL,VNSTOCK_BRONZE
AVG,LATEST,balance_sheet,value,22991302854.0,ACTUAL,VNSTOCK_BRONZE
AVG,LATEST,balance_sheet,order,19.0,ACTUAL,VNSTOCK_BRONZE
AVG,LATEST,balance_sheet,level,2.0,ACTUAL,VNSTOCK_BRONZE
AVG,LATEST,balance_sheet,off_balance,0.0,ACTUAL,VNSTOCK_BRONZE
AVG,LATEST,balance_sheet,value,22991302854.0,ACTUAL,VNSTOCK_BRONZE
AVG,LATEST,balance_sheet,order,20.0,ACTUAL,VNSTOCK_BRONZE
AVG,LATEST,balance_sheet,level,2.0,ACTUAL,VNSTOCK_BRONZE
AVG,LATEST,balance_sheet,off_balance,0.0,ACTUAL,VNSTOCK_BRONZE
AVG,LATEST,balance_sheet,value,0.0,ACTUAL,VNSTOCK_BRONZE
AVG,LATEST,balance_sheet,order,21.0,ACTUAL,VNSTOCK_BRONZE
AVG,LATEST,balance_sheet,level,1.0,ACTUAL,VNSTOCK_BRONZE
AVG,LATEST,balance_sheet,off_balance,0.0,ACTUAL,VNSTOCK_BRONZE
AVG,LATEST,balance_sheet,value,2736509251.0,ACTUAL,VNSTOCK_BRONZE
AVG,LATEST,balance_sheet,order,22.0,ACTUAL,VNSTOCK_BRONZE
AVG,LATEST,balance_sheet,level,2.0,ACTUAL,VNSTOCK_BRONZE
AVG,LATEST,balance_sheet,off_balance,0.0,ACTUAL,VNSTOCK_BRONZE
AVG,LATEST,balance_sheet,value,202412276.0,ACTUAL,VNSTOCK_BRONZE
AVG,LATEST,balance_sheet,order,23.0,ACTUAL,VNSTOCK_BRONZE
AVG,LATEST,balance_sheet,level,2.0,ACTUAL,VNSTOCK_BRONZE
AVG,LATEST,balance_sheet,off_balance,0.0,ACTUAL,VNSTOCK_BRONZE
AVG,LATEST,balance_sheet,value,2534096975.0,ACTUAL,VNSTOCK_BRONZE
AVG,LATEST,balance_sheet,order,24.0,ACTUAL,VNSTOCK_BRONZE
AVG,LATEST,balance_sheet,level,2.0,ACTUAL,VNSTOCK_BRONZE
AVG,LATEST,balance_sheet,off_balance,0.0,ACTUAL,VNSTOCK_BRONZE
AVG,LATEST,balance_sheet,value,0.0,ACTUAL,VNSTOCK_BRONZE
AVG,LATEST,balance_sheet,order,25.0,ACTUAL,VNSTOCK_BRONZE
AVG,LATEST,balance_sheet,level,2.0,ACTUAL,VNSTOCK_BRONZE
AVG,LATEST,balance_sheet,off_balance,0.0,ACTUAL,VNSTOCK_BRONZE
AVG,LATEST,balance_sheet,value,0.0,ACTUAL,VNSTOCK_BRONZE
AVG,LATEST,balance_sheet,order,26.0,ACTUAL,VNSTOCK_BRONZE
AVG,LATEST,balance_sheet,level,1.0,ACTUAL,VNSTOCK_BRONZE
AVG,LATEST,balance_sheet,off_balance,0.0,ACTUAL,VNSTOCK_BRONZE
AVG,LATEST,balance_sheet,value,185425280909.0,ACTUAL,VNSTOCK_BRONZE
AVG,LATEST,balance_sheet,order,27.0,ACTUAL,VNSTOCK_BRONZE
AVG,LATEST,balance_sheet,level,1.0,ACTUAL,VNSTOCK_BRONZE
AVG,LATEST,balance_sheet,off_balance,0.0,ACTUAL,VNSTOCK_BRONZE
AVG,LATEST,balance_sheet,value,0.0,ACTUAL,VNSTOCK_BRONZE
AVG,LATEST,balance_sheet,order,28.0,ACTUAL,VNSTOCK_BRONZE
AVG,LATEST,balance_sheet,level,2.0,ACTUAL,VNSTOCK_BRONZE
AVG,LATEST,balance_sheet,off_balance,0.0,ACTUAL,VNSTOCK_BRONZE
AVG,LATEST,balance_sheet,value,0.0,ACTUAL,VNSTOCK_BRONZE
AVG,LATEST,balance_sheet,order,29.0,ACTUAL,VNSTOCK_BRONZE
AVG,LATEST,balance_sheet,level,2.0,ACTUAL,VNSTOCK_BRONZE
AVG,LATEST,balance_sheet,off_balance,0.0,ACTUAL,VNSTOCK_BRONZE
AVG,LATEST,balance_sheet,value,0.0,ACTUAL,VNSTOCK_BRONZE
AVG,LATEST,balance_sheet,order,30.0,ACTUAL,VNSTOCK_BRONZE
AVG,LATEST,balance_sheet,level,2.0,ACTUAL,VNSTOCK_BRONZE
AVG,LATEST,balance_sheet,off_balance,0.0,ACTUAL,VNSTOCK_BRONZE
AVG,LATEST,balance_sheet,value,0.0,ACTUAL,VNSTOCK_BRONZE
AVG,LATEST,balance_sheet,order,31.0,ACTUAL,VNSTOCK_BRONZE
AVG,LATEST,balance_sheet,level,2.0,ACTUAL,VNSTOCK_BRONZE
AVG,LATEST,balance_sheet,off_balance,0.0,ACTUAL,VNSTOCK_BRONZE
AVG,LATEST,balance_sheet,value,0.0,ACTUAL,VNSTOCK_BRONZE
AVG,LATEST,balance_sheet,order,32.0,ACTUAL,VNSTOCK_BRONZE
AVG,LATEST,balance_sheet,level,2.0,ACTUAL,VNSTOCK_BRONZE
AVG,LATEST,balance_sheet,off_balance,0.0,ACTUAL,VNSTOCK_BRONZE
AVG,LATEST,balance_sheet,value,0.0,ACTUAL,VNSTOCK_BRONZE
AVG,LATEST,balance_sheet,order,33.0,ACTUAL,VNSTOCK_BRONZE
AVG,LATEST,balance_sheet,level,2.0,ACTUAL,VNSTOCK_BRONZE
AVG,LATEST,balance_sheet,off_balance,0.0,ACTUAL,VNSTOCK_BRONZE
AVG,LATEST,balance_sheet,value,-0.0,ACTUAL,VNSTOCK_BRONZE
AVG,LATEST,balance_sheet,order,34.0,ACTUAL,VNSTOCK_BRONZE
AVG,LATEST,balance_sheet,level,1.0,ACTUAL,VNSTOCK_BRONZE
AVG,LATEST,balance_sheet,off_balance,0.0,ACTUAL,VNSTOCK_BRONZE
AVG,LATEST,balance_sheet,value,89356487596.0,ACTUAL,VNSTOCK_BRONZE
AVG,LATEST,balance_sheet,order,35.0,ACTUAL,VNSTOCK_BRONZE
AVG,LATEST,balance_sheet,level,2.0,ACTUAL,VNSTOCK_BRONZE
AVG,LATEST,balance_sheet,off_balance,0.0,ACTUAL,VNSTOCK_BRONZE
AVG,LATEST,balance_sheet,value,63301996815.0,ACTUAL,VNSTOCK_BRONZE
AVG,LATEST,balance_sheet,order,36.0,ACTUAL,VNSTOCK_BRONZE
AVG,LATEST,balance_sheet,level,3.0,ACTUAL,VNSTOCK_BRONZE
AVG,LATEST,balance_sheet,off_balance,0.0,ACTUAL,VNSTOCK_BRONZE
AVG,LATEST,balance_sheet,value,84522682554.0,ACTUAL,VNSTOCK_BRONZE
AVG,LATEST,balance_sheet,order,37.0,ACTUAL,VNSTOCK_BRONZE
AVG,LATEST,balance_sheet,level,3.0,ACTUAL,VNSTOCK_BRONZE
AVG,LATEST,balance_sheet,off_balance,0.0,ACTUAL,VNSTOCK_BRONZE
AVG,LATEST,balance_sheet,value,-21220685739.0,ACTUAL,VNSTOCK_BRONZE
AVG,LATEST,balance_sheet,order,38.0,ACTUAL,VNSTOCK_BRONZE
AVG,LATEST,balance_sheet,level,2.0,ACTUAL,VNSTOCK_BRONZE
AVG,LATEST,balance_sheet,off_balance,0.0,ACTUAL,VNSTOCK_BRONZE
AVG,LATEST,balance_sheet,value,2072470116.0,ACTUAL,VNSTOCK_BRONZE
AVG,LATEST,balance_sheet,order,39.0,ACTUAL,VNSTOCK_BRONZE
AVG,LATEST,balance_sheet,level,3.0,ACTUAL,VNSTOCK_BRONZE
AVG,LATEST,balance_sheet,off_balance,0.0,ACTUAL,VNSTOCK_BRONZE
AVG,LATEST,balance_sheet,value,3354135615.0,ACTUAL,VNSTOCK_BRONZE
AVG,LATEST,balance_sheet,order,40.0,ACTUAL,VNSTOCK_BRONZE
AVG,LATEST,balance_sheet,level,3.0,ACTUAL,VNSTOCK_BRONZE
AVG,LATEST,balance_sheet,off_balance,0.0,ACTUAL,VNSTOCK_BRONZE
AVG,LATEST,balance_sheet,value,-1281665499.0,ACTUAL,VNSTOCK_BRONZE
AVG,LATEST,balance_sheet,order,41.0,ACTUAL,VNSTOCK_BRONZE
AVG,LATEST,balance_sheet,level,2.0,ACTUAL,VNSTOCK_BRONZE
AVG,LATEST,balance_sheet,off_balance,0.0,ACTUAL,VNSTOCK_BRONZE
AVG,LATEST,balance_sheet,value,23982020665.0,ACTUAL,VNSTOCK_BRONZE
AVG,LATEST,balance_sheet,order,42.0,ACTUAL,VNSTOCK_BRONZE
AVG,LATEST,balance_sheet,level,3.0,ACTUAL,VNSTOCK_BRONZE
AVG,LATEST,balance_sheet,off_balance,0.0,ACTUAL,VNSTOCK_BRONZE
AVG,LATEST,balance_sheet,value,28677302852.0,ACTUAL,VNSTOCK_BRONZE
AVG,LATEST,balance_sheet,order,43.0,ACTUAL,VNSTOCK_BRONZE
AVG,LATEST,balance_sheet,level,3.0,ACTUAL,VNSTOCK_BRONZE
AVG,LATEST,balance_sheet,off_balance,0.0,ACTUAL,VNSTOCK_BRONZE
AVG,LATEST,balance_sheet,value,-4695282187.0,ACTUAL,VNSTOCK_BRONZE
AVG,LATEST,balance_sheet,order,44.0,ACTUAL,VNSTOCK_BRONZE
AVG,LATEST,balance_sheet,level,1.0,ACTUAL,VNSTOCK_BRONZE
AVG,LATEST,balance_sheet,off_balance,0.0,ACTUAL,VNSTOCK_BRONZE
AVG,LATEST,balance_sheet,value,74936540832.0,ACTUAL,VNSTOCK_BRONZE
AVG,LATEST,balance_sheet,order,45.0,ACTUAL,VNSTOCK_BRONZE
AVG,LATEST,balance_sheet,level,2.0,ACTUAL,VNSTOCK_BRONZE
AVG,LATEST,balance_sheet,off_balance,0.0,ACTUAL,VNSTOCK_BRONZE
AVG,LATEST,balance_sheet,value,91251885140.0,ACTUAL,VNSTOCK_BRONZE
AVG,LATEST,balance_sheet,order,46.0,ACTUAL,VNSTOCK_BRONZE
AVG,LATEST,balance_sheet,level,2.0,ACTUAL,VNSTOCK_BRONZE
AVG,LATEST,balance_sheet,off_balance,0.0,ACTUAL,VNSTOCK_BRONZE
AVG,LATEST,balance_sheet,value,-16315344308.0,ACTUAL,VNSTOCK_BRONZE
AVG,LATEST,balance_sheet,order,47.0,ACTUAL,VNSTOCK_BRONZE
AVG,LATEST,balance_sheet,level,1.0,ACTUAL,VNSTOCK_BRONZE
AVG,LATEST,balance_sheet,off_balance,0.0,ACTUAL,VNSTOCK_BRONZE
AVG,LATEST,balance_sheet,value,3073358201.0,ACTUAL,VNSTOCK_BRONZE
AVG,LATEST,balance_sheet,order,48.0,ACTUAL,VNSTOCK_BRONZE
AVG,LATEST,balance_sheet,level,2.0,ACTUAL,VNSTOCK_BRONZE
AVG,LATEST,balance_sheet,off_balance,0.0,ACTUAL,VNSTOCK_BRONZE
AVG,LATEST,balance_sheet,value,0.0,ACTUAL,VNSTOCK_BRONZE
AVG,LATEST,balance_sheet,order,49.0,ACTUAL,VNSTOCK_BRONZE
AVG,LATEST,balance_sheet,level,2.0,ACTUAL,VNSTOCK_BRONZE
AVG,LATEST,balance_sheet,off_balance,0.0,ACTUAL,VNSTOCK_BRONZE
AVG,LATEST,balance_sheet,value,3073358201.0,ACTUAL,VNSTOCK_BRONZE
AVG,LATEST,balance_sheet,order,50.0,ACTUAL,VNSTOCK_BRONZE
AVG,LATEST,balance_sheet,level,1.0,ACTUAL,VNSTOCK_BRONZE
AVG,LATEST,balance_sheet,off_balance,0.0,ACTUAL,VNSTOCK_BRONZE
AVG,LATEST,balance_sheet,value,0.0,ACTUAL,VNSTOCK_BRONZE
AVG,LATEST,balance_sheet,order,51.0,ACTUAL,VNSTOCK_BRONZE
AVG,LATEST,balance_sheet,level,2.0,ACTUAL,VNSTOCK_BRONZE
AVG,LATEST,balance_sheet,off_balance,0.0,ACTUAL,VNSTOCK_BRONZE
AVG,LATEST,balance_sheet,value,0.0,ACTUAL,VNSTOCK_BRONZE
AVG,LATEST,balance_sheet,order,52.0,ACTUAL,VNSTOCK_BRONZE
AVG,LATEST,balance_sheet,level,2.0,ACTUAL,VNSTOCK_BRONZE
AVG,LATEST,balance_sheet,off_balance,0.0,ACTUAL,VNSTOCK_BRONZE
AVG,LATEST,balance_sheet,value,0.0,ACTUAL,VNSTOCK_BRONZE
AVG,LATEST,balance_sheet,order,53.0,ACTUAL,VNSTOCK_BRONZE
AVG,LATEST,balance_sheet,level,2.0,ACTUAL,VNSTOCK_BRONZE
AVG,LATEST,balance_sheet,off_balance,0.0,ACTUAL,VNSTOCK_BRONZE
AVG,LATEST,balance_sheet,value,0.0,ACTUAL,VNSTOCK_BRONZE
AVG,LATEST,balance_sheet,order,54.0,ACTUAL,VNSTOCK_BRONZE
AVG,LATEST,balance_sheet,level,2.0,ACTUAL,VNSTOCK_BRONZE
AVG,LATEST,balance_sheet,off_balance,0.0,ACTUAL,VNSTOCK_BRONZE
AVG,LATEST,balance_sheet,value,0.0,ACTUAL,VNSTOCK_BRONZE
AVG,LATEST,balance_sheet,order,55.0,ACTUAL,VNSTOCK_BRONZE
AVG,LATEST,balance_sheet,level,2.0,ACTUAL,VNSTOCK_BRONZE
AVG,LATEST,balance_sheet,off_balance,0.0,ACTUAL,VNSTOCK_BRONZE
AVG,LATEST,balance_sheet,value,0.0,ACTUAL,VNSTOCK_BRONZE
AVG,LATEST,balance_sheet,order,56.0,ACTUAL,VNSTOCK_BRONZE
AVG,LATEST,balance_sheet,level,1.0,ACTUAL,VNSTOCK_BRONZE
AVG,LATEST,balance_sheet,off_balance,0.0,ACTUAL,VNSTOCK_BRONZE
AVG,LATEST,balance_sheet,value,18058894280.0,ACTUAL,VNSTOCK_BRONZE
AVG,LATEST,balance_sheet,order,57.0,ACTUAL,VNSTOCK_BRONZE
AVG,LATEST,balance_sheet,level,2.0,ACTUAL,VNSTOCK_BRONZE
AVG,LATEST,balance_sheet,off_balance,0.0,ACTUAL,VNSTOCK_BRONZE
AVG,LATEST,balance_sheet,value,0.0,ACTUAL,VNSTOCK_BRONZE
AVG,LATEST,balance_sheet,order,58.0,ACTUAL,VNSTOCK_BRONZE
AVG,LATEST,balance_sheet,level,2.0,ACTUAL,VNSTOCK_BRONZE
AVG,LATEST,balance_sheet,off_balance,0.0,ACTUAL,VNSTOCK_BRONZE
AVG,LATEST,balance_sheet,value,18058894280.0,ACTUAL,VNSTOCK_BRONZE
AVG,LATEST,balance_sheet,order,59.0,ACTUAL,VNSTOCK_BRONZE
AVG,LATEST,balance_sheet,level,2.0,ACTUAL,VNSTOCK_BRONZE
AVG,LATEST,balance_sheet,off_balance,0.0,ACTUAL,VNSTOCK_BRONZE
AVG,LATEST,balance_sheet,value,0.0,ACTUAL,VNSTOCK_BRONZE
AVG,LATEST,balance_sheet,order,60.0,ACTUAL,VNSTOCK_BRONZE
AVG,LATEST,balance_sheet,level,2.0,ACTUAL,VNSTOCK_BRONZE
AVG,LATEST,balance_sheet,off_balance,0.0,ACTUAL,VNSTOCK_BRONZE
AVG,LATEST,balance_sheet,value,0.0,ACTUAL,VNSTOCK_BRONZE
AVG,LATEST,balance_sheet,order,61.0,ACTUAL,VNSTOCK_BRONZE
AVG,LATEST,balance_sheet,level,2.0,ACTUAL,VNSTOCK_BRONZE
AVG,LATEST,balance_sheet,off_balance,0.0,ACTUAL,VNSTOCK_BRONZE
AVG,LATEST,balance_sheet,value,0.0,ACTUAL,VNSTOCK_BRONZE
AVG,LATEST,balance_sheet,order,62.0,ACTUAL,VNSTOCK_BRONZE
AVG,LATEST,balance_sheet,level,2.0,ACTUAL,VNSTOCK_BRONZE
AVG,LATEST,balance_sheet,off_balance,0.0,ACTUAL,VNSTOCK_BRONZE
AVG,LATEST,balance_sheet,value,0.0,ACTUAL,VNSTOCK_BRONZE
AVG,LATEST,balance_sheet,order,63.0,ACTUAL,VNSTOCK_BRONZE
AVG,LATEST,balance_sheet,level,1.0,ACTUAL,VNSTOCK_BRONZE
AVG,LATEST,balance_sheet,off_balance,0.0,ACTUAL,VNSTOCK_BRONZE
AVG,LATEST,balance_sheet,value,393309634132.0,ACTUAL,VNSTOCK_BRONZE
AVG,LATEST,balance_sheet,order,64.0,ACTUAL,VNSTOCK_BRONZE
AVG,LATEST,balance_sheet,level,1.0,ACTUAL,VNSTOCK_BRONZE
AVG,LATEST,balance_sheet,off_balance,0.0,ACTUAL,VNSTOCK_BRONZE
AVG,LATEST,balance_sheet,value,156523199835.0,ACTUAL,VNSTOCK_BRONZE
AVG,LATEST,balance_sheet,order,65.0,ACTUAL,VNSTOCK_BRONZE
AVG,LATEST,balance_sheet,level,1.0,ACTUAL,VNSTOCK_BRONZE
AVG,LATEST,balance_sheet,off_balance,0.0,ACTUAL,VNSTOCK_BRONZE
AVG,LATEST,balance_sheet,value,151290452120.0,ACTUAL,VNSTOCK_BRONZE
AVG,LATEST,balance_sheet,order,66.0,ACTUAL,VNSTOCK_BRONZE
AVG,LATEST,balance_sheet,level,2.0,ACTUAL,VNSTOCK_BRONZE
AVG,LATEST,balance_sheet,off_balance,0.0,ACTUAL,VNSTOCK_BRONZE
AVG,LATEST,balance_sheet,value,0.0,ACTUAL,VNSTOCK_BRONZE
AVG,LATEST,balance_sheet,order,67.0,ACTUAL,VNSTOCK_BRONZE
AVG,LATEST,balance_sheet,level,2.0,ACTUAL,VNSTOCK_BRONZE
AVG,LATEST,balance_sheet,off_balance,0.0,ACTUAL,VNSTOCK_BRONZE
AVG,LATEST,balance_sheet,value,0.0,ACTUAL,VNSTOCK_BRONZE
AVG,LATEST,balance_sheet,order,68.0,ACTUAL,VNSTOCK_BRONZE
AVG,LATEST,balance_sheet,level,2.0,ACTUAL,VNSTOCK_BRONZE
AVG,LATEST,balance_sheet,off_balance,0.0,ACTUAL,VNSTOCK_BRONZE
AVG,LATEST,balance_sheet,value,0.0,ACTUAL,VNSTOCK_BRONZE
AVG,LATEST,balance_sheet,order,69.0,ACTUAL,VNSTOCK_BRONZE
AVG,LATEST,balance_sheet,level,2.0,ACTUAL,VNSTOCK_BRONZE
AVG,LATEST,balance_sheet,off_balance,0.0,ACTUAL,VNSTOCK_BRONZE
AVG,LATEST,balance_sheet,value,13287200047.0,ACTUAL,VNSTOCK_BRONZE
AVG,LATEST,balance_sheet,order,70.0,ACTUAL,VNSTOCK_BRONZE
AVG,LATEST,balance_sheet,level,2.0,ACTUAL,VNSTOCK_BRONZE
AVG,LATEST,balance_sheet,off_balance,0.0,ACTUAL,VNSTOCK_BRONZE
AVG,LATEST,balance_sheet,value,592816000.0,ACTUAL,VNSTOCK_BRONZE
AVG,LATEST,balance_sheet,order,71.0,ACTUAL,VNSTOCK_BRONZE
AVG,LATEST,balance_sheet,level,2.0,ACTUAL,VNSTOCK_BRONZE
AVG,LATEST,balance_sheet,off_balance,0.0,ACTUAL,VNSTOCK_BRONZE
AVG,LATEST,balance_sheet,value,544439138.0,ACTUAL,VNSTOCK_BRONZE
AVG,LATEST,balance_sheet,order,72.0,ACTUAL,VNSTOCK_BRONZE
AVG,LATEST,balance_sheet,level,2.0,ACTUAL,VNSTOCK_BRONZE
AVG,LATEST,balance_sheet,off_balance,0.0,ACTUAL,VNSTOCK_BRONZE
AVG,LATEST,balance_sheet,value,581791029.0,ACTUAL,VNSTOCK_BRONZE
AVG,LATEST,balance_sheet,order,73.0,ACTUAL,VNSTOCK_BRONZE
AVG,LATEST,balance_sheet,level,2.0,ACTUAL,VNSTOCK_BRONZE
AVG,LATEST,balance_sheet,off_balance,0.0,ACTUAL,VNSTOCK_BRONZE
AVG,LATEST,balance_sheet,value,120891590.0,ACTUAL,VNSTOCK_BRONZE
AVG,LATEST,balance_sheet,order,74.0,ACTUAL,VNSTOCK_BRONZE
AVG,LATEST,balance_sheet,level,2.0,ACTUAL,VNSTOCK_BRONZE
AVG,LATEST,balance_sheet,off_balance,0.0,ACTUAL,VNSTOCK_BRONZE
AVG,LATEST,balance_sheet,value,0.0,ACTUAL,VNSTOCK_BRONZE
AVG,LATEST,balance_sheet,order,75.0,ACTUAL,VNSTOCK_BRONZE
AVG,LATEST,balance_sheet,level,2.0,ACTUAL,VNSTOCK_BRONZE
AVG,LATEST,balance_sheet,off_balance,0.0,ACTUAL,VNSTOCK_BRONZE
AVG,LATEST,balance_sheet,value,0.0,ACTUAL,VNSTOCK_BRONZE
AVG,LATEST,balance_sheet,order,76.0,ACTUAL,VNSTOCK_BRONZE
AVG,LATEST,balance_sheet,level,2.0,ACTUAL,VNSTOCK_BRONZE
AVG,LATEST,balance_sheet,off_balance,0.0,ACTUAL,VNSTOCK_BRONZE
AVG,LATEST,balance_sheet,value,422336892.0,ACTUAL,VNSTOCK_BRONZE
AVG,LATEST,balance_sheet,order,77.0,ACTUAL,VNSTOCK_BRONZE
AVG,LATEST,balance_sheet,level,2.0,ACTUAL,VNSTOCK_BRONZE
AVG,LATEST,balance_sheet,off_balance,0.0,ACTUAL,VNSTOCK_BRONZE
AVG,LATEST,balance_sheet,value,135740977424.0,ACTUAL,VNSTOCK_BRONZE
AVG,LATEST,balance_sheet,order,78.0,ACTUAL,VNSTOCK_BRONZE
AVG,LATEST,balance_sheet,level,2.0,ACTUAL,VNSTOCK_BRONZE
AVG,LATEST,balance_sheet,off_balance,0.0,ACTUAL,VNSTOCK_BRONZE
AVG,LATEST,balance_sheet,value,0.0,ACTUAL,VNSTOCK_BRONZE
AVG,LATEST,balance_sheet,order,79.0,ACTUAL,VNSTOCK_BRONZE
AVG,LATEST,balance_sheet,level,2.0,ACTUAL,VNSTOCK_BRONZE
AVG,LATEST,balance_sheet,off_balance,0.0,ACTUAL,VNSTOCK_BRONZE
AVG,LATEST,balance_sheet,value,0.0,ACTUAL,VNSTOCK_BRONZE
AVG,LATEST,balance_sheet,order,80.0,ACTUAL,VNSTOCK_BRONZE
AVG,LATEST,balance_sheet,level,2.0,ACTUAL,VNSTOCK_BRONZE
AVG,LATEST,balance_sheet,off_balance,0.0,ACTUAL,VNSTOCK_BRONZE
AVG,LATEST,balance_sheet,value,0.0,ACTUAL,VNSTOCK_BRONZE
AVG,LATEST,balance_sheet,order,81.0,ACTUAL,VNSTOCK_BRONZE
AVG,LATEST,balance_sheet,level,2.0,ACTUAL,VNSTOCK_BRONZE
AVG,LATEST,balance_sheet,off_balance,0.0,ACTUAL,VNSTOCK_BRONZE
AVG,LATEST,balance_sheet,value,0.0,ACTUAL,VNSTOCK_BRONZE
AVG,LATEST,balance_sheet,order,82.0,ACTUAL,VNSTOCK_BRONZE
AVG,LATEST,balance_sheet,level,1.0,ACTUAL,VNSTOCK_BRONZE
AVG,LATEST,balance_sheet,off_balance,0.0,ACTUAL,VNSTOCK_BRONZE
AVG,LATEST,balance_sheet,value,5232747715.0,ACTUAL,VNSTOCK_BRONZE
AVG,LATEST,balance_sheet,order,83.0,ACTUAL,VNSTOCK_BRONZE
AVG,LATEST,balance_sheet,level,2.0,ACTUAL,VNSTOCK_BRONZE
AVG,LATEST,balance_sheet,off_balance,0.0,ACTUAL,VNSTOCK_BRONZE
AVG,LATEST,balance_sheet,value,0.0,ACTUAL,VNSTOCK_BRONZE
AVG,LATEST,balance_sheet,order,84.0,ACTUAL,VNSTOCK_BRONZE
AVG,LATEST,balance_sheet,level,2.0,ACTUAL,VNSTOCK_BRONZE
AVG,LATEST,balance_sheet,off_balance,0.0,ACTUAL,VNSTOCK_BRONZE
AVG,LATEST,balance_sheet,order,85.0,ACTUAL,VNSTOCK_BRONZE
AVG,LATEST,balance_sheet,level,2.0,ACTUAL,VNSTOCK_BRONZE
AVG,LATEST,balance_sheet,off_balance,0.0,ACTUAL,VNSTOCK_BRONZE
AVG,LATEST,balance_sheet,value,0.0,ACTUAL,VNSTOCK_BRONZE
AVG,LATEST,balance_sheet,order,86.0,ACTUAL,VNSTOCK_BRONZE
AVG,LATEST,balance_sheet,level,2.0,ACTUAL,VNSTOCK_BRONZE
AVG,LATEST,balance_sheet,off_balance,0.0,ACTUAL,VNSTOCK_BRONZE
AVG,LATEST,balance_sheet,value,0.0,ACTUAL,VNSTOCK_BRONZE
AVG,LATEST,balance_sheet,order,87.0,ACTUAL,VNSTOCK_BRONZE
AVG,LATEST,balance_sheet,level,2.0,ACTUAL,VNSTOCK_BRONZE
AVG,LATEST,balance_sheet,off_balance,0.0,ACTUAL,VNSTOCK_BRONZE
AVG,LATEST,balance_sheet,value,0.0,ACTUAL,VNSTOCK_BRONZE
AVG,LATEST,balance_sheet,order,88.0,ACTUAL,VNSTOCK_BRONZE
AVG,LATEST,balance_sheet,level,2.0,ACTUAL,VNSTOCK_BRONZE
AVG,LATEST,balance_sheet,off_balance,0.0,ACTUAL,VNSTOCK_BRONZE
AVG,LATEST,balance_sheet,value,0.0,ACTUAL,VNSTOCK_BRONZE
AVG,LATEST,balance_sheet,order,89.0,ACTUAL,VNSTOCK_BRONZE
AVG,LATEST,balance_sheet,level,2.0,ACTUAL,VNSTOCK_BRONZE
AVG,LATEST,balance_sheet,off_balance,0.0,ACTUAL,VNSTOCK_BRONZE
AVG,LATEST,balance_sheet,value,0.0,ACTUAL,VNSTOCK_BRONZE
AVG,LATEST,balance_sheet,order,90.0,ACTUAL,VNSTOCK_BRONZE
AVG,LATEST,balance_sheet,level,2.0,ACTUAL,VNSTOCK_BRONZE
AVG,LATEST,balance_sheet,off_balance,0.0,ACTUAL,VNSTOCK_BRONZE
AVG,LATEST,balance_sheet,value,406931600.0,ACTUAL,VNSTOCK_BRONZE
AVG,LATEST,balance_sheet,order,91.0,ACTUAL,VNSTOCK_BRONZE
AVG,LATEST,balance_sheet,level,2.0,ACTUAL,VNSTOCK_BRONZE
AVG,LATEST,balance_sheet,off_balance,0.0,ACTUAL,VNSTOCK_BRONZE
AVG,LATEST,balance_sheet,value,4825816115.0,ACTUAL,VNSTOCK_BRONZE
AVG,LATEST,balance_sheet,order,92.0,ACTUAL,VNSTOCK_BRONZE
AVG,LATEST,balance_sheet,level,2.0,ACTUAL,VNSTOCK_BRONZE
AVG,LATEST,balance_sheet,off_balance,0.0,ACTUAL,VNSTOCK_BRONZE
AVG,LATEST,balance_sheet,value,0.0,ACTUAL,VNSTOCK_BRONZE
AVG,LATEST,balance_sheet,order,93.0,ACTUAL,VNSTOCK_BRONZE
AVG,LATEST,balance_sheet,level,2.0,ACTUAL,VNSTOCK_BRONZE
AVG,LATEST,balance_sheet,off_balance,0.0,ACTUAL,VNSTOCK_BRONZE
AVG,LATEST,balance_sheet,value,0.0,ACTUAL,VNSTOCK_BRONZE
AVG,LATEST,balance_sheet,order,94.0,ACTUAL,VNSTOCK_BRONZE
AVG,LATEST,balance_sheet,level,2.0,ACTUAL,VNSTOCK_BRONZE
AVG,LATEST,balance_sheet,off_balance,0.0,ACTUAL,VNSTOCK_BRONZE
AVG,LATEST,balance_sheet,value,0.0,ACTUAL,VNSTOCK_BRONZE
AVG,LATEST,balance_sheet,order,95.0,ACTUAL,VNSTOCK_BRONZE
AVG,LATEST,balance_sheet,level,2.0,ACTUAL,VNSTOCK_BRONZE
AVG,LATEST,balance_sheet,off_balance,0.0,ACTUAL,VNSTOCK_BRONZE
AVG,LATEST,balance_sheet,value,0.0,ACTUAL,VNSTOCK_BRONZE
AVG,LATEST,balance_sheet,order,96.0,ACTUAL,VNSTOCK_BRONZE
AVG,LATEST,balance_sheet,level,1.0,ACTUAL,VNSTOCK_BRONZE
AVG,LATEST,balance_sheet,off_balance,0.0,ACTUAL,VNSTOCK_BRONZE
AVG,LATEST,balance_sheet,value,236786434297.0,ACTUAL,VNSTOCK_BRONZE
AVG,LATEST,balance_sheet,order,97.0,ACTUAL,VNSTOCK_BRONZE
AVG,LATEST,balance_sheet,level,1.0,ACTUAL,VNSTOCK_BRONZE
AVG,LATEST,balance_sheet,off_balance,0.0,ACTUAL,VNSTOCK_BRONZE
AVG,LATEST,balance_sheet,value,236786434297.0,ACTUAL,VNSTOCK_BRONZE
AVG,LATEST,balance_sheet,order,98.0,ACTUAL,VNSTOCK_BRONZE
AVG,LATEST,balance_sheet,level,2.0,ACTUAL,VNSTOCK_BRONZE
AVG,LATEST,balance_sheet,off_balance,0.0,ACTUAL,VNSTOCK_BRONZE
AVG,LATEST,balance_sheet,value,0.0,ACTUAL,VNSTOCK_BRONZE
AVG,LATEST,balance_sheet,order,99.0,ACTUAL,VNSTOCK_BRONZE
AVG,LATEST,balance_sheet,level,2.0,ACTUAL,VNSTOCK_BRONZE
AVG,LATEST,balance_sheet,off_balance,0.0,ACTUAL,VNSTOCK_BRONZE
AVG,LATEST,balance_sheet,value,0.0,ACTUAL,VNSTOCK_BRONZE
AVG,LATEST,balance_sheet,order,100.0,ACTUAL,VNSTOCK_BRONZE
AVG,LATEST,balance_sheet,level,2.0,ACTUAL,VNSTOCK_BRONZE
AVG,LATEST,balance_sheet,off_balance,0.0,ACTUAL,VNSTOCK_BRONZE
AVG,LATEST,balance_sheet,value,0.0,ACTUAL,VNSTOCK_BRONZE
AVG,LATEST,balance_sheet,order,101.0,ACTUAL,VNSTOCK_BRONZE
AVG,LATEST,balance_sheet,level,2.0,ACTUAL,VNSTOCK_BRONZE
AVG,LATEST,balance_sheet,off_balance,0.0,ACTUAL,VNSTOCK_BRONZE
AVG,LATEST,balance_sheet,value,0.0,ACTUAL,VNSTOCK_BRONZE
AVG,LATEST,balance_sheet,order,102.0,ACTUAL,VNSTOCK_BRONZE
AVG,LATEST,balance_sheet,level,2.0,ACTUAL,VNSTOCK_BRONZE
AVG,LATEST,balance_sheet,off_balance,0.0,ACTUAL,VNSTOCK_BRONZE
AVG,LATEST,balance_sheet,value,176799820000.0,ACTUAL,VNSTOCK_BRONZE
AVG,LATEST,balance_sheet,order,103.0,ACTUAL,VNSTOCK_BRONZE
AVG,LATEST,balance_sheet,level,3.0,ACTUAL,VNSTOCK_BRONZE
AVG,LATEST,balance_sheet,off_balance,0.0,ACTUAL,VNSTOCK_BRONZE
AVG,LATEST,balance_sheet,value,176799820000.0,ACTUAL,VNSTOCK_BRONZE
AVG,LATEST,balance_sheet,order,104.0,ACTUAL,VNSTOCK_BRONZE
AVG,LATEST,balance_sheet,level,2.0,ACTUAL,VNSTOCK_BRONZE
AVG,LATEST,balance_sheet,off_balance,0.0,ACTUAL,VNSTOCK_BRONZE
AVG,LATEST,balance_sheet,value,0.0,ACTUAL,VNSTOCK_BRONZE
AVG,LATEST,balance_sheet,order,105.0,ACTUAL,VNSTOCK_BRONZE
AVG,LATEST,balance_sheet,level,2.0,ACTUAL,VNSTOCK_BRONZE
AVG,LATEST,balance_sheet,off_balance,0.0,ACTUAL,VNSTOCK_BRONZE
AVG,LATEST,balance_sheet,value,0.0,ACTUAL,VNSTOCK_BRONZE
AVG,LATEST,balance_sheet,order,106.0,ACTUAL,VNSTOCK_BRONZE
AVG,LATEST,balance_sheet,level,2.0,ACTUAL,VNSTOCK_BRONZE
AVG,LATEST,balance_sheet,off_balance,0.0,ACTUAL,VNSTOCK_BRONZE
AVG,LATEST,balance_sheet,value,0.0,ACTUAL,VNSTOCK_BRONZE
AVG,LATEST,balance_sheet,order,107.0,ACTUAL,VNSTOCK_BRONZE
AVG,LATEST,balance_sheet,level,2.0,ACTUAL,VNSTOCK_BRONZE
AVG,LATEST,balance_sheet,off_balance,0.0,ACTUAL,VNSTOCK_BRONZE
AVG,LATEST,balance_sheet,value,0.0,ACTUAL,VNSTOCK_BRONZE
AVG,LATEST,balance_sheet,order,108.0,ACTUAL,VNSTOCK_BRONZE
AVG,LATEST,balance_sheet,level,2.0,ACTUAL,VNSTOCK_BRONZE
AVG,LATEST,balance_sheet,off_balance,0.0,ACTUAL,VNSTOCK_BRONZE
AVG,LATEST,balance_sheet,value,0.0,ACTUAL,VNSTOCK_BRONZE
AVG,LATEST,balance_sheet,order,109.0,ACTUAL,VNSTOCK_BRONZE
AVG,LATEST,balance_sheet,level,2.0,ACTUAL,VNSTOCK_BRONZE
AVG,LATEST,balance_sheet,off_balance,0.0,ACTUAL,VNSTOCK_BRONZE
AVG,LATEST,balance_sheet,value,471167081.0,ACTUAL,VNSTOCK_BRONZE
AVG,LATEST,balance_sheet,order,110.0,ACTUAL,VNSTOCK_BRONZE
AVG,LATEST,balance_sheet,level,2.0,ACTUAL,VNSTOCK_BRONZE
AVG,LATEST,balance_sheet,off_balance,0.0,ACTUAL,VNSTOCK_BRONZE
AVG,LATEST,balance_sheet,value,0.0,ACTUAL,VNSTOCK_BRONZE
AVG,LATEST,balance_sheet,order,111.0,ACTUAL,VNSTOCK_BRONZE
AVG,LATEST,balance_sheet,level,2.0,ACTUAL,VNSTOCK_BRONZE
AVG,LATEST,balance_sheet,off_balance,0.0,ACTUAL,VNSTOCK_BRONZE
AVG,LATEST,balance_sheet,value,0.0,ACTUAL,VNSTOCK_BRONZE
AVG,LATEST,balance_sheet,order,112.0,ACTUAL,VNSTOCK_BRONZE
AVG,LATEST,balance_sheet,level,2.0,ACTUAL,VNSTOCK_BRONZE
AVG,LATEST,balance_sheet,off_balance,0.0,ACTUAL,VNSTOCK_BRONZE
AVG,LATEST,balance_sheet,value,56221444407.0,ACTUAL,VNSTOCK_BRONZE
AVG,LATEST,balance_sheet,order,113.0,ACTUAL,VNSTOCK_BRONZE
AVG,LATEST,balance_sheet,level,3.0,ACTUAL,VNSTOCK_BRONZE
AVG,LATEST,balance_sheet,off_balance,0.0,ACTUAL,VNSTOCK_BRONZE
AVG,LATEST,balance_sheet,value,46394041657.0,ACTUAL,VNSTOCK_BRONZE
AVG,LATEST,balance_sheet,order,114.0,ACTUAL,VNSTOCK_BRONZE
AVG,LATEST,balance_sheet,level,3.0,ACTUAL,VNSTOCK_BRONZE
AVG,LATEST,balance_sheet,off_balance,0.0,ACTUAL,VNSTOCK_BRONZE
AVG,LATEST,balance_sheet,value,9827402750.0,ACTUAL,VNSTOCK_BRONZE
AVG,LATEST,balance_sheet,order,115.0,ACTUAL,VNSTOCK_BRONZE
AVG,LATEST,balance_sheet,level,2.0,ACTUAL,VNSTOCK_BRONZE
AVG,LATEST,balance_sheet,off_balance,0.0,ACTUAL,VNSTOCK_BRONZE
AVG,LATEST,balance_sheet,value,3294002809.0,ACTUAL,VNSTOCK_BRONZE
AVG,LATEST,balance_sheet,order,116.0,ACTUAL,VNSTOCK_BRONZE
AVG,LATEST,balance_sheet,level,1.0,ACTUAL,VNSTOCK_BRONZE
AVG,LATEST,balance_sheet,off_balance,0.0,ACTUAL,VNSTOCK_BRONZE
AVG,LATEST,balance_sheet,value,0.0,ACTUAL,VNSTOCK_BRONZE
AVG,LATEST,balance_sheet,order,117.0,ACTUAL,VNSTOCK_BRONZE
AVG,LATEST,balance_sheet,level,2.0,ACTUAL,VNSTOCK_BRONZE
AVG,LATEST,balance_sheet,off_balance,0.0,ACTUAL,VNSTOCK_BRONZE
AVG,LATEST,balance_sheet,value,0.0,ACTUAL,VNSTOCK_BRONZE
AVG,LATEST,balance_sheet,order,118.0,ACTUAL,VNSTOCK_BRONZE
AVG,LATEST,balance_sheet,level,1.0,ACTUAL,VNSTOCK_BRONZE
AVG,LATEST,balance_sheet,off_balance,0.0,ACTUAL,VNSTOCK_BRONZE
AVG,LATEST,balance_sheet,value,393309634132.0,ACTUAL,VNSTOCK_BRONZE
AVG,LATEST,balance_sheet,order,1.0,ACTUAL,VNSTOCK_BRONZE
AVG,LATEST,balance_sheet,level,1.0,ACTUAL,VNSTOCK_BRONZE
AVG,LATEST,balance_sheet,off_balance,0.0,ACTUAL,VNSTOCK_BRONZE
AVG,LATEST,balance_sheet,value,222673011290.0,ACTUAL,VNSTOCK_BRONZE
AVG,LATEST,balance_sheet,order,2.0,ACTUAL,VNSTOCK_BRONZE
AVG,LATEST,balance_sheet,level,1.0,ACTUAL,VNSTOCK_BRONZE
AVG,LATEST,balance_sheet,off_balance,0.0,ACTUAL,VNSTOCK_BRONZE
AVG,LATEST,balance_sheet,value,8374956020.0,ACTUAL,VNSTOCK_BRONZE
AVG,LATEST,balance_sheet,order,3.0,ACTUAL,VNSTOCK_BRONZE
AVG,LATEST,balance_sheet,level,2.0,ACTUAL,VNSTOCK_BRONZE
AVG,LATEST,balance_sheet,off_balance,0.0,ACTUAL,VNSTOCK_BRONZE
AVG,LATEST,balance_sheet,value,8374956020.0,ACTUAL,VNSTOCK_BRONZE
AVG,LATEST,balance_sheet,order,4.0,ACTUAL,VNSTOCK_BRONZE
AVG,LATEST,balance_sheet,level,2.0,ACTUAL,VNSTOCK_BRONZE
AVG,LATEST,balance_sheet,off_balance,0.0,ACTUAL,VNSTOCK_BRONZE
AVG,LATEST,balance_sheet,value,0.0,ACTUAL,VNSTOCK_BRONZE
AVG,LATEST,balance_sheet,order,5.0,ACTUAL,VNSTOCK_BRONZE
AVG,LATEST,balance_sheet,level,1.0,ACTUAL,VNSTOCK_BRONZE
AVG,LATEST,balance_sheet,off_balance,0.0,ACTUAL,VNSTOCK_BRONZE
AVG,LATEST,balance_sheet,value,32241625000.0,ACTUAL,VNSTOCK_BRONZE
AVG,LATEST,balance_sheet,order,6.0,ACTUAL,VNSTOCK_BRONZE
AVG,LATEST,balance_sheet,level,2.0,ACTUAL,VNSTOCK_BRONZE
AVG,LATEST,balance_sheet,off_balance,0.0,ACTUAL,VNSTOCK_BRONZE
AVG,LATEST,balance_sheet,value,32241625000.0,ACTUAL,VNSTOCK_BRONZE
AVG,LATEST,balance_sheet,order,7.0,ACTUAL,VNSTOCK_BRONZE
AVG,LATEST,balance_sheet,level,2.0,ACTUAL,VNSTOCK_BRONZE
AVG,LATEST,balance_sheet,off_balance,0.0,ACTUAL,VNSTOCK_BRONZE
AVG,LATEST,balance_sheet,value,0.0,ACTUAL,VNSTOCK_BRONZE
AVG,LATEST,balance_sheet,order,8.0,ACTUAL,VNSTOCK_BRONZE
AVG,LATEST,balance_sheet,level,2.0,ACTUAL,VNSTOCK_BRONZE
AVG,LATEST,balance_sheet,off_balance,0.0,ACTUAL,VNSTOCK_BRONZE
AVG,LATEST,balance_sheet,value,0.0,ACTUAL,VNSTOCK_BRONZE
AVG,LATEST,balance_sheet,order,9.0,ACTUAL,VNSTOCK_BRONZE
AVG,LATEST,balance_sheet,level,1.0,ACTUAL,VNSTOCK_BRONZE
AVG,LATEST,balance_sheet,off_balance,0.0,ACTUAL,VNSTOCK_BRONZE
AVG,LATEST,balance_sheet,value,168385849608.0,ACTUAL,VNSTOCK_BRONZE
AVG,LATEST,balance_sheet,order,10.0,ACTUAL,VNSTOCK_BRONZE
AVG,LATEST,balance_sheet,level,2.0,ACTUAL,VNSTOCK_BRONZE
AVG,LATEST,balance_sheet,off_balance,0.0,ACTUAL,VNSTOCK_BRONZE
AVG,LATEST,balance_sheet,value,158991731835.0,ACTUAL,VNSTOCK_BRONZE
AVG,LATEST,balance_sheet,order,11.0,ACTUAL,VNSTOCK_BRONZE
AVG,LATEST,balance_sheet,level,2.0,ACTUAL,VNSTOCK_BRONZE
AVG,LATEST,balance_sheet,off_balance,0.0,ACTUAL,VNSTOCK_BRONZE
AVG,LATEST,balance_sheet,value,8786253513.0,ACTUAL,VNSTOCK_BRONZE
AVG,LATEST,balance_sheet,order,12.0,ACTUAL,VNSTOCK_BRONZE
AVG,LATEST,balance_sheet,level,2.0,ACTUAL,VNSTOCK_BRONZE
AVG,LATEST,balance_sheet,off_balance,0.0,ACTUAL,VNSTOCK_BRONZE
AVG,LATEST,balance_sheet,value,0.0,ACTUAL,VNSTOCK_BRONZE
AVG,LATEST,balance_sheet,order,13.0,ACTUAL,VNSTOCK_BRONZE
AVG,LATEST,balance_sheet,level,2.0,ACTUAL,VNSTOCK_BRONZE
AVG,LATEST,balance_sheet,off_balance,0.0,ACTUAL,VNSTOCK_BRONZE
AVG,LATEST,balance_sheet,value,0.0,ACTUAL,VNSTOCK_BRONZE
AVG,LATEST,balance_sheet,order,14.0,ACTUAL,VNSTOCK_BRONZE
AVG,LATEST,balance_sheet,level,2.0,ACTUAL,VNSTOCK_BRONZE
AVG,LATEST,balance_sheet,off_balance,0.0,ACTUAL,VNSTOCK_BRONZE
AVG,LATEST,balance_sheet,value,0.0,ACTUAL,VNSTOCK_BRONZE
AVG,LATEST,balance_sheet,order,15.0,ACTUAL,VNSTOCK_BRONZE
AVG,LATEST,balance_sheet,level,2.0,ACTUAL,VNSTOCK_BRONZE
AVG,LATEST,balance_sheet,off_balance,0.0,ACTUAL,VNSTOCK_BRONZE
AVG,LATEST,balance_sheet,value,607864260.0,ACTUAL,VNSTOCK_BRONZE
AVG,LATEST,balance_sheet,order,16.0,ACTUAL,VNSTOCK_BRONZE
AVG,LATEST,balance_sheet,level,2.0,ACTUAL,VNSTOCK_BRONZE
AVG,LATEST,balance_sheet,off_balance,0.0,ACTUAL,VNSTOCK_BRONZE
AVG,LATEST,balance_sheet,value,0.0,ACTUAL,VNSTOCK_BRONZE
AVG,LATEST,balance_sheet,order,17.0,ACTUAL,VNSTOCK_BRONZE
AVG,LATEST,balance_sheet,level,2.0,ACTUAL,VNSTOCK_BRONZE
AVG,LATEST,balance_sheet,off_balance,0.0,ACTUAL,VNSTOCK_BRONZE
AVG,LATEST,balance_sheet,value,0.0,ACTUAL,VNSTOCK_BRONZE
AVG,LATEST,balance_sheet,order,18.0,ACTUAL,VNSTOCK_BRONZE
AVG,LATEST,balance_sheet,level,1.0,ACTUAL,VNSTOCK_BRONZE
AVG,LATEST,balance_sheet,off_balance,0.0,ACTUAL,VNSTOCK_BRONZE
AVG,LATEST,balance_sheet,value,11168348529.0,ACTUAL,VNSTOCK_BRONZE
AVG,LATEST,balance_sheet,order,19.0,ACTUAL,VNSTOCK_BRONZE
AVG,LATEST,balance_sheet,level,2.0,ACTUAL,VNSTOCK_BRONZE
AVG,LATEST,balance_sheet,off_balance,0.0,ACTUAL,VNSTOCK_BRONZE
AVG,LATEST,balance_sheet,value,11168348529.0,ACTUAL,VNSTOCK_BRONZE
AVG,LATEST,balance_sheet,order,20.0,ACTUAL,VNSTOCK_BRONZE
AVG,LATEST,balance_sheet,level,2.0,ACTUAL,VNSTOCK_BRONZE
AVG,LATEST,balance_sheet,off_balance,0.0,ACTUAL,VNSTOCK_BRONZE
AVG,LATEST,balance_sheet,value,0.0,ACTUAL,VNSTOCK_BRONZE
AVG,LATEST,balance_sheet,order,21.0,ACTUAL,VNSTOCK_BRONZE
AVG,LATEST,balance_sheet,level,1.0,ACTUAL,VNSTOCK_BRONZE
AVG,LATEST,balance_sheet,off_balance,0.0,ACTUAL,VNSTOCK_BRONZE
AVG,LATEST,balance_sheet,value,2502232133.0,ACTUAL,VNSTOCK_BRONZE
AVG,LATEST,balance_sheet,order,22.0,ACTUAL,VNSTOCK_BRONZE
AVG,LATEST,balance_sheet,level,2.0,ACTUAL,VNSTOCK_BRONZE
AVG,LATEST,balance_sheet,off_balance,0.0,ACTUAL,VNSTOCK_BRONZE
AVG,LATEST,balance_sheet,value,235308650.0,ACTUAL,VNSTOCK_BRONZE
AVG,LATEST,balance_sheet,order,23.0,ACTUAL,VNSTOCK_BRONZE
AVG,LATEST,balance_sheet,level,2.0,ACTUAL,VNSTOCK_BRONZE
AVG,LATEST,balance_sheet,off_balance,0.0,ACTUAL,VNSTOCK_BRONZE
AVG,LATEST,balance_sheet,value,2266923483.0,ACTUAL,VNSTOCK_BRONZE
AVG,LATEST,balance_sheet,order,24.0,ACTUAL,VNSTOCK_BRONZE
AVG,LATEST,balance_sheet,level,2.0,ACTUAL,VNSTOCK_BRONZE
AVG,LATEST,balance_sheet,off_balance,0.0,ACTUAL,VNSTOCK_BRONZE
AVG,LATEST,balance_sheet,value,0.0,ACTUAL,VNSTOCK_BRONZE
AVG,LATEST,balance_sheet,order,25.0,ACTUAL,VNSTOCK_BRONZE
AVG,LATEST,balance_sheet,level,2.0,ACTUAL,VNSTOCK_BRONZE
AVG,LATEST,balance_sheet,off_balance,0.0,ACTUAL,VNSTOCK_BRONZE
AVG,LATEST,balance_sheet,value,0.0,ACTUAL,VNSTOCK_BRONZE
AVG,LATEST,balance_sheet,order,26.0,ACTUAL,VNSTOCK_BRONZE
AVG,LATEST,balance_sheet,level,1.0,ACTUAL,VNSTOCK_BRONZE
AVG,LATEST,balance_sheet,off_balance,0.0,ACTUAL,VNSTOCK_BRONZE
AVG,LATEST,balance_sheet,value,186890102366.0,ACTUAL,VNSTOCK_BRONZE
AVG,LATEST,balance_sheet,order,27.0,ACTUAL,VNSTOCK_BRONZE
AVG,LATEST,balance_sheet,level,1.0,ACTUAL,VNSTOCK_BRONZE
AVG,LATEST,balance_sheet,off_balance,0.0,ACTUAL,VNSTOCK_BRONZE
AVG,LATEST,balance_sheet,value,0.0,ACTUAL,VNSTOCK_BRONZE
AVG,LATEST,balance_sheet,order,28.0,ACTUAL,VNSTOCK_BRONZE
AVG,LATEST,balance_sheet,level,2.0,ACTUAL,VNSTOCK_BRONZE
AVG,LATEST,balance_sheet,off_balance,0.0,ACTUAL,VNSTOCK_BRONZE
AVG,LATEST,balance_sheet,value,0.0,ACTUAL,VNSTOCK_BRONZE
AVG,LATEST,balance_sheet,order,29.0,ACTUAL,VNSTOCK_BRONZE
AVG,LATEST,balance_sheet,level,2.0,ACTUAL,VNSTOCK_BRONZE
AVG,LATEST,balance_sheet,off_balance,0.0,ACTUAL,VNSTOCK_BRONZE
AVG,LATEST,balance_sheet,value,0.0,ACTUAL,VNSTOCK_BRONZE
AVG,LATEST,balance_sheet,order,30.0,ACTUAL,VNSTOCK_BRONZE
AVG,LATEST,balance_sheet,level,2.0,ACTUAL,VNSTOCK_BRONZE
AVG,LATEST,balance_sheet,off_balance,0.0,ACTUAL,VNSTOCK_BRONZE
AVG,LATEST,balance_sheet,value,0.0,ACTUAL,VNSTOCK_BRONZE
AVG,LATEST,balance_sheet,order,31.0,ACTUAL,VNSTOCK_BRONZE
AVG,LATEST,balance_sheet,level,2.0,ACTUAL,VNSTOCK_BRONZE
AVG,LATEST,balance_sheet,off_balance,0.0,ACTUAL,VNSTOCK_BRONZE
AVG,LATEST,balance_sheet,value,0.0,ACTUAL,VNSTOCK_BRONZE
AVG,LATEST,balance_sheet,order,32.0,ACTUAL,VNSTOCK_BRONZE
AVG,LATEST,balance_sheet,level,2.0,ACTUAL,VNSTOCK_BRONZE
AVG,LATEST,balance_sheet,off_balance,0.0,ACTUAL,VNSTOCK_BRONZE
AVG,LATEST,balance_sheet,value,0.0,ACTUAL,VNSTOCK_BRONZE
AVG,LATEST,balance_sheet,order,33.0,ACTUAL,VNSTOCK_BRONZE
AVG,LATEST,balance_sheet,level,2.0,ACTUAL,VNSTOCK_BRONZE
AVG,LATEST,balance_sheet,off_balance,0.0,ACTUAL,VNSTOCK_BRONZE
AVG,LATEST,balance_sheet,value,-0.0,ACTUAL,VNSTOCK_BRONZE
AVG,LATEST,balance_sheet,order,34.0,ACTUAL,VNSTOCK_BRONZE
AVG,LATEST,balance_sheet,level,1.0,ACTUAL,VNSTOCK_BRONZE
AVG,LATEST,balance_sheet,off_balance,0.0,ACTUAL,VNSTOCK_BRONZE
AVG,LATEST,balance_sheet,value,89847558218.0,ACTUAL,VNSTOCK_BRONZE
AVG,LATEST,balance_sheet,order,35.0,ACTUAL,VNSTOCK_BRONZE
AVG,LATEST,balance_sheet,level,2.0,ACTUAL,VNSTOCK_BRONZE
AVG,LATEST,balance_sheet,off_balance,0.0,ACTUAL,VNSTOCK_BRONZE
AVG,LATEST,balance_sheet,value,61586510178.0,ACTUAL,VNSTOCK_BRONZE
AVG,LATEST,balance_sheet,order,36.0,ACTUAL,VNSTOCK_BRONZE
AVG,LATEST,balance_sheet,level,3.0,ACTUAL,VNSTOCK_BRONZE
AVG,LATEST,balance_sheet,off_balance,0.0,ACTUAL,VNSTOCK_BRONZE
AVG,LATEST,balance_sheet,value,81857315184.0,ACTUAL,VNSTOCK_BRONZE
AVG,LATEST,balance_sheet,order,37.0,ACTUAL,VNSTOCK_BRONZE
AVG,LATEST,balance_sheet,level,3.0,ACTUAL,VNSTOCK_BRONZE
AVG,LATEST,balance_sheet,off_balance,0.0,ACTUAL,VNSTOCK_BRONZE
AVG,LATEST,balance_sheet,value,-20270805006.0,ACTUAL,VNSTOCK_BRONZE
AVG,LATEST,balance_sheet,order,38.0,ACTUAL,VNSTOCK_BRONZE
AVG,LATEST,balance_sheet,level,2.0,ACTUAL,VNSTOCK_BRONZE
AVG,LATEST,balance_sheet,off_balance,0.0,ACTUAL,VNSTOCK_BRONZE
AVG,LATEST,balance_sheet,value,4094461072.0,ACTUAL,VNSTOCK_BRONZE
AVG,LATEST,balance_sheet,order,39.0,ACTUAL,VNSTOCK_BRONZE
AVG,LATEST,balance_sheet,level,3.0,ACTUAL,VNSTOCK_BRONZE
AVG,LATEST,balance_sheet,off_balance,0.0,ACTUAL,VNSTOCK_BRONZE
AVG,LATEST,balance_sheet,value,5265505600.0,ACTUAL,VNSTOCK_BRONZE
AVG,LATEST,balance_sheet,order,40.0,ACTUAL,VNSTOCK_BRONZE
AVG,LATEST,balance_sheet,level,3.0,ACTUAL,VNSTOCK_BRONZE
AVG,LATEST,balance_sheet,off_balance,0.0,ACTUAL,VNSTOCK_BRONZE
AVG,LATEST,balance_sheet,value,-1171044528.0,ACTUAL,VNSTOCK_BRONZE
AVG,LATEST,balance_sheet,order,41.0,ACTUAL,VNSTOCK_BRONZE
AVG,LATEST,balance_sheet,level,2.0,ACTUAL,VNSTOCK_BRONZE
AVG,LATEST,balance_sheet,off_balance,0.0,ACTUAL,VNSTOCK_BRONZE
AVG,LATEST,balance_sheet,value,24166586968.0,ACTUAL,VNSTOCK_BRONZE
AVG,LATEST,balance_sheet,order,42.0,ACTUAL,VNSTOCK_BRONZE
AVG,LATEST,balance_sheet,level,3.0,ACTUAL,VNSTOCK_BRONZE
AVG,LATEST,balance_sheet,off_balance,0.0,ACTUAL,VNSTOCK_BRONZE
AVG,LATEST,balance_sheet,value,28677302852.0,ACTUAL,VNSTOCK_BRONZE
AVG,LATEST,balance_sheet,order,43.0,ACTUAL,VNSTOCK_BRONZE
AVG,LATEST,balance_sheet,level,3.0,ACTUAL,VNSTOCK_BRONZE
AVG,LATEST,balance_sheet,off_balance,0.0,ACTUAL,VNSTOCK_BRONZE
AVG,LATEST,balance_sheet,value,-4510715884.0,ACTUAL,VNSTOCK_BRONZE
AVG,LATEST,balance_sheet,order,44.0,ACTUAL,VNSTOCK_BRONZE
AVG,LATEST,balance_sheet,level,1.0,ACTUAL,VNSTOCK_BRONZE
AVG,LATEST,balance_sheet,off_balance,0.0,ACTUAL,VNSTOCK_BRONZE
AVG,LATEST,balance_sheet,value,75839914830.0,ACTUAL,VNSTOCK_BRONZE
AVG,LATEST,balance_sheet,order,45.0,ACTUAL,VNSTOCK_BRONZE
AVG,LATEST,balance_sheet,level,2.0,ACTUAL,VNSTOCK_BRONZE
AVG,LATEST,balance_sheet,off_balance,0.0,ACTUAL,VNSTOCK_BRONZE
AVG,LATEST,balance_sheet,value,91251885140.0,ACTUAL,VNSTOCK_BRONZE
AVG,LATEST,balance_sheet,order,46.0,ACTUAL,VNSTOCK_BRONZE
AVG,LATEST,balance_sheet,level,2.0,ACTUAL,VNSTOCK_BRONZE
AVG,LATEST,balance_sheet,off_balance,0.0,ACTUAL,VNSTOCK_BRONZE
AVG,LATEST,balance_sheet,value,-15411970310.0,ACTUAL,VNSTOCK_BRONZE
AVG,LATEST,balance_sheet,order,47.0,ACTUAL,VNSTOCK_BRONZE
AVG,LATEST,balance_sheet,level,1.0,ACTUAL,VNSTOCK_BRONZE
AVG,LATEST,balance_sheet,off_balance,0.0,ACTUAL,VNSTOCK_BRONZE
AVG,LATEST,balance_sheet,value,3019808201.0,ACTUAL,VNSTOCK_BRONZE
AVG,LATEST,balance_sheet,order,48.0,ACTUAL,VNSTOCK_BRONZE
AVG,LATEST,balance_sheet,level,2.0,ACTUAL,VNSTOCK_BRONZE
AVG,LATEST,balance_sheet,off_balance,0.0,ACTUAL,VNSTOCK_BRONZE
AVG,LATEST,balance_sheet,value,0.0,ACTUAL,VNSTOCK_BRONZE
AVG,LATEST,balance_sheet,order,49.0,ACTUAL,VNSTOCK_BRONZE
AVG,LATEST,balance_sheet,level,2.0,ACTUAL,VNSTOCK_BRONZE
AVG,LATEST,balance_sheet,off_balance,0.0,ACTUAL,VNSTOCK_BRONZE
AVG,LATEST,balance_sheet,value,3019808201.0,ACTUAL,VNSTOCK_BRONZE
AVG,LATEST,balance_sheet,order,50.0,ACTUAL,VNSTOCK_BRONZE
AVG,LATEST,balance_sheet,level,1.0,ACTUAL,VNSTOCK_BRONZE
AVG,LATEST,balance_sheet,off_balance,0.0,ACTUAL,VNSTOCK_BRONZE
AVG,LATEST,balance_sheet,value,0.0,ACTUAL,VNSTOCK_BRONZE
AVG,LATEST,balance_sheet,order,51.0,ACTUAL,VNSTOCK_BRONZE
AVG,LATEST,balance_sheet,level,2.0,ACTUAL,VNSTOCK_BRONZE
AVG,LATEST,balance_sheet,off_balance,0.0,ACTUAL,VNSTOCK_BRONZE
AVG,LATEST,balance_sheet,value,0.0,ACTUAL,VNSTOCK_BRONZE
AVG,LATEST,balance_sheet,order,52.0,ACTUAL,VNSTOCK_BRONZE
AVG,LATEST,balance_sheet,level,2.0,ACTUAL,VNSTOCK_BRONZE
AVG,LATEST,balance_sheet,off_balance,0.0,ACTUAL,VNSTOCK_BRONZE
AVG,LATEST,balance_sheet,value,0.0,ACTUAL,VNSTOCK_BRONZE
AVG,LATEST,balance_sheet,order,53.0,ACTUAL,VNSTOCK_BRONZE
AVG,LATEST,balance_sheet,level,2.0,ACTUAL,VNSTOCK_BRONZE
AVG,LATEST,balance_sheet,off_balance,0.0,ACTUAL,VNSTOCK_BRONZE
AVG,LATEST,balance_sheet,value,0.0,ACTUAL,VNSTOCK_BRONZE
AVG,LATEST,balance_sheet,order,54.0,ACTUAL,VNSTOCK_BRONZE
AVG,LATEST,balance_sheet,level,2.0,ACTUAL,VNSTOCK_BRONZE
AVG,LATEST,balance_sheet,off_balance,0.0,ACTUAL,VNSTOCK_BRONZE
AVG,LATEST,balance_sheet,value,0.0,ACTUAL,VNSTOCK_BRONZE
AVG,LATEST,balance_sheet,order,55.0,ACTUAL,VNSTOCK_BRONZE
AVG,LATEST,balance_sheet,level,2.0,ACTUAL,VNSTOCK_BRONZE
AVG,LATEST,balance_sheet,off_balance,0.0,ACTUAL,VNSTOCK_BRONZE
AVG,LATEST,balance_sheet,value,0.0,ACTUAL,VNSTOCK_BRONZE
AVG,LATEST,balance_sheet,order,56.0,ACTUAL,VNSTOCK_BRONZE
AVG,LATEST,balance_sheet,level,1.0,ACTUAL,VNSTOCK_BRONZE
AVG,LATEST,balance_sheet,off_balance,0.0,ACTUAL,VNSTOCK_BRONZE
AVG,LATEST,balance_sheet,value,18182821117.0,ACTUAL,VNSTOCK_BRONZE
AVG,LATEST,balance_sheet,order,57.0,ACTUAL,VNSTOCK_BRONZE
AVG,LATEST,balance_sheet,level,2.0,ACTUAL,VNSTOCK_BRONZE
AVG,LATEST,balance_sheet,off_balance,0.0,ACTUAL,VNSTOCK_BRONZE
AVG,LATEST,balance_sheet,value,0.0,ACTUAL,VNSTOCK_BRONZE
AVG,LATEST,balance_sheet,order,58.0,ACTUAL,VNSTOCK_BRONZE
AVG,LATEST,balance_sheet,level,2.0,ACTUAL,VNSTOCK_BRONZE
AVG,LATEST,balance_sheet,off_balance,0.0,ACTUAL,VNSTOCK_BRONZE
AVG,LATEST,balance_sheet,value,18182821117.0,ACTUAL,VNSTOCK_BRONZE
AVG,LATEST,balance_sheet,order,59.0,ACTUAL,VNSTOCK_BRONZE
AVG,LATEST,balance_sheet,level,2.0,ACTUAL,VNSTOCK_BRONZE
AVG,LATEST,balance_sheet,off_balance,0.0,ACTUAL,VNSTOCK_BRONZE
AVG,LATEST,balance_sheet,value,0.0,ACTUAL,VNSTOCK_BRONZE
AVG,LATEST,balance_sheet,order,60.0,ACTUAL,VNSTOCK_BRONZE
AVG,LATEST,balance_sheet,level,2.0,ACTUAL,VNSTOCK_BRONZE
AVG,LATEST,balance_sheet,off_balance,0.0,ACTUAL,VNSTOCK_BRONZE
AVG,LATEST,balance_sheet,value,0.0,ACTUAL,VNSTOCK_BRONZE
AVG,LATEST,balance_sheet,order,61.0,ACTUAL,VNSTOCK_BRONZE
AVG,LATEST,balance_sheet,level,2.0,ACTUAL,VNSTOCK_BRONZE
AVG,LATEST,balance_sheet,off_balance,0.0,ACTUAL,VNSTOCK_BRONZE
AVG,LATEST,balance_sheet,value,0.0,ACTUAL,VNSTOCK_BRONZE
AVG,LATEST,balance_sheet,order,62.0,ACTUAL,VNSTOCK_BRONZE
AVG,LATEST,balance_sheet,level,2.0,ACTUAL,VNSTOCK_BRONZE
AVG,LATEST,balance_sheet,off_balance,0.0,ACTUAL,VNSTOCK_BRONZE
AVG,LATEST,balance_sheet,value,0.0,ACTUAL,VNSTOCK_BRONZE
AVG,LATEST,balance_sheet,order,63.0,ACTUAL,VNSTOCK_BRONZE
AVG,LATEST,balance_sheet,level,1.0,ACTUAL,VNSTOCK_BRONZE
AVG,LATEST,balance_sheet,off_balance,0.0,ACTUAL,VNSTOCK_BRONZE
AVG,LATEST,balance_sheet,value,409563113656.0,ACTUAL,VNSTOCK_BRONZE
AVG,LATEST,balance_sheet,order,64.0,ACTUAL,VNSTOCK_BRONZE
AVG,LATEST,balance_sheet,level,1.0,ACTUAL,VNSTOCK_BRONZE
AVG,LATEST,balance_sheet,off_balance,0.0,ACTUAL,VNSTOCK_BRONZE
AVG,LATEST,balance_sheet,value,174774677706.0,ACTUAL,VNSTOCK_BRONZE
AVG,LATEST,balance_sheet,order,65.0,ACTUAL,VNSTOCK_BRONZE
AVG,LATEST,balance_sheet,level,1.0,ACTUAL,VNSTOCK_BRONZE
AVG,LATEST,balance_sheet,off_balance,0.0,ACTUAL,VNSTOCK_BRONZE
AVG,LATEST,balance_sheet,value,171162991323.0,ACTUAL,VNSTOCK_BRONZE
AVG,LATEST,balance_sheet,order,66.0,ACTUAL,VNSTOCK_BRONZE
AVG,LATEST,balance_sheet,level,2.0,ACTUAL,VNSTOCK_BRONZE
AVG,LATEST,balance_sheet,off_balance,0.0,ACTUAL,VNSTOCK_BRONZE
AVG,LATEST,balance_sheet,value,0.0,ACTUAL,VNSTOCK_BRONZE
AVG,LATEST,balance_sheet,order,67.0,ACTUAL,VNSTOCK_BRONZE
AVG,LATEST,balance_sheet,level,2.0,ACTUAL,VNSTOCK_BRONZE
AVG,LATEST,balance_sheet,off_balance,0.0,ACTUAL,VNSTOCK_BRONZE
AVG,LATEST,balance_sheet,value,0.0,ACTUAL,VNSTOCK_BRONZE
AVG,LATEST,balance_sheet,order,68.0,ACTUAL,VNSTOCK_BRONZE
AVG,LATEST,balance_sheet,level,2.0,ACTUAL,VNSTOCK_BRONZE
AVG,LATEST,balance_sheet,off_balance,0.0,ACTUAL,VNSTOCK_BRONZE
AVG,LATEST,balance_sheet,value,0.0,ACTUAL,VNSTOCK_BRONZE
AVG,LATEST,balance_sheet,order,69.0,ACTUAL,VNSTOCK_BRONZE
AVG,LATEST,balance_sheet,level,2.0,ACTUAL,VNSTOCK_BRONZE
AVG,LATEST,balance_sheet,off_balance,0.0,ACTUAL,VNSTOCK_BRONZE
AVG,LATEST,balance_sheet,value,37832667780.0,ACTUAL,VNSTOCK_BRONZE
AVG,LATEST,balance_sheet,order,70.0,ACTUAL,VNSTOCK_BRONZE
AVG,LATEST,balance_sheet,level,2.0,ACTUAL,VNSTOCK_BRONZE
AVG,LATEST,balance_sheet,off_balance,0.0,ACTUAL,VNSTOCK_BRONZE
AVG,LATEST,balance_sheet,value,28125000.0,ACTUAL,VNSTOCK_BRONZE
AVG,LATEST,balance_sheet,order,71.0,ACTUAL,VNSTOCK_BRONZE
AVG,LATEST,balance_sheet,level,2.0,ACTUAL,VNSTOCK_BRONZE
AVG,LATEST,balance_sheet,off_balance,0.0,ACTUAL,VNSTOCK_BRONZE
AVG,LATEST,balance_sheet,value,1023978779.0,ACTUAL,VNSTOCK_BRONZE
AVG,LATEST,balance_sheet,order,72.0,ACTUAL,VNSTOCK_BRONZE
AVG,LATEST,balance_sheet,level,2.0,ACTUAL,VNSTOCK_BRONZE
AVG,LATEST,balance_sheet,off_balance,0.0,ACTUAL,VNSTOCK_BRONZE
AVG,LATEST,balance_sheet,value,557533254.0,ACTUAL,VNSTOCK_BRONZE
AVG,LATEST,balance_sheet,order,73.0,ACTUAL,VNSTOCK_BRONZE
AVG,LATEST,balance_sheet,level,2.0,ACTUAL,VNSTOCK_BRONZE
AVG,LATEST,balance_sheet,off_balance,0.0,ACTUAL,VNSTOCK_BRONZE
AVG,LATEST,balance_sheet,value,393318263.0,ACTUAL,VNSTOCK_BRONZE
AVG,LATEST,balance_sheet,order,74.0,ACTUAL,VNSTOCK_BRONZE
AVG,LATEST,balance_sheet,level,2.0,ACTUAL,VNSTOCK_BRONZE
AVG,LATEST,balance_sheet,off_balance,0.0,ACTUAL,VNSTOCK_BRONZE
AVG,LATEST,balance_sheet,value,0.0,ACTUAL,VNSTOCK_BRONZE
AVG,LATEST,balance_sheet,order,75.0,ACTUAL,VNSTOCK_BRONZE
AVG,LATEST,balance_sheet,level,2.0,ACTUAL,VNSTOCK_BRONZE
AVG,LATEST,balance_sheet,off_balance,0.0,ACTUAL,VNSTOCK_BRONZE
AVG,LATEST,balance_sheet,value,0.0,ACTUAL,VNSTOCK_BRONZE
AVG,LATEST,balance_sheet,order,76.0,ACTUAL,VNSTOCK_BRONZE
AVG,LATEST,balance_sheet,level,2.0,ACTUAL,VNSTOCK_BRONZE
AVG,LATEST,balance_sheet,off_balance,0.0,ACTUAL,VNSTOCK_BRONZE
AVG,LATEST,balance_sheet,value,416067977.0,ACTUAL,VNSTOCK_BRONZE
AVG,LATEST,balance_sheet,order,77.0,ACTUAL,VNSTOCK_BRONZE
AVG,LATEST,balance_sheet,level,2.0,ACTUAL,VNSTOCK_BRONZE
AVG,LATEST,balance_sheet,off_balance,0.0,ACTUAL,VNSTOCK_BRONZE
AVG,LATEST,balance_sheet,value,130911300270.0,ACTUAL,VNSTOCK_BRONZE
AVG,LATEST,balance_sheet,order,78.0,ACTUAL,VNSTOCK_BRONZE
AVG,LATEST,balance_sheet,level,2.0,ACTUAL,VNSTOCK_BRONZE
AVG,LATEST,balance_sheet,off_balance,0.0,ACTUAL,VNSTOCK_BRONZE
AVG,LATEST,balance_sheet,value,0.0,ACTUAL,VNSTOCK_BRONZE
AVG,LATEST,balance_sheet,order,79.0,ACTUAL,VNSTOCK_BRONZE
AVG,LATEST,balance_sheet,level,2.0,ACTUAL,VNSTOCK_BRONZE
AVG,LATEST,balance_sheet,off_balance,0.0,ACTUAL,VNSTOCK_BRONZE
AVG,LATEST,balance_sheet,value,0.0,ACTUAL,VNSTOCK_BRONZE
AVG,LATEST,balance_sheet,order,80.0,ACTUAL,VNSTOCK_BRONZE
AVG,LATEST,balance_sheet,level,2.0,ACTUAL,VNSTOCK_BRONZE
AVG,LATEST,balance_sheet,off_balance,0.0,ACTUAL,VNSTOCK_BRONZE
AVG,LATEST,balance_sheet,value,0.0,ACTUAL,VNSTOCK_BRONZE
AVG,LATEST,balance_sheet,order,81.0,ACTUAL,VNSTOCK_BRONZE
AVG,LATEST,balance_sheet,level,2.0,ACTUAL,VNSTOCK_BRONZE
AVG,LATEST,balance_sheet,off_balance,0.0,ACTUAL,VNSTOCK_BRONZE
AVG,LATEST,balance_sheet,value,0.0,ACTUAL,VNSTOCK_BRONZE
AVG,LATEST,balance_sheet,order,82.0,ACTUAL,VNSTOCK_BRONZE
AVG,LATEST,balance_sheet,level,1.0,ACTUAL,VNSTOCK_BRONZE
AVG,LATEST,balance_sheet,off_balance,0.0,ACTUAL,VNSTOCK_BRONZE
AVG,LATEST,balance_sheet,value,3611686383.0,ACTUAL,VNSTOCK_BRONZE
AVG,LATEST,balance_sheet,order,83.0,ACTUAL,VNSTOCK_BRONZE
AVG,LATEST,balance_sheet,level,2.0,ACTUAL,VNSTOCK_BRONZE
AVG,LATEST,balance_sheet,off_balance,0.0,ACTUAL,VNSTOCK_BRONZE
AVG,LATEST,balance_sheet,value,0.0,ACTUAL,VNSTOCK_BRONZE
AVG,LATEST,balance_sheet,order,84.0,ACTUAL,VNSTOCK_BRONZE
AVG,LATEST,balance_sheet,level,2.0,ACTUAL,VNSTOCK_BRONZE
AVG,LATEST,balance_sheet,off_balance,0.0,ACTUAL,VNSTOCK_BRONZE
AVG,LATEST,balance_sheet,order,85.0,ACTUAL,VNSTOCK_BRONZE
AVG,LATEST,balance_sheet,level,2.0,ACTUAL,VNSTOCK_BRONZE
AVG,LATEST,balance_sheet,off_balance,0.0,ACTUAL,VNSTOCK_BRONZE
AVG,LATEST,balance_sheet,value,0.0,ACTUAL,VNSTOCK_BRONZE
AVG,LATEST,balance_sheet,order,86.0,ACTUAL,VNSTOCK_BRONZE
AVG,LATEST,balance_sheet,level,2.0,ACTUAL,VNSTOCK_BRONZE
AVG,LATEST,balance_sheet,off_balance,0.0,ACTUAL,VNSTOCK_BRONZE
AVG,LATEST,balance_sheet,value,0.0,ACTUAL,VNSTOCK_BRONZE
AVG,LATEST,balance_sheet,order,87.0,ACTUAL,VNSTOCK_BRONZE
AVG,LATEST,balance_sheet,level,2.0,ACTUAL,VNSTOCK_BRONZE
AVG,LATEST,balance_sheet,off_balance,0.0,ACTUAL,VNSTOCK_BRONZE
AVG,LATEST,balance_sheet,value,0.0,ACTUAL,VNSTOCK_BRONZE
AVG,LATEST,balance_sheet,order,88.0,ACTUAL,VNSTOCK_BRONZE
AVG,LATEST,balance_sheet,level,2.0,ACTUAL,VNSTOCK_BRONZE
AVG,LATEST,balance_sheet,off_balance,0.0,ACTUAL,VNSTOCK_BRONZE
AVG,LATEST,balance_sheet,value,0.0,ACTUAL,VNSTOCK_BRONZE
AVG,LATEST,balance_sheet,order,89.0,ACTUAL,VNSTOCK_BRONZE
AVG,LATEST,balance_sheet,level,2.0,ACTUAL,VNSTOCK_BRONZE
AVG,LATEST,balance_sheet,off_balance,0.0,ACTUAL,VNSTOCK_BRONZE
AVG,LATEST,balance_sheet,value,0.0,ACTUAL,VNSTOCK_BRONZE
AVG,LATEST,balance_sheet,order,90.0,ACTUAL,VNSTOCK_BRONZE
AVG,LATEST,balance_sheet,level,2.0,ACTUAL,VNSTOCK_BRONZE
AVG,LATEST,balance_sheet,off_balance,0.0,ACTUAL,VNSTOCK_BRONZE
AVG,LATEST,balance_sheet,value,406931600.0,ACTUAL,VNSTOCK_BRONZE
AVG,LATEST,balance_sheet,order,91.0,ACTUAL,VNSTOCK_BRONZE
AVG,LATEST,balance_sheet,level,2.0,ACTUAL,VNSTOCK_BRONZE
AVG,LATEST,balance_sheet,off_balance,0.0,ACTUAL,VNSTOCK_BRONZE
AVG,LATEST,balance_sheet,value,3204754783.0,ACTUAL,VNSTOCK_BRONZE
AVG,LATEST,balance_sheet,order,92.0,ACTUAL,VNSTOCK_BRONZE
AVG,LATEST,balance_sheet,level,2.0,ACTUAL,VNSTOCK_BRONZE
AVG,LATEST,balance_sheet,off_balance,0.0,ACTUAL,VNSTOCK_BRONZE
AVG,LATEST,balance_sheet,value,0.0,ACTUAL,VNSTOCK_BRONZE
AVG,LATEST,balance_sheet,order,93.0,ACTUAL,VNSTOCK_BRONZE
AVG,LATEST,balance_sheet,level,2.0,ACTUAL,VNSTOCK_BRONZE
AVG,LATEST,balance_sheet,off_balance,0.0,ACTUAL,VNSTOCK_BRONZE
AVG,LATEST,balance_sheet,value,0.0,ACTUAL,VNSTOCK_BRONZE
AVG,LATEST,balance_sheet,order,94.0,ACTUAL,VNSTOCK_BRONZE
AVG,LATEST,balance_sheet,level,2.0,ACTUAL,VNSTOCK_BRONZE
AVG,LATEST,balance_sheet,off_balance,0.0,ACTUAL,VNSTOCK_BRONZE
AVG,LATEST,balance_sheet,value,0.0,ACTUAL,VNSTOCK_BRONZE
AVG,LATEST,balance_sheet,order,95.0,ACTUAL,VNSTOCK_BRONZE
AVG,LATEST,balance_sheet,level,2.0,ACTUAL,VNSTOCK_BRONZE
AVG,LATEST,balance_sheet,off_balance,0.0,ACTUAL,VNSTOCK_BRONZE
AVG,LATEST,balance_sheet,value,0.0,ACTUAL,VNSTOCK_BRONZE
AVG,LATEST,balance_sheet,order,96.0,ACTUAL,VNSTOCK_BRONZE
AVG,LATEST,balance_sheet,level,1.0,ACTUAL,VNSTOCK_BRONZE
AVG,LATEST,balance_sheet,off_balance,0.0,ACTUAL,VNSTOCK_BRONZE
AVG,LATEST,balance_sheet,value,234788435950.0,ACTUAL,VNSTOCK_BRONZE
AVG,LATEST,balance_sheet,order,97.0,ACTUAL,VNSTOCK_BRONZE
AVG,LATEST,balance_sheet,level,1.0,ACTUAL,VNSTOCK_BRONZE
AVG,LATEST,balance_sheet,off_balance,0.0,ACTUAL,VNSTOCK_BRONZE
AVG,LATEST,balance_sheet,value,234788435950.0,ACTUAL,VNSTOCK_BRONZE
AVG,LATEST,balance_sheet,order,98.0,ACTUAL,VNSTOCK_BRONZE
AVG,LATEST,balance_sheet,level,2.0,ACTUAL,VNSTOCK_BRONZE
AVG,LATEST,balance_sheet,off_balance,0.0,ACTUAL,VNSTOCK_BRONZE
AVG,LATEST,balance_sheet,value,0.0,ACTUAL,VNSTOCK_BRONZE
AVG,LATEST,balance_sheet,order,99.0,ACTUAL,VNSTOCK_BRONZE
AVG,LATEST,balance_sheet,level,2.0,ACTUAL,VNSTOCK_BRONZE
AVG,LATEST,balance_sheet,off_balance,0.0,ACTUAL,VNSTOCK_BRONZE
AVG,LATEST,balance_sheet,value,0.0,ACTUAL,VNSTOCK_BRONZE
AVG,LATEST,balance_sheet,order,100.0,ACTUAL,VNSTOCK_BRONZE
AVG,LATEST,balance_sheet,level,2.0,ACTUAL,VNSTOCK_BRONZE
AVG,LATEST,balance_sheet,off_balance,0.0,ACTUAL,VNSTOCK_BRONZE
AVG,LATEST,balance_sheet,value,0.0,ACTUAL,VNSTOCK_BRONZE
AVG,LATEST,balance_sheet,order,101.0,ACTUAL,VNSTOCK_BRONZE
AVG,LATEST,balance_sheet,level,2.0,ACTUAL,VNSTOCK_BRONZE
AVG,LATEST,balance_sheet,off_balance,0.0,ACTUAL,VNSTOCK_BRONZE
AVG,LATEST,balance_sheet,value,0.0,ACTUAL,VNSTOCK_BRONZE
AVG,LATEST,balance_sheet,order,102.0,ACTUAL,VNSTOCK_BRONZE
AVG,LATEST,balance_sheet,level,2.0,ACTUAL,VNSTOCK_BRONZE
AVG,LATEST,balance_sheet,off_balance,0.0,ACTUAL,VNSTOCK_BRONZE
AVG,LATEST,balance_sheet,value,176799820000.0,ACTUAL,VNSTOCK_BRONZE
AVG,LATEST,balance_sheet,order,103.0,ACTUAL,VNSTOCK_BRONZE
AVG,LATEST,balance_sheet,level,3.0,ACTUAL,VNSTOCK_BRONZE
AVG,LATEST,balance_sheet,off_balance,0.0,ACTUAL,VNSTOCK_BRONZE
AVG,LATEST,balance_sheet,value,176799820000.0,ACTUAL,VNSTOCK_BRONZE
AVG,LATEST,balance_sheet,order,104.0,ACTUAL,VNSTOCK_BRONZE
AVG,LATEST,balance_sheet,level,2.0,ACTUAL,VNSTOCK_BRONZE
AVG,LATEST,balance_sheet,off_balance,0.0,ACTUAL,VNSTOCK_BRONZE
AVG,LATEST,balance_sheet,value,0.0,ACTUAL,VNSTOCK_BRONZE
AVG,LATEST,balance_sheet,order,105.0,ACTUAL,VNSTOCK_BRONZE
AVG,LATEST,balance_sheet,level,2.0,ACTUAL,VNSTOCK_BRONZE
AVG,LATEST,balance_sheet,off_balance,0.0,ACTUAL,VNSTOCK_BRONZE
AVG,LATEST,balance_sheet,value,0.0,ACTUAL,VNSTOCK_BRONZE
AVG,LATEST,balance_sheet,order,106.0,ACTUAL,VNSTOCK_BRONZE
AVG,LATEST,balance_sheet,level,2.0,ACTUAL,VNSTOCK_BRONZE
AVG,LATEST,balance_sheet,off_balance,0.0,ACTUAL,VNSTOCK_BRONZE
AVG,LATEST,balance_sheet,value,0.0,ACTUAL,VNSTOCK_BRONZE
AVG,LATEST,balance_sheet,order,107.0,ACTUAL,VNSTOCK_BRONZE
AVG,LATEST,balance_sheet,level,2.0,ACTUAL,VNSTOCK_BRONZE
AVG,LATEST,balance_sheet,off_balance,0.0,ACTUAL,VNSTOCK_BRONZE
AVG,LATEST,balance_sheet,value,0.0,ACTUAL,VNSTOCK_BRONZE
AVG,LATEST,balance_sheet,order,108.0,ACTUAL,VNSTOCK_BRONZE
AVG,LATEST,balance_sheet,level,2.0,ACTUAL,VNSTOCK_BRONZE
AVG,LATEST,balance_sheet,off_balance,0.0,ACTUAL,VNSTOCK_BRONZE
AVG,LATEST,balance_sheet,value,0.0,ACTUAL,VNSTOCK_BRONZE
AVG,LATEST,balance_sheet,order,109.0,ACTUAL,VNSTOCK_BRONZE
AVG,LATEST,balance_sheet,level,2.0,ACTUAL,VNSTOCK_BRONZE
AVG,LATEST,balance_sheet,off_balance,0.0,ACTUAL,VNSTOCK_BRONZE
AVG,LATEST,balance_sheet,value,471167081.0,ACTUAL,VNSTOCK_BRONZE
AVG,LATEST,balance_sheet,order,110.0,ACTUAL,VNSTOCK_BRONZE
AVG,LATEST,balance_sheet,level,2.0,ACTUAL,VNSTOCK_BRONZE
AVG,LATEST,balance_sheet,off_balance,0.0,ACTUAL,VNSTOCK_BRONZE
AVG,LATEST,balance_sheet,value,0.0,ACTUAL,VNSTOCK_BRONZE
AVG,LATEST,balance_sheet,order,111.0,ACTUAL,VNSTOCK_BRONZE
AVG,LATEST,balance_sheet,level,2.0,ACTUAL,VNSTOCK_BRONZE
AVG,LATEST,balance_sheet,off_balance,0.0,ACTUAL,VNSTOCK_BRONZE
AVG,LATEST,balance_sheet,value,0.0,ACTUAL,VNSTOCK_BRONZE
AVG,LATEST,balance_sheet,order,112.0,ACTUAL,VNSTOCK_BRONZE
AVG,LATEST,balance_sheet,level,2.0,ACTUAL,VNSTOCK_BRONZE
AVG,LATEST,balance_sheet,off_balance,0.0,ACTUAL,VNSTOCK_BRONZE
AVG,LATEST,balance_sheet,value,54245653476.0,ACTUAL,VNSTOCK_BRONZE
AVG,LATEST,balance_sheet,order,113.0,ACTUAL,VNSTOCK_BRONZE
AVG,LATEST,balance_sheet,level,3.0,ACTUAL,VNSTOCK_BRONZE
AVG,LATEST,balance_sheet,off_balance,0.0,ACTUAL,VNSTOCK_BRONZE
AVG,LATEST,balance_sheet,value,46394041657.0,ACTUAL,VNSTOCK_BRONZE
AVG,LATEST,balance_sheet,order,114.0,ACTUAL,VNSTOCK_BRONZE
AVG,LATEST,balance_sheet,level,3.0,ACTUAL,VNSTOCK_BRONZE
AVG,LATEST,balance_sheet,off_balance,0.0,ACTUAL,VNSTOCK_BRONZE
AVG,LATEST,balance_sheet,value,7851611819.0,ACTUAL,VNSTOCK_BRONZE
AVG,LATEST,balance_sheet,order,115.0,ACTUAL,VNSTOCK_BRONZE
AVG,LATEST,balance_sheet,level,2.0,ACTUAL,VNSTOCK_BRONZE
AVG,LATEST,balance_sheet,off_balance,0.0,ACTUAL,VNSTOCK_BRONZE
AVG,LATEST,balance_sheet,value,3271795393.0,ACTUAL,VNSTOCK_BRONZE
AVG,LATEST,balance_sheet,order,116.0,ACTUAL,VNSTOCK_BRONZE
AVG,LATEST,balance_sheet,level,1.0,ACTUAL,VNSTOCK_BRONZE
AVG,LATEST,balance_sheet,off_balance,0.0,ACTUAL,VNSTOCK_BRONZE
AVG,LATEST,balance_sheet,value,0.0,ACTUAL,VNSTOCK_BRONZE
AVG,LATEST,balance_sheet,order,117.0,ACTUAL,VNSTOCK_BRONZE
AVG,LATEST,balance_sheet,level,2.0,ACTUAL,VNSTOCK_BRONZE
AVG,LATEST,balance_sheet,off_balance,0.0,ACTUAL,VNSTOCK_BRONZE
AVG,LATEST,balance_sheet,value,0.0,ACTUAL,VNSTOCK_BRONZE
AVG,LATEST,balance_sheet,order,118.0,ACTUAL,VNSTOCK_BRONZE
AVG,LATEST,balance_sheet,level,1.0,ACTUAL,VNSTOCK_BRONZE
AVG,LATEST,balance_sheet,off_balance,0.0,ACTUAL,VNSTOCK_BRONZE
AVG,LATEST,balance_sheet,value,409563113656.0,ACTUAL,VNSTOCK_BRONZE
AVG,LATEST,balance_sheet,order,1.0,ACTUAL,VNSTOCK_BRONZE
AVG,LATEST,balance_sheet,level,1.0,ACTUAL,VNSTOCK_BRONZE
AVG,LATEST,balance_sheet,off_balance,0.0,ACTUAL,VNSTOCK_BRONZE
AVG,LATEST,balance_sheet,value,221229761095.0,ACTUAL,VNSTOCK_BRONZE
AVG,LATEST,balance_sheet,order,2.0,ACTUAL,VNSTOCK_BRONZE
AVG,LATEST,balance_sheet,level,1.0,ACTUAL,VNSTOCK_BRONZE
AVG,LATEST,balance_sheet,off_balance,0.0,ACTUAL,VNSTOCK_BRONZE
AVG,LATEST,balance_sheet,value,22253249352.0,ACTUAL,VNSTOCK_BRONZE
AVG,LATEST,balance_sheet,order,3.0,ACTUAL,VNSTOCK_BRONZE
AVG,LATEST,balance_sheet,level,2.0,ACTUAL,VNSTOCK_BRONZE
AVG,LATEST,balance_sheet,off_balance,0.0,ACTUAL,VNSTOCK_BRONZE
AVG,LATEST,balance_sheet,value,22253249352.0,ACTUAL,VNSTOCK_BRONZE
AVG,LATEST,balance_sheet,order,4.0,ACTUAL,VNSTOCK_BRONZE
AVG,LATEST,balance_sheet,level,2.0,ACTUAL,VNSTOCK_BRONZE
AVG,LATEST,balance_sheet,off_balance,0.0,ACTUAL,VNSTOCK_BRONZE
AVG,LATEST,balance_sheet,value,0.0,ACTUAL,VNSTOCK_BRONZE
AVG,LATEST,balance_sheet,order,5.0,ACTUAL,VNSTOCK_BRONZE
AVG,LATEST,balance_sheet,level,1.0,ACTUAL,VNSTOCK_BRONZE
AVG,LATEST,balance_sheet,off_balance,0.0,ACTUAL,VNSTOCK_BRONZE
AVG,LATEST,balance_sheet,value,12161625000.0,ACTUAL,VNSTOCK_BRONZE
AVG,LATEST,balance_sheet,order,6.0,ACTUAL,VNSTOCK_BRONZE
AVG,LATEST,balance_sheet,level,2.0,ACTUAL,VNSTOCK_BRONZE
AVG,LATEST,balance_sheet,off_balance,0.0,ACTUAL,VNSTOCK_BRONZE
AVG,LATEST,balance_sheet,value,7761625000.0,ACTUAL,VNSTOCK_BRONZE
AVG,LATEST,balance_sheet,order,7.0,ACTUAL,VNSTOCK_BRONZE
AVG,LATEST,balance_sheet,level,2.0,ACTUAL,VNSTOCK_BRONZE
AVG,LATEST,balance_sheet,off_balance,0.0,ACTUAL,VNSTOCK_BRONZE
AVG,LATEST,balance_sheet,value,0.0,ACTUAL,VNSTOCK_BRONZE
AVG,LATEST,balance_sheet,order,8.0,ACTUAL,VNSTOCK_BRONZE
AVG,LATEST,balance_sheet,level,2.0,ACTUAL,VNSTOCK_BRONZE
AVG,LATEST,balance_sheet,off_balance,0.0,ACTUAL,VNSTOCK_BRONZE
AVG,LATEST,balance_sheet,value,4400000000.0,ACTUAL,VNSTOCK_BRONZE
AVG,LATEST,balance_sheet,order,9.0,ACTUAL,VNSTOCK_BRONZE
AVG,LATEST,balance_sheet,level,1.0,ACTUAL,VNSTOCK_BRONZE
AVG,LATEST,balance_sheet,off_balance,0.0,ACTUAL,VNSTOCK_BRONZE
AVG,LATEST,balance_sheet,value,136237819432.0,ACTUAL,VNSTOCK_BRONZE
AVG,LATEST,balance_sheet,order,10.0,ACTUAL,VNSTOCK_BRONZE
AVG,LATEST,balance_sheet,level,2.0,ACTUAL,VNSTOCK_BRONZE
AVG,LATEST,balance_sheet,off_balance,0.0,ACTUAL,VNSTOCK_BRONZE
AVG,LATEST,balance_sheet,value,128524114272.0,ACTUAL,VNSTOCK_BRONZE
AVG,LATEST,balance_sheet,order,11.0,ACTUAL,VNSTOCK_BRONZE
AVG,LATEST,balance_sheet,level,2.0,ACTUAL,VNSTOCK_BRONZE
AVG,LATEST,balance_sheet,off_balance,0.0,ACTUAL,VNSTOCK_BRONZE
AVG,LATEST,balance_sheet,value,1162667600.0,ACTUAL,VNSTOCK_BRONZE
AVG,LATEST,balance_sheet,order,12.0,ACTUAL,VNSTOCK_BRONZE
AVG,LATEST,balance_sheet,level,2.0,ACTUAL,VNSTOCK_BRONZE
AVG,LATEST,balance_sheet,off_balance,0.0,ACTUAL,VNSTOCK_BRONZE
AVG,LATEST,balance_sheet,value,0.0,ACTUAL,VNSTOCK_BRONZE
AVG,LATEST,balance_sheet,order,13.0,ACTUAL,VNSTOCK_BRONZE
AVG,LATEST,balance_sheet,level,2.0,ACTUAL,VNSTOCK_BRONZE
AVG,LATEST,balance_sheet,off_balance,0.0,ACTUAL,VNSTOCK_BRONZE
AVG,LATEST,balance_sheet,value,0.0,ACTUAL,VNSTOCK_BRONZE
AVG,LATEST,balance_sheet,order,14.0,ACTUAL,VNSTOCK_BRONZE
AVG,LATEST,balance_sheet,level,2.0,ACTUAL,VNSTOCK_BRONZE
AVG,LATEST,balance_sheet,off_balance,0.0,ACTUAL,VNSTOCK_BRONZE
AVG,LATEST,balance_sheet,value,6000000000.0,ACTUAL,VNSTOCK_BRONZE
AVG,LATEST,balance_sheet,order,15.0,ACTUAL,VNSTOCK_BRONZE
AVG,LATEST,balance_sheet,level,2.0,ACTUAL,VNSTOCK_BRONZE
AVG,LATEST,balance_sheet,off_balance,0.0,ACTUAL,VNSTOCK_BRONZE
AVG,LATEST,balance_sheet,value,551037560.0,ACTUAL,VNSTOCK_BRONZE
AVG,LATEST,balance_sheet,order,16.0,ACTUAL,VNSTOCK_BRONZE
AVG,LATEST,balance_sheet,level,2.0,ACTUAL,VNSTOCK_BRONZE
AVG,LATEST,balance_sheet,off_balance,0.0,ACTUAL,VNSTOCK_BRONZE
AVG,LATEST,balance_sheet,value,0.0,ACTUAL,VNSTOCK_BRONZE
AVG,LATEST,balance_sheet,order,17.0,ACTUAL,VNSTOCK_BRONZE
AVG,LATEST,balance_sheet,level,2.0,ACTUAL,VNSTOCK_BRONZE
AVG,LATEST,balance_sheet,off_balance,0.0,ACTUAL,VNSTOCK_BRONZE
AVG,LATEST,balance_sheet,value,0.0,ACTUAL,VNSTOCK_BRONZE
AVG,LATEST,balance_sheet,order,18.0,ACTUAL,VNSTOCK_BRONZE
AVG,LATEST,balance_sheet,level,1.0,ACTUAL,VNSTOCK_BRONZE
AVG,LATEST,balance_sheet,off_balance,0.0,ACTUAL,VNSTOCK_BRONZE
AVG,LATEST,balance_sheet,value,47891940576.0,ACTUAL,VNSTOCK_BRONZE
AVG,LATEST,balance_sheet,order,19.0,ACTUAL,VNSTOCK_BRONZE
AVG,LATEST,balance_sheet,level,2.0,ACTUAL,VNSTOCK_BRONZE
AVG,LATEST,balance_sheet,off_balance,0.0,ACTUAL,VNSTOCK_BRONZE
AVG,LATEST,balance_sheet,value,47891940576.0,ACTUAL,VNSTOCK_BRONZE
AVG,LATEST,balance_sheet,order,20.0,ACTUAL,VNSTOCK_BRONZE
AVG,LATEST,balance_sheet,level,2.0,ACTUAL,VNSTOCK_BRONZE
AVG,LATEST,balance_sheet,off_balance,0.0,ACTUAL,VNSTOCK_BRONZE
AVG,LATEST,balance_sheet,value,0.0,ACTUAL,VNSTOCK_BRONZE
AVG,LATEST,balance_sheet,order,21.0,ACTUAL,VNSTOCK_BRONZE
AVG,LATEST,balance_sheet,level,1.0,ACTUAL,VNSTOCK_BRONZE
AVG,LATEST,balance_sheet,off_balance,0.0,ACTUAL,VNSTOCK_BRONZE
AVG,LATEST,balance_sheet,value,2685126735.0,ACTUAL,VNSTOCK_BRONZE
AVG,LATEST,balance_sheet,order,22.0,ACTUAL,VNSTOCK_BRONZE
AVG,LATEST,balance_sheet,level,2.0,ACTUAL,VNSTOCK_BRONZE
AVG,LATEST,balance_sheet,off_balance,0.0,ACTUAL,VNSTOCK_BRONZE
AVG,LATEST,balance_sheet,value,123053369.0,ACTUAL,VNSTOCK_BRONZE
AVG,LATEST,balance_sheet,order,23.0,ACTUAL,VNSTOCK_BRONZE
AVG,LATEST,balance_sheet,level,2.0,ACTUAL,VNSTOCK_BRONZE
AVG,LATEST,balance_sheet,off_balance,0.0,ACTUAL,VNSTOCK_BRONZE
AVG,LATEST,balance_sheet,value,2562073366.0,ACTUAL,VNSTOCK_BRONZE
AVG,LATEST,balance_sheet,order,24.0,ACTUAL,VNSTOCK_BRONZE
AVG,LATEST,balance_sheet,level,2.0,ACTUAL,VNSTOCK_BRONZE
AVG,LATEST,balance_sheet,off_balance,0.0,ACTUAL,VNSTOCK_BRONZE
AVG,LATEST,balance_sheet,value,0.0,ACTUAL,VNSTOCK_BRONZE
AVG,LATEST,balance_sheet,order,25.0,ACTUAL,VNSTOCK_BRONZE
AVG,LATEST,balance_sheet,level,2.0,ACTUAL,VNSTOCK_BRONZE
AVG,LATEST,balance_sheet,off_balance,0.0,ACTUAL,VNSTOCK_BRONZE
AVG,LATEST,balance_sheet,value,0.0,ACTUAL,VNSTOCK_BRONZE
AVG,LATEST,balance_sheet,order,26.0,ACTUAL,VNSTOCK_BRONZE
AVG,LATEST,balance_sheet,level,1.0,ACTUAL,VNSTOCK_BRONZE
AVG,LATEST,balance_sheet,off_balance,0.0,ACTUAL,VNSTOCK_BRONZE
AVG,LATEST,balance_sheet,value,189135926027.0,ACTUAL,VNSTOCK_BRONZE
AVG,LATEST,balance_sheet,order,27.0,ACTUAL,VNSTOCK_BRONZE
AVG,LATEST,balance_sheet,level,1.0,ACTUAL,VNSTOCK_BRONZE
AVG,LATEST,balance_sheet,off_balance,0.0,ACTUAL,VNSTOCK_BRONZE
AVG,LATEST,balance_sheet,value,0.0,ACTUAL,VNSTOCK_BRONZE
AVG,LATEST,balance_sheet,order,28.0,ACTUAL,VNSTOCK_BRONZE
AVG,LATEST,balance_sheet,level,2.0,ACTUAL,VNSTOCK_BRONZE
AVG,LATEST,balance_sheet,off_balance,0.0,ACTUAL,VNSTOCK_BRONZE
AVG,LATEST,balance_sheet,value,0.0,ACTUAL,VNSTOCK_BRONZE
AVG,LATEST,balance_sheet,order,29.0,ACTUAL,VNSTOCK_BRONZE
AVG,LATEST,balance_sheet,level,2.0,ACTUAL,VNSTOCK_BRONZE
AVG,LATEST,balance_sheet,off_balance,0.0,ACTUAL,VNSTOCK_BRONZE
AVG,LATEST,balance_sheet,value,0.0,ACTUAL,VNSTOCK_BRONZE
AVG,LATEST,balance_sheet,order,30.0,ACTUAL,VNSTOCK_BRONZE
AVG,LATEST,balance_sheet,level,2.0,ACTUAL,VNSTOCK_BRONZE
AVG,LATEST,balance_sheet,off_balance,0.0,ACTUAL,VNSTOCK_BRONZE
AVG,LATEST,balance_sheet,value,0.0,ACTUAL,VNSTOCK_BRONZE
AVG,LATEST,balance_sheet,order,31.0,ACTUAL,VNSTOCK_BRONZE
AVG,LATEST,balance_sheet,level,2.0,ACTUAL,VNSTOCK_BRONZE
AVG,LATEST,balance_sheet,off_balance,0.0,ACTUAL,VNSTOCK_BRONZE
AVG,LATEST,balance_sheet,value,0.0,ACTUAL,VNSTOCK_BRONZE
AVG,LATEST,balance_sheet,order,32.0,ACTUAL,VNSTOCK_BRONZE
AVG,LATEST,balance_sheet,level,2.0,ACTUAL,VNSTOCK_BRONZE
AVG,LATEST,balance_sheet,off_balance,0.0,ACTUAL,VNSTOCK_BRONZE
AVG,LATEST,balance_sheet,value,0.0,ACTUAL,VNSTOCK_BRONZE
AVG,LATEST,balance_sheet,order,33.0,ACTUAL,VNSTOCK_BRONZE
AVG,LATEST,balance_sheet,level,2.0,ACTUAL,VNSTOCK_BRONZE
AVG,LATEST,balance_sheet,off_balance,0.0,ACTUAL,VNSTOCK_BRONZE
AVG,LATEST,balance_sheet,value,-0.0,ACTUAL,VNSTOCK_BRONZE
AVG,LATEST,balance_sheet,order,34.0,ACTUAL,VNSTOCK_BRONZE
AVG,LATEST,balance_sheet,level,1.0,ACTUAL,VNSTOCK_BRONZE
AVG,LATEST,balance_sheet,off_balance,0.0,ACTUAL,VNSTOCK_BRONZE
AVG,LATEST,balance_sheet,value,91076911458.0,ACTUAL,VNSTOCK_BRONZE
AVG,LATEST,balance_sheet,order,35.0,ACTUAL,VNSTOCK_BRONZE
AVG,LATEST,balance_sheet,level,2.0,ACTUAL,VNSTOCK_BRONZE
AVG,LATEST,balance_sheet,off_balance,0.0,ACTUAL,VNSTOCK_BRONZE
AVG,LATEST,balance_sheet,value,62517866433.0,ACTUAL,VNSTOCK_BRONZE
AVG,LATEST,balance_sheet,order,36.0,ACTUAL,VNSTOCK_BRONZE
AVG,LATEST,balance_sheet,level,3.0,ACTUAL,VNSTOCK_BRONZE
AVG,LATEST,balance_sheet,off_balance,0.0,ACTUAL,VNSTOCK_BRONZE
AVG,LATEST,balance_sheet,value,81857315184.0,ACTUAL,VNSTOCK_BRONZE
AVG,LATEST,balance_sheet,order,37.0,ACTUAL,VNSTOCK_BRONZE
AVG,LATEST,balance_sheet,level,3.0,ACTUAL,VNSTOCK_BRONZE
AVG,LATEST,balance_sheet,off_balance,0.0,ACTUAL,VNSTOCK_BRONZE
AVG,LATEST,balance_sheet,value,-19339448751.0,ACTUAL,VNSTOCK_BRONZE
AVG,LATEST,balance_sheet,order,38.0,ACTUAL,VNSTOCK_BRONZE
AVG,LATEST,balance_sheet,level,2.0,ACTUAL,VNSTOCK_BRONZE
AVG,LATEST,balance_sheet,off_balance,0.0,ACTUAL,VNSTOCK_BRONZE
AVG,LATEST,balance_sheet,value,4205082043.0,ACTUAL,VNSTOCK_BRONZE
AVG,LATEST,balance_sheet,order,39.0,ACTUAL,VNSTOCK_BRONZE
AVG,LATEST,balance_sheet,level,3.0,ACTUAL,VNSTOCK_BRONZE
AVG,LATEST,balance_sheet,off_balance,0.0,ACTUAL,VNSTOCK_BRONZE
AVG,LATEST,balance_sheet,value,5265505600.0,ACTUAL,VNSTOCK_BRONZE
AVG,LATEST,balance_sheet,order,40.0,ACTUAL,VNSTOCK_BRONZE
AVG,LATEST,balance_sheet,level,3.0,ACTUAL,VNSTOCK_BRONZE
AVG,LATEST,balance_sheet,off_balance,0.0,ACTUAL,VNSTOCK_BRONZE
AVG,LATEST,balance_sheet,value,-1060423557.0,ACTUAL,VNSTOCK_BRONZE
AVG,LATEST,balance_sheet,order,41.0,ACTUAL,VNSTOCK_BRONZE
AVG,LATEST,balance_sheet,level,2.0,ACTUAL,VNSTOCK_BRONZE
AVG,LATEST,balance_sheet,off_balance,0.0,ACTUAL,VNSTOCK_BRONZE
AVG,LATEST,balance_sheet,value,24353962982.0,ACTUAL,VNSTOCK_BRONZE
AVG,LATEST,balance_sheet,order,42.0,ACTUAL,VNSTOCK_BRONZE
AVG,LATEST,balance_sheet,level,3.0,ACTUAL,VNSTOCK_BRONZE
AVG,LATEST,balance_sheet,off_balance,0.0,ACTUAL,VNSTOCK_BRONZE
AVG,LATEST,balance_sheet,value,28677302852.0,ACTUAL,VNSTOCK_BRONZE
AVG,LATEST,balance_sheet,order,43.0,ACTUAL,VNSTOCK_BRONZE
AVG,LATEST,balance_sheet,level,3.0,ACTUAL,VNSTOCK_BRONZE
AVG,LATEST,balance_sheet,off_balance,0.0,ACTUAL,VNSTOCK_BRONZE
AVG,LATEST,balance_sheet,value,-4323339870.0,ACTUAL,VNSTOCK_BRONZE
AVG,LATEST,balance_sheet,order,44.0,ACTUAL,VNSTOCK_BRONZE
AVG,LATEST,balance_sheet,level,1.0,ACTUAL,VNSTOCK_BRONZE
AVG,LATEST,balance_sheet,off_balance,0.0,ACTUAL,VNSTOCK_BRONZE
AVG,LATEST,balance_sheet,value,76743288828.0,ACTUAL,VNSTOCK_BRONZE
AVG,LATEST,balance_sheet,order,45.0,ACTUAL,VNSTOCK_BRONZE
AVG,LATEST,balance_sheet,level,2.0,ACTUAL,VNSTOCK_BRONZE
AVG,LATEST,balance_sheet,off_balance,0.0,ACTUAL,VNSTOCK_BRONZE
AVG,LATEST,balance_sheet,value,91251885140.0,ACTUAL,VNSTOCK_BRONZE
AVG,LATEST,balance_sheet,order,46.0,ACTUAL,VNSTOCK_BRONZE
AVG,LATEST,balance_sheet,level,2.0,ACTUAL,VNSTOCK_BRONZE
AVG,LATEST,balance_sheet,off_balance,0.0,ACTUAL,VNSTOCK_BRONZE
AVG,LATEST,balance_sheet,value,-14508596312.0,ACTUAL,VNSTOCK_BRONZE
AVG,LATEST,balance_sheet,order,47.0,ACTUAL,VNSTOCK_BRONZE
AVG,LATEST,balance_sheet,level,1.0,ACTUAL,VNSTOCK_BRONZE
AVG,LATEST,balance_sheet,off_balance,0.0,ACTUAL,VNSTOCK_BRONZE
AVG,LATEST,balance_sheet,value,3019808201.0,ACTUAL,VNSTOCK_BRONZE
AVG,LATEST,balance_sheet,order,48.0,ACTUAL,VNSTOCK_BRONZE
AVG,LATEST,balance_sheet,level,2.0,ACTUAL,VNSTOCK_BRONZE
AVG,LATEST,balance_sheet,off_balance,0.0,ACTUAL,VNSTOCK_BRONZE
AVG,LATEST,balance_sheet,value,0.0,ACTUAL,VNSTOCK_BRONZE
AVG,LATEST,balance_sheet,order,49.0,ACTUAL,VNSTOCK_BRONZE
AVG,LATEST,balance_sheet,level,2.0,ACTUAL,VNSTOCK_BRONZE
AVG,LATEST,balance_sheet,off_balance,0.0,ACTUAL,VNSTOCK_BRONZE
AVG,LATEST,balance_sheet,value,3019808201.0,ACTUAL,VNSTOCK_BRONZE
AVG,LATEST,balance_sheet,order,50.0,ACTUAL,VNSTOCK_BRONZE
AVG,LATEST,balance_sheet,level,1.0,ACTUAL,VNSTOCK_BRONZE
AVG,LATEST,balance_sheet,off_balance,0.0,ACTUAL,VNSTOCK_BRONZE
AVG,LATEST,balance_sheet,value,0.0,ACTUAL,VNSTOCK_BRONZE
AVG,LATEST,balance_sheet,order,51.0,ACTUAL,VNSTOCK_BRONZE
AVG,LATEST,balance_sheet,level,2.0,ACTUAL,VNSTOCK_BRONZE
AVG,LATEST,balance_sheet,off_balance,0.0,ACTUAL,VNSTOCK_BRONZE
AVG,LATEST,balance_sheet,value,0.0,ACTUAL,VNSTOCK_BRONZE
AVG,LATEST,balance_sheet,order,52.0,ACTUAL,VNSTOCK_BRONZE
AVG,LATEST,balance_sheet,level,2.0,ACTUAL,VNSTOCK_BRONZE
AVG,LATEST,balance_sheet,off_balance,0.0,ACTUAL,VNSTOCK_BRONZE
AVG,LATEST,balance_sheet,value,0.0,ACTUAL,VNSTOCK_BRONZE
AVG,LATEST,balance_sheet,order,53.0,ACTUAL,VNSTOCK_BRONZE
AVG,LATEST,balance_sheet,level,2.0,ACTUAL,VNSTOCK_BRONZE
AVG,LATEST,balance_sheet,off_balance,0.0,ACTUAL,VNSTOCK_BRONZE
AVG,LATEST,balance_sheet,value,0.0,ACTUAL,VNSTOCK_BRONZE
AVG,LATEST,balance_sheet,order,54.0,ACTUAL,VNSTOCK_BRONZE
AVG,LATEST,balance_sheet,level,2.0,ACTUAL,VNSTOCK_BRONZE
AVG,LATEST,balance_sheet,off_balance,0.0,ACTUAL,VNSTOCK_BRONZE
AVG,LATEST,balance_sheet,value,0.0,ACTUAL,VNSTOCK_BRONZE
AVG,LATEST,balance_sheet,order,55.0,ACTUAL,VNSTOCK_BRONZE
AVG,LATEST,balance_sheet,level,2.0,ACTUAL,VNSTOCK_BRONZE
AVG,LATEST,balance_sheet,off_balance,0.0,ACTUAL,VNSTOCK_BRONZE
AVG,LATEST,balance_sheet,value,0.0,ACTUAL,VNSTOCK_BRONZE
AVG,LATEST,balance_sheet,order,56.0,ACTUAL,VNSTOCK_BRONZE
AVG,LATEST,balance_sheet,level,1.0,ACTUAL,VNSTOCK_BRONZE
AVG,LATEST,balance_sheet,off_balance,0.0,ACTUAL,VNSTOCK_BRONZE
AVG,LATEST,balance_sheet,value,18295917540.0,ACTUAL,VNSTOCK_BRONZE
AVG,LATEST,balance_sheet,order,57.0,ACTUAL,VNSTOCK_BRONZE
AVG,LATEST,balance_sheet,level,2.0,ACTUAL,VNSTOCK_BRONZE
AVG,LATEST,balance_sheet,off_balance,0.0,ACTUAL,VNSTOCK_BRONZE
AVG,LATEST,balance_sheet,value,0.0,ACTUAL,VNSTOCK_BRONZE
AVG,LATEST,balance_sheet,order,58.0,ACTUAL,VNSTOCK_BRONZE
AVG,LATEST,balance_sheet,level,2.0,ACTUAL,VNSTOCK_BRONZE
AVG,LATEST,balance_sheet,off_balance,0.0,ACTUAL,VNSTOCK_BRONZE
AVG,LATEST,balance_sheet,value,18295917540.0,ACTUAL,VNSTOCK_BRONZE
AVG,LATEST,balance_sheet,order,59.0,ACTUAL,VNSTOCK_BRONZE
AVG,LATEST,balance_sheet,level,2.0,ACTUAL,VNSTOCK_BRONZE
AVG,LATEST,balance_sheet,off_balance,0.0,ACTUAL,VNSTOCK_BRONZE
AVG,LATEST,balance_sheet,value,0.0,ACTUAL,VNSTOCK_BRONZE
AVG,LATEST,balance_sheet,order,60.0,ACTUAL,VNSTOCK_BRONZE
AVG,LATEST,balance_sheet,level,2.0,ACTUAL,VNSTOCK_BRONZE
AVG,LATEST,balance_sheet,off_balance,0.0,ACTUAL,VNSTOCK_BRONZE
AVG,LATEST,balance_sheet,value,0.0,ACTUAL,VNSTOCK_BRONZE
AVG,LATEST,balance_sheet,order,61.0,ACTUAL,VNSTOCK_BRONZE
AVG,LATEST,balance_sheet,level,2.0,ACTUAL,VNSTOCK_BRONZE
AVG,LATEST,balance_sheet,off_balance,0.0,ACTUAL,VNSTOCK_BRONZE
AVG,LATEST,balance_sheet,value,0.0,ACTUAL,VNSTOCK_BRONZE
AVG,LATEST,balance_sheet,order,62.0,ACTUAL,VNSTOCK_BRONZE
AVG,LATEST,balance_sheet,level,2.0,ACTUAL,VNSTOCK_BRONZE
AVG,LATEST,balance_sheet,off_balance,0.0,ACTUAL,VNSTOCK_BRONZE
AVG,LATEST,balance_sheet,value,0.0,ACTUAL,VNSTOCK_BRONZE
AVG,LATEST,balance_sheet,order,63.0,ACTUAL,VNSTOCK_BRONZE
AVG,LATEST,balance_sheet,level,1.0,ACTUAL,VNSTOCK_BRONZE
AVG,LATEST,balance_sheet,off_balance,0.0,ACTUAL,VNSTOCK_BRONZE
AVG,LATEST,balance_sheet,value,410365687122.0,ACTUAL,VNSTOCK_BRONZE
AVG,LATEST,balance_sheet,order,64.0,ACTUAL,VNSTOCK_BRONZE
AVG,LATEST,balance_sheet,level,1.0,ACTUAL,VNSTOCK_BRONZE
AVG,LATEST,balance_sheet,off_balance,0.0,ACTUAL,VNSTOCK_BRONZE
AVG,LATEST,balance_sheet,value,177444951200.0,ACTUAL,VNSTOCK_BRONZE
AVG,LATEST,balance_sheet,order,65.0,ACTUAL,VNSTOCK_BRONZE
AVG,LATEST,balance_sheet,level,1.0,ACTUAL,VNSTOCK_BRONZE
AVG,LATEST,balance_sheet,off_balance,0.0,ACTUAL,VNSTOCK_BRONZE
AVG,LATEST,balance_sheet,value,172839154823.0,ACTUAL,VNSTOCK_BRONZE
AVG,LATEST,balance_sheet,order,66.0,ACTUAL,VNSTOCK_BRONZE
AVG,LATEST,balance_sheet,level,2.0,ACTUAL,VNSTOCK_BRONZE
AVG,LATEST,balance_sheet,off_balance,0.0,ACTUAL,VNSTOCK_BRONZE
AVG,LATEST,balance_sheet,value,0.0,ACTUAL,VNSTOCK_BRONZE
AVG,LATEST,balance_sheet,order,67.0,ACTUAL,VNSTOCK_BRONZE
AVG,LATEST,balance_sheet,level,2.0,ACTUAL,VNSTOCK_BRONZE
AVG,LATEST,balance_sheet,off_balance,0.0,ACTUAL,VNSTOCK_BRONZE
AVG,LATEST,balance_sheet,value,0.0,ACTUAL,VNSTOCK_BRONZE
AVG,LATEST,balance_sheet,order,68.0,ACTUAL,VNSTOCK_BRONZE
AVG,LATEST,balance_sheet,level,2.0,ACTUAL,VNSTOCK_BRONZE
AVG,LATEST,balance_sheet,off_balance,0.0,ACTUAL,VNSTOCK_BRONZE
AVG,LATEST,balance_sheet,value,0.0,ACTUAL,VNSTOCK_BRONZE
AVG,LATEST,balance_sheet,order,69.0,ACTUAL,VNSTOCK_BRONZE
AVG,LATEST,balance_sheet,level,2.0,ACTUAL,VNSTOCK_BRONZE
AVG,LATEST,balance_sheet,off_balance,0.0,ACTUAL,VNSTOCK_BRONZE
AVG,LATEST,balance_sheet,value,25080363556.0,ACTUAL,VNSTOCK_BRONZE
AVG,LATEST,balance_sheet,order,70.0,ACTUAL,VNSTOCK_BRONZE
AVG,LATEST,balance_sheet,level,2.0,ACTUAL,VNSTOCK_BRONZE
AVG,LATEST,balance_sheet,off_balance,0.0,ACTUAL,VNSTOCK_BRONZE
AVG,LATEST,balance_sheet,value,302314000.0,ACTUAL,VNSTOCK_BRONZE
AVG,LATEST,balance_sheet,order,71.0,ACTUAL,VNSTOCK_BRONZE
AVG,LATEST,balance_sheet,level,2.0,ACTUAL,VNSTOCK_BRONZE
AVG,LATEST,balance_sheet,off_balance,0.0,ACTUAL,VNSTOCK_BRONZE
AVG,LATEST,balance_sheet,value,1070986705.0,ACTUAL,VNSTOCK_BRONZE
AVG,LATEST,balance_sheet,order,72.0,ACTUAL,VNSTOCK_BRONZE
AVG,LATEST,balance_sheet,level,2.0,ACTUAL,VNSTOCK_BRONZE
AVG,LATEST,balance_sheet,off_balance,0.0,ACTUAL,VNSTOCK_BRONZE
AVG,LATEST,balance_sheet,value,594290632.0,ACTUAL,VNSTOCK_BRONZE
AVG,LATEST,balance_sheet,order,73.0,ACTUAL,VNSTOCK_BRONZE
AVG,LATEST,balance_sheet,level,2.0,ACTUAL,VNSTOCK_BRONZE
AVG,LATEST,balance_sheet,off_balance,0.0,ACTUAL,VNSTOCK_BRONZE
AVG,LATEST,balance_sheet,value,0.0,ACTUAL,VNSTOCK_BRONZE
AVG,LATEST,balance_sheet,order,74.0,ACTUAL,VNSTOCK_BRONZE
AVG,LATEST,balance_sheet,level,2.0,ACTUAL,VNSTOCK_BRONZE
AVG,LATEST,balance_sheet,off_balance,0.0,ACTUAL,VNSTOCK_BRONZE
AVG,LATEST,balance_sheet,value,0.0,ACTUAL,VNSTOCK_BRONZE
AVG,LATEST,balance_sheet,order,75.0,ACTUAL,VNSTOCK_BRONZE
AVG,LATEST,balance_sheet,level,2.0,ACTUAL,VNSTOCK_BRONZE
AVG,LATEST,balance_sheet,off_balance,0.0,ACTUAL,VNSTOCK_BRONZE
AVG,LATEST,balance_sheet,value,0.0,ACTUAL,VNSTOCK_BRONZE
AVG,LATEST,balance_sheet,order,76.0,ACTUAL,VNSTOCK_BRONZE
AVG,LATEST,balance_sheet,level,2.0,ACTUAL,VNSTOCK_BRONZE
AVG,LATEST,balance_sheet,off_balance,0.0,ACTUAL,VNSTOCK_BRONZE
AVG,LATEST,balance_sheet,value,424857696.0,ACTUAL,VNSTOCK_BRONZE
AVG,LATEST,balance_sheet,order,77.0,ACTUAL,VNSTOCK_BRONZE
AVG,LATEST,balance_sheet,level,2.0,ACTUAL,VNSTOCK_BRONZE
AVG,LATEST,balance_sheet,off_balance,0.0,ACTUAL,VNSTOCK_BRONZE
AVG,LATEST,balance_sheet,value,145366342234.0,ACTUAL,VNSTOCK_BRONZE
AVG,LATEST,balance_sheet,order,78.0,ACTUAL,VNSTOCK_BRONZE
AVG,LATEST,balance_sheet,level,2.0,ACTUAL,VNSTOCK_BRONZE
AVG,LATEST,balance_sheet,off_balance,0.0,ACTUAL,VNSTOCK_BRONZE
AVG,LATEST,balance_sheet,value,0.0,ACTUAL,VNSTOCK_BRONZE
AVG,LATEST,balance_sheet,order,79.0,ACTUAL,VNSTOCK_BRONZE
AVG,LATEST,balance_sheet,level,2.0,ACTUAL,VNSTOCK_BRONZE
AVG,LATEST,balance_sheet,off_balance,0.0,ACTUAL,VNSTOCK_BRONZE
AVG,LATEST,balance_sheet,value,0.0,ACTUAL,VNSTOCK_BRONZE
AVG,LATEST,balance_sheet,order,80.0,ACTUAL,VNSTOCK_BRONZE
AVG,LATEST,balance_sheet,level,2.0,ACTUAL,VNSTOCK_BRONZE
AVG,LATEST,balance_sheet,off_balance,0.0,ACTUAL,VNSTOCK_BRONZE
AVG,LATEST,balance_sheet,value,0.0,ACTUAL,VNSTOCK_BRONZE
AVG,LATEST,balance_sheet,order,81.0,ACTUAL,VNSTOCK_BRONZE
AVG,LATEST,balance_sheet,level,2.0,ACTUAL,VNSTOCK_BRONZE
AVG,LATEST,balance_sheet,off_balance,0.0,ACTUAL,VNSTOCK_BRONZE
AVG,LATEST,balance_sheet,value,0.0,ACTUAL,VNSTOCK_BRONZE
AVG,LATEST,balance_sheet,order,82.0,ACTUAL,VNSTOCK_BRONZE
AVG,LATEST,balance_sheet,level,1.0,ACTUAL,VNSTOCK_BRONZE
AVG,LATEST,balance_sheet,off_balance,0.0,ACTUAL,VNSTOCK_BRONZE
AVG,LATEST,balance_sheet,value,4605796377.0,ACTUAL,VNSTOCK_BRONZE
AVG,LATEST,balance_sheet,order,83.0,ACTUAL,VNSTOCK_BRONZE
AVG,LATEST,balance_sheet,level,2.0,ACTUAL,VNSTOCK_BRONZE
AVG,LATEST,balance_sheet,off_balance,0.0,ACTUAL,VNSTOCK_BRONZE
AVG,LATEST,balance_sheet,value,0.0,ACTUAL,VNSTOCK_BRONZE
AVG,LATEST,balance_sheet,order,84.0,ACTUAL,VNSTOCK_BRONZE
AVG,LATEST,balance_sheet,level,2.0,ACTUAL,VNSTOCK_BRONZE
AVG,LATEST,balance_sheet,off_balance,0.0,ACTUAL,VNSTOCK_BRONZE
AVG,LATEST,balance_sheet,order,85.0,ACTUAL,VNSTOCK_BRONZE
AVG,LATEST,balance_sheet,level,2.0,ACTUAL,VNSTOCK_BRONZE
AVG,LATEST,balance_sheet,off_balance,0.0,ACTUAL,VNSTOCK_BRONZE
AVG,LATEST,balance_sheet,value,0.0,ACTUAL,VNSTOCK_BRONZE
AVG,LATEST,balance_sheet,order,86.0,ACTUAL,VNSTOCK_BRONZE
AVG,LATEST,balance_sheet,level,2.0,ACTUAL,VNSTOCK_BRONZE
AVG,LATEST,balance_sheet,off_balance,0.0,ACTUAL,VNSTOCK_BRONZE
AVG,LATEST,balance_sheet,value,0.0,ACTUAL,VNSTOCK_BRONZE
AVG,LATEST,balance_sheet,order,87.0,ACTUAL,VNSTOCK_BRONZE
AVG,LATEST,balance_sheet,level,2.0,ACTUAL,VNSTOCK_BRONZE
AVG,LATEST,balance_sheet,off_balance,0.0,ACTUAL,VNSTOCK_BRONZE
AVG,LATEST,balance_sheet,value,0.0,ACTUAL,VNSTOCK_BRONZE
AVG,LATEST,balance_sheet,order,88.0,ACTUAL,VNSTOCK_BRONZE
AVG,LATEST,balance_sheet,level,2.0,ACTUAL,VNSTOCK_BRONZE
AVG,LATEST,balance_sheet,off_balance,0.0,ACTUAL,VNSTOCK_BRONZE
AVG,LATEST,balance_sheet,value,0.0,ACTUAL,VNSTOCK_BRONZE
AVG,LATEST,balance_sheet,order,89.0,ACTUAL,VNSTOCK_BRONZE
AVG,LATEST,balance_sheet,level,2.0,ACTUAL,VNSTOCK_BRONZE
AVG,LATEST,balance_sheet,off_balance,0.0,ACTUAL,VNSTOCK_BRONZE
AVG,LATEST,balance_sheet,value,0.0,ACTUAL,VNSTOCK_BRONZE
AVG,LATEST,balance_sheet,order,90.0,ACTUAL,VNSTOCK_BRONZE
AVG,LATEST,balance_sheet,level,2.0,ACTUAL,VNSTOCK_BRONZE
AVG,LATEST,balance_sheet,off_balance,0.0,ACTUAL,VNSTOCK_BRONZE
AVG,LATEST,balance_sheet,value,406931600.0,ACTUAL,VNSTOCK_BRONZE
AVG,LATEST,balance_sheet,order,91.0,ACTUAL,VNSTOCK_BRONZE
AVG,LATEST,balance_sheet,level,2.0,ACTUAL,VNSTOCK_BRONZE
AVG,LATEST,balance_sheet,off_balance,0.0,ACTUAL,VNSTOCK_BRONZE
AVG,LATEST,balance_sheet,value,4198864777.0,ACTUAL,VNSTOCK_BRONZE
AVG,LATEST,balance_sheet,order,92.0,ACTUAL,VNSTOCK_BRONZE
AVG,LATEST,balance_sheet,level,2.0,ACTUAL,VNSTOCK_BRONZE
AVG,LATEST,balance_sheet,off_balance,0.0,ACTUAL,VNSTOCK_BRONZE
AVG,LATEST,balance_sheet,value,0.0,ACTUAL,VNSTOCK_BRONZE
AVG,LATEST,balance_sheet,order,93.0,ACTUAL,VNSTOCK_BRONZE
AVG,LATEST,balance_sheet,level,2.0,ACTUAL,VNSTOCK_BRONZE
AVG,LATEST,balance_sheet,off_balance,0.0,ACTUAL,VNSTOCK_BRONZE
AVG,LATEST,balance_sheet,value,0.0,ACTUAL,VNSTOCK_BRONZE
AVG,LATEST,balance_sheet,order,94.0,ACTUAL,VNSTOCK_BRONZE
AVG,LATEST,balance_sheet,level,2.0,ACTUAL,VNSTOCK_BRONZE
AVG,LATEST,balance_sheet,off_balance,0.0,ACTUAL,VNSTOCK_BRONZE
AVG,LATEST,balance_sheet,value,0.0,ACTUAL,VNSTOCK_BRONZE
AVG,LATEST,balance_sheet,order,95.0,ACTUAL,VNSTOCK_BRONZE
AVG,LATEST,balance_sheet,level,2.0,ACTUAL,VNSTOCK_BRONZE
AVG,LATEST,balance_sheet,off_balance,0.0,ACTUAL,VNSTOCK_BRONZE
AVG,LATEST,balance_sheet,value,0.0,ACTUAL,VNSTOCK_BRONZE
AVG,LATEST,balance_sheet,order,96.0,ACTUAL,VNSTOCK_BRONZE
AVG,LATEST,balance_sheet,level,1.0,ACTUAL,VNSTOCK_BRONZE
AVG,LATEST,balance_sheet,off_balance,0.0,ACTUAL,VNSTOCK_BRONZE
AVG,LATEST,balance_sheet,value,232920735922.0,ACTUAL,VNSTOCK_BRONZE
AVG,LATEST,balance_sheet,order,97.0,ACTUAL,VNSTOCK_BRONZE
AVG,LATEST,balance_sheet,level,1.0,ACTUAL,VNSTOCK_BRONZE
AVG,LATEST,balance_sheet,off_balance,0.0,ACTUAL,VNSTOCK_BRONZE
AVG,LATEST,balance_sheet,value,232920735922.0,ACTUAL,VNSTOCK_BRONZE
AVG,LATEST,balance_sheet,order,98.0,ACTUAL,VNSTOCK_BRONZE
AVG,LATEST,balance_sheet,level,2.0,ACTUAL,VNSTOCK_BRONZE
AVG,LATEST,balance_sheet,off_balance,0.0,ACTUAL,VNSTOCK_BRONZE
AVG,LATEST,balance_sheet,value,0.0,ACTUAL,VNSTOCK_BRONZE
AVG,LATEST,balance_sheet,order,99.0,ACTUAL,VNSTOCK_BRONZE
AVG,LATEST,balance_sheet,level,2.0,ACTUAL,VNSTOCK_BRONZE
AVG,LATEST,balance_sheet,off_balance,0.0,ACTUAL,VNSTOCK_BRONZE
AVG,LATEST,balance_sheet,value,0.0,ACTUAL,VNSTOCK_BRONZE
AVG,LATEST,balance_sheet,order,100.0,ACTUAL,VNSTOCK_BRONZE
AVG,LATEST,balance_sheet,level,2.0,ACTUAL,VNSTOCK_BRONZE
AVG,LATEST,balance_sheet,off_balance,0.0,ACTUAL,VNSTOCK_BRONZE
AVG,LATEST,balance_sheet,value,0.0,ACTUAL,VNSTOCK_BRONZE
AVG,LATEST,balance_sheet,order,101.0,ACTUAL,VNSTOCK_BRONZE
AVG,LATEST,balance_sheet,level,2.0,ACTUAL,VNSTOCK_BRONZE
AVG,LATEST,balance_sheet,off_balance,0.0,ACTUAL,VNSTOCK_BRONZE
AVG,LATEST,balance_sheet,value,0.0,ACTUAL,VNSTOCK_BRONZE
AVG,LATEST,balance_sheet,order,102.0,ACTUAL,VNSTOCK_BRONZE
AVG,LATEST,balance_sheet,level,2.0,ACTUAL,VNSTOCK_BRONZE
AVG,LATEST,balance_sheet,off_balance,0.0,ACTUAL,VNSTOCK_BRONZE
AVG,LATEST,balance_sheet,value,176799820000.0,ACTUAL,VNSTOCK_BRONZE
AVG,LATEST,balance_sheet,order,103.0,ACTUAL,VNSTOCK_BRONZE
AVG,LATEST,balance_sheet,level,3.0,ACTUAL,VNSTOCK_BRONZE
AVG,LATEST,balance_sheet,off_balance,0.0,ACTUAL,VNSTOCK_BRONZE
AVG,LATEST,balance_sheet,value,176799820000.0,ACTUAL,VNSTOCK_BRONZE
AVG,LATEST,balance_sheet,order,104.0,ACTUAL,VNSTOCK_BRONZE
AVG,LATEST,balance_sheet,level,2.0,ACTUAL,VNSTOCK_BRONZE
AVG,LATEST,balance_sheet,off_balance,0.0,ACTUAL,VNSTOCK_BRONZE
AVG,LATEST,balance_sheet,value,0.0,ACTUAL,VNSTOCK_BRONZE
AVG,LATEST,balance_sheet,order,105.0,ACTUAL,VNSTOCK_BRONZE
AVG,LATEST,balance_sheet,level,2.0,ACTUAL,VNSTOCK_BRONZE
AVG,LATEST,balance_sheet,off_balance,0.0,ACTUAL,VNSTOCK_BRONZE
AVG,LATEST,balance_sheet,value,0.0,ACTUAL,VNSTOCK_BRONZE
AVG,LATEST,balance_sheet,order,106.0,ACTUAL,VNSTOCK_BRONZE
AVG,LATEST,balance_sheet,level,2.0,ACTUAL,VNSTOCK_BRONZE
AVG,LATEST,balance_sheet,off_balance,0.0,ACTUAL,VNSTOCK_BRONZE
AVG,LATEST,balance_sheet,value,0.0,ACTUAL,VNSTOCK_BRONZE
AVG,LATEST,balance_sheet,order,107.0,ACTUAL,VNSTOCK_BRONZE
AVG,LATEST,balance_sheet,level,2.0,ACTUAL,VNSTOCK_BRONZE
AVG,LATEST,balance_sheet,off_balance,0.0,ACTUAL,VNSTOCK_BRONZE
AVG,LATEST,balance_sheet,value,0.0,ACTUAL,VNSTOCK_BRONZE
AVG,LATEST,balance_sheet,order,108.0,ACTUAL,VNSTOCK_BRONZE
AVG,LATEST,balance_sheet,level,2.0,ACTUAL,VNSTOCK_BRONZE
AVG,LATEST,balance_sheet,off_balance,0.0,ACTUAL,VNSTOCK_BRONZE
AVG,LATEST,balance_sheet,value,0.0,ACTUAL,VNSTOCK_BRONZE
AVG,LATEST,balance_sheet,order,109.0,ACTUAL,VNSTOCK_BRONZE
AVG,LATEST,balance_sheet,level,2.0,ACTUAL,VNSTOCK_BRONZE
AVG,LATEST,balance_sheet,off_balance,0.0,ACTUAL,VNSTOCK_BRONZE
AVG,LATEST,balance_sheet,value,471167081.0,ACTUAL,VNSTOCK_BRONZE
AVG,LATEST,balance_sheet,order,110.0,ACTUAL,VNSTOCK_BRONZE
AVG,LATEST,balance_sheet,level,2.0,ACTUAL,VNSTOCK_BRONZE
AVG,LATEST,balance_sheet,off_balance,0.0,ACTUAL,VNSTOCK_BRONZE
AVG,LATEST,balance_sheet,value,0.0,ACTUAL,VNSTOCK_BRONZE
AVG,LATEST,balance_sheet,order,111.0,ACTUAL,VNSTOCK_BRONZE
AVG,LATEST,balance_sheet,level,2.0,ACTUAL,VNSTOCK_BRONZE
AVG,LATEST,balance_sheet,off_balance,0.0,ACTUAL,VNSTOCK_BRONZE
AVG,LATEST,balance_sheet,value,0.0,ACTUAL,VNSTOCK_BRONZE
AVG,LATEST,balance_sheet,order,112.0,ACTUAL,VNSTOCK_BRONZE
AVG,LATEST,balance_sheet,level,2.0,ACTUAL,VNSTOCK_BRONZE
AVG,LATEST,balance_sheet,off_balance,0.0,ACTUAL,VNSTOCK_BRONZE
AVG,LATEST,balance_sheet,value,52354738949.0,ACTUAL,VNSTOCK_BRONZE
AVG,LATEST,balance_sheet,order,113.0,ACTUAL,VNSTOCK_BRONZE
AVG,LATEST,balance_sheet,level,3.0,ACTUAL,VNSTOCK_BRONZE
AVG,LATEST,balance_sheet,off_balance,0.0,ACTUAL,VNSTOCK_BRONZE
AVG,LATEST,balance_sheet,value,46394041657.0,ACTUAL,VNSTOCK_BRONZE
AVG,LATEST,balance_sheet,order,114.0,ACTUAL,VNSTOCK_BRONZE
AVG,LATEST,balance_sheet,level,3.0,ACTUAL,VNSTOCK_BRONZE
AVG,LATEST,balance_sheet,off_balance,0.0,ACTUAL,VNSTOCK_BRONZE
AVG,LATEST,balance_sheet,value,5960697292.0,ACTUAL,VNSTOCK_BRONZE
AVG,LATEST,balance_sheet,order,115.0,ACTUAL,VNSTOCK_BRONZE
AVG,LATEST,balance_sheet,level,2.0,ACTUAL,VNSTOCK_BRONZE
AVG,LATEST,balance_sheet,off_balance,0.0,ACTUAL,VNSTOCK_BRONZE
AVG,LATEST,balance_sheet,value,3295009892.0,ACTUAL,VNSTOCK_BRONZE
AVG,LATEST,balance_sheet,order,116.0,ACTUAL,VNSTOCK_BRONZE
AVG,LATEST,balance_sheet,level,1.0,ACTUAL,VNSTOCK_BRONZE
AVG,LATEST,balance_sheet,off_balance,0.0,ACTUAL,VNSTOCK_BRONZE
AVG,LATEST,balance_sheet,value,0.0,ACTUAL,VNSTOCK_BRONZE
AVG,LATEST,balance_sheet,order,117.0,ACTUAL,VNSTOCK_BRONZE
AVG,LATEST,balance_sheet,level,2.0,ACTUAL,VNSTOCK_BRONZE
AVG,LATEST,balance_sheet,off_balance,0.0,ACTUAL,VNSTOCK_BRONZE
AVG,LATEST,balance_sheet,value,0.0,ACTUAL,VNSTOCK_BRONZE
AVG,LATEST,balance_sheet,order,118.0,ACTUAL,VNSTOCK_BRONZE
AVG,LATEST,balance_sheet,level,1.0,ACTUAL,VNSTOCK_BRONZE
AVG,LATEST,balance_sheet,off_balance,0.0,ACTUAL,VNSTOCK_BRONZE
AVG,LATEST,balance_sheet,value,410365687122.0,ACTUAL,VNSTOCK_BRONZE
AVG,LATEST,balance_sheet,order,1.0,ACTUAL,VNSTOCK_BRONZE
AVG,LATEST,balance_sheet,level,1.0,ACTUAL,VNSTOCK_BRONZE
AVG,LATEST,balance_sheet,off_balance,0.0,ACTUAL,VNSTOCK_BRONZE
AVG,LATEST,balance_sheet,value,212421494614.0,ACTUAL,VNSTOCK_BRONZE
AVG,LATEST,balance_sheet,order,2.0,ACTUAL,VNSTOCK_BRONZE
AVG,LATEST,balance_sheet,level,1.0,ACTUAL,VNSTOCK_BRONZE
AVG,LATEST,balance_sheet,off_balance,0.0,ACTUAL,VNSTOCK_BRONZE
AVG,LATEST,balance_sheet,value,25418977270.0,ACTUAL,VNSTOCK_BRONZE
AVG,LATEST,balance_sheet,order,3.0,ACTUAL,VNSTOCK_BRONZE
AVG,LATEST,balance_sheet,level,2.0,ACTUAL,VNSTOCK_BRONZE
AVG,LATEST,balance_sheet,off_balance,0.0,ACTUAL,VNSTOCK_BRONZE
AVG,LATEST,balance_sheet,value,25418977270.0,ACTUAL,VNSTOCK_BRONZE
AVG,LATEST,balance_sheet,order,4.0,ACTUAL,VNSTOCK_BRONZE
AVG,LATEST,balance_sheet,level,2.0,ACTUAL,VNSTOCK_BRONZE
AVG,LATEST,balance_sheet,off_balance,0.0,ACTUAL,VNSTOCK_BRONZE
AVG,LATEST,balance_sheet,value,0.0,ACTUAL,VNSTOCK_BRONZE
AVG,LATEST,balance_sheet,order,5.0,ACTUAL,VNSTOCK_BRONZE
AVG,LATEST,balance_sheet,level,1.0,ACTUAL,VNSTOCK_BRONZE
AVG,LATEST,balance_sheet,off_balance,0.0,ACTUAL,VNSTOCK_BRONZE
AVG,LATEST,balance_sheet,value,7761625000.0,ACTUAL,VNSTOCK_BRONZE
AVG,LATEST,balance_sheet,order,6.0,ACTUAL,VNSTOCK_BRONZE
AVG,LATEST,balance_sheet,level,2.0,ACTUAL,VNSTOCK_BRONZE
AVG,LATEST,balance_sheet,off_balance,0.0,ACTUAL,VNSTOCK_BRONZE
AVG,LATEST,balance_sheet,value,7761625000.0,ACTUAL,VNSTOCK_BRONZE
AVG,LATEST,balance_sheet,order,7.0,ACTUAL,VNSTOCK_BRONZE
AVG,LATEST,balance_sheet,level,2.0,ACTUAL,VNSTOCK_BRONZE
AVG,LATEST,balance_sheet,off_balance,0.0,ACTUAL,VNSTOCK_BRONZE
AVG,LATEST,balance_sheet,value,0.0,ACTUAL,VNSTOCK_BRONZE
AVG,LATEST,balance_sheet,order,8.0,ACTUAL,VNSTOCK_BRONZE
AVG,LATEST,balance_sheet,level,2.0,ACTUAL,VNSTOCK_BRONZE
AVG,LATEST,balance_sheet,off_balance,0.0,ACTUAL,VNSTOCK_BRONZE
AVG,LATEST,balance_sheet,value,0.0,ACTUAL,VNSTOCK_BRONZE
AVG,LATEST,balance_sheet,order,9.0,ACTUAL,VNSTOCK_BRONZE
AVG,LATEST,balance_sheet,level,1.0,ACTUAL,VNSTOCK_BRONZE
AVG,LATEST,balance_sheet,off_balance,0.0,ACTUAL,VNSTOCK_BRONZE
AVG,LATEST,balance_sheet,value,123535907476.0,ACTUAL,VNSTOCK_BRONZE
AVG,LATEST,balance_sheet,order,10.0,ACTUAL,VNSTOCK_BRONZE
AVG,LATEST,balance_sheet,level,2.0,ACTUAL,VNSTOCK_BRONZE
AVG,LATEST,balance_sheet,off_balance,0.0,ACTUAL,VNSTOCK_BRONZE
AVG,LATEST,balance_sheet,value,122815356916.0,ACTUAL,VNSTOCK_BRONZE
AVG,LATEST,balance_sheet,order,11.0,ACTUAL,VNSTOCK_BRONZE
AVG,LATEST,balance_sheet,level,2.0,ACTUAL,VNSTOCK_BRONZE
AVG,LATEST,balance_sheet,off_balance,0.0,ACTUAL,VNSTOCK_BRONZE
AVG,LATEST,balance_sheet,value,170000000.0,ACTUAL,VNSTOCK_BRONZE
AVG,LATEST,balance_sheet,order,12.0,ACTUAL,VNSTOCK_BRONZE
AVG,LATEST,balance_sheet,level,2.0,ACTUAL,VNSTOCK_BRONZE
AVG,LATEST,balance_sheet,off_balance,0.0,ACTUAL,VNSTOCK_BRONZE
AVG,LATEST,balance_sheet,value,0.0,ACTUAL,VNSTOCK_BRONZE
AVG,LATEST,balance_sheet,order,13.0,ACTUAL,VNSTOCK_BRONZE
AVG,LATEST,balance_sheet,level,2.0,ACTUAL,VNSTOCK_BRONZE
AVG,LATEST,balance_sheet,off_balance,0.0,ACTUAL,VNSTOCK_BRONZE
AVG,LATEST,balance_sheet,value,0.0,ACTUAL,VNSTOCK_BRONZE
AVG,LATEST,balance_sheet,order,14.0,ACTUAL,VNSTOCK_BRONZE
AVG,LATEST,balance_sheet,level,2.0,ACTUAL,VNSTOCK_BRONZE
AVG,LATEST,balance_sheet,off_balance,0.0,ACTUAL,VNSTOCK_BRONZE
AVG,LATEST,balance_sheet,value,0.0,ACTUAL,VNSTOCK_BRONZE
AVG,LATEST,balance_sheet,order,15.0,ACTUAL,VNSTOCK_BRONZE
AVG,LATEST,balance_sheet,level,2.0,ACTUAL,VNSTOCK_BRONZE
AVG,LATEST,balance_sheet,off_balance,0.0,ACTUAL,VNSTOCK_BRONZE
AVG,LATEST,balance_sheet,value,550550560.0,ACTUAL,VNSTOCK_BRONZE
AVG,LATEST,balance_sheet,order,16.0,ACTUAL,VNSTOCK_BRONZE
AVG,LATEST,balance_sheet,level,2.0,ACTUAL,VNSTOCK_BRONZE
AVG,LATEST,balance_sheet,off_balance,0.0,ACTUAL,VNSTOCK_BRONZE
AVG,LATEST,balance_sheet,value,0.0,ACTUAL,VNSTOCK_BRONZE
AVG,LATEST,balance_sheet,order,17.0,ACTUAL,VNSTOCK_BRONZE
AVG,LATEST,balance_sheet,level,2.0,ACTUAL,VNSTOCK_BRONZE
AVG,LATEST,balance_sheet,off_balance,0.0,ACTUAL,VNSTOCK_BRONZE
AVG,LATEST,balance_sheet,value,0.0,ACTUAL,VNSTOCK_BRONZE
AVG,LATEST,balance_sheet,order,18.0,ACTUAL,VNSTOCK_BRONZE
AVG,LATEST,balance_sheet,level,1.0,ACTUAL,VNSTOCK_BRONZE
AVG,LATEST,balance_sheet,off_balance,0.0,ACTUAL,VNSTOCK_BRONZE
AVG,LATEST,balance_sheet,value,52696130069.0,ACTUAL,VNSTOCK_BRONZE
AVG,LATEST,balance_sheet,order,19.0,ACTUAL,VNSTOCK_BRONZE
AVG,LATEST,balance_sheet,level,2.0,ACTUAL,VNSTOCK_BRONZE
AVG,LATEST,balance_sheet,off_balance,0.0,ACTUAL,VNSTOCK_BRONZE
AVG,LATEST,balance_sheet,value,52696130069.0,ACTUAL,VNSTOCK_BRONZE
AVG,LATEST,balance_sheet,order,20.0,ACTUAL,VNSTOCK_BRONZE
AVG,LATEST,balance_sheet,level,2.0,ACTUAL,VNSTOCK_BRONZE
AVG,LATEST,balance_sheet,off_balance,0.0,ACTUAL,VNSTOCK_BRONZE
AVG,LATEST,balance_sheet,value,0.0,ACTUAL,VNSTOCK_BRONZE
AVG,LATEST,balance_sheet,order,21.0,ACTUAL,VNSTOCK_BRONZE
AVG,LATEST,balance_sheet,level,1.0,ACTUAL,VNSTOCK_BRONZE
AVG,LATEST,balance_sheet,off_balance,0.0,ACTUAL,VNSTOCK_BRONZE
AVG,LATEST,balance_sheet,value,3008854799.0,ACTUAL,VNSTOCK_BRONZE
AVG,LATEST,balance_sheet,order,22.0,ACTUAL,VNSTOCK_BRONZE
AVG,LATEST,balance_sheet,level,2.0,ACTUAL,VNSTOCK_BRONZE
AVG,LATEST,balance_sheet,off_balance,0.0,ACTUAL,VNSTOCK_BRONZE
AVG,LATEST,balance_sheet,value,192976372.0,ACTUAL,VNSTOCK_BRONZE
AVG,LATEST,balance_sheet,order,23.0,ACTUAL,VNSTOCK_BRONZE
AVG,LATEST,balance_sheet,level,2.0,ACTUAL,VNSTOCK_BRONZE
AVG,LATEST,balance_sheet,off_balance,0.0,ACTUAL,VNSTOCK_BRONZE
AVG,LATEST,balance_sheet,value,2815878427.0,ACTUAL,VNSTOCK_BRONZE
AVG,LATEST,balance_sheet,order,24.0,ACTUAL,VNSTOCK_BRONZE
AVG,LATEST,balance_sheet,level,2.0,ACTUAL,VNSTOCK_BRONZE
AVG,LATEST,balance_sheet,off_balance,0.0,ACTUAL,VNSTOCK_BRONZE
AVG,LATEST,balance_sheet,value,0.0,ACTUAL,VNSTOCK_BRONZE
AVG,LATEST,balance_sheet,order,25.0,ACTUAL,VNSTOCK_BRONZE
AVG,LATEST,balance_sheet,level,2.0,ACTUAL,VNSTOCK_BRONZE
AVG,LATEST,balance_sheet,off_balance,0.0,ACTUAL,VNSTOCK_BRONZE
AVG,LATEST,balance_sheet,value,0.0,ACTUAL,VNSTOCK_BRONZE
AVG,LATEST,balance_sheet,order,26.0,ACTUAL,VNSTOCK_BRONZE
AVG,LATEST,balance_sheet,level,1.0,ACTUAL,VNSTOCK_BRONZE
AVG,LATEST,balance_sheet,off_balance,0.0,ACTUAL,VNSTOCK_BRONZE
AVG,LATEST,balance_sheet,value,191387963590.0,ACTUAL,VNSTOCK_BRONZE
AVG,LATEST,balance_sheet,order,27.0,ACTUAL,VNSTOCK_BRONZE
AVG,LATEST,balance_sheet,level,1.0,ACTUAL,VNSTOCK_BRONZE
AVG,LATEST,balance_sheet,off_balance,0.0,ACTUAL,VNSTOCK_BRONZE
AVG,LATEST,balance_sheet,value,0.0,ACTUAL,VNSTOCK_BRONZE
AVG,LATEST,balance_sheet,order,28.0,ACTUAL,VNSTOCK_BRONZE
AVG,LATEST,balance_sheet,level,2.0,ACTUAL,VNSTOCK_BRONZE
AVG,LATEST,balance_sheet,off_balance,0.0,ACTUAL,VNSTOCK_BRONZE
AVG,LATEST,balance_sheet,value,0.0,ACTUAL,VNSTOCK_BRONZE
AVG,LATEST,balance_sheet,order,29.0,ACTUAL,VNSTOCK_BRONZE
AVG,LATEST,balance_sheet,level,2.0,ACTUAL,VNSTOCK_BRONZE
AVG,LATEST,balance_sheet,off_balance,0.0,ACTUAL,VNSTOCK_BRONZE
AVG,LATEST,balance_sheet,value,0.0,ACTUAL,VNSTOCK_BRONZE
AVG,LATEST,balance_sheet,order,30.0,ACTUAL,VNSTOCK_BRONZE
AVG,LATEST,balance_sheet,level,2.0,ACTUAL,VNSTOCK_BRONZE
AVG,LATEST,balance_sheet,off_balance,0.0,ACTUAL,VNSTOCK_BRONZE
AVG,LATEST,balance_sheet,value,0.0,ACTUAL,VNSTOCK_BRONZE
AVG,LATEST,balance_sheet,order,31.0,ACTUAL,VNSTOCK_BRONZE
AVG,LATEST,balance_sheet,level,2.0,ACTUAL,VNSTOCK_BRONZE
AVG,LATEST,balance_sheet,off_balance,0.0,ACTUAL,VNSTOCK_BRONZE
AVG,LATEST,balance_sheet,value,0.0,ACTUAL,VNSTOCK_BRONZE
AVG,LATEST,balance_sheet,order,32.0,ACTUAL,VNSTOCK_BRONZE
AVG,LATEST,balance_sheet,level,2.0,ACTUAL,VNSTOCK_BRONZE
AVG,LATEST,balance_sheet,off_balance,0.0,ACTUAL,VNSTOCK_BRONZE
AVG,LATEST,balance_sheet,value,0.0,ACTUAL,VNSTOCK_BRONZE
AVG,LATEST,balance_sheet,order,33.0,ACTUAL,VNSTOCK_BRONZE
AVG,LATEST,balance_sheet,level,2.0,ACTUAL,VNSTOCK_BRONZE
AVG,LATEST,balance_sheet,off_balance,0.0,ACTUAL,VNSTOCK_BRONZE
AVG,LATEST,balance_sheet,value,-0.0,ACTUAL,VNSTOCK_BRONZE
AVG,LATEST,balance_sheet,order,34.0,ACTUAL,VNSTOCK_BRONZE
AVG,LATEST,balance_sheet,level,1.0,ACTUAL,VNSTOCK_BRONZE
AVG,LATEST,balance_sheet,off_balance,0.0,ACTUAL,VNSTOCK_BRONZE
AVG,LATEST,balance_sheet,value,92268743079.0,ACTUAL,VNSTOCK_BRONZE
AVG,LATEST,balance_sheet,order,35.0,ACTUAL,VNSTOCK_BRONZE
AVG,LATEST,balance_sheet,level,2.0,ACTUAL,VNSTOCK_BRONZE
AVG,LATEST,balance_sheet,off_balance,0.0,ACTUAL,VNSTOCK_BRONZE
AVG,LATEST,balance_sheet,value,63410898279.0,ACTUAL,VNSTOCK_BRONZE
AVG,LATEST,balance_sheet,order,36.0,ACTUAL,VNSTOCK_BRONZE
AVG,LATEST,balance_sheet,level,3.0,ACTUAL,VNSTOCK_BRONZE
AVG,LATEST,balance_sheet,off_balance,0.0,ACTUAL,VNSTOCK_BRONZE
AVG,LATEST,balance_sheet,value,81803315184.0,ACTUAL,VNSTOCK_BRONZE
AVG,LATEST,balance_sheet,order,37.0,ACTUAL,VNSTOCK_BRONZE
AVG,LATEST,balance_sheet,level,3.0,ACTUAL,VNSTOCK_BRONZE
AVG,LATEST,balance_sheet,off_balance,0.0,ACTUAL,VNSTOCK_BRONZE
AVG,LATEST,balance_sheet,value,-18392416905.0,ACTUAL,VNSTOCK_BRONZE
AVG,LATEST,balance_sheet,order,38.0,ACTUAL,VNSTOCK_BRONZE
AVG,LATEST,balance_sheet,level,2.0,ACTUAL,VNSTOCK_BRONZE
AVG,LATEST,balance_sheet,off_balance,0.0,ACTUAL,VNSTOCK_BRONZE
AVG,LATEST,balance_sheet,value,4315703014.0,ACTUAL,VNSTOCK_BRONZE
AVG,LATEST,balance_sheet,order,39.0,ACTUAL,VNSTOCK_BRONZE
AVG,LATEST,balance_sheet,level,3.0,ACTUAL,VNSTOCK_BRONZE
AVG,LATEST,balance_sheet,off_balance,0.0,ACTUAL,VNSTOCK_BRONZE
AVG,LATEST,balance_sheet,value,5265505600.0,ACTUAL,VNSTOCK_BRONZE
AVG,LATEST,balance_sheet,order,40.0,ACTUAL,VNSTOCK_BRONZE
AVG,LATEST,balance_sheet,level,3.0,ACTUAL,VNSTOCK_BRONZE
AVG,LATEST,balance_sheet,off_balance,0.0,ACTUAL,VNSTOCK_BRONZE
AVG,LATEST,balance_sheet,value,-949802586.0,ACTUAL,VNSTOCK_BRONZE
AVG,LATEST,balance_sheet,order,41.0,ACTUAL,VNSTOCK_BRONZE
AVG,LATEST,balance_sheet,level,2.0,ACTUAL,VNSTOCK_BRONZE
AVG,LATEST,balance_sheet,off_balance,0.0,ACTUAL,VNSTOCK_BRONZE
AVG,LATEST,balance_sheet,value,24542141786.0,ACTUAL,VNSTOCK_BRONZE
AVG,LATEST,balance_sheet,order,42.0,ACTUAL,VNSTOCK_BRONZE
AVG,LATEST,balance_sheet,level,3.0,ACTUAL,VNSTOCK_BRONZE
AVG,LATEST,balance_sheet,off_balance,0.0,ACTUAL,VNSTOCK_BRONZE
AVG,LATEST,balance_sheet,value,28677302852.0,ACTUAL,VNSTOCK_BRONZE
AVG,LATEST,balance_sheet,order,43.0,ACTUAL,VNSTOCK_BRONZE
AVG,LATEST,balance_sheet,level,3.0,ACTUAL,VNSTOCK_BRONZE
AVG,LATEST,balance_sheet,off_balance,0.0,ACTUAL,VNSTOCK_BRONZE
AVG,LATEST,balance_sheet,value,-4135161066.0,ACTUAL,VNSTOCK_BRONZE
AVG,LATEST,balance_sheet,order,44.0,ACTUAL,VNSTOCK_BRONZE
AVG,LATEST,balance_sheet,level,1.0,ACTUAL,VNSTOCK_BRONZE
AVG,LATEST,balance_sheet,off_balance,0.0,ACTUAL,VNSTOCK_BRONZE
AVG,LATEST,balance_sheet,value,77646662826.0,ACTUAL,VNSTOCK_BRONZE
AVG,LATEST,balance_sheet,order,45.0,ACTUAL,VNSTOCK_BRONZE
AVG,LATEST,balance_sheet,level,2.0,ACTUAL,VNSTOCK_BRONZE
AVG,LATEST,balance_sheet,off_balance,0.0,ACTUAL,VNSTOCK_BRONZE
AVG,LATEST,balance_sheet,value,91251885140.0,ACTUAL,VNSTOCK_BRONZE
AVG,LATEST,balance_sheet,order,46.0,ACTUAL,VNSTOCK_BRONZE
AVG,LATEST,balance_sheet,level,2.0,ACTUAL,VNSTOCK_BRONZE
AVG,LATEST,balance_sheet,off_balance,0.0,ACTUAL,VNSTOCK_BRONZE
AVG,LATEST,balance_sheet,value,-13605222314.0,ACTUAL,VNSTOCK_BRONZE
AVG,LATEST,balance_sheet,order,47.0,ACTUAL,VNSTOCK_BRONZE
AVG,LATEST,balance_sheet,level,1.0,ACTUAL,VNSTOCK_BRONZE
AVG,LATEST,balance_sheet,off_balance,0.0,ACTUAL,VNSTOCK_BRONZE
AVG,LATEST,balance_sheet,value,3098901081.0,ACTUAL,VNSTOCK_BRONZE
AVG,LATEST,balance_sheet,order,48.0,ACTUAL,VNSTOCK_BRONZE
AVG,LATEST,balance_sheet,level,2.0,ACTUAL,VNSTOCK_BRONZE
AVG,LATEST,balance_sheet,off_balance,0.0,ACTUAL,VNSTOCK_BRONZE
AVG,LATEST,balance_sheet,value,0.0,ACTUAL,VNSTOCK_BRONZE
AVG,LATEST,balance_sheet,order,49.0,ACTUAL,VNSTOCK_BRONZE
AVG,LATEST,balance_sheet,level,2.0,ACTUAL,VNSTOCK_BRONZE
AVG,LATEST,balance_sheet,off_balance,0.0,ACTUAL,VNSTOCK_BRONZE
AVG,LATEST,balance_sheet,value,3098901081.0,ACTUAL,VNSTOCK_BRONZE
AVG,LATEST,balance_sheet,order,50.0,ACTUAL,VNSTOCK_BRONZE
AVG,LATEST,balance_sheet,level,1.0,ACTUAL,VNSTOCK_BRONZE
AVG,LATEST,balance_sheet,off_balance,0.0,ACTUAL,VNSTOCK_BRONZE
AVG,LATEST,balance_sheet,value,0.0,ACTUAL,VNSTOCK_BRONZE
AVG,LATEST,balance_sheet,order,51.0,ACTUAL,VNSTOCK_BRONZE
AVG,LATEST,balance_sheet,level,2.0,ACTUAL,VNSTOCK_BRONZE
AVG,LATEST,balance_sheet,off_balance,0.0,ACTUAL,VNSTOCK_BRONZE
AVG,LATEST,balance_sheet,value,0.0,ACTUAL,VNSTOCK_BRONZE
AVG,LATEST,balance_sheet,order,52.0,ACTUAL,VNSTOCK_BRONZE
AVG,LATEST,balance_sheet,level,2.0,ACTUAL,VNSTOCK_BRONZE
AVG,LATEST,balance_sheet,off_balance,0.0,ACTUAL,VNSTOCK_BRONZE
AVG,LATEST,balance_sheet,value,0.0,ACTUAL,VNSTOCK_BRONZE
AVG,LATEST,balance_sheet,order,53.0,ACTUAL,VNSTOCK_BRONZE
AVG,LATEST,balance_sheet,level,2.0,ACTUAL,VNSTOCK_BRONZE
AVG,LATEST,balance_sheet,off_balance,0.0,ACTUAL,VNSTOCK_BRONZE
AVG,LATEST,balance_sheet,value,0.0,ACTUAL,VNSTOCK_BRONZE
AVG,LATEST,balance_sheet,order,54.0,ACTUAL,VNSTOCK_BRONZE
AVG,LATEST,balance_sheet,level,2.0,ACTUAL,VNSTOCK_BRONZE
AVG,LATEST,balance_sheet,off_balance,0.0,ACTUAL,VNSTOCK_BRONZE
AVG,LATEST,balance_sheet,value,0.0,ACTUAL,VNSTOCK_BRONZE
AVG,LATEST,balance_sheet,order,55.0,ACTUAL,VNSTOCK_BRONZE
AVG,LATEST,balance_sheet,level,2.0,ACTUAL,VNSTOCK_BRONZE
AVG,LATEST,balance_sheet,off_balance,0.0,ACTUAL,VNSTOCK_BRONZE
AVG,LATEST,balance_sheet,value,0.0,ACTUAL,VNSTOCK_BRONZE
AVG,LATEST,balance_sheet,order,56.0,ACTUAL,VNSTOCK_BRONZE
AVG,LATEST,balance_sheet,level,1.0,ACTUAL,VNSTOCK_BRONZE
AVG,LATEST,balance_sheet,off_balance,0.0,ACTUAL,VNSTOCK_BRONZE
AVG,LATEST,balance_sheet,value,18373656604.0,ACTUAL,VNSTOCK_BRONZE
AVG,LATEST,balance_sheet,order,57.0,ACTUAL,VNSTOCK_BRONZE
AVG,LATEST,balance_sheet,level,2.0,ACTUAL,VNSTOCK_BRONZE
AVG,LATEST,balance_sheet,off_balance,0.0,ACTUAL,VNSTOCK_BRONZE
AVG,LATEST,balance_sheet,value,0.0,ACTUAL,VNSTOCK_BRONZE
AVG,LATEST,balance_sheet,order,58.0,ACTUAL,VNSTOCK_BRONZE
AVG,LATEST,balance_sheet,level,2.0,ACTUAL,VNSTOCK_BRONZE
AVG,LATEST,balance_sheet,off_balance,0.0,ACTUAL,VNSTOCK_BRONZE
AVG,LATEST,balance_sheet,value,18373656604.0,ACTUAL,VNSTOCK_BRONZE
AVG,LATEST,balance_sheet,order,59.0,ACTUAL,VNSTOCK_BRONZE
AVG,LATEST,balance_sheet,level,2.0,ACTUAL,VNSTOCK_BRONZE
AVG,LATEST,balance_sheet,off_balance,0.0,ACTUAL,VNSTOCK_BRONZE
AVG,LATEST,balance_sheet,value,0.0,ACTUAL,VNSTOCK_BRONZE
AVG,LATEST,balance_sheet,order,60.0,ACTUAL,VNSTOCK_BRONZE
AVG,LATEST,balance_sheet,level,2.0,ACTUAL,VNSTOCK_BRONZE
AVG,LATEST,balance_sheet,off_balance,0.0,ACTUAL,VNSTOCK_BRONZE
AVG,LATEST,balance_sheet,value,0.0,ACTUAL,VNSTOCK_BRONZE
AVG,LATEST,balance_sheet,order,61.0,ACTUAL,VNSTOCK_BRONZE
AVG,LATEST,balance_sheet,level,2.0,ACTUAL,VNSTOCK_BRONZE
AVG,LATEST,balance_sheet,off_balance,0.0,ACTUAL,VNSTOCK_BRONZE
AVG,LATEST,balance_sheet,value,0.0,ACTUAL,VNSTOCK_BRONZE
AVG,LATEST,balance_sheet,order,62.0,ACTUAL,VNSTOCK_BRONZE
AVG,LATEST,balance_sheet,level,2.0,ACTUAL,VNSTOCK_BRONZE
AVG,LATEST,balance_sheet,off_balance,0.0,ACTUAL,VNSTOCK_BRONZE
AVG,LATEST,balance_sheet,value,0.0,ACTUAL,VNSTOCK_BRONZE
AVG,LATEST,balance_sheet,order,63.0,ACTUAL,VNSTOCK_BRONZE
AVG,LATEST,balance_sheet,level,1.0,ACTUAL,VNSTOCK_BRONZE
AVG,LATEST,balance_sheet,off_balance,0.0,ACTUAL,VNSTOCK_BRONZE
AVG,LATEST,balance_sheet,value,403809458204.0,ACTUAL,VNSTOCK_BRONZE
AVG,LATEST,balance_sheet,order,64.0,ACTUAL,VNSTOCK_BRONZE
AVG,LATEST,balance_sheet,level,1.0,ACTUAL,VNSTOCK_BRONZE
AVG,LATEST,balance_sheet,off_balance,0.0,ACTUAL,VNSTOCK_BRONZE
AVG,LATEST,balance_sheet,value,176879151179.0,ACTUAL,VNSTOCK_BRONZE
AVG,LATEST,balance_sheet,order,65.0,ACTUAL,VNSTOCK_BRONZE
AVG,LATEST,balance_sheet,level,1.0,ACTUAL,VNSTOCK_BRONZE
AVG,LATEST,balance_sheet,off_balance,0.0,ACTUAL,VNSTOCK_BRONZE
AVG,LATEST,balance_sheet,value,172273354802.0,ACTUAL,VNSTOCK_BRONZE
AVG,LATEST,balance_sheet,order,66.0,ACTUAL,VNSTOCK_BRONZE
AVG,LATEST,balance_sheet,level,2.0,ACTUAL,VNSTOCK_BRONZE
AVG,LATEST,balance_sheet,off_balance,0.0,ACTUAL,VNSTOCK_BRONZE
AVG,LATEST,balance_sheet,value,0.0,ACTUAL,VNSTOCK_BRONZE
AVG,LATEST,balance_sheet,order,67.0,ACTUAL,VNSTOCK_BRONZE
AVG,LATEST,balance_sheet,level,2.0,ACTUAL,VNSTOCK_BRONZE
AVG,LATEST,balance_sheet,off_balance,0.0,ACTUAL,VNSTOCK_BRONZE
AVG,LATEST,balance_sheet,value,0.0,ACTUAL,VNSTOCK_BRONZE
AVG,LATEST,balance_sheet,order,68.0,ACTUAL,VNSTOCK_BRONZE
AVG,LATEST,balance_sheet,level,2.0,ACTUAL,VNSTOCK_BRONZE
AVG,LATEST,balance_sheet,off_balance,0.0,ACTUAL,VNSTOCK_BRONZE
AVG,LATEST,balance_sheet,value,0.0,ACTUAL,VNSTOCK_BRONZE
AVG,LATEST,balance_sheet,order,69.0,ACTUAL,VNSTOCK_BRONZE
AVG,LATEST,balance_sheet,level,2.0,ACTUAL,VNSTOCK_BRONZE
AVG,LATEST,balance_sheet,off_balance,0.0,ACTUAL,VNSTOCK_BRONZE
AVG,LATEST,balance_sheet,value,20900075156.0,ACTUAL,VNSTOCK_BRONZE
AVG,LATEST,balance_sheet,order,70.0,ACTUAL,VNSTOCK_BRONZE
AVG,LATEST,balance_sheet,level,2.0,ACTUAL,VNSTOCK_BRONZE
AVG,LATEST,balance_sheet,off_balance,0.0,ACTUAL,VNSTOCK_BRONZE
AVG,LATEST,balance_sheet,value,1000000.0,ACTUAL,VNSTOCK_BRONZE
AVG,LATEST,balance_sheet,order,71.0,ACTUAL,VNSTOCK_BRONZE
AVG,LATEST,balance_sheet,level,2.0,ACTUAL,VNSTOCK_BRONZE
AVG,LATEST,balance_sheet,off_balance,0.0,ACTUAL,VNSTOCK_BRONZE
AVG,LATEST,balance_sheet,value,754460342.0,ACTUAL,VNSTOCK_BRONZE
AVG,LATEST,balance_sheet,order,72.0,ACTUAL,VNSTOCK_BRONZE
AVG,LATEST,balance_sheet,level,2.0,ACTUAL,VNSTOCK_BRONZE
AVG,LATEST,balance_sheet,off_balance,0.0,ACTUAL,VNSTOCK_BRONZE
AVG,LATEST,balance_sheet,value,611545830.0,ACTUAL,VNSTOCK_BRONZE
AVG,LATEST,balance_sheet,order,73.0,ACTUAL,VNSTOCK_BRONZE
AVG,LATEST,balance_sheet,level,2.0,ACTUAL,VNSTOCK_BRONZE
AVG,LATEST,balance_sheet,off_balance,0.0,ACTUAL,VNSTOCK_BRONZE
AVG,LATEST,balance_sheet,value,478186897.0,ACTUAL,VNSTOCK_BRONZE
AVG,LATEST,balance_sheet,order,74.0,ACTUAL,VNSTOCK_BRONZE
AVG,LATEST,balance_sheet,level,2.0,ACTUAL,VNSTOCK_BRONZE
AVG,LATEST,balance_sheet,off_balance,0.0,ACTUAL,VNSTOCK_BRONZE
AVG,LATEST,balance_sheet,value,0.0,ACTUAL,VNSTOCK_BRONZE
AVG,LATEST,balance_sheet,order,75.0,ACTUAL,VNSTOCK_BRONZE
AVG,LATEST,balance_sheet,level,2.0,ACTUAL,VNSTOCK_BRONZE
AVG,LATEST,balance_sheet,off_balance,0.0,ACTUAL,VNSTOCK_BRONZE
AVG,LATEST,balance_sheet,value,0.0,ACTUAL,VNSTOCK_BRONZE
AVG,LATEST,balance_sheet,order,76.0,ACTUAL,VNSTOCK_BRONZE
AVG,LATEST,balance_sheet,level,2.0,ACTUAL,VNSTOCK_BRONZE
AVG,LATEST,balance_sheet,off_balance,0.0,ACTUAL,VNSTOCK_BRONZE
AVG,LATEST,balance_sheet,value,312000000.0,ACTUAL,VNSTOCK_BRONZE
AVG,LATEST,balance_sheet,order,77.0,ACTUAL,VNSTOCK_BRONZE
AVG,LATEST,balance_sheet,level,2.0,ACTUAL,VNSTOCK_BRONZE
AVG,LATEST,balance_sheet,off_balance,0.0,ACTUAL,VNSTOCK_BRONZE
AVG,LATEST,balance_sheet,value,149216086577.0,ACTUAL,VNSTOCK_BRONZE
AVG,LATEST,balance_sheet,order,78.0,ACTUAL,VNSTOCK_BRONZE
AVG,LATEST,balance_sheet,level,2.0,ACTUAL,VNSTOCK_BRONZE
AVG,LATEST,balance_sheet,off_balance,0.0,ACTUAL,VNSTOCK_BRONZE
AVG,LATEST,balance_sheet,value,0.0,ACTUAL,VNSTOCK_BRONZE
AVG,LATEST,balance_sheet,order,79.0,ACTUAL,VNSTOCK_BRONZE
AVG,LATEST,balance_sheet,level,2.0,ACTUAL,VNSTOCK_BRONZE
AVG,LATEST,balance_sheet,off_balance,0.0,ACTUAL,VNSTOCK_BRONZE
AVG,LATEST,balance_sheet,value,0.0,ACTUAL,VNSTOCK_BRONZE
AVG,LATEST,balance_sheet,order,80.0,ACTUAL,VNSTOCK_BRONZE
AVG,LATEST,balance_sheet,level,2.0,ACTUAL,VNSTOCK_BRONZE
AVG,LATEST,balance_sheet,off_balance,0.0,ACTUAL,VNSTOCK_BRONZE
AVG,LATEST,balance_sheet,value,0.0,ACTUAL,VNSTOCK_BRONZE
AVG,LATEST,balance_sheet,order,81.0,ACTUAL,VNSTOCK_BRONZE
AVG,LATEST,balance_sheet,level,2.0,ACTUAL,VNSTOCK_BRONZE
AVG,LATEST,balance_sheet,off_balance,0.0,ACTUAL,VNSTOCK_BRONZE
AVG,LATEST,balance_sheet,value,0.0,ACTUAL,VNSTOCK_BRONZE
AVG,LATEST,balance_sheet,order,82.0,ACTUAL,VNSTOCK_BRONZE
AVG,LATEST,balance_sheet,level,1.0,ACTUAL,VNSTOCK_BRONZE
AVG,LATEST,balance_sheet,off_balance,0.0,ACTUAL,VNSTOCK_BRONZE
AVG,LATEST,balance_sheet,value,4605796377.0,ACTUAL,VNSTOCK_BRONZE
AVG,LATEST,balance_sheet,order,83.0,ACTUAL,VNSTOCK_BRONZE
AVG,LATEST,balance_sheet,level,2.0,ACTUAL,VNSTOCK_BRONZE
AVG,LATEST,balance_sheet,off_balance,0.0,ACTUAL,VNSTOCK_BRONZE
AVG,LATEST,balance_sheet,value,0.0,ACTUAL,VNSTOCK_BRONZE
AVG,LATEST,balance_sheet,order,84.0,ACTUAL,VNSTOCK_BRONZE
AVG,LATEST,balance_sheet,level,2.0,ACTUAL,VNSTOCK_BRONZE
AVG,LATEST,balance_sheet,off_balance,0.0,ACTUAL,VNSTOCK_BRONZE
AVG,LATEST,balance_sheet,order,85.0,ACTUAL,VNSTOCK_BRONZE
AVG,LATEST,balance_sheet,level,2.0,ACTUAL,VNSTOCK_BRONZE
AVG,LATEST,balance_sheet,off_balance,0.0,ACTUAL,VNSTOCK_BRONZE
AVG,LATEST,balance_sheet,value,0.0,ACTUAL,VNSTOCK_BRONZE
AVG,LATEST,balance_sheet,order,86.0,ACTUAL,VNSTOCK_BRONZE
AVG,LATEST,balance_sheet,level,2.0,ACTUAL,VNSTOCK_BRONZE
AVG,LATEST,balance_sheet,off_balance,0.0,ACTUAL,VNSTOCK_BRONZE
AVG,LATEST,balance_sheet,value,0.0,ACTUAL,VNSTOCK_BRONZE
AVG,LATEST,balance_sheet,order,87.0,ACTUAL,VNSTOCK_BRONZE
AVG,LATEST,balance_sheet,level,2.0,ACTUAL,VNSTOCK_BRONZE
AVG,LATEST,balance_sheet,off_balance,0.0,ACTUAL,VNSTOCK_BRONZE
AVG,LATEST,balance_sheet,value,0.0,ACTUAL,VNSTOCK_BRONZE
AVG,LATEST,balance_sheet,order,88.0,ACTUAL,VNSTOCK_BRONZE
AVG,LATEST,balance_sheet,level,2.0,ACTUAL,VNSTOCK_BRONZE
AVG,LATEST,balance_sheet,off_balance,0.0,ACTUAL,VNSTOCK_BRONZE
AVG,LATEST,balance_sheet,value,0.0,ACTUAL,VNSTOCK_BRONZE
AVG,LATEST,balance_sheet,order,89.0,ACTUAL,VNSTOCK_BRONZE
AVG,LATEST,balance_sheet,level,2.0,ACTUAL,VNSTOCK_BRONZE
AVG,LATEST,balance_sheet,off_balance,0.0,ACTUAL,VNSTOCK_BRONZE
AVG,LATEST,balance_sheet,value,0.0,ACTUAL,VNSTOCK_BRONZE
AVG,LATEST,balance_sheet,order,90.0,ACTUAL,VNSTOCK_BRONZE
AVG,LATEST,balance_sheet,level,2.0,ACTUAL,VNSTOCK_BRONZE
AVG,LATEST,balance_sheet,off_balance,0.0,ACTUAL,VNSTOCK_BRONZE
AVG,LATEST,balance_sheet,value,406931600.0,ACTUAL,VNSTOCK_BRONZE
AVG,LATEST,balance_sheet,order,91.0,ACTUAL,VNSTOCK_BRONZE
AVG,LATEST,balance_sheet,level,2.0,ACTUAL,VNSTOCK_BRONZE
AVG,LATEST,balance_sheet,off_balance,0.0,ACTUAL,VNSTOCK_BRONZE
AVG,LATEST,balance_sheet,value,4198864777.0,ACTUAL,VNSTOCK_BRONZE
AVG,LATEST,balance_sheet,order,92.0,ACTUAL,VNSTOCK_BRONZE
AVG,LATEST,balance_sheet,level,2.0,ACTUAL,VNSTOCK_BRONZE
AVG,LATEST,balance_sheet,off_balance,0.0,ACTUAL,VNSTOCK_BRONZE
AVG,LATEST,balance_sheet,value,0.0,ACTUAL,VNSTOCK_BRONZE
AVG,LATEST,balance_sheet,order,93.0,ACTUAL,VNSTOCK_BRONZE
AVG,LATEST,balance_sheet,level,2.0,ACTUAL,VNSTOCK_BRONZE
AVG,LATEST,balance_sheet,off_balance,0.0,ACTUAL,VNSTOCK_BRONZE
AVG,LATEST,balance_sheet,value,0.0,ACTUAL,VNSTOCK_BRONZE
AVG,LATEST,balance_sheet,order,94.0,ACTUAL,VNSTOCK_BRONZE
AVG,LATEST,balance_sheet,level,2.0,ACTUAL,VNSTOCK_BRONZE
AVG,LATEST,balance_sheet,off_balance,0.0,ACTUAL,VNSTOCK_BRONZE
AVG,LATEST,balance_sheet,value,0.0,ACTUAL,VNSTOCK_BRONZE
AVG,LATEST,balance_sheet,order,95.0,ACTUAL,VNSTOCK_BRONZE
AVG,LATEST,balance_sheet,level,2.0,ACTUAL,VNSTOCK_BRONZE
AVG,LATEST,balance_sheet,off_balance,0.0,ACTUAL,VNSTOCK_BRONZE
AVG,LATEST,balance_sheet,value,0.0,ACTUAL,VNSTOCK_BRONZE
AVG,LATEST,balance_sheet,order,96.0,ACTUAL,VNSTOCK_BRONZE
AVG,LATEST,balance_sheet,level,1.0,ACTUAL,VNSTOCK_BRONZE
AVG,LATEST,balance_sheet,off_balance,0.0,ACTUAL,VNSTOCK_BRONZE
AVG,LATEST,balance_sheet,value,226930307025.0,ACTUAL,VNSTOCK_BRONZE
AVG,LATEST,balance_sheet,order,97.0,ACTUAL,VNSTOCK_BRONZE
AVG,LATEST,balance_sheet,level,1.0,ACTUAL,VNSTOCK_BRONZE
AVG,LATEST,balance_sheet,off_balance,0.0,ACTUAL,VNSTOCK_BRONZE
AVG,LATEST,balance_sheet,value,226930307025.0,ACTUAL,VNSTOCK_BRONZE
AVG,LATEST,balance_sheet,order,98.0,ACTUAL,VNSTOCK_BRONZE
AVG,LATEST,balance_sheet,level,2.0,ACTUAL,VNSTOCK_BRONZE
AVG,LATEST,balance_sheet,off_balance,0.0,ACTUAL,VNSTOCK_BRONZE
AVG,LATEST,balance_sheet,value,0.0,ACTUAL,VNSTOCK_BRONZE
AVG,LATEST,balance_sheet,order,99.0,ACTUAL,VNSTOCK_BRONZE
AVG,LATEST,balance_sheet,level,2.0,ACTUAL,VNSTOCK_BRONZE
AVG,LATEST,balance_sheet,off_balance,0.0,ACTUAL,VNSTOCK_BRONZE
AVG,LATEST,balance_sheet,value,0.0,ACTUAL,VNSTOCK_BRONZE
AVG,LATEST,balance_sheet,order,100.0,ACTUAL,VNSTOCK_BRONZE
AVG,LATEST,balance_sheet,level,2.0,ACTUAL,VNSTOCK_BRONZE
AVG,LATEST,balance_sheet,off_balance,0.0,ACTUAL,VNSTOCK_BRONZE
AVG,LATEST,balance_sheet,value,0.0,ACTUAL,VNSTOCK_BRONZE
AVG,LATEST,balance_sheet,order,101.0,ACTUAL,VNSTOCK_BRONZE
AVG,LATEST,balance_sheet,level,2.0,ACTUAL,VNSTOCK_BRONZE
AVG,LATEST,balance_sheet,off_balance,0.0,ACTUAL,VNSTOCK_BRONZE
AVG,LATEST,balance_sheet,value,0.0,ACTUAL,VNSTOCK_BRONZE
AVG,LATEST,balance_sheet,order,102.0,ACTUAL,VNSTOCK_BRONZE
AVG,LATEST,balance_sheet,level,2.0,ACTUAL,VNSTOCK_BRONZE
AVG,LATEST,balance_sheet,off_balance,0.0,ACTUAL,VNSTOCK_BRONZE
AVG,LATEST,balance_sheet,value,176799820000.0,ACTUAL,VNSTOCK_BRONZE
AVG,LATEST,balance_sheet,order,103.0,ACTUAL,VNSTOCK_BRONZE
AVG,LATEST,balance_sheet,level,3.0,ACTUAL,VNSTOCK_BRONZE
AVG,LATEST,balance_sheet,off_balance,0.0,ACTUAL,VNSTOCK_BRONZE
AVG,LATEST,balance_sheet,value,176799820000.0,ACTUAL,VNSTOCK_BRONZE
AVG,LATEST,balance_sheet,order,104.0,ACTUAL,VNSTOCK_BRONZE
AVG,LATEST,balance_sheet,level,2.0,ACTUAL,VNSTOCK_BRONZE
AVG,LATEST,balance_sheet,off_balance,0.0,ACTUAL,VNSTOCK_BRONZE
AVG,LATEST,balance_sheet,value,0.0,ACTUAL,VNSTOCK_BRONZE
AVG,LATEST,balance_sheet,order,105.0,ACTUAL,VNSTOCK_BRONZE
AVG,LATEST,balance_sheet,level,2.0,ACTUAL,VNSTOCK_BRONZE
AVG,LATEST,balance_sheet,off_balance,0.0,ACTUAL,VNSTOCK_BRONZE
AVG,LATEST,balance_sheet,value,0.0,ACTUAL,VNSTOCK_BRONZE
AVG,LATEST,balance_sheet,order,106.0,ACTUAL,VNSTOCK_BRONZE
AVG,LATEST,balance_sheet,level,2.0,ACTUAL,VNSTOCK_BRONZE
AVG,LATEST,balance_sheet,off_balance,0.0,ACTUAL,VNSTOCK_BRONZE
AVG,LATEST,balance_sheet,value,0.0,ACTUAL,VNSTOCK_BRONZE
AVG,LATEST,balance_sheet,order,107.0,ACTUAL,VNSTOCK_BRONZE
AVG,LATEST,balance_sheet,level,2.0,ACTUAL,VNSTOCK_BRONZE
AVG,LATEST,balance_sheet,off_balance,0.0,ACTUAL,VNSTOCK_BRONZE
AVG,LATEST,balance_sheet,value,0.0,ACTUAL,VNSTOCK_BRONZE
AVG,LATEST,balance_sheet,order,108.0,ACTUAL,VNSTOCK_BRONZE
AVG,LATEST,balance_sheet,level,2.0,ACTUAL,VNSTOCK_BRONZE
AVG,LATEST,balance_sheet,off_balance,0.0,ACTUAL,VNSTOCK_BRONZE
AVG,LATEST,balance_sheet,value,0.0,ACTUAL,VNSTOCK_BRONZE
AVG,LATEST,balance_sheet,order,109.0,ACTUAL,VNSTOCK_BRONZE
AVG,LATEST,balance_sheet,level,2.0,ACTUAL,VNSTOCK_BRONZE
AVG,LATEST,balance_sheet,off_balance,0.0,ACTUAL,VNSTOCK_BRONZE
AVG,LATEST,balance_sheet,value,471167081.0,ACTUAL,VNSTOCK_BRONZE
AVG,LATEST,balance_sheet,order,110.0,ACTUAL,VNSTOCK_BRONZE
AVG,LATEST,balance_sheet,level,2.0,ACTUAL,VNSTOCK_BRONZE
AVG,LATEST,balance_sheet,off_balance,0.0,ACTUAL,VNSTOCK_BRONZE
AVG,LATEST,balance_sheet,value,0.0,ACTUAL,VNSTOCK_BRONZE
AVG,LATEST,balance_sheet,order,111.0,ACTUAL,VNSTOCK_BRONZE
AVG,LATEST,balance_sheet,level,2.0,ACTUAL,VNSTOCK_BRONZE
AVG,LATEST,balance_sheet,off_balance,0.0,ACTUAL,VNSTOCK_BRONZE
AVG,LATEST,balance_sheet,value,0.0,ACTUAL,VNSTOCK_BRONZE
AVG,LATEST,balance_sheet,order,112.0,ACTUAL,VNSTOCK_BRONZE
AVG,LATEST,balance_sheet,level,2.0,ACTUAL,VNSTOCK_BRONZE
AVG,LATEST,balance_sheet,off_balance,0.0,ACTUAL,VNSTOCK_BRONZE
AVG,LATEST,balance_sheet,value,46398201494.0,ACTUAL,VNSTOCK_BRONZE
AVG,LATEST,balance_sheet,order,113.0,ACTUAL,VNSTOCK_BRONZE
AVG,LATEST,balance_sheet,level,3.0,ACTUAL,VNSTOCK_BRONZE
AVG,LATEST,balance_sheet,off_balance,0.0,ACTUAL,VNSTOCK_BRONZE
AVG,LATEST,balance_sheet,value,33701562446.0,ACTUAL,VNSTOCK_BRONZE
AVG,LATEST,balance_sheet,order,114.0,ACTUAL,VNSTOCK_BRONZE
AVG,LATEST,balance_sheet,level,3.0,ACTUAL,VNSTOCK_BRONZE
AVG,LATEST,balance_sheet,off_balance,0.0,ACTUAL,VNSTOCK_BRONZE
AVG,LATEST,balance_sheet,value,12696639048.0,ACTUAL,VNSTOCK_BRONZE
AVG,LATEST,balance_sheet,order,115.0,ACTUAL,VNSTOCK_BRONZE
AVG,LATEST,balance_sheet,level,2.0,ACTUAL,VNSTOCK_BRONZE
AVG,LATEST,balance_sheet,off_balance,0.0,ACTUAL,VNSTOCK_BRONZE
AVG,LATEST,balance_sheet,value,3261118450.0,ACTUAL,VNSTOCK_BRONZE
AVG,LATEST,balance_sheet,order,116.0,ACTUAL,VNSTOCK_BRONZE
AVG,LATEST,balance_sheet,level,1.0,ACTUAL,VNSTOCK_BRONZE
AVG,LATEST,balance_sheet,off_balance,0.0,ACTUAL,VNSTOCK_BRONZE
AVG,LATEST,balance_sheet,value,0.0,ACTUAL,VNSTOCK_BRONZE
AVG,LATEST,balance_sheet,order,117.0,ACTUAL,VNSTOCK_BRONZE
AVG,LATEST,balance_sheet,level,2.0,ACTUAL,VNSTOCK_BRONZE
AVG,LATEST,balance_sheet,off_balance,0.0,ACTUAL,VNSTOCK_BRONZE
AVG,LATEST,balance_sheet,value,0.0,ACTUAL,VNSTOCK_BRONZE
AVG,LATEST,balance_sheet,order,118.0,ACTUAL,VNSTOCK_BRONZE
AVG,LATEST,balance_sheet,level,1.0,ACTUAL,VNSTOCK_BRONZE
AVG,LATEST,balance_sheet,off_balance,0.0,ACTUAL,VNSTOCK_BRONZE
AVG,LATEST,balance_sheet,value,403809458204.0,ACTUAL,VNSTOCK_BRONZE
AVG,LATEST,balance_sheet,order,1.0,ACTUAL,VNSTOCK_BRONZE
AVG,LATEST,balance_sheet,level,1.0,ACTUAL,VNSTOCK_BRONZE
AVG,LATEST,balance_sheet,off_balance,0.0,ACTUAL,VNSTOCK_BRONZE
AVG,LATEST,balance_sheet,value,222673543669.0,ACTUAL,VNSTOCK_BRONZE
AVG,LATEST,balance_sheet,order,2.0,ACTUAL,VNSTOCK_BRONZE
AVG,LATEST,balance_sheet,level,1.0,ACTUAL,VNSTOCK_BRONZE
AVG,LATEST,balance_sheet,off_balance,0.0,ACTUAL,VNSTOCK_BRONZE
AVG,LATEST,balance_sheet,value,19921217965.0,ACTUAL,VNSTOCK_BRONZE
AVG,LATEST,balance_sheet,order,3.0,ACTUAL,VNSTOCK_BRONZE
AVG,LATEST,balance_sheet,level,2.0,ACTUAL,VNSTOCK_BRONZE
AVG,LATEST,balance_sheet,off_balance,0.0,ACTUAL,VNSTOCK_BRONZE
AVG,LATEST,balance_sheet,value,19921217965.0,ACTUAL,VNSTOCK_BRONZE
AVG,LATEST,balance_sheet,order,4.0,ACTUAL,VNSTOCK_BRONZE
AVG,LATEST,balance_sheet,level,2.0,ACTUAL,VNSTOCK_BRONZE
AVG,LATEST,balance_sheet,off_balance,0.0,ACTUAL,VNSTOCK_BRONZE
AVG,LATEST,balance_sheet,value,0.0,ACTUAL,VNSTOCK_BRONZE
AVG,LATEST,balance_sheet,order,5.0,ACTUAL,VNSTOCK_BRONZE
AVG,LATEST,balance_sheet,level,1.0,ACTUAL,VNSTOCK_BRONZE
AVG,LATEST,balance_sheet,off_balance,0.0,ACTUAL,VNSTOCK_BRONZE
AVG,LATEST,balance_sheet,value,0.0,ACTUAL,VNSTOCK_BRONZE
AVG,LATEST,balance_sheet,order,6.0,ACTUAL,VNSTOCK_BRONZE
AVG,LATEST,balance_sheet,level,2.0,ACTUAL,VNSTOCK_BRONZE
AVG,LATEST,balance_sheet,off_balance,0.0,ACTUAL,VNSTOCK_BRONZE
AVG,LATEST,balance_sheet,value,0.0,ACTUAL,VNSTOCK_BRONZE
AVG,LATEST,balance_sheet,order,7.0,ACTUAL,VNSTOCK_BRONZE
AVG,LATEST,balance_sheet,level,2.0,ACTUAL,VNSTOCK_BRONZE
AVG,LATEST,balance_sheet,off_balance,0.0,ACTUAL,VNSTOCK_BRONZE
AVG,LATEST,balance_sheet,value,0.0,ACTUAL,VNSTOCK_BRONZE
AVG,LATEST,balance_sheet,order,8.0,ACTUAL,VNSTOCK_BRONZE
AVG,LATEST,balance_sheet,level,2.0,ACTUAL,VNSTOCK_BRONZE
AVG,LATEST,balance_sheet,off_balance,0.0,ACTUAL,VNSTOCK_BRONZE
AVG,LATEST,balance_sheet,value,0.0,ACTUAL,VNSTOCK_BRONZE
AVG,LATEST,balance_sheet,order,9.0,ACTUAL,VNSTOCK_BRONZE
AVG,LATEST,balance_sheet,level,1.0,ACTUAL,VNSTOCK_BRONZE
AVG,LATEST,balance_sheet,off_balance,0.0,ACTUAL,VNSTOCK_BRONZE
AVG,LATEST,balance_sheet,value,125515870772.0,ACTUAL,VNSTOCK_BRONZE
AVG,LATEST,balance_sheet,order,10.0,ACTUAL,VNSTOCK_BRONZE
AVG,LATEST,balance_sheet,level,2.0,ACTUAL,VNSTOCK_BRONZE
AVG,LATEST,balance_sheet,off_balance,0.0,ACTUAL,VNSTOCK_BRONZE
AVG,LATEST,balance_sheet,value,105583421019.0,ACTUAL,VNSTOCK_BRONZE
AVG,LATEST,balance_sheet,order,11.0,ACTUAL,VNSTOCK_BRONZE
AVG,LATEST,balance_sheet,level,2.0,ACTUAL,VNSTOCK_BRONZE
AVG,LATEST,balance_sheet,off_balance,0.0,ACTUAL,VNSTOCK_BRONZE
AVG,LATEST,balance_sheet,value,5375781385.0,ACTUAL,VNSTOCK_BRONZE
AVG,LATEST,balance_sheet,order,12.0,ACTUAL,VNSTOCK_BRONZE
AVG,LATEST,balance_sheet,level,2.0,ACTUAL,VNSTOCK_BRONZE
AVG,LATEST,balance_sheet,off_balance,0.0,ACTUAL,VNSTOCK_BRONZE
AVG,LATEST,balance_sheet,value,0.0,ACTUAL,VNSTOCK_BRONZE
AVG,LATEST,balance_sheet,order,13.0,ACTUAL,VNSTOCK_BRONZE
AVG,LATEST,balance_sheet,level,2.0,ACTUAL,VNSTOCK_BRONZE
AVG,LATEST,balance_sheet,off_balance,0.0,ACTUAL,VNSTOCK_BRONZE
AVG,LATEST,balance_sheet,value,0.0,ACTUAL,VNSTOCK_BRONZE
AVG,LATEST,balance_sheet,order,14.0,ACTUAL,VNSTOCK_BRONZE
AVG,LATEST,balance_sheet,level,2.0,ACTUAL,VNSTOCK_BRONZE
AVG,LATEST,balance_sheet,off_balance,0.0,ACTUAL,VNSTOCK_BRONZE
AVG,LATEST,balance_sheet,value,14000000000.0,ACTUAL,VNSTOCK_BRONZE
AVG,LATEST,balance_sheet,order,15.0,ACTUAL,VNSTOCK_BRONZE
AVG,LATEST,balance_sheet,level,2.0,ACTUAL,VNSTOCK_BRONZE
AVG,LATEST,balance_sheet,off_balance,0.0,ACTUAL,VNSTOCK_BRONZE
AVG,LATEST,balance_sheet,value,556668368.0,ACTUAL,VNSTOCK_BRONZE
AVG,LATEST,balance_sheet,order,16.0,ACTUAL,VNSTOCK_BRONZE
AVG,LATEST,balance_sheet,level,2.0,ACTUAL,VNSTOCK_BRONZE
AVG,LATEST,balance_sheet,off_balance,0.0,ACTUAL,VNSTOCK_BRONZE
AVG,LATEST,balance_sheet,value,0.0,ACTUAL,VNSTOCK_BRONZE
AVG,LATEST,balance_sheet,order,17.0,ACTUAL,VNSTOCK_BRONZE
AVG,LATEST,balance_sheet,level,2.0,ACTUAL,VNSTOCK_BRONZE
AVG,LATEST,balance_sheet,off_balance,0.0,ACTUAL,VNSTOCK_BRONZE
AVG,LATEST,balance_sheet,value,0.0,ACTUAL,VNSTOCK_BRONZE
AVG,LATEST,balance_sheet,order,18.0,ACTUAL,VNSTOCK_BRONZE
AVG,LATEST,balance_sheet,level,1.0,ACTUAL,VNSTOCK_BRONZE
AVG,LATEST,balance_sheet,off_balance,0.0,ACTUAL,VNSTOCK_BRONZE
AVG,LATEST,balance_sheet,value,74324092421.0,ACTUAL,VNSTOCK_BRONZE
AVG,LATEST,balance_sheet,order,19.0,ACTUAL,VNSTOCK_BRONZE
AVG,LATEST,balance_sheet,level,2.0,ACTUAL,VNSTOCK_BRONZE
AVG,LATEST,balance_sheet,off_balance,0.0,ACTUAL,VNSTOCK_BRONZE
AVG,LATEST,balance_sheet,value,74324092421.0,ACTUAL,VNSTOCK_BRONZE
AVG,LATEST,balance_sheet,order,20.0,ACTUAL,VNSTOCK_BRONZE
AVG,LATEST,balance_sheet,level,2.0,ACTUAL,VNSTOCK_BRONZE
AVG,LATEST,balance_sheet,off_balance,0.0,ACTUAL,VNSTOCK_BRONZE
AVG,LATEST,balance_sheet,value,0.0,ACTUAL,VNSTOCK_BRONZE
AVG,LATEST,balance_sheet,order,21.0,ACTUAL,VNSTOCK_BRONZE
AVG,LATEST,balance_sheet,level,1.0,ACTUAL,VNSTOCK_BRONZE
AVG,LATEST,balance_sheet,off_balance,0.0,ACTUAL,VNSTOCK_BRONZE
AVG,LATEST,balance_sheet,value,2912362511.0,ACTUAL,VNSTOCK_BRONZE
AVG,LATEST,balance_sheet,order,22.0,ACTUAL,VNSTOCK_BRONZE
AVG,LATEST,balance_sheet,level,2.0,ACTUAL,VNSTOCK_BRONZE
AVG,LATEST,balance_sheet,off_balance,0.0,ACTUAL,VNSTOCK_BRONZE
AVG,LATEST,balance_sheet,value,264818958.0,ACTUAL,VNSTOCK_BRONZE
AVG,LATEST,balance_sheet,order,23.0,ACTUAL,VNSTOCK_BRONZE
AVG,LATEST,balance_sheet,level,2.0,ACTUAL,VNSTOCK_BRONZE
AVG,LATEST,balance_sheet,off_balance,0.0,ACTUAL,VNSTOCK_BRONZE
AVG,LATEST,balance_sheet,value,2647543553.0,ACTUAL,VNSTOCK_BRONZE
AVG,LATEST,balance_sheet,order,24.0,ACTUAL,VNSTOCK_BRONZE
AVG,LATEST,balance_sheet,level,2.0,ACTUAL,VNSTOCK_BRONZE
AVG,LATEST,balance_sheet,off_balance,0.0,ACTUAL,VNSTOCK_BRONZE
AVG,LATEST,balance_sheet,value,0.0,ACTUAL,VNSTOCK_BRONZE
AVG,LATEST,balance_sheet,order,25.0,ACTUAL,VNSTOCK_BRONZE
AVG,LATEST,balance_sheet,level,2.0,ACTUAL,VNSTOCK_BRONZE
AVG,LATEST,balance_sheet,off_balance,0.0,ACTUAL,VNSTOCK_BRONZE
AVG,LATEST,balance_sheet,value,0.0,ACTUAL,VNSTOCK_BRONZE
AVG,LATEST,balance_sheet,order,26.0,ACTUAL,VNSTOCK_BRONZE
AVG,LATEST,balance_sheet,level,1.0,ACTUAL,VNSTOCK_BRONZE
AVG,LATEST,balance_sheet,off_balance,0.0,ACTUAL,VNSTOCK_BRONZE
AVG,LATEST,balance_sheet,value,183119467077.0,ACTUAL,VNSTOCK_BRONZE
AVG,LATEST,balance_sheet,order,27.0,ACTUAL,VNSTOCK_BRONZE
AVG,LATEST,balance_sheet,level,1.0,ACTUAL,VNSTOCK_BRONZE
AVG,LATEST,balance_sheet,off_balance,0.0,ACTUAL,VNSTOCK_BRONZE
AVG,LATEST,balance_sheet,value,0.0,ACTUAL,VNSTOCK_BRONZE
AVG,LATEST,balance_sheet,order,28.0,ACTUAL,VNSTOCK_BRONZE
AVG,LATEST,balance_sheet,level,2.0,ACTUAL,VNSTOCK_BRONZE
AVG,LATEST,balance_sheet,off_balance,0.0,ACTUAL,VNSTOCK_BRONZE
AVG,LATEST,balance_sheet,value,0.0,ACTUAL,VNSTOCK_BRONZE
AVG,LATEST,balance_sheet,order,29.0,ACTUAL,VNSTOCK_BRONZE
AVG,LATEST,balance_sheet,level,2.0,ACTUAL,VNSTOCK_BRONZE
AVG,LATEST,balance_sheet,off_balance,0.0,ACTUAL,VNSTOCK_BRONZE
AVG,LATEST,balance_sheet,value,0.0,ACTUAL,VNSTOCK_BRONZE
AVG,LATEST,balance_sheet,order,30.0,ACTUAL,VNSTOCK_BRONZE
AVG,LATEST,balance_sheet,level,2.0,ACTUAL,VNSTOCK_BRONZE
AVG,LATEST,balance_sheet,off_balance,0.0,ACTUAL,VNSTOCK_BRONZE
AVG,LATEST,balance_sheet,value,0.0,ACTUAL,VNSTOCK_BRONZE
AVG,LATEST,balance_sheet,order,31.0,ACTUAL,VNSTOCK_BRONZE
AVG,LATEST,balance_sheet,level,2.0,ACTUAL,VNSTOCK_BRONZE
AVG,LATEST,balance_sheet,off_balance,0.0,ACTUAL,VNSTOCK_BRONZE
AVG,LATEST,balance_sheet,value,0.0,ACTUAL,VNSTOCK_BRONZE
AVG,LATEST,balance_sheet,order,32.0,ACTUAL,VNSTOCK_BRONZE
AVG,LATEST,balance_sheet,level,2.0,ACTUAL,VNSTOCK_BRONZE
AVG,LATEST,balance_sheet,off_balance,0.0,ACTUAL,VNSTOCK_BRONZE
AVG,LATEST,balance_sheet,value,0.0,ACTUAL,VNSTOCK_BRONZE
AVG,LATEST,balance_sheet,order,33.0,ACTUAL,VNSTOCK_BRONZE
AVG,LATEST,balance_sheet,level,2.0,ACTUAL,VNSTOCK_BRONZE
AVG,LATEST,balance_sheet,off_balance,0.0,ACTUAL,VNSTOCK_BRONZE
AVG,LATEST,balance_sheet,value,-0.0,ACTUAL,VNSTOCK_BRONZE
AVG,LATEST,balance_sheet,order,34.0,ACTUAL,VNSTOCK_BRONZE
AVG,LATEST,balance_sheet,level,1.0,ACTUAL,VNSTOCK_BRONZE
AVG,LATEST,balance_sheet,off_balance,0.0,ACTUAL,VNSTOCK_BRONZE
AVG,LATEST,balance_sheet,value,90345952348.0,ACTUAL,VNSTOCK_BRONZE
AVG,LATEST,balance_sheet,order,35.0,ACTUAL,VNSTOCK_BRONZE
AVG,LATEST,balance_sheet,level,2.0,ACTUAL,VNSTOCK_BRONZE
AVG,LATEST,balance_sheet,off_balance,0.0,ACTUAL,VNSTOCK_BRONZE
AVG,LATEST,balance_sheet,value,61189368835.0,ACTUAL,VNSTOCK_BRONZE
AVG,LATEST,balance_sheet,order,36.0,ACTUAL,VNSTOCK_BRONZE
AVG,LATEST,balance_sheet,level,3.0,ACTUAL,VNSTOCK_BRONZE
AVG,LATEST,balance_sheet,off_balance,0.0,ACTUAL,VNSTOCK_BRONZE
AVG,LATEST,balance_sheet,value,78674610767.0,ACTUAL,VNSTOCK_BRONZE
AVG,LATEST,balance_sheet,order,37.0,ACTUAL,VNSTOCK_BRONZE
AVG,LATEST,balance_sheet,level,3.0,ACTUAL,VNSTOCK_BRONZE
AVG,LATEST,balance_sheet,off_balance,0.0,ACTUAL,VNSTOCK_BRONZE
AVG,LATEST,balance_sheet,value,-17485241932.0,ACTUAL,VNSTOCK_BRONZE
AVG,LATEST,balance_sheet,order,38.0,ACTUAL,VNSTOCK_BRONZE
AVG,LATEST,balance_sheet,level,2.0,ACTUAL,VNSTOCK_BRONZE
AVG,LATEST,balance_sheet,off_balance,0.0,ACTUAL,VNSTOCK_BRONZE
AVG,LATEST,balance_sheet,value,4426262923.0,ACTUAL,VNSTOCK_BRONZE
AVG,LATEST,balance_sheet,order,39.0,ACTUAL,VNSTOCK_BRONZE
AVG,LATEST,balance_sheet,level,3.0,ACTUAL,VNSTOCK_BRONZE
AVG,LATEST,balance_sheet,off_balance,0.0,ACTUAL,VNSTOCK_BRONZE
AVG,LATEST,balance_sheet,value,5265505600.0,ACTUAL,VNSTOCK_BRONZE
AVG,LATEST,balance_sheet,order,40.0,ACTUAL,VNSTOCK_BRONZE
AVG,LATEST,balance_sheet,level,3.0,ACTUAL,VNSTOCK_BRONZE
AVG,LATEST,balance_sheet,off_balance,0.0,ACTUAL,VNSTOCK_BRONZE
AVG,LATEST,balance_sheet,value,-839242677.0,ACTUAL,VNSTOCK_BRONZE
AVG,LATEST,balance_sheet,order,41.0,ACTUAL,VNSTOCK_BRONZE
AVG,LATEST,balance_sheet,level,2.0,ACTUAL,VNSTOCK_BRONZE
AVG,LATEST,balance_sheet,off_balance,0.0,ACTUAL,VNSTOCK_BRONZE
AVG,LATEST,balance_sheet,value,24730320590.0,ACTUAL,VNSTOCK_BRONZE
AVG,LATEST,balance_sheet,order,42.0,ACTUAL,VNSTOCK_BRONZE
AVG,LATEST,balance_sheet,level,3.0,ACTUAL,VNSTOCK_BRONZE
AVG,LATEST,balance_sheet,off_balance,0.0,ACTUAL,VNSTOCK_BRONZE
AVG,LATEST,balance_sheet,value,28677302852.0,ACTUAL,VNSTOCK_BRONZE
AVG,LATEST,balance_sheet,order,43.0,ACTUAL,VNSTOCK_BRONZE
AVG,LATEST,balance_sheet,level,3.0,ACTUAL,VNSTOCK_BRONZE
AVG,LATEST,balance_sheet,off_balance,0.0,ACTUAL,VNSTOCK_BRONZE
AVG,LATEST,balance_sheet,value,-3946982262.0,ACTUAL,VNSTOCK_BRONZE
AVG,LATEST,balance_sheet,order,44.0,ACTUAL,VNSTOCK_BRONZE
AVG,LATEST,balance_sheet,level,1.0,ACTUAL,VNSTOCK_BRONZE
AVG,LATEST,balance_sheet,off_balance,0.0,ACTUAL,VNSTOCK_BRONZE
AVG,LATEST,balance_sheet,value,78476521957.0,ACTUAL,VNSTOCK_BRONZE
AVG,LATEST,balance_sheet,order,45.0,ACTUAL,VNSTOCK_BRONZE
AVG,LATEST,balance_sheet,level,2.0,ACTUAL,VNSTOCK_BRONZE
AVG,LATEST,balance_sheet,off_balance,0.0,ACTUAL,VNSTOCK_BRONZE
AVG,LATEST,balance_sheet,value,91190175481.0,ACTUAL,VNSTOCK_BRONZE
AVG,LATEST,balance_sheet,order,46.0,ACTUAL,VNSTOCK_BRONZE
AVG,LATEST,balance_sheet,level,2.0,ACTUAL,VNSTOCK_BRONZE
AVG,LATEST,balance_sheet,off_balance,0.0,ACTUAL,VNSTOCK_BRONZE
AVG,LATEST,balance_sheet,value,-12713653524.0,ACTUAL,VNSTOCK_BRONZE
AVG,LATEST,balance_sheet,order,47.0,ACTUAL,VNSTOCK_BRONZE
AVG,LATEST,balance_sheet,level,1.0,ACTUAL,VNSTOCK_BRONZE
AVG,LATEST,balance_sheet,off_balance,0.0,ACTUAL,VNSTOCK_BRONZE
AVG,LATEST,balance_sheet,value,811563637.0,ACTUAL,VNSTOCK_BRONZE
AVG,LATEST,balance_sheet,order,48.0,ACTUAL,VNSTOCK_BRONZE
AVG,LATEST,balance_sheet,level,2.0,ACTUAL,VNSTOCK_BRONZE
AVG,LATEST,balance_sheet,off_balance,0.0,ACTUAL,VNSTOCK_BRONZE
AVG,LATEST,balance_sheet,value,0.0,ACTUAL,VNSTOCK_BRONZE
AVG,LATEST,balance_sheet,order,49.0,ACTUAL,VNSTOCK_BRONZE
AVG,LATEST,balance_sheet,level,2.0,ACTUAL,VNSTOCK_BRONZE
AVG,LATEST,balance_sheet,off_balance,0.0,ACTUAL,VNSTOCK_BRONZE
AVG,LATEST,balance_sheet,value,811563637.0,ACTUAL,VNSTOCK_BRONZE
AVG,LATEST,balance_sheet,order,50.0,ACTUAL,VNSTOCK_BRONZE
AVG,LATEST,balance_sheet,level,1.0,ACTUAL,VNSTOCK_BRONZE
AVG,LATEST,balance_sheet,off_balance,0.0,ACTUAL,VNSTOCK_BRONZE
AVG,LATEST,balance_sheet,value,0.0,ACTUAL,VNSTOCK_BRONZE
AVG,LATEST,balance_sheet,order,51.0,ACTUAL,VNSTOCK_BRONZE
AVG,LATEST,balance_sheet,level,2.0,ACTUAL,VNSTOCK_BRONZE
AVG,LATEST,balance_sheet,off_balance,0.0,ACTUAL,VNSTOCK_BRONZE
AVG,LATEST,balance_sheet,value,0.0,ACTUAL,VNSTOCK_BRONZE
AVG,LATEST,balance_sheet,order,52.0,ACTUAL,VNSTOCK_BRONZE
AVG,LATEST,balance_sheet,level,2.0,ACTUAL,VNSTOCK_BRONZE
AVG,LATEST,balance_sheet,off_balance,0.0,ACTUAL,VNSTOCK_BRONZE
AVG,LATEST,balance_sheet,value,0.0,ACTUAL,VNSTOCK_BRONZE
AVG,LATEST,balance_sheet,order,53.0,ACTUAL,VNSTOCK_BRONZE
AVG,LATEST,balance_sheet,level,2.0,ACTUAL,VNSTOCK_BRONZE
AVG,LATEST,balance_sheet,off_balance,0.0,ACTUAL,VNSTOCK_BRONZE
AVG,LATEST,balance_sheet,value,0.0,ACTUAL,VNSTOCK_BRONZE
AVG,LATEST,balance_sheet,order,54.0,ACTUAL,VNSTOCK_BRONZE
AVG,LATEST,balance_sheet,level,2.0,ACTUAL,VNSTOCK_BRONZE
AVG,LATEST,balance_sheet,off_balance,0.0,ACTUAL,VNSTOCK_BRONZE
AVG,LATEST,balance_sheet,value,0.0,ACTUAL,VNSTOCK_BRONZE
AVG,LATEST,balance_sheet,order,55.0,ACTUAL,VNSTOCK_BRONZE
AVG,LATEST,balance_sheet,level,2.0,ACTUAL,VNSTOCK_BRONZE
AVG,LATEST,balance_sheet,off_balance,0.0,ACTUAL,VNSTOCK_BRONZE
AVG,LATEST,balance_sheet,value,0.0,ACTUAL,VNSTOCK_BRONZE
AVG,LATEST,balance_sheet,order,56.0,ACTUAL,VNSTOCK_BRONZE
AVG,LATEST,balance_sheet,level,1.0,ACTUAL,VNSTOCK_BRONZE
AVG,LATEST,balance_sheet,off_balance,0.0,ACTUAL,VNSTOCK_BRONZE
AVG,LATEST,balance_sheet,value,13485429135.0,ACTUAL,VNSTOCK_BRONZE
AVG,LATEST,balance_sheet,order,57.0,ACTUAL,VNSTOCK_BRONZE
AVG,LATEST,balance_sheet,level,2.0,ACTUAL,VNSTOCK_BRONZE
AVG,LATEST,balance_sheet,off_balance,0.0,ACTUAL,VNSTOCK_BRONZE
AVG,LATEST,balance_sheet,value,0.0,ACTUAL,VNSTOCK_BRONZE
AVG,LATEST,balance_sheet,order,58.0,ACTUAL,VNSTOCK_BRONZE
AVG,LATEST,balance_sheet,level,2.0,ACTUAL,VNSTOCK_BRONZE
AVG,LATEST,balance_sheet,off_balance,0.0,ACTUAL,VNSTOCK_BRONZE
AVG,LATEST,balance_sheet,value,13485429135.0,ACTUAL,VNSTOCK_BRONZE
AVG,LATEST,balance_sheet,order,59.0,ACTUAL,VNSTOCK_BRONZE
AVG,LATEST,balance_sheet,level,2.0,ACTUAL,VNSTOCK_BRONZE
AVG,LATEST,balance_sheet,off_balance,0.0,ACTUAL,VNSTOCK_BRONZE
AVG,LATEST,balance_sheet,value,0.0,ACTUAL,VNSTOCK_BRONZE
AVG,LATEST,balance_sheet,order,60.0,ACTUAL,VNSTOCK_BRONZE
AVG,LATEST,balance_sheet,level,2.0,ACTUAL,VNSTOCK_BRONZE
AVG,LATEST,balance_sheet,off_balance,0.0,ACTUAL,VNSTOCK_BRONZE
AVG,LATEST,balance_sheet,value,0.0,ACTUAL,VNSTOCK_BRONZE
AVG,LATEST,balance_sheet,order,61.0,ACTUAL,VNSTOCK_BRONZE
AVG,LATEST,balance_sheet,level,2.0,ACTUAL,VNSTOCK_BRONZE
AVG,LATEST,balance_sheet,off_balance,0.0,ACTUAL,VNSTOCK_BRONZE
AVG,LATEST,balance_sheet,value,0.0,ACTUAL,VNSTOCK_BRONZE
AVG,LATEST,balance_sheet,order,62.0,ACTUAL,VNSTOCK_BRONZE
AVG,LATEST,balance_sheet,level,2.0,ACTUAL,VNSTOCK_BRONZE
AVG,LATEST,balance_sheet,off_balance,0.0,ACTUAL,VNSTOCK_BRONZE
AVG,LATEST,balance_sheet,value,0.0,ACTUAL,VNSTOCK_BRONZE
AVG,LATEST,balance_sheet,order,63.0,ACTUAL,VNSTOCK_BRONZE
AVG,LATEST,balance_sheet,level,1.0,ACTUAL,VNSTOCK_BRONZE
AVG,LATEST,balance_sheet,off_balance,0.0,ACTUAL,VNSTOCK_BRONZE
AVG,LATEST,balance_sheet,value,405793010746.0,ACTUAL,VNSTOCK_BRONZE
AVG,LATEST,balance_sheet,order,64.0,ACTUAL,VNSTOCK_BRONZE
AVG,LATEST,balance_sheet,level,1.0,ACTUAL,VNSTOCK_BRONZE
AVG,LATEST,balance_sheet,off_balance,0.0,ACTUAL,VNSTOCK_BRONZE
AVG,LATEST,balance_sheet,value,183623299836.0,ACTUAL,VNSTOCK_BRONZE
AVG,LATEST,balance_sheet,order,65.0,ACTUAL,VNSTOCK_BRONZE
AVG,LATEST,balance_sheet,level,1.0,ACTUAL,VNSTOCK_BRONZE
AVG,LATEST,balance_sheet,off_balance,0.0,ACTUAL,VNSTOCK_BRONZE
AVG,LATEST,balance_sheet,value,176765790495.0,ACTUAL,VNSTOCK_BRONZE
AVG,LATEST,balance_sheet,order,66.0,ACTUAL,VNSTOCK_BRONZE
AVG,LATEST,balance_sheet,level,2.0,ACTUAL,VNSTOCK_BRONZE
AVG,LATEST,balance_sheet,off_balance,0.0,ACTUAL,VNSTOCK_BRONZE
AVG,LATEST,balance_sheet,value,0.0,ACTUAL,VNSTOCK_BRONZE
AVG,LATEST,balance_sheet,order,67.0,ACTUAL,VNSTOCK_BRONZE
AVG,LATEST,balance_sheet,level,2.0,ACTUAL,VNSTOCK_BRONZE
AVG,LATEST,balance_sheet,off_balance,0.0,ACTUAL,VNSTOCK_BRONZE
AVG,LATEST,balance_sheet,value,0.0,ACTUAL,VNSTOCK_BRONZE
AVG,LATEST,balance_sheet,order,68.0,ACTUAL,VNSTOCK_BRONZE
AVG,LATEST,balance_sheet,level,2.0,ACTUAL,VNSTOCK_BRONZE
AVG,LATEST,balance_sheet,off_balance,0.0,ACTUAL,VNSTOCK_BRONZE
AVG,LATEST,balance_sheet,value,0.0,ACTUAL,VNSTOCK_BRONZE
AVG,LATEST,balance_sheet,order,69.0,ACTUAL,VNSTOCK_BRONZE
AVG,LATEST,balance_sheet,level,2.0,ACTUAL,VNSTOCK_BRONZE
AVG,LATEST,balance_sheet,off_balance,0.0,ACTUAL,VNSTOCK_BRONZE
AVG,LATEST,balance_sheet,value,28508074880.0,ACTUAL,VNSTOCK_BRONZE
AVG,LATEST,balance_sheet,order,70.0,ACTUAL,VNSTOCK_BRONZE
AVG,LATEST,balance_sheet,level,2.0,ACTUAL,VNSTOCK_BRONZE
AVG,LATEST,balance_sheet,off_balance,0.0,ACTUAL,VNSTOCK_BRONZE
AVG,LATEST,balance_sheet,value,106760000.0,ACTUAL,VNSTOCK_BRONZE
AVG,LATEST,balance_sheet,order,71.0,ACTUAL,VNSTOCK_BRONZE
AVG,LATEST,balance_sheet,level,2.0,ACTUAL,VNSTOCK_BRONZE
AVG,LATEST,balance_sheet,off_balance,0.0,ACTUAL,VNSTOCK_BRONZE
AVG,LATEST,balance_sheet,value,434472915.0,ACTUAL,VNSTOCK_BRONZE
AVG,LATEST,balance_sheet,order,72.0,ACTUAL,VNSTOCK_BRONZE
AVG,LATEST,balance_sheet,level,2.0,ACTUAL,VNSTOCK_BRONZE
AVG,LATEST,balance_sheet,off_balance,0.0,ACTUAL,VNSTOCK_BRONZE
AVG,LATEST,balance_sheet,value,537667688.0,ACTUAL,VNSTOCK_BRONZE
AVG,LATEST,balance_sheet,order,73.0,ACTUAL,VNSTOCK_BRONZE
AVG,LATEST,balance_sheet,level,2.0,ACTUAL,VNSTOCK_BRONZE
AVG,LATEST,balance_sheet,off_balance,0.0,ACTUAL,VNSTOCK_BRONZE
AVG,LATEST,balance_sheet,value,3202723569.0,ACTUAL,VNSTOCK_BRONZE
AVG,LATEST,balance_sheet,order,74.0,ACTUAL,VNSTOCK_BRONZE
AVG,LATEST,balance_sheet,level,2.0,ACTUAL,VNSTOCK_BRONZE
AVG,LATEST,balance_sheet,off_balance,0.0,ACTUAL,VNSTOCK_BRONZE
AVG,LATEST,balance_sheet,value,0.0,ACTUAL,VNSTOCK_BRONZE
AVG,LATEST,balance_sheet,order,75.0,ACTUAL,VNSTOCK_BRONZE
AVG,LATEST,balance_sheet,level,2.0,ACTUAL,VNSTOCK_BRONZE
AVG,LATEST,balance_sheet,off_balance,0.0,ACTUAL,VNSTOCK_BRONZE
AVG,LATEST,balance_sheet,value,0.0,ACTUAL,VNSTOCK_BRONZE
AVG,LATEST,balance_sheet,order,76.0,ACTUAL,VNSTOCK_BRONZE
AVG,LATEST,balance_sheet,level,2.0,ACTUAL,VNSTOCK_BRONZE
AVG,LATEST,balance_sheet,off_balance,0.0,ACTUAL,VNSTOCK_BRONZE
AVG,LATEST,balance_sheet,value,86491609.0,ACTUAL,VNSTOCK_BRONZE
AVG,LATEST,balance_sheet,order,77.0,ACTUAL,VNSTOCK_BRONZE
AVG,LATEST,balance_sheet,level,2.0,ACTUAL,VNSTOCK_BRONZE
AVG,LATEST,balance_sheet,off_balance,0.0,ACTUAL,VNSTOCK_BRONZE
AVG,LATEST,balance_sheet,value,143889599834.0,ACTUAL,VNSTOCK_BRONZE
AVG,LATEST,balance_sheet,order,78.0,ACTUAL,VNSTOCK_BRONZE
AVG,LATEST,balance_sheet,level,2.0,ACTUAL,VNSTOCK_BRONZE
AVG,LATEST,balance_sheet,off_balance,0.0,ACTUAL,VNSTOCK_BRONZE
AVG,LATEST,balance_sheet,value,0.0,ACTUAL,VNSTOCK_BRONZE
AVG,LATEST,balance_sheet,order,79.0,ACTUAL,VNSTOCK_BRONZE
AVG,LATEST,balance_sheet,level,2.0,ACTUAL,VNSTOCK_BRONZE
AVG,LATEST,balance_sheet,off_balance,0.0,ACTUAL,VNSTOCK_BRONZE
AVG,LATEST,balance_sheet,value,0.0,ACTUAL,VNSTOCK_BRONZE
AVG,LATEST,balance_sheet,order,80.0,ACTUAL,VNSTOCK_BRONZE
AVG,LATEST,balance_sheet,level,2.0,ACTUAL,VNSTOCK_BRONZE
AVG,LATEST,balance_sheet,off_balance,0.0,ACTUAL,VNSTOCK_BRONZE
AVG,LATEST,balance_sheet,value,0.0,ACTUAL,VNSTOCK_BRONZE
AVG,LATEST,balance_sheet,order,81.0,ACTUAL,VNSTOCK_BRONZE
AVG,LATEST,balance_sheet,level,2.0,ACTUAL,VNSTOCK_BRONZE
AVG,LATEST,balance_sheet,off_balance,0.0,ACTUAL,VNSTOCK_BRONZE
AVG,LATEST,balance_sheet,value,0.0,ACTUAL,VNSTOCK_BRONZE
AVG,LATEST,balance_sheet,order,82.0,ACTUAL,VNSTOCK_BRONZE
AVG,LATEST,balance_sheet,level,1.0,ACTUAL,VNSTOCK_BRONZE
AVG,LATEST,balance_sheet,off_balance,0.0,ACTUAL,VNSTOCK_BRONZE
AVG,LATEST,balance_sheet,value,6857509341.0,ACTUAL,VNSTOCK_BRONZE
AVG,LATEST,balance_sheet,order,83.0,ACTUAL,VNSTOCK_BRONZE
AVG,LATEST,balance_sheet,level,2.0,ACTUAL,VNSTOCK_BRONZE
AVG,LATEST,balance_sheet,off_balance,0.0,ACTUAL,VNSTOCK_BRONZE
AVG,LATEST,balance_sheet,value,0.0,ACTUAL,VNSTOCK_BRONZE
AVG,LATEST,balance_sheet,order,84.0,ACTUAL,VNSTOCK_BRONZE
AVG,LATEST,balance_sheet,level,2.0,ACTUAL,VNSTOCK_BRONZE
AVG,LATEST,balance_sheet,off_balance,0.0,ACTUAL,VNSTOCK_BRONZE
AVG,LATEST,balance_sheet,order,85.0,ACTUAL,VNSTOCK_BRONZE
AVG,LATEST,balance_sheet,level,2.0,ACTUAL,VNSTOCK_BRONZE
AVG,LATEST,balance_sheet,off_balance,0.0,ACTUAL,VNSTOCK_BRONZE
AVG,LATEST,balance_sheet,value,0.0,ACTUAL,VNSTOCK_BRONZE
AVG,LATEST,balance_sheet,order,86.0,ACTUAL,VNSTOCK_BRONZE
AVG,LATEST,balance_sheet,level,2.0,ACTUAL,VNSTOCK_BRONZE
AVG,LATEST,balance_sheet,off_balance,0.0,ACTUAL,VNSTOCK_BRONZE
AVG,LATEST,balance_sheet,value,0.0,ACTUAL,VNSTOCK_BRONZE
AVG,LATEST,balance_sheet,order,87.0,ACTUAL,VNSTOCK_BRONZE
AVG,LATEST,balance_sheet,level,2.0,ACTUAL,VNSTOCK_BRONZE
AVG,LATEST,balance_sheet,off_balance,0.0,ACTUAL,VNSTOCK_BRONZE
AVG,LATEST,balance_sheet,value,0.0,ACTUAL,VNSTOCK_BRONZE
AVG,LATEST,balance_sheet,order,88.0,ACTUAL,VNSTOCK_BRONZE
AVG,LATEST,balance_sheet,level,2.0,ACTUAL,VNSTOCK_BRONZE
AVG,LATEST,balance_sheet,off_balance,0.0,ACTUAL,VNSTOCK_BRONZE
AVG,LATEST,balance_sheet,value,0.0,ACTUAL,VNSTOCK_BRONZE
AVG,LATEST,balance_sheet,order,89.0,ACTUAL,VNSTOCK_BRONZE
AVG,LATEST,balance_sheet,level,2.0,ACTUAL,VNSTOCK_BRONZE
AVG,LATEST,balance_sheet,off_balance,0.0,ACTUAL,VNSTOCK_BRONZE
AVG,LATEST,balance_sheet,value,0.0,ACTUAL,VNSTOCK_BRONZE
AVG,LATEST,balance_sheet,order,90.0,ACTUAL,VNSTOCK_BRONZE
AVG,LATEST,balance_sheet,level,2.0,ACTUAL,VNSTOCK_BRONZE
AVG,LATEST,balance_sheet,off_balance,0.0,ACTUAL,VNSTOCK_BRONZE
AVG,LATEST,balance_sheet,value,406931600.0,ACTUAL,VNSTOCK_BRONZE
AVG,LATEST,balance_sheet,order,91.0,ACTUAL,VNSTOCK_BRONZE
AVG,LATEST,balance_sheet,level,2.0,ACTUAL,VNSTOCK_BRONZE
AVG,LATEST,balance_sheet,off_balance,0.0,ACTUAL,VNSTOCK_BRONZE
AVG,LATEST,balance_sheet,value,6450577741.0,ACTUAL,VNSTOCK_BRONZE
AVG,LATEST,balance_sheet,order,92.0,ACTUAL,VNSTOCK_BRONZE
AVG,LATEST,balance_sheet,level,2.0,ACTUAL,VNSTOCK_BRONZE
AVG,LATEST,balance_sheet,off_balance,0.0,ACTUAL,VNSTOCK_BRONZE
AVG,LATEST,balance_sheet,value,0.0,ACTUAL,VNSTOCK_BRONZE
AVG,LATEST,balance_sheet,order,93.0,ACTUAL,VNSTOCK_BRONZE
AVG,LATEST,balance_sheet,level,2.0,ACTUAL,VNSTOCK_BRONZE
AVG,LATEST,balance_sheet,off_balance,0.0,ACTUAL,VNSTOCK_BRONZE
AVG,LATEST,balance_sheet,value,0.0,ACTUAL,VNSTOCK_BRONZE
AVG,LATEST,balance_sheet,order,94.0,ACTUAL,VNSTOCK_BRONZE
AVG,LATEST,balance_sheet,level,2.0,ACTUAL,VNSTOCK_BRONZE
AVG,LATEST,balance_sheet,off_balance,0.0,ACTUAL,VNSTOCK_BRONZE
AVG,LATEST,balance_sheet,value,0.0,ACTUAL,VNSTOCK_BRONZE
AVG,LATEST,balance_sheet,order,95.0,ACTUAL,VNSTOCK_BRONZE
AVG,LATEST,balance_sheet,level,2.0,ACTUAL,VNSTOCK_BRONZE
AVG,LATEST,balance_sheet,off_balance,0.0,ACTUAL,VNSTOCK_BRONZE
AVG,LATEST,balance_sheet,value,0.0,ACTUAL,VNSTOCK_BRONZE
AVG,LATEST,balance_sheet,order,96.0,ACTUAL,VNSTOCK_BRONZE
AVG,LATEST,balance_sheet,level,1.0,ACTUAL,VNSTOCK_BRONZE
AVG,LATEST,balance_sheet,off_balance,0.0,ACTUAL,VNSTOCK_BRONZE
AVG,LATEST,balance_sheet,value,222169710910.0,ACTUAL,VNSTOCK_BRONZE
AVG,LATEST,balance_sheet,order,97.0,ACTUAL,VNSTOCK_BRONZE
AVG,LATEST,balance_sheet,level,1.0,ACTUAL,VNSTOCK_BRONZE
AVG,LATEST,balance_sheet,off_balance,0.0,ACTUAL,VNSTOCK_BRONZE
AVG,LATEST,balance_sheet,value,222169710910.0,ACTUAL,VNSTOCK_BRONZE
AVG,LATEST,balance_sheet,order,98.0,ACTUAL,VNSTOCK_BRONZE
AVG,LATEST,balance_sheet,level,2.0,ACTUAL,VNSTOCK_BRONZE
AVG,LATEST,balance_sheet,off_balance,0.0,ACTUAL,VNSTOCK_BRONZE
AVG,LATEST,balance_sheet,value,0.0,ACTUAL,VNSTOCK_BRONZE
AVG,LATEST,balance_sheet,order,99.0,ACTUAL,VNSTOCK_BRONZE
AVG,LATEST,balance_sheet,level,2.0,ACTUAL,VNSTOCK_BRONZE
AVG,LATEST,balance_sheet,off_balance,0.0,ACTUAL,VNSTOCK_BRONZE
AVG,LATEST,balance_sheet,value,0.0,ACTUAL,VNSTOCK_BRONZE
AVG,LATEST,balance_sheet,order,100.0,ACTUAL,VNSTOCK_BRONZE
AVG,LATEST,balance_sheet,level,2.0,ACTUAL,VNSTOCK_BRONZE
AVG,LATEST,balance_sheet,off_balance,0.0,ACTUAL,VNSTOCK_BRONZE
AVG,LATEST,balance_sheet,value,0.0,ACTUAL,VNSTOCK_BRONZE
AVG,LATEST,balance_sheet,order,101.0,ACTUAL,VNSTOCK_BRONZE
AVG,LATEST,balance_sheet,level,2.0,ACTUAL,VNSTOCK_BRONZE
AVG,LATEST,balance_sheet,off_balance,0.0,ACTUAL,VNSTOCK_BRONZE
AVG,LATEST,balance_sheet,value,0.0,ACTUAL,VNSTOCK_BRONZE
AVG,LATEST,balance_sheet,order,102.0,ACTUAL,VNSTOCK_BRONZE
AVG,LATEST,balance_sheet,level,2.0,ACTUAL,VNSTOCK_BRONZE
AVG,LATEST,balance_sheet,off_balance,0.0,ACTUAL,VNSTOCK_BRONZE
AVG,LATEST,balance_sheet,value,136000000000.0,ACTUAL,VNSTOCK_BRONZE
AVG,LATEST,balance_sheet,order,103.0,ACTUAL,VNSTOCK_BRONZE
AVG,LATEST,balance_sheet,level,3.0,ACTUAL,VNSTOCK_BRONZE
AVG,LATEST,balance_sheet,off_balance,0.0,ACTUAL,VNSTOCK_BRONZE
AVG,LATEST,balance_sheet,value,136000000000.0,ACTUAL,VNSTOCK_BRONZE
AVG,LATEST,balance_sheet,order,104.0,ACTUAL,VNSTOCK_BRONZE
AVG,LATEST,balance_sheet,level,2.0,ACTUAL,VNSTOCK_BRONZE
AVG,LATEST,balance_sheet,off_balance,0.0,ACTUAL,VNSTOCK_BRONZE
AVG,LATEST,balance_sheet,value,0.0,ACTUAL,VNSTOCK_BRONZE
AVG,LATEST,balance_sheet,order,105.0,ACTUAL,VNSTOCK_BRONZE
AVG,LATEST,balance_sheet,level,2.0,ACTUAL,VNSTOCK_BRONZE
AVG,LATEST,balance_sheet,off_balance,0.0,ACTUAL,VNSTOCK_BRONZE
AVG,LATEST,balance_sheet,value,0.0,ACTUAL,VNSTOCK_BRONZE
AVG,LATEST,balance_sheet,order,106.0,ACTUAL,VNSTOCK_BRONZE
AVG,LATEST,balance_sheet,level,2.0,ACTUAL,VNSTOCK_BRONZE
AVG,LATEST,balance_sheet,off_balance,0.0,ACTUAL,VNSTOCK_BRONZE
AVG,LATEST,balance_sheet,value,0.0,ACTUAL,VNSTOCK_BRONZE
AVG,LATEST,balance_sheet,order,107.0,ACTUAL,VNSTOCK_BRONZE
AVG,LATEST,balance_sheet,level,2.0,ACTUAL,VNSTOCK_BRONZE
AVG,LATEST,balance_sheet,off_balance,0.0,ACTUAL,VNSTOCK_BRONZE
AVG,LATEST,balance_sheet,value,0.0,ACTUAL,VNSTOCK_BRONZE
AVG,LATEST,balance_sheet,order,108.0,ACTUAL,VNSTOCK_BRONZE
AVG,LATEST,balance_sheet,level,2.0,ACTUAL,VNSTOCK_BRONZE
AVG,LATEST,balance_sheet,off_balance,0.0,ACTUAL,VNSTOCK_BRONZE
AVG,LATEST,balance_sheet,value,0.0,ACTUAL,VNSTOCK_BRONZE
AVG,LATEST,balance_sheet,order,109.0,ACTUAL,VNSTOCK_BRONZE
AVG,LATEST,balance_sheet,level,2.0,ACTUAL,VNSTOCK_BRONZE
AVG,LATEST,balance_sheet,off_balance,0.0,ACTUAL,VNSTOCK_BRONZE
AVG,LATEST,balance_sheet,value,471167081.0,ACTUAL,VNSTOCK_BRONZE
AVG,LATEST,balance_sheet,order,110.0,ACTUAL,VNSTOCK_BRONZE
AVG,LATEST,balance_sheet,level,2.0,ACTUAL,VNSTOCK_BRONZE
AVG,LATEST,balance_sheet,off_balance,0.0,ACTUAL,VNSTOCK_BRONZE
AVG,LATEST,balance_sheet,value,0.0,ACTUAL,VNSTOCK_BRONZE
AVG,LATEST,balance_sheet,order,111.0,ACTUAL,VNSTOCK_BRONZE
AVG,LATEST,balance_sheet,level,2.0,ACTUAL,VNSTOCK_BRONZE
AVG,LATEST,balance_sheet,off_balance,0.0,ACTUAL,VNSTOCK_BRONZE
AVG,LATEST,balance_sheet,value,0.0,ACTUAL,VNSTOCK_BRONZE
AVG,LATEST,balance_sheet,order,112.0,ACTUAL,VNSTOCK_BRONZE
AVG,LATEST,balance_sheet,level,2.0,ACTUAL,VNSTOCK_BRONZE
AVG,LATEST,balance_sheet,off_balance,0.0,ACTUAL,VNSTOCK_BRONZE
AVG,LATEST,balance_sheet,value,82468072268.0,ACTUAL,VNSTOCK_BRONZE
AVG,LATEST,balance_sheet,order,113.0,ACTUAL,VNSTOCK_BRONZE
AVG,LATEST,balance_sheet,level,3.0,ACTUAL,VNSTOCK_BRONZE
AVG,LATEST,balance_sheet,off_balance,0.0,ACTUAL,VNSTOCK_BRONZE
AVG,LATEST,balance_sheet,value,74501905237.0,ACTUAL,VNSTOCK_BRONZE
AVG,LATEST,balance_sheet,order,114.0,ACTUAL,VNSTOCK_BRONZE
AVG,LATEST,balance_sheet,level,3.0,ACTUAL,VNSTOCK_BRONZE
AVG,LATEST,balance_sheet,off_balance,0.0,ACTUAL,VNSTOCK_BRONZE
AVG,LATEST,balance_sheet,value,7966167031.0,ACTUAL,VNSTOCK_BRONZE
AVG,LATEST,balance_sheet,order,115.0,ACTUAL,VNSTOCK_BRONZE
AVG,LATEST,balance_sheet,level,2.0,ACTUAL,VNSTOCK_BRONZE
AVG,LATEST,balance_sheet,off_balance,0.0,ACTUAL,VNSTOCK_BRONZE
AVG,LATEST,balance_sheet,value,3230471561.0,ACTUAL,VNSTOCK_BRONZE
AVG,LATEST,balance_sheet,order,116.0,ACTUAL,VNSTOCK_BRONZE
AVG,LATEST,balance_sheet,level,1.0,ACTUAL,VNSTOCK_BRONZE
AVG,LATEST,balance_sheet,off_balance,0.0,ACTUAL,VNSTOCK_BRONZE
AVG,LATEST,balance_sheet,value,0.0,ACTUAL,VNSTOCK_BRONZE
AVG,LATEST,balance_sheet,order,117.0,ACTUAL,VNSTOCK_BRONZE
AVG,LATEST,balance_sheet,level,2.0,ACTUAL,VNSTOCK_BRONZE
AVG,LATEST,balance_sheet,off_balance,0.0,ACTUAL,VNSTOCK_BRONZE
AVG,LATEST,balance_sheet,value,0.0,ACTUAL,VNSTOCK_BRONZE
AVG,LATEST,balance_sheet,order,118.0,ACTUAL,VNSTOCK_BRONZE
AVG,LATEST,balance_sheet,level,1.0,ACTUAL,VNSTOCK_BRONZE
AVG,LATEST,balance_sheet,off_balance,0.0,ACTUAL,VNSTOCK_BRONZE
AVG,LATEST,balance_sheet,value,405793010746.0,ACTUAL,VNSTOCK_BRONZE
AVG,LATEST,balance_sheet,order,1.0,ACTUAL,VNSTOCK_BRONZE
AVG,LATEST,balance_sheet,level,1.0,ACTUAL,VNSTOCK_BRONZE
AVG,LATEST,balance_sheet,off_balance,0.0,ACTUAL,VNSTOCK_BRONZE
AVG,LATEST,balance_sheet,value,196806345368.0,ACTUAL,VNSTOCK_BRONZE
AVG,LATEST,balance_sheet,order,2.0,ACTUAL,VNSTOCK_BRONZE
AVG,LATEST,balance_sheet,level,1.0,ACTUAL,VNSTOCK_BRONZE
AVG,LATEST,balance_sheet,off_balance,0.0,ACTUAL,VNSTOCK_BRONZE
AVG,LATEST,balance_sheet,value,8672093998.0,ACTUAL,VNSTOCK_BRONZE
AVG,LATEST,balance_sheet,order,3.0,ACTUAL,VNSTOCK_BRONZE
AVG,LATEST,balance_sheet,level,2.0,ACTUAL,VNSTOCK_BRONZE
AVG,LATEST,balance_sheet,off_balance,0.0,ACTUAL,VNSTOCK_BRONZE
AVG,LATEST,balance_sheet,value,8672093998.0,ACTUAL,VNSTOCK_BRONZE
AVG,LATEST,balance_sheet,order,4.0,ACTUAL,VNSTOCK_BRONZE
AVG,LATEST,balance_sheet,level,2.0,ACTUAL,VNSTOCK_BRONZE
AVG,LATEST,balance_sheet,off_balance,0.0,ACTUAL,VNSTOCK_BRONZE
AVG,LATEST,balance_sheet,value,0.0,ACTUAL,VNSTOCK_BRONZE
AVG,LATEST,balance_sheet,order,5.0,ACTUAL,VNSTOCK_BRONZE
AVG,LATEST,balance_sheet,level,1.0,ACTUAL,VNSTOCK_BRONZE
AVG,LATEST,balance_sheet,off_balance,0.0,ACTUAL,VNSTOCK_BRONZE
AVG,LATEST,balance_sheet,value,0.0,ACTUAL,VNSTOCK_BRONZE
AVG,LATEST,balance_sheet,order,6.0,ACTUAL,VNSTOCK_BRONZE
AVG,LATEST,balance_sheet,level,2.0,ACTUAL,VNSTOCK_BRONZE
AVG,LATEST,balance_sheet,off_balance,0.0,ACTUAL,VNSTOCK_BRONZE
AVG,LATEST,balance_sheet,value,0.0,ACTUAL,VNSTOCK_BRONZE
AVG,LATEST,balance_sheet,order,7.0,ACTUAL,VNSTOCK_BRONZE
AVG,LATEST,balance_sheet,level,2.0,ACTUAL,VNSTOCK_BRONZE
AVG,LATEST,balance_sheet,off_balance,0.0,ACTUAL,VNSTOCK_BRONZE
AVG,LATEST,balance_sheet,value,0.0,ACTUAL,VNSTOCK_BRONZE
AVG,LATEST,balance_sheet,order,8.0,ACTUAL,VNSTOCK_BRONZE
AVG,LATEST,balance_sheet,level,2.0,ACTUAL,VNSTOCK_BRONZE
AVG,LATEST,balance_sheet,off_balance,0.0,ACTUAL,VNSTOCK_BRONZE
AVG,LATEST,balance_sheet,value,0.0,ACTUAL,VNSTOCK_BRONZE
AVG,LATEST,balance_sheet,order,9.0,ACTUAL,VNSTOCK_BRONZE
AVG,LATEST,balance_sheet,level,1.0,ACTUAL,VNSTOCK_BRONZE
AVG,LATEST,balance_sheet,off_balance,0.0,ACTUAL,VNSTOCK_BRONZE
AVG,LATEST,balance_sheet,value,102139718732.0,ACTUAL,VNSTOCK_BRONZE
AVG,LATEST,balance_sheet,order,10.0,ACTUAL,VNSTOCK_BRONZE
AVG,LATEST,balance_sheet,level,2.0,ACTUAL,VNSTOCK_BRONZE
AVG,LATEST,balance_sheet,off_balance,0.0,ACTUAL,VNSTOCK_BRONZE
AVG,LATEST,balance_sheet,value,95108130636.0,ACTUAL,VNSTOCK_BRONZE
AVG,LATEST,balance_sheet,order,11.0,ACTUAL,VNSTOCK_BRONZE
AVG,LATEST,balance_sheet,level,2.0,ACTUAL,VNSTOCK_BRONZE
AVG,LATEST,balance_sheet,off_balance,0.0,ACTUAL,VNSTOCK_BRONZE
AVG,LATEST,balance_sheet,value,6416106036.0,ACTUAL,VNSTOCK_BRONZE
AVG,LATEST,balance_sheet,order,12.0,ACTUAL,VNSTOCK_BRONZE
AVG,LATEST,balance_sheet,level,2.0,ACTUAL,VNSTOCK_BRONZE
AVG,LATEST,balance_sheet,off_balance,0.0,ACTUAL,VNSTOCK_BRONZE
AVG,LATEST,balance_sheet,value,0.0,ACTUAL,VNSTOCK_BRONZE
AVG,LATEST,balance_sheet,order,13.0,ACTUAL,VNSTOCK_BRONZE
AVG,LATEST,balance_sheet,level,2.0,ACTUAL,VNSTOCK_BRONZE
AVG,LATEST,balance_sheet,off_balance,0.0,ACTUAL,VNSTOCK_BRONZE
AVG,LATEST,balance_sheet,value,0.0,ACTUAL,VNSTOCK_BRONZE
AVG,LATEST,balance_sheet,order,14.0,ACTUAL,VNSTOCK_BRONZE
AVG,LATEST,balance_sheet,level,2.0,ACTUAL,VNSTOCK_BRONZE
AVG,LATEST,balance_sheet,off_balance,0.0,ACTUAL,VNSTOCK_BRONZE
AVG,LATEST,balance_sheet,value,0.0,ACTUAL,VNSTOCK_BRONZE
AVG,LATEST,balance_sheet,order,15.0,ACTUAL,VNSTOCK_BRONZE
AVG,LATEST,balance_sheet,level,2.0,ACTUAL,VNSTOCK_BRONZE
AVG,LATEST,balance_sheet,off_balance,0.0,ACTUAL,VNSTOCK_BRONZE
AVG,LATEST,balance_sheet,value,615482060.0,ACTUAL,VNSTOCK_BRONZE
AVG,LATEST,balance_sheet,order,16.0,ACTUAL,VNSTOCK_BRONZE
AVG,LATEST,balance_sheet,level,2.0,ACTUAL,VNSTOCK_BRONZE
AVG,LATEST,balance_sheet,off_balance,0.0,ACTUAL,VNSTOCK_BRONZE
AVG,LATEST,balance_sheet,value,0.0,ACTUAL,VNSTOCK_BRONZE
AVG,LATEST,balance_sheet,order,17.0,ACTUAL,VNSTOCK_BRONZE
AVG,LATEST,balance_sheet,level,2.0,ACTUAL,VNSTOCK_BRONZE
AVG,LATEST,balance_sheet,off_balance,0.0,ACTUAL,VNSTOCK_BRONZE
AVG,LATEST,balance_sheet,value,0.0,ACTUAL,VNSTOCK_BRONZE
AVG,LATEST,balance_sheet,order,18.0,ACTUAL,VNSTOCK_BRONZE
AVG,LATEST,balance_sheet,level,1.0,ACTUAL,VNSTOCK_BRONZE
AVG,LATEST,balance_sheet,off_balance,0.0,ACTUAL,VNSTOCK_BRONZE
AVG,LATEST,balance_sheet,value,82988181905.0,ACTUAL,VNSTOCK_BRONZE
AVG,LATEST,balance_sheet,order,19.0,ACTUAL,VNSTOCK_BRONZE
AVG,LATEST,balance_sheet,level,2.0,ACTUAL,VNSTOCK_BRONZE
AVG,LATEST,balance_sheet,off_balance,0.0,ACTUAL,VNSTOCK_BRONZE
AVG,LATEST,balance_sheet,value,82988181905.0,ACTUAL,VNSTOCK_BRONZE
AVG,LATEST,balance_sheet,order,20.0,ACTUAL,VNSTOCK_BRONZE
AVG,LATEST,balance_sheet,level,2.0,ACTUAL,VNSTOCK_BRONZE
AVG,LATEST,balance_sheet,off_balance,0.0,ACTUAL,VNSTOCK_BRONZE
AVG,LATEST,balance_sheet,value,0.0,ACTUAL,VNSTOCK_BRONZE
AVG,LATEST,balance_sheet,order,21.0,ACTUAL,VNSTOCK_BRONZE
AVG,LATEST,balance_sheet,level,1.0,ACTUAL,VNSTOCK_BRONZE
AVG,LATEST,balance_sheet,off_balance,0.0,ACTUAL,VNSTOCK_BRONZE
AVG,LATEST,balance_sheet,value,3006350733.0,ACTUAL,VNSTOCK_BRONZE
AVG,LATEST,balance_sheet,order,22.0,ACTUAL,VNSTOCK_BRONZE
AVG,LATEST,balance_sheet,level,2.0,ACTUAL,VNSTOCK_BRONZE
AVG,LATEST,balance_sheet,off_balance,0.0,ACTUAL,VNSTOCK_BRONZE
AVG,LATEST,balance_sheet,value,282047758.0,ACTUAL,VNSTOCK_BRONZE
AVG,LATEST,balance_sheet,order,23.0,ACTUAL,VNSTOCK_BRONZE
AVG,LATEST,balance_sheet,level,2.0,ACTUAL,VNSTOCK_BRONZE
AVG,LATEST,balance_sheet,off_balance,0.0,ACTUAL,VNSTOCK_BRONZE
AVG,LATEST,balance_sheet,value,2724302975.0,ACTUAL,VNSTOCK_BRONZE
AVG,LATEST,balance_sheet,order,24.0,ACTUAL,VNSTOCK_BRONZE
AVG,LATEST,balance_sheet,level,2.0,ACTUAL,VNSTOCK_BRONZE
AVG,LATEST,balance_sheet,off_balance,0.0,ACTUAL,VNSTOCK_BRONZE
AVG,LATEST,balance_sheet,value,0.0,ACTUAL,VNSTOCK_BRONZE
AVG,LATEST,balance_sheet,order,25.0,ACTUAL,VNSTOCK_BRONZE
AVG,LATEST,balance_sheet,level,2.0,ACTUAL,VNSTOCK_BRONZE
AVG,LATEST,balance_sheet,off_balance,0.0,ACTUAL,VNSTOCK_BRONZE
AVG,LATEST,balance_sheet,value,0.0,ACTUAL,VNSTOCK_BRONZE
AVG,LATEST,balance_sheet,order,26.0,ACTUAL,VNSTOCK_BRONZE
AVG,LATEST,balance_sheet,level,1.0,ACTUAL,VNSTOCK_BRONZE
AVG,LATEST,balance_sheet,off_balance,0.0,ACTUAL,VNSTOCK_BRONZE
AVG,LATEST,balance_sheet,value,184511532132.0,ACTUAL,VNSTOCK_BRONZE
AVG,LATEST,balance_sheet,order,27.0,ACTUAL,VNSTOCK_BRONZE
AVG,LATEST,balance_sheet,level,1.0,ACTUAL,VNSTOCK_BRONZE
AVG,LATEST,balance_sheet,off_balance,0.0,ACTUAL,VNSTOCK_BRONZE
AVG,LATEST,balance_sheet,value,0.0,ACTUAL,VNSTOCK_BRONZE
AVG,LATEST,balance_sheet,order,28.0,ACTUAL,VNSTOCK_BRONZE
AVG,LATEST,balance_sheet,level,2.0,ACTUAL,VNSTOCK_BRONZE
AVG,LATEST,balance_sheet,off_balance,0.0,ACTUAL,VNSTOCK_BRONZE
AVG,LATEST,balance_sheet,value,0.0,ACTUAL,VNSTOCK_BRONZE
AVG,LATEST,balance_sheet,order,29.0,ACTUAL,VNSTOCK_BRONZE
AVG,LATEST,balance_sheet,level,2.0,ACTUAL,VNSTOCK_BRONZE
AVG,LATEST,balance_sheet,off_balance,0.0,ACTUAL,VNSTOCK_BRONZE
AVG,LATEST,balance_sheet,value,0.0,ACTUAL,VNSTOCK_BRONZE
AVG,LATEST,balance_sheet,order,30.0,ACTUAL,VNSTOCK_BRONZE
AVG,LATEST,balance_sheet,level,2.0,ACTUAL,VNSTOCK_BRONZE
AVG,LATEST,balance_sheet,off_balance,0.0,ACTUAL,VNSTOCK_BRONZE
AVG,LATEST,balance_sheet,value,0.0,ACTUAL,VNSTOCK_BRONZE
AVG,LATEST,balance_sheet,order,31.0,ACTUAL,VNSTOCK_BRONZE
AVG,LATEST,balance_sheet,level,2.0,ACTUAL,VNSTOCK_BRONZE
AVG,LATEST,balance_sheet,off_balance,0.0,ACTUAL,VNSTOCK_BRONZE
AVG,LATEST,balance_sheet,value,0.0,ACTUAL,VNSTOCK_BRONZE
AVG,LATEST,balance_sheet,order,32.0,ACTUAL,VNSTOCK_BRONZE
AVG,LATEST,balance_sheet,level,2.0,ACTUAL,VNSTOCK_BRONZE
AVG,LATEST,balance_sheet,off_balance,0.0,ACTUAL,VNSTOCK_BRONZE
AVG,LATEST,balance_sheet,value,0.0,ACTUAL,VNSTOCK_BRONZE
AVG,LATEST,balance_sheet,order,33.0,ACTUAL,VNSTOCK_BRONZE
AVG,LATEST,balance_sheet,level,2.0,ACTUAL,VNSTOCK_BRONZE
AVG,LATEST,balance_sheet,off_balance,0.0,ACTUAL,VNSTOCK_BRONZE
AVG,LATEST,balance_sheet,value,-0.0,ACTUAL,VNSTOCK_BRONZE
AVG,LATEST,balance_sheet,order,34.0,ACTUAL,VNSTOCK_BRONZE
AVG,LATEST,balance_sheet,level,1.0,ACTUAL,VNSTOCK_BRONZE
AVG,LATEST,balance_sheet,off_balance,0.0,ACTUAL,VNSTOCK_BRONZE
AVG,LATEST,balance_sheet,value,91532286352.0,ACTUAL,VNSTOCK_BRONZE
AVG,LATEST,balance_sheet,order,35.0,ACTUAL,VNSTOCK_BRONZE
AVG,LATEST,balance_sheet,level,2.0,ACTUAL,VNSTOCK_BRONZE
AVG,LATEST,balance_sheet,off_balance,0.0,ACTUAL,VNSTOCK_BRONZE
AVG,LATEST,balance_sheet,value,62076903064.0,ACTUAL,VNSTOCK_BRONZE
AVG,LATEST,balance_sheet,order,36.0,ACTUAL,VNSTOCK_BRONZE
AVG,LATEST,balance_sheet,level,3.0,ACTUAL,VNSTOCK_BRONZE
AVG,LATEST,balance_sheet,off_balance,0.0,ACTUAL,VNSTOCK_BRONZE
AVG,LATEST,balance_sheet,value,78674610767.0,ACTUAL,VNSTOCK_BRONZE
AVG,LATEST,balance_sheet,order,37.0,ACTUAL,VNSTOCK_BRONZE
AVG,LATEST,balance_sheet,level,3.0,ACTUAL,VNSTOCK_BRONZE
AVG,LATEST,balance_sheet,off_balance,0.0,ACTUAL,VNSTOCK_BRONZE
AVG,LATEST,balance_sheet,value,-16597707703.0,ACTUAL,VNSTOCK_BRONZE
AVG,LATEST,balance_sheet,order,38.0,ACTUAL,VNSTOCK_BRONZE
AVG,LATEST,balance_sheet,level,2.0,ACTUAL,VNSTOCK_BRONZE
AVG,LATEST,balance_sheet,off_balance,0.0,ACTUAL,VNSTOCK_BRONZE
AVG,LATEST,balance_sheet,value,4536883894.0,ACTUAL,VNSTOCK_BRONZE
AVG,LATEST,balance_sheet,order,39.0,ACTUAL,VNSTOCK_BRONZE
AVG,LATEST,balance_sheet,level,3.0,ACTUAL,VNSTOCK_BRONZE
AVG,LATEST,balance_sheet,off_balance,0.0,ACTUAL,VNSTOCK_BRONZE
AVG,LATEST,balance_sheet,value,5265505600.0,ACTUAL,VNSTOCK_BRONZE
AVG,LATEST,balance_sheet,order,40.0,ACTUAL,VNSTOCK_BRONZE
AVG,LATEST,balance_sheet,level,3.0,ACTUAL,VNSTOCK_BRONZE
AVG,LATEST,balance_sheet,off_balance,0.0,ACTUAL,VNSTOCK_BRONZE
AVG,LATEST,balance_sheet,value,-728621706.0,ACTUAL,VNSTOCK_BRONZE
AVG,LATEST,balance_sheet,order,41.0,ACTUAL,VNSTOCK_BRONZE
AVG,LATEST,balance_sheet,level,2.0,ACTUAL,VNSTOCK_BRONZE
AVG,LATEST,balance_sheet,off_balance,0.0,ACTUAL,VNSTOCK_BRONZE
AVG,LATEST,balance_sheet,value,24918499394.0,ACTUAL,VNSTOCK_BRONZE
AVG,LATEST,balance_sheet,order,42.0,ACTUAL,VNSTOCK_BRONZE
AVG,LATEST,balance_sheet,level,3.0,ACTUAL,VNSTOCK_BRONZE
AVG,LATEST,balance_sheet,off_balance,0.0,ACTUAL,VNSTOCK_BRONZE
AVG,LATEST,balance_sheet,value,28677302852.0,ACTUAL,VNSTOCK_BRONZE
AVG,LATEST,balance_sheet,order,43.0,ACTUAL,VNSTOCK_BRONZE
AVG,LATEST,balance_sheet,level,3.0,ACTUAL,VNSTOCK_BRONZE
AVG,LATEST,balance_sheet,off_balance,0.0,ACTUAL,VNSTOCK_BRONZE
AVG,LATEST,balance_sheet,value,-3758803458.0,ACTUAL,VNSTOCK_BRONZE
AVG,LATEST,balance_sheet,order,44.0,ACTUAL,VNSTOCK_BRONZE
AVG,LATEST,balance_sheet,level,1.0,ACTUAL,VNSTOCK_BRONZE
AVG,LATEST,balance_sheet,off_balance,0.0,ACTUAL,VNSTOCK_BRONZE
AVG,LATEST,balance_sheet,value,79379237134.0,ACTUAL,VNSTOCK_BRONZE
AVG,LATEST,balance_sheet,order,45.0,ACTUAL,VNSTOCK_BRONZE
AVG,LATEST,balance_sheet,level,2.0,ACTUAL,VNSTOCK_BRONZE
AVG,LATEST,balance_sheet,off_balance,0.0,ACTUAL,VNSTOCK_BRONZE
AVG,LATEST,balance_sheet,value,91190175481.0,ACTUAL,VNSTOCK_BRONZE
AVG,LATEST,balance_sheet,order,46.0,ACTUAL,VNSTOCK_BRONZE
AVG,LATEST,balance_sheet,level,2.0,ACTUAL,VNSTOCK_BRONZE
AVG,LATEST,balance_sheet,off_balance,0.0,ACTUAL,VNSTOCK_BRONZE
AVG,LATEST,balance_sheet,value,-11810938347.0,ACTUAL,VNSTOCK_BRONZE
AVG,LATEST,balance_sheet,order,47.0,ACTUAL,VNSTOCK_BRONZE
AVG,LATEST,balance_sheet,level,1.0,ACTUAL,VNSTOCK_BRONZE
AVG,LATEST,balance_sheet,off_balance,0.0,ACTUAL,VNSTOCK_BRONZE
AVG,LATEST,balance_sheet,value,0.0,ACTUAL,VNSTOCK_BRONZE
AVG,LATEST,balance_sheet,order,48.0,ACTUAL,VNSTOCK_BRONZE
AVG,LATEST,balance_sheet,level,2.0,ACTUAL,VNSTOCK_BRONZE
AVG,LATEST,balance_sheet,off_balance,0.0,ACTUAL,VNSTOCK_BRONZE
AVG,LATEST,balance_sheet,value,0.0,ACTUAL,VNSTOCK_BRONZE
AVG,LATEST,balance_sheet,order,49.0,ACTUAL,VNSTOCK_BRONZE
AVG,LATEST,balance_sheet,level,2.0,ACTUAL,VNSTOCK_BRONZE
AVG,LATEST,balance_sheet,off_balance,0.0,ACTUAL,VNSTOCK_BRONZE
AVG,LATEST,balance_sheet,value,0.0,ACTUAL,VNSTOCK_BRONZE
AVG,LATEST,balance_sheet,order,50.0,ACTUAL,VNSTOCK_BRONZE
AVG,LATEST,balance_sheet,level,1.0,ACTUAL,VNSTOCK_BRONZE
AVG,LATEST,balance_sheet,off_balance,0.0,ACTUAL,VNSTOCK_BRONZE
AVG,LATEST,balance_sheet,value,0.0,ACTUAL,VNSTOCK_BRONZE
AVG,LATEST,balance_sheet,order,51.0,ACTUAL,VNSTOCK_BRONZE
AVG,LATEST,balance_sheet,level,2.0,ACTUAL,VNSTOCK_BRONZE
AVG,LATEST,balance_sheet,off_balance,0.0,ACTUAL,VNSTOCK_BRONZE
AVG,LATEST,balance_sheet,value,0.0,ACTUAL,VNSTOCK_BRONZE
AVG,LATEST,balance_sheet,order,52.0,ACTUAL,VNSTOCK_BRONZE
AVG,LATEST,balance_sheet,level,2.0,ACTUAL,VNSTOCK_BRONZE
AVG,LATEST,balance_sheet,off_balance,0.0,ACTUAL,VNSTOCK_BRONZE
AVG,LATEST,balance_sheet,value,0.0,ACTUAL,VNSTOCK_BRONZE
AVG,LATEST,balance_sheet,order,53.0,ACTUAL,VNSTOCK_BRONZE
AVG,LATEST,balance_sheet,level,2.0,ACTUAL,VNSTOCK_BRONZE
AVG,LATEST,balance_sheet,off_balance,0.0,ACTUAL,VNSTOCK_BRONZE
AVG,LATEST,balance_sheet,value,0.0,ACTUAL,VNSTOCK_BRONZE
AVG,LATEST,balance_sheet,order,54.0,ACTUAL,VNSTOCK_BRONZE
AVG,LATEST,balance_sheet,level,2.0,ACTUAL,VNSTOCK_BRONZE
AVG,LATEST,balance_sheet,off_balance,0.0,ACTUAL,VNSTOCK_BRONZE
AVG,LATEST,balance_sheet,value,0.0,ACTUAL,VNSTOCK_BRONZE
AVG,LATEST,balance_sheet,order,55.0,ACTUAL,VNSTOCK_BRONZE
AVG,LATEST,balance_sheet,level,2.0,ACTUAL,VNSTOCK_BRONZE
AVG,LATEST,balance_sheet,off_balance,0.0,ACTUAL,VNSTOCK_BRONZE
AVG,LATEST,balance_sheet,value,0.0,ACTUAL,VNSTOCK_BRONZE
AVG,LATEST,balance_sheet,order,56.0,ACTUAL,VNSTOCK_BRONZE
AVG,LATEST,balance_sheet,level,1.0,ACTUAL,VNSTOCK_BRONZE
AVG,LATEST,balance_sheet,off_balance,0.0,ACTUAL,VNSTOCK_BRONZE
AVG,LATEST,balance_sheet,value,13600008646.0,ACTUAL,VNSTOCK_BRONZE
AVG,LATEST,balance_sheet,order,57.0,ACTUAL,VNSTOCK_BRONZE
AVG,LATEST,balance_sheet,level,2.0,ACTUAL,VNSTOCK_BRONZE
AVG,LATEST,balance_sheet,off_balance,0.0,ACTUAL,VNSTOCK_BRONZE
AVG,LATEST,balance_sheet,value,0.0,ACTUAL,VNSTOCK_BRONZE
AVG,LATEST,balance_sheet,order,58.0,ACTUAL,VNSTOCK_BRONZE
AVG,LATEST,balance_sheet,level,2.0,ACTUAL,VNSTOCK_BRONZE
AVG,LATEST,balance_sheet,off_balance,0.0,ACTUAL,VNSTOCK_BRONZE
AVG,LATEST,balance_sheet,value,13600008646.0,ACTUAL,VNSTOCK_BRONZE
AVG,LATEST,balance_sheet,order,59.0,ACTUAL,VNSTOCK_BRONZE
AVG,LATEST,balance_sheet,level,2.0,ACTUAL,VNSTOCK_BRONZE
AVG,LATEST,balance_sheet,off_balance,0.0,ACTUAL,VNSTOCK_BRONZE
AVG,LATEST,balance_sheet,value,0.0,ACTUAL,VNSTOCK_BRONZE
AVG,LATEST,balance_sheet,order,60.0,ACTUAL,VNSTOCK_BRONZE
AVG,LATEST,balance_sheet,level,2.0,ACTUAL,VNSTOCK_BRONZE
AVG,LATEST,balance_sheet,off_balance,0.0,ACTUAL,VNSTOCK_BRONZE
AVG,LATEST,balance_sheet,value,0.0,ACTUAL,VNSTOCK_BRONZE
AVG,LATEST,balance_sheet,order,61.0,ACTUAL,VNSTOCK_BRONZE
AVG,LATEST,balance_sheet,level,2.0,ACTUAL,VNSTOCK_BRONZE
AVG,LATEST,balance_sheet,off_balance,0.0,ACTUAL,VNSTOCK_BRONZE
AVG,LATEST,balance_sheet,value,0.0,ACTUAL,VNSTOCK_BRONZE
AVG,LATEST,balance_sheet,order,62.0,ACTUAL,VNSTOCK_BRONZE
AVG,LATEST,balance_sheet,level,2.0,ACTUAL,VNSTOCK_BRONZE
AVG,LATEST,balance_sheet,off_balance,0.0,ACTUAL,VNSTOCK_BRONZE
AVG,LATEST,balance_sheet,value,0.0,ACTUAL,VNSTOCK_BRONZE
AVG,LATEST,balance_sheet,order,63.0,ACTUAL,VNSTOCK_BRONZE
AVG,LATEST,balance_sheet,level,1.0,ACTUAL,VNSTOCK_BRONZE
AVG,LATEST,balance_sheet,off_balance,0.0,ACTUAL,VNSTOCK_BRONZE
AVG,LATEST,balance_sheet,value,381317877500.0,ACTUAL,VNSTOCK_BRONZE
AVG,LATEST,balance_sheet,order,64.0,ACTUAL,VNSTOCK_BRONZE
AVG,LATEST,balance_sheet,level,1.0,ACTUAL,VNSTOCK_BRONZE
AVG,LATEST,balance_sheet,off_balance,0.0,ACTUAL,VNSTOCK_BRONZE
AVG,LATEST,balance_sheet,value,162760112587.0,ACTUAL,VNSTOCK_BRONZE
AVG,LATEST,balance_sheet,order,65.0,ACTUAL,VNSTOCK_BRONZE
AVG,LATEST,balance_sheet,level,1.0,ACTUAL,VNSTOCK_BRONZE
AVG,LATEST,balance_sheet,off_balance,0.0,ACTUAL,VNSTOCK_BRONZE
AVG,LATEST,balance_sheet,value,156906864750.0,ACTUAL,VNSTOCK_BRONZE
AVG,LATEST,balance_sheet,order,66.0,ACTUAL,VNSTOCK_BRONZE
AVG,LATEST,balance_sheet,level,2.0,ACTUAL,VNSTOCK_BRONZE
AVG,LATEST,balance_sheet,off_balance,0.0,ACTUAL,VNSTOCK_BRONZE
AVG,LATEST,balance_sheet,value,0.0,ACTUAL,VNSTOCK_BRONZE
AVG,LATEST,balance_sheet,order,67.0,ACTUAL,VNSTOCK_BRONZE
AVG,LATEST,balance_sheet,level,2.0,ACTUAL,VNSTOCK_BRONZE
AVG,LATEST,balance_sheet,off_balance,0.0,ACTUAL,VNSTOCK_BRONZE
AVG,LATEST,balance_sheet,value,0.0,ACTUAL,VNSTOCK_BRONZE
AVG,LATEST,balance_sheet,order,68.0,ACTUAL,VNSTOCK_BRONZE
AVG,LATEST,balance_sheet,level,2.0,ACTUAL,VNSTOCK_BRONZE
AVG,LATEST,balance_sheet,off_balance,0.0,ACTUAL,VNSTOCK_BRONZE
AVG,LATEST,balance_sheet,value,0.0,ACTUAL,VNSTOCK_BRONZE
AVG,LATEST,balance_sheet,order,69.0,ACTUAL,VNSTOCK_BRONZE
AVG,LATEST,balance_sheet,level,2.0,ACTUAL,VNSTOCK_BRONZE
AVG,LATEST,balance_sheet,off_balance,0.0,ACTUAL,VNSTOCK_BRONZE
AVG,LATEST,balance_sheet,value,29803083602.0,ACTUAL,VNSTOCK_BRONZE
AVG,LATEST,balance_sheet,order,70.0,ACTUAL,VNSTOCK_BRONZE
AVG,LATEST,balance_sheet,level,2.0,ACTUAL,VNSTOCK_BRONZE
AVG,LATEST,balance_sheet,off_balance,0.0,ACTUAL,VNSTOCK_BRONZE
AVG,LATEST,balance_sheet,value,11000000.0,ACTUAL,VNSTOCK_BRONZE
AVG,LATEST,balance_sheet,order,71.0,ACTUAL,VNSTOCK_BRONZE
AVG,LATEST,balance_sheet,level,2.0,ACTUAL,VNSTOCK_BRONZE
AVG,LATEST,balance_sheet,off_balance,0.0,ACTUAL,VNSTOCK_BRONZE
AVG,LATEST,balance_sheet,value,280484924.0,ACTUAL,VNSTOCK_BRONZE
AVG,LATEST,balance_sheet,order,72.0,ACTUAL,VNSTOCK_BRONZE
AVG,LATEST,balance_sheet,level,2.0,ACTUAL,VNSTOCK_BRONZE
AVG,LATEST,balance_sheet,off_balance,0.0,ACTUAL,VNSTOCK_BRONZE
AVG,LATEST,balance_sheet,value,541366791.0,ACTUAL,VNSTOCK_BRONZE
AVG,LATEST,balance_sheet,order,73.0,ACTUAL,VNSTOCK_BRONZE
AVG,LATEST,balance_sheet,level,2.0,ACTUAL,VNSTOCK_BRONZE
AVG,LATEST,balance_sheet,off_balance,0.0,ACTUAL,VNSTOCK_BRONZE
AVG,LATEST,balance_sheet,value,263404893.0,ACTUAL,VNSTOCK_BRONZE
AVG,LATEST,balance_sheet,order,74.0,ACTUAL,VNSTOCK_BRONZE
AVG,LATEST,balance_sheet,level,2.0,ACTUAL,VNSTOCK_BRONZE
AVG,LATEST,balance_sheet,off_balance,0.0,ACTUAL,VNSTOCK_BRONZE
AVG,LATEST,balance_sheet,value,0.0,ACTUAL,VNSTOCK_BRONZE
AVG,LATEST,balance_sheet,order,75.0,ACTUAL,VNSTOCK_BRONZE
AVG,LATEST,balance_sheet,level,2.0,ACTUAL,VNSTOCK_BRONZE
AVG,LATEST,balance_sheet,off_balance,0.0,ACTUAL,VNSTOCK_BRONZE
AVG,LATEST,balance_sheet,value,0.0,ACTUAL,VNSTOCK_BRONZE
AVG,LATEST,balance_sheet,order,76.0,ACTUAL,VNSTOCK_BRONZE
AVG,LATEST,balance_sheet,level,2.0,ACTUAL,VNSTOCK_BRONZE
AVG,LATEST,balance_sheet,off_balance,0.0,ACTUAL,VNSTOCK_BRONZE
AVG,LATEST,balance_sheet,value,595451209.0,ACTUAL,VNSTOCK_BRONZE
AVG,LATEST,balance_sheet,order,77.0,ACTUAL,VNSTOCK_BRONZE
AVG,LATEST,balance_sheet,level,2.0,ACTUAL,VNSTOCK_BRONZE
AVG,LATEST,balance_sheet,off_balance,0.0,ACTUAL,VNSTOCK_BRONZE
AVG,LATEST,balance_sheet,value,125412073331.0,ACTUAL,VNSTOCK_BRONZE
AVG,LATEST,balance_sheet,order,78.0,ACTUAL,VNSTOCK_BRONZE
AVG,LATEST,balance_sheet,level,2.0,ACTUAL,VNSTOCK_BRONZE
AVG,LATEST,balance_sheet,off_balance,0.0,ACTUAL,VNSTOCK_BRONZE
AVG,LATEST,balance_sheet,value,0.0,ACTUAL,VNSTOCK_BRONZE
AVG,LATEST,balance_sheet,order,79.0,ACTUAL,VNSTOCK_BRONZE
AVG,LATEST,balance_sheet,level,2.0,ACTUAL,VNSTOCK_BRONZE
AVG,LATEST,balance_sheet,off_balance,0.0,ACTUAL,VNSTOCK_BRONZE
AVG,LATEST,balance_sheet,value,0.0,ACTUAL,VNSTOCK_BRONZE
AVG,LATEST,balance_sheet,order,80.0,ACTUAL,VNSTOCK_BRONZE
AVG,LATEST,balance_sheet,level,2.0,ACTUAL,VNSTOCK_BRONZE
AVG,LATEST,balance_sheet,off_balance,0.0,ACTUAL,VNSTOCK_BRONZE
AVG,LATEST,balance_sheet,value,0.0,ACTUAL,VNSTOCK_BRONZE
AVG,LATEST,balance_sheet,order,81.0,ACTUAL,VNSTOCK_BRONZE
AVG,LATEST,balance_sheet,level,2.0,ACTUAL,VNSTOCK_BRONZE
AVG,LATEST,balance_sheet,off_balance,0.0,ACTUAL,VNSTOCK_BRONZE
AVG,LATEST,balance_sheet,value,0.0,ACTUAL,VNSTOCK_BRONZE
AVG,LATEST,balance_sheet,order,82.0,ACTUAL,VNSTOCK_BRONZE
AVG,LATEST,balance_sheet,level,1.0,ACTUAL,VNSTOCK_BRONZE
AVG,LATEST,balance_sheet,off_balance,0.0,ACTUAL,VNSTOCK_BRONZE
AVG,LATEST,balance_sheet,value,5853247837.0,ACTUAL,VNSTOCK_BRONZE
AVG,LATEST,balance_sheet,order,83.0,ACTUAL,VNSTOCK_BRONZE
AVG,LATEST,balance_sheet,level,2.0,ACTUAL,VNSTOCK_BRONZE
AVG,LATEST,balance_sheet,off_balance,0.0,ACTUAL,VNSTOCK_BRONZE
AVG,LATEST,balance_sheet,value,0.0,ACTUAL,VNSTOCK_BRONZE
AVG,LATEST,balance_sheet,order,84.0,ACTUAL,VNSTOCK_BRONZE
AVG,LATEST,balance_sheet,level,2.0,ACTUAL,VNSTOCK_BRONZE
AVG,LATEST,balance_sheet,off_balance,0.0,ACTUAL,VNSTOCK_BRONZE
AVG,LATEST,balance_sheet,order,85.0,ACTUAL,VNSTOCK_BRONZE
AVG,LATEST,balance_sheet,level,2.0,ACTUAL,VNSTOCK_BRONZE
AVG,LATEST,balance_sheet,off_balance,0.0,ACTUAL,VNSTOCK_BRONZE
AVG,LATEST,balance_sheet,value,0.0,ACTUAL,VNSTOCK_BRONZE
AVG,LATEST,balance_sheet,order,86.0,ACTUAL,VNSTOCK_BRONZE
AVG,LATEST,balance_sheet,level,2.0,ACTUAL,VNSTOCK_BRONZE
AVG,LATEST,balance_sheet,off_balance,0.0,ACTUAL,VNSTOCK_BRONZE
AVG,LATEST,balance_sheet,value,0.0,ACTUAL,VNSTOCK_BRONZE
AVG,LATEST,balance_sheet,order,87.0,ACTUAL,VNSTOCK_BRONZE
AVG,LATEST,balance_sheet,level,2.0,ACTUAL,VNSTOCK_BRONZE
AVG,LATEST,balance_sheet,off_balance,0.0,ACTUAL,VNSTOCK_BRONZE
AVG,LATEST,balance_sheet,value,0.0,ACTUAL,VNSTOCK_BRONZE
AVG,LATEST,balance_sheet,order,88.0,ACTUAL,VNSTOCK_BRONZE
AVG,LATEST,balance_sheet,level,2.0,ACTUAL,VNSTOCK_BRONZE
AVG,LATEST,balance_sheet,off_balance,0.0,ACTUAL,VNSTOCK_BRONZE
AVG,LATEST,balance_sheet,value,0.0,ACTUAL,VNSTOCK_BRONZE
AVG,LATEST,balance_sheet,order,89.0,ACTUAL,VNSTOCK_BRONZE
AVG,LATEST,balance_sheet,level,2.0,ACTUAL,VNSTOCK_BRONZE
AVG,LATEST,balance_sheet,off_balance,0.0,ACTUAL,VNSTOCK_BRONZE
AVG,LATEST,balance_sheet,value,0.0,ACTUAL,VNSTOCK_BRONZE
AVG,LATEST,balance_sheet,order,90.0,ACTUAL,VNSTOCK_BRONZE
AVG,LATEST,balance_sheet,level,2.0,ACTUAL,VNSTOCK_BRONZE
AVG,LATEST,balance_sheet,off_balance,0.0,ACTUAL,VNSTOCK_BRONZE
AVG,LATEST,balance_sheet,value,206931600.0,ACTUAL,VNSTOCK_BRONZE
AVG,LATEST,balance_sheet,order,91.0,ACTUAL,VNSTOCK_BRONZE
AVG,LATEST,balance_sheet,level,2.0,ACTUAL,VNSTOCK_BRONZE
AVG,LATEST,balance_sheet,off_balance,0.0,ACTUAL,VNSTOCK_BRONZE
AVG,LATEST,balance_sheet,value,5646316237.0,ACTUAL,VNSTOCK_BRONZE
AVG,LATEST,balance_sheet,order,92.0,ACTUAL,VNSTOCK_BRONZE
AVG,LATEST,balance_sheet,level,2.0,ACTUAL,VNSTOCK_BRONZE
AVG,LATEST,balance_sheet,off_balance,0.0,ACTUAL,VNSTOCK_BRONZE
AVG,LATEST,balance_sheet,value,0.0,ACTUAL,VNSTOCK_BRONZE
AVG,LATEST,balance_sheet,order,93.0,ACTUAL,VNSTOCK_BRONZE
AVG,LATEST,balance_sheet,level,2.0,ACTUAL,VNSTOCK_BRONZE
AVG,LATEST,balance_sheet,off_balance,0.0,ACTUAL,VNSTOCK_BRONZE
AVG,LATEST,balance_sheet,value,0.0,ACTUAL,VNSTOCK_BRONZE
AVG,LATEST,balance_sheet,order,94.0,ACTUAL,VNSTOCK_BRONZE
AVG,LATEST,balance_sheet,level,2.0,ACTUAL,VNSTOCK_BRONZE
AVG,LATEST,balance_sheet,off_balance,0.0,ACTUAL,VNSTOCK_BRONZE
AVG,LATEST,balance_sheet,value,0.0,ACTUAL,VNSTOCK_BRONZE
AVG,LATEST,balance_sheet,order,95.0,ACTUAL,VNSTOCK_BRONZE
AVG,LATEST,balance_sheet,level,2.0,ACTUAL,VNSTOCK_BRONZE
AVG,LATEST,balance_sheet,off_balance,0.0,ACTUAL,VNSTOCK_BRONZE
AVG,LATEST,balance_sheet,value,0.0,ACTUAL,VNSTOCK_BRONZE
AVG,LATEST,balance_sheet,order,96.0,ACTUAL,VNSTOCK_BRONZE
AVG,LATEST,balance_sheet,level,1.0,ACTUAL,VNSTOCK_BRONZE
AVG,LATEST,balance_sheet,off_balance,0.0,ACTUAL,VNSTOCK_BRONZE
AVG,LATEST,balance_sheet,value,218557764913.0,ACTUAL,VNSTOCK_BRONZE
AVG,LATEST,balance_sheet,order,97.0,ACTUAL,VNSTOCK_BRONZE
AVG,LATEST,balance_sheet,level,1.0,ACTUAL,VNSTOCK_BRONZE
AVG,LATEST,balance_sheet,off_balance,0.0,ACTUAL,VNSTOCK_BRONZE
AVG,LATEST,balance_sheet,value,218557764913.0,ACTUAL,VNSTOCK_BRONZE
AVG,LATEST,balance_sheet,order,98.0,ACTUAL,VNSTOCK_BRONZE
AVG,LATEST,balance_sheet,level,2.0,ACTUAL,VNSTOCK_BRONZE
AVG,LATEST,balance_sheet,off_balance,0.0,ACTUAL,VNSTOCK_BRONZE
AVG,LATEST,balance_sheet,value,0.0,ACTUAL,VNSTOCK_BRONZE
AVG,LATEST,balance_sheet,order,99.0,ACTUAL,VNSTOCK_BRONZE
AVG,LATEST,balance_sheet,level,2.0,ACTUAL,VNSTOCK_BRONZE
AVG,LATEST,balance_sheet,off_balance,0.0,ACTUAL,VNSTOCK_BRONZE
AVG,LATEST,balance_sheet,value,0.0,ACTUAL,VNSTOCK_BRONZE
AVG,LATEST,balance_sheet,order,100.0,ACTUAL,VNSTOCK_BRONZE
AVG,LATEST,balance_sheet,level,2.0,ACTUAL,VNSTOCK_BRONZE
AVG,LATEST,balance_sheet,off_balance,0.0,ACTUAL,VNSTOCK_BRONZE
AVG,LATEST,balance_sheet,value,0.0,ACTUAL,VNSTOCK_BRONZE
AVG,LATEST,balance_sheet,order,101.0,ACTUAL,VNSTOCK_BRONZE
AVG,LATEST,balance_sheet,level,2.0,ACTUAL,VNSTOCK_BRONZE
AVG,LATEST,balance_sheet,off_balance,0.0,ACTUAL,VNSTOCK_BRONZE
AVG,LATEST,balance_sheet,value,0.0,ACTUAL,VNSTOCK_BRONZE
AVG,LATEST,balance_sheet,order,102.0,ACTUAL,VNSTOCK_BRONZE
AVG,LATEST,balance_sheet,level,2.0,ACTUAL,VNSTOCK_BRONZE
AVG,LATEST,balance_sheet,off_balance,0.0,ACTUAL,VNSTOCK_BRONZE
AVG,LATEST,balance_sheet,value,136000000000.0,ACTUAL,VNSTOCK_BRONZE
AVG,LATEST,balance_sheet,order,103.0,ACTUAL,VNSTOCK_BRONZE
AVG,LATEST,balance_sheet,level,3.0,ACTUAL,VNSTOCK_BRONZE
AVG,LATEST,balance_sheet,off_balance,0.0,ACTUAL,VNSTOCK_BRONZE
AVG,LATEST,balance_sheet,value,136000000000.0,ACTUAL,VNSTOCK_BRONZE
AVG,LATEST,balance_sheet,order,104.0,ACTUAL,VNSTOCK_BRONZE
AVG,LATEST,balance_sheet,level,2.0,ACTUAL,VNSTOCK_BRONZE
AVG,LATEST,balance_sheet,off_balance,0.0,ACTUAL,VNSTOCK_BRONZE
AVG,LATEST,balance_sheet,value,0.0,ACTUAL,VNSTOCK_BRONZE
AVG,LATEST,balance_sheet,order,105.0,ACTUAL,VNSTOCK_BRONZE
AVG,LATEST,balance_sheet,level,2.0,ACTUAL,VNSTOCK_BRONZE
AVG,LATEST,balance_sheet,off_balance,0.0,ACTUAL,VNSTOCK_BRONZE
AVG,LATEST,balance_sheet,value,0.0,ACTUAL,VNSTOCK_BRONZE
AVG,LATEST,balance_sheet,order,106.0,ACTUAL,VNSTOCK_BRONZE
AVG,LATEST,balance_sheet,level,2.0,ACTUAL,VNSTOCK_BRONZE
AVG,LATEST,balance_sheet,off_balance,0.0,ACTUAL,VNSTOCK_BRONZE
AVG,LATEST,balance_sheet,value,0.0,ACTUAL,VNSTOCK_BRONZE
AVG,LATEST,balance_sheet,order,107.0,ACTUAL,VNSTOCK_BRONZE
AVG,LATEST,balance_sheet,level,2.0,ACTUAL,VNSTOCK_BRONZE
AVG,LATEST,balance_sheet,off_balance,0.0,ACTUAL,VNSTOCK_BRONZE
AVG,LATEST,balance_sheet,value,0.0,ACTUAL,VNSTOCK_BRONZE
AVG,LATEST,balance_sheet,order,108.0,ACTUAL,VNSTOCK_BRONZE
AVG,LATEST,balance_sheet,level,2.0,ACTUAL,VNSTOCK_BRONZE
AVG,LATEST,balance_sheet,off_balance,0.0,ACTUAL,VNSTOCK_BRONZE
AVG,LATEST,balance_sheet,value,0.0,ACTUAL,VNSTOCK_BRONZE
AVG,LATEST,balance_sheet,order,109.0,ACTUAL,VNSTOCK_BRONZE
AVG,LATEST,balance_sheet,level,2.0,ACTUAL,VNSTOCK_BRONZE
AVG,LATEST,balance_sheet,off_balance,0.0,ACTUAL,VNSTOCK_BRONZE
AVG,LATEST,balance_sheet,value,471167081.0,ACTUAL,VNSTOCK_BRONZE
AVG,LATEST,balance_sheet,order,110.0,ACTUAL,VNSTOCK_BRONZE
AVG,LATEST,balance_sheet,level,2.0,ACTUAL,VNSTOCK_BRONZE
AVG,LATEST,balance_sheet,off_balance,0.0,ACTUAL,VNSTOCK_BRONZE
AVG,LATEST,balance_sheet,value,0.0,ACTUAL,VNSTOCK_BRONZE
AVG,LATEST,balance_sheet,order,111.0,ACTUAL,VNSTOCK_BRONZE
AVG,LATEST,balance_sheet,level,2.0,ACTUAL,VNSTOCK_BRONZE
AVG,LATEST,balance_sheet,off_balance,0.0,ACTUAL,VNSTOCK_BRONZE
AVG,LATEST,balance_sheet,value,0.0,ACTUAL,VNSTOCK_BRONZE
AVG,LATEST,balance_sheet,order,112.0,ACTUAL,VNSTOCK_BRONZE
AVG,LATEST,balance_sheet,level,2.0,ACTUAL,VNSTOCK_BRONZE
AVG,LATEST,balance_sheet,off_balance,0.0,ACTUAL,VNSTOCK_BRONZE
AVG,LATEST,balance_sheet,value,78897788337.0,ACTUAL,VNSTOCK_BRONZE
AVG,LATEST,balance_sheet,order,113.0,ACTUAL,VNSTOCK_BRONZE
AVG,LATEST,balance_sheet,level,3.0,ACTUAL,VNSTOCK_BRONZE
AVG,LATEST,balance_sheet,off_balance,0.0,ACTUAL,VNSTOCK_BRONZE
AVG,LATEST,balance_sheet,value,74501190045.0,ACTUAL,VNSTOCK_BRONZE
AVG,LATEST,balance_sheet,order,114.0,ACTUAL,VNSTOCK_BRONZE
AVG,LATEST,balance_sheet,level,3.0,ACTUAL,VNSTOCK_BRONZE
AVG,LATEST,balance_sheet,off_balance,0.0,ACTUAL,VNSTOCK_BRONZE
AVG,LATEST,balance_sheet,value,4396598292.0,ACTUAL,VNSTOCK_BRONZE
AVG,LATEST,balance_sheet,order,115.0,ACTUAL,VNSTOCK_BRONZE
AVG,LATEST,balance_sheet,level,2.0,ACTUAL,VNSTOCK_BRONZE
AVG,LATEST,balance_sheet,off_balance,0.0,ACTUAL,VNSTOCK_BRONZE
AVG,LATEST,balance_sheet,value,3188809495.0,ACTUAL,VNSTOCK_BRONZE
AVG,LATEST,balance_sheet,order,116.0,ACTUAL,VNSTOCK_BRONZE
AVG,LATEST,balance_sheet,level,1.0,ACTUAL,VNSTOCK_BRONZE
AVG,LATEST,balance_sheet,off_balance,0.0,ACTUAL,VNSTOCK_BRONZE
AVG,LATEST,balance_sheet,value,0.0,ACTUAL,VNSTOCK_BRONZE
AVG,LATEST,balance_sheet,order,117.0,ACTUAL,VNSTOCK_BRONZE
AVG,LATEST,balance_sheet,level,2.0,ACTUAL,VNSTOCK_BRONZE
AVG,LATEST,balance_sheet,off_balance,0.0,ACTUAL,VNSTOCK_BRONZE
AVG,LATEST,balance_sheet,value,0.0,ACTUAL,VNSTOCK_BRONZE
AVG,LATEST,balance_sheet,order,118.0,ACTUAL,VNSTOCK_BRONZE
AVG,LATEST,balance_sheet,level,1.0,ACTUAL,VNSTOCK_BRONZE
AVG,LATEST,balance_sheet,off_balance,0.0,ACTUAL,VNSTOCK_BRONZE
AVG,LATEST,balance_sheet,value,381317877500.0,ACTUAL,VNSTOCK_BRONZE
AVG,LATEST,balance_sheet,order,1.0,ACTUAL,VNSTOCK_BRONZE
AVG,LATEST,balance_sheet,level,1.0,ACTUAL,VNSTOCK_BRONZE
AVG,LATEST,balance_sheet,off_balance,0.0,ACTUAL,VNSTOCK_BRONZE
AVG,LATEST,balance_sheet,value,171362387051.0,ACTUAL,VNSTOCK_BRONZE
AVG,LATEST,balance_sheet,order,2.0,ACTUAL,VNSTOCK_BRONZE
AVG,LATEST,balance_sheet,level,1.0,ACTUAL,VNSTOCK_BRONZE
AVG,LATEST,balance_sheet,off_balance,0.0,ACTUAL,VNSTOCK_BRONZE
AVG,LATEST,balance_sheet,value,10049643884.0,ACTUAL,VNSTOCK_BRONZE
AVG,LATEST,balance_sheet,order,3.0,ACTUAL,VNSTOCK_BRONZE
AVG,LATEST,balance_sheet,level,2.0,ACTUAL,VNSTOCK_BRONZE
AVG,LATEST,balance_sheet,off_balance,0.0,ACTUAL,VNSTOCK_BRONZE
AVG,LATEST,balance_sheet,value,10049643884.0,ACTUAL,VNSTOCK_BRONZE
AVG,LATEST,balance_sheet,order,4.0,ACTUAL,VNSTOCK_BRONZE
AVG,LATEST,balance_sheet,level,2.0,ACTUAL,VNSTOCK_BRONZE
AVG,LATEST,balance_sheet,off_balance,0.0,ACTUAL,VNSTOCK_BRONZE
AVG,LATEST,balance_sheet,value,0.0,ACTUAL,VNSTOCK_BRONZE
AVG,LATEST,balance_sheet,order,5.0,ACTUAL,VNSTOCK_BRONZE
AVG,LATEST,balance_sheet,level,1.0,ACTUAL,VNSTOCK_BRONZE
AVG,LATEST,balance_sheet,off_balance,0.0,ACTUAL,VNSTOCK_BRONZE
AVG,LATEST,balance_sheet,value,0.0,ACTUAL,VNSTOCK_BRONZE
AVG,LATEST,balance_sheet,order,6.0,ACTUAL,VNSTOCK_BRONZE
AVG,LATEST,balance_sheet,level,2.0,ACTUAL,VNSTOCK_BRONZE
AVG,LATEST,balance_sheet,off_balance,0.0,ACTUAL,VNSTOCK_BRONZE
AVG,LATEST,balance_sheet,value,0.0,ACTUAL,VNSTOCK_BRONZE
AVG,LATEST,balance_sheet,order,7.0,ACTUAL,VNSTOCK_BRONZE
AVG,LATEST,balance_sheet,level,2.0,ACTUAL,VNSTOCK_BRONZE
AVG,LATEST,balance_sheet,off_balance,0.0,ACTUAL,VNSTOCK_BRONZE
AVG,LATEST,balance_sheet,value,0.0,ACTUAL,VNSTOCK_BRONZE
AVG,LATEST,balance_sheet,order,8.0,ACTUAL,VNSTOCK_BRONZE
AVG,LATEST,balance_sheet,level,2.0,ACTUAL,VNSTOCK_BRONZE
AVG,LATEST,balance_sheet,off_balance,0.0,ACTUAL,VNSTOCK_BRONZE
AVG,LATEST,balance_sheet,value,0.0,ACTUAL,VNSTOCK_BRONZE
AVG,LATEST,balance_sheet,order,9.0,ACTUAL,VNSTOCK_BRONZE
AVG,LATEST,balance_sheet,level,1.0,ACTUAL,VNSTOCK_BRONZE
AVG,LATEST,balance_sheet,off_balance,0.0,ACTUAL,VNSTOCK_BRONZE
AVG,LATEST,balance_sheet,value,61543806514.0,ACTUAL,VNSTOCK_BRONZE
AVG,LATEST,balance_sheet,order,10.0,ACTUAL,VNSTOCK_BRONZE
AVG,LATEST,balance_sheet,level,2.0,ACTUAL,VNSTOCK_BRONZE
AVG,LATEST,balance_sheet,off_balance,0.0,ACTUAL,VNSTOCK_BRONZE
AVG,LATEST,balance_sheet,value,51130580187.0,ACTUAL,VNSTOCK_BRONZE
AVG,LATEST,balance_sheet,order,11.0,ACTUAL,VNSTOCK_BRONZE
AVG,LATEST,balance_sheet,level,2.0,ACTUAL,VNSTOCK_BRONZE
AVG,LATEST,balance_sheet,off_balance,0.0,ACTUAL,VNSTOCK_BRONZE
AVG,LATEST,balance_sheet,value,9862675767.0,ACTUAL,VNSTOCK_BRONZE
AVG,LATEST,balance_sheet,order,12.0,ACTUAL,VNSTOCK_BRONZE
AVG,LATEST,balance_sheet,level,2.0,ACTUAL,VNSTOCK_BRONZE
AVG,LATEST,balance_sheet,off_balance,0.0,ACTUAL,VNSTOCK_BRONZE
AVG,LATEST,balance_sheet,value,0.0,ACTUAL,VNSTOCK_BRONZE
AVG,LATEST,balance_sheet,order,13.0,ACTUAL,VNSTOCK_BRONZE
AVG,LATEST,balance_sheet,level,2.0,ACTUAL,VNSTOCK_BRONZE
AVG,LATEST,balance_sheet,off_balance,0.0,ACTUAL,VNSTOCK_BRONZE
AVG,LATEST,balance_sheet,value,0.0,ACTUAL,VNSTOCK_BRONZE
AVG,LATEST,balance_sheet,order,14.0,ACTUAL,VNSTOCK_BRONZE
AVG,LATEST,balance_sheet,level,2.0,ACTUAL,VNSTOCK_BRONZE
AVG,LATEST,balance_sheet,off_balance,0.0,ACTUAL,VNSTOCK_BRONZE
AVG,LATEST,balance_sheet,value,0.0,ACTUAL,VNSTOCK_BRONZE
AVG,LATEST,balance_sheet,order,15.0,ACTUAL,VNSTOCK_BRONZE
AVG,LATEST,balance_sheet,level,2.0,ACTUAL,VNSTOCK_BRONZE
AVG,LATEST,balance_sheet,off_balance,0.0,ACTUAL,VNSTOCK_BRONZE
AVG,LATEST,balance_sheet,value,550550560.0,ACTUAL,VNSTOCK_BRONZE
AVG,LATEST,balance_sheet,order,16.0,ACTUAL,VNSTOCK_BRONZE
AVG,LATEST,balance_sheet,level,2.0,ACTUAL,VNSTOCK_BRONZE
AVG,LATEST,balance_sheet,off_balance,0.0,ACTUAL,VNSTOCK_BRONZE
AVG,LATEST,balance_sheet,value,0.0,ACTUAL,VNSTOCK_BRONZE
AVG,LATEST,balance_sheet,order,17.0,ACTUAL,VNSTOCK_BRONZE
AVG,LATEST,balance_sheet,level,2.0,ACTUAL,VNSTOCK_BRONZE
AVG,LATEST,balance_sheet,off_balance,0.0,ACTUAL,VNSTOCK_BRONZE
AVG,LATEST,balance_sheet,value,0.0,ACTUAL,VNSTOCK_BRONZE
AVG,LATEST,balance_sheet,order,18.0,ACTUAL,VNSTOCK_BRONZE
AVG,LATEST,balance_sheet,level,1.0,ACTUAL,VNSTOCK_BRONZE
AVG,LATEST,balance_sheet,off_balance,0.0,ACTUAL,VNSTOCK_BRONZE
AVG,LATEST,balance_sheet,value,96866652218.0,ACTUAL,VNSTOCK_BRONZE
AVG,LATEST,balance_sheet,order,19.0,ACTUAL,VNSTOCK_BRONZE
AVG,LATEST,balance_sheet,level,2.0,ACTUAL,VNSTOCK_BRONZE
AVG,LATEST,balance_sheet,off_balance,0.0,ACTUAL,VNSTOCK_BRONZE
AVG,LATEST,balance_sheet,value,96866652218.0,ACTUAL,VNSTOCK_BRONZE
AVG,LATEST,balance_sheet,order,20.0,ACTUAL,VNSTOCK_BRONZE
AVG,LATEST,balance_sheet,level,2.0,ACTUAL,VNSTOCK_BRONZE
AVG,LATEST,balance_sheet,off_balance,0.0,ACTUAL,VNSTOCK_BRONZE
AVG,LATEST,balance_sheet,value,0.0,ACTUAL,VNSTOCK_BRONZE
AVG,LATEST,balance_sheet,order,21.0,ACTUAL,VNSTOCK_BRONZE
AVG,LATEST,balance_sheet,level,1.0,ACTUAL,VNSTOCK_BRONZE
AVG,LATEST,balance_sheet,off_balance,0.0,ACTUAL,VNSTOCK_BRONZE
AVG,LATEST,balance_sheet,value,2902284435.0,ACTUAL,VNSTOCK_BRONZE
AVG,LATEST,balance_sheet,order,22.0,ACTUAL,VNSTOCK_BRONZE
AVG,LATEST,balance_sheet,level,2.0,ACTUAL,VNSTOCK_BRONZE
AVG,LATEST,balance_sheet,off_balance,0.0,ACTUAL,VNSTOCK_BRONZE
AVG,LATEST,balance_sheet,value,49899350.0,ACTUAL,VNSTOCK_BRONZE
AVG,LATEST,balance_sheet,order,23.0,ACTUAL,VNSTOCK_BRONZE
AVG,LATEST,balance_sheet,level,2.0,ACTUAL,VNSTOCK_BRONZE
AVG,LATEST,balance_sheet,off_balance,0.0,ACTUAL,VNSTOCK_BRONZE
AVG,LATEST,balance_sheet,value,2852385085.0,ACTUAL,VNSTOCK_BRONZE
AVG,LATEST,balance_sheet,order,24.0,ACTUAL,VNSTOCK_BRONZE
AVG,LATEST,balance_sheet,level,2.0,ACTUAL,VNSTOCK_BRONZE
AVG,LATEST,balance_sheet,off_balance,0.0,ACTUAL,VNSTOCK_BRONZE
AVG,LATEST,balance_sheet,value,0.0,ACTUAL,VNSTOCK_BRONZE
AVG,LATEST,balance_sheet,order,25.0,ACTUAL,VNSTOCK_BRONZE
AVG,LATEST,balance_sheet,level,2.0,ACTUAL,VNSTOCK_BRONZE
AVG,LATEST,balance_sheet,off_balance,0.0,ACTUAL,VNSTOCK_BRONZE
AVG,LATEST,balance_sheet,value,0.0,ACTUAL,VNSTOCK_BRONZE
AVG,LATEST,balance_sheet,order,26.0,ACTUAL,VNSTOCK_BRONZE
AVG,LATEST,balance_sheet,level,1.0,ACTUAL,VNSTOCK_BRONZE
AVG,LATEST,balance_sheet,off_balance,0.0,ACTUAL,VNSTOCK_BRONZE
AVG,LATEST,balance_sheet,value,186845690122.0,ACTUAL,VNSTOCK_BRONZE
AVG,LATEST,balance_sheet,order,27.0,ACTUAL,VNSTOCK_BRONZE
AVG,LATEST,balance_sheet,level,1.0,ACTUAL,VNSTOCK_BRONZE
AVG,LATEST,balance_sheet,off_balance,0.0,ACTUAL,VNSTOCK_BRONZE
AVG,LATEST,balance_sheet,value,20000000.0,ACTUAL,VNSTOCK_BRONZE
AVG,LATEST,balance_sheet,order,28.0,ACTUAL,VNSTOCK_BRONZE
AVG,LATEST,balance_sheet,level,2.0,ACTUAL,VNSTOCK_BRONZE
AVG,LATEST,balance_sheet,off_balance,0.0,ACTUAL,VNSTOCK_BRONZE
AVG,LATEST,balance_sheet,value,0.0,ACTUAL,VNSTOCK_BRONZE
AVG,LATEST,balance_sheet,order,29.0,ACTUAL,VNSTOCK_BRONZE
AVG,LATEST,balance_sheet,level,2.0,ACTUAL,VNSTOCK_BRONZE
AVG,LATEST,balance_sheet,off_balance,0.0,ACTUAL,VNSTOCK_BRONZE
AVG,LATEST,balance_sheet,value,0.0,ACTUAL,VNSTOCK_BRONZE
AVG,LATEST,balance_sheet,order,30.0,ACTUAL,VNSTOCK_BRONZE
AVG,LATEST,balance_sheet,level,2.0,ACTUAL,VNSTOCK_BRONZE
AVG,LATEST,balance_sheet,off_balance,0.0,ACTUAL,VNSTOCK_BRONZE
AVG,LATEST,balance_sheet,value,0.0,ACTUAL,VNSTOCK_BRONZE
AVG,LATEST,balance_sheet,order,31.0,ACTUAL,VNSTOCK_BRONZE
AVG,LATEST,balance_sheet,level,2.0,ACTUAL,VNSTOCK_BRONZE
AVG,LATEST,balance_sheet,off_balance,0.0,ACTUAL,VNSTOCK_BRONZE
AVG,LATEST,balance_sheet,value,0.0,ACTUAL,VNSTOCK_BRONZE
AVG,LATEST,balance_sheet,order,32.0,ACTUAL,VNSTOCK_BRONZE
AVG,LATEST,balance_sheet,level,2.0,ACTUAL,VNSTOCK_BRONZE
AVG,LATEST,balance_sheet,off_balance,0.0,ACTUAL,VNSTOCK_BRONZE
AVG,LATEST,balance_sheet,value,20000000.0,ACTUAL,VNSTOCK_BRONZE
AVG,LATEST,balance_sheet,order,33.0,ACTUAL,VNSTOCK_BRONZE
AVG,LATEST,balance_sheet,level,2.0,ACTUAL,VNSTOCK_BRONZE
AVG,LATEST,balance_sheet,off_balance,0.0,ACTUAL,VNSTOCK_BRONZE
AVG,LATEST,balance_sheet,value,-0.0,ACTUAL,VNSTOCK_BRONZE
AVG,LATEST,balance_sheet,order,34.0,ACTUAL,VNSTOCK_BRONZE
AVG,LATEST,balance_sheet,level,1.0,ACTUAL,VNSTOCK_BRONZE
AVG,LATEST,balance_sheet,off_balance,0.0,ACTUAL,VNSTOCK_BRONZE
AVG,LATEST,balance_sheet,value,92791623551.0,ACTUAL,VNSTOCK_BRONZE
AVG,LATEST,balance_sheet,order,35.0,ACTUAL,VNSTOCK_BRONZE
AVG,LATEST,balance_sheet,level,2.0,ACTUAL,VNSTOCK_BRONZE
AVG,LATEST,balance_sheet,off_balance,0.0,ACTUAL,VNSTOCK_BRONZE
AVG,LATEST,balance_sheet,value,63037440488.0,ACTUAL,VNSTOCK_BRONZE
AVG,LATEST,balance_sheet,order,36.0,ACTUAL,VNSTOCK_BRONZE
AVG,LATEST,balance_sheet,level,3.0,ACTUAL,VNSTOCK_BRONZE
AVG,LATEST,balance_sheet,off_balance,0.0,ACTUAL,VNSTOCK_BRONZE
AVG,LATEST,balance_sheet,value,78674610767.0,ACTUAL,VNSTOCK_BRONZE
AVG,LATEST,balance_sheet,order,37.0,ACTUAL,VNSTOCK_BRONZE
AVG,LATEST,balance_sheet,level,3.0,ACTUAL,VNSTOCK_BRONZE
AVG,LATEST,balance_sheet,off_balance,0.0,ACTUAL,VNSTOCK_BRONZE
AVG,LATEST,balance_sheet,value,-15637170279.0,ACTUAL,VNSTOCK_BRONZE
AVG,LATEST,balance_sheet,order,38.0,ACTUAL,VNSTOCK_BRONZE
AVG,LATEST,balance_sheet,level,2.0,ACTUAL,VNSTOCK_BRONZE
AVG,LATEST,balance_sheet,off_balance,0.0,ACTUAL,VNSTOCK_BRONZE
AVG,LATEST,balance_sheet,value,4647504865.0,ACTUAL,VNSTOCK_BRONZE
AVG,LATEST,balance_sheet,order,39.0,ACTUAL,VNSTOCK_BRONZE
AVG,LATEST,balance_sheet,level,3.0,ACTUAL,VNSTOCK_BRONZE
AVG,LATEST,balance_sheet,off_balance,0.0,ACTUAL,VNSTOCK_BRONZE
AVG,LATEST,balance_sheet,value,5265505600.0,ACTUAL,VNSTOCK_BRONZE
AVG,LATEST,balance_sheet,order,40.0,ACTUAL,VNSTOCK_BRONZE
AVG,LATEST,balance_sheet,level,3.0,ACTUAL,VNSTOCK_BRONZE
AVG,LATEST,balance_sheet,off_balance,0.0,ACTUAL,VNSTOCK_BRONZE
AVG,LATEST,balance_sheet,value,-618000735.0,ACTUAL,VNSTOCK_BRONZE
AVG,LATEST,balance_sheet,order,41.0,ACTUAL,VNSTOCK_BRONZE
AVG,LATEST,balance_sheet,level,2.0,ACTUAL,VNSTOCK_BRONZE
AVG,LATEST,balance_sheet,off_balance,0.0,ACTUAL,VNSTOCK_BRONZE
AVG,LATEST,balance_sheet,value,25106678198.0,ACTUAL,VNSTOCK_BRONZE
AVG,LATEST,balance_sheet,order,42.0,ACTUAL,VNSTOCK_BRONZE
AVG,LATEST,balance_sheet,level,3.0,ACTUAL,VNSTOCK_BRONZE
AVG,LATEST,balance_sheet,off_balance,0.0,ACTUAL,VNSTOCK_BRONZE
AVG,LATEST,balance_sheet,value,28677302852.0,ACTUAL,VNSTOCK_BRONZE
AVG,LATEST,balance_sheet,order,43.0,ACTUAL,VNSTOCK_BRONZE
AVG,LATEST,balance_sheet,level,3.0,ACTUAL,VNSTOCK_BRONZE
AVG,LATEST,balance_sheet,off_balance,0.0,ACTUAL,VNSTOCK_BRONZE
AVG,LATEST,balance_sheet,value,-3570624654.0,ACTUAL,VNSTOCK_BRONZE
AVG,LATEST,balance_sheet,order,44.0,ACTUAL,VNSTOCK_BRONZE
AVG,LATEST,balance_sheet,level,1.0,ACTUAL,VNSTOCK_BRONZE
AVG,LATEST,balance_sheet,off_balance,0.0,ACTUAL,VNSTOCK_BRONZE
AVG,LATEST,balance_sheet,value,80294196733.0,ACTUAL,VNSTOCK_BRONZE
AVG,LATEST,balance_sheet,order,45.0,ACTUAL,VNSTOCK_BRONZE
AVG,LATEST,balance_sheet,level,2.0,ACTUAL,VNSTOCK_BRONZE
AVG,LATEST,balance_sheet,off_balance,0.0,ACTUAL,VNSTOCK_BRONZE
AVG,LATEST,balance_sheet,value,91190175481.0,ACTUAL,VNSTOCK_BRONZE
AVG,LATEST,balance_sheet,order,46.0,ACTUAL,VNSTOCK_BRONZE
AVG,LATEST,balance_sheet,level,2.0,ACTUAL,VNSTOCK_BRONZE
AVG,LATEST,balance_sheet,off_balance,0.0,ACTUAL,VNSTOCK_BRONZE
AVG,LATEST,balance_sheet,value,-10895978748.0,ACTUAL,VNSTOCK_BRONZE
AVG,LATEST,balance_sheet,order,47.0,ACTUAL,VNSTOCK_BRONZE
AVG,LATEST,balance_sheet,level,1.0,ACTUAL,VNSTOCK_BRONZE
AVG,LATEST,balance_sheet,off_balance,0.0,ACTUAL,VNSTOCK_BRONZE
AVG,LATEST,balance_sheet,value,0.0,ACTUAL,VNSTOCK_BRONZE
AVG,LATEST,balance_sheet,order,48.0,ACTUAL,VNSTOCK_BRONZE
AVG,LATEST,balance_sheet,level,2.0,ACTUAL,VNSTOCK_BRONZE
AVG,LATEST,balance_sheet,off_balance,0.0,ACTUAL,VNSTOCK_BRONZE
AVG,LATEST,balance_sheet,value,0.0,ACTUAL,VNSTOCK_BRONZE
AVG,LATEST,balance_sheet,order,49.0,ACTUAL,VNSTOCK_BRONZE
AVG,LATEST,balance_sheet,level,2.0,ACTUAL,VNSTOCK_BRONZE
AVG,LATEST,balance_sheet,off_balance,0.0,ACTUAL,VNSTOCK_BRONZE
AVG,LATEST,balance_sheet,value,0.0,ACTUAL,VNSTOCK_BRONZE
AVG,LATEST,balance_sheet,order,50.0,ACTUAL,VNSTOCK_BRONZE
AVG,LATEST,balance_sheet,level,1.0,ACTUAL,VNSTOCK_BRONZE
AVG,LATEST,balance_sheet,off_balance,0.0,ACTUAL,VNSTOCK_BRONZE
AVG,LATEST,balance_sheet,value,0.0,ACTUAL,VNSTOCK_BRONZE
AVG,LATEST,balance_sheet,order,51.0,ACTUAL,VNSTOCK_BRONZE
AVG,LATEST,balance_sheet,level,2.0,ACTUAL,VNSTOCK_BRONZE
AVG,LATEST,balance_sheet,off_balance,0.0,ACTUAL,VNSTOCK_BRONZE
AVG,LATEST,balance_sheet,value,0.0,ACTUAL,VNSTOCK_BRONZE
AVG,LATEST,balance_sheet,order,52.0,ACTUAL,VNSTOCK_BRONZE
AVG,LATEST,balance_sheet,level,2.0,ACTUAL,VNSTOCK_BRONZE
AVG,LATEST,balance_sheet,off_balance,0.0,ACTUAL,VNSTOCK_BRONZE
AVG,LATEST,balance_sheet,value,0.0,ACTUAL,VNSTOCK_BRONZE
AVG,LATEST,balance_sheet,order,53.0,ACTUAL,VNSTOCK_BRONZE
AVG,LATEST,balance_sheet,level,2.0,ACTUAL,VNSTOCK_BRONZE
AVG,LATEST,balance_sheet,off_balance,0.0,ACTUAL,VNSTOCK_BRONZE
AVG,LATEST,balance_sheet,value,0.0,ACTUAL,VNSTOCK_BRONZE
AVG,LATEST,balance_sheet,order,54.0,ACTUAL,VNSTOCK_BRONZE
AVG,LATEST,balance_sheet,level,2.0,ACTUAL,VNSTOCK_BRONZE
AVG,LATEST,balance_sheet,off_balance,0.0,ACTUAL,VNSTOCK_BRONZE
AVG,LATEST,balance_sheet,value,0.0,ACTUAL,VNSTOCK_BRONZE
AVG,LATEST,balance_sheet,order,55.0,ACTUAL,VNSTOCK_BRONZE
AVG,LATEST,balance_sheet,level,2.0,ACTUAL,VNSTOCK_BRONZE
AVG,LATEST,balance_sheet,off_balance,0.0,ACTUAL,VNSTOCK_BRONZE
AVG,LATEST,balance_sheet,value,0.0,ACTUAL,VNSTOCK_BRONZE
AVG,LATEST,balance_sheet,order,56.0,ACTUAL,VNSTOCK_BRONZE
AVG,LATEST,balance_sheet,level,1.0,ACTUAL,VNSTOCK_BRONZE
AVG,LATEST,balance_sheet,off_balance,0.0,ACTUAL,VNSTOCK_BRONZE
AVG,LATEST,balance_sheet,value,13739869838.0,ACTUAL,VNSTOCK_BRONZE
AVG,LATEST,balance_sheet,order,57.0,ACTUAL,VNSTOCK_BRONZE
AVG,LATEST,balance_sheet,level,2.0,ACTUAL,VNSTOCK_BRONZE
AVG,LATEST,balance_sheet,off_balance,0.0,ACTUAL,VNSTOCK_BRONZE
AVG,LATEST,balance_sheet,value,0.0,ACTUAL,VNSTOCK_BRONZE
AVG,LATEST,balance_sheet,order,58.0,ACTUAL,VNSTOCK_BRONZE
AVG,LATEST,balance_sheet,level,2.0,ACTUAL,VNSTOCK_BRONZE
AVG,LATEST,balance_sheet,off_balance,0.0,ACTUAL,VNSTOCK_BRONZE
AVG,LATEST,balance_sheet,value,13739869838.0,ACTUAL,VNSTOCK_BRONZE
AVG,LATEST,balance_sheet,order,59.0,ACTUAL,VNSTOCK_BRONZE
AVG,LATEST,balance_sheet,level,2.0,ACTUAL,VNSTOCK_BRONZE
AVG,LATEST,balance_sheet,off_balance,0.0,ACTUAL,VNSTOCK_BRONZE
AVG,LATEST,balance_sheet,value,0.0,ACTUAL,VNSTOCK_BRONZE
AVG,LATEST,balance_sheet,order,60.0,ACTUAL,VNSTOCK_BRONZE
AVG,LATEST,balance_sheet,level,2.0,ACTUAL,VNSTOCK_BRONZE
AVG,LATEST,balance_sheet,off_balance,0.0,ACTUAL,VNSTOCK_BRONZE
AVG,LATEST,balance_sheet,value,0.0,ACTUAL,VNSTOCK_BRONZE
AVG,LATEST,balance_sheet,order,61.0,ACTUAL,VNSTOCK_BRONZE
AVG,LATEST,balance_sheet,level,2.0,ACTUAL,VNSTOCK_BRONZE
AVG,LATEST,balance_sheet,off_balance,0.0,ACTUAL,VNSTOCK_BRONZE
AVG,LATEST,balance_sheet,value,0.0,ACTUAL,VNSTOCK_BRONZE
AVG,LATEST,balance_sheet,order,62.0,ACTUAL,VNSTOCK_BRONZE
AVG,LATEST,balance_sheet,level,2.0,ACTUAL,VNSTOCK_BRONZE
AVG,LATEST,balance_sheet,off_balance,0.0,ACTUAL,VNSTOCK_BRONZE
AVG,LATEST,balance_sheet,value,0.0,ACTUAL,VNSTOCK_BRONZE
AVG,LATEST,balance_sheet,order,63.0,ACTUAL,VNSTOCK_BRONZE
AVG,LATEST,balance_sheet,level,1.0,ACTUAL,VNSTOCK_BRONZE
AVG,LATEST,balance_sheet,off_balance,0.0,ACTUAL,VNSTOCK_BRONZE
AVG,LATEST,balance_sheet,value,358208077173.0,ACTUAL,VNSTOCK_BRONZE
AVG,LATEST,balance_sheet,order,64.0,ACTUAL,VNSTOCK_BRONZE
AVG,LATEST,balance_sheet,level,1.0,ACTUAL,VNSTOCK_BRONZE
AVG,LATEST,balance_sheet,off_balance,0.0,ACTUAL,VNSTOCK_BRONZE
AVG,LATEST,balance_sheet,value,142013041208.0,ACTUAL,VNSTOCK_BRONZE
AVG,LATEST,balance_sheet,order,65.0,ACTUAL,VNSTOCK_BRONZE
AVG,LATEST,balance_sheet,level,1.0,ACTUAL,VNSTOCK_BRONZE
AVG,LATEST,balance_sheet,off_balance,0.0,ACTUAL,VNSTOCK_BRONZE
AVG,LATEST,balance_sheet,value,134506603415.0,ACTUAL,VNSTOCK_BRONZE
AVG,LATEST,balance_sheet,order,66.0,ACTUAL,VNSTOCK_BRONZE
AVG,LATEST,balance_sheet,level,2.0,ACTUAL,VNSTOCK_BRONZE
AVG,LATEST,balance_sheet,off_balance,0.0,ACTUAL,VNSTOCK_BRONZE
AVG,LATEST,balance_sheet,value,0.0,ACTUAL,VNSTOCK_BRONZE
AVG,LATEST,balance_sheet,order,67.0,ACTUAL,VNSTOCK_BRONZE
AVG,LATEST,balance_sheet,level,2.0,ACTUAL,VNSTOCK_BRONZE
AVG,LATEST,balance_sheet,off_balance,0.0,ACTUAL,VNSTOCK_BRONZE
AVG,LATEST,balance_sheet,value,0.0,ACTUAL,VNSTOCK_BRONZE
AVG,LATEST,balance_sheet,order,68.0,ACTUAL,VNSTOCK_BRONZE
AVG,LATEST,balance_sheet,level,2.0,ACTUAL,VNSTOCK_BRONZE
AVG,LATEST,balance_sheet,off_balance,0.0,ACTUAL,VNSTOCK_BRONZE
AVG,LATEST,balance_sheet,value,0.0,ACTUAL,VNSTOCK_BRONZE
AVG,LATEST,balance_sheet,order,69.0,ACTUAL,VNSTOCK_BRONZE
AVG,LATEST,balance_sheet,level,2.0,ACTUAL,VNSTOCK_BRONZE
AVG,LATEST,balance_sheet,off_balance,0.0,ACTUAL,VNSTOCK_BRONZE
AVG,LATEST,balance_sheet,value,17051524761.0,ACTUAL,VNSTOCK_BRONZE
AVG,LATEST,balance_sheet,order,70.0,ACTUAL,VNSTOCK_BRONZE
AVG,LATEST,balance_sheet,level,2.0,ACTUAL,VNSTOCK_BRONZE
AVG,LATEST,balance_sheet,off_balance,0.0,ACTUAL,VNSTOCK_BRONZE
AVG,LATEST,balance_sheet,value,783687193.0,ACTUAL,VNSTOCK_BRONZE
AVG,LATEST,balance_sheet,order,71.0,ACTUAL,VNSTOCK_BRONZE
AVG,LATEST,balance_sheet,level,2.0,ACTUAL,VNSTOCK_BRONZE
AVG,LATEST,balance_sheet,off_balance,0.0,ACTUAL,VNSTOCK_BRONZE
AVG,LATEST,balance_sheet,value,580731070.0,ACTUAL,VNSTOCK_BRONZE
AVG,LATEST,balance_sheet,order,72.0,ACTUAL,VNSTOCK_BRONZE
AVG,LATEST,balance_sheet,level,2.0,ACTUAL,VNSTOCK_BRONZE
AVG,LATEST,balance_sheet,off_balance,0.0,ACTUAL,VNSTOCK_BRONZE
AVG,LATEST,balance_sheet,value,566476178.0,ACTUAL,VNSTOCK_BRONZE
AVG,LATEST,balance_sheet,order,73.0,ACTUAL,VNSTOCK_BRONZE
AVG,LATEST,balance_sheet,level,2.0,ACTUAL,VNSTOCK_BRONZE
AVG,LATEST,balance_sheet,off_balance,0.0,ACTUAL,VNSTOCK_BRONZE
AVG,LATEST,balance_sheet,value,0.0,ACTUAL,VNSTOCK_BRONZE
AVG,LATEST,balance_sheet,order,74.0,ACTUAL,VNSTOCK_BRONZE
AVG,LATEST,balance_sheet,level,2.0,ACTUAL,VNSTOCK_BRONZE
AVG,LATEST,balance_sheet,off_balance,0.0,ACTUAL,VNSTOCK_BRONZE
AVG,LATEST,balance_sheet,value,0.0,ACTUAL,VNSTOCK_BRONZE
AVG,LATEST,balance_sheet,order,75.0,ACTUAL,VNSTOCK_BRONZE
AVG,LATEST,balance_sheet,level,2.0,ACTUAL,VNSTOCK_BRONZE
AVG,LATEST,balance_sheet,off_balance,0.0,ACTUAL,VNSTOCK_BRONZE
AVG,LATEST,balance_sheet,value,0.0,ACTUAL,VNSTOCK_BRONZE
AVG,LATEST,balance_sheet,order,76.0,ACTUAL,VNSTOCK_BRONZE
AVG,LATEST,balance_sheet,level,2.0,ACTUAL,VNSTOCK_BRONZE
AVG,LATEST,balance_sheet,off_balance,0.0,ACTUAL,VNSTOCK_BRONZE
AVG,LATEST,balance_sheet,value,383821304.0,ACTUAL,VNSTOCK_BRONZE
AVG,LATEST,balance_sheet,order,77.0,ACTUAL,VNSTOCK_BRONZE
AVG,LATEST,balance_sheet,level,2.0,ACTUAL,VNSTOCK_BRONZE
AVG,LATEST,balance_sheet,off_balance,0.0,ACTUAL,VNSTOCK_BRONZE
AVG,LATEST,balance_sheet,value,115140362909.0,ACTUAL,VNSTOCK_BRONZE
AVG,LATEST,balance_sheet,order,78.0,ACTUAL,VNSTOCK_BRONZE
AVG,LATEST,balance_sheet,level,2.0,ACTUAL,VNSTOCK_BRONZE
AVG,LATEST,balance_sheet,off_balance,0.0,ACTUAL,VNSTOCK_BRONZE
AVG,LATEST,balance_sheet,value,0.0,ACTUAL,VNSTOCK_BRONZE
AVG,LATEST,balance_sheet,order,79.0,ACTUAL,VNSTOCK_BRONZE
AVG,LATEST,balance_sheet,level,2.0,ACTUAL,VNSTOCK_BRONZE
AVG,LATEST,balance_sheet,off_balance,0.0,ACTUAL,VNSTOCK_BRONZE
AVG,LATEST,balance_sheet,value,0.0,ACTUAL,VNSTOCK_BRONZE
AVG,LATEST,balance_sheet,order,80.0,ACTUAL,VNSTOCK_BRONZE
AVG,LATEST,balance_sheet,level,2.0,ACTUAL,VNSTOCK_BRONZE
AVG,LATEST,balance_sheet,off_balance,0.0,ACTUAL,VNSTOCK_BRONZE
AVG,LATEST,balance_sheet,value,0.0,ACTUAL,VNSTOCK_BRONZE
AVG,LATEST,balance_sheet,order,81.0,ACTUAL,VNSTOCK_BRONZE
AVG,LATEST,balance_sheet,level,2.0,ACTUAL,VNSTOCK_BRONZE
AVG,LATEST,balance_sheet,off_balance,0.0,ACTUAL,VNSTOCK_BRONZE
AVG,LATEST,balance_sheet,value,0.0,ACTUAL,VNSTOCK_BRONZE
AVG,LATEST,balance_sheet,order,82.0,ACTUAL,VNSTOCK_BRONZE
AVG,LATEST,balance_sheet,level,1.0,ACTUAL,VNSTOCK_BRONZE
AVG,LATEST,balance_sheet,off_balance,0.0,ACTUAL,VNSTOCK_BRONZE
AVG,LATEST,balance_sheet,value,7506437793.0,ACTUAL,VNSTOCK_BRONZE
AVG,LATEST,balance_sheet,order,83.0,ACTUAL,VNSTOCK_BRONZE
AVG,LATEST,balance_sheet,level,2.0,ACTUAL,VNSTOCK_BRONZE
AVG,LATEST,balance_sheet,off_balance,0.0,ACTUAL,VNSTOCK_BRONZE
AVG,LATEST,balance_sheet,value,0.0,ACTUAL,VNSTOCK_BRONZE
AVG,LATEST,balance_sheet,order,84.0,ACTUAL,VNSTOCK_BRONZE
AVG,LATEST,balance_sheet,level,2.0,ACTUAL,VNSTOCK_BRONZE
AVG,LATEST,balance_sheet,off_balance,0.0,ACTUAL,VNSTOCK_BRONZE
AVG,LATEST,balance_sheet,order,85.0,ACTUAL,VNSTOCK_BRONZE
AVG,LATEST,balance_sheet,level,2.0,ACTUAL,VNSTOCK_BRONZE
AVG,LATEST,balance_sheet,off_balance,0.0,ACTUAL,VNSTOCK_BRONZE
AVG,LATEST,balance_sheet,value,0.0,ACTUAL,VNSTOCK_BRONZE
AVG,LATEST,balance_sheet,order,86.0,ACTUAL,VNSTOCK_BRONZE
AVG,LATEST,balance_sheet,level,2.0,ACTUAL,VNSTOCK_BRONZE
AVG,LATEST,balance_sheet,off_balance,0.0,ACTUAL,VNSTOCK_BRONZE
AVG,LATEST,balance_sheet,value,0.0,ACTUAL,VNSTOCK_BRONZE
AVG,LATEST,balance_sheet,order,87.0,ACTUAL,VNSTOCK_BRONZE
AVG,LATEST,balance_sheet,level,2.0,ACTUAL,VNSTOCK_BRONZE
AVG,LATEST,balance_sheet,off_balance,0.0,ACTUAL,VNSTOCK_BRONZE
AVG,LATEST,balance_sheet,value,0.0,ACTUAL,VNSTOCK_BRONZE
AVG,LATEST,balance_sheet,order,88.0,ACTUAL,VNSTOCK_BRONZE
AVG,LATEST,balance_sheet,level,2.0,ACTUAL,VNSTOCK_BRONZE
AVG,LATEST,balance_sheet,off_balance,0.0,ACTUAL,VNSTOCK_BRONZE
AVG,LATEST,balance_sheet,value,0.0,ACTUAL,VNSTOCK_BRONZE
AVG,LATEST,balance_sheet,order,89.0,ACTUAL,VNSTOCK_BRONZE
AVG,LATEST,balance_sheet,level,2.0,ACTUAL,VNSTOCK_BRONZE
AVG,LATEST,balance_sheet,off_balance,0.0,ACTUAL,VNSTOCK_BRONZE
AVG,LATEST,balance_sheet,value,0.0,ACTUAL,VNSTOCK_BRONZE
AVG,LATEST,balance_sheet,order,90.0,ACTUAL,VNSTOCK_BRONZE
AVG,LATEST,balance_sheet,level,2.0,ACTUAL,VNSTOCK_BRONZE
AVG,LATEST,balance_sheet,off_balance,0.0,ACTUAL,VNSTOCK_BRONZE
AVG,LATEST,balance_sheet,value,406931600.0,ACTUAL,VNSTOCK_BRONZE
AVG,LATEST,balance_sheet,order,91.0,ACTUAL,VNSTOCK_BRONZE
AVG,LATEST,balance_sheet,level,2.0,ACTUAL,VNSTOCK_BRONZE
AVG,LATEST,balance_sheet,off_balance,0.0,ACTUAL,VNSTOCK_BRONZE
AVG,LATEST,balance_sheet,value,7099506193.0,ACTUAL,VNSTOCK_BRONZE
AVG,LATEST,balance_sheet,order,92.0,ACTUAL,VNSTOCK_BRONZE
AVG,LATEST,balance_sheet,level,2.0,ACTUAL,VNSTOCK_BRONZE
AVG,LATEST,balance_sheet,off_balance,0.0,ACTUAL,VNSTOCK_BRONZE
AVG,LATEST,balance_sheet,value,0.0,ACTUAL,VNSTOCK_BRONZE
AVG,LATEST,balance_sheet,order,93.0,ACTUAL,VNSTOCK_BRONZE
AVG,LATEST,balance_sheet,level,2.0,ACTUAL,VNSTOCK_BRONZE
AVG,LATEST,balance_sheet,off_balance,0.0,ACTUAL,VNSTOCK_BRONZE
AVG,LATEST,balance_sheet,value,0.0,ACTUAL,VNSTOCK_BRONZE
AVG,LATEST,balance_sheet,order,94.0,ACTUAL,VNSTOCK_BRONZE
AVG,LATEST,balance_sheet,level,2.0,ACTUAL,VNSTOCK_BRONZE
AVG,LATEST,balance_sheet,off_balance,0.0,ACTUAL,VNSTOCK_BRONZE
AVG,LATEST,balance_sheet,value,0.0,ACTUAL,VNSTOCK_BRONZE
AVG,LATEST,balance_sheet,order,95.0,ACTUAL,VNSTOCK_BRONZE
AVG,LATEST,balance_sheet,level,2.0,ACTUAL,VNSTOCK_BRONZE
AVG,LATEST,balance_sheet,off_balance,0.0,ACTUAL,VNSTOCK_BRONZE
AVG,LATEST,balance_sheet,value,0.0,ACTUAL,VNSTOCK_BRONZE
AVG,LATEST,balance_sheet,order,96.0,ACTUAL,VNSTOCK_BRONZE
AVG,LATEST,balance_sheet,level,1.0,ACTUAL,VNSTOCK_BRONZE
AVG,LATEST,balance_sheet,off_balance,0.0,ACTUAL,VNSTOCK_BRONZE
AVG,LATEST,balance_sheet,value,216195035965.0,ACTUAL,VNSTOCK_BRONZE
AVG,LATEST,balance_sheet,order,97.0,ACTUAL,VNSTOCK_BRONZE
AVG,LATEST,balance_sheet,level,1.0,ACTUAL,VNSTOCK_BRONZE
AVG,LATEST,balance_sheet,off_balance,0.0,ACTUAL,VNSTOCK_BRONZE
AVG,LATEST,balance_sheet,value,216195035965.0,ACTUAL,VNSTOCK_BRONZE
AVG,LATEST,balance_sheet,order,98.0,ACTUAL,VNSTOCK_BRONZE
AVG,LATEST,balance_sheet,level,2.0,ACTUAL,VNSTOCK_BRONZE
AVG,LATEST,balance_sheet,off_balance,0.0,ACTUAL,VNSTOCK_BRONZE
AVG,LATEST,balance_sheet,value,0.0,ACTUAL,VNSTOCK_BRONZE
AVG,LATEST,balance_sheet,order,99.0,ACTUAL,VNSTOCK_BRONZE
AVG,LATEST,balance_sheet,level,2.0,ACTUAL,VNSTOCK_BRONZE
AVG,LATEST,balance_sheet,off_balance,0.0,ACTUAL,VNSTOCK_BRONZE
AVG,LATEST,balance_sheet,value,0.0,ACTUAL,VNSTOCK_BRONZE
AVG,LATEST,balance_sheet,order,100.0,ACTUAL,VNSTOCK_BRONZE
AVG,LATEST,balance_sheet,level,2.0,ACTUAL,VNSTOCK_BRONZE
AVG,LATEST,balance_sheet,off_balance,0.0,ACTUAL,VNSTOCK_BRONZE
AVG,LATEST,balance_sheet,value,0.0,ACTUAL,VNSTOCK_BRONZE
AVG,LATEST,balance_sheet,order,101.0,ACTUAL,VNSTOCK_BRONZE
AVG,LATEST,balance_sheet,level,2.0,ACTUAL,VNSTOCK_BRONZE
AVG,LATEST,balance_sheet,off_balance,0.0,ACTUAL,VNSTOCK_BRONZE
AVG,LATEST,balance_sheet,value,0.0,ACTUAL,VNSTOCK_BRONZE
AVG,LATEST,balance_sheet,order,102.0,ACTUAL,VNSTOCK_BRONZE
AVG,LATEST,balance_sheet,level,2.0,ACTUAL,VNSTOCK_BRONZE
AVG,LATEST,balance_sheet,off_balance,0.0,ACTUAL,VNSTOCK_BRONZE
AVG,LATEST,balance_sheet,value,136000000000.0,ACTUAL,VNSTOCK_BRONZE
AVG,LATEST,balance_sheet,order,103.0,ACTUAL,VNSTOCK_BRONZE
AVG,LATEST,balance_sheet,level,3.0,ACTUAL,VNSTOCK_BRONZE
AVG,LATEST,balance_sheet,off_balance,0.0,ACTUAL,VNSTOCK_BRONZE
AVG,LATEST,balance_sheet,value,136000000000.0,ACTUAL,VNSTOCK_BRONZE
AVG,LATEST,balance_sheet,order,104.0,ACTUAL,VNSTOCK_BRONZE
AVG,LATEST,balance_sheet,level,2.0,ACTUAL,VNSTOCK_BRONZE
AVG,LATEST,balance_sheet,off_balance,0.0,ACTUAL,VNSTOCK_BRONZE
AVG,LATEST,balance_sheet,value,0.0,ACTUAL,VNSTOCK_BRONZE
AVG,LATEST,balance_sheet,order,105.0,ACTUAL,VNSTOCK_BRONZE
AVG,LATEST,balance_sheet,level,2.0,ACTUAL,VNSTOCK_BRONZE
AVG,LATEST,balance_sheet,off_balance,0.0,ACTUAL,VNSTOCK_BRONZE
AVG,LATEST,balance_sheet,value,0.0,ACTUAL,VNSTOCK_BRONZE
AVG,LATEST,balance_sheet,order,106.0,ACTUAL,VNSTOCK_BRONZE
AVG,LATEST,balance_sheet,level,2.0,ACTUAL,VNSTOCK_BRONZE
AVG,LATEST,balance_sheet,off_balance,0.0,ACTUAL,VNSTOCK_BRONZE
AVG,LATEST,balance_sheet,value,0.0,ACTUAL,VNSTOCK_BRONZE
AVG,LATEST,balance_sheet,order,107.0,ACTUAL,VNSTOCK_BRONZE
AVG,LATEST,balance_sheet,level,2.0,ACTUAL,VNSTOCK_BRONZE
AVG,LATEST,balance_sheet,off_balance,0.0,ACTUAL,VNSTOCK_BRONZE
AVG,LATEST,balance_sheet,value,0.0,ACTUAL,VNSTOCK_BRONZE
AVG,LATEST,balance_sheet,order,108.0,ACTUAL,VNSTOCK_BRONZE
AVG,LATEST,balance_sheet,level,2.0,ACTUAL,VNSTOCK_BRONZE
AVG,LATEST,balance_sheet,off_balance,0.0,ACTUAL,VNSTOCK_BRONZE
AVG,LATEST,balance_sheet,value,0.0,ACTUAL,VNSTOCK_BRONZE
AVG,LATEST,balance_sheet,order,109.0,ACTUAL,VNSTOCK_BRONZE
AVG,LATEST,balance_sheet,level,2.0,ACTUAL,VNSTOCK_BRONZE
AVG,LATEST,balance_sheet,off_balance,0.0,ACTUAL,VNSTOCK_BRONZE
AVG,LATEST,balance_sheet,value,471167081.0,ACTUAL,VNSTOCK_BRONZE
AVG,LATEST,balance_sheet,order,110.0,ACTUAL,VNSTOCK_BRONZE
AVG,LATEST,balance_sheet,level,2.0,ACTUAL,VNSTOCK_BRONZE
AVG,LATEST,balance_sheet,off_balance,0.0,ACTUAL,VNSTOCK_BRONZE
AVG,LATEST,balance_sheet,value,0.0,ACTUAL,VNSTOCK_BRONZE
AVG,LATEST,balance_sheet,order,111.0,ACTUAL,VNSTOCK_BRONZE
AVG,LATEST,balance_sheet,level,2.0,ACTUAL,VNSTOCK_BRONZE
AVG,LATEST,balance_sheet,off_balance,0.0,ACTUAL,VNSTOCK_BRONZE
AVG,LATEST,balance_sheet,value,0.0,ACTUAL,VNSTOCK_BRONZE
AVG,LATEST,balance_sheet,order,112.0,ACTUAL,VNSTOCK_BRONZE
AVG,LATEST,balance_sheet,level,2.0,ACTUAL,VNSTOCK_BRONZE
AVG,LATEST,balance_sheet,off_balance,0.0,ACTUAL,VNSTOCK_BRONZE
AVG,LATEST,balance_sheet,value,76553400522.0,ACTUAL,VNSTOCK_BRONZE
AVG,LATEST,balance_sheet,order,113.0,ACTUAL,VNSTOCK_BRONZE
AVG,LATEST,balance_sheet,level,3.0,ACTUAL,VNSTOCK_BRONZE
AVG,LATEST,balance_sheet,off_balance,0.0,ACTUAL,VNSTOCK_BRONZE
AVG,LATEST,balance_sheet,value,74501190045.0,ACTUAL,VNSTOCK_BRONZE
AVG,LATEST,balance_sheet,order,114.0,ACTUAL,VNSTOCK_BRONZE
AVG,LATEST,balance_sheet,level,3.0,ACTUAL,VNSTOCK_BRONZE
AVG,LATEST,balance_sheet,off_balance,0.0,ACTUAL,VNSTOCK_BRONZE
AVG,LATEST,balance_sheet,value,2052210477.0,ACTUAL,VNSTOCK_BRONZE
AVG,LATEST,balance_sheet,order,115.0,ACTUAL,VNSTOCK_BRONZE
AVG,LATEST,balance_sheet,level,2.0,ACTUAL,VNSTOCK_BRONZE
AVG,LATEST,balance_sheet,off_balance,0.0,ACTUAL,VNSTOCK_BRONZE
AVG,LATEST,balance_sheet,value,3170468362.0,ACTUAL,VNSTOCK_BRONZE
AVG,LATEST,balance_sheet,order,116.0,ACTUAL,VNSTOCK_BRONZE
AVG,LATEST,balance_sheet,level,1.0,ACTUAL,VNSTOCK_BRONZE
AVG,LATEST,balance_sheet,off_balance,0.0,ACTUAL,VNSTOCK_BRONZE
AVG,LATEST,balance_sheet,value,0.0,ACTUAL,VNSTOCK_BRONZE
AVG,LATEST,balance_sheet,order,117.0,ACTUAL,VNSTOCK_BRONZE
AVG,LATEST,balance_sheet,level,2.0,ACTUAL,VNSTOCK_BRONZE
AVG,LATEST,balance_sheet,off_balance,0.0,ACTUAL,VNSTOCK_BRONZE
AVG,LATEST,balance_sheet,value,0.0,ACTUAL,VNSTOCK_BRONZE
AVG,LATEST,balance_sheet,order,118.0,ACTUAL,VNSTOCK_BRONZE
AVG,LATEST,balance_sheet,level,1.0,ACTUAL,VNSTOCK_BRONZE
AVG,LATEST,balance_sheet,off_balance,0.0,ACTUAL,VNSTOCK_BRONZE
AVG,LATEST,balance_sheet,value,358208077173.0,ACTUAL,VNSTOCK_BRONZE
AVG,LATEST,balance_sheet,order,1.0,ACTUAL,VNSTOCK_BRONZE
AVG,LATEST,balance_sheet,level,1.0,ACTUAL,VNSTOCK_BRONZE
AVG,LATEST,balance_sheet,off_balance,0.0,ACTUAL,VNSTOCK_BRONZE
AVG,LATEST,balance_sheet,value,175829446962.0,ACTUAL,VNSTOCK_BRONZE
AVG,LATEST,balance_sheet,order,2.0,ACTUAL,VNSTOCK_BRONZE
AVG,LATEST,balance_sheet,level,1.0,ACTUAL,VNSTOCK_BRONZE
AVG,LATEST,balance_sheet,off_balance,0.0,ACTUAL,VNSTOCK_BRONZE
AVG,LATEST,balance_sheet,value,10366575712.0,ACTUAL,VNSTOCK_BRONZE
AVG,LATEST,balance_sheet,order,3.0,ACTUAL,VNSTOCK_BRONZE
AVG,LATEST,balance_sheet,level,2.0,ACTUAL,VNSTOCK_BRONZE
AVG,LATEST,balance_sheet,off_balance,0.0,ACTUAL,VNSTOCK_BRONZE
AVG,LATEST,balance_sheet,value,10366575712.0,ACTUAL,VNSTOCK_BRONZE
AVG,LATEST,balance_sheet,order,4.0,ACTUAL,VNSTOCK_BRONZE
AVG,LATEST,balance_sheet,level,2.0,ACTUAL,VNSTOCK_BRONZE
AVG,LATEST,balance_sheet,off_balance,0.0,ACTUAL,VNSTOCK_BRONZE
AVG,LATEST,balance_sheet,value,0.0,ACTUAL,VNSTOCK_BRONZE
AVG,LATEST,balance_sheet,order,5.0,ACTUAL,VNSTOCK_BRONZE
AVG,LATEST,balance_sheet,level,1.0,ACTUAL,VNSTOCK_BRONZE
AVG,LATEST,balance_sheet,off_balance,0.0,ACTUAL,VNSTOCK_BRONZE
AVG,LATEST,balance_sheet,value,10000000000.0,ACTUAL,VNSTOCK_BRONZE
AVG,LATEST,balance_sheet,order,6.0,ACTUAL,VNSTOCK_BRONZE
AVG,LATEST,balance_sheet,level,2.0,ACTUAL,VNSTOCK_BRONZE
AVG,LATEST,balance_sheet,off_balance,0.0,ACTUAL,VNSTOCK_BRONZE
AVG,LATEST,balance_sheet,value,0.0,ACTUAL,VNSTOCK_BRONZE
AVG,LATEST,balance_sheet,order,7.0,ACTUAL,VNSTOCK_BRONZE
AVG,LATEST,balance_sheet,level,2.0,ACTUAL,VNSTOCK_BRONZE
AVG,LATEST,balance_sheet,off_balance,0.0,ACTUAL,VNSTOCK_BRONZE
AVG,LATEST,balance_sheet,value,0.0,ACTUAL,VNSTOCK_BRONZE
AVG,LATEST,balance_sheet,order,8.0,ACTUAL,VNSTOCK_BRONZE
AVG,LATEST,balance_sheet,level,2.0,ACTUAL,VNSTOCK_BRONZE
AVG,LATEST,balance_sheet,off_balance,0.0,ACTUAL,VNSTOCK_BRONZE
AVG,LATEST,balance_sheet,value,10000000000.0,ACTUAL,VNSTOCK_BRONZE
AVG,LATEST,balance_sheet,order,9.0,ACTUAL,VNSTOCK_BRONZE
AVG,LATEST,balance_sheet,level,1.0,ACTUAL,VNSTOCK_BRONZE
AVG,LATEST,balance_sheet,off_balance,0.0,ACTUAL,VNSTOCK_BRONZE
AVG,LATEST,balance_sheet,value,79057968952.0,ACTUAL,VNSTOCK_BRONZE
AVG,LATEST,balance_sheet,order,10.0,ACTUAL,VNSTOCK_BRONZE
AVG,LATEST,balance_sheet,level,2.0,ACTUAL,VNSTOCK_BRONZE
AVG,LATEST,balance_sheet,off_balance,0.0,ACTUAL,VNSTOCK_BRONZE
AVG,LATEST,balance_sheet,value,66630245362.0,ACTUAL,VNSTOCK_BRONZE
AVG,LATEST,balance_sheet,order,11.0,ACTUAL,VNSTOCK_BRONZE
AVG,LATEST,balance_sheet,level,2.0,ACTUAL,VNSTOCK_BRONZE
AVG,LATEST,balance_sheet,off_balance,0.0,ACTUAL,VNSTOCK_BRONZE
AVG,LATEST,balance_sheet,value,10962542893.0,ACTUAL,VNSTOCK_BRONZE
AVG,LATEST,balance_sheet,order,12.0,ACTUAL,VNSTOCK_BRONZE
AVG,LATEST,balance_sheet,level,2.0,ACTUAL,VNSTOCK_BRONZE
AVG,LATEST,balance_sheet,off_balance,0.0,ACTUAL,VNSTOCK_BRONZE
AVG,LATEST,balance_sheet,value,0.0,ACTUAL,VNSTOCK_BRONZE
AVG,LATEST,balance_sheet,order,13.0,ACTUAL,VNSTOCK_BRONZE
AVG,LATEST,balance_sheet,level,2.0,ACTUAL,VNSTOCK_BRONZE
AVG,LATEST,balance_sheet,off_balance,0.0,ACTUAL,VNSTOCK_BRONZE
AVG,LATEST,balance_sheet,value,0.0,ACTUAL,VNSTOCK_BRONZE
AVG,LATEST,balance_sheet,order,14.0,ACTUAL,VNSTOCK_BRONZE
AVG,LATEST,balance_sheet,level,2.0,ACTUAL,VNSTOCK_BRONZE
AVG,LATEST,balance_sheet,off_balance,0.0,ACTUAL,VNSTOCK_BRONZE
AVG,LATEST,balance_sheet,value,0.0,ACTUAL,VNSTOCK_BRONZE
AVG,LATEST,balance_sheet,order,15.0,ACTUAL,VNSTOCK_BRONZE
AVG,LATEST,balance_sheet,level,2.0,ACTUAL,VNSTOCK_BRONZE
AVG,LATEST,balance_sheet,off_balance,0.0,ACTUAL,VNSTOCK_BRONZE
AVG,LATEST,balance_sheet,value,1465180697.0,ACTUAL,VNSTOCK_BRONZE
AVG,LATEST,balance_sheet,order,16.0,ACTUAL,VNSTOCK_BRONZE
AVG,LATEST,balance_sheet,level,2.0,ACTUAL,VNSTOCK_BRONZE
AVG,LATEST,balance_sheet,off_balance,0.0,ACTUAL,VNSTOCK_BRONZE
AVG,LATEST,balance_sheet,value,0.0,ACTUAL,VNSTOCK_BRONZE
AVG,LATEST,balance_sheet,order,17.0,ACTUAL,VNSTOCK_BRONZE
AVG,LATEST,balance_sheet,level,2.0,ACTUAL,VNSTOCK_BRONZE
AVG,LATEST,balance_sheet,off_balance,0.0,ACTUAL,VNSTOCK_BRONZE
AVG,LATEST,balance_sheet,value,0.0,ACTUAL,VNSTOCK_BRONZE
AVG,LATEST,balance_sheet,order,18.0,ACTUAL,VNSTOCK_BRONZE
AVG,LATEST,balance_sheet,level,1.0,ACTUAL,VNSTOCK_BRONZE
AVG,LATEST,balance_sheet,off_balance,0.0,ACTUAL,VNSTOCK_BRONZE
AVG,LATEST,balance_sheet,value,73196029620.0,ACTUAL,VNSTOCK_BRONZE
AVG,LATEST,balance_sheet,order,19.0,ACTUAL,VNSTOCK_BRONZE
AVG,LATEST,balance_sheet,level,2.0,ACTUAL,VNSTOCK_BRONZE
AVG,LATEST,balance_sheet,off_balance,0.0,ACTUAL,VNSTOCK_BRONZE
AVG,LATEST,balance_sheet,value,73196029620.0,ACTUAL,VNSTOCK_BRONZE
AVG,LATEST,balance_sheet,order,20.0,ACTUAL,VNSTOCK_BRONZE
AVG,LATEST,balance_sheet,level,2.0,ACTUAL,VNSTOCK_BRONZE
AVG,LATEST,balance_sheet,off_balance,0.0,ACTUAL,VNSTOCK_BRONZE
AVG,LATEST,balance_sheet,value,0.0,ACTUAL,VNSTOCK_BRONZE
AVG,LATEST,balance_sheet,order,21.0,ACTUAL,VNSTOCK_BRONZE
AVG,LATEST,balance_sheet,level,1.0,ACTUAL,VNSTOCK_BRONZE
AVG,LATEST,balance_sheet,off_balance,0.0,ACTUAL,VNSTOCK_BRONZE
AVG,LATEST,balance_sheet,value,3208872678.0,ACTUAL,VNSTOCK_BRONZE
AVG,LATEST,balance_sheet,order,22.0,ACTUAL,VNSTOCK_BRONZE
AVG,LATEST,balance_sheet,level,2.0,ACTUAL,VNSTOCK_BRONZE
AVG,LATEST,balance_sheet,off_balance,0.0,ACTUAL,VNSTOCK_BRONZE
AVG,LATEST,balance_sheet,value,95502942.0,ACTUAL,VNSTOCK_BRONZE
AVG,LATEST,balance_sheet,order,23.0,ACTUAL,VNSTOCK_BRONZE
AVG,LATEST,balance_sheet,level,2.0,ACTUAL,VNSTOCK_BRONZE
AVG,LATEST,balance_sheet,off_balance,0.0,ACTUAL,VNSTOCK_BRONZE
AVG,LATEST,balance_sheet,value,3113369736.0,ACTUAL,VNSTOCK_BRONZE
AVG,LATEST,balance_sheet,order,24.0,ACTUAL,VNSTOCK_BRONZE
AVG,LATEST,balance_sheet,level,2.0,ACTUAL,VNSTOCK_BRONZE
AVG,LATEST,balance_sheet,off_balance,0.0,ACTUAL,VNSTOCK_BRONZE
AVG,LATEST,balance_sheet,value,0.0,ACTUAL,VNSTOCK_BRONZE
AVG,LATEST,balance_sheet,order,25.0,ACTUAL,VNSTOCK_BRONZE
AVG,LATEST,balance_sheet,level,2.0,ACTUAL,VNSTOCK_BRONZE
AVG,LATEST,balance_sheet,off_balance,0.0,ACTUAL,VNSTOCK_BRONZE
AVG,LATEST,balance_sheet,value,0.0,ACTUAL,VNSTOCK_BRONZE
AVG,LATEST,balance_sheet,order,26.0,ACTUAL,VNSTOCK_BRONZE
AVG,LATEST,balance_sheet,level,1.0,ACTUAL,VNSTOCK_BRONZE
AVG,LATEST,balance_sheet,off_balance,0.0,ACTUAL,VNSTOCK_BRONZE
AVG,LATEST,balance_sheet,value,188411043038.0,ACTUAL,VNSTOCK_BRONZE
AVG,LATEST,balance_sheet,order,27.0,ACTUAL,VNSTOCK_BRONZE
AVG,LATEST,balance_sheet,level,1.0,ACTUAL,VNSTOCK_BRONZE
AVG,LATEST,balance_sheet,off_balance,0.0,ACTUAL,VNSTOCK_BRONZE
AVG,LATEST,balance_sheet,value,0.0,ACTUAL,VNSTOCK_BRONZE
AVG,LATEST,balance_sheet,order,28.0,ACTUAL,VNSTOCK_BRONZE
AVG,LATEST,balance_sheet,level,2.0,ACTUAL,VNSTOCK_BRONZE
AVG,LATEST,balance_sheet,off_balance,0.0,ACTUAL,VNSTOCK_BRONZE
AVG,LATEST,balance_sheet,value,0.0,ACTUAL,VNSTOCK_BRONZE
AVG,LATEST,balance_sheet,order,29.0,ACTUAL,VNSTOCK_BRONZE
AVG,LATEST,balance_sheet,level,2.0,ACTUAL,VNSTOCK_BRONZE
AVG,LATEST,balance_sheet,off_balance,0.0,ACTUAL,VNSTOCK_BRONZE
AVG,LATEST,balance_sheet,value,0.0,ACTUAL,VNSTOCK_BRONZE
AVG,LATEST,balance_sheet,order,30.0,ACTUAL,VNSTOCK_BRONZE
AVG,LATEST,balance_sheet,level,2.0,ACTUAL,VNSTOCK_BRONZE
AVG,LATEST,balance_sheet,off_balance,0.0,ACTUAL,VNSTOCK_BRONZE
AVG,LATEST,balance_sheet,value,0.0,ACTUAL,VNSTOCK_BRONZE
AVG,LATEST,balance_sheet,order,31.0,ACTUAL,VNSTOCK_BRONZE
AVG,LATEST,balance_sheet,level,2.0,ACTUAL,VNSTOCK_BRONZE
AVG,LATEST,balance_sheet,off_balance,0.0,ACTUAL,VNSTOCK_BRONZE
AVG,LATEST,balance_sheet,value,0.0,ACTUAL,VNSTOCK_BRONZE
AVG,LATEST,balance_sheet,order,32.0,ACTUAL,VNSTOCK_BRONZE
AVG,LATEST,balance_sheet,level,2.0,ACTUAL,VNSTOCK_BRONZE
AVG,LATEST,balance_sheet,off_balance,0.0,ACTUAL,VNSTOCK_BRONZE
AVG,LATEST,balance_sheet,value,0.0,ACTUAL,VNSTOCK_BRONZE
AVG,LATEST,balance_sheet,order,33.0,ACTUAL,VNSTOCK_BRONZE
AVG,LATEST,balance_sheet,level,2.0,ACTUAL,VNSTOCK_BRONZE
AVG,LATEST,balance_sheet,off_balance,0.0,ACTUAL,VNSTOCK_BRONZE
AVG,LATEST,balance_sheet,value,-0.0,ACTUAL,VNSTOCK_BRONZE
AVG,LATEST,balance_sheet,order,34.0,ACTUAL,VNSTOCK_BRONZE
AVG,LATEST,balance_sheet,level,1.0,ACTUAL,VNSTOCK_BRONZE
AVG,LATEST,balance_sheet,off_balance,0.0,ACTUAL,VNSTOCK_BRONZE
AVG,LATEST,balance_sheet,value,95107683513.0,ACTUAL,VNSTOCK_BRONZE
AVG,LATEST,balance_sheet,order,35.0,ACTUAL,VNSTOCK_BRONZE
AVG,LATEST,balance_sheet,level,2.0,ACTUAL,VNSTOCK_BRONZE
AVG,LATEST,balance_sheet,off_balance,0.0,ACTUAL,VNSTOCK_BRONZE
AVG,LATEST,balance_sheet,value,65054700675.0,ACTUAL,VNSTOCK_BRONZE
AVG,LATEST,balance_sheet,order,36.0,ACTUAL,VNSTOCK_BRONZE
AVG,LATEST,balance_sheet,level,3.0,ACTUAL,VNSTOCK_BRONZE
AVG,LATEST,balance_sheet,off_balance,0.0,ACTUAL,VNSTOCK_BRONZE
AVG,LATEST,balance_sheet,value,79728634598.0,ACTUAL,VNSTOCK_BRONZE
AVG,LATEST,balance_sheet,order,37.0,ACTUAL,VNSTOCK_BRONZE
AVG,LATEST,balance_sheet,level,3.0,ACTUAL,VNSTOCK_BRONZE
AVG,LATEST,balance_sheet,off_balance,0.0,ACTUAL,VNSTOCK_BRONZE
AVG,LATEST,balance_sheet,value,-14673933923.0,ACTUAL,VNSTOCK_BRONZE
AVG,LATEST,balance_sheet,order,38.0,ACTUAL,VNSTOCK_BRONZE
AVG,LATEST,balance_sheet,level,2.0,ACTUAL,VNSTOCK_BRONZE
AVG,LATEST,balance_sheet,off_balance,0.0,ACTUAL,VNSTOCK_BRONZE
AVG,LATEST,balance_sheet,value,4758125836.0,ACTUAL,VNSTOCK_BRONZE
AVG,LATEST,balance_sheet,order,39.0,ACTUAL,VNSTOCK_BRONZE
AVG,LATEST,balance_sheet,level,3.0,ACTUAL,VNSTOCK_BRONZE
AVG,LATEST,balance_sheet,off_balance,0.0,ACTUAL,VNSTOCK_BRONZE
AVG,LATEST,balance_sheet,value,5265505600.0,ACTUAL,VNSTOCK_BRONZE
AVG,LATEST,balance_sheet,order,40.0,ACTUAL,VNSTOCK_BRONZE
AVG,LATEST,balance_sheet,level,3.0,ACTUAL,VNSTOCK_BRONZE
AVG,LATEST,balance_sheet,off_balance,0.0,ACTUAL,VNSTOCK_BRONZE
AVG,LATEST,balance_sheet,value,-507379764.0,ACTUAL,VNSTOCK_BRONZE
AVG,LATEST,balance_sheet,order,41.0,ACTUAL,VNSTOCK_BRONZE
AVG,LATEST,balance_sheet,level,2.0,ACTUAL,VNSTOCK_BRONZE
AVG,LATEST,balance_sheet,off_balance,0.0,ACTUAL,VNSTOCK_BRONZE
AVG,LATEST,balance_sheet,value,25294857002.0,ACTUAL,VNSTOCK_BRONZE
AVG,LATEST,balance_sheet,order,42.0,ACTUAL,VNSTOCK_BRONZE
AVG,LATEST,balance_sheet,level,3.0,ACTUAL,VNSTOCK_BRONZE
AVG,LATEST,balance_sheet,off_balance,0.0,ACTUAL,VNSTOCK_BRONZE
AVG,LATEST,balance_sheet,value,28677302852.0,ACTUAL,VNSTOCK_BRONZE
AVG,LATEST,balance_sheet,order,43.0,ACTUAL,VNSTOCK_BRONZE
AVG,LATEST,balance_sheet,level,3.0,ACTUAL,VNSTOCK_BRONZE
AVG,LATEST,balance_sheet,off_balance,0.0,ACTUAL,VNSTOCK_BRONZE
AVG,LATEST,balance_sheet,value,-3382445850.0,ACTUAL,VNSTOCK_BRONZE
AVG,LATEST,balance_sheet,order,44.0,ACTUAL,VNSTOCK_BRONZE
AVG,LATEST,balance_sheet,level,1.0,ACTUAL,VNSTOCK_BRONZE
AVG,LATEST,balance_sheet,off_balance,0.0,ACTUAL,VNSTOCK_BRONZE
AVG,LATEST,balance_sheet,value,79471218029.0,ACTUAL,VNSTOCK_BRONZE
AVG,LATEST,balance_sheet,order,45.0,ACTUAL,VNSTOCK_BRONZE
AVG,LATEST,balance_sheet,level,2.0,ACTUAL,VNSTOCK_BRONZE
AVG,LATEST,balance_sheet,off_balance,0.0,ACTUAL,VNSTOCK_BRONZE
AVG,LATEST,balance_sheet,value,89439336836.0,ACTUAL,VNSTOCK_BRONZE
AVG,LATEST,balance_sheet,order,46.0,ACTUAL,VNSTOCK_BRONZE
AVG,LATEST,balance_sheet,level,2.0,ACTUAL,VNSTOCK_BRONZE
AVG,LATEST,balance_sheet,off_balance,0.0,ACTUAL,VNSTOCK_BRONZE
AVG,LATEST,balance_sheet,value,-9968118807.0,ACTUAL,VNSTOCK_BRONZE
AVG,LATEST,balance_sheet,order,47.0,ACTUAL,VNSTOCK_BRONZE
AVG,LATEST,balance_sheet,level,1.0,ACTUAL,VNSTOCK_BRONZE
AVG,LATEST,balance_sheet,off_balance,0.0,ACTUAL,VNSTOCK_BRONZE
AVG,LATEST,balance_sheet,value,0.0,ACTUAL,VNSTOCK_BRONZE
AVG,LATEST,balance_sheet,order,48.0,ACTUAL,VNSTOCK_BRONZE
AVG,LATEST,balance_sheet,level,2.0,ACTUAL,VNSTOCK_BRONZE
AVG,LATEST,balance_sheet,off_balance,0.0,ACTUAL,VNSTOCK_BRONZE
AVG,LATEST,balance_sheet,value,0.0,ACTUAL,VNSTOCK_BRONZE
AVG,LATEST,balance_sheet,order,49.0,ACTUAL,VNSTOCK_BRONZE
AVG,LATEST,balance_sheet,level,2.0,ACTUAL,VNSTOCK_BRONZE
AVG,LATEST,balance_sheet,off_balance,0.0,ACTUAL,VNSTOCK_BRONZE
AVG,LATEST,balance_sheet,value,0.0,ACTUAL,VNSTOCK_BRONZE
AVG,LATEST,balance_sheet,order,50.0,ACTUAL,VNSTOCK_BRONZE
AVG,LATEST,balance_sheet,level,1.0,ACTUAL,VNSTOCK_BRONZE
AVG,LATEST,balance_sheet,off_balance,0.0,ACTUAL,VNSTOCK_BRONZE
AVG,LATEST,balance_sheet,value,0.0,ACTUAL,VNSTOCK_BRONZE
AVG,LATEST,balance_sheet,order,51.0,ACTUAL,VNSTOCK_BRONZE
AVG,LATEST,balance_sheet,level,2.0,ACTUAL,VNSTOCK_BRONZE
AVG,LATEST,balance_sheet,off_balance,0.0,ACTUAL,VNSTOCK_BRONZE
AVG,LATEST,balance_sheet,value,0.0,ACTUAL,VNSTOCK_BRONZE
AVG,LATEST,balance_sheet,order,52.0,ACTUAL,VNSTOCK_BRONZE
AVG,LATEST,balance_sheet,level,2.0,ACTUAL,VNSTOCK_BRONZE
AVG,LATEST,balance_sheet,off_balance,0.0,ACTUAL,VNSTOCK_BRONZE
AVG,LATEST,balance_sheet,value,0.0,ACTUAL,VNSTOCK_BRONZE
AVG,LATEST,balance_sheet,order,53.0,ACTUAL,VNSTOCK_BRONZE
AVG,LATEST,balance_sheet,level,2.0,ACTUAL,VNSTOCK_BRONZE
AVG,LATEST,balance_sheet,off_balance,0.0,ACTUAL,VNSTOCK_BRONZE
AVG,LATEST,balance_sheet,value,0.0,ACTUAL,VNSTOCK_BRONZE
AVG,LATEST,balance_sheet,order,54.0,ACTUAL,VNSTOCK_BRONZE
AVG,LATEST,balance_sheet,level,2.0,ACTUAL,VNSTOCK_BRONZE
AVG,LATEST,balance_sheet,off_balance,0.0,ACTUAL,VNSTOCK_BRONZE
AVG,LATEST,balance_sheet,value,0.0,ACTUAL,VNSTOCK_BRONZE
AVG,LATEST,balance_sheet,order,55.0,ACTUAL,VNSTOCK_BRONZE
AVG,LATEST,balance_sheet,level,2.0,ACTUAL,VNSTOCK_BRONZE
AVG,LATEST,balance_sheet,off_balance,0.0,ACTUAL,VNSTOCK_BRONZE
AVG,LATEST,balance_sheet,value,0.0,ACTUAL,VNSTOCK_BRONZE
AVG,LATEST,balance_sheet,order,56.0,ACTUAL,VNSTOCK_BRONZE
AVG,LATEST,balance_sheet,level,1.0,ACTUAL,VNSTOCK_BRONZE
AVG,LATEST,balance_sheet,off_balance,0.0,ACTUAL,VNSTOCK_BRONZE
AVG,LATEST,balance_sheet,value,13832141496.0,ACTUAL,VNSTOCK_BRONZE
AVG,LATEST,balance_sheet,order,57.0,ACTUAL,VNSTOCK_BRONZE
AVG,LATEST,balance_sheet,level,2.0,ACTUAL,VNSTOCK_BRONZE
AVG,LATEST,balance_sheet,off_balance,0.0,ACTUAL,VNSTOCK_BRONZE
AVG,LATEST,balance_sheet,value,0.0,ACTUAL,VNSTOCK_BRONZE
AVG,LATEST,balance_sheet,order,58.0,ACTUAL,VNSTOCK_BRONZE
AVG,LATEST,balance_sheet,level,2.0,ACTUAL,VNSTOCK_BRONZE
AVG,LATEST,balance_sheet,off_balance,0.0,ACTUAL,VNSTOCK_BRONZE
AVG,LATEST,balance_sheet,value,13832141496.0,ACTUAL,VNSTOCK_BRONZE
AVG,LATEST,balance_sheet,order,59.0,ACTUAL,VNSTOCK_BRONZE
AVG,LATEST,balance_sheet,level,2.0,ACTUAL,VNSTOCK_BRONZE
AVG,LATEST,balance_sheet,off_balance,0.0,ACTUAL,VNSTOCK_BRONZE
AVG,LATEST,balance_sheet,value,0.0,ACTUAL,VNSTOCK_BRONZE
AVG,LATEST,balance_sheet,order,60.0,ACTUAL,VNSTOCK_BRONZE
AVG,LATEST,balance_sheet,level,2.0,ACTUAL,VNSTOCK_BRONZE
AVG,LATEST,balance_sheet,off_balance,0.0,ACTUAL,VNSTOCK_BRONZE
AVG,LATEST,balance_sheet,value,0.0,ACTUAL,VNSTOCK_BRONZE
AVG,LATEST,balance_sheet,order,61.0,ACTUAL,VNSTOCK_BRONZE
AVG,LATEST,balance_sheet,level,2.0,ACTUAL,VNSTOCK_BRONZE
AVG,LATEST,balance_sheet,off_balance,0.0,ACTUAL,VNSTOCK_BRONZE
AVG,LATEST,balance_sheet,value,0.0,ACTUAL,VNSTOCK_BRONZE
AVG,LATEST,balance_sheet,order,62.0,ACTUAL,VNSTOCK_BRONZE
AVG,LATEST,balance_sheet,level,2.0,ACTUAL,VNSTOCK_BRONZE
AVG,LATEST,balance_sheet,off_balance,0.0,ACTUAL,VNSTOCK_BRONZE
AVG,LATEST,balance_sheet,value,0.0,ACTUAL,VNSTOCK_BRONZE
AVG,LATEST,balance_sheet,order,63.0,ACTUAL,VNSTOCK_BRONZE
AVG,LATEST,balance_sheet,level,1.0,ACTUAL,VNSTOCK_BRONZE
AVG,LATEST,balance_sheet,off_balance,0.0,ACTUAL,VNSTOCK_BRONZE
AVG,LATEST,balance_sheet,value,364240490000.0,ACTUAL,VNSTOCK_BRONZE
AVG,LATEST,balance_sheet,order,64.0,ACTUAL,VNSTOCK_BRONZE
AVG,LATEST,balance_sheet,level,1.0,ACTUAL,VNSTOCK_BRONZE
AVG,LATEST,balance_sheet,off_balance,0.0,ACTUAL,VNSTOCK_BRONZE
AVG,LATEST,balance_sheet,value,149482288805.0,ACTUAL,VNSTOCK_BRONZE
AVG,LATEST,balance_sheet,order,65.0,ACTUAL,VNSTOCK_BRONZE
AVG,LATEST,balance_sheet,level,1.0,ACTUAL,VNSTOCK_BRONZE
AVG,LATEST,balance_sheet,off_balance,0.0,ACTUAL,VNSTOCK_BRONZE
AVG,LATEST,balance_sheet,value,139287471100.0,ACTUAL,VNSTOCK_BRONZE
AVG,LATEST,balance_sheet,order,66.0,ACTUAL,VNSTOCK_BRONZE
AVG,LATEST,balance_sheet,level,2.0,ACTUAL,VNSTOCK_BRONZE
AVG,LATEST,balance_sheet,off_balance,0.0,ACTUAL,VNSTOCK_BRONZE
AVG,LATEST,balance_sheet,value,0.0,ACTUAL,VNSTOCK_BRONZE
AVG,LATEST,balance_sheet,order,67.0,ACTUAL,VNSTOCK_BRONZE
AVG,LATEST,balance_sheet,level,2.0,ACTUAL,VNSTOCK_BRONZE
AVG,LATEST,balance_sheet,off_balance,0.0,ACTUAL,VNSTOCK_BRONZE
AVG,LATEST,balance_sheet,value,0.0,ACTUAL,VNSTOCK_BRONZE
AVG,LATEST,balance_sheet,order,68.0,ACTUAL,VNSTOCK_BRONZE
AVG,LATEST,balance_sheet,level,2.0,ACTUAL,VNSTOCK_BRONZE
AVG,LATEST,balance_sheet,off_balance,0.0,ACTUAL,VNSTOCK_BRONZE
AVG,LATEST,balance_sheet,value,0.0,ACTUAL,VNSTOCK_BRONZE
AVG,LATEST,balance_sheet,order,69.0,ACTUAL,VNSTOCK_BRONZE
AVG,LATEST,balance_sheet,level,2.0,ACTUAL,VNSTOCK_BRONZE
AVG,LATEST,balance_sheet,off_balance,0.0,ACTUAL,VNSTOCK_BRONZE
AVG,LATEST,balance_sheet,value,10875525764.0,ACTUAL,VNSTOCK_BRONZE
AVG,LATEST,balance_sheet,order,70.0,ACTUAL,VNSTOCK_BRONZE
AVG,LATEST,balance_sheet,level,2.0,ACTUAL,VNSTOCK_BRONZE
AVG,LATEST,balance_sheet,off_balance,0.0,ACTUAL,VNSTOCK_BRONZE
AVG,LATEST,balance_sheet,value,0.0,ACTUAL,VNSTOCK_BRONZE
AVG,LATEST,balance_sheet,order,71.0,ACTUAL,VNSTOCK_BRONZE
AVG,LATEST,balance_sheet,level,2.0,ACTUAL,VNSTOCK_BRONZE
AVG,LATEST,balance_sheet,off_balance,0.0,ACTUAL,VNSTOCK_BRONZE
AVG,LATEST,balance_sheet,value,282879713.0,ACTUAL,VNSTOCK_BRONZE
AVG,LATEST,balance_sheet,order,72.0,ACTUAL,VNSTOCK_BRONZE
AVG,LATEST,balance_sheet,level,2.0,ACTUAL,VNSTOCK_BRONZE
AVG,LATEST,balance_sheet,off_balance,0.0,ACTUAL,VNSTOCK_BRONZE
AVG,LATEST,balance_sheet,value,434280340.0,ACTUAL,VNSTOCK_BRONZE
AVG,LATEST,balance_sheet,order,73.0,ACTUAL,VNSTOCK_BRONZE
AVG,LATEST,balance_sheet,level,2.0,ACTUAL,VNSTOCK_BRONZE
AVG,LATEST,balance_sheet,off_balance,0.0,ACTUAL,VNSTOCK_BRONZE
AVG,LATEST,balance_sheet,value,7543385079.0,ACTUAL,VNSTOCK_BRONZE
AVG,LATEST,balance_sheet,order,74.0,ACTUAL,VNSTOCK_BRONZE
AVG,LATEST,balance_sheet,level,2.0,ACTUAL,VNSTOCK_BRONZE
AVG,LATEST,balance_sheet,off_balance,0.0,ACTUAL,VNSTOCK_BRONZE
AVG,LATEST,balance_sheet,value,0.0,ACTUAL,VNSTOCK_BRONZE
AVG,LATEST,balance_sheet,order,75.0,ACTUAL,VNSTOCK_BRONZE
AVG,LATEST,balance_sheet,level,2.0,ACTUAL,VNSTOCK_BRONZE
AVG,LATEST,balance_sheet,off_balance,0.0,ACTUAL,VNSTOCK_BRONZE
AVG,LATEST,balance_sheet,value,0.0,ACTUAL,VNSTOCK_BRONZE
AVG,LATEST,balance_sheet,order,76.0,ACTUAL,VNSTOCK_BRONZE
AVG,LATEST,balance_sheet,level,2.0,ACTUAL,VNSTOCK_BRONZE
AVG,LATEST,balance_sheet,off_balance,0.0,ACTUAL,VNSTOCK_BRONZE
AVG,LATEST,balance_sheet,value,200000000.0,ACTUAL,VNSTOCK_BRONZE
AVG,LATEST,balance_sheet,order,77.0,ACTUAL,VNSTOCK_BRONZE
AVG,LATEST,balance_sheet,level,2.0,ACTUAL,VNSTOCK_BRONZE
AVG,LATEST,balance_sheet,off_balance,0.0,ACTUAL,VNSTOCK_BRONZE
AVG,LATEST,balance_sheet,value,119951400204.0,ACTUAL,VNSTOCK_BRONZE
AVG,LATEST,balance_sheet,order,78.0,ACTUAL,VNSTOCK_BRONZE
AVG,LATEST,balance_sheet,level,2.0,ACTUAL,VNSTOCK_BRONZE
AVG,LATEST,balance_sheet,off_balance,0.0,ACTUAL,VNSTOCK_BRONZE
AVG,LATEST,balance_sheet,value,0.0,ACTUAL,VNSTOCK_BRONZE
AVG,LATEST,balance_sheet,order,79.0,ACTUAL,VNSTOCK_BRONZE
AVG,LATEST,balance_sheet,level,2.0,ACTUAL,VNSTOCK_BRONZE
AVG,LATEST,balance_sheet,off_balance,0.0,ACTUAL,VNSTOCK_BRONZE
AVG,LATEST,balance_sheet,value,0.0,ACTUAL,VNSTOCK_BRONZE
AVG,LATEST,balance_sheet,order,80.0,ACTUAL,VNSTOCK_BRONZE
AVG,LATEST,balance_sheet,level,2.0,ACTUAL,VNSTOCK_BRONZE
AVG,LATEST,balance_sheet,off_balance,0.0,ACTUAL,VNSTOCK_BRONZE
AVG,LATEST,balance_sheet,value,0.0,ACTUAL,VNSTOCK_BRONZE
AVG,LATEST,balance_sheet,order,81.0,ACTUAL,VNSTOCK_BRONZE
AVG,LATEST,balance_sheet,level,2.0,ACTUAL,VNSTOCK_BRONZE
AVG,LATEST,balance_sheet,off_balance,0.0,ACTUAL,VNSTOCK_BRONZE
AVG,LATEST,balance_sheet,value,0.0,ACTUAL,VNSTOCK_BRONZE
AVG,LATEST,balance_sheet,order,82.0,ACTUAL,VNSTOCK_BRONZE
AVG,LATEST,balance_sheet,level,1.0,ACTUAL,VNSTOCK_BRONZE
AVG,LATEST,balance_sheet,off_balance,0.0,ACTUAL,VNSTOCK_BRONZE
AVG,LATEST,balance_sheet,value,10194817705.0,ACTUAL,VNSTOCK_BRONZE
AVG,LATEST,balance_sheet,order,83.0,ACTUAL,VNSTOCK_BRONZE
AVG,LATEST,balance_sheet,level,2.0,ACTUAL,VNSTOCK_BRONZE
AVG,LATEST,balance_sheet,off_balance,0.0,ACTUAL,VNSTOCK_BRONZE
AVG,LATEST,balance_sheet,value,0.0,ACTUAL,VNSTOCK_BRONZE
AVG,LATEST,balance_sheet,order,84.0,ACTUAL,VNSTOCK_BRONZE
AVG,LATEST,balance_sheet,level,2.0,ACTUAL,VNSTOCK_BRONZE
AVG,LATEST,balance_sheet,off_balance,0.0,ACTUAL,VNSTOCK_BRONZE
AVG,LATEST,balance_sheet,order,85.0,ACTUAL,VNSTOCK_BRONZE
AVG,LATEST,balance_sheet,level,2.0,ACTUAL,VNSTOCK_BRONZE
AVG,LATEST,balance_sheet,off_balance,0.0,ACTUAL,VNSTOCK_BRONZE
AVG,LATEST,balance_sheet,value,0.0,ACTUAL,VNSTOCK_BRONZE
AVG,LATEST,balance_sheet,order,86.0,ACTUAL,VNSTOCK_BRONZE
AVG,LATEST,balance_sheet,level,2.0,ACTUAL,VNSTOCK_BRONZE
AVG,LATEST,balance_sheet,off_balance,0.0,ACTUAL,VNSTOCK_BRONZE
AVG,LATEST,balance_sheet,value,0.0,ACTUAL,VNSTOCK_BRONZE
AVG,LATEST,balance_sheet,order,87.0,ACTUAL,VNSTOCK_BRONZE
AVG,LATEST,balance_sheet,level,2.0,ACTUAL,VNSTOCK_BRONZE
AVG,LATEST,balance_sheet,off_balance,0.0,ACTUAL,VNSTOCK_BRONZE
AVG,LATEST,balance_sheet,value,0.0,ACTUAL,VNSTOCK_BRONZE
AVG,LATEST,balance_sheet,order,88.0,ACTUAL,VNSTOCK_BRONZE
AVG,LATEST,balance_sheet,level,2.0,ACTUAL,VNSTOCK_BRONZE
AVG,LATEST,balance_sheet,off_balance,0.0,ACTUAL,VNSTOCK_BRONZE
AVG,LATEST,balance_sheet,value,0.0,ACTUAL,VNSTOCK_BRONZE
AVG,LATEST,balance_sheet,order,89.0,ACTUAL,VNSTOCK_BRONZE
AVG,LATEST,balance_sheet,level,2.0,ACTUAL,VNSTOCK_BRONZE
AVG,LATEST,balance_sheet,off_balance,0.0,ACTUAL,VNSTOCK_BRONZE
AVG,LATEST,balance_sheet,value,0.0,ACTUAL,VNSTOCK_BRONZE
AVG,LATEST,balance_sheet,order,90.0,ACTUAL,VNSTOCK_BRONZE
AVG,LATEST,balance_sheet,level,2.0,ACTUAL,VNSTOCK_BRONZE
AVG,LATEST,balance_sheet,off_balance,0.0,ACTUAL,VNSTOCK_BRONZE
AVG,LATEST,balance_sheet,value,188931600.0,ACTUAL,VNSTOCK_BRONZE
AVG,LATEST,balance_sheet,order,91.0,ACTUAL,VNSTOCK_BRONZE
AVG,LATEST,balance_sheet,level,2.0,ACTUAL,VNSTOCK_BRONZE
AVG,LATEST,balance_sheet,off_balance,0.0,ACTUAL,VNSTOCK_BRONZE
AVG,LATEST,balance_sheet,value,10005886105.0,ACTUAL,VNSTOCK_BRONZE
AVG,LATEST,balance_sheet,order,92.0,ACTUAL,VNSTOCK_BRONZE
AVG,LATEST,balance_sheet,level,2.0,ACTUAL,VNSTOCK_BRONZE
AVG,LATEST,balance_sheet,off_balance,0.0,ACTUAL,VNSTOCK_BRONZE
AVG,LATEST,balance_sheet,value,0.0,ACTUAL,VNSTOCK_BRONZE
AVG,LATEST,balance_sheet,order,93.0,ACTUAL,VNSTOCK_BRONZE
AVG,LATEST,balance_sheet,level,2.0,ACTUAL,VNSTOCK_BRONZE
AVG,LATEST,balance_sheet,off_balance,0.0,ACTUAL,VNSTOCK_BRONZE
AVG,LATEST,balance_sheet,value,0.0,ACTUAL,VNSTOCK_BRONZE
AVG,LATEST,balance_sheet,order,94.0,ACTUAL,VNSTOCK_BRONZE
AVG,LATEST,balance_sheet,level,2.0,ACTUAL,VNSTOCK_BRONZE
AVG,LATEST,balance_sheet,off_balance,0.0,ACTUAL,VNSTOCK_BRONZE
AVG,LATEST,balance_sheet,value,0.0,ACTUAL,VNSTOCK_BRONZE
AVG,LATEST,balance_sheet,order,95.0,ACTUAL,VNSTOCK_BRONZE
AVG,LATEST,balance_sheet,level,2.0,ACTUAL,VNSTOCK_BRONZE
AVG,LATEST,balance_sheet,off_balance,0.0,ACTUAL,VNSTOCK_BRONZE
AVG,LATEST,balance_sheet,value,0.0,ACTUAL,VNSTOCK_BRONZE
AVG,LATEST,balance_sheet,order,96.0,ACTUAL,VNSTOCK_BRONZE
AVG,LATEST,balance_sheet,level,1.0,ACTUAL,VNSTOCK_BRONZE
AVG,LATEST,balance_sheet,off_balance,0.0,ACTUAL,VNSTOCK_BRONZE
AVG,LATEST,balance_sheet,value,214758201195.0,ACTUAL,VNSTOCK_BRONZE
AVG,LATEST,balance_sheet,order,97.0,ACTUAL,VNSTOCK_BRONZE
AVG,LATEST,balance_sheet,level,1.0,ACTUAL,VNSTOCK_BRONZE
AVG,LATEST,balance_sheet,off_balance,0.0,ACTUAL,VNSTOCK_BRONZE
AVG,LATEST,balance_sheet,value,214758201195.0,ACTUAL,VNSTOCK_BRONZE
AVG,LATEST,balance_sheet,order,98.0,ACTUAL,VNSTOCK_BRONZE
AVG,LATEST,balance_sheet,level,2.0,ACTUAL,VNSTOCK_BRONZE
AVG,LATEST,balance_sheet,off_balance,0.0,ACTUAL,VNSTOCK_BRONZE
AVG,LATEST,balance_sheet,value,0.0,ACTUAL,VNSTOCK_BRONZE
AVG,LATEST,balance_sheet,order,99.0,ACTUAL,VNSTOCK_BRONZE
AVG,LATEST,balance_sheet,level,2.0,ACTUAL,VNSTOCK_BRONZE
AVG,LATEST,balance_sheet,off_balance,0.0,ACTUAL,VNSTOCK_BRONZE
AVG,LATEST,balance_sheet,value,0.0,ACTUAL,VNSTOCK_BRONZE
AVG,LATEST,balance_sheet,order,100.0,ACTUAL,VNSTOCK_BRONZE
AVG,LATEST,balance_sheet,level,2.0,ACTUAL,VNSTOCK_BRONZE
AVG,LATEST,balance_sheet,off_balance,0.0,ACTUAL,VNSTOCK_BRONZE
AVG,LATEST,balance_sheet,value,0.0,ACTUAL,VNSTOCK_BRONZE
AVG,LATEST,balance_sheet,order,101.0,ACTUAL,VNSTOCK_BRONZE
AVG,LATEST,balance_sheet,level,2.0,ACTUAL,VNSTOCK_BRONZE
AVG,LATEST,balance_sheet,off_balance,0.0,ACTUAL,VNSTOCK_BRONZE
AVG,LATEST,balance_sheet,value,0.0,ACTUAL,VNSTOCK_BRONZE
AVG,LATEST,balance_sheet,order,102.0,ACTUAL,VNSTOCK_BRONZE
AVG,LATEST,balance_sheet,level,2.0,ACTUAL,VNSTOCK_BRONZE
AVG,LATEST,balance_sheet,off_balance,0.0,ACTUAL,VNSTOCK_BRONZE
AVG,LATEST,balance_sheet,value,136000000000.0,ACTUAL,VNSTOCK_BRONZE
AVG,LATEST,balance_sheet,order,103.0,ACTUAL,VNSTOCK_BRONZE
AVG,LATEST,balance_sheet,level,3.0,ACTUAL,VNSTOCK_BRONZE
AVG,LATEST,balance_sheet,off_balance,0.0,ACTUAL,VNSTOCK_BRONZE
AVG,LATEST,balance_sheet,value,136000000000.0,ACTUAL,VNSTOCK_BRONZE
AVG,LATEST,balance_sheet,order,104.0,ACTUAL,VNSTOCK_BRONZE
AVG,LATEST,balance_sheet,level,2.0,ACTUAL,VNSTOCK_BRONZE
AVG,LATEST,balance_sheet,off_balance,0.0,ACTUAL,VNSTOCK_BRONZE
AVG,LATEST,balance_sheet,value,0.0,ACTUAL,VNSTOCK_BRONZE
AVG,LATEST,balance_sheet,order,105.0,ACTUAL,VNSTOCK_BRONZE
AVG,LATEST,balance_sheet,level,2.0,ACTUAL,VNSTOCK_BRONZE
AVG,LATEST,balance_sheet,off_balance,0.0,ACTUAL,VNSTOCK_BRONZE
AVG,LATEST,balance_sheet,value,0.0,ACTUAL,VNSTOCK_BRONZE
AVG,LATEST,balance_sheet,order,106.0,ACTUAL,VNSTOCK_BRONZE
AVG,LATEST,balance_sheet,level,2.0,ACTUAL,VNSTOCK_BRONZE
AVG,LATEST,balance_sheet,off_balance,0.0,ACTUAL,VNSTOCK_BRONZE
AVG,LATEST,balance_sheet,value,0.0,ACTUAL,VNSTOCK_BRONZE
AVG,LATEST,balance_sheet,order,107.0,ACTUAL,VNSTOCK_BRONZE
AVG,LATEST,balance_sheet,level,2.0,ACTUAL,VNSTOCK_BRONZE
AVG,LATEST,balance_sheet,off_balance,0.0,ACTUAL,VNSTOCK_BRONZE
AVG,LATEST,balance_sheet,value,0.0,ACTUAL,VNSTOCK_BRONZE
AVG,LATEST,balance_sheet,order,108.0,ACTUAL,VNSTOCK_BRONZE
AVG,LATEST,balance_sheet,level,2.0,ACTUAL,VNSTOCK_BRONZE
AVG,LATEST,balance_sheet,off_balance,0.0,ACTUAL,VNSTOCK_BRONZE
AVG,LATEST,balance_sheet,value,0.0,ACTUAL,VNSTOCK_BRONZE
AVG,LATEST,balance_sheet,order,109.0,ACTUAL,VNSTOCK_BRONZE
AVG,LATEST,balance_sheet,level,2.0,ACTUAL,VNSTOCK_BRONZE
AVG,LATEST,balance_sheet,off_balance,0.0,ACTUAL,VNSTOCK_BRONZE
AVG,LATEST,balance_sheet,value,471167081.0,ACTUAL,VNSTOCK_BRONZE
AVG,LATEST,balance_sheet,order,110.0,ACTUAL,VNSTOCK_BRONZE
AVG,LATEST,balance_sheet,level,2.0,ACTUAL,VNSTOCK_BRONZE
AVG,LATEST,balance_sheet,off_balance,0.0,ACTUAL,VNSTOCK_BRONZE
AVG,LATEST,balance_sheet,value,0.0,ACTUAL,VNSTOCK_BRONZE
AVG,LATEST,balance_sheet,order,111.0,ACTUAL,VNSTOCK_BRONZE
AVG,LATEST,balance_sheet,level,2.0,ACTUAL,VNSTOCK_BRONZE
AVG,LATEST,balance_sheet,off_balance,0.0,ACTUAL,VNSTOCK_BRONZE
AVG,LATEST,balance_sheet,value,0.0,ACTUAL,VNSTOCK_BRONZE
AVG,LATEST,balance_sheet,order,112.0,ACTUAL,VNSTOCK_BRONZE
AVG,LATEST,balance_sheet,level,2.0,ACTUAL,VNSTOCK_BRONZE
AVG,LATEST,balance_sheet,off_balance,0.0,ACTUAL,VNSTOCK_BRONZE
AVG,LATEST,balance_sheet,value,75129564987.0,ACTUAL,VNSTOCK_BRONZE
AVG,LATEST,balance_sheet,order,113.0,ACTUAL,VNSTOCK_BRONZE
AVG,LATEST,balance_sheet,level,3.0,ACTUAL,VNSTOCK_BRONZE
AVG,LATEST,balance_sheet,off_balance,0.0,ACTUAL,VNSTOCK_BRONZE
AVG,LATEST,balance_sheet,value,65758719103.0,ACTUAL,VNSTOCK_BRONZE
AVG,LATEST,balance_sheet,order,114.0,ACTUAL,VNSTOCK_BRONZE
AVG,LATEST,balance_sheet,level,3.0,ACTUAL,VNSTOCK_BRONZE
AVG,LATEST,balance_sheet,off_balance,0.0,ACTUAL,VNSTOCK_BRONZE
AVG,LATEST,balance_sheet,value,9370845884.0,ACTUAL,VNSTOCK_BRONZE
AVG,LATEST,balance_sheet,order,115.0,ACTUAL,VNSTOCK_BRONZE
AVG,LATEST,balance_sheet,level,2.0,ACTUAL,VNSTOCK_BRONZE
AVG,LATEST,balance_sheet,off_balance,0.0,ACTUAL,VNSTOCK_BRONZE
AVG,LATEST,balance_sheet,value,3157469127.0,ACTUAL,VNSTOCK_BRONZE
AVG,LATEST,balance_sheet,order,116.0,ACTUAL,VNSTOCK_BRONZE
AVG,LATEST,balance_sheet,level,1.0,ACTUAL,VNSTOCK_BRONZE
AVG,LATEST,balance_sheet,off_balance,0.0,ACTUAL,VNSTOCK_BRONZE
AVG,LATEST,balance_sheet,value,0.0,ACTUAL,VNSTOCK_BRONZE
AVG,LATEST,balance_sheet,order,117.0,ACTUAL,VNSTOCK_BRONZE
AVG,LATEST,balance_sheet,level,2.0,ACTUAL,VNSTOCK_BRONZE
AVG,LATEST,balance_sheet,off_balance,0.0,ACTUAL,VNSTOCK_BRONZE
AVG,LATEST,balance_sheet,value,0.0,ACTUAL,VNSTOCK_BRONZE
AVG,LATEST,balance_sheet,order,118.0,ACTUAL,VNSTOCK_BRONZE
AVG,LATEST,balance_sheet,level,1.0,ACTUAL,VNSTOCK_BRONZE
AVG,LATEST,balance_sheet,off_balance,0.0,ACTUAL,VNSTOCK_BRONZE
AVG,LATEST,balance_sheet,value,364240490000.0,ACTUAL,VNSTOCK_BRONZE
AVG,LATEST,income_statement,order,1.0,ACTUAL,VNSTOCK_BRONZE
AVG,LATEST,income_statement,level,1.0,ACTUAL,VNSTOCK_BRONZE
AVG,LATEST,income_statement,value,184038877405.0,ACTUAL,VNSTOCK_BRONZE
AVG,LATEST,income_statement,order,2.0,ACTUAL,VNSTOCK_BRONZE
AVG,LATEST,income_statement,level,1.0,ACTUAL,VNSTOCK_BRONZE
AVG,LATEST,income_statement,value,-0.0,ACTUAL,VNSTOCK_BRONZE
AVG,LATEST,income_statement,order,3.0,ACTUAL,VNSTOCK_BRONZE
AVG,LATEST,income_statement,level,1.0,ACTUAL,VNSTOCK_BRONZE
AVG,LATEST,income_statement,value,184038877405.0,ACTUAL,VNSTOCK_BRONZE
AVG,LATEST,income_statement,order,4.0,ACTUAL,VNSTOCK_BRONZE
AVG,LATEST,income_statement,level,1.0,ACTUAL,VNSTOCK_BRONZE
AVG,LATEST,income_statement,value,-170855118629.0,ACTUAL,VNSTOCK_BRONZE
AVG,LATEST,income_statement,order,5.0,ACTUAL,VNSTOCK_BRONZE
AVG,LATEST,income_statement,level,1.0,ACTUAL,VNSTOCK_BRONZE
AVG,LATEST,income_statement,value,13183758776.0,ACTUAL,VNSTOCK_BRONZE
AVG,LATEST,income_statement,order,6.0,ACTUAL,VNSTOCK_BRONZE
AVG,LATEST,income_statement,level,1.0,ACTUAL,VNSTOCK_BRONZE
AVG,LATEST,income_statement,value,16214755.0,ACTUAL,VNSTOCK_BRONZE
AVG,LATEST,income_statement,order,7.0,ACTUAL,VNSTOCK_BRONZE
AVG,LATEST,income_statement,level,1.0,ACTUAL,VNSTOCK_BRONZE
AVG,LATEST,income_statement,value,-5476539315.0,ACTUAL,VNSTOCK_BRONZE
AVG,LATEST,income_statement,order,8.0,ACTUAL,VNSTOCK_BRONZE
AVG,LATEST,income_statement,level,2.0,ACTUAL,VNSTOCK_BRONZE
AVG,LATEST,income_statement,value,-5476539315.0,ACTUAL,VNSTOCK_BRONZE
AVG,LATEST,income_statement,order,9.0,ACTUAL,VNSTOCK_BRONZE
AVG,LATEST,income_statement,level,1.0,ACTUAL,VNSTOCK_BRONZE
AVG,LATEST,income_statement,value,0.0,ACTUAL,VNSTOCK_BRONZE
AVG,LATEST,income_statement,order,10.0,ACTUAL,VNSTOCK_BRONZE
AVG,LATEST,income_statement,level,1.0,ACTUAL,VNSTOCK_BRONZE
AVG,LATEST,income_statement,value,-981858387.0,ACTUAL,VNSTOCK_BRONZE
AVG,LATEST,income_statement,order,11.0,ACTUAL,VNSTOCK_BRONZE
AVG,LATEST,income_statement,level,1.0,ACTUAL,VNSTOCK_BRONZE
AVG,LATEST,income_statement,value,-1782368124.0,ACTUAL,VNSTOCK_BRONZE
AVG,LATEST,income_statement,order,12.0,ACTUAL,VNSTOCK_BRONZE
AVG,LATEST,income_statement,level,1.0,ACTUAL,VNSTOCK_BRONZE
AVG,LATEST,income_statement,value,4959207705.0,ACTUAL,VNSTOCK_BRONZE
AVG,LATEST,income_statement,order,13.0,ACTUAL,VNSTOCK_BRONZE
AVG,LATEST,income_statement,level,1.0,ACTUAL,VNSTOCK_BRONZE
AVG,LATEST,income_statement,value,-26188181.0,ACTUAL,VNSTOCK_BRONZE
AVG,LATEST,income_statement,order,14.0,ACTUAL,VNSTOCK_BRONZE
AVG,LATEST,income_statement,level,2.0,ACTUAL,VNSTOCK_BRONZE
AVG,LATEST,income_statement,value,0.0,ACTUAL,VNSTOCK_BRONZE
AVG,LATEST,income_statement,order,15.0,ACTUAL,VNSTOCK_BRONZE
AVG,LATEST,income_statement,level,2.0,ACTUAL,VNSTOCK_BRONZE
AVG,LATEST,income_statement,value,-26188181.0,ACTUAL,VNSTOCK_BRONZE
AVG,LATEST,income_statement,order,16.0,ACTUAL,VNSTOCK_BRONZE
AVG,LATEST,income_statement,level,1.0,ACTUAL,VNSTOCK_BRONZE
AVG,LATEST,income_statement,value,0.0,ACTUAL,VNSTOCK_BRONZE
AVG,LATEST,income_statement,order,17.0,ACTUAL,VNSTOCK_BRONZE
AVG,LATEST,income_statement,level,1.0,ACTUAL,VNSTOCK_BRONZE
AVG,LATEST,income_statement,value,4933019524.0,ACTUAL,VNSTOCK_BRONZE
AVG,LATEST,income_statement,order,18.0,ACTUAL,VNSTOCK_BRONZE
AVG,LATEST,income_statement,level,1.0,ACTUAL,VNSTOCK_BRONZE
AVG,LATEST,income_statement,value,-262207386.0,ACTUAL,VNSTOCK_BRONZE
AVG,LATEST,income_statement,order,19.0,ACTUAL,VNSTOCK_BRONZE
AVG,LATEST,income_statement,level,2.0,ACTUAL,VNSTOCK_BRONZE
AVG,LATEST,income_statement,value,-262207386.0,ACTUAL,VNSTOCK_BRONZE
AVG,LATEST,income_statement,order,20.0,ACTUAL,VNSTOCK_BRONZE
AVG,LATEST,income_statement,level,2.0,ACTUAL,VNSTOCK_BRONZE
AVG,LATEST,income_statement,value,0.0,ACTUAL,VNSTOCK_BRONZE
AVG,LATEST,income_statement,order,21.0,ACTUAL,VNSTOCK_BRONZE
AVG,LATEST,income_statement,level,1.0,ACTUAL,VNSTOCK_BRONZE
AVG,LATEST,income_statement,value,4670812138.0,ACTUAL,VNSTOCK_BRONZE
AVG,LATEST,income_statement,order,22.0,ACTUAL,VNSTOCK_BRONZE
AVG,LATEST,income_statement,level,1.0,ACTUAL,VNSTOCK_BRONZE
AVG,LATEST,income_statement,value,31927941.0,ACTUAL,VNSTOCK_BRONZE
AVG,LATEST,income_statement,order,23.0,ACTUAL,VNSTOCK_BRONZE
AVG,LATEST,income_statement,level,1.0,ACTUAL,VNSTOCK_BRONZE
AVG,LATEST,income_statement,value,4638884197.0,ACTUAL,VNSTOCK_BRONZE
AVG,LATEST,income_statement,order,24.0,ACTUAL,VNSTOCK_BRONZE
AVG,LATEST,income_statement,level,1.0,ACTUAL,VNSTOCK_BRONZE
AVG,LATEST,income_statement,value,262.0,ACTUAL,VNSTOCK_BRONZE
AVG,LATEST,income_statement,order,25.0,ACTUAL,VNSTOCK_BRONZE
AVG,LATEST,income_statement,level,1.0,ACTUAL,VNSTOCK_BRONZE
AVG,LATEST,income_statement,value,262.0,ACTUAL,VNSTOCK_BRONZE
AVG,LATEST,income_statement,order,1.0,ACTUAL,VNSTOCK_BRONZE
AVG,LATEST,income_statement,level,1.0,ACTUAL,VNSTOCK_BRONZE
AVG,LATEST,income_statement,value,156966374474.0,ACTUAL,VNSTOCK_BRONZE
AVG,LATEST,income_statement,order,2.0,ACTUAL,VNSTOCK_BRONZE
AVG,LATEST,income_statement,level,1.0,ACTUAL,VNSTOCK_BRONZE
AVG,LATEST,income_statement,value,-0.0,ACTUAL,VNSTOCK_BRONZE
AVG,LATEST,income_statement,order,3.0,ACTUAL,VNSTOCK_BRONZE
AVG,LATEST,income_statement,level,1.0,ACTUAL,VNSTOCK_BRONZE
AVG,LATEST,income_statement,value,156966374474.0,ACTUAL,VNSTOCK_BRONZE
AVG,LATEST,income_statement,order,4.0,ACTUAL,VNSTOCK_BRONZE
AVG,LATEST,income_statement,level,1.0,ACTUAL,VNSTOCK_BRONZE
AVG,LATEST,income_statement,value,-148080539781.0,ACTUAL,VNSTOCK_BRONZE
AVG,LATEST,income_statement,order,5.0,ACTUAL,VNSTOCK_BRONZE
AVG,LATEST,income_statement,level,1.0,ACTUAL,VNSTOCK_BRONZE
AVG,LATEST,income_statement,value,8885834693.0,ACTUAL,VNSTOCK_BRONZE
AVG,LATEST,income_statement,order,6.0,ACTUAL,VNSTOCK_BRONZE
AVG,LATEST,income_statement,level,1.0,ACTUAL,VNSTOCK_BRONZE
AVG,LATEST,income_statement,value,4313166.0,ACTUAL,VNSTOCK_BRONZE
AVG,LATEST,income_statement,order,7.0,ACTUAL,VNSTOCK_BRONZE
AVG,LATEST,income_statement,level,1.0,ACTUAL,VNSTOCK_BRONZE
AVG,LATEST,income_statement,value,-1631005916.0,ACTUAL,VNSTOCK_BRONZE
AVG,LATEST,income_statement,order,8.0,ACTUAL,VNSTOCK_BRONZE
AVG,LATEST,income_statement,level,2.0,ACTUAL,VNSTOCK_BRONZE
AVG,LATEST,income_statement,value,-1631005916.0,ACTUAL,VNSTOCK_BRONZE
AVG,LATEST,income_statement,order,9.0,ACTUAL,VNSTOCK_BRONZE
AVG,LATEST,income_statement,level,1.0,ACTUAL,VNSTOCK_BRONZE
AVG,LATEST,income_statement,value,0.0,ACTUAL,VNSTOCK_BRONZE
AVG,LATEST,income_statement,order,10.0,ACTUAL,VNSTOCK_BRONZE
AVG,LATEST,income_statement,level,1.0,ACTUAL,VNSTOCK_BRONZE
AVG,LATEST,income_statement,value,-806973300.0,ACTUAL,VNSTOCK_BRONZE
AVG,LATEST,income_statement,order,11.0,ACTUAL,VNSTOCK_BRONZE
AVG,LATEST,income_statement,level,1.0,ACTUAL,VNSTOCK_BRONZE
AVG,LATEST,income_statement,value,-1759142120.0,ACTUAL,VNSTOCK_BRONZE
AVG,LATEST,income_statement,order,12.0,ACTUAL,VNSTOCK_BRONZE
AVG,LATEST,income_statement,level,1.0,ACTUAL,VNSTOCK_BRONZE
AVG,LATEST,income_statement,value,4693026523.0,ACTUAL,VNSTOCK_BRONZE
AVG,LATEST,income_statement,order,13.0,ACTUAL,VNSTOCK_BRONZE
AVG,LATEST,income_statement,level,1.0,ACTUAL,VNSTOCK_BRONZE
AVG,LATEST,income_statement,value,-20759700.0,ACTUAL,VNSTOCK_BRONZE
AVG,LATEST,income_statement,order,14.0,ACTUAL,VNSTOCK_BRONZE
AVG,LATEST,income_statement,level,2.0,ACTUAL,VNSTOCK_BRONZE
AVG,LATEST,income_statement,value,0.0,ACTUAL,VNSTOCK_BRONZE
AVG,LATEST,income_statement,order,15.0,ACTUAL,VNSTOCK_BRONZE
AVG,LATEST,income_statement,level,2.0,ACTUAL,VNSTOCK_BRONZE
AVG,LATEST,income_statement,value,-20759700.0,ACTUAL,VNSTOCK_BRONZE
AVG,LATEST,income_statement,order,16.0,ACTUAL,VNSTOCK_BRONZE
AVG,LATEST,income_statement,level,1.0,ACTUAL,VNSTOCK_BRONZE
AVG,LATEST,income_statement,value,0.0,ACTUAL,VNSTOCK_BRONZE
AVG,LATEST,income_statement,order,17.0,ACTUAL,VNSTOCK_BRONZE
AVG,LATEST,income_statement,level,1.0,ACTUAL,VNSTOCK_BRONZE
AVG,LATEST,income_statement,value,4672266823.0,ACTUAL,VNSTOCK_BRONZE
AVG,LATEST,income_statement,order,18.0,ACTUAL,VNSTOCK_BRONZE
AVG,LATEST,income_statement,level,1.0,ACTUAL,VNSTOCK_BRONZE
AVG,LATEST,income_statement,value,-229051612.0,ACTUAL,VNSTOCK_BRONZE
AVG,LATEST,income_statement,order,19.0,ACTUAL,VNSTOCK_BRONZE
AVG,LATEST,income_statement,level,2.0,ACTUAL,VNSTOCK_BRONZE
AVG,LATEST,income_statement,value,-229051612.0,ACTUAL,VNSTOCK_BRONZE
AVG,LATEST,income_statement,order,20.0,ACTUAL,VNSTOCK_BRONZE
AVG,LATEST,income_statement,level,2.0,ACTUAL,VNSTOCK_BRONZE
AVG,LATEST,income_statement,value,0.0,ACTUAL,VNSTOCK_BRONZE
AVG,LATEST,income_statement,order,21.0,ACTUAL,VNSTOCK_BRONZE
AVG,LATEST,income_statement,level,1.0,ACTUAL,VNSTOCK_BRONZE
AVG,LATEST,income_statement,value,4443215211.0,ACTUAL,VNSTOCK_BRONZE
AVG,LATEST,income_statement,order,22.0,ACTUAL,VNSTOCK_BRONZE
AVG,LATEST,income_statement,level,1.0,ACTUAL,VNSTOCK_BRONZE
AVG,LATEST,income_statement,value,34674011.0,ACTUAL,VNSTOCK_BRONZE
AVG,LATEST,income_statement,order,23.0,ACTUAL,VNSTOCK_BRONZE
AVG,LATEST,income_statement,level,1.0,ACTUAL,VNSTOCK_BRONZE
AVG,LATEST,income_statement,value,4408541200.0,ACTUAL,VNSTOCK_BRONZE
AVG,LATEST,income_statement,order,24.0,ACTUAL,VNSTOCK_BRONZE
AVG,LATEST,income_statement,level,1.0,ACTUAL,VNSTOCK_BRONZE
AVG,LATEST,income_statement,value,249.0,ACTUAL,VNSTOCK_BRONZE
AVG,LATEST,income_statement,order,25.0,ACTUAL,VNSTOCK_BRONZE
AVG,LATEST,income_statement,level,1.0,ACTUAL,VNSTOCK_BRONZE
AVG,LATEST,income_statement,value,249.0,ACTUAL,VNSTOCK_BRONZE
AVG,LATEST,income_statement,order,1.0,ACTUAL,VNSTOCK_BRONZE
AVG,LATEST,income_statement,level,1.0,ACTUAL,VNSTOCK_BRONZE
AVG,LATEST,income_statement,value,197534053665.0,ACTUAL,VNSTOCK_BRONZE
AVG,LATEST,income_statement,order,2.0,ACTUAL,VNSTOCK_BRONZE
AVG,LATEST,income_statement,level,1.0,ACTUAL,VNSTOCK_BRONZE
AVG,LATEST,income_statement,value,-9800000.0,ACTUAL,VNSTOCK_BRONZE
AVG,LATEST,income_statement,order,3.0,ACTUAL,VNSTOCK_BRONZE
AVG,LATEST,income_statement,level,1.0,ACTUAL,VNSTOCK_BRONZE
AVG,LATEST,income_statement,value,197524253665.0,ACTUAL,VNSTOCK_BRONZE
AVG,LATEST,income_statement,order,4.0,ACTUAL,VNSTOCK_BRONZE
AVG,LATEST,income_statement,level,1.0,ACTUAL,VNSTOCK_BRONZE
AVG,LATEST,income_statement,value,-185841661522.0,ACTUAL,VNSTOCK_BRONZE
AVG,LATEST,income_statement,order,5.0,ACTUAL,VNSTOCK_BRONZE
AVG,LATEST,income_statement,level,1.0,ACTUAL,VNSTOCK_BRONZE
AVG,LATEST,income_statement,value,11682592143.0,ACTUAL,VNSTOCK_BRONZE
AVG,LATEST,income_statement,order,6.0,ACTUAL,VNSTOCK_BRONZE
AVG,LATEST,income_statement,level,1.0,ACTUAL,VNSTOCK_BRONZE
AVG,LATEST,income_statement,value,69025218.0,ACTUAL,VNSTOCK_BRONZE
AVG,LATEST,income_statement,order,7.0,ACTUAL,VNSTOCK_BRONZE
AVG,LATEST,income_statement,level,1.0,ACTUAL,VNSTOCK_BRONZE
AVG,LATEST,income_statement,value,-2311403988.0,ACTUAL,VNSTOCK_BRONZE
AVG,LATEST,income_statement,order,8.0,ACTUAL,VNSTOCK_BRONZE
AVG,LATEST,income_statement,level,2.0,ACTUAL,VNSTOCK_BRONZE
AVG,LATEST,income_statement,value,-2042311174.0,ACTUAL,VNSTOCK_BRONZE
AVG,LATEST,income_statement,order,9.0,ACTUAL,VNSTOCK_BRONZE
AVG,LATEST,income_statement,level,1.0,ACTUAL,VNSTOCK_BRONZE
AVG,LATEST,income_statement,value,0.0,ACTUAL,VNSTOCK_BRONZE
AVG,LATEST,income_statement,order,10.0,ACTUAL,VNSTOCK_BRONZE
AVG,LATEST,income_statement,level,1.0,ACTUAL,VNSTOCK_BRONZE
AVG,LATEST,income_statement,value,-834322724.0,ACTUAL,VNSTOCK_BRONZE
AVG,LATEST,income_statement,order,11.0,ACTUAL,VNSTOCK_BRONZE
AVG,LATEST,income_statement,level,1.0,ACTUAL,VNSTOCK_BRONZE
AVG,LATEST,income_statement,value,-1699077452.0,ACTUAL,VNSTOCK_BRONZE
AVG,LATEST,income_statement,order,12.0,ACTUAL,VNSTOCK_BRONZE
AVG,LATEST,income_statement,level,1.0,ACTUAL,VNSTOCK_BRONZE
AVG,LATEST,income_statement,value,6906813197.0,ACTUAL,VNSTOCK_BRONZE
AVG,LATEST,income_statement,order,13.0,ACTUAL,VNSTOCK_BRONZE
AVG,LATEST,income_statement,level,1.0,ACTUAL,VNSTOCK_BRONZE
AVG,LATEST,income_statement,value,-208064103.0,ACTUAL,VNSTOCK_BRONZE
AVG,LATEST,income_statement,order,14.0,ACTUAL,VNSTOCK_BRONZE
AVG,LATEST,income_statement,level,2.0,ACTUAL,VNSTOCK_BRONZE
AVG,LATEST,income_statement,value,25774701.0,ACTUAL,VNSTOCK_BRONZE
AVG,LATEST,income_statement,order,15.0,ACTUAL,VNSTOCK_BRONZE
AVG,LATEST,income_statement,level,2.0,ACTUAL,VNSTOCK_BRONZE
AVG,LATEST,income_statement,value,-233838804.0,ACTUAL,VNSTOCK_BRONZE
AVG,LATEST,income_statement,order,16.0,ACTUAL,VNSTOCK_BRONZE
AVG,LATEST,income_statement,level,1.0,ACTUAL,VNSTOCK_BRONZE
AVG,LATEST,income_statement,value,0.0,ACTUAL,VNSTOCK_BRONZE
AVG,LATEST,income_statement,order,17.0,ACTUAL,VNSTOCK_BRONZE
AVG,LATEST,income_statement,level,1.0,ACTUAL,VNSTOCK_BRONZE
AVG,LATEST,income_statement,value,6698749094.0,ACTUAL,VNSTOCK_BRONZE
AVG,LATEST,income_statement,order,18.0,ACTUAL,VNSTOCK_BRONZE
AVG,LATEST,income_statement,level,1.0,ACTUAL,VNSTOCK_BRONZE
AVG,LATEST,income_statement,value,-328702280.0,ACTUAL,VNSTOCK_BRONZE
AVG,LATEST,income_statement,order,19.0,ACTUAL,VNSTOCK_BRONZE
AVG,LATEST,income_statement,level,2.0,ACTUAL,VNSTOCK_BRONZE
AVG,LATEST,income_statement,value,-328702280.0,ACTUAL,VNSTOCK_BRONZE
AVG,LATEST,income_statement,order,20.0,ACTUAL,VNSTOCK_BRONZE
AVG,LATEST,income_statement,level,2.0,ACTUAL,VNSTOCK_BRONZE
AVG,LATEST,income_statement,value,0.0,ACTUAL,VNSTOCK_BRONZE
AVG,LATEST,income_statement,order,21.0,ACTUAL,VNSTOCK_BRONZE
AVG,LATEST,income_statement,level,1.0,ACTUAL,VNSTOCK_BRONZE
AVG,LATEST,income_statement,value,6370046814.0,ACTUAL,VNSTOCK_BRONZE
AVG,LATEST,income_statement,order,22.0,ACTUAL,VNSTOCK_BRONZE
AVG,LATEST,income_statement,level,1.0,ACTUAL,VNSTOCK_BRONZE
AVG,LATEST,income_statement,value,61667773.0,ACTUAL,VNSTOCK_BRONZE
AVG,LATEST,income_statement,order,23.0,ACTUAL,VNSTOCK_BRONZE
AVG,LATEST,income_statement,level,1.0,ACTUAL,VNSTOCK_BRONZE
AVG,LATEST,income_statement,value,6308379041.0,ACTUAL,VNSTOCK_BRONZE
AVG,LATEST,income_statement,order,24.0,ACTUAL,VNSTOCK_BRONZE
AVG,LATEST,income_statement,level,1.0,ACTUAL,VNSTOCK_BRONZE
AVG,LATEST,income_statement,value,357.0,ACTUAL,VNSTOCK_BRONZE
AVG,LATEST,income_statement,order,25.0,ACTUAL,VNSTOCK_BRONZE
AVG,LATEST,income_statement,level,1.0,ACTUAL,VNSTOCK_BRONZE
AVG,LATEST,income_statement,value,913.0,ACTUAL,VNSTOCK_BRONZE
AVG,LATEST,income_statement,order,1.0,ACTUAL,VNSTOCK_BRONZE
AVG,LATEST,income_statement,level,1.0,ACTUAL,VNSTOCK_BRONZE
AVG,LATEST,income_statement,value,93839085477.0,ACTUAL,VNSTOCK_BRONZE
AVG,LATEST,income_statement,order,2.0,ACTUAL,VNSTOCK_BRONZE
AVG,LATEST,income_statement,level,1.0,ACTUAL,VNSTOCK_BRONZE
AVG,LATEST,income_statement,value,-0.0,ACTUAL,VNSTOCK_BRONZE
AVG,LATEST,income_statement,order,3.0,ACTUAL,VNSTOCK_BRONZE
AVG,LATEST,income_statement,level,1.0,ACTUAL,VNSTOCK_BRONZE
AVG,LATEST,income_statement,value,93839085477.0,ACTUAL,VNSTOCK_BRONZE
AVG,LATEST,income_statement,order,4.0,ACTUAL,VNSTOCK_BRONZE
AVG,LATEST,income_statement,level,1.0,ACTUAL,VNSTOCK_BRONZE
AVG,LATEST,income_statement,value,-87766723228.0,ACTUAL,VNSTOCK_BRONZE
AVG,LATEST,income_statement,order,5.0,ACTUAL,VNSTOCK_BRONZE
AVG,LATEST,income_statement,level,1.0,ACTUAL,VNSTOCK_BRONZE
AVG,LATEST,income_statement,value,6072362249.0,ACTUAL,VNSTOCK_BRONZE
AVG,LATEST,income_statement,order,6.0,ACTUAL,VNSTOCK_BRONZE
AVG,LATEST,income_statement,level,1.0,ACTUAL,VNSTOCK_BRONZE
AVG,LATEST,income_statement,value,3125328.0,ACTUAL,VNSTOCK_BRONZE
AVG,LATEST,income_statement,order,7.0,ACTUAL,VNSTOCK_BRONZE
AVG,LATEST,income_statement,level,1.0,ACTUAL,VNSTOCK_BRONZE
AVG,LATEST,income_statement,value,-1386550590.0,ACTUAL,VNSTOCK_BRONZE
AVG,LATEST,income_statement,order,8.0,ACTUAL,VNSTOCK_BRONZE
AVG,LATEST,income_statement,level,2.0,ACTUAL,VNSTOCK_BRONZE
AVG,LATEST,income_statement,value,-1386550590.0,ACTUAL,VNSTOCK_BRONZE
AVG,LATEST,income_statement,order,9.0,ACTUAL,VNSTOCK_BRONZE
AVG,LATEST,income_statement,level,1.0,ACTUAL,VNSTOCK_BRONZE
AVG,LATEST,income_statement,value,0.0,ACTUAL,VNSTOCK_BRONZE
AVG,LATEST,income_statement,order,10.0,ACTUAL,VNSTOCK_BRONZE
AVG,LATEST,income_statement,level,1.0,ACTUAL,VNSTOCK_BRONZE
AVG,LATEST,income_statement,value,-564697034.0,ACTUAL,VNSTOCK_BRONZE
AVG,LATEST,income_statement,order,11.0,ACTUAL,VNSTOCK_BRONZE
AVG,LATEST,income_statement,level,1.0,ACTUAL,VNSTOCK_BRONZE
AVG,LATEST,income_statement,value,-1740557501.0,ACTUAL,VNSTOCK_BRONZE
AVG,LATEST,income_statement,order,12.0,ACTUAL,VNSTOCK_BRONZE
AVG,LATEST,income_statement,level,1.0,ACTUAL,VNSTOCK_BRONZE
AVG,LATEST,income_statement,value,2383682452.0,ACTUAL,VNSTOCK_BRONZE
AVG,LATEST,income_statement,order,13.0,ACTUAL,VNSTOCK_BRONZE
AVG,LATEST,income_statement,level,1.0,ACTUAL,VNSTOCK_BRONZE
AVG,LATEST,income_statement,value,-309721462.0,ACTUAL,VNSTOCK_BRONZE
AVG,LATEST,income_statement,order,14.0,ACTUAL,VNSTOCK_BRONZE
AVG,LATEST,income_statement,level,2.0,ACTUAL,VNSTOCK_BRONZE
AVG,LATEST,income_statement,value,454750.0,ACTUAL,VNSTOCK_BRONZE
AVG,LATEST,income_statement,order,15.0,ACTUAL,VNSTOCK_BRONZE
AVG,LATEST,income_statement,level,2.0,ACTUAL,VNSTOCK_BRONZE
AVG,LATEST,income_statement,value,-310176212.0,ACTUAL,VNSTOCK_BRONZE
AVG,LATEST,income_statement,order,16.0,ACTUAL,VNSTOCK_BRONZE
AVG,LATEST,income_statement,level,1.0,ACTUAL,VNSTOCK_BRONZE
AVG,LATEST,income_statement,value,0.0,ACTUAL,VNSTOCK_BRONZE
AVG,LATEST,income_statement,order,17.0,ACTUAL,VNSTOCK_BRONZE
AVG,LATEST,income_statement,level,1.0,ACTUAL,VNSTOCK_BRONZE
AVG,LATEST,income_statement,value,2073960990.0,ACTUAL,VNSTOCK_BRONZE
AVG,LATEST,income_statement,order,18.0,ACTUAL,VNSTOCK_BRONZE
AVG,LATEST,income_statement,level,1.0,ACTUAL,VNSTOCK_BRONZE
AVG,LATEST,income_statement,value,-75962643.0,ACTUAL,VNSTOCK_BRONZE
AVG,LATEST,income_statement,order,19.0,ACTUAL,VNSTOCK_BRONZE
AVG,LATEST,income_statement,level,2.0,ACTUAL,VNSTOCK_BRONZE
AVG,LATEST,income_statement,value,-75962643.0,ACTUAL,VNSTOCK_BRONZE
AVG,LATEST,income_statement,order,20.0,ACTUAL,VNSTOCK_BRONZE
AVG,LATEST,income_statement,level,2.0,ACTUAL,VNSTOCK_BRONZE
AVG,LATEST,income_statement,value,0.0,ACTUAL,VNSTOCK_BRONZE
AVG,LATEST,income_statement,order,21.0,ACTUAL,VNSTOCK_BRONZE
AVG,LATEST,income_statement,level,1.0,ACTUAL,VNSTOCK_BRONZE
AVG,LATEST,income_statement,value,1997998347.0,ACTUAL,VNSTOCK_BRONZE
AVG,LATEST,income_statement,order,22.0,ACTUAL,VNSTOCK_BRONZE
AVG,LATEST,income_statement,level,1.0,ACTUAL,VNSTOCK_BRONZE
AVG,LATEST,income_statement,value,22207416.0,ACTUAL,VNSTOCK_BRONZE
AVG,LATEST,income_statement,order,23.0,ACTUAL,VNSTOCK_BRONZE
AVG,LATEST,income_statement,level,1.0,ACTUAL,VNSTOCK_BRONZE
AVG,LATEST,income_statement,value,1975790931.0,ACTUAL,VNSTOCK_BRONZE
AVG,LATEST,income_statement,order,24.0,ACTUAL,VNSTOCK_BRONZE
AVG,LATEST,income_statement,level,1.0,ACTUAL,VNSTOCK_BRONZE
AVG,LATEST,income_statement,value,112.0,ACTUAL,VNSTOCK_BRONZE
AVG,LATEST,income_statement,order,25.0,ACTUAL,VNSTOCK_BRONZE
AVG,LATEST,income_statement,level,1.0,ACTUAL,VNSTOCK_BRONZE
AVG,LATEST,income_statement,value,0.0,ACTUAL,VNSTOCK_BRONZE
AVG,LATEST,income_statement,order,1.0,ACTUAL,VNSTOCK_BRONZE
AVG,LATEST,income_statement,level,1.0,ACTUAL,VNSTOCK_BRONZE
AVG,LATEST,income_statement,value,190454991886.0,ACTUAL,VNSTOCK_BRONZE
AVG,LATEST,income_statement,order,2.0,ACTUAL,VNSTOCK_BRONZE
AVG,LATEST,income_statement,level,1.0,ACTUAL,VNSTOCK_BRONZE
AVG,LATEST,income_statement,value,-0.0,ACTUAL,VNSTOCK_BRONZE
AVG,LATEST,income_statement,order,3.0,ACTUAL,VNSTOCK_BRONZE
AVG,LATEST,income_statement,level,1.0,ACTUAL,VNSTOCK_BRONZE
AVG,LATEST,income_statement,value,190454991886.0,ACTUAL,VNSTOCK_BRONZE
AVG,LATEST,income_statement,order,4.0,ACTUAL,VNSTOCK_BRONZE
AVG,LATEST,income_statement,level,1.0,ACTUAL,VNSTOCK_BRONZE
AVG,LATEST,income_statement,value,-183581583375.0,ACTUAL,VNSTOCK_BRONZE
AVG,LATEST,income_statement,order,5.0,ACTUAL,VNSTOCK_BRONZE
AVG,LATEST,income_statement,level,1.0,ACTUAL,VNSTOCK_BRONZE
AVG,LATEST,income_statement,value,6873408511.0,ACTUAL,VNSTOCK_BRONZE
AVG,LATEST,income_statement,order,6.0,ACTUAL,VNSTOCK_BRONZE
AVG,LATEST,income_statement,level,1.0,ACTUAL,VNSTOCK_BRONZE
AVG,LATEST,income_statement,value,81912194.0,ACTUAL,VNSTOCK_BRONZE
AVG,LATEST,income_statement,order,7.0,ACTUAL,VNSTOCK_BRONZE
AVG,LATEST,income_statement,level,1.0,ACTUAL,VNSTOCK_BRONZE
AVG,LATEST,income_statement,value,-2562155244.0,ACTUAL,VNSTOCK_BRONZE
AVG,LATEST,income_statement,order,8.0,ACTUAL,VNSTOCK_BRONZE
AVG,LATEST,income_statement,level,2.0,ACTUAL,VNSTOCK_BRONZE
AVG,LATEST,income_statement,value,-2557355244.0,ACTUAL,VNSTOCK_BRONZE
AVG,LATEST,income_statement,order,9.0,ACTUAL,VNSTOCK_BRONZE
AVG,LATEST,income_statement,level,1.0,ACTUAL,VNSTOCK_BRONZE
AVG,LATEST,income_statement,value,0.0,ACTUAL,VNSTOCK_BRONZE
AVG,LATEST,income_statement,order,10.0,ACTUAL,VNSTOCK_BRONZE
AVG,LATEST,income_statement,level,1.0,ACTUAL,VNSTOCK_BRONZE
AVG,LATEST,income_statement,value,-649475729.0,ACTUAL,VNSTOCK_BRONZE
AVG,LATEST,income_statement,order,11.0,ACTUAL,VNSTOCK_BRONZE
AVG,LATEST,income_statement,level,1.0,ACTUAL,VNSTOCK_BRONZE
AVG,LATEST,income_statement,value,-1583777193.0,ACTUAL,VNSTOCK_BRONZE
AVG,LATEST,income_statement,order,12.0,ACTUAL,VNSTOCK_BRONZE
AVG,LATEST,income_statement,level,1.0,ACTUAL,VNSTOCK_BRONZE
AVG,LATEST,income_statement,value,2159912539.0,ACTUAL,VNSTOCK_BRONZE
AVG,LATEST,income_statement,order,13.0,ACTUAL,VNSTOCK_BRONZE
AVG,LATEST,income_statement,level,1.0,ACTUAL,VNSTOCK_BRONZE
AVG,LATEST,income_statement,value,-139220437.0,ACTUAL,VNSTOCK_BRONZE
AVG,LATEST,income_statement,order,14.0,ACTUAL,VNSTOCK_BRONZE
AVG,LATEST,income_statement,level,2.0,ACTUAL,VNSTOCK_BRONZE
AVG,LATEST,income_statement,value,0.0,ACTUAL,VNSTOCK_BRONZE
AVG,LATEST,income_statement,order,15.0,ACTUAL,VNSTOCK_BRONZE
AVG,LATEST,income_statement,level,2.0,ACTUAL,VNSTOCK_BRONZE
AVG,LATEST,income_statement,value,-139220437.0,ACTUAL,VNSTOCK_BRONZE
AVG,LATEST,income_statement,order,16.0,ACTUAL,VNSTOCK_BRONZE
AVG,LATEST,income_statement,level,1.0,ACTUAL,VNSTOCK_BRONZE
AVG,LATEST,income_statement,value,0.0,ACTUAL,VNSTOCK_BRONZE
AVG,LATEST,income_statement,order,17.0,ACTUAL,VNSTOCK_BRONZE
AVG,LATEST,income_statement,level,1.0,ACTUAL,VNSTOCK_BRONZE
AVG,LATEST,income_statement,value,2020692102.0,ACTUAL,VNSTOCK_BRONZE
AVG,LATEST,income_statement,order,18.0,ACTUAL,VNSTOCK_BRONZE
AVG,LATEST,income_statement,level,1.0,ACTUAL,VNSTOCK_BRONZE
AVG,LATEST,income_statement,value,-152992074.0,ACTUAL,VNSTOCK_BRONZE
AVG,LATEST,income_statement,order,19.0,ACTUAL,VNSTOCK_BRONZE
AVG,LATEST,income_statement,level,2.0,ACTUAL,VNSTOCK_BRONZE
AVG,LATEST,income_statement,value,-152992074.0,ACTUAL,VNSTOCK_BRONZE
AVG,LATEST,income_statement,order,20.0,ACTUAL,VNSTOCK_BRONZE
AVG,LATEST,income_statement,level,2.0,ACTUAL,VNSTOCK_BRONZE
AVG,LATEST,income_statement,value,0.0,ACTUAL,VNSTOCK_BRONZE
AVG,LATEST,income_statement,order,21.0,ACTUAL,VNSTOCK_BRONZE
AVG,LATEST,income_statement,level,1.0,ACTUAL,VNSTOCK_BRONZE
AVG,LATEST,income_statement,value,1867700028.0,ACTUAL,VNSTOCK_BRONZE
AVG,LATEST,income_statement,order,22.0,ACTUAL,VNSTOCK_BRONZE
AVG,LATEST,income_statement,level,1.0,ACTUAL,VNSTOCK_BRONZE
AVG,LATEST,income_statement,value,23214499.0,ACTUAL,VNSTOCK_BRONZE
AVG,LATEST,income_statement,order,23.0,ACTUAL,VNSTOCK_BRONZE
AVG,LATEST,income_statement,level,1.0,ACTUAL,VNSTOCK_BRONZE
AVG,LATEST,income_statement,value,1890914527.0,ACTUAL,VNSTOCK_BRONZE
AVG,LATEST,income_statement,order,24.0,ACTUAL,VNSTOCK_BRONZE
AVG,LATEST,income_statement,level,1.0,ACTUAL,VNSTOCK_BRONZE
AVG,LATEST,income_statement,value,107.0,ACTUAL,VNSTOCK_BRONZE
AVG,LATEST,income_statement,order,25.0,ACTUAL,VNSTOCK_BRONZE
AVG,LATEST,income_statement,level,1.0,ACTUAL,VNSTOCK_BRONZE
AVG,LATEST,income_statement,value,-41.0,ACTUAL,VNSTOCK_BRONZE
AVG,LATEST,income_statement,order,1.0,ACTUAL,VNSTOCK_BRONZE
AVG,LATEST,income_statement,level,1.0,ACTUAL,VNSTOCK_BRONZE
AVG,LATEST,income_statement,value,191310448567.0,ACTUAL,VNSTOCK_BRONZE
AVG,LATEST,income_statement,order,2.0,ACTUAL,VNSTOCK_BRONZE
AVG,LATEST,income_statement,level,1.0,ACTUAL,VNSTOCK_BRONZE
AVG,LATEST,income_statement,value,-1000000.0,ACTUAL,VNSTOCK_BRONZE
AVG,LATEST,income_statement,order,3.0,ACTUAL,VNSTOCK_BRONZE
AVG,LATEST,income_statement,level,1.0,ACTUAL,VNSTOCK_BRONZE
AVG,LATEST,income_statement,value,191309448567.0,ACTUAL,VNSTOCK_BRONZE
AVG,LATEST,income_statement,order,4.0,ACTUAL,VNSTOCK_BRONZE
AVG,LATEST,income_statement,level,1.0,ACTUAL,VNSTOCK_BRONZE
AVG,LATEST,income_statement,value,-180965966616.0,ACTUAL,VNSTOCK_BRONZE
AVG,LATEST,income_statement,order,5.0,ACTUAL,VNSTOCK_BRONZE
AVG,LATEST,income_statement,level,1.0,ACTUAL,VNSTOCK_BRONZE
AVG,LATEST,income_statement,value,10343481951.0,ACTUAL,VNSTOCK_BRONZE
AVG,LATEST,income_statement,order,6.0,ACTUAL,VNSTOCK_BRONZE
AVG,LATEST,income_statement,level,1.0,ACTUAL,VNSTOCK_BRONZE
AVG,LATEST,income_statement,value,7063098.0,ACTUAL,VNSTOCK_BRONZE
AVG,LATEST,income_statement,order,7.0,ACTUAL,VNSTOCK_BRONZE
AVG,LATEST,income_statement,level,1.0,ACTUAL,VNSTOCK_BRONZE
AVG,LATEST,income_statement,value,-1871955287.0,ACTUAL,VNSTOCK_BRONZE
AVG,LATEST,income_statement,order,8.0,ACTUAL,VNSTOCK_BRONZE
AVG,LATEST,income_statement,level,2.0,ACTUAL,VNSTOCK_BRONZE
AVG,LATEST,income_statement,value,-1871955287.0,ACTUAL,VNSTOCK_BRONZE
AVG,LATEST,income_statement,order,9.0,ACTUAL,VNSTOCK_BRONZE
AVG,LATEST,income_statement,level,1.0,ACTUAL,VNSTOCK_BRONZE
AVG,LATEST,income_statement,value,0.0,ACTUAL,VNSTOCK_BRONZE
AVG,LATEST,income_statement,order,10.0,ACTUAL,VNSTOCK_BRONZE
AVG,LATEST,income_statement,level,1.0,ACTUAL,VNSTOCK_BRONZE
AVG,LATEST,income_statement,value,-727013622.0,ACTUAL,VNSTOCK_BRONZE
AVG,LATEST,income_statement,order,11.0,ACTUAL,VNSTOCK_BRONZE
AVG,LATEST,income_statement,level,1.0,ACTUAL,VNSTOCK_BRONZE
AVG,LATEST,income_statement,value,-1406843121.0,ACTUAL,VNSTOCK_BRONZE
AVG,LATEST,income_statement,order,12.0,ACTUAL,VNSTOCK_BRONZE
AVG,LATEST,income_statement,level,1.0,ACTUAL,VNSTOCK_BRONZE
AVG,LATEST,income_statement,value,6344733019.0,ACTUAL,VNSTOCK_BRONZE
AVG,LATEST,income_statement,order,13.0,ACTUAL,VNSTOCK_BRONZE
AVG,LATEST,income_statement,level,1.0,ACTUAL,VNSTOCK_BRONZE
AVG,LATEST,income_statement,value,-35339557.0,ACTUAL,VNSTOCK_BRONZE
AVG,LATEST,income_statement,order,14.0,ACTUAL,VNSTOCK_BRONZE
AVG,LATEST,income_statement,level,2.0,ACTUAL,VNSTOCK_BRONZE
AVG,LATEST,income_statement,value,0.0,ACTUAL,VNSTOCK_BRONZE
AVG,LATEST,income_statement,order,15.0,ACTUAL,VNSTOCK_BRONZE
AVG,LATEST,income_statement,level,2.0,ACTUAL,VNSTOCK_BRONZE
AVG,LATEST,income_statement,value,-35339557.0,ACTUAL,VNSTOCK_BRONZE
AVG,LATEST,income_statement,order,16.0,ACTUAL,VNSTOCK_BRONZE
AVG,LATEST,income_statement,level,1.0,ACTUAL,VNSTOCK_BRONZE
AVG,LATEST,income_statement,value,0.0,ACTUAL,VNSTOCK_BRONZE
AVG,LATEST,income_statement,order,17.0,ACTUAL,VNSTOCK_BRONZE
AVG,LATEST,income_statement,level,1.0,ACTUAL,VNSTOCK_BRONZE
AVG,LATEST,income_statement,value,6309393462.0,ACTUAL,VNSTOCK_BRONZE
AVG,LATEST,income_statement,order,18.0,ACTUAL,VNSTOCK_BRONZE
AVG,LATEST,income_statement,level,1.0,ACTUAL,VNSTOCK_BRONZE
AVG,LATEST,income_statement,value,-315484421.0,ACTUAL,VNSTOCK_BRONZE
AVG,LATEST,income_statement,order,19.0,ACTUAL,VNSTOCK_BRONZE
AVG,LATEST,income_statement,level,2.0,ACTUAL,VNSTOCK_BRONZE
AVG,LATEST,income_statement,value,-315484421.0,ACTUAL,VNSTOCK_BRONZE
AVG,LATEST,income_statement,order,20.0,ACTUAL,VNSTOCK_BRONZE
AVG,LATEST,income_statement,level,2.0,ACTUAL,VNSTOCK_BRONZE
AVG,LATEST,income_statement,value,0.0,ACTUAL,VNSTOCK_BRONZE
AVG,LATEST,income_statement,order,21.0,ACTUAL,VNSTOCK_BRONZE
AVG,LATEST,income_statement,level,1.0,ACTUAL,VNSTOCK_BRONZE
AVG,LATEST,income_statement,value,5993909041.0,ACTUAL,VNSTOCK_BRONZE
AVG,LATEST,income_statement,order,22.0,ACTUAL,VNSTOCK_BRONZE
AVG,LATEST,income_statement,level,1.0,ACTUAL,VNSTOCK_BRONZE
AVG,LATEST,income_statement,value,33211749.0,ACTUAL,VNSTOCK_BRONZE
AVG,LATEST,income_statement,order,23.0,ACTUAL,VNSTOCK_BRONZE
AVG,LATEST,income_statement,level,1.0,ACTUAL,VNSTOCK_BRONZE
AVG,LATEST,income_statement,value,5960697292.0,ACTUAL,VNSTOCK_BRONZE
AVG,LATEST,income_statement,order,24.0,ACTUAL,VNSTOCK_BRONZE
AVG,LATEST,income_statement,level,1.0,ACTUAL,VNSTOCK_BRONZE
AVG,LATEST,income_statement,value,337.0,ACTUAL,VNSTOCK_BRONZE
AVG,LATEST,income_statement,order,25.0,ACTUAL,VNSTOCK_BRONZE
AVG,LATEST,income_statement,level,1.0,ACTUAL,VNSTOCK_BRONZE
AVG,LATEST,income_statement,value,337.0,ACTUAL,VNSTOCK_BRONZE
AVG,LATEST,income_statement,order,1.0,ACTUAL,VNSTOCK_BRONZE
AVG,LATEST,income_statement,level,1.0,ACTUAL,VNSTOCK_BRONZE
AVG,LATEST,income_statement,value,239622447467.0,ACTUAL,VNSTOCK_BRONZE
AVG,LATEST,income_statement,order,2.0,ACTUAL,VNSTOCK_BRONZE
AVG,LATEST,income_statement,level,1.0,ACTUAL,VNSTOCK_BRONZE
AVG,LATEST,income_statement,value,-0.0,ACTUAL,VNSTOCK_BRONZE
AVG,LATEST,income_statement,order,3.0,ACTUAL,VNSTOCK_BRONZE
AVG,LATEST,income_statement,level,1.0,ACTUAL,VNSTOCK_BRONZE
AVG,LATEST,income_statement,value,239622447467.0,ACTUAL,VNSTOCK_BRONZE
AVG,LATEST,income_statement,order,4.0,ACTUAL,VNSTOCK_BRONZE
AVG,LATEST,income_statement,level,1.0,ACTUAL,VNSTOCK_BRONZE
AVG,LATEST,income_statement,value,-229064873346.0,ACTUAL,VNSTOCK_BRONZE
AVG,LATEST,income_statement,order,5.0,ACTUAL,VNSTOCK_BRONZE
AVG,LATEST,income_statement,level,1.0,ACTUAL,VNSTOCK_BRONZE
AVG,LATEST,income_statement,value,10557574121.0,ACTUAL,VNSTOCK_BRONZE
AVG,LATEST,income_statement,order,6.0,ACTUAL,VNSTOCK_BRONZE
AVG,LATEST,income_statement,level,1.0,ACTUAL,VNSTOCK_BRONZE
AVG,LATEST,income_statement,value,27592259.0,ACTUAL,VNSTOCK_BRONZE
AVG,LATEST,income_statement,order,7.0,ACTUAL,VNSTOCK_BRONZE
AVG,LATEST,income_statement,level,1.0,ACTUAL,VNSTOCK_BRONZE
AVG,LATEST,income_statement,value,-2705416213.0,ACTUAL,VNSTOCK_BRONZE
AVG,LATEST,income_statement,order,8.0,ACTUAL,VNSTOCK_BRONZE
AVG,LATEST,income_statement,level,2.0,ACTUAL,VNSTOCK_BRONZE
AVG,LATEST,income_statement,value,-2705416213.0,ACTUAL,VNSTOCK_BRONZE
AVG,LATEST,income_statement,order,9.0,ACTUAL,VNSTOCK_BRONZE
AVG,LATEST,income_statement,level,1.0,ACTUAL,VNSTOCK_BRONZE
AVG,LATEST,income_statement,value,0.0,ACTUAL,VNSTOCK_BRONZE
AVG,LATEST,income_statement,order,10.0,ACTUAL,VNSTOCK_BRONZE
AVG,LATEST,income_statement,level,1.0,ACTUAL,VNSTOCK_BRONZE
AVG,LATEST,income_statement,value,-750544822.0,ACTUAL,VNSTOCK_BRONZE
AVG,LATEST,income_statement,order,11.0,ACTUAL,VNSTOCK_BRONZE
AVG,LATEST,income_statement,level,1.0,ACTUAL,VNSTOCK_BRONZE
AVG,LATEST,income_statement,value,-1715968618.0,ACTUAL,VNSTOCK_BRONZE
AVG,LATEST,income_statement,order,12.0,ACTUAL,VNSTOCK_BRONZE
AVG,LATEST,income_statement,level,1.0,ACTUAL,VNSTOCK_BRONZE
AVG,LATEST,income_statement,value,5413236727.0,ACTUAL,VNSTOCK_BRONZE
AVG,LATEST,income_statement,order,13.0,ACTUAL,VNSTOCK_BRONZE
AVG,LATEST,income_statement,level,1.0,ACTUAL,VNSTOCK_BRONZE
AVG,LATEST,income_statement,value,-329535148.0,ACTUAL,VNSTOCK_BRONZE
AVG,LATEST,income_statement,order,14.0,ACTUAL,VNSTOCK_BRONZE
AVG,LATEST,income_statement,level,2.0,ACTUAL,VNSTOCK_BRONZE
AVG,LATEST,income_statement,value,0.0,ACTUAL,VNSTOCK_BRONZE
AVG,LATEST,income_statement,order,15.0,ACTUAL,VNSTOCK_BRONZE
AVG,LATEST,income_statement,level,2.0,ACTUAL,VNSTOCK_BRONZE
AVG,LATEST,income_statement,value,-329535148.0,ACTUAL,VNSTOCK_BRONZE
AVG,LATEST,income_statement,order,16.0,ACTUAL,VNSTOCK_BRONZE
AVG,LATEST,income_statement,level,1.0,ACTUAL,VNSTOCK_BRONZE
AVG,LATEST,income_statement,value,0.0,ACTUAL,VNSTOCK_BRONZE
AVG,LATEST,income_statement,order,17.0,ACTUAL,VNSTOCK_BRONZE
AVG,LATEST,income_statement,level,1.0,ACTUAL,VNSTOCK_BRONZE
AVG,LATEST,income_statement,value,5083701579.0,ACTUAL,VNSTOCK_BRONZE
AVG,LATEST,income_statement,order,18.0,ACTUAL,VNSTOCK_BRONZE
AVG,LATEST,income_statement,level,1.0,ACTUAL,VNSTOCK_BRONZE
AVG,LATEST,income_statement,value,-322569784.0,ACTUAL,VNSTOCK_BRONZE
AVG,LATEST,income_statement,order,19.0,ACTUAL,VNSTOCK_BRONZE
AVG,LATEST,income_statement,level,2.0,ACTUAL,VNSTOCK_BRONZE
AVG,LATEST,income_statement,value,-322569784.0,ACTUAL,VNSTOCK_BRONZE
AVG,LATEST,income_statement,order,20.0,ACTUAL,VNSTOCK_BRONZE
AVG,LATEST,income_statement,level,2.0,ACTUAL,VNSTOCK_BRONZE
AVG,LATEST,income_statement,value,0.0,ACTUAL,VNSTOCK_BRONZE
AVG,LATEST,income_statement,order,21.0,ACTUAL,VNSTOCK_BRONZE
AVG,LATEST,income_statement,level,1.0,ACTUAL,VNSTOCK_BRONZE
AVG,LATEST,income_statement,value,4761131795.0,ACTUAL,VNSTOCK_BRONZE
AVG,LATEST,income_statement,order,22.0,ACTUAL,VNSTOCK_BRONZE
AVG,LATEST,income_statement,level,1.0,ACTUAL,VNSTOCK_BRONZE
AVG,LATEST,income_statement,value,30659778.0,ACTUAL,VNSTOCK_BRONZE
AVG,LATEST,income_statement,order,23.0,ACTUAL,VNSTOCK_BRONZE
AVG,LATEST,income_statement,level,1.0,ACTUAL,VNSTOCK_BRONZE
AVG,LATEST,income_statement,value,4730472017.0,ACTUAL,VNSTOCK_BRONZE
AVG,LATEST,income_statement,order,24.0,ACTUAL,VNSTOCK_BRONZE
AVG,LATEST,income_statement,level,1.0,ACTUAL,VNSTOCK_BRONZE
AVG,LATEST,income_statement,value,267.0,ACTUAL,VNSTOCK_BRONZE
AVG,LATEST,income_statement,order,25.0,ACTUAL,VNSTOCK_BRONZE
AVG,LATEST,income_statement,level,1.0,ACTUAL,VNSTOCK_BRONZE
AVG,LATEST,income_statement,value,267.0,ACTUAL,VNSTOCK_BRONZE
AVG,LATEST,income_statement,order,1.0,ACTUAL,VNSTOCK_BRONZE
AVG,LATEST,income_statement,level,1.0,ACTUAL,VNSTOCK_BRONZE
AVG,LATEST,income_statement,value,134271131161.0,ACTUAL,VNSTOCK_BRONZE
AVG,LATEST,income_statement,order,2.0,ACTUAL,VNSTOCK_BRONZE
AVG,LATEST,income_statement,level,1.0,ACTUAL,VNSTOCK_BRONZE
AVG,LATEST,income_statement,value,-0.0,ACTUAL,VNSTOCK_BRONZE
AVG,LATEST,income_statement,order,3.0,ACTUAL,VNSTOCK_BRONZE
AVG,LATEST,income_statement,level,1.0,ACTUAL,VNSTOCK_BRONZE
AVG,LATEST,income_statement,value,134271131161.0,ACTUAL,VNSTOCK_BRONZE
AVG,LATEST,income_statement,order,4.0,ACTUAL,VNSTOCK_BRONZE
AVG,LATEST,income_statement,level,1.0,ACTUAL,VNSTOCK_BRONZE
AVG,LATEST,income_statement,value,-126821625861.0,ACTUAL,VNSTOCK_BRONZE
AVG,LATEST,income_statement,order,5.0,ACTUAL,VNSTOCK_BRONZE
AVG,LATEST,income_statement,level,1.0,ACTUAL,VNSTOCK_BRONZE
AVG,LATEST,income_statement,value,7449505300.0,ACTUAL,VNSTOCK_BRONZE
AVG,LATEST,income_statement,order,6.0,ACTUAL,VNSTOCK_BRONZE
AVG,LATEST,income_statement,level,1.0,ACTUAL,VNSTOCK_BRONZE
AVG,LATEST,income_statement,value,12961450.0,ACTUAL,VNSTOCK_BRONZE
AVG,LATEST,income_statement,order,7.0,ACTUAL,VNSTOCK_BRONZE
AVG,LATEST,income_statement,level,1.0,ACTUAL,VNSTOCK_BRONZE
AVG,LATEST,income_statement,value,-2141664919.0,ACTUAL,VNSTOCK_BRONZE
AVG,LATEST,income_statement,order,8.0,ACTUAL,VNSTOCK_BRONZE
AVG,LATEST,income_statement,level,2.0,ACTUAL,VNSTOCK_BRONZE
AVG,LATEST,income_statement,value,-0.0,ACTUAL,VNSTOCK_BRONZE
AVG,LATEST,income_statement,order,9.0,ACTUAL,VNSTOCK_BRONZE
AVG,LATEST,income_statement,level,1.0,ACTUAL,VNSTOCK_BRONZE
AVG,LATEST,income_statement,value,0.0,ACTUAL,VNSTOCK_BRONZE
AVG,LATEST,income_statement,order,10.0,ACTUAL,VNSTOCK_BRONZE
AVG,LATEST,income_statement,level,1.0,ACTUAL,VNSTOCK_BRONZE
AVG,LATEST,income_statement,value,-524616340.0,ACTUAL,VNSTOCK_BRONZE
AVG,LATEST,income_statement,order,11.0,ACTUAL,VNSTOCK_BRONZE
AVG,LATEST,income_statement,level,1.0,ACTUAL,VNSTOCK_BRONZE
AVG,LATEST,income_statement,value,-987214079.0,ACTUAL,VNSTOCK_BRONZE
AVG,LATEST,income_statement,order,12.0,ACTUAL,VNSTOCK_BRONZE
AVG,LATEST,income_statement,level,1.0,ACTUAL,VNSTOCK_BRONZE
AVG,LATEST,income_statement,value,3808971412.0,ACTUAL,VNSTOCK_BRONZE
AVG,LATEST,income_statement,order,13.0,ACTUAL,VNSTOCK_BRONZE
AVG,LATEST,income_statement,level,1.0,ACTUAL,VNSTOCK_BRONZE
AVG,LATEST,income_statement,value,-45619780.0,ACTUAL,VNSTOCK_BRONZE
AVG,LATEST,income_statement,order,14.0,ACTUAL,VNSTOCK_BRONZE
AVG,LATEST,income_statement,level,2.0,ACTUAL,VNSTOCK_BRONZE
AVG,LATEST,income_statement,value,0.0,ACTUAL,VNSTOCK_BRONZE
AVG,LATEST,income_statement,order,15.0,ACTUAL,VNSTOCK_BRONZE
AVG,LATEST,income_statement,level,2.0,ACTUAL,VNSTOCK_BRONZE
AVG,LATEST,income_statement,value,-45619780.0,ACTUAL,VNSTOCK_BRONZE
AVG,LATEST,income_statement,order,16.0,ACTUAL,VNSTOCK_BRONZE
AVG,LATEST,income_statement,level,1.0,ACTUAL,VNSTOCK_BRONZE
AVG,LATEST,income_statement,value,0.0,ACTUAL,VNSTOCK_BRONZE
AVG,LATEST,income_statement,order,17.0,ACTUAL,VNSTOCK_BRONZE
AVG,LATEST,income_statement,level,1.0,ACTUAL,VNSTOCK_BRONZE
AVG,LATEST,income_statement,value,3763351632.0,ACTUAL,VNSTOCK_BRONZE
AVG,LATEST,income_statement,order,18.0,ACTUAL,VNSTOCK_BRONZE
AVG,LATEST,income_statement,level,1.0,ACTUAL,VNSTOCK_BRONZE
AVG,LATEST,income_statement,value,-151405634.0,ACTUAL,VNSTOCK_BRONZE
AVG,LATEST,income_statement,order,19.0,ACTUAL,VNSTOCK_BRONZE
AVG,LATEST,income_statement,level,2.0,ACTUAL,VNSTOCK_BRONZE
AVG,LATEST,income_statement,value,-151405634.0,ACTUAL,VNSTOCK_BRONZE
AVG,LATEST,income_statement,order,20.0,ACTUAL,VNSTOCK_BRONZE
AVG,LATEST,income_statement,level,2.0,ACTUAL,VNSTOCK_BRONZE
AVG,LATEST,income_statement,value,0.0,ACTUAL,VNSTOCK_BRONZE
AVG,LATEST,income_statement,order,21.0,ACTUAL,VNSTOCK_BRONZE
AVG,LATEST,income_statement,level,1.0,ACTUAL,VNSTOCK_BRONZE
AVG,LATEST,income_statement,value,3611945998.0,ACTUAL,VNSTOCK_BRONZE
AVG,LATEST,income_statement,order,22.0,ACTUAL,VNSTOCK_BRONZE
AVG,LATEST,income_statement,level,1.0,ACTUAL,VNSTOCK_BRONZE
AVG,LATEST,income_statement,value,42377258.0,ACTUAL,VNSTOCK_BRONZE
AVG,LATEST,income_statement,order,23.0,ACTUAL,VNSTOCK_BRONZE
AVG,LATEST,income_statement,level,1.0,ACTUAL,VNSTOCK_BRONZE
AVG,LATEST,income_statement,value,3569568740.0,ACTUAL,VNSTOCK_BRONZE
AVG,LATEST,income_statement,order,24.0,ACTUAL,VNSTOCK_BRONZE
AVG,LATEST,income_statement,level,1.0,ACTUAL,VNSTOCK_BRONZE
AVG,LATEST,income_statement,value,0.0,ACTUAL,VNSTOCK_BRONZE
AVG,LATEST,income_statement,order,25.0,ACTUAL,VNSTOCK_BRONZE
AVG,LATEST,income_statement,level,1.0,ACTUAL,VNSTOCK_BRONZE
AVG,LATEST,income_statement,value,0.0,ACTUAL,VNSTOCK_BRONZE
AVG,LATEST,income_statement,order,1.0,ACTUAL,VNSTOCK_BRONZE
AVG,LATEST,income_statement,level,1.0,ACTUAL,VNSTOCK_BRONZE
AVG,LATEST,income_statement,value,168874294439.0,ACTUAL,VNSTOCK_BRONZE
AVG,LATEST,income_statement,order,2.0,ACTUAL,VNSTOCK_BRONZE
AVG,LATEST,income_statement,level,1.0,ACTUAL,VNSTOCK_BRONZE
AVG,LATEST,income_statement,value,-0.0,ACTUAL,VNSTOCK_BRONZE
AVG,LATEST,income_statement,order,3.0,ACTUAL,VNSTOCK_BRONZE
AVG,LATEST,income_statement,level,1.0,ACTUAL,VNSTOCK_BRONZE
AVG,LATEST,income_statement,value,168874294439.0,ACTUAL,VNSTOCK_BRONZE
AVG,LATEST,income_statement,order,4.0,ACTUAL,VNSTOCK_BRONZE
AVG,LATEST,income_statement,level,1.0,ACTUAL,VNSTOCK_BRONZE
AVG,LATEST,income_statement,value,-161420300185.0,ACTUAL,VNSTOCK_BRONZE
AVG,LATEST,income_statement,order,5.0,ACTUAL,VNSTOCK_BRONZE
AVG,LATEST,income_statement,level,1.0,ACTUAL,VNSTOCK_BRONZE
AVG,LATEST,income_statement,value,7453994254.0,ACTUAL,VNSTOCK_BRONZE
AVG,LATEST,income_statement,order,6.0,ACTUAL,VNSTOCK_BRONZE
AVG,LATEST,income_statement,level,1.0,ACTUAL,VNSTOCK_BRONZE
AVG,LATEST,income_statement,value,3373840.0,ACTUAL,VNSTOCK_BRONZE
AVG,LATEST,income_statement,order,7.0,ACTUAL,VNSTOCK_BRONZE
AVG,LATEST,income_statement,level,1.0,ACTUAL,VNSTOCK_BRONZE
AVG,LATEST,income_statement,value,-2642050619.0,ACTUAL,VNSTOCK_BRONZE
AVG,LATEST,income_statement,order,8.0,ACTUAL,VNSTOCK_BRONZE
AVG,LATEST,income_statement,level,2.0,ACTUAL,VNSTOCK_BRONZE
AVG,LATEST,income_statement,value,-2642050619.0,ACTUAL,VNSTOCK_BRONZE
AVG,LATEST,income_statement,order,9.0,ACTUAL,VNSTOCK_BRONZE
AVG,LATEST,income_statement,level,1.0,ACTUAL,VNSTOCK_BRONZE
AVG,LATEST,income_statement,value,0.0,ACTUAL,VNSTOCK_BRONZE
AVG,LATEST,income_statement,order,10.0,ACTUAL,VNSTOCK_BRONZE
AVG,LATEST,income_statement,level,1.0,ACTUAL,VNSTOCK_BRONZE
AVG,LATEST,income_statement,value,-514015062.0,ACTUAL,VNSTOCK_BRONZE
AVG,LATEST,income_statement,order,11.0,ACTUAL,VNSTOCK_BRONZE
AVG,LATEST,income_statement,level,1.0,ACTUAL,VNSTOCK_BRONZE
AVG,LATEST,income_statement,value,-1708637238.0,ACTUAL,VNSTOCK_BRONZE
AVG,LATEST,income_statement,order,12.0,ACTUAL,VNSTOCK_BRONZE
AVG,LATEST,income_statement,level,1.0,ACTUAL,VNSTOCK_BRONZE
AVG,LATEST,income_statement,value,2592665175.0,ACTUAL,VNSTOCK_BRONZE
AVG,LATEST,income_statement,order,13.0,ACTUAL,VNSTOCK_BRONZE
AVG,LATEST,income_statement,level,1.0,ACTUAL,VNSTOCK_BRONZE
AVG,LATEST,income_statement,value,-58399242.0,ACTUAL,VNSTOCK_BRONZE
AVG,LATEST,income_statement,order,14.0,ACTUAL,VNSTOCK_BRONZE
AVG,LATEST,income_statement,level,2.0,ACTUAL,VNSTOCK_BRONZE
AVG,LATEST,income_statement,value,18000000.0,ACTUAL,VNSTOCK_BRONZE
AVG,LATEST,income_statement,order,15.0,ACTUAL,VNSTOCK_BRONZE
AVG,LATEST,income_statement,level,2.0,ACTUAL,VNSTOCK_BRONZE
AVG,LATEST,income_statement,value,-76399242.0,ACTUAL,VNSTOCK_BRONZE
AVG,LATEST,income_statement,order,16.0,ACTUAL,VNSTOCK_BRONZE
AVG,LATEST,income_statement,level,1.0,ACTUAL,VNSTOCK_BRONZE
AVG,LATEST,income_statement,value,0.0,ACTUAL,VNSTOCK_BRONZE
AVG,LATEST,income_statement,order,17.0,ACTUAL,VNSTOCK_BRONZE
AVG,LATEST,income_statement,level,1.0,ACTUAL,VNSTOCK_BRONZE
AVG,LATEST,income_statement,value,2534265933.0,ACTUAL,VNSTOCK_BRONZE
AVG,LATEST,income_statement,order,18.0,ACTUAL,VNSTOCK_BRONZE
AVG,LATEST,income_statement,level,1.0,ACTUAL,VNSTOCK_BRONZE
AVG,LATEST,income_statement,value,-171536986.0,ACTUAL,VNSTOCK_BRONZE
AVG,LATEST,income_statement,order,19.0,ACTUAL,VNSTOCK_BRONZE
AVG,LATEST,income_statement,level,2.0,ACTUAL,VNSTOCK_BRONZE
AVG,LATEST,income_statement,value,-171536986.0,ACTUAL,VNSTOCK_BRONZE
AVG,LATEST,income_statement,order,20.0,ACTUAL,VNSTOCK_BRONZE
AVG,LATEST,income_statement,level,2.0,ACTUAL,VNSTOCK_BRONZE
AVG,LATEST,income_statement,value,0.0,ACTUAL,VNSTOCK_BRONZE
AVG,LATEST,income_statement,order,21.0,ACTUAL,VNSTOCK_BRONZE
AVG,LATEST,income_statement,level,1.0,ACTUAL,VNSTOCK_BRONZE
AVG,LATEST,income_statement,value,2362728947.0,ACTUAL,VNSTOCK_BRONZE
AVG,LATEST,income_statement,order,22.0,ACTUAL,VNSTOCK_BRONZE
AVG,LATEST,income_statement,level,1.0,ACTUAL,VNSTOCK_BRONZE
AVG,LATEST,income_statement,value,18341133.0,ACTUAL,VNSTOCK_BRONZE
AVG,LATEST,income_statement,order,23.0,ACTUAL,VNSTOCK_BRONZE
AVG,LATEST,income_statement,level,1.0,ACTUAL,VNSTOCK_BRONZE
AVG,LATEST,income_statement,value,2344387814.0,ACTUAL,VNSTOCK_BRONZE
AVG,LATEST,income_statement,order,24.0,ACTUAL,VNSTOCK_BRONZE
AVG,LATEST,income_statement,level,1.0,ACTUAL,VNSTOCK_BRONZE
AVG,LATEST,income_statement,value,323.0,ACTUAL,VNSTOCK_BRONZE
AVG,LATEST,income_statement,order,25.0,ACTUAL,VNSTOCK_BRONZE
AVG,LATEST,income_statement,level,1.0,ACTUAL,VNSTOCK_BRONZE
AVG,LATEST,income_statement,value,323.0,ACTUAL,VNSTOCK_BRONZE
AVG,LATEST,income_statement,order,1.0,ACTUAL,VNSTOCK_BRONZE
AVG,LATEST,income_statement,level,1.0,ACTUAL,VNSTOCK_BRONZE
AVG,LATEST,income_statement,value,144117526658.0,ACTUAL,VNSTOCK_BRONZE
AVG,LATEST,income_statement,order,2.0,ACTUAL,VNSTOCK_BRONZE
AVG,LATEST,income_statement,level,1.0,ACTUAL,VNSTOCK_BRONZE
AVG,LATEST,income_statement,value,-0.0,ACTUAL,VNSTOCK_BRONZE
AVG,LATEST,income_statement,order,3.0,ACTUAL,VNSTOCK_BRONZE
AVG,LATEST,income_statement,level,1.0,ACTUAL,VNSTOCK_BRONZE
AVG,LATEST,income_statement,value,144117526658.0,ACTUAL,VNSTOCK_BRONZE
AVG,LATEST,income_statement,order,4.0,ACTUAL,VNSTOCK_BRONZE
AVG,LATEST,income_statement,level,1.0,ACTUAL,VNSTOCK_BRONZE
AVG,LATEST,income_statement,value,-138057662671.0,ACTUAL,VNSTOCK_BRONZE
AVG,LATEST,income_statement,order,5.0,ACTUAL,VNSTOCK_BRONZE
AVG,LATEST,income_statement,level,1.0,ACTUAL,VNSTOCK_BRONZE
AVG,LATEST,income_statement,value,6059863987.0,ACTUAL,VNSTOCK_BRONZE
AVG,LATEST,income_statement,order,6.0,ACTUAL,VNSTOCK_BRONZE
AVG,LATEST,income_statement,level,1.0,ACTUAL,VNSTOCK_BRONZE
AVG,LATEST,income_statement,value,158521717.0,ACTUAL,VNSTOCK_BRONZE
AVG,LATEST,income_statement,order,7.0,ACTUAL,VNSTOCK_BRONZE
AVG,LATEST,income_statement,level,1.0,ACTUAL,VNSTOCK_BRONZE
AVG,LATEST,income_statement,value,-2168757483.0,ACTUAL,VNSTOCK_BRONZE
AVG,LATEST,income_statement,order,8.0,ACTUAL,VNSTOCK_BRONZE
AVG,LATEST,income_statement,level,2.0,ACTUAL,VNSTOCK_BRONZE
AVG,LATEST,income_statement,value,-2168757483.0,ACTUAL,VNSTOCK_BRONZE
AVG,LATEST,income_statement,order,9.0,ACTUAL,VNSTOCK_BRONZE
AVG,LATEST,income_statement,level,1.0,ACTUAL,VNSTOCK_BRONZE
AVG,LATEST,income_statement,value,0.0,ACTUAL,VNSTOCK_BRONZE
AVG,LATEST,income_statement,order,10.0,ACTUAL,VNSTOCK_BRONZE
AVG,LATEST,income_statement,level,1.0,ACTUAL,VNSTOCK_BRONZE
AVG,LATEST,income_statement,value,-398805757.0,ACTUAL,VNSTOCK_BRONZE
AVG,LATEST,income_statement,order,11.0,ACTUAL,VNSTOCK_BRONZE
AVG,LATEST,income_statement,level,1.0,ACTUAL,VNSTOCK_BRONZE
AVG,LATEST,income_statement,value,-1433197891.0,ACTUAL,VNSTOCK_BRONZE
AVG,LATEST,income_statement,order,12.0,ACTUAL,VNSTOCK_BRONZE
AVG,LATEST,income_statement,level,1.0,ACTUAL,VNSTOCK_BRONZE
AVG,LATEST,income_statement,value,2217624573.0,ACTUAL,VNSTOCK_BRONZE
AVG,LATEST,income_statement,order,13.0,ACTUAL,VNSTOCK_BRONZE
AVG,LATEST,income_statement,level,1.0,ACTUAL,VNSTOCK_BRONZE
AVG,LATEST,income_statement,value,-38665829.0,ACTUAL,VNSTOCK_BRONZE
AVG,LATEST,income_statement,order,14.0,ACTUAL,VNSTOCK_BRONZE
AVG,LATEST,income_statement,level,2.0,ACTUAL,VNSTOCK_BRONZE
AVG,LATEST,income_statement,value,550000.0,ACTUAL,VNSTOCK_BRONZE
AVG,LATEST,income_statement,order,15.0,ACTUAL,VNSTOCK_BRONZE
AVG,LATEST,income_statement,level,2.0,ACTUAL,VNSTOCK_BRONZE
AVG,LATEST,income_statement,value,-39215829.0,ACTUAL,VNSTOCK_BRONZE
AVG,LATEST,income_statement,order,16.0,ACTUAL,VNSTOCK_BRONZE
AVG,LATEST,income_statement,level,1.0,ACTUAL,VNSTOCK_BRONZE
AVG,LATEST,income_statement,value,0.0,ACTUAL,VNSTOCK_BRONZE
AVG,LATEST,income_statement,order,17.0,ACTUAL,VNSTOCK_BRONZE
AVG,LATEST,income_statement,level,1.0,ACTUAL,VNSTOCK_BRONZE
AVG,LATEST,income_statement,value,2178958744.0,ACTUAL,VNSTOCK_BRONZE
AVG,LATEST,income_statement,order,18.0,ACTUAL,VNSTOCK_BRONZE
AVG,LATEST,income_statement,level,1.0,ACTUAL,VNSTOCK_BRONZE
AVG,LATEST,income_statement,value,-108947938.0,ACTUAL,VNSTOCK_BRONZE
AVG,LATEST,income_statement,order,19.0,ACTUAL,VNSTOCK_BRONZE
AVG,LATEST,income_statement,level,2.0,ACTUAL,VNSTOCK_BRONZE
AVG,LATEST,income_statement,value,-108947938.0,ACTUAL,VNSTOCK_BRONZE
AVG,LATEST,income_statement,order,20.0,ACTUAL,VNSTOCK_BRONZE
AVG,LATEST,income_statement,level,2.0,ACTUAL,VNSTOCK_BRONZE
AVG,LATEST,income_statement,value,0.0,ACTUAL,VNSTOCK_BRONZE
AVG,LATEST,income_statement,order,21.0,ACTUAL,VNSTOCK_BRONZE
AVG,LATEST,income_statement,level,1.0,ACTUAL,VNSTOCK_BRONZE
AVG,LATEST,income_statement,value,2070010806.0,ACTUAL,VNSTOCK_BRONZE
AVG,LATEST,income_statement,order,22.0,ACTUAL,VNSTOCK_BRONZE
AVG,LATEST,income_statement,level,1.0,ACTUAL,VNSTOCK_BRONZE
AVG,LATEST,income_statement,value,17800329.0,ACTUAL,VNSTOCK_BRONZE
AVG,LATEST,income_statement,order,23.0,ACTUAL,VNSTOCK_BRONZE
AVG,LATEST,income_statement,level,1.0,ACTUAL,VNSTOCK_BRONZE
AVG,LATEST,income_statement,value,2052210477.0,ACTUAL,VNSTOCK_BRONZE
AVG,LATEST,income_statement,order,24.0,ACTUAL,VNSTOCK_BRONZE
AVG,LATEST,income_statement,level,1.0,ACTUAL,VNSTOCK_BRONZE
AVG,LATEST,income_statement,value,0.0,ACTUAL,VNSTOCK_BRONZE
AVG,LATEST,income_statement,order,25.0,ACTUAL,VNSTOCK_BRONZE
AVG,LATEST,income_statement,level,1.0,ACTUAL,VNSTOCK_BRONZE
AVG,LATEST,income_statement,value,0.0,ACTUAL,VNSTOCK_BRONZE
AVG,LATEST,income_statement,order,1.0,ACTUAL,VNSTOCK_BRONZE
AVG,LATEST,income_statement,level,1.0,ACTUAL,VNSTOCK_BRONZE
AVG,LATEST,income_statement,value,177523792413.0,ACTUAL,VNSTOCK_BRONZE
AVG,LATEST,income_statement,order,2.0,ACTUAL,VNSTOCK_BRONZE
AVG,LATEST,income_statement,level,1.0,ACTUAL,VNSTOCK_BRONZE
AVG,LATEST,income_statement,value,-0.0,ACTUAL,VNSTOCK_BRONZE
AVG,LATEST,income_statement,order,3.0,ACTUAL,VNSTOCK_BRONZE
AVG,LATEST,income_statement,level,1.0,ACTUAL,VNSTOCK_BRONZE
AVG,LATEST,income_statement,value,177523792413.0,ACTUAL,VNSTOCK_BRONZE
AVG,LATEST,income_statement,order,4.0,ACTUAL,VNSTOCK_BRONZE
AVG,LATEST,income_statement,level,1.0,ACTUAL,VNSTOCK_BRONZE
AVG,LATEST,income_statement,value,-171342296519.0,ACTUAL,VNSTOCK_BRONZE
AVG,LATEST,income_statement,order,5.0,ACTUAL,VNSTOCK_BRONZE
AVG,LATEST,income_statement,level,1.0,ACTUAL,VNSTOCK_BRONZE
AVG,LATEST,income_statement,value,6181495894.0,ACTUAL,VNSTOCK_BRONZE
AVG,LATEST,income_statement,order,6.0,ACTUAL,VNSTOCK_BRONZE
AVG,LATEST,income_statement,level,1.0,ACTUAL,VNSTOCK_BRONZE
AVG,LATEST,income_statement,value,359371326.0,ACTUAL,VNSTOCK_BRONZE
AVG,LATEST,income_statement,order,7.0,ACTUAL,VNSTOCK_BRONZE
AVG,LATEST,income_statement,level,1.0,ACTUAL,VNSTOCK_BRONZE
AVG,LATEST,income_statement,value,-3634392449.0,ACTUAL,VNSTOCK_BRONZE
AVG,LATEST,income_statement,order,8.0,ACTUAL,VNSTOCK_BRONZE
AVG,LATEST,income_statement,level,2.0,ACTUAL,VNSTOCK_BRONZE
AVG,LATEST,income_statement,value,-3634392449.0,ACTUAL,VNSTOCK_BRONZE
AVG,LATEST,income_statement,order,9.0,ACTUAL,VNSTOCK_BRONZE
AVG,LATEST,income_statement,level,1.0,ACTUAL,VNSTOCK_BRONZE
AVG,LATEST,income_statement,value,0.0,ACTUAL,VNSTOCK_BRONZE
AVG,LATEST,income_statement,order,10.0,ACTUAL,VNSTOCK_BRONZE
AVG,LATEST,income_statement,level,1.0,ACTUAL,VNSTOCK_BRONZE
AVG,LATEST,income_statement,value,-257983611.0,ACTUAL,VNSTOCK_BRONZE
AVG,LATEST,income_statement,order,11.0,ACTUAL,VNSTOCK_BRONZE
AVG,LATEST,income_statement,level,1.0,ACTUAL,VNSTOCK_BRONZE
AVG,LATEST,income_statement,value,-1178837163.0,ACTUAL,VNSTOCK_BRONZE
AVG,LATEST,income_statement,order,12.0,ACTUAL,VNSTOCK_BRONZE
AVG,LATEST,income_statement,level,1.0,ACTUAL,VNSTOCK_BRONZE
AVG,LATEST,income_statement,value,1469653997.0,ACTUAL,VNSTOCK_BRONZE
AVG,LATEST,income_statement,order,13.0,ACTUAL,VNSTOCK_BRONZE
AVG,LATEST,income_statement,level,1.0,ACTUAL,VNSTOCK_BRONZE
AVG,LATEST,income_statement,value,-31369877.0,ACTUAL,VNSTOCK_BRONZE
AVG,LATEST,income_statement,order,14.0,ACTUAL,VNSTOCK_BRONZE
AVG,LATEST,income_statement,level,2.0,ACTUAL,VNSTOCK_BRONZE
AVG,LATEST,income_statement,value,0.0,ACTUAL,VNSTOCK_BRONZE
AVG,LATEST,income_statement,order,15.0,ACTUAL,VNSTOCK_BRONZE
AVG,LATEST,income_statement,level,2.0,ACTUAL,VNSTOCK_BRONZE
AVG,LATEST,income_statement,value,-31369877.0,ACTUAL,VNSTOCK_BRONZE
AVG,LATEST,income_statement,order,16.0,ACTUAL,VNSTOCK_BRONZE
AVG,LATEST,income_statement,level,1.0,ACTUAL,VNSTOCK_BRONZE
AVG,LATEST,income_statement,value,0.0,ACTUAL,VNSTOCK_BRONZE
AVG,LATEST,income_statement,order,17.0,ACTUAL,VNSTOCK_BRONZE
AVG,LATEST,income_statement,level,1.0,ACTUAL,VNSTOCK_BRONZE
AVG,LATEST,income_statement,value,1438284120.0,ACTUAL,VNSTOCK_BRONZE
AVG,LATEST,income_statement,order,18.0,ACTUAL,VNSTOCK_BRONZE
AVG,LATEST,income_statement,level,1.0,ACTUAL,VNSTOCK_BRONZE
AVG,LATEST,income_statement,value,-124786697.0,ACTUAL,VNSTOCK_BRONZE
AVG,LATEST,income_statement,order,19.0,ACTUAL,VNSTOCK_BRONZE
AVG,LATEST,income_statement,level,2.0,ACTUAL,VNSTOCK_BRONZE
AVG,LATEST,income_statement,value,-124786697.0,ACTUAL,VNSTOCK_BRONZE
AVG,LATEST,income_statement,order,20.0,ACTUAL,VNSTOCK_BRONZE
AVG,LATEST,income_statement,level,2.0,ACTUAL,VNSTOCK_BRONZE
AVG,LATEST,income_statement,value,0.0,ACTUAL,VNSTOCK_BRONZE
AVG,LATEST,income_statement,order,21.0,ACTUAL,VNSTOCK_BRONZE
AVG,LATEST,income_statement,level,1.0,ACTUAL,VNSTOCK_BRONZE
AVG,LATEST,income_statement,value,1313497423.0,ACTUAL,VNSTOCK_BRONZE
AVG,LATEST,income_statement,order,22.0,ACTUAL,VNSTOCK_BRONZE
AVG,LATEST,income_statement,level,1.0,ACTUAL,VNSTOCK_BRONZE
AVG,LATEST,income_statement,value,0.0,ACTUAL,VNSTOCK_BRONZE
AVG,LATEST,income_statement,order,23.0,ACTUAL,VNSTOCK_BRONZE
AVG,LATEST,income_statement,level,1.0,ACTUAL,VNSTOCK_BRONZE
AVG,LATEST,income_statement,value,1313497423.0,ACTUAL,VNSTOCK_BRONZE
AVG,LATEST,income_statement,order,24.0,ACTUAL,VNSTOCK_BRONZE
AVG,LATEST,income_statement,level,1.0,ACTUAL,VNSTOCK_BRONZE
AVG,LATEST,income_statement,value,0.0,ACTUAL,VNSTOCK_BRONZE
AVG,LATEST,income_statement,order,25.0,ACTUAL,VNSTOCK_BRONZE
AVG,LATEST,income_statement,level,1.0,ACTUAL,VNSTOCK_BRONZE
AVG,LATEST,income_statement,value,0.0,ACTUAL,VNSTOCK_BRONZE
AVG,LATEST,cash_flow,order,1.0,ACTUAL,VNSTOCK_BRONZE
AVG,LATEST,cash_flow,level,1.0,ACTUAL,VNSTOCK_BRONZE
AVG,LATEST,cash_flow,value,2903188301.0,ACTUAL,VNSTOCK_BRONZE
AVG,LATEST,cash_flow,order,2.0,ACTUAL,VNSTOCK_BRONZE
AVG,LATEST,cash_flow,level,2.0,ACTUAL,VNSTOCK_BRONZE
AVG,LATEST,cash_flow,value,4933019524.0,ACTUAL,VNSTOCK_BRONZE
AVG,LATEST,cash_flow,order,3.0,ACTUAL,VNSTOCK_BRONZE
AVG,LATEST,cash_flow,level,2.0,ACTUAL,VNSTOCK_BRONZE
AVG,LATEST,cash_flow,value,2282749715.0,ACTUAL,VNSTOCK_BRONZE
AVG,LATEST,cash_flow,order,4.0,ACTUAL,VNSTOCK_BRONZE
AVG,LATEST,cash_flow,level,2.0,ACTUAL,VNSTOCK_BRONZE
AVG,LATEST,cash_flow,value,0.0,ACTUAL,VNSTOCK_BRONZE
AVG,LATEST,cash_flow,order,5.0,ACTUAL,VNSTOCK_BRONZE
AVG,LATEST,cash_flow,level,2.0,ACTUAL,VNSTOCK_BRONZE
AVG,LATEST,cash_flow,value,0.0,ACTUAL,VNSTOCK_BRONZE
AVG,LATEST,cash_flow,order,6.0,ACTUAL,VNSTOCK_BRONZE
AVG,LATEST,cash_flow,level,2.0,ACTUAL,VNSTOCK_BRONZE
AVG,LATEST,cash_flow,value,0.0,ACTUAL,VNSTOCK_BRONZE
AVG,LATEST,cash_flow,order,7.0,ACTUAL,VNSTOCK_BRONZE
AVG,LATEST,cash_flow,level,2.0,ACTUAL,VNSTOCK_BRONZE
AVG,LATEST,cash_flow,value,-16214755.0,ACTUAL,VNSTOCK_BRONZE
AVG,LATEST,cash_flow,order,8.0,ACTUAL,VNSTOCK_BRONZE
AVG,LATEST,cash_flow,level,2.0,ACTUAL,VNSTOCK_BRONZE
AVG,LATEST,cash_flow,value,5476539315.0,ACTUAL,VNSTOCK_BRONZE
AVG,LATEST,cash_flow,order,9.0,ACTUAL,VNSTOCK_BRONZE
AVG,LATEST,cash_flow,level,2.0,ACTUAL,VNSTOCK_BRONZE
AVG,LATEST,cash_flow,value,0.0,ACTUAL,VNSTOCK_BRONZE
AVG,LATEST,cash_flow,order,10.0,ACTUAL,VNSTOCK_BRONZE
AVG,LATEST,cash_flow,level,2.0,ACTUAL,VNSTOCK_BRONZE
AVG,LATEST,cash_flow,value,0.0,ACTUAL,VNSTOCK_BRONZE
AVG,LATEST,cash_flow,order,11.0,ACTUAL,VNSTOCK_BRONZE
AVG,LATEST,cash_flow,level,2.0,ACTUAL,VNSTOCK_BRONZE
AVG,LATEST,cash_flow,value,0.0,ACTUAL,VNSTOCK_BRONZE
AVG,LATEST,cash_flow,order,12.0,ACTUAL,VNSTOCK_BRONZE
AVG,LATEST,cash_flow,level,2.0,ACTUAL,VNSTOCK_BRONZE
AVG,LATEST,cash_flow,value,-2500000000.0,ACTUAL,VNSTOCK_BRONZE
AVG,LATEST,cash_flow,order,13.0,ACTUAL,VNSTOCK_BRONZE
AVG,LATEST,cash_flow,level,2.0,ACTUAL,VNSTOCK_BRONZE
AVG,LATEST,cash_flow,value,12676093799.0,ACTUAL,VNSTOCK_BRONZE
AVG,LATEST,cash_flow,order,14.0,ACTUAL,VNSTOCK_BRONZE
AVG,LATEST,cash_flow,level,2.0,ACTUAL,VNSTOCK_BRONZE
AVG,LATEST,cash_flow,order,15.0,ACTUAL,VNSTOCK_BRONZE
AVG,LATEST,cash_flow,level,2.0,ACTUAL,VNSTOCK_BRONZE
AVG,LATEST,cash_flow,order,16.0,ACTUAL,VNSTOCK_BRONZE
AVG,LATEST,cash_flow,level,2.0,ACTUAL,VNSTOCK_BRONZE
AVG,LATEST,cash_flow,order,17.0,ACTUAL,VNSTOCK_BRONZE
AVG,LATEST,cash_flow,level,2.0,ACTUAL,VNSTOCK_BRONZE
AVG,LATEST,cash_flow,order,18.0,ACTUAL,VNSTOCK_BRONZE
AVG,LATEST,cash_flow,level,2.0,ACTUAL,VNSTOCK_BRONZE
AVG,LATEST,cash_flow,order,19.0,ACTUAL,VNSTOCK_BRONZE
AVG,LATEST,cash_flow,level,2.0,ACTUAL,VNSTOCK_BRONZE
AVG,LATEST,cash_flow,order,20.0,ACTUAL,VNSTOCK_BRONZE
AVG,LATEST,cash_flow,level,2.0,ACTUAL,VNSTOCK_BRONZE
AVG,LATEST,cash_flow,order,21.0,ACTUAL,VNSTOCK_BRONZE
AVG,LATEST,cash_flow,level,2.0,ACTUAL,VNSTOCK_BRONZE
AVG,LATEST,cash_flow,order,22.0,ACTUAL,VNSTOCK_BRONZE
AVG,LATEST,cash_flow,level,2.0,ACTUAL,VNSTOCK_BRONZE
AVG,LATEST,cash_flow,order,23.0,ACTUAL,VNSTOCK_BRONZE
AVG,LATEST,cash_flow,level,2.0,ACTUAL,VNSTOCK_BRONZE
AVG,LATEST,cash_flow,order,24.0,ACTUAL,VNSTOCK_BRONZE
AVG,LATEST,cash_flow,level,2.0,ACTUAL,VNSTOCK_BRONZE
AVG,LATEST,cash_flow,value,-13176312668.0,ACTUAL,VNSTOCK_BRONZE
AVG,LATEST,cash_flow,order,25.0,ACTUAL,VNSTOCK_BRONZE
AVG,LATEST,cash_flow,level,2.0,ACTUAL,VNSTOCK_BRONZE
AVG,LATEST,cash_flow,value,-238702023.0,ACTUAL,VNSTOCK_BRONZE
AVG,LATEST,cash_flow,order,26.0,ACTUAL,VNSTOCK_BRONZE
AVG,LATEST,cash_flow,level,2.0,ACTUAL,VNSTOCK_BRONZE
AVG,LATEST,cash_flow,value,9889958797.0,ACTUAL,VNSTOCK_BRONZE
AVG,LATEST,cash_flow,order,27.0,ACTUAL,VNSTOCK_BRONZE
AVG,LATEST,cash_flow,level,2.0,ACTUAL,VNSTOCK_BRONZE
AVG,LATEST,cash_flow,value,-518606881.0,ACTUAL,VNSTOCK_BRONZE
AVG,LATEST,cash_flow,order,28.0,ACTUAL,VNSTOCK_BRONZE
AVG,LATEST,cash_flow,level,2.0,ACTUAL,VNSTOCK_BRONZE
AVG,LATEST,cash_flow,value,-4662171948.0,ACTUAL,VNSTOCK_BRONZE
AVG,LATEST,cash_flow,order,29.0,ACTUAL,VNSTOCK_BRONZE
AVG,LATEST,cash_flow,level,2.0,ACTUAL,VNSTOCK_BRONZE
AVG,LATEST,cash_flow,order,30.0,ACTUAL,VNSTOCK_BRONZE
AVG,LATEST,cash_flow,level,2.0,ACTUAL,VNSTOCK_BRONZE
AVG,LATEST,cash_flow,value,0.0,ACTUAL,VNSTOCK_BRONZE
AVG,LATEST,cash_flow,order,31.0,ACTUAL,VNSTOCK_BRONZE
AVG,LATEST,cash_flow,level,2.0,ACTUAL,VNSTOCK_BRONZE
AVG,LATEST,cash_flow,value,0.0,ACTUAL,VNSTOCK_BRONZE
AVG,LATEST,cash_flow,order,32.0,ACTUAL,VNSTOCK_BRONZE
AVG,LATEST,cash_flow,level,1.0,ACTUAL,VNSTOCK_BRONZE
AVG,LATEST,cash_flow,value,-4073927634.0,ACTUAL,VNSTOCK_BRONZE
AVG,LATEST,cash_flow,order,33.0,ACTUAL,VNSTOCK_BRONZE
AVG,LATEST,cash_flow,level,2.0,ACTUAL,VNSTOCK_BRONZE
AVG,LATEST,cash_flow,value,-4090142389.0,ACTUAL,VNSTOCK_BRONZE
AVG,LATEST,cash_flow,order,34.0,ACTUAL,VNSTOCK_BRONZE
AVG,LATEST,cash_flow,level,2.0,ACTUAL,VNSTOCK_BRONZE
AVG,LATEST,cash_flow,value,0.0,ACTUAL,VNSTOCK_BRONZE
AVG,LATEST,cash_flow,order,35.0,ACTUAL,VNSTOCK_BRONZE
AVG,LATEST,cash_flow,level,2.0,ACTUAL,VNSTOCK_BRONZE
AVG,LATEST,cash_flow,value,0.0,ACTUAL,VNSTOCK_BRONZE
AVG,LATEST,cash_flow,order,36.0,ACTUAL,VNSTOCK_BRONZE
AVG,LATEST,cash_flow,level,2.0,ACTUAL,VNSTOCK_BRONZE
AVG,LATEST,cash_flow,value,0.0,ACTUAL,VNSTOCK_BRONZE
AVG,LATEST,cash_flow,order,37.0,ACTUAL,VNSTOCK_BRONZE
AVG,LATEST,cash_flow,level,2.0,ACTUAL,VNSTOCK_BRONZE
AVG,LATEST,cash_flow,value,0.0,ACTUAL,VNSTOCK_BRONZE
AVG,LATEST,cash_flow,order,38.0,ACTUAL,VNSTOCK_BRONZE
AVG,LATEST,cash_flow,level,2.0,ACTUAL,VNSTOCK_BRONZE
AVG,LATEST,cash_flow,value,0.0,ACTUAL,VNSTOCK_BRONZE
AVG,LATEST,cash_flow,order,39.0,ACTUAL,VNSTOCK_BRONZE
AVG,LATEST,cash_flow,level,2.0,ACTUAL,VNSTOCK_BRONZE
AVG,LATEST,cash_flow,value,16214755.0,ACTUAL,VNSTOCK_BRONZE
AVG,LATEST,cash_flow,order,40.0,ACTUAL,VNSTOCK_BRONZE
AVG,LATEST,cash_flow,level,1.0,ACTUAL,VNSTOCK_BRONZE
AVG,LATEST,cash_flow,order,41.0,ACTUAL,VNSTOCK_BRONZE
AVG,LATEST,cash_flow,level,2.0,ACTUAL,VNSTOCK_BRONZE
AVG,LATEST,cash_flow,value,0.0,ACTUAL,VNSTOCK_BRONZE
AVG,LATEST,cash_flow,order,42.0,ACTUAL,VNSTOCK_BRONZE
AVG,LATEST,cash_flow,level,2.0,ACTUAL,VNSTOCK_BRONZE
AVG,LATEST,cash_flow,value,0.0,ACTUAL,VNSTOCK_BRONZE
AVG,LATEST,cash_flow,order,43.0,ACTUAL,VNSTOCK_BRONZE
AVG,LATEST,cash_flow,level,2.0,ACTUAL,VNSTOCK_BRONZE
AVG,LATEST,cash_flow,value,76752313550.0,ACTUAL,VNSTOCK_BRONZE
AVG,LATEST,cash_flow,order,44.0,ACTUAL,VNSTOCK_BRONZE
AVG,LATEST,cash_flow,level,2.0,ACTUAL,VNSTOCK_BRONZE
AVG,LATEST,cash_flow,value,-67740125549.0,ACTUAL,VNSTOCK_BRONZE
AVG,LATEST,cash_flow,order,45.0,ACTUAL,VNSTOCK_BRONZE
AVG,LATEST,cash_flow,level,2.0,ACTUAL,VNSTOCK_BRONZE
AVG,LATEST,cash_flow,value,-126099999.0,ACTUAL,VNSTOCK_BRONZE
AVG,LATEST,cash_flow,order,46.0,ACTUAL,VNSTOCK_BRONZE
AVG,LATEST,cash_flow,level,2.0,ACTUAL,VNSTOCK_BRONZE
AVG,LATEST,cash_flow,value,0.0,ACTUAL,VNSTOCK_BRONZE
AVG,LATEST,cash_flow,order,47.0,ACTUAL,VNSTOCK_BRONZE
AVG,LATEST,cash_flow,level,2.0,ACTUAL,VNSTOCK_BRONZE
AVG,LATEST,cash_flow,value,27863650855.0,ACTUAL,VNSTOCK_BRONZE
AVG,LATEST,cash_flow,order,48.0,ACTUAL,VNSTOCK_BRONZE
AVG,LATEST,cash_flow,level,1.0,ACTUAL,VNSTOCK_BRONZE
AVG,LATEST,cash_flow,order,49.0,ACTUAL,VNSTOCK_BRONZE
AVG,LATEST,cash_flow,level,1.0,ACTUAL,VNSTOCK_BRONZE
AVG,LATEST,cash_flow,order,50.0,ACTUAL,VNSTOCK_BRONZE
AVG,LATEST,cash_flow,level,1.0,ACTUAL,VNSTOCK_BRONZE
AVG,LATEST,cash_flow,order,51.0,ACTUAL,VNSTOCK_BRONZE
AVG,LATEST,cash_flow,level,1.0,ACTUAL,VNSTOCK_BRONZE
AVG,LATEST,cash_flow,value,18977562853.0,ACTUAL,VNSTOCK_BRONZE
AVG,LATEST,cash_flow,order,1.0,ACTUAL,VNSTOCK_BRONZE
AVG,LATEST,cash_flow,level,1.0,ACTUAL,VNSTOCK_BRONZE
AVG,LATEST,cash_flow,value,-8210513883.0,ACTUAL,VNSTOCK_BRONZE
AVG,LATEST,cash_flow,order,2.0,ACTUAL,VNSTOCK_BRONZE
AVG,LATEST,cash_flow,level,2.0,ACTUAL,VNSTOCK_BRONZE
AVG,LATEST,cash_flow,value,4672266823.0,ACTUAL,VNSTOCK_BRONZE
AVG,LATEST,cash_flow,order,3.0,ACTUAL,VNSTOCK_BRONZE
AVG,LATEST,cash_flow,level,2.0,ACTUAL,VNSTOCK_BRONZE
AVG,LATEST,cash_flow,value,2250918736.0,ACTUAL,VNSTOCK_BRONZE
AVG,LATEST,cash_flow,order,4.0,ACTUAL,VNSTOCK_BRONZE
AVG,LATEST,cash_flow,level,2.0,ACTUAL,VNSTOCK_BRONZE
AVG,LATEST,cash_flow,value,0.0,ACTUAL,VNSTOCK_BRONZE
AVG,LATEST,cash_flow,order,5.0,ACTUAL,VNSTOCK_BRONZE
AVG,LATEST,cash_flow,level,2.0,ACTUAL,VNSTOCK_BRONZE
AVG,LATEST,cash_flow,value,0.0,ACTUAL,VNSTOCK_BRONZE
AVG,LATEST,cash_flow,order,6.0,ACTUAL,VNSTOCK_BRONZE
AVG,LATEST,cash_flow,level,2.0,ACTUAL,VNSTOCK_BRONZE
AVG,LATEST,cash_flow,value,0.0,ACTUAL,VNSTOCK_BRONZE
AVG,LATEST,cash_flow,order,7.0,ACTUAL,VNSTOCK_BRONZE
AVG,LATEST,cash_flow,level,2.0,ACTUAL,VNSTOCK_BRONZE
AVG,LATEST,cash_flow,value,-4313166.0,ACTUAL,VNSTOCK_BRONZE
AVG,LATEST,cash_flow,order,8.0,ACTUAL,VNSTOCK_BRONZE
AVG,LATEST,cash_flow,level,2.0,ACTUAL,VNSTOCK_BRONZE
AVG,LATEST,cash_flow,value,1631005916.0,ACTUAL,VNSTOCK_BRONZE
AVG,LATEST,cash_flow,order,9.0,ACTUAL,VNSTOCK_BRONZE
AVG,LATEST,cash_flow,level,2.0,ACTUAL,VNSTOCK_BRONZE
AVG,LATEST,cash_flow,value,0.0,ACTUAL,VNSTOCK_BRONZE
AVG,LATEST,cash_flow,order,10.0,ACTUAL,VNSTOCK_BRONZE
AVG,LATEST,cash_flow,level,2.0,ACTUAL,VNSTOCK_BRONZE
AVG,LATEST,cash_flow,value,0.0,ACTUAL,VNSTOCK_BRONZE
AVG,LATEST,cash_flow,order,11.0,ACTUAL,VNSTOCK_BRONZE
AVG,LATEST,cash_flow,level,2.0,ACTUAL,VNSTOCK_BRONZE
AVG,LATEST,cash_flow,value,0.0,ACTUAL,VNSTOCK_BRONZE
AVG,LATEST,cash_flow,order,12.0,ACTUAL,VNSTOCK_BRONZE
AVG,LATEST,cash_flow,level,2.0,ACTUAL,VNSTOCK_BRONZE
AVG,LATEST,cash_flow,value,0.0,ACTUAL,VNSTOCK_BRONZE
AVG,LATEST,cash_flow,order,13.0,ACTUAL,VNSTOCK_BRONZE
AVG,LATEST,cash_flow,level,2.0,ACTUAL,VNSTOCK_BRONZE
AVG,LATEST,cash_flow,value,8549878309.0,ACTUAL,VNSTOCK_BRONZE
AVG,LATEST,cash_flow,order,14.0,ACTUAL,VNSTOCK_BRONZE
AVG,LATEST,cash_flow,level,2.0,ACTUAL,VNSTOCK_BRONZE
AVG,LATEST,cash_flow,order,15.0,ACTUAL,VNSTOCK_BRONZE
AVG,LATEST,cash_flow,level,2.0,ACTUAL,VNSTOCK_BRONZE
AVG,LATEST,cash_flow,order,16.0,ACTUAL,VNSTOCK_BRONZE
AVG,LATEST,cash_flow,level,2.0,ACTUAL,VNSTOCK_BRONZE
AVG,LATEST,cash_flow,order,17.0,ACTUAL,VNSTOCK_BRONZE
AVG,LATEST,cash_flow,level,2.0,ACTUAL,VNSTOCK_BRONZE
AVG,LATEST,cash_flow,order,18.0,ACTUAL,VNSTOCK_BRONZE
AVG,LATEST,cash_flow,level,2.0,ACTUAL,VNSTOCK_BRONZE
AVG,LATEST,cash_flow,order,19.0,ACTUAL,VNSTOCK_BRONZE
AVG,LATEST,cash_flow,level,2.0,ACTUAL,VNSTOCK_BRONZE
AVG,LATEST,cash_flow,order,20.0,ACTUAL,VNSTOCK_BRONZE
AVG,LATEST,cash_flow,level,2.0,ACTUAL,VNSTOCK_BRONZE
AVG,LATEST,cash_flow,order,21.0,ACTUAL,VNSTOCK_BRONZE
AVG,LATEST,cash_flow,level,2.0,ACTUAL,VNSTOCK_BRONZE
AVG,LATEST,cash_flow,order,22.0,ACTUAL,VNSTOCK_BRONZE
AVG,LATEST,cash_flow,level,2.0,ACTUAL,VNSTOCK_BRONZE
AVG,LATEST,cash_flow,order,23.0,ACTUAL,VNSTOCK_BRONZE
AVG,LATEST,cash_flow,level,2.0,ACTUAL,VNSTOCK_BRONZE
AVG,LATEST,cash_flow,order,24.0,ACTUAL,VNSTOCK_BRONZE
AVG,LATEST,cash_flow,level,2.0,ACTUAL,VNSTOCK_BRONZE
AVG,LATEST,cash_flow,value,-14993534834.0,ACTUAL,VNSTOCK_BRONZE
AVG,LATEST,cash_flow,order,25.0,ACTUAL,VNSTOCK_BRONZE
AVG,LATEST,cash_flow,level,2.0,ACTUAL,VNSTOCK_BRONZE
AVG,LATEST,cash_flow,value,5928641936.0,ACTUAL,VNSTOCK_BRONZE
AVG,LATEST,cash_flow,order,26.0,ACTUAL,VNSTOCK_BRONZE
AVG,LATEST,cash_flow,level,2.0,ACTUAL,VNSTOCK_BRONZE
AVG,LATEST,cash_flow,value,-3123570854.0,ACTUAL,VNSTOCK_BRONZE
AVG,LATEST,cash_flow,order,27.0,ACTUAL,VNSTOCK_BRONZE
AVG,LATEST,cash_flow,level,2.0,ACTUAL,VNSTOCK_BRONZE
AVG,LATEST,cash_flow,value,234142203.0,ACTUAL,VNSTOCK_BRONZE
AVG,LATEST,cash_flow,order,28.0,ACTUAL,VNSTOCK_BRONZE
AVG,LATEST,cash_flow,level,2.0,ACTUAL,VNSTOCK_BRONZE
AVG,LATEST,cash_flow,value,-2500000000.0,ACTUAL,VNSTOCK_BRONZE
AVG,LATEST,cash_flow,order,29.0,ACTUAL,VNSTOCK_BRONZE
AVG,LATEST,cash_flow,level,2.0,ACTUAL,VNSTOCK_BRONZE
AVG,LATEST,cash_flow,order,30.0,ACTUAL,VNSTOCK_BRONZE
AVG,LATEST,cash_flow,level,2.0,ACTUAL,VNSTOCK_BRONZE
AVG,LATEST,cash_flow,value,0.0,ACTUAL,VNSTOCK_BRONZE
AVG,LATEST,cash_flow,order,31.0,ACTUAL,VNSTOCK_BRONZE
AVG,LATEST,cash_flow,level,2.0,ACTUAL,VNSTOCK_BRONZE
AVG,LATEST,cash_flow,value,0.0,ACTUAL,VNSTOCK_BRONZE
AVG,LATEST,cash_flow,order,32.0,ACTUAL,VNSTOCK_BRONZE
AVG,LATEST,cash_flow,level,1.0,ACTUAL,VNSTOCK_BRONZE
AVG,LATEST,cash_flow,value,7409313166.0,ACTUAL,VNSTOCK_BRONZE
AVG,LATEST,cash_flow,order,33.0,ACTUAL,VNSTOCK_BRONZE
AVG,LATEST,cash_flow,level,2.0,ACTUAL,VNSTOCK_BRONZE
AVG,LATEST,cash_flow,value,-7745000000.0,ACTUAL,VNSTOCK_BRONZE
AVG,LATEST,cash_flow,order,34.0,ACTUAL,VNSTOCK_BRONZE
AVG,LATEST,cash_flow,level,2.0,ACTUAL,VNSTOCK_BRONZE
AVG,LATEST,cash_flow,value,0.0,ACTUAL,VNSTOCK_BRONZE
AVG,LATEST,cash_flow,order,35.0,ACTUAL,VNSTOCK_BRONZE
AVG,LATEST,cash_flow,level,2.0,ACTUAL,VNSTOCK_BRONZE
AVG,LATEST,cash_flow,value,0.0,ACTUAL,VNSTOCK_BRONZE
AVG,LATEST,cash_flow,order,36.0,ACTUAL,VNSTOCK_BRONZE
AVG,LATEST,cash_flow,level,2.0,ACTUAL,VNSTOCK_BRONZE
AVG,LATEST,cash_flow,value,0.0,ACTUAL,VNSTOCK_BRONZE
AVG,LATEST,cash_flow,order,37.0,ACTUAL,VNSTOCK_BRONZE
AVG,LATEST,cash_flow,level,2.0,ACTUAL,VNSTOCK_BRONZE
AVG,LATEST,cash_flow,value,0.0,ACTUAL,VNSTOCK_BRONZE
AVG,LATEST,cash_flow,order,38.0,ACTUAL,VNSTOCK_BRONZE
AVG,LATEST,cash_flow,level,2.0,ACTUAL,VNSTOCK_BRONZE
AVG,LATEST,cash_flow,value,15150000000.0,ACTUAL,VNSTOCK_BRONZE
AVG,LATEST,cash_flow,order,39.0,ACTUAL,VNSTOCK_BRONZE
AVG,LATEST,cash_flow,level,2.0,ACTUAL,VNSTOCK_BRONZE
AVG,LATEST,cash_flow,value,4313166.0,ACTUAL,VNSTOCK_BRONZE
AVG,LATEST,cash_flow,order,40.0,ACTUAL,VNSTOCK_BRONZE
AVG,LATEST,cash_flow,level,1.0,ACTUAL,VNSTOCK_BRONZE
AVG,LATEST,cash_flow,order,41.0,ACTUAL,VNSTOCK_BRONZE
AVG,LATEST,cash_flow,level,2.0,ACTUAL,VNSTOCK_BRONZE
AVG,LATEST,cash_flow,value,0.0,ACTUAL,VNSTOCK_BRONZE
AVG,LATEST,cash_flow,order,42.0,ACTUAL,VNSTOCK_BRONZE
AVG,LATEST,cash_flow,level,2.0,ACTUAL,VNSTOCK_BRONZE
AVG,LATEST,cash_flow,value,0.0,ACTUAL,VNSTOCK_BRONZE
AVG,LATEST,cash_flow,order,43.0,ACTUAL,VNSTOCK_BRONZE
AVG,LATEST,cash_flow,level,2.0,ACTUAL,VNSTOCK_BRONZE
AVG,LATEST,cash_flow,value,101200000000.0,ACTUAL,VNSTOCK_BRONZE
AVG,LATEST,cash_flow,order,44.0,ACTUAL,VNSTOCK_BRONZE
AVG,LATEST,cash_flow,level,2.0,ACTUAL,VNSTOCK_BRONZE
AVG,LATEST,cash_flow,value,-97643025873.0,ACTUAL,VNSTOCK_BRONZE
AVG,LATEST,cash_flow,order,45.0,ACTUAL,VNSTOCK_BRONZE
AVG,LATEST,cash_flow,level,2.0,ACTUAL,VNSTOCK_BRONZE
AVG,LATEST,cash_flow,value,-126099999.0,ACTUAL,VNSTOCK_BRONZE
AVG,LATEST,cash_flow,order,46.0,ACTUAL,VNSTOCK_BRONZE
AVG,LATEST,cash_flow,level,2.0,ACTUAL,VNSTOCK_BRONZE
AVG,LATEST,cash_flow,value,0.0,ACTUAL,VNSTOCK_BRONZE
AVG,LATEST,cash_flow,order,47.0,ACTUAL,VNSTOCK_BRONZE
AVG,LATEST,cash_flow,level,2.0,ACTUAL,VNSTOCK_BRONZE
AVG,LATEST,cash_flow,value,14693088312.0,ACTUAL,VNSTOCK_BRONZE
AVG,LATEST,cash_flow,order,48.0,ACTUAL,VNSTOCK_BRONZE
AVG,LATEST,cash_flow,level,1.0,ACTUAL,VNSTOCK_BRONZE
AVG,LATEST,cash_flow,order,49.0,ACTUAL,VNSTOCK_BRONZE
AVG,LATEST,cash_flow,level,1.0,ACTUAL,VNSTOCK_BRONZE
AVG,LATEST,cash_flow,order,50.0,ACTUAL,VNSTOCK_BRONZE
AVG,LATEST,cash_flow,level,1.0,ACTUAL,VNSTOCK_BRONZE
AVG,LATEST,cash_flow,order,51.0,ACTUAL,VNSTOCK_BRONZE
AVG,LATEST,cash_flow,level,1.0,ACTUAL,VNSTOCK_BRONZE
AVG,LATEST,cash_flow,value,11262214184.0,ACTUAL,VNSTOCK_BRONZE
AVG,LATEST,cash_flow,order,1.0,ACTUAL,VNSTOCK_BRONZE
AVG,LATEST,cash_flow,level,1.0,ACTUAL,VNSTOCK_BRONZE
AVG,LATEST,cash_flow,value,-13903699894.0,ACTUAL,VNSTOCK_BRONZE
AVG,LATEST,cash_flow,order,2.0,ACTUAL,VNSTOCK_BRONZE
AVG,LATEST,cash_flow,level,2.0,ACTUAL,VNSTOCK_BRONZE
AVG,LATEST,cash_flow,value,6698749094.0,ACTUAL,VNSTOCK_BRONZE
AVG,LATEST,cash_flow,order,3.0,ACTUAL,VNSTOCK_BRONZE
AVG,LATEST,cash_flow,level,2.0,ACTUAL,VNSTOCK_BRONZE
AVG,LATEST,cash_flow,value,1670170591.0,ACTUAL,VNSTOCK_BRONZE
AVG,LATEST,cash_flow,order,4.0,ACTUAL,VNSTOCK_BRONZE
AVG,LATEST,cash_flow,level,2.0,ACTUAL,VNSTOCK_BRONZE
AVG,LATEST,cash_flow,value,0.0,ACTUAL,VNSTOCK_BRONZE
AVG,LATEST,cash_flow,order,5.0,ACTUAL,VNSTOCK_BRONZE
AVG,LATEST,cash_flow,level,2.0,ACTUAL,VNSTOCK_BRONZE
AVG,LATEST,cash_flow,value,0.0,ACTUAL,VNSTOCK_BRONZE
AVG,LATEST,cash_flow,order,6.0,ACTUAL,VNSTOCK_BRONZE
AVG,LATEST,cash_flow,level,2.0,ACTUAL,VNSTOCK_BRONZE
AVG,LATEST,cash_flow,value,0.0,ACTUAL,VNSTOCK_BRONZE
AVG,LATEST,cash_flow,order,7.0,ACTUAL,VNSTOCK_BRONZE
AVG,LATEST,cash_flow,level,2.0,ACTUAL,VNSTOCK_BRONZE
AVG,LATEST,cash_flow,value,-1058746340.0,ACTUAL,VNSTOCK_BRONZE
AVG,LATEST,cash_flow,order,8.0,ACTUAL,VNSTOCK_BRONZE
AVG,LATEST,cash_flow,level,2.0,ACTUAL,VNSTOCK_BRONZE
AVG,LATEST,cash_flow,value,2047111174.0,ACTUAL,VNSTOCK_BRONZE
AVG,LATEST,cash_flow,order,9.0,ACTUAL,VNSTOCK_BRONZE
AVG,LATEST,cash_flow,level,2.0,ACTUAL,VNSTOCK_BRONZE
AVG,LATEST,cash_flow,value,0.0,ACTUAL,VNSTOCK_BRONZE
AVG,LATEST,cash_flow,order,10.0,ACTUAL,VNSTOCK_BRONZE
AVG,LATEST,cash_flow,level,2.0,ACTUAL,VNSTOCK_BRONZE
AVG,LATEST,cash_flow,value,0.0,ACTUAL,VNSTOCK_BRONZE
AVG,LATEST,cash_flow,order,11.0,ACTUAL,VNSTOCK_BRONZE
AVG,LATEST,cash_flow,level,2.0,ACTUAL,VNSTOCK_BRONZE
AVG,LATEST,cash_flow,value,0.0,ACTUAL,VNSTOCK_BRONZE
AVG,LATEST,cash_flow,order,12.0,ACTUAL,VNSTOCK_BRONZE
AVG,LATEST,cash_flow,level,2.0,ACTUAL,VNSTOCK_BRONZE
AVG,LATEST,cash_flow,value,19524399565.0,ACTUAL,VNSTOCK_BRONZE
AVG,LATEST,cash_flow,order,13.0,ACTUAL,VNSTOCK_BRONZE
AVG,LATEST,cash_flow,level,2.0,ACTUAL,VNSTOCK_BRONZE
AVG,LATEST,cash_flow,value,9357284519.0,ACTUAL,VNSTOCK_BRONZE
AVG,LATEST,cash_flow,order,14.0,ACTUAL,VNSTOCK_BRONZE
AVG,LATEST,cash_flow,level,2.0,ACTUAL,VNSTOCK_BRONZE
AVG,LATEST,cash_flow,order,15.0,ACTUAL,VNSTOCK_BRONZE
AVG,LATEST,cash_flow,level,2.0,ACTUAL,VNSTOCK_BRONZE
AVG,LATEST,cash_flow,order,16.0,ACTUAL,VNSTOCK_BRONZE
AVG,LATEST,cash_flow,level,2.0,ACTUAL,VNSTOCK_BRONZE
AVG,LATEST,cash_flow,order,17.0,ACTUAL,VNSTOCK_BRONZE
AVG,LATEST,cash_flow,level,2.0,ACTUAL,VNSTOCK_BRONZE
AVG,LATEST,cash_flow,order,18.0,ACTUAL,VNSTOCK_BRONZE
AVG,LATEST,cash_flow,level,2.0,ACTUAL,VNSTOCK_BRONZE
AVG,LATEST,cash_flow,order,19.0,ACTUAL,VNSTOCK_BRONZE
AVG,LATEST,cash_flow,level,2.0,ACTUAL,VNSTOCK_BRONZE
AVG,LATEST,cash_flow,order,20.0,ACTUAL,VNSTOCK_BRONZE
AVG,LATEST,cash_flow,level,2.0,ACTUAL,VNSTOCK_BRONZE
AVG,LATEST,cash_flow,order,21.0,ACTUAL,VNSTOCK_BRONZE
AVG,LATEST,cash_flow,level,2.0,ACTUAL,VNSTOCK_BRONZE
AVG,LATEST,cash_flow,order,22.0,ACTUAL,VNSTOCK_BRONZE
AVG,LATEST,cash_flow,level,2.0,ACTUAL,VNSTOCK_BRONZE
AVG,LATEST,cash_flow,order,23.0,ACTUAL,VNSTOCK_BRONZE
AVG,LATEST,cash_flow,level,2.0,ACTUAL,VNSTOCK_BRONZE
AVG,LATEST,cash_flow,order,24.0,ACTUAL,VNSTOCK_BRONZE
AVG,LATEST,cash_flow,level,2.0,ACTUAL,VNSTOCK_BRONZE
AVG,LATEST,cash_flow,value,-30999012333.0,ACTUAL,VNSTOCK_BRONZE
AVG,LATEST,cash_flow,order,25.0,ACTUAL,VNSTOCK_BRONZE
AVG,LATEST,cash_flow,level,2.0,ACTUAL,VNSTOCK_BRONZE
AVG,LATEST,cash_flow,value,-34633433272.0,ACTUAL,VNSTOCK_BRONZE
AVG,LATEST,cash_flow,order,26.0,ACTUAL,VNSTOCK_BRONZE
AVG,LATEST,cash_flow,level,2.0,ACTUAL,VNSTOCK_BRONZE
AVG,LATEST,cash_flow,value,24460517986.0,ACTUAL,VNSTOCK_BRONZE
AVG,LATEST,cash_flow,order,27.0,ACTUAL,VNSTOCK_BRONZE
AVG,LATEST,cash_flow,level,2.0,ACTUAL,VNSTOCK_BRONZE
AVG,LATEST,cash_flow,value,76359507.0,ACTUAL,VNSTOCK_BRONZE
AVG,LATEST,cash_flow,order,28.0,ACTUAL,VNSTOCK_BRONZE
AVG,LATEST,cash_flow,level,2.0,ACTUAL,VNSTOCK_BRONZE
AVG,LATEST,cash_flow,value,-1689815867.0,ACTUAL,VNSTOCK_BRONZE
AVG,LATEST,cash_flow,order,29.0,ACTUAL,VNSTOCK_BRONZE
AVG,LATEST,cash_flow,level,2.0,ACTUAL,VNSTOCK_BRONZE
AVG,LATEST,cash_flow,order,30.0,ACTUAL,VNSTOCK_BRONZE
AVG,LATEST,cash_flow,level,2.0,ACTUAL,VNSTOCK_BRONZE
AVG,LATEST,cash_flow,value,0.0,ACTUAL,VNSTOCK_BRONZE
AVG,LATEST,cash_flow,order,31.0,ACTUAL,VNSTOCK_BRONZE
AVG,LATEST,cash_flow,level,2.0,ACTUAL,VNSTOCK_BRONZE
AVG,LATEST,cash_flow,value,0.0,ACTUAL,VNSTOCK_BRONZE
AVG,LATEST,cash_flow,order,32.0,ACTUAL,VNSTOCK_BRONZE
AVG,LATEST,cash_flow,level,1.0,ACTUAL,VNSTOCK_BRONZE
AVG,LATEST,cash_flow,value,-45723313611.0,ACTUAL,VNSTOCK_BRONZE
AVG,LATEST,cash_flow,order,33.0,ACTUAL,VNSTOCK_BRONZE
AVG,LATEST,cash_flow,level,2.0,ACTUAL,VNSTOCK_BRONZE
AVG,LATEST,cash_flow,value,-46338852430.0,ACTUAL,VNSTOCK_BRONZE
AVG,LATEST,cash_flow,order,34.0,ACTUAL,VNSTOCK_BRONZE
AVG,LATEST,cash_flow,level,2.0,ACTUAL,VNSTOCK_BRONZE
AVG,LATEST,cash_flow,value,1135000000.0,ACTUAL,VNSTOCK_BRONZE
AVG,LATEST,cash_flow,order,35.0,ACTUAL,VNSTOCK_BRONZE
AVG,LATEST,cash_flow,level,2.0,ACTUAL,VNSTOCK_BRONZE
AVG,LATEST,cash_flow,value,-4900000000.0,ACTUAL,VNSTOCK_BRONZE
AVG,LATEST,cash_flow,order,36.0,ACTUAL,VNSTOCK_BRONZE
AVG,LATEST,cash_flow,level,2.0,ACTUAL,VNSTOCK_BRONZE
AVG,LATEST,cash_flow,value,4400000000.0,ACTUAL,VNSTOCK_BRONZE
AVG,LATEST,cash_flow,order,37.0,ACTUAL,VNSTOCK_BRONZE
AVG,LATEST,cash_flow,level,2.0,ACTUAL,VNSTOCK_BRONZE
AVG,LATEST,cash_flow,value,0.0,ACTUAL,VNSTOCK_BRONZE
AVG,LATEST,cash_flow,order,38.0,ACTUAL,VNSTOCK_BRONZE
AVG,LATEST,cash_flow,level,2.0,ACTUAL,VNSTOCK_BRONZE
AVG,LATEST,cash_flow,value,0.0,ACTUAL,VNSTOCK_BRONZE
AVG,LATEST,cash_flow,order,39.0,ACTUAL,VNSTOCK_BRONZE
AVG,LATEST,cash_flow,level,2.0,ACTUAL,VNSTOCK_BRONZE
AVG,LATEST,cash_flow,value,-19461181.0,ACTUAL,VNSTOCK_BRONZE
AVG,LATEST,cash_flow,order,40.0,ACTUAL,VNSTOCK_BRONZE
AVG,LATEST,cash_flow,level,1.0,ACTUAL,VNSTOCK_BRONZE
AVG,LATEST,cash_flow,order,41.0,ACTUAL,VNSTOCK_BRONZE
AVG,LATEST,cash_flow,level,2.0,ACTUAL,VNSTOCK_BRONZE
AVG,LATEST,cash_flow,value,0.0,ACTUAL,VNSTOCK_BRONZE
AVG,LATEST,cash_flow,order,42.0,ACTUAL,VNSTOCK_BRONZE
AVG,LATEST,cash_flow,level,2.0,ACTUAL,VNSTOCK_BRONZE
AVG,LATEST,cash_flow,value,0.0,ACTUAL,VNSTOCK_BRONZE
AVG,LATEST,cash_flow,order,43.0,ACTUAL,VNSTOCK_BRONZE
AVG,LATEST,cash_flow,level,2.0,ACTUAL,VNSTOCK_BRONZE
AVG,LATEST,cash_flow,value,106424116854.0,ACTUAL,VNSTOCK_BRONZE
AVG,LATEST,cash_flow,order,44.0,ACTUAL,VNSTOCK_BRONZE
AVG,LATEST,cash_flow,level,2.0,ACTUAL,VNSTOCK_BRONZE
AVG,LATEST,cash_flow,value,-61916023999.0,ACTUAL,VNSTOCK_BRONZE
AVG,LATEST,cash_flow,order,45.0,ACTUAL,VNSTOCK_BRONZE
AVG,LATEST,cash_flow,level,2.0,ACTUAL,VNSTOCK_BRONZE
AVG,LATEST,cash_flow,value,214966890.0,ACTUAL,VNSTOCK_BRONZE
AVG,LATEST,cash_flow,order,46.0,ACTUAL,VNSTOCK_BRONZE
AVG,LATEST,cash_flow,level,2.0,ACTUAL,VNSTOCK_BRONZE
AVG,LATEST,cash_flow,value,0.0,ACTUAL,VNSTOCK_BRONZE
AVG,LATEST,cash_flow,order,47.0,ACTUAL,VNSTOCK_BRONZE
AVG,LATEST,cash_flow,level,2.0,ACTUAL,VNSTOCK_BRONZE
AVG,LATEST,cash_flow,value,53355600518.0,ACTUAL,VNSTOCK_BRONZE
AVG,LATEST,cash_flow,order,48.0,ACTUAL,VNSTOCK_BRONZE
AVG,LATEST,cash_flow,level,1.0,ACTUAL,VNSTOCK_BRONZE
AVG,LATEST,cash_flow,order,49.0,ACTUAL,VNSTOCK_BRONZE
AVG,LATEST,cash_flow,level,1.0,ACTUAL,VNSTOCK_BRONZE
AVG,LATEST,cash_flow,order,50.0,ACTUAL,VNSTOCK_BRONZE
AVG,LATEST,cash_flow,level,1.0,ACTUAL,VNSTOCK_BRONZE
AVG,LATEST,cash_flow,order,51.0,ACTUAL,VNSTOCK_BRONZE
AVG,LATEST,cash_flow,level,1.0,ACTUAL,VNSTOCK_BRONZE
AVG,LATEST,cash_flow,value,8632540773.0,ACTUAL,VNSTOCK_BRONZE
AVG,LATEST,cash_flow,order,1.0,ACTUAL,VNSTOCK_BRONZE
AVG,LATEST,cash_flow,level,1.0,ACTUAL,VNSTOCK_BRONZE
AVG,LATEST,cash_flow,value,11683560046.0,ACTUAL,VNSTOCK_BRONZE
AVG,LATEST,cash_flow,order,2.0,ACTUAL,VNSTOCK_BRONZE
AVG,LATEST,cash_flow,level,2.0,ACTUAL,VNSTOCK_BRONZE
AVG,LATEST,cash_flow,value,10404046554.0,ACTUAL,VNSTOCK_BRONZE
AVG,LATEST,cash_flow,order,3.0,ACTUAL,VNSTOCK_BRONZE
AVG,LATEST,cash_flow,level,2.0,ACTUAL,VNSTOCK_BRONZE
AVG,LATEST,cash_flow,value,6430374863.0,ACTUAL,VNSTOCK_BRONZE
AVG,LATEST,cash_flow,order,4.0,ACTUAL,VNSTOCK_BRONZE
AVG,LATEST,cash_flow,level,2.0,ACTUAL,VNSTOCK_BRONZE
AVG,LATEST,cash_flow,value,0.0,ACTUAL,VNSTOCK_BRONZE
AVG,LATEST,cash_flow,order,5.0,ACTUAL,VNSTOCK_BRONZE
AVG,LATEST,cash_flow,level,2.0,ACTUAL,VNSTOCK_BRONZE
AVG,LATEST,cash_flow,value,0.0,ACTUAL,VNSTOCK_BRONZE
AVG,LATEST,cash_flow,order,6.0,ACTUAL,VNSTOCK_BRONZE
AVG,LATEST,cash_flow,level,2.0,ACTUAL,VNSTOCK_BRONZE
AVG,LATEST,cash_flow,value,0.0,ACTUAL,VNSTOCK_BRONZE
AVG,LATEST,cash_flow,order,7.0,ACTUAL,VNSTOCK_BRONZE
AVG,LATEST,cash_flow,level,2.0,ACTUAL,VNSTOCK_BRONZE
AVG,LATEST,cash_flow,value,-92100620.0,ACTUAL,VNSTOCK_BRONZE
AVG,LATEST,cash_flow,order,8.0,ACTUAL,VNSTOCK_BRONZE
AVG,LATEST,cash_flow,level,2.0,ACTUAL,VNSTOCK_BRONZE
AVG,LATEST,cash_flow,value,5815861121.0,ACTUAL,VNSTOCK_BRONZE
AVG,LATEST,cash_flow,order,9.0,ACTUAL,VNSTOCK_BRONZE
AVG,LATEST,cash_flow,level,2.0,ACTUAL,VNSTOCK_BRONZE
AVG,LATEST,cash_flow,value,0.0,ACTUAL,VNSTOCK_BRONZE
AVG,LATEST,cash_flow,order,10.0,ACTUAL,VNSTOCK_BRONZE
AVG,LATEST,cash_flow,level,2.0,ACTUAL,VNSTOCK_BRONZE
AVG,LATEST,cash_flow,value,0.0,ACTUAL,VNSTOCK_BRONZE
AVG,LATEST,cash_flow,order,11.0,ACTUAL,VNSTOCK_BRONZE
AVG,LATEST,cash_flow,level,2.0,ACTUAL,VNSTOCK_BRONZE
AVG,LATEST,cash_flow,value,0.0,ACTUAL,VNSTOCK_BRONZE
AVG,LATEST,cash_flow,order,12.0,ACTUAL,VNSTOCK_BRONZE
AVG,LATEST,cash_flow,level,2.0,ACTUAL,VNSTOCK_BRONZE
AVG,LATEST,cash_flow,value,0.0,ACTUAL,VNSTOCK_BRONZE
AVG,LATEST,cash_flow,order,13.0,ACTUAL,VNSTOCK_BRONZE
AVG,LATEST,cash_flow,level,2.0,ACTUAL,VNSTOCK_BRONZE
AVG,LATEST,cash_flow,value,22558181918.0,ACTUAL,VNSTOCK_BRONZE
AVG,LATEST,cash_flow,order,14.0,ACTUAL,VNSTOCK_BRONZE
AVG,LATEST,cash_flow,level,2.0,ACTUAL,VNSTOCK_BRONZE
AVG,LATEST,cash_flow,order,15.0,ACTUAL,VNSTOCK_BRONZE
AVG,LATEST,cash_flow,level,2.0,ACTUAL,VNSTOCK_BRONZE
AVG,LATEST,cash_flow,order,16.0,ACTUAL,VNSTOCK_BRONZE
AVG,LATEST,cash_flow,level,2.0,ACTUAL,VNSTOCK_BRONZE
AVG,LATEST,cash_flow,order,17.0,ACTUAL,VNSTOCK_BRONZE
AVG,LATEST,cash_flow,level,2.0,ACTUAL,VNSTOCK_BRONZE
AVG,LATEST,cash_flow,order,18.0,ACTUAL,VNSTOCK_BRONZE
AVG,LATEST,cash_flow,level,2.0,ACTUAL,VNSTOCK_BRONZE
AVG,LATEST,cash_flow,order,19.0,ACTUAL,VNSTOCK_BRONZE
AVG,LATEST,cash_flow,level,2.0,ACTUAL,VNSTOCK_BRONZE
AVG,LATEST,cash_flow,order,20.0,ACTUAL,VNSTOCK_BRONZE
AVG,LATEST,cash_flow,level,2.0,ACTUAL,VNSTOCK_BRONZE
AVG,LATEST,cash_flow,order,21.0,ACTUAL,VNSTOCK_BRONZE
AVG,LATEST,cash_flow,level,2.0,ACTUAL,VNSTOCK_BRONZE
AVG,LATEST,cash_flow,order,22.0,ACTUAL,VNSTOCK_BRONZE
AVG,LATEST,cash_flow,level,2.0,ACTUAL,VNSTOCK_BRONZE
AVG,LATEST,cash_flow,order,23.0,ACTUAL,VNSTOCK_BRONZE
AVG,LATEST,cash_flow,level,2.0,ACTUAL,VNSTOCK_BRONZE
AVG,LATEST,cash_flow,order,24.0,ACTUAL,VNSTOCK_BRONZE
AVG,LATEST,cash_flow,level,2.0,ACTUAL,VNSTOCK_BRONZE
AVG,LATEST,cash_flow,value,8047267343.0,ACTUAL,VNSTOCK_BRONZE
AVG,LATEST,cash_flow,order,25.0,ACTUAL,VNSTOCK_BRONZE
AVG,LATEST,cash_flow,level,2.0,ACTUAL,VNSTOCK_BRONZE
AVG,LATEST,cash_flow,value,29704827215.0,ACTUAL,VNSTOCK_BRONZE
AVG,LATEST,cash_flow,order,26.0,ACTUAL,VNSTOCK_BRONZE
AVG,LATEST,cash_flow,level,2.0,ACTUAL,VNSTOCK_BRONZE
AVG,LATEST,cash_flow,value,-6940477018.0,ACTUAL,VNSTOCK_BRONZE
AVG,LATEST,cash_flow,order,27.0,ACTUAL,VNSTOCK_BRONZE
AVG,LATEST,cash_flow,level,2.0,ACTUAL,VNSTOCK_BRONZE
AVG,LATEST,cash_flow,value,330419300.0,ACTUAL,VNSTOCK_BRONZE
AVG,LATEST,cash_flow,order,28.0,ACTUAL,VNSTOCK_BRONZE
AVG,LATEST,cash_flow,level,2.0,ACTUAL,VNSTOCK_BRONZE
AVG,LATEST,cash_flow,value,-35088000000.0,ACTUAL,VNSTOCK_BRONZE
AVG,LATEST,cash_flow,order,29.0,ACTUAL,VNSTOCK_BRONZE
AVG,LATEST,cash_flow,level,2.0,ACTUAL,VNSTOCK_BRONZE
AVG,LATEST,cash_flow,order,30.0,ACTUAL,VNSTOCK_BRONZE
AVG,LATEST,cash_flow,level,2.0,ACTUAL,VNSTOCK_BRONZE
AVG,LATEST,cash_flow,value,0.0,ACTUAL,VNSTOCK_BRONZE
AVG,LATEST,cash_flow,order,31.0,ACTUAL,VNSTOCK_BRONZE
AVG,LATEST,cash_flow,level,2.0,ACTUAL,VNSTOCK_BRONZE
AVG,LATEST,cash_flow,value,-755502284.0,ACTUAL,VNSTOCK_BRONZE
AVG,LATEST,cash_flow,order,32.0,ACTUAL,VNSTOCK_BRONZE
AVG,LATEST,cash_flow,level,1.0,ACTUAL,VNSTOCK_BRONZE
AVG,LATEST,cash_flow,value,-715446765.0,ACTUAL,VNSTOCK_BRONZE
AVG,LATEST,cash_flow,order,33.0,ACTUAL,VNSTOCK_BRONZE
AVG,LATEST,cash_flow,level,2.0,ACTUAL,VNSTOCK_BRONZE
AVG,LATEST,cash_flow,value,-807547385.0,ACTUAL,VNSTOCK_BRONZE
AVG,LATEST,cash_flow,order,34.0,ACTUAL,VNSTOCK_BRONZE
AVG,LATEST,cash_flow,level,2.0,ACTUAL,VNSTOCK_BRONZE
AVG,LATEST,cash_flow,value,0.0,ACTUAL,VNSTOCK_BRONZE
AVG,LATEST,cash_flow,order,35.0,ACTUAL,VNSTOCK_BRONZE
AVG,LATEST,cash_flow,level,2.0,ACTUAL,VNSTOCK_BRONZE
AVG,LATEST,cash_flow,value,-6000000000.0,ACTUAL,VNSTOCK_BRONZE
AVG,LATEST,cash_flow,order,36.0,ACTUAL,VNSTOCK_BRONZE
AVG,LATEST,cash_flow,level,2.0,ACTUAL,VNSTOCK_BRONZE
AVG,LATEST,cash_flow,value,6000000000.0,ACTUAL,VNSTOCK_BRONZE
AVG,LATEST,cash_flow,order,37.0,ACTUAL,VNSTOCK_BRONZE
AVG,LATEST,cash_flow,level,2.0,ACTUAL,VNSTOCK_BRONZE
AVG,LATEST,cash_flow,value,0.0,ACTUAL,VNSTOCK_BRONZE
AVG,LATEST,cash_flow,order,38.0,ACTUAL,VNSTOCK_BRONZE
AVG,LATEST,cash_flow,level,2.0,ACTUAL,VNSTOCK_BRONZE
AVG,LATEST,cash_flow,value,0.0,ACTUAL,VNSTOCK_BRONZE
AVG,LATEST,cash_flow,order,39.0,ACTUAL,VNSTOCK_BRONZE
AVG,LATEST,cash_flow,level,2.0,ACTUAL,VNSTOCK_BRONZE
AVG,LATEST,cash_flow,value,92100620.0,ACTUAL,VNSTOCK_BRONZE
AVG,LATEST,cash_flow,order,40.0,ACTUAL,VNSTOCK_BRONZE
AVG,LATEST,cash_flow,level,1.0,ACTUAL,VNSTOCK_BRONZE
AVG,LATEST,cash_flow,order,41.0,ACTUAL,VNSTOCK_BRONZE
AVG,LATEST,cash_flow,level,2.0,ACTUAL,VNSTOCK_BRONZE
AVG,LATEST,cash_flow,value,0.0,ACTUAL,VNSTOCK_BRONZE
AVG,LATEST,cash_flow,order,42.0,ACTUAL,VNSTOCK_BRONZE
AVG,LATEST,cash_flow,level,2.0,ACTUAL,VNSTOCK_BRONZE
AVG,LATEST,cash_flow,value,0.0,ACTUAL,VNSTOCK_BRONZE
AVG,LATEST,cash_flow,order,43.0,ACTUAL,VNSTOCK_BRONZE
AVG,LATEST,cash_flow,level,2.0,ACTUAL,VNSTOCK_BRONZE
AVG,LATEST,cash_flow,value,239555832634.0,ACTUAL,VNSTOCK_BRONZE
AVG,LATEST,cash_flow,order,44.0,ACTUAL,VNSTOCK_BRONZE
AVG,LATEST,cash_flow,level,2.0,ACTUAL,VNSTOCK_BRONZE
AVG,LATEST,cash_flow,value,-249990773651.0,ACTUAL,VNSTOCK_BRONZE
AVG,LATEST,cash_flow,order,45.0,ACTUAL,VNSTOCK_BRONZE
AVG,LATEST,cash_flow,level,2.0,ACTUAL,VNSTOCK_BRONZE
AVG,LATEST,cash_flow,value,-2413216798.0,ACTUAL,VNSTOCK_BRONZE
AVG,LATEST,cash_flow,order,46.0,ACTUAL,VNSTOCK_BRONZE
AVG,LATEST,cash_flow,level,2.0,ACTUAL,VNSTOCK_BRONZE
AVG,LATEST,cash_flow,value,0.0,ACTUAL,VNSTOCK_BRONZE
AVG,LATEST,cash_flow,order,47.0,ACTUAL,VNSTOCK_BRONZE
AVG,LATEST,cash_flow,level,2.0,ACTUAL,VNSTOCK_BRONZE
AVG,LATEST,cash_flow,value,10688336718.0,ACTUAL,VNSTOCK_BRONZE
AVG,LATEST,cash_flow,order,48.0,ACTUAL,VNSTOCK_BRONZE
AVG,LATEST,cash_flow,level,1.0,ACTUAL,VNSTOCK_BRONZE
AVG,LATEST,cash_flow,order,49.0,ACTUAL,VNSTOCK_BRONZE
AVG,LATEST,cash_flow,level,1.0,ACTUAL,VNSTOCK_BRONZE
AVG,LATEST,cash_flow,order,50.0,ACTUAL,VNSTOCK_BRONZE
AVG,LATEST,cash_flow,level,1.0,ACTUAL,VNSTOCK_BRONZE
AVG,LATEST,cash_flow,order,51.0,ACTUAL,VNSTOCK_BRONZE
AVG,LATEST,cash_flow,level,1.0,ACTUAL,VNSTOCK_BRONZE
AVG,LATEST,cash_flow,value,23536494533.0,ACTUAL,VNSTOCK_BRONZE
AVG,LATEST,cash_flow,order,1.0,ACTUAL,VNSTOCK_BRONZE
AVG,LATEST,cash_flow,level,1.0,ACTUAL,VNSTOCK_BRONZE
AVG,LATEST,cash_flow,value,-8911053568.0,ACTUAL,VNSTOCK_BRONZE
AVG,LATEST,cash_flow,order,2.0,ACTUAL,VNSTOCK_BRONZE
AVG,LATEST,cash_flow,level,2.0,ACTUAL,VNSTOCK_BRONZE
AVG,LATEST,cash_flow,value,2020692102.0,ACTUAL,VNSTOCK_BRONZE
AVG,LATEST,cash_flow,order,3.0,ACTUAL,VNSTOCK_BRONZE
AVG,LATEST,cash_flow,level,2.0,ACTUAL,VNSTOCK_BRONZE
AVG,LATEST,cash_flow,value,2132727238.0,ACTUAL,VNSTOCK_BRONZE
AVG,LATEST,cash_flow,order,4.0,ACTUAL,VNSTOCK_BRONZE
AVG,LATEST,cash_flow,level,2.0,ACTUAL,VNSTOCK_BRONZE
AVG,LATEST,cash_flow,value,0.0,ACTUAL,VNSTOCK_BRONZE
AVG,LATEST,cash_flow,order,5.0,ACTUAL,VNSTOCK_BRONZE
AVG,LATEST,cash_flow,level,2.0,ACTUAL,VNSTOCK_BRONZE
AVG,LATEST,cash_flow,value,0.0,ACTUAL,VNSTOCK_BRONZE
AVG,LATEST,cash_flow,order,6.0,ACTUAL,VNSTOCK_BRONZE
AVG,LATEST,cash_flow,level,2.0,ACTUAL,VNSTOCK_BRONZE
AVG,LATEST,cash_flow,value,0.0,ACTUAL,VNSTOCK_BRONZE
AVG,LATEST,cash_flow,order,7.0,ACTUAL,VNSTOCK_BRONZE
AVG,LATEST,cash_flow,level,2.0,ACTUAL,VNSTOCK_BRONZE
AVG,LATEST,cash_flow,value,-81912194.0,ACTUAL,VNSTOCK_BRONZE
AVG,LATEST,cash_flow,order,8.0,ACTUAL,VNSTOCK_BRONZE
AVG,LATEST,cash_flow,level,2.0,ACTUAL,VNSTOCK_BRONZE
AVG,LATEST,cash_flow,value,2557355244.0,ACTUAL,VNSTOCK_BRONZE
AVG,LATEST,cash_flow,order,9.0,ACTUAL,VNSTOCK_BRONZE
AVG,LATEST,cash_flow,level,2.0,ACTUAL,VNSTOCK_BRONZE
AVG,LATEST,cash_flow,value,0.0,ACTUAL,VNSTOCK_BRONZE
AVG,LATEST,cash_flow,order,10.0,ACTUAL,VNSTOCK_BRONZE
AVG,LATEST,cash_flow,level,2.0,ACTUAL,VNSTOCK_BRONZE
AVG,LATEST,cash_flow,value,0.0,ACTUAL,VNSTOCK_BRONZE
AVG,LATEST,cash_flow,order,11.0,ACTUAL,VNSTOCK_BRONZE
AVG,LATEST,cash_flow,level,2.0,ACTUAL,VNSTOCK_BRONZE
AVG,LATEST,cash_flow,value,0.0,ACTUAL,VNSTOCK_BRONZE
AVG,LATEST,cash_flow,order,12.0,ACTUAL,VNSTOCK_BRONZE
AVG,LATEST,cash_flow,level,2.0,ACTUAL,VNSTOCK_BRONZE
AVG,LATEST,cash_flow,value,-24480000000.0,ACTUAL,VNSTOCK_BRONZE
AVG,LATEST,cash_flow,order,13.0,ACTUAL,VNSTOCK_BRONZE
AVG,LATEST,cash_flow,level,2.0,ACTUAL,VNSTOCK_BRONZE
AVG,LATEST,cash_flow,value,6628862390.0,ACTUAL,VNSTOCK_BRONZE
AVG,LATEST,cash_flow,order,14.0,ACTUAL,VNSTOCK_BRONZE
AVG,LATEST,cash_flow,level,2.0,ACTUAL,VNSTOCK_BRONZE
AVG,LATEST,cash_flow,order,15.0,ACTUAL,VNSTOCK_BRONZE
AVG,LATEST,cash_flow,level,2.0,ACTUAL,VNSTOCK_BRONZE
AVG,LATEST,cash_flow,order,16.0,ACTUAL,VNSTOCK_BRONZE
AVG,LATEST,cash_flow,level,2.0,ACTUAL,VNSTOCK_BRONZE
AVG,LATEST,cash_flow,order,17.0,ACTUAL,VNSTOCK_BRONZE
AVG,LATEST,cash_flow,level,2.0,ACTUAL,VNSTOCK_BRONZE
AVG,LATEST,cash_flow,order,18.0,ACTUAL,VNSTOCK_BRONZE
AVG,LATEST,cash_flow,level,2.0,ACTUAL,VNSTOCK_BRONZE
AVG,LATEST,cash_flow,order,19.0,ACTUAL,VNSTOCK_BRONZE
AVG,LATEST,cash_flow,level,2.0,ACTUAL,VNSTOCK_BRONZE
AVG,LATEST,cash_flow,order,20.0,ACTUAL,VNSTOCK_BRONZE
AVG,LATEST,cash_flow,level,2.0,ACTUAL,VNSTOCK_BRONZE
AVG,LATEST,cash_flow,order,21.0,ACTUAL,VNSTOCK_BRONZE
AVG,LATEST,cash_flow,level,2.0,ACTUAL,VNSTOCK_BRONZE
AVG,LATEST,cash_flow,order,22.0,ACTUAL,VNSTOCK_BRONZE
AVG,LATEST,cash_flow,level,2.0,ACTUAL,VNSTOCK_BRONZE
AVG,LATEST,cash_flow,order,23.0,ACTUAL,VNSTOCK_BRONZE
AVG,LATEST,cash_flow,level,2.0,ACTUAL,VNSTOCK_BRONZE
AVG,LATEST,cash_flow,order,24.0,ACTUAL,VNSTOCK_BRONZE
AVG,LATEST,cash_flow,level,2.0,ACTUAL,VNSTOCK_BRONZE
AVG,LATEST,cash_flow,value,-37852880293.0,ACTUAL,VNSTOCK_BRONZE
AVG,LATEST,cash_flow,order,25.0,ACTUAL,VNSTOCK_BRONZE
AVG,LATEST,cash_flow,level,2.0,ACTUAL,VNSTOCK_BRONZE
AVG,LATEST,cash_flow,value,36723592047.0,ACTUAL,VNSTOCK_BRONZE
AVG,LATEST,cash_flow,order,26.0,ACTUAL,VNSTOCK_BRONZE
AVG,LATEST,cash_flow,level,2.0,ACTUAL,VNSTOCK_BRONZE
AVG,LATEST,cash_flow,value,12262830859.0,ACTUAL,VNSTOCK_BRONZE
AVG,LATEST,cash_flow,order,27.0,ACTUAL,VNSTOCK_BRONZE
AVG,LATEST,cash_flow,level,2.0,ACTUAL,VNSTOCK_BRONZE
AVG,LATEST,cash_flow,value,841142.0,ACTUAL,VNSTOCK_BRONZE
AVG,LATEST,cash_flow,order,28.0,ACTUAL,VNSTOCK_BRONZE
AVG,LATEST,cash_flow,level,2.0,ACTUAL,VNSTOCK_BRONZE
AVG,LATEST,cash_flow,value,-1994299713.0,ACTUAL,VNSTOCK_BRONZE
AVG,LATEST,cash_flow,order,29.0,ACTUAL,VNSTOCK_BRONZE
AVG,LATEST,cash_flow,level,2.0,ACTUAL,VNSTOCK_BRONZE
AVG,LATEST,cash_flow,order,30.0,ACTUAL,VNSTOCK_BRONZE
AVG,LATEST,cash_flow,level,2.0,ACTUAL,VNSTOCK_BRONZE
AVG,LATEST,cash_flow,value,0.0,ACTUAL,VNSTOCK_BRONZE
AVG,LATEST,cash_flow,order,31.0,ACTUAL,VNSTOCK_BRONZE
AVG,LATEST,cash_flow,level,2.0,ACTUAL,VNSTOCK_BRONZE
AVG,LATEST,cash_flow,value,0.0,ACTUAL,VNSTOCK_BRONZE
AVG,LATEST,cash_flow,order,32.0,ACTUAL,VNSTOCK_BRONZE
AVG,LATEST,cash_flow,level,1.0,ACTUAL,VNSTOCK_BRONZE
AVG,LATEST,cash_flow,value,10481912194.0,ACTUAL,VNSTOCK_BRONZE
AVG,LATEST,cash_flow,order,33.0,ACTUAL,VNSTOCK_BRONZE
AVG,LATEST,cash_flow,level,2.0,ACTUAL,VNSTOCK_BRONZE
AVG,LATEST,cash_flow,value,0.0,ACTUAL,VNSTOCK_BRONZE
AVG,LATEST,cash_flow,order,34.0,ACTUAL,VNSTOCK_BRONZE
AVG,LATEST,cash_flow,level,2.0,ACTUAL,VNSTOCK_BRONZE
AVG,LATEST,cash_flow,value,0.0,ACTUAL,VNSTOCK_BRONZE
AVG,LATEST,cash_flow,order,35.0,ACTUAL,VNSTOCK_BRONZE
AVG,LATEST,cash_flow,level,2.0,ACTUAL,VNSTOCK_BRONZE
AVG,LATEST,cash_flow,value,0.0,ACTUAL,VNSTOCK_BRONZE
AVG,LATEST,cash_flow,order,36.0,ACTUAL,VNSTOCK_BRONZE
AVG,LATEST,cash_flow,level,2.0,ACTUAL,VNSTOCK_BRONZE
AVG,LATEST,cash_flow,value,10400000000.0,ACTUAL,VNSTOCK_BRONZE
AVG,LATEST,cash_flow,order,37.0,ACTUAL,VNSTOCK_BRONZE
AVG,LATEST,cash_flow,level,2.0,ACTUAL,VNSTOCK_BRONZE
AVG,LATEST,cash_flow,value,0.0,ACTUAL,VNSTOCK_BRONZE
AVG,LATEST,cash_flow,order,38.0,ACTUAL,VNSTOCK_BRONZE
AVG,LATEST,cash_flow,level,2.0,ACTUAL,VNSTOCK_BRONZE
AVG,LATEST,cash_flow,value,0.0,ACTUAL,VNSTOCK_BRONZE
AVG,LATEST,cash_flow,order,39.0,ACTUAL,VNSTOCK_BRONZE
AVG,LATEST,cash_flow,level,2.0,ACTUAL,VNSTOCK_BRONZE
AVG,LATEST,cash_flow,value,81912194.0,ACTUAL,VNSTOCK_BRONZE
AVG,LATEST,cash_flow,order,40.0,ACTUAL,VNSTOCK_BRONZE
AVG,LATEST,cash_flow,level,1.0,ACTUAL,VNSTOCK_BRONZE
AVG,LATEST,cash_flow,order,41.0,ACTUAL,VNSTOCK_BRONZE
AVG,LATEST,cash_flow,level,2.0,ACTUAL,VNSTOCK_BRONZE
AVG,LATEST,cash_flow,value,0.0,ACTUAL,VNSTOCK_BRONZE
AVG,LATEST,cash_flow,order,42.0,ACTUAL,VNSTOCK_BRONZE
AVG,LATEST,cash_flow,level,2.0,ACTUAL,VNSTOCK_BRONZE
AVG,LATEST,cash_flow,value,0.0,ACTUAL,VNSTOCK_BRONZE
AVG,LATEST,cash_flow,order,43.0,ACTUAL,VNSTOCK_BRONZE
AVG,LATEST,cash_flow,level,2.0,ACTUAL,VNSTOCK_BRONZE
AVG,LATEST,cash_flow,value,71870214500.0,ACTUAL,VNSTOCK_BRONZE
AVG,LATEST,cash_flow,order,44.0,ACTUAL,VNSTOCK_BRONZE
AVG,LATEST,cash_flow,level,2.0,ACTUAL,VNSTOCK_BRONZE
AVG,LATEST,cash_flow,value,-87021111480.0,ACTUAL,VNSTOCK_BRONZE
AVG,LATEST,cash_flow,order,45.0,ACTUAL,VNSTOCK_BRONZE
AVG,LATEST,cash_flow,level,2.0,ACTUAL,VNSTOCK_BRONZE
AVG,LATEST,cash_flow,value,-298254978.0,ACTUAL,VNSTOCK_BRONZE
AVG,LATEST,cash_flow,order,46.0,ACTUAL,VNSTOCK_BRONZE
AVG,LATEST,cash_flow,level,2.0,ACTUAL,VNSTOCK_BRONZE
AVG,LATEST,cash_flow,value,0.0,ACTUAL,VNSTOCK_BRONZE
AVG,LATEST,cash_flow,order,47.0,ACTUAL,VNSTOCK_BRONZE
AVG,LATEST,cash_flow,level,2.0,ACTUAL,VNSTOCK_BRONZE
AVG,LATEST,cash_flow,value,-7074195938.0,ACTUAL,VNSTOCK_BRONZE
AVG,LATEST,cash_flow,order,48.0,ACTUAL,VNSTOCK_BRONZE
AVG,LATEST,cash_flow,level,1.0,ACTUAL,VNSTOCK_BRONZE
AVG,LATEST,cash_flow,order,49.0,ACTUAL,VNSTOCK_BRONZE
AVG,LATEST,cash_flow,level,1.0,ACTUAL,VNSTOCK_BRONZE
AVG,LATEST,cash_flow,order,50.0,ACTUAL,VNSTOCK_BRONZE
AVG,LATEST,cash_flow,level,1.0,ACTUAL,VNSTOCK_BRONZE
AVG,LATEST,cash_flow,order,51.0,ACTUAL,VNSTOCK_BRONZE
AVG,LATEST,cash_flow,level,1.0,ACTUAL,VNSTOCK_BRONZE
AVG,LATEST,cash_flow,value,8374956020.0,ACTUAL,VNSTOCK_BRONZE
AVG,LATEST,cash_flow,order,1.0,ACTUAL,VNSTOCK_BRONZE
AVG,LATEST,cash_flow,level,1.0,ACTUAL,VNSTOCK_BRONZE
AVG,LATEST,cash_flow,value,11079391530.0,ACTUAL,VNSTOCK_BRONZE
AVG,LATEST,cash_flow,order,2.0,ACTUAL,VNSTOCK_BRONZE
AVG,LATEST,cash_flow,level,2.0,ACTUAL,VNSTOCK_BRONZE
AVG,LATEST,cash_flow,value,6309393462.0,ACTUAL,VNSTOCK_BRONZE
AVG,LATEST,cash_flow,order,3.0,ACTUAL,VNSTOCK_BRONZE
AVG,LATEST,cash_flow,level,2.0,ACTUAL,VNSTOCK_BRONZE
AVG,LATEST,cash_flow,value,2149205620.0,ACTUAL,VNSTOCK_BRONZE
AVG,LATEST,cash_flow,order,4.0,ACTUAL,VNSTOCK_BRONZE
AVG,LATEST,cash_flow,level,2.0,ACTUAL,VNSTOCK_BRONZE
AVG,LATEST,cash_flow,value,0.0,ACTUAL,VNSTOCK_BRONZE
AVG,LATEST,cash_flow,order,5.0,ACTUAL,VNSTOCK_BRONZE
AVG,LATEST,cash_flow,level,2.0,ACTUAL,VNSTOCK_BRONZE
AVG,LATEST,cash_flow,value,0.0,ACTUAL,VNSTOCK_BRONZE
AVG,LATEST,cash_flow,order,6.0,ACTUAL,VNSTOCK_BRONZE
AVG,LATEST,cash_flow,level,2.0,ACTUAL,VNSTOCK_BRONZE
AVG,LATEST,cash_flow,value,0.0,ACTUAL,VNSTOCK_BRONZE
AVG,LATEST,cash_flow,order,7.0,ACTUAL,VNSTOCK_BRONZE
AVG,LATEST,cash_flow,level,2.0,ACTUAL,VNSTOCK_BRONZE
AVG,LATEST,cash_flow,value,-7063098.0,ACTUAL,VNSTOCK_BRONZE
AVG,LATEST,cash_flow,order,8.0,ACTUAL,VNSTOCK_BRONZE
AVG,LATEST,cash_flow,level,2.0,ACTUAL,VNSTOCK_BRONZE
AVG,LATEST,cash_flow,value,1871955287.0,ACTUAL,VNSTOCK_BRONZE
AVG,LATEST,cash_flow,order,9.0,ACTUAL,VNSTOCK_BRONZE
AVG,LATEST,cash_flow,level,2.0,ACTUAL,VNSTOCK_BRONZE
AVG,LATEST,cash_flow,value,0.0,ACTUAL,VNSTOCK_BRONZE
AVG,LATEST,cash_flow,order,10.0,ACTUAL,VNSTOCK_BRONZE
AVG,LATEST,cash_flow,level,2.0,ACTUAL,VNSTOCK_BRONZE
AVG,LATEST,cash_flow,value,0.0,ACTUAL,VNSTOCK_BRONZE
AVG,LATEST,cash_flow,order,11.0,ACTUAL,VNSTOCK_BRONZE
AVG,LATEST,cash_flow,level,2.0,ACTUAL,VNSTOCK_BRONZE
AVG,LATEST,cash_flow,value,0.0,ACTUAL,VNSTOCK_BRONZE
AVG,LATEST,cash_flow,order,12.0,ACTUAL,VNSTOCK_BRONZE
AVG,LATEST,cash_flow,level,2.0,ACTUAL,VNSTOCK_BRONZE
AVG,LATEST,cash_flow,value,0.0,ACTUAL,VNSTOCK_BRONZE
AVG,LATEST,cash_flow,order,13.0,ACTUAL,VNSTOCK_BRONZE
AVG,LATEST,cash_flow,level,2.0,ACTUAL,VNSTOCK_BRONZE
AVG,LATEST,cash_flow,value,10323491271.0,ACTUAL,VNSTOCK_BRONZE
AVG,LATEST,cash_flow,order,14.0,ACTUAL,VNSTOCK_BRONZE
AVG,LATEST,cash_flow,level,2.0,ACTUAL,VNSTOCK_BRONZE
AVG,LATEST,cash_flow,order,15.0,ACTUAL,VNSTOCK_BRONZE
AVG,LATEST,cash_flow,level,2.0,ACTUAL,VNSTOCK_BRONZE
AVG,LATEST,cash_flow,order,16.0,ACTUAL,VNSTOCK_BRONZE
AVG,LATEST,cash_flow,level,2.0,ACTUAL,VNSTOCK_BRONZE
AVG,LATEST,cash_flow,order,17.0,ACTUAL,VNSTOCK_BRONZE
AVG,LATEST,cash_flow,level,2.0,ACTUAL,VNSTOCK_BRONZE
AVG,LATEST,cash_flow,order,18.0,ACTUAL,VNSTOCK_BRONZE
AVG,LATEST,cash_flow,level,2.0,ACTUAL,VNSTOCK_BRONZE
AVG,LATEST,cash_flow,order,19.0,ACTUAL,VNSTOCK_BRONZE
AVG,LATEST,cash_flow,level,2.0,ACTUAL,VNSTOCK_BRONZE
AVG,LATEST,cash_flow,order,20.0,ACTUAL,VNSTOCK_BRONZE
AVG,LATEST,cash_flow,level,2.0,ACTUAL,VNSTOCK_BRONZE
AVG,LATEST,cash_flow,order,21.0,ACTUAL,VNSTOCK_BRONZE
AVG,LATEST,cash_flow,level,2.0,ACTUAL,VNSTOCK_BRONZE
AVG,LATEST,cash_flow,order,22.0,ACTUAL,VNSTOCK_BRONZE
AVG,LATEST,cash_flow,level,2.0,ACTUAL,VNSTOCK_BRONZE
AVG,LATEST,cash_flow,order,23.0,ACTUAL,VNSTOCK_BRONZE
AVG,LATEST,cash_flow,level,2.0,ACTUAL,VNSTOCK_BRONZE
AVG,LATEST,cash_flow,order,24.0,ACTUAL,VNSTOCK_BRONZE
AVG,LATEST,cash_flow,level,2.0,ACTUAL,VNSTOCK_BRONZE
AVG,LATEST,cash_flow,value,-6448106895.0,ACTUAL,VNSTOCK_BRONZE
AVG,LATEST,cash_flow,order,25.0,ACTUAL,VNSTOCK_BRONZE
AVG,LATEST,cash_flow,level,2.0,ACTUAL,VNSTOCK_BRONZE
AVG,LATEST,cash_flow,value,4804189493.0,ACTUAL,VNSTOCK_BRONZE
AVG,LATEST,cash_flow,order,26.0,ACTUAL,VNSTOCK_BRONZE
AVG,LATEST,cash_flow,level,2.0,ACTUAL,VNSTOCK_BRONZE
AVG,LATEST,cash_flow,value,4577204898.0,ACTUAL,VNSTOCK_BRONZE
AVG,LATEST,cash_flow,order,27.0,ACTUAL,VNSTOCK_BRONZE
AVG,LATEST,cash_flow,level,2.0,ACTUAL,VNSTOCK_BRONZE
AVG,LATEST,cash_flow,value,172754947.0,ACTUAL,VNSTOCK_BRONZE
AVG,LATEST,cash_flow,order,28.0,ACTUAL,VNSTOCK_BRONZE
AVG,LATEST,cash_flow,level,2.0,ACTUAL,VNSTOCK_BRONZE
AVG,LATEST,cash_flow,value,-2350142184.0,ACTUAL,VNSTOCK_BRONZE
AVG,LATEST,cash_flow,order,29.0,ACTUAL,VNSTOCK_BRONZE
AVG,LATEST,cash_flow,level,2.0,ACTUAL,VNSTOCK_BRONZE
AVG,LATEST,cash_flow,order,30.0,ACTUAL,VNSTOCK_BRONZE
AVG,LATEST,cash_flow,level,2.0,ACTUAL,VNSTOCK_BRONZE
AVG,LATEST,cash_flow,value,0.0,ACTUAL,VNSTOCK_BRONZE
AVG,LATEST,cash_flow,order,31.0,ACTUAL,VNSTOCK_BRONZE
AVG,LATEST,cash_flow,level,2.0,ACTUAL,VNSTOCK_BRONZE
AVG,LATEST,cash_flow,value,0.0,ACTUAL,VNSTOCK_BRONZE
AVG,LATEST,cash_flow,order,32.0,ACTUAL,VNSTOCK_BRONZE
AVG,LATEST,cash_flow,level,1.0,ACTUAL,VNSTOCK_BRONZE
AVG,LATEST,cash_flow,value,-10392936902.0,ACTUAL,VNSTOCK_BRONZE
AVG,LATEST,cash_flow,order,33.0,ACTUAL,VNSTOCK_BRONZE
AVG,LATEST,cash_flow,level,2.0,ACTUAL,VNSTOCK_BRONZE
AVG,LATEST,cash_flow,value,0.0,ACTUAL,VNSTOCK_BRONZE
AVG,LATEST,cash_flow,order,34.0,ACTUAL,VNSTOCK_BRONZE
AVG,LATEST,cash_flow,level,2.0,ACTUAL,VNSTOCK_BRONZE
AVG,LATEST,cash_flow,value,0.0,ACTUAL,VNSTOCK_BRONZE
AVG,LATEST,cash_flow,order,35.0,ACTUAL,VNSTOCK_BRONZE
AVG,LATEST,cash_flow,level,2.0,ACTUAL,VNSTOCK_BRONZE
AVG,LATEST,cash_flow,value,-10400000000.0,ACTUAL,VNSTOCK_BRONZE
AVG,LATEST,cash_flow,order,36.0,ACTUAL,VNSTOCK_BRONZE
AVG,LATEST,cash_flow,level,2.0,ACTUAL,VNSTOCK_BRONZE
AVG,LATEST,cash_flow,value,0.0,ACTUAL,VNSTOCK_BRONZE
AVG,LATEST,cash_flow,order,37.0,ACTUAL,VNSTOCK_BRONZE
AVG,LATEST,cash_flow,level,2.0,ACTUAL,VNSTOCK_BRONZE
AVG,LATEST,cash_flow,value,0.0,ACTUAL,VNSTOCK_BRONZE
AVG,LATEST,cash_flow,order,38.0,ACTUAL,VNSTOCK_BRONZE
AVG,LATEST,cash_flow,level,2.0,ACTUAL,VNSTOCK_BRONZE
AVG,LATEST,cash_flow,value,0.0,ACTUAL,VNSTOCK_BRONZE
AVG,LATEST,cash_flow,order,39.0,ACTUAL,VNSTOCK_BRONZE
AVG,LATEST,cash_flow,level,2.0,ACTUAL,VNSTOCK_BRONZE
AVG,LATEST,cash_flow,value,7063098.0,ACTUAL,VNSTOCK_BRONZE
AVG,LATEST,cash_flow,order,40.0,ACTUAL,VNSTOCK_BRONZE
AVG,LATEST,cash_flow,level,1.0,ACTUAL,VNSTOCK_BRONZE
AVG,LATEST,cash_flow,order,41.0,ACTUAL,VNSTOCK_BRONZE
AVG,LATEST,cash_flow,level,2.0,ACTUAL,VNSTOCK_BRONZE
AVG,LATEST,cash_flow,value,0.0,ACTUAL,VNSTOCK_BRONZE
AVG,LATEST,cash_flow,order,42.0,ACTUAL,VNSTOCK_BRONZE
AVG,LATEST,cash_flow,level,2.0,ACTUAL,VNSTOCK_BRONZE
AVG,LATEST,cash_flow,value,0.0,ACTUAL,VNSTOCK_BRONZE
AVG,LATEST,cash_flow,order,43.0,ACTUAL,VNSTOCK_BRONZE
AVG,LATEST,cash_flow,level,2.0,ACTUAL,VNSTOCK_BRONZE
AVG,LATEST,cash_flow,value,73393785820.0,ACTUAL,VNSTOCK_BRONZE
AVG,LATEST,cash_flow,order,44.0,ACTUAL,VNSTOCK_BRONZE
AVG,LATEST,cash_flow,level,2.0,ACTUAL,VNSTOCK_BRONZE
AVG,LATEST,cash_flow,value,-76945275185.0,ACTUAL,VNSTOCK_BRONZE
AVG,LATEST,cash_flow,order,45.0,ACTUAL,VNSTOCK_BRONZE
AVG,LATEST,cash_flow,level,2.0,ACTUAL,VNSTOCK_BRONZE
AVG,LATEST,cash_flow,value,-298254978.0,ACTUAL,VNSTOCK_BRONZE
AVG,LATEST,cash_flow,order,46.0,ACTUAL,VNSTOCK_BRONZE
AVG,LATEST,cash_flow,level,2.0,ACTUAL,VNSTOCK_BRONZE
AVG,LATEST,cash_flow,value,0.0,ACTUAL,VNSTOCK_BRONZE
AVG,LATEST,cash_flow,order,47.0,ACTUAL,VNSTOCK_BRONZE
AVG,LATEST,cash_flow,level,2.0,ACTUAL,VNSTOCK_BRONZE
AVG,LATEST,cash_flow,value,18403505009.0,ACTUAL,VNSTOCK_BRONZE
AVG,LATEST,cash_flow,order,48.0,ACTUAL,VNSTOCK_BRONZE
AVG,LATEST,cash_flow,level,1.0,ACTUAL,VNSTOCK_BRONZE
AVG,LATEST,cash_flow,order,49.0,ACTUAL,VNSTOCK_BRONZE
AVG,LATEST,cash_flow,level,1.0,ACTUAL,VNSTOCK_BRONZE
AVG,LATEST,cash_flow,order,50.0,ACTUAL,VNSTOCK_BRONZE
AVG,LATEST,cash_flow,level,1.0,ACTUAL,VNSTOCK_BRONZE
AVG,LATEST,cash_flow,order,51.0,ACTUAL,VNSTOCK_BRONZE
AVG,LATEST,cash_flow,level,1.0,ACTUAL,VNSTOCK_BRONZE
AVG,LATEST,cash_flow,value,22253249352.0,ACTUAL,VNSTOCK_BRONZE
AVG,LATEST,cash_flow,order,1.0,ACTUAL,VNSTOCK_BRONZE
AVG,LATEST,cash_flow,level,1.0,ACTUAL,VNSTOCK_BRONZE
AVG,LATEST,cash_flow,value,-5434342884.0,ACTUAL,VNSTOCK_BRONZE
AVG,LATEST,cash_flow,order,2.0,ACTUAL,VNSTOCK_BRONZE
AVG,LATEST,cash_flow,level,2.0,ACTUAL,VNSTOCK_BRONZE
AVG,LATEST,cash_flow,value,5083701441.0,ACTUAL,VNSTOCK_BRONZE
AVG,LATEST,cash_flow,order,3.0,ACTUAL,VNSTOCK_BRONZE
AVG,LATEST,cash_flow,level,2.0,ACTUAL,VNSTOCK_BRONZE
AVG,LATEST,cash_flow,value,2097482476.0,ACTUAL,VNSTOCK_BRONZE
AVG,LATEST,cash_flow,order,4.0,ACTUAL,VNSTOCK_BRONZE
AVG,LATEST,cash_flow,level,2.0,ACTUAL,VNSTOCK_BRONZE
AVG,LATEST,cash_flow,value,0.0,ACTUAL,VNSTOCK_BRONZE
AVG,LATEST,cash_flow,order,5.0,ACTUAL,VNSTOCK_BRONZE
AVG,LATEST,cash_flow,level,2.0,ACTUAL,VNSTOCK_BRONZE
AVG,LATEST,cash_flow,value,0.0,ACTUAL,VNSTOCK_BRONZE
AVG,LATEST,cash_flow,order,6.0,ACTUAL,VNSTOCK_BRONZE
AVG,LATEST,cash_flow,level,2.0,ACTUAL,VNSTOCK_BRONZE
AVG,LATEST,cash_flow,value,0.0,ACTUAL,VNSTOCK_BRONZE
AVG,LATEST,cash_flow,order,7.0,ACTUAL,VNSTOCK_BRONZE
AVG,LATEST,cash_flow,level,2.0,ACTUAL,VNSTOCK_BRONZE
AVG,LATEST,cash_flow,value,-27592259.0,ACTUAL,VNSTOCK_BRONZE
AVG,LATEST,cash_flow,order,8.0,ACTUAL,VNSTOCK_BRONZE
AVG,LATEST,cash_flow,level,2.0,ACTUAL,VNSTOCK_BRONZE
AVG,LATEST,cash_flow,value,2705416351.0,ACTUAL,VNSTOCK_BRONZE
AVG,LATEST,cash_flow,order,9.0,ACTUAL,VNSTOCK_BRONZE
AVG,LATEST,cash_flow,level,2.0,ACTUAL,VNSTOCK_BRONZE
AVG,LATEST,cash_flow,value,0.0,ACTUAL,VNSTOCK_BRONZE
AVG,LATEST,cash_flow,order,10.0,ACTUAL,VNSTOCK_BRONZE
AVG,LATEST,cash_flow,level,2.0,ACTUAL,VNSTOCK_BRONZE
AVG,LATEST,cash_flow,value,0.0,ACTUAL,VNSTOCK_BRONZE
AVG,LATEST,cash_flow,order,11.0,ACTUAL,VNSTOCK_BRONZE
AVG,LATEST,cash_flow,level,2.0,ACTUAL,VNSTOCK_BRONZE
AVG,LATEST,cash_flow,value,0.0,ACTUAL,VNSTOCK_BRONZE
AVG,LATEST,cash_flow,order,12.0,ACTUAL,VNSTOCK_BRONZE
AVG,LATEST,cash_flow,level,2.0,ACTUAL,VNSTOCK_BRONZE
AVG,LATEST,cash_flow,value,-7761625000.0,ACTUAL,VNSTOCK_BRONZE
AVG,LATEST,cash_flow,order,13.0,ACTUAL,VNSTOCK_BRONZE
AVG,LATEST,cash_flow,level,2.0,ACTUAL,VNSTOCK_BRONZE
AVG,LATEST,cash_flow,value,9859008009.0,ACTUAL,VNSTOCK_BRONZE
AVG,LATEST,cash_flow,order,14.0,ACTUAL,VNSTOCK_BRONZE
AVG,LATEST,cash_flow,level,2.0,ACTUAL,VNSTOCK_BRONZE
AVG,LATEST,cash_flow,order,15.0,ACTUAL,VNSTOCK_BRONZE
AVG,LATEST,cash_flow,level,2.0,ACTUAL,VNSTOCK_BRONZE
AVG,LATEST,cash_flow,order,16.0,ACTUAL,VNSTOCK_BRONZE
AVG,LATEST,cash_flow,level,2.0,ACTUAL,VNSTOCK_BRONZE
AVG,LATEST,cash_flow,order,17.0,ACTUAL,VNSTOCK_BRONZE
AVG,LATEST,cash_flow,level,2.0,ACTUAL,VNSTOCK_BRONZE
AVG,LATEST,cash_flow,order,18.0,ACTUAL,VNSTOCK_BRONZE
AVG,LATEST,cash_flow,level,2.0,ACTUAL,VNSTOCK_BRONZE
AVG,LATEST,cash_flow,order,19.0,ACTUAL,VNSTOCK_BRONZE
AVG,LATEST,cash_flow,level,2.0,ACTUAL,VNSTOCK_BRONZE
AVG,LATEST,cash_flow,order,20.0,ACTUAL,VNSTOCK_BRONZE
AVG,LATEST,cash_flow,level,2.0,ACTUAL,VNSTOCK_BRONZE
AVG,LATEST,cash_flow,order,21.0,ACTUAL,VNSTOCK_BRONZE
AVG,LATEST,cash_flow,level,2.0,ACTUAL,VNSTOCK_BRONZE
AVG,LATEST,cash_flow,order,22.0,ACTUAL,VNSTOCK_BRONZE
AVG,LATEST,cash_flow,level,2.0,ACTUAL,VNSTOCK_BRONZE
AVG,LATEST,cash_flow,order,23.0,ACTUAL,VNSTOCK_BRONZE
AVG,LATEST,cash_flow,level,2.0,ACTUAL,VNSTOCK_BRONZE
AVG,LATEST,cash_flow,order,24.0,ACTUAL,VNSTOCK_BRONZE
AVG,LATEST,cash_flow,level,2.0,ACTUAL,VNSTOCK_BRONZE
AVG,LATEST,cash_flow,value,-11279859249.0,ACTUAL,VNSTOCK_BRONZE
AVG,LATEST,cash_flow,order,25.0,ACTUAL,VNSTOCK_BRONZE
AVG,LATEST,cash_flow,level,2.0,ACTUAL,VNSTOCK_BRONZE
AVG,LATEST,cash_flow,value,21627962352.0,ACTUAL,VNSTOCK_BRONZE
AVG,LATEST,cash_flow,order,26.0,ACTUAL,VNSTOCK_BRONZE
AVG,LATEST,cash_flow,level,2.0,ACTUAL,VNSTOCK_BRONZE
AVG,LATEST,cash_flow,value,-10619685239.0,ACTUAL,VNSTOCK_BRONZE
AVG,LATEST,cash_flow,order,27.0,ACTUAL,VNSTOCK_BRONZE
AVG,LATEST,cash_flow,level,2.0,ACTUAL,VNSTOCK_BRONZE
AVG,LATEST,cash_flow,value,-5032384883.0,ACTUAL,VNSTOCK_BRONZE
AVG,LATEST,cash_flow,order,28.0,ACTUAL,VNSTOCK_BRONZE
AVG,LATEST,cash_flow,level,2.0,ACTUAL,VNSTOCK_BRONZE
AVG,LATEST,cash_flow,value,-2227758875.0,ACTUAL,VNSTOCK_BRONZE
AVG,LATEST,cash_flow,order,29.0,ACTUAL,VNSTOCK_BRONZE
AVG,LATEST,cash_flow,level,2.0,ACTUAL,VNSTOCK_BRONZE
AVG,LATEST,cash_flow,order,30.0,ACTUAL,VNSTOCK_BRONZE
AVG,LATEST,cash_flow,level,2.0,ACTUAL,VNSTOCK_BRONZE
AVG,LATEST,cash_flow,value,0.0,ACTUAL,VNSTOCK_BRONZE
AVG,LATEST,cash_flow,order,31.0,ACTUAL,VNSTOCK_BRONZE
AVG,LATEST,cash_flow,level,2.0,ACTUAL,VNSTOCK_BRONZE
AVG,LATEST,cash_flow,value,0.0,ACTUAL,VNSTOCK_BRONZE
AVG,LATEST,cash_flow,order,32.0,ACTUAL,VNSTOCK_BRONZE
AVG,LATEST,cash_flow,level,1.0,ACTUAL,VNSTOCK_BRONZE
AVG,LATEST,cash_flow,value,7857328410.0,ACTUAL,VNSTOCK_BRONZE
AVG,LATEST,cash_flow,order,33.0,ACTUAL,VNSTOCK_BRONZE
AVG,LATEST,cash_flow,level,2.0,ACTUAL,VNSTOCK_BRONZE
AVG,LATEST,cash_flow,value,-5261751520.0,ACTUAL,VNSTOCK_BRONZE
AVG,LATEST,cash_flow,order,34.0,ACTUAL,VNSTOCK_BRONZE
AVG,LATEST,cash_flow,level,2.0,ACTUAL,VNSTOCK_BRONZE
AVG,LATEST,cash_flow,value,0.0,ACTUAL,VNSTOCK_BRONZE
AVG,LATEST,cash_flow,order,35.0,ACTUAL,VNSTOCK_BRONZE
AVG,LATEST,cash_flow,level,2.0,ACTUAL,VNSTOCK_BRONZE
AVG,LATEST,cash_flow,value,6000000000.0,ACTUAL,VNSTOCK_BRONZE
AVG,LATEST,cash_flow,order,36.0,ACTUAL,VNSTOCK_BRONZE
AVG,LATEST,cash_flow,level,2.0,ACTUAL,VNSTOCK_BRONZE
AVG,LATEST,cash_flow,value,8000000000.0,ACTUAL,VNSTOCK_BRONZE
AVG,LATEST,cash_flow,order,37.0,ACTUAL,VNSTOCK_BRONZE
AVG,LATEST,cash_flow,level,2.0,ACTUAL,VNSTOCK_BRONZE
AVG,LATEST,cash_flow,value,0.0,ACTUAL,VNSTOCK_BRONZE
AVG,LATEST,cash_flow,order,38.0,ACTUAL,VNSTOCK_BRONZE
AVG,LATEST,cash_flow,level,2.0,ACTUAL,VNSTOCK_BRONZE
AVG,LATEST,cash_flow,value,0.0,ACTUAL,VNSTOCK_BRONZE
AVG,LATEST,cash_flow,order,39.0,ACTUAL,VNSTOCK_BRONZE
AVG,LATEST,cash_flow,level,2.0,ACTUAL,VNSTOCK_BRONZE
AVG,LATEST,cash_flow,value,-880920070.0,ACTUAL,VNSTOCK_BRONZE
AVG,LATEST,cash_flow,order,40.0,ACTUAL,VNSTOCK_BRONZE
AVG,LATEST,cash_flow,level,1.0,ACTUAL,VNSTOCK_BRONZE
AVG,LATEST,cash_flow,order,41.0,ACTUAL,VNSTOCK_BRONZE
AVG,LATEST,cash_flow,level,2.0,ACTUAL,VNSTOCK_BRONZE
AVG,LATEST,cash_flow,value,0.0,ACTUAL,VNSTOCK_BRONZE
AVG,LATEST,cash_flow,order,42.0,ACTUAL,VNSTOCK_BRONZE
AVG,LATEST,cash_flow,level,2.0,ACTUAL,VNSTOCK_BRONZE
AVG,LATEST,cash_flow,value,0.0,ACTUAL,VNSTOCK_BRONZE
AVG,LATEST,cash_flow,order,43.0,ACTUAL,VNSTOCK_BRONZE
AVG,LATEST,cash_flow,level,2.0,ACTUAL,VNSTOCK_BRONZE
AVG,LATEST,cash_flow,value,90385341480.0,ACTUAL,VNSTOCK_BRONZE
AVG,LATEST,cash_flow,order,44.0,ACTUAL,VNSTOCK_BRONZE
AVG,LATEST,cash_flow,level,2.0,ACTUAL,VNSTOCK_BRONZE
AVG,LATEST,cash_flow,value,-87012312723.0,ACTUAL,VNSTOCK_BRONZE
AVG,LATEST,cash_flow,order,45.0,ACTUAL,VNSTOCK_BRONZE
AVG,LATEST,cash_flow,level,2.0,ACTUAL,VNSTOCK_BRONZE
AVG,LATEST,cash_flow,value,-298254978.0,ACTUAL,VNSTOCK_BRONZE
AVG,LATEST,cash_flow,order,46.0,ACTUAL,VNSTOCK_BRONZE
AVG,LATEST,cash_flow,level,2.0,ACTUAL,VNSTOCK_BRONZE
AVG,LATEST,cash_flow,value,0.0,ACTUAL,VNSTOCK_BRONZE
AVG,LATEST,cash_flow,order,47.0,ACTUAL,VNSTOCK_BRONZE
AVG,LATEST,cash_flow,level,2.0,ACTUAL,VNSTOCK_BRONZE
AVG,LATEST,cash_flow,value,28493751049.0,ACTUAL,VNSTOCK_BRONZE
AVG,LATEST,cash_flow,order,48.0,ACTUAL,VNSTOCK_BRONZE
AVG,LATEST,cash_flow,level,1.0,ACTUAL,VNSTOCK_BRONZE
AVG,LATEST,cash_flow,order,49.0,ACTUAL,VNSTOCK_BRONZE
AVG,LATEST,cash_flow,level,1.0,ACTUAL,VNSTOCK_BRONZE
AVG,LATEST,cash_flow,order,50.0,ACTUAL,VNSTOCK_BRONZE
AVG,LATEST,cash_flow,level,1.0,ACTUAL,VNSTOCK_BRONZE
AVG,LATEST,cash_flow,order,51.0,ACTUAL,VNSTOCK_BRONZE
AVG,LATEST,cash_flow,level,1.0,ACTUAL,VNSTOCK_BRONZE
AVG,LATEST,cash_flow,value,25418977270.0,ACTUAL,VNSTOCK_BRONZE
AVG,LATEST,cash_flow,order,1.0,ACTUAL,VNSTOCK_BRONZE
AVG,LATEST,cash_flow,level,1.0,ACTUAL,VNSTOCK_BRONZE
AVG,LATEST,cash_flow,value,5857425818.0,ACTUAL,VNSTOCK_BRONZE
AVG,LATEST,cash_flow,order,2.0,ACTUAL,VNSTOCK_BRONZE
AVG,LATEST,cash_flow,level,2.0,ACTUAL,VNSTOCK_BRONZE
AVG,LATEST,cash_flow,value,3763351630.0,ACTUAL,VNSTOCK_BRONZE
AVG,LATEST,cash_flow,order,3.0,ACTUAL,VNSTOCK_BRONZE
AVG,LATEST,cash_flow,level,2.0,ACTUAL,VNSTOCK_BRONZE
AVG,LATEST,cash_flow,value,2089049181.0,ACTUAL,VNSTOCK_BRONZE
AVG,LATEST,cash_flow,order,4.0,ACTUAL,VNSTOCK_BRONZE
AVG,LATEST,cash_flow,level,2.0,ACTUAL,VNSTOCK_BRONZE
AVG,LATEST,cash_flow,value,0.0,ACTUAL,VNSTOCK_BRONZE
AVG,LATEST,cash_flow,order,5.0,ACTUAL,VNSTOCK_BRONZE
AVG,LATEST,cash_flow,level,2.0,ACTUAL,VNSTOCK_BRONZE
AVG,LATEST,cash_flow,value,0.0,ACTUAL,VNSTOCK_BRONZE
AVG,LATEST,cash_flow,order,6.0,ACTUAL,VNSTOCK_BRONZE
AVG,LATEST,cash_flow,level,2.0,ACTUAL,VNSTOCK_BRONZE
AVG,LATEST,cash_flow,value,0.0,ACTUAL,VNSTOCK_BRONZE
AVG,LATEST,cash_flow,order,7.0,ACTUAL,VNSTOCK_BRONZE
AVG,LATEST,cash_flow,level,2.0,ACTUAL,VNSTOCK_BRONZE
AVG,LATEST,cash_flow,value,-12961450.0,ACTUAL,VNSTOCK_BRONZE
AVG,LATEST,cash_flow,order,8.0,ACTUAL,VNSTOCK_BRONZE
AVG,LATEST,cash_flow,level,2.0,ACTUAL,VNSTOCK_BRONZE
AVG,LATEST,cash_flow,value,2141664919.0,ACTUAL,VNSTOCK_BRONZE
AVG,LATEST,cash_flow,order,9.0,ACTUAL,VNSTOCK_BRONZE
AVG,LATEST,cash_flow,level,2.0,ACTUAL,VNSTOCK_BRONZE
AVG,LATEST,cash_flow,value,0.0,ACTUAL,VNSTOCK_BRONZE
AVG,LATEST,cash_flow,order,10.0,ACTUAL,VNSTOCK_BRONZE
AVG,LATEST,cash_flow,level,2.0,ACTUAL,VNSTOCK_BRONZE
AVG,LATEST,cash_flow,value,0.0,ACTUAL,VNSTOCK_BRONZE
AVG,LATEST,cash_flow,order,11.0,ACTUAL,VNSTOCK_BRONZE
AVG,LATEST,cash_flow,level,2.0,ACTUAL,VNSTOCK_BRONZE
AVG,LATEST,cash_flow,value,0.0,ACTUAL,VNSTOCK_BRONZE
AVG,LATEST,cash_flow,order,12.0,ACTUAL,VNSTOCK_BRONZE
AVG,LATEST,cash_flow,level,2.0,ACTUAL,VNSTOCK_BRONZE
AVG,LATEST,cash_flow,value,0.0,ACTUAL,VNSTOCK_BRONZE
AVG,LATEST,cash_flow,order,13.0,ACTUAL,VNSTOCK_BRONZE
AVG,LATEST,cash_flow,level,2.0,ACTUAL,VNSTOCK_BRONZE
AVG,LATEST,cash_flow,value,7981104280.0,ACTUAL,VNSTOCK_BRONZE
AVG,LATEST,cash_flow,order,14.0,ACTUAL,VNSTOCK_BRONZE
AVG,LATEST,cash_flow,level,2.0,ACTUAL,VNSTOCK_BRONZE
AVG,LATEST,cash_flow,order,15.0,ACTUAL,VNSTOCK_BRONZE
AVG,LATEST,cash_flow,level,2.0,ACTUAL,VNSTOCK_BRONZE
AVG,LATEST,cash_flow,order,16.0,ACTUAL,VNSTOCK_BRONZE
AVG,LATEST,cash_flow,level,2.0,ACTUAL,VNSTOCK_BRONZE
AVG,LATEST,cash_flow,order,17.0,ACTUAL,VNSTOCK_BRONZE
AVG,LATEST,cash_flow,level,2.0,ACTUAL,VNSTOCK_BRONZE
AVG,LATEST,cash_flow,order,18.0,ACTUAL,VNSTOCK_BRONZE
AVG,LATEST,cash_flow,level,2.0,ACTUAL,VNSTOCK_BRONZE
AVG,LATEST,cash_flow,order,19.0,ACTUAL,VNSTOCK_BRONZE
AVG,LATEST,cash_flow,level,2.0,ACTUAL,VNSTOCK_BRONZE
AVG,LATEST,cash_flow,order,20.0,ACTUAL,VNSTOCK_BRONZE
AVG,LATEST,cash_flow,level,2.0,ACTUAL,VNSTOCK_BRONZE
AVG,LATEST,cash_flow,order,21.0,ACTUAL,VNSTOCK_BRONZE
AVG,LATEST,cash_flow,level,2.0,ACTUAL,VNSTOCK_BRONZE
AVG,LATEST,cash_flow,order,22.0,ACTUAL,VNSTOCK_BRONZE
AVG,LATEST,cash_flow,level,2.0,ACTUAL,VNSTOCK_BRONZE
AVG,LATEST,cash_flow,order,23.0,ACTUAL,VNSTOCK_BRONZE
AVG,LATEST,cash_flow,level,2.0,ACTUAL,VNSTOCK_BRONZE
AVG,LATEST,cash_flow,order,24.0,ACTUAL,VNSTOCK_BRONZE
AVG,LATEST,cash_flow,level,2.0,ACTUAL,VNSTOCK_BRONZE
AVG,LATEST,cash_flow,value,-10207904947.0,ACTUAL,VNSTOCK_BRONZE
AVG,LATEST,cash_flow,order,25.0,ACTUAL,VNSTOCK_BRONZE
AVG,LATEST,cash_flow,level,2.0,ACTUAL,VNSTOCK_BRONZE
AVG,LATEST,cash_flow,value,8664089484.0,ACTUAL,VNSTOCK_BRONZE
AVG,LATEST,cash_flow,order,26.0,ACTUAL,VNSTOCK_BRONZE
AVG,LATEST,cash_flow,level,2.0,ACTUAL,VNSTOCK_BRONZE
AVG,LATEST,cash_flow,value,1692869080.0,ACTUAL,VNSTOCK_BRONZE
AVG,LATEST,cash_flow,order,27.0,ACTUAL,VNSTOCK_BRONZE
AVG,LATEST,cash_flow,level,2.0,ACTUAL,VNSTOCK_BRONZE
AVG,LATEST,cash_flow,value,131808311.0,ACTUAL,VNSTOCK_BRONZE
AVG,LATEST,cash_flow,order,28.0,ACTUAL,VNSTOCK_BRONZE
AVG,LATEST,cash_flow,level,2.0,ACTUAL,VNSTOCK_BRONZE
AVG,LATEST,cash_flow,value,-2404540391.0,ACTUAL,VNSTOCK_BRONZE
AVG,LATEST,cash_flow,order,29.0,ACTUAL,VNSTOCK_BRONZE
AVG,LATEST,cash_flow,level,2.0,ACTUAL,VNSTOCK_BRONZE
AVG,LATEST,cash_flow,order,30.0,ACTUAL,VNSTOCK_BRONZE
AVG,LATEST,cash_flow,level,2.0,ACTUAL,VNSTOCK_BRONZE
AVG,LATEST,cash_flow,value,0.0,ACTUAL,VNSTOCK_BRONZE
AVG,LATEST,cash_flow,order,31.0,ACTUAL,VNSTOCK_BRONZE
AVG,LATEST,cash_flow,level,2.0,ACTUAL,VNSTOCK_BRONZE
AVG,LATEST,cash_flow,value,0.0,ACTUAL,VNSTOCK_BRONZE
AVG,LATEST,cash_flow,order,32.0,ACTUAL,VNSTOCK_BRONZE
AVG,LATEST,cash_flow,level,1.0,ACTUAL,VNSTOCK_BRONZE
AVG,LATEST,cash_flow,value,-13890089858.0,ACTUAL,VNSTOCK_BRONZE
AVG,LATEST,cash_flow,order,33.0,ACTUAL,VNSTOCK_BRONZE
AVG,LATEST,cash_flow,level,2.0,ACTUAL,VNSTOCK_BRONZE
AVG,LATEST,cash_flow,value,-811563637.0,ACTUAL,VNSTOCK_BRONZE
AVG,LATEST,cash_flow,order,34.0,ACTUAL,VNSTOCK_BRONZE
AVG,LATEST,cash_flow,level,2.0,ACTUAL,VNSTOCK_BRONZE
AVG,LATEST,cash_flow,value,0.0,ACTUAL,VNSTOCK_BRONZE
AVG,LATEST,cash_flow,order,35.0,ACTUAL,VNSTOCK_BRONZE
AVG,LATEST,cash_flow,level,2.0,ACTUAL,VNSTOCK_BRONZE
AVG,LATEST,cash_flow,value,-14000000000.0,ACTUAL,VNSTOCK_BRONZE
AVG,LATEST,cash_flow,order,36.0,ACTUAL,VNSTOCK_BRONZE
AVG,LATEST,cash_flow,level,2.0,ACTUAL,VNSTOCK_BRONZE
AVG,LATEST,cash_flow,value,0.0,ACTUAL,VNSTOCK_BRONZE
AVG,LATEST,cash_flow,order,37.0,ACTUAL,VNSTOCK_BRONZE
AVG,LATEST,cash_flow,level,2.0,ACTUAL,VNSTOCK_BRONZE
AVG,LATEST,cash_flow,value,0.0,ACTUAL,VNSTOCK_BRONZE
AVG,LATEST,cash_flow,order,38.0,ACTUAL,VNSTOCK_BRONZE
AVG,LATEST,cash_flow,level,2.0,ACTUAL,VNSTOCK_BRONZE
AVG,LATEST,cash_flow,value,0.0,ACTUAL,VNSTOCK_BRONZE
AVG,LATEST,cash_flow,order,39.0,ACTUAL,VNSTOCK_BRONZE
AVG,LATEST,cash_flow,level,2.0,ACTUAL,VNSTOCK_BRONZE
AVG,LATEST,cash_flow,value,921473779.0,ACTUAL,VNSTOCK_BRONZE
AVG,LATEST,cash_flow,order,40.0,ACTUAL,VNSTOCK_BRONZE
AVG,LATEST,cash_flow,level,1.0,ACTUAL,VNSTOCK_BRONZE
AVG,LATEST,cash_flow,order,41.0,ACTUAL,VNSTOCK_BRONZE
AVG,LATEST,cash_flow,level,2.0,ACTUAL,VNSTOCK_BRONZE
AVG,LATEST,cash_flow,value,0.0,ACTUAL,VNSTOCK_BRONZE
AVG,LATEST,cash_flow,order,42.0,ACTUAL,VNSTOCK_BRONZE
AVG,LATEST,cash_flow,level,2.0,ACTUAL,VNSTOCK_BRONZE
AVG,LATEST,cash_flow,value,0.0,ACTUAL,VNSTOCK_BRONZE
AVG,LATEST,cash_flow,order,43.0,ACTUAL,VNSTOCK_BRONZE
AVG,LATEST,cash_flow,level,2.0,ACTUAL,VNSTOCK_BRONZE
AVG,LATEST,cash_flow,value,64189365185.0,ACTUAL,VNSTOCK_BRONZE
AVG,LATEST,cash_flow,order,44.0,ACTUAL,VNSTOCK_BRONZE
AVG,LATEST,cash_flow,level,2.0,ACTUAL,VNSTOCK_BRONZE
AVG,LATEST,cash_flow,value,-44609322200.0,ACTUAL,VNSTOCK_BRONZE
AVG,LATEST,cash_flow,order,45.0,ACTUAL,VNSTOCK_BRONZE
AVG,LATEST,cash_flow,level,2.0,ACTUAL,VNSTOCK_BRONZE
AVG,LATEST,cash_flow,value,-298254978.0,ACTUAL,VNSTOCK_BRONZE
AVG,LATEST,cash_flow,order,46.0,ACTUAL,VNSTOCK_BRONZE
AVG,LATEST,cash_flow,level,2.0,ACTUAL,VNSTOCK_BRONZE
AVG,LATEST,cash_flow,value,0.0,ACTUAL,VNSTOCK_BRONZE
AVG,LATEST,cash_flow,order,47.0,ACTUAL,VNSTOCK_BRONZE
AVG,LATEST,cash_flow,level,2.0,ACTUAL,VNSTOCK_BRONZE
AVG,LATEST,cash_flow,value,39203005972.0,ACTUAL,VNSTOCK_BRONZE
AVG,LATEST,cash_flow,order,48.0,ACTUAL,VNSTOCK_BRONZE
AVG,LATEST,cash_flow,level,1.0,ACTUAL,VNSTOCK_BRONZE
AVG,LATEST,cash_flow,order,49.0,ACTUAL,VNSTOCK_BRONZE
AVG,LATEST,cash_flow,level,1.0,ACTUAL,VNSTOCK_BRONZE
AVG,LATEST,cash_flow,order,50.0,ACTUAL,VNSTOCK_BRONZE
AVG,LATEST,cash_flow,level,1.0,ACTUAL,VNSTOCK_BRONZE
AVG,LATEST,cash_flow,order,51.0,ACTUAL,VNSTOCK_BRONZE
AVG,LATEST,cash_flow,level,1.0,ACTUAL,VNSTOCK_BRONZE
AVG,LATEST,cash_flow,value,19921217965.0,ACTUAL,VNSTOCK_BRONZE
AVG,LATEST,cash_flow,order,1.0,ACTUAL,VNSTOCK_BRONZE
AVG,LATEST,cash_flow,level,1.0,ACTUAL,VNSTOCK_BRONZE
AVG,LATEST,cash_flow,value,-9284814055.0,ACTUAL,VNSTOCK_BRONZE
AVG,LATEST,cash_flow,order,2.0,ACTUAL,VNSTOCK_BRONZE
AVG,LATEST,cash_flow,level,2.0,ACTUAL,VNSTOCK_BRONZE
AVG,LATEST,cash_flow,value,2534265935.0,ACTUAL,VNSTOCK_BRONZE
AVG,LATEST,cash_flow,order,3.0,ACTUAL,VNSTOCK_BRONZE
AVG,LATEST,cash_flow,level,2.0,ACTUAL,VNSTOCK_BRONZE
AVG,LATEST,cash_flow,value,2174296798.0,ACTUAL,VNSTOCK_BRONZE
AVG,LATEST,cash_flow,order,4.0,ACTUAL,VNSTOCK_BRONZE
AVG,LATEST,cash_flow,level,2.0,ACTUAL,VNSTOCK_BRONZE
AVG,LATEST,cash_flow,value,0.0,ACTUAL,VNSTOCK_BRONZE
AVG,LATEST,cash_flow,order,5.0,ACTUAL,VNSTOCK_BRONZE
AVG,LATEST,cash_flow,level,2.0,ACTUAL,VNSTOCK_BRONZE
AVG,LATEST,cash_flow,value,0.0,ACTUAL,VNSTOCK_BRONZE
AVG,LATEST,cash_flow,order,6.0,ACTUAL,VNSTOCK_BRONZE
AVG,LATEST,cash_flow,level,2.0,ACTUAL,VNSTOCK_BRONZE
AVG,LATEST,cash_flow,value,0.0,ACTUAL,VNSTOCK_BRONZE
AVG,LATEST,cash_flow,order,7.0,ACTUAL,VNSTOCK_BRONZE
AVG,LATEST,cash_flow,level,2.0,ACTUAL,VNSTOCK_BRONZE
AVG,LATEST,cash_flow,value,-3373840.0,ACTUAL,VNSTOCK_BRONZE
AVG,LATEST,cash_flow,order,8.0,ACTUAL,VNSTOCK_BRONZE
AVG,LATEST,cash_flow,level,2.0,ACTUAL,VNSTOCK_BRONZE
AVG,LATEST,cash_flow,value,2642050619.0,ACTUAL,VNSTOCK_BRONZE
AVG,LATEST,cash_flow,order,9.0,ACTUAL,VNSTOCK_BRONZE
AVG,LATEST,cash_flow,level,2.0,ACTUAL,VNSTOCK_BRONZE
AVG,LATEST,cash_flow,value,0.0,ACTUAL,VNSTOCK_BRONZE
AVG,LATEST,cash_flow,order,10.0,ACTUAL,VNSTOCK_BRONZE
AVG,LATEST,cash_flow,level,2.0,ACTUAL,VNSTOCK_BRONZE
AVG,LATEST,cash_flow,value,0.0,ACTUAL,VNSTOCK_BRONZE
AVG,LATEST,cash_flow,order,11.0,ACTUAL,VNSTOCK_BRONZE
AVG,LATEST,cash_flow,level,2.0,ACTUAL,VNSTOCK_BRONZE
AVG,LATEST,cash_flow,value,0.0,ACTUAL,VNSTOCK_BRONZE
AVG,LATEST,cash_flow,order,12.0,ACTUAL,VNSTOCK_BRONZE
AVG,LATEST,cash_flow,level,2.0,ACTUAL,VNSTOCK_BRONZE
AVG,LATEST,cash_flow,value,0.0,ACTUAL,VNSTOCK_BRONZE
AVG,LATEST,cash_flow,order,13.0,ACTUAL,VNSTOCK_BRONZE
AVG,LATEST,cash_flow,level,2.0,ACTUAL,VNSTOCK_BRONZE
AVG,LATEST,cash_flow,value,7347239512.0,ACTUAL,VNSTOCK_BRONZE
AVG,LATEST,cash_flow,order,14.0,ACTUAL,VNSTOCK_BRONZE
AVG,LATEST,cash_flow,level,2.0,ACTUAL,VNSTOCK_BRONZE
AVG,LATEST,cash_flow,order,15.0,ACTUAL,VNSTOCK_BRONZE
AVG,LATEST,cash_flow,level,2.0,ACTUAL,VNSTOCK_BRONZE
AVG,LATEST,cash_flow,order,16.0,ACTUAL,VNSTOCK_BRONZE
AVG,LATEST,cash_flow,level,2.0,ACTUAL,VNSTOCK_BRONZE
AVG,LATEST,cash_flow,order,17.0,ACTUAL,VNSTOCK_BRONZE
AVG,LATEST,cash_flow,level,2.0,ACTUAL,VNSTOCK_BRONZE
AVG,LATEST,cash_flow,order,18.0,ACTUAL,VNSTOCK_BRONZE
AVG,LATEST,cash_flow,level,2.0,ACTUAL,VNSTOCK_BRONZE
AVG,LATEST,cash_flow,order,19.0,ACTUAL,VNSTOCK_BRONZE
AVG,LATEST,cash_flow,level,2.0,ACTUAL,VNSTOCK_BRONZE
AVG,LATEST,cash_flow,order,20.0,ACTUAL,VNSTOCK_BRONZE
AVG,LATEST,cash_flow,level,2.0,ACTUAL,VNSTOCK_BRONZE
AVG,LATEST,cash_flow,order,21.0,ACTUAL,VNSTOCK_BRONZE
AVG,LATEST,cash_flow,level,2.0,ACTUAL,VNSTOCK_BRONZE
AVG,LATEST,cash_flow,order,22.0,ACTUAL,VNSTOCK_BRONZE
AVG,LATEST,cash_flow,level,2.0,ACTUAL,VNSTOCK_BRONZE
AVG,LATEST,cash_flow,order,23.0,ACTUAL,VNSTOCK_BRONZE
AVG,LATEST,cash_flow,level,2.0,ACTUAL,VNSTOCK_BRONZE
AVG,LATEST,cash_flow,order,24.0,ACTUAL,VNSTOCK_BRONZE
AVG,LATEST,cash_flow,level,2.0,ACTUAL,VNSTOCK_BRONZE
AVG,LATEST,cash_flow,value,-39533199971.0,ACTUAL,VNSTOCK_BRONZE
AVG,LATEST,cash_flow,order,25.0,ACTUAL,VNSTOCK_BRONZE
AVG,LATEST,cash_flow,level,2.0,ACTUAL,VNSTOCK_BRONZE
AVG,LATEST,cash_flow,value,13878470313.0,ACTUAL,VNSTOCK_BRONZE
AVG,LATEST,cash_flow,order,26.0,ACTUAL,VNSTOCK_BRONZE
AVG,LATEST,cash_flow,level,2.0,ACTUAL,VNSTOCK_BRONZE
AVG,LATEST,cash_flow,value,11965392166.0,ACTUAL,VNSTOCK_BRONZE
AVG,LATEST,cash_flow,order,27.0,ACTUAL,VNSTOCK_BRONZE
AVG,LATEST,cash_flow,level,2.0,ACTUAL,VNSTOCK_BRONZE
AVG,LATEST,cash_flow,value,-92287216.0,ACTUAL,VNSTOCK_BRONZE
AVG,LATEST,cash_flow,order,28.0,ACTUAL,VNSTOCK_BRONZE
AVG,LATEST,cash_flow,level,2.0,ACTUAL,VNSTOCK_BRONZE
AVG,LATEST,cash_flow,value,-2378645726.0,ACTUAL,VNSTOCK_BRONZE
AVG,LATEST,cash_flow,order,29.0,ACTUAL,VNSTOCK_BRONZE
AVG,LATEST,cash_flow,level,2.0,ACTUAL,VNSTOCK_BRONZE
AVG,LATEST,cash_flow,order,30.0,ACTUAL,VNSTOCK_BRONZE
AVG,LATEST,cash_flow,level,2.0,ACTUAL,VNSTOCK_BRONZE
AVG,LATEST,cash_flow,value,0.0,ACTUAL,VNSTOCK_BRONZE
AVG,LATEST,cash_flow,order,31.0,ACTUAL,VNSTOCK_BRONZE
AVG,LATEST,cash_flow,level,2.0,ACTUAL,VNSTOCK_BRONZE
AVG,LATEST,cash_flow,value,0.0,ACTUAL,VNSTOCK_BRONZE
AVG,LATEST,cash_flow,order,32.0,ACTUAL,VNSTOCK_BRONZE
AVG,LATEST,cash_flow,level,1.0,ACTUAL,VNSTOCK_BRONZE
AVG,LATEST,cash_flow,value,-911256297.0,ACTUAL,VNSTOCK_BRONZE
AVG,LATEST,cash_flow,order,33.0,ACTUAL,VNSTOCK_BRONZE
AVG,LATEST,cash_flow,level,2.0,ACTUAL,VNSTOCK_BRONZE
AVG,LATEST,cash_flow,value,0.0,ACTUAL,VNSTOCK_BRONZE
AVG,LATEST,cash_flow,order,34.0,ACTUAL,VNSTOCK_BRONZE
AVG,LATEST,cash_flow,level,2.0,ACTUAL,VNSTOCK_BRONZE
AVG,LATEST,cash_flow,value,0.0,ACTUAL,VNSTOCK_BRONZE
AVG,LATEST,cash_flow,order,35.0,ACTUAL,VNSTOCK_BRONZE
AVG,LATEST,cash_flow,level,2.0,ACTUAL,VNSTOCK_BRONZE
AVG,LATEST,cash_flow,value,0.0,ACTUAL,VNSTOCK_BRONZE
AVG,LATEST,cash_flow,order,36.0,ACTUAL,VNSTOCK_BRONZE
AVG,LATEST,cash_flow,level,2.0,ACTUAL,VNSTOCK_BRONZE
AVG,LATEST,cash_flow,value,0.0,ACTUAL,VNSTOCK_BRONZE
AVG,LATEST,cash_flow,order,37.0,ACTUAL,VNSTOCK_BRONZE
AVG,LATEST,cash_flow,level,2.0,ACTUAL,VNSTOCK_BRONZE
AVG,LATEST,cash_flow,value,0.0,ACTUAL,VNSTOCK_BRONZE
AVG,LATEST,cash_flow,order,38.0,ACTUAL,VNSTOCK_BRONZE
AVG,LATEST,cash_flow,level,2.0,ACTUAL,VNSTOCK_BRONZE
AVG,LATEST,cash_flow,value,0.0,ACTUAL,VNSTOCK_BRONZE
AVG,LATEST,cash_flow,order,39.0,ACTUAL,VNSTOCK_BRONZE
AVG,LATEST,cash_flow,level,2.0,ACTUAL,VNSTOCK_BRONZE
AVG,LATEST,cash_flow,value,-911256297.0,ACTUAL,VNSTOCK_BRONZE
AVG,LATEST,cash_flow,order,40.0,ACTUAL,VNSTOCK_BRONZE
AVG,LATEST,cash_flow,level,1.0,ACTUAL,VNSTOCK_BRONZE
AVG,LATEST,cash_flow,order,41.0,ACTUAL,VNSTOCK_BRONZE
AVG,LATEST,cash_flow,level,2.0,ACTUAL,VNSTOCK_BRONZE
AVG,LATEST,cash_flow,value,0.0,ACTUAL,VNSTOCK_BRONZE
AVG,LATEST,cash_flow,order,42.0,ACTUAL,VNSTOCK_BRONZE
AVG,LATEST,cash_flow,level,2.0,ACTUAL,VNSTOCK_BRONZE
AVG,LATEST,cash_flow,value,0.0,ACTUAL,VNSTOCK_BRONZE
AVG,LATEST,cash_flow,order,43.0,ACTUAL,VNSTOCK_BRONZE
AVG,LATEST,cash_flow,level,2.0,ACTUAL,VNSTOCK_BRONZE
AVG,LATEST,cash_flow,value,79318972723.0,ACTUAL,VNSTOCK_BRONZE
AVG,LATEST,cash_flow,order,44.0,ACTUAL,VNSTOCK_BRONZE
AVG,LATEST,cash_flow,level,2.0,ACTUAL,VNSTOCK_BRONZE
AVG,LATEST,cash_flow,value,-70202197279.0,ACTUAL,VNSTOCK_BRONZE
AVG,LATEST,cash_flow,order,45.0,ACTUAL,VNSTOCK_BRONZE
AVG,LATEST,cash_flow,level,2.0,ACTUAL,VNSTOCK_BRONZE
AVG,LATEST,cash_flow,value,-298254978.0,ACTUAL,VNSTOCK_BRONZE
AVG,LATEST,cash_flow,order,46.0,ACTUAL,VNSTOCK_BRONZE
AVG,LATEST,cash_flow,level,2.0,ACTUAL,VNSTOCK_BRONZE
AVG,LATEST,cash_flow,value,0.0,ACTUAL,VNSTOCK_BRONZE
AVG,LATEST,cash_flow,order,47.0,ACTUAL,VNSTOCK_BRONZE
AVG,LATEST,cash_flow,level,2.0,ACTUAL,VNSTOCK_BRONZE
AVG,LATEST,cash_flow,value,17490614464.0,ACTUAL,VNSTOCK_BRONZE
AVG,LATEST,cash_flow,order,48.0,ACTUAL,VNSTOCK_BRONZE
AVG,LATEST,cash_flow,level,1.0,ACTUAL,VNSTOCK_BRONZE
AVG,LATEST,cash_flow,order,49.0,ACTUAL,VNSTOCK_BRONZE
AVG,LATEST,cash_flow,level,1.0,ACTUAL,VNSTOCK_BRONZE
AVG,LATEST,cash_flow,order,50.0,ACTUAL,VNSTOCK_BRONZE
AVG,LATEST,cash_flow,level,1.0,ACTUAL,VNSTOCK_BRONZE
AVG,LATEST,cash_flow,order,51.0,ACTUAL,VNSTOCK_BRONZE
AVG,LATEST,cash_flow,level,1.0,ACTUAL,VNSTOCK_BRONZE
AVG,LATEST,cash_flow,value,8672093998.0,ACTUAL,VNSTOCK_BRONZE
AVG,LATEST,cash_flow,order,1.0,ACTUAL,VNSTOCK_BRONZE
AVG,LATEST,cash_flow,level,1.0,ACTUAL,VNSTOCK_BRONZE
AVG,LATEST,cash_flow,value,-3644071679.0,ACTUAL,VNSTOCK_BRONZE
AVG,LATEST,cash_flow,order,2.0,ACTUAL,VNSTOCK_BRONZE
AVG,LATEST,cash_flow,level,2.0,ACTUAL,VNSTOCK_BRONZE
AVG,LATEST,cash_flow,value,2178958744.0,ACTUAL,VNSTOCK_BRONZE
AVG,LATEST,cash_flow,order,3.0,ACTUAL,VNSTOCK_BRONZE
AVG,LATEST,cash_flow,level,2.0,ACTUAL,VNSTOCK_BRONZE
AVG,LATEST,cash_flow,value,2119731000.0,ACTUAL,VNSTOCK_BRONZE
AVG,LATEST,cash_flow,order,4.0,ACTUAL,VNSTOCK_BRONZE
AVG,LATEST,cash_flow,level,2.0,ACTUAL,VNSTOCK_BRONZE
AVG,LATEST,cash_flow,value,0.0,ACTUAL,VNSTOCK_BRONZE
AVG,LATEST,cash_flow,order,5.0,ACTUAL,VNSTOCK_BRONZE
AVG,LATEST,cash_flow,level,2.0,ACTUAL,VNSTOCK_BRONZE
AVG,LATEST,cash_flow,value,0.0,ACTUAL,VNSTOCK_BRONZE
AVG,LATEST,cash_flow,order,6.0,ACTUAL,VNSTOCK_BRONZE
AVG,LATEST,cash_flow,level,2.0,ACTUAL,VNSTOCK_BRONZE
AVG,LATEST,cash_flow,value,0.0,ACTUAL,VNSTOCK_BRONZE
AVG,LATEST,cash_flow,order,7.0,ACTUAL,VNSTOCK_BRONZE
AVG,LATEST,cash_flow,level,2.0,ACTUAL,VNSTOCK_BRONZE
AVG,LATEST,cash_flow,value,-158521717.0,ACTUAL,VNSTOCK_BRONZE
AVG,LATEST,cash_flow,order,8.0,ACTUAL,VNSTOCK_BRONZE
AVG,LATEST,cash_flow,level,2.0,ACTUAL,VNSTOCK_BRONZE
AVG,LATEST,cash_flow,value,2168757483.0,ACTUAL,VNSTOCK_BRONZE
AVG,LATEST,cash_flow,order,9.0,ACTUAL,VNSTOCK_BRONZE
AVG,LATEST,cash_flow,level,2.0,ACTUAL,VNSTOCK_BRONZE
AVG,LATEST,cash_flow,value,0.0,ACTUAL,VNSTOCK_BRONZE
AVG,LATEST,cash_flow,order,10.0,ACTUAL,VNSTOCK_BRONZE
AVG,LATEST,cash_flow,level,2.0,ACTUAL,VNSTOCK_BRONZE
AVG,LATEST,cash_flow,value,0.0,ACTUAL,VNSTOCK_BRONZE
AVG,LATEST,cash_flow,order,11.0,ACTUAL,VNSTOCK_BRONZE
AVG,LATEST,cash_flow,level,2.0,ACTUAL,VNSTOCK_BRONZE
AVG,LATEST,cash_flow,value,0.0,ACTUAL,VNSTOCK_BRONZE
AVG,LATEST,cash_flow,order,12.0,ACTUAL,VNSTOCK_BRONZE
AVG,LATEST,cash_flow,level,2.0,ACTUAL,VNSTOCK_BRONZE
AVG,LATEST,cash_flow,value,0.0,ACTUAL,VNSTOCK_BRONZE
AVG,LATEST,cash_flow,order,13.0,ACTUAL,VNSTOCK_BRONZE
AVG,LATEST,cash_flow,level,2.0,ACTUAL,VNSTOCK_BRONZE
AVG,LATEST,cash_flow,value,6308925510.0,ACTUAL,VNSTOCK_BRONZE
AVG,LATEST,cash_flow,order,14.0,ACTUAL,VNSTOCK_BRONZE
AVG,LATEST,cash_flow,level,2.0,ACTUAL,VNSTOCK_BRONZE
AVG,LATEST,cash_flow,order,15.0,ACTUAL,VNSTOCK_BRONZE
AVG,LATEST,cash_flow,level,2.0,ACTUAL,VNSTOCK_BRONZE
AVG,LATEST,cash_flow,order,16.0,ACTUAL,VNSTOCK_BRONZE
AVG,LATEST,cash_flow,level,2.0,ACTUAL,VNSTOCK_BRONZE
AVG,LATEST,cash_flow,order,17.0,ACTUAL,VNSTOCK_BRONZE
AVG,LATEST,cash_flow,level,2.0,ACTUAL,VNSTOCK_BRONZE
AVG,LATEST,cash_flow,order,18.0,ACTUAL,VNSTOCK_BRONZE
AVG,LATEST,cash_flow,level,2.0,ACTUAL,VNSTOCK_BRONZE
AVG,LATEST,cash_flow,order,19.0,ACTUAL,VNSTOCK_BRONZE
AVG,LATEST,cash_flow,level,2.0,ACTUAL,VNSTOCK_BRONZE
AVG,LATEST,cash_flow,order,20.0,ACTUAL,VNSTOCK_BRONZE
AVG,LATEST,cash_flow,level,2.0,ACTUAL,VNSTOCK_BRONZE
AVG,LATEST,cash_flow,order,21.0,ACTUAL,VNSTOCK_BRONZE
AVG,LATEST,cash_flow,level,2.0,ACTUAL,VNSTOCK_BRONZE
AVG,LATEST,cash_flow,order,22.0,ACTUAL,VNSTOCK_BRONZE
AVG,LATEST,cash_flow,level,2.0,ACTUAL,VNSTOCK_BRONZE
AVG,LATEST,cash_flow,order,23.0,ACTUAL,VNSTOCK_BRONZE
AVG,LATEST,cash_flow,level,2.0,ACTUAL,VNSTOCK_BRONZE
AVG,LATEST,cash_flow,order,24.0,ACTUAL,VNSTOCK_BRONZE
AVG,LATEST,cash_flow,level,2.0,ACTUAL,VNSTOCK_BRONZE
AVG,LATEST,cash_flow,value,9129968791.0,ACTUAL,VNSTOCK_BRONZE
AVG,LATEST,cash_flow,order,25.0,ACTUAL,VNSTOCK_BRONZE
AVG,LATEST,cash_flow,level,2.0,ACTUAL,VNSTOCK_BRONZE
AVG,LATEST,cash_flow,value,-23721135333.0,ACTUAL,VNSTOCK_BRONZE
AVG,LATEST,cash_flow,order,26.0,ACTUAL,VNSTOCK_BRONZE
AVG,LATEST,cash_flow,level,2.0,ACTUAL,VNSTOCK_BRONZE
AVG,LATEST,cash_flow,value,7145703332.0,ACTUAL,VNSTOCK_BRONZE
AVG,LATEST,cash_flow,order,27.0,ACTUAL,VNSTOCK_BRONZE
AVG,LATEST,cash_flow,level,2.0,ACTUAL,VNSTOCK_BRONZE
AVG,LATEST,cash_flow,value,170875250.0,ACTUAL,VNSTOCK_BRONZE
AVG,LATEST,cash_flow,order,28.0,ACTUAL,VNSTOCK_BRONZE
AVG,LATEST,cash_flow,level,2.0,ACTUAL,VNSTOCK_BRONZE
AVG,LATEST,cash_flow,value,-2678409229.0,ACTUAL,VNSTOCK_BRONZE
AVG,LATEST,cash_flow,order,29.0,ACTUAL,VNSTOCK_BRONZE
AVG,LATEST,cash_flow,level,2.0,ACTUAL,VNSTOCK_BRONZE
AVG,LATEST,cash_flow,order,30.0,ACTUAL,VNSTOCK_BRONZE
AVG,LATEST,cash_flow,level,2.0,ACTUAL,VNSTOCK_BRONZE
AVG,LATEST,cash_flow,value,0.0,ACTUAL,VNSTOCK_BRONZE
AVG,LATEST,cash_flow,order,31.0,ACTUAL,VNSTOCK_BRONZE
AVG,LATEST,cash_flow,level,2.0,ACTUAL,VNSTOCK_BRONZE
AVG,LATEST,cash_flow,value,0.0,ACTUAL,VNSTOCK_BRONZE
AVG,LATEST,cash_flow,order,32.0,ACTUAL,VNSTOCK_BRONZE
AVG,LATEST,cash_flow,level,1.0,ACTUAL,VNSTOCK_BRONZE
AVG,LATEST,cash_flow,value,11073151854.0,ACTUAL,VNSTOCK_BRONZE
AVG,LATEST,cash_flow,order,33.0,ACTUAL,VNSTOCK_BRONZE
AVG,LATEST,cash_flow,level,2.0,ACTUAL,VNSTOCK_BRONZE
AVG,LATEST,cash_flow,value,0.0,ACTUAL,VNSTOCK_BRONZE
AVG,LATEST,cash_flow,order,34.0,ACTUAL,VNSTOCK_BRONZE
AVG,LATEST,cash_flow,level,2.0,ACTUAL,VNSTOCK_BRONZE
AVG,LATEST,cash_flow,value,0.0,ACTUAL,VNSTOCK_BRONZE
AVG,LATEST,cash_flow,order,35.0,ACTUAL,VNSTOCK_BRONZE
AVG,LATEST,cash_flow,level,2.0,ACTUAL,VNSTOCK_BRONZE
AVG,LATEST,cash_flow,value,0.0,ACTUAL,VNSTOCK_BRONZE
AVG,LATEST,cash_flow,order,36.0,ACTUAL,VNSTOCK_BRONZE
AVG,LATEST,cash_flow,level,2.0,ACTUAL,VNSTOCK_BRONZE
AVG,LATEST,cash_flow,value,10000000000.0,ACTUAL,VNSTOCK_BRONZE
AVG,LATEST,cash_flow,order,37.0,ACTUAL,VNSTOCK_BRONZE
AVG,LATEST,cash_flow,level,2.0,ACTUAL,VNSTOCK_BRONZE
AVG,LATEST,cash_flow,value,0.0,ACTUAL,VNSTOCK_BRONZE
AVG,LATEST,cash_flow,order,38.0,ACTUAL,VNSTOCK_BRONZE
AVG,LATEST,cash_flow,level,2.0,ACTUAL,VNSTOCK_BRONZE
AVG,LATEST,cash_flow,value,0.0,ACTUAL,VNSTOCK_BRONZE
AVG,LATEST,cash_flow,order,39.0,ACTUAL,VNSTOCK_BRONZE
AVG,LATEST,cash_flow,level,2.0,ACTUAL,VNSTOCK_BRONZE
AVG,LATEST,cash_flow,value,1073151854.0,ACTUAL,VNSTOCK_BRONZE
AVG,LATEST,cash_flow,order,40.0,ACTUAL,VNSTOCK_BRONZE
AVG,LATEST,cash_flow,level,1.0,ACTUAL,VNSTOCK_BRONZE
AVG,LATEST,cash_flow,order,41.0,ACTUAL,VNSTOCK_BRONZE
AVG,LATEST,cash_flow,level,2.0,ACTUAL,VNSTOCK_BRONZE
AVG,LATEST,cash_flow,value,0.0,ACTUAL,VNSTOCK_BRONZE
AVG,LATEST,cash_flow,order,42.0,ACTUAL,VNSTOCK_BRONZE
AVG,LATEST,cash_flow,level,2.0,ACTUAL,VNSTOCK_BRONZE
AVG,LATEST,cash_flow,value,0.0,ACTUAL,VNSTOCK_BRONZE
AVG,LATEST,cash_flow,order,43.0,ACTUAL,VNSTOCK_BRONZE
AVG,LATEST,cash_flow,level,2.0,ACTUAL,VNSTOCK_BRONZE
AVG,LATEST,cash_flow,value,71366005134.0,ACTUAL,VNSTOCK_BRONZE
AVG,LATEST,cash_flow,order,44.0,ACTUAL,VNSTOCK_BRONZE
AVG,LATEST,cash_flow,level,2.0,ACTUAL,VNSTOCK_BRONZE
AVG,LATEST,cash_flow,value,-78785167363.0,ACTUAL,VNSTOCK_BRONZE
AVG,LATEST,cash_flow,order,45.0,ACTUAL,VNSTOCK_BRONZE
AVG,LATEST,cash_flow,level,2.0,ACTUAL,VNSTOCK_BRONZE
AVG,LATEST,cash_flow,value,-298254978.0,ACTUAL,VNSTOCK_BRONZE
AVG,LATEST,cash_flow,order,46.0,ACTUAL,VNSTOCK_BRONZE
AVG,LATEST,cash_flow,level,2.0,ACTUAL,VNSTOCK_BRONZE
AVG,LATEST,cash_flow,value,0.0,ACTUAL,VNSTOCK_BRONZE
AVG,LATEST,cash_flow,order,47.0,ACTUAL,VNSTOCK_BRONZE
AVG,LATEST,cash_flow,level,2.0,ACTUAL,VNSTOCK_BRONZE
AVG,LATEST,cash_flow,value,2332226677.0,ACTUAL,VNSTOCK_BRONZE
AVG,LATEST,cash_flow,order,48.0,ACTUAL,VNSTOCK_BRONZE
AVG,LATEST,cash_flow,level,1.0,ACTUAL,VNSTOCK_BRONZE
AVG,LATEST,cash_flow,order,49.0,ACTUAL,VNSTOCK_BRONZE
AVG,LATEST,cash_flow,level,1.0,ACTUAL,VNSTOCK_BRONZE
AVG,LATEST,cash_flow,order,50.0,ACTUAL,VNSTOCK_BRONZE
AVG,LATEST,cash_flow,level,1.0,ACTUAL,VNSTOCK_BRONZE
AVG,LATEST,cash_flow,order,51.0,ACTUAL,VNSTOCK_BRONZE
AVG,LATEST,cash_flow,level,1.0,ACTUAL,VNSTOCK_BRONZE
AVG,LATEST,cash_flow,value,10049643884.0,ACTUAL,VNSTOCK_BRONZE
