Ticker,Period,Dataset,Field,Value,DataType,SourceMode
HIO,LATEST,ratio,order,1.0,ACTUAL,VNSTOCK_BRONZE
HIO,LATEST,ratio,level,1.0,ACTUAL,VNSTOCK_BRONZE
HIO,LATEST,ratio,order,2.0,ACTUAL,VNSTOCK_BRONZE
HIO,LATEST,ratio,level,2.0,ACTUAL,VNSTOCK_BRONZE
HIO,LATEST,ratio,value,2.0511145968,ACTUAL,VNSTOCK_BRONZE
HIO,LATEST,ratio,order,3.0,ACTUAL,VNSTOCK_BRONZE
HIO,LATEST,ratio,level,2.0,ACTUAL,VNSTOCK_BRONZE
HIO,LATEST,ratio,value,0.5573812133,ACTUAL,VNSTOCK_BRONZE
HIO,LATEST,ratio,order,4.0,ACTUAL,VNSTOCK_BRONZE
HIO,LATEST,ratio,level,2.0,ACTUAL,VNSTOCK_BRONZE
HIO,LATEST,ratio,value,1.9432025845,ACTUAL,VNSTOCK_BRONZE
HIO,LATEST,ratio,order,5.0,ACTUAL,VNSTOCK_BRONZE
HIO,LATEST,ratio,level,2.0,ACTUAL,VNSTOCK_BRONZE
HIO,LATEST,ratio,value,1.7889760157,ACTUAL,VNSTOCK_BRONZE
HIO,LATEST,ratio,order,6.0,ACTUAL,VNSTOCK_BRONZE
HIO,LATEST,ratio,level,2.0,ACTUAL,VNSTOCK_BRONZE
HIO,LATEST,ratio,value,18.9433603317,ACTUAL,VNSTOCK_BRONZE
HIO,LATEST,ratio,order,7.0,ACTUAL,VNSTOCK_BRONZE
HIO,LATEST,ratio,level,2.0,ACTUAL,VNSTOCK_BRONZE
HIO,LATEST,ratio,value,0.0,ACTUAL,VNSTOCK_BRONZE
HIO,LATEST,ratio,order,8.0,ACTUAL,VNSTOCK_BRONZE
HIO,LATEST,ratio,level,2.0,ACTUAL,VNSTOCK_BRONZE
HIO,LATEST,ratio,value,319200000000.0,ACTUAL,VNSTOCK_BRONZE
HIO,LATEST,ratio,order,9.0,ACTUAL,VNSTOCK_BRONZE
HIO,LATEST,ratio,level,2.0,ACTUAL,VNSTOCK_BRONZE
HIO,LATEST,ratio,order,10.0,ACTUAL,VNSTOCK_BRONZE
HIO,LATEST,ratio,level,2.0,ACTUAL,VNSTOCK_BRONZE
HIO,LATEST,ratio,order,11.0,ACTUAL,VNSTOCK_BRONZE
HIO,LATEST,ratio,level,2.0,ACTUAL,VNSTOCK_BRONZE
HIO,LATEST,ratio,order,12.0,ACTUAL,VNSTOCK_BRONZE
HIO,LATEST,ratio,level,2.0,ACTUAL,VNSTOCK_BRONZE
HIO,LATEST,ratio,value,66634332460.0,ACTUAL,VNSTOCK_BRONZE
HIO,LATEST,ratio,order,13.0,ACTUAL,VNSTOCK_BRONZE
HIO,LATEST,ratio,level,2.0,ACTUAL,VNSTOCK_BRONZE
HIO,LATEST,ratio,value,50207250532.0,ACTUAL,VNSTOCK_BRONZE
HIO,LATEST,ratio,order,14.0,ACTUAL,VNSTOCK_BRONZE
HIO,LATEST,ratio,level,2.0,ACTUAL,VNSTOCK_BRONZE
HIO,LATEST,ratio,value,0.4039193225,ACTUAL,VNSTOCK_BRONZE
HIO,LATEST,ratio,order,15.0,ACTUAL,VNSTOCK_BRONZE
HIO,LATEST,ratio,level,2.0,ACTUAL,VNSTOCK_BRONZE
HIO,LATEST,ratio,value,42000000.0,ACTUAL,VNSTOCK_BRONZE
HIO,LATEST,ratio,order,16.0,ACTUAL,VNSTOCK_BRONZE
HIO,LATEST,ratio,level,1.0,ACTUAL,VNSTOCK_BRONZE
HIO,LATEST,ratio,order,17.0,ACTUAL,VNSTOCK_BRONZE
HIO,LATEST,ratio,level,2.0,ACTUAL,VNSTOCK_BRONZE
HIO,LATEST,ratio,value,0.2452302707,ACTUAL,VNSTOCK_BRONZE
HIO,LATEST,ratio,order,18.0,ACTUAL,VNSTOCK_BRONZE
HIO,LATEST,ratio,level,2.0,ACTUAL,VNSTOCK_BRONZE
HIO,LATEST,ratio,value,0.1181645526,ACTUAL,VNSTOCK_BRONZE
HIO,LATEST,ratio,order,19.0,ACTUAL,VNSTOCK_BRONZE
HIO,LATEST,ratio,level,2.0,ACTUAL,VNSTOCK_BRONZE
HIO,LATEST,ratio,value,0.0538675321,ACTUAL,VNSTOCK_BRONZE
HIO,LATEST,ratio,order,20.0,ACTUAL,VNSTOCK_BRONZE
HIO,LATEST,ratio,level,2.0,ACTUAL,VNSTOCK_BRONZE
HIO,LATEST,ratio,value,0.4710363985,ACTUAL,VNSTOCK_BRONZE
HIO,LATEST,ratio,order,21.0,ACTUAL,VNSTOCK_BRONZE
HIO,LATEST,ratio,level,2.0,ACTUAL,VNSTOCK_BRONZE
HIO,LATEST,ratio,value,0.4056516512,ACTUAL,VNSTOCK_BRONZE
HIO,LATEST,ratio,order,22.0,ACTUAL,VNSTOCK_BRONZE
HIO,LATEST,ratio,level,2.0,ACTUAL,VNSTOCK_BRONZE
HIO,LATEST,ratio,value,0.7130751562,ACTUAL,VNSTOCK_BRONZE
HIO,LATEST,ratio,order,23.0,ACTUAL,VNSTOCK_BRONZE
HIO,LATEST,ratio,level,2.0,ACTUAL,VNSTOCK_BRONZE
HIO,LATEST,ratio,value,0.680882403,ACTUAL,VNSTOCK_BRONZE
HIO,LATEST,ratio,order,24.0,ACTUAL,VNSTOCK_BRONZE
HIO,LATEST,ratio,level,2.0,ACTUAL,VNSTOCK_BRONZE
HIO,LATEST,ratio,value,0.1908813694,ACTUAL,VNSTOCK_BRONZE
HIO,LATEST,ratio,order,25.0,ACTUAL,VNSTOCK_BRONZE
HIO,LATEST,ratio,level,2.0,ACTUAL,VNSTOCK_BRONZE
HIO,LATEST,ratio,value,0.2918223838,ACTUAL,VNSTOCK_BRONZE
HIO,LATEST,ratio,order,26.0,ACTUAL,VNSTOCK_BRONZE
HIO,LATEST,ratio,level,2.0,ACTUAL,VNSTOCK_BRONZE
HIO,LATEST,ratio,value,192.7470769439,ACTUAL,VNSTOCK_BRONZE
HIO,LATEST,ratio,order,27.0,ACTUAL,VNSTOCK_BRONZE
HIO,LATEST,ratio,level,2.0,ACTUAL,VNSTOCK_BRONZE
HIO,LATEST,ratio,value,1.1005167593,ACTUAL,VNSTOCK_BRONZE
HIO,LATEST,ratio,order,28.0,ACTUAL,VNSTOCK_BRONZE
HIO,LATEST,ratio,level,2.0,ACTUAL,VNSTOCK_BRONZE
HIO,LATEST,ratio,value,11.0899190152,ACTUAL,VNSTOCK_BRONZE
HIO,LATEST,ratio,order,29.0,ACTUAL,VNSTOCK_BRONZE
HIO,LATEST,ratio,level,2.0,ACTUAL,VNSTOCK_BRONZE
HIO,LATEST,ratio,value,260.9253825403,ACTUAL,VNSTOCK_BRONZE
HIO,LATEST,ratio,order,30.0,ACTUAL,VNSTOCK_BRONZE
HIO,LATEST,ratio,level,1.0,ACTUAL,VNSTOCK_BRONZE
HIO,LATEST,ratio,order,31.0,ACTUAL,VNSTOCK_BRONZE
HIO,LATEST,ratio,level,2.0,ACTUAL,VNSTOCK_BRONZE
HIO,LATEST,ratio,value,1.4531625793,ACTUAL,VNSTOCK_BRONZE
HIO,LATEST,ratio,order,32.0,ACTUAL,VNSTOCK_BRONZE
HIO,LATEST,ratio,level,2.0,ACTUAL,VNSTOCK_BRONZE
HIO,LATEST,ratio,value,1.4503457777,ACTUAL,VNSTOCK_BRONZE
HIO,LATEST,ratio,order,33.0,ACTUAL,VNSTOCK_BRONZE
HIO,LATEST,ratio,level,2.0,ACTUAL,VNSTOCK_BRONZE
HIO,LATEST,ratio,value,0.3169245954,ACTUAL,VNSTOCK_BRONZE
HIO,LATEST,ratio,order,34.0,ACTUAL,VNSTOCK_BRONZE
HIO,LATEST,ratio,level,2.0,ACTUAL,VNSTOCK_BRONZE
HIO,LATEST,ratio,order,35.0,ACTUAL,VNSTOCK_BRONZE
HIO,LATEST,ratio,level,2.0,ACTUAL,VNSTOCK_BRONZE
HIO,LATEST,ratio,order,36.0,ACTUAL,VNSTOCK_BRONZE
HIO,LATEST,ratio,level,2.0,ACTUAL,VNSTOCK_BRONZE
HIO,LATEST,ratio,order,37.0,ACTUAL,VNSTOCK_BRONZE
HIO,LATEST,ratio,level,2.0,ACTUAL,VNSTOCK_BRONZE
HIO,LATEST,ratio,order,38.0,ACTUAL,VNSTOCK_BRONZE
HIO,LATEST,ratio,level,1.0,ACTUAL,VNSTOCK_BRONZE
HIO,LATEST,ratio,order,39.0,ACTUAL,VNSTOCK_BRONZE
HIO,LATEST,ratio,level,2.0,ACTUAL,VNSTOCK_BRONZE
HIO,LATEST,ratio,value,0.6205942894,ACTUAL,VNSTOCK_BRONZE
HIO,LATEST,ratio,order,40.0,ACTUAL,VNSTOCK_BRONZE
HIO,LATEST,ratio,level,2.0,ACTUAL,VNSTOCK_BRONZE
HIO,LATEST,ratio,value,0.5937818637,ACTUAL,VNSTOCK_BRONZE
HIO,LATEST,ratio,order,41.0,ACTUAL,VNSTOCK_BRONZE
HIO,LATEST,ratio,level,2.0,ACTUAL,VNSTOCK_BRONZE
HIO,LATEST,ratio,order,42.0,ACTUAL,VNSTOCK_BRONZE
HIO,LATEST,ratio,level,2.0,ACTUAL,VNSTOCK_BRONZE
HIO,LATEST,ratio,value,0.6205942894,ACTUAL,VNSTOCK_BRONZE
HIO,LATEST,ratio,order,43.0,ACTUAL,VNSTOCK_BRONZE
HIO,LATEST,ratio,level,2.0,ACTUAL,VNSTOCK_BRONZE
HIO,LATEST,ratio,value,0.0,ACTUAL,VNSTOCK_BRONZE
HIO,LATEST,ratio,order,44.0,ACTUAL,VNSTOCK_BRONZE
HIO,LATEST,ratio,level,2.0,ACTUAL,VNSTOCK_BRONZE
HIO,LATEST,ratio,value,0.0,ACTUAL,VNSTOCK_BRONZE
HIO,LATEST,ratio,order,45.0,ACTUAL,VNSTOCK_BRONZE
HIO,LATEST,ratio,level,1.0,ACTUAL,VNSTOCK_BRONZE
HIO,LATEST,ratio,order,46.0,ACTUAL,VNSTOCK_BRONZE
HIO,LATEST,ratio,level,2.0,ACTUAL,VNSTOCK_BRONZE
HIO,LATEST,ratio,value,0.0,ACTUAL,VNSTOCK_BRONZE
HIO,LATEST,ratio,order,47.0,ACTUAL,VNSTOCK_BRONZE
HIO,LATEST,ratio,level,2.0,ACTUAL,VNSTOCK_BRONZE
HIO,LATEST,ratio,value,0.0,ACTUAL,VNSTOCK_BRONZE
HIO,LATEST,ratio,order,48.0,ACTUAL,VNSTOCK_BRONZE
HIO,LATEST,ratio,level,2.0,ACTUAL,VNSTOCK_BRONZE
HIO,LATEST,ratio,value,0.0,ACTUAL,VNSTOCK_BRONZE
HIO,LATEST,ratio,order,49.0,ACTUAL,VNSTOCK_BRONZE
HIO,LATEST,ratio,level,2.0,ACTUAL,VNSTOCK_BRONZE
HIO,LATEST,ratio,value,0.0,ACTUAL,VNSTOCK_BRONZE
HIO,LATEST,ratio,order,50.0,ACTUAL,VNSTOCK_BRONZE
HIO,LATEST,ratio,level,2.0,ACTUAL,VNSTOCK_BRONZE
HIO,LATEST,ratio,value,0.0,ACTUAL,VNSTOCK_BRONZE
HIO,LATEST,ratio,order,51.0,ACTUAL,VNSTOCK_BRONZE
HIO,LATEST,ratio,level,2.0,ACTUAL,VNSTOCK_BRONZE
HIO,LATEST,ratio,value,0.0,ACTUAL,VNSTOCK_BRONZE
HIO,LATEST,ratio,order,52.0,ACTUAL,VNSTOCK_BRONZE
HIO,LATEST,ratio,level,2.0,ACTUAL,VNSTOCK_BRONZE
HIO,LATEST,ratio,value,0.0,ACTUAL,VNSTOCK_BRONZE
HIO,LATEST,ratio,order,53.0,ACTUAL,VNSTOCK_BRONZE
HIO,LATEST,ratio,level,2.0,ACTUAL,VNSTOCK_BRONZE
HIO,LATEST,ratio,value,0.0,ACTUAL,VNSTOCK_BRONZE
HIO,LATEST,ratio,order,54.0,ACTUAL,VNSTOCK_BRONZE
HIO,LATEST,ratio,level,2.0,ACTUAL,VNSTOCK_BRONZE
HIO,LATEST,ratio,value,0.0,ACTUAL,VNSTOCK_BRONZE
HIO,LATEST,ratio,order,55.0,ACTUAL,VNSTOCK_BRONZE
HIO,LATEST,ratio,level,2.0,ACTUAL,VNSTOCK_BRONZE
HIO,LATEST,ratio,value,0.0,ACTUAL,VNSTOCK_BRONZE
HIO,LATEST,ratio,order,56.0,ACTUAL,VNSTOCK_BRONZE
HIO,LATEST,ratio,level,2.0,ACTUAL,VNSTOCK_BRONZE
HIO,LATEST,ratio,value,0.0,ACTUAL,VNSTOCK_BRONZE
HIO,LATEST,ratio,order,57.0,ACTUAL,VNSTOCK_BRONZE
HIO,LATEST,ratio,level,2.0,ACTUAL,VNSTOCK_BRONZE
HIO,LATEST,ratio,order,58.0,ACTUAL,VNSTOCK_BRONZE
HIO,LATEST,ratio,level,2.0,ACTUAL,VNSTOCK_BRONZE
HIO,LATEST,ratio,order,59.0,ACTUAL,VNSTOCK_BRONZE
HIO,LATEST,ratio,level,2.0,ACTUAL,VNSTOCK_BRONZE
HIO,LATEST,ratio,value,0.0,ACTUAL,VNSTOCK_BRONZE
HIO,LATEST,ratio,order,60.0,ACTUAL,VNSTOCK_BRONZE
HIO,LATEST,ratio,level,2.0,ACTUAL,VNSTOCK_BRONZE
HIO,LATEST,ratio,value,0.0,ACTUAL,VNSTOCK_BRONZE
HIO,LATEST,ratio,order,1.0,ACTUAL,VNSTOCK_BRONZE
HIO,LATEST,ratio,level,1.0,ACTUAL,VNSTOCK_BRONZE
HIO,LATEST,ratio,order,2.0,ACTUAL,VNSTOCK_BRONZE
HIO,LATEST,ratio,level,2.0,ACTUAL,VNSTOCK_BRONZE
HIO,LATEST,ratio,value,1.853055373,ACTUAL,VNSTOCK_BRONZE
HIO,LATEST,ratio,order,3.0,ACTUAL,VNSTOCK_BRONZE
HIO,LATEST,ratio,level,2.0,ACTUAL,VNSTOCK_BRONZE
HIO,LATEST,ratio,value,0.5607808386,ACTUAL,VNSTOCK_BRONZE
HIO,LATEST,ratio,order,4.0,ACTUAL,VNSTOCK_BRONZE
HIO,LATEST,ratio,level,2.0,ACTUAL,VNSTOCK_BRONZE
HIO,LATEST,ratio,value,2.6150365906,ACTUAL,VNSTOCK_BRONZE
HIO,LATEST,ratio,order,5.0,ACTUAL,VNSTOCK_BRONZE
HIO,LATEST,ratio,level,2.0,ACTUAL,VNSTOCK_BRONZE
HIO,LATEST,ratio,value,2.0629932322,ACTUAL,VNSTOCK_BRONZE
HIO,LATEST,ratio,order,6.0,ACTUAL,VNSTOCK_BRONZE
HIO,LATEST,ratio,level,2.0,ACTUAL,VNSTOCK_BRONZE
HIO,LATEST,ratio,value,95.9404751957,ACTUAL,VNSTOCK_BRONZE
HIO,LATEST,ratio,order,7.0,ACTUAL,VNSTOCK_BRONZE
HIO,LATEST,ratio,level,2.0,ACTUAL,VNSTOCK_BRONZE
HIO,LATEST,ratio,value,0.0,ACTUAL,VNSTOCK_BRONZE
HIO,LATEST,ratio,order,8.0,ACTUAL,VNSTOCK_BRONZE
HIO,LATEST,ratio,level,2.0,ACTUAL,VNSTOCK_BRONZE
HIO,LATEST,ratio,value,310800000000.0,ACTUAL,VNSTOCK_BRONZE
HIO,LATEST,ratio,order,9.0,ACTUAL,VNSTOCK_BRONZE
HIO,LATEST,ratio,level,2.0,ACTUAL,VNSTOCK_BRONZE
HIO,LATEST,ratio,order,10.0,ACTUAL,VNSTOCK_BRONZE
HIO,LATEST,ratio,level,2.0,ACTUAL,VNSTOCK_BRONZE
HIO,LATEST,ratio,order,11.0,ACTUAL,VNSTOCK_BRONZE
HIO,LATEST,ratio,level,2.0,ACTUAL,VNSTOCK_BRONZE
HIO,LATEST,ratio,order,12.0,ACTUAL,VNSTOCK_BRONZE
HIO,LATEST,ratio,level,2.0,ACTUAL,VNSTOCK_BRONZE
HIO,LATEST,ratio,value,38076096826.0,ACTUAL,VNSTOCK_BRONZE
HIO,LATEST,ratio,order,13.0,ACTUAL,VNSTOCK_BRONZE
HIO,LATEST,ratio,level,2.0,ACTUAL,VNSTOCK_BRONZE
HIO,LATEST,ratio,value,10241373369.0,ACTUAL,VNSTOCK_BRONZE
HIO,LATEST,ratio,order,14.0,ACTUAL,VNSTOCK_BRONZE
HIO,LATEST,ratio,level,2.0,ACTUAL,VNSTOCK_BRONZE
HIO,LATEST,ratio,value,0.4674158072,ACTUAL,VNSTOCK_BRONZE
HIO,LATEST,ratio,order,15.0,ACTUAL,VNSTOCK_BRONZE
HIO,LATEST,ratio,level,2.0,ACTUAL,VNSTOCK_BRONZE
HIO,LATEST,ratio,value,42000000.0,ACTUAL,VNSTOCK_BRONZE
HIO,LATEST,ratio,order,16.0,ACTUAL,VNSTOCK_BRONZE
HIO,LATEST,ratio,level,1.0,ACTUAL,VNSTOCK_BRONZE
HIO,LATEST,ratio,order,17.0,ACTUAL,VNSTOCK_BRONZE
HIO,LATEST,ratio,level,2.0,ACTUAL,VNSTOCK_BRONZE
HIO,LATEST,ratio,value,0.2630726733,ACTUAL,VNSTOCK_BRONZE
HIO,LATEST,ratio,order,18.0,ACTUAL,VNSTOCK_BRONZE
HIO,LATEST,ratio,level,2.0,ACTUAL,VNSTOCK_BRONZE
HIO,LATEST,ratio,value,0.1330922488,ACTUAL,VNSTOCK_BRONZE
HIO,LATEST,ratio,order,19.0,ACTUAL,VNSTOCK_BRONZE
HIO,LATEST,ratio,level,2.0,ACTUAL,VNSTOCK_BRONZE
HIO,LATEST,ratio,value,0.030502094,ACTUAL,VNSTOCK_BRONZE
HIO,LATEST,ratio,order,20.0,ACTUAL,VNSTOCK_BRONZE
HIO,LATEST,ratio,level,2.0,ACTUAL,VNSTOCK_BRONZE
HIO,LATEST,ratio,value,0.3962447323,ACTUAL,VNSTOCK_BRONZE
HIO,LATEST,ratio,order,21.0,ACTUAL,VNSTOCK_BRONZE
HIO,LATEST,ratio,level,2.0,ACTUAL,VNSTOCK_BRONZE
HIO,LATEST,ratio,value,0.3203680387,ACTUAL,VNSTOCK_BRONZE
HIO,LATEST,ratio,order,22.0,ACTUAL,VNSTOCK_BRONZE
HIO,LATEST,ratio,level,2.0,ACTUAL,VNSTOCK_BRONZE
HIO,LATEST,ratio,value,0.7921400504,ACTUAL,VNSTOCK_BRONZE
HIO,LATEST,ratio,order,23.0,ACTUAL,VNSTOCK_BRONZE
HIO,LATEST,ratio,level,2.0,ACTUAL,VNSTOCK_BRONZE
HIO,LATEST,ratio,value,0.7652055912,ACTUAL,VNSTOCK_BRONZE
HIO,LATEST,ratio,order,24.0,ACTUAL,VNSTOCK_BRONZE
HIO,LATEST,ratio,level,2.0,ACTUAL,VNSTOCK_BRONZE
HIO,LATEST,ratio,value,0.1783606087,ACTUAL,VNSTOCK_BRONZE
HIO,LATEST,ratio,order,25.0,ACTUAL,VNSTOCK_BRONZE
HIO,LATEST,ratio,level,2.0,ACTUAL,VNSTOCK_BRONZE
HIO,LATEST,ratio,value,0.270739114,ACTUAL,VNSTOCK_BRONZE
HIO,LATEST,ratio,order,26.0,ACTUAL,VNSTOCK_BRONZE
HIO,LATEST,ratio,level,2.0,ACTUAL,VNSTOCK_BRONZE
HIO,LATEST,ratio,value,160.8412737845,ACTUAL,VNSTOCK_BRONZE
HIO,LATEST,ratio,order,27.0,ACTUAL,VNSTOCK_BRONZE
HIO,LATEST,ratio,level,2.0,ACTUAL,VNSTOCK_BRONZE
HIO,LATEST,ratio,value,0.7691492028,ACTUAL,VNSTOCK_BRONZE
HIO,LATEST,ratio,order,28.0,ACTUAL,VNSTOCK_BRONZE
HIO,LATEST,ratio,level,2.0,ACTUAL,VNSTOCK_BRONZE
HIO,LATEST,ratio,value,15.8827431998,ACTUAL,VNSTOCK_BRONZE
HIO,LATEST,ratio,order,29.0,ACTUAL,VNSTOCK_BRONZE
HIO,LATEST,ratio,level,2.0,ACTUAL,VNSTOCK_BRONZE
HIO,LATEST,ratio,value,272.4492030604,ACTUAL,VNSTOCK_BRONZE
HIO,LATEST,ratio,order,30.0,ACTUAL,VNSTOCK_BRONZE
HIO,LATEST,ratio,level,1.0,ACTUAL,VNSTOCK_BRONZE
HIO,LATEST,ratio,order,31.0,ACTUAL,VNSTOCK_BRONZE
HIO,LATEST,ratio,level,2.0,ACTUAL,VNSTOCK_BRONZE
HIO,LATEST,ratio,value,1.7648656212,ACTUAL,VNSTOCK_BRONZE
HIO,LATEST,ratio,order,32.0,ACTUAL,VNSTOCK_BRONZE
HIO,LATEST,ratio,level,2.0,ACTUAL,VNSTOCK_BRONZE
HIO,LATEST,ratio,value,1.761836331,ACTUAL,VNSTOCK_BRONZE
HIO,LATEST,ratio,order,33.0,ACTUAL,VNSTOCK_BRONZE
HIO,LATEST,ratio,level,2.0,ACTUAL,VNSTOCK_BRONZE
HIO,LATEST,ratio,value,0.2597794627,ACTUAL,VNSTOCK_BRONZE
HIO,LATEST,ratio,order,34.0,ACTUAL,VNSTOCK_BRONZE
HIO,LATEST,ratio,level,2.0,ACTUAL,VNSTOCK_BRONZE
HIO,LATEST,ratio,order,35.0,ACTUAL,VNSTOCK_BRONZE
HIO,LATEST,ratio,level,2.0,ACTUAL,VNSTOCK_BRONZE
HIO,LATEST,ratio,order,36.0,ACTUAL,VNSTOCK_BRONZE
HIO,LATEST,ratio,level,2.0,ACTUAL,VNSTOCK_BRONZE
HIO,LATEST,ratio,order,37.0,ACTUAL,VNSTOCK_BRONZE
HIO,LATEST,ratio,level,2.0,ACTUAL,VNSTOCK_BRONZE
HIO,LATEST,ratio,order,38.0,ACTUAL,VNSTOCK_BRONZE
HIO,LATEST,ratio,level,1.0,ACTUAL,VNSTOCK_BRONZE
HIO,LATEST,ratio,order,39.0,ACTUAL,VNSTOCK_BRONZE
HIO,LATEST,ratio,level,2.0,ACTUAL,VNSTOCK_BRONZE
HIO,LATEST,ratio,value,0.68943288,ACTUAL,VNSTOCK_BRONZE
HIO,LATEST,ratio,order,40.0,ACTUAL,VNSTOCK_BRONZE
HIO,LATEST,ratio,level,2.0,ACTUAL,VNSTOCK_BRONZE
HIO,LATEST,ratio,value,0.6648707078,ACTUAL,VNSTOCK_BRONZE
HIO,LATEST,ratio,order,41.0,ACTUAL,VNSTOCK_BRONZE
HIO,LATEST,ratio,level,2.0,ACTUAL,VNSTOCK_BRONZE
HIO,LATEST,ratio,order,42.0,ACTUAL,VNSTOCK_BRONZE
HIO,LATEST,ratio,level,2.0,ACTUAL,VNSTOCK_BRONZE
HIO,LATEST,ratio,value,0.68943288,ACTUAL,VNSTOCK_BRONZE
HIO,LATEST,ratio,order,43.0,ACTUAL,VNSTOCK_BRONZE
HIO,LATEST,ratio,level,2.0,ACTUAL,VNSTOCK_BRONZE
HIO,LATEST,ratio,value,0.0,ACTUAL,VNSTOCK_BRONZE
HIO,LATEST,ratio,order,44.0,ACTUAL,VNSTOCK_BRONZE
HIO,LATEST,ratio,level,2.0,ACTUAL,VNSTOCK_BRONZE
HIO,LATEST,ratio,value,0.0,ACTUAL,VNSTOCK_BRONZE
HIO,LATEST,ratio,order,45.0,ACTUAL,VNSTOCK_BRONZE
HIO,LATEST,ratio,level,1.0,ACTUAL,VNSTOCK_BRONZE
HIO,LATEST,ratio,order,46.0,ACTUAL,VNSTOCK_BRONZE
HIO,LATEST,ratio,level,2.0,ACTUAL,VNSTOCK_BRONZE
HIO,LATEST,ratio,value,0.0,ACTUAL,VNSTOCK_BRONZE
HIO,LATEST,ratio,order,47.0,ACTUAL,VNSTOCK_BRONZE
HIO,LATEST,ratio,level,2.0,ACTUAL,VNSTOCK_BRONZE
HIO,LATEST,ratio,value,0.0,ACTUAL,VNSTOCK_BRONZE
HIO,LATEST,ratio,order,48.0,ACTUAL,VNSTOCK_BRONZE
HIO,LATEST,ratio,level,2.0,ACTUAL,VNSTOCK_BRONZE
HIO,LATEST,ratio,value,0.0,ACTUAL,VNSTOCK_BRONZE
HIO,LATEST,ratio,order,49.0,ACTUAL,VNSTOCK_BRONZE
HIO,LATEST,ratio,level,2.0,ACTUAL,VNSTOCK_BRONZE
HIO,LATEST,ratio,value,0.0,ACTUAL,VNSTOCK_BRONZE
HIO,LATEST,ratio,order,50.0,ACTUAL,VNSTOCK_BRONZE
HIO,LATEST,ratio,level,2.0,ACTUAL,VNSTOCK_BRONZE
HIO,LATEST,ratio,value,0.0,ACTUAL,VNSTOCK_BRONZE
HIO,LATEST,ratio,order,51.0,ACTUAL,VNSTOCK_BRONZE
HIO,LATEST,ratio,level,2.0,ACTUAL,VNSTOCK_BRONZE
HIO,LATEST,ratio,value,0.0,ACTUAL,VNSTOCK_BRONZE
HIO,LATEST,ratio,order,52.0,ACTUAL,VNSTOCK_BRONZE
HIO,LATEST,ratio,level,2.0,ACTUAL,VNSTOCK_BRONZE
HIO,LATEST,ratio,value,0.0,ACTUAL,VNSTOCK_BRONZE
HIO,LATEST,ratio,order,53.0,ACTUAL,VNSTOCK_BRONZE
HIO,LATEST,ratio,level,2.0,ACTUAL,VNSTOCK_BRONZE
HIO,LATEST,ratio,value,0.0,ACTUAL,VNSTOCK_BRONZE
HIO,LATEST,ratio,order,54.0,ACTUAL,VNSTOCK_BRONZE
HIO,LATEST,ratio,level,2.0,ACTUAL,VNSTOCK_BRONZE
HIO,LATEST,ratio,value,0.0,ACTUAL,VNSTOCK_BRONZE
HIO,LATEST,ratio,order,55.0,ACTUAL,VNSTOCK_BRONZE
HIO,LATEST,ratio,level,2.0,ACTUAL,VNSTOCK_BRONZE
HIO,LATEST,ratio,value,0.0,ACTUAL,VNSTOCK_BRONZE
HIO,LATEST,ratio,order,56.0,ACTUAL,VNSTOCK_BRONZE
HIO,LATEST,ratio,level,2.0,ACTUAL,VNSTOCK_BRONZE
HIO,LATEST,ratio,value,0.0,ACTUAL,VNSTOCK_BRONZE
HIO,LATEST,ratio,order,57.0,ACTUAL,VNSTOCK_BRONZE
HIO,LATEST,ratio,level,2.0,ACTUAL,VNSTOCK_BRONZE
HIO,LATEST,ratio,order,58.0,ACTUAL,VNSTOCK_BRONZE
HIO,LATEST,ratio,level,2.0,ACTUAL,VNSTOCK_BRONZE
HIO,LATEST,ratio,order,59.0,ACTUAL,VNSTOCK_BRONZE
HIO,LATEST,ratio,level,2.0,ACTUAL,VNSTOCK_BRONZE
HIO,LATEST,ratio,value,0.0,ACTUAL,VNSTOCK_BRONZE
HIO,LATEST,ratio,order,60.0,ACTUAL,VNSTOCK_BRONZE
HIO,LATEST,ratio,level,2.0,ACTUAL,VNSTOCK_BRONZE
HIO,LATEST,ratio,value,0.0,ACTUAL,VNSTOCK_BRONZE
HIO,LATEST,ratio,order,1.0,ACTUAL,VNSTOCK_BRONZE
HIO,LATEST,ratio,level,1.0,ACTUAL,VNSTOCK_BRONZE
HIO,LATEST,ratio,order,2.0,ACTUAL,VNSTOCK_BRONZE
HIO,LATEST,ratio,level,2.0,ACTUAL,VNSTOCK_BRONZE
HIO,LATEST,ratio,value,13.1281543655,ACTUAL,VNSTOCK_BRONZE
HIO,LATEST,ratio,order,3.0,ACTUAL,VNSTOCK_BRONZE
HIO,LATEST,ratio,level,2.0,ACTUAL,VNSTOCK_BRONZE
HIO,LATEST,ratio,value,0.680782712,ACTUAL,VNSTOCK_BRONZE
HIO,LATEST,ratio,order,4.0,ACTUAL,VNSTOCK_BRONZE
HIO,LATEST,ratio,level,2.0,ACTUAL,VNSTOCK_BRONZE
HIO,LATEST,ratio,value,2.9554089199,ACTUAL,VNSTOCK_BRONZE
HIO,LATEST,ratio,order,5.0,ACTUAL,VNSTOCK_BRONZE
HIO,LATEST,ratio,level,2.0,ACTUAL,VNSTOCK_BRONZE
HIO,LATEST,ratio,value,2.8578089855,ACTUAL,VNSTOCK_BRONZE
HIO,LATEST,ratio,order,6.0,ACTUAL,VNSTOCK_BRONZE
HIO,LATEST,ratio,level,2.0,ACTUAL,VNSTOCK_BRONZE
HIO,LATEST,ratio,value,6.6411301716,ACTUAL,VNSTOCK_BRONZE
HIO,LATEST,ratio,order,7.0,ACTUAL,VNSTOCK_BRONZE
HIO,LATEST,ratio,level,2.0,ACTUAL,VNSTOCK_BRONZE
HIO,LATEST,ratio,value,0.0,ACTUAL,VNSTOCK_BRONZE
HIO,LATEST,ratio,order,8.0,ACTUAL,VNSTOCK_BRONZE
HIO,LATEST,ratio,level,2.0,ACTUAL,VNSTOCK_BRONZE
HIO,LATEST,ratio,value,323946000000.0,ACTUAL,VNSTOCK_BRONZE
HIO,LATEST,ratio,order,9.0,ACTUAL,VNSTOCK_BRONZE
HIO,LATEST,ratio,level,2.0,ACTUAL,VNSTOCK_BRONZE
HIO,LATEST,ratio,order,10.0,ACTUAL,VNSTOCK_BRONZE
HIO,LATEST,ratio,level,2.0,ACTUAL,VNSTOCK_BRONZE
HIO,LATEST,ratio,order,11.0,ACTUAL,VNSTOCK_BRONZE
HIO,LATEST,ratio,level,2.0,ACTUAL,VNSTOCK_BRONZE
HIO,LATEST,ratio,order,12.0,ACTUAL,VNSTOCK_BRONZE
HIO,LATEST,ratio,level,2.0,ACTUAL,VNSTOCK_BRONZE
HIO,LATEST,ratio,value,31551628010.0,ACTUAL,VNSTOCK_BRONZE
HIO,LATEST,ratio,order,13.0,ACTUAL,VNSTOCK_BRONZE
HIO,LATEST,ratio,level,2.0,ACTUAL,VNSTOCK_BRONZE
HIO,LATEST,ratio,value,73807941221.0,ACTUAL,VNSTOCK_BRONZE
HIO,LATEST,ratio,order,14.0,ACTUAL,VNSTOCK_BRONZE
HIO,LATEST,ratio,level,2.0,ACTUAL,VNSTOCK_BRONZE
HIO,LATEST,ratio,value,0.3978175945,ACTUAL,VNSTOCK_BRONZE
HIO,LATEST,ratio,order,15.0,ACTUAL,VNSTOCK_BRONZE
HIO,LATEST,ratio,level,2.0,ACTUAL,VNSTOCK_BRONZE
HIO,LATEST,ratio,value,42000000.0,ACTUAL,VNSTOCK_BRONZE
HIO,LATEST,ratio,order,16.0,ACTUAL,VNSTOCK_BRONZE
HIO,LATEST,ratio,level,1.0,ACTUAL,VNSTOCK_BRONZE
HIO,LATEST,ratio,order,17.0,ACTUAL,VNSTOCK_BRONZE
HIO,LATEST,ratio,level,2.0,ACTUAL,VNSTOCK_BRONZE
HIO,LATEST,ratio,value,0.0521601303,ACTUAL,VNSTOCK_BRONZE
HIO,LATEST,ratio,order,18.0,ACTUAL,VNSTOCK_BRONZE
HIO,LATEST,ratio,level,2.0,ACTUAL,VNSTOCK_BRONZE
HIO,LATEST,ratio,value,0.0284446058,ACTUAL,VNSTOCK_BRONZE
HIO,LATEST,ratio,order,19.0,ACTUAL,VNSTOCK_BRONZE
HIO,LATEST,ratio,level,2.0,ACTUAL,VNSTOCK_BRONZE
HIO,LATEST,ratio,value,0.0720231399,ACTUAL,VNSTOCK_BRONZE
HIO,LATEST,ratio,order,20.0,ACTUAL,VNSTOCK_BRONZE
HIO,LATEST,ratio,level,2.0,ACTUAL,VNSTOCK_BRONZE
HIO,LATEST,ratio,value,0.3709736865,ACTUAL,VNSTOCK_BRONZE
HIO,LATEST,ratio,order,21.0,ACTUAL,VNSTOCK_BRONZE
HIO,LATEST,ratio,level,2.0,ACTUAL,VNSTOCK_BRONZE
HIO,LATEST,ratio,value,0.2878503296,ACTUAL,VNSTOCK_BRONZE
HIO,LATEST,ratio,order,22.0,ACTUAL,VNSTOCK_BRONZE
HIO,LATEST,ratio,level,2.0,ACTUAL,VNSTOCK_BRONZE
HIO,LATEST,ratio,value,0.1493939238,ACTUAL,VNSTOCK_BRONZE
HIO,LATEST,ratio,order,23.0,ACTUAL,VNSTOCK_BRONZE
HIO,LATEST,ratio,level,2.0,ACTUAL,VNSTOCK_BRONZE
HIO,LATEST,ratio,value,0.1236617584,ACTUAL,VNSTOCK_BRONZE
HIO,LATEST,ratio,order,24.0,ACTUAL,VNSTOCK_BRONZE
HIO,LATEST,ratio,level,2.0,ACTUAL,VNSTOCK_BRONZE
HIO,LATEST,ratio,value,0.2300194187,ACTUAL,VNSTOCK_BRONZE
HIO,LATEST,ratio,order,25.0,ACTUAL,VNSTOCK_BRONZE
HIO,LATEST,ratio,level,2.0,ACTUAL,VNSTOCK_BRONZE
HIO,LATEST,ratio,value,0.346960945,ACTUAL,VNSTOCK_BRONZE
HIO,LATEST,ratio,order,26.0,ACTUAL,VNSTOCK_BRONZE
HIO,LATEST,ratio,level,2.0,ACTUAL,VNSTOCK_BRONZE
HIO,LATEST,ratio,value,91.8336073113,ACTUAL,VNSTOCK_BRONZE
HIO,LATEST,ratio,order,27.0,ACTUAL,VNSTOCK_BRONZE
HIO,LATEST,ratio,level,2.0,ACTUAL,VNSTOCK_BRONZE
HIO,LATEST,ratio,value,0.4844801127,ACTUAL,VNSTOCK_BRONZE
HIO,LATEST,ratio,order,28.0,ACTUAL,VNSTOCK_BRONZE
HIO,LATEST,ratio,level,2.0,ACTUAL,VNSTOCK_BRONZE
HIO,LATEST,ratio,value,10.3262624595,ACTUAL,VNSTOCK_BRONZE
HIO,LATEST,ratio,order,29.0,ACTUAL,VNSTOCK_BRONZE
HIO,LATEST,ratio,level,2.0,ACTUAL,VNSTOCK_BRONZE
HIO,LATEST,ratio,value,130.3513528765,ACTUAL,VNSTOCK_BRONZE
HIO,LATEST,ratio,order,30.0,ACTUAL,VNSTOCK_BRONZE
HIO,LATEST,ratio,level,1.0,ACTUAL,VNSTOCK_BRONZE
HIO,LATEST,ratio,order,31.0,ACTUAL,VNSTOCK_BRONZE
HIO,LATEST,ratio,level,2.0,ACTUAL,VNSTOCK_BRONZE
HIO,LATEST,ratio,value,0.5223618734,ACTUAL,VNSTOCK_BRONZE
HIO,LATEST,ratio,order,32.0,ACTUAL,VNSTOCK_BRONZE
HIO,LATEST,ratio,level,2.0,ACTUAL,VNSTOCK_BRONZE
HIO,LATEST,ratio,value,0.5219262034,ACTUAL,VNSTOCK_BRONZE
HIO,LATEST,ratio,order,33.0,ACTUAL,VNSTOCK_BRONZE
HIO,LATEST,ratio,level,2.0,ACTUAL,VNSTOCK_BRONZE
HIO,LATEST,ratio,value,0.1841325199,ACTUAL,VNSTOCK_BRONZE
HIO,LATEST,ratio,order,34.0,ACTUAL,VNSTOCK_BRONZE
HIO,LATEST,ratio,level,2.0,ACTUAL,VNSTOCK_BRONZE
HIO,LATEST,ratio,order,35.0,ACTUAL,VNSTOCK_BRONZE
HIO,LATEST,ratio,level,2.0,ACTUAL,VNSTOCK_BRONZE
HIO,LATEST,ratio,order,36.0,ACTUAL,VNSTOCK_BRONZE
HIO,LATEST,ratio,level,2.0,ACTUAL,VNSTOCK_BRONZE
HIO,LATEST,ratio,order,37.0,ACTUAL,VNSTOCK_BRONZE
HIO,LATEST,ratio,level,2.0,ACTUAL,VNSTOCK_BRONZE
HIO,LATEST,ratio,order,38.0,ACTUAL,VNSTOCK_BRONZE
HIO,LATEST,ratio,level,1.0,ACTUAL,VNSTOCK_BRONZE
HIO,LATEST,ratio,order,39.0,ACTUAL,VNSTOCK_BRONZE
HIO,LATEST,ratio,level,2.0,ACTUAL,VNSTOCK_BRONZE
HIO,LATEST,ratio,value,0.6836153848,ACTUAL,VNSTOCK_BRONZE
HIO,LATEST,ratio,order,40.0,ACTUAL,VNSTOCK_BRONZE
HIO,LATEST,ratio,level,2.0,ACTUAL,VNSTOCK_BRONZE
HIO,LATEST,ratio,value,0.6478730235,ACTUAL,VNSTOCK_BRONZE
HIO,LATEST,ratio,order,41.0,ACTUAL,VNSTOCK_BRONZE
HIO,LATEST,ratio,level,2.0,ACTUAL,VNSTOCK_BRONZE
HIO,LATEST,ratio,order,42.0,ACTUAL,VNSTOCK_BRONZE
HIO,LATEST,ratio,level,2.0,ACTUAL,VNSTOCK_BRONZE
HIO,LATEST,ratio,value,0.6836153848,ACTUAL,VNSTOCK_BRONZE
HIO,LATEST,ratio,order,43.0,ACTUAL,VNSTOCK_BRONZE
HIO,LATEST,ratio,level,2.0,ACTUAL,VNSTOCK_BRONZE
HIO,LATEST,ratio,value,0.0,ACTUAL,VNSTOCK_BRONZE
HIO,LATEST,ratio,order,44.0,ACTUAL,VNSTOCK_BRONZE
HIO,LATEST,ratio,level,2.0,ACTUAL,VNSTOCK_BRONZE
HIO,LATEST,ratio,value,0.0,ACTUAL,VNSTOCK_BRONZE
HIO,LATEST,ratio,order,45.0,ACTUAL,VNSTOCK_BRONZE
HIO,LATEST,ratio,level,1.0,ACTUAL,VNSTOCK_BRONZE
HIO,LATEST,ratio,order,46.0,ACTUAL,VNSTOCK_BRONZE
HIO,LATEST,ratio,level,2.0,ACTUAL,VNSTOCK_BRONZE
HIO,LATEST,ratio,value,0.0,ACTUAL,VNSTOCK_BRONZE
HIO,LATEST,ratio,order,47.0,ACTUAL,VNSTOCK_BRONZE
HIO,LATEST,ratio,level,2.0,ACTUAL,VNSTOCK_BRONZE
HIO,LATEST,ratio,value,0.0,ACTUAL,VNSTOCK_BRONZE
HIO,LATEST,ratio,order,48.0,ACTUAL,VNSTOCK_BRONZE
HIO,LATEST,ratio,level,2.0,ACTUAL,VNSTOCK_BRONZE
HIO,LATEST,ratio,value,0.0,ACTUAL,VNSTOCK_BRONZE
HIO,LATEST,ratio,order,49.0,ACTUAL,VNSTOCK_BRONZE
HIO,LATEST,ratio,level,2.0,ACTUAL,VNSTOCK_BRONZE
HIO,LATEST,ratio,value,0.0,ACTUAL,VNSTOCK_BRONZE
HIO,LATEST,ratio,order,50.0,ACTUAL,VNSTOCK_BRONZE
HIO,LATEST,ratio,level,2.0,ACTUAL,VNSTOCK_BRONZE
HIO,LATEST,ratio,value,0.0,ACTUAL,VNSTOCK_BRONZE
HIO,LATEST,ratio,order,51.0,ACTUAL,VNSTOCK_BRONZE
HIO,LATEST,ratio,level,2.0,ACTUAL,VNSTOCK_BRONZE
HIO,LATEST,ratio,value,0.0,ACTUAL,VNSTOCK_BRONZE
HIO,LATEST,ratio,order,52.0,ACTUAL,VNSTOCK_BRONZE
HIO,LATEST,ratio,level,2.0,ACTUAL,VNSTOCK_BRONZE
HIO,LATEST,ratio,value,0.0,ACTUAL,VNSTOCK_BRONZE
HIO,LATEST,ratio,order,53.0,ACTUAL,VNSTOCK_BRONZE
HIO,LATEST,ratio,level,2.0,ACTUAL,VNSTOCK_BRONZE
HIO,LATEST,ratio,value,0.0,ACTUAL,VNSTOCK_BRONZE
HIO,LATEST,ratio,order,54.0,ACTUAL,VNSTOCK_BRONZE
HIO,LATEST,ratio,level,2.0,ACTUAL,VNSTOCK_BRONZE
HIO,LATEST,ratio,value,0.0,ACTUAL,VNSTOCK_BRONZE
HIO,LATEST,ratio,order,55.0,ACTUAL,VNSTOCK_BRONZE
HIO,LATEST,ratio,level,2.0,ACTUAL,VNSTOCK_BRONZE
HIO,LATEST,ratio,value,0.0,ACTUAL,VNSTOCK_BRONZE
HIO,LATEST,ratio,order,56.0,ACTUAL,VNSTOCK_BRONZE
HIO,LATEST,ratio,level,2.0,ACTUAL,VNSTOCK_BRONZE
HIO,LATEST,ratio,value,0.0,ACTUAL,VNSTOCK_BRONZE
HIO,LATEST,ratio,order,57.0,ACTUAL,VNSTOCK_BRONZE
HIO,LATEST,ratio,level,2.0,ACTUAL,VNSTOCK_BRONZE
HIO,LATEST,ratio,order,58.0,ACTUAL,VNSTOCK_BRONZE
HIO,LATEST,ratio,level,2.0,ACTUAL,VNSTOCK_BRONZE
HIO,LATEST,ratio,order,59.0,ACTUAL,VNSTOCK_BRONZE
HIO,LATEST,ratio,level,2.0,ACTUAL,VNSTOCK_BRONZE
HIO,LATEST,ratio,value,0.0,ACTUAL,VNSTOCK_BRONZE
HIO,LATEST,ratio,order,60.0,ACTUAL,VNSTOCK_BRONZE
HIO,LATEST,ratio,level,2.0,ACTUAL,VNSTOCK_BRONZE
HIO,LATEST,ratio,value,0.0,ACTUAL,VNSTOCK_BRONZE
HIO,LATEST,ratio,order,1.0,ACTUAL,VNSTOCK_BRONZE
HIO,LATEST,ratio,level,1.0,ACTUAL,VNSTOCK_BRONZE
HIO,LATEST,ratio,order,2.0,ACTUAL,VNSTOCK_BRONZE
HIO,LATEST,ratio,level,2.0,ACTUAL,VNSTOCK_BRONZE
HIO,LATEST,ratio,value,10.4625948168,ACTUAL,VNSTOCK_BRONZE
HIO,LATEST,ratio,order,3.0,ACTUAL,VNSTOCK_BRONZE
HIO,LATEST,ratio,level,2.0,ACTUAL,VNSTOCK_BRONZE
HIO,LATEST,ratio,value,0.6367133604,ACTUAL,VNSTOCK_BRONZE
HIO,LATEST,ratio,order,4.0,ACTUAL,VNSTOCK_BRONZE
HIO,LATEST,ratio,level,2.0,ACTUAL,VNSTOCK_BRONZE
HIO,LATEST,ratio,value,1.5231791159,ACTUAL,VNSTOCK_BRONZE
HIO,LATEST,ratio,order,5.0,ACTUAL,VNSTOCK_BRONZE
HIO,LATEST,ratio,level,2.0,ACTUAL,VNSTOCK_BRONZE
HIO,LATEST,ratio,value,9.786173312,ACTUAL,VNSTOCK_BRONZE
HIO,LATEST,ratio,order,6.0,ACTUAL,VNSTOCK_BRONZE
HIO,LATEST,ratio,level,2.0,ACTUAL,VNSTOCK_BRONZE
HIO,LATEST,ratio,value,4.3934318501,ACTUAL,VNSTOCK_BRONZE
HIO,LATEST,ratio,order,7.0,ACTUAL,VNSTOCK_BRONZE
HIO,LATEST,ratio,level,2.0,ACTUAL,VNSTOCK_BRONZE
HIO,LATEST,ratio,value,0.0,ACTUAL,VNSTOCK_BRONZE
HIO,LATEST,ratio,order,8.0,ACTUAL,VNSTOCK_BRONZE
HIO,LATEST,ratio,level,2.0,ACTUAL,VNSTOCK_BRONZE
HIO,LATEST,ratio,value,169302000000.0,ACTUAL,VNSTOCK_BRONZE
HIO,LATEST,ratio,order,9.0,ACTUAL,VNSTOCK_BRONZE
HIO,LATEST,ratio,level,2.0,ACTUAL,VNSTOCK_BRONZE
HIO,LATEST,ratio,order,10.0,ACTUAL,VNSTOCK_BRONZE
HIO,LATEST,ratio,level,2.0,ACTUAL,VNSTOCK_BRONZE
HIO,LATEST,ratio,order,11.0,ACTUAL,VNSTOCK_BRONZE
HIO,LATEST,ratio,level,2.0,ACTUAL,VNSTOCK_BRONZE
HIO,LATEST,ratio,order,12.0,ACTUAL,VNSTOCK_BRONZE
HIO,LATEST,ratio,level,2.0,ACTUAL,VNSTOCK_BRONZE
HIO,LATEST,ratio,value,33190478375.0,ACTUAL,VNSTOCK_BRONZE
HIO,LATEST,ratio,order,13.0,ACTUAL,VNSTOCK_BRONZE
HIO,LATEST,ratio,level,2.0,ACTUAL,VNSTOCK_BRONZE
HIO,LATEST,ratio,value,76369488999.0,ACTUAL,VNSTOCK_BRONZE
HIO,LATEST,ratio,order,14.0,ACTUAL,VNSTOCK_BRONZE
HIO,LATEST,ratio,level,2.0,ACTUAL,VNSTOCK_BRONZE
HIO,LATEST,ratio,value,0.4702996089,ACTUAL,VNSTOCK_BRONZE
HIO,LATEST,ratio,order,15.0,ACTUAL,VNSTOCK_BRONZE
HIO,LATEST,ratio,level,2.0,ACTUAL,VNSTOCK_BRONZE
HIO,LATEST,ratio,value,21000000.0,ACTUAL,VNSTOCK_BRONZE
HIO,LATEST,ratio,order,16.0,ACTUAL,VNSTOCK_BRONZE
HIO,LATEST,ratio,level,1.0,ACTUAL,VNSTOCK_BRONZE
HIO,LATEST,ratio,order,17.0,ACTUAL,VNSTOCK_BRONZE
HIO,LATEST,ratio,level,2.0,ACTUAL,VNSTOCK_BRONZE
HIO,LATEST,ratio,value,0.0622405317,ACTUAL,VNSTOCK_BRONZE
HIO,LATEST,ratio,order,18.0,ACTUAL,VNSTOCK_BRONZE
HIO,LATEST,ratio,level,2.0,ACTUAL,VNSTOCK_BRONZE
HIO,LATEST,ratio,value,0.0331968499,ACTUAL,VNSTOCK_BRONZE
HIO,LATEST,ratio,order,19.0,ACTUAL,VNSTOCK_BRONZE
HIO,LATEST,ratio,level,2.0,ACTUAL,VNSTOCK_BRONZE
HIO,LATEST,ratio,value,0.0722737106,ACTUAL,VNSTOCK_BRONZE
HIO,LATEST,ratio,order,20.0,ACTUAL,VNSTOCK_BRONZE
HIO,LATEST,ratio,level,2.0,ACTUAL,VNSTOCK_BRONZE
HIO,LATEST,ratio,value,0.3833564292,ACTUAL,VNSTOCK_BRONZE
HIO,LATEST,ratio,order,21.0,ACTUAL,VNSTOCK_BRONZE
HIO,LATEST,ratio,level,2.0,ACTUAL,VNSTOCK_BRONZE
HIO,LATEST,ratio,value,0.2986086609,ACTUAL,VNSTOCK_BRONZE
HIO,LATEST,ratio,order,22.0,ACTUAL,VNSTOCK_BRONZE
HIO,LATEST,ratio,level,2.0,ACTUAL,VNSTOCK_BRONZE
HIO,LATEST,ratio,value,0.2006138089,ACTUAL,VNSTOCK_BRONZE
HIO,LATEST,ratio,order,23.0,ACTUAL,VNSTOCK_BRONZE
HIO,LATEST,ratio,level,2.0,ACTUAL,VNSTOCK_BRONZE
HIO,LATEST,ratio,value,0.1455833034,ACTUAL,VNSTOCK_BRONZE
HIO,LATEST,ratio,order,24.0,ACTUAL,VNSTOCK_BRONZE
HIO,LATEST,ratio,level,2.0,ACTUAL,VNSTOCK_BRONZE
HIO,LATEST,ratio,value,0.2280264912,ACTUAL,VNSTOCK_BRONZE
HIO,LATEST,ratio,order,25.0,ACTUAL,VNSTOCK_BRONZE
HIO,LATEST,ratio,level,2.0,ACTUAL,VNSTOCK_BRONZE
HIO,LATEST,ratio,value,0.343565762,ACTUAL,VNSTOCK_BRONZE
HIO,LATEST,ratio,order,26.0,ACTUAL,VNSTOCK_BRONZE
HIO,LATEST,ratio,level,2.0,ACTUAL,VNSTOCK_BRONZE
HIO,LATEST,ratio,value,99.8607071693,ACTUAL,VNSTOCK_BRONZE
HIO,LATEST,ratio,order,27.0,ACTUAL,VNSTOCK_BRONZE
HIO,LATEST,ratio,level,2.0,ACTUAL,VNSTOCK_BRONZE
HIO,LATEST,ratio,value,0.4935449891,ACTUAL,VNSTOCK_BRONZE
HIO,LATEST,ratio,order,28.0,ACTUAL,VNSTOCK_BRONZE
HIO,LATEST,ratio,level,2.0,ACTUAL,VNSTOCK_BRONZE
HIO,LATEST,ratio,value,14.7781047204,ACTUAL,VNSTOCK_BRONZE
HIO,LATEST,ratio,order,29.0,ACTUAL,VNSTOCK_BRONZE
HIO,LATEST,ratio,level,2.0,ACTUAL,VNSTOCK_BRONZE
HIO,LATEST,ratio,value,188.7399014365,ACTUAL,VNSTOCK_BRONZE
HIO,LATEST,ratio,order,30.0,ACTUAL,VNSTOCK_BRONZE
HIO,LATEST,ratio,level,1.0,ACTUAL,VNSTOCK_BRONZE
HIO,LATEST,ratio,order,31.0,ACTUAL,VNSTOCK_BRONZE
HIO,LATEST,ratio,level,2.0,ACTUAL,VNSTOCK_BRONZE
HIO,LATEST,ratio,value,1.1648125898,ACTUAL,VNSTOCK_BRONZE
HIO,LATEST,ratio,order,32.0,ACTUAL,VNSTOCK_BRONZE
HIO,LATEST,ratio,level,2.0,ACTUAL,VNSTOCK_BRONZE
HIO,LATEST,ratio,value,1.1643361752,ACTUAL,VNSTOCK_BRONZE
HIO,LATEST,ratio,order,33.0,ACTUAL,VNSTOCK_BRONZE
HIO,LATEST,ratio,level,2.0,ACTUAL,VNSTOCK_BRONZE
HIO,LATEST,ratio,value,0.3434137648,ACTUAL,VNSTOCK_BRONZE
HIO,LATEST,ratio,order,34.0,ACTUAL,VNSTOCK_BRONZE
HIO,LATEST,ratio,level,2.0,ACTUAL,VNSTOCK_BRONZE
HIO,LATEST,ratio,order,35.0,ACTUAL,VNSTOCK_BRONZE
HIO,LATEST,ratio,level,2.0,ACTUAL,VNSTOCK_BRONZE
HIO,LATEST,ratio,order,36.0,ACTUAL,VNSTOCK_BRONZE
HIO,LATEST,ratio,level,2.0,ACTUAL,VNSTOCK_BRONZE
HIO,LATEST,ratio,order,37.0,ACTUAL,VNSTOCK_BRONZE
HIO,LATEST,ratio,level,2.0,ACTUAL,VNSTOCK_BRONZE
HIO,LATEST,ratio,order,38.0,ACTUAL,VNSTOCK_BRONZE
HIO,LATEST,ratio,level,1.0,ACTUAL,VNSTOCK_BRONZE
HIO,LATEST,ratio,order,39.0,ACTUAL,VNSTOCK_BRONZE
HIO,LATEST,ratio,level,2.0,ACTUAL,VNSTOCK_BRONZE
HIO,LATEST,ratio,value,0.7680388034,ACTUAL,VNSTOCK_BRONZE
HIO,LATEST,ratio,order,40.0,ACTUAL,VNSTOCK_BRONZE
HIO,LATEST,ratio,level,2.0,ACTUAL,VNSTOCK_BRONZE
HIO,LATEST,ratio,value,0.7270902568,ACTUAL,VNSTOCK_BRONZE
HIO,LATEST,ratio,order,41.0,ACTUAL,VNSTOCK_BRONZE
HIO,LATEST,ratio,level,2.0,ACTUAL,VNSTOCK_BRONZE
HIO,LATEST,ratio,order,42.0,ACTUAL,VNSTOCK_BRONZE
HIO,LATEST,ratio,level,2.0,ACTUAL,VNSTOCK_BRONZE
HIO,LATEST,ratio,value,0.7680388034,ACTUAL,VNSTOCK_BRONZE
HIO,LATEST,ratio,order,43.0,ACTUAL,VNSTOCK_BRONZE
HIO,LATEST,ratio,level,2.0,ACTUAL,VNSTOCK_BRONZE
HIO,LATEST,ratio,value,0.0,ACTUAL,VNSTOCK_BRONZE
HIO,LATEST,ratio,order,44.0,ACTUAL,VNSTOCK_BRONZE
HIO,LATEST,ratio,level,2.0,ACTUAL,VNSTOCK_BRONZE
HIO,LATEST,ratio,value,0.0,ACTUAL,VNSTOCK_BRONZE
HIO,LATEST,ratio,order,45.0,ACTUAL,VNSTOCK_BRONZE
HIO,LATEST,ratio,level,1.0,ACTUAL,VNSTOCK_BRONZE
HIO,LATEST,ratio,order,46.0,ACTUAL,VNSTOCK_BRONZE
HIO,LATEST,ratio,level,2.0,ACTUAL,VNSTOCK_BRONZE
HIO,LATEST,ratio,value,0.0,ACTUAL,VNSTOCK_BRONZE
HIO,LATEST,ratio,order,47.0,ACTUAL,VNSTOCK_BRONZE
HIO,LATEST,ratio,level,2.0,ACTUAL,VNSTOCK_BRONZE
HIO,LATEST,ratio,value,0.0,ACTUAL,VNSTOCK_BRONZE
HIO,LATEST,ratio,order,48.0,ACTUAL,VNSTOCK_BRONZE
HIO,LATEST,ratio,level,2.0,ACTUAL,VNSTOCK_BRONZE
HIO,LATEST,ratio,value,0.0,ACTUAL,VNSTOCK_BRONZE
HIO,LATEST,ratio,order,49.0,ACTUAL,VNSTOCK_BRONZE
HIO,LATEST,ratio,level,2.0,ACTUAL,VNSTOCK_BRONZE
HIO,LATEST,ratio,value,0.0,ACTUAL,VNSTOCK_BRONZE
HIO,LATEST,ratio,order,50.0,ACTUAL,VNSTOCK_BRONZE
HIO,LATEST,ratio,level,2.0,ACTUAL,VNSTOCK_BRONZE
HIO,LATEST,ratio,value,0.0,ACTUAL,VNSTOCK_BRONZE
HIO,LATEST,ratio,order,51.0,ACTUAL,VNSTOCK_BRONZE
HIO,LATEST,ratio,level,2.0,ACTUAL,VNSTOCK_BRONZE
HIO,LATEST,ratio,value,0.0,ACTUAL,VNSTOCK_BRONZE
HIO,LATEST,ratio,order,52.0,ACTUAL,VNSTOCK_BRONZE
HIO,LATEST,ratio,level,2.0,ACTUAL,VNSTOCK_BRONZE
HIO,LATEST,ratio,value,0.0,ACTUAL,VNSTOCK_BRONZE
HIO,LATEST,ratio,order,53.0,ACTUAL,VNSTOCK_BRONZE
HIO,LATEST,ratio,level,2.0,ACTUAL,VNSTOCK_BRONZE
HIO,LATEST,ratio,value,0.0,ACTUAL,VNSTOCK_BRONZE
HIO,LATEST,ratio,order,54.0,ACTUAL,VNSTOCK_BRONZE
HIO,LATEST,ratio,level,2.0,ACTUAL,VNSTOCK_BRONZE
HIO,LATEST,ratio,value,0.0,ACTUAL,VNSTOCK_BRONZE
HIO,LATEST,ratio,order,55.0,ACTUAL,VNSTOCK_BRONZE
HIO,LATEST,ratio,level,2.0,ACTUAL,VNSTOCK_BRONZE
HIO,LATEST,ratio,value,0.0,ACTUAL,VNSTOCK_BRONZE
HIO,LATEST,ratio,order,56.0,ACTUAL,VNSTOCK_BRONZE
HIO,LATEST,ratio,level,2.0,ACTUAL,VNSTOCK_BRONZE
HIO,LATEST,ratio,value,0.0,ACTUAL,VNSTOCK_BRONZE
HIO,LATEST,ratio,order,57.0,ACTUAL,VNSTOCK_BRONZE
HIO,LATEST,ratio,level,2.0,ACTUAL,VNSTOCK_BRONZE
HIO,LATEST,ratio,order,58.0,ACTUAL,VNSTOCK_BRONZE
HIO,LATEST,ratio,level,2.0,ACTUAL,VNSTOCK_BRONZE
HIO,LATEST,ratio,order,59.0,ACTUAL,VNSTOCK_BRONZE
HIO,LATEST,ratio,level,2.0,ACTUAL,VNSTOCK_BRONZE
HIO,LATEST,ratio,value,0.0,ACTUAL,VNSTOCK_BRONZE
HIO,LATEST,ratio,order,60.0,ACTUAL,VNSTOCK_BRONZE
HIO,LATEST,ratio,level,2.0,ACTUAL,VNSTOCK_BRONZE
HIO,LATEST,ratio,value,0.0,ACTUAL,VNSTOCK_BRONZE
HIO,LATEST,ratio,order,1.0,ACTUAL,VNSTOCK_BRONZE
HIO,LATEST,ratio,level,1.0,ACTUAL,VNSTOCK_BRONZE
HIO,LATEST,ratio,order,2.0,ACTUAL,VNSTOCK_BRONZE
HIO,LATEST,ratio,level,2.0,ACTUAL,VNSTOCK_BRONZE
HIO,LATEST,ratio,value,10.3578355493,ACTUAL,VNSTOCK_BRONZE
HIO,LATEST,ratio,order,3.0,ACTUAL,VNSTOCK_BRONZE
HIO,LATEST,ratio,level,2.0,ACTUAL,VNSTOCK_BRONZE
HIO,LATEST,ratio,value,0.6018410803,ACTUAL,VNSTOCK_BRONZE
HIO,LATEST,ratio,order,4.0,ACTUAL,VNSTOCK_BRONZE
HIO,LATEST,ratio,level,2.0,ACTUAL,VNSTOCK_BRONZE
HIO,LATEST,ratio,value,1.3923421086,ACTUAL,VNSTOCK_BRONZE
HIO,LATEST,ratio,order,5.0,ACTUAL,VNSTOCK_BRONZE
HIO,LATEST,ratio,level,2.0,ACTUAL,VNSTOCK_BRONZE
HIO,LATEST,ratio,value,18.582849923,ACTUAL,VNSTOCK_BRONZE
HIO,LATEST,ratio,order,6.0,ACTUAL,VNSTOCK_BRONZE
HIO,LATEST,ratio,level,2.0,ACTUAL,VNSTOCK_BRONZE
HIO,LATEST,ratio,value,4.3023157262,ACTUAL,VNSTOCK_BRONZE
HIO,LATEST,ratio,order,7.0,ACTUAL,VNSTOCK_BRONZE
HIO,LATEST,ratio,level,2.0,ACTUAL,VNSTOCK_BRONZE
HIO,LATEST,ratio,value,0.0,ACTUAL,VNSTOCK_BRONZE
HIO,LATEST,ratio,order,8.0,ACTUAL,VNSTOCK_BRONZE
HIO,LATEST,ratio,level,2.0,ACTUAL,VNSTOCK_BRONZE
HIO,LATEST,ratio,value,157983000000.0,ACTUAL,VNSTOCK_BRONZE
HIO,LATEST,ratio,order,9.0,ACTUAL,VNSTOCK_BRONZE
HIO,LATEST,ratio,level,2.0,ACTUAL,VNSTOCK_BRONZE
HIO,LATEST,ratio,order,10.0,ACTUAL,VNSTOCK_BRONZE
HIO,LATEST,ratio,level,2.0,ACTUAL,VNSTOCK_BRONZE
HIO,LATEST,ratio,order,11.0,ACTUAL,VNSTOCK_BRONZE
HIO,LATEST,ratio,level,2.0,ACTUAL,VNSTOCK_BRONZE
HIO,LATEST,ratio,order,12.0,ACTUAL,VNSTOCK_BRONZE
HIO,LATEST,ratio,level,2.0,ACTUAL,VNSTOCK_BRONZE
HIO,LATEST,ratio,value,35447703305.0,ACTUAL,VNSTOCK_BRONZE
HIO,LATEST,ratio,order,13.0,ACTUAL,VNSTOCK_BRONZE
HIO,LATEST,ratio,level,2.0,ACTUAL,VNSTOCK_BRONZE
HIO,LATEST,ratio,value,79181823679.0,ACTUAL,VNSTOCK_BRONZE
HIO,LATEST,ratio,order,14.0,ACTUAL,VNSTOCK_BRONZE
HIO,LATEST,ratio,level,2.0,ACTUAL,VNSTOCK_BRONZE
HIO,LATEST,ratio,value,0.5402828939,ACTUAL,VNSTOCK_BRONZE
HIO,LATEST,ratio,order,15.0,ACTUAL,VNSTOCK_BRONZE
HIO,LATEST,ratio,level,2.0,ACTUAL,VNSTOCK_BRONZE
HIO,LATEST,ratio,value,21000000.0,ACTUAL,VNSTOCK_BRONZE
HIO,LATEST,ratio,order,16.0,ACTUAL,VNSTOCK_BRONZE
HIO,LATEST,ratio,level,1.0,ACTUAL,VNSTOCK_BRONZE
HIO,LATEST,ratio,order,17.0,ACTUAL,VNSTOCK_BRONZE
HIO,LATEST,ratio,level,2.0,ACTUAL,VNSTOCK_BRONZE
HIO,LATEST,ratio,value,0.0594960316,ACTUAL,VNSTOCK_BRONZE
HIO,LATEST,ratio,order,18.0,ACTUAL,VNSTOCK_BRONZE
HIO,LATEST,ratio,level,2.0,ACTUAL,VNSTOCK_BRONZE
HIO,LATEST,ratio,value,0.0305168519,ACTUAL,VNSTOCK_BRONZE
HIO,LATEST,ratio,order,19.0,ACTUAL,VNSTOCK_BRONZE
HIO,LATEST,ratio,level,2.0,ACTUAL,VNSTOCK_BRONZE
HIO,LATEST,ratio,value,0.075137818,ACTUAL,VNSTOCK_BRONZE
HIO,LATEST,ratio,order,20.0,ACTUAL,VNSTOCK_BRONZE
HIO,LATEST,ratio,level,2.0,ACTUAL,VNSTOCK_BRONZE
HIO,LATEST,ratio,value,0.394364103,ACTUAL,VNSTOCK_BRONZE
HIO,LATEST,ratio,order,21.0,ACTUAL,VNSTOCK_BRONZE
HIO,LATEST,ratio,level,2.0,ACTUAL,VNSTOCK_BRONZE
HIO,LATEST,ratio,value,0.3124091197,ACTUAL,VNSTOCK_BRONZE
HIO,LATEST,ratio,order,22.0,ACTUAL,VNSTOCK_BRONZE
HIO,LATEST,ratio,level,2.0,ACTUAL,VNSTOCK_BRONZE
HIO,LATEST,ratio,value,0.1997102299,ACTUAL,VNSTOCK_BRONZE
HIO,LATEST,ratio,order,23.0,ACTUAL,VNSTOCK_BRONZE
HIO,LATEST,ratio,level,2.0,ACTUAL,VNSTOCK_BRONZE
HIO,LATEST,ratio,value,0.1344240408,ACTUAL,VNSTOCK_BRONZE
HIO,LATEST,ratio,order,24.0,ACTUAL,VNSTOCK_BRONZE
HIO,LATEST,ratio,level,2.0,ACTUAL,VNSTOCK_BRONZE
HIO,LATEST,ratio,value,0.2270193018,ACTUAL,VNSTOCK_BRONZE
HIO,LATEST,ratio,order,25.0,ACTUAL,VNSTOCK_BRONZE
HIO,LATEST,ratio,level,2.0,ACTUAL,VNSTOCK_BRONZE
HIO,LATEST,ratio,value,0.3402736955,ACTUAL,VNSTOCK_BRONZE
HIO,LATEST,ratio,order,26.0,ACTUAL,VNSTOCK_BRONZE
HIO,LATEST,ratio,level,2.0,ACTUAL,VNSTOCK_BRONZE
HIO,LATEST,ratio,value,92.884100779,ACTUAL,VNSTOCK_BRONZE
HIO,LATEST,ratio,order,27.0,ACTUAL,VNSTOCK_BRONZE
HIO,LATEST,ratio,level,2.0,ACTUAL,VNSTOCK_BRONZE
HIO,LATEST,ratio,value,0.6415338204,ACTUAL,VNSTOCK_BRONZE
HIO,LATEST,ratio,order,28.0,ACTUAL,VNSTOCK_BRONZE
HIO,LATEST,ratio,level,2.0,ACTUAL,VNSTOCK_BRONZE
HIO,LATEST,ratio,value,16.1316094316,ACTUAL,VNSTOCK_BRONZE
HIO,LATEST,ratio,order,29.0,ACTUAL,VNSTOCK_BRONZE
HIO,LATEST,ratio,level,2.0,ACTUAL,VNSTOCK_BRONZE
HIO,LATEST,ratio,value,167.0854317957,ACTUAL,VNSTOCK_BRONZE
HIO,LATEST,ratio,order,30.0,ACTUAL,VNSTOCK_BRONZE
HIO,LATEST,ratio,level,1.0,ACTUAL,VNSTOCK_BRONZE
HIO,LATEST,ratio,order,31.0,ACTUAL,VNSTOCK_BRONZE
HIO,LATEST,ratio,level,2.0,ACTUAL,VNSTOCK_BRONZE
HIO,LATEST,ratio,value,1.1883376164,ACTUAL,VNSTOCK_BRONZE
HIO,LATEST,ratio,order,32.0,ACTUAL,VNSTOCK_BRONZE
HIO,LATEST,ratio,level,2.0,ACTUAL,VNSTOCK_BRONZE
HIO,LATEST,ratio,value,1.1879374295,ACTUAL,VNSTOCK_BRONZE
HIO,LATEST,ratio,order,33.0,ACTUAL,VNSTOCK_BRONZE
HIO,LATEST,ratio,level,2.0,ACTUAL,VNSTOCK_BRONZE
HIO,LATEST,ratio,value,0.3475861886,ACTUAL,VNSTOCK_BRONZE
HIO,LATEST,ratio,order,34.0,ACTUAL,VNSTOCK_BRONZE
HIO,LATEST,ratio,level,2.0,ACTUAL,VNSTOCK_BRONZE
HIO,LATEST,ratio,order,35.0,ACTUAL,VNSTOCK_BRONZE
HIO,LATEST,ratio,level,2.0,ACTUAL,VNSTOCK_BRONZE
HIO,LATEST,ratio,order,36.0,ACTUAL,VNSTOCK_BRONZE
HIO,LATEST,ratio,level,2.0,ACTUAL,VNSTOCK_BRONZE
HIO,LATEST,ratio,order,37.0,ACTUAL,VNSTOCK_BRONZE
HIO,LATEST,ratio,level,2.0,ACTUAL,VNSTOCK_BRONZE
HIO,LATEST,ratio,order,38.0,ACTUAL,VNSTOCK_BRONZE
HIO,LATEST,ratio,level,1.0,ACTUAL,VNSTOCK_BRONZE
HIO,LATEST,ratio,order,39.0,ACTUAL,VNSTOCK_BRONZE
HIO,LATEST,ratio,level,2.0,ACTUAL,VNSTOCK_BRONZE
HIO,LATEST,ratio,value,0.8323259325,ACTUAL,VNSTOCK_BRONZE
HIO,LATEST,ratio,order,40.0,ACTUAL,VNSTOCK_BRONZE
HIO,LATEST,ratio,level,2.0,ACTUAL,VNSTOCK_BRONZE
HIO,LATEST,ratio,value,0.7972189741,ACTUAL,VNSTOCK_BRONZE
HIO,LATEST,ratio,order,41.0,ACTUAL,VNSTOCK_BRONZE
HIO,LATEST,ratio,level,2.0,ACTUAL,VNSTOCK_BRONZE
HIO,LATEST,ratio,order,42.0,ACTUAL,VNSTOCK_BRONZE
HIO,LATEST,ratio,level,2.0,ACTUAL,VNSTOCK_BRONZE
HIO,LATEST,ratio,value,0.8323259325,ACTUAL,VNSTOCK_BRONZE
HIO,LATEST,ratio,order,43.0,ACTUAL,VNSTOCK_BRONZE
HIO,LATEST,ratio,level,2.0,ACTUAL,VNSTOCK_BRONZE
HIO,LATEST,ratio,value,0.0,ACTUAL,VNSTOCK_BRONZE
HIO,LATEST,ratio,order,44.0,ACTUAL,VNSTOCK_BRONZE
HIO,LATEST,ratio,level,2.0,ACTUAL,VNSTOCK_BRONZE
HIO,LATEST,ratio,value,0.0,ACTUAL,VNSTOCK_BRONZE
HIO,LATEST,ratio,order,45.0,ACTUAL,VNSTOCK_BRONZE
HIO,LATEST,ratio,level,1.0,ACTUAL,VNSTOCK_BRONZE
HIO,LATEST,ratio,order,46.0,ACTUAL,VNSTOCK_BRONZE
HIO,LATEST,ratio,level,2.0,ACTUAL,VNSTOCK_BRONZE
HIO,LATEST,ratio,value,0.0,ACTUAL,VNSTOCK_BRONZE
HIO,LATEST,ratio,order,47.0,ACTUAL,VNSTOCK_BRONZE
HIO,LATEST,ratio,level,2.0,ACTUAL,VNSTOCK_BRONZE
HIO,LATEST,ratio,value,0.0,ACTUAL,VNSTOCK_BRONZE
HIO,LATEST,ratio,order,48.0,ACTUAL,VNSTOCK_BRONZE
HIO,LATEST,ratio,level,2.0,ACTUAL,VNSTOCK_BRONZE
HIO,LATEST,ratio,value,0.0,ACTUAL,VNSTOCK_BRONZE
HIO,LATEST,ratio,order,49.0,ACTUAL,VNSTOCK_BRONZE
HIO,LATEST,ratio,level,2.0,ACTUAL,VNSTOCK_BRONZE
HIO,LATEST,ratio,value,0.0,ACTUAL,VNSTOCK_BRONZE
HIO,LATEST,ratio,order,50.0,ACTUAL,VNSTOCK_BRONZE
HIO,LATEST,ratio,level,2.0,ACTUAL,VNSTOCK_BRONZE
HIO,LATEST,ratio,value,0.0,ACTUAL,VNSTOCK_BRONZE
HIO,LATEST,ratio,order,51.0,ACTUAL,VNSTOCK_BRONZE
HIO,LATEST,ratio,level,2.0,ACTUAL,VNSTOCK_BRONZE
HIO,LATEST,ratio,value,0.0,ACTUAL,VNSTOCK_BRONZE
HIO,LATEST,ratio,order,52.0,ACTUAL,VNSTOCK_BRONZE
HIO,LATEST,ratio,level,2.0,ACTUAL,VNSTOCK_BRONZE
HIO,LATEST,ratio,value,0.0,ACTUAL,VNSTOCK_BRONZE
HIO,LATEST,ratio,order,53.0,ACTUAL,VNSTOCK_BRONZE
HIO,LATEST,ratio,level,2.0,ACTUAL,VNSTOCK_BRONZE
HIO,LATEST,ratio,value,0.0,ACTUAL,VNSTOCK_BRONZE
HIO,LATEST,ratio,order,54.0,ACTUAL,VNSTOCK_BRONZE
HIO,LATEST,ratio,level,2.0,ACTUAL,VNSTOCK_BRONZE
HIO,LATEST,ratio,value,0.0,ACTUAL,VNSTOCK_BRONZE
HIO,LATEST,ratio,order,55.0,ACTUAL,VNSTOCK_BRONZE
HIO,LATEST,ratio,level,2.0,ACTUAL,VNSTOCK_BRONZE
HIO,LATEST,ratio,value,0.0,ACTUAL,VNSTOCK_BRONZE
HIO,LATEST,ratio,order,56.0,ACTUAL,VNSTOCK_BRONZE
HIO,LATEST,ratio,level,2.0,ACTUAL,VNSTOCK_BRONZE
HIO,LATEST,ratio,value,0.0,ACTUAL,VNSTOCK_BRONZE
HIO,LATEST,ratio,order,57.0,ACTUAL,VNSTOCK_BRONZE
HIO,LATEST,ratio,level,2.0,ACTUAL,VNSTOCK_BRONZE
HIO,LATEST,ratio,order,58.0,ACTUAL,VNSTOCK_BRONZE
HIO,LATEST,ratio,level,2.0,ACTUAL,VNSTOCK_BRONZE
HIO,LATEST,ratio,order,59.0,ACTUAL,VNSTOCK_BRONZE
HIO,LATEST,ratio,level,2.0,ACTUAL,VNSTOCK_BRONZE
HIO,LATEST,ratio,value,0.0,ACTUAL,VNSTOCK_BRONZE
HIO,LATEST,ratio,order,60.0,ACTUAL,VNSTOCK_BRONZE
HIO,LATEST,ratio,level,2.0,ACTUAL,VNSTOCK_BRONZE
HIO,LATEST,ratio,value,0.0,ACTUAL,VNSTOCK_BRONZE
HIO,LATEST,ratio,order,1.0,ACTUAL,VNSTOCK_BRONZE
HIO,LATEST,ratio,level,1.0,ACTUAL,VNSTOCK_BRONZE
HIO,LATEST,ratio,order,2.0,ACTUAL,VNSTOCK_BRONZE
HIO,LATEST,ratio,level,2.0,ACTUAL,VNSTOCK_BRONZE
HIO,LATEST,ratio,value,8.5450973711,ACTUAL,VNSTOCK_BRONZE
HIO,LATEST,ratio,order,3.0,ACTUAL,VNSTOCK_BRONZE
HIO,LATEST,ratio,level,2.0,ACTUAL,VNSTOCK_BRONZE
HIO,LATEST,ratio,value,0.573960461,ACTUAL,VNSTOCK_BRONZE
HIO,LATEST,ratio,order,4.0,ACTUAL,VNSTOCK_BRONZE
HIO,LATEST,ratio,level,2.0,ACTUAL,VNSTOCK_BRONZE
HIO,LATEST,ratio,value,1.2809158791,ACTUAL,VNSTOCK_BRONZE
HIO,LATEST,ratio,order,5.0,ACTUAL,VNSTOCK_BRONZE
HIO,LATEST,ratio,level,2.0,ACTUAL,VNSTOCK_BRONZE
HIO,LATEST,ratio,value,4.2654997338,ACTUAL,VNSTOCK_BRONZE
HIO,LATEST,ratio,order,6.0,ACTUAL,VNSTOCK_BRONZE
HIO,LATEST,ratio,level,2.0,ACTUAL,VNSTOCK_BRONZE
HIO,LATEST,ratio,value,4.2394304367,ACTUAL,VNSTOCK_BRONZE
HIO,LATEST,ratio,order,7.0,ACTUAL,VNSTOCK_BRONZE
HIO,LATEST,ratio,level,2.0,ACTUAL,VNSTOCK_BRONZE
HIO,LATEST,ratio,value,0.0,ACTUAL,VNSTOCK_BRONZE
HIO,LATEST,ratio,order,8.0,ACTUAL,VNSTOCK_BRONZE
HIO,LATEST,ratio,level,2.0,ACTUAL,VNSTOCK_BRONZE
HIO,LATEST,ratio,value,147882000000.0,ACTUAL,VNSTOCK_BRONZE
HIO,LATEST,ratio,order,9.0,ACTUAL,VNSTOCK_BRONZE
HIO,LATEST,ratio,level,2.0,ACTUAL,VNSTOCK_BRONZE
HIO,LATEST,ratio,order,10.0,ACTUAL,VNSTOCK_BRONZE
HIO,LATEST,ratio,level,2.0,ACTUAL,VNSTOCK_BRONZE
HIO,LATEST,ratio,order,11.0,ACTUAL,VNSTOCK_BRONZE
HIO,LATEST,ratio,level,2.0,ACTUAL,VNSTOCK_BRONZE
HIO,LATEST,ratio,order,12.0,ACTUAL,VNSTOCK_BRONZE
HIO,LATEST,ratio,level,2.0,ACTUAL,VNSTOCK_BRONZE
HIO,LATEST,ratio,value,38387106295.0,ACTUAL,VNSTOCK_BRONZE
HIO,LATEST,ratio,order,13.0,ACTUAL,VNSTOCK_BRONZE
HIO,LATEST,ratio,level,2.0,ACTUAL,VNSTOCK_BRONZE
HIO,LATEST,ratio,value,82695121642.0,ACTUAL,VNSTOCK_BRONZE
HIO,LATEST,ratio,order,14.0,ACTUAL,VNSTOCK_BRONZE
HIO,LATEST,ratio,level,2.0,ACTUAL,VNSTOCK_BRONZE
HIO,LATEST,ratio,value,0.6153822603,ACTUAL,VNSTOCK_BRONZE
HIO,LATEST,ratio,order,15.0,ACTUAL,VNSTOCK_BRONZE
HIO,LATEST,ratio,level,2.0,ACTUAL,VNSTOCK_BRONZE
HIO,LATEST,ratio,value,21000000.0,ACTUAL,VNSTOCK_BRONZE
HIO,LATEST,ratio,order,16.0,ACTUAL,VNSTOCK_BRONZE
HIO,LATEST,ratio,level,1.0,ACTUAL,VNSTOCK_BRONZE
HIO,LATEST,ratio,order,17.0,ACTUAL,VNSTOCK_BRONZE
HIO,LATEST,ratio,level,2.0,ACTUAL,VNSTOCK_BRONZE
HIO,LATEST,ratio,value,0.0684114538,ACTUAL,VNSTOCK_BRONZE
HIO,LATEST,ratio,order,18.0,ACTUAL,VNSTOCK_BRONZE
HIO,LATEST,ratio,level,2.0,ACTUAL,VNSTOCK_BRONZE
HIO,LATEST,ratio,value,0.0337891879,ACTUAL,VNSTOCK_BRONZE
HIO,LATEST,ratio,order,19.0,ACTUAL,VNSTOCK_BRONZE
HIO,LATEST,ratio,level,2.0,ACTUAL,VNSTOCK_BRONZE
HIO,LATEST,ratio,value,0.0795343901,ACTUAL,VNSTOCK_BRONZE
HIO,LATEST,ratio,order,20.0,ACTUAL,VNSTOCK_BRONZE
HIO,LATEST,ratio,level,2.0,ACTUAL,VNSTOCK_BRONZE
HIO,LATEST,ratio,value,0.4105955542,ACTUAL,VNSTOCK_BRONZE
HIO,LATEST,ratio,order,21.0,ACTUAL,VNSTOCK_BRONZE
HIO,LATEST,ratio,level,2.0,ACTUAL,VNSTOCK_BRONZE
HIO,LATEST,ratio,value,0.3324992494,ACTUAL,VNSTOCK_BRONZE
HIO,LATEST,ratio,order,22.0,ACTUAL,VNSTOCK_BRONZE
HIO,LATEST,ratio,level,2.0,ACTUAL,VNSTOCK_BRONZE
HIO,LATEST,ratio,value,0.2078195968,ACTUAL,VNSTOCK_BRONZE
HIO,LATEST,ratio,order,23.0,ACTUAL,VNSTOCK_BRONZE
HIO,LATEST,ratio,level,2.0,ACTUAL,VNSTOCK_BRONZE
HIO,LATEST,ratio,value,0.1499006768,ACTUAL,VNSTOCK_BRONZE
HIO,LATEST,ratio,order,24.0,ACTUAL,VNSTOCK_BRONZE
HIO,LATEST,ratio,level,2.0,ACTUAL,VNSTOCK_BRONZE
HIO,LATEST,ratio,value,0.2254105091,ACTUAL,VNSTOCK_BRONZE
HIO,LATEST,ratio,order,25.0,ACTUAL,VNSTOCK_BRONZE
HIO,LATEST,ratio,level,2.0,ACTUAL,VNSTOCK_BRONZE
HIO,LATEST,ratio,value,0.3362091372,ACTUAL,VNSTOCK_BRONZE
HIO,LATEST,ratio,order,26.0,ACTUAL,VNSTOCK_BRONZE
HIO,LATEST,ratio,level,2.0,ACTUAL,VNSTOCK_BRONZE
HIO,LATEST,ratio,value,85.4233847418,ACTUAL,VNSTOCK_BRONZE
HIO,LATEST,ratio,order,27.0,ACTUAL,VNSTOCK_BRONZE
HIO,LATEST,ratio,level,2.0,ACTUAL,VNSTOCK_BRONZE
HIO,LATEST,ratio,value,1.2862356102,ACTUAL,VNSTOCK_BRONZE
HIO,LATEST,ratio,order,28.0,ACTUAL,VNSTOCK_BRONZE
HIO,LATEST,ratio,level,2.0,ACTUAL,VNSTOCK_BRONZE
HIO,LATEST,ratio,value,16.0564544887,ACTUAL,VNSTOCK_BRONZE
HIO,LATEST,ratio,order,29.0,ACTUAL,VNSTOCK_BRONZE
HIO,LATEST,ratio,level,2.0,ACTUAL,VNSTOCK_BRONZE
HIO,LATEST,ratio,value,141.8737740614,ACTUAL,VNSTOCK_BRONZE
HIO,LATEST,ratio,order,30.0,ACTUAL,VNSTOCK_BRONZE
HIO,LATEST,ratio,level,1.0,ACTUAL,VNSTOCK_BRONZE
HIO,LATEST,ratio,order,31.0,ACTUAL,VNSTOCK_BRONZE
HIO,LATEST,ratio,level,2.0,ACTUAL,VNSTOCK_BRONZE
HIO,LATEST,ratio,value,1.1811982633,ACTUAL,VNSTOCK_BRONZE
HIO,LATEST,ratio,order,32.0,ACTUAL,VNSTOCK_BRONZE
HIO,LATEST,ratio,level,2.0,ACTUAL,VNSTOCK_BRONZE
HIO,LATEST,ratio,value,1.1792119617,ACTUAL,VNSTOCK_BRONZE
HIO,LATEST,ratio,order,33.0,ACTUAL,VNSTOCK_BRONZE
HIO,LATEST,ratio,level,2.0,ACTUAL,VNSTOCK_BRONZE
HIO,LATEST,ratio,value,0.2904898071,ACTUAL,VNSTOCK_BRONZE
HIO,LATEST,ratio,order,34.0,ACTUAL,VNSTOCK_BRONZE
HIO,LATEST,ratio,level,2.0,ACTUAL,VNSTOCK_BRONZE
HIO,LATEST,ratio,order,35.0,ACTUAL,VNSTOCK_BRONZE
HIO,LATEST,ratio,level,2.0,ACTUAL,VNSTOCK_BRONZE
HIO,LATEST,ratio,order,36.0,ACTUAL,VNSTOCK_BRONZE
HIO,LATEST,ratio,level,2.0,ACTUAL,VNSTOCK_BRONZE
HIO,LATEST,ratio,order,37.0,ACTUAL,VNSTOCK_BRONZE
HIO,LATEST,ratio,level,2.0,ACTUAL,VNSTOCK_BRONZE
HIO,LATEST,ratio,order,38.0,ACTUAL,VNSTOCK_BRONZE
HIO,LATEST,ratio,level,1.0,ACTUAL,VNSTOCK_BRONZE
HIO,LATEST,ratio,order,39.0,ACTUAL,VNSTOCK_BRONZE
HIO,LATEST,ratio,level,2.0,ACTUAL,VNSTOCK_BRONZE
HIO,LATEST,ratio,value,0.9141809634,ACTUAL,VNSTOCK_BRONZE
HIO,LATEST,ratio,order,40.0,ACTUAL,VNSTOCK_BRONZE
HIO,LATEST,ratio,level,2.0,ACTUAL,VNSTOCK_BRONZE
HIO,LATEST,ratio,value,0.8732557767,ACTUAL,VNSTOCK_BRONZE
HIO,LATEST,ratio,order,41.0,ACTUAL,VNSTOCK_BRONZE
HIO,LATEST,ratio,level,2.0,ACTUAL,VNSTOCK_BRONZE
HIO,LATEST,ratio,order,42.0,ACTUAL,VNSTOCK_BRONZE
HIO,LATEST,ratio,level,2.0,ACTUAL,VNSTOCK_BRONZE
HIO,LATEST,ratio,value,0.9141809634,ACTUAL,VNSTOCK_BRONZE
HIO,LATEST,ratio,order,43.0,ACTUAL,VNSTOCK_BRONZE
HIO,LATEST,ratio,level,2.0,ACTUAL,VNSTOCK_BRONZE
HIO,LATEST,ratio,value,0.0,ACTUAL,VNSTOCK_BRONZE
HIO,LATEST,ratio,order,44.0,ACTUAL,VNSTOCK_BRONZE
HIO,LATEST,ratio,level,2.0,ACTUAL,VNSTOCK_BRONZE
HIO,LATEST,ratio,value,0.0,ACTUAL,VNSTOCK_BRONZE
HIO,LATEST,ratio,order,45.0,ACTUAL,VNSTOCK_BRONZE
HIO,LATEST,ratio,level,1.0,ACTUAL,VNSTOCK_BRONZE
HIO,LATEST,ratio,order,46.0,ACTUAL,VNSTOCK_BRONZE
HIO,LATEST,ratio,level,2.0,ACTUAL,VNSTOCK_BRONZE
HIO,LATEST,ratio,value,0.0,ACTUAL,VNSTOCK_BRONZE
HIO,LATEST,ratio,order,47.0,ACTUAL,VNSTOCK_BRONZE
HIO,LATEST,ratio,level,2.0,ACTUAL,VNSTOCK_BRONZE
HIO,LATEST,ratio,value,0.0,ACTUAL,VNSTOCK_BRONZE
HIO,LATEST,ratio,order,48.0,ACTUAL,VNSTOCK_BRONZE
HIO,LATEST,ratio,level,2.0,ACTUAL,VNSTOCK_BRONZE
HIO,LATEST,ratio,value,0.0,ACTUAL,VNSTOCK_BRONZE
HIO,LATEST,ratio,order,49.0,ACTUAL,VNSTOCK_BRONZE
HIO,LATEST,ratio,level,2.0,ACTUAL,VNSTOCK_BRONZE
HIO,LATEST,ratio,value,0.0,ACTUAL,VNSTOCK_BRONZE
HIO,LATEST,ratio,order,50.0,ACTUAL,VNSTOCK_BRONZE
HIO,LATEST,ratio,level,2.0,ACTUAL,VNSTOCK_BRONZE
HIO,LATEST,ratio,value,0.0,ACTUAL,VNSTOCK_BRONZE
HIO,LATEST,ratio,order,51.0,ACTUAL,VNSTOCK_BRONZE
HIO,LATEST,ratio,level,2.0,ACTUAL,VNSTOCK_BRONZE
HIO,LATEST,ratio,value,0.0,ACTUAL,VNSTOCK_BRONZE
HIO,LATEST,ratio,order,52.0,ACTUAL,VNSTOCK_BRONZE
HIO,LATEST,ratio,level,2.0,ACTUAL,VNSTOCK_BRONZE
HIO,LATEST,ratio,value,0.0,ACTUAL,VNSTOCK_BRONZE
HIO,LATEST,ratio,order,53.0,ACTUAL,VNSTOCK_BRONZE
HIO,LATEST,ratio,level,2.0,ACTUAL,VNSTOCK_BRONZE
HIO,LATEST,ratio,value,0.0,ACTUAL,VNSTOCK_BRONZE
HIO,LATEST,ratio,order,54.0,ACTUAL,VNSTOCK_BRONZE
HIO,LATEST,ratio,level,2.0,ACTUAL,VNSTOCK_BRONZE
HIO,LATEST,ratio,value,0.0,ACTUAL,VNSTOCK_BRONZE
HIO,LATEST,ratio,order,55.0,ACTUAL,VNSTOCK_BRONZE
HIO,LATEST,ratio,level,2.0,ACTUAL,VNSTOCK_BRONZE
HIO,LATEST,ratio,value,0.0,ACTUAL,VNSTOCK_BRONZE
HIO,LATEST,ratio,order,56.0,ACTUAL,VNSTOCK_BRONZE
HIO,LATEST,ratio,level,2.0,ACTUAL,VNSTOCK_BRONZE
HIO,LATEST,ratio,value,0.0,ACTUAL,VNSTOCK_BRONZE
HIO,LATEST,ratio,order,57.0,ACTUAL,VNSTOCK_BRONZE
HIO,LATEST,ratio,level,2.0,ACTUAL,VNSTOCK_BRONZE
HIO,LATEST,ratio,order,58.0,ACTUAL,VNSTOCK_BRONZE
HIO,LATEST,ratio,level,2.0,ACTUAL,VNSTOCK_BRONZE
HIO,LATEST,ratio,order,59.0,ACTUAL,VNSTOCK_BRONZE
HIO,LATEST,ratio,level,2.0,ACTUAL,VNSTOCK_BRONZE
HIO,LATEST,ratio,value,0.0,ACTUAL,VNSTOCK_BRONZE
HIO,LATEST,ratio,order,60.0,ACTUAL,VNSTOCK_BRONZE
HIO,LATEST,ratio,level,2.0,ACTUAL,VNSTOCK_BRONZE
HIO,LATEST,ratio,value,0.0,ACTUAL,VNSTOCK_BRONZE
HIO,LATEST,ratio,order,1.0,ACTUAL,VNSTOCK_BRONZE
HIO,LATEST,ratio,level,1.0,ACTUAL,VNSTOCK_BRONZE
HIO,LATEST,ratio,order,2.0,ACTUAL,VNSTOCK_BRONZE
HIO,LATEST,ratio,level,2.0,ACTUAL,VNSTOCK_BRONZE
HIO,LATEST,ratio,value,7.3095852335,ACTUAL,VNSTOCK_BRONZE
HIO,LATEST,ratio,order,3.0,ACTUAL,VNSTOCK_BRONZE
HIO,LATEST,ratio,level,2.0,ACTUAL,VNSTOCK_BRONZE
HIO,LATEST,ratio,value,0.6068619963,ACTUAL,VNSTOCK_BRONZE
HIO,LATEST,ratio,order,4.0,ACTUAL,VNSTOCK_BRONZE
HIO,LATEST,ratio,level,2.0,ACTUAL,VNSTOCK_BRONZE
HIO,LATEST,ratio,value,1.2915162871,ACTUAL,VNSTOCK_BRONZE
HIO,LATEST,ratio,order,5.0,ACTUAL,VNSTOCK_BRONZE
HIO,LATEST,ratio,level,2.0,ACTUAL,VNSTOCK_BRONZE
HIO,LATEST,ratio,value,3.1855793562,ACTUAL,VNSTOCK_BRONZE
HIO,LATEST,ratio,order,6.0,ACTUAL,VNSTOCK_BRONZE
HIO,LATEST,ratio,level,2.0,ACTUAL,VNSTOCK_BRONZE
HIO,LATEST,ratio,value,4.1051662717,ACTUAL,VNSTOCK_BRONZE
HIO,LATEST,ratio,order,7.0,ACTUAL,VNSTOCK_BRONZE
HIO,LATEST,ratio,level,2.0,ACTUAL,VNSTOCK_BRONZE
HIO,LATEST,ratio,value,0.0,ACTUAL,VNSTOCK_BRONZE
HIO,LATEST,ratio,order,8.0,ACTUAL,VNSTOCK_BRONZE
HIO,LATEST,ratio,level,2.0,ACTUAL,VNSTOCK_BRONZE
HIO,LATEST,ratio,value,154077000000.0,ACTUAL,VNSTOCK_BRONZE
HIO,LATEST,ratio,order,9.0,ACTUAL,VNSTOCK_BRONZE
HIO,LATEST,ratio,level,2.0,ACTUAL,VNSTOCK_BRONZE
HIO,LATEST,ratio,order,10.0,ACTUAL,VNSTOCK_BRONZE
HIO,LATEST,ratio,level,2.0,ACTUAL,VNSTOCK_BRONZE
HIO,LATEST,ratio,order,11.0,ACTUAL,VNSTOCK_BRONZE
HIO,LATEST,ratio,level,2.0,ACTUAL,VNSTOCK_BRONZE
HIO,LATEST,ratio,order,12.0,ACTUAL,VNSTOCK_BRONZE
HIO,LATEST,ratio,level,2.0,ACTUAL,VNSTOCK_BRONZE
HIO,LATEST,ratio,value,44121082131.0,ACTUAL,VNSTOCK_BRONZE
HIO,LATEST,ratio,order,13.0,ACTUAL,VNSTOCK_BRONZE
HIO,LATEST,ratio,level,2.0,ACTUAL,VNSTOCK_BRONZE
HIO,LATEST,ratio,value,88965422005.0,ACTUAL,VNSTOCK_BRONZE
HIO,LATEST,ratio,order,14.0,ACTUAL,VNSTOCK_BRONZE
HIO,LATEST,ratio,level,2.0,ACTUAL,VNSTOCK_BRONZE
HIO,LATEST,ratio,value,0.6898372793,ACTUAL,VNSTOCK_BRONZE
HIO,LATEST,ratio,order,15.0,ACTUAL,VNSTOCK_BRONZE
HIO,LATEST,ratio,level,2.0,ACTUAL,VNSTOCK_BRONZE
HIO,LATEST,ratio,value,21000000.0,ACTUAL,VNSTOCK_BRONZE
HIO,LATEST,ratio,order,16.0,ACTUAL,VNSTOCK_BRONZE
HIO,LATEST,ratio,level,1.0,ACTUAL,VNSTOCK_BRONZE
HIO,LATEST,ratio,order,17.0,ACTUAL,VNSTOCK_BRONZE
HIO,LATEST,ratio,level,2.0,ACTUAL,VNSTOCK_BRONZE
HIO,LATEST,ratio,value,0.0864752328,ACTUAL,VNSTOCK_BRONZE
HIO,LATEST,ratio,order,18.0,ACTUAL,VNSTOCK_BRONZE
HIO,LATEST,ratio,level,2.0,ACTUAL,VNSTOCK_BRONZE
HIO,LATEST,ratio,value,0.0400811468,ACTUAL,VNSTOCK_BRONZE
HIO,LATEST,ratio,order,19.0,ACTUAL,VNSTOCK_BRONZE
HIO,LATEST,ratio,level,2.0,ACTUAL,VNSTOCK_BRONZE
HIO,LATEST,ratio,value,0.0891962004,ACTUAL,VNSTOCK_BRONZE
HIO,LATEST,ratio,order,20.0,ACTUAL,VNSTOCK_BRONZE
HIO,LATEST,ratio,level,2.0,ACTUAL,VNSTOCK_BRONZE
HIO,LATEST,ratio,value,0.4363998816,ACTUAL,VNSTOCK_BRONZE
HIO,LATEST,ratio,order,21.0,ACTUAL,VNSTOCK_BRONZE
HIO,LATEST,ratio,level,2.0,ACTUAL,VNSTOCK_BRONZE
HIO,LATEST,ratio,value,0.3698351874,ACTUAL,VNSTOCK_BRONZE
HIO,LATEST,ratio,order,22.0,ACTUAL,VNSTOCK_BRONZE
HIO,LATEST,ratio,level,2.0,ACTUAL,VNSTOCK_BRONZE
HIO,LATEST,ratio,value,0.2295712835,ACTUAL,VNSTOCK_BRONZE
HIO,LATEST,ratio,order,23.0,ACTUAL,VNSTOCK_BRONZE
HIO,LATEST,ratio,level,2.0,ACTUAL,VNSTOCK_BRONZE
HIO,LATEST,ratio,value,0.1766880399,ACTUAL,VNSTOCK_BRONZE
HIO,LATEST,ratio,order,24.0,ACTUAL,VNSTOCK_BRONZE
HIO,LATEST,ratio,level,2.0,ACTUAL,VNSTOCK_BRONZE
HIO,LATEST,ratio,value,0.2268469717,ACTUAL,VNSTOCK_BRONZE
HIO,LATEST,ratio,order,25.0,ACTUAL,VNSTOCK_BRONZE
HIO,LATEST,ratio,level,2.0,ACTUAL,VNSTOCK_BRONZE
HIO,LATEST,ratio,value,0.3329694479,ACTUAL,VNSTOCK_BRONZE
HIO,LATEST,ratio,order,26.0,ACTUAL,VNSTOCK_BRONZE
HIO,LATEST,ratio,level,2.0,ACTUAL,VNSTOCK_BRONZE
HIO,LATEST,ratio,value,97.8414211244,ACTUAL,VNSTOCK_BRONZE
HIO,LATEST,ratio,order,27.0,ACTUAL,VNSTOCK_BRONZE
HIO,LATEST,ratio,level,2.0,ACTUAL,VNSTOCK_BRONZE
HIO,LATEST,ratio,value,1.8650339484,ACTUAL,VNSTOCK_BRONZE
HIO,LATEST,ratio,order,28.0,ACTUAL,VNSTOCK_BRONZE
HIO,LATEST,ratio,level,2.0,ACTUAL,VNSTOCK_BRONZE
HIO,LATEST,ratio,value,14.083564528,ACTUAL,VNSTOCK_BRONZE
HIO,LATEST,ratio,order,29.0,ACTUAL,VNSTOCK_BRONZE
HIO,LATEST,ratio,level,2.0,ACTUAL,VNSTOCK_BRONZE
HIO,LATEST,ratio,value,140.0383758527,ACTUAL,VNSTOCK_BRONZE
HIO,LATEST,ratio,order,30.0,ACTUAL,VNSTOCK_BRONZE
HIO,LATEST,ratio,level,1.0,ACTUAL,VNSTOCK_BRONZE
HIO,LATEST,ratio,order,31.0,ACTUAL,VNSTOCK_BRONZE
HIO,LATEST,ratio,level,2.0,ACTUAL,VNSTOCK_BRONZE
HIO,LATEST,ratio,value,1.3928507697,ACTUAL,VNSTOCK_BRONZE
HIO,LATEST,ratio,order,32.0,ACTUAL,VNSTOCK_BRONZE
HIO,LATEST,ratio,level,2.0,ACTUAL,VNSTOCK_BRONZE
HIO,LATEST,ratio,value,1.3908792964,ACTUAL,VNSTOCK_BRONZE
HIO,LATEST,ratio,order,33.0,ACTUAL,VNSTOCK_BRONZE
HIO,LATEST,ratio,level,2.0,ACTUAL,VNSTOCK_BRONZE
HIO,LATEST,ratio,value,0.4242564382,ACTUAL,VNSTOCK_BRONZE
HIO,LATEST,ratio,order,34.0,ACTUAL,VNSTOCK_BRONZE
HIO,LATEST,ratio,level,2.0,ACTUAL,VNSTOCK_BRONZE
HIO,LATEST,ratio,order,35.0,ACTUAL,VNSTOCK_BRONZE
HIO,LATEST,ratio,level,2.0,ACTUAL,VNSTOCK_BRONZE
HIO,LATEST,ratio,order,36.0,ACTUAL,VNSTOCK_BRONZE
HIO,LATEST,ratio,level,2.0,ACTUAL,VNSTOCK_BRONZE
HIO,LATEST,ratio,order,37.0,ACTUAL,VNSTOCK_BRONZE
HIO,LATEST,ratio,level,2.0,ACTUAL,VNSTOCK_BRONZE
HIO,LATEST,ratio,order,38.0,ACTUAL,VNSTOCK_BRONZE
HIO,LATEST,ratio,level,1.0,ACTUAL,VNSTOCK_BRONZE
HIO,LATEST,ratio,order,39.0,ACTUAL,VNSTOCK_BRONZE
HIO,LATEST,ratio,level,2.0,ACTUAL,VNSTOCK_BRONZE
HIO,LATEST,ratio,value,0.9909403985,ACTUAL,VNSTOCK_BRONZE
HIO,LATEST,ratio,order,40.0,ACTUAL,VNSTOCK_BRONZE
HIO,LATEST,ratio,level,2.0,ACTUAL,VNSTOCK_BRONZE
HIO,LATEST,ratio,value,0.9482824957,ACTUAL,VNSTOCK_BRONZE
HIO,LATEST,ratio,order,41.0,ACTUAL,VNSTOCK_BRONZE
HIO,LATEST,ratio,level,2.0,ACTUAL,VNSTOCK_BRONZE
HIO,LATEST,ratio,order,42.0,ACTUAL,VNSTOCK_BRONZE
HIO,LATEST,ratio,level,2.0,ACTUAL,VNSTOCK_BRONZE
HIO,LATEST,ratio,value,0.9909403985,ACTUAL,VNSTOCK_BRONZE
HIO,LATEST,ratio,order,43.0,ACTUAL,VNSTOCK_BRONZE
HIO,LATEST,ratio,level,2.0,ACTUAL,VNSTOCK_BRONZE
HIO,LATEST,ratio,value,0.0,ACTUAL,VNSTOCK_BRONZE
HIO,LATEST,ratio,order,44.0,ACTUAL,VNSTOCK_BRONZE
HIO,LATEST,ratio,level,2.0,ACTUAL,VNSTOCK_BRONZE
HIO,LATEST,ratio,value,0.0,ACTUAL,VNSTOCK_BRONZE
HIO,LATEST,ratio,order,45.0,ACTUAL,VNSTOCK_BRONZE
HIO,LATEST,ratio,level,1.0,ACTUAL,VNSTOCK_BRONZE
HIO,LATEST,ratio,order,46.0,ACTUAL,VNSTOCK_BRONZE
HIO,LATEST,ratio,level,2.0,ACTUAL,VNSTOCK_BRONZE
HIO,LATEST,ratio,value,0.0,ACTUAL,VNSTOCK_BRONZE
HIO,LATEST,ratio,order,47.0,ACTUAL,VNSTOCK_BRONZE
HIO,LATEST,ratio,level,2.0,ACTUAL,VNSTOCK_BRONZE
HIO,LATEST,ratio,value,0.0,ACTUAL,VNSTOCK_BRONZE
HIO,LATEST,ratio,order,48.0,ACTUAL,VNSTOCK_BRONZE
HIO,LATEST,ratio,level,2.0,ACTUAL,VNSTOCK_BRONZE
HIO,LATEST,ratio,value,0.0,ACTUAL,VNSTOCK_BRONZE
HIO,LATEST,ratio,order,49.0,ACTUAL,VNSTOCK_BRONZE
HIO,LATEST,ratio,level,2.0,ACTUAL,VNSTOCK_BRONZE
HIO,LATEST,ratio,value,0.0,ACTUAL,VNSTOCK_BRONZE
HIO,LATEST,ratio,order,50.0,ACTUAL,VNSTOCK_BRONZE
HIO,LATEST,ratio,level,2.0,ACTUAL,VNSTOCK_BRONZE
HIO,LATEST,ratio,value,0.0,ACTUAL,VNSTOCK_BRONZE
HIO,LATEST,ratio,order,51.0,ACTUAL,VNSTOCK_BRONZE
HIO,LATEST,ratio,level,2.0,ACTUAL,VNSTOCK_BRONZE
HIO,LATEST,ratio,value,0.0,ACTUAL,VNSTOCK_BRONZE
HIO,LATEST,ratio,order,52.0,ACTUAL,VNSTOCK_BRONZE
HIO,LATEST,ratio,level,2.0,ACTUAL,VNSTOCK_BRONZE
HIO,LATEST,ratio,value,0.0,ACTUAL,VNSTOCK_BRONZE
HIO,LATEST,ratio,order,53.0,ACTUAL,VNSTOCK_BRONZE
HIO,LATEST,ratio,level,2.0,ACTUAL,VNSTOCK_BRONZE
HIO,LATEST,ratio,value,0.0,ACTUAL,VNSTOCK_BRONZE
HIO,LATEST,ratio,order,54.0,ACTUAL,VNSTOCK_BRONZE
HIO,LATEST,ratio,level,2.0,ACTUAL,VNSTOCK_BRONZE
HIO,LATEST,ratio,value,0.0,ACTUAL,VNSTOCK_BRONZE
HIO,LATEST,ratio,order,55.0,ACTUAL,VNSTOCK_BRONZE
HIO,LATEST,ratio,level,2.0,ACTUAL,VNSTOCK_BRONZE
HIO,LATEST,ratio,value,0.0,ACTUAL,VNSTOCK_BRONZE
HIO,LATEST,ratio,order,56.0,ACTUAL,VNSTOCK_BRONZE
HIO,LATEST,ratio,level,2.0,ACTUAL,VNSTOCK_BRONZE
HIO,LATEST,ratio,value,0.0,ACTUAL,VNSTOCK_BRONZE
HIO,LATEST,ratio,order,57.0,ACTUAL,VNSTOCK_BRONZE
HIO,LATEST,ratio,level,2.0,ACTUAL,VNSTOCK_BRONZE
HIO,LATEST,ratio,order,58.0,ACTUAL,VNSTOCK_BRONZE
HIO,LATEST,ratio,level,2.0,ACTUAL,VNSTOCK_BRONZE
HIO,LATEST,ratio,order,59.0,ACTUAL,VNSTOCK_BRONZE
HIO,LATEST,ratio,level,2.0,ACTUAL,VNSTOCK_BRONZE
HIO,LATEST,ratio,value,0.0,ACTUAL,VNSTOCK_BRONZE
HIO,LATEST,ratio,order,60.0,ACTUAL,VNSTOCK_BRONZE
HIO,LATEST,ratio,level,2.0,ACTUAL,VNSTOCK_BRONZE
HIO,LATEST,ratio,value,0.0,ACTUAL,VNSTOCK_BRONZE
HIO,LATEST,ratio,order,1.0,ACTUAL,VNSTOCK_BRONZE
HIO,LATEST,ratio,level,1.0,ACTUAL,VNSTOCK_BRONZE
HIO,LATEST,ratio,order,2.0,ACTUAL,VNSTOCK_BRONZE
HIO,LATEST,ratio,level,2.0,ACTUAL,VNSTOCK_BRONZE
HIO,LATEST,ratio,value,8.7786478537,ACTUAL,VNSTOCK_BRONZE
HIO,LATEST,ratio,order,3.0,ACTUAL,VNSTOCK_BRONZE
HIO,LATEST,ratio,level,2.0,ACTUAL,VNSTOCK_BRONZE
HIO,LATEST,ratio,value,0.6799400267,ACTUAL,VNSTOCK_BRONZE
HIO,LATEST,ratio,order,4.0,ACTUAL,VNSTOCK_BRONZE
HIO,LATEST,ratio,level,2.0,ACTUAL,VNSTOCK_BRONZE
HIO,LATEST,ratio,value,1.3880421978,ACTUAL,VNSTOCK_BRONZE
HIO,LATEST,ratio,order,5.0,ACTUAL,VNSTOCK_BRONZE
HIO,LATEST,ratio,level,2.0,ACTUAL,VNSTOCK_BRONZE
HIO,LATEST,ratio,value,2.3189906708,ACTUAL,VNSTOCK_BRONZE
HIO,LATEST,ratio,order,6.0,ACTUAL,VNSTOCK_BRONZE
HIO,LATEST,ratio,level,2.0,ACTUAL,VNSTOCK_BRONZE
HIO,LATEST,ratio,value,4.1942347187,ACTUAL,VNSTOCK_BRONZE
HIO,LATEST,ratio,order,7.0,ACTUAL,VNSTOCK_BRONZE
HIO,LATEST,ratio,level,2.0,ACTUAL,VNSTOCK_BRONZE
HIO,LATEST,ratio,value,0.0,ACTUAL,VNSTOCK_BRONZE
HIO,LATEST,ratio,order,8.0,ACTUAL,VNSTOCK_BRONZE
HIO,LATEST,ratio,level,2.0,ACTUAL,VNSTOCK_BRONZE
HIO,LATEST,ratio,value,170940000000.0,ACTUAL,VNSTOCK_BRONZE
HIO,LATEST,ratio,order,9.0,ACTUAL,VNSTOCK_BRONZE
HIO,LATEST,ratio,level,2.0,ACTUAL,VNSTOCK_BRONZE
HIO,LATEST,ratio,order,10.0,ACTUAL,VNSTOCK_BRONZE
HIO,LATEST,ratio,level,2.0,ACTUAL,VNSTOCK_BRONZE
HIO,LATEST,ratio,order,11.0,ACTUAL,VNSTOCK_BRONZE
HIO,LATEST,ratio,level,2.0,ACTUAL,VNSTOCK_BRONZE
HIO,LATEST,ratio,order,12.0,ACTUAL,VNSTOCK_BRONZE
HIO,LATEST,ratio,level,2.0,ACTUAL,VNSTOCK_BRONZE
HIO,LATEST,ratio,value,46217973509.0,ACTUAL,VNSTOCK_BRONZE
HIO,LATEST,ratio,order,13.0,ACTUAL,VNSTOCK_BRONZE
HIO,LATEST,ratio,level,2.0,ACTUAL,VNSTOCK_BRONZE
HIO,LATEST,ratio,value,91096678032.0,ACTUAL,VNSTOCK_BRONZE
HIO,LATEST,ratio,order,14.0,ACTUAL,VNSTOCK_BRONZE
HIO,LATEST,ratio,level,2.0,ACTUAL,VNSTOCK_BRONZE
HIO,LATEST,ratio,value,0.7624135025,ACTUAL,VNSTOCK_BRONZE
HIO,LATEST,ratio,order,15.0,ACTUAL,VNSTOCK_BRONZE
HIO,LATEST,ratio,level,2.0,ACTUAL,VNSTOCK_BRONZE
HIO,LATEST,ratio,value,21000000.0,ACTUAL,VNSTOCK_BRONZE
HIO,LATEST,ratio,order,16.0,ACTUAL,VNSTOCK_BRONZE
HIO,LATEST,ratio,level,1.0,ACTUAL,VNSTOCK_BRONZE
HIO,LATEST,ratio,order,17.0,ACTUAL,VNSTOCK_BRONZE
HIO,LATEST,ratio,level,2.0,ACTUAL,VNSTOCK_BRONZE
HIO,LATEST,ratio,value,0.0798829171,ACTUAL,VNSTOCK_BRONZE
HIO,LATEST,ratio,order,18.0,ACTUAL,VNSTOCK_BRONZE
HIO,LATEST,ratio,level,2.0,ACTUAL,VNSTOCK_BRONZE
HIO,LATEST,ratio,value,0.0364617653,ACTUAL,VNSTOCK_BRONZE
HIO,LATEST,ratio,order,19.0,ACTUAL,VNSTOCK_BRONZE
HIO,LATEST,ratio,level,2.0,ACTUAL,VNSTOCK_BRONZE
HIO,LATEST,ratio,value,0.0906992859,ACTUAL,VNSTOCK_BRONZE
HIO,LATEST,ratio,order,20.0,ACTUAL,VNSTOCK_BRONZE
HIO,LATEST,ratio,level,2.0,ACTUAL,VNSTOCK_BRONZE
HIO,LATEST,ratio,value,0.4445103937,ACTUAL,VNSTOCK_BRONZE
HIO,LATEST,ratio,order,21.0,ACTUAL,VNSTOCK_BRONZE
HIO,LATEST,ratio,level,2.0,ACTUAL,VNSTOCK_BRONZE
HIO,LATEST,ratio,value,0.3752924858,ACTUAL,VNSTOCK_BRONZE
HIO,LATEST,ratio,order,22.0,ACTUAL,VNSTOCK_BRONZE
HIO,LATEST,ratio,level,2.0,ACTUAL,VNSTOCK_BRONZE
HIO,LATEST,ratio,value,0.1822406942,ACTUAL,VNSTOCK_BRONZE
HIO,LATEST,ratio,order,23.0,ACTUAL,VNSTOCK_BRONZE
HIO,LATEST,ratio,level,2.0,ACTUAL,VNSTOCK_BRONZE
HIO,LATEST,ratio,value,0.1581157168,ACTUAL,VNSTOCK_BRONZE
HIO,LATEST,ratio,order,24.0,ACTUAL,VNSTOCK_BRONZE
HIO,LATEST,ratio,level,2.0,ACTUAL,VNSTOCK_BRONZE
HIO,LATEST,ratio,value,0.2306017774,ACTUAL,VNSTOCK_BRONZE
HIO,LATEST,ratio,order,25.0,ACTUAL,VNSTOCK_BRONZE
HIO,LATEST,ratio,level,2.0,ACTUAL,VNSTOCK_BRONZE
HIO,LATEST,ratio,value,0.3390222272,ACTUAL,VNSTOCK_BRONZE
HIO,LATEST,ratio,order,26.0,ACTUAL,VNSTOCK_BRONZE
HIO,LATEST,ratio,level,2.0,ACTUAL,VNSTOCK_BRONZE
HIO,LATEST,ratio,value,58.0346181461,ACTUAL,VNSTOCK_BRONZE
HIO,LATEST,ratio,order,27.0,ACTUAL,VNSTOCK_BRONZE
HIO,LATEST,ratio,level,2.0,ACTUAL,VNSTOCK_BRONZE
HIO,LATEST,ratio,value,2.3458106615,ACTUAL,VNSTOCK_BRONZE
HIO,LATEST,ratio,order,28.0,ACTUAL,VNSTOCK_BRONZE
HIO,LATEST,ratio,level,2.0,ACTUAL,VNSTOCK_BRONZE
HIO,LATEST,ratio,value,19.1425659935,ACTUAL,VNSTOCK_BRONZE
HIO,LATEST,ratio,order,29.0,ACTUAL,VNSTOCK_BRONZE
HIO,LATEST,ratio,level,2.0,ACTUAL,VNSTOCK_BRONZE
HIO,LATEST,ratio,value,88.9245175926,ACTUAL,VNSTOCK_BRONZE
HIO,LATEST,ratio,order,30.0,ACTUAL,VNSTOCK_BRONZE
HIO,LATEST,ratio,level,1.0,ACTUAL,VNSTOCK_BRONZE
HIO,LATEST,ratio,order,31.0,ACTUAL,VNSTOCK_BRONZE
HIO,LATEST,ratio,level,2.0,ACTUAL,VNSTOCK_BRONZE
HIO,LATEST,ratio,value,1.2433362811,ACTUAL,VNSTOCK_BRONZE
HIO,LATEST,ratio,order,32.0,ACTUAL,VNSTOCK_BRONZE
HIO,LATEST,ratio,level,2.0,ACTUAL,VNSTOCK_BRONZE
HIO,LATEST,ratio,value,1.2413639637,ACTUAL,VNSTOCK_BRONZE
HIO,LATEST,ratio,order,33.0,ACTUAL,VNSTOCK_BRONZE
HIO,LATEST,ratio,level,2.0,ACTUAL,VNSTOCK_BRONZE
HIO,LATEST,ratio,value,0.6182614591,ACTUAL,VNSTOCK_BRONZE
HIO,LATEST,ratio,order,34.0,ACTUAL,VNSTOCK_BRONZE
HIO,LATEST,ratio,level,2.0,ACTUAL,VNSTOCK_BRONZE
HIO,LATEST,ratio,order,35.0,ACTUAL,VNSTOCK_BRONZE
HIO,LATEST,ratio,level,2.0,ACTUAL,VNSTOCK_BRONZE
HIO,LATEST,ratio,order,36.0,ACTUAL,VNSTOCK_BRONZE
HIO,LATEST,ratio,level,2.0,ACTUAL,VNSTOCK_BRONZE
HIO,LATEST,ratio,order,37.0,ACTUAL,VNSTOCK_BRONZE
HIO,LATEST,ratio,level,2.0,ACTUAL,VNSTOCK_BRONZE
HIO,LATEST,ratio,order,38.0,ACTUAL,VNSTOCK_BRONZE
HIO,LATEST,ratio,level,1.0,ACTUAL,VNSTOCK_BRONZE
HIO,LATEST,ratio,order,39.0,ACTUAL,VNSTOCK_BRONZE
HIO,LATEST,ratio,level,2.0,ACTUAL,VNSTOCK_BRONZE
HIO,LATEST,ratio,value,1.0666498956,ACTUAL,VNSTOCK_BRONZE
HIO,LATEST,ratio,order,40.0,ACTUAL,VNSTOCK_BRONZE
HIO,LATEST,ratio,level,2.0,ACTUAL,VNSTOCK_BRONZE
HIO,LATEST,ratio,value,1.0269075476,ACTUAL,VNSTOCK_BRONZE
HIO,LATEST,ratio,order,41.0,ACTUAL,VNSTOCK_BRONZE
HIO,LATEST,ratio,level,2.0,ACTUAL,VNSTOCK_BRONZE
HIO,LATEST,ratio,order,42.0,ACTUAL,VNSTOCK_BRONZE
HIO,LATEST,ratio,level,2.0,ACTUAL,VNSTOCK_BRONZE
HIO,LATEST,ratio,value,1.0666498956,ACTUAL,VNSTOCK_BRONZE
HIO,LATEST,ratio,order,43.0,ACTUAL,VNSTOCK_BRONZE
HIO,LATEST,ratio,level,2.0,ACTUAL,VNSTOCK_BRONZE
HIO,LATEST,ratio,value,0.0,ACTUAL,VNSTOCK_BRONZE
HIO,LATEST,ratio,order,44.0,ACTUAL,VNSTOCK_BRONZE
HIO,LATEST,ratio,level,2.0,ACTUAL,VNSTOCK_BRONZE
HIO,LATEST,ratio,value,0.0,ACTUAL,VNSTOCK_BRONZE
HIO,LATEST,ratio,order,45.0,ACTUAL,VNSTOCK_BRONZE
HIO,LATEST,ratio,level,1.0,ACTUAL,VNSTOCK_BRONZE
HIO,LATEST,ratio,order,46.0,ACTUAL,VNSTOCK_BRONZE
HIO,LATEST,ratio,level,2.0,ACTUAL,VNSTOCK_BRONZE
HIO,LATEST,ratio,value,0.0,ACTUAL,VNSTOCK_BRONZE
HIO,LATEST,ratio,order,47.0,ACTUAL,VNSTOCK_BRONZE
HIO,LATEST,ratio,level,2.0,ACTUAL,VNSTOCK_BRONZE
HIO,LATEST,ratio,value,0.0,ACTUAL,VNSTOCK_BRONZE
HIO,LATEST,ratio,order,48.0,ACTUAL,VNSTOCK_BRONZE
HIO,LATEST,ratio,level,2.0,ACTUAL,VNSTOCK_BRONZE
HIO,LATEST,ratio,value,0.0,ACTUAL,VNSTOCK_BRONZE
HIO,LATEST,ratio,order,49.0,ACTUAL,VNSTOCK_BRONZE
HIO,LATEST,ratio,level,2.0,ACTUAL,VNSTOCK_BRONZE
HIO,LATEST,ratio,value,0.0,ACTUAL,VNSTOCK_BRONZE
HIO,LATEST,ratio,order,50.0,ACTUAL,VNSTOCK_BRONZE
HIO,LATEST,ratio,level,2.0,ACTUAL,VNSTOCK_BRONZE
HIO,LATEST,ratio,value,0.0,ACTUAL,VNSTOCK_BRONZE
HIO,LATEST,ratio,order,51.0,ACTUAL,VNSTOCK_BRONZE
HIO,LATEST,ratio,level,2.0,ACTUAL,VNSTOCK_BRONZE
HIO,LATEST,ratio,value,0.0,ACTUAL,VNSTOCK_BRONZE
HIO,LATEST,ratio,order,52.0,ACTUAL,VNSTOCK_BRONZE
HIO,LATEST,ratio,level,2.0,ACTUAL,VNSTOCK_BRONZE
HIO,LATEST,ratio,value,0.0,ACTUAL,VNSTOCK_BRONZE
HIO,LATEST,ratio,order,53.0,ACTUAL,VNSTOCK_BRONZE
HIO,LATEST,ratio,level,2.0,ACTUAL,VNSTOCK_BRONZE
HIO,LATEST,ratio,value,0.0,ACTUAL,VNSTOCK_BRONZE
HIO,LATEST,ratio,order,54.0,ACTUAL,VNSTOCK_BRONZE
HIO,LATEST,ratio,level,2.0,ACTUAL,VNSTOCK_BRONZE
HIO,LATEST,ratio,value,0.0,ACTUAL,VNSTOCK_BRONZE
HIO,LATEST,ratio,order,55.0,ACTUAL,VNSTOCK_BRONZE
HIO,LATEST,ratio,level,2.0,ACTUAL,VNSTOCK_BRONZE
HIO,LATEST,ratio,value,0.0,ACTUAL,VNSTOCK_BRONZE
HIO,LATEST,ratio,order,56.0,ACTUAL,VNSTOCK_BRONZE
HIO,LATEST,ratio,level,2.0,ACTUAL,VNSTOCK_BRONZE
HIO,LATEST,ratio,value,0.0,ACTUAL,VNSTOCK_BRONZE
HIO,LATEST,ratio,order,57.0,ACTUAL,VNSTOCK_BRONZE
HIO,LATEST,ratio,level,2.0,ACTUAL,VNSTOCK_BRONZE
HIO,LATEST,ratio,order,58.0,ACTUAL,VNSTOCK_BRONZE
HIO,LATEST,ratio,level,2.0,ACTUAL,VNSTOCK_BRONZE
HIO,LATEST,ratio,order,59.0,ACTUAL,VNSTOCK_BRONZE
HIO,LATEST,ratio,level,2.0,ACTUAL,VNSTOCK_BRONZE
HIO,LATEST,ratio,value,0.0,ACTUAL,VNSTOCK_BRONZE
HIO,LATEST,ratio,order,60.0,ACTUAL,VNSTOCK_BRONZE
HIO,LATEST,ratio,level,2.0,ACTUAL,VNSTOCK_BRONZE
HIO,LATEST,ratio,value,0.0,ACTUAL,VNSTOCK_BRONZE
HIO,LATEST,ratio,order,1.0,ACTUAL,VNSTOCK_BRONZE
HIO,LATEST,ratio,level,1.0,ACTUAL,VNSTOCK_BRONZE
HIO,LATEST,ratio,order,2.0,ACTUAL,VNSTOCK_BRONZE
HIO,LATEST,ratio,level,2.0,ACTUAL,VNSTOCK_BRONZE
HIO,LATEST,ratio,value,11.3999985106,ACTUAL,VNSTOCK_BRONZE
HIO,LATEST,ratio,order,3.0,ACTUAL,VNSTOCK_BRONZE
HIO,LATEST,ratio,level,2.0,ACTUAL,VNSTOCK_BRONZE
HIO,LATEST,ratio,value,0.9158958759,ACTUAL,VNSTOCK_BRONZE
HIO,LATEST,ratio,order,4.0,ACTUAL,VNSTOCK_BRONZE
HIO,LATEST,ratio,level,2.0,ACTUAL,VNSTOCK_BRONZE
HIO,LATEST,ratio,value,1.8226502501,ACTUAL,VNSTOCK_BRONZE
HIO,LATEST,ratio,order,5.0,ACTUAL,VNSTOCK_BRONZE
HIO,LATEST,ratio,level,2.0,ACTUAL,VNSTOCK_BRONZE
HIO,LATEST,ratio,value,3.4515478028,ACTUAL,VNSTOCK_BRONZE
HIO,LATEST,ratio,order,6.0,ACTUAL,VNSTOCK_BRONZE
HIO,LATEST,ratio,level,2.0,ACTUAL,VNSTOCK_BRONZE
HIO,LATEST,ratio,value,5.7624023176,ACTUAL,VNSTOCK_BRONZE
HIO,LATEST,ratio,order,7.0,ACTUAL,VNSTOCK_BRONZE
HIO,LATEST,ratio,level,2.0,ACTUAL,VNSTOCK_BRONZE
HIO,LATEST,ratio,value,0.0,ACTUAL,VNSTOCK_BRONZE
HIO,LATEST,ratio,order,8.0,ACTUAL,VNSTOCK_BRONZE
HIO,LATEST,ratio,level,2.0,ACTUAL,VNSTOCK_BRONZE
HIO,LATEST,ratio,value,227997000000.0,ACTUAL,VNSTOCK_BRONZE
HIO,LATEST,ratio,order,9.0,ACTUAL,VNSTOCK_BRONZE
HIO,LATEST,ratio,level,2.0,ACTUAL,VNSTOCK_BRONZE
HIO,LATEST,ratio,order,10.0,ACTUAL,VNSTOCK_BRONZE
HIO,LATEST,ratio,level,2.0,ACTUAL,VNSTOCK_BRONZE
HIO,LATEST,ratio,order,11.0,ACTUAL,VNSTOCK_BRONZE
HIO,LATEST,ratio,level,2.0,ACTUAL,VNSTOCK_BRONZE
HIO,LATEST,ratio,order,12.0,ACTUAL,VNSTOCK_BRONZE
HIO,LATEST,ratio,level,2.0,ACTUAL,VNSTOCK_BRONZE
HIO,LATEST,ratio,value,48178076451.0,ACTUAL,VNSTOCK_BRONZE
HIO,LATEST,ratio,order,13.0,ACTUAL,VNSTOCK_BRONZE
HIO,LATEST,ratio,level,2.0,ACTUAL,VNSTOCK_BRONZE
HIO,LATEST,ratio,value,81894778281.0,ACTUAL,VNSTOCK_BRONZE
HIO,LATEST,ratio,order,14.0,ACTUAL,VNSTOCK_BRONZE
HIO,LATEST,ratio,level,2.0,ACTUAL,VNSTOCK_BRONZE
HIO,LATEST,ratio,value,0.8355840275,ACTUAL,VNSTOCK_BRONZE
HIO,LATEST,ratio,order,15.0,ACTUAL,VNSTOCK_BRONZE
HIO,LATEST,ratio,level,2.0,ACTUAL,VNSTOCK_BRONZE
HIO,LATEST,ratio,value,21000000.0,ACTUAL,VNSTOCK_BRONZE
HIO,LATEST,ratio,order,16.0,ACTUAL,VNSTOCK_BRONZE
HIO,LATEST,ratio,level,1.0,ACTUAL,VNSTOCK_BRONZE
HIO,LATEST,ratio,order,17.0,ACTUAL,VNSTOCK_BRONZE
HIO,LATEST,ratio,level,2.0,ACTUAL,VNSTOCK_BRONZE
HIO,LATEST,ratio,value,0.0836542868,ACTUAL,VNSTOCK_BRONZE
HIO,LATEST,ratio,order,18.0,ACTUAL,VNSTOCK_BRONZE
HIO,LATEST,ratio,level,2.0,ACTUAL,VNSTOCK_BRONZE
HIO,LATEST,ratio,value,0.0366427657,ACTUAL,VNSTOCK_BRONZE
HIO,LATEST,ratio,order,19.0,ACTUAL,VNSTOCK_BRONZE
HIO,LATEST,ratio,level,2.0,ACTUAL,VNSTOCK_BRONZE
HIO,LATEST,ratio,value,0.092466987,ACTUAL,VNSTOCK_BRONZE
HIO,LATEST,ratio,order,20.0,ACTUAL,VNSTOCK_BRONZE
HIO,LATEST,ratio,level,2.0,ACTUAL,VNSTOCK_BRONZE
HIO,LATEST,ratio,value,0.4505365541,ACTUAL,VNSTOCK_BRONZE
HIO,LATEST,ratio,order,21.0,ACTUAL,VNSTOCK_BRONZE
HIO,LATEST,ratio,level,2.0,ACTUAL,VNSTOCK_BRONZE
HIO,LATEST,ratio,value,0.3851444672,ACTUAL,VNSTOCK_BRONZE
HIO,LATEST,ratio,order,22.0,ACTUAL,VNSTOCK_BRONZE
HIO,LATEST,ratio,level,2.0,ACTUAL,VNSTOCK_BRONZE
HIO,LATEST,ratio,value,0.1728526782,ACTUAL,VNSTOCK_BRONZE
HIO,LATEST,ratio,order,23.0,ACTUAL,VNSTOCK_BRONZE
HIO,LATEST,ratio,level,2.0,ACTUAL,VNSTOCK_BRONZE
HIO,LATEST,ratio,value,0.1598816218,ACTUAL,VNSTOCK_BRONZE
HIO,LATEST,ratio,order,24.0,ACTUAL,VNSTOCK_BRONZE
HIO,LATEST,ratio,level,2.0,ACTUAL,VNSTOCK_BRONZE
HIO,LATEST,ratio,value,0.229186853,ACTUAL,VNSTOCK_BRONZE
HIO,LATEST,ratio,order,25.0,ACTUAL,VNSTOCK_BRONZE
HIO,LATEST,ratio,level,2.0,ACTUAL,VNSTOCK_BRONZE
HIO,LATEST,ratio,value,0.3323719126,ACTUAL,VNSTOCK_BRONZE
HIO,LATEST,ratio,order,26.0,ACTUAL,VNSTOCK_BRONZE
HIO,LATEST,ratio,level,2.0,ACTUAL,VNSTOCK_BRONZE
HIO,LATEST,ratio,value,59.7618698111,ACTUAL,VNSTOCK_BRONZE
HIO,LATEST,ratio,order,27.0,ACTUAL,VNSTOCK_BRONZE
HIO,LATEST,ratio,level,2.0,ACTUAL,VNSTOCK_BRONZE
HIO,LATEST,ratio,value,3.8648193348,ACTUAL,VNSTOCK_BRONZE
HIO,LATEST,ratio,order,28.0,ACTUAL,VNSTOCK_BRONZE
HIO,LATEST,ratio,level,2.0,ACTUAL,VNSTOCK_BRONZE
HIO,LATEST,ratio,value,15.9666616089,ACTUAL,VNSTOCK_BRONZE
HIO,LATEST,ratio,order,29.0,ACTUAL,VNSTOCK_BRONZE
HIO,LATEST,ratio,level,2.0,ACTUAL,VNSTOCK_BRONZE
HIO,LATEST,ratio,value,86.1592302027,ACTUAL,VNSTOCK_BRONZE
HIO,LATEST,ratio,order,30.0,ACTUAL,VNSTOCK_BRONZE
HIO,LATEST,ratio,level,1.0,ACTUAL,VNSTOCK_BRONZE
HIO,LATEST,ratio,order,31.0,ACTUAL,VNSTOCK_BRONZE
HIO,LATEST,ratio,level,2.0,ACTUAL,VNSTOCK_BRONZE
HIO,LATEST,ratio,value,1.3271732688,ACTUAL,VNSTOCK_BRONZE
HIO,LATEST,ratio,order,32.0,ACTUAL,VNSTOCK_BRONZE
HIO,LATEST,ratio,level,2.0,ACTUAL,VNSTOCK_BRONZE
HIO,LATEST,ratio,value,1.3202440134,ACTUAL,VNSTOCK_BRONZE
HIO,LATEST,ratio,order,33.0,ACTUAL,VNSTOCK_BRONZE
HIO,LATEST,ratio,level,2.0,ACTUAL,VNSTOCK_BRONZE
HIO,LATEST,ratio,value,0.3854464545,ACTUAL,VNSTOCK_BRONZE
HIO,LATEST,ratio,order,34.0,ACTUAL,VNSTOCK_BRONZE
HIO,LATEST,ratio,level,2.0,ACTUAL,VNSTOCK_BRONZE
HIO,LATEST,ratio,order,35.0,ACTUAL,VNSTOCK_BRONZE
HIO,LATEST,ratio,level,2.0,ACTUAL,VNSTOCK_BRONZE
HIO,LATEST,ratio,order,36.0,ACTUAL,VNSTOCK_BRONZE
HIO,LATEST,ratio,level,2.0,ACTUAL,VNSTOCK_BRONZE
HIO,LATEST,ratio,order,37.0,ACTUAL,VNSTOCK_BRONZE
HIO,LATEST,ratio,level,2.0,ACTUAL,VNSTOCK_BRONZE
HIO,LATEST,ratio,order,38.0,ACTUAL,VNSTOCK_BRONZE
HIO,LATEST,ratio,level,1.0,ACTUAL,VNSTOCK_BRONZE
HIO,LATEST,ratio,order,39.0,ACTUAL,VNSTOCK_BRONZE
HIO,LATEST,ratio,level,2.0,ACTUAL,VNSTOCK_BRONZE
HIO,LATEST,ratio,value,1.1309732398,ACTUAL,VNSTOCK_BRONZE
HIO,LATEST,ratio,order,40.0,ACTUAL,VNSTOCK_BRONZE
HIO,LATEST,ratio,level,2.0,ACTUAL,VNSTOCK_BRONZE
HIO,LATEST,ratio,value,1.0930505664,ACTUAL,VNSTOCK_BRONZE
HIO,LATEST,ratio,order,41.0,ACTUAL,VNSTOCK_BRONZE
HIO,LATEST,ratio,level,2.0,ACTUAL,VNSTOCK_BRONZE
HIO,LATEST,ratio,order,42.0,ACTUAL,VNSTOCK_BRONZE
HIO,LATEST,ratio,level,2.0,ACTUAL,VNSTOCK_BRONZE
HIO,LATEST,ratio,value,1.1309732398,ACTUAL,VNSTOCK_BRONZE
HIO,LATEST,ratio,order,43.0,ACTUAL,VNSTOCK_BRONZE
HIO,LATEST,ratio,level,2.0,ACTUAL,VNSTOCK_BRONZE
HIO,LATEST,ratio,value,0.0,ACTUAL,VNSTOCK_BRONZE
HIO,LATEST,ratio,order,44.0,ACTUAL,VNSTOCK_BRONZE
HIO,LATEST,ratio,level,2.0,ACTUAL,VNSTOCK_BRONZE
HIO,LATEST,ratio,value,0.0,ACTUAL,VNSTOCK_BRONZE
HIO,LATEST,ratio,order,45.0,ACTUAL,VNSTOCK_BRONZE
HIO,LATEST,ratio,level,1.0,ACTUAL,VNSTOCK_BRONZE
HIO,LATEST,ratio,order,46.0,ACTUAL,VNSTOCK_BRONZE
HIO,LATEST,ratio,level,2.0,ACTUAL,VNSTOCK_BRONZE
HIO,LATEST,ratio,value,0.0,ACTUAL,VNSTOCK_BRONZE
HIO,LATEST,ratio,order,47.0,ACTUAL,VNSTOCK_BRONZE
HIO,LATEST,ratio,level,2.0,ACTUAL,VNSTOCK_BRONZE
HIO,LATEST,ratio,value,0.0,ACTUAL,VNSTOCK_BRONZE
HIO,LATEST,ratio,order,48.0,ACTUAL,VNSTOCK_BRONZE
HIO,LATEST,ratio,level,2.0,ACTUAL,VNSTOCK_BRONZE
HIO,LATEST,ratio,value,0.0,ACTUAL,VNSTOCK_BRONZE
HIO,LATEST,ratio,order,49.0,ACTUAL,VNSTOCK_BRONZE
HIO,LATEST,ratio,level,2.0,ACTUAL,VNSTOCK_BRONZE
HIO,LATEST,ratio,value,0.0,ACTUAL,VNSTOCK_BRONZE
HIO,LATEST,ratio,order,50.0,ACTUAL,VNSTOCK_BRONZE
HIO,LATEST,ratio,level,2.0,ACTUAL,VNSTOCK_BRONZE
HIO,LATEST,ratio,value,0.0,ACTUAL,VNSTOCK_BRONZE
HIO,LATEST,ratio,order,51.0,ACTUAL,VNSTOCK_BRONZE
HIO,LATEST,ratio,level,2.0,ACTUAL,VNSTOCK_BRONZE
HIO,LATEST,ratio,value,0.0,ACTUAL,VNSTOCK_BRONZE
HIO,LATEST,ratio,order,52.0,ACTUAL,VNSTOCK_BRONZE
HIO,LATEST,ratio,level,2.0,ACTUAL,VNSTOCK_BRONZE
HIO,LATEST,ratio,value,0.0,ACTUAL,VNSTOCK_BRONZE
HIO,LATEST,ratio,order,53.0,ACTUAL,VNSTOCK_BRONZE
HIO,LATEST,ratio,level,2.0,ACTUAL,VNSTOCK_BRONZE
HIO,LATEST,ratio,value,0.0,ACTUAL,VNSTOCK_BRONZE
HIO,LATEST,ratio,order,54.0,ACTUAL,VNSTOCK_BRONZE
HIO,LATEST,ratio,level,2.0,ACTUAL,VNSTOCK_BRONZE
HIO,LATEST,ratio,value,0.0,ACTUAL,VNSTOCK_BRONZE
HIO,LATEST,ratio,order,55.0,ACTUAL,VNSTOCK_BRONZE
HIO,LATEST,ratio,level,2.0,ACTUAL,VNSTOCK_BRONZE
HIO,LATEST,ratio,value,0.0,ACTUAL,VNSTOCK_BRONZE
HIO,LATEST,ratio,order,56.0,ACTUAL,VNSTOCK_BRONZE
HIO,LATEST,ratio,level,2.0,ACTUAL,VNSTOCK_BRONZE
HIO,LATEST,ratio,value,0.0,ACTUAL,VNSTOCK_BRONZE
HIO,LATEST,ratio,order,57.0,ACTUAL,VNSTOCK_BRONZE
HIO,LATEST,ratio,level,2.0,ACTUAL,VNSTOCK_BRONZE
HIO,LATEST,ratio,order,58.0,ACTUAL,VNSTOCK_BRONZE
HIO,LATEST,ratio,level,2.0,ACTUAL,VNSTOCK_BRONZE
HIO,LATEST,ratio,order,59.0,ACTUAL,VNSTOCK_BRONZE
HIO,LATEST,ratio,level,2.0,ACTUAL,VNSTOCK_BRONZE
HIO,LATEST,ratio,value,0.0,ACTUAL,VNSTOCK_BRONZE
HIO,LATEST,ratio,order,60.0,ACTUAL,VNSTOCK_BRONZE
HIO,LATEST,ratio,level,2.0,ACTUAL,VNSTOCK_BRONZE
HIO,LATEST,ratio,value,0.0,ACTUAL,VNSTOCK_BRONZE
HIO,LATEST,ratio,order,1.0,ACTUAL,VNSTOCK_BRONZE
HIO,LATEST,ratio,level,1.0,ACTUAL,VNSTOCK_BRONZE
HIO,LATEST,ratio,order,2.0,ACTUAL,VNSTOCK_BRONZE
HIO,LATEST,ratio,level,2.0,ACTUAL,VNSTOCK_BRONZE
HIO,LATEST,ratio,value,59.8217762548,ACTUAL,VNSTOCK_BRONZE
HIO,LATEST,ratio,order,3.0,ACTUAL,VNSTOCK_BRONZE
HIO,LATEST,ratio,level,2.0,ACTUAL,VNSTOCK_BRONZE
HIO,LATEST,ratio,value,2.5794880293,ACTUAL,VNSTOCK_BRONZE
HIO,LATEST,ratio,order,4.0,ACTUAL,VNSTOCK_BRONZE
HIO,LATEST,ratio,level,2.0,ACTUAL,VNSTOCK_BRONZE
HIO,LATEST,ratio,value,4.8578858899,ACTUAL,VNSTOCK_BRONZE
HIO,LATEST,ratio,order,5.0,ACTUAL,VNSTOCK_BRONZE
HIO,LATEST,ratio,level,2.0,ACTUAL,VNSTOCK_BRONZE
HIO,LATEST,ratio,value,10.3968271976,ACTUAL,VNSTOCK_BRONZE
HIO,LATEST,ratio,order,6.0,ACTUAL,VNSTOCK_BRONZE
HIO,LATEST,ratio,level,2.0,ACTUAL,VNSTOCK_BRONZE
HIO,LATEST,ratio,value,9.9423203462,ACTUAL,VNSTOCK_BRONZE
HIO,LATEST,ratio,order,7.0,ACTUAL,VNSTOCK_BRONZE
HIO,LATEST,ratio,level,2.0,ACTUAL,VNSTOCK_BRONZE
HIO,LATEST,ratio,value,0.0,ACTUAL,VNSTOCK_BRONZE
HIO,LATEST,ratio,order,8.0,ACTUAL,VNSTOCK_BRONZE
HIO,LATEST,ratio,level,2.0,ACTUAL,VNSTOCK_BRONZE
HIO,LATEST,ratio,value,602616000000.0,ACTUAL,VNSTOCK_BRONZE
HIO,LATEST,ratio,order,9.0,ACTUAL,VNSTOCK_BRONZE
HIO,LATEST,ratio,level,2.0,ACTUAL,VNSTOCK_BRONZE
HIO,LATEST,ratio,order,10.0,ACTUAL,VNSTOCK_BRONZE
HIO,LATEST,ratio,level,2.0,ACTUAL,VNSTOCK_BRONZE
HIO,LATEST,ratio,order,11.0,ACTUAL,VNSTOCK_BRONZE
HIO,LATEST,ratio,level,2.0,ACTUAL,VNSTOCK_BRONZE
HIO,LATEST,ratio,order,12.0,ACTUAL,VNSTOCK_BRONZE
HIO,LATEST,ratio,level,2.0,ACTUAL,VNSTOCK_BRONZE
HIO,LATEST,ratio,value,45685520375.0,ACTUAL,VNSTOCK_BRONZE
HIO,LATEST,ratio,order,13.0,ACTUAL,VNSTOCK_BRONZE
HIO,LATEST,ratio,level,2.0,ACTUAL,VNSTOCK_BRONZE
HIO,LATEST,ratio,value,91584305789.0,ACTUAL,VNSTOCK_BRONZE
HIO,LATEST,ratio,order,14.0,ACTUAL,VNSTOCK_BRONZE
HIO,LATEST,ratio,level,2.0,ACTUAL,VNSTOCK_BRONZE
HIO,LATEST,ratio,value,1.0168806524,ACTUAL,VNSTOCK_BRONZE
HIO,LATEST,ratio,order,15.0,ACTUAL,VNSTOCK_BRONZE
HIO,LATEST,ratio,level,2.0,ACTUAL,VNSTOCK_BRONZE
HIO,LATEST,ratio,value,21000000.0,ACTUAL,VNSTOCK_BRONZE
HIO,LATEST,ratio,order,16.0,ACTUAL,VNSTOCK_BRONZE
HIO,LATEST,ratio,level,1.0,ACTUAL,VNSTOCK_BRONZE
HIO,LATEST,ratio,order,17.0,ACTUAL,VNSTOCK_BRONZE
HIO,LATEST,ratio,level,2.0,ACTUAL,VNSTOCK_BRONZE
HIO,LATEST,ratio,value,0.0440696817,ACTUAL,VNSTOCK_BRONZE
HIO,LATEST,ratio,order,18.0,ACTUAL,VNSTOCK_BRONZE
HIO,LATEST,ratio,level,2.0,ACTUAL,VNSTOCK_BRONZE
HIO,LATEST,ratio,value,0.0175453925,ACTUAL,VNSTOCK_BRONZE
HIO,LATEST,ratio,order,19.0,ACTUAL,VNSTOCK_BRONZE
HIO,LATEST,ratio,level,2.0,ACTUAL,VNSTOCK_BRONZE
HIO,LATEST,ratio,value,0.0855825237,ACTUAL,VNSTOCK_BRONZE
HIO,LATEST,ratio,order,20.0,ACTUAL,VNSTOCK_BRONZE
HIO,LATEST,ratio,level,2.0,ACTUAL,VNSTOCK_BRONZE
HIO,LATEST,ratio,value,0.4343007441,ACTUAL,VNSTOCK_BRONZE
HIO,LATEST,ratio,order,21.0,ACTUAL,VNSTOCK_BRONZE
HIO,LATEST,ratio,level,2.0,ACTUAL,VNSTOCK_BRONZE
HIO,LATEST,ratio,value,0.3682860143,ACTUAL,VNSTOCK_BRONZE
HIO,LATEST,ratio,order,22.0,ACTUAL,VNSTOCK_BRONZE
HIO,LATEST,ratio,level,2.0,ACTUAL,VNSTOCK_BRONZE
HIO,LATEST,ratio,value,0.09615609,ACTUAL,VNSTOCK_BRONZE
HIO,LATEST,ratio,order,23.0,ACTUAL,VNSTOCK_BRONZE
HIO,LATEST,ratio,level,2.0,ACTUAL,VNSTOCK_BRONZE
HIO,LATEST,ratio,value,0.0812059787,ACTUAL,VNSTOCK_BRONZE
HIO,LATEST,ratio,order,24.0,ACTUAL,VNSTOCK_BRONZE
HIO,LATEST,ratio,level,2.0,ACTUAL,VNSTOCK_BRONZE
HIO,LATEST,ratio,value,0.2160603535,ACTUAL,VNSTOCK_BRONZE
HIO,LATEST,ratio,order,25.0,ACTUAL,VNSTOCK_BRONZE
HIO,LATEST,ratio,level,2.0,ACTUAL,VNSTOCK_BRONZE
HIO,LATEST,ratio,value,0.3064854374,ACTUAL,VNSTOCK_BRONZE
HIO,LATEST,ratio,order,26.0,ACTUAL,VNSTOCK_BRONZE
HIO,LATEST,ratio,level,2.0,ACTUAL,VNSTOCK_BRONZE
HIO,LATEST,ratio,value,52.6524170669,ACTUAL,VNSTOCK_BRONZE
HIO,LATEST,ratio,order,27.0,ACTUAL,VNSTOCK_BRONZE
HIO,LATEST,ratio,level,2.0,ACTUAL,VNSTOCK_BRONZE
HIO,LATEST,ratio,value,3.9001805596,ACTUAL,VNSTOCK_BRONZE
HIO,LATEST,ratio,order,28.0,ACTUAL,VNSTOCK_BRONZE
HIO,LATEST,ratio,level,2.0,ACTUAL,VNSTOCK_BRONZE
HIO,LATEST,ratio,value,24.0321204662,ACTUAL,VNSTOCK_BRONZE
HIO,LATEST,ratio,order,29.0,ACTUAL,VNSTOCK_BRONZE
HIO,LATEST,ratio,level,2.0,ACTUAL,VNSTOCK_BRONZE
HIO,LATEST,ratio,value,87.9350936922,ACTUAL,VNSTOCK_BRONZE
HIO,LATEST,ratio,order,30.0,ACTUAL,VNSTOCK_BRONZE
HIO,LATEST,ratio,level,1.0,ACTUAL,VNSTOCK_BRONZE
HIO,LATEST,ratio,order,31.0,ACTUAL,VNSTOCK_BRONZE
HIO,LATEST,ratio,level,2.0,ACTUAL,VNSTOCK_BRONZE
HIO,LATEST,ratio,value,1.2232767533,ACTUAL,VNSTOCK_BRONZE
HIO,LATEST,ratio,order,32.0,ACTUAL,VNSTOCK_BRONZE
HIO,LATEST,ratio,level,2.0,ACTUAL,VNSTOCK_BRONZE
HIO,LATEST,ratio,value,1.2160516728,ACTUAL,VNSTOCK_BRONZE
HIO,LATEST,ratio,order,33.0,ACTUAL,VNSTOCK_BRONZE
HIO,LATEST,ratio,level,2.0,ACTUAL,VNSTOCK_BRONZE
HIO,LATEST,ratio,value,0.2327129975,ACTUAL,VNSTOCK_BRONZE
HIO,LATEST,ratio,order,34.0,ACTUAL,VNSTOCK_BRONZE
HIO,LATEST,ratio,level,2.0,ACTUAL,VNSTOCK_BRONZE
HIO,LATEST,ratio,order,35.0,ACTUAL,VNSTOCK_BRONZE
HIO,LATEST,ratio,level,2.0,ACTUAL,VNSTOCK_BRONZE
HIO,LATEST,ratio,order,36.0,ACTUAL,VNSTOCK_BRONZE
HIO,LATEST,ratio,level,2.0,ACTUAL,VNSTOCK_BRONZE
HIO,LATEST,ratio,order,37.0,ACTUAL,VNSTOCK_BRONZE
HIO,LATEST,ratio,level,2.0,ACTUAL,VNSTOCK_BRONZE
HIO,LATEST,ratio,order,38.0,ACTUAL,VNSTOCK_BRONZE
HIO,LATEST,ratio,level,1.0,ACTUAL,VNSTOCK_BRONZE
HIO,LATEST,ratio,order,39.0,ACTUAL,VNSTOCK_BRONZE
HIO,LATEST,ratio,level,2.0,ACTUAL,VNSTOCK_BRONZE
HIO,LATEST,ratio,value,1.3385215235,ACTUAL,VNSTOCK_BRONZE
HIO,LATEST,ratio,order,40.0,ACTUAL,VNSTOCK_BRONZE
HIO,LATEST,ratio,level,2.0,ACTUAL,VNSTOCK_BRONZE
HIO,LATEST,ratio,value,1.2850007409,ACTUAL,VNSTOCK_BRONZE
HIO,LATEST,ratio,order,41.0,ACTUAL,VNSTOCK_BRONZE
HIO,LATEST,ratio,level,2.0,ACTUAL,VNSTOCK_BRONZE
HIO,LATEST,ratio,order,42.0,ACTUAL,VNSTOCK_BRONZE
HIO,LATEST,ratio,level,2.0,ACTUAL,VNSTOCK_BRONZE
HIO,LATEST,ratio,value,1.3385215235,ACTUAL,VNSTOCK_BRONZE
HIO,LATEST,ratio,order,43.0,ACTUAL,VNSTOCK_BRONZE
HIO,LATEST,ratio,level,2.0,ACTUAL,VNSTOCK_BRONZE
HIO,LATEST,ratio,value,0.0,ACTUAL,VNSTOCK_BRONZE
HIO,LATEST,ratio,order,44.0,ACTUAL,VNSTOCK_BRONZE
HIO,LATEST,ratio,level,2.0,ACTUAL,VNSTOCK_BRONZE
HIO,LATEST,ratio,value,0.0,ACTUAL,VNSTOCK_BRONZE
HIO,LATEST,ratio,order,45.0,ACTUAL,VNSTOCK_BRONZE
HIO,LATEST,ratio,level,1.0,ACTUAL,VNSTOCK_BRONZE
HIO,LATEST,ratio,order,46.0,ACTUAL,VNSTOCK_BRONZE
HIO,LATEST,ratio,level,2.0,ACTUAL,VNSTOCK_BRONZE
HIO,LATEST,ratio,value,0.0,ACTUAL,VNSTOCK_BRONZE
HIO,LATEST,ratio,order,47.0,ACTUAL,VNSTOCK_BRONZE
HIO,LATEST,ratio,level,2.0,ACTUAL,VNSTOCK_BRONZE
HIO,LATEST,ratio,value,0.0,ACTUAL,VNSTOCK_BRONZE
HIO,LATEST,ratio,order,48.0,ACTUAL,VNSTOCK_BRONZE
HIO,LATEST,ratio,level,2.0,ACTUAL,VNSTOCK_BRONZE
HIO,LATEST,ratio,value,0.0,ACTUAL,VNSTOCK_BRONZE
HIO,LATEST,ratio,order,49.0,ACTUAL,VNSTOCK_BRONZE
HIO,LATEST,ratio,level,2.0,ACTUAL,VNSTOCK_BRONZE
HIO,LATEST,ratio,value,0.0,ACTUAL,VNSTOCK_BRONZE
HIO,LATEST,ratio,order,50.0,ACTUAL,VNSTOCK_BRONZE
HIO,LATEST,ratio,level,2.0,ACTUAL,VNSTOCK_BRONZE
HIO,LATEST,ratio,value,0.0,ACTUAL,VNSTOCK_BRONZE
HIO,LATEST,ratio,order,51.0,ACTUAL,VNSTOCK_BRONZE
HIO,LATEST,ratio,level,2.0,ACTUAL,VNSTOCK_BRONZE
HIO,LATEST,ratio,value,0.0,ACTUAL,VNSTOCK_BRONZE
HIO,LATEST,ratio,order,52.0,ACTUAL,VNSTOCK_BRONZE
HIO,LATEST,ratio,level,2.0,ACTUAL,VNSTOCK_BRONZE
HIO,LATEST,ratio,value,0.0,ACTUAL,VNSTOCK_BRONZE
HIO,LATEST,ratio,order,53.0,ACTUAL,VNSTOCK_BRONZE
HIO,LATEST,ratio,level,2.0,ACTUAL,VNSTOCK_BRONZE
HIO,LATEST,ratio,value,0.0,ACTUAL,VNSTOCK_BRONZE
HIO,LATEST,ratio,order,54.0,ACTUAL,VNSTOCK_BRONZE
HIO,LATEST,ratio,level,2.0,ACTUAL,VNSTOCK_BRONZE
HIO,LATEST,ratio,value,0.0,ACTUAL,VNSTOCK_BRONZE
HIO,LATEST,ratio,order,55.0,ACTUAL,VNSTOCK_BRONZE
HIO,LATEST,ratio,level,2.0,ACTUAL,VNSTOCK_BRONZE
HIO,LATEST,ratio,value,0.0,ACTUAL,VNSTOCK_BRONZE
HIO,LATEST,ratio,order,56.0,ACTUAL,VNSTOCK_BRONZE
HIO,LATEST,ratio,level,2.0,ACTUAL,VNSTOCK_BRONZE
HIO,LATEST,ratio,value,0.0,ACTUAL,VNSTOCK_BRONZE
HIO,LATEST,ratio,order,57.0,ACTUAL,VNSTOCK_BRONZE
HIO,LATEST,ratio,level,2.0,ACTUAL,VNSTOCK_BRONZE
HIO,LATEST,ratio,order,58.0,ACTUAL,VNSTOCK_BRONZE
HIO,LATEST,ratio,level,2.0,ACTUAL,VNSTOCK_BRONZE
HIO,LATEST,ratio,order,59.0,ACTUAL,VNSTOCK_BRONZE
HIO,LATEST,ratio,level,2.0,ACTUAL,VNSTOCK_BRONZE
HIO,LATEST,ratio,value,0.0,ACTUAL,VNSTOCK_BRONZE
HIO,LATEST,ratio,order,60.0,ACTUAL,VNSTOCK_BRONZE
HIO,LATEST,ratio,level,2.0,ACTUAL,VNSTOCK_BRONZE
HIO,LATEST,ratio,value,0.0,ACTUAL,VNSTOCK_BRONZE
HIO,LATEST,balance_sheet,order,1.0,ACTUAL,VNSTOCK_BRONZE
HIO,LATEST,balance_sheet,level,1.0,ACTUAL,VNSTOCK_BRONZE
HIO,LATEST,balance_sheet,off_balance,0.0,ACTUAL,VNSTOCK_BRONZE
HIO,LATEST,balance_sheet,value,244379648756.0,ACTUAL,VNSTOCK_BRONZE
HIO,LATEST,balance_sheet,order,2.0,ACTUAL,VNSTOCK_BRONZE
HIO,LATEST,balance_sheet,level,1.0,ACTUAL,VNSTOCK_BRONZE
HIO,LATEST,balance_sheet,off_balance,0.0,ACTUAL,VNSTOCK_BRONZE
HIO,LATEST,balance_sheet,value,32431512243.0,ACTUAL,VNSTOCK_BRONZE
HIO,LATEST,balance_sheet,order,3.0,ACTUAL,VNSTOCK_BRONZE
HIO,LATEST,balance_sheet,level,2.0,ACTUAL,VNSTOCK_BRONZE
HIO,LATEST,balance_sheet,off_balance,0.0,ACTUAL,VNSTOCK_BRONZE
HIO,LATEST,balance_sheet,value,32431512243.0,ACTUAL,VNSTOCK_BRONZE
HIO,LATEST,balance_sheet,order,4.0,ACTUAL,VNSTOCK_BRONZE
HIO,LATEST,balance_sheet,level,2.0,ACTUAL,VNSTOCK_BRONZE
HIO,LATEST,balance_sheet,off_balance,0.0,ACTUAL,VNSTOCK_BRONZE
HIO,LATEST,balance_sheet,value,0.0,ACTUAL,VNSTOCK_BRONZE
HIO,LATEST,balance_sheet,order,5.0,ACTUAL,VNSTOCK_BRONZE
HIO,LATEST,balance_sheet,level,1.0,ACTUAL,VNSTOCK_BRONZE
HIO,LATEST,balance_sheet,off_balance,0.0,ACTUAL,VNSTOCK_BRONZE
HIO,LATEST,balance_sheet,value,20865980000.0,ACTUAL,VNSTOCK_BRONZE
HIO,LATEST,balance_sheet,order,6.0,ACTUAL,VNSTOCK_BRONZE
HIO,LATEST,balance_sheet,level,2.0,ACTUAL,VNSTOCK_BRONZE
HIO,LATEST,balance_sheet,off_balance,0.0,ACTUAL,VNSTOCK_BRONZE
HIO,LATEST,balance_sheet,value,20865980000.0,ACTUAL,VNSTOCK_BRONZE
HIO,LATEST,balance_sheet,order,7.0,ACTUAL,VNSTOCK_BRONZE
HIO,LATEST,balance_sheet,level,2.0,ACTUAL,VNSTOCK_BRONZE
HIO,LATEST,balance_sheet,off_balance,0.0,ACTUAL,VNSTOCK_BRONZE
HIO,LATEST,balance_sheet,value,0.0,ACTUAL,VNSTOCK_BRONZE
HIO,LATEST,balance_sheet,order,8.0,ACTUAL,VNSTOCK_BRONZE
HIO,LATEST,balance_sheet,level,2.0,ACTUAL,VNSTOCK_BRONZE
HIO,LATEST,balance_sheet,off_balance,0.0,ACTUAL,VNSTOCK_BRONZE
HIO,LATEST,balance_sheet,value,0.0,ACTUAL,VNSTOCK_BRONZE
HIO,LATEST,balance_sheet,order,9.0,ACTUAL,VNSTOCK_BRONZE
HIO,LATEST,balance_sheet,level,1.0,ACTUAL,VNSTOCK_BRONZE
HIO,LATEST,balance_sheet,off_balance,0.0,ACTUAL,VNSTOCK_BRONZE
HIO,LATEST,balance_sheet,value,164643998596.0,ACTUAL,VNSTOCK_BRONZE
HIO,LATEST,balance_sheet,order,10.0,ACTUAL,VNSTOCK_BRONZE
HIO,LATEST,balance_sheet,level,2.0,ACTUAL,VNSTOCK_BRONZE
HIO,LATEST,balance_sheet,off_balance,0.0,ACTUAL,VNSTOCK_BRONZE
HIO,LATEST,balance_sheet,value,163274560903.0,ACTUAL,VNSTOCK_BRONZE
HIO,LATEST,balance_sheet,order,11.0,ACTUAL,VNSTOCK_BRONZE
HIO,LATEST,balance_sheet,level,2.0,ACTUAL,VNSTOCK_BRONZE
HIO,LATEST,balance_sheet,off_balance,0.0,ACTUAL,VNSTOCK_BRONZE
HIO,LATEST,balance_sheet,value,1236413370.0,ACTUAL,VNSTOCK_BRONZE
HIO,LATEST,balance_sheet,order,12.0,ACTUAL,VNSTOCK_BRONZE
HIO,LATEST,balance_sheet,level,2.0,ACTUAL,VNSTOCK_BRONZE
HIO,LATEST,balance_sheet,off_balance,0.0,ACTUAL,VNSTOCK_BRONZE
HIO,LATEST,balance_sheet,value,0.0,ACTUAL,VNSTOCK_BRONZE
HIO,LATEST,balance_sheet,order,13.0,ACTUAL,VNSTOCK_BRONZE
HIO,LATEST,balance_sheet,level,2.0,ACTUAL,VNSTOCK_BRONZE
HIO,LATEST,balance_sheet,off_balance,0.0,ACTUAL,VNSTOCK_BRONZE
HIO,LATEST,balance_sheet,value,0.0,ACTUAL,VNSTOCK_BRONZE
HIO,LATEST,balance_sheet,order,14.0,ACTUAL,VNSTOCK_BRONZE
HIO,LATEST,balance_sheet,level,2.0,ACTUAL,VNSTOCK_BRONZE
HIO,LATEST,balance_sheet,off_balance,0.0,ACTUAL,VNSTOCK_BRONZE
HIO,LATEST,balance_sheet,value,0.0,ACTUAL,VNSTOCK_BRONZE
HIO,LATEST,balance_sheet,order,15.0,ACTUAL,VNSTOCK_BRONZE
HIO,LATEST,balance_sheet,level,2.0,ACTUAL,VNSTOCK_BRONZE
HIO,LATEST,balance_sheet,off_balance,0.0,ACTUAL,VNSTOCK_BRONZE
HIO,LATEST,balance_sheet,value,420147839.0,ACTUAL,VNSTOCK_BRONZE
HIO,LATEST,balance_sheet,order,16.0,ACTUAL,VNSTOCK_BRONZE
HIO,LATEST,balance_sheet,level,2.0,ACTUAL,VNSTOCK_BRONZE
HIO,LATEST,balance_sheet,off_balance,0.0,ACTUAL,VNSTOCK_BRONZE
HIO,LATEST,balance_sheet,value,-287123516.0,ACTUAL,VNSTOCK_BRONZE
HIO,LATEST,balance_sheet,order,17.0,ACTUAL,VNSTOCK_BRONZE
HIO,LATEST,balance_sheet,level,2.0,ACTUAL,VNSTOCK_BRONZE
HIO,LATEST,balance_sheet,off_balance,0.0,ACTUAL,VNSTOCK_BRONZE
HIO,LATEST,balance_sheet,value,0.0,ACTUAL,VNSTOCK_BRONZE
HIO,LATEST,balance_sheet,order,18.0,ACTUAL,VNSTOCK_BRONZE
HIO,LATEST,balance_sheet,level,1.0,ACTUAL,VNSTOCK_BRONZE
HIO,LATEST,balance_sheet,off_balance,0.0,ACTUAL,VNSTOCK_BRONZE
HIO,LATEST,balance_sheet,value,473704056.0,ACTUAL,VNSTOCK_BRONZE
HIO,LATEST,balance_sheet,order,19.0,ACTUAL,VNSTOCK_BRONZE
HIO,LATEST,balance_sheet,level,2.0,ACTUAL,VNSTOCK_BRONZE
HIO,LATEST,balance_sheet,off_balance,0.0,ACTUAL,VNSTOCK_BRONZE
HIO,LATEST,balance_sheet,value,473704056.0,ACTUAL,VNSTOCK_BRONZE
HIO,LATEST,balance_sheet,order,20.0,ACTUAL,VNSTOCK_BRONZE
HIO,LATEST,balance_sheet,level,2.0,ACTUAL,VNSTOCK_BRONZE
HIO,LATEST,balance_sheet,off_balance,0.0,ACTUAL,VNSTOCK_BRONZE
HIO,LATEST,balance_sheet,value,0.0,ACTUAL,VNSTOCK_BRONZE
HIO,LATEST,balance_sheet,order,21.0,ACTUAL,VNSTOCK_BRONZE
HIO,LATEST,balance_sheet,level,1.0,ACTUAL,VNSTOCK_BRONZE
HIO,LATEST,balance_sheet,off_balance,0.0,ACTUAL,VNSTOCK_BRONZE
HIO,LATEST,balance_sheet,value,25964453861.0,ACTUAL,VNSTOCK_BRONZE
HIO,LATEST,balance_sheet,order,22.0,ACTUAL,VNSTOCK_BRONZE
HIO,LATEST,balance_sheet,level,2.0,ACTUAL,VNSTOCK_BRONZE
HIO,LATEST,balance_sheet,off_balance,0.0,ACTUAL,VNSTOCK_BRONZE
HIO,LATEST,balance_sheet,value,3195149534.0,ACTUAL,VNSTOCK_BRONZE
HIO,LATEST,balance_sheet,order,23.0,ACTUAL,VNSTOCK_BRONZE
HIO,LATEST,balance_sheet,level,2.0,ACTUAL,VNSTOCK_BRONZE
HIO,LATEST,balance_sheet,off_balance,0.0,ACTUAL,VNSTOCK_BRONZE
HIO,LATEST,balance_sheet,value,22769304327.0,ACTUAL,VNSTOCK_BRONZE
HIO,LATEST,balance_sheet,order,24.0,ACTUAL,VNSTOCK_BRONZE
HIO,LATEST,balance_sheet,level,2.0,ACTUAL,VNSTOCK_BRONZE
HIO,LATEST,balance_sheet,off_balance,0.0,ACTUAL,VNSTOCK_BRONZE
HIO,LATEST,balance_sheet,value,0.0,ACTUAL,VNSTOCK_BRONZE
HIO,LATEST,balance_sheet,order,25.0,ACTUAL,VNSTOCK_BRONZE
HIO,LATEST,balance_sheet,level,2.0,ACTUAL,VNSTOCK_BRONZE
HIO,LATEST,balance_sheet,off_balance,0.0,ACTUAL,VNSTOCK_BRONZE
HIO,LATEST,balance_sheet,value,0.0,ACTUAL,VNSTOCK_BRONZE
HIO,LATEST,balance_sheet,order,26.0,ACTUAL,VNSTOCK_BRONZE
HIO,LATEST,balance_sheet,level,1.0,ACTUAL,VNSTOCK_BRONZE
HIO,LATEST,balance_sheet,off_balance,0.0,ACTUAL,VNSTOCK_BRONZE
HIO,LATEST,balance_sheet,value,1013434269116.0,ACTUAL,VNSTOCK_BRONZE
HIO,LATEST,balance_sheet,order,27.0,ACTUAL,VNSTOCK_BRONZE
HIO,LATEST,balance_sheet,level,1.0,ACTUAL,VNSTOCK_BRONZE
HIO,LATEST,balance_sheet,off_balance,0.0,ACTUAL,VNSTOCK_BRONZE
HIO,LATEST,balance_sheet,value,10982800000.0,ACTUAL,VNSTOCK_BRONZE
HIO,LATEST,balance_sheet,order,28.0,ACTUAL,VNSTOCK_BRONZE
HIO,LATEST,balance_sheet,level,2.0,ACTUAL,VNSTOCK_BRONZE
HIO,LATEST,balance_sheet,off_balance,0.0,ACTUAL,VNSTOCK_BRONZE
HIO,LATEST,balance_sheet,value,0.0,ACTUAL,VNSTOCK_BRONZE
HIO,LATEST,balance_sheet,order,29.0,ACTUAL,VNSTOCK_BRONZE
HIO,LATEST,balance_sheet,level,2.0,ACTUAL,VNSTOCK_BRONZE
HIO,LATEST,balance_sheet,off_balance,0.0,ACTUAL,VNSTOCK_BRONZE
HIO,LATEST,balance_sheet,value,0.0,ACTUAL,VNSTOCK_BRONZE
HIO,LATEST,balance_sheet,order,30.0,ACTUAL,VNSTOCK_BRONZE
HIO,LATEST,balance_sheet,level,2.0,ACTUAL,VNSTOCK_BRONZE
HIO,LATEST,balance_sheet,off_balance,0.0,ACTUAL,VNSTOCK_BRONZE
HIO,LATEST,balance_sheet,value,0.0,ACTUAL,VNSTOCK_BRONZE
HIO,LATEST,balance_sheet,order,31.0,ACTUAL,VNSTOCK_BRONZE
HIO,LATEST,balance_sheet,level,2.0,ACTUAL,VNSTOCK_BRONZE
HIO,LATEST,balance_sheet,off_balance,0.0,ACTUAL,VNSTOCK_BRONZE
HIO,LATEST,balance_sheet,value,0.0,ACTUAL,VNSTOCK_BRONZE
HIO,LATEST,balance_sheet,order,32.0,ACTUAL,VNSTOCK_BRONZE
HIO,LATEST,balance_sheet,level,2.0,ACTUAL,VNSTOCK_BRONZE
HIO,LATEST,balance_sheet,off_balance,0.0,ACTUAL,VNSTOCK_BRONZE
HIO,LATEST,balance_sheet,value,10982800000.0,ACTUAL,VNSTOCK_BRONZE
HIO,LATEST,balance_sheet,order,33.0,ACTUAL,VNSTOCK_BRONZE
HIO,LATEST,balance_sheet,level,2.0,ACTUAL,VNSTOCK_BRONZE
HIO,LATEST,balance_sheet,off_balance,0.0,ACTUAL,VNSTOCK_BRONZE
HIO,LATEST,balance_sheet,value,-0.0,ACTUAL,VNSTOCK_BRONZE
HIO,LATEST,balance_sheet,order,34.0,ACTUAL,VNSTOCK_BRONZE
HIO,LATEST,balance_sheet,level,1.0,ACTUAL,VNSTOCK_BRONZE
HIO,LATEST,balance_sheet,off_balance,0.0,ACTUAL,VNSTOCK_BRONZE
HIO,LATEST,balance_sheet,value,814176581640.0,ACTUAL,VNSTOCK_BRONZE
HIO,LATEST,balance_sheet,order,35.0,ACTUAL,VNSTOCK_BRONZE
HIO,LATEST,balance_sheet,level,2.0,ACTUAL,VNSTOCK_BRONZE
HIO,LATEST,balance_sheet,off_balance,0.0,ACTUAL,VNSTOCK_BRONZE
HIO,LATEST,balance_sheet,value,814176581640.0,ACTUAL,VNSTOCK_BRONZE
HIO,LATEST,balance_sheet,order,36.0,ACTUAL,VNSTOCK_BRONZE
HIO,LATEST,balance_sheet,level,3.0,ACTUAL,VNSTOCK_BRONZE
HIO,LATEST,balance_sheet,off_balance,0.0,ACTUAL,VNSTOCK_BRONZE
HIO,LATEST,balance_sheet,value,1370294767296.0,ACTUAL,VNSTOCK_BRONZE
HIO,LATEST,balance_sheet,order,37.0,ACTUAL,VNSTOCK_BRONZE
HIO,LATEST,balance_sheet,level,3.0,ACTUAL,VNSTOCK_BRONZE
HIO,LATEST,balance_sheet,off_balance,0.0,ACTUAL,VNSTOCK_BRONZE
HIO,LATEST,balance_sheet,value,-556118185656.0,ACTUAL,VNSTOCK_BRONZE
HIO,LATEST,balance_sheet,order,38.0,ACTUAL,VNSTOCK_BRONZE
HIO,LATEST,balance_sheet,level,2.0,ACTUAL,VNSTOCK_BRONZE
HIO,LATEST,balance_sheet,off_balance,0.0,ACTUAL,VNSTOCK_BRONZE
HIO,LATEST,balance_sheet,value,0.0,ACTUAL,VNSTOCK_BRONZE
HIO,LATEST,balance_sheet,order,39.0,ACTUAL,VNSTOCK_BRONZE
HIO,LATEST,balance_sheet,level,3.0,ACTUAL,VNSTOCK_BRONZE
HIO,LATEST,balance_sheet,off_balance,0.0,ACTUAL,VNSTOCK_BRONZE
HIO,LATEST,balance_sheet,value,0.0,ACTUAL,VNSTOCK_BRONZE
HIO,LATEST,balance_sheet,order,40.0,ACTUAL,VNSTOCK_BRONZE
HIO,LATEST,balance_sheet,level,3.0,ACTUAL,VNSTOCK_BRONZE
HIO,LATEST,balance_sheet,off_balance,0.0,ACTUAL,VNSTOCK_BRONZE
HIO,LATEST,balance_sheet,value,-0.0,ACTUAL,VNSTOCK_BRONZE
HIO,LATEST,balance_sheet,order,41.0,ACTUAL,VNSTOCK_BRONZE
HIO,LATEST,balance_sheet,level,2.0,ACTUAL,VNSTOCK_BRONZE
HIO,LATEST,balance_sheet,off_balance,0.0,ACTUAL,VNSTOCK_BRONZE
HIO,LATEST,balance_sheet,value,0.0,ACTUAL,VNSTOCK_BRONZE
HIO,LATEST,balance_sheet,order,42.0,ACTUAL,VNSTOCK_BRONZE
HIO,LATEST,balance_sheet,level,3.0,ACTUAL,VNSTOCK_BRONZE
HIO,LATEST,balance_sheet,off_balance,0.0,ACTUAL,VNSTOCK_BRONZE
HIO,LATEST,balance_sheet,value,0.0,ACTUAL,VNSTOCK_BRONZE
HIO,LATEST,balance_sheet,order,43.0,ACTUAL,VNSTOCK_BRONZE
HIO,LATEST,balance_sheet,level,3.0,ACTUAL,VNSTOCK_BRONZE
HIO,LATEST,balance_sheet,off_balance,0.0,ACTUAL,VNSTOCK_BRONZE
HIO,LATEST,balance_sheet,value,-0.0,ACTUAL,VNSTOCK_BRONZE
HIO,LATEST,balance_sheet,order,44.0,ACTUAL,VNSTOCK_BRONZE
HIO,LATEST,balance_sheet,level,1.0,ACTUAL,VNSTOCK_BRONZE
HIO,LATEST,balance_sheet,off_balance,0.0,ACTUAL,VNSTOCK_BRONZE
HIO,LATEST,balance_sheet,value,22556483951.0,ACTUAL,VNSTOCK_BRONZE
HIO,LATEST,balance_sheet,order,45.0,ACTUAL,VNSTOCK_BRONZE
HIO,LATEST,balance_sheet,level,2.0,ACTUAL,VNSTOCK_BRONZE
HIO,LATEST,balance_sheet,off_balance,0.0,ACTUAL,VNSTOCK_BRONZE
HIO,LATEST,balance_sheet,value,35093712424.0,ACTUAL,VNSTOCK_BRONZE
HIO,LATEST,balance_sheet,order,46.0,ACTUAL,VNSTOCK_BRONZE
HIO,LATEST,balance_sheet,level,2.0,ACTUAL,VNSTOCK_BRONZE
HIO,LATEST,balance_sheet,off_balance,0.0,ACTUAL,VNSTOCK_BRONZE
HIO,LATEST,balance_sheet,value,-12537228473.0,ACTUAL,VNSTOCK_BRONZE
HIO,LATEST,balance_sheet,order,47.0,ACTUAL,VNSTOCK_BRONZE
HIO,LATEST,balance_sheet,level,1.0,ACTUAL,VNSTOCK_BRONZE
HIO,LATEST,balance_sheet,off_balance,0.0,ACTUAL,VNSTOCK_BRONZE
HIO,LATEST,balance_sheet,value,172037037.0,ACTUAL,VNSTOCK_BRONZE
HIO,LATEST,balance_sheet,order,48.0,ACTUAL,VNSTOCK_BRONZE
HIO,LATEST,balance_sheet,level,2.0,ACTUAL,VNSTOCK_BRONZE
HIO,LATEST,balance_sheet,off_balance,0.0,ACTUAL,VNSTOCK_BRONZE
HIO,LATEST,balance_sheet,value,0.0,ACTUAL,VNSTOCK_BRONZE
HIO,LATEST,balance_sheet,order,49.0,ACTUAL,VNSTOCK_BRONZE
HIO,LATEST,balance_sheet,level,2.0,ACTUAL,VNSTOCK_BRONZE
HIO,LATEST,balance_sheet,off_balance,0.0,ACTUAL,VNSTOCK_BRONZE
HIO,LATEST,balance_sheet,value,172037037.0,ACTUAL,VNSTOCK_BRONZE
HIO,LATEST,balance_sheet,order,50.0,ACTUAL,VNSTOCK_BRONZE
HIO,LATEST,balance_sheet,level,1.0,ACTUAL,VNSTOCK_BRONZE
HIO,LATEST,balance_sheet,off_balance,0.0,ACTUAL,VNSTOCK_BRONZE
HIO,LATEST,balance_sheet,value,129781674782.0,ACTUAL,VNSTOCK_BRONZE
HIO,LATEST,balance_sheet,order,51.0,ACTUAL,VNSTOCK_BRONZE
HIO,LATEST,balance_sheet,level,2.0,ACTUAL,VNSTOCK_BRONZE
HIO,LATEST,balance_sheet,off_balance,0.0,ACTUAL,VNSTOCK_BRONZE
HIO,LATEST,balance_sheet,value,0.0,ACTUAL,VNSTOCK_BRONZE
HIO,LATEST,balance_sheet,order,52.0,ACTUAL,VNSTOCK_BRONZE
HIO,LATEST,balance_sheet,level,2.0,ACTUAL,VNSTOCK_BRONZE
HIO,LATEST,balance_sheet,off_balance,0.0,ACTUAL,VNSTOCK_BRONZE
HIO,LATEST,balance_sheet,value,83781674782.0,ACTUAL,VNSTOCK_BRONZE
HIO,LATEST,balance_sheet,order,53.0,ACTUAL,VNSTOCK_BRONZE
HIO,LATEST,balance_sheet,level,2.0,ACTUAL,VNSTOCK_BRONZE
HIO,LATEST,balance_sheet,off_balance,0.0,ACTUAL,VNSTOCK_BRONZE
HIO,LATEST,balance_sheet,value,46000000000.0,ACTUAL,VNSTOCK_BRONZE
HIO,LATEST,balance_sheet,order,54.0,ACTUAL,VNSTOCK_BRONZE
HIO,LATEST,balance_sheet,level,2.0,ACTUAL,VNSTOCK_BRONZE
HIO,LATEST,balance_sheet,off_balance,0.0,ACTUAL,VNSTOCK_BRONZE
HIO,LATEST,balance_sheet,value,0.0,ACTUAL,VNSTOCK_BRONZE
HIO,LATEST,balance_sheet,order,55.0,ACTUAL,VNSTOCK_BRONZE
HIO,LATEST,balance_sheet,level,2.0,ACTUAL,VNSTOCK_BRONZE
HIO,LATEST,balance_sheet,off_balance,0.0,ACTUAL,VNSTOCK_BRONZE
HIO,LATEST,balance_sheet,value,0.0,ACTUAL,VNSTOCK_BRONZE
HIO,LATEST,balance_sheet,order,56.0,ACTUAL,VNSTOCK_BRONZE
HIO,LATEST,balance_sheet,level,1.0,ACTUAL,VNSTOCK_BRONZE
HIO,LATEST,balance_sheet,off_balance,0.0,ACTUAL,VNSTOCK_BRONZE
HIO,LATEST,balance_sheet,value,35764691706.0,ACTUAL,VNSTOCK_BRONZE
HIO,LATEST,balance_sheet,order,57.0,ACTUAL,VNSTOCK_BRONZE
HIO,LATEST,balance_sheet,level,2.0,ACTUAL,VNSTOCK_BRONZE
HIO,LATEST,balance_sheet,off_balance,0.0,ACTUAL,VNSTOCK_BRONZE
HIO,LATEST,balance_sheet,value,0.0,ACTUAL,VNSTOCK_BRONZE
HIO,LATEST,balance_sheet,order,58.0,ACTUAL,VNSTOCK_BRONZE
HIO,LATEST,balance_sheet,level,2.0,ACTUAL,VNSTOCK_BRONZE
HIO,LATEST,balance_sheet,off_balance,0.0,ACTUAL,VNSTOCK_BRONZE
HIO,LATEST,balance_sheet,value,32822585100.0,ACTUAL,VNSTOCK_BRONZE
HIO,LATEST,balance_sheet,order,59.0,ACTUAL,VNSTOCK_BRONZE
HIO,LATEST,balance_sheet,level,2.0,ACTUAL,VNSTOCK_BRONZE
HIO,LATEST,balance_sheet,off_balance,0.0,ACTUAL,VNSTOCK_BRONZE
HIO,LATEST,balance_sheet,value,1108542483.0,ACTUAL,VNSTOCK_BRONZE
HIO,LATEST,balance_sheet,order,60.0,ACTUAL,VNSTOCK_BRONZE
HIO,LATEST,balance_sheet,level,2.0,ACTUAL,VNSTOCK_BRONZE
HIO,LATEST,balance_sheet,off_balance,0.0,ACTUAL,VNSTOCK_BRONZE
HIO,LATEST,balance_sheet,value,78209992.0,ACTUAL,VNSTOCK_BRONZE
HIO,LATEST,balance_sheet,order,61.0,ACTUAL,VNSTOCK_BRONZE
HIO,LATEST,balance_sheet,level,2.0,ACTUAL,VNSTOCK_BRONZE
HIO,LATEST,balance_sheet,off_balance,0.0,ACTUAL,VNSTOCK_BRONZE
HIO,LATEST,balance_sheet,value,1755354131.0,ACTUAL,VNSTOCK_BRONZE
HIO,LATEST,balance_sheet,order,62.0,ACTUAL,VNSTOCK_BRONZE
HIO,LATEST,balance_sheet,level,2.0,ACTUAL,VNSTOCK_BRONZE
HIO,LATEST,balance_sheet,off_balance,0.0,ACTUAL,VNSTOCK_BRONZE
HIO,LATEST,balance_sheet,value,0.0,ACTUAL,VNSTOCK_BRONZE
HIO,LATEST,balance_sheet,order,63.0,ACTUAL,VNSTOCK_BRONZE
HIO,LATEST,balance_sheet,level,1.0,ACTUAL,VNSTOCK_BRONZE
HIO,LATEST,balance_sheet,off_balance,0.0,ACTUAL,VNSTOCK_BRONZE
HIO,LATEST,balance_sheet,value,1257813917872.0,ACTUAL,VNSTOCK_BRONZE
HIO,LATEST,balance_sheet,order,64.0,ACTUAL,VNSTOCK_BRONZE
HIO,LATEST,balance_sheet,level,1.0,ACTUAL,VNSTOCK_BRONZE
HIO,LATEST,balance_sheet,off_balance,0.0,ACTUAL,VNSTOCK_BRONZE
HIO,LATEST,balance_sheet,value,481670298136.0,ACTUAL,VNSTOCK_BRONZE
HIO,LATEST,balance_sheet,order,65.0,ACTUAL,VNSTOCK_BRONZE
HIO,LATEST,balance_sheet,level,1.0,ACTUAL,VNSTOCK_BRONZE
HIO,LATEST,balance_sheet,off_balance,0.0,ACTUAL,VNSTOCK_BRONZE
HIO,LATEST,balance_sheet,value,168170893078.0,ACTUAL,VNSTOCK_BRONZE
HIO,LATEST,balance_sheet,order,66.0,ACTUAL,VNSTOCK_BRONZE
HIO,LATEST,balance_sheet,level,2.0,ACTUAL,VNSTOCK_BRONZE
HIO,LATEST,balance_sheet,off_balance,0.0,ACTUAL,VNSTOCK_BRONZE
HIO,LATEST,balance_sheet,value,0.0,ACTUAL,VNSTOCK_BRONZE
HIO,LATEST,balance_sheet,order,67.0,ACTUAL,VNSTOCK_BRONZE
HIO,LATEST,balance_sheet,level,2.0,ACTUAL,VNSTOCK_BRONZE
HIO,LATEST,balance_sheet,off_balance,0.0,ACTUAL,VNSTOCK_BRONZE
HIO,LATEST,balance_sheet,value,0.0,ACTUAL,VNSTOCK_BRONZE
HIO,LATEST,balance_sheet,order,68.0,ACTUAL,VNSTOCK_BRONZE
HIO,LATEST,balance_sheet,level,2.0,ACTUAL,VNSTOCK_BRONZE
HIO,LATEST,balance_sheet,off_balance,0.0,ACTUAL,VNSTOCK_BRONZE
HIO,LATEST,balance_sheet,value,0.0,ACTUAL,VNSTOCK_BRONZE
HIO,LATEST,balance_sheet,order,69.0,ACTUAL,VNSTOCK_BRONZE
HIO,LATEST,balance_sheet,level,2.0,ACTUAL,VNSTOCK_BRONZE
HIO,LATEST,balance_sheet,off_balance,0.0,ACTUAL,VNSTOCK_BRONZE
HIO,LATEST,balance_sheet,value,1652304570.0,ACTUAL,VNSTOCK_BRONZE
HIO,LATEST,balance_sheet,order,70.0,ACTUAL,VNSTOCK_BRONZE
HIO,LATEST,balance_sheet,level,2.0,ACTUAL,VNSTOCK_BRONZE
HIO,LATEST,balance_sheet,off_balance,0.0,ACTUAL,VNSTOCK_BRONZE
HIO,LATEST,balance_sheet,value,0.0,ACTUAL,VNSTOCK_BRONZE
HIO,LATEST,balance_sheet,order,71.0,ACTUAL,VNSTOCK_BRONZE
HIO,LATEST,balance_sheet,level,2.0,ACTUAL,VNSTOCK_BRONZE
HIO,LATEST,balance_sheet,off_balance,0.0,ACTUAL,VNSTOCK_BRONZE
HIO,LATEST,balance_sheet,value,4706717720.0,ACTUAL,VNSTOCK_BRONZE
HIO,LATEST,balance_sheet,order,72.0,ACTUAL,VNSTOCK_BRONZE
HIO,LATEST,balance_sheet,level,2.0,ACTUAL,VNSTOCK_BRONZE
HIO,LATEST,balance_sheet,off_balance,0.0,ACTUAL,VNSTOCK_BRONZE
HIO,LATEST,balance_sheet,value,185114803.0,ACTUAL,VNSTOCK_BRONZE
HIO,LATEST,balance_sheet,order,73.0,ACTUAL,VNSTOCK_BRONZE
HIO,LATEST,balance_sheet,level,2.0,ACTUAL,VNSTOCK_BRONZE
HIO,LATEST,balance_sheet,off_balance,0.0,ACTUAL,VNSTOCK_BRONZE
HIO,LATEST,balance_sheet,value,3016470583.0,ACTUAL,VNSTOCK_BRONZE
HIO,LATEST,balance_sheet,order,74.0,ACTUAL,VNSTOCK_BRONZE
HIO,LATEST,balance_sheet,level,2.0,ACTUAL,VNSTOCK_BRONZE
HIO,LATEST,balance_sheet,off_balance,0.0,ACTUAL,VNSTOCK_BRONZE
HIO,LATEST,balance_sheet,value,0.0,ACTUAL,VNSTOCK_BRONZE
HIO,LATEST,balance_sheet,order,75.0,ACTUAL,VNSTOCK_BRONZE
HIO,LATEST,balance_sheet,level,2.0,ACTUAL,VNSTOCK_BRONZE
HIO,LATEST,balance_sheet,off_balance,0.0,ACTUAL,VNSTOCK_BRONZE
HIO,LATEST,balance_sheet,value,169191750.0,ACTUAL,VNSTOCK_BRONZE
HIO,LATEST,balance_sheet,order,76.0,ACTUAL,VNSTOCK_BRONZE
HIO,LATEST,balance_sheet,level,2.0,ACTUAL,VNSTOCK_BRONZE
HIO,LATEST,balance_sheet,off_balance,0.0,ACTUAL,VNSTOCK_BRONZE
HIO,LATEST,balance_sheet,value,2241721000.0,ACTUAL,VNSTOCK_BRONZE
HIO,LATEST,balance_sheet,order,77.0,ACTUAL,VNSTOCK_BRONZE
HIO,LATEST,balance_sheet,level,2.0,ACTUAL,VNSTOCK_BRONZE
HIO,LATEST,balance_sheet,off_balance,0.0,ACTUAL,VNSTOCK_BRONZE
HIO,LATEST,balance_sheet,value,147360600000.0,ACTUAL,VNSTOCK_BRONZE
HIO,LATEST,balance_sheet,order,78.0,ACTUAL,VNSTOCK_BRONZE
HIO,LATEST,balance_sheet,level,2.0,ACTUAL,VNSTOCK_BRONZE
HIO,LATEST,balance_sheet,off_balance,0.0,ACTUAL,VNSTOCK_BRONZE
HIO,LATEST,balance_sheet,value,0.0,ACTUAL,VNSTOCK_BRONZE
HIO,LATEST,balance_sheet,order,79.0,ACTUAL,VNSTOCK_BRONZE
HIO,LATEST,balance_sheet,level,2.0,ACTUAL,VNSTOCK_BRONZE
HIO,LATEST,balance_sheet,off_balance,0.0,ACTUAL,VNSTOCK_BRONZE
HIO,LATEST,balance_sheet,value,8838772652.0,ACTUAL,VNSTOCK_BRONZE
HIO,LATEST,balance_sheet,order,80.0,ACTUAL,VNSTOCK_BRONZE
HIO,LATEST,balance_sheet,level,2.0,ACTUAL,VNSTOCK_BRONZE
HIO,LATEST,balance_sheet,off_balance,0.0,ACTUAL,VNSTOCK_BRONZE
HIO,LATEST,balance_sheet,value,0.0,ACTUAL,VNSTOCK_BRONZE
HIO,LATEST,balance_sheet,order,81.0,ACTUAL,VNSTOCK_BRONZE
HIO,LATEST,balance_sheet,level,2.0,ACTUAL,VNSTOCK_BRONZE
HIO,LATEST,balance_sheet,off_balance,0.0,ACTUAL,VNSTOCK_BRONZE
HIO,LATEST,balance_sheet,value,0.0,ACTUAL,VNSTOCK_BRONZE
HIO,LATEST,balance_sheet,order,82.0,ACTUAL,VNSTOCK_BRONZE
HIO,LATEST,balance_sheet,level,1.0,ACTUAL,VNSTOCK_BRONZE
HIO,LATEST,balance_sheet,off_balance,0.0,ACTUAL,VNSTOCK_BRONZE
HIO,LATEST,balance_sheet,value,313499405058.0,ACTUAL,VNSTOCK_BRONZE
HIO,LATEST,balance_sheet,order,83.0,ACTUAL,VNSTOCK_BRONZE
HIO,LATEST,balance_sheet,level,2.0,ACTUAL,VNSTOCK_BRONZE
HIO,LATEST,balance_sheet,off_balance,0.0,ACTUAL,VNSTOCK_BRONZE
HIO,LATEST,balance_sheet,value,0.0,ACTUAL,VNSTOCK_BRONZE
HIO,LATEST,balance_sheet,order,84.0,ACTUAL,VNSTOCK_BRONZE
HIO,LATEST,balance_sheet,level,2.0,ACTUAL,VNSTOCK_BRONZE
HIO,LATEST,balance_sheet,off_balance,0.0,ACTUAL,VNSTOCK_BRONZE
HIO,LATEST,balance_sheet,order,85.0,ACTUAL,VNSTOCK_BRONZE
HIO,LATEST,balance_sheet,level,2.0,ACTUAL,VNSTOCK_BRONZE
HIO,LATEST,balance_sheet,off_balance,0.0,ACTUAL,VNSTOCK_BRONZE
HIO,LATEST,balance_sheet,value,0.0,ACTUAL,VNSTOCK_BRONZE
HIO,LATEST,balance_sheet,order,86.0,ACTUAL,VNSTOCK_BRONZE
HIO,LATEST,balance_sheet,level,2.0,ACTUAL,VNSTOCK_BRONZE
HIO,LATEST,balance_sheet,off_balance,0.0,ACTUAL,VNSTOCK_BRONZE
HIO,LATEST,balance_sheet,value,0.0,ACTUAL,VNSTOCK_BRONZE
HIO,LATEST,balance_sheet,order,87.0,ACTUAL,VNSTOCK_BRONZE
HIO,LATEST,balance_sheet,level,2.0,ACTUAL,VNSTOCK_BRONZE
HIO,LATEST,balance_sheet,off_balance,0.0,ACTUAL,VNSTOCK_BRONZE
HIO,LATEST,balance_sheet,value,0.0,ACTUAL,VNSTOCK_BRONZE
HIO,LATEST,balance_sheet,order,88.0,ACTUAL,VNSTOCK_BRONZE
HIO,LATEST,balance_sheet,level,2.0,ACTUAL,VNSTOCK_BRONZE
HIO,LATEST,balance_sheet,off_balance,0.0,ACTUAL,VNSTOCK_BRONZE
HIO,LATEST,balance_sheet,value,0.0,ACTUAL,VNSTOCK_BRONZE
HIO,LATEST,balance_sheet,order,89.0,ACTUAL,VNSTOCK_BRONZE
HIO,LATEST,balance_sheet,level,2.0,ACTUAL,VNSTOCK_BRONZE
HIO,LATEST,balance_sheet,off_balance,0.0,ACTUAL,VNSTOCK_BRONZE
HIO,LATEST,balance_sheet,value,0.0,ACTUAL,VNSTOCK_BRONZE
HIO,LATEST,balance_sheet,order,90.0,ACTUAL,VNSTOCK_BRONZE
HIO,LATEST,balance_sheet,level,2.0,ACTUAL,VNSTOCK_BRONZE
HIO,LATEST,balance_sheet,off_balance,0.0,ACTUAL,VNSTOCK_BRONZE
HIO,LATEST,balance_sheet,value,0.0,ACTUAL,VNSTOCK_BRONZE
HIO,LATEST,balance_sheet,order,91.0,ACTUAL,VNSTOCK_BRONZE
HIO,LATEST,balance_sheet,level,2.0,ACTUAL,VNSTOCK_BRONZE
HIO,LATEST,balance_sheet,off_balance,0.0,ACTUAL,VNSTOCK_BRONZE
HIO,LATEST,balance_sheet,value,313499405058.0,ACTUAL,VNSTOCK_BRONZE
HIO,LATEST,balance_sheet,order,92.0,ACTUAL,VNSTOCK_BRONZE
HIO,LATEST,balance_sheet,level,2.0,ACTUAL,VNSTOCK_BRONZE
HIO,LATEST,balance_sheet,off_balance,0.0,ACTUAL,VNSTOCK_BRONZE
HIO,LATEST,balance_sheet,value,0.0,ACTUAL,VNSTOCK_BRONZE
HIO,LATEST,balance_sheet,order,93.0,ACTUAL,VNSTOCK_BRONZE
HIO,LATEST,balance_sheet,level,2.0,ACTUAL,VNSTOCK_BRONZE
HIO,LATEST,balance_sheet,off_balance,0.0,ACTUAL,VNSTOCK_BRONZE
HIO,LATEST,balance_sheet,value,0.0,ACTUAL,VNSTOCK_BRONZE
HIO,LATEST,balance_sheet,order,94.0,ACTUAL,VNSTOCK_BRONZE
HIO,LATEST,balance_sheet,level,2.0,ACTUAL,VNSTOCK_BRONZE
HIO,LATEST,balance_sheet,off_balance,0.0,ACTUAL,VNSTOCK_BRONZE
HIO,LATEST,balance_sheet,value,0.0,ACTUAL,VNSTOCK_BRONZE
HIO,LATEST,balance_sheet,order,95.0,ACTUAL,VNSTOCK_BRONZE
HIO,LATEST,balance_sheet,level,2.0,ACTUAL,VNSTOCK_BRONZE
HIO,LATEST,balance_sheet,off_balance,0.0,ACTUAL,VNSTOCK_BRONZE
HIO,LATEST,balance_sheet,value,0.0,ACTUAL,VNSTOCK_BRONZE
HIO,LATEST,balance_sheet,order,96.0,ACTUAL,VNSTOCK_BRONZE
HIO,LATEST,balance_sheet,level,1.0,ACTUAL,VNSTOCK_BRONZE
HIO,LATEST,balance_sheet,off_balance,0.0,ACTUAL,VNSTOCK_BRONZE
HIO,LATEST,balance_sheet,value,776143619736.0,ACTUAL,VNSTOCK_BRONZE
HIO,LATEST,balance_sheet,order,97.0,ACTUAL,VNSTOCK_BRONZE
HIO,LATEST,balance_sheet,level,1.0,ACTUAL,VNSTOCK_BRONZE
HIO,LATEST,balance_sheet,off_balance,0.0,ACTUAL,VNSTOCK_BRONZE
HIO,LATEST,balance_sheet,value,776143619736.0,ACTUAL,VNSTOCK_BRONZE
HIO,LATEST,balance_sheet,order,98.0,ACTUAL,VNSTOCK_BRONZE
HIO,LATEST,balance_sheet,level,2.0,ACTUAL,VNSTOCK_BRONZE
HIO,LATEST,balance_sheet,off_balance,0.0,ACTUAL,VNSTOCK_BRONZE
HIO,LATEST,balance_sheet,value,0.0,ACTUAL,VNSTOCK_BRONZE
HIO,LATEST,balance_sheet,order,99.0,ACTUAL,VNSTOCK_BRONZE
HIO,LATEST,balance_sheet,level,2.0,ACTUAL,VNSTOCK_BRONZE
HIO,LATEST,balance_sheet,off_balance,0.0,ACTUAL,VNSTOCK_BRONZE
HIO,LATEST,balance_sheet,value,0.0,ACTUAL,VNSTOCK_BRONZE
HIO,LATEST,balance_sheet,order,100.0,ACTUAL,VNSTOCK_BRONZE
HIO,LATEST,balance_sheet,level,2.0,ACTUAL,VNSTOCK_BRONZE
HIO,LATEST,balance_sheet,off_balance,0.0,ACTUAL,VNSTOCK_BRONZE
HIO,LATEST,balance_sheet,value,0.0,ACTUAL,VNSTOCK_BRONZE
HIO,LATEST,balance_sheet,order,101.0,ACTUAL,VNSTOCK_BRONZE
HIO,LATEST,balance_sheet,level,2.0,ACTUAL,VNSTOCK_BRONZE
HIO,LATEST,balance_sheet,off_balance,0.0,ACTUAL,VNSTOCK_BRONZE
HIO,LATEST,balance_sheet,value,0.0,ACTUAL,VNSTOCK_BRONZE
HIO,LATEST,balance_sheet,order,102.0,ACTUAL,VNSTOCK_BRONZE
HIO,LATEST,balance_sheet,level,2.0,ACTUAL,VNSTOCK_BRONZE
HIO,LATEST,balance_sheet,off_balance,0.0,ACTUAL,VNSTOCK_BRONZE
HIO,LATEST,balance_sheet,value,420000000000.0,ACTUAL,VNSTOCK_BRONZE
HIO,LATEST,balance_sheet,order,103.0,ACTUAL,VNSTOCK_BRONZE
HIO,LATEST,balance_sheet,level,3.0,ACTUAL,VNSTOCK_BRONZE
HIO,LATEST,balance_sheet,off_balance,0.0,ACTUAL,VNSTOCK_BRONZE
HIO,LATEST,balance_sheet,value,420000000000.0,ACTUAL,VNSTOCK_BRONZE
HIO,LATEST,balance_sheet,order,104.0,ACTUAL,VNSTOCK_BRONZE
HIO,LATEST,balance_sheet,level,2.0,ACTUAL,VNSTOCK_BRONZE
HIO,LATEST,balance_sheet,off_balance,0.0,ACTUAL,VNSTOCK_BRONZE
HIO,LATEST,balance_sheet,value,-508500000.0,ACTUAL,VNSTOCK_BRONZE
HIO,LATEST,balance_sheet,order,105.0,ACTUAL,VNSTOCK_BRONZE
HIO,LATEST,balance_sheet,level,2.0,ACTUAL,VNSTOCK_BRONZE
HIO,LATEST,balance_sheet,off_balance,0.0,ACTUAL,VNSTOCK_BRONZE
HIO,LATEST,balance_sheet,value,8415375558.0,ACTUAL,VNSTOCK_BRONZE
HIO,LATEST,balance_sheet,order,106.0,ACTUAL,VNSTOCK_BRONZE
HIO,LATEST,balance_sheet,level,2.0,ACTUAL,VNSTOCK_BRONZE
HIO,LATEST,balance_sheet,off_balance,0.0,ACTUAL,VNSTOCK_BRONZE
HIO,LATEST,balance_sheet,value,0.0,ACTUAL,VNSTOCK_BRONZE
HIO,LATEST,balance_sheet,order,107.0,ACTUAL,VNSTOCK_BRONZE
HIO,LATEST,balance_sheet,level,2.0,ACTUAL,VNSTOCK_BRONZE
HIO,LATEST,balance_sheet,off_balance,0.0,ACTUAL,VNSTOCK_BRONZE
HIO,LATEST,balance_sheet,value,0.0,ACTUAL,VNSTOCK_BRONZE
HIO,LATEST,balance_sheet,order,108.0,ACTUAL,VNSTOCK_BRONZE
HIO,LATEST,balance_sheet,level,2.0,ACTUAL,VNSTOCK_BRONZE
HIO,LATEST,balance_sheet,off_balance,0.0,ACTUAL,VNSTOCK_BRONZE
HIO,LATEST,balance_sheet,value,0.0,ACTUAL,VNSTOCK_BRONZE
HIO,LATEST,balance_sheet,order,109.0,ACTUAL,VNSTOCK_BRONZE
HIO,LATEST,balance_sheet,level,2.0,ACTUAL,VNSTOCK_BRONZE
HIO,LATEST,balance_sheet,off_balance,0.0,ACTUAL,VNSTOCK_BRONZE
HIO,LATEST,balance_sheet,value,0.0,ACTUAL,VNSTOCK_BRONZE
HIO,LATEST,balance_sheet,order,110.0,ACTUAL,VNSTOCK_BRONZE
HIO,LATEST,balance_sheet,level,2.0,ACTUAL,VNSTOCK_BRONZE
HIO,LATEST,balance_sheet,off_balance,0.0,ACTUAL,VNSTOCK_BRONZE
HIO,LATEST,balance_sheet,value,0.0,ACTUAL,VNSTOCK_BRONZE
HIO,LATEST,balance_sheet,order,111.0,ACTUAL,VNSTOCK_BRONZE
HIO,LATEST,balance_sheet,level,2.0,ACTUAL,VNSTOCK_BRONZE
HIO,LATEST,balance_sheet,off_balance,0.0,ACTUAL,VNSTOCK_BRONZE
HIO,LATEST,balance_sheet,value,0.0,ACTUAL,VNSTOCK_BRONZE
HIO,LATEST,balance_sheet,order,112.0,ACTUAL,VNSTOCK_BRONZE
HIO,LATEST,balance_sheet,level,2.0,ACTUAL,VNSTOCK_BRONZE
HIO,LATEST,balance_sheet,off_balance,0.0,ACTUAL,VNSTOCK_BRONZE
HIO,LATEST,balance_sheet,value,144771198902.0,ACTUAL,VNSTOCK_BRONZE
HIO,LATEST,balance_sheet,order,113.0,ACTUAL,VNSTOCK_BRONZE
HIO,LATEST,balance_sheet,level,3.0,ACTUAL,VNSTOCK_BRONZE
HIO,LATEST,balance_sheet,off_balance,0.0,ACTUAL,VNSTOCK_BRONZE
HIO,LATEST,balance_sheet,value,46343705293.0,ACTUAL,VNSTOCK_BRONZE
HIO,LATEST,balance_sheet,order,114.0,ACTUAL,VNSTOCK_BRONZE
HIO,LATEST,balance_sheet,level,3.0,ACTUAL,VNSTOCK_BRONZE
HIO,LATEST,balance_sheet,off_balance,0.0,ACTUAL,VNSTOCK_BRONZE
HIO,LATEST,balance_sheet,value,98427493609.0,ACTUAL,VNSTOCK_BRONZE
HIO,LATEST,balance_sheet,order,115.0,ACTUAL,VNSTOCK_BRONZE
HIO,LATEST,balance_sheet,level,2.0,ACTUAL,VNSTOCK_BRONZE
HIO,LATEST,balance_sheet,off_balance,0.0,ACTUAL,VNSTOCK_BRONZE
HIO,LATEST,balance_sheet,value,203465545276.0,ACTUAL,VNSTOCK_BRONZE
HIO,LATEST,balance_sheet,order,116.0,ACTUAL,VNSTOCK_BRONZE
HIO,LATEST,balance_sheet,level,1.0,ACTUAL,VNSTOCK_BRONZE
HIO,LATEST,balance_sheet,off_balance,0.0,ACTUAL,VNSTOCK_BRONZE
HIO,LATEST,balance_sheet,value,0.0,ACTUAL,VNSTOCK_BRONZE
HIO,LATEST,balance_sheet,order,117.0,ACTUAL,VNSTOCK_BRONZE
HIO,LATEST,balance_sheet,level,2.0,ACTUAL,VNSTOCK_BRONZE
HIO,LATEST,balance_sheet,off_balance,0.0,ACTUAL,VNSTOCK_BRONZE
HIO,LATEST,balance_sheet,value,0.0,ACTUAL,VNSTOCK_BRONZE
HIO,LATEST,balance_sheet,order,118.0,ACTUAL,VNSTOCK_BRONZE
HIO,LATEST,balance_sheet,level,1.0,ACTUAL,VNSTOCK_BRONZE
HIO,LATEST,balance_sheet,off_balance,0.0,ACTUAL,VNSTOCK_BRONZE
HIO,LATEST,balance_sheet,value,1257813917872.0,ACTUAL,VNSTOCK_BRONZE
HIO,LATEST,balance_sheet,order,1.0,ACTUAL,VNSTOCK_BRONZE
HIO,LATEST,balance_sheet,level,1.0,ACTUAL,VNSTOCK_BRONZE
HIO,LATEST,balance_sheet,off_balance,0.0,ACTUAL,VNSTOCK_BRONZE
HIO,LATEST,balance_sheet,value,293402922144.0,ACTUAL,VNSTOCK_BRONZE
HIO,LATEST,balance_sheet,order,2.0,ACTUAL,VNSTOCK_BRONZE
HIO,LATEST,balance_sheet,level,1.0,ACTUAL,VNSTOCK_BRONZE
HIO,LATEST,balance_sheet,off_balance,0.0,ACTUAL,VNSTOCK_BRONZE
HIO,LATEST,balance_sheet,value,22321474368.0,ACTUAL,VNSTOCK_BRONZE
HIO,LATEST,balance_sheet,order,3.0,ACTUAL,VNSTOCK_BRONZE
HIO,LATEST,balance_sheet,level,2.0,ACTUAL,VNSTOCK_BRONZE
HIO,LATEST,balance_sheet,off_balance,0.0,ACTUAL,VNSTOCK_BRONZE
HIO,LATEST,balance_sheet,value,22321474368.0,ACTUAL,VNSTOCK_BRONZE
HIO,LATEST,balance_sheet,order,4.0,ACTUAL,VNSTOCK_BRONZE
HIO,LATEST,balance_sheet,level,2.0,ACTUAL,VNSTOCK_BRONZE
HIO,LATEST,balance_sheet,off_balance,0.0,ACTUAL,VNSTOCK_BRONZE
HIO,LATEST,balance_sheet,value,0.0,ACTUAL,VNSTOCK_BRONZE
HIO,LATEST,balance_sheet,order,5.0,ACTUAL,VNSTOCK_BRONZE
HIO,LATEST,balance_sheet,level,1.0,ACTUAL,VNSTOCK_BRONZE
HIO,LATEST,balance_sheet,off_balance,0.0,ACTUAL,VNSTOCK_BRONZE
HIO,LATEST,balance_sheet,value,20865980000.0,ACTUAL,VNSTOCK_BRONZE
HIO,LATEST,balance_sheet,order,6.0,ACTUAL,VNSTOCK_BRONZE
HIO,LATEST,balance_sheet,level,2.0,ACTUAL,VNSTOCK_BRONZE
HIO,LATEST,balance_sheet,off_balance,0.0,ACTUAL,VNSTOCK_BRONZE
HIO,LATEST,balance_sheet,value,20865980000.0,ACTUAL,VNSTOCK_BRONZE
HIO,LATEST,balance_sheet,order,7.0,ACTUAL,VNSTOCK_BRONZE
HIO,LATEST,balance_sheet,level,2.0,ACTUAL,VNSTOCK_BRONZE
HIO,LATEST,balance_sheet,off_balance,0.0,ACTUAL,VNSTOCK_BRONZE
HIO,LATEST,balance_sheet,value,0.0,ACTUAL,VNSTOCK_BRONZE
HIO,LATEST,balance_sheet,order,8.0,ACTUAL,VNSTOCK_BRONZE
HIO,LATEST,balance_sheet,level,2.0,ACTUAL,VNSTOCK_BRONZE
HIO,LATEST,balance_sheet,off_balance,0.0,ACTUAL,VNSTOCK_BRONZE
HIO,LATEST,balance_sheet,value,0.0,ACTUAL,VNSTOCK_BRONZE
HIO,LATEST,balance_sheet,order,9.0,ACTUAL,VNSTOCK_BRONZE
HIO,LATEST,balance_sheet,level,1.0,ACTUAL,VNSTOCK_BRONZE
HIO,LATEST,balance_sheet,off_balance,0.0,ACTUAL,VNSTOCK_BRONZE
HIO,LATEST,balance_sheet,value,218213779936.0,ACTUAL,VNSTOCK_BRONZE
HIO,LATEST,balance_sheet,order,10.0,ACTUAL,VNSTOCK_BRONZE
HIO,LATEST,balance_sheet,level,2.0,ACTUAL,VNSTOCK_BRONZE
HIO,LATEST,balance_sheet,off_balance,0.0,ACTUAL,VNSTOCK_BRONZE
HIO,LATEST,balance_sheet,value,143518978407.0,ACTUAL,VNSTOCK_BRONZE
HIO,LATEST,balance_sheet,order,11.0,ACTUAL,VNSTOCK_BRONZE
HIO,LATEST,balance_sheet,level,2.0,ACTUAL,VNSTOCK_BRONZE
HIO,LATEST,balance_sheet,off_balance,0.0,ACTUAL,VNSTOCK_BRONZE
HIO,LATEST,balance_sheet,value,1371403300.0,ACTUAL,VNSTOCK_BRONZE
HIO,LATEST,balance_sheet,order,12.0,ACTUAL,VNSTOCK_BRONZE
HIO,LATEST,balance_sheet,level,2.0,ACTUAL,VNSTOCK_BRONZE
HIO,LATEST,balance_sheet,off_balance,0.0,ACTUAL,VNSTOCK_BRONZE
HIO,LATEST,balance_sheet,value,0.0,ACTUAL,VNSTOCK_BRONZE
HIO,LATEST,balance_sheet,order,13.0,ACTUAL,VNSTOCK_BRONZE
HIO,LATEST,balance_sheet,level,2.0,ACTUAL,VNSTOCK_BRONZE
HIO,LATEST,balance_sheet,off_balance,0.0,ACTUAL,VNSTOCK_BRONZE
HIO,LATEST,balance_sheet,value,0.0,ACTUAL,VNSTOCK_BRONZE
HIO,LATEST,balance_sheet,order,14.0,ACTUAL,VNSTOCK_BRONZE
HIO,LATEST,balance_sheet,level,2.0,ACTUAL,VNSTOCK_BRONZE
HIO,LATEST,balance_sheet,off_balance,0.0,ACTUAL,VNSTOCK_BRONZE
HIO,LATEST,balance_sheet,value,0.0,ACTUAL,VNSTOCK_BRONZE
HIO,LATEST,balance_sheet,order,15.0,ACTUAL,VNSTOCK_BRONZE
HIO,LATEST,balance_sheet,level,2.0,ACTUAL,VNSTOCK_BRONZE
HIO,LATEST,balance_sheet,off_balance,0.0,ACTUAL,VNSTOCK_BRONZE
HIO,LATEST,balance_sheet,value,73435672333.0,ACTUAL,VNSTOCK_BRONZE
HIO,LATEST,balance_sheet,order,16.0,ACTUAL,VNSTOCK_BRONZE
HIO,LATEST,balance_sheet,level,2.0,ACTUAL,VNSTOCK_BRONZE
HIO,LATEST,balance_sheet,off_balance,0.0,ACTUAL,VNSTOCK_BRONZE
HIO,LATEST,balance_sheet,value,-112274104.0,ACTUAL,VNSTOCK_BRONZE
HIO,LATEST,balance_sheet,order,17.0,ACTUAL,VNSTOCK_BRONZE
HIO,LATEST,balance_sheet,level,2.0,ACTUAL,VNSTOCK_BRONZE
HIO,LATEST,balance_sheet,off_balance,0.0,ACTUAL,VNSTOCK_BRONZE
HIO,LATEST,balance_sheet,value,0.0,ACTUAL,VNSTOCK_BRONZE
HIO,LATEST,balance_sheet,order,18.0,ACTUAL,VNSTOCK_BRONZE
HIO,LATEST,balance_sheet,level,1.0,ACTUAL,VNSTOCK_BRONZE
HIO,LATEST,balance_sheet,off_balance,0.0,ACTUAL,VNSTOCK_BRONZE
HIO,LATEST,balance_sheet,value,503609208.0,ACTUAL,VNSTOCK_BRONZE
HIO,LATEST,balance_sheet,order,19.0,ACTUAL,VNSTOCK_BRONZE
HIO,LATEST,balance_sheet,level,2.0,ACTUAL,VNSTOCK_BRONZE
HIO,LATEST,balance_sheet,off_balance,0.0,ACTUAL,VNSTOCK_BRONZE
HIO,LATEST,balance_sheet,value,503609208.0,ACTUAL,VNSTOCK_BRONZE
HIO,LATEST,balance_sheet,order,20.0,ACTUAL,VNSTOCK_BRONZE
HIO,LATEST,balance_sheet,level,2.0,ACTUAL,VNSTOCK_BRONZE
HIO,LATEST,balance_sheet,off_balance,0.0,ACTUAL,VNSTOCK_BRONZE
HIO,LATEST,balance_sheet,value,0.0,ACTUAL,VNSTOCK_BRONZE
HIO,LATEST,balance_sheet,order,21.0,ACTUAL,VNSTOCK_BRONZE
HIO,LATEST,balance_sheet,level,1.0,ACTUAL,VNSTOCK_BRONZE
HIO,LATEST,balance_sheet,off_balance,0.0,ACTUAL,VNSTOCK_BRONZE
HIO,LATEST,balance_sheet,value,31498078632.0,ACTUAL,VNSTOCK_BRONZE
HIO,LATEST,balance_sheet,order,22.0,ACTUAL,VNSTOCK_BRONZE
HIO,LATEST,balance_sheet,level,2.0,ACTUAL,VNSTOCK_BRONZE
HIO,LATEST,balance_sheet,off_balance,0.0,ACTUAL,VNSTOCK_BRONZE
HIO,LATEST,balance_sheet,value,3284351391.0,ACTUAL,VNSTOCK_BRONZE
HIO,LATEST,balance_sheet,order,23.0,ACTUAL,VNSTOCK_BRONZE
HIO,LATEST,balance_sheet,level,2.0,ACTUAL,VNSTOCK_BRONZE
HIO,LATEST,balance_sheet,off_balance,0.0,ACTUAL,VNSTOCK_BRONZE
HIO,LATEST,balance_sheet,value,28213727241.0,ACTUAL,VNSTOCK_BRONZE
HIO,LATEST,balance_sheet,order,24.0,ACTUAL,VNSTOCK_BRONZE
HIO,LATEST,balance_sheet,level,2.0,ACTUAL,VNSTOCK_BRONZE
HIO,LATEST,balance_sheet,off_balance,0.0,ACTUAL,VNSTOCK_BRONZE
HIO,LATEST,balance_sheet,value,0.0,ACTUAL,VNSTOCK_BRONZE
HIO,LATEST,balance_sheet,order,25.0,ACTUAL,VNSTOCK_BRONZE
HIO,LATEST,balance_sheet,level,2.0,ACTUAL,VNSTOCK_BRONZE
HIO,LATEST,balance_sheet,off_balance,0.0,ACTUAL,VNSTOCK_BRONZE
HIO,LATEST,balance_sheet,value,0.0,ACTUAL,VNSTOCK_BRONZE
HIO,LATEST,balance_sheet,order,26.0,ACTUAL,VNSTOCK_BRONZE
HIO,LATEST,balance_sheet,level,1.0,ACTUAL,VNSTOCK_BRONZE
HIO,LATEST,balance_sheet,off_balance,0.0,ACTUAL,VNSTOCK_BRONZE
HIO,LATEST,balance_sheet,value,973324572396.0,ACTUAL,VNSTOCK_BRONZE
HIO,LATEST,balance_sheet,order,27.0,ACTUAL,VNSTOCK_BRONZE
HIO,LATEST,balance_sheet,level,1.0,ACTUAL,VNSTOCK_BRONZE
HIO,LATEST,balance_sheet,off_balance,0.0,ACTUAL,VNSTOCK_BRONZE
HIO,LATEST,balance_sheet,value,10982800000.0,ACTUAL,VNSTOCK_BRONZE
HIO,LATEST,balance_sheet,order,28.0,ACTUAL,VNSTOCK_BRONZE
HIO,LATEST,balance_sheet,level,2.0,ACTUAL,VNSTOCK_BRONZE
HIO,LATEST,balance_sheet,off_balance,0.0,ACTUAL,VNSTOCK_BRONZE
HIO,LATEST,balance_sheet,value,0.0,ACTUAL,VNSTOCK_BRONZE
HIO,LATEST,balance_sheet,order,29.0,ACTUAL,VNSTOCK_BRONZE
HIO,LATEST,balance_sheet,level,2.0,ACTUAL,VNSTOCK_BRONZE
HIO,LATEST,balance_sheet,off_balance,0.0,ACTUAL,VNSTOCK_BRONZE
HIO,LATEST,balance_sheet,value,0.0,ACTUAL,VNSTOCK_BRONZE
HIO,LATEST,balance_sheet,order,30.0,ACTUAL,VNSTOCK_BRONZE
HIO,LATEST,balance_sheet,level,2.0,ACTUAL,VNSTOCK_BRONZE
HIO,LATEST,balance_sheet,off_balance,0.0,ACTUAL,VNSTOCK_BRONZE
HIO,LATEST,balance_sheet,value,0.0,ACTUAL,VNSTOCK_BRONZE
HIO,LATEST,balance_sheet,order,31.0,ACTUAL,VNSTOCK_BRONZE
HIO,LATEST,balance_sheet,level,2.0,ACTUAL,VNSTOCK_BRONZE
HIO,LATEST,balance_sheet,off_balance,0.0,ACTUAL,VNSTOCK_BRONZE
HIO,LATEST,balance_sheet,value,0.0,ACTUAL,VNSTOCK_BRONZE
HIO,LATEST,balance_sheet,order,32.0,ACTUAL,VNSTOCK_BRONZE
HIO,LATEST,balance_sheet,level,2.0,ACTUAL,VNSTOCK_BRONZE
HIO,LATEST,balance_sheet,off_balance,0.0,ACTUAL,VNSTOCK_BRONZE
HIO,LATEST,balance_sheet,value,10982800000.0,ACTUAL,VNSTOCK_BRONZE
HIO,LATEST,balance_sheet,order,33.0,ACTUAL,VNSTOCK_BRONZE
HIO,LATEST,balance_sheet,level,2.0,ACTUAL,VNSTOCK_BRONZE
HIO,LATEST,balance_sheet,off_balance,0.0,ACTUAL,VNSTOCK_BRONZE
HIO,LATEST,balance_sheet,value,-0.0,ACTUAL,VNSTOCK_BRONZE
HIO,LATEST,balance_sheet,order,34.0,ACTUAL,VNSTOCK_BRONZE
HIO,LATEST,balance_sheet,level,1.0,ACTUAL,VNSTOCK_BRONZE
HIO,LATEST,balance_sheet,off_balance,0.0,ACTUAL,VNSTOCK_BRONZE
HIO,LATEST,balance_sheet,value,835363124697.0,ACTUAL,VNSTOCK_BRONZE
HIO,LATEST,balance_sheet,order,35.0,ACTUAL,VNSTOCK_BRONZE
HIO,LATEST,balance_sheet,level,2.0,ACTUAL,VNSTOCK_BRONZE
HIO,LATEST,balance_sheet,off_balance,0.0,ACTUAL,VNSTOCK_BRONZE
HIO,LATEST,balance_sheet,value,835363124697.0,ACTUAL,VNSTOCK_BRONZE
HIO,LATEST,balance_sheet,order,36.0,ACTUAL,VNSTOCK_BRONZE
HIO,LATEST,balance_sheet,level,3.0,ACTUAL,VNSTOCK_BRONZE
HIO,LATEST,balance_sheet,off_balance,0.0,ACTUAL,VNSTOCK_BRONZE
HIO,LATEST,balance_sheet,value,1370139674703.0,ACTUAL,VNSTOCK_BRONZE
HIO,LATEST,balance_sheet,order,37.0,ACTUAL,VNSTOCK_BRONZE
HIO,LATEST,balance_sheet,level,3.0,ACTUAL,VNSTOCK_BRONZE
HIO,LATEST,balance_sheet,off_balance,0.0,ACTUAL,VNSTOCK_BRONZE
HIO,LATEST,balance_sheet,value,-534776550006.0,ACTUAL,VNSTOCK_BRONZE
HIO,LATEST,balance_sheet,order,38.0,ACTUAL,VNSTOCK_BRONZE
HIO,LATEST,balance_sheet,level,2.0,ACTUAL,VNSTOCK_BRONZE
HIO,LATEST,balance_sheet,off_balance,0.0,ACTUAL,VNSTOCK_BRONZE
HIO,LATEST,balance_sheet,value,0.0,ACTUAL,VNSTOCK_BRONZE
HIO,LATEST,balance_sheet,order,39.0,ACTUAL,VNSTOCK_BRONZE
HIO,LATEST,balance_sheet,level,3.0,ACTUAL,VNSTOCK_BRONZE
HIO,LATEST,balance_sheet,off_balance,0.0,ACTUAL,VNSTOCK_BRONZE
HIO,LATEST,balance_sheet,value,0.0,ACTUAL,VNSTOCK_BRONZE
HIO,LATEST,balance_sheet,order,40.0,ACTUAL,VNSTOCK_BRONZE
HIO,LATEST,balance_sheet,level,3.0,ACTUAL,VNSTOCK_BRONZE
HIO,LATEST,balance_sheet,off_balance,0.0,ACTUAL,VNSTOCK_BRONZE
HIO,LATEST,balance_sheet,value,-0.0,ACTUAL,VNSTOCK_BRONZE
HIO,LATEST,balance_sheet,order,41.0,ACTUAL,VNSTOCK_BRONZE
HIO,LATEST,balance_sheet,level,2.0,ACTUAL,VNSTOCK_BRONZE
HIO,LATEST,balance_sheet,off_balance,0.0,ACTUAL,VNSTOCK_BRONZE
HIO,LATEST,balance_sheet,value,0.0,ACTUAL,VNSTOCK_BRONZE
HIO,LATEST,balance_sheet,order,42.0,ACTUAL,VNSTOCK_BRONZE
HIO,LATEST,balance_sheet,level,3.0,ACTUAL,VNSTOCK_BRONZE
HIO,LATEST,balance_sheet,off_balance,0.0,ACTUAL,VNSTOCK_BRONZE
HIO,LATEST,balance_sheet,value,0.0,ACTUAL,VNSTOCK_BRONZE
HIO,LATEST,balance_sheet,order,43.0,ACTUAL,VNSTOCK_BRONZE
HIO,LATEST,balance_sheet,level,3.0,ACTUAL,VNSTOCK_BRONZE
HIO,LATEST,balance_sheet,off_balance,0.0,ACTUAL,VNSTOCK_BRONZE
HIO,LATEST,balance_sheet,value,-0.0,ACTUAL,VNSTOCK_BRONZE
HIO,LATEST,balance_sheet,order,44.0,ACTUAL,VNSTOCK_BRONZE
HIO,LATEST,balance_sheet,level,1.0,ACTUAL,VNSTOCK_BRONZE
HIO,LATEST,balance_sheet,off_balance,0.0,ACTUAL,VNSTOCK_BRONZE
HIO,LATEST,balance_sheet,value,23155212879.0,ACTUAL,VNSTOCK_BRONZE
HIO,LATEST,balance_sheet,order,45.0,ACTUAL,VNSTOCK_BRONZE
HIO,LATEST,balance_sheet,level,2.0,ACTUAL,VNSTOCK_BRONZE
HIO,LATEST,balance_sheet,off_balance,0.0,ACTUAL,VNSTOCK_BRONZE
HIO,LATEST,balance_sheet,value,35093712424.0,ACTUAL,VNSTOCK_BRONZE
HIO,LATEST,balance_sheet,order,46.0,ACTUAL,VNSTOCK_BRONZE
HIO,LATEST,balance_sheet,level,2.0,ACTUAL,VNSTOCK_BRONZE
HIO,LATEST,balance_sheet,off_balance,0.0,ACTUAL,VNSTOCK_BRONZE
HIO,LATEST,balance_sheet,value,-11938499545.0,ACTUAL,VNSTOCK_BRONZE
HIO,LATEST,balance_sheet,order,47.0,ACTUAL,VNSTOCK_BRONZE
HIO,LATEST,balance_sheet,level,1.0,ACTUAL,VNSTOCK_BRONZE
HIO,LATEST,balance_sheet,off_balance,0.0,ACTUAL,VNSTOCK_BRONZE
HIO,LATEST,balance_sheet,value,172037037.0,ACTUAL,VNSTOCK_BRONZE
HIO,LATEST,balance_sheet,order,48.0,ACTUAL,VNSTOCK_BRONZE
HIO,LATEST,balance_sheet,level,2.0,ACTUAL,VNSTOCK_BRONZE
HIO,LATEST,balance_sheet,off_balance,0.0,ACTUAL,VNSTOCK_BRONZE
HIO,LATEST,balance_sheet,value,0.0,ACTUAL,VNSTOCK_BRONZE
HIO,LATEST,balance_sheet,order,49.0,ACTUAL,VNSTOCK_BRONZE
HIO,LATEST,balance_sheet,level,2.0,ACTUAL,VNSTOCK_BRONZE
HIO,LATEST,balance_sheet,off_balance,0.0,ACTUAL,VNSTOCK_BRONZE
HIO,LATEST,balance_sheet,value,172037037.0,ACTUAL,VNSTOCK_BRONZE
HIO,LATEST,balance_sheet,order,50.0,ACTUAL,VNSTOCK_BRONZE
HIO,LATEST,balance_sheet,level,1.0,ACTUAL,VNSTOCK_BRONZE
HIO,LATEST,balance_sheet,off_balance,0.0,ACTUAL,VNSTOCK_BRONZE
HIO,LATEST,balance_sheet,value,66390725655.0,ACTUAL,VNSTOCK_BRONZE
HIO,LATEST,balance_sheet,order,51.0,ACTUAL,VNSTOCK_BRONZE
HIO,LATEST,balance_sheet,level,2.0,ACTUAL,VNSTOCK_BRONZE
HIO,LATEST,balance_sheet,off_balance,0.0,ACTUAL,VNSTOCK_BRONZE
HIO,LATEST,balance_sheet,value,0.0,ACTUAL,VNSTOCK_BRONZE
HIO,LATEST,balance_sheet,order,52.0,ACTUAL,VNSTOCK_BRONZE
HIO,LATEST,balance_sheet,level,2.0,ACTUAL,VNSTOCK_BRONZE
HIO,LATEST,balance_sheet,off_balance,0.0,ACTUAL,VNSTOCK_BRONZE
HIO,LATEST,balance_sheet,value,20390725655.0,ACTUAL,VNSTOCK_BRONZE
HIO,LATEST,balance_sheet,order,53.0,ACTUAL,VNSTOCK_BRONZE
HIO,LATEST,balance_sheet,level,2.0,ACTUAL,VNSTOCK_BRONZE
HIO,LATEST,balance_sheet,off_balance,0.0,ACTUAL,VNSTOCK_BRONZE
HIO,LATEST,balance_sheet,value,46000000000.0,ACTUAL,VNSTOCK_BRONZE
HIO,LATEST,balance_sheet,order,54.0,ACTUAL,VNSTOCK_BRONZE
HIO,LATEST,balance_sheet,level,2.0,ACTUAL,VNSTOCK_BRONZE
HIO,LATEST,balance_sheet,off_balance,0.0,ACTUAL,VNSTOCK_BRONZE
HIO,LATEST,balance_sheet,value,0.0,ACTUAL,VNSTOCK_BRONZE
HIO,LATEST,balance_sheet,order,55.0,ACTUAL,VNSTOCK_BRONZE
HIO,LATEST,balance_sheet,level,2.0,ACTUAL,VNSTOCK_BRONZE
HIO,LATEST,balance_sheet,off_balance,0.0,ACTUAL,VNSTOCK_BRONZE
HIO,LATEST,balance_sheet,value,0.0,ACTUAL,VNSTOCK_BRONZE
HIO,LATEST,balance_sheet,order,56.0,ACTUAL,VNSTOCK_BRONZE
HIO,LATEST,balance_sheet,level,1.0,ACTUAL,VNSTOCK_BRONZE
HIO,LATEST,balance_sheet,off_balance,0.0,ACTUAL,VNSTOCK_BRONZE
HIO,LATEST,balance_sheet,value,37260672128.0,ACTUAL,VNSTOCK_BRONZE
HIO,LATEST,balance_sheet,order,57.0,ACTUAL,VNSTOCK_BRONZE
HIO,LATEST,balance_sheet,level,2.0,ACTUAL,VNSTOCK_BRONZE
HIO,LATEST,balance_sheet,off_balance,0.0,ACTUAL,VNSTOCK_BRONZE
HIO,LATEST,balance_sheet,value,0.0,ACTUAL,VNSTOCK_BRONZE
HIO,LATEST,balance_sheet,order,58.0,ACTUAL,VNSTOCK_BRONZE
HIO,LATEST,balance_sheet,level,2.0,ACTUAL,VNSTOCK_BRONZE
HIO,LATEST,balance_sheet,off_balance,0.0,ACTUAL,VNSTOCK_BRONZE
HIO,LATEST,balance_sheet,value,34069267961.0,ACTUAL,VNSTOCK_BRONZE
HIO,LATEST,balance_sheet,order,59.0,ACTUAL,VNSTOCK_BRONZE
HIO,LATEST,balance_sheet,level,2.0,ACTUAL,VNSTOCK_BRONZE
HIO,LATEST,balance_sheet,off_balance,0.0,ACTUAL,VNSTOCK_BRONZE
HIO,LATEST,balance_sheet,value,1264705786.0,ACTUAL,VNSTOCK_BRONZE
HIO,LATEST,balance_sheet,order,60.0,ACTUAL,VNSTOCK_BRONZE
HIO,LATEST,balance_sheet,level,2.0,ACTUAL,VNSTOCK_BRONZE
HIO,LATEST,balance_sheet,off_balance,0.0,ACTUAL,VNSTOCK_BRONZE
HIO,LATEST,balance_sheet,value,97174356.0,ACTUAL,VNSTOCK_BRONZE
HIO,LATEST,balance_sheet,order,61.0,ACTUAL,VNSTOCK_BRONZE
HIO,LATEST,balance_sheet,level,2.0,ACTUAL,VNSTOCK_BRONZE
HIO,LATEST,balance_sheet,off_balance,0.0,ACTUAL,VNSTOCK_BRONZE
HIO,LATEST,balance_sheet,value,1829524025.0,ACTUAL,VNSTOCK_BRONZE
HIO,LATEST,balance_sheet,order,62.0,ACTUAL,VNSTOCK_BRONZE
HIO,LATEST,balance_sheet,level,2.0,ACTUAL,VNSTOCK_BRONZE
HIO,LATEST,balance_sheet,off_balance,0.0,ACTUAL,VNSTOCK_BRONZE
HIO,LATEST,balance_sheet,value,0.0,ACTUAL,VNSTOCK_BRONZE
HIO,LATEST,balance_sheet,order,63.0,ACTUAL,VNSTOCK_BRONZE
HIO,LATEST,balance_sheet,level,1.0,ACTUAL,VNSTOCK_BRONZE
HIO,LATEST,balance_sheet,off_balance,0.0,ACTUAL,VNSTOCK_BRONZE
HIO,LATEST,balance_sheet,value,1266727494540.0,ACTUAL,VNSTOCK_BRONZE
HIO,LATEST,balance_sheet,order,64.0,ACTUAL,VNSTOCK_BRONZE
HIO,LATEST,balance_sheet,level,1.0,ACTUAL,VNSTOCK_BRONZE
HIO,LATEST,balance_sheet,off_balance,0.0,ACTUAL,VNSTOCK_BRONZE
HIO,LATEST,balance_sheet,value,516932986853.0,ACTUAL,VNSTOCK_BRONZE
HIO,LATEST,balance_sheet,order,65.0,ACTUAL,VNSTOCK_BRONZE
HIO,LATEST,balance_sheet,level,1.0,ACTUAL,VNSTOCK_BRONZE
HIO,LATEST,balance_sheet,off_balance,0.0,ACTUAL,VNSTOCK_BRONZE
HIO,LATEST,balance_sheet,value,166246607460.0,ACTUAL,VNSTOCK_BRONZE
HIO,LATEST,balance_sheet,order,66.0,ACTUAL,VNSTOCK_BRONZE
HIO,LATEST,balance_sheet,level,2.0,ACTUAL,VNSTOCK_BRONZE
HIO,LATEST,balance_sheet,off_balance,0.0,ACTUAL,VNSTOCK_BRONZE
HIO,LATEST,balance_sheet,value,0.0,ACTUAL,VNSTOCK_BRONZE
HIO,LATEST,balance_sheet,order,67.0,ACTUAL,VNSTOCK_BRONZE
HIO,LATEST,balance_sheet,level,2.0,ACTUAL,VNSTOCK_BRONZE
HIO,LATEST,balance_sheet,off_balance,0.0,ACTUAL,VNSTOCK_BRONZE
HIO,LATEST,balance_sheet,value,0.0,ACTUAL,VNSTOCK_BRONZE
HIO,LATEST,balance_sheet,order,68.0,ACTUAL,VNSTOCK_BRONZE
HIO,LATEST,balance_sheet,level,2.0,ACTUAL,VNSTOCK_BRONZE
HIO,LATEST,balance_sheet,off_balance,0.0,ACTUAL,VNSTOCK_BRONZE
HIO,LATEST,balance_sheet,value,0.0,ACTUAL,VNSTOCK_BRONZE
HIO,LATEST,balance_sheet,order,69.0,ACTUAL,VNSTOCK_BRONZE
HIO,LATEST,balance_sheet,level,2.0,ACTUAL,VNSTOCK_BRONZE
HIO,LATEST,balance_sheet,off_balance,0.0,ACTUAL,VNSTOCK_BRONZE
HIO,LATEST,balance_sheet,value,2556916664.0,ACTUAL,VNSTOCK_BRONZE
HIO,LATEST,balance_sheet,order,70.0,ACTUAL,VNSTOCK_BRONZE
HIO,LATEST,balance_sheet,level,2.0,ACTUAL,VNSTOCK_BRONZE
HIO,LATEST,balance_sheet,off_balance,0.0,ACTUAL,VNSTOCK_BRONZE
HIO,LATEST,balance_sheet,value,0.0,ACTUAL,VNSTOCK_BRONZE
HIO,LATEST,balance_sheet,order,71.0,ACTUAL,VNSTOCK_BRONZE
HIO,LATEST,balance_sheet,level,2.0,ACTUAL,VNSTOCK_BRONZE
HIO,LATEST,balance_sheet,off_balance,0.0,ACTUAL,VNSTOCK_BRONZE
HIO,LATEST,balance_sheet,value,1947403026.0,ACTUAL,VNSTOCK_BRONZE
HIO,LATEST,balance_sheet,order,72.0,ACTUAL,VNSTOCK_BRONZE
HIO,LATEST,balance_sheet,level,2.0,ACTUAL,VNSTOCK_BRONZE
HIO,LATEST,balance_sheet,off_balance,0.0,ACTUAL,VNSTOCK_BRONZE
HIO,LATEST,balance_sheet,value,93000000.0,ACTUAL,VNSTOCK_BRONZE
HIO,LATEST,balance_sheet,order,73.0,ACTUAL,VNSTOCK_BRONZE
HIO,LATEST,balance_sheet,level,2.0,ACTUAL,VNSTOCK_BRONZE
HIO,LATEST,balance_sheet,off_balance,0.0,ACTUAL,VNSTOCK_BRONZE
HIO,LATEST,balance_sheet,value,3569658865.0,ACTUAL,VNSTOCK_BRONZE
HIO,LATEST,balance_sheet,order,74.0,ACTUAL,VNSTOCK_BRONZE
HIO,LATEST,balance_sheet,level,2.0,ACTUAL,VNSTOCK_BRONZE
HIO,LATEST,balance_sheet,off_balance,0.0,ACTUAL,VNSTOCK_BRONZE
HIO,LATEST,balance_sheet,value,0.0,ACTUAL,VNSTOCK_BRONZE
HIO,LATEST,balance_sheet,order,75.0,ACTUAL,VNSTOCK_BRONZE
HIO,LATEST,balance_sheet,level,2.0,ACTUAL,VNSTOCK_BRONZE
HIO,LATEST,balance_sheet,off_balance,0.0,ACTUAL,VNSTOCK_BRONZE
HIO,LATEST,balance_sheet,value,32912625.0,ACTUAL,VNSTOCK_BRONZE
HIO,LATEST,balance_sheet,order,76.0,ACTUAL,VNSTOCK_BRONZE
HIO,LATEST,balance_sheet,level,2.0,ACTUAL,VNSTOCK_BRONZE
HIO,LATEST,balance_sheet,off_balance,0.0,ACTUAL,VNSTOCK_BRONZE
HIO,LATEST,balance_sheet,value,2241721000.0,ACTUAL,VNSTOCK_BRONZE
HIO,LATEST,balance_sheet,order,77.0,ACTUAL,VNSTOCK_BRONZE
HIO,LATEST,balance_sheet,level,2.0,ACTUAL,VNSTOCK_BRONZE
HIO,LATEST,balance_sheet,off_balance,0.0,ACTUAL,VNSTOCK_BRONZE
HIO,LATEST,balance_sheet,value,148050600000.0,ACTUAL,VNSTOCK_BRONZE
HIO,LATEST,balance_sheet,order,78.0,ACTUAL,VNSTOCK_BRONZE
HIO,LATEST,balance_sheet,level,2.0,ACTUAL,VNSTOCK_BRONZE
HIO,LATEST,balance_sheet,off_balance,0.0,ACTUAL,VNSTOCK_BRONZE
HIO,LATEST,balance_sheet,value,0.0,ACTUAL,VNSTOCK_BRONZE
HIO,LATEST,balance_sheet,order,79.0,ACTUAL,VNSTOCK_BRONZE
HIO,LATEST,balance_sheet,level,2.0,ACTUAL,VNSTOCK_BRONZE
HIO,LATEST,balance_sheet,off_balance,0.0,ACTUAL,VNSTOCK_BRONZE
HIO,LATEST,balance_sheet,value,7754395280.0,ACTUAL,VNSTOCK_BRONZE
HIO,LATEST,balance_sheet,order,80.0,ACTUAL,VNSTOCK_BRONZE
HIO,LATEST,balance_sheet,level,2.0,ACTUAL,VNSTOCK_BRONZE
HIO,LATEST,balance_sheet,off_balance,0.0,ACTUAL,VNSTOCK_BRONZE
HIO,LATEST,balance_sheet,value,0.0,ACTUAL,VNSTOCK_BRONZE
HIO,LATEST,balance_sheet,order,81.0,ACTUAL,VNSTOCK_BRONZE
HIO,LATEST,balance_sheet,level,2.0,ACTUAL,VNSTOCK_BRONZE
HIO,LATEST,balance_sheet,off_balance,0.0,ACTUAL,VNSTOCK_BRONZE
HIO,LATEST,balance_sheet,value,0.0,ACTUAL,VNSTOCK_BRONZE
HIO,LATEST,balance_sheet,order,82.0,ACTUAL,VNSTOCK_BRONZE
HIO,LATEST,balance_sheet,level,1.0,ACTUAL,VNSTOCK_BRONZE
HIO,LATEST,balance_sheet,off_balance,0.0,ACTUAL,VNSTOCK_BRONZE
HIO,LATEST,balance_sheet,value,350686379393.0,ACTUAL,VNSTOCK_BRONZE
HIO,LATEST,balance_sheet,order,83.0,ACTUAL,VNSTOCK_BRONZE
HIO,LATEST,balance_sheet,level,2.0,ACTUAL,VNSTOCK_BRONZE
HIO,LATEST,balance_sheet,off_balance,0.0,ACTUAL,VNSTOCK_BRONZE
HIO,LATEST,balance_sheet,value,0.0,ACTUAL,VNSTOCK_BRONZE
HIO,LATEST,balance_sheet,order,84.0,ACTUAL,VNSTOCK_BRONZE
HIO,LATEST,balance_sheet,level,2.0,ACTUAL,VNSTOCK_BRONZE
HIO,LATEST,balance_sheet,off_balance,0.0,ACTUAL,VNSTOCK_BRONZE
HIO,LATEST,balance_sheet,order,85.0,ACTUAL,VNSTOCK_BRONZE
HIO,LATEST,balance_sheet,level,2.0,ACTUAL,VNSTOCK_BRONZE
HIO,LATEST,balance_sheet,off_balance,0.0,ACTUAL,VNSTOCK_BRONZE
HIO,LATEST,balance_sheet,value,0.0,ACTUAL,VNSTOCK_BRONZE
HIO,LATEST,balance_sheet,order,86.0,ACTUAL,VNSTOCK_BRONZE
HIO,LATEST,balance_sheet,level,2.0,ACTUAL,VNSTOCK_BRONZE
HIO,LATEST,balance_sheet,off_balance,0.0,ACTUAL,VNSTOCK_BRONZE
HIO,LATEST,balance_sheet,value,0.0,ACTUAL,VNSTOCK_BRONZE
HIO,LATEST,balance_sheet,order,87.0,ACTUAL,VNSTOCK_BRONZE
HIO,LATEST,balance_sheet,level,2.0,ACTUAL,VNSTOCK_BRONZE
HIO,LATEST,balance_sheet,off_balance,0.0,ACTUAL,VNSTOCK_BRONZE
HIO,LATEST,balance_sheet,value,0.0,ACTUAL,VNSTOCK_BRONZE
HIO,LATEST,balance_sheet,order,88.0,ACTUAL,VNSTOCK_BRONZE
HIO,LATEST,balance_sheet,level,2.0,ACTUAL,VNSTOCK_BRONZE
HIO,LATEST,balance_sheet,off_balance,0.0,ACTUAL,VNSTOCK_BRONZE
HIO,LATEST,balance_sheet,value,0.0,ACTUAL,VNSTOCK_BRONZE
HIO,LATEST,balance_sheet,order,89.0,ACTUAL,VNSTOCK_BRONZE
HIO,LATEST,balance_sheet,level,2.0,ACTUAL,VNSTOCK_BRONZE
HIO,LATEST,balance_sheet,off_balance,0.0,ACTUAL,VNSTOCK_BRONZE
HIO,LATEST,balance_sheet,value,0.0,ACTUAL,VNSTOCK_BRONZE
HIO,LATEST,balance_sheet,order,90.0,ACTUAL,VNSTOCK_BRONZE
HIO,LATEST,balance_sheet,level,2.0,ACTUAL,VNSTOCK_BRONZE
HIO,LATEST,balance_sheet,off_balance,0.0,ACTUAL,VNSTOCK_BRONZE
HIO,LATEST,balance_sheet,value,0.0,ACTUAL,VNSTOCK_BRONZE
HIO,LATEST,balance_sheet,order,91.0,ACTUAL,VNSTOCK_BRONZE
HIO,LATEST,balance_sheet,level,2.0,ACTUAL,VNSTOCK_BRONZE
HIO,LATEST,balance_sheet,off_balance,0.0,ACTUAL,VNSTOCK_BRONZE
HIO,LATEST,balance_sheet,value,350465805058.0,ACTUAL,VNSTOCK_BRONZE
HIO,LATEST,balance_sheet,order,92.0,ACTUAL,VNSTOCK_BRONZE
HIO,LATEST,balance_sheet,level,2.0,ACTUAL,VNSTOCK_BRONZE
HIO,LATEST,balance_sheet,off_balance,0.0,ACTUAL,VNSTOCK_BRONZE
HIO,LATEST,balance_sheet,value,0.0,ACTUAL,VNSTOCK_BRONZE
HIO,LATEST,balance_sheet,order,93.0,ACTUAL,VNSTOCK_BRONZE
HIO,LATEST,balance_sheet,level,2.0,ACTUAL,VNSTOCK_BRONZE
HIO,LATEST,balance_sheet,off_balance,0.0,ACTUAL,VNSTOCK_BRONZE
HIO,LATEST,balance_sheet,value,220574335.0,ACTUAL,VNSTOCK_BRONZE
HIO,LATEST,balance_sheet,order,94.0,ACTUAL,VNSTOCK_BRONZE
HIO,LATEST,balance_sheet,level,2.0,ACTUAL,VNSTOCK_BRONZE
HIO,LATEST,balance_sheet,off_balance,0.0,ACTUAL,VNSTOCK_BRONZE
HIO,LATEST,balance_sheet,value,0.0,ACTUAL,VNSTOCK_BRONZE
HIO,LATEST,balance_sheet,order,95.0,ACTUAL,VNSTOCK_BRONZE
HIO,LATEST,balance_sheet,level,2.0,ACTUAL,VNSTOCK_BRONZE
HIO,LATEST,balance_sheet,off_balance,0.0,ACTUAL,VNSTOCK_BRONZE
HIO,LATEST,balance_sheet,value,0.0,ACTUAL,VNSTOCK_BRONZE
HIO,LATEST,balance_sheet,order,96.0,ACTUAL,VNSTOCK_BRONZE
HIO,LATEST,balance_sheet,level,1.0,ACTUAL,VNSTOCK_BRONZE
HIO,LATEST,balance_sheet,off_balance,0.0,ACTUAL,VNSTOCK_BRONZE
HIO,LATEST,balance_sheet,value,749794507687.0,ACTUAL,VNSTOCK_BRONZE
HIO,LATEST,balance_sheet,order,97.0,ACTUAL,VNSTOCK_BRONZE
HIO,LATEST,balance_sheet,level,1.0,ACTUAL,VNSTOCK_BRONZE
HIO,LATEST,balance_sheet,off_balance,0.0,ACTUAL,VNSTOCK_BRONZE
HIO,LATEST,balance_sheet,value,749794507687.0,ACTUAL,VNSTOCK_BRONZE
HIO,LATEST,balance_sheet,order,98.0,ACTUAL,VNSTOCK_BRONZE
HIO,LATEST,balance_sheet,level,2.0,ACTUAL,VNSTOCK_BRONZE
HIO,LATEST,balance_sheet,off_balance,0.0,ACTUAL,VNSTOCK_BRONZE
HIO,LATEST,balance_sheet,value,0.0,ACTUAL,VNSTOCK_BRONZE
HIO,LATEST,balance_sheet,order,99.0,ACTUAL,VNSTOCK_BRONZE
HIO,LATEST,balance_sheet,level,2.0,ACTUAL,VNSTOCK_BRONZE
HIO,LATEST,balance_sheet,off_balance,0.0,ACTUAL,VNSTOCK_BRONZE
HIO,LATEST,balance_sheet,value,0.0,ACTUAL,VNSTOCK_BRONZE
HIO,LATEST,balance_sheet,order,100.0,ACTUAL,VNSTOCK_BRONZE
HIO,LATEST,balance_sheet,level,2.0,ACTUAL,VNSTOCK_BRONZE
HIO,LATEST,balance_sheet,off_balance,0.0,ACTUAL,VNSTOCK_BRONZE
HIO,LATEST,balance_sheet,value,0.0,ACTUAL,VNSTOCK_BRONZE
HIO,LATEST,balance_sheet,order,101.0,ACTUAL,VNSTOCK_BRONZE
HIO,LATEST,balance_sheet,level,2.0,ACTUAL,VNSTOCK_BRONZE
HIO,LATEST,balance_sheet,off_balance,0.0,ACTUAL,VNSTOCK_BRONZE
HIO,LATEST,balance_sheet,value,0.0,ACTUAL,VNSTOCK_BRONZE
HIO,LATEST,balance_sheet,order,102.0,ACTUAL,VNSTOCK_BRONZE
HIO,LATEST,balance_sheet,level,2.0,ACTUAL,VNSTOCK_BRONZE
HIO,LATEST,balance_sheet,off_balance,0.0,ACTUAL,VNSTOCK_BRONZE
HIO,LATEST,balance_sheet,value,420000000000.0,ACTUAL,VNSTOCK_BRONZE
HIO,LATEST,balance_sheet,order,103.0,ACTUAL,VNSTOCK_BRONZE
HIO,LATEST,balance_sheet,level,3.0,ACTUAL,VNSTOCK_BRONZE
HIO,LATEST,balance_sheet,off_balance,0.0,ACTUAL,VNSTOCK_BRONZE
HIO,LATEST,balance_sheet,value,420000000000.0,ACTUAL,VNSTOCK_BRONZE
HIO,LATEST,balance_sheet,order,104.0,ACTUAL,VNSTOCK_BRONZE
HIO,LATEST,balance_sheet,level,2.0,ACTUAL,VNSTOCK_BRONZE
HIO,LATEST,balance_sheet,off_balance,0.0,ACTUAL,VNSTOCK_BRONZE
HIO,LATEST,balance_sheet,value,-508500000.0,ACTUAL,VNSTOCK_BRONZE
HIO,LATEST,balance_sheet,order,105.0,ACTUAL,VNSTOCK_BRONZE
HIO,LATEST,balance_sheet,level,2.0,ACTUAL,VNSTOCK_BRONZE
HIO,LATEST,balance_sheet,off_balance,0.0,ACTUAL,VNSTOCK_BRONZE
HIO,LATEST,balance_sheet,value,0.0,ACTUAL,VNSTOCK_BRONZE
HIO,LATEST,balance_sheet,order,106.0,ACTUAL,VNSTOCK_BRONZE
HIO,LATEST,balance_sheet,level,2.0,ACTUAL,VNSTOCK_BRONZE
HIO,LATEST,balance_sheet,off_balance,0.0,ACTUAL,VNSTOCK_BRONZE
HIO,LATEST,balance_sheet,value,0.0,ACTUAL,VNSTOCK_BRONZE
HIO,LATEST,balance_sheet,order,107.0,ACTUAL,VNSTOCK_BRONZE
HIO,LATEST,balance_sheet,level,2.0,ACTUAL,VNSTOCK_BRONZE
HIO,LATEST,balance_sheet,off_balance,0.0,ACTUAL,VNSTOCK_BRONZE
HIO,LATEST,balance_sheet,value,0.0,ACTUAL,VNSTOCK_BRONZE
HIO,LATEST,balance_sheet,order,108.0,ACTUAL,VNSTOCK_BRONZE
HIO,LATEST,balance_sheet,level,2.0,ACTUAL,VNSTOCK_BRONZE
HIO,LATEST,balance_sheet,off_balance,0.0,ACTUAL,VNSTOCK_BRONZE
HIO,LATEST,balance_sheet,value,0.0,ACTUAL,VNSTOCK_BRONZE
HIO,LATEST,balance_sheet,order,109.0,ACTUAL,VNSTOCK_BRONZE
HIO,LATEST,balance_sheet,level,2.0,ACTUAL,VNSTOCK_BRONZE
HIO,LATEST,balance_sheet,off_balance,0.0,ACTUAL,VNSTOCK_BRONZE
HIO,LATEST,balance_sheet,value,0.0,ACTUAL,VNSTOCK_BRONZE
HIO,LATEST,balance_sheet,order,110.0,ACTUAL,VNSTOCK_BRONZE
HIO,LATEST,balance_sheet,level,2.0,ACTUAL,VNSTOCK_BRONZE
HIO,LATEST,balance_sheet,off_balance,0.0,ACTUAL,VNSTOCK_BRONZE
HIO,LATEST,balance_sheet,value,0.0,ACTUAL,VNSTOCK_BRONZE
HIO,LATEST,balance_sheet,order,111.0,ACTUAL,VNSTOCK_BRONZE
HIO,LATEST,balance_sheet,level,2.0,ACTUAL,VNSTOCK_BRONZE
HIO,LATEST,balance_sheet,off_balance,0.0,ACTUAL,VNSTOCK_BRONZE
HIO,LATEST,balance_sheet,value,8415375558.0,ACTUAL,VNSTOCK_BRONZE
HIO,LATEST,balance_sheet,order,112.0,ACTUAL,VNSTOCK_BRONZE
HIO,LATEST,balance_sheet,level,2.0,ACTUAL,VNSTOCK_BRONZE
HIO,LATEST,balance_sheet,off_balance,0.0,ACTUAL,VNSTOCK_BRONZE
HIO,LATEST,balance_sheet,value,126320335141.0,ACTUAL,VNSTOCK_BRONZE
HIO,LATEST,balance_sheet,order,113.0,ACTUAL,VNSTOCK_BRONZE
HIO,LATEST,balance_sheet,level,3.0,ACTUAL,VNSTOCK_BRONZE
HIO,LATEST,balance_sheet,off_balance,0.0,ACTUAL,VNSTOCK_BRONZE
HIO,LATEST,balance_sheet,value,47428082665.0,ACTUAL,VNSTOCK_BRONZE
HIO,LATEST,balance_sheet,order,114.0,ACTUAL,VNSTOCK_BRONZE
HIO,LATEST,balance_sheet,level,3.0,ACTUAL,VNSTOCK_BRONZE
HIO,LATEST,balance_sheet,off_balance,0.0,ACTUAL,VNSTOCK_BRONZE
HIO,LATEST,balance_sheet,value,78892252476.0,ACTUAL,VNSTOCK_BRONZE
HIO,LATEST,balance_sheet,order,115.0,ACTUAL,VNSTOCK_BRONZE
HIO,LATEST,balance_sheet,level,2.0,ACTUAL,VNSTOCK_BRONZE
HIO,LATEST,balance_sheet,off_balance,0.0,ACTUAL,VNSTOCK_BRONZE
HIO,LATEST,balance_sheet,value,195567296988.0,ACTUAL,VNSTOCK_BRONZE
HIO,LATEST,balance_sheet,order,116.0,ACTUAL,VNSTOCK_BRONZE
HIO,LATEST,balance_sheet,level,1.0,ACTUAL,VNSTOCK_BRONZE
HIO,LATEST,balance_sheet,off_balance,0.0,ACTUAL,VNSTOCK_BRONZE
HIO,LATEST,balance_sheet,value,0.0,ACTUAL,VNSTOCK_BRONZE
HIO,LATEST,balance_sheet,order,117.0,ACTUAL,VNSTOCK_BRONZE
HIO,LATEST,balance_sheet,level,2.0,ACTUAL,VNSTOCK_BRONZE
HIO,LATEST,balance_sheet,off_balance,0.0,ACTUAL,VNSTOCK_BRONZE
HIO,LATEST,balance_sheet,value,0.0,ACTUAL,VNSTOCK_BRONZE
HIO,LATEST,balance_sheet,order,118.0,ACTUAL,VNSTOCK_BRONZE
HIO,LATEST,balance_sheet,level,1.0,ACTUAL,VNSTOCK_BRONZE
HIO,LATEST,balance_sheet,off_balance,0.0,ACTUAL,VNSTOCK_BRONZE
HIO,LATEST,balance_sheet,value,1266727494540.0,ACTUAL,VNSTOCK_BRONZE
HIO,LATEST,balance_sheet,order,1.0,ACTUAL,VNSTOCK_BRONZE
HIO,LATEST,balance_sheet,level,1.0,ACTUAL,VNSTOCK_BRONZE
HIO,LATEST,balance_sheet,off_balance,0.0,ACTUAL,VNSTOCK_BRONZE
HIO,LATEST,balance_sheet,value,39579595048.0,ACTUAL,VNSTOCK_BRONZE
HIO,LATEST,balance_sheet,order,2.0,ACTUAL,VNSTOCK_BRONZE
HIO,LATEST,balance_sheet,level,1.0,ACTUAL,VNSTOCK_BRONZE
HIO,LATEST,balance_sheet,off_balance,0.0,ACTUAL,VNSTOCK_BRONZE
HIO,LATEST,balance_sheet,value,13951804186.0,ACTUAL,VNSTOCK_BRONZE
HIO,LATEST,balance_sheet,order,3.0,ACTUAL,VNSTOCK_BRONZE
HIO,LATEST,balance_sheet,level,2.0,ACTUAL,VNSTOCK_BRONZE
HIO,LATEST,balance_sheet,off_balance,0.0,ACTUAL,VNSTOCK_BRONZE
HIO,LATEST,balance_sheet,value,13951804186.0,ACTUAL,VNSTOCK_BRONZE
HIO,LATEST,balance_sheet,order,4.0,ACTUAL,VNSTOCK_BRONZE
HIO,LATEST,balance_sheet,level,2.0,ACTUAL,VNSTOCK_BRONZE
HIO,LATEST,balance_sheet,off_balance,0.0,ACTUAL,VNSTOCK_BRONZE
HIO,LATEST,balance_sheet,value,0.0,ACTUAL,VNSTOCK_BRONZE
HIO,LATEST,balance_sheet,order,5.0,ACTUAL,VNSTOCK_BRONZE
HIO,LATEST,balance_sheet,level,1.0,ACTUAL,VNSTOCK_BRONZE
HIO,LATEST,balance_sheet,off_balance,0.0,ACTUAL,VNSTOCK_BRONZE
HIO,LATEST,balance_sheet,value,0.0,ACTUAL,VNSTOCK_BRONZE
HIO,LATEST,balance_sheet,order,6.0,ACTUAL,VNSTOCK_BRONZE
HIO,LATEST,balance_sheet,level,2.0,ACTUAL,VNSTOCK_BRONZE
HIO,LATEST,balance_sheet,off_balance,0.0,ACTUAL,VNSTOCK_BRONZE
HIO,LATEST,balance_sheet,value,0.0,ACTUAL,VNSTOCK_BRONZE
HIO,LATEST,balance_sheet,order,7.0,ACTUAL,VNSTOCK_BRONZE
HIO,LATEST,balance_sheet,level,2.0,ACTUAL,VNSTOCK_BRONZE
HIO,LATEST,balance_sheet,off_balance,0.0,ACTUAL,VNSTOCK_BRONZE
HIO,LATEST,balance_sheet,value,0.0,ACTUAL,VNSTOCK_BRONZE
HIO,LATEST,balance_sheet,order,8.0,ACTUAL,VNSTOCK_BRONZE
HIO,LATEST,balance_sheet,level,2.0,ACTUAL,VNSTOCK_BRONZE
HIO,LATEST,balance_sheet,off_balance,0.0,ACTUAL,VNSTOCK_BRONZE
HIO,LATEST,balance_sheet,value,0.0,ACTUAL,VNSTOCK_BRONZE
HIO,LATEST,balance_sheet,order,9.0,ACTUAL,VNSTOCK_BRONZE
HIO,LATEST,balance_sheet,level,1.0,ACTUAL,VNSTOCK_BRONZE
HIO,LATEST,balance_sheet,off_balance,0.0,ACTUAL,VNSTOCK_BRONZE
HIO,LATEST,balance_sheet,value,13731886917.0,ACTUAL,VNSTOCK_BRONZE
HIO,LATEST,balance_sheet,order,10.0,ACTUAL,VNSTOCK_BRONZE
HIO,LATEST,balance_sheet,level,2.0,ACTUAL,VNSTOCK_BRONZE
HIO,LATEST,balance_sheet,off_balance,0.0,ACTUAL,VNSTOCK_BRONZE
HIO,LATEST,balance_sheet,value,13054158180.0,ACTUAL,VNSTOCK_BRONZE
HIO,LATEST,balance_sheet,order,11.0,ACTUAL,VNSTOCK_BRONZE
HIO,LATEST,balance_sheet,level,2.0,ACTUAL,VNSTOCK_BRONZE
HIO,LATEST,balance_sheet,off_balance,0.0,ACTUAL,VNSTOCK_BRONZE
HIO,LATEST,balance_sheet,value,637086353.0,ACTUAL,VNSTOCK_BRONZE
HIO,LATEST,balance_sheet,order,12.0,ACTUAL,VNSTOCK_BRONZE
HIO,LATEST,balance_sheet,level,2.0,ACTUAL,VNSTOCK_BRONZE
HIO,LATEST,balance_sheet,off_balance,0.0,ACTUAL,VNSTOCK_BRONZE
HIO,LATEST,balance_sheet,value,0.0,ACTUAL,VNSTOCK_BRONZE
HIO,LATEST,balance_sheet,order,13.0,ACTUAL,VNSTOCK_BRONZE
HIO,LATEST,balance_sheet,level,2.0,ACTUAL,VNSTOCK_BRONZE
HIO,LATEST,balance_sheet,off_balance,0.0,ACTUAL,VNSTOCK_BRONZE
HIO,LATEST,balance_sheet,value,0.0,ACTUAL,VNSTOCK_BRONZE
HIO,LATEST,balance_sheet,order,14.0,ACTUAL,VNSTOCK_BRONZE
HIO,LATEST,balance_sheet,level,2.0,ACTUAL,VNSTOCK_BRONZE
HIO,LATEST,balance_sheet,off_balance,0.0,ACTUAL,VNSTOCK_BRONZE
HIO,LATEST,balance_sheet,value,0.0,ACTUAL,VNSTOCK_BRONZE
HIO,LATEST,balance_sheet,order,15.0,ACTUAL,VNSTOCK_BRONZE
HIO,LATEST,balance_sheet,level,2.0,ACTUAL,VNSTOCK_BRONZE
HIO,LATEST,balance_sheet,off_balance,0.0,ACTUAL,VNSTOCK_BRONZE
HIO,LATEST,balance_sheet,value,152916488.0,ACTUAL,VNSTOCK_BRONZE
HIO,LATEST,balance_sheet,order,16.0,ACTUAL,VNSTOCK_BRONZE
HIO,LATEST,balance_sheet,level,2.0,ACTUAL,VNSTOCK_BRONZE
HIO,LATEST,balance_sheet,off_balance,0.0,ACTUAL,VNSTOCK_BRONZE
HIO,LATEST,balance_sheet,value,-112274104.0,ACTUAL,VNSTOCK_BRONZE
HIO,LATEST,balance_sheet,order,17.0,ACTUAL,VNSTOCK_BRONZE
HIO,LATEST,balance_sheet,level,2.0,ACTUAL,VNSTOCK_BRONZE
HIO,LATEST,balance_sheet,off_balance,0.0,ACTUAL,VNSTOCK_BRONZE
HIO,LATEST,balance_sheet,value,0.0,ACTUAL,VNSTOCK_BRONZE
HIO,LATEST,balance_sheet,order,18.0,ACTUAL,VNSTOCK_BRONZE
HIO,LATEST,balance_sheet,level,1.0,ACTUAL,VNSTOCK_BRONZE
HIO,LATEST,balance_sheet,off_balance,0.0,ACTUAL,VNSTOCK_BRONZE
HIO,LATEST,balance_sheet,value,33010909.0,ACTUAL,VNSTOCK_BRONZE
HIO,LATEST,balance_sheet,order,19.0,ACTUAL,VNSTOCK_BRONZE
HIO,LATEST,balance_sheet,level,2.0,ACTUAL,VNSTOCK_BRONZE
HIO,LATEST,balance_sheet,off_balance,0.0,ACTUAL,VNSTOCK_BRONZE
HIO,LATEST,balance_sheet,value,33010909.0,ACTUAL,VNSTOCK_BRONZE
HIO,LATEST,balance_sheet,order,20.0,ACTUAL,VNSTOCK_BRONZE
HIO,LATEST,balance_sheet,level,2.0,ACTUAL,VNSTOCK_BRONZE
HIO,LATEST,balance_sheet,off_balance,0.0,ACTUAL,VNSTOCK_BRONZE
HIO,LATEST,balance_sheet,value,0.0,ACTUAL,VNSTOCK_BRONZE
HIO,LATEST,balance_sheet,order,21.0,ACTUAL,VNSTOCK_BRONZE
HIO,LATEST,balance_sheet,level,1.0,ACTUAL,VNSTOCK_BRONZE
HIO,LATEST,balance_sheet,off_balance,0.0,ACTUAL,VNSTOCK_BRONZE
HIO,LATEST,balance_sheet,value,11862893036.0,ACTUAL,VNSTOCK_BRONZE
HIO,LATEST,balance_sheet,order,22.0,ACTUAL,VNSTOCK_BRONZE
HIO,LATEST,balance_sheet,level,2.0,ACTUAL,VNSTOCK_BRONZE
HIO,LATEST,balance_sheet,off_balance,0.0,ACTUAL,VNSTOCK_BRONZE
HIO,LATEST,balance_sheet,value,2647978013.0,ACTUAL,VNSTOCK_BRONZE
HIO,LATEST,balance_sheet,order,23.0,ACTUAL,VNSTOCK_BRONZE
HIO,LATEST,balance_sheet,level,2.0,ACTUAL,VNSTOCK_BRONZE
HIO,LATEST,balance_sheet,off_balance,0.0,ACTUAL,VNSTOCK_BRONZE
HIO,LATEST,balance_sheet,value,9214915023.0,ACTUAL,VNSTOCK_BRONZE
HIO,LATEST,balance_sheet,order,24.0,ACTUAL,VNSTOCK_BRONZE
HIO,LATEST,balance_sheet,level,2.0,ACTUAL,VNSTOCK_BRONZE
HIO,LATEST,balance_sheet,off_balance,0.0,ACTUAL,VNSTOCK_BRONZE
HIO,LATEST,balance_sheet,value,0.0,ACTUAL,VNSTOCK_BRONZE
HIO,LATEST,balance_sheet,order,25.0,ACTUAL,VNSTOCK_BRONZE
HIO,LATEST,balance_sheet,level,2.0,ACTUAL,VNSTOCK_BRONZE
HIO,LATEST,balance_sheet,off_balance,0.0,ACTUAL,VNSTOCK_BRONZE
HIO,LATEST,balance_sheet,value,0.0,ACTUAL,VNSTOCK_BRONZE
HIO,LATEST,balance_sheet,order,26.0,ACTUAL,VNSTOCK_BRONZE
HIO,LATEST,balance_sheet,level,1.0,ACTUAL,VNSTOCK_BRONZE
HIO,LATEST,balance_sheet,off_balance,0.0,ACTUAL,VNSTOCK_BRONZE
HIO,LATEST,balance_sheet,value,407998541176.0,ACTUAL,VNSTOCK_BRONZE
HIO,LATEST,balance_sheet,order,27.0,ACTUAL,VNSTOCK_BRONZE
HIO,LATEST,balance_sheet,level,1.0,ACTUAL,VNSTOCK_BRONZE
HIO,LATEST,balance_sheet,off_balance,0.0,ACTUAL,VNSTOCK_BRONZE
HIO,LATEST,balance_sheet,value,10982800000.0,ACTUAL,VNSTOCK_BRONZE
HIO,LATEST,balance_sheet,order,28.0,ACTUAL,VNSTOCK_BRONZE
HIO,LATEST,balance_sheet,level,2.0,ACTUAL,VNSTOCK_BRONZE
HIO,LATEST,balance_sheet,off_balance,0.0,ACTUAL,VNSTOCK_BRONZE
HIO,LATEST,balance_sheet,value,0.0,ACTUAL,VNSTOCK_BRONZE
HIO,LATEST,balance_sheet,order,29.0,ACTUAL,VNSTOCK_BRONZE
HIO,LATEST,balance_sheet,level,2.0,ACTUAL,VNSTOCK_BRONZE
HIO,LATEST,balance_sheet,off_balance,0.0,ACTUAL,VNSTOCK_BRONZE
HIO,LATEST,balance_sheet,value,0.0,ACTUAL,VNSTOCK_BRONZE
HIO,LATEST,balance_sheet,order,30.0,ACTUAL,VNSTOCK_BRONZE
HIO,LATEST,balance_sheet,level,2.0,ACTUAL,VNSTOCK_BRONZE
HIO,LATEST,balance_sheet,off_balance,0.0,ACTUAL,VNSTOCK_BRONZE
HIO,LATEST,balance_sheet,value,0.0,ACTUAL,VNSTOCK_BRONZE
HIO,LATEST,balance_sheet,order,31.0,ACTUAL,VNSTOCK_BRONZE
HIO,LATEST,balance_sheet,level,2.0,ACTUAL,VNSTOCK_BRONZE
HIO,LATEST,balance_sheet,off_balance,0.0,ACTUAL,VNSTOCK_BRONZE
HIO,LATEST,balance_sheet,value,0.0,ACTUAL,VNSTOCK_BRONZE
HIO,LATEST,balance_sheet,order,32.0,ACTUAL,VNSTOCK_BRONZE
HIO,LATEST,balance_sheet,level,2.0,ACTUAL,VNSTOCK_BRONZE
HIO,LATEST,balance_sheet,off_balance,0.0,ACTUAL,VNSTOCK_BRONZE
HIO,LATEST,balance_sheet,value,10982800000.0,ACTUAL,VNSTOCK_BRONZE
HIO,LATEST,balance_sheet,order,33.0,ACTUAL,VNSTOCK_BRONZE
HIO,LATEST,balance_sheet,level,2.0,ACTUAL,VNSTOCK_BRONZE
HIO,LATEST,balance_sheet,off_balance,0.0,ACTUAL,VNSTOCK_BRONZE
HIO,LATEST,balance_sheet,value,-0.0,ACTUAL,VNSTOCK_BRONZE
HIO,LATEST,balance_sheet,order,34.0,ACTUAL,VNSTOCK_BRONZE
HIO,LATEST,balance_sheet,level,1.0,ACTUAL,VNSTOCK_BRONZE
HIO,LATEST,balance_sheet,off_balance,0.0,ACTUAL,VNSTOCK_BRONZE
HIO,LATEST,balance_sheet,value,293415048481.0,ACTUAL,VNSTOCK_BRONZE
HIO,LATEST,balance_sheet,order,35.0,ACTUAL,VNSTOCK_BRONZE
HIO,LATEST,balance_sheet,level,2.0,ACTUAL,VNSTOCK_BRONZE
HIO,LATEST,balance_sheet,off_balance,0.0,ACTUAL,VNSTOCK_BRONZE
HIO,LATEST,balance_sheet,value,293415048481.0,ACTUAL,VNSTOCK_BRONZE
HIO,LATEST,balance_sheet,order,36.0,ACTUAL,VNSTOCK_BRONZE
HIO,LATEST,balance_sheet,level,3.0,ACTUAL,VNSTOCK_BRONZE
HIO,LATEST,balance_sheet,off_balance,0.0,ACTUAL,VNSTOCK_BRONZE
HIO,LATEST,balance_sheet,value,484452101846.0,ACTUAL,VNSTOCK_BRONZE
HIO,LATEST,balance_sheet,order,37.0,ACTUAL,VNSTOCK_BRONZE
HIO,LATEST,balance_sheet,level,3.0,ACTUAL,VNSTOCK_BRONZE
HIO,LATEST,balance_sheet,off_balance,0.0,ACTUAL,VNSTOCK_BRONZE
HIO,LATEST,balance_sheet,value,-191037053365.0,ACTUAL,VNSTOCK_BRONZE
HIO,LATEST,balance_sheet,order,38.0,ACTUAL,VNSTOCK_BRONZE
HIO,LATEST,balance_sheet,level,2.0,ACTUAL,VNSTOCK_BRONZE
HIO,LATEST,balance_sheet,off_balance,0.0,ACTUAL,VNSTOCK_BRONZE
HIO,LATEST,balance_sheet,value,0.0,ACTUAL,VNSTOCK_BRONZE
HIO,LATEST,balance_sheet,order,39.0,ACTUAL,VNSTOCK_BRONZE
HIO,LATEST,balance_sheet,level,3.0,ACTUAL,VNSTOCK_BRONZE
HIO,LATEST,balance_sheet,off_balance,0.0,ACTUAL,VNSTOCK_BRONZE
HIO,LATEST,balance_sheet,value,0.0,ACTUAL,VNSTOCK_BRONZE
HIO,LATEST,balance_sheet,order,40.0,ACTUAL,VNSTOCK_BRONZE
HIO,LATEST,balance_sheet,level,3.0,ACTUAL,VNSTOCK_BRONZE
HIO,LATEST,balance_sheet,off_balance,0.0,ACTUAL,VNSTOCK_BRONZE
HIO,LATEST,balance_sheet,value,-0.0,ACTUAL,VNSTOCK_BRONZE
HIO,LATEST,balance_sheet,order,41.0,ACTUAL,VNSTOCK_BRONZE
HIO,LATEST,balance_sheet,level,2.0,ACTUAL,VNSTOCK_BRONZE
HIO,LATEST,balance_sheet,off_balance,0.0,ACTUAL,VNSTOCK_BRONZE
HIO,LATEST,balance_sheet,value,0.0,ACTUAL,VNSTOCK_BRONZE
HIO,LATEST,balance_sheet,order,42.0,ACTUAL,VNSTOCK_BRONZE
HIO,LATEST,balance_sheet,level,3.0,ACTUAL,VNSTOCK_BRONZE
HIO,LATEST,balance_sheet,off_balance,0.0,ACTUAL,VNSTOCK_BRONZE
HIO,LATEST,balance_sheet,value,0.0,ACTUAL,VNSTOCK_BRONZE
HIO,LATEST,balance_sheet,order,43.0,ACTUAL,VNSTOCK_BRONZE
HIO,LATEST,balance_sheet,level,3.0,ACTUAL,VNSTOCK_BRONZE
HIO,LATEST,balance_sheet,off_balance,0.0,ACTUAL,VNSTOCK_BRONZE
HIO,LATEST,balance_sheet,value,-0.0,ACTUAL,VNSTOCK_BRONZE
HIO,LATEST,balance_sheet,order,44.0,ACTUAL,VNSTOCK_BRONZE
HIO,LATEST,balance_sheet,level,1.0,ACTUAL,VNSTOCK_BRONZE
HIO,LATEST,balance_sheet,off_balance,0.0,ACTUAL,VNSTOCK_BRONZE
HIO,LATEST,balance_sheet,value,23753941807.0,ACTUAL,VNSTOCK_BRONZE
HIO,LATEST,balance_sheet,order,45.0,ACTUAL,VNSTOCK_BRONZE
HIO,LATEST,balance_sheet,level,2.0,ACTUAL,VNSTOCK_BRONZE
HIO,LATEST,balance_sheet,off_balance,0.0,ACTUAL,VNSTOCK_BRONZE
HIO,LATEST,balance_sheet,value,35093712424.0,ACTUAL,VNSTOCK_BRONZE
HIO,LATEST,balance_sheet,order,46.0,ACTUAL,VNSTOCK_BRONZE
HIO,LATEST,balance_sheet,level,2.0,ACTUAL,VNSTOCK_BRONZE
HIO,LATEST,balance_sheet,off_balance,0.0,ACTUAL,VNSTOCK_BRONZE
HIO,LATEST,balance_sheet,value,-11339770617.0,ACTUAL,VNSTOCK_BRONZE
HIO,LATEST,balance_sheet,order,47.0,ACTUAL,VNSTOCK_BRONZE
HIO,LATEST,balance_sheet,level,1.0,ACTUAL,VNSTOCK_BRONZE
HIO,LATEST,balance_sheet,off_balance,0.0,ACTUAL,VNSTOCK_BRONZE
HIO,LATEST,balance_sheet,value,0.0,ACTUAL,VNSTOCK_BRONZE
HIO,LATEST,balance_sheet,order,48.0,ACTUAL,VNSTOCK_BRONZE
HIO,LATEST,balance_sheet,level,2.0,ACTUAL,VNSTOCK_BRONZE
HIO,LATEST,balance_sheet,off_balance,0.0,ACTUAL,VNSTOCK_BRONZE
HIO,LATEST,balance_sheet,value,0.0,ACTUAL,VNSTOCK_BRONZE
HIO,LATEST,balance_sheet,order,49.0,ACTUAL,VNSTOCK_BRONZE
HIO,LATEST,balance_sheet,level,2.0,ACTUAL,VNSTOCK_BRONZE
HIO,LATEST,balance_sheet,off_balance,0.0,ACTUAL,VNSTOCK_BRONZE
HIO,LATEST,balance_sheet,value,0.0,ACTUAL,VNSTOCK_BRONZE
HIO,LATEST,balance_sheet,order,50.0,ACTUAL,VNSTOCK_BRONZE
HIO,LATEST,balance_sheet,level,1.0,ACTUAL,VNSTOCK_BRONZE
HIO,LATEST,balance_sheet,off_balance,0.0,ACTUAL,VNSTOCK_BRONZE
HIO,LATEST,balance_sheet,value,66385078617.0,ACTUAL,VNSTOCK_BRONZE
HIO,LATEST,balance_sheet,order,51.0,ACTUAL,VNSTOCK_BRONZE
HIO,LATEST,balance_sheet,level,2.0,ACTUAL,VNSTOCK_BRONZE
HIO,LATEST,balance_sheet,off_balance,0.0,ACTUAL,VNSTOCK_BRONZE
HIO,LATEST,balance_sheet,value,0.0,ACTUAL,VNSTOCK_BRONZE
HIO,LATEST,balance_sheet,order,52.0,ACTUAL,VNSTOCK_BRONZE
HIO,LATEST,balance_sheet,level,2.0,ACTUAL,VNSTOCK_BRONZE
HIO,LATEST,balance_sheet,off_balance,0.0,ACTUAL,VNSTOCK_BRONZE
HIO,LATEST,balance_sheet,value,20385078617.0,ACTUAL,VNSTOCK_BRONZE
HIO,LATEST,balance_sheet,order,53.0,ACTUAL,VNSTOCK_BRONZE
HIO,LATEST,balance_sheet,level,2.0,ACTUAL,VNSTOCK_BRONZE
HIO,LATEST,balance_sheet,off_balance,0.0,ACTUAL,VNSTOCK_BRONZE
HIO,LATEST,balance_sheet,value,46000000000.0,ACTUAL,VNSTOCK_BRONZE
HIO,LATEST,balance_sheet,order,54.0,ACTUAL,VNSTOCK_BRONZE
HIO,LATEST,balance_sheet,level,2.0,ACTUAL,VNSTOCK_BRONZE
HIO,LATEST,balance_sheet,off_balance,0.0,ACTUAL,VNSTOCK_BRONZE
HIO,LATEST,balance_sheet,value,0.0,ACTUAL,VNSTOCK_BRONZE
HIO,LATEST,balance_sheet,order,55.0,ACTUAL,VNSTOCK_BRONZE
HIO,LATEST,balance_sheet,level,2.0,ACTUAL,VNSTOCK_BRONZE
HIO,LATEST,balance_sheet,off_balance,0.0,ACTUAL,VNSTOCK_BRONZE
HIO,LATEST,balance_sheet,value,0.0,ACTUAL,VNSTOCK_BRONZE
HIO,LATEST,balance_sheet,order,56.0,ACTUAL,VNSTOCK_BRONZE
HIO,LATEST,balance_sheet,level,1.0,ACTUAL,VNSTOCK_BRONZE
HIO,LATEST,balance_sheet,off_balance,0.0,ACTUAL,VNSTOCK_BRONZE
HIO,LATEST,balance_sheet,value,13461672271.0,ACTUAL,VNSTOCK_BRONZE
HIO,LATEST,balance_sheet,order,57.0,ACTUAL,VNSTOCK_BRONZE
HIO,LATEST,balance_sheet,level,2.0,ACTUAL,VNSTOCK_BRONZE
HIO,LATEST,balance_sheet,off_balance,0.0,ACTUAL,VNSTOCK_BRONZE
HIO,LATEST,balance_sheet,value,0.0,ACTUAL,VNSTOCK_BRONZE
HIO,LATEST,balance_sheet,order,58.0,ACTUAL,VNSTOCK_BRONZE
HIO,LATEST,balance_sheet,level,2.0,ACTUAL,VNSTOCK_BRONZE
HIO,LATEST,balance_sheet,off_balance,0.0,ACTUAL,VNSTOCK_BRONZE
HIO,LATEST,balance_sheet,value,10281072502.0,ACTUAL,VNSTOCK_BRONZE
HIO,LATEST,balance_sheet,order,59.0,ACTUAL,VNSTOCK_BRONZE
HIO,LATEST,balance_sheet,level,2.0,ACTUAL,VNSTOCK_BRONZE
HIO,LATEST,balance_sheet,off_balance,0.0,ACTUAL,VNSTOCK_BRONZE
HIO,LATEST,balance_sheet,value,1172976038.0,ACTUAL,VNSTOCK_BRONZE
HIO,LATEST,balance_sheet,order,60.0,ACTUAL,VNSTOCK_BRONZE
HIO,LATEST,balance_sheet,level,2.0,ACTUAL,VNSTOCK_BRONZE
HIO,LATEST,balance_sheet,off_balance,0.0,ACTUAL,VNSTOCK_BRONZE
HIO,LATEST,balance_sheet,value,103929812.0,ACTUAL,VNSTOCK_BRONZE
HIO,LATEST,balance_sheet,order,61.0,ACTUAL,VNSTOCK_BRONZE
HIO,LATEST,balance_sheet,level,2.0,ACTUAL,VNSTOCK_BRONZE
HIO,LATEST,balance_sheet,off_balance,0.0,ACTUAL,VNSTOCK_BRONZE
HIO,LATEST,balance_sheet,value,0.0,ACTUAL,VNSTOCK_BRONZE
HIO,LATEST,balance_sheet,order,62.0,ACTUAL,VNSTOCK_BRONZE
HIO,LATEST,balance_sheet,level,2.0,ACTUAL,VNSTOCK_BRONZE
HIO,LATEST,balance_sheet,off_balance,0.0,ACTUAL,VNSTOCK_BRONZE
HIO,LATEST,balance_sheet,value,1903693919.0,ACTUAL,VNSTOCK_BRONZE
HIO,LATEST,balance_sheet,order,63.0,ACTUAL,VNSTOCK_BRONZE
HIO,LATEST,balance_sheet,level,1.0,ACTUAL,VNSTOCK_BRONZE
HIO,LATEST,balance_sheet,off_balance,0.0,ACTUAL,VNSTOCK_BRONZE
HIO,LATEST,balance_sheet,value,447578136224.0,ACTUAL,VNSTOCK_BRONZE
HIO,LATEST,balance_sheet,order,64.0,ACTUAL,VNSTOCK_BRONZE
HIO,LATEST,balance_sheet,level,1.0,ACTUAL,VNSTOCK_BRONZE
HIO,LATEST,balance_sheet,off_balance,0.0,ACTUAL,VNSTOCK_BRONZE
HIO,LATEST,balance_sheet,value,181734678001.0,ACTUAL,VNSTOCK_BRONZE
HIO,LATEST,balance_sheet,order,65.0,ACTUAL,VNSTOCK_BRONZE
HIO,LATEST,balance_sheet,level,1.0,ACTUAL,VNSTOCK_BRONZE
HIO,LATEST,balance_sheet,off_balance,0.0,ACTUAL,VNSTOCK_BRONZE
HIO,LATEST,balance_sheet,value,75770451604.0,ACTUAL,VNSTOCK_BRONZE
HIO,LATEST,balance_sheet,order,66.0,ACTUAL,VNSTOCK_BRONZE
HIO,LATEST,balance_sheet,level,2.0,ACTUAL,VNSTOCK_BRONZE
HIO,LATEST,balance_sheet,off_balance,0.0,ACTUAL,VNSTOCK_BRONZE
HIO,LATEST,balance_sheet,value,0.0,ACTUAL,VNSTOCK_BRONZE
HIO,LATEST,balance_sheet,order,67.0,ACTUAL,VNSTOCK_BRONZE
HIO,LATEST,balance_sheet,level,2.0,ACTUAL,VNSTOCK_BRONZE
HIO,LATEST,balance_sheet,off_balance,0.0,ACTUAL,VNSTOCK_BRONZE
HIO,LATEST,balance_sheet,value,0.0,ACTUAL,VNSTOCK_BRONZE
HIO,LATEST,balance_sheet,order,68.0,ACTUAL,VNSTOCK_BRONZE
HIO,LATEST,balance_sheet,level,2.0,ACTUAL,VNSTOCK_BRONZE
HIO,LATEST,balance_sheet,off_balance,0.0,ACTUAL,VNSTOCK_BRONZE
HIO,LATEST,balance_sheet,value,0.0,ACTUAL,VNSTOCK_BRONZE
HIO,LATEST,balance_sheet,order,69.0,ACTUAL,VNSTOCK_BRONZE
HIO,LATEST,balance_sheet,level,2.0,ACTUAL,VNSTOCK_BRONZE
HIO,LATEST,balance_sheet,off_balance,0.0,ACTUAL,VNSTOCK_BRONZE
HIO,LATEST,balance_sheet,value,2434359599.0,ACTUAL,VNSTOCK_BRONZE
HIO,LATEST,balance_sheet,order,70.0,ACTUAL,VNSTOCK_BRONZE
HIO,LATEST,balance_sheet,level,2.0,ACTUAL,VNSTOCK_BRONZE
HIO,LATEST,balance_sheet,off_balance,0.0,ACTUAL,VNSTOCK_BRONZE
HIO,LATEST,balance_sheet,value,0.0,ACTUAL,VNSTOCK_BRONZE
HIO,LATEST,balance_sheet,order,71.0,ACTUAL,VNSTOCK_BRONZE
HIO,LATEST,balance_sheet,level,2.0,ACTUAL,VNSTOCK_BRONZE
HIO,LATEST,balance_sheet,off_balance,0.0,ACTUAL,VNSTOCK_BRONZE
HIO,LATEST,balance_sheet,value,2098072770.0,ACTUAL,VNSTOCK_BRONZE
HIO,LATEST,balance_sheet,order,72.0,ACTUAL,VNSTOCK_BRONZE
HIO,LATEST,balance_sheet,level,2.0,ACTUAL,VNSTOCK_BRONZE
HIO,LATEST,balance_sheet,off_balance,0.0,ACTUAL,VNSTOCK_BRONZE
HIO,LATEST,balance_sheet,value,1027067747.0,ACTUAL,VNSTOCK_BRONZE
HIO,LATEST,balance_sheet,order,73.0,ACTUAL,VNSTOCK_BRONZE
HIO,LATEST,balance_sheet,level,2.0,ACTUAL,VNSTOCK_BRONZE
HIO,LATEST,balance_sheet,off_balance,0.0,ACTUAL,VNSTOCK_BRONZE
HIO,LATEST,balance_sheet,value,2395303287.0,ACTUAL,VNSTOCK_BRONZE
HIO,LATEST,balance_sheet,order,74.0,ACTUAL,VNSTOCK_BRONZE
HIO,LATEST,balance_sheet,level,2.0,ACTUAL,VNSTOCK_BRONZE
HIO,LATEST,balance_sheet,off_balance,0.0,ACTUAL,VNSTOCK_BRONZE
HIO,LATEST,balance_sheet,value,0.0,ACTUAL,VNSTOCK_BRONZE
HIO,LATEST,balance_sheet,order,75.0,ACTUAL,VNSTOCK_BRONZE
HIO,LATEST,balance_sheet,level,2.0,ACTUAL,VNSTOCK_BRONZE
HIO,LATEST,balance_sheet,off_balance,0.0,ACTUAL,VNSTOCK_BRONZE
HIO,LATEST,balance_sheet,value,69750000.0,ACTUAL,VNSTOCK_BRONZE
HIO,LATEST,balance_sheet,order,76.0,ACTUAL,VNSTOCK_BRONZE
HIO,LATEST,balance_sheet,level,2.0,ACTUAL,VNSTOCK_BRONZE
HIO,LATEST,balance_sheet,off_balance,0.0,ACTUAL,VNSTOCK_BRONZE
HIO,LATEST,balance_sheet,value,0.0,ACTUAL,VNSTOCK_BRONZE
HIO,LATEST,balance_sheet,order,77.0,ACTUAL,VNSTOCK_BRONZE
HIO,LATEST,balance_sheet,level,2.0,ACTUAL,VNSTOCK_BRONZE
HIO,LATEST,balance_sheet,off_balance,0.0,ACTUAL,VNSTOCK_BRONZE
HIO,LATEST,balance_sheet,value,66475600000.0,ACTUAL,VNSTOCK_BRONZE
HIO,LATEST,balance_sheet,order,78.0,ACTUAL,VNSTOCK_BRONZE
HIO,LATEST,balance_sheet,level,2.0,ACTUAL,VNSTOCK_BRONZE
HIO,LATEST,balance_sheet,off_balance,0.0,ACTUAL,VNSTOCK_BRONZE
HIO,LATEST,balance_sheet,value,0.0,ACTUAL,VNSTOCK_BRONZE
HIO,LATEST,balance_sheet,order,79.0,ACTUAL,VNSTOCK_BRONZE
HIO,LATEST,balance_sheet,level,2.0,ACTUAL,VNSTOCK_BRONZE
HIO,LATEST,balance_sheet,off_balance,0.0,ACTUAL,VNSTOCK_BRONZE
HIO,LATEST,balance_sheet,value,1270298201.0,ACTUAL,VNSTOCK_BRONZE
HIO,LATEST,balance_sheet,order,80.0,ACTUAL,VNSTOCK_BRONZE
HIO,LATEST,balance_sheet,level,2.0,ACTUAL,VNSTOCK_BRONZE
HIO,LATEST,balance_sheet,off_balance,0.0,ACTUAL,VNSTOCK_BRONZE
HIO,LATEST,balance_sheet,value,0.0,ACTUAL,VNSTOCK_BRONZE
HIO,LATEST,balance_sheet,order,81.0,ACTUAL,VNSTOCK_BRONZE
HIO,LATEST,balance_sheet,level,2.0,ACTUAL,VNSTOCK_BRONZE
HIO,LATEST,balance_sheet,off_balance,0.0,ACTUAL,VNSTOCK_BRONZE
HIO,LATEST,balance_sheet,value,0.0,ACTUAL,VNSTOCK_BRONZE
HIO,LATEST,balance_sheet,order,82.0,ACTUAL,VNSTOCK_BRONZE
HIO,LATEST,balance_sheet,level,1.0,ACTUAL,VNSTOCK_BRONZE
HIO,LATEST,balance_sheet,off_balance,0.0,ACTUAL,VNSTOCK_BRONZE
HIO,LATEST,balance_sheet,value,105964226397.0,ACTUAL,VNSTOCK_BRONZE
HIO,LATEST,balance_sheet,order,83.0,ACTUAL,VNSTOCK_BRONZE
HIO,LATEST,balance_sheet,level,2.0,ACTUAL,VNSTOCK_BRONZE
HIO,LATEST,balance_sheet,off_balance,0.0,ACTUAL,VNSTOCK_BRONZE
HIO,LATEST,balance_sheet,value,0.0,ACTUAL,VNSTOCK_BRONZE
HIO,LATEST,balance_sheet,order,84.0,ACTUAL,VNSTOCK_BRONZE
HIO,LATEST,balance_sheet,level,2.0,ACTUAL,VNSTOCK_BRONZE
HIO,LATEST,balance_sheet,off_balance,0.0,ACTUAL,VNSTOCK_BRONZE
HIO,LATEST,balance_sheet,order,85.0,ACTUAL,VNSTOCK_BRONZE
HIO,LATEST,balance_sheet,level,2.0,ACTUAL,VNSTOCK_BRONZE
HIO,LATEST,balance_sheet,off_balance,0.0,ACTUAL,VNSTOCK_BRONZE
HIO,LATEST,balance_sheet,value,0.0,ACTUAL,VNSTOCK_BRONZE
HIO,LATEST,balance_sheet,order,86.0,ACTUAL,VNSTOCK_BRONZE
HIO,LATEST,balance_sheet,level,2.0,ACTUAL,VNSTOCK_BRONZE
HIO,LATEST,balance_sheet,off_balance,0.0,ACTUAL,VNSTOCK_BRONZE
HIO,LATEST,balance_sheet,value,0.0,ACTUAL,VNSTOCK_BRONZE
HIO,LATEST,balance_sheet,order,87.0,ACTUAL,VNSTOCK_BRONZE
HIO,LATEST,balance_sheet,level,2.0,ACTUAL,VNSTOCK_BRONZE
HIO,LATEST,balance_sheet,off_balance,0.0,ACTUAL,VNSTOCK_BRONZE
HIO,LATEST,balance_sheet,value,0.0,ACTUAL,VNSTOCK_BRONZE
HIO,LATEST,balance_sheet,order,88.0,ACTUAL,VNSTOCK_BRONZE
HIO,LATEST,balance_sheet,level,2.0,ACTUAL,VNSTOCK_BRONZE
HIO,LATEST,balance_sheet,off_balance,0.0,ACTUAL,VNSTOCK_BRONZE
HIO,LATEST,balance_sheet,value,0.0,ACTUAL,VNSTOCK_BRONZE
HIO,LATEST,balance_sheet,order,89.0,ACTUAL,VNSTOCK_BRONZE
HIO,LATEST,balance_sheet,level,2.0,ACTUAL,VNSTOCK_BRONZE
HIO,LATEST,balance_sheet,off_balance,0.0,ACTUAL,VNSTOCK_BRONZE
HIO,LATEST,balance_sheet,value,0.0,ACTUAL,VNSTOCK_BRONZE
HIO,LATEST,balance_sheet,order,90.0,ACTUAL,VNSTOCK_BRONZE
HIO,LATEST,balance_sheet,level,2.0,ACTUAL,VNSTOCK_BRONZE
HIO,LATEST,balance_sheet,off_balance,0.0,ACTUAL,VNSTOCK_BRONZE
HIO,LATEST,balance_sheet,value,0.0,ACTUAL,VNSTOCK_BRONZE
HIO,LATEST,balance_sheet,order,91.0,ACTUAL,VNSTOCK_BRONZE
HIO,LATEST,balance_sheet,level,2.0,ACTUAL,VNSTOCK_BRONZE
HIO,LATEST,balance_sheet,off_balance,0.0,ACTUAL,VNSTOCK_BRONZE
HIO,LATEST,balance_sheet,value,105757205058.0,ACTUAL,VNSTOCK_BRONZE
HIO,LATEST,balance_sheet,order,92.0,ACTUAL,VNSTOCK_BRONZE
HIO,LATEST,balance_sheet,level,2.0,ACTUAL,VNSTOCK_BRONZE
HIO,LATEST,balance_sheet,off_balance,0.0,ACTUAL,VNSTOCK_BRONZE
HIO,LATEST,balance_sheet,value,0.0,ACTUAL,VNSTOCK_BRONZE
HIO,LATEST,balance_sheet,order,93.0,ACTUAL,VNSTOCK_BRONZE
HIO,LATEST,balance_sheet,level,2.0,ACTUAL,VNSTOCK_BRONZE
HIO,LATEST,balance_sheet,off_balance,0.0,ACTUAL,VNSTOCK_BRONZE
HIO,LATEST,balance_sheet,value,207021339.0,ACTUAL,VNSTOCK_BRONZE
HIO,LATEST,balance_sheet,order,94.0,ACTUAL,VNSTOCK_BRONZE
HIO,LATEST,balance_sheet,level,2.0,ACTUAL,VNSTOCK_BRONZE
HIO,LATEST,balance_sheet,off_balance,0.0,ACTUAL,VNSTOCK_BRONZE
HIO,LATEST,balance_sheet,value,0.0,ACTUAL,VNSTOCK_BRONZE
HIO,LATEST,balance_sheet,order,95.0,ACTUAL,VNSTOCK_BRONZE
HIO,LATEST,balance_sheet,level,2.0,ACTUAL,VNSTOCK_BRONZE
HIO,LATEST,balance_sheet,off_balance,0.0,ACTUAL,VNSTOCK_BRONZE
HIO,LATEST,balance_sheet,value,0.0,ACTUAL,VNSTOCK_BRONZE
HIO,LATEST,balance_sheet,order,96.0,ACTUAL,VNSTOCK_BRONZE
HIO,LATEST,balance_sheet,level,1.0,ACTUAL,VNSTOCK_BRONZE
HIO,LATEST,balance_sheet,off_balance,0.0,ACTUAL,VNSTOCK_BRONZE
HIO,LATEST,balance_sheet,value,265843458223.0,ACTUAL,VNSTOCK_BRONZE
HIO,LATEST,balance_sheet,order,97.0,ACTUAL,VNSTOCK_BRONZE
HIO,LATEST,balance_sheet,level,1.0,ACTUAL,VNSTOCK_BRONZE
HIO,LATEST,balance_sheet,off_balance,0.0,ACTUAL,VNSTOCK_BRONZE
HIO,LATEST,balance_sheet,value,265843458223.0,ACTUAL,VNSTOCK_BRONZE
HIO,LATEST,balance_sheet,order,98.0,ACTUAL,VNSTOCK_BRONZE
HIO,LATEST,balance_sheet,level,2.0,ACTUAL,VNSTOCK_BRONZE
HIO,LATEST,balance_sheet,off_balance,0.0,ACTUAL,VNSTOCK_BRONZE
HIO,LATEST,balance_sheet,value,0.0,ACTUAL,VNSTOCK_BRONZE
HIO,LATEST,balance_sheet,order,99.0,ACTUAL,VNSTOCK_BRONZE
HIO,LATEST,balance_sheet,level,2.0,ACTUAL,VNSTOCK_BRONZE
HIO,LATEST,balance_sheet,off_balance,0.0,ACTUAL,VNSTOCK_BRONZE
HIO,LATEST,balance_sheet,value,0.0,ACTUAL,VNSTOCK_BRONZE
HIO,LATEST,balance_sheet,order,100.0,ACTUAL,VNSTOCK_BRONZE
HIO,LATEST,balance_sheet,level,2.0,ACTUAL,VNSTOCK_BRONZE
HIO,LATEST,balance_sheet,off_balance,0.0,ACTUAL,VNSTOCK_BRONZE
HIO,LATEST,balance_sheet,value,0.0,ACTUAL,VNSTOCK_BRONZE
HIO,LATEST,balance_sheet,order,101.0,ACTUAL,VNSTOCK_BRONZE
HIO,LATEST,balance_sheet,level,2.0,ACTUAL,VNSTOCK_BRONZE
HIO,LATEST,balance_sheet,off_balance,0.0,ACTUAL,VNSTOCK_BRONZE
HIO,LATEST,balance_sheet,value,0.0,ACTUAL,VNSTOCK_BRONZE
HIO,LATEST,balance_sheet,order,102.0,ACTUAL,VNSTOCK_BRONZE
HIO,LATEST,balance_sheet,level,2.0,ACTUAL,VNSTOCK_BRONZE
HIO,LATEST,balance_sheet,off_balance,0.0,ACTUAL,VNSTOCK_BRONZE
HIO,LATEST,balance_sheet,value,210000000000.0,ACTUAL,VNSTOCK_BRONZE
HIO,LATEST,balance_sheet,order,103.0,ACTUAL,VNSTOCK_BRONZE
HIO,LATEST,balance_sheet,level,3.0,ACTUAL,VNSTOCK_BRONZE
HIO,LATEST,balance_sheet,off_balance,0.0,ACTUAL,VNSTOCK_BRONZE
HIO,LATEST,balance_sheet,value,210000000000.0,ACTUAL,VNSTOCK_BRONZE
HIO,LATEST,balance_sheet,order,104.0,ACTUAL,VNSTOCK_BRONZE
HIO,LATEST,balance_sheet,level,2.0,ACTUAL,VNSTOCK_BRONZE
HIO,LATEST,balance_sheet,off_balance,0.0,ACTUAL,VNSTOCK_BRONZE
HIO,LATEST,balance_sheet,value,0.0,ACTUAL,VNSTOCK_BRONZE
HIO,LATEST,balance_sheet,order,105.0,ACTUAL,VNSTOCK_BRONZE
HIO,LATEST,balance_sheet,level,2.0,ACTUAL,VNSTOCK_BRONZE
HIO,LATEST,balance_sheet,off_balance,0.0,ACTUAL,VNSTOCK_BRONZE
HIO,LATEST,balance_sheet,value,0.0,ACTUAL,VNSTOCK_BRONZE
HIO,LATEST,balance_sheet,order,106.0,ACTUAL,VNSTOCK_BRONZE
HIO,LATEST,balance_sheet,level,2.0,ACTUAL,VNSTOCK_BRONZE
HIO,LATEST,balance_sheet,off_balance,0.0,ACTUAL,VNSTOCK_BRONZE
HIO,LATEST,balance_sheet,value,0.0,ACTUAL,VNSTOCK_BRONZE
HIO,LATEST,balance_sheet,order,107.0,ACTUAL,VNSTOCK_BRONZE
HIO,LATEST,balance_sheet,level,2.0,ACTUAL,VNSTOCK_BRONZE
HIO,LATEST,balance_sheet,off_balance,0.0,ACTUAL,VNSTOCK_BRONZE
HIO,LATEST,balance_sheet,value,0.0,ACTUAL,VNSTOCK_BRONZE
HIO,LATEST,balance_sheet,order,108.0,ACTUAL,VNSTOCK_BRONZE
HIO,LATEST,balance_sheet,level,2.0,ACTUAL,VNSTOCK_BRONZE
HIO,LATEST,balance_sheet,off_balance,0.0,ACTUAL,VNSTOCK_BRONZE
HIO,LATEST,balance_sheet,value,0.0,ACTUAL,VNSTOCK_BRONZE
HIO,LATEST,balance_sheet,order,109.0,ACTUAL,VNSTOCK_BRONZE
HIO,LATEST,balance_sheet,level,2.0,ACTUAL,VNSTOCK_BRONZE
HIO,LATEST,balance_sheet,off_balance,0.0,ACTUAL,VNSTOCK_BRONZE
HIO,LATEST,balance_sheet,value,0.0,ACTUAL,VNSTOCK_BRONZE
HIO,LATEST,balance_sheet,order,110.0,ACTUAL,VNSTOCK_BRONZE
HIO,LATEST,balance_sheet,level,2.0,ACTUAL,VNSTOCK_BRONZE
HIO,LATEST,balance_sheet,off_balance,0.0,ACTUAL,VNSTOCK_BRONZE
HIO,LATEST,balance_sheet,value,0.0,ACTUAL,VNSTOCK_BRONZE
HIO,LATEST,balance_sheet,order,111.0,ACTUAL,VNSTOCK_BRONZE
HIO,LATEST,balance_sheet,level,2.0,ACTUAL,VNSTOCK_BRONZE
HIO,LATEST,balance_sheet,off_balance,0.0,ACTUAL,VNSTOCK_BRONZE
HIO,LATEST,balance_sheet,value,8415375558.0,ACTUAL,VNSTOCK_BRONZE
HIO,LATEST,balance_sheet,order,112.0,ACTUAL,VNSTOCK_BRONZE
HIO,LATEST,balance_sheet,level,2.0,ACTUAL,VNSTOCK_BRONZE
HIO,LATEST,balance_sheet,off_balance,0.0,ACTUAL,VNSTOCK_BRONZE
HIO,LATEST,balance_sheet,value,47428082665.0,ACTUAL,VNSTOCK_BRONZE
HIO,LATEST,balance_sheet,order,113.0,ACTUAL,VNSTOCK_BRONZE
HIO,LATEST,balance_sheet,level,3.0,ACTUAL,VNSTOCK_BRONZE
HIO,LATEST,balance_sheet,off_balance,0.0,ACTUAL,VNSTOCK_BRONZE
HIO,LATEST,balance_sheet,value,33873365511.0,ACTUAL,VNSTOCK_BRONZE
HIO,LATEST,balance_sheet,order,114.0,ACTUAL,VNSTOCK_BRONZE
HIO,LATEST,balance_sheet,level,3.0,ACTUAL,VNSTOCK_BRONZE
HIO,LATEST,balance_sheet,off_balance,0.0,ACTUAL,VNSTOCK_BRONZE
HIO,LATEST,balance_sheet,value,13554717154.0,ACTUAL,VNSTOCK_BRONZE
HIO,LATEST,balance_sheet,order,115.0,ACTUAL,VNSTOCK_BRONZE
HIO,LATEST,balance_sheet,level,2.0,ACTUAL,VNSTOCK_BRONZE
HIO,LATEST,balance_sheet,off_balance,0.0,ACTUAL,VNSTOCK_BRONZE
HIO,LATEST,balance_sheet,value,0.0,ACTUAL,VNSTOCK_BRONZE
HIO,LATEST,balance_sheet,order,116.0,ACTUAL,VNSTOCK_BRONZE
HIO,LATEST,balance_sheet,level,1.0,ACTUAL,VNSTOCK_BRONZE
HIO,LATEST,balance_sheet,off_balance,0.0,ACTUAL,VNSTOCK_BRONZE
HIO,LATEST,balance_sheet,value,0.0,ACTUAL,VNSTOCK_BRONZE
HIO,LATEST,balance_sheet,order,117.0,ACTUAL,VNSTOCK_BRONZE
HIO,LATEST,balance_sheet,level,2.0,ACTUAL,VNSTOCK_BRONZE
HIO,LATEST,balance_sheet,off_balance,0.0,ACTUAL,VNSTOCK_BRONZE
HIO,LATEST,balance_sheet,value,0.0,ACTUAL,VNSTOCK_BRONZE
HIO,LATEST,balance_sheet,order,118.0,ACTUAL,VNSTOCK_BRONZE
HIO,LATEST,balance_sheet,level,1.0,ACTUAL,VNSTOCK_BRONZE
HIO,LATEST,balance_sheet,off_balance,0.0,ACTUAL,VNSTOCK_BRONZE
HIO,LATEST,balance_sheet,value,447578136224.0,ACTUAL,VNSTOCK_BRONZE
HIO,LATEST,balance_sheet,order,1.0,ACTUAL,VNSTOCK_BRONZE
HIO,LATEST,balance_sheet,level,1.0,ACTUAL,VNSTOCK_BRONZE
HIO,LATEST,balance_sheet,off_balance,0.0,ACTUAL,VNSTOCK_BRONZE
HIO,LATEST,balance_sheet,value,91957011954.0,ACTUAL,VNSTOCK_BRONZE
HIO,LATEST,balance_sheet,order,2.0,ACTUAL,VNSTOCK_BRONZE
HIO,LATEST,balance_sheet,level,1.0,ACTUAL,VNSTOCK_BRONZE
HIO,LATEST,balance_sheet,off_balance,0.0,ACTUAL,VNSTOCK_BRONZE
HIO,LATEST,balance_sheet,value,27111059712.0,ACTUAL,VNSTOCK_BRONZE
HIO,LATEST,balance_sheet,order,3.0,ACTUAL,VNSTOCK_BRONZE
HIO,LATEST,balance_sheet,level,2.0,ACTUAL,VNSTOCK_BRONZE
HIO,LATEST,balance_sheet,off_balance,0.0,ACTUAL,VNSTOCK_BRONZE
HIO,LATEST,balance_sheet,value,27111059712.0,ACTUAL,VNSTOCK_BRONZE
HIO,LATEST,balance_sheet,order,4.0,ACTUAL,VNSTOCK_BRONZE
HIO,LATEST,balance_sheet,level,2.0,ACTUAL,VNSTOCK_BRONZE
HIO,LATEST,balance_sheet,off_balance,0.0,ACTUAL,VNSTOCK_BRONZE
HIO,LATEST,balance_sheet,value,0.0,ACTUAL,VNSTOCK_BRONZE
HIO,LATEST,balance_sheet,order,5.0,ACTUAL,VNSTOCK_BRONZE
HIO,LATEST,balance_sheet,level,1.0,ACTUAL,VNSTOCK_BRONZE
HIO,LATEST,balance_sheet,off_balance,0.0,ACTUAL,VNSTOCK_BRONZE
HIO,LATEST,balance_sheet,value,0.0,ACTUAL,VNSTOCK_BRONZE
HIO,LATEST,balance_sheet,order,6.0,ACTUAL,VNSTOCK_BRONZE
HIO,LATEST,balance_sheet,level,2.0,ACTUAL,VNSTOCK_BRONZE
HIO,LATEST,balance_sheet,off_balance,0.0,ACTUAL,VNSTOCK_BRONZE
HIO,LATEST,balance_sheet,value,0.0,ACTUAL,VNSTOCK_BRONZE
HIO,LATEST,balance_sheet,order,7.0,ACTUAL,VNSTOCK_BRONZE
HIO,LATEST,balance_sheet,level,2.0,ACTUAL,VNSTOCK_BRONZE
HIO,LATEST,balance_sheet,off_balance,0.0,ACTUAL,VNSTOCK_BRONZE
HIO,LATEST,balance_sheet,value,0.0,ACTUAL,VNSTOCK_BRONZE
HIO,LATEST,balance_sheet,order,8.0,ACTUAL,VNSTOCK_BRONZE
HIO,LATEST,balance_sheet,level,2.0,ACTUAL,VNSTOCK_BRONZE
HIO,LATEST,balance_sheet,off_balance,0.0,ACTUAL,VNSTOCK_BRONZE
HIO,LATEST,balance_sheet,value,0.0,ACTUAL,VNSTOCK_BRONZE
HIO,LATEST,balance_sheet,order,9.0,ACTUAL,VNSTOCK_BRONZE
HIO,LATEST,balance_sheet,level,1.0,ACTUAL,VNSTOCK_BRONZE
HIO,LATEST,balance_sheet,off_balance,0.0,ACTUAL,VNSTOCK_BRONZE
HIO,LATEST,balance_sheet,value,51173884631.0,ACTUAL,VNSTOCK_BRONZE
HIO,LATEST,balance_sheet,order,10.0,ACTUAL,VNSTOCK_BRONZE
HIO,LATEST,balance_sheet,level,2.0,ACTUAL,VNSTOCK_BRONZE
HIO,LATEST,balance_sheet,off_balance,0.0,ACTUAL,VNSTOCK_BRONZE
HIO,LATEST,balance_sheet,value,27128537905.0,ACTUAL,VNSTOCK_BRONZE
HIO,LATEST,balance_sheet,order,11.0,ACTUAL,VNSTOCK_BRONZE
HIO,LATEST,balance_sheet,level,2.0,ACTUAL,VNSTOCK_BRONZE
HIO,LATEST,balance_sheet,off_balance,0.0,ACTUAL,VNSTOCK_BRONZE
HIO,LATEST,balance_sheet,value,9789394000.0,ACTUAL,VNSTOCK_BRONZE
HIO,LATEST,balance_sheet,order,12.0,ACTUAL,VNSTOCK_BRONZE
HIO,LATEST,balance_sheet,level,2.0,ACTUAL,VNSTOCK_BRONZE
HIO,LATEST,balance_sheet,off_balance,0.0,ACTUAL,VNSTOCK_BRONZE
HIO,LATEST,balance_sheet,value,0.0,ACTUAL,VNSTOCK_BRONZE
HIO,LATEST,balance_sheet,order,13.0,ACTUAL,VNSTOCK_BRONZE
HIO,LATEST,balance_sheet,level,2.0,ACTUAL,VNSTOCK_BRONZE
HIO,LATEST,balance_sheet,off_balance,0.0,ACTUAL,VNSTOCK_BRONZE
HIO,LATEST,balance_sheet,value,0.0,ACTUAL,VNSTOCK_BRONZE
HIO,LATEST,balance_sheet,order,14.0,ACTUAL,VNSTOCK_BRONZE
HIO,LATEST,balance_sheet,level,2.0,ACTUAL,VNSTOCK_BRONZE
HIO,LATEST,balance_sheet,off_balance,0.0,ACTUAL,VNSTOCK_BRONZE
HIO,LATEST,balance_sheet,value,0.0,ACTUAL,VNSTOCK_BRONZE
HIO,LATEST,balance_sheet,order,15.0,ACTUAL,VNSTOCK_BRONZE
HIO,LATEST,balance_sheet,level,2.0,ACTUAL,VNSTOCK_BRONZE
HIO,LATEST,balance_sheet,off_balance,0.0,ACTUAL,VNSTOCK_BRONZE
HIO,LATEST,balance_sheet,value,14255952726.0,ACTUAL,VNSTOCK_BRONZE
HIO,LATEST,balance_sheet,order,16.0,ACTUAL,VNSTOCK_BRONZE
HIO,LATEST,balance_sheet,level,2.0,ACTUAL,VNSTOCK_BRONZE
HIO,LATEST,balance_sheet,off_balance,0.0,ACTUAL,VNSTOCK_BRONZE
HIO,LATEST,balance_sheet,value,0.0,ACTUAL,VNSTOCK_BRONZE
HIO,LATEST,balance_sheet,order,17.0,ACTUAL,VNSTOCK_BRONZE
HIO,LATEST,balance_sheet,level,2.0,ACTUAL,VNSTOCK_BRONZE
HIO,LATEST,balance_sheet,off_balance,0.0,ACTUAL,VNSTOCK_BRONZE
HIO,LATEST,balance_sheet,value,0.0,ACTUAL,VNSTOCK_BRONZE
HIO,LATEST,balance_sheet,order,18.0,ACTUAL,VNSTOCK_BRONZE
HIO,LATEST,balance_sheet,level,1.0,ACTUAL,VNSTOCK_BRONZE
HIO,LATEST,balance_sheet,off_balance,0.0,ACTUAL,VNSTOCK_BRONZE
HIO,LATEST,balance_sheet,value,37610909.0,ACTUAL,VNSTOCK_BRONZE
HIO,LATEST,balance_sheet,order,19.0,ACTUAL,VNSTOCK_BRONZE
HIO,LATEST,balance_sheet,level,2.0,ACTUAL,VNSTOCK_BRONZE
HIO,LATEST,balance_sheet,off_balance,0.0,ACTUAL,VNSTOCK_BRONZE
HIO,LATEST,balance_sheet,value,37610909.0,ACTUAL,VNSTOCK_BRONZE
HIO,LATEST,balance_sheet,order,20.0,ACTUAL,VNSTOCK_BRONZE
HIO,LATEST,balance_sheet,level,2.0,ACTUAL,VNSTOCK_BRONZE
HIO,LATEST,balance_sheet,off_balance,0.0,ACTUAL,VNSTOCK_BRONZE
HIO,LATEST,balance_sheet,value,0.0,ACTUAL,VNSTOCK_BRONZE
HIO,LATEST,balance_sheet,order,21.0,ACTUAL,VNSTOCK_BRONZE
HIO,LATEST,balance_sheet,level,1.0,ACTUAL,VNSTOCK_BRONZE
HIO,LATEST,balance_sheet,off_balance,0.0,ACTUAL,VNSTOCK_BRONZE
HIO,LATEST,balance_sheet,value,13634456702.0,ACTUAL,VNSTOCK_BRONZE
HIO,LATEST,balance_sheet,order,22.0,ACTUAL,VNSTOCK_BRONZE
HIO,LATEST,balance_sheet,level,2.0,ACTUAL,VNSTOCK_BRONZE
HIO,LATEST,balance_sheet,off_balance,0.0,ACTUAL,VNSTOCK_BRONZE
HIO,LATEST,balance_sheet,value,2995800594.0,ACTUAL,VNSTOCK_BRONZE
HIO,LATEST,balance_sheet,order,23.0,ACTUAL,VNSTOCK_BRONZE
HIO,LATEST,balance_sheet,level,2.0,ACTUAL,VNSTOCK_BRONZE
HIO,LATEST,balance_sheet,off_balance,0.0,ACTUAL,VNSTOCK_BRONZE
HIO,LATEST,balance_sheet,value,10638656108.0,ACTUAL,VNSTOCK_BRONZE
HIO,LATEST,balance_sheet,order,24.0,ACTUAL,VNSTOCK_BRONZE
HIO,LATEST,balance_sheet,level,2.0,ACTUAL,VNSTOCK_BRONZE
HIO,LATEST,balance_sheet,off_balance,0.0,ACTUAL,VNSTOCK_BRONZE
HIO,LATEST,balance_sheet,value,0.0,ACTUAL,VNSTOCK_BRONZE
HIO,LATEST,balance_sheet,order,25.0,ACTUAL,VNSTOCK_BRONZE
HIO,LATEST,balance_sheet,level,2.0,ACTUAL,VNSTOCK_BRONZE
HIO,LATEST,balance_sheet,off_balance,0.0,ACTUAL,VNSTOCK_BRONZE
HIO,LATEST,balance_sheet,value,0.0,ACTUAL,VNSTOCK_BRONZE
HIO,LATEST,balance_sheet,order,26.0,ACTUAL,VNSTOCK_BRONZE
HIO,LATEST,balance_sheet,level,1.0,ACTUAL,VNSTOCK_BRONZE
HIO,LATEST,balance_sheet,off_balance,0.0,ACTUAL,VNSTOCK_BRONZE
HIO,LATEST,balance_sheet,value,378164276732.0,ACTUAL,VNSTOCK_BRONZE
HIO,LATEST,balance_sheet,order,27.0,ACTUAL,VNSTOCK_BRONZE
HIO,LATEST,balance_sheet,level,1.0,ACTUAL,VNSTOCK_BRONZE
HIO,LATEST,balance_sheet,off_balance,0.0,ACTUAL,VNSTOCK_BRONZE
HIO,LATEST,balance_sheet,value,11052800000.0,ACTUAL,VNSTOCK_BRONZE
HIO,LATEST,balance_sheet,order,28.0,ACTUAL,VNSTOCK_BRONZE
HIO,LATEST,balance_sheet,level,2.0,ACTUAL,VNSTOCK_BRONZE
HIO,LATEST,balance_sheet,off_balance,0.0,ACTUAL,VNSTOCK_BRONZE
HIO,LATEST,balance_sheet,value,0.0,ACTUAL,VNSTOCK_BRONZE
HIO,LATEST,balance_sheet,order,29.0,ACTUAL,VNSTOCK_BRONZE
HIO,LATEST,balance_sheet,level,2.0,ACTUAL,VNSTOCK_BRONZE
HIO,LATEST,balance_sheet,off_balance,0.0,ACTUAL,VNSTOCK_BRONZE
HIO,LATEST,balance_sheet,value,0.0,ACTUAL,VNSTOCK_BRONZE
HIO,LATEST,balance_sheet,order,30.0,ACTUAL,VNSTOCK_BRONZE
HIO,LATEST,balance_sheet,level,2.0,ACTUAL,VNSTOCK_BRONZE
HIO,LATEST,balance_sheet,off_balance,0.0,ACTUAL,VNSTOCK_BRONZE
HIO,LATEST,balance_sheet,value,0.0,ACTUAL,VNSTOCK_BRONZE
HIO,LATEST,balance_sheet,order,31.0,ACTUAL,VNSTOCK_BRONZE
HIO,LATEST,balance_sheet,level,2.0,ACTUAL,VNSTOCK_BRONZE
HIO,LATEST,balance_sheet,off_balance,0.0,ACTUAL,VNSTOCK_BRONZE
HIO,LATEST,balance_sheet,value,0.0,ACTUAL,VNSTOCK_BRONZE
HIO,LATEST,balance_sheet,order,32.0,ACTUAL,VNSTOCK_BRONZE
HIO,LATEST,balance_sheet,level,2.0,ACTUAL,VNSTOCK_BRONZE
HIO,LATEST,balance_sheet,off_balance,0.0,ACTUAL,VNSTOCK_BRONZE
HIO,LATEST,balance_sheet,value,11052800000.0,ACTUAL,VNSTOCK_BRONZE
HIO,LATEST,balance_sheet,order,33.0,ACTUAL,VNSTOCK_BRONZE
HIO,LATEST,balance_sheet,level,2.0,ACTUAL,VNSTOCK_BRONZE
HIO,LATEST,balance_sheet,off_balance,0.0,ACTUAL,VNSTOCK_BRONZE
HIO,LATEST,balance_sheet,value,-0.0,ACTUAL,VNSTOCK_BRONZE
HIO,LATEST,balance_sheet,order,34.0,ACTUAL,VNSTOCK_BRONZE
HIO,LATEST,balance_sheet,level,1.0,ACTUAL,VNSTOCK_BRONZE
HIO,LATEST,balance_sheet,off_balance,0.0,ACTUAL,VNSTOCK_BRONZE
HIO,LATEST,balance_sheet,value,308619083525.0,ACTUAL,VNSTOCK_BRONZE
HIO,LATEST,balance_sheet,order,35.0,ACTUAL,VNSTOCK_BRONZE
HIO,LATEST,balance_sheet,level,2.0,ACTUAL,VNSTOCK_BRONZE
HIO,LATEST,balance_sheet,off_balance,0.0,ACTUAL,VNSTOCK_BRONZE
HIO,LATEST,balance_sheet,value,308619083525.0,ACTUAL,VNSTOCK_BRONZE
HIO,LATEST,balance_sheet,order,36.0,ACTUAL,VNSTOCK_BRONZE
HIO,LATEST,balance_sheet,level,3.0,ACTUAL,VNSTOCK_BRONZE
HIO,LATEST,balance_sheet,off_balance,0.0,ACTUAL,VNSTOCK_BRONZE
HIO,LATEST,balance_sheet,value,493147313989.0,ACTUAL,VNSTOCK_BRONZE
HIO,LATEST,balance_sheet,order,37.0,ACTUAL,VNSTOCK_BRONZE
HIO,LATEST,balance_sheet,level,3.0,ACTUAL,VNSTOCK_BRONZE
HIO,LATEST,balance_sheet,off_balance,0.0,ACTUAL,VNSTOCK_BRONZE
HIO,LATEST,balance_sheet,value,-184528230464.0,ACTUAL,VNSTOCK_BRONZE
HIO,LATEST,balance_sheet,order,38.0,ACTUAL,VNSTOCK_BRONZE
HIO,LATEST,balance_sheet,level,2.0,ACTUAL,VNSTOCK_BRONZE
HIO,LATEST,balance_sheet,off_balance,0.0,ACTUAL,VNSTOCK_BRONZE
HIO,LATEST,balance_sheet,value,0.0,ACTUAL,VNSTOCK_BRONZE
HIO,LATEST,balance_sheet,order,39.0,ACTUAL,VNSTOCK_BRONZE
HIO,LATEST,balance_sheet,level,3.0,ACTUAL,VNSTOCK_BRONZE
HIO,LATEST,balance_sheet,off_balance,0.0,ACTUAL,VNSTOCK_BRONZE
HIO,LATEST,balance_sheet,value,0.0,ACTUAL,VNSTOCK_BRONZE
HIO,LATEST,balance_sheet,order,40.0,ACTUAL,VNSTOCK_BRONZE
HIO,LATEST,balance_sheet,level,3.0,ACTUAL,VNSTOCK_BRONZE
HIO,LATEST,balance_sheet,off_balance,0.0,ACTUAL,VNSTOCK_BRONZE
HIO,LATEST,balance_sheet,value,-0.0,ACTUAL,VNSTOCK_BRONZE
HIO,LATEST,balance_sheet,order,41.0,ACTUAL,VNSTOCK_BRONZE
HIO,LATEST,balance_sheet,level,2.0,ACTUAL,VNSTOCK_BRONZE
HIO,LATEST,balance_sheet,off_balance,0.0,ACTUAL,VNSTOCK_BRONZE
HIO,LATEST,balance_sheet,value,0.0,ACTUAL,VNSTOCK_BRONZE
HIO,LATEST,balance_sheet,order,42.0,ACTUAL,VNSTOCK_BRONZE
HIO,LATEST,balance_sheet,level,3.0,ACTUAL,VNSTOCK_BRONZE
HIO,LATEST,balance_sheet,off_balance,0.0,ACTUAL,VNSTOCK_BRONZE
HIO,LATEST,balance_sheet,value,0.0,ACTUAL,VNSTOCK_BRONZE
HIO,LATEST,balance_sheet,order,43.0,ACTUAL,VNSTOCK_BRONZE
HIO,LATEST,balance_sheet,level,3.0,ACTUAL,VNSTOCK_BRONZE
HIO,LATEST,balance_sheet,off_balance,0.0,ACTUAL,VNSTOCK_BRONZE
HIO,LATEST,balance_sheet,value,-0.0,ACTUAL,VNSTOCK_BRONZE
HIO,LATEST,balance_sheet,order,44.0,ACTUAL,VNSTOCK_BRONZE
HIO,LATEST,balance_sheet,level,1.0,ACTUAL,VNSTOCK_BRONZE
HIO,LATEST,balance_sheet,off_balance,0.0,ACTUAL,VNSTOCK_BRONZE
HIO,LATEST,balance_sheet,value,24352670735.0,ACTUAL,VNSTOCK_BRONZE
HIO,LATEST,balance_sheet,order,45.0,ACTUAL,VNSTOCK_BRONZE
HIO,LATEST,balance_sheet,level,2.0,ACTUAL,VNSTOCK_BRONZE
HIO,LATEST,balance_sheet,off_balance,0.0,ACTUAL,VNSTOCK_BRONZE
HIO,LATEST,balance_sheet,value,35093712424.0,ACTUAL,VNSTOCK_BRONZE
HIO,LATEST,balance_sheet,order,46.0,ACTUAL,VNSTOCK_BRONZE
HIO,LATEST,balance_sheet,level,2.0,ACTUAL,VNSTOCK_BRONZE
HIO,LATEST,balance_sheet,off_balance,0.0,ACTUAL,VNSTOCK_BRONZE
HIO,LATEST,balance_sheet,value,-10741041689.0,ACTUAL,VNSTOCK_BRONZE
HIO,LATEST,balance_sheet,order,47.0,ACTUAL,VNSTOCK_BRONZE
HIO,LATEST,balance_sheet,level,1.0,ACTUAL,VNSTOCK_BRONZE
HIO,LATEST,balance_sheet,off_balance,0.0,ACTUAL,VNSTOCK_BRONZE
HIO,LATEST,balance_sheet,value,0.0,ACTUAL,VNSTOCK_BRONZE
HIO,LATEST,balance_sheet,order,48.0,ACTUAL,VNSTOCK_BRONZE
HIO,LATEST,balance_sheet,level,2.0,ACTUAL,VNSTOCK_BRONZE
HIO,LATEST,balance_sheet,off_balance,0.0,ACTUAL,VNSTOCK_BRONZE
HIO,LATEST,balance_sheet,value,0.0,ACTUAL,VNSTOCK_BRONZE
HIO,LATEST,balance_sheet,order,49.0,ACTUAL,VNSTOCK_BRONZE
HIO,LATEST,balance_sheet,level,2.0,ACTUAL,VNSTOCK_BRONZE
HIO,LATEST,balance_sheet,off_balance,0.0,ACTUAL,VNSTOCK_BRONZE
HIO,LATEST,balance_sheet,value,0.0,ACTUAL,VNSTOCK_BRONZE
HIO,LATEST,balance_sheet,order,50.0,ACTUAL,VNSTOCK_BRONZE
HIO,LATEST,balance_sheet,level,1.0,ACTUAL,VNSTOCK_BRONZE
HIO,LATEST,balance_sheet,off_balance,0.0,ACTUAL,VNSTOCK_BRONZE
HIO,LATEST,balance_sheet,value,20436059593.0,ACTUAL,VNSTOCK_BRONZE
HIO,LATEST,balance_sheet,order,51.0,ACTUAL,VNSTOCK_BRONZE
HIO,LATEST,balance_sheet,level,2.0,ACTUAL,VNSTOCK_BRONZE
HIO,LATEST,balance_sheet,off_balance,0.0,ACTUAL,VNSTOCK_BRONZE
HIO,LATEST,balance_sheet,value,0.0,ACTUAL,VNSTOCK_BRONZE
HIO,LATEST,balance_sheet,order,52.0,ACTUAL,VNSTOCK_BRONZE
HIO,LATEST,balance_sheet,level,2.0,ACTUAL,VNSTOCK_BRONZE
HIO,LATEST,balance_sheet,off_balance,0.0,ACTUAL,VNSTOCK_BRONZE
HIO,LATEST,balance_sheet,value,20436059593.0,ACTUAL,VNSTOCK_BRONZE
HIO,LATEST,balance_sheet,order,53.0,ACTUAL,VNSTOCK_BRONZE
HIO,LATEST,balance_sheet,level,2.0,ACTUAL,VNSTOCK_BRONZE
HIO,LATEST,balance_sheet,off_balance,0.0,ACTUAL,VNSTOCK_BRONZE
HIO,LATEST,balance_sheet,value,0.0,ACTUAL,VNSTOCK_BRONZE
HIO,LATEST,balance_sheet,order,54.0,ACTUAL,VNSTOCK_BRONZE
HIO,LATEST,balance_sheet,level,2.0,ACTUAL,VNSTOCK_BRONZE
HIO,LATEST,balance_sheet,off_balance,0.0,ACTUAL,VNSTOCK_BRONZE
HIO,LATEST,balance_sheet,value,0.0,ACTUAL,VNSTOCK_BRONZE
HIO,LATEST,balance_sheet,order,55.0,ACTUAL,VNSTOCK_BRONZE
HIO,LATEST,balance_sheet,level,2.0,ACTUAL,VNSTOCK_BRONZE
HIO,LATEST,balance_sheet,off_balance,0.0,ACTUAL,VNSTOCK_BRONZE
HIO,LATEST,balance_sheet,value,0.0,ACTUAL,VNSTOCK_BRONZE
HIO,LATEST,balance_sheet,order,56.0,ACTUAL,VNSTOCK_BRONZE
HIO,LATEST,balance_sheet,level,1.0,ACTUAL,VNSTOCK_BRONZE
HIO,LATEST,balance_sheet,off_balance,0.0,ACTUAL,VNSTOCK_BRONZE
HIO,LATEST,balance_sheet,value,13703662879.0,ACTUAL,VNSTOCK_BRONZE
HIO,LATEST,balance_sheet,order,57.0,ACTUAL,VNSTOCK_BRONZE
HIO,LATEST,balance_sheet,level,2.0,ACTUAL,VNSTOCK_BRONZE
HIO,LATEST,balance_sheet,off_balance,0.0,ACTUAL,VNSTOCK_BRONZE
HIO,LATEST,balance_sheet,value,0.0,ACTUAL,VNSTOCK_BRONZE
HIO,LATEST,balance_sheet,order,58.0,ACTUAL,VNSTOCK_BRONZE
HIO,LATEST,balance_sheet,level,2.0,ACTUAL,VNSTOCK_BRONZE
HIO,LATEST,balance_sheet,off_balance,0.0,ACTUAL,VNSTOCK_BRONZE
HIO,LATEST,balance_sheet,value,10256271436.0,ACTUAL,VNSTOCK_BRONZE
HIO,LATEST,balance_sheet,order,59.0,ACTUAL,VNSTOCK_BRONZE
HIO,LATEST,balance_sheet,level,2.0,ACTUAL,VNSTOCK_BRONZE
HIO,LATEST,balance_sheet,off_balance,0.0,ACTUAL,VNSTOCK_BRONZE
HIO,LATEST,balance_sheet,value,1359966908.0,ACTUAL,VNSTOCK_BRONZE
HIO,LATEST,balance_sheet,order,60.0,ACTUAL,VNSTOCK_BRONZE
HIO,LATEST,balance_sheet,level,2.0,ACTUAL,VNSTOCK_BRONZE
HIO,LATEST,balance_sheet,off_balance,0.0,ACTUAL,VNSTOCK_BRONZE
HIO,LATEST,balance_sheet,value,109560722.0,ACTUAL,VNSTOCK_BRONZE
HIO,LATEST,balance_sheet,order,61.0,ACTUAL,VNSTOCK_BRONZE
HIO,LATEST,balance_sheet,level,2.0,ACTUAL,VNSTOCK_BRONZE
HIO,LATEST,balance_sheet,off_balance,0.0,ACTUAL,VNSTOCK_BRONZE
HIO,LATEST,balance_sheet,value,0.0,ACTUAL,VNSTOCK_BRONZE
HIO,LATEST,balance_sheet,order,62.0,ACTUAL,VNSTOCK_BRONZE
HIO,LATEST,balance_sheet,level,2.0,ACTUAL,VNSTOCK_BRONZE
HIO,LATEST,balance_sheet,off_balance,0.0,ACTUAL,VNSTOCK_BRONZE
HIO,LATEST,balance_sheet,value,1977863813.0,ACTUAL,VNSTOCK_BRONZE
HIO,LATEST,balance_sheet,order,63.0,ACTUAL,VNSTOCK_BRONZE
HIO,LATEST,balance_sheet,level,1.0,ACTUAL,VNSTOCK_BRONZE
HIO,LATEST,balance_sheet,off_balance,0.0,ACTUAL,VNSTOCK_BRONZE
HIO,LATEST,balance_sheet,value,470121288686.0,ACTUAL,VNSTOCK_BRONZE
HIO,LATEST,balance_sheet,order,64.0,ACTUAL,VNSTOCK_BRONZE
HIO,LATEST,balance_sheet,level,1.0,ACTUAL,VNSTOCK_BRONZE
HIO,LATEST,balance_sheet,off_balance,0.0,ACTUAL,VNSTOCK_BRONZE
HIO,LATEST,balance_sheet,value,204221418290.0,ACTUAL,VNSTOCK_BRONZE
HIO,LATEST,balance_sheet,order,65.0,ACTUAL,VNSTOCK_BRONZE
HIO,LATEST,balance_sheet,level,1.0,ACTUAL,VNSTOCK_BRONZE
HIO,LATEST,balance_sheet,off_balance,0.0,ACTUAL,VNSTOCK_BRONZE
HIO,LATEST,balance_sheet,value,78945757249.0,ACTUAL,VNSTOCK_BRONZE
HIO,LATEST,balance_sheet,order,66.0,ACTUAL,VNSTOCK_BRONZE
HIO,LATEST,balance_sheet,level,2.0,ACTUAL,VNSTOCK_BRONZE
HIO,LATEST,balance_sheet,off_balance,0.0,ACTUAL,VNSTOCK_BRONZE
HIO,LATEST,balance_sheet,value,0.0,ACTUAL,VNSTOCK_BRONZE
HIO,LATEST,balance_sheet,order,67.0,ACTUAL,VNSTOCK_BRONZE
HIO,LATEST,balance_sheet,level,2.0,ACTUAL,VNSTOCK_BRONZE
HIO,LATEST,balance_sheet,off_balance,0.0,ACTUAL,VNSTOCK_BRONZE
HIO,LATEST,balance_sheet,value,0.0,ACTUAL,VNSTOCK_BRONZE
HIO,LATEST,balance_sheet,order,68.0,ACTUAL,VNSTOCK_BRONZE
HIO,LATEST,balance_sheet,level,2.0,ACTUAL,VNSTOCK_BRONZE
HIO,LATEST,balance_sheet,off_balance,0.0,ACTUAL,VNSTOCK_BRONZE
HIO,LATEST,balance_sheet,value,0.0,ACTUAL,VNSTOCK_BRONZE
HIO,LATEST,balance_sheet,order,69.0,ACTUAL,VNSTOCK_BRONZE
HIO,LATEST,balance_sheet,level,2.0,ACTUAL,VNSTOCK_BRONZE
HIO,LATEST,balance_sheet,off_balance,0.0,ACTUAL,VNSTOCK_BRONZE
HIO,LATEST,balance_sheet,value,3916472064.0,ACTUAL,VNSTOCK_BRONZE
HIO,LATEST,balance_sheet,order,70.0,ACTUAL,VNSTOCK_BRONZE
HIO,LATEST,balance_sheet,level,2.0,ACTUAL,VNSTOCK_BRONZE
HIO,LATEST,balance_sheet,off_balance,0.0,ACTUAL,VNSTOCK_BRONZE
HIO,LATEST,balance_sheet,value,0.0,ACTUAL,VNSTOCK_BRONZE
HIO,LATEST,balance_sheet,order,71.0,ACTUAL,VNSTOCK_BRONZE
HIO,LATEST,balance_sheet,level,2.0,ACTUAL,VNSTOCK_BRONZE
HIO,LATEST,balance_sheet,off_balance,0.0,ACTUAL,VNSTOCK_BRONZE
HIO,LATEST,balance_sheet,value,1992049787.0,ACTUAL,VNSTOCK_BRONZE
HIO,LATEST,balance_sheet,order,72.0,ACTUAL,VNSTOCK_BRONZE
HIO,LATEST,balance_sheet,level,2.0,ACTUAL,VNSTOCK_BRONZE
HIO,LATEST,balance_sheet,off_balance,0.0,ACTUAL,VNSTOCK_BRONZE
HIO,LATEST,balance_sheet,value,279000000.0,ACTUAL,VNSTOCK_BRONZE
HIO,LATEST,balance_sheet,order,73.0,ACTUAL,VNSTOCK_BRONZE
HIO,LATEST,balance_sheet,level,2.0,ACTUAL,VNSTOCK_BRONZE
HIO,LATEST,balance_sheet,off_balance,0.0,ACTUAL,VNSTOCK_BRONZE
HIO,LATEST,balance_sheet,value,2436919938.0,ACTUAL,VNSTOCK_BRONZE
HIO,LATEST,balance_sheet,order,74.0,ACTUAL,VNSTOCK_BRONZE
HIO,LATEST,balance_sheet,level,2.0,ACTUAL,VNSTOCK_BRONZE
HIO,LATEST,balance_sheet,off_balance,0.0,ACTUAL,VNSTOCK_BRONZE
HIO,LATEST,balance_sheet,value,0.0,ACTUAL,VNSTOCK_BRONZE
HIO,LATEST,balance_sheet,order,75.0,ACTUAL,VNSTOCK_BRONZE
HIO,LATEST,balance_sheet,level,2.0,ACTUAL,VNSTOCK_BRONZE
HIO,LATEST,balance_sheet,off_balance,0.0,ACTUAL,VNSTOCK_BRONZE
HIO,LATEST,balance_sheet,value,119470875.0,ACTUAL,VNSTOCK_BRONZE
HIO,LATEST,balance_sheet,order,76.0,ACTUAL,VNSTOCK_BRONZE
HIO,LATEST,balance_sheet,level,2.0,ACTUAL,VNSTOCK_BRONZE
HIO,LATEST,balance_sheet,off_balance,0.0,ACTUAL,VNSTOCK_BRONZE
HIO,LATEST,balance_sheet,value,0.0,ACTUAL,VNSTOCK_BRONZE
HIO,LATEST,balance_sheet,order,77.0,ACTUAL,VNSTOCK_BRONZE
HIO,LATEST,balance_sheet,level,2.0,ACTUAL,VNSTOCK_BRONZE
HIO,LATEST,balance_sheet,off_balance,0.0,ACTUAL,VNSTOCK_BRONZE
HIO,LATEST,balance_sheet,value,68280600000.0,ACTUAL,VNSTOCK_BRONZE
HIO,LATEST,balance_sheet,order,78.0,ACTUAL,VNSTOCK_BRONZE
HIO,LATEST,balance_sheet,level,2.0,ACTUAL,VNSTOCK_BRONZE
HIO,LATEST,balance_sheet,off_balance,0.0,ACTUAL,VNSTOCK_BRONZE
HIO,LATEST,balance_sheet,value,0.0,ACTUAL,VNSTOCK_BRONZE
HIO,LATEST,balance_sheet,order,79.0,ACTUAL,VNSTOCK_BRONZE
HIO,LATEST,balance_sheet,level,2.0,ACTUAL,VNSTOCK_BRONZE
HIO,LATEST,balance_sheet,off_balance,0.0,ACTUAL,VNSTOCK_BRONZE
HIO,LATEST,balance_sheet,value,1921244585.0,ACTUAL,VNSTOCK_BRONZE
HIO,LATEST,balance_sheet,order,80.0,ACTUAL,VNSTOCK_BRONZE
HIO,LATEST,balance_sheet,level,2.0,ACTUAL,VNSTOCK_BRONZE
HIO,LATEST,balance_sheet,off_balance,0.0,ACTUAL,VNSTOCK_BRONZE
HIO,LATEST,balance_sheet,value,0.0,ACTUAL,VNSTOCK_BRONZE
HIO,LATEST,balance_sheet,order,81.0,ACTUAL,VNSTOCK_BRONZE
HIO,LATEST,balance_sheet,level,2.0,ACTUAL,VNSTOCK_BRONZE
HIO,LATEST,balance_sheet,off_balance,0.0,ACTUAL,VNSTOCK_BRONZE
HIO,LATEST,balance_sheet,value,0.0,ACTUAL,VNSTOCK_BRONZE
HIO,LATEST,balance_sheet,order,82.0,ACTUAL,VNSTOCK_BRONZE
HIO,LATEST,balance_sheet,level,1.0,ACTUAL,VNSTOCK_BRONZE
HIO,LATEST,balance_sheet,off_balance,0.0,ACTUAL,VNSTOCK_BRONZE
HIO,LATEST,balance_sheet,value,125275661041.0,ACTUAL,VNSTOCK_BRONZE
HIO,LATEST,balance_sheet,order,83.0,ACTUAL,VNSTOCK_BRONZE
HIO,LATEST,balance_sheet,level,2.0,ACTUAL,VNSTOCK_BRONZE
HIO,LATEST,balance_sheet,off_balance,0.0,ACTUAL,VNSTOCK_BRONZE
HIO,LATEST,balance_sheet,value,0.0,ACTUAL,VNSTOCK_BRONZE
HIO,LATEST,balance_sheet,order,84.0,ACTUAL,VNSTOCK_BRONZE
HIO,LATEST,balance_sheet,level,2.0,ACTUAL,VNSTOCK_BRONZE
HIO,LATEST,balance_sheet,off_balance,0.0,ACTUAL,VNSTOCK_BRONZE
HIO,LATEST,balance_sheet,order,85.0,ACTUAL,VNSTOCK_BRONZE
HIO,LATEST,balance_sheet,level,2.0,ACTUAL,VNSTOCK_BRONZE
HIO,LATEST,balance_sheet,off_balance,0.0,ACTUAL,VNSTOCK_BRONZE
HIO,LATEST,balance_sheet,value,0.0,ACTUAL,VNSTOCK_BRONZE
HIO,LATEST,balance_sheet,order,86.0,ACTUAL,VNSTOCK_BRONZE
HIO,LATEST,balance_sheet,level,2.0,ACTUAL,VNSTOCK_BRONZE
HIO,LATEST,balance_sheet,off_balance,0.0,ACTUAL,VNSTOCK_BRONZE
HIO,LATEST,balance_sheet,value,0.0,ACTUAL,VNSTOCK_BRONZE
HIO,LATEST,balance_sheet,order,87.0,ACTUAL,VNSTOCK_BRONZE
HIO,LATEST,balance_sheet,level,2.0,ACTUAL,VNSTOCK_BRONZE
HIO,LATEST,balance_sheet,off_balance,0.0,ACTUAL,VNSTOCK_BRONZE
HIO,LATEST,balance_sheet,value,0.0,ACTUAL,VNSTOCK_BRONZE
HIO,LATEST,balance_sheet,order,88.0,ACTUAL,VNSTOCK_BRONZE
HIO,LATEST,balance_sheet,level,2.0,ACTUAL,VNSTOCK_BRONZE
HIO,LATEST,balance_sheet,off_balance,0.0,ACTUAL,VNSTOCK_BRONZE
HIO,LATEST,balance_sheet,value,0.0,ACTUAL,VNSTOCK_BRONZE
HIO,LATEST,balance_sheet,order,89.0,ACTUAL,VNSTOCK_BRONZE
HIO,LATEST,balance_sheet,level,2.0,ACTUAL,VNSTOCK_BRONZE
HIO,LATEST,balance_sheet,off_balance,0.0,ACTUAL,VNSTOCK_BRONZE
HIO,LATEST,balance_sheet,value,0.0,ACTUAL,VNSTOCK_BRONZE
HIO,LATEST,balance_sheet,order,90.0,ACTUAL,VNSTOCK_BRONZE
HIO,LATEST,balance_sheet,level,2.0,ACTUAL,VNSTOCK_BRONZE
HIO,LATEST,balance_sheet,off_balance,0.0,ACTUAL,VNSTOCK_BRONZE
HIO,LATEST,balance_sheet,value,0.0,ACTUAL,VNSTOCK_BRONZE
HIO,LATEST,balance_sheet,order,91.0,ACTUAL,VNSTOCK_BRONZE
HIO,LATEST,balance_sheet,level,2.0,ACTUAL,VNSTOCK_BRONZE
HIO,LATEST,balance_sheet,off_balance,0.0,ACTUAL,VNSTOCK_BRONZE
HIO,LATEST,balance_sheet,value,125052605058.0,ACTUAL,VNSTOCK_BRONZE
HIO,LATEST,balance_sheet,order,92.0,ACTUAL,VNSTOCK_BRONZE
HIO,LATEST,balance_sheet,level,2.0,ACTUAL,VNSTOCK_BRONZE
HIO,LATEST,balance_sheet,off_balance,0.0,ACTUAL,VNSTOCK_BRONZE
HIO,LATEST,balance_sheet,value,0.0,ACTUAL,VNSTOCK_BRONZE
HIO,LATEST,balance_sheet,order,93.0,ACTUAL,VNSTOCK_BRONZE
HIO,LATEST,balance_sheet,level,2.0,ACTUAL,VNSTOCK_BRONZE
HIO,LATEST,balance_sheet,off_balance,0.0,ACTUAL,VNSTOCK_BRONZE
HIO,LATEST,balance_sheet,value,223055983.0,ACTUAL,VNSTOCK_BRONZE
HIO,LATEST,balance_sheet,order,94.0,ACTUAL,VNSTOCK_BRONZE
HIO,LATEST,balance_sheet,level,2.0,ACTUAL,VNSTOCK_BRONZE
HIO,LATEST,balance_sheet,off_balance,0.0,ACTUAL,VNSTOCK_BRONZE
HIO,LATEST,balance_sheet,value,0.0,ACTUAL,VNSTOCK_BRONZE
HIO,LATEST,balance_sheet,order,95.0,ACTUAL,VNSTOCK_BRONZE
HIO,LATEST,balance_sheet,level,2.0,ACTUAL,VNSTOCK_BRONZE
HIO,LATEST,balance_sheet,off_balance,0.0,ACTUAL,VNSTOCK_BRONZE
HIO,LATEST,balance_sheet,value,0.0,ACTUAL,VNSTOCK_BRONZE
HIO,LATEST,balance_sheet,order,96.0,ACTUAL,VNSTOCK_BRONZE
HIO,LATEST,balance_sheet,level,1.0,ACTUAL,VNSTOCK_BRONZE
HIO,LATEST,balance_sheet,off_balance,0.0,ACTUAL,VNSTOCK_BRONZE
HIO,LATEST,balance_sheet,value,265899870396.0,ACTUAL,VNSTOCK_BRONZE
HIO,LATEST,balance_sheet,order,97.0,ACTUAL,VNSTOCK_BRONZE
HIO,LATEST,balance_sheet,level,1.0,ACTUAL,VNSTOCK_BRONZE
HIO,LATEST,balance_sheet,off_balance,0.0,ACTUAL,VNSTOCK_BRONZE
HIO,LATEST,balance_sheet,value,265899870396.0,ACTUAL,VNSTOCK_BRONZE
HIO,LATEST,balance_sheet,order,98.0,ACTUAL,VNSTOCK_BRONZE
HIO,LATEST,balance_sheet,level,2.0,ACTUAL,VNSTOCK_BRONZE
HIO,LATEST,balance_sheet,off_balance,0.0,ACTUAL,VNSTOCK_BRONZE
HIO,LATEST,balance_sheet,value,0.0,ACTUAL,VNSTOCK_BRONZE
HIO,LATEST,balance_sheet,order,99.0,ACTUAL,VNSTOCK_BRONZE
HIO,LATEST,balance_sheet,level,2.0,ACTUAL,VNSTOCK_BRONZE
HIO,LATEST,balance_sheet,off_balance,0.0,ACTUAL,VNSTOCK_BRONZE
HIO,LATEST,balance_sheet,value,0.0,ACTUAL,VNSTOCK_BRONZE
HIO,LATEST,balance_sheet,order,100.0,ACTUAL,VNSTOCK_BRONZE
HIO,LATEST,balance_sheet,level,2.0,ACTUAL,VNSTOCK_BRONZE
HIO,LATEST,balance_sheet,off_balance,0.0,ACTUAL,VNSTOCK_BRONZE
HIO,LATEST,balance_sheet,value,0.0,ACTUAL,VNSTOCK_BRONZE
HIO,LATEST,balance_sheet,order,101.0,ACTUAL,VNSTOCK_BRONZE
HIO,LATEST,balance_sheet,level,2.0,ACTUAL,VNSTOCK_BRONZE
HIO,LATEST,balance_sheet,off_balance,0.0,ACTUAL,VNSTOCK_BRONZE
HIO,LATEST,balance_sheet,value,0.0,ACTUAL,VNSTOCK_BRONZE
HIO,LATEST,balance_sheet,order,102.0,ACTUAL,VNSTOCK_BRONZE
HIO,LATEST,balance_sheet,level,2.0,ACTUAL,VNSTOCK_BRONZE
HIO,LATEST,balance_sheet,off_balance,0.0,ACTUAL,VNSTOCK_BRONZE
HIO,LATEST,balance_sheet,value,210000000000.0,ACTUAL,VNSTOCK_BRONZE
HIO,LATEST,balance_sheet,order,103.0,ACTUAL,VNSTOCK_BRONZE
HIO,LATEST,balance_sheet,level,3.0,ACTUAL,VNSTOCK_BRONZE
HIO,LATEST,balance_sheet,off_balance,0.0,ACTUAL,VNSTOCK_BRONZE
HIO,LATEST,balance_sheet,value,210000000000.0,ACTUAL,VNSTOCK_BRONZE
HIO,LATEST,balance_sheet,order,104.0,ACTUAL,VNSTOCK_BRONZE
HIO,LATEST,balance_sheet,level,2.0,ACTUAL,VNSTOCK_BRONZE
HIO,LATEST,balance_sheet,off_balance,0.0,ACTUAL,VNSTOCK_BRONZE
HIO,LATEST,balance_sheet,value,0.0,ACTUAL,VNSTOCK_BRONZE
HIO,LATEST,balance_sheet,order,105.0,ACTUAL,VNSTOCK_BRONZE
HIO,LATEST,balance_sheet,level,2.0,ACTUAL,VNSTOCK_BRONZE
HIO,LATEST,balance_sheet,off_balance,0.0,ACTUAL,VNSTOCK_BRONZE
HIO,LATEST,balance_sheet,value,0.0,ACTUAL,VNSTOCK_BRONZE
HIO,LATEST,balance_sheet,order,106.0,ACTUAL,VNSTOCK_BRONZE
HIO,LATEST,balance_sheet,level,2.0,ACTUAL,VNSTOCK_BRONZE
HIO,LATEST,balance_sheet,off_balance,0.0,ACTUAL,VNSTOCK_BRONZE
HIO,LATEST,balance_sheet,value,0.0,ACTUAL,VNSTOCK_BRONZE
HIO,LATEST,balance_sheet,order,107.0,ACTUAL,VNSTOCK_BRONZE
HIO,LATEST,balance_sheet,level,2.0,ACTUAL,VNSTOCK_BRONZE
HIO,LATEST,balance_sheet,off_balance,0.0,ACTUAL,VNSTOCK_BRONZE
HIO,LATEST,balance_sheet,value,0.0,ACTUAL,VNSTOCK_BRONZE
HIO,LATEST,balance_sheet,order,108.0,ACTUAL,VNSTOCK_BRONZE
HIO,LATEST,balance_sheet,level,2.0,ACTUAL,VNSTOCK_BRONZE
HIO,LATEST,balance_sheet,off_balance,0.0,ACTUAL,VNSTOCK_BRONZE
HIO,LATEST,balance_sheet,value,0.0,ACTUAL,VNSTOCK_BRONZE
HIO,LATEST,balance_sheet,order,109.0,ACTUAL,VNSTOCK_BRONZE
HIO,LATEST,balance_sheet,level,2.0,ACTUAL,VNSTOCK_BRONZE
HIO,LATEST,balance_sheet,off_balance,0.0,ACTUAL,VNSTOCK_BRONZE
HIO,LATEST,balance_sheet,value,0.0,ACTUAL,VNSTOCK_BRONZE
HIO,LATEST,balance_sheet,order,110.0,ACTUAL,VNSTOCK_BRONZE
HIO,LATEST,balance_sheet,level,2.0,ACTUAL,VNSTOCK_BRONZE
HIO,LATEST,balance_sheet,off_balance,0.0,ACTUAL,VNSTOCK_BRONZE
HIO,LATEST,balance_sheet,value,0.0,ACTUAL,VNSTOCK_BRONZE
HIO,LATEST,balance_sheet,order,111.0,ACTUAL,VNSTOCK_BRONZE
HIO,LATEST,balance_sheet,level,2.0,ACTUAL,VNSTOCK_BRONZE
HIO,LATEST,balance_sheet,off_balance,0.0,ACTUAL,VNSTOCK_BRONZE
HIO,LATEST,balance_sheet,value,8331664665.0,ACTUAL,VNSTOCK_BRONZE
HIO,LATEST,balance_sheet,order,112.0,ACTUAL,VNSTOCK_BRONZE
HIO,LATEST,balance_sheet,level,2.0,ACTUAL,VNSTOCK_BRONZE
HIO,LATEST,balance_sheet,off_balance,0.0,ACTUAL,VNSTOCK_BRONZE
HIO,LATEST,balance_sheet,value,47568205731.0,ACTUAL,VNSTOCK_BRONZE
HIO,LATEST,balance_sheet,order,113.0,ACTUAL,VNSTOCK_BRONZE
HIO,LATEST,balance_sheet,level,3.0,ACTUAL,VNSTOCK_BRONZE
HIO,LATEST,balance_sheet,off_balance,0.0,ACTUAL,VNSTOCK_BRONZE
HIO,LATEST,balance_sheet,value,33873365511.0,ACTUAL,VNSTOCK_BRONZE
HIO,LATEST,balance_sheet,order,114.0,ACTUAL,VNSTOCK_BRONZE
HIO,LATEST,balance_sheet,level,3.0,ACTUAL,VNSTOCK_BRONZE
HIO,LATEST,balance_sheet,off_balance,0.0,ACTUAL,VNSTOCK_BRONZE
HIO,LATEST,balance_sheet,value,13694840220.0,ACTUAL,VNSTOCK_BRONZE
HIO,LATEST,balance_sheet,order,115.0,ACTUAL,VNSTOCK_BRONZE
HIO,LATEST,balance_sheet,level,2.0,ACTUAL,VNSTOCK_BRONZE
HIO,LATEST,balance_sheet,off_balance,0.0,ACTUAL,VNSTOCK_BRONZE
HIO,LATEST,balance_sheet,value,0.0,ACTUAL,VNSTOCK_BRONZE
HIO,LATEST,balance_sheet,order,116.0,ACTUAL,VNSTOCK_BRONZE
HIO,LATEST,balance_sheet,level,1.0,ACTUAL,VNSTOCK_BRONZE
HIO,LATEST,balance_sheet,off_balance,0.0,ACTUAL,VNSTOCK_BRONZE
HIO,LATEST,balance_sheet,value,0.0,ACTUAL,VNSTOCK_BRONZE
HIO,LATEST,balance_sheet,order,117.0,ACTUAL,VNSTOCK_BRONZE
HIO,LATEST,balance_sheet,level,2.0,ACTUAL,VNSTOCK_BRONZE
HIO,LATEST,balance_sheet,off_balance,0.0,ACTUAL,VNSTOCK_BRONZE
HIO,LATEST,balance_sheet,value,0.0,ACTUAL,VNSTOCK_BRONZE
HIO,LATEST,balance_sheet,order,118.0,ACTUAL,VNSTOCK_BRONZE
HIO,LATEST,balance_sheet,level,1.0,ACTUAL,VNSTOCK_BRONZE
HIO,LATEST,balance_sheet,off_balance,0.0,ACTUAL,VNSTOCK_BRONZE
HIO,LATEST,balance_sheet,value,470121288686.0,ACTUAL,VNSTOCK_BRONZE
HIO,LATEST,balance_sheet,order,1.0,ACTUAL,VNSTOCK_BRONZE
HIO,LATEST,balance_sheet,level,1.0,ACTUAL,VNSTOCK_BRONZE
HIO,LATEST,balance_sheet,off_balance,0.0,ACTUAL,VNSTOCK_BRONZE
HIO,LATEST,balance_sheet,value,90897763938.0,ACTUAL,VNSTOCK_BRONZE
HIO,LATEST,balance_sheet,order,2.0,ACTUAL,VNSTOCK_BRONZE
HIO,LATEST,balance_sheet,level,1.0,ACTUAL,VNSTOCK_BRONZE
HIO,LATEST,balance_sheet,off_balance,0.0,ACTUAL,VNSTOCK_BRONZE
HIO,LATEST,balance_sheet,value,26587399815.0,ACTUAL,VNSTOCK_BRONZE
HIO,LATEST,balance_sheet,order,3.0,ACTUAL,VNSTOCK_BRONZE
HIO,LATEST,balance_sheet,level,2.0,ACTUAL,VNSTOCK_BRONZE
HIO,LATEST,balance_sheet,off_balance,0.0,ACTUAL,VNSTOCK_BRONZE
HIO,LATEST,balance_sheet,value,26587399815.0,ACTUAL,VNSTOCK_BRONZE
HIO,LATEST,balance_sheet,order,4.0,ACTUAL,VNSTOCK_BRONZE
HIO,LATEST,balance_sheet,level,2.0,ACTUAL,VNSTOCK_BRONZE
HIO,LATEST,balance_sheet,off_balance,0.0,ACTUAL,VNSTOCK_BRONZE
HIO,LATEST,balance_sheet,value,0.0,ACTUAL,VNSTOCK_BRONZE
HIO,LATEST,balance_sheet,order,5.0,ACTUAL,VNSTOCK_BRONZE
HIO,LATEST,balance_sheet,level,1.0,ACTUAL,VNSTOCK_BRONZE
HIO,LATEST,balance_sheet,off_balance,0.0,ACTUAL,VNSTOCK_BRONZE
HIO,LATEST,balance_sheet,value,0.0,ACTUAL,VNSTOCK_BRONZE
HIO,LATEST,balance_sheet,order,6.0,ACTUAL,VNSTOCK_BRONZE
HIO,LATEST,balance_sheet,level,2.0,ACTUAL,VNSTOCK_BRONZE
HIO,LATEST,balance_sheet,off_balance,0.0,ACTUAL,VNSTOCK_BRONZE
HIO,LATEST,balance_sheet,value,0.0,ACTUAL,VNSTOCK_BRONZE
HIO,LATEST,balance_sheet,order,7.0,ACTUAL,VNSTOCK_BRONZE
HIO,LATEST,balance_sheet,level,2.0,ACTUAL,VNSTOCK_BRONZE
HIO,LATEST,balance_sheet,off_balance,0.0,ACTUAL,VNSTOCK_BRONZE
HIO,LATEST,balance_sheet,value,0.0,ACTUAL,VNSTOCK_BRONZE
HIO,LATEST,balance_sheet,order,8.0,ACTUAL,VNSTOCK_BRONZE
HIO,LATEST,balance_sheet,level,2.0,ACTUAL,VNSTOCK_BRONZE
HIO,LATEST,balance_sheet,off_balance,0.0,ACTUAL,VNSTOCK_BRONZE
HIO,LATEST,balance_sheet,value,0.0,ACTUAL,VNSTOCK_BRONZE
HIO,LATEST,balance_sheet,order,9.0,ACTUAL,VNSTOCK_BRONZE
HIO,LATEST,balance_sheet,level,1.0,ACTUAL,VNSTOCK_BRONZE
HIO,LATEST,balance_sheet,off_balance,0.0,ACTUAL,VNSTOCK_BRONZE
HIO,LATEST,balance_sheet,value,50050795493.0,ACTUAL,VNSTOCK_BRONZE
HIO,LATEST,balance_sheet,order,10.0,ACTUAL,VNSTOCK_BRONZE
HIO,LATEST,balance_sheet,level,2.0,ACTUAL,VNSTOCK_BRONZE
HIO,LATEST,balance_sheet,off_balance,0.0,ACTUAL,VNSTOCK_BRONZE
HIO,LATEST,balance_sheet,value,25790531885.0,ACTUAL,VNSTOCK_BRONZE
HIO,LATEST,balance_sheet,order,11.0,ACTUAL,VNSTOCK_BRONZE
HIO,LATEST,balance_sheet,level,2.0,ACTUAL,VNSTOCK_BRONZE
HIO,LATEST,balance_sheet,off_balance,0.0,ACTUAL,VNSTOCK_BRONZE
HIO,LATEST,balance_sheet,value,10027263608.0,ACTUAL,VNSTOCK_BRONZE
HIO,LATEST,balance_sheet,order,12.0,ACTUAL,VNSTOCK_BRONZE
HIO,LATEST,balance_sheet,level,2.0,ACTUAL,VNSTOCK_BRONZE
HIO,LATEST,balance_sheet,off_balance,0.0,ACTUAL,VNSTOCK_BRONZE
HIO,LATEST,balance_sheet,value,0.0,ACTUAL,VNSTOCK_BRONZE
HIO,LATEST,balance_sheet,order,13.0,ACTUAL,VNSTOCK_BRONZE
HIO,LATEST,balance_sheet,level,2.0,ACTUAL,VNSTOCK_BRONZE
HIO,LATEST,balance_sheet,off_balance,0.0,ACTUAL,VNSTOCK_BRONZE
HIO,LATEST,balance_sheet,value,0.0,ACTUAL,VNSTOCK_BRONZE
HIO,LATEST,balance_sheet,order,14.0,ACTUAL,VNSTOCK_BRONZE
HIO,LATEST,balance_sheet,level,2.0,ACTUAL,VNSTOCK_BRONZE
HIO,LATEST,balance_sheet,off_balance,0.0,ACTUAL,VNSTOCK_BRONZE
HIO,LATEST,balance_sheet,value,0.0,ACTUAL,VNSTOCK_BRONZE
HIO,LATEST,balance_sheet,order,15.0,ACTUAL,VNSTOCK_BRONZE
HIO,LATEST,balance_sheet,level,2.0,ACTUAL,VNSTOCK_BRONZE
HIO,LATEST,balance_sheet,off_balance,0.0,ACTUAL,VNSTOCK_BRONZE
HIO,LATEST,balance_sheet,value,14233000000.0,ACTUAL,VNSTOCK_BRONZE
HIO,LATEST,balance_sheet,order,16.0,ACTUAL,VNSTOCK_BRONZE
HIO,LATEST,balance_sheet,level,2.0,ACTUAL,VNSTOCK_BRONZE
HIO,LATEST,balance_sheet,off_balance,0.0,ACTUAL,VNSTOCK_BRONZE
HIO,LATEST,balance_sheet,value,0.0,ACTUAL,VNSTOCK_BRONZE
HIO,LATEST,balance_sheet,order,17.0,ACTUAL,VNSTOCK_BRONZE
HIO,LATEST,balance_sheet,level,2.0,ACTUAL,VNSTOCK_BRONZE
HIO,LATEST,balance_sheet,off_balance,0.0,ACTUAL,VNSTOCK_BRONZE
HIO,LATEST,balance_sheet,value,0.0,ACTUAL,VNSTOCK_BRONZE
HIO,LATEST,balance_sheet,order,18.0,ACTUAL,VNSTOCK_BRONZE
HIO,LATEST,balance_sheet,level,1.0,ACTUAL,VNSTOCK_BRONZE
HIO,LATEST,balance_sheet,off_balance,0.0,ACTUAL,VNSTOCK_BRONZE
HIO,LATEST,balance_sheet,value,30610909.0,ACTUAL,VNSTOCK_BRONZE
HIO,LATEST,balance_sheet,order,19.0,ACTUAL,VNSTOCK_BRONZE
HIO,LATEST,balance_sheet,level,2.0,ACTUAL,VNSTOCK_BRONZE
HIO,LATEST,balance_sheet,off_balance,0.0,ACTUAL,VNSTOCK_BRONZE
HIO,LATEST,balance_sheet,value,30610909.0,ACTUAL,VNSTOCK_BRONZE
HIO,LATEST,balance_sheet,order,20.0,ACTUAL,VNSTOCK_BRONZE
HIO,LATEST,balance_sheet,level,2.0,ACTUAL,VNSTOCK_BRONZE
HIO,LATEST,balance_sheet,off_balance,0.0,ACTUAL,VNSTOCK_BRONZE
HIO,LATEST,balance_sheet,value,0.0,ACTUAL,VNSTOCK_BRONZE
HIO,LATEST,balance_sheet,order,21.0,ACTUAL,VNSTOCK_BRONZE
HIO,LATEST,balance_sheet,level,1.0,ACTUAL,VNSTOCK_BRONZE
HIO,LATEST,balance_sheet,off_balance,0.0,ACTUAL,VNSTOCK_BRONZE
HIO,LATEST,balance_sheet,value,14228957721.0,ACTUAL,VNSTOCK_BRONZE
HIO,LATEST,balance_sheet,order,22.0,ACTUAL,VNSTOCK_BRONZE
HIO,LATEST,balance_sheet,level,2.0,ACTUAL,VNSTOCK_BRONZE
HIO,LATEST,balance_sheet,off_balance,0.0,ACTUAL,VNSTOCK_BRONZE
HIO,LATEST,balance_sheet,value,2370002341.0,ACTUAL,VNSTOCK_BRONZE
HIO,LATEST,balance_sheet,order,23.0,ACTUAL,VNSTOCK_BRONZE
HIO,LATEST,balance_sheet,level,2.0,ACTUAL,VNSTOCK_BRONZE
HIO,LATEST,balance_sheet,off_balance,0.0,ACTUAL,VNSTOCK_BRONZE
HIO,LATEST,balance_sheet,value,11858955380.0,ACTUAL,VNSTOCK_BRONZE
HIO,LATEST,balance_sheet,order,24.0,ACTUAL,VNSTOCK_BRONZE
HIO,LATEST,balance_sheet,level,2.0,ACTUAL,VNSTOCK_BRONZE
HIO,LATEST,balance_sheet,off_balance,0.0,ACTUAL,VNSTOCK_BRONZE
HIO,LATEST,balance_sheet,value,0.0,ACTUAL,VNSTOCK_BRONZE
HIO,LATEST,balance_sheet,order,25.0,ACTUAL,VNSTOCK_BRONZE
HIO,LATEST,balance_sheet,level,2.0,ACTUAL,VNSTOCK_BRONZE
HIO,LATEST,balance_sheet,off_balance,0.0,ACTUAL,VNSTOCK_BRONZE
HIO,LATEST,balance_sheet,value,0.0,ACTUAL,VNSTOCK_BRONZE
HIO,LATEST,balance_sheet,order,26.0,ACTUAL,VNSTOCK_BRONZE
HIO,LATEST,balance_sheet,level,1.0,ACTUAL,VNSTOCK_BRONZE
HIO,LATEST,balance_sheet,off_balance,0.0,ACTUAL,VNSTOCK_BRONZE
HIO,LATEST,balance_sheet,value,390086929951.0,ACTUAL,VNSTOCK_BRONZE
HIO,LATEST,balance_sheet,order,27.0,ACTUAL,VNSTOCK_BRONZE
HIO,LATEST,balance_sheet,level,1.0,ACTUAL,VNSTOCK_BRONZE
HIO,LATEST,balance_sheet,off_balance,0.0,ACTUAL,VNSTOCK_BRONZE
HIO,LATEST,balance_sheet,value,11052800000.0,ACTUAL,VNSTOCK_BRONZE
HIO,LATEST,balance_sheet,order,28.0,ACTUAL,VNSTOCK_BRONZE
HIO,LATEST,balance_sheet,level,2.0,ACTUAL,VNSTOCK_BRONZE
HIO,LATEST,balance_sheet,off_balance,0.0,ACTUAL,VNSTOCK_BRONZE
HIO,LATEST,balance_sheet,value,0.0,ACTUAL,VNSTOCK_BRONZE
HIO,LATEST,balance_sheet,order,29.0,ACTUAL,VNSTOCK_BRONZE
HIO,LATEST,balance_sheet,level,2.0,ACTUAL,VNSTOCK_BRONZE
HIO,LATEST,balance_sheet,off_balance,0.0,ACTUAL,VNSTOCK_BRONZE
HIO,LATEST,balance_sheet,value,0.0,ACTUAL,VNSTOCK_BRONZE
HIO,LATEST,balance_sheet,order,30.0,ACTUAL,VNSTOCK_BRONZE
HIO,LATEST,balance_sheet,level,2.0,ACTUAL,VNSTOCK_BRONZE
HIO,LATEST,balance_sheet,off_balance,0.0,ACTUAL,VNSTOCK_BRONZE
HIO,LATEST,balance_sheet,value,0.0,ACTUAL,VNSTOCK_BRONZE
HIO,LATEST,balance_sheet,order,31.0,ACTUAL,VNSTOCK_BRONZE
HIO,LATEST,balance_sheet,level,2.0,ACTUAL,VNSTOCK_BRONZE
HIO,LATEST,balance_sheet,off_balance,0.0,ACTUAL,VNSTOCK_BRONZE
HIO,LATEST,balance_sheet,value,0.0,ACTUAL,VNSTOCK_BRONZE
HIO,LATEST,balance_sheet,order,32.0,ACTUAL,VNSTOCK_BRONZE
HIO,LATEST,balance_sheet,level,2.0,ACTUAL,VNSTOCK_BRONZE
HIO,LATEST,balance_sheet,off_balance,0.0,ACTUAL,VNSTOCK_BRONZE
HIO,LATEST,balance_sheet,value,11052800000.0,ACTUAL,VNSTOCK_BRONZE
HIO,LATEST,balance_sheet,order,33.0,ACTUAL,VNSTOCK_BRONZE
HIO,LATEST,balance_sheet,level,2.0,ACTUAL,VNSTOCK_BRONZE
HIO,LATEST,balance_sheet,off_balance,0.0,ACTUAL,VNSTOCK_BRONZE
HIO,LATEST,balance_sheet,value,-0.0,ACTUAL,VNSTOCK_BRONZE
HIO,LATEST,balance_sheet,order,34.0,ACTUAL,VNSTOCK_BRONZE
HIO,LATEST,balance_sheet,level,1.0,ACTUAL,VNSTOCK_BRONZE
HIO,LATEST,balance_sheet,off_balance,0.0,ACTUAL,VNSTOCK_BRONZE
HIO,LATEST,balance_sheet,value,318553077646.0,ACTUAL,VNSTOCK_BRONZE
HIO,LATEST,balance_sheet,order,35.0,ACTUAL,VNSTOCK_BRONZE
HIO,LATEST,balance_sheet,level,2.0,ACTUAL,VNSTOCK_BRONZE
HIO,LATEST,balance_sheet,off_balance,0.0,ACTUAL,VNSTOCK_BRONZE
HIO,LATEST,balance_sheet,value,318553077646.0,ACTUAL,VNSTOCK_BRONZE
HIO,LATEST,balance_sheet,order,36.0,ACTUAL,VNSTOCK_BRONZE
HIO,LATEST,balance_sheet,level,3.0,ACTUAL,VNSTOCK_BRONZE
HIO,LATEST,balance_sheet,off_balance,0.0,ACTUAL,VNSTOCK_BRONZE
HIO,LATEST,balance_sheet,value,493147313989.0,ACTUAL,VNSTOCK_BRONZE
HIO,LATEST,balance_sheet,order,37.0,ACTUAL,VNSTOCK_BRONZE
HIO,LATEST,balance_sheet,level,3.0,ACTUAL,VNSTOCK_BRONZE
HIO,LATEST,balance_sheet,off_balance,0.0,ACTUAL,VNSTOCK_BRONZE
HIO,LATEST,balance_sheet,value,-174594236343.0,ACTUAL,VNSTOCK_BRONZE
HIO,LATEST,balance_sheet,order,38.0,ACTUAL,VNSTOCK_BRONZE
HIO,LATEST,balance_sheet,level,2.0,ACTUAL,VNSTOCK_BRONZE
HIO,LATEST,balance_sheet,off_balance,0.0,ACTUAL,VNSTOCK_BRONZE
HIO,LATEST,balance_sheet,value,0.0,ACTUAL,VNSTOCK_BRONZE
HIO,LATEST,balance_sheet,order,39.0,ACTUAL,VNSTOCK_BRONZE
HIO,LATEST,balance_sheet,level,3.0,ACTUAL,VNSTOCK_BRONZE
HIO,LATEST,balance_sheet,off_balance,0.0,ACTUAL,VNSTOCK_BRONZE
HIO,LATEST,balance_sheet,value,0.0,ACTUAL,VNSTOCK_BRONZE
HIO,LATEST,balance_sheet,order,40.0,ACTUAL,VNSTOCK_BRONZE
HIO,LATEST,balance_sheet,level,3.0,ACTUAL,VNSTOCK_BRONZE
HIO,LATEST,balance_sheet,off_balance,0.0,ACTUAL,VNSTOCK_BRONZE
HIO,LATEST,balance_sheet,value,-0.0,ACTUAL,VNSTOCK_BRONZE
HIO,LATEST,balance_sheet,order,41.0,ACTUAL,VNSTOCK_BRONZE
HIO,LATEST,balance_sheet,level,2.0,ACTUAL,VNSTOCK_BRONZE
HIO,LATEST,balance_sheet,off_balance,0.0,ACTUAL,VNSTOCK_BRONZE
HIO,LATEST,balance_sheet,value,0.0,ACTUAL,VNSTOCK_BRONZE
HIO,LATEST,balance_sheet,order,42.0,ACTUAL,VNSTOCK_BRONZE
HIO,LATEST,balance_sheet,level,3.0,ACTUAL,VNSTOCK_BRONZE
HIO,LATEST,balance_sheet,off_balance,0.0,ACTUAL,VNSTOCK_BRONZE
HIO,LATEST,balance_sheet,value,0.0,ACTUAL,VNSTOCK_BRONZE
HIO,LATEST,balance_sheet,order,43.0,ACTUAL,VNSTOCK_BRONZE
HIO,LATEST,balance_sheet,level,3.0,ACTUAL,VNSTOCK_BRONZE
HIO,LATEST,balance_sheet,off_balance,0.0,ACTUAL,VNSTOCK_BRONZE
HIO,LATEST,balance_sheet,value,-0.0,ACTUAL,VNSTOCK_BRONZE
HIO,LATEST,balance_sheet,order,44.0,ACTUAL,VNSTOCK_BRONZE
HIO,LATEST,balance_sheet,level,1.0,ACTUAL,VNSTOCK_BRONZE
HIO,LATEST,balance_sheet,off_balance,0.0,ACTUAL,VNSTOCK_BRONZE
HIO,LATEST,balance_sheet,value,24951399663.0,ACTUAL,VNSTOCK_BRONZE
HIO,LATEST,balance_sheet,order,45.0,ACTUAL,VNSTOCK_BRONZE
HIO,LATEST,balance_sheet,level,2.0,ACTUAL,VNSTOCK_BRONZE
HIO,LATEST,balance_sheet,off_balance,0.0,ACTUAL,VNSTOCK_BRONZE
HIO,LATEST,balance_sheet,value,35093712424.0,ACTUAL,VNSTOCK_BRONZE
HIO,LATEST,balance_sheet,order,46.0,ACTUAL,VNSTOCK_BRONZE
HIO,LATEST,balance_sheet,level,2.0,ACTUAL,VNSTOCK_BRONZE
HIO,LATEST,balance_sheet,off_balance,0.0,ACTUAL,VNSTOCK_BRONZE
HIO,LATEST,balance_sheet,value,-10142312761.0,ACTUAL,VNSTOCK_BRONZE
HIO,LATEST,balance_sheet,order,47.0,ACTUAL,VNSTOCK_BRONZE
HIO,LATEST,balance_sheet,level,1.0,ACTUAL,VNSTOCK_BRONZE
HIO,LATEST,balance_sheet,off_balance,0.0,ACTUAL,VNSTOCK_BRONZE
HIO,LATEST,balance_sheet,value,0.0,ACTUAL,VNSTOCK_BRONZE
HIO,LATEST,balance_sheet,order,48.0,ACTUAL,VNSTOCK_BRONZE
HIO,LATEST,balance_sheet,level,2.0,ACTUAL,VNSTOCK_BRONZE
HIO,LATEST,balance_sheet,off_balance,0.0,ACTUAL,VNSTOCK_BRONZE
HIO,LATEST,balance_sheet,value,0.0,ACTUAL,VNSTOCK_BRONZE
HIO,LATEST,balance_sheet,order,49.0,ACTUAL,VNSTOCK_BRONZE
HIO,LATEST,balance_sheet,level,2.0,ACTUAL,VNSTOCK_BRONZE
HIO,LATEST,balance_sheet,off_balance,0.0,ACTUAL,VNSTOCK_BRONZE
HIO,LATEST,balance_sheet,value,0.0,ACTUAL,VNSTOCK_BRONZE
HIO,LATEST,balance_sheet,order,50.0,ACTUAL,VNSTOCK_BRONZE
HIO,LATEST,balance_sheet,level,1.0,ACTUAL,VNSTOCK_BRONZE
HIO,LATEST,balance_sheet,off_balance,0.0,ACTUAL,VNSTOCK_BRONZE
HIO,LATEST,balance_sheet,value,20427260162.0,ACTUAL,VNSTOCK_BRONZE
HIO,LATEST,balance_sheet,order,51.0,ACTUAL,VNSTOCK_BRONZE
HIO,LATEST,balance_sheet,level,2.0,ACTUAL,VNSTOCK_BRONZE
HIO,LATEST,balance_sheet,off_balance,0.0,ACTUAL,VNSTOCK_BRONZE
HIO,LATEST,balance_sheet,value,0.0,ACTUAL,VNSTOCK_BRONZE
HIO,LATEST,balance_sheet,order,52.0,ACTUAL,VNSTOCK_BRONZE
HIO,LATEST,balance_sheet,level,2.0,ACTUAL,VNSTOCK_BRONZE
HIO,LATEST,balance_sheet,off_balance,0.0,ACTUAL,VNSTOCK_BRONZE
HIO,LATEST,balance_sheet,value,20427260162.0,ACTUAL,VNSTOCK_BRONZE
HIO,LATEST,balance_sheet,order,53.0,ACTUAL,VNSTOCK_BRONZE
HIO,LATEST,balance_sheet,level,2.0,ACTUAL,VNSTOCK_BRONZE
HIO,LATEST,balance_sheet,off_balance,0.0,ACTUAL,VNSTOCK_BRONZE
HIO,LATEST,balance_sheet,value,0.0,ACTUAL,VNSTOCK_BRONZE
HIO,LATEST,balance_sheet,order,54.0,ACTUAL,VNSTOCK_BRONZE
HIO,LATEST,balance_sheet,level,2.0,ACTUAL,VNSTOCK_BRONZE
HIO,LATEST,balance_sheet,off_balance,0.0,ACTUAL,VNSTOCK_BRONZE
HIO,LATEST,balance_sheet,value,0.0,ACTUAL,VNSTOCK_BRONZE
HIO,LATEST,balance_sheet,order,55.0,ACTUAL,VNSTOCK_BRONZE
HIO,LATEST,balance_sheet,level,2.0,ACTUAL,VNSTOCK_BRONZE
HIO,LATEST,balance_sheet,off_balance,0.0,ACTUAL,VNSTOCK_BRONZE
HIO,LATEST,balance_sheet,value,0.0,ACTUAL,VNSTOCK_BRONZE
HIO,LATEST,balance_sheet,order,56.0,ACTUAL,VNSTOCK_BRONZE
HIO,LATEST,balance_sheet,level,1.0,ACTUAL,VNSTOCK_BRONZE
HIO,LATEST,balance_sheet,off_balance,0.0,ACTUAL,VNSTOCK_BRONZE
HIO,LATEST,balance_sheet,value,15102392480.0,ACTUAL,VNSTOCK_BRONZE
HIO,LATEST,balance_sheet,order,57.0,ACTUAL,VNSTOCK_BRONZE
HIO,LATEST,balance_sheet,level,2.0,ACTUAL,VNSTOCK_BRONZE
HIO,LATEST,balance_sheet,off_balance,0.0,ACTUAL,VNSTOCK_BRONZE
HIO,LATEST,balance_sheet,value,0.0,ACTUAL,VNSTOCK_BRONZE
HIO,LATEST,balance_sheet,order,58.0,ACTUAL,VNSTOCK_BRONZE
HIO,LATEST,balance_sheet,level,2.0,ACTUAL,VNSTOCK_BRONZE
HIO,LATEST,balance_sheet,off_balance,0.0,ACTUAL,VNSTOCK_BRONZE
HIO,LATEST,balance_sheet,value,11426717838.0,ACTUAL,VNSTOCK_BRONZE
HIO,LATEST,balance_sheet,order,59.0,ACTUAL,VNSTOCK_BRONZE
HIO,LATEST,balance_sheet,level,2.0,ACTUAL,VNSTOCK_BRONZE
HIO,LATEST,balance_sheet,off_balance,0.0,ACTUAL,VNSTOCK_BRONZE
HIO,LATEST,balance_sheet,value,1503881120.0,ACTUAL,VNSTOCK_BRONZE
HIO,LATEST,balance_sheet,order,60.0,ACTUAL,VNSTOCK_BRONZE
HIO,LATEST,balance_sheet,level,2.0,ACTUAL,VNSTOCK_BRONZE
HIO,LATEST,balance_sheet,off_balance,0.0,ACTUAL,VNSTOCK_BRONZE
HIO,LATEST,balance_sheet,value,119759815.0,ACTUAL,VNSTOCK_BRONZE
HIO,LATEST,balance_sheet,order,61.0,ACTUAL,VNSTOCK_BRONZE
HIO,LATEST,balance_sheet,level,2.0,ACTUAL,VNSTOCK_BRONZE
HIO,LATEST,balance_sheet,off_balance,0.0,ACTUAL,VNSTOCK_BRONZE
HIO,LATEST,balance_sheet,value,0.0,ACTUAL,VNSTOCK_BRONZE
HIO,LATEST,balance_sheet,order,62.0,ACTUAL,VNSTOCK_BRONZE
HIO,LATEST,balance_sheet,level,2.0,ACTUAL,VNSTOCK_BRONZE
HIO,LATEST,balance_sheet,off_balance,0.0,ACTUAL,VNSTOCK_BRONZE
HIO,LATEST,balance_sheet,value,2052033707.0,ACTUAL,VNSTOCK_BRONZE
HIO,LATEST,balance_sheet,order,63.0,ACTUAL,VNSTOCK_BRONZE
HIO,LATEST,balance_sheet,level,1.0,ACTUAL,VNSTOCK_BRONZE
HIO,LATEST,balance_sheet,off_balance,0.0,ACTUAL,VNSTOCK_BRONZE
HIO,LATEST,balance_sheet,value,480984693889.0,ACTUAL,VNSTOCK_BRONZE
HIO,LATEST,balance_sheet,order,64.0,ACTUAL,VNSTOCK_BRONZE
HIO,LATEST,balance_sheet,level,1.0,ACTUAL,VNSTOCK_BRONZE
HIO,LATEST,balance_sheet,off_balance,0.0,ACTUAL,VNSTOCK_BRONZE
HIO,LATEST,balance_sheet,value,218485165089.0,ACTUAL,VNSTOCK_BRONZE
HIO,LATEST,balance_sheet,order,65.0,ACTUAL,VNSTOCK_BRONZE
HIO,LATEST,balance_sheet,level,1.0,ACTUAL,VNSTOCK_BRONZE
HIO,LATEST,balance_sheet,off_balance,0.0,ACTUAL,VNSTOCK_BRONZE
HIO,LATEST,balance_sheet,value,76491531263.0,ACTUAL,VNSTOCK_BRONZE
HIO,LATEST,balance_sheet,order,66.0,ACTUAL,VNSTOCK_BRONZE
HIO,LATEST,balance_sheet,level,2.0,ACTUAL,VNSTOCK_BRONZE
HIO,LATEST,balance_sheet,off_balance,0.0,ACTUAL,VNSTOCK_BRONZE
HIO,LATEST,balance_sheet,value,0.0,ACTUAL,VNSTOCK_BRONZE
HIO,LATEST,balance_sheet,order,67.0,ACTUAL,VNSTOCK_BRONZE
HIO,LATEST,balance_sheet,level,2.0,ACTUAL,VNSTOCK_BRONZE
HIO,LATEST,balance_sheet,off_balance,0.0,ACTUAL,VNSTOCK_BRONZE
HIO,LATEST,balance_sheet,value,0.0,ACTUAL,VNSTOCK_BRONZE
HIO,LATEST,balance_sheet,order,68.0,ACTUAL,VNSTOCK_BRONZE
HIO,LATEST,balance_sheet,level,2.0,ACTUAL,VNSTOCK_BRONZE
HIO,LATEST,balance_sheet,off_balance,0.0,ACTUAL,VNSTOCK_BRONZE
HIO,LATEST,balance_sheet,value,0.0,ACTUAL,VNSTOCK_BRONZE
HIO,LATEST,balance_sheet,order,69.0,ACTUAL,VNSTOCK_BRONZE
HIO,LATEST,balance_sheet,level,2.0,ACTUAL,VNSTOCK_BRONZE
HIO,LATEST,balance_sheet,off_balance,0.0,ACTUAL,VNSTOCK_BRONZE
HIO,LATEST,balance_sheet,value,3582089919.0,ACTUAL,VNSTOCK_BRONZE
HIO,LATEST,balance_sheet,order,70.0,ACTUAL,VNSTOCK_BRONZE
HIO,LATEST,balance_sheet,level,2.0,ACTUAL,VNSTOCK_BRONZE
HIO,LATEST,balance_sheet,off_balance,0.0,ACTUAL,VNSTOCK_BRONZE
HIO,LATEST,balance_sheet,value,0.0,ACTUAL,VNSTOCK_BRONZE
HIO,LATEST,balance_sheet,order,71.0,ACTUAL,VNSTOCK_BRONZE
HIO,LATEST,balance_sheet,level,2.0,ACTUAL,VNSTOCK_BRONZE
HIO,LATEST,balance_sheet,off_balance,0.0,ACTUAL,VNSTOCK_BRONZE
HIO,LATEST,balance_sheet,value,1432945504.0,ACTUAL,VNSTOCK_BRONZE
HIO,LATEST,balance_sheet,order,72.0,ACTUAL,VNSTOCK_BRONZE
HIO,LATEST,balance_sheet,level,2.0,ACTUAL,VNSTOCK_BRONZE
HIO,LATEST,balance_sheet,off_balance,0.0,ACTUAL,VNSTOCK_BRONZE
HIO,LATEST,balance_sheet,value,202969995.0,ACTUAL,VNSTOCK_BRONZE
HIO,LATEST,balance_sheet,order,73.0,ACTUAL,VNSTOCK_BRONZE
HIO,LATEST,balance_sheet,level,2.0,ACTUAL,VNSTOCK_BRONZE
HIO,LATEST,balance_sheet,off_balance,0.0,ACTUAL,VNSTOCK_BRONZE
HIO,LATEST,balance_sheet,value,1737489510.0,ACTUAL,VNSTOCK_BRONZE
HIO,LATEST,balance_sheet,order,74.0,ACTUAL,VNSTOCK_BRONZE
HIO,LATEST,balance_sheet,level,2.0,ACTUAL,VNSTOCK_BRONZE
HIO,LATEST,balance_sheet,off_balance,0.0,ACTUAL,VNSTOCK_BRONZE
HIO,LATEST,balance_sheet,value,0.0,ACTUAL,VNSTOCK_BRONZE
HIO,LATEST,balance_sheet,order,75.0,ACTUAL,VNSTOCK_BRONZE
HIO,LATEST,balance_sheet,level,2.0,ACTUAL,VNSTOCK_BRONZE
HIO,LATEST,balance_sheet,off_balance,0.0,ACTUAL,VNSTOCK_BRONZE
HIO,LATEST,balance_sheet,value,169191750.0,ACTUAL,VNSTOCK_BRONZE
HIO,LATEST,balance_sheet,order,76.0,ACTUAL,VNSTOCK_BRONZE
HIO,LATEST,balance_sheet,level,2.0,ACTUAL,VNSTOCK_BRONZE
HIO,LATEST,balance_sheet,off_balance,0.0,ACTUAL,VNSTOCK_BRONZE
HIO,LATEST,balance_sheet,value,0.0,ACTUAL,VNSTOCK_BRONZE
HIO,LATEST,balance_sheet,order,77.0,ACTUAL,VNSTOCK_BRONZE
HIO,LATEST,balance_sheet,level,2.0,ACTUAL,VNSTOCK_BRONZE
HIO,LATEST,balance_sheet,off_balance,0.0,ACTUAL,VNSTOCK_BRONZE
HIO,LATEST,balance_sheet,value,67445600000.0,ACTUAL,VNSTOCK_BRONZE
HIO,LATEST,balance_sheet,order,78.0,ACTUAL,VNSTOCK_BRONZE
HIO,LATEST,balance_sheet,level,2.0,ACTUAL,VNSTOCK_BRONZE
HIO,LATEST,balance_sheet,off_balance,0.0,ACTUAL,VNSTOCK_BRONZE
HIO,LATEST,balance_sheet,value,0.0,ACTUAL,VNSTOCK_BRONZE
HIO,LATEST,balance_sheet,order,79.0,ACTUAL,VNSTOCK_BRONZE
HIO,LATEST,balance_sheet,level,2.0,ACTUAL,VNSTOCK_BRONZE
HIO,LATEST,balance_sheet,off_balance,0.0,ACTUAL,VNSTOCK_BRONZE
HIO,LATEST,balance_sheet,value,1921244585.0,ACTUAL,VNSTOCK_BRONZE
HIO,LATEST,balance_sheet,order,80.0,ACTUAL,VNSTOCK_BRONZE
HIO,LATEST,balance_sheet,level,2.0,ACTUAL,VNSTOCK_BRONZE
HIO,LATEST,balance_sheet,off_balance,0.0,ACTUAL,VNSTOCK_BRONZE
HIO,LATEST,balance_sheet,value,0.0,ACTUAL,VNSTOCK_BRONZE
HIO,LATEST,balance_sheet,order,81.0,ACTUAL,VNSTOCK_BRONZE
HIO,LATEST,balance_sheet,level,2.0,ACTUAL,VNSTOCK_BRONZE
HIO,LATEST,balance_sheet,off_balance,0.0,ACTUAL,VNSTOCK_BRONZE
HIO,LATEST,balance_sheet,value,0.0,ACTUAL,VNSTOCK_BRONZE
HIO,LATEST,balance_sheet,order,82.0,ACTUAL,VNSTOCK_BRONZE
HIO,LATEST,balance_sheet,level,1.0,ACTUAL,VNSTOCK_BRONZE
HIO,LATEST,balance_sheet,off_balance,0.0,ACTUAL,VNSTOCK_BRONZE
HIO,LATEST,balance_sheet,value,141993633826.0,ACTUAL,VNSTOCK_BRONZE
HIO,LATEST,balance_sheet,order,83.0,ACTUAL,VNSTOCK_BRONZE
HIO,LATEST,balance_sheet,level,2.0,ACTUAL,VNSTOCK_BRONZE
HIO,LATEST,balance_sheet,off_balance,0.0,ACTUAL,VNSTOCK_BRONZE
HIO,LATEST,balance_sheet,value,0.0,ACTUAL,VNSTOCK_BRONZE
HIO,LATEST,balance_sheet,order,84.0,ACTUAL,VNSTOCK_BRONZE
HIO,LATEST,balance_sheet,level,2.0,ACTUAL,VNSTOCK_BRONZE
HIO,LATEST,balance_sheet,off_balance,0.0,ACTUAL,VNSTOCK_BRONZE
HIO,LATEST,balance_sheet,order,85.0,ACTUAL,VNSTOCK_BRONZE
HIO,LATEST,balance_sheet,level,2.0,ACTUAL,VNSTOCK_BRONZE
HIO,LATEST,balance_sheet,off_balance,0.0,ACTUAL,VNSTOCK_BRONZE
HIO,LATEST,balance_sheet,value,0.0,ACTUAL,VNSTOCK_BRONZE
HIO,LATEST,balance_sheet,order,86.0,ACTUAL,VNSTOCK_BRONZE
HIO,LATEST,balance_sheet,level,2.0,ACTUAL,VNSTOCK_BRONZE
HIO,LATEST,balance_sheet,off_balance,0.0,ACTUAL,VNSTOCK_BRONZE
HIO,LATEST,balance_sheet,value,0.0,ACTUAL,VNSTOCK_BRONZE
HIO,LATEST,balance_sheet,order,87.0,ACTUAL,VNSTOCK_BRONZE
HIO,LATEST,balance_sheet,level,2.0,ACTUAL,VNSTOCK_BRONZE
HIO,LATEST,balance_sheet,off_balance,0.0,ACTUAL,VNSTOCK_BRONZE
HIO,LATEST,balance_sheet,value,0.0,ACTUAL,VNSTOCK_BRONZE
HIO,LATEST,balance_sheet,order,88.0,ACTUAL,VNSTOCK_BRONZE
HIO,LATEST,balance_sheet,level,2.0,ACTUAL,VNSTOCK_BRONZE
HIO,LATEST,balance_sheet,off_balance,0.0,ACTUAL,VNSTOCK_BRONZE
HIO,LATEST,balance_sheet,value,0.0,ACTUAL,VNSTOCK_BRONZE
HIO,LATEST,balance_sheet,order,89.0,ACTUAL,VNSTOCK_BRONZE
HIO,LATEST,balance_sheet,level,2.0,ACTUAL,VNSTOCK_BRONZE
HIO,LATEST,balance_sheet,off_balance,0.0,ACTUAL,VNSTOCK_BRONZE
HIO,LATEST,balance_sheet,value,0.0,ACTUAL,VNSTOCK_BRONZE
HIO,LATEST,balance_sheet,order,90.0,ACTUAL,VNSTOCK_BRONZE
HIO,LATEST,balance_sheet,level,2.0,ACTUAL,VNSTOCK_BRONZE
HIO,LATEST,balance_sheet,off_balance,0.0,ACTUAL,VNSTOCK_BRONZE
HIO,LATEST,balance_sheet,value,0.0,ACTUAL,VNSTOCK_BRONZE
HIO,LATEST,balance_sheet,order,91.0,ACTUAL,VNSTOCK_BRONZE
HIO,LATEST,balance_sheet,level,2.0,ACTUAL,VNSTOCK_BRONZE
HIO,LATEST,balance_sheet,off_balance,0.0,ACTUAL,VNSTOCK_BRONZE
HIO,LATEST,balance_sheet,value,141824005058.0,ACTUAL,VNSTOCK_BRONZE
HIO,LATEST,balance_sheet,order,92.0,ACTUAL,VNSTOCK_BRONZE
HIO,LATEST,balance_sheet,level,2.0,ACTUAL,VNSTOCK_BRONZE
HIO,LATEST,balance_sheet,off_balance,0.0,ACTUAL,VNSTOCK_BRONZE
HIO,LATEST,balance_sheet,value,0.0,ACTUAL,VNSTOCK_BRONZE
HIO,LATEST,balance_sheet,order,93.0,ACTUAL,VNSTOCK_BRONZE
HIO,LATEST,balance_sheet,level,2.0,ACTUAL,VNSTOCK_BRONZE
HIO,LATEST,balance_sheet,off_balance,0.0,ACTUAL,VNSTOCK_BRONZE
HIO,LATEST,balance_sheet,value,169628768.0,ACTUAL,VNSTOCK_BRONZE
HIO,LATEST,balance_sheet,order,94.0,ACTUAL,VNSTOCK_BRONZE
HIO,LATEST,balance_sheet,level,2.0,ACTUAL,VNSTOCK_BRONZE
HIO,LATEST,balance_sheet,off_balance,0.0,ACTUAL,VNSTOCK_BRONZE
HIO,LATEST,balance_sheet,value,0.0,ACTUAL,VNSTOCK_BRONZE
HIO,LATEST,balance_sheet,order,95.0,ACTUAL,VNSTOCK_BRONZE
HIO,LATEST,balance_sheet,level,2.0,ACTUAL,VNSTOCK_BRONZE
HIO,LATEST,balance_sheet,off_balance,0.0,ACTUAL,VNSTOCK_BRONZE
HIO,LATEST,balance_sheet,value,0.0,ACTUAL,VNSTOCK_BRONZE
HIO,LATEST,balance_sheet,order,96.0,ACTUAL,VNSTOCK_BRONZE
HIO,LATEST,balance_sheet,level,1.0,ACTUAL,VNSTOCK_BRONZE
HIO,LATEST,balance_sheet,off_balance,0.0,ACTUAL,VNSTOCK_BRONZE
HIO,LATEST,balance_sheet,value,262499528800.0,ACTUAL,VNSTOCK_BRONZE
HIO,LATEST,balance_sheet,order,97.0,ACTUAL,VNSTOCK_BRONZE
HIO,LATEST,balance_sheet,level,1.0,ACTUAL,VNSTOCK_BRONZE
HIO,LATEST,balance_sheet,off_balance,0.0,ACTUAL,VNSTOCK_BRONZE
HIO,LATEST,balance_sheet,value,262499528800.0,ACTUAL,VNSTOCK_BRONZE
HIO,LATEST,balance_sheet,order,98.0,ACTUAL,VNSTOCK_BRONZE
HIO,LATEST,balance_sheet,level,2.0,ACTUAL,VNSTOCK_BRONZE
HIO,LATEST,balance_sheet,off_balance,0.0,ACTUAL,VNSTOCK_BRONZE
HIO,LATEST,balance_sheet,value,0.0,ACTUAL,VNSTOCK_BRONZE
HIO,LATEST,balance_sheet,order,99.0,ACTUAL,VNSTOCK_BRONZE
HIO,LATEST,balance_sheet,level,2.0,ACTUAL,VNSTOCK_BRONZE
HIO,LATEST,balance_sheet,off_balance,0.0,ACTUAL,VNSTOCK_BRONZE
HIO,LATEST,balance_sheet,value,0.0,ACTUAL,VNSTOCK_BRONZE
HIO,LATEST,balance_sheet,order,100.0,ACTUAL,VNSTOCK_BRONZE
HIO,LATEST,balance_sheet,level,2.0,ACTUAL,VNSTOCK_BRONZE
HIO,LATEST,balance_sheet,off_balance,0.0,ACTUAL,VNSTOCK_BRONZE
HIO,LATEST,balance_sheet,value,0.0,ACTUAL,VNSTOCK_BRONZE
HIO,LATEST,balance_sheet,order,101.0,ACTUAL,VNSTOCK_BRONZE
HIO,LATEST,balance_sheet,level,2.0,ACTUAL,VNSTOCK_BRONZE
HIO,LATEST,balance_sheet,off_balance,0.0,ACTUAL,VNSTOCK_BRONZE
HIO,LATEST,balance_sheet,value,0.0,ACTUAL,VNSTOCK_BRONZE
HIO,LATEST,balance_sheet,order,102.0,ACTUAL,VNSTOCK_BRONZE
HIO,LATEST,balance_sheet,level,2.0,ACTUAL,VNSTOCK_BRONZE
HIO,LATEST,balance_sheet,off_balance,0.0,ACTUAL,VNSTOCK_BRONZE
HIO,LATEST,balance_sheet,value,210000000000.0,ACTUAL,VNSTOCK_BRONZE
HIO,LATEST,balance_sheet,order,103.0,ACTUAL,VNSTOCK_BRONZE
HIO,LATEST,balance_sheet,level,3.0,ACTUAL,VNSTOCK_BRONZE
HIO,LATEST,balance_sheet,off_balance,0.0,ACTUAL,VNSTOCK_BRONZE
HIO,LATEST,balance_sheet,value,210000000000.0,ACTUAL,VNSTOCK_BRONZE
HIO,LATEST,balance_sheet,order,104.0,ACTUAL,VNSTOCK_BRONZE
HIO,LATEST,balance_sheet,level,2.0,ACTUAL,VNSTOCK_BRONZE
HIO,LATEST,balance_sheet,off_balance,0.0,ACTUAL,VNSTOCK_BRONZE
HIO,LATEST,balance_sheet,value,0.0,ACTUAL,VNSTOCK_BRONZE
HIO,LATEST,balance_sheet,order,105.0,ACTUAL,VNSTOCK_BRONZE
HIO,LATEST,balance_sheet,level,2.0,ACTUAL,VNSTOCK_BRONZE
HIO,LATEST,balance_sheet,off_balance,0.0,ACTUAL,VNSTOCK_BRONZE
HIO,LATEST,balance_sheet,value,0.0,ACTUAL,VNSTOCK_BRONZE
HIO,LATEST,balance_sheet,order,106.0,ACTUAL,VNSTOCK_BRONZE
HIO,LATEST,balance_sheet,level,2.0,ACTUAL,VNSTOCK_BRONZE
HIO,LATEST,balance_sheet,off_balance,0.0,ACTUAL,VNSTOCK_BRONZE
HIO,LATEST,balance_sheet,value,0.0,ACTUAL,VNSTOCK_BRONZE
HIO,LATEST,balance_sheet,order,107.0,ACTUAL,VNSTOCK_BRONZE
HIO,LATEST,balance_sheet,level,2.0,ACTUAL,VNSTOCK_BRONZE
HIO,LATEST,balance_sheet,off_balance,0.0,ACTUAL,VNSTOCK_BRONZE
HIO,LATEST,balance_sheet,value,0.0,ACTUAL,VNSTOCK_BRONZE
HIO,LATEST,balance_sheet,order,108.0,ACTUAL,VNSTOCK_BRONZE
HIO,LATEST,balance_sheet,level,2.0,ACTUAL,VNSTOCK_BRONZE
HIO,LATEST,balance_sheet,off_balance,0.0,ACTUAL,VNSTOCK_BRONZE
HIO,LATEST,balance_sheet,value,0.0,ACTUAL,VNSTOCK_BRONZE
HIO,LATEST,balance_sheet,order,109.0,ACTUAL,VNSTOCK_BRONZE
HIO,LATEST,balance_sheet,level,2.0,ACTUAL,VNSTOCK_BRONZE
HIO,LATEST,balance_sheet,off_balance,0.0,ACTUAL,VNSTOCK_BRONZE
HIO,LATEST,balance_sheet,value,0.0,ACTUAL,VNSTOCK_BRONZE
HIO,LATEST,balance_sheet,order,110.0,ACTUAL,VNSTOCK_BRONZE
HIO,LATEST,balance_sheet,level,2.0,ACTUAL,VNSTOCK_BRONZE
HIO,LATEST,balance_sheet,off_balance,0.0,ACTUAL,VNSTOCK_BRONZE
HIO,LATEST,balance_sheet,value,0.0,ACTUAL,VNSTOCK_BRONZE
HIO,LATEST,balance_sheet,order,111.0,ACTUAL,VNSTOCK_BRONZE
HIO,LATEST,balance_sheet,level,2.0,ACTUAL,VNSTOCK_BRONZE
HIO,LATEST,balance_sheet,off_balance,0.0,ACTUAL,VNSTOCK_BRONZE
HIO,LATEST,balance_sheet,value,8331664665.0,ACTUAL,VNSTOCK_BRONZE
HIO,LATEST,balance_sheet,order,112.0,ACTUAL,VNSTOCK_BRONZE
HIO,LATEST,balance_sheet,level,2.0,ACTUAL,VNSTOCK_BRONZE
HIO,LATEST,balance_sheet,off_balance,0.0,ACTUAL,VNSTOCK_BRONZE
HIO,LATEST,balance_sheet,value,44167864135.0,ACTUAL,VNSTOCK_BRONZE
HIO,LATEST,balance_sheet,order,113.0,ACTUAL,VNSTOCK_BRONZE
HIO,LATEST,balance_sheet,level,3.0,ACTUAL,VNSTOCK_BRONZE
HIO,LATEST,balance_sheet,off_balance,0.0,ACTUAL,VNSTOCK_BRONZE
HIO,LATEST,balance_sheet,value,33873365511.0,ACTUAL,VNSTOCK_BRONZE
HIO,LATEST,balance_sheet,order,114.0,ACTUAL,VNSTOCK_BRONZE
HIO,LATEST,balance_sheet,level,3.0,ACTUAL,VNSTOCK_BRONZE
HIO,LATEST,balance_sheet,off_balance,0.0,ACTUAL,VNSTOCK_BRONZE
HIO,LATEST,balance_sheet,value,10294498624.0,ACTUAL,VNSTOCK_BRONZE
HIO,LATEST,balance_sheet,order,115.0,ACTUAL,VNSTOCK_BRONZE
HIO,LATEST,balance_sheet,level,2.0,ACTUAL,VNSTOCK_BRONZE
HIO,LATEST,balance_sheet,off_balance,0.0,ACTUAL,VNSTOCK_BRONZE
HIO,LATEST,balance_sheet,value,0.0,ACTUAL,VNSTOCK_BRONZE
HIO,LATEST,balance_sheet,order,116.0,ACTUAL,VNSTOCK_BRONZE
HIO,LATEST,balance_sheet,level,1.0,ACTUAL,VNSTOCK_BRONZE
HIO,LATEST,balance_sheet,off_balance,0.0,ACTUAL,VNSTOCK_BRONZE
HIO,LATEST,balance_sheet,value,0.0,ACTUAL,VNSTOCK_BRONZE
HIO,LATEST,balance_sheet,order,117.0,ACTUAL,VNSTOCK_BRONZE
HIO,LATEST,balance_sheet,level,2.0,ACTUAL,VNSTOCK_BRONZE
HIO,LATEST,balance_sheet,off_balance,0.0,ACTUAL,VNSTOCK_BRONZE
HIO,LATEST,balance_sheet,value,0.0,ACTUAL,VNSTOCK_BRONZE
HIO,LATEST,balance_sheet,order,118.0,ACTUAL,VNSTOCK_BRONZE
HIO,LATEST,balance_sheet,level,1.0,ACTUAL,VNSTOCK_BRONZE
HIO,LATEST,balance_sheet,off_balance,0.0,ACTUAL,VNSTOCK_BRONZE
HIO,LATEST,balance_sheet,value,480984693889.0,ACTUAL,VNSTOCK_BRONZE
HIO,LATEST,balance_sheet,order,1.0,ACTUAL,VNSTOCK_BRONZE
HIO,LATEST,balance_sheet,level,1.0,ACTUAL,VNSTOCK_BRONZE
HIO,LATEST,balance_sheet,off_balance,0.0,ACTUAL,VNSTOCK_BRONZE
HIO,LATEST,balance_sheet,value,90667932149.0,ACTUAL,VNSTOCK_BRONZE
HIO,LATEST,balance_sheet,order,2.0,ACTUAL,VNSTOCK_BRONZE
HIO,LATEST,balance_sheet,level,1.0,ACTUAL,VNSTOCK_BRONZE
HIO,LATEST,balance_sheet,off_balance,0.0,ACTUAL,VNSTOCK_BRONZE
HIO,LATEST,balance_sheet,value,22297789404.0,ACTUAL,VNSTOCK_BRONZE
HIO,LATEST,balance_sheet,order,3.0,ACTUAL,VNSTOCK_BRONZE
HIO,LATEST,balance_sheet,level,2.0,ACTUAL,VNSTOCK_BRONZE
HIO,LATEST,balance_sheet,off_balance,0.0,ACTUAL,VNSTOCK_BRONZE
HIO,LATEST,balance_sheet,value,22297789404.0,ACTUAL,VNSTOCK_BRONZE
HIO,LATEST,balance_sheet,order,4.0,ACTUAL,VNSTOCK_BRONZE
HIO,LATEST,balance_sheet,level,2.0,ACTUAL,VNSTOCK_BRONZE
HIO,LATEST,balance_sheet,off_balance,0.0,ACTUAL,VNSTOCK_BRONZE
HIO,LATEST,balance_sheet,value,0.0,ACTUAL,VNSTOCK_BRONZE
HIO,LATEST,balance_sheet,order,5.0,ACTUAL,VNSTOCK_BRONZE
HIO,LATEST,balance_sheet,level,1.0,ACTUAL,VNSTOCK_BRONZE
HIO,LATEST,balance_sheet,off_balance,0.0,ACTUAL,VNSTOCK_BRONZE
HIO,LATEST,balance_sheet,value,0.0,ACTUAL,VNSTOCK_BRONZE
HIO,LATEST,balance_sheet,order,6.0,ACTUAL,VNSTOCK_BRONZE
HIO,LATEST,balance_sheet,level,2.0,ACTUAL,VNSTOCK_BRONZE
HIO,LATEST,balance_sheet,off_balance,0.0,ACTUAL,VNSTOCK_BRONZE
HIO,LATEST,balance_sheet,value,0.0,ACTUAL,VNSTOCK_BRONZE
HIO,LATEST,balance_sheet,order,7.0,ACTUAL,VNSTOCK_BRONZE
HIO,LATEST,balance_sheet,level,2.0,ACTUAL,VNSTOCK_BRONZE
HIO,LATEST,balance_sheet,off_balance,0.0,ACTUAL,VNSTOCK_BRONZE
HIO,LATEST,balance_sheet,value,0.0,ACTUAL,VNSTOCK_BRONZE
HIO,LATEST,balance_sheet,order,8.0,ACTUAL,VNSTOCK_BRONZE
HIO,LATEST,balance_sheet,level,2.0,ACTUAL,VNSTOCK_BRONZE
HIO,LATEST,balance_sheet,off_balance,0.0,ACTUAL,VNSTOCK_BRONZE
HIO,LATEST,balance_sheet,value,0.0,ACTUAL,VNSTOCK_BRONZE
HIO,LATEST,balance_sheet,order,9.0,ACTUAL,VNSTOCK_BRONZE
HIO,LATEST,balance_sheet,level,1.0,ACTUAL,VNSTOCK_BRONZE
HIO,LATEST,balance_sheet,off_balance,0.0,ACTUAL,VNSTOCK_BRONZE
HIO,LATEST,balance_sheet,value,52009373191.0,ACTUAL,VNSTOCK_BRONZE
HIO,LATEST,balance_sheet,order,10.0,ACTUAL,VNSTOCK_BRONZE
HIO,LATEST,balance_sheet,level,2.0,ACTUAL,VNSTOCK_BRONZE
HIO,LATEST,balance_sheet,off_balance,0.0,ACTUAL,VNSTOCK_BRONZE
HIO,LATEST,balance_sheet,value,26617964268.0,ACTUAL,VNSTOCK_BRONZE
HIO,LATEST,balance_sheet,order,11.0,ACTUAL,VNSTOCK_BRONZE
HIO,LATEST,balance_sheet,level,2.0,ACTUAL,VNSTOCK_BRONZE
HIO,LATEST,balance_sheet,off_balance,0.0,ACTUAL,VNSTOCK_BRONZE
HIO,LATEST,balance_sheet,value,11161594074.0,ACTUAL,VNSTOCK_BRONZE
HIO,LATEST,balance_sheet,order,12.0,ACTUAL,VNSTOCK_BRONZE
HIO,LATEST,balance_sheet,level,2.0,ACTUAL,VNSTOCK_BRONZE
HIO,LATEST,balance_sheet,off_balance,0.0,ACTUAL,VNSTOCK_BRONZE
HIO,LATEST,balance_sheet,value,0.0,ACTUAL,VNSTOCK_BRONZE
HIO,LATEST,balance_sheet,order,13.0,ACTUAL,VNSTOCK_BRONZE
HIO,LATEST,balance_sheet,level,2.0,ACTUAL,VNSTOCK_BRONZE
HIO,LATEST,balance_sheet,off_balance,0.0,ACTUAL,VNSTOCK_BRONZE
HIO,LATEST,balance_sheet,value,0.0,ACTUAL,VNSTOCK_BRONZE
HIO,LATEST,balance_sheet,order,14.0,ACTUAL,VNSTOCK_BRONZE
HIO,LATEST,balance_sheet,level,2.0,ACTUAL,VNSTOCK_BRONZE
HIO,LATEST,balance_sheet,off_balance,0.0,ACTUAL,VNSTOCK_BRONZE
HIO,LATEST,balance_sheet,value,0.0,ACTUAL,VNSTOCK_BRONZE
HIO,LATEST,balance_sheet,order,15.0,ACTUAL,VNSTOCK_BRONZE
HIO,LATEST,balance_sheet,level,2.0,ACTUAL,VNSTOCK_BRONZE
HIO,LATEST,balance_sheet,off_balance,0.0,ACTUAL,VNSTOCK_BRONZE
HIO,LATEST,balance_sheet,value,14229814849.0,ACTUAL,VNSTOCK_BRONZE
HIO,LATEST,balance_sheet,order,16.0,ACTUAL,VNSTOCK_BRONZE
HIO,LATEST,balance_sheet,level,2.0,ACTUAL,VNSTOCK_BRONZE
HIO,LATEST,balance_sheet,off_balance,0.0,ACTUAL,VNSTOCK_BRONZE
HIO,LATEST,balance_sheet,value,0.0,ACTUAL,VNSTOCK_BRONZE
HIO,LATEST,balance_sheet,order,17.0,ACTUAL,VNSTOCK_BRONZE
HIO,LATEST,balance_sheet,level,2.0,ACTUAL,VNSTOCK_BRONZE
HIO,LATEST,balance_sheet,off_balance,0.0,ACTUAL,VNSTOCK_BRONZE
HIO,LATEST,balance_sheet,value,0.0,ACTUAL,VNSTOCK_BRONZE
HIO,LATEST,balance_sheet,order,18.0,ACTUAL,VNSTOCK_BRONZE
HIO,LATEST,balance_sheet,level,1.0,ACTUAL,VNSTOCK_BRONZE
HIO,LATEST,balance_sheet,off_balance,0.0,ACTUAL,VNSTOCK_BRONZE
HIO,LATEST,balance_sheet,value,152467088.0,ACTUAL,VNSTOCK_BRONZE
HIO,LATEST,balance_sheet,order,19.0,ACTUAL,VNSTOCK_BRONZE
HIO,LATEST,balance_sheet,level,2.0,ACTUAL,VNSTOCK_BRONZE
HIO,LATEST,balance_sheet,off_balance,0.0,ACTUAL,VNSTOCK_BRONZE
HIO,LATEST,balance_sheet,value,152467088.0,ACTUAL,VNSTOCK_BRONZE
HIO,LATEST,balance_sheet,order,20.0,ACTUAL,VNSTOCK_BRONZE
HIO,LATEST,balance_sheet,level,2.0,ACTUAL,VNSTOCK_BRONZE
HIO,LATEST,balance_sheet,off_balance,0.0,ACTUAL,VNSTOCK_BRONZE
HIO,LATEST,balance_sheet,value,0.0,ACTUAL,VNSTOCK_BRONZE
HIO,LATEST,balance_sheet,order,21.0,ACTUAL,VNSTOCK_BRONZE
HIO,LATEST,balance_sheet,level,1.0,ACTUAL,VNSTOCK_BRONZE
HIO,LATEST,balance_sheet,off_balance,0.0,ACTUAL,VNSTOCK_BRONZE
HIO,LATEST,balance_sheet,value,16208302466.0,ACTUAL,VNSTOCK_BRONZE
HIO,LATEST,balance_sheet,order,22.0,ACTUAL,VNSTOCK_BRONZE
HIO,LATEST,balance_sheet,level,2.0,ACTUAL,VNSTOCK_BRONZE
HIO,LATEST,balance_sheet,off_balance,0.0,ACTUAL,VNSTOCK_BRONZE
HIO,LATEST,balance_sheet,value,2374621787.0,ACTUAL,VNSTOCK_BRONZE
HIO,LATEST,balance_sheet,order,23.0,ACTUAL,VNSTOCK_BRONZE
HIO,LATEST,balance_sheet,level,2.0,ACTUAL,VNSTOCK_BRONZE
HIO,LATEST,balance_sheet,off_balance,0.0,ACTUAL,VNSTOCK_BRONZE
HIO,LATEST,balance_sheet,value,13833680679.0,ACTUAL,VNSTOCK_BRONZE
HIO,LATEST,balance_sheet,order,24.0,ACTUAL,VNSTOCK_BRONZE
HIO,LATEST,balance_sheet,level,2.0,ACTUAL,VNSTOCK_BRONZE
HIO,LATEST,balance_sheet,off_balance,0.0,ACTUAL,VNSTOCK_BRONZE
HIO,LATEST,balance_sheet,value,0.0,ACTUAL,VNSTOCK_BRONZE
HIO,LATEST,balance_sheet,order,25.0,ACTUAL,VNSTOCK_BRONZE
HIO,LATEST,balance_sheet,level,2.0,ACTUAL,VNSTOCK_BRONZE
HIO,LATEST,balance_sheet,off_balance,0.0,ACTUAL,VNSTOCK_BRONZE
HIO,LATEST,balance_sheet,value,0.0,ACTUAL,VNSTOCK_BRONZE
HIO,LATEST,balance_sheet,order,26.0,ACTUAL,VNSTOCK_BRONZE
HIO,LATEST,balance_sheet,level,1.0,ACTUAL,VNSTOCK_BRONZE
HIO,LATEST,balance_sheet,off_balance,0.0,ACTUAL,VNSTOCK_BRONZE
HIO,LATEST,balance_sheet,value,402524419059.0,ACTUAL,VNSTOCK_BRONZE
HIO,LATEST,balance_sheet,order,27.0,ACTUAL,VNSTOCK_BRONZE
HIO,LATEST,balance_sheet,level,1.0,ACTUAL,VNSTOCK_BRONZE
HIO,LATEST,balance_sheet,off_balance,0.0,ACTUAL,VNSTOCK_BRONZE
HIO,LATEST,balance_sheet,value,11482800000.0,ACTUAL,VNSTOCK_BRONZE
HIO,LATEST,balance_sheet,order,28.0,ACTUAL,VNSTOCK_BRONZE
HIO,LATEST,balance_sheet,level,2.0,ACTUAL,VNSTOCK_BRONZE
HIO,LATEST,balance_sheet,off_balance,0.0,ACTUAL,VNSTOCK_BRONZE
HIO,LATEST,balance_sheet,value,0.0,ACTUAL,VNSTOCK_BRONZE
HIO,LATEST,balance_sheet,order,29.0,ACTUAL,VNSTOCK_BRONZE
HIO,LATEST,balance_sheet,level,2.0,ACTUAL,VNSTOCK_BRONZE
HIO,LATEST,balance_sheet,off_balance,0.0,ACTUAL,VNSTOCK_BRONZE
HIO,LATEST,balance_sheet,value,0.0,ACTUAL,VNSTOCK_BRONZE
HIO,LATEST,balance_sheet,order,30.0,ACTUAL,VNSTOCK_BRONZE
HIO,LATEST,balance_sheet,level,2.0,ACTUAL,VNSTOCK_BRONZE
HIO,LATEST,balance_sheet,off_balance,0.0,ACTUAL,VNSTOCK_BRONZE
HIO,LATEST,balance_sheet,value,0.0,ACTUAL,VNSTOCK_BRONZE
HIO,LATEST,balance_sheet,order,31.0,ACTUAL,VNSTOCK_BRONZE
HIO,LATEST,balance_sheet,level,2.0,ACTUAL,VNSTOCK_BRONZE
HIO,LATEST,balance_sheet,off_balance,0.0,ACTUAL,VNSTOCK_BRONZE
HIO,LATEST,balance_sheet,value,0.0,ACTUAL,VNSTOCK_BRONZE
HIO,LATEST,balance_sheet,order,32.0,ACTUAL,VNSTOCK_BRONZE
HIO,LATEST,balance_sheet,level,2.0,ACTUAL,VNSTOCK_BRONZE
HIO,LATEST,balance_sheet,off_balance,0.0,ACTUAL,VNSTOCK_BRONZE
HIO,LATEST,balance_sheet,value,11482800000.0,ACTUAL,VNSTOCK_BRONZE
HIO,LATEST,balance_sheet,order,33.0,ACTUAL,VNSTOCK_BRONZE
HIO,LATEST,balance_sheet,level,2.0,ACTUAL,VNSTOCK_BRONZE
HIO,LATEST,balance_sheet,off_balance,0.0,ACTUAL,VNSTOCK_BRONZE
HIO,LATEST,balance_sheet,value,-0.0,ACTUAL,VNSTOCK_BRONZE
HIO,LATEST,balance_sheet,order,34.0,ACTUAL,VNSTOCK_BRONZE
HIO,LATEST,balance_sheet,level,1.0,ACTUAL,VNSTOCK_BRONZE
HIO,LATEST,balance_sheet,off_balance,0.0,ACTUAL,VNSTOCK_BRONZE
HIO,LATEST,balance_sheet,value,328487071767.0,ACTUAL,VNSTOCK_BRONZE
HIO,LATEST,balance_sheet,order,35.0,ACTUAL,VNSTOCK_BRONZE
HIO,LATEST,balance_sheet,level,2.0,ACTUAL,VNSTOCK_BRONZE
HIO,LATEST,balance_sheet,off_balance,0.0,ACTUAL,VNSTOCK_BRONZE
HIO,LATEST,balance_sheet,value,328487071767.0,ACTUAL,VNSTOCK_BRONZE
HIO,LATEST,balance_sheet,order,36.0,ACTUAL,VNSTOCK_BRONZE
HIO,LATEST,balance_sheet,level,3.0,ACTUAL,VNSTOCK_BRONZE
HIO,LATEST,balance_sheet,off_balance,0.0,ACTUAL,VNSTOCK_BRONZE
HIO,LATEST,balance_sheet,value,493147313989.0,ACTUAL,VNSTOCK_BRONZE
HIO,LATEST,balance_sheet,order,37.0,ACTUAL,VNSTOCK_BRONZE
HIO,LATEST,balance_sheet,level,3.0,ACTUAL,VNSTOCK_BRONZE
HIO,LATEST,balance_sheet,off_balance,0.0,ACTUAL,VNSTOCK_BRONZE
HIO,LATEST,balance_sheet,value,-164660242222.0,ACTUAL,VNSTOCK_BRONZE
HIO,LATEST,balance_sheet,order,38.0,ACTUAL,VNSTOCK_BRONZE
HIO,LATEST,balance_sheet,level,2.0,ACTUAL,VNSTOCK_BRONZE
HIO,LATEST,balance_sheet,off_balance,0.0,ACTUAL,VNSTOCK_BRONZE
HIO,LATEST,balance_sheet,value,0.0,ACTUAL,VNSTOCK_BRONZE
HIO,LATEST,balance_sheet,order,39.0,ACTUAL,VNSTOCK_BRONZE
HIO,LATEST,balance_sheet,level,3.0,ACTUAL,VNSTOCK_BRONZE
HIO,LATEST,balance_sheet,off_balance,0.0,ACTUAL,VNSTOCK_BRONZE
HIO,LATEST,balance_sheet,value,0.0,ACTUAL,VNSTOCK_BRONZE
HIO,LATEST,balance_sheet,order,40.0,ACTUAL,VNSTOCK_BRONZE
HIO,LATEST,balance_sheet,level,3.0,ACTUAL,VNSTOCK_BRONZE
HIO,LATEST,balance_sheet,off_balance,0.0,ACTUAL,VNSTOCK_BRONZE
HIO,LATEST,balance_sheet,value,-0.0,ACTUAL,VNSTOCK_BRONZE
HIO,LATEST,balance_sheet,order,41.0,ACTUAL,VNSTOCK_BRONZE
HIO,LATEST,balance_sheet,level,2.0,ACTUAL,VNSTOCK_BRONZE
HIO,LATEST,balance_sheet,off_balance,0.0,ACTUAL,VNSTOCK_BRONZE
HIO,LATEST,balance_sheet,value,0.0,ACTUAL,VNSTOCK_BRONZE
HIO,LATEST,balance_sheet,order,42.0,ACTUAL,VNSTOCK_BRONZE
HIO,LATEST,balance_sheet,level,3.0,ACTUAL,VNSTOCK_BRONZE
HIO,LATEST,balance_sheet,off_balance,0.0,ACTUAL,VNSTOCK_BRONZE
HIO,LATEST,balance_sheet,value,0.0,ACTUAL,VNSTOCK_BRONZE
HIO,LATEST,balance_sheet,order,43.0,ACTUAL,VNSTOCK_BRONZE
HIO,LATEST,balance_sheet,level,3.0,ACTUAL,VNSTOCK_BRONZE
HIO,LATEST,balance_sheet,off_balance,0.0,ACTUAL,VNSTOCK_BRONZE
HIO,LATEST,balance_sheet,value,-0.0,ACTUAL,VNSTOCK_BRONZE
HIO,LATEST,balance_sheet,order,44.0,ACTUAL,VNSTOCK_BRONZE
HIO,LATEST,balance_sheet,level,1.0,ACTUAL,VNSTOCK_BRONZE
HIO,LATEST,balance_sheet,off_balance,0.0,ACTUAL,VNSTOCK_BRONZE
HIO,LATEST,balance_sheet,value,25550128591.0,ACTUAL,VNSTOCK_BRONZE
HIO,LATEST,balance_sheet,order,45.0,ACTUAL,VNSTOCK_BRONZE
HIO,LATEST,balance_sheet,level,2.0,ACTUAL,VNSTOCK_BRONZE
HIO,LATEST,balance_sheet,off_balance,0.0,ACTUAL,VNSTOCK_BRONZE
HIO,LATEST,balance_sheet,value,35093712424.0,ACTUAL,VNSTOCK_BRONZE
HIO,LATEST,balance_sheet,order,46.0,ACTUAL,VNSTOCK_BRONZE
HIO,LATEST,balance_sheet,level,2.0,ACTUAL,VNSTOCK_BRONZE
HIO,LATEST,balance_sheet,off_balance,0.0,ACTUAL,VNSTOCK_BRONZE
HIO,LATEST,balance_sheet,value,-9543583833.0,ACTUAL,VNSTOCK_BRONZE
HIO,LATEST,balance_sheet,order,47.0,ACTUAL,VNSTOCK_BRONZE
HIO,LATEST,balance_sheet,level,1.0,ACTUAL,VNSTOCK_BRONZE
HIO,LATEST,balance_sheet,off_balance,0.0,ACTUAL,VNSTOCK_BRONZE
HIO,LATEST,balance_sheet,value,0.0,ACTUAL,VNSTOCK_BRONZE
HIO,LATEST,balance_sheet,order,48.0,ACTUAL,VNSTOCK_BRONZE
HIO,LATEST,balance_sheet,level,2.0,ACTUAL,VNSTOCK_BRONZE
HIO,LATEST,balance_sheet,off_balance,0.0,ACTUAL,VNSTOCK_BRONZE
HIO,LATEST,balance_sheet,value,0.0,ACTUAL,VNSTOCK_BRONZE
HIO,LATEST,balance_sheet,order,49.0,ACTUAL,VNSTOCK_BRONZE
HIO,LATEST,balance_sheet,level,2.0,ACTUAL,VNSTOCK_BRONZE
HIO,LATEST,balance_sheet,off_balance,0.0,ACTUAL,VNSTOCK_BRONZE
HIO,LATEST,balance_sheet,value,0.0,ACTUAL,VNSTOCK_BRONZE
HIO,LATEST,balance_sheet,order,50.0,ACTUAL,VNSTOCK_BRONZE
HIO,LATEST,balance_sheet,level,1.0,ACTUAL,VNSTOCK_BRONZE
HIO,LATEST,balance_sheet,off_balance,0.0,ACTUAL,VNSTOCK_BRONZE
HIO,LATEST,balance_sheet,value,20213895380.0,ACTUAL,VNSTOCK_BRONZE
HIO,LATEST,balance_sheet,order,51.0,ACTUAL,VNSTOCK_BRONZE
HIO,LATEST,balance_sheet,level,2.0,ACTUAL,VNSTOCK_BRONZE
HIO,LATEST,balance_sheet,off_balance,0.0,ACTUAL,VNSTOCK_BRONZE
HIO,LATEST,balance_sheet,value,0.0,ACTUAL,VNSTOCK_BRONZE
HIO,LATEST,balance_sheet,order,52.0,ACTUAL,VNSTOCK_BRONZE
HIO,LATEST,balance_sheet,level,2.0,ACTUAL,VNSTOCK_BRONZE
HIO,LATEST,balance_sheet,off_balance,0.0,ACTUAL,VNSTOCK_BRONZE
HIO,LATEST,balance_sheet,value,20213895380.0,ACTUAL,VNSTOCK_BRONZE
HIO,LATEST,balance_sheet,order,53.0,ACTUAL,VNSTOCK_BRONZE
HIO,LATEST,balance_sheet,level,2.0,ACTUAL,VNSTOCK_BRONZE
HIO,LATEST,balance_sheet,off_balance,0.0,ACTUAL,VNSTOCK_BRONZE
HIO,LATEST,balance_sheet,value,0.0,ACTUAL,VNSTOCK_BRONZE
HIO,LATEST,balance_sheet,order,54.0,ACTUAL,VNSTOCK_BRONZE
HIO,LATEST,balance_sheet,level,2.0,ACTUAL,VNSTOCK_BRONZE
HIO,LATEST,balance_sheet,off_balance,0.0,ACTUAL,VNSTOCK_BRONZE
HIO,LATEST,balance_sheet,value,0.0,ACTUAL,VNSTOCK_BRONZE
HIO,LATEST,balance_sheet,order,55.0,ACTUAL,VNSTOCK_BRONZE
HIO,LATEST,balance_sheet,level,2.0,ACTUAL,VNSTOCK_BRONZE
HIO,LATEST,balance_sheet,off_balance,0.0,ACTUAL,VNSTOCK_BRONZE
HIO,LATEST,balance_sheet,value,0.0,ACTUAL,VNSTOCK_BRONZE
HIO,LATEST,balance_sheet,order,56.0,ACTUAL,VNSTOCK_BRONZE
HIO,LATEST,balance_sheet,level,1.0,ACTUAL,VNSTOCK_BRONZE
HIO,LATEST,balance_sheet,off_balance,0.0,ACTUAL,VNSTOCK_BRONZE
HIO,LATEST,balance_sheet,value,16790523321.0,ACTUAL,VNSTOCK_BRONZE
HIO,LATEST,balance_sheet,order,57.0,ACTUAL,VNSTOCK_BRONZE
HIO,LATEST,balance_sheet,level,2.0,ACTUAL,VNSTOCK_BRONZE
HIO,LATEST,balance_sheet,off_balance,0.0,ACTUAL,VNSTOCK_BRONZE
HIO,LATEST,balance_sheet,value,0.0,ACTUAL,VNSTOCK_BRONZE
HIO,LATEST,balance_sheet,order,58.0,ACTUAL,VNSTOCK_BRONZE
HIO,LATEST,balance_sheet,level,2.0,ACTUAL,VNSTOCK_BRONZE
HIO,LATEST,balance_sheet,off_balance,0.0,ACTUAL,VNSTOCK_BRONZE
HIO,LATEST,balance_sheet,value,12509810612.0,ACTUAL,VNSTOCK_BRONZE
HIO,LATEST,balance_sheet,order,59.0,ACTUAL,VNSTOCK_BRONZE
HIO,LATEST,balance_sheet,level,2.0,ACTUAL,VNSTOCK_BRONZE
HIO,LATEST,balance_sheet,off_balance,0.0,ACTUAL,VNSTOCK_BRONZE
HIO,LATEST,balance_sheet,value,2154509108.0,ACTUAL,VNSTOCK_BRONZE
HIO,LATEST,balance_sheet,order,60.0,ACTUAL,VNSTOCK_BRONZE
HIO,LATEST,balance_sheet,level,2.0,ACTUAL,VNSTOCK_BRONZE
HIO,LATEST,balance_sheet,off_balance,0.0,ACTUAL,VNSTOCK_BRONZE
HIO,LATEST,balance_sheet,value,0.0,ACTUAL,VNSTOCK_BRONZE
HIO,LATEST,balance_sheet,order,61.0,ACTUAL,VNSTOCK_BRONZE
HIO,LATEST,balance_sheet,level,2.0,ACTUAL,VNSTOCK_BRONZE
HIO,LATEST,balance_sheet,off_balance,0.0,ACTUAL,VNSTOCK_BRONZE
HIO,LATEST,balance_sheet,value,0.0,ACTUAL,VNSTOCK_BRONZE
HIO,LATEST,balance_sheet,order,62.0,ACTUAL,VNSTOCK_BRONZE
HIO,LATEST,balance_sheet,level,2.0,ACTUAL,VNSTOCK_BRONZE
HIO,LATEST,balance_sheet,off_balance,0.0,ACTUAL,VNSTOCK_BRONZE
HIO,LATEST,balance_sheet,value,2126203601.0,ACTUAL,VNSTOCK_BRONZE
HIO,LATEST,balance_sheet,order,63.0,ACTUAL,VNSTOCK_BRONZE
HIO,LATEST,balance_sheet,level,1.0,ACTUAL,VNSTOCK_BRONZE
HIO,LATEST,balance_sheet,off_balance,0.0,ACTUAL,VNSTOCK_BRONZE
HIO,LATEST,balance_sheet,value,493192351208.0,ACTUAL,VNSTOCK_BRONZE
HIO,LATEST,balance_sheet,order,64.0,ACTUAL,VNSTOCK_BRONZE
HIO,LATEST,balance_sheet,level,1.0,ACTUAL,VNSTOCK_BRONZE
HIO,LATEST,balance_sheet,off_balance,0.0,ACTUAL,VNSTOCK_BRONZE
HIO,LATEST,balance_sheet,value,235540456938.0,ACTUAL,VNSTOCK_BRONZE
HIO,LATEST,balance_sheet,order,65.0,ACTUAL,VNSTOCK_BRONZE
HIO,LATEST,balance_sheet,level,1.0,ACTUAL,VNSTOCK_BRONZE
HIO,LATEST,balance_sheet,off_balance,0.0,ACTUAL,VNSTOCK_BRONZE
HIO,LATEST,balance_sheet,value,76759283319.0,ACTUAL,VNSTOCK_BRONZE
HIO,LATEST,balance_sheet,order,66.0,ACTUAL,VNSTOCK_BRONZE
HIO,LATEST,balance_sheet,level,2.0,ACTUAL,VNSTOCK_BRONZE
HIO,LATEST,balance_sheet,off_balance,0.0,ACTUAL,VNSTOCK_BRONZE
HIO,LATEST,balance_sheet,value,0.0,ACTUAL,VNSTOCK_BRONZE
HIO,LATEST,balance_sheet,order,67.0,ACTUAL,VNSTOCK_BRONZE
HIO,LATEST,balance_sheet,level,2.0,ACTUAL,VNSTOCK_BRONZE
HIO,LATEST,balance_sheet,off_balance,0.0,ACTUAL,VNSTOCK_BRONZE
HIO,LATEST,balance_sheet,value,0.0,ACTUAL,VNSTOCK_BRONZE
HIO,LATEST,balance_sheet,order,68.0,ACTUAL,VNSTOCK_BRONZE
HIO,LATEST,balance_sheet,level,2.0,ACTUAL,VNSTOCK_BRONZE
HIO,LATEST,balance_sheet,off_balance,0.0,ACTUAL,VNSTOCK_BRONZE
HIO,LATEST,balance_sheet,value,0.0,ACTUAL,VNSTOCK_BRONZE
HIO,LATEST,balance_sheet,order,69.0,ACTUAL,VNSTOCK_BRONZE
HIO,LATEST,balance_sheet,level,2.0,ACTUAL,VNSTOCK_BRONZE
HIO,LATEST,balance_sheet,off_balance,0.0,ACTUAL,VNSTOCK_BRONZE
HIO,LATEST,balance_sheet,value,2134754125.0,ACTUAL,VNSTOCK_BRONZE
HIO,LATEST,balance_sheet,order,70.0,ACTUAL,VNSTOCK_BRONZE
HIO,LATEST,balance_sheet,level,2.0,ACTUAL,VNSTOCK_BRONZE
HIO,LATEST,balance_sheet,off_balance,0.0,ACTUAL,VNSTOCK_BRONZE
HIO,LATEST,balance_sheet,value,0.0,ACTUAL,VNSTOCK_BRONZE
HIO,LATEST,balance_sheet,order,71.0,ACTUAL,VNSTOCK_BRONZE
HIO,LATEST,balance_sheet,level,2.0,ACTUAL,VNSTOCK_BRONZE
HIO,LATEST,balance_sheet,off_balance,0.0,ACTUAL,VNSTOCK_BRONZE
HIO,LATEST,balance_sheet,value,4419231004.0,ACTUAL,VNSTOCK_BRONZE
HIO,LATEST,balance_sheet,order,72.0,ACTUAL,VNSTOCK_BRONZE
HIO,LATEST,balance_sheet,level,2.0,ACTUAL,VNSTOCK_BRONZE
HIO,LATEST,balance_sheet,off_balance,0.0,ACTUAL,VNSTOCK_BRONZE
HIO,LATEST,balance_sheet,value,93000000.0,ACTUAL,VNSTOCK_BRONZE
HIO,LATEST,balance_sheet,order,73.0,ACTUAL,VNSTOCK_BRONZE
HIO,LATEST,balance_sheet,level,2.0,ACTUAL,VNSTOCK_BRONZE
HIO,LATEST,balance_sheet,off_balance,0.0,ACTUAL,VNSTOCK_BRONZE
HIO,LATEST,balance_sheet,value,3402841858.0,ACTUAL,VNSTOCK_BRONZE
HIO,LATEST,balance_sheet,order,74.0,ACTUAL,VNSTOCK_BRONZE
HIO,LATEST,balance_sheet,level,2.0,ACTUAL,VNSTOCK_BRONZE
HIO,LATEST,balance_sheet,off_balance,0.0,ACTUAL,VNSTOCK_BRONZE
HIO,LATEST,balance_sheet,value,0.0,ACTUAL,VNSTOCK_BRONZE
HIO,LATEST,balance_sheet,order,75.0,ACTUAL,VNSTOCK_BRONZE
HIO,LATEST,balance_sheet,level,2.0,ACTUAL,VNSTOCK_BRONZE
HIO,LATEST,balance_sheet,off_balance,0.0,ACTUAL,VNSTOCK_BRONZE
HIO,LATEST,balance_sheet,value,32912625.0,ACTUAL,VNSTOCK_BRONZE
HIO,LATEST,balance_sheet,order,76.0,ACTUAL,VNSTOCK_BRONZE
HIO,LATEST,balance_sheet,level,2.0,ACTUAL,VNSTOCK_BRONZE
HIO,LATEST,balance_sheet,off_balance,0.0,ACTUAL,VNSTOCK_BRONZE
HIO,LATEST,balance_sheet,value,0.0,ACTUAL,VNSTOCK_BRONZE
HIO,LATEST,balance_sheet,order,77.0,ACTUAL,VNSTOCK_BRONZE
HIO,LATEST,balance_sheet,level,2.0,ACTUAL,VNSTOCK_BRONZE
HIO,LATEST,balance_sheet,off_balance,0.0,ACTUAL,VNSTOCK_BRONZE
HIO,LATEST,balance_sheet,value,66441600000.0,ACTUAL,VNSTOCK_BRONZE
HIO,LATEST,balance_sheet,order,78.0,ACTUAL,VNSTOCK_BRONZE
HIO,LATEST,balance_sheet,level,2.0,ACTUAL,VNSTOCK_BRONZE
HIO,LATEST,balance_sheet,off_balance,0.0,ACTUAL,VNSTOCK_BRONZE
HIO,LATEST,balance_sheet,value,0.0,ACTUAL,VNSTOCK_BRONZE
HIO,LATEST,balance_sheet,order,79.0,ACTUAL,VNSTOCK_BRONZE
HIO,LATEST,balance_sheet,level,2.0,ACTUAL,VNSTOCK_BRONZE
HIO,LATEST,balance_sheet,off_balance,0.0,ACTUAL,VNSTOCK_BRONZE
HIO,LATEST,balance_sheet,value,234943707.0,ACTUAL,VNSTOCK_BRONZE
HIO,LATEST,balance_sheet,order,80.0,ACTUAL,VNSTOCK_BRONZE
HIO,LATEST,balance_sheet,level,2.0,ACTUAL,VNSTOCK_BRONZE
HIO,LATEST,balance_sheet,off_balance,0.0,ACTUAL,VNSTOCK_BRONZE
HIO,LATEST,balance_sheet,value,0.0,ACTUAL,VNSTOCK_BRONZE
HIO,LATEST,balance_sheet,order,81.0,ACTUAL,VNSTOCK_BRONZE
HIO,LATEST,balance_sheet,level,2.0,ACTUAL,VNSTOCK_BRONZE
HIO,LATEST,balance_sheet,off_balance,0.0,ACTUAL,VNSTOCK_BRONZE
HIO,LATEST,balance_sheet,value,0.0,ACTUAL,VNSTOCK_BRONZE
HIO,LATEST,balance_sheet,order,82.0,ACTUAL,VNSTOCK_BRONZE
HIO,LATEST,balance_sheet,level,1.0,ACTUAL,VNSTOCK_BRONZE
HIO,LATEST,balance_sheet,off_balance,0.0,ACTUAL,VNSTOCK_BRONZE
HIO,LATEST,balance_sheet,value,158781173619.0,ACTUAL,VNSTOCK_BRONZE
HIO,LATEST,balance_sheet,order,83.0,ACTUAL,VNSTOCK_BRONZE
HIO,LATEST,balance_sheet,level,2.0,ACTUAL,VNSTOCK_BRONZE
HIO,LATEST,balance_sheet,off_balance,0.0,ACTUAL,VNSTOCK_BRONZE
HIO,LATEST,balance_sheet,value,0.0,ACTUAL,VNSTOCK_BRONZE
HIO,LATEST,balance_sheet,order,84.0,ACTUAL,VNSTOCK_BRONZE
HIO,LATEST,balance_sheet,level,2.0,ACTUAL,VNSTOCK_BRONZE
HIO,LATEST,balance_sheet,off_balance,0.0,ACTUAL,VNSTOCK_BRONZE
HIO,LATEST,balance_sheet,order,85.0,ACTUAL,VNSTOCK_BRONZE
HIO,LATEST,balance_sheet,level,2.0,ACTUAL,VNSTOCK_BRONZE
HIO,LATEST,balance_sheet,off_balance,0.0,ACTUAL,VNSTOCK_BRONZE
HIO,LATEST,balance_sheet,value,0.0,ACTUAL,VNSTOCK_BRONZE
HIO,LATEST,balance_sheet,order,86.0,ACTUAL,VNSTOCK_BRONZE
HIO,LATEST,balance_sheet,level,2.0,ACTUAL,VNSTOCK_BRONZE
HIO,LATEST,balance_sheet,off_balance,0.0,ACTUAL,VNSTOCK_BRONZE
HIO,LATEST,balance_sheet,value,0.0,ACTUAL,VNSTOCK_BRONZE
HIO,LATEST,balance_sheet,order,87.0,ACTUAL,VNSTOCK_BRONZE
HIO,LATEST,balance_sheet,level,2.0,ACTUAL,VNSTOCK_BRONZE
HIO,LATEST,balance_sheet,off_balance,0.0,ACTUAL,VNSTOCK_BRONZE
HIO,LATEST,balance_sheet,value,0.0,ACTUAL,VNSTOCK_BRONZE
HIO,LATEST,balance_sheet,order,88.0,ACTUAL,VNSTOCK_BRONZE
HIO,LATEST,balance_sheet,level,2.0,ACTUAL,VNSTOCK_BRONZE
HIO,LATEST,balance_sheet,off_balance,0.0,ACTUAL,VNSTOCK_BRONZE
HIO,LATEST,balance_sheet,value,0.0,ACTUAL,VNSTOCK_BRONZE
HIO,LATEST,balance_sheet,order,89.0,ACTUAL,VNSTOCK_BRONZE
HIO,LATEST,balance_sheet,level,2.0,ACTUAL,VNSTOCK_BRONZE
HIO,LATEST,balance_sheet,off_balance,0.0,ACTUAL,VNSTOCK_BRONZE
HIO,LATEST,balance_sheet,value,0.0,ACTUAL,VNSTOCK_BRONZE
HIO,LATEST,balance_sheet,order,90.0,ACTUAL,VNSTOCK_BRONZE
HIO,LATEST,balance_sheet,level,2.0,ACTUAL,VNSTOCK_BRONZE
HIO,LATEST,balance_sheet,off_balance,0.0,ACTUAL,VNSTOCK_BRONZE
HIO,LATEST,balance_sheet,value,0.0,ACTUAL,VNSTOCK_BRONZE
HIO,LATEST,balance_sheet,order,91.0,ACTUAL,VNSTOCK_BRONZE
HIO,LATEST,balance_sheet,level,2.0,ACTUAL,VNSTOCK_BRONZE
HIO,LATEST,balance_sheet,off_balance,0.0,ACTUAL,VNSTOCK_BRONZE
HIO,LATEST,balance_sheet,value,158554405058.0,ACTUAL,VNSTOCK_BRONZE
HIO,LATEST,balance_sheet,order,92.0,ACTUAL,VNSTOCK_BRONZE
HIO,LATEST,balance_sheet,level,2.0,ACTUAL,VNSTOCK_BRONZE
HIO,LATEST,balance_sheet,off_balance,0.0,ACTUAL,VNSTOCK_BRONZE
HIO,LATEST,balance_sheet,value,0.0,ACTUAL,VNSTOCK_BRONZE
HIO,LATEST,balance_sheet,order,93.0,ACTUAL,VNSTOCK_BRONZE
HIO,LATEST,balance_sheet,level,2.0,ACTUAL,VNSTOCK_BRONZE
HIO,LATEST,balance_sheet,off_balance,0.0,ACTUAL,VNSTOCK_BRONZE
HIO,LATEST,balance_sheet,value,226768561.0,ACTUAL,VNSTOCK_BRONZE
HIO,LATEST,balance_sheet,order,94.0,ACTUAL,VNSTOCK_BRONZE
HIO,LATEST,balance_sheet,level,2.0,ACTUAL,VNSTOCK_BRONZE
HIO,LATEST,balance_sheet,off_balance,0.0,ACTUAL,VNSTOCK_BRONZE
HIO,LATEST,balance_sheet,value,0.0,ACTUAL,VNSTOCK_BRONZE
HIO,LATEST,balance_sheet,order,95.0,ACTUAL,VNSTOCK_BRONZE
HIO,LATEST,balance_sheet,level,2.0,ACTUAL,VNSTOCK_BRONZE
HIO,LATEST,balance_sheet,off_balance,0.0,ACTUAL,VNSTOCK_BRONZE
HIO,LATEST,balance_sheet,value,0.0,ACTUAL,VNSTOCK_BRONZE
HIO,LATEST,balance_sheet,order,96.0,ACTUAL,VNSTOCK_BRONZE
HIO,LATEST,balance_sheet,level,1.0,ACTUAL,VNSTOCK_BRONZE
HIO,LATEST,balance_sheet,off_balance,0.0,ACTUAL,VNSTOCK_BRONZE
HIO,LATEST,balance_sheet,value,257651894270.0,ACTUAL,VNSTOCK_BRONZE
HIO,LATEST,balance_sheet,order,97.0,ACTUAL,VNSTOCK_BRONZE
HIO,LATEST,balance_sheet,level,1.0,ACTUAL,VNSTOCK_BRONZE
HIO,LATEST,balance_sheet,off_balance,0.0,ACTUAL,VNSTOCK_BRONZE
HIO,LATEST,balance_sheet,value,257651894270.0,ACTUAL,VNSTOCK_BRONZE
HIO,LATEST,balance_sheet,order,98.0,ACTUAL,VNSTOCK_BRONZE
HIO,LATEST,balance_sheet,level,2.0,ACTUAL,VNSTOCK_BRONZE
HIO,LATEST,balance_sheet,off_balance,0.0,ACTUAL,VNSTOCK_BRONZE
HIO,LATEST,balance_sheet,value,0.0,ACTUAL,VNSTOCK_BRONZE
HIO,LATEST,balance_sheet,order,99.0,ACTUAL,VNSTOCK_BRONZE
HIO,LATEST,balance_sheet,level,2.0,ACTUAL,VNSTOCK_BRONZE
HIO,LATEST,balance_sheet,off_balance,0.0,ACTUAL,VNSTOCK_BRONZE
HIO,LATEST,balance_sheet,value,0.0,ACTUAL,VNSTOCK_BRONZE
HIO,LATEST,balance_sheet,order,100.0,ACTUAL,VNSTOCK_BRONZE
HIO,LATEST,balance_sheet,level,2.0,ACTUAL,VNSTOCK_BRONZE
HIO,LATEST,balance_sheet,off_balance,0.0,ACTUAL,VNSTOCK_BRONZE
HIO,LATEST,balance_sheet,value,0.0,ACTUAL,VNSTOCK_BRONZE
HIO,LATEST,balance_sheet,order,101.0,ACTUAL,VNSTOCK_BRONZE
HIO,LATEST,balance_sheet,level,2.0,ACTUAL,VNSTOCK_BRONZE
HIO,LATEST,balance_sheet,off_balance,0.0,ACTUAL,VNSTOCK_BRONZE
HIO,LATEST,balance_sheet,value,0.0,ACTUAL,VNSTOCK_BRONZE
HIO,LATEST,balance_sheet,order,102.0,ACTUAL,VNSTOCK_BRONZE
HIO,LATEST,balance_sheet,level,2.0,ACTUAL,VNSTOCK_BRONZE
HIO,LATEST,balance_sheet,off_balance,0.0,ACTUAL,VNSTOCK_BRONZE
HIO,LATEST,balance_sheet,value,210000000000.0,ACTUAL,VNSTOCK_BRONZE
HIO,LATEST,balance_sheet,order,103.0,ACTUAL,VNSTOCK_BRONZE
HIO,LATEST,balance_sheet,level,3.0,ACTUAL,VNSTOCK_BRONZE
HIO,LATEST,balance_sheet,off_balance,0.0,ACTUAL,VNSTOCK_BRONZE
HIO,LATEST,balance_sheet,value,210000000000.0,ACTUAL,VNSTOCK_BRONZE
HIO,LATEST,balance_sheet,order,104.0,ACTUAL,VNSTOCK_BRONZE
HIO,LATEST,balance_sheet,level,2.0,ACTUAL,VNSTOCK_BRONZE
HIO,LATEST,balance_sheet,off_balance,0.0,ACTUAL,VNSTOCK_BRONZE
HIO,LATEST,balance_sheet,value,0.0,ACTUAL,VNSTOCK_BRONZE
HIO,LATEST,balance_sheet,order,105.0,ACTUAL,VNSTOCK_BRONZE
HIO,LATEST,balance_sheet,level,2.0,ACTUAL,VNSTOCK_BRONZE
HIO,LATEST,balance_sheet,off_balance,0.0,ACTUAL,VNSTOCK_BRONZE
HIO,LATEST,balance_sheet,value,0.0,ACTUAL,VNSTOCK_BRONZE
HIO,LATEST,balance_sheet,order,106.0,ACTUAL,VNSTOCK_BRONZE
HIO,LATEST,balance_sheet,level,2.0,ACTUAL,VNSTOCK_BRONZE
HIO,LATEST,balance_sheet,off_balance,0.0,ACTUAL,VNSTOCK_BRONZE
HIO,LATEST,balance_sheet,value,0.0,ACTUAL,VNSTOCK_BRONZE
HIO,LATEST,balance_sheet,order,107.0,ACTUAL,VNSTOCK_BRONZE
HIO,LATEST,balance_sheet,level,2.0,ACTUAL,VNSTOCK_BRONZE
HIO,LATEST,balance_sheet,off_balance,0.0,ACTUAL,VNSTOCK_BRONZE
HIO,LATEST,balance_sheet,value,0.0,ACTUAL,VNSTOCK_BRONZE
HIO,LATEST,balance_sheet,order,108.0,ACTUAL,VNSTOCK_BRONZE
HIO,LATEST,balance_sheet,level,2.0,ACTUAL,VNSTOCK_BRONZE
HIO,LATEST,balance_sheet,off_balance,0.0,ACTUAL,VNSTOCK_BRONZE
HIO,LATEST,balance_sheet,value,0.0,ACTUAL,VNSTOCK_BRONZE
HIO,LATEST,balance_sheet,order,109.0,ACTUAL,VNSTOCK_BRONZE
HIO,LATEST,balance_sheet,level,2.0,ACTUAL,VNSTOCK_BRONZE
HIO,LATEST,balance_sheet,off_balance,0.0,ACTUAL,VNSTOCK_BRONZE
HIO,LATEST,balance_sheet,value,0.0,ACTUAL,VNSTOCK_BRONZE
HIO,LATEST,balance_sheet,order,110.0,ACTUAL,VNSTOCK_BRONZE
HIO,LATEST,balance_sheet,level,2.0,ACTUAL,VNSTOCK_BRONZE
HIO,LATEST,balance_sheet,off_balance,0.0,ACTUAL,VNSTOCK_BRONZE
HIO,LATEST,balance_sheet,value,0.0,ACTUAL,VNSTOCK_BRONZE
HIO,LATEST,balance_sheet,order,111.0,ACTUAL,VNSTOCK_BRONZE
HIO,LATEST,balance_sheet,level,2.0,ACTUAL,VNSTOCK_BRONZE
HIO,LATEST,balance_sheet,off_balance,0.0,ACTUAL,VNSTOCK_BRONZE
HIO,LATEST,balance_sheet,value,8331664665.0,ACTUAL,VNSTOCK_BRONZE
HIO,LATEST,balance_sheet,order,112.0,ACTUAL,VNSTOCK_BRONZE
HIO,LATEST,balance_sheet,level,2.0,ACTUAL,VNSTOCK_BRONZE
HIO,LATEST,balance_sheet,off_balance,0.0,ACTUAL,VNSTOCK_BRONZE
HIO,LATEST,balance_sheet,value,39320229605.0,ACTUAL,VNSTOCK_BRONZE
HIO,LATEST,balance_sheet,order,113.0,ACTUAL,VNSTOCK_BRONZE
HIO,LATEST,balance_sheet,level,3.0,ACTUAL,VNSTOCK_BRONZE
HIO,LATEST,balance_sheet,off_balance,0.0,ACTUAL,VNSTOCK_BRONZE
HIO,LATEST,balance_sheet,value,35559666389.0,ACTUAL,VNSTOCK_BRONZE
HIO,LATEST,balance_sheet,order,114.0,ACTUAL,VNSTOCK_BRONZE
HIO,LATEST,balance_sheet,level,3.0,ACTUAL,VNSTOCK_BRONZE
HIO,LATEST,balance_sheet,off_balance,0.0,ACTUAL,VNSTOCK_BRONZE
HIO,LATEST,balance_sheet,value,3760563216.0,ACTUAL,VNSTOCK_BRONZE
HIO,LATEST,balance_sheet,order,115.0,ACTUAL,VNSTOCK_BRONZE
HIO,LATEST,balance_sheet,level,2.0,ACTUAL,VNSTOCK_BRONZE
HIO,LATEST,balance_sheet,off_balance,0.0,ACTUAL,VNSTOCK_BRONZE
HIO,LATEST,balance_sheet,value,0.0,ACTUAL,VNSTOCK_BRONZE
HIO,LATEST,balance_sheet,order,116.0,ACTUAL,VNSTOCK_BRONZE
HIO,LATEST,balance_sheet,level,1.0,ACTUAL,VNSTOCK_BRONZE
HIO,LATEST,balance_sheet,off_balance,0.0,ACTUAL,VNSTOCK_BRONZE
HIO,LATEST,balance_sheet,value,0.0,ACTUAL,VNSTOCK_BRONZE
HIO,LATEST,balance_sheet,order,117.0,ACTUAL,VNSTOCK_BRONZE
HIO,LATEST,balance_sheet,level,2.0,ACTUAL,VNSTOCK_BRONZE
HIO,LATEST,balance_sheet,off_balance,0.0,ACTUAL,VNSTOCK_BRONZE
HIO,LATEST,balance_sheet,value,0.0,ACTUAL,VNSTOCK_BRONZE
HIO,LATEST,balance_sheet,order,118.0,ACTUAL,VNSTOCK_BRONZE
HIO,LATEST,balance_sheet,level,1.0,ACTUAL,VNSTOCK_BRONZE
HIO,LATEST,balance_sheet,off_balance,0.0,ACTUAL,VNSTOCK_BRONZE
HIO,LATEST,balance_sheet,value,493192351208.0,ACTUAL,VNSTOCK_BRONZE
HIO,LATEST,balance_sheet,order,1.0,ACTUAL,VNSTOCK_BRONZE
HIO,LATEST,balance_sheet,level,1.0,ACTUAL,VNSTOCK_BRONZE
HIO,LATEST,balance_sheet,off_balance,0.0,ACTUAL,VNSTOCK_BRONZE
HIO,LATEST,balance_sheet,value,105993229700.0,ACTUAL,VNSTOCK_BRONZE
HIO,LATEST,balance_sheet,order,2.0,ACTUAL,VNSTOCK_BRONZE
HIO,LATEST,balance_sheet,level,1.0,ACTUAL,VNSTOCK_BRONZE
HIO,LATEST,balance_sheet,off_balance,0.0,ACTUAL,VNSTOCK_BRONZE
HIO,LATEST,balance_sheet,value,32285088317.0,ACTUAL,VNSTOCK_BRONZE
HIO,LATEST,balance_sheet,order,3.0,ACTUAL,VNSTOCK_BRONZE
HIO,LATEST,balance_sheet,level,2.0,ACTUAL,VNSTOCK_BRONZE
HIO,LATEST,balance_sheet,off_balance,0.0,ACTUAL,VNSTOCK_BRONZE
HIO,LATEST,balance_sheet,value,32285088317.0,ACTUAL,VNSTOCK_BRONZE
HIO,LATEST,balance_sheet,order,4.0,ACTUAL,VNSTOCK_BRONZE
HIO,LATEST,balance_sheet,level,2.0,ACTUAL,VNSTOCK_BRONZE
HIO,LATEST,balance_sheet,off_balance,0.0,ACTUAL,VNSTOCK_BRONZE
HIO,LATEST,balance_sheet,value,0.0,ACTUAL,VNSTOCK_BRONZE
HIO,LATEST,balance_sheet,order,5.0,ACTUAL,VNSTOCK_BRONZE
HIO,LATEST,balance_sheet,level,1.0,ACTUAL,VNSTOCK_BRONZE
HIO,LATEST,balance_sheet,off_balance,0.0,ACTUAL,VNSTOCK_BRONZE
HIO,LATEST,balance_sheet,value,0.0,ACTUAL,VNSTOCK_BRONZE
HIO,LATEST,balance_sheet,order,6.0,ACTUAL,VNSTOCK_BRONZE
HIO,LATEST,balance_sheet,level,2.0,ACTUAL,VNSTOCK_BRONZE
HIO,LATEST,balance_sheet,off_balance,0.0,ACTUAL,VNSTOCK_BRONZE
HIO,LATEST,balance_sheet,value,0.0,ACTUAL,VNSTOCK_BRONZE
HIO,LATEST,balance_sheet,order,7.0,ACTUAL,VNSTOCK_BRONZE
HIO,LATEST,balance_sheet,level,2.0,ACTUAL,VNSTOCK_BRONZE
HIO,LATEST,balance_sheet,off_balance,0.0,ACTUAL,VNSTOCK_BRONZE
HIO,LATEST,balance_sheet,value,0.0,ACTUAL,VNSTOCK_BRONZE
HIO,LATEST,balance_sheet,order,8.0,ACTUAL,VNSTOCK_BRONZE
HIO,LATEST,balance_sheet,level,2.0,ACTUAL,VNSTOCK_BRONZE
HIO,LATEST,balance_sheet,off_balance,0.0,ACTUAL,VNSTOCK_BRONZE
HIO,LATEST,balance_sheet,value,0.0,ACTUAL,VNSTOCK_BRONZE
HIO,LATEST,balance_sheet,order,9.0,ACTUAL,VNSTOCK_BRONZE
HIO,LATEST,balance_sheet,level,1.0,ACTUAL,VNSTOCK_BRONZE
HIO,LATEST,balance_sheet,off_balance,0.0,ACTUAL,VNSTOCK_BRONZE
HIO,LATEST,balance_sheet,value,58065335289.0,ACTUAL,VNSTOCK_BRONZE
HIO,LATEST,balance_sheet,order,10.0,ACTUAL,VNSTOCK_BRONZE
HIO,LATEST,balance_sheet,level,2.0,ACTUAL,VNSTOCK_BRONZE
HIO,LATEST,balance_sheet,off_balance,0.0,ACTUAL,VNSTOCK_BRONZE
HIO,LATEST,balance_sheet,value,42101975734.0,ACTUAL,VNSTOCK_BRONZE
HIO,LATEST,balance_sheet,order,11.0,ACTUAL,VNSTOCK_BRONZE
HIO,LATEST,balance_sheet,level,2.0,ACTUAL,VNSTOCK_BRONZE
HIO,LATEST,balance_sheet,off_balance,0.0,ACTUAL,VNSTOCK_BRONZE
HIO,LATEST,balance_sheet,value,1733424554.0,ACTUAL,VNSTOCK_BRONZE
HIO,LATEST,balance_sheet,order,12.0,ACTUAL,VNSTOCK_BRONZE
HIO,LATEST,balance_sheet,level,2.0,ACTUAL,VNSTOCK_BRONZE
HIO,LATEST,balance_sheet,off_balance,0.0,ACTUAL,VNSTOCK_BRONZE
HIO,LATEST,balance_sheet,value,0.0,ACTUAL,VNSTOCK_BRONZE
HIO,LATEST,balance_sheet,order,13.0,ACTUAL,VNSTOCK_BRONZE
HIO,LATEST,balance_sheet,level,2.0,ACTUAL,VNSTOCK_BRONZE
HIO,LATEST,balance_sheet,off_balance,0.0,ACTUAL,VNSTOCK_BRONZE
HIO,LATEST,balance_sheet,value,0.0,ACTUAL,VNSTOCK_BRONZE
HIO,LATEST,balance_sheet,order,14.0,ACTUAL,VNSTOCK_BRONZE
HIO,LATEST,balance_sheet,level,2.0,ACTUAL,VNSTOCK_BRONZE
HIO,LATEST,balance_sheet,off_balance,0.0,ACTUAL,VNSTOCK_BRONZE
HIO,LATEST,balance_sheet,value,0.0,ACTUAL,VNSTOCK_BRONZE
HIO,LATEST,balance_sheet,order,15.0,ACTUAL,VNSTOCK_BRONZE
HIO,LATEST,balance_sheet,level,2.0,ACTUAL,VNSTOCK_BRONZE
HIO,LATEST,balance_sheet,off_balance,0.0,ACTUAL,VNSTOCK_BRONZE
HIO,LATEST,balance_sheet,value,14229935001.0,ACTUAL,VNSTOCK_BRONZE
HIO,LATEST,balance_sheet,order,16.0,ACTUAL,VNSTOCK_BRONZE
HIO,LATEST,balance_sheet,level,2.0,ACTUAL,VNSTOCK_BRONZE
HIO,LATEST,balance_sheet,off_balance,0.0,ACTUAL,VNSTOCK_BRONZE
HIO,LATEST,balance_sheet,value,0.0,ACTUAL,VNSTOCK_BRONZE
HIO,LATEST,balance_sheet,order,17.0,ACTUAL,VNSTOCK_BRONZE
HIO,LATEST,balance_sheet,level,2.0,ACTUAL,VNSTOCK_BRONZE
HIO,LATEST,balance_sheet,off_balance,0.0,ACTUAL,VNSTOCK_BRONZE
HIO,LATEST,balance_sheet,value,0.0,ACTUAL,VNSTOCK_BRONZE
HIO,LATEST,balance_sheet,order,18.0,ACTUAL,VNSTOCK_BRONZE
HIO,LATEST,balance_sheet,level,1.0,ACTUAL,VNSTOCK_BRONZE
HIO,LATEST,balance_sheet,off_balance,0.0,ACTUAL,VNSTOCK_BRONZE
HIO,LATEST,balance_sheet,value,150025270.0,ACTUAL,VNSTOCK_BRONZE
HIO,LATEST,balance_sheet,order,19.0,ACTUAL,VNSTOCK_BRONZE
HIO,LATEST,balance_sheet,level,2.0,ACTUAL,VNSTOCK_BRONZE
HIO,LATEST,balance_sheet,off_balance,0.0,ACTUAL,VNSTOCK_BRONZE
HIO,LATEST,balance_sheet,value,150025270.0,ACTUAL,VNSTOCK_BRONZE
HIO,LATEST,balance_sheet,order,20.0,ACTUAL,VNSTOCK_BRONZE
HIO,LATEST,balance_sheet,level,2.0,ACTUAL,VNSTOCK_BRONZE
HIO,LATEST,balance_sheet,off_balance,0.0,ACTUAL,VNSTOCK_BRONZE
HIO,LATEST,balance_sheet,value,0.0,ACTUAL,VNSTOCK_BRONZE
HIO,LATEST,balance_sheet,order,21.0,ACTUAL,VNSTOCK_BRONZE
HIO,LATEST,balance_sheet,level,1.0,ACTUAL,VNSTOCK_BRONZE
HIO,LATEST,balance_sheet,off_balance,0.0,ACTUAL,VNSTOCK_BRONZE
HIO,LATEST,balance_sheet,value,15492780824.0,ACTUAL,VNSTOCK_BRONZE
HIO,LATEST,balance_sheet,order,22.0,ACTUAL,VNSTOCK_BRONZE
HIO,LATEST,balance_sheet,level,2.0,ACTUAL,VNSTOCK_BRONZE
HIO,LATEST,balance_sheet,off_balance,0.0,ACTUAL,VNSTOCK_BRONZE
HIO,LATEST,balance_sheet,value,1489634180.0,ACTUAL,VNSTOCK_BRONZE
HIO,LATEST,balance_sheet,order,23.0,ACTUAL,VNSTOCK_BRONZE
HIO,LATEST,balance_sheet,level,2.0,ACTUAL,VNSTOCK_BRONZE
HIO,LATEST,balance_sheet,off_balance,0.0,ACTUAL,VNSTOCK_BRONZE
HIO,LATEST,balance_sheet,value,14003146644.0,ACTUAL,VNSTOCK_BRONZE
HIO,LATEST,balance_sheet,order,24.0,ACTUAL,VNSTOCK_BRONZE
HIO,LATEST,balance_sheet,level,2.0,ACTUAL,VNSTOCK_BRONZE
HIO,LATEST,balance_sheet,off_balance,0.0,ACTUAL,VNSTOCK_BRONZE
HIO,LATEST,balance_sheet,value,0.0,ACTUAL,VNSTOCK_BRONZE
HIO,LATEST,balance_sheet,order,25.0,ACTUAL,VNSTOCK_BRONZE
HIO,LATEST,balance_sheet,level,2.0,ACTUAL,VNSTOCK_BRONZE
HIO,LATEST,balance_sheet,off_balance,0.0,ACTUAL,VNSTOCK_BRONZE
HIO,LATEST,balance_sheet,value,0.0,ACTUAL,VNSTOCK_BRONZE
HIO,LATEST,balance_sheet,order,26.0,ACTUAL,VNSTOCK_BRONZE
HIO,LATEST,balance_sheet,level,1.0,ACTUAL,VNSTOCK_BRONZE
HIO,LATEST,balance_sheet,off_balance,0.0,ACTUAL,VNSTOCK_BRONZE
HIO,LATEST,balance_sheet,value,399489278117.0,ACTUAL,VNSTOCK_BRONZE
HIO,LATEST,balance_sheet,order,27.0,ACTUAL,VNSTOCK_BRONZE
HIO,LATEST,balance_sheet,level,1.0,ACTUAL,VNSTOCK_BRONZE
HIO,LATEST,balance_sheet,off_balance,0.0,ACTUAL,VNSTOCK_BRONZE
HIO,LATEST,balance_sheet,value,8093600000.0,ACTUAL,VNSTOCK_BRONZE
HIO,LATEST,balance_sheet,order,28.0,ACTUAL,VNSTOCK_BRONZE
HIO,LATEST,balance_sheet,level,2.0,ACTUAL,VNSTOCK_BRONZE
HIO,LATEST,balance_sheet,off_balance,0.0,ACTUAL,VNSTOCK_BRONZE
HIO,LATEST,balance_sheet,value,0.0,ACTUAL,VNSTOCK_BRONZE
HIO,LATEST,balance_sheet,order,29.0,ACTUAL,VNSTOCK_BRONZE
HIO,LATEST,balance_sheet,level,2.0,ACTUAL,VNSTOCK_BRONZE
HIO,LATEST,balance_sheet,off_balance,0.0,ACTUAL,VNSTOCK_BRONZE
HIO,LATEST,balance_sheet,value,0.0,ACTUAL,VNSTOCK_BRONZE
HIO,LATEST,balance_sheet,order,30.0,ACTUAL,VNSTOCK_BRONZE
HIO,LATEST,balance_sheet,level,2.0,ACTUAL,VNSTOCK_BRONZE
HIO,LATEST,balance_sheet,off_balance,0.0,ACTUAL,VNSTOCK_BRONZE
HIO,LATEST,balance_sheet,value,0.0,ACTUAL,VNSTOCK_BRONZE
HIO,LATEST,balance_sheet,order,31.0,ACTUAL,VNSTOCK_BRONZE
HIO,LATEST,balance_sheet,level,2.0,ACTUAL,VNSTOCK_BRONZE
HIO,LATEST,balance_sheet,off_balance,0.0,ACTUAL,VNSTOCK_BRONZE
HIO,LATEST,balance_sheet,value,0.0,ACTUAL,VNSTOCK_BRONZE
HIO,LATEST,balance_sheet,order,32.0,ACTUAL,VNSTOCK_BRONZE
HIO,LATEST,balance_sheet,level,2.0,ACTUAL,VNSTOCK_BRONZE
HIO,LATEST,balance_sheet,off_balance,0.0,ACTUAL,VNSTOCK_BRONZE
HIO,LATEST,balance_sheet,value,8093600000.0,ACTUAL,VNSTOCK_BRONZE
HIO,LATEST,balance_sheet,order,33.0,ACTUAL,VNSTOCK_BRONZE
HIO,LATEST,balance_sheet,level,2.0,ACTUAL,VNSTOCK_BRONZE
HIO,LATEST,balance_sheet,off_balance,0.0,ACTUAL,VNSTOCK_BRONZE
HIO,LATEST,balance_sheet,value,-0.0,ACTUAL,VNSTOCK_BRONZE
HIO,LATEST,balance_sheet,order,34.0,ACTUAL,VNSTOCK_BRONZE
HIO,LATEST,balance_sheet,level,1.0,ACTUAL,VNSTOCK_BRONZE
HIO,LATEST,balance_sheet,off_balance,0.0,ACTUAL,VNSTOCK_BRONZE
HIO,LATEST,balance_sheet,value,338421065888.0,ACTUAL,VNSTOCK_BRONZE
HIO,LATEST,balance_sheet,order,35.0,ACTUAL,VNSTOCK_BRONZE
HIO,LATEST,balance_sheet,level,2.0,ACTUAL,VNSTOCK_BRONZE
HIO,LATEST,balance_sheet,off_balance,0.0,ACTUAL,VNSTOCK_BRONZE
HIO,LATEST,balance_sheet,value,338421065888.0,ACTUAL,VNSTOCK_BRONZE
HIO,LATEST,balance_sheet,order,36.0,ACTUAL,VNSTOCK_BRONZE
HIO,LATEST,balance_sheet,level,3.0,ACTUAL,VNSTOCK_BRONZE
HIO,LATEST,balance_sheet,off_balance,0.0,ACTUAL,VNSTOCK_BRONZE
HIO,LATEST,balance_sheet,value,493147313989.0,ACTUAL,VNSTOCK_BRONZE
HIO,LATEST,balance_sheet,order,37.0,ACTUAL,VNSTOCK_BRONZE
HIO,LATEST,balance_sheet,level,3.0,ACTUAL,VNSTOCK_BRONZE
HIO,LATEST,balance_sheet,off_balance,0.0,ACTUAL,VNSTOCK_BRONZE
HIO,LATEST,balance_sheet,value,-154726248101.0,ACTUAL,VNSTOCK_BRONZE
HIO,LATEST,balance_sheet,order,38.0,ACTUAL,VNSTOCK_BRONZE
HIO,LATEST,balance_sheet,level,2.0,ACTUAL,VNSTOCK_BRONZE
HIO,LATEST,balance_sheet,off_balance,0.0,ACTUAL,VNSTOCK_BRONZE
HIO,LATEST,balance_sheet,value,0.0,ACTUAL,VNSTOCK_BRONZE
HIO,LATEST,balance_sheet,order,39.0,ACTUAL,VNSTOCK_BRONZE
HIO,LATEST,balance_sheet,level,3.0,ACTUAL,VNSTOCK_BRONZE
HIO,LATEST,balance_sheet,off_balance,0.0,ACTUAL,VNSTOCK_BRONZE
HIO,LATEST,balance_sheet,value,0.0,ACTUAL,VNSTOCK_BRONZE
HIO,LATEST,balance_sheet,order,40.0,ACTUAL,VNSTOCK_BRONZE
HIO,LATEST,balance_sheet,level,3.0,ACTUAL,VNSTOCK_BRONZE
HIO,LATEST,balance_sheet,off_balance,0.0,ACTUAL,VNSTOCK_BRONZE
HIO,LATEST,balance_sheet,value,-0.0,ACTUAL,VNSTOCK_BRONZE
HIO,LATEST,balance_sheet,order,41.0,ACTUAL,VNSTOCK_BRONZE
HIO,LATEST,balance_sheet,level,2.0,ACTUAL,VNSTOCK_BRONZE
HIO,LATEST,balance_sheet,off_balance,0.0,ACTUAL,VNSTOCK_BRONZE
HIO,LATEST,balance_sheet,value,0.0,ACTUAL,VNSTOCK_BRONZE
HIO,LATEST,balance_sheet,order,42.0,ACTUAL,VNSTOCK_BRONZE
HIO,LATEST,balance_sheet,level,3.0,ACTUAL,VNSTOCK_BRONZE
HIO,LATEST,balance_sheet,off_balance,0.0,ACTUAL,VNSTOCK_BRONZE
HIO,LATEST,balance_sheet,value,0.0,ACTUAL,VNSTOCK_BRONZE
HIO,LATEST,balance_sheet,order,43.0,ACTUAL,VNSTOCK_BRONZE
HIO,LATEST,balance_sheet,level,3.0,ACTUAL,VNSTOCK_BRONZE
HIO,LATEST,balance_sheet,off_balance,0.0,ACTUAL,VNSTOCK_BRONZE
HIO,LATEST,balance_sheet,value,-0.0,ACTUAL,VNSTOCK_BRONZE
HIO,LATEST,balance_sheet,order,44.0,ACTUAL,VNSTOCK_BRONZE
HIO,LATEST,balance_sheet,level,1.0,ACTUAL,VNSTOCK_BRONZE
HIO,LATEST,balance_sheet,off_balance,0.0,ACTUAL,VNSTOCK_BRONZE
HIO,LATEST,balance_sheet,value,26148857519.0,ACTUAL,VNSTOCK_BRONZE
HIO,LATEST,balance_sheet,order,45.0,ACTUAL,VNSTOCK_BRONZE
HIO,LATEST,balance_sheet,level,2.0,ACTUAL,VNSTOCK_BRONZE
HIO,LATEST,balance_sheet,off_balance,0.0,ACTUAL,VNSTOCK_BRONZE
HIO,LATEST,balance_sheet,value,35093712424.0,ACTUAL,VNSTOCK_BRONZE
HIO,LATEST,balance_sheet,order,46.0,ACTUAL,VNSTOCK_BRONZE
HIO,LATEST,balance_sheet,level,2.0,ACTUAL,VNSTOCK_BRONZE
HIO,LATEST,balance_sheet,off_balance,0.0,ACTUAL,VNSTOCK_BRONZE
HIO,LATEST,balance_sheet,value,-8944854905.0,ACTUAL,VNSTOCK_BRONZE
HIO,LATEST,balance_sheet,order,47.0,ACTUAL,VNSTOCK_BRONZE
HIO,LATEST,balance_sheet,level,1.0,ACTUAL,VNSTOCK_BRONZE
HIO,LATEST,balance_sheet,off_balance,0.0,ACTUAL,VNSTOCK_BRONZE
HIO,LATEST,balance_sheet,value,0.0,ACTUAL,VNSTOCK_BRONZE
HIO,LATEST,balance_sheet,order,48.0,ACTUAL,VNSTOCK_BRONZE
HIO,LATEST,balance_sheet,level,2.0,ACTUAL,VNSTOCK_BRONZE
HIO,LATEST,balance_sheet,off_balance,0.0,ACTUAL,VNSTOCK_BRONZE
HIO,LATEST,balance_sheet,value,0.0,ACTUAL,VNSTOCK_BRONZE
HIO,LATEST,balance_sheet,order,49.0,ACTUAL,VNSTOCK_BRONZE
HIO,LATEST,balance_sheet,level,2.0,ACTUAL,VNSTOCK_BRONZE
HIO,LATEST,balance_sheet,off_balance,0.0,ACTUAL,VNSTOCK_BRONZE
HIO,LATEST,balance_sheet,value,0.0,ACTUAL,VNSTOCK_BRONZE
HIO,LATEST,balance_sheet,order,50.0,ACTUAL,VNSTOCK_BRONZE
HIO,LATEST,balance_sheet,level,1.0,ACTUAL,VNSTOCK_BRONZE
HIO,LATEST,balance_sheet,off_balance,0.0,ACTUAL,VNSTOCK_BRONZE
HIO,LATEST,balance_sheet,value,19894526437.0,ACTUAL,VNSTOCK_BRONZE
HIO,LATEST,balance_sheet,order,51.0,ACTUAL,VNSTOCK_BRONZE
HIO,LATEST,balance_sheet,level,2.0,ACTUAL,VNSTOCK_BRONZE
HIO,LATEST,balance_sheet,off_balance,0.0,ACTUAL,VNSTOCK_BRONZE
HIO,LATEST,balance_sheet,value,0.0,ACTUAL,VNSTOCK_BRONZE
HIO,LATEST,balance_sheet,order,52.0,ACTUAL,VNSTOCK_BRONZE
HIO,LATEST,balance_sheet,level,2.0,ACTUAL,VNSTOCK_BRONZE
HIO,LATEST,balance_sheet,off_balance,0.0,ACTUAL,VNSTOCK_BRONZE
HIO,LATEST,balance_sheet,value,19894526437.0,ACTUAL,VNSTOCK_BRONZE
HIO,LATEST,balance_sheet,order,53.0,ACTUAL,VNSTOCK_BRONZE
HIO,LATEST,balance_sheet,level,2.0,ACTUAL,VNSTOCK_BRONZE
HIO,LATEST,balance_sheet,off_balance,0.0,ACTUAL,VNSTOCK_BRONZE
HIO,LATEST,balance_sheet,value,0.0,ACTUAL,VNSTOCK_BRONZE
HIO,LATEST,balance_sheet,order,54.0,ACTUAL,VNSTOCK_BRONZE
HIO,LATEST,balance_sheet,level,2.0,ACTUAL,VNSTOCK_BRONZE
HIO,LATEST,balance_sheet,off_balance,0.0,ACTUAL,VNSTOCK_BRONZE
HIO,LATEST,balance_sheet,value,0.0,ACTUAL,VNSTOCK_BRONZE
HIO,LATEST,balance_sheet,order,55.0,ACTUAL,VNSTOCK_BRONZE
HIO,LATEST,balance_sheet,level,2.0,ACTUAL,VNSTOCK_BRONZE
HIO,LATEST,balance_sheet,off_balance,0.0,ACTUAL,VNSTOCK_BRONZE
HIO,LATEST,balance_sheet,value,0.0,ACTUAL,VNSTOCK_BRONZE
HIO,LATEST,balance_sheet,order,56.0,ACTUAL,VNSTOCK_BRONZE
HIO,LATEST,balance_sheet,level,1.0,ACTUAL,VNSTOCK_BRONZE
HIO,LATEST,balance_sheet,off_balance,0.0,ACTUAL,VNSTOCK_BRONZE
HIO,LATEST,balance_sheet,value,6931228273.0,ACTUAL,VNSTOCK_BRONZE
HIO,LATEST,balance_sheet,order,57.0,ACTUAL,VNSTOCK_BRONZE
HIO,LATEST,balance_sheet,level,2.0,ACTUAL,VNSTOCK_BRONZE
HIO,LATEST,balance_sheet,off_balance,0.0,ACTUAL,VNSTOCK_BRONZE
HIO,LATEST,balance_sheet,value,0.0,ACTUAL,VNSTOCK_BRONZE
HIO,LATEST,balance_sheet,order,58.0,ACTUAL,VNSTOCK_BRONZE
HIO,LATEST,balance_sheet,level,2.0,ACTUAL,VNSTOCK_BRONZE
HIO,LATEST,balance_sheet,off_balance,0.0,ACTUAL,VNSTOCK_BRONZE
HIO,LATEST,balance_sheet,value,2359207205.0,ACTUAL,VNSTOCK_BRONZE
HIO,LATEST,balance_sheet,order,59.0,ACTUAL,VNSTOCK_BRONZE
HIO,LATEST,balance_sheet,level,2.0,ACTUAL,VNSTOCK_BRONZE
HIO,LATEST,balance_sheet,off_balance,0.0,ACTUAL,VNSTOCK_BRONZE
HIO,LATEST,balance_sheet,value,2371647573.0,ACTUAL,VNSTOCK_BRONZE
HIO,LATEST,balance_sheet,order,60.0,ACTUAL,VNSTOCK_BRONZE
HIO,LATEST,balance_sheet,level,2.0,ACTUAL,VNSTOCK_BRONZE
HIO,LATEST,balance_sheet,off_balance,0.0,ACTUAL,VNSTOCK_BRONZE
HIO,LATEST,balance_sheet,value,0.0,ACTUAL,VNSTOCK_BRONZE
HIO,LATEST,balance_sheet,order,61.0,ACTUAL,VNSTOCK_BRONZE
HIO,LATEST,balance_sheet,level,2.0,ACTUAL,VNSTOCK_BRONZE
HIO,LATEST,balance_sheet,off_balance,0.0,ACTUAL,VNSTOCK_BRONZE
HIO,LATEST,balance_sheet,value,0.0,ACTUAL,VNSTOCK_BRONZE
HIO,LATEST,balance_sheet,order,62.0,ACTUAL,VNSTOCK_BRONZE
HIO,LATEST,balance_sheet,level,2.0,ACTUAL,VNSTOCK_BRONZE
HIO,LATEST,balance_sheet,off_balance,0.0,ACTUAL,VNSTOCK_BRONZE
HIO,LATEST,balance_sheet,value,2200373495.0,ACTUAL,VNSTOCK_BRONZE
HIO,LATEST,balance_sheet,order,63.0,ACTUAL,VNSTOCK_BRONZE
HIO,LATEST,balance_sheet,level,1.0,ACTUAL,VNSTOCK_BRONZE
HIO,LATEST,balance_sheet,off_balance,0.0,ACTUAL,VNSTOCK_BRONZE
HIO,LATEST,balance_sheet,value,505482507817.0,ACTUAL,VNSTOCK_BRONZE
HIO,LATEST,balance_sheet,order,64.0,ACTUAL,VNSTOCK_BRONZE
HIO,LATEST,balance_sheet,level,1.0,ACTUAL,VNSTOCK_BRONZE
HIO,LATEST,balance_sheet,off_balance,0.0,ACTUAL,VNSTOCK_BRONZE
HIO,LATEST,balance_sheet,value,251591176763.0,ACTUAL,VNSTOCK_BRONZE
HIO,LATEST,balance_sheet,order,65.0,ACTUAL,VNSTOCK_BRONZE
HIO,LATEST,balance_sheet,level,1.0,ACTUAL,VNSTOCK_BRONZE
HIO,LATEST,balance_sheet,off_balance,0.0,ACTUAL,VNSTOCK_BRONZE
HIO,LATEST,balance_sheet,value,76098051571.0,ACTUAL,VNSTOCK_BRONZE
HIO,LATEST,balance_sheet,order,66.0,ACTUAL,VNSTOCK_BRONZE
HIO,LATEST,balance_sheet,level,2.0,ACTUAL,VNSTOCK_BRONZE
HIO,LATEST,balance_sheet,off_balance,0.0,ACTUAL,VNSTOCK_BRONZE
HIO,LATEST,balance_sheet,value,0.0,ACTUAL,VNSTOCK_BRONZE
HIO,LATEST,balance_sheet,order,67.0,ACTUAL,VNSTOCK_BRONZE
HIO,LATEST,balance_sheet,level,2.0,ACTUAL,VNSTOCK_BRONZE
HIO,LATEST,balance_sheet,off_balance,0.0,ACTUAL,VNSTOCK_BRONZE
HIO,LATEST,balance_sheet,value,0.0,ACTUAL,VNSTOCK_BRONZE
HIO,LATEST,balance_sheet,order,68.0,ACTUAL,VNSTOCK_BRONZE
HIO,LATEST,balance_sheet,level,2.0,ACTUAL,VNSTOCK_BRONZE
HIO,LATEST,balance_sheet,off_balance,0.0,ACTUAL,VNSTOCK_BRONZE
HIO,LATEST,balance_sheet,value,0.0,ACTUAL,VNSTOCK_BRONZE
HIO,LATEST,balance_sheet,order,69.0,ACTUAL,VNSTOCK_BRONZE
HIO,LATEST,balance_sheet,level,2.0,ACTUAL,VNSTOCK_BRONZE
HIO,LATEST,balance_sheet,off_balance,0.0,ACTUAL,VNSTOCK_BRONZE
HIO,LATEST,balance_sheet,value,1466893671.0,ACTUAL,VNSTOCK_BRONZE
HIO,LATEST,balance_sheet,order,70.0,ACTUAL,VNSTOCK_BRONZE
HIO,LATEST,balance_sheet,level,2.0,ACTUAL,VNSTOCK_BRONZE
HIO,LATEST,balance_sheet,off_balance,0.0,ACTUAL,VNSTOCK_BRONZE
HIO,LATEST,balance_sheet,value,0.0,ACTUAL,VNSTOCK_BRONZE
HIO,LATEST,balance_sheet,order,71.0,ACTUAL,VNSTOCK_BRONZE
HIO,LATEST,balance_sheet,level,2.0,ACTUAL,VNSTOCK_BRONZE
HIO,LATEST,balance_sheet,off_balance,0.0,ACTUAL,VNSTOCK_BRONZE
HIO,LATEST,balance_sheet,value,4905339186.0,ACTUAL,VNSTOCK_BRONZE
HIO,LATEST,balance_sheet,order,72.0,ACTUAL,VNSTOCK_BRONZE
HIO,LATEST,balance_sheet,level,2.0,ACTUAL,VNSTOCK_BRONZE
HIO,LATEST,balance_sheet,off_balance,0.0,ACTUAL,VNSTOCK_BRONZE
HIO,LATEST,balance_sheet,value,389500000.0,ACTUAL,VNSTOCK_BRONZE
HIO,LATEST,balance_sheet,order,73.0,ACTUAL,VNSTOCK_BRONZE
HIO,LATEST,balance_sheet,level,2.0,ACTUAL,VNSTOCK_BRONZE
HIO,LATEST,balance_sheet,off_balance,0.0,ACTUAL,VNSTOCK_BRONZE
HIO,LATEST,balance_sheet,value,3411125007.0,ACTUAL,VNSTOCK_BRONZE
HIO,LATEST,balance_sheet,order,74.0,ACTUAL,VNSTOCK_BRONZE
HIO,LATEST,balance_sheet,level,2.0,ACTUAL,VNSTOCK_BRONZE
HIO,LATEST,balance_sheet,off_balance,0.0,ACTUAL,VNSTOCK_BRONZE
HIO,LATEST,balance_sheet,value,0.0,ACTUAL,VNSTOCK_BRONZE
HIO,LATEST,balance_sheet,order,75.0,ACTUAL,VNSTOCK_BRONZE
HIO,LATEST,balance_sheet,level,2.0,ACTUAL,VNSTOCK_BRONZE
HIO,LATEST,balance_sheet,off_balance,0.0,ACTUAL,VNSTOCK_BRONZE
HIO,LATEST,balance_sheet,value,73250000.0,ACTUAL,VNSTOCK_BRONZE
HIO,LATEST,balance_sheet,order,76.0,ACTUAL,VNSTOCK_BRONZE
HIO,LATEST,balance_sheet,level,2.0,ACTUAL,VNSTOCK_BRONZE
HIO,LATEST,balance_sheet,off_balance,0.0,ACTUAL,VNSTOCK_BRONZE
HIO,LATEST,balance_sheet,value,0.0,ACTUAL,VNSTOCK_BRONZE
HIO,LATEST,balance_sheet,order,77.0,ACTUAL,VNSTOCK_BRONZE
HIO,LATEST,balance_sheet,level,2.0,ACTUAL,VNSTOCK_BRONZE
HIO,LATEST,balance_sheet,off_balance,0.0,ACTUAL,VNSTOCK_BRONZE
HIO,LATEST,balance_sheet,value,65617000000.0,ACTUAL,VNSTOCK_BRONZE
HIO,LATEST,balance_sheet,order,78.0,ACTUAL,VNSTOCK_BRONZE
HIO,LATEST,balance_sheet,level,2.0,ACTUAL,VNSTOCK_BRONZE
HIO,LATEST,balance_sheet,off_balance,0.0,ACTUAL,VNSTOCK_BRONZE
HIO,LATEST,balance_sheet,value,0.0,ACTUAL,VNSTOCK_BRONZE
HIO,LATEST,balance_sheet,order,79.0,ACTUAL,VNSTOCK_BRONZE
HIO,LATEST,balance_sheet,level,2.0,ACTUAL,VNSTOCK_BRONZE
HIO,LATEST,balance_sheet,off_balance,0.0,ACTUAL,VNSTOCK_BRONZE
HIO,LATEST,balance_sheet,value,234943707.0,ACTUAL,VNSTOCK_BRONZE
HIO,LATEST,balance_sheet,order,80.0,ACTUAL,VNSTOCK_BRONZE
HIO,LATEST,balance_sheet,level,2.0,ACTUAL,VNSTOCK_BRONZE
HIO,LATEST,balance_sheet,off_balance,0.0,ACTUAL,VNSTOCK_BRONZE
HIO,LATEST,balance_sheet,value,0.0,ACTUAL,VNSTOCK_BRONZE
HIO,LATEST,balance_sheet,order,81.0,ACTUAL,VNSTOCK_BRONZE
HIO,LATEST,balance_sheet,level,2.0,ACTUAL,VNSTOCK_BRONZE
HIO,LATEST,balance_sheet,off_balance,0.0,ACTUAL,VNSTOCK_BRONZE
HIO,LATEST,balance_sheet,value,0.0,ACTUAL,VNSTOCK_BRONZE
HIO,LATEST,balance_sheet,order,82.0,ACTUAL,VNSTOCK_BRONZE
HIO,LATEST,balance_sheet,level,1.0,ACTUAL,VNSTOCK_BRONZE
HIO,LATEST,balance_sheet,off_balance,0.0,ACTUAL,VNSTOCK_BRONZE
HIO,LATEST,balance_sheet,value,175493125192.0,ACTUAL,VNSTOCK_BRONZE
HIO,LATEST,balance_sheet,order,83.0,ACTUAL,VNSTOCK_BRONZE
HIO,LATEST,balance_sheet,level,2.0,ACTUAL,VNSTOCK_BRONZE
HIO,LATEST,balance_sheet,off_balance,0.0,ACTUAL,VNSTOCK_BRONZE
HIO,LATEST,balance_sheet,value,0.0,ACTUAL,VNSTOCK_BRONZE
HIO,LATEST,balance_sheet,order,84.0,ACTUAL,VNSTOCK_BRONZE
HIO,LATEST,balance_sheet,level,2.0,ACTUAL,VNSTOCK_BRONZE
HIO,LATEST,balance_sheet,off_balance,0.0,ACTUAL,VNSTOCK_BRONZE
HIO,LATEST,balance_sheet,order,85.0,ACTUAL,VNSTOCK_BRONZE
HIO,LATEST,balance_sheet,level,2.0,ACTUAL,VNSTOCK_BRONZE
HIO,LATEST,balance_sheet,off_balance,0.0,ACTUAL,VNSTOCK_BRONZE
HIO,LATEST,balance_sheet,value,0.0,ACTUAL,VNSTOCK_BRONZE
HIO,LATEST,balance_sheet,order,86.0,ACTUAL,VNSTOCK_BRONZE
HIO,LATEST,balance_sheet,level,2.0,ACTUAL,VNSTOCK_BRONZE
HIO,LATEST,balance_sheet,off_balance,0.0,ACTUAL,VNSTOCK_BRONZE
HIO,LATEST,balance_sheet,value,0.0,ACTUAL,VNSTOCK_BRONZE
HIO,LATEST,balance_sheet,order,87.0,ACTUAL,VNSTOCK_BRONZE
HIO,LATEST,balance_sheet,level,2.0,ACTUAL,VNSTOCK_BRONZE
HIO,LATEST,balance_sheet,off_balance,0.0,ACTUAL,VNSTOCK_BRONZE
HIO,LATEST,balance_sheet,value,0.0,ACTUAL,VNSTOCK_BRONZE
HIO,LATEST,balance_sheet,order,88.0,ACTUAL,VNSTOCK_BRONZE
HIO,LATEST,balance_sheet,level,2.0,ACTUAL,VNSTOCK_BRONZE
HIO,LATEST,balance_sheet,off_balance,0.0,ACTUAL,VNSTOCK_BRONZE
HIO,LATEST,balance_sheet,value,0.0,ACTUAL,VNSTOCK_BRONZE
HIO,LATEST,balance_sheet,order,89.0,ACTUAL,VNSTOCK_BRONZE
HIO,LATEST,balance_sheet,level,2.0,ACTUAL,VNSTOCK_BRONZE
HIO,LATEST,balance_sheet,off_balance,0.0,ACTUAL,VNSTOCK_BRONZE
HIO,LATEST,balance_sheet,value,0.0,ACTUAL,VNSTOCK_BRONZE
HIO,LATEST,balance_sheet,order,90.0,ACTUAL,VNSTOCK_BRONZE
HIO,LATEST,balance_sheet,level,2.0,ACTUAL,VNSTOCK_BRONZE
HIO,LATEST,balance_sheet,off_balance,0.0,ACTUAL,VNSTOCK_BRONZE
HIO,LATEST,balance_sheet,value,0.0,ACTUAL,VNSTOCK_BRONZE
HIO,LATEST,balance_sheet,order,91.0,ACTUAL,VNSTOCK_BRONZE
HIO,LATEST,balance_sheet,level,2.0,ACTUAL,VNSTOCK_BRONZE
HIO,LATEST,balance_sheet,off_balance,0.0,ACTUAL,VNSTOCK_BRONZE
HIO,LATEST,balance_sheet,value,175143705058.0,ACTUAL,VNSTOCK_BRONZE
HIO,LATEST,balance_sheet,order,92.0,ACTUAL,VNSTOCK_BRONZE
HIO,LATEST,balance_sheet,level,2.0,ACTUAL,VNSTOCK_BRONZE
HIO,LATEST,balance_sheet,off_balance,0.0,ACTUAL,VNSTOCK_BRONZE
HIO,LATEST,balance_sheet,value,0.0,ACTUAL,VNSTOCK_BRONZE
HIO,LATEST,balance_sheet,order,93.0,ACTUAL,VNSTOCK_BRONZE
HIO,LATEST,balance_sheet,level,2.0,ACTUAL,VNSTOCK_BRONZE
HIO,LATEST,balance_sheet,off_balance,0.0,ACTUAL,VNSTOCK_BRONZE
HIO,LATEST,balance_sheet,value,349420134.0,ACTUAL,VNSTOCK_BRONZE
HIO,LATEST,balance_sheet,order,94.0,ACTUAL,VNSTOCK_BRONZE
HIO,LATEST,balance_sheet,level,2.0,ACTUAL,VNSTOCK_BRONZE
HIO,LATEST,balance_sheet,off_balance,0.0,ACTUAL,VNSTOCK_BRONZE
HIO,LATEST,balance_sheet,value,0.0,ACTUAL,VNSTOCK_BRONZE
HIO,LATEST,balance_sheet,order,95.0,ACTUAL,VNSTOCK_BRONZE
HIO,LATEST,balance_sheet,level,2.0,ACTUAL,VNSTOCK_BRONZE
HIO,LATEST,balance_sheet,off_balance,0.0,ACTUAL,VNSTOCK_BRONZE
HIO,LATEST,balance_sheet,value,0.0,ACTUAL,VNSTOCK_BRONZE
HIO,LATEST,balance_sheet,order,96.0,ACTUAL,VNSTOCK_BRONZE
HIO,LATEST,balance_sheet,level,1.0,ACTUAL,VNSTOCK_BRONZE
HIO,LATEST,balance_sheet,off_balance,0.0,ACTUAL,VNSTOCK_BRONZE
HIO,LATEST,balance_sheet,value,253891331054.0,ACTUAL,VNSTOCK_BRONZE
HIO,LATEST,balance_sheet,order,97.0,ACTUAL,VNSTOCK_BRONZE
HIO,LATEST,balance_sheet,level,1.0,ACTUAL,VNSTOCK_BRONZE
HIO,LATEST,balance_sheet,off_balance,0.0,ACTUAL,VNSTOCK_BRONZE
HIO,LATEST,balance_sheet,value,253891331054.0,ACTUAL,VNSTOCK_BRONZE
HIO,LATEST,balance_sheet,order,98.0,ACTUAL,VNSTOCK_BRONZE
HIO,LATEST,balance_sheet,level,2.0,ACTUAL,VNSTOCK_BRONZE
HIO,LATEST,balance_sheet,off_balance,0.0,ACTUAL,VNSTOCK_BRONZE
HIO,LATEST,balance_sheet,value,0.0,ACTUAL,VNSTOCK_BRONZE
HIO,LATEST,balance_sheet,order,99.0,ACTUAL,VNSTOCK_BRONZE
HIO,LATEST,balance_sheet,level,2.0,ACTUAL,VNSTOCK_BRONZE
HIO,LATEST,balance_sheet,off_balance,0.0,ACTUAL,VNSTOCK_BRONZE
HIO,LATEST,balance_sheet,value,0.0,ACTUAL,VNSTOCK_BRONZE
HIO,LATEST,balance_sheet,order,100.0,ACTUAL,VNSTOCK_BRONZE
HIO,LATEST,balance_sheet,level,2.0,ACTUAL,VNSTOCK_BRONZE
HIO,LATEST,balance_sheet,off_balance,0.0,ACTUAL,VNSTOCK_BRONZE
HIO,LATEST,balance_sheet,value,0.0,ACTUAL,VNSTOCK_BRONZE
HIO,LATEST,balance_sheet,order,101.0,ACTUAL,VNSTOCK_BRONZE
HIO,LATEST,balance_sheet,level,2.0,ACTUAL,VNSTOCK_BRONZE
HIO,LATEST,balance_sheet,off_balance,0.0,ACTUAL,VNSTOCK_BRONZE
HIO,LATEST,balance_sheet,value,0.0,ACTUAL,VNSTOCK_BRONZE
HIO,LATEST,balance_sheet,order,102.0,ACTUAL,VNSTOCK_BRONZE
HIO,LATEST,balance_sheet,level,2.0,ACTUAL,VNSTOCK_BRONZE
HIO,LATEST,balance_sheet,off_balance,0.0,ACTUAL,VNSTOCK_BRONZE
HIO,LATEST,balance_sheet,value,210000000000.0,ACTUAL,VNSTOCK_BRONZE
HIO,LATEST,balance_sheet,order,103.0,ACTUAL,VNSTOCK_BRONZE
HIO,LATEST,balance_sheet,level,3.0,ACTUAL,VNSTOCK_BRONZE
HIO,LATEST,balance_sheet,off_balance,0.0,ACTUAL,VNSTOCK_BRONZE
HIO,LATEST,balance_sheet,value,210000000000.0,ACTUAL,VNSTOCK_BRONZE
HIO,LATEST,balance_sheet,order,104.0,ACTUAL,VNSTOCK_BRONZE
HIO,LATEST,balance_sheet,level,2.0,ACTUAL,VNSTOCK_BRONZE
HIO,LATEST,balance_sheet,off_balance,0.0,ACTUAL,VNSTOCK_BRONZE
HIO,LATEST,balance_sheet,value,0.0,ACTUAL,VNSTOCK_BRONZE
HIO,LATEST,balance_sheet,order,105.0,ACTUAL,VNSTOCK_BRONZE
HIO,LATEST,balance_sheet,level,2.0,ACTUAL,VNSTOCK_BRONZE
HIO,LATEST,balance_sheet,off_balance,0.0,ACTUAL,VNSTOCK_BRONZE
HIO,LATEST,balance_sheet,value,0.0,ACTUAL,VNSTOCK_BRONZE
HIO,LATEST,balance_sheet,order,106.0,ACTUAL,VNSTOCK_BRONZE
HIO,LATEST,balance_sheet,level,2.0,ACTUAL,VNSTOCK_BRONZE
HIO,LATEST,balance_sheet,off_balance,0.0,ACTUAL,VNSTOCK_BRONZE
HIO,LATEST,balance_sheet,value,0.0,ACTUAL,VNSTOCK_BRONZE
HIO,LATEST,balance_sheet,order,107.0,ACTUAL,VNSTOCK_BRONZE
HIO,LATEST,balance_sheet,level,2.0,ACTUAL,VNSTOCK_BRONZE
HIO,LATEST,balance_sheet,off_balance,0.0,ACTUAL,VNSTOCK_BRONZE
HIO,LATEST,balance_sheet,value,0.0,ACTUAL,VNSTOCK_BRONZE
HIO,LATEST,balance_sheet,order,108.0,ACTUAL,VNSTOCK_BRONZE
HIO,LATEST,balance_sheet,level,2.0,ACTUAL,VNSTOCK_BRONZE
HIO,LATEST,balance_sheet,off_balance,0.0,ACTUAL,VNSTOCK_BRONZE
HIO,LATEST,balance_sheet,value,0.0,ACTUAL,VNSTOCK_BRONZE
HIO,LATEST,balance_sheet,order,109.0,ACTUAL,VNSTOCK_BRONZE
HIO,LATEST,balance_sheet,level,2.0,ACTUAL,VNSTOCK_BRONZE
HIO,LATEST,balance_sheet,off_balance,0.0,ACTUAL,VNSTOCK_BRONZE
HIO,LATEST,balance_sheet,value,0.0,ACTUAL,VNSTOCK_BRONZE
HIO,LATEST,balance_sheet,order,110.0,ACTUAL,VNSTOCK_BRONZE
HIO,LATEST,balance_sheet,level,2.0,ACTUAL,VNSTOCK_BRONZE
HIO,LATEST,balance_sheet,off_balance,0.0,ACTUAL,VNSTOCK_BRONZE
HIO,LATEST,balance_sheet,value,0.0,ACTUAL,VNSTOCK_BRONZE
HIO,LATEST,balance_sheet,order,111.0,ACTUAL,VNSTOCK_BRONZE
HIO,LATEST,balance_sheet,level,2.0,ACTUAL,VNSTOCK_BRONZE
HIO,LATEST,balance_sheet,off_balance,0.0,ACTUAL,VNSTOCK_BRONZE
HIO,LATEST,balance_sheet,value,8331664665.0,ACTUAL,VNSTOCK_BRONZE
HIO,LATEST,balance_sheet,order,112.0,ACTUAL,VNSTOCK_BRONZE
HIO,LATEST,balance_sheet,level,2.0,ACTUAL,VNSTOCK_BRONZE
HIO,LATEST,balance_sheet,off_balance,0.0,ACTUAL,VNSTOCK_BRONZE
HIO,LATEST,balance_sheet,value,35559666389.0,ACTUAL,VNSTOCK_BRONZE
HIO,LATEST,balance_sheet,order,113.0,ACTUAL,VNSTOCK_BRONZE
HIO,LATEST,balance_sheet,level,3.0,ACTUAL,VNSTOCK_BRONZE
HIO,LATEST,balance_sheet,off_balance,0.0,ACTUAL,VNSTOCK_BRONZE
HIO,LATEST,balance_sheet,value,14480905409.0,ACTUAL,VNSTOCK_BRONZE
HIO,LATEST,balance_sheet,order,114.0,ACTUAL,VNSTOCK_BRONZE
HIO,LATEST,balance_sheet,level,3.0,ACTUAL,VNSTOCK_BRONZE
HIO,LATEST,balance_sheet,off_balance,0.0,ACTUAL,VNSTOCK_BRONZE
HIO,LATEST,balance_sheet,value,21078760980.0,ACTUAL,VNSTOCK_BRONZE
HIO,LATEST,balance_sheet,order,115.0,ACTUAL,VNSTOCK_BRONZE
HIO,LATEST,balance_sheet,level,2.0,ACTUAL,VNSTOCK_BRONZE
HIO,LATEST,balance_sheet,off_balance,0.0,ACTUAL,VNSTOCK_BRONZE
HIO,LATEST,balance_sheet,value,0.0,ACTUAL,VNSTOCK_BRONZE
HIO,LATEST,balance_sheet,order,116.0,ACTUAL,VNSTOCK_BRONZE
HIO,LATEST,balance_sheet,level,1.0,ACTUAL,VNSTOCK_BRONZE
HIO,LATEST,balance_sheet,off_balance,0.0,ACTUAL,VNSTOCK_BRONZE
HIO,LATEST,balance_sheet,value,0.0,ACTUAL,VNSTOCK_BRONZE
HIO,LATEST,balance_sheet,order,117.0,ACTUAL,VNSTOCK_BRONZE
HIO,LATEST,balance_sheet,level,2.0,ACTUAL,VNSTOCK_BRONZE
HIO,LATEST,balance_sheet,off_balance,0.0,ACTUAL,VNSTOCK_BRONZE
HIO,LATEST,balance_sheet,value,0.0,ACTUAL,VNSTOCK_BRONZE
HIO,LATEST,balance_sheet,order,118.0,ACTUAL,VNSTOCK_BRONZE
HIO,LATEST,balance_sheet,level,1.0,ACTUAL,VNSTOCK_BRONZE
HIO,LATEST,balance_sheet,off_balance,0.0,ACTUAL,VNSTOCK_BRONZE
HIO,LATEST,balance_sheet,value,505482507817.0,ACTUAL,VNSTOCK_BRONZE
HIO,LATEST,balance_sheet,order,1.0,ACTUAL,VNSTOCK_BRONZE
HIO,LATEST,balance_sheet,level,1.0,ACTUAL,VNSTOCK_BRONZE
HIO,LATEST,balance_sheet,off_balance,0.0,ACTUAL,VNSTOCK_BRONZE
HIO,LATEST,balance_sheet,value,94574972317.0,ACTUAL,VNSTOCK_BRONZE
HIO,LATEST,balance_sheet,order,2.0,ACTUAL,VNSTOCK_BRONZE
HIO,LATEST,balance_sheet,level,1.0,ACTUAL,VNSTOCK_BRONZE
HIO,LATEST,balance_sheet,off_balance,0.0,ACTUAL,VNSTOCK_BRONZE
HIO,LATEST,balance_sheet,value,47028355298.0,ACTUAL,VNSTOCK_BRONZE
HIO,LATEST,balance_sheet,order,3.0,ACTUAL,VNSTOCK_BRONZE
HIO,LATEST,balance_sheet,level,2.0,ACTUAL,VNSTOCK_BRONZE
HIO,LATEST,balance_sheet,off_balance,0.0,ACTUAL,VNSTOCK_BRONZE
HIO,LATEST,balance_sheet,value,47028355298.0,ACTUAL,VNSTOCK_BRONZE
HIO,LATEST,balance_sheet,order,4.0,ACTUAL,VNSTOCK_BRONZE
HIO,LATEST,balance_sheet,level,2.0,ACTUAL,VNSTOCK_BRONZE
HIO,LATEST,balance_sheet,off_balance,0.0,ACTUAL,VNSTOCK_BRONZE
HIO,LATEST,balance_sheet,value,0.0,ACTUAL,VNSTOCK_BRONZE
HIO,LATEST,balance_sheet,order,5.0,ACTUAL,VNSTOCK_BRONZE
HIO,LATEST,balance_sheet,level,1.0,ACTUAL,VNSTOCK_BRONZE
HIO,LATEST,balance_sheet,off_balance,0.0,ACTUAL,VNSTOCK_BRONZE
HIO,LATEST,balance_sheet,value,0.0,ACTUAL,VNSTOCK_BRONZE
HIO,LATEST,balance_sheet,order,6.0,ACTUAL,VNSTOCK_BRONZE
HIO,LATEST,balance_sheet,level,2.0,ACTUAL,VNSTOCK_BRONZE
HIO,LATEST,balance_sheet,off_balance,0.0,ACTUAL,VNSTOCK_BRONZE
HIO,LATEST,balance_sheet,value,0.0,ACTUAL,VNSTOCK_BRONZE
HIO,LATEST,balance_sheet,order,7.0,ACTUAL,VNSTOCK_BRONZE
HIO,LATEST,balance_sheet,level,2.0,ACTUAL,VNSTOCK_BRONZE
HIO,LATEST,balance_sheet,off_balance,0.0,ACTUAL,VNSTOCK_BRONZE
HIO,LATEST,balance_sheet,value,0.0,ACTUAL,VNSTOCK_BRONZE
HIO,LATEST,balance_sheet,order,8.0,ACTUAL,VNSTOCK_BRONZE
HIO,LATEST,balance_sheet,level,2.0,ACTUAL,VNSTOCK_BRONZE
HIO,LATEST,balance_sheet,off_balance,0.0,ACTUAL,VNSTOCK_BRONZE
HIO,LATEST,balance_sheet,value,0.0,ACTUAL,VNSTOCK_BRONZE
HIO,LATEST,balance_sheet,order,9.0,ACTUAL,VNSTOCK_BRONZE
HIO,LATEST,balance_sheet,level,1.0,ACTUAL,VNSTOCK_BRONZE
HIO,LATEST,balance_sheet,off_balance,0.0,ACTUAL,VNSTOCK_BRONZE
HIO,LATEST,balance_sheet,value,26781687985.0,ACTUAL,VNSTOCK_BRONZE
HIO,LATEST,balance_sheet,order,10.0,ACTUAL,VNSTOCK_BRONZE
HIO,LATEST,balance_sheet,level,2.0,ACTUAL,VNSTOCK_BRONZE
HIO,LATEST,balance_sheet,off_balance,0.0,ACTUAL,VNSTOCK_BRONZE
HIO,LATEST,balance_sheet,value,20987113988.0,ACTUAL,VNSTOCK_BRONZE
HIO,LATEST,balance_sheet,order,11.0,ACTUAL,VNSTOCK_BRONZE
HIO,LATEST,balance_sheet,level,2.0,ACTUAL,VNSTOCK_BRONZE
HIO,LATEST,balance_sheet,off_balance,0.0,ACTUAL,VNSTOCK_BRONZE
HIO,LATEST,balance_sheet,value,1440399666.0,ACTUAL,VNSTOCK_BRONZE
HIO,LATEST,balance_sheet,order,12.0,ACTUAL,VNSTOCK_BRONZE
HIO,LATEST,balance_sheet,level,2.0,ACTUAL,VNSTOCK_BRONZE
HIO,LATEST,balance_sheet,off_balance,0.0,ACTUAL,VNSTOCK_BRONZE
HIO,LATEST,balance_sheet,value,0.0,ACTUAL,VNSTOCK_BRONZE
HIO,LATEST,balance_sheet,order,13.0,ACTUAL,VNSTOCK_BRONZE
HIO,LATEST,balance_sheet,level,2.0,ACTUAL,VNSTOCK_BRONZE
HIO,LATEST,balance_sheet,off_balance,0.0,ACTUAL,VNSTOCK_BRONZE
HIO,LATEST,balance_sheet,value,0.0,ACTUAL,VNSTOCK_BRONZE
HIO,LATEST,balance_sheet,order,14.0,ACTUAL,VNSTOCK_BRONZE
HIO,LATEST,balance_sheet,level,2.0,ACTUAL,VNSTOCK_BRONZE
HIO,LATEST,balance_sheet,off_balance,0.0,ACTUAL,VNSTOCK_BRONZE
HIO,LATEST,balance_sheet,value,0.0,ACTUAL,VNSTOCK_BRONZE
HIO,LATEST,balance_sheet,order,15.0,ACTUAL,VNSTOCK_BRONZE
HIO,LATEST,balance_sheet,level,2.0,ACTUAL,VNSTOCK_BRONZE
HIO,LATEST,balance_sheet,off_balance,0.0,ACTUAL,VNSTOCK_BRONZE
HIO,LATEST,balance_sheet,value,4354174331.0,ACTUAL,VNSTOCK_BRONZE
HIO,LATEST,balance_sheet,order,16.0,ACTUAL,VNSTOCK_BRONZE
HIO,LATEST,balance_sheet,level,2.0,ACTUAL,VNSTOCK_BRONZE
HIO,LATEST,balance_sheet,off_balance,0.0,ACTUAL,VNSTOCK_BRONZE
HIO,LATEST,balance_sheet,value,0.0,ACTUAL,VNSTOCK_BRONZE
HIO,LATEST,balance_sheet,order,17.0,ACTUAL,VNSTOCK_BRONZE
HIO,LATEST,balance_sheet,level,2.0,ACTUAL,VNSTOCK_BRONZE
HIO,LATEST,balance_sheet,off_balance,0.0,ACTUAL,VNSTOCK_BRONZE
HIO,LATEST,balance_sheet,value,0.0,ACTUAL,VNSTOCK_BRONZE
HIO,LATEST,balance_sheet,order,18.0,ACTUAL,VNSTOCK_BRONZE
HIO,LATEST,balance_sheet,level,1.0,ACTUAL,VNSTOCK_BRONZE
HIO,LATEST,balance_sheet,off_balance,0.0,ACTUAL,VNSTOCK_BRONZE
HIO,LATEST,balance_sheet,value,150025270.0,ACTUAL,VNSTOCK_BRONZE
HIO,LATEST,balance_sheet,order,19.0,ACTUAL,VNSTOCK_BRONZE
HIO,LATEST,balance_sheet,level,2.0,ACTUAL,VNSTOCK_BRONZE
HIO,LATEST,balance_sheet,off_balance,0.0,ACTUAL,VNSTOCK_BRONZE
HIO,LATEST,balance_sheet,value,150025270.0,ACTUAL,VNSTOCK_BRONZE
HIO,LATEST,balance_sheet,order,20.0,ACTUAL,VNSTOCK_BRONZE
HIO,LATEST,balance_sheet,level,2.0,ACTUAL,VNSTOCK_BRONZE
HIO,LATEST,balance_sheet,off_balance,0.0,ACTUAL,VNSTOCK_BRONZE
HIO,LATEST,balance_sheet,value,0.0,ACTUAL,VNSTOCK_BRONZE
HIO,LATEST,balance_sheet,order,21.0,ACTUAL,VNSTOCK_BRONZE
HIO,LATEST,balance_sheet,level,1.0,ACTUAL,VNSTOCK_BRONZE
HIO,LATEST,balance_sheet,off_balance,0.0,ACTUAL,VNSTOCK_BRONZE
HIO,LATEST,balance_sheet,value,20614903764.0,ACTUAL,VNSTOCK_BRONZE
HIO,LATEST,balance_sheet,order,22.0,ACTUAL,VNSTOCK_BRONZE
HIO,LATEST,balance_sheet,level,2.0,ACTUAL,VNSTOCK_BRONZE
HIO,LATEST,balance_sheet,off_balance,0.0,ACTUAL,VNSTOCK_BRONZE
HIO,LATEST,balance_sheet,value,2346270630.0,ACTUAL,VNSTOCK_BRONZE
HIO,LATEST,balance_sheet,order,23.0,ACTUAL,VNSTOCK_BRONZE
HIO,LATEST,balance_sheet,level,2.0,ACTUAL,VNSTOCK_BRONZE
HIO,LATEST,balance_sheet,off_balance,0.0,ACTUAL,VNSTOCK_BRONZE
HIO,LATEST,balance_sheet,value,18268633134.0,ACTUAL,VNSTOCK_BRONZE
HIO,LATEST,balance_sheet,order,24.0,ACTUAL,VNSTOCK_BRONZE
HIO,LATEST,balance_sheet,level,2.0,ACTUAL,VNSTOCK_BRONZE
HIO,LATEST,balance_sheet,off_balance,0.0,ACTUAL,VNSTOCK_BRONZE
HIO,LATEST,balance_sheet,value,0.0,ACTUAL,VNSTOCK_BRONZE
HIO,LATEST,balance_sheet,order,25.0,ACTUAL,VNSTOCK_BRONZE
HIO,LATEST,balance_sheet,level,2.0,ACTUAL,VNSTOCK_BRONZE
HIO,LATEST,balance_sheet,off_balance,0.0,ACTUAL,VNSTOCK_BRONZE
HIO,LATEST,balance_sheet,value,0.0,ACTUAL,VNSTOCK_BRONZE
HIO,LATEST,balance_sheet,order,26.0,ACTUAL,VNSTOCK_BRONZE
HIO,LATEST,balance_sheet,level,1.0,ACTUAL,VNSTOCK_BRONZE
HIO,LATEST,balance_sheet,off_balance,0.0,ACTUAL,VNSTOCK_BRONZE
HIO,LATEST,balance_sheet,value,424990164681.0,ACTUAL,VNSTOCK_BRONZE
HIO,LATEST,balance_sheet,order,27.0,ACTUAL,VNSTOCK_BRONZE
HIO,LATEST,balance_sheet,level,1.0,ACTUAL,VNSTOCK_BRONZE
HIO,LATEST,balance_sheet,off_balance,0.0,ACTUAL,VNSTOCK_BRONZE
HIO,LATEST,balance_sheet,value,2840000000.0,ACTUAL,VNSTOCK_BRONZE
HIO,LATEST,balance_sheet,order,28.0,ACTUAL,VNSTOCK_BRONZE
HIO,LATEST,balance_sheet,level,2.0,ACTUAL,VNSTOCK_BRONZE
HIO,LATEST,balance_sheet,off_balance,0.0,ACTUAL,VNSTOCK_BRONZE
HIO,LATEST,balance_sheet,value,0.0,ACTUAL,VNSTOCK_BRONZE
HIO,LATEST,balance_sheet,order,29.0,ACTUAL,VNSTOCK_BRONZE
HIO,LATEST,balance_sheet,level,2.0,ACTUAL,VNSTOCK_BRONZE
HIO,LATEST,balance_sheet,off_balance,0.0,ACTUAL,VNSTOCK_BRONZE
HIO,LATEST,balance_sheet,value,0.0,ACTUAL,VNSTOCK_BRONZE
HIO,LATEST,balance_sheet,order,30.0,ACTUAL,VNSTOCK_BRONZE
HIO,LATEST,balance_sheet,level,2.0,ACTUAL,VNSTOCK_BRONZE
HIO,LATEST,balance_sheet,off_balance,0.0,ACTUAL,VNSTOCK_BRONZE
HIO,LATEST,balance_sheet,value,0.0,ACTUAL,VNSTOCK_BRONZE
HIO,LATEST,balance_sheet,order,31.0,ACTUAL,VNSTOCK_BRONZE
HIO,LATEST,balance_sheet,level,2.0,ACTUAL,VNSTOCK_BRONZE
HIO,LATEST,balance_sheet,off_balance,0.0,ACTUAL,VNSTOCK_BRONZE
HIO,LATEST,balance_sheet,value,0.0,ACTUAL,VNSTOCK_BRONZE
HIO,LATEST,balance_sheet,order,32.0,ACTUAL,VNSTOCK_BRONZE
HIO,LATEST,balance_sheet,level,2.0,ACTUAL,VNSTOCK_BRONZE
HIO,LATEST,balance_sheet,off_balance,0.0,ACTUAL,VNSTOCK_BRONZE
HIO,LATEST,balance_sheet,value,2840000000.0,ACTUAL,VNSTOCK_BRONZE
HIO,LATEST,balance_sheet,order,33.0,ACTUAL,VNSTOCK_BRONZE
HIO,LATEST,balance_sheet,level,2.0,ACTUAL,VNSTOCK_BRONZE
HIO,LATEST,balance_sheet,off_balance,0.0,ACTUAL,VNSTOCK_BRONZE
HIO,LATEST,balance_sheet,value,-0.0,ACTUAL,VNSTOCK_BRONZE
HIO,LATEST,balance_sheet,order,34.0,ACTUAL,VNSTOCK_BRONZE
HIO,LATEST,balance_sheet,level,1.0,ACTUAL,VNSTOCK_BRONZE
HIO,LATEST,balance_sheet,off_balance,0.0,ACTUAL,VNSTOCK_BRONZE
HIO,LATEST,balance_sheet,value,348355060008.0,ACTUAL,VNSTOCK_BRONZE
HIO,LATEST,balance_sheet,order,35.0,ACTUAL,VNSTOCK_BRONZE
HIO,LATEST,balance_sheet,level,2.0,ACTUAL,VNSTOCK_BRONZE
HIO,LATEST,balance_sheet,off_balance,0.0,ACTUAL,VNSTOCK_BRONZE
HIO,LATEST,balance_sheet,value,348355060008.0,ACTUAL,VNSTOCK_BRONZE
HIO,LATEST,balance_sheet,order,36.0,ACTUAL,VNSTOCK_BRONZE
HIO,LATEST,balance_sheet,level,3.0,ACTUAL,VNSTOCK_BRONZE
HIO,LATEST,balance_sheet,off_balance,0.0,ACTUAL,VNSTOCK_BRONZE
HIO,LATEST,balance_sheet,value,493147313989.0,ACTUAL,VNSTOCK_BRONZE
HIO,LATEST,balance_sheet,order,37.0,ACTUAL,VNSTOCK_BRONZE
HIO,LATEST,balance_sheet,level,3.0,ACTUAL,VNSTOCK_BRONZE
HIO,LATEST,balance_sheet,off_balance,0.0,ACTUAL,VNSTOCK_BRONZE
HIO,LATEST,balance_sheet,value,-144792253981.0,ACTUAL,VNSTOCK_BRONZE
HIO,LATEST,balance_sheet,order,38.0,ACTUAL,VNSTOCK_BRONZE
HIO,LATEST,balance_sheet,level,2.0,ACTUAL,VNSTOCK_BRONZE
HIO,LATEST,balance_sheet,off_balance,0.0,ACTUAL,VNSTOCK_BRONZE
HIO,LATEST,balance_sheet,value,0.0,ACTUAL,VNSTOCK_BRONZE
HIO,LATEST,balance_sheet,order,39.0,ACTUAL,VNSTOCK_BRONZE
HIO,LATEST,balance_sheet,level,3.0,ACTUAL,VNSTOCK_BRONZE
HIO,LATEST,balance_sheet,off_balance,0.0,ACTUAL,VNSTOCK_BRONZE
HIO,LATEST,balance_sheet,value,0.0,ACTUAL,VNSTOCK_BRONZE
HIO,LATEST,balance_sheet,order,40.0,ACTUAL,VNSTOCK_BRONZE
HIO,LATEST,balance_sheet,level,3.0,ACTUAL,VNSTOCK_BRONZE
HIO,LATEST,balance_sheet,off_balance,0.0,ACTUAL,VNSTOCK_BRONZE
HIO,LATEST,balance_sheet,value,-0.0,ACTUAL,VNSTOCK_BRONZE
HIO,LATEST,balance_sheet,order,41.0,ACTUAL,VNSTOCK_BRONZE
HIO,LATEST,balance_sheet,level,2.0,ACTUAL,VNSTOCK_BRONZE
HIO,LATEST,balance_sheet,off_balance,0.0,ACTUAL,VNSTOCK_BRONZE
HIO,LATEST,balance_sheet,value,0.0,ACTUAL,VNSTOCK_BRONZE
HIO,LATEST,balance_sheet,order,42.0,ACTUAL,VNSTOCK_BRONZE
HIO,LATEST,balance_sheet,level,3.0,ACTUAL,VNSTOCK_BRONZE
HIO,LATEST,balance_sheet,off_balance,0.0,ACTUAL,VNSTOCK_BRONZE
HIO,LATEST,balance_sheet,value,0.0,ACTUAL,VNSTOCK_BRONZE
HIO,LATEST,balance_sheet,order,43.0,ACTUAL,VNSTOCK_BRONZE
HIO,LATEST,balance_sheet,level,3.0,ACTUAL,VNSTOCK_BRONZE
HIO,LATEST,balance_sheet,off_balance,0.0,ACTUAL,VNSTOCK_BRONZE
HIO,LATEST,balance_sheet,value,-0.0,ACTUAL,VNSTOCK_BRONZE
HIO,LATEST,balance_sheet,order,44.0,ACTUAL,VNSTOCK_BRONZE
HIO,LATEST,balance_sheet,level,1.0,ACTUAL,VNSTOCK_BRONZE
HIO,LATEST,balance_sheet,off_balance,0.0,ACTUAL,VNSTOCK_BRONZE
HIO,LATEST,balance_sheet,value,51209258958.0,ACTUAL,VNSTOCK_BRONZE
HIO,LATEST,balance_sheet,order,45.0,ACTUAL,VNSTOCK_BRONZE
HIO,LATEST,balance_sheet,level,2.0,ACTUAL,VNSTOCK_BRONZE
HIO,LATEST,balance_sheet,off_balance,0.0,ACTUAL,VNSTOCK_BRONZE
HIO,LATEST,balance_sheet,value,67768155812.0,ACTUAL,VNSTOCK_BRONZE
HIO,LATEST,balance_sheet,order,46.0,ACTUAL,VNSTOCK_BRONZE
HIO,LATEST,balance_sheet,level,2.0,ACTUAL,VNSTOCK_BRONZE
HIO,LATEST,balance_sheet,off_balance,0.0,ACTUAL,VNSTOCK_BRONZE
HIO,LATEST,balance_sheet,value,-16558896854.0,ACTUAL,VNSTOCK_BRONZE
HIO,LATEST,balance_sheet,order,47.0,ACTUAL,VNSTOCK_BRONZE
HIO,LATEST,balance_sheet,level,1.0,ACTUAL,VNSTOCK_BRONZE
HIO,LATEST,balance_sheet,off_balance,0.0,ACTUAL,VNSTOCK_BRONZE
HIO,LATEST,balance_sheet,value,0.0,ACTUAL,VNSTOCK_BRONZE
HIO,LATEST,balance_sheet,order,48.0,ACTUAL,VNSTOCK_BRONZE
HIO,LATEST,balance_sheet,level,2.0,ACTUAL,VNSTOCK_BRONZE
HIO,LATEST,balance_sheet,off_balance,0.0,ACTUAL,VNSTOCK_BRONZE
HIO,LATEST,balance_sheet,value,0.0,ACTUAL,VNSTOCK_BRONZE
HIO,LATEST,balance_sheet,order,49.0,ACTUAL,VNSTOCK_BRONZE
HIO,LATEST,balance_sheet,level,2.0,ACTUAL,VNSTOCK_BRONZE
HIO,LATEST,balance_sheet,off_balance,0.0,ACTUAL,VNSTOCK_BRONZE
HIO,LATEST,balance_sheet,value,0.0,ACTUAL,VNSTOCK_BRONZE
HIO,LATEST,balance_sheet,order,50.0,ACTUAL,VNSTOCK_BRONZE
HIO,LATEST,balance_sheet,level,1.0,ACTUAL,VNSTOCK_BRONZE
HIO,LATEST,balance_sheet,off_balance,0.0,ACTUAL,VNSTOCK_BRONZE
HIO,LATEST,balance_sheet,value,15582385033.0,ACTUAL,VNSTOCK_BRONZE
HIO,LATEST,balance_sheet,order,51.0,ACTUAL,VNSTOCK_BRONZE
HIO,LATEST,balance_sheet,level,2.0,ACTUAL,VNSTOCK_BRONZE
HIO,LATEST,balance_sheet,off_balance,0.0,ACTUAL,VNSTOCK_BRONZE
HIO,LATEST,balance_sheet,value,0.0,ACTUAL,VNSTOCK_BRONZE
HIO,LATEST,balance_sheet,order,52.0,ACTUAL,VNSTOCK_BRONZE
HIO,LATEST,balance_sheet,level,2.0,ACTUAL,VNSTOCK_BRONZE
HIO,LATEST,balance_sheet,off_balance,0.0,ACTUAL,VNSTOCK_BRONZE
HIO,LATEST,balance_sheet,value,15582385033.0,ACTUAL,VNSTOCK_BRONZE
HIO,LATEST,balance_sheet,order,53.0,ACTUAL,VNSTOCK_BRONZE
HIO,LATEST,balance_sheet,level,2.0,ACTUAL,VNSTOCK_BRONZE
HIO,LATEST,balance_sheet,off_balance,0.0,ACTUAL,VNSTOCK_BRONZE
HIO,LATEST,balance_sheet,value,0.0,ACTUAL,VNSTOCK_BRONZE
HIO,LATEST,balance_sheet,order,54.0,ACTUAL,VNSTOCK_BRONZE
HIO,LATEST,balance_sheet,level,2.0,ACTUAL,VNSTOCK_BRONZE
HIO,LATEST,balance_sheet,off_balance,0.0,ACTUAL,VNSTOCK_BRONZE
HIO,LATEST,balance_sheet,value,0.0,ACTUAL,VNSTOCK_BRONZE
HIO,LATEST,balance_sheet,order,55.0,ACTUAL,VNSTOCK_BRONZE
HIO,LATEST,balance_sheet,level,2.0,ACTUAL,VNSTOCK_BRONZE
HIO,LATEST,balance_sheet,off_balance,0.0,ACTUAL,VNSTOCK_BRONZE
HIO,LATEST,balance_sheet,value,0.0,ACTUAL,VNSTOCK_BRONZE
HIO,LATEST,balance_sheet,order,56.0,ACTUAL,VNSTOCK_BRONZE
HIO,LATEST,balance_sheet,level,1.0,ACTUAL,VNSTOCK_BRONZE
HIO,LATEST,balance_sheet,off_balance,0.0,ACTUAL,VNSTOCK_BRONZE
HIO,LATEST,balance_sheet,value,7003460682.0,ACTUAL,VNSTOCK_BRONZE
HIO,LATEST,balance_sheet,order,57.0,ACTUAL,VNSTOCK_BRONZE
HIO,LATEST,balance_sheet,level,2.0,ACTUAL,VNSTOCK_BRONZE
HIO,LATEST,balance_sheet,off_balance,0.0,ACTUAL,VNSTOCK_BRONZE
HIO,LATEST,balance_sheet,value,0.0,ACTUAL,VNSTOCK_BRONZE
HIO,LATEST,balance_sheet,order,58.0,ACTUAL,VNSTOCK_BRONZE
HIO,LATEST,balance_sheet,level,2.0,ACTUAL,VNSTOCK_BRONZE
HIO,LATEST,balance_sheet,off_balance,0.0,ACTUAL,VNSTOCK_BRONZE
HIO,LATEST,balance_sheet,value,2602322397.0,ACTUAL,VNSTOCK_BRONZE
HIO,LATEST,balance_sheet,order,59.0,ACTUAL,VNSTOCK_BRONZE
HIO,LATEST,balance_sheet,level,2.0,ACTUAL,VNSTOCK_BRONZE
HIO,LATEST,balance_sheet,off_balance,0.0,ACTUAL,VNSTOCK_BRONZE
HIO,LATEST,balance_sheet,value,1861114670.0,ACTUAL,VNSTOCK_BRONZE
HIO,LATEST,balance_sheet,order,60.0,ACTUAL,VNSTOCK_BRONZE
HIO,LATEST,balance_sheet,level,2.0,ACTUAL,VNSTOCK_BRONZE
HIO,LATEST,balance_sheet,off_balance,0.0,ACTUAL,VNSTOCK_BRONZE
HIO,LATEST,balance_sheet,value,0.0,ACTUAL,VNSTOCK_BRONZE
HIO,LATEST,balance_sheet,order,61.0,ACTUAL,VNSTOCK_BRONZE
HIO,LATEST,balance_sheet,level,2.0,ACTUAL,VNSTOCK_BRONZE
HIO,LATEST,balance_sheet,off_balance,0.0,ACTUAL,VNSTOCK_BRONZE
HIO,LATEST,balance_sheet,value,0.0,ACTUAL,VNSTOCK_BRONZE
HIO,LATEST,balance_sheet,order,62.0,ACTUAL,VNSTOCK_BRONZE
HIO,LATEST,balance_sheet,level,2.0,ACTUAL,VNSTOCK_BRONZE
HIO,LATEST,balance_sheet,off_balance,0.0,ACTUAL,VNSTOCK_BRONZE
HIO,LATEST,balance_sheet,value,2540023615.0,ACTUAL,VNSTOCK_BRONZE
HIO,LATEST,balance_sheet,order,63.0,ACTUAL,VNSTOCK_BRONZE
HIO,LATEST,balance_sheet,level,1.0,ACTUAL,VNSTOCK_BRONZE
HIO,LATEST,balance_sheet,off_balance,0.0,ACTUAL,VNSTOCK_BRONZE
HIO,LATEST,balance_sheet,value,519565136998.0,ACTUAL,VNSTOCK_BRONZE
HIO,LATEST,balance_sheet,order,64.0,ACTUAL,VNSTOCK_BRONZE
HIO,LATEST,balance_sheet,level,1.0,ACTUAL,VNSTOCK_BRONZE
HIO,LATEST,balance_sheet,off_balance,0.0,ACTUAL,VNSTOCK_BRONZE
HIO,LATEST,balance_sheet,value,268160611192.0,ACTUAL,VNSTOCK_BRONZE
HIO,LATEST,balance_sheet,order,65.0,ACTUAL,VNSTOCK_BRONZE
HIO,LATEST,balance_sheet,level,1.0,ACTUAL,VNSTOCK_BRONZE
HIO,LATEST,balance_sheet,off_balance,0.0,ACTUAL,VNSTOCK_BRONZE
HIO,LATEST,balance_sheet,value,76065481039.0,ACTUAL,VNSTOCK_BRONZE
HIO,LATEST,balance_sheet,order,66.0,ACTUAL,VNSTOCK_BRONZE
HIO,LATEST,balance_sheet,level,2.0,ACTUAL,VNSTOCK_BRONZE
HIO,LATEST,balance_sheet,off_balance,0.0,ACTUAL,VNSTOCK_BRONZE
HIO,LATEST,balance_sheet,value,0.0,ACTUAL,VNSTOCK_BRONZE
HIO,LATEST,balance_sheet,order,67.0,ACTUAL,VNSTOCK_BRONZE
HIO,LATEST,balance_sheet,level,2.0,ACTUAL,VNSTOCK_BRONZE
HIO,LATEST,balance_sheet,off_balance,0.0,ACTUAL,VNSTOCK_BRONZE
HIO,LATEST,balance_sheet,value,0.0,ACTUAL,VNSTOCK_BRONZE
HIO,LATEST,balance_sheet,order,68.0,ACTUAL,VNSTOCK_BRONZE
HIO,LATEST,balance_sheet,level,2.0,ACTUAL,VNSTOCK_BRONZE
HIO,LATEST,balance_sheet,off_balance,0.0,ACTUAL,VNSTOCK_BRONZE
HIO,LATEST,balance_sheet,value,0.0,ACTUAL,VNSTOCK_BRONZE
HIO,LATEST,balance_sheet,order,69.0,ACTUAL,VNSTOCK_BRONZE
HIO,LATEST,balance_sheet,level,2.0,ACTUAL,VNSTOCK_BRONZE
HIO,LATEST,balance_sheet,off_balance,0.0,ACTUAL,VNSTOCK_BRONZE
HIO,LATEST,balance_sheet,value,4964711231.0,ACTUAL,VNSTOCK_BRONZE
HIO,LATEST,balance_sheet,order,70.0,ACTUAL,VNSTOCK_BRONZE
HIO,LATEST,balance_sheet,level,2.0,ACTUAL,VNSTOCK_BRONZE
HIO,LATEST,balance_sheet,off_balance,0.0,ACTUAL,VNSTOCK_BRONZE
HIO,LATEST,balance_sheet,value,0.0,ACTUAL,VNSTOCK_BRONZE
HIO,LATEST,balance_sheet,order,71.0,ACTUAL,VNSTOCK_BRONZE
HIO,LATEST,balance_sheet,level,2.0,ACTUAL,VNSTOCK_BRONZE
HIO,LATEST,balance_sheet,off_balance,0.0,ACTUAL,VNSTOCK_BRONZE
HIO,LATEST,balance_sheet,value,182198830.0,ACTUAL,VNSTOCK_BRONZE
HIO,LATEST,balance_sheet,order,72.0,ACTUAL,VNSTOCK_BRONZE
HIO,LATEST,balance_sheet,level,2.0,ACTUAL,VNSTOCK_BRONZE
HIO,LATEST,balance_sheet,off_balance,0.0,ACTUAL,VNSTOCK_BRONZE
HIO,LATEST,balance_sheet,value,296500000.0,ACTUAL,VNSTOCK_BRONZE
HIO,LATEST,balance_sheet,order,73.0,ACTUAL,VNSTOCK_BRONZE
HIO,LATEST,balance_sheet,level,2.0,ACTUAL,VNSTOCK_BRONZE
HIO,LATEST,balance_sheet,off_balance,0.0,ACTUAL,VNSTOCK_BRONZE
HIO,LATEST,balance_sheet,value,3199718315.0,ACTUAL,VNSTOCK_BRONZE
HIO,LATEST,balance_sheet,order,74.0,ACTUAL,VNSTOCK_BRONZE
HIO,LATEST,balance_sheet,level,2.0,ACTUAL,VNSTOCK_BRONZE
HIO,LATEST,balance_sheet,off_balance,0.0,ACTUAL,VNSTOCK_BRONZE
HIO,LATEST,balance_sheet,value,0.0,ACTUAL,VNSTOCK_BRONZE
HIO,LATEST,balance_sheet,order,75.0,ACTUAL,VNSTOCK_BRONZE
HIO,LATEST,balance_sheet,level,2.0,ACTUAL,VNSTOCK_BRONZE
HIO,LATEST,balance_sheet,off_balance,0.0,ACTUAL,VNSTOCK_BRONZE
HIO,LATEST,balance_sheet,value,121470875.0,ACTUAL,VNSTOCK_BRONZE
HIO,LATEST,balance_sheet,order,76.0,ACTUAL,VNSTOCK_BRONZE
HIO,LATEST,balance_sheet,level,2.0,ACTUAL,VNSTOCK_BRONZE
HIO,LATEST,balance_sheet,off_balance,0.0,ACTUAL,VNSTOCK_BRONZE
HIO,LATEST,balance_sheet,value,0.0,ACTUAL,VNSTOCK_BRONZE
HIO,LATEST,balance_sheet,order,77.0,ACTUAL,VNSTOCK_BRONZE
HIO,LATEST,balance_sheet,level,2.0,ACTUAL,VNSTOCK_BRONZE
HIO,LATEST,balance_sheet,off_balance,0.0,ACTUAL,VNSTOCK_BRONZE
HIO,LATEST,balance_sheet,value,66495000000.0,ACTUAL,VNSTOCK_BRONZE
HIO,LATEST,balance_sheet,order,78.0,ACTUAL,VNSTOCK_BRONZE
HIO,LATEST,balance_sheet,level,2.0,ACTUAL,VNSTOCK_BRONZE
HIO,LATEST,balance_sheet,off_balance,0.0,ACTUAL,VNSTOCK_BRONZE
HIO,LATEST,balance_sheet,value,0.0,ACTUAL,VNSTOCK_BRONZE
HIO,LATEST,balance_sheet,order,79.0,ACTUAL,VNSTOCK_BRONZE
HIO,LATEST,balance_sheet,level,2.0,ACTUAL,VNSTOCK_BRONZE
HIO,LATEST,balance_sheet,off_balance,0.0,ACTUAL,VNSTOCK_BRONZE
HIO,LATEST,balance_sheet,value,805881788.0,ACTUAL,VNSTOCK_BRONZE
HIO,LATEST,balance_sheet,order,80.0,ACTUAL,VNSTOCK_BRONZE
HIO,LATEST,balance_sheet,level,2.0,ACTUAL,VNSTOCK_BRONZE
HIO,LATEST,balance_sheet,off_balance,0.0,ACTUAL,VNSTOCK_BRONZE
HIO,LATEST,balance_sheet,value,0.0,ACTUAL,VNSTOCK_BRONZE
HIO,LATEST,balance_sheet,order,81.0,ACTUAL,VNSTOCK_BRONZE
HIO,LATEST,balance_sheet,level,2.0,ACTUAL,VNSTOCK_BRONZE
HIO,LATEST,balance_sheet,off_balance,0.0,ACTUAL,VNSTOCK_BRONZE
HIO,LATEST,balance_sheet,value,0.0,ACTUAL,VNSTOCK_BRONZE
HIO,LATEST,balance_sheet,order,82.0,ACTUAL,VNSTOCK_BRONZE
HIO,LATEST,balance_sheet,level,1.0,ACTUAL,VNSTOCK_BRONZE
HIO,LATEST,balance_sheet,off_balance,0.0,ACTUAL,VNSTOCK_BRONZE
HIO,LATEST,balance_sheet,value,192095130153.0,ACTUAL,VNSTOCK_BRONZE
HIO,LATEST,balance_sheet,order,83.0,ACTUAL,VNSTOCK_BRONZE
HIO,LATEST,balance_sheet,level,2.0,ACTUAL,VNSTOCK_BRONZE
HIO,LATEST,balance_sheet,off_balance,0.0,ACTUAL,VNSTOCK_BRONZE
HIO,LATEST,balance_sheet,value,0.0,ACTUAL,VNSTOCK_BRONZE
HIO,LATEST,balance_sheet,order,84.0,ACTUAL,VNSTOCK_BRONZE
HIO,LATEST,balance_sheet,level,2.0,ACTUAL,VNSTOCK_BRONZE
HIO,LATEST,balance_sheet,off_balance,0.0,ACTUAL,VNSTOCK_BRONZE
HIO,LATEST,balance_sheet,order,85.0,ACTUAL,VNSTOCK_BRONZE
HIO,LATEST,balance_sheet,level,2.0,ACTUAL,VNSTOCK_BRONZE
HIO,LATEST,balance_sheet,off_balance,0.0,ACTUAL,VNSTOCK_BRONZE
HIO,LATEST,balance_sheet,value,0.0,ACTUAL,VNSTOCK_BRONZE
HIO,LATEST,balance_sheet,order,86.0,ACTUAL,VNSTOCK_BRONZE
HIO,LATEST,balance_sheet,level,2.0,ACTUAL,VNSTOCK_BRONZE
HIO,LATEST,balance_sheet,off_balance,0.0,ACTUAL,VNSTOCK_BRONZE
HIO,LATEST,balance_sheet,value,0.0,ACTUAL,VNSTOCK_BRONZE
HIO,LATEST,balance_sheet,order,87.0,ACTUAL,VNSTOCK_BRONZE
HIO,LATEST,balance_sheet,level,2.0,ACTUAL,VNSTOCK_BRONZE
HIO,LATEST,balance_sheet,off_balance,0.0,ACTUAL,VNSTOCK_BRONZE
HIO,LATEST,balance_sheet,value,0.0,ACTUAL,VNSTOCK_BRONZE
HIO,LATEST,balance_sheet,order,88.0,ACTUAL,VNSTOCK_BRONZE
HIO,LATEST,balance_sheet,level,2.0,ACTUAL,VNSTOCK_BRONZE
HIO,LATEST,balance_sheet,off_balance,0.0,ACTUAL,VNSTOCK_BRONZE
HIO,LATEST,balance_sheet,value,0.0,ACTUAL,VNSTOCK_BRONZE
HIO,LATEST,balance_sheet,order,89.0,ACTUAL,VNSTOCK_BRONZE
HIO,LATEST,balance_sheet,level,2.0,ACTUAL,VNSTOCK_BRONZE
HIO,LATEST,balance_sheet,off_balance,0.0,ACTUAL,VNSTOCK_BRONZE
HIO,LATEST,balance_sheet,value,0.0,ACTUAL,VNSTOCK_BRONZE
HIO,LATEST,balance_sheet,order,90.0,ACTUAL,VNSTOCK_BRONZE
HIO,LATEST,balance_sheet,level,2.0,ACTUAL,VNSTOCK_BRONZE
HIO,LATEST,balance_sheet,off_balance,0.0,ACTUAL,VNSTOCK_BRONZE
HIO,LATEST,balance_sheet,value,0.0,ACTUAL,VNSTOCK_BRONZE
HIO,LATEST,balance_sheet,order,91.0,ACTUAL,VNSTOCK_BRONZE
HIO,LATEST,balance_sheet,level,2.0,ACTUAL,VNSTOCK_BRONZE
HIO,LATEST,balance_sheet,off_balance,0.0,ACTUAL,VNSTOCK_BRONZE
HIO,LATEST,balance_sheet,value,191674205058.0,ACTUAL,VNSTOCK_BRONZE
HIO,LATEST,balance_sheet,order,92.0,ACTUAL,VNSTOCK_BRONZE
HIO,LATEST,balance_sheet,level,2.0,ACTUAL,VNSTOCK_BRONZE
HIO,LATEST,balance_sheet,off_balance,0.0,ACTUAL,VNSTOCK_BRONZE
HIO,LATEST,balance_sheet,value,0.0,ACTUAL,VNSTOCK_BRONZE
HIO,LATEST,balance_sheet,order,93.0,ACTUAL,VNSTOCK_BRONZE
HIO,LATEST,balance_sheet,level,2.0,ACTUAL,VNSTOCK_BRONZE
HIO,LATEST,balance_sheet,off_balance,0.0,ACTUAL,VNSTOCK_BRONZE
HIO,LATEST,balance_sheet,value,420925095.0,ACTUAL,VNSTOCK_BRONZE
HIO,LATEST,balance_sheet,order,94.0,ACTUAL,VNSTOCK_BRONZE
HIO,LATEST,balance_sheet,level,2.0,ACTUAL,VNSTOCK_BRONZE
HIO,LATEST,balance_sheet,off_balance,0.0,ACTUAL,VNSTOCK_BRONZE
HIO,LATEST,balance_sheet,value,0.0,ACTUAL,VNSTOCK_BRONZE
HIO,LATEST,balance_sheet,order,95.0,ACTUAL,VNSTOCK_BRONZE
HIO,LATEST,balance_sheet,level,2.0,ACTUAL,VNSTOCK_BRONZE
HIO,LATEST,balance_sheet,off_balance,0.0,ACTUAL,VNSTOCK_BRONZE
HIO,LATEST,balance_sheet,value,0.0,ACTUAL,VNSTOCK_BRONZE
HIO,LATEST,balance_sheet,order,96.0,ACTUAL,VNSTOCK_BRONZE
HIO,LATEST,balance_sheet,level,1.0,ACTUAL,VNSTOCK_BRONZE
HIO,LATEST,balance_sheet,off_balance,0.0,ACTUAL,VNSTOCK_BRONZE
HIO,LATEST,balance_sheet,value,251404525806.0,ACTUAL,VNSTOCK_BRONZE
HIO,LATEST,balance_sheet,order,97.0,ACTUAL,VNSTOCK_BRONZE
HIO,LATEST,balance_sheet,level,1.0,ACTUAL,VNSTOCK_BRONZE
HIO,LATEST,balance_sheet,off_balance,0.0,ACTUAL,VNSTOCK_BRONZE
HIO,LATEST,balance_sheet,value,251404525806.0,ACTUAL,VNSTOCK_BRONZE
HIO,LATEST,balance_sheet,order,98.0,ACTUAL,VNSTOCK_BRONZE
HIO,LATEST,balance_sheet,level,2.0,ACTUAL,VNSTOCK_BRONZE
HIO,LATEST,balance_sheet,off_balance,0.0,ACTUAL,VNSTOCK_BRONZE
HIO,LATEST,balance_sheet,value,0.0,ACTUAL,VNSTOCK_BRONZE
HIO,LATEST,balance_sheet,order,99.0,ACTUAL,VNSTOCK_BRONZE
HIO,LATEST,balance_sheet,level,2.0,ACTUAL,VNSTOCK_BRONZE
HIO,LATEST,balance_sheet,off_balance,0.0,ACTUAL,VNSTOCK_BRONZE
HIO,LATEST,balance_sheet,value,0.0,ACTUAL,VNSTOCK_BRONZE
HIO,LATEST,balance_sheet,order,100.0,ACTUAL,VNSTOCK_BRONZE
HIO,LATEST,balance_sheet,level,2.0,ACTUAL,VNSTOCK_BRONZE
HIO,LATEST,balance_sheet,off_balance,0.0,ACTUAL,VNSTOCK_BRONZE
HIO,LATEST,balance_sheet,value,0.0,ACTUAL,VNSTOCK_BRONZE
HIO,LATEST,balance_sheet,order,101.0,ACTUAL,VNSTOCK_BRONZE
HIO,LATEST,balance_sheet,level,2.0,ACTUAL,VNSTOCK_BRONZE
HIO,LATEST,balance_sheet,off_balance,0.0,ACTUAL,VNSTOCK_BRONZE
HIO,LATEST,balance_sheet,value,0.0,ACTUAL,VNSTOCK_BRONZE
HIO,LATEST,balance_sheet,order,102.0,ACTUAL,VNSTOCK_BRONZE
HIO,LATEST,balance_sheet,level,2.0,ACTUAL,VNSTOCK_BRONZE
HIO,LATEST,balance_sheet,off_balance,0.0,ACTUAL,VNSTOCK_BRONZE
HIO,LATEST,balance_sheet,value,210000000000.0,ACTUAL,VNSTOCK_BRONZE
HIO,LATEST,balance_sheet,order,103.0,ACTUAL,VNSTOCK_BRONZE
HIO,LATEST,balance_sheet,level,3.0,ACTUAL,VNSTOCK_BRONZE
HIO,LATEST,balance_sheet,off_balance,0.0,ACTUAL,VNSTOCK_BRONZE
HIO,LATEST,balance_sheet,value,210000000000.0,ACTUAL,VNSTOCK_BRONZE
HIO,LATEST,balance_sheet,order,104.0,ACTUAL,VNSTOCK_BRONZE
HIO,LATEST,balance_sheet,level,2.0,ACTUAL,VNSTOCK_BRONZE
HIO,LATEST,balance_sheet,off_balance,0.0,ACTUAL,VNSTOCK_BRONZE
HIO,LATEST,balance_sheet,value,0.0,ACTUAL,VNSTOCK_BRONZE
HIO,LATEST,balance_sheet,order,105.0,ACTUAL,VNSTOCK_BRONZE
HIO,LATEST,balance_sheet,level,2.0,ACTUAL,VNSTOCK_BRONZE
HIO,LATEST,balance_sheet,off_balance,0.0,ACTUAL,VNSTOCK_BRONZE
HIO,LATEST,balance_sheet,value,0.0,ACTUAL,VNSTOCK_BRONZE
HIO,LATEST,balance_sheet,order,106.0,ACTUAL,VNSTOCK_BRONZE
HIO,LATEST,balance_sheet,level,2.0,ACTUAL,VNSTOCK_BRONZE
HIO,LATEST,balance_sheet,off_balance,0.0,ACTUAL,VNSTOCK_BRONZE
HIO,LATEST,balance_sheet,value,0.0,ACTUAL,VNSTOCK_BRONZE
HIO,LATEST,balance_sheet,order,107.0,ACTUAL,VNSTOCK_BRONZE
HIO,LATEST,balance_sheet,level,2.0,ACTUAL,VNSTOCK_BRONZE
HIO,LATEST,balance_sheet,off_balance,0.0,ACTUAL,VNSTOCK_BRONZE
HIO,LATEST,balance_sheet,value,0.0,ACTUAL,VNSTOCK_BRONZE
HIO,LATEST,balance_sheet,order,108.0,ACTUAL,VNSTOCK_BRONZE
HIO,LATEST,balance_sheet,level,2.0,ACTUAL,VNSTOCK_BRONZE
HIO,LATEST,balance_sheet,off_balance,0.0,ACTUAL,VNSTOCK_BRONZE
HIO,LATEST,balance_sheet,value,0.0,ACTUAL,VNSTOCK_BRONZE
HIO,LATEST,balance_sheet,order,109.0,ACTUAL,VNSTOCK_BRONZE
HIO,LATEST,balance_sheet,level,2.0,ACTUAL,VNSTOCK_BRONZE
HIO,LATEST,balance_sheet,off_balance,0.0,ACTUAL,VNSTOCK_BRONZE
HIO,LATEST,balance_sheet,value,0.0,ACTUAL,VNSTOCK_BRONZE
HIO,LATEST,balance_sheet,order,110.0,ACTUAL,VNSTOCK_BRONZE
HIO,LATEST,balance_sheet,level,2.0,ACTUAL,VNSTOCK_BRONZE
HIO,LATEST,balance_sheet,off_balance,0.0,ACTUAL,VNSTOCK_BRONZE
HIO,LATEST,balance_sheet,value,0.0,ACTUAL,VNSTOCK_BRONZE
HIO,LATEST,balance_sheet,order,111.0,ACTUAL,VNSTOCK_BRONZE
HIO,LATEST,balance_sheet,level,2.0,ACTUAL,VNSTOCK_BRONZE
HIO,LATEST,balance_sheet,off_balance,0.0,ACTUAL,VNSTOCK_BRONZE
HIO,LATEST,balance_sheet,value,8331664665.0,ACTUAL,VNSTOCK_BRONZE
HIO,LATEST,balance_sheet,order,112.0,ACTUAL,VNSTOCK_BRONZE
HIO,LATEST,balance_sheet,level,2.0,ACTUAL,VNSTOCK_BRONZE
HIO,LATEST,balance_sheet,off_balance,0.0,ACTUAL,VNSTOCK_BRONZE
HIO,LATEST,balance_sheet,value,33072861141.0,ACTUAL,VNSTOCK_BRONZE
HIO,LATEST,balance_sheet,order,113.0,ACTUAL,VNSTOCK_BRONZE
HIO,LATEST,balance_sheet,level,3.0,ACTUAL,VNSTOCK_BRONZE
HIO,LATEST,balance_sheet,off_balance,0.0,ACTUAL,VNSTOCK_BRONZE
HIO,LATEST,balance_sheet,value,14480905409.0,ACTUAL,VNSTOCK_BRONZE
HIO,LATEST,balance_sheet,order,114.0,ACTUAL,VNSTOCK_BRONZE
HIO,LATEST,balance_sheet,level,3.0,ACTUAL,VNSTOCK_BRONZE
HIO,LATEST,balance_sheet,off_balance,0.0,ACTUAL,VNSTOCK_BRONZE
HIO,LATEST,balance_sheet,value,18591955732.0,ACTUAL,VNSTOCK_BRONZE
HIO,LATEST,balance_sheet,order,115.0,ACTUAL,VNSTOCK_BRONZE
HIO,LATEST,balance_sheet,level,2.0,ACTUAL,VNSTOCK_BRONZE
HIO,LATEST,balance_sheet,off_balance,0.0,ACTUAL,VNSTOCK_BRONZE
HIO,LATEST,balance_sheet,value,0.0,ACTUAL,VNSTOCK_BRONZE
HIO,LATEST,balance_sheet,order,116.0,ACTUAL,VNSTOCK_BRONZE
HIO,LATEST,balance_sheet,level,1.0,ACTUAL,VNSTOCK_BRONZE
HIO,LATEST,balance_sheet,off_balance,0.0,ACTUAL,VNSTOCK_BRONZE
HIO,LATEST,balance_sheet,value,0.0,ACTUAL,VNSTOCK_BRONZE
HIO,LATEST,balance_sheet,order,117.0,ACTUAL,VNSTOCK_BRONZE
HIO,LATEST,balance_sheet,level,2.0,ACTUAL,VNSTOCK_BRONZE
HIO,LATEST,balance_sheet,off_balance,0.0,ACTUAL,VNSTOCK_BRONZE
HIO,LATEST,balance_sheet,value,0.0,ACTUAL,VNSTOCK_BRONZE
HIO,LATEST,balance_sheet,order,118.0,ACTUAL,VNSTOCK_BRONZE
HIO,LATEST,balance_sheet,level,1.0,ACTUAL,VNSTOCK_BRONZE
HIO,LATEST,balance_sheet,off_balance,0.0,ACTUAL,VNSTOCK_BRONZE
HIO,LATEST,balance_sheet,value,519565136998.0,ACTUAL,VNSTOCK_BRONZE
HIO,LATEST,balance_sheet,order,1.0,ACTUAL,VNSTOCK_BRONZE
HIO,LATEST,balance_sheet,level,1.0,ACTUAL,VNSTOCK_BRONZE
HIO,LATEST,balance_sheet,off_balance,0.0,ACTUAL,VNSTOCK_BRONZE
HIO,LATEST,balance_sheet,value,97040155323.0,ACTUAL,VNSTOCK_BRONZE
HIO,LATEST,balance_sheet,order,2.0,ACTUAL,VNSTOCK_BRONZE
HIO,LATEST,balance_sheet,level,1.0,ACTUAL,VNSTOCK_BRONZE
HIO,LATEST,balance_sheet,off_balance,0.0,ACTUAL,VNSTOCK_BRONZE
HIO,LATEST,balance_sheet,value,28183044891.0,ACTUAL,VNSTOCK_BRONZE
HIO,LATEST,balance_sheet,order,3.0,ACTUAL,VNSTOCK_BRONZE
HIO,LATEST,balance_sheet,level,2.0,ACTUAL,VNSTOCK_BRONZE
HIO,LATEST,balance_sheet,off_balance,0.0,ACTUAL,VNSTOCK_BRONZE
HIO,LATEST,balance_sheet,value,24183044891.0,ACTUAL,VNSTOCK_BRONZE
HIO,LATEST,balance_sheet,order,4.0,ACTUAL,VNSTOCK_BRONZE
HIO,LATEST,balance_sheet,level,2.0,ACTUAL,VNSTOCK_BRONZE
HIO,LATEST,balance_sheet,off_balance,0.0,ACTUAL,VNSTOCK_BRONZE
HIO,LATEST,balance_sheet,value,4000000000.0,ACTUAL,VNSTOCK_BRONZE
HIO,LATEST,balance_sheet,order,5.0,ACTUAL,VNSTOCK_BRONZE
HIO,LATEST,balance_sheet,level,1.0,ACTUAL,VNSTOCK_BRONZE
HIO,LATEST,balance_sheet,off_balance,0.0,ACTUAL,VNSTOCK_BRONZE
HIO,LATEST,balance_sheet,value,25000000000.0,ACTUAL,VNSTOCK_BRONZE
HIO,LATEST,balance_sheet,order,6.0,ACTUAL,VNSTOCK_BRONZE
HIO,LATEST,balance_sheet,level,2.0,ACTUAL,VNSTOCK_BRONZE
HIO,LATEST,balance_sheet,off_balance,0.0,ACTUAL,VNSTOCK_BRONZE
HIO,LATEST,balance_sheet,value,0.0,ACTUAL,VNSTOCK_BRONZE
HIO,LATEST,balance_sheet,order,7.0,ACTUAL,VNSTOCK_BRONZE
HIO,LATEST,balance_sheet,level,2.0,ACTUAL,VNSTOCK_BRONZE
HIO,LATEST,balance_sheet,off_balance,0.0,ACTUAL,VNSTOCK_BRONZE
HIO,LATEST,balance_sheet,value,0.0,ACTUAL,VNSTOCK_BRONZE
HIO,LATEST,balance_sheet,order,8.0,ACTUAL,VNSTOCK_BRONZE
HIO,LATEST,balance_sheet,level,2.0,ACTUAL,VNSTOCK_BRONZE
HIO,LATEST,balance_sheet,off_balance,0.0,ACTUAL,VNSTOCK_BRONZE
HIO,LATEST,balance_sheet,value,25000000000.0,ACTUAL,VNSTOCK_BRONZE
HIO,LATEST,balance_sheet,order,9.0,ACTUAL,VNSTOCK_BRONZE
HIO,LATEST,balance_sheet,level,1.0,ACTUAL,VNSTOCK_BRONZE
HIO,LATEST,balance_sheet,off_balance,0.0,ACTUAL,VNSTOCK_BRONZE
HIO,LATEST,balance_sheet,value,20701292212.0,ACTUAL,VNSTOCK_BRONZE
HIO,LATEST,balance_sheet,order,10.0,ACTUAL,VNSTOCK_BRONZE
HIO,LATEST,balance_sheet,level,2.0,ACTUAL,VNSTOCK_BRONZE
HIO,LATEST,balance_sheet,off_balance,0.0,ACTUAL,VNSTOCK_BRONZE
HIO,LATEST,balance_sheet,value,18371271763.0,ACTUAL,VNSTOCK_BRONZE
HIO,LATEST,balance_sheet,order,11.0,ACTUAL,VNSTOCK_BRONZE
HIO,LATEST,balance_sheet,level,2.0,ACTUAL,VNSTOCK_BRONZE
HIO,LATEST,balance_sheet,off_balance,0.0,ACTUAL,VNSTOCK_BRONZE
HIO,LATEST,balance_sheet,value,2218099666.0,ACTUAL,VNSTOCK_BRONZE
HIO,LATEST,balance_sheet,order,12.0,ACTUAL,VNSTOCK_BRONZE
HIO,LATEST,balance_sheet,level,2.0,ACTUAL,VNSTOCK_BRONZE
HIO,LATEST,balance_sheet,off_balance,0.0,ACTUAL,VNSTOCK_BRONZE
HIO,LATEST,balance_sheet,value,0.0,ACTUAL,VNSTOCK_BRONZE
HIO,LATEST,balance_sheet,order,13.0,ACTUAL,VNSTOCK_BRONZE
HIO,LATEST,balance_sheet,level,2.0,ACTUAL,VNSTOCK_BRONZE
HIO,LATEST,balance_sheet,off_balance,0.0,ACTUAL,VNSTOCK_BRONZE
HIO,LATEST,balance_sheet,value,0.0,ACTUAL,VNSTOCK_BRONZE
HIO,LATEST,balance_sheet,order,14.0,ACTUAL,VNSTOCK_BRONZE
HIO,LATEST,balance_sheet,level,2.0,ACTUAL,VNSTOCK_BRONZE
HIO,LATEST,balance_sheet,off_balance,0.0,ACTUAL,VNSTOCK_BRONZE
HIO,LATEST,balance_sheet,value,0.0,ACTUAL,VNSTOCK_BRONZE
HIO,LATEST,balance_sheet,order,15.0,ACTUAL,VNSTOCK_BRONZE
HIO,LATEST,balance_sheet,level,2.0,ACTUAL,VNSTOCK_BRONZE
HIO,LATEST,balance_sheet,off_balance,0.0,ACTUAL,VNSTOCK_BRONZE
HIO,LATEST,balance_sheet,value,111920783.0,ACTUAL,VNSTOCK_BRONZE
HIO,LATEST,balance_sheet,order,16.0,ACTUAL,VNSTOCK_BRONZE
HIO,LATEST,balance_sheet,level,2.0,ACTUAL,VNSTOCK_BRONZE
HIO,LATEST,balance_sheet,off_balance,0.0,ACTUAL,VNSTOCK_BRONZE
HIO,LATEST,balance_sheet,value,0.0,ACTUAL,VNSTOCK_BRONZE
HIO,LATEST,balance_sheet,order,17.0,ACTUAL,VNSTOCK_BRONZE
HIO,LATEST,balance_sheet,level,2.0,ACTUAL,VNSTOCK_BRONZE
HIO,LATEST,balance_sheet,off_balance,0.0,ACTUAL,VNSTOCK_BRONZE
HIO,LATEST,balance_sheet,value,0.0,ACTUAL,VNSTOCK_BRONZE
HIO,LATEST,balance_sheet,order,18.0,ACTUAL,VNSTOCK_BRONZE
HIO,LATEST,balance_sheet,level,1.0,ACTUAL,VNSTOCK_BRONZE
HIO,LATEST,balance_sheet,off_balance,0.0,ACTUAL,VNSTOCK_BRONZE
HIO,LATEST,balance_sheet,value,506652775.0,ACTUAL,VNSTOCK_BRONZE
HIO,LATEST,balance_sheet,order,19.0,ACTUAL,VNSTOCK_BRONZE
HIO,LATEST,balance_sheet,level,2.0,ACTUAL,VNSTOCK_BRONZE
HIO,LATEST,balance_sheet,off_balance,0.0,ACTUAL,VNSTOCK_BRONZE
HIO,LATEST,balance_sheet,value,506652775.0,ACTUAL,VNSTOCK_BRONZE
HIO,LATEST,balance_sheet,order,20.0,ACTUAL,VNSTOCK_BRONZE
HIO,LATEST,balance_sheet,level,2.0,ACTUAL,VNSTOCK_BRONZE
HIO,LATEST,balance_sheet,off_balance,0.0,ACTUAL,VNSTOCK_BRONZE
HIO,LATEST,balance_sheet,value,0.0,ACTUAL,VNSTOCK_BRONZE
HIO,LATEST,balance_sheet,order,21.0,ACTUAL,VNSTOCK_BRONZE
HIO,LATEST,balance_sheet,level,1.0,ACTUAL,VNSTOCK_BRONZE
HIO,LATEST,balance_sheet,off_balance,0.0,ACTUAL,VNSTOCK_BRONZE
HIO,LATEST,balance_sheet,value,22649165445.0,ACTUAL,VNSTOCK_BRONZE
HIO,LATEST,balance_sheet,order,22.0,ACTUAL,VNSTOCK_BRONZE
HIO,LATEST,balance_sheet,level,2.0,ACTUAL,VNSTOCK_BRONZE
HIO,LATEST,balance_sheet,off_balance,0.0,ACTUAL,VNSTOCK_BRONZE
HIO,LATEST,balance_sheet,value,2534614356.0,ACTUAL,VNSTOCK_BRONZE
HIO,LATEST,balance_sheet,order,23.0,ACTUAL,VNSTOCK_BRONZE
HIO,LATEST,balance_sheet,level,2.0,ACTUAL,VNSTOCK_BRONZE
HIO,LATEST,balance_sheet,off_balance,0.0,ACTUAL,VNSTOCK_BRONZE
HIO,LATEST,balance_sheet,value,20114551089.0,ACTUAL,VNSTOCK_BRONZE
HIO,LATEST,balance_sheet,order,24.0,ACTUAL,VNSTOCK_BRONZE
HIO,LATEST,balance_sheet,level,2.0,ACTUAL,VNSTOCK_BRONZE
HIO,LATEST,balance_sheet,off_balance,0.0,ACTUAL,VNSTOCK_BRONZE
HIO,LATEST,balance_sheet,value,0.0,ACTUAL,VNSTOCK_BRONZE
HIO,LATEST,balance_sheet,order,25.0,ACTUAL,VNSTOCK_BRONZE
HIO,LATEST,balance_sheet,level,2.0,ACTUAL,VNSTOCK_BRONZE
HIO,LATEST,balance_sheet,off_balance,0.0,ACTUAL,VNSTOCK_BRONZE
HIO,LATEST,balance_sheet,value,0.0,ACTUAL,VNSTOCK_BRONZE
HIO,LATEST,balance_sheet,order,26.0,ACTUAL,VNSTOCK_BRONZE
HIO,LATEST,balance_sheet,level,1.0,ACTUAL,VNSTOCK_BRONZE
HIO,LATEST,balance_sheet,off_balance,0.0,ACTUAL,VNSTOCK_BRONZE
HIO,LATEST,balance_sheet,value,433430085417.0,ACTUAL,VNSTOCK_BRONZE
HIO,LATEST,balance_sheet,order,27.0,ACTUAL,VNSTOCK_BRONZE
HIO,LATEST,balance_sheet,level,1.0,ACTUAL,VNSTOCK_BRONZE
HIO,LATEST,balance_sheet,off_balance,0.0,ACTUAL,VNSTOCK_BRONZE
HIO,LATEST,balance_sheet,value,2840000000.0,ACTUAL,VNSTOCK_BRONZE
HIO,LATEST,balance_sheet,order,28.0,ACTUAL,VNSTOCK_BRONZE
HIO,LATEST,balance_sheet,level,2.0,ACTUAL,VNSTOCK_BRONZE
HIO,LATEST,balance_sheet,off_balance,0.0,ACTUAL,VNSTOCK_BRONZE
HIO,LATEST,balance_sheet,value,0.0,ACTUAL,VNSTOCK_BRONZE
HIO,LATEST,balance_sheet,order,29.0,ACTUAL,VNSTOCK_BRONZE
HIO,LATEST,balance_sheet,level,2.0,ACTUAL,VNSTOCK_BRONZE
HIO,LATEST,balance_sheet,off_balance,0.0,ACTUAL,VNSTOCK_BRONZE
HIO,LATEST,balance_sheet,value,0.0,ACTUAL,VNSTOCK_BRONZE
HIO,LATEST,balance_sheet,order,30.0,ACTUAL,VNSTOCK_BRONZE
HIO,LATEST,balance_sheet,level,2.0,ACTUAL,VNSTOCK_BRONZE
HIO,LATEST,balance_sheet,off_balance,0.0,ACTUAL,VNSTOCK_BRONZE
HIO,LATEST,balance_sheet,value,0.0,ACTUAL,VNSTOCK_BRONZE
HIO,LATEST,balance_sheet,order,31.0,ACTUAL,VNSTOCK_BRONZE
HIO,LATEST,balance_sheet,level,2.0,ACTUAL,VNSTOCK_BRONZE
HIO,LATEST,balance_sheet,off_balance,0.0,ACTUAL,VNSTOCK_BRONZE
HIO,LATEST,balance_sheet,value,0.0,ACTUAL,VNSTOCK_BRONZE
HIO,LATEST,balance_sheet,order,32.0,ACTUAL,VNSTOCK_BRONZE
HIO,LATEST,balance_sheet,level,2.0,ACTUAL,VNSTOCK_BRONZE
HIO,LATEST,balance_sheet,off_balance,0.0,ACTUAL,VNSTOCK_BRONZE
HIO,LATEST,balance_sheet,value,2840000000.0,ACTUAL,VNSTOCK_BRONZE
HIO,LATEST,balance_sheet,order,33.0,ACTUAL,VNSTOCK_BRONZE
HIO,LATEST,balance_sheet,level,2.0,ACTUAL,VNSTOCK_BRONZE
HIO,LATEST,balance_sheet,off_balance,0.0,ACTUAL,VNSTOCK_BRONZE
HIO,LATEST,balance_sheet,value,-0.0,ACTUAL,VNSTOCK_BRONZE
HIO,LATEST,balance_sheet,order,34.0,ACTUAL,VNSTOCK_BRONZE
HIO,LATEST,balance_sheet,level,1.0,ACTUAL,VNSTOCK_BRONZE
HIO,LATEST,balance_sheet,off_balance,0.0,ACTUAL,VNSTOCK_BRONZE
HIO,LATEST,balance_sheet,value,358289054129.0,ACTUAL,VNSTOCK_BRONZE
HIO,LATEST,balance_sheet,order,35.0,ACTUAL,VNSTOCK_BRONZE
HIO,LATEST,balance_sheet,level,2.0,ACTUAL,VNSTOCK_BRONZE
HIO,LATEST,balance_sheet,off_balance,0.0,ACTUAL,VNSTOCK_BRONZE
HIO,LATEST,balance_sheet,value,358289054129.0,ACTUAL,VNSTOCK_BRONZE
HIO,LATEST,balance_sheet,order,36.0,ACTUAL,VNSTOCK_BRONZE
HIO,LATEST,balance_sheet,level,3.0,ACTUAL,VNSTOCK_BRONZE
HIO,LATEST,balance_sheet,off_balance,0.0,ACTUAL,VNSTOCK_BRONZE
HIO,LATEST,balance_sheet,value,493147313989.0,ACTUAL,VNSTOCK_BRONZE
HIO,LATEST,balance_sheet,order,37.0,ACTUAL,VNSTOCK_BRONZE
HIO,LATEST,balance_sheet,level,3.0,ACTUAL,VNSTOCK_BRONZE
HIO,LATEST,balance_sheet,off_balance,0.0,ACTUAL,VNSTOCK_BRONZE
HIO,LATEST,balance_sheet,value,-134858259860.0,ACTUAL,VNSTOCK_BRONZE
HIO,LATEST,balance_sheet,order,38.0,ACTUAL,VNSTOCK_BRONZE
HIO,LATEST,balance_sheet,level,2.0,ACTUAL,VNSTOCK_BRONZE
HIO,LATEST,balance_sheet,off_balance,0.0,ACTUAL,VNSTOCK_BRONZE
HIO,LATEST,balance_sheet,value,0.0,ACTUAL,VNSTOCK_BRONZE
HIO,LATEST,balance_sheet,order,39.0,ACTUAL,VNSTOCK_BRONZE
HIO,LATEST,balance_sheet,level,3.0,ACTUAL,VNSTOCK_BRONZE
HIO,LATEST,balance_sheet,off_balance,0.0,ACTUAL,VNSTOCK_BRONZE
HIO,LATEST,balance_sheet,value,0.0,ACTUAL,VNSTOCK_BRONZE
HIO,LATEST,balance_sheet,order,40.0,ACTUAL,VNSTOCK_BRONZE
HIO,LATEST,balance_sheet,level,3.0,ACTUAL,VNSTOCK_BRONZE
HIO,LATEST,balance_sheet,off_balance,0.0,ACTUAL,VNSTOCK_BRONZE
HIO,LATEST,balance_sheet,value,-0.0,ACTUAL,VNSTOCK_BRONZE
HIO,LATEST,balance_sheet,order,41.0,ACTUAL,VNSTOCK_BRONZE
HIO,LATEST,balance_sheet,level,2.0,ACTUAL,VNSTOCK_BRONZE
HIO,LATEST,balance_sheet,off_balance,0.0,ACTUAL,VNSTOCK_BRONZE
HIO,LATEST,balance_sheet,value,0.0,ACTUAL,VNSTOCK_BRONZE
HIO,LATEST,balance_sheet,order,42.0,ACTUAL,VNSTOCK_BRONZE
HIO,LATEST,balance_sheet,level,3.0,ACTUAL,VNSTOCK_BRONZE
HIO,LATEST,balance_sheet,off_balance,0.0,ACTUAL,VNSTOCK_BRONZE
HIO,LATEST,balance_sheet,value,0.0,ACTUAL,VNSTOCK_BRONZE
HIO,LATEST,balance_sheet,order,43.0,ACTUAL,VNSTOCK_BRONZE
HIO,LATEST,balance_sheet,level,3.0,ACTUAL,VNSTOCK_BRONZE
HIO,LATEST,balance_sheet,off_balance,0.0,ACTUAL,VNSTOCK_BRONZE
HIO,LATEST,balance_sheet,value,-0.0,ACTUAL,VNSTOCK_BRONZE
HIO,LATEST,balance_sheet,order,44.0,ACTUAL,VNSTOCK_BRONZE
HIO,LATEST,balance_sheet,level,1.0,ACTUAL,VNSTOCK_BRONZE
HIO,LATEST,balance_sheet,off_balance,0.0,ACTUAL,VNSTOCK_BRONZE
HIO,LATEST,balance_sheet,value,52354440673.0,ACTUAL,VNSTOCK_BRONZE
HIO,LATEST,balance_sheet,order,45.0,ACTUAL,VNSTOCK_BRONZE
HIO,LATEST,balance_sheet,level,2.0,ACTUAL,VNSTOCK_BRONZE
HIO,LATEST,balance_sheet,off_balance,0.0,ACTUAL,VNSTOCK_BRONZE
HIO,LATEST,balance_sheet,value,67768155812.0,ACTUAL,VNSTOCK_BRONZE
HIO,LATEST,balance_sheet,order,46.0,ACTUAL,VNSTOCK_BRONZE
HIO,LATEST,balance_sheet,level,2.0,ACTUAL,VNSTOCK_BRONZE
HIO,LATEST,balance_sheet,off_balance,0.0,ACTUAL,VNSTOCK_BRONZE
HIO,LATEST,balance_sheet,value,-15413715139.0,ACTUAL,VNSTOCK_BRONZE
HIO,LATEST,balance_sheet,order,47.0,ACTUAL,VNSTOCK_BRONZE
HIO,LATEST,balance_sheet,level,1.0,ACTUAL,VNSTOCK_BRONZE
HIO,LATEST,balance_sheet,off_balance,0.0,ACTUAL,VNSTOCK_BRONZE
HIO,LATEST,balance_sheet,value,0.0,ACTUAL,VNSTOCK_BRONZE
HIO,LATEST,balance_sheet,order,48.0,ACTUAL,VNSTOCK_BRONZE
HIO,LATEST,balance_sheet,level,2.0,ACTUAL,VNSTOCK_BRONZE
HIO,LATEST,balance_sheet,off_balance,0.0,ACTUAL,VNSTOCK_BRONZE
HIO,LATEST,balance_sheet,value,0.0,ACTUAL,VNSTOCK_BRONZE
HIO,LATEST,balance_sheet,order,49.0,ACTUAL,VNSTOCK_BRONZE
HIO,LATEST,balance_sheet,level,2.0,ACTUAL,VNSTOCK_BRONZE
HIO,LATEST,balance_sheet,off_balance,0.0,ACTUAL,VNSTOCK_BRONZE
HIO,LATEST,balance_sheet,value,0.0,ACTUAL,VNSTOCK_BRONZE
HIO,LATEST,balance_sheet,order,50.0,ACTUAL,VNSTOCK_BRONZE
HIO,LATEST,balance_sheet,level,1.0,ACTUAL,VNSTOCK_BRONZE
HIO,LATEST,balance_sheet,off_balance,0.0,ACTUAL,VNSTOCK_BRONZE
HIO,LATEST,balance_sheet,value,15505884752.0,ACTUAL,VNSTOCK_BRONZE
HIO,LATEST,balance_sheet,order,51.0,ACTUAL,VNSTOCK_BRONZE
HIO,LATEST,balance_sheet,level,2.0,ACTUAL,VNSTOCK_BRONZE
HIO,LATEST,balance_sheet,off_balance,0.0,ACTUAL,VNSTOCK_BRONZE
HIO,LATEST,balance_sheet,value,0.0,ACTUAL,VNSTOCK_BRONZE
HIO,LATEST,balance_sheet,order,52.0,ACTUAL,VNSTOCK_BRONZE
HIO,LATEST,balance_sheet,level,2.0,ACTUAL,VNSTOCK_BRONZE
HIO,LATEST,balance_sheet,off_balance,0.0,ACTUAL,VNSTOCK_BRONZE
HIO,LATEST,balance_sheet,value,15505884752.0,ACTUAL,VNSTOCK_BRONZE
HIO,LATEST,balance_sheet,order,53.0,ACTUAL,VNSTOCK_BRONZE
HIO,LATEST,balance_sheet,level,2.0,ACTUAL,VNSTOCK_BRONZE
HIO,LATEST,balance_sheet,off_balance,0.0,ACTUAL,VNSTOCK_BRONZE
HIO,LATEST,balance_sheet,value,0.0,ACTUAL,VNSTOCK_BRONZE
HIO,LATEST,balance_sheet,order,54.0,ACTUAL,VNSTOCK_BRONZE
HIO,LATEST,balance_sheet,level,2.0,ACTUAL,VNSTOCK_BRONZE
HIO,LATEST,balance_sheet,off_balance,0.0,ACTUAL,VNSTOCK_BRONZE
HIO,LATEST,balance_sheet,value,0.0,ACTUAL,VNSTOCK_BRONZE
HIO,LATEST,balance_sheet,order,55.0,ACTUAL,VNSTOCK_BRONZE
HIO,LATEST,balance_sheet,level,2.0,ACTUAL,VNSTOCK_BRONZE
HIO,LATEST,balance_sheet,off_balance,0.0,ACTUAL,VNSTOCK_BRONZE
HIO,LATEST,balance_sheet,value,0.0,ACTUAL,VNSTOCK_BRONZE
HIO,LATEST,balance_sheet,order,56.0,ACTUAL,VNSTOCK_BRONZE
HIO,LATEST,balance_sheet,level,1.0,ACTUAL,VNSTOCK_BRONZE
HIO,LATEST,balance_sheet,off_balance,0.0,ACTUAL,VNSTOCK_BRONZE
HIO,LATEST,balance_sheet,value,4440705863.0,ACTUAL,VNSTOCK_BRONZE
HIO,LATEST,balance_sheet,order,57.0,ACTUAL,VNSTOCK_BRONZE
HIO,LATEST,balance_sheet,level,2.0,ACTUAL,VNSTOCK_BRONZE
HIO,LATEST,balance_sheet,off_balance,0.0,ACTUAL,VNSTOCK_BRONZE
HIO,LATEST,balance_sheet,value,0.0,ACTUAL,VNSTOCK_BRONZE
HIO,LATEST,balance_sheet,order,58.0,ACTUAL,VNSTOCK_BRONZE
HIO,LATEST,balance_sheet,level,2.0,ACTUAL,VNSTOCK_BRONZE
HIO,LATEST,balance_sheet,off_balance,0.0,ACTUAL,VNSTOCK_BRONZE
HIO,LATEST,balance_sheet,value,1817855391.0,ACTUAL,VNSTOCK_BRONZE
HIO,LATEST,balance_sheet,order,59.0,ACTUAL,VNSTOCK_BRONZE
HIO,LATEST,balance_sheet,level,2.0,ACTUAL,VNSTOCK_BRONZE
HIO,LATEST,balance_sheet,off_balance,0.0,ACTUAL,VNSTOCK_BRONZE
HIO,LATEST,balance_sheet,value,0.0,ACTUAL,VNSTOCK_BRONZE
HIO,LATEST,balance_sheet,order,60.0,ACTUAL,VNSTOCK_BRONZE
HIO,LATEST,balance_sheet,level,2.0,ACTUAL,VNSTOCK_BRONZE
HIO,LATEST,balance_sheet,off_balance,0.0,ACTUAL,VNSTOCK_BRONZE
HIO,LATEST,balance_sheet,value,0.0,ACTUAL,VNSTOCK_BRONZE
HIO,LATEST,balance_sheet,order,61.0,ACTUAL,VNSTOCK_BRONZE
HIO,LATEST,balance_sheet,level,2.0,ACTUAL,VNSTOCK_BRONZE
HIO,LATEST,balance_sheet,off_balance,0.0,ACTUAL,VNSTOCK_BRONZE
HIO,LATEST,balance_sheet,value,0.0,ACTUAL,VNSTOCK_BRONZE
HIO,LATEST,balance_sheet,order,62.0,ACTUAL,VNSTOCK_BRONZE
HIO,LATEST,balance_sheet,level,2.0,ACTUAL,VNSTOCK_BRONZE
HIO,LATEST,balance_sheet,off_balance,0.0,ACTUAL,VNSTOCK_BRONZE
HIO,LATEST,balance_sheet,value,2622850472.0,ACTUAL,VNSTOCK_BRONZE
HIO,LATEST,balance_sheet,order,63.0,ACTUAL,VNSTOCK_BRONZE
HIO,LATEST,balance_sheet,level,1.0,ACTUAL,VNSTOCK_BRONZE
HIO,LATEST,balance_sheet,off_balance,0.0,ACTUAL,VNSTOCK_BRONZE
HIO,LATEST,balance_sheet,value,530470240740.0,ACTUAL,VNSTOCK_BRONZE
HIO,LATEST,balance_sheet,order,64.0,ACTUAL,VNSTOCK_BRONZE
HIO,LATEST,balance_sheet,level,1.0,ACTUAL,VNSTOCK_BRONZE
HIO,LATEST,balance_sheet,off_balance,0.0,ACTUAL,VNSTOCK_BRONZE
HIO,LATEST,balance_sheet,value,281536921999.0,ACTUAL,VNSTOCK_BRONZE
HIO,LATEST,balance_sheet,order,65.0,ACTUAL,VNSTOCK_BRONZE
HIO,LATEST,balance_sheet,level,1.0,ACTUAL,VNSTOCK_BRONZE
HIO,LATEST,balance_sheet,off_balance,0.0,ACTUAL,VNSTOCK_BRONZE
HIO,LATEST,balance_sheet,value,73117924844.0,ACTUAL,VNSTOCK_BRONZE
HIO,LATEST,balance_sheet,order,66.0,ACTUAL,VNSTOCK_BRONZE
HIO,LATEST,balance_sheet,level,2.0,ACTUAL,VNSTOCK_BRONZE
HIO,LATEST,balance_sheet,off_balance,0.0,ACTUAL,VNSTOCK_BRONZE
HIO,LATEST,balance_sheet,value,0.0,ACTUAL,VNSTOCK_BRONZE
HIO,LATEST,balance_sheet,order,67.0,ACTUAL,VNSTOCK_BRONZE
HIO,LATEST,balance_sheet,level,2.0,ACTUAL,VNSTOCK_BRONZE
HIO,LATEST,balance_sheet,off_balance,0.0,ACTUAL,VNSTOCK_BRONZE
HIO,LATEST,balance_sheet,value,0.0,ACTUAL,VNSTOCK_BRONZE
HIO,LATEST,balance_sheet,order,68.0,ACTUAL,VNSTOCK_BRONZE
HIO,LATEST,balance_sheet,level,2.0,ACTUAL,VNSTOCK_BRONZE
HIO,LATEST,balance_sheet,off_balance,0.0,ACTUAL,VNSTOCK_BRONZE
HIO,LATEST,balance_sheet,value,0.0,ACTUAL,VNSTOCK_BRONZE
HIO,LATEST,balance_sheet,order,69.0,ACTUAL,VNSTOCK_BRONZE
HIO,LATEST,balance_sheet,level,2.0,ACTUAL,VNSTOCK_BRONZE
HIO,LATEST,balance_sheet,off_balance,0.0,ACTUAL,VNSTOCK_BRONZE
HIO,LATEST,balance_sheet,value,3407245032.0,ACTUAL,VNSTOCK_BRONZE
HIO,LATEST,balance_sheet,order,70.0,ACTUAL,VNSTOCK_BRONZE
HIO,LATEST,balance_sheet,level,2.0,ACTUAL,VNSTOCK_BRONZE
HIO,LATEST,balance_sheet,off_balance,0.0,ACTUAL,VNSTOCK_BRONZE
HIO,LATEST,balance_sheet,value,0.0,ACTUAL,VNSTOCK_BRONZE
HIO,LATEST,balance_sheet,order,71.0,ACTUAL,VNSTOCK_BRONZE
HIO,LATEST,balance_sheet,level,2.0,ACTUAL,VNSTOCK_BRONZE
HIO,LATEST,balance_sheet,off_balance,0.0,ACTUAL,VNSTOCK_BRONZE
HIO,LATEST,balance_sheet,value,1069248511.0,ACTUAL,VNSTOCK_BRONZE
HIO,LATEST,balance_sheet,order,72.0,ACTUAL,VNSTOCK_BRONZE
HIO,LATEST,balance_sheet,level,2.0,ACTUAL,VNSTOCK_BRONZE
HIO,LATEST,balance_sheet,off_balance,0.0,ACTUAL,VNSTOCK_BRONZE
HIO,LATEST,balance_sheet,value,203500000.0,ACTUAL,VNSTOCK_BRONZE
HIO,LATEST,balance_sheet,order,73.0,ACTUAL,VNSTOCK_BRONZE
HIO,LATEST,balance_sheet,level,2.0,ACTUAL,VNSTOCK_BRONZE
HIO,LATEST,balance_sheet,off_balance,0.0,ACTUAL,VNSTOCK_BRONZE
HIO,LATEST,balance_sheet,value,3370357763.0,ACTUAL,VNSTOCK_BRONZE
HIO,LATEST,balance_sheet,order,74.0,ACTUAL,VNSTOCK_BRONZE
HIO,LATEST,balance_sheet,level,2.0,ACTUAL,VNSTOCK_BRONZE
HIO,LATEST,balance_sheet,off_balance,0.0,ACTUAL,VNSTOCK_BRONZE
HIO,LATEST,balance_sheet,value,0.0,ACTUAL,VNSTOCK_BRONZE
HIO,LATEST,balance_sheet,order,75.0,ACTUAL,VNSTOCK_BRONZE
HIO,LATEST,balance_sheet,level,2.0,ACTUAL,VNSTOCK_BRONZE
HIO,LATEST,balance_sheet,off_balance,0.0,ACTUAL,VNSTOCK_BRONZE
HIO,LATEST,balance_sheet,value,169691750.0,ACTUAL,VNSTOCK_BRONZE
HIO,LATEST,balance_sheet,order,76.0,ACTUAL,VNSTOCK_BRONZE
HIO,LATEST,balance_sheet,level,2.0,ACTUAL,VNSTOCK_BRONZE
HIO,LATEST,balance_sheet,off_balance,0.0,ACTUAL,VNSTOCK_BRONZE
HIO,LATEST,balance_sheet,value,0.0,ACTUAL,VNSTOCK_BRONZE
HIO,LATEST,balance_sheet,order,77.0,ACTUAL,VNSTOCK_BRONZE
HIO,LATEST,balance_sheet,level,2.0,ACTUAL,VNSTOCK_BRONZE
HIO,LATEST,balance_sheet,off_balance,0.0,ACTUAL,VNSTOCK_BRONZE
HIO,LATEST,balance_sheet,value,64092000000.0,ACTUAL,VNSTOCK_BRONZE
HIO,LATEST,balance_sheet,order,78.0,ACTUAL,VNSTOCK_BRONZE
HIO,LATEST,balance_sheet,level,2.0,ACTUAL,VNSTOCK_BRONZE
HIO,LATEST,balance_sheet,off_balance,0.0,ACTUAL,VNSTOCK_BRONZE
HIO,LATEST,balance_sheet,value,0.0,ACTUAL,VNSTOCK_BRONZE
HIO,LATEST,balance_sheet,order,79.0,ACTUAL,VNSTOCK_BRONZE
HIO,LATEST,balance_sheet,level,2.0,ACTUAL,VNSTOCK_BRONZE
HIO,LATEST,balance_sheet,off_balance,0.0,ACTUAL,VNSTOCK_BRONZE
HIO,LATEST,balance_sheet,value,805881788.0,ACTUAL,VNSTOCK_BRONZE
HIO,LATEST,balance_sheet,order,80.0,ACTUAL,VNSTOCK_BRONZE
HIO,LATEST,balance_sheet,level,2.0,ACTUAL,VNSTOCK_BRONZE
HIO,LATEST,balance_sheet,off_balance,0.0,ACTUAL,VNSTOCK_BRONZE
HIO,LATEST,balance_sheet,value,0.0,ACTUAL,VNSTOCK_BRONZE
HIO,LATEST,balance_sheet,order,81.0,ACTUAL,VNSTOCK_BRONZE
HIO,LATEST,balance_sheet,level,2.0,ACTUAL,VNSTOCK_BRONZE
HIO,LATEST,balance_sheet,off_balance,0.0,ACTUAL,VNSTOCK_BRONZE
HIO,LATEST,balance_sheet,value,0.0,ACTUAL,VNSTOCK_BRONZE
HIO,LATEST,balance_sheet,order,82.0,ACTUAL,VNSTOCK_BRONZE
HIO,LATEST,balance_sheet,level,1.0,ACTUAL,VNSTOCK_BRONZE
HIO,LATEST,balance_sheet,off_balance,0.0,ACTUAL,VNSTOCK_BRONZE
HIO,LATEST,balance_sheet,value,208418997155.0,ACTUAL,VNSTOCK_BRONZE
HIO,LATEST,balance_sheet,order,83.0,ACTUAL,VNSTOCK_BRONZE
HIO,LATEST,balance_sheet,level,2.0,ACTUAL,VNSTOCK_BRONZE
HIO,LATEST,balance_sheet,off_balance,0.0,ACTUAL,VNSTOCK_BRONZE
HIO,LATEST,balance_sheet,value,0.0,ACTUAL,VNSTOCK_BRONZE
HIO,LATEST,balance_sheet,order,84.0,ACTUAL,VNSTOCK_BRONZE
HIO,LATEST,balance_sheet,level,2.0,ACTUAL,VNSTOCK_BRONZE
HIO,LATEST,balance_sheet,off_balance,0.0,ACTUAL,VNSTOCK_BRONZE
HIO,LATEST,balance_sheet,order,85.0,ACTUAL,VNSTOCK_BRONZE
HIO,LATEST,balance_sheet,level,2.0,ACTUAL,VNSTOCK_BRONZE
HIO,LATEST,balance_sheet,off_balance,0.0,ACTUAL,VNSTOCK_BRONZE
HIO,LATEST,balance_sheet,value,0.0,ACTUAL,VNSTOCK_BRONZE
HIO,LATEST,balance_sheet,order,86.0,ACTUAL,VNSTOCK_BRONZE
HIO,LATEST,balance_sheet,level,2.0,ACTUAL,VNSTOCK_BRONZE
HIO,LATEST,balance_sheet,off_balance,0.0,ACTUAL,VNSTOCK_BRONZE
HIO,LATEST,balance_sheet,value,0.0,ACTUAL,VNSTOCK_BRONZE
HIO,LATEST,balance_sheet,order,87.0,ACTUAL,VNSTOCK_BRONZE
HIO,LATEST,balance_sheet,level,2.0,ACTUAL,VNSTOCK_BRONZE
HIO,LATEST,balance_sheet,off_balance,0.0,ACTUAL,VNSTOCK_BRONZE
HIO,LATEST,balance_sheet,value,0.0,ACTUAL,VNSTOCK_BRONZE
HIO,LATEST,balance_sheet,order,88.0,ACTUAL,VNSTOCK_BRONZE
HIO,LATEST,balance_sheet,level,2.0,ACTUAL,VNSTOCK_BRONZE
HIO,LATEST,balance_sheet,off_balance,0.0,ACTUAL,VNSTOCK_BRONZE
HIO,LATEST,balance_sheet,value,0.0,ACTUAL,VNSTOCK_BRONZE
HIO,LATEST,balance_sheet,order,89.0,ACTUAL,VNSTOCK_BRONZE
HIO,LATEST,balance_sheet,level,2.0,ACTUAL,VNSTOCK_BRONZE
HIO,LATEST,balance_sheet,off_balance,0.0,ACTUAL,VNSTOCK_BRONZE
HIO,LATEST,balance_sheet,value,0.0,ACTUAL,VNSTOCK_BRONZE
HIO,LATEST,balance_sheet,order,90.0,ACTUAL,VNSTOCK_BRONZE
HIO,LATEST,balance_sheet,level,2.0,ACTUAL,VNSTOCK_BRONZE
HIO,LATEST,balance_sheet,off_balance,0.0,ACTUAL,VNSTOCK_BRONZE
HIO,LATEST,balance_sheet,value,0.0,ACTUAL,VNSTOCK_BRONZE
HIO,LATEST,balance_sheet,order,91.0,ACTUAL,VNSTOCK_BRONZE
HIO,LATEST,balance_sheet,level,2.0,ACTUAL,VNSTOCK_BRONZE
HIO,LATEST,balance_sheet,off_balance,0.0,ACTUAL,VNSTOCK_BRONZE
HIO,LATEST,balance_sheet,value,208004705058.0,ACTUAL,VNSTOCK_BRONZE
HIO,LATEST,balance_sheet,order,92.0,ACTUAL,VNSTOCK_BRONZE
HIO,LATEST,balance_sheet,level,2.0,ACTUAL,VNSTOCK_BRONZE
HIO,LATEST,balance_sheet,off_balance,0.0,ACTUAL,VNSTOCK_BRONZE
HIO,LATEST,balance_sheet,value,0.0,ACTUAL,VNSTOCK_BRONZE
HIO,LATEST,balance_sheet,order,93.0,ACTUAL,VNSTOCK_BRONZE
HIO,LATEST,balance_sheet,level,2.0,ACTUAL,VNSTOCK_BRONZE
HIO,LATEST,balance_sheet,off_balance,0.0,ACTUAL,VNSTOCK_BRONZE
HIO,LATEST,balance_sheet,value,414292097.0,ACTUAL,VNSTOCK_BRONZE
HIO,LATEST,balance_sheet,order,94.0,ACTUAL,VNSTOCK_BRONZE
HIO,LATEST,balance_sheet,level,2.0,ACTUAL,VNSTOCK_BRONZE
HIO,LATEST,balance_sheet,off_balance,0.0,ACTUAL,VNSTOCK_BRONZE
HIO,LATEST,balance_sheet,value,0.0,ACTUAL,VNSTOCK_BRONZE
HIO,LATEST,balance_sheet,order,95.0,ACTUAL,VNSTOCK_BRONZE
HIO,LATEST,balance_sheet,level,2.0,ACTUAL,VNSTOCK_BRONZE
HIO,LATEST,balance_sheet,off_balance,0.0,ACTUAL,VNSTOCK_BRONZE
HIO,LATEST,balance_sheet,value,0.0,ACTUAL,VNSTOCK_BRONZE
HIO,LATEST,balance_sheet,order,96.0,ACTUAL,VNSTOCK_BRONZE
HIO,LATEST,balance_sheet,level,1.0,ACTUAL,VNSTOCK_BRONZE
HIO,LATEST,balance_sheet,off_balance,0.0,ACTUAL,VNSTOCK_BRONZE
HIO,LATEST,balance_sheet,value,248933318741.0,ACTUAL,VNSTOCK_BRONZE
HIO,LATEST,balance_sheet,order,97.0,ACTUAL,VNSTOCK_BRONZE
HIO,LATEST,balance_sheet,level,1.0,ACTUAL,VNSTOCK_BRONZE
HIO,LATEST,balance_sheet,off_balance,0.0,ACTUAL,VNSTOCK_BRONZE
HIO,LATEST,balance_sheet,value,248933318741.0,ACTUAL,VNSTOCK_BRONZE
HIO,LATEST,balance_sheet,order,98.0,ACTUAL,VNSTOCK_BRONZE
HIO,LATEST,balance_sheet,level,2.0,ACTUAL,VNSTOCK_BRONZE
HIO,LATEST,balance_sheet,off_balance,0.0,ACTUAL,VNSTOCK_BRONZE
HIO,LATEST,balance_sheet,value,0.0,ACTUAL,VNSTOCK_BRONZE
HIO,LATEST,balance_sheet,order,99.0,ACTUAL,VNSTOCK_BRONZE
HIO,LATEST,balance_sheet,level,2.0,ACTUAL,VNSTOCK_BRONZE
HIO,LATEST,balance_sheet,off_balance,0.0,ACTUAL,VNSTOCK_BRONZE
HIO,LATEST,balance_sheet,value,0.0,ACTUAL,VNSTOCK_BRONZE
HIO,LATEST,balance_sheet,order,100.0,ACTUAL,VNSTOCK_BRONZE
HIO,LATEST,balance_sheet,level,2.0,ACTUAL,VNSTOCK_BRONZE
HIO,LATEST,balance_sheet,off_balance,0.0,ACTUAL,VNSTOCK_BRONZE
HIO,LATEST,balance_sheet,value,0.0,ACTUAL,VNSTOCK_BRONZE
HIO,LATEST,balance_sheet,order,101.0,ACTUAL,VNSTOCK_BRONZE
HIO,LATEST,balance_sheet,level,2.0,ACTUAL,VNSTOCK_BRONZE
HIO,LATEST,balance_sheet,off_balance,0.0,ACTUAL,VNSTOCK_BRONZE
HIO,LATEST,balance_sheet,value,0.0,ACTUAL,VNSTOCK_BRONZE
HIO,LATEST,balance_sheet,order,102.0,ACTUAL,VNSTOCK_BRONZE
HIO,LATEST,balance_sheet,level,2.0,ACTUAL,VNSTOCK_BRONZE
HIO,LATEST,balance_sheet,off_balance,0.0,ACTUAL,VNSTOCK_BRONZE
HIO,LATEST,balance_sheet,value,210000000000.0,ACTUAL,VNSTOCK_BRONZE
HIO,LATEST,balance_sheet,order,103.0,ACTUAL,VNSTOCK_BRONZE
HIO,LATEST,balance_sheet,level,3.0,ACTUAL,VNSTOCK_BRONZE
HIO,LATEST,balance_sheet,off_balance,0.0,ACTUAL,VNSTOCK_BRONZE
HIO,LATEST,balance_sheet,value,210000000000.0,ACTUAL,VNSTOCK_BRONZE
HIO,LATEST,balance_sheet,order,104.0,ACTUAL,VNSTOCK_BRONZE
HIO,LATEST,balance_sheet,level,2.0,ACTUAL,VNSTOCK_BRONZE
HIO,LATEST,balance_sheet,off_balance,0.0,ACTUAL,VNSTOCK_BRONZE
HIO,LATEST,balance_sheet,value,0.0,ACTUAL,VNSTOCK_BRONZE
HIO,LATEST,balance_sheet,order,105.0,ACTUAL,VNSTOCK_BRONZE
HIO,LATEST,balance_sheet,level,2.0,ACTUAL,VNSTOCK_BRONZE
HIO,LATEST,balance_sheet,off_balance,0.0,ACTUAL,VNSTOCK_BRONZE
HIO,LATEST,balance_sheet,value,0.0,ACTUAL,VNSTOCK_BRONZE
HIO,LATEST,balance_sheet,order,106.0,ACTUAL,VNSTOCK_BRONZE
HIO,LATEST,balance_sheet,level,2.0,ACTUAL,VNSTOCK_BRONZE
HIO,LATEST,balance_sheet,off_balance,0.0,ACTUAL,VNSTOCK_BRONZE
HIO,LATEST,balance_sheet,value,0.0,ACTUAL,VNSTOCK_BRONZE
HIO,LATEST,balance_sheet,order,107.0,ACTUAL,VNSTOCK_BRONZE
HIO,LATEST,balance_sheet,level,2.0,ACTUAL,VNSTOCK_BRONZE
HIO,LATEST,balance_sheet,off_balance,0.0,ACTUAL,VNSTOCK_BRONZE
HIO,LATEST,balance_sheet,value,0.0,ACTUAL,VNSTOCK_BRONZE
HIO,LATEST,balance_sheet,order,108.0,ACTUAL,VNSTOCK_BRONZE
HIO,LATEST,balance_sheet,level,2.0,ACTUAL,VNSTOCK_BRONZE
HIO,LATEST,balance_sheet,off_balance,0.0,ACTUAL,VNSTOCK_BRONZE
HIO,LATEST,balance_sheet,value,0.0,ACTUAL,VNSTOCK_BRONZE
HIO,LATEST,balance_sheet,order,109.0,ACTUAL,VNSTOCK_BRONZE
HIO,LATEST,balance_sheet,level,2.0,ACTUAL,VNSTOCK_BRONZE
HIO,LATEST,balance_sheet,off_balance,0.0,ACTUAL,VNSTOCK_BRONZE
HIO,LATEST,balance_sheet,value,0.0,ACTUAL,VNSTOCK_BRONZE
HIO,LATEST,balance_sheet,order,110.0,ACTUAL,VNSTOCK_BRONZE
HIO,LATEST,balance_sheet,level,2.0,ACTUAL,VNSTOCK_BRONZE
HIO,LATEST,balance_sheet,off_balance,0.0,ACTUAL,VNSTOCK_BRONZE
HIO,LATEST,balance_sheet,value,0.0,ACTUAL,VNSTOCK_BRONZE
HIO,LATEST,balance_sheet,order,111.0,ACTUAL,VNSTOCK_BRONZE
HIO,LATEST,balance_sheet,level,2.0,ACTUAL,VNSTOCK_BRONZE
HIO,LATEST,balance_sheet,off_balance,0.0,ACTUAL,VNSTOCK_BRONZE
HIO,LATEST,balance_sheet,value,8331664665.0,ACTUAL,VNSTOCK_BRONZE
HIO,LATEST,balance_sheet,order,112.0,ACTUAL,VNSTOCK_BRONZE
HIO,LATEST,balance_sheet,level,2.0,ACTUAL,VNSTOCK_BRONZE
HIO,LATEST,balance_sheet,off_balance,0.0,ACTUAL,VNSTOCK_BRONZE
HIO,LATEST,balance_sheet,value,30601654076.0,ACTUAL,VNSTOCK_BRONZE
HIO,LATEST,balance_sheet,order,113.0,ACTUAL,VNSTOCK_BRONZE
HIO,LATEST,balance_sheet,level,3.0,ACTUAL,VNSTOCK_BRONZE
HIO,LATEST,balance_sheet,off_balance,0.0,ACTUAL,VNSTOCK_BRONZE
HIO,LATEST,balance_sheet,value,14480905409.0,ACTUAL,VNSTOCK_BRONZE
HIO,LATEST,balance_sheet,order,114.0,ACTUAL,VNSTOCK_BRONZE
HIO,LATEST,balance_sheet,level,3.0,ACTUAL,VNSTOCK_BRONZE
HIO,LATEST,balance_sheet,off_balance,0.0,ACTUAL,VNSTOCK_BRONZE
HIO,LATEST,balance_sheet,value,16120748667.0,ACTUAL,VNSTOCK_BRONZE
HIO,LATEST,balance_sheet,order,115.0,ACTUAL,VNSTOCK_BRONZE
HIO,LATEST,balance_sheet,level,2.0,ACTUAL,VNSTOCK_BRONZE
HIO,LATEST,balance_sheet,off_balance,0.0,ACTUAL,VNSTOCK_BRONZE
HIO,LATEST,balance_sheet,value,0.0,ACTUAL,VNSTOCK_BRONZE
HIO,LATEST,balance_sheet,order,116.0,ACTUAL,VNSTOCK_BRONZE
HIO,LATEST,balance_sheet,level,1.0,ACTUAL,VNSTOCK_BRONZE
HIO,LATEST,balance_sheet,off_balance,0.0,ACTUAL,VNSTOCK_BRONZE
HIO,LATEST,balance_sheet,value,0.0,ACTUAL,VNSTOCK_BRONZE
HIO,LATEST,balance_sheet,order,117.0,ACTUAL,VNSTOCK_BRONZE
HIO,LATEST,balance_sheet,level,2.0,ACTUAL,VNSTOCK_BRONZE
HIO,LATEST,balance_sheet,off_balance,0.0,ACTUAL,VNSTOCK_BRONZE
HIO,LATEST,balance_sheet,value,0.0,ACTUAL,VNSTOCK_BRONZE
HIO,LATEST,balance_sheet,order,118.0,ACTUAL,VNSTOCK_BRONZE
HIO,LATEST,balance_sheet,level,1.0,ACTUAL,VNSTOCK_BRONZE
HIO,LATEST,balance_sheet,off_balance,0.0,ACTUAL,VNSTOCK_BRONZE
HIO,LATEST,balance_sheet,value,530470240740.0,ACTUAL,VNSTOCK_BRONZE
HIO,LATEST,balance_sheet,order,1.0,ACTUAL,VNSTOCK_BRONZE
HIO,LATEST,balance_sheet,level,1.0,ACTUAL,VNSTOCK_BRONZE
HIO,LATEST,balance_sheet,off_balance,0.0,ACTUAL,VNSTOCK_BRONZE
HIO,LATEST,balance_sheet,value,95615898471.0,ACTUAL,VNSTOCK_BRONZE
HIO,LATEST,balance_sheet,order,2.0,ACTUAL,VNSTOCK_BRONZE
HIO,LATEST,balance_sheet,level,1.0,ACTUAL,VNSTOCK_BRONZE
HIO,LATEST,balance_sheet,off_balance,0.0,ACTUAL,VNSTOCK_BRONZE
HIO,LATEST,balance_sheet,value,26804821236.0,ACTUAL,VNSTOCK_BRONZE
HIO,LATEST,balance_sheet,order,3.0,ACTUAL,VNSTOCK_BRONZE
HIO,LATEST,balance_sheet,level,2.0,ACTUAL,VNSTOCK_BRONZE
HIO,LATEST,balance_sheet,off_balance,0.0,ACTUAL,VNSTOCK_BRONZE
HIO,LATEST,balance_sheet,value,12104821236.0,ACTUAL,VNSTOCK_BRONZE
HIO,LATEST,balance_sheet,order,4.0,ACTUAL,VNSTOCK_BRONZE
HIO,LATEST,balance_sheet,level,2.0,ACTUAL,VNSTOCK_BRONZE
HIO,LATEST,balance_sheet,off_balance,0.0,ACTUAL,VNSTOCK_BRONZE
HIO,LATEST,balance_sheet,value,14700000000.0,ACTUAL,VNSTOCK_BRONZE
HIO,LATEST,balance_sheet,order,5.0,ACTUAL,VNSTOCK_BRONZE
HIO,LATEST,balance_sheet,level,1.0,ACTUAL,VNSTOCK_BRONZE
HIO,LATEST,balance_sheet,off_balance,0.0,ACTUAL,VNSTOCK_BRONZE
HIO,LATEST,balance_sheet,value,22800000000.0,ACTUAL,VNSTOCK_BRONZE
HIO,LATEST,balance_sheet,order,6.0,ACTUAL,VNSTOCK_BRONZE
HIO,LATEST,balance_sheet,level,2.0,ACTUAL,VNSTOCK_BRONZE
HIO,LATEST,balance_sheet,off_balance,0.0,ACTUAL,VNSTOCK_BRONZE
HIO,LATEST,balance_sheet,value,0.0,ACTUAL,VNSTOCK_BRONZE
HIO,LATEST,balance_sheet,order,7.0,ACTUAL,VNSTOCK_BRONZE
HIO,LATEST,balance_sheet,level,2.0,ACTUAL,VNSTOCK_BRONZE
HIO,LATEST,balance_sheet,off_balance,0.0,ACTUAL,VNSTOCK_BRONZE
HIO,LATEST,balance_sheet,value,0.0,ACTUAL,VNSTOCK_BRONZE
HIO,LATEST,balance_sheet,order,8.0,ACTUAL,VNSTOCK_BRONZE
HIO,LATEST,balance_sheet,level,2.0,ACTUAL,VNSTOCK_BRONZE
HIO,LATEST,balance_sheet,off_balance,0.0,ACTUAL,VNSTOCK_BRONZE
HIO,LATEST,balance_sheet,value,22800000000.0,ACTUAL,VNSTOCK_BRONZE
HIO,LATEST,balance_sheet,order,9.0,ACTUAL,VNSTOCK_BRONZE
HIO,LATEST,balance_sheet,level,1.0,ACTUAL,VNSTOCK_BRONZE
HIO,LATEST,balance_sheet,off_balance,0.0,ACTUAL,VNSTOCK_BRONZE
HIO,LATEST,balance_sheet,value,20477970636.0,ACTUAL,VNSTOCK_BRONZE
HIO,LATEST,balance_sheet,order,10.0,ACTUAL,VNSTOCK_BRONZE
HIO,LATEST,balance_sheet,level,2.0,ACTUAL,VNSTOCK_BRONZE
HIO,LATEST,balance_sheet,off_balance,0.0,ACTUAL,VNSTOCK_BRONZE
HIO,LATEST,balance_sheet,value,17109235232.0,ACTUAL,VNSTOCK_BRONZE
HIO,LATEST,balance_sheet,order,11.0,ACTUAL,VNSTOCK_BRONZE
HIO,LATEST,balance_sheet,level,2.0,ACTUAL,VNSTOCK_BRONZE
HIO,LATEST,balance_sheet,off_balance,0.0,ACTUAL,VNSTOCK_BRONZE
HIO,LATEST,balance_sheet,value,3262440977.0,ACTUAL,VNSTOCK_BRONZE
HIO,LATEST,balance_sheet,order,12.0,ACTUAL,VNSTOCK_BRONZE
HIO,LATEST,balance_sheet,level,2.0,ACTUAL,VNSTOCK_BRONZE
HIO,LATEST,balance_sheet,off_balance,0.0,ACTUAL,VNSTOCK_BRONZE
HIO,LATEST,balance_sheet,value,0.0,ACTUAL,VNSTOCK_BRONZE
HIO,LATEST,balance_sheet,order,13.0,ACTUAL,VNSTOCK_BRONZE
HIO,LATEST,balance_sheet,level,2.0,ACTUAL,VNSTOCK_BRONZE
HIO,LATEST,balance_sheet,off_balance,0.0,ACTUAL,VNSTOCK_BRONZE
HIO,LATEST,balance_sheet,value,0.0,ACTUAL,VNSTOCK_BRONZE
HIO,LATEST,balance_sheet,order,14.0,ACTUAL,VNSTOCK_BRONZE
HIO,LATEST,balance_sheet,level,2.0,ACTUAL,VNSTOCK_BRONZE
HIO,LATEST,balance_sheet,off_balance,0.0,ACTUAL,VNSTOCK_BRONZE
HIO,LATEST,balance_sheet,value,0.0,ACTUAL,VNSTOCK_BRONZE
HIO,LATEST,balance_sheet,order,15.0,ACTUAL,VNSTOCK_BRONZE
HIO,LATEST,balance_sheet,level,2.0,ACTUAL,VNSTOCK_BRONZE
HIO,LATEST,balance_sheet,off_balance,0.0,ACTUAL,VNSTOCK_BRONZE
HIO,LATEST,balance_sheet,value,106294427.0,ACTUAL,VNSTOCK_BRONZE
HIO,LATEST,balance_sheet,order,16.0,ACTUAL,VNSTOCK_BRONZE
HIO,LATEST,balance_sheet,level,2.0,ACTUAL,VNSTOCK_BRONZE
HIO,LATEST,balance_sheet,off_balance,0.0,ACTUAL,VNSTOCK_BRONZE
HIO,LATEST,balance_sheet,value,0.0,ACTUAL,VNSTOCK_BRONZE
HIO,LATEST,balance_sheet,order,17.0,ACTUAL,VNSTOCK_BRONZE
HIO,LATEST,balance_sheet,level,2.0,ACTUAL,VNSTOCK_BRONZE
HIO,LATEST,balance_sheet,off_balance,0.0,ACTUAL,VNSTOCK_BRONZE
HIO,LATEST,balance_sheet,value,0.0,ACTUAL,VNSTOCK_BRONZE
HIO,LATEST,balance_sheet,order,18.0,ACTUAL,VNSTOCK_BRONZE
HIO,LATEST,balance_sheet,level,1.0,ACTUAL,VNSTOCK_BRONZE
HIO,LATEST,balance_sheet,off_balance,0.0,ACTUAL,VNSTOCK_BRONZE
HIO,LATEST,balance_sheet,value,564867193.0,ACTUAL,VNSTOCK_BRONZE
HIO,LATEST,balance_sheet,order,19.0,ACTUAL,VNSTOCK_BRONZE
HIO,LATEST,balance_sheet,level,2.0,ACTUAL,VNSTOCK_BRONZE
HIO,LATEST,balance_sheet,off_balance,0.0,ACTUAL,VNSTOCK_BRONZE
HIO,LATEST,balance_sheet,value,564867193.0,ACTUAL,VNSTOCK_BRONZE
HIO,LATEST,balance_sheet,order,20.0,ACTUAL,VNSTOCK_BRONZE
HIO,LATEST,balance_sheet,level,2.0,ACTUAL,VNSTOCK_BRONZE
HIO,LATEST,balance_sheet,off_balance,0.0,ACTUAL,VNSTOCK_BRONZE
HIO,LATEST,balance_sheet,value,0.0,ACTUAL,VNSTOCK_BRONZE
HIO,LATEST,balance_sheet,order,21.0,ACTUAL,VNSTOCK_BRONZE
HIO,LATEST,balance_sheet,level,1.0,ACTUAL,VNSTOCK_BRONZE
HIO,LATEST,balance_sheet,off_balance,0.0,ACTUAL,VNSTOCK_BRONZE
HIO,LATEST,balance_sheet,value,24968239406.0,ACTUAL,VNSTOCK_BRONZE
HIO,LATEST,balance_sheet,order,22.0,ACTUAL,VNSTOCK_BRONZE
HIO,LATEST,balance_sheet,level,2.0,ACTUAL,VNSTOCK_BRONZE
HIO,LATEST,balance_sheet,off_balance,0.0,ACTUAL,VNSTOCK_BRONZE
HIO,LATEST,balance_sheet,value,2537393108.0,ACTUAL,VNSTOCK_BRONZE
HIO,LATEST,balance_sheet,order,23.0,ACTUAL,VNSTOCK_BRONZE
HIO,LATEST,balance_sheet,level,2.0,ACTUAL,VNSTOCK_BRONZE
HIO,LATEST,balance_sheet,off_balance,0.0,ACTUAL,VNSTOCK_BRONZE
HIO,LATEST,balance_sheet,value,22430846298.0,ACTUAL,VNSTOCK_BRONZE
HIO,LATEST,balance_sheet,order,24.0,ACTUAL,VNSTOCK_BRONZE
HIO,LATEST,balance_sheet,level,2.0,ACTUAL,VNSTOCK_BRONZE
HIO,LATEST,balance_sheet,off_balance,0.0,ACTUAL,VNSTOCK_BRONZE
HIO,LATEST,balance_sheet,value,0.0,ACTUAL,VNSTOCK_BRONZE
HIO,LATEST,balance_sheet,order,25.0,ACTUAL,VNSTOCK_BRONZE
HIO,LATEST,balance_sheet,level,2.0,ACTUAL,VNSTOCK_BRONZE
HIO,LATEST,balance_sheet,off_balance,0.0,ACTUAL,VNSTOCK_BRONZE
HIO,LATEST,balance_sheet,value,0.0,ACTUAL,VNSTOCK_BRONZE
HIO,LATEST,balance_sheet,order,26.0,ACTUAL,VNSTOCK_BRONZE
HIO,LATEST,balance_sheet,level,1.0,ACTUAL,VNSTOCK_BRONZE
HIO,LATEST,balance_sheet,off_balance,0.0,ACTUAL,VNSTOCK_BRONZE
HIO,LATEST,balance_sheet,value,444278185985.0,ACTUAL,VNSTOCK_BRONZE
HIO,LATEST,balance_sheet,order,27.0,ACTUAL,VNSTOCK_BRONZE
HIO,LATEST,balance_sheet,level,1.0,ACTUAL,VNSTOCK_BRONZE
HIO,LATEST,balance_sheet,off_balance,0.0,ACTUAL,VNSTOCK_BRONZE
HIO,LATEST,balance_sheet,value,2855000000.0,ACTUAL,VNSTOCK_BRONZE
HIO,LATEST,balance_sheet,order,28.0,ACTUAL,VNSTOCK_BRONZE
HIO,LATEST,balance_sheet,level,2.0,ACTUAL,VNSTOCK_BRONZE
HIO,LATEST,balance_sheet,off_balance,0.0,ACTUAL,VNSTOCK_BRONZE
HIO,LATEST,balance_sheet,value,0.0,ACTUAL,VNSTOCK_BRONZE
HIO,LATEST,balance_sheet,order,29.0,ACTUAL,VNSTOCK_BRONZE
HIO,LATEST,balance_sheet,level,2.0,ACTUAL,VNSTOCK_BRONZE
HIO,LATEST,balance_sheet,off_balance,0.0,ACTUAL,VNSTOCK_BRONZE
HIO,LATEST,balance_sheet,value,0.0,ACTUAL,VNSTOCK_BRONZE
HIO,LATEST,balance_sheet,order,30.0,ACTUAL,VNSTOCK_BRONZE
HIO,LATEST,balance_sheet,level,2.0,ACTUAL,VNSTOCK_BRONZE
HIO,LATEST,balance_sheet,off_balance,0.0,ACTUAL,VNSTOCK_BRONZE
HIO,LATEST,balance_sheet,value,0.0,ACTUAL,VNSTOCK_BRONZE
HIO,LATEST,balance_sheet,order,31.0,ACTUAL,VNSTOCK_BRONZE
HIO,LATEST,balance_sheet,level,2.0,ACTUAL,VNSTOCK_BRONZE
HIO,LATEST,balance_sheet,off_balance,0.0,ACTUAL,VNSTOCK_BRONZE
HIO,LATEST,balance_sheet,value,0.0,ACTUAL,VNSTOCK_BRONZE
HIO,LATEST,balance_sheet,order,32.0,ACTUAL,VNSTOCK_BRONZE
HIO,LATEST,balance_sheet,level,2.0,ACTUAL,VNSTOCK_BRONZE
HIO,LATEST,balance_sheet,off_balance,0.0,ACTUAL,VNSTOCK_BRONZE
HIO,LATEST,balance_sheet,value,2855000000.0,ACTUAL,VNSTOCK_BRONZE
HIO,LATEST,balance_sheet,order,33.0,ACTUAL,VNSTOCK_BRONZE
HIO,LATEST,balance_sheet,level,2.0,ACTUAL,VNSTOCK_BRONZE
HIO,LATEST,balance_sheet,off_balance,0.0,ACTUAL,VNSTOCK_BRONZE
HIO,LATEST,balance_sheet,value,-0.0,ACTUAL,VNSTOCK_BRONZE
HIO,LATEST,balance_sheet,order,34.0,ACTUAL,VNSTOCK_BRONZE
HIO,LATEST,balance_sheet,level,1.0,ACTUAL,VNSTOCK_BRONZE
HIO,LATEST,balance_sheet,off_balance,0.0,ACTUAL,VNSTOCK_BRONZE
HIO,LATEST,balance_sheet,value,368223048551.0,ACTUAL,VNSTOCK_BRONZE
HIO,LATEST,balance_sheet,order,35.0,ACTUAL,VNSTOCK_BRONZE
HIO,LATEST,balance_sheet,level,2.0,ACTUAL,VNSTOCK_BRONZE
HIO,LATEST,balance_sheet,off_balance,0.0,ACTUAL,VNSTOCK_BRONZE
HIO,LATEST,balance_sheet,value,368223048551.0,ACTUAL,VNSTOCK_BRONZE
HIO,LATEST,balance_sheet,order,36.0,ACTUAL,VNSTOCK_BRONZE
HIO,LATEST,balance_sheet,level,3.0,ACTUAL,VNSTOCK_BRONZE
HIO,LATEST,balance_sheet,off_balance,0.0,ACTUAL,VNSTOCK_BRONZE
HIO,LATEST,balance_sheet,value,493147313989.0,ACTUAL,VNSTOCK_BRONZE
HIO,LATEST,balance_sheet,order,37.0,ACTUAL,VNSTOCK_BRONZE
HIO,LATEST,balance_sheet,level,3.0,ACTUAL,VNSTOCK_BRONZE
HIO,LATEST,balance_sheet,off_balance,0.0,ACTUAL,VNSTOCK_BRONZE
HIO,LATEST,balance_sheet,value,-124924265438.0,ACTUAL,VNSTOCK_BRONZE
HIO,LATEST,balance_sheet,order,38.0,ACTUAL,VNSTOCK_BRONZE
HIO,LATEST,balance_sheet,level,2.0,ACTUAL,VNSTOCK_BRONZE
HIO,LATEST,balance_sheet,off_balance,0.0,ACTUAL,VNSTOCK_BRONZE
HIO,LATEST,balance_sheet,value,0.0,ACTUAL,VNSTOCK_BRONZE
HIO,LATEST,balance_sheet,order,39.0,ACTUAL,VNSTOCK_BRONZE
HIO,LATEST,balance_sheet,level,3.0,ACTUAL,VNSTOCK_BRONZE
HIO,LATEST,balance_sheet,off_balance,0.0,ACTUAL,VNSTOCK_BRONZE
HIO,LATEST,balance_sheet,value,0.0,ACTUAL,VNSTOCK_BRONZE
HIO,LATEST,balance_sheet,order,40.0,ACTUAL,VNSTOCK_BRONZE
HIO,LATEST,balance_sheet,level,3.0,ACTUAL,VNSTOCK_BRONZE
HIO,LATEST,balance_sheet,off_balance,0.0,ACTUAL,VNSTOCK_BRONZE
HIO,LATEST,balance_sheet,value,-0.0,ACTUAL,VNSTOCK_BRONZE
HIO,LATEST,balance_sheet,order,41.0,ACTUAL,VNSTOCK_BRONZE
HIO,LATEST,balance_sheet,level,2.0,ACTUAL,VNSTOCK_BRONZE
HIO,LATEST,balance_sheet,off_balance,0.0,ACTUAL,VNSTOCK_BRONZE
HIO,LATEST,balance_sheet,value,0.0,ACTUAL,VNSTOCK_BRONZE
HIO,LATEST,balance_sheet,order,42.0,ACTUAL,VNSTOCK_BRONZE
HIO,LATEST,balance_sheet,level,3.0,ACTUAL,VNSTOCK_BRONZE
HIO,LATEST,balance_sheet,off_balance,0.0,ACTUAL,VNSTOCK_BRONZE
HIO,LATEST,balance_sheet,value,0.0,ACTUAL,VNSTOCK_BRONZE
HIO,LATEST,balance_sheet,order,43.0,ACTUAL,VNSTOCK_BRONZE
HIO,LATEST,balance_sheet,level,3.0,ACTUAL,VNSTOCK_BRONZE
HIO,LATEST,balance_sheet,off_balance,0.0,ACTUAL,VNSTOCK_BRONZE
HIO,LATEST,balance_sheet,value,-0.0,ACTUAL,VNSTOCK_BRONZE
HIO,LATEST,balance_sheet,order,44.0,ACTUAL,VNSTOCK_BRONZE
HIO,LATEST,balance_sheet,level,1.0,ACTUAL,VNSTOCK_BRONZE
HIO,LATEST,balance_sheet,off_balance,0.0,ACTUAL,VNSTOCK_BRONZE
HIO,LATEST,balance_sheet,value,53518407310.0,ACTUAL,VNSTOCK_BRONZE
HIO,LATEST,balance_sheet,order,45.0,ACTUAL,VNSTOCK_BRONZE
HIO,LATEST,balance_sheet,level,2.0,ACTUAL,VNSTOCK_BRONZE
HIO,LATEST,balance_sheet,off_balance,0.0,ACTUAL,VNSTOCK_BRONZE
HIO,LATEST,balance_sheet,value,67768155812.0,ACTUAL,VNSTOCK_BRONZE
HIO,LATEST,balance_sheet,order,46.0,ACTUAL,VNSTOCK_BRONZE
HIO,LATEST,balance_sheet,level,2.0,ACTUAL,VNSTOCK_BRONZE
HIO,LATEST,balance_sheet,off_balance,0.0,ACTUAL,VNSTOCK_BRONZE
HIO,LATEST,balance_sheet,value,-14249748502.0,ACTUAL,VNSTOCK_BRONZE
HIO,LATEST,balance_sheet,order,47.0,ACTUAL,VNSTOCK_BRONZE
HIO,LATEST,balance_sheet,level,1.0,ACTUAL,VNSTOCK_BRONZE
HIO,LATEST,balance_sheet,off_balance,0.0,ACTUAL,VNSTOCK_BRONZE
HIO,LATEST,balance_sheet,value,0.0,ACTUAL,VNSTOCK_BRONZE
HIO,LATEST,balance_sheet,order,48.0,ACTUAL,VNSTOCK_BRONZE
HIO,LATEST,balance_sheet,level,2.0,ACTUAL,VNSTOCK_BRONZE
HIO,LATEST,balance_sheet,off_balance,0.0,ACTUAL,VNSTOCK_BRONZE
HIO,LATEST,balance_sheet,value,0.0,ACTUAL,VNSTOCK_BRONZE
HIO,LATEST,balance_sheet,order,49.0,ACTUAL,VNSTOCK_BRONZE
HIO,LATEST,balance_sheet,level,2.0,ACTUAL,VNSTOCK_BRONZE
HIO,LATEST,balance_sheet,off_balance,0.0,ACTUAL,VNSTOCK_BRONZE
HIO,LATEST,balance_sheet,value,0.0,ACTUAL,VNSTOCK_BRONZE
HIO,LATEST,balance_sheet,order,50.0,ACTUAL,VNSTOCK_BRONZE
HIO,LATEST,balance_sheet,level,1.0,ACTUAL,VNSTOCK_BRONZE
HIO,LATEST,balance_sheet,off_balance,0.0,ACTUAL,VNSTOCK_BRONZE
HIO,LATEST,balance_sheet,value,15295057286.0,ACTUAL,VNSTOCK_BRONZE
HIO,LATEST,balance_sheet,order,51.0,ACTUAL,VNSTOCK_BRONZE
HIO,LATEST,balance_sheet,level,2.0,ACTUAL,VNSTOCK_BRONZE
HIO,LATEST,balance_sheet,off_balance,0.0,ACTUAL,VNSTOCK_BRONZE
HIO,LATEST,balance_sheet,value,0.0,ACTUAL,VNSTOCK_BRONZE
HIO,LATEST,balance_sheet,order,52.0,ACTUAL,VNSTOCK_BRONZE
HIO,LATEST,balance_sheet,level,2.0,ACTUAL,VNSTOCK_BRONZE
HIO,LATEST,balance_sheet,off_balance,0.0,ACTUAL,VNSTOCK_BRONZE
HIO,LATEST,balance_sheet,value,15295057286.0,ACTUAL,VNSTOCK_BRONZE
HIO,LATEST,balance_sheet,order,53.0,ACTUAL,VNSTOCK_BRONZE
HIO,LATEST,balance_sheet,level,2.0,ACTUAL,VNSTOCK_BRONZE
HIO,LATEST,balance_sheet,off_balance,0.0,ACTUAL,VNSTOCK_BRONZE
HIO,LATEST,balance_sheet,value,0.0,ACTUAL,VNSTOCK_BRONZE
HIO,LATEST,balance_sheet,order,54.0,ACTUAL,VNSTOCK_BRONZE
HIO,LATEST,balance_sheet,level,2.0,ACTUAL,VNSTOCK_BRONZE
HIO,LATEST,balance_sheet,off_balance,0.0,ACTUAL,VNSTOCK_BRONZE
HIO,LATEST,balance_sheet,value,0.0,ACTUAL,VNSTOCK_BRONZE
HIO,LATEST,balance_sheet,order,55.0,ACTUAL,VNSTOCK_BRONZE
HIO,LATEST,balance_sheet,level,2.0,ACTUAL,VNSTOCK_BRONZE
HIO,LATEST,balance_sheet,off_balance,0.0,ACTUAL,VNSTOCK_BRONZE
HIO,LATEST,balance_sheet,value,0.0,ACTUAL,VNSTOCK_BRONZE
HIO,LATEST,balance_sheet,order,56.0,ACTUAL,VNSTOCK_BRONZE
HIO,LATEST,balance_sheet,level,1.0,ACTUAL,VNSTOCK_BRONZE
HIO,LATEST,balance_sheet,off_balance,0.0,ACTUAL,VNSTOCK_BRONZE
HIO,LATEST,balance_sheet,value,4386672838.0,ACTUAL,VNSTOCK_BRONZE
HIO,LATEST,balance_sheet,order,57.0,ACTUAL,VNSTOCK_BRONZE
HIO,LATEST,balance_sheet,level,2.0,ACTUAL,VNSTOCK_BRONZE
HIO,LATEST,balance_sheet,off_balance,0.0,ACTUAL,VNSTOCK_BRONZE
HIO,LATEST,balance_sheet,value,0.0,ACTUAL,VNSTOCK_BRONZE
HIO,LATEST,balance_sheet,order,58.0,ACTUAL,VNSTOCK_BRONZE
HIO,LATEST,balance_sheet,level,2.0,ACTUAL,VNSTOCK_BRONZE
HIO,LATEST,balance_sheet,off_balance,0.0,ACTUAL,VNSTOCK_BRONZE
HIO,LATEST,balance_sheet,value,1680995509.0,ACTUAL,VNSTOCK_BRONZE
HIO,LATEST,balance_sheet,order,59.0,ACTUAL,VNSTOCK_BRONZE
HIO,LATEST,balance_sheet,level,2.0,ACTUAL,VNSTOCK_BRONZE
HIO,LATEST,balance_sheet,off_balance,0.0,ACTUAL,VNSTOCK_BRONZE
HIO,LATEST,balance_sheet,value,0.0,ACTUAL,VNSTOCK_BRONZE
HIO,LATEST,balance_sheet,order,60.0,ACTUAL,VNSTOCK_BRONZE
HIO,LATEST,balance_sheet,level,2.0,ACTUAL,VNSTOCK_BRONZE
HIO,LATEST,balance_sheet,off_balance,0.0,ACTUAL,VNSTOCK_BRONZE
HIO,LATEST,balance_sheet,value,0.0,ACTUAL,VNSTOCK_BRONZE
HIO,LATEST,balance_sheet,order,61.0,ACTUAL,VNSTOCK_BRONZE
HIO,LATEST,balance_sheet,level,2.0,ACTUAL,VNSTOCK_BRONZE
HIO,LATEST,balance_sheet,off_balance,0.0,ACTUAL,VNSTOCK_BRONZE
HIO,LATEST,balance_sheet,value,0.0,ACTUAL,VNSTOCK_BRONZE
HIO,LATEST,balance_sheet,order,62.0,ACTUAL,VNSTOCK_BRONZE
HIO,LATEST,balance_sheet,level,2.0,ACTUAL,VNSTOCK_BRONZE
HIO,LATEST,balance_sheet,off_balance,0.0,ACTUAL,VNSTOCK_BRONZE
HIO,LATEST,balance_sheet,value,2705677329.0,ACTUAL,VNSTOCK_BRONZE
HIO,LATEST,balance_sheet,order,63.0,ACTUAL,VNSTOCK_BRONZE
HIO,LATEST,balance_sheet,level,1.0,ACTUAL,VNSTOCK_BRONZE
HIO,LATEST,balance_sheet,off_balance,0.0,ACTUAL,VNSTOCK_BRONZE
HIO,LATEST,balance_sheet,value,539894084456.0,ACTUAL,VNSTOCK_BRONZE
HIO,LATEST,balance_sheet,order,64.0,ACTUAL,VNSTOCK_BRONZE
HIO,LATEST,balance_sheet,level,1.0,ACTUAL,VNSTOCK_BRONZE
HIO,LATEST,balance_sheet,off_balance,0.0,ACTUAL,VNSTOCK_BRONZE
HIO,LATEST,balance_sheet,value,298742372165.0,ACTUAL,VNSTOCK_BRONZE
HIO,LATEST,balance_sheet,order,65.0,ACTUAL,VNSTOCK_BRONZE
HIO,LATEST,balance_sheet,level,1.0,ACTUAL,VNSTOCK_BRONZE
HIO,LATEST,balance_sheet,off_balance,0.0,ACTUAL,VNSTOCK_BRONZE
HIO,LATEST,balance_sheet,value,76138044847.0,ACTUAL,VNSTOCK_BRONZE
HIO,LATEST,balance_sheet,order,66.0,ACTUAL,VNSTOCK_BRONZE
HIO,LATEST,balance_sheet,level,2.0,ACTUAL,VNSTOCK_BRONZE
HIO,LATEST,balance_sheet,off_balance,0.0,ACTUAL,VNSTOCK_BRONZE
HIO,LATEST,balance_sheet,value,0.0,ACTUAL,VNSTOCK_BRONZE
HIO,LATEST,balance_sheet,order,67.0,ACTUAL,VNSTOCK_BRONZE
HIO,LATEST,balance_sheet,level,2.0,ACTUAL,VNSTOCK_BRONZE
HIO,LATEST,balance_sheet,off_balance,0.0,ACTUAL,VNSTOCK_BRONZE
HIO,LATEST,balance_sheet,value,0.0,ACTUAL,VNSTOCK_BRONZE
HIO,LATEST,balance_sheet,order,68.0,ACTUAL,VNSTOCK_BRONZE
HIO,LATEST,balance_sheet,level,2.0,ACTUAL,VNSTOCK_BRONZE
HIO,LATEST,balance_sheet,off_balance,0.0,ACTUAL,VNSTOCK_BRONZE
HIO,LATEST,balance_sheet,value,0.0,ACTUAL,VNSTOCK_BRONZE
HIO,LATEST,balance_sheet,order,69.0,ACTUAL,VNSTOCK_BRONZE
HIO,LATEST,balance_sheet,level,2.0,ACTUAL,VNSTOCK_BRONZE
HIO,LATEST,balance_sheet,off_balance,0.0,ACTUAL,VNSTOCK_BRONZE
HIO,LATEST,balance_sheet,value,2257304334.0,ACTUAL,VNSTOCK_BRONZE
HIO,LATEST,balance_sheet,order,70.0,ACTUAL,VNSTOCK_BRONZE
HIO,LATEST,balance_sheet,level,2.0,ACTUAL,VNSTOCK_BRONZE
HIO,LATEST,balance_sheet,off_balance,0.0,ACTUAL,VNSTOCK_BRONZE
HIO,LATEST,balance_sheet,value,0.0,ACTUAL,VNSTOCK_BRONZE
HIO,LATEST,balance_sheet,order,71.0,ACTUAL,VNSTOCK_BRONZE
HIO,LATEST,balance_sheet,level,2.0,ACTUAL,VNSTOCK_BRONZE
HIO,LATEST,balance_sheet,off_balance,0.0,ACTUAL,VNSTOCK_BRONZE
HIO,LATEST,balance_sheet,value,619491039.0,ACTUAL,VNSTOCK_BRONZE
HIO,LATEST,balance_sheet,order,72.0,ACTUAL,VNSTOCK_BRONZE
HIO,LATEST,balance_sheet,level,2.0,ACTUAL,VNSTOCK_BRONZE
HIO,LATEST,balance_sheet,off_balance,0.0,ACTUAL,VNSTOCK_BRONZE
HIO,LATEST,balance_sheet,value,108000000.0,ACTUAL,VNSTOCK_BRONZE
HIO,LATEST,balance_sheet,order,73.0,ACTUAL,VNSTOCK_BRONZE
HIO,LATEST,balance_sheet,level,2.0,ACTUAL,VNSTOCK_BRONZE
HIO,LATEST,balance_sheet,off_balance,0.0,ACTUAL,VNSTOCK_BRONZE
HIO,LATEST,balance_sheet,value,4584452891.0,ACTUAL,VNSTOCK_BRONZE
HIO,LATEST,balance_sheet,order,74.0,ACTUAL,VNSTOCK_BRONZE
HIO,LATEST,balance_sheet,level,2.0,ACTUAL,VNSTOCK_BRONZE
HIO,LATEST,balance_sheet,off_balance,0.0,ACTUAL,VNSTOCK_BRONZE
HIO,LATEST,balance_sheet,value,0.0,ACTUAL,VNSTOCK_BRONZE
HIO,LATEST,balance_sheet,order,75.0,ACTUAL,VNSTOCK_BRONZE
HIO,LATEST,balance_sheet,level,2.0,ACTUAL,VNSTOCK_BRONZE
HIO,LATEST,balance_sheet,off_balance,0.0,ACTUAL,VNSTOCK_BRONZE
HIO,LATEST,balance_sheet,value,357996045.0,ACTUAL,VNSTOCK_BRONZE
HIO,LATEST,balance_sheet,order,76.0,ACTUAL,VNSTOCK_BRONZE
HIO,LATEST,balance_sheet,level,2.0,ACTUAL,VNSTOCK_BRONZE
HIO,LATEST,balance_sheet,off_balance,0.0,ACTUAL,VNSTOCK_BRONZE
HIO,LATEST,balance_sheet,value,0.0,ACTUAL,VNSTOCK_BRONZE
HIO,LATEST,balance_sheet,order,77.0,ACTUAL,VNSTOCK_BRONZE
HIO,LATEST,balance_sheet,level,2.0,ACTUAL,VNSTOCK_BRONZE
HIO,LATEST,balance_sheet,off_balance,0.0,ACTUAL,VNSTOCK_BRONZE
HIO,LATEST,balance_sheet,value,68210800538.0,ACTUAL,VNSTOCK_BRONZE
HIO,LATEST,balance_sheet,order,78.0,ACTUAL,VNSTOCK_BRONZE
HIO,LATEST,balance_sheet,level,2.0,ACTUAL,VNSTOCK_BRONZE
HIO,LATEST,balance_sheet,off_balance,0.0,ACTUAL,VNSTOCK_BRONZE
HIO,LATEST,balance_sheet,value,0.0,ACTUAL,VNSTOCK_BRONZE
HIO,LATEST,balance_sheet,order,79.0,ACTUAL,VNSTOCK_BRONZE
HIO,LATEST,balance_sheet,level,2.0,ACTUAL,VNSTOCK_BRONZE
HIO,LATEST,balance_sheet,off_balance,0.0,ACTUAL,VNSTOCK_BRONZE
HIO,LATEST,balance_sheet,value,0.0,ACTUAL,VNSTOCK_BRONZE
HIO,LATEST,balance_sheet,order,80.0,ACTUAL,VNSTOCK_BRONZE
HIO,LATEST,balance_sheet,level,2.0,ACTUAL,VNSTOCK_BRONZE
HIO,LATEST,balance_sheet,off_balance,0.0,ACTUAL,VNSTOCK_BRONZE
HIO,LATEST,balance_sheet,value,0.0,ACTUAL,VNSTOCK_BRONZE
HIO,LATEST,balance_sheet,order,81.0,ACTUAL,VNSTOCK_BRONZE
HIO,LATEST,balance_sheet,level,2.0,ACTUAL,VNSTOCK_BRONZE
HIO,LATEST,balance_sheet,off_balance,0.0,ACTUAL,VNSTOCK_BRONZE
HIO,LATEST,balance_sheet,value,0.0,ACTUAL,VNSTOCK_BRONZE
HIO,LATEST,balance_sheet,order,82.0,ACTUAL,VNSTOCK_BRONZE
HIO,LATEST,balance_sheet,level,1.0,ACTUAL,VNSTOCK_BRONZE
HIO,LATEST,balance_sheet,off_balance,0.0,ACTUAL,VNSTOCK_BRONZE
HIO,LATEST,balance_sheet,value,222604327318.0,ACTUAL,VNSTOCK_BRONZE
HIO,LATEST,balance_sheet,order,83.0,ACTUAL,VNSTOCK_BRONZE
HIO,LATEST,balance_sheet,level,2.0,ACTUAL,VNSTOCK_BRONZE
HIO,LATEST,balance_sheet,off_balance,0.0,ACTUAL,VNSTOCK_BRONZE
HIO,LATEST,balance_sheet,value,0.0,ACTUAL,VNSTOCK_BRONZE
HIO,LATEST,balance_sheet,order,84.0,ACTUAL,VNSTOCK_BRONZE
HIO,LATEST,balance_sheet,level,2.0,ACTUAL,VNSTOCK_BRONZE
HIO,LATEST,balance_sheet,off_balance,0.0,ACTUAL,VNSTOCK_BRONZE
HIO,LATEST,balance_sheet,order,85.0,ACTUAL,VNSTOCK_BRONZE
HIO,LATEST,balance_sheet,level,2.0,ACTUAL,VNSTOCK_BRONZE
HIO,LATEST,balance_sheet,off_balance,0.0,ACTUAL,VNSTOCK_BRONZE
HIO,LATEST,balance_sheet,value,0.0,ACTUAL,VNSTOCK_BRONZE
HIO,LATEST,balance_sheet,order,86.0,ACTUAL,VNSTOCK_BRONZE
HIO,LATEST,balance_sheet,level,2.0,ACTUAL,VNSTOCK_BRONZE
HIO,LATEST,balance_sheet,off_balance,0.0,ACTUAL,VNSTOCK_BRONZE
HIO,LATEST,balance_sheet,value,0.0,ACTUAL,VNSTOCK_BRONZE
HIO,LATEST,balance_sheet,order,87.0,ACTUAL,VNSTOCK_BRONZE
HIO,LATEST,balance_sheet,level,2.0,ACTUAL,VNSTOCK_BRONZE
HIO,LATEST,balance_sheet,off_balance,0.0,ACTUAL,VNSTOCK_BRONZE
HIO,LATEST,balance_sheet,value,0.0,ACTUAL,VNSTOCK_BRONZE
HIO,LATEST,balance_sheet,order,88.0,ACTUAL,VNSTOCK_BRONZE
HIO,LATEST,balance_sheet,level,2.0,ACTUAL,VNSTOCK_BRONZE
HIO,LATEST,balance_sheet,off_balance,0.0,ACTUAL,VNSTOCK_BRONZE
HIO,LATEST,balance_sheet,value,0.0,ACTUAL,VNSTOCK_BRONZE
HIO,LATEST,balance_sheet,order,89.0,ACTUAL,VNSTOCK_BRONZE
HIO,LATEST,balance_sheet,level,2.0,ACTUAL,VNSTOCK_BRONZE
HIO,LATEST,balance_sheet,off_balance,0.0,ACTUAL,VNSTOCK_BRONZE
HIO,LATEST,balance_sheet,value,0.0,ACTUAL,VNSTOCK_BRONZE
HIO,LATEST,balance_sheet,order,90.0,ACTUAL,VNSTOCK_BRONZE
HIO,LATEST,balance_sheet,level,2.0,ACTUAL,VNSTOCK_BRONZE
HIO,LATEST,balance_sheet,off_balance,0.0,ACTUAL,VNSTOCK_BRONZE
HIO,LATEST,balance_sheet,value,0.0,ACTUAL,VNSTOCK_BRONZE
HIO,LATEST,balance_sheet,order,91.0,ACTUAL,VNSTOCK_BRONZE
HIO,LATEST,balance_sheet,level,2.0,ACTUAL,VNSTOCK_BRONZE
HIO,LATEST,balance_sheet,off_balance,0.0,ACTUAL,VNSTOCK_BRONZE
HIO,LATEST,balance_sheet,value,222025565058.0,ACTUAL,VNSTOCK_BRONZE
HIO,LATEST,balance_sheet,order,92.0,ACTUAL,VNSTOCK_BRONZE
HIO,LATEST,balance_sheet,level,2.0,ACTUAL,VNSTOCK_BRONZE
HIO,LATEST,balance_sheet,off_balance,0.0,ACTUAL,VNSTOCK_BRONZE
HIO,LATEST,balance_sheet,value,0.0,ACTUAL,VNSTOCK_BRONZE
HIO,LATEST,balance_sheet,order,93.0,ACTUAL,VNSTOCK_BRONZE
HIO,LATEST,balance_sheet,level,2.0,ACTUAL,VNSTOCK_BRONZE
HIO,LATEST,balance_sheet,off_balance,0.0,ACTUAL,VNSTOCK_BRONZE
HIO,LATEST,balance_sheet,value,578762260.0,ACTUAL,VNSTOCK_BRONZE
HIO,LATEST,balance_sheet,order,94.0,ACTUAL,VNSTOCK_BRONZE
HIO,LATEST,balance_sheet,level,2.0,ACTUAL,VNSTOCK_BRONZE
HIO,LATEST,balance_sheet,off_balance,0.0,ACTUAL,VNSTOCK_BRONZE
HIO,LATEST,balance_sheet,value,0.0,ACTUAL,VNSTOCK_BRONZE
HIO,LATEST,balance_sheet,order,95.0,ACTUAL,VNSTOCK_BRONZE
HIO,LATEST,balance_sheet,level,2.0,ACTUAL,VNSTOCK_BRONZE
HIO,LATEST,balance_sheet,off_balance,0.0,ACTUAL,VNSTOCK_BRONZE
HIO,LATEST,balance_sheet,value,0.0,ACTUAL,VNSTOCK_BRONZE
HIO,LATEST,balance_sheet,order,96.0,ACTUAL,VNSTOCK_BRONZE
HIO,LATEST,balance_sheet,level,1.0,ACTUAL,VNSTOCK_BRONZE
HIO,LATEST,balance_sheet,off_balance,0.0,ACTUAL,VNSTOCK_BRONZE
HIO,LATEST,balance_sheet,value,241151712291.0,ACTUAL,VNSTOCK_BRONZE
HIO,LATEST,balance_sheet,order,97.0,ACTUAL,VNSTOCK_BRONZE
HIO,LATEST,balance_sheet,level,1.0,ACTUAL,VNSTOCK_BRONZE
HIO,LATEST,balance_sheet,off_balance,0.0,ACTUAL,VNSTOCK_BRONZE
HIO,LATEST,balance_sheet,value,241151712291.0,ACTUAL,VNSTOCK_BRONZE
HIO,LATEST,balance_sheet,order,98.0,ACTUAL,VNSTOCK_BRONZE
HIO,LATEST,balance_sheet,level,2.0,ACTUAL,VNSTOCK_BRONZE
HIO,LATEST,balance_sheet,off_balance,0.0,ACTUAL,VNSTOCK_BRONZE
HIO,LATEST,balance_sheet,value,0.0,ACTUAL,VNSTOCK_BRONZE
HIO,LATEST,balance_sheet,order,99.0,ACTUAL,VNSTOCK_BRONZE
HIO,LATEST,balance_sheet,level,2.0,ACTUAL,VNSTOCK_BRONZE
HIO,LATEST,balance_sheet,off_balance,0.0,ACTUAL,VNSTOCK_BRONZE
HIO,LATEST,balance_sheet,value,0.0,ACTUAL,VNSTOCK_BRONZE
HIO,LATEST,balance_sheet,order,100.0,ACTUAL,VNSTOCK_BRONZE
HIO,LATEST,balance_sheet,level,2.0,ACTUAL,VNSTOCK_BRONZE
HIO,LATEST,balance_sheet,off_balance,0.0,ACTUAL,VNSTOCK_BRONZE
HIO,LATEST,balance_sheet,value,0.0,ACTUAL,VNSTOCK_BRONZE
HIO,LATEST,balance_sheet,order,101.0,ACTUAL,VNSTOCK_BRONZE
HIO,LATEST,balance_sheet,level,2.0,ACTUAL,VNSTOCK_BRONZE
HIO,LATEST,balance_sheet,off_balance,0.0,ACTUAL,VNSTOCK_BRONZE
HIO,LATEST,balance_sheet,value,0.0,ACTUAL,VNSTOCK_BRONZE
HIO,LATEST,balance_sheet,order,102.0,ACTUAL,VNSTOCK_BRONZE
HIO,LATEST,balance_sheet,level,2.0,ACTUAL,VNSTOCK_BRONZE
HIO,LATEST,balance_sheet,off_balance,0.0,ACTUAL,VNSTOCK_BRONZE
HIO,LATEST,balance_sheet,value,210000000000.0,ACTUAL,VNSTOCK_BRONZE
HIO,LATEST,balance_sheet,order,103.0,ACTUAL,VNSTOCK_BRONZE
HIO,LATEST,balance_sheet,level,3.0,ACTUAL,VNSTOCK_BRONZE
HIO,LATEST,balance_sheet,off_balance,0.0,ACTUAL,VNSTOCK_BRONZE
HIO,LATEST,balance_sheet,value,210000000000.0,ACTUAL,VNSTOCK_BRONZE
HIO,LATEST,balance_sheet,order,104.0,ACTUAL,VNSTOCK_BRONZE
HIO,LATEST,balance_sheet,level,2.0,ACTUAL,VNSTOCK_BRONZE
HIO,LATEST,balance_sheet,off_balance,0.0,ACTUAL,VNSTOCK_BRONZE
HIO,LATEST,balance_sheet,value,0.0,ACTUAL,VNSTOCK_BRONZE
HIO,LATEST,balance_sheet,order,105.0,ACTUAL,VNSTOCK_BRONZE
HIO,LATEST,balance_sheet,level,2.0,ACTUAL,VNSTOCK_BRONZE
HIO,LATEST,balance_sheet,off_balance,0.0,ACTUAL,VNSTOCK_BRONZE
HIO,LATEST,balance_sheet,value,0.0,ACTUAL,VNSTOCK_BRONZE
HIO,LATEST,balance_sheet,order,106.0,ACTUAL,VNSTOCK_BRONZE
HIO,LATEST,balance_sheet,level,2.0,ACTUAL,VNSTOCK_BRONZE
HIO,LATEST,balance_sheet,off_balance,0.0,ACTUAL,VNSTOCK_BRONZE
HIO,LATEST,balance_sheet,value,0.0,ACTUAL,VNSTOCK_BRONZE
HIO,LATEST,balance_sheet,order,107.0,ACTUAL,VNSTOCK_BRONZE
HIO,LATEST,balance_sheet,level,2.0,ACTUAL,VNSTOCK_BRONZE
HIO,LATEST,balance_sheet,off_balance,0.0,ACTUAL,VNSTOCK_BRONZE
HIO,LATEST,balance_sheet,value,0.0,ACTUAL,VNSTOCK_BRONZE
HIO,LATEST,balance_sheet,order,108.0,ACTUAL,VNSTOCK_BRONZE
HIO,LATEST,balance_sheet,level,2.0,ACTUAL,VNSTOCK_BRONZE
HIO,LATEST,balance_sheet,off_balance,0.0,ACTUAL,VNSTOCK_BRONZE
HIO,LATEST,balance_sheet,value,0.0,ACTUAL,VNSTOCK_BRONZE
HIO,LATEST,balance_sheet,order,109.0,ACTUAL,VNSTOCK_BRONZE
HIO,LATEST,balance_sheet,level,2.0,ACTUAL,VNSTOCK_BRONZE
HIO,LATEST,balance_sheet,off_balance,0.0,ACTUAL,VNSTOCK_BRONZE
HIO,LATEST,balance_sheet,value,0.0,ACTUAL,VNSTOCK_BRONZE
HIO,LATEST,balance_sheet,order,110.0,ACTUAL,VNSTOCK_BRONZE
HIO,LATEST,balance_sheet,level,2.0,ACTUAL,VNSTOCK_BRONZE
HIO,LATEST,balance_sheet,off_balance,0.0,ACTUAL,VNSTOCK_BRONZE
HIO,LATEST,balance_sheet,value,0.0,ACTUAL,VNSTOCK_BRONZE
HIO,LATEST,balance_sheet,order,111.0,ACTUAL,VNSTOCK_BRONZE
HIO,LATEST,balance_sheet,level,2.0,ACTUAL,VNSTOCK_BRONZE
HIO,LATEST,balance_sheet,off_balance,0.0,ACTUAL,VNSTOCK_BRONZE
HIO,LATEST,balance_sheet,value,8331664665.0,ACTUAL,VNSTOCK_BRONZE
HIO,LATEST,balance_sheet,order,112.0,ACTUAL,VNSTOCK_BRONZE
HIO,LATEST,balance_sheet,level,2.0,ACTUAL,VNSTOCK_BRONZE
HIO,LATEST,balance_sheet,off_balance,0.0,ACTUAL,VNSTOCK_BRONZE
HIO,LATEST,balance_sheet,value,22820047626.0,ACTUAL,VNSTOCK_BRONZE
HIO,LATEST,balance_sheet,order,113.0,ACTUAL,VNSTOCK_BRONZE
HIO,LATEST,balance_sheet,level,3.0,ACTUAL,VNSTOCK_BRONZE
HIO,LATEST,balance_sheet,off_balance,0.0,ACTUAL,VNSTOCK_BRONZE
HIO,LATEST,balance_sheet,value,15286787197.0,ACTUAL,VNSTOCK_BRONZE
HIO,LATEST,balance_sheet,order,114.0,ACTUAL,VNSTOCK_BRONZE
HIO,LATEST,balance_sheet,level,3.0,ACTUAL,VNSTOCK_BRONZE
HIO,LATEST,balance_sheet,off_balance,0.0,ACTUAL,VNSTOCK_BRONZE
HIO,LATEST,balance_sheet,value,7533260429.0,ACTUAL,VNSTOCK_BRONZE
HIO,LATEST,balance_sheet,order,115.0,ACTUAL,VNSTOCK_BRONZE
HIO,LATEST,balance_sheet,level,2.0,ACTUAL,VNSTOCK_BRONZE
HIO,LATEST,balance_sheet,off_balance,0.0,ACTUAL,VNSTOCK_BRONZE
HIO,LATEST,balance_sheet,value,0.0,ACTUAL,VNSTOCK_BRONZE
HIO,LATEST,balance_sheet,order,116.0,ACTUAL,VNSTOCK_BRONZE
HIO,LATEST,balance_sheet,level,1.0,ACTUAL,VNSTOCK_BRONZE
HIO,LATEST,balance_sheet,off_balance,0.0,ACTUAL,VNSTOCK_BRONZE
HIO,LATEST,balance_sheet,value,0.0,ACTUAL,VNSTOCK_BRONZE
HIO,LATEST,balance_sheet,order,117.0,ACTUAL,VNSTOCK_BRONZE
HIO,LATEST,balance_sheet,level,2.0,ACTUAL,VNSTOCK_BRONZE
HIO,LATEST,balance_sheet,off_balance,0.0,ACTUAL,VNSTOCK_BRONZE
HIO,LATEST,balance_sheet,value,0.0,ACTUAL,VNSTOCK_BRONZE
HIO,LATEST,balance_sheet,order,118.0,ACTUAL,VNSTOCK_BRONZE
HIO,LATEST,balance_sheet,level,1.0,ACTUAL,VNSTOCK_BRONZE
HIO,LATEST,balance_sheet,off_balance,0.0,ACTUAL,VNSTOCK_BRONZE
HIO,LATEST,balance_sheet,value,539894084456.0,ACTUAL,VNSTOCK_BRONZE
HIO,LATEST,balance_sheet,order,1.0,ACTUAL,VNSTOCK_BRONZE
HIO,LATEST,balance_sheet,level,1.0,ACTUAL,VNSTOCK_BRONZE
HIO,LATEST,balance_sheet,off_balance,0.0,ACTUAL,VNSTOCK_BRONZE
HIO,LATEST,balance_sheet,value,90935463791.0,ACTUAL,VNSTOCK_BRONZE
HIO,LATEST,balance_sheet,order,2.0,ACTUAL,VNSTOCK_BRONZE
HIO,LATEST,balance_sheet,level,1.0,ACTUAL,VNSTOCK_BRONZE
HIO,LATEST,balance_sheet,off_balance,0.0,ACTUAL,VNSTOCK_BRONZE
HIO,LATEST,balance_sheet,value,17299326829.0,ACTUAL,VNSTOCK_BRONZE
HIO,LATEST,balance_sheet,order,3.0,ACTUAL,VNSTOCK_BRONZE
HIO,LATEST,balance_sheet,level,2.0,ACTUAL,VNSTOCK_BRONZE
HIO,LATEST,balance_sheet,off_balance,0.0,ACTUAL,VNSTOCK_BRONZE
HIO,LATEST,balance_sheet,value,17299326829.0,ACTUAL,VNSTOCK_BRONZE
HIO,LATEST,balance_sheet,order,4.0,ACTUAL,VNSTOCK_BRONZE
HIO,LATEST,balance_sheet,level,2.0,ACTUAL,VNSTOCK_BRONZE
HIO,LATEST,balance_sheet,off_balance,0.0,ACTUAL,VNSTOCK_BRONZE
HIO,LATEST,balance_sheet,value,0.0,ACTUAL,VNSTOCK_BRONZE
HIO,LATEST,balance_sheet,order,5.0,ACTUAL,VNSTOCK_BRONZE
HIO,LATEST,balance_sheet,level,1.0,ACTUAL,VNSTOCK_BRONZE
HIO,LATEST,balance_sheet,off_balance,0.0,ACTUAL,VNSTOCK_BRONZE
HIO,LATEST,balance_sheet,value,22800000000.0,ACTUAL,VNSTOCK_BRONZE
HIO,LATEST,balance_sheet,order,6.0,ACTUAL,VNSTOCK_BRONZE
HIO,LATEST,balance_sheet,level,2.0,ACTUAL,VNSTOCK_BRONZE
HIO,LATEST,balance_sheet,off_balance,0.0,ACTUAL,VNSTOCK_BRONZE
HIO,LATEST,balance_sheet,value,0.0,ACTUAL,VNSTOCK_BRONZE
HIO,LATEST,balance_sheet,order,7.0,ACTUAL,VNSTOCK_BRONZE
HIO,LATEST,balance_sheet,level,2.0,ACTUAL,VNSTOCK_BRONZE
HIO,LATEST,balance_sheet,off_balance,0.0,ACTUAL,VNSTOCK_BRONZE
HIO,LATEST,balance_sheet,value,0.0,ACTUAL,VNSTOCK_BRONZE
HIO,LATEST,balance_sheet,order,8.0,ACTUAL,VNSTOCK_BRONZE
HIO,LATEST,balance_sheet,level,2.0,ACTUAL,VNSTOCK_BRONZE
HIO,LATEST,balance_sheet,off_balance,0.0,ACTUAL,VNSTOCK_BRONZE
HIO,LATEST,balance_sheet,value,22800000000.0,ACTUAL,VNSTOCK_BRONZE
HIO,LATEST,balance_sheet,order,9.0,ACTUAL,VNSTOCK_BRONZE
HIO,LATEST,balance_sheet,level,1.0,ACTUAL,VNSTOCK_BRONZE
HIO,LATEST,balance_sheet,off_balance,0.0,ACTUAL,VNSTOCK_BRONZE
HIO,LATEST,balance_sheet,value,23051512033.0,ACTUAL,VNSTOCK_BRONZE
HIO,LATEST,balance_sheet,order,10.0,ACTUAL,VNSTOCK_BRONZE
HIO,LATEST,balance_sheet,level,2.0,ACTUAL,VNSTOCK_BRONZE
HIO,LATEST,balance_sheet,off_balance,0.0,ACTUAL,VNSTOCK_BRONZE
HIO,LATEST,balance_sheet,value,21856456515.0,ACTUAL,VNSTOCK_BRONZE
HIO,LATEST,balance_sheet,order,11.0,ACTUAL,VNSTOCK_BRONZE
HIO,LATEST,balance_sheet,level,2.0,ACTUAL,VNSTOCK_BRONZE
HIO,LATEST,balance_sheet,off_balance,0.0,ACTUAL,VNSTOCK_BRONZE
HIO,LATEST,balance_sheet,value,1089907751.0,ACTUAL,VNSTOCK_BRONZE
HIO,LATEST,balance_sheet,order,12.0,ACTUAL,VNSTOCK_BRONZE
HIO,LATEST,balance_sheet,level,2.0,ACTUAL,VNSTOCK_BRONZE
HIO,LATEST,balance_sheet,off_balance,0.0,ACTUAL,VNSTOCK_BRONZE
HIO,LATEST,balance_sheet,value,0.0,ACTUAL,VNSTOCK_BRONZE
HIO,LATEST,balance_sheet,order,13.0,ACTUAL,VNSTOCK_BRONZE
HIO,LATEST,balance_sheet,level,2.0,ACTUAL,VNSTOCK_BRONZE
HIO,LATEST,balance_sheet,off_balance,0.0,ACTUAL,VNSTOCK_BRONZE
HIO,LATEST,balance_sheet,value,0.0,ACTUAL,VNSTOCK_BRONZE
HIO,LATEST,balance_sheet,order,14.0,ACTUAL,VNSTOCK_BRONZE
HIO,LATEST,balance_sheet,level,2.0,ACTUAL,VNSTOCK_BRONZE
HIO,LATEST,balance_sheet,off_balance,0.0,ACTUAL,VNSTOCK_BRONZE
HIO,LATEST,balance_sheet,value,0.0,ACTUAL,VNSTOCK_BRONZE
HIO,LATEST,balance_sheet,order,15.0,ACTUAL,VNSTOCK_BRONZE
HIO,LATEST,balance_sheet,level,2.0,ACTUAL,VNSTOCK_BRONZE
HIO,LATEST,balance_sheet,off_balance,0.0,ACTUAL,VNSTOCK_BRONZE
HIO,LATEST,balance_sheet,value,105147767.0,ACTUAL,VNSTOCK_BRONZE
HIO,LATEST,balance_sheet,order,16.0,ACTUAL,VNSTOCK_BRONZE
HIO,LATEST,balance_sheet,level,2.0,ACTUAL,VNSTOCK_BRONZE
HIO,LATEST,balance_sheet,off_balance,0.0,ACTUAL,VNSTOCK_BRONZE
HIO,LATEST,balance_sheet,value,0.0,ACTUAL,VNSTOCK_BRONZE
HIO,LATEST,balance_sheet,order,17.0,ACTUAL,VNSTOCK_BRONZE
HIO,LATEST,balance_sheet,level,2.0,ACTUAL,VNSTOCK_BRONZE
HIO,LATEST,balance_sheet,off_balance,0.0,ACTUAL,VNSTOCK_BRONZE
HIO,LATEST,balance_sheet,value,0.0,ACTUAL,VNSTOCK_BRONZE
HIO,LATEST,balance_sheet,order,18.0,ACTUAL,VNSTOCK_BRONZE
HIO,LATEST,balance_sheet,level,1.0,ACTUAL,VNSTOCK_BRONZE
HIO,LATEST,balance_sheet,off_balance,0.0,ACTUAL,VNSTOCK_BRONZE
HIO,LATEST,balance_sheet,value,537095181.0,ACTUAL,VNSTOCK_BRONZE
HIO,LATEST,balance_sheet,order,19.0,ACTUAL,VNSTOCK_BRONZE
HIO,LATEST,balance_sheet,level,2.0,ACTUAL,VNSTOCK_BRONZE
HIO,LATEST,balance_sheet,off_balance,0.0,ACTUAL,VNSTOCK_BRONZE
HIO,LATEST,balance_sheet,value,537095181.0,ACTUAL,VNSTOCK_BRONZE
HIO,LATEST,balance_sheet,order,20.0,ACTUAL,VNSTOCK_BRONZE
HIO,LATEST,balance_sheet,level,2.0,ACTUAL,VNSTOCK_BRONZE
HIO,LATEST,balance_sheet,off_balance,0.0,ACTUAL,VNSTOCK_BRONZE
HIO,LATEST,balance_sheet,value,0.0,ACTUAL,VNSTOCK_BRONZE
HIO,LATEST,balance_sheet,order,21.0,ACTUAL,VNSTOCK_BRONZE
HIO,LATEST,balance_sheet,level,1.0,ACTUAL,VNSTOCK_BRONZE
HIO,LATEST,balance_sheet,off_balance,0.0,ACTUAL,VNSTOCK_BRONZE
HIO,LATEST,balance_sheet,value,27247529748.0,ACTUAL,VNSTOCK_BRONZE
HIO,LATEST,balance_sheet,order,22.0,ACTUAL,VNSTOCK_BRONZE
HIO,LATEST,balance_sheet,level,2.0,ACTUAL,VNSTOCK_BRONZE
HIO,LATEST,balance_sheet,off_balance,0.0,ACTUAL,VNSTOCK_BRONZE
HIO,LATEST,balance_sheet,value,2675102226.0,ACTUAL,VNSTOCK_BRONZE
HIO,LATEST,balance_sheet,order,23.0,ACTUAL,VNSTOCK_BRONZE
HIO,LATEST,balance_sheet,level,2.0,ACTUAL,VNSTOCK_BRONZE
HIO,LATEST,balance_sheet,off_balance,0.0,ACTUAL,VNSTOCK_BRONZE
HIO,LATEST,balance_sheet,value,24572427522.0,ACTUAL,VNSTOCK_BRONZE
HIO,LATEST,balance_sheet,order,24.0,ACTUAL,VNSTOCK_BRONZE
HIO,LATEST,balance_sheet,level,2.0,ACTUAL,VNSTOCK_BRONZE
HIO,LATEST,balance_sheet,off_balance,0.0,ACTUAL,VNSTOCK_BRONZE
HIO,LATEST,balance_sheet,value,0.0,ACTUAL,VNSTOCK_BRONZE
HIO,LATEST,balance_sheet,order,25.0,ACTUAL,VNSTOCK_BRONZE
HIO,LATEST,balance_sheet,level,2.0,ACTUAL,VNSTOCK_BRONZE
HIO,LATEST,balance_sheet,off_balance,0.0,ACTUAL,VNSTOCK_BRONZE
HIO,LATEST,balance_sheet,value,0.0,ACTUAL,VNSTOCK_BRONZE
HIO,LATEST,balance_sheet,order,26.0,ACTUAL,VNSTOCK_BRONZE
HIO,LATEST,balance_sheet,level,1.0,ACTUAL,VNSTOCK_BRONZE
HIO,LATEST,balance_sheet,off_balance,0.0,ACTUAL,VNSTOCK_BRONZE
HIO,LATEST,balance_sheet,value,455317664469.0,ACTUAL,VNSTOCK_BRONZE
HIO,LATEST,balance_sheet,order,27.0,ACTUAL,VNSTOCK_BRONZE
HIO,LATEST,balance_sheet,level,1.0,ACTUAL,VNSTOCK_BRONZE
HIO,LATEST,balance_sheet,off_balance,0.0,ACTUAL,VNSTOCK_BRONZE
HIO,LATEST,balance_sheet,value,2855000000.0,ACTUAL,VNSTOCK_BRONZE
HIO,LATEST,balance_sheet,order,28.0,ACTUAL,VNSTOCK_BRONZE
HIO,LATEST,balance_sheet,level,2.0,ACTUAL,VNSTOCK_BRONZE
HIO,LATEST,balance_sheet,off_balance,0.0,ACTUAL,VNSTOCK_BRONZE
HIO,LATEST,balance_sheet,value,0.0,ACTUAL,VNSTOCK_BRONZE
HIO,LATEST,balance_sheet,order,29.0,ACTUAL,VNSTOCK_BRONZE
HIO,LATEST,balance_sheet,level,2.0,ACTUAL,VNSTOCK_BRONZE
HIO,LATEST,balance_sheet,off_balance,0.0,ACTUAL,VNSTOCK_BRONZE
HIO,LATEST,balance_sheet,value,0.0,ACTUAL,VNSTOCK_BRONZE
HIO,LATEST,balance_sheet,order,30.0,ACTUAL,VNSTOCK_BRONZE
HIO,LATEST,balance_sheet,level,2.0,ACTUAL,VNSTOCK_BRONZE
HIO,LATEST,balance_sheet,off_balance,0.0,ACTUAL,VNSTOCK_BRONZE
HIO,LATEST,balance_sheet,value,0.0,ACTUAL,VNSTOCK_BRONZE
HIO,LATEST,balance_sheet,order,31.0,ACTUAL,VNSTOCK_BRONZE
HIO,LATEST,balance_sheet,level,2.0,ACTUAL,VNSTOCK_BRONZE
HIO,LATEST,balance_sheet,off_balance,0.0,ACTUAL,VNSTOCK_BRONZE
HIO,LATEST,balance_sheet,value,0.0,ACTUAL,VNSTOCK_BRONZE
HIO,LATEST,balance_sheet,order,32.0,ACTUAL,VNSTOCK_BRONZE
HIO,LATEST,balance_sheet,level,2.0,ACTUAL,VNSTOCK_BRONZE
HIO,LATEST,balance_sheet,off_balance,0.0,ACTUAL,VNSTOCK_BRONZE
HIO,LATEST,balance_sheet,value,2855000000.0,ACTUAL,VNSTOCK_BRONZE
HIO,LATEST,balance_sheet,order,33.0,ACTUAL,VNSTOCK_BRONZE
HIO,LATEST,balance_sheet,level,2.0,ACTUAL,VNSTOCK_BRONZE
HIO,LATEST,balance_sheet,off_balance,0.0,ACTUAL,VNSTOCK_BRONZE
HIO,LATEST,balance_sheet,value,-0.0,ACTUAL,VNSTOCK_BRONZE
HIO,LATEST,balance_sheet,order,34.0,ACTUAL,VNSTOCK_BRONZE
HIO,LATEST,balance_sheet,level,1.0,ACTUAL,VNSTOCK_BRONZE
HIO,LATEST,balance_sheet,off_balance,0.0,ACTUAL,VNSTOCK_BRONZE
HIO,LATEST,balance_sheet,value,378157042371.0,ACTUAL,VNSTOCK_BRONZE
HIO,LATEST,balance_sheet,order,35.0,ACTUAL,VNSTOCK_BRONZE
HIO,LATEST,balance_sheet,level,2.0,ACTUAL,VNSTOCK_BRONZE
HIO,LATEST,balance_sheet,off_balance,0.0,ACTUAL,VNSTOCK_BRONZE
HIO,LATEST,balance_sheet,value,378157042371.0,ACTUAL,VNSTOCK_BRONZE
HIO,LATEST,balance_sheet,order,36.0,ACTUAL,VNSTOCK_BRONZE
HIO,LATEST,balance_sheet,level,3.0,ACTUAL,VNSTOCK_BRONZE
HIO,LATEST,balance_sheet,off_balance,0.0,ACTUAL,VNSTOCK_BRONZE
HIO,LATEST,balance_sheet,value,493147313989.0,ACTUAL,VNSTOCK_BRONZE
HIO,LATEST,balance_sheet,order,37.0,ACTUAL,VNSTOCK_BRONZE
HIO,LATEST,balance_sheet,level,3.0,ACTUAL,VNSTOCK_BRONZE
HIO,LATEST,balance_sheet,off_balance,0.0,ACTUAL,VNSTOCK_BRONZE
HIO,LATEST,balance_sheet,value,-114990271618.0,ACTUAL,VNSTOCK_BRONZE
HIO,LATEST,balance_sheet,order,38.0,ACTUAL,VNSTOCK_BRONZE
HIO,LATEST,balance_sheet,level,2.0,ACTUAL,VNSTOCK_BRONZE
HIO,LATEST,balance_sheet,off_balance,0.0,ACTUAL,VNSTOCK_BRONZE
HIO,LATEST,balance_sheet,value,0.0,ACTUAL,VNSTOCK_BRONZE
HIO,LATEST,balance_sheet,order,39.0,ACTUAL,VNSTOCK_BRONZE
HIO,LATEST,balance_sheet,level,3.0,ACTUAL,VNSTOCK_BRONZE
HIO,LATEST,balance_sheet,off_balance,0.0,ACTUAL,VNSTOCK_BRONZE
HIO,LATEST,balance_sheet,value,0.0,ACTUAL,VNSTOCK_BRONZE
HIO,LATEST,balance_sheet,order,40.0,ACTUAL,VNSTOCK_BRONZE
HIO,LATEST,balance_sheet,level,3.0,ACTUAL,VNSTOCK_BRONZE
HIO,LATEST,balance_sheet,off_balance,0.0,ACTUAL,VNSTOCK_BRONZE
HIO,LATEST,balance_sheet,value,-0.0,ACTUAL,VNSTOCK_BRONZE
HIO,LATEST,balance_sheet,order,41.0,ACTUAL,VNSTOCK_BRONZE
HIO,LATEST,balance_sheet,level,2.0,ACTUAL,VNSTOCK_BRONZE
HIO,LATEST,balance_sheet,off_balance,0.0,ACTUAL,VNSTOCK_BRONZE
HIO,LATEST,balance_sheet,value,0.0,ACTUAL,VNSTOCK_BRONZE
HIO,LATEST,balance_sheet,order,42.0,ACTUAL,VNSTOCK_BRONZE
HIO,LATEST,balance_sheet,level,3.0,ACTUAL,VNSTOCK_BRONZE
HIO,LATEST,balance_sheet,off_balance,0.0,ACTUAL,VNSTOCK_BRONZE
HIO,LATEST,balance_sheet,value,0.0,ACTUAL,VNSTOCK_BRONZE
HIO,LATEST,balance_sheet,order,43.0,ACTUAL,VNSTOCK_BRONZE
HIO,LATEST,balance_sheet,level,3.0,ACTUAL,VNSTOCK_BRONZE
HIO,LATEST,balance_sheet,off_balance,0.0,ACTUAL,VNSTOCK_BRONZE
HIO,LATEST,balance_sheet,value,-0.0,ACTUAL,VNSTOCK_BRONZE
HIO,LATEST,balance_sheet,order,44.0,ACTUAL,VNSTOCK_BRONZE
HIO,LATEST,balance_sheet,level,1.0,ACTUAL,VNSTOCK_BRONZE
HIO,LATEST,balance_sheet,off_balance,0.0,ACTUAL,VNSTOCK_BRONZE
HIO,LATEST,balance_sheet,value,54644804103.0,ACTUAL,VNSTOCK_BRONZE
HIO,LATEST,balance_sheet,order,45.0,ACTUAL,VNSTOCK_BRONZE
HIO,LATEST,balance_sheet,level,2.0,ACTUAL,VNSTOCK_BRONZE
HIO,LATEST,balance_sheet,off_balance,0.0,ACTUAL,VNSTOCK_BRONZE
HIO,LATEST,balance_sheet,value,67768155812.0,ACTUAL,VNSTOCK_BRONZE
HIO,LATEST,balance_sheet,order,46.0,ACTUAL,VNSTOCK_BRONZE
HIO,LATEST,balance_sheet,level,2.0,ACTUAL,VNSTOCK_BRONZE
HIO,LATEST,balance_sheet,off_balance,0.0,ACTUAL,VNSTOCK_BRONZE
HIO,LATEST,balance_sheet,value,-13123351709.0,ACTUAL,VNSTOCK_BRONZE
HIO,LATEST,balance_sheet,order,47.0,ACTUAL,VNSTOCK_BRONZE
HIO,LATEST,balance_sheet,level,1.0,ACTUAL,VNSTOCK_BRONZE
HIO,LATEST,balance_sheet,off_balance,0.0,ACTUAL,VNSTOCK_BRONZE
HIO,LATEST,balance_sheet,value,0.0,ACTUAL,VNSTOCK_BRONZE
HIO,LATEST,balance_sheet,order,48.0,ACTUAL,VNSTOCK_BRONZE
HIO,LATEST,balance_sheet,level,2.0,ACTUAL,VNSTOCK_BRONZE
HIO,LATEST,balance_sheet,off_balance,0.0,ACTUAL,VNSTOCK_BRONZE
HIO,LATEST,balance_sheet,value,0.0,ACTUAL,VNSTOCK_BRONZE
HIO,LATEST,balance_sheet,order,49.0,ACTUAL,VNSTOCK_BRONZE
HIO,LATEST,balance_sheet,level,2.0,ACTUAL,VNSTOCK_BRONZE
HIO,LATEST,balance_sheet,off_balance,0.0,ACTUAL,VNSTOCK_BRONZE
HIO,LATEST,balance_sheet,value,0.0,ACTUAL,VNSTOCK_BRONZE
HIO,LATEST,balance_sheet,order,50.0,ACTUAL,VNSTOCK_BRONZE
HIO,LATEST,balance_sheet,level,1.0,ACTUAL,VNSTOCK_BRONZE
HIO,LATEST,balance_sheet,off_balance,0.0,ACTUAL,VNSTOCK_BRONZE
HIO,LATEST,balance_sheet,value,14933639151.0,ACTUAL,VNSTOCK_BRONZE
HIO,LATEST,balance_sheet,order,51.0,ACTUAL,VNSTOCK_BRONZE
HIO,LATEST,balance_sheet,level,2.0,ACTUAL,VNSTOCK_BRONZE
HIO,LATEST,balance_sheet,off_balance,0.0,ACTUAL,VNSTOCK_BRONZE
HIO,LATEST,balance_sheet,value,0.0,ACTUAL,VNSTOCK_BRONZE
HIO,LATEST,balance_sheet,order,52.0,ACTUAL,VNSTOCK_BRONZE
HIO,LATEST,balance_sheet,level,2.0,ACTUAL,VNSTOCK_BRONZE
HIO,LATEST,balance_sheet,off_balance,0.0,ACTUAL,VNSTOCK_BRONZE
HIO,LATEST,balance_sheet,value,14933639151.0,ACTUAL,VNSTOCK_BRONZE
HIO,LATEST,balance_sheet,order,53.0,ACTUAL,VNSTOCK_BRONZE
HIO,LATEST,balance_sheet,level,2.0,ACTUAL,VNSTOCK_BRONZE
HIO,LATEST,balance_sheet,off_balance,0.0,ACTUAL,VNSTOCK_BRONZE
HIO,LATEST,balance_sheet,value,0.0,ACTUAL,VNSTOCK_BRONZE
HIO,LATEST,balance_sheet,order,54.0,ACTUAL,VNSTOCK_BRONZE
HIO,LATEST,balance_sheet,level,2.0,ACTUAL,VNSTOCK_BRONZE
HIO,LATEST,balance_sheet,off_balance,0.0,ACTUAL,VNSTOCK_BRONZE
HIO,LATEST,balance_sheet,value,0.0,ACTUAL,VNSTOCK_BRONZE
HIO,LATEST,balance_sheet,order,55.0,ACTUAL,VNSTOCK_BRONZE
HIO,LATEST,balance_sheet,level,2.0,ACTUAL,VNSTOCK_BRONZE
HIO,LATEST,balance_sheet,off_balance,0.0,ACTUAL,VNSTOCK_BRONZE
HIO,LATEST,balance_sheet,value,0.0,ACTUAL,VNSTOCK_BRONZE
HIO,LATEST,balance_sheet,order,56.0,ACTUAL,VNSTOCK_BRONZE
HIO,LATEST,balance_sheet,level,1.0,ACTUAL,VNSTOCK_BRONZE
HIO,LATEST,balance_sheet,off_balance,0.0,ACTUAL,VNSTOCK_BRONZE
HIO,LATEST,balance_sheet,value,4727178844.0,ACTUAL,VNSTOCK_BRONZE
HIO,LATEST,balance_sheet,order,57.0,ACTUAL,VNSTOCK_BRONZE
HIO,LATEST,balance_sheet,level,2.0,ACTUAL,VNSTOCK_BRONZE
HIO,LATEST,balance_sheet,off_balance,0.0,ACTUAL,VNSTOCK_BRONZE
HIO,LATEST,balance_sheet,value,0.0,ACTUAL,VNSTOCK_BRONZE
HIO,LATEST,balance_sheet,order,58.0,ACTUAL,VNSTOCK_BRONZE
HIO,LATEST,balance_sheet,level,2.0,ACTUAL,VNSTOCK_BRONZE
HIO,LATEST,balance_sheet,off_balance,0.0,ACTUAL,VNSTOCK_BRONZE
HIO,LATEST,balance_sheet,value,1938674658.0,ACTUAL,VNSTOCK_BRONZE
HIO,LATEST,balance_sheet,order,59.0,ACTUAL,VNSTOCK_BRONZE
HIO,LATEST,balance_sheet,level,2.0,ACTUAL,VNSTOCK_BRONZE
HIO,LATEST,balance_sheet,off_balance,0.0,ACTUAL,VNSTOCK_BRONZE
HIO,LATEST,balance_sheet,value,0.0,ACTUAL,VNSTOCK_BRONZE
HIO,LATEST,balance_sheet,order,60.0,ACTUAL,VNSTOCK_BRONZE
HIO,LATEST,balance_sheet,level,2.0,ACTUAL,VNSTOCK_BRONZE
HIO,LATEST,balance_sheet,off_balance,0.0,ACTUAL,VNSTOCK_BRONZE
HIO,LATEST,balance_sheet,value,0.0,ACTUAL,VNSTOCK_BRONZE
HIO,LATEST,balance_sheet,order,61.0,ACTUAL,VNSTOCK_BRONZE
HIO,LATEST,balance_sheet,level,2.0,ACTUAL,VNSTOCK_BRONZE
HIO,LATEST,balance_sheet,off_balance,0.0,ACTUAL,VNSTOCK_BRONZE
HIO,LATEST,balance_sheet,value,0.0,ACTUAL,VNSTOCK_BRONZE
HIO,LATEST,balance_sheet,order,62.0,ACTUAL,VNSTOCK_BRONZE
HIO,LATEST,balance_sheet,level,2.0,ACTUAL,VNSTOCK_BRONZE
HIO,LATEST,balance_sheet,off_balance,0.0,ACTUAL,VNSTOCK_BRONZE
HIO,LATEST,balance_sheet,value,2788504186.0,ACTUAL,VNSTOCK_BRONZE
HIO,LATEST,balance_sheet,order,63.0,ACTUAL,VNSTOCK_BRONZE
HIO,LATEST,balance_sheet,level,1.0,ACTUAL,VNSTOCK_BRONZE
HIO,LATEST,balance_sheet,off_balance,0.0,ACTUAL,VNSTOCK_BRONZE
HIO,LATEST,balance_sheet,value,546253128260.0,ACTUAL,VNSTOCK_BRONZE
HIO,LATEST,balance_sheet,order,64.0,ACTUAL,VNSTOCK_BRONZE
HIO,LATEST,balance_sheet,level,1.0,ACTUAL,VNSTOCK_BRONZE
HIO,LATEST,balance_sheet,off_balance,0.0,ACTUAL,VNSTOCK_BRONZE
HIO,LATEST,balance_sheet,value,312703326096.0,ACTUAL,VNSTOCK_BRONZE
HIO,LATEST,balance_sheet,order,65.0,ACTUAL,VNSTOCK_BRONZE
HIO,LATEST,balance_sheet,level,1.0,ACTUAL,VNSTOCK_BRONZE
HIO,LATEST,balance_sheet,off_balance,0.0,ACTUAL,VNSTOCK_BRONZE
HIO,LATEST,balance_sheet,value,74337604752.0,ACTUAL,VNSTOCK_BRONZE
HIO,LATEST,balance_sheet,order,66.0,ACTUAL,VNSTOCK_BRONZE
HIO,LATEST,balance_sheet,level,2.0,ACTUAL,VNSTOCK_BRONZE
HIO,LATEST,balance_sheet,off_balance,0.0,ACTUAL,VNSTOCK_BRONZE
HIO,LATEST,balance_sheet,value,0.0,ACTUAL,VNSTOCK_BRONZE
HIO,LATEST,balance_sheet,order,67.0,ACTUAL,VNSTOCK_BRONZE
HIO,LATEST,balance_sheet,level,2.0,ACTUAL,VNSTOCK_BRONZE
HIO,LATEST,balance_sheet,off_balance,0.0,ACTUAL,VNSTOCK_BRONZE
HIO,LATEST,balance_sheet,value,0.0,ACTUAL,VNSTOCK_BRONZE
HIO,LATEST,balance_sheet,order,68.0,ACTUAL,VNSTOCK_BRONZE
HIO,LATEST,balance_sheet,level,2.0,ACTUAL,VNSTOCK_BRONZE
HIO,LATEST,balance_sheet,off_balance,0.0,ACTUAL,VNSTOCK_BRONZE
HIO,LATEST,balance_sheet,value,0.0,ACTUAL,VNSTOCK_BRONZE
HIO,LATEST,balance_sheet,order,69.0,ACTUAL,VNSTOCK_BRONZE
HIO,LATEST,balance_sheet,level,2.0,ACTUAL,VNSTOCK_BRONZE
HIO,LATEST,balance_sheet,off_balance,0.0,ACTUAL,VNSTOCK_BRONZE
HIO,LATEST,balance_sheet,value,3721808239.0,ACTUAL,VNSTOCK_BRONZE
HIO,LATEST,balance_sheet,order,70.0,ACTUAL,VNSTOCK_BRONZE
HIO,LATEST,balance_sheet,level,2.0,ACTUAL,VNSTOCK_BRONZE
HIO,LATEST,balance_sheet,off_balance,0.0,ACTUAL,VNSTOCK_BRONZE
HIO,LATEST,balance_sheet,value,0.0,ACTUAL,VNSTOCK_BRONZE
HIO,LATEST,balance_sheet,order,71.0,ACTUAL,VNSTOCK_BRONZE
HIO,LATEST,balance_sheet,level,2.0,ACTUAL,VNSTOCK_BRONZE
HIO,LATEST,balance_sheet,off_balance,0.0,ACTUAL,VNSTOCK_BRONZE
HIO,LATEST,balance_sheet,value,1487908304.0,ACTUAL,VNSTOCK_BRONZE
HIO,LATEST,balance_sheet,order,72.0,ACTUAL,VNSTOCK_BRONZE
HIO,LATEST,balance_sheet,level,2.0,ACTUAL,VNSTOCK_BRONZE
HIO,LATEST,balance_sheet,off_balance,0.0,ACTUAL,VNSTOCK_BRONZE
HIO,LATEST,balance_sheet,value,1042388159.0,ACTUAL,VNSTOCK_BRONZE
HIO,LATEST,balance_sheet,order,73.0,ACTUAL,VNSTOCK_BRONZE
HIO,LATEST,balance_sheet,level,2.0,ACTUAL,VNSTOCK_BRONZE
HIO,LATEST,balance_sheet,off_balance,0.0,ACTUAL,VNSTOCK_BRONZE
HIO,LATEST,balance_sheet,value,4531866656.0,ACTUAL,VNSTOCK_BRONZE
HIO,LATEST,balance_sheet,order,74.0,ACTUAL,VNSTOCK_BRONZE
HIO,LATEST,balance_sheet,level,2.0,ACTUAL,VNSTOCK_BRONZE
HIO,LATEST,balance_sheet,off_balance,0.0,ACTUAL,VNSTOCK_BRONZE
HIO,LATEST,balance_sheet,value,0.0,ACTUAL,VNSTOCK_BRONZE
HIO,LATEST,balance_sheet,order,75.0,ACTUAL,VNSTOCK_BRONZE
HIO,LATEST,balance_sheet,level,2.0,ACTUAL,VNSTOCK_BRONZE
HIO,LATEST,balance_sheet,off_balance,0.0,ACTUAL,VNSTOCK_BRONZE
HIO,LATEST,balance_sheet,value,915833394.0,ACTUAL,VNSTOCK_BRONZE
HIO,LATEST,balance_sheet,order,76.0,ACTUAL,VNSTOCK_BRONZE
HIO,LATEST,balance_sheet,level,2.0,ACTUAL,VNSTOCK_BRONZE
HIO,LATEST,balance_sheet,off_balance,0.0,ACTUAL,VNSTOCK_BRONZE
HIO,LATEST,balance_sheet,value,0.0,ACTUAL,VNSTOCK_BRONZE
HIO,LATEST,balance_sheet,order,77.0,ACTUAL,VNSTOCK_BRONZE
HIO,LATEST,balance_sheet,level,2.0,ACTUAL,VNSTOCK_BRONZE
HIO,LATEST,balance_sheet,off_balance,0.0,ACTUAL,VNSTOCK_BRONZE
HIO,LATEST,balance_sheet,value,62637800000.0,ACTUAL,VNSTOCK_BRONZE
HIO,LATEST,balance_sheet,order,78.0,ACTUAL,VNSTOCK_BRONZE
HIO,LATEST,balance_sheet,level,2.0,ACTUAL,VNSTOCK_BRONZE
HIO,LATEST,balance_sheet,off_balance,0.0,ACTUAL,VNSTOCK_BRONZE
HIO,LATEST,balance_sheet,value,0.0,ACTUAL,VNSTOCK_BRONZE
HIO,LATEST,balance_sheet,order,79.0,ACTUAL,VNSTOCK_BRONZE
HIO,LATEST,balance_sheet,level,2.0,ACTUAL,VNSTOCK_BRONZE
HIO,LATEST,balance_sheet,off_balance,0.0,ACTUAL,VNSTOCK_BRONZE
HIO,LATEST,balance_sheet,value,0.0,ACTUAL,VNSTOCK_BRONZE
HIO,LATEST,balance_sheet,order,80.0,ACTUAL,VNSTOCK_BRONZE
HIO,LATEST,balance_sheet,level,2.0,ACTUAL,VNSTOCK_BRONZE
HIO,LATEST,balance_sheet,off_balance,0.0,ACTUAL,VNSTOCK_BRONZE
HIO,LATEST,balance_sheet,value,0.0,ACTUAL,VNSTOCK_BRONZE
HIO,LATEST,balance_sheet,order,81.0,ACTUAL,VNSTOCK_BRONZE
HIO,LATEST,balance_sheet,level,2.0,ACTUAL,VNSTOCK_BRONZE
HIO,LATEST,balance_sheet,off_balance,0.0,ACTUAL,VNSTOCK_BRONZE
HIO,LATEST,balance_sheet,value,0.0,ACTUAL,VNSTOCK_BRONZE
HIO,LATEST,balance_sheet,order,82.0,ACTUAL,VNSTOCK_BRONZE
HIO,LATEST,balance_sheet,level,1.0,ACTUAL,VNSTOCK_BRONZE
HIO,LATEST,balance_sheet,off_balance,0.0,ACTUAL,VNSTOCK_BRONZE
HIO,LATEST,balance_sheet,value,238365721344.0,ACTUAL,VNSTOCK_BRONZE
HIO,LATEST,balance_sheet,order,83.0,ACTUAL,VNSTOCK_BRONZE
HIO,LATEST,balance_sheet,level,2.0,ACTUAL,VNSTOCK_BRONZE
HIO,LATEST,balance_sheet,off_balance,0.0,ACTUAL,VNSTOCK_BRONZE
HIO,LATEST,balance_sheet,value,0.0,ACTUAL,VNSTOCK_BRONZE
HIO,LATEST,balance_sheet,order,84.0,ACTUAL,VNSTOCK_BRONZE
HIO,LATEST,balance_sheet,level,2.0,ACTUAL,VNSTOCK_BRONZE
HIO,LATEST,balance_sheet,off_balance,0.0,ACTUAL,VNSTOCK_BRONZE
HIO,LATEST,balance_sheet,order,85.0,ACTUAL,VNSTOCK_BRONZE
HIO,LATEST,balance_sheet,level,2.0,ACTUAL,VNSTOCK_BRONZE
HIO,LATEST,balance_sheet,off_balance,0.0,ACTUAL,VNSTOCK_BRONZE
HIO,LATEST,balance_sheet,value,0.0,ACTUAL,VNSTOCK_BRONZE
HIO,LATEST,balance_sheet,order,86.0,ACTUAL,VNSTOCK_BRONZE
HIO,LATEST,balance_sheet,level,2.0,ACTUAL,VNSTOCK_BRONZE
HIO,LATEST,balance_sheet,off_balance,0.0,ACTUAL,VNSTOCK_BRONZE
HIO,LATEST,balance_sheet,value,0.0,ACTUAL,VNSTOCK_BRONZE
HIO,LATEST,balance_sheet,order,87.0,ACTUAL,VNSTOCK_BRONZE
HIO,LATEST,balance_sheet,level,2.0,ACTUAL,VNSTOCK_BRONZE
HIO,LATEST,balance_sheet,off_balance,0.0,ACTUAL,VNSTOCK_BRONZE
HIO,LATEST,balance_sheet,value,0.0,ACTUAL,VNSTOCK_BRONZE
HIO,LATEST,balance_sheet,order,88.0,ACTUAL,VNSTOCK_BRONZE
HIO,LATEST,balance_sheet,level,2.0,ACTUAL,VNSTOCK_BRONZE
HIO,LATEST,balance_sheet,off_balance,0.0,ACTUAL,VNSTOCK_BRONZE
HIO,LATEST,balance_sheet,value,0.0,ACTUAL,VNSTOCK_BRONZE
HIO,LATEST,balance_sheet,order,89.0,ACTUAL,VNSTOCK_BRONZE
HIO,LATEST,balance_sheet,level,2.0,ACTUAL,VNSTOCK_BRONZE
HIO,LATEST,balance_sheet,off_balance,0.0,ACTUAL,VNSTOCK_BRONZE
HIO,LATEST,balance_sheet,value,0.0,ACTUAL,VNSTOCK_BRONZE
HIO,LATEST,balance_sheet,order,90.0,ACTUAL,VNSTOCK_BRONZE
HIO,LATEST,balance_sheet,level,2.0,ACTUAL,VNSTOCK_BRONZE
HIO,LATEST,balance_sheet,off_balance,0.0,ACTUAL,VNSTOCK_BRONZE
HIO,LATEST,balance_sheet,value,0.0,ACTUAL,VNSTOCK_BRONZE
HIO,LATEST,balance_sheet,order,91.0,ACTUAL,VNSTOCK_BRONZE
HIO,LATEST,balance_sheet,level,2.0,ACTUAL,VNSTOCK_BRONZE
HIO,LATEST,balance_sheet,off_balance,0.0,ACTUAL,VNSTOCK_BRONZE
HIO,LATEST,balance_sheet,value,237562083738.0,ACTUAL,VNSTOCK_BRONZE
HIO,LATEST,balance_sheet,order,92.0,ACTUAL,VNSTOCK_BRONZE
HIO,LATEST,balance_sheet,level,2.0,ACTUAL,VNSTOCK_BRONZE
HIO,LATEST,balance_sheet,off_balance,0.0,ACTUAL,VNSTOCK_BRONZE
HIO,LATEST,balance_sheet,value,0.0,ACTUAL,VNSTOCK_BRONZE
HIO,LATEST,balance_sheet,order,93.0,ACTUAL,VNSTOCK_BRONZE
HIO,LATEST,balance_sheet,level,2.0,ACTUAL,VNSTOCK_BRONZE
HIO,LATEST,balance_sheet,off_balance,0.0,ACTUAL,VNSTOCK_BRONZE
HIO,LATEST,balance_sheet,value,803637606.0,ACTUAL,VNSTOCK_BRONZE
HIO,LATEST,balance_sheet,order,94.0,ACTUAL,VNSTOCK_BRONZE
HIO,LATEST,balance_sheet,level,2.0,ACTUAL,VNSTOCK_BRONZE
HIO,LATEST,balance_sheet,off_balance,0.0,ACTUAL,VNSTOCK_BRONZE
HIO,LATEST,balance_sheet,value,0.0,ACTUAL,VNSTOCK_BRONZE
HIO,LATEST,balance_sheet,order,95.0,ACTUAL,VNSTOCK_BRONZE
HIO,LATEST,balance_sheet,level,2.0,ACTUAL,VNSTOCK_BRONZE
HIO,LATEST,balance_sheet,off_balance,0.0,ACTUAL,VNSTOCK_BRONZE
HIO,LATEST,balance_sheet,value,0.0,ACTUAL,VNSTOCK_BRONZE
HIO,LATEST,balance_sheet,order,96.0,ACTUAL,VNSTOCK_BRONZE
HIO,LATEST,balance_sheet,level,1.0,ACTUAL,VNSTOCK_BRONZE
HIO,LATEST,balance_sheet,off_balance,0.0,ACTUAL,VNSTOCK_BRONZE
HIO,LATEST,balance_sheet,value,233549802164.0,ACTUAL,VNSTOCK_BRONZE
HIO,LATEST,balance_sheet,order,97.0,ACTUAL,VNSTOCK_BRONZE
HIO,LATEST,balance_sheet,level,1.0,ACTUAL,VNSTOCK_BRONZE
HIO,LATEST,balance_sheet,off_balance,0.0,ACTUAL,VNSTOCK_BRONZE
HIO,LATEST,balance_sheet,value,233549802164.0,ACTUAL,VNSTOCK_BRONZE
HIO,LATEST,balance_sheet,order,98.0,ACTUAL,VNSTOCK_BRONZE
HIO,LATEST,balance_sheet,level,2.0,ACTUAL,VNSTOCK_BRONZE
HIO,LATEST,balance_sheet,off_balance,0.0,ACTUAL,VNSTOCK_BRONZE
HIO,LATEST,balance_sheet,value,0.0,ACTUAL,VNSTOCK_BRONZE
HIO,LATEST,balance_sheet,order,99.0,ACTUAL,VNSTOCK_BRONZE
HIO,LATEST,balance_sheet,level,2.0,ACTUAL,VNSTOCK_BRONZE
HIO,LATEST,balance_sheet,off_balance,0.0,ACTUAL,VNSTOCK_BRONZE
HIO,LATEST,balance_sheet,value,0.0,ACTUAL,VNSTOCK_BRONZE
HIO,LATEST,balance_sheet,order,100.0,ACTUAL,VNSTOCK_BRONZE
HIO,LATEST,balance_sheet,level,2.0,ACTUAL,VNSTOCK_BRONZE
HIO,LATEST,balance_sheet,off_balance,0.0,ACTUAL,VNSTOCK_BRONZE
HIO,LATEST,balance_sheet,value,0.0,ACTUAL,VNSTOCK_BRONZE
HIO,LATEST,balance_sheet,order,101.0,ACTUAL,VNSTOCK_BRONZE
HIO,LATEST,balance_sheet,level,2.0,ACTUAL,VNSTOCK_BRONZE
HIO,LATEST,balance_sheet,off_balance,0.0,ACTUAL,VNSTOCK_BRONZE
HIO,LATEST,balance_sheet,value,0.0,ACTUAL,VNSTOCK_BRONZE
HIO,LATEST,balance_sheet,order,102.0,ACTUAL,VNSTOCK_BRONZE
HIO,LATEST,balance_sheet,level,2.0,ACTUAL,VNSTOCK_BRONZE
HIO,LATEST,balance_sheet,off_balance,0.0,ACTUAL,VNSTOCK_BRONZE
HIO,LATEST,balance_sheet,value,210000000000.0,ACTUAL,VNSTOCK_BRONZE
HIO,LATEST,balance_sheet,order,103.0,ACTUAL,VNSTOCK_BRONZE
HIO,LATEST,balance_sheet,level,3.0,ACTUAL,VNSTOCK_BRONZE
HIO,LATEST,balance_sheet,off_balance,0.0,ACTUAL,VNSTOCK_BRONZE
HIO,LATEST,balance_sheet,value,210000000000.0,ACTUAL,VNSTOCK_BRONZE
HIO,LATEST,balance_sheet,order,104.0,ACTUAL,VNSTOCK_BRONZE
HIO,LATEST,balance_sheet,level,2.0,ACTUAL,VNSTOCK_BRONZE
HIO,LATEST,balance_sheet,off_balance,0.0,ACTUAL,VNSTOCK_BRONZE
HIO,LATEST,balance_sheet,value,0.0,ACTUAL,VNSTOCK_BRONZE
HIO,LATEST,balance_sheet,order,105.0,ACTUAL,VNSTOCK_BRONZE
HIO,LATEST,balance_sheet,level,2.0,ACTUAL,VNSTOCK_BRONZE
HIO,LATEST,balance_sheet,off_balance,0.0,ACTUAL,VNSTOCK_BRONZE
HIO,LATEST,balance_sheet,value,0.0,ACTUAL,VNSTOCK_BRONZE
HIO,LATEST,balance_sheet,order,106.0,ACTUAL,VNSTOCK_BRONZE
HIO,LATEST,balance_sheet,level,2.0,ACTUAL,VNSTOCK_BRONZE
HIO,LATEST,balance_sheet,off_balance,0.0,ACTUAL,VNSTOCK_BRONZE
HIO,LATEST,balance_sheet,value,0.0,ACTUAL,VNSTOCK_BRONZE
HIO,LATEST,balance_sheet,order,107.0,ACTUAL,VNSTOCK_BRONZE
HIO,LATEST,balance_sheet,level,2.0,ACTUAL,VNSTOCK_BRONZE
HIO,LATEST,balance_sheet,off_balance,0.0,ACTUAL,VNSTOCK_BRONZE
HIO,LATEST,balance_sheet,value,0.0,ACTUAL,VNSTOCK_BRONZE
HIO,LATEST,balance_sheet,order,108.0,ACTUAL,VNSTOCK_BRONZE
HIO,LATEST,balance_sheet,level,2.0,ACTUAL,VNSTOCK_BRONZE
HIO,LATEST,balance_sheet,off_balance,0.0,ACTUAL,VNSTOCK_BRONZE
HIO,LATEST,balance_sheet,value,0.0,ACTUAL,VNSTOCK_BRONZE
HIO,LATEST,balance_sheet,order,109.0,ACTUAL,VNSTOCK_BRONZE
HIO,LATEST,balance_sheet,level,2.0,ACTUAL,VNSTOCK_BRONZE
HIO,LATEST,balance_sheet,off_balance,0.0,ACTUAL,VNSTOCK_BRONZE
HIO,LATEST,balance_sheet,value,0.0,ACTUAL,VNSTOCK_BRONZE
HIO,LATEST,balance_sheet,order,110.0,ACTUAL,VNSTOCK_BRONZE
HIO,LATEST,balance_sheet,level,2.0,ACTUAL,VNSTOCK_BRONZE
HIO,LATEST,balance_sheet,off_balance,0.0,ACTUAL,VNSTOCK_BRONZE
HIO,LATEST,balance_sheet,value,0.0,ACTUAL,VNSTOCK_BRONZE
HIO,LATEST,balance_sheet,order,111.0,ACTUAL,VNSTOCK_BRONZE
HIO,LATEST,balance_sheet,level,2.0,ACTUAL,VNSTOCK_BRONZE
HIO,LATEST,balance_sheet,off_balance,0.0,ACTUAL,VNSTOCK_BRONZE
HIO,LATEST,balance_sheet,value,8331664665.0,ACTUAL,VNSTOCK_BRONZE
HIO,LATEST,balance_sheet,order,112.0,ACTUAL,VNSTOCK_BRONZE
HIO,LATEST,balance_sheet,level,2.0,ACTUAL,VNSTOCK_BRONZE
HIO,LATEST,balance_sheet,off_balance,0.0,ACTUAL,VNSTOCK_BRONZE
HIO,LATEST,balance_sheet,value,15218137499.0,ACTUAL,VNSTOCK_BRONZE
HIO,LATEST,balance_sheet,order,113.0,ACTUAL,VNSTOCK_BRONZE
HIO,LATEST,balance_sheet,level,3.0,ACTUAL,VNSTOCK_BRONZE
HIO,LATEST,balance_sheet,off_balance,0.0,ACTUAL,VNSTOCK_BRONZE
HIO,LATEST,balance_sheet,value,5213264849.0,ACTUAL,VNSTOCK_BRONZE
HIO,LATEST,balance_sheet,order,114.0,ACTUAL,VNSTOCK_BRONZE
HIO,LATEST,balance_sheet,level,3.0,ACTUAL,VNSTOCK_BRONZE
HIO,LATEST,balance_sheet,off_balance,0.0,ACTUAL,VNSTOCK_BRONZE
HIO,LATEST,balance_sheet,value,10004872650.0,ACTUAL,VNSTOCK_BRONZE
HIO,LATEST,balance_sheet,order,115.0,ACTUAL,VNSTOCK_BRONZE
HIO,LATEST,balance_sheet,level,2.0,ACTUAL,VNSTOCK_BRONZE
HIO,LATEST,balance_sheet,off_balance,0.0,ACTUAL,VNSTOCK_BRONZE
HIO,LATEST,balance_sheet,value,0.0,ACTUAL,VNSTOCK_BRONZE
HIO,LATEST,balance_sheet,order,116.0,ACTUAL,VNSTOCK_BRONZE
HIO,LATEST,balance_sheet,level,1.0,ACTUAL,VNSTOCK_BRONZE
HIO,LATEST,balance_sheet,off_balance,0.0,ACTUAL,VNSTOCK_BRONZE
HIO,LATEST,balance_sheet,value,0.0,ACTUAL,VNSTOCK_BRONZE
HIO,LATEST,balance_sheet,order,117.0,ACTUAL,VNSTOCK_BRONZE
HIO,LATEST,balance_sheet,level,2.0,ACTUAL,VNSTOCK_BRONZE
HIO,LATEST,balance_sheet,off_balance,0.0,ACTUAL,VNSTOCK_BRONZE
HIO,LATEST,balance_sheet,value,0.0,ACTUAL,VNSTOCK_BRONZE
HIO,LATEST,balance_sheet,order,118.0,ACTUAL,VNSTOCK_BRONZE
HIO,LATEST,balance_sheet,level,1.0,ACTUAL,VNSTOCK_BRONZE
HIO,LATEST,balance_sheet,off_balance,0.0,ACTUAL,VNSTOCK_BRONZE
HIO,LATEST,balance_sheet,value,546253128260.0,ACTUAL,VNSTOCK_BRONZE
HIO,LATEST,balance_sheet,order,1.0,ACTUAL,VNSTOCK_BRONZE
HIO,LATEST,balance_sheet,level,1.0,ACTUAL,VNSTOCK_BRONZE
HIO,LATEST,balance_sheet,off_balance,0.0,ACTUAL,VNSTOCK_BRONZE
HIO,LATEST,balance_sheet,value,95260415802.0,ACTUAL,VNSTOCK_BRONZE
HIO,LATEST,balance_sheet,order,2.0,ACTUAL,VNSTOCK_BRONZE
HIO,LATEST,balance_sheet,level,1.0,ACTUAL,VNSTOCK_BRONZE
HIO,LATEST,balance_sheet,off_balance,0.0,ACTUAL,VNSTOCK_BRONZE
HIO,LATEST,balance_sheet,value,15444576897.0,ACTUAL,VNSTOCK_BRONZE
HIO,LATEST,balance_sheet,order,3.0,ACTUAL,VNSTOCK_BRONZE
HIO,LATEST,balance_sheet,level,2.0,ACTUAL,VNSTOCK_BRONZE
HIO,LATEST,balance_sheet,off_balance,0.0,ACTUAL,VNSTOCK_BRONZE
HIO,LATEST,balance_sheet,value,15444576897.0,ACTUAL,VNSTOCK_BRONZE
HIO,LATEST,balance_sheet,order,4.0,ACTUAL,VNSTOCK_BRONZE
HIO,LATEST,balance_sheet,level,2.0,ACTUAL,VNSTOCK_BRONZE
HIO,LATEST,balance_sheet,off_balance,0.0,ACTUAL,VNSTOCK_BRONZE
HIO,LATEST,balance_sheet,value,0.0,ACTUAL,VNSTOCK_BRONZE
HIO,LATEST,balance_sheet,order,5.0,ACTUAL,VNSTOCK_BRONZE
HIO,LATEST,balance_sheet,level,1.0,ACTUAL,VNSTOCK_BRONZE
HIO,LATEST,balance_sheet,off_balance,0.0,ACTUAL,VNSTOCK_BRONZE
HIO,LATEST,balance_sheet,value,22800000000.0,ACTUAL,VNSTOCK_BRONZE
HIO,LATEST,balance_sheet,order,6.0,ACTUAL,VNSTOCK_BRONZE
HIO,LATEST,balance_sheet,level,2.0,ACTUAL,VNSTOCK_BRONZE
HIO,LATEST,balance_sheet,off_balance,0.0,ACTUAL,VNSTOCK_BRONZE
HIO,LATEST,balance_sheet,value,0.0,ACTUAL,VNSTOCK_BRONZE
HIO,LATEST,balance_sheet,order,7.0,ACTUAL,VNSTOCK_BRONZE
HIO,LATEST,balance_sheet,level,2.0,ACTUAL,VNSTOCK_BRONZE
HIO,LATEST,balance_sheet,off_balance,0.0,ACTUAL,VNSTOCK_BRONZE
HIO,LATEST,balance_sheet,value,0.0,ACTUAL,VNSTOCK_BRONZE
HIO,LATEST,balance_sheet,order,8.0,ACTUAL,VNSTOCK_BRONZE
HIO,LATEST,balance_sheet,level,2.0,ACTUAL,VNSTOCK_BRONZE
HIO,LATEST,balance_sheet,off_balance,0.0,ACTUAL,VNSTOCK_BRONZE
HIO,LATEST,balance_sheet,value,22800000000.0,ACTUAL,VNSTOCK_BRONZE
HIO,LATEST,balance_sheet,order,9.0,ACTUAL,VNSTOCK_BRONZE
HIO,LATEST,balance_sheet,level,1.0,ACTUAL,VNSTOCK_BRONZE
HIO,LATEST,balance_sheet,off_balance,0.0,ACTUAL,VNSTOCK_BRONZE
HIO,LATEST,balance_sheet,value,26695244839.0,ACTUAL,VNSTOCK_BRONZE
HIO,LATEST,balance_sheet,order,10.0,ACTUAL,VNSTOCK_BRONZE
HIO,LATEST,balance_sheet,level,2.0,ACTUAL,VNSTOCK_BRONZE
HIO,LATEST,balance_sheet,off_balance,0.0,ACTUAL,VNSTOCK_BRONZE
HIO,LATEST,balance_sheet,value,24588158534.0,ACTUAL,VNSTOCK_BRONZE
HIO,LATEST,balance_sheet,order,11.0,ACTUAL,VNSTOCK_BRONZE
HIO,LATEST,balance_sheet,level,2.0,ACTUAL,VNSTOCK_BRONZE
HIO,LATEST,balance_sheet,off_balance,0.0,ACTUAL,VNSTOCK_BRONZE
HIO,LATEST,balance_sheet,value,2007086305.0,ACTUAL,VNSTOCK_BRONZE
HIO,LATEST,balance_sheet,order,12.0,ACTUAL,VNSTOCK_BRONZE
HIO,LATEST,balance_sheet,level,2.0,ACTUAL,VNSTOCK_BRONZE
HIO,LATEST,balance_sheet,off_balance,0.0,ACTUAL,VNSTOCK_BRONZE
HIO,LATEST,balance_sheet,value,0.0,ACTUAL,VNSTOCK_BRONZE
HIO,LATEST,balance_sheet,order,13.0,ACTUAL,VNSTOCK_BRONZE
HIO,LATEST,balance_sheet,level,2.0,ACTUAL,VNSTOCK_BRONZE
HIO,LATEST,balance_sheet,off_balance,0.0,ACTUAL,VNSTOCK_BRONZE
HIO,LATEST,balance_sheet,value,0.0,ACTUAL,VNSTOCK_BRONZE
HIO,LATEST,balance_sheet,order,14.0,ACTUAL,VNSTOCK_BRONZE
HIO,LATEST,balance_sheet,level,2.0,ACTUAL,VNSTOCK_BRONZE
HIO,LATEST,balance_sheet,off_balance,0.0,ACTUAL,VNSTOCK_BRONZE
HIO,LATEST,balance_sheet,value,0.0,ACTUAL,VNSTOCK_BRONZE
HIO,LATEST,balance_sheet,order,15.0,ACTUAL,VNSTOCK_BRONZE
HIO,LATEST,balance_sheet,level,2.0,ACTUAL,VNSTOCK_BRONZE
HIO,LATEST,balance_sheet,off_balance,0.0,ACTUAL,VNSTOCK_BRONZE
HIO,LATEST,balance_sheet,value,100000000.0,ACTUAL,VNSTOCK_BRONZE
HIO,LATEST,balance_sheet,order,16.0,ACTUAL,VNSTOCK_BRONZE
HIO,LATEST,balance_sheet,level,2.0,ACTUAL,VNSTOCK_BRONZE
HIO,LATEST,balance_sheet,off_balance,0.0,ACTUAL,VNSTOCK_BRONZE
HIO,LATEST,balance_sheet,value,0.0,ACTUAL,VNSTOCK_BRONZE
HIO,LATEST,balance_sheet,order,17.0,ACTUAL,VNSTOCK_BRONZE
HIO,LATEST,balance_sheet,level,2.0,ACTUAL,VNSTOCK_BRONZE
HIO,LATEST,balance_sheet,off_balance,0.0,ACTUAL,VNSTOCK_BRONZE
HIO,LATEST,balance_sheet,value,0.0,ACTUAL,VNSTOCK_BRONZE
HIO,LATEST,balance_sheet,order,18.0,ACTUAL,VNSTOCK_BRONZE
HIO,LATEST,balance_sheet,level,1.0,ACTUAL,VNSTOCK_BRONZE
HIO,LATEST,balance_sheet,off_balance,0.0,ACTUAL,VNSTOCK_BRONZE
HIO,LATEST,balance_sheet,value,1302510311.0,ACTUAL,VNSTOCK_BRONZE
HIO,LATEST,balance_sheet,order,19.0,ACTUAL,VNSTOCK_BRONZE
HIO,LATEST,balance_sheet,level,2.0,ACTUAL,VNSTOCK_BRONZE
HIO,LATEST,balance_sheet,off_balance,0.0,ACTUAL,VNSTOCK_BRONZE
HIO,LATEST,balance_sheet,value,1302510311.0,ACTUAL,VNSTOCK_BRONZE
HIO,LATEST,balance_sheet,order,20.0,ACTUAL,VNSTOCK_BRONZE
HIO,LATEST,balance_sheet,level,2.0,ACTUAL,VNSTOCK_BRONZE
HIO,LATEST,balance_sheet,off_balance,0.0,ACTUAL,VNSTOCK_BRONZE
HIO,LATEST,balance_sheet,value,0.0,ACTUAL,VNSTOCK_BRONZE
HIO,LATEST,balance_sheet,order,21.0,ACTUAL,VNSTOCK_BRONZE
HIO,LATEST,balance_sheet,level,1.0,ACTUAL,VNSTOCK_BRONZE
HIO,LATEST,balance_sheet,off_balance,0.0,ACTUAL,VNSTOCK_BRONZE
HIO,LATEST,balance_sheet,value,29018083755.0,ACTUAL,VNSTOCK_BRONZE
HIO,LATEST,balance_sheet,order,22.0,ACTUAL,VNSTOCK_BRONZE
HIO,LATEST,balance_sheet,level,2.0,ACTUAL,VNSTOCK_BRONZE
HIO,LATEST,balance_sheet,off_balance,0.0,ACTUAL,VNSTOCK_BRONZE
HIO,LATEST,balance_sheet,value,1791809536.0,ACTUAL,VNSTOCK_BRONZE
HIO,LATEST,balance_sheet,order,23.0,ACTUAL,VNSTOCK_BRONZE
HIO,LATEST,balance_sheet,level,2.0,ACTUAL,VNSTOCK_BRONZE
HIO,LATEST,balance_sheet,off_balance,0.0,ACTUAL,VNSTOCK_BRONZE
HIO,LATEST,balance_sheet,value,27226274219.0,ACTUAL,VNSTOCK_BRONZE
HIO,LATEST,balance_sheet,order,24.0,ACTUAL,VNSTOCK_BRONZE
HIO,LATEST,balance_sheet,level,2.0,ACTUAL,VNSTOCK_BRONZE
HIO,LATEST,balance_sheet,off_balance,0.0,ACTUAL,VNSTOCK_BRONZE
HIO,LATEST,balance_sheet,value,0.0,ACTUAL,VNSTOCK_BRONZE
HIO,LATEST,balance_sheet,order,25.0,ACTUAL,VNSTOCK_BRONZE
HIO,LATEST,balance_sheet,level,2.0,ACTUAL,VNSTOCK_BRONZE
HIO,LATEST,balance_sheet,off_balance,0.0,ACTUAL,VNSTOCK_BRONZE
HIO,LATEST,balance_sheet,value,0.0,ACTUAL,VNSTOCK_BRONZE
HIO,LATEST,balance_sheet,order,26.0,ACTUAL,VNSTOCK_BRONZE
HIO,LATEST,balance_sheet,level,1.0,ACTUAL,VNSTOCK_BRONZE
HIO,LATEST,balance_sheet,off_balance,0.0,ACTUAL,VNSTOCK_BRONZE
HIO,LATEST,balance_sheet,value,471335002181.0,ACTUAL,VNSTOCK_BRONZE
HIO,LATEST,balance_sheet,order,27.0,ACTUAL,VNSTOCK_BRONZE
HIO,LATEST,balance_sheet,level,1.0,ACTUAL,VNSTOCK_BRONZE
HIO,LATEST,balance_sheet,off_balance,0.0,ACTUAL,VNSTOCK_BRONZE
HIO,LATEST,balance_sheet,value,2855000000.0,ACTUAL,VNSTOCK_BRONZE
HIO,LATEST,balance_sheet,order,28.0,ACTUAL,VNSTOCK_BRONZE
HIO,LATEST,balance_sheet,level,2.0,ACTUAL,VNSTOCK_BRONZE
HIO,LATEST,balance_sheet,off_balance,0.0,ACTUAL,VNSTOCK_BRONZE
HIO,LATEST,balance_sheet,value,0.0,ACTUAL,VNSTOCK_BRONZE
HIO,LATEST,balance_sheet,order,29.0,ACTUAL,VNSTOCK_BRONZE
HIO,LATEST,balance_sheet,level,2.0,ACTUAL,VNSTOCK_BRONZE
HIO,LATEST,balance_sheet,off_balance,0.0,ACTUAL,VNSTOCK_BRONZE
HIO,LATEST,balance_sheet,value,0.0,ACTUAL,VNSTOCK_BRONZE
HIO,LATEST,balance_sheet,order,30.0,ACTUAL,VNSTOCK_BRONZE
HIO,LATEST,balance_sheet,level,2.0,ACTUAL,VNSTOCK_BRONZE
HIO,LATEST,balance_sheet,off_balance,0.0,ACTUAL,VNSTOCK_BRONZE
HIO,LATEST,balance_sheet,value,0.0,ACTUAL,VNSTOCK_BRONZE
HIO,LATEST,balance_sheet,order,31.0,ACTUAL,VNSTOCK_BRONZE
HIO,LATEST,balance_sheet,level,2.0,ACTUAL,VNSTOCK_BRONZE
HIO,LATEST,balance_sheet,off_balance,0.0,ACTUAL,VNSTOCK_BRONZE
HIO,LATEST,balance_sheet,value,0.0,ACTUAL,VNSTOCK_BRONZE
HIO,LATEST,balance_sheet,order,32.0,ACTUAL,VNSTOCK_BRONZE
HIO,LATEST,balance_sheet,level,2.0,ACTUAL,VNSTOCK_BRONZE
HIO,LATEST,balance_sheet,off_balance,0.0,ACTUAL,VNSTOCK_BRONZE
HIO,LATEST,balance_sheet,value,2855000000.0,ACTUAL,VNSTOCK_BRONZE
HIO,LATEST,balance_sheet,order,33.0,ACTUAL,VNSTOCK_BRONZE
HIO,LATEST,balance_sheet,level,2.0,ACTUAL,VNSTOCK_BRONZE
HIO,LATEST,balance_sheet,off_balance,0.0,ACTUAL,VNSTOCK_BRONZE
HIO,LATEST,balance_sheet,value,-0.0,ACTUAL,VNSTOCK_BRONZE
HIO,LATEST,balance_sheet,order,34.0,ACTUAL,VNSTOCK_BRONZE
HIO,LATEST,balance_sheet,level,1.0,ACTUAL,VNSTOCK_BRONZE
HIO,LATEST,balance_sheet,off_balance,0.0,ACTUAL,VNSTOCK_BRONZE
HIO,LATEST,balance_sheet,value,400763981144.0,ACTUAL,VNSTOCK_BRONZE
HIO,LATEST,balance_sheet,order,35.0,ACTUAL,VNSTOCK_BRONZE
HIO,LATEST,balance_sheet,level,2.0,ACTUAL,VNSTOCK_BRONZE
HIO,LATEST,balance_sheet,off_balance,0.0,ACTUAL,VNSTOCK_BRONZE
HIO,LATEST,balance_sheet,value,400763981144.0,ACTUAL,VNSTOCK_BRONZE
HIO,LATEST,balance_sheet,order,36.0,ACTUAL,VNSTOCK_BRONZE
HIO,LATEST,balance_sheet,level,3.0,ACTUAL,VNSTOCK_BRONZE
HIO,LATEST,balance_sheet,off_balance,0.0,ACTUAL,VNSTOCK_BRONZE
HIO,LATEST,balance_sheet,value,508890128069.0,ACTUAL,VNSTOCK_BRONZE
HIO,LATEST,balance_sheet,order,37.0,ACTUAL,VNSTOCK_BRONZE
HIO,LATEST,balance_sheet,level,3.0,ACTUAL,VNSTOCK_BRONZE
HIO,LATEST,balance_sheet,off_balance,0.0,ACTUAL,VNSTOCK_BRONZE
HIO,LATEST,balance_sheet,value,-108126146925.0,ACTUAL,VNSTOCK_BRONZE
HIO,LATEST,balance_sheet,order,38.0,ACTUAL,VNSTOCK_BRONZE
HIO,LATEST,balance_sheet,level,2.0,ACTUAL,VNSTOCK_BRONZE
HIO,LATEST,balance_sheet,off_balance,0.0,ACTUAL,VNSTOCK_BRONZE
HIO,LATEST,balance_sheet,value,0.0,ACTUAL,VNSTOCK_BRONZE
HIO,LATEST,balance_sheet,order,39.0,ACTUAL,VNSTOCK_BRONZE
HIO,LATEST,balance_sheet,level,3.0,ACTUAL,VNSTOCK_BRONZE
HIO,LATEST,balance_sheet,off_balance,0.0,ACTUAL,VNSTOCK_BRONZE
HIO,LATEST,balance_sheet,value,0.0,ACTUAL,VNSTOCK_BRONZE
HIO,LATEST,balance_sheet,order,40.0,ACTUAL,VNSTOCK_BRONZE
HIO,LATEST,balance_sheet,level,3.0,ACTUAL,VNSTOCK_BRONZE
HIO,LATEST,balance_sheet,off_balance,0.0,ACTUAL,VNSTOCK_BRONZE
HIO,LATEST,balance_sheet,value,-0.0,ACTUAL,VNSTOCK_BRONZE
HIO,LATEST,balance_sheet,order,41.0,ACTUAL,VNSTOCK_BRONZE
HIO,LATEST,balance_sheet,level,2.0,ACTUAL,VNSTOCK_BRONZE
HIO,LATEST,balance_sheet,off_balance,0.0,ACTUAL,VNSTOCK_BRONZE
HIO,LATEST,balance_sheet,value,0.0,ACTUAL,VNSTOCK_BRONZE
HIO,LATEST,balance_sheet,order,42.0,ACTUAL,VNSTOCK_BRONZE
HIO,LATEST,balance_sheet,level,3.0,ACTUAL,VNSTOCK_BRONZE
HIO,LATEST,balance_sheet,off_balance,0.0,ACTUAL,VNSTOCK_BRONZE
HIO,LATEST,balance_sheet,value,0.0,ACTUAL,VNSTOCK_BRONZE
HIO,LATEST,balance_sheet,order,43.0,ACTUAL,VNSTOCK_BRONZE
HIO,LATEST,balance_sheet,level,3.0,ACTUAL,VNSTOCK_BRONZE
HIO,LATEST,balance_sheet,off_balance,0.0,ACTUAL,VNSTOCK_BRONZE
HIO,LATEST,balance_sheet,value,-0.0,ACTUAL,VNSTOCK_BRONZE
HIO,LATEST,balance_sheet,order,44.0,ACTUAL,VNSTOCK_BRONZE
HIO,LATEST,balance_sheet,level,1.0,ACTUAL,VNSTOCK_BRONZE
HIO,LATEST,balance_sheet,off_balance,0.0,ACTUAL,VNSTOCK_BRONZE
HIO,LATEST,balance_sheet,value,56683445375.0,ACTUAL,VNSTOCK_BRONZE
HIO,LATEST,balance_sheet,order,45.0,ACTUAL,VNSTOCK_BRONZE
HIO,LATEST,balance_sheet,level,2.0,ACTUAL,VNSTOCK_BRONZE
HIO,LATEST,balance_sheet,off_balance,0.0,ACTUAL,VNSTOCK_BRONZE
HIO,LATEST,balance_sheet,value,68836297151.0,ACTUAL,VNSTOCK_BRONZE
HIO,LATEST,balance_sheet,order,46.0,ACTUAL,VNSTOCK_BRONZE
HIO,LATEST,balance_sheet,level,2.0,ACTUAL,VNSTOCK_BRONZE
HIO,LATEST,balance_sheet,off_balance,0.0,ACTUAL,VNSTOCK_BRONZE
HIO,LATEST,balance_sheet,value,-12152851776.0,ACTUAL,VNSTOCK_BRONZE
HIO,LATEST,balance_sheet,order,47.0,ACTUAL,VNSTOCK_BRONZE
HIO,LATEST,balance_sheet,level,1.0,ACTUAL,VNSTOCK_BRONZE
HIO,LATEST,balance_sheet,off_balance,0.0,ACTUAL,VNSTOCK_BRONZE
HIO,LATEST,balance_sheet,value,0.0,ACTUAL,VNSTOCK_BRONZE
HIO,LATEST,balance_sheet,order,48.0,ACTUAL,VNSTOCK_BRONZE
HIO,LATEST,balance_sheet,level,2.0,ACTUAL,VNSTOCK_BRONZE
HIO,LATEST,balance_sheet,off_balance,0.0,ACTUAL,VNSTOCK_BRONZE
HIO,LATEST,balance_sheet,value,0.0,ACTUAL,VNSTOCK_BRONZE
HIO,LATEST,balance_sheet,order,49.0,ACTUAL,VNSTOCK_BRONZE
HIO,LATEST,balance_sheet,level,2.0,ACTUAL,VNSTOCK_BRONZE
HIO,LATEST,balance_sheet,off_balance,0.0,ACTUAL,VNSTOCK_BRONZE
HIO,LATEST,balance_sheet,value,0.0,ACTUAL,VNSTOCK_BRONZE
HIO,LATEST,balance_sheet,order,50.0,ACTUAL,VNSTOCK_BRONZE
HIO,LATEST,balance_sheet,level,1.0,ACTUAL,VNSTOCK_BRONZE
HIO,LATEST,balance_sheet,off_balance,0.0,ACTUAL,VNSTOCK_BRONZE
HIO,LATEST,balance_sheet,value,5757147107.0,ACTUAL,VNSTOCK_BRONZE
HIO,LATEST,balance_sheet,order,51.0,ACTUAL,VNSTOCK_BRONZE
HIO,LATEST,balance_sheet,level,2.0,ACTUAL,VNSTOCK_BRONZE
HIO,LATEST,balance_sheet,off_balance,0.0,ACTUAL,VNSTOCK_BRONZE
HIO,LATEST,balance_sheet,value,0.0,ACTUAL,VNSTOCK_BRONZE
HIO,LATEST,balance_sheet,order,52.0,ACTUAL,VNSTOCK_BRONZE
HIO,LATEST,balance_sheet,level,2.0,ACTUAL,VNSTOCK_BRONZE
HIO,LATEST,balance_sheet,off_balance,0.0,ACTUAL,VNSTOCK_BRONZE
HIO,LATEST,balance_sheet,value,4767147107.0,ACTUAL,VNSTOCK_BRONZE
HIO,LATEST,balance_sheet,order,53.0,ACTUAL,VNSTOCK_BRONZE
HIO,LATEST,balance_sheet,level,2.0,ACTUAL,VNSTOCK_BRONZE
HIO,LATEST,balance_sheet,off_balance,0.0,ACTUAL,VNSTOCK_BRONZE
HIO,LATEST,balance_sheet,value,990000000.0,ACTUAL,VNSTOCK_BRONZE
HIO,LATEST,balance_sheet,order,54.0,ACTUAL,VNSTOCK_BRONZE
HIO,LATEST,balance_sheet,level,2.0,ACTUAL,VNSTOCK_BRONZE
HIO,LATEST,balance_sheet,off_balance,0.0,ACTUAL,VNSTOCK_BRONZE
HIO,LATEST,balance_sheet,value,0.0,ACTUAL,VNSTOCK_BRONZE
HIO,LATEST,balance_sheet,order,55.0,ACTUAL,VNSTOCK_BRONZE
HIO,LATEST,balance_sheet,level,2.0,ACTUAL,VNSTOCK_BRONZE
HIO,LATEST,balance_sheet,off_balance,0.0,ACTUAL,VNSTOCK_BRONZE
HIO,LATEST,balance_sheet,value,0.0,ACTUAL,VNSTOCK_BRONZE
HIO,LATEST,balance_sheet,order,56.0,ACTUAL,VNSTOCK_BRONZE
HIO,LATEST,balance_sheet,level,1.0,ACTUAL,VNSTOCK_BRONZE
HIO,LATEST,balance_sheet,off_balance,0.0,ACTUAL,VNSTOCK_BRONZE
HIO,LATEST,balance_sheet,value,5275428555.0,ACTUAL,VNSTOCK_BRONZE
HIO,LATEST,balance_sheet,order,57.0,ACTUAL,VNSTOCK_BRONZE
HIO,LATEST,balance_sheet,level,2.0,ACTUAL,VNSTOCK_BRONZE
HIO,LATEST,balance_sheet,off_balance,0.0,ACTUAL,VNSTOCK_BRONZE
HIO,LATEST,balance_sheet,value,0.0,ACTUAL,VNSTOCK_BRONZE
HIO,LATEST,balance_sheet,order,58.0,ACTUAL,VNSTOCK_BRONZE
HIO,LATEST,balance_sheet,level,2.0,ACTUAL,VNSTOCK_BRONZE
HIO,LATEST,balance_sheet,off_balance,0.0,ACTUAL,VNSTOCK_BRONZE
HIO,LATEST,balance_sheet,value,1392191829.0,ACTUAL,VNSTOCK_BRONZE
HIO,LATEST,balance_sheet,order,59.0,ACTUAL,VNSTOCK_BRONZE
HIO,LATEST,balance_sheet,level,2.0,ACTUAL,VNSTOCK_BRONZE
HIO,LATEST,balance_sheet,off_balance,0.0,ACTUAL,VNSTOCK_BRONZE
HIO,LATEST,balance_sheet,value,0.0,ACTUAL,VNSTOCK_BRONZE
HIO,LATEST,balance_sheet,order,60.0,ACTUAL,VNSTOCK_BRONZE
HIO,LATEST,balance_sheet,level,2.0,ACTUAL,VNSTOCK_BRONZE
HIO,LATEST,balance_sheet,off_balance,0.0,ACTUAL,VNSTOCK_BRONZE
HIO,LATEST,balance_sheet,value,0.0,ACTUAL,VNSTOCK_BRONZE
HIO,LATEST,balance_sheet,order,61.0,ACTUAL,VNSTOCK_BRONZE
HIO,LATEST,balance_sheet,level,2.0,ACTUAL,VNSTOCK_BRONZE
HIO,LATEST,balance_sheet,off_balance,0.0,ACTUAL,VNSTOCK_BRONZE
HIO,LATEST,balance_sheet,value,0.0,ACTUAL,VNSTOCK_BRONZE
HIO,LATEST,balance_sheet,order,62.0,ACTUAL,VNSTOCK_BRONZE
HIO,LATEST,balance_sheet,level,2.0,ACTUAL,VNSTOCK_BRONZE
HIO,LATEST,balance_sheet,off_balance,0.0,ACTUAL,VNSTOCK_BRONZE
HIO,LATEST,balance_sheet,value,3883236726.0,ACTUAL,VNSTOCK_BRONZE
HIO,LATEST,balance_sheet,order,63.0,ACTUAL,VNSTOCK_BRONZE
HIO,LATEST,balance_sheet,level,1.0,ACTUAL,VNSTOCK_BRONZE
HIO,LATEST,balance_sheet,off_balance,0.0,ACTUAL,VNSTOCK_BRONZE
HIO,LATEST,balance_sheet,value,566595417983.0,ACTUAL,VNSTOCK_BRONZE
HIO,LATEST,balance_sheet,order,64.0,ACTUAL,VNSTOCK_BRONZE
HIO,LATEST,balance_sheet,level,1.0,ACTUAL,VNSTOCK_BRONZE
HIO,LATEST,balance_sheet,off_balance,0.0,ACTUAL,VNSTOCK_BRONZE
HIO,LATEST,balance_sheet,value,333925907163.0,ACTUAL,VNSTOCK_BRONZE
HIO,LATEST,balance_sheet,order,65.0,ACTUAL,VNSTOCK_BRONZE
HIO,LATEST,balance_sheet,level,1.0,ACTUAL,VNSTOCK_BRONZE
HIO,LATEST,balance_sheet,off_balance,0.0,ACTUAL,VNSTOCK_BRONZE
HIO,LATEST,balance_sheet,value,74058138050.0,ACTUAL,VNSTOCK_BRONZE
HIO,LATEST,balance_sheet,order,66.0,ACTUAL,VNSTOCK_BRONZE
HIO,LATEST,balance_sheet,level,2.0,ACTUAL,VNSTOCK_BRONZE
HIO,LATEST,balance_sheet,off_balance,0.0,ACTUAL,VNSTOCK_BRONZE
HIO,LATEST,balance_sheet,value,0.0,ACTUAL,VNSTOCK_BRONZE
HIO,LATEST,balance_sheet,order,67.0,ACTUAL,VNSTOCK_BRONZE
HIO,LATEST,balance_sheet,level,2.0,ACTUAL,VNSTOCK_BRONZE
HIO,LATEST,balance_sheet,off_balance,0.0,ACTUAL,VNSTOCK_BRONZE
HIO,LATEST,balance_sheet,value,0.0,ACTUAL,VNSTOCK_BRONZE
HIO,LATEST,balance_sheet,order,68.0,ACTUAL,VNSTOCK_BRONZE
HIO,LATEST,balance_sheet,level,2.0,ACTUAL,VNSTOCK_BRONZE
HIO,LATEST,balance_sheet,off_balance,0.0,ACTUAL,VNSTOCK_BRONZE
HIO,LATEST,balance_sheet,value,0.0,ACTUAL,VNSTOCK_BRONZE
HIO,LATEST,balance_sheet,order,69.0,ACTUAL,VNSTOCK_BRONZE
HIO,LATEST,balance_sheet,level,2.0,ACTUAL,VNSTOCK_BRONZE
HIO,LATEST,balance_sheet,off_balance,0.0,ACTUAL,VNSTOCK_BRONZE
HIO,LATEST,balance_sheet,value,2640324911.0,ACTUAL,VNSTOCK_BRONZE
HIO,LATEST,balance_sheet,order,70.0,ACTUAL,VNSTOCK_BRONZE
HIO,LATEST,balance_sheet,level,2.0,ACTUAL,VNSTOCK_BRONZE
HIO,LATEST,balance_sheet,off_balance,0.0,ACTUAL,VNSTOCK_BRONZE
HIO,LATEST,balance_sheet,value,0.0,ACTUAL,VNSTOCK_BRONZE
HIO,LATEST,balance_sheet,order,71.0,ACTUAL,VNSTOCK_BRONZE
HIO,LATEST,balance_sheet,level,2.0,ACTUAL,VNSTOCK_BRONZE
HIO,LATEST,balance_sheet,off_balance,0.0,ACTUAL,VNSTOCK_BRONZE
HIO,LATEST,balance_sheet,value,1128946916.0,ACTUAL,VNSTOCK_BRONZE
HIO,LATEST,balance_sheet,order,72.0,ACTUAL,VNSTOCK_BRONZE
HIO,LATEST,balance_sheet,level,2.0,ACTUAL,VNSTOCK_BRONZE
HIO,LATEST,balance_sheet,off_balance,0.0,ACTUAL,VNSTOCK_BRONZE
HIO,LATEST,balance_sheet,value,324000000.0,ACTUAL,VNSTOCK_BRONZE
HIO,LATEST,balance_sheet,order,73.0,ACTUAL,VNSTOCK_BRONZE
HIO,LATEST,balance_sheet,level,2.0,ACTUAL,VNSTOCK_BRONZE
HIO,LATEST,balance_sheet,off_balance,0.0,ACTUAL,VNSTOCK_BRONZE
HIO,LATEST,balance_sheet,value,4116232855.0,ACTUAL,VNSTOCK_BRONZE
HIO,LATEST,balance_sheet,order,74.0,ACTUAL,VNSTOCK_BRONZE
HIO,LATEST,balance_sheet,level,2.0,ACTUAL,VNSTOCK_BRONZE
HIO,LATEST,balance_sheet,off_balance,0.0,ACTUAL,VNSTOCK_BRONZE
HIO,LATEST,balance_sheet,value,0.0,ACTUAL,VNSTOCK_BRONZE
HIO,LATEST,balance_sheet,order,75.0,ACTUAL,VNSTOCK_BRONZE
HIO,LATEST,balance_sheet,level,2.0,ACTUAL,VNSTOCK_BRONZE
HIO,LATEST,balance_sheet,off_balance,0.0,ACTUAL,VNSTOCK_BRONZE
HIO,LATEST,balance_sheet,value,1505833368.0,ACTUAL,VNSTOCK_BRONZE
HIO,LATEST,balance_sheet,order,76.0,ACTUAL,VNSTOCK_BRONZE
HIO,LATEST,balance_sheet,level,2.0,ACTUAL,VNSTOCK_BRONZE
HIO,LATEST,balance_sheet,off_balance,0.0,ACTUAL,VNSTOCK_BRONZE
HIO,LATEST,balance_sheet,value,0.0,ACTUAL,VNSTOCK_BRONZE
HIO,LATEST,balance_sheet,order,77.0,ACTUAL,VNSTOCK_BRONZE
HIO,LATEST,balance_sheet,level,2.0,ACTUAL,VNSTOCK_BRONZE
HIO,LATEST,balance_sheet,off_balance,0.0,ACTUAL,VNSTOCK_BRONZE
HIO,LATEST,balance_sheet,value,64342800000.0,ACTUAL,VNSTOCK_BRONZE
HIO,LATEST,balance_sheet,order,78.0,ACTUAL,VNSTOCK_BRONZE
HIO,LATEST,balance_sheet,level,2.0,ACTUAL,VNSTOCK_BRONZE
HIO,LATEST,balance_sheet,off_balance,0.0,ACTUAL,VNSTOCK_BRONZE
HIO,LATEST,balance_sheet,value,0.0,ACTUAL,VNSTOCK_BRONZE
HIO,LATEST,balance_sheet,order,79.0,ACTUAL,VNSTOCK_BRONZE
HIO,LATEST,balance_sheet,level,2.0,ACTUAL,VNSTOCK_BRONZE
HIO,LATEST,balance_sheet,off_balance,0.0,ACTUAL,VNSTOCK_BRONZE
HIO,LATEST,balance_sheet,value,0.0,ACTUAL,VNSTOCK_BRONZE
HIO,LATEST,balance_sheet,order,80.0,ACTUAL,VNSTOCK_BRONZE
HIO,LATEST,balance_sheet,level,2.0,ACTUAL,VNSTOCK_BRONZE
HIO,LATEST,balance_sheet,off_balance,0.0,ACTUAL,VNSTOCK_BRONZE
HIO,LATEST,balance_sheet,value,0.0,ACTUAL,VNSTOCK_BRONZE
HIO,LATEST,balance_sheet,order,81.0,ACTUAL,VNSTOCK_BRONZE
HIO,LATEST,balance_sheet,level,2.0,ACTUAL,VNSTOCK_BRONZE
HIO,LATEST,balance_sheet,off_balance,0.0,ACTUAL,VNSTOCK_BRONZE
HIO,LATEST,balance_sheet,value,0.0,ACTUAL,VNSTOCK_BRONZE
HIO,LATEST,balance_sheet,order,82.0,ACTUAL,VNSTOCK_BRONZE
HIO,LATEST,balance_sheet,level,1.0,ACTUAL,VNSTOCK_BRONZE
HIO,LATEST,balance_sheet,off_balance,0.0,ACTUAL,VNSTOCK_BRONZE
HIO,LATEST,balance_sheet,value,259867769113.0,ACTUAL,VNSTOCK_BRONZE
HIO,LATEST,balance_sheet,order,83.0,ACTUAL,VNSTOCK_BRONZE
HIO,LATEST,balance_sheet,level,2.0,ACTUAL,VNSTOCK_BRONZE
HIO,LATEST,balance_sheet,off_balance,0.0,ACTUAL,VNSTOCK_BRONZE
HIO,LATEST,balance_sheet,value,0.0,ACTUAL,VNSTOCK_BRONZE
HIO,LATEST,balance_sheet,order,84.0,ACTUAL,VNSTOCK_BRONZE
HIO,LATEST,balance_sheet,level,2.0,ACTUAL,VNSTOCK_BRONZE
HIO,LATEST,balance_sheet,off_balance,0.0,ACTUAL,VNSTOCK_BRONZE
HIO,LATEST,balance_sheet,order,85.0,ACTUAL,VNSTOCK_BRONZE
HIO,LATEST,balance_sheet,level,2.0,ACTUAL,VNSTOCK_BRONZE
HIO,LATEST,balance_sheet,off_balance,0.0,ACTUAL,VNSTOCK_BRONZE
HIO,LATEST,balance_sheet,value,0.0,ACTUAL,VNSTOCK_BRONZE
HIO,LATEST,balance_sheet,order,86.0,ACTUAL,VNSTOCK_BRONZE
HIO,LATEST,balance_sheet,level,2.0,ACTUAL,VNSTOCK_BRONZE
HIO,LATEST,balance_sheet,off_balance,0.0,ACTUAL,VNSTOCK_BRONZE
HIO,LATEST,balance_sheet,value,0.0,ACTUAL,VNSTOCK_BRONZE
HIO,LATEST,balance_sheet,order,87.0,ACTUAL,VNSTOCK_BRONZE
HIO,LATEST,balance_sheet,level,2.0,ACTUAL,VNSTOCK_BRONZE
HIO,LATEST,balance_sheet,off_balance,0.0,ACTUAL,VNSTOCK_BRONZE
HIO,LATEST,balance_sheet,value,0.0,ACTUAL,VNSTOCK_BRONZE
HIO,LATEST,balance_sheet,order,88.0,ACTUAL,VNSTOCK_BRONZE
HIO,LATEST,balance_sheet,level,2.0,ACTUAL,VNSTOCK_BRONZE
HIO,LATEST,balance_sheet,off_balance,0.0,ACTUAL,VNSTOCK_BRONZE
HIO,LATEST,balance_sheet,value,0.0,ACTUAL,VNSTOCK_BRONZE
HIO,LATEST,balance_sheet,order,89.0,ACTUAL,VNSTOCK_BRONZE
HIO,LATEST,balance_sheet,level,2.0,ACTUAL,VNSTOCK_BRONZE
HIO,LATEST,balance_sheet,off_balance,0.0,ACTUAL,VNSTOCK_BRONZE
HIO,LATEST,balance_sheet,value,0.0,ACTUAL,VNSTOCK_BRONZE
HIO,LATEST,balance_sheet,order,90.0,ACTUAL,VNSTOCK_BRONZE
HIO,LATEST,balance_sheet,level,2.0,ACTUAL,VNSTOCK_BRONZE
HIO,LATEST,balance_sheet,off_balance,0.0,ACTUAL,VNSTOCK_BRONZE
HIO,LATEST,balance_sheet,value,0.0,ACTUAL,VNSTOCK_BRONZE
HIO,LATEST,balance_sheet,order,91.0,ACTUAL,VNSTOCK_BRONZE
HIO,LATEST,balance_sheet,level,2.0,ACTUAL,VNSTOCK_BRONZE
HIO,LATEST,balance_sheet,off_balance,0.0,ACTUAL,VNSTOCK_BRONZE
HIO,LATEST,balance_sheet,value,259046283738.0,ACTUAL,VNSTOCK_BRONZE
HIO,LATEST,balance_sheet,order,92.0,ACTUAL,VNSTOCK_BRONZE
HIO,LATEST,balance_sheet,level,2.0,ACTUAL,VNSTOCK_BRONZE
HIO,LATEST,balance_sheet,off_balance,0.0,ACTUAL,VNSTOCK_BRONZE
HIO,LATEST,balance_sheet,value,0.0,ACTUAL,VNSTOCK_BRONZE
HIO,LATEST,balance_sheet,order,93.0,ACTUAL,VNSTOCK_BRONZE
HIO,LATEST,balance_sheet,level,2.0,ACTUAL,VNSTOCK_BRONZE
HIO,LATEST,balance_sheet,off_balance,0.0,ACTUAL,VNSTOCK_BRONZE
HIO,LATEST,balance_sheet,value,821485375.0,ACTUAL,VNSTOCK_BRONZE
HIO,LATEST,balance_sheet,order,94.0,ACTUAL,VNSTOCK_BRONZE
HIO,LATEST,balance_sheet,level,2.0,ACTUAL,VNSTOCK_BRONZE
HIO,LATEST,balance_sheet,off_balance,0.0,ACTUAL,VNSTOCK_BRONZE
HIO,LATEST,balance_sheet,value,0.0,ACTUAL,VNSTOCK_BRONZE
HIO,LATEST,balance_sheet,order,95.0,ACTUAL,VNSTOCK_BRONZE
HIO,LATEST,balance_sheet,level,2.0,ACTUAL,VNSTOCK_BRONZE
HIO,LATEST,balance_sheet,off_balance,0.0,ACTUAL,VNSTOCK_BRONZE
HIO,LATEST,balance_sheet,value,0.0,ACTUAL,VNSTOCK_BRONZE
HIO,LATEST,balance_sheet,order,96.0,ACTUAL,VNSTOCK_BRONZE
HIO,LATEST,balance_sheet,level,1.0,ACTUAL,VNSTOCK_BRONZE
HIO,LATEST,balance_sheet,off_balance,0.0,ACTUAL,VNSTOCK_BRONZE
HIO,LATEST,balance_sheet,value,232669510820.0,ACTUAL,VNSTOCK_BRONZE
HIO,LATEST,balance_sheet,order,97.0,ACTUAL,VNSTOCK_BRONZE
HIO,LATEST,balance_sheet,level,1.0,ACTUAL,VNSTOCK_BRONZE
HIO,LATEST,balance_sheet,off_balance,0.0,ACTUAL,VNSTOCK_BRONZE
HIO,LATEST,balance_sheet,value,232669510820.0,ACTUAL,VNSTOCK_BRONZE
HIO,LATEST,balance_sheet,order,98.0,ACTUAL,VNSTOCK_BRONZE
HIO,LATEST,balance_sheet,level,2.0,ACTUAL,VNSTOCK_BRONZE
HIO,LATEST,balance_sheet,off_balance,0.0,ACTUAL,VNSTOCK_BRONZE
HIO,LATEST,balance_sheet,value,0.0,ACTUAL,VNSTOCK_BRONZE
HIO,LATEST,balance_sheet,order,99.0,ACTUAL,VNSTOCK_BRONZE
HIO,LATEST,balance_sheet,level,2.0,ACTUAL,VNSTOCK_BRONZE
HIO,LATEST,balance_sheet,off_balance,0.0,ACTUAL,VNSTOCK_BRONZE
HIO,LATEST,balance_sheet,value,0.0,ACTUAL,VNSTOCK_BRONZE
HIO,LATEST,balance_sheet,order,100.0,ACTUAL,VNSTOCK_BRONZE
HIO,LATEST,balance_sheet,level,2.0,ACTUAL,VNSTOCK_BRONZE
HIO,LATEST,balance_sheet,off_balance,0.0,ACTUAL,VNSTOCK_BRONZE
HIO,LATEST,balance_sheet,value,0.0,ACTUAL,VNSTOCK_BRONZE
HIO,LATEST,balance_sheet,order,101.0,ACTUAL,VNSTOCK_BRONZE
HIO,LATEST,balance_sheet,level,2.0,ACTUAL,VNSTOCK_BRONZE
HIO,LATEST,balance_sheet,off_balance,0.0,ACTUAL,VNSTOCK_BRONZE
HIO,LATEST,balance_sheet,value,0.0,ACTUAL,VNSTOCK_BRONZE
HIO,LATEST,balance_sheet,order,102.0,ACTUAL,VNSTOCK_BRONZE
HIO,LATEST,balance_sheet,level,2.0,ACTUAL,VNSTOCK_BRONZE
HIO,LATEST,balance_sheet,off_balance,0.0,ACTUAL,VNSTOCK_BRONZE
HIO,LATEST,balance_sheet,value,210000000000.0,ACTUAL,VNSTOCK_BRONZE
HIO,LATEST,balance_sheet,order,103.0,ACTUAL,VNSTOCK_BRONZE
HIO,LATEST,balance_sheet,level,3.0,ACTUAL,VNSTOCK_BRONZE
HIO,LATEST,balance_sheet,off_balance,0.0,ACTUAL,VNSTOCK_BRONZE
HIO,LATEST,balance_sheet,value,210000000000.0,ACTUAL,VNSTOCK_BRONZE
HIO,LATEST,balance_sheet,order,104.0,ACTUAL,VNSTOCK_BRONZE
HIO,LATEST,balance_sheet,level,2.0,ACTUAL,VNSTOCK_BRONZE
HIO,LATEST,balance_sheet,off_balance,0.0,ACTUAL,VNSTOCK_BRONZE
HIO,LATEST,balance_sheet,value,0.0,ACTUAL,VNSTOCK_BRONZE
HIO,LATEST,balance_sheet,order,105.0,ACTUAL,VNSTOCK_BRONZE
HIO,LATEST,balance_sheet,level,2.0,ACTUAL,VNSTOCK_BRONZE
HIO,LATEST,balance_sheet,off_balance,0.0,ACTUAL,VNSTOCK_BRONZE
HIO,LATEST,balance_sheet,value,0.0,ACTUAL,VNSTOCK_BRONZE
HIO,LATEST,balance_sheet,order,106.0,ACTUAL,VNSTOCK_BRONZE
HIO,LATEST,balance_sheet,level,2.0,ACTUAL,VNSTOCK_BRONZE
HIO,LATEST,balance_sheet,off_balance,0.0,ACTUAL,VNSTOCK_BRONZE
HIO,LATEST,balance_sheet,value,0.0,ACTUAL,VNSTOCK_BRONZE
HIO,LATEST,balance_sheet,order,107.0,ACTUAL,VNSTOCK_BRONZE
HIO,LATEST,balance_sheet,level,2.0,ACTUAL,VNSTOCK_BRONZE
HIO,LATEST,balance_sheet,off_balance,0.0,ACTUAL,VNSTOCK_BRONZE
HIO,LATEST,balance_sheet,value,0.0,ACTUAL,VNSTOCK_BRONZE
HIO,LATEST,balance_sheet,order,108.0,ACTUAL,VNSTOCK_BRONZE
HIO,LATEST,balance_sheet,level,2.0,ACTUAL,VNSTOCK_BRONZE
HIO,LATEST,balance_sheet,off_balance,0.0,ACTUAL,VNSTOCK_BRONZE
HIO,LATEST,balance_sheet,value,0.0,ACTUAL,VNSTOCK_BRONZE
HIO,LATEST,balance_sheet,order,109.0,ACTUAL,VNSTOCK_BRONZE
HIO,LATEST,balance_sheet,level,2.0,ACTUAL,VNSTOCK_BRONZE
HIO,LATEST,balance_sheet,off_balance,0.0,ACTUAL,VNSTOCK_BRONZE
HIO,LATEST,balance_sheet,value,0.0,ACTUAL,VNSTOCK_BRONZE
HIO,LATEST,balance_sheet,order,110.0,ACTUAL,VNSTOCK_BRONZE
HIO,LATEST,balance_sheet,level,2.0,ACTUAL,VNSTOCK_BRONZE
HIO,LATEST,balance_sheet,off_balance,0.0,ACTUAL,VNSTOCK_BRONZE
HIO,LATEST,balance_sheet,value,0.0,ACTUAL,VNSTOCK_BRONZE
HIO,LATEST,balance_sheet,order,111.0,ACTUAL,VNSTOCK_BRONZE
HIO,LATEST,balance_sheet,level,2.0,ACTUAL,VNSTOCK_BRONZE
HIO,LATEST,balance_sheet,off_balance,0.0,ACTUAL,VNSTOCK_BRONZE
HIO,LATEST,balance_sheet,value,8331664665.0,ACTUAL,VNSTOCK_BRONZE
HIO,LATEST,balance_sheet,order,112.0,ACTUAL,VNSTOCK_BRONZE
HIO,LATEST,balance_sheet,level,2.0,ACTUAL,VNSTOCK_BRONZE
HIO,LATEST,balance_sheet,off_balance,0.0,ACTUAL,VNSTOCK_BRONZE
HIO,LATEST,balance_sheet,value,14337846155.0,ACTUAL,VNSTOCK_BRONZE
HIO,LATEST,balance_sheet,order,113.0,ACTUAL,VNSTOCK_BRONZE
HIO,LATEST,balance_sheet,level,3.0,ACTUAL,VNSTOCK_BRONZE
HIO,LATEST,balance_sheet,off_balance,0.0,ACTUAL,VNSTOCK_BRONZE
HIO,LATEST,balance_sheet,value,11339146711.0,ACTUAL,VNSTOCK_BRONZE
HIO,LATEST,balance_sheet,order,114.0,ACTUAL,VNSTOCK_BRONZE
HIO,LATEST,balance_sheet,level,3.0,ACTUAL,VNSTOCK_BRONZE
HIO,LATEST,balance_sheet,off_balance,0.0,ACTUAL,VNSTOCK_BRONZE
HIO,LATEST,balance_sheet,value,2998699444.0,ACTUAL,VNSTOCK_BRONZE
HIO,LATEST,balance_sheet,order,115.0,ACTUAL,VNSTOCK_BRONZE
HIO,LATEST,balance_sheet,level,2.0,ACTUAL,VNSTOCK_BRONZE
HIO,LATEST,balance_sheet,off_balance,0.0,ACTUAL,VNSTOCK_BRONZE
HIO,LATEST,balance_sheet,value,0.0,ACTUAL,VNSTOCK_BRONZE
HIO,LATEST,balance_sheet,order,116.0,ACTUAL,VNSTOCK_BRONZE
HIO,LATEST,balance_sheet,level,1.0,ACTUAL,VNSTOCK_BRONZE
HIO,LATEST,balance_sheet,off_balance,0.0,ACTUAL,VNSTOCK_BRONZE
HIO,LATEST,balance_sheet,value,0.0,ACTUAL,VNSTOCK_BRONZE
HIO,LATEST,balance_sheet,order,117.0,ACTUAL,VNSTOCK_BRONZE
HIO,LATEST,balance_sheet,level,2.0,ACTUAL,VNSTOCK_BRONZE
HIO,LATEST,balance_sheet,off_balance,0.0,ACTUAL,VNSTOCK_BRONZE
HIO,LATEST,balance_sheet,value,0.0,ACTUAL,VNSTOCK_BRONZE
HIO,LATEST,balance_sheet,order,118.0,ACTUAL,VNSTOCK_BRONZE
HIO,LATEST,balance_sheet,level,1.0,ACTUAL,VNSTOCK_BRONZE
HIO,LATEST,balance_sheet,off_balance,0.0,ACTUAL,VNSTOCK_BRONZE
HIO,LATEST,balance_sheet,value,566595417983.0,ACTUAL,VNSTOCK_BRONZE
HIO,LATEST,income_statement,order,1.0,ACTUAL,VNSTOCK_BRONZE
HIO,LATEST,income_statement,level,1.0,ACTUAL,VNSTOCK_BRONZE
HIO,LATEST,income_statement,value,76142661910.0,ACTUAL,VNSTOCK_BRONZE
HIO,LATEST,income_statement,order,2.0,ACTUAL,VNSTOCK_BRONZE
HIO,LATEST,income_statement,level,1.0,ACTUAL,VNSTOCK_BRONZE
HIO,LATEST,income_statement,value,-0.0,ACTUAL,VNSTOCK_BRONZE
HIO,LATEST,income_statement,order,3.0,ACTUAL,VNSTOCK_BRONZE
HIO,LATEST,income_statement,level,1.0,ACTUAL,VNSTOCK_BRONZE
HIO,LATEST,income_statement,value,76142661910.0,ACTUAL,VNSTOCK_BRONZE
HIO,LATEST,income_statement,order,4.0,ACTUAL,VNSTOCK_BRONZE
HIO,LATEST,income_statement,level,1.0,ACTUAL,VNSTOCK_BRONZE
HIO,LATEST,income_statement,value,-32365316452.0,ACTUAL,VNSTOCK_BRONZE
HIO,LATEST,income_statement,order,5.0,ACTUAL,VNSTOCK_BRONZE
HIO,LATEST,income_statement,level,1.0,ACTUAL,VNSTOCK_BRONZE
HIO,LATEST,income_statement,value,43777345458.0,ACTUAL,VNSTOCK_BRONZE
HIO,LATEST,income_statement,order,6.0,ACTUAL,VNSTOCK_BRONZE
HIO,LATEST,income_statement,level,1.0,ACTUAL,VNSTOCK_BRONZE
HIO,LATEST,income_statement,value,236603321.0,ACTUAL,VNSTOCK_BRONZE
HIO,LATEST,income_statement,order,7.0,ACTUAL,VNSTOCK_BRONZE
HIO,LATEST,income_statement,level,1.0,ACTUAL,VNSTOCK_BRONZE
HIO,LATEST,income_statement,value,-9858245526.0,ACTUAL,VNSTOCK_BRONZE
HIO,LATEST,income_statement,order,8.0,ACTUAL,VNSTOCK_BRONZE
HIO,LATEST,income_statement,level,2.0,ACTUAL,VNSTOCK_BRONZE
HIO,LATEST,income_statement,value,-9828098385.0,ACTUAL,VNSTOCK_BRONZE
HIO,LATEST,income_statement,order,9.0,ACTUAL,VNSTOCK_BRONZE
HIO,LATEST,income_statement,level,1.0,ACTUAL,VNSTOCK_BRONZE
HIO,LATEST,income_statement,value,390949127.0,ACTUAL,VNSTOCK_BRONZE
HIO,LATEST,income_statement,order,10.0,ACTUAL,VNSTOCK_BRONZE
HIO,LATEST,income_statement,level,1.0,ACTUAL,VNSTOCK_BRONZE
HIO,LATEST,income_statement,value,-0.0,ACTUAL,VNSTOCK_BRONZE
HIO,LATEST,income_statement,order,11.0,ACTUAL,VNSTOCK_BRONZE
HIO,LATEST,income_statement,level,1.0,ACTUAL,VNSTOCK_BRONZE
HIO,LATEST,income_statement,value,-3829526371.0,ACTUAL,VNSTOCK_BRONZE
HIO,LATEST,income_statement,order,12.0,ACTUAL,VNSTOCK_BRONZE
HIO,LATEST,income_statement,level,1.0,ACTUAL,VNSTOCK_BRONZE
HIO,LATEST,income_statement,value,30717126009.0,ACTUAL,VNSTOCK_BRONZE
HIO,LATEST,income_statement,order,13.0,ACTUAL,VNSTOCK_BRONZE
HIO,LATEST,income_statement,level,1.0,ACTUAL,VNSTOCK_BRONZE
HIO,LATEST,income_statement,value,-22603296.0,ACTUAL,VNSTOCK_BRONZE
HIO,LATEST,income_statement,order,14.0,ACTUAL,VNSTOCK_BRONZE
HIO,LATEST,income_statement,level,2.0,ACTUAL,VNSTOCK_BRONZE
HIO,LATEST,income_statement,value,115695.0,ACTUAL,VNSTOCK_BRONZE
HIO,LATEST,income_statement,order,15.0,ACTUAL,VNSTOCK_BRONZE
HIO,LATEST,income_statement,level,2.0,ACTUAL,VNSTOCK_BRONZE
HIO,LATEST,income_statement,value,-22718991.0,ACTUAL,VNSTOCK_BRONZE
HIO,LATEST,income_statement,order,16.0,ACTUAL,VNSTOCK_BRONZE
HIO,LATEST,income_statement,level,1.0,ACTUAL,VNSTOCK_BRONZE
HIO,LATEST,income_statement,value,0.0,ACTUAL,VNSTOCK_BRONZE
HIO,LATEST,income_statement,order,17.0,ACTUAL,VNSTOCK_BRONZE
HIO,LATEST,income_statement,level,1.0,ACTUAL,VNSTOCK_BRONZE
HIO,LATEST,income_statement,value,30694522713.0,ACTUAL,VNSTOCK_BRONZE
HIO,LATEST,income_statement,order,18.0,ACTUAL,VNSTOCK_BRONZE
HIO,LATEST,income_statement,level,1.0,ACTUAL,VNSTOCK_BRONZE
HIO,LATEST,income_statement,value,-3261033292.0,ACTUAL,VNSTOCK_BRONZE
HIO,LATEST,income_statement,order,19.0,ACTUAL,VNSTOCK_BRONZE
HIO,LATEST,income_statement,level,2.0,ACTUAL,VNSTOCK_BRONZE
HIO,LATEST,income_statement,value,-3325444324.0,ACTUAL,VNSTOCK_BRONZE
HIO,LATEST,income_statement,order,20.0,ACTUAL,VNSTOCK_BRONZE
HIO,LATEST,income_statement,level,2.0,ACTUAL,VNSTOCK_BRONZE
HIO,LATEST,income_statement,value,64411032.0,ACTUAL,VNSTOCK_BRONZE
HIO,LATEST,income_statement,order,21.0,ACTUAL,VNSTOCK_BRONZE
HIO,LATEST,income_statement,level,1.0,ACTUAL,VNSTOCK_BRONZE
HIO,LATEST,income_statement,value,27433489421.0,ACTUAL,VNSTOCK_BRONZE
HIO,LATEST,income_statement,order,22.0,ACTUAL,VNSTOCK_BRONZE
HIO,LATEST,income_statement,level,1.0,ACTUAL,VNSTOCK_BRONZE
HIO,LATEST,income_statement,value,7898248288.0,ACTUAL,VNSTOCK_BRONZE
HIO,LATEST,income_statement,order,23.0,ACTUAL,VNSTOCK_BRONZE
HIO,LATEST,income_statement,level,1.0,ACTUAL,VNSTOCK_BRONZE
HIO,LATEST,income_statement,value,19535241133.0,ACTUAL,VNSTOCK_BRONZE
HIO,LATEST,income_statement,order,24.0,ACTUAL,VNSTOCK_BRONZE
HIO,LATEST,income_statement,level,1.0,ACTUAL,VNSTOCK_BRONZE
HIO,LATEST,income_statement,value,0.0,ACTUAL,VNSTOCK_BRONZE
HIO,LATEST,income_statement,order,25.0,ACTUAL,VNSTOCK_BRONZE
HIO,LATEST,income_statement,level,1.0,ACTUAL,VNSTOCK_BRONZE
HIO,LATEST,income_statement,value,0.0,ACTUAL,VNSTOCK_BRONZE
HIO,LATEST,income_statement,order,1.0,ACTUAL,VNSTOCK_BRONZE
HIO,LATEST,income_statement,level,1.0,ACTUAL,VNSTOCK_BRONZE
HIO,LATEST,income_statement,value,38184145427.0,ACTUAL,VNSTOCK_BRONZE
HIO,LATEST,income_statement,order,2.0,ACTUAL,VNSTOCK_BRONZE
HIO,LATEST,income_statement,level,1.0,ACTUAL,VNSTOCK_BRONZE
HIO,LATEST,income_statement,value,-0.0,ACTUAL,VNSTOCK_BRONZE
HIO,LATEST,income_statement,order,3.0,ACTUAL,VNSTOCK_BRONZE
HIO,LATEST,income_statement,level,1.0,ACTUAL,VNSTOCK_BRONZE
HIO,LATEST,income_statement,value,38184145427.0,ACTUAL,VNSTOCK_BRONZE
HIO,LATEST,income_statement,order,4.0,ACTUAL,VNSTOCK_BRONZE
HIO,LATEST,income_statement,level,1.0,ACTUAL,VNSTOCK_BRONZE
HIO,LATEST,income_statement,value,-20746613447.0,ACTUAL,VNSTOCK_BRONZE
HIO,LATEST,income_statement,order,5.0,ACTUAL,VNSTOCK_BRONZE
HIO,LATEST,income_statement,level,1.0,ACTUAL,VNSTOCK_BRONZE
HIO,LATEST,income_statement,value,17437531980.0,ACTUAL,VNSTOCK_BRONZE
HIO,LATEST,income_statement,order,6.0,ACTUAL,VNSTOCK_BRONZE
HIO,LATEST,income_statement,level,1.0,ACTUAL,VNSTOCK_BRONZE
HIO,LATEST,income_statement,value,20652915.0,ACTUAL,VNSTOCK_BRONZE
HIO,LATEST,income_statement,order,7.0,ACTUAL,VNSTOCK_BRONZE
HIO,LATEST,income_statement,level,1.0,ACTUAL,VNSTOCK_BRONZE
HIO,LATEST,income_statement,value,-4475469420.0,ACTUAL,VNSTOCK_BRONZE
HIO,LATEST,income_statement,order,8.0,ACTUAL,VNSTOCK_BRONZE
HIO,LATEST,income_statement,level,2.0,ACTUAL,VNSTOCK_BRONZE
HIO,LATEST,income_statement,value,-4445322279.0,ACTUAL,VNSTOCK_BRONZE
HIO,LATEST,income_statement,order,9.0,ACTUAL,VNSTOCK_BRONZE
HIO,LATEST,income_statement,level,1.0,ACTUAL,VNSTOCK_BRONZE
HIO,LATEST,income_statement,value,5647038.0,ACTUAL,VNSTOCK_BRONZE
HIO,LATEST,income_statement,order,10.0,ACTUAL,VNSTOCK_BRONZE
HIO,LATEST,income_statement,level,1.0,ACTUAL,VNSTOCK_BRONZE
HIO,LATEST,income_statement,value,-0.0,ACTUAL,VNSTOCK_BRONZE
HIO,LATEST,income_statement,order,11.0,ACTUAL,VNSTOCK_BRONZE
HIO,LATEST,income_statement,level,1.0,ACTUAL,VNSTOCK_BRONZE
HIO,LATEST,income_statement,value,-2664231154.0,ACTUAL,VNSTOCK_BRONZE
HIO,LATEST,income_statement,order,12.0,ACTUAL,VNSTOCK_BRONZE
HIO,LATEST,income_statement,level,1.0,ACTUAL,VNSTOCK_BRONZE
HIO,LATEST,income_statement,value,10324131359.0,ACTUAL,VNSTOCK_BRONZE
HIO,LATEST,income_statement,order,13.0,ACTUAL,VNSTOCK_BRONZE
HIO,LATEST,income_statement,level,1.0,ACTUAL,VNSTOCK_BRONZE
HIO,LATEST,income_statement,value,71763463406.0,ACTUAL,VNSTOCK_BRONZE
HIO,LATEST,income_statement,order,14.0,ACTUAL,VNSTOCK_BRONZE
HIO,LATEST,income_statement,level,2.0,ACTUAL,VNSTOCK_BRONZE
HIO,LATEST,income_statement,value,71849310344.0,ACTUAL,VNSTOCK_BRONZE
HIO,LATEST,income_statement,order,15.0,ACTUAL,VNSTOCK_BRONZE
HIO,LATEST,income_statement,level,2.0,ACTUAL,VNSTOCK_BRONZE
HIO,LATEST,income_statement,value,-85846938.0,ACTUAL,VNSTOCK_BRONZE
HIO,LATEST,income_statement,order,16.0,ACTUAL,VNSTOCK_BRONZE
HIO,LATEST,income_statement,level,1.0,ACTUAL,VNSTOCK_BRONZE
HIO,LATEST,income_statement,value,0.0,ACTUAL,VNSTOCK_BRONZE
HIO,LATEST,income_statement,order,17.0,ACTUAL,VNSTOCK_BRONZE
HIO,LATEST,income_statement,level,1.0,ACTUAL,VNSTOCK_BRONZE
HIO,LATEST,income_statement,value,82087594765.0,ACTUAL,VNSTOCK_BRONZE
HIO,LATEST,income_statement,order,18.0,ACTUAL,VNSTOCK_BRONZE
HIO,LATEST,income_statement,level,1.0,ACTUAL,VNSTOCK_BRONZE
HIO,LATEST,income_statement,value,-936215244.0,ACTUAL,VNSTOCK_BRONZE
HIO,LATEST,income_statement,order,19.0,ACTUAL,VNSTOCK_BRONZE
HIO,LATEST,income_statement,level,2.0,ACTUAL,VNSTOCK_BRONZE
HIO,LATEST,income_statement,value,-1014391996.0,ACTUAL,VNSTOCK_BRONZE
HIO,LATEST,income_statement,order,20.0,ACTUAL,VNSTOCK_BRONZE
HIO,LATEST,income_statement,level,2.0,ACTUAL,VNSTOCK_BRONZE
HIO,LATEST,income_statement,value,78176752.0,ACTUAL,VNSTOCK_BRONZE
HIO,LATEST,income_statement,order,21.0,ACTUAL,VNSTOCK_BRONZE
HIO,LATEST,income_statement,level,1.0,ACTUAL,VNSTOCK_BRONZE
HIO,LATEST,income_statement,value,81151379521.0,ACTUAL,VNSTOCK_BRONZE
HIO,LATEST,income_statement,order,22.0,ACTUAL,VNSTOCK_BRONZE
HIO,LATEST,income_statement,level,1.0,ACTUAL,VNSTOCK_BRONZE
HIO,LATEST,income_statement,value,2259127045.0,ACTUAL,VNSTOCK_BRONZE
HIO,LATEST,income_statement,order,23.0,ACTUAL,VNSTOCK_BRONZE
HIO,LATEST,income_statement,level,1.0,ACTUAL,VNSTOCK_BRONZE
HIO,LATEST,income_statement,value,78892252476.0,ACTUAL,VNSTOCK_BRONZE
HIO,LATEST,income_statement,order,24.0,ACTUAL,VNSTOCK_BRONZE
HIO,LATEST,income_statement,level,1.0,ACTUAL,VNSTOCK_BRONZE
HIO,LATEST,income_statement,value,3757.0,ACTUAL,VNSTOCK_BRONZE
HIO,LATEST,income_statement,order,25.0,ACTUAL,VNSTOCK_BRONZE
HIO,LATEST,income_statement,level,1.0,ACTUAL,VNSTOCK_BRONZE
HIO,LATEST,income_statement,value,3757.0,ACTUAL,VNSTOCK_BRONZE
HIO,LATEST,income_statement,order,1.0,ACTUAL,VNSTOCK_BRONZE
HIO,LATEST,income_statement,level,1.0,ACTUAL,VNSTOCK_BRONZE
HIO,LATEST,income_statement,value,23080919746.0,ACTUAL,VNSTOCK_BRONZE
HIO,LATEST,income_statement,order,2.0,ACTUAL,VNSTOCK_BRONZE
HIO,LATEST,income_statement,level,1.0,ACTUAL,VNSTOCK_BRONZE
HIO,LATEST,income_statement,value,-0.0,ACTUAL,VNSTOCK_BRONZE
HIO,LATEST,income_statement,order,3.0,ACTUAL,VNSTOCK_BRONZE
HIO,LATEST,income_statement,level,1.0,ACTUAL,VNSTOCK_BRONZE
HIO,LATEST,income_statement,value,23080919746.0,ACTUAL,VNSTOCK_BRONZE
HIO,LATEST,income_statement,order,4.0,ACTUAL,VNSTOCK_BRONZE
HIO,LATEST,income_statement,level,1.0,ACTUAL,VNSTOCK_BRONZE
HIO,LATEST,income_statement,value,-16917082152.0,ACTUAL,VNSTOCK_BRONZE
HIO,LATEST,income_statement,order,5.0,ACTUAL,VNSTOCK_BRONZE
HIO,LATEST,income_statement,level,1.0,ACTUAL,VNSTOCK_BRONZE
HIO,LATEST,income_statement,value,6163837594.0,ACTUAL,VNSTOCK_BRONZE
HIO,LATEST,income_statement,order,6.0,ACTUAL,VNSTOCK_BRONZE
HIO,LATEST,income_statement,level,1.0,ACTUAL,VNSTOCK_BRONZE
HIO,LATEST,income_statement,value,12057093.0,ACTUAL,VNSTOCK_BRONZE
HIO,LATEST,income_statement,order,7.0,ACTUAL,VNSTOCK_BRONZE
HIO,LATEST,income_statement,level,1.0,ACTUAL,VNSTOCK_BRONZE
HIO,LATEST,income_statement,value,-3584938215.0,ACTUAL,VNSTOCK_BRONZE
HIO,LATEST,income_statement,order,8.0,ACTUAL,VNSTOCK_BRONZE
HIO,LATEST,income_statement,level,2.0,ACTUAL,VNSTOCK_BRONZE
HIO,LATEST,income_statement,value,-3465752617.0,ACTUAL,VNSTOCK_BRONZE
HIO,LATEST,income_statement,order,9.0,ACTUAL,VNSTOCK_BRONZE
HIO,LATEST,income_statement,level,1.0,ACTUAL,VNSTOCK_BRONZE
HIO,LATEST,income_statement,value,-50980976.0,ACTUAL,VNSTOCK_BRONZE
HIO,LATEST,income_statement,order,10.0,ACTUAL,VNSTOCK_BRONZE
HIO,LATEST,income_statement,level,1.0,ACTUAL,VNSTOCK_BRONZE
HIO,LATEST,income_statement,value,-0.0,ACTUAL,VNSTOCK_BRONZE
HIO,LATEST,income_statement,order,11.0,ACTUAL,VNSTOCK_BRONZE
HIO,LATEST,income_statement,level,1.0,ACTUAL,VNSTOCK_BRONZE
HIO,LATEST,income_statement,value,-2126338590.0,ACTUAL,VNSTOCK_BRONZE
HIO,LATEST,income_statement,order,12.0,ACTUAL,VNSTOCK_BRONZE
HIO,LATEST,income_statement,level,1.0,ACTUAL,VNSTOCK_BRONZE
HIO,LATEST,income_statement,value,413636906.0,ACTUAL,VNSTOCK_BRONZE
HIO,LATEST,income_statement,order,13.0,ACTUAL,VNSTOCK_BRONZE
HIO,LATEST,income_statement,level,1.0,ACTUAL,VNSTOCK_BRONZE
HIO,LATEST,income_statement,value,-158669757.0,ACTUAL,VNSTOCK_BRONZE
HIO,LATEST,income_statement,order,14.0,ACTUAL,VNSTOCK_BRONZE
HIO,LATEST,income_statement,level,2.0,ACTUAL,VNSTOCK_BRONZE
HIO,LATEST,income_statement,value,272498.0,ACTUAL,VNSTOCK_BRONZE
HIO,LATEST,income_statement,order,15.0,ACTUAL,VNSTOCK_BRONZE
HIO,LATEST,income_statement,level,2.0,ACTUAL,VNSTOCK_BRONZE
HIO,LATEST,income_statement,value,-158942255.0,ACTUAL,VNSTOCK_BRONZE
HIO,LATEST,income_statement,order,16.0,ACTUAL,VNSTOCK_BRONZE
HIO,LATEST,income_statement,level,1.0,ACTUAL,VNSTOCK_BRONZE
HIO,LATEST,income_statement,value,0.0,ACTUAL,VNSTOCK_BRONZE
HIO,LATEST,income_statement,order,17.0,ACTUAL,VNSTOCK_BRONZE
HIO,LATEST,income_statement,level,1.0,ACTUAL,VNSTOCK_BRONZE
HIO,LATEST,income_statement,value,254967149.0,ACTUAL,VNSTOCK_BRONZE
HIO,LATEST,income_statement,order,18.0,ACTUAL,VNSTOCK_BRONZE
HIO,LATEST,income_statement,level,1.0,ACTUAL,VNSTOCK_BRONZE
HIO,LATEST,income_statement,value,-395090215.0,ACTUAL,VNSTOCK_BRONZE
HIO,LATEST,income_statement,order,19.0,ACTUAL,VNSTOCK_BRONZE
HIO,LATEST,income_statement,level,2.0,ACTUAL,VNSTOCK_BRONZE
HIO,LATEST,income_statement,value,-224133989.0,ACTUAL,VNSTOCK_BRONZE
HIO,LATEST,income_statement,order,20.0,ACTUAL,VNSTOCK_BRONZE
HIO,LATEST,income_statement,level,2.0,ACTUAL,VNSTOCK_BRONZE
HIO,LATEST,income_statement,value,-170956226.0,ACTUAL,VNSTOCK_BRONZE
HIO,LATEST,income_statement,order,21.0,ACTUAL,VNSTOCK_BRONZE
HIO,LATEST,income_statement,level,1.0,ACTUAL,VNSTOCK_BRONZE
HIO,LATEST,income_statement,value,-140123066.0,ACTUAL,VNSTOCK_BRONZE
HIO,LATEST,income_statement,order,22.0,ACTUAL,VNSTOCK_BRONZE
HIO,LATEST,income_statement,level,1.0,ACTUAL,VNSTOCK_BRONZE
HIO,LATEST,income_statement,value,0.0,ACTUAL,VNSTOCK_BRONZE
HIO,LATEST,income_statement,order,23.0,ACTUAL,VNSTOCK_BRONZE
HIO,LATEST,income_statement,level,1.0,ACTUAL,VNSTOCK_BRONZE
HIO,LATEST,income_statement,value,-140123066.0,ACTUAL,VNSTOCK_BRONZE
HIO,LATEST,income_statement,order,24.0,ACTUAL,VNSTOCK_BRONZE
HIO,LATEST,income_statement,level,1.0,ACTUAL,VNSTOCK_BRONZE
HIO,LATEST,income_statement,value,645.0,ACTUAL,VNSTOCK_BRONZE
HIO,LATEST,income_statement,order,25.0,ACTUAL,VNSTOCK_BRONZE
HIO,LATEST,income_statement,level,1.0,ACTUAL,VNSTOCK_BRONZE
HIO,LATEST,income_statement,value,-7.0,ACTUAL,VNSTOCK_BRONZE
HIO,LATEST,income_statement,order,1.0,ACTUAL,VNSTOCK_BRONZE
HIO,LATEST,income_statement,level,1.0,ACTUAL,VNSTOCK_BRONZE
HIO,LATEST,income_statement,value,26857184125.0,ACTUAL,VNSTOCK_BRONZE
HIO,LATEST,income_statement,order,2.0,ACTUAL,VNSTOCK_BRONZE
HIO,LATEST,income_statement,level,1.0,ACTUAL,VNSTOCK_BRONZE
HIO,LATEST,income_statement,value,-0.0,ACTUAL,VNSTOCK_BRONZE
HIO,LATEST,income_statement,order,3.0,ACTUAL,VNSTOCK_BRONZE
HIO,LATEST,income_statement,level,1.0,ACTUAL,VNSTOCK_BRONZE
HIO,LATEST,income_statement,value,26857184125.0,ACTUAL,VNSTOCK_BRONZE
HIO,LATEST,income_statement,order,4.0,ACTUAL,VNSTOCK_BRONZE
HIO,LATEST,income_statement,level,1.0,ACTUAL,VNSTOCK_BRONZE
HIO,LATEST,income_statement,value,-16861146978.0,ACTUAL,VNSTOCK_BRONZE
HIO,LATEST,income_statement,order,5.0,ACTUAL,VNSTOCK_BRONZE
HIO,LATEST,income_statement,level,1.0,ACTUAL,VNSTOCK_BRONZE
HIO,LATEST,income_statement,value,9996037147.0,ACTUAL,VNSTOCK_BRONZE
HIO,LATEST,income_statement,order,6.0,ACTUAL,VNSTOCK_BRONZE
HIO,LATEST,income_statement,level,1.0,ACTUAL,VNSTOCK_BRONZE
HIO,LATEST,income_statement,value,4833309.0,ACTUAL,VNSTOCK_BRONZE
HIO,LATEST,income_statement,order,7.0,ACTUAL,VNSTOCK_BRONZE
HIO,LATEST,income_statement,level,1.0,ACTUAL,VNSTOCK_BRONZE
HIO,LATEST,income_statement,value,-3793727941.0,ACTUAL,VNSTOCK_BRONZE
HIO,LATEST,income_statement,order,8.0,ACTUAL,VNSTOCK_BRONZE
HIO,LATEST,income_statement,level,2.0,ACTUAL,VNSTOCK_BRONZE
HIO,LATEST,income_statement,value,-3731762618.0,ACTUAL,VNSTOCK_BRONZE
HIO,LATEST,income_statement,order,9.0,ACTUAL,VNSTOCK_BRONZE
HIO,LATEST,income_statement,level,1.0,ACTUAL,VNSTOCK_BRONZE
HIO,LATEST,income_statement,value,8799431.0,ACTUAL,VNSTOCK_BRONZE
HIO,LATEST,income_statement,order,10.0,ACTUAL,VNSTOCK_BRONZE
HIO,LATEST,income_statement,level,1.0,ACTUAL,VNSTOCK_BRONZE
HIO,LATEST,income_statement,value,-0.0,ACTUAL,VNSTOCK_BRONZE
HIO,LATEST,income_statement,order,11.0,ACTUAL,VNSTOCK_BRONZE
HIO,LATEST,income_statement,level,1.0,ACTUAL,VNSTOCK_BRONZE
HIO,LATEST,income_statement,value,-2120323604.0,ACTUAL,VNSTOCK_BRONZE
HIO,LATEST,income_statement,order,12.0,ACTUAL,VNSTOCK_BRONZE
HIO,LATEST,income_statement,level,1.0,ACTUAL,VNSTOCK_BRONZE
HIO,LATEST,income_statement,value,4095618342.0,ACTUAL,VNSTOCK_BRONZE
HIO,LATEST,income_statement,order,13.0,ACTUAL,VNSTOCK_BRONZE
HIO,LATEST,income_statement,level,1.0,ACTUAL,VNSTOCK_BRONZE
HIO,LATEST,income_statement,value,524257.0,ACTUAL,VNSTOCK_BRONZE
HIO,LATEST,income_statement,order,14.0,ACTUAL,VNSTOCK_BRONZE
HIO,LATEST,income_statement,level,2.0,ACTUAL,VNSTOCK_BRONZE
HIO,LATEST,income_statement,value,529300.0,ACTUAL,VNSTOCK_BRONZE
HIO,LATEST,income_statement,order,15.0,ACTUAL,VNSTOCK_BRONZE
HIO,LATEST,income_statement,level,2.0,ACTUAL,VNSTOCK_BRONZE
HIO,LATEST,income_statement,value,-5043.0,ACTUAL,VNSTOCK_BRONZE
HIO,LATEST,income_statement,order,16.0,ACTUAL,VNSTOCK_BRONZE
HIO,LATEST,income_statement,level,1.0,ACTUAL,VNSTOCK_BRONZE
HIO,LATEST,income_statement,value,0.0,ACTUAL,VNSTOCK_BRONZE
HIO,LATEST,income_statement,order,17.0,ACTUAL,VNSTOCK_BRONZE
HIO,LATEST,income_statement,level,1.0,ACTUAL,VNSTOCK_BRONZE
HIO,LATEST,income_statement,value,4096142599.0,ACTUAL,VNSTOCK_BRONZE
HIO,LATEST,income_statement,order,18.0,ACTUAL,VNSTOCK_BRONZE
HIO,LATEST,income_statement,level,1.0,ACTUAL,VNSTOCK_BRONZE
HIO,LATEST,income_statement,value,-695801003.0,ACTUAL,VNSTOCK_BRONZE
HIO,LATEST,income_statement,order,19.0,ACTUAL,VNSTOCK_BRONZE
HIO,LATEST,income_statement,level,2.0,ACTUAL,VNSTOCK_BRONZE
HIO,LATEST,income_statement,value,-498459576.0,ACTUAL,VNSTOCK_BRONZE
HIO,LATEST,income_statement,order,20.0,ACTUAL,VNSTOCK_BRONZE
HIO,LATEST,income_statement,level,2.0,ACTUAL,VNSTOCK_BRONZE
HIO,LATEST,income_statement,value,-197341427.0,ACTUAL,VNSTOCK_BRONZE
HIO,LATEST,income_statement,order,21.0,ACTUAL,VNSTOCK_BRONZE
HIO,LATEST,income_statement,level,1.0,ACTUAL,VNSTOCK_BRONZE
HIO,LATEST,income_statement,value,3400341596.0,ACTUAL,VNSTOCK_BRONZE
HIO,LATEST,income_statement,order,22.0,ACTUAL,VNSTOCK_BRONZE
HIO,LATEST,income_statement,level,1.0,ACTUAL,VNSTOCK_BRONZE
HIO,LATEST,income_statement,value,0.0,ACTUAL,VNSTOCK_BRONZE
HIO,LATEST,income_statement,order,23.0,ACTUAL,VNSTOCK_BRONZE
HIO,LATEST,income_statement,level,1.0,ACTUAL,VNSTOCK_BRONZE
HIO,LATEST,income_statement,value,3400341596.0,ACTUAL,VNSTOCK_BRONZE
HIO,LATEST,income_statement,order,24.0,ACTUAL,VNSTOCK_BRONZE
HIO,LATEST,income_statement,level,1.0,ACTUAL,VNSTOCK_BRONZE
HIO,LATEST,income_statement,value,0.0,ACTUAL,VNSTOCK_BRONZE
HIO,LATEST,income_statement,order,25.0,ACTUAL,VNSTOCK_BRONZE
HIO,LATEST,income_statement,level,1.0,ACTUAL,VNSTOCK_BRONZE
HIO,LATEST,income_statement,value,162.0,ACTUAL,VNSTOCK_BRONZE
HIO,LATEST,income_statement,order,1.0,ACTUAL,VNSTOCK_BRONZE
HIO,LATEST,income_statement,level,1.0,ACTUAL,VNSTOCK_BRONZE
HIO,LATEST,income_statement,value,30728860135.0,ACTUAL,VNSTOCK_BRONZE
HIO,LATEST,income_statement,order,2.0,ACTUAL,VNSTOCK_BRONZE
HIO,LATEST,income_statement,level,1.0,ACTUAL,VNSTOCK_BRONZE
HIO,LATEST,income_statement,value,-0.0,ACTUAL,VNSTOCK_BRONZE
HIO,LATEST,income_statement,order,3.0,ACTUAL,VNSTOCK_BRONZE
HIO,LATEST,income_statement,level,1.0,ACTUAL,VNSTOCK_BRONZE
HIO,LATEST,income_statement,value,30728860135.0,ACTUAL,VNSTOCK_BRONZE
HIO,LATEST,income_statement,order,4.0,ACTUAL,VNSTOCK_BRONZE
HIO,LATEST,income_statement,level,1.0,ACTUAL,VNSTOCK_BRONZE
HIO,LATEST,income_statement,value,-17232140811.0,ACTUAL,VNSTOCK_BRONZE
HIO,LATEST,income_statement,order,5.0,ACTUAL,VNSTOCK_BRONZE
HIO,LATEST,income_statement,level,1.0,ACTUAL,VNSTOCK_BRONZE
HIO,LATEST,income_statement,value,13496719324.0,ACTUAL,VNSTOCK_BRONZE
HIO,LATEST,income_statement,order,6.0,ACTUAL,VNSTOCK_BRONZE
HIO,LATEST,income_statement,level,1.0,ACTUAL,VNSTOCK_BRONZE
HIO,LATEST,income_statement,value,6405876.0,ACTUAL,VNSTOCK_BRONZE
HIO,LATEST,income_statement,order,7.0,ACTUAL,VNSTOCK_BRONZE
HIO,LATEST,income_statement,level,1.0,ACTUAL,VNSTOCK_BRONZE
HIO,LATEST,income_statement,value,-4175733380.0,ACTUAL,VNSTOCK_BRONZE
HIO,LATEST,income_statement,order,8.0,ACTUAL,VNSTOCK_BRONZE
HIO,LATEST,income_statement,level,2.0,ACTUAL,VNSTOCK_BRONZE
HIO,LATEST,income_statement,value,-4015586239.0,ACTUAL,VNSTOCK_BRONZE
HIO,LATEST,income_statement,order,9.0,ACTUAL,VNSTOCK_BRONZE
HIO,LATEST,income_statement,level,1.0,ACTUAL,VNSTOCK_BRONZE
HIO,LATEST,income_statement,value,213364782.0,ACTUAL,VNSTOCK_BRONZE
HIO,LATEST,income_statement,order,10.0,ACTUAL,VNSTOCK_BRONZE
HIO,LATEST,income_statement,level,1.0,ACTUAL,VNSTOCK_BRONZE
HIO,LATEST,income_statement,value,-0.0,ACTUAL,VNSTOCK_BRONZE
HIO,LATEST,income_statement,order,11.0,ACTUAL,VNSTOCK_BRONZE
HIO,LATEST,income_statement,level,1.0,ACTUAL,VNSTOCK_BRONZE
HIO,LATEST,income_statement,value,-2107135871.0,ACTUAL,VNSTOCK_BRONZE
HIO,LATEST,income_statement,order,12.0,ACTUAL,VNSTOCK_BRONZE
HIO,LATEST,income_statement,level,1.0,ACTUAL,VNSTOCK_BRONZE
HIO,LATEST,income_statement,value,7433620731.0,ACTUAL,VNSTOCK_BRONZE
HIO,LATEST,income_statement,order,13.0,ACTUAL,VNSTOCK_BRONZE
HIO,LATEST,income_statement,level,1.0,ACTUAL,VNSTOCK_BRONZE
HIO,LATEST,income_statement,value,274398568.0,ACTUAL,VNSTOCK_BRONZE
HIO,LATEST,income_statement,order,14.0,ACTUAL,VNSTOCK_BRONZE
HIO,LATEST,income_statement,level,2.0,ACTUAL,VNSTOCK_BRONZE
HIO,LATEST,income_statement,value,346330657.0,ACTUAL,VNSTOCK_BRONZE
HIO,LATEST,income_statement,order,15.0,ACTUAL,VNSTOCK_BRONZE
HIO,LATEST,income_statement,level,2.0,ACTUAL,VNSTOCK_BRONZE
HIO,LATEST,income_statement,value,-71932089.0,ACTUAL,VNSTOCK_BRONZE
HIO,LATEST,income_statement,order,16.0,ACTUAL,VNSTOCK_BRONZE
HIO,LATEST,income_statement,level,1.0,ACTUAL,VNSTOCK_BRONZE
HIO,LATEST,income_statement,value,0.0,ACTUAL,VNSTOCK_BRONZE
HIO,LATEST,income_statement,order,17.0,ACTUAL,VNSTOCK_BRONZE
HIO,LATEST,income_statement,level,1.0,ACTUAL,VNSTOCK_BRONZE
HIO,LATEST,income_statement,value,7708019299.0,ACTUAL,VNSTOCK_BRONZE
HIO,LATEST,income_statement,order,18.0,ACTUAL,VNSTOCK_BRONZE
HIO,LATEST,income_statement,level,1.0,ACTUAL,VNSTOCK_BRONZE
HIO,LATEST,income_statement,value,-1174083891.0,ACTUAL,VNSTOCK_BRONZE
HIO,LATEST,income_statement,order,19.0,ACTUAL,VNSTOCK_BRONZE
HIO,LATEST,income_statement,level,2.0,ACTUAL,VNSTOCK_BRONZE
HIO,LATEST,income_statement,value,-580595696.0,ACTUAL,VNSTOCK_BRONZE
HIO,LATEST,income_statement,order,20.0,ACTUAL,VNSTOCK_BRONZE
HIO,LATEST,income_statement,level,2.0,ACTUAL,VNSTOCK_BRONZE
HIO,LATEST,income_statement,value,-593488195.0,ACTUAL,VNSTOCK_BRONZE
HIO,LATEST,income_statement,order,21.0,ACTUAL,VNSTOCK_BRONZE
HIO,LATEST,income_statement,level,1.0,ACTUAL,VNSTOCK_BRONZE
HIO,LATEST,income_statement,value,6533935408.0,ACTUAL,VNSTOCK_BRONZE
HIO,LATEST,income_statement,order,22.0,ACTUAL,VNSTOCK_BRONZE
HIO,LATEST,income_statement,level,1.0,ACTUAL,VNSTOCK_BRONZE
HIO,LATEST,income_statement,value,0.0,ACTUAL,VNSTOCK_BRONZE
HIO,LATEST,income_statement,order,23.0,ACTUAL,VNSTOCK_BRONZE
HIO,LATEST,income_statement,level,1.0,ACTUAL,VNSTOCK_BRONZE
HIO,LATEST,income_statement,value,6533935408.0,ACTUAL,VNSTOCK_BRONZE
HIO,LATEST,income_statement,order,24.0,ACTUAL,VNSTOCK_BRONZE
HIO,LATEST,income_statement,level,1.0,ACTUAL,VNSTOCK_BRONZE
HIO,LATEST,income_statement,value,490.0,ACTUAL,VNSTOCK_BRONZE
HIO,LATEST,income_statement,order,25.0,ACTUAL,VNSTOCK_BRONZE
HIO,LATEST,income_statement,level,1.0,ACTUAL,VNSTOCK_BRONZE
HIO,LATEST,income_statement,value,311.0,ACTUAL,VNSTOCK_BRONZE
HIO,LATEST,income_statement,order,1.0,ACTUAL,VNSTOCK_BRONZE
HIO,LATEST,income_statement,level,1.0,ACTUAL,VNSTOCK_BRONZE
HIO,LATEST,income_statement,value,28944263670.0,ACTUAL,VNSTOCK_BRONZE
HIO,LATEST,income_statement,order,2.0,ACTUAL,VNSTOCK_BRONZE
HIO,LATEST,income_statement,level,1.0,ACTUAL,VNSTOCK_BRONZE
HIO,LATEST,income_statement,value,-0.0,ACTUAL,VNSTOCK_BRONZE
HIO,LATEST,income_statement,order,3.0,ACTUAL,VNSTOCK_BRONZE
HIO,LATEST,income_statement,level,1.0,ACTUAL,VNSTOCK_BRONZE
HIO,LATEST,income_statement,value,28944263670.0,ACTUAL,VNSTOCK_BRONZE
HIO,LATEST,income_statement,order,4.0,ACTUAL,VNSTOCK_BRONZE
HIO,LATEST,income_statement,level,1.0,ACTUAL,VNSTOCK_BRONZE
HIO,LATEST,income_statement,value,-17937976527.0,ACTUAL,VNSTOCK_BRONZE
HIO,LATEST,income_statement,order,5.0,ACTUAL,VNSTOCK_BRONZE
HIO,LATEST,income_statement,level,1.0,ACTUAL,VNSTOCK_BRONZE
HIO,LATEST,income_statement,value,11006287143.0,ACTUAL,VNSTOCK_BRONZE
HIO,LATEST,income_statement,order,6.0,ACTUAL,VNSTOCK_BRONZE
HIO,LATEST,income_statement,level,1.0,ACTUAL,VNSTOCK_BRONZE
HIO,LATEST,income_statement,value,8895245.0,ACTUAL,VNSTOCK_BRONZE
HIO,LATEST,income_statement,order,7.0,ACTUAL,VNSTOCK_BRONZE
HIO,LATEST,income_statement,level,1.0,ACTUAL,VNSTOCK_BRONZE
HIO,LATEST,income_statement,value,-4245185664.0,ACTUAL,VNSTOCK_BRONZE
HIO,LATEST,income_statement,order,8.0,ACTUAL,VNSTOCK_BRONZE
HIO,LATEST,income_statement,level,2.0,ACTUAL,VNSTOCK_BRONZE
HIO,LATEST,income_statement,value,-4214718523.0,ACTUAL,VNSTOCK_BRONZE
HIO,LATEST,income_statement,order,9.0,ACTUAL,VNSTOCK_BRONZE
HIO,LATEST,income_statement,level,1.0,ACTUAL,VNSTOCK_BRONZE
HIO,LATEST,income_statement,value,319368943.0,ACTUAL,VNSTOCK_BRONZE
HIO,LATEST,income_statement,order,10.0,ACTUAL,VNSTOCK_BRONZE
HIO,LATEST,income_statement,level,1.0,ACTUAL,VNSTOCK_BRONZE
HIO,LATEST,income_statement,value,-0.0,ACTUAL,VNSTOCK_BRONZE
HIO,LATEST,income_statement,order,11.0,ACTUAL,VNSTOCK_BRONZE
HIO,LATEST,income_statement,level,1.0,ACTUAL,VNSTOCK_BRONZE
HIO,LATEST,income_statement,value,-2757455133.0,ACTUAL,VNSTOCK_BRONZE
HIO,LATEST,income_statement,order,12.0,ACTUAL,VNSTOCK_BRONZE
HIO,LATEST,income_statement,level,1.0,ACTUAL,VNSTOCK_BRONZE
HIO,LATEST,income_statement,value,4331910534.0,ACTUAL,VNSTOCK_BRONZE
HIO,LATEST,income_statement,order,13.0,ACTUAL,VNSTOCK_BRONZE
HIO,LATEST,income_statement,level,1.0,ACTUAL,VNSTOCK_BRONZE
HIO,LATEST,income_statement,value,-15788189.0,ACTUAL,VNSTOCK_BRONZE
HIO,LATEST,income_statement,order,14.0,ACTUAL,VNSTOCK_BRONZE
HIO,LATEST,income_statement,level,2.0,ACTUAL,VNSTOCK_BRONZE
HIO,LATEST,income_statement,value,620855.0,ACTUAL,VNSTOCK_BRONZE
HIO,LATEST,income_statement,order,15.0,ACTUAL,VNSTOCK_BRONZE
HIO,LATEST,income_statement,level,2.0,ACTUAL,VNSTOCK_BRONZE
HIO,LATEST,income_statement,value,-16409044.0,ACTUAL,VNSTOCK_BRONZE
HIO,LATEST,income_statement,order,16.0,ACTUAL,VNSTOCK_BRONZE
HIO,LATEST,income_statement,level,1.0,ACTUAL,VNSTOCK_BRONZE
HIO,LATEST,income_statement,value,0.0,ACTUAL,VNSTOCK_BRONZE
HIO,LATEST,income_statement,order,17.0,ACTUAL,VNSTOCK_BRONZE
HIO,LATEST,income_statement,level,1.0,ACTUAL,VNSTOCK_BRONZE
HIO,LATEST,income_statement,value,4316122345.0,ACTUAL,VNSTOCK_BRONZE
HIO,LATEST,income_statement,order,18.0,ACTUAL,VNSTOCK_BRONZE
HIO,LATEST,income_statement,level,1.0,ACTUAL,VNSTOCK_BRONZE
HIO,LATEST,income_statement,value,-555559129.0,ACTUAL,VNSTOCK_BRONZE
HIO,LATEST,income_statement,order,19.0,ACTUAL,VNSTOCK_BRONZE
HIO,LATEST,income_statement,level,2.0,ACTUAL,VNSTOCK_BRONZE
HIO,LATEST,income_statement,value,-461072237.0,ACTUAL,VNSTOCK_BRONZE
HIO,LATEST,income_statement,order,20.0,ACTUAL,VNSTOCK_BRONZE
HIO,LATEST,income_statement,level,2.0,ACTUAL,VNSTOCK_BRONZE
HIO,LATEST,income_statement,value,-94486892.0,ACTUAL,VNSTOCK_BRONZE
HIO,LATEST,income_statement,order,21.0,ACTUAL,VNSTOCK_BRONZE
HIO,LATEST,income_statement,level,1.0,ACTUAL,VNSTOCK_BRONZE
HIO,LATEST,income_statement,value,3760563216.0,ACTUAL,VNSTOCK_BRONZE
HIO,LATEST,income_statement,order,22.0,ACTUAL,VNSTOCK_BRONZE
HIO,LATEST,income_statement,level,1.0,ACTUAL,VNSTOCK_BRONZE
HIO,LATEST,income_statement,value,0.0,ACTUAL,VNSTOCK_BRONZE
HIO,LATEST,income_statement,order,23.0,ACTUAL,VNSTOCK_BRONZE
HIO,LATEST,income_statement,level,1.0,ACTUAL,VNSTOCK_BRONZE
HIO,LATEST,income_statement,value,3760563216.0,ACTUAL,VNSTOCK_BRONZE
HIO,LATEST,income_statement,order,24.0,ACTUAL,VNSTOCK_BRONZE
HIO,LATEST,income_statement,level,1.0,ACTUAL,VNSTOCK_BRONZE
HIO,LATEST,income_statement,value,0.0,ACTUAL,VNSTOCK_BRONZE
HIO,LATEST,income_statement,order,25.0,ACTUAL,VNSTOCK_BRONZE
HIO,LATEST,income_statement,level,1.0,ACTUAL,VNSTOCK_BRONZE
HIO,LATEST,income_statement,value,179.0,ACTUAL,VNSTOCK_BRONZE
HIO,LATEST,income_statement,order,1.0,ACTUAL,VNSTOCK_BRONZE
HIO,LATEST,income_statement,level,1.0,ACTUAL,VNSTOCK_BRONZE
HIO,LATEST,income_statement,value,24620113073.0,ACTUAL,VNSTOCK_BRONZE
HIO,LATEST,income_statement,order,2.0,ACTUAL,VNSTOCK_BRONZE
HIO,LATEST,income_statement,level,1.0,ACTUAL,VNSTOCK_BRONZE
HIO,LATEST,income_statement,value,-0.0,ACTUAL,VNSTOCK_BRONZE
HIO,LATEST,income_statement,order,3.0,ACTUAL,VNSTOCK_BRONZE
HIO,LATEST,income_statement,level,1.0,ACTUAL,VNSTOCK_BRONZE
HIO,LATEST,income_statement,value,24620113073.0,ACTUAL,VNSTOCK_BRONZE
HIO,LATEST,income_statement,order,4.0,ACTUAL,VNSTOCK_BRONZE
HIO,LATEST,income_statement,level,1.0,ACTUAL,VNSTOCK_BRONZE
HIO,LATEST,income_statement,value,-16508928185.0,ACTUAL,VNSTOCK_BRONZE
HIO,LATEST,income_statement,order,5.0,ACTUAL,VNSTOCK_BRONZE
HIO,LATEST,income_statement,level,1.0,ACTUAL,VNSTOCK_BRONZE
HIO,LATEST,income_statement,value,8111184888.0,ACTUAL,VNSTOCK_BRONZE
HIO,LATEST,income_statement,order,6.0,ACTUAL,VNSTOCK_BRONZE
HIO,LATEST,income_statement,level,1.0,ACTUAL,VNSTOCK_BRONZE
HIO,LATEST,income_statement,value,81447188.0,ACTUAL,VNSTOCK_BRONZE
HIO,LATEST,income_statement,order,7.0,ACTUAL,VNSTOCK_BRONZE
HIO,LATEST,income_statement,level,1.0,ACTUAL,VNSTOCK_BRONZE
HIO,LATEST,income_statement,value,-4965992437.0,ACTUAL,VNSTOCK_BRONZE
HIO,LATEST,income_statement,order,8.0,ACTUAL,VNSTOCK_BRONZE
HIO,LATEST,income_statement,level,2.0,ACTUAL,VNSTOCK_BRONZE
HIO,LATEST,income_statement,value,-4646845296.0,ACTUAL,VNSTOCK_BRONZE
HIO,LATEST,income_statement,order,9.0,ACTUAL,VNSTOCK_BRONZE
HIO,LATEST,income_statement,level,1.0,ACTUAL,VNSTOCK_BRONZE
HIO,LATEST,income_statement,value,39141404.0,ACTUAL,VNSTOCK_BRONZE
HIO,LATEST,income_statement,order,10.0,ACTUAL,VNSTOCK_BRONZE
HIO,LATEST,income_statement,level,1.0,ACTUAL,VNSTOCK_BRONZE
HIO,LATEST,income_statement,value,-0.0,ACTUAL,VNSTOCK_BRONZE
HIO,LATEST,income_statement,order,11.0,ACTUAL,VNSTOCK_BRONZE
HIO,LATEST,income_statement,level,1.0,ACTUAL,VNSTOCK_BRONZE
HIO,LATEST,income_statement,value,-2434835519.0,ACTUAL,VNSTOCK_BRONZE
HIO,LATEST,income_statement,order,12.0,ACTUAL,VNSTOCK_BRONZE
HIO,LATEST,income_statement,level,1.0,ACTUAL,VNSTOCK_BRONZE
HIO,LATEST,income_statement,value,830945524.0,ACTUAL,VNSTOCK_BRONZE
HIO,LATEST,income_statement,order,13.0,ACTUAL,VNSTOCK_BRONZE
HIO,LATEST,income_statement,level,1.0,ACTUAL,VNSTOCK_BRONZE
HIO,LATEST,income_statement,value,5347079546.0,ACTUAL,VNSTOCK_BRONZE
HIO,LATEST,income_statement,order,14.0,ACTUAL,VNSTOCK_BRONZE
HIO,LATEST,income_statement,level,2.0,ACTUAL,VNSTOCK_BRONZE
HIO,LATEST,income_statement,value,5354187251.0,ACTUAL,VNSTOCK_BRONZE
HIO,LATEST,income_statement,order,15.0,ACTUAL,VNSTOCK_BRONZE
HIO,LATEST,income_statement,level,2.0,ACTUAL,VNSTOCK_BRONZE
HIO,LATEST,income_statement,value,-7107705.0,ACTUAL,VNSTOCK_BRONZE
HIO,LATEST,income_statement,order,16.0,ACTUAL,VNSTOCK_BRONZE
HIO,LATEST,income_statement,level,1.0,ACTUAL,VNSTOCK_BRONZE
HIO,LATEST,income_statement,value,0.0,ACTUAL,VNSTOCK_BRONZE
HIO,LATEST,income_statement,order,17.0,ACTUAL,VNSTOCK_BRONZE
HIO,LATEST,income_statement,level,1.0,ACTUAL,VNSTOCK_BRONZE
HIO,LATEST,income_statement,value,6178025070.0,ACTUAL,VNSTOCK_BRONZE
HIO,LATEST,income_statement,order,18.0,ACTUAL,VNSTOCK_BRONZE
HIO,LATEST,income_statement,level,1.0,ACTUAL,VNSTOCK_BRONZE
HIO,LATEST,income_statement,value,-3691219822.0,ACTUAL,VNSTOCK_BRONZE
HIO,LATEST,income_statement,order,19.0,ACTUAL,VNSTOCK_BRONZE
HIO,LATEST,income_statement,level,2.0,ACTUAL,VNSTOCK_BRONZE
HIO,LATEST,income_statement,value,-4273257686.0,ACTUAL,VNSTOCK_BRONZE
HIO,LATEST,income_statement,order,20.0,ACTUAL,VNSTOCK_BRONZE
HIO,LATEST,income_statement,level,2.0,ACTUAL,VNSTOCK_BRONZE
HIO,LATEST,income_statement,value,582037864.0,ACTUAL,VNSTOCK_BRONZE
HIO,LATEST,income_statement,order,21.0,ACTUAL,VNSTOCK_BRONZE
HIO,LATEST,income_statement,level,1.0,ACTUAL,VNSTOCK_BRONZE
HIO,LATEST,income_statement,value,2486805248.0,ACTUAL,VNSTOCK_BRONZE
HIO,LATEST,income_statement,order,22.0,ACTUAL,VNSTOCK_BRONZE
HIO,LATEST,income_statement,level,1.0,ACTUAL,VNSTOCK_BRONZE
HIO,LATEST,income_statement,value,0.0,ACTUAL,VNSTOCK_BRONZE
HIO,LATEST,income_statement,order,23.0,ACTUAL,VNSTOCK_BRONZE
HIO,LATEST,income_statement,level,1.0,ACTUAL,VNSTOCK_BRONZE
HIO,LATEST,income_statement,value,2486805248.0,ACTUAL,VNSTOCK_BRONZE
HIO,LATEST,income_statement,order,24.0,ACTUAL,VNSTOCK_BRONZE
HIO,LATEST,income_statement,level,1.0,ACTUAL,VNSTOCK_BRONZE
HIO,LATEST,income_statement,value,119.0,ACTUAL,VNSTOCK_BRONZE
HIO,LATEST,income_statement,order,25.0,ACTUAL,VNSTOCK_BRONZE
HIO,LATEST,income_statement,level,1.0,ACTUAL,VNSTOCK_BRONZE
HIO,LATEST,income_statement,value,0.0,ACTUAL,VNSTOCK_BRONZE
HIO,LATEST,income_statement,order,1.0,ACTUAL,VNSTOCK_BRONZE
HIO,LATEST,income_statement,level,1.0,ACTUAL,VNSTOCK_BRONZE
HIO,LATEST,income_statement,value,29172411416.0,ACTUAL,VNSTOCK_BRONZE
HIO,LATEST,income_statement,order,2.0,ACTUAL,VNSTOCK_BRONZE
HIO,LATEST,income_statement,level,1.0,ACTUAL,VNSTOCK_BRONZE
HIO,LATEST,income_statement,value,-0.0,ACTUAL,VNSTOCK_BRONZE
HIO,LATEST,income_statement,order,3.0,ACTUAL,VNSTOCK_BRONZE
HIO,LATEST,income_statement,level,1.0,ACTUAL,VNSTOCK_BRONZE
HIO,LATEST,income_statement,value,29172411416.0,ACTUAL,VNSTOCK_BRONZE
HIO,LATEST,income_statement,order,4.0,ACTUAL,VNSTOCK_BRONZE
HIO,LATEST,income_statement,level,1.0,ACTUAL,VNSTOCK_BRONZE
HIO,LATEST,income_statement,value,-17039824161.0,ACTUAL,VNSTOCK_BRONZE
HIO,LATEST,income_statement,order,5.0,ACTUAL,VNSTOCK_BRONZE
HIO,LATEST,income_statement,level,1.0,ACTUAL,VNSTOCK_BRONZE
HIO,LATEST,income_statement,value,12132587255.0,ACTUAL,VNSTOCK_BRONZE
HIO,LATEST,income_statement,order,6.0,ACTUAL,VNSTOCK_BRONZE
HIO,LATEST,income_statement,level,1.0,ACTUAL,VNSTOCK_BRONZE
HIO,LATEST,income_statement,value,116158109.0,ACTUAL,VNSTOCK_BRONZE
HIO,LATEST,income_statement,order,7.0,ACTUAL,VNSTOCK_BRONZE
HIO,LATEST,income_statement,level,1.0,ACTUAL,VNSTOCK_BRONZE
HIO,LATEST,income_statement,value,-4833460552.0,ACTUAL,VNSTOCK_BRONZE
HIO,LATEST,income_statement,order,8.0,ACTUAL,VNSTOCK_BRONZE
HIO,LATEST,income_statement,level,2.0,ACTUAL,VNSTOCK_BRONZE
HIO,LATEST,income_statement,value,-4800209411.0,ACTUAL,VNSTOCK_BRONZE
HIO,LATEST,income_statement,order,9.0,ACTUAL,VNSTOCK_BRONZE
HIO,LATEST,income_statement,level,1.0,ACTUAL,VNSTOCK_BRONZE
HIO,LATEST,income_statement,value,76500281.0,ACTUAL,VNSTOCK_BRONZE
HIO,LATEST,income_statement,order,10.0,ACTUAL,VNSTOCK_BRONZE
HIO,LATEST,income_statement,level,1.0,ACTUAL,VNSTOCK_BRONZE
HIO,LATEST,income_statement,value,-0.0,ACTUAL,VNSTOCK_BRONZE
HIO,LATEST,income_statement,order,11.0,ACTUAL,VNSTOCK_BRONZE
HIO,LATEST,income_statement,level,1.0,ACTUAL,VNSTOCK_BRONZE
HIO,LATEST,income_statement,value,-1999648782.0,ACTUAL,VNSTOCK_BRONZE
HIO,LATEST,income_statement,order,12.0,ACTUAL,VNSTOCK_BRONZE
HIO,LATEST,income_statement,level,1.0,ACTUAL,VNSTOCK_BRONZE
HIO,LATEST,income_statement,value,5492136311.0,ACTUAL,VNSTOCK_BRONZE
HIO,LATEST,income_statement,order,13.0,ACTUAL,VNSTOCK_BRONZE
HIO,LATEST,income_statement,level,1.0,ACTUAL,VNSTOCK_BRONZE
HIO,LATEST,income_statement,value,-1034052322.0,ACTUAL,VNSTOCK_BRONZE
HIO,LATEST,income_statement,order,14.0,ACTUAL,VNSTOCK_BRONZE
HIO,LATEST,income_statement,level,2.0,ACTUAL,VNSTOCK_BRONZE
HIO,LATEST,income_statement,value,327697.0,ACTUAL,VNSTOCK_BRONZE
HIO,LATEST,income_statement,order,15.0,ACTUAL,VNSTOCK_BRONZE
HIO,LATEST,income_statement,level,2.0,ACTUAL,VNSTOCK_BRONZE
HIO,LATEST,income_statement,value,-1034380019.0,ACTUAL,VNSTOCK_BRONZE
HIO,LATEST,income_statement,order,16.0,ACTUAL,VNSTOCK_BRONZE
HIO,LATEST,income_statement,level,1.0,ACTUAL,VNSTOCK_BRONZE
HIO,LATEST,income_statement,value,0.0,ACTUAL,VNSTOCK_BRONZE
HIO,LATEST,income_statement,order,17.0,ACTUAL,VNSTOCK_BRONZE
HIO,LATEST,income_statement,level,1.0,ACTUAL,VNSTOCK_BRONZE
HIO,LATEST,income_statement,value,4458083989.0,ACTUAL,VNSTOCK_BRONZE
HIO,LATEST,income_statement,order,18.0,ACTUAL,VNSTOCK_BRONZE
HIO,LATEST,income_statement,level,1.0,ACTUAL,VNSTOCK_BRONZE
HIO,LATEST,income_statement,value,-1986876924.0,ACTUAL,VNSTOCK_BRONZE
HIO,LATEST,income_statement,order,19.0,ACTUAL,VNSTOCK_BRONZE
HIO,LATEST,income_statement,level,2.0,ACTUAL,VNSTOCK_BRONZE
HIO,LATEST,income_statement,value,-3841358596.0,ACTUAL,VNSTOCK_BRONZE
HIO,LATEST,income_statement,order,20.0,ACTUAL,VNSTOCK_BRONZE
HIO,LATEST,income_statement,level,2.0,ACTUAL,VNSTOCK_BRONZE
HIO,LATEST,income_statement,value,1854481672.0,ACTUAL,VNSTOCK_BRONZE
HIO,LATEST,income_statement,order,21.0,ACTUAL,VNSTOCK_BRONZE
HIO,LATEST,income_statement,level,1.0,ACTUAL,VNSTOCK_BRONZE
HIO,LATEST,income_statement,value,2471207065.0,ACTUAL,VNSTOCK_BRONZE
HIO,LATEST,income_statement,order,22.0,ACTUAL,VNSTOCK_BRONZE
HIO,LATEST,income_statement,level,1.0,ACTUAL,VNSTOCK_BRONZE
HIO,LATEST,income_statement,value,0.0,ACTUAL,VNSTOCK_BRONZE
HIO,LATEST,income_statement,order,23.0,ACTUAL,VNSTOCK_BRONZE
HIO,LATEST,income_statement,level,1.0,ACTUAL,VNSTOCK_BRONZE
HIO,LATEST,income_statement,value,2471207065.0,ACTUAL,VNSTOCK_BRONZE
HIO,LATEST,income_statement,order,24.0,ACTUAL,VNSTOCK_BRONZE
HIO,LATEST,income_statement,level,1.0,ACTUAL,VNSTOCK_BRONZE
HIO,LATEST,income_statement,value,118.0,ACTUAL,VNSTOCK_BRONZE
HIO,LATEST,income_statement,order,25.0,ACTUAL,VNSTOCK_BRONZE
HIO,LATEST,income_statement,level,1.0,ACTUAL,VNSTOCK_BRONZE
HIO,LATEST,income_statement,value,0.0,ACTUAL,VNSTOCK_BRONZE
HIO,LATEST,income_statement,order,1.0,ACTUAL,VNSTOCK_BRONZE
HIO,LATEST,income_statement,level,1.0,ACTUAL,VNSTOCK_BRONZE
HIO,LATEST,income_statement,value,32713416194.0,ACTUAL,VNSTOCK_BRONZE
HIO,LATEST,income_statement,order,2.0,ACTUAL,VNSTOCK_BRONZE
HIO,LATEST,income_statement,level,1.0,ACTUAL,VNSTOCK_BRONZE
HIO,LATEST,income_statement,value,-0.0,ACTUAL,VNSTOCK_BRONZE
HIO,LATEST,income_statement,order,3.0,ACTUAL,VNSTOCK_BRONZE
HIO,LATEST,income_statement,level,1.0,ACTUAL,VNSTOCK_BRONZE
HIO,LATEST,income_statement,value,32713416194.0,ACTUAL,VNSTOCK_BRONZE
HIO,LATEST,income_statement,order,4.0,ACTUAL,VNSTOCK_BRONZE
HIO,LATEST,income_statement,level,1.0,ACTUAL,VNSTOCK_BRONZE
HIO,LATEST,income_statement,value,-16560134845.0,ACTUAL,VNSTOCK_BRONZE
HIO,LATEST,income_statement,order,5.0,ACTUAL,VNSTOCK_BRONZE
HIO,LATEST,income_statement,level,1.0,ACTUAL,VNSTOCK_BRONZE
HIO,LATEST,income_statement,value,16153281349.0,ACTUAL,VNSTOCK_BRONZE
HIO,LATEST,income_statement,order,6.0,ACTUAL,VNSTOCK_BRONZE
HIO,LATEST,income_statement,level,1.0,ACTUAL,VNSTOCK_BRONZE
HIO,LATEST,income_statement,value,793297498.0,ACTUAL,VNSTOCK_BRONZE
HIO,LATEST,income_statement,order,7.0,ACTUAL,VNSTOCK_BRONZE
HIO,LATEST,income_statement,level,1.0,ACTUAL,VNSTOCK_BRONZE
HIO,LATEST,income_statement,value,-6286053549.0,ACTUAL,VNSTOCK_BRONZE
HIO,LATEST,income_statement,order,8.0,ACTUAL,VNSTOCK_BRONZE
HIO,LATEST,income_statement,level,2.0,ACTUAL,VNSTOCK_BRONZE
HIO,LATEST,income_statement,value,-6141906408.0,ACTUAL,VNSTOCK_BRONZE
HIO,LATEST,income_statement,order,9.0,ACTUAL,VNSTOCK_BRONZE
HIO,LATEST,income_statement,level,1.0,ACTUAL,VNSTOCK_BRONZE
HIO,LATEST,income_statement,value,210827466.0,ACTUAL,VNSTOCK_BRONZE
HIO,LATEST,income_statement,order,10.0,ACTUAL,VNSTOCK_BRONZE
HIO,LATEST,income_statement,level,1.0,ACTUAL,VNSTOCK_BRONZE
HIO,LATEST,income_statement,value,-0.0,ACTUAL,VNSTOCK_BRONZE
HIO,LATEST,income_statement,order,11.0,ACTUAL,VNSTOCK_BRONZE
HIO,LATEST,income_statement,level,1.0,ACTUAL,VNSTOCK_BRONZE
HIO,LATEST,income_statement,value,-1824294906.0,ACTUAL,VNSTOCK_BRONZE
HIO,LATEST,income_statement,order,12.0,ACTUAL,VNSTOCK_BRONZE
HIO,LATEST,income_statement,level,1.0,ACTUAL,VNSTOCK_BRONZE
HIO,LATEST,income_statement,value,9047057858.0,ACTUAL,VNSTOCK_BRONZE
HIO,LATEST,income_statement,order,13.0,ACTUAL,VNSTOCK_BRONZE
HIO,LATEST,income_statement,level,1.0,ACTUAL,VNSTOCK_BRONZE
HIO,LATEST,income_statement,value,-6474343.0,ACTUAL,VNSTOCK_BRONZE
HIO,LATEST,income_statement,order,14.0,ACTUAL,VNSTOCK_BRONZE
HIO,LATEST,income_statement,level,2.0,ACTUAL,VNSTOCK_BRONZE
HIO,LATEST,income_statement,value,86152115.0,ACTUAL,VNSTOCK_BRONZE
HIO,LATEST,income_statement,order,15.0,ACTUAL,VNSTOCK_BRONZE
HIO,LATEST,income_statement,level,2.0,ACTUAL,VNSTOCK_BRONZE
HIO,LATEST,income_statement,value,-92626458.0,ACTUAL,VNSTOCK_BRONZE
HIO,LATEST,income_statement,order,16.0,ACTUAL,VNSTOCK_BRONZE
HIO,LATEST,income_statement,level,1.0,ACTUAL,VNSTOCK_BRONZE
HIO,LATEST,income_statement,value,0.0,ACTUAL,VNSTOCK_BRONZE
HIO,LATEST,income_statement,order,17.0,ACTUAL,VNSTOCK_BRONZE
HIO,LATEST,income_statement,level,1.0,ACTUAL,VNSTOCK_BRONZE
HIO,LATEST,income_statement,value,9040583515.0,ACTUAL,VNSTOCK_BRONZE
HIO,LATEST,income_statement,order,18.0,ACTUAL,VNSTOCK_BRONZE
HIO,LATEST,income_statement,level,1.0,ACTUAL,VNSTOCK_BRONZE
HIO,LATEST,income_statement,value,-453095277.0,ACTUAL,VNSTOCK_BRONZE
HIO,LATEST,income_statement,order,19.0,ACTUAL,VNSTOCK_BRONZE
HIO,LATEST,income_statement,level,2.0,ACTUAL,VNSTOCK_BRONZE
HIO,LATEST,income_statement,value,-617565440.0,ACTUAL,VNSTOCK_BRONZE
HIO,LATEST,income_statement,order,20.0,ACTUAL,VNSTOCK_BRONZE
HIO,LATEST,income_statement,level,2.0,ACTUAL,VNSTOCK_BRONZE
HIO,LATEST,income_statement,value,164470163.0,ACTUAL,VNSTOCK_BRONZE
HIO,LATEST,income_statement,order,21.0,ACTUAL,VNSTOCK_BRONZE
HIO,LATEST,income_statement,level,1.0,ACTUAL,VNSTOCK_BRONZE
HIO,LATEST,income_statement,value,8587488238.0,ACTUAL,VNSTOCK_BRONZE
HIO,LATEST,income_statement,order,22.0,ACTUAL,VNSTOCK_BRONZE
HIO,LATEST,income_statement,level,1.0,ACTUAL,VNSTOCK_BRONZE
HIO,LATEST,income_statement,value,0.0,ACTUAL,VNSTOCK_BRONZE
HIO,LATEST,income_statement,order,23.0,ACTUAL,VNSTOCK_BRONZE
HIO,LATEST,income_statement,level,1.0,ACTUAL,VNSTOCK_BRONZE
HIO,LATEST,income_statement,value,8587488238.0,ACTUAL,VNSTOCK_BRONZE
HIO,LATEST,income_statement,order,24.0,ACTUAL,VNSTOCK_BRONZE
HIO,LATEST,income_statement,level,1.0,ACTUAL,VNSTOCK_BRONZE
HIO,LATEST,income_statement,value,768.0,ACTUAL,VNSTOCK_BRONZE
HIO,LATEST,income_statement,order,25.0,ACTUAL,VNSTOCK_BRONZE
HIO,LATEST,income_statement,level,1.0,ACTUAL,VNSTOCK_BRONZE
HIO,LATEST,income_statement,value,409.0,ACTUAL,VNSTOCK_BRONZE
HIO,LATEST,income_statement,order,1.0,ACTUAL,VNSTOCK_BRONZE
HIO,LATEST,income_statement,level,1.0,ACTUAL,VNSTOCK_BRONZE
HIO,LATEST,income_statement,value,32793367844.0,ACTUAL,VNSTOCK_BRONZE
HIO,LATEST,income_statement,order,2.0,ACTUAL,VNSTOCK_BRONZE
HIO,LATEST,income_statement,level,1.0,ACTUAL,VNSTOCK_BRONZE
HIO,LATEST,income_statement,value,-0.0,ACTUAL,VNSTOCK_BRONZE
HIO,LATEST,income_statement,order,3.0,ACTUAL,VNSTOCK_BRONZE
HIO,LATEST,income_statement,level,1.0,ACTUAL,VNSTOCK_BRONZE
HIO,LATEST,income_statement,value,32793367844.0,ACTUAL,VNSTOCK_BRONZE
HIO,LATEST,income_statement,order,4.0,ACTUAL,VNSTOCK_BRONZE
HIO,LATEST,income_statement,level,1.0,ACTUAL,VNSTOCK_BRONZE
HIO,LATEST,income_statement,value,-17128217215.0,ACTUAL,VNSTOCK_BRONZE
HIO,LATEST,income_statement,order,5.0,ACTUAL,VNSTOCK_BRONZE
HIO,LATEST,income_statement,level,1.0,ACTUAL,VNSTOCK_BRONZE
HIO,LATEST,income_statement,value,15665150629.0,ACTUAL,VNSTOCK_BRONZE
HIO,LATEST,income_statement,order,6.0,ACTUAL,VNSTOCK_BRONZE
HIO,LATEST,income_statement,level,1.0,ACTUAL,VNSTOCK_BRONZE
HIO,LATEST,income_statement,value,2806372.0,ACTUAL,VNSTOCK_BRONZE
HIO,LATEST,income_statement,order,7.0,ACTUAL,VNSTOCK_BRONZE
HIO,LATEST,income_statement,level,1.0,ACTUAL,VNSTOCK_BRONZE
HIO,LATEST,income_statement,value,-6779467842.0,ACTUAL,VNSTOCK_BRONZE
HIO,LATEST,income_statement,order,8.0,ACTUAL,VNSTOCK_BRONZE
HIO,LATEST,income_statement,level,2.0,ACTUAL,VNSTOCK_BRONZE
HIO,LATEST,income_statement,value,-6748984701.0,ACTUAL,VNSTOCK_BRONZE
HIO,LATEST,income_statement,order,9.0,ACTUAL,VNSTOCK_BRONZE
HIO,LATEST,income_statement,level,1.0,ACTUAL,VNSTOCK_BRONZE
HIO,LATEST,income_statement,value,292768437.0,ACTUAL,VNSTOCK_BRONZE
HIO,LATEST,income_statement,order,10.0,ACTUAL,VNSTOCK_BRONZE
HIO,LATEST,income_statement,level,1.0,ACTUAL,VNSTOCK_BRONZE
HIO,LATEST,income_statement,value,-0.0,ACTUAL,VNSTOCK_BRONZE
HIO,LATEST,income_statement,order,11.0,ACTUAL,VNSTOCK_BRONZE
HIO,LATEST,income_statement,level,1.0,ACTUAL,VNSTOCK_BRONZE
HIO,LATEST,income_statement,value,-1682342783.0,ACTUAL,VNSTOCK_BRONZE
HIO,LATEST,income_statement,order,12.0,ACTUAL,VNSTOCK_BRONZE
HIO,LATEST,income_statement,level,1.0,ACTUAL,VNSTOCK_BRONZE
HIO,LATEST,income_statement,value,7498914813.0,ACTUAL,VNSTOCK_BRONZE
HIO,LATEST,income_statement,order,13.0,ACTUAL,VNSTOCK_BRONZE
HIO,LATEST,income_statement,level,1.0,ACTUAL,VNSTOCK_BRONZE
HIO,LATEST,income_statement,value,212087993.0,ACTUAL,VNSTOCK_BRONZE
HIO,LATEST,income_statement,order,14.0,ACTUAL,VNSTOCK_BRONZE
HIO,LATEST,income_statement,level,2.0,ACTUAL,VNSTOCK_BRONZE
HIO,LATEST,income_statement,value,315215358.0,ACTUAL,VNSTOCK_BRONZE
HIO,LATEST,income_statement,order,15.0,ACTUAL,VNSTOCK_BRONZE
HIO,LATEST,income_statement,level,2.0,ACTUAL,VNSTOCK_BRONZE
HIO,LATEST,income_statement,value,-103127365.0,ACTUAL,VNSTOCK_BRONZE
HIO,LATEST,income_statement,order,16.0,ACTUAL,VNSTOCK_BRONZE
HIO,LATEST,income_statement,level,1.0,ACTUAL,VNSTOCK_BRONZE
HIO,LATEST,income_statement,value,0.0,ACTUAL,VNSTOCK_BRONZE
HIO,LATEST,income_statement,order,17.0,ACTUAL,VNSTOCK_BRONZE
HIO,LATEST,income_statement,level,1.0,ACTUAL,VNSTOCK_BRONZE
HIO,LATEST,income_statement,value,7711002806.0,ACTUAL,VNSTOCK_BRONZE
HIO,LATEST,income_statement,order,18.0,ACTUAL,VNSTOCK_BRONZE
HIO,LATEST,income_statement,level,1.0,ACTUAL,VNSTOCK_BRONZE
HIO,LATEST,income_statement,value,-177742377.0,ACTUAL,VNSTOCK_BRONZE
HIO,LATEST,income_statement,order,19.0,ACTUAL,VNSTOCK_BRONZE
HIO,LATEST,income_statement,level,2.0,ACTUAL,VNSTOCK_BRONZE
HIO,LATEST,income_statement,value,-402617723.0,ACTUAL,VNSTOCK_BRONZE
HIO,LATEST,income_statement,order,20.0,ACTUAL,VNSTOCK_BRONZE
HIO,LATEST,income_statement,level,2.0,ACTUAL,VNSTOCK_BRONZE
HIO,LATEST,income_statement,value,224875346.0,ACTUAL,VNSTOCK_BRONZE
HIO,LATEST,income_statement,order,21.0,ACTUAL,VNSTOCK_BRONZE
HIO,LATEST,income_statement,level,1.0,ACTUAL,VNSTOCK_BRONZE
HIO,LATEST,income_statement,value,7533260429.0,ACTUAL,VNSTOCK_BRONZE
HIO,LATEST,income_statement,order,22.0,ACTUAL,VNSTOCK_BRONZE
HIO,LATEST,income_statement,level,1.0,ACTUAL,VNSTOCK_BRONZE
HIO,LATEST,income_statement,value,0.0,ACTUAL,VNSTOCK_BRONZE
HIO,LATEST,income_statement,order,23.0,ACTUAL,VNSTOCK_BRONZE
HIO,LATEST,income_statement,level,1.0,ACTUAL,VNSTOCK_BRONZE
HIO,LATEST,income_statement,value,7533260429.0,ACTUAL,VNSTOCK_BRONZE
HIO,LATEST,income_statement,order,24.0,ACTUAL,VNSTOCK_BRONZE
HIO,LATEST,income_statement,level,1.0,ACTUAL,VNSTOCK_BRONZE
HIO,LATEST,income_statement,value,0.0,ACTUAL,VNSTOCK_BRONZE
HIO,LATEST,income_statement,order,25.0,ACTUAL,VNSTOCK_BRONZE
HIO,LATEST,income_statement,level,1.0,ACTUAL,VNSTOCK_BRONZE
HIO,LATEST,income_statement,value,359.0,ACTUAL,VNSTOCK_BRONZE
HIO,LATEST,income_statement,order,1.0,ACTUAL,VNSTOCK_BRONZE
HIO,LATEST,income_statement,level,1.0,ACTUAL,VNSTOCK_BRONZE
HIO,LATEST,income_statement,value,28472680099.0,ACTUAL,VNSTOCK_BRONZE
HIO,LATEST,income_statement,order,2.0,ACTUAL,VNSTOCK_BRONZE
HIO,LATEST,income_statement,level,1.0,ACTUAL,VNSTOCK_BRONZE
HIO,LATEST,income_statement,value,-0.0,ACTUAL,VNSTOCK_BRONZE
HIO,LATEST,income_statement,order,3.0,ACTUAL,VNSTOCK_BRONZE
HIO,LATEST,income_statement,level,1.0,ACTUAL,VNSTOCK_BRONZE
HIO,LATEST,income_statement,value,28472680099.0,ACTUAL,VNSTOCK_BRONZE
HIO,LATEST,income_statement,order,4.0,ACTUAL,VNSTOCK_BRONZE
HIO,LATEST,income_statement,level,1.0,ACTUAL,VNSTOCK_BRONZE
HIO,LATEST,income_statement,value,-17681410651.0,ACTUAL,VNSTOCK_BRONZE
HIO,LATEST,income_statement,order,5.0,ACTUAL,VNSTOCK_BRONZE
HIO,LATEST,income_statement,level,1.0,ACTUAL,VNSTOCK_BRONZE
HIO,LATEST,income_statement,value,10791269448.0,ACTUAL,VNSTOCK_BRONZE
HIO,LATEST,income_statement,order,6.0,ACTUAL,VNSTOCK_BRONZE
HIO,LATEST,income_statement,level,1.0,ACTUAL,VNSTOCK_BRONZE
HIO,LATEST,income_statement,value,381786455.0,ACTUAL,VNSTOCK_BRONZE
HIO,LATEST,income_statement,order,7.0,ACTUAL,VNSTOCK_BRONZE
HIO,LATEST,income_statement,level,1.0,ACTUAL,VNSTOCK_BRONZE
HIO,LATEST,income_statement,value,-7473566153.0,ACTUAL,VNSTOCK_BRONZE
HIO,LATEST,income_statement,order,8.0,ACTUAL,VNSTOCK_BRONZE
HIO,LATEST,income_statement,level,2.0,ACTUAL,VNSTOCK_BRONZE
HIO,LATEST,income_statement,value,-7425726202.0,ACTUAL,VNSTOCK_BRONZE
HIO,LATEST,income_statement,order,9.0,ACTUAL,VNSTOCK_BRONZE
HIO,LATEST,income_statement,level,1.0,ACTUAL,VNSTOCK_BRONZE
HIO,LATEST,income_statement,value,-30207956.0,ACTUAL,VNSTOCK_BRONZE
HIO,LATEST,income_statement,order,10.0,ACTUAL,VNSTOCK_BRONZE
HIO,LATEST,income_statement,level,1.0,ACTUAL,VNSTOCK_BRONZE
HIO,LATEST,income_statement,value,-0.0,ACTUAL,VNSTOCK_BRONZE
HIO,LATEST,income_statement,order,11.0,ACTUAL,VNSTOCK_BRONZE
HIO,LATEST,income_statement,level,1.0,ACTUAL,VNSTOCK_BRONZE
HIO,LATEST,income_statement,value,-3018028701.0,ACTUAL,VNSTOCK_BRONZE
HIO,LATEST,income_statement,order,12.0,ACTUAL,VNSTOCK_BRONZE
HIO,LATEST,income_statement,level,1.0,ACTUAL,VNSTOCK_BRONZE
HIO,LATEST,income_statement,value,651253093.0,ACTUAL,VNSTOCK_BRONZE
HIO,LATEST,income_statement,order,13.0,ACTUAL,VNSTOCK_BRONZE
HIO,LATEST,income_statement,level,1.0,ACTUAL,VNSTOCK_BRONZE
HIO,LATEST,income_statement,value,582359888.0,ACTUAL,VNSTOCK_BRONZE
HIO,LATEST,income_statement,order,14.0,ACTUAL,VNSTOCK_BRONZE
HIO,LATEST,income_statement,level,2.0,ACTUAL,VNSTOCK_BRONZE
HIO,LATEST,income_statement,value,800405715.0,ACTUAL,VNSTOCK_BRONZE
HIO,LATEST,income_statement,order,15.0,ACTUAL,VNSTOCK_BRONZE
HIO,LATEST,income_statement,level,2.0,ACTUAL,VNSTOCK_BRONZE
HIO,LATEST,income_statement,value,-218045827.0,ACTUAL,VNSTOCK_BRONZE
HIO,LATEST,income_statement,order,16.0,ACTUAL,VNSTOCK_BRONZE
HIO,LATEST,income_statement,level,1.0,ACTUAL,VNSTOCK_BRONZE
HIO,LATEST,income_statement,value,0.0,ACTUAL,VNSTOCK_BRONZE
HIO,LATEST,income_statement,order,17.0,ACTUAL,VNSTOCK_BRONZE
HIO,LATEST,income_statement,level,1.0,ACTUAL,VNSTOCK_BRONZE
HIO,LATEST,income_statement,value,1233612981.0,ACTUAL,VNSTOCK_BRONZE
HIO,LATEST,income_statement,order,18.0,ACTUAL,VNSTOCK_BRONZE
HIO,LATEST,income_statement,level,1.0,ACTUAL,VNSTOCK_BRONZE
HIO,LATEST,income_statement,value,-353321637.0,ACTUAL,VNSTOCK_BRONZE
HIO,LATEST,income_statement,order,19.0,ACTUAL,VNSTOCK_BRONZE
HIO,LATEST,income_statement,level,2.0,ACTUAL,VNSTOCK_BRONZE
HIO,LATEST,income_statement,value,-371169406.0,ACTUAL,VNSTOCK_BRONZE
HIO,LATEST,income_statement,order,20.0,ACTUAL,VNSTOCK_BRONZE
HIO,LATEST,income_statement,level,2.0,ACTUAL,VNSTOCK_BRONZE
HIO,LATEST,income_statement,value,17847769.0,ACTUAL,VNSTOCK_BRONZE
HIO,LATEST,income_statement,order,21.0,ACTUAL,VNSTOCK_BRONZE
HIO,LATEST,income_statement,level,1.0,ACTUAL,VNSTOCK_BRONZE
HIO,LATEST,income_statement,value,880291344.0,ACTUAL,VNSTOCK_BRONZE
HIO,LATEST,income_statement,order,22.0,ACTUAL,VNSTOCK_BRONZE
HIO,LATEST,income_statement,level,1.0,ACTUAL,VNSTOCK_BRONZE
HIO,LATEST,income_statement,value,0.0,ACTUAL,VNSTOCK_BRONZE
HIO,LATEST,income_statement,order,23.0,ACTUAL,VNSTOCK_BRONZE
HIO,LATEST,income_statement,level,1.0,ACTUAL,VNSTOCK_BRONZE
HIO,LATEST,income_statement,value,880291344.0,ACTUAL,VNSTOCK_BRONZE
HIO,LATEST,income_statement,order,24.0,ACTUAL,VNSTOCK_BRONZE
HIO,LATEST,income_statement,level,1.0,ACTUAL,VNSTOCK_BRONZE
HIO,LATEST,income_statement,value,0.0,ACTUAL,VNSTOCK_BRONZE
HIO,LATEST,income_statement,order,25.0,ACTUAL,VNSTOCK_BRONZE
HIO,LATEST,income_statement,level,1.0,ACTUAL,VNSTOCK_BRONZE
HIO,LATEST,income_statement,value,42.0,ACTUAL,VNSTOCK_BRONZE
HIO,LATEST,income_statement,order,1.0,ACTUAL,VNSTOCK_BRONZE
HIO,LATEST,income_statement,level,1.0,ACTUAL,VNSTOCK_BRONZE
HIO,LATEST,income_statement,value,31111457719.0,ACTUAL,VNSTOCK_BRONZE
HIO,LATEST,income_statement,order,2.0,ACTUAL,VNSTOCK_BRONZE
HIO,LATEST,income_statement,level,1.0,ACTUAL,VNSTOCK_BRONZE
HIO,LATEST,income_statement,value,-0.0,ACTUAL,VNSTOCK_BRONZE
HIO,LATEST,income_statement,order,3.0,ACTUAL,VNSTOCK_BRONZE
HIO,LATEST,income_statement,level,1.0,ACTUAL,VNSTOCK_BRONZE
HIO,LATEST,income_statement,value,31111457719.0,ACTUAL,VNSTOCK_BRONZE
HIO,LATEST,income_statement,order,4.0,ACTUAL,VNSTOCK_BRONZE
HIO,LATEST,income_statement,level,1.0,ACTUAL,VNSTOCK_BRONZE
HIO,LATEST,income_statement,value,-17363126259.0,ACTUAL,VNSTOCK_BRONZE
HIO,LATEST,income_statement,order,5.0,ACTUAL,VNSTOCK_BRONZE
HIO,LATEST,income_statement,level,1.0,ACTUAL,VNSTOCK_BRONZE
HIO,LATEST,income_statement,value,13748331460.0,ACTUAL,VNSTOCK_BRONZE
HIO,LATEST,income_statement,order,6.0,ACTUAL,VNSTOCK_BRONZE
HIO,LATEST,income_statement,level,1.0,ACTUAL,VNSTOCK_BRONZE
HIO,LATEST,income_statement,value,655110062.0,ACTUAL,VNSTOCK_BRONZE
HIO,LATEST,income_statement,order,7.0,ACTUAL,VNSTOCK_BRONZE
HIO,LATEST,income_statement,level,1.0,ACTUAL,VNSTOCK_BRONZE
HIO,LATEST,income_statement,value,-8675563296.0,ACTUAL,VNSTOCK_BRONZE
HIO,LATEST,income_statement,order,8.0,ACTUAL,VNSTOCK_BRONZE
HIO,LATEST,income_statement,level,2.0,ACTUAL,VNSTOCK_BRONZE
HIO,LATEST,income_statement,value,-8675563296.0,ACTUAL,VNSTOCK_BRONZE
HIO,LATEST,income_statement,order,9.0,ACTUAL,VNSTOCK_BRONZE
HIO,LATEST,income_statement,level,1.0,ACTUAL,VNSTOCK_BRONZE
HIO,LATEST,income_statement,value,-51617328.0,ACTUAL,VNSTOCK_BRONZE
HIO,LATEST,income_statement,order,10.0,ACTUAL,VNSTOCK_BRONZE
HIO,LATEST,income_statement,level,1.0,ACTUAL,VNSTOCK_BRONZE
HIO,LATEST,income_statement,value,-0.0,ACTUAL,VNSTOCK_BRONZE
HIO,LATEST,income_statement,order,11.0,ACTUAL,VNSTOCK_BRONZE
HIO,LATEST,income_statement,level,1.0,ACTUAL,VNSTOCK_BRONZE
HIO,LATEST,income_statement,value,-1655290045.0,ACTUAL,VNSTOCK_BRONZE
HIO,LATEST,income_statement,order,12.0,ACTUAL,VNSTOCK_BRONZE
HIO,LATEST,income_statement,level,1.0,ACTUAL,VNSTOCK_BRONZE
HIO,LATEST,income_statement,value,4020970853.0,ACTUAL,VNSTOCK_BRONZE
HIO,LATEST,income_statement,order,13.0,ACTUAL,VNSTOCK_BRONZE
HIO,LATEST,income_statement,level,1.0,ACTUAL,VNSTOCK_BRONZE
HIO,LATEST,income_statement,value,-383869298.0,ACTUAL,VNSTOCK_BRONZE
HIO,LATEST,income_statement,order,14.0,ACTUAL,VNSTOCK_BRONZE
HIO,LATEST,income_statement,level,2.0,ACTUAL,VNSTOCK_BRONZE
HIO,LATEST,income_statement,value,384048083.0,ACTUAL,VNSTOCK_BRONZE
HIO,LATEST,income_statement,order,15.0,ACTUAL,VNSTOCK_BRONZE
HIO,LATEST,income_statement,level,2.0,ACTUAL,VNSTOCK_BRONZE
HIO,LATEST,income_statement,value,-767917381.0,ACTUAL,VNSTOCK_BRONZE
HIO,LATEST,income_statement,order,16.0,ACTUAL,VNSTOCK_BRONZE
HIO,LATEST,income_statement,level,1.0,ACTUAL,VNSTOCK_BRONZE
HIO,LATEST,income_statement,value,0.0,ACTUAL,VNSTOCK_BRONZE
HIO,LATEST,income_statement,order,17.0,ACTUAL,VNSTOCK_BRONZE
HIO,LATEST,income_statement,level,1.0,ACTUAL,VNSTOCK_BRONZE
HIO,LATEST,income_statement,value,3637101555.0,ACTUAL,VNSTOCK_BRONZE
HIO,LATEST,income_statement,order,18.0,ACTUAL,VNSTOCK_BRONZE
HIO,LATEST,income_statement,level,1.0,ACTUAL,VNSTOCK_BRONZE
HIO,LATEST,income_statement,value,-638402111.0,ACTUAL,VNSTOCK_BRONZE
HIO,LATEST,income_statement,order,19.0,ACTUAL,VNSTOCK_BRONZE
HIO,LATEST,income_statement,level,2.0,ACTUAL,VNSTOCK_BRONZE
HIO,LATEST,income_statement,value,-354204715.0,ACTUAL,VNSTOCK_BRONZE
HIO,LATEST,income_statement,order,20.0,ACTUAL,VNSTOCK_BRONZE
HIO,LATEST,income_statement,level,2.0,ACTUAL,VNSTOCK_BRONZE
HIO,LATEST,income_statement,value,-284197396.0,ACTUAL,VNSTOCK_BRONZE
HIO,LATEST,income_statement,order,21.0,ACTUAL,VNSTOCK_BRONZE
HIO,LATEST,income_statement,level,1.0,ACTUAL,VNSTOCK_BRONZE
HIO,LATEST,income_statement,value,2998699444.0,ACTUAL,VNSTOCK_BRONZE
HIO,LATEST,income_statement,order,22.0,ACTUAL,VNSTOCK_BRONZE
HIO,LATEST,income_statement,level,1.0,ACTUAL,VNSTOCK_BRONZE
HIO,LATEST,income_statement,value,0.0,ACTUAL,VNSTOCK_BRONZE
HIO,LATEST,income_statement,order,23.0,ACTUAL,VNSTOCK_BRONZE
HIO,LATEST,income_statement,level,1.0,ACTUAL,VNSTOCK_BRONZE
HIO,LATEST,income_statement,value,2998699444.0,ACTUAL,VNSTOCK_BRONZE
HIO,LATEST,income_statement,order,24.0,ACTUAL,VNSTOCK_BRONZE
HIO,LATEST,income_statement,level,1.0,ACTUAL,VNSTOCK_BRONZE
HIO,LATEST,income_statement,value,0.0,ACTUAL,VNSTOCK_BRONZE
HIO,LATEST,income_statement,order,25.0,ACTUAL,VNSTOCK_BRONZE
HIO,LATEST,income_statement,level,1.0,ACTUAL,VNSTOCK_BRONZE
HIO,LATEST,income_statement,value,435.0,ACTUAL,VNSTOCK_BRONZE
HIO,LATEST,income_statement,order,1.0,ACTUAL,VNSTOCK_BRONZE
HIO,LATEST,income_statement,level,1.0,ACTUAL,VNSTOCK_BRONZE
HIO,LATEST,income_statement,value,32612559140.0,ACTUAL,VNSTOCK_BRONZE
HIO,LATEST,income_statement,order,2.0,ACTUAL,VNSTOCK_BRONZE
HIO,LATEST,income_statement,level,1.0,ACTUAL,VNSTOCK_BRONZE
HIO,LATEST,income_statement,value,-0.0,ACTUAL,VNSTOCK_BRONZE
HIO,LATEST,income_statement,order,3.0,ACTUAL,VNSTOCK_BRONZE
HIO,LATEST,income_statement,level,1.0,ACTUAL,VNSTOCK_BRONZE
HIO,LATEST,income_statement,value,32612559140.0,ACTUAL,VNSTOCK_BRONZE
HIO,LATEST,income_statement,order,4.0,ACTUAL,VNSTOCK_BRONZE
HIO,LATEST,income_statement,level,1.0,ACTUAL,VNSTOCK_BRONZE
HIO,LATEST,income_statement,value,-21528548001.0,ACTUAL,VNSTOCK_BRONZE
HIO,LATEST,income_statement,order,5.0,ACTUAL,VNSTOCK_BRONZE
HIO,LATEST,income_statement,level,1.0,ACTUAL,VNSTOCK_BRONZE
HIO,LATEST,income_statement,value,11084011139.0,ACTUAL,VNSTOCK_BRONZE
HIO,LATEST,income_statement,order,6.0,ACTUAL,VNSTOCK_BRONZE
HIO,LATEST,income_statement,level,1.0,ACTUAL,VNSTOCK_BRONZE
HIO,LATEST,income_statement,value,791107806.0,ACTUAL,VNSTOCK_BRONZE
HIO,LATEST,income_statement,order,7.0,ACTUAL,VNSTOCK_BRONZE
HIO,LATEST,income_statement,level,1.0,ACTUAL,VNSTOCK_BRONZE
HIO,LATEST,income_statement,value,-9210122523.0,ACTUAL,VNSTOCK_BRONZE
HIO,LATEST,income_statement,order,8.0,ACTUAL,VNSTOCK_BRONZE
HIO,LATEST,income_statement,level,2.0,ACTUAL,VNSTOCK_BRONZE
HIO,LATEST,income_statement,value,-9198304341.0,ACTUAL,VNSTOCK_BRONZE
HIO,LATEST,income_statement,order,9.0,ACTUAL,VNSTOCK_BRONZE
HIO,LATEST,income_statement,level,1.0,ACTUAL,VNSTOCK_BRONZE
HIO,LATEST,income_statement,value,-68649698.0,ACTUAL,VNSTOCK_BRONZE
HIO,LATEST,income_statement,order,10.0,ACTUAL,VNSTOCK_BRONZE
HIO,LATEST,income_statement,level,1.0,ACTUAL,VNSTOCK_BRONZE
HIO,LATEST,income_statement,value,-0.0,ACTUAL,VNSTOCK_BRONZE
HIO,LATEST,income_statement,order,11.0,ACTUAL,VNSTOCK_BRONZE
HIO,LATEST,income_statement,level,1.0,ACTUAL,VNSTOCK_BRONZE
HIO,LATEST,income_statement,value,-3280402072.0,ACTUAL,VNSTOCK_BRONZE
HIO,LATEST,income_statement,order,12.0,ACTUAL,VNSTOCK_BRONZE
HIO,LATEST,income_statement,level,1.0,ACTUAL,VNSTOCK_BRONZE
HIO,LATEST,income_statement,value,-684055348.0,ACTUAL,VNSTOCK_BRONZE
HIO,LATEST,income_statement,order,13.0,ACTUAL,VNSTOCK_BRONZE
HIO,LATEST,income_statement,level,1.0,ACTUAL,VNSTOCK_BRONZE
HIO,LATEST,income_statement,value,14563823.0,ACTUAL,VNSTOCK_BRONZE
HIO,LATEST,income_statement,order,14.0,ACTUAL,VNSTOCK_BRONZE
HIO,LATEST,income_statement,level,2.0,ACTUAL,VNSTOCK_BRONZE
HIO,LATEST,income_statement,value,14587632.0,ACTUAL,VNSTOCK_BRONZE
HIO,LATEST,income_statement,order,15.0,ACTUAL,VNSTOCK_BRONZE
HIO,LATEST,income_statement,level,2.0,ACTUAL,VNSTOCK_BRONZE
HIO,LATEST,income_statement,value,-23809.0,ACTUAL,VNSTOCK_BRONZE
HIO,LATEST,income_statement,order,16.0,ACTUAL,VNSTOCK_BRONZE
HIO,LATEST,income_statement,level,1.0,ACTUAL,VNSTOCK_BRONZE
HIO,LATEST,income_statement,value,0.0,ACTUAL,VNSTOCK_BRONZE
HIO,LATEST,income_statement,order,17.0,ACTUAL,VNSTOCK_BRONZE
HIO,LATEST,income_statement,level,1.0,ACTUAL,VNSTOCK_BRONZE
HIO,LATEST,income_statement,value,-669491525.0,ACTUAL,VNSTOCK_BRONZE
HIO,LATEST,income_statement,order,18.0,ACTUAL,VNSTOCK_BRONZE
HIO,LATEST,income_statement,level,1.0,ACTUAL,VNSTOCK_BRONZE
HIO,LATEST,income_statement,value,-83004062.0,ACTUAL,VNSTOCK_BRONZE
HIO,LATEST,income_statement,order,19.0,ACTUAL,VNSTOCK_BRONZE
HIO,LATEST,income_statement,level,2.0,ACTUAL,VNSTOCK_BRONZE
HIO,LATEST,income_statement,value,-48293560.0,ACTUAL,VNSTOCK_BRONZE
HIO,LATEST,income_statement,order,20.0,ACTUAL,VNSTOCK_BRONZE
HIO,LATEST,income_statement,level,2.0,ACTUAL,VNSTOCK_BRONZE
HIO,LATEST,income_statement,value,-131297622.0,ACTUAL,VNSTOCK_BRONZE
HIO,LATEST,income_statement,order,21.0,ACTUAL,VNSTOCK_BRONZE
HIO,LATEST,income_statement,level,1.0,ACTUAL,VNSTOCK_BRONZE
HIO,LATEST,income_statement,value,-752495587.0,ACTUAL,VNSTOCK_BRONZE
HIO,LATEST,income_statement,order,22.0,ACTUAL,VNSTOCK_BRONZE
HIO,LATEST,income_statement,level,1.0,ACTUAL,VNSTOCK_BRONZE
HIO,LATEST,income_statement,value,0.0,ACTUAL,VNSTOCK_BRONZE
HIO,LATEST,income_statement,order,23.0,ACTUAL,VNSTOCK_BRONZE
HIO,LATEST,income_statement,level,1.0,ACTUAL,VNSTOCK_BRONZE
HIO,LATEST,income_statement,value,-752495587.0,ACTUAL,VNSTOCK_BRONZE
HIO,LATEST,income_statement,order,24.0,ACTUAL,VNSTOCK_BRONZE
HIO,LATEST,income_statement,level,1.0,ACTUAL,VNSTOCK_BRONZE
HIO,LATEST,income_statement,value,-36.0,ACTUAL,VNSTOCK_BRONZE
HIO,LATEST,income_statement,order,25.0,ACTUAL,VNSTOCK_BRONZE
HIO,LATEST,income_statement,level,1.0,ACTUAL,VNSTOCK_BRONZE
HIO,LATEST,income_statement,value,0.0,ACTUAL,VNSTOCK_BRONZE
HIO,LATEST,income_statement,order,1.0,ACTUAL,VNSTOCK_BRONZE
HIO,LATEST,income_statement,level,1.0,ACTUAL,VNSTOCK_BRONZE
HIO,LATEST,income_statement,value,25247084306.0,ACTUAL,VNSTOCK_BRONZE
HIO,LATEST,income_statement,order,2.0,ACTUAL,VNSTOCK_BRONZE
HIO,LATEST,income_statement,level,1.0,ACTUAL,VNSTOCK_BRONZE
HIO,LATEST,income_statement,value,-0.0,ACTUAL,VNSTOCK_BRONZE
HIO,LATEST,income_statement,order,3.0,ACTUAL,VNSTOCK_BRONZE
HIO,LATEST,income_statement,level,1.0,ACTUAL,VNSTOCK_BRONZE
HIO,LATEST,income_statement,value,25247084306.0,ACTUAL,VNSTOCK_BRONZE
HIO,LATEST,income_statement,order,4.0,ACTUAL,VNSTOCK_BRONZE
HIO,LATEST,income_statement,level,1.0,ACTUAL,VNSTOCK_BRONZE
HIO,LATEST,income_statement,value,-14340966035.0,ACTUAL,VNSTOCK_BRONZE
HIO,LATEST,income_statement,order,5.0,ACTUAL,VNSTOCK_BRONZE
HIO,LATEST,income_statement,level,1.0,ACTUAL,VNSTOCK_BRONZE
HIO,LATEST,income_statement,value,10906118271.0,ACTUAL,VNSTOCK_BRONZE
HIO,LATEST,income_statement,order,6.0,ACTUAL,VNSTOCK_BRONZE
HIO,LATEST,income_statement,level,1.0,ACTUAL,VNSTOCK_BRONZE
HIO,LATEST,income_statement,value,852003274.0,ACTUAL,VNSTOCK_BRONZE
HIO,LATEST,income_statement,order,7.0,ACTUAL,VNSTOCK_BRONZE
HIO,LATEST,income_statement,level,1.0,ACTUAL,VNSTOCK_BRONZE
HIO,LATEST,income_statement,value,-9064612370.0,ACTUAL,VNSTOCK_BRONZE
HIO,LATEST,income_statement,order,8.0,ACTUAL,VNSTOCK_BRONZE
HIO,LATEST,income_statement,level,2.0,ACTUAL,VNSTOCK_BRONZE
HIO,LATEST,income_statement,value,-9000066915.0,ACTUAL,VNSTOCK_BRONZE
HIO,LATEST,income_statement,order,9.0,ACTUAL,VNSTOCK_BRONZE
HIO,LATEST,income_statement,level,1.0,ACTUAL,VNSTOCK_BRONZE
HIO,LATEST,income_statement,value,0.0,ACTUAL,VNSTOCK_BRONZE
HIO,LATEST,income_statement,order,10.0,ACTUAL,VNSTOCK_BRONZE
HIO,LATEST,income_statement,level,1.0,ACTUAL,VNSTOCK_BRONZE
HIO,LATEST,income_statement,value,-0.0,ACTUAL,VNSTOCK_BRONZE
HIO,LATEST,income_statement,order,11.0,ACTUAL,VNSTOCK_BRONZE
HIO,LATEST,income_statement,level,1.0,ACTUAL,VNSTOCK_BRONZE
HIO,LATEST,income_statement,value,-1945516201.0,ACTUAL,VNSTOCK_BRONZE
HIO,LATEST,income_statement,order,12.0,ACTUAL,VNSTOCK_BRONZE
HIO,LATEST,income_statement,level,1.0,ACTUAL,VNSTOCK_BRONZE
HIO,LATEST,income_statement,value,747992974.0,ACTUAL,VNSTOCK_BRONZE
HIO,LATEST,income_statement,order,13.0,ACTUAL,VNSTOCK_BRONZE
HIO,LATEST,income_statement,level,1.0,ACTUAL,VNSTOCK_BRONZE
HIO,LATEST,income_statement,value,-296330141.0,ACTUAL,VNSTOCK_BRONZE
HIO,LATEST,income_statement,order,14.0,ACTUAL,VNSTOCK_BRONZE
HIO,LATEST,income_statement,level,2.0,ACTUAL,VNSTOCK_BRONZE
HIO,LATEST,income_statement,value,8730324.0,ACTUAL,VNSTOCK_BRONZE
HIO,LATEST,income_statement,order,15.0,ACTUAL,VNSTOCK_BRONZE
HIO,LATEST,income_statement,level,2.0,ACTUAL,VNSTOCK_BRONZE
HIO,LATEST,income_statement,value,-305060465.0,ACTUAL,VNSTOCK_BRONZE
HIO,LATEST,income_statement,order,16.0,ACTUAL,VNSTOCK_BRONZE
HIO,LATEST,income_statement,level,1.0,ACTUAL,VNSTOCK_BRONZE
HIO,LATEST,income_statement,value,0.0,ACTUAL,VNSTOCK_BRONZE
HIO,LATEST,income_statement,order,17.0,ACTUAL,VNSTOCK_BRONZE
HIO,LATEST,income_statement,level,1.0,ACTUAL,VNSTOCK_BRONZE
HIO,LATEST,income_statement,value,451662833.0,ACTUAL,VNSTOCK_BRONZE
HIO,LATEST,income_statement,order,18.0,ACTUAL,VNSTOCK_BRONZE
HIO,LATEST,income_statement,level,1.0,ACTUAL,VNSTOCK_BRONZE
HIO,LATEST,income_statement,value,-420039727.0,ACTUAL,VNSTOCK_BRONZE
HIO,LATEST,income_statement,order,19.0,ACTUAL,VNSTOCK_BRONZE
HIO,LATEST,income_statement,level,2.0,ACTUAL,VNSTOCK_BRONZE
HIO,LATEST,income_statement,value,-263480287.0,ACTUAL,VNSTOCK_BRONZE
HIO,LATEST,income_statement,order,20.0,ACTUAL,VNSTOCK_BRONZE
HIO,LATEST,income_statement,level,2.0,ACTUAL,VNSTOCK_BRONZE
HIO,LATEST,income_statement,value,-156559440.0,ACTUAL,VNSTOCK_BRONZE
HIO,LATEST,income_statement,order,21.0,ACTUAL,VNSTOCK_BRONZE
HIO,LATEST,income_statement,level,1.0,ACTUAL,VNSTOCK_BRONZE
HIO,LATEST,income_statement,value,31623106.0,ACTUAL,VNSTOCK_BRONZE
HIO,LATEST,income_statement,order,22.0,ACTUAL,VNSTOCK_BRONZE
HIO,LATEST,income_statement,level,1.0,ACTUAL,VNSTOCK_BRONZE
HIO,LATEST,income_statement,value,0.0,ACTUAL,VNSTOCK_BRONZE
HIO,LATEST,income_statement,order,23.0,ACTUAL,VNSTOCK_BRONZE
HIO,LATEST,income_statement,level,1.0,ACTUAL,VNSTOCK_BRONZE
HIO,LATEST,income_statement,value,31623106.0,ACTUAL,VNSTOCK_BRONZE
HIO,LATEST,income_statement,order,24.0,ACTUAL,VNSTOCK_BRONZE
HIO,LATEST,income_statement,level,1.0,ACTUAL,VNSTOCK_BRONZE
HIO,LATEST,income_statement,value,338.0,ACTUAL,VNSTOCK_BRONZE
HIO,LATEST,income_statement,order,25.0,ACTUAL,VNSTOCK_BRONZE
HIO,LATEST,income_statement,level,1.0,ACTUAL,VNSTOCK_BRONZE
HIO,LATEST,income_statement,value,0.0,ACTUAL,VNSTOCK_BRONZE
HIO,LATEST,cash_flow,order,1.0,ACTUAL,VNSTOCK_BRONZE
HIO,LATEST,cash_flow,level,1.0,ACTUAL,VNSTOCK_BRONZE
HIO,LATEST,cash_flow,value,31691264838.0,ACTUAL,VNSTOCK_BRONZE
HIO,LATEST,cash_flow,order,2.0,ACTUAL,VNSTOCK_BRONZE
HIO,LATEST,cash_flow,level,2.0,ACTUAL,VNSTOCK_BRONZE
HIO,LATEST,cash_flow,value,30694522713.0,ACTUAL,VNSTOCK_BRONZE
HIO,LATEST,cash_flow,order,3.0,ACTUAL,VNSTOCK_BRONZE
HIO,LATEST,cash_flow,level,2.0,ACTUAL,VNSTOCK_BRONZE
HIO,LATEST,cash_flow,value,22014534472.0,ACTUAL,VNSTOCK_BRONZE
HIO,LATEST,cash_flow,order,4.0,ACTUAL,VNSTOCK_BRONZE
HIO,LATEST,cash_flow,level,2.0,ACTUAL,VNSTOCK_BRONZE
HIO,LATEST,cash_flow,value,174849412.0,ACTUAL,VNSTOCK_BRONZE
HIO,LATEST,cash_flow,order,5.0,ACTUAL,VNSTOCK_BRONZE
HIO,LATEST,cash_flow,level,2.0,ACTUAL,VNSTOCK_BRONZE
HIO,LATEST,cash_flow,value,0.0,ACTUAL,VNSTOCK_BRONZE
HIO,LATEST,cash_flow,order,6.0,ACTUAL,VNSTOCK_BRONZE
HIO,LATEST,cash_flow,level,2.0,ACTUAL,VNSTOCK_BRONZE
HIO,LATEST,cash_flow,value,0.0,ACTUAL,VNSTOCK_BRONZE
HIO,LATEST,cash_flow,order,7.0,ACTUAL,VNSTOCK_BRONZE
HIO,LATEST,cash_flow,level,2.0,ACTUAL,VNSTOCK_BRONZE
HIO,LATEST,cash_flow,value,-600561842.0,ACTUAL,VNSTOCK_BRONZE
HIO,LATEST,cash_flow,order,8.0,ACTUAL,VNSTOCK_BRONZE
HIO,LATEST,cash_flow,level,2.0,ACTUAL,VNSTOCK_BRONZE
HIO,LATEST,cash_flow,value,9828098385.0,ACTUAL,VNSTOCK_BRONZE
HIO,LATEST,cash_flow,order,9.0,ACTUAL,VNSTOCK_BRONZE
HIO,LATEST,cash_flow,level,2.0,ACTUAL,VNSTOCK_BRONZE
HIO,LATEST,cash_flow,value,0.0,ACTUAL,VNSTOCK_BRONZE
HIO,LATEST,cash_flow,order,10.0,ACTUAL,VNSTOCK_BRONZE
HIO,LATEST,cash_flow,level,2.0,ACTUAL,VNSTOCK_BRONZE
HIO,LATEST,cash_flow,value,0.0,ACTUAL,VNSTOCK_BRONZE
HIO,LATEST,cash_flow,order,11.0,ACTUAL,VNSTOCK_BRONZE
HIO,LATEST,cash_flow,level,2.0,ACTUAL,VNSTOCK_BRONZE
HIO,LATEST,cash_flow,value,0.0,ACTUAL,VNSTOCK_BRONZE
HIO,LATEST,cash_flow,order,12.0,ACTUAL,VNSTOCK_BRONZE
HIO,LATEST,cash_flow,level,2.0,ACTUAL,VNSTOCK_BRONZE
HIO,LATEST,cash_flow,value,0.0,ACTUAL,VNSTOCK_BRONZE
HIO,LATEST,cash_flow,order,13.0,ACTUAL,VNSTOCK_BRONZE
HIO,LATEST,cash_flow,level,2.0,ACTUAL,VNSTOCK_BRONZE
HIO,LATEST,cash_flow,value,62111443140.0,ACTUAL,VNSTOCK_BRONZE
HIO,LATEST,cash_flow,order,14.0,ACTUAL,VNSTOCK_BRONZE
HIO,LATEST,cash_flow,level,2.0,ACTUAL,VNSTOCK_BRONZE
HIO,LATEST,cash_flow,order,15.0,ACTUAL,VNSTOCK_BRONZE
HIO,LATEST,cash_flow,level,2.0,ACTUAL,VNSTOCK_BRONZE
HIO,LATEST,cash_flow,order,16.0,ACTUAL,VNSTOCK_BRONZE
HIO,LATEST,cash_flow,level,2.0,ACTUAL,VNSTOCK_BRONZE
HIO,LATEST,cash_flow,order,17.0,ACTUAL,VNSTOCK_BRONZE
HIO,LATEST,cash_flow,level,2.0,ACTUAL,VNSTOCK_BRONZE
HIO,LATEST,cash_flow,order,18.0,ACTUAL,VNSTOCK_BRONZE
HIO,LATEST,cash_flow,level,2.0,ACTUAL,VNSTOCK_BRONZE
HIO,LATEST,cash_flow,order,19.0,ACTUAL,VNSTOCK_BRONZE
HIO,LATEST,cash_flow,level,2.0,ACTUAL,VNSTOCK_BRONZE
HIO,LATEST,cash_flow,order,20.0,ACTUAL,VNSTOCK_BRONZE
HIO,LATEST,cash_flow,level,2.0,ACTUAL,VNSTOCK_BRONZE
HIO,LATEST,cash_flow,order,21.0,ACTUAL,VNSTOCK_BRONZE
HIO,LATEST,cash_flow,level,2.0,ACTUAL,VNSTOCK_BRONZE
HIO,LATEST,cash_flow,order,22.0,ACTUAL,VNSTOCK_BRONZE
HIO,LATEST,cash_flow,level,2.0,ACTUAL,VNSTOCK_BRONZE
HIO,LATEST,cash_flow,order,23.0,ACTUAL,VNSTOCK_BRONZE
HIO,LATEST,cash_flow,level,2.0,ACTUAL,VNSTOCK_BRONZE
HIO,LATEST,cash_flow,order,24.0,ACTUAL,VNSTOCK_BRONZE
HIO,LATEST,cash_flow,level,2.0,ACTUAL,VNSTOCK_BRONZE
HIO,LATEST,cash_flow,value,-20181298073.0,ACTUAL,VNSTOCK_BRONZE
HIO,LATEST,cash_flow,order,25.0,ACTUAL,VNSTOCK_BRONZE
HIO,LATEST,cash_flow,level,2.0,ACTUAL,VNSTOCK_BRONZE
HIO,LATEST,cash_flow,value,48869516.0,ACTUAL,VNSTOCK_BRONZE
HIO,LATEST,cash_flow,order,26.0,ACTUAL,VNSTOCK_BRONZE
HIO,LATEST,cash_flow,level,2.0,ACTUAL,VNSTOCK_BRONZE
HIO,LATEST,cash_flow,value,-1567259799.0,ACTUAL,VNSTOCK_BRONZE
HIO,LATEST,cash_flow,order,27.0,ACTUAL,VNSTOCK_BRONZE
HIO,LATEST,cash_flow,level,2.0,ACTUAL,VNSTOCK_BRONZE
HIO,LATEST,cash_flow,value,1335884718.0,ACTUAL,VNSTOCK_BRONZE
HIO,LATEST,cash_flow,order,28.0,ACTUAL,VNSTOCK_BRONZE
HIO,LATEST,cash_flow,level,2.0,ACTUAL,VNSTOCK_BRONZE
HIO,LATEST,cash_flow,value,-10029997497.0,ACTUAL,VNSTOCK_BRONZE
HIO,LATEST,cash_flow,order,29.0,ACTUAL,VNSTOCK_BRONZE
HIO,LATEST,cash_flow,level,2.0,ACTUAL,VNSTOCK_BRONZE
HIO,LATEST,cash_flow,order,30.0,ACTUAL,VNSTOCK_BRONZE
HIO,LATEST,cash_flow,level,2.0,ACTUAL,VNSTOCK_BRONZE
HIO,LATEST,cash_flow,value,0.0,ACTUAL,VNSTOCK_BRONZE
HIO,LATEST,cash_flow,order,31.0,ACTUAL,VNSTOCK_BRONZE
HIO,LATEST,cash_flow,level,2.0,ACTUAL,VNSTOCK_BRONZE
HIO,LATEST,cash_flow,value,0.0,ACTUAL,VNSTOCK_BRONZE
HIO,LATEST,cash_flow,order,32.0,ACTUAL,VNSTOCK_BRONZE
HIO,LATEST,cash_flow,level,1.0,ACTUAL,VNSTOCK_BRONZE
HIO,LATEST,cash_flow,value,16075173037.0,ACTUAL,VNSTOCK_BRONZE
HIO,LATEST,cash_flow,order,33.0,ACTUAL,VNSTOCK_BRONZE
HIO,LATEST,cash_flow,level,2.0,ACTUAL,VNSTOCK_BRONZE
HIO,LATEST,cash_flow,value,-155092593.0,ACTUAL,VNSTOCK_BRONZE
HIO,LATEST,cash_flow,order,34.0,ACTUAL,VNSTOCK_BRONZE
HIO,LATEST,cash_flow,level,2.0,ACTUAL,VNSTOCK_BRONZE
HIO,LATEST,cash_flow,value,0.0,ACTUAL,VNSTOCK_BRONZE
HIO,LATEST,cash_flow,order,35.0,ACTUAL,VNSTOCK_BRONZE
HIO,LATEST,cash_flow,level,2.0,ACTUAL,VNSTOCK_BRONZE
HIO,LATEST,cash_flow,value,0.0,ACTUAL,VNSTOCK_BRONZE
HIO,LATEST,cash_flow,order,36.0,ACTUAL,VNSTOCK_BRONZE
HIO,LATEST,cash_flow,level,2.0,ACTUAL,VNSTOCK_BRONZE
HIO,LATEST,cash_flow,value,79000000000.0,ACTUAL,VNSTOCK_BRONZE
HIO,LATEST,cash_flow,order,37.0,ACTUAL,VNSTOCK_BRONZE
HIO,LATEST,cash_flow,level,2.0,ACTUAL,VNSTOCK_BRONZE
HIO,LATEST,cash_flow,value,-63000000000.0,ACTUAL,VNSTOCK_BRONZE
HIO,LATEST,cash_flow,order,38.0,ACTUAL,VNSTOCK_BRONZE
HIO,LATEST,cash_flow,level,2.0,ACTUAL,VNSTOCK_BRONZE
HIO,LATEST,cash_flow,value,0.0,ACTUAL,VNSTOCK_BRONZE
HIO,LATEST,cash_flow,order,39.0,ACTUAL,VNSTOCK_BRONZE
HIO,LATEST,cash_flow,level,2.0,ACTUAL,VNSTOCK_BRONZE
HIO,LATEST,cash_flow,value,230265630.0,ACTUAL,VNSTOCK_BRONZE
HIO,LATEST,cash_flow,order,40.0,ACTUAL,VNSTOCK_BRONZE
HIO,LATEST,cash_flow,level,1.0,ACTUAL,VNSTOCK_BRONZE
HIO,LATEST,cash_flow,order,41.0,ACTUAL,VNSTOCK_BRONZE
HIO,LATEST,cash_flow,level,2.0,ACTUAL,VNSTOCK_BRONZE
HIO,LATEST,cash_flow,value,0.0,ACTUAL,VNSTOCK_BRONZE
HIO,LATEST,cash_flow,order,42.0,ACTUAL,VNSTOCK_BRONZE
HIO,LATEST,cash_flow,level,2.0,ACTUAL,VNSTOCK_BRONZE
HIO,LATEST,cash_flow,value,0.0,ACTUAL,VNSTOCK_BRONZE
HIO,LATEST,cash_flow,order,43.0,ACTUAL,VNSTOCK_BRONZE
HIO,LATEST,cash_flow,level,2.0,ACTUAL,VNSTOCK_BRONZE
HIO,LATEST,cash_flow,value,0.0,ACTUAL,VNSTOCK_BRONZE
HIO,LATEST,cash_flow,order,44.0,ACTUAL,VNSTOCK_BRONZE
HIO,LATEST,cash_flow,level,2.0,ACTUAL,VNSTOCK_BRONZE
HIO,LATEST,cash_flow,value,-37656400000.0,ACTUAL,VNSTOCK_BRONZE
HIO,LATEST,cash_flow,order,45.0,ACTUAL,VNSTOCK_BRONZE
HIO,LATEST,cash_flow,level,2.0,ACTUAL,VNSTOCK_BRONZE
HIO,LATEST,cash_flow,value,0.0,ACTUAL,VNSTOCK_BRONZE
HIO,LATEST,cash_flow,order,46.0,ACTUAL,VNSTOCK_BRONZE
HIO,LATEST,cash_flow,level,2.0,ACTUAL,VNSTOCK_BRONZE
HIO,LATEST,cash_flow,value,0.0,ACTUAL,VNSTOCK_BRONZE
HIO,LATEST,cash_flow,order,47.0,ACTUAL,VNSTOCK_BRONZE
HIO,LATEST,cash_flow,level,2.0,ACTUAL,VNSTOCK_BRONZE
HIO,LATEST,cash_flow,value,-5224887757.0,ACTUAL,VNSTOCK_BRONZE
HIO,LATEST,cash_flow,order,48.0,ACTUAL,VNSTOCK_BRONZE
HIO,LATEST,cash_flow,level,1.0,ACTUAL,VNSTOCK_BRONZE
HIO,LATEST,cash_flow,order,49.0,ACTUAL,VNSTOCK_BRONZE
HIO,LATEST,cash_flow,level,1.0,ACTUAL,VNSTOCK_BRONZE
HIO,LATEST,cash_flow,order,50.0,ACTUAL,VNSTOCK_BRONZE
HIO,LATEST,cash_flow,level,1.0,ACTUAL,VNSTOCK_BRONZE
HIO,LATEST,cash_flow,order,51.0,ACTUAL,VNSTOCK_BRONZE
HIO,LATEST,cash_flow,level,1.0,ACTUAL,VNSTOCK_BRONZE
HIO,LATEST,cash_flow,value,32431512243.0,ACTUAL,VNSTOCK_BRONZE
HIO,LATEST,cash_flow,order,1.0,ACTUAL,VNSTOCK_BRONZE
HIO,LATEST,cash_flow,level,1.0,ACTUAL,VNSTOCK_BRONZE
HIO,LATEST,cash_flow,value,23162424524.0,ACTUAL,VNSTOCK_BRONZE
HIO,LATEST,cash_flow,order,2.0,ACTUAL,VNSTOCK_BRONZE
HIO,LATEST,cash_flow,level,2.0,ACTUAL,VNSTOCK_BRONZE
HIO,LATEST,cash_flow,value,82087594765.0,ACTUAL,VNSTOCK_BRONZE
HIO,LATEST,cash_flow,order,3.0,ACTUAL,VNSTOCK_BRONZE
HIO,LATEST,cash_flow,level,2.0,ACTUAL,VNSTOCK_BRONZE
HIO,LATEST,cash_flow,value,-59484143725.0,ACTUAL,VNSTOCK_BRONZE
HIO,LATEST,cash_flow,order,4.0,ACTUAL,VNSTOCK_BRONZE
HIO,LATEST,cash_flow,level,2.0,ACTUAL,VNSTOCK_BRONZE
HIO,LATEST,cash_flow,value,0.0,ACTUAL,VNSTOCK_BRONZE
HIO,LATEST,cash_flow,order,5.0,ACTUAL,VNSTOCK_BRONZE
HIO,LATEST,cash_flow,level,2.0,ACTUAL,VNSTOCK_BRONZE
HIO,LATEST,cash_flow,value,0.0,ACTUAL,VNSTOCK_BRONZE
HIO,LATEST,cash_flow,order,6.0,ACTUAL,VNSTOCK_BRONZE
HIO,LATEST,cash_flow,level,2.0,ACTUAL,VNSTOCK_BRONZE
HIO,LATEST,cash_flow,value,0.0,ACTUAL,VNSTOCK_BRONZE
HIO,LATEST,cash_flow,order,7.0,ACTUAL,VNSTOCK_BRONZE
HIO,LATEST,cash_flow,level,2.0,ACTUAL,VNSTOCK_BRONZE
HIO,LATEST,cash_flow,value,-26299953.0,ACTUAL,VNSTOCK_BRONZE
HIO,LATEST,cash_flow,order,8.0,ACTUAL,VNSTOCK_BRONZE
HIO,LATEST,cash_flow,level,2.0,ACTUAL,VNSTOCK_BRONZE
HIO,LATEST,cash_flow,value,4445322279.0,ACTUAL,VNSTOCK_BRONZE
HIO,LATEST,cash_flow,order,9.0,ACTUAL,VNSTOCK_BRONZE
HIO,LATEST,cash_flow,level,2.0,ACTUAL,VNSTOCK_BRONZE
HIO,LATEST,cash_flow,value,0.0,ACTUAL,VNSTOCK_BRONZE
HIO,LATEST,cash_flow,order,10.0,ACTUAL,VNSTOCK_BRONZE
HIO,LATEST,cash_flow,level,2.0,ACTUAL,VNSTOCK_BRONZE
HIO,LATEST,cash_flow,value,0.0,ACTUAL,VNSTOCK_BRONZE
HIO,LATEST,cash_flow,order,11.0,ACTUAL,VNSTOCK_BRONZE
HIO,LATEST,cash_flow,level,2.0,ACTUAL,VNSTOCK_BRONZE
HIO,LATEST,cash_flow,value,0.0,ACTUAL,VNSTOCK_BRONZE
HIO,LATEST,cash_flow,order,12.0,ACTUAL,VNSTOCK_BRONZE
HIO,LATEST,cash_flow,level,2.0,ACTUAL,VNSTOCK_BRONZE
HIO,LATEST,cash_flow,value,0.0,ACTUAL,VNSTOCK_BRONZE
HIO,LATEST,cash_flow,order,13.0,ACTUAL,VNSTOCK_BRONZE
HIO,LATEST,cash_flow,level,2.0,ACTUAL,VNSTOCK_BRONZE
HIO,LATEST,cash_flow,value,27022473366.0,ACTUAL,VNSTOCK_BRONZE
HIO,LATEST,cash_flow,order,14.0,ACTUAL,VNSTOCK_BRONZE
HIO,LATEST,cash_flow,level,2.0,ACTUAL,VNSTOCK_BRONZE
HIO,LATEST,cash_flow,order,15.0,ACTUAL,VNSTOCK_BRONZE
HIO,LATEST,cash_flow,level,2.0,ACTUAL,VNSTOCK_BRONZE
HIO,LATEST,cash_flow,order,16.0,ACTUAL,VNSTOCK_BRONZE
HIO,LATEST,cash_flow,level,2.0,ACTUAL,VNSTOCK_BRONZE
HIO,LATEST,cash_flow,order,17.0,ACTUAL,VNSTOCK_BRONZE
HIO,LATEST,cash_flow,level,2.0,ACTUAL,VNSTOCK_BRONZE
HIO,LATEST,cash_flow,order,18.0,ACTUAL,VNSTOCK_BRONZE
HIO,LATEST,cash_flow,level,2.0,ACTUAL,VNSTOCK_BRONZE
HIO,LATEST,cash_flow,order,19.0,ACTUAL,VNSTOCK_BRONZE
HIO,LATEST,cash_flow,level,2.0,ACTUAL,VNSTOCK_BRONZE
HIO,LATEST,cash_flow,order,20.0,ACTUAL,VNSTOCK_BRONZE
HIO,LATEST,cash_flow,level,2.0,ACTUAL,VNSTOCK_BRONZE
HIO,LATEST,cash_flow,order,21.0,ACTUAL,VNSTOCK_BRONZE
HIO,LATEST,cash_flow,level,2.0,ACTUAL,VNSTOCK_BRONZE
HIO,LATEST,cash_flow,order,22.0,ACTUAL,VNSTOCK_BRONZE
HIO,LATEST,cash_flow,level,2.0,ACTUAL,VNSTOCK_BRONZE
HIO,LATEST,cash_flow,order,23.0,ACTUAL,VNSTOCK_BRONZE
HIO,LATEST,cash_flow,level,2.0,ACTUAL,VNSTOCK_BRONZE
HIO,LATEST,cash_flow,order,24.0,ACTUAL,VNSTOCK_BRONZE
HIO,LATEST,cash_flow,level,2.0,ACTUAL,VNSTOCK_BRONZE
HIO,LATEST,cash_flow,value,4096947487.0,ACTUAL,VNSTOCK_BRONZE
HIO,LATEST,cash_flow,order,25.0,ACTUAL,VNSTOCK_BRONZE
HIO,LATEST,cash_flow,level,2.0,ACTUAL,VNSTOCK_BRONZE
HIO,LATEST,cash_flow,value,-243474307.0,ACTUAL,VNSTOCK_BRONZE
HIO,LATEST,cash_flow,order,26.0,ACTUAL,VNSTOCK_BRONZE
HIO,LATEST,cash_flow,level,2.0,ACTUAL,VNSTOCK_BRONZE
HIO,LATEST,cash_flow,value,686969802.0,ACTUAL,VNSTOCK_BRONZE
HIO,LATEST,cash_flow,order,27.0,ACTUAL,VNSTOCK_BRONZE
HIO,LATEST,cash_flow,level,2.0,ACTUAL,VNSTOCK_BRONZE
HIO,LATEST,cash_flow,value,1310904752.0,ACTUAL,VNSTOCK_BRONZE
HIO,LATEST,cash_flow,order,28.0,ACTUAL,VNSTOCK_BRONZE
HIO,LATEST,cash_flow,level,2.0,ACTUAL,VNSTOCK_BRONZE
HIO,LATEST,cash_flow,value,-3997295244.0,ACTUAL,VNSTOCK_BRONZE
HIO,LATEST,cash_flow,order,29.0,ACTUAL,VNSTOCK_BRONZE
HIO,LATEST,cash_flow,level,2.0,ACTUAL,VNSTOCK_BRONZE
HIO,LATEST,cash_flow,order,30.0,ACTUAL,VNSTOCK_BRONZE
HIO,LATEST,cash_flow,level,2.0,ACTUAL,VNSTOCK_BRONZE
HIO,LATEST,cash_flow,value,0.0,ACTUAL,VNSTOCK_BRONZE
HIO,LATEST,cash_flow,order,31.0,ACTUAL,VNSTOCK_BRONZE
HIO,LATEST,cash_flow,level,2.0,ACTUAL,VNSTOCK_BRONZE
HIO,LATEST,cash_flow,value,-650946384.0,ACTUAL,VNSTOCK_BRONZE
HIO,LATEST,cash_flow,order,32.0,ACTUAL,VNSTOCK_BRONZE
HIO,LATEST,cash_flow,level,1.0,ACTUAL,VNSTOCK_BRONZE
HIO,LATEST,cash_flow,value,-201817854342.0,ACTUAL,VNSTOCK_BRONZE
HIO,LATEST,cash_flow,order,33.0,ACTUAL,VNSTOCK_BRONZE
HIO,LATEST,cash_flow,level,2.0,ACTUAL,VNSTOCK_BRONZE
HIO,LATEST,cash_flow,value,0.0,ACTUAL,VNSTOCK_BRONZE
HIO,LATEST,cash_flow,order,34.0,ACTUAL,VNSTOCK_BRONZE
HIO,LATEST,cash_flow,level,2.0,ACTUAL,VNSTOCK_BRONZE
HIO,LATEST,cash_flow,value,0.0,ACTUAL,VNSTOCK_BRONZE
HIO,LATEST,cash_flow,order,35.0,ACTUAL,VNSTOCK_BRONZE
HIO,LATEST,cash_flow,level,2.0,ACTUAL,VNSTOCK_BRONZE
HIO,LATEST,cash_flow,value,0.0,ACTUAL,VNSTOCK_BRONZE
HIO,LATEST,cash_flow,order,36.0,ACTUAL,VNSTOCK_BRONZE
HIO,LATEST,cash_flow,level,2.0,ACTUAL,VNSTOCK_BRONZE
HIO,LATEST,cash_flow,value,0.0,ACTUAL,VNSTOCK_BRONZE
HIO,LATEST,cash_flow,order,37.0,ACTUAL,VNSTOCK_BRONZE
HIO,LATEST,cash_flow,level,2.0,ACTUAL,VNSTOCK_BRONZE
HIO,LATEST,cash_flow,value,-201817854342.0,ACTUAL,VNSTOCK_BRONZE
HIO,LATEST,cash_flow,order,38.0,ACTUAL,VNSTOCK_BRONZE
HIO,LATEST,cash_flow,level,2.0,ACTUAL,VNSTOCK_BRONZE
HIO,LATEST,cash_flow,value,0.0,ACTUAL,VNSTOCK_BRONZE
HIO,LATEST,cash_flow,order,39.0,ACTUAL,VNSTOCK_BRONZE
HIO,LATEST,cash_flow,level,2.0,ACTUAL,VNSTOCK_BRONZE
HIO,LATEST,cash_flow,value,0.0,ACTUAL,VNSTOCK_BRONZE
HIO,LATEST,cash_flow,order,40.0,ACTUAL,VNSTOCK_BRONZE
HIO,LATEST,cash_flow,level,1.0,ACTUAL,VNSTOCK_BRONZE
HIO,LATEST,cash_flow,order,41.0,ACTUAL,VNSTOCK_BRONZE
HIO,LATEST,cash_flow,level,2.0,ACTUAL,VNSTOCK_BRONZE
HIO,LATEST,cash_flow,value,209491500000.0,ACTUAL,VNSTOCK_BRONZE
HIO,LATEST,cash_flow,order,42.0,ACTUAL,VNSTOCK_BRONZE
HIO,LATEST,cash_flow,level,2.0,ACTUAL,VNSTOCK_BRONZE
HIO,LATEST,cash_flow,value,0.0,ACTUAL,VNSTOCK_BRONZE
HIO,LATEST,cash_flow,order,43.0,ACTUAL,VNSTOCK_BRONZE
HIO,LATEST,cash_flow,level,2.0,ACTUAL,VNSTOCK_BRONZE
HIO,LATEST,cash_flow,value,26906608426.0,ACTUAL,VNSTOCK_BRONZE
HIO,LATEST,cash_flow,order,44.0,ACTUAL,VNSTOCK_BRONZE
HIO,LATEST,cash_flow,level,2.0,ACTUAL,VNSTOCK_BRONZE
HIO,LATEST,cash_flow,value,-49373008426.0,ACTUAL,VNSTOCK_BRONZE
HIO,LATEST,cash_flow,order,45.0,ACTUAL,VNSTOCK_BRONZE
HIO,LATEST,cash_flow,level,2.0,ACTUAL,VNSTOCK_BRONZE
HIO,LATEST,cash_flow,value,0.0,ACTUAL,VNSTOCK_BRONZE
HIO,LATEST,cash_flow,order,46.0,ACTUAL,VNSTOCK_BRONZE
HIO,LATEST,cash_flow,level,2.0,ACTUAL,VNSTOCK_BRONZE
HIO,LATEST,cash_flow,value,0.0,ACTUAL,VNSTOCK_BRONZE
HIO,LATEST,cash_flow,order,47.0,ACTUAL,VNSTOCK_BRONZE
HIO,LATEST,cash_flow,level,2.0,ACTUAL,VNSTOCK_BRONZE
HIO,LATEST,cash_flow,value,209346574368.0,ACTUAL,VNSTOCK_BRONZE
HIO,LATEST,cash_flow,order,48.0,ACTUAL,VNSTOCK_BRONZE
HIO,LATEST,cash_flow,level,1.0,ACTUAL,VNSTOCK_BRONZE
HIO,LATEST,cash_flow,order,49.0,ACTUAL,VNSTOCK_BRONZE
HIO,LATEST,cash_flow,level,1.0,ACTUAL,VNSTOCK_BRONZE
HIO,LATEST,cash_flow,order,50.0,ACTUAL,VNSTOCK_BRONZE
HIO,LATEST,cash_flow,level,1.0,ACTUAL,VNSTOCK_BRONZE
HIO,LATEST,cash_flow,order,51.0,ACTUAL,VNSTOCK_BRONZE
HIO,LATEST,cash_flow,level,1.0,ACTUAL,VNSTOCK_BRONZE
HIO,LATEST,cash_flow,value,22321474368.0,ACTUAL,VNSTOCK_BRONZE
HIO,LATEST,cash_flow,order,1.0,ACTUAL,VNSTOCK_BRONZE
HIO,LATEST,cash_flow,level,1.0,ACTUAL,VNSTOCK_BRONZE
HIO,LATEST,cash_flow,value,45279092413.0,ACTUAL,VNSTOCK_BRONZE
HIO,LATEST,cash_flow,order,2.0,ACTUAL,VNSTOCK_BRONZE
HIO,LATEST,cash_flow,level,2.0,ACTUAL,VNSTOCK_BRONZE
HIO,LATEST,cash_flow,value,254967149.0,ACTUAL,VNSTOCK_BRONZE
HIO,LATEST,cash_flow,order,3.0,ACTUAL,VNSTOCK_BRONZE
HIO,LATEST,cash_flow,level,2.0,ACTUAL,VNSTOCK_BRONZE
HIO,LATEST,cash_flow,value,10435634382.0,ACTUAL,VNSTOCK_BRONZE
HIO,LATEST,cash_flow,order,4.0,ACTUAL,VNSTOCK_BRONZE
HIO,LATEST,cash_flow,level,2.0,ACTUAL,VNSTOCK_BRONZE
HIO,LATEST,cash_flow,value,112274104.0,ACTUAL,VNSTOCK_BRONZE
HIO,LATEST,cash_flow,order,5.0,ACTUAL,VNSTOCK_BRONZE
HIO,LATEST,cash_flow,level,2.0,ACTUAL,VNSTOCK_BRONZE
HIO,LATEST,cash_flow,value,0.0,ACTUAL,VNSTOCK_BRONZE
HIO,LATEST,cash_flow,order,6.0,ACTUAL,VNSTOCK_BRONZE
HIO,LATEST,cash_flow,level,2.0,ACTUAL,VNSTOCK_BRONZE
HIO,LATEST,cash_flow,value,0.0,ACTUAL,VNSTOCK_BRONZE
HIO,LATEST,cash_flow,order,7.0,ACTUAL,VNSTOCK_BRONZE
HIO,LATEST,cash_flow,level,2.0,ACTUAL,VNSTOCK_BRONZE
HIO,LATEST,cash_flow,value,74962340.0,ACTUAL,VNSTOCK_BRONZE
HIO,LATEST,cash_flow,order,8.0,ACTUAL,VNSTOCK_BRONZE
HIO,LATEST,cash_flow,level,2.0,ACTUAL,VNSTOCK_BRONZE
HIO,LATEST,cash_flow,value,3465752617.0,ACTUAL,VNSTOCK_BRONZE
HIO,LATEST,cash_flow,order,9.0,ACTUAL,VNSTOCK_BRONZE
HIO,LATEST,cash_flow,level,2.0,ACTUAL,VNSTOCK_BRONZE
HIO,LATEST,cash_flow,value,0.0,ACTUAL,VNSTOCK_BRONZE
HIO,LATEST,cash_flow,order,10.0,ACTUAL,VNSTOCK_BRONZE
HIO,LATEST,cash_flow,level,2.0,ACTUAL,VNSTOCK_BRONZE
HIO,LATEST,cash_flow,value,0.0,ACTUAL,VNSTOCK_BRONZE
HIO,LATEST,cash_flow,order,11.0,ACTUAL,VNSTOCK_BRONZE
HIO,LATEST,cash_flow,level,2.0,ACTUAL,VNSTOCK_BRONZE
HIO,LATEST,cash_flow,value,0.0,ACTUAL,VNSTOCK_BRONZE
HIO,LATEST,cash_flow,order,12.0,ACTUAL,VNSTOCK_BRONZE
HIO,LATEST,cash_flow,level,2.0,ACTUAL,VNSTOCK_BRONZE
HIO,LATEST,cash_flow,value,0.0,ACTUAL,VNSTOCK_BRONZE
HIO,LATEST,cash_flow,order,13.0,ACTUAL,VNSTOCK_BRONZE
HIO,LATEST,cash_flow,level,2.0,ACTUAL,VNSTOCK_BRONZE
HIO,LATEST,cash_flow,value,14343590592.0,ACTUAL,VNSTOCK_BRONZE
HIO,LATEST,cash_flow,order,14.0,ACTUAL,VNSTOCK_BRONZE
HIO,LATEST,cash_flow,level,2.0,ACTUAL,VNSTOCK_BRONZE
HIO,LATEST,cash_flow,order,15.0,ACTUAL,VNSTOCK_BRONZE
HIO,LATEST,cash_flow,level,2.0,ACTUAL,VNSTOCK_BRONZE
HIO,LATEST,cash_flow,order,16.0,ACTUAL,VNSTOCK_BRONZE
HIO,LATEST,cash_flow,level,2.0,ACTUAL,VNSTOCK_BRONZE
HIO,LATEST,cash_flow,order,17.0,ACTUAL,VNSTOCK_BRONZE
HIO,LATEST,cash_flow,level,2.0,ACTUAL,VNSTOCK_BRONZE
HIO,LATEST,cash_flow,order,18.0,ACTUAL,VNSTOCK_BRONZE
HIO,LATEST,cash_flow,level,2.0,ACTUAL,VNSTOCK_BRONZE
HIO,LATEST,cash_flow,order,19.0,ACTUAL,VNSTOCK_BRONZE
HIO,LATEST,cash_flow,level,2.0,ACTUAL,VNSTOCK_BRONZE
HIO,LATEST,cash_flow,order,20.0,ACTUAL,VNSTOCK_BRONZE
HIO,LATEST,cash_flow,level,2.0,ACTUAL,VNSTOCK_BRONZE
HIO,LATEST,cash_flow,order,21.0,ACTUAL,VNSTOCK_BRONZE
HIO,LATEST,cash_flow,level,2.0,ACTUAL,VNSTOCK_BRONZE
HIO,LATEST,cash_flow,order,22.0,ACTUAL,VNSTOCK_BRONZE
HIO,LATEST,cash_flow,level,2.0,ACTUAL,VNSTOCK_BRONZE
HIO,LATEST,cash_flow,order,23.0,ACTUAL,VNSTOCK_BRONZE
HIO,LATEST,cash_flow,level,2.0,ACTUAL,VNSTOCK_BRONZE
HIO,LATEST,cash_flow,order,24.0,ACTUAL,VNSTOCK_BRONZE
HIO,LATEST,cash_flow,level,2.0,ACTUAL,VNSTOCK_BRONZE
HIO,LATEST,cash_flow,value,35560621785.0,ACTUAL,VNSTOCK_BRONZE
HIO,LATEST,cash_flow,order,25.0,ACTUAL,VNSTOCK_BRONZE
HIO,LATEST,cash_flow,level,2.0,ACTUAL,VNSTOCK_BRONZE
HIO,LATEST,cash_flow,value,10230910.0,ACTUAL,VNSTOCK_BRONZE
HIO,LATEST,cash_flow,order,26.0,ACTUAL,VNSTOCK_BRONZE
HIO,LATEST,cash_flow,level,2.0,ACTUAL,VNSTOCK_BRONZE
HIO,LATEST,cash_flow,value,-1219865526.0,ACTUAL,VNSTOCK_BRONZE
HIO,LATEST,cash_flow,order,27.0,ACTUAL,VNSTOCK_BRONZE
HIO,LATEST,cash_flow,level,2.0,ACTUAL,VNSTOCK_BRONZE
HIO,LATEST,cash_flow,value,107136629.0,ACTUAL,VNSTOCK_BRONZE
HIO,LATEST,cash_flow,order,28.0,ACTUAL,VNSTOCK_BRONZE
HIO,LATEST,cash_flow,level,2.0,ACTUAL,VNSTOCK_BRONZE
HIO,LATEST,cash_flow,value,-3522621977.0,ACTUAL,VNSTOCK_BRONZE
HIO,LATEST,cash_flow,order,29.0,ACTUAL,VNSTOCK_BRONZE
HIO,LATEST,cash_flow,level,2.0,ACTUAL,VNSTOCK_BRONZE
HIO,LATEST,cash_flow,order,30.0,ACTUAL,VNSTOCK_BRONZE
HIO,LATEST,cash_flow,level,2.0,ACTUAL,VNSTOCK_BRONZE
HIO,LATEST,cash_flow,value,0.0,ACTUAL,VNSTOCK_BRONZE
HIO,LATEST,cash_flow,order,31.0,ACTUAL,VNSTOCK_BRONZE
HIO,LATEST,cash_flow,level,2.0,ACTUAL,VNSTOCK_BRONZE
HIO,LATEST,cash_flow,value,0.0,ACTUAL,VNSTOCK_BRONZE
HIO,LATEST,cash_flow,order,32.0,ACTUAL,VNSTOCK_BRONZE
HIO,LATEST,cash_flow,level,1.0,ACTUAL,VNSTOCK_BRONZE
HIO,LATEST,cash_flow,value,-40831947939.0,ACTUAL,VNSTOCK_BRONZE
HIO,LATEST,cash_flow,order,33.0,ACTUAL,VNSTOCK_BRONZE
HIO,LATEST,cash_flow,level,2.0,ACTUAL,VNSTOCK_BRONZE
HIO,LATEST,cash_flow,value,0.0,ACTUAL,VNSTOCK_BRONZE
HIO,LATEST,cash_flow,order,34.0,ACTUAL,VNSTOCK_BRONZE
HIO,LATEST,cash_flow,level,2.0,ACTUAL,VNSTOCK_BRONZE
HIO,LATEST,cash_flow,value,0.0,ACTUAL,VNSTOCK_BRONZE
HIO,LATEST,cash_flow,order,35.0,ACTUAL,VNSTOCK_BRONZE
HIO,LATEST,cash_flow,level,2.0,ACTUAL,VNSTOCK_BRONZE
HIO,LATEST,cash_flow,value,0.0,ACTUAL,VNSTOCK_BRONZE
HIO,LATEST,cash_flow,order,36.0,ACTUAL,VNSTOCK_BRONZE
HIO,LATEST,cash_flow,level,2.0,ACTUAL,VNSTOCK_BRONZE
HIO,LATEST,cash_flow,value,0.0,ACTUAL,VNSTOCK_BRONZE
HIO,LATEST,cash_flow,order,37.0,ACTUAL,VNSTOCK_BRONZE
HIO,LATEST,cash_flow,level,2.0,ACTUAL,VNSTOCK_BRONZE
HIO,LATEST,cash_flow,value,-46000000000.0,ACTUAL,VNSTOCK_BRONZE
HIO,LATEST,cash_flow,order,38.0,ACTUAL,VNSTOCK_BRONZE
HIO,LATEST,cash_flow,level,2.0,ACTUAL,VNSTOCK_BRONZE
HIO,LATEST,cash_flow,value,5155994968.0,ACTUAL,VNSTOCK_BRONZE
HIO,LATEST,cash_flow,order,39.0,ACTUAL,VNSTOCK_BRONZE
HIO,LATEST,cash_flow,level,2.0,ACTUAL,VNSTOCK_BRONZE
HIO,LATEST,cash_flow,value,12057093.0,ACTUAL,VNSTOCK_BRONZE
HIO,LATEST,cash_flow,order,40.0,ACTUAL,VNSTOCK_BRONZE
HIO,LATEST,cash_flow,level,1.0,ACTUAL,VNSTOCK_BRONZE
HIO,LATEST,cash_flow,order,41.0,ACTUAL,VNSTOCK_BRONZE
HIO,LATEST,cash_flow,level,2.0,ACTUAL,VNSTOCK_BRONZE
HIO,LATEST,cash_flow,value,0.0,ACTUAL,VNSTOCK_BRONZE
HIO,LATEST,cash_flow,order,42.0,ACTUAL,VNSTOCK_BRONZE
HIO,LATEST,cash_flow,level,2.0,ACTUAL,VNSTOCK_BRONZE
HIO,LATEST,cash_flow,value,0.0,ACTUAL,VNSTOCK_BRONZE
HIO,LATEST,cash_flow,order,43.0,ACTUAL,VNSTOCK_BRONZE
HIO,LATEST,cash_flow,level,2.0,ACTUAL,VNSTOCK_BRONZE
HIO,LATEST,cash_flow,value,340000000.0,ACTUAL,VNSTOCK_BRONZE
HIO,LATEST,cash_flow,order,44.0,ACTUAL,VNSTOCK_BRONZE
HIO,LATEST,cash_flow,level,2.0,ACTUAL,VNSTOCK_BRONZE
HIO,LATEST,cash_flow,value,-17946400000.0,ACTUAL,VNSTOCK_BRONZE
HIO,LATEST,cash_flow,order,45.0,ACTUAL,VNSTOCK_BRONZE
HIO,LATEST,cash_flow,level,2.0,ACTUAL,VNSTOCK_BRONZE
HIO,LATEST,cash_flow,value,0.0,ACTUAL,VNSTOCK_BRONZE
HIO,LATEST,cash_flow,order,46.0,ACTUAL,VNSTOCK_BRONZE
HIO,LATEST,cash_flow,level,2.0,ACTUAL,VNSTOCK_BRONZE
HIO,LATEST,cash_flow,value,0.0,ACTUAL,VNSTOCK_BRONZE
HIO,LATEST,cash_flow,order,47.0,ACTUAL,VNSTOCK_BRONZE
HIO,LATEST,cash_flow,level,2.0,ACTUAL,VNSTOCK_BRONZE
HIO,LATEST,cash_flow,value,-3654595814.0,ACTUAL,VNSTOCK_BRONZE
HIO,LATEST,cash_flow,order,48.0,ACTUAL,VNSTOCK_BRONZE
HIO,LATEST,cash_flow,level,1.0,ACTUAL,VNSTOCK_BRONZE
HIO,LATEST,cash_flow,order,49.0,ACTUAL,VNSTOCK_BRONZE
HIO,LATEST,cash_flow,level,1.0,ACTUAL,VNSTOCK_BRONZE
HIO,LATEST,cash_flow,order,50.0,ACTUAL,VNSTOCK_BRONZE
HIO,LATEST,cash_flow,level,1.0,ACTUAL,VNSTOCK_BRONZE
HIO,LATEST,cash_flow,order,51.0,ACTUAL,VNSTOCK_BRONZE
HIO,LATEST,cash_flow,level,1.0,ACTUAL,VNSTOCK_BRONZE
HIO,LATEST,cash_flow,value,13951804186.0,ACTUAL,VNSTOCK_BRONZE
HIO,LATEST,cash_flow,order,1.0,ACTUAL,VNSTOCK_BRONZE
HIO,LATEST,cash_flow,level,1.0,ACTUAL,VNSTOCK_BRONZE
HIO,LATEST,cash_flow,value,16455226588.0,ACTUAL,VNSTOCK_BRONZE
HIO,LATEST,cash_flow,order,2.0,ACTUAL,VNSTOCK_BRONZE
HIO,LATEST,cash_flow,level,2.0,ACTUAL,VNSTOCK_BRONZE
HIO,LATEST,cash_flow,value,4096142599.0,ACTUAL,VNSTOCK_BRONZE
HIO,LATEST,cash_flow,order,3.0,ACTUAL,VNSTOCK_BRONZE
HIO,LATEST,cash_flow,level,2.0,ACTUAL,VNSTOCK_BRONZE
HIO,LATEST,cash_flow,value,10606892943.0,ACTUAL,VNSTOCK_BRONZE
HIO,LATEST,cash_flow,order,4.0,ACTUAL,VNSTOCK_BRONZE
HIO,LATEST,cash_flow,level,2.0,ACTUAL,VNSTOCK_BRONZE
HIO,LATEST,cash_flow,value,0.0,ACTUAL,VNSTOCK_BRONZE
HIO,LATEST,cash_flow,order,5.0,ACTUAL,VNSTOCK_BRONZE
HIO,LATEST,cash_flow,level,2.0,ACTUAL,VNSTOCK_BRONZE
HIO,LATEST,cash_flow,value,0.0,ACTUAL,VNSTOCK_BRONZE
HIO,LATEST,cash_flow,order,6.0,ACTUAL,VNSTOCK_BRONZE
HIO,LATEST,cash_flow,level,2.0,ACTUAL,VNSTOCK_BRONZE
HIO,LATEST,cash_flow,value,0.0,ACTUAL,VNSTOCK_BRONZE
HIO,LATEST,cash_flow,order,7.0,ACTUAL,VNSTOCK_BRONZE
HIO,LATEST,cash_flow,level,2.0,ACTUAL,VNSTOCK_BRONZE
HIO,LATEST,cash_flow,value,-13632740.0,ACTUAL,VNSTOCK_BRONZE
HIO,LATEST,cash_flow,order,8.0,ACTUAL,VNSTOCK_BRONZE
HIO,LATEST,cash_flow,level,2.0,ACTUAL,VNSTOCK_BRONZE
HIO,LATEST,cash_flow,value,3731762618.0,ACTUAL,VNSTOCK_BRONZE
HIO,LATEST,cash_flow,order,9.0,ACTUAL,VNSTOCK_BRONZE
HIO,LATEST,cash_flow,level,2.0,ACTUAL,VNSTOCK_BRONZE
HIO,LATEST,cash_flow,value,0.0,ACTUAL,VNSTOCK_BRONZE
HIO,LATEST,cash_flow,order,10.0,ACTUAL,VNSTOCK_BRONZE
HIO,LATEST,cash_flow,level,2.0,ACTUAL,VNSTOCK_BRONZE
HIO,LATEST,cash_flow,value,0.0,ACTUAL,VNSTOCK_BRONZE
HIO,LATEST,cash_flow,order,11.0,ACTUAL,VNSTOCK_BRONZE
HIO,LATEST,cash_flow,level,2.0,ACTUAL,VNSTOCK_BRONZE
HIO,LATEST,cash_flow,value,0.0,ACTUAL,VNSTOCK_BRONZE
HIO,LATEST,cash_flow,order,12.0,ACTUAL,VNSTOCK_BRONZE
HIO,LATEST,cash_flow,level,2.0,ACTUAL,VNSTOCK_BRONZE
HIO,LATEST,cash_flow,value,0.0,ACTUAL,VNSTOCK_BRONZE
HIO,LATEST,cash_flow,order,13.0,ACTUAL,VNSTOCK_BRONZE
HIO,LATEST,cash_flow,level,2.0,ACTUAL,VNSTOCK_BRONZE
HIO,LATEST,cash_flow,value,18421165420.0,ACTUAL,VNSTOCK_BRONZE
HIO,LATEST,cash_flow,order,14.0,ACTUAL,VNSTOCK_BRONZE
HIO,LATEST,cash_flow,level,2.0,ACTUAL,VNSTOCK_BRONZE
HIO,LATEST,cash_flow,order,15.0,ACTUAL,VNSTOCK_BRONZE
HIO,LATEST,cash_flow,level,2.0,ACTUAL,VNSTOCK_BRONZE
HIO,LATEST,cash_flow,order,16.0,ACTUAL,VNSTOCK_BRONZE
HIO,LATEST,cash_flow,level,2.0,ACTUAL,VNSTOCK_BRONZE
HIO,LATEST,cash_flow,order,17.0,ACTUAL,VNSTOCK_BRONZE
HIO,LATEST,cash_flow,level,2.0,ACTUAL,VNSTOCK_BRONZE
HIO,LATEST,cash_flow,order,18.0,ACTUAL,VNSTOCK_BRONZE
HIO,LATEST,cash_flow,level,2.0,ACTUAL,VNSTOCK_BRONZE
HIO,LATEST,cash_flow,order,19.0,ACTUAL,VNSTOCK_BRONZE
HIO,LATEST,cash_flow,level,2.0,ACTUAL,VNSTOCK_BRONZE
HIO,LATEST,cash_flow,order,20.0,ACTUAL,VNSTOCK_BRONZE
HIO,LATEST,cash_flow,level,2.0,ACTUAL,VNSTOCK_BRONZE
HIO,LATEST,cash_flow,order,21.0,ACTUAL,VNSTOCK_BRONZE
HIO,LATEST,cash_flow,level,2.0,ACTUAL,VNSTOCK_BRONZE
HIO,LATEST,cash_flow,order,22.0,ACTUAL,VNSTOCK_BRONZE
HIO,LATEST,cash_flow,level,2.0,ACTUAL,VNSTOCK_BRONZE
HIO,LATEST,cash_flow,order,23.0,ACTUAL,VNSTOCK_BRONZE
HIO,LATEST,cash_flow,level,2.0,ACTUAL,VNSTOCK_BRONZE
HIO,LATEST,cash_flow,order,24.0,ACTUAL,VNSTOCK_BRONZE
HIO,LATEST,cash_flow,level,2.0,ACTUAL,VNSTOCK_BRONZE
HIO,LATEST,cash_flow,value,97210134.0,ACTUAL,VNSTOCK_BRONZE
HIO,LATEST,cash_flow,order,25.0,ACTUAL,VNSTOCK_BRONZE
HIO,LATEST,cash_flow,level,2.0,ACTUAL,VNSTOCK_BRONZE
HIO,LATEST,cash_flow,value,3199093.0,ACTUAL,VNSTOCK_BRONZE
HIO,LATEST,cash_flow,order,26.0,ACTUAL,VNSTOCK_BRONZE
HIO,LATEST,cash_flow,level,2.0,ACTUAL,VNSTOCK_BRONZE
HIO,LATEST,cash_flow,value,1119300785.0,ACTUAL,VNSTOCK_BRONZE
HIO,LATEST,cash_flow,order,27.0,ACTUAL,VNSTOCK_BRONZE
HIO,LATEST,cash_flow,level,2.0,ACTUAL,VNSTOCK_BRONZE
HIO,LATEST,cash_flow,value,544648149.0,ACTUAL,VNSTOCK_BRONZE
HIO,LATEST,cash_flow,order,28.0,ACTUAL,VNSTOCK_BRONZE
HIO,LATEST,cash_flow,level,2.0,ACTUAL,VNSTOCK_BRONZE
HIO,LATEST,cash_flow,value,-3730296993.0,ACTUAL,VNSTOCK_BRONZE
HIO,LATEST,cash_flow,order,29.0,ACTUAL,VNSTOCK_BRONZE
HIO,LATEST,cash_flow,level,2.0,ACTUAL,VNSTOCK_BRONZE
HIO,LATEST,cash_flow,order,30.0,ACTUAL,VNSTOCK_BRONZE
HIO,LATEST,cash_flow,level,2.0,ACTUAL,VNSTOCK_BRONZE
HIO,LATEST,cash_flow,value,0.0,ACTUAL,VNSTOCK_BRONZE
HIO,LATEST,cash_flow,order,31.0,ACTUAL,VNSTOCK_BRONZE
HIO,LATEST,cash_flow,level,2.0,ACTUAL,VNSTOCK_BRONZE
HIO,LATEST,cash_flow,value,0.0,ACTUAL,VNSTOCK_BRONZE
HIO,LATEST,cash_flow,order,32.0,ACTUAL,VNSTOCK_BRONZE
HIO,LATEST,cash_flow,level,1.0,ACTUAL,VNSTOCK_BRONZE
HIO,LATEST,cash_flow,value,4833309.0,ACTUAL,VNSTOCK_BRONZE
HIO,LATEST,cash_flow,order,33.0,ACTUAL,VNSTOCK_BRONZE
HIO,LATEST,cash_flow,level,2.0,ACTUAL,VNSTOCK_BRONZE
HIO,LATEST,cash_flow,value,0.0,ACTUAL,VNSTOCK_BRONZE
HIO,LATEST,cash_flow,order,34.0,ACTUAL,VNSTOCK_BRONZE
HIO,LATEST,cash_flow,level,2.0,ACTUAL,VNSTOCK_BRONZE
HIO,LATEST,cash_flow,value,0.0,ACTUAL,VNSTOCK_BRONZE
HIO,LATEST,cash_flow,order,35.0,ACTUAL,VNSTOCK_BRONZE
HIO,LATEST,cash_flow,level,2.0,ACTUAL,VNSTOCK_BRONZE
HIO,LATEST,cash_flow,value,0.0,ACTUAL,VNSTOCK_BRONZE
HIO,LATEST,cash_flow,order,36.0,ACTUAL,VNSTOCK_BRONZE
HIO,LATEST,cash_flow,level,2.0,ACTUAL,VNSTOCK_BRONZE
HIO,LATEST,cash_flow,value,0.0,ACTUAL,VNSTOCK_BRONZE
HIO,LATEST,cash_flow,order,37.0,ACTUAL,VNSTOCK_BRONZE
HIO,LATEST,cash_flow,level,2.0,ACTUAL,VNSTOCK_BRONZE
HIO,LATEST,cash_flow,value,0.0,ACTUAL,VNSTOCK_BRONZE
HIO,LATEST,cash_flow,order,38.0,ACTUAL,VNSTOCK_BRONZE
HIO,LATEST,cash_flow,level,2.0,ACTUAL,VNSTOCK_BRONZE
HIO,LATEST,cash_flow,value,0.0,ACTUAL,VNSTOCK_BRONZE
HIO,LATEST,cash_flow,order,39.0,ACTUAL,VNSTOCK_BRONZE
HIO,LATEST,cash_flow,level,2.0,ACTUAL,VNSTOCK_BRONZE
HIO,LATEST,cash_flow,value,4833309.0,ACTUAL,VNSTOCK_BRONZE
HIO,LATEST,cash_flow,order,40.0,ACTUAL,VNSTOCK_BRONZE
HIO,LATEST,cash_flow,level,1.0,ACTUAL,VNSTOCK_BRONZE
HIO,LATEST,cash_flow,order,41.0,ACTUAL,VNSTOCK_BRONZE
HIO,LATEST,cash_flow,level,2.0,ACTUAL,VNSTOCK_BRONZE
HIO,LATEST,cash_flow,value,0.0,ACTUAL,VNSTOCK_BRONZE
HIO,LATEST,cash_flow,order,42.0,ACTUAL,VNSTOCK_BRONZE
HIO,LATEST,cash_flow,level,2.0,ACTUAL,VNSTOCK_BRONZE
HIO,LATEST,cash_flow,value,0.0,ACTUAL,VNSTOCK_BRONZE
HIO,LATEST,cash_flow,order,43.0,ACTUAL,VNSTOCK_BRONZE
HIO,LATEST,cash_flow,level,2.0,ACTUAL,VNSTOCK_BRONZE
HIO,LATEST,cash_flow,value,460000000.0,ACTUAL,VNSTOCK_BRONZE
HIO,LATEST,cash_flow,order,44.0,ACTUAL,VNSTOCK_BRONZE
HIO,LATEST,cash_flow,level,2.0,ACTUAL,VNSTOCK_BRONZE
HIO,LATEST,cash_flow,value,-16396400000.0,ACTUAL,VNSTOCK_BRONZE
HIO,LATEST,cash_flow,order,45.0,ACTUAL,VNSTOCK_BRONZE
HIO,LATEST,cash_flow,level,2.0,ACTUAL,VNSTOCK_BRONZE
HIO,LATEST,cash_flow,value,0.0,ACTUAL,VNSTOCK_BRONZE
HIO,LATEST,cash_flow,order,46.0,ACTUAL,VNSTOCK_BRONZE
HIO,LATEST,cash_flow,level,2.0,ACTUAL,VNSTOCK_BRONZE
HIO,LATEST,cash_flow,value,0.0,ACTUAL,VNSTOCK_BRONZE
HIO,LATEST,cash_flow,order,47.0,ACTUAL,VNSTOCK_BRONZE
HIO,LATEST,cash_flow,level,2.0,ACTUAL,VNSTOCK_BRONZE
HIO,LATEST,cash_flow,value,11174659712.0,ACTUAL,VNSTOCK_BRONZE
HIO,LATEST,cash_flow,order,48.0,ACTUAL,VNSTOCK_BRONZE
HIO,LATEST,cash_flow,level,1.0,ACTUAL,VNSTOCK_BRONZE
HIO,LATEST,cash_flow,order,49.0,ACTUAL,VNSTOCK_BRONZE
HIO,LATEST,cash_flow,level,1.0,ACTUAL,VNSTOCK_BRONZE
HIO,LATEST,cash_flow,order,50.0,ACTUAL,VNSTOCK_BRONZE
HIO,LATEST,cash_flow,level,1.0,ACTUAL,VNSTOCK_BRONZE
HIO,LATEST,cash_flow,order,51.0,ACTUAL,VNSTOCK_BRONZE
HIO,LATEST,cash_flow,level,1.0,ACTUAL,VNSTOCK_BRONZE
HIO,LATEST,cash_flow,value,27111059712.0,ACTUAL,VNSTOCK_BRONZE
HIO,LATEST,cash_flow,order,1.0,ACTUAL,VNSTOCK_BRONZE
HIO,LATEST,cash_flow,level,1.0,ACTUAL,VNSTOCK_BRONZE
HIO,LATEST,cash_flow,value,-5235395465.0,ACTUAL,VNSTOCK_BRONZE
HIO,LATEST,cash_flow,order,2.0,ACTUAL,VNSTOCK_BRONZE
HIO,LATEST,cash_flow,level,2.0,ACTUAL,VNSTOCK_BRONZE
HIO,LATEST,cash_flow,value,7708019299.0,ACTUAL,VNSTOCK_BRONZE
HIO,LATEST,cash_flow,order,3.0,ACTUAL,VNSTOCK_BRONZE
HIO,LATEST,cash_flow,level,2.0,ACTUAL,VNSTOCK_BRONZE
HIO,LATEST,cash_flow,value,10606892943.0,ACTUAL,VNSTOCK_BRONZE
HIO,LATEST,cash_flow,order,4.0,ACTUAL,VNSTOCK_BRONZE
HIO,LATEST,cash_flow,level,2.0,ACTUAL,VNSTOCK_BRONZE
HIO,LATEST,cash_flow,value,0.0,ACTUAL,VNSTOCK_BRONZE
HIO,LATEST,cash_flow,order,5.0,ACTUAL,VNSTOCK_BRONZE
HIO,LATEST,cash_flow,level,2.0,ACTUAL,VNSTOCK_BRONZE
HIO,LATEST,cash_flow,value,0.0,ACTUAL,VNSTOCK_BRONZE
HIO,LATEST,cash_flow,order,6.0,ACTUAL,VNSTOCK_BRONZE
HIO,LATEST,cash_flow,level,2.0,ACTUAL,VNSTOCK_BRONZE
HIO,LATEST,cash_flow,value,0.0,ACTUAL,VNSTOCK_BRONZE
HIO,LATEST,cash_flow,order,7.0,ACTUAL,VNSTOCK_BRONZE
HIO,LATEST,cash_flow,level,2.0,ACTUAL,VNSTOCK_BRONZE
HIO,LATEST,cash_flow,value,-219770658.0,ACTUAL,VNSTOCK_BRONZE
HIO,LATEST,cash_flow,order,8.0,ACTUAL,VNSTOCK_BRONZE
HIO,LATEST,cash_flow,level,2.0,ACTUAL,VNSTOCK_BRONZE
HIO,LATEST,cash_flow,value,4015586239.0,ACTUAL,VNSTOCK_BRONZE
HIO,LATEST,cash_flow,order,9.0,ACTUAL,VNSTOCK_BRONZE
HIO,LATEST,cash_flow,level,2.0,ACTUAL,VNSTOCK_BRONZE
HIO,LATEST,cash_flow,value,0.0,ACTUAL,VNSTOCK_BRONZE
HIO,LATEST,cash_flow,order,10.0,ACTUAL,VNSTOCK_BRONZE
HIO,LATEST,cash_flow,level,2.0,ACTUAL,VNSTOCK_BRONZE
HIO,LATEST,cash_flow,value,0.0,ACTUAL,VNSTOCK_BRONZE
HIO,LATEST,cash_flow,order,11.0,ACTUAL,VNSTOCK_BRONZE
HIO,LATEST,cash_flow,level,2.0,ACTUAL,VNSTOCK_BRONZE
HIO,LATEST,cash_flow,value,0.0,ACTUAL,VNSTOCK_BRONZE
HIO,LATEST,cash_flow,order,12.0,ACTUAL,VNSTOCK_BRONZE
HIO,LATEST,cash_flow,level,2.0,ACTUAL,VNSTOCK_BRONZE
HIO,LATEST,cash_flow,value,0.0,ACTUAL,VNSTOCK_BRONZE
HIO,LATEST,cash_flow,order,13.0,ACTUAL,VNSTOCK_BRONZE
HIO,LATEST,cash_flow,level,2.0,ACTUAL,VNSTOCK_BRONZE
HIO,LATEST,cash_flow,value,22110727823.0,ACTUAL,VNSTOCK_BRONZE
HIO,LATEST,cash_flow,order,14.0,ACTUAL,VNSTOCK_BRONZE
HIO,LATEST,cash_flow,level,2.0,ACTUAL,VNSTOCK_BRONZE
HIO,LATEST,cash_flow,order,15.0,ACTUAL,VNSTOCK_BRONZE
HIO,LATEST,cash_flow,level,2.0,ACTUAL,VNSTOCK_BRONZE
HIO,LATEST,cash_flow,order,16.0,ACTUAL,VNSTOCK_BRONZE
HIO,LATEST,cash_flow,level,2.0,ACTUAL,VNSTOCK_BRONZE
HIO,LATEST,cash_flow,order,17.0,ACTUAL,VNSTOCK_BRONZE
HIO,LATEST,cash_flow,level,2.0,ACTUAL,VNSTOCK_BRONZE
HIO,LATEST,cash_flow,order,18.0,ACTUAL,VNSTOCK_BRONZE
HIO,LATEST,cash_flow,level,2.0,ACTUAL,VNSTOCK_BRONZE
HIO,LATEST,cash_flow,order,19.0,ACTUAL,VNSTOCK_BRONZE
HIO,LATEST,cash_flow,level,2.0,ACTUAL,VNSTOCK_BRONZE
HIO,LATEST,cash_flow,order,20.0,ACTUAL,VNSTOCK_BRONZE
HIO,LATEST,cash_flow,level,2.0,ACTUAL,VNSTOCK_BRONZE
HIO,LATEST,cash_flow,order,21.0,ACTUAL,VNSTOCK_BRONZE
HIO,LATEST,cash_flow,level,2.0,ACTUAL,VNSTOCK_BRONZE
HIO,LATEST,cash_flow,order,22.0,ACTUAL,VNSTOCK_BRONZE
HIO,LATEST,cash_flow,level,2.0,ACTUAL,VNSTOCK_BRONZE
HIO,LATEST,cash_flow,order,23.0,ACTUAL,VNSTOCK_BRONZE
HIO,LATEST,cash_flow,level,2.0,ACTUAL,VNSTOCK_BRONZE
HIO,LATEST,cash_flow,order,24.0,ACTUAL,VNSTOCK_BRONZE
HIO,LATEST,cash_flow,level,2.0,ACTUAL,VNSTOCK_BRONZE
HIO,LATEST,cash_flow,value,-20881697003.0,ACTUAL,VNSTOCK_BRONZE
HIO,LATEST,cash_flow,order,25.0,ACTUAL,VNSTOCK_BRONZE
HIO,LATEST,cash_flow,level,2.0,ACTUAL,VNSTOCK_BRONZE
HIO,LATEST,cash_flow,value,2096364.0,ACTUAL,VNSTOCK_BRONZE
HIO,LATEST,cash_flow,order,26.0,ACTUAL,VNSTOCK_BRONZE
HIO,LATEST,cash_flow,level,2.0,ACTUAL,VNSTOCK_BRONZE
HIO,LATEST,cash_flow,value,-193682843.0,ACTUAL,VNSTOCK_BRONZE
HIO,LATEST,cash_flow,order,27.0,ACTUAL,VNSTOCK_BRONZE
HIO,LATEST,cash_flow,level,2.0,ACTUAL,VNSTOCK_BRONZE
HIO,LATEST,cash_flow,value,1087712220.0,ACTUAL,VNSTOCK_BRONZE
HIO,LATEST,cash_flow,order,28.0,ACTUAL,VNSTOCK_BRONZE
HIO,LATEST,cash_flow,level,2.0,ACTUAL,VNSTOCK_BRONZE
HIO,LATEST,cash_flow,value,-4039773504.0,ACTUAL,VNSTOCK_BRONZE
HIO,LATEST,cash_flow,order,29.0,ACTUAL,VNSTOCK_BRONZE
HIO,LATEST,cash_flow,level,2.0,ACTUAL,VNSTOCK_BRONZE
HIO,LATEST,cash_flow,order,30.0,ACTUAL,VNSTOCK_BRONZE
HIO,LATEST,cash_flow,level,2.0,ACTUAL,VNSTOCK_BRONZE
HIO,LATEST,cash_flow,value,0.0,ACTUAL,VNSTOCK_BRONZE
HIO,LATEST,cash_flow,order,31.0,ACTUAL,VNSTOCK_BRONZE
HIO,LATEST,cash_flow,level,2.0,ACTUAL,VNSTOCK_BRONZE
HIO,LATEST,cash_flow,value,0.0,ACTUAL,VNSTOCK_BRONZE
HIO,LATEST,cash_flow,order,32.0,ACTUAL,VNSTOCK_BRONZE
HIO,LATEST,cash_flow,level,1.0,ACTUAL,VNSTOCK_BRONZE
HIO,LATEST,cash_flow,value,25251405876.0,ACTUAL,VNSTOCK_BRONZE
HIO,LATEST,cash_flow,order,33.0,ACTUAL,VNSTOCK_BRONZE
HIO,LATEST,cash_flow,level,2.0,ACTUAL,VNSTOCK_BRONZE
HIO,LATEST,cash_flow,value,0.0,ACTUAL,VNSTOCK_BRONZE
HIO,LATEST,cash_flow,order,34.0,ACTUAL,VNSTOCK_BRONZE
HIO,LATEST,cash_flow,level,2.0,ACTUAL,VNSTOCK_BRONZE
HIO,LATEST,cash_flow,value,25245000000.0,ACTUAL,VNSTOCK_BRONZE
HIO,LATEST,cash_flow,order,35.0,ACTUAL,VNSTOCK_BRONZE
HIO,LATEST,cash_flow,level,2.0,ACTUAL,VNSTOCK_BRONZE
HIO,LATEST,cash_flow,value,0.0,ACTUAL,VNSTOCK_BRONZE
HIO,LATEST,cash_flow,order,36.0,ACTUAL,VNSTOCK_BRONZE
HIO,LATEST,cash_flow,level,2.0,ACTUAL,VNSTOCK_BRONZE
HIO,LATEST,cash_flow,value,0.0,ACTUAL,VNSTOCK_BRONZE
HIO,LATEST,cash_flow,order,37.0,ACTUAL,VNSTOCK_BRONZE
HIO,LATEST,cash_flow,level,2.0,ACTUAL,VNSTOCK_BRONZE
HIO,LATEST,cash_flow,value,0.0,ACTUAL,VNSTOCK_BRONZE
HIO,LATEST,cash_flow,order,38.0,ACTUAL,VNSTOCK_BRONZE
HIO,LATEST,cash_flow,level,2.0,ACTUAL,VNSTOCK_BRONZE
HIO,LATEST,cash_flow,value,0.0,ACTUAL,VNSTOCK_BRONZE
HIO,LATEST,cash_flow,order,39.0,ACTUAL,VNSTOCK_BRONZE
HIO,LATEST,cash_flow,level,2.0,ACTUAL,VNSTOCK_BRONZE
HIO,LATEST,cash_flow,value,6405876.0,ACTUAL,VNSTOCK_BRONZE
HIO,LATEST,cash_flow,order,40.0,ACTUAL,VNSTOCK_BRONZE
HIO,LATEST,cash_flow,level,1.0,ACTUAL,VNSTOCK_BRONZE
HIO,LATEST,cash_flow,order,41.0,ACTUAL,VNSTOCK_BRONZE
HIO,LATEST,cash_flow,level,2.0,ACTUAL,VNSTOCK_BRONZE
HIO,LATEST,cash_flow,value,0.0,ACTUAL,VNSTOCK_BRONZE
HIO,LATEST,cash_flow,order,42.0,ACTUAL,VNSTOCK_BRONZE
HIO,LATEST,cash_flow,level,2.0,ACTUAL,VNSTOCK_BRONZE
HIO,LATEST,cash_flow,value,0.0,ACTUAL,VNSTOCK_BRONZE
HIO,LATEST,cash_flow,order,43.0,ACTUAL,VNSTOCK_BRONZE
HIO,LATEST,cash_flow,level,2.0,ACTUAL,VNSTOCK_BRONZE
HIO,LATEST,cash_flow,value,30924408426.0,ACTUAL,VNSTOCK_BRONZE
HIO,LATEST,cash_flow,order,44.0,ACTUAL,VNSTOCK_BRONZE
HIO,LATEST,cash_flow,level,2.0,ACTUAL,VNSTOCK_BRONZE
HIO,LATEST,cash_flow,value,-46650808426.0,ACTUAL,VNSTOCK_BRONZE
HIO,LATEST,cash_flow,order,45.0,ACTUAL,VNSTOCK_BRONZE
HIO,LATEST,cash_flow,level,2.0,ACTUAL,VNSTOCK_BRONZE
HIO,LATEST,cash_flow,value,0.0,ACTUAL,VNSTOCK_BRONZE
HIO,LATEST,cash_flow,order,46.0,ACTUAL,VNSTOCK_BRONZE
HIO,LATEST,cash_flow,level,2.0,ACTUAL,VNSTOCK_BRONZE
HIO,LATEST,cash_flow,value,0.0,ACTUAL,VNSTOCK_BRONZE
HIO,LATEST,cash_flow,order,47.0,ACTUAL,VNSTOCK_BRONZE
HIO,LATEST,cash_flow,level,2.0,ACTUAL,VNSTOCK_BRONZE
HIO,LATEST,cash_flow,value,10860999815.0,ACTUAL,VNSTOCK_BRONZE
HIO,LATEST,cash_flow,order,48.0,ACTUAL,VNSTOCK_BRONZE
HIO,LATEST,cash_flow,level,1.0,ACTUAL,VNSTOCK_BRONZE
HIO,LATEST,cash_flow,order,49.0,ACTUAL,VNSTOCK_BRONZE
HIO,LATEST,cash_flow,level,1.0,ACTUAL,VNSTOCK_BRONZE
HIO,LATEST,cash_flow,order,50.0,ACTUAL,VNSTOCK_BRONZE
HIO,LATEST,cash_flow,level,1.0,ACTUAL,VNSTOCK_BRONZE
HIO,LATEST,cash_flow,order,51.0,ACTUAL,VNSTOCK_BRONZE
HIO,LATEST,cash_flow,level,1.0,ACTUAL,VNSTOCK_BRONZE
HIO,LATEST,cash_flow,value,26587399815.0,ACTUAL,VNSTOCK_BRONZE
HIO,LATEST,cash_flow,order,1.0,ACTUAL,VNSTOCK_BRONZE
HIO,LATEST,cash_flow,level,1.0,ACTUAL,VNSTOCK_BRONZE
HIO,LATEST,cash_flow,value,5768505842.0,ACTUAL,VNSTOCK_BRONZE
HIO,LATEST,cash_flow,order,2.0,ACTUAL,VNSTOCK_BRONZE
HIO,LATEST,cash_flow,level,2.0,ACTUAL,VNSTOCK_BRONZE
HIO,LATEST,cash_flow,value,4316122345.0,ACTUAL,VNSTOCK_BRONZE
HIO,LATEST,cash_flow,order,3.0,ACTUAL,VNSTOCK_BRONZE
HIO,LATEST,cash_flow,level,2.0,ACTUAL,VNSTOCK_BRONZE
HIO,LATEST,cash_flow,value,10606892943.0,ACTUAL,VNSTOCK_BRONZE
HIO,LATEST,cash_flow,order,4.0,ACTUAL,VNSTOCK_BRONZE
HIO,LATEST,cash_flow,level,2.0,ACTUAL,VNSTOCK_BRONZE
HIO,LATEST,cash_flow,value,0.0,ACTUAL,VNSTOCK_BRONZE
HIO,LATEST,cash_flow,order,5.0,ACTUAL,VNSTOCK_BRONZE
HIO,LATEST,cash_flow,level,2.0,ACTUAL,VNSTOCK_BRONZE
HIO,LATEST,cash_flow,value,0.0,ACTUAL,VNSTOCK_BRONZE
HIO,LATEST,cash_flow,order,6.0,ACTUAL,VNSTOCK_BRONZE
HIO,LATEST,cash_flow,level,2.0,ACTUAL,VNSTOCK_BRONZE
HIO,LATEST,cash_flow,value,0.0,ACTUAL,VNSTOCK_BRONZE
HIO,LATEST,cash_flow,order,7.0,ACTUAL,VNSTOCK_BRONZE
HIO,LATEST,cash_flow,level,2.0,ACTUAL,VNSTOCK_BRONZE
HIO,LATEST,cash_flow,value,-328264188.0,ACTUAL,VNSTOCK_BRONZE
HIO,LATEST,cash_flow,order,8.0,ACTUAL,VNSTOCK_BRONZE
HIO,LATEST,cash_flow,level,2.0,ACTUAL,VNSTOCK_BRONZE
HIO,LATEST,cash_flow,value,4214718523.0,ACTUAL,VNSTOCK_BRONZE
HIO,LATEST,cash_flow,order,9.0,ACTUAL,VNSTOCK_BRONZE
HIO,LATEST,cash_flow,level,2.0,ACTUAL,VNSTOCK_BRONZE
HIO,LATEST,cash_flow,value,0.0,ACTUAL,VNSTOCK_BRONZE
HIO,LATEST,cash_flow,order,10.0,ACTUAL,VNSTOCK_BRONZE
HIO,LATEST,cash_flow,level,2.0,ACTUAL,VNSTOCK_BRONZE
HIO,LATEST,cash_flow,value,0.0,ACTUAL,VNSTOCK_BRONZE
HIO,LATEST,cash_flow,order,11.0,ACTUAL,VNSTOCK_BRONZE
HIO,LATEST,cash_flow,level,2.0,ACTUAL,VNSTOCK_BRONZE
HIO,LATEST,cash_flow,value,0.0,ACTUAL,VNSTOCK_BRONZE
HIO,LATEST,cash_flow,order,12.0,ACTUAL,VNSTOCK_BRONZE
HIO,LATEST,cash_flow,level,2.0,ACTUAL,VNSTOCK_BRONZE
HIO,LATEST,cash_flow,value,0.0,ACTUAL,VNSTOCK_BRONZE
HIO,LATEST,cash_flow,order,13.0,ACTUAL,VNSTOCK_BRONZE
HIO,LATEST,cash_flow,level,2.0,ACTUAL,VNSTOCK_BRONZE
HIO,LATEST,cash_flow,value,18809469623.0,ACTUAL,VNSTOCK_BRONZE
HIO,LATEST,cash_flow,order,14.0,ACTUAL,VNSTOCK_BRONZE
HIO,LATEST,cash_flow,level,2.0,ACTUAL,VNSTOCK_BRONZE
HIO,LATEST,cash_flow,order,15.0,ACTUAL,VNSTOCK_BRONZE
HIO,LATEST,cash_flow,level,2.0,ACTUAL,VNSTOCK_BRONZE
HIO,LATEST,cash_flow,order,16.0,ACTUAL,VNSTOCK_BRONZE
HIO,LATEST,cash_flow,level,2.0,ACTUAL,VNSTOCK_BRONZE
HIO,LATEST,cash_flow,order,17.0,ACTUAL,VNSTOCK_BRONZE
HIO,LATEST,cash_flow,level,2.0,ACTUAL,VNSTOCK_BRONZE
HIO,LATEST,cash_flow,order,18.0,ACTUAL,VNSTOCK_BRONZE
HIO,LATEST,cash_flow,level,2.0,ACTUAL,VNSTOCK_BRONZE
HIO,LATEST,cash_flow,order,19.0,ACTUAL,VNSTOCK_BRONZE
HIO,LATEST,cash_flow,level,2.0,ACTUAL,VNSTOCK_BRONZE
HIO,LATEST,cash_flow,order,20.0,ACTUAL,VNSTOCK_BRONZE
HIO,LATEST,cash_flow,level,2.0,ACTUAL,VNSTOCK_BRONZE
HIO,LATEST,cash_flow,order,21.0,ACTUAL,VNSTOCK_BRONZE
HIO,LATEST,cash_flow,level,2.0,ACTUAL,VNSTOCK_BRONZE
HIO,LATEST,cash_flow,order,22.0,ACTUAL,VNSTOCK_BRONZE
HIO,LATEST,cash_flow,level,2.0,ACTUAL,VNSTOCK_BRONZE
HIO,LATEST,cash_flow,order,23.0,ACTUAL,VNSTOCK_BRONZE
HIO,LATEST,cash_flow,level,2.0,ACTUAL,VNSTOCK_BRONZE
HIO,LATEST,cash_flow,order,24.0,ACTUAL,VNSTOCK_BRONZE
HIO,LATEST,cash_flow,level,2.0,ACTUAL,VNSTOCK_BRONZE
HIO,LATEST,cash_flow,value,2836228063.0,ACTUAL,VNSTOCK_BRONZE
HIO,LATEST,cash_flow,order,25.0,ACTUAL,VNSTOCK_BRONZE
HIO,LATEST,cash_flow,level,2.0,ACTUAL,VNSTOCK_BRONZE
HIO,LATEST,cash_flow,value,-2441818.0,ACTUAL,VNSTOCK_BRONZE
HIO,LATEST,cash_flow,order,26.0,ACTUAL,VNSTOCK_BRONZE
HIO,LATEST,cash_flow,level,2.0,ACTUAL,VNSTOCK_BRONZE
HIO,LATEST,cash_flow,value,447110154.0,ACTUAL,VNSTOCK_BRONZE
HIO,LATEST,cash_flow,order,27.0,ACTUAL,VNSTOCK_BRONZE
HIO,LATEST,cash_flow,level,2.0,ACTUAL,VNSTOCK_BRONZE
HIO,LATEST,cash_flow,value,-11035591014.0,ACTUAL,VNSTOCK_BRONZE
HIO,LATEST,cash_flow,order,28.0,ACTUAL,VNSTOCK_BRONZE
HIO,LATEST,cash_flow,level,2.0,ACTUAL,VNSTOCK_BRONZE
HIO,LATEST,cash_flow,value,-4202353496.0,ACTUAL,VNSTOCK_BRONZE
HIO,LATEST,cash_flow,order,29.0,ACTUAL,VNSTOCK_BRONZE
HIO,LATEST,cash_flow,level,2.0,ACTUAL,VNSTOCK_BRONZE
HIO,LATEST,cash_flow,order,30.0,ACTUAL,VNSTOCK_BRONZE
HIO,LATEST,cash_flow,level,2.0,ACTUAL,VNSTOCK_BRONZE
HIO,LATEST,cash_flow,value,0.0,ACTUAL,VNSTOCK_BRONZE
HIO,LATEST,cash_flow,order,31.0,ACTUAL,VNSTOCK_BRONZE
HIO,LATEST,cash_flow,level,2.0,ACTUAL,VNSTOCK_BRONZE
HIO,LATEST,cash_flow,value,0.0,ACTUAL,VNSTOCK_BRONZE
HIO,LATEST,cash_flow,order,32.0,ACTUAL,VNSTOCK_BRONZE
HIO,LATEST,cash_flow,level,1.0,ACTUAL,VNSTOCK_BRONZE
HIO,LATEST,cash_flow,value,8895245.0,ACTUAL,VNSTOCK_BRONZE
HIO,LATEST,cash_flow,order,33.0,ACTUAL,VNSTOCK_BRONZE
HIO,LATEST,cash_flow,level,2.0,ACTUAL,VNSTOCK_BRONZE
HIO,LATEST,cash_flow,value,0.0,ACTUAL,VNSTOCK_BRONZE
HIO,LATEST,cash_flow,order,34.0,ACTUAL,VNSTOCK_BRONZE
HIO,LATEST,cash_flow,level,2.0,ACTUAL,VNSTOCK_BRONZE
HIO,LATEST,cash_flow,value,0.0,ACTUAL,VNSTOCK_BRONZE
HIO,LATEST,cash_flow,order,35.0,ACTUAL,VNSTOCK_BRONZE
HIO,LATEST,cash_flow,level,2.0,ACTUAL,VNSTOCK_BRONZE
HIO,LATEST,cash_flow,value,0.0,ACTUAL,VNSTOCK_BRONZE
HIO,LATEST,cash_flow,order,36.0,ACTUAL,VNSTOCK_BRONZE
HIO,LATEST,cash_flow,level,2.0,ACTUAL,VNSTOCK_BRONZE
HIO,LATEST,cash_flow,value,0.0,ACTUAL,VNSTOCK_BRONZE
HIO,LATEST,cash_flow,order,37.0,ACTUAL,VNSTOCK_BRONZE
HIO,LATEST,cash_flow,level,2.0,ACTUAL,VNSTOCK_BRONZE
HIO,LATEST,cash_flow,value,0.0,ACTUAL,VNSTOCK_BRONZE
HIO,LATEST,cash_flow,order,38.0,ACTUAL,VNSTOCK_BRONZE
HIO,LATEST,cash_flow,level,2.0,ACTUAL,VNSTOCK_BRONZE
HIO,LATEST,cash_flow,value,0.0,ACTUAL,VNSTOCK_BRONZE
HIO,LATEST,cash_flow,order,39.0,ACTUAL,VNSTOCK_BRONZE
HIO,LATEST,cash_flow,level,2.0,ACTUAL,VNSTOCK_BRONZE
HIO,LATEST,cash_flow,value,8895245.0,ACTUAL,VNSTOCK_BRONZE
HIO,LATEST,cash_flow,order,40.0,ACTUAL,VNSTOCK_BRONZE
HIO,LATEST,cash_flow,level,1.0,ACTUAL,VNSTOCK_BRONZE
HIO,LATEST,cash_flow,order,41.0,ACTUAL,VNSTOCK_BRONZE
HIO,LATEST,cash_flow,level,2.0,ACTUAL,VNSTOCK_BRONZE
HIO,LATEST,cash_flow,value,0.0,ACTUAL,VNSTOCK_BRONZE
HIO,LATEST,cash_flow,order,42.0,ACTUAL,VNSTOCK_BRONZE
HIO,LATEST,cash_flow,level,2.0,ACTUAL,VNSTOCK_BRONZE
HIO,LATEST,cash_flow,value,0.0,ACTUAL,VNSTOCK_BRONZE
HIO,LATEST,cash_flow,order,43.0,ACTUAL,VNSTOCK_BRONZE
HIO,LATEST,cash_flow,level,2.0,ACTUAL,VNSTOCK_BRONZE
HIO,LATEST,cash_flow,value,32959908426.0,ACTUAL,VNSTOCK_BRONZE
HIO,LATEST,cash_flow,order,44.0,ACTUAL,VNSTOCK_BRONZE
HIO,LATEST,cash_flow,level,2.0,ACTUAL,VNSTOCK_BRONZE
HIO,LATEST,cash_flow,value,-48724608426.0,ACTUAL,VNSTOCK_BRONZE
HIO,LATEST,cash_flow,order,45.0,ACTUAL,VNSTOCK_BRONZE
HIO,LATEST,cash_flow,level,2.0,ACTUAL,VNSTOCK_BRONZE
HIO,LATEST,cash_flow,value,0.0,ACTUAL,VNSTOCK_BRONZE
HIO,LATEST,cash_flow,order,46.0,ACTUAL,VNSTOCK_BRONZE
HIO,LATEST,cash_flow,level,2.0,ACTUAL,VNSTOCK_BRONZE
HIO,LATEST,cash_flow,value,0.0,ACTUAL,VNSTOCK_BRONZE
HIO,LATEST,cash_flow,order,47.0,ACTUAL,VNSTOCK_BRONZE
HIO,LATEST,cash_flow,level,2.0,ACTUAL,VNSTOCK_BRONZE
HIO,LATEST,cash_flow,value,6533089404.0,ACTUAL,VNSTOCK_BRONZE
HIO,LATEST,cash_flow,order,48.0,ACTUAL,VNSTOCK_BRONZE
HIO,LATEST,cash_flow,level,1.0,ACTUAL,VNSTOCK_BRONZE
HIO,LATEST,cash_flow,order,49.0,ACTUAL,VNSTOCK_BRONZE
HIO,LATEST,cash_flow,level,1.0,ACTUAL,VNSTOCK_BRONZE
HIO,LATEST,cash_flow,order,50.0,ACTUAL,VNSTOCK_BRONZE
HIO,LATEST,cash_flow,level,1.0,ACTUAL,VNSTOCK_BRONZE
HIO,LATEST,cash_flow,order,51.0,ACTUAL,VNSTOCK_BRONZE
HIO,LATEST,cash_flow,level,1.0,ACTUAL,VNSTOCK_BRONZE
HIO,LATEST,cash_flow,value,22297789404.0,ACTUAL,VNSTOCK_BRONZE
HIO,LATEST,cash_flow,order,1.0,ACTUAL,VNSTOCK_BRONZE
HIO,LATEST,cash_flow,level,1.0,ACTUAL,VNSTOCK_BRONZE
HIO,LATEST,cash_flow,value,311785831.0,ACTUAL,VNSTOCK_BRONZE
HIO,LATEST,cash_flow,order,2.0,ACTUAL,VNSTOCK_BRONZE
HIO,LATEST,cash_flow,level,2.0,ACTUAL,VNSTOCK_BRONZE
HIO,LATEST,cash_flow,value,6178025070.0,ACTUAL,VNSTOCK_BRONZE
HIO,LATEST,cash_flow,order,3.0,ACTUAL,VNSTOCK_BRONZE
HIO,LATEST,cash_flow,level,2.0,ACTUAL,VNSTOCK_BRONZE
HIO,LATEST,cash_flow,value,11358331795.0,ACTUAL,VNSTOCK_BRONZE
HIO,LATEST,cash_flow,order,4.0,ACTUAL,VNSTOCK_BRONZE
HIO,LATEST,cash_flow,level,2.0,ACTUAL,VNSTOCK_BRONZE
HIO,LATEST,cash_flow,value,0.0,ACTUAL,VNSTOCK_BRONZE
HIO,LATEST,cash_flow,order,5.0,ACTUAL,VNSTOCK_BRONZE
HIO,LATEST,cash_flow,level,2.0,ACTUAL,VNSTOCK_BRONZE
HIO,LATEST,cash_flow,value,0.0,ACTUAL,VNSTOCK_BRONZE
HIO,LATEST,cash_flow,order,6.0,ACTUAL,VNSTOCK_BRONZE
HIO,LATEST,cash_flow,level,2.0,ACTUAL,VNSTOCK_BRONZE
HIO,LATEST,cash_flow,value,0.0,ACTUAL,VNSTOCK_BRONZE
HIO,LATEST,cash_flow,order,7.0,ACTUAL,VNSTOCK_BRONZE
HIO,LATEST,cash_flow,level,2.0,ACTUAL,VNSTOCK_BRONZE
HIO,LATEST,cash_flow,value,-5044874708.0,ACTUAL,VNSTOCK_BRONZE
HIO,LATEST,cash_flow,order,8.0,ACTUAL,VNSTOCK_BRONZE
HIO,LATEST,cash_flow,level,2.0,ACTUAL,VNSTOCK_BRONZE
HIO,LATEST,cash_flow,value,4646845296.0,ACTUAL,VNSTOCK_BRONZE
HIO,LATEST,cash_flow,order,9.0,ACTUAL,VNSTOCK_BRONZE
HIO,LATEST,cash_flow,level,2.0,ACTUAL,VNSTOCK_BRONZE
HIO,LATEST,cash_flow,value,0.0,ACTUAL,VNSTOCK_BRONZE
HIO,LATEST,cash_flow,order,10.0,ACTUAL,VNSTOCK_BRONZE
HIO,LATEST,cash_flow,level,2.0,ACTUAL,VNSTOCK_BRONZE
HIO,LATEST,cash_flow,value,0.0,ACTUAL,VNSTOCK_BRONZE
HIO,LATEST,cash_flow,order,11.0,ACTUAL,VNSTOCK_BRONZE
HIO,LATEST,cash_flow,level,2.0,ACTUAL,VNSTOCK_BRONZE
HIO,LATEST,cash_flow,value,0.0,ACTUAL,VNSTOCK_BRONZE
HIO,LATEST,cash_flow,order,12.0,ACTUAL,VNSTOCK_BRONZE
HIO,LATEST,cash_flow,level,2.0,ACTUAL,VNSTOCK_BRONZE
HIO,LATEST,cash_flow,value,0.0,ACTUAL,VNSTOCK_BRONZE
HIO,LATEST,cash_flow,order,13.0,ACTUAL,VNSTOCK_BRONZE
HIO,LATEST,cash_flow,level,2.0,ACTUAL,VNSTOCK_BRONZE
HIO,LATEST,cash_flow,value,17138327453.0,ACTUAL,VNSTOCK_BRONZE
HIO,LATEST,cash_flow,order,14.0,ACTUAL,VNSTOCK_BRONZE
HIO,LATEST,cash_flow,level,2.0,ACTUAL,VNSTOCK_BRONZE
HIO,LATEST,cash_flow,order,15.0,ACTUAL,VNSTOCK_BRONZE
HIO,LATEST,cash_flow,level,2.0,ACTUAL,VNSTOCK_BRONZE
HIO,LATEST,cash_flow,order,16.0,ACTUAL,VNSTOCK_BRONZE
HIO,LATEST,cash_flow,level,2.0,ACTUAL,VNSTOCK_BRONZE
HIO,LATEST,cash_flow,order,17.0,ACTUAL,VNSTOCK_BRONZE
HIO,LATEST,cash_flow,level,2.0,ACTUAL,VNSTOCK_BRONZE
HIO,LATEST,cash_flow,order,18.0,ACTUAL,VNSTOCK_BRONZE
HIO,LATEST,cash_flow,level,2.0,ACTUAL,VNSTOCK_BRONZE
HIO,LATEST,cash_flow,order,19.0,ACTUAL,VNSTOCK_BRONZE
HIO,LATEST,cash_flow,level,2.0,ACTUAL,VNSTOCK_BRONZE
HIO,LATEST,cash_flow,order,20.0,ACTUAL,VNSTOCK_BRONZE
HIO,LATEST,cash_flow,level,2.0,ACTUAL,VNSTOCK_BRONZE
HIO,LATEST,cash_flow,order,21.0,ACTUAL,VNSTOCK_BRONZE
HIO,LATEST,cash_flow,level,2.0,ACTUAL,VNSTOCK_BRONZE
HIO,LATEST,cash_flow,order,22.0,ACTUAL,VNSTOCK_BRONZE
HIO,LATEST,cash_flow,level,2.0,ACTUAL,VNSTOCK_BRONZE
HIO,LATEST,cash_flow,order,23.0,ACTUAL,VNSTOCK_BRONZE
HIO,LATEST,cash_flow,level,2.0,ACTUAL,VNSTOCK_BRONZE
HIO,LATEST,cash_flow,order,24.0,ACTUAL,VNSTOCK_BRONZE
HIO,LATEST,cash_flow,level,2.0,ACTUAL,VNSTOCK_BRONZE
HIO,LATEST,cash_flow,value,-9822418927.0,ACTUAL,VNSTOCK_BRONZE
HIO,LATEST,cash_flow,order,25.0,ACTUAL,VNSTOCK_BRONZE
HIO,LATEST,cash_flow,level,2.0,ACTUAL,VNSTOCK_BRONZE
HIO,LATEST,cash_flow,value,0.0,ACTUAL,VNSTOCK_BRONZE
HIO,LATEST,cash_flow,order,26.0,ACTUAL,VNSTOCK_BRONZE
HIO,LATEST,cash_flow,level,2.0,ACTUAL,VNSTOCK_BRONZE
HIO,LATEST,cash_flow,value,-2844855745.0,ACTUAL,VNSTOCK_BRONZE
HIO,LATEST,cash_flow,order,27.0,ACTUAL,VNSTOCK_BRONZE
HIO,LATEST,cash_flow,level,2.0,ACTUAL,VNSTOCK_BRONZE
HIO,LATEST,cash_flow,value,1099751642.0,ACTUAL,VNSTOCK_BRONZE
HIO,LATEST,cash_flow,order,28.0,ACTUAL,VNSTOCK_BRONZE
HIO,LATEST,cash_flow,level,2.0,ACTUAL,VNSTOCK_BRONZE
HIO,LATEST,cash_flow,value,-4688080511.0,ACTUAL,VNSTOCK_BRONZE
HIO,LATEST,cash_flow,order,29.0,ACTUAL,VNSTOCK_BRONZE
HIO,LATEST,cash_flow,level,2.0,ACTUAL,VNSTOCK_BRONZE
HIO,LATEST,cash_flow,order,30.0,ACTUAL,VNSTOCK_BRONZE
HIO,LATEST,cash_flow,level,2.0,ACTUAL,VNSTOCK_BRONZE
HIO,LATEST,cash_flow,value,0.0,ACTUAL,VNSTOCK_BRONZE
HIO,LATEST,cash_flow,order,31.0,ACTUAL,VNSTOCK_BRONZE
HIO,LATEST,cash_flow,level,2.0,ACTUAL,VNSTOCK_BRONZE
HIO,LATEST,cash_flow,value,-570938081.0,ACTUAL,VNSTOCK_BRONZE
HIO,LATEST,cash_flow,order,32.0,ACTUAL,VNSTOCK_BRONZE
HIO,LATEST,cash_flow,level,1.0,ACTUAL,VNSTOCK_BRONZE
HIO,LATEST,cash_flow,value,2353447188.0,ACTUAL,VNSTOCK_BRONZE
HIO,LATEST,cash_flow,order,33.0,ACTUAL,VNSTOCK_BRONZE
HIO,LATEST,cash_flow,level,2.0,ACTUAL,VNSTOCK_BRONZE
HIO,LATEST,cash_flow,value,0.0,ACTUAL,VNSTOCK_BRONZE
HIO,LATEST,cash_flow,order,34.0,ACTUAL,VNSTOCK_BRONZE
HIO,LATEST,cash_flow,level,2.0,ACTUAL,VNSTOCK_BRONZE
HIO,LATEST,cash_flow,value,6545000000.0,ACTUAL,VNSTOCK_BRONZE
HIO,LATEST,cash_flow,order,35.0,ACTUAL,VNSTOCK_BRONZE
HIO,LATEST,cash_flow,level,2.0,ACTUAL,VNSTOCK_BRONZE
HIO,LATEST,cash_flow,value,86000000000.0,ACTUAL,VNSTOCK_BRONZE
HIO,LATEST,cash_flow,order,36.0,ACTUAL,VNSTOCK_BRONZE
HIO,LATEST,cash_flow,level,2.0,ACTUAL,VNSTOCK_BRONZE
HIO,LATEST,cash_flow,value,-86000000000.0,ACTUAL,VNSTOCK_BRONZE
HIO,LATEST,cash_flow,order,37.0,ACTUAL,VNSTOCK_BRONZE
HIO,LATEST,cash_flow,level,2.0,ACTUAL,VNSTOCK_BRONZE
HIO,LATEST,cash_flow,value,-4273000000.0,ACTUAL,VNSTOCK_BRONZE
HIO,LATEST,cash_flow,order,38.0,ACTUAL,VNSTOCK_BRONZE
HIO,LATEST,cash_flow,level,2.0,ACTUAL,VNSTOCK_BRONZE
HIO,LATEST,cash_flow,value,0.0,ACTUAL,VNSTOCK_BRONZE
HIO,LATEST,cash_flow,order,39.0,ACTUAL,VNSTOCK_BRONZE
HIO,LATEST,cash_flow,level,2.0,ACTUAL,VNSTOCK_BRONZE
HIO,LATEST,cash_flow,value,81447188.0,ACTUAL,VNSTOCK_BRONZE
HIO,LATEST,cash_flow,order,40.0,ACTUAL,VNSTOCK_BRONZE
HIO,LATEST,cash_flow,level,1.0,ACTUAL,VNSTOCK_BRONZE
HIO,LATEST,cash_flow,order,41.0,ACTUAL,VNSTOCK_BRONZE
HIO,LATEST,cash_flow,level,2.0,ACTUAL,VNSTOCK_BRONZE
HIO,LATEST,cash_flow,value,0.0,ACTUAL,VNSTOCK_BRONZE
HIO,LATEST,cash_flow,order,42.0,ACTUAL,VNSTOCK_BRONZE
HIO,LATEST,cash_flow,level,2.0,ACTUAL,VNSTOCK_BRONZE
HIO,LATEST,cash_flow,value,0.0,ACTUAL,VNSTOCK_BRONZE
HIO,LATEST,cash_flow,order,43.0,ACTUAL,VNSTOCK_BRONZE
HIO,LATEST,cash_flow,level,2.0,ACTUAL,VNSTOCK_BRONZE
HIO,LATEST,cash_flow,value,280000000.0,ACTUAL,VNSTOCK_BRONZE
HIO,LATEST,cash_flow,order,44.0,ACTUAL,VNSTOCK_BRONZE
HIO,LATEST,cash_flow,level,2.0,ACTUAL,VNSTOCK_BRONZE
HIO,LATEST,cash_flow,value,-17688500000.0,ACTUAL,VNSTOCK_BRONZE
HIO,LATEST,cash_flow,order,45.0,ACTUAL,VNSTOCK_BRONZE
HIO,LATEST,cash_flow,level,2.0,ACTUAL,VNSTOCK_BRONZE
HIO,LATEST,cash_flow,value,0.0,ACTUAL,VNSTOCK_BRONZE
HIO,LATEST,cash_flow,order,46.0,ACTUAL,VNSTOCK_BRONZE
HIO,LATEST,cash_flow,level,2.0,ACTUAL,VNSTOCK_BRONZE
HIO,LATEST,cash_flow,value,0.0,ACTUAL,VNSTOCK_BRONZE
HIO,LATEST,cash_flow,order,47.0,ACTUAL,VNSTOCK_BRONZE
HIO,LATEST,cash_flow,level,2.0,ACTUAL,VNSTOCK_BRONZE
HIO,LATEST,cash_flow,value,14876588317.0,ACTUAL,VNSTOCK_BRONZE
HIO,LATEST,cash_flow,order,48.0,ACTUAL,VNSTOCK_BRONZE
HIO,LATEST,cash_flow,level,1.0,ACTUAL,VNSTOCK_BRONZE
HIO,LATEST,cash_flow,order,49.0,ACTUAL,VNSTOCK_BRONZE
HIO,LATEST,cash_flow,level,1.0,ACTUAL,VNSTOCK_BRONZE
HIO,LATEST,cash_flow,order,50.0,ACTUAL,VNSTOCK_BRONZE
HIO,LATEST,cash_flow,level,1.0,ACTUAL,VNSTOCK_BRONZE
HIO,LATEST,cash_flow,order,51.0,ACTUAL,VNSTOCK_BRONZE
HIO,LATEST,cash_flow,level,1.0,ACTUAL,VNSTOCK_BRONZE
HIO,LATEST,cash_flow,value,32285088317.0,ACTUAL,VNSTOCK_BRONZE
HIO,LATEST,cash_flow,order,1.0,ACTUAL,VNSTOCK_BRONZE
HIO,LATEST,cash_flow,level,1.0,ACTUAL,VNSTOCK_BRONZE
HIO,LATEST,cash_flow,value,7656652298.0,ACTUAL,VNSTOCK_BRONZE
HIO,LATEST,cash_flow,order,2.0,ACTUAL,VNSTOCK_BRONZE
HIO,LATEST,cash_flow,level,2.0,ACTUAL,VNSTOCK_BRONZE
HIO,LATEST,cash_flow,value,4458083989.0,ACTUAL,VNSTOCK_BRONZE
HIO,LATEST,cash_flow,order,3.0,ACTUAL,VNSTOCK_BRONZE
HIO,LATEST,cash_flow,level,2.0,ACTUAL,VNSTOCK_BRONZE
HIO,LATEST,cash_flow,value,11162002693.0,ACTUAL,VNSTOCK_BRONZE
HIO,LATEST,cash_flow,order,4.0,ACTUAL,VNSTOCK_BRONZE
HIO,LATEST,cash_flow,level,2.0,ACTUAL,VNSTOCK_BRONZE
HIO,LATEST,cash_flow,value,0.0,ACTUAL,VNSTOCK_BRONZE
HIO,LATEST,cash_flow,order,5.0,ACTUAL,VNSTOCK_BRONZE
HIO,LATEST,cash_flow,level,2.0,ACTUAL,VNSTOCK_BRONZE
HIO,LATEST,cash_flow,value,0.0,ACTUAL,VNSTOCK_BRONZE
HIO,LATEST,cash_flow,order,6.0,ACTUAL,VNSTOCK_BRONZE
HIO,LATEST,cash_flow,level,2.0,ACTUAL,VNSTOCK_BRONZE
HIO,LATEST,cash_flow,value,0.0,ACTUAL,VNSTOCK_BRONZE
HIO,LATEST,cash_flow,order,7.0,ACTUAL,VNSTOCK_BRONZE
HIO,LATEST,cash_flow,level,2.0,ACTUAL,VNSTOCK_BRONZE
HIO,LATEST,cash_flow,value,-192658390.0,ACTUAL,VNSTOCK_BRONZE
HIO,LATEST,cash_flow,order,8.0,ACTUAL,VNSTOCK_BRONZE
HIO,LATEST,cash_flow,level,2.0,ACTUAL,VNSTOCK_BRONZE
HIO,LATEST,cash_flow,value,4800209411.0,ACTUAL,VNSTOCK_BRONZE
HIO,LATEST,cash_flow,order,9.0,ACTUAL,VNSTOCK_BRONZE
HIO,LATEST,cash_flow,level,2.0,ACTUAL,VNSTOCK_BRONZE
HIO,LATEST,cash_flow,value,0.0,ACTUAL,VNSTOCK_BRONZE
HIO,LATEST,cash_flow,order,10.0,ACTUAL,VNSTOCK_BRONZE
HIO,LATEST,cash_flow,level,2.0,ACTUAL,VNSTOCK_BRONZE
HIO,LATEST,cash_flow,value,0.0,ACTUAL,VNSTOCK_BRONZE
HIO,LATEST,cash_flow,order,11.0,ACTUAL,VNSTOCK_BRONZE
HIO,LATEST,cash_flow,level,2.0,ACTUAL,VNSTOCK_BRONZE
HIO,LATEST,cash_flow,value,0.0,ACTUAL,VNSTOCK_BRONZE
HIO,LATEST,cash_flow,order,12.0,ACTUAL,VNSTOCK_BRONZE
HIO,LATEST,cash_flow,level,2.0,ACTUAL,VNSTOCK_BRONZE
HIO,LATEST,cash_flow,value,0.0,ACTUAL,VNSTOCK_BRONZE
HIO,LATEST,cash_flow,order,13.0,ACTUAL,VNSTOCK_BRONZE
HIO,LATEST,cash_flow,level,2.0,ACTUAL,VNSTOCK_BRONZE
HIO,LATEST,cash_flow,value,20227637703.0,ACTUAL,VNSTOCK_BRONZE
HIO,LATEST,cash_flow,order,14.0,ACTUAL,VNSTOCK_BRONZE
HIO,LATEST,cash_flow,level,2.0,ACTUAL,VNSTOCK_BRONZE
HIO,LATEST,cash_flow,order,15.0,ACTUAL,VNSTOCK_BRONZE
HIO,LATEST,cash_flow,level,2.0,ACTUAL,VNSTOCK_BRONZE
HIO,LATEST,cash_flow,order,16.0,ACTUAL,VNSTOCK_BRONZE
HIO,LATEST,cash_flow,level,2.0,ACTUAL,VNSTOCK_BRONZE
HIO,LATEST,cash_flow,order,17.0,ACTUAL,VNSTOCK_BRONZE
HIO,LATEST,cash_flow,level,2.0,ACTUAL,VNSTOCK_BRONZE
HIO,LATEST,cash_flow,order,18.0,ACTUAL,VNSTOCK_BRONZE
HIO,LATEST,cash_flow,level,2.0,ACTUAL,VNSTOCK_BRONZE
HIO,LATEST,cash_flow,order,19.0,ACTUAL,VNSTOCK_BRONZE
HIO,LATEST,cash_flow,level,2.0,ACTUAL,VNSTOCK_BRONZE
HIO,LATEST,cash_flow,order,20.0,ACTUAL,VNSTOCK_BRONZE
HIO,LATEST,cash_flow,level,2.0,ACTUAL,VNSTOCK_BRONZE
HIO,LATEST,cash_flow,order,21.0,ACTUAL,VNSTOCK_BRONZE
HIO,LATEST,cash_flow,level,2.0,ACTUAL,VNSTOCK_BRONZE
HIO,LATEST,cash_flow,order,22.0,ACTUAL,VNSTOCK_BRONZE
HIO,LATEST,cash_flow,level,2.0,ACTUAL,VNSTOCK_BRONZE
HIO,LATEST,cash_flow,order,23.0,ACTUAL,VNSTOCK_BRONZE
HIO,LATEST,cash_flow,level,2.0,ACTUAL,VNSTOCK_BRONZE
HIO,LATEST,cash_flow,order,24.0,ACTUAL,VNSTOCK_BRONZE
HIO,LATEST,cash_flow,level,2.0,ACTUAL,VNSTOCK_BRONZE
HIO,LATEST,cash_flow,value,-4328819705.0,ACTUAL,VNSTOCK_BRONZE
HIO,LATEST,cash_flow,order,25.0,ACTUAL,VNSTOCK_BRONZE
HIO,LATEST,cash_flow,level,2.0,ACTUAL,VNSTOCK_BRONZE
HIO,LATEST,cash_flow,value,356627505.0,ACTUAL,VNSTOCK_BRONZE
HIO,LATEST,cash_flow,order,26.0,ACTUAL,VNSTOCK_BRONZE
HIO,LATEST,cash_flow,level,2.0,ACTUAL,VNSTOCK_BRONZE
HIO,LATEST,cash_flow,value,1516512454.0,ACTUAL,VNSTOCK_BRONZE
HIO,LATEST,cash_flow,order,27.0,ACTUAL,VNSTOCK_BRONZE
HIO,LATEST,cash_flow,level,2.0,ACTUAL,VNSTOCK_BRONZE
HIO,LATEST,cash_flow,value,-596123280.0,ACTUAL,VNSTOCK_BRONZE
HIO,LATEST,cash_flow,order,28.0,ACTUAL,VNSTOCK_BRONZE
HIO,LATEST,cash_flow,level,2.0,ACTUAL,VNSTOCK_BRONZE
HIO,LATEST,cash_flow,value,-4789077126.0,ACTUAL,VNSTOCK_BRONZE
HIO,LATEST,cash_flow,order,29.0,ACTUAL,VNSTOCK_BRONZE
HIO,LATEST,cash_flow,level,2.0,ACTUAL,VNSTOCK_BRONZE
HIO,LATEST,cash_flow,order,30.0,ACTUAL,VNSTOCK_BRONZE
HIO,LATEST,cash_flow,level,2.0,ACTUAL,VNSTOCK_BRONZE
HIO,LATEST,cash_flow,value,0.0,ACTUAL,VNSTOCK_BRONZE
HIO,LATEST,cash_flow,order,31.0,ACTUAL,VNSTOCK_BRONZE
HIO,LATEST,cash_flow,level,2.0,ACTUAL,VNSTOCK_BRONZE
HIO,LATEST,cash_flow,value,0.0,ACTUAL,VNSTOCK_BRONZE
HIO,LATEST,cash_flow,order,32.0,ACTUAL,VNSTOCK_BRONZE
HIO,LATEST,cash_flow,level,1.0,ACTUAL,VNSTOCK_BRONZE
HIO,LATEST,cash_flow,value,25116158109.0,ACTUAL,VNSTOCK_BRONZE
HIO,LATEST,cash_flow,order,33.0,ACTUAL,VNSTOCK_BRONZE
HIO,LATEST,cash_flow,level,2.0,ACTUAL,VNSTOCK_BRONZE
HIO,LATEST,cash_flow,value,0.0,ACTUAL,VNSTOCK_BRONZE
HIO,LATEST,cash_flow,order,34.0,ACTUAL,VNSTOCK_BRONZE
HIO,LATEST,cash_flow,level,2.0,ACTUAL,VNSTOCK_BRONZE
HIO,LATEST,cash_flow,value,0.0,ACTUAL,VNSTOCK_BRONZE
HIO,LATEST,cash_flow,order,35.0,ACTUAL,VNSTOCK_BRONZE
HIO,LATEST,cash_flow,level,2.0,ACTUAL,VNSTOCK_BRONZE
HIO,LATEST,cash_flow,value,-61000000000.0,ACTUAL,VNSTOCK_BRONZE
HIO,LATEST,cash_flow,order,36.0,ACTUAL,VNSTOCK_BRONZE
HIO,LATEST,cash_flow,level,2.0,ACTUAL,VNSTOCK_BRONZE
HIO,LATEST,cash_flow,value,86000000000.0,ACTUAL,VNSTOCK_BRONZE
HIO,LATEST,cash_flow,order,37.0,ACTUAL,VNSTOCK_BRONZE
HIO,LATEST,cash_flow,level,2.0,ACTUAL,VNSTOCK_BRONZE
HIO,LATEST,cash_flow,value,0.0,ACTUAL,VNSTOCK_BRONZE
HIO,LATEST,cash_flow,order,38.0,ACTUAL,VNSTOCK_BRONZE
HIO,LATEST,cash_flow,level,2.0,ACTUAL,VNSTOCK_BRONZE
HIO,LATEST,cash_flow,value,0.0,ACTUAL,VNSTOCK_BRONZE
HIO,LATEST,cash_flow,order,39.0,ACTUAL,VNSTOCK_BRONZE
HIO,LATEST,cash_flow,level,2.0,ACTUAL,VNSTOCK_BRONZE
HIO,LATEST,cash_flow,value,116158109.0,ACTUAL,VNSTOCK_BRONZE
HIO,LATEST,cash_flow,order,40.0,ACTUAL,VNSTOCK_BRONZE
HIO,LATEST,cash_flow,level,1.0,ACTUAL,VNSTOCK_BRONZE
HIO,LATEST,cash_flow,order,41.0,ACTUAL,VNSTOCK_BRONZE
HIO,LATEST,cash_flow,level,2.0,ACTUAL,VNSTOCK_BRONZE
HIO,LATEST,cash_flow,value,0.0,ACTUAL,VNSTOCK_BRONZE
HIO,LATEST,cash_flow,order,42.0,ACTUAL,VNSTOCK_BRONZE
HIO,LATEST,cash_flow,level,2.0,ACTUAL,VNSTOCK_BRONZE
HIO,LATEST,cash_flow,value,0.0,ACTUAL,VNSTOCK_BRONZE
HIO,LATEST,cash_flow,order,43.0,ACTUAL,VNSTOCK_BRONZE
HIO,LATEST,cash_flow,level,2.0,ACTUAL,VNSTOCK_BRONZE
HIO,LATEST,cash_flow,value,1785000000.0,ACTUAL,VNSTOCK_BRONZE
HIO,LATEST,cash_flow,order,44.0,ACTUAL,VNSTOCK_BRONZE
HIO,LATEST,cash_flow,level,2.0,ACTUAL,VNSTOCK_BRONZE
HIO,LATEST,cash_flow,value,-15712500000.0,ACTUAL,VNSTOCK_BRONZE
HIO,LATEST,cash_flow,order,45.0,ACTUAL,VNSTOCK_BRONZE
HIO,LATEST,cash_flow,level,2.0,ACTUAL,VNSTOCK_BRONZE
HIO,LATEST,cash_flow,value,0.0,ACTUAL,VNSTOCK_BRONZE
HIO,LATEST,cash_flow,order,46.0,ACTUAL,VNSTOCK_BRONZE
HIO,LATEST,cash_flow,level,2.0,ACTUAL,VNSTOCK_BRONZE
HIO,LATEST,cash_flow,value,0.0,ACTUAL,VNSTOCK_BRONZE
HIO,LATEST,cash_flow,order,47.0,ACTUAL,VNSTOCK_BRONZE
HIO,LATEST,cash_flow,level,2.0,ACTUAL,VNSTOCK_BRONZE
HIO,LATEST,cash_flow,value,33100855298.0,ACTUAL,VNSTOCK_BRONZE
HIO,LATEST,cash_flow,order,48.0,ACTUAL,VNSTOCK_BRONZE
HIO,LATEST,cash_flow,level,1.0,ACTUAL,VNSTOCK_BRONZE
HIO,LATEST,cash_flow,order,49.0,ACTUAL,VNSTOCK_BRONZE
HIO,LATEST,cash_flow,level,1.0,ACTUAL,VNSTOCK_BRONZE
HIO,LATEST,cash_flow,order,50.0,ACTUAL,VNSTOCK_BRONZE
HIO,LATEST,cash_flow,level,1.0,ACTUAL,VNSTOCK_BRONZE
HIO,LATEST,cash_flow,order,51.0,ACTUAL,VNSTOCK_BRONZE
HIO,LATEST,cash_flow,level,1.0,ACTUAL,VNSTOCK_BRONZE
HIO,LATEST,cash_flow,value,47028355298.0,ACTUAL,VNSTOCK_BRONZE
HIO,LATEST,cash_flow,order,1.0,ACTUAL,VNSTOCK_BRONZE
HIO,LATEST,cash_flow,level,1.0,ACTUAL,VNSTOCK_BRONZE
HIO,LATEST,cash_flow,value,20932381836.0,ACTUAL,VNSTOCK_BRONZE
HIO,LATEST,cash_flow,order,2.0,ACTUAL,VNSTOCK_BRONZE
HIO,LATEST,cash_flow,level,2.0,ACTUAL,VNSTOCK_BRONZE
HIO,LATEST,cash_flow,value,9040583515.0,ACTUAL,VNSTOCK_BRONZE
HIO,LATEST,cash_flow,order,3.0,ACTUAL,VNSTOCK_BRONZE
HIO,LATEST,cash_flow,level,2.0,ACTUAL,VNSTOCK_BRONZE
HIO,LATEST,cash_flow,value,11180787916.0,ACTUAL,VNSTOCK_BRONZE
HIO,LATEST,cash_flow,order,4.0,ACTUAL,VNSTOCK_BRONZE
HIO,LATEST,cash_flow,level,2.0,ACTUAL,VNSTOCK_BRONZE
HIO,LATEST,cash_flow,value,0.0,ACTUAL,VNSTOCK_BRONZE
HIO,LATEST,cash_flow,order,5.0,ACTUAL,VNSTOCK_BRONZE
HIO,LATEST,cash_flow,level,2.0,ACTUAL,VNSTOCK_BRONZE
HIO,LATEST,cash_flow,value,0.0,ACTUAL,VNSTOCK_BRONZE
HIO,LATEST,cash_flow,order,6.0,ACTUAL,VNSTOCK_BRONZE
HIO,LATEST,cash_flow,level,2.0,ACTUAL,VNSTOCK_BRONZE
HIO,LATEST,cash_flow,value,0.0,ACTUAL,VNSTOCK_BRONZE
HIO,LATEST,cash_flow,order,7.0,ACTUAL,VNSTOCK_BRONZE
HIO,LATEST,cash_flow,level,2.0,ACTUAL,VNSTOCK_BRONZE
HIO,LATEST,cash_flow,value,-996329823.0,ACTUAL,VNSTOCK_BRONZE
HIO,LATEST,cash_flow,order,8.0,ACTUAL,VNSTOCK_BRONZE
HIO,LATEST,cash_flow,level,2.0,ACTUAL,VNSTOCK_BRONZE
HIO,LATEST,cash_flow,value,6141906408.0,ACTUAL,VNSTOCK_BRONZE
HIO,LATEST,cash_flow,order,9.0,ACTUAL,VNSTOCK_BRONZE
HIO,LATEST,cash_flow,level,2.0,ACTUAL,VNSTOCK_BRONZE
HIO,LATEST,cash_flow,value,0.0,ACTUAL,VNSTOCK_BRONZE
HIO,LATEST,cash_flow,order,10.0,ACTUAL,VNSTOCK_BRONZE
HIO,LATEST,cash_flow,level,2.0,ACTUAL,VNSTOCK_BRONZE
HIO,LATEST,cash_flow,value,0.0,ACTUAL,VNSTOCK_BRONZE
HIO,LATEST,cash_flow,order,11.0,ACTUAL,VNSTOCK_BRONZE
HIO,LATEST,cash_flow,level,2.0,ACTUAL,VNSTOCK_BRONZE
HIO,LATEST,cash_flow,value,0.0,ACTUAL,VNSTOCK_BRONZE
HIO,LATEST,cash_flow,order,12.0,ACTUAL,VNSTOCK_BRONZE
HIO,LATEST,cash_flow,level,2.0,ACTUAL,VNSTOCK_BRONZE
HIO,LATEST,cash_flow,value,0.0,ACTUAL,VNSTOCK_BRONZE
HIO,LATEST,cash_flow,order,13.0,ACTUAL,VNSTOCK_BRONZE
HIO,LATEST,cash_flow,level,2.0,ACTUAL,VNSTOCK_BRONZE
HIO,LATEST,cash_flow,value,25366948016.0,ACTUAL,VNSTOCK_BRONZE
HIO,LATEST,cash_flow,order,14.0,ACTUAL,VNSTOCK_BRONZE
HIO,LATEST,cash_flow,level,2.0,ACTUAL,VNSTOCK_BRONZE
HIO,LATEST,cash_flow,order,15.0,ACTUAL,VNSTOCK_BRONZE
HIO,LATEST,cash_flow,level,2.0,ACTUAL,VNSTOCK_BRONZE
HIO,LATEST,cash_flow,order,16.0,ACTUAL,VNSTOCK_BRONZE
HIO,LATEST,cash_flow,level,2.0,ACTUAL,VNSTOCK_BRONZE
HIO,LATEST,cash_flow,order,17.0,ACTUAL,VNSTOCK_BRONZE
HIO,LATEST,cash_flow,level,2.0,ACTUAL,VNSTOCK_BRONZE
HIO,LATEST,cash_flow,order,18.0,ACTUAL,VNSTOCK_BRONZE
HIO,LATEST,cash_flow,level,2.0,ACTUAL,VNSTOCK_BRONZE
HIO,LATEST,cash_flow,order,19.0,ACTUAL,VNSTOCK_BRONZE
HIO,LATEST,cash_flow,level,2.0,ACTUAL,VNSTOCK_BRONZE
HIO,LATEST,cash_flow,order,20.0,ACTUAL,VNSTOCK_BRONZE
HIO,LATEST,cash_flow,level,2.0,ACTUAL,VNSTOCK_BRONZE
HIO,LATEST,cash_flow,order,21.0,ACTUAL,VNSTOCK_BRONZE
HIO,LATEST,cash_flow,level,2.0,ACTUAL,VNSTOCK_BRONZE
HIO,LATEST,cash_flow,order,22.0,ACTUAL,VNSTOCK_BRONZE
HIO,LATEST,cash_flow,level,2.0,ACTUAL,VNSTOCK_BRONZE
HIO,LATEST,cash_flow,order,23.0,ACTUAL,VNSTOCK_BRONZE
HIO,LATEST,cash_flow,level,2.0,ACTUAL,VNSTOCK_BRONZE
HIO,LATEST,cash_flow,order,24.0,ACTUAL,VNSTOCK_BRONZE
HIO,LATEST,cash_flow,level,2.0,ACTUAL,VNSTOCK_BRONZE
HIO,LATEST,cash_flow,value,2107973633.0,ACTUAL,VNSTOCK_BRONZE
HIO,LATEST,cash_flow,order,25.0,ACTUAL,VNSTOCK_BRONZE
HIO,LATEST,cash_flow,level,2.0,ACTUAL,VNSTOCK_BRONZE
HIO,LATEST,cash_flow,value,58214418.0,ACTUAL,VNSTOCK_BRONZE
HIO,LATEST,cash_flow,order,26.0,ACTUAL,VNSTOCK_BRONZE
HIO,LATEST,cash_flow,level,2.0,ACTUAL,VNSTOCK_BRONZE
HIO,LATEST,cash_flow,value,236651039.0,ACTUAL,VNSTOCK_BRONZE
HIO,LATEST,cash_flow,order,27.0,ACTUAL,VNSTOCK_BRONZE
HIO,LATEST,cash_flow,level,2.0,ACTUAL,VNSTOCK_BRONZE
HIO,LATEST,cash_flow,value,-134081130.0,ACTUAL,VNSTOCK_BRONZE
HIO,LATEST,cash_flow,order,28.0,ACTUAL,VNSTOCK_BRONZE
HIO,LATEST,cash_flow,level,2.0,ACTUAL,VNSTOCK_BRONZE
HIO,LATEST,cash_flow,value,-6703324140.0,ACTUAL,VNSTOCK_BRONZE
HIO,LATEST,cash_flow,order,29.0,ACTUAL,VNSTOCK_BRONZE
HIO,LATEST,cash_flow,level,2.0,ACTUAL,VNSTOCK_BRONZE
HIO,LATEST,cash_flow,order,30.0,ACTUAL,VNSTOCK_BRONZE
HIO,LATEST,cash_flow,level,2.0,ACTUAL,VNSTOCK_BRONZE
HIO,LATEST,cash_flow,value,0.0,ACTUAL,VNSTOCK_BRONZE
HIO,LATEST,cash_flow,order,31.0,ACTUAL,VNSTOCK_BRONZE
HIO,LATEST,cash_flow,level,2.0,ACTUAL,VNSTOCK_BRONZE
HIO,LATEST,cash_flow,value,0.0,ACTUAL,VNSTOCK_BRONZE
HIO,LATEST,cash_flow,order,32.0,ACTUAL,VNSTOCK_BRONZE
HIO,LATEST,cash_flow,level,1.0,ACTUAL,VNSTOCK_BRONZE
HIO,LATEST,cash_flow,value,-1414497643.0,ACTUAL,VNSTOCK_BRONZE
HIO,LATEST,cash_flow,order,33.0,ACTUAL,VNSTOCK_BRONZE
HIO,LATEST,cash_flow,level,2.0,ACTUAL,VNSTOCK_BRONZE
HIO,LATEST,cash_flow,value,0.0,ACTUAL,VNSTOCK_BRONZE
HIO,LATEST,cash_flow,order,34.0,ACTUAL,VNSTOCK_BRONZE
HIO,LATEST,cash_flow,level,2.0,ACTUAL,VNSTOCK_BRONZE
HIO,LATEST,cash_flow,value,0.0,ACTUAL,VNSTOCK_BRONZE
HIO,LATEST,cash_flow,order,35.0,ACTUAL,VNSTOCK_BRONZE
HIO,LATEST,cash_flow,level,2.0,ACTUAL,VNSTOCK_BRONZE
HIO,LATEST,cash_flow,value,-25000000000.0,ACTUAL,VNSTOCK_BRONZE
HIO,LATEST,cash_flow,order,36.0,ACTUAL,VNSTOCK_BRONZE
HIO,LATEST,cash_flow,level,2.0,ACTUAL,VNSTOCK_BRONZE
HIO,LATEST,cash_flow,value,0.0,ACTUAL,VNSTOCK_BRONZE
HIO,LATEST,cash_flow,order,37.0,ACTUAL,VNSTOCK_BRONZE
HIO,LATEST,cash_flow,level,2.0,ACTUAL,VNSTOCK_BRONZE
HIO,LATEST,cash_flow,value,0.0,ACTUAL,VNSTOCK_BRONZE
HIO,LATEST,cash_flow,order,38.0,ACTUAL,VNSTOCK_BRONZE
HIO,LATEST,cash_flow,level,2.0,ACTUAL,VNSTOCK_BRONZE
HIO,LATEST,cash_flow,value,22800000000.0,ACTUAL,VNSTOCK_BRONZE
HIO,LATEST,cash_flow,order,39.0,ACTUAL,VNSTOCK_BRONZE
HIO,LATEST,cash_flow,level,2.0,ACTUAL,VNSTOCK_BRONZE
HIO,LATEST,cash_flow,value,785502357.0,ACTUAL,VNSTOCK_BRONZE
HIO,LATEST,cash_flow,order,40.0,ACTUAL,VNSTOCK_BRONZE
HIO,LATEST,cash_flow,level,1.0,ACTUAL,VNSTOCK_BRONZE
HIO,LATEST,cash_flow,order,41.0,ACTUAL,VNSTOCK_BRONZE
HIO,LATEST,cash_flow,level,2.0,ACTUAL,VNSTOCK_BRONZE
HIO,LATEST,cash_flow,value,0.0,ACTUAL,VNSTOCK_BRONZE
HIO,LATEST,cash_flow,order,42.0,ACTUAL,VNSTOCK_BRONZE
HIO,LATEST,cash_flow,level,2.0,ACTUAL,VNSTOCK_BRONZE
HIO,LATEST,cash_flow,value,0.0,ACTUAL,VNSTOCK_BRONZE
HIO,LATEST,cash_flow,order,43.0,ACTUAL,VNSTOCK_BRONZE
HIO,LATEST,cash_flow,level,2.0,ACTUAL,VNSTOCK_BRONZE
HIO,LATEST,cash_flow,value,170161908426.0,ACTUAL,VNSTOCK_BRONZE
HIO,LATEST,cash_flow,order,44.0,ACTUAL,VNSTOCK_BRONZE
HIO,LATEST,cash_flow,level,2.0,ACTUAL,VNSTOCK_BRONZE
HIO,LATEST,cash_flow,value,-188301568964.0,ACTUAL,VNSTOCK_BRONZE
HIO,LATEST,cash_flow,order,45.0,ACTUAL,VNSTOCK_BRONZE
HIO,LATEST,cash_flow,level,2.0,ACTUAL,VNSTOCK_BRONZE
HIO,LATEST,cash_flow,value,0.0,ACTUAL,VNSTOCK_BRONZE
HIO,LATEST,cash_flow,order,46.0,ACTUAL,VNSTOCK_BRONZE
HIO,LATEST,cash_flow,level,2.0,ACTUAL,VNSTOCK_BRONZE
HIO,LATEST,cash_flow,value,0.0,ACTUAL,VNSTOCK_BRONZE
HIO,LATEST,cash_flow,order,47.0,ACTUAL,VNSTOCK_BRONZE
HIO,LATEST,cash_flow,level,2.0,ACTUAL,VNSTOCK_BRONZE
HIO,LATEST,cash_flow,value,10043384353.0,ACTUAL,VNSTOCK_BRONZE
HIO,LATEST,cash_flow,order,48.0,ACTUAL,VNSTOCK_BRONZE
HIO,LATEST,cash_flow,level,1.0,ACTUAL,VNSTOCK_BRONZE
HIO,LATEST,cash_flow,order,49.0,ACTUAL,VNSTOCK_BRONZE
HIO,LATEST,cash_flow,level,1.0,ACTUAL,VNSTOCK_BRONZE
HIO,LATEST,cash_flow,order,50.0,ACTUAL,VNSTOCK_BRONZE
HIO,LATEST,cash_flow,level,1.0,ACTUAL,VNSTOCK_BRONZE
HIO,LATEST,cash_flow,order,51.0,ACTUAL,VNSTOCK_BRONZE
HIO,LATEST,cash_flow,level,1.0,ACTUAL,VNSTOCK_BRONZE
HIO,LATEST,cash_flow,value,28183044891.0,ACTUAL,VNSTOCK_BRONZE
HIO,LATEST,cash_flow,order,1.0,ACTUAL,VNSTOCK_BRONZE
HIO,LATEST,cash_flow,level,1.0,ACTUAL,VNSTOCK_BRONZE
HIO,LATEST,cash_flow,value,19466206177.0,ACTUAL,VNSTOCK_BRONZE
HIO,LATEST,cash_flow,order,2.0,ACTUAL,VNSTOCK_BRONZE
HIO,LATEST,cash_flow,level,2.0,ACTUAL,VNSTOCK_BRONZE
HIO,LATEST,cash_flow,value,7711002806.0,ACTUAL,VNSTOCK_BRONZE
HIO,LATEST,cash_flow,order,3.0,ACTUAL,VNSTOCK_BRONZE
HIO,LATEST,cash_flow,level,2.0,ACTUAL,VNSTOCK_BRONZE
HIO,LATEST,cash_flow,value,11143217470.0,ACTUAL,VNSTOCK_BRONZE
HIO,LATEST,cash_flow,order,4.0,ACTUAL,VNSTOCK_BRONZE
HIO,LATEST,cash_flow,level,2.0,ACTUAL,VNSTOCK_BRONZE
HIO,LATEST,cash_flow,value,0.0,ACTUAL,VNSTOCK_BRONZE
HIO,LATEST,cash_flow,order,5.0,ACTUAL,VNSTOCK_BRONZE
HIO,LATEST,cash_flow,level,2.0,ACTUAL,VNSTOCK_BRONZE
HIO,LATEST,cash_flow,value,0.0,ACTUAL,VNSTOCK_BRONZE
HIO,LATEST,cash_flow,order,6.0,ACTUAL,VNSTOCK_BRONZE
HIO,LATEST,cash_flow,level,2.0,ACTUAL,VNSTOCK_BRONZE
HIO,LATEST,cash_flow,value,0.0,ACTUAL,VNSTOCK_BRONZE
HIO,LATEST,cash_flow,order,7.0,ACTUAL,VNSTOCK_BRONZE
HIO,LATEST,cash_flow,level,2.0,ACTUAL,VNSTOCK_BRONZE
HIO,LATEST,cash_flow,value,-295574809.0,ACTUAL,VNSTOCK_BRONZE
HIO,LATEST,cash_flow,order,8.0,ACTUAL,VNSTOCK_BRONZE
HIO,LATEST,cash_flow,level,2.0,ACTUAL,VNSTOCK_BRONZE
HIO,LATEST,cash_flow,value,6748984701.0,ACTUAL,VNSTOCK_BRONZE
HIO,LATEST,cash_flow,order,9.0,ACTUAL,VNSTOCK_BRONZE
HIO,LATEST,cash_flow,level,2.0,ACTUAL,VNSTOCK_BRONZE
HIO,LATEST,cash_flow,value,0.0,ACTUAL,VNSTOCK_BRONZE
HIO,LATEST,cash_flow,order,10.0,ACTUAL,VNSTOCK_BRONZE
HIO,LATEST,cash_flow,level,2.0,ACTUAL,VNSTOCK_BRONZE
HIO,LATEST,cash_flow,value,0.0,ACTUAL,VNSTOCK_BRONZE
HIO,LATEST,cash_flow,order,11.0,ACTUAL,VNSTOCK_BRONZE
HIO,LATEST,cash_flow,level,2.0,ACTUAL,VNSTOCK_BRONZE
HIO,LATEST,cash_flow,value,0.0,ACTUAL,VNSTOCK_BRONZE
HIO,LATEST,cash_flow,order,12.0,ACTUAL,VNSTOCK_BRONZE
HIO,LATEST,cash_flow,level,2.0,ACTUAL,VNSTOCK_BRONZE
HIO,LATEST,cash_flow,value,0.0,ACTUAL,VNSTOCK_BRONZE
HIO,LATEST,cash_flow,order,13.0,ACTUAL,VNSTOCK_BRONZE
HIO,LATEST,cash_flow,level,2.0,ACTUAL,VNSTOCK_BRONZE
HIO,LATEST,cash_flow,value,25307630168.0,ACTUAL,VNSTOCK_BRONZE
HIO,LATEST,cash_flow,order,14.0,ACTUAL,VNSTOCK_BRONZE
HIO,LATEST,cash_flow,level,2.0,ACTUAL,VNSTOCK_BRONZE
HIO,LATEST,cash_flow,order,15.0,ACTUAL,VNSTOCK_BRONZE
HIO,LATEST,cash_flow,level,2.0,ACTUAL,VNSTOCK_BRONZE
HIO,LATEST,cash_flow,order,16.0,ACTUAL,VNSTOCK_BRONZE
HIO,LATEST,cash_flow,level,2.0,ACTUAL,VNSTOCK_BRONZE
HIO,LATEST,cash_flow,order,17.0,ACTUAL,VNSTOCK_BRONZE
HIO,LATEST,cash_flow,level,2.0,ACTUAL,VNSTOCK_BRONZE
HIO,LATEST,cash_flow,order,18.0,ACTUAL,VNSTOCK_BRONZE
HIO,LATEST,cash_flow,level,2.0,ACTUAL,VNSTOCK_BRONZE
HIO,LATEST,cash_flow,order,19.0,ACTUAL,VNSTOCK_BRONZE
HIO,LATEST,cash_flow,level,2.0,ACTUAL,VNSTOCK_BRONZE
HIO,LATEST,cash_flow,order,20.0,ACTUAL,VNSTOCK_BRONZE
HIO,LATEST,cash_flow,level,2.0,ACTUAL,VNSTOCK_BRONZE
HIO,LATEST,cash_flow,order,21.0,ACTUAL,VNSTOCK_BRONZE
HIO,LATEST,cash_flow,level,2.0,ACTUAL,VNSTOCK_BRONZE
HIO,LATEST,cash_flow,order,22.0,ACTUAL,VNSTOCK_BRONZE
HIO,LATEST,cash_flow,level,2.0,ACTUAL,VNSTOCK_BRONZE
HIO,LATEST,cash_flow,order,23.0,ACTUAL,VNSTOCK_BRONZE
HIO,LATEST,cash_flow,level,2.0,ACTUAL,VNSTOCK_BRONZE
HIO,LATEST,cash_flow,order,24.0,ACTUAL,VNSTOCK_BRONZE
HIO,LATEST,cash_flow,level,2.0,ACTUAL,VNSTOCK_BRONZE
HIO,LATEST,cash_flow,value,4715122621.0,ACTUAL,VNSTOCK_BRONZE
HIO,LATEST,cash_flow,order,25.0,ACTUAL,VNSTOCK_BRONZE
HIO,LATEST,cash_flow,level,2.0,ACTUAL,VNSTOCK_BRONZE
HIO,LATEST,cash_flow,value,-27772012.0,ACTUAL,VNSTOCK_BRONZE
HIO,LATEST,cash_flow,order,26.0,ACTUAL,VNSTOCK_BRONZE
HIO,LATEST,cash_flow,level,2.0,ACTUAL,VNSTOCK_BRONZE
HIO,LATEST,cash_flow,value,-2701307418.0,ACTUAL,VNSTOCK_BRONZE
HIO,LATEST,cash_flow,order,27.0,ACTUAL,VNSTOCK_BRONZE
HIO,LATEST,cash_flow,level,2.0,ACTUAL,VNSTOCK_BRONZE
HIO,LATEST,cash_flow,value,395388267.0,ACTUAL,VNSTOCK_BRONZE
HIO,LATEST,cash_flow,order,28.0,ACTUAL,VNSTOCK_BRONZE
HIO,LATEST,cash_flow,level,2.0,ACTUAL,VNSTOCK_BRONZE
HIO,LATEST,cash_flow,value,-6790535041.0,ACTUAL,VNSTOCK_BRONZE
HIO,LATEST,cash_flow,order,29.0,ACTUAL,VNSTOCK_BRONZE
HIO,LATEST,cash_flow,level,2.0,ACTUAL,VNSTOCK_BRONZE
HIO,LATEST,cash_flow,order,30.0,ACTUAL,VNSTOCK_BRONZE
HIO,LATEST,cash_flow,level,2.0,ACTUAL,VNSTOCK_BRONZE
HIO,LATEST,cash_flow,value,0.0,ACTUAL,VNSTOCK_BRONZE
HIO,LATEST,cash_flow,order,31.0,ACTUAL,VNSTOCK_BRONZE
HIO,LATEST,cash_flow,level,2.0,ACTUAL,VNSTOCK_BRONZE
HIO,LATEST,cash_flow,value,0.0,ACTUAL,VNSTOCK_BRONZE
HIO,LATEST,cash_flow,order,32.0,ACTUAL,VNSTOCK_BRONZE
HIO,LATEST,cash_flow,level,1.0,ACTUAL,VNSTOCK_BRONZE
HIO,LATEST,cash_flow,value,2806372.0,ACTUAL,VNSTOCK_BRONZE
HIO,LATEST,cash_flow,order,33.0,ACTUAL,VNSTOCK_BRONZE
HIO,LATEST,cash_flow,level,2.0,ACTUAL,VNSTOCK_BRONZE
HIO,LATEST,cash_flow,value,0.0,ACTUAL,VNSTOCK_BRONZE
HIO,LATEST,cash_flow,order,34.0,ACTUAL,VNSTOCK_BRONZE
HIO,LATEST,cash_flow,level,2.0,ACTUAL,VNSTOCK_BRONZE
HIO,LATEST,cash_flow,value,0.0,ACTUAL,VNSTOCK_BRONZE
HIO,LATEST,cash_flow,order,35.0,ACTUAL,VNSTOCK_BRONZE
HIO,LATEST,cash_flow,level,2.0,ACTUAL,VNSTOCK_BRONZE
HIO,LATEST,cash_flow,value,0.0,ACTUAL,VNSTOCK_BRONZE
HIO,LATEST,cash_flow,order,36.0,ACTUAL,VNSTOCK_BRONZE
HIO,LATEST,cash_flow,level,2.0,ACTUAL,VNSTOCK_BRONZE
HIO,LATEST,cash_flow,value,0.0,ACTUAL,VNSTOCK_BRONZE
HIO,LATEST,cash_flow,order,37.0,ACTUAL,VNSTOCK_BRONZE
HIO,LATEST,cash_flow,level,2.0,ACTUAL,VNSTOCK_BRONZE
HIO,LATEST,cash_flow,value,0.0,ACTUAL,VNSTOCK_BRONZE
HIO,LATEST,cash_flow,order,38.0,ACTUAL,VNSTOCK_BRONZE
HIO,LATEST,cash_flow,level,2.0,ACTUAL,VNSTOCK_BRONZE
HIO,LATEST,cash_flow,value,0.0,ACTUAL,VNSTOCK_BRONZE
HIO,LATEST,cash_flow,order,39.0,ACTUAL,VNSTOCK_BRONZE
HIO,LATEST,cash_flow,level,2.0,ACTUAL,VNSTOCK_BRONZE
HIO,LATEST,cash_flow,value,2806372.0,ACTUAL,VNSTOCK_BRONZE
HIO,LATEST,cash_flow,order,40.0,ACTUAL,VNSTOCK_BRONZE
HIO,LATEST,cash_flow,level,1.0,ACTUAL,VNSTOCK_BRONZE
HIO,LATEST,cash_flow,order,41.0,ACTUAL,VNSTOCK_BRONZE
HIO,LATEST,cash_flow,level,2.0,ACTUAL,VNSTOCK_BRONZE
HIO,LATEST,cash_flow,value,0.0,ACTUAL,VNSTOCK_BRONZE
HIO,LATEST,cash_flow,order,42.0,ACTUAL,VNSTOCK_BRONZE
HIO,LATEST,cash_flow,level,2.0,ACTUAL,VNSTOCK_BRONZE
HIO,LATEST,cash_flow,value,0.0,ACTUAL,VNSTOCK_BRONZE
HIO,LATEST,cash_flow,order,43.0,ACTUAL,VNSTOCK_BRONZE
HIO,LATEST,cash_flow,level,2.0,ACTUAL,VNSTOCK_BRONZE
HIO,LATEST,cash_flow,value,32513318680.0,ACTUAL,VNSTOCK_BRONZE
HIO,LATEST,cash_flow,order,44.0,ACTUAL,VNSTOCK_BRONZE
HIO,LATEST,cash_flow,level,2.0,ACTUAL,VNSTOCK_BRONZE
HIO,LATEST,cash_flow,value,-42476836822.0,ACTUAL,VNSTOCK_BRONZE
HIO,LATEST,cash_flow,order,45.0,ACTUAL,VNSTOCK_BRONZE
HIO,LATEST,cash_flow,level,2.0,ACTUAL,VNSTOCK_BRONZE
HIO,LATEST,cash_flow,value,0.0,ACTUAL,VNSTOCK_BRONZE
HIO,LATEST,cash_flow,order,46.0,ACTUAL,VNSTOCK_BRONZE
HIO,LATEST,cash_flow,level,2.0,ACTUAL,VNSTOCK_BRONZE
HIO,LATEST,cash_flow,value,0.0,ACTUAL,VNSTOCK_BRONZE
HIO,LATEST,cash_flow,order,47.0,ACTUAL,VNSTOCK_BRONZE
HIO,LATEST,cash_flow,level,2.0,ACTUAL,VNSTOCK_BRONZE
HIO,LATEST,cash_flow,value,16841303094.0,ACTUAL,VNSTOCK_BRONZE
HIO,LATEST,cash_flow,order,48.0,ACTUAL,VNSTOCK_BRONZE
HIO,LATEST,cash_flow,level,1.0,ACTUAL,VNSTOCK_BRONZE
HIO,LATEST,cash_flow,order,49.0,ACTUAL,VNSTOCK_BRONZE
HIO,LATEST,cash_flow,level,1.0,ACTUAL,VNSTOCK_BRONZE
HIO,LATEST,cash_flow,order,50.0,ACTUAL,VNSTOCK_BRONZE
HIO,LATEST,cash_flow,level,1.0,ACTUAL,VNSTOCK_BRONZE
HIO,LATEST,cash_flow,order,51.0,ACTUAL,VNSTOCK_BRONZE
HIO,LATEST,cash_flow,level,1.0,ACTUAL,VNSTOCK_BRONZE
HIO,LATEST,cash_flow,value,26804821236.0,ACTUAL,VNSTOCK_BRONZE
HIO,LATEST,cash_flow,order,1.0,ACTUAL,VNSTOCK_BRONZE
HIO,LATEST,cash_flow,level,1.0,ACTUAL,VNSTOCK_BRONZE
HIO,LATEST,cash_flow,value,25657863477.0,ACTUAL,VNSTOCK_BRONZE
HIO,LATEST,cash_flow,order,2.0,ACTUAL,VNSTOCK_BRONZE
HIO,LATEST,cash_flow,level,2.0,ACTUAL,VNSTOCK_BRONZE
HIO,LATEST,cash_flow,value,1233612981.0,ACTUAL,VNSTOCK_BRONZE
HIO,LATEST,cash_flow,order,3.0,ACTUAL,VNSTOCK_BRONZE
HIO,LATEST,cash_flow,level,2.0,ACTUAL,VNSTOCK_BRONZE
HIO,LATEST,cash_flow,value,11392696444.0,ACTUAL,VNSTOCK_BRONZE
HIO,LATEST,cash_flow,order,4.0,ACTUAL,VNSTOCK_BRONZE
HIO,LATEST,cash_flow,level,2.0,ACTUAL,VNSTOCK_BRONZE
HIO,LATEST,cash_flow,value,0.0,ACTUAL,VNSTOCK_BRONZE
HIO,LATEST,cash_flow,order,5.0,ACTUAL,VNSTOCK_BRONZE
HIO,LATEST,cash_flow,level,2.0,ACTUAL,VNSTOCK_BRONZE
HIO,LATEST,cash_flow,value,0.0,ACTUAL,VNSTOCK_BRONZE
HIO,LATEST,cash_flow,order,6.0,ACTUAL,VNSTOCK_BRONZE
HIO,LATEST,cash_flow,level,2.0,ACTUAL,VNSTOCK_BRONZE
HIO,LATEST,cash_flow,value,0.0,ACTUAL,VNSTOCK_BRONZE
HIO,LATEST,cash_flow,order,7.0,ACTUAL,VNSTOCK_BRONZE
HIO,LATEST,cash_flow,level,2.0,ACTUAL,VNSTOCK_BRONZE
HIO,LATEST,cash_flow,value,-351578499.0,ACTUAL,VNSTOCK_BRONZE
HIO,LATEST,cash_flow,order,8.0,ACTUAL,VNSTOCK_BRONZE
HIO,LATEST,cash_flow,level,2.0,ACTUAL,VNSTOCK_BRONZE
HIO,LATEST,cash_flow,value,7425726202.0,ACTUAL,VNSTOCK_BRONZE
HIO,LATEST,cash_flow,order,9.0,ACTUAL,VNSTOCK_BRONZE
HIO,LATEST,cash_flow,level,2.0,ACTUAL,VNSTOCK_BRONZE
HIO,LATEST,cash_flow,value,0.0,ACTUAL,VNSTOCK_BRONZE
HIO,LATEST,cash_flow,order,10.0,ACTUAL,VNSTOCK_BRONZE
HIO,LATEST,cash_flow,level,2.0,ACTUAL,VNSTOCK_BRONZE
HIO,LATEST,cash_flow,value,0.0,ACTUAL,VNSTOCK_BRONZE
HIO,LATEST,cash_flow,order,11.0,ACTUAL,VNSTOCK_BRONZE
HIO,LATEST,cash_flow,level,2.0,ACTUAL,VNSTOCK_BRONZE
HIO,LATEST,cash_flow,value,0.0,ACTUAL,VNSTOCK_BRONZE
HIO,LATEST,cash_flow,order,12.0,ACTUAL,VNSTOCK_BRONZE
HIO,LATEST,cash_flow,level,2.0,ACTUAL,VNSTOCK_BRONZE
HIO,LATEST,cash_flow,value,0.0,ACTUAL,VNSTOCK_BRONZE
HIO,LATEST,cash_flow,order,13.0,ACTUAL,VNSTOCK_BRONZE
HIO,LATEST,cash_flow,level,2.0,ACTUAL,VNSTOCK_BRONZE
HIO,LATEST,cash_flow,value,19700457128.0,ACTUAL,VNSTOCK_BRONZE
HIO,LATEST,cash_flow,order,14.0,ACTUAL,VNSTOCK_BRONZE
HIO,LATEST,cash_flow,level,2.0,ACTUAL,VNSTOCK_BRONZE
HIO,LATEST,cash_flow,order,15.0,ACTUAL,VNSTOCK_BRONZE
HIO,LATEST,cash_flow,level,2.0,ACTUAL,VNSTOCK_BRONZE
HIO,LATEST,cash_flow,order,16.0,ACTUAL,VNSTOCK_BRONZE
HIO,LATEST,cash_flow,level,2.0,ACTUAL,VNSTOCK_BRONZE
HIO,LATEST,cash_flow,order,17.0,ACTUAL,VNSTOCK_BRONZE
HIO,LATEST,cash_flow,level,2.0,ACTUAL,VNSTOCK_BRONZE
HIO,LATEST,cash_flow,order,18.0,ACTUAL,VNSTOCK_BRONZE
HIO,LATEST,cash_flow,level,2.0,ACTUAL,VNSTOCK_BRONZE
HIO,LATEST,cash_flow,order,19.0,ACTUAL,VNSTOCK_BRONZE
HIO,LATEST,cash_flow,level,2.0,ACTUAL,VNSTOCK_BRONZE
HIO,LATEST,cash_flow,order,20.0,ACTUAL,VNSTOCK_BRONZE
HIO,LATEST,cash_flow,level,2.0,ACTUAL,VNSTOCK_BRONZE
HIO,LATEST,cash_flow,order,21.0,ACTUAL,VNSTOCK_BRONZE
HIO,LATEST,cash_flow,level,2.0,ACTUAL,VNSTOCK_BRONZE
HIO,LATEST,cash_flow,order,22.0,ACTUAL,VNSTOCK_BRONZE
HIO,LATEST,cash_flow,level,2.0,ACTUAL,VNSTOCK_BRONZE
HIO,LATEST,cash_flow,order,23.0,ACTUAL,VNSTOCK_BRONZE
HIO,LATEST,cash_flow,level,2.0,ACTUAL,VNSTOCK_BRONZE
HIO,LATEST,cash_flow,order,24.0,ACTUAL,VNSTOCK_BRONZE
HIO,LATEST,cash_flow,level,2.0,ACTUAL,VNSTOCK_BRONZE
HIO,LATEST,cash_flow,value,6297579503.0,ACTUAL,VNSTOCK_BRONZE
HIO,LATEST,cash_flow,order,25.0,ACTUAL,VNSTOCK_BRONZE
HIO,LATEST,cash_flow,level,2.0,ACTUAL,VNSTOCK_BRONZE
HIO,LATEST,cash_flow,value,765415130.0,ACTUAL,VNSTOCK_BRONZE
HIO,LATEST,cash_flow,order,26.0,ACTUAL,VNSTOCK_BRONZE
HIO,LATEST,cash_flow,level,2.0,ACTUAL,VNSTOCK_BRONZE
HIO,LATEST,cash_flow,value,7795707282.0,ACTUAL,VNSTOCK_BRONZE
HIO,LATEST,cash_flow,order,27.0,ACTUAL,VNSTOCK_BRONZE
HIO,LATEST,cash_flow,level,2.0,ACTUAL,VNSTOCK_BRONZE
HIO,LATEST,cash_flow,value,-1429775519.0,ACTUAL,VNSTOCK_BRONZE
HIO,LATEST,cash_flow,order,28.0,ACTUAL,VNSTOCK_BRONZE
HIO,LATEST,cash_flow,level,2.0,ACTUAL,VNSTOCK_BRONZE
HIO,LATEST,cash_flow,value,-7463266934.0,ACTUAL,VNSTOCK_BRONZE
HIO,LATEST,cash_flow,order,29.0,ACTUAL,VNSTOCK_BRONZE
HIO,LATEST,cash_flow,level,2.0,ACTUAL,VNSTOCK_BRONZE
HIO,LATEST,cash_flow,order,30.0,ACTUAL,VNSTOCK_BRONZE
HIO,LATEST,cash_flow,level,2.0,ACTUAL,VNSTOCK_BRONZE
HIO,LATEST,cash_flow,value,0.0,ACTUAL,VNSTOCK_BRONZE
HIO,LATEST,cash_flow,order,31.0,ACTUAL,VNSTOCK_BRONZE
HIO,LATEST,cash_flow,level,2.0,ACTUAL,VNSTOCK_BRONZE
HIO,LATEST,cash_flow,value,0.0,ACTUAL,VNSTOCK_BRONZE
HIO,LATEST,cash_flow,order,32.0,ACTUAL,VNSTOCK_BRONZE
HIO,LATEST,cash_flow,level,1.0,ACTUAL,VNSTOCK_BRONZE
HIO,LATEST,cash_flow,value,-8824913545.0,ACTUAL,VNSTOCK_BRONZE
HIO,LATEST,cash_flow,order,33.0,ACTUAL,VNSTOCK_BRONZE
HIO,LATEST,cash_flow,level,2.0,ACTUAL,VNSTOCK_BRONZE
HIO,LATEST,cash_flow,value,0.0,ACTUAL,VNSTOCK_BRONZE
HIO,LATEST,cash_flow,order,34.0,ACTUAL,VNSTOCK_BRONZE
HIO,LATEST,cash_flow,level,2.0,ACTUAL,VNSTOCK_BRONZE
HIO,LATEST,cash_flow,value,0.0,ACTUAL,VNSTOCK_BRONZE
HIO,LATEST,cash_flow,order,35.0,ACTUAL,VNSTOCK_BRONZE
HIO,LATEST,cash_flow,level,2.0,ACTUAL,VNSTOCK_BRONZE
HIO,LATEST,cash_flow,value,0.0,ACTUAL,VNSTOCK_BRONZE
HIO,LATEST,cash_flow,order,36.0,ACTUAL,VNSTOCK_BRONZE
HIO,LATEST,cash_flow,level,2.0,ACTUAL,VNSTOCK_BRONZE
HIO,LATEST,cash_flow,value,0.0,ACTUAL,VNSTOCK_BRONZE
HIO,LATEST,cash_flow,order,37.0,ACTUAL,VNSTOCK_BRONZE
HIO,LATEST,cash_flow,level,2.0,ACTUAL,VNSTOCK_BRONZE
HIO,LATEST,cash_flow,value,-9206700000.0,ACTUAL,VNSTOCK_BRONZE
HIO,LATEST,cash_flow,order,38.0,ACTUAL,VNSTOCK_BRONZE
HIO,LATEST,cash_flow,level,2.0,ACTUAL,VNSTOCK_BRONZE
HIO,LATEST,cash_flow,value,0.0,ACTUAL,VNSTOCK_BRONZE
HIO,LATEST,cash_flow,order,39.0,ACTUAL,VNSTOCK_BRONZE
HIO,LATEST,cash_flow,level,2.0,ACTUAL,VNSTOCK_BRONZE
HIO,LATEST,cash_flow,value,381786455.0,ACTUAL,VNSTOCK_BRONZE
HIO,LATEST,cash_flow,order,40.0,ACTUAL,VNSTOCK_BRONZE
HIO,LATEST,cash_flow,level,1.0,ACTUAL,VNSTOCK_BRONZE
HIO,LATEST,cash_flow,order,41.0,ACTUAL,VNSTOCK_BRONZE
HIO,LATEST,cash_flow,level,2.0,ACTUAL,VNSTOCK_BRONZE
HIO,LATEST,cash_flow,value,0.0,ACTUAL,VNSTOCK_BRONZE
HIO,LATEST,cash_flow,order,42.0,ACTUAL,VNSTOCK_BRONZE
HIO,LATEST,cash_flow,level,2.0,ACTUAL,VNSTOCK_BRONZE
HIO,LATEST,cash_flow,value,0.0,ACTUAL,VNSTOCK_BRONZE
HIO,LATEST,cash_flow,order,43.0,ACTUAL,VNSTOCK_BRONZE
HIO,LATEST,cash_flow,level,2.0,ACTUAL,VNSTOCK_BRONZE
HIO,LATEST,cash_flow,value,5433456584.0,ACTUAL,VNSTOCK_BRONZE
HIO,LATEST,cash_flow,order,44.0,ACTUAL,VNSTOCK_BRONZE
HIO,LATEST,cash_flow,level,2.0,ACTUAL,VNSTOCK_BRONZE
HIO,LATEST,cash_flow,value,-20411656584.0,ACTUAL,VNSTOCK_BRONZE
HIO,LATEST,cash_flow,order,45.0,ACTUAL,VNSTOCK_BRONZE
HIO,LATEST,cash_flow,level,2.0,ACTUAL,VNSTOCK_BRONZE
HIO,LATEST,cash_flow,value,0.0,ACTUAL,VNSTOCK_BRONZE
HIO,LATEST,cash_flow,order,46.0,ACTUAL,VNSTOCK_BRONZE
HIO,LATEST,cash_flow,level,2.0,ACTUAL,VNSTOCK_BRONZE
HIO,LATEST,cash_flow,value,0.0,ACTUAL,VNSTOCK_BRONZE
HIO,LATEST,cash_flow,order,47.0,ACTUAL,VNSTOCK_BRONZE
HIO,LATEST,cash_flow,level,2.0,ACTUAL,VNSTOCK_BRONZE
HIO,LATEST,cash_flow,value,2321126829.0,ACTUAL,VNSTOCK_BRONZE
HIO,LATEST,cash_flow,order,48.0,ACTUAL,VNSTOCK_BRONZE
HIO,LATEST,cash_flow,level,1.0,ACTUAL,VNSTOCK_BRONZE
HIO,LATEST,cash_flow,order,49.0,ACTUAL,VNSTOCK_BRONZE
HIO,LATEST,cash_flow,level,1.0,ACTUAL,VNSTOCK_BRONZE
HIO,LATEST,cash_flow,order,50.0,ACTUAL,VNSTOCK_BRONZE
HIO,LATEST,cash_flow,level,1.0,ACTUAL,VNSTOCK_BRONZE
HIO,LATEST,cash_flow,order,51.0,ACTUAL,VNSTOCK_BRONZE
HIO,LATEST,cash_flow,level,1.0,ACTUAL,VNSTOCK_BRONZE
HIO,LATEST,cash_flow,value,17299326829.0,ACTUAL,VNSTOCK_BRONZE
