Ticker,Period,Dataset,Field,Value,DataType,SourceMode
HPA,LATEST,ratio,order,1.0,ACTUAL,VNSTOCK_BRONZE
HPA,LATEST,ratio,level,1.0,ACTUAL,VNSTOCK_BRONZE
HPA,LATEST,ratio,order,2.0,ACTUAL,VNSTOCK_BRONZE
HPA,LATEST,ratio,level,2.0,ACTUAL,VNSTOCK_BRONZE
HPA,LATEST,ratio,value,5.7949023065,ACTUAL,VNSTOCK_BRONZE
HPA,LATEST,ratio,order,3.0,ACTUAL,VNSTOCK_BRONZE
HPA,LATEST,ratio,level,2.0,ACTUAL,VNSTOCK_BRONZE
HPA,LATEST,ratio,value,1.8096301647,ACTUAL,VNSTOCK_BRONZE
HPA,LATEST,ratio,order,4.0,ACTUAL,VNSTOCK_BRONZE
HPA,LATEST,ratio,level,2.0,ACTUAL,VNSTOCK_BRONZE
HPA,LATEST,ratio,value,1.1122529708,ACTUAL,VNSTOCK_BRONZE
HPA,LATEST,ratio,order,5.0,ACTUAL,VNSTOCK_BRONZE
HPA,LATEST,ratio,level,2.0,ACTUAL,VNSTOCK_BRONZE
HPA,LATEST,ratio,value,3.6885844083,ACTUAL,VNSTOCK_BRONZE
HPA,LATEST,ratio,order,6.0,ACTUAL,VNSTOCK_BRONZE
HPA,LATEST,ratio,level,2.0,ACTUAL,VNSTOCK_BRONZE
HPA,LATEST,ratio,value,4.2529274256,ACTUAL,VNSTOCK_BRONZE
HPA,LATEST,ratio,order,7.0,ACTUAL,VNSTOCK_BRONZE
HPA,LATEST,ratio,level,2.0,ACTUAL,VNSTOCK_BRONZE
HPA,LATEST,ratio,value,0.0,ACTUAL,VNSTOCK_BRONZE
HPA,LATEST,ratio,order,8.0,ACTUAL,VNSTOCK_BRONZE
HPA,LATEST,ratio,level,2.0,ACTUAL,VNSTOCK_BRONZE
HPA,LATEST,ratio,value,7980000000000.0,ACTUAL,VNSTOCK_BRONZE
HPA,LATEST,ratio,order,9.0,ACTUAL,VNSTOCK_BRONZE
HPA,LATEST,ratio,level,2.0,ACTUAL,VNSTOCK_BRONZE
HPA,LATEST,ratio,order,10.0,ACTUAL,VNSTOCK_BRONZE
HPA,LATEST,ratio,level,2.0,ACTUAL,VNSTOCK_BRONZE
HPA,LATEST,ratio,order,11.0,ACTUAL,VNSTOCK_BRONZE
HPA,LATEST,ratio,level,2.0,ACTUAL,VNSTOCK_BRONZE
HPA,LATEST,ratio,order,12.0,ACTUAL,VNSTOCK_BRONZE
HPA,LATEST,ratio,level,2.0,ACTUAL,VNSTOCK_BRONZE
HPA,LATEST,ratio,value,1422246860557.0,ACTUAL,VNSTOCK_BRONZE
HPA,LATEST,ratio,order,13.0,ACTUAL,VNSTOCK_BRONZE
HPA,LATEST,ratio,level,2.0,ACTUAL,VNSTOCK_BRONZE
HPA,LATEST,ratio,value,1794553821628.0,ACTUAL,VNSTOCK_BRONZE
HPA,LATEST,ratio,order,14.0,ACTUAL,VNSTOCK_BRONZE
HPA,LATEST,ratio,level,2.0,ACTUAL,VNSTOCK_BRONZE
HPA,LATEST,ratio,value,0.0,ACTUAL,VNSTOCK_BRONZE
HPA,LATEST,ratio,order,15.0,ACTUAL,VNSTOCK_BRONZE
HPA,LATEST,ratio,level,2.0,ACTUAL,VNSTOCK_BRONZE
HPA,LATEST,ratio,value,285000000.0,ACTUAL,VNSTOCK_BRONZE
HPA,LATEST,ratio,order,16.0,ACTUAL,VNSTOCK_BRONZE
HPA,LATEST,ratio,level,1.0,ACTUAL,VNSTOCK_BRONZE
HPA,LATEST,ratio,order,17.0,ACTUAL,VNSTOCK_BRONZE
HPA,LATEST,ratio,level,2.0,ACTUAL,VNSTOCK_BRONZE
HPA,LATEST,ratio,value,0.3426638409,ACTUAL,VNSTOCK_BRONZE
HPA,LATEST,ratio,order,18.0,ACTUAL,VNSTOCK_BRONZE
HPA,LATEST,ratio,level,2.0,ACTUAL,VNSTOCK_BRONZE
HPA,LATEST,ratio,value,0.2612245597,ACTUAL,VNSTOCK_BRONZE
HPA,LATEST,ratio,order,19.0,ACTUAL,VNSTOCK_BRONZE
HPA,LATEST,ratio,level,2.0,ACTUAL,VNSTOCK_BRONZE
HPA,LATEST,ratio,value,0.2936824066,ACTUAL,VNSTOCK_BRONZE
HPA,LATEST,ratio,order,20.0,ACTUAL,VNSTOCK_BRONZE
HPA,LATEST,ratio,level,2.0,ACTUAL,VNSTOCK_BRONZE
HPA,LATEST,ratio,value,0.2506420865,ACTUAL,VNSTOCK_BRONZE
HPA,LATEST,ratio,order,21.0,ACTUAL,VNSTOCK_BRONZE
HPA,LATEST,ratio,level,2.0,ACTUAL,VNSTOCK_BRONZE
HPA,LATEST,ratio,value,0.1982328692,ACTUAL,VNSTOCK_BRONZE
HPA,LATEST,ratio,order,22.0,ACTUAL,VNSTOCK_BRONZE
HPA,LATEST,ratio,level,2.0,ACTUAL,VNSTOCK_BRONZE
HPA,LATEST,ratio,value,0.2007315752,ACTUAL,VNSTOCK_BRONZE
HPA,LATEST,ratio,order,23.0,ACTUAL,VNSTOCK_BRONZE
HPA,LATEST,ratio,level,2.0,ACTUAL,VNSTOCK_BRONZE
HPA,LATEST,ratio,value,0.1824794714,ACTUAL,VNSTOCK_BRONZE
HPA,LATEST,ratio,order,24.0,ACTUAL,VNSTOCK_BRONZE
HPA,LATEST,ratio,level,2.0,ACTUAL,VNSTOCK_BRONZE
HPA,LATEST,ratio,value,1.4398933289,ACTUAL,VNSTOCK_BRONZE
HPA,LATEST,ratio,order,25.0,ACTUAL,VNSTOCK_BRONZE
HPA,LATEST,ratio,level,2.0,ACTUAL,VNSTOCK_BRONZE
HPA,LATEST,ratio,value,6.3557757584,ACTUAL,VNSTOCK_BRONZE
HPA,LATEST,ratio,order,26.0,ACTUAL,VNSTOCK_BRONZE
HPA,LATEST,ratio,level,2.0,ACTUAL,VNSTOCK_BRONZE
HPA,LATEST,ratio,value,5.1109599321,ACTUAL,VNSTOCK_BRONZE
HPA,LATEST,ratio,order,27.0,ACTUAL,VNSTOCK_BRONZE
HPA,LATEST,ratio,level,2.0,ACTUAL,VNSTOCK_BRONZE
HPA,LATEST,ratio,value,61.5766938324,ACTUAL,VNSTOCK_BRONZE
HPA,LATEST,ratio,order,28.0,ACTUAL,VNSTOCK_BRONZE
HPA,LATEST,ratio,level,2.0,ACTUAL,VNSTOCK_BRONZE
HPA,LATEST,ratio,value,14.6090216833,ACTUAL,VNSTOCK_BRONZE
HPA,LATEST,ratio,order,29.0,ACTUAL,VNSTOCK_BRONZE
HPA,LATEST,ratio,level,2.0,ACTUAL,VNSTOCK_BRONZE
HPA,LATEST,ratio,value,83.6474319907,ACTUAL,VNSTOCK_BRONZE
HPA,LATEST,ratio,order,30.0,ACTUAL,VNSTOCK_BRONZE
HPA,LATEST,ratio,level,1.0,ACTUAL,VNSTOCK_BRONZE
HPA,LATEST,ratio,order,31.0,ACTUAL,VNSTOCK_BRONZE
HPA,LATEST,ratio,level,2.0,ACTUAL,VNSTOCK_BRONZE
HPA,LATEST,ratio,value,4.0470293101,ACTUAL,VNSTOCK_BRONZE
HPA,LATEST,ratio,order,32.0,ACTUAL,VNSTOCK_BRONZE
HPA,LATEST,ratio,level,2.0,ACTUAL,VNSTOCK_BRONZE
HPA,LATEST,ratio,value,3.364142845,ACTUAL,VNSTOCK_BRONZE
HPA,LATEST,ratio,order,33.0,ACTUAL,VNSTOCK_BRONZE
HPA,LATEST,ratio,level,2.0,ACTUAL,VNSTOCK_BRONZE
HPA,LATEST,ratio,value,0.9751931787,ACTUAL,VNSTOCK_BRONZE
HPA,LATEST,ratio,order,34.0,ACTUAL,VNSTOCK_BRONZE
HPA,LATEST,ratio,level,2.0,ACTUAL,VNSTOCK_BRONZE
HPA,LATEST,ratio,order,35.0,ACTUAL,VNSTOCK_BRONZE
HPA,LATEST,ratio,level,2.0,ACTUAL,VNSTOCK_BRONZE
HPA,LATEST,ratio,order,36.0,ACTUAL,VNSTOCK_BRONZE
HPA,LATEST,ratio,level,2.0,ACTUAL,VNSTOCK_BRONZE
HPA,LATEST,ratio,order,37.0,ACTUAL,VNSTOCK_BRONZE
HPA,LATEST,ratio,level,2.0,ACTUAL,VNSTOCK_BRONZE
HPA,LATEST,ratio,order,38.0,ACTUAL,VNSTOCK_BRONZE
HPA,LATEST,ratio,level,1.0,ACTUAL,VNSTOCK_BRONZE
HPA,LATEST,ratio,order,39.0,ACTUAL,VNSTOCK_BRONZE
HPA,LATEST,ratio,level,2.0,ACTUAL,VNSTOCK_BRONZE
HPA,LATEST,ratio,value,0.1804454079,ACTUAL,VNSTOCK_BRONZE
HPA,LATEST,ratio,order,40.0,ACTUAL,VNSTOCK_BRONZE
HPA,LATEST,ratio,level,2.0,ACTUAL,VNSTOCK_BRONZE
HPA,LATEST,ratio,value,0.0911100362,ACTUAL,VNSTOCK_BRONZE
HPA,LATEST,ratio,order,41.0,ACTUAL,VNSTOCK_BRONZE
HPA,LATEST,ratio,level,2.0,ACTUAL,VNSTOCK_BRONZE
HPA,LATEST,ratio,order,42.0,ACTUAL,VNSTOCK_BRONZE
HPA,LATEST,ratio,level,2.0,ACTUAL,VNSTOCK_BRONZE
HPA,LATEST,ratio,value,0.1804454079,ACTUAL,VNSTOCK_BRONZE
HPA,LATEST,ratio,order,43.0,ACTUAL,VNSTOCK_BRONZE
HPA,LATEST,ratio,level,2.0,ACTUAL,VNSTOCK_BRONZE
HPA,LATEST,ratio,value,0.0,ACTUAL,VNSTOCK_BRONZE
HPA,LATEST,ratio,order,44.0,ACTUAL,VNSTOCK_BRONZE
HPA,LATEST,ratio,level,2.0,ACTUAL,VNSTOCK_BRONZE
HPA,LATEST,ratio,value,0.0,ACTUAL,VNSTOCK_BRONZE
HPA,LATEST,ratio,order,45.0,ACTUAL,VNSTOCK_BRONZE
HPA,LATEST,ratio,level,1.0,ACTUAL,VNSTOCK_BRONZE
HPA,LATEST,ratio,order,46.0,ACTUAL,VNSTOCK_BRONZE
HPA,LATEST,ratio,level,2.0,ACTUAL,VNSTOCK_BRONZE
HPA,LATEST,ratio,value,0.0,ACTUAL,VNSTOCK_BRONZE
HPA,LATEST,ratio,order,47.0,ACTUAL,VNSTOCK_BRONZE
HPA,LATEST,ratio,level,2.0,ACTUAL,VNSTOCK_BRONZE
HPA,LATEST,ratio,value,0.0,ACTUAL,VNSTOCK_BRONZE
HPA,LATEST,ratio,order,48.0,ACTUAL,VNSTOCK_BRONZE
HPA,LATEST,ratio,level,2.0,ACTUAL,VNSTOCK_BRONZE
HPA,LATEST,ratio,value,0.0,ACTUAL,VNSTOCK_BRONZE
HPA,LATEST,ratio,order,49.0,ACTUAL,VNSTOCK_BRONZE
HPA,LATEST,ratio,level,2.0,ACTUAL,VNSTOCK_BRONZE
HPA,LATEST,ratio,value,0.0,ACTUAL,VNSTOCK_BRONZE
HPA,LATEST,ratio,order,50.0,ACTUAL,VNSTOCK_BRONZE
HPA,LATEST,ratio,level,2.0,ACTUAL,VNSTOCK_BRONZE
HPA,LATEST,ratio,value,0.0,ACTUAL,VNSTOCK_BRONZE
HPA,LATEST,ratio,order,51.0,ACTUAL,VNSTOCK_BRONZE
HPA,LATEST,ratio,level,2.0,ACTUAL,VNSTOCK_BRONZE
HPA,LATEST,ratio,value,0.0,ACTUAL,VNSTOCK_BRONZE
HPA,LATEST,ratio,order,52.0,ACTUAL,VNSTOCK_BRONZE
HPA,LATEST,ratio,level,2.0,ACTUAL,VNSTOCK_BRONZE
HPA,LATEST,ratio,value,0.0,ACTUAL,VNSTOCK_BRONZE
HPA,LATEST,ratio,order,53.0,ACTUAL,VNSTOCK_BRONZE
HPA,LATEST,ratio,level,2.0,ACTUAL,VNSTOCK_BRONZE
HPA,LATEST,ratio,value,0.0,ACTUAL,VNSTOCK_BRONZE
HPA,LATEST,ratio,order,54.0,ACTUAL,VNSTOCK_BRONZE
HPA,LATEST,ratio,level,2.0,ACTUAL,VNSTOCK_BRONZE
HPA,LATEST,ratio,value,0.0,ACTUAL,VNSTOCK_BRONZE
HPA,LATEST,ratio,order,55.0,ACTUAL,VNSTOCK_BRONZE
HPA,LATEST,ratio,level,2.0,ACTUAL,VNSTOCK_BRONZE
HPA,LATEST,ratio,value,0.0,ACTUAL,VNSTOCK_BRONZE
HPA,LATEST,ratio,order,56.0,ACTUAL,VNSTOCK_BRONZE
HPA,LATEST,ratio,level,2.0,ACTUAL,VNSTOCK_BRONZE
HPA,LATEST,ratio,value,0.0,ACTUAL,VNSTOCK_BRONZE
HPA,LATEST,ratio,order,57.0,ACTUAL,VNSTOCK_BRONZE
HPA,LATEST,ratio,level,2.0,ACTUAL,VNSTOCK_BRONZE
HPA,LATEST,ratio,order,58.0,ACTUAL,VNSTOCK_BRONZE
HPA,LATEST,ratio,level,2.0,ACTUAL,VNSTOCK_BRONZE
HPA,LATEST,ratio,order,59.0,ACTUAL,VNSTOCK_BRONZE
HPA,LATEST,ratio,level,2.0,ACTUAL,VNSTOCK_BRONZE
HPA,LATEST,ratio,value,0.0,ACTUAL,VNSTOCK_BRONZE
HPA,LATEST,ratio,order,60.0,ACTUAL,VNSTOCK_BRONZE
HPA,LATEST,ratio,level,2.0,ACTUAL,VNSTOCK_BRONZE
HPA,LATEST,ratio,value,0.0,ACTUAL,VNSTOCK_BRONZE
HPA,LATEST,balance_sheet,order,1.0,ACTUAL,VNSTOCK_BRONZE
HPA,LATEST,balance_sheet,level,1.0,ACTUAL,VNSTOCK_BRONZE
HPA,LATEST,balance_sheet,off_balance,0.0,ACTUAL,VNSTOCK_BRONZE
HPA,LATEST,balance_sheet,value,3240957002037.0,ACTUAL,VNSTOCK_BRONZE
HPA,LATEST,balance_sheet,order,2.0,ACTUAL,VNSTOCK_BRONZE
HPA,LATEST,balance_sheet,level,1.0,ACTUAL,VNSTOCK_BRONZE
HPA,LATEST,balance_sheet,off_balance,0.0,ACTUAL,VNSTOCK_BRONZE
HPA,LATEST,balance_sheet,value,780957813407.0,ACTUAL,VNSTOCK_BRONZE
HPA,LATEST,balance_sheet,order,3.0,ACTUAL,VNSTOCK_BRONZE
HPA,LATEST,balance_sheet,level,2.0,ACTUAL,VNSTOCK_BRONZE
HPA,LATEST,balance_sheet,off_balance,0.0,ACTUAL,VNSTOCK_BRONZE
HPA,LATEST,balance_sheet,value,160846482310.0,ACTUAL,VNSTOCK_BRONZE
HPA,LATEST,balance_sheet,order,4.0,ACTUAL,VNSTOCK_BRONZE
HPA,LATEST,balance_sheet,level,2.0,ACTUAL,VNSTOCK_BRONZE
HPA,LATEST,balance_sheet,off_balance,0.0,ACTUAL,VNSTOCK_BRONZE
HPA,LATEST,balance_sheet,value,620111331097.0,ACTUAL,VNSTOCK_BRONZE
HPA,LATEST,balance_sheet,order,5.0,ACTUAL,VNSTOCK_BRONZE
HPA,LATEST,balance_sheet,level,1.0,ACTUAL,VNSTOCK_BRONZE
HPA,LATEST,balance_sheet,off_balance,0.0,ACTUAL,VNSTOCK_BRONZE
HPA,LATEST,balance_sheet,value,1243969189468.0,ACTUAL,VNSTOCK_BRONZE
HPA,LATEST,balance_sheet,order,6.0,ACTUAL,VNSTOCK_BRONZE
HPA,LATEST,balance_sheet,level,2.0,ACTUAL,VNSTOCK_BRONZE
HPA,LATEST,balance_sheet,off_balance,0.0,ACTUAL,VNSTOCK_BRONZE
HPA,LATEST,balance_sheet,value,0.0,ACTUAL,VNSTOCK_BRONZE
HPA,LATEST,balance_sheet,order,7.0,ACTUAL,VNSTOCK_BRONZE
HPA,LATEST,balance_sheet,level,2.0,ACTUAL,VNSTOCK_BRONZE
HPA,LATEST,balance_sheet,off_balance,0.0,ACTUAL,VNSTOCK_BRONZE
HPA,LATEST,balance_sheet,value,0.0,ACTUAL,VNSTOCK_BRONZE
HPA,LATEST,balance_sheet,order,8.0,ACTUAL,VNSTOCK_BRONZE
HPA,LATEST,balance_sheet,level,2.0,ACTUAL,VNSTOCK_BRONZE
HPA,LATEST,balance_sheet,off_balance,0.0,ACTUAL,VNSTOCK_BRONZE
HPA,LATEST,balance_sheet,value,1243969189468.0,ACTUAL,VNSTOCK_BRONZE
HPA,LATEST,balance_sheet,order,9.0,ACTUAL,VNSTOCK_BRONZE
HPA,LATEST,balance_sheet,level,1.0,ACTUAL,VNSTOCK_BRONZE
HPA,LATEST,balance_sheet,off_balance,0.0,ACTUAL,VNSTOCK_BRONZE
HPA,LATEST,balance_sheet,value,182426007292.0,ACTUAL,VNSTOCK_BRONZE
HPA,LATEST,balance_sheet,order,10.0,ACTUAL,VNSTOCK_BRONZE
HPA,LATEST,balance_sheet,level,2.0,ACTUAL,VNSTOCK_BRONZE
HPA,LATEST,balance_sheet,off_balance,0.0,ACTUAL,VNSTOCK_BRONZE
HPA,LATEST,balance_sheet,value,82023024348.0,ACTUAL,VNSTOCK_BRONZE
HPA,LATEST,balance_sheet,order,11.0,ACTUAL,VNSTOCK_BRONZE
HPA,LATEST,balance_sheet,level,2.0,ACTUAL,VNSTOCK_BRONZE
HPA,LATEST,balance_sheet,off_balance,0.0,ACTUAL,VNSTOCK_BRONZE
HPA,LATEST,balance_sheet,value,92555990366.0,ACTUAL,VNSTOCK_BRONZE
HPA,LATEST,balance_sheet,order,12.0,ACTUAL,VNSTOCK_BRONZE
HPA,LATEST,balance_sheet,level,2.0,ACTUAL,VNSTOCK_BRONZE
HPA,LATEST,balance_sheet,off_balance,0.0,ACTUAL,VNSTOCK_BRONZE
HPA,LATEST,balance_sheet,value,0.0,ACTUAL,VNSTOCK_BRONZE
HPA,LATEST,balance_sheet,order,13.0,ACTUAL,VNSTOCK_BRONZE
HPA,LATEST,balance_sheet,level,2.0,ACTUAL,VNSTOCK_BRONZE
HPA,LATEST,balance_sheet,off_balance,0.0,ACTUAL,VNSTOCK_BRONZE
HPA,LATEST,balance_sheet,value,0.0,ACTUAL,VNSTOCK_BRONZE
HPA,LATEST,balance_sheet,order,14.0,ACTUAL,VNSTOCK_BRONZE
HPA,LATEST,balance_sheet,level,2.0,ACTUAL,VNSTOCK_BRONZE
HPA,LATEST,balance_sheet,off_balance,0.0,ACTUAL,VNSTOCK_BRONZE
HPA,LATEST,balance_sheet,value,0.0,ACTUAL,VNSTOCK_BRONZE
HPA,LATEST,balance_sheet,order,15.0,ACTUAL,VNSTOCK_BRONZE
HPA,LATEST,balance_sheet,level,2.0,ACTUAL,VNSTOCK_BRONZE
HPA,LATEST,balance_sheet,off_balance,0.0,ACTUAL,VNSTOCK_BRONZE
HPA,LATEST,balance_sheet,value,17262952057.0,ACTUAL,VNSTOCK_BRONZE
HPA,LATEST,balance_sheet,order,16.0,ACTUAL,VNSTOCK_BRONZE
HPA,LATEST,balance_sheet,level,2.0,ACTUAL,VNSTOCK_BRONZE
HPA,LATEST,balance_sheet,off_balance,0.0,ACTUAL,VNSTOCK_BRONZE
HPA,LATEST,balance_sheet,value,-9415959479.0,ACTUAL,VNSTOCK_BRONZE
HPA,LATEST,balance_sheet,order,17.0,ACTUAL,VNSTOCK_BRONZE
HPA,LATEST,balance_sheet,level,2.0,ACTUAL,VNSTOCK_BRONZE
HPA,LATEST,balance_sheet,off_balance,0.0,ACTUAL,VNSTOCK_BRONZE
HPA,LATEST,balance_sheet,value,0.0,ACTUAL,VNSTOCK_BRONZE
HPA,LATEST,balance_sheet,order,18.0,ACTUAL,VNSTOCK_BRONZE
HPA,LATEST,balance_sheet,level,1.0,ACTUAL,VNSTOCK_BRONZE
HPA,LATEST,balance_sheet,off_balance,0.0,ACTUAL,VNSTOCK_BRONZE
HPA,LATEST,balance_sheet,value,546871668354.0,ACTUAL,VNSTOCK_BRONZE
HPA,LATEST,balance_sheet,order,19.0,ACTUAL,VNSTOCK_BRONZE
HPA,LATEST,balance_sheet,level,2.0,ACTUAL,VNSTOCK_BRONZE
HPA,LATEST,balance_sheet,off_balance,0.0,ACTUAL,VNSTOCK_BRONZE
HPA,LATEST,balance_sheet,value,551772107196.0,ACTUAL,VNSTOCK_BRONZE
HPA,LATEST,balance_sheet,order,20.0,ACTUAL,VNSTOCK_BRONZE
HPA,LATEST,balance_sheet,level,2.0,ACTUAL,VNSTOCK_BRONZE
HPA,LATEST,balance_sheet,off_balance,0.0,ACTUAL,VNSTOCK_BRONZE
HPA,LATEST,balance_sheet,value,-4900438842.0,ACTUAL,VNSTOCK_BRONZE
HPA,LATEST,balance_sheet,order,21.0,ACTUAL,VNSTOCK_BRONZE
HPA,LATEST,balance_sheet,level,1.0,ACTUAL,VNSTOCK_BRONZE
HPA,LATEST,balance_sheet,off_balance,0.0,ACTUAL,VNSTOCK_BRONZE
HPA,LATEST,balance_sheet,value,13420682366.0,ACTUAL,VNSTOCK_BRONZE
HPA,LATEST,balance_sheet,order,22.0,ACTUAL,VNSTOCK_BRONZE
HPA,LATEST,balance_sheet,level,2.0,ACTUAL,VNSTOCK_BRONZE
HPA,LATEST,balance_sheet,off_balance,0.0,ACTUAL,VNSTOCK_BRONZE
HPA,LATEST,balance_sheet,value,12539215751.0,ACTUAL,VNSTOCK_BRONZE
HPA,LATEST,balance_sheet,order,23.0,ACTUAL,VNSTOCK_BRONZE
HPA,LATEST,balance_sheet,level,2.0,ACTUAL,VNSTOCK_BRONZE
HPA,LATEST,balance_sheet,off_balance,0.0,ACTUAL,VNSTOCK_BRONZE
HPA,LATEST,balance_sheet,value,358678282.0,ACTUAL,VNSTOCK_BRONZE
HPA,LATEST,balance_sheet,order,24.0,ACTUAL,VNSTOCK_BRONZE
HPA,LATEST,balance_sheet,level,2.0,ACTUAL,VNSTOCK_BRONZE
HPA,LATEST,balance_sheet,off_balance,0.0,ACTUAL,VNSTOCK_BRONZE
HPA,LATEST,balance_sheet,value,522788333.0,ACTUAL,VNSTOCK_BRONZE
HPA,LATEST,balance_sheet,order,25.0,ACTUAL,VNSTOCK_BRONZE
HPA,LATEST,balance_sheet,level,2.0,ACTUAL,VNSTOCK_BRONZE
HPA,LATEST,balance_sheet,off_balance,0.0,ACTUAL,VNSTOCK_BRONZE
HPA,LATEST,balance_sheet,value,0.0,ACTUAL,VNSTOCK_BRONZE
HPA,LATEST,balance_sheet,order,26.0,ACTUAL,VNSTOCK_BRONZE
HPA,LATEST,balance_sheet,level,1.0,ACTUAL,VNSTOCK_BRONZE
HPA,LATEST,balance_sheet,off_balance,0.0,ACTUAL,VNSTOCK_BRONZE
HPA,LATEST,balance_sheet,value,1998356790547.0,ACTUAL,VNSTOCK_BRONZE
HPA,LATEST,balance_sheet,order,27.0,ACTUAL,VNSTOCK_BRONZE
HPA,LATEST,balance_sheet,level,1.0,ACTUAL,VNSTOCK_BRONZE
HPA,LATEST,balance_sheet,off_balance,0.0,ACTUAL,VNSTOCK_BRONZE
HPA,LATEST,balance_sheet,value,62470837544.0,ACTUAL,VNSTOCK_BRONZE
HPA,LATEST,balance_sheet,order,28.0,ACTUAL,VNSTOCK_BRONZE
HPA,LATEST,balance_sheet,level,2.0,ACTUAL,VNSTOCK_BRONZE
HPA,LATEST,balance_sheet,off_balance,0.0,ACTUAL,VNSTOCK_BRONZE
HPA,LATEST,balance_sheet,value,0.0,ACTUAL,VNSTOCK_BRONZE
HPA,LATEST,balance_sheet,order,29.0,ACTUAL,VNSTOCK_BRONZE
HPA,LATEST,balance_sheet,level,2.0,ACTUAL,VNSTOCK_BRONZE
HPA,LATEST,balance_sheet,off_balance,0.0,ACTUAL,VNSTOCK_BRONZE
HPA,LATEST,balance_sheet,value,0.0,ACTUAL,VNSTOCK_BRONZE
HPA,LATEST,balance_sheet,order,30.0,ACTUAL,VNSTOCK_BRONZE
HPA,LATEST,balance_sheet,level,2.0,ACTUAL,VNSTOCK_BRONZE
HPA,LATEST,balance_sheet,off_balance,0.0,ACTUAL,VNSTOCK_BRONZE
HPA,LATEST,balance_sheet,value,0.0,ACTUAL,VNSTOCK_BRONZE
HPA,LATEST,balance_sheet,order,31.0,ACTUAL,VNSTOCK_BRONZE
HPA,LATEST,balance_sheet,level,2.0,ACTUAL,VNSTOCK_BRONZE
HPA,LATEST,balance_sheet,off_balance,0.0,ACTUAL,VNSTOCK_BRONZE
HPA,LATEST,balance_sheet,value,0.0,ACTUAL,VNSTOCK_BRONZE
HPA,LATEST,balance_sheet,order,32.0,ACTUAL,VNSTOCK_BRONZE
HPA,LATEST,balance_sheet,level,2.0,ACTUAL,VNSTOCK_BRONZE
HPA,LATEST,balance_sheet,off_balance,0.0,ACTUAL,VNSTOCK_BRONZE
HPA,LATEST,balance_sheet,value,62470837544.0,ACTUAL,VNSTOCK_BRONZE
HPA,LATEST,balance_sheet,order,33.0,ACTUAL,VNSTOCK_BRONZE
HPA,LATEST,balance_sheet,level,2.0,ACTUAL,VNSTOCK_BRONZE
HPA,LATEST,balance_sheet,off_balance,0.0,ACTUAL,VNSTOCK_BRONZE
HPA,LATEST,balance_sheet,value,-0.0,ACTUAL,VNSTOCK_BRONZE
HPA,LATEST,balance_sheet,order,34.0,ACTUAL,VNSTOCK_BRONZE
HPA,LATEST,balance_sheet,level,1.0,ACTUAL,VNSTOCK_BRONZE
HPA,LATEST,balance_sheet,off_balance,0.0,ACTUAL,VNSTOCK_BRONZE
HPA,LATEST,balance_sheet,value,981872650312.0,ACTUAL,VNSTOCK_BRONZE
HPA,LATEST,balance_sheet,order,35.0,ACTUAL,VNSTOCK_BRONZE
HPA,LATEST,balance_sheet,level,2.0,ACTUAL,VNSTOCK_BRONZE
HPA,LATEST,balance_sheet,off_balance,0.0,ACTUAL,VNSTOCK_BRONZE
HPA,LATEST,balance_sheet,value,968334758125.0,ACTUAL,VNSTOCK_BRONZE
HPA,LATEST,balance_sheet,order,36.0,ACTUAL,VNSTOCK_BRONZE
HPA,LATEST,balance_sheet,level,3.0,ACTUAL,VNSTOCK_BRONZE
HPA,LATEST,balance_sheet,off_balance,0.0,ACTUAL,VNSTOCK_BRONZE
HPA,LATEST,balance_sheet,value,4319971972241.0,ACTUAL,VNSTOCK_BRONZE
HPA,LATEST,balance_sheet,order,37.0,ACTUAL,VNSTOCK_BRONZE
HPA,LATEST,balance_sheet,level,3.0,ACTUAL,VNSTOCK_BRONZE
HPA,LATEST,balance_sheet,off_balance,0.0,ACTUAL,VNSTOCK_BRONZE
HPA,LATEST,balance_sheet,value,-3351637214116.0,ACTUAL,VNSTOCK_BRONZE
HPA,LATEST,balance_sheet,order,38.0,ACTUAL,VNSTOCK_BRONZE
HPA,LATEST,balance_sheet,level,2.0,ACTUAL,VNSTOCK_BRONZE
HPA,LATEST,balance_sheet,off_balance,0.0,ACTUAL,VNSTOCK_BRONZE
HPA,LATEST,balance_sheet,value,0.0,ACTUAL,VNSTOCK_BRONZE
HPA,LATEST,balance_sheet,order,39.0,ACTUAL,VNSTOCK_BRONZE
HPA,LATEST,balance_sheet,level,3.0,ACTUAL,VNSTOCK_BRONZE
HPA,LATEST,balance_sheet,off_balance,0.0,ACTUAL,VNSTOCK_BRONZE
HPA,LATEST,balance_sheet,value,0.0,ACTUAL,VNSTOCK_BRONZE
HPA,LATEST,balance_sheet,order,40.0,ACTUAL,VNSTOCK_BRONZE
HPA,LATEST,balance_sheet,level,3.0,ACTUAL,VNSTOCK_BRONZE
HPA,LATEST,balance_sheet,off_balance,0.0,ACTUAL,VNSTOCK_BRONZE
HPA,LATEST,balance_sheet,value,-0.0,ACTUAL,VNSTOCK_BRONZE
HPA,LATEST,balance_sheet,order,41.0,ACTUAL,VNSTOCK_BRONZE
HPA,LATEST,balance_sheet,level,2.0,ACTUAL,VNSTOCK_BRONZE
HPA,LATEST,balance_sheet,off_balance,0.0,ACTUAL,VNSTOCK_BRONZE
HPA,LATEST,balance_sheet,value,13537892187.0,ACTUAL,VNSTOCK_BRONZE
HPA,LATEST,balance_sheet,order,42.0,ACTUAL,VNSTOCK_BRONZE
HPA,LATEST,balance_sheet,level,3.0,ACTUAL,VNSTOCK_BRONZE
HPA,LATEST,balance_sheet,off_balance,0.0,ACTUAL,VNSTOCK_BRONZE
HPA,LATEST,balance_sheet,value,19468648539.0,ACTUAL,VNSTOCK_BRONZE
HPA,LATEST,balance_sheet,order,43.0,ACTUAL,VNSTOCK_BRONZE
HPA,LATEST,balance_sheet,level,3.0,ACTUAL,VNSTOCK_BRONZE
HPA,LATEST,balance_sheet,off_balance,0.0,ACTUAL,VNSTOCK_BRONZE
HPA,LATEST,balance_sheet,value,-5930756352.0,ACTUAL,VNSTOCK_BRONZE
HPA,LATEST,balance_sheet,order,44.0,ACTUAL,VNSTOCK_BRONZE
HPA,LATEST,balance_sheet,level,1.0,ACTUAL,VNSTOCK_BRONZE
HPA,LATEST,balance_sheet,off_balance,0.0,ACTUAL,VNSTOCK_BRONZE
HPA,LATEST,balance_sheet,value,0.0,ACTUAL,VNSTOCK_BRONZE
HPA,LATEST,balance_sheet,order,45.0,ACTUAL,VNSTOCK_BRONZE
HPA,LATEST,balance_sheet,level,2.0,ACTUAL,VNSTOCK_BRONZE
HPA,LATEST,balance_sheet,off_balance,0.0,ACTUAL,VNSTOCK_BRONZE
HPA,LATEST,balance_sheet,value,0.0,ACTUAL,VNSTOCK_BRONZE
HPA,LATEST,balance_sheet,order,46.0,ACTUAL,VNSTOCK_BRONZE
HPA,LATEST,balance_sheet,level,2.0,ACTUAL,VNSTOCK_BRONZE
HPA,LATEST,balance_sheet,off_balance,0.0,ACTUAL,VNSTOCK_BRONZE
HPA,LATEST,balance_sheet,value,-0.0,ACTUAL,VNSTOCK_BRONZE
HPA,LATEST,balance_sheet,order,47.0,ACTUAL,VNSTOCK_BRONZE
HPA,LATEST,balance_sheet,level,1.0,ACTUAL,VNSTOCK_BRONZE
HPA,LATEST,balance_sheet,off_balance,0.0,ACTUAL,VNSTOCK_BRONZE
HPA,LATEST,balance_sheet,value,305318884607.0,ACTUAL,VNSTOCK_BRONZE
HPA,LATEST,balance_sheet,order,48.0,ACTUAL,VNSTOCK_BRONZE
HPA,LATEST,balance_sheet,level,2.0,ACTUAL,VNSTOCK_BRONZE
HPA,LATEST,balance_sheet,off_balance,0.0,ACTUAL,VNSTOCK_BRONZE
HPA,LATEST,balance_sheet,value,0.0,ACTUAL,VNSTOCK_BRONZE
HPA,LATEST,balance_sheet,order,49.0,ACTUAL,VNSTOCK_BRONZE
HPA,LATEST,balance_sheet,level,2.0,ACTUAL,VNSTOCK_BRONZE
HPA,LATEST,balance_sheet,off_balance,0.0,ACTUAL,VNSTOCK_BRONZE
HPA,LATEST,balance_sheet,value,305318884607.0,ACTUAL,VNSTOCK_BRONZE
HPA,LATEST,balance_sheet,order,50.0,ACTUAL,VNSTOCK_BRONZE
HPA,LATEST,balance_sheet,level,1.0,ACTUAL,VNSTOCK_BRONZE
HPA,LATEST,balance_sheet,off_balance,0.0,ACTUAL,VNSTOCK_BRONZE
HPA,LATEST,balance_sheet,value,0.0,ACTUAL,VNSTOCK_BRONZE
HPA,LATEST,balance_sheet,order,51.0,ACTUAL,VNSTOCK_BRONZE
HPA,LATEST,balance_sheet,level,2.0,ACTUAL,VNSTOCK_BRONZE
HPA,LATEST,balance_sheet,off_balance,0.0,ACTUAL,VNSTOCK_BRONZE
HPA,LATEST,balance_sheet,value,0.0,ACTUAL,VNSTOCK_BRONZE
HPA,LATEST,balance_sheet,order,52.0,ACTUAL,VNSTOCK_BRONZE
HPA,LATEST,balance_sheet,level,2.0,ACTUAL,VNSTOCK_BRONZE
HPA,LATEST,balance_sheet,off_balance,0.0,ACTUAL,VNSTOCK_BRONZE
HPA,LATEST,balance_sheet,value,0.0,ACTUAL,VNSTOCK_BRONZE
HPA,LATEST,balance_sheet,order,53.0,ACTUAL,VNSTOCK_BRONZE
HPA,LATEST,balance_sheet,level,2.0,ACTUAL,VNSTOCK_BRONZE
HPA,LATEST,balance_sheet,off_balance,0.0,ACTUAL,VNSTOCK_BRONZE
HPA,LATEST,balance_sheet,value,0.0,ACTUAL,VNSTOCK_BRONZE
HPA,LATEST,balance_sheet,order,54.0,ACTUAL,VNSTOCK_BRONZE
HPA,LATEST,balance_sheet,level,2.0,ACTUAL,VNSTOCK_BRONZE
HPA,LATEST,balance_sheet,off_balance,0.0,ACTUAL,VNSTOCK_BRONZE
HPA,LATEST,balance_sheet,value,0.0,ACTUAL,VNSTOCK_BRONZE
HPA,LATEST,balance_sheet,order,55.0,ACTUAL,VNSTOCK_BRONZE
HPA,LATEST,balance_sheet,level,2.0,ACTUAL,VNSTOCK_BRONZE
HPA,LATEST,balance_sheet,off_balance,0.0,ACTUAL,VNSTOCK_BRONZE
HPA,LATEST,balance_sheet,value,0.0,ACTUAL,VNSTOCK_BRONZE
HPA,LATEST,balance_sheet,order,56.0,ACTUAL,VNSTOCK_BRONZE
HPA,LATEST,balance_sheet,level,1.0,ACTUAL,VNSTOCK_BRONZE
HPA,LATEST,balance_sheet,off_balance,0.0,ACTUAL,VNSTOCK_BRONZE
HPA,LATEST,balance_sheet,value,455720343592.0,ACTUAL,VNSTOCK_BRONZE
HPA,LATEST,balance_sheet,order,57.0,ACTUAL,VNSTOCK_BRONZE
HPA,LATEST,balance_sheet,level,2.0,ACTUAL,VNSTOCK_BRONZE
HPA,LATEST,balance_sheet,off_balance,0.0,ACTUAL,VNSTOCK_BRONZE
HPA,LATEST,balance_sheet,value,0.0,ACTUAL,VNSTOCK_BRONZE
HPA,LATEST,balance_sheet,order,58.0,ACTUAL,VNSTOCK_BRONZE
HPA,LATEST,balance_sheet,level,2.0,ACTUAL,VNSTOCK_BRONZE
HPA,LATEST,balance_sheet,off_balance,0.0,ACTUAL,VNSTOCK_BRONZE
HPA,LATEST,balance_sheet,value,440686851433.0,ACTUAL,VNSTOCK_BRONZE
HPA,LATEST,balance_sheet,order,59.0,ACTUAL,VNSTOCK_BRONZE
HPA,LATEST,balance_sheet,level,2.0,ACTUAL,VNSTOCK_BRONZE
HPA,LATEST,balance_sheet,off_balance,0.0,ACTUAL,VNSTOCK_BRONZE
HPA,LATEST,balance_sheet,value,15033492159.0,ACTUAL,VNSTOCK_BRONZE
HPA,LATEST,balance_sheet,order,60.0,ACTUAL,VNSTOCK_BRONZE
HPA,LATEST,balance_sheet,level,2.0,ACTUAL,VNSTOCK_BRONZE
HPA,LATEST,balance_sheet,off_balance,0.0,ACTUAL,VNSTOCK_BRONZE
HPA,LATEST,balance_sheet,value,0.0,ACTUAL,VNSTOCK_BRONZE
HPA,LATEST,balance_sheet,order,61.0,ACTUAL,VNSTOCK_BRONZE
HPA,LATEST,balance_sheet,level,2.0,ACTUAL,VNSTOCK_BRONZE
HPA,LATEST,balance_sheet,off_balance,0.0,ACTUAL,VNSTOCK_BRONZE
HPA,LATEST,balance_sheet,value,0.0,ACTUAL,VNSTOCK_BRONZE
HPA,LATEST,balance_sheet,order,62.0,ACTUAL,VNSTOCK_BRONZE
HPA,LATEST,balance_sheet,level,2.0,ACTUAL,VNSTOCK_BRONZE
HPA,LATEST,balance_sheet,off_balance,0.0,ACTUAL,VNSTOCK_BRONZE
HPA,LATEST,balance_sheet,value,0.0,ACTUAL,VNSTOCK_BRONZE
HPA,LATEST,balance_sheet,order,63.0,ACTUAL,VNSTOCK_BRONZE
HPA,LATEST,balance_sheet,level,1.0,ACTUAL,VNSTOCK_BRONZE
HPA,LATEST,balance_sheet,off_balance,0.0,ACTUAL,VNSTOCK_BRONZE
HPA,LATEST,balance_sheet,value,5239313792584.0,ACTUAL,VNSTOCK_BRONZE
HPA,LATEST,balance_sheet,order,64.0,ACTUAL,VNSTOCK_BRONZE
HPA,LATEST,balance_sheet,level,1.0,ACTUAL,VNSTOCK_BRONZE
HPA,LATEST,balance_sheet,off_balance,0.0,ACTUAL,VNSTOCK_BRONZE
HPA,LATEST,balance_sheet,value,800892703937.0,ACTUAL,VNSTOCK_BRONZE
HPA,LATEST,balance_sheet,order,65.0,ACTUAL,VNSTOCK_BRONZE
HPA,LATEST,balance_sheet,level,1.0,ACTUAL,VNSTOCK_BRONZE
HPA,LATEST,balance_sheet,off_balance,0.0,ACTUAL,VNSTOCK_BRONZE
HPA,LATEST,balance_sheet,value,800823703937.0,ACTUAL,VNSTOCK_BRONZE
HPA,LATEST,balance_sheet,order,66.0,ACTUAL,VNSTOCK_BRONZE
HPA,LATEST,balance_sheet,level,2.0,ACTUAL,VNSTOCK_BRONZE
HPA,LATEST,balance_sheet,off_balance,0.0,ACTUAL,VNSTOCK_BRONZE
HPA,LATEST,balance_sheet,value,0.0,ACTUAL,VNSTOCK_BRONZE
HPA,LATEST,balance_sheet,order,67.0,ACTUAL,VNSTOCK_BRONZE
HPA,LATEST,balance_sheet,level,2.0,ACTUAL,VNSTOCK_BRONZE
HPA,LATEST,balance_sheet,off_balance,0.0,ACTUAL,VNSTOCK_BRONZE
HPA,LATEST,balance_sheet,value,0.0,ACTUAL,VNSTOCK_BRONZE
HPA,LATEST,balance_sheet,order,68.0,ACTUAL,VNSTOCK_BRONZE
HPA,LATEST,balance_sheet,level,2.0,ACTUAL,VNSTOCK_BRONZE
HPA,LATEST,balance_sheet,off_balance,0.0,ACTUAL,VNSTOCK_BRONZE
HPA,LATEST,balance_sheet,value,0.0,ACTUAL,VNSTOCK_BRONZE
HPA,LATEST,balance_sheet,order,69.0,ACTUAL,VNSTOCK_BRONZE
HPA,LATEST,balance_sheet,level,2.0,ACTUAL,VNSTOCK_BRONZE
HPA,LATEST,balance_sheet,off_balance,0.0,ACTUAL,VNSTOCK_BRONZE
HPA,LATEST,balance_sheet,value,220061514534.0,ACTUAL,VNSTOCK_BRONZE
HPA,LATEST,balance_sheet,order,70.0,ACTUAL,VNSTOCK_BRONZE
HPA,LATEST,balance_sheet,level,2.0,ACTUAL,VNSTOCK_BRONZE
HPA,LATEST,balance_sheet,off_balance,0.0,ACTUAL,VNSTOCK_BRONZE
HPA,LATEST,balance_sheet,value,5564327333.0,ACTUAL,VNSTOCK_BRONZE
HPA,LATEST,balance_sheet,order,71.0,ACTUAL,VNSTOCK_BRONZE
HPA,LATEST,balance_sheet,level,2.0,ACTUAL,VNSTOCK_BRONZE
HPA,LATEST,balance_sheet,off_balance,0.0,ACTUAL,VNSTOCK_BRONZE
HPA,LATEST,balance_sheet,value,67280725040.0,ACTUAL,VNSTOCK_BRONZE
HPA,LATEST,balance_sheet,order,72.0,ACTUAL,VNSTOCK_BRONZE
HPA,LATEST,balance_sheet,level,2.0,ACTUAL,VNSTOCK_BRONZE
HPA,LATEST,balance_sheet,off_balance,0.0,ACTUAL,VNSTOCK_BRONZE
HPA,LATEST,balance_sheet,value,22636658639.0,ACTUAL,VNSTOCK_BRONZE
HPA,LATEST,balance_sheet,order,73.0,ACTUAL,VNSTOCK_BRONZE
HPA,LATEST,balance_sheet,level,2.0,ACTUAL,VNSTOCK_BRONZE
HPA,LATEST,balance_sheet,off_balance,0.0,ACTUAL,VNSTOCK_BRONZE
HPA,LATEST,balance_sheet,value,51375742580.0,ACTUAL,VNSTOCK_BRONZE
HPA,LATEST,balance_sheet,order,74.0,ACTUAL,VNSTOCK_BRONZE
HPA,LATEST,balance_sheet,level,2.0,ACTUAL,VNSTOCK_BRONZE
HPA,LATEST,balance_sheet,off_balance,0.0,ACTUAL,VNSTOCK_BRONZE
HPA,LATEST,balance_sheet,value,0.0,ACTUAL,VNSTOCK_BRONZE
HPA,LATEST,balance_sheet,order,75.0,ACTUAL,VNSTOCK_BRONZE
HPA,LATEST,balance_sheet,level,2.0,ACTUAL,VNSTOCK_BRONZE
HPA,LATEST,balance_sheet,off_balance,0.0,ACTUAL,VNSTOCK_BRONZE
HPA,LATEST,balance_sheet,value,2380000000.0,ACTUAL,VNSTOCK_BRONZE
HPA,LATEST,balance_sheet,order,76.0,ACTUAL,VNSTOCK_BRONZE
HPA,LATEST,balance_sheet,level,2.0,ACTUAL,VNSTOCK_BRONZE
HPA,LATEST,balance_sheet,off_balance,0.0,ACTUAL,VNSTOCK_BRONZE
HPA,LATEST,balance_sheet,value,1981290163.0,ACTUAL,VNSTOCK_BRONZE
HPA,LATEST,balance_sheet,order,77.0,ACTUAL,VNSTOCK_BRONZE
HPA,LATEST,balance_sheet,level,2.0,ACTUAL,VNSTOCK_BRONZE
HPA,LATEST,balance_sheet,off_balance,0.0,ACTUAL,VNSTOCK_BRONZE
HPA,LATEST,balance_sheet,value,404384705876.0,ACTUAL,VNSTOCK_BRONZE
HPA,LATEST,balance_sheet,order,78.0,ACTUAL,VNSTOCK_BRONZE
HPA,LATEST,balance_sheet,level,2.0,ACTUAL,VNSTOCK_BRONZE
HPA,LATEST,balance_sheet,off_balance,0.0,ACTUAL,VNSTOCK_BRONZE
HPA,LATEST,balance_sheet,value,0.0,ACTUAL,VNSTOCK_BRONZE
HPA,LATEST,balance_sheet,order,79.0,ACTUAL,VNSTOCK_BRONZE
HPA,LATEST,balance_sheet,level,2.0,ACTUAL,VNSTOCK_BRONZE
HPA,LATEST,balance_sheet,off_balance,0.0,ACTUAL,VNSTOCK_BRONZE
HPA,LATEST,balance_sheet,value,25010060922.0,ACTUAL,VNSTOCK_BRONZE
HPA,LATEST,balance_sheet,order,80.0,ACTUAL,VNSTOCK_BRONZE
HPA,LATEST,balance_sheet,level,2.0,ACTUAL,VNSTOCK_BRONZE
HPA,LATEST,balance_sheet,off_balance,0.0,ACTUAL,VNSTOCK_BRONZE
HPA,LATEST,balance_sheet,value,0.0,ACTUAL,VNSTOCK_BRONZE
HPA,LATEST,balance_sheet,order,81.0,ACTUAL,VNSTOCK_BRONZE
HPA,LATEST,balance_sheet,level,2.0,ACTUAL,VNSTOCK_BRONZE
HPA,LATEST,balance_sheet,off_balance,0.0,ACTUAL,VNSTOCK_BRONZE
HPA,LATEST,balance_sheet,value,0.0,ACTUAL,VNSTOCK_BRONZE
HPA,LATEST,balance_sheet,order,82.0,ACTUAL,VNSTOCK_BRONZE
HPA,LATEST,balance_sheet,level,1.0,ACTUAL,VNSTOCK_BRONZE
HPA,LATEST,balance_sheet,off_balance,0.0,ACTUAL,VNSTOCK_BRONZE
HPA,LATEST,balance_sheet,value,69000000.0,ACTUAL,VNSTOCK_BRONZE
HPA,LATEST,balance_sheet,order,83.0,ACTUAL,VNSTOCK_BRONZE
HPA,LATEST,balance_sheet,level,2.0,ACTUAL,VNSTOCK_BRONZE
HPA,LATEST,balance_sheet,off_balance,0.0,ACTUAL,VNSTOCK_BRONZE
HPA,LATEST,balance_sheet,value,0.0,ACTUAL,VNSTOCK_BRONZE
HPA,LATEST,balance_sheet,order,84.0,ACTUAL,VNSTOCK_BRONZE
HPA,LATEST,balance_sheet,level,2.0,ACTUAL,VNSTOCK_BRONZE
HPA,LATEST,balance_sheet,off_balance,0.0,ACTUAL,VNSTOCK_BRONZE
HPA,LATEST,balance_sheet,order,85.0,ACTUAL,VNSTOCK_BRONZE
HPA,LATEST,balance_sheet,level,2.0,ACTUAL,VNSTOCK_BRONZE
HPA,LATEST,balance_sheet,off_balance,0.0,ACTUAL,VNSTOCK_BRONZE
HPA,LATEST,balance_sheet,value,0.0,ACTUAL,VNSTOCK_BRONZE
HPA,LATEST,balance_sheet,order,86.0,ACTUAL,VNSTOCK_BRONZE
HPA,LATEST,balance_sheet,level,2.0,ACTUAL,VNSTOCK_BRONZE
HPA,LATEST,balance_sheet,off_balance,0.0,ACTUAL,VNSTOCK_BRONZE
HPA,LATEST,balance_sheet,value,0.0,ACTUAL,VNSTOCK_BRONZE
HPA,LATEST,balance_sheet,order,87.0,ACTUAL,VNSTOCK_BRONZE
HPA,LATEST,balance_sheet,level,2.0,ACTUAL,VNSTOCK_BRONZE
HPA,LATEST,balance_sheet,off_balance,0.0,ACTUAL,VNSTOCK_BRONZE
HPA,LATEST,balance_sheet,value,0.0,ACTUAL,VNSTOCK_BRONZE
HPA,LATEST,balance_sheet,order,88.0,ACTUAL,VNSTOCK_BRONZE
HPA,LATEST,balance_sheet,level,2.0,ACTUAL,VNSTOCK_BRONZE
HPA,LATEST,balance_sheet,off_balance,0.0,ACTUAL,VNSTOCK_BRONZE
HPA,LATEST,balance_sheet,value,0.0,ACTUAL,VNSTOCK_BRONZE
HPA,LATEST,balance_sheet,order,89.0,ACTUAL,VNSTOCK_BRONZE
HPA,LATEST,balance_sheet,level,2.0,ACTUAL,VNSTOCK_BRONZE
HPA,LATEST,balance_sheet,off_balance,0.0,ACTUAL,VNSTOCK_BRONZE
HPA,LATEST,balance_sheet,value,0.0,ACTUAL,VNSTOCK_BRONZE
HPA,LATEST,balance_sheet,order,90.0,ACTUAL,VNSTOCK_BRONZE
HPA,LATEST,balance_sheet,level,2.0,ACTUAL,VNSTOCK_BRONZE
HPA,LATEST,balance_sheet,off_balance,0.0,ACTUAL,VNSTOCK_BRONZE
HPA,LATEST,balance_sheet,value,69000000.0,ACTUAL,VNSTOCK_BRONZE
HPA,LATEST,balance_sheet,order,91.0,ACTUAL,VNSTOCK_BRONZE
HPA,LATEST,balance_sheet,level,2.0,ACTUAL,VNSTOCK_BRONZE
HPA,LATEST,balance_sheet,off_balance,0.0,ACTUAL,VNSTOCK_BRONZE
HPA,LATEST,balance_sheet,value,0.0,ACTUAL,VNSTOCK_BRONZE
HPA,LATEST,balance_sheet,order,92.0,ACTUAL,VNSTOCK_BRONZE
HPA,LATEST,balance_sheet,level,2.0,ACTUAL,VNSTOCK_BRONZE
HPA,LATEST,balance_sheet,off_balance,0.0,ACTUAL,VNSTOCK_BRONZE
HPA,LATEST,balance_sheet,value,0.0,ACTUAL,VNSTOCK_BRONZE
HPA,LATEST,balance_sheet,order,93.0,ACTUAL,VNSTOCK_BRONZE
HPA,LATEST,balance_sheet,level,2.0,ACTUAL,VNSTOCK_BRONZE
HPA,LATEST,balance_sheet,off_balance,0.0,ACTUAL,VNSTOCK_BRONZE
HPA,LATEST,balance_sheet,value,0.0,ACTUAL,VNSTOCK_BRONZE
HPA,LATEST,balance_sheet,order,94.0,ACTUAL,VNSTOCK_BRONZE
HPA,LATEST,balance_sheet,level,2.0,ACTUAL,VNSTOCK_BRONZE
HPA,LATEST,balance_sheet,off_balance,0.0,ACTUAL,VNSTOCK_BRONZE
HPA,LATEST,balance_sheet,value,0.0,ACTUAL,VNSTOCK_BRONZE
HPA,LATEST,balance_sheet,order,95.0,ACTUAL,VNSTOCK_BRONZE
HPA,LATEST,balance_sheet,level,2.0,ACTUAL,VNSTOCK_BRONZE
HPA,LATEST,balance_sheet,off_balance,0.0,ACTUAL,VNSTOCK_BRONZE
HPA,LATEST,balance_sheet,value,0.0,ACTUAL,VNSTOCK_BRONZE
HPA,LATEST,balance_sheet,order,96.0,ACTUAL,VNSTOCK_BRONZE
HPA,LATEST,balance_sheet,level,1.0,ACTUAL,VNSTOCK_BRONZE
HPA,LATEST,balance_sheet,off_balance,0.0,ACTUAL,VNSTOCK_BRONZE
HPA,LATEST,balance_sheet,value,4438421088647.0,ACTUAL,VNSTOCK_BRONZE
HPA,LATEST,balance_sheet,order,97.0,ACTUAL,VNSTOCK_BRONZE
HPA,LATEST,balance_sheet,level,1.0,ACTUAL,VNSTOCK_BRONZE
HPA,LATEST,balance_sheet,off_balance,0.0,ACTUAL,VNSTOCK_BRONZE
HPA,LATEST,balance_sheet,value,4438421088647.0,ACTUAL,VNSTOCK_BRONZE
HPA,LATEST,balance_sheet,order,98.0,ACTUAL,VNSTOCK_BRONZE
HPA,LATEST,balance_sheet,level,2.0,ACTUAL,VNSTOCK_BRONZE
HPA,LATEST,balance_sheet,off_balance,0.0,ACTUAL,VNSTOCK_BRONZE
HPA,LATEST,balance_sheet,value,0.0,ACTUAL,VNSTOCK_BRONZE
HPA,LATEST,balance_sheet,order,99.0,ACTUAL,VNSTOCK_BRONZE
HPA,LATEST,balance_sheet,level,2.0,ACTUAL,VNSTOCK_BRONZE
HPA,LATEST,balance_sheet,off_balance,0.0,ACTUAL,VNSTOCK_BRONZE
HPA,LATEST,balance_sheet,value,0.0,ACTUAL,VNSTOCK_BRONZE
HPA,LATEST,balance_sheet,order,100.0,ACTUAL,VNSTOCK_BRONZE
HPA,LATEST,balance_sheet,level,2.0,ACTUAL,VNSTOCK_BRONZE
HPA,LATEST,balance_sheet,off_balance,0.0,ACTUAL,VNSTOCK_BRONZE
HPA,LATEST,balance_sheet,value,0.0,ACTUAL,VNSTOCK_BRONZE
HPA,LATEST,balance_sheet,order,101.0,ACTUAL,VNSTOCK_BRONZE
HPA,LATEST,balance_sheet,level,2.0,ACTUAL,VNSTOCK_BRONZE
HPA,LATEST,balance_sheet,off_balance,0.0,ACTUAL,VNSTOCK_BRONZE
HPA,LATEST,balance_sheet,value,0.0,ACTUAL,VNSTOCK_BRONZE
HPA,LATEST,balance_sheet,order,102.0,ACTUAL,VNSTOCK_BRONZE
HPA,LATEST,balance_sheet,level,2.0,ACTUAL,VNSTOCK_BRONZE
HPA,LATEST,balance_sheet,off_balance,0.0,ACTUAL,VNSTOCK_BRONZE
HPA,LATEST,balance_sheet,value,2850000000000.0,ACTUAL,VNSTOCK_BRONZE
HPA,LATEST,balance_sheet,order,103.0,ACTUAL,VNSTOCK_BRONZE
HPA,LATEST,balance_sheet,level,3.0,ACTUAL,VNSTOCK_BRONZE
HPA,LATEST,balance_sheet,off_balance,0.0,ACTUAL,VNSTOCK_BRONZE
HPA,LATEST,balance_sheet,value,2850000000000.0,ACTUAL,VNSTOCK_BRONZE
HPA,LATEST,balance_sheet,order,104.0,ACTUAL,VNSTOCK_BRONZE
HPA,LATEST,balance_sheet,level,2.0,ACTUAL,VNSTOCK_BRONZE
HPA,LATEST,balance_sheet,off_balance,0.0,ACTUAL,VNSTOCK_BRONZE
HPA,LATEST,balance_sheet,value,911866210000.0,ACTUAL,VNSTOCK_BRONZE
HPA,LATEST,balance_sheet,order,105.0,ACTUAL,VNSTOCK_BRONZE
HPA,LATEST,balance_sheet,level,2.0,ACTUAL,VNSTOCK_BRONZE
HPA,LATEST,balance_sheet,off_balance,0.0,ACTUAL,VNSTOCK_BRONZE
HPA,LATEST,balance_sheet,value,0.0,ACTUAL,VNSTOCK_BRONZE
HPA,LATEST,balance_sheet,order,106.0,ACTUAL,VNSTOCK_BRONZE
HPA,LATEST,balance_sheet,level,2.0,ACTUAL,VNSTOCK_BRONZE
HPA,LATEST,balance_sheet,off_balance,0.0,ACTUAL,VNSTOCK_BRONZE
HPA,LATEST,balance_sheet,value,0.0,ACTUAL,VNSTOCK_BRONZE
HPA,LATEST,balance_sheet,order,107.0,ACTUAL,VNSTOCK_BRONZE
HPA,LATEST,balance_sheet,level,2.0,ACTUAL,VNSTOCK_BRONZE
HPA,LATEST,balance_sheet,off_balance,0.0,ACTUAL,VNSTOCK_BRONZE
HPA,LATEST,balance_sheet,value,0.0,ACTUAL,VNSTOCK_BRONZE
HPA,LATEST,balance_sheet,order,108.0,ACTUAL,VNSTOCK_BRONZE
HPA,LATEST,balance_sheet,level,2.0,ACTUAL,VNSTOCK_BRONZE
HPA,LATEST,balance_sheet,off_balance,0.0,ACTUAL,VNSTOCK_BRONZE
HPA,LATEST,balance_sheet,value,0.0,ACTUAL,VNSTOCK_BRONZE
HPA,LATEST,balance_sheet,order,109.0,ACTUAL,VNSTOCK_BRONZE
HPA,LATEST,balance_sheet,level,2.0,ACTUAL,VNSTOCK_BRONZE
HPA,LATEST,balance_sheet,off_balance,0.0,ACTUAL,VNSTOCK_BRONZE
HPA,LATEST,balance_sheet,value,0.0,ACTUAL,VNSTOCK_BRONZE
HPA,LATEST,balance_sheet,order,110.0,ACTUAL,VNSTOCK_BRONZE
HPA,LATEST,balance_sheet,level,2.0,ACTUAL,VNSTOCK_BRONZE
HPA,LATEST,balance_sheet,off_balance,0.0,ACTUAL,VNSTOCK_BRONZE
HPA,LATEST,balance_sheet,value,0.0,ACTUAL,VNSTOCK_BRONZE
HPA,LATEST,balance_sheet,order,111.0,ACTUAL,VNSTOCK_BRONZE
HPA,LATEST,balance_sheet,level,2.0,ACTUAL,VNSTOCK_BRONZE
HPA,LATEST,balance_sheet,off_balance,0.0,ACTUAL,VNSTOCK_BRONZE
HPA,LATEST,balance_sheet,value,0.0,ACTUAL,VNSTOCK_BRONZE
HPA,LATEST,balance_sheet,order,112.0,ACTUAL,VNSTOCK_BRONZE
HPA,LATEST,balance_sheet,level,2.0,ACTUAL,VNSTOCK_BRONZE
HPA,LATEST,balance_sheet,off_balance,0.0,ACTUAL,VNSTOCK_BRONZE
HPA,LATEST,balance_sheet,value,647874606460.0,ACTUAL,VNSTOCK_BRONZE
HPA,LATEST,balance_sheet,order,113.0,ACTUAL,VNSTOCK_BRONZE
HPA,LATEST,balance_sheet,level,3.0,ACTUAL,VNSTOCK_BRONZE
HPA,LATEST,balance_sheet,off_balance,0.0,ACTUAL,VNSTOCK_BRONZE
HPA,LATEST,balance_sheet,value,343592310469.0,ACTUAL,VNSTOCK_BRONZE
HPA,LATEST,balance_sheet,order,114.0,ACTUAL,VNSTOCK_BRONZE
HPA,LATEST,balance_sheet,level,3.0,ACTUAL,VNSTOCK_BRONZE
HPA,LATEST,balance_sheet,off_balance,0.0,ACTUAL,VNSTOCK_BRONZE
HPA,LATEST,balance_sheet,value,304282295991.0,ACTUAL,VNSTOCK_BRONZE
HPA,LATEST,balance_sheet,order,115.0,ACTUAL,VNSTOCK_BRONZE
HPA,LATEST,balance_sheet,level,2.0,ACTUAL,VNSTOCK_BRONZE
HPA,LATEST,balance_sheet,off_balance,0.0,ACTUAL,VNSTOCK_BRONZE
HPA,LATEST,balance_sheet,value,28680272187.0,ACTUAL,VNSTOCK_BRONZE
HPA,LATEST,balance_sheet,order,116.0,ACTUAL,VNSTOCK_BRONZE
HPA,LATEST,balance_sheet,level,1.0,ACTUAL,VNSTOCK_BRONZE
HPA,LATEST,balance_sheet,off_balance,0.0,ACTUAL,VNSTOCK_BRONZE
HPA,LATEST,balance_sheet,value,0.0,ACTUAL,VNSTOCK_BRONZE
HPA,LATEST,balance_sheet,order,117.0,ACTUAL,VNSTOCK_BRONZE
HPA,LATEST,balance_sheet,level,2.0,ACTUAL,VNSTOCK_BRONZE
HPA,LATEST,balance_sheet,off_balance,0.0,ACTUAL,VNSTOCK_BRONZE
HPA,LATEST,balance_sheet,value,0.0,ACTUAL,VNSTOCK_BRONZE
HPA,LATEST,balance_sheet,order,118.0,ACTUAL,VNSTOCK_BRONZE
HPA,LATEST,balance_sheet,level,1.0,ACTUAL,VNSTOCK_BRONZE
HPA,LATEST,balance_sheet,off_balance,0.0,ACTUAL,VNSTOCK_BRONZE
HPA,LATEST,balance_sheet,value,5239313792584.0,ACTUAL,VNSTOCK_BRONZE
HPA,LATEST,balance_sheet,order,1.0,ACTUAL,VNSTOCK_BRONZE
HPA,LATEST,balance_sheet,level,1.0,ACTUAL,VNSTOCK_BRONZE
HPA,LATEST,balance_sheet,off_balance,0.0,ACTUAL,VNSTOCK_BRONZE
HPA,LATEST,balance_sheet,value,3440201822359.0,ACTUAL,VNSTOCK_BRONZE
HPA,LATEST,balance_sheet,order,2.0,ACTUAL,VNSTOCK_BRONZE
HPA,LATEST,balance_sheet,level,1.0,ACTUAL,VNSTOCK_BRONZE
HPA,LATEST,balance_sheet,off_balance,0.0,ACTUAL,VNSTOCK_BRONZE
HPA,LATEST,balance_sheet,value,1370948084621.0,ACTUAL,VNSTOCK_BRONZE
HPA,LATEST,balance_sheet,order,3.0,ACTUAL,VNSTOCK_BRONZE
HPA,LATEST,balance_sheet,level,2.0,ACTUAL,VNSTOCK_BRONZE
HPA,LATEST,balance_sheet,off_balance,0.0,ACTUAL,VNSTOCK_BRONZE
HPA,LATEST,balance_sheet,value,667815186104.0,ACTUAL,VNSTOCK_BRONZE
HPA,LATEST,balance_sheet,order,4.0,ACTUAL,VNSTOCK_BRONZE
HPA,LATEST,balance_sheet,level,2.0,ACTUAL,VNSTOCK_BRONZE
HPA,LATEST,balance_sheet,off_balance,0.0,ACTUAL,VNSTOCK_BRONZE
HPA,LATEST,balance_sheet,value,703132898517.0,ACTUAL,VNSTOCK_BRONZE
HPA,LATEST,balance_sheet,order,5.0,ACTUAL,VNSTOCK_BRONZE
HPA,LATEST,balance_sheet,level,1.0,ACTUAL,VNSTOCK_BRONZE
HPA,LATEST,balance_sheet,off_balance,0.0,ACTUAL,VNSTOCK_BRONZE
HPA,LATEST,balance_sheet,value,1057885046185.0,ACTUAL,VNSTOCK_BRONZE
HPA,LATEST,balance_sheet,order,6.0,ACTUAL,VNSTOCK_BRONZE
HPA,LATEST,balance_sheet,level,2.0,ACTUAL,VNSTOCK_BRONZE
HPA,LATEST,balance_sheet,off_balance,0.0,ACTUAL,VNSTOCK_BRONZE
HPA,LATEST,balance_sheet,value,0.0,ACTUAL,VNSTOCK_BRONZE
HPA,LATEST,balance_sheet,order,7.0,ACTUAL,VNSTOCK_BRONZE
HPA,LATEST,balance_sheet,level,2.0,ACTUAL,VNSTOCK_BRONZE
HPA,LATEST,balance_sheet,off_balance,0.0,ACTUAL,VNSTOCK_BRONZE
HPA,LATEST,balance_sheet,value,0.0,ACTUAL,VNSTOCK_BRONZE
HPA,LATEST,balance_sheet,order,8.0,ACTUAL,VNSTOCK_BRONZE
HPA,LATEST,balance_sheet,level,2.0,ACTUAL,VNSTOCK_BRONZE
HPA,LATEST,balance_sheet,off_balance,0.0,ACTUAL,VNSTOCK_BRONZE
HPA,LATEST,balance_sheet,value,1057885046185.0,ACTUAL,VNSTOCK_BRONZE
HPA,LATEST,balance_sheet,order,9.0,ACTUAL,VNSTOCK_BRONZE
HPA,LATEST,balance_sheet,level,1.0,ACTUAL,VNSTOCK_BRONZE
HPA,LATEST,balance_sheet,off_balance,0.0,ACTUAL,VNSTOCK_BRONZE
HPA,LATEST,balance_sheet,value,122422896390.0,ACTUAL,VNSTOCK_BRONZE
HPA,LATEST,balance_sheet,order,10.0,ACTUAL,VNSTOCK_BRONZE
HPA,LATEST,balance_sheet,level,2.0,ACTUAL,VNSTOCK_BRONZE
HPA,LATEST,balance_sheet,off_balance,0.0,ACTUAL,VNSTOCK_BRONZE
HPA,LATEST,balance_sheet,value,85684421803.0,ACTUAL,VNSTOCK_BRONZE
HPA,LATEST,balance_sheet,order,11.0,ACTUAL,VNSTOCK_BRONZE
HPA,LATEST,balance_sheet,level,2.0,ACTUAL,VNSTOCK_BRONZE
HPA,LATEST,balance_sheet,off_balance,0.0,ACTUAL,VNSTOCK_BRONZE
HPA,LATEST,balance_sheet,value,25045443880.0,ACTUAL,VNSTOCK_BRONZE
HPA,LATEST,balance_sheet,order,12.0,ACTUAL,VNSTOCK_BRONZE
HPA,LATEST,balance_sheet,level,2.0,ACTUAL,VNSTOCK_BRONZE
HPA,LATEST,balance_sheet,off_balance,0.0,ACTUAL,VNSTOCK_BRONZE
HPA,LATEST,balance_sheet,value,0.0,ACTUAL,VNSTOCK_BRONZE
HPA,LATEST,balance_sheet,order,13.0,ACTUAL,VNSTOCK_BRONZE
HPA,LATEST,balance_sheet,level,2.0,ACTUAL,VNSTOCK_BRONZE
HPA,LATEST,balance_sheet,off_balance,0.0,ACTUAL,VNSTOCK_BRONZE
HPA,LATEST,balance_sheet,value,0.0,ACTUAL,VNSTOCK_BRONZE
HPA,LATEST,balance_sheet,order,14.0,ACTUAL,VNSTOCK_BRONZE
HPA,LATEST,balance_sheet,level,2.0,ACTUAL,VNSTOCK_BRONZE
HPA,LATEST,balance_sheet,off_balance,0.0,ACTUAL,VNSTOCK_BRONZE
HPA,LATEST,balance_sheet,value,0.0,ACTUAL,VNSTOCK_BRONZE
HPA,LATEST,balance_sheet,order,15.0,ACTUAL,VNSTOCK_BRONZE
HPA,LATEST,balance_sheet,level,2.0,ACTUAL,VNSTOCK_BRONZE
HPA,LATEST,balance_sheet,off_balance,0.0,ACTUAL,VNSTOCK_BRONZE
HPA,LATEST,balance_sheet,value,20652088843.0,ACTUAL,VNSTOCK_BRONZE
HPA,LATEST,balance_sheet,order,16.0,ACTUAL,VNSTOCK_BRONZE
HPA,LATEST,balance_sheet,level,2.0,ACTUAL,VNSTOCK_BRONZE
HPA,LATEST,balance_sheet,off_balance,0.0,ACTUAL,VNSTOCK_BRONZE
HPA,LATEST,balance_sheet,value,-8959058136.0,ACTUAL,VNSTOCK_BRONZE
HPA,LATEST,balance_sheet,order,17.0,ACTUAL,VNSTOCK_BRONZE
HPA,LATEST,balance_sheet,level,2.0,ACTUAL,VNSTOCK_BRONZE
HPA,LATEST,balance_sheet,off_balance,0.0,ACTUAL,VNSTOCK_BRONZE
HPA,LATEST,balance_sheet,value,0.0,ACTUAL,VNSTOCK_BRONZE
HPA,LATEST,balance_sheet,order,18.0,ACTUAL,VNSTOCK_BRONZE
HPA,LATEST,balance_sheet,level,1.0,ACTUAL,VNSTOCK_BRONZE
HPA,LATEST,balance_sheet,off_balance,0.0,ACTUAL,VNSTOCK_BRONZE
HPA,LATEST,balance_sheet,value,434444138601.0,ACTUAL,VNSTOCK_BRONZE
HPA,LATEST,balance_sheet,order,19.0,ACTUAL,VNSTOCK_BRONZE
HPA,LATEST,balance_sheet,level,2.0,ACTUAL,VNSTOCK_BRONZE
HPA,LATEST,balance_sheet,off_balance,0.0,ACTUAL,VNSTOCK_BRONZE
HPA,LATEST,balance_sheet,value,435943272594.0,ACTUAL,VNSTOCK_BRONZE
HPA,LATEST,balance_sheet,order,20.0,ACTUAL,VNSTOCK_BRONZE
HPA,LATEST,balance_sheet,level,2.0,ACTUAL,VNSTOCK_BRONZE
HPA,LATEST,balance_sheet,off_balance,0.0,ACTUAL,VNSTOCK_BRONZE
HPA,LATEST,balance_sheet,value,-1499133993.0,ACTUAL,VNSTOCK_BRONZE
HPA,LATEST,balance_sheet,order,21.0,ACTUAL,VNSTOCK_BRONZE
HPA,LATEST,balance_sheet,level,1.0,ACTUAL,VNSTOCK_BRONZE
HPA,LATEST,balance_sheet,off_balance,0.0,ACTUAL,VNSTOCK_BRONZE
HPA,LATEST,balance_sheet,value,14312345969.0,ACTUAL,VNSTOCK_BRONZE
HPA,LATEST,balance_sheet,order,22.0,ACTUAL,VNSTOCK_BRONZE
HPA,LATEST,balance_sheet,level,2.0,ACTUAL,VNSTOCK_BRONZE
HPA,LATEST,balance_sheet,off_balance,0.0,ACTUAL,VNSTOCK_BRONZE
HPA,LATEST,balance_sheet,value,12888798574.0,ACTUAL,VNSTOCK_BRONZE
HPA,LATEST,balance_sheet,order,23.0,ACTUAL,VNSTOCK_BRONZE
HPA,LATEST,balance_sheet,level,2.0,ACTUAL,VNSTOCK_BRONZE
HPA,LATEST,balance_sheet,off_balance,0.0,ACTUAL,VNSTOCK_BRONZE
HPA,LATEST,balance_sheet,value,389872959.0,ACTUAL,VNSTOCK_BRONZE
HPA,LATEST,balance_sheet,order,24.0,ACTUAL,VNSTOCK_BRONZE
HPA,LATEST,balance_sheet,level,2.0,ACTUAL,VNSTOCK_BRONZE
HPA,LATEST,balance_sheet,off_balance,0.0,ACTUAL,VNSTOCK_BRONZE
HPA,LATEST,balance_sheet,value,1033674436.0,ACTUAL,VNSTOCK_BRONZE
HPA,LATEST,balance_sheet,order,25.0,ACTUAL,VNSTOCK_BRONZE
HPA,LATEST,balance_sheet,level,2.0,ACTUAL,VNSTOCK_BRONZE
HPA,LATEST,balance_sheet,off_balance,0.0,ACTUAL,VNSTOCK_BRONZE
HPA,LATEST,balance_sheet,value,0.0,ACTUAL,VNSTOCK_BRONZE
HPA,LATEST,balance_sheet,order,26.0,ACTUAL,VNSTOCK_BRONZE
HPA,LATEST,balance_sheet,level,1.0,ACTUAL,VNSTOCK_BRONZE
HPA,LATEST,balance_sheet,off_balance,0.0,ACTUAL,VNSTOCK_BRONZE
HPA,LATEST,balance_sheet,value,2032266163938.0,ACTUAL,VNSTOCK_BRONZE
HPA,LATEST,balance_sheet,order,27.0,ACTUAL,VNSTOCK_BRONZE
HPA,LATEST,balance_sheet,level,1.0,ACTUAL,VNSTOCK_BRONZE
HPA,LATEST,balance_sheet,off_balance,0.0,ACTUAL,VNSTOCK_BRONZE
HPA,LATEST,balance_sheet,value,64554164620.0,ACTUAL,VNSTOCK_BRONZE
HPA,LATEST,balance_sheet,order,28.0,ACTUAL,VNSTOCK_BRONZE
HPA,LATEST,balance_sheet,level,2.0,ACTUAL,VNSTOCK_BRONZE
HPA,LATEST,balance_sheet,off_balance,0.0,ACTUAL,VNSTOCK_BRONZE
HPA,LATEST,balance_sheet,value,0.0,ACTUAL,VNSTOCK_BRONZE
HPA,LATEST,balance_sheet,order,29.0,ACTUAL,VNSTOCK_BRONZE
HPA,LATEST,balance_sheet,level,2.0,ACTUAL,VNSTOCK_BRONZE
HPA,LATEST,balance_sheet,off_balance,0.0,ACTUAL,VNSTOCK_BRONZE
HPA,LATEST,balance_sheet,value,0.0,ACTUAL,VNSTOCK_BRONZE
HPA,LATEST,balance_sheet,order,30.0,ACTUAL,VNSTOCK_BRONZE
HPA,LATEST,balance_sheet,level,2.0,ACTUAL,VNSTOCK_BRONZE
HPA,LATEST,balance_sheet,off_balance,0.0,ACTUAL,VNSTOCK_BRONZE
HPA,LATEST,balance_sheet,value,0.0,ACTUAL,VNSTOCK_BRONZE
HPA,LATEST,balance_sheet,order,31.0,ACTUAL,VNSTOCK_BRONZE
HPA,LATEST,balance_sheet,level,2.0,ACTUAL,VNSTOCK_BRONZE
HPA,LATEST,balance_sheet,off_balance,0.0,ACTUAL,VNSTOCK_BRONZE
HPA,LATEST,balance_sheet,value,0.0,ACTUAL,VNSTOCK_BRONZE
HPA,LATEST,balance_sheet,order,32.0,ACTUAL,VNSTOCK_BRONZE
HPA,LATEST,balance_sheet,level,2.0,ACTUAL,VNSTOCK_BRONZE
HPA,LATEST,balance_sheet,off_balance,0.0,ACTUAL,VNSTOCK_BRONZE
HPA,LATEST,balance_sheet,value,64554164620.0,ACTUAL,VNSTOCK_BRONZE
HPA,LATEST,balance_sheet,order,33.0,ACTUAL,VNSTOCK_BRONZE
HPA,LATEST,balance_sheet,level,2.0,ACTUAL,VNSTOCK_BRONZE
HPA,LATEST,balance_sheet,off_balance,0.0,ACTUAL,VNSTOCK_BRONZE
HPA,LATEST,balance_sheet,value,-0.0,ACTUAL,VNSTOCK_BRONZE
HPA,LATEST,balance_sheet,order,34.0,ACTUAL,VNSTOCK_BRONZE
HPA,LATEST,balance_sheet,level,1.0,ACTUAL,VNSTOCK_BRONZE
HPA,LATEST,balance_sheet,off_balance,0.0,ACTUAL,VNSTOCK_BRONZE
HPA,LATEST,balance_sheet,value,1048641433128.0,ACTUAL,VNSTOCK_BRONZE
HPA,LATEST,balance_sheet,order,35.0,ACTUAL,VNSTOCK_BRONZE
HPA,LATEST,balance_sheet,level,2.0,ACTUAL,VNSTOCK_BRONZE
HPA,LATEST,balance_sheet,off_balance,0.0,ACTUAL,VNSTOCK_BRONZE
HPA,LATEST,balance_sheet,value,1034953238853.0,ACTUAL,VNSTOCK_BRONZE
HPA,LATEST,balance_sheet,order,36.0,ACTUAL,VNSTOCK_BRONZE
HPA,LATEST,balance_sheet,level,3.0,ACTUAL,VNSTOCK_BRONZE
HPA,LATEST,balance_sheet,off_balance,0.0,ACTUAL,VNSTOCK_BRONZE
HPA,LATEST,balance_sheet,value,4317517012414.0,ACTUAL,VNSTOCK_BRONZE
HPA,LATEST,balance_sheet,order,37.0,ACTUAL,VNSTOCK_BRONZE
HPA,LATEST,balance_sheet,level,3.0,ACTUAL,VNSTOCK_BRONZE
HPA,LATEST,balance_sheet,off_balance,0.0,ACTUAL,VNSTOCK_BRONZE
HPA,LATEST,balance_sheet,value,-3282563773561.0,ACTUAL,VNSTOCK_BRONZE
HPA,LATEST,balance_sheet,order,38.0,ACTUAL,VNSTOCK_BRONZE
HPA,LATEST,balance_sheet,level,2.0,ACTUAL,VNSTOCK_BRONZE
HPA,LATEST,balance_sheet,off_balance,0.0,ACTUAL,VNSTOCK_BRONZE
HPA,LATEST,balance_sheet,value,0.0,ACTUAL,VNSTOCK_BRONZE
HPA,LATEST,balance_sheet,order,39.0,ACTUAL,VNSTOCK_BRONZE
HPA,LATEST,balance_sheet,level,3.0,ACTUAL,VNSTOCK_BRONZE
HPA,LATEST,balance_sheet,off_balance,0.0,ACTUAL,VNSTOCK_BRONZE
HPA,LATEST,balance_sheet,value,0.0,ACTUAL,VNSTOCK_BRONZE
HPA,LATEST,balance_sheet,order,40.0,ACTUAL,VNSTOCK_BRONZE
HPA,LATEST,balance_sheet,level,3.0,ACTUAL,VNSTOCK_BRONZE
HPA,LATEST,balance_sheet,off_balance,0.0,ACTUAL,VNSTOCK_BRONZE
HPA,LATEST,balance_sheet,value,-0.0,ACTUAL,VNSTOCK_BRONZE
HPA,LATEST,balance_sheet,order,41.0,ACTUAL,VNSTOCK_BRONZE
HPA,LATEST,balance_sheet,level,2.0,ACTUAL,VNSTOCK_BRONZE
HPA,LATEST,balance_sheet,off_balance,0.0,ACTUAL,VNSTOCK_BRONZE
HPA,LATEST,balance_sheet,value,13688194275.0,ACTUAL,VNSTOCK_BRONZE
HPA,LATEST,balance_sheet,order,42.0,ACTUAL,VNSTOCK_BRONZE
HPA,LATEST,balance_sheet,level,3.0,ACTUAL,VNSTOCK_BRONZE
HPA,LATEST,balance_sheet,off_balance,0.0,ACTUAL,VNSTOCK_BRONZE
HPA,LATEST,balance_sheet,value,19468648539.0,ACTUAL,VNSTOCK_BRONZE
HPA,LATEST,balance_sheet,order,43.0,ACTUAL,VNSTOCK_BRONZE
HPA,LATEST,balance_sheet,level,3.0,ACTUAL,VNSTOCK_BRONZE
HPA,LATEST,balance_sheet,off_balance,0.0,ACTUAL,VNSTOCK_BRONZE
HPA,LATEST,balance_sheet,value,-5780454264.0,ACTUAL,VNSTOCK_BRONZE
HPA,LATEST,balance_sheet,order,44.0,ACTUAL,VNSTOCK_BRONZE
HPA,LATEST,balance_sheet,level,1.0,ACTUAL,VNSTOCK_BRONZE
HPA,LATEST,balance_sheet,off_balance,0.0,ACTUAL,VNSTOCK_BRONZE
HPA,LATEST,balance_sheet,value,0.0,ACTUAL,VNSTOCK_BRONZE
HPA,LATEST,balance_sheet,order,45.0,ACTUAL,VNSTOCK_BRONZE
HPA,LATEST,balance_sheet,level,2.0,ACTUAL,VNSTOCK_BRONZE
HPA,LATEST,balance_sheet,off_balance,0.0,ACTUAL,VNSTOCK_BRONZE
HPA,LATEST,balance_sheet,value,0.0,ACTUAL,VNSTOCK_BRONZE
HPA,LATEST,balance_sheet,order,46.0,ACTUAL,VNSTOCK_BRONZE
HPA,LATEST,balance_sheet,level,2.0,ACTUAL,VNSTOCK_BRONZE
HPA,LATEST,balance_sheet,off_balance,0.0,ACTUAL,VNSTOCK_BRONZE
HPA,LATEST,balance_sheet,value,-0.0,ACTUAL,VNSTOCK_BRONZE
HPA,LATEST,balance_sheet,order,47.0,ACTUAL,VNSTOCK_BRONZE
HPA,LATEST,balance_sheet,level,1.0,ACTUAL,VNSTOCK_BRONZE
HPA,LATEST,balance_sheet,off_balance,0.0,ACTUAL,VNSTOCK_BRONZE
HPA,LATEST,balance_sheet,value,284550134197.0,ACTUAL,VNSTOCK_BRONZE
HPA,LATEST,balance_sheet,order,48.0,ACTUAL,VNSTOCK_BRONZE
HPA,LATEST,balance_sheet,level,2.0,ACTUAL,VNSTOCK_BRONZE
HPA,LATEST,balance_sheet,off_balance,0.0,ACTUAL,VNSTOCK_BRONZE
HPA,LATEST,balance_sheet,value,0.0,ACTUAL,VNSTOCK_BRONZE
HPA,LATEST,balance_sheet,order,49.0,ACTUAL,VNSTOCK_BRONZE
HPA,LATEST,balance_sheet,level,2.0,ACTUAL,VNSTOCK_BRONZE
HPA,LATEST,balance_sheet,off_balance,0.0,ACTUAL,VNSTOCK_BRONZE
HPA,LATEST,balance_sheet,value,284550134197.0,ACTUAL,VNSTOCK_BRONZE
HPA,LATEST,balance_sheet,order,50.0,ACTUAL,VNSTOCK_BRONZE
HPA,LATEST,balance_sheet,level,1.0,ACTUAL,VNSTOCK_BRONZE
HPA,LATEST,balance_sheet,off_balance,0.0,ACTUAL,VNSTOCK_BRONZE
HPA,LATEST,balance_sheet,value,0.0,ACTUAL,VNSTOCK_BRONZE
HPA,LATEST,balance_sheet,order,51.0,ACTUAL,VNSTOCK_BRONZE
HPA,LATEST,balance_sheet,level,2.0,ACTUAL,VNSTOCK_BRONZE
HPA,LATEST,balance_sheet,off_balance,0.0,ACTUAL,VNSTOCK_BRONZE
HPA,LATEST,balance_sheet,value,0.0,ACTUAL,VNSTOCK_BRONZE
HPA,LATEST,balance_sheet,order,52.0,ACTUAL,VNSTOCK_BRONZE
HPA,LATEST,balance_sheet,level,2.0,ACTUAL,VNSTOCK_BRONZE
HPA,LATEST,balance_sheet,off_balance,0.0,ACTUAL,VNSTOCK_BRONZE
HPA,LATEST,balance_sheet,value,0.0,ACTUAL,VNSTOCK_BRONZE
HPA,LATEST,balance_sheet,order,53.0,ACTUAL,VNSTOCK_BRONZE
HPA,LATEST,balance_sheet,level,2.0,ACTUAL,VNSTOCK_BRONZE
HPA,LATEST,balance_sheet,off_balance,0.0,ACTUAL,VNSTOCK_BRONZE
HPA,LATEST,balance_sheet,value,0.0,ACTUAL,VNSTOCK_BRONZE
HPA,LATEST,balance_sheet,order,54.0,ACTUAL,VNSTOCK_BRONZE
HPA,LATEST,balance_sheet,level,2.0,ACTUAL,VNSTOCK_BRONZE
HPA,LATEST,balance_sheet,off_balance,0.0,ACTUAL,VNSTOCK_BRONZE
HPA,LATEST,balance_sheet,value,0.0,ACTUAL,VNSTOCK_BRONZE
HPA,LATEST,balance_sheet,order,55.0,ACTUAL,VNSTOCK_BRONZE
HPA,LATEST,balance_sheet,level,2.0,ACTUAL,VNSTOCK_BRONZE
HPA,LATEST,balance_sheet,off_balance,0.0,ACTUAL,VNSTOCK_BRONZE
HPA,LATEST,balance_sheet,value,0.0,ACTUAL,VNSTOCK_BRONZE
HPA,LATEST,balance_sheet,order,56.0,ACTUAL,VNSTOCK_BRONZE
HPA,LATEST,balance_sheet,level,1.0,ACTUAL,VNSTOCK_BRONZE
HPA,LATEST,balance_sheet,off_balance,0.0,ACTUAL,VNSTOCK_BRONZE
HPA,LATEST,balance_sheet,value,451573520917.0,ACTUAL,VNSTOCK_BRONZE
HPA,LATEST,balance_sheet,order,57.0,ACTUAL,VNSTOCK_BRONZE
HPA,LATEST,balance_sheet,level,2.0,ACTUAL,VNSTOCK_BRONZE
HPA,LATEST,balance_sheet,off_balance,0.0,ACTUAL,VNSTOCK_BRONZE
HPA,LATEST,balance_sheet,value,0.0,ACTUAL,VNSTOCK_BRONZE
HPA,LATEST,balance_sheet,order,58.0,ACTUAL,VNSTOCK_BRONZE
HPA,LATEST,balance_sheet,level,2.0,ACTUAL,VNSTOCK_BRONZE
HPA,LATEST,balance_sheet,off_balance,0.0,ACTUAL,VNSTOCK_BRONZE
HPA,LATEST,balance_sheet,value,438195510708.0,ACTUAL,VNSTOCK_BRONZE
HPA,LATEST,balance_sheet,order,59.0,ACTUAL,VNSTOCK_BRONZE
HPA,LATEST,balance_sheet,level,2.0,ACTUAL,VNSTOCK_BRONZE
HPA,LATEST,balance_sheet,off_balance,0.0,ACTUAL,VNSTOCK_BRONZE
HPA,LATEST,balance_sheet,value,13378010209.0,ACTUAL,VNSTOCK_BRONZE
HPA,LATEST,balance_sheet,order,60.0,ACTUAL,VNSTOCK_BRONZE
HPA,LATEST,balance_sheet,level,2.0,ACTUAL,VNSTOCK_BRONZE
HPA,LATEST,balance_sheet,off_balance,0.0,ACTUAL,VNSTOCK_BRONZE
HPA,LATEST,balance_sheet,value,0.0,ACTUAL,VNSTOCK_BRONZE
HPA,LATEST,balance_sheet,order,61.0,ACTUAL,VNSTOCK_BRONZE
HPA,LATEST,balance_sheet,level,2.0,ACTUAL,VNSTOCK_BRONZE
HPA,LATEST,balance_sheet,off_balance,0.0,ACTUAL,VNSTOCK_BRONZE
HPA,LATEST,balance_sheet,value,0.0,ACTUAL,VNSTOCK_BRONZE
HPA,LATEST,balance_sheet,order,62.0,ACTUAL,VNSTOCK_BRONZE
HPA,LATEST,balance_sheet,level,2.0,ACTUAL,VNSTOCK_BRONZE
HPA,LATEST,balance_sheet,off_balance,0.0,ACTUAL,VNSTOCK_BRONZE
HPA,LATEST,balance_sheet,value,0.0,ACTUAL,VNSTOCK_BRONZE
HPA,LATEST,balance_sheet,order,63.0,ACTUAL,VNSTOCK_BRONZE
HPA,LATEST,balance_sheet,level,1.0,ACTUAL,VNSTOCK_BRONZE
HPA,LATEST,balance_sheet,off_balance,0.0,ACTUAL,VNSTOCK_BRONZE
HPA,LATEST,balance_sheet,value,5472467986297.0,ACTUAL,VNSTOCK_BRONZE
HPA,LATEST,balance_sheet,order,64.0,ACTUAL,VNSTOCK_BRONZE
HPA,LATEST,balance_sheet,level,1.0,ACTUAL,VNSTOCK_BRONZE
HPA,LATEST,balance_sheet,off_balance,0.0,ACTUAL,VNSTOCK_BRONZE
HPA,LATEST,balance_sheet,value,735464443185.0,ACTUAL,VNSTOCK_BRONZE
HPA,LATEST,balance_sheet,order,65.0,ACTUAL,VNSTOCK_BRONZE
HPA,LATEST,balance_sheet,level,1.0,ACTUAL,VNSTOCK_BRONZE
HPA,LATEST,balance_sheet,off_balance,0.0,ACTUAL,VNSTOCK_BRONZE
HPA,LATEST,balance_sheet,value,735357339417.0,ACTUAL,VNSTOCK_BRONZE
HPA,LATEST,balance_sheet,order,66.0,ACTUAL,VNSTOCK_BRONZE
HPA,LATEST,balance_sheet,level,2.0,ACTUAL,VNSTOCK_BRONZE
HPA,LATEST,balance_sheet,off_balance,0.0,ACTUAL,VNSTOCK_BRONZE
HPA,LATEST,balance_sheet,value,0.0,ACTUAL,VNSTOCK_BRONZE
HPA,LATEST,balance_sheet,order,67.0,ACTUAL,VNSTOCK_BRONZE
HPA,LATEST,balance_sheet,level,2.0,ACTUAL,VNSTOCK_BRONZE
HPA,LATEST,balance_sheet,off_balance,0.0,ACTUAL,VNSTOCK_BRONZE
HPA,LATEST,balance_sheet,value,0.0,ACTUAL,VNSTOCK_BRONZE
HPA,LATEST,balance_sheet,order,68.0,ACTUAL,VNSTOCK_BRONZE
HPA,LATEST,balance_sheet,level,2.0,ACTUAL,VNSTOCK_BRONZE
HPA,LATEST,balance_sheet,off_balance,0.0,ACTUAL,VNSTOCK_BRONZE
HPA,LATEST,balance_sheet,value,0.0,ACTUAL,VNSTOCK_BRONZE
HPA,LATEST,balance_sheet,order,69.0,ACTUAL,VNSTOCK_BRONZE
HPA,LATEST,balance_sheet,level,2.0,ACTUAL,VNSTOCK_BRONZE
HPA,LATEST,balance_sheet,off_balance,0.0,ACTUAL,VNSTOCK_BRONZE
HPA,LATEST,balance_sheet,value,175287190572.0,ACTUAL,VNSTOCK_BRONZE
HPA,LATEST,balance_sheet,order,70.0,ACTUAL,VNSTOCK_BRONZE
HPA,LATEST,balance_sheet,level,2.0,ACTUAL,VNSTOCK_BRONZE
HPA,LATEST,balance_sheet,off_balance,0.0,ACTUAL,VNSTOCK_BRONZE
HPA,LATEST,balance_sheet,value,10707886195.0,ACTUAL,VNSTOCK_BRONZE
HPA,LATEST,balance_sheet,order,71.0,ACTUAL,VNSTOCK_BRONZE
HPA,LATEST,balance_sheet,level,2.0,ACTUAL,VNSTOCK_BRONZE
HPA,LATEST,balance_sheet,off_balance,0.0,ACTUAL,VNSTOCK_BRONZE
HPA,LATEST,balance_sheet,value,34022946873.0,ACTUAL,VNSTOCK_BRONZE
HPA,LATEST,balance_sheet,order,72.0,ACTUAL,VNSTOCK_BRONZE
HPA,LATEST,balance_sheet,level,2.0,ACTUAL,VNSTOCK_BRONZE
HPA,LATEST,balance_sheet,off_balance,0.0,ACTUAL,VNSTOCK_BRONZE
HPA,LATEST,balance_sheet,value,23301440606.0,ACTUAL,VNSTOCK_BRONZE
HPA,LATEST,balance_sheet,order,73.0,ACTUAL,VNSTOCK_BRONZE
HPA,LATEST,balance_sheet,level,2.0,ACTUAL,VNSTOCK_BRONZE
HPA,LATEST,balance_sheet,off_balance,0.0,ACTUAL,VNSTOCK_BRONZE
HPA,LATEST,balance_sheet,value,43686031682.0,ACTUAL,VNSTOCK_BRONZE
HPA,LATEST,balance_sheet,order,74.0,ACTUAL,VNSTOCK_BRONZE
HPA,LATEST,balance_sheet,level,2.0,ACTUAL,VNSTOCK_BRONZE
HPA,LATEST,balance_sheet,off_balance,0.0,ACTUAL,VNSTOCK_BRONZE
HPA,LATEST,balance_sheet,value,0.0,ACTUAL,VNSTOCK_BRONZE
HPA,LATEST,balance_sheet,order,75.0,ACTUAL,VNSTOCK_BRONZE
HPA,LATEST,balance_sheet,level,2.0,ACTUAL,VNSTOCK_BRONZE
HPA,LATEST,balance_sheet,off_balance,0.0,ACTUAL,VNSTOCK_BRONZE
HPA,LATEST,balance_sheet,value,846445496.0,ACTUAL,VNSTOCK_BRONZE
HPA,LATEST,balance_sheet,order,76.0,ACTUAL,VNSTOCK_BRONZE
HPA,LATEST,balance_sheet,level,2.0,ACTUAL,VNSTOCK_BRONZE
HPA,LATEST,balance_sheet,off_balance,0.0,ACTUAL,VNSTOCK_BRONZE
HPA,LATEST,balance_sheet,value,4050602763.0,ACTUAL,VNSTOCK_BRONZE
HPA,LATEST,balance_sheet,order,77.0,ACTUAL,VNSTOCK_BRONZE
HPA,LATEST,balance_sheet,level,2.0,ACTUAL,VNSTOCK_BRONZE
HPA,LATEST,balance_sheet,off_balance,0.0,ACTUAL,VNSTOCK_BRONZE
HPA,LATEST,balance_sheet,value,420686720333.0,ACTUAL,VNSTOCK_BRONZE
HPA,LATEST,balance_sheet,order,78.0,ACTUAL,VNSTOCK_BRONZE
HPA,LATEST,balance_sheet,level,2.0,ACTUAL,VNSTOCK_BRONZE
HPA,LATEST,balance_sheet,off_balance,0.0,ACTUAL,VNSTOCK_BRONZE
HPA,LATEST,balance_sheet,value,0.0,ACTUAL,VNSTOCK_BRONZE
HPA,LATEST,balance_sheet,order,79.0,ACTUAL,VNSTOCK_BRONZE
HPA,LATEST,balance_sheet,level,2.0,ACTUAL,VNSTOCK_BRONZE
HPA,LATEST,balance_sheet,off_balance,0.0,ACTUAL,VNSTOCK_BRONZE
HPA,LATEST,balance_sheet,value,22666952704.0,ACTUAL,VNSTOCK_BRONZE
HPA,LATEST,balance_sheet,order,80.0,ACTUAL,VNSTOCK_BRONZE
HPA,LATEST,balance_sheet,level,2.0,ACTUAL,VNSTOCK_BRONZE
HPA,LATEST,balance_sheet,off_balance,0.0,ACTUAL,VNSTOCK_BRONZE
HPA,LATEST,balance_sheet,value,0.0,ACTUAL,VNSTOCK_BRONZE
HPA,LATEST,balance_sheet,order,81.0,ACTUAL,VNSTOCK_BRONZE
HPA,LATEST,balance_sheet,level,2.0,ACTUAL,VNSTOCK_BRONZE
HPA,LATEST,balance_sheet,off_balance,0.0,ACTUAL,VNSTOCK_BRONZE
HPA,LATEST,balance_sheet,value,0.0,ACTUAL,VNSTOCK_BRONZE
HPA,LATEST,balance_sheet,order,82.0,ACTUAL,VNSTOCK_BRONZE
HPA,LATEST,balance_sheet,level,1.0,ACTUAL,VNSTOCK_BRONZE
HPA,LATEST,balance_sheet,off_balance,0.0,ACTUAL,VNSTOCK_BRONZE
HPA,LATEST,balance_sheet,value,107103768.0,ACTUAL,VNSTOCK_BRONZE
HPA,LATEST,balance_sheet,order,83.0,ACTUAL,VNSTOCK_BRONZE
HPA,LATEST,balance_sheet,level,2.0,ACTUAL,VNSTOCK_BRONZE
HPA,LATEST,balance_sheet,off_balance,0.0,ACTUAL,VNSTOCK_BRONZE
HPA,LATEST,balance_sheet,value,0.0,ACTUAL,VNSTOCK_BRONZE
HPA,LATEST,balance_sheet,order,84.0,ACTUAL,VNSTOCK_BRONZE
HPA,LATEST,balance_sheet,level,2.0,ACTUAL,VNSTOCK_BRONZE
HPA,LATEST,balance_sheet,off_balance,0.0,ACTUAL,VNSTOCK_BRONZE
HPA,LATEST,balance_sheet,order,85.0,ACTUAL,VNSTOCK_BRONZE
HPA,LATEST,balance_sheet,level,2.0,ACTUAL,VNSTOCK_BRONZE
HPA,LATEST,balance_sheet,off_balance,0.0,ACTUAL,VNSTOCK_BRONZE
HPA,LATEST,balance_sheet,value,0.0,ACTUAL,VNSTOCK_BRONZE
HPA,LATEST,balance_sheet,order,86.0,ACTUAL,VNSTOCK_BRONZE
HPA,LATEST,balance_sheet,level,2.0,ACTUAL,VNSTOCK_BRONZE
HPA,LATEST,balance_sheet,off_balance,0.0,ACTUAL,VNSTOCK_BRONZE
HPA,LATEST,balance_sheet,value,0.0,ACTUAL,VNSTOCK_BRONZE
HPA,LATEST,balance_sheet,order,87.0,ACTUAL,VNSTOCK_BRONZE
HPA,LATEST,balance_sheet,level,2.0,ACTUAL,VNSTOCK_BRONZE
HPA,LATEST,balance_sheet,off_balance,0.0,ACTUAL,VNSTOCK_BRONZE
HPA,LATEST,balance_sheet,value,0.0,ACTUAL,VNSTOCK_BRONZE
HPA,LATEST,balance_sheet,order,88.0,ACTUAL,VNSTOCK_BRONZE
HPA,LATEST,balance_sheet,level,2.0,ACTUAL,VNSTOCK_BRONZE
HPA,LATEST,balance_sheet,off_balance,0.0,ACTUAL,VNSTOCK_BRONZE
HPA,LATEST,balance_sheet,value,0.0,ACTUAL,VNSTOCK_BRONZE
HPA,LATEST,balance_sheet,order,89.0,ACTUAL,VNSTOCK_BRONZE
HPA,LATEST,balance_sheet,level,2.0,ACTUAL,VNSTOCK_BRONZE
HPA,LATEST,balance_sheet,off_balance,0.0,ACTUAL,VNSTOCK_BRONZE
HPA,LATEST,balance_sheet,value,0.0,ACTUAL,VNSTOCK_BRONZE
HPA,LATEST,balance_sheet,order,90.0,ACTUAL,VNSTOCK_BRONZE
HPA,LATEST,balance_sheet,level,2.0,ACTUAL,VNSTOCK_BRONZE
HPA,LATEST,balance_sheet,off_balance,0.0,ACTUAL,VNSTOCK_BRONZE
HPA,LATEST,balance_sheet,value,69000000.0,ACTUAL,VNSTOCK_BRONZE
HPA,LATEST,balance_sheet,order,91.0,ACTUAL,VNSTOCK_BRONZE
HPA,LATEST,balance_sheet,level,2.0,ACTUAL,VNSTOCK_BRONZE
HPA,LATEST,balance_sheet,off_balance,0.0,ACTUAL,VNSTOCK_BRONZE
HPA,LATEST,balance_sheet,value,0.0,ACTUAL,VNSTOCK_BRONZE
HPA,LATEST,balance_sheet,order,92.0,ACTUAL,VNSTOCK_BRONZE
HPA,LATEST,balance_sheet,level,2.0,ACTUAL,VNSTOCK_BRONZE
HPA,LATEST,balance_sheet,off_balance,0.0,ACTUAL,VNSTOCK_BRONZE
HPA,LATEST,balance_sheet,value,0.0,ACTUAL,VNSTOCK_BRONZE
HPA,LATEST,balance_sheet,order,93.0,ACTUAL,VNSTOCK_BRONZE
HPA,LATEST,balance_sheet,level,2.0,ACTUAL,VNSTOCK_BRONZE
HPA,LATEST,balance_sheet,off_balance,0.0,ACTUAL,VNSTOCK_BRONZE
HPA,LATEST,balance_sheet,value,38103768.0,ACTUAL,VNSTOCK_BRONZE
HPA,LATEST,balance_sheet,order,94.0,ACTUAL,VNSTOCK_BRONZE
HPA,LATEST,balance_sheet,level,2.0,ACTUAL,VNSTOCK_BRONZE
HPA,LATEST,balance_sheet,off_balance,0.0,ACTUAL,VNSTOCK_BRONZE
HPA,LATEST,balance_sheet,value,0.0,ACTUAL,VNSTOCK_BRONZE
HPA,LATEST,balance_sheet,order,95.0,ACTUAL,VNSTOCK_BRONZE
HPA,LATEST,balance_sheet,level,2.0,ACTUAL,VNSTOCK_BRONZE
HPA,LATEST,balance_sheet,off_balance,0.0,ACTUAL,VNSTOCK_BRONZE
HPA,LATEST,balance_sheet,value,0.0,ACTUAL,VNSTOCK_BRONZE
HPA,LATEST,balance_sheet,order,96.0,ACTUAL,VNSTOCK_BRONZE
HPA,LATEST,balance_sheet,level,1.0,ACTUAL,VNSTOCK_BRONZE
HPA,LATEST,balance_sheet,off_balance,0.0,ACTUAL,VNSTOCK_BRONZE
HPA,LATEST,balance_sheet,value,4737003543112.0,ACTUAL,VNSTOCK_BRONZE
HPA,LATEST,balance_sheet,order,97.0,ACTUAL,VNSTOCK_BRONZE
HPA,LATEST,balance_sheet,level,1.0,ACTUAL,VNSTOCK_BRONZE
HPA,LATEST,balance_sheet,off_balance,0.0,ACTUAL,VNSTOCK_BRONZE
HPA,LATEST,balance_sheet,value,4737003543112.0,ACTUAL,VNSTOCK_BRONZE
HPA,LATEST,balance_sheet,order,98.0,ACTUAL,VNSTOCK_BRONZE
HPA,LATEST,balance_sheet,level,2.0,ACTUAL,VNSTOCK_BRONZE
HPA,LATEST,balance_sheet,off_balance,0.0,ACTUAL,VNSTOCK_BRONZE
HPA,LATEST,balance_sheet,value,0.0,ACTUAL,VNSTOCK_BRONZE
HPA,LATEST,balance_sheet,order,99.0,ACTUAL,VNSTOCK_BRONZE
HPA,LATEST,balance_sheet,level,2.0,ACTUAL,VNSTOCK_BRONZE
HPA,LATEST,balance_sheet,off_balance,0.0,ACTUAL,VNSTOCK_BRONZE
HPA,LATEST,balance_sheet,value,0.0,ACTUAL,VNSTOCK_BRONZE
HPA,LATEST,balance_sheet,order,100.0,ACTUAL,VNSTOCK_BRONZE
HPA,LATEST,balance_sheet,level,2.0,ACTUAL,VNSTOCK_BRONZE
HPA,LATEST,balance_sheet,off_balance,0.0,ACTUAL,VNSTOCK_BRONZE
HPA,LATEST,balance_sheet,value,0.0,ACTUAL,VNSTOCK_BRONZE
HPA,LATEST,balance_sheet,order,101.0,ACTUAL,VNSTOCK_BRONZE
HPA,LATEST,balance_sheet,level,2.0,ACTUAL,VNSTOCK_BRONZE
HPA,LATEST,balance_sheet,off_balance,0.0,ACTUAL,VNSTOCK_BRONZE
HPA,LATEST,balance_sheet,value,0.0,ACTUAL,VNSTOCK_BRONZE
HPA,LATEST,balance_sheet,order,102.0,ACTUAL,VNSTOCK_BRONZE
HPA,LATEST,balance_sheet,level,2.0,ACTUAL,VNSTOCK_BRONZE
HPA,LATEST,balance_sheet,off_balance,0.0,ACTUAL,VNSTOCK_BRONZE
HPA,LATEST,balance_sheet,value,2850000000000.0,ACTUAL,VNSTOCK_BRONZE
HPA,LATEST,balance_sheet,order,103.0,ACTUAL,VNSTOCK_BRONZE
HPA,LATEST,balance_sheet,level,3.0,ACTUAL,VNSTOCK_BRONZE
HPA,LATEST,balance_sheet,off_balance,0.0,ACTUAL,VNSTOCK_BRONZE
HPA,LATEST,balance_sheet,value,2850000000000.0,ACTUAL,VNSTOCK_BRONZE
HPA,LATEST,balance_sheet,order,104.0,ACTUAL,VNSTOCK_BRONZE
HPA,LATEST,balance_sheet,level,2.0,ACTUAL,VNSTOCK_BRONZE
HPA,LATEST,balance_sheet,off_balance,0.0,ACTUAL,VNSTOCK_BRONZE
HPA,LATEST,balance_sheet,value,911866210000.0,ACTUAL,VNSTOCK_BRONZE
HPA,LATEST,balance_sheet,order,105.0,ACTUAL,VNSTOCK_BRONZE
HPA,LATEST,balance_sheet,level,2.0,ACTUAL,VNSTOCK_BRONZE
HPA,LATEST,balance_sheet,off_balance,0.0,ACTUAL,VNSTOCK_BRONZE
HPA,LATEST,balance_sheet,value,0.0,ACTUAL,VNSTOCK_BRONZE
HPA,LATEST,balance_sheet,order,106.0,ACTUAL,VNSTOCK_BRONZE
HPA,LATEST,balance_sheet,level,2.0,ACTUAL,VNSTOCK_BRONZE
HPA,LATEST,balance_sheet,off_balance,0.0,ACTUAL,VNSTOCK_BRONZE
HPA,LATEST,balance_sheet,value,0.0,ACTUAL,VNSTOCK_BRONZE
HPA,LATEST,balance_sheet,order,107.0,ACTUAL,VNSTOCK_BRONZE
HPA,LATEST,balance_sheet,level,2.0,ACTUAL,VNSTOCK_BRONZE
HPA,LATEST,balance_sheet,off_balance,0.0,ACTUAL,VNSTOCK_BRONZE
HPA,LATEST,balance_sheet,value,0.0,ACTUAL,VNSTOCK_BRONZE
HPA,LATEST,balance_sheet,order,108.0,ACTUAL,VNSTOCK_BRONZE
HPA,LATEST,balance_sheet,level,2.0,ACTUAL,VNSTOCK_BRONZE
HPA,LATEST,balance_sheet,off_balance,0.0,ACTUAL,VNSTOCK_BRONZE
HPA,LATEST,balance_sheet,value,0.0,ACTUAL,VNSTOCK_BRONZE
HPA,LATEST,balance_sheet,order,109.0,ACTUAL,VNSTOCK_BRONZE
HPA,LATEST,balance_sheet,level,2.0,ACTUAL,VNSTOCK_BRONZE
HPA,LATEST,balance_sheet,off_balance,0.0,ACTUAL,VNSTOCK_BRONZE
HPA,LATEST,balance_sheet,value,0.0,ACTUAL,VNSTOCK_BRONZE
HPA,LATEST,balance_sheet,order,110.0,ACTUAL,VNSTOCK_BRONZE
HPA,LATEST,balance_sheet,level,2.0,ACTUAL,VNSTOCK_BRONZE
HPA,LATEST,balance_sheet,off_balance,0.0,ACTUAL,VNSTOCK_BRONZE
HPA,LATEST,balance_sheet,value,0.0,ACTUAL,VNSTOCK_BRONZE
HPA,LATEST,balance_sheet,order,111.0,ACTUAL,VNSTOCK_BRONZE
HPA,LATEST,balance_sheet,level,2.0,ACTUAL,VNSTOCK_BRONZE
HPA,LATEST,balance_sheet,off_balance,0.0,ACTUAL,VNSTOCK_BRONZE
HPA,LATEST,balance_sheet,value,0.0,ACTUAL,VNSTOCK_BRONZE
HPA,LATEST,balance_sheet,order,112.0,ACTUAL,VNSTOCK_BRONZE
HPA,LATEST,balance_sheet,level,2.0,ACTUAL,VNSTOCK_BRONZE
HPA,LATEST,balance_sheet,off_balance,0.0,ACTUAL,VNSTOCK_BRONZE
HPA,LATEST,balance_sheet,value,945292310469.0,ACTUAL,VNSTOCK_BRONZE
HPA,LATEST,balance_sheet,order,113.0,ACTUAL,VNSTOCK_BRONZE
HPA,LATEST,balance_sheet,level,3.0,ACTUAL,VNSTOCK_BRONZE
HPA,LATEST,balance_sheet,off_balance,0.0,ACTUAL,VNSTOCK_BRONZE
HPA,LATEST,balance_sheet,value,608219802764.0,ACTUAL,VNSTOCK_BRONZE
HPA,LATEST,balance_sheet,order,114.0,ACTUAL,VNSTOCK_BRONZE
HPA,LATEST,balance_sheet,level,3.0,ACTUAL,VNSTOCK_BRONZE
HPA,LATEST,balance_sheet,off_balance,0.0,ACTUAL,VNSTOCK_BRONZE
HPA,LATEST,balance_sheet,value,337072507705.0,ACTUAL,VNSTOCK_BRONZE
HPA,LATEST,balance_sheet,order,115.0,ACTUAL,VNSTOCK_BRONZE
HPA,LATEST,balance_sheet,level,2.0,ACTUAL,VNSTOCK_BRONZE
HPA,LATEST,balance_sheet,off_balance,0.0,ACTUAL,VNSTOCK_BRONZE
HPA,LATEST,balance_sheet,value,29845022643.0,ACTUAL,VNSTOCK_BRONZE
HPA,LATEST,balance_sheet,order,116.0,ACTUAL,VNSTOCK_BRONZE
HPA,LATEST,balance_sheet,level,1.0,ACTUAL,VNSTOCK_BRONZE
HPA,LATEST,balance_sheet,off_balance,0.0,ACTUAL,VNSTOCK_BRONZE
HPA,LATEST,balance_sheet,value,0.0,ACTUAL,VNSTOCK_BRONZE
HPA,LATEST,balance_sheet,order,117.0,ACTUAL,VNSTOCK_BRONZE
HPA,LATEST,balance_sheet,level,2.0,ACTUAL,VNSTOCK_BRONZE
HPA,LATEST,balance_sheet,off_balance,0.0,ACTUAL,VNSTOCK_BRONZE
HPA,LATEST,balance_sheet,value,0.0,ACTUAL,VNSTOCK_BRONZE
HPA,LATEST,balance_sheet,order,118.0,ACTUAL,VNSTOCK_BRONZE
HPA,LATEST,balance_sheet,level,1.0,ACTUAL,VNSTOCK_BRONZE
HPA,LATEST,balance_sheet,off_balance,0.0,ACTUAL,VNSTOCK_BRONZE
HPA,LATEST,balance_sheet,value,5472467986297.0,ACTUAL,VNSTOCK_BRONZE
HPA,LATEST,balance_sheet,order,1.0,ACTUAL,VNSTOCK_BRONZE
HPA,LATEST,balance_sheet,level,1.0,ACTUAL,VNSTOCK_BRONZE
HPA,LATEST,balance_sheet,off_balance,0.0,ACTUAL,VNSTOCK_BRONZE
HPA,LATEST,balance_sheet,value,2665368715810.0,ACTUAL,VNSTOCK_BRONZE
HPA,LATEST,balance_sheet,order,2.0,ACTUAL,VNSTOCK_BRONZE
HPA,LATEST,balance_sheet,level,1.0,ACTUAL,VNSTOCK_BRONZE
HPA,LATEST,balance_sheet,off_balance,0.0,ACTUAL,VNSTOCK_BRONZE
HPA,LATEST,balance_sheet,value,713099784256.0,ACTUAL,VNSTOCK_BRONZE
HPA,LATEST,balance_sheet,order,3.0,ACTUAL,VNSTOCK_BRONZE
HPA,LATEST,balance_sheet,level,2.0,ACTUAL,VNSTOCK_BRONZE
HPA,LATEST,balance_sheet,off_balance,0.0,ACTUAL,VNSTOCK_BRONZE
HPA,LATEST,balance_sheet,value,520039784256.0,ACTUAL,VNSTOCK_BRONZE
HPA,LATEST,balance_sheet,order,4.0,ACTUAL,VNSTOCK_BRONZE
HPA,LATEST,balance_sheet,level,2.0,ACTUAL,VNSTOCK_BRONZE
HPA,LATEST,balance_sheet,off_balance,0.0,ACTUAL,VNSTOCK_BRONZE
HPA,LATEST,balance_sheet,value,193060000000.0,ACTUAL,VNSTOCK_BRONZE
HPA,LATEST,balance_sheet,order,5.0,ACTUAL,VNSTOCK_BRONZE
HPA,LATEST,balance_sheet,level,1.0,ACTUAL,VNSTOCK_BRONZE
HPA,LATEST,balance_sheet,off_balance,0.0,ACTUAL,VNSTOCK_BRONZE
HPA,LATEST,balance_sheet,value,562960000000.0,ACTUAL,VNSTOCK_BRONZE
HPA,LATEST,balance_sheet,order,6.0,ACTUAL,VNSTOCK_BRONZE
HPA,LATEST,balance_sheet,level,2.0,ACTUAL,VNSTOCK_BRONZE
HPA,LATEST,balance_sheet,off_balance,0.0,ACTUAL,VNSTOCK_BRONZE
HPA,LATEST,balance_sheet,value,0.0,ACTUAL,VNSTOCK_BRONZE
HPA,LATEST,balance_sheet,order,7.0,ACTUAL,VNSTOCK_BRONZE
HPA,LATEST,balance_sheet,level,2.0,ACTUAL,VNSTOCK_BRONZE
HPA,LATEST,balance_sheet,off_balance,0.0,ACTUAL,VNSTOCK_BRONZE
HPA,LATEST,balance_sheet,value,0.0,ACTUAL,VNSTOCK_BRONZE
HPA,LATEST,balance_sheet,order,8.0,ACTUAL,VNSTOCK_BRONZE
HPA,LATEST,balance_sheet,level,2.0,ACTUAL,VNSTOCK_BRONZE
HPA,LATEST,balance_sheet,off_balance,0.0,ACTUAL,VNSTOCK_BRONZE
HPA,LATEST,balance_sheet,value,562960000000.0,ACTUAL,VNSTOCK_BRONZE
HPA,LATEST,balance_sheet,order,9.0,ACTUAL,VNSTOCK_BRONZE
HPA,LATEST,balance_sheet,level,1.0,ACTUAL,VNSTOCK_BRONZE
HPA,LATEST,balance_sheet,off_balance,0.0,ACTUAL,VNSTOCK_BRONZE
HPA,LATEST,balance_sheet,value,162508265478.0,ACTUAL,VNSTOCK_BRONZE
HPA,LATEST,balance_sheet,order,10.0,ACTUAL,VNSTOCK_BRONZE
HPA,LATEST,balance_sheet,level,2.0,ACTUAL,VNSTOCK_BRONZE
HPA,LATEST,balance_sheet,off_balance,0.0,ACTUAL,VNSTOCK_BRONZE
HPA,LATEST,balance_sheet,value,135843459849.0,ACTUAL,VNSTOCK_BRONZE
HPA,LATEST,balance_sheet,order,11.0,ACTUAL,VNSTOCK_BRONZE
HPA,LATEST,balance_sheet,level,2.0,ACTUAL,VNSTOCK_BRONZE
HPA,LATEST,balance_sheet,off_balance,0.0,ACTUAL,VNSTOCK_BRONZE
HPA,LATEST,balance_sheet,value,12547195933.0,ACTUAL,VNSTOCK_BRONZE
HPA,LATEST,balance_sheet,order,12.0,ACTUAL,VNSTOCK_BRONZE
HPA,LATEST,balance_sheet,level,2.0,ACTUAL,VNSTOCK_BRONZE
HPA,LATEST,balance_sheet,off_balance,0.0,ACTUAL,VNSTOCK_BRONZE
HPA,LATEST,balance_sheet,value,0.0,ACTUAL,VNSTOCK_BRONZE
HPA,LATEST,balance_sheet,order,13.0,ACTUAL,VNSTOCK_BRONZE
HPA,LATEST,balance_sheet,level,2.0,ACTUAL,VNSTOCK_BRONZE
HPA,LATEST,balance_sheet,off_balance,0.0,ACTUAL,VNSTOCK_BRONZE
HPA,LATEST,balance_sheet,value,0.0,ACTUAL,VNSTOCK_BRONZE
HPA,LATEST,balance_sheet,order,14.0,ACTUAL,VNSTOCK_BRONZE
HPA,LATEST,balance_sheet,level,2.0,ACTUAL,VNSTOCK_BRONZE
HPA,LATEST,balance_sheet,off_balance,0.0,ACTUAL,VNSTOCK_BRONZE
HPA,LATEST,balance_sheet,value,0.0,ACTUAL,VNSTOCK_BRONZE
HPA,LATEST,balance_sheet,order,15.0,ACTUAL,VNSTOCK_BRONZE
HPA,LATEST,balance_sheet,level,2.0,ACTUAL,VNSTOCK_BRONZE
HPA,LATEST,balance_sheet,off_balance,0.0,ACTUAL,VNSTOCK_BRONZE
HPA,LATEST,balance_sheet,value,23014440833.0,ACTUAL,VNSTOCK_BRONZE
HPA,LATEST,balance_sheet,order,16.0,ACTUAL,VNSTOCK_BRONZE
HPA,LATEST,balance_sheet,level,2.0,ACTUAL,VNSTOCK_BRONZE
HPA,LATEST,balance_sheet,off_balance,0.0,ACTUAL,VNSTOCK_BRONZE
HPA,LATEST,balance_sheet,value,-8896831137.0,ACTUAL,VNSTOCK_BRONZE
HPA,LATEST,balance_sheet,order,17.0,ACTUAL,VNSTOCK_BRONZE
HPA,LATEST,balance_sheet,level,2.0,ACTUAL,VNSTOCK_BRONZE
HPA,LATEST,balance_sheet,off_balance,0.0,ACTUAL,VNSTOCK_BRONZE
HPA,LATEST,balance_sheet,value,0.0,ACTUAL,VNSTOCK_BRONZE
HPA,LATEST,balance_sheet,order,18.0,ACTUAL,VNSTOCK_BRONZE
HPA,LATEST,balance_sheet,level,1.0,ACTUAL,VNSTOCK_BRONZE
HPA,LATEST,balance_sheet,off_balance,0.0,ACTUAL,VNSTOCK_BRONZE
HPA,LATEST,balance_sheet,value,1140191645408.0,ACTUAL,VNSTOCK_BRONZE
HPA,LATEST,balance_sheet,order,19.0,ACTUAL,VNSTOCK_BRONZE
HPA,LATEST,balance_sheet,level,2.0,ACTUAL,VNSTOCK_BRONZE
HPA,LATEST,balance_sheet,off_balance,0.0,ACTUAL,VNSTOCK_BRONZE
HPA,LATEST,balance_sheet,value,1147520318656.0,ACTUAL,VNSTOCK_BRONZE
HPA,LATEST,balance_sheet,order,20.0,ACTUAL,VNSTOCK_BRONZE
HPA,LATEST,balance_sheet,level,2.0,ACTUAL,VNSTOCK_BRONZE
HPA,LATEST,balance_sheet,off_balance,0.0,ACTUAL,VNSTOCK_BRONZE
HPA,LATEST,balance_sheet,value,-7328673248.0,ACTUAL,VNSTOCK_BRONZE
HPA,LATEST,balance_sheet,order,21.0,ACTUAL,VNSTOCK_BRONZE
HPA,LATEST,balance_sheet,level,1.0,ACTUAL,VNSTOCK_BRONZE
HPA,LATEST,balance_sheet,off_balance,0.0,ACTUAL,VNSTOCK_BRONZE
HPA,LATEST,balance_sheet,value,86609020668.0,ACTUAL,VNSTOCK_BRONZE
HPA,LATEST,balance_sheet,order,22.0,ACTUAL,VNSTOCK_BRONZE
HPA,LATEST,balance_sheet,level,2.0,ACTUAL,VNSTOCK_BRONZE
HPA,LATEST,balance_sheet,off_balance,0.0,ACTUAL,VNSTOCK_BRONZE
HPA,LATEST,balance_sheet,value,86170390556.0,ACTUAL,VNSTOCK_BRONZE
HPA,LATEST,balance_sheet,order,23.0,ACTUAL,VNSTOCK_BRONZE
HPA,LATEST,balance_sheet,level,2.0,ACTUAL,VNSTOCK_BRONZE
HPA,LATEST,balance_sheet,off_balance,0.0,ACTUAL,VNSTOCK_BRONZE
HPA,LATEST,balance_sheet,value,265332443.0,ACTUAL,VNSTOCK_BRONZE
HPA,LATEST,balance_sheet,order,24.0,ACTUAL,VNSTOCK_BRONZE
HPA,LATEST,balance_sheet,level,2.0,ACTUAL,VNSTOCK_BRONZE
HPA,LATEST,balance_sheet,off_balance,0.0,ACTUAL,VNSTOCK_BRONZE
HPA,LATEST,balance_sheet,value,173297669.0,ACTUAL,VNSTOCK_BRONZE
HPA,LATEST,balance_sheet,order,25.0,ACTUAL,VNSTOCK_BRONZE
HPA,LATEST,balance_sheet,level,2.0,ACTUAL,VNSTOCK_BRONZE
HPA,LATEST,balance_sheet,off_balance,0.0,ACTUAL,VNSTOCK_BRONZE
HPA,LATEST,balance_sheet,value,0.0,ACTUAL,VNSTOCK_BRONZE
HPA,LATEST,balance_sheet,order,26.0,ACTUAL,VNSTOCK_BRONZE
HPA,LATEST,balance_sheet,level,1.0,ACTUAL,VNSTOCK_BRONZE
HPA,LATEST,balance_sheet,off_balance,0.0,ACTUAL,VNSTOCK_BRONZE
HPA,LATEST,balance_sheet,value,2034947396974.0,ACTUAL,VNSTOCK_BRONZE
HPA,LATEST,balance_sheet,order,27.0,ACTUAL,VNSTOCK_BRONZE
HPA,LATEST,balance_sheet,level,1.0,ACTUAL,VNSTOCK_BRONZE
HPA,LATEST,balance_sheet,off_balance,0.0,ACTUAL,VNSTOCK_BRONZE
HPA,LATEST,balance_sheet,value,66583062297.0,ACTUAL,VNSTOCK_BRONZE
HPA,LATEST,balance_sheet,order,28.0,ACTUAL,VNSTOCK_BRONZE
HPA,LATEST,balance_sheet,level,2.0,ACTUAL,VNSTOCK_BRONZE
HPA,LATEST,balance_sheet,off_balance,0.0,ACTUAL,VNSTOCK_BRONZE
HPA,LATEST,balance_sheet,value,0.0,ACTUAL,VNSTOCK_BRONZE
HPA,LATEST,balance_sheet,order,29.0,ACTUAL,VNSTOCK_BRONZE
HPA,LATEST,balance_sheet,level,2.0,ACTUAL,VNSTOCK_BRONZE
HPA,LATEST,balance_sheet,off_balance,0.0,ACTUAL,VNSTOCK_BRONZE
HPA,LATEST,balance_sheet,value,0.0,ACTUAL,VNSTOCK_BRONZE
HPA,LATEST,balance_sheet,order,30.0,ACTUAL,VNSTOCK_BRONZE
HPA,LATEST,balance_sheet,level,2.0,ACTUAL,VNSTOCK_BRONZE
HPA,LATEST,balance_sheet,off_balance,0.0,ACTUAL,VNSTOCK_BRONZE
HPA,LATEST,balance_sheet,value,0.0,ACTUAL,VNSTOCK_BRONZE
HPA,LATEST,balance_sheet,order,31.0,ACTUAL,VNSTOCK_BRONZE
HPA,LATEST,balance_sheet,level,2.0,ACTUAL,VNSTOCK_BRONZE
HPA,LATEST,balance_sheet,off_balance,0.0,ACTUAL,VNSTOCK_BRONZE
HPA,LATEST,balance_sheet,value,0.0,ACTUAL,VNSTOCK_BRONZE
HPA,LATEST,balance_sheet,order,32.0,ACTUAL,VNSTOCK_BRONZE
HPA,LATEST,balance_sheet,level,2.0,ACTUAL,VNSTOCK_BRONZE
HPA,LATEST,balance_sheet,off_balance,0.0,ACTUAL,VNSTOCK_BRONZE
HPA,LATEST,balance_sheet,value,66583062297.0,ACTUAL,VNSTOCK_BRONZE
HPA,LATEST,balance_sheet,order,33.0,ACTUAL,VNSTOCK_BRONZE
HPA,LATEST,balance_sheet,level,2.0,ACTUAL,VNSTOCK_BRONZE
HPA,LATEST,balance_sheet,off_balance,0.0,ACTUAL,VNSTOCK_BRONZE
HPA,LATEST,balance_sheet,value,-0.0,ACTUAL,VNSTOCK_BRONZE
HPA,LATEST,balance_sheet,order,34.0,ACTUAL,VNSTOCK_BRONZE
HPA,LATEST,balance_sheet,level,1.0,ACTUAL,VNSTOCK_BRONZE
HPA,LATEST,balance_sheet,off_balance,0.0,ACTUAL,VNSTOCK_BRONZE
HPA,LATEST,balance_sheet,value,1195749870544.0,ACTUAL,VNSTOCK_BRONZE
HPA,LATEST,balance_sheet,order,35.0,ACTUAL,VNSTOCK_BRONZE
HPA,LATEST,balance_sheet,level,2.0,ACTUAL,VNSTOCK_BRONZE
HPA,LATEST,balance_sheet,off_balance,0.0,ACTUAL,VNSTOCK_BRONZE
HPA,LATEST,balance_sheet,value,1181911374181.0,ACTUAL,VNSTOCK_BRONZE
HPA,LATEST,balance_sheet,order,36.0,ACTUAL,VNSTOCK_BRONZE
HPA,LATEST,balance_sheet,level,3.0,ACTUAL,VNSTOCK_BRONZE
HPA,LATEST,balance_sheet,off_balance,0.0,ACTUAL,VNSTOCK_BRONZE
HPA,LATEST,balance_sheet,value,4510485791499.0,ACTUAL,VNSTOCK_BRONZE
HPA,LATEST,balance_sheet,order,37.0,ACTUAL,VNSTOCK_BRONZE
HPA,LATEST,balance_sheet,level,3.0,ACTUAL,VNSTOCK_BRONZE
HPA,LATEST,balance_sheet,off_balance,0.0,ACTUAL,VNSTOCK_BRONZE
HPA,LATEST,balance_sheet,value,-3328574417318.0,ACTUAL,VNSTOCK_BRONZE
HPA,LATEST,balance_sheet,order,38.0,ACTUAL,VNSTOCK_BRONZE
HPA,LATEST,balance_sheet,level,2.0,ACTUAL,VNSTOCK_BRONZE
HPA,LATEST,balance_sheet,off_balance,0.0,ACTUAL,VNSTOCK_BRONZE
HPA,LATEST,balance_sheet,value,0.0,ACTUAL,VNSTOCK_BRONZE
HPA,LATEST,balance_sheet,order,39.0,ACTUAL,VNSTOCK_BRONZE
HPA,LATEST,balance_sheet,level,3.0,ACTUAL,VNSTOCK_BRONZE
HPA,LATEST,balance_sheet,off_balance,0.0,ACTUAL,VNSTOCK_BRONZE
HPA,LATEST,balance_sheet,value,0.0,ACTUAL,VNSTOCK_BRONZE
HPA,LATEST,balance_sheet,order,40.0,ACTUAL,VNSTOCK_BRONZE
HPA,LATEST,balance_sheet,level,3.0,ACTUAL,VNSTOCK_BRONZE
HPA,LATEST,balance_sheet,off_balance,0.0,ACTUAL,VNSTOCK_BRONZE
HPA,LATEST,balance_sheet,value,-0.0,ACTUAL,VNSTOCK_BRONZE
HPA,LATEST,balance_sheet,order,41.0,ACTUAL,VNSTOCK_BRONZE
HPA,LATEST,balance_sheet,level,2.0,ACTUAL,VNSTOCK_BRONZE
HPA,LATEST,balance_sheet,off_balance,0.0,ACTUAL,VNSTOCK_BRONZE
HPA,LATEST,balance_sheet,value,13838496363.0,ACTUAL,VNSTOCK_BRONZE
HPA,LATEST,balance_sheet,order,42.0,ACTUAL,VNSTOCK_BRONZE
HPA,LATEST,balance_sheet,level,3.0,ACTUAL,VNSTOCK_BRONZE
HPA,LATEST,balance_sheet,off_balance,0.0,ACTUAL,VNSTOCK_BRONZE
HPA,LATEST,balance_sheet,value,19468648539.0,ACTUAL,VNSTOCK_BRONZE
HPA,LATEST,balance_sheet,order,43.0,ACTUAL,VNSTOCK_BRONZE
HPA,LATEST,balance_sheet,level,3.0,ACTUAL,VNSTOCK_BRONZE
HPA,LATEST,balance_sheet,off_balance,0.0,ACTUAL,VNSTOCK_BRONZE
HPA,LATEST,balance_sheet,value,-5630152176.0,ACTUAL,VNSTOCK_BRONZE
HPA,LATEST,balance_sheet,order,44.0,ACTUAL,VNSTOCK_BRONZE
HPA,LATEST,balance_sheet,level,1.0,ACTUAL,VNSTOCK_BRONZE
HPA,LATEST,balance_sheet,off_balance,0.0,ACTUAL,VNSTOCK_BRONZE
HPA,LATEST,balance_sheet,value,0.0,ACTUAL,VNSTOCK_BRONZE
HPA,LATEST,balance_sheet,order,45.0,ACTUAL,VNSTOCK_BRONZE
HPA,LATEST,balance_sheet,level,2.0,ACTUAL,VNSTOCK_BRONZE
HPA,LATEST,balance_sheet,off_balance,0.0,ACTUAL,VNSTOCK_BRONZE
HPA,LATEST,balance_sheet,value,0.0,ACTUAL,VNSTOCK_BRONZE
HPA,LATEST,balance_sheet,order,46.0,ACTUAL,VNSTOCK_BRONZE
HPA,LATEST,balance_sheet,level,2.0,ACTUAL,VNSTOCK_BRONZE
HPA,LATEST,balance_sheet,off_balance,0.0,ACTUAL,VNSTOCK_BRONZE
HPA,LATEST,balance_sheet,value,-0.0,ACTUAL,VNSTOCK_BRONZE
HPA,LATEST,balance_sheet,order,47.0,ACTUAL,VNSTOCK_BRONZE
HPA,LATEST,balance_sheet,level,1.0,ACTUAL,VNSTOCK_BRONZE
HPA,LATEST,balance_sheet,off_balance,0.0,ACTUAL,VNSTOCK_BRONZE
HPA,LATEST,balance_sheet,value,317982516451.0,ACTUAL,VNSTOCK_BRONZE
HPA,LATEST,balance_sheet,order,48.0,ACTUAL,VNSTOCK_BRONZE
HPA,LATEST,balance_sheet,level,2.0,ACTUAL,VNSTOCK_BRONZE
HPA,LATEST,balance_sheet,off_balance,0.0,ACTUAL,VNSTOCK_BRONZE
HPA,LATEST,balance_sheet,value,0.0,ACTUAL,VNSTOCK_BRONZE
HPA,LATEST,balance_sheet,order,49.0,ACTUAL,VNSTOCK_BRONZE
HPA,LATEST,balance_sheet,level,2.0,ACTUAL,VNSTOCK_BRONZE
HPA,LATEST,balance_sheet,off_balance,0.0,ACTUAL,VNSTOCK_BRONZE
HPA,LATEST,balance_sheet,value,317982516451.0,ACTUAL,VNSTOCK_BRONZE
HPA,LATEST,balance_sheet,order,50.0,ACTUAL,VNSTOCK_BRONZE
HPA,LATEST,balance_sheet,level,1.0,ACTUAL,VNSTOCK_BRONZE
HPA,LATEST,balance_sheet,off_balance,0.0,ACTUAL,VNSTOCK_BRONZE
HPA,LATEST,balance_sheet,value,0.0,ACTUAL,VNSTOCK_BRONZE
HPA,LATEST,balance_sheet,order,51.0,ACTUAL,VNSTOCK_BRONZE
HPA,LATEST,balance_sheet,level,2.0,ACTUAL,VNSTOCK_BRONZE
HPA,LATEST,balance_sheet,off_balance,0.0,ACTUAL,VNSTOCK_BRONZE
HPA,LATEST,balance_sheet,value,0.0,ACTUAL,VNSTOCK_BRONZE
HPA,LATEST,balance_sheet,order,52.0,ACTUAL,VNSTOCK_BRONZE
HPA,LATEST,balance_sheet,level,2.0,ACTUAL,VNSTOCK_BRONZE
HPA,LATEST,balance_sheet,off_balance,0.0,ACTUAL,VNSTOCK_BRONZE
HPA,LATEST,balance_sheet,value,0.0,ACTUAL,VNSTOCK_BRONZE
HPA,LATEST,balance_sheet,order,53.0,ACTUAL,VNSTOCK_BRONZE
HPA,LATEST,balance_sheet,level,2.0,ACTUAL,VNSTOCK_BRONZE
HPA,LATEST,balance_sheet,off_balance,0.0,ACTUAL,VNSTOCK_BRONZE
HPA,LATEST,balance_sheet,value,0.0,ACTUAL,VNSTOCK_BRONZE
HPA,LATEST,balance_sheet,order,54.0,ACTUAL,VNSTOCK_BRONZE
HPA,LATEST,balance_sheet,level,2.0,ACTUAL,VNSTOCK_BRONZE
HPA,LATEST,balance_sheet,off_balance,0.0,ACTUAL,VNSTOCK_BRONZE
HPA,LATEST,balance_sheet,value,0.0,ACTUAL,VNSTOCK_BRONZE
HPA,LATEST,balance_sheet,order,55.0,ACTUAL,VNSTOCK_BRONZE
HPA,LATEST,balance_sheet,level,2.0,ACTUAL,VNSTOCK_BRONZE
HPA,LATEST,balance_sheet,off_balance,0.0,ACTUAL,VNSTOCK_BRONZE
HPA,LATEST,balance_sheet,value,0.0,ACTUAL,VNSTOCK_BRONZE
HPA,LATEST,balance_sheet,order,56.0,ACTUAL,VNSTOCK_BRONZE
HPA,LATEST,balance_sheet,level,1.0,ACTUAL,VNSTOCK_BRONZE
HPA,LATEST,balance_sheet,off_balance,0.0,ACTUAL,VNSTOCK_BRONZE
HPA,LATEST,balance_sheet,value,454631947682.0,ACTUAL,VNSTOCK_BRONZE
HPA,LATEST,balance_sheet,order,57.0,ACTUAL,VNSTOCK_BRONZE
HPA,LATEST,balance_sheet,level,2.0,ACTUAL,VNSTOCK_BRONZE
HPA,LATEST,balance_sheet,off_balance,0.0,ACTUAL,VNSTOCK_BRONZE
HPA,LATEST,balance_sheet,value,0.0,ACTUAL,VNSTOCK_BRONZE
HPA,LATEST,balance_sheet,order,58.0,ACTUAL,VNSTOCK_BRONZE
HPA,LATEST,balance_sheet,level,2.0,ACTUAL,VNSTOCK_BRONZE
HPA,LATEST,balance_sheet,off_balance,0.0,ACTUAL,VNSTOCK_BRONZE
HPA,LATEST,balance_sheet,value,442594583493.0,ACTUAL,VNSTOCK_BRONZE
HPA,LATEST,balance_sheet,order,59.0,ACTUAL,VNSTOCK_BRONZE
HPA,LATEST,balance_sheet,level,2.0,ACTUAL,VNSTOCK_BRONZE
HPA,LATEST,balance_sheet,off_balance,0.0,ACTUAL,VNSTOCK_BRONZE
HPA,LATEST,balance_sheet,value,12037364189.0,ACTUAL,VNSTOCK_BRONZE
HPA,LATEST,balance_sheet,order,60.0,ACTUAL,VNSTOCK_BRONZE
HPA,LATEST,balance_sheet,level,2.0,ACTUAL,VNSTOCK_BRONZE
HPA,LATEST,balance_sheet,off_balance,0.0,ACTUAL,VNSTOCK_BRONZE
HPA,LATEST,balance_sheet,value,0.0,ACTUAL,VNSTOCK_BRONZE
HPA,LATEST,balance_sheet,order,61.0,ACTUAL,VNSTOCK_BRONZE
HPA,LATEST,balance_sheet,level,2.0,ACTUAL,VNSTOCK_BRONZE
HPA,LATEST,balance_sheet,off_balance,0.0,ACTUAL,VNSTOCK_BRONZE
HPA,LATEST,balance_sheet,value,0.0,ACTUAL,VNSTOCK_BRONZE
HPA,LATEST,balance_sheet,order,62.0,ACTUAL,VNSTOCK_BRONZE
HPA,LATEST,balance_sheet,level,2.0,ACTUAL,VNSTOCK_BRONZE
HPA,LATEST,balance_sheet,off_balance,0.0,ACTUAL,VNSTOCK_BRONZE
HPA,LATEST,balance_sheet,value,0.0,ACTUAL,VNSTOCK_BRONZE
HPA,LATEST,balance_sheet,order,63.0,ACTUAL,VNSTOCK_BRONZE
HPA,LATEST,balance_sheet,level,1.0,ACTUAL,VNSTOCK_BRONZE
HPA,LATEST,balance_sheet,off_balance,0.0,ACTUAL,VNSTOCK_BRONZE
HPA,LATEST,balance_sheet,value,4700316112784.0,ACTUAL,VNSTOCK_BRONZE
HPA,LATEST,balance_sheet,order,64.0,ACTUAL,VNSTOCK_BRONZE
HPA,LATEST,balance_sheet,level,1.0,ACTUAL,VNSTOCK_BRONZE
HPA,LATEST,balance_sheet,off_balance,0.0,ACTUAL,VNSTOCK_BRONZE
HPA,LATEST,balance_sheet,value,1520244500381.0,ACTUAL,VNSTOCK_BRONZE
HPA,LATEST,balance_sheet,order,65.0,ACTUAL,VNSTOCK_BRONZE
HPA,LATEST,balance_sheet,level,1.0,ACTUAL,VNSTOCK_BRONZE
HPA,LATEST,balance_sheet,off_balance,0.0,ACTUAL,VNSTOCK_BRONZE
HPA,LATEST,balance_sheet,value,1501137396613.0,ACTUAL,VNSTOCK_BRONZE
HPA,LATEST,balance_sheet,order,66.0,ACTUAL,VNSTOCK_BRONZE
HPA,LATEST,balance_sheet,level,2.0,ACTUAL,VNSTOCK_BRONZE
HPA,LATEST,balance_sheet,off_balance,0.0,ACTUAL,VNSTOCK_BRONZE
HPA,LATEST,balance_sheet,value,0.0,ACTUAL,VNSTOCK_BRONZE
HPA,LATEST,balance_sheet,order,67.0,ACTUAL,VNSTOCK_BRONZE
HPA,LATEST,balance_sheet,level,2.0,ACTUAL,VNSTOCK_BRONZE
HPA,LATEST,balance_sheet,off_balance,0.0,ACTUAL,VNSTOCK_BRONZE
HPA,LATEST,balance_sheet,value,0.0,ACTUAL,VNSTOCK_BRONZE
HPA,LATEST,balance_sheet,order,68.0,ACTUAL,VNSTOCK_BRONZE
HPA,LATEST,balance_sheet,level,2.0,ACTUAL,VNSTOCK_BRONZE
HPA,LATEST,balance_sheet,off_balance,0.0,ACTUAL,VNSTOCK_BRONZE
HPA,LATEST,balance_sheet,value,0.0,ACTUAL,VNSTOCK_BRONZE
HPA,LATEST,balance_sheet,order,69.0,ACTUAL,VNSTOCK_BRONZE
HPA,LATEST,balance_sheet,level,2.0,ACTUAL,VNSTOCK_BRONZE
HPA,LATEST,balance_sheet,off_balance,0.0,ACTUAL,VNSTOCK_BRONZE
HPA,LATEST,balance_sheet,value,176676414597.0,ACTUAL,VNSTOCK_BRONZE
HPA,LATEST,balance_sheet,order,70.0,ACTUAL,VNSTOCK_BRONZE
HPA,LATEST,balance_sheet,level,2.0,ACTUAL,VNSTOCK_BRONZE
HPA,LATEST,balance_sheet,off_balance,0.0,ACTUAL,VNSTOCK_BRONZE
HPA,LATEST,balance_sheet,value,11005552782.0,ACTUAL,VNSTOCK_BRONZE
HPA,LATEST,balance_sheet,order,71.0,ACTUAL,VNSTOCK_BRONZE
HPA,LATEST,balance_sheet,level,2.0,ACTUAL,VNSTOCK_BRONZE
HPA,LATEST,balance_sheet,off_balance,0.0,ACTUAL,VNSTOCK_BRONZE
HPA,LATEST,balance_sheet,value,131964529230.0,ACTUAL,VNSTOCK_BRONZE
HPA,LATEST,balance_sheet,order,72.0,ACTUAL,VNSTOCK_BRONZE
HPA,LATEST,balance_sheet,level,2.0,ACTUAL,VNSTOCK_BRONZE
HPA,LATEST,balance_sheet,off_balance,0.0,ACTUAL,VNSTOCK_BRONZE
HPA,LATEST,balance_sheet,value,45215826516.0,ACTUAL,VNSTOCK_BRONZE
HPA,LATEST,balance_sheet,order,73.0,ACTUAL,VNSTOCK_BRONZE
HPA,LATEST,balance_sheet,level,2.0,ACTUAL,VNSTOCK_BRONZE
HPA,LATEST,balance_sheet,off_balance,0.0,ACTUAL,VNSTOCK_BRONZE
HPA,LATEST,balance_sheet,value,37130984454.0,ACTUAL,VNSTOCK_BRONZE
HPA,LATEST,balance_sheet,order,74.0,ACTUAL,VNSTOCK_BRONZE
HPA,LATEST,balance_sheet,level,2.0,ACTUAL,VNSTOCK_BRONZE
HPA,LATEST,balance_sheet,off_balance,0.0,ACTUAL,VNSTOCK_BRONZE
HPA,LATEST,balance_sheet,value,0.0,ACTUAL,VNSTOCK_BRONZE
HPA,LATEST,balance_sheet,order,75.0,ACTUAL,VNSTOCK_BRONZE
HPA,LATEST,balance_sheet,level,2.0,ACTUAL,VNSTOCK_BRONZE
HPA,LATEST,balance_sheet,off_balance,0.0,ACTUAL,VNSTOCK_BRONZE
HPA,LATEST,balance_sheet,value,0.0,ACTUAL,VNSTOCK_BRONZE
HPA,LATEST,balance_sheet,order,76.0,ACTUAL,VNSTOCK_BRONZE
HPA,LATEST,balance_sheet,level,2.0,ACTUAL,VNSTOCK_BRONZE
HPA,LATEST,balance_sheet,off_balance,0.0,ACTUAL,VNSTOCK_BRONZE
HPA,LATEST,balance_sheet,value,441386731802.0,ACTUAL,VNSTOCK_BRONZE
HPA,LATEST,balance_sheet,order,77.0,ACTUAL,VNSTOCK_BRONZE
HPA,LATEST,balance_sheet,level,2.0,ACTUAL,VNSTOCK_BRONZE
HPA,LATEST,balance_sheet,off_balance,0.0,ACTUAL,VNSTOCK_BRONZE
HPA,LATEST,balance_sheet,value,592675614333.0,ACTUAL,VNSTOCK_BRONZE
HPA,LATEST,balance_sheet,order,78.0,ACTUAL,VNSTOCK_BRONZE
HPA,LATEST,balance_sheet,level,2.0,ACTUAL,VNSTOCK_BRONZE
HPA,LATEST,balance_sheet,off_balance,0.0,ACTUAL,VNSTOCK_BRONZE
HPA,LATEST,balance_sheet,value,0.0,ACTUAL,VNSTOCK_BRONZE
HPA,LATEST,balance_sheet,order,79.0,ACTUAL,VNSTOCK_BRONZE
HPA,LATEST,balance_sheet,level,2.0,ACTUAL,VNSTOCK_BRONZE
HPA,LATEST,balance_sheet,off_balance,0.0,ACTUAL,VNSTOCK_BRONZE
HPA,LATEST,balance_sheet,value,65081742899.0,ACTUAL,VNSTOCK_BRONZE
HPA,LATEST,balance_sheet,order,80.0,ACTUAL,VNSTOCK_BRONZE
HPA,LATEST,balance_sheet,level,2.0,ACTUAL,VNSTOCK_BRONZE
HPA,LATEST,balance_sheet,off_balance,0.0,ACTUAL,VNSTOCK_BRONZE
HPA,LATEST,balance_sheet,value,0.0,ACTUAL,VNSTOCK_BRONZE
HPA,LATEST,balance_sheet,order,81.0,ACTUAL,VNSTOCK_BRONZE
HPA,LATEST,balance_sheet,level,2.0,ACTUAL,VNSTOCK_BRONZE
HPA,LATEST,balance_sheet,off_balance,0.0,ACTUAL,VNSTOCK_BRONZE
HPA,LATEST,balance_sheet,value,0.0,ACTUAL,VNSTOCK_BRONZE
HPA,LATEST,balance_sheet,order,82.0,ACTUAL,VNSTOCK_BRONZE
HPA,LATEST,balance_sheet,level,1.0,ACTUAL,VNSTOCK_BRONZE
HPA,LATEST,balance_sheet,off_balance,0.0,ACTUAL,VNSTOCK_BRONZE
HPA,LATEST,balance_sheet,value,19107103768.0,ACTUAL,VNSTOCK_BRONZE
HPA,LATEST,balance_sheet,order,83.0,ACTUAL,VNSTOCK_BRONZE
HPA,LATEST,balance_sheet,level,2.0,ACTUAL,VNSTOCK_BRONZE
HPA,LATEST,balance_sheet,off_balance,0.0,ACTUAL,VNSTOCK_BRONZE
HPA,LATEST,balance_sheet,value,0.0,ACTUAL,VNSTOCK_BRONZE
HPA,LATEST,balance_sheet,order,84.0,ACTUAL,VNSTOCK_BRONZE
HPA,LATEST,balance_sheet,level,2.0,ACTUAL,VNSTOCK_BRONZE
HPA,LATEST,balance_sheet,off_balance,0.0,ACTUAL,VNSTOCK_BRONZE
HPA,LATEST,balance_sheet,order,85.0,ACTUAL,VNSTOCK_BRONZE
HPA,LATEST,balance_sheet,level,2.0,ACTUAL,VNSTOCK_BRONZE
HPA,LATEST,balance_sheet,off_balance,0.0,ACTUAL,VNSTOCK_BRONZE
HPA,LATEST,balance_sheet,value,0.0,ACTUAL,VNSTOCK_BRONZE
HPA,LATEST,balance_sheet,order,86.0,ACTUAL,VNSTOCK_BRONZE
HPA,LATEST,balance_sheet,level,2.0,ACTUAL,VNSTOCK_BRONZE
HPA,LATEST,balance_sheet,off_balance,0.0,ACTUAL,VNSTOCK_BRONZE
HPA,LATEST,balance_sheet,value,0.0,ACTUAL,VNSTOCK_BRONZE
HPA,LATEST,balance_sheet,order,87.0,ACTUAL,VNSTOCK_BRONZE
HPA,LATEST,balance_sheet,level,2.0,ACTUAL,VNSTOCK_BRONZE
HPA,LATEST,balance_sheet,off_balance,0.0,ACTUAL,VNSTOCK_BRONZE
HPA,LATEST,balance_sheet,value,0.0,ACTUAL,VNSTOCK_BRONZE
HPA,LATEST,balance_sheet,order,88.0,ACTUAL,VNSTOCK_BRONZE
HPA,LATEST,balance_sheet,level,2.0,ACTUAL,VNSTOCK_BRONZE
HPA,LATEST,balance_sheet,off_balance,0.0,ACTUAL,VNSTOCK_BRONZE
HPA,LATEST,balance_sheet,value,0.0,ACTUAL,VNSTOCK_BRONZE
HPA,LATEST,balance_sheet,order,89.0,ACTUAL,VNSTOCK_BRONZE
HPA,LATEST,balance_sheet,level,2.0,ACTUAL,VNSTOCK_BRONZE
HPA,LATEST,balance_sheet,off_balance,0.0,ACTUAL,VNSTOCK_BRONZE
HPA,LATEST,balance_sheet,value,0.0,ACTUAL,VNSTOCK_BRONZE
HPA,LATEST,balance_sheet,order,90.0,ACTUAL,VNSTOCK_BRONZE
HPA,LATEST,balance_sheet,level,2.0,ACTUAL,VNSTOCK_BRONZE
HPA,LATEST,balance_sheet,off_balance,0.0,ACTUAL,VNSTOCK_BRONZE
HPA,LATEST,balance_sheet,value,69000000.0,ACTUAL,VNSTOCK_BRONZE
HPA,LATEST,balance_sheet,order,91.0,ACTUAL,VNSTOCK_BRONZE
HPA,LATEST,balance_sheet,level,2.0,ACTUAL,VNSTOCK_BRONZE
HPA,LATEST,balance_sheet,off_balance,0.0,ACTUAL,VNSTOCK_BRONZE
HPA,LATEST,balance_sheet,value,19000000000.0,ACTUAL,VNSTOCK_BRONZE
HPA,LATEST,balance_sheet,order,92.0,ACTUAL,VNSTOCK_BRONZE
HPA,LATEST,balance_sheet,level,2.0,ACTUAL,VNSTOCK_BRONZE
HPA,LATEST,balance_sheet,off_balance,0.0,ACTUAL,VNSTOCK_BRONZE
HPA,LATEST,balance_sheet,value,0.0,ACTUAL,VNSTOCK_BRONZE
HPA,LATEST,balance_sheet,order,93.0,ACTUAL,VNSTOCK_BRONZE
HPA,LATEST,balance_sheet,level,2.0,ACTUAL,VNSTOCK_BRONZE
HPA,LATEST,balance_sheet,off_balance,0.0,ACTUAL,VNSTOCK_BRONZE
HPA,LATEST,balance_sheet,value,38103768.0,ACTUAL,VNSTOCK_BRONZE
HPA,LATEST,balance_sheet,order,94.0,ACTUAL,VNSTOCK_BRONZE
HPA,LATEST,balance_sheet,level,2.0,ACTUAL,VNSTOCK_BRONZE
HPA,LATEST,balance_sheet,off_balance,0.0,ACTUAL,VNSTOCK_BRONZE
HPA,LATEST,balance_sheet,value,0.0,ACTUAL,VNSTOCK_BRONZE
HPA,LATEST,balance_sheet,order,95.0,ACTUAL,VNSTOCK_BRONZE
HPA,LATEST,balance_sheet,level,2.0,ACTUAL,VNSTOCK_BRONZE
HPA,LATEST,balance_sheet,off_balance,0.0,ACTUAL,VNSTOCK_BRONZE
HPA,LATEST,balance_sheet,value,0.0,ACTUAL,VNSTOCK_BRONZE
HPA,LATEST,balance_sheet,order,96.0,ACTUAL,VNSTOCK_BRONZE
HPA,LATEST,balance_sheet,level,1.0,ACTUAL,VNSTOCK_BRONZE
HPA,LATEST,balance_sheet,off_balance,0.0,ACTUAL,VNSTOCK_BRONZE
HPA,LATEST,balance_sheet,value,3180071612403.0,ACTUAL,VNSTOCK_BRONZE
HPA,LATEST,balance_sheet,order,97.0,ACTUAL,VNSTOCK_BRONZE
HPA,LATEST,balance_sheet,level,1.0,ACTUAL,VNSTOCK_BRONZE
HPA,LATEST,balance_sheet,off_balance,0.0,ACTUAL,VNSTOCK_BRONZE
HPA,LATEST,balance_sheet,value,3180071612403.0,ACTUAL,VNSTOCK_BRONZE
HPA,LATEST,balance_sheet,order,98.0,ACTUAL,VNSTOCK_BRONZE
HPA,LATEST,balance_sheet,level,2.0,ACTUAL,VNSTOCK_BRONZE
HPA,LATEST,balance_sheet,off_balance,0.0,ACTUAL,VNSTOCK_BRONZE
HPA,LATEST,balance_sheet,value,0.0,ACTUAL,VNSTOCK_BRONZE
HPA,LATEST,balance_sheet,order,99.0,ACTUAL,VNSTOCK_BRONZE
HPA,LATEST,balance_sheet,level,2.0,ACTUAL,VNSTOCK_BRONZE
HPA,LATEST,balance_sheet,off_balance,0.0,ACTUAL,VNSTOCK_BRONZE
HPA,LATEST,balance_sheet,value,0.0,ACTUAL,VNSTOCK_BRONZE
HPA,LATEST,balance_sheet,order,100.0,ACTUAL,VNSTOCK_BRONZE
HPA,LATEST,balance_sheet,level,2.0,ACTUAL,VNSTOCK_BRONZE
HPA,LATEST,balance_sheet,off_balance,0.0,ACTUAL,VNSTOCK_BRONZE
HPA,LATEST,balance_sheet,value,0.0,ACTUAL,VNSTOCK_BRONZE
HPA,LATEST,balance_sheet,order,101.0,ACTUAL,VNSTOCK_BRONZE
HPA,LATEST,balance_sheet,level,2.0,ACTUAL,VNSTOCK_BRONZE
HPA,LATEST,balance_sheet,off_balance,0.0,ACTUAL,VNSTOCK_BRONZE
HPA,LATEST,balance_sheet,value,0.0,ACTUAL,VNSTOCK_BRONZE
HPA,LATEST,balance_sheet,order,102.0,ACTUAL,VNSTOCK_BRONZE
HPA,LATEST,balance_sheet,level,2.0,ACTUAL,VNSTOCK_BRONZE
HPA,LATEST,balance_sheet,off_balance,0.0,ACTUAL,VNSTOCK_BRONZE
HPA,LATEST,balance_sheet,value,2550000000000.0,ACTUAL,VNSTOCK_BRONZE
HPA,LATEST,balance_sheet,order,103.0,ACTUAL,VNSTOCK_BRONZE
HPA,LATEST,balance_sheet,level,3.0,ACTUAL,VNSTOCK_BRONZE
HPA,LATEST,balance_sheet,off_balance,0.0,ACTUAL,VNSTOCK_BRONZE
HPA,LATEST,balance_sheet,value,2550000000000.0,ACTUAL,VNSTOCK_BRONZE
HPA,LATEST,balance_sheet,order,104.0,ACTUAL,VNSTOCK_BRONZE
HPA,LATEST,balance_sheet,level,2.0,ACTUAL,VNSTOCK_BRONZE
HPA,LATEST,balance_sheet,off_balance,0.0,ACTUAL,VNSTOCK_BRONZE
HPA,LATEST,balance_sheet,value,0.0,ACTUAL,VNSTOCK_BRONZE
HPA,LATEST,balance_sheet,order,105.0,ACTUAL,VNSTOCK_BRONZE
HPA,LATEST,balance_sheet,level,2.0,ACTUAL,VNSTOCK_BRONZE
HPA,LATEST,balance_sheet,off_balance,0.0,ACTUAL,VNSTOCK_BRONZE
HPA,LATEST,balance_sheet,value,0.0,ACTUAL,VNSTOCK_BRONZE
HPA,LATEST,balance_sheet,order,106.0,ACTUAL,VNSTOCK_BRONZE
HPA,LATEST,balance_sheet,level,2.0,ACTUAL,VNSTOCK_BRONZE
HPA,LATEST,balance_sheet,off_balance,0.0,ACTUAL,VNSTOCK_BRONZE
HPA,LATEST,balance_sheet,value,0.0,ACTUAL,VNSTOCK_BRONZE
HPA,LATEST,balance_sheet,order,107.0,ACTUAL,VNSTOCK_BRONZE
HPA,LATEST,balance_sheet,level,2.0,ACTUAL,VNSTOCK_BRONZE
HPA,LATEST,balance_sheet,off_balance,0.0,ACTUAL,VNSTOCK_BRONZE
HPA,LATEST,balance_sheet,value,0.0,ACTUAL,VNSTOCK_BRONZE
HPA,LATEST,balance_sheet,order,108.0,ACTUAL,VNSTOCK_BRONZE
HPA,LATEST,balance_sheet,level,2.0,ACTUAL,VNSTOCK_BRONZE
HPA,LATEST,balance_sheet,off_balance,0.0,ACTUAL,VNSTOCK_BRONZE
HPA,LATEST,balance_sheet,value,0.0,ACTUAL,VNSTOCK_BRONZE
HPA,LATEST,balance_sheet,order,109.0,ACTUAL,VNSTOCK_BRONZE
HPA,LATEST,balance_sheet,level,2.0,ACTUAL,VNSTOCK_BRONZE
HPA,LATEST,balance_sheet,off_balance,0.0,ACTUAL,VNSTOCK_BRONZE
HPA,LATEST,balance_sheet,value,0.0,ACTUAL,VNSTOCK_BRONZE
HPA,LATEST,balance_sheet,order,110.0,ACTUAL,VNSTOCK_BRONZE
HPA,LATEST,balance_sheet,level,2.0,ACTUAL,VNSTOCK_BRONZE
HPA,LATEST,balance_sheet,off_balance,0.0,ACTUAL,VNSTOCK_BRONZE
HPA,LATEST,balance_sheet,value,0.0,ACTUAL,VNSTOCK_BRONZE
HPA,LATEST,balance_sheet,order,111.0,ACTUAL,VNSTOCK_BRONZE
HPA,LATEST,balance_sheet,level,2.0,ACTUAL,VNSTOCK_BRONZE
HPA,LATEST,balance_sheet,off_balance,0.0,ACTUAL,VNSTOCK_BRONZE
HPA,LATEST,balance_sheet,value,0.0,ACTUAL,VNSTOCK_BRONZE
HPA,LATEST,balance_sheet,order,112.0,ACTUAL,VNSTOCK_BRONZE
HPA,LATEST,balance_sheet,level,2.0,ACTUAL,VNSTOCK_BRONZE
HPA,LATEST,balance_sheet,off_balance,0.0,ACTUAL,VNSTOCK_BRONZE
HPA,LATEST,balance_sheet,value,608219802764.0,ACTUAL,VNSTOCK_BRONZE
HPA,LATEST,balance_sheet,order,113.0,ACTUAL,VNSTOCK_BRONZE
HPA,LATEST,balance_sheet,level,3.0,ACTUAL,VNSTOCK_BRONZE
HPA,LATEST,balance_sheet,off_balance,0.0,ACTUAL,VNSTOCK_BRONZE
HPA,LATEST,balance_sheet,value,0.0,ACTUAL,VNSTOCK_BRONZE
HPA,LATEST,balance_sheet,order,114.0,ACTUAL,VNSTOCK_BRONZE
HPA,LATEST,balance_sheet,level,3.0,ACTUAL,VNSTOCK_BRONZE
HPA,LATEST,balance_sheet,off_balance,0.0,ACTUAL,VNSTOCK_BRONZE
HPA,LATEST,balance_sheet,value,608219802764.0,ACTUAL,VNSTOCK_BRONZE
HPA,LATEST,balance_sheet,order,115.0,ACTUAL,VNSTOCK_BRONZE
HPA,LATEST,balance_sheet,level,2.0,ACTUAL,VNSTOCK_BRONZE
HPA,LATEST,balance_sheet,off_balance,0.0,ACTUAL,VNSTOCK_BRONZE
HPA,LATEST,balance_sheet,value,21851809639.0,ACTUAL,VNSTOCK_BRONZE
HPA,LATEST,balance_sheet,order,116.0,ACTUAL,VNSTOCK_BRONZE
HPA,LATEST,balance_sheet,level,1.0,ACTUAL,VNSTOCK_BRONZE
HPA,LATEST,balance_sheet,off_balance,0.0,ACTUAL,VNSTOCK_BRONZE
HPA,LATEST,balance_sheet,value,0.0,ACTUAL,VNSTOCK_BRONZE
HPA,LATEST,balance_sheet,order,117.0,ACTUAL,VNSTOCK_BRONZE
HPA,LATEST,balance_sheet,level,2.0,ACTUAL,VNSTOCK_BRONZE
HPA,LATEST,balance_sheet,off_balance,0.0,ACTUAL,VNSTOCK_BRONZE
HPA,LATEST,balance_sheet,value,0.0,ACTUAL,VNSTOCK_BRONZE
HPA,LATEST,balance_sheet,order,118.0,ACTUAL,VNSTOCK_BRONZE
HPA,LATEST,balance_sheet,level,1.0,ACTUAL,VNSTOCK_BRONZE
HPA,LATEST,balance_sheet,off_balance,0.0,ACTUAL,VNSTOCK_BRONZE
HPA,LATEST,balance_sheet,value,4700316112784.0,ACTUAL,VNSTOCK_BRONZE
HPA,LATEST,balance_sheet,order,1.0,ACTUAL,VNSTOCK_BRONZE
HPA,LATEST,balance_sheet,level,1.0,ACTUAL,VNSTOCK_BRONZE
HPA,LATEST,balance_sheet,off_balance,0.0,ACTUAL,VNSTOCK_BRONZE
HPA,LATEST,balance_sheet,value,2467579964919.0,ACTUAL,VNSTOCK_BRONZE
HPA,LATEST,balance_sheet,order,2.0,ACTUAL,VNSTOCK_BRONZE
HPA,LATEST,balance_sheet,level,1.0,ACTUAL,VNSTOCK_BRONZE
HPA,LATEST,balance_sheet,off_balance,0.0,ACTUAL,VNSTOCK_BRONZE
HPA,LATEST,balance_sheet,value,569474028812.0,ACTUAL,VNSTOCK_BRONZE
HPA,LATEST,balance_sheet,order,3.0,ACTUAL,VNSTOCK_BRONZE
HPA,LATEST,balance_sheet,level,2.0,ACTUAL,VNSTOCK_BRONZE
HPA,LATEST,balance_sheet,off_balance,0.0,ACTUAL,VNSTOCK_BRONZE
HPA,LATEST,balance_sheet,value,57534028812.0,ACTUAL,VNSTOCK_BRONZE
HPA,LATEST,balance_sheet,order,4.0,ACTUAL,VNSTOCK_BRONZE
HPA,LATEST,balance_sheet,level,2.0,ACTUAL,VNSTOCK_BRONZE
HPA,LATEST,balance_sheet,off_balance,0.0,ACTUAL,VNSTOCK_BRONZE
HPA,LATEST,balance_sheet,value,511940000000.0,ACTUAL,VNSTOCK_BRONZE
HPA,LATEST,balance_sheet,order,5.0,ACTUAL,VNSTOCK_BRONZE
HPA,LATEST,balance_sheet,level,1.0,ACTUAL,VNSTOCK_BRONZE
HPA,LATEST,balance_sheet,off_balance,0.0,ACTUAL,VNSTOCK_BRONZE
HPA,LATEST,balance_sheet,value,192060000000.0,ACTUAL,VNSTOCK_BRONZE
HPA,LATEST,balance_sheet,order,6.0,ACTUAL,VNSTOCK_BRONZE
HPA,LATEST,balance_sheet,level,2.0,ACTUAL,VNSTOCK_BRONZE
HPA,LATEST,balance_sheet,off_balance,0.0,ACTUAL,VNSTOCK_BRONZE
HPA,LATEST,balance_sheet,value,0.0,ACTUAL,VNSTOCK_BRONZE
HPA,LATEST,balance_sheet,order,7.0,ACTUAL,VNSTOCK_BRONZE
HPA,LATEST,balance_sheet,level,2.0,ACTUAL,VNSTOCK_BRONZE
HPA,LATEST,balance_sheet,off_balance,0.0,ACTUAL,VNSTOCK_BRONZE
HPA,LATEST,balance_sheet,value,0.0,ACTUAL,VNSTOCK_BRONZE
HPA,LATEST,balance_sheet,order,8.0,ACTUAL,VNSTOCK_BRONZE
HPA,LATEST,balance_sheet,level,2.0,ACTUAL,VNSTOCK_BRONZE
HPA,LATEST,balance_sheet,off_balance,0.0,ACTUAL,VNSTOCK_BRONZE
HPA,LATEST,balance_sheet,value,192060000000.0,ACTUAL,VNSTOCK_BRONZE
HPA,LATEST,balance_sheet,order,9.0,ACTUAL,VNSTOCK_BRONZE
HPA,LATEST,balance_sheet,level,1.0,ACTUAL,VNSTOCK_BRONZE
HPA,LATEST,balance_sheet,off_balance,0.0,ACTUAL,VNSTOCK_BRONZE
HPA,LATEST,balance_sheet,value,140045426593.0,ACTUAL,VNSTOCK_BRONZE
HPA,LATEST,balance_sheet,order,10.0,ACTUAL,VNSTOCK_BRONZE
HPA,LATEST,balance_sheet,level,2.0,ACTUAL,VNSTOCK_BRONZE
HPA,LATEST,balance_sheet,off_balance,0.0,ACTUAL,VNSTOCK_BRONZE
HPA,LATEST,balance_sheet,value,98303671822.0,ACTUAL,VNSTOCK_BRONZE
HPA,LATEST,balance_sheet,order,11.0,ACTUAL,VNSTOCK_BRONZE
HPA,LATEST,balance_sheet,level,2.0,ACTUAL,VNSTOCK_BRONZE
HPA,LATEST,balance_sheet,off_balance,0.0,ACTUAL,VNSTOCK_BRONZE
HPA,LATEST,balance_sheet,value,16073527324.0,ACTUAL,VNSTOCK_BRONZE
HPA,LATEST,balance_sheet,order,12.0,ACTUAL,VNSTOCK_BRONZE
HPA,LATEST,balance_sheet,level,2.0,ACTUAL,VNSTOCK_BRONZE
HPA,LATEST,balance_sheet,off_balance,0.0,ACTUAL,VNSTOCK_BRONZE
HPA,LATEST,balance_sheet,value,0.0,ACTUAL,VNSTOCK_BRONZE
HPA,LATEST,balance_sheet,order,13.0,ACTUAL,VNSTOCK_BRONZE
HPA,LATEST,balance_sheet,level,2.0,ACTUAL,VNSTOCK_BRONZE
HPA,LATEST,balance_sheet,off_balance,0.0,ACTUAL,VNSTOCK_BRONZE
HPA,LATEST,balance_sheet,value,0.0,ACTUAL,VNSTOCK_BRONZE
HPA,LATEST,balance_sheet,order,14.0,ACTUAL,VNSTOCK_BRONZE
HPA,LATEST,balance_sheet,level,2.0,ACTUAL,VNSTOCK_BRONZE
HPA,LATEST,balance_sheet,off_balance,0.0,ACTUAL,VNSTOCK_BRONZE
HPA,LATEST,balance_sheet,value,0.0,ACTUAL,VNSTOCK_BRONZE
HPA,LATEST,balance_sheet,order,15.0,ACTUAL,VNSTOCK_BRONZE
HPA,LATEST,balance_sheet,level,2.0,ACTUAL,VNSTOCK_BRONZE
HPA,LATEST,balance_sheet,off_balance,0.0,ACTUAL,VNSTOCK_BRONZE
HPA,LATEST,balance_sheet,value,33891680901.0,ACTUAL,VNSTOCK_BRONZE
HPA,LATEST,balance_sheet,order,16.0,ACTUAL,VNSTOCK_BRONZE
HPA,LATEST,balance_sheet,level,2.0,ACTUAL,VNSTOCK_BRONZE
HPA,LATEST,balance_sheet,off_balance,0.0,ACTUAL,VNSTOCK_BRONZE
HPA,LATEST,balance_sheet,value,-8272250324.0,ACTUAL,VNSTOCK_BRONZE
HPA,LATEST,balance_sheet,order,17.0,ACTUAL,VNSTOCK_BRONZE
HPA,LATEST,balance_sheet,level,2.0,ACTUAL,VNSTOCK_BRONZE
HPA,LATEST,balance_sheet,off_balance,0.0,ACTUAL,VNSTOCK_BRONZE
HPA,LATEST,balance_sheet,value,48796870.0,ACTUAL,VNSTOCK_BRONZE
HPA,LATEST,balance_sheet,order,18.0,ACTUAL,VNSTOCK_BRONZE
HPA,LATEST,balance_sheet,level,1.0,ACTUAL,VNSTOCK_BRONZE
HPA,LATEST,balance_sheet,off_balance,0.0,ACTUAL,VNSTOCK_BRONZE
HPA,LATEST,balance_sheet,value,1491008211307.0,ACTUAL,VNSTOCK_BRONZE
HPA,LATEST,balance_sheet,order,19.0,ACTUAL,VNSTOCK_BRONZE
HPA,LATEST,balance_sheet,level,2.0,ACTUAL,VNSTOCK_BRONZE
HPA,LATEST,balance_sheet,off_balance,0.0,ACTUAL,VNSTOCK_BRONZE
HPA,LATEST,balance_sheet,value,1492804654846.0,ACTUAL,VNSTOCK_BRONZE
HPA,LATEST,balance_sheet,order,20.0,ACTUAL,VNSTOCK_BRONZE
HPA,LATEST,balance_sheet,level,2.0,ACTUAL,VNSTOCK_BRONZE
HPA,LATEST,balance_sheet,off_balance,0.0,ACTUAL,VNSTOCK_BRONZE
HPA,LATEST,balance_sheet,value,-1796443539.0,ACTUAL,VNSTOCK_BRONZE
HPA,LATEST,balance_sheet,order,21.0,ACTUAL,VNSTOCK_BRONZE
HPA,LATEST,balance_sheet,level,1.0,ACTUAL,VNSTOCK_BRONZE
HPA,LATEST,balance_sheet,off_balance,0.0,ACTUAL,VNSTOCK_BRONZE
HPA,LATEST,balance_sheet,value,74992298207.0,ACTUAL,VNSTOCK_BRONZE
HPA,LATEST,balance_sheet,order,22.0,ACTUAL,VNSTOCK_BRONZE
HPA,LATEST,balance_sheet,level,2.0,ACTUAL,VNSTOCK_BRONZE
HPA,LATEST,balance_sheet,off_balance,0.0,ACTUAL,VNSTOCK_BRONZE
HPA,LATEST,balance_sheet,value,74762886441.0,ACTUAL,VNSTOCK_BRONZE
HPA,LATEST,balance_sheet,order,23.0,ACTUAL,VNSTOCK_BRONZE
HPA,LATEST,balance_sheet,level,2.0,ACTUAL,VNSTOCK_BRONZE
HPA,LATEST,balance_sheet,off_balance,0.0,ACTUAL,VNSTOCK_BRONZE
HPA,LATEST,balance_sheet,value,201552925.0,ACTUAL,VNSTOCK_BRONZE
HPA,LATEST,balance_sheet,order,24.0,ACTUAL,VNSTOCK_BRONZE
HPA,LATEST,balance_sheet,level,2.0,ACTUAL,VNSTOCK_BRONZE
HPA,LATEST,balance_sheet,off_balance,0.0,ACTUAL,VNSTOCK_BRONZE
HPA,LATEST,balance_sheet,value,27858841.0,ACTUAL,VNSTOCK_BRONZE
HPA,LATEST,balance_sheet,order,25.0,ACTUAL,VNSTOCK_BRONZE
HPA,LATEST,balance_sheet,level,2.0,ACTUAL,VNSTOCK_BRONZE
HPA,LATEST,balance_sheet,off_balance,0.0,ACTUAL,VNSTOCK_BRONZE
HPA,LATEST,balance_sheet,value,0.0,ACTUAL,VNSTOCK_BRONZE
HPA,LATEST,balance_sheet,order,26.0,ACTUAL,VNSTOCK_BRONZE
HPA,LATEST,balance_sheet,level,1.0,ACTUAL,VNSTOCK_BRONZE
HPA,LATEST,balance_sheet,off_balance,0.0,ACTUAL,VNSTOCK_BRONZE
HPA,LATEST,balance_sheet,value,2051317531345.0,ACTUAL,VNSTOCK_BRONZE
HPA,LATEST,balance_sheet,order,27.0,ACTUAL,VNSTOCK_BRONZE
HPA,LATEST,balance_sheet,level,1.0,ACTUAL,VNSTOCK_BRONZE
HPA,LATEST,balance_sheet,off_balance,0.0,ACTUAL,VNSTOCK_BRONZE
HPA,LATEST,balance_sheet,value,48583062297.0,ACTUAL,VNSTOCK_BRONZE
HPA,LATEST,balance_sheet,order,28.0,ACTUAL,VNSTOCK_BRONZE
HPA,LATEST,balance_sheet,level,2.0,ACTUAL,VNSTOCK_BRONZE
HPA,LATEST,balance_sheet,off_balance,0.0,ACTUAL,VNSTOCK_BRONZE
HPA,LATEST,balance_sheet,value,0.0,ACTUAL,VNSTOCK_BRONZE
HPA,LATEST,balance_sheet,order,29.0,ACTUAL,VNSTOCK_BRONZE
HPA,LATEST,balance_sheet,level,2.0,ACTUAL,VNSTOCK_BRONZE
HPA,LATEST,balance_sheet,off_balance,0.0,ACTUAL,VNSTOCK_BRONZE
HPA,LATEST,balance_sheet,value,0.0,ACTUAL,VNSTOCK_BRONZE
HPA,LATEST,balance_sheet,order,30.0,ACTUAL,VNSTOCK_BRONZE
HPA,LATEST,balance_sheet,level,2.0,ACTUAL,VNSTOCK_BRONZE
HPA,LATEST,balance_sheet,off_balance,0.0,ACTUAL,VNSTOCK_BRONZE
HPA,LATEST,balance_sheet,value,0.0,ACTUAL,VNSTOCK_BRONZE
HPA,LATEST,balance_sheet,order,31.0,ACTUAL,VNSTOCK_BRONZE
HPA,LATEST,balance_sheet,level,2.0,ACTUAL,VNSTOCK_BRONZE
HPA,LATEST,balance_sheet,off_balance,0.0,ACTUAL,VNSTOCK_BRONZE
HPA,LATEST,balance_sheet,value,0.0,ACTUAL,VNSTOCK_BRONZE
HPA,LATEST,balance_sheet,order,32.0,ACTUAL,VNSTOCK_BRONZE
HPA,LATEST,balance_sheet,level,2.0,ACTUAL,VNSTOCK_BRONZE
HPA,LATEST,balance_sheet,off_balance,0.0,ACTUAL,VNSTOCK_BRONZE
HPA,LATEST,balance_sheet,value,48583062297.0,ACTUAL,VNSTOCK_BRONZE
HPA,LATEST,balance_sheet,order,33.0,ACTUAL,VNSTOCK_BRONZE
HPA,LATEST,balance_sheet,level,2.0,ACTUAL,VNSTOCK_BRONZE
HPA,LATEST,balance_sheet,off_balance,0.0,ACTUAL,VNSTOCK_BRONZE
HPA,LATEST,balance_sheet,value,-0.0,ACTUAL,VNSTOCK_BRONZE
HPA,LATEST,balance_sheet,order,34.0,ACTUAL,VNSTOCK_BRONZE
HPA,LATEST,balance_sheet,level,1.0,ACTUAL,VNSTOCK_BRONZE
HPA,LATEST,balance_sheet,off_balance,0.0,ACTUAL,VNSTOCK_BRONZE
HPA,LATEST,balance_sheet,value,1289079001478.0,ACTUAL,VNSTOCK_BRONZE
HPA,LATEST,balance_sheet,order,35.0,ACTUAL,VNSTOCK_BRONZE
HPA,LATEST,balance_sheet,level,2.0,ACTUAL,VNSTOCK_BRONZE
HPA,LATEST,balance_sheet,off_balance,0.0,ACTUAL,VNSTOCK_BRONZE
HPA,LATEST,balance_sheet,value,1275090203027.0,ACTUAL,VNSTOCK_BRONZE
HPA,LATEST,balance_sheet,order,36.0,ACTUAL,VNSTOCK_BRONZE
HPA,LATEST,balance_sheet,level,3.0,ACTUAL,VNSTOCK_BRONZE
HPA,LATEST,balance_sheet,off_balance,0.0,ACTUAL,VNSTOCK_BRONZE
HPA,LATEST,balance_sheet,value,4522606534783.0,ACTUAL,VNSTOCK_BRONZE
HPA,LATEST,balance_sheet,order,37.0,ACTUAL,VNSTOCK_BRONZE
HPA,LATEST,balance_sheet,level,3.0,ACTUAL,VNSTOCK_BRONZE
HPA,LATEST,balance_sheet,off_balance,0.0,ACTUAL,VNSTOCK_BRONZE
HPA,LATEST,balance_sheet,value,-3247516331756.0,ACTUAL,VNSTOCK_BRONZE
HPA,LATEST,balance_sheet,order,38.0,ACTUAL,VNSTOCK_BRONZE
HPA,LATEST,balance_sheet,level,2.0,ACTUAL,VNSTOCK_BRONZE
HPA,LATEST,balance_sheet,off_balance,0.0,ACTUAL,VNSTOCK_BRONZE
HPA,LATEST,balance_sheet,value,0.0,ACTUAL,VNSTOCK_BRONZE
HPA,LATEST,balance_sheet,order,39.0,ACTUAL,VNSTOCK_BRONZE
HPA,LATEST,balance_sheet,level,3.0,ACTUAL,VNSTOCK_BRONZE
HPA,LATEST,balance_sheet,off_balance,0.0,ACTUAL,VNSTOCK_BRONZE
HPA,LATEST,balance_sheet,value,0.0,ACTUAL,VNSTOCK_BRONZE
HPA,LATEST,balance_sheet,order,40.0,ACTUAL,VNSTOCK_BRONZE
HPA,LATEST,balance_sheet,level,3.0,ACTUAL,VNSTOCK_BRONZE
HPA,LATEST,balance_sheet,off_balance,0.0,ACTUAL,VNSTOCK_BRONZE
HPA,LATEST,balance_sheet,value,-0.0,ACTUAL,VNSTOCK_BRONZE
HPA,LATEST,balance_sheet,order,41.0,ACTUAL,VNSTOCK_BRONZE
HPA,LATEST,balance_sheet,level,2.0,ACTUAL,VNSTOCK_BRONZE
HPA,LATEST,balance_sheet,off_balance,0.0,ACTUAL,VNSTOCK_BRONZE
HPA,LATEST,balance_sheet,value,13988798451.0,ACTUAL,VNSTOCK_BRONZE
HPA,LATEST,balance_sheet,order,42.0,ACTUAL,VNSTOCK_BRONZE
HPA,LATEST,balance_sheet,level,3.0,ACTUAL,VNSTOCK_BRONZE
HPA,LATEST,balance_sheet,off_balance,0.0,ACTUAL,VNSTOCK_BRONZE
HPA,LATEST,balance_sheet,value,19468648539.0,ACTUAL,VNSTOCK_BRONZE
HPA,LATEST,balance_sheet,order,43.0,ACTUAL,VNSTOCK_BRONZE
HPA,LATEST,balance_sheet,level,3.0,ACTUAL,VNSTOCK_BRONZE
HPA,LATEST,balance_sheet,off_balance,0.0,ACTUAL,VNSTOCK_BRONZE
HPA,LATEST,balance_sheet,value,-5479850088.0,ACTUAL,VNSTOCK_BRONZE
HPA,LATEST,balance_sheet,order,44.0,ACTUAL,VNSTOCK_BRONZE
HPA,LATEST,balance_sheet,level,1.0,ACTUAL,VNSTOCK_BRONZE
HPA,LATEST,balance_sheet,off_balance,0.0,ACTUAL,VNSTOCK_BRONZE
HPA,LATEST,balance_sheet,value,0.0,ACTUAL,VNSTOCK_BRONZE
HPA,LATEST,balance_sheet,order,45.0,ACTUAL,VNSTOCK_BRONZE
HPA,LATEST,balance_sheet,level,2.0,ACTUAL,VNSTOCK_BRONZE
HPA,LATEST,balance_sheet,off_balance,0.0,ACTUAL,VNSTOCK_BRONZE
HPA,LATEST,balance_sheet,value,0.0,ACTUAL,VNSTOCK_BRONZE
HPA,LATEST,balance_sheet,order,46.0,ACTUAL,VNSTOCK_BRONZE
HPA,LATEST,balance_sheet,level,2.0,ACTUAL,VNSTOCK_BRONZE
HPA,LATEST,balance_sheet,off_balance,0.0,ACTUAL,VNSTOCK_BRONZE
HPA,LATEST,balance_sheet,value,-0.0,ACTUAL,VNSTOCK_BRONZE
HPA,LATEST,balance_sheet,order,47.0,ACTUAL,VNSTOCK_BRONZE
HPA,LATEST,balance_sheet,level,1.0,ACTUAL,VNSTOCK_BRONZE
HPA,LATEST,balance_sheet,off_balance,0.0,ACTUAL,VNSTOCK_BRONZE
HPA,LATEST,balance_sheet,value,282454957485.0,ACTUAL,VNSTOCK_BRONZE
HPA,LATEST,balance_sheet,order,48.0,ACTUAL,VNSTOCK_BRONZE
HPA,LATEST,balance_sheet,level,2.0,ACTUAL,VNSTOCK_BRONZE
HPA,LATEST,balance_sheet,off_balance,0.0,ACTUAL,VNSTOCK_BRONZE
HPA,LATEST,balance_sheet,value,0.0,ACTUAL,VNSTOCK_BRONZE
HPA,LATEST,balance_sheet,order,49.0,ACTUAL,VNSTOCK_BRONZE
HPA,LATEST,balance_sheet,level,2.0,ACTUAL,VNSTOCK_BRONZE
HPA,LATEST,balance_sheet,off_balance,0.0,ACTUAL,VNSTOCK_BRONZE
HPA,LATEST,balance_sheet,value,282454957485.0,ACTUAL,VNSTOCK_BRONZE
HPA,LATEST,balance_sheet,order,50.0,ACTUAL,VNSTOCK_BRONZE
HPA,LATEST,balance_sheet,level,1.0,ACTUAL,VNSTOCK_BRONZE
HPA,LATEST,balance_sheet,off_balance,0.0,ACTUAL,VNSTOCK_BRONZE
HPA,LATEST,balance_sheet,value,0.0,ACTUAL,VNSTOCK_BRONZE
HPA,LATEST,balance_sheet,order,51.0,ACTUAL,VNSTOCK_BRONZE
HPA,LATEST,balance_sheet,level,2.0,ACTUAL,VNSTOCK_BRONZE
HPA,LATEST,balance_sheet,off_balance,0.0,ACTUAL,VNSTOCK_BRONZE
HPA,LATEST,balance_sheet,value,0.0,ACTUAL,VNSTOCK_BRONZE
HPA,LATEST,balance_sheet,order,52.0,ACTUAL,VNSTOCK_BRONZE
HPA,LATEST,balance_sheet,level,2.0,ACTUAL,VNSTOCK_BRONZE
HPA,LATEST,balance_sheet,off_balance,0.0,ACTUAL,VNSTOCK_BRONZE
HPA,LATEST,balance_sheet,value,0.0,ACTUAL,VNSTOCK_BRONZE
HPA,LATEST,balance_sheet,order,53.0,ACTUAL,VNSTOCK_BRONZE
HPA,LATEST,balance_sheet,level,2.0,ACTUAL,VNSTOCK_BRONZE
HPA,LATEST,balance_sheet,off_balance,0.0,ACTUAL,VNSTOCK_BRONZE
HPA,LATEST,balance_sheet,value,0.0,ACTUAL,VNSTOCK_BRONZE
HPA,LATEST,balance_sheet,order,54.0,ACTUAL,VNSTOCK_BRONZE
HPA,LATEST,balance_sheet,level,2.0,ACTUAL,VNSTOCK_BRONZE
HPA,LATEST,balance_sheet,off_balance,0.0,ACTUAL,VNSTOCK_BRONZE
HPA,LATEST,balance_sheet,value,0.0,ACTUAL,VNSTOCK_BRONZE
HPA,LATEST,balance_sheet,order,55.0,ACTUAL,VNSTOCK_BRONZE
HPA,LATEST,balance_sheet,level,2.0,ACTUAL,VNSTOCK_BRONZE
HPA,LATEST,balance_sheet,off_balance,0.0,ACTUAL,VNSTOCK_BRONZE
HPA,LATEST,balance_sheet,value,0.0,ACTUAL,VNSTOCK_BRONZE
HPA,LATEST,balance_sheet,order,56.0,ACTUAL,VNSTOCK_BRONZE
HPA,LATEST,balance_sheet,level,1.0,ACTUAL,VNSTOCK_BRONZE
HPA,LATEST,balance_sheet,off_balance,0.0,ACTUAL,VNSTOCK_BRONZE
HPA,LATEST,balance_sheet,value,431200510085.0,ACTUAL,VNSTOCK_BRONZE
HPA,LATEST,balance_sheet,order,57.0,ACTUAL,VNSTOCK_BRONZE
HPA,LATEST,balance_sheet,level,2.0,ACTUAL,VNSTOCK_BRONZE
HPA,LATEST,balance_sheet,off_balance,0.0,ACTUAL,VNSTOCK_BRONZE
HPA,LATEST,balance_sheet,value,0.0,ACTUAL,VNSTOCK_BRONZE
HPA,LATEST,balance_sheet,order,58.0,ACTUAL,VNSTOCK_BRONZE
HPA,LATEST,balance_sheet,level,2.0,ACTUAL,VNSTOCK_BRONZE
HPA,LATEST,balance_sheet,off_balance,0.0,ACTUAL,VNSTOCK_BRONZE
HPA,LATEST,balance_sheet,value,413487770303.0,ACTUAL,VNSTOCK_BRONZE
HPA,LATEST,balance_sheet,order,59.0,ACTUAL,VNSTOCK_BRONZE
HPA,LATEST,balance_sheet,level,2.0,ACTUAL,VNSTOCK_BRONZE
HPA,LATEST,balance_sheet,off_balance,0.0,ACTUAL,VNSTOCK_BRONZE
HPA,LATEST,balance_sheet,value,17712739782.0,ACTUAL,VNSTOCK_BRONZE
HPA,LATEST,balance_sheet,order,60.0,ACTUAL,VNSTOCK_BRONZE
HPA,LATEST,balance_sheet,level,2.0,ACTUAL,VNSTOCK_BRONZE
HPA,LATEST,balance_sheet,off_balance,0.0,ACTUAL,VNSTOCK_BRONZE
HPA,LATEST,balance_sheet,value,0.0,ACTUAL,VNSTOCK_BRONZE
HPA,LATEST,balance_sheet,order,61.0,ACTUAL,VNSTOCK_BRONZE
HPA,LATEST,balance_sheet,level,2.0,ACTUAL,VNSTOCK_BRONZE
HPA,LATEST,balance_sheet,off_balance,0.0,ACTUAL,VNSTOCK_BRONZE
HPA,LATEST,balance_sheet,value,0.0,ACTUAL,VNSTOCK_BRONZE
HPA,LATEST,balance_sheet,order,62.0,ACTUAL,VNSTOCK_BRONZE
HPA,LATEST,balance_sheet,level,2.0,ACTUAL,VNSTOCK_BRONZE
HPA,LATEST,balance_sheet,off_balance,0.0,ACTUAL,VNSTOCK_BRONZE
HPA,LATEST,balance_sheet,value,0.0,ACTUAL,VNSTOCK_BRONZE
HPA,LATEST,balance_sheet,order,63.0,ACTUAL,VNSTOCK_BRONZE
HPA,LATEST,balance_sheet,level,1.0,ACTUAL,VNSTOCK_BRONZE
HPA,LATEST,balance_sheet,off_balance,0.0,ACTUAL,VNSTOCK_BRONZE
HPA,LATEST,balance_sheet,value,4518897496264.0,ACTUAL,VNSTOCK_BRONZE
HPA,LATEST,balance_sheet,order,64.0,ACTUAL,VNSTOCK_BRONZE
HPA,LATEST,balance_sheet,level,1.0,ACTUAL,VNSTOCK_BRONZE
HPA,LATEST,balance_sheet,off_balance,0.0,ACTUAL,VNSTOCK_BRONZE
HPA,LATEST,balance_sheet,value,1599925886297.0,ACTUAL,VNSTOCK_BRONZE
HPA,LATEST,balance_sheet,order,65.0,ACTUAL,VNSTOCK_BRONZE
HPA,LATEST,balance_sheet,level,1.0,ACTUAL,VNSTOCK_BRONZE
HPA,LATEST,balance_sheet,off_balance,0.0,ACTUAL,VNSTOCK_BRONZE
HPA,LATEST,balance_sheet,value,1580802608471.0,ACTUAL,VNSTOCK_BRONZE
HPA,LATEST,balance_sheet,order,66.0,ACTUAL,VNSTOCK_BRONZE
HPA,LATEST,balance_sheet,level,2.0,ACTUAL,VNSTOCK_BRONZE
HPA,LATEST,balance_sheet,off_balance,0.0,ACTUAL,VNSTOCK_BRONZE
HPA,LATEST,balance_sheet,value,0.0,ACTUAL,VNSTOCK_BRONZE
HPA,LATEST,balance_sheet,order,67.0,ACTUAL,VNSTOCK_BRONZE
HPA,LATEST,balance_sheet,level,2.0,ACTUAL,VNSTOCK_BRONZE
HPA,LATEST,balance_sheet,off_balance,0.0,ACTUAL,VNSTOCK_BRONZE
HPA,LATEST,balance_sheet,value,0.0,ACTUAL,VNSTOCK_BRONZE
HPA,LATEST,balance_sheet,order,68.0,ACTUAL,VNSTOCK_BRONZE
HPA,LATEST,balance_sheet,level,2.0,ACTUAL,VNSTOCK_BRONZE
HPA,LATEST,balance_sheet,off_balance,0.0,ACTUAL,VNSTOCK_BRONZE
HPA,LATEST,balance_sheet,value,0.0,ACTUAL,VNSTOCK_BRONZE
HPA,LATEST,balance_sheet,order,69.0,ACTUAL,VNSTOCK_BRONZE
HPA,LATEST,balance_sheet,level,2.0,ACTUAL,VNSTOCK_BRONZE
HPA,LATEST,balance_sheet,off_balance,0.0,ACTUAL,VNSTOCK_BRONZE
HPA,LATEST,balance_sheet,value,288724571298.0,ACTUAL,VNSTOCK_BRONZE
HPA,LATEST,balance_sheet,order,70.0,ACTUAL,VNSTOCK_BRONZE
HPA,LATEST,balance_sheet,level,2.0,ACTUAL,VNSTOCK_BRONZE
HPA,LATEST,balance_sheet,off_balance,0.0,ACTUAL,VNSTOCK_BRONZE
HPA,LATEST,balance_sheet,value,10969555891.0,ACTUAL,VNSTOCK_BRONZE
HPA,LATEST,balance_sheet,order,71.0,ACTUAL,VNSTOCK_BRONZE
HPA,LATEST,balance_sheet,level,2.0,ACTUAL,VNSTOCK_BRONZE
HPA,LATEST,balance_sheet,off_balance,0.0,ACTUAL,VNSTOCK_BRONZE
HPA,LATEST,balance_sheet,value,115004461156.0,ACTUAL,VNSTOCK_BRONZE
HPA,LATEST,balance_sheet,order,72.0,ACTUAL,VNSTOCK_BRONZE
HPA,LATEST,balance_sheet,level,2.0,ACTUAL,VNSTOCK_BRONZE
HPA,LATEST,balance_sheet,off_balance,0.0,ACTUAL,VNSTOCK_BRONZE
HPA,LATEST,balance_sheet,value,22468274345.0,ACTUAL,VNSTOCK_BRONZE
HPA,LATEST,balance_sheet,order,73.0,ACTUAL,VNSTOCK_BRONZE
HPA,LATEST,balance_sheet,level,2.0,ACTUAL,VNSTOCK_BRONZE
HPA,LATEST,balance_sheet,off_balance,0.0,ACTUAL,VNSTOCK_BRONZE
HPA,LATEST,balance_sheet,value,71442644768.0,ACTUAL,VNSTOCK_BRONZE
HPA,LATEST,balance_sheet,order,74.0,ACTUAL,VNSTOCK_BRONZE
HPA,LATEST,balance_sheet,level,2.0,ACTUAL,VNSTOCK_BRONZE
HPA,LATEST,balance_sheet,off_balance,0.0,ACTUAL,VNSTOCK_BRONZE
HPA,LATEST,balance_sheet,value,0.0,ACTUAL,VNSTOCK_BRONZE
HPA,LATEST,balance_sheet,order,75.0,ACTUAL,VNSTOCK_BRONZE
HPA,LATEST,balance_sheet,level,2.0,ACTUAL,VNSTOCK_BRONZE
HPA,LATEST,balance_sheet,off_balance,0.0,ACTUAL,VNSTOCK_BRONZE
HPA,LATEST,balance_sheet,value,0.0,ACTUAL,VNSTOCK_BRONZE
HPA,LATEST,balance_sheet,order,76.0,ACTUAL,VNSTOCK_BRONZE
HPA,LATEST,balance_sheet,level,2.0,ACTUAL,VNSTOCK_BRONZE
HPA,LATEST,balance_sheet,off_balance,0.0,ACTUAL,VNSTOCK_BRONZE
HPA,LATEST,balance_sheet,value,6487207017.0,ACTUAL,VNSTOCK_BRONZE
HPA,LATEST,balance_sheet,order,77.0,ACTUAL,VNSTOCK_BRONZE
HPA,LATEST,balance_sheet,level,2.0,ACTUAL,VNSTOCK_BRONZE
HPA,LATEST,balance_sheet,off_balance,0.0,ACTUAL,VNSTOCK_BRONZE
HPA,LATEST,balance_sheet,value,1035956598226.0,ACTUAL,VNSTOCK_BRONZE
HPA,LATEST,balance_sheet,order,78.0,ACTUAL,VNSTOCK_BRONZE
HPA,LATEST,balance_sheet,level,2.0,ACTUAL,VNSTOCK_BRONZE
HPA,LATEST,balance_sheet,off_balance,0.0,ACTUAL,VNSTOCK_BRONZE
HPA,LATEST,balance_sheet,value,0.0,ACTUAL,VNSTOCK_BRONZE
HPA,LATEST,balance_sheet,order,79.0,ACTUAL,VNSTOCK_BRONZE
HPA,LATEST,balance_sheet,level,2.0,ACTUAL,VNSTOCK_BRONZE
HPA,LATEST,balance_sheet,off_balance,0.0,ACTUAL,VNSTOCK_BRONZE
HPA,LATEST,balance_sheet,value,29749295770.0,ACTUAL,VNSTOCK_BRONZE
HPA,LATEST,balance_sheet,order,80.0,ACTUAL,VNSTOCK_BRONZE
HPA,LATEST,balance_sheet,level,2.0,ACTUAL,VNSTOCK_BRONZE
HPA,LATEST,balance_sheet,off_balance,0.0,ACTUAL,VNSTOCK_BRONZE
HPA,LATEST,balance_sheet,value,0.0,ACTUAL,VNSTOCK_BRONZE
HPA,LATEST,balance_sheet,order,81.0,ACTUAL,VNSTOCK_BRONZE
HPA,LATEST,balance_sheet,level,2.0,ACTUAL,VNSTOCK_BRONZE
HPA,LATEST,balance_sheet,off_balance,0.0,ACTUAL,VNSTOCK_BRONZE
HPA,LATEST,balance_sheet,value,0.0,ACTUAL,VNSTOCK_BRONZE
HPA,LATEST,balance_sheet,order,82.0,ACTUAL,VNSTOCK_BRONZE
HPA,LATEST,balance_sheet,level,1.0,ACTUAL,VNSTOCK_BRONZE
HPA,LATEST,balance_sheet,off_balance,0.0,ACTUAL,VNSTOCK_BRONZE
HPA,LATEST,balance_sheet,value,19123277826.0,ACTUAL,VNSTOCK_BRONZE
HPA,LATEST,balance_sheet,order,83.0,ACTUAL,VNSTOCK_BRONZE
HPA,LATEST,balance_sheet,level,2.0,ACTUAL,VNSTOCK_BRONZE
HPA,LATEST,balance_sheet,off_balance,0.0,ACTUAL,VNSTOCK_BRONZE
HPA,LATEST,balance_sheet,value,0.0,ACTUAL,VNSTOCK_BRONZE
HPA,LATEST,balance_sheet,order,84.0,ACTUAL,VNSTOCK_BRONZE
HPA,LATEST,balance_sheet,level,2.0,ACTUAL,VNSTOCK_BRONZE
HPA,LATEST,balance_sheet,off_balance,0.0,ACTUAL,VNSTOCK_BRONZE
HPA,LATEST,balance_sheet,order,85.0,ACTUAL,VNSTOCK_BRONZE
HPA,LATEST,balance_sheet,level,2.0,ACTUAL,VNSTOCK_BRONZE
HPA,LATEST,balance_sheet,off_balance,0.0,ACTUAL,VNSTOCK_BRONZE
HPA,LATEST,balance_sheet,value,0.0,ACTUAL,VNSTOCK_BRONZE
HPA,LATEST,balance_sheet,order,86.0,ACTUAL,VNSTOCK_BRONZE
HPA,LATEST,balance_sheet,level,2.0,ACTUAL,VNSTOCK_BRONZE
HPA,LATEST,balance_sheet,off_balance,0.0,ACTUAL,VNSTOCK_BRONZE
HPA,LATEST,balance_sheet,value,0.0,ACTUAL,VNSTOCK_BRONZE
HPA,LATEST,balance_sheet,order,87.0,ACTUAL,VNSTOCK_BRONZE
HPA,LATEST,balance_sheet,level,2.0,ACTUAL,VNSTOCK_BRONZE
HPA,LATEST,balance_sheet,off_balance,0.0,ACTUAL,VNSTOCK_BRONZE
HPA,LATEST,balance_sheet,value,0.0,ACTUAL,VNSTOCK_BRONZE
HPA,LATEST,balance_sheet,order,88.0,ACTUAL,VNSTOCK_BRONZE
HPA,LATEST,balance_sheet,level,2.0,ACTUAL,VNSTOCK_BRONZE
HPA,LATEST,balance_sheet,off_balance,0.0,ACTUAL,VNSTOCK_BRONZE
HPA,LATEST,balance_sheet,value,0.0,ACTUAL,VNSTOCK_BRONZE
HPA,LATEST,balance_sheet,order,89.0,ACTUAL,VNSTOCK_BRONZE
HPA,LATEST,balance_sheet,level,2.0,ACTUAL,VNSTOCK_BRONZE
HPA,LATEST,balance_sheet,off_balance,0.0,ACTUAL,VNSTOCK_BRONZE
HPA,LATEST,balance_sheet,value,0.0,ACTUAL,VNSTOCK_BRONZE
HPA,LATEST,balance_sheet,order,90.0,ACTUAL,VNSTOCK_BRONZE
HPA,LATEST,balance_sheet,level,2.0,ACTUAL,VNSTOCK_BRONZE
HPA,LATEST,balance_sheet,off_balance,0.0,ACTUAL,VNSTOCK_BRONZE
HPA,LATEST,balance_sheet,value,80000000.0,ACTUAL,VNSTOCK_BRONZE
HPA,LATEST,balance_sheet,order,91.0,ACTUAL,VNSTOCK_BRONZE
HPA,LATEST,balance_sheet,level,2.0,ACTUAL,VNSTOCK_BRONZE
HPA,LATEST,balance_sheet,off_balance,0.0,ACTUAL,VNSTOCK_BRONZE
HPA,LATEST,balance_sheet,value,19000000000.0,ACTUAL,VNSTOCK_BRONZE
HPA,LATEST,balance_sheet,order,92.0,ACTUAL,VNSTOCK_BRONZE
HPA,LATEST,balance_sheet,level,2.0,ACTUAL,VNSTOCK_BRONZE
HPA,LATEST,balance_sheet,off_balance,0.0,ACTUAL,VNSTOCK_BRONZE
HPA,LATEST,balance_sheet,value,0.0,ACTUAL,VNSTOCK_BRONZE
HPA,LATEST,balance_sheet,order,93.0,ACTUAL,VNSTOCK_BRONZE
HPA,LATEST,balance_sheet,level,2.0,ACTUAL,VNSTOCK_BRONZE
HPA,LATEST,balance_sheet,off_balance,0.0,ACTUAL,VNSTOCK_BRONZE
HPA,LATEST,balance_sheet,value,43277826.0,ACTUAL,VNSTOCK_BRONZE
HPA,LATEST,balance_sheet,order,94.0,ACTUAL,VNSTOCK_BRONZE
HPA,LATEST,balance_sheet,level,2.0,ACTUAL,VNSTOCK_BRONZE
HPA,LATEST,balance_sheet,off_balance,0.0,ACTUAL,VNSTOCK_BRONZE
HPA,LATEST,balance_sheet,value,0.0,ACTUAL,VNSTOCK_BRONZE
HPA,LATEST,balance_sheet,order,95.0,ACTUAL,VNSTOCK_BRONZE
HPA,LATEST,balance_sheet,level,2.0,ACTUAL,VNSTOCK_BRONZE
HPA,LATEST,balance_sheet,off_balance,0.0,ACTUAL,VNSTOCK_BRONZE
HPA,LATEST,balance_sheet,value,0.0,ACTUAL,VNSTOCK_BRONZE
HPA,LATEST,balance_sheet,order,96.0,ACTUAL,VNSTOCK_BRONZE
HPA,LATEST,balance_sheet,level,1.0,ACTUAL,VNSTOCK_BRONZE
HPA,LATEST,balance_sheet,off_balance,0.0,ACTUAL,VNSTOCK_BRONZE
HPA,LATEST,balance_sheet,value,2918971609967.0,ACTUAL,VNSTOCK_BRONZE
HPA,LATEST,balance_sheet,order,97.0,ACTUAL,VNSTOCK_BRONZE
HPA,LATEST,balance_sheet,level,1.0,ACTUAL,VNSTOCK_BRONZE
HPA,LATEST,balance_sheet,off_balance,0.0,ACTUAL,VNSTOCK_BRONZE
HPA,LATEST,balance_sheet,value,2918971609967.0,ACTUAL,VNSTOCK_BRONZE
HPA,LATEST,balance_sheet,order,98.0,ACTUAL,VNSTOCK_BRONZE
HPA,LATEST,balance_sheet,level,2.0,ACTUAL,VNSTOCK_BRONZE
HPA,LATEST,balance_sheet,off_balance,0.0,ACTUAL,VNSTOCK_BRONZE
HPA,LATEST,balance_sheet,value,0.0,ACTUAL,VNSTOCK_BRONZE
HPA,LATEST,balance_sheet,order,99.0,ACTUAL,VNSTOCK_BRONZE
HPA,LATEST,balance_sheet,level,2.0,ACTUAL,VNSTOCK_BRONZE
HPA,LATEST,balance_sheet,off_balance,0.0,ACTUAL,VNSTOCK_BRONZE
HPA,LATEST,balance_sheet,value,0.0,ACTUAL,VNSTOCK_BRONZE
HPA,LATEST,balance_sheet,order,100.0,ACTUAL,VNSTOCK_BRONZE
HPA,LATEST,balance_sheet,level,2.0,ACTUAL,VNSTOCK_BRONZE
HPA,LATEST,balance_sheet,off_balance,0.0,ACTUAL,VNSTOCK_BRONZE
HPA,LATEST,balance_sheet,value,0.0,ACTUAL,VNSTOCK_BRONZE
HPA,LATEST,balance_sheet,order,101.0,ACTUAL,VNSTOCK_BRONZE
HPA,LATEST,balance_sheet,level,2.0,ACTUAL,VNSTOCK_BRONZE
HPA,LATEST,balance_sheet,off_balance,0.0,ACTUAL,VNSTOCK_BRONZE
HPA,LATEST,balance_sheet,value,0.0,ACTUAL,VNSTOCK_BRONZE
HPA,LATEST,balance_sheet,order,102.0,ACTUAL,VNSTOCK_BRONZE
HPA,LATEST,balance_sheet,level,2.0,ACTUAL,VNSTOCK_BRONZE
HPA,LATEST,balance_sheet,off_balance,0.0,ACTUAL,VNSTOCK_BRONZE
HPA,LATEST,balance_sheet,value,2550000000000.0,ACTUAL,VNSTOCK_BRONZE
HPA,LATEST,balance_sheet,order,103.0,ACTUAL,VNSTOCK_BRONZE
HPA,LATEST,balance_sheet,level,3.0,ACTUAL,VNSTOCK_BRONZE
HPA,LATEST,balance_sheet,off_balance,0.0,ACTUAL,VNSTOCK_BRONZE
HPA,LATEST,balance_sheet,value,2550000000000.0,ACTUAL,VNSTOCK_BRONZE
HPA,LATEST,balance_sheet,order,104.0,ACTUAL,VNSTOCK_BRONZE
HPA,LATEST,balance_sheet,level,2.0,ACTUAL,VNSTOCK_BRONZE
HPA,LATEST,balance_sheet,off_balance,0.0,ACTUAL,VNSTOCK_BRONZE
HPA,LATEST,balance_sheet,value,0.0,ACTUAL,VNSTOCK_BRONZE
HPA,LATEST,balance_sheet,order,105.0,ACTUAL,VNSTOCK_BRONZE
HPA,LATEST,balance_sheet,level,2.0,ACTUAL,VNSTOCK_BRONZE
HPA,LATEST,balance_sheet,off_balance,0.0,ACTUAL,VNSTOCK_BRONZE
HPA,LATEST,balance_sheet,value,0.0,ACTUAL,VNSTOCK_BRONZE
HPA,LATEST,balance_sheet,order,106.0,ACTUAL,VNSTOCK_BRONZE
HPA,LATEST,balance_sheet,level,2.0,ACTUAL,VNSTOCK_BRONZE
HPA,LATEST,balance_sheet,off_balance,0.0,ACTUAL,VNSTOCK_BRONZE
HPA,LATEST,balance_sheet,value,0.0,ACTUAL,VNSTOCK_BRONZE
HPA,LATEST,balance_sheet,order,107.0,ACTUAL,VNSTOCK_BRONZE
HPA,LATEST,balance_sheet,level,2.0,ACTUAL,VNSTOCK_BRONZE
HPA,LATEST,balance_sheet,off_balance,0.0,ACTUAL,VNSTOCK_BRONZE
HPA,LATEST,balance_sheet,value,0.0,ACTUAL,VNSTOCK_BRONZE
HPA,LATEST,balance_sheet,order,108.0,ACTUAL,VNSTOCK_BRONZE
HPA,LATEST,balance_sheet,level,2.0,ACTUAL,VNSTOCK_BRONZE
HPA,LATEST,balance_sheet,off_balance,0.0,ACTUAL,VNSTOCK_BRONZE
HPA,LATEST,balance_sheet,value,0.0,ACTUAL,VNSTOCK_BRONZE
HPA,LATEST,balance_sheet,order,109.0,ACTUAL,VNSTOCK_BRONZE
HPA,LATEST,balance_sheet,level,2.0,ACTUAL,VNSTOCK_BRONZE
HPA,LATEST,balance_sheet,off_balance,0.0,ACTUAL,VNSTOCK_BRONZE
HPA,LATEST,balance_sheet,value,0.0,ACTUAL,VNSTOCK_BRONZE
HPA,LATEST,balance_sheet,order,110.0,ACTUAL,VNSTOCK_BRONZE
HPA,LATEST,balance_sheet,level,2.0,ACTUAL,VNSTOCK_BRONZE
HPA,LATEST,balance_sheet,off_balance,0.0,ACTUAL,VNSTOCK_BRONZE
HPA,LATEST,balance_sheet,value,0.0,ACTUAL,VNSTOCK_BRONZE
HPA,LATEST,balance_sheet,order,111.0,ACTUAL,VNSTOCK_BRONZE
HPA,LATEST,balance_sheet,level,2.0,ACTUAL,VNSTOCK_BRONZE
HPA,LATEST,balance_sheet,off_balance,0.0,ACTUAL,VNSTOCK_BRONZE
HPA,LATEST,balance_sheet,value,0.0,ACTUAL,VNSTOCK_BRONZE
HPA,LATEST,balance_sheet,order,112.0,ACTUAL,VNSTOCK_BRONZE
HPA,LATEST,balance_sheet,level,2.0,ACTUAL,VNSTOCK_BRONZE
HPA,LATEST,balance_sheet,off_balance,0.0,ACTUAL,VNSTOCK_BRONZE
HPA,LATEST,balance_sheet,value,368971609967.0,ACTUAL,VNSTOCK_BRONZE
HPA,LATEST,balance_sheet,order,113.0,ACTUAL,VNSTOCK_BRONZE
HPA,LATEST,balance_sheet,level,3.0,ACTUAL,VNSTOCK_BRONZE
HPA,LATEST,balance_sheet,off_balance,0.0,ACTUAL,VNSTOCK_BRONZE
HPA,LATEST,balance_sheet,value,348047372884.0,ACTUAL,VNSTOCK_BRONZE
HPA,LATEST,balance_sheet,order,114.0,ACTUAL,VNSTOCK_BRONZE
HPA,LATEST,balance_sheet,level,3.0,ACTUAL,VNSTOCK_BRONZE
HPA,LATEST,balance_sheet,off_balance,0.0,ACTUAL,VNSTOCK_BRONZE
HPA,LATEST,balance_sheet,value,20924237083.0,ACTUAL,VNSTOCK_BRONZE
HPA,LATEST,balance_sheet,order,115.0,ACTUAL,VNSTOCK_BRONZE
HPA,LATEST,balance_sheet,level,2.0,ACTUAL,VNSTOCK_BRONZE
HPA,LATEST,balance_sheet,off_balance,0.0,ACTUAL,VNSTOCK_BRONZE
HPA,LATEST,balance_sheet,value,0.0,ACTUAL,VNSTOCK_BRONZE
HPA,LATEST,balance_sheet,order,116.0,ACTUAL,VNSTOCK_BRONZE
HPA,LATEST,balance_sheet,level,1.0,ACTUAL,VNSTOCK_BRONZE
HPA,LATEST,balance_sheet,off_balance,0.0,ACTUAL,VNSTOCK_BRONZE
HPA,LATEST,balance_sheet,value,0.0,ACTUAL,VNSTOCK_BRONZE
HPA,LATEST,balance_sheet,order,117.0,ACTUAL,VNSTOCK_BRONZE
HPA,LATEST,balance_sheet,level,2.0,ACTUAL,VNSTOCK_BRONZE
HPA,LATEST,balance_sheet,off_balance,0.0,ACTUAL,VNSTOCK_BRONZE
HPA,LATEST,balance_sheet,value,0.0,ACTUAL,VNSTOCK_BRONZE
HPA,LATEST,balance_sheet,order,118.0,ACTUAL,VNSTOCK_BRONZE
HPA,LATEST,balance_sheet,level,1.0,ACTUAL,VNSTOCK_BRONZE
HPA,LATEST,balance_sheet,off_balance,0.0,ACTUAL,VNSTOCK_BRONZE
HPA,LATEST,balance_sheet,value,4518897496264.0,ACTUAL,VNSTOCK_BRONZE
HPA,LATEST,balance_sheet,order,1.0,ACTUAL,VNSTOCK_BRONZE
HPA,LATEST,balance_sheet,level,1.0,ACTUAL,VNSTOCK_BRONZE
HPA,LATEST,balance_sheet,off_balance,0.0,ACTUAL,VNSTOCK_BRONZE
HPA,LATEST,balance_sheet,value,2751628082584.0,ACTUAL,VNSTOCK_BRONZE
HPA,LATEST,balance_sheet,order,2.0,ACTUAL,VNSTOCK_BRONZE
HPA,LATEST,balance_sheet,level,1.0,ACTUAL,VNSTOCK_BRONZE
HPA,LATEST,balance_sheet,off_balance,0.0,ACTUAL,VNSTOCK_BRONZE
HPA,LATEST,balance_sheet,value,979952971216.0,ACTUAL,VNSTOCK_BRONZE
HPA,LATEST,balance_sheet,order,3.0,ACTUAL,VNSTOCK_BRONZE
HPA,LATEST,balance_sheet,level,2.0,ACTUAL,VNSTOCK_BRONZE
HPA,LATEST,balance_sheet,off_balance,0.0,ACTUAL,VNSTOCK_BRONZE
HPA,LATEST,balance_sheet,value,102212971216.0,ACTUAL,VNSTOCK_BRONZE
HPA,LATEST,balance_sheet,order,4.0,ACTUAL,VNSTOCK_BRONZE
HPA,LATEST,balance_sheet,level,2.0,ACTUAL,VNSTOCK_BRONZE
HPA,LATEST,balance_sheet,off_balance,0.0,ACTUAL,VNSTOCK_BRONZE
HPA,LATEST,balance_sheet,value,877740000000.0,ACTUAL,VNSTOCK_BRONZE
HPA,LATEST,balance_sheet,order,5.0,ACTUAL,VNSTOCK_BRONZE
HPA,LATEST,balance_sheet,level,1.0,ACTUAL,VNSTOCK_BRONZE
HPA,LATEST,balance_sheet,off_balance,0.0,ACTUAL,VNSTOCK_BRONZE
HPA,LATEST,balance_sheet,value,89300000000.0,ACTUAL,VNSTOCK_BRONZE
HPA,LATEST,balance_sheet,order,6.0,ACTUAL,VNSTOCK_BRONZE
HPA,LATEST,balance_sheet,level,2.0,ACTUAL,VNSTOCK_BRONZE
HPA,LATEST,balance_sheet,off_balance,0.0,ACTUAL,VNSTOCK_BRONZE
HPA,LATEST,balance_sheet,value,0.0,ACTUAL,VNSTOCK_BRONZE
HPA,LATEST,balance_sheet,order,7.0,ACTUAL,VNSTOCK_BRONZE
HPA,LATEST,balance_sheet,level,2.0,ACTUAL,VNSTOCK_BRONZE
HPA,LATEST,balance_sheet,off_balance,0.0,ACTUAL,VNSTOCK_BRONZE
HPA,LATEST,balance_sheet,value,0.0,ACTUAL,VNSTOCK_BRONZE
HPA,LATEST,balance_sheet,order,8.0,ACTUAL,VNSTOCK_BRONZE
HPA,LATEST,balance_sheet,level,2.0,ACTUAL,VNSTOCK_BRONZE
HPA,LATEST,balance_sheet,off_balance,0.0,ACTUAL,VNSTOCK_BRONZE
HPA,LATEST,balance_sheet,value,89300000000.0,ACTUAL,VNSTOCK_BRONZE
HPA,LATEST,balance_sheet,order,9.0,ACTUAL,VNSTOCK_BRONZE
HPA,LATEST,balance_sheet,level,1.0,ACTUAL,VNSTOCK_BRONZE
HPA,LATEST,balance_sheet,off_balance,0.0,ACTUAL,VNSTOCK_BRONZE
HPA,LATEST,balance_sheet,value,172972471077.0,ACTUAL,VNSTOCK_BRONZE
HPA,LATEST,balance_sheet,order,10.0,ACTUAL,VNSTOCK_BRONZE
HPA,LATEST,balance_sheet,level,2.0,ACTUAL,VNSTOCK_BRONZE
HPA,LATEST,balance_sheet,off_balance,0.0,ACTUAL,VNSTOCK_BRONZE
HPA,LATEST,balance_sheet,value,98018100642.0,ACTUAL,VNSTOCK_BRONZE
HPA,LATEST,balance_sheet,order,11.0,ACTUAL,VNSTOCK_BRONZE
HPA,LATEST,balance_sheet,level,2.0,ACTUAL,VNSTOCK_BRONZE
HPA,LATEST,balance_sheet,off_balance,0.0,ACTUAL,VNSTOCK_BRONZE
HPA,LATEST,balance_sheet,value,49035658153.0,ACTUAL,VNSTOCK_BRONZE
HPA,LATEST,balance_sheet,order,12.0,ACTUAL,VNSTOCK_BRONZE
HPA,LATEST,balance_sheet,level,2.0,ACTUAL,VNSTOCK_BRONZE
HPA,LATEST,balance_sheet,off_balance,0.0,ACTUAL,VNSTOCK_BRONZE
HPA,LATEST,balance_sheet,value,0.0,ACTUAL,VNSTOCK_BRONZE
HPA,LATEST,balance_sheet,order,13.0,ACTUAL,VNSTOCK_BRONZE
HPA,LATEST,balance_sheet,level,2.0,ACTUAL,VNSTOCK_BRONZE
HPA,LATEST,balance_sheet,off_balance,0.0,ACTUAL,VNSTOCK_BRONZE
HPA,LATEST,balance_sheet,value,0.0,ACTUAL,VNSTOCK_BRONZE
HPA,LATEST,balance_sheet,order,14.0,ACTUAL,VNSTOCK_BRONZE
HPA,LATEST,balance_sheet,level,2.0,ACTUAL,VNSTOCK_BRONZE
HPA,LATEST,balance_sheet,off_balance,0.0,ACTUAL,VNSTOCK_BRONZE
HPA,LATEST,balance_sheet,value,0.0,ACTUAL,VNSTOCK_BRONZE
HPA,LATEST,balance_sheet,order,15.0,ACTUAL,VNSTOCK_BRONZE
HPA,LATEST,balance_sheet,level,2.0,ACTUAL,VNSTOCK_BRONZE
HPA,LATEST,balance_sheet,off_balance,0.0,ACTUAL,VNSTOCK_BRONZE
HPA,LATEST,balance_sheet,value,33872575742.0,ACTUAL,VNSTOCK_BRONZE
HPA,LATEST,balance_sheet,order,16.0,ACTUAL,VNSTOCK_BRONZE
HPA,LATEST,balance_sheet,level,2.0,ACTUAL,VNSTOCK_BRONZE
HPA,LATEST,balance_sheet,off_balance,0.0,ACTUAL,VNSTOCK_BRONZE
HPA,LATEST,balance_sheet,value,-8219005121.0,ACTUAL,VNSTOCK_BRONZE
HPA,LATEST,balance_sheet,order,17.0,ACTUAL,VNSTOCK_BRONZE
HPA,LATEST,balance_sheet,level,2.0,ACTUAL,VNSTOCK_BRONZE
HPA,LATEST,balance_sheet,off_balance,0.0,ACTUAL,VNSTOCK_BRONZE
HPA,LATEST,balance_sheet,value,265141661.0,ACTUAL,VNSTOCK_BRONZE
HPA,LATEST,balance_sheet,order,18.0,ACTUAL,VNSTOCK_BRONZE
HPA,LATEST,balance_sheet,level,1.0,ACTUAL,VNSTOCK_BRONZE
HPA,LATEST,balance_sheet,off_balance,0.0,ACTUAL,VNSTOCK_BRONZE
HPA,LATEST,balance_sheet,value,1428571050349.0,ACTUAL,VNSTOCK_BRONZE
HPA,LATEST,balance_sheet,order,19.0,ACTUAL,VNSTOCK_BRONZE
HPA,LATEST,balance_sheet,level,2.0,ACTUAL,VNSTOCK_BRONZE
HPA,LATEST,balance_sheet,off_balance,0.0,ACTUAL,VNSTOCK_BRONZE
HPA,LATEST,balance_sheet,value,1428918107154.0,ACTUAL,VNSTOCK_BRONZE
HPA,LATEST,balance_sheet,order,20.0,ACTUAL,VNSTOCK_BRONZE
HPA,LATEST,balance_sheet,level,2.0,ACTUAL,VNSTOCK_BRONZE
HPA,LATEST,balance_sheet,off_balance,0.0,ACTUAL,VNSTOCK_BRONZE
HPA,LATEST,balance_sheet,value,-347056805.0,ACTUAL,VNSTOCK_BRONZE
HPA,LATEST,balance_sheet,order,21.0,ACTUAL,VNSTOCK_BRONZE
HPA,LATEST,balance_sheet,level,1.0,ACTUAL,VNSTOCK_BRONZE
HPA,LATEST,balance_sheet,off_balance,0.0,ACTUAL,VNSTOCK_BRONZE
HPA,LATEST,balance_sheet,value,80831589942.0,ACTUAL,VNSTOCK_BRONZE
HPA,LATEST,balance_sheet,order,22.0,ACTUAL,VNSTOCK_BRONZE
HPA,LATEST,balance_sheet,level,2.0,ACTUAL,VNSTOCK_BRONZE
HPA,LATEST,balance_sheet,off_balance,0.0,ACTUAL,VNSTOCK_BRONZE
HPA,LATEST,balance_sheet,value,80326906028.0,ACTUAL,VNSTOCK_BRONZE
HPA,LATEST,balance_sheet,order,23.0,ACTUAL,VNSTOCK_BRONZE
HPA,LATEST,balance_sheet,level,2.0,ACTUAL,VNSTOCK_BRONZE
HPA,LATEST,balance_sheet,off_balance,0.0,ACTUAL,VNSTOCK_BRONZE
HPA,LATEST,balance_sheet,value,466290438.0,ACTUAL,VNSTOCK_BRONZE
HPA,LATEST,balance_sheet,order,24.0,ACTUAL,VNSTOCK_BRONZE
HPA,LATEST,balance_sheet,level,2.0,ACTUAL,VNSTOCK_BRONZE
HPA,LATEST,balance_sheet,off_balance,0.0,ACTUAL,VNSTOCK_BRONZE
HPA,LATEST,balance_sheet,value,38393476.0,ACTUAL,VNSTOCK_BRONZE
HPA,LATEST,balance_sheet,order,25.0,ACTUAL,VNSTOCK_BRONZE
HPA,LATEST,balance_sheet,level,2.0,ACTUAL,VNSTOCK_BRONZE
HPA,LATEST,balance_sheet,off_balance,0.0,ACTUAL,VNSTOCK_BRONZE
HPA,LATEST,balance_sheet,value,0.0,ACTUAL,VNSTOCK_BRONZE
HPA,LATEST,balance_sheet,order,26.0,ACTUAL,VNSTOCK_BRONZE
HPA,LATEST,balance_sheet,level,1.0,ACTUAL,VNSTOCK_BRONZE
HPA,LATEST,balance_sheet,off_balance,0.0,ACTUAL,VNSTOCK_BRONZE
HPA,LATEST,balance_sheet,value,2195555217354.0,ACTUAL,VNSTOCK_BRONZE
HPA,LATEST,balance_sheet,order,27.0,ACTUAL,VNSTOCK_BRONZE
HPA,LATEST,balance_sheet,level,1.0,ACTUAL,VNSTOCK_BRONZE
HPA,LATEST,balance_sheet,off_balance,0.0,ACTUAL,VNSTOCK_BRONZE
HPA,LATEST,balance_sheet,value,51051271735.0,ACTUAL,VNSTOCK_BRONZE
HPA,LATEST,balance_sheet,order,28.0,ACTUAL,VNSTOCK_BRONZE
HPA,LATEST,balance_sheet,level,2.0,ACTUAL,VNSTOCK_BRONZE
HPA,LATEST,balance_sheet,off_balance,0.0,ACTUAL,VNSTOCK_BRONZE
HPA,LATEST,balance_sheet,value,0.0,ACTUAL,VNSTOCK_BRONZE
HPA,LATEST,balance_sheet,order,29.0,ACTUAL,VNSTOCK_BRONZE
HPA,LATEST,balance_sheet,level,2.0,ACTUAL,VNSTOCK_BRONZE
HPA,LATEST,balance_sheet,off_balance,0.0,ACTUAL,VNSTOCK_BRONZE
HPA,LATEST,balance_sheet,value,0.0,ACTUAL,VNSTOCK_BRONZE
HPA,LATEST,balance_sheet,order,30.0,ACTUAL,VNSTOCK_BRONZE
HPA,LATEST,balance_sheet,level,2.0,ACTUAL,VNSTOCK_BRONZE
HPA,LATEST,balance_sheet,off_balance,0.0,ACTUAL,VNSTOCK_BRONZE
HPA,LATEST,balance_sheet,value,0.0,ACTUAL,VNSTOCK_BRONZE
HPA,LATEST,balance_sheet,order,31.0,ACTUAL,VNSTOCK_BRONZE
HPA,LATEST,balance_sheet,level,2.0,ACTUAL,VNSTOCK_BRONZE
HPA,LATEST,balance_sheet,off_balance,0.0,ACTUAL,VNSTOCK_BRONZE
HPA,LATEST,balance_sheet,value,0.0,ACTUAL,VNSTOCK_BRONZE
HPA,LATEST,balance_sheet,order,32.0,ACTUAL,VNSTOCK_BRONZE
HPA,LATEST,balance_sheet,level,2.0,ACTUAL,VNSTOCK_BRONZE
HPA,LATEST,balance_sheet,off_balance,0.0,ACTUAL,VNSTOCK_BRONZE
HPA,LATEST,balance_sheet,value,51051271735.0,ACTUAL,VNSTOCK_BRONZE
HPA,LATEST,balance_sheet,order,33.0,ACTUAL,VNSTOCK_BRONZE
HPA,LATEST,balance_sheet,level,2.0,ACTUAL,VNSTOCK_BRONZE
HPA,LATEST,balance_sheet,off_balance,0.0,ACTUAL,VNSTOCK_BRONZE
HPA,LATEST,balance_sheet,value,-0.0,ACTUAL,VNSTOCK_BRONZE
HPA,LATEST,balance_sheet,order,34.0,ACTUAL,VNSTOCK_BRONZE
HPA,LATEST,balance_sheet,level,1.0,ACTUAL,VNSTOCK_BRONZE
HPA,LATEST,balance_sheet,off_balance,0.0,ACTUAL,VNSTOCK_BRONZE
HPA,LATEST,balance_sheet,value,1359681680775.0,ACTUAL,VNSTOCK_BRONZE
HPA,LATEST,balance_sheet,order,35.0,ACTUAL,VNSTOCK_BRONZE
HPA,LATEST,balance_sheet,level,2.0,ACTUAL,VNSTOCK_BRONZE
HPA,LATEST,balance_sheet,off_balance,0.0,ACTUAL,VNSTOCK_BRONZE
HPA,LATEST,balance_sheet,value,1345542580236.0,ACTUAL,VNSTOCK_BRONZE
HPA,LATEST,balance_sheet,order,36.0,ACTUAL,VNSTOCK_BRONZE
HPA,LATEST,balance_sheet,level,3.0,ACTUAL,VNSTOCK_BRONZE
HPA,LATEST,balance_sheet,off_balance,0.0,ACTUAL,VNSTOCK_BRONZE
HPA,LATEST,balance_sheet,value,4495120448539.0,ACTUAL,VNSTOCK_BRONZE
HPA,LATEST,balance_sheet,order,37.0,ACTUAL,VNSTOCK_BRONZE
HPA,LATEST,balance_sheet,level,3.0,ACTUAL,VNSTOCK_BRONZE
HPA,LATEST,balance_sheet,off_balance,0.0,ACTUAL,VNSTOCK_BRONZE
HPA,LATEST,balance_sheet,value,-3149577868303.0,ACTUAL,VNSTOCK_BRONZE
HPA,LATEST,balance_sheet,order,38.0,ACTUAL,VNSTOCK_BRONZE
HPA,LATEST,balance_sheet,level,2.0,ACTUAL,VNSTOCK_BRONZE
HPA,LATEST,balance_sheet,off_balance,0.0,ACTUAL,VNSTOCK_BRONZE
HPA,LATEST,balance_sheet,value,0.0,ACTUAL,VNSTOCK_BRONZE
HPA,LATEST,balance_sheet,order,39.0,ACTUAL,VNSTOCK_BRONZE
HPA,LATEST,balance_sheet,level,3.0,ACTUAL,VNSTOCK_BRONZE
HPA,LATEST,balance_sheet,off_balance,0.0,ACTUAL,VNSTOCK_BRONZE
HPA,LATEST,balance_sheet,value,0.0,ACTUAL,VNSTOCK_BRONZE
HPA,LATEST,balance_sheet,order,40.0,ACTUAL,VNSTOCK_BRONZE
HPA,LATEST,balance_sheet,level,3.0,ACTUAL,VNSTOCK_BRONZE
HPA,LATEST,balance_sheet,off_balance,0.0,ACTUAL,VNSTOCK_BRONZE
HPA,LATEST,balance_sheet,value,-0.0,ACTUAL,VNSTOCK_BRONZE
HPA,LATEST,balance_sheet,order,41.0,ACTUAL,VNSTOCK_BRONZE
HPA,LATEST,balance_sheet,level,2.0,ACTUAL,VNSTOCK_BRONZE
HPA,LATEST,balance_sheet,off_balance,0.0,ACTUAL,VNSTOCK_BRONZE
HPA,LATEST,balance_sheet,value,14139100539.0,ACTUAL,VNSTOCK_BRONZE
HPA,LATEST,balance_sheet,order,42.0,ACTUAL,VNSTOCK_BRONZE
HPA,LATEST,balance_sheet,level,3.0,ACTUAL,VNSTOCK_BRONZE
HPA,LATEST,balance_sheet,off_balance,0.0,ACTUAL,VNSTOCK_BRONZE
HPA,LATEST,balance_sheet,value,19468648539.0,ACTUAL,VNSTOCK_BRONZE
HPA,LATEST,balance_sheet,order,43.0,ACTUAL,VNSTOCK_BRONZE
HPA,LATEST,balance_sheet,level,3.0,ACTUAL,VNSTOCK_BRONZE
HPA,LATEST,balance_sheet,off_balance,0.0,ACTUAL,VNSTOCK_BRONZE
HPA,LATEST,balance_sheet,value,-5329548000.0,ACTUAL,VNSTOCK_BRONZE
HPA,LATEST,balance_sheet,order,44.0,ACTUAL,VNSTOCK_BRONZE
HPA,LATEST,balance_sheet,level,1.0,ACTUAL,VNSTOCK_BRONZE
HPA,LATEST,balance_sheet,off_balance,0.0,ACTUAL,VNSTOCK_BRONZE
HPA,LATEST,balance_sheet,value,0.0,ACTUAL,VNSTOCK_BRONZE
HPA,LATEST,balance_sheet,order,45.0,ACTUAL,VNSTOCK_BRONZE
HPA,LATEST,balance_sheet,level,2.0,ACTUAL,VNSTOCK_BRONZE
HPA,LATEST,balance_sheet,off_balance,0.0,ACTUAL,VNSTOCK_BRONZE
HPA,LATEST,balance_sheet,value,0.0,ACTUAL,VNSTOCK_BRONZE
HPA,LATEST,balance_sheet,order,46.0,ACTUAL,VNSTOCK_BRONZE
HPA,LATEST,balance_sheet,level,2.0,ACTUAL,VNSTOCK_BRONZE
HPA,LATEST,balance_sheet,off_balance,0.0,ACTUAL,VNSTOCK_BRONZE
HPA,LATEST,balance_sheet,value,-0.0,ACTUAL,VNSTOCK_BRONZE
HPA,LATEST,balance_sheet,order,47.0,ACTUAL,VNSTOCK_BRONZE
HPA,LATEST,balance_sheet,level,1.0,ACTUAL,VNSTOCK_BRONZE
HPA,LATEST,balance_sheet,off_balance,0.0,ACTUAL,VNSTOCK_BRONZE
HPA,LATEST,balance_sheet,value,299566829826.0,ACTUAL,VNSTOCK_BRONZE
HPA,LATEST,balance_sheet,order,48.0,ACTUAL,VNSTOCK_BRONZE
HPA,LATEST,balance_sheet,level,2.0,ACTUAL,VNSTOCK_BRONZE
HPA,LATEST,balance_sheet,off_balance,0.0,ACTUAL,VNSTOCK_BRONZE
HPA,LATEST,balance_sheet,value,0.0,ACTUAL,VNSTOCK_BRONZE
HPA,LATEST,balance_sheet,order,49.0,ACTUAL,VNSTOCK_BRONZE
HPA,LATEST,balance_sheet,level,2.0,ACTUAL,VNSTOCK_BRONZE
HPA,LATEST,balance_sheet,off_balance,0.0,ACTUAL,VNSTOCK_BRONZE
HPA,LATEST,balance_sheet,value,299566829826.0,ACTUAL,VNSTOCK_BRONZE
HPA,LATEST,balance_sheet,order,50.0,ACTUAL,VNSTOCK_BRONZE
HPA,LATEST,balance_sheet,level,1.0,ACTUAL,VNSTOCK_BRONZE
HPA,LATEST,balance_sheet,off_balance,0.0,ACTUAL,VNSTOCK_BRONZE
HPA,LATEST,balance_sheet,value,0.0,ACTUAL,VNSTOCK_BRONZE
HPA,LATEST,balance_sheet,order,51.0,ACTUAL,VNSTOCK_BRONZE
HPA,LATEST,balance_sheet,level,2.0,ACTUAL,VNSTOCK_BRONZE
HPA,LATEST,balance_sheet,off_balance,0.0,ACTUAL,VNSTOCK_BRONZE
HPA,LATEST,balance_sheet,value,0.0,ACTUAL,VNSTOCK_BRONZE
HPA,LATEST,balance_sheet,order,52.0,ACTUAL,VNSTOCK_BRONZE
HPA,LATEST,balance_sheet,level,2.0,ACTUAL,VNSTOCK_BRONZE
HPA,LATEST,balance_sheet,off_balance,0.0,ACTUAL,VNSTOCK_BRONZE
HPA,LATEST,balance_sheet,value,0.0,ACTUAL,VNSTOCK_BRONZE
HPA,LATEST,balance_sheet,order,53.0,ACTUAL,VNSTOCK_BRONZE
HPA,LATEST,balance_sheet,level,2.0,ACTUAL,VNSTOCK_BRONZE
HPA,LATEST,balance_sheet,off_balance,0.0,ACTUAL,VNSTOCK_BRONZE
HPA,LATEST,balance_sheet,value,0.0,ACTUAL,VNSTOCK_BRONZE
HPA,LATEST,balance_sheet,order,54.0,ACTUAL,VNSTOCK_BRONZE
HPA,LATEST,balance_sheet,level,2.0,ACTUAL,VNSTOCK_BRONZE
HPA,LATEST,balance_sheet,off_balance,0.0,ACTUAL,VNSTOCK_BRONZE
HPA,LATEST,balance_sheet,value,0.0,ACTUAL,VNSTOCK_BRONZE
HPA,LATEST,balance_sheet,order,55.0,ACTUAL,VNSTOCK_BRONZE
HPA,LATEST,balance_sheet,level,2.0,ACTUAL,VNSTOCK_BRONZE
HPA,LATEST,balance_sheet,off_balance,0.0,ACTUAL,VNSTOCK_BRONZE
HPA,LATEST,balance_sheet,value,0.0,ACTUAL,VNSTOCK_BRONZE
HPA,LATEST,balance_sheet,order,56.0,ACTUAL,VNSTOCK_BRONZE
HPA,LATEST,balance_sheet,level,1.0,ACTUAL,VNSTOCK_BRONZE
HPA,LATEST,balance_sheet,off_balance,0.0,ACTUAL,VNSTOCK_BRONZE
HPA,LATEST,balance_sheet,value,485255435018.0,ACTUAL,VNSTOCK_BRONZE
HPA,LATEST,balance_sheet,order,57.0,ACTUAL,VNSTOCK_BRONZE
HPA,LATEST,balance_sheet,level,2.0,ACTUAL,VNSTOCK_BRONZE
HPA,LATEST,balance_sheet,off_balance,0.0,ACTUAL,VNSTOCK_BRONZE
HPA,LATEST,balance_sheet,value,0.0,ACTUAL,VNSTOCK_BRONZE
HPA,LATEST,balance_sheet,order,58.0,ACTUAL,VNSTOCK_BRONZE
HPA,LATEST,balance_sheet,level,2.0,ACTUAL,VNSTOCK_BRONZE
HPA,LATEST,balance_sheet,off_balance,0.0,ACTUAL,VNSTOCK_BRONZE
HPA,LATEST,balance_sheet,value,465595509827.0,ACTUAL,VNSTOCK_BRONZE
HPA,LATEST,balance_sheet,order,59.0,ACTUAL,VNSTOCK_BRONZE
HPA,LATEST,balance_sheet,level,2.0,ACTUAL,VNSTOCK_BRONZE
HPA,LATEST,balance_sheet,off_balance,0.0,ACTUAL,VNSTOCK_BRONZE
HPA,LATEST,balance_sheet,value,19659925191.0,ACTUAL,VNSTOCK_BRONZE
HPA,LATEST,balance_sheet,order,60.0,ACTUAL,VNSTOCK_BRONZE
HPA,LATEST,balance_sheet,level,2.0,ACTUAL,VNSTOCK_BRONZE
HPA,LATEST,balance_sheet,off_balance,0.0,ACTUAL,VNSTOCK_BRONZE
HPA,LATEST,balance_sheet,value,0.0,ACTUAL,VNSTOCK_BRONZE
HPA,LATEST,balance_sheet,order,61.0,ACTUAL,VNSTOCK_BRONZE
HPA,LATEST,balance_sheet,level,2.0,ACTUAL,VNSTOCK_BRONZE
HPA,LATEST,balance_sheet,off_balance,0.0,ACTUAL,VNSTOCK_BRONZE
HPA,LATEST,balance_sheet,value,0.0,ACTUAL,VNSTOCK_BRONZE
HPA,LATEST,balance_sheet,order,62.0,ACTUAL,VNSTOCK_BRONZE
HPA,LATEST,balance_sheet,level,2.0,ACTUAL,VNSTOCK_BRONZE
HPA,LATEST,balance_sheet,off_balance,0.0,ACTUAL,VNSTOCK_BRONZE
HPA,LATEST,balance_sheet,value,0.0,ACTUAL,VNSTOCK_BRONZE
HPA,LATEST,balance_sheet,order,63.0,ACTUAL,VNSTOCK_BRONZE
HPA,LATEST,balance_sheet,level,1.0,ACTUAL,VNSTOCK_BRONZE
HPA,LATEST,balance_sheet,off_balance,0.0,ACTUAL,VNSTOCK_BRONZE
HPA,LATEST,balance_sheet,value,4947183299938.0,ACTUAL,VNSTOCK_BRONZE
HPA,LATEST,balance_sheet,order,64.0,ACTUAL,VNSTOCK_BRONZE
HPA,LATEST,balance_sheet,level,1.0,ACTUAL,VNSTOCK_BRONZE
HPA,LATEST,balance_sheet,off_balance,0.0,ACTUAL,VNSTOCK_BRONZE
HPA,LATEST,balance_sheet,value,1916106606901.0,ACTUAL,VNSTOCK_BRONZE
HPA,LATEST,balance_sheet,order,65.0,ACTUAL,VNSTOCK_BRONZE
HPA,LATEST,balance_sheet,level,1.0,ACTUAL,VNSTOCK_BRONZE
HPA,LATEST,balance_sheet,off_balance,0.0,ACTUAL,VNSTOCK_BRONZE
HPA,LATEST,balance_sheet,value,1896983329075.0,ACTUAL,VNSTOCK_BRONZE
HPA,LATEST,balance_sheet,order,66.0,ACTUAL,VNSTOCK_BRONZE
HPA,LATEST,balance_sheet,level,2.0,ACTUAL,VNSTOCK_BRONZE
HPA,LATEST,balance_sheet,off_balance,0.0,ACTUAL,VNSTOCK_BRONZE
HPA,LATEST,balance_sheet,value,0.0,ACTUAL,VNSTOCK_BRONZE
HPA,LATEST,balance_sheet,order,67.0,ACTUAL,VNSTOCK_BRONZE
HPA,LATEST,balance_sheet,level,2.0,ACTUAL,VNSTOCK_BRONZE
HPA,LATEST,balance_sheet,off_balance,0.0,ACTUAL,VNSTOCK_BRONZE
HPA,LATEST,balance_sheet,value,0.0,ACTUAL,VNSTOCK_BRONZE
HPA,LATEST,balance_sheet,order,68.0,ACTUAL,VNSTOCK_BRONZE
HPA,LATEST,balance_sheet,level,2.0,ACTUAL,VNSTOCK_BRONZE
HPA,LATEST,balance_sheet,off_balance,0.0,ACTUAL,VNSTOCK_BRONZE
HPA,LATEST,balance_sheet,value,0.0,ACTUAL,VNSTOCK_BRONZE
HPA,LATEST,balance_sheet,order,69.0,ACTUAL,VNSTOCK_BRONZE
HPA,LATEST,balance_sheet,level,2.0,ACTUAL,VNSTOCK_BRONZE
HPA,LATEST,balance_sheet,off_balance,0.0,ACTUAL,VNSTOCK_BRONZE
HPA,LATEST,balance_sheet,value,586392146822.0,ACTUAL,VNSTOCK_BRONZE
HPA,LATEST,balance_sheet,order,70.0,ACTUAL,VNSTOCK_BRONZE
HPA,LATEST,balance_sheet,level,2.0,ACTUAL,VNSTOCK_BRONZE
HPA,LATEST,balance_sheet,off_balance,0.0,ACTUAL,VNSTOCK_BRONZE
HPA,LATEST,balance_sheet,value,5688895044.0,ACTUAL,VNSTOCK_BRONZE
HPA,LATEST,balance_sheet,order,71.0,ACTUAL,VNSTOCK_BRONZE
HPA,LATEST,balance_sheet,level,2.0,ACTUAL,VNSTOCK_BRONZE
HPA,LATEST,balance_sheet,off_balance,0.0,ACTUAL,VNSTOCK_BRONZE
HPA,LATEST,balance_sheet,value,87901225328.0,ACTUAL,VNSTOCK_BRONZE
HPA,LATEST,balance_sheet,order,72.0,ACTUAL,VNSTOCK_BRONZE
HPA,LATEST,balance_sheet,level,2.0,ACTUAL,VNSTOCK_BRONZE
HPA,LATEST,balance_sheet,off_balance,0.0,ACTUAL,VNSTOCK_BRONZE
HPA,LATEST,balance_sheet,value,20206074347.0,ACTUAL,VNSTOCK_BRONZE
HPA,LATEST,balance_sheet,order,73.0,ACTUAL,VNSTOCK_BRONZE
HPA,LATEST,balance_sheet,level,2.0,ACTUAL,VNSTOCK_BRONZE
HPA,LATEST,balance_sheet,off_balance,0.0,ACTUAL,VNSTOCK_BRONZE
HPA,LATEST,balance_sheet,value,61624400879.0,ACTUAL,VNSTOCK_BRONZE
HPA,LATEST,balance_sheet,order,74.0,ACTUAL,VNSTOCK_BRONZE
HPA,LATEST,balance_sheet,level,2.0,ACTUAL,VNSTOCK_BRONZE
HPA,LATEST,balance_sheet,off_balance,0.0,ACTUAL,VNSTOCK_BRONZE
HPA,LATEST,balance_sheet,value,0.0,ACTUAL,VNSTOCK_BRONZE
HPA,LATEST,balance_sheet,order,75.0,ACTUAL,VNSTOCK_BRONZE
HPA,LATEST,balance_sheet,level,2.0,ACTUAL,VNSTOCK_BRONZE
HPA,LATEST,balance_sheet,off_balance,0.0,ACTUAL,VNSTOCK_BRONZE
HPA,LATEST,balance_sheet,value,0.0,ACTUAL,VNSTOCK_BRONZE
HPA,LATEST,balance_sheet,order,76.0,ACTUAL,VNSTOCK_BRONZE
HPA,LATEST,balance_sheet,level,2.0,ACTUAL,VNSTOCK_BRONZE
HPA,LATEST,balance_sheet,off_balance,0.0,ACTUAL,VNSTOCK_BRONZE
HPA,LATEST,balance_sheet,value,5759262871.0,ACTUAL,VNSTOCK_BRONZE
HPA,LATEST,balance_sheet,order,77.0,ACTUAL,VNSTOCK_BRONZE
HPA,LATEST,balance_sheet,level,2.0,ACTUAL,VNSTOCK_BRONZE
HPA,LATEST,balance_sheet,off_balance,0.0,ACTUAL,VNSTOCK_BRONZE
HPA,LATEST,balance_sheet,value,1096825710743.0,ACTUAL,VNSTOCK_BRONZE
HPA,LATEST,balance_sheet,order,78.0,ACTUAL,VNSTOCK_BRONZE
HPA,LATEST,balance_sheet,level,2.0,ACTUAL,VNSTOCK_BRONZE
HPA,LATEST,balance_sheet,off_balance,0.0,ACTUAL,VNSTOCK_BRONZE
HPA,LATEST,balance_sheet,value,0.0,ACTUAL,VNSTOCK_BRONZE
HPA,LATEST,balance_sheet,order,79.0,ACTUAL,VNSTOCK_BRONZE
HPA,LATEST,balance_sheet,level,2.0,ACTUAL,VNSTOCK_BRONZE
HPA,LATEST,balance_sheet,off_balance,0.0,ACTUAL,VNSTOCK_BRONZE
HPA,LATEST,balance_sheet,value,32585613041.0,ACTUAL,VNSTOCK_BRONZE
HPA,LATEST,balance_sheet,order,80.0,ACTUAL,VNSTOCK_BRONZE
HPA,LATEST,balance_sheet,level,2.0,ACTUAL,VNSTOCK_BRONZE
HPA,LATEST,balance_sheet,off_balance,0.0,ACTUAL,VNSTOCK_BRONZE
HPA,LATEST,balance_sheet,value,0.0,ACTUAL,VNSTOCK_BRONZE
HPA,LATEST,balance_sheet,order,81.0,ACTUAL,VNSTOCK_BRONZE
HPA,LATEST,balance_sheet,level,2.0,ACTUAL,VNSTOCK_BRONZE
HPA,LATEST,balance_sheet,off_balance,0.0,ACTUAL,VNSTOCK_BRONZE
HPA,LATEST,balance_sheet,value,0.0,ACTUAL,VNSTOCK_BRONZE
HPA,LATEST,balance_sheet,order,82.0,ACTUAL,VNSTOCK_BRONZE
HPA,LATEST,balance_sheet,level,1.0,ACTUAL,VNSTOCK_BRONZE
HPA,LATEST,balance_sheet,off_balance,0.0,ACTUAL,VNSTOCK_BRONZE
HPA,LATEST,balance_sheet,value,19123277826.0,ACTUAL,VNSTOCK_BRONZE
HPA,LATEST,balance_sheet,order,83.0,ACTUAL,VNSTOCK_BRONZE
HPA,LATEST,balance_sheet,level,2.0,ACTUAL,VNSTOCK_BRONZE
HPA,LATEST,balance_sheet,off_balance,0.0,ACTUAL,VNSTOCK_BRONZE
HPA,LATEST,balance_sheet,value,0.0,ACTUAL,VNSTOCK_BRONZE
HPA,LATEST,balance_sheet,order,84.0,ACTUAL,VNSTOCK_BRONZE
HPA,LATEST,balance_sheet,level,2.0,ACTUAL,VNSTOCK_BRONZE
HPA,LATEST,balance_sheet,off_balance,0.0,ACTUAL,VNSTOCK_BRONZE
HPA,LATEST,balance_sheet,order,85.0,ACTUAL,VNSTOCK_BRONZE
HPA,LATEST,balance_sheet,level,2.0,ACTUAL,VNSTOCK_BRONZE
HPA,LATEST,balance_sheet,off_balance,0.0,ACTUAL,VNSTOCK_BRONZE
HPA,LATEST,balance_sheet,value,0.0,ACTUAL,VNSTOCK_BRONZE
HPA,LATEST,balance_sheet,order,86.0,ACTUAL,VNSTOCK_BRONZE
HPA,LATEST,balance_sheet,level,2.0,ACTUAL,VNSTOCK_BRONZE
HPA,LATEST,balance_sheet,off_balance,0.0,ACTUAL,VNSTOCK_BRONZE
HPA,LATEST,balance_sheet,value,0.0,ACTUAL,VNSTOCK_BRONZE
HPA,LATEST,balance_sheet,order,87.0,ACTUAL,VNSTOCK_BRONZE
HPA,LATEST,balance_sheet,level,2.0,ACTUAL,VNSTOCK_BRONZE
HPA,LATEST,balance_sheet,off_balance,0.0,ACTUAL,VNSTOCK_BRONZE
HPA,LATEST,balance_sheet,value,0.0,ACTUAL,VNSTOCK_BRONZE
HPA,LATEST,balance_sheet,order,88.0,ACTUAL,VNSTOCK_BRONZE
HPA,LATEST,balance_sheet,level,2.0,ACTUAL,VNSTOCK_BRONZE
HPA,LATEST,balance_sheet,off_balance,0.0,ACTUAL,VNSTOCK_BRONZE
HPA,LATEST,balance_sheet,value,0.0,ACTUAL,VNSTOCK_BRONZE
HPA,LATEST,balance_sheet,order,89.0,ACTUAL,VNSTOCK_BRONZE
HPA,LATEST,balance_sheet,level,2.0,ACTUAL,VNSTOCK_BRONZE
HPA,LATEST,balance_sheet,off_balance,0.0,ACTUAL,VNSTOCK_BRONZE
HPA,LATEST,balance_sheet,value,0.0,ACTUAL,VNSTOCK_BRONZE
HPA,LATEST,balance_sheet,order,90.0,ACTUAL,VNSTOCK_BRONZE
HPA,LATEST,balance_sheet,level,2.0,ACTUAL,VNSTOCK_BRONZE
HPA,LATEST,balance_sheet,off_balance,0.0,ACTUAL,VNSTOCK_BRONZE
HPA,LATEST,balance_sheet,value,80000000.0,ACTUAL,VNSTOCK_BRONZE
HPA,LATEST,balance_sheet,order,91.0,ACTUAL,VNSTOCK_BRONZE
HPA,LATEST,balance_sheet,level,2.0,ACTUAL,VNSTOCK_BRONZE
HPA,LATEST,balance_sheet,off_balance,0.0,ACTUAL,VNSTOCK_BRONZE
HPA,LATEST,balance_sheet,value,19000000000.0,ACTUAL,VNSTOCK_BRONZE
HPA,LATEST,balance_sheet,order,92.0,ACTUAL,VNSTOCK_BRONZE
HPA,LATEST,balance_sheet,level,2.0,ACTUAL,VNSTOCK_BRONZE
HPA,LATEST,balance_sheet,off_balance,0.0,ACTUAL,VNSTOCK_BRONZE
HPA,LATEST,balance_sheet,value,0.0,ACTUAL,VNSTOCK_BRONZE
HPA,LATEST,balance_sheet,order,93.0,ACTUAL,VNSTOCK_BRONZE
HPA,LATEST,balance_sheet,level,2.0,ACTUAL,VNSTOCK_BRONZE
HPA,LATEST,balance_sheet,off_balance,0.0,ACTUAL,VNSTOCK_BRONZE
HPA,LATEST,balance_sheet,value,43277826.0,ACTUAL,VNSTOCK_BRONZE
HPA,LATEST,balance_sheet,order,94.0,ACTUAL,VNSTOCK_BRONZE
HPA,LATEST,balance_sheet,level,2.0,ACTUAL,VNSTOCK_BRONZE
HPA,LATEST,balance_sheet,off_balance,0.0,ACTUAL,VNSTOCK_BRONZE
HPA,LATEST,balance_sheet,value,0.0,ACTUAL,VNSTOCK_BRONZE
HPA,LATEST,balance_sheet,order,95.0,ACTUAL,VNSTOCK_BRONZE
HPA,LATEST,balance_sheet,level,2.0,ACTUAL,VNSTOCK_BRONZE
HPA,LATEST,balance_sheet,off_balance,0.0,ACTUAL,VNSTOCK_BRONZE
HPA,LATEST,balance_sheet,value,0.0,ACTUAL,VNSTOCK_BRONZE
HPA,LATEST,balance_sheet,order,96.0,ACTUAL,VNSTOCK_BRONZE
HPA,LATEST,balance_sheet,level,1.0,ACTUAL,VNSTOCK_BRONZE
HPA,LATEST,balance_sheet,off_balance,0.0,ACTUAL,VNSTOCK_BRONZE
HPA,LATEST,balance_sheet,value,3031076693037.0,ACTUAL,VNSTOCK_BRONZE
HPA,LATEST,balance_sheet,order,97.0,ACTUAL,VNSTOCK_BRONZE
HPA,LATEST,balance_sheet,level,1.0,ACTUAL,VNSTOCK_BRONZE
HPA,LATEST,balance_sheet,off_balance,0.0,ACTUAL,VNSTOCK_BRONZE
HPA,LATEST,balance_sheet,value,3031076693037.0,ACTUAL,VNSTOCK_BRONZE
HPA,LATEST,balance_sheet,order,98.0,ACTUAL,VNSTOCK_BRONZE
HPA,LATEST,balance_sheet,level,2.0,ACTUAL,VNSTOCK_BRONZE
HPA,LATEST,balance_sheet,off_balance,0.0,ACTUAL,VNSTOCK_BRONZE
HPA,LATEST,balance_sheet,value,0.0,ACTUAL,VNSTOCK_BRONZE
HPA,LATEST,balance_sheet,order,99.0,ACTUAL,VNSTOCK_BRONZE
HPA,LATEST,balance_sheet,level,2.0,ACTUAL,VNSTOCK_BRONZE
HPA,LATEST,balance_sheet,off_balance,0.0,ACTUAL,VNSTOCK_BRONZE
HPA,LATEST,balance_sheet,value,0.0,ACTUAL,VNSTOCK_BRONZE
HPA,LATEST,balance_sheet,order,100.0,ACTUAL,VNSTOCK_BRONZE
HPA,LATEST,balance_sheet,level,2.0,ACTUAL,VNSTOCK_BRONZE
HPA,LATEST,balance_sheet,off_balance,0.0,ACTUAL,VNSTOCK_BRONZE
HPA,LATEST,balance_sheet,value,0.0,ACTUAL,VNSTOCK_BRONZE
HPA,LATEST,balance_sheet,order,101.0,ACTUAL,VNSTOCK_BRONZE
HPA,LATEST,balance_sheet,level,2.0,ACTUAL,VNSTOCK_BRONZE
HPA,LATEST,balance_sheet,off_balance,0.0,ACTUAL,VNSTOCK_BRONZE
HPA,LATEST,balance_sheet,value,0.0,ACTUAL,VNSTOCK_BRONZE
HPA,LATEST,balance_sheet,order,102.0,ACTUAL,VNSTOCK_BRONZE
HPA,LATEST,balance_sheet,level,2.0,ACTUAL,VNSTOCK_BRONZE
HPA,LATEST,balance_sheet,off_balance,0.0,ACTUAL,VNSTOCK_BRONZE
HPA,LATEST,balance_sheet,value,2550000000000.0,ACTUAL,VNSTOCK_BRONZE
HPA,LATEST,balance_sheet,order,103.0,ACTUAL,VNSTOCK_BRONZE
HPA,LATEST,balance_sheet,level,3.0,ACTUAL,VNSTOCK_BRONZE
HPA,LATEST,balance_sheet,off_balance,0.0,ACTUAL,VNSTOCK_BRONZE
HPA,LATEST,balance_sheet,value,2550000000000.0,ACTUAL,VNSTOCK_BRONZE
HPA,LATEST,balance_sheet,order,104.0,ACTUAL,VNSTOCK_BRONZE
HPA,LATEST,balance_sheet,level,2.0,ACTUAL,VNSTOCK_BRONZE
HPA,LATEST,balance_sheet,off_balance,0.0,ACTUAL,VNSTOCK_BRONZE
HPA,LATEST,balance_sheet,value,0.0,ACTUAL,VNSTOCK_BRONZE
HPA,LATEST,balance_sheet,order,105.0,ACTUAL,VNSTOCK_BRONZE
HPA,LATEST,balance_sheet,level,2.0,ACTUAL,VNSTOCK_BRONZE
HPA,LATEST,balance_sheet,off_balance,0.0,ACTUAL,VNSTOCK_BRONZE
HPA,LATEST,balance_sheet,value,0.0,ACTUAL,VNSTOCK_BRONZE
HPA,LATEST,balance_sheet,order,106.0,ACTUAL,VNSTOCK_BRONZE
HPA,LATEST,balance_sheet,level,2.0,ACTUAL,VNSTOCK_BRONZE
HPA,LATEST,balance_sheet,off_balance,0.0,ACTUAL,VNSTOCK_BRONZE
HPA,LATEST,balance_sheet,value,0.0,ACTUAL,VNSTOCK_BRONZE
HPA,LATEST,balance_sheet,order,107.0,ACTUAL,VNSTOCK_BRONZE
HPA,LATEST,balance_sheet,level,2.0,ACTUAL,VNSTOCK_BRONZE
HPA,LATEST,balance_sheet,off_balance,0.0,ACTUAL,VNSTOCK_BRONZE
HPA,LATEST,balance_sheet,value,0.0,ACTUAL,VNSTOCK_BRONZE
HPA,LATEST,balance_sheet,order,108.0,ACTUAL,VNSTOCK_BRONZE
HPA,LATEST,balance_sheet,level,2.0,ACTUAL,VNSTOCK_BRONZE
HPA,LATEST,balance_sheet,off_balance,0.0,ACTUAL,VNSTOCK_BRONZE
HPA,LATEST,balance_sheet,value,0.0,ACTUAL,VNSTOCK_BRONZE
HPA,LATEST,balance_sheet,order,109.0,ACTUAL,VNSTOCK_BRONZE
HPA,LATEST,balance_sheet,level,2.0,ACTUAL,VNSTOCK_BRONZE
HPA,LATEST,balance_sheet,off_balance,0.0,ACTUAL,VNSTOCK_BRONZE
HPA,LATEST,balance_sheet,value,0.0,ACTUAL,VNSTOCK_BRONZE
HPA,LATEST,balance_sheet,order,110.0,ACTUAL,VNSTOCK_BRONZE
HPA,LATEST,balance_sheet,level,2.0,ACTUAL,VNSTOCK_BRONZE
HPA,LATEST,balance_sheet,off_balance,0.0,ACTUAL,VNSTOCK_BRONZE
HPA,LATEST,balance_sheet,value,0.0,ACTUAL,VNSTOCK_BRONZE
HPA,LATEST,balance_sheet,order,111.0,ACTUAL,VNSTOCK_BRONZE
HPA,LATEST,balance_sheet,level,2.0,ACTUAL,VNSTOCK_BRONZE
HPA,LATEST,balance_sheet,off_balance,0.0,ACTUAL,VNSTOCK_BRONZE
HPA,LATEST,balance_sheet,value,0.0,ACTUAL,VNSTOCK_BRONZE
HPA,LATEST,balance_sheet,order,112.0,ACTUAL,VNSTOCK_BRONZE
HPA,LATEST,balance_sheet,level,2.0,ACTUAL,VNSTOCK_BRONZE
HPA,LATEST,balance_sheet,off_balance,0.0,ACTUAL,VNSTOCK_BRONZE
HPA,LATEST,balance_sheet,value,481076693037.0,ACTUAL,VNSTOCK_BRONZE
HPA,LATEST,balance_sheet,order,113.0,ACTUAL,VNSTOCK_BRONZE
HPA,LATEST,balance_sheet,level,3.0,ACTUAL,VNSTOCK_BRONZE
HPA,LATEST,balance_sheet,off_balance,0.0,ACTUAL,VNSTOCK_BRONZE
HPA,LATEST,balance_sheet,value,459676390580.0,ACTUAL,VNSTOCK_BRONZE
HPA,LATEST,balance_sheet,order,114.0,ACTUAL,VNSTOCK_BRONZE
HPA,LATEST,balance_sheet,level,3.0,ACTUAL,VNSTOCK_BRONZE
HPA,LATEST,balance_sheet,off_balance,0.0,ACTUAL,VNSTOCK_BRONZE
HPA,LATEST,balance_sheet,value,21400302457.0,ACTUAL,VNSTOCK_BRONZE
HPA,LATEST,balance_sheet,order,115.0,ACTUAL,VNSTOCK_BRONZE
HPA,LATEST,balance_sheet,level,2.0,ACTUAL,VNSTOCK_BRONZE
HPA,LATEST,balance_sheet,off_balance,0.0,ACTUAL,VNSTOCK_BRONZE
HPA,LATEST,balance_sheet,value,0.0,ACTUAL,VNSTOCK_BRONZE
HPA,LATEST,balance_sheet,order,116.0,ACTUAL,VNSTOCK_BRONZE
HPA,LATEST,balance_sheet,level,1.0,ACTUAL,VNSTOCK_BRONZE
HPA,LATEST,balance_sheet,off_balance,0.0,ACTUAL,VNSTOCK_BRONZE
HPA,LATEST,balance_sheet,value,0.0,ACTUAL,VNSTOCK_BRONZE
HPA,LATEST,balance_sheet,order,117.0,ACTUAL,VNSTOCK_BRONZE
HPA,LATEST,balance_sheet,level,2.0,ACTUAL,VNSTOCK_BRONZE
HPA,LATEST,balance_sheet,off_balance,0.0,ACTUAL,VNSTOCK_BRONZE
HPA,LATEST,balance_sheet,value,0.0,ACTUAL,VNSTOCK_BRONZE
HPA,LATEST,balance_sheet,order,118.0,ACTUAL,VNSTOCK_BRONZE
HPA,LATEST,balance_sheet,level,1.0,ACTUAL,VNSTOCK_BRONZE
HPA,LATEST,balance_sheet,off_balance,0.0,ACTUAL,VNSTOCK_BRONZE
HPA,LATEST,balance_sheet,value,4947183299938.0,ACTUAL,VNSTOCK_BRONZE
HPA,LATEST,income_statement,order,1.0,ACTUAL,VNSTOCK_BRONZE
HPA,LATEST,income_statement,level,1.0,ACTUAL,VNSTOCK_BRONZE
HPA,LATEST,income_statement,value,1565939804571.0,ACTUAL,VNSTOCK_BRONZE
HPA,LATEST,income_statement,order,2.0,ACTUAL,VNSTOCK_BRONZE
HPA,LATEST,income_statement,level,1.0,ACTUAL,VNSTOCK_BRONZE
HPA,LATEST,income_statement,value,-43050929979.0,ACTUAL,VNSTOCK_BRONZE
HPA,LATEST,income_statement,order,3.0,ACTUAL,VNSTOCK_BRONZE
HPA,LATEST,income_statement,level,1.0,ACTUAL,VNSTOCK_BRONZE
HPA,LATEST,income_statement,value,1522888874592.0,ACTUAL,VNSTOCK_BRONZE
HPA,LATEST,income_statement,order,4.0,ACTUAL,VNSTOCK_BRONZE
HPA,LATEST,income_statement,level,1.0,ACTUAL,VNSTOCK_BRONZE
HPA,LATEST,income_statement,value,-1103049194970.0,ACTUAL,VNSTOCK_BRONZE
HPA,LATEST,income_statement,order,5.0,ACTUAL,VNSTOCK_BRONZE
HPA,LATEST,income_statement,level,1.0,ACTUAL,VNSTOCK_BRONZE
HPA,LATEST,income_statement,value,419839679622.0,ACTUAL,VNSTOCK_BRONZE
HPA,LATEST,income_statement,order,6.0,ACTUAL,VNSTOCK_BRONZE
HPA,LATEST,income_statement,level,1.0,ACTUAL,VNSTOCK_BRONZE
HPA,LATEST,income_statement,value,17955805210.0,ACTUAL,VNSTOCK_BRONZE
HPA,LATEST,income_statement,order,7.0,ACTUAL,VNSTOCK_BRONZE
HPA,LATEST,income_statement,level,1.0,ACTUAL,VNSTOCK_BRONZE
HPA,LATEST,income_statement,value,-8738209845.0,ACTUAL,VNSTOCK_BRONZE
HPA,LATEST,income_statement,order,8.0,ACTUAL,VNSTOCK_BRONZE
HPA,LATEST,income_statement,level,2.0,ACTUAL,VNSTOCK_BRONZE
HPA,LATEST,income_statement,value,-8487058586.0,ACTUAL,VNSTOCK_BRONZE
HPA,LATEST,income_statement,order,9.0,ACTUAL,VNSTOCK_BRONZE
HPA,LATEST,income_statement,level,1.0,ACTUAL,VNSTOCK_BRONZE
HPA,LATEST,income_statement,value,0.0,ACTUAL,VNSTOCK_BRONZE
HPA,LATEST,income_statement,order,10.0,ACTUAL,VNSTOCK_BRONZE
HPA,LATEST,income_statement,level,1.0,ACTUAL,VNSTOCK_BRONZE
HPA,LATEST,income_statement,value,-50774991770.0,ACTUAL,VNSTOCK_BRONZE
HPA,LATEST,income_statement,order,11.0,ACTUAL,VNSTOCK_BRONZE
HPA,LATEST,income_statement,level,1.0,ACTUAL,VNSTOCK_BRONZE
HPA,LATEST,income_statement,value,-44887209870.0,ACTUAL,VNSTOCK_BRONZE
HPA,LATEST,income_statement,order,12.0,ACTUAL,VNSTOCK_BRONZE
HPA,LATEST,income_statement,level,1.0,ACTUAL,VNSTOCK_BRONZE
HPA,LATEST,income_statement,value,333395073347.0,ACTUAL,VNSTOCK_BRONZE
HPA,LATEST,income_statement,order,13.0,ACTUAL,VNSTOCK_BRONZE
HPA,LATEST,income_statement,level,1.0,ACTUAL,VNSTOCK_BRONZE
HPA,LATEST,income_statement,value,3831378617.0,ACTUAL,VNSTOCK_BRONZE
HPA,LATEST,income_statement,order,14.0,ACTUAL,VNSTOCK_BRONZE
HPA,LATEST,income_statement,level,2.0,ACTUAL,VNSTOCK_BRONZE
HPA,LATEST,income_statement,value,4661736031.0,ACTUAL,VNSTOCK_BRONZE
HPA,LATEST,income_statement,order,15.0,ACTUAL,VNSTOCK_BRONZE
HPA,LATEST,income_statement,level,2.0,ACTUAL,VNSTOCK_BRONZE
HPA,LATEST,income_statement,value,-830357414.0,ACTUAL,VNSTOCK_BRONZE
HPA,LATEST,income_statement,order,16.0,ACTUAL,VNSTOCK_BRONZE
HPA,LATEST,income_statement,level,1.0,ACTUAL,VNSTOCK_BRONZE
HPA,LATEST,income_statement,value,0.0,ACTUAL,VNSTOCK_BRONZE
HPA,LATEST,income_statement,order,17.0,ACTUAL,VNSTOCK_BRONZE
HPA,LATEST,income_statement,level,1.0,ACTUAL,VNSTOCK_BRONZE
HPA,LATEST,income_statement,value,337226451964.0,ACTUAL,VNSTOCK_BRONZE
HPA,LATEST,income_statement,order,18.0,ACTUAL,VNSTOCK_BRONZE
HPA,LATEST,income_statement,level,1.0,ACTUAL,VNSTOCK_BRONZE
HPA,LATEST,income_statement,value,-34073608892.0,ACTUAL,VNSTOCK_BRONZE
HPA,LATEST,income_statement,order,19.0,ACTUAL,VNSTOCK_BRONZE
HPA,LATEST,income_statement,level,2.0,ACTUAL,VNSTOCK_BRONZE
HPA,LATEST,income_statement,value,-35767194610.0,ACTUAL,VNSTOCK_BRONZE
HPA,LATEST,income_statement,order,20.0,ACTUAL,VNSTOCK_BRONZE
HPA,LATEST,income_statement,level,2.0,ACTUAL,VNSTOCK_BRONZE
HPA,LATEST,income_statement,value,1693585718.0,ACTUAL,VNSTOCK_BRONZE
HPA,LATEST,income_statement,order,21.0,ACTUAL,VNSTOCK_BRONZE
HPA,LATEST,income_statement,level,1.0,ACTUAL,VNSTOCK_BRONZE
HPA,LATEST,income_statement,value,303152843072.0,ACTUAL,VNSTOCK_BRONZE
HPA,LATEST,income_statement,order,22.0,ACTUAL,VNSTOCK_BRONZE
HPA,LATEST,income_statement,level,1.0,ACTUAL,VNSTOCK_BRONZE
HPA,LATEST,income_statement,value,1129452919.0,ACTUAL,VNSTOCK_BRONZE
HPA,LATEST,income_statement,order,23.0,ACTUAL,VNSTOCK_BRONZE
HPA,LATEST,income_statement,level,1.0,ACTUAL,VNSTOCK_BRONZE
HPA,LATEST,income_statement,value,304282295991.0,ACTUAL,VNSTOCK_BRONZE
HPA,LATEST,income_statement,order,24.0,ACTUAL,VNSTOCK_BRONZE
HPA,LATEST,income_statement,level,1.0,ACTUAL,VNSTOCK_BRONZE
HPA,LATEST,income_statement,value,0.0,ACTUAL,VNSTOCK_BRONZE
HPA,LATEST,income_statement,order,25.0,ACTUAL,VNSTOCK_BRONZE
HPA,LATEST,income_statement,level,1.0,ACTUAL,VNSTOCK_BRONZE
HPA,LATEST,income_statement,value,0.0,ACTUAL,VNSTOCK_BRONZE
HPA,LATEST,income_statement,order,1.0,ACTUAL,VNSTOCK_BRONZE
HPA,LATEST,income_statement,level,1.0,ACTUAL,VNSTOCK_BRONZE
HPA,LATEST,income_statement,value,1813405103490.0,ACTUAL,VNSTOCK_BRONZE
HPA,LATEST,income_statement,order,2.0,ACTUAL,VNSTOCK_BRONZE
HPA,LATEST,income_statement,level,1.0,ACTUAL,VNSTOCK_BRONZE
HPA,LATEST,income_statement,value,-49648350703.0,ACTUAL,VNSTOCK_BRONZE
HPA,LATEST,income_statement,order,3.0,ACTUAL,VNSTOCK_BRONZE
HPA,LATEST,income_statement,level,1.0,ACTUAL,VNSTOCK_BRONZE
HPA,LATEST,income_statement,value,1763756752787.0,ACTUAL,VNSTOCK_BRONZE
HPA,LATEST,income_statement,order,4.0,ACTUAL,VNSTOCK_BRONZE
HPA,LATEST,income_statement,level,1.0,ACTUAL,VNSTOCK_BRONZE
HPA,LATEST,income_statement,value,-1310325916030.0,ACTUAL,VNSTOCK_BRONZE
HPA,LATEST,income_statement,order,5.0,ACTUAL,VNSTOCK_BRONZE
HPA,LATEST,income_statement,level,1.0,ACTUAL,VNSTOCK_BRONZE
HPA,LATEST,income_statement,value,453430836757.0,ACTUAL,VNSTOCK_BRONZE
HPA,LATEST,income_statement,order,6.0,ACTUAL,VNSTOCK_BRONZE
HPA,LATEST,income_statement,level,1.0,ACTUAL,VNSTOCK_BRONZE
HPA,LATEST,income_statement,value,21365056074.0,ACTUAL,VNSTOCK_BRONZE
HPA,LATEST,income_statement,order,7.0,ACTUAL,VNSTOCK_BRONZE
HPA,LATEST,income_statement,level,1.0,ACTUAL,VNSTOCK_BRONZE
HPA,LATEST,income_statement,value,-9479876517.0,ACTUAL,VNSTOCK_BRONZE
HPA,LATEST,income_statement,order,8.0,ACTUAL,VNSTOCK_BRONZE
HPA,LATEST,income_statement,level,2.0,ACTUAL,VNSTOCK_BRONZE
HPA,LATEST,income_statement,value,-9457370363.0,ACTUAL,VNSTOCK_BRONZE
HPA,LATEST,income_statement,order,9.0,ACTUAL,VNSTOCK_BRONZE
HPA,LATEST,income_statement,level,1.0,ACTUAL,VNSTOCK_BRONZE
HPA,LATEST,income_statement,value,0.0,ACTUAL,VNSTOCK_BRONZE
HPA,LATEST,income_statement,order,10.0,ACTUAL,VNSTOCK_BRONZE
HPA,LATEST,income_statement,level,1.0,ACTUAL,VNSTOCK_BRONZE
HPA,LATEST,income_statement,value,-49272420217.0,ACTUAL,VNSTOCK_BRONZE
HPA,LATEST,income_statement,order,11.0,ACTUAL,VNSTOCK_BRONZE
HPA,LATEST,income_statement,level,1.0,ACTUAL,VNSTOCK_BRONZE
HPA,LATEST,income_statement,value,-44272113626.0,ACTUAL,VNSTOCK_BRONZE
HPA,LATEST,income_statement,order,12.0,ACTUAL,VNSTOCK_BRONZE
HPA,LATEST,income_statement,level,1.0,ACTUAL,VNSTOCK_BRONZE
HPA,LATEST,income_statement,value,371771482471.0,ACTUAL,VNSTOCK_BRONZE
HPA,LATEST,income_statement,order,13.0,ACTUAL,VNSTOCK_BRONZE
HPA,LATEST,income_statement,level,1.0,ACTUAL,VNSTOCK_BRONZE
HPA,LATEST,income_statement,value,4102919469.0,ACTUAL,VNSTOCK_BRONZE
HPA,LATEST,income_statement,order,14.0,ACTUAL,VNSTOCK_BRONZE
HPA,LATEST,income_statement,level,2.0,ACTUAL,VNSTOCK_BRONZE
HPA,LATEST,income_statement,value,4905084355.0,ACTUAL,VNSTOCK_BRONZE
HPA,LATEST,income_statement,order,15.0,ACTUAL,VNSTOCK_BRONZE
HPA,LATEST,income_statement,level,2.0,ACTUAL,VNSTOCK_BRONZE
HPA,LATEST,income_statement,value,-802164886.0,ACTUAL,VNSTOCK_BRONZE
HPA,LATEST,income_statement,order,16.0,ACTUAL,VNSTOCK_BRONZE
HPA,LATEST,income_statement,level,1.0,ACTUAL,VNSTOCK_BRONZE
HPA,LATEST,income_statement,value,0.0,ACTUAL,VNSTOCK_BRONZE
HPA,LATEST,income_statement,order,17.0,ACTUAL,VNSTOCK_BRONZE
HPA,LATEST,income_statement,level,1.0,ACTUAL,VNSTOCK_BRONZE
HPA,LATEST,income_statement,value,375874401940.0,ACTUAL,VNSTOCK_BRONZE
HPA,LATEST,income_statement,order,18.0,ACTUAL,VNSTOCK_BRONZE
HPA,LATEST,income_statement,level,1.0,ACTUAL,VNSTOCK_BRONZE
HPA,LATEST,income_statement,value,-30808681231.0,ACTUAL,VNSTOCK_BRONZE
HPA,LATEST,income_statement,order,19.0,ACTUAL,VNSTOCK_BRONZE
HPA,LATEST,income_statement,level,2.0,ACTUAL,VNSTOCK_BRONZE
HPA,LATEST,income_statement,value,-32149327251.0,ACTUAL,VNSTOCK_BRONZE
HPA,LATEST,income_statement,order,20.0,ACTUAL,VNSTOCK_BRONZE
HPA,LATEST,income_statement,level,2.0,ACTUAL,VNSTOCK_BRONZE
HPA,LATEST,income_statement,value,1340646020.0,ACTUAL,VNSTOCK_BRONZE
HPA,LATEST,income_statement,order,21.0,ACTUAL,VNSTOCK_BRONZE
HPA,LATEST,income_statement,level,1.0,ACTUAL,VNSTOCK_BRONZE
HPA,LATEST,income_statement,value,345065720709.0,ACTUAL,VNSTOCK_BRONZE
HPA,LATEST,income_statement,order,22.0,ACTUAL,VNSTOCK_BRONZE
HPA,LATEST,income_statement,level,1.0,ACTUAL,VNSTOCK_BRONZE
HPA,LATEST,income_statement,value,7993213004.0,ACTUAL,VNSTOCK_BRONZE
HPA,LATEST,income_statement,order,23.0,ACTUAL,VNSTOCK_BRONZE
HPA,LATEST,income_statement,level,1.0,ACTUAL,VNSTOCK_BRONZE
HPA,LATEST,income_statement,value,337072507705.0,ACTUAL,VNSTOCK_BRONZE
HPA,LATEST,income_statement,order,24.0,ACTUAL,VNSTOCK_BRONZE
HPA,LATEST,income_statement,level,1.0,ACTUAL,VNSTOCK_BRONZE
HPA,LATEST,income_statement,value,0.0,ACTUAL,VNSTOCK_BRONZE
HPA,LATEST,income_statement,order,25.0,ACTUAL,VNSTOCK_BRONZE
HPA,LATEST,income_statement,level,1.0,ACTUAL,VNSTOCK_BRONZE
HPA,LATEST,income_statement,value,0.0,ACTUAL,VNSTOCK_BRONZE
HPA,LATEST,income_statement,order,1.0,ACTUAL,VNSTOCK_BRONZE
HPA,LATEST,income_statement,level,1.0,ACTUAL,VNSTOCK_BRONZE
HPA,LATEST,income_statement,value,1917161273071.0,ACTUAL,VNSTOCK_BRONZE
HPA,LATEST,income_statement,order,2.0,ACTUAL,VNSTOCK_BRONZE
HPA,LATEST,income_statement,level,1.0,ACTUAL,VNSTOCK_BRONZE
HPA,LATEST,income_statement,value,-60290437233.0,ACTUAL,VNSTOCK_BRONZE
HPA,LATEST,income_statement,order,3.0,ACTUAL,VNSTOCK_BRONZE
HPA,LATEST,income_statement,level,1.0,ACTUAL,VNSTOCK_BRONZE
HPA,LATEST,income_statement,value,1856870835838.0,ACTUAL,VNSTOCK_BRONZE
HPA,LATEST,income_statement,order,4.0,ACTUAL,VNSTOCK_BRONZE
HPA,LATEST,income_statement,level,1.0,ACTUAL,VNSTOCK_BRONZE
HPA,LATEST,income_statement,value,-1415539775804.0,ACTUAL,VNSTOCK_BRONZE
HPA,LATEST,income_statement,order,5.0,ACTUAL,VNSTOCK_BRONZE
HPA,LATEST,income_statement,level,1.0,ACTUAL,VNSTOCK_BRONZE
HPA,LATEST,income_statement,value,441331060034.0,ACTUAL,VNSTOCK_BRONZE
HPA,LATEST,income_statement,order,6.0,ACTUAL,VNSTOCK_BRONZE
HPA,LATEST,income_statement,level,1.0,ACTUAL,VNSTOCK_BRONZE
HPA,LATEST,income_statement,value,11626735131.0,ACTUAL,VNSTOCK_BRONZE
HPA,LATEST,income_statement,order,7.0,ACTUAL,VNSTOCK_BRONZE
HPA,LATEST,income_statement,level,1.0,ACTUAL,VNSTOCK_BRONZE
HPA,LATEST,income_statement,value,-18573246311.0,ACTUAL,VNSTOCK_BRONZE
HPA,LATEST,income_statement,order,8.0,ACTUAL,VNSTOCK_BRONZE
HPA,LATEST,income_statement,level,2.0,ACTUAL,VNSTOCK_BRONZE
HPA,LATEST,income_statement,value,-14537779946.0,ACTUAL,VNSTOCK_BRONZE
HPA,LATEST,income_statement,order,9.0,ACTUAL,VNSTOCK_BRONZE
HPA,LATEST,income_statement,level,1.0,ACTUAL,VNSTOCK_BRONZE
HPA,LATEST,income_statement,value,0.0,ACTUAL,VNSTOCK_BRONZE
HPA,LATEST,income_statement,order,10.0,ACTUAL,VNSTOCK_BRONZE
HPA,LATEST,income_statement,level,1.0,ACTUAL,VNSTOCK_BRONZE
HPA,LATEST,income_statement,value,-46753121878.0,ACTUAL,VNSTOCK_BRONZE
HPA,LATEST,income_statement,order,11.0,ACTUAL,VNSTOCK_BRONZE
HPA,LATEST,income_statement,level,1.0,ACTUAL,VNSTOCK_BRONZE
HPA,LATEST,income_statement,value,-50078775277.0,ACTUAL,VNSTOCK_BRONZE
HPA,LATEST,income_statement,order,12.0,ACTUAL,VNSTOCK_BRONZE
HPA,LATEST,income_statement,level,1.0,ACTUAL,VNSTOCK_BRONZE
HPA,LATEST,income_statement,value,337552651699.0,ACTUAL,VNSTOCK_BRONZE
HPA,LATEST,income_statement,order,13.0,ACTUAL,VNSTOCK_BRONZE
HPA,LATEST,income_statement,level,1.0,ACTUAL,VNSTOCK_BRONZE
HPA,LATEST,income_statement,value,2222733559.0,ACTUAL,VNSTOCK_BRONZE
HPA,LATEST,income_statement,order,14.0,ACTUAL,VNSTOCK_BRONZE
HPA,LATEST,income_statement,level,2.0,ACTUAL,VNSTOCK_BRONZE
HPA,LATEST,income_statement,value,3417145420.0,ACTUAL,VNSTOCK_BRONZE
HPA,LATEST,income_statement,order,15.0,ACTUAL,VNSTOCK_BRONZE
HPA,LATEST,income_statement,level,2.0,ACTUAL,VNSTOCK_BRONZE
HPA,LATEST,income_statement,value,-1194411861.0,ACTUAL,VNSTOCK_BRONZE
HPA,LATEST,income_statement,order,16.0,ACTUAL,VNSTOCK_BRONZE
HPA,LATEST,income_statement,level,1.0,ACTUAL,VNSTOCK_BRONZE
HPA,LATEST,income_statement,value,0.0,ACTUAL,VNSTOCK_BRONZE
HPA,LATEST,income_statement,order,17.0,ACTUAL,VNSTOCK_BRONZE
HPA,LATEST,income_statement,level,1.0,ACTUAL,VNSTOCK_BRONZE
HPA,LATEST,income_statement,value,339775385258.0,ACTUAL,VNSTOCK_BRONZE
HPA,LATEST,income_statement,order,18.0,ACTUAL,VNSTOCK_BRONZE
HPA,LATEST,income_statement,level,1.0,ACTUAL,VNSTOCK_BRONZE
HPA,LATEST,income_statement,value,-36772570422.0,ACTUAL,VNSTOCK_BRONZE
HPA,LATEST,income_statement,order,19.0,ACTUAL,VNSTOCK_BRONZE
HPA,LATEST,income_statement,level,2.0,ACTUAL,VNSTOCK_BRONZE
HPA,LATEST,income_statement,value,-31102368887.0,ACTUAL,VNSTOCK_BRONZE
HPA,LATEST,income_statement,order,20.0,ACTUAL,VNSTOCK_BRONZE
HPA,LATEST,income_statement,level,2.0,ACTUAL,VNSTOCK_BRONZE
HPA,LATEST,income_statement,value,-5670201535.0,ACTUAL,VNSTOCK_BRONZE
HPA,LATEST,income_statement,order,21.0,ACTUAL,VNSTOCK_BRONZE
HPA,LATEST,income_statement,level,1.0,ACTUAL,VNSTOCK_BRONZE
HPA,LATEST,income_statement,value,303002814836.0,ACTUAL,VNSTOCK_BRONZE
HPA,LATEST,income_statement,order,22.0,ACTUAL,VNSTOCK_BRONZE
HPA,LATEST,income_statement,level,1.0,ACTUAL,VNSTOCK_BRONZE
HPA,LATEST,income_statement,value,1116016664.0,ACTUAL,VNSTOCK_BRONZE
HPA,LATEST,income_statement,order,23.0,ACTUAL,VNSTOCK_BRONZE
HPA,LATEST,income_statement,level,1.0,ACTUAL,VNSTOCK_BRONZE
HPA,LATEST,income_statement,value,301886798172.0,ACTUAL,VNSTOCK_BRONZE
HPA,LATEST,income_statement,order,24.0,ACTUAL,VNSTOCK_BRONZE
HPA,LATEST,income_statement,level,1.0,ACTUAL,VNSTOCK_BRONZE
HPA,LATEST,income_statement,value,5848.0,ACTUAL,VNSTOCK_BRONZE
HPA,LATEST,income_statement,order,25.0,ACTUAL,VNSTOCK_BRONZE
HPA,LATEST,income_statement,level,1.0,ACTUAL,VNSTOCK_BRONZE
HPA,LATEST,income_statement,value,0.0,ACTUAL,VNSTOCK_BRONZE
HPA,LATEST,income_statement,order,1.0,ACTUAL,VNSTOCK_BRONZE
HPA,LATEST,income_statement,level,1.0,ACTUAL,VNSTOCK_BRONZE
HPA,LATEST,income_statement,value,2084030511205.0,ACTUAL,VNSTOCK_BRONZE
HPA,LATEST,income_statement,order,2.0,ACTUAL,VNSTOCK_BRONZE
HPA,LATEST,income_statement,level,1.0,ACTUAL,VNSTOCK_BRONZE
HPA,LATEST,income_statement,value,-52920150157.0,ACTUAL,VNSTOCK_BRONZE
HPA,LATEST,income_statement,order,3.0,ACTUAL,VNSTOCK_BRONZE
HPA,LATEST,income_statement,level,1.0,ACTUAL,VNSTOCK_BRONZE
HPA,LATEST,income_statement,value,2031110361048.0,ACTUAL,VNSTOCK_BRONZE
HPA,LATEST,income_statement,order,4.0,ACTUAL,VNSTOCK_BRONZE
HPA,LATEST,income_statement,level,1.0,ACTUAL,VNSTOCK_BRONZE
HPA,LATEST,income_statement,value,-1547448500603.0,ACTUAL,VNSTOCK_BRONZE
HPA,LATEST,income_statement,order,5.0,ACTUAL,VNSTOCK_BRONZE
HPA,LATEST,income_statement,level,1.0,ACTUAL,VNSTOCK_BRONZE
HPA,LATEST,income_statement,value,483661860445.0,ACTUAL,VNSTOCK_BRONZE
HPA,LATEST,income_statement,order,6.0,ACTUAL,VNSTOCK_BRONZE
HPA,LATEST,income_statement,level,1.0,ACTUAL,VNSTOCK_BRONZE
HPA,LATEST,income_statement,value,14321156701.0,ACTUAL,VNSTOCK_BRONZE
HPA,LATEST,income_statement,order,7.0,ACTUAL,VNSTOCK_BRONZE
HPA,LATEST,income_statement,level,1.0,ACTUAL,VNSTOCK_BRONZE
HPA,LATEST,income_statement,value,-22178273821.0,ACTUAL,VNSTOCK_BRONZE
HPA,LATEST,income_statement,order,8.0,ACTUAL,VNSTOCK_BRONZE
HPA,LATEST,income_statement,level,2.0,ACTUAL,VNSTOCK_BRONZE
HPA,LATEST,income_statement,value,-21007857578.0,ACTUAL,VNSTOCK_BRONZE
HPA,LATEST,income_statement,order,9.0,ACTUAL,VNSTOCK_BRONZE
HPA,LATEST,income_statement,level,1.0,ACTUAL,VNSTOCK_BRONZE
HPA,LATEST,income_statement,value,0.0,ACTUAL,VNSTOCK_BRONZE
HPA,LATEST,income_statement,order,10.0,ACTUAL,VNSTOCK_BRONZE
HPA,LATEST,income_statement,level,1.0,ACTUAL,VNSTOCK_BRONZE
HPA,LATEST,income_statement,value,-48983075838.0,ACTUAL,VNSTOCK_BRONZE
HPA,LATEST,income_statement,order,11.0,ACTUAL,VNSTOCK_BRONZE
HPA,LATEST,income_statement,level,1.0,ACTUAL,VNSTOCK_BRONZE
HPA,LATEST,income_statement,value,-40994867825.0,ACTUAL,VNSTOCK_BRONZE
HPA,LATEST,income_statement,order,12.0,ACTUAL,VNSTOCK_BRONZE
HPA,LATEST,income_statement,level,1.0,ACTUAL,VNSTOCK_BRONZE
HPA,LATEST,income_statement,value,385826799662.0,ACTUAL,VNSTOCK_BRONZE
HPA,LATEST,income_statement,order,13.0,ACTUAL,VNSTOCK_BRONZE
HPA,LATEST,income_statement,level,1.0,ACTUAL,VNSTOCK_BRONZE
HPA,LATEST,income_statement,value,1471104968.0,ACTUAL,VNSTOCK_BRONZE
HPA,LATEST,income_statement,order,14.0,ACTUAL,VNSTOCK_BRONZE
HPA,LATEST,income_statement,level,2.0,ACTUAL,VNSTOCK_BRONZE
HPA,LATEST,income_statement,value,1520031759.0,ACTUAL,VNSTOCK_BRONZE
HPA,LATEST,income_statement,order,15.0,ACTUAL,VNSTOCK_BRONZE
HPA,LATEST,income_statement,level,2.0,ACTUAL,VNSTOCK_BRONZE
HPA,LATEST,income_statement,value,-48926791.0,ACTUAL,VNSTOCK_BRONZE
HPA,LATEST,income_statement,order,16.0,ACTUAL,VNSTOCK_BRONZE
HPA,LATEST,income_statement,level,1.0,ACTUAL,VNSTOCK_BRONZE
HPA,LATEST,income_statement,value,0.0,ACTUAL,VNSTOCK_BRONZE
HPA,LATEST,income_statement,order,17.0,ACTUAL,VNSTOCK_BRONZE
HPA,LATEST,income_statement,level,1.0,ACTUAL,VNSTOCK_BRONZE
HPA,LATEST,income_statement,value,387297904630.0,ACTUAL,VNSTOCK_BRONZE
HPA,LATEST,income_statement,order,18.0,ACTUAL,VNSTOCK_BRONZE
HPA,LATEST,income_statement,level,1.0,ACTUAL,VNSTOCK_BRONZE
HPA,LATEST,income_statement,value,-29297173132.0,ACTUAL,VNSTOCK_BRONZE
HPA,LATEST,income_statement,order,19.0,ACTUAL,VNSTOCK_BRONZE
HPA,LATEST,income_statement,level,2.0,ACTUAL,VNSTOCK_BRONZE
HPA,LATEST,income_statement,value,-27349987723.0,ACTUAL,VNSTOCK_BRONZE
HPA,LATEST,income_statement,order,20.0,ACTUAL,VNSTOCK_BRONZE
HPA,LATEST,income_statement,level,2.0,ACTUAL,VNSTOCK_BRONZE
HPA,LATEST,income_statement,value,-1947185409.0,ACTUAL,VNSTOCK_BRONZE
HPA,LATEST,income_statement,order,21.0,ACTUAL,VNSTOCK_BRONZE
HPA,LATEST,income_statement,level,1.0,ACTUAL,VNSTOCK_BRONZE
HPA,LATEST,income_statement,value,358000731498.0,ACTUAL,VNSTOCK_BRONZE
HPA,LATEST,income_statement,order,22.0,ACTUAL,VNSTOCK_BRONZE
HPA,LATEST,income_statement,level,1.0,ACTUAL,VNSTOCK_BRONZE
HPA,LATEST,income_statement,value,374040326.0,ACTUAL,VNSTOCK_BRONZE
HPA,LATEST,income_statement,order,23.0,ACTUAL,VNSTOCK_BRONZE
HPA,LATEST,income_statement,level,1.0,ACTUAL,VNSTOCK_BRONZE
HPA,LATEST,income_statement,value,358374771824.0,ACTUAL,VNSTOCK_BRONZE
HPA,LATEST,income_statement,order,24.0,ACTUAL,VNSTOCK_BRONZE
HPA,LATEST,income_statement,level,1.0,ACTUAL,VNSTOCK_BRONZE
HPA,LATEST,income_statement,value,0.0,ACTUAL,VNSTOCK_BRONZE
HPA,LATEST,income_statement,order,25.0,ACTUAL,VNSTOCK_BRONZE
HPA,LATEST,income_statement,level,1.0,ACTUAL,VNSTOCK_BRONZE
HPA,LATEST,income_statement,value,0.0,ACTUAL,VNSTOCK_BRONZE
HPA,LATEST,income_statement,order,1.0,ACTUAL,VNSTOCK_BRONZE
HPA,LATEST,income_statement,level,1.0,ACTUAL,VNSTOCK_BRONZE
HPA,LATEST,income_statement,value,2291364357710.0,ACTUAL,VNSTOCK_BRONZE
HPA,LATEST,income_statement,order,2.0,ACTUAL,VNSTOCK_BRONZE
HPA,LATEST,income_statement,level,1.0,ACTUAL,VNSTOCK_BRONZE
HPA,LATEST,income_statement,value,-50856722847.0,ACTUAL,VNSTOCK_BRONZE
HPA,LATEST,income_statement,order,3.0,ACTUAL,VNSTOCK_BRONZE
HPA,LATEST,income_statement,level,1.0,ACTUAL,VNSTOCK_BRONZE
HPA,LATEST,income_statement,value,2240507634863.0,ACTUAL,VNSTOCK_BRONZE
HPA,LATEST,income_statement,order,4.0,ACTUAL,VNSTOCK_BRONZE
HPA,LATEST,income_statement,level,1.0,ACTUAL,VNSTOCK_BRONZE
HPA,LATEST,income_statement,value,-1569060507793.0,ACTUAL,VNSTOCK_BRONZE
HPA,LATEST,income_statement,order,5.0,ACTUAL,VNSTOCK_BRONZE
HPA,LATEST,income_statement,level,1.0,ACTUAL,VNSTOCK_BRONZE
HPA,LATEST,income_statement,value,671447127070.0,ACTUAL,VNSTOCK_BRONZE
HPA,LATEST,income_statement,order,6.0,ACTUAL,VNSTOCK_BRONZE
HPA,LATEST,income_statement,level,1.0,ACTUAL,VNSTOCK_BRONZE
HPA,LATEST,income_statement,value,17649861590.0,ACTUAL,VNSTOCK_BRONZE
HPA,LATEST,income_statement,order,7.0,ACTUAL,VNSTOCK_BRONZE
HPA,LATEST,income_statement,level,1.0,ACTUAL,VNSTOCK_BRONZE
HPA,LATEST,income_statement,value,-21283989593.0,ACTUAL,VNSTOCK_BRONZE
HPA,LATEST,income_statement,order,8.0,ACTUAL,VNSTOCK_BRONZE
HPA,LATEST,income_statement,level,2.0,ACTUAL,VNSTOCK_BRONZE
HPA,LATEST,income_statement,value,-12925056181.0,ACTUAL,VNSTOCK_BRONZE
HPA,LATEST,income_statement,order,9.0,ACTUAL,VNSTOCK_BRONZE
HPA,LATEST,income_statement,level,1.0,ACTUAL,VNSTOCK_BRONZE
HPA,LATEST,income_statement,value,0.0,ACTUAL,VNSTOCK_BRONZE
HPA,LATEST,income_statement,order,10.0,ACTUAL,VNSTOCK_BRONZE
HPA,LATEST,income_statement,level,1.0,ACTUAL,VNSTOCK_BRONZE
HPA,LATEST,income_statement,value,-49902121534.0,ACTUAL,VNSTOCK_BRONZE
HPA,LATEST,income_statement,order,11.0,ACTUAL,VNSTOCK_BRONZE
HPA,LATEST,income_statement,level,1.0,ACTUAL,VNSTOCK_BRONZE
HPA,LATEST,income_statement,value,-40338238696.0,ACTUAL,VNSTOCK_BRONZE
HPA,LATEST,income_statement,order,12.0,ACTUAL,VNSTOCK_BRONZE
HPA,LATEST,income_statement,level,1.0,ACTUAL,VNSTOCK_BRONZE
HPA,LATEST,income_statement,value,577572638837.0,ACTUAL,VNSTOCK_BRONZE
HPA,LATEST,income_statement,order,13.0,ACTUAL,VNSTOCK_BRONZE
HPA,LATEST,income_statement,level,1.0,ACTUAL,VNSTOCK_BRONZE
HPA,LATEST,income_statement,value,396503471.0,ACTUAL,VNSTOCK_BRONZE
HPA,LATEST,income_statement,order,14.0,ACTUAL,VNSTOCK_BRONZE
HPA,LATEST,income_statement,level,2.0,ACTUAL,VNSTOCK_BRONZE
HPA,LATEST,income_statement,value,941714043.0,ACTUAL,VNSTOCK_BRONZE
HPA,LATEST,income_statement,order,15.0,ACTUAL,VNSTOCK_BRONZE
HPA,LATEST,income_statement,level,2.0,ACTUAL,VNSTOCK_BRONZE
HPA,LATEST,income_statement,value,-545210572.0,ACTUAL,VNSTOCK_BRONZE
HPA,LATEST,income_statement,order,16.0,ACTUAL,VNSTOCK_BRONZE
HPA,LATEST,income_statement,level,1.0,ACTUAL,VNSTOCK_BRONZE
HPA,LATEST,income_statement,value,0.0,ACTUAL,VNSTOCK_BRONZE
HPA,LATEST,income_statement,order,17.0,ACTUAL,VNSTOCK_BRONZE
HPA,LATEST,income_statement,level,1.0,ACTUAL,VNSTOCK_BRONZE
HPA,LATEST,income_statement,value,577969142308.0,ACTUAL,VNSTOCK_BRONZE
HPA,LATEST,income_statement,order,18.0,ACTUAL,VNSTOCK_BRONZE
HPA,LATEST,income_statement,level,1.0,ACTUAL,VNSTOCK_BRONZE
HPA,LATEST,income_statement,value,-45542935257.0,ACTUAL,VNSTOCK_BRONZE
HPA,LATEST,income_statement,order,19.0,ACTUAL,VNSTOCK_BRONZE
HPA,LATEST,income_statement,level,2.0,ACTUAL,VNSTOCK_BRONZE
HPA,LATEST,income_statement,value,-43777680499.0,ACTUAL,VNSTOCK_BRONZE
HPA,LATEST,income_statement,order,20.0,ACTUAL,VNSTOCK_BRONZE
HPA,LATEST,income_statement,level,2.0,ACTUAL,VNSTOCK_BRONZE
HPA,LATEST,income_statement,value,-1765254758.0,ACTUAL,VNSTOCK_BRONZE
HPA,LATEST,income_statement,order,21.0,ACTUAL,VNSTOCK_BRONZE
HPA,LATEST,income_statement,level,1.0,ACTUAL,VNSTOCK_BRONZE
HPA,LATEST,income_statement,value,532426207051.0,ACTUAL,VNSTOCK_BRONZE
HPA,LATEST,income_statement,order,22.0,ACTUAL,VNSTOCK_BRONZE
HPA,LATEST,income_statement,level,1.0,ACTUAL,VNSTOCK_BRONZE
HPA,LATEST,income_statement,value,458893470.0,ACTUAL,VNSTOCK_BRONZE
HPA,LATEST,income_statement,order,23.0,ACTUAL,VNSTOCK_BRONZE
HPA,LATEST,income_statement,level,1.0,ACTUAL,VNSTOCK_BRONZE
HPA,LATEST,income_statement,value,531967313581.0,ACTUAL,VNSTOCK_BRONZE
HPA,LATEST,income_statement,order,24.0,ACTUAL,VNSTOCK_BRONZE
HPA,LATEST,income_statement,level,1.0,ACTUAL,VNSTOCK_BRONZE
HPA,LATEST,income_statement,value,0.0,ACTUAL,VNSTOCK_BRONZE
HPA,LATEST,income_statement,order,25.0,ACTUAL,VNSTOCK_BRONZE
HPA,LATEST,income_statement,level,1.0,ACTUAL,VNSTOCK_BRONZE
HPA,LATEST,income_statement,value,0.0,ACTUAL,VNSTOCK_BRONZE
HPA,LATEST,income_statement,order,1.0,ACTUAL,VNSTOCK_BRONZE
HPA,LATEST,income_statement,level,1.0,ACTUAL,VNSTOCK_BRONZE
HPA,LATEST,income_statement,value,2033626807325.0,ACTUAL,VNSTOCK_BRONZE
HPA,LATEST,income_statement,order,2.0,ACTUAL,VNSTOCK_BRONZE
HPA,LATEST,income_statement,level,1.0,ACTUAL,VNSTOCK_BRONZE
HPA,LATEST,income_statement,value,-46109224338.0,ACTUAL,VNSTOCK_BRONZE
HPA,LATEST,income_statement,order,3.0,ACTUAL,VNSTOCK_BRONZE
HPA,LATEST,income_statement,level,1.0,ACTUAL,VNSTOCK_BRONZE
HPA,LATEST,income_statement,value,1987517582987.0,ACTUAL,VNSTOCK_BRONZE
HPA,LATEST,income_statement,order,4.0,ACTUAL,VNSTOCK_BRONZE
HPA,LATEST,income_statement,level,1.0,ACTUAL,VNSTOCK_BRONZE
HPA,LATEST,income_statement,value,-1452818660144.0,ACTUAL,VNSTOCK_BRONZE
HPA,LATEST,income_statement,order,5.0,ACTUAL,VNSTOCK_BRONZE
HPA,LATEST,income_statement,level,1.0,ACTUAL,VNSTOCK_BRONZE
HPA,LATEST,income_statement,value,534698922843.0,ACTUAL,VNSTOCK_BRONZE
HPA,LATEST,income_statement,order,6.0,ACTUAL,VNSTOCK_BRONZE
HPA,LATEST,income_statement,level,1.0,ACTUAL,VNSTOCK_BRONZE
HPA,LATEST,income_statement,value,9841604834.0,ACTUAL,VNSTOCK_BRONZE
HPA,LATEST,income_statement,order,7.0,ACTUAL,VNSTOCK_BRONZE
HPA,LATEST,income_statement,level,1.0,ACTUAL,VNSTOCK_BRONZE
HPA,LATEST,income_statement,value,-13361654023.0,ACTUAL,VNSTOCK_BRONZE
HPA,LATEST,income_statement,order,8.0,ACTUAL,VNSTOCK_BRONZE
HPA,LATEST,income_statement,level,2.0,ACTUAL,VNSTOCK_BRONZE
HPA,LATEST,income_statement,value,-11741310448.0,ACTUAL,VNSTOCK_BRONZE
HPA,LATEST,income_statement,order,9.0,ACTUAL,VNSTOCK_BRONZE
HPA,LATEST,income_statement,level,1.0,ACTUAL,VNSTOCK_BRONZE
HPA,LATEST,income_statement,value,0.0,ACTUAL,VNSTOCK_BRONZE
HPA,LATEST,income_statement,order,10.0,ACTUAL,VNSTOCK_BRONZE
HPA,LATEST,income_statement,level,1.0,ACTUAL,VNSTOCK_BRONZE
HPA,LATEST,income_statement,value,-48053224037.0,ACTUAL,VNSTOCK_BRONZE
HPA,LATEST,income_statement,order,11.0,ACTUAL,VNSTOCK_BRONZE
HPA,LATEST,income_statement,level,1.0,ACTUAL,VNSTOCK_BRONZE
HPA,LATEST,income_statement,value,-36714771236.0,ACTUAL,VNSTOCK_BRONZE
HPA,LATEST,income_statement,order,12.0,ACTUAL,VNSTOCK_BRONZE
HPA,LATEST,income_statement,level,1.0,ACTUAL,VNSTOCK_BRONZE
HPA,LATEST,income_statement,value,446410878381.0,ACTUAL,VNSTOCK_BRONZE
HPA,LATEST,income_statement,order,13.0,ACTUAL,VNSTOCK_BRONZE
HPA,LATEST,income_statement,level,1.0,ACTUAL,VNSTOCK_BRONZE
HPA,LATEST,income_statement,value,422366259.0,ACTUAL,VNSTOCK_BRONZE
HPA,LATEST,income_statement,order,14.0,ACTUAL,VNSTOCK_BRONZE
HPA,LATEST,income_statement,level,2.0,ACTUAL,VNSTOCK_BRONZE
HPA,LATEST,income_statement,value,620680001.0,ACTUAL,VNSTOCK_BRONZE
HPA,LATEST,income_statement,order,15.0,ACTUAL,VNSTOCK_BRONZE
HPA,LATEST,income_statement,level,2.0,ACTUAL,VNSTOCK_BRONZE
HPA,LATEST,income_statement,value,-198313742.0,ACTUAL,VNSTOCK_BRONZE
HPA,LATEST,income_statement,order,16.0,ACTUAL,VNSTOCK_BRONZE
HPA,LATEST,income_statement,level,1.0,ACTUAL,VNSTOCK_BRONZE
HPA,LATEST,income_statement,value,0.0,ACTUAL,VNSTOCK_BRONZE
HPA,LATEST,income_statement,order,17.0,ACTUAL,VNSTOCK_BRONZE
HPA,LATEST,income_statement,level,1.0,ACTUAL,VNSTOCK_BRONZE
HPA,LATEST,income_statement,value,446833244640.0,ACTUAL,VNSTOCK_BRONZE
HPA,LATEST,income_statement,order,18.0,ACTUAL,VNSTOCK_BRONZE
HPA,LATEST,income_statement,level,1.0,ACTUAL,VNSTOCK_BRONZE
HPA,LATEST,income_statement,value,-40012007256.0,ACTUAL,VNSTOCK_BRONZE
HPA,LATEST,income_statement,order,19.0,ACTUAL,VNSTOCK_BRONZE
HPA,LATEST,income_statement,level,2.0,ACTUAL,VNSTOCK_BRONZE
HPA,LATEST,income_statement,value,-43129412549.0,ACTUAL,VNSTOCK_BRONZE
HPA,LATEST,income_statement,order,20.0,ACTUAL,VNSTOCK_BRONZE
HPA,LATEST,income_statement,level,2.0,ACTUAL,VNSTOCK_BRONZE
HPA,LATEST,income_statement,value,3117405293.0,ACTUAL,VNSTOCK_BRONZE
HPA,LATEST,income_statement,order,21.0,ACTUAL,VNSTOCK_BRONZE
HPA,LATEST,income_statement,level,1.0,ACTUAL,VNSTOCK_BRONZE
HPA,LATEST,income_statement,value,406821237384.0,ACTUAL,VNSTOCK_BRONZE
HPA,LATEST,income_statement,order,22.0,ACTUAL,VNSTOCK_BRONZE
HPA,LATEST,income_statement,level,1.0,ACTUAL,VNSTOCK_BRONZE
HPA,LATEST,income_statement,value,2208314495.0,ACTUAL,VNSTOCK_BRONZE
HPA,LATEST,income_statement,order,23.0,ACTUAL,VNSTOCK_BRONZE
HPA,LATEST,income_statement,level,1.0,ACTUAL,VNSTOCK_BRONZE
HPA,LATEST,income_statement,value,404612922889.0,ACTUAL,VNSTOCK_BRONZE
HPA,LATEST,income_statement,order,24.0,ACTUAL,VNSTOCK_BRONZE
HPA,LATEST,income_statement,level,1.0,ACTUAL,VNSTOCK_BRONZE
HPA,LATEST,income_statement,value,0.0,ACTUAL,VNSTOCK_BRONZE
HPA,LATEST,income_statement,order,25.0,ACTUAL,VNSTOCK_BRONZE
HPA,LATEST,income_statement,level,1.0,ACTUAL,VNSTOCK_BRONZE
HPA,LATEST,income_statement,value,0.0,ACTUAL,VNSTOCK_BRONZE
HPA,LATEST,cash_flow,order,1.0,ACTUAL,VNSTOCK_BRONZE
HPA,LATEST,cash_flow,level,1.0,ACTUAL,VNSTOCK_BRONZE
HPA,LATEST,cash_flow,value,271965892118.0,ACTUAL,VNSTOCK_BRONZE
HPA,LATEST,cash_flow,order,2.0,ACTUAL,VNSTOCK_BRONZE
HPA,LATEST,cash_flow,level,2.0,ACTUAL,VNSTOCK_BRONZE
HPA,LATEST,cash_flow,value,337226451964.0,ACTUAL,VNSTOCK_BRONZE
HPA,LATEST,cash_flow,order,3.0,ACTUAL,VNSTOCK_BRONZE
HPA,LATEST,cash_flow,level,2.0,ACTUAL,VNSTOCK_BRONZE
HPA,LATEST,cash_flow,value,80066740629.0,ACTUAL,VNSTOCK_BRONZE
HPA,LATEST,cash_flow,order,4.0,ACTUAL,VNSTOCK_BRONZE
HPA,LATEST,cash_flow,level,2.0,ACTUAL,VNSTOCK_BRONZE
HPA,LATEST,cash_flow,value,4378543665.0,ACTUAL,VNSTOCK_BRONZE
HPA,LATEST,cash_flow,order,5.0,ACTUAL,VNSTOCK_BRONZE
HPA,LATEST,cash_flow,level,2.0,ACTUAL,VNSTOCK_BRONZE
HPA,LATEST,cash_flow,value,207442211.0,ACTUAL,VNSTOCK_BRONZE
HPA,LATEST,cash_flow,order,6.0,ACTUAL,VNSTOCK_BRONZE
HPA,LATEST,cash_flow,level,2.0,ACTUAL,VNSTOCK_BRONZE
HPA,LATEST,cash_flow,value,0.0,ACTUAL,VNSTOCK_BRONZE
HPA,LATEST,cash_flow,order,7.0,ACTUAL,VNSTOCK_BRONZE
HPA,LATEST,cash_flow,level,2.0,ACTUAL,VNSTOCK_BRONZE
HPA,LATEST,cash_flow,value,-9263700073.0,ACTUAL,VNSTOCK_BRONZE
HPA,LATEST,cash_flow,order,8.0,ACTUAL,VNSTOCK_BRONZE
HPA,LATEST,cash_flow,level,2.0,ACTUAL,VNSTOCK_BRONZE
HPA,LATEST,cash_flow,value,8487058586.0,ACTUAL,VNSTOCK_BRONZE
HPA,LATEST,cash_flow,order,9.0,ACTUAL,VNSTOCK_BRONZE
HPA,LATEST,cash_flow,level,2.0,ACTUAL,VNSTOCK_BRONZE
HPA,LATEST,cash_flow,value,0.0,ACTUAL,VNSTOCK_BRONZE
HPA,LATEST,cash_flow,order,10.0,ACTUAL,VNSTOCK_BRONZE
HPA,LATEST,cash_flow,level,2.0,ACTUAL,VNSTOCK_BRONZE
HPA,LATEST,cash_flow,value,0.0,ACTUAL,VNSTOCK_BRONZE
HPA,LATEST,cash_flow,order,11.0,ACTUAL,VNSTOCK_BRONZE
HPA,LATEST,cash_flow,level,2.0,ACTUAL,VNSTOCK_BRONZE
HPA,LATEST,cash_flow,value,0.0,ACTUAL,VNSTOCK_BRONZE
HPA,LATEST,cash_flow,order,12.0,ACTUAL,VNSTOCK_BRONZE
HPA,LATEST,cash_flow,level,2.0,ACTUAL,VNSTOCK_BRONZE
HPA,LATEST,cash_flow,value,0.0,ACTUAL,VNSTOCK_BRONZE
HPA,LATEST,cash_flow,order,13.0,ACTUAL,VNSTOCK_BRONZE
HPA,LATEST,cash_flow,level,2.0,ACTUAL,VNSTOCK_BRONZE
HPA,LATEST,cash_flow,value,421102536982.0,ACTUAL,VNSTOCK_BRONZE
HPA,LATEST,cash_flow,order,14.0,ACTUAL,VNSTOCK_BRONZE
HPA,LATEST,cash_flow,level,2.0,ACTUAL,VNSTOCK_BRONZE
HPA,LATEST,cash_flow,order,15.0,ACTUAL,VNSTOCK_BRONZE
HPA,LATEST,cash_flow,level,2.0,ACTUAL,VNSTOCK_BRONZE
HPA,LATEST,cash_flow,order,16.0,ACTUAL,VNSTOCK_BRONZE
HPA,LATEST,cash_flow,level,2.0,ACTUAL,VNSTOCK_BRONZE
HPA,LATEST,cash_flow,order,17.0,ACTUAL,VNSTOCK_BRONZE
HPA,LATEST,cash_flow,level,2.0,ACTUAL,VNSTOCK_BRONZE
HPA,LATEST,cash_flow,order,18.0,ACTUAL,VNSTOCK_BRONZE
HPA,LATEST,cash_flow,level,2.0,ACTUAL,VNSTOCK_BRONZE
HPA,LATEST,cash_flow,order,19.0,ACTUAL,VNSTOCK_BRONZE
HPA,LATEST,cash_flow,level,2.0,ACTUAL,VNSTOCK_BRONZE
HPA,LATEST,cash_flow,order,20.0,ACTUAL,VNSTOCK_BRONZE
HPA,LATEST,cash_flow,level,2.0,ACTUAL,VNSTOCK_BRONZE
HPA,LATEST,cash_flow,order,21.0,ACTUAL,VNSTOCK_BRONZE
HPA,LATEST,cash_flow,level,2.0,ACTUAL,VNSTOCK_BRONZE
HPA,LATEST,cash_flow,order,22.0,ACTUAL,VNSTOCK_BRONZE
HPA,LATEST,cash_flow,level,2.0,ACTUAL,VNSTOCK_BRONZE
HPA,LATEST,cash_flow,order,23.0,ACTUAL,VNSTOCK_BRONZE
HPA,LATEST,cash_flow,level,2.0,ACTUAL,VNSTOCK_BRONZE
HPA,LATEST,cash_flow,order,24.0,ACTUAL,VNSTOCK_BRONZE
HPA,LATEST,cash_flow,level,2.0,ACTUAL,VNSTOCK_BRONZE
HPA,LATEST,cash_flow,value,-17114003402.0,ACTUAL,VNSTOCK_BRONZE
HPA,LATEST,cash_flow,order,25.0,ACTUAL,VNSTOCK_BRONZE
HPA,LATEST,cash_flow,level,2.0,ACTUAL,VNSTOCK_BRONZE
HPA,LATEST,cash_flow,value,-159570476104.0,ACTUAL,VNSTOCK_BRONZE
HPA,LATEST,cash_flow,order,26.0,ACTUAL,VNSTOCK_BRONZE
HPA,LATEST,cash_flow,level,2.0,ACTUAL,VNSTOCK_BRONZE
HPA,LATEST,cash_flow,value,45276453133.0,ACTUAL,VNSTOCK_BRONZE
HPA,LATEST,cash_flow,order,27.0,ACTUAL,VNSTOCK_BRONZE
HPA,LATEST,cash_flow,level,2.0,ACTUAL,VNSTOCK_BRONZE
HPA,LATEST,cash_flow,value,-6128363090.0,ACTUAL,VNSTOCK_BRONZE
HPA,LATEST,cash_flow,order,28.0,ACTUAL,VNSTOCK_BRONZE
HPA,LATEST,cash_flow,level,2.0,ACTUAL,VNSTOCK_BRONZE
HPA,LATEST,cash_flow,value,-5743363619.0,ACTUAL,VNSTOCK_BRONZE
HPA,LATEST,cash_flow,order,29.0,ACTUAL,VNSTOCK_BRONZE
HPA,LATEST,cash_flow,level,2.0,ACTUAL,VNSTOCK_BRONZE
HPA,LATEST,cash_flow,order,30.0,ACTUAL,VNSTOCK_BRONZE
HPA,LATEST,cash_flow,level,2.0,ACTUAL,VNSTOCK_BRONZE
HPA,LATEST,cash_flow,value,0.0,ACTUAL,VNSTOCK_BRONZE
HPA,LATEST,cash_flow,order,31.0,ACTUAL,VNSTOCK_BRONZE
HPA,LATEST,cash_flow,level,2.0,ACTUAL,VNSTOCK_BRONZE
HPA,LATEST,cash_flow,value,-856891782.0,ACTUAL,VNSTOCK_BRONZE
HPA,LATEST,cash_flow,order,32.0,ACTUAL,VNSTOCK_BRONZE
HPA,LATEST,cash_flow,level,1.0,ACTUAL,VNSTOCK_BRONZE
HPA,LATEST,cash_flow,value,-247172401606.0,ACTUAL,VNSTOCK_BRONZE
HPA,LATEST,cash_flow,order,33.0,ACTUAL,VNSTOCK_BRONZE
HPA,LATEST,cash_flow,level,2.0,ACTUAL,VNSTOCK_BRONZE
HPA,LATEST,cash_flow,value,-70351958396.0,ACTUAL,VNSTOCK_BRONZE
HPA,LATEST,cash_flow,order,34.0,ACTUAL,VNSTOCK_BRONZE
HPA,LATEST,cash_flow,level,2.0,ACTUAL,VNSTOCK_BRONZE
HPA,LATEST,cash_flow,value,1835226631.0,ACTUAL,VNSTOCK_BRONZE
HPA,LATEST,cash_flow,order,35.0,ACTUAL,VNSTOCK_BRONZE
HPA,LATEST,cash_flow,level,2.0,ACTUAL,VNSTOCK_BRONZE
HPA,LATEST,cash_flow,value,-1463523165633.0,ACTUAL,VNSTOCK_BRONZE
HPA,LATEST,cash_flow,order,36.0,ACTUAL,VNSTOCK_BRONZE
HPA,LATEST,cash_flow,level,2.0,ACTUAL,VNSTOCK_BRONZE
HPA,LATEST,cash_flow,value,1271853165633.0,ACTUAL,VNSTOCK_BRONZE
HPA,LATEST,cash_flow,order,37.0,ACTUAL,VNSTOCK_BRONZE
HPA,LATEST,cash_flow,level,2.0,ACTUAL,VNSTOCK_BRONZE
HPA,LATEST,cash_flow,value,0.0,ACTUAL,VNSTOCK_BRONZE
HPA,LATEST,cash_flow,order,38.0,ACTUAL,VNSTOCK_BRONZE
HPA,LATEST,cash_flow,level,2.0,ACTUAL,VNSTOCK_BRONZE
HPA,LATEST,cash_flow,value,0.0,ACTUAL,VNSTOCK_BRONZE
HPA,LATEST,cash_flow,order,39.0,ACTUAL,VNSTOCK_BRONZE
HPA,LATEST,cash_flow,level,2.0,ACTUAL,VNSTOCK_BRONZE
HPA,LATEST,cash_flow,value,13014330159.0,ACTUAL,VNSTOCK_BRONZE
HPA,LATEST,cash_flow,order,40.0,ACTUAL,VNSTOCK_BRONZE
HPA,LATEST,cash_flow,level,1.0,ACTUAL,VNSTOCK_BRONZE
HPA,LATEST,cash_flow,order,41.0,ACTUAL,VNSTOCK_BRONZE
HPA,LATEST,cash_flow,level,2.0,ACTUAL,VNSTOCK_BRONZE
HPA,LATEST,cash_flow,value,30000000.0,ACTUAL,VNSTOCK_BRONZE
HPA,LATEST,cash_flow,order,42.0,ACTUAL,VNSTOCK_BRONZE
HPA,LATEST,cash_flow,level,2.0,ACTUAL,VNSTOCK_BRONZE
HPA,LATEST,cash_flow,value,-19947091.0,ACTUAL,VNSTOCK_BRONZE
HPA,LATEST,cash_flow,order,43.0,ACTUAL,VNSTOCK_BRONZE
HPA,LATEST,cash_flow,level,2.0,ACTUAL,VNSTOCK_BRONZE
HPA,LATEST,cash_flow,value,146679434604.0,ACTUAL,VNSTOCK_BRONZE
HPA,LATEST,cash_flow,order,44.0,ACTUAL,VNSTOCK_BRONZE
HPA,LATEST,cash_flow,level,2.0,ACTUAL,VNSTOCK_BRONZE
HPA,LATEST,cash_flow,value,-162981449061.0,ACTUAL,VNSTOCK_BRONZE
HPA,LATEST,cash_flow,order,45.0,ACTUAL,VNSTOCK_BRONZE
HPA,LATEST,cash_flow,level,2.0,ACTUAL,VNSTOCK_BRONZE
HPA,LATEST,cash_flow,value,0.0,ACTUAL,VNSTOCK_BRONZE
HPA,LATEST,cash_flow,order,46.0,ACTUAL,VNSTOCK_BRONZE
HPA,LATEST,cash_flow,level,2.0,ACTUAL,VNSTOCK_BRONZE
HPA,LATEST,cash_flow,value,-598497793789.0,ACTUAL,VNSTOCK_BRONZE
HPA,LATEST,cash_flow,order,47.0,ACTUAL,VNSTOCK_BRONZE
HPA,LATEST,cash_flow,level,2.0,ACTUAL,VNSTOCK_BRONZE
HPA,LATEST,cash_flow,value,166168058070.0,ACTUAL,VNSTOCK_BRONZE
HPA,LATEST,cash_flow,order,48.0,ACTUAL,VNSTOCK_BRONZE
HPA,LATEST,cash_flow,level,1.0,ACTUAL,VNSTOCK_BRONZE
HPA,LATEST,cash_flow,order,49.0,ACTUAL,VNSTOCK_BRONZE
HPA,LATEST,cash_flow,level,1.0,ACTUAL,VNSTOCK_BRONZE
HPA,LATEST,cash_flow,order,50.0,ACTUAL,VNSTOCK_BRONZE
HPA,LATEST,cash_flow,level,1.0,ACTUAL,VNSTOCK_BRONZE
HPA,LATEST,cash_flow,order,51.0,ACTUAL,VNSTOCK_BRONZE
HPA,LATEST,cash_flow,level,1.0,ACTUAL,VNSTOCK_BRONZE
HPA,LATEST,cash_flow,value,780957813407.0,ACTUAL,VNSTOCK_BRONZE
HPA,LATEST,cash_flow,order,1.0,ACTUAL,VNSTOCK_BRONZE
HPA,LATEST,cash_flow,level,1.0,ACTUAL,VNSTOCK_BRONZE
HPA,LATEST,cash_flow,value,548212459343.0,ACTUAL,VNSTOCK_BRONZE
HPA,LATEST,cash_flow,order,2.0,ACTUAL,VNSTOCK_BRONZE
HPA,LATEST,cash_flow,level,2.0,ACTUAL,VNSTOCK_BRONZE
HPA,LATEST,cash_flow,value,375874401940.0,ACTUAL,VNSTOCK_BRONZE
HPA,LATEST,cash_flow,order,3.0,ACTUAL,VNSTOCK_BRONZE
HPA,LATEST,cash_flow,level,2.0,ACTUAL,VNSTOCK_BRONZE
HPA,LATEST,cash_flow,value,86017559424.0,ACTUAL,VNSTOCK_BRONZE
HPA,LATEST,cash_flow,order,4.0,ACTUAL,VNSTOCK_BRONZE
HPA,LATEST,cash_flow,level,2.0,ACTUAL,VNSTOCK_BRONZE
HPA,LATEST,cash_flow,value,-137853329.0,ACTUAL,VNSTOCK_BRONZE
HPA,LATEST,cash_flow,order,5.0,ACTUAL,VNSTOCK_BRONZE
HPA,LATEST,cash_flow,level,2.0,ACTUAL,VNSTOCK_BRONZE
HPA,LATEST,cash_flow,value,-563529.0,ACTUAL,VNSTOCK_BRONZE
HPA,LATEST,cash_flow,order,6.0,ACTUAL,VNSTOCK_BRONZE
HPA,LATEST,cash_flow,level,2.0,ACTUAL,VNSTOCK_BRONZE
HPA,LATEST,cash_flow,value,0.0,ACTUAL,VNSTOCK_BRONZE
HPA,LATEST,cash_flow,order,7.0,ACTUAL,VNSTOCK_BRONZE
HPA,LATEST,cash_flow,level,2.0,ACTUAL,VNSTOCK_BRONZE
HPA,LATEST,cash_flow,value,-17666159570.0,ACTUAL,VNSTOCK_BRONZE
HPA,LATEST,cash_flow,order,8.0,ACTUAL,VNSTOCK_BRONZE
HPA,LATEST,cash_flow,level,2.0,ACTUAL,VNSTOCK_BRONZE
HPA,LATEST,cash_flow,value,9457370363.0,ACTUAL,VNSTOCK_BRONZE
HPA,LATEST,cash_flow,order,9.0,ACTUAL,VNSTOCK_BRONZE
HPA,LATEST,cash_flow,level,2.0,ACTUAL,VNSTOCK_BRONZE
HPA,LATEST,cash_flow,value,0.0,ACTUAL,VNSTOCK_BRONZE
HPA,LATEST,cash_flow,order,10.0,ACTUAL,VNSTOCK_BRONZE
HPA,LATEST,cash_flow,level,2.0,ACTUAL,VNSTOCK_BRONZE
HPA,LATEST,cash_flow,value,0.0,ACTUAL,VNSTOCK_BRONZE
HPA,LATEST,cash_flow,order,11.0,ACTUAL,VNSTOCK_BRONZE
HPA,LATEST,cash_flow,level,2.0,ACTUAL,VNSTOCK_BRONZE
HPA,LATEST,cash_flow,value,0.0,ACTUAL,VNSTOCK_BRONZE
HPA,LATEST,cash_flow,order,12.0,ACTUAL,VNSTOCK_BRONZE
HPA,LATEST,cash_flow,level,2.0,ACTUAL,VNSTOCK_BRONZE
HPA,LATEST,cash_flow,value,0.0,ACTUAL,VNSTOCK_BRONZE
HPA,LATEST,cash_flow,order,13.0,ACTUAL,VNSTOCK_BRONZE
HPA,LATEST,cash_flow,level,2.0,ACTUAL,VNSTOCK_BRONZE
HPA,LATEST,cash_flow,value,453544755299.0,ACTUAL,VNSTOCK_BRONZE
HPA,LATEST,cash_flow,order,14.0,ACTUAL,VNSTOCK_BRONZE
HPA,LATEST,cash_flow,level,2.0,ACTUAL,VNSTOCK_BRONZE
HPA,LATEST,cash_flow,order,15.0,ACTUAL,VNSTOCK_BRONZE
HPA,LATEST,cash_flow,level,2.0,ACTUAL,VNSTOCK_BRONZE
HPA,LATEST,cash_flow,order,16.0,ACTUAL,VNSTOCK_BRONZE
HPA,LATEST,cash_flow,level,2.0,ACTUAL,VNSTOCK_BRONZE
HPA,LATEST,cash_flow,order,17.0,ACTUAL,VNSTOCK_BRONZE
HPA,LATEST,cash_flow,level,2.0,ACTUAL,VNSTOCK_BRONZE
HPA,LATEST,cash_flow,order,18.0,ACTUAL,VNSTOCK_BRONZE
HPA,LATEST,cash_flow,level,2.0,ACTUAL,VNSTOCK_BRONZE
HPA,LATEST,cash_flow,order,19.0,ACTUAL,VNSTOCK_BRONZE
HPA,LATEST,cash_flow,level,2.0,ACTUAL,VNSTOCK_BRONZE
HPA,LATEST,cash_flow,order,20.0,ACTUAL,VNSTOCK_BRONZE
HPA,LATEST,cash_flow,level,2.0,ACTUAL,VNSTOCK_BRONZE
HPA,LATEST,cash_flow,order,21.0,ACTUAL,VNSTOCK_BRONZE
HPA,LATEST,cash_flow,level,2.0,ACTUAL,VNSTOCK_BRONZE
HPA,LATEST,cash_flow,order,22.0,ACTUAL,VNSTOCK_BRONZE
HPA,LATEST,cash_flow,level,2.0,ACTUAL,VNSTOCK_BRONZE
HPA,LATEST,cash_flow,order,23.0,ACTUAL,VNSTOCK_BRONZE
HPA,LATEST,cash_flow,level,2.0,ACTUAL,VNSTOCK_BRONZE
HPA,LATEST,cash_flow,order,24.0,ACTUAL,VNSTOCK_BRONZE
HPA,LATEST,cash_flow,level,2.0,ACTUAL,VNSTOCK_BRONZE
HPA,LATEST,cash_flow,value,32109838285.0,ACTUAL,VNSTOCK_BRONZE
HPA,LATEST,cash_flow,order,25.0,ACTUAL,VNSTOCK_BRONZE
HPA,LATEST,cash_flow,level,2.0,ACTUAL,VNSTOCK_BRONZE
HPA,LATEST,cash_flow,value,279495196929.0,ACTUAL,VNSTOCK_BRONZE
HPA,LATEST,cash_flow,order,26.0,ACTUAL,VNSTOCK_BRONZE
HPA,LATEST,cash_flow,level,2.0,ACTUAL,VNSTOCK_BRONZE
HPA,LATEST,cash_flow,value,-17105425152.0,ACTUAL,VNSTOCK_BRONZE
HPA,LATEST,cash_flow,order,27.0,ACTUAL,VNSTOCK_BRONZE
HPA,LATEST,cash_flow,level,2.0,ACTUAL,VNSTOCK_BRONZE
HPA,LATEST,cash_flow,value,-20306271462.0,ACTUAL,VNSTOCK_BRONZE
HPA,LATEST,cash_flow,order,28.0,ACTUAL,VNSTOCK_BRONZE
HPA,LATEST,cash_flow,level,2.0,ACTUAL,VNSTOCK_BRONZE
HPA,LATEST,cash_flow,value,-6859391539.0,ACTUAL,VNSTOCK_BRONZE
HPA,LATEST,cash_flow,order,29.0,ACTUAL,VNSTOCK_BRONZE
HPA,LATEST,cash_flow,level,2.0,ACTUAL,VNSTOCK_BRONZE
HPA,LATEST,cash_flow,order,30.0,ACTUAL,VNSTOCK_BRONZE
HPA,LATEST,cash_flow,level,2.0,ACTUAL,VNSTOCK_BRONZE
HPA,LATEST,cash_flow,value,0.0,ACTUAL,VNSTOCK_BRONZE
HPA,LATEST,cash_flow,order,31.0,ACTUAL,VNSTOCK_BRONZE
HPA,LATEST,cash_flow,level,2.0,ACTUAL,VNSTOCK_BRONZE
HPA,LATEST,cash_flow,value,-42414790195.0,ACTUAL,VNSTOCK_BRONZE
HPA,LATEST,cash_flow,order,32.0,ACTUAL,VNSTOCK_BRONZE
HPA,LATEST,cash_flow,level,1.0,ACTUAL,VNSTOCK_BRONZE
HPA,LATEST,cash_flow,value,-475314543796.0,ACTUAL,VNSTOCK_BRONZE
HPA,LATEST,cash_flow,order,33.0,ACTUAL,VNSTOCK_BRONZE
HPA,LATEST,cash_flow,level,2.0,ACTUAL,VNSTOCK_BRONZE
HPA,LATEST,cash_flow,value,-5257701090.0,ACTUAL,VNSTOCK_BRONZE
HPA,LATEST,cash_flow,order,34.0,ACTUAL,VNSTOCK_BRONZE
HPA,LATEST,cash_flow,level,2.0,ACTUAL,VNSTOCK_BRONZE
HPA,LATEST,cash_flow,value,4086936364.0,ACTUAL,VNSTOCK_BRONZE
HPA,LATEST,cash_flow,order,35.0,ACTUAL,VNSTOCK_BRONZE
HPA,LATEST,cash_flow,level,2.0,ACTUAL,VNSTOCK_BRONZE
HPA,LATEST,cash_flow,value,-660710000000.0,ACTUAL,VNSTOCK_BRONZE
HPA,LATEST,cash_flow,order,36.0,ACTUAL,VNSTOCK_BRONZE
HPA,LATEST,cash_flow,level,2.0,ACTUAL,VNSTOCK_BRONZE
HPA,LATEST,cash_flow,value,184060000000.0,ACTUAL,VNSTOCK_BRONZE
HPA,LATEST,cash_flow,order,37.0,ACTUAL,VNSTOCK_BRONZE
HPA,LATEST,cash_flow,level,2.0,ACTUAL,VNSTOCK_BRONZE
HPA,LATEST,cash_flow,value,0.0,ACTUAL,VNSTOCK_BRONZE
HPA,LATEST,cash_flow,order,38.0,ACTUAL,VNSTOCK_BRONZE
HPA,LATEST,cash_flow,level,2.0,ACTUAL,VNSTOCK_BRONZE
HPA,LATEST,cash_flow,value,0.0,ACTUAL,VNSTOCK_BRONZE
HPA,LATEST,cash_flow,order,39.0,ACTUAL,VNSTOCK_BRONZE
HPA,LATEST,cash_flow,level,2.0,ACTUAL,VNSTOCK_BRONZE
HPA,LATEST,cash_flow,value,2506220930.0,ACTUAL,VNSTOCK_BRONZE
HPA,LATEST,cash_flow,order,40.0,ACTUAL,VNSTOCK_BRONZE
HPA,LATEST,cash_flow,level,1.0,ACTUAL,VNSTOCK_BRONZE
HPA,LATEST,cash_flow,order,41.0,ACTUAL,VNSTOCK_BRONZE
HPA,LATEST,cash_flow,level,2.0,ACTUAL,VNSTOCK_BRONZE
HPA,LATEST,cash_flow,value,774517479800.0,ACTUAL,VNSTOCK_BRONZE
HPA,LATEST,cash_flow,order,42.0,ACTUAL,VNSTOCK_BRONZE
HPA,LATEST,cash_flow,level,2.0,ACTUAL,VNSTOCK_BRONZE
HPA,LATEST,cash_flow,value,0.0,ACTUAL,VNSTOCK_BRONZE
HPA,LATEST,cash_flow,order,43.0,ACTUAL,VNSTOCK_BRONZE
HPA,LATEST,cash_flow,level,2.0,ACTUAL,VNSTOCK_BRONZE
HPA,LATEST,cash_flow,value,182042703320.0,ACTUAL,VNSTOCK_BRONZE
HPA,LATEST,cash_flow,order,44.0,ACTUAL,VNSTOCK_BRONZE
HPA,LATEST,cash_flow,level,2.0,ACTUAL,VNSTOCK_BRONZE
HPA,LATEST,cash_flow,value,-373031597320.0,ACTUAL,VNSTOCK_BRONZE
HPA,LATEST,cash_flow,order,45.0,ACTUAL,VNSTOCK_BRONZE
HPA,LATEST,cash_flow,level,2.0,ACTUAL,VNSTOCK_BRONZE
HPA,LATEST,cash_flow,value,0.0,ACTUAL,VNSTOCK_BRONZE
HPA,LATEST,cash_flow,order,46.0,ACTUAL,VNSTOCK_BRONZE
HPA,LATEST,cash_flow,level,2.0,ACTUAL,VNSTOCK_BRONZE
HPA,LATEST,cash_flow,value,-940019.0,ACTUAL,VNSTOCK_BRONZE
HPA,LATEST,cash_flow,order,47.0,ACTUAL,VNSTOCK_BRONZE
HPA,LATEST,cash_flow,level,2.0,ACTUAL,VNSTOCK_BRONZE
HPA,LATEST,cash_flow,value,1954475730402.0,ACTUAL,VNSTOCK_BRONZE
HPA,LATEST,cash_flow,order,48.0,ACTUAL,VNSTOCK_BRONZE
HPA,LATEST,cash_flow,level,1.0,ACTUAL,VNSTOCK_BRONZE
HPA,LATEST,cash_flow,order,49.0,ACTUAL,VNSTOCK_BRONZE
HPA,LATEST,cash_flow,level,1.0,ACTUAL,VNSTOCK_BRONZE
HPA,LATEST,cash_flow,order,50.0,ACTUAL,VNSTOCK_BRONZE
HPA,LATEST,cash_flow,level,1.0,ACTUAL,VNSTOCK_BRONZE
HPA,LATEST,cash_flow,order,51.0,ACTUAL,VNSTOCK_BRONZE
HPA,LATEST,cash_flow,level,1.0,ACTUAL,VNSTOCK_BRONZE
HPA,LATEST,cash_flow,value,1370948084621.0,ACTUAL,VNSTOCK_BRONZE
HPA,LATEST,cash_flow,order,1.0,ACTUAL,VNSTOCK_BRONZE
HPA,LATEST,cash_flow,level,1.0,ACTUAL,VNSTOCK_BRONZE
HPA,LATEST,cash_flow,value,1018078871823.0,ACTUAL,VNSTOCK_BRONZE
HPA,LATEST,cash_flow,order,2.0,ACTUAL,VNSTOCK_BRONZE
HPA,LATEST,cash_flow,level,2.0,ACTUAL,VNSTOCK_BRONZE
HPA,LATEST,cash_flow,value,339775385258.0,ACTUAL,VNSTOCK_BRONZE
HPA,LATEST,cash_flow,order,3.0,ACTUAL,VNSTOCK_BRONZE
HPA,LATEST,cash_flow,level,2.0,ACTUAL,VNSTOCK_BRONZE
HPA,LATEST,cash_flow,value,105074416322.0,ACTUAL,VNSTOCK_BRONZE
HPA,LATEST,cash_flow,order,4.0,ACTUAL,VNSTOCK_BRONZE
HPA,LATEST,cash_flow,level,2.0,ACTUAL,VNSTOCK_BRONZE
HPA,LATEST,cash_flow,value,6736870522.0,ACTUAL,VNSTOCK_BRONZE
HPA,LATEST,cash_flow,order,5.0,ACTUAL,VNSTOCK_BRONZE
HPA,LATEST,cash_flow,level,2.0,ACTUAL,VNSTOCK_BRONZE
HPA,LATEST,cash_flow,value,-542093880.0,ACTUAL,VNSTOCK_BRONZE
HPA,LATEST,cash_flow,order,6.0,ACTUAL,VNSTOCK_BRONZE
HPA,LATEST,cash_flow,level,2.0,ACTUAL,VNSTOCK_BRONZE
HPA,LATEST,cash_flow,value,0.0,ACTUAL,VNSTOCK_BRONZE
HPA,LATEST,cash_flow,order,7.0,ACTUAL,VNSTOCK_BRONZE
HPA,LATEST,cash_flow,level,2.0,ACTUAL,VNSTOCK_BRONZE
HPA,LATEST,cash_flow,value,-33277764807.0,ACTUAL,VNSTOCK_BRONZE
HPA,LATEST,cash_flow,order,8.0,ACTUAL,VNSTOCK_BRONZE
HPA,LATEST,cash_flow,level,2.0,ACTUAL,VNSTOCK_BRONZE
HPA,LATEST,cash_flow,value,14537779946.0,ACTUAL,VNSTOCK_BRONZE
HPA,LATEST,cash_flow,order,9.0,ACTUAL,VNSTOCK_BRONZE
HPA,LATEST,cash_flow,level,2.0,ACTUAL,VNSTOCK_BRONZE
HPA,LATEST,cash_flow,value,0.0,ACTUAL,VNSTOCK_BRONZE
HPA,LATEST,cash_flow,order,10.0,ACTUAL,VNSTOCK_BRONZE
HPA,LATEST,cash_flow,level,2.0,ACTUAL,VNSTOCK_BRONZE
HPA,LATEST,cash_flow,value,0.0,ACTUAL,VNSTOCK_BRONZE
HPA,LATEST,cash_flow,order,11.0,ACTUAL,VNSTOCK_BRONZE
HPA,LATEST,cash_flow,level,2.0,ACTUAL,VNSTOCK_BRONZE
HPA,LATEST,cash_flow,value,0.0,ACTUAL,VNSTOCK_BRONZE
HPA,LATEST,cash_flow,order,12.0,ACTUAL,VNSTOCK_BRONZE
HPA,LATEST,cash_flow,level,2.0,ACTUAL,VNSTOCK_BRONZE
HPA,LATEST,cash_flow,value,0.0,ACTUAL,VNSTOCK_BRONZE
HPA,LATEST,cash_flow,order,13.0,ACTUAL,VNSTOCK_BRONZE
HPA,LATEST,cash_flow,level,2.0,ACTUAL,VNSTOCK_BRONZE
HPA,LATEST,cash_flow,value,432304593361.0,ACTUAL,VNSTOCK_BRONZE
HPA,LATEST,cash_flow,order,14.0,ACTUAL,VNSTOCK_BRONZE
HPA,LATEST,cash_flow,level,2.0,ACTUAL,VNSTOCK_BRONZE
HPA,LATEST,cash_flow,order,15.0,ACTUAL,VNSTOCK_BRONZE
HPA,LATEST,cash_flow,level,2.0,ACTUAL,VNSTOCK_BRONZE
HPA,LATEST,cash_flow,order,16.0,ACTUAL,VNSTOCK_BRONZE
HPA,LATEST,cash_flow,level,2.0,ACTUAL,VNSTOCK_BRONZE
HPA,LATEST,cash_flow,order,17.0,ACTUAL,VNSTOCK_BRONZE
HPA,LATEST,cash_flow,level,2.0,ACTUAL,VNSTOCK_BRONZE
HPA,LATEST,cash_flow,order,18.0,ACTUAL,VNSTOCK_BRONZE
HPA,LATEST,cash_flow,level,2.0,ACTUAL,VNSTOCK_BRONZE
HPA,LATEST,cash_flow,order,19.0,ACTUAL,VNSTOCK_BRONZE
HPA,LATEST,cash_flow,level,2.0,ACTUAL,VNSTOCK_BRONZE
HPA,LATEST,cash_flow,order,20.0,ACTUAL,VNSTOCK_BRONZE
HPA,LATEST,cash_flow,level,2.0,ACTUAL,VNSTOCK_BRONZE
HPA,LATEST,cash_flow,order,21.0,ACTUAL,VNSTOCK_BRONZE
HPA,LATEST,cash_flow,level,2.0,ACTUAL,VNSTOCK_BRONZE
HPA,LATEST,cash_flow,order,22.0,ACTUAL,VNSTOCK_BRONZE
HPA,LATEST,cash_flow,level,2.0,ACTUAL,VNSTOCK_BRONZE
HPA,LATEST,cash_flow,order,23.0,ACTUAL,VNSTOCK_BRONZE
HPA,LATEST,cash_flow,level,2.0,ACTUAL,VNSTOCK_BRONZE
HPA,LATEST,cash_flow,order,24.0,ACTUAL,VNSTOCK_BRONZE
HPA,LATEST,cash_flow,level,2.0,ACTUAL,VNSTOCK_BRONZE
HPA,LATEST,cash_flow,value,-36019799578.0,ACTUAL,VNSTOCK_BRONZE
HPA,LATEST,cash_flow,order,25.0,ACTUAL,VNSTOCK_BRONZE
HPA,LATEST,cash_flow,level,2.0,ACTUAL,VNSTOCK_BRONZE
HPA,LATEST,cash_flow,value,346361191050.0,ACTUAL,VNSTOCK_BRONZE
HPA,LATEST,cash_flow,order,26.0,ACTUAL,VNSTOCK_BRONZE
HPA,LATEST,cash_flow,level,2.0,ACTUAL,VNSTOCK_BRONZE
HPA,LATEST,cash_flow,value,-124121400506.0,ACTUAL,VNSTOCK_BRONZE
HPA,LATEST,cash_flow,order,27.0,ACTUAL,VNSTOCK_BRONZE
HPA,LATEST,cash_flow,level,2.0,ACTUAL,VNSTOCK_BRONZE
HPA,LATEST,cash_flow,value,-916049627.0,ACTUAL,VNSTOCK_BRONZE
HPA,LATEST,cash_flow,order,28.0,ACTUAL,VNSTOCK_BRONZE
HPA,LATEST,cash_flow,level,2.0,ACTUAL,VNSTOCK_BRONZE
HPA,LATEST,cash_flow,value,-17552181242.0,ACTUAL,VNSTOCK_BRONZE
HPA,LATEST,cash_flow,order,29.0,ACTUAL,VNSTOCK_BRONZE
HPA,LATEST,cash_flow,level,2.0,ACTUAL,VNSTOCK_BRONZE
HPA,LATEST,cash_flow,order,30.0,ACTUAL,VNSTOCK_BRONZE
HPA,LATEST,cash_flow,level,2.0,ACTUAL,VNSTOCK_BRONZE
HPA,LATEST,cash_flow,value,439016917840.0,ACTUAL,VNSTOCK_BRONZE
HPA,LATEST,cash_flow,order,31.0,ACTUAL,VNSTOCK_BRONZE
HPA,LATEST,cash_flow,level,2.0,ACTUAL,VNSTOCK_BRONZE
HPA,LATEST,cash_flow,value,-6467552871.0,ACTUAL,VNSTOCK_BRONZE
HPA,LATEST,cash_flow,order,32.0,ACTUAL,VNSTOCK_BRONZE
HPA,LATEST,cash_flow,level,1.0,ACTUAL,VNSTOCK_BRONZE
HPA,LATEST,cash_flow,value,-431157379244.0,ACTUAL,VNSTOCK_BRONZE
HPA,LATEST,cash_flow,order,33.0,ACTUAL,VNSTOCK_BRONZE
HPA,LATEST,cash_flow,level,2.0,ACTUAL,VNSTOCK_BRONZE
HPA,LATEST,cash_flow,value,-50580877520.0,ACTUAL,VNSTOCK_BRONZE
HPA,LATEST,cash_flow,order,34.0,ACTUAL,VNSTOCK_BRONZE
HPA,LATEST,cash_flow,level,2.0,ACTUAL,VNSTOCK_BRONZE
HPA,LATEST,cash_flow,value,-36888848619.0,ACTUAL,VNSTOCK_BRONZE
HPA,LATEST,cash_flow,order,35.0,ACTUAL,VNSTOCK_BRONZE
HPA,LATEST,cash_flow,level,2.0,ACTUAL,VNSTOCK_BRONZE
HPA,LATEST,cash_flow,value,-244400000000.0,ACTUAL,VNSTOCK_BRONZE
HPA,LATEST,cash_flow,order,36.0,ACTUAL,VNSTOCK_BRONZE
HPA,LATEST,cash_flow,level,2.0,ACTUAL,VNSTOCK_BRONZE
HPA,LATEST,cash_flow,value,-126500000000.0,ACTUAL,VNSTOCK_BRONZE
HPA,LATEST,cash_flow,order,37.0,ACTUAL,VNSTOCK_BRONZE
HPA,LATEST,cash_flow,level,2.0,ACTUAL,VNSTOCK_BRONZE
HPA,LATEST,cash_flow,value,0.0,ACTUAL,VNSTOCK_BRONZE
HPA,LATEST,cash_flow,order,38.0,ACTUAL,VNSTOCK_BRONZE
HPA,LATEST,cash_flow,level,2.0,ACTUAL,VNSTOCK_BRONZE
HPA,LATEST,cash_flow,value,0.0,ACTUAL,VNSTOCK_BRONZE
HPA,LATEST,cash_flow,order,39.0,ACTUAL,VNSTOCK_BRONZE
HPA,LATEST,cash_flow,level,2.0,ACTUAL,VNSTOCK_BRONZE
HPA,LATEST,cash_flow,value,27212346895.0,ACTUAL,VNSTOCK_BRONZE
HPA,LATEST,cash_flow,order,40.0,ACTUAL,VNSTOCK_BRONZE
HPA,LATEST,cash_flow,level,1.0,ACTUAL,VNSTOCK_BRONZE
HPA,LATEST,cash_flow,order,41.0,ACTUAL,VNSTOCK_BRONZE
HPA,LATEST,cash_flow,level,2.0,ACTUAL,VNSTOCK_BRONZE
HPA,LATEST,cash_flow,value,0.0,ACTUAL,VNSTOCK_BRONZE
HPA,LATEST,cash_flow,order,42.0,ACTUAL,VNSTOCK_BRONZE
HPA,LATEST,cash_flow,level,2.0,ACTUAL,VNSTOCK_BRONZE
HPA,LATEST,cash_flow,value,0.0,ACTUAL,VNSTOCK_BRONZE
HPA,LATEST,cash_flow,order,43.0,ACTUAL,VNSTOCK_BRONZE
HPA,LATEST,cash_flow,level,2.0,ACTUAL,VNSTOCK_BRONZE
HPA,LATEST,cash_flow,value,-231647921359.0,ACTUAL,VNSTOCK_BRONZE
HPA,LATEST,cash_flow,order,44.0,ACTUAL,VNSTOCK_BRONZE
HPA,LATEST,cash_flow,level,2.0,ACTUAL,VNSTOCK_BRONZE
HPA,LATEST,cash_flow,value,-211633062534.0,ACTUAL,VNSTOCK_BRONZE
HPA,LATEST,cash_flow,order,45.0,ACTUAL,VNSTOCK_BRONZE
HPA,LATEST,cash_flow,level,2.0,ACTUAL,VNSTOCK_BRONZE
HPA,LATEST,cash_flow,value,1368265879919.0,ACTUAL,VNSTOCK_BRONZE
HPA,LATEST,cash_flow,order,46.0,ACTUAL,VNSTOCK_BRONZE
HPA,LATEST,cash_flow,level,2.0,ACTUAL,VNSTOCK_BRONZE
HPA,LATEST,cash_flow,value,-1368282483515.0,ACTUAL,VNSTOCK_BRONZE
HPA,LATEST,cash_flow,order,47.0,ACTUAL,VNSTOCK_BRONZE
HPA,LATEST,cash_flow,level,2.0,ACTUAL,VNSTOCK_BRONZE
HPA,LATEST,cash_flow,value,269802196767.0,ACTUAL,VNSTOCK_BRONZE
HPA,LATEST,cash_flow,order,48.0,ACTUAL,VNSTOCK_BRONZE
HPA,LATEST,cash_flow,level,1.0,ACTUAL,VNSTOCK_BRONZE
HPA,LATEST,cash_flow,order,49.0,ACTUAL,VNSTOCK_BRONZE
HPA,LATEST,cash_flow,level,1.0,ACTUAL,VNSTOCK_BRONZE
HPA,LATEST,cash_flow,order,50.0,ACTUAL,VNSTOCK_BRONZE
HPA,LATEST,cash_flow,level,1.0,ACTUAL,VNSTOCK_BRONZE
HPA,LATEST,cash_flow,order,51.0,ACTUAL,VNSTOCK_BRONZE
HPA,LATEST,cash_flow,level,1.0,ACTUAL,VNSTOCK_BRONZE
HPA,LATEST,cash_flow,value,713099784256.0,ACTUAL,VNSTOCK_BRONZE
HPA,LATEST,cash_flow,order,1.0,ACTUAL,VNSTOCK_BRONZE
HPA,LATEST,cash_flow,level,1.0,ACTUAL,VNSTOCK_BRONZE
HPA,LATEST,cash_flow,value,206630161970.0,ACTUAL,VNSTOCK_BRONZE
HPA,LATEST,cash_flow,order,2.0,ACTUAL,VNSTOCK_BRONZE
HPA,LATEST,cash_flow,level,2.0,ACTUAL,VNSTOCK_BRONZE
HPA,LATEST,cash_flow,value,387297904630.0,ACTUAL,VNSTOCK_BRONZE
HPA,LATEST,cash_flow,order,3.0,ACTUAL,VNSTOCK_BRONZE
HPA,LATEST,cash_flow,level,2.0,ACTUAL,VNSTOCK_BRONZE
HPA,LATEST,cash_flow,value,101148244696.0,ACTUAL,VNSTOCK_BRONZE
HPA,LATEST,cash_flow,order,4.0,ACTUAL,VNSTOCK_BRONZE
HPA,LATEST,cash_flow,level,2.0,ACTUAL,VNSTOCK_BRONZE
HPA,LATEST,cash_flow,value,1502631937.0,ACTUAL,VNSTOCK_BRONZE
HPA,LATEST,cash_flow,order,5.0,ACTUAL,VNSTOCK_BRONZE
HPA,LATEST,cash_flow,level,2.0,ACTUAL,VNSTOCK_BRONZE
HPA,LATEST,cash_flow,value,-5321732521.0,ACTUAL,VNSTOCK_BRONZE
HPA,LATEST,cash_flow,order,6.0,ACTUAL,VNSTOCK_BRONZE
HPA,LATEST,cash_flow,level,2.0,ACTUAL,VNSTOCK_BRONZE
HPA,LATEST,cash_flow,value,0.0,ACTUAL,VNSTOCK_BRONZE
HPA,LATEST,cash_flow,order,7.0,ACTUAL,VNSTOCK_BRONZE
HPA,LATEST,cash_flow,level,2.0,ACTUAL,VNSTOCK_BRONZE
HPA,LATEST,cash_flow,value,12090329757.0,ACTUAL,VNSTOCK_BRONZE
HPA,LATEST,cash_flow,order,8.0,ACTUAL,VNSTOCK_BRONZE
HPA,LATEST,cash_flow,level,2.0,ACTUAL,VNSTOCK_BRONZE
HPA,LATEST,cash_flow,value,21007857578.0,ACTUAL,VNSTOCK_BRONZE
HPA,LATEST,cash_flow,order,9.0,ACTUAL,VNSTOCK_BRONZE
HPA,LATEST,cash_flow,level,2.0,ACTUAL,VNSTOCK_BRONZE
HPA,LATEST,cash_flow,value,0.0,ACTUAL,VNSTOCK_BRONZE
HPA,LATEST,cash_flow,order,10.0,ACTUAL,VNSTOCK_BRONZE
HPA,LATEST,cash_flow,level,2.0,ACTUAL,VNSTOCK_BRONZE
HPA,LATEST,cash_flow,value,0.0,ACTUAL,VNSTOCK_BRONZE
HPA,LATEST,cash_flow,order,11.0,ACTUAL,VNSTOCK_BRONZE
HPA,LATEST,cash_flow,level,2.0,ACTUAL,VNSTOCK_BRONZE
HPA,LATEST,cash_flow,value,0.0,ACTUAL,VNSTOCK_BRONZE
HPA,LATEST,cash_flow,order,12.0,ACTUAL,VNSTOCK_BRONZE
HPA,LATEST,cash_flow,level,2.0,ACTUAL,VNSTOCK_BRONZE
HPA,LATEST,cash_flow,value,0.0,ACTUAL,VNSTOCK_BRONZE
HPA,LATEST,cash_flow,order,13.0,ACTUAL,VNSTOCK_BRONZE
HPA,LATEST,cash_flow,level,2.0,ACTUAL,VNSTOCK_BRONZE
HPA,LATEST,cash_flow,value,517725236077.0,ACTUAL,VNSTOCK_BRONZE
HPA,LATEST,cash_flow,order,14.0,ACTUAL,VNSTOCK_BRONZE
HPA,LATEST,cash_flow,level,2.0,ACTUAL,VNSTOCK_BRONZE
HPA,LATEST,cash_flow,order,15.0,ACTUAL,VNSTOCK_BRONZE
HPA,LATEST,cash_flow,level,2.0,ACTUAL,VNSTOCK_BRONZE
HPA,LATEST,cash_flow,order,16.0,ACTUAL,VNSTOCK_BRONZE
HPA,LATEST,cash_flow,level,2.0,ACTUAL,VNSTOCK_BRONZE
HPA,LATEST,cash_flow,order,17.0,ACTUAL,VNSTOCK_BRONZE
HPA,LATEST,cash_flow,level,2.0,ACTUAL,VNSTOCK_BRONZE
HPA,LATEST,cash_flow,order,18.0,ACTUAL,VNSTOCK_BRONZE
HPA,LATEST,cash_flow,level,2.0,ACTUAL,VNSTOCK_BRONZE
HPA,LATEST,cash_flow,order,19.0,ACTUAL,VNSTOCK_BRONZE
HPA,LATEST,cash_flow,level,2.0,ACTUAL,VNSTOCK_BRONZE
HPA,LATEST,cash_flow,order,20.0,ACTUAL,VNSTOCK_BRONZE
HPA,LATEST,cash_flow,level,2.0,ACTUAL,VNSTOCK_BRONZE
HPA,LATEST,cash_flow,order,21.0,ACTUAL,VNSTOCK_BRONZE
HPA,LATEST,cash_flow,level,2.0,ACTUAL,VNSTOCK_BRONZE
HPA,LATEST,cash_flow,order,22.0,ACTUAL,VNSTOCK_BRONZE
HPA,LATEST,cash_flow,level,2.0,ACTUAL,VNSTOCK_BRONZE
HPA,LATEST,cash_flow,order,23.0,ACTUAL,VNSTOCK_BRONZE
HPA,LATEST,cash_flow,level,2.0,ACTUAL,VNSTOCK_BRONZE
HPA,LATEST,cash_flow,order,24.0,ACTUAL,VNSTOCK_BRONZE
HPA,LATEST,cash_flow,level,2.0,ACTUAL,VNSTOCK_BRONZE
HPA,LATEST,cash_flow,value,35900020297.0,ACTUAL,VNSTOCK_BRONZE
HPA,LATEST,cash_flow,order,25.0,ACTUAL,VNSTOCK_BRONZE
HPA,LATEST,cash_flow,level,2.0,ACTUAL,VNSTOCK_BRONZE
HPA,LATEST,cash_flow,value,-65354001047.0,ACTUAL,VNSTOCK_BRONZE
HPA,LATEST,cash_flow,order,26.0,ACTUAL,VNSTOCK_BRONZE
HPA,LATEST,cash_flow,level,2.0,ACTUAL,VNSTOCK_BRONZE
HPA,LATEST,cash_flow,value,-271295021925.0,ACTUAL,VNSTOCK_BRONZE
HPA,LATEST,cash_flow,order,27.0,ACTUAL,VNSTOCK_BRONZE
HPA,LATEST,cash_flow,level,2.0,ACTUAL,VNSTOCK_BRONZE
HPA,LATEST,cash_flow,value,13558320865.0,ACTUAL,VNSTOCK_BRONZE
HPA,LATEST,cash_flow,order,28.0,ACTUAL,VNSTOCK_BRONZE
HPA,LATEST,cash_flow,level,2.0,ACTUAL,VNSTOCK_BRONZE
HPA,LATEST,cash_flow,value,-21068075026.0,ACTUAL,VNSTOCK_BRONZE
HPA,LATEST,cash_flow,order,29.0,ACTUAL,VNSTOCK_BRONZE
HPA,LATEST,cash_flow,level,2.0,ACTUAL,VNSTOCK_BRONZE
HPA,LATEST,cash_flow,order,30.0,ACTUAL,VNSTOCK_BRONZE
HPA,LATEST,cash_flow,level,2.0,ACTUAL,VNSTOCK_BRONZE
HPA,LATEST,cash_flow,value,0.0,ACTUAL,VNSTOCK_BRONZE
HPA,LATEST,cash_flow,order,31.0,ACTUAL,VNSTOCK_BRONZE
HPA,LATEST,cash_flow,level,2.0,ACTUAL,VNSTOCK_BRONZE
HPA,LATEST,cash_flow,value,-2836317271.0,ACTUAL,VNSTOCK_BRONZE
HPA,LATEST,cash_flow,order,32.0,ACTUAL,VNSTOCK_BRONZE
HPA,LATEST,cash_flow,level,1.0,ACTUAL,VNSTOCK_BRONZE
HPA,LATEST,cash_flow,value,-86135259416.0,ACTUAL,VNSTOCK_BRONZE
HPA,LATEST,cash_flow,order,33.0,ACTUAL,VNSTOCK_BRONZE
HPA,LATEST,cash_flow,level,2.0,ACTUAL,VNSTOCK_BRONZE
HPA,LATEST,cash_flow,value,-13190671704.0,ACTUAL,VNSTOCK_BRONZE
HPA,LATEST,cash_flow,order,34.0,ACTUAL,VNSTOCK_BRONZE
HPA,LATEST,cash_flow,level,2.0,ACTUAL,VNSTOCK_BRONZE
HPA,LATEST,cash_flow,value,42221708008.0,ACTUAL,VNSTOCK_BRONZE
HPA,LATEST,cash_flow,order,35.0,ACTUAL,VNSTOCK_BRONZE
HPA,LATEST,cash_flow,level,2.0,ACTUAL,VNSTOCK_BRONZE
HPA,LATEST,cash_flow,value,-304560000000.0,ACTUAL,VNSTOCK_BRONZE
HPA,LATEST,cash_flow,order,36.0,ACTUAL,VNSTOCK_BRONZE
HPA,LATEST,cash_flow,level,2.0,ACTUAL,VNSTOCK_BRONZE
HPA,LATEST,cash_flow,value,201800000000.0,ACTUAL,VNSTOCK_BRONZE
HPA,LATEST,cash_flow,order,37.0,ACTUAL,VNSTOCK_BRONZE
HPA,LATEST,cash_flow,level,2.0,ACTUAL,VNSTOCK_BRONZE
HPA,LATEST,cash_flow,value,0.0,ACTUAL,VNSTOCK_BRONZE
HPA,LATEST,cash_flow,order,38.0,ACTUAL,VNSTOCK_BRONZE
HPA,LATEST,cash_flow,level,2.0,ACTUAL,VNSTOCK_BRONZE
HPA,LATEST,cash_flow,value,0.0,ACTUAL,VNSTOCK_BRONZE
HPA,LATEST,cash_flow,order,39.0,ACTUAL,VNSTOCK_BRONZE
HPA,LATEST,cash_flow,level,2.0,ACTUAL,VNSTOCK_BRONZE
HPA,LATEST,cash_flow,value,-12406295720.0,ACTUAL,VNSTOCK_BRONZE
HPA,LATEST,cash_flow,order,40.0,ACTUAL,VNSTOCK_BRONZE
HPA,LATEST,cash_flow,level,1.0,ACTUAL,VNSTOCK_BRONZE
HPA,LATEST,cash_flow,order,41.0,ACTUAL,VNSTOCK_BRONZE
HPA,LATEST,cash_flow,level,2.0,ACTUAL,VNSTOCK_BRONZE
HPA,LATEST,cash_flow,value,0.0,ACTUAL,VNSTOCK_BRONZE
HPA,LATEST,cash_flow,order,42.0,ACTUAL,VNSTOCK_BRONZE
HPA,LATEST,cash_flow,level,2.0,ACTUAL,VNSTOCK_BRONZE
HPA,LATEST,cash_flow,value,0.0,ACTUAL,VNSTOCK_BRONZE
HPA,LATEST,cash_flow,order,43.0,ACTUAL,VNSTOCK_BRONZE
HPA,LATEST,cash_flow,level,2.0,ACTUAL,VNSTOCK_BRONZE
HPA,LATEST,cash_flow,value,-29498240878.0,ACTUAL,VNSTOCK_BRONZE
HPA,LATEST,cash_flow,order,44.0,ACTUAL,VNSTOCK_BRONZE
HPA,LATEST,cash_flow,level,2.0,ACTUAL,VNSTOCK_BRONZE
HPA,LATEST,cash_flow,value,-31370871639.0,ACTUAL,VNSTOCK_BRONZE
HPA,LATEST,cash_flow,order,45.0,ACTUAL,VNSTOCK_BRONZE
HPA,LATEST,cash_flow,level,2.0,ACTUAL,VNSTOCK_BRONZE
HPA,LATEST,cash_flow,value,-1368265879919.0,ACTUAL,VNSTOCK_BRONZE
HPA,LATEST,cash_flow,order,46.0,ACTUAL,VNSTOCK_BRONZE
HPA,LATEST,cash_flow,level,2.0,ACTUAL,VNSTOCK_BRONZE
HPA,LATEST,cash_flow,value,898163854871.0,ACTUAL,VNSTOCK_BRONZE
HPA,LATEST,cash_flow,order,47.0,ACTUAL,VNSTOCK_BRONZE
HPA,LATEST,cash_flow,level,2.0,ACTUAL,VNSTOCK_BRONZE
HPA,LATEST,cash_flow,value,38502891247.0,ACTUAL,VNSTOCK_BRONZE
HPA,LATEST,cash_flow,order,48.0,ACTUAL,VNSTOCK_BRONZE
HPA,LATEST,cash_flow,level,1.0,ACTUAL,VNSTOCK_BRONZE
HPA,LATEST,cash_flow,order,49.0,ACTUAL,VNSTOCK_BRONZE
HPA,LATEST,cash_flow,level,1.0,ACTUAL,VNSTOCK_BRONZE
HPA,LATEST,cash_flow,order,50.0,ACTUAL,VNSTOCK_BRONZE
HPA,LATEST,cash_flow,level,1.0,ACTUAL,VNSTOCK_BRONZE
HPA,LATEST,cash_flow,order,51.0,ACTUAL,VNSTOCK_BRONZE
HPA,LATEST,cash_flow,level,1.0,ACTUAL,VNSTOCK_BRONZE
HPA,LATEST,cash_flow,value,569474028812.0,ACTUAL,VNSTOCK_BRONZE
HPA,LATEST,cash_flow,order,1.0,ACTUAL,VNSTOCK_BRONZE
HPA,LATEST,cash_flow,level,1.0,ACTUAL,VNSTOCK_BRONZE
HPA,LATEST,cash_flow,value,742530642140.0,ACTUAL,VNSTOCK_BRONZE
HPA,LATEST,cash_flow,order,2.0,ACTUAL,VNSTOCK_BRONZE
HPA,LATEST,cash_flow,level,2.0,ACTUAL,VNSTOCK_BRONZE
HPA,LATEST,cash_flow,value,577969142308.0,ACTUAL,VNSTOCK_BRONZE
HPA,LATEST,cash_flow,order,3.0,ACTUAL,VNSTOCK_BRONZE
HPA,LATEST,cash_flow,level,2.0,ACTUAL,VNSTOCK_BRONZE
HPA,LATEST,cash_flow,value,99051915611.0,ACTUAL,VNSTOCK_BRONZE
HPA,LATEST,cash_flow,order,4.0,ACTUAL,VNSTOCK_BRONZE
HPA,LATEST,cash_flow,level,2.0,ACTUAL,VNSTOCK_BRONZE
HPA,LATEST,cash_flow,value,-4898654351.0,ACTUAL,VNSTOCK_BRONZE
HPA,LATEST,cash_flow,order,5.0,ACTUAL,VNSTOCK_BRONZE
HPA,LATEST,cash_flow,level,2.0,ACTUAL,VNSTOCK_BRONZE
HPA,LATEST,cash_flow,value,4489828057.0,ACTUAL,VNSTOCK_BRONZE
HPA,LATEST,cash_flow,order,6.0,ACTUAL,VNSTOCK_BRONZE
HPA,LATEST,cash_flow,level,2.0,ACTUAL,VNSTOCK_BRONZE
HPA,LATEST,cash_flow,value,0.0,ACTUAL,VNSTOCK_BRONZE
HPA,LATEST,cash_flow,order,7.0,ACTUAL,VNSTOCK_BRONZE
HPA,LATEST,cash_flow,level,2.0,ACTUAL,VNSTOCK_BRONZE
HPA,LATEST,cash_flow,value,-13259724882.0,ACTUAL,VNSTOCK_BRONZE
HPA,LATEST,cash_flow,order,8.0,ACTUAL,VNSTOCK_BRONZE
HPA,LATEST,cash_flow,level,2.0,ACTUAL,VNSTOCK_BRONZE
HPA,LATEST,cash_flow,value,12925056181.0,ACTUAL,VNSTOCK_BRONZE
HPA,LATEST,cash_flow,order,9.0,ACTUAL,VNSTOCK_BRONZE
HPA,LATEST,cash_flow,level,2.0,ACTUAL,VNSTOCK_BRONZE
HPA,LATEST,cash_flow,value,0.0,ACTUAL,VNSTOCK_BRONZE
HPA,LATEST,cash_flow,order,10.0,ACTUAL,VNSTOCK_BRONZE
HPA,LATEST,cash_flow,level,2.0,ACTUAL,VNSTOCK_BRONZE
HPA,LATEST,cash_flow,value,0.0,ACTUAL,VNSTOCK_BRONZE
HPA,LATEST,cash_flow,order,11.0,ACTUAL,VNSTOCK_BRONZE
HPA,LATEST,cash_flow,level,2.0,ACTUAL,VNSTOCK_BRONZE
HPA,LATEST,cash_flow,value,0.0,ACTUAL,VNSTOCK_BRONZE
HPA,LATEST,cash_flow,order,12.0,ACTUAL,VNSTOCK_BRONZE
HPA,LATEST,cash_flow,level,2.0,ACTUAL,VNSTOCK_BRONZE
HPA,LATEST,cash_flow,value,0.0,ACTUAL,VNSTOCK_BRONZE
HPA,LATEST,cash_flow,order,13.0,ACTUAL,VNSTOCK_BRONZE
HPA,LATEST,cash_flow,level,2.0,ACTUAL,VNSTOCK_BRONZE
HPA,LATEST,cash_flow,value,676277562924.0,ACTUAL,VNSTOCK_BRONZE
HPA,LATEST,cash_flow,order,14.0,ACTUAL,VNSTOCK_BRONZE
HPA,LATEST,cash_flow,level,2.0,ACTUAL,VNSTOCK_BRONZE
HPA,LATEST,cash_flow,order,15.0,ACTUAL,VNSTOCK_BRONZE
HPA,LATEST,cash_flow,level,2.0,ACTUAL,VNSTOCK_BRONZE
HPA,LATEST,cash_flow,order,16.0,ACTUAL,VNSTOCK_BRONZE
HPA,LATEST,cash_flow,level,2.0,ACTUAL,VNSTOCK_BRONZE
HPA,LATEST,cash_flow,order,17.0,ACTUAL,VNSTOCK_BRONZE
HPA,LATEST,cash_flow,level,2.0,ACTUAL,VNSTOCK_BRONZE
HPA,LATEST,cash_flow,order,18.0,ACTUAL,VNSTOCK_BRONZE
HPA,LATEST,cash_flow,level,2.0,ACTUAL,VNSTOCK_BRONZE
HPA,LATEST,cash_flow,order,19.0,ACTUAL,VNSTOCK_BRONZE
HPA,LATEST,cash_flow,level,2.0,ACTUAL,VNSTOCK_BRONZE
HPA,LATEST,cash_flow,order,20.0,ACTUAL,VNSTOCK_BRONZE
HPA,LATEST,cash_flow,level,2.0,ACTUAL,VNSTOCK_BRONZE
HPA,LATEST,cash_flow,order,21.0,ACTUAL,VNSTOCK_BRONZE
HPA,LATEST,cash_flow,level,2.0,ACTUAL,VNSTOCK_BRONZE
HPA,LATEST,cash_flow,order,22.0,ACTUAL,VNSTOCK_BRONZE
HPA,LATEST,cash_flow,level,2.0,ACTUAL,VNSTOCK_BRONZE
HPA,LATEST,cash_flow,order,23.0,ACTUAL,VNSTOCK_BRONZE
HPA,LATEST,cash_flow,level,2.0,ACTUAL,VNSTOCK_BRONZE
HPA,LATEST,cash_flow,order,24.0,ACTUAL,VNSTOCK_BRONZE
HPA,LATEST,cash_flow,level,2.0,ACTUAL,VNSTOCK_BRONZE
HPA,LATEST,cash_flow,value,-38483764065.0,ACTUAL,VNSTOCK_BRONZE
HPA,LATEST,cash_flow,order,25.0,ACTUAL,VNSTOCK_BRONZE
HPA,LATEST,cash_flow,level,2.0,ACTUAL,VNSTOCK_BRONZE
HPA,LATEST,cash_flow,value,-249527133000.0,ACTUAL,VNSTOCK_BRONZE
HPA,LATEST,cash_flow,order,26.0,ACTUAL,VNSTOCK_BRONZE
HPA,LATEST,cash_flow,level,2.0,ACTUAL,VNSTOCK_BRONZE
HPA,LATEST,cash_flow,value,357097306330.0,ACTUAL,VNSTOCK_BRONZE
HPA,LATEST,cash_flow,order,27.0,ACTUAL,VNSTOCK_BRONZE
HPA,LATEST,cash_flow,level,2.0,ACTUAL,VNSTOCK_BRONZE
HPA,LATEST,cash_flow,value,9117906966.0,ACTUAL,VNSTOCK_BRONZE
HPA,LATEST,cash_flow,order,28.0,ACTUAL,VNSTOCK_BRONZE
HPA,LATEST,cash_flow,level,2.0,ACTUAL,VNSTOCK_BRONZE
HPA,LATEST,cash_flow,value,-10165741277.0,ACTUAL,VNSTOCK_BRONZE
HPA,LATEST,cash_flow,order,29.0,ACTUAL,VNSTOCK_BRONZE
HPA,LATEST,cash_flow,level,2.0,ACTUAL,VNSTOCK_BRONZE
HPA,LATEST,cash_flow,order,30.0,ACTUAL,VNSTOCK_BRONZE
HPA,LATEST,cash_flow,level,2.0,ACTUAL,VNSTOCK_BRONZE
HPA,LATEST,cash_flow,value,0.0,ACTUAL,VNSTOCK_BRONZE
HPA,LATEST,cash_flow,order,31.0,ACTUAL,VNSTOCK_BRONZE
HPA,LATEST,cash_flow,level,2.0,ACTUAL,VNSTOCK_BRONZE
HPA,LATEST,cash_flow,value,-1777782340.0,ACTUAL,VNSTOCK_BRONZE
HPA,LATEST,cash_flow,order,32.0,ACTUAL,VNSTOCK_BRONZE
HPA,LATEST,cash_flow,level,1.0,ACTUAL,VNSTOCK_BRONZE
HPA,LATEST,cash_flow,value,175599665065.0,ACTUAL,VNSTOCK_BRONZE
HPA,LATEST,cash_flow,order,33.0,ACTUAL,VNSTOCK_BRONZE
HPA,LATEST,cash_flow,level,2.0,ACTUAL,VNSTOCK_BRONZE
HPA,LATEST,cash_flow,value,-12873849173.0,ACTUAL,VNSTOCK_BRONZE
HPA,LATEST,cash_flow,order,34.0,ACTUAL,VNSTOCK_BRONZE
HPA,LATEST,cash_flow,level,2.0,ACTUAL,VNSTOCK_BRONZE
HPA,LATEST,cash_flow,value,294048000.0,ACTUAL,VNSTOCK_BRONZE
HPA,LATEST,cash_flow,order,35.0,ACTUAL,VNSTOCK_BRONZE
HPA,LATEST,cash_flow,level,2.0,ACTUAL,VNSTOCK_BRONZE
HPA,LATEST,cash_flow,value,-47000000000.0,ACTUAL,VNSTOCK_BRONZE
HPA,LATEST,cash_flow,order,36.0,ACTUAL,VNSTOCK_BRONZE
HPA,LATEST,cash_flow,level,2.0,ACTUAL,VNSTOCK_BRONZE
HPA,LATEST,cash_flow,value,221900000000.0,ACTUAL,VNSTOCK_BRONZE
HPA,LATEST,cash_flow,order,37.0,ACTUAL,VNSTOCK_BRONZE
HPA,LATEST,cash_flow,level,2.0,ACTUAL,VNSTOCK_BRONZE
HPA,LATEST,cash_flow,value,0.0,ACTUAL,VNSTOCK_BRONZE
HPA,LATEST,cash_flow,order,38.0,ACTUAL,VNSTOCK_BRONZE
HPA,LATEST,cash_flow,level,2.0,ACTUAL,VNSTOCK_BRONZE
HPA,LATEST,cash_flow,value,0.0,ACTUAL,VNSTOCK_BRONZE
HPA,LATEST,cash_flow,order,39.0,ACTUAL,VNSTOCK_BRONZE
HPA,LATEST,cash_flow,level,2.0,ACTUAL,VNSTOCK_BRONZE
HPA,LATEST,cash_flow,value,13279466238.0,ACTUAL,VNSTOCK_BRONZE
HPA,LATEST,cash_flow,order,40.0,ACTUAL,VNSTOCK_BRONZE
HPA,LATEST,cash_flow,level,1.0,ACTUAL,VNSTOCK_BRONZE
HPA,LATEST,cash_flow,order,41.0,ACTUAL,VNSTOCK_BRONZE
HPA,LATEST,cash_flow,level,2.0,ACTUAL,VNSTOCK_BRONZE
HPA,LATEST,cash_flow,value,0.0,ACTUAL,VNSTOCK_BRONZE
HPA,LATEST,cash_flow,order,42.0,ACTUAL,VNSTOCK_BRONZE
HPA,LATEST,cash_flow,level,2.0,ACTUAL,VNSTOCK_BRONZE
HPA,LATEST,cash_flow,value,-250050000000.0,ACTUAL,VNSTOCK_BRONZE
HPA,LATEST,cash_flow,order,43.0,ACTUAL,VNSTOCK_BRONZE
HPA,LATEST,cash_flow,level,2.0,ACTUAL,VNSTOCK_BRONZE
HPA,LATEST,cash_flow,value,297431267580.0,ACTUAL,VNSTOCK_BRONZE
HPA,LATEST,cash_flow,order,44.0,ACTUAL,VNSTOCK_BRONZE
HPA,LATEST,cash_flow,level,2.0,ACTUAL,VNSTOCK_BRONZE
HPA,LATEST,cash_flow,value,-342197052629.0,ACTUAL,VNSTOCK_BRONZE
HPA,LATEST,cash_flow,order,45.0,ACTUAL,VNSTOCK_BRONZE
HPA,LATEST,cash_flow,level,2.0,ACTUAL,VNSTOCK_BRONZE
HPA,LATEST,cash_flow,value,0.0,ACTUAL,VNSTOCK_BRONZE
HPA,LATEST,cash_flow,order,46.0,ACTUAL,VNSTOCK_BRONZE
HPA,LATEST,cash_flow,level,2.0,ACTUAL,VNSTOCK_BRONZE
HPA,LATEST,cash_flow,value,-562661854831.0,ACTUAL,VNSTOCK_BRONZE
HPA,LATEST,cash_flow,order,47.0,ACTUAL,VNSTOCK_BRONZE
HPA,LATEST,cash_flow,level,2.0,ACTUAL,VNSTOCK_BRONZE
HPA,LATEST,cash_flow,value,122475331336.0,ACTUAL,VNSTOCK_BRONZE
HPA,LATEST,cash_flow,order,48.0,ACTUAL,VNSTOCK_BRONZE
HPA,LATEST,cash_flow,level,1.0,ACTUAL,VNSTOCK_BRONZE
HPA,LATEST,cash_flow,order,49.0,ACTUAL,VNSTOCK_BRONZE
HPA,LATEST,cash_flow,level,1.0,ACTUAL,VNSTOCK_BRONZE
HPA,LATEST,cash_flow,order,50.0,ACTUAL,VNSTOCK_BRONZE
HPA,LATEST,cash_flow,level,1.0,ACTUAL,VNSTOCK_BRONZE
HPA,LATEST,cash_flow,order,51.0,ACTUAL,VNSTOCK_BRONZE
HPA,LATEST,cash_flow,level,1.0,ACTUAL,VNSTOCK_BRONZE
HPA,LATEST,cash_flow,value,979952971216.0,ACTUAL,VNSTOCK_BRONZE
HPA,LATEST,cash_flow,order,1.0,ACTUAL,VNSTOCK_BRONZE
HPA,LATEST,cash_flow,level,1.0,ACTUAL,VNSTOCK_BRONZE
HPA,LATEST,cash_flow,value,435301369532.0,ACTUAL,VNSTOCK_BRONZE
HPA,LATEST,cash_flow,order,2.0,ACTUAL,VNSTOCK_BRONZE
HPA,LATEST,cash_flow,level,2.0,ACTUAL,VNSTOCK_BRONZE
HPA,LATEST,cash_flow,value,446833244640.0,ACTUAL,VNSTOCK_BRONZE
HPA,LATEST,cash_flow,order,3.0,ACTUAL,VNSTOCK_BRONZE
HPA,LATEST,cash_flow,level,2.0,ACTUAL,VNSTOCK_BRONZE
HPA,LATEST,cash_flow,value,101408725172.0,ACTUAL,VNSTOCK_BRONZE
HPA,LATEST,cash_flow,order,4.0,ACTUAL,VNSTOCK_BRONZE
HPA,LATEST,cash_flow,level,2.0,ACTUAL,VNSTOCK_BRONZE
HPA,LATEST,cash_flow,value,-4680430674.0,ACTUAL,VNSTOCK_BRONZE
HPA,LATEST,cash_flow,order,5.0,ACTUAL,VNSTOCK_BRONZE
HPA,LATEST,cash_flow,level,2.0,ACTUAL,VNSTOCK_BRONZE
HPA,LATEST,cash_flow,value,1417297121.0,ACTUAL,VNSTOCK_BRONZE
HPA,LATEST,cash_flow,order,6.0,ACTUAL,VNSTOCK_BRONZE
HPA,LATEST,cash_flow,level,2.0,ACTUAL,VNSTOCK_BRONZE
HPA,LATEST,cash_flow,value,0.0,ACTUAL,VNSTOCK_BRONZE
HPA,LATEST,cash_flow,order,7.0,ACTUAL,VNSTOCK_BRONZE
HPA,LATEST,cash_flow,level,2.0,ACTUAL,VNSTOCK_BRONZE
HPA,LATEST,cash_flow,value,-9030918250.0,ACTUAL,VNSTOCK_BRONZE
HPA,LATEST,cash_flow,order,8.0,ACTUAL,VNSTOCK_BRONZE
HPA,LATEST,cash_flow,level,2.0,ACTUAL,VNSTOCK_BRONZE
HPA,LATEST,cash_flow,value,11741310448.0,ACTUAL,VNSTOCK_BRONZE
HPA,LATEST,cash_flow,order,9.0,ACTUAL,VNSTOCK_BRONZE
HPA,LATEST,cash_flow,level,2.0,ACTUAL,VNSTOCK_BRONZE
HPA,LATEST,cash_flow,value,0.0,ACTUAL,VNSTOCK_BRONZE
HPA,LATEST,cash_flow,order,10.0,ACTUAL,VNSTOCK_BRONZE
HPA,LATEST,cash_flow,level,2.0,ACTUAL,VNSTOCK_BRONZE
HPA,LATEST,cash_flow,value,0.0,ACTUAL,VNSTOCK_BRONZE
HPA,LATEST,cash_flow,order,11.0,ACTUAL,VNSTOCK_BRONZE
HPA,LATEST,cash_flow,level,2.0,ACTUAL,VNSTOCK_BRONZE
HPA,LATEST,cash_flow,value,0.0,ACTUAL,VNSTOCK_BRONZE
HPA,LATEST,cash_flow,order,12.0,ACTUAL,VNSTOCK_BRONZE
HPA,LATEST,cash_flow,level,2.0,ACTUAL,VNSTOCK_BRONZE
HPA,LATEST,cash_flow,value,0.0,ACTUAL,VNSTOCK_BRONZE
HPA,LATEST,cash_flow,order,13.0,ACTUAL,VNSTOCK_BRONZE
HPA,LATEST,cash_flow,level,2.0,ACTUAL,VNSTOCK_BRONZE
HPA,LATEST,cash_flow,value,547689228457.0,ACTUAL,VNSTOCK_BRONZE
HPA,LATEST,cash_flow,order,14.0,ACTUAL,VNSTOCK_BRONZE
HPA,LATEST,cash_flow,level,2.0,ACTUAL,VNSTOCK_BRONZE
HPA,LATEST,cash_flow,order,15.0,ACTUAL,VNSTOCK_BRONZE
HPA,LATEST,cash_flow,level,2.0,ACTUAL,VNSTOCK_BRONZE
HPA,LATEST,cash_flow,order,16.0,ACTUAL,VNSTOCK_BRONZE
HPA,LATEST,cash_flow,level,2.0,ACTUAL,VNSTOCK_BRONZE
HPA,LATEST,cash_flow,order,17.0,ACTUAL,VNSTOCK_BRONZE
HPA,LATEST,cash_flow,level,2.0,ACTUAL,VNSTOCK_BRONZE
HPA,LATEST,cash_flow,order,18.0,ACTUAL,VNSTOCK_BRONZE
HPA,LATEST,cash_flow,level,2.0,ACTUAL,VNSTOCK_BRONZE
HPA,LATEST,cash_flow,order,19.0,ACTUAL,VNSTOCK_BRONZE
HPA,LATEST,cash_flow,level,2.0,ACTUAL,VNSTOCK_BRONZE
HPA,LATEST,cash_flow,order,20.0,ACTUAL,VNSTOCK_BRONZE
HPA,LATEST,cash_flow,level,2.0,ACTUAL,VNSTOCK_BRONZE
HPA,LATEST,cash_flow,order,21.0,ACTUAL,VNSTOCK_BRONZE
HPA,LATEST,cash_flow,level,2.0,ACTUAL,VNSTOCK_BRONZE
HPA,LATEST,cash_flow,order,22.0,ACTUAL,VNSTOCK_BRONZE
HPA,LATEST,cash_flow,level,2.0,ACTUAL,VNSTOCK_BRONZE
HPA,LATEST,cash_flow,order,23.0,ACTUAL,VNSTOCK_BRONZE
HPA,LATEST,cash_flow,level,2.0,ACTUAL,VNSTOCK_BRONZE
HPA,LATEST,cash_flow,order,24.0,ACTUAL,VNSTOCK_BRONZE
HPA,LATEST,cash_flow,level,2.0,ACTUAL,VNSTOCK_BRONZE
HPA,LATEST,cash_flow,value,38227384129.0,ACTUAL,VNSTOCK_BRONZE
HPA,LATEST,cash_flow,order,25.0,ACTUAL,VNSTOCK_BRONZE
HPA,LATEST,cash_flow,level,2.0,ACTUAL,VNSTOCK_BRONZE
HPA,LATEST,cash_flow,value,8773150714.0,ACTUAL,VNSTOCK_BRONZE
HPA,LATEST,cash_flow,order,26.0,ACTUAL,VNSTOCK_BRONZE
HPA,LATEST,cash_flow,level,2.0,ACTUAL,VNSTOCK_BRONZE
HPA,LATEST,cash_flow,value,-39325289452.0,ACTUAL,VNSTOCK_BRONZE
HPA,LATEST,cash_flow,order,27.0,ACTUAL,VNSTOCK_BRONZE
HPA,LATEST,cash_flow,level,2.0,ACTUAL,VNSTOCK_BRONZE
HPA,LATEST,cash_flow,value,-10736291848.0,ACTUAL,VNSTOCK_BRONZE
HPA,LATEST,cash_flow,order,28.0,ACTUAL,VNSTOCK_BRONZE
HPA,LATEST,cash_flow,level,2.0,ACTUAL,VNSTOCK_BRONZE
HPA,LATEST,cash_flow,value,-11692668753.0,ACTUAL,VNSTOCK_BRONZE
HPA,LATEST,cash_flow,order,29.0,ACTUAL,VNSTOCK_BRONZE
HPA,LATEST,cash_flow,level,2.0,ACTUAL,VNSTOCK_BRONZE
HPA,LATEST,cash_flow,order,30.0,ACTUAL,VNSTOCK_BRONZE
HPA,LATEST,cash_flow,level,2.0,ACTUAL,VNSTOCK_BRONZE
HPA,LATEST,cash_flow,value,0.0,ACTUAL,VNSTOCK_BRONZE
HPA,LATEST,cash_flow,order,31.0,ACTUAL,VNSTOCK_BRONZE
HPA,LATEST,cash_flow,level,2.0,ACTUAL,VNSTOCK_BRONZE
HPA,LATEST,cash_flow,value,-2931002943.0,ACTUAL,VNSTOCK_BRONZE
HPA,LATEST,cash_flow,order,32.0,ACTUAL,VNSTOCK_BRONZE
HPA,LATEST,cash_flow,level,1.0,ACTUAL,VNSTOCK_BRONZE
HPA,LATEST,cash_flow,value,84096870805.0,ACTUAL,VNSTOCK_BRONZE
HPA,LATEST,cash_flow,order,33.0,ACTUAL,VNSTOCK_BRONZE
HPA,LATEST,cash_flow,level,2.0,ACTUAL,VNSTOCK_BRONZE
HPA,LATEST,cash_flow,value,-13747181002.0,ACTUAL,VNSTOCK_BRONZE
HPA,LATEST,cash_flow,order,34.0,ACTUAL,VNSTOCK_BRONZE
HPA,LATEST,cash_flow,level,2.0,ACTUAL,VNSTOCK_BRONZE
HPA,LATEST,cash_flow,value,820964727.0,ACTUAL,VNSTOCK_BRONZE
HPA,LATEST,cash_flow,order,35.0,ACTUAL,VNSTOCK_BRONZE
HPA,LATEST,cash_flow,level,2.0,ACTUAL,VNSTOCK_BRONZE
HPA,LATEST,cash_flow,value,-120300000000.0,ACTUAL,VNSTOCK_BRONZE
HPA,LATEST,cash_flow,order,36.0,ACTUAL,VNSTOCK_BRONZE
HPA,LATEST,cash_flow,level,2.0,ACTUAL,VNSTOCK_BRONZE
HPA,LATEST,cash_flow,value,206100000000.0,ACTUAL,VNSTOCK_BRONZE
HPA,LATEST,cash_flow,order,37.0,ACTUAL,VNSTOCK_BRONZE
HPA,LATEST,cash_flow,level,2.0,ACTUAL,VNSTOCK_BRONZE
HPA,LATEST,cash_flow,value,0.0,ACTUAL,VNSTOCK_BRONZE
HPA,LATEST,cash_flow,order,38.0,ACTUAL,VNSTOCK_BRONZE
HPA,LATEST,cash_flow,level,2.0,ACTUAL,VNSTOCK_BRONZE
HPA,LATEST,cash_flow,value,0.0,ACTUAL,VNSTOCK_BRONZE
HPA,LATEST,cash_flow,order,39.0,ACTUAL,VNSTOCK_BRONZE
HPA,LATEST,cash_flow,level,2.0,ACTUAL,VNSTOCK_BRONZE
HPA,LATEST,cash_flow,value,11223087080.0,ACTUAL,VNSTOCK_BRONZE
HPA,LATEST,cash_flow,order,40.0,ACTUAL,VNSTOCK_BRONZE
HPA,LATEST,cash_flow,level,1.0,ACTUAL,VNSTOCK_BRONZE
HPA,LATEST,cash_flow,order,41.0,ACTUAL,VNSTOCK_BRONZE
HPA,LATEST,cash_flow,level,2.0,ACTUAL,VNSTOCK_BRONZE
HPA,LATEST,cash_flow,value,0.0,ACTUAL,VNSTOCK_BRONZE
HPA,LATEST,cash_flow,order,42.0,ACTUAL,VNSTOCK_BRONZE
HPA,LATEST,cash_flow,level,2.0,ACTUAL,VNSTOCK_BRONZE
HPA,LATEST,cash_flow,value,0.0,ACTUAL,VNSTOCK_BRONZE
HPA,LATEST,cash_flow,order,43.0,ACTUAL,VNSTOCK_BRONZE
HPA,LATEST,cash_flow,level,2.0,ACTUAL,VNSTOCK_BRONZE
HPA,LATEST,cash_flow,value,1236425178509.0,ACTUAL,VNSTOCK_BRONZE
HPA,LATEST,cash_flow,order,44.0,ACTUAL,VNSTOCK_BRONZE
HPA,LATEST,cash_flow,level,2.0,ACTUAL,VNSTOCK_BRONZE
HPA,LATEST,cash_flow,value,-1025469781628.0,ACTUAL,VNSTOCK_BRONZE
HPA,LATEST,cash_flow,order,45.0,ACTUAL,VNSTOCK_BRONZE
HPA,LATEST,cash_flow,level,2.0,ACTUAL,VNSTOCK_BRONZE
HPA,LATEST,cash_flow,value,0.0,ACTUAL,VNSTOCK_BRONZE
HPA,LATEST,cash_flow,order,46.0,ACTUAL,VNSTOCK_BRONZE
HPA,LATEST,cash_flow,level,2.0,ACTUAL,VNSTOCK_BRONZE
HPA,LATEST,cash_flow,value,-335502000040.0,ACTUAL,VNSTOCK_BRONZE
HPA,LATEST,cash_flow,order,47.0,ACTUAL,VNSTOCK_BRONZE
HPA,LATEST,cash_flow,level,2.0,ACTUAL,VNSTOCK_BRONZE
HPA,LATEST,cash_flow,value,794750256980.0,ACTUAL,VNSTOCK_BRONZE
HPA,LATEST,cash_flow,order,48.0,ACTUAL,VNSTOCK_BRONZE
HPA,LATEST,cash_flow,level,1.0,ACTUAL,VNSTOCK_BRONZE
HPA,LATEST,cash_flow,order,49.0,ACTUAL,VNSTOCK_BRONZE
HPA,LATEST,cash_flow,level,1.0,ACTUAL,VNSTOCK_BRONZE
HPA,LATEST,cash_flow,order,50.0,ACTUAL,VNSTOCK_BRONZE
HPA,LATEST,cash_flow,level,1.0,ACTUAL,VNSTOCK_BRONZE
HPA,LATEST,cash_flow,order,51.0,ACTUAL,VNSTOCK_BRONZE
HPA,LATEST,cash_flow,level,1.0,ACTUAL,VNSTOCK_BRONZE
HPA,LATEST,cash_flow,value,919296860139.0,ACTUAL,VNSTOCK_BRONZE
