Ticker,Period,Dataset,Field,Value,DataType,SourceMode
SBB,LATEST,ratio,order,1.0,ACTUAL,VNSTOCK_BRONZE
SBB,LATEST,ratio,level,1.0,ACTUAL,VNSTOCK_BRONZE
SBB,LATEST,ratio,order,2.0,ACTUAL,VNSTOCK_BRONZE
SBB,LATEST,ratio,level,2.0,ACTUAL,VNSTOCK_BRONZE
SBB,LATEST,ratio,value,5.1074957292,ACTUAL,VNSTOCK_BRONZE
SBB,LATEST,ratio,order,3.0,ACTUAL,VNSTOCK_BRONZE
SBB,LATEST,ratio,level,2.0,ACTUAL,VNSTOCK_BRONZE
SBB,LATEST,ratio,value,1.1850602002,ACTUAL,VNSTOCK_BRONZE
SBB,LATEST,ratio,order,4.0,ACTUAL,VNSTOCK_BRONZE
SBB,LATEST,ratio,level,2.0,ACTUAL,VNSTOCK_BRONZE
SBB,LATEST,ratio,value,0.5232257182,ACTUAL,VNSTOCK_BRONZE
SBB,LATEST,ratio,order,5.0,ACTUAL,VNSTOCK_BRONZE
SBB,LATEST,ratio,level,2.0,ACTUAL,VNSTOCK_BRONZE
SBB,LATEST,ratio,value,11.1937897669,ACTUAL,VNSTOCK_BRONZE
SBB,LATEST,ratio,order,6.0,ACTUAL,VNSTOCK_BRONZE
SBB,LATEST,ratio,level,2.0,ACTUAL,VNSTOCK_BRONZE
SBB,LATEST,ratio,value,3.0812098346,ACTUAL,VNSTOCK_BRONZE
SBB,LATEST,ratio,order,7.0,ACTUAL,VNSTOCK_BRONZE
SBB,LATEST,ratio,level,2.0,ACTUAL,VNSTOCK_BRONZE
SBB,LATEST,ratio,value,0.0,ACTUAL,VNSTOCK_BRONZE
SBB,LATEST,ratio,order,8.0,ACTUAL,VNSTOCK_BRONZE
SBB,LATEST,ratio,level,2.0,ACTUAL,VNSTOCK_BRONZE
SBB,LATEST,ratio,value,1756442388448.0,ACTUAL,VNSTOCK_BRONZE
SBB,LATEST,ratio,order,9.0,ACTUAL,VNSTOCK_BRONZE
SBB,LATEST,ratio,level,2.0,ACTUAL,VNSTOCK_BRONZE
SBB,LATEST,ratio,order,10.0,ACTUAL,VNSTOCK_BRONZE
SBB,LATEST,ratio,level,2.0,ACTUAL,VNSTOCK_BRONZE
SBB,LATEST,ratio,order,11.0,ACTUAL,VNSTOCK_BRONZE
SBB,LATEST,ratio,level,2.0,ACTUAL,VNSTOCK_BRONZE
SBB,LATEST,ratio,order,12.0,ACTUAL,VNSTOCK_BRONZE
SBB,LATEST,ratio,level,2.0,ACTUAL,VNSTOCK_BRONZE
SBB,LATEST,ratio,value,365320394193.0,ACTUAL,VNSTOCK_BRONZE
SBB,LATEST,ratio,order,13.0,ACTUAL,VNSTOCK_BRONZE
SBB,LATEST,ratio,level,2.0,ACTUAL,VNSTOCK_BRONZE
SBB,LATEST,ratio,value,477210212974.0,ACTUAL,VNSTOCK_BRONZE
SBB,LATEST,ratio,order,14.0,ACTUAL,VNSTOCK_BRONZE
SBB,LATEST,ratio,level,2.0,ACTUAL,VNSTOCK_BRONZE
SBB,LATEST,ratio,value,0.0,ACTUAL,VNSTOCK_BRONZE
SBB,LATEST,ratio,order,15.0,ACTUAL,VNSTOCK_BRONZE
SBB,LATEST,ratio,level,2.0,ACTUAL,VNSTOCK_BRONZE
SBB,LATEST,ratio,value,87524536.0,ACTUAL,VNSTOCK_BRONZE
SBB,LATEST,ratio,order,16.0,ACTUAL,VNSTOCK_BRONZE
SBB,LATEST,ratio,level,1.0,ACTUAL,VNSTOCK_BRONZE
SBB,LATEST,ratio,order,17.0,ACTUAL,VNSTOCK_BRONZE
SBB,LATEST,ratio,level,2.0,ACTUAL,VNSTOCK_BRONZE
SBB,LATEST,ratio,value,0.253678907,ACTUAL,VNSTOCK_BRONZE
SBB,LATEST,ratio,order,18.0,ACTUAL,VNSTOCK_BRONZE
SBB,LATEST,ratio,level,2.0,ACTUAL,VNSTOCK_BRONZE
SBB,LATEST,ratio,value,0.1637487394,ACTUAL,VNSTOCK_BRONZE
SBB,LATEST,ratio,order,19.0,ACTUAL,VNSTOCK_BRONZE
SBB,LATEST,ratio,level,2.0,ACTUAL,VNSTOCK_BRONZE
SBB,LATEST,ratio,value,0.2464792824,ACTUAL,VNSTOCK_BRONZE
SBB,LATEST,ratio,order,20.0,ACTUAL,VNSTOCK_BRONZE
SBB,LATEST,ratio,level,2.0,ACTUAL,VNSTOCK_BRONZE
SBB,LATEST,ratio,value,0.1378437756,ACTUAL,VNSTOCK_BRONZE
SBB,LATEST,ratio,order,21.0,ACTUAL,VNSTOCK_BRONZE
SBB,LATEST,ratio,level,2.0,ACTUAL,VNSTOCK_BRONZE
SBB,LATEST,ratio,value,0.108825104,ACTUAL,VNSTOCK_BRONZE
SBB,LATEST,ratio,order,22.0,ACTUAL,VNSTOCK_BRONZE
SBB,LATEST,ratio,level,2.0,ACTUAL,VNSTOCK_BRONZE
SBB,LATEST,ratio,value,0.1077571132,ACTUAL,VNSTOCK_BRONZE
SBB,LATEST,ratio,order,23.0,ACTUAL,VNSTOCK_BRONZE
SBB,LATEST,ratio,level,2.0,ACTUAL,VNSTOCK_BRONZE
SBB,LATEST,ratio,value,0.1024427128,ACTUAL,VNSTOCK_BRONZE
SBB,LATEST,ratio,order,24.0,ACTUAL,VNSTOCK_BRONZE
SBB,LATEST,ratio,level,2.0,ACTUAL,VNSTOCK_BRONZE
SBB,LATEST,ratio,value,1.5984420457,ACTUAL,VNSTOCK_BRONZE
SBB,LATEST,ratio,order,25.0,ACTUAL,VNSTOCK_BRONZE
SBB,LATEST,ratio,level,2.0,ACTUAL,VNSTOCK_BRONZE
SBB,LATEST,ratio,value,3.6576967114,ACTUAL,VNSTOCK_BRONZE
SBB,LATEST,ratio,order,26.0,ACTUAL,VNSTOCK_BRONZE
SBB,LATEST,ratio,level,2.0,ACTUAL,VNSTOCK_BRONZE
SBB,LATEST,ratio,value,52.1782294474,ACTUAL,VNSTOCK_BRONZE
SBB,LATEST,ratio,order,27.0,ACTUAL,VNSTOCK_BRONZE
SBB,LATEST,ratio,level,2.0,ACTUAL,VNSTOCK_BRONZE
SBB,LATEST,ratio,value,38.5279264288,ACTUAL,VNSTOCK_BRONZE
SBB,LATEST,ratio,order,28.0,ACTUAL,VNSTOCK_BRONZE
SBB,LATEST,ratio,level,2.0,ACTUAL,VNSTOCK_BRONZE
SBB,LATEST,ratio,value,16.9516440873,ACTUAL,VNSTOCK_BRONZE
SBB,LATEST,ratio,order,29.0,ACTUAL,VNSTOCK_BRONZE
SBB,LATEST,ratio,level,2.0,ACTUAL,VNSTOCK_BRONZE
SBB,LATEST,ratio,value,78.3804574953,ACTUAL,VNSTOCK_BRONZE
SBB,LATEST,ratio,order,30.0,ACTUAL,VNSTOCK_BRONZE
SBB,LATEST,ratio,level,1.0,ACTUAL,VNSTOCK_BRONZE
SBB,LATEST,ratio,order,31.0,ACTUAL,VNSTOCK_BRONZE
SBB,LATEST,ratio,level,2.0,ACTUAL,VNSTOCK_BRONZE
SBB,LATEST,ratio,value,1.9220292641,ACTUAL,VNSTOCK_BRONZE
SBB,LATEST,ratio,order,32.0,ACTUAL,VNSTOCK_BRONZE
SBB,LATEST,ratio,level,2.0,ACTUAL,VNSTOCK_BRONZE
SBB,LATEST,ratio,value,1.3235232785,ACTUAL,VNSTOCK_BRONZE
SBB,LATEST,ratio,order,33.0,ACTUAL,VNSTOCK_BRONZE
SBB,LATEST,ratio,level,2.0,ACTUAL,VNSTOCK_BRONZE
SBB,LATEST,ratio,value,0.5932314469,ACTUAL,VNSTOCK_BRONZE
SBB,LATEST,ratio,order,34.0,ACTUAL,VNSTOCK_BRONZE
SBB,LATEST,ratio,level,2.0,ACTUAL,VNSTOCK_BRONZE
SBB,LATEST,ratio,order,35.0,ACTUAL,VNSTOCK_BRONZE
SBB,LATEST,ratio,level,2.0,ACTUAL,VNSTOCK_BRONZE
SBB,LATEST,ratio,order,36.0,ACTUAL,VNSTOCK_BRONZE
SBB,LATEST,ratio,level,2.0,ACTUAL,VNSTOCK_BRONZE
SBB,LATEST,ratio,order,37.0,ACTUAL,VNSTOCK_BRONZE
SBB,LATEST,ratio,level,2.0,ACTUAL,VNSTOCK_BRONZE
SBB,LATEST,ratio,order,38.0,ACTUAL,VNSTOCK_BRONZE
SBB,LATEST,ratio,level,1.0,ACTUAL,VNSTOCK_BRONZE
SBB,LATEST,ratio,order,39.0,ACTUAL,VNSTOCK_BRONZE
SBB,LATEST,ratio,level,2.0,ACTUAL,VNSTOCK_BRONZE
SBB,LATEST,ratio,value,0.4111039129,ACTUAL,VNSTOCK_BRONZE
SBB,LATEST,ratio,order,40.0,ACTUAL,VNSTOCK_BRONZE
SBB,LATEST,ratio,level,2.0,ACTUAL,VNSTOCK_BRONZE
SBB,LATEST,ratio,value,0.0,ACTUAL,VNSTOCK_BRONZE
SBB,LATEST,ratio,order,41.0,ACTUAL,VNSTOCK_BRONZE
SBB,LATEST,ratio,level,2.0,ACTUAL,VNSTOCK_BRONZE
SBB,LATEST,ratio,order,42.0,ACTUAL,VNSTOCK_BRONZE
SBB,LATEST,ratio,level,2.0,ACTUAL,VNSTOCK_BRONZE
SBB,LATEST,ratio,value,0.4111039129,ACTUAL,VNSTOCK_BRONZE
SBB,LATEST,ratio,order,43.0,ACTUAL,VNSTOCK_BRONZE
SBB,LATEST,ratio,level,2.0,ACTUAL,VNSTOCK_BRONZE
SBB,LATEST,ratio,value,0.0,ACTUAL,VNSTOCK_BRONZE
SBB,LATEST,ratio,order,44.0,ACTUAL,VNSTOCK_BRONZE
SBB,LATEST,ratio,level,2.0,ACTUAL,VNSTOCK_BRONZE
SBB,LATEST,ratio,value,0.0,ACTUAL,VNSTOCK_BRONZE
SBB,LATEST,ratio,order,45.0,ACTUAL,VNSTOCK_BRONZE
SBB,LATEST,ratio,level,1.0,ACTUAL,VNSTOCK_BRONZE
SBB,LATEST,ratio,order,46.0,ACTUAL,VNSTOCK_BRONZE
SBB,LATEST,ratio,level,2.0,ACTUAL,VNSTOCK_BRONZE
SBB,LATEST,ratio,value,0.0,ACTUAL,VNSTOCK_BRONZE
SBB,LATEST,ratio,order,47.0,ACTUAL,VNSTOCK_BRONZE
SBB,LATEST,ratio,level,2.0,ACTUAL,VNSTOCK_BRONZE
SBB,LATEST,ratio,value,0.0,ACTUAL,VNSTOCK_BRONZE
SBB,LATEST,ratio,order,48.0,ACTUAL,VNSTOCK_BRONZE
SBB,LATEST,ratio,level,2.0,ACTUAL,VNSTOCK_BRONZE
SBB,LATEST,ratio,value,0.0,ACTUAL,VNSTOCK_BRONZE
SBB,LATEST,ratio,order,49.0,ACTUAL,VNSTOCK_BRONZE
SBB,LATEST,ratio,level,2.0,ACTUAL,VNSTOCK_BRONZE
SBB,LATEST,ratio,value,0.0,ACTUAL,VNSTOCK_BRONZE
SBB,LATEST,ratio,order,50.0,ACTUAL,VNSTOCK_BRONZE
SBB,LATEST,ratio,level,2.0,ACTUAL,VNSTOCK_BRONZE
SBB,LATEST,ratio,value,0.0,ACTUAL,VNSTOCK_BRONZE
SBB,LATEST,ratio,order,51.0,ACTUAL,VNSTOCK_BRONZE
SBB,LATEST,ratio,level,2.0,ACTUAL,VNSTOCK_BRONZE
SBB,LATEST,ratio,value,0.0,ACTUAL,VNSTOCK_BRONZE
SBB,LATEST,ratio,order,52.0,ACTUAL,VNSTOCK_BRONZE
SBB,LATEST,ratio,level,2.0,ACTUAL,VNSTOCK_BRONZE
SBB,LATEST,ratio,value,0.0,ACTUAL,VNSTOCK_BRONZE
SBB,LATEST,ratio,order,53.0,ACTUAL,VNSTOCK_BRONZE
SBB,LATEST,ratio,level,2.0,ACTUAL,VNSTOCK_BRONZE
SBB,LATEST,ratio,value,0.0,ACTUAL,VNSTOCK_BRONZE
SBB,LATEST,ratio,order,54.0,ACTUAL,VNSTOCK_BRONZE
SBB,LATEST,ratio,level,2.0,ACTUAL,VNSTOCK_BRONZE
SBB,LATEST,ratio,value,0.0,ACTUAL,VNSTOCK_BRONZE
SBB,LATEST,ratio,order,55.0,ACTUAL,VNSTOCK_BRONZE
SBB,LATEST,ratio,level,2.0,ACTUAL,VNSTOCK_BRONZE
SBB,LATEST,ratio,value,0.0,ACTUAL,VNSTOCK_BRONZE
SBB,LATEST,ratio,order,56.0,ACTUAL,VNSTOCK_BRONZE
SBB,LATEST,ratio,level,2.0,ACTUAL,VNSTOCK_BRONZE
SBB,LATEST,ratio,value,0.0,ACTUAL,VNSTOCK_BRONZE
SBB,LATEST,ratio,order,57.0,ACTUAL,VNSTOCK_BRONZE
SBB,LATEST,ratio,level,2.0,ACTUAL,VNSTOCK_BRONZE
SBB,LATEST,ratio,order,58.0,ACTUAL,VNSTOCK_BRONZE
SBB,LATEST,ratio,level,2.0,ACTUAL,VNSTOCK_BRONZE
SBB,LATEST,ratio,order,59.0,ACTUAL,VNSTOCK_BRONZE
SBB,LATEST,ratio,level,2.0,ACTUAL,VNSTOCK_BRONZE
SBB,LATEST,ratio,value,0.0,ACTUAL,VNSTOCK_BRONZE
SBB,LATEST,ratio,order,60.0,ACTUAL,VNSTOCK_BRONZE
SBB,LATEST,ratio,level,2.0,ACTUAL,VNSTOCK_BRONZE
SBB,LATEST,ratio,value,0.0,ACTUAL,VNSTOCK_BRONZE
SBB,LATEST,ratio,order,1.0,ACTUAL,VNSTOCK_BRONZE
SBB,LATEST,ratio,level,1.0,ACTUAL,VNSTOCK_BRONZE
SBB,LATEST,ratio,order,2.0,ACTUAL,VNSTOCK_BRONZE
SBB,LATEST,ratio,level,2.0,ACTUAL,VNSTOCK_BRONZE
SBB,LATEST,ratio,value,6.6896121639,ACTUAL,VNSTOCK_BRONZE
SBB,LATEST,ratio,order,3.0,ACTUAL,VNSTOCK_BRONZE
SBB,LATEST,ratio,level,2.0,ACTUAL,VNSTOCK_BRONZE
SBB,LATEST,ratio,value,1.2660580695,ACTUAL,VNSTOCK_BRONZE
SBB,LATEST,ratio,order,4.0,ACTUAL,VNSTOCK_BRONZE
SBB,LATEST,ratio,level,2.0,ACTUAL,VNSTOCK_BRONZE
SBB,LATEST,ratio,value,0.5255231675,ACTUAL,VNSTOCK_BRONZE
SBB,LATEST,ratio,order,5.0,ACTUAL,VNSTOCK_BRONZE
SBB,LATEST,ratio,level,2.0,ACTUAL,VNSTOCK_BRONZE
SBB,LATEST,ratio,value,4.9767738974,ACTUAL,VNSTOCK_BRONZE
SBB,LATEST,ratio,order,6.0,ACTUAL,VNSTOCK_BRONZE
SBB,LATEST,ratio,level,2.0,ACTUAL,VNSTOCK_BRONZE
SBB,LATEST,ratio,value,3.4794680038,ACTUAL,VNSTOCK_BRONZE
SBB,LATEST,ratio,order,7.0,ACTUAL,VNSTOCK_BRONZE
SBB,LATEST,ratio,level,2.0,ACTUAL,VNSTOCK_BRONZE
SBB,LATEST,ratio,value,0.0,ACTUAL,VNSTOCK_BRONZE
SBB,LATEST,ratio,order,8.0,ACTUAL,VNSTOCK_BRONZE
SBB,LATEST,ratio,level,2.0,ACTUAL,VNSTOCK_BRONZE
SBB,LATEST,ratio,value,1770971461424.0,ACTUAL,VNSTOCK_BRONZE
SBB,LATEST,ratio,order,9.0,ACTUAL,VNSTOCK_BRONZE
SBB,LATEST,ratio,level,2.0,ACTUAL,VNSTOCK_BRONZE
SBB,LATEST,ratio,order,10.0,ACTUAL,VNSTOCK_BRONZE
SBB,LATEST,ratio,level,2.0,ACTUAL,VNSTOCK_BRONZE
SBB,LATEST,ratio,order,11.0,ACTUAL,VNSTOCK_BRONZE
SBB,LATEST,ratio,level,2.0,ACTUAL,VNSTOCK_BRONZE
SBB,LATEST,ratio,order,12.0,ACTUAL,VNSTOCK_BRONZE
SBB,LATEST,ratio,level,2.0,ACTUAL,VNSTOCK_BRONZE
SBB,LATEST,ratio,value,284284300741.0,ACTUAL,VNSTOCK_BRONZE
SBB,LATEST,ratio,order,13.0,ACTUAL,VNSTOCK_BRONZE
SBB,LATEST,ratio,level,2.0,ACTUAL,VNSTOCK_BRONZE
SBB,LATEST,ratio,value,427389116508.0,ACTUAL,VNSTOCK_BRONZE
SBB,LATEST,ratio,order,14.0,ACTUAL,VNSTOCK_BRONZE
SBB,LATEST,ratio,level,2.0,ACTUAL,VNSTOCK_BRONZE
SBB,LATEST,ratio,value,0.0,ACTUAL,VNSTOCK_BRONZE
SBB,LATEST,ratio,order,15.0,ACTUAL,VNSTOCK_BRONZE
SBB,LATEST,ratio,level,2.0,ACTUAL,VNSTOCK_BRONZE
SBB,LATEST,ratio,value,87524536.0,ACTUAL,VNSTOCK_BRONZE
SBB,LATEST,ratio,order,16.0,ACTUAL,VNSTOCK_BRONZE
SBB,LATEST,ratio,level,1.0,ACTUAL,VNSTOCK_BRONZE
SBB,LATEST,ratio,order,17.0,ACTUAL,VNSTOCK_BRONZE
SBB,LATEST,ratio,level,2.0,ACTUAL,VNSTOCK_BRONZE
SBB,LATEST,ratio,value,0.2071845422,ACTUAL,VNSTOCK_BRONZE
SBB,LATEST,ratio,order,18.0,ACTUAL,VNSTOCK_BRONZE
SBB,LATEST,ratio,level,2.0,ACTUAL,VNSTOCK_BRONZE
SBB,LATEST,ratio,value,0.1248613245,ACTUAL,VNSTOCK_BRONZE
SBB,LATEST,ratio,order,19.0,ACTUAL,VNSTOCK_BRONZE
SBB,LATEST,ratio,level,2.0,ACTUAL,VNSTOCK_BRONZE
SBB,LATEST,ratio,value,0.1881883409,ACTUAL,VNSTOCK_BRONZE
SBB,LATEST,ratio,order,20.0,ACTUAL,VNSTOCK_BRONZE
SBB,LATEST,ratio,level,2.0,ACTUAL,VNSTOCK_BRONZE
SBB,LATEST,ratio,value,0.1115307132,ACTUAL,VNSTOCK_BRONZE
SBB,LATEST,ratio,order,21.0,ACTUAL,VNSTOCK_BRONZE
SBB,LATEST,ratio,level,2.0,ACTUAL,VNSTOCK_BRONZE
SBB,LATEST,ratio,value,0.0843593414,ACTUAL,VNSTOCK_BRONZE
SBB,LATEST,ratio,order,22.0,ACTUAL,VNSTOCK_BRONZE
SBB,LATEST,ratio,level,2.0,ACTUAL,VNSTOCK_BRONZE
SBB,LATEST,ratio,value,0.0839596753,ACTUAL,VNSTOCK_BRONZE
SBB,LATEST,ratio,order,23.0,ACTUAL,VNSTOCK_BRONZE
SBB,LATEST,ratio,level,2.0,ACTUAL,VNSTOCK_BRONZE
SBB,LATEST,ratio,value,0.078558092,ACTUAL,VNSTOCK_BRONZE
SBB,LATEST,ratio,order,24.0,ACTUAL,VNSTOCK_BRONZE
SBB,LATEST,ratio,level,2.0,ACTUAL,VNSTOCK_BRONZE
SBB,LATEST,ratio,value,1.5894139153,ACTUAL,VNSTOCK_BRONZE
SBB,LATEST,ratio,order,25.0,ACTUAL,VNSTOCK_BRONZE
SBB,LATEST,ratio,level,2.0,ACTUAL,VNSTOCK_BRONZE
SBB,LATEST,ratio,value,3.4630138973,ACTUAL,VNSTOCK_BRONZE
SBB,LATEST,ratio,order,26.0,ACTUAL,VNSTOCK_BRONZE
SBB,LATEST,ratio,level,2.0,ACTUAL,VNSTOCK_BRONZE
SBB,LATEST,ratio,value,52.5357181079,ACTUAL,VNSTOCK_BRONZE
SBB,LATEST,ratio,order,27.0,ACTUAL,VNSTOCK_BRONZE
SBB,LATEST,ratio,level,2.0,ACTUAL,VNSTOCK_BRONZE
SBB,LATEST,ratio,value,34.674094179,ACTUAL,VNSTOCK_BRONZE
SBB,LATEST,ratio,order,28.0,ACTUAL,VNSTOCK_BRONZE
SBB,LATEST,ratio,level,2.0,ACTUAL,VNSTOCK_BRONZE
SBB,LATEST,ratio,value,20.6978664279,ACTUAL,VNSTOCK_BRONZE
SBB,LATEST,ratio,order,29.0,ACTUAL,VNSTOCK_BRONZE
SBB,LATEST,ratio,level,2.0,ACTUAL,VNSTOCK_BRONZE
SBB,LATEST,ratio,value,78.9157933086,ACTUAL,VNSTOCK_BRONZE
SBB,LATEST,ratio,order,30.0,ACTUAL,VNSTOCK_BRONZE
SBB,LATEST,ratio,level,1.0,ACTUAL,VNSTOCK_BRONZE
SBB,LATEST,ratio,order,31.0,ACTUAL,VNSTOCK_BRONZE
SBB,LATEST,ratio,level,2.0,ACTUAL,VNSTOCK_BRONZE
SBB,LATEST,ratio,value,1.4906102402,ACTUAL,VNSTOCK_BRONZE
SBB,LATEST,ratio,order,32.0,ACTUAL,VNSTOCK_BRONZE
SBB,LATEST,ratio,level,2.0,ACTUAL,VNSTOCK_BRONZE
SBB,LATEST,ratio,value,1.0476650044,ACTUAL,VNSTOCK_BRONZE
SBB,LATEST,ratio,order,33.0,ACTUAL,VNSTOCK_BRONZE
SBB,LATEST,ratio,level,2.0,ACTUAL,VNSTOCK_BRONZE
SBB,LATEST,ratio,value,0.5892949075,ACTUAL,VNSTOCK_BRONZE
SBB,LATEST,ratio,order,34.0,ACTUAL,VNSTOCK_BRONZE
SBB,LATEST,ratio,level,2.0,ACTUAL,VNSTOCK_BRONZE
SBB,LATEST,ratio,order,35.0,ACTUAL,VNSTOCK_BRONZE
SBB,LATEST,ratio,level,2.0,ACTUAL,VNSTOCK_BRONZE
SBB,LATEST,ratio,order,36.0,ACTUAL,VNSTOCK_BRONZE
SBB,LATEST,ratio,level,2.0,ACTUAL,VNSTOCK_BRONZE
SBB,LATEST,ratio,order,37.0,ACTUAL,VNSTOCK_BRONZE
SBB,LATEST,ratio,level,2.0,ACTUAL,VNSTOCK_BRONZE
SBB,LATEST,ratio,order,38.0,ACTUAL,VNSTOCK_BRONZE
SBB,LATEST,ratio,level,1.0,ACTUAL,VNSTOCK_BRONZE
SBB,LATEST,ratio,order,39.0,ACTUAL,VNSTOCK_BRONZE
SBB,LATEST,ratio,level,2.0,ACTUAL,VNSTOCK_BRONZE
SBB,LATEST,ratio,value,0.5675384003,ACTUAL,VNSTOCK_BRONZE
SBB,LATEST,ratio,order,40.0,ACTUAL,VNSTOCK_BRONZE
SBB,LATEST,ratio,level,2.0,ACTUAL,VNSTOCK_BRONZE
SBB,LATEST,ratio,value,0.0799464632,ACTUAL,VNSTOCK_BRONZE
SBB,LATEST,ratio,order,41.0,ACTUAL,VNSTOCK_BRONZE
SBB,LATEST,ratio,level,2.0,ACTUAL,VNSTOCK_BRONZE
SBB,LATEST,ratio,order,42.0,ACTUAL,VNSTOCK_BRONZE
SBB,LATEST,ratio,level,2.0,ACTUAL,VNSTOCK_BRONZE
SBB,LATEST,ratio,value,0.5675384003,ACTUAL,VNSTOCK_BRONZE
SBB,LATEST,ratio,order,43.0,ACTUAL,VNSTOCK_BRONZE
SBB,LATEST,ratio,level,2.0,ACTUAL,VNSTOCK_BRONZE
SBB,LATEST,ratio,value,0.0,ACTUAL,VNSTOCK_BRONZE
SBB,LATEST,ratio,order,44.0,ACTUAL,VNSTOCK_BRONZE
SBB,LATEST,ratio,level,2.0,ACTUAL,VNSTOCK_BRONZE
SBB,LATEST,ratio,value,0.0,ACTUAL,VNSTOCK_BRONZE
SBB,LATEST,ratio,order,45.0,ACTUAL,VNSTOCK_BRONZE
SBB,LATEST,ratio,level,1.0,ACTUAL,VNSTOCK_BRONZE
SBB,LATEST,ratio,order,46.0,ACTUAL,VNSTOCK_BRONZE
SBB,LATEST,ratio,level,2.0,ACTUAL,VNSTOCK_BRONZE
SBB,LATEST,ratio,value,0.0,ACTUAL,VNSTOCK_BRONZE
SBB,LATEST,ratio,order,47.0,ACTUAL,VNSTOCK_BRONZE
SBB,LATEST,ratio,level,2.0,ACTUAL,VNSTOCK_BRONZE
SBB,LATEST,ratio,value,0.0,ACTUAL,VNSTOCK_BRONZE
SBB,LATEST,ratio,order,48.0,ACTUAL,VNSTOCK_BRONZE
SBB,LATEST,ratio,level,2.0,ACTUAL,VNSTOCK_BRONZE
SBB,LATEST,ratio,value,0.0,ACTUAL,VNSTOCK_BRONZE
SBB,LATEST,ratio,order,49.0,ACTUAL,VNSTOCK_BRONZE
SBB,LATEST,ratio,level,2.0,ACTUAL,VNSTOCK_BRONZE
SBB,LATEST,ratio,value,0.0,ACTUAL,VNSTOCK_BRONZE
SBB,LATEST,ratio,order,50.0,ACTUAL,VNSTOCK_BRONZE
SBB,LATEST,ratio,level,2.0,ACTUAL,VNSTOCK_BRONZE
SBB,LATEST,ratio,value,0.0,ACTUAL,VNSTOCK_BRONZE
SBB,LATEST,ratio,order,51.0,ACTUAL,VNSTOCK_BRONZE
SBB,LATEST,ratio,level,2.0,ACTUAL,VNSTOCK_BRONZE
SBB,LATEST,ratio,value,0.0,ACTUAL,VNSTOCK_BRONZE
SBB,LATEST,ratio,order,52.0,ACTUAL,VNSTOCK_BRONZE
SBB,LATEST,ratio,level,2.0,ACTUAL,VNSTOCK_BRONZE
SBB,LATEST,ratio,value,0.0,ACTUAL,VNSTOCK_BRONZE
SBB,LATEST,ratio,order,53.0,ACTUAL,VNSTOCK_BRONZE
SBB,LATEST,ratio,level,2.0,ACTUAL,VNSTOCK_BRONZE
SBB,LATEST,ratio,value,0.0,ACTUAL,VNSTOCK_BRONZE
SBB,LATEST,ratio,order,54.0,ACTUAL,VNSTOCK_BRONZE
SBB,LATEST,ratio,level,2.0,ACTUAL,VNSTOCK_BRONZE
SBB,LATEST,ratio,value,0.0,ACTUAL,VNSTOCK_BRONZE
SBB,LATEST,ratio,order,55.0,ACTUAL,VNSTOCK_BRONZE
SBB,LATEST,ratio,level,2.0,ACTUAL,VNSTOCK_BRONZE
SBB,LATEST,ratio,value,0.0,ACTUAL,VNSTOCK_BRONZE
SBB,LATEST,ratio,order,56.0,ACTUAL,VNSTOCK_BRONZE
SBB,LATEST,ratio,level,2.0,ACTUAL,VNSTOCK_BRONZE
SBB,LATEST,ratio,value,0.0,ACTUAL,VNSTOCK_BRONZE
SBB,LATEST,ratio,order,57.0,ACTUAL,VNSTOCK_BRONZE
SBB,LATEST,ratio,level,2.0,ACTUAL,VNSTOCK_BRONZE
SBB,LATEST,ratio,order,58.0,ACTUAL,VNSTOCK_BRONZE
SBB,LATEST,ratio,level,2.0,ACTUAL,VNSTOCK_BRONZE
SBB,LATEST,ratio,order,59.0,ACTUAL,VNSTOCK_BRONZE
SBB,LATEST,ratio,level,2.0,ACTUAL,VNSTOCK_BRONZE
SBB,LATEST,ratio,value,0.0,ACTUAL,VNSTOCK_BRONZE
SBB,LATEST,ratio,order,60.0,ACTUAL,VNSTOCK_BRONZE
SBB,LATEST,ratio,level,2.0,ACTUAL,VNSTOCK_BRONZE
SBB,LATEST,ratio,value,0.0,ACTUAL,VNSTOCK_BRONZE
SBB,LATEST,ratio,order,1.0,ACTUAL,VNSTOCK_BRONZE
SBB,LATEST,ratio,level,1.0,ACTUAL,VNSTOCK_BRONZE
SBB,LATEST,ratio,order,2.0,ACTUAL,VNSTOCK_BRONZE
SBB,LATEST,ratio,level,2.0,ACTUAL,VNSTOCK_BRONZE
SBB,LATEST,ratio,value,7.3997606785,ACTUAL,VNSTOCK_BRONZE
SBB,LATEST,ratio,order,3.0,ACTUAL,VNSTOCK_BRONZE
SBB,LATEST,ratio,level,2.0,ACTUAL,VNSTOCK_BRONZE
SBB,LATEST,ratio,value,1.0319775309,ACTUAL,VNSTOCK_BRONZE
SBB,LATEST,ratio,order,4.0,ACTUAL,VNSTOCK_BRONZE
SBB,LATEST,ratio,level,2.0,ACTUAL,VNSTOCK_BRONZE
SBB,LATEST,ratio,value,0.4245233775,ACTUAL,VNSTOCK_BRONZE
SBB,LATEST,ratio,order,5.0,ACTUAL,VNSTOCK_BRONZE
SBB,LATEST,ratio,level,2.0,ACTUAL,VNSTOCK_BRONZE
SBB,LATEST,ratio,value,8.6848223773,ACTUAL,VNSTOCK_BRONZE
SBB,LATEST,ratio,order,6.0,ACTUAL,VNSTOCK_BRONZE
SBB,LATEST,ratio,level,2.0,ACTUAL,VNSTOCK_BRONZE
SBB,LATEST,ratio,value,3.5027931102,ACTUAL,VNSTOCK_BRONZE
SBB,LATEST,ratio,order,7.0,ACTUAL,VNSTOCK_BRONZE
SBB,LATEST,ratio,level,2.0,ACTUAL,VNSTOCK_BRONZE
SBB,LATEST,ratio,value,0.0,ACTUAL,VNSTOCK_BRONZE
SBB,LATEST,ratio,order,8.0,ACTUAL,VNSTOCK_BRONZE
SBB,LATEST,ratio,level,2.0,ACTUAL,VNSTOCK_BRONZE
SBB,LATEST,ratio,value,1348315477080.0,ACTUAL,VNSTOCK_BRONZE
SBB,LATEST,ratio,order,9.0,ACTUAL,VNSTOCK_BRONZE
SBB,LATEST,ratio,level,2.0,ACTUAL,VNSTOCK_BRONZE
SBB,LATEST,ratio,order,10.0,ACTUAL,VNSTOCK_BRONZE
SBB,LATEST,ratio,level,2.0,ACTUAL,VNSTOCK_BRONZE
SBB,LATEST,ratio,order,11.0,ACTUAL,VNSTOCK_BRONZE
SBB,LATEST,ratio,level,2.0,ACTUAL,VNSTOCK_BRONZE
SBB,LATEST,ratio,order,12.0,ACTUAL,VNSTOCK_BRONZE
SBB,LATEST,ratio,level,2.0,ACTUAL,VNSTOCK_BRONZE
SBB,LATEST,ratio,value,201743566784.0,ACTUAL,VNSTOCK_BRONZE
SBB,LATEST,ratio,order,13.0,ACTUAL,VNSTOCK_BRONZE
SBB,LATEST,ratio,level,2.0,ACTUAL,VNSTOCK_BRONZE
SBB,LATEST,ratio,value,353755112240.0,ACTUAL,VNSTOCK_BRONZE
SBB,LATEST,ratio,order,14.0,ACTUAL,VNSTOCK_BRONZE
SBB,LATEST,ratio,level,2.0,ACTUAL,VNSTOCK_BRONZE
SBB,LATEST,ratio,value,0.0,ACTUAL,VNSTOCK_BRONZE
SBB,LATEST,ratio,order,15.0,ACTUAL,VNSTOCK_BRONZE
SBB,LATEST,ratio,level,2.0,ACTUAL,VNSTOCK_BRONZE
SBB,LATEST,ratio,value,87524536.0,ACTUAL,VNSTOCK_BRONZE
SBB,LATEST,ratio,order,16.0,ACTUAL,VNSTOCK_BRONZE
SBB,LATEST,ratio,level,1.0,ACTUAL,VNSTOCK_BRONZE
SBB,LATEST,ratio,order,17.0,ACTUAL,VNSTOCK_BRONZE
SBB,LATEST,ratio,level,2.0,ACTUAL,VNSTOCK_BRONZE
SBB,LATEST,ratio,value,0.1493469984,ACTUAL,VNSTOCK_BRONZE
SBB,LATEST,ratio,order,18.0,ACTUAL,VNSTOCK_BRONZE
SBB,LATEST,ratio,level,2.0,ACTUAL,VNSTOCK_BRONZE
SBB,LATEST,ratio,value,0.0859542982,ACTUAL,VNSTOCK_BRONZE
SBB,LATEST,ratio,order,19.0,ACTUAL,VNSTOCK_BRONZE
SBB,LATEST,ratio,level,2.0,ACTUAL,VNSTOCK_BRONZE
SBB,LATEST,ratio,value,0.1384734578,ACTUAL,VNSTOCK_BRONZE
SBB,LATEST,ratio,order,20.0,ACTUAL,VNSTOCK_BRONZE
SBB,LATEST,ratio,level,2.0,ACTUAL,VNSTOCK_BRONZE
SBB,LATEST,ratio,value,0.0911790746,ACTUAL,VNSTOCK_BRONZE
SBB,LATEST,ratio,order,21.0,ACTUAL,VNSTOCK_BRONZE
SBB,LATEST,ratio,level,2.0,ACTUAL,VNSTOCK_BRONZE
SBB,LATEST,ratio,value,0.0635198971,ACTUAL,VNSTOCK_BRONZE
SBB,LATEST,ratio,order,22.0,ACTUAL,VNSTOCK_BRONZE
SBB,LATEST,ratio,level,2.0,ACTUAL,VNSTOCK_BRONZE
SBB,LATEST,ratio,value,0.0619758929,ACTUAL,VNSTOCK_BRONZE
SBB,LATEST,ratio,order,23.0,ACTUAL,VNSTOCK_BRONZE
SBB,LATEST,ratio,level,2.0,ACTUAL,VNSTOCK_BRONZE
SBB,LATEST,ratio,value,0.0573698794,ACTUAL,VNSTOCK_BRONZE
SBB,LATEST,ratio,order,24.0,ACTUAL,VNSTOCK_BRONZE
SBB,LATEST,ratio,level,2.0,ACTUAL,VNSTOCK_BRONZE
SBB,LATEST,ratio,value,1.4982478453,ACTUAL,VNSTOCK_BRONZE
SBB,LATEST,ratio,order,25.0,ACTUAL,VNSTOCK_BRONZE
SBB,LATEST,ratio,level,2.0,ACTUAL,VNSTOCK_BRONZE
SBB,LATEST,ratio,value,3.0994769198,ACTUAL,VNSTOCK_BRONZE
SBB,LATEST,ratio,order,26.0,ACTUAL,VNSTOCK_BRONZE
SBB,LATEST,ratio,level,2.0,ACTUAL,VNSTOCK_BRONZE
SBB,LATEST,ratio,value,55.8962864269,ACTUAL,VNSTOCK_BRONZE
SBB,LATEST,ratio,order,27.0,ACTUAL,VNSTOCK_BRONZE
SBB,LATEST,ratio,level,2.0,ACTUAL,VNSTOCK_BRONZE
SBB,LATEST,ratio,value,37.5729253227,ACTUAL,VNSTOCK_BRONZE
SBB,LATEST,ratio,order,28.0,ACTUAL,VNSTOCK_BRONZE
SBB,LATEST,ratio,level,2.0,ACTUAL,VNSTOCK_BRONZE
SBB,LATEST,ratio,value,14.4604363539,ACTUAL,VNSTOCK_BRONZE
SBB,LATEST,ratio,order,29.0,ACTUAL,VNSTOCK_BRONZE
SBB,LATEST,ratio,level,2.0,ACTUAL,VNSTOCK_BRONZE
SBB,LATEST,ratio,value,79.7768629788,ACTUAL,VNSTOCK_BRONZE
SBB,LATEST,ratio,order,30.0,ACTUAL,VNSTOCK_BRONZE
SBB,LATEST,ratio,level,1.0,ACTUAL,VNSTOCK_BRONZE
SBB,LATEST,ratio,order,31.0,ACTUAL,VNSTOCK_BRONZE
SBB,LATEST,ratio,level,2.0,ACTUAL,VNSTOCK_BRONZE
SBB,LATEST,ratio,value,1.2864025321,ACTUAL,VNSTOCK_BRONZE
SBB,LATEST,ratio,order,32.0,ACTUAL,VNSTOCK_BRONZE
SBB,LATEST,ratio,level,2.0,ACTUAL,VNSTOCK_BRONZE
SBB,LATEST,ratio,value,0.877484093,ACTUAL,VNSTOCK_BRONZE
SBB,LATEST,ratio,order,33.0,ACTUAL,VNSTOCK_BRONZE
SBB,LATEST,ratio,level,2.0,ACTUAL,VNSTOCK_BRONZE
SBB,LATEST,ratio,value,0.3286292214,ACTUAL,VNSTOCK_BRONZE
SBB,LATEST,ratio,order,34.0,ACTUAL,VNSTOCK_BRONZE
SBB,LATEST,ratio,level,2.0,ACTUAL,VNSTOCK_BRONZE
SBB,LATEST,ratio,order,35.0,ACTUAL,VNSTOCK_BRONZE
SBB,LATEST,ratio,level,2.0,ACTUAL,VNSTOCK_BRONZE
SBB,LATEST,ratio,order,36.0,ACTUAL,VNSTOCK_BRONZE
SBB,LATEST,ratio,level,2.0,ACTUAL,VNSTOCK_BRONZE
SBB,LATEST,ratio,order,37.0,ACTUAL,VNSTOCK_BRONZE
SBB,LATEST,ratio,level,2.0,ACTUAL,VNSTOCK_BRONZE
SBB,LATEST,ratio,order,38.0,ACTUAL,VNSTOCK_BRONZE
SBB,LATEST,ratio,level,1.0,ACTUAL,VNSTOCK_BRONZE
SBB,LATEST,ratio,order,39.0,ACTUAL,VNSTOCK_BRONZE
SBB,LATEST,ratio,level,2.0,ACTUAL,VNSTOCK_BRONZE
SBB,LATEST,ratio,value,0.6322194207,ACTUAL,VNSTOCK_BRONZE
SBB,LATEST,ratio,order,40.0,ACTUAL,VNSTOCK_BRONZE
SBB,LATEST,ratio,level,2.0,ACTUAL,VNSTOCK_BRONZE
SBB,LATEST,ratio,value,0.1150950281,ACTUAL,VNSTOCK_BRONZE
SBB,LATEST,ratio,order,41.0,ACTUAL,VNSTOCK_BRONZE
SBB,LATEST,ratio,level,2.0,ACTUAL,VNSTOCK_BRONZE
SBB,LATEST,ratio,order,42.0,ACTUAL,VNSTOCK_BRONZE
SBB,LATEST,ratio,level,2.0,ACTUAL,VNSTOCK_BRONZE
SBB,LATEST,ratio,value,0.6322194207,ACTUAL,VNSTOCK_BRONZE
SBB,LATEST,ratio,order,43.0,ACTUAL,VNSTOCK_BRONZE
SBB,LATEST,ratio,level,2.0,ACTUAL,VNSTOCK_BRONZE
SBB,LATEST,ratio,value,0.0,ACTUAL,VNSTOCK_BRONZE
SBB,LATEST,ratio,order,44.0,ACTUAL,VNSTOCK_BRONZE
SBB,LATEST,ratio,level,2.0,ACTUAL,VNSTOCK_BRONZE
SBB,LATEST,ratio,value,0.0,ACTUAL,VNSTOCK_BRONZE
SBB,LATEST,ratio,order,45.0,ACTUAL,VNSTOCK_BRONZE
SBB,LATEST,ratio,level,1.0,ACTUAL,VNSTOCK_BRONZE
SBB,LATEST,ratio,order,46.0,ACTUAL,VNSTOCK_BRONZE
SBB,LATEST,ratio,level,2.0,ACTUAL,VNSTOCK_BRONZE
SBB,LATEST,ratio,value,0.0,ACTUAL,VNSTOCK_BRONZE
SBB,LATEST,ratio,order,47.0,ACTUAL,VNSTOCK_BRONZE
SBB,LATEST,ratio,level,2.0,ACTUAL,VNSTOCK_BRONZE
SBB,LATEST,ratio,value,0.0,ACTUAL,VNSTOCK_BRONZE
SBB,LATEST,ratio,order,48.0,ACTUAL,VNSTOCK_BRONZE
SBB,LATEST,ratio,level,2.0,ACTUAL,VNSTOCK_BRONZE
SBB,LATEST,ratio,value,0.0,ACTUAL,VNSTOCK_BRONZE
SBB,LATEST,ratio,order,49.0,ACTUAL,VNSTOCK_BRONZE
SBB,LATEST,ratio,level,2.0,ACTUAL,VNSTOCK_BRONZE
SBB,LATEST,ratio,value,0.0,ACTUAL,VNSTOCK_BRONZE
SBB,LATEST,ratio,order,50.0,ACTUAL,VNSTOCK_BRONZE
SBB,LATEST,ratio,level,2.0,ACTUAL,VNSTOCK_BRONZE
SBB,LATEST,ratio,value,0.0,ACTUAL,VNSTOCK_BRONZE
SBB,LATEST,ratio,order,51.0,ACTUAL,VNSTOCK_BRONZE
SBB,LATEST,ratio,level,2.0,ACTUAL,VNSTOCK_BRONZE
SBB,LATEST,ratio,value,0.0,ACTUAL,VNSTOCK_BRONZE
SBB,LATEST,ratio,order,52.0,ACTUAL,VNSTOCK_BRONZE
SBB,LATEST,ratio,level,2.0,ACTUAL,VNSTOCK_BRONZE
SBB,LATEST,ratio,value,0.0,ACTUAL,VNSTOCK_BRONZE
SBB,LATEST,ratio,order,53.0,ACTUAL,VNSTOCK_BRONZE
SBB,LATEST,ratio,level,2.0,ACTUAL,VNSTOCK_BRONZE
SBB,LATEST,ratio,value,0.0,ACTUAL,VNSTOCK_BRONZE
SBB,LATEST,ratio,order,54.0,ACTUAL,VNSTOCK_BRONZE
SBB,LATEST,ratio,level,2.0,ACTUAL,VNSTOCK_BRONZE
SBB,LATEST,ratio,value,0.0,ACTUAL,VNSTOCK_BRONZE
SBB,LATEST,ratio,order,55.0,ACTUAL,VNSTOCK_BRONZE
SBB,LATEST,ratio,level,2.0,ACTUAL,VNSTOCK_BRONZE
SBB,LATEST,ratio,value,0.0,ACTUAL,VNSTOCK_BRONZE
SBB,LATEST,ratio,order,56.0,ACTUAL,VNSTOCK_BRONZE
SBB,LATEST,ratio,level,2.0,ACTUAL,VNSTOCK_BRONZE
SBB,LATEST,ratio,value,0.0,ACTUAL,VNSTOCK_BRONZE
SBB,LATEST,ratio,order,57.0,ACTUAL,VNSTOCK_BRONZE
SBB,LATEST,ratio,level,2.0,ACTUAL,VNSTOCK_BRONZE
SBB,LATEST,ratio,order,58.0,ACTUAL,VNSTOCK_BRONZE
SBB,LATEST,ratio,level,2.0,ACTUAL,VNSTOCK_BRONZE
SBB,LATEST,ratio,order,59.0,ACTUAL,VNSTOCK_BRONZE
SBB,LATEST,ratio,level,2.0,ACTUAL,VNSTOCK_BRONZE
SBB,LATEST,ratio,value,0.0,ACTUAL,VNSTOCK_BRONZE
SBB,LATEST,ratio,order,60.0,ACTUAL,VNSTOCK_BRONZE
SBB,LATEST,ratio,level,2.0,ACTUAL,VNSTOCK_BRONZE
SBB,LATEST,ratio,value,0.0,ACTUAL,VNSTOCK_BRONZE
SBB,LATEST,ratio,order,1.0,ACTUAL,VNSTOCK_BRONZE
SBB,LATEST,ratio,level,1.0,ACTUAL,VNSTOCK_BRONZE
SBB,LATEST,ratio,order,2.0,ACTUAL,VNSTOCK_BRONZE
SBB,LATEST,ratio,level,2.0,ACTUAL,VNSTOCK_BRONZE
SBB,LATEST,ratio,value,-29.5412267851,ACTUAL,VNSTOCK_BRONZE
SBB,LATEST,ratio,order,3.0,ACTUAL,VNSTOCK_BRONZE
SBB,LATEST,ratio,level,2.0,ACTUAL,VNSTOCK_BRONZE
SBB,LATEST,ratio,value,1.1622438374,ACTUAL,VNSTOCK_BRONZE
SBB,LATEST,ratio,order,4.0,ACTUAL,VNSTOCK_BRONZE
SBB,LATEST,ratio,level,2.0,ACTUAL,VNSTOCK_BRONZE
SBB,LATEST,ratio,value,0.4830530485,ACTUAL,VNSTOCK_BRONZE
SBB,LATEST,ratio,order,5.0,ACTUAL,VNSTOCK_BRONZE
SBB,LATEST,ratio,level,2.0,ACTUAL,VNSTOCK_BRONZE
SBB,LATEST,ratio,value,11.8126725904,ACTUAL,VNSTOCK_BRONZE
SBB,LATEST,ratio,order,6.0,ACTUAL,VNSTOCK_BRONZE
SBB,LATEST,ratio,level,2.0,ACTUAL,VNSTOCK_BRONZE
SBB,LATEST,ratio,value,4.2484712889,ACTUAL,VNSTOCK_BRONZE
SBB,LATEST,ratio,order,7.0,ACTUAL,VNSTOCK_BRONZE
SBB,LATEST,ratio,level,2.0,ACTUAL,VNSTOCK_BRONZE
SBB,LATEST,ratio,value,0.0,ACTUAL,VNSTOCK_BRONZE
SBB,LATEST,ratio,order,8.0,ACTUAL,VNSTOCK_BRONZE
SBB,LATEST,ratio,level,2.0,ACTUAL,VNSTOCK_BRONZE
SBB,LATEST,ratio,value,1435402390400.0,ACTUAL,VNSTOCK_BRONZE
SBB,LATEST,ratio,order,9.0,ACTUAL,VNSTOCK_BRONZE
SBB,LATEST,ratio,level,2.0,ACTUAL,VNSTOCK_BRONZE
SBB,LATEST,ratio,order,10.0,ACTUAL,VNSTOCK_BRONZE
SBB,LATEST,ratio,level,2.0,ACTUAL,VNSTOCK_BRONZE
SBB,LATEST,ratio,order,11.0,ACTUAL,VNSTOCK_BRONZE
SBB,LATEST,ratio,level,2.0,ACTUAL,VNSTOCK_BRONZE
SBB,LATEST,ratio,order,12.0,ACTUAL,VNSTOCK_BRONZE
SBB,LATEST,ratio,level,2.0,ACTUAL,VNSTOCK_BRONZE
SBB,LATEST,ratio,value,54306583902.0,ACTUAL,VNSTOCK_BRONZE
SBB,LATEST,ratio,order,13.0,ACTUAL,VNSTOCK_BRONZE
SBB,LATEST,ratio,level,2.0,ACTUAL,VNSTOCK_BRONZE
SBB,LATEST,ratio,value,215091279847.0,ACTUAL,VNSTOCK_BRONZE
SBB,LATEST,ratio,order,14.0,ACTUAL,VNSTOCK_BRONZE
SBB,LATEST,ratio,level,2.0,ACTUAL,VNSTOCK_BRONZE
SBB,LATEST,ratio,value,0.0,ACTUAL,VNSTOCK_BRONZE
SBB,LATEST,ratio,order,15.0,ACTUAL,VNSTOCK_BRONZE
SBB,LATEST,ratio,level,2.0,ACTUAL,VNSTOCK_BRONZE
SBB,LATEST,ratio,value,87524536.0,ACTUAL,VNSTOCK_BRONZE
SBB,LATEST,ratio,order,16.0,ACTUAL,VNSTOCK_BRONZE
SBB,LATEST,ratio,level,1.0,ACTUAL,VNSTOCK_BRONZE
SBB,LATEST,ratio,order,17.0,ACTUAL,VNSTOCK_BRONZE
SBB,LATEST,ratio,level,2.0,ACTUAL,VNSTOCK_BRONZE
SBB,LATEST,ratio,value,-0.0857658016,ACTUAL,VNSTOCK_BRONZE
SBB,LATEST,ratio,order,18.0,ACTUAL,VNSTOCK_BRONZE
SBB,LATEST,ratio,level,2.0,ACTUAL,VNSTOCK_BRONZE
SBB,LATEST,ratio,value,-0.0477654709,ACTUAL,VNSTOCK_BRONZE
SBB,LATEST,ratio,order,19.0,ACTUAL,VNSTOCK_BRONZE
SBB,LATEST,ratio,level,2.0,ACTUAL,VNSTOCK_BRONZE
SBB,LATEST,ratio,value,0.0392431876,ACTUAL,VNSTOCK_BRONZE
SBB,LATEST,ratio,order,20.0,ACTUAL,VNSTOCK_BRONZE
SBB,LATEST,ratio,level,2.0,ACTUAL,VNSTOCK_BRONZE
SBB,LATEST,ratio,value,0.0658092396,ACTUAL,VNSTOCK_BRONZE
SBB,LATEST,ratio,order,21.0,ACTUAL,VNSTOCK_BRONZE
SBB,LATEST,ratio,level,2.0,ACTUAL,VNSTOCK_BRONZE
SBB,LATEST,ratio,value,0.0182756843,ACTUAL,VNSTOCK_BRONZE
SBB,LATEST,ratio,order,22.0,ACTUAL,VNSTOCK_BRONZE
SBB,LATEST,ratio,level,2.0,ACTUAL,VNSTOCK_BRONZE
SBB,LATEST,ratio,value,-0.0170425198,ACTUAL,VNSTOCK_BRONZE
SBB,LATEST,ratio,order,23.0,ACTUAL,VNSTOCK_BRONZE
SBB,LATEST,ratio,level,2.0,ACTUAL,VNSTOCK_BRONZE
SBB,LATEST,ratio,value,-0.0338034415,ACTUAL,VNSTOCK_BRONZE
SBB,LATEST,ratio,order,24.0,ACTUAL,VNSTOCK_BRONZE
SBB,LATEST,ratio,level,2.0,ACTUAL,VNSTOCK_BRONZE
SBB,LATEST,ratio,value,1.4130357373,ACTUAL,VNSTOCK_BRONZE
SBB,LATEST,ratio,order,25.0,ACTUAL,VNSTOCK_BRONZE
SBB,LATEST,ratio,level,2.0,ACTUAL,VNSTOCK_BRONZE
SBB,LATEST,ratio,value,2.8688012849,ACTUAL,VNSTOCK_BRONZE
SBB,LATEST,ratio,order,26.0,ACTUAL,VNSTOCK_BRONZE
SBB,LATEST,ratio,level,2.0,ACTUAL,VNSTOCK_BRONZE
SBB,LATEST,ratio,value,53.441875773,ACTUAL,VNSTOCK_BRONZE
SBB,LATEST,ratio,order,27.0,ACTUAL,VNSTOCK_BRONZE
SBB,LATEST,ratio,level,2.0,ACTUAL,VNSTOCK_BRONZE
SBB,LATEST,ratio,value,36.9284413195,ACTUAL,VNSTOCK_BRONZE
SBB,LATEST,ratio,order,28.0,ACTUAL,VNSTOCK_BRONZE
SBB,LATEST,ratio,level,2.0,ACTUAL,VNSTOCK_BRONZE
SBB,LATEST,ratio,value,17.8397513523,ACTUAL,VNSTOCK_BRONZE
SBB,LATEST,ratio,order,29.0,ACTUAL,VNSTOCK_BRONZE
SBB,LATEST,ratio,level,2.0,ACTUAL,VNSTOCK_BRONZE
SBB,LATEST,ratio,value,77.542196736,ACTUAL,VNSTOCK_BRONZE
SBB,LATEST,ratio,order,30.0,ACTUAL,VNSTOCK_BRONZE
SBB,LATEST,ratio,level,1.0,ACTUAL,VNSTOCK_BRONZE
SBB,LATEST,ratio,order,31.0,ACTUAL,VNSTOCK_BRONZE
SBB,LATEST,ratio,level,2.0,ACTUAL,VNSTOCK_BRONZE
SBB,LATEST,ratio,value,1.163712229,ACTUAL,VNSTOCK_BRONZE
SBB,LATEST,ratio,order,32.0,ACTUAL,VNSTOCK_BRONZE
SBB,LATEST,ratio,level,2.0,ACTUAL,VNSTOCK_BRONZE
SBB,LATEST,ratio,value,0.7380614959,ACTUAL,VNSTOCK_BRONZE
SBB,LATEST,ratio,order,33.0,ACTUAL,VNSTOCK_BRONZE
SBB,LATEST,ratio,level,2.0,ACTUAL,VNSTOCK_BRONZE
SBB,LATEST,ratio,value,0.4118568146,ACTUAL,VNSTOCK_BRONZE
SBB,LATEST,ratio,order,34.0,ACTUAL,VNSTOCK_BRONZE
SBB,LATEST,ratio,level,2.0,ACTUAL,VNSTOCK_BRONZE
SBB,LATEST,ratio,order,35.0,ACTUAL,VNSTOCK_BRONZE
SBB,LATEST,ratio,level,2.0,ACTUAL,VNSTOCK_BRONZE
SBB,LATEST,ratio,order,36.0,ACTUAL,VNSTOCK_BRONZE
SBB,LATEST,ratio,level,2.0,ACTUAL,VNSTOCK_BRONZE
SBB,LATEST,ratio,order,37.0,ACTUAL,VNSTOCK_BRONZE
SBB,LATEST,ratio,level,2.0,ACTUAL,VNSTOCK_BRONZE
SBB,LATEST,ratio,order,38.0,ACTUAL,VNSTOCK_BRONZE
SBB,LATEST,ratio,level,1.0,ACTUAL,VNSTOCK_BRONZE
SBB,LATEST,ratio,order,39.0,ACTUAL,VNSTOCK_BRONZE
SBB,LATEST,ratio,level,2.0,ACTUAL,VNSTOCK_BRONZE
SBB,LATEST,ratio,value,0.6063152093,ACTUAL,VNSTOCK_BRONZE
SBB,LATEST,ratio,order,40.0,ACTUAL,VNSTOCK_BRONZE
SBB,LATEST,ratio,level,2.0,ACTUAL,VNSTOCK_BRONZE
SBB,LATEST,ratio,value,0.1204998317,ACTUAL,VNSTOCK_BRONZE
SBB,LATEST,ratio,order,41.0,ACTUAL,VNSTOCK_BRONZE
SBB,LATEST,ratio,level,2.0,ACTUAL,VNSTOCK_BRONZE
SBB,LATEST,ratio,order,42.0,ACTUAL,VNSTOCK_BRONZE
SBB,LATEST,ratio,level,2.0,ACTUAL,VNSTOCK_BRONZE
SBB,LATEST,ratio,value,0.6063152093,ACTUAL,VNSTOCK_BRONZE
SBB,LATEST,ratio,order,43.0,ACTUAL,VNSTOCK_BRONZE
SBB,LATEST,ratio,level,2.0,ACTUAL,VNSTOCK_BRONZE
SBB,LATEST,ratio,value,0.0,ACTUAL,VNSTOCK_BRONZE
SBB,LATEST,ratio,order,44.0,ACTUAL,VNSTOCK_BRONZE
SBB,LATEST,ratio,level,2.0,ACTUAL,VNSTOCK_BRONZE
SBB,LATEST,ratio,value,0.0,ACTUAL,VNSTOCK_BRONZE
SBB,LATEST,ratio,order,45.0,ACTUAL,VNSTOCK_BRONZE
SBB,LATEST,ratio,level,1.0,ACTUAL,VNSTOCK_BRONZE
SBB,LATEST,ratio,order,46.0,ACTUAL,VNSTOCK_BRONZE
SBB,LATEST,ratio,level,2.0,ACTUAL,VNSTOCK_BRONZE
SBB,LATEST,ratio,value,0.0,ACTUAL,VNSTOCK_BRONZE
SBB,LATEST,ratio,order,47.0,ACTUAL,VNSTOCK_BRONZE
SBB,LATEST,ratio,level,2.0,ACTUAL,VNSTOCK_BRONZE
SBB,LATEST,ratio,value,0.0,ACTUAL,VNSTOCK_BRONZE
SBB,LATEST,ratio,order,48.0,ACTUAL,VNSTOCK_BRONZE
SBB,LATEST,ratio,level,2.0,ACTUAL,VNSTOCK_BRONZE
SBB,LATEST,ratio,value,0.0,ACTUAL,VNSTOCK_BRONZE
SBB,LATEST,ratio,order,49.0,ACTUAL,VNSTOCK_BRONZE
SBB,LATEST,ratio,level,2.0,ACTUAL,VNSTOCK_BRONZE
SBB,LATEST,ratio,value,0.0,ACTUAL,VNSTOCK_BRONZE
SBB,LATEST,ratio,order,50.0,ACTUAL,VNSTOCK_BRONZE
SBB,LATEST,ratio,level,2.0,ACTUAL,VNSTOCK_BRONZE
SBB,LATEST,ratio,value,0.0,ACTUAL,VNSTOCK_BRONZE
SBB,LATEST,ratio,order,51.0,ACTUAL,VNSTOCK_BRONZE
SBB,LATEST,ratio,level,2.0,ACTUAL,VNSTOCK_BRONZE
SBB,LATEST,ratio,value,0.0,ACTUAL,VNSTOCK_BRONZE
SBB,LATEST,ratio,order,52.0,ACTUAL,VNSTOCK_BRONZE
SBB,LATEST,ratio,level,2.0,ACTUAL,VNSTOCK_BRONZE
SBB,LATEST,ratio,value,0.0,ACTUAL,VNSTOCK_BRONZE
SBB,LATEST,ratio,order,53.0,ACTUAL,VNSTOCK_BRONZE
SBB,LATEST,ratio,level,2.0,ACTUAL,VNSTOCK_BRONZE
SBB,LATEST,ratio,value,0.0,ACTUAL,VNSTOCK_BRONZE
SBB,LATEST,ratio,order,54.0,ACTUAL,VNSTOCK_BRONZE
SBB,LATEST,ratio,level,2.0,ACTUAL,VNSTOCK_BRONZE
SBB,LATEST,ratio,value,0.0,ACTUAL,VNSTOCK_BRONZE
SBB,LATEST,ratio,order,55.0,ACTUAL,VNSTOCK_BRONZE
SBB,LATEST,ratio,level,2.0,ACTUAL,VNSTOCK_BRONZE
SBB,LATEST,ratio,value,0.0,ACTUAL,VNSTOCK_BRONZE
SBB,LATEST,ratio,order,56.0,ACTUAL,VNSTOCK_BRONZE
SBB,LATEST,ratio,level,2.0,ACTUAL,VNSTOCK_BRONZE
SBB,LATEST,ratio,value,0.0,ACTUAL,VNSTOCK_BRONZE
SBB,LATEST,ratio,order,57.0,ACTUAL,VNSTOCK_BRONZE
SBB,LATEST,ratio,level,2.0,ACTUAL,VNSTOCK_BRONZE
SBB,LATEST,ratio,order,58.0,ACTUAL,VNSTOCK_BRONZE
SBB,LATEST,ratio,level,2.0,ACTUAL,VNSTOCK_BRONZE
SBB,LATEST,ratio,order,59.0,ACTUAL,VNSTOCK_BRONZE
SBB,LATEST,ratio,level,2.0,ACTUAL,VNSTOCK_BRONZE
SBB,LATEST,ratio,value,0.0,ACTUAL,VNSTOCK_BRONZE
SBB,LATEST,ratio,order,60.0,ACTUAL,VNSTOCK_BRONZE
SBB,LATEST,ratio,level,2.0,ACTUAL,VNSTOCK_BRONZE
SBB,LATEST,ratio,value,0.0,ACTUAL,VNSTOCK_BRONZE
SBB,LATEST,ratio,order,1.0,ACTUAL,VNSTOCK_BRONZE
SBB,LATEST,ratio,level,1.0,ACTUAL,VNSTOCK_BRONZE
SBB,LATEST,ratio,order,2.0,ACTUAL,VNSTOCK_BRONZE
SBB,LATEST,ratio,level,2.0,ACTUAL,VNSTOCK_BRONZE
SBB,LATEST,ratio,value,-11.0632133254,ACTUAL,VNSTOCK_BRONZE
SBB,LATEST,ratio,order,3.0,ACTUAL,VNSTOCK_BRONZE
SBB,LATEST,ratio,level,2.0,ACTUAL,VNSTOCK_BRONZE
SBB,LATEST,ratio,value,1.1274317314,ACTUAL,VNSTOCK_BRONZE
SBB,LATEST,ratio,order,4.0,ACTUAL,VNSTOCK_BRONZE
SBB,LATEST,ratio,level,2.0,ACTUAL,VNSTOCK_BRONZE
SBB,LATEST,ratio,value,0.5093177294,ACTUAL,VNSTOCK_BRONZE
SBB,LATEST,ratio,order,5.0,ACTUAL,VNSTOCK_BRONZE
SBB,LATEST,ratio,level,2.0,ACTUAL,VNSTOCK_BRONZE
SBB,LATEST,ratio,value,5.526274954,ACTUAL,VNSTOCK_BRONZE
SBB,LATEST,ratio,order,6.0,ACTUAL,VNSTOCK_BRONZE
SBB,LATEST,ratio,level,2.0,ACTUAL,VNSTOCK_BRONZE
SBB,LATEST,ratio,value,5.0802482169,ACTUAL,VNSTOCK_BRONZE
SBB,LATEST,ratio,order,7.0,ACTUAL,VNSTOCK_BRONZE
SBB,LATEST,ratio,level,2.0,ACTUAL,VNSTOCK_BRONZE
SBB,LATEST,ratio,value,0.0,ACTUAL,VNSTOCK_BRONZE
SBB,LATEST,ratio,order,8.0,ACTUAL,VNSTOCK_BRONZE
SBB,LATEST,ratio,level,2.0,ACTUAL,VNSTOCK_BRONZE
SBB,LATEST,ratio,value,1380699555400.0,ACTUAL,VNSTOCK_BRONZE
SBB,LATEST,ratio,order,9.0,ACTUAL,VNSTOCK_BRONZE
SBB,LATEST,ratio,level,2.0,ACTUAL,VNSTOCK_BRONZE
SBB,LATEST,ratio,order,10.0,ACTUAL,VNSTOCK_BRONZE
SBB,LATEST,ratio,level,2.0,ACTUAL,VNSTOCK_BRONZE
SBB,LATEST,ratio,order,11.0,ACTUAL,VNSTOCK_BRONZE
SBB,LATEST,ratio,level,2.0,ACTUAL,VNSTOCK_BRONZE
SBB,LATEST,ratio,order,12.0,ACTUAL,VNSTOCK_BRONZE
SBB,LATEST,ratio,level,2.0,ACTUAL,VNSTOCK_BRONZE
SBB,LATEST,ratio,value,19599677534.0,ACTUAL,VNSTOCK_BRONZE
SBB,LATEST,ratio,order,13.0,ACTUAL,VNSTOCK_BRONZE
SBB,LATEST,ratio,level,2.0,ACTUAL,VNSTOCK_BRONZE
SBB,LATEST,ratio,value,235622021985.0,ACTUAL,VNSTOCK_BRONZE
SBB,LATEST,ratio,order,14.0,ACTUAL,VNSTOCK_BRONZE
SBB,LATEST,ratio,level,2.0,ACTUAL,VNSTOCK_BRONZE
SBB,LATEST,ratio,value,0.0,ACTUAL,VNSTOCK_BRONZE
SBB,LATEST,ratio,order,15.0,ACTUAL,VNSTOCK_BRONZE
SBB,LATEST,ratio,level,2.0,ACTUAL,VNSTOCK_BRONZE
SBB,LATEST,ratio,value,87524536.0,ACTUAL,VNSTOCK_BRONZE
SBB,LATEST,ratio,order,16.0,ACTUAL,VNSTOCK_BRONZE
SBB,LATEST,ratio,level,1.0,ACTUAL,VNSTOCK_BRONZE
SBB,LATEST,ratio,order,17.0,ACTUAL,VNSTOCK_BRONZE
SBB,LATEST,ratio,level,2.0,ACTUAL,VNSTOCK_BRONZE
SBB,LATEST,ratio,value,-0.0982082499,ACTUAL,VNSTOCK_BRONZE
SBB,LATEST,ratio,order,18.0,ACTUAL,VNSTOCK_BRONZE
SBB,LATEST,ratio,level,2.0,ACTUAL,VNSTOCK_BRONZE
SBB,LATEST,ratio,value,-0.0570852109,ACTUAL,VNSTOCK_BRONZE
SBB,LATEST,ratio,order,19.0,ACTUAL,VNSTOCK_BRONZE
SBB,LATEST,ratio,level,2.0,ACTUAL,VNSTOCK_BRONZE
SBB,LATEST,ratio,value,0.0139419467,ACTUAL,VNSTOCK_BRONZE
SBB,LATEST,ratio,order,20.0,ACTUAL,VNSTOCK_BRONZE
SBB,LATEST,ratio,level,2.0,ACTUAL,VNSTOCK_BRONZE
SBB,LATEST,ratio,value,0.0617238512,ACTUAL,VNSTOCK_BRONZE
SBB,LATEST,ratio,order,21.0,ACTUAL,VNSTOCK_BRONZE
SBB,LATEST,ratio,level,2.0,ACTUAL,VNSTOCK_BRONZE
SBB,LATEST,ratio,value,0.007230004,ACTUAL,VNSTOCK_BRONZE
SBB,LATEST,ratio,order,22.0,ACTUAL,VNSTOCK_BRONZE
SBB,LATEST,ratio,level,2.0,ACTUAL,VNSTOCK_BRONZE
SBB,LATEST,ratio,value,-0.0327547151,ACTUAL,VNSTOCK_BRONZE
SBB,LATEST,ratio,order,23.0,ACTUAL,VNSTOCK_BRONZE
SBB,LATEST,ratio,level,2.0,ACTUAL,VNSTOCK_BRONZE
SBB,LATEST,ratio,value,-0.0460370522,ACTUAL,VNSTOCK_BRONZE
SBB,LATEST,ratio,order,24.0,ACTUAL,VNSTOCK_BRONZE
SBB,LATEST,ratio,level,2.0,ACTUAL,VNSTOCK_BRONZE
SBB,LATEST,ratio,value,1.2399840591,ACTUAL,VNSTOCK_BRONZE
SBB,LATEST,ratio,order,25.0,ACTUAL,VNSTOCK_BRONZE
SBB,LATEST,ratio,level,2.0,ACTUAL,VNSTOCK_BRONZE
SBB,LATEST,ratio,value,2.5279714887,ACTUAL,VNSTOCK_BRONZE
SBB,LATEST,ratio,order,26.0,ACTUAL,VNSTOCK_BRONZE
SBB,LATEST,ratio,level,2.0,ACTUAL,VNSTOCK_BRONZE
SBB,LATEST,ratio,value,56.3008961609,ACTUAL,VNSTOCK_BRONZE
SBB,LATEST,ratio,order,27.0,ACTUAL,VNSTOCK_BRONZE
SBB,LATEST,ratio,level,2.0,ACTUAL,VNSTOCK_BRONZE
SBB,LATEST,ratio,value,39.4120852889,ACTUAL,VNSTOCK_BRONZE
SBB,LATEST,ratio,order,28.0,ACTUAL,VNSTOCK_BRONZE
SBB,LATEST,ratio,level,2.0,ACTUAL,VNSTOCK_BRONZE
SBB,LATEST,ratio,value,17.0011752416,ACTUAL,VNSTOCK_BRONZE
SBB,LATEST,ratio,order,29.0,ACTUAL,VNSTOCK_BRONZE
SBB,LATEST,ratio,level,2.0,ACTUAL,VNSTOCK_BRONZE
SBB,LATEST,ratio,value,85.6686344124,ACTUAL,VNSTOCK_BRONZE
SBB,LATEST,ratio,order,30.0,ACTUAL,VNSTOCK_BRONZE
SBB,LATEST,ratio,level,1.0,ACTUAL,VNSTOCK_BRONZE
SBB,LATEST,ratio,order,31.0,ACTUAL,VNSTOCK_BRONZE
SBB,LATEST,ratio,level,2.0,ACTUAL,VNSTOCK_BRONZE
SBB,LATEST,ratio,value,1.0475338827,ACTUAL,VNSTOCK_BRONZE
SBB,LATEST,ratio,order,32.0,ACTUAL,VNSTOCK_BRONZE
SBB,LATEST,ratio,level,2.0,ACTUAL,VNSTOCK_BRONZE
SBB,LATEST,ratio,value,0.7999232545,ACTUAL,VNSTOCK_BRONZE
SBB,LATEST,ratio,order,33.0,ACTUAL,VNSTOCK_BRONZE
SBB,LATEST,ratio,level,2.0,ACTUAL,VNSTOCK_BRONZE
SBB,LATEST,ratio,value,0.4151897625,ACTUAL,VNSTOCK_BRONZE
SBB,LATEST,ratio,order,34.0,ACTUAL,VNSTOCK_BRONZE
SBB,LATEST,ratio,level,2.0,ACTUAL,VNSTOCK_BRONZE
SBB,LATEST,ratio,order,35.0,ACTUAL,VNSTOCK_BRONZE
SBB,LATEST,ratio,level,2.0,ACTUAL,VNSTOCK_BRONZE
SBB,LATEST,ratio,order,36.0,ACTUAL,VNSTOCK_BRONZE
SBB,LATEST,ratio,level,2.0,ACTUAL,VNSTOCK_BRONZE
SBB,LATEST,ratio,order,37.0,ACTUAL,VNSTOCK_BRONZE
SBB,LATEST,ratio,level,2.0,ACTUAL,VNSTOCK_BRONZE
SBB,LATEST,ratio,order,38.0,ACTUAL,VNSTOCK_BRONZE
SBB,LATEST,ratio,level,1.0,ACTUAL,VNSTOCK_BRONZE
SBB,LATEST,ratio,order,39.0,ACTUAL,VNSTOCK_BRONZE
SBB,LATEST,ratio,level,2.0,ACTUAL,VNSTOCK_BRONZE
SBB,LATEST,ratio,value,0.8094914358,ACTUAL,VNSTOCK_BRONZE
SBB,LATEST,ratio,order,40.0,ACTUAL,VNSTOCK_BRONZE
SBB,LATEST,ratio,level,2.0,ACTUAL,VNSTOCK_BRONZE
SBB,LATEST,ratio,value,0.1479330962,ACTUAL,VNSTOCK_BRONZE
SBB,LATEST,ratio,order,41.0,ACTUAL,VNSTOCK_BRONZE
SBB,LATEST,ratio,level,2.0,ACTUAL,VNSTOCK_BRONZE
SBB,LATEST,ratio,order,42.0,ACTUAL,VNSTOCK_BRONZE
SBB,LATEST,ratio,level,2.0,ACTUAL,VNSTOCK_BRONZE
SBB,LATEST,ratio,value,0.8094914358,ACTUAL,VNSTOCK_BRONZE
SBB,LATEST,ratio,order,43.0,ACTUAL,VNSTOCK_BRONZE
SBB,LATEST,ratio,level,2.0,ACTUAL,VNSTOCK_BRONZE
SBB,LATEST,ratio,value,0.0,ACTUAL,VNSTOCK_BRONZE
SBB,LATEST,ratio,order,44.0,ACTUAL,VNSTOCK_BRONZE
SBB,LATEST,ratio,level,2.0,ACTUAL,VNSTOCK_BRONZE
SBB,LATEST,ratio,value,0.0,ACTUAL,VNSTOCK_BRONZE
SBB,LATEST,ratio,order,45.0,ACTUAL,VNSTOCK_BRONZE
SBB,LATEST,ratio,level,1.0,ACTUAL,VNSTOCK_BRONZE
SBB,LATEST,ratio,order,46.0,ACTUAL,VNSTOCK_BRONZE
SBB,LATEST,ratio,level,2.0,ACTUAL,VNSTOCK_BRONZE
SBB,LATEST,ratio,value,0.0,ACTUAL,VNSTOCK_BRONZE
SBB,LATEST,ratio,order,47.0,ACTUAL,VNSTOCK_BRONZE
SBB,LATEST,ratio,level,2.0,ACTUAL,VNSTOCK_BRONZE
SBB,LATEST,ratio,value,0.0,ACTUAL,VNSTOCK_BRONZE
SBB,LATEST,ratio,order,48.0,ACTUAL,VNSTOCK_BRONZE
SBB,LATEST,ratio,level,2.0,ACTUAL,VNSTOCK_BRONZE
SBB,LATEST,ratio,value,0.0,ACTUAL,VNSTOCK_BRONZE
SBB,LATEST,ratio,order,49.0,ACTUAL,VNSTOCK_BRONZE
SBB,LATEST,ratio,level,2.0,ACTUAL,VNSTOCK_BRONZE
SBB,LATEST,ratio,value,0.0,ACTUAL,VNSTOCK_BRONZE
SBB,LATEST,ratio,order,50.0,ACTUAL,VNSTOCK_BRONZE
SBB,LATEST,ratio,level,2.0,ACTUAL,VNSTOCK_BRONZE
SBB,LATEST,ratio,value,0.0,ACTUAL,VNSTOCK_BRONZE
SBB,LATEST,ratio,order,51.0,ACTUAL,VNSTOCK_BRONZE
SBB,LATEST,ratio,level,2.0,ACTUAL,VNSTOCK_BRONZE
SBB,LATEST,ratio,value,0.0,ACTUAL,VNSTOCK_BRONZE
SBB,LATEST,ratio,order,52.0,ACTUAL,VNSTOCK_BRONZE
SBB,LATEST,ratio,level,2.0,ACTUAL,VNSTOCK_BRONZE
SBB,LATEST,ratio,value,0.0,ACTUAL,VNSTOCK_BRONZE
SBB,LATEST,ratio,order,53.0,ACTUAL,VNSTOCK_BRONZE
SBB,LATEST,ratio,level,2.0,ACTUAL,VNSTOCK_BRONZE
SBB,LATEST,ratio,value,0.0,ACTUAL,VNSTOCK_BRONZE
SBB,LATEST,ratio,order,54.0,ACTUAL,VNSTOCK_BRONZE
SBB,LATEST,ratio,level,2.0,ACTUAL,VNSTOCK_BRONZE
SBB,LATEST,ratio,value,0.0,ACTUAL,VNSTOCK_BRONZE
SBB,LATEST,ratio,order,55.0,ACTUAL,VNSTOCK_BRONZE
SBB,LATEST,ratio,level,2.0,ACTUAL,VNSTOCK_BRONZE
SBB,LATEST,ratio,value,0.0,ACTUAL,VNSTOCK_BRONZE
SBB,LATEST,ratio,order,56.0,ACTUAL,VNSTOCK_BRONZE
SBB,LATEST,ratio,level,2.0,ACTUAL,VNSTOCK_BRONZE
SBB,LATEST,ratio,value,0.0,ACTUAL,VNSTOCK_BRONZE
SBB,LATEST,ratio,order,57.0,ACTUAL,VNSTOCK_BRONZE
SBB,LATEST,ratio,level,2.0,ACTUAL,VNSTOCK_BRONZE
SBB,LATEST,ratio,order,58.0,ACTUAL,VNSTOCK_BRONZE
SBB,LATEST,ratio,level,2.0,ACTUAL,VNSTOCK_BRONZE
SBB,LATEST,ratio,order,59.0,ACTUAL,VNSTOCK_BRONZE
SBB,LATEST,ratio,level,2.0,ACTUAL,VNSTOCK_BRONZE
SBB,LATEST,ratio,value,0.0,ACTUAL,VNSTOCK_BRONZE
SBB,LATEST,ratio,order,60.0,ACTUAL,VNSTOCK_BRONZE
SBB,LATEST,ratio,level,2.0,ACTUAL,VNSTOCK_BRONZE
SBB,LATEST,ratio,value,0.0,ACTUAL,VNSTOCK_BRONZE
SBB,LATEST,ratio,order,1.0,ACTUAL,VNSTOCK_BRONZE
SBB,LATEST,ratio,level,1.0,ACTUAL,VNSTOCK_BRONZE
SBB,LATEST,ratio,order,2.0,ACTUAL,VNSTOCK_BRONZE
SBB,LATEST,ratio,level,2.0,ACTUAL,VNSTOCK_BRONZE
SBB,LATEST,ratio,value,-4.784781793,ACTUAL,VNSTOCK_BRONZE
SBB,LATEST,ratio,order,3.0,ACTUAL,VNSTOCK_BRONZE
SBB,LATEST,ratio,level,2.0,ACTUAL,VNSTOCK_BRONZE
SBB,LATEST,ratio,value,1.1614568836,ACTUAL,VNSTOCK_BRONZE
SBB,LATEST,ratio,order,4.0,ACTUAL,VNSTOCK_BRONZE
SBB,LATEST,ratio,level,2.0,ACTUAL,VNSTOCK_BRONZE
SBB,LATEST,ratio,value,0.5759517328,ACTUAL,VNSTOCK_BRONZE
SBB,LATEST,ratio,order,5.0,ACTUAL,VNSTOCK_BRONZE
SBB,LATEST,ratio,level,2.0,ACTUAL,VNSTOCK_BRONZE
SBB,LATEST,ratio,value,-162.7054404583,ACTUAL,VNSTOCK_BRONZE
SBB,LATEST,ratio,order,6.0,ACTUAL,VNSTOCK_BRONZE
SBB,LATEST,ratio,level,2.0,ACTUAL,VNSTOCK_BRONZE
SBB,LATEST,ratio,value,21.6335354011,ACTUAL,VNSTOCK_BRONZE
SBB,LATEST,ratio,order,7.0,ACTUAL,VNSTOCK_BRONZE
SBB,LATEST,ratio,level,2.0,ACTUAL,VNSTOCK_BRONZE
SBB,LATEST,ratio,value,0.0,ACTUAL,VNSTOCK_BRONZE
SBB,LATEST,ratio,order,8.0,ACTUAL,VNSTOCK_BRONZE
SBB,LATEST,ratio,level,2.0,ACTUAL,VNSTOCK_BRONZE
SBB,LATEST,ratio,value,1330372947200.0,ACTUAL,VNSTOCK_BRONZE
SBB,LATEST,ratio,order,9.0,ACTUAL,VNSTOCK_BRONZE
SBB,LATEST,ratio,level,2.0,ACTUAL,VNSTOCK_BRONZE
SBB,LATEST,ratio,order,10.0,ACTUAL,VNSTOCK_BRONZE
SBB,LATEST,ratio,level,2.0,ACTUAL,VNSTOCK_BRONZE
SBB,LATEST,ratio,order,11.0,ACTUAL,VNSTOCK_BRONZE
SBB,LATEST,ratio,level,2.0,ACTUAL,VNSTOCK_BRONZE
SBB,LATEST,ratio,order,12.0,ACTUAL,VNSTOCK_BRONZE
SBB,LATEST,ratio,level,2.0,ACTUAL,VNSTOCK_BRONZE
SBB,LATEST,ratio,value,-94975658047.0,ACTUAL,VNSTOCK_BRONZE
SBB,LATEST,ratio,order,13.0,ACTUAL,VNSTOCK_BRONZE
SBB,LATEST,ratio,level,2.0,ACTUAL,VNSTOCK_BRONZE
SBB,LATEST,ratio,value,64740970258.0,ACTUAL,VNSTOCK_BRONZE
SBB,LATEST,ratio,order,14.0,ACTUAL,VNSTOCK_BRONZE
SBB,LATEST,ratio,level,2.0,ACTUAL,VNSTOCK_BRONZE
SBB,LATEST,ratio,value,0.0,ACTUAL,VNSTOCK_BRONZE
SBB,LATEST,ratio,order,15.0,ACTUAL,VNSTOCK_BRONZE
SBB,LATEST,ratio,level,2.0,ACTUAL,VNSTOCK_BRONZE
SBB,LATEST,ratio,value,87524536.0,ACTUAL,VNSTOCK_BRONZE
SBB,LATEST,ratio,order,16.0,ACTUAL,VNSTOCK_BRONZE
SBB,LATEST,ratio,level,1.0,ACTUAL,VNSTOCK_BRONZE
SBB,LATEST,ratio,order,17.0,ACTUAL,VNSTOCK_BRONZE
SBB,LATEST,ratio,level,2.0,ACTUAL,VNSTOCK_BRONZE
SBB,LATEST,ratio,value,-0.2009161656,ACTUAL,VNSTOCK_BRONZE
SBB,LATEST,ratio,order,18.0,ACTUAL,VNSTOCK_BRONZE
SBB,LATEST,ratio,level,2.0,ACTUAL,VNSTOCK_BRONZE
SBB,LATEST,ratio,value,-0.1246755072,ACTUAL,VNSTOCK_BRONZE
SBB,LATEST,ratio,order,19.0,ACTUAL,VNSTOCK_BRONZE
SBB,LATEST,ratio,level,2.0,ACTUAL,VNSTOCK_BRONZE
SBB,LATEST,ratio,value,-0.066577946,ACTUAL,VNSTOCK_BRONZE
SBB,LATEST,ratio,order,20.0,ACTUAL,VNSTOCK_BRONZE
SBB,LATEST,ratio,level,2.0,ACTUAL,VNSTOCK_BRONZE
SBB,LATEST,ratio,value,0.0545096549,ACTUAL,VNSTOCK_BRONZE
SBB,LATEST,ratio,order,21.0,ACTUAL,VNSTOCK_BRONZE
SBB,LATEST,ratio,level,2.0,ACTUAL,VNSTOCK_BRONZE
SBB,LATEST,ratio,value,-0.0411173385,ACTUAL,VNSTOCK_BRONZE
SBB,LATEST,ratio,order,22.0,ACTUAL,VNSTOCK_BRONZE
SBB,LATEST,ratio,level,2.0,ACTUAL,VNSTOCK_BRONZE
SBB,LATEST,ratio,value,-0.0952286967,ACTUAL,VNSTOCK_BRONZE
SBB,LATEST,ratio,order,23.0,ACTUAL,VNSTOCK_BRONZE
SBB,LATEST,ratio,level,2.0,ACTUAL,VNSTOCK_BRONZE
SBB,LATEST,ratio,value,-0.1203715776,ACTUAL,VNSTOCK_BRONZE
SBB,LATEST,ratio,order,24.0,ACTUAL,VNSTOCK_BRONZE
SBB,LATEST,ratio,level,2.0,ACTUAL,VNSTOCK_BRONZE
SBB,LATEST,ratio,value,1.0357553646,ACTUAL,VNSTOCK_BRONZE
SBB,LATEST,ratio,order,25.0,ACTUAL,VNSTOCK_BRONZE
SBB,LATEST,ratio,level,2.0,ACTUAL,VNSTOCK_BRONZE
SBB,LATEST,ratio,value,2.0825522972,ACTUAL,VNSTOCK_BRONZE
SBB,LATEST,ratio,order,26.0,ACTUAL,VNSTOCK_BRONZE
SBB,LATEST,ratio,level,2.0,ACTUAL,VNSTOCK_BRONZE
SBB,LATEST,ratio,value,60.0467183116,ACTUAL,VNSTOCK_BRONZE
SBB,LATEST,ratio,order,27.0,ACTUAL,VNSTOCK_BRONZE
SBB,LATEST,ratio,level,2.0,ACTUAL,VNSTOCK_BRONZE
SBB,LATEST,ratio,value,49.5610849367,ACTUAL,VNSTOCK_BRONZE
SBB,LATEST,ratio,order,28.0,ACTUAL,VNSTOCK_BRONZE
SBB,LATEST,ratio,level,2.0,ACTUAL,VNSTOCK_BRONZE
SBB,LATEST,ratio,value,13.4001017445,ACTUAL,VNSTOCK_BRONZE
SBB,LATEST,ratio,order,29.0,ACTUAL,VNSTOCK_BRONZE
SBB,LATEST,ratio,level,2.0,ACTUAL,VNSTOCK_BRONZE
SBB,LATEST,ratio,value,97.7829080966,ACTUAL,VNSTOCK_BRONZE
SBB,LATEST,ratio,order,30.0,ACTUAL,VNSTOCK_BRONZE
SBB,LATEST,ratio,level,1.0,ACTUAL,VNSTOCK_BRONZE
SBB,LATEST,ratio,order,31.0,ACTUAL,VNSTOCK_BRONZE
SBB,LATEST,ratio,level,2.0,ACTUAL,VNSTOCK_BRONZE
SBB,LATEST,ratio,value,0.9352022767,ACTUAL,VNSTOCK_BRONZE
SBB,LATEST,ratio,order,32.0,ACTUAL,VNSTOCK_BRONZE
SBB,LATEST,ratio,level,2.0,ACTUAL,VNSTOCK_BRONZE
SBB,LATEST,ratio,value,0.5816376476,ACTUAL,VNSTOCK_BRONZE
SBB,LATEST,ratio,order,33.0,ACTUAL,VNSTOCK_BRONZE
SBB,LATEST,ratio,level,2.0,ACTUAL,VNSTOCK_BRONZE
SBB,LATEST,ratio,value,0.2393561209,ACTUAL,VNSTOCK_BRONZE
SBB,LATEST,ratio,order,34.0,ACTUAL,VNSTOCK_BRONZE
SBB,LATEST,ratio,level,2.0,ACTUAL,VNSTOCK_BRONZE
SBB,LATEST,ratio,order,35.0,ACTUAL,VNSTOCK_BRONZE
SBB,LATEST,ratio,level,2.0,ACTUAL,VNSTOCK_BRONZE
SBB,LATEST,ratio,order,36.0,ACTUAL,VNSTOCK_BRONZE
SBB,LATEST,ratio,level,2.0,ACTUAL,VNSTOCK_BRONZE
SBB,LATEST,ratio,order,37.0,ACTUAL,VNSTOCK_BRONZE
SBB,LATEST,ratio,level,2.0,ACTUAL,VNSTOCK_BRONZE
SBB,LATEST,ratio,order,38.0,ACTUAL,VNSTOCK_BRONZE
SBB,LATEST,ratio,level,1.0,ACTUAL,VNSTOCK_BRONZE
SBB,LATEST,ratio,order,39.0,ACTUAL,VNSTOCK_BRONZE
SBB,LATEST,ratio,level,2.0,ACTUAL,VNSTOCK_BRONZE
SBB,LATEST,ratio,value,0.8760581411,ACTUAL,VNSTOCK_BRONZE
SBB,LATEST,ratio,order,40.0,ACTUAL,VNSTOCK_BRONZE
SBB,LATEST,ratio,level,2.0,ACTUAL,VNSTOCK_BRONZE
SBB,LATEST,ratio,value,0.2454078705,ACTUAL,VNSTOCK_BRONZE
SBB,LATEST,ratio,order,41.0,ACTUAL,VNSTOCK_BRONZE
SBB,LATEST,ratio,level,2.0,ACTUAL,VNSTOCK_BRONZE
SBB,LATEST,ratio,order,42.0,ACTUAL,VNSTOCK_BRONZE
SBB,LATEST,ratio,level,2.0,ACTUAL,VNSTOCK_BRONZE
SBB,LATEST,ratio,value,0.8760581411,ACTUAL,VNSTOCK_BRONZE
SBB,LATEST,ratio,order,43.0,ACTUAL,VNSTOCK_BRONZE
SBB,LATEST,ratio,level,2.0,ACTUAL,VNSTOCK_BRONZE
SBB,LATEST,ratio,value,0.0,ACTUAL,VNSTOCK_BRONZE
SBB,LATEST,ratio,order,44.0,ACTUAL,VNSTOCK_BRONZE
SBB,LATEST,ratio,level,2.0,ACTUAL,VNSTOCK_BRONZE
SBB,LATEST,ratio,value,0.0,ACTUAL,VNSTOCK_BRONZE
SBB,LATEST,ratio,order,45.0,ACTUAL,VNSTOCK_BRONZE
SBB,LATEST,ratio,level,1.0,ACTUAL,VNSTOCK_BRONZE
SBB,LATEST,ratio,order,46.0,ACTUAL,VNSTOCK_BRONZE
SBB,LATEST,ratio,level,2.0,ACTUAL,VNSTOCK_BRONZE
SBB,LATEST,ratio,value,0.0,ACTUAL,VNSTOCK_BRONZE
SBB,LATEST,ratio,order,47.0,ACTUAL,VNSTOCK_BRONZE
SBB,LATEST,ratio,level,2.0,ACTUAL,VNSTOCK_BRONZE
SBB,LATEST,ratio,value,0.0,ACTUAL,VNSTOCK_BRONZE
SBB,LATEST,ratio,order,48.0,ACTUAL,VNSTOCK_BRONZE
SBB,LATEST,ratio,level,2.0,ACTUAL,VNSTOCK_BRONZE
SBB,LATEST,ratio,value,0.0,ACTUAL,VNSTOCK_BRONZE
SBB,LATEST,ratio,order,49.0,ACTUAL,VNSTOCK_BRONZE
SBB,LATEST,ratio,level,2.0,ACTUAL,VNSTOCK_BRONZE
SBB,LATEST,ratio,value,0.0,ACTUAL,VNSTOCK_BRONZE
SBB,LATEST,ratio,order,50.0,ACTUAL,VNSTOCK_BRONZE
SBB,LATEST,ratio,level,2.0,ACTUAL,VNSTOCK_BRONZE
SBB,LATEST,ratio,value,0.0,ACTUAL,VNSTOCK_BRONZE
SBB,LATEST,ratio,order,51.0,ACTUAL,VNSTOCK_BRONZE
SBB,LATEST,ratio,level,2.0,ACTUAL,VNSTOCK_BRONZE
SBB,LATEST,ratio,value,0.0,ACTUAL,VNSTOCK_BRONZE
SBB,LATEST,ratio,order,52.0,ACTUAL,VNSTOCK_BRONZE
SBB,LATEST,ratio,level,2.0,ACTUAL,VNSTOCK_BRONZE
SBB,LATEST,ratio,value,0.0,ACTUAL,VNSTOCK_BRONZE
SBB,LATEST,ratio,order,53.0,ACTUAL,VNSTOCK_BRONZE
SBB,LATEST,ratio,level,2.0,ACTUAL,VNSTOCK_BRONZE
SBB,LATEST,ratio,value,0.0,ACTUAL,VNSTOCK_BRONZE
SBB,LATEST,ratio,order,54.0,ACTUAL,VNSTOCK_BRONZE
SBB,LATEST,ratio,level,2.0,ACTUAL,VNSTOCK_BRONZE
SBB,LATEST,ratio,value,0.0,ACTUAL,VNSTOCK_BRONZE
SBB,LATEST,ratio,order,55.0,ACTUAL,VNSTOCK_BRONZE
SBB,LATEST,ratio,level,2.0,ACTUAL,VNSTOCK_BRONZE
SBB,LATEST,ratio,value,0.0,ACTUAL,VNSTOCK_BRONZE
SBB,LATEST,ratio,order,56.0,ACTUAL,VNSTOCK_BRONZE
SBB,LATEST,ratio,level,2.0,ACTUAL,VNSTOCK_BRONZE
SBB,LATEST,ratio,value,0.0,ACTUAL,VNSTOCK_BRONZE
SBB,LATEST,ratio,order,57.0,ACTUAL,VNSTOCK_BRONZE
SBB,LATEST,ratio,level,2.0,ACTUAL,VNSTOCK_BRONZE
SBB,LATEST,ratio,order,58.0,ACTUAL,VNSTOCK_BRONZE
SBB,LATEST,ratio,level,2.0,ACTUAL,VNSTOCK_BRONZE
SBB,LATEST,ratio,order,59.0,ACTUAL,VNSTOCK_BRONZE
SBB,LATEST,ratio,level,2.0,ACTUAL,VNSTOCK_BRONZE
SBB,LATEST,ratio,value,0.0,ACTUAL,VNSTOCK_BRONZE
SBB,LATEST,ratio,order,60.0,ACTUAL,VNSTOCK_BRONZE
SBB,LATEST,ratio,level,2.0,ACTUAL,VNSTOCK_BRONZE
SBB,LATEST,ratio,value,0.0,ACTUAL,VNSTOCK_BRONZE
SBB,LATEST,ratio,order,1.0,ACTUAL,VNSTOCK_BRONZE
SBB,LATEST,ratio,level,1.0,ACTUAL,VNSTOCK_BRONZE
SBB,LATEST,ratio,order,2.0,ACTUAL,VNSTOCK_BRONZE
SBB,LATEST,ratio,level,2.0,ACTUAL,VNSTOCK_BRONZE
SBB,LATEST,ratio,value,-4.1261147057,ACTUAL,VNSTOCK_BRONZE
SBB,LATEST,ratio,order,3.0,ACTUAL,VNSTOCK_BRONZE
SBB,LATEST,ratio,level,2.0,ACTUAL,VNSTOCK_BRONZE
SBB,LATEST,ratio,value,1.1165613423,ACTUAL,VNSTOCK_BRONZE
SBB,LATEST,ratio,order,4.0,ACTUAL,VNSTOCK_BRONZE
SBB,LATEST,ratio,level,2.0,ACTUAL,VNSTOCK_BRONZE
SBB,LATEST,ratio,value,0.5805109021,ACTUAL,VNSTOCK_BRONZE
SBB,LATEST,ratio,order,5.0,ACTUAL,VNSTOCK_BRONZE
SBB,LATEST,ratio,level,2.0,ACTUAL,VNSTOCK_BRONZE
SBB,LATEST,ratio,value,-22.9514843458,ACTUAL,VNSTOCK_BRONZE
SBB,LATEST,ratio,order,6.0,ACTUAL,VNSTOCK_BRONZE
SBB,LATEST,ratio,level,2.0,ACTUAL,VNSTOCK_BRONZE
SBB,LATEST,ratio,value,24.5752443205,ACTUAL,VNSTOCK_BRONZE
SBB,LATEST,ratio,order,7.0,ACTUAL,VNSTOCK_BRONZE
SBB,LATEST,ratio,level,2.0,ACTUAL,VNSTOCK_BRONZE
SBB,LATEST,ratio,value,3.45757555,ACTUAL,VNSTOCK_BRONZE
SBB,LATEST,ratio,order,8.0,ACTUAL,VNSTOCK_BRONZE
SBB,LATEST,ratio,level,2.0,ACTUAL,VNSTOCK_BRONZE
SBB,LATEST,ratio,value,1265692315096.0,ACTUAL,VNSTOCK_BRONZE
SBB,LATEST,ratio,order,9.0,ACTUAL,VNSTOCK_BRONZE
SBB,LATEST,ratio,level,2.0,ACTUAL,VNSTOCK_BRONZE
SBB,LATEST,ratio,order,10.0,ACTUAL,VNSTOCK_BRONZE
SBB,LATEST,ratio,level,2.0,ACTUAL,VNSTOCK_BRONZE
SBB,LATEST,ratio,order,11.0,ACTUAL,VNSTOCK_BRONZE
SBB,LATEST,ratio,level,2.0,ACTUAL,VNSTOCK_BRONZE
SBB,LATEST,ratio,order,12.0,ACTUAL,VNSTOCK_BRONZE
SBB,LATEST,ratio,level,2.0,ACTUAL,VNSTOCK_BRONZE
SBB,LATEST,ratio,value,-112822912135.0,ACTUAL,VNSTOCK_BRONZE
SBB,LATEST,ratio,order,13.0,ACTUAL,VNSTOCK_BRONZE
SBB,LATEST,ratio,level,2.0,ACTUAL,VNSTOCK_BRONZE
SBB,LATEST,ratio,value,53313839067.0,ACTUAL,VNSTOCK_BRONZE
SBB,LATEST,ratio,order,14.0,ACTUAL,VNSTOCK_BRONZE
SBB,LATEST,ratio,level,2.0,ACTUAL,VNSTOCK_BRONZE
SBB,LATEST,ratio,value,0.0,ACTUAL,VNSTOCK_BRONZE
SBB,LATEST,ratio,order,15.0,ACTUAL,VNSTOCK_BRONZE
SBB,LATEST,ratio,level,2.0,ACTUAL,VNSTOCK_BRONZE
SBB,LATEST,ratio,value,87524536.0,ACTUAL,VNSTOCK_BRONZE
SBB,LATEST,ratio,order,16.0,ACTUAL,VNSTOCK_BRONZE
SBB,LATEST,ratio,level,1.0,ACTUAL,VNSTOCK_BRONZE
SBB,LATEST,ratio,order,17.0,ACTUAL,VNSTOCK_BRONZE
SBB,LATEST,ratio,level,2.0,ACTUAL,VNSTOCK_BRONZE
SBB,LATEST,ratio,value,-0.2116540183,ACTUAL,VNSTOCK_BRONZE
SBB,LATEST,ratio,order,18.0,ACTUAL,VNSTOCK_BRONZE
SBB,LATEST,ratio,level,2.0,ACTUAL,VNSTOCK_BRONZE
SBB,LATEST,ratio,value,-0.1278554956,ACTUAL,VNSTOCK_BRONZE
SBB,LATEST,ratio,order,19.0,ACTUAL,VNSTOCK_BRONZE
SBB,LATEST,ratio,level,2.0,ACTUAL,VNSTOCK_BRONZE
SBB,LATEST,ratio,value,-0.07885743,ACTUAL,VNSTOCK_BRONZE
SBB,LATEST,ratio,order,20.0,ACTUAL,VNSTOCK_BRONZE
SBB,LATEST,ratio,level,2.0,ACTUAL,VNSTOCK_BRONZE
SBB,LATEST,ratio,value,0.0491856991,ACTUAL,VNSTOCK_BRONZE
SBB,LATEST,ratio,order,21.0,ACTUAL,VNSTOCK_BRONZE
SBB,LATEST,ratio,level,2.0,ACTUAL,VNSTOCK_BRONZE
SBB,LATEST,ratio,value,-0.0517463286,ACTUAL,VNSTOCK_BRONZE
SBB,LATEST,ratio,order,22.0,ACTUAL,VNSTOCK_BRONZE
SBB,LATEST,ratio,level,2.0,ACTUAL,VNSTOCK_BRONZE
SBB,LATEST,ratio,value,-0.115918026,ACTUAL,VNSTOCK_BRONZE
SBB,LATEST,ratio,order,23.0,ACTUAL,VNSTOCK_BRONZE
SBB,LATEST,ratio,level,2.0,ACTUAL,VNSTOCK_BRONZE
SBB,LATEST,ratio,value,-0.1406918963,ACTUAL,VNSTOCK_BRONZE
SBB,LATEST,ratio,order,24.0,ACTUAL,VNSTOCK_BRONZE
SBB,LATEST,ratio,level,2.0,ACTUAL,VNSTOCK_BRONZE
SBB,LATEST,ratio,value,0.9087623309,ACTUAL,VNSTOCK_BRONZE
SBB,LATEST,ratio,order,25.0,ACTUAL,VNSTOCK_BRONZE
SBB,LATEST,ratio,level,2.0,ACTUAL,VNSTOCK_BRONZE
SBB,LATEST,ratio,value,1.8720887489,ACTUAL,VNSTOCK_BRONZE
SBB,LATEST,ratio,order,26.0,ACTUAL,VNSTOCK_BRONZE
SBB,LATEST,ratio,level,2.0,ACTUAL,VNSTOCK_BRONZE
SBB,LATEST,ratio,value,62.9995311297,ACTUAL,VNSTOCK_BRONZE
SBB,LATEST,ratio,order,27.0,ACTUAL,VNSTOCK_BRONZE
SBB,LATEST,ratio,level,2.0,ACTUAL,VNSTOCK_BRONZE
SBB,LATEST,ratio,value,54.4078794075,ACTUAL,VNSTOCK_BRONZE
SBB,LATEST,ratio,order,28.0,ACTUAL,VNSTOCK_BRONZE
SBB,LATEST,ratio,level,2.0,ACTUAL,VNSTOCK_BRONZE
SBB,LATEST,ratio,value,14.0500901976,ACTUAL,VNSTOCK_BRONZE
SBB,LATEST,ratio,order,29.0,ACTUAL,VNSTOCK_BRONZE
SBB,LATEST,ratio,level,2.0,ACTUAL,VNSTOCK_BRONZE
SBB,LATEST,ratio,value,109.0600543161,ACTUAL,VNSTOCK_BRONZE
SBB,LATEST,ratio,order,30.0,ACTUAL,VNSTOCK_BRONZE
SBB,LATEST,ratio,level,1.0,ACTUAL,VNSTOCK_BRONZE
SBB,LATEST,ratio,order,31.0,ACTUAL,VNSTOCK_BRONZE
SBB,LATEST,ratio,level,2.0,ACTUAL,VNSTOCK_BRONZE
SBB,LATEST,ratio,value,0.8683415867,ACTUAL,VNSTOCK_BRONZE
SBB,LATEST,ratio,order,32.0,ACTUAL,VNSTOCK_BRONZE
SBB,LATEST,ratio,level,2.0,ACTUAL,VNSTOCK_BRONZE
SBB,LATEST,ratio,value,0.5268889581,ACTUAL,VNSTOCK_BRONZE
SBB,LATEST,ratio,order,33.0,ACTUAL,VNSTOCK_BRONZE
SBB,LATEST,ratio,level,2.0,ACTUAL,VNSTOCK_BRONZE
SBB,LATEST,ratio,value,0.1724315604,ACTUAL,VNSTOCK_BRONZE
SBB,LATEST,ratio,order,34.0,ACTUAL,VNSTOCK_BRONZE
SBB,LATEST,ratio,level,2.0,ACTUAL,VNSTOCK_BRONZE
SBB,LATEST,ratio,order,35.0,ACTUAL,VNSTOCK_BRONZE
SBB,LATEST,ratio,level,2.0,ACTUAL,VNSTOCK_BRONZE
SBB,LATEST,ratio,order,36.0,ACTUAL,VNSTOCK_BRONZE
SBB,LATEST,ratio,level,2.0,ACTUAL,VNSTOCK_BRONZE
SBB,LATEST,ratio,order,37.0,ACTUAL,VNSTOCK_BRONZE
SBB,LATEST,ratio,level,2.0,ACTUAL,VNSTOCK_BRONZE
SBB,LATEST,ratio,order,38.0,ACTUAL,VNSTOCK_BRONZE
SBB,LATEST,ratio,level,1.0,ACTUAL,VNSTOCK_BRONZE
SBB,LATEST,ratio,order,39.0,ACTUAL,VNSTOCK_BRONZE
SBB,LATEST,ratio,level,2.0,ACTUAL,VNSTOCK_BRONZE
SBB,LATEST,ratio,value,0.8588807831,ACTUAL,VNSTOCK_BRONZE
SBB,LATEST,ratio,order,40.0,ACTUAL,VNSTOCK_BRONZE
SBB,LATEST,ratio,level,2.0,ACTUAL,VNSTOCK_BRONZE
SBB,LATEST,ratio,value,0.262144649,ACTUAL,VNSTOCK_BRONZE
SBB,LATEST,ratio,order,41.0,ACTUAL,VNSTOCK_BRONZE
SBB,LATEST,ratio,level,2.0,ACTUAL,VNSTOCK_BRONZE
SBB,LATEST,ratio,order,42.0,ACTUAL,VNSTOCK_BRONZE
SBB,LATEST,ratio,level,2.0,ACTUAL,VNSTOCK_BRONZE
SBB,LATEST,ratio,value,0.8588807831,ACTUAL,VNSTOCK_BRONZE
SBB,LATEST,ratio,order,43.0,ACTUAL,VNSTOCK_BRONZE
SBB,LATEST,ratio,level,2.0,ACTUAL,VNSTOCK_BRONZE
SBB,LATEST,ratio,value,0.0,ACTUAL,VNSTOCK_BRONZE
SBB,LATEST,ratio,order,44.0,ACTUAL,VNSTOCK_BRONZE
SBB,LATEST,ratio,level,2.0,ACTUAL,VNSTOCK_BRONZE
SBB,LATEST,ratio,value,0.0,ACTUAL,VNSTOCK_BRONZE
SBB,LATEST,ratio,order,45.0,ACTUAL,VNSTOCK_BRONZE
SBB,LATEST,ratio,level,1.0,ACTUAL,VNSTOCK_BRONZE
SBB,LATEST,ratio,order,46.0,ACTUAL,VNSTOCK_BRONZE
SBB,LATEST,ratio,level,2.0,ACTUAL,VNSTOCK_BRONZE
SBB,LATEST,ratio,value,0.0,ACTUAL,VNSTOCK_BRONZE
SBB,LATEST,ratio,order,47.0,ACTUAL,VNSTOCK_BRONZE
SBB,LATEST,ratio,level,2.0,ACTUAL,VNSTOCK_BRONZE
SBB,LATEST,ratio,value,0.0,ACTUAL,VNSTOCK_BRONZE
SBB,LATEST,ratio,order,48.0,ACTUAL,VNSTOCK_BRONZE
SBB,LATEST,ratio,level,2.0,ACTUAL,VNSTOCK_BRONZE
SBB,LATEST,ratio,value,0.0,ACTUAL,VNSTOCK_BRONZE
SBB,LATEST,ratio,order,49.0,ACTUAL,VNSTOCK_BRONZE
SBB,LATEST,ratio,level,2.0,ACTUAL,VNSTOCK_BRONZE
SBB,LATEST,ratio,value,0.0,ACTUAL,VNSTOCK_BRONZE
SBB,LATEST,ratio,order,50.0,ACTUAL,VNSTOCK_BRONZE
SBB,LATEST,ratio,level,2.0,ACTUAL,VNSTOCK_BRONZE
SBB,LATEST,ratio,value,0.0,ACTUAL,VNSTOCK_BRONZE
SBB,LATEST,ratio,order,51.0,ACTUAL,VNSTOCK_BRONZE
SBB,LATEST,ratio,level,2.0,ACTUAL,VNSTOCK_BRONZE
SBB,LATEST,ratio,value,0.0,ACTUAL,VNSTOCK_BRONZE
SBB,LATEST,ratio,order,52.0,ACTUAL,VNSTOCK_BRONZE
SBB,LATEST,ratio,level,2.0,ACTUAL,VNSTOCK_BRONZE
SBB,LATEST,ratio,value,0.0,ACTUAL,VNSTOCK_BRONZE
SBB,LATEST,ratio,order,53.0,ACTUAL,VNSTOCK_BRONZE
SBB,LATEST,ratio,level,2.0,ACTUAL,VNSTOCK_BRONZE
SBB,LATEST,ratio,value,0.0,ACTUAL,VNSTOCK_BRONZE
SBB,LATEST,ratio,order,54.0,ACTUAL,VNSTOCK_BRONZE
SBB,LATEST,ratio,level,2.0,ACTUAL,VNSTOCK_BRONZE
SBB,LATEST,ratio,value,0.0,ACTUAL,VNSTOCK_BRONZE
SBB,LATEST,ratio,order,55.0,ACTUAL,VNSTOCK_BRONZE
SBB,LATEST,ratio,level,2.0,ACTUAL,VNSTOCK_BRONZE
SBB,LATEST,ratio,value,0.0,ACTUAL,VNSTOCK_BRONZE
SBB,LATEST,ratio,order,56.0,ACTUAL,VNSTOCK_BRONZE
SBB,LATEST,ratio,level,2.0,ACTUAL,VNSTOCK_BRONZE
SBB,LATEST,ratio,value,0.0,ACTUAL,VNSTOCK_BRONZE
SBB,LATEST,ratio,order,57.0,ACTUAL,VNSTOCK_BRONZE
SBB,LATEST,ratio,level,2.0,ACTUAL,VNSTOCK_BRONZE
SBB,LATEST,ratio,order,58.0,ACTUAL,VNSTOCK_BRONZE
SBB,LATEST,ratio,level,2.0,ACTUAL,VNSTOCK_BRONZE
SBB,LATEST,ratio,order,59.0,ACTUAL,VNSTOCK_BRONZE
SBB,LATEST,ratio,level,2.0,ACTUAL,VNSTOCK_BRONZE
SBB,LATEST,ratio,value,0.0,ACTUAL,VNSTOCK_BRONZE
SBB,LATEST,ratio,order,60.0,ACTUAL,VNSTOCK_BRONZE
SBB,LATEST,ratio,level,2.0,ACTUAL,VNSTOCK_BRONZE
SBB,LATEST,ratio,value,0.0,ACTUAL,VNSTOCK_BRONZE
SBB,LATEST,ratio,order,1.0,ACTUAL,VNSTOCK_BRONZE
SBB,LATEST,ratio,level,1.0,ACTUAL,VNSTOCK_BRONZE
SBB,LATEST,ratio,order,2.0,ACTUAL,VNSTOCK_BRONZE
SBB,LATEST,ratio,level,2.0,ACTUAL,VNSTOCK_BRONZE
SBB,LATEST,ratio,value,-8.5887759339,ACTUAL,VNSTOCK_BRONZE
SBB,LATEST,ratio,order,3.0,ACTUAL,VNSTOCK_BRONZE
SBB,LATEST,ratio,level,2.0,ACTUAL,VNSTOCK_BRONZE
SBB,LATEST,ratio,value,0.7407387205,ACTUAL,VNSTOCK_BRONZE
SBB,LATEST,ratio,order,4.0,ACTUAL,VNSTOCK_BRONZE
SBB,LATEST,ratio,level,2.0,ACTUAL,VNSTOCK_BRONZE
SBB,LATEST,ratio,value,0.6471882407,ACTUAL,VNSTOCK_BRONZE
SBB,LATEST,ratio,order,5.0,ACTUAL,VNSTOCK_BRONZE
SBB,LATEST,ratio,level,2.0,ACTUAL,VNSTOCK_BRONZE
SBB,LATEST,ratio,value,6.8062052875,ACTUAL,VNSTOCK_BRONZE
SBB,LATEST,ratio,order,6.0,ACTUAL,VNSTOCK_BRONZE
SBB,LATEST,ratio,level,2.0,ACTUAL,VNSTOCK_BRONZE
SBB,LATEST,ratio,value,14.7899157414,ACTUAL,VNSTOCK_BRONZE
SBB,LATEST,ratio,order,7.0,ACTUAL,VNSTOCK_BRONZE
SBB,LATEST,ratio,level,2.0,ACTUAL,VNSTOCK_BRONZE
SBB,LATEST,ratio,value,3.3471683000000003,ACTUAL,VNSTOCK_BRONZE
SBB,LATEST,ratio,order,8.0,ACTUAL,VNSTOCK_BRONZE
SBB,LATEST,ratio,level,2.0,ACTUAL,VNSTOCK_BRONZE
SBB,LATEST,ratio,value,1307441518768.0,ACTUAL,VNSTOCK_BRONZE
SBB,LATEST,ratio,order,9.0,ACTUAL,VNSTOCK_BRONZE
SBB,LATEST,ratio,level,2.0,ACTUAL,VNSTOCK_BRONZE
SBB,LATEST,ratio,order,10.0,ACTUAL,VNSTOCK_BRONZE
SBB,LATEST,ratio,level,2.0,ACTUAL,VNSTOCK_BRONZE
SBB,LATEST,ratio,order,11.0,ACTUAL,VNSTOCK_BRONZE
SBB,LATEST,ratio,level,2.0,ACTUAL,VNSTOCK_BRONZE
SBB,LATEST,ratio,order,12.0,ACTUAL,VNSTOCK_BRONZE
SBB,LATEST,ratio,level,2.0,ACTUAL,VNSTOCK_BRONZE
SBB,LATEST,ratio,value,-117877093415.0,ACTUAL,VNSTOCK_BRONZE
SBB,LATEST,ratio,order,13.0,ACTUAL,VNSTOCK_BRONZE
SBB,LATEST,ratio,level,2.0,ACTUAL,VNSTOCK_BRONZE
SBB,LATEST,ratio,value,99272946925.0,ACTUAL,VNSTOCK_BRONZE
SBB,LATEST,ratio,order,14.0,ACTUAL,VNSTOCK_BRONZE
SBB,LATEST,ratio,level,2.0,ACTUAL,VNSTOCK_BRONZE
SBB,LATEST,ratio,value,0.0,ACTUAL,VNSTOCK_BRONZE
SBB,LATEST,ratio,order,15.0,ACTUAL,VNSTOCK_BRONZE
SBB,LATEST,ratio,level,2.0,ACTUAL,VNSTOCK_BRONZE
SBB,LATEST,ratio,value,87524536.0,ACTUAL,VNSTOCK_BRONZE
SBB,LATEST,ratio,order,16.0,ACTUAL,VNSTOCK_BRONZE
SBB,LATEST,ratio,level,1.0,ACTUAL,VNSTOCK_BRONZE
SBB,LATEST,ratio,order,17.0,ACTUAL,VNSTOCK_BRONZE
SBB,LATEST,ratio,level,2.0,ACTUAL,VNSTOCK_BRONZE
SBB,LATEST,ratio,value,-0.0817085618,ACTUAL,VNSTOCK_BRONZE
SBB,LATEST,ratio,order,18.0,ACTUAL,VNSTOCK_BRONZE
SBB,LATEST,ratio,level,2.0,ACTUAL,VNSTOCK_BRONZE
SBB,LATEST,ratio,value,-0.0531481992,ACTUAL,VNSTOCK_BRONZE
SBB,LATEST,ratio,order,19.0,ACTUAL,VNSTOCK_BRONZE
SBB,LATEST,ratio,level,2.0,ACTUAL,VNSTOCK_BRONZE
SBB,LATEST,ratio,value,-0.0552634597,ACTUAL,VNSTOCK_BRONZE
SBB,LATEST,ratio,order,20.0,ACTUAL,VNSTOCK_BRONZE
SBB,LATEST,ratio,level,2.0,ACTUAL,VNSTOCK_BRONZE
SBB,LATEST,ratio,value,0.0040733952,ACTUAL,VNSTOCK_BRONZE
SBB,LATEST,ratio,order,21.0,ACTUAL,VNSTOCK_BRONZE
SBB,LATEST,ratio,level,2.0,ACTUAL,VNSTOCK_BRONZE
SBB,LATEST,ratio,value,-0.058349584,ACTUAL,VNSTOCK_BRONZE
SBB,LATEST,ratio,order,22.0,ACTUAL,VNSTOCK_BRONZE
SBB,LATEST,ratio,level,2.0,ACTUAL,VNSTOCK_BRONZE
SBB,LATEST,ratio,value,-0.0659388193,ACTUAL,VNSTOCK_BRONZE
SBB,LATEST,ratio,order,23.0,ACTUAL,VNSTOCK_BRONZE
SBB,LATEST,ratio,level,2.0,ACTUAL,VNSTOCK_BRONZE
SBB,LATEST,ratio,value,-0.0753527913,ACTUAL,VNSTOCK_BRONZE
SBB,LATEST,ratio,order,24.0,ACTUAL,VNSTOCK_BRONZE
SBB,LATEST,ratio,level,2.0,ACTUAL,VNSTOCK_BRONZE
SBB,LATEST,ratio,value,0.7053248896,ACTUAL,VNSTOCK_BRONZE
SBB,LATEST,ratio,order,25.0,ACTUAL,VNSTOCK_BRONZE
SBB,LATEST,ratio,level,2.0,ACTUAL,VNSTOCK_BRONZE
SBB,LATEST,ratio,value,1.5030291926,ACTUAL,VNSTOCK_BRONZE
SBB,LATEST,ratio,order,26.0,ACTUAL,VNSTOCK_BRONZE
SBB,LATEST,ratio,level,2.0,ACTUAL,VNSTOCK_BRONZE
SBB,LATEST,ratio,value,62.0689104441,ACTUAL,VNSTOCK_BRONZE
SBB,LATEST,ratio,order,27.0,ACTUAL,VNSTOCK_BRONZE
SBB,LATEST,ratio,level,2.0,ACTUAL,VNSTOCK_BRONZE
SBB,LATEST,ratio,value,68.4133376628,ACTUAL,VNSTOCK_BRONZE
SBB,LATEST,ratio,order,28.0,ACTUAL,VNSTOCK_BRONZE
SBB,LATEST,ratio,level,2.0,ACTUAL,VNSTOCK_BRONZE
SBB,LATEST,ratio,value,11.6395966569,ACTUAL,VNSTOCK_BRONZE
SBB,LATEST,ratio,order,29.0,ACTUAL,VNSTOCK_BRONZE
SBB,LATEST,ratio,level,2.0,ACTUAL,VNSTOCK_BRONZE
SBB,LATEST,ratio,value,139.3062737492,ACTUAL,VNSTOCK_BRONZE
SBB,LATEST,ratio,order,30.0,ACTUAL,VNSTOCK_BRONZE
SBB,LATEST,ratio,level,1.0,ACTUAL,VNSTOCK_BRONZE
SBB,LATEST,ratio,order,31.0,ACTUAL,VNSTOCK_BRONZE
SBB,LATEST,ratio,level,2.0,ACTUAL,VNSTOCK_BRONZE
SBB,LATEST,ratio,value,1.1282040519,ACTUAL,VNSTOCK_BRONZE
SBB,LATEST,ratio,order,32.0,ACTUAL,VNSTOCK_BRONZE
SBB,LATEST,ratio,level,2.0,ACTUAL,VNSTOCK_BRONZE
SBB,LATEST,ratio,value,0.7621324337,ACTUAL,VNSTOCK_BRONZE
SBB,LATEST,ratio,order,33.0,ACTUAL,VNSTOCK_BRONZE
SBB,LATEST,ratio,level,2.0,ACTUAL,VNSTOCK_BRONZE
SBB,LATEST,ratio,value,0.2820846305,ACTUAL,VNSTOCK_BRONZE
SBB,LATEST,ratio,order,34.0,ACTUAL,VNSTOCK_BRONZE
SBB,LATEST,ratio,level,2.0,ACTUAL,VNSTOCK_BRONZE
SBB,LATEST,ratio,order,35.0,ACTUAL,VNSTOCK_BRONZE
SBB,LATEST,ratio,level,2.0,ACTUAL,VNSTOCK_BRONZE
SBB,LATEST,ratio,order,36.0,ACTUAL,VNSTOCK_BRONZE
SBB,LATEST,ratio,level,2.0,ACTUAL,VNSTOCK_BRONZE
SBB,LATEST,ratio,order,37.0,ACTUAL,VNSTOCK_BRONZE
SBB,LATEST,ratio,level,2.0,ACTUAL,VNSTOCK_BRONZE
SBB,LATEST,ratio,order,38.0,ACTUAL,VNSTOCK_BRONZE
SBB,LATEST,ratio,level,1.0,ACTUAL,VNSTOCK_BRONZE
SBB,LATEST,ratio,order,39.0,ACTUAL,VNSTOCK_BRONZE
SBB,LATEST,ratio,level,2.0,ACTUAL,VNSTOCK_BRONZE
SBB,LATEST,ratio,value,0.5247453026,ACTUAL,VNSTOCK_BRONZE
SBB,LATEST,ratio,order,40.0,ACTUAL,VNSTOCK_BRONZE
SBB,LATEST,ratio,level,2.0,ACTUAL,VNSTOCK_BRONZE
SBB,LATEST,ratio,value,0.2084651309,ACTUAL,VNSTOCK_BRONZE
SBB,LATEST,ratio,order,41.0,ACTUAL,VNSTOCK_BRONZE
SBB,LATEST,ratio,level,2.0,ACTUAL,VNSTOCK_BRONZE
SBB,LATEST,ratio,order,42.0,ACTUAL,VNSTOCK_BRONZE
SBB,LATEST,ratio,level,2.0,ACTUAL,VNSTOCK_BRONZE
SBB,LATEST,ratio,value,0.5247453026,ACTUAL,VNSTOCK_BRONZE
SBB,LATEST,ratio,order,43.0,ACTUAL,VNSTOCK_BRONZE
SBB,LATEST,ratio,level,2.0,ACTUAL,VNSTOCK_BRONZE
SBB,LATEST,ratio,value,0.0,ACTUAL,VNSTOCK_BRONZE
SBB,LATEST,ratio,order,44.0,ACTUAL,VNSTOCK_BRONZE
SBB,LATEST,ratio,level,2.0,ACTUAL,VNSTOCK_BRONZE
SBB,LATEST,ratio,value,0.0,ACTUAL,VNSTOCK_BRONZE
SBB,LATEST,ratio,order,45.0,ACTUAL,VNSTOCK_BRONZE
SBB,LATEST,ratio,level,1.0,ACTUAL,VNSTOCK_BRONZE
SBB,LATEST,ratio,order,46.0,ACTUAL,VNSTOCK_BRONZE
SBB,LATEST,ratio,level,2.0,ACTUAL,VNSTOCK_BRONZE
SBB,LATEST,ratio,value,0.0,ACTUAL,VNSTOCK_BRONZE
SBB,LATEST,ratio,order,47.0,ACTUAL,VNSTOCK_BRONZE
SBB,LATEST,ratio,level,2.0,ACTUAL,VNSTOCK_BRONZE
SBB,LATEST,ratio,value,0.0,ACTUAL,VNSTOCK_BRONZE
SBB,LATEST,ratio,order,48.0,ACTUAL,VNSTOCK_BRONZE
SBB,LATEST,ratio,level,2.0,ACTUAL,VNSTOCK_BRONZE
SBB,LATEST,ratio,value,0.0,ACTUAL,VNSTOCK_BRONZE
SBB,LATEST,ratio,order,49.0,ACTUAL,VNSTOCK_BRONZE
SBB,LATEST,ratio,level,2.0,ACTUAL,VNSTOCK_BRONZE
SBB,LATEST,ratio,value,0.0,ACTUAL,VNSTOCK_BRONZE
SBB,LATEST,ratio,order,50.0,ACTUAL,VNSTOCK_BRONZE
SBB,LATEST,ratio,level,2.0,ACTUAL,VNSTOCK_BRONZE
SBB,LATEST,ratio,value,0.0,ACTUAL,VNSTOCK_BRONZE
SBB,LATEST,ratio,order,51.0,ACTUAL,VNSTOCK_BRONZE
SBB,LATEST,ratio,level,2.0,ACTUAL,VNSTOCK_BRONZE
SBB,LATEST,ratio,value,0.0,ACTUAL,VNSTOCK_BRONZE
SBB,LATEST,ratio,order,52.0,ACTUAL,VNSTOCK_BRONZE
SBB,LATEST,ratio,level,2.0,ACTUAL,VNSTOCK_BRONZE
SBB,LATEST,ratio,value,0.0,ACTUAL,VNSTOCK_BRONZE
SBB,LATEST,ratio,order,53.0,ACTUAL,VNSTOCK_BRONZE
SBB,LATEST,ratio,level,2.0,ACTUAL,VNSTOCK_BRONZE
SBB,LATEST,ratio,value,0.0,ACTUAL,VNSTOCK_BRONZE
SBB,LATEST,ratio,order,54.0,ACTUAL,VNSTOCK_BRONZE
SBB,LATEST,ratio,level,2.0,ACTUAL,VNSTOCK_BRONZE
SBB,LATEST,ratio,value,0.0,ACTUAL,VNSTOCK_BRONZE
SBB,LATEST,ratio,order,55.0,ACTUAL,VNSTOCK_BRONZE
SBB,LATEST,ratio,level,2.0,ACTUAL,VNSTOCK_BRONZE
SBB,LATEST,ratio,value,0.0,ACTUAL,VNSTOCK_BRONZE
SBB,LATEST,ratio,order,56.0,ACTUAL,VNSTOCK_BRONZE
SBB,LATEST,ratio,level,2.0,ACTUAL,VNSTOCK_BRONZE
SBB,LATEST,ratio,value,0.0,ACTUAL,VNSTOCK_BRONZE
SBB,LATEST,ratio,order,57.0,ACTUAL,VNSTOCK_BRONZE
SBB,LATEST,ratio,level,2.0,ACTUAL,VNSTOCK_BRONZE
SBB,LATEST,ratio,order,58.0,ACTUAL,VNSTOCK_BRONZE
SBB,LATEST,ratio,level,2.0,ACTUAL,VNSTOCK_BRONZE
SBB,LATEST,ratio,order,59.0,ACTUAL,VNSTOCK_BRONZE
SBB,LATEST,ratio,level,2.0,ACTUAL,VNSTOCK_BRONZE
SBB,LATEST,ratio,value,0.0,ACTUAL,VNSTOCK_BRONZE
SBB,LATEST,ratio,order,60.0,ACTUAL,VNSTOCK_BRONZE
SBB,LATEST,ratio,level,2.0,ACTUAL,VNSTOCK_BRONZE
SBB,LATEST,ratio,value,0.0,ACTUAL,VNSTOCK_BRONZE
SBB,LATEST,balance_sheet,order,1.0,ACTUAL,VNSTOCK_BRONZE
SBB,LATEST,balance_sheet,level,1.0,ACTUAL,VNSTOCK_BRONZE
SBB,LATEST,balance_sheet,off_balance,0.0,ACTUAL,VNSTOCK_BRONZE
SBB,LATEST,balance_sheet,value,926806993133.0,ACTUAL,VNSTOCK_BRONZE
SBB,LATEST,balance_sheet,order,2.0,ACTUAL,VNSTOCK_BRONZE
SBB,LATEST,balance_sheet,level,1.0,ACTUAL,VNSTOCK_BRONZE
SBB,LATEST,balance_sheet,off_balance,0.0,ACTUAL,VNSTOCK_BRONZE
SBB,LATEST,balance_sheet,value,286057587048.0,ACTUAL,VNSTOCK_BRONZE
SBB,LATEST,balance_sheet,order,3.0,ACTUAL,VNSTOCK_BRONZE
SBB,LATEST,balance_sheet,level,2.0,ACTUAL,VNSTOCK_BRONZE
SBB,LATEST,balance_sheet,off_balance,0.0,ACTUAL,VNSTOCK_BRONZE
SBB,LATEST,balance_sheet,value,172464275451.0,ACTUAL,VNSTOCK_BRONZE
SBB,LATEST,balance_sheet,order,4.0,ACTUAL,VNSTOCK_BRONZE
SBB,LATEST,balance_sheet,level,2.0,ACTUAL,VNSTOCK_BRONZE
SBB,LATEST,balance_sheet,off_balance,0.0,ACTUAL,VNSTOCK_BRONZE
SBB,LATEST,balance_sheet,value,113593311597.0,ACTUAL,VNSTOCK_BRONZE
SBB,LATEST,balance_sheet,order,5.0,ACTUAL,VNSTOCK_BRONZE
SBB,LATEST,balance_sheet,level,1.0,ACTUAL,VNSTOCK_BRONZE
SBB,LATEST,balance_sheet,off_balance,0.0,ACTUAL,VNSTOCK_BRONZE
SBB,LATEST,balance_sheet,value,116063328768.0,ACTUAL,VNSTOCK_BRONZE
SBB,LATEST,balance_sheet,order,6.0,ACTUAL,VNSTOCK_BRONZE
SBB,LATEST,balance_sheet,level,2.0,ACTUAL,VNSTOCK_BRONZE
SBB,LATEST,balance_sheet,off_balance,0.0,ACTUAL,VNSTOCK_BRONZE
SBB,LATEST,balance_sheet,value,0.0,ACTUAL,VNSTOCK_BRONZE
SBB,LATEST,balance_sheet,order,7.0,ACTUAL,VNSTOCK_BRONZE
SBB,LATEST,balance_sheet,level,2.0,ACTUAL,VNSTOCK_BRONZE
SBB,LATEST,balance_sheet,off_balance,0.0,ACTUAL,VNSTOCK_BRONZE
SBB,LATEST,balance_sheet,value,0.0,ACTUAL,VNSTOCK_BRONZE
SBB,LATEST,balance_sheet,order,8.0,ACTUAL,VNSTOCK_BRONZE
SBB,LATEST,balance_sheet,level,2.0,ACTUAL,VNSTOCK_BRONZE
SBB,LATEST,balance_sheet,off_balance,0.0,ACTUAL,VNSTOCK_BRONZE
SBB,LATEST,balance_sheet,value,116063328768.0,ACTUAL,VNSTOCK_BRONZE
SBB,LATEST,balance_sheet,order,9.0,ACTUAL,VNSTOCK_BRONZE
SBB,LATEST,balance_sheet,level,1.0,ACTUAL,VNSTOCK_BRONZE
SBB,LATEST,balance_sheet,off_balance,0.0,ACTUAL,VNSTOCK_BRONZE
SBB,LATEST,balance_sheet,value,232006716515.0,ACTUAL,VNSTOCK_BRONZE
SBB,LATEST,balance_sheet,order,10.0,ACTUAL,VNSTOCK_BRONZE
SBB,LATEST,balance_sheet,level,2.0,ACTUAL,VNSTOCK_BRONZE
SBB,LATEST,balance_sheet,off_balance,0.0,ACTUAL,VNSTOCK_BRONZE
SBB,LATEST,balance_sheet,value,483828980808.0,ACTUAL,VNSTOCK_BRONZE
SBB,LATEST,balance_sheet,order,11.0,ACTUAL,VNSTOCK_BRONZE
SBB,LATEST,balance_sheet,level,2.0,ACTUAL,VNSTOCK_BRONZE
SBB,LATEST,balance_sheet,off_balance,0.0,ACTUAL,VNSTOCK_BRONZE
SBB,LATEST,balance_sheet,value,8431468809.0,ACTUAL,VNSTOCK_BRONZE
SBB,LATEST,balance_sheet,order,12.0,ACTUAL,VNSTOCK_BRONZE
SBB,LATEST,balance_sheet,level,2.0,ACTUAL,VNSTOCK_BRONZE
SBB,LATEST,balance_sheet,off_balance,0.0,ACTUAL,VNSTOCK_BRONZE
SBB,LATEST,balance_sheet,value,0.0,ACTUAL,VNSTOCK_BRONZE
SBB,LATEST,balance_sheet,order,13.0,ACTUAL,VNSTOCK_BRONZE
SBB,LATEST,balance_sheet,level,2.0,ACTUAL,VNSTOCK_BRONZE
SBB,LATEST,balance_sheet,off_balance,0.0,ACTUAL,VNSTOCK_BRONZE
SBB,LATEST,balance_sheet,value,0.0,ACTUAL,VNSTOCK_BRONZE
SBB,LATEST,balance_sheet,order,14.0,ACTUAL,VNSTOCK_BRONZE
SBB,LATEST,balance_sheet,level,2.0,ACTUAL,VNSTOCK_BRONZE
SBB,LATEST,balance_sheet,off_balance,0.0,ACTUAL,VNSTOCK_BRONZE
SBB,LATEST,balance_sheet,value,0.0,ACTUAL,VNSTOCK_BRONZE
SBB,LATEST,balance_sheet,order,15.0,ACTUAL,VNSTOCK_BRONZE
SBB,LATEST,balance_sheet,level,2.0,ACTUAL,VNSTOCK_BRONZE
SBB,LATEST,balance_sheet,off_balance,0.0,ACTUAL,VNSTOCK_BRONZE
SBB,LATEST,balance_sheet,value,3478986561.0,ACTUAL,VNSTOCK_BRONZE
SBB,LATEST,balance_sheet,order,16.0,ACTUAL,VNSTOCK_BRONZE
SBB,LATEST,balance_sheet,level,2.0,ACTUAL,VNSTOCK_BRONZE
SBB,LATEST,balance_sheet,off_balance,0.0,ACTUAL,VNSTOCK_BRONZE
SBB,LATEST,balance_sheet,value,-263732719663.0,ACTUAL,VNSTOCK_BRONZE
SBB,LATEST,balance_sheet,order,17.0,ACTUAL,VNSTOCK_BRONZE
SBB,LATEST,balance_sheet,level,2.0,ACTUAL,VNSTOCK_BRONZE
SBB,LATEST,balance_sheet,off_balance,0.0,ACTUAL,VNSTOCK_BRONZE
SBB,LATEST,balance_sheet,value,0.0,ACTUAL,VNSTOCK_BRONZE
SBB,LATEST,balance_sheet,order,18.0,ACTUAL,VNSTOCK_BRONZE
SBB,LATEST,balance_sheet,level,1.0,ACTUAL,VNSTOCK_BRONZE
SBB,LATEST,balance_sheet,off_balance,0.0,ACTUAL,VNSTOCK_BRONZE
SBB,LATEST,balance_sheet,value,288600981921.0,ACTUAL,VNSTOCK_BRONZE
SBB,LATEST,balance_sheet,order,19.0,ACTUAL,VNSTOCK_BRONZE
SBB,LATEST,balance_sheet,level,2.0,ACTUAL,VNSTOCK_BRONZE
SBB,LATEST,balance_sheet,off_balance,0.0,ACTUAL,VNSTOCK_BRONZE
SBB,LATEST,balance_sheet,value,305412311101.0,ACTUAL,VNSTOCK_BRONZE
SBB,LATEST,balance_sheet,order,20.0,ACTUAL,VNSTOCK_BRONZE
SBB,LATEST,balance_sheet,level,2.0,ACTUAL,VNSTOCK_BRONZE
SBB,LATEST,balance_sheet,off_balance,0.0,ACTUAL,VNSTOCK_BRONZE
SBB,LATEST,balance_sheet,value,-16811329180.0,ACTUAL,VNSTOCK_BRONZE
SBB,LATEST,balance_sheet,order,21.0,ACTUAL,VNSTOCK_BRONZE
SBB,LATEST,balance_sheet,level,1.0,ACTUAL,VNSTOCK_BRONZE
SBB,LATEST,balance_sheet,off_balance,0.0,ACTUAL,VNSTOCK_BRONZE
SBB,LATEST,balance_sheet,value,4078378881.0,ACTUAL,VNSTOCK_BRONZE
SBB,LATEST,balance_sheet,order,22.0,ACTUAL,VNSTOCK_BRONZE
SBB,LATEST,balance_sheet,level,2.0,ACTUAL,VNSTOCK_BRONZE
SBB,LATEST,balance_sheet,off_balance,0.0,ACTUAL,VNSTOCK_BRONZE
SBB,LATEST,balance_sheet,value,2969232036.0,ACTUAL,VNSTOCK_BRONZE
SBB,LATEST,balance_sheet,order,23.0,ACTUAL,VNSTOCK_BRONZE
SBB,LATEST,balance_sheet,level,2.0,ACTUAL,VNSTOCK_BRONZE
SBB,LATEST,balance_sheet,off_balance,0.0,ACTUAL,VNSTOCK_BRONZE
SBB,LATEST,balance_sheet,value,0.0,ACTUAL,VNSTOCK_BRONZE
SBB,LATEST,balance_sheet,order,24.0,ACTUAL,VNSTOCK_BRONZE
SBB,LATEST,balance_sheet,level,2.0,ACTUAL,VNSTOCK_BRONZE
SBB,LATEST,balance_sheet,off_balance,0.0,ACTUAL,VNSTOCK_BRONZE
SBB,LATEST,balance_sheet,value,1109146845.0,ACTUAL,VNSTOCK_BRONZE
SBB,LATEST,balance_sheet,order,25.0,ACTUAL,VNSTOCK_BRONZE
SBB,LATEST,balance_sheet,level,2.0,ACTUAL,VNSTOCK_BRONZE
SBB,LATEST,balance_sheet,off_balance,0.0,ACTUAL,VNSTOCK_BRONZE
SBB,LATEST,balance_sheet,value,0.0,ACTUAL,VNSTOCK_BRONZE
SBB,LATEST,balance_sheet,order,26.0,ACTUAL,VNSTOCK_BRONZE
SBB,LATEST,balance_sheet,level,1.0,ACTUAL,VNSTOCK_BRONZE
SBB,LATEST,balance_sheet,off_balance,0.0,ACTUAL,VNSTOCK_BRONZE
SBB,LATEST,balance_sheet,value,1164667116535.0,ACTUAL,VNSTOCK_BRONZE
SBB,LATEST,balance_sheet,order,27.0,ACTUAL,VNSTOCK_BRONZE
SBB,LATEST,balance_sheet,level,1.0,ACTUAL,VNSTOCK_BRONZE
SBB,LATEST,balance_sheet,off_balance,0.0,ACTUAL,VNSTOCK_BRONZE
SBB,LATEST,balance_sheet,value,765752500.0,ACTUAL,VNSTOCK_BRONZE
SBB,LATEST,balance_sheet,order,28.0,ACTUAL,VNSTOCK_BRONZE
SBB,LATEST,balance_sheet,level,2.0,ACTUAL,VNSTOCK_BRONZE
SBB,LATEST,balance_sheet,off_balance,0.0,ACTUAL,VNSTOCK_BRONZE
SBB,LATEST,balance_sheet,value,0.0,ACTUAL,VNSTOCK_BRONZE
SBB,LATEST,balance_sheet,order,29.0,ACTUAL,VNSTOCK_BRONZE
SBB,LATEST,balance_sheet,level,2.0,ACTUAL,VNSTOCK_BRONZE
SBB,LATEST,balance_sheet,off_balance,0.0,ACTUAL,VNSTOCK_BRONZE
SBB,LATEST,balance_sheet,value,0.0,ACTUAL,VNSTOCK_BRONZE
SBB,LATEST,balance_sheet,order,30.0,ACTUAL,VNSTOCK_BRONZE
SBB,LATEST,balance_sheet,level,2.0,ACTUAL,VNSTOCK_BRONZE
SBB,LATEST,balance_sheet,off_balance,0.0,ACTUAL,VNSTOCK_BRONZE
SBB,LATEST,balance_sheet,value,0.0,ACTUAL,VNSTOCK_BRONZE
SBB,LATEST,balance_sheet,order,31.0,ACTUAL,VNSTOCK_BRONZE
SBB,LATEST,balance_sheet,level,2.0,ACTUAL,VNSTOCK_BRONZE
SBB,LATEST,balance_sheet,off_balance,0.0,ACTUAL,VNSTOCK_BRONZE
SBB,LATEST,balance_sheet,value,0.0,ACTUAL,VNSTOCK_BRONZE
SBB,LATEST,balance_sheet,order,32.0,ACTUAL,VNSTOCK_BRONZE
SBB,LATEST,balance_sheet,level,2.0,ACTUAL,VNSTOCK_BRONZE
SBB,LATEST,balance_sheet,off_balance,0.0,ACTUAL,VNSTOCK_BRONZE
SBB,LATEST,balance_sheet,value,765752500.0,ACTUAL,VNSTOCK_BRONZE
SBB,LATEST,balance_sheet,order,33.0,ACTUAL,VNSTOCK_BRONZE
SBB,LATEST,balance_sheet,level,2.0,ACTUAL,VNSTOCK_BRONZE
SBB,LATEST,balance_sheet,off_balance,0.0,ACTUAL,VNSTOCK_BRONZE
SBB,LATEST,balance_sheet,value,-0.0,ACTUAL,VNSTOCK_BRONZE
SBB,LATEST,balance_sheet,order,34.0,ACTUAL,VNSTOCK_BRONZE
SBB,LATEST,balance_sheet,level,1.0,ACTUAL,VNSTOCK_BRONZE
SBB,LATEST,balance_sheet,off_balance,0.0,ACTUAL,VNSTOCK_BRONZE
SBB,LATEST,balance_sheet,value,794198948410.0,ACTUAL,VNSTOCK_BRONZE
SBB,LATEST,balance_sheet,order,35.0,ACTUAL,VNSTOCK_BRONZE
SBB,LATEST,balance_sheet,level,2.0,ACTUAL,VNSTOCK_BRONZE
SBB,LATEST,balance_sheet,off_balance,0.0,ACTUAL,VNSTOCK_BRONZE
SBB,LATEST,balance_sheet,value,789293408863.0,ACTUAL,VNSTOCK_BRONZE
SBB,LATEST,balance_sheet,order,36.0,ACTUAL,VNSTOCK_BRONZE
SBB,LATEST,balance_sheet,level,3.0,ACTUAL,VNSTOCK_BRONZE
SBB,LATEST,balance_sheet,off_balance,0.0,ACTUAL,VNSTOCK_BRONZE
SBB,LATEST,balance_sheet,value,3789595550198.0,ACTUAL,VNSTOCK_BRONZE
SBB,LATEST,balance_sheet,order,37.0,ACTUAL,VNSTOCK_BRONZE
SBB,LATEST,balance_sheet,level,3.0,ACTUAL,VNSTOCK_BRONZE
SBB,LATEST,balance_sheet,off_balance,0.0,ACTUAL,VNSTOCK_BRONZE
SBB,LATEST,balance_sheet,value,-3000302141335.0,ACTUAL,VNSTOCK_BRONZE
SBB,LATEST,balance_sheet,order,38.0,ACTUAL,VNSTOCK_BRONZE
SBB,LATEST,balance_sheet,level,2.0,ACTUAL,VNSTOCK_BRONZE
SBB,LATEST,balance_sheet,off_balance,0.0,ACTUAL,VNSTOCK_BRONZE
SBB,LATEST,balance_sheet,value,0.0,ACTUAL,VNSTOCK_BRONZE
SBB,LATEST,balance_sheet,order,39.0,ACTUAL,VNSTOCK_BRONZE
SBB,LATEST,balance_sheet,level,3.0,ACTUAL,VNSTOCK_BRONZE
SBB,LATEST,balance_sheet,off_balance,0.0,ACTUAL,VNSTOCK_BRONZE
SBB,LATEST,balance_sheet,value,0.0,ACTUAL,VNSTOCK_BRONZE
SBB,LATEST,balance_sheet,order,40.0,ACTUAL,VNSTOCK_BRONZE
SBB,LATEST,balance_sheet,level,3.0,ACTUAL,VNSTOCK_BRONZE
SBB,LATEST,balance_sheet,off_balance,0.0,ACTUAL,VNSTOCK_BRONZE
SBB,LATEST,balance_sheet,value,-0.0,ACTUAL,VNSTOCK_BRONZE
SBB,LATEST,balance_sheet,order,41.0,ACTUAL,VNSTOCK_BRONZE
SBB,LATEST,balance_sheet,level,2.0,ACTUAL,VNSTOCK_BRONZE
SBB,LATEST,balance_sheet,off_balance,0.0,ACTUAL,VNSTOCK_BRONZE
SBB,LATEST,balance_sheet,value,4905539547.0,ACTUAL,VNSTOCK_BRONZE
SBB,LATEST,balance_sheet,order,42.0,ACTUAL,VNSTOCK_BRONZE
SBB,LATEST,balance_sheet,level,3.0,ACTUAL,VNSTOCK_BRONZE
SBB,LATEST,balance_sheet,off_balance,0.0,ACTUAL,VNSTOCK_BRONZE
SBB,LATEST,balance_sheet,value,13830585877.0,ACTUAL,VNSTOCK_BRONZE
SBB,LATEST,balance_sheet,order,43.0,ACTUAL,VNSTOCK_BRONZE
SBB,LATEST,balance_sheet,level,3.0,ACTUAL,VNSTOCK_BRONZE
SBB,LATEST,balance_sheet,off_balance,0.0,ACTUAL,VNSTOCK_BRONZE
SBB,LATEST,balance_sheet,value,-8925046330.0,ACTUAL,VNSTOCK_BRONZE
SBB,LATEST,balance_sheet,order,44.0,ACTUAL,VNSTOCK_BRONZE
SBB,LATEST,balance_sheet,level,1.0,ACTUAL,VNSTOCK_BRONZE
SBB,LATEST,balance_sheet,off_balance,0.0,ACTUAL,VNSTOCK_BRONZE
SBB,LATEST,balance_sheet,value,103591556521.0,ACTUAL,VNSTOCK_BRONZE
SBB,LATEST,balance_sheet,order,45.0,ACTUAL,VNSTOCK_BRONZE
SBB,LATEST,balance_sheet,level,2.0,ACTUAL,VNSTOCK_BRONZE
SBB,LATEST,balance_sheet,off_balance,0.0,ACTUAL,VNSTOCK_BRONZE
SBB,LATEST,balance_sheet,value,162090239411.0,ACTUAL,VNSTOCK_BRONZE
SBB,LATEST,balance_sheet,order,46.0,ACTUAL,VNSTOCK_BRONZE
SBB,LATEST,balance_sheet,level,2.0,ACTUAL,VNSTOCK_BRONZE
SBB,LATEST,balance_sheet,off_balance,0.0,ACTUAL,VNSTOCK_BRONZE
SBB,LATEST,balance_sheet,value,-58498682890.0,ACTUAL,VNSTOCK_BRONZE
SBB,LATEST,balance_sheet,order,47.0,ACTUAL,VNSTOCK_BRONZE
SBB,LATEST,balance_sheet,level,1.0,ACTUAL,VNSTOCK_BRONZE
SBB,LATEST,balance_sheet,off_balance,0.0,ACTUAL,VNSTOCK_BRONZE
SBB,LATEST,balance_sheet,value,5362566036.0,ACTUAL,VNSTOCK_BRONZE
SBB,LATEST,balance_sheet,order,48.0,ACTUAL,VNSTOCK_BRONZE
SBB,LATEST,balance_sheet,level,2.0,ACTUAL,VNSTOCK_BRONZE
SBB,LATEST,balance_sheet,off_balance,0.0,ACTUAL,VNSTOCK_BRONZE
SBB,LATEST,balance_sheet,value,0.0,ACTUAL,VNSTOCK_BRONZE
SBB,LATEST,balance_sheet,order,49.0,ACTUAL,VNSTOCK_BRONZE
SBB,LATEST,balance_sheet,level,2.0,ACTUAL,VNSTOCK_BRONZE
SBB,LATEST,balance_sheet,off_balance,0.0,ACTUAL,VNSTOCK_BRONZE
SBB,LATEST,balance_sheet,value,5362566036.0,ACTUAL,VNSTOCK_BRONZE
SBB,LATEST,balance_sheet,order,50.0,ACTUAL,VNSTOCK_BRONZE
SBB,LATEST,balance_sheet,level,1.0,ACTUAL,VNSTOCK_BRONZE
SBB,LATEST,balance_sheet,off_balance,0.0,ACTUAL,VNSTOCK_BRONZE
SBB,LATEST,balance_sheet,value,213554053643.0,ACTUAL,VNSTOCK_BRONZE
SBB,LATEST,balance_sheet,order,51.0,ACTUAL,VNSTOCK_BRONZE
SBB,LATEST,balance_sheet,level,2.0,ACTUAL,VNSTOCK_BRONZE
SBB,LATEST,balance_sheet,off_balance,0.0,ACTUAL,VNSTOCK_BRONZE
SBB,LATEST,balance_sheet,value,0.0,ACTUAL,VNSTOCK_BRONZE
SBB,LATEST,balance_sheet,order,52.0,ACTUAL,VNSTOCK_BRONZE
SBB,LATEST,balance_sheet,level,2.0,ACTUAL,VNSTOCK_BRONZE
SBB,LATEST,balance_sheet,off_balance,0.0,ACTUAL,VNSTOCK_BRONZE
SBB,LATEST,balance_sheet,value,41186788990.0,ACTUAL,VNSTOCK_BRONZE
SBB,LATEST,balance_sheet,order,53.0,ACTUAL,VNSTOCK_BRONZE
SBB,LATEST,balance_sheet,level,2.0,ACTUAL,VNSTOCK_BRONZE
SBB,LATEST,balance_sheet,off_balance,0.0,ACTUAL,VNSTOCK_BRONZE
SBB,LATEST,balance_sheet,value,173867264653.0,ACTUAL,VNSTOCK_BRONZE
SBB,LATEST,balance_sheet,order,54.0,ACTUAL,VNSTOCK_BRONZE
SBB,LATEST,balance_sheet,level,2.0,ACTUAL,VNSTOCK_BRONZE
SBB,LATEST,balance_sheet,off_balance,0.0,ACTUAL,VNSTOCK_BRONZE
SBB,LATEST,balance_sheet,value,-1500000000.0,ACTUAL,VNSTOCK_BRONZE
SBB,LATEST,balance_sheet,order,55.0,ACTUAL,VNSTOCK_BRONZE
SBB,LATEST,balance_sheet,level,2.0,ACTUAL,VNSTOCK_BRONZE
SBB,LATEST,balance_sheet,off_balance,0.0,ACTUAL,VNSTOCK_BRONZE
SBB,LATEST,balance_sheet,value,0.0,ACTUAL,VNSTOCK_BRONZE
SBB,LATEST,balance_sheet,order,56.0,ACTUAL,VNSTOCK_BRONZE
SBB,LATEST,balance_sheet,level,1.0,ACTUAL,VNSTOCK_BRONZE
SBB,LATEST,balance_sheet,off_balance,0.0,ACTUAL,VNSTOCK_BRONZE
SBB,LATEST,balance_sheet,value,47194239425.0,ACTUAL,VNSTOCK_BRONZE
SBB,LATEST,balance_sheet,order,57.0,ACTUAL,VNSTOCK_BRONZE
SBB,LATEST,balance_sheet,level,2.0,ACTUAL,VNSTOCK_BRONZE
SBB,LATEST,balance_sheet,off_balance,0.0,ACTUAL,VNSTOCK_BRONZE
SBB,LATEST,balance_sheet,value,0.0,ACTUAL,VNSTOCK_BRONZE
SBB,LATEST,balance_sheet,order,58.0,ACTUAL,VNSTOCK_BRONZE
SBB,LATEST,balance_sheet,level,2.0,ACTUAL,VNSTOCK_BRONZE
SBB,LATEST,balance_sheet,off_balance,0.0,ACTUAL,VNSTOCK_BRONZE
SBB,LATEST,balance_sheet,value,40929822840.0,ACTUAL,VNSTOCK_BRONZE
SBB,LATEST,balance_sheet,order,59.0,ACTUAL,VNSTOCK_BRONZE
SBB,LATEST,balance_sheet,level,2.0,ACTUAL,VNSTOCK_BRONZE
SBB,LATEST,balance_sheet,off_balance,0.0,ACTUAL,VNSTOCK_BRONZE
SBB,LATEST,balance_sheet,value,338237287.0,ACTUAL,VNSTOCK_BRONZE
SBB,LATEST,balance_sheet,order,60.0,ACTUAL,VNSTOCK_BRONZE
SBB,LATEST,balance_sheet,level,2.0,ACTUAL,VNSTOCK_BRONZE
SBB,LATEST,balance_sheet,off_balance,0.0,ACTUAL,VNSTOCK_BRONZE
SBB,LATEST,balance_sheet,value,5926179298.0,ACTUAL,VNSTOCK_BRONZE
SBB,LATEST,balance_sheet,order,61.0,ACTUAL,VNSTOCK_BRONZE
SBB,LATEST,balance_sheet,level,2.0,ACTUAL,VNSTOCK_BRONZE
SBB,LATEST,balance_sheet,off_balance,0.0,ACTUAL,VNSTOCK_BRONZE
SBB,LATEST,balance_sheet,value,0.0,ACTUAL,VNSTOCK_BRONZE
SBB,LATEST,balance_sheet,order,62.0,ACTUAL,VNSTOCK_BRONZE
SBB,LATEST,balance_sheet,level,2.0,ACTUAL,VNSTOCK_BRONZE
SBB,LATEST,balance_sheet,off_balance,0.0,ACTUAL,VNSTOCK_BRONZE
SBB,LATEST,balance_sheet,value,0.0,ACTUAL,VNSTOCK_BRONZE
SBB,LATEST,balance_sheet,order,63.0,ACTUAL,VNSTOCK_BRONZE
SBB,LATEST,balance_sheet,level,1.0,ACTUAL,VNSTOCK_BRONZE
SBB,LATEST,balance_sheet,off_balance,0.0,ACTUAL,VNSTOCK_BRONZE
SBB,LATEST,balance_sheet,value,2091474109668.0,ACTUAL,VNSTOCK_BRONZE
SBB,LATEST,balance_sheet,order,64.0,ACTUAL,VNSTOCK_BRONZE
SBB,LATEST,balance_sheet,level,1.0,ACTUAL,VNSTOCK_BRONZE
SBB,LATEST,balance_sheet,off_balance,0.0,ACTUAL,VNSTOCK_BRONZE
SBB,LATEST,balance_sheet,value,609319542194.0,ACTUAL,VNSTOCK_BRONZE
SBB,LATEST,balance_sheet,order,65.0,ACTUAL,VNSTOCK_BRONZE
SBB,LATEST,balance_sheet,level,1.0,ACTUAL,VNSTOCK_BRONZE
SBB,LATEST,balance_sheet,off_balance,0.0,ACTUAL,VNSTOCK_BRONZE
SBB,LATEST,balance_sheet,value,482202331905.0,ACTUAL,VNSTOCK_BRONZE
SBB,LATEST,balance_sheet,order,66.0,ACTUAL,VNSTOCK_BRONZE
SBB,LATEST,balance_sheet,level,2.0,ACTUAL,VNSTOCK_BRONZE
SBB,LATEST,balance_sheet,off_balance,0.0,ACTUAL,VNSTOCK_BRONZE
SBB,LATEST,balance_sheet,value,0.0,ACTUAL,VNSTOCK_BRONZE
SBB,LATEST,balance_sheet,order,67.0,ACTUAL,VNSTOCK_BRONZE
SBB,LATEST,balance_sheet,level,2.0,ACTUAL,VNSTOCK_BRONZE
SBB,LATEST,balance_sheet,off_balance,0.0,ACTUAL,VNSTOCK_BRONZE
SBB,LATEST,balance_sheet,value,0.0,ACTUAL,VNSTOCK_BRONZE
SBB,LATEST,balance_sheet,order,68.0,ACTUAL,VNSTOCK_BRONZE
SBB,LATEST,balance_sheet,level,2.0,ACTUAL,VNSTOCK_BRONZE
SBB,LATEST,balance_sheet,off_balance,0.0,ACTUAL,VNSTOCK_BRONZE
SBB,LATEST,balance_sheet,value,0.0,ACTUAL,VNSTOCK_BRONZE
SBB,LATEST,balance_sheet,order,69.0,ACTUAL,VNSTOCK_BRONZE
SBB,LATEST,balance_sheet,level,2.0,ACTUAL,VNSTOCK_BRONZE
SBB,LATEST,balance_sheet,off_balance,0.0,ACTUAL,VNSTOCK_BRONZE
SBB,LATEST,balance_sheet,value,87484932126.0,ACTUAL,VNSTOCK_BRONZE
SBB,LATEST,balance_sheet,order,70.0,ACTUAL,VNSTOCK_BRONZE
SBB,LATEST,balance_sheet,level,2.0,ACTUAL,VNSTOCK_BRONZE
SBB,LATEST,balance_sheet,off_balance,0.0,ACTUAL,VNSTOCK_BRONZE
SBB,LATEST,balance_sheet,value,21848323565.0,ACTUAL,VNSTOCK_BRONZE
SBB,LATEST,balance_sheet,order,71.0,ACTUAL,VNSTOCK_BRONZE
SBB,LATEST,balance_sheet,level,2.0,ACTUAL,VNSTOCK_BRONZE
SBB,LATEST,balance_sheet,off_balance,0.0,ACTUAL,VNSTOCK_BRONZE
SBB,LATEST,balance_sheet,value,293341964308.0,ACTUAL,VNSTOCK_BRONZE
SBB,LATEST,balance_sheet,order,72.0,ACTUAL,VNSTOCK_BRONZE
SBB,LATEST,balance_sheet,level,2.0,ACTUAL,VNSTOCK_BRONZE
SBB,LATEST,balance_sheet,off_balance,0.0,ACTUAL,VNSTOCK_BRONZE
SBB,LATEST,balance_sheet,value,4672680792.0,ACTUAL,VNSTOCK_BRONZE
SBB,LATEST,balance_sheet,order,73.0,ACTUAL,VNSTOCK_BRONZE
SBB,LATEST,balance_sheet,level,2.0,ACTUAL,VNSTOCK_BRONZE
SBB,LATEST,balance_sheet,off_balance,0.0,ACTUAL,VNSTOCK_BRONZE
SBB,LATEST,balance_sheet,value,6395327041.0,ACTUAL,VNSTOCK_BRONZE
SBB,LATEST,balance_sheet,order,74.0,ACTUAL,VNSTOCK_BRONZE
SBB,LATEST,balance_sheet,level,2.0,ACTUAL,VNSTOCK_BRONZE
SBB,LATEST,balance_sheet,off_balance,0.0,ACTUAL,VNSTOCK_BRONZE
SBB,LATEST,balance_sheet,value,0.0,ACTUAL,VNSTOCK_BRONZE
SBB,LATEST,balance_sheet,order,75.0,ACTUAL,VNSTOCK_BRONZE
SBB,LATEST,balance_sheet,level,2.0,ACTUAL,VNSTOCK_BRONZE
SBB,LATEST,balance_sheet,off_balance,0.0,ACTUAL,VNSTOCK_BRONZE
SBB,LATEST,balance_sheet,value,0.0,ACTUAL,VNSTOCK_BRONZE
SBB,LATEST,balance_sheet,order,76.0,ACTUAL,VNSTOCK_BRONZE
SBB,LATEST,balance_sheet,level,2.0,ACTUAL,VNSTOCK_BRONZE
SBB,LATEST,balance_sheet,off_balance,0.0,ACTUAL,VNSTOCK_BRONZE
SBB,LATEST,balance_sheet,value,31204746898.0,ACTUAL,VNSTOCK_BRONZE
SBB,LATEST,balance_sheet,order,77.0,ACTUAL,VNSTOCK_BRONZE
SBB,LATEST,balance_sheet,level,2.0,ACTUAL,VNSTOCK_BRONZE
SBB,LATEST,balance_sheet,off_balance,0.0,ACTUAL,VNSTOCK_BRONZE
SBB,LATEST,balance_sheet,value,0.0,ACTUAL,VNSTOCK_BRONZE
SBB,LATEST,balance_sheet,order,78.0,ACTUAL,VNSTOCK_BRONZE
SBB,LATEST,balance_sheet,level,2.0,ACTUAL,VNSTOCK_BRONZE
SBB,LATEST,balance_sheet,off_balance,0.0,ACTUAL,VNSTOCK_BRONZE
SBB,LATEST,balance_sheet,value,0.0,ACTUAL,VNSTOCK_BRONZE
SBB,LATEST,balance_sheet,order,79.0,ACTUAL,VNSTOCK_BRONZE
SBB,LATEST,balance_sheet,level,2.0,ACTUAL,VNSTOCK_BRONZE
SBB,LATEST,balance_sheet,off_balance,0.0,ACTUAL,VNSTOCK_BRONZE
SBB,LATEST,balance_sheet,value,17024650975.0,ACTUAL,VNSTOCK_BRONZE
SBB,LATEST,balance_sheet,order,80.0,ACTUAL,VNSTOCK_BRONZE
SBB,LATEST,balance_sheet,level,2.0,ACTUAL,VNSTOCK_BRONZE
SBB,LATEST,balance_sheet,off_balance,0.0,ACTUAL,VNSTOCK_BRONZE
SBB,LATEST,balance_sheet,value,0.0,ACTUAL,VNSTOCK_BRONZE
SBB,LATEST,balance_sheet,order,81.0,ACTUAL,VNSTOCK_BRONZE
SBB,LATEST,balance_sheet,level,2.0,ACTUAL,VNSTOCK_BRONZE
SBB,LATEST,balance_sheet,off_balance,0.0,ACTUAL,VNSTOCK_BRONZE
SBB,LATEST,balance_sheet,value,0.0,ACTUAL,VNSTOCK_BRONZE
SBB,LATEST,balance_sheet,order,82.0,ACTUAL,VNSTOCK_BRONZE
SBB,LATEST,balance_sheet,level,1.0,ACTUAL,VNSTOCK_BRONZE
SBB,LATEST,balance_sheet,off_balance,0.0,ACTUAL,VNSTOCK_BRONZE
SBB,LATEST,balance_sheet,value,127117210289.0,ACTUAL,VNSTOCK_BRONZE
SBB,LATEST,balance_sheet,order,83.0,ACTUAL,VNSTOCK_BRONZE
SBB,LATEST,balance_sheet,level,2.0,ACTUAL,VNSTOCK_BRONZE
SBB,LATEST,balance_sheet,off_balance,0.0,ACTUAL,VNSTOCK_BRONZE
SBB,LATEST,balance_sheet,value,0.0,ACTUAL,VNSTOCK_BRONZE
SBB,LATEST,balance_sheet,order,84.0,ACTUAL,VNSTOCK_BRONZE
SBB,LATEST,balance_sheet,level,2.0,ACTUAL,VNSTOCK_BRONZE
SBB,LATEST,balance_sheet,off_balance,0.0,ACTUAL,VNSTOCK_BRONZE
SBB,LATEST,balance_sheet,order,85.0,ACTUAL,VNSTOCK_BRONZE
SBB,LATEST,balance_sheet,level,2.0,ACTUAL,VNSTOCK_BRONZE
SBB,LATEST,balance_sheet,off_balance,0.0,ACTUAL,VNSTOCK_BRONZE
SBB,LATEST,balance_sheet,value,0.0,ACTUAL,VNSTOCK_BRONZE
SBB,LATEST,balance_sheet,order,86.0,ACTUAL,VNSTOCK_BRONZE
SBB,LATEST,balance_sheet,level,2.0,ACTUAL,VNSTOCK_BRONZE
SBB,LATEST,balance_sheet,off_balance,0.0,ACTUAL,VNSTOCK_BRONZE
SBB,LATEST,balance_sheet,value,0.0,ACTUAL,VNSTOCK_BRONZE
SBB,LATEST,balance_sheet,order,87.0,ACTUAL,VNSTOCK_BRONZE
SBB,LATEST,balance_sheet,level,2.0,ACTUAL,VNSTOCK_BRONZE
SBB,LATEST,balance_sheet,off_balance,0.0,ACTUAL,VNSTOCK_BRONZE
SBB,LATEST,balance_sheet,value,0.0,ACTUAL,VNSTOCK_BRONZE
SBB,LATEST,balance_sheet,order,88.0,ACTUAL,VNSTOCK_BRONZE
SBB,LATEST,balance_sheet,level,2.0,ACTUAL,VNSTOCK_BRONZE
SBB,LATEST,balance_sheet,off_balance,0.0,ACTUAL,VNSTOCK_BRONZE
SBB,LATEST,balance_sheet,value,0.0,ACTUAL,VNSTOCK_BRONZE
SBB,LATEST,balance_sheet,order,89.0,ACTUAL,VNSTOCK_BRONZE
SBB,LATEST,balance_sheet,level,2.0,ACTUAL,VNSTOCK_BRONZE
SBB,LATEST,balance_sheet,off_balance,0.0,ACTUAL,VNSTOCK_BRONZE
SBB,LATEST,balance_sheet,value,0.0,ACTUAL,VNSTOCK_BRONZE
SBB,LATEST,balance_sheet,order,90.0,ACTUAL,VNSTOCK_BRONZE
SBB,LATEST,balance_sheet,level,2.0,ACTUAL,VNSTOCK_BRONZE
SBB,LATEST,balance_sheet,off_balance,0.0,ACTUAL,VNSTOCK_BRONZE
SBB,LATEST,balance_sheet,value,4745160000.0,ACTUAL,VNSTOCK_BRONZE
SBB,LATEST,balance_sheet,order,91.0,ACTUAL,VNSTOCK_BRONZE
SBB,LATEST,balance_sheet,level,2.0,ACTUAL,VNSTOCK_BRONZE
SBB,LATEST,balance_sheet,off_balance,0.0,ACTUAL,VNSTOCK_BRONZE
SBB,LATEST,balance_sheet,value,0.0,ACTUAL,VNSTOCK_BRONZE
SBB,LATEST,balance_sheet,order,92.0,ACTUAL,VNSTOCK_BRONZE
SBB,LATEST,balance_sheet,level,2.0,ACTUAL,VNSTOCK_BRONZE
SBB,LATEST,balance_sheet,off_balance,0.0,ACTUAL,VNSTOCK_BRONZE
SBB,LATEST,balance_sheet,value,0.0,ACTUAL,VNSTOCK_BRONZE
SBB,LATEST,balance_sheet,order,93.0,ACTUAL,VNSTOCK_BRONZE
SBB,LATEST,balance_sheet,level,2.0,ACTUAL,VNSTOCK_BRONZE
SBB,LATEST,balance_sheet,off_balance,0.0,ACTUAL,VNSTOCK_BRONZE
SBB,LATEST,balance_sheet,value,122372050289.0,ACTUAL,VNSTOCK_BRONZE
SBB,LATEST,balance_sheet,order,94.0,ACTUAL,VNSTOCK_BRONZE
SBB,LATEST,balance_sheet,level,2.0,ACTUAL,VNSTOCK_BRONZE
SBB,LATEST,balance_sheet,off_balance,0.0,ACTUAL,VNSTOCK_BRONZE
SBB,LATEST,balance_sheet,value,0.0,ACTUAL,VNSTOCK_BRONZE
SBB,LATEST,balance_sheet,order,95.0,ACTUAL,VNSTOCK_BRONZE
SBB,LATEST,balance_sheet,level,2.0,ACTUAL,VNSTOCK_BRONZE
SBB,LATEST,balance_sheet,off_balance,0.0,ACTUAL,VNSTOCK_BRONZE
SBB,LATEST,balance_sheet,value,0.0,ACTUAL,VNSTOCK_BRONZE
SBB,LATEST,balance_sheet,order,96.0,ACTUAL,VNSTOCK_BRONZE
SBB,LATEST,balance_sheet,level,1.0,ACTUAL,VNSTOCK_BRONZE
SBB,LATEST,balance_sheet,off_balance,0.0,ACTUAL,VNSTOCK_BRONZE
SBB,LATEST,balance_sheet,value,1482154567474.0,ACTUAL,VNSTOCK_BRONZE
SBB,LATEST,balance_sheet,order,97.0,ACTUAL,VNSTOCK_BRONZE
SBB,LATEST,balance_sheet,level,1.0,ACTUAL,VNSTOCK_BRONZE
SBB,LATEST,balance_sheet,off_balance,0.0,ACTUAL,VNSTOCK_BRONZE
SBB,LATEST,balance_sheet,value,1482154567474.0,ACTUAL,VNSTOCK_BRONZE
SBB,LATEST,balance_sheet,order,98.0,ACTUAL,VNSTOCK_BRONZE
SBB,LATEST,balance_sheet,level,2.0,ACTUAL,VNSTOCK_BRONZE
SBB,LATEST,balance_sheet,off_balance,0.0,ACTUAL,VNSTOCK_BRONZE
SBB,LATEST,balance_sheet,value,0.0,ACTUAL,VNSTOCK_BRONZE
SBB,LATEST,balance_sheet,order,99.0,ACTUAL,VNSTOCK_BRONZE
SBB,LATEST,balance_sheet,level,2.0,ACTUAL,VNSTOCK_BRONZE
SBB,LATEST,balance_sheet,off_balance,0.0,ACTUAL,VNSTOCK_BRONZE
SBB,LATEST,balance_sheet,value,0.0,ACTUAL,VNSTOCK_BRONZE
SBB,LATEST,balance_sheet,order,100.0,ACTUAL,VNSTOCK_BRONZE
SBB,LATEST,balance_sheet,level,2.0,ACTUAL,VNSTOCK_BRONZE
SBB,LATEST,balance_sheet,off_balance,0.0,ACTUAL,VNSTOCK_BRONZE
SBB,LATEST,balance_sheet,value,0.0,ACTUAL,VNSTOCK_BRONZE
SBB,LATEST,balance_sheet,order,101.0,ACTUAL,VNSTOCK_BRONZE
SBB,LATEST,balance_sheet,level,2.0,ACTUAL,VNSTOCK_BRONZE
SBB,LATEST,balance_sheet,off_balance,0.0,ACTUAL,VNSTOCK_BRONZE
SBB,LATEST,balance_sheet,value,0.0,ACTUAL,VNSTOCK_BRONZE
SBB,LATEST,balance_sheet,order,102.0,ACTUAL,VNSTOCK_BRONZE
SBB,LATEST,balance_sheet,level,2.0,ACTUAL,VNSTOCK_BRONZE
SBB,LATEST,balance_sheet,off_balance,0.0,ACTUAL,VNSTOCK_BRONZE
SBB,LATEST,balance_sheet,value,875245360000.0,ACTUAL,VNSTOCK_BRONZE
SBB,LATEST,balance_sheet,order,103.0,ACTUAL,VNSTOCK_BRONZE
SBB,LATEST,balance_sheet,level,3.0,ACTUAL,VNSTOCK_BRONZE
SBB,LATEST,balance_sheet,off_balance,0.0,ACTUAL,VNSTOCK_BRONZE
SBB,LATEST,balance_sheet,value,875245360000.0,ACTUAL,VNSTOCK_BRONZE
SBB,LATEST,balance_sheet,order,104.0,ACTUAL,VNSTOCK_BRONZE
SBB,LATEST,balance_sheet,level,2.0,ACTUAL,VNSTOCK_BRONZE
SBB,LATEST,balance_sheet,off_balance,0.0,ACTUAL,VNSTOCK_BRONZE
SBB,LATEST,balance_sheet,value,436708750464.0,ACTUAL,VNSTOCK_BRONZE
SBB,LATEST,balance_sheet,order,105.0,ACTUAL,VNSTOCK_BRONZE
SBB,LATEST,balance_sheet,level,2.0,ACTUAL,VNSTOCK_BRONZE
SBB,LATEST,balance_sheet,off_balance,0.0,ACTUAL,VNSTOCK_BRONZE
SBB,LATEST,balance_sheet,value,-51168810051.0,ACTUAL,VNSTOCK_BRONZE
SBB,LATEST,balance_sheet,order,106.0,ACTUAL,VNSTOCK_BRONZE
SBB,LATEST,balance_sheet,level,2.0,ACTUAL,VNSTOCK_BRONZE
SBB,LATEST,balance_sheet,off_balance,0.0,ACTUAL,VNSTOCK_BRONZE
SBB,LATEST,balance_sheet,value,0.0,ACTUAL,VNSTOCK_BRONZE
SBB,LATEST,balance_sheet,order,107.0,ACTUAL,VNSTOCK_BRONZE
SBB,LATEST,balance_sheet,level,2.0,ACTUAL,VNSTOCK_BRONZE
SBB,LATEST,balance_sheet,off_balance,0.0,ACTUAL,VNSTOCK_BRONZE
SBB,LATEST,balance_sheet,value,0.0,ACTUAL,VNSTOCK_BRONZE
SBB,LATEST,balance_sheet,order,108.0,ACTUAL,VNSTOCK_BRONZE
SBB,LATEST,balance_sheet,level,2.0,ACTUAL,VNSTOCK_BRONZE
SBB,LATEST,balance_sheet,off_balance,0.0,ACTUAL,VNSTOCK_BRONZE
SBB,LATEST,balance_sheet,value,0.0,ACTUAL,VNSTOCK_BRONZE
SBB,LATEST,balance_sheet,order,109.0,ACTUAL,VNSTOCK_BRONZE
SBB,LATEST,balance_sheet,level,2.0,ACTUAL,VNSTOCK_BRONZE
SBB,LATEST,balance_sheet,off_balance,0.0,ACTUAL,VNSTOCK_BRONZE
SBB,LATEST,balance_sheet,value,0.0,ACTUAL,VNSTOCK_BRONZE
SBB,LATEST,balance_sheet,order,110.0,ACTUAL,VNSTOCK_BRONZE
SBB,LATEST,balance_sheet,level,2.0,ACTUAL,VNSTOCK_BRONZE
SBB,LATEST,balance_sheet,off_balance,0.0,ACTUAL,VNSTOCK_BRONZE
SBB,LATEST,balance_sheet,value,0.0,ACTUAL,VNSTOCK_BRONZE
SBB,LATEST,balance_sheet,order,111.0,ACTUAL,VNSTOCK_BRONZE
SBB,LATEST,balance_sheet,level,2.0,ACTUAL,VNSTOCK_BRONZE
SBB,LATEST,balance_sheet,off_balance,0.0,ACTUAL,VNSTOCK_BRONZE
SBB,LATEST,balance_sheet,value,0.0,ACTUAL,VNSTOCK_BRONZE
SBB,LATEST,balance_sheet,order,112.0,ACTUAL,VNSTOCK_BRONZE
SBB,LATEST,balance_sheet,level,2.0,ACTUAL,VNSTOCK_BRONZE
SBB,LATEST,balance_sheet,off_balance,0.0,ACTUAL,VNSTOCK_BRONZE
SBB,LATEST,balance_sheet,value,221369267061.0,ACTUAL,VNSTOCK_BRONZE
SBB,LATEST,balance_sheet,order,113.0,ACTUAL,VNSTOCK_BRONZE
SBB,LATEST,balance_sheet,level,3.0,ACTUAL,VNSTOCK_BRONZE
SBB,LATEST,balance_sheet,off_balance,0.0,ACTUAL,VNSTOCK_BRONZE
SBB,LATEST,balance_sheet,value,138022150888.0,ACTUAL,VNSTOCK_BRONZE
SBB,LATEST,balance_sheet,order,114.0,ACTUAL,VNSTOCK_BRONZE
SBB,LATEST,balance_sheet,level,3.0,ACTUAL,VNSTOCK_BRONZE
SBB,LATEST,balance_sheet,off_balance,0.0,ACTUAL,VNSTOCK_BRONZE
SBB,LATEST,balance_sheet,value,83347116173.0,ACTUAL,VNSTOCK_BRONZE
SBB,LATEST,balance_sheet,order,115.0,ACTUAL,VNSTOCK_BRONZE
SBB,LATEST,balance_sheet,level,2.0,ACTUAL,VNSTOCK_BRONZE
SBB,LATEST,balance_sheet,off_balance,0.0,ACTUAL,VNSTOCK_BRONZE
SBB,LATEST,balance_sheet,value,0.0,ACTUAL,VNSTOCK_BRONZE
SBB,LATEST,balance_sheet,order,116.0,ACTUAL,VNSTOCK_BRONZE
SBB,LATEST,balance_sheet,level,1.0,ACTUAL,VNSTOCK_BRONZE
SBB,LATEST,balance_sheet,off_balance,0.0,ACTUAL,VNSTOCK_BRONZE
SBB,LATEST,balance_sheet,value,0.0,ACTUAL,VNSTOCK_BRONZE
SBB,LATEST,balance_sheet,order,117.0,ACTUAL,VNSTOCK_BRONZE
SBB,LATEST,balance_sheet,level,2.0,ACTUAL,VNSTOCK_BRONZE
SBB,LATEST,balance_sheet,off_balance,0.0,ACTUAL,VNSTOCK_BRONZE
SBB,LATEST,balance_sheet,value,0.0,ACTUAL,VNSTOCK_BRONZE
SBB,LATEST,balance_sheet,order,118.0,ACTUAL,VNSTOCK_BRONZE
SBB,LATEST,balance_sheet,level,1.0,ACTUAL,VNSTOCK_BRONZE
SBB,LATEST,balance_sheet,off_balance,0.0,ACTUAL,VNSTOCK_BRONZE
SBB,LATEST,balance_sheet,value,2091474109668.0,ACTUAL,VNSTOCK_BRONZE
SBB,LATEST,balance_sheet,order,1.0,ACTUAL,VNSTOCK_BRONZE
SBB,LATEST,balance_sheet,level,1.0,ACTUAL,VNSTOCK_BRONZE
SBB,LATEST,balance_sheet,off_balance,0.0,ACTUAL,VNSTOCK_BRONZE
SBB,LATEST,balance_sheet,value,1000952069872.0,ACTUAL,VNSTOCK_BRONZE
SBB,LATEST,balance_sheet,order,2.0,ACTUAL,VNSTOCK_BRONZE
SBB,LATEST,balance_sheet,level,1.0,ACTUAL,VNSTOCK_BRONZE
SBB,LATEST,balance_sheet,off_balance,0.0,ACTUAL,VNSTOCK_BRONZE
SBB,LATEST,balance_sheet,value,395714413815.0,ACTUAL,VNSTOCK_BRONZE
SBB,LATEST,balance_sheet,order,3.0,ACTUAL,VNSTOCK_BRONZE
SBB,LATEST,balance_sheet,level,2.0,ACTUAL,VNSTOCK_BRONZE
SBB,LATEST,balance_sheet,off_balance,0.0,ACTUAL,VNSTOCK_BRONZE
SBB,LATEST,balance_sheet,value,189242391192.0,ACTUAL,VNSTOCK_BRONZE
SBB,LATEST,balance_sheet,order,4.0,ACTUAL,VNSTOCK_BRONZE
SBB,LATEST,balance_sheet,level,2.0,ACTUAL,VNSTOCK_BRONZE
SBB,LATEST,balance_sheet,off_balance,0.0,ACTUAL,VNSTOCK_BRONZE
SBB,LATEST,balance_sheet,value,206472022623.0,ACTUAL,VNSTOCK_BRONZE
SBB,LATEST,balance_sheet,order,5.0,ACTUAL,VNSTOCK_BRONZE
SBB,LATEST,balance_sheet,level,1.0,ACTUAL,VNSTOCK_BRONZE
SBB,LATEST,balance_sheet,off_balance,0.0,ACTUAL,VNSTOCK_BRONZE
SBB,LATEST,balance_sheet,value,80587945205.0,ACTUAL,VNSTOCK_BRONZE
SBB,LATEST,balance_sheet,order,6.0,ACTUAL,VNSTOCK_BRONZE
SBB,LATEST,balance_sheet,level,2.0,ACTUAL,VNSTOCK_BRONZE
SBB,LATEST,balance_sheet,off_balance,0.0,ACTUAL,VNSTOCK_BRONZE
SBB,LATEST,balance_sheet,value,0.0,ACTUAL,VNSTOCK_BRONZE
SBB,LATEST,balance_sheet,order,7.0,ACTUAL,VNSTOCK_BRONZE
SBB,LATEST,balance_sheet,level,2.0,ACTUAL,VNSTOCK_BRONZE
SBB,LATEST,balance_sheet,off_balance,0.0,ACTUAL,VNSTOCK_BRONZE
SBB,LATEST,balance_sheet,value,0.0,ACTUAL,VNSTOCK_BRONZE
SBB,LATEST,balance_sheet,order,8.0,ACTUAL,VNSTOCK_BRONZE
SBB,LATEST,balance_sheet,level,2.0,ACTUAL,VNSTOCK_BRONZE
SBB,LATEST,balance_sheet,off_balance,0.0,ACTUAL,VNSTOCK_BRONZE
SBB,LATEST,balance_sheet,value,80587945205.0,ACTUAL,VNSTOCK_BRONZE
SBB,LATEST,balance_sheet,order,9.0,ACTUAL,VNSTOCK_BRONZE
SBB,LATEST,balance_sheet,level,1.0,ACTUAL,VNSTOCK_BRONZE
SBB,LATEST,balance_sheet,off_balance,0.0,ACTUAL,VNSTOCK_BRONZE
SBB,LATEST,balance_sheet,value,223561872297.0,ACTUAL,VNSTOCK_BRONZE
SBB,LATEST,balance_sheet,order,10.0,ACTUAL,VNSTOCK_BRONZE
SBB,LATEST,balance_sheet,level,2.0,ACTUAL,VNSTOCK_BRONZE
SBB,LATEST,balance_sheet,off_balance,0.0,ACTUAL,VNSTOCK_BRONZE
SBB,LATEST,balance_sheet,value,477297467980.0,ACTUAL,VNSTOCK_BRONZE
SBB,LATEST,balance_sheet,order,11.0,ACTUAL,VNSTOCK_BRONZE
SBB,LATEST,balance_sheet,level,2.0,ACTUAL,VNSTOCK_BRONZE
SBB,LATEST,balance_sheet,off_balance,0.0,ACTUAL,VNSTOCK_BRONZE
SBB,LATEST,balance_sheet,value,8145111933.0,ACTUAL,VNSTOCK_BRONZE
SBB,LATEST,balance_sheet,order,12.0,ACTUAL,VNSTOCK_BRONZE
SBB,LATEST,balance_sheet,level,2.0,ACTUAL,VNSTOCK_BRONZE
SBB,LATEST,balance_sheet,off_balance,0.0,ACTUAL,VNSTOCK_BRONZE
SBB,LATEST,balance_sheet,value,0.0,ACTUAL,VNSTOCK_BRONZE
SBB,LATEST,balance_sheet,order,13.0,ACTUAL,VNSTOCK_BRONZE
SBB,LATEST,balance_sheet,level,2.0,ACTUAL,VNSTOCK_BRONZE
SBB,LATEST,balance_sheet,off_balance,0.0,ACTUAL,VNSTOCK_BRONZE
SBB,LATEST,balance_sheet,value,0.0,ACTUAL,VNSTOCK_BRONZE
SBB,LATEST,balance_sheet,order,14.0,ACTUAL,VNSTOCK_BRONZE
SBB,LATEST,balance_sheet,level,2.0,ACTUAL,VNSTOCK_BRONZE
SBB,LATEST,balance_sheet,off_balance,0.0,ACTUAL,VNSTOCK_BRONZE
SBB,LATEST,balance_sheet,value,0.0,ACTUAL,VNSTOCK_BRONZE
SBB,LATEST,balance_sheet,order,15.0,ACTUAL,VNSTOCK_BRONZE
SBB,LATEST,balance_sheet,level,2.0,ACTUAL,VNSTOCK_BRONZE
SBB,LATEST,balance_sheet,off_balance,0.0,ACTUAL,VNSTOCK_BRONZE
SBB,LATEST,balance_sheet,value,1852012047.0,ACTUAL,VNSTOCK_BRONZE
SBB,LATEST,balance_sheet,order,16.0,ACTUAL,VNSTOCK_BRONZE
SBB,LATEST,balance_sheet,level,2.0,ACTUAL,VNSTOCK_BRONZE
SBB,LATEST,balance_sheet,off_balance,0.0,ACTUAL,VNSTOCK_BRONZE
SBB,LATEST,balance_sheet,value,-263732719663.0,ACTUAL,VNSTOCK_BRONZE
SBB,LATEST,balance_sheet,order,17.0,ACTUAL,VNSTOCK_BRONZE
SBB,LATEST,balance_sheet,level,2.0,ACTUAL,VNSTOCK_BRONZE
SBB,LATEST,balance_sheet,off_balance,0.0,ACTUAL,VNSTOCK_BRONZE
SBB,LATEST,balance_sheet,value,0.0,ACTUAL,VNSTOCK_BRONZE
SBB,LATEST,balance_sheet,order,18.0,ACTUAL,VNSTOCK_BRONZE
SBB,LATEST,balance_sheet,level,1.0,ACTUAL,VNSTOCK_BRONZE
SBB,LATEST,balance_sheet,off_balance,0.0,ACTUAL,VNSTOCK_BRONZE
SBB,LATEST,balance_sheet,value,297439893168.0,ACTUAL,VNSTOCK_BRONZE
SBB,LATEST,balance_sheet,order,19.0,ACTUAL,VNSTOCK_BRONZE
SBB,LATEST,balance_sheet,level,2.0,ACTUAL,VNSTOCK_BRONZE
SBB,LATEST,balance_sheet,off_balance,0.0,ACTUAL,VNSTOCK_BRONZE
SBB,LATEST,balance_sheet,value,312860012639.0,ACTUAL,VNSTOCK_BRONZE
SBB,LATEST,balance_sheet,order,20.0,ACTUAL,VNSTOCK_BRONZE
SBB,LATEST,balance_sheet,level,2.0,ACTUAL,VNSTOCK_BRONZE
SBB,LATEST,balance_sheet,off_balance,0.0,ACTUAL,VNSTOCK_BRONZE
SBB,LATEST,balance_sheet,value,-15420119471.0,ACTUAL,VNSTOCK_BRONZE
SBB,LATEST,balance_sheet,order,21.0,ACTUAL,VNSTOCK_BRONZE
SBB,LATEST,balance_sheet,level,1.0,ACTUAL,VNSTOCK_BRONZE
SBB,LATEST,balance_sheet,off_balance,0.0,ACTUAL,VNSTOCK_BRONZE
SBB,LATEST,balance_sheet,value,3647945387.0,ACTUAL,VNSTOCK_BRONZE
SBB,LATEST,balance_sheet,order,22.0,ACTUAL,VNSTOCK_BRONZE
SBB,LATEST,balance_sheet,level,2.0,ACTUAL,VNSTOCK_BRONZE
SBB,LATEST,balance_sheet,off_balance,0.0,ACTUAL,VNSTOCK_BRONZE
SBB,LATEST,balance_sheet,value,2466336426.0,ACTUAL,VNSTOCK_BRONZE
SBB,LATEST,balance_sheet,order,23.0,ACTUAL,VNSTOCK_BRONZE
SBB,LATEST,balance_sheet,level,2.0,ACTUAL,VNSTOCK_BRONZE
SBB,LATEST,balance_sheet,off_balance,0.0,ACTUAL,VNSTOCK_BRONZE
SBB,LATEST,balance_sheet,value,72462116.0,ACTUAL,VNSTOCK_BRONZE
SBB,LATEST,balance_sheet,order,24.0,ACTUAL,VNSTOCK_BRONZE
SBB,LATEST,balance_sheet,level,2.0,ACTUAL,VNSTOCK_BRONZE
SBB,LATEST,balance_sheet,off_balance,0.0,ACTUAL,VNSTOCK_BRONZE
SBB,LATEST,balance_sheet,value,1109146845.0,ACTUAL,VNSTOCK_BRONZE
SBB,LATEST,balance_sheet,order,25.0,ACTUAL,VNSTOCK_BRONZE
SBB,LATEST,balance_sheet,level,2.0,ACTUAL,VNSTOCK_BRONZE
SBB,LATEST,balance_sheet,off_balance,0.0,ACTUAL,VNSTOCK_BRONZE
SBB,LATEST,balance_sheet,value,0.0,ACTUAL,VNSTOCK_BRONZE
SBB,LATEST,balance_sheet,order,26.0,ACTUAL,VNSTOCK_BRONZE
SBB,LATEST,balance_sheet,level,1.0,ACTUAL,VNSTOCK_BRONZE
SBB,LATEST,balance_sheet,off_balance,0.0,ACTUAL,VNSTOCK_BRONZE
SBB,LATEST,balance_sheet,value,1191732324713.0,ACTUAL,VNSTOCK_BRONZE
SBB,LATEST,balance_sheet,order,27.0,ACTUAL,VNSTOCK_BRONZE
SBB,LATEST,balance_sheet,level,1.0,ACTUAL,VNSTOCK_BRONZE
SBB,LATEST,balance_sheet,off_balance,0.0,ACTUAL,VNSTOCK_BRONZE
SBB,LATEST,balance_sheet,value,20440000.0,ACTUAL,VNSTOCK_BRONZE
SBB,LATEST,balance_sheet,order,28.0,ACTUAL,VNSTOCK_BRONZE
SBB,LATEST,balance_sheet,level,2.0,ACTUAL,VNSTOCK_BRONZE
SBB,LATEST,balance_sheet,off_balance,0.0,ACTUAL,VNSTOCK_BRONZE
SBB,LATEST,balance_sheet,value,0.0,ACTUAL,VNSTOCK_BRONZE
SBB,LATEST,balance_sheet,order,29.0,ACTUAL,VNSTOCK_BRONZE
SBB,LATEST,balance_sheet,level,2.0,ACTUAL,VNSTOCK_BRONZE
SBB,LATEST,balance_sheet,off_balance,0.0,ACTUAL,VNSTOCK_BRONZE
SBB,LATEST,balance_sheet,value,0.0,ACTUAL,VNSTOCK_BRONZE
SBB,LATEST,balance_sheet,order,30.0,ACTUAL,VNSTOCK_BRONZE
SBB,LATEST,balance_sheet,level,2.0,ACTUAL,VNSTOCK_BRONZE
SBB,LATEST,balance_sheet,off_balance,0.0,ACTUAL,VNSTOCK_BRONZE
SBB,LATEST,balance_sheet,value,0.0,ACTUAL,VNSTOCK_BRONZE
SBB,LATEST,balance_sheet,order,31.0,ACTUAL,VNSTOCK_BRONZE
SBB,LATEST,balance_sheet,level,2.0,ACTUAL,VNSTOCK_BRONZE
SBB,LATEST,balance_sheet,off_balance,0.0,ACTUAL,VNSTOCK_BRONZE
SBB,LATEST,balance_sheet,value,0.0,ACTUAL,VNSTOCK_BRONZE
SBB,LATEST,balance_sheet,order,32.0,ACTUAL,VNSTOCK_BRONZE
SBB,LATEST,balance_sheet,level,2.0,ACTUAL,VNSTOCK_BRONZE
SBB,LATEST,balance_sheet,off_balance,0.0,ACTUAL,VNSTOCK_BRONZE
SBB,LATEST,balance_sheet,value,20440000.0,ACTUAL,VNSTOCK_BRONZE
SBB,LATEST,balance_sheet,order,33.0,ACTUAL,VNSTOCK_BRONZE
SBB,LATEST,balance_sheet,level,2.0,ACTUAL,VNSTOCK_BRONZE
SBB,LATEST,balance_sheet,off_balance,0.0,ACTUAL,VNSTOCK_BRONZE
SBB,LATEST,balance_sheet,value,-0.0,ACTUAL,VNSTOCK_BRONZE
SBB,LATEST,balance_sheet,order,34.0,ACTUAL,VNSTOCK_BRONZE
SBB,LATEST,balance_sheet,level,1.0,ACTUAL,VNSTOCK_BRONZE
SBB,LATEST,balance_sheet,off_balance,0.0,ACTUAL,VNSTOCK_BRONZE
SBB,LATEST,balance_sheet,value,927056442215.0,ACTUAL,VNSTOCK_BRONZE
SBB,LATEST,balance_sheet,order,35.0,ACTUAL,VNSTOCK_BRONZE
SBB,LATEST,balance_sheet,level,2.0,ACTUAL,VNSTOCK_BRONZE
SBB,LATEST,balance_sheet,off_balance,0.0,ACTUAL,VNSTOCK_BRONZE
SBB,LATEST,balance_sheet,value,864565999208.0,ACTUAL,VNSTOCK_BRONZE
SBB,LATEST,balance_sheet,order,36.0,ACTUAL,VNSTOCK_BRONZE
SBB,LATEST,balance_sheet,level,3.0,ACTUAL,VNSTOCK_BRONZE
SBB,LATEST,balance_sheet,off_balance,0.0,ACTUAL,VNSTOCK_BRONZE
SBB,LATEST,balance_sheet,value,3870328550318.0,ACTUAL,VNSTOCK_BRONZE
SBB,LATEST,balance_sheet,order,37.0,ACTUAL,VNSTOCK_BRONZE
SBB,LATEST,balance_sheet,level,3.0,ACTUAL,VNSTOCK_BRONZE
SBB,LATEST,balance_sheet,off_balance,0.0,ACTUAL,VNSTOCK_BRONZE
SBB,LATEST,balance_sheet,value,-3005762551110.0,ACTUAL,VNSTOCK_BRONZE
SBB,LATEST,balance_sheet,order,38.0,ACTUAL,VNSTOCK_BRONZE
SBB,LATEST,balance_sheet,level,2.0,ACTUAL,VNSTOCK_BRONZE
SBB,LATEST,balance_sheet,off_balance,0.0,ACTUAL,VNSTOCK_BRONZE
SBB,LATEST,balance_sheet,value,0.0,ACTUAL,VNSTOCK_BRONZE
SBB,LATEST,balance_sheet,order,39.0,ACTUAL,VNSTOCK_BRONZE
SBB,LATEST,balance_sheet,level,3.0,ACTUAL,VNSTOCK_BRONZE
SBB,LATEST,balance_sheet,off_balance,0.0,ACTUAL,VNSTOCK_BRONZE
SBB,LATEST,balance_sheet,value,0.0,ACTUAL,VNSTOCK_BRONZE
SBB,LATEST,balance_sheet,order,40.0,ACTUAL,VNSTOCK_BRONZE
SBB,LATEST,balance_sheet,level,3.0,ACTUAL,VNSTOCK_BRONZE
SBB,LATEST,balance_sheet,off_balance,0.0,ACTUAL,VNSTOCK_BRONZE
SBB,LATEST,balance_sheet,value,-0.0,ACTUAL,VNSTOCK_BRONZE
SBB,LATEST,balance_sheet,order,41.0,ACTUAL,VNSTOCK_BRONZE
SBB,LATEST,balance_sheet,level,2.0,ACTUAL,VNSTOCK_BRONZE
SBB,LATEST,balance_sheet,off_balance,0.0,ACTUAL,VNSTOCK_BRONZE
SBB,LATEST,balance_sheet,value,62490443007.0,ACTUAL,VNSTOCK_BRONZE
SBB,LATEST,balance_sheet,order,42.0,ACTUAL,VNSTOCK_BRONZE
SBB,LATEST,balance_sheet,level,3.0,ACTUAL,VNSTOCK_BRONZE
SBB,LATEST,balance_sheet,off_balance,0.0,ACTUAL,VNSTOCK_BRONZE
SBB,LATEST,balance_sheet,value,88833087377.0,ACTUAL,VNSTOCK_BRONZE
SBB,LATEST,balance_sheet,order,43.0,ACTUAL,VNSTOCK_BRONZE
SBB,LATEST,balance_sheet,level,3.0,ACTUAL,VNSTOCK_BRONZE
SBB,LATEST,balance_sheet,off_balance,0.0,ACTUAL,VNSTOCK_BRONZE
SBB,LATEST,balance_sheet,value,-26342644370.0,ACTUAL,VNSTOCK_BRONZE
SBB,LATEST,balance_sheet,order,44.0,ACTUAL,VNSTOCK_BRONZE
SBB,LATEST,balance_sheet,level,1.0,ACTUAL,VNSTOCK_BRONZE
SBB,LATEST,balance_sheet,off_balance,0.0,ACTUAL,VNSTOCK_BRONZE
SBB,LATEST,balance_sheet,value,0.0,ACTUAL,VNSTOCK_BRONZE
SBB,LATEST,balance_sheet,order,45.0,ACTUAL,VNSTOCK_BRONZE
SBB,LATEST,balance_sheet,level,2.0,ACTUAL,VNSTOCK_BRONZE
SBB,LATEST,balance_sheet,off_balance,0.0,ACTUAL,VNSTOCK_BRONZE
SBB,LATEST,balance_sheet,value,0.0,ACTUAL,VNSTOCK_BRONZE
SBB,LATEST,balance_sheet,order,46.0,ACTUAL,VNSTOCK_BRONZE
SBB,LATEST,balance_sheet,level,2.0,ACTUAL,VNSTOCK_BRONZE
SBB,LATEST,balance_sheet,off_balance,0.0,ACTUAL,VNSTOCK_BRONZE
SBB,LATEST,balance_sheet,value,-0.0,ACTUAL,VNSTOCK_BRONZE
SBB,LATEST,balance_sheet,order,47.0,ACTUAL,VNSTOCK_BRONZE
SBB,LATEST,balance_sheet,level,1.0,ACTUAL,VNSTOCK_BRONZE
SBB,LATEST,balance_sheet,off_balance,0.0,ACTUAL,VNSTOCK_BRONZE
SBB,LATEST,balance_sheet,value,4588349036.0,ACTUAL,VNSTOCK_BRONZE
SBB,LATEST,balance_sheet,order,48.0,ACTUAL,VNSTOCK_BRONZE
SBB,LATEST,balance_sheet,level,2.0,ACTUAL,VNSTOCK_BRONZE
SBB,LATEST,balance_sheet,off_balance,0.0,ACTUAL,VNSTOCK_BRONZE
SBB,LATEST,balance_sheet,value,0.0,ACTUAL,VNSTOCK_BRONZE
SBB,LATEST,balance_sheet,order,49.0,ACTUAL,VNSTOCK_BRONZE
SBB,LATEST,balance_sheet,level,2.0,ACTUAL,VNSTOCK_BRONZE
SBB,LATEST,balance_sheet,off_balance,0.0,ACTUAL,VNSTOCK_BRONZE
SBB,LATEST,balance_sheet,value,4588349036.0,ACTUAL,VNSTOCK_BRONZE
SBB,LATEST,balance_sheet,order,50.0,ACTUAL,VNSTOCK_BRONZE
SBB,LATEST,balance_sheet,level,1.0,ACTUAL,VNSTOCK_BRONZE
SBB,LATEST,balance_sheet,off_balance,0.0,ACTUAL,VNSTOCK_BRONZE
SBB,LATEST,balance_sheet,value,213554053643.0,ACTUAL,VNSTOCK_BRONZE
SBB,LATEST,balance_sheet,order,51.0,ACTUAL,VNSTOCK_BRONZE
SBB,LATEST,balance_sheet,level,2.0,ACTUAL,VNSTOCK_BRONZE
SBB,LATEST,balance_sheet,off_balance,0.0,ACTUAL,VNSTOCK_BRONZE
SBB,LATEST,balance_sheet,value,0.0,ACTUAL,VNSTOCK_BRONZE
SBB,LATEST,balance_sheet,order,52.0,ACTUAL,VNSTOCK_BRONZE
SBB,LATEST,balance_sheet,level,2.0,ACTUAL,VNSTOCK_BRONZE
SBB,LATEST,balance_sheet,off_balance,0.0,ACTUAL,VNSTOCK_BRONZE
SBB,LATEST,balance_sheet,value,41186788990.0,ACTUAL,VNSTOCK_BRONZE
SBB,LATEST,balance_sheet,order,53.0,ACTUAL,VNSTOCK_BRONZE
SBB,LATEST,balance_sheet,level,2.0,ACTUAL,VNSTOCK_BRONZE
SBB,LATEST,balance_sheet,off_balance,0.0,ACTUAL,VNSTOCK_BRONZE
SBB,LATEST,balance_sheet,value,173867264653.0,ACTUAL,VNSTOCK_BRONZE
SBB,LATEST,balance_sheet,order,54.0,ACTUAL,VNSTOCK_BRONZE
SBB,LATEST,balance_sheet,level,2.0,ACTUAL,VNSTOCK_BRONZE
SBB,LATEST,balance_sheet,off_balance,0.0,ACTUAL,VNSTOCK_BRONZE
SBB,LATEST,balance_sheet,value,-1500000000.0,ACTUAL,VNSTOCK_BRONZE
SBB,LATEST,balance_sheet,order,55.0,ACTUAL,VNSTOCK_BRONZE
SBB,LATEST,balance_sheet,level,2.0,ACTUAL,VNSTOCK_BRONZE
SBB,LATEST,balance_sheet,off_balance,0.0,ACTUAL,VNSTOCK_BRONZE
SBB,LATEST,balance_sheet,value,0.0,ACTUAL,VNSTOCK_BRONZE
SBB,LATEST,balance_sheet,order,56.0,ACTUAL,VNSTOCK_BRONZE
SBB,LATEST,balance_sheet,level,1.0,ACTUAL,VNSTOCK_BRONZE
SBB,LATEST,balance_sheet,off_balance,0.0,ACTUAL,VNSTOCK_BRONZE
SBB,LATEST,balance_sheet,value,46513039819.0,ACTUAL,VNSTOCK_BRONZE
SBB,LATEST,balance_sheet,order,57.0,ACTUAL,VNSTOCK_BRONZE
SBB,LATEST,balance_sheet,level,2.0,ACTUAL,VNSTOCK_BRONZE
SBB,LATEST,balance_sheet,off_balance,0.0,ACTUAL,VNSTOCK_BRONZE
SBB,LATEST,balance_sheet,value,0.0,ACTUAL,VNSTOCK_BRONZE
SBB,LATEST,balance_sheet,order,58.0,ACTUAL,VNSTOCK_BRONZE
SBB,LATEST,balance_sheet,level,2.0,ACTUAL,VNSTOCK_BRONZE
SBB,LATEST,balance_sheet,off_balance,0.0,ACTUAL,VNSTOCK_BRONZE
SBB,LATEST,balance_sheet,value,40092450812.0,ACTUAL,VNSTOCK_BRONZE
SBB,LATEST,balance_sheet,order,59.0,ACTUAL,VNSTOCK_BRONZE
SBB,LATEST,balance_sheet,level,2.0,ACTUAL,VNSTOCK_BRONZE
SBB,LATEST,balance_sheet,off_balance,0.0,ACTUAL,VNSTOCK_BRONZE
SBB,LATEST,balance_sheet,value,338237287.0,ACTUAL,VNSTOCK_BRONZE
SBB,LATEST,balance_sheet,order,60.0,ACTUAL,VNSTOCK_BRONZE
SBB,LATEST,balance_sheet,level,2.0,ACTUAL,VNSTOCK_BRONZE
SBB,LATEST,balance_sheet,off_balance,0.0,ACTUAL,VNSTOCK_BRONZE
SBB,LATEST,balance_sheet,value,6082351720.0,ACTUAL,VNSTOCK_BRONZE
SBB,LATEST,balance_sheet,order,61.0,ACTUAL,VNSTOCK_BRONZE
SBB,LATEST,balance_sheet,level,2.0,ACTUAL,VNSTOCK_BRONZE
SBB,LATEST,balance_sheet,off_balance,0.0,ACTUAL,VNSTOCK_BRONZE
SBB,LATEST,balance_sheet,value,0.0,ACTUAL,VNSTOCK_BRONZE
SBB,LATEST,balance_sheet,order,62.0,ACTUAL,VNSTOCK_BRONZE
SBB,LATEST,balance_sheet,level,2.0,ACTUAL,VNSTOCK_BRONZE
SBB,LATEST,balance_sheet,off_balance,0.0,ACTUAL,VNSTOCK_BRONZE
SBB,LATEST,balance_sheet,value,0.0,ACTUAL,VNSTOCK_BRONZE
SBB,LATEST,balance_sheet,order,63.0,ACTUAL,VNSTOCK_BRONZE
SBB,LATEST,balance_sheet,level,1.0,ACTUAL,VNSTOCK_BRONZE
SBB,LATEST,balance_sheet,off_balance,0.0,ACTUAL,VNSTOCK_BRONZE
SBB,LATEST,balance_sheet,value,2192684394585.0,ACTUAL,VNSTOCK_BRONZE
SBB,LATEST,balance_sheet,order,64.0,ACTUAL,VNSTOCK_BRONZE
SBB,LATEST,balance_sheet,level,1.0,ACTUAL,VNSTOCK_BRONZE
SBB,LATEST,balance_sheet,off_balance,0.0,ACTUAL,VNSTOCK_BRONZE
SBB,LATEST,balance_sheet,value,793876943284.0,ACTUAL,VNSTOCK_BRONZE
SBB,LATEST,balance_sheet,order,65.0,ACTUAL,VNSTOCK_BRONZE
SBB,LATEST,balance_sheet,level,1.0,ACTUAL,VNSTOCK_BRONZE
SBB,LATEST,balance_sheet,off_balance,0.0,ACTUAL,VNSTOCK_BRONZE
SBB,LATEST,balance_sheet,value,671504892995.0,ACTUAL,VNSTOCK_BRONZE
SBB,LATEST,balance_sheet,order,66.0,ACTUAL,VNSTOCK_BRONZE
SBB,LATEST,balance_sheet,level,2.0,ACTUAL,VNSTOCK_BRONZE
SBB,LATEST,balance_sheet,off_balance,0.0,ACTUAL,VNSTOCK_BRONZE
SBB,LATEST,balance_sheet,value,0.0,ACTUAL,VNSTOCK_BRONZE
SBB,LATEST,balance_sheet,order,67.0,ACTUAL,VNSTOCK_BRONZE
SBB,LATEST,balance_sheet,level,2.0,ACTUAL,VNSTOCK_BRONZE
SBB,LATEST,balance_sheet,off_balance,0.0,ACTUAL,VNSTOCK_BRONZE
SBB,LATEST,balance_sheet,value,0.0,ACTUAL,VNSTOCK_BRONZE
SBB,LATEST,balance_sheet,order,68.0,ACTUAL,VNSTOCK_BRONZE
SBB,LATEST,balance_sheet,level,2.0,ACTUAL,VNSTOCK_BRONZE
SBB,LATEST,balance_sheet,off_balance,0.0,ACTUAL,VNSTOCK_BRONZE
SBB,LATEST,balance_sheet,value,0.0,ACTUAL,VNSTOCK_BRONZE
SBB,LATEST,balance_sheet,order,69.0,ACTUAL,VNSTOCK_BRONZE
SBB,LATEST,balance_sheet,level,2.0,ACTUAL,VNSTOCK_BRONZE
SBB,LATEST,balance_sheet,off_balance,0.0,ACTUAL,VNSTOCK_BRONZE
SBB,LATEST,balance_sheet,value,181008908189.0,ACTUAL,VNSTOCK_BRONZE
SBB,LATEST,balance_sheet,order,70.0,ACTUAL,VNSTOCK_BRONZE
SBB,LATEST,balance_sheet,level,2.0,ACTUAL,VNSTOCK_BRONZE
SBB,LATEST,balance_sheet,off_balance,0.0,ACTUAL,VNSTOCK_BRONZE
SBB,LATEST,balance_sheet,value,15862294407.0,ACTUAL,VNSTOCK_BRONZE
SBB,LATEST,balance_sheet,order,71.0,ACTUAL,VNSTOCK_BRONZE
SBB,LATEST,balance_sheet,level,2.0,ACTUAL,VNSTOCK_BRONZE
SBB,LATEST,balance_sheet,off_balance,0.0,ACTUAL,VNSTOCK_BRONZE
SBB,LATEST,balance_sheet,value,299496071577.0,ACTUAL,VNSTOCK_BRONZE
SBB,LATEST,balance_sheet,order,72.0,ACTUAL,VNSTOCK_BRONZE
SBB,LATEST,balance_sheet,level,2.0,ACTUAL,VNSTOCK_BRONZE
SBB,LATEST,balance_sheet,off_balance,0.0,ACTUAL,VNSTOCK_BRONZE
SBB,LATEST,balance_sheet,value,3320659514.0,ACTUAL,VNSTOCK_BRONZE
SBB,LATEST,balance_sheet,order,73.0,ACTUAL,VNSTOCK_BRONZE
SBB,LATEST,balance_sheet,level,2.0,ACTUAL,VNSTOCK_BRONZE
SBB,LATEST,balance_sheet,off_balance,0.0,ACTUAL,VNSTOCK_BRONZE
SBB,LATEST,balance_sheet,value,11841340078.0,ACTUAL,VNSTOCK_BRONZE
SBB,LATEST,balance_sheet,order,74.0,ACTUAL,VNSTOCK_BRONZE
SBB,LATEST,balance_sheet,level,2.0,ACTUAL,VNSTOCK_BRONZE
SBB,LATEST,balance_sheet,off_balance,0.0,ACTUAL,VNSTOCK_BRONZE
SBB,LATEST,balance_sheet,value,0.0,ACTUAL,VNSTOCK_BRONZE
SBB,LATEST,balance_sheet,order,75.0,ACTUAL,VNSTOCK_BRONZE
SBB,LATEST,balance_sheet,level,2.0,ACTUAL,VNSTOCK_BRONZE
SBB,LATEST,balance_sheet,off_balance,0.0,ACTUAL,VNSTOCK_BRONZE
SBB,LATEST,balance_sheet,value,0.0,ACTUAL,VNSTOCK_BRONZE
SBB,LATEST,balance_sheet,order,76.0,ACTUAL,VNSTOCK_BRONZE
SBB,LATEST,balance_sheet,level,2.0,ACTUAL,VNSTOCK_BRONZE
SBB,LATEST,balance_sheet,off_balance,0.0,ACTUAL,VNSTOCK_BRONZE
SBB,LATEST,balance_sheet,value,29970756482.0,ACTUAL,VNSTOCK_BRONZE
SBB,LATEST,balance_sheet,order,77.0,ACTUAL,VNSTOCK_BRONZE
SBB,LATEST,balance_sheet,level,2.0,ACTUAL,VNSTOCK_BRONZE
SBB,LATEST,balance_sheet,off_balance,0.0,ACTUAL,VNSTOCK_BRONZE
SBB,LATEST,balance_sheet,value,111829708466.0,ACTUAL,VNSTOCK_BRONZE
SBB,LATEST,balance_sheet,order,78.0,ACTUAL,VNSTOCK_BRONZE
SBB,LATEST,balance_sheet,level,2.0,ACTUAL,VNSTOCK_BRONZE
SBB,LATEST,balance_sheet,off_balance,0.0,ACTUAL,VNSTOCK_BRONZE
SBB,LATEST,balance_sheet,value,0.0,ACTUAL,VNSTOCK_BRONZE
SBB,LATEST,balance_sheet,order,79.0,ACTUAL,VNSTOCK_BRONZE
SBB,LATEST,balance_sheet,level,2.0,ACTUAL,VNSTOCK_BRONZE
SBB,LATEST,balance_sheet,off_balance,0.0,ACTUAL,VNSTOCK_BRONZE
SBB,LATEST,balance_sheet,value,15430355282.0,ACTUAL,VNSTOCK_BRONZE
SBB,LATEST,balance_sheet,order,80.0,ACTUAL,VNSTOCK_BRONZE
SBB,LATEST,balance_sheet,level,2.0,ACTUAL,VNSTOCK_BRONZE
SBB,LATEST,balance_sheet,off_balance,0.0,ACTUAL,VNSTOCK_BRONZE
SBB,LATEST,balance_sheet,value,0.0,ACTUAL,VNSTOCK_BRONZE
SBB,LATEST,balance_sheet,order,81.0,ACTUAL,VNSTOCK_BRONZE
SBB,LATEST,balance_sheet,level,2.0,ACTUAL,VNSTOCK_BRONZE
SBB,LATEST,balance_sheet,off_balance,0.0,ACTUAL,VNSTOCK_BRONZE
SBB,LATEST,balance_sheet,value,0.0,ACTUAL,VNSTOCK_BRONZE
SBB,LATEST,balance_sheet,order,82.0,ACTUAL,VNSTOCK_BRONZE
SBB,LATEST,balance_sheet,level,1.0,ACTUAL,VNSTOCK_BRONZE
SBB,LATEST,balance_sheet,off_balance,0.0,ACTUAL,VNSTOCK_BRONZE
SBB,LATEST,balance_sheet,value,122372050289.0,ACTUAL,VNSTOCK_BRONZE
SBB,LATEST,balance_sheet,order,83.0,ACTUAL,VNSTOCK_BRONZE
SBB,LATEST,balance_sheet,level,2.0,ACTUAL,VNSTOCK_BRONZE
SBB,LATEST,balance_sheet,off_balance,0.0,ACTUAL,VNSTOCK_BRONZE
SBB,LATEST,balance_sheet,value,0.0,ACTUAL,VNSTOCK_BRONZE
SBB,LATEST,balance_sheet,order,84.0,ACTUAL,VNSTOCK_BRONZE
SBB,LATEST,balance_sheet,level,2.0,ACTUAL,VNSTOCK_BRONZE
SBB,LATEST,balance_sheet,off_balance,0.0,ACTUAL,VNSTOCK_BRONZE
SBB,LATEST,balance_sheet,order,85.0,ACTUAL,VNSTOCK_BRONZE
SBB,LATEST,balance_sheet,level,2.0,ACTUAL,VNSTOCK_BRONZE
SBB,LATEST,balance_sheet,off_balance,0.0,ACTUAL,VNSTOCK_BRONZE
SBB,LATEST,balance_sheet,value,0.0,ACTUAL,VNSTOCK_BRONZE
SBB,LATEST,balance_sheet,order,86.0,ACTUAL,VNSTOCK_BRONZE
SBB,LATEST,balance_sheet,level,2.0,ACTUAL,VNSTOCK_BRONZE
SBB,LATEST,balance_sheet,off_balance,0.0,ACTUAL,VNSTOCK_BRONZE
SBB,LATEST,balance_sheet,value,0.0,ACTUAL,VNSTOCK_BRONZE
SBB,LATEST,balance_sheet,order,87.0,ACTUAL,VNSTOCK_BRONZE
SBB,LATEST,balance_sheet,level,2.0,ACTUAL,VNSTOCK_BRONZE
SBB,LATEST,balance_sheet,off_balance,0.0,ACTUAL,VNSTOCK_BRONZE
SBB,LATEST,balance_sheet,value,0.0,ACTUAL,VNSTOCK_BRONZE
SBB,LATEST,balance_sheet,order,88.0,ACTUAL,VNSTOCK_BRONZE
SBB,LATEST,balance_sheet,level,2.0,ACTUAL,VNSTOCK_BRONZE
SBB,LATEST,balance_sheet,off_balance,0.0,ACTUAL,VNSTOCK_BRONZE
SBB,LATEST,balance_sheet,value,0.0,ACTUAL,VNSTOCK_BRONZE
SBB,LATEST,balance_sheet,order,89.0,ACTUAL,VNSTOCK_BRONZE
SBB,LATEST,balance_sheet,level,2.0,ACTUAL,VNSTOCK_BRONZE
SBB,LATEST,balance_sheet,off_balance,0.0,ACTUAL,VNSTOCK_BRONZE
SBB,LATEST,balance_sheet,value,0.0,ACTUAL,VNSTOCK_BRONZE
SBB,LATEST,balance_sheet,order,90.0,ACTUAL,VNSTOCK_BRONZE
SBB,LATEST,balance_sheet,level,2.0,ACTUAL,VNSTOCK_BRONZE
SBB,LATEST,balance_sheet,off_balance,0.0,ACTUAL,VNSTOCK_BRONZE
SBB,LATEST,balance_sheet,value,0.0,ACTUAL,VNSTOCK_BRONZE
SBB,LATEST,balance_sheet,order,91.0,ACTUAL,VNSTOCK_BRONZE
SBB,LATEST,balance_sheet,level,2.0,ACTUAL,VNSTOCK_BRONZE
SBB,LATEST,balance_sheet,off_balance,0.0,ACTUAL,VNSTOCK_BRONZE
SBB,LATEST,balance_sheet,value,0.0,ACTUAL,VNSTOCK_BRONZE
SBB,LATEST,balance_sheet,order,92.0,ACTUAL,VNSTOCK_BRONZE
SBB,LATEST,balance_sheet,level,2.0,ACTUAL,VNSTOCK_BRONZE
SBB,LATEST,balance_sheet,off_balance,0.0,ACTUAL,VNSTOCK_BRONZE
SBB,LATEST,balance_sheet,value,0.0,ACTUAL,VNSTOCK_BRONZE
SBB,LATEST,balance_sheet,order,93.0,ACTUAL,VNSTOCK_BRONZE
SBB,LATEST,balance_sheet,level,2.0,ACTUAL,VNSTOCK_BRONZE
SBB,LATEST,balance_sheet,off_balance,0.0,ACTUAL,VNSTOCK_BRONZE
SBB,LATEST,balance_sheet,value,122372050289.0,ACTUAL,VNSTOCK_BRONZE
SBB,LATEST,balance_sheet,order,94.0,ACTUAL,VNSTOCK_BRONZE
SBB,LATEST,balance_sheet,level,2.0,ACTUAL,VNSTOCK_BRONZE
SBB,LATEST,balance_sheet,off_balance,0.0,ACTUAL,VNSTOCK_BRONZE
SBB,LATEST,balance_sheet,value,0.0,ACTUAL,VNSTOCK_BRONZE
SBB,LATEST,balance_sheet,order,95.0,ACTUAL,VNSTOCK_BRONZE
SBB,LATEST,balance_sheet,level,2.0,ACTUAL,VNSTOCK_BRONZE
SBB,LATEST,balance_sheet,off_balance,0.0,ACTUAL,VNSTOCK_BRONZE
SBB,LATEST,balance_sheet,value,0.0,ACTUAL,VNSTOCK_BRONZE
SBB,LATEST,balance_sheet,order,96.0,ACTUAL,VNSTOCK_BRONZE
SBB,LATEST,balance_sheet,level,1.0,ACTUAL,VNSTOCK_BRONZE
SBB,LATEST,balance_sheet,off_balance,0.0,ACTUAL,VNSTOCK_BRONZE
SBB,LATEST,balance_sheet,value,1398807451301.0,ACTUAL,VNSTOCK_BRONZE
SBB,LATEST,balance_sheet,order,97.0,ACTUAL,VNSTOCK_BRONZE
SBB,LATEST,balance_sheet,level,1.0,ACTUAL,VNSTOCK_BRONZE
SBB,LATEST,balance_sheet,off_balance,0.0,ACTUAL,VNSTOCK_BRONZE
SBB,LATEST,balance_sheet,value,1398807451301.0,ACTUAL,VNSTOCK_BRONZE
SBB,LATEST,balance_sheet,order,98.0,ACTUAL,VNSTOCK_BRONZE
SBB,LATEST,balance_sheet,level,2.0,ACTUAL,VNSTOCK_BRONZE
SBB,LATEST,balance_sheet,off_balance,0.0,ACTUAL,VNSTOCK_BRONZE
SBB,LATEST,balance_sheet,value,0.0,ACTUAL,VNSTOCK_BRONZE
SBB,LATEST,balance_sheet,order,99.0,ACTUAL,VNSTOCK_BRONZE
SBB,LATEST,balance_sheet,level,2.0,ACTUAL,VNSTOCK_BRONZE
SBB,LATEST,balance_sheet,off_balance,0.0,ACTUAL,VNSTOCK_BRONZE
SBB,LATEST,balance_sheet,value,0.0,ACTUAL,VNSTOCK_BRONZE
SBB,LATEST,balance_sheet,order,100.0,ACTUAL,VNSTOCK_BRONZE
SBB,LATEST,balance_sheet,level,2.0,ACTUAL,VNSTOCK_BRONZE
SBB,LATEST,balance_sheet,off_balance,0.0,ACTUAL,VNSTOCK_BRONZE
SBB,LATEST,balance_sheet,value,0.0,ACTUAL,VNSTOCK_BRONZE
SBB,LATEST,balance_sheet,order,101.0,ACTUAL,VNSTOCK_BRONZE
SBB,LATEST,balance_sheet,level,2.0,ACTUAL,VNSTOCK_BRONZE
SBB,LATEST,balance_sheet,off_balance,0.0,ACTUAL,VNSTOCK_BRONZE
SBB,LATEST,balance_sheet,value,0.0,ACTUAL,VNSTOCK_BRONZE
SBB,LATEST,balance_sheet,order,102.0,ACTUAL,VNSTOCK_BRONZE
SBB,LATEST,balance_sheet,level,2.0,ACTUAL,VNSTOCK_BRONZE
SBB,LATEST,balance_sheet,off_balance,0.0,ACTUAL,VNSTOCK_BRONZE
SBB,LATEST,balance_sheet,value,875245360000.0,ACTUAL,VNSTOCK_BRONZE
SBB,LATEST,balance_sheet,order,103.0,ACTUAL,VNSTOCK_BRONZE
SBB,LATEST,balance_sheet,level,3.0,ACTUAL,VNSTOCK_BRONZE
SBB,LATEST,balance_sheet,off_balance,0.0,ACTUAL,VNSTOCK_BRONZE
SBB,LATEST,balance_sheet,value,875245360000.0,ACTUAL,VNSTOCK_BRONZE
SBB,LATEST,balance_sheet,order,104.0,ACTUAL,VNSTOCK_BRONZE
SBB,LATEST,balance_sheet,level,2.0,ACTUAL,VNSTOCK_BRONZE
SBB,LATEST,balance_sheet,off_balance,0.0,ACTUAL,VNSTOCK_BRONZE
SBB,LATEST,balance_sheet,value,436708750464.0,ACTUAL,VNSTOCK_BRONZE
SBB,LATEST,balance_sheet,order,105.0,ACTUAL,VNSTOCK_BRONZE
SBB,LATEST,balance_sheet,level,2.0,ACTUAL,VNSTOCK_BRONZE
SBB,LATEST,balance_sheet,off_balance,0.0,ACTUAL,VNSTOCK_BRONZE
SBB,LATEST,balance_sheet,value,-51168810051.0,ACTUAL,VNSTOCK_BRONZE
SBB,LATEST,balance_sheet,order,106.0,ACTUAL,VNSTOCK_BRONZE
SBB,LATEST,balance_sheet,level,2.0,ACTUAL,VNSTOCK_BRONZE
SBB,LATEST,balance_sheet,off_balance,0.0,ACTUAL,VNSTOCK_BRONZE
SBB,LATEST,balance_sheet,value,0.0,ACTUAL,VNSTOCK_BRONZE
SBB,LATEST,balance_sheet,order,107.0,ACTUAL,VNSTOCK_BRONZE
SBB,LATEST,balance_sheet,level,2.0,ACTUAL,VNSTOCK_BRONZE
SBB,LATEST,balance_sheet,off_balance,0.0,ACTUAL,VNSTOCK_BRONZE
SBB,LATEST,balance_sheet,value,0.0,ACTUAL,VNSTOCK_BRONZE
SBB,LATEST,balance_sheet,order,108.0,ACTUAL,VNSTOCK_BRONZE
SBB,LATEST,balance_sheet,level,2.0,ACTUAL,VNSTOCK_BRONZE
SBB,LATEST,balance_sheet,off_balance,0.0,ACTUAL,VNSTOCK_BRONZE
SBB,LATEST,balance_sheet,value,0.0,ACTUAL,VNSTOCK_BRONZE
SBB,LATEST,balance_sheet,order,109.0,ACTUAL,VNSTOCK_BRONZE
SBB,LATEST,balance_sheet,level,2.0,ACTUAL,VNSTOCK_BRONZE
SBB,LATEST,balance_sheet,off_balance,0.0,ACTUAL,VNSTOCK_BRONZE
SBB,LATEST,balance_sheet,value,0.0,ACTUAL,VNSTOCK_BRONZE
SBB,LATEST,balance_sheet,order,110.0,ACTUAL,VNSTOCK_BRONZE
SBB,LATEST,balance_sheet,level,2.0,ACTUAL,VNSTOCK_BRONZE
SBB,LATEST,balance_sheet,off_balance,0.0,ACTUAL,VNSTOCK_BRONZE
SBB,LATEST,balance_sheet,value,0.0,ACTUAL,VNSTOCK_BRONZE
SBB,LATEST,balance_sheet,order,111.0,ACTUAL,VNSTOCK_BRONZE
SBB,LATEST,balance_sheet,level,2.0,ACTUAL,VNSTOCK_BRONZE
SBB,LATEST,balance_sheet,off_balance,0.0,ACTUAL,VNSTOCK_BRONZE
SBB,LATEST,balance_sheet,value,0.0,ACTUAL,VNSTOCK_BRONZE
SBB,LATEST,balance_sheet,order,112.0,ACTUAL,VNSTOCK_BRONZE
SBB,LATEST,balance_sheet,level,2.0,ACTUAL,VNSTOCK_BRONZE
SBB,LATEST,balance_sheet,off_balance,0.0,ACTUAL,VNSTOCK_BRONZE
SBB,LATEST,balance_sheet,value,138022150888.0,ACTUAL,VNSTOCK_BRONZE
SBB,LATEST,balance_sheet,order,113.0,ACTUAL,VNSTOCK_BRONZE
SBB,LATEST,balance_sheet,level,3.0,ACTUAL,VNSTOCK_BRONZE
SBB,LATEST,balance_sheet,off_balance,0.0,ACTUAL,VNSTOCK_BRONZE
SBB,LATEST,balance_sheet,value,45750391273.0,ACTUAL,VNSTOCK_BRONZE
SBB,LATEST,balance_sheet,order,114.0,ACTUAL,VNSTOCK_BRONZE
SBB,LATEST,balance_sheet,level,3.0,ACTUAL,VNSTOCK_BRONZE
SBB,LATEST,balance_sheet,off_balance,0.0,ACTUAL,VNSTOCK_BRONZE
SBB,LATEST,balance_sheet,value,92271759615.0,ACTUAL,VNSTOCK_BRONZE
SBB,LATEST,balance_sheet,order,115.0,ACTUAL,VNSTOCK_BRONZE
SBB,LATEST,balance_sheet,level,2.0,ACTUAL,VNSTOCK_BRONZE
SBB,LATEST,balance_sheet,off_balance,0.0,ACTUAL,VNSTOCK_BRONZE
SBB,LATEST,balance_sheet,value,0.0,ACTUAL,VNSTOCK_BRONZE
SBB,LATEST,balance_sheet,order,116.0,ACTUAL,VNSTOCK_BRONZE
SBB,LATEST,balance_sheet,level,1.0,ACTUAL,VNSTOCK_BRONZE
SBB,LATEST,balance_sheet,off_balance,0.0,ACTUAL,VNSTOCK_BRONZE
SBB,LATEST,balance_sheet,value,0.0,ACTUAL,VNSTOCK_BRONZE
SBB,LATEST,balance_sheet,order,117.0,ACTUAL,VNSTOCK_BRONZE
SBB,LATEST,balance_sheet,level,2.0,ACTUAL,VNSTOCK_BRONZE
SBB,LATEST,balance_sheet,off_balance,0.0,ACTUAL,VNSTOCK_BRONZE
SBB,LATEST,balance_sheet,value,0.0,ACTUAL,VNSTOCK_BRONZE
SBB,LATEST,balance_sheet,order,118.0,ACTUAL,VNSTOCK_BRONZE
SBB,LATEST,balance_sheet,level,1.0,ACTUAL,VNSTOCK_BRONZE
SBB,LATEST,balance_sheet,off_balance,0.0,ACTUAL,VNSTOCK_BRONZE
SBB,LATEST,balance_sheet,value,2192684394585.0,ACTUAL,VNSTOCK_BRONZE
SBB,LATEST,balance_sheet,order,1.0,ACTUAL,VNSTOCK_BRONZE
SBB,LATEST,balance_sheet,level,1.0,ACTUAL,VNSTOCK_BRONZE
SBB,LATEST,balance_sheet,off_balance,0.0,ACTUAL,VNSTOCK_BRONZE
SBB,LATEST,balance_sheet,value,905170951249.0,ACTUAL,VNSTOCK_BRONZE
SBB,LATEST,balance_sheet,order,2.0,ACTUAL,VNSTOCK_BRONZE
SBB,LATEST,balance_sheet,level,1.0,ACTUAL,VNSTOCK_BRONZE
SBB,LATEST,balance_sheet,off_balance,0.0,ACTUAL,VNSTOCK_BRONZE
SBB,LATEST,balance_sheet,value,231238370231.0,ACTUAL,VNSTOCK_BRONZE
SBB,LATEST,balance_sheet,order,3.0,ACTUAL,VNSTOCK_BRONZE
SBB,LATEST,balance_sheet,level,2.0,ACTUAL,VNSTOCK_BRONZE
SBB,LATEST,balance_sheet,off_balance,0.0,ACTUAL,VNSTOCK_BRONZE
SBB,LATEST,balance_sheet,value,119890241641.0,ACTUAL,VNSTOCK_BRONZE
SBB,LATEST,balance_sheet,order,4.0,ACTUAL,VNSTOCK_BRONZE
SBB,LATEST,balance_sheet,level,2.0,ACTUAL,VNSTOCK_BRONZE
SBB,LATEST,balance_sheet,off_balance,0.0,ACTUAL,VNSTOCK_BRONZE
SBB,LATEST,balance_sheet,value,111348128590.0,ACTUAL,VNSTOCK_BRONZE
SBB,LATEST,balance_sheet,order,5.0,ACTUAL,VNSTOCK_BRONZE
SBB,LATEST,balance_sheet,level,1.0,ACTUAL,VNSTOCK_BRONZE
SBB,LATEST,balance_sheet,off_balance,0.0,ACTUAL,VNSTOCK_BRONZE
SBB,LATEST,balance_sheet,value,50000000000.0,ACTUAL,VNSTOCK_BRONZE
SBB,LATEST,balance_sheet,order,6.0,ACTUAL,VNSTOCK_BRONZE
SBB,LATEST,balance_sheet,level,2.0,ACTUAL,VNSTOCK_BRONZE
SBB,LATEST,balance_sheet,off_balance,0.0,ACTUAL,VNSTOCK_BRONZE
SBB,LATEST,balance_sheet,value,0.0,ACTUAL,VNSTOCK_BRONZE
SBB,LATEST,balance_sheet,order,7.0,ACTUAL,VNSTOCK_BRONZE
SBB,LATEST,balance_sheet,level,2.0,ACTUAL,VNSTOCK_BRONZE
SBB,LATEST,balance_sheet,off_balance,0.0,ACTUAL,VNSTOCK_BRONZE
SBB,LATEST,balance_sheet,value,0.0,ACTUAL,VNSTOCK_BRONZE
SBB,LATEST,balance_sheet,order,8.0,ACTUAL,VNSTOCK_BRONZE
SBB,LATEST,balance_sheet,level,2.0,ACTUAL,VNSTOCK_BRONZE
SBB,LATEST,balance_sheet,off_balance,0.0,ACTUAL,VNSTOCK_BRONZE
SBB,LATEST,balance_sheet,value,50000000000.0,ACTUAL,VNSTOCK_BRONZE
SBB,LATEST,balance_sheet,order,9.0,ACTUAL,VNSTOCK_BRONZE
SBB,LATEST,balance_sheet,level,1.0,ACTUAL,VNSTOCK_BRONZE
SBB,LATEST,balance_sheet,off_balance,0.0,ACTUAL,VNSTOCK_BRONZE
SBB,LATEST,balance_sheet,value,332782391866.0,ACTUAL,VNSTOCK_BRONZE
SBB,LATEST,balance_sheet,order,10.0,ACTUAL,VNSTOCK_BRONZE
SBB,LATEST,balance_sheet,level,2.0,ACTUAL,VNSTOCK_BRONZE
SBB,LATEST,balance_sheet,off_balance,0.0,ACTUAL,VNSTOCK_BRONZE
SBB,LATEST,balance_sheet,value,572582897813.0,ACTUAL,VNSTOCK_BRONZE
SBB,LATEST,balance_sheet,order,11.0,ACTUAL,VNSTOCK_BRONZE
SBB,LATEST,balance_sheet,level,2.0,ACTUAL,VNSTOCK_BRONZE
SBB,LATEST,balance_sheet,off_balance,0.0,ACTUAL,VNSTOCK_BRONZE
SBB,LATEST,balance_sheet,value,17055360284.0,ACTUAL,VNSTOCK_BRONZE
SBB,LATEST,balance_sheet,order,12.0,ACTUAL,VNSTOCK_BRONZE
SBB,LATEST,balance_sheet,level,2.0,ACTUAL,VNSTOCK_BRONZE
SBB,LATEST,balance_sheet,off_balance,0.0,ACTUAL,VNSTOCK_BRONZE
SBB,LATEST,balance_sheet,value,0.0,ACTUAL,VNSTOCK_BRONZE
SBB,LATEST,balance_sheet,order,13.0,ACTUAL,VNSTOCK_BRONZE
SBB,LATEST,balance_sheet,level,2.0,ACTUAL,VNSTOCK_BRONZE
SBB,LATEST,balance_sheet,off_balance,0.0,ACTUAL,VNSTOCK_BRONZE
SBB,LATEST,balance_sheet,value,0.0,ACTUAL,VNSTOCK_BRONZE
SBB,LATEST,balance_sheet,order,14.0,ACTUAL,VNSTOCK_BRONZE
SBB,LATEST,balance_sheet,level,2.0,ACTUAL,VNSTOCK_BRONZE
SBB,LATEST,balance_sheet,off_balance,0.0,ACTUAL,VNSTOCK_BRONZE
SBB,LATEST,balance_sheet,value,0.0,ACTUAL,VNSTOCK_BRONZE
SBB,LATEST,balance_sheet,order,15.0,ACTUAL,VNSTOCK_BRONZE
SBB,LATEST,balance_sheet,level,2.0,ACTUAL,VNSTOCK_BRONZE
SBB,LATEST,balance_sheet,off_balance,0.0,ACTUAL,VNSTOCK_BRONZE
SBB,LATEST,balance_sheet,value,6876853432.0,ACTUAL,VNSTOCK_BRONZE
SBB,LATEST,balance_sheet,order,16.0,ACTUAL,VNSTOCK_BRONZE
SBB,LATEST,balance_sheet,level,2.0,ACTUAL,VNSTOCK_BRONZE
SBB,LATEST,balance_sheet,off_balance,0.0,ACTUAL,VNSTOCK_BRONZE
SBB,LATEST,balance_sheet,value,-263732719663.0,ACTUAL,VNSTOCK_BRONZE
SBB,LATEST,balance_sheet,order,17.0,ACTUAL,VNSTOCK_BRONZE
SBB,LATEST,balance_sheet,level,2.0,ACTUAL,VNSTOCK_BRONZE
SBB,LATEST,balance_sheet,off_balance,0.0,ACTUAL,VNSTOCK_BRONZE
SBB,LATEST,balance_sheet,value,0.0,ACTUAL,VNSTOCK_BRONZE
SBB,LATEST,balance_sheet,order,18.0,ACTUAL,VNSTOCK_BRONZE
SBB,LATEST,balance_sheet,level,1.0,ACTUAL,VNSTOCK_BRONZE
SBB,LATEST,balance_sheet,off_balance,0.0,ACTUAL,VNSTOCK_BRONZE
SBB,LATEST,balance_sheet,value,287733491880.0,ACTUAL,VNSTOCK_BRONZE
SBB,LATEST,balance_sheet,order,19.0,ACTUAL,VNSTOCK_BRONZE
SBB,LATEST,balance_sheet,level,2.0,ACTUAL,VNSTOCK_BRONZE
SBB,LATEST,balance_sheet,off_balance,0.0,ACTUAL,VNSTOCK_BRONZE
SBB,LATEST,balance_sheet,value,303612898583.0,ACTUAL,VNSTOCK_BRONZE
SBB,LATEST,balance_sheet,order,20.0,ACTUAL,VNSTOCK_BRONZE
SBB,LATEST,balance_sheet,level,2.0,ACTUAL,VNSTOCK_BRONZE
SBB,LATEST,balance_sheet,off_balance,0.0,ACTUAL,VNSTOCK_BRONZE
SBB,LATEST,balance_sheet,value,-15879406703.0,ACTUAL,VNSTOCK_BRONZE
SBB,LATEST,balance_sheet,order,21.0,ACTUAL,VNSTOCK_BRONZE
SBB,LATEST,balance_sheet,level,1.0,ACTUAL,VNSTOCK_BRONZE
SBB,LATEST,balance_sheet,off_balance,0.0,ACTUAL,VNSTOCK_BRONZE
SBB,LATEST,balance_sheet,value,3416697272.0,ACTUAL,VNSTOCK_BRONZE
SBB,LATEST,balance_sheet,order,22.0,ACTUAL,VNSTOCK_BRONZE
SBB,LATEST,balance_sheet,level,2.0,ACTUAL,VNSTOCK_BRONZE
SBB,LATEST,balance_sheet,off_balance,0.0,ACTUAL,VNSTOCK_BRONZE
SBB,LATEST,balance_sheet,value,2399961529.0,ACTUAL,VNSTOCK_BRONZE
SBB,LATEST,balance_sheet,order,23.0,ACTUAL,VNSTOCK_BRONZE
SBB,LATEST,balance_sheet,level,2.0,ACTUAL,VNSTOCK_BRONZE
SBB,LATEST,balance_sheet,off_balance,0.0,ACTUAL,VNSTOCK_BRONZE
SBB,LATEST,balance_sheet,value,10180897.0,ACTUAL,VNSTOCK_BRONZE
SBB,LATEST,balance_sheet,order,24.0,ACTUAL,VNSTOCK_BRONZE
SBB,LATEST,balance_sheet,level,2.0,ACTUAL,VNSTOCK_BRONZE
SBB,LATEST,balance_sheet,off_balance,0.0,ACTUAL,VNSTOCK_BRONZE
SBB,LATEST,balance_sheet,value,1006554846.0,ACTUAL,VNSTOCK_BRONZE
SBB,LATEST,balance_sheet,order,25.0,ACTUAL,VNSTOCK_BRONZE
SBB,LATEST,balance_sheet,level,2.0,ACTUAL,VNSTOCK_BRONZE
SBB,LATEST,balance_sheet,off_balance,0.0,ACTUAL,VNSTOCK_BRONZE
SBB,LATEST,balance_sheet,value,0.0,ACTUAL,VNSTOCK_BRONZE
SBB,LATEST,balance_sheet,order,26.0,ACTUAL,VNSTOCK_BRONZE
SBB,LATEST,balance_sheet,level,1.0,ACTUAL,VNSTOCK_BRONZE
SBB,LATEST,balance_sheet,off_balance,0.0,ACTUAL,VNSTOCK_BRONZE
SBB,LATEST,balance_sheet,value,1227381978496.0,ACTUAL,VNSTOCK_BRONZE
SBB,LATEST,balance_sheet,order,27.0,ACTUAL,VNSTOCK_BRONZE
SBB,LATEST,balance_sheet,level,1.0,ACTUAL,VNSTOCK_BRONZE
SBB,LATEST,balance_sheet,off_balance,0.0,ACTUAL,VNSTOCK_BRONZE
SBB,LATEST,balance_sheet,value,20440000.0,ACTUAL,VNSTOCK_BRONZE
SBB,LATEST,balance_sheet,order,28.0,ACTUAL,VNSTOCK_BRONZE
SBB,LATEST,balance_sheet,level,2.0,ACTUAL,VNSTOCK_BRONZE
SBB,LATEST,balance_sheet,off_balance,0.0,ACTUAL,VNSTOCK_BRONZE
SBB,LATEST,balance_sheet,value,0.0,ACTUAL,VNSTOCK_BRONZE
SBB,LATEST,balance_sheet,order,29.0,ACTUAL,VNSTOCK_BRONZE
SBB,LATEST,balance_sheet,level,2.0,ACTUAL,VNSTOCK_BRONZE
SBB,LATEST,balance_sheet,off_balance,0.0,ACTUAL,VNSTOCK_BRONZE
SBB,LATEST,balance_sheet,value,0.0,ACTUAL,VNSTOCK_BRONZE
SBB,LATEST,balance_sheet,order,30.0,ACTUAL,VNSTOCK_BRONZE
SBB,LATEST,balance_sheet,level,2.0,ACTUAL,VNSTOCK_BRONZE
SBB,LATEST,balance_sheet,off_balance,0.0,ACTUAL,VNSTOCK_BRONZE
SBB,LATEST,balance_sheet,value,0.0,ACTUAL,VNSTOCK_BRONZE
SBB,LATEST,balance_sheet,order,31.0,ACTUAL,VNSTOCK_BRONZE
SBB,LATEST,balance_sheet,level,2.0,ACTUAL,VNSTOCK_BRONZE
SBB,LATEST,balance_sheet,off_balance,0.0,ACTUAL,VNSTOCK_BRONZE
SBB,LATEST,balance_sheet,value,0.0,ACTUAL,VNSTOCK_BRONZE
SBB,LATEST,balance_sheet,order,32.0,ACTUAL,VNSTOCK_BRONZE
SBB,LATEST,balance_sheet,level,2.0,ACTUAL,VNSTOCK_BRONZE
SBB,LATEST,balance_sheet,off_balance,0.0,ACTUAL,VNSTOCK_BRONZE
SBB,LATEST,balance_sheet,value,20440000.0,ACTUAL,VNSTOCK_BRONZE
SBB,LATEST,balance_sheet,order,33.0,ACTUAL,VNSTOCK_BRONZE
SBB,LATEST,balance_sheet,level,2.0,ACTUAL,VNSTOCK_BRONZE
SBB,LATEST,balance_sheet,off_balance,0.0,ACTUAL,VNSTOCK_BRONZE
SBB,LATEST,balance_sheet,value,-0.0,ACTUAL,VNSTOCK_BRONZE
SBB,LATEST,balance_sheet,order,34.0,ACTUAL,VNSTOCK_BRONZE
SBB,LATEST,balance_sheet,level,1.0,ACTUAL,VNSTOCK_BRONZE
SBB,LATEST,balance_sheet,off_balance,0.0,ACTUAL,VNSTOCK_BRONZE
SBB,LATEST,balance_sheet,value,962008705974.0,ACTUAL,VNSTOCK_BRONZE
SBB,LATEST,balance_sheet,order,35.0,ACTUAL,VNSTOCK_BRONZE
SBB,LATEST,balance_sheet,level,2.0,ACTUAL,VNSTOCK_BRONZE
SBB,LATEST,balance_sheet,off_balance,0.0,ACTUAL,VNSTOCK_BRONZE
SBB,LATEST,balance_sheet,value,899079159957.0,ACTUAL,VNSTOCK_BRONZE
SBB,LATEST,balance_sheet,order,36.0,ACTUAL,VNSTOCK_BRONZE
SBB,LATEST,balance_sheet,level,3.0,ACTUAL,VNSTOCK_BRONZE
SBB,LATEST,balance_sheet,off_balance,0.0,ACTUAL,VNSTOCK_BRONZE
SBB,LATEST,balance_sheet,value,3869017511800.0,ACTUAL,VNSTOCK_BRONZE
SBB,LATEST,balance_sheet,order,37.0,ACTUAL,VNSTOCK_BRONZE
SBB,LATEST,balance_sheet,level,3.0,ACTUAL,VNSTOCK_BRONZE
SBB,LATEST,balance_sheet,off_balance,0.0,ACTUAL,VNSTOCK_BRONZE
SBB,LATEST,balance_sheet,value,-2969938351843.0,ACTUAL,VNSTOCK_BRONZE
SBB,LATEST,balance_sheet,order,38.0,ACTUAL,VNSTOCK_BRONZE
SBB,LATEST,balance_sheet,level,2.0,ACTUAL,VNSTOCK_BRONZE
SBB,LATEST,balance_sheet,off_balance,0.0,ACTUAL,VNSTOCK_BRONZE
SBB,LATEST,balance_sheet,value,0.0,ACTUAL,VNSTOCK_BRONZE
SBB,LATEST,balance_sheet,order,39.0,ACTUAL,VNSTOCK_BRONZE
SBB,LATEST,balance_sheet,level,3.0,ACTUAL,VNSTOCK_BRONZE
SBB,LATEST,balance_sheet,off_balance,0.0,ACTUAL,VNSTOCK_BRONZE
SBB,LATEST,balance_sheet,value,0.0,ACTUAL,VNSTOCK_BRONZE
SBB,LATEST,balance_sheet,order,40.0,ACTUAL,VNSTOCK_BRONZE
SBB,LATEST,balance_sheet,level,3.0,ACTUAL,VNSTOCK_BRONZE
SBB,LATEST,balance_sheet,off_balance,0.0,ACTUAL,VNSTOCK_BRONZE
SBB,LATEST,balance_sheet,value,-0.0,ACTUAL,VNSTOCK_BRONZE
SBB,LATEST,balance_sheet,order,41.0,ACTUAL,VNSTOCK_BRONZE
SBB,LATEST,balance_sheet,level,2.0,ACTUAL,VNSTOCK_BRONZE
SBB,LATEST,balance_sheet,off_balance,0.0,ACTUAL,VNSTOCK_BRONZE
SBB,LATEST,balance_sheet,value,62929546017.0,ACTUAL,VNSTOCK_BRONZE
SBB,LATEST,balance_sheet,order,42.0,ACTUAL,VNSTOCK_BRONZE
SBB,LATEST,balance_sheet,level,3.0,ACTUAL,VNSTOCK_BRONZE
SBB,LATEST,balance_sheet,off_balance,0.0,ACTUAL,VNSTOCK_BRONZE
SBB,LATEST,balance_sheet,value,88833087377.0,ACTUAL,VNSTOCK_BRONZE
SBB,LATEST,balance_sheet,order,43.0,ACTUAL,VNSTOCK_BRONZE
SBB,LATEST,balance_sheet,level,3.0,ACTUAL,VNSTOCK_BRONZE
SBB,LATEST,balance_sheet,off_balance,0.0,ACTUAL,VNSTOCK_BRONZE
SBB,LATEST,balance_sheet,value,-25903541360.0,ACTUAL,VNSTOCK_BRONZE
SBB,LATEST,balance_sheet,order,44.0,ACTUAL,VNSTOCK_BRONZE
SBB,LATEST,balance_sheet,level,1.0,ACTUAL,VNSTOCK_BRONZE
SBB,LATEST,balance_sheet,off_balance,0.0,ACTUAL,VNSTOCK_BRONZE
SBB,LATEST,balance_sheet,value,0.0,ACTUAL,VNSTOCK_BRONZE
SBB,LATEST,balance_sheet,order,45.0,ACTUAL,VNSTOCK_BRONZE
SBB,LATEST,balance_sheet,level,2.0,ACTUAL,VNSTOCK_BRONZE
SBB,LATEST,balance_sheet,off_balance,0.0,ACTUAL,VNSTOCK_BRONZE
SBB,LATEST,balance_sheet,value,0.0,ACTUAL,VNSTOCK_BRONZE
SBB,LATEST,balance_sheet,order,46.0,ACTUAL,VNSTOCK_BRONZE
SBB,LATEST,balance_sheet,level,2.0,ACTUAL,VNSTOCK_BRONZE
SBB,LATEST,balance_sheet,off_balance,0.0,ACTUAL,VNSTOCK_BRONZE
SBB,LATEST,balance_sheet,value,-0.0,ACTUAL,VNSTOCK_BRONZE
SBB,LATEST,balance_sheet,order,47.0,ACTUAL,VNSTOCK_BRONZE
SBB,LATEST,balance_sheet,level,1.0,ACTUAL,VNSTOCK_BRONZE
SBB,LATEST,balance_sheet,off_balance,0.0,ACTUAL,VNSTOCK_BRONZE
SBB,LATEST,balance_sheet,value,4588349036.0,ACTUAL,VNSTOCK_BRONZE
SBB,LATEST,balance_sheet,order,48.0,ACTUAL,VNSTOCK_BRONZE
SBB,LATEST,balance_sheet,level,2.0,ACTUAL,VNSTOCK_BRONZE
SBB,LATEST,balance_sheet,off_balance,0.0,ACTUAL,VNSTOCK_BRONZE
SBB,LATEST,balance_sheet,value,0.0,ACTUAL,VNSTOCK_BRONZE
SBB,LATEST,balance_sheet,order,49.0,ACTUAL,VNSTOCK_BRONZE
SBB,LATEST,balance_sheet,level,2.0,ACTUAL,VNSTOCK_BRONZE
SBB,LATEST,balance_sheet,off_balance,0.0,ACTUAL,VNSTOCK_BRONZE
SBB,LATEST,balance_sheet,value,4588349036.0,ACTUAL,VNSTOCK_BRONZE
SBB,LATEST,balance_sheet,order,50.0,ACTUAL,VNSTOCK_BRONZE
SBB,LATEST,balance_sheet,level,1.0,ACTUAL,VNSTOCK_BRONZE
SBB,LATEST,balance_sheet,off_balance,0.0,ACTUAL,VNSTOCK_BRONZE
SBB,LATEST,balance_sheet,value,213554053643.0,ACTUAL,VNSTOCK_BRONZE
SBB,LATEST,balance_sheet,order,51.0,ACTUAL,VNSTOCK_BRONZE
SBB,LATEST,balance_sheet,level,2.0,ACTUAL,VNSTOCK_BRONZE
SBB,LATEST,balance_sheet,off_balance,0.0,ACTUAL,VNSTOCK_BRONZE
SBB,LATEST,balance_sheet,value,0.0,ACTUAL,VNSTOCK_BRONZE
SBB,LATEST,balance_sheet,order,52.0,ACTUAL,VNSTOCK_BRONZE
SBB,LATEST,balance_sheet,level,2.0,ACTUAL,VNSTOCK_BRONZE
SBB,LATEST,balance_sheet,off_balance,0.0,ACTUAL,VNSTOCK_BRONZE
SBB,LATEST,balance_sheet,value,41186788990.0,ACTUAL,VNSTOCK_BRONZE
SBB,LATEST,balance_sheet,order,53.0,ACTUAL,VNSTOCK_BRONZE
SBB,LATEST,balance_sheet,level,2.0,ACTUAL,VNSTOCK_BRONZE
SBB,LATEST,balance_sheet,off_balance,0.0,ACTUAL,VNSTOCK_BRONZE
SBB,LATEST,balance_sheet,value,173867264653.0,ACTUAL,VNSTOCK_BRONZE
SBB,LATEST,balance_sheet,order,54.0,ACTUAL,VNSTOCK_BRONZE
SBB,LATEST,balance_sheet,level,2.0,ACTUAL,VNSTOCK_BRONZE
SBB,LATEST,balance_sheet,off_balance,0.0,ACTUAL,VNSTOCK_BRONZE
SBB,LATEST,balance_sheet,value,-1500000000.0,ACTUAL,VNSTOCK_BRONZE
SBB,LATEST,balance_sheet,order,55.0,ACTUAL,VNSTOCK_BRONZE
SBB,LATEST,balance_sheet,level,2.0,ACTUAL,VNSTOCK_BRONZE
SBB,LATEST,balance_sheet,off_balance,0.0,ACTUAL,VNSTOCK_BRONZE
SBB,LATEST,balance_sheet,value,0.0,ACTUAL,VNSTOCK_BRONZE
SBB,LATEST,balance_sheet,order,56.0,ACTUAL,VNSTOCK_BRONZE
SBB,LATEST,balance_sheet,level,1.0,ACTUAL,VNSTOCK_BRONZE
SBB,LATEST,balance_sheet,off_balance,0.0,ACTUAL,VNSTOCK_BRONZE
SBB,LATEST,balance_sheet,value,47210429843.0,ACTUAL,VNSTOCK_BRONZE
SBB,LATEST,balance_sheet,order,57.0,ACTUAL,VNSTOCK_BRONZE
SBB,LATEST,balance_sheet,level,2.0,ACTUAL,VNSTOCK_BRONZE
SBB,LATEST,balance_sheet,off_balance,0.0,ACTUAL,VNSTOCK_BRONZE
SBB,LATEST,balance_sheet,value,0.0,ACTUAL,VNSTOCK_BRONZE
SBB,LATEST,balance_sheet,order,58.0,ACTUAL,VNSTOCK_BRONZE
SBB,LATEST,balance_sheet,level,2.0,ACTUAL,VNSTOCK_BRONZE
SBB,LATEST,balance_sheet,off_balance,0.0,ACTUAL,VNSTOCK_BRONZE
SBB,LATEST,balance_sheet,value,41153250429.0,ACTUAL,VNSTOCK_BRONZE
SBB,LATEST,balance_sheet,order,59.0,ACTUAL,VNSTOCK_BRONZE
SBB,LATEST,balance_sheet,level,2.0,ACTUAL,VNSTOCK_BRONZE
SBB,LATEST,balance_sheet,off_balance,0.0,ACTUAL,VNSTOCK_BRONZE
SBB,LATEST,balance_sheet,value,338237287.0,ACTUAL,VNSTOCK_BRONZE
SBB,LATEST,balance_sheet,order,60.0,ACTUAL,VNSTOCK_BRONZE
SBB,LATEST,balance_sheet,level,2.0,ACTUAL,VNSTOCK_BRONZE
SBB,LATEST,balance_sheet,off_balance,0.0,ACTUAL,VNSTOCK_BRONZE
SBB,LATEST,balance_sheet,value,5718942127.0,ACTUAL,VNSTOCK_BRONZE
SBB,LATEST,balance_sheet,order,61.0,ACTUAL,VNSTOCK_BRONZE
SBB,LATEST,balance_sheet,level,2.0,ACTUAL,VNSTOCK_BRONZE
SBB,LATEST,balance_sheet,off_balance,0.0,ACTUAL,VNSTOCK_BRONZE
SBB,LATEST,balance_sheet,value,0.0,ACTUAL,VNSTOCK_BRONZE
SBB,LATEST,balance_sheet,order,62.0,ACTUAL,VNSTOCK_BRONZE
SBB,LATEST,balance_sheet,level,2.0,ACTUAL,VNSTOCK_BRONZE
SBB,LATEST,balance_sheet,off_balance,0.0,ACTUAL,VNSTOCK_BRONZE
SBB,LATEST,balance_sheet,value,0.0,ACTUAL,VNSTOCK_BRONZE
SBB,LATEST,balance_sheet,order,63.0,ACTUAL,VNSTOCK_BRONZE
SBB,LATEST,balance_sheet,level,1.0,ACTUAL,VNSTOCK_BRONZE
SBB,LATEST,balance_sheet,off_balance,0.0,ACTUAL,VNSTOCK_BRONZE
SBB,LATEST,balance_sheet,value,2132552929745.0,ACTUAL,VNSTOCK_BRONZE
SBB,LATEST,balance_sheet,order,64.0,ACTUAL,VNSTOCK_BRONZE
SBB,LATEST,balance_sheet,level,1.0,ACTUAL,VNSTOCK_BRONZE
SBB,LATEST,balance_sheet,off_balance,0.0,ACTUAL,VNSTOCK_BRONZE
SBB,LATEST,balance_sheet,value,826017238059.0,ACTUAL,VNSTOCK_BRONZE
SBB,LATEST,balance_sheet,order,65.0,ACTUAL,VNSTOCK_BRONZE
SBB,LATEST,balance_sheet,level,1.0,ACTUAL,VNSTOCK_BRONZE
SBB,LATEST,balance_sheet,off_balance,0.0,ACTUAL,VNSTOCK_BRONZE
SBB,LATEST,balance_sheet,value,703645187770.0,ACTUAL,VNSTOCK_BRONZE
SBB,LATEST,balance_sheet,order,66.0,ACTUAL,VNSTOCK_BRONZE
SBB,LATEST,balance_sheet,level,2.0,ACTUAL,VNSTOCK_BRONZE
SBB,LATEST,balance_sheet,off_balance,0.0,ACTUAL,VNSTOCK_BRONZE
SBB,LATEST,balance_sheet,value,0.0,ACTUAL,VNSTOCK_BRONZE
SBB,LATEST,balance_sheet,order,67.0,ACTUAL,VNSTOCK_BRONZE
SBB,LATEST,balance_sheet,level,2.0,ACTUAL,VNSTOCK_BRONZE
SBB,LATEST,balance_sheet,off_balance,0.0,ACTUAL,VNSTOCK_BRONZE
SBB,LATEST,balance_sheet,value,0.0,ACTUAL,VNSTOCK_BRONZE
SBB,LATEST,balance_sheet,order,68.0,ACTUAL,VNSTOCK_BRONZE
SBB,LATEST,balance_sheet,level,2.0,ACTUAL,VNSTOCK_BRONZE
SBB,LATEST,balance_sheet,off_balance,0.0,ACTUAL,VNSTOCK_BRONZE
SBB,LATEST,balance_sheet,value,0.0,ACTUAL,VNSTOCK_BRONZE
SBB,LATEST,balance_sheet,order,69.0,ACTUAL,VNSTOCK_BRONZE
SBB,LATEST,balance_sheet,level,2.0,ACTUAL,VNSTOCK_BRONZE
SBB,LATEST,balance_sheet,off_balance,0.0,ACTUAL,VNSTOCK_BRONZE
SBB,LATEST,balance_sheet,value,146842185449.0,ACTUAL,VNSTOCK_BRONZE
SBB,LATEST,balance_sheet,order,70.0,ACTUAL,VNSTOCK_BRONZE
SBB,LATEST,balance_sheet,level,2.0,ACTUAL,VNSTOCK_BRONZE
SBB,LATEST,balance_sheet,off_balance,0.0,ACTUAL,VNSTOCK_BRONZE
SBB,LATEST,balance_sheet,value,15072770550.0,ACTUAL,VNSTOCK_BRONZE
SBB,LATEST,balance_sheet,order,71.0,ACTUAL,VNSTOCK_BRONZE
SBB,LATEST,balance_sheet,level,2.0,ACTUAL,VNSTOCK_BRONZE
SBB,LATEST,balance_sheet,off_balance,0.0,ACTUAL,VNSTOCK_BRONZE
SBB,LATEST,balance_sheet,value,336426356664.0,ACTUAL,VNSTOCK_BRONZE
SBB,LATEST,balance_sheet,order,72.0,ACTUAL,VNSTOCK_BRONZE
SBB,LATEST,balance_sheet,level,2.0,ACTUAL,VNSTOCK_BRONZE
SBB,LATEST,balance_sheet,off_balance,0.0,ACTUAL,VNSTOCK_BRONZE
SBB,LATEST,balance_sheet,value,7123077696.0,ACTUAL,VNSTOCK_BRONZE
SBB,LATEST,balance_sheet,order,73.0,ACTUAL,VNSTOCK_BRONZE
SBB,LATEST,balance_sheet,level,2.0,ACTUAL,VNSTOCK_BRONZE
SBB,LATEST,balance_sheet,off_balance,0.0,ACTUAL,VNSTOCK_BRONZE
SBB,LATEST,balance_sheet,value,7535383390.0,ACTUAL,VNSTOCK_BRONZE
SBB,LATEST,balance_sheet,order,74.0,ACTUAL,VNSTOCK_BRONZE
SBB,LATEST,balance_sheet,level,2.0,ACTUAL,VNSTOCK_BRONZE
SBB,LATEST,balance_sheet,off_balance,0.0,ACTUAL,VNSTOCK_BRONZE
SBB,LATEST,balance_sheet,value,0.0,ACTUAL,VNSTOCK_BRONZE
SBB,LATEST,balance_sheet,order,75.0,ACTUAL,VNSTOCK_BRONZE
SBB,LATEST,balance_sheet,level,2.0,ACTUAL,VNSTOCK_BRONZE
SBB,LATEST,balance_sheet,off_balance,0.0,ACTUAL,VNSTOCK_BRONZE
SBB,LATEST,balance_sheet,value,0.0,ACTUAL,VNSTOCK_BRONZE
SBB,LATEST,balance_sheet,order,76.0,ACTUAL,VNSTOCK_BRONZE
SBB,LATEST,balance_sheet,level,2.0,ACTUAL,VNSTOCK_BRONZE
SBB,LATEST,balance_sheet,off_balance,0.0,ACTUAL,VNSTOCK_BRONZE
SBB,LATEST,balance_sheet,value,30975813173.0,ACTUAL,VNSTOCK_BRONZE
SBB,LATEST,balance_sheet,order,77.0,ACTUAL,VNSTOCK_BRONZE
SBB,LATEST,balance_sheet,level,2.0,ACTUAL,VNSTOCK_BRONZE
SBB,LATEST,balance_sheet,off_balance,0.0,ACTUAL,VNSTOCK_BRONZE
SBB,LATEST,balance_sheet,value,150375762204.0,ACTUAL,VNSTOCK_BRONZE
SBB,LATEST,balance_sheet,order,78.0,ACTUAL,VNSTOCK_BRONZE
SBB,LATEST,balance_sheet,level,2.0,ACTUAL,VNSTOCK_BRONZE
SBB,LATEST,balance_sheet,off_balance,0.0,ACTUAL,VNSTOCK_BRONZE
SBB,LATEST,balance_sheet,value,0.0,ACTUAL,VNSTOCK_BRONZE
SBB,LATEST,balance_sheet,order,79.0,ACTUAL,VNSTOCK_BRONZE
SBB,LATEST,balance_sheet,level,2.0,ACTUAL,VNSTOCK_BRONZE
SBB,LATEST,balance_sheet,off_balance,0.0,ACTUAL,VNSTOCK_BRONZE
SBB,LATEST,balance_sheet,value,9293838644.0,ACTUAL,VNSTOCK_BRONZE
SBB,LATEST,balance_sheet,order,80.0,ACTUAL,VNSTOCK_BRONZE
SBB,LATEST,balance_sheet,level,2.0,ACTUAL,VNSTOCK_BRONZE
SBB,LATEST,balance_sheet,off_balance,0.0,ACTUAL,VNSTOCK_BRONZE
SBB,LATEST,balance_sheet,value,0.0,ACTUAL,VNSTOCK_BRONZE
SBB,LATEST,balance_sheet,order,81.0,ACTUAL,VNSTOCK_BRONZE
SBB,LATEST,balance_sheet,level,2.0,ACTUAL,VNSTOCK_BRONZE
SBB,LATEST,balance_sheet,off_balance,0.0,ACTUAL,VNSTOCK_BRONZE
SBB,LATEST,balance_sheet,value,0.0,ACTUAL,VNSTOCK_BRONZE
SBB,LATEST,balance_sheet,order,82.0,ACTUAL,VNSTOCK_BRONZE
SBB,LATEST,balance_sheet,level,1.0,ACTUAL,VNSTOCK_BRONZE
SBB,LATEST,balance_sheet,off_balance,0.0,ACTUAL,VNSTOCK_BRONZE
SBB,LATEST,balance_sheet,value,122372050289.0,ACTUAL,VNSTOCK_BRONZE
SBB,LATEST,balance_sheet,order,83.0,ACTUAL,VNSTOCK_BRONZE
SBB,LATEST,balance_sheet,level,2.0,ACTUAL,VNSTOCK_BRONZE
SBB,LATEST,balance_sheet,off_balance,0.0,ACTUAL,VNSTOCK_BRONZE
SBB,LATEST,balance_sheet,value,0.0,ACTUAL,VNSTOCK_BRONZE
SBB,LATEST,balance_sheet,order,84.0,ACTUAL,VNSTOCK_BRONZE
SBB,LATEST,balance_sheet,level,2.0,ACTUAL,VNSTOCK_BRONZE
SBB,LATEST,balance_sheet,off_balance,0.0,ACTUAL,VNSTOCK_BRONZE
SBB,LATEST,balance_sheet,order,85.0,ACTUAL,VNSTOCK_BRONZE
SBB,LATEST,balance_sheet,level,2.0,ACTUAL,VNSTOCK_BRONZE
SBB,LATEST,balance_sheet,off_balance,0.0,ACTUAL,VNSTOCK_BRONZE
SBB,LATEST,balance_sheet,value,0.0,ACTUAL,VNSTOCK_BRONZE
SBB,LATEST,balance_sheet,order,86.0,ACTUAL,VNSTOCK_BRONZE
SBB,LATEST,balance_sheet,level,2.0,ACTUAL,VNSTOCK_BRONZE
SBB,LATEST,balance_sheet,off_balance,0.0,ACTUAL,VNSTOCK_BRONZE
SBB,LATEST,balance_sheet,value,0.0,ACTUAL,VNSTOCK_BRONZE
SBB,LATEST,balance_sheet,order,87.0,ACTUAL,VNSTOCK_BRONZE
SBB,LATEST,balance_sheet,level,2.0,ACTUAL,VNSTOCK_BRONZE
SBB,LATEST,balance_sheet,off_balance,0.0,ACTUAL,VNSTOCK_BRONZE
SBB,LATEST,balance_sheet,value,0.0,ACTUAL,VNSTOCK_BRONZE
SBB,LATEST,balance_sheet,order,88.0,ACTUAL,VNSTOCK_BRONZE
SBB,LATEST,balance_sheet,level,2.0,ACTUAL,VNSTOCK_BRONZE
SBB,LATEST,balance_sheet,off_balance,0.0,ACTUAL,VNSTOCK_BRONZE
SBB,LATEST,balance_sheet,value,0.0,ACTUAL,VNSTOCK_BRONZE
SBB,LATEST,balance_sheet,order,89.0,ACTUAL,VNSTOCK_BRONZE
SBB,LATEST,balance_sheet,level,2.0,ACTUAL,VNSTOCK_BRONZE
SBB,LATEST,balance_sheet,off_balance,0.0,ACTUAL,VNSTOCK_BRONZE
SBB,LATEST,balance_sheet,value,0.0,ACTUAL,VNSTOCK_BRONZE
SBB,LATEST,balance_sheet,order,90.0,ACTUAL,VNSTOCK_BRONZE
SBB,LATEST,balance_sheet,level,2.0,ACTUAL,VNSTOCK_BRONZE
SBB,LATEST,balance_sheet,off_balance,0.0,ACTUAL,VNSTOCK_BRONZE
SBB,LATEST,balance_sheet,value,0.0,ACTUAL,VNSTOCK_BRONZE
SBB,LATEST,balance_sheet,order,91.0,ACTUAL,VNSTOCK_BRONZE
SBB,LATEST,balance_sheet,level,2.0,ACTUAL,VNSTOCK_BRONZE
SBB,LATEST,balance_sheet,off_balance,0.0,ACTUAL,VNSTOCK_BRONZE
SBB,LATEST,balance_sheet,value,0.0,ACTUAL,VNSTOCK_BRONZE
SBB,LATEST,balance_sheet,order,92.0,ACTUAL,VNSTOCK_BRONZE
SBB,LATEST,balance_sheet,level,2.0,ACTUAL,VNSTOCK_BRONZE
SBB,LATEST,balance_sheet,off_balance,0.0,ACTUAL,VNSTOCK_BRONZE
SBB,LATEST,balance_sheet,value,0.0,ACTUAL,VNSTOCK_BRONZE
SBB,LATEST,balance_sheet,order,93.0,ACTUAL,VNSTOCK_BRONZE
SBB,LATEST,balance_sheet,level,2.0,ACTUAL,VNSTOCK_BRONZE
SBB,LATEST,balance_sheet,off_balance,0.0,ACTUAL,VNSTOCK_BRONZE
SBB,LATEST,balance_sheet,value,122372050289.0,ACTUAL,VNSTOCK_BRONZE
SBB,LATEST,balance_sheet,order,94.0,ACTUAL,VNSTOCK_BRONZE
SBB,LATEST,balance_sheet,level,2.0,ACTUAL,VNSTOCK_BRONZE
SBB,LATEST,balance_sheet,off_balance,0.0,ACTUAL,VNSTOCK_BRONZE
SBB,LATEST,balance_sheet,value,0.0,ACTUAL,VNSTOCK_BRONZE
SBB,LATEST,balance_sheet,order,95.0,ACTUAL,VNSTOCK_BRONZE
SBB,LATEST,balance_sheet,level,2.0,ACTUAL,VNSTOCK_BRONZE
SBB,LATEST,balance_sheet,off_balance,0.0,ACTUAL,VNSTOCK_BRONZE
SBB,LATEST,balance_sheet,value,0.0,ACTUAL,VNSTOCK_BRONZE
SBB,LATEST,balance_sheet,order,96.0,ACTUAL,VNSTOCK_BRONZE
SBB,LATEST,balance_sheet,level,1.0,ACTUAL,VNSTOCK_BRONZE
SBB,LATEST,balance_sheet,off_balance,0.0,ACTUAL,VNSTOCK_BRONZE
SBB,LATEST,balance_sheet,value,1306535691686.0,ACTUAL,VNSTOCK_BRONZE
SBB,LATEST,balance_sheet,order,97.0,ACTUAL,VNSTOCK_BRONZE
SBB,LATEST,balance_sheet,level,1.0,ACTUAL,VNSTOCK_BRONZE
SBB,LATEST,balance_sheet,off_balance,0.0,ACTUAL,VNSTOCK_BRONZE
SBB,LATEST,balance_sheet,value,1306535691686.0,ACTUAL,VNSTOCK_BRONZE
SBB,LATEST,balance_sheet,order,98.0,ACTUAL,VNSTOCK_BRONZE
SBB,LATEST,balance_sheet,level,2.0,ACTUAL,VNSTOCK_BRONZE
SBB,LATEST,balance_sheet,off_balance,0.0,ACTUAL,VNSTOCK_BRONZE
SBB,LATEST,balance_sheet,value,0.0,ACTUAL,VNSTOCK_BRONZE
SBB,LATEST,balance_sheet,order,99.0,ACTUAL,VNSTOCK_BRONZE
SBB,LATEST,balance_sheet,level,2.0,ACTUAL,VNSTOCK_BRONZE
SBB,LATEST,balance_sheet,off_balance,0.0,ACTUAL,VNSTOCK_BRONZE
SBB,LATEST,balance_sheet,value,0.0,ACTUAL,VNSTOCK_BRONZE
SBB,LATEST,balance_sheet,order,100.0,ACTUAL,VNSTOCK_BRONZE
SBB,LATEST,balance_sheet,level,2.0,ACTUAL,VNSTOCK_BRONZE
SBB,LATEST,balance_sheet,off_balance,0.0,ACTUAL,VNSTOCK_BRONZE
SBB,LATEST,balance_sheet,value,0.0,ACTUAL,VNSTOCK_BRONZE
SBB,LATEST,balance_sheet,order,101.0,ACTUAL,VNSTOCK_BRONZE
SBB,LATEST,balance_sheet,level,2.0,ACTUAL,VNSTOCK_BRONZE
SBB,LATEST,balance_sheet,off_balance,0.0,ACTUAL,VNSTOCK_BRONZE
SBB,LATEST,balance_sheet,value,0.0,ACTUAL,VNSTOCK_BRONZE
SBB,LATEST,balance_sheet,order,102.0,ACTUAL,VNSTOCK_BRONZE
SBB,LATEST,balance_sheet,level,2.0,ACTUAL,VNSTOCK_BRONZE
SBB,LATEST,balance_sheet,off_balance,0.0,ACTUAL,VNSTOCK_BRONZE
SBB,LATEST,balance_sheet,value,875245360000.0,ACTUAL,VNSTOCK_BRONZE
SBB,LATEST,balance_sheet,order,103.0,ACTUAL,VNSTOCK_BRONZE
SBB,LATEST,balance_sheet,level,3.0,ACTUAL,VNSTOCK_BRONZE
SBB,LATEST,balance_sheet,off_balance,0.0,ACTUAL,VNSTOCK_BRONZE
SBB,LATEST,balance_sheet,value,875245360000.0,ACTUAL,VNSTOCK_BRONZE
SBB,LATEST,balance_sheet,order,104.0,ACTUAL,VNSTOCK_BRONZE
SBB,LATEST,balance_sheet,level,2.0,ACTUAL,VNSTOCK_BRONZE
SBB,LATEST,balance_sheet,off_balance,0.0,ACTUAL,VNSTOCK_BRONZE
SBB,LATEST,balance_sheet,value,436708750464.0,ACTUAL,VNSTOCK_BRONZE
SBB,LATEST,balance_sheet,order,105.0,ACTUAL,VNSTOCK_BRONZE
SBB,LATEST,balance_sheet,level,2.0,ACTUAL,VNSTOCK_BRONZE
SBB,LATEST,balance_sheet,off_balance,0.0,ACTUAL,VNSTOCK_BRONZE
SBB,LATEST,balance_sheet,value,-51168810051.0,ACTUAL,VNSTOCK_BRONZE
SBB,LATEST,balance_sheet,order,106.0,ACTUAL,VNSTOCK_BRONZE
SBB,LATEST,balance_sheet,level,2.0,ACTUAL,VNSTOCK_BRONZE
SBB,LATEST,balance_sheet,off_balance,0.0,ACTUAL,VNSTOCK_BRONZE
SBB,LATEST,balance_sheet,value,0.0,ACTUAL,VNSTOCK_BRONZE
SBB,LATEST,balance_sheet,order,107.0,ACTUAL,VNSTOCK_BRONZE
SBB,LATEST,balance_sheet,level,2.0,ACTUAL,VNSTOCK_BRONZE
SBB,LATEST,balance_sheet,off_balance,0.0,ACTUAL,VNSTOCK_BRONZE
SBB,LATEST,balance_sheet,value,0.0,ACTUAL,VNSTOCK_BRONZE
SBB,LATEST,balance_sheet,order,108.0,ACTUAL,VNSTOCK_BRONZE
SBB,LATEST,balance_sheet,level,2.0,ACTUAL,VNSTOCK_BRONZE
SBB,LATEST,balance_sheet,off_balance,0.0,ACTUAL,VNSTOCK_BRONZE
SBB,LATEST,balance_sheet,value,0.0,ACTUAL,VNSTOCK_BRONZE
SBB,LATEST,balance_sheet,order,109.0,ACTUAL,VNSTOCK_BRONZE
SBB,LATEST,balance_sheet,level,2.0,ACTUAL,VNSTOCK_BRONZE
SBB,LATEST,balance_sheet,off_balance,0.0,ACTUAL,VNSTOCK_BRONZE
SBB,LATEST,balance_sheet,value,0.0,ACTUAL,VNSTOCK_BRONZE
SBB,LATEST,balance_sheet,order,110.0,ACTUAL,VNSTOCK_BRONZE
SBB,LATEST,balance_sheet,level,2.0,ACTUAL,VNSTOCK_BRONZE
SBB,LATEST,balance_sheet,off_balance,0.0,ACTUAL,VNSTOCK_BRONZE
SBB,LATEST,balance_sheet,value,0.0,ACTUAL,VNSTOCK_BRONZE
SBB,LATEST,balance_sheet,order,111.0,ACTUAL,VNSTOCK_BRONZE
SBB,LATEST,balance_sheet,level,2.0,ACTUAL,VNSTOCK_BRONZE
SBB,LATEST,balance_sheet,off_balance,0.0,ACTUAL,VNSTOCK_BRONZE
SBB,LATEST,balance_sheet,value,0.0,ACTUAL,VNSTOCK_BRONZE
SBB,LATEST,balance_sheet,order,112.0,ACTUAL,VNSTOCK_BRONZE
SBB,LATEST,balance_sheet,level,2.0,ACTUAL,VNSTOCK_BRONZE
SBB,LATEST,balance_sheet,off_balance,0.0,ACTUAL,VNSTOCK_BRONZE
SBB,LATEST,balance_sheet,value,45750391273.0,ACTUAL,VNSTOCK_BRONZE
SBB,LATEST,balance_sheet,order,113.0,ACTUAL,VNSTOCK_BRONZE
SBB,LATEST,balance_sheet,level,3.0,ACTUAL,VNSTOCK_BRONZE
SBB,LATEST,balance_sheet,off_balance,0.0,ACTUAL,VNSTOCK_BRONZE
SBB,LATEST,balance_sheet,value,-127222577794.0,ACTUAL,VNSTOCK_BRONZE
SBB,LATEST,balance_sheet,order,114.0,ACTUAL,VNSTOCK_BRONZE
SBB,LATEST,balance_sheet,level,3.0,ACTUAL,VNSTOCK_BRONZE
SBB,LATEST,balance_sheet,off_balance,0.0,ACTUAL,VNSTOCK_BRONZE
SBB,LATEST,balance_sheet,value,172972969067.0,ACTUAL,VNSTOCK_BRONZE
SBB,LATEST,balance_sheet,order,115.0,ACTUAL,VNSTOCK_BRONZE
SBB,LATEST,balance_sheet,level,2.0,ACTUAL,VNSTOCK_BRONZE
SBB,LATEST,balance_sheet,off_balance,0.0,ACTUAL,VNSTOCK_BRONZE
SBB,LATEST,balance_sheet,value,0.0,ACTUAL,VNSTOCK_BRONZE
SBB,LATEST,balance_sheet,order,116.0,ACTUAL,VNSTOCK_BRONZE
SBB,LATEST,balance_sheet,level,1.0,ACTUAL,VNSTOCK_BRONZE
SBB,LATEST,balance_sheet,off_balance,0.0,ACTUAL,VNSTOCK_BRONZE
SBB,LATEST,balance_sheet,value,0.0,ACTUAL,VNSTOCK_BRONZE
SBB,LATEST,balance_sheet,order,117.0,ACTUAL,VNSTOCK_BRONZE
SBB,LATEST,balance_sheet,level,2.0,ACTUAL,VNSTOCK_BRONZE
SBB,LATEST,balance_sheet,off_balance,0.0,ACTUAL,VNSTOCK_BRONZE
SBB,LATEST,balance_sheet,value,0.0,ACTUAL,VNSTOCK_BRONZE
SBB,LATEST,balance_sheet,order,118.0,ACTUAL,VNSTOCK_BRONZE
SBB,LATEST,balance_sheet,level,1.0,ACTUAL,VNSTOCK_BRONZE
SBB,LATEST,balance_sheet,off_balance,0.0,ACTUAL,VNSTOCK_BRONZE
SBB,LATEST,balance_sheet,value,2132552929745.0,ACTUAL,VNSTOCK_BRONZE
SBB,LATEST,balance_sheet,order,1.0,ACTUAL,VNSTOCK_BRONZE
SBB,LATEST,balance_sheet,level,1.0,ACTUAL,VNSTOCK_BRONZE
SBB,LATEST,balance_sheet,off_balance,0.0,ACTUAL,VNSTOCK_BRONZE
SBB,LATEST,balance_sheet,value,729000003938.0,ACTUAL,VNSTOCK_BRONZE
SBB,LATEST,balance_sheet,order,2.0,ACTUAL,VNSTOCK_BRONZE
SBB,LATEST,balance_sheet,level,1.0,ACTUAL,VNSTOCK_BRONZE
SBB,LATEST,balance_sheet,off_balance,0.0,ACTUAL,VNSTOCK_BRONZE
SBB,LATEST,balance_sheet,value,258005039395.0,ACTUAL,VNSTOCK_BRONZE
SBB,LATEST,balance_sheet,order,3.0,ACTUAL,VNSTOCK_BRONZE
SBB,LATEST,balance_sheet,level,2.0,ACTUAL,VNSTOCK_BRONZE
SBB,LATEST,balance_sheet,off_balance,0.0,ACTUAL,VNSTOCK_BRONZE
SBB,LATEST,balance_sheet,value,106336517210.0,ACTUAL,VNSTOCK_BRONZE
SBB,LATEST,balance_sheet,order,4.0,ACTUAL,VNSTOCK_BRONZE
SBB,LATEST,balance_sheet,level,2.0,ACTUAL,VNSTOCK_BRONZE
SBB,LATEST,balance_sheet,off_balance,0.0,ACTUAL,VNSTOCK_BRONZE
SBB,LATEST,balance_sheet,value,151668522185.0,ACTUAL,VNSTOCK_BRONZE
SBB,LATEST,balance_sheet,order,5.0,ACTUAL,VNSTOCK_BRONZE
SBB,LATEST,balance_sheet,level,1.0,ACTUAL,VNSTOCK_BRONZE
SBB,LATEST,balance_sheet,off_balance,0.0,ACTUAL,VNSTOCK_BRONZE
SBB,LATEST,balance_sheet,value,50000000000.0,ACTUAL,VNSTOCK_BRONZE
SBB,LATEST,balance_sheet,order,6.0,ACTUAL,VNSTOCK_BRONZE
SBB,LATEST,balance_sheet,level,2.0,ACTUAL,VNSTOCK_BRONZE
SBB,LATEST,balance_sheet,off_balance,0.0,ACTUAL,VNSTOCK_BRONZE
SBB,LATEST,balance_sheet,value,0.0,ACTUAL,VNSTOCK_BRONZE
SBB,LATEST,balance_sheet,order,7.0,ACTUAL,VNSTOCK_BRONZE
SBB,LATEST,balance_sheet,level,2.0,ACTUAL,VNSTOCK_BRONZE
SBB,LATEST,balance_sheet,off_balance,0.0,ACTUAL,VNSTOCK_BRONZE
SBB,LATEST,balance_sheet,value,0.0,ACTUAL,VNSTOCK_BRONZE
SBB,LATEST,balance_sheet,order,8.0,ACTUAL,VNSTOCK_BRONZE
SBB,LATEST,balance_sheet,level,2.0,ACTUAL,VNSTOCK_BRONZE
SBB,LATEST,balance_sheet,off_balance,0.0,ACTUAL,VNSTOCK_BRONZE
SBB,LATEST,balance_sheet,value,50000000000.0,ACTUAL,VNSTOCK_BRONZE
SBB,LATEST,balance_sheet,order,9.0,ACTUAL,VNSTOCK_BRONZE
SBB,LATEST,balance_sheet,level,1.0,ACTUAL,VNSTOCK_BRONZE
SBB,LATEST,balance_sheet,off_balance,0.0,ACTUAL,VNSTOCK_BRONZE
SBB,LATEST,balance_sheet,value,148768350130.0,ACTUAL,VNSTOCK_BRONZE
SBB,LATEST,balance_sheet,order,10.0,ACTUAL,VNSTOCK_BRONZE
SBB,LATEST,balance_sheet,level,2.0,ACTUAL,VNSTOCK_BRONZE
SBB,LATEST,balance_sheet,off_balance,0.0,ACTUAL,VNSTOCK_BRONZE
SBB,LATEST,balance_sheet,value,385848886399.0,ACTUAL,VNSTOCK_BRONZE
SBB,LATEST,balance_sheet,order,11.0,ACTUAL,VNSTOCK_BRONZE
SBB,LATEST,balance_sheet,level,2.0,ACTUAL,VNSTOCK_BRONZE
SBB,LATEST,balance_sheet,off_balance,0.0,ACTUAL,VNSTOCK_BRONZE
SBB,LATEST,balance_sheet,value,7853839306.0,ACTUAL,VNSTOCK_BRONZE
SBB,LATEST,balance_sheet,order,12.0,ACTUAL,VNSTOCK_BRONZE
SBB,LATEST,balance_sheet,level,2.0,ACTUAL,VNSTOCK_BRONZE
SBB,LATEST,balance_sheet,off_balance,0.0,ACTUAL,VNSTOCK_BRONZE
SBB,LATEST,balance_sheet,value,0.0,ACTUAL,VNSTOCK_BRONZE
SBB,LATEST,balance_sheet,order,13.0,ACTUAL,VNSTOCK_BRONZE
SBB,LATEST,balance_sheet,level,2.0,ACTUAL,VNSTOCK_BRONZE
SBB,LATEST,balance_sheet,off_balance,0.0,ACTUAL,VNSTOCK_BRONZE
SBB,LATEST,balance_sheet,value,0.0,ACTUAL,VNSTOCK_BRONZE
SBB,LATEST,balance_sheet,order,14.0,ACTUAL,VNSTOCK_BRONZE
SBB,LATEST,balance_sheet,level,2.0,ACTUAL,VNSTOCK_BRONZE
SBB,LATEST,balance_sheet,off_balance,0.0,ACTUAL,VNSTOCK_BRONZE
SBB,LATEST,balance_sheet,value,0.0,ACTUAL,VNSTOCK_BRONZE
SBB,LATEST,balance_sheet,order,15.0,ACTUAL,VNSTOCK_BRONZE
SBB,LATEST,balance_sheet,level,2.0,ACTUAL,VNSTOCK_BRONZE
SBB,LATEST,balance_sheet,off_balance,0.0,ACTUAL,VNSTOCK_BRONZE
SBB,LATEST,balance_sheet,value,2234584020.0,ACTUAL,VNSTOCK_BRONZE
SBB,LATEST,balance_sheet,order,16.0,ACTUAL,VNSTOCK_BRONZE
SBB,LATEST,balance_sheet,level,2.0,ACTUAL,VNSTOCK_BRONZE
SBB,LATEST,balance_sheet,off_balance,0.0,ACTUAL,VNSTOCK_BRONZE
SBB,LATEST,balance_sheet,value,-247168959595.0,ACTUAL,VNSTOCK_BRONZE
SBB,LATEST,balance_sheet,order,17.0,ACTUAL,VNSTOCK_BRONZE
SBB,LATEST,balance_sheet,level,2.0,ACTUAL,VNSTOCK_BRONZE
SBB,LATEST,balance_sheet,off_balance,0.0,ACTUAL,VNSTOCK_BRONZE
SBB,LATEST,balance_sheet,value,0.0,ACTUAL,VNSTOCK_BRONZE
SBB,LATEST,balance_sheet,order,18.0,ACTUAL,VNSTOCK_BRONZE
SBB,LATEST,balance_sheet,level,1.0,ACTUAL,VNSTOCK_BRONZE
SBB,LATEST,balance_sheet,off_balance,0.0,ACTUAL,VNSTOCK_BRONZE
SBB,LATEST,balance_sheet,value,266646150482.0,ACTUAL,VNSTOCK_BRONZE
SBB,LATEST,balance_sheet,order,19.0,ACTUAL,VNSTOCK_BRONZE
SBB,LATEST,balance_sheet,level,2.0,ACTUAL,VNSTOCK_BRONZE
SBB,LATEST,balance_sheet,off_balance,0.0,ACTUAL,VNSTOCK_BRONZE
SBB,LATEST,balance_sheet,value,300121394188.0,ACTUAL,VNSTOCK_BRONZE
SBB,LATEST,balance_sheet,order,20.0,ACTUAL,VNSTOCK_BRONZE
SBB,LATEST,balance_sheet,level,2.0,ACTUAL,VNSTOCK_BRONZE
SBB,LATEST,balance_sheet,off_balance,0.0,ACTUAL,VNSTOCK_BRONZE
SBB,LATEST,balance_sheet,value,-33475243706.0,ACTUAL,VNSTOCK_BRONZE
SBB,LATEST,balance_sheet,order,21.0,ACTUAL,VNSTOCK_BRONZE
SBB,LATEST,balance_sheet,level,1.0,ACTUAL,VNSTOCK_BRONZE
SBB,LATEST,balance_sheet,off_balance,0.0,ACTUAL,VNSTOCK_BRONZE
SBB,LATEST,balance_sheet,value,5580463931.0,ACTUAL,VNSTOCK_BRONZE
SBB,LATEST,balance_sheet,order,22.0,ACTUAL,VNSTOCK_BRONZE
SBB,LATEST,balance_sheet,level,2.0,ACTUAL,VNSTOCK_BRONZE
SBB,LATEST,balance_sheet,off_balance,0.0,ACTUAL,VNSTOCK_BRONZE
SBB,LATEST,balance_sheet,value,4559011391.0,ACTUAL,VNSTOCK_BRONZE
SBB,LATEST,balance_sheet,order,23.0,ACTUAL,VNSTOCK_BRONZE
SBB,LATEST,balance_sheet,level,2.0,ACTUAL,VNSTOCK_BRONZE
SBB,LATEST,balance_sheet,off_balance,0.0,ACTUAL,VNSTOCK_BRONZE
SBB,LATEST,balance_sheet,value,14897694.0,ACTUAL,VNSTOCK_BRONZE
SBB,LATEST,balance_sheet,order,24.0,ACTUAL,VNSTOCK_BRONZE
SBB,LATEST,balance_sheet,level,2.0,ACTUAL,VNSTOCK_BRONZE
SBB,LATEST,balance_sheet,off_balance,0.0,ACTUAL,VNSTOCK_BRONZE
SBB,LATEST,balance_sheet,value,1006554846.0,ACTUAL,VNSTOCK_BRONZE
SBB,LATEST,balance_sheet,order,25.0,ACTUAL,VNSTOCK_BRONZE
SBB,LATEST,balance_sheet,level,2.0,ACTUAL,VNSTOCK_BRONZE
SBB,LATEST,balance_sheet,off_balance,0.0,ACTUAL,VNSTOCK_BRONZE
SBB,LATEST,balance_sheet,value,0.0,ACTUAL,VNSTOCK_BRONZE
SBB,LATEST,balance_sheet,order,26.0,ACTUAL,VNSTOCK_BRONZE
SBB,LATEST,balance_sheet,level,1.0,ACTUAL,VNSTOCK_BRONZE
SBB,LATEST,balance_sheet,off_balance,0.0,ACTUAL,VNSTOCK_BRONZE
SBB,LATEST,balance_sheet,value,1254842471280.0,ACTUAL,VNSTOCK_BRONZE
SBB,LATEST,balance_sheet,order,27.0,ACTUAL,VNSTOCK_BRONZE
SBB,LATEST,balance_sheet,level,1.0,ACTUAL,VNSTOCK_BRONZE
SBB,LATEST,balance_sheet,off_balance,0.0,ACTUAL,VNSTOCK_BRONZE
SBB,LATEST,balance_sheet,value,20440000.0,ACTUAL,VNSTOCK_BRONZE
SBB,LATEST,balance_sheet,order,28.0,ACTUAL,VNSTOCK_BRONZE
SBB,LATEST,balance_sheet,level,2.0,ACTUAL,VNSTOCK_BRONZE
SBB,LATEST,balance_sheet,off_balance,0.0,ACTUAL,VNSTOCK_BRONZE
SBB,LATEST,balance_sheet,value,0.0,ACTUAL,VNSTOCK_BRONZE
SBB,LATEST,balance_sheet,order,29.0,ACTUAL,VNSTOCK_BRONZE
SBB,LATEST,balance_sheet,level,2.0,ACTUAL,VNSTOCK_BRONZE
SBB,LATEST,balance_sheet,off_balance,0.0,ACTUAL,VNSTOCK_BRONZE
SBB,LATEST,balance_sheet,value,0.0,ACTUAL,VNSTOCK_BRONZE
SBB,LATEST,balance_sheet,order,30.0,ACTUAL,VNSTOCK_BRONZE
SBB,LATEST,balance_sheet,level,2.0,ACTUAL,VNSTOCK_BRONZE
SBB,LATEST,balance_sheet,off_balance,0.0,ACTUAL,VNSTOCK_BRONZE
SBB,LATEST,balance_sheet,value,0.0,ACTUAL,VNSTOCK_BRONZE
SBB,LATEST,balance_sheet,order,31.0,ACTUAL,VNSTOCK_BRONZE
SBB,LATEST,balance_sheet,level,2.0,ACTUAL,VNSTOCK_BRONZE
SBB,LATEST,balance_sheet,off_balance,0.0,ACTUAL,VNSTOCK_BRONZE
SBB,LATEST,balance_sheet,value,0.0,ACTUAL,VNSTOCK_BRONZE
SBB,LATEST,balance_sheet,order,32.0,ACTUAL,VNSTOCK_BRONZE
SBB,LATEST,balance_sheet,level,2.0,ACTUAL,VNSTOCK_BRONZE
SBB,LATEST,balance_sheet,off_balance,0.0,ACTUAL,VNSTOCK_BRONZE
SBB,LATEST,balance_sheet,value,20440000.0,ACTUAL,VNSTOCK_BRONZE
SBB,LATEST,balance_sheet,order,33.0,ACTUAL,VNSTOCK_BRONZE
SBB,LATEST,balance_sheet,level,2.0,ACTUAL,VNSTOCK_BRONZE
SBB,LATEST,balance_sheet,off_balance,0.0,ACTUAL,VNSTOCK_BRONZE
SBB,LATEST,balance_sheet,value,-0.0,ACTUAL,VNSTOCK_BRONZE
SBB,LATEST,balance_sheet,order,34.0,ACTUAL,VNSTOCK_BRONZE
SBB,LATEST,balance_sheet,level,1.0,ACTUAL,VNSTOCK_BRONZE
SBB,LATEST,balance_sheet,off_balance,0.0,ACTUAL,VNSTOCK_BRONZE
SBB,LATEST,balance_sheet,value,987843607197.0,ACTUAL,VNSTOCK_BRONZE
SBB,LATEST,balance_sheet,order,35.0,ACTUAL,VNSTOCK_BRONZE
SBB,LATEST,balance_sheet,level,2.0,ACTUAL,VNSTOCK_BRONZE
SBB,LATEST,balance_sheet,off_balance,0.0,ACTUAL,VNSTOCK_BRONZE
SBB,LATEST,balance_sheet,value,924473920722.0,ACTUAL,VNSTOCK_BRONZE
SBB,LATEST,balance_sheet,order,36.0,ACTUAL,VNSTOCK_BRONZE
SBB,LATEST,balance_sheet,level,3.0,ACTUAL,VNSTOCK_BRONZE
SBB,LATEST,balance_sheet,off_balance,0.0,ACTUAL,VNSTOCK_BRONZE
SBB,LATEST,balance_sheet,value,3866863962070.0,ACTUAL,VNSTOCK_BRONZE
SBB,LATEST,balance_sheet,order,37.0,ACTUAL,VNSTOCK_BRONZE
SBB,LATEST,balance_sheet,level,3.0,ACTUAL,VNSTOCK_BRONZE
SBB,LATEST,balance_sheet,off_balance,0.0,ACTUAL,VNSTOCK_BRONZE
SBB,LATEST,balance_sheet,value,-2942390041348.0,ACTUAL,VNSTOCK_BRONZE
SBB,LATEST,balance_sheet,order,38.0,ACTUAL,VNSTOCK_BRONZE
SBB,LATEST,balance_sheet,level,2.0,ACTUAL,VNSTOCK_BRONZE
SBB,LATEST,balance_sheet,off_balance,0.0,ACTUAL,VNSTOCK_BRONZE
SBB,LATEST,balance_sheet,value,0.0,ACTUAL,VNSTOCK_BRONZE
SBB,LATEST,balance_sheet,order,39.0,ACTUAL,VNSTOCK_BRONZE
SBB,LATEST,balance_sheet,level,3.0,ACTUAL,VNSTOCK_BRONZE
SBB,LATEST,balance_sheet,off_balance,0.0,ACTUAL,VNSTOCK_BRONZE
SBB,LATEST,balance_sheet,value,0.0,ACTUAL,VNSTOCK_BRONZE
SBB,LATEST,balance_sheet,order,40.0,ACTUAL,VNSTOCK_BRONZE
SBB,LATEST,balance_sheet,level,3.0,ACTUAL,VNSTOCK_BRONZE
SBB,LATEST,balance_sheet,off_balance,0.0,ACTUAL,VNSTOCK_BRONZE
SBB,LATEST,balance_sheet,value,-0.0,ACTUAL,VNSTOCK_BRONZE
SBB,LATEST,balance_sheet,order,41.0,ACTUAL,VNSTOCK_BRONZE
SBB,LATEST,balance_sheet,level,2.0,ACTUAL,VNSTOCK_BRONZE
SBB,LATEST,balance_sheet,off_balance,0.0,ACTUAL,VNSTOCK_BRONZE
SBB,LATEST,balance_sheet,value,63369686475.0,ACTUAL,VNSTOCK_BRONZE
SBB,LATEST,balance_sheet,order,42.0,ACTUAL,VNSTOCK_BRONZE
SBB,LATEST,balance_sheet,level,3.0,ACTUAL,VNSTOCK_BRONZE
SBB,LATEST,balance_sheet,off_balance,0.0,ACTUAL,VNSTOCK_BRONZE
SBB,LATEST,balance_sheet,value,89074087377.0,ACTUAL,VNSTOCK_BRONZE
SBB,LATEST,balance_sheet,order,43.0,ACTUAL,VNSTOCK_BRONZE
SBB,LATEST,balance_sheet,level,3.0,ACTUAL,VNSTOCK_BRONZE
SBB,LATEST,balance_sheet,off_balance,0.0,ACTUAL,VNSTOCK_BRONZE
SBB,LATEST,balance_sheet,value,-25704400902.0,ACTUAL,VNSTOCK_BRONZE
SBB,LATEST,balance_sheet,order,44.0,ACTUAL,VNSTOCK_BRONZE
SBB,LATEST,balance_sheet,level,1.0,ACTUAL,VNSTOCK_BRONZE
SBB,LATEST,balance_sheet,off_balance,0.0,ACTUAL,VNSTOCK_BRONZE
SBB,LATEST,balance_sheet,value,0.0,ACTUAL,VNSTOCK_BRONZE
SBB,LATEST,balance_sheet,order,45.0,ACTUAL,VNSTOCK_BRONZE
SBB,LATEST,balance_sheet,level,2.0,ACTUAL,VNSTOCK_BRONZE
SBB,LATEST,balance_sheet,off_balance,0.0,ACTUAL,VNSTOCK_BRONZE
SBB,LATEST,balance_sheet,value,0.0,ACTUAL,VNSTOCK_BRONZE
SBB,LATEST,balance_sheet,order,46.0,ACTUAL,VNSTOCK_BRONZE
SBB,LATEST,balance_sheet,level,2.0,ACTUAL,VNSTOCK_BRONZE
SBB,LATEST,balance_sheet,off_balance,0.0,ACTUAL,VNSTOCK_BRONZE
SBB,LATEST,balance_sheet,value,-0.0,ACTUAL,VNSTOCK_BRONZE
SBB,LATEST,balance_sheet,order,47.0,ACTUAL,VNSTOCK_BRONZE
SBB,LATEST,balance_sheet,level,1.0,ACTUAL,VNSTOCK_BRONZE
SBB,LATEST,balance_sheet,off_balance,0.0,ACTUAL,VNSTOCK_BRONZE
SBB,LATEST,balance_sheet,value,7877199078.0,ACTUAL,VNSTOCK_BRONZE
SBB,LATEST,balance_sheet,order,48.0,ACTUAL,VNSTOCK_BRONZE
SBB,LATEST,balance_sheet,level,2.0,ACTUAL,VNSTOCK_BRONZE
SBB,LATEST,balance_sheet,off_balance,0.0,ACTUAL,VNSTOCK_BRONZE
SBB,LATEST,balance_sheet,value,0.0,ACTUAL,VNSTOCK_BRONZE
SBB,LATEST,balance_sheet,order,49.0,ACTUAL,VNSTOCK_BRONZE
SBB,LATEST,balance_sheet,level,2.0,ACTUAL,VNSTOCK_BRONZE
SBB,LATEST,balance_sheet,off_balance,0.0,ACTUAL,VNSTOCK_BRONZE
SBB,LATEST,balance_sheet,value,7877199078.0,ACTUAL,VNSTOCK_BRONZE
SBB,LATEST,balance_sheet,order,50.0,ACTUAL,VNSTOCK_BRONZE
SBB,LATEST,balance_sheet,level,1.0,ACTUAL,VNSTOCK_BRONZE
SBB,LATEST,balance_sheet,off_balance,0.0,ACTUAL,VNSTOCK_BRONZE
SBB,LATEST,balance_sheet,value,213554053643.0,ACTUAL,VNSTOCK_BRONZE
SBB,LATEST,balance_sheet,order,51.0,ACTUAL,VNSTOCK_BRONZE
SBB,LATEST,balance_sheet,level,2.0,ACTUAL,VNSTOCK_BRONZE
SBB,LATEST,balance_sheet,off_balance,0.0,ACTUAL,VNSTOCK_BRONZE
SBB,LATEST,balance_sheet,value,0.0,ACTUAL,VNSTOCK_BRONZE
SBB,LATEST,balance_sheet,order,52.0,ACTUAL,VNSTOCK_BRONZE
SBB,LATEST,balance_sheet,level,2.0,ACTUAL,VNSTOCK_BRONZE
SBB,LATEST,balance_sheet,off_balance,0.0,ACTUAL,VNSTOCK_BRONZE
SBB,LATEST,balance_sheet,value,41186788990.0,ACTUAL,VNSTOCK_BRONZE
SBB,LATEST,balance_sheet,order,53.0,ACTUAL,VNSTOCK_BRONZE
SBB,LATEST,balance_sheet,level,2.0,ACTUAL,VNSTOCK_BRONZE
SBB,LATEST,balance_sheet,off_balance,0.0,ACTUAL,VNSTOCK_BRONZE
SBB,LATEST,balance_sheet,value,173867264653.0,ACTUAL,VNSTOCK_BRONZE
SBB,LATEST,balance_sheet,order,54.0,ACTUAL,VNSTOCK_BRONZE
SBB,LATEST,balance_sheet,level,2.0,ACTUAL,VNSTOCK_BRONZE
SBB,LATEST,balance_sheet,off_balance,0.0,ACTUAL,VNSTOCK_BRONZE
SBB,LATEST,balance_sheet,value,-1500000000.0,ACTUAL,VNSTOCK_BRONZE
SBB,LATEST,balance_sheet,order,55.0,ACTUAL,VNSTOCK_BRONZE
SBB,LATEST,balance_sheet,level,2.0,ACTUAL,VNSTOCK_BRONZE
SBB,LATEST,balance_sheet,off_balance,0.0,ACTUAL,VNSTOCK_BRONZE
SBB,LATEST,balance_sheet,value,0.0,ACTUAL,VNSTOCK_BRONZE
SBB,LATEST,balance_sheet,order,56.0,ACTUAL,VNSTOCK_BRONZE
SBB,LATEST,balance_sheet,level,1.0,ACTUAL,VNSTOCK_BRONZE
SBB,LATEST,balance_sheet,off_balance,0.0,ACTUAL,VNSTOCK_BRONZE
SBB,LATEST,balance_sheet,value,45547171362.0,ACTUAL,VNSTOCK_BRONZE
SBB,LATEST,balance_sheet,order,57.0,ACTUAL,VNSTOCK_BRONZE
SBB,LATEST,balance_sheet,level,2.0,ACTUAL,VNSTOCK_BRONZE
SBB,LATEST,balance_sheet,off_balance,0.0,ACTUAL,VNSTOCK_BRONZE
SBB,LATEST,balance_sheet,value,0.0,ACTUAL,VNSTOCK_BRONZE
SBB,LATEST,balance_sheet,order,58.0,ACTUAL,VNSTOCK_BRONZE
SBB,LATEST,balance_sheet,level,2.0,ACTUAL,VNSTOCK_BRONZE
SBB,LATEST,balance_sheet,off_balance,0.0,ACTUAL,VNSTOCK_BRONZE
SBB,LATEST,balance_sheet,value,40311971430.0,ACTUAL,VNSTOCK_BRONZE
SBB,LATEST,balance_sheet,order,59.0,ACTUAL,VNSTOCK_BRONZE
SBB,LATEST,balance_sheet,level,2.0,ACTUAL,VNSTOCK_BRONZE
SBB,LATEST,balance_sheet,off_balance,0.0,ACTUAL,VNSTOCK_BRONZE
SBB,LATEST,balance_sheet,value,450594484.0,ACTUAL,VNSTOCK_BRONZE
SBB,LATEST,balance_sheet,order,60.0,ACTUAL,VNSTOCK_BRONZE
SBB,LATEST,balance_sheet,level,2.0,ACTUAL,VNSTOCK_BRONZE
SBB,LATEST,balance_sheet,off_balance,0.0,ACTUAL,VNSTOCK_BRONZE
SBB,LATEST,balance_sheet,value,4784605448.0,ACTUAL,VNSTOCK_BRONZE
SBB,LATEST,balance_sheet,order,61.0,ACTUAL,VNSTOCK_BRONZE
SBB,LATEST,balance_sheet,level,2.0,ACTUAL,VNSTOCK_BRONZE
SBB,LATEST,balance_sheet,off_balance,0.0,ACTUAL,VNSTOCK_BRONZE
SBB,LATEST,balance_sheet,value,0.0,ACTUAL,VNSTOCK_BRONZE
SBB,LATEST,balance_sheet,order,62.0,ACTUAL,VNSTOCK_BRONZE
SBB,LATEST,balance_sheet,level,2.0,ACTUAL,VNSTOCK_BRONZE
SBB,LATEST,balance_sheet,off_balance,0.0,ACTUAL,VNSTOCK_BRONZE
SBB,LATEST,balance_sheet,value,0.0,ACTUAL,VNSTOCK_BRONZE
SBB,LATEST,balance_sheet,order,63.0,ACTUAL,VNSTOCK_BRONZE
SBB,LATEST,balance_sheet,level,1.0,ACTUAL,VNSTOCK_BRONZE
SBB,LATEST,balance_sheet,off_balance,0.0,ACTUAL,VNSTOCK_BRONZE
SBB,LATEST,balance_sheet,value,1983842475218.0,ACTUAL,VNSTOCK_BRONZE
SBB,LATEST,balance_sheet,order,64.0,ACTUAL,VNSTOCK_BRONZE
SBB,LATEST,balance_sheet,level,1.0,ACTUAL,VNSTOCK_BRONZE
SBB,LATEST,balance_sheet,off_balance,0.0,ACTUAL,VNSTOCK_BRONZE
SBB,LATEST,balance_sheet,value,748815586550.0,ACTUAL,VNSTOCK_BRONZE
SBB,LATEST,balance_sheet,order,65.0,ACTUAL,VNSTOCK_BRONZE
SBB,LATEST,balance_sheet,level,1.0,ACTUAL,VNSTOCK_BRONZE
SBB,LATEST,balance_sheet,off_balance,0.0,ACTUAL,VNSTOCK_BRONZE
SBB,LATEST,balance_sheet,value,626443536261.0,ACTUAL,VNSTOCK_BRONZE
SBB,LATEST,balance_sheet,order,66.0,ACTUAL,VNSTOCK_BRONZE
SBB,LATEST,balance_sheet,level,2.0,ACTUAL,VNSTOCK_BRONZE
SBB,LATEST,balance_sheet,off_balance,0.0,ACTUAL,VNSTOCK_BRONZE
SBB,LATEST,balance_sheet,value,0.0,ACTUAL,VNSTOCK_BRONZE
SBB,LATEST,balance_sheet,order,67.0,ACTUAL,VNSTOCK_BRONZE
SBB,LATEST,balance_sheet,level,2.0,ACTUAL,VNSTOCK_BRONZE
SBB,LATEST,balance_sheet,off_balance,0.0,ACTUAL,VNSTOCK_BRONZE
SBB,LATEST,balance_sheet,value,0.0,ACTUAL,VNSTOCK_BRONZE
SBB,LATEST,balance_sheet,order,68.0,ACTUAL,VNSTOCK_BRONZE
SBB,LATEST,balance_sheet,level,2.0,ACTUAL,VNSTOCK_BRONZE
SBB,LATEST,balance_sheet,off_balance,0.0,ACTUAL,VNSTOCK_BRONZE
SBB,LATEST,balance_sheet,value,0.0,ACTUAL,VNSTOCK_BRONZE
SBB,LATEST,balance_sheet,order,69.0,ACTUAL,VNSTOCK_BRONZE
SBB,LATEST,balance_sheet,level,2.0,ACTUAL,VNSTOCK_BRONZE
SBB,LATEST,balance_sheet,off_balance,0.0,ACTUAL,VNSTOCK_BRONZE
SBB,LATEST,balance_sheet,value,122326474027.0,ACTUAL,VNSTOCK_BRONZE
SBB,LATEST,balance_sheet,order,70.0,ACTUAL,VNSTOCK_BRONZE
SBB,LATEST,balance_sheet,level,2.0,ACTUAL,VNSTOCK_BRONZE
SBB,LATEST,balance_sheet,off_balance,0.0,ACTUAL,VNSTOCK_BRONZE
SBB,LATEST,balance_sheet,value,21589210386.0,ACTUAL,VNSTOCK_BRONZE
SBB,LATEST,balance_sheet,order,71.0,ACTUAL,VNSTOCK_BRONZE
SBB,LATEST,balance_sheet,level,2.0,ACTUAL,VNSTOCK_BRONZE
SBB,LATEST,balance_sheet,off_balance,0.0,ACTUAL,VNSTOCK_BRONZE
SBB,LATEST,balance_sheet,value,282525752963.0,ACTUAL,VNSTOCK_BRONZE
SBB,LATEST,balance_sheet,order,72.0,ACTUAL,VNSTOCK_BRONZE
SBB,LATEST,balance_sheet,level,2.0,ACTUAL,VNSTOCK_BRONZE
SBB,LATEST,balance_sheet,off_balance,0.0,ACTUAL,VNSTOCK_BRONZE
SBB,LATEST,balance_sheet,value,4316469074.0,ACTUAL,VNSTOCK_BRONZE
SBB,LATEST,balance_sheet,order,73.0,ACTUAL,VNSTOCK_BRONZE
SBB,LATEST,balance_sheet,level,2.0,ACTUAL,VNSTOCK_BRONZE
SBB,LATEST,balance_sheet,off_balance,0.0,ACTUAL,VNSTOCK_BRONZE
SBB,LATEST,balance_sheet,value,8068880242.0,ACTUAL,VNSTOCK_BRONZE
SBB,LATEST,balance_sheet,order,74.0,ACTUAL,VNSTOCK_BRONZE
SBB,LATEST,balance_sheet,level,2.0,ACTUAL,VNSTOCK_BRONZE
SBB,LATEST,balance_sheet,off_balance,0.0,ACTUAL,VNSTOCK_BRONZE
SBB,LATEST,balance_sheet,value,0.0,ACTUAL,VNSTOCK_BRONZE
SBB,LATEST,balance_sheet,order,75.0,ACTUAL,VNSTOCK_BRONZE
SBB,LATEST,balance_sheet,level,2.0,ACTUAL,VNSTOCK_BRONZE
SBB,LATEST,balance_sheet,off_balance,0.0,ACTUAL,VNSTOCK_BRONZE
SBB,LATEST,balance_sheet,value,0.0,ACTUAL,VNSTOCK_BRONZE
SBB,LATEST,balance_sheet,order,76.0,ACTUAL,VNSTOCK_BRONZE
SBB,LATEST,balance_sheet,level,2.0,ACTUAL,VNSTOCK_BRONZE
SBB,LATEST,balance_sheet,off_balance,0.0,ACTUAL,VNSTOCK_BRONZE
SBB,LATEST,balance_sheet,value,31912096751.0,ACTUAL,VNSTOCK_BRONZE
SBB,LATEST,balance_sheet,order,77.0,ACTUAL,VNSTOCK_BRONZE
SBB,LATEST,balance_sheet,level,2.0,ACTUAL,VNSTOCK_BRONZE
SBB,LATEST,balance_sheet,off_balance,0.0,ACTUAL,VNSTOCK_BRONZE
SBB,LATEST,balance_sheet,value,148820532172.0,ACTUAL,VNSTOCK_BRONZE
SBB,LATEST,balance_sheet,order,78.0,ACTUAL,VNSTOCK_BRONZE
SBB,LATEST,balance_sheet,level,2.0,ACTUAL,VNSTOCK_BRONZE
SBB,LATEST,balance_sheet,off_balance,0.0,ACTUAL,VNSTOCK_BRONZE
SBB,LATEST,balance_sheet,value,0.0,ACTUAL,VNSTOCK_BRONZE
SBB,LATEST,balance_sheet,order,79.0,ACTUAL,VNSTOCK_BRONZE
SBB,LATEST,balance_sheet,level,2.0,ACTUAL,VNSTOCK_BRONZE
SBB,LATEST,balance_sheet,off_balance,0.0,ACTUAL,VNSTOCK_BRONZE
SBB,LATEST,balance_sheet,value,6884120646.0,ACTUAL,VNSTOCK_BRONZE
SBB,LATEST,balance_sheet,order,80.0,ACTUAL,VNSTOCK_BRONZE
SBB,LATEST,balance_sheet,level,2.0,ACTUAL,VNSTOCK_BRONZE
SBB,LATEST,balance_sheet,off_balance,0.0,ACTUAL,VNSTOCK_BRONZE
SBB,LATEST,balance_sheet,value,0.0,ACTUAL,VNSTOCK_BRONZE
SBB,LATEST,balance_sheet,order,81.0,ACTUAL,VNSTOCK_BRONZE
SBB,LATEST,balance_sheet,level,2.0,ACTUAL,VNSTOCK_BRONZE
SBB,LATEST,balance_sheet,off_balance,0.0,ACTUAL,VNSTOCK_BRONZE
SBB,LATEST,balance_sheet,value,0.0,ACTUAL,VNSTOCK_BRONZE
SBB,LATEST,balance_sheet,order,82.0,ACTUAL,VNSTOCK_BRONZE
SBB,LATEST,balance_sheet,level,1.0,ACTUAL,VNSTOCK_BRONZE
SBB,LATEST,balance_sheet,off_balance,0.0,ACTUAL,VNSTOCK_BRONZE
SBB,LATEST,balance_sheet,value,122372050289.0,ACTUAL,VNSTOCK_BRONZE
SBB,LATEST,balance_sheet,order,83.0,ACTUAL,VNSTOCK_BRONZE
SBB,LATEST,balance_sheet,level,2.0,ACTUAL,VNSTOCK_BRONZE
SBB,LATEST,balance_sheet,off_balance,0.0,ACTUAL,VNSTOCK_BRONZE
SBB,LATEST,balance_sheet,value,0.0,ACTUAL,VNSTOCK_BRONZE
SBB,LATEST,balance_sheet,order,84.0,ACTUAL,VNSTOCK_BRONZE
SBB,LATEST,balance_sheet,level,2.0,ACTUAL,VNSTOCK_BRONZE
SBB,LATEST,balance_sheet,off_balance,0.0,ACTUAL,VNSTOCK_BRONZE
SBB,LATEST,balance_sheet,order,85.0,ACTUAL,VNSTOCK_BRONZE
SBB,LATEST,balance_sheet,level,2.0,ACTUAL,VNSTOCK_BRONZE
SBB,LATEST,balance_sheet,off_balance,0.0,ACTUAL,VNSTOCK_BRONZE
SBB,LATEST,balance_sheet,value,0.0,ACTUAL,VNSTOCK_BRONZE
SBB,LATEST,balance_sheet,order,86.0,ACTUAL,VNSTOCK_BRONZE
SBB,LATEST,balance_sheet,level,2.0,ACTUAL,VNSTOCK_BRONZE
SBB,LATEST,balance_sheet,off_balance,0.0,ACTUAL,VNSTOCK_BRONZE
SBB,LATEST,balance_sheet,value,0.0,ACTUAL,VNSTOCK_BRONZE
SBB,LATEST,balance_sheet,order,87.0,ACTUAL,VNSTOCK_BRONZE
SBB,LATEST,balance_sheet,level,2.0,ACTUAL,VNSTOCK_BRONZE
SBB,LATEST,balance_sheet,off_balance,0.0,ACTUAL,VNSTOCK_BRONZE
SBB,LATEST,balance_sheet,value,0.0,ACTUAL,VNSTOCK_BRONZE
SBB,LATEST,balance_sheet,order,88.0,ACTUAL,VNSTOCK_BRONZE
SBB,LATEST,balance_sheet,level,2.0,ACTUAL,VNSTOCK_BRONZE
SBB,LATEST,balance_sheet,off_balance,0.0,ACTUAL,VNSTOCK_BRONZE
SBB,LATEST,balance_sheet,value,0.0,ACTUAL,VNSTOCK_BRONZE
SBB,LATEST,balance_sheet,order,89.0,ACTUAL,VNSTOCK_BRONZE
SBB,LATEST,balance_sheet,level,2.0,ACTUAL,VNSTOCK_BRONZE
SBB,LATEST,balance_sheet,off_balance,0.0,ACTUAL,VNSTOCK_BRONZE
SBB,LATEST,balance_sheet,value,0.0,ACTUAL,VNSTOCK_BRONZE
SBB,LATEST,balance_sheet,order,90.0,ACTUAL,VNSTOCK_BRONZE
SBB,LATEST,balance_sheet,level,2.0,ACTUAL,VNSTOCK_BRONZE
SBB,LATEST,balance_sheet,off_balance,0.0,ACTUAL,VNSTOCK_BRONZE
SBB,LATEST,balance_sheet,value,0.0,ACTUAL,VNSTOCK_BRONZE
SBB,LATEST,balance_sheet,order,91.0,ACTUAL,VNSTOCK_BRONZE
SBB,LATEST,balance_sheet,level,2.0,ACTUAL,VNSTOCK_BRONZE
SBB,LATEST,balance_sheet,off_balance,0.0,ACTUAL,VNSTOCK_BRONZE
SBB,LATEST,balance_sheet,value,0.0,ACTUAL,VNSTOCK_BRONZE
SBB,LATEST,balance_sheet,order,92.0,ACTUAL,VNSTOCK_BRONZE
SBB,LATEST,balance_sheet,level,2.0,ACTUAL,VNSTOCK_BRONZE
SBB,LATEST,balance_sheet,off_balance,0.0,ACTUAL,VNSTOCK_BRONZE
SBB,LATEST,balance_sheet,value,0.0,ACTUAL,VNSTOCK_BRONZE
SBB,LATEST,balance_sheet,order,93.0,ACTUAL,VNSTOCK_BRONZE
SBB,LATEST,balance_sheet,level,2.0,ACTUAL,VNSTOCK_BRONZE
SBB,LATEST,balance_sheet,off_balance,0.0,ACTUAL,VNSTOCK_BRONZE
SBB,LATEST,balance_sheet,value,122372050289.0,ACTUAL,VNSTOCK_BRONZE
SBB,LATEST,balance_sheet,order,94.0,ACTUAL,VNSTOCK_BRONZE
SBB,LATEST,balance_sheet,level,2.0,ACTUAL,VNSTOCK_BRONZE
SBB,LATEST,balance_sheet,off_balance,0.0,ACTUAL,VNSTOCK_BRONZE
SBB,LATEST,balance_sheet,value,0.0,ACTUAL,VNSTOCK_BRONZE
SBB,LATEST,balance_sheet,order,95.0,ACTUAL,VNSTOCK_BRONZE
SBB,LATEST,balance_sheet,level,2.0,ACTUAL,VNSTOCK_BRONZE
SBB,LATEST,balance_sheet,off_balance,0.0,ACTUAL,VNSTOCK_BRONZE
SBB,LATEST,balance_sheet,value,0.0,ACTUAL,VNSTOCK_BRONZE
SBB,LATEST,balance_sheet,order,96.0,ACTUAL,VNSTOCK_BRONZE
SBB,LATEST,balance_sheet,level,1.0,ACTUAL,VNSTOCK_BRONZE
SBB,LATEST,balance_sheet,off_balance,0.0,ACTUAL,VNSTOCK_BRONZE
SBB,LATEST,balance_sheet,value,1235026888668.0,ACTUAL,VNSTOCK_BRONZE
SBB,LATEST,balance_sheet,order,97.0,ACTUAL,VNSTOCK_BRONZE
SBB,LATEST,balance_sheet,level,1.0,ACTUAL,VNSTOCK_BRONZE
SBB,LATEST,balance_sheet,off_balance,0.0,ACTUAL,VNSTOCK_BRONZE
SBB,LATEST,balance_sheet,value,1235026888668.0,ACTUAL,VNSTOCK_BRONZE
SBB,LATEST,balance_sheet,order,98.0,ACTUAL,VNSTOCK_BRONZE
SBB,LATEST,balance_sheet,level,2.0,ACTUAL,VNSTOCK_BRONZE
SBB,LATEST,balance_sheet,off_balance,0.0,ACTUAL,VNSTOCK_BRONZE
SBB,LATEST,balance_sheet,value,0.0,ACTUAL,VNSTOCK_BRONZE
SBB,LATEST,balance_sheet,order,99.0,ACTUAL,VNSTOCK_BRONZE
SBB,LATEST,balance_sheet,level,2.0,ACTUAL,VNSTOCK_BRONZE
SBB,LATEST,balance_sheet,off_balance,0.0,ACTUAL,VNSTOCK_BRONZE
SBB,LATEST,balance_sheet,value,0.0,ACTUAL,VNSTOCK_BRONZE
SBB,LATEST,balance_sheet,order,100.0,ACTUAL,VNSTOCK_BRONZE
SBB,LATEST,balance_sheet,level,2.0,ACTUAL,VNSTOCK_BRONZE
SBB,LATEST,balance_sheet,off_balance,0.0,ACTUAL,VNSTOCK_BRONZE
SBB,LATEST,balance_sheet,value,0.0,ACTUAL,VNSTOCK_BRONZE
SBB,LATEST,balance_sheet,order,101.0,ACTUAL,VNSTOCK_BRONZE
SBB,LATEST,balance_sheet,level,2.0,ACTUAL,VNSTOCK_BRONZE
SBB,LATEST,balance_sheet,off_balance,0.0,ACTUAL,VNSTOCK_BRONZE
SBB,LATEST,balance_sheet,value,0.0,ACTUAL,VNSTOCK_BRONZE
SBB,LATEST,balance_sheet,order,102.0,ACTUAL,VNSTOCK_BRONZE
SBB,LATEST,balance_sheet,level,2.0,ACTUAL,VNSTOCK_BRONZE
SBB,LATEST,balance_sheet,off_balance,0.0,ACTUAL,VNSTOCK_BRONZE
SBB,LATEST,balance_sheet,value,875245360000.0,ACTUAL,VNSTOCK_BRONZE
SBB,LATEST,balance_sheet,order,103.0,ACTUAL,VNSTOCK_BRONZE
SBB,LATEST,balance_sheet,level,3.0,ACTUAL,VNSTOCK_BRONZE
SBB,LATEST,balance_sheet,off_balance,0.0,ACTUAL,VNSTOCK_BRONZE
SBB,LATEST,balance_sheet,value,875245360000.0,ACTUAL,VNSTOCK_BRONZE
SBB,LATEST,balance_sheet,order,104.0,ACTUAL,VNSTOCK_BRONZE
SBB,LATEST,balance_sheet,level,2.0,ACTUAL,VNSTOCK_BRONZE
SBB,LATEST,balance_sheet,off_balance,0.0,ACTUAL,VNSTOCK_BRONZE
SBB,LATEST,balance_sheet,value,436708750464.0,ACTUAL,VNSTOCK_BRONZE
SBB,LATEST,balance_sheet,order,105.0,ACTUAL,VNSTOCK_BRONZE
SBB,LATEST,balance_sheet,level,2.0,ACTUAL,VNSTOCK_BRONZE
SBB,LATEST,balance_sheet,off_balance,0.0,ACTUAL,VNSTOCK_BRONZE
SBB,LATEST,balance_sheet,value,-51168810051.0,ACTUAL,VNSTOCK_BRONZE
SBB,LATEST,balance_sheet,order,106.0,ACTUAL,VNSTOCK_BRONZE
SBB,LATEST,balance_sheet,level,2.0,ACTUAL,VNSTOCK_BRONZE
SBB,LATEST,balance_sheet,off_balance,0.0,ACTUAL,VNSTOCK_BRONZE
SBB,LATEST,balance_sheet,value,0.0,ACTUAL,VNSTOCK_BRONZE
SBB,LATEST,balance_sheet,order,107.0,ACTUAL,VNSTOCK_BRONZE
SBB,LATEST,balance_sheet,level,2.0,ACTUAL,VNSTOCK_BRONZE
SBB,LATEST,balance_sheet,off_balance,0.0,ACTUAL,VNSTOCK_BRONZE
SBB,LATEST,balance_sheet,value,0.0,ACTUAL,VNSTOCK_BRONZE
SBB,LATEST,balance_sheet,order,108.0,ACTUAL,VNSTOCK_BRONZE
SBB,LATEST,balance_sheet,level,2.0,ACTUAL,VNSTOCK_BRONZE
SBB,LATEST,balance_sheet,off_balance,0.0,ACTUAL,VNSTOCK_BRONZE
SBB,LATEST,balance_sheet,value,0.0,ACTUAL,VNSTOCK_BRONZE
SBB,LATEST,balance_sheet,order,109.0,ACTUAL,VNSTOCK_BRONZE
SBB,LATEST,balance_sheet,level,2.0,ACTUAL,VNSTOCK_BRONZE
SBB,LATEST,balance_sheet,off_balance,0.0,ACTUAL,VNSTOCK_BRONZE
SBB,LATEST,balance_sheet,value,0.0,ACTUAL,VNSTOCK_BRONZE
SBB,LATEST,balance_sheet,order,110.0,ACTUAL,VNSTOCK_BRONZE
SBB,LATEST,balance_sheet,level,2.0,ACTUAL,VNSTOCK_BRONZE
SBB,LATEST,balance_sheet,off_balance,0.0,ACTUAL,VNSTOCK_BRONZE
SBB,LATEST,balance_sheet,value,0.0,ACTUAL,VNSTOCK_BRONZE
SBB,LATEST,balance_sheet,order,111.0,ACTUAL,VNSTOCK_BRONZE
SBB,LATEST,balance_sheet,level,2.0,ACTUAL,VNSTOCK_BRONZE
SBB,LATEST,balance_sheet,off_balance,0.0,ACTUAL,VNSTOCK_BRONZE
SBB,LATEST,balance_sheet,value,0.0,ACTUAL,VNSTOCK_BRONZE
SBB,LATEST,balance_sheet,order,112.0,ACTUAL,VNSTOCK_BRONZE
SBB,LATEST,balance_sheet,level,2.0,ACTUAL,VNSTOCK_BRONZE
SBB,LATEST,balance_sheet,off_balance,0.0,ACTUAL,VNSTOCK_BRONZE
SBB,LATEST,balance_sheet,value,-25758411745.0,ACTUAL,VNSTOCK_BRONZE
SBB,LATEST,balance_sheet,order,113.0,ACTUAL,VNSTOCK_BRONZE
SBB,LATEST,balance_sheet,level,3.0,ACTUAL,VNSTOCK_BRONZE
SBB,LATEST,balance_sheet,off_balance,0.0,ACTUAL,VNSTOCK_BRONZE
SBB,LATEST,balance_sheet,value,-91949633457.0,ACTUAL,VNSTOCK_BRONZE
SBB,LATEST,balance_sheet,order,114.0,ACTUAL,VNSTOCK_BRONZE
SBB,LATEST,balance_sheet,level,3.0,ACTUAL,VNSTOCK_BRONZE
SBB,LATEST,balance_sheet,off_balance,0.0,ACTUAL,VNSTOCK_BRONZE
SBB,LATEST,balance_sheet,value,66191221712.0,ACTUAL,VNSTOCK_BRONZE
SBB,LATEST,balance_sheet,order,115.0,ACTUAL,VNSTOCK_BRONZE
SBB,LATEST,balance_sheet,level,2.0,ACTUAL,VNSTOCK_BRONZE
SBB,LATEST,balance_sheet,off_balance,0.0,ACTUAL,VNSTOCK_BRONZE
SBB,LATEST,balance_sheet,value,0.0,ACTUAL,VNSTOCK_BRONZE
SBB,LATEST,balance_sheet,order,116.0,ACTUAL,VNSTOCK_BRONZE
SBB,LATEST,balance_sheet,level,1.0,ACTUAL,VNSTOCK_BRONZE
SBB,LATEST,balance_sheet,off_balance,0.0,ACTUAL,VNSTOCK_BRONZE
SBB,LATEST,balance_sheet,value,0.0,ACTUAL,VNSTOCK_BRONZE
SBB,LATEST,balance_sheet,order,117.0,ACTUAL,VNSTOCK_BRONZE
SBB,LATEST,balance_sheet,level,2.0,ACTUAL,VNSTOCK_BRONZE
SBB,LATEST,balance_sheet,off_balance,0.0,ACTUAL,VNSTOCK_BRONZE
SBB,LATEST,balance_sheet,value,0.0,ACTUAL,VNSTOCK_BRONZE
SBB,LATEST,balance_sheet,order,118.0,ACTUAL,VNSTOCK_BRONZE
SBB,LATEST,balance_sheet,level,1.0,ACTUAL,VNSTOCK_BRONZE
SBB,LATEST,balance_sheet,off_balance,0.0,ACTUAL,VNSTOCK_BRONZE
SBB,LATEST,balance_sheet,value,1983842475218.0,ACTUAL,VNSTOCK_BRONZE
SBB,LATEST,balance_sheet,order,1.0,ACTUAL,VNSTOCK_BRONZE
SBB,LATEST,balance_sheet,level,1.0,ACTUAL,VNSTOCK_BRONZE
SBB,LATEST,balance_sheet,off_balance,0.0,ACTUAL,VNSTOCK_BRONZE
SBB,LATEST,balance_sheet,value,891019265930.0,ACTUAL,VNSTOCK_BRONZE
SBB,LATEST,balance_sheet,order,2.0,ACTUAL,VNSTOCK_BRONZE
SBB,LATEST,balance_sheet,level,1.0,ACTUAL,VNSTOCK_BRONZE
SBB,LATEST,balance_sheet,off_balance,0.0,ACTUAL,VNSTOCK_BRONZE
SBB,LATEST,balance_sheet,value,364846189942.0,ACTUAL,VNSTOCK_BRONZE
SBB,LATEST,balance_sheet,order,3.0,ACTUAL,VNSTOCK_BRONZE
SBB,LATEST,balance_sheet,level,2.0,ACTUAL,VNSTOCK_BRONZE
SBB,LATEST,balance_sheet,off_balance,0.0,ACTUAL,VNSTOCK_BRONZE
SBB,LATEST,balance_sheet,value,218733970149.0,ACTUAL,VNSTOCK_BRONZE
SBB,LATEST,balance_sheet,order,4.0,ACTUAL,VNSTOCK_BRONZE
SBB,LATEST,balance_sheet,level,2.0,ACTUAL,VNSTOCK_BRONZE
SBB,LATEST,balance_sheet,off_balance,0.0,ACTUAL,VNSTOCK_BRONZE
SBB,LATEST,balance_sheet,value,146112219793.0,ACTUAL,VNSTOCK_BRONZE
SBB,LATEST,balance_sheet,order,5.0,ACTUAL,VNSTOCK_BRONZE
SBB,LATEST,balance_sheet,level,1.0,ACTUAL,VNSTOCK_BRONZE
SBB,LATEST,balance_sheet,off_balance,0.0,ACTUAL,VNSTOCK_BRONZE
SBB,LATEST,balance_sheet,value,60000000000.0,ACTUAL,VNSTOCK_BRONZE
SBB,LATEST,balance_sheet,order,6.0,ACTUAL,VNSTOCK_BRONZE
SBB,LATEST,balance_sheet,level,2.0,ACTUAL,VNSTOCK_BRONZE
SBB,LATEST,balance_sheet,off_balance,0.0,ACTUAL,VNSTOCK_BRONZE
SBB,LATEST,balance_sheet,value,0.0,ACTUAL,VNSTOCK_BRONZE
SBB,LATEST,balance_sheet,order,7.0,ACTUAL,VNSTOCK_BRONZE
SBB,LATEST,balance_sheet,level,2.0,ACTUAL,VNSTOCK_BRONZE
SBB,LATEST,balance_sheet,off_balance,0.0,ACTUAL,VNSTOCK_BRONZE
SBB,LATEST,balance_sheet,value,0.0,ACTUAL,VNSTOCK_BRONZE
SBB,LATEST,balance_sheet,order,8.0,ACTUAL,VNSTOCK_BRONZE
SBB,LATEST,balance_sheet,level,2.0,ACTUAL,VNSTOCK_BRONZE
SBB,LATEST,balance_sheet,off_balance,0.0,ACTUAL,VNSTOCK_BRONZE
SBB,LATEST,balance_sheet,value,60000000000.0,ACTUAL,VNSTOCK_BRONZE
SBB,LATEST,balance_sheet,order,9.0,ACTUAL,VNSTOCK_BRONZE
SBB,LATEST,balance_sheet,level,1.0,ACTUAL,VNSTOCK_BRONZE
SBB,LATEST,balance_sheet,off_balance,0.0,ACTUAL,VNSTOCK_BRONZE
SBB,LATEST,balance_sheet,value,274461664295.0,ACTUAL,VNSTOCK_BRONZE
SBB,LATEST,balance_sheet,order,10.0,ACTUAL,VNSTOCK_BRONZE
SBB,LATEST,balance_sheet,level,2.0,ACTUAL,VNSTOCK_BRONZE
SBB,LATEST,balance_sheet,off_balance,0.0,ACTUAL,VNSTOCK_BRONZE
SBB,LATEST,balance_sheet,value,504448392070.0,ACTUAL,VNSTOCK_BRONZE
SBB,LATEST,balance_sheet,order,11.0,ACTUAL,VNSTOCK_BRONZE
SBB,LATEST,balance_sheet,level,2.0,ACTUAL,VNSTOCK_BRONZE
SBB,LATEST,balance_sheet,off_balance,0.0,ACTUAL,VNSTOCK_BRONZE
SBB,LATEST,balance_sheet,value,14148600488.0,ACTUAL,VNSTOCK_BRONZE
SBB,LATEST,balance_sheet,order,12.0,ACTUAL,VNSTOCK_BRONZE
SBB,LATEST,balance_sheet,level,2.0,ACTUAL,VNSTOCK_BRONZE
SBB,LATEST,balance_sheet,off_balance,0.0,ACTUAL,VNSTOCK_BRONZE
SBB,LATEST,balance_sheet,value,0.0,ACTUAL,VNSTOCK_BRONZE
SBB,LATEST,balance_sheet,order,13.0,ACTUAL,VNSTOCK_BRONZE
SBB,LATEST,balance_sheet,level,2.0,ACTUAL,VNSTOCK_BRONZE
SBB,LATEST,balance_sheet,off_balance,0.0,ACTUAL,VNSTOCK_BRONZE
SBB,LATEST,balance_sheet,value,0.0,ACTUAL,VNSTOCK_BRONZE
SBB,LATEST,balance_sheet,order,14.0,ACTUAL,VNSTOCK_BRONZE
SBB,LATEST,balance_sheet,level,2.0,ACTUAL,VNSTOCK_BRONZE
SBB,LATEST,balance_sheet,off_balance,0.0,ACTUAL,VNSTOCK_BRONZE
SBB,LATEST,balance_sheet,value,0.0,ACTUAL,VNSTOCK_BRONZE
SBB,LATEST,balance_sheet,order,15.0,ACTUAL,VNSTOCK_BRONZE
SBB,LATEST,balance_sheet,level,2.0,ACTUAL,VNSTOCK_BRONZE
SBB,LATEST,balance_sheet,off_balance,0.0,ACTUAL,VNSTOCK_BRONZE
SBB,LATEST,balance_sheet,value,3033631332.0,ACTUAL,VNSTOCK_BRONZE
SBB,LATEST,balance_sheet,order,16.0,ACTUAL,VNSTOCK_BRONZE
SBB,LATEST,balance_sheet,level,2.0,ACTUAL,VNSTOCK_BRONZE
SBB,LATEST,balance_sheet,off_balance,0.0,ACTUAL,VNSTOCK_BRONZE
SBB,LATEST,balance_sheet,value,-247168959595.0,ACTUAL,VNSTOCK_BRONZE
SBB,LATEST,balance_sheet,order,17.0,ACTUAL,VNSTOCK_BRONZE
SBB,LATEST,balance_sheet,level,2.0,ACTUAL,VNSTOCK_BRONZE
SBB,LATEST,balance_sheet,off_balance,0.0,ACTUAL,VNSTOCK_BRONZE
SBB,LATEST,balance_sheet,value,0.0,ACTUAL,VNSTOCK_BRONZE
SBB,LATEST,balance_sheet,order,18.0,ACTUAL,VNSTOCK_BRONZE
SBB,LATEST,balance_sheet,level,1.0,ACTUAL,VNSTOCK_BRONZE
SBB,LATEST,balance_sheet,off_balance,0.0,ACTUAL,VNSTOCK_BRONZE
SBB,LATEST,balance_sheet,value,188090200387.0,ACTUAL,VNSTOCK_BRONZE
SBB,LATEST,balance_sheet,order,19.0,ACTUAL,VNSTOCK_BRONZE
SBB,LATEST,balance_sheet,level,2.0,ACTUAL,VNSTOCK_BRONZE
SBB,LATEST,balance_sheet,off_balance,0.0,ACTUAL,VNSTOCK_BRONZE
SBB,LATEST,balance_sheet,value,221123007752.0,ACTUAL,VNSTOCK_BRONZE
SBB,LATEST,balance_sheet,order,20.0,ACTUAL,VNSTOCK_BRONZE
SBB,LATEST,balance_sheet,level,2.0,ACTUAL,VNSTOCK_BRONZE
SBB,LATEST,balance_sheet,off_balance,0.0,ACTUAL,VNSTOCK_BRONZE
SBB,LATEST,balance_sheet,value,-33032807365.0,ACTUAL,VNSTOCK_BRONZE
SBB,LATEST,balance_sheet,order,21.0,ACTUAL,VNSTOCK_BRONZE
SBB,LATEST,balance_sheet,level,1.0,ACTUAL,VNSTOCK_BRONZE
SBB,LATEST,balance_sheet,off_balance,0.0,ACTUAL,VNSTOCK_BRONZE
SBB,LATEST,balance_sheet,value,3621211306.0,ACTUAL,VNSTOCK_BRONZE
SBB,LATEST,balance_sheet,order,22.0,ACTUAL,VNSTOCK_BRONZE
SBB,LATEST,balance_sheet,level,2.0,ACTUAL,VNSTOCK_BRONZE
SBB,LATEST,balance_sheet,off_balance,0.0,ACTUAL,VNSTOCK_BRONZE
SBB,LATEST,balance_sheet,value,2614656460.0,ACTUAL,VNSTOCK_BRONZE
SBB,LATEST,balance_sheet,order,23.0,ACTUAL,VNSTOCK_BRONZE
SBB,LATEST,balance_sheet,level,2.0,ACTUAL,VNSTOCK_BRONZE
SBB,LATEST,balance_sheet,off_balance,0.0,ACTUAL,VNSTOCK_BRONZE
SBB,LATEST,balance_sheet,value,0.0,ACTUAL,VNSTOCK_BRONZE
SBB,LATEST,balance_sheet,order,24.0,ACTUAL,VNSTOCK_BRONZE
SBB,LATEST,balance_sheet,level,2.0,ACTUAL,VNSTOCK_BRONZE
SBB,LATEST,balance_sheet,off_balance,0.0,ACTUAL,VNSTOCK_BRONZE
SBB,LATEST,balance_sheet,value,1006554846.0,ACTUAL,VNSTOCK_BRONZE
SBB,LATEST,balance_sheet,order,25.0,ACTUAL,VNSTOCK_BRONZE
SBB,LATEST,balance_sheet,level,2.0,ACTUAL,VNSTOCK_BRONZE
SBB,LATEST,balance_sheet,off_balance,0.0,ACTUAL,VNSTOCK_BRONZE
SBB,LATEST,balance_sheet,value,0.0,ACTUAL,VNSTOCK_BRONZE
SBB,LATEST,balance_sheet,order,26.0,ACTUAL,VNSTOCK_BRONZE
SBB,LATEST,balance_sheet,level,1.0,ACTUAL,VNSTOCK_BRONZE
SBB,LATEST,balance_sheet,off_balance,0.0,ACTUAL,VNSTOCK_BRONZE
SBB,LATEST,balance_sheet,value,1280815273324.0,ACTUAL,VNSTOCK_BRONZE
SBB,LATEST,balance_sheet,order,27.0,ACTUAL,VNSTOCK_BRONZE
SBB,LATEST,balance_sheet,level,1.0,ACTUAL,VNSTOCK_BRONZE
SBB,LATEST,balance_sheet,off_balance,0.0,ACTUAL,VNSTOCK_BRONZE
SBB,LATEST,balance_sheet,value,20440000.0,ACTUAL,VNSTOCK_BRONZE
SBB,LATEST,balance_sheet,order,28.0,ACTUAL,VNSTOCK_BRONZE
SBB,LATEST,balance_sheet,level,2.0,ACTUAL,VNSTOCK_BRONZE
SBB,LATEST,balance_sheet,off_balance,0.0,ACTUAL,VNSTOCK_BRONZE
SBB,LATEST,balance_sheet,value,0.0,ACTUAL,VNSTOCK_BRONZE
SBB,LATEST,balance_sheet,order,29.0,ACTUAL,VNSTOCK_BRONZE
SBB,LATEST,balance_sheet,level,2.0,ACTUAL,VNSTOCK_BRONZE
SBB,LATEST,balance_sheet,off_balance,0.0,ACTUAL,VNSTOCK_BRONZE
SBB,LATEST,balance_sheet,value,0.0,ACTUAL,VNSTOCK_BRONZE
SBB,LATEST,balance_sheet,order,30.0,ACTUAL,VNSTOCK_BRONZE
SBB,LATEST,balance_sheet,level,2.0,ACTUAL,VNSTOCK_BRONZE
SBB,LATEST,balance_sheet,off_balance,0.0,ACTUAL,VNSTOCK_BRONZE
SBB,LATEST,balance_sheet,value,0.0,ACTUAL,VNSTOCK_BRONZE
SBB,LATEST,balance_sheet,order,31.0,ACTUAL,VNSTOCK_BRONZE
SBB,LATEST,balance_sheet,level,2.0,ACTUAL,VNSTOCK_BRONZE
SBB,LATEST,balance_sheet,off_balance,0.0,ACTUAL,VNSTOCK_BRONZE
SBB,LATEST,balance_sheet,value,0.0,ACTUAL,VNSTOCK_BRONZE
SBB,LATEST,balance_sheet,order,32.0,ACTUAL,VNSTOCK_BRONZE
SBB,LATEST,balance_sheet,level,2.0,ACTUAL,VNSTOCK_BRONZE
SBB,LATEST,balance_sheet,off_balance,0.0,ACTUAL,VNSTOCK_BRONZE
SBB,LATEST,balance_sheet,value,20440000.0,ACTUAL,VNSTOCK_BRONZE
SBB,LATEST,balance_sheet,order,33.0,ACTUAL,VNSTOCK_BRONZE
SBB,LATEST,balance_sheet,level,2.0,ACTUAL,VNSTOCK_BRONZE
SBB,LATEST,balance_sheet,off_balance,0.0,ACTUAL,VNSTOCK_BRONZE
SBB,LATEST,balance_sheet,value,-0.0,ACTUAL,VNSTOCK_BRONZE
SBB,LATEST,balance_sheet,order,34.0,ACTUAL,VNSTOCK_BRONZE
SBB,LATEST,balance_sheet,level,1.0,ACTUAL,VNSTOCK_BRONZE
SBB,LATEST,balance_sheet,off_balance,0.0,ACTUAL,VNSTOCK_BRONZE
SBB,LATEST,balance_sheet,value,1015562849962.0,ACTUAL,VNSTOCK_BRONZE
SBB,LATEST,balance_sheet,order,35.0,ACTUAL,VNSTOCK_BRONZE
SBB,LATEST,balance_sheet,level,2.0,ACTUAL,VNSTOCK_BRONZE
SBB,LATEST,balance_sheet,off_balance,0.0,ACTUAL,VNSTOCK_BRONZE
SBB,LATEST,balance_sheet,value,951753023029.0,ACTUAL,VNSTOCK_BRONZE
SBB,LATEST,balance_sheet,order,36.0,ACTUAL,VNSTOCK_BRONZE
SBB,LATEST,balance_sheet,level,3.0,ACTUAL,VNSTOCK_BRONZE
SBB,LATEST,balance_sheet,off_balance,0.0,ACTUAL,VNSTOCK_BRONZE
SBB,LATEST,balance_sheet,value,3857316962070.0,ACTUAL,VNSTOCK_BRONZE
SBB,LATEST,balance_sheet,order,37.0,ACTUAL,VNSTOCK_BRONZE
SBB,LATEST,balance_sheet,level,3.0,ACTUAL,VNSTOCK_BRONZE
SBB,LATEST,balance_sheet,off_balance,0.0,ACTUAL,VNSTOCK_BRONZE
SBB,LATEST,balance_sheet,value,-2905563939041.0,ACTUAL,VNSTOCK_BRONZE
SBB,LATEST,balance_sheet,order,38.0,ACTUAL,VNSTOCK_BRONZE
SBB,LATEST,balance_sheet,level,2.0,ACTUAL,VNSTOCK_BRONZE
SBB,LATEST,balance_sheet,off_balance,0.0,ACTUAL,VNSTOCK_BRONZE
SBB,LATEST,balance_sheet,value,0.0,ACTUAL,VNSTOCK_BRONZE
SBB,LATEST,balance_sheet,order,39.0,ACTUAL,VNSTOCK_BRONZE
SBB,LATEST,balance_sheet,level,3.0,ACTUAL,VNSTOCK_BRONZE
SBB,LATEST,balance_sheet,off_balance,0.0,ACTUAL,VNSTOCK_BRONZE
SBB,LATEST,balance_sheet,value,0.0,ACTUAL,VNSTOCK_BRONZE
SBB,LATEST,balance_sheet,order,40.0,ACTUAL,VNSTOCK_BRONZE
SBB,LATEST,balance_sheet,level,3.0,ACTUAL,VNSTOCK_BRONZE
SBB,LATEST,balance_sheet,off_balance,0.0,ACTUAL,VNSTOCK_BRONZE
SBB,LATEST,balance_sheet,value,-0.0,ACTUAL,VNSTOCK_BRONZE
SBB,LATEST,balance_sheet,order,41.0,ACTUAL,VNSTOCK_BRONZE
SBB,LATEST,balance_sheet,level,2.0,ACTUAL,VNSTOCK_BRONZE
SBB,LATEST,balance_sheet,off_balance,0.0,ACTUAL,VNSTOCK_BRONZE
SBB,LATEST,balance_sheet,value,63809826933.0,ACTUAL,VNSTOCK_BRONZE
SBB,LATEST,balance_sheet,order,42.0,ACTUAL,VNSTOCK_BRONZE
SBB,LATEST,balance_sheet,level,3.0,ACTUAL,VNSTOCK_BRONZE
SBB,LATEST,balance_sheet,off_balance,0.0,ACTUAL,VNSTOCK_BRONZE
SBB,LATEST,balance_sheet,value,89074087377.0,ACTUAL,VNSTOCK_BRONZE
SBB,LATEST,balance_sheet,order,43.0,ACTUAL,VNSTOCK_BRONZE
SBB,LATEST,balance_sheet,level,3.0,ACTUAL,VNSTOCK_BRONZE
SBB,LATEST,balance_sheet,off_balance,0.0,ACTUAL,VNSTOCK_BRONZE
SBB,LATEST,balance_sheet,value,-25264260444.0,ACTUAL,VNSTOCK_BRONZE
SBB,LATEST,balance_sheet,order,44.0,ACTUAL,VNSTOCK_BRONZE
SBB,LATEST,balance_sheet,level,1.0,ACTUAL,VNSTOCK_BRONZE
SBB,LATEST,balance_sheet,off_balance,0.0,ACTUAL,VNSTOCK_BRONZE
SBB,LATEST,balance_sheet,value,0.0,ACTUAL,VNSTOCK_BRONZE
SBB,LATEST,balance_sheet,order,45.0,ACTUAL,VNSTOCK_BRONZE
SBB,LATEST,balance_sheet,level,2.0,ACTUAL,VNSTOCK_BRONZE
SBB,LATEST,balance_sheet,off_balance,0.0,ACTUAL,VNSTOCK_BRONZE
SBB,LATEST,balance_sheet,value,0.0,ACTUAL,VNSTOCK_BRONZE
SBB,LATEST,balance_sheet,order,46.0,ACTUAL,VNSTOCK_BRONZE
SBB,LATEST,balance_sheet,level,2.0,ACTUAL,VNSTOCK_BRONZE
SBB,LATEST,balance_sheet,off_balance,0.0,ACTUAL,VNSTOCK_BRONZE
SBB,LATEST,balance_sheet,value,-0.0,ACTUAL,VNSTOCK_BRONZE
SBB,LATEST,balance_sheet,order,47.0,ACTUAL,VNSTOCK_BRONZE
SBB,LATEST,balance_sheet,level,1.0,ACTUAL,VNSTOCK_BRONZE
SBB,LATEST,balance_sheet,off_balance,0.0,ACTUAL,VNSTOCK_BRONZE
SBB,LATEST,balance_sheet,value,4155775930.0,ACTUAL,VNSTOCK_BRONZE
SBB,LATEST,balance_sheet,order,48.0,ACTUAL,VNSTOCK_BRONZE
SBB,LATEST,balance_sheet,level,2.0,ACTUAL,VNSTOCK_BRONZE
SBB,LATEST,balance_sheet,off_balance,0.0,ACTUAL,VNSTOCK_BRONZE
SBB,LATEST,balance_sheet,value,0.0,ACTUAL,VNSTOCK_BRONZE
SBB,LATEST,balance_sheet,order,49.0,ACTUAL,VNSTOCK_BRONZE
SBB,LATEST,balance_sheet,level,2.0,ACTUAL,VNSTOCK_BRONZE
SBB,LATEST,balance_sheet,off_balance,0.0,ACTUAL,VNSTOCK_BRONZE
SBB,LATEST,balance_sheet,value,4155775930.0,ACTUAL,VNSTOCK_BRONZE
SBB,LATEST,balance_sheet,order,50.0,ACTUAL,VNSTOCK_BRONZE
SBB,LATEST,balance_sheet,level,1.0,ACTUAL,VNSTOCK_BRONZE
SBB,LATEST,balance_sheet,off_balance,0.0,ACTUAL,VNSTOCK_BRONZE
SBB,LATEST,balance_sheet,value,213554053643.0,ACTUAL,VNSTOCK_BRONZE
SBB,LATEST,balance_sheet,order,51.0,ACTUAL,VNSTOCK_BRONZE
SBB,LATEST,balance_sheet,level,2.0,ACTUAL,VNSTOCK_BRONZE
SBB,LATEST,balance_sheet,off_balance,0.0,ACTUAL,VNSTOCK_BRONZE
SBB,LATEST,balance_sheet,value,0.0,ACTUAL,VNSTOCK_BRONZE
SBB,LATEST,balance_sheet,order,52.0,ACTUAL,VNSTOCK_BRONZE
SBB,LATEST,balance_sheet,level,2.0,ACTUAL,VNSTOCK_BRONZE
SBB,LATEST,balance_sheet,off_balance,0.0,ACTUAL,VNSTOCK_BRONZE
SBB,LATEST,balance_sheet,value,41186788990.0,ACTUAL,VNSTOCK_BRONZE
SBB,LATEST,balance_sheet,order,53.0,ACTUAL,VNSTOCK_BRONZE
SBB,LATEST,balance_sheet,level,2.0,ACTUAL,VNSTOCK_BRONZE
SBB,LATEST,balance_sheet,off_balance,0.0,ACTUAL,VNSTOCK_BRONZE
SBB,LATEST,balance_sheet,value,173867264653.0,ACTUAL,VNSTOCK_BRONZE
SBB,LATEST,balance_sheet,order,54.0,ACTUAL,VNSTOCK_BRONZE
SBB,LATEST,balance_sheet,level,2.0,ACTUAL,VNSTOCK_BRONZE
SBB,LATEST,balance_sheet,off_balance,0.0,ACTUAL,VNSTOCK_BRONZE
SBB,LATEST,balance_sheet,value,-1500000000.0,ACTUAL,VNSTOCK_BRONZE
SBB,LATEST,balance_sheet,order,55.0,ACTUAL,VNSTOCK_BRONZE
SBB,LATEST,balance_sheet,level,2.0,ACTUAL,VNSTOCK_BRONZE
SBB,LATEST,balance_sheet,off_balance,0.0,ACTUAL,VNSTOCK_BRONZE
SBB,LATEST,balance_sheet,value,0.0,ACTUAL,VNSTOCK_BRONZE
SBB,LATEST,balance_sheet,order,56.0,ACTUAL,VNSTOCK_BRONZE
SBB,LATEST,balance_sheet,level,1.0,ACTUAL,VNSTOCK_BRONZE
SBB,LATEST,balance_sheet,off_balance,0.0,ACTUAL,VNSTOCK_BRONZE
SBB,LATEST,balance_sheet,value,47522153789.0,ACTUAL,VNSTOCK_BRONZE
SBB,LATEST,balance_sheet,order,57.0,ACTUAL,VNSTOCK_BRONZE
SBB,LATEST,balance_sheet,level,2.0,ACTUAL,VNSTOCK_BRONZE
SBB,LATEST,balance_sheet,off_balance,0.0,ACTUAL,VNSTOCK_BRONZE
SBB,LATEST,balance_sheet,value,0.0,ACTUAL,VNSTOCK_BRONZE
SBB,LATEST,balance_sheet,order,58.0,ACTUAL,VNSTOCK_BRONZE
SBB,LATEST,balance_sheet,level,2.0,ACTUAL,VNSTOCK_BRONZE
SBB,LATEST,balance_sheet,off_balance,0.0,ACTUAL,VNSTOCK_BRONZE
SBB,LATEST,balance_sheet,value,41599557832.0,ACTUAL,VNSTOCK_BRONZE
SBB,LATEST,balance_sheet,order,59.0,ACTUAL,VNSTOCK_BRONZE
SBB,LATEST,balance_sheet,level,2.0,ACTUAL,VNSTOCK_BRONZE
SBB,LATEST,balance_sheet,off_balance,0.0,ACTUAL,VNSTOCK_BRONZE
SBB,LATEST,balance_sheet,value,0.0,ACTUAL,VNSTOCK_BRONZE
SBB,LATEST,balance_sheet,order,60.0,ACTUAL,VNSTOCK_BRONZE
SBB,LATEST,balance_sheet,level,2.0,ACTUAL,VNSTOCK_BRONZE
SBB,LATEST,balance_sheet,off_balance,0.0,ACTUAL,VNSTOCK_BRONZE
SBB,LATEST,balance_sheet,value,5922595957.0,ACTUAL,VNSTOCK_BRONZE
SBB,LATEST,balance_sheet,order,61.0,ACTUAL,VNSTOCK_BRONZE
SBB,LATEST,balance_sheet,level,2.0,ACTUAL,VNSTOCK_BRONZE
SBB,LATEST,balance_sheet,off_balance,0.0,ACTUAL,VNSTOCK_BRONZE
SBB,LATEST,balance_sheet,value,0.0,ACTUAL,VNSTOCK_BRONZE
SBB,LATEST,balance_sheet,order,62.0,ACTUAL,VNSTOCK_BRONZE
SBB,LATEST,balance_sheet,level,2.0,ACTUAL,VNSTOCK_BRONZE
SBB,LATEST,balance_sheet,off_balance,0.0,ACTUAL,VNSTOCK_BRONZE
SBB,LATEST,balance_sheet,value,0.0,ACTUAL,VNSTOCK_BRONZE
SBB,LATEST,balance_sheet,order,63.0,ACTUAL,VNSTOCK_BRONZE
SBB,LATEST,balance_sheet,level,1.0,ACTUAL,VNSTOCK_BRONZE
SBB,LATEST,balance_sheet,off_balance,0.0,ACTUAL,VNSTOCK_BRONZE
SBB,LATEST,balance_sheet,value,2171834539254.0,ACTUAL,VNSTOCK_BRONZE
SBB,LATEST,balance_sheet,order,64.0,ACTUAL,VNSTOCK_BRONZE
SBB,LATEST,balance_sheet,level,1.0,ACTUAL,VNSTOCK_BRONZE
SBB,LATEST,balance_sheet,off_balance,0.0,ACTUAL,VNSTOCK_BRONZE
SBB,LATEST,balance_sheet,value,1001117681885.0,ACTUAL,VNSTOCK_BRONZE
SBB,LATEST,balance_sheet,order,65.0,ACTUAL,VNSTOCK_BRONZE
SBB,LATEST,balance_sheet,level,1.0,ACTUAL,VNSTOCK_BRONZE
SBB,LATEST,balance_sheet,off_balance,0.0,ACTUAL,VNSTOCK_BRONZE
SBB,LATEST,balance_sheet,value,878745631596.0,ACTUAL,VNSTOCK_BRONZE
SBB,LATEST,balance_sheet,order,66.0,ACTUAL,VNSTOCK_BRONZE
SBB,LATEST,balance_sheet,level,2.0,ACTUAL,VNSTOCK_BRONZE
SBB,LATEST,balance_sheet,off_balance,0.0,ACTUAL,VNSTOCK_BRONZE
SBB,LATEST,balance_sheet,value,0.0,ACTUAL,VNSTOCK_BRONZE
SBB,LATEST,balance_sheet,order,67.0,ACTUAL,VNSTOCK_BRONZE
SBB,LATEST,balance_sheet,level,2.0,ACTUAL,VNSTOCK_BRONZE
SBB,LATEST,balance_sheet,off_balance,0.0,ACTUAL,VNSTOCK_BRONZE
SBB,LATEST,balance_sheet,value,0.0,ACTUAL,VNSTOCK_BRONZE
SBB,LATEST,balance_sheet,order,68.0,ACTUAL,VNSTOCK_BRONZE
SBB,LATEST,balance_sheet,level,2.0,ACTUAL,VNSTOCK_BRONZE
SBB,LATEST,balance_sheet,off_balance,0.0,ACTUAL,VNSTOCK_BRONZE
SBB,LATEST,balance_sheet,value,0.0,ACTUAL,VNSTOCK_BRONZE
SBB,LATEST,balance_sheet,order,69.0,ACTUAL,VNSTOCK_BRONZE
SBB,LATEST,balance_sheet,level,2.0,ACTUAL,VNSTOCK_BRONZE
SBB,LATEST,balance_sheet,off_balance,0.0,ACTUAL,VNSTOCK_BRONZE
SBB,LATEST,balance_sheet,value,228955414409.0,ACTUAL,VNSTOCK_BRONZE
SBB,LATEST,balance_sheet,order,70.0,ACTUAL,VNSTOCK_BRONZE
SBB,LATEST,balance_sheet,level,2.0,ACTUAL,VNSTOCK_BRONZE
SBB,LATEST,balance_sheet,off_balance,0.0,ACTUAL,VNSTOCK_BRONZE
SBB,LATEST,balance_sheet,value,34255510505.0,ACTUAL,VNSTOCK_BRONZE
SBB,LATEST,balance_sheet,order,71.0,ACTUAL,VNSTOCK_BRONZE
SBB,LATEST,balance_sheet,level,2.0,ACTUAL,VNSTOCK_BRONZE
SBB,LATEST,balance_sheet,off_balance,0.0,ACTUAL,VNSTOCK_BRONZE
SBB,LATEST,balance_sheet,value,381668294397.0,ACTUAL,VNSTOCK_BRONZE
SBB,LATEST,balance_sheet,order,72.0,ACTUAL,VNSTOCK_BRONZE
SBB,LATEST,balance_sheet,level,2.0,ACTUAL,VNSTOCK_BRONZE
SBB,LATEST,balance_sheet,off_balance,0.0,ACTUAL,VNSTOCK_BRONZE
SBB,LATEST,balance_sheet,value,10306938887.0,ACTUAL,VNSTOCK_BRONZE
SBB,LATEST,balance_sheet,order,73.0,ACTUAL,VNSTOCK_BRONZE
SBB,LATEST,balance_sheet,level,2.0,ACTUAL,VNSTOCK_BRONZE
SBB,LATEST,balance_sheet,off_balance,0.0,ACTUAL,VNSTOCK_BRONZE
SBB,LATEST,balance_sheet,value,4002092632.0,ACTUAL,VNSTOCK_BRONZE
SBB,LATEST,balance_sheet,order,74.0,ACTUAL,VNSTOCK_BRONZE
SBB,LATEST,balance_sheet,level,2.0,ACTUAL,VNSTOCK_BRONZE
SBB,LATEST,balance_sheet,off_balance,0.0,ACTUAL,VNSTOCK_BRONZE
SBB,LATEST,balance_sheet,value,0.0,ACTUAL,VNSTOCK_BRONZE
SBB,LATEST,balance_sheet,order,75.0,ACTUAL,VNSTOCK_BRONZE
SBB,LATEST,balance_sheet,level,2.0,ACTUAL,VNSTOCK_BRONZE
SBB,LATEST,balance_sheet,off_balance,0.0,ACTUAL,VNSTOCK_BRONZE
SBB,LATEST,balance_sheet,value,0.0,ACTUAL,VNSTOCK_BRONZE
SBB,LATEST,balance_sheet,order,76.0,ACTUAL,VNSTOCK_BRONZE
SBB,LATEST,balance_sheet,level,2.0,ACTUAL,VNSTOCK_BRONZE
SBB,LATEST,balance_sheet,off_balance,0.0,ACTUAL,VNSTOCK_BRONZE
SBB,LATEST,balance_sheet,value,33350254422.0,ACTUAL,VNSTOCK_BRONZE
SBB,LATEST,balance_sheet,order,77.0,ACTUAL,VNSTOCK_BRONZE
SBB,LATEST,balance_sheet,level,2.0,ACTUAL,VNSTOCK_BRONZE
SBB,LATEST,balance_sheet,off_balance,0.0,ACTUAL,VNSTOCK_BRONZE
SBB,LATEST,balance_sheet,value,181164991597.0,ACTUAL,VNSTOCK_BRONZE
SBB,LATEST,balance_sheet,order,78.0,ACTUAL,VNSTOCK_BRONZE
SBB,LATEST,balance_sheet,level,2.0,ACTUAL,VNSTOCK_BRONZE
SBB,LATEST,balance_sheet,off_balance,0.0,ACTUAL,VNSTOCK_BRONZE
SBB,LATEST,balance_sheet,value,0.0,ACTUAL,VNSTOCK_BRONZE
SBB,LATEST,balance_sheet,order,79.0,ACTUAL,VNSTOCK_BRONZE
SBB,LATEST,balance_sheet,level,2.0,ACTUAL,VNSTOCK_BRONZE
SBB,LATEST,balance_sheet,off_balance,0.0,ACTUAL,VNSTOCK_BRONZE
SBB,LATEST,balance_sheet,value,5042134747.0,ACTUAL,VNSTOCK_BRONZE
SBB,LATEST,balance_sheet,order,80.0,ACTUAL,VNSTOCK_BRONZE
SBB,LATEST,balance_sheet,level,2.0,ACTUAL,VNSTOCK_BRONZE
SBB,LATEST,balance_sheet,off_balance,0.0,ACTUAL,VNSTOCK_BRONZE
SBB,LATEST,balance_sheet,value,0.0,ACTUAL,VNSTOCK_BRONZE
SBB,LATEST,balance_sheet,order,81.0,ACTUAL,VNSTOCK_BRONZE
SBB,LATEST,balance_sheet,level,2.0,ACTUAL,VNSTOCK_BRONZE
SBB,LATEST,balance_sheet,off_balance,0.0,ACTUAL,VNSTOCK_BRONZE
SBB,LATEST,balance_sheet,value,0.0,ACTUAL,VNSTOCK_BRONZE
SBB,LATEST,balance_sheet,order,82.0,ACTUAL,VNSTOCK_BRONZE
SBB,LATEST,balance_sheet,level,1.0,ACTUAL,VNSTOCK_BRONZE
SBB,LATEST,balance_sheet,off_balance,0.0,ACTUAL,VNSTOCK_BRONZE
SBB,LATEST,balance_sheet,value,122372050289.0,ACTUAL,VNSTOCK_BRONZE
SBB,LATEST,balance_sheet,order,83.0,ACTUAL,VNSTOCK_BRONZE
SBB,LATEST,balance_sheet,level,2.0,ACTUAL,VNSTOCK_BRONZE
SBB,LATEST,balance_sheet,off_balance,0.0,ACTUAL,VNSTOCK_BRONZE
SBB,LATEST,balance_sheet,value,0.0,ACTUAL,VNSTOCK_BRONZE
SBB,LATEST,balance_sheet,order,84.0,ACTUAL,VNSTOCK_BRONZE
SBB,LATEST,balance_sheet,level,2.0,ACTUAL,VNSTOCK_BRONZE
SBB,LATEST,balance_sheet,off_balance,0.0,ACTUAL,VNSTOCK_BRONZE
SBB,LATEST,balance_sheet,order,85.0,ACTUAL,VNSTOCK_BRONZE
SBB,LATEST,balance_sheet,level,2.0,ACTUAL,VNSTOCK_BRONZE
SBB,LATEST,balance_sheet,off_balance,0.0,ACTUAL,VNSTOCK_BRONZE
SBB,LATEST,balance_sheet,value,0.0,ACTUAL,VNSTOCK_BRONZE
SBB,LATEST,balance_sheet,order,86.0,ACTUAL,VNSTOCK_BRONZE
SBB,LATEST,balance_sheet,level,2.0,ACTUAL,VNSTOCK_BRONZE
SBB,LATEST,balance_sheet,off_balance,0.0,ACTUAL,VNSTOCK_BRONZE
SBB,LATEST,balance_sheet,value,0.0,ACTUAL,VNSTOCK_BRONZE
SBB,LATEST,balance_sheet,order,87.0,ACTUAL,VNSTOCK_BRONZE
SBB,LATEST,balance_sheet,level,2.0,ACTUAL,VNSTOCK_BRONZE
SBB,LATEST,balance_sheet,off_balance,0.0,ACTUAL,VNSTOCK_BRONZE
SBB,LATEST,balance_sheet,value,0.0,ACTUAL,VNSTOCK_BRONZE
SBB,LATEST,balance_sheet,order,88.0,ACTUAL,VNSTOCK_BRONZE
SBB,LATEST,balance_sheet,level,2.0,ACTUAL,VNSTOCK_BRONZE
SBB,LATEST,balance_sheet,off_balance,0.0,ACTUAL,VNSTOCK_BRONZE
SBB,LATEST,balance_sheet,value,0.0,ACTUAL,VNSTOCK_BRONZE
SBB,LATEST,balance_sheet,order,89.0,ACTUAL,VNSTOCK_BRONZE
SBB,LATEST,balance_sheet,level,2.0,ACTUAL,VNSTOCK_BRONZE
SBB,LATEST,balance_sheet,off_balance,0.0,ACTUAL,VNSTOCK_BRONZE
SBB,LATEST,balance_sheet,value,0.0,ACTUAL,VNSTOCK_BRONZE
SBB,LATEST,balance_sheet,order,90.0,ACTUAL,VNSTOCK_BRONZE
SBB,LATEST,balance_sheet,level,2.0,ACTUAL,VNSTOCK_BRONZE
SBB,LATEST,balance_sheet,off_balance,0.0,ACTUAL,VNSTOCK_BRONZE
SBB,LATEST,balance_sheet,value,0.0,ACTUAL,VNSTOCK_BRONZE
SBB,LATEST,balance_sheet,order,91.0,ACTUAL,VNSTOCK_BRONZE
SBB,LATEST,balance_sheet,level,2.0,ACTUAL,VNSTOCK_BRONZE
SBB,LATEST,balance_sheet,off_balance,0.0,ACTUAL,VNSTOCK_BRONZE
SBB,LATEST,balance_sheet,value,0.0,ACTUAL,VNSTOCK_BRONZE
SBB,LATEST,balance_sheet,order,92.0,ACTUAL,VNSTOCK_BRONZE
SBB,LATEST,balance_sheet,level,2.0,ACTUAL,VNSTOCK_BRONZE
SBB,LATEST,balance_sheet,off_balance,0.0,ACTUAL,VNSTOCK_BRONZE
SBB,LATEST,balance_sheet,value,0.0,ACTUAL,VNSTOCK_BRONZE
SBB,LATEST,balance_sheet,order,93.0,ACTUAL,VNSTOCK_BRONZE
SBB,LATEST,balance_sheet,level,2.0,ACTUAL,VNSTOCK_BRONZE
SBB,LATEST,balance_sheet,off_balance,0.0,ACTUAL,VNSTOCK_BRONZE
SBB,LATEST,balance_sheet,value,122372050289.0,ACTUAL,VNSTOCK_BRONZE
SBB,LATEST,balance_sheet,order,94.0,ACTUAL,VNSTOCK_BRONZE
SBB,LATEST,balance_sheet,level,2.0,ACTUAL,VNSTOCK_BRONZE
SBB,LATEST,balance_sheet,off_balance,0.0,ACTUAL,VNSTOCK_BRONZE
SBB,LATEST,balance_sheet,value,0.0,ACTUAL,VNSTOCK_BRONZE
SBB,LATEST,balance_sheet,order,95.0,ACTUAL,VNSTOCK_BRONZE
SBB,LATEST,balance_sheet,level,2.0,ACTUAL,VNSTOCK_BRONZE
SBB,LATEST,balance_sheet,off_balance,0.0,ACTUAL,VNSTOCK_BRONZE
SBB,LATEST,balance_sheet,value,0.0,ACTUAL,VNSTOCK_BRONZE
SBB,LATEST,balance_sheet,order,96.0,ACTUAL,VNSTOCK_BRONZE
SBB,LATEST,balance_sheet,level,1.0,ACTUAL,VNSTOCK_BRONZE
SBB,LATEST,balance_sheet,off_balance,0.0,ACTUAL,VNSTOCK_BRONZE
SBB,LATEST,balance_sheet,value,1170716857369.0,ACTUAL,VNSTOCK_BRONZE
SBB,LATEST,balance_sheet,order,97.0,ACTUAL,VNSTOCK_BRONZE
SBB,LATEST,balance_sheet,level,1.0,ACTUAL,VNSTOCK_BRONZE
SBB,LATEST,balance_sheet,off_balance,0.0,ACTUAL,VNSTOCK_BRONZE
SBB,LATEST,balance_sheet,value,1170716857369.0,ACTUAL,VNSTOCK_BRONZE
SBB,LATEST,balance_sheet,order,98.0,ACTUAL,VNSTOCK_BRONZE
SBB,LATEST,balance_sheet,level,2.0,ACTUAL,VNSTOCK_BRONZE
SBB,LATEST,balance_sheet,off_balance,0.0,ACTUAL,VNSTOCK_BRONZE
SBB,LATEST,balance_sheet,value,0.0,ACTUAL,VNSTOCK_BRONZE
SBB,LATEST,balance_sheet,order,99.0,ACTUAL,VNSTOCK_BRONZE
SBB,LATEST,balance_sheet,level,2.0,ACTUAL,VNSTOCK_BRONZE
SBB,LATEST,balance_sheet,off_balance,0.0,ACTUAL,VNSTOCK_BRONZE
SBB,LATEST,balance_sheet,value,0.0,ACTUAL,VNSTOCK_BRONZE
SBB,LATEST,balance_sheet,order,100.0,ACTUAL,VNSTOCK_BRONZE
SBB,LATEST,balance_sheet,level,2.0,ACTUAL,VNSTOCK_BRONZE
SBB,LATEST,balance_sheet,off_balance,0.0,ACTUAL,VNSTOCK_BRONZE
SBB,LATEST,balance_sheet,value,0.0,ACTUAL,VNSTOCK_BRONZE
SBB,LATEST,balance_sheet,order,101.0,ACTUAL,VNSTOCK_BRONZE
SBB,LATEST,balance_sheet,level,2.0,ACTUAL,VNSTOCK_BRONZE
SBB,LATEST,balance_sheet,off_balance,0.0,ACTUAL,VNSTOCK_BRONZE
SBB,LATEST,balance_sheet,value,0.0,ACTUAL,VNSTOCK_BRONZE
SBB,LATEST,balance_sheet,order,102.0,ACTUAL,VNSTOCK_BRONZE
SBB,LATEST,balance_sheet,level,2.0,ACTUAL,VNSTOCK_BRONZE
SBB,LATEST,balance_sheet,off_balance,0.0,ACTUAL,VNSTOCK_BRONZE
SBB,LATEST,balance_sheet,value,875245360000.0,ACTUAL,VNSTOCK_BRONZE
SBB,LATEST,balance_sheet,order,103.0,ACTUAL,VNSTOCK_BRONZE
SBB,LATEST,balance_sheet,level,3.0,ACTUAL,VNSTOCK_BRONZE
SBB,LATEST,balance_sheet,off_balance,0.0,ACTUAL,VNSTOCK_BRONZE
SBB,LATEST,balance_sheet,value,875245360000.0,ACTUAL,VNSTOCK_BRONZE
SBB,LATEST,balance_sheet,order,104.0,ACTUAL,VNSTOCK_BRONZE
SBB,LATEST,balance_sheet,level,2.0,ACTUAL,VNSTOCK_BRONZE
SBB,LATEST,balance_sheet,off_balance,0.0,ACTUAL,VNSTOCK_BRONZE
SBB,LATEST,balance_sheet,value,436708750464.0,ACTUAL,VNSTOCK_BRONZE
SBB,LATEST,balance_sheet,order,105.0,ACTUAL,VNSTOCK_BRONZE
SBB,LATEST,balance_sheet,level,2.0,ACTUAL,VNSTOCK_BRONZE
SBB,LATEST,balance_sheet,off_balance,0.0,ACTUAL,VNSTOCK_BRONZE
SBB,LATEST,balance_sheet,value,-51168810051.0,ACTUAL,VNSTOCK_BRONZE
SBB,LATEST,balance_sheet,order,106.0,ACTUAL,VNSTOCK_BRONZE
SBB,LATEST,balance_sheet,level,2.0,ACTUAL,VNSTOCK_BRONZE
SBB,LATEST,balance_sheet,off_balance,0.0,ACTUAL,VNSTOCK_BRONZE
SBB,LATEST,balance_sheet,value,0.0,ACTUAL,VNSTOCK_BRONZE
SBB,LATEST,balance_sheet,order,107.0,ACTUAL,VNSTOCK_BRONZE
SBB,LATEST,balance_sheet,level,2.0,ACTUAL,VNSTOCK_BRONZE
SBB,LATEST,balance_sheet,off_balance,0.0,ACTUAL,VNSTOCK_BRONZE
SBB,LATEST,balance_sheet,value,0.0,ACTUAL,VNSTOCK_BRONZE
SBB,LATEST,balance_sheet,order,108.0,ACTUAL,VNSTOCK_BRONZE
SBB,LATEST,balance_sheet,level,2.0,ACTUAL,VNSTOCK_BRONZE
SBB,LATEST,balance_sheet,off_balance,0.0,ACTUAL,VNSTOCK_BRONZE
SBB,LATEST,balance_sheet,value,0.0,ACTUAL,VNSTOCK_BRONZE
SBB,LATEST,balance_sheet,order,109.0,ACTUAL,VNSTOCK_BRONZE
SBB,LATEST,balance_sheet,level,2.0,ACTUAL,VNSTOCK_BRONZE
SBB,LATEST,balance_sheet,off_balance,0.0,ACTUAL,VNSTOCK_BRONZE
SBB,LATEST,balance_sheet,value,0.0,ACTUAL,VNSTOCK_BRONZE
SBB,LATEST,balance_sheet,order,110.0,ACTUAL,VNSTOCK_BRONZE
SBB,LATEST,balance_sheet,level,2.0,ACTUAL,VNSTOCK_BRONZE
SBB,LATEST,balance_sheet,off_balance,0.0,ACTUAL,VNSTOCK_BRONZE
SBB,LATEST,balance_sheet,value,0.0,ACTUAL,VNSTOCK_BRONZE
SBB,LATEST,balance_sheet,order,111.0,ACTUAL,VNSTOCK_BRONZE
SBB,LATEST,balance_sheet,level,2.0,ACTUAL,VNSTOCK_BRONZE
SBB,LATEST,balance_sheet,off_balance,0.0,ACTUAL,VNSTOCK_BRONZE
SBB,LATEST,balance_sheet,value,0.0,ACTUAL,VNSTOCK_BRONZE
SBB,LATEST,balance_sheet,order,112.0,ACTUAL,VNSTOCK_BRONZE
SBB,LATEST,balance_sheet,level,2.0,ACTUAL,VNSTOCK_BRONZE
SBB,LATEST,balance_sheet,off_balance,0.0,ACTUAL,VNSTOCK_BRONZE
SBB,LATEST,balance_sheet,value,-90068443044.0,ACTUAL,VNSTOCK_BRONZE
SBB,LATEST,balance_sheet,order,113.0,ACTUAL,VNSTOCK_BRONZE
SBB,LATEST,balance_sheet,level,3.0,ACTUAL,VNSTOCK_BRONZE
SBB,LATEST,balance_sheet,off_balance,0.0,ACTUAL,VNSTOCK_BRONZE
SBB,LATEST,balance_sheet,value,-132130904193.0,ACTUAL,VNSTOCK_BRONZE
SBB,LATEST,balance_sheet,order,114.0,ACTUAL,VNSTOCK_BRONZE
SBB,LATEST,balance_sheet,level,3.0,ACTUAL,VNSTOCK_BRONZE
SBB,LATEST,balance_sheet,off_balance,0.0,ACTUAL,VNSTOCK_BRONZE
SBB,LATEST,balance_sheet,value,42062461149.0,ACTUAL,VNSTOCK_BRONZE
SBB,LATEST,balance_sheet,order,115.0,ACTUAL,VNSTOCK_BRONZE
SBB,LATEST,balance_sheet,level,2.0,ACTUAL,VNSTOCK_BRONZE
SBB,LATEST,balance_sheet,off_balance,0.0,ACTUAL,VNSTOCK_BRONZE
SBB,LATEST,balance_sheet,value,0.0,ACTUAL,VNSTOCK_BRONZE
SBB,LATEST,balance_sheet,order,116.0,ACTUAL,VNSTOCK_BRONZE
SBB,LATEST,balance_sheet,level,1.0,ACTUAL,VNSTOCK_BRONZE
SBB,LATEST,balance_sheet,off_balance,0.0,ACTUAL,VNSTOCK_BRONZE
SBB,LATEST,balance_sheet,value,0.0,ACTUAL,VNSTOCK_BRONZE
SBB,LATEST,balance_sheet,order,117.0,ACTUAL,VNSTOCK_BRONZE
SBB,LATEST,balance_sheet,level,2.0,ACTUAL,VNSTOCK_BRONZE
SBB,LATEST,balance_sheet,off_balance,0.0,ACTUAL,VNSTOCK_BRONZE
SBB,LATEST,balance_sheet,value,0.0,ACTUAL,VNSTOCK_BRONZE
SBB,LATEST,balance_sheet,order,118.0,ACTUAL,VNSTOCK_BRONZE
SBB,LATEST,balance_sheet,level,1.0,ACTUAL,VNSTOCK_BRONZE
SBB,LATEST,balance_sheet,off_balance,0.0,ACTUAL,VNSTOCK_BRONZE
SBB,LATEST,balance_sheet,value,2171834539254.0,ACTUAL,VNSTOCK_BRONZE
SBB,LATEST,balance_sheet,order,1.0,ACTUAL,VNSTOCK_BRONZE
SBB,LATEST,balance_sheet,level,1.0,ACTUAL,VNSTOCK_BRONZE
SBB,LATEST,balance_sheet,off_balance,0.0,ACTUAL,VNSTOCK_BRONZE
SBB,LATEST,balance_sheet,value,824002322199.0,ACTUAL,VNSTOCK_BRONZE
SBB,LATEST,balance_sheet,order,2.0,ACTUAL,VNSTOCK_BRONZE
SBB,LATEST,balance_sheet,level,1.0,ACTUAL,VNSTOCK_BRONZE
SBB,LATEST,balance_sheet,off_balance,0.0,ACTUAL,VNSTOCK_BRONZE
SBB,LATEST,balance_sheet,value,210895551002.0,ACTUAL,VNSTOCK_BRONZE
SBB,LATEST,balance_sheet,order,3.0,ACTUAL,VNSTOCK_BRONZE
SBB,LATEST,balance_sheet,level,2.0,ACTUAL,VNSTOCK_BRONZE
SBB,LATEST,balance_sheet,off_balance,0.0,ACTUAL,VNSTOCK_BRONZE
SBB,LATEST,balance_sheet,value,119895551002.0,ACTUAL,VNSTOCK_BRONZE
SBB,LATEST,balance_sheet,order,4.0,ACTUAL,VNSTOCK_BRONZE
SBB,LATEST,balance_sheet,level,2.0,ACTUAL,VNSTOCK_BRONZE
SBB,LATEST,balance_sheet,off_balance,0.0,ACTUAL,VNSTOCK_BRONZE
SBB,LATEST,balance_sheet,value,91000000000.0,ACTUAL,VNSTOCK_BRONZE
SBB,LATEST,balance_sheet,order,5.0,ACTUAL,VNSTOCK_BRONZE
SBB,LATEST,balance_sheet,level,1.0,ACTUAL,VNSTOCK_BRONZE
SBB,LATEST,balance_sheet,off_balance,0.0,ACTUAL,VNSTOCK_BRONZE
SBB,LATEST,balance_sheet,value,78000000000.0,ACTUAL,VNSTOCK_BRONZE
SBB,LATEST,balance_sheet,order,6.0,ACTUAL,VNSTOCK_BRONZE
SBB,LATEST,balance_sheet,level,2.0,ACTUAL,VNSTOCK_BRONZE
SBB,LATEST,balance_sheet,off_balance,0.0,ACTUAL,VNSTOCK_BRONZE
SBB,LATEST,balance_sheet,value,0.0,ACTUAL,VNSTOCK_BRONZE
SBB,LATEST,balance_sheet,order,7.0,ACTUAL,VNSTOCK_BRONZE
SBB,LATEST,balance_sheet,level,2.0,ACTUAL,VNSTOCK_BRONZE
SBB,LATEST,balance_sheet,off_balance,0.0,ACTUAL,VNSTOCK_BRONZE
SBB,LATEST,balance_sheet,value,0.0,ACTUAL,VNSTOCK_BRONZE
SBB,LATEST,balance_sheet,order,8.0,ACTUAL,VNSTOCK_BRONZE
SBB,LATEST,balance_sheet,level,2.0,ACTUAL,VNSTOCK_BRONZE
SBB,LATEST,balance_sheet,off_balance,0.0,ACTUAL,VNSTOCK_BRONZE
SBB,LATEST,balance_sheet,value,78000000000.0,ACTUAL,VNSTOCK_BRONZE
SBB,LATEST,balance_sheet,order,9.0,ACTUAL,VNSTOCK_BRONZE
SBB,LATEST,balance_sheet,level,1.0,ACTUAL,VNSTOCK_BRONZE
SBB,LATEST,balance_sheet,off_balance,0.0,ACTUAL,VNSTOCK_BRONZE
SBB,LATEST,balance_sheet,value,222076367593.0,ACTUAL,VNSTOCK_BRONZE
SBB,LATEST,balance_sheet,order,10.0,ACTUAL,VNSTOCK_BRONZE
SBB,LATEST,balance_sheet,level,2.0,ACTUAL,VNSTOCK_BRONZE
SBB,LATEST,balance_sheet,off_balance,0.0,ACTUAL,VNSTOCK_BRONZE
SBB,LATEST,balance_sheet,value,449830182945.0,ACTUAL,VNSTOCK_BRONZE
SBB,LATEST,balance_sheet,order,11.0,ACTUAL,VNSTOCK_BRONZE
SBB,LATEST,balance_sheet,level,2.0,ACTUAL,VNSTOCK_BRONZE
SBB,LATEST,balance_sheet,off_balance,0.0,ACTUAL,VNSTOCK_BRONZE
SBB,LATEST,balance_sheet,value,17848784743.0,ACTUAL,VNSTOCK_BRONZE
SBB,LATEST,balance_sheet,order,12.0,ACTUAL,VNSTOCK_BRONZE
SBB,LATEST,balance_sheet,level,2.0,ACTUAL,VNSTOCK_BRONZE
SBB,LATEST,balance_sheet,off_balance,0.0,ACTUAL,VNSTOCK_BRONZE
SBB,LATEST,balance_sheet,value,0.0,ACTUAL,VNSTOCK_BRONZE
SBB,LATEST,balance_sheet,order,13.0,ACTUAL,VNSTOCK_BRONZE
SBB,LATEST,balance_sheet,level,2.0,ACTUAL,VNSTOCK_BRONZE
SBB,LATEST,balance_sheet,off_balance,0.0,ACTUAL,VNSTOCK_BRONZE
SBB,LATEST,balance_sheet,value,0.0,ACTUAL,VNSTOCK_BRONZE
SBB,LATEST,balance_sheet,order,14.0,ACTUAL,VNSTOCK_BRONZE
SBB,LATEST,balance_sheet,level,2.0,ACTUAL,VNSTOCK_BRONZE
SBB,LATEST,balance_sheet,off_balance,0.0,ACTUAL,VNSTOCK_BRONZE
SBB,LATEST,balance_sheet,value,0.0,ACTUAL,VNSTOCK_BRONZE
SBB,LATEST,balance_sheet,order,15.0,ACTUAL,VNSTOCK_BRONZE
SBB,LATEST,balance_sheet,level,2.0,ACTUAL,VNSTOCK_BRONZE
SBB,LATEST,balance_sheet,off_balance,0.0,ACTUAL,VNSTOCK_BRONZE
SBB,LATEST,balance_sheet,value,1566359500.0,ACTUAL,VNSTOCK_BRONZE
SBB,LATEST,balance_sheet,order,16.0,ACTUAL,VNSTOCK_BRONZE
SBB,LATEST,balance_sheet,level,2.0,ACTUAL,VNSTOCK_BRONZE
SBB,LATEST,balance_sheet,off_balance,0.0,ACTUAL,VNSTOCK_BRONZE
SBB,LATEST,balance_sheet,value,-247168959595.0,ACTUAL,VNSTOCK_BRONZE
SBB,LATEST,balance_sheet,order,17.0,ACTUAL,VNSTOCK_BRONZE
SBB,LATEST,balance_sheet,level,2.0,ACTUAL,VNSTOCK_BRONZE
SBB,LATEST,balance_sheet,off_balance,0.0,ACTUAL,VNSTOCK_BRONZE
SBB,LATEST,balance_sheet,value,0.0,ACTUAL,VNSTOCK_BRONZE
SBB,LATEST,balance_sheet,order,18.0,ACTUAL,VNSTOCK_BRONZE
SBB,LATEST,balance_sheet,level,1.0,ACTUAL,VNSTOCK_BRONZE
SBB,LATEST,balance_sheet,off_balance,0.0,ACTUAL,VNSTOCK_BRONZE
SBB,LATEST,balance_sheet,value,311524129812.0,ACTUAL,VNSTOCK_BRONZE
SBB,LATEST,balance_sheet,order,19.0,ACTUAL,VNSTOCK_BRONZE
SBB,LATEST,balance_sheet,level,2.0,ACTUAL,VNSTOCK_BRONZE
SBB,LATEST,balance_sheet,off_balance,0.0,ACTUAL,VNSTOCK_BRONZE
SBB,LATEST,balance_sheet,value,311524129812.0,ACTUAL,VNSTOCK_BRONZE
SBB,LATEST,balance_sheet,order,20.0,ACTUAL,VNSTOCK_BRONZE
SBB,LATEST,balance_sheet,level,2.0,ACTUAL,VNSTOCK_BRONZE
SBB,LATEST,balance_sheet,off_balance,0.0,ACTUAL,VNSTOCK_BRONZE
SBB,LATEST,balance_sheet,value,0.0,ACTUAL,VNSTOCK_BRONZE
SBB,LATEST,balance_sheet,order,21.0,ACTUAL,VNSTOCK_BRONZE
SBB,LATEST,balance_sheet,level,1.0,ACTUAL,VNSTOCK_BRONZE
SBB,LATEST,balance_sheet,off_balance,0.0,ACTUAL,VNSTOCK_BRONZE
SBB,LATEST,balance_sheet,value,1506273792.0,ACTUAL,VNSTOCK_BRONZE
SBB,LATEST,balance_sheet,order,22.0,ACTUAL,VNSTOCK_BRONZE
SBB,LATEST,balance_sheet,level,2.0,ACTUAL,VNSTOCK_BRONZE
SBB,LATEST,balance_sheet,off_balance,0.0,ACTUAL,VNSTOCK_BRONZE
SBB,LATEST,balance_sheet,value,499718946.0,ACTUAL,VNSTOCK_BRONZE
SBB,LATEST,balance_sheet,order,23.0,ACTUAL,VNSTOCK_BRONZE
SBB,LATEST,balance_sheet,level,2.0,ACTUAL,VNSTOCK_BRONZE
SBB,LATEST,balance_sheet,off_balance,0.0,ACTUAL,VNSTOCK_BRONZE
SBB,LATEST,balance_sheet,value,0.0,ACTUAL,VNSTOCK_BRONZE
SBB,LATEST,balance_sheet,order,24.0,ACTUAL,VNSTOCK_BRONZE
SBB,LATEST,balance_sheet,level,2.0,ACTUAL,VNSTOCK_BRONZE
SBB,LATEST,balance_sheet,off_balance,0.0,ACTUAL,VNSTOCK_BRONZE
SBB,LATEST,balance_sheet,value,1006554846.0,ACTUAL,VNSTOCK_BRONZE
SBB,LATEST,balance_sheet,order,25.0,ACTUAL,VNSTOCK_BRONZE
SBB,LATEST,balance_sheet,level,2.0,ACTUAL,VNSTOCK_BRONZE
SBB,LATEST,balance_sheet,off_balance,0.0,ACTUAL,VNSTOCK_BRONZE
SBB,LATEST,balance_sheet,value,0.0,ACTUAL,VNSTOCK_BRONZE
SBB,LATEST,balance_sheet,order,26.0,ACTUAL,VNSTOCK_BRONZE
SBB,LATEST,balance_sheet,level,1.0,ACTUAL,VNSTOCK_BRONZE
SBB,LATEST,balance_sheet,off_balance,0.0,ACTUAL,VNSTOCK_BRONZE
SBB,LATEST,balance_sheet,value,1324899658957.0,ACTUAL,VNSTOCK_BRONZE
SBB,LATEST,balance_sheet,order,27.0,ACTUAL,VNSTOCK_BRONZE
SBB,LATEST,balance_sheet,level,1.0,ACTUAL,VNSTOCK_BRONZE
SBB,LATEST,balance_sheet,off_balance,0.0,ACTUAL,VNSTOCK_BRONZE
SBB,LATEST,balance_sheet,value,20440000.0,ACTUAL,VNSTOCK_BRONZE
SBB,LATEST,balance_sheet,order,28.0,ACTUAL,VNSTOCK_BRONZE
SBB,LATEST,balance_sheet,level,2.0,ACTUAL,VNSTOCK_BRONZE
SBB,LATEST,balance_sheet,off_balance,0.0,ACTUAL,VNSTOCK_BRONZE
SBB,LATEST,balance_sheet,value,0.0,ACTUAL,VNSTOCK_BRONZE
SBB,LATEST,balance_sheet,order,29.0,ACTUAL,VNSTOCK_BRONZE
SBB,LATEST,balance_sheet,level,2.0,ACTUAL,VNSTOCK_BRONZE
SBB,LATEST,balance_sheet,off_balance,0.0,ACTUAL,VNSTOCK_BRONZE
SBB,LATEST,balance_sheet,value,0.0,ACTUAL,VNSTOCK_BRONZE
SBB,LATEST,balance_sheet,order,30.0,ACTUAL,VNSTOCK_BRONZE
SBB,LATEST,balance_sheet,level,2.0,ACTUAL,VNSTOCK_BRONZE
SBB,LATEST,balance_sheet,off_balance,0.0,ACTUAL,VNSTOCK_BRONZE
SBB,LATEST,balance_sheet,value,0.0,ACTUAL,VNSTOCK_BRONZE
SBB,LATEST,balance_sheet,order,31.0,ACTUAL,VNSTOCK_BRONZE
SBB,LATEST,balance_sheet,level,2.0,ACTUAL,VNSTOCK_BRONZE
SBB,LATEST,balance_sheet,off_balance,0.0,ACTUAL,VNSTOCK_BRONZE
SBB,LATEST,balance_sheet,value,0.0,ACTUAL,VNSTOCK_BRONZE
SBB,LATEST,balance_sheet,order,32.0,ACTUAL,VNSTOCK_BRONZE
SBB,LATEST,balance_sheet,level,2.0,ACTUAL,VNSTOCK_BRONZE
SBB,LATEST,balance_sheet,off_balance,0.0,ACTUAL,VNSTOCK_BRONZE
SBB,LATEST,balance_sheet,value,20440000.0,ACTUAL,VNSTOCK_BRONZE
SBB,LATEST,balance_sheet,order,33.0,ACTUAL,VNSTOCK_BRONZE
SBB,LATEST,balance_sheet,level,2.0,ACTUAL,VNSTOCK_BRONZE
SBB,LATEST,balance_sheet,off_balance,0.0,ACTUAL,VNSTOCK_BRONZE
SBB,LATEST,balance_sheet,value,-0.0,ACTUAL,VNSTOCK_BRONZE
SBB,LATEST,balance_sheet,order,34.0,ACTUAL,VNSTOCK_BRONZE
SBB,LATEST,balance_sheet,level,1.0,ACTUAL,VNSTOCK_BRONZE
SBB,LATEST,balance_sheet,off_balance,0.0,ACTUAL,VNSTOCK_BRONZE
SBB,LATEST,balance_sheet,value,1052403270060.0,ACTUAL,VNSTOCK_BRONZE
SBB,LATEST,balance_sheet,order,35.0,ACTUAL,VNSTOCK_BRONZE
SBB,LATEST,balance_sheet,level,2.0,ACTUAL,VNSTOCK_BRONZE
SBB,LATEST,balance_sheet,off_balance,0.0,ACTUAL,VNSTOCK_BRONZE
SBB,LATEST,balance_sheet,value,988153302669.0,ACTUAL,VNSTOCK_BRONZE
SBB,LATEST,balance_sheet,order,36.0,ACTUAL,VNSTOCK_BRONZE
SBB,LATEST,balance_sheet,level,3.0,ACTUAL,VNSTOCK_BRONZE
SBB,LATEST,balance_sheet,off_balance,0.0,ACTUAL,VNSTOCK_BRONZE
SBB,LATEST,balance_sheet,value,3858528751688.0,ACTUAL,VNSTOCK_BRONZE
SBB,LATEST,balance_sheet,order,37.0,ACTUAL,VNSTOCK_BRONZE
SBB,LATEST,balance_sheet,level,3.0,ACTUAL,VNSTOCK_BRONZE
SBB,LATEST,balance_sheet,off_balance,0.0,ACTUAL,VNSTOCK_BRONZE
SBB,LATEST,balance_sheet,value,-2870375449019.0,ACTUAL,VNSTOCK_BRONZE
SBB,LATEST,balance_sheet,order,38.0,ACTUAL,VNSTOCK_BRONZE
SBB,LATEST,balance_sheet,level,2.0,ACTUAL,VNSTOCK_BRONZE
SBB,LATEST,balance_sheet,off_balance,0.0,ACTUAL,VNSTOCK_BRONZE
SBB,LATEST,balance_sheet,value,0.0,ACTUAL,VNSTOCK_BRONZE
SBB,LATEST,balance_sheet,order,39.0,ACTUAL,VNSTOCK_BRONZE
SBB,LATEST,balance_sheet,level,3.0,ACTUAL,VNSTOCK_BRONZE
SBB,LATEST,balance_sheet,off_balance,0.0,ACTUAL,VNSTOCK_BRONZE
SBB,LATEST,balance_sheet,value,0.0,ACTUAL,VNSTOCK_BRONZE
SBB,LATEST,balance_sheet,order,40.0,ACTUAL,VNSTOCK_BRONZE
SBB,LATEST,balance_sheet,level,3.0,ACTUAL,VNSTOCK_BRONZE
SBB,LATEST,balance_sheet,off_balance,0.0,ACTUAL,VNSTOCK_BRONZE
SBB,LATEST,balance_sheet,value,-0.0,ACTUAL,VNSTOCK_BRONZE
SBB,LATEST,balance_sheet,order,41.0,ACTUAL,VNSTOCK_BRONZE
SBB,LATEST,balance_sheet,level,2.0,ACTUAL,VNSTOCK_BRONZE
SBB,LATEST,balance_sheet,off_balance,0.0,ACTUAL,VNSTOCK_BRONZE
SBB,LATEST,balance_sheet,value,64249967391.0,ACTUAL,VNSTOCK_BRONZE
SBB,LATEST,balance_sheet,order,42.0,ACTUAL,VNSTOCK_BRONZE
SBB,LATEST,balance_sheet,level,3.0,ACTUAL,VNSTOCK_BRONZE
SBB,LATEST,balance_sheet,off_balance,0.0,ACTUAL,VNSTOCK_BRONZE
SBB,LATEST,balance_sheet,value,89074087377.0,ACTUAL,VNSTOCK_BRONZE
SBB,LATEST,balance_sheet,order,43.0,ACTUAL,VNSTOCK_BRONZE
SBB,LATEST,balance_sheet,level,3.0,ACTUAL,VNSTOCK_BRONZE
SBB,LATEST,balance_sheet,off_balance,0.0,ACTUAL,VNSTOCK_BRONZE
SBB,LATEST,balance_sheet,value,-24824119986.0,ACTUAL,VNSTOCK_BRONZE
SBB,LATEST,balance_sheet,order,44.0,ACTUAL,VNSTOCK_BRONZE
SBB,LATEST,balance_sheet,level,1.0,ACTUAL,VNSTOCK_BRONZE
SBB,LATEST,balance_sheet,off_balance,0.0,ACTUAL,VNSTOCK_BRONZE
SBB,LATEST,balance_sheet,value,0.0,ACTUAL,VNSTOCK_BRONZE
SBB,LATEST,balance_sheet,order,45.0,ACTUAL,VNSTOCK_BRONZE
SBB,LATEST,balance_sheet,level,2.0,ACTUAL,VNSTOCK_BRONZE
SBB,LATEST,balance_sheet,off_balance,0.0,ACTUAL,VNSTOCK_BRONZE
SBB,LATEST,balance_sheet,value,0.0,ACTUAL,VNSTOCK_BRONZE
SBB,LATEST,balance_sheet,order,46.0,ACTUAL,VNSTOCK_BRONZE
SBB,LATEST,balance_sheet,level,2.0,ACTUAL,VNSTOCK_BRONZE
SBB,LATEST,balance_sheet,off_balance,0.0,ACTUAL,VNSTOCK_BRONZE
SBB,LATEST,balance_sheet,value,-0.0,ACTUAL,VNSTOCK_BRONZE
SBB,LATEST,balance_sheet,order,47.0,ACTUAL,VNSTOCK_BRONZE
SBB,LATEST,balance_sheet,level,1.0,ACTUAL,VNSTOCK_BRONZE
SBB,LATEST,balance_sheet,off_balance,0.0,ACTUAL,VNSTOCK_BRONZE
SBB,LATEST,balance_sheet,value,424297740.0,ACTUAL,VNSTOCK_BRONZE
SBB,LATEST,balance_sheet,order,48.0,ACTUAL,VNSTOCK_BRONZE
SBB,LATEST,balance_sheet,level,2.0,ACTUAL,VNSTOCK_BRONZE
SBB,LATEST,balance_sheet,off_balance,0.0,ACTUAL,VNSTOCK_BRONZE
SBB,LATEST,balance_sheet,value,0.0,ACTUAL,VNSTOCK_BRONZE
SBB,LATEST,balance_sheet,order,49.0,ACTUAL,VNSTOCK_BRONZE
SBB,LATEST,balance_sheet,level,2.0,ACTUAL,VNSTOCK_BRONZE
SBB,LATEST,balance_sheet,off_balance,0.0,ACTUAL,VNSTOCK_BRONZE
SBB,LATEST,balance_sheet,value,424297740.0,ACTUAL,VNSTOCK_BRONZE
SBB,LATEST,balance_sheet,order,50.0,ACTUAL,VNSTOCK_BRONZE
SBB,LATEST,balance_sheet,level,1.0,ACTUAL,VNSTOCK_BRONZE
SBB,LATEST,balance_sheet,off_balance,0.0,ACTUAL,VNSTOCK_BRONZE
SBB,LATEST,balance_sheet,value,207227062473.0,ACTUAL,VNSTOCK_BRONZE
SBB,LATEST,balance_sheet,order,51.0,ACTUAL,VNSTOCK_BRONZE
SBB,LATEST,balance_sheet,level,2.0,ACTUAL,VNSTOCK_BRONZE
SBB,LATEST,balance_sheet,off_balance,0.0,ACTUAL,VNSTOCK_BRONZE
SBB,LATEST,balance_sheet,value,0.0,ACTUAL,VNSTOCK_BRONZE
SBB,LATEST,balance_sheet,order,52.0,ACTUAL,VNSTOCK_BRONZE
SBB,LATEST,balance_sheet,level,2.0,ACTUAL,VNSTOCK_BRONZE
SBB,LATEST,balance_sheet,off_balance,0.0,ACTUAL,VNSTOCK_BRONZE
SBB,LATEST,balance_sheet,value,186560212473.0,ACTUAL,VNSTOCK_BRONZE
SBB,LATEST,balance_sheet,order,53.0,ACTUAL,VNSTOCK_BRONZE
SBB,LATEST,balance_sheet,level,2.0,ACTUAL,VNSTOCK_BRONZE
SBB,LATEST,balance_sheet,off_balance,0.0,ACTUAL,VNSTOCK_BRONZE
SBB,LATEST,balance_sheet,value,22166850000.0,ACTUAL,VNSTOCK_BRONZE
SBB,LATEST,balance_sheet,order,54.0,ACTUAL,VNSTOCK_BRONZE
SBB,LATEST,balance_sheet,level,2.0,ACTUAL,VNSTOCK_BRONZE
SBB,LATEST,balance_sheet,off_balance,0.0,ACTUAL,VNSTOCK_BRONZE
SBB,LATEST,balance_sheet,value,-1500000000.0,ACTUAL,VNSTOCK_BRONZE
SBB,LATEST,balance_sheet,order,55.0,ACTUAL,VNSTOCK_BRONZE
SBB,LATEST,balance_sheet,level,2.0,ACTUAL,VNSTOCK_BRONZE
SBB,LATEST,balance_sheet,off_balance,0.0,ACTUAL,VNSTOCK_BRONZE
SBB,LATEST,balance_sheet,value,0.0,ACTUAL,VNSTOCK_BRONZE
SBB,LATEST,balance_sheet,order,56.0,ACTUAL,VNSTOCK_BRONZE
SBB,LATEST,balance_sheet,level,1.0,ACTUAL,VNSTOCK_BRONZE
SBB,LATEST,balance_sheet,off_balance,0.0,ACTUAL,VNSTOCK_BRONZE
SBB,LATEST,balance_sheet,value,64824588684.0,ACTUAL,VNSTOCK_BRONZE
SBB,LATEST,balance_sheet,order,57.0,ACTUAL,VNSTOCK_BRONZE
SBB,LATEST,balance_sheet,level,2.0,ACTUAL,VNSTOCK_BRONZE
SBB,LATEST,balance_sheet,off_balance,0.0,ACTUAL,VNSTOCK_BRONZE
SBB,LATEST,balance_sheet,value,0.0,ACTUAL,VNSTOCK_BRONZE
SBB,LATEST,balance_sheet,order,58.0,ACTUAL,VNSTOCK_BRONZE
SBB,LATEST,balance_sheet,level,2.0,ACTUAL,VNSTOCK_BRONZE
SBB,LATEST,balance_sheet,off_balance,0.0,ACTUAL,VNSTOCK_BRONZE
SBB,LATEST,balance_sheet,value,45082946025.0,ACTUAL,VNSTOCK_BRONZE
SBB,LATEST,balance_sheet,order,59.0,ACTUAL,VNSTOCK_BRONZE
SBB,LATEST,balance_sheet,level,2.0,ACTUAL,VNSTOCK_BRONZE
SBB,LATEST,balance_sheet,off_balance,0.0,ACTUAL,VNSTOCK_BRONZE
SBB,LATEST,balance_sheet,value,0.0,ACTUAL,VNSTOCK_BRONZE
SBB,LATEST,balance_sheet,order,60.0,ACTUAL,VNSTOCK_BRONZE
SBB,LATEST,balance_sheet,level,2.0,ACTUAL,VNSTOCK_BRONZE
SBB,LATEST,balance_sheet,off_balance,0.0,ACTUAL,VNSTOCK_BRONZE
SBB,LATEST,balance_sheet,value,19741642659.0,ACTUAL,VNSTOCK_BRONZE
SBB,LATEST,balance_sheet,order,61.0,ACTUAL,VNSTOCK_BRONZE
SBB,LATEST,balance_sheet,level,2.0,ACTUAL,VNSTOCK_BRONZE
SBB,LATEST,balance_sheet,off_balance,0.0,ACTUAL,VNSTOCK_BRONZE
SBB,LATEST,balance_sheet,value,0.0,ACTUAL,VNSTOCK_BRONZE
SBB,LATEST,balance_sheet,order,62.0,ACTUAL,VNSTOCK_BRONZE
SBB,LATEST,balance_sheet,level,2.0,ACTUAL,VNSTOCK_BRONZE
SBB,LATEST,balance_sheet,off_balance,0.0,ACTUAL,VNSTOCK_BRONZE
SBB,LATEST,balance_sheet,value,0.0,ACTUAL,VNSTOCK_BRONZE
SBB,LATEST,balance_sheet,order,63.0,ACTUAL,VNSTOCK_BRONZE
SBB,LATEST,balance_sheet,level,1.0,ACTUAL,VNSTOCK_BRONZE
SBB,LATEST,balance_sheet,off_balance,0.0,ACTUAL,VNSTOCK_BRONZE
SBB,LATEST,balance_sheet,value,2148901981156.0,ACTUAL,VNSTOCK_BRONZE
SBB,LATEST,balance_sheet,order,64.0,ACTUAL,VNSTOCK_BRONZE
SBB,LATEST,balance_sheet,level,1.0,ACTUAL,VNSTOCK_BRONZE
SBB,LATEST,balance_sheet,off_balance,0.0,ACTUAL,VNSTOCK_BRONZE
SBB,LATEST,balance_sheet,value,1003467341325.0,ACTUAL,VNSTOCK_BRONZE
SBB,LATEST,balance_sheet,order,65.0,ACTUAL,VNSTOCK_BRONZE
SBB,LATEST,balance_sheet,level,1.0,ACTUAL,VNSTOCK_BRONZE
SBB,LATEST,balance_sheet,off_balance,0.0,ACTUAL,VNSTOCK_BRONZE
SBB,LATEST,balance_sheet,value,881095291036.0,ACTUAL,VNSTOCK_BRONZE
SBB,LATEST,balance_sheet,order,66.0,ACTUAL,VNSTOCK_BRONZE
SBB,LATEST,balance_sheet,level,2.0,ACTUAL,VNSTOCK_BRONZE
SBB,LATEST,balance_sheet,off_balance,0.0,ACTUAL,VNSTOCK_BRONZE
SBB,LATEST,balance_sheet,value,0.0,ACTUAL,VNSTOCK_BRONZE
SBB,LATEST,balance_sheet,order,67.0,ACTUAL,VNSTOCK_BRONZE
SBB,LATEST,balance_sheet,level,2.0,ACTUAL,VNSTOCK_BRONZE
SBB,LATEST,balance_sheet,off_balance,0.0,ACTUAL,VNSTOCK_BRONZE
SBB,LATEST,balance_sheet,value,0.0,ACTUAL,VNSTOCK_BRONZE
SBB,LATEST,balance_sheet,order,68.0,ACTUAL,VNSTOCK_BRONZE
SBB,LATEST,balance_sheet,level,2.0,ACTUAL,VNSTOCK_BRONZE
SBB,LATEST,balance_sheet,off_balance,0.0,ACTUAL,VNSTOCK_BRONZE
SBB,LATEST,balance_sheet,value,0.0,ACTUAL,VNSTOCK_BRONZE
SBB,LATEST,balance_sheet,order,69.0,ACTUAL,VNSTOCK_BRONZE
SBB,LATEST,balance_sheet,level,2.0,ACTUAL,VNSTOCK_BRONZE
SBB,LATEST,balance_sheet,off_balance,0.0,ACTUAL,VNSTOCK_BRONZE
SBB,LATEST,balance_sheet,value,109562583841.0,ACTUAL,VNSTOCK_BRONZE
SBB,LATEST,balance_sheet,order,70.0,ACTUAL,VNSTOCK_BRONZE
SBB,LATEST,balance_sheet,level,2.0,ACTUAL,VNSTOCK_BRONZE
SBB,LATEST,balance_sheet,off_balance,0.0,ACTUAL,VNSTOCK_BRONZE
SBB,LATEST,balance_sheet,value,18698878094.0,ACTUAL,VNSTOCK_BRONZE
SBB,LATEST,balance_sheet,order,71.0,ACTUAL,VNSTOCK_BRONZE
SBB,LATEST,balance_sheet,level,2.0,ACTUAL,VNSTOCK_BRONZE
SBB,LATEST,balance_sheet,off_balance,0.0,ACTUAL,VNSTOCK_BRONZE
SBB,LATEST,balance_sheet,value,430029806920.0,ACTUAL,VNSTOCK_BRONZE
SBB,LATEST,balance_sheet,order,72.0,ACTUAL,VNSTOCK_BRONZE
SBB,LATEST,balance_sheet,level,2.0,ACTUAL,VNSTOCK_BRONZE
SBB,LATEST,balance_sheet,off_balance,0.0,ACTUAL,VNSTOCK_BRONZE
SBB,LATEST,balance_sheet,value,6403371185.0,ACTUAL,VNSTOCK_BRONZE
SBB,LATEST,balance_sheet,order,73.0,ACTUAL,VNSTOCK_BRONZE
SBB,LATEST,balance_sheet,level,2.0,ACTUAL,VNSTOCK_BRONZE
SBB,LATEST,balance_sheet,off_balance,0.0,ACTUAL,VNSTOCK_BRONZE
SBB,LATEST,balance_sheet,value,2762587698.0,ACTUAL,VNSTOCK_BRONZE
SBB,LATEST,balance_sheet,order,74.0,ACTUAL,VNSTOCK_BRONZE
SBB,LATEST,balance_sheet,level,2.0,ACTUAL,VNSTOCK_BRONZE
SBB,LATEST,balance_sheet,off_balance,0.0,ACTUAL,VNSTOCK_BRONZE
SBB,LATEST,balance_sheet,value,0.0,ACTUAL,VNSTOCK_BRONZE
SBB,LATEST,balance_sheet,order,75.0,ACTUAL,VNSTOCK_BRONZE
SBB,LATEST,balance_sheet,level,2.0,ACTUAL,VNSTOCK_BRONZE
SBB,LATEST,balance_sheet,off_balance,0.0,ACTUAL,VNSTOCK_BRONZE
SBB,LATEST,balance_sheet,value,0.0,ACTUAL,VNSTOCK_BRONZE
SBB,LATEST,balance_sheet,order,76.0,ACTUAL,VNSTOCK_BRONZE
SBB,LATEST,balance_sheet,level,2.0,ACTUAL,VNSTOCK_BRONZE
SBB,LATEST,balance_sheet,off_balance,0.0,ACTUAL,VNSTOCK_BRONZE
SBB,LATEST,balance_sheet,value,32201163055.0,ACTUAL,VNSTOCK_BRONZE
SBB,LATEST,balance_sheet,order,77.0,ACTUAL,VNSTOCK_BRONZE
SBB,LATEST,balance_sheet,level,2.0,ACTUAL,VNSTOCK_BRONZE
SBB,LATEST,balance_sheet,off_balance,0.0,ACTUAL,VNSTOCK_BRONZE
SBB,LATEST,balance_sheet,value,281098675778.0,ACTUAL,VNSTOCK_BRONZE
SBB,LATEST,balance_sheet,order,78.0,ACTUAL,VNSTOCK_BRONZE
SBB,LATEST,balance_sheet,level,2.0,ACTUAL,VNSTOCK_BRONZE
SBB,LATEST,balance_sheet,off_balance,0.0,ACTUAL,VNSTOCK_BRONZE
SBB,LATEST,balance_sheet,value,0.0,ACTUAL,VNSTOCK_BRONZE
SBB,LATEST,balance_sheet,order,79.0,ACTUAL,VNSTOCK_BRONZE
SBB,LATEST,balance_sheet,level,2.0,ACTUAL,VNSTOCK_BRONZE
SBB,LATEST,balance_sheet,off_balance,0.0,ACTUAL,VNSTOCK_BRONZE
SBB,LATEST,balance_sheet,value,338224465.0,ACTUAL,VNSTOCK_BRONZE
SBB,LATEST,balance_sheet,order,80.0,ACTUAL,VNSTOCK_BRONZE
SBB,LATEST,balance_sheet,level,2.0,ACTUAL,VNSTOCK_BRONZE
SBB,LATEST,balance_sheet,off_balance,0.0,ACTUAL,VNSTOCK_BRONZE
SBB,LATEST,balance_sheet,value,0.0,ACTUAL,VNSTOCK_BRONZE
SBB,LATEST,balance_sheet,order,81.0,ACTUAL,VNSTOCK_BRONZE
SBB,LATEST,balance_sheet,level,2.0,ACTUAL,VNSTOCK_BRONZE
SBB,LATEST,balance_sheet,off_balance,0.0,ACTUAL,VNSTOCK_BRONZE
SBB,LATEST,balance_sheet,value,0.0,ACTUAL,VNSTOCK_BRONZE
SBB,LATEST,balance_sheet,order,82.0,ACTUAL,VNSTOCK_BRONZE
SBB,LATEST,balance_sheet,level,1.0,ACTUAL,VNSTOCK_BRONZE
SBB,LATEST,balance_sheet,off_balance,0.0,ACTUAL,VNSTOCK_BRONZE
SBB,LATEST,balance_sheet,value,122372050289.0,ACTUAL,VNSTOCK_BRONZE
SBB,LATEST,balance_sheet,order,83.0,ACTUAL,VNSTOCK_BRONZE
SBB,LATEST,balance_sheet,level,2.0,ACTUAL,VNSTOCK_BRONZE
SBB,LATEST,balance_sheet,off_balance,0.0,ACTUAL,VNSTOCK_BRONZE
SBB,LATEST,balance_sheet,value,0.0,ACTUAL,VNSTOCK_BRONZE
SBB,LATEST,balance_sheet,order,84.0,ACTUAL,VNSTOCK_BRONZE
SBB,LATEST,balance_sheet,level,2.0,ACTUAL,VNSTOCK_BRONZE
SBB,LATEST,balance_sheet,off_balance,0.0,ACTUAL,VNSTOCK_BRONZE
SBB,LATEST,balance_sheet,order,85.0,ACTUAL,VNSTOCK_BRONZE
SBB,LATEST,balance_sheet,level,2.0,ACTUAL,VNSTOCK_BRONZE
SBB,LATEST,balance_sheet,off_balance,0.0,ACTUAL,VNSTOCK_BRONZE
SBB,LATEST,balance_sheet,value,0.0,ACTUAL,VNSTOCK_BRONZE
SBB,LATEST,balance_sheet,order,86.0,ACTUAL,VNSTOCK_BRONZE
SBB,LATEST,balance_sheet,level,2.0,ACTUAL,VNSTOCK_BRONZE
SBB,LATEST,balance_sheet,off_balance,0.0,ACTUAL,VNSTOCK_BRONZE
SBB,LATEST,balance_sheet,value,0.0,ACTUAL,VNSTOCK_BRONZE
SBB,LATEST,balance_sheet,order,87.0,ACTUAL,VNSTOCK_BRONZE
SBB,LATEST,balance_sheet,level,2.0,ACTUAL,VNSTOCK_BRONZE
SBB,LATEST,balance_sheet,off_balance,0.0,ACTUAL,VNSTOCK_BRONZE
SBB,LATEST,balance_sheet,value,0.0,ACTUAL,VNSTOCK_BRONZE
SBB,LATEST,balance_sheet,order,88.0,ACTUAL,VNSTOCK_BRONZE
SBB,LATEST,balance_sheet,level,2.0,ACTUAL,VNSTOCK_BRONZE
SBB,LATEST,balance_sheet,off_balance,0.0,ACTUAL,VNSTOCK_BRONZE
SBB,LATEST,balance_sheet,value,0.0,ACTUAL,VNSTOCK_BRONZE
SBB,LATEST,balance_sheet,order,89.0,ACTUAL,VNSTOCK_BRONZE
SBB,LATEST,balance_sheet,level,2.0,ACTUAL,VNSTOCK_BRONZE
SBB,LATEST,balance_sheet,off_balance,0.0,ACTUAL,VNSTOCK_BRONZE
SBB,LATEST,balance_sheet,value,0.0,ACTUAL,VNSTOCK_BRONZE
SBB,LATEST,balance_sheet,order,90.0,ACTUAL,VNSTOCK_BRONZE
SBB,LATEST,balance_sheet,level,2.0,ACTUAL,VNSTOCK_BRONZE
SBB,LATEST,balance_sheet,off_balance,0.0,ACTUAL,VNSTOCK_BRONZE
SBB,LATEST,balance_sheet,value,0.0,ACTUAL,VNSTOCK_BRONZE
SBB,LATEST,balance_sheet,order,91.0,ACTUAL,VNSTOCK_BRONZE
SBB,LATEST,balance_sheet,level,2.0,ACTUAL,VNSTOCK_BRONZE
SBB,LATEST,balance_sheet,off_balance,0.0,ACTUAL,VNSTOCK_BRONZE
SBB,LATEST,balance_sheet,value,0.0,ACTUAL,VNSTOCK_BRONZE
SBB,LATEST,balance_sheet,order,92.0,ACTUAL,VNSTOCK_BRONZE
SBB,LATEST,balance_sheet,level,2.0,ACTUAL,VNSTOCK_BRONZE
SBB,LATEST,balance_sheet,off_balance,0.0,ACTUAL,VNSTOCK_BRONZE
SBB,LATEST,balance_sheet,value,0.0,ACTUAL,VNSTOCK_BRONZE
SBB,LATEST,balance_sheet,order,93.0,ACTUAL,VNSTOCK_BRONZE
SBB,LATEST,balance_sheet,level,2.0,ACTUAL,VNSTOCK_BRONZE
SBB,LATEST,balance_sheet,off_balance,0.0,ACTUAL,VNSTOCK_BRONZE
SBB,LATEST,balance_sheet,value,122372050289.0,ACTUAL,VNSTOCK_BRONZE
SBB,LATEST,balance_sheet,order,94.0,ACTUAL,VNSTOCK_BRONZE
SBB,LATEST,balance_sheet,level,2.0,ACTUAL,VNSTOCK_BRONZE
SBB,LATEST,balance_sheet,off_balance,0.0,ACTUAL,VNSTOCK_BRONZE
SBB,LATEST,balance_sheet,value,0.0,ACTUAL,VNSTOCK_BRONZE
SBB,LATEST,balance_sheet,order,95.0,ACTUAL,VNSTOCK_BRONZE
SBB,LATEST,balance_sheet,level,2.0,ACTUAL,VNSTOCK_BRONZE
SBB,LATEST,balance_sheet,off_balance,0.0,ACTUAL,VNSTOCK_BRONZE
SBB,LATEST,balance_sheet,value,0.0,ACTUAL,VNSTOCK_BRONZE
SBB,LATEST,balance_sheet,order,96.0,ACTUAL,VNSTOCK_BRONZE
SBB,LATEST,balance_sheet,level,1.0,ACTUAL,VNSTOCK_BRONZE
SBB,LATEST,balance_sheet,off_balance,0.0,ACTUAL,VNSTOCK_BRONZE
SBB,LATEST,balance_sheet,value,1145434639831.0,ACTUAL,VNSTOCK_BRONZE
SBB,LATEST,balance_sheet,order,97.0,ACTUAL,VNSTOCK_BRONZE
SBB,LATEST,balance_sheet,level,1.0,ACTUAL,VNSTOCK_BRONZE
SBB,LATEST,balance_sheet,off_balance,0.0,ACTUAL,VNSTOCK_BRONZE
SBB,LATEST,balance_sheet,value,1145434639831.0,ACTUAL,VNSTOCK_BRONZE
SBB,LATEST,balance_sheet,order,98.0,ACTUAL,VNSTOCK_BRONZE
SBB,LATEST,balance_sheet,level,2.0,ACTUAL,VNSTOCK_BRONZE
SBB,LATEST,balance_sheet,off_balance,0.0,ACTUAL,VNSTOCK_BRONZE
SBB,LATEST,balance_sheet,value,0.0,ACTUAL,VNSTOCK_BRONZE
SBB,LATEST,balance_sheet,order,99.0,ACTUAL,VNSTOCK_BRONZE
SBB,LATEST,balance_sheet,level,2.0,ACTUAL,VNSTOCK_BRONZE
SBB,LATEST,balance_sheet,off_balance,0.0,ACTUAL,VNSTOCK_BRONZE
SBB,LATEST,balance_sheet,value,0.0,ACTUAL,VNSTOCK_BRONZE
SBB,LATEST,balance_sheet,order,100.0,ACTUAL,VNSTOCK_BRONZE
SBB,LATEST,balance_sheet,level,2.0,ACTUAL,VNSTOCK_BRONZE
SBB,LATEST,balance_sheet,off_balance,0.0,ACTUAL,VNSTOCK_BRONZE
SBB,LATEST,balance_sheet,value,0.0,ACTUAL,VNSTOCK_BRONZE
SBB,LATEST,balance_sheet,order,101.0,ACTUAL,VNSTOCK_BRONZE
SBB,LATEST,balance_sheet,level,2.0,ACTUAL,VNSTOCK_BRONZE
SBB,LATEST,balance_sheet,off_balance,0.0,ACTUAL,VNSTOCK_BRONZE
SBB,LATEST,balance_sheet,value,0.0,ACTUAL,VNSTOCK_BRONZE
SBB,LATEST,balance_sheet,order,102.0,ACTUAL,VNSTOCK_BRONZE
SBB,LATEST,balance_sheet,level,2.0,ACTUAL,VNSTOCK_BRONZE
SBB,LATEST,balance_sheet,off_balance,0.0,ACTUAL,VNSTOCK_BRONZE
SBB,LATEST,balance_sheet,value,875245360000.0,ACTUAL,VNSTOCK_BRONZE
SBB,LATEST,balance_sheet,order,103.0,ACTUAL,VNSTOCK_BRONZE
SBB,LATEST,balance_sheet,level,3.0,ACTUAL,VNSTOCK_BRONZE
SBB,LATEST,balance_sheet,off_balance,0.0,ACTUAL,VNSTOCK_BRONZE
SBB,LATEST,balance_sheet,value,875245360000.0,ACTUAL,VNSTOCK_BRONZE
SBB,LATEST,balance_sheet,order,104.0,ACTUAL,VNSTOCK_BRONZE
SBB,LATEST,balance_sheet,level,2.0,ACTUAL,VNSTOCK_BRONZE
SBB,LATEST,balance_sheet,off_balance,0.0,ACTUAL,VNSTOCK_BRONZE
SBB,LATEST,balance_sheet,value,436708750464.0,ACTUAL,VNSTOCK_BRONZE
SBB,LATEST,balance_sheet,order,105.0,ACTUAL,VNSTOCK_BRONZE
SBB,LATEST,balance_sheet,level,2.0,ACTUAL,VNSTOCK_BRONZE
SBB,LATEST,balance_sheet,off_balance,0.0,ACTUAL,VNSTOCK_BRONZE
SBB,LATEST,balance_sheet,value,-51168810051.0,ACTUAL,VNSTOCK_BRONZE
SBB,LATEST,balance_sheet,order,106.0,ACTUAL,VNSTOCK_BRONZE
SBB,LATEST,balance_sheet,level,2.0,ACTUAL,VNSTOCK_BRONZE
SBB,LATEST,balance_sheet,off_balance,0.0,ACTUAL,VNSTOCK_BRONZE
SBB,LATEST,balance_sheet,value,0.0,ACTUAL,VNSTOCK_BRONZE
SBB,LATEST,balance_sheet,order,107.0,ACTUAL,VNSTOCK_BRONZE
SBB,LATEST,balance_sheet,level,2.0,ACTUAL,VNSTOCK_BRONZE
SBB,LATEST,balance_sheet,off_balance,0.0,ACTUAL,VNSTOCK_BRONZE
SBB,LATEST,balance_sheet,value,0.0,ACTUAL,VNSTOCK_BRONZE
SBB,LATEST,balance_sheet,order,108.0,ACTUAL,VNSTOCK_BRONZE
SBB,LATEST,balance_sheet,level,2.0,ACTUAL,VNSTOCK_BRONZE
SBB,LATEST,balance_sheet,off_balance,0.0,ACTUAL,VNSTOCK_BRONZE
SBB,LATEST,balance_sheet,value,0.0,ACTUAL,VNSTOCK_BRONZE
SBB,LATEST,balance_sheet,order,109.0,ACTUAL,VNSTOCK_BRONZE
SBB,LATEST,balance_sheet,level,2.0,ACTUAL,VNSTOCK_BRONZE
SBB,LATEST,balance_sheet,off_balance,0.0,ACTUAL,VNSTOCK_BRONZE
SBB,LATEST,balance_sheet,value,411120769720.0,ACTUAL,VNSTOCK_BRONZE
SBB,LATEST,balance_sheet,order,110.0,ACTUAL,VNSTOCK_BRONZE
SBB,LATEST,balance_sheet,level,2.0,ACTUAL,VNSTOCK_BRONZE
SBB,LATEST,balance_sheet,off_balance,0.0,ACTUAL,VNSTOCK_BRONZE
SBB,LATEST,balance_sheet,value,0.0,ACTUAL,VNSTOCK_BRONZE
SBB,LATEST,balance_sheet,order,111.0,ACTUAL,VNSTOCK_BRONZE
SBB,LATEST,balance_sheet,level,2.0,ACTUAL,VNSTOCK_BRONZE
SBB,LATEST,balance_sheet,off_balance,0.0,ACTUAL,VNSTOCK_BRONZE
SBB,LATEST,balance_sheet,value,0.0,ACTUAL,VNSTOCK_BRONZE
SBB,LATEST,balance_sheet,order,112.0,ACTUAL,VNSTOCK_BRONZE
SBB,LATEST,balance_sheet,level,2.0,ACTUAL,VNSTOCK_BRONZE
SBB,LATEST,balance_sheet,off_balance,0.0,ACTUAL,VNSTOCK_BRONZE
SBB,LATEST,balance_sheet,value,-526471430302.0,ACTUAL,VNSTOCK_BRONZE
SBB,LATEST,balance_sheet,order,113.0,ACTUAL,VNSTOCK_BRONZE
SBB,LATEST,balance_sheet,level,3.0,ACTUAL,VNSTOCK_BRONZE
SBB,LATEST,balance_sheet,off_balance,0.0,ACTUAL,VNSTOCK_BRONZE
SBB,LATEST,balance_sheet,value,-538343347514.0,ACTUAL,VNSTOCK_BRONZE
SBB,LATEST,balance_sheet,order,114.0,ACTUAL,VNSTOCK_BRONZE
SBB,LATEST,balance_sheet,level,3.0,ACTUAL,VNSTOCK_BRONZE
SBB,LATEST,balance_sheet,off_balance,0.0,ACTUAL,VNSTOCK_BRONZE
SBB,LATEST,balance_sheet,value,11871917212.0,ACTUAL,VNSTOCK_BRONZE
SBB,LATEST,balance_sheet,order,115.0,ACTUAL,VNSTOCK_BRONZE
SBB,LATEST,balance_sheet,level,2.0,ACTUAL,VNSTOCK_BRONZE
SBB,LATEST,balance_sheet,off_balance,0.0,ACTUAL,VNSTOCK_BRONZE
SBB,LATEST,balance_sheet,value,0.0,ACTUAL,VNSTOCK_BRONZE
SBB,LATEST,balance_sheet,order,116.0,ACTUAL,VNSTOCK_BRONZE
SBB,LATEST,balance_sheet,level,1.0,ACTUAL,VNSTOCK_BRONZE
SBB,LATEST,balance_sheet,off_balance,0.0,ACTUAL,VNSTOCK_BRONZE
SBB,LATEST,balance_sheet,value,0.0,ACTUAL,VNSTOCK_BRONZE
SBB,LATEST,balance_sheet,order,117.0,ACTUAL,VNSTOCK_BRONZE
SBB,LATEST,balance_sheet,level,2.0,ACTUAL,VNSTOCK_BRONZE
SBB,LATEST,balance_sheet,off_balance,0.0,ACTUAL,VNSTOCK_BRONZE
SBB,LATEST,balance_sheet,value,0.0,ACTUAL,VNSTOCK_BRONZE
SBB,LATEST,balance_sheet,order,118.0,ACTUAL,VNSTOCK_BRONZE
SBB,LATEST,balance_sheet,level,1.0,ACTUAL,VNSTOCK_BRONZE
SBB,LATEST,balance_sheet,off_balance,0.0,ACTUAL,VNSTOCK_BRONZE
SBB,LATEST,balance_sheet,value,2148901981156.0,ACTUAL,VNSTOCK_BRONZE
SBB,LATEST,balance_sheet,order,1.0,ACTUAL,VNSTOCK_BRONZE
SBB,LATEST,balance_sheet,level,1.0,ACTUAL,VNSTOCK_BRONZE
SBB,LATEST,balance_sheet,off_balance,0.0,ACTUAL,VNSTOCK_BRONZE
SBB,LATEST,balance_sheet,value,739152494234.0,ACTUAL,VNSTOCK_BRONZE
SBB,LATEST,balance_sheet,order,2.0,ACTUAL,VNSTOCK_BRONZE
SBB,LATEST,balance_sheet,level,1.0,ACTUAL,VNSTOCK_BRONZE
SBB,LATEST,balance_sheet,off_balance,0.0,ACTUAL,VNSTOCK_BRONZE
SBB,LATEST,balance_sheet,value,146777742691.0,ACTUAL,VNSTOCK_BRONZE
SBB,LATEST,balance_sheet,order,3.0,ACTUAL,VNSTOCK_BRONZE
SBB,LATEST,balance_sheet,level,2.0,ACTUAL,VNSTOCK_BRONZE
SBB,LATEST,balance_sheet,off_balance,0.0,ACTUAL,VNSTOCK_BRONZE
SBB,LATEST,balance_sheet,value,96777742691.0,ACTUAL,VNSTOCK_BRONZE
SBB,LATEST,balance_sheet,order,4.0,ACTUAL,VNSTOCK_BRONZE
SBB,LATEST,balance_sheet,level,2.0,ACTUAL,VNSTOCK_BRONZE
SBB,LATEST,balance_sheet,off_balance,0.0,ACTUAL,VNSTOCK_BRONZE
SBB,LATEST,balance_sheet,value,50000000000.0,ACTUAL,VNSTOCK_BRONZE
SBB,LATEST,balance_sheet,order,5.0,ACTUAL,VNSTOCK_BRONZE
SBB,LATEST,balance_sheet,level,1.0,ACTUAL,VNSTOCK_BRONZE
SBB,LATEST,balance_sheet,off_balance,0.0,ACTUAL,VNSTOCK_BRONZE
SBB,LATEST,balance_sheet,value,132400335911.0,ACTUAL,VNSTOCK_BRONZE
SBB,LATEST,balance_sheet,order,6.0,ACTUAL,VNSTOCK_BRONZE
SBB,LATEST,balance_sheet,level,2.0,ACTUAL,VNSTOCK_BRONZE
SBB,LATEST,balance_sheet,off_balance,0.0,ACTUAL,VNSTOCK_BRONZE
SBB,LATEST,balance_sheet,value,0.0,ACTUAL,VNSTOCK_BRONZE
SBB,LATEST,balance_sheet,order,7.0,ACTUAL,VNSTOCK_BRONZE
SBB,LATEST,balance_sheet,level,2.0,ACTUAL,VNSTOCK_BRONZE
SBB,LATEST,balance_sheet,off_balance,0.0,ACTUAL,VNSTOCK_BRONZE
SBB,LATEST,balance_sheet,value,0.0,ACTUAL,VNSTOCK_BRONZE
SBB,LATEST,balance_sheet,order,8.0,ACTUAL,VNSTOCK_BRONZE
SBB,LATEST,balance_sheet,level,2.0,ACTUAL,VNSTOCK_BRONZE
SBB,LATEST,balance_sheet,off_balance,0.0,ACTUAL,VNSTOCK_BRONZE
SBB,LATEST,balance_sheet,value,132400335911.0,ACTUAL,VNSTOCK_BRONZE
SBB,LATEST,balance_sheet,order,9.0,ACTUAL,VNSTOCK_BRONZE
SBB,LATEST,balance_sheet,level,1.0,ACTUAL,VNSTOCK_BRONZE
SBB,LATEST,balance_sheet,off_balance,0.0,ACTUAL,VNSTOCK_BRONZE
SBB,LATEST,balance_sheet,value,167513543888.0,ACTUAL,VNSTOCK_BRONZE
SBB,LATEST,balance_sheet,order,10.0,ACTUAL,VNSTOCK_BRONZE
SBB,LATEST,balance_sheet,level,2.0,ACTUAL,VNSTOCK_BRONZE
SBB,LATEST,balance_sheet,off_balance,0.0,ACTUAL,VNSTOCK_BRONZE
SBB,LATEST,balance_sheet,value,400186715142.0,ACTUAL,VNSTOCK_BRONZE
SBB,LATEST,balance_sheet,order,11.0,ACTUAL,VNSTOCK_BRONZE
SBB,LATEST,balance_sheet,level,2.0,ACTUAL,VNSTOCK_BRONZE
SBB,LATEST,balance_sheet,off_balance,0.0,ACTUAL,VNSTOCK_BRONZE
SBB,LATEST,balance_sheet,value,13275455888.0,ACTUAL,VNSTOCK_BRONZE
SBB,LATEST,balance_sheet,order,12.0,ACTUAL,VNSTOCK_BRONZE
SBB,LATEST,balance_sheet,level,2.0,ACTUAL,VNSTOCK_BRONZE
SBB,LATEST,balance_sheet,off_balance,0.0,ACTUAL,VNSTOCK_BRONZE
SBB,LATEST,balance_sheet,value,0.0,ACTUAL,VNSTOCK_BRONZE
SBB,LATEST,balance_sheet,order,13.0,ACTUAL,VNSTOCK_BRONZE
SBB,LATEST,balance_sheet,level,2.0,ACTUAL,VNSTOCK_BRONZE
SBB,LATEST,balance_sheet,off_balance,0.0,ACTUAL,VNSTOCK_BRONZE
SBB,LATEST,balance_sheet,value,0.0,ACTUAL,VNSTOCK_BRONZE
SBB,LATEST,balance_sheet,order,14.0,ACTUAL,VNSTOCK_BRONZE
SBB,LATEST,balance_sheet,level,2.0,ACTUAL,VNSTOCK_BRONZE
SBB,LATEST,balance_sheet,off_balance,0.0,ACTUAL,VNSTOCK_BRONZE
SBB,LATEST,balance_sheet,value,0.0,ACTUAL,VNSTOCK_BRONZE
SBB,LATEST,balance_sheet,order,15.0,ACTUAL,VNSTOCK_BRONZE
SBB,LATEST,balance_sheet,level,2.0,ACTUAL,VNSTOCK_BRONZE
SBB,LATEST,balance_sheet,off_balance,0.0,ACTUAL,VNSTOCK_BRONZE
SBB,LATEST,balance_sheet,value,1220332453.0,ACTUAL,VNSTOCK_BRONZE
SBB,LATEST,balance_sheet,order,16.0,ACTUAL,VNSTOCK_BRONZE
SBB,LATEST,balance_sheet,level,2.0,ACTUAL,VNSTOCK_BRONZE
SBB,LATEST,balance_sheet,off_balance,0.0,ACTUAL,VNSTOCK_BRONZE
SBB,LATEST,balance_sheet,value,-247168959595.0,ACTUAL,VNSTOCK_BRONZE
SBB,LATEST,balance_sheet,order,17.0,ACTUAL,VNSTOCK_BRONZE
SBB,LATEST,balance_sheet,level,2.0,ACTUAL,VNSTOCK_BRONZE
SBB,LATEST,balance_sheet,off_balance,0.0,ACTUAL,VNSTOCK_BRONZE
SBB,LATEST,balance_sheet,value,0.0,ACTUAL,VNSTOCK_BRONZE
SBB,LATEST,balance_sheet,order,18.0,ACTUAL,VNSTOCK_BRONZE
SBB,LATEST,balance_sheet,level,1.0,ACTUAL,VNSTOCK_BRONZE
SBB,LATEST,balance_sheet,off_balance,0.0,ACTUAL,VNSTOCK_BRONZE
SBB,LATEST,balance_sheet,value,290652395286.0,ACTUAL,VNSTOCK_BRONZE
SBB,LATEST,balance_sheet,order,19.0,ACTUAL,VNSTOCK_BRONZE
SBB,LATEST,balance_sheet,level,2.0,ACTUAL,VNSTOCK_BRONZE
SBB,LATEST,balance_sheet,off_balance,0.0,ACTUAL,VNSTOCK_BRONZE
SBB,LATEST,balance_sheet,value,290652395286.0,ACTUAL,VNSTOCK_BRONZE
SBB,LATEST,balance_sheet,order,20.0,ACTUAL,VNSTOCK_BRONZE
SBB,LATEST,balance_sheet,level,2.0,ACTUAL,VNSTOCK_BRONZE
SBB,LATEST,balance_sheet,off_balance,0.0,ACTUAL,VNSTOCK_BRONZE
SBB,LATEST,balance_sheet,value,0.0,ACTUAL,VNSTOCK_BRONZE
SBB,LATEST,balance_sheet,order,21.0,ACTUAL,VNSTOCK_BRONZE
SBB,LATEST,balance_sheet,level,1.0,ACTUAL,VNSTOCK_BRONZE
SBB,LATEST,balance_sheet,off_balance,0.0,ACTUAL,VNSTOCK_BRONZE
SBB,LATEST,balance_sheet,value,1808476458.0,ACTUAL,VNSTOCK_BRONZE
SBB,LATEST,balance_sheet,order,22.0,ACTUAL,VNSTOCK_BRONZE
SBB,LATEST,balance_sheet,level,2.0,ACTUAL,VNSTOCK_BRONZE
SBB,LATEST,balance_sheet,off_balance,0.0,ACTUAL,VNSTOCK_BRONZE
SBB,LATEST,balance_sheet,value,801921612.0,ACTUAL,VNSTOCK_BRONZE
SBB,LATEST,balance_sheet,order,23.0,ACTUAL,VNSTOCK_BRONZE
SBB,LATEST,balance_sheet,level,2.0,ACTUAL,VNSTOCK_BRONZE
SBB,LATEST,balance_sheet,off_balance,0.0,ACTUAL,VNSTOCK_BRONZE
SBB,LATEST,balance_sheet,value,0.0,ACTUAL,VNSTOCK_BRONZE
SBB,LATEST,balance_sheet,order,24.0,ACTUAL,VNSTOCK_BRONZE
SBB,LATEST,balance_sheet,level,2.0,ACTUAL,VNSTOCK_BRONZE
SBB,LATEST,balance_sheet,off_balance,0.0,ACTUAL,VNSTOCK_BRONZE
SBB,LATEST,balance_sheet,value,1006554846.0,ACTUAL,VNSTOCK_BRONZE
SBB,LATEST,balance_sheet,order,25.0,ACTUAL,VNSTOCK_BRONZE
SBB,LATEST,balance_sheet,level,2.0,ACTUAL,VNSTOCK_BRONZE
SBB,LATEST,balance_sheet,off_balance,0.0,ACTUAL,VNSTOCK_BRONZE
SBB,LATEST,balance_sheet,value,0.0,ACTUAL,VNSTOCK_BRONZE
SBB,LATEST,balance_sheet,order,26.0,ACTUAL,VNSTOCK_BRONZE
SBB,LATEST,balance_sheet,level,1.0,ACTUAL,VNSTOCK_BRONZE
SBB,LATEST,balance_sheet,off_balance,0.0,ACTUAL,VNSTOCK_BRONZE
SBB,LATEST,balance_sheet,value,1368005467295.0,ACTUAL,VNSTOCK_BRONZE
SBB,LATEST,balance_sheet,order,27.0,ACTUAL,VNSTOCK_BRONZE
SBB,LATEST,balance_sheet,level,1.0,ACTUAL,VNSTOCK_BRONZE
SBB,LATEST,balance_sheet,off_balance,0.0,ACTUAL,VNSTOCK_BRONZE
SBB,LATEST,balance_sheet,value,20440000.0,ACTUAL,VNSTOCK_BRONZE
SBB,LATEST,balance_sheet,order,28.0,ACTUAL,VNSTOCK_BRONZE
SBB,LATEST,balance_sheet,level,2.0,ACTUAL,VNSTOCK_BRONZE
SBB,LATEST,balance_sheet,off_balance,0.0,ACTUAL,VNSTOCK_BRONZE
SBB,LATEST,balance_sheet,value,0.0,ACTUAL,VNSTOCK_BRONZE
SBB,LATEST,balance_sheet,order,29.0,ACTUAL,VNSTOCK_BRONZE
SBB,LATEST,balance_sheet,level,2.0,ACTUAL,VNSTOCK_BRONZE
SBB,LATEST,balance_sheet,off_balance,0.0,ACTUAL,VNSTOCK_BRONZE
SBB,LATEST,balance_sheet,value,0.0,ACTUAL,VNSTOCK_BRONZE
SBB,LATEST,balance_sheet,order,30.0,ACTUAL,VNSTOCK_BRONZE
SBB,LATEST,balance_sheet,level,2.0,ACTUAL,VNSTOCK_BRONZE
SBB,LATEST,balance_sheet,off_balance,0.0,ACTUAL,VNSTOCK_BRONZE
SBB,LATEST,balance_sheet,value,0.0,ACTUAL,VNSTOCK_BRONZE
SBB,LATEST,balance_sheet,order,31.0,ACTUAL,VNSTOCK_BRONZE
SBB,LATEST,balance_sheet,level,2.0,ACTUAL,VNSTOCK_BRONZE
SBB,LATEST,balance_sheet,off_balance,0.0,ACTUAL,VNSTOCK_BRONZE
SBB,LATEST,balance_sheet,value,0.0,ACTUAL,VNSTOCK_BRONZE
SBB,LATEST,balance_sheet,order,32.0,ACTUAL,VNSTOCK_BRONZE
SBB,LATEST,balance_sheet,level,2.0,ACTUAL,VNSTOCK_BRONZE
SBB,LATEST,balance_sheet,off_balance,0.0,ACTUAL,VNSTOCK_BRONZE
SBB,LATEST,balance_sheet,value,20440000.0,ACTUAL,VNSTOCK_BRONZE
SBB,LATEST,balance_sheet,order,33.0,ACTUAL,VNSTOCK_BRONZE
SBB,LATEST,balance_sheet,level,2.0,ACTUAL,VNSTOCK_BRONZE
SBB,LATEST,balance_sheet,off_balance,0.0,ACTUAL,VNSTOCK_BRONZE
SBB,LATEST,balance_sheet,value,-0.0,ACTUAL,VNSTOCK_BRONZE
SBB,LATEST,balance_sheet,order,34.0,ACTUAL,VNSTOCK_BRONZE
SBB,LATEST,balance_sheet,level,1.0,ACTUAL,VNSTOCK_BRONZE
SBB,LATEST,balance_sheet,off_balance,0.0,ACTUAL,VNSTOCK_BRONZE
SBB,LATEST,balance_sheet,value,1087413784317.0,ACTUAL,VNSTOCK_BRONZE
SBB,LATEST,balance_sheet,order,35.0,ACTUAL,VNSTOCK_BRONZE
SBB,LATEST,balance_sheet,level,2.0,ACTUAL,VNSTOCK_BRONZE
SBB,LATEST,balance_sheet,off_balance,0.0,ACTUAL,VNSTOCK_BRONZE
SBB,LATEST,balance_sheet,value,1022723676468.0,ACTUAL,VNSTOCK_BRONZE
SBB,LATEST,balance_sheet,order,36.0,ACTUAL,VNSTOCK_BRONZE
SBB,LATEST,balance_sheet,level,3.0,ACTUAL,VNSTOCK_BRONZE
SBB,LATEST,balance_sheet,off_balance,0.0,ACTUAL,VNSTOCK_BRONZE
SBB,LATEST,balance_sheet,value,3854216188484.0,ACTUAL,VNSTOCK_BRONZE
SBB,LATEST,balance_sheet,order,37.0,ACTUAL,VNSTOCK_BRONZE
SBB,LATEST,balance_sheet,level,3.0,ACTUAL,VNSTOCK_BRONZE
SBB,LATEST,balance_sheet,off_balance,0.0,ACTUAL,VNSTOCK_BRONZE
SBB,LATEST,balance_sheet,value,-2831492512016.0,ACTUAL,VNSTOCK_BRONZE
SBB,LATEST,balance_sheet,order,38.0,ACTUAL,VNSTOCK_BRONZE
SBB,LATEST,balance_sheet,level,2.0,ACTUAL,VNSTOCK_BRONZE
SBB,LATEST,balance_sheet,off_balance,0.0,ACTUAL,VNSTOCK_BRONZE
SBB,LATEST,balance_sheet,value,0.0,ACTUAL,VNSTOCK_BRONZE
SBB,LATEST,balance_sheet,order,39.0,ACTUAL,VNSTOCK_BRONZE
SBB,LATEST,balance_sheet,level,3.0,ACTUAL,VNSTOCK_BRONZE
SBB,LATEST,balance_sheet,off_balance,0.0,ACTUAL,VNSTOCK_BRONZE
SBB,LATEST,balance_sheet,value,0.0,ACTUAL,VNSTOCK_BRONZE
SBB,LATEST,balance_sheet,order,40.0,ACTUAL,VNSTOCK_BRONZE
SBB,LATEST,balance_sheet,level,3.0,ACTUAL,VNSTOCK_BRONZE
SBB,LATEST,balance_sheet,off_balance,0.0,ACTUAL,VNSTOCK_BRONZE
SBB,LATEST,balance_sheet,value,-0.0,ACTUAL,VNSTOCK_BRONZE
SBB,LATEST,balance_sheet,order,41.0,ACTUAL,VNSTOCK_BRONZE
SBB,LATEST,balance_sheet,level,2.0,ACTUAL,VNSTOCK_BRONZE
SBB,LATEST,balance_sheet,off_balance,0.0,ACTUAL,VNSTOCK_BRONZE
SBB,LATEST,balance_sheet,value,64690107849.0,ACTUAL,VNSTOCK_BRONZE
SBB,LATEST,balance_sheet,order,42.0,ACTUAL,VNSTOCK_BRONZE
SBB,LATEST,balance_sheet,level,3.0,ACTUAL,VNSTOCK_BRONZE
SBB,LATEST,balance_sheet,off_balance,0.0,ACTUAL,VNSTOCK_BRONZE
SBB,LATEST,balance_sheet,value,89074087377.0,ACTUAL,VNSTOCK_BRONZE
SBB,LATEST,balance_sheet,order,43.0,ACTUAL,VNSTOCK_BRONZE
SBB,LATEST,balance_sheet,level,3.0,ACTUAL,VNSTOCK_BRONZE
SBB,LATEST,balance_sheet,off_balance,0.0,ACTUAL,VNSTOCK_BRONZE
SBB,LATEST,balance_sheet,value,-24383979528.0,ACTUAL,VNSTOCK_BRONZE
SBB,LATEST,balance_sheet,order,44.0,ACTUAL,VNSTOCK_BRONZE
SBB,LATEST,balance_sheet,level,1.0,ACTUAL,VNSTOCK_BRONZE
SBB,LATEST,balance_sheet,off_balance,0.0,ACTUAL,VNSTOCK_BRONZE
SBB,LATEST,balance_sheet,value,0.0,ACTUAL,VNSTOCK_BRONZE
SBB,LATEST,balance_sheet,order,45.0,ACTUAL,VNSTOCK_BRONZE
SBB,LATEST,balance_sheet,level,2.0,ACTUAL,VNSTOCK_BRONZE
SBB,LATEST,balance_sheet,off_balance,0.0,ACTUAL,VNSTOCK_BRONZE
SBB,LATEST,balance_sheet,value,0.0,ACTUAL,VNSTOCK_BRONZE
SBB,LATEST,balance_sheet,order,46.0,ACTUAL,VNSTOCK_BRONZE
SBB,LATEST,balance_sheet,level,2.0,ACTUAL,VNSTOCK_BRONZE
SBB,LATEST,balance_sheet,off_balance,0.0,ACTUAL,VNSTOCK_BRONZE
SBB,LATEST,balance_sheet,value,-0.0,ACTUAL,VNSTOCK_BRONZE
SBB,LATEST,balance_sheet,order,47.0,ACTUAL,VNSTOCK_BRONZE
SBB,LATEST,balance_sheet,level,1.0,ACTUAL,VNSTOCK_BRONZE
SBB,LATEST,balance_sheet,off_balance,0.0,ACTUAL,VNSTOCK_BRONZE
SBB,LATEST,balance_sheet,value,424297740.0,ACTUAL,VNSTOCK_BRONZE
SBB,LATEST,balance_sheet,order,48.0,ACTUAL,VNSTOCK_BRONZE
SBB,LATEST,balance_sheet,level,2.0,ACTUAL,VNSTOCK_BRONZE
SBB,LATEST,balance_sheet,off_balance,0.0,ACTUAL,VNSTOCK_BRONZE
SBB,LATEST,balance_sheet,value,0.0,ACTUAL,VNSTOCK_BRONZE
SBB,LATEST,balance_sheet,order,49.0,ACTUAL,VNSTOCK_BRONZE
SBB,LATEST,balance_sheet,level,2.0,ACTUAL,VNSTOCK_BRONZE
SBB,LATEST,balance_sheet,off_balance,0.0,ACTUAL,VNSTOCK_BRONZE
SBB,LATEST,balance_sheet,value,424297740.0,ACTUAL,VNSTOCK_BRONZE
SBB,LATEST,balance_sheet,order,50.0,ACTUAL,VNSTOCK_BRONZE
SBB,LATEST,balance_sheet,level,1.0,ACTUAL,VNSTOCK_BRONZE
SBB,LATEST,balance_sheet,off_balance,0.0,ACTUAL,VNSTOCK_BRONZE
SBB,LATEST,balance_sheet,value,207227062473.0,ACTUAL,VNSTOCK_BRONZE
SBB,LATEST,balance_sheet,order,51.0,ACTUAL,VNSTOCK_BRONZE
SBB,LATEST,balance_sheet,level,2.0,ACTUAL,VNSTOCK_BRONZE
SBB,LATEST,balance_sheet,off_balance,0.0,ACTUAL,VNSTOCK_BRONZE
SBB,LATEST,balance_sheet,value,0.0,ACTUAL,VNSTOCK_BRONZE
SBB,LATEST,balance_sheet,order,52.0,ACTUAL,VNSTOCK_BRONZE
SBB,LATEST,balance_sheet,level,2.0,ACTUAL,VNSTOCK_BRONZE
SBB,LATEST,balance_sheet,off_balance,0.0,ACTUAL,VNSTOCK_BRONZE
SBB,LATEST,balance_sheet,value,186560212473.0,ACTUAL,VNSTOCK_BRONZE
SBB,LATEST,balance_sheet,order,53.0,ACTUAL,VNSTOCK_BRONZE
SBB,LATEST,balance_sheet,level,2.0,ACTUAL,VNSTOCK_BRONZE
SBB,LATEST,balance_sheet,off_balance,0.0,ACTUAL,VNSTOCK_BRONZE
SBB,LATEST,balance_sheet,value,22166850000.0,ACTUAL,VNSTOCK_BRONZE
SBB,LATEST,balance_sheet,order,54.0,ACTUAL,VNSTOCK_BRONZE
SBB,LATEST,balance_sheet,level,2.0,ACTUAL,VNSTOCK_BRONZE
SBB,LATEST,balance_sheet,off_balance,0.0,ACTUAL,VNSTOCK_BRONZE
SBB,LATEST,balance_sheet,value,-1500000000.0,ACTUAL,VNSTOCK_BRONZE
SBB,LATEST,balance_sheet,order,55.0,ACTUAL,VNSTOCK_BRONZE
SBB,LATEST,balance_sheet,level,2.0,ACTUAL,VNSTOCK_BRONZE
SBB,LATEST,balance_sheet,off_balance,0.0,ACTUAL,VNSTOCK_BRONZE
SBB,LATEST,balance_sheet,value,0.0,ACTUAL,VNSTOCK_BRONZE
SBB,LATEST,balance_sheet,order,56.0,ACTUAL,VNSTOCK_BRONZE
SBB,LATEST,balance_sheet,level,1.0,ACTUAL,VNSTOCK_BRONZE
SBB,LATEST,balance_sheet,off_balance,0.0,ACTUAL,VNSTOCK_BRONZE
SBB,LATEST,balance_sheet,value,72919882765.0,ACTUAL,VNSTOCK_BRONZE
SBB,LATEST,balance_sheet,order,57.0,ACTUAL,VNSTOCK_BRONZE
SBB,LATEST,balance_sheet,level,2.0,ACTUAL,VNSTOCK_BRONZE
SBB,LATEST,balance_sheet,off_balance,0.0,ACTUAL,VNSTOCK_BRONZE
SBB,LATEST,balance_sheet,value,0.0,ACTUAL,VNSTOCK_BRONZE
SBB,LATEST,balance_sheet,order,58.0,ACTUAL,VNSTOCK_BRONZE
SBB,LATEST,balance_sheet,level,2.0,ACTUAL,VNSTOCK_BRONZE
SBB,LATEST,balance_sheet,off_balance,0.0,ACTUAL,VNSTOCK_BRONZE
SBB,LATEST,balance_sheet,value,52956761638.0,ACTUAL,VNSTOCK_BRONZE
SBB,LATEST,balance_sheet,order,59.0,ACTUAL,VNSTOCK_BRONZE
SBB,LATEST,balance_sheet,level,2.0,ACTUAL,VNSTOCK_BRONZE
SBB,LATEST,balance_sheet,off_balance,0.0,ACTUAL,VNSTOCK_BRONZE
SBB,LATEST,balance_sheet,value,0.0,ACTUAL,VNSTOCK_BRONZE
SBB,LATEST,balance_sheet,order,60.0,ACTUAL,VNSTOCK_BRONZE
SBB,LATEST,balance_sheet,level,2.0,ACTUAL,VNSTOCK_BRONZE
SBB,LATEST,balance_sheet,off_balance,0.0,ACTUAL,VNSTOCK_BRONZE
SBB,LATEST,balance_sheet,value,19963121127.0,ACTUAL,VNSTOCK_BRONZE
SBB,LATEST,balance_sheet,order,61.0,ACTUAL,VNSTOCK_BRONZE
SBB,LATEST,balance_sheet,level,2.0,ACTUAL,VNSTOCK_BRONZE
SBB,LATEST,balance_sheet,off_balance,0.0,ACTUAL,VNSTOCK_BRONZE
SBB,LATEST,balance_sheet,value,0.0,ACTUAL,VNSTOCK_BRONZE
SBB,LATEST,balance_sheet,order,62.0,ACTUAL,VNSTOCK_BRONZE
SBB,LATEST,balance_sheet,level,2.0,ACTUAL,VNSTOCK_BRONZE
SBB,LATEST,balance_sheet,off_balance,0.0,ACTUAL,VNSTOCK_BRONZE
SBB,LATEST,balance_sheet,value,0.0,ACTUAL,VNSTOCK_BRONZE
SBB,LATEST,balance_sheet,order,63.0,ACTUAL,VNSTOCK_BRONZE
SBB,LATEST,balance_sheet,level,1.0,ACTUAL,VNSTOCK_BRONZE
SBB,LATEST,balance_sheet,off_balance,0.0,ACTUAL,VNSTOCK_BRONZE
SBB,LATEST,balance_sheet,value,2107157961529.0,ACTUAL,VNSTOCK_BRONZE
SBB,LATEST,balance_sheet,order,64.0,ACTUAL,VNSTOCK_BRONZE
SBB,LATEST,balance_sheet,level,1.0,ACTUAL,VNSTOCK_BRONZE
SBB,LATEST,balance_sheet,off_balance,0.0,ACTUAL,VNSTOCK_BRONZE
SBB,LATEST,balance_sheet,value,973595238910.0,ACTUAL,VNSTOCK_BRONZE
SBB,LATEST,balance_sheet,order,65.0,ACTUAL,VNSTOCK_BRONZE
SBB,LATEST,balance_sheet,level,1.0,ACTUAL,VNSTOCK_BRONZE
SBB,LATEST,balance_sheet,off_balance,0.0,ACTUAL,VNSTOCK_BRONZE
SBB,LATEST,balance_sheet,value,851223188621.0,ACTUAL,VNSTOCK_BRONZE
SBB,LATEST,balance_sheet,order,66.0,ACTUAL,VNSTOCK_BRONZE
SBB,LATEST,balance_sheet,level,2.0,ACTUAL,VNSTOCK_BRONZE
SBB,LATEST,balance_sheet,off_balance,0.0,ACTUAL,VNSTOCK_BRONZE
SBB,LATEST,balance_sheet,value,0.0,ACTUAL,VNSTOCK_BRONZE
SBB,LATEST,balance_sheet,order,67.0,ACTUAL,VNSTOCK_BRONZE
SBB,LATEST,balance_sheet,level,2.0,ACTUAL,VNSTOCK_BRONZE
SBB,LATEST,balance_sheet,off_balance,0.0,ACTUAL,VNSTOCK_BRONZE
SBB,LATEST,balance_sheet,value,0.0,ACTUAL,VNSTOCK_BRONZE
SBB,LATEST,balance_sheet,order,68.0,ACTUAL,VNSTOCK_BRONZE
SBB,LATEST,balance_sheet,level,2.0,ACTUAL,VNSTOCK_BRONZE
SBB,LATEST,balance_sheet,off_balance,0.0,ACTUAL,VNSTOCK_BRONZE
SBB,LATEST,balance_sheet,value,0.0,ACTUAL,VNSTOCK_BRONZE
SBB,LATEST,balance_sheet,order,69.0,ACTUAL,VNSTOCK_BRONZE
SBB,LATEST,balance_sheet,level,2.0,ACTUAL,VNSTOCK_BRONZE
SBB,LATEST,balance_sheet,off_balance,0.0,ACTUAL,VNSTOCK_BRONZE
SBB,LATEST,balance_sheet,value,81868658477.0,ACTUAL,VNSTOCK_BRONZE
SBB,LATEST,balance_sheet,order,70.0,ACTUAL,VNSTOCK_BRONZE
SBB,LATEST,balance_sheet,level,2.0,ACTUAL,VNSTOCK_BRONZE
SBB,LATEST,balance_sheet,off_balance,0.0,ACTUAL,VNSTOCK_BRONZE
SBB,LATEST,balance_sheet,value,19795093569.0,ACTUAL,VNSTOCK_BRONZE
SBB,LATEST,balance_sheet,order,71.0,ACTUAL,VNSTOCK_BRONZE
SBB,LATEST,balance_sheet,level,2.0,ACTUAL,VNSTOCK_BRONZE
SBB,LATEST,balance_sheet,off_balance,0.0,ACTUAL,VNSTOCK_BRONZE
SBB,LATEST,balance_sheet,value,401544529643.0,ACTUAL,VNSTOCK_BRONZE
SBB,LATEST,balance_sheet,order,72.0,ACTUAL,VNSTOCK_BRONZE
SBB,LATEST,balance_sheet,level,2.0,ACTUAL,VNSTOCK_BRONZE
SBB,LATEST,balance_sheet,off_balance,0.0,ACTUAL,VNSTOCK_BRONZE
SBB,LATEST,balance_sheet,value,13654496080.0,ACTUAL,VNSTOCK_BRONZE
SBB,LATEST,balance_sheet,order,73.0,ACTUAL,VNSTOCK_BRONZE
SBB,LATEST,balance_sheet,level,2.0,ACTUAL,VNSTOCK_BRONZE
SBB,LATEST,balance_sheet,off_balance,0.0,ACTUAL,VNSTOCK_BRONZE
SBB,LATEST,balance_sheet,value,3238543111.0,ACTUAL,VNSTOCK_BRONZE
SBB,LATEST,balance_sheet,order,74.0,ACTUAL,VNSTOCK_BRONZE
SBB,LATEST,balance_sheet,level,2.0,ACTUAL,VNSTOCK_BRONZE
SBB,LATEST,balance_sheet,off_balance,0.0,ACTUAL,VNSTOCK_BRONZE
SBB,LATEST,balance_sheet,value,0.0,ACTUAL,VNSTOCK_BRONZE
SBB,LATEST,balance_sheet,order,75.0,ACTUAL,VNSTOCK_BRONZE
SBB,LATEST,balance_sheet,level,2.0,ACTUAL,VNSTOCK_BRONZE
SBB,LATEST,balance_sheet,off_balance,0.0,ACTUAL,VNSTOCK_BRONZE
SBB,LATEST,balance_sheet,value,0.0,ACTUAL,VNSTOCK_BRONZE
SBB,LATEST,balance_sheet,order,76.0,ACTUAL,VNSTOCK_BRONZE
SBB,LATEST,balance_sheet,level,2.0,ACTUAL,VNSTOCK_BRONZE
SBB,LATEST,balance_sheet,off_balance,0.0,ACTUAL,VNSTOCK_BRONZE
SBB,LATEST,balance_sheet,value,31586252055.0,ACTUAL,VNSTOCK_BRONZE
SBB,LATEST,balance_sheet,order,77.0,ACTUAL,VNSTOCK_BRONZE
SBB,LATEST,balance_sheet,level,2.0,ACTUAL,VNSTOCK_BRONZE
SBB,LATEST,balance_sheet,off_balance,0.0,ACTUAL,VNSTOCK_BRONZE
SBB,LATEST,balance_sheet,value,297157402011.0,ACTUAL,VNSTOCK_BRONZE
SBB,LATEST,balance_sheet,order,78.0,ACTUAL,VNSTOCK_BRONZE
SBB,LATEST,balance_sheet,level,2.0,ACTUAL,VNSTOCK_BRONZE
SBB,LATEST,balance_sheet,off_balance,0.0,ACTUAL,VNSTOCK_BRONZE
SBB,LATEST,balance_sheet,value,0.0,ACTUAL,VNSTOCK_BRONZE
SBB,LATEST,balance_sheet,order,79.0,ACTUAL,VNSTOCK_BRONZE
SBB,LATEST,balance_sheet,level,2.0,ACTUAL,VNSTOCK_BRONZE
SBB,LATEST,balance_sheet,off_balance,0.0,ACTUAL,VNSTOCK_BRONZE
SBB,LATEST,balance_sheet,value,2378213675.0,ACTUAL,VNSTOCK_BRONZE
SBB,LATEST,balance_sheet,order,80.0,ACTUAL,VNSTOCK_BRONZE
SBB,LATEST,balance_sheet,level,2.0,ACTUAL,VNSTOCK_BRONZE
SBB,LATEST,balance_sheet,off_balance,0.0,ACTUAL,VNSTOCK_BRONZE
SBB,LATEST,balance_sheet,value,0.0,ACTUAL,VNSTOCK_BRONZE
SBB,LATEST,balance_sheet,order,81.0,ACTUAL,VNSTOCK_BRONZE
SBB,LATEST,balance_sheet,level,2.0,ACTUAL,VNSTOCK_BRONZE
SBB,LATEST,balance_sheet,off_balance,0.0,ACTUAL,VNSTOCK_BRONZE
SBB,LATEST,balance_sheet,value,0.0,ACTUAL,VNSTOCK_BRONZE
SBB,LATEST,balance_sheet,order,82.0,ACTUAL,VNSTOCK_BRONZE
SBB,LATEST,balance_sheet,level,1.0,ACTUAL,VNSTOCK_BRONZE
SBB,LATEST,balance_sheet,off_balance,0.0,ACTUAL,VNSTOCK_BRONZE
SBB,LATEST,balance_sheet,value,122372050289.0,ACTUAL,VNSTOCK_BRONZE
SBB,LATEST,balance_sheet,order,83.0,ACTUAL,VNSTOCK_BRONZE
SBB,LATEST,balance_sheet,level,2.0,ACTUAL,VNSTOCK_BRONZE
SBB,LATEST,balance_sheet,off_balance,0.0,ACTUAL,VNSTOCK_BRONZE
SBB,LATEST,balance_sheet,value,0.0,ACTUAL,VNSTOCK_BRONZE
SBB,LATEST,balance_sheet,order,84.0,ACTUAL,VNSTOCK_BRONZE
SBB,LATEST,balance_sheet,level,2.0,ACTUAL,VNSTOCK_BRONZE
SBB,LATEST,balance_sheet,off_balance,0.0,ACTUAL,VNSTOCK_BRONZE
SBB,LATEST,balance_sheet,order,85.0,ACTUAL,VNSTOCK_BRONZE
SBB,LATEST,balance_sheet,level,2.0,ACTUAL,VNSTOCK_BRONZE
SBB,LATEST,balance_sheet,off_balance,0.0,ACTUAL,VNSTOCK_BRONZE
SBB,LATEST,balance_sheet,value,0.0,ACTUAL,VNSTOCK_BRONZE
SBB,LATEST,balance_sheet,order,86.0,ACTUAL,VNSTOCK_BRONZE
SBB,LATEST,balance_sheet,level,2.0,ACTUAL,VNSTOCK_BRONZE
SBB,LATEST,balance_sheet,off_balance,0.0,ACTUAL,VNSTOCK_BRONZE
SBB,LATEST,balance_sheet,value,0.0,ACTUAL,VNSTOCK_BRONZE
SBB,LATEST,balance_sheet,order,87.0,ACTUAL,VNSTOCK_BRONZE
SBB,LATEST,balance_sheet,level,2.0,ACTUAL,VNSTOCK_BRONZE
SBB,LATEST,balance_sheet,off_balance,0.0,ACTUAL,VNSTOCK_BRONZE
SBB,LATEST,balance_sheet,value,0.0,ACTUAL,VNSTOCK_BRONZE
SBB,LATEST,balance_sheet,order,88.0,ACTUAL,VNSTOCK_BRONZE
SBB,LATEST,balance_sheet,level,2.0,ACTUAL,VNSTOCK_BRONZE
SBB,LATEST,balance_sheet,off_balance,0.0,ACTUAL,VNSTOCK_BRONZE
SBB,LATEST,balance_sheet,value,0.0,ACTUAL,VNSTOCK_BRONZE
SBB,LATEST,balance_sheet,order,89.0,ACTUAL,VNSTOCK_BRONZE
SBB,LATEST,balance_sheet,level,2.0,ACTUAL,VNSTOCK_BRONZE
SBB,LATEST,balance_sheet,off_balance,0.0,ACTUAL,VNSTOCK_BRONZE
SBB,LATEST,balance_sheet,value,0.0,ACTUAL,VNSTOCK_BRONZE
SBB,LATEST,balance_sheet,order,90.0,ACTUAL,VNSTOCK_BRONZE
SBB,LATEST,balance_sheet,level,2.0,ACTUAL,VNSTOCK_BRONZE
SBB,LATEST,balance_sheet,off_balance,0.0,ACTUAL,VNSTOCK_BRONZE
SBB,LATEST,balance_sheet,value,0.0,ACTUAL,VNSTOCK_BRONZE
SBB,LATEST,balance_sheet,order,91.0,ACTUAL,VNSTOCK_BRONZE
SBB,LATEST,balance_sheet,level,2.0,ACTUAL,VNSTOCK_BRONZE
SBB,LATEST,balance_sheet,off_balance,0.0,ACTUAL,VNSTOCK_BRONZE
SBB,LATEST,balance_sheet,value,0.0,ACTUAL,VNSTOCK_BRONZE
SBB,LATEST,balance_sheet,order,92.0,ACTUAL,VNSTOCK_BRONZE
SBB,LATEST,balance_sheet,level,2.0,ACTUAL,VNSTOCK_BRONZE
SBB,LATEST,balance_sheet,off_balance,0.0,ACTUAL,VNSTOCK_BRONZE
SBB,LATEST,balance_sheet,value,0.0,ACTUAL,VNSTOCK_BRONZE
SBB,LATEST,balance_sheet,order,93.0,ACTUAL,VNSTOCK_BRONZE
SBB,LATEST,balance_sheet,level,2.0,ACTUAL,VNSTOCK_BRONZE
SBB,LATEST,balance_sheet,off_balance,0.0,ACTUAL,VNSTOCK_BRONZE
SBB,LATEST,balance_sheet,value,122372050289.0,ACTUAL,VNSTOCK_BRONZE
SBB,LATEST,balance_sheet,order,94.0,ACTUAL,VNSTOCK_BRONZE
SBB,LATEST,balance_sheet,level,2.0,ACTUAL,VNSTOCK_BRONZE
SBB,LATEST,balance_sheet,off_balance,0.0,ACTUAL,VNSTOCK_BRONZE
SBB,LATEST,balance_sheet,value,0.0,ACTUAL,VNSTOCK_BRONZE
SBB,LATEST,balance_sheet,order,95.0,ACTUAL,VNSTOCK_BRONZE
SBB,LATEST,balance_sheet,level,2.0,ACTUAL,VNSTOCK_BRONZE
SBB,LATEST,balance_sheet,off_balance,0.0,ACTUAL,VNSTOCK_BRONZE
SBB,LATEST,balance_sheet,value,0.0,ACTUAL,VNSTOCK_BRONZE
SBB,LATEST,balance_sheet,order,96.0,ACTUAL,VNSTOCK_BRONZE
SBB,LATEST,balance_sheet,level,1.0,ACTUAL,VNSTOCK_BRONZE
SBB,LATEST,balance_sheet,off_balance,0.0,ACTUAL,VNSTOCK_BRONZE
SBB,LATEST,balance_sheet,value,1133562722619.0,ACTUAL,VNSTOCK_BRONZE
SBB,LATEST,balance_sheet,order,97.0,ACTUAL,VNSTOCK_BRONZE
SBB,LATEST,balance_sheet,level,1.0,ACTUAL,VNSTOCK_BRONZE
SBB,LATEST,balance_sheet,off_balance,0.0,ACTUAL,VNSTOCK_BRONZE
SBB,LATEST,balance_sheet,value,1133562722619.0,ACTUAL,VNSTOCK_BRONZE
SBB,LATEST,balance_sheet,order,98.0,ACTUAL,VNSTOCK_BRONZE
SBB,LATEST,balance_sheet,level,2.0,ACTUAL,VNSTOCK_BRONZE
SBB,LATEST,balance_sheet,off_balance,0.0,ACTUAL,VNSTOCK_BRONZE
SBB,LATEST,balance_sheet,value,0.0,ACTUAL,VNSTOCK_BRONZE
SBB,LATEST,balance_sheet,order,99.0,ACTUAL,VNSTOCK_BRONZE
SBB,LATEST,balance_sheet,level,2.0,ACTUAL,VNSTOCK_BRONZE
SBB,LATEST,balance_sheet,off_balance,0.0,ACTUAL,VNSTOCK_BRONZE
SBB,LATEST,balance_sheet,value,0.0,ACTUAL,VNSTOCK_BRONZE
SBB,LATEST,balance_sheet,order,100.0,ACTUAL,VNSTOCK_BRONZE
SBB,LATEST,balance_sheet,level,2.0,ACTUAL,VNSTOCK_BRONZE
SBB,LATEST,balance_sheet,off_balance,0.0,ACTUAL,VNSTOCK_BRONZE
SBB,LATEST,balance_sheet,value,0.0,ACTUAL,VNSTOCK_BRONZE
SBB,LATEST,balance_sheet,order,101.0,ACTUAL,VNSTOCK_BRONZE
SBB,LATEST,balance_sheet,level,2.0,ACTUAL,VNSTOCK_BRONZE
SBB,LATEST,balance_sheet,off_balance,0.0,ACTUAL,VNSTOCK_BRONZE
SBB,LATEST,balance_sheet,value,0.0,ACTUAL,VNSTOCK_BRONZE
SBB,LATEST,balance_sheet,order,102.0,ACTUAL,VNSTOCK_BRONZE
SBB,LATEST,balance_sheet,level,2.0,ACTUAL,VNSTOCK_BRONZE
SBB,LATEST,balance_sheet,off_balance,0.0,ACTUAL,VNSTOCK_BRONZE
SBB,LATEST,balance_sheet,value,875245360000.0,ACTUAL,VNSTOCK_BRONZE
SBB,LATEST,balance_sheet,order,103.0,ACTUAL,VNSTOCK_BRONZE
SBB,LATEST,balance_sheet,level,3.0,ACTUAL,VNSTOCK_BRONZE
SBB,LATEST,balance_sheet,off_balance,0.0,ACTUAL,VNSTOCK_BRONZE
SBB,LATEST,balance_sheet,value,875245360000.0,ACTUAL,VNSTOCK_BRONZE
SBB,LATEST,balance_sheet,order,104.0,ACTUAL,VNSTOCK_BRONZE
SBB,LATEST,balance_sheet,level,2.0,ACTUAL,VNSTOCK_BRONZE
SBB,LATEST,balance_sheet,off_balance,0.0,ACTUAL,VNSTOCK_BRONZE
SBB,LATEST,balance_sheet,value,436708750464.0,ACTUAL,VNSTOCK_BRONZE
SBB,LATEST,balance_sheet,order,105.0,ACTUAL,VNSTOCK_BRONZE
SBB,LATEST,balance_sheet,level,2.0,ACTUAL,VNSTOCK_BRONZE
SBB,LATEST,balance_sheet,off_balance,0.0,ACTUAL,VNSTOCK_BRONZE
SBB,LATEST,balance_sheet,value,-51168810051.0,ACTUAL,VNSTOCK_BRONZE
SBB,LATEST,balance_sheet,order,106.0,ACTUAL,VNSTOCK_BRONZE
SBB,LATEST,balance_sheet,level,2.0,ACTUAL,VNSTOCK_BRONZE
SBB,LATEST,balance_sheet,off_balance,0.0,ACTUAL,VNSTOCK_BRONZE
SBB,LATEST,balance_sheet,value,0.0,ACTUAL,VNSTOCK_BRONZE
SBB,LATEST,balance_sheet,order,107.0,ACTUAL,VNSTOCK_BRONZE
SBB,LATEST,balance_sheet,level,2.0,ACTUAL,VNSTOCK_BRONZE
SBB,LATEST,balance_sheet,off_balance,0.0,ACTUAL,VNSTOCK_BRONZE
SBB,LATEST,balance_sheet,value,0.0,ACTUAL,VNSTOCK_BRONZE
SBB,LATEST,balance_sheet,order,108.0,ACTUAL,VNSTOCK_BRONZE
SBB,LATEST,balance_sheet,level,2.0,ACTUAL,VNSTOCK_BRONZE
SBB,LATEST,balance_sheet,off_balance,0.0,ACTUAL,VNSTOCK_BRONZE
SBB,LATEST,balance_sheet,value,0.0,ACTUAL,VNSTOCK_BRONZE
SBB,LATEST,balance_sheet,order,109.0,ACTUAL,VNSTOCK_BRONZE
SBB,LATEST,balance_sheet,level,2.0,ACTUAL,VNSTOCK_BRONZE
SBB,LATEST,balance_sheet,off_balance,0.0,ACTUAL,VNSTOCK_BRONZE
SBB,LATEST,balance_sheet,value,411120769720.0,ACTUAL,VNSTOCK_BRONZE
SBB,LATEST,balance_sheet,order,110.0,ACTUAL,VNSTOCK_BRONZE
SBB,LATEST,balance_sheet,level,2.0,ACTUAL,VNSTOCK_BRONZE
SBB,LATEST,balance_sheet,off_balance,0.0,ACTUAL,VNSTOCK_BRONZE
SBB,LATEST,balance_sheet,value,0.0,ACTUAL,VNSTOCK_BRONZE
SBB,LATEST,balance_sheet,order,111.0,ACTUAL,VNSTOCK_BRONZE
SBB,LATEST,balance_sheet,level,2.0,ACTUAL,VNSTOCK_BRONZE
SBB,LATEST,balance_sheet,off_balance,0.0,ACTUAL,VNSTOCK_BRONZE
SBB,LATEST,balance_sheet,value,0.0,ACTUAL,VNSTOCK_BRONZE
SBB,LATEST,balance_sheet,order,112.0,ACTUAL,VNSTOCK_BRONZE
SBB,LATEST,balance_sheet,level,2.0,ACTUAL,VNSTOCK_BRONZE
SBB,LATEST,balance_sheet,off_balance,0.0,ACTUAL,VNSTOCK_BRONZE
SBB,LATEST,balance_sheet,value,-538343347514.0,ACTUAL,VNSTOCK_BRONZE
SBB,LATEST,balance_sheet,order,113.0,ACTUAL,VNSTOCK_BRONZE
SBB,LATEST,balance_sheet,level,3.0,ACTUAL,VNSTOCK_BRONZE
SBB,LATEST,balance_sheet,off_balance,0.0,ACTUAL,VNSTOCK_BRONZE
SBB,LATEST,balance_sheet,value,-231591740886.0,ACTUAL,VNSTOCK_BRONZE
SBB,LATEST,balance_sheet,order,114.0,ACTUAL,VNSTOCK_BRONZE
SBB,LATEST,balance_sheet,level,3.0,ACTUAL,VNSTOCK_BRONZE
SBB,LATEST,balance_sheet,off_balance,0.0,ACTUAL,VNSTOCK_BRONZE
SBB,LATEST,balance_sheet,value,-306751606628.0,ACTUAL,VNSTOCK_BRONZE
SBB,LATEST,balance_sheet,order,115.0,ACTUAL,VNSTOCK_BRONZE
SBB,LATEST,balance_sheet,level,2.0,ACTUAL,VNSTOCK_BRONZE
SBB,LATEST,balance_sheet,off_balance,0.0,ACTUAL,VNSTOCK_BRONZE
SBB,LATEST,balance_sheet,value,0.0,ACTUAL,VNSTOCK_BRONZE
SBB,LATEST,balance_sheet,order,116.0,ACTUAL,VNSTOCK_BRONZE
SBB,LATEST,balance_sheet,level,1.0,ACTUAL,VNSTOCK_BRONZE
SBB,LATEST,balance_sheet,off_balance,0.0,ACTUAL,VNSTOCK_BRONZE
SBB,LATEST,balance_sheet,value,0.0,ACTUAL,VNSTOCK_BRONZE
SBB,LATEST,balance_sheet,order,117.0,ACTUAL,VNSTOCK_BRONZE
SBB,LATEST,balance_sheet,level,2.0,ACTUAL,VNSTOCK_BRONZE
SBB,LATEST,balance_sheet,off_balance,0.0,ACTUAL,VNSTOCK_BRONZE
SBB,LATEST,balance_sheet,value,0.0,ACTUAL,VNSTOCK_BRONZE
SBB,LATEST,balance_sheet,order,118.0,ACTUAL,VNSTOCK_BRONZE
SBB,LATEST,balance_sheet,level,1.0,ACTUAL,VNSTOCK_BRONZE
SBB,LATEST,balance_sheet,off_balance,0.0,ACTUAL,VNSTOCK_BRONZE
SBB,LATEST,balance_sheet,value,2107157961529.0,ACTUAL,VNSTOCK_BRONZE
SBB,LATEST,balance_sheet,order,1.0,ACTUAL,VNSTOCK_BRONZE
SBB,LATEST,balance_sheet,level,1.0,ACTUAL,VNSTOCK_BRONZE
SBB,LATEST,balance_sheet,off_balance,0.0,ACTUAL,VNSTOCK_BRONZE
SBB,LATEST,balance_sheet,value,850463274638.0,ACTUAL,VNSTOCK_BRONZE
SBB,LATEST,balance_sheet,order,2.0,ACTUAL,VNSTOCK_BRONZE
SBB,LATEST,balance_sheet,level,1.0,ACTUAL,VNSTOCK_BRONZE
SBB,LATEST,balance_sheet,off_balance,0.0,ACTUAL,VNSTOCK_BRONZE
SBB,LATEST,balance_sheet,value,232420153191.0,ACTUAL,VNSTOCK_BRONZE
SBB,LATEST,balance_sheet,order,3.0,ACTUAL,VNSTOCK_BRONZE
SBB,LATEST,balance_sheet,level,2.0,ACTUAL,VNSTOCK_BRONZE
SBB,LATEST,balance_sheet,off_balance,0.0,ACTUAL,VNSTOCK_BRONZE
SBB,LATEST,balance_sheet,value,167358509355.0,ACTUAL,VNSTOCK_BRONZE
SBB,LATEST,balance_sheet,order,4.0,ACTUAL,VNSTOCK_BRONZE
SBB,LATEST,balance_sheet,level,2.0,ACTUAL,VNSTOCK_BRONZE
SBB,LATEST,balance_sheet,off_balance,0.0,ACTUAL,VNSTOCK_BRONZE
SBB,LATEST,balance_sheet,value,65061643836.0,ACTUAL,VNSTOCK_BRONZE
SBB,LATEST,balance_sheet,order,5.0,ACTUAL,VNSTOCK_BRONZE
SBB,LATEST,balance_sheet,level,1.0,ACTUAL,VNSTOCK_BRONZE
SBB,LATEST,balance_sheet,off_balance,0.0,ACTUAL,VNSTOCK_BRONZE
SBB,LATEST,balance_sheet,value,132400335911.0,ACTUAL,VNSTOCK_BRONZE
SBB,LATEST,balance_sheet,order,6.0,ACTUAL,VNSTOCK_BRONZE
SBB,LATEST,balance_sheet,level,2.0,ACTUAL,VNSTOCK_BRONZE
SBB,LATEST,balance_sheet,off_balance,0.0,ACTUAL,VNSTOCK_BRONZE
SBB,LATEST,balance_sheet,value,0.0,ACTUAL,VNSTOCK_BRONZE
SBB,LATEST,balance_sheet,order,7.0,ACTUAL,VNSTOCK_BRONZE
SBB,LATEST,balance_sheet,level,2.0,ACTUAL,VNSTOCK_BRONZE
SBB,LATEST,balance_sheet,off_balance,0.0,ACTUAL,VNSTOCK_BRONZE
SBB,LATEST,balance_sheet,value,0.0,ACTUAL,VNSTOCK_BRONZE
SBB,LATEST,balance_sheet,order,8.0,ACTUAL,VNSTOCK_BRONZE
SBB,LATEST,balance_sheet,level,2.0,ACTUAL,VNSTOCK_BRONZE
SBB,LATEST,balance_sheet,off_balance,0.0,ACTUAL,VNSTOCK_BRONZE
SBB,LATEST,balance_sheet,value,132400335911.0,ACTUAL,VNSTOCK_BRONZE
SBB,LATEST,balance_sheet,order,9.0,ACTUAL,VNSTOCK_BRONZE
SBB,LATEST,balance_sheet,level,1.0,ACTUAL,VNSTOCK_BRONZE
SBB,LATEST,balance_sheet,off_balance,0.0,ACTUAL,VNSTOCK_BRONZE
SBB,LATEST,balance_sheet,value,208844161350.0,ACTUAL,VNSTOCK_BRONZE
SBB,LATEST,balance_sheet,order,10.0,ACTUAL,VNSTOCK_BRONZE
SBB,LATEST,balance_sheet,level,2.0,ACTUAL,VNSTOCK_BRONZE
SBB,LATEST,balance_sheet,off_balance,0.0,ACTUAL,VNSTOCK_BRONZE
SBB,LATEST,balance_sheet,value,318137532849.0,ACTUAL,VNSTOCK_BRONZE
SBB,LATEST,balance_sheet,order,11.0,ACTUAL,VNSTOCK_BRONZE
SBB,LATEST,balance_sheet,level,2.0,ACTUAL,VNSTOCK_BRONZE
SBB,LATEST,balance_sheet,off_balance,0.0,ACTUAL,VNSTOCK_BRONZE
SBB,LATEST,balance_sheet,value,6979596717.0,ACTUAL,VNSTOCK_BRONZE
SBB,LATEST,balance_sheet,order,12.0,ACTUAL,VNSTOCK_BRONZE
SBB,LATEST,balance_sheet,level,2.0,ACTUAL,VNSTOCK_BRONZE
SBB,LATEST,balance_sheet,off_balance,0.0,ACTUAL,VNSTOCK_BRONZE
SBB,LATEST,balance_sheet,value,0.0,ACTUAL,VNSTOCK_BRONZE
SBB,LATEST,balance_sheet,order,13.0,ACTUAL,VNSTOCK_BRONZE
SBB,LATEST,balance_sheet,level,2.0,ACTUAL,VNSTOCK_BRONZE
SBB,LATEST,balance_sheet,off_balance,0.0,ACTUAL,VNSTOCK_BRONZE
SBB,LATEST,balance_sheet,value,0.0,ACTUAL,VNSTOCK_BRONZE
SBB,LATEST,balance_sheet,order,14.0,ACTUAL,VNSTOCK_BRONZE
SBB,LATEST,balance_sheet,level,2.0,ACTUAL,VNSTOCK_BRONZE
SBB,LATEST,balance_sheet,off_balance,0.0,ACTUAL,VNSTOCK_BRONZE
SBB,LATEST,balance_sheet,value,0.0,ACTUAL,VNSTOCK_BRONZE
SBB,LATEST,balance_sheet,order,15.0,ACTUAL,VNSTOCK_BRONZE
SBB,LATEST,balance_sheet,level,2.0,ACTUAL,VNSTOCK_BRONZE
SBB,LATEST,balance_sheet,off_balance,0.0,ACTUAL,VNSTOCK_BRONZE
SBB,LATEST,balance_sheet,value,1342570718.0,ACTUAL,VNSTOCK_BRONZE
SBB,LATEST,balance_sheet,order,16.0,ACTUAL,VNSTOCK_BRONZE
SBB,LATEST,balance_sheet,level,2.0,ACTUAL,VNSTOCK_BRONZE
SBB,LATEST,balance_sheet,off_balance,0.0,ACTUAL,VNSTOCK_BRONZE
SBB,LATEST,balance_sheet,value,-117615538934.0,ACTUAL,VNSTOCK_BRONZE
SBB,LATEST,balance_sheet,order,17.0,ACTUAL,VNSTOCK_BRONZE
SBB,LATEST,balance_sheet,level,2.0,ACTUAL,VNSTOCK_BRONZE
SBB,LATEST,balance_sheet,off_balance,0.0,ACTUAL,VNSTOCK_BRONZE
SBB,LATEST,balance_sheet,value,0.0,ACTUAL,VNSTOCK_BRONZE
SBB,LATEST,balance_sheet,order,18.0,ACTUAL,VNSTOCK_BRONZE
SBB,LATEST,balance_sheet,level,1.0,ACTUAL,VNSTOCK_BRONZE
SBB,LATEST,balance_sheet,off_balance,0.0,ACTUAL,VNSTOCK_BRONZE
SBB,LATEST,balance_sheet,value,275295442031.0,ACTUAL,VNSTOCK_BRONZE
SBB,LATEST,balance_sheet,order,19.0,ACTUAL,VNSTOCK_BRONZE
SBB,LATEST,balance_sheet,level,2.0,ACTUAL,VNSTOCK_BRONZE
SBB,LATEST,balance_sheet,off_balance,0.0,ACTUAL,VNSTOCK_BRONZE
SBB,LATEST,balance_sheet,value,275295442031.0,ACTUAL,VNSTOCK_BRONZE
SBB,LATEST,balance_sheet,order,20.0,ACTUAL,VNSTOCK_BRONZE
SBB,LATEST,balance_sheet,level,2.0,ACTUAL,VNSTOCK_BRONZE
SBB,LATEST,balance_sheet,off_balance,0.0,ACTUAL,VNSTOCK_BRONZE
SBB,LATEST,balance_sheet,value,0.0,ACTUAL,VNSTOCK_BRONZE
SBB,LATEST,balance_sheet,order,21.0,ACTUAL,VNSTOCK_BRONZE
SBB,LATEST,balance_sheet,level,1.0,ACTUAL,VNSTOCK_BRONZE
SBB,LATEST,balance_sheet,off_balance,0.0,ACTUAL,VNSTOCK_BRONZE
SBB,LATEST,balance_sheet,value,1503182155.0,ACTUAL,VNSTOCK_BRONZE
SBB,LATEST,balance_sheet,order,22.0,ACTUAL,VNSTOCK_BRONZE
SBB,LATEST,balance_sheet,level,2.0,ACTUAL,VNSTOCK_BRONZE
SBB,LATEST,balance_sheet,off_balance,0.0,ACTUAL,VNSTOCK_BRONZE
SBB,LATEST,balance_sheet,value,496627309.0,ACTUAL,VNSTOCK_BRONZE
SBB,LATEST,balance_sheet,order,23.0,ACTUAL,VNSTOCK_BRONZE
SBB,LATEST,balance_sheet,level,2.0,ACTUAL,VNSTOCK_BRONZE
SBB,LATEST,balance_sheet,off_balance,0.0,ACTUAL,VNSTOCK_BRONZE
SBB,LATEST,balance_sheet,value,0.0,ACTUAL,VNSTOCK_BRONZE
SBB,LATEST,balance_sheet,order,24.0,ACTUAL,VNSTOCK_BRONZE
SBB,LATEST,balance_sheet,level,2.0,ACTUAL,VNSTOCK_BRONZE
SBB,LATEST,balance_sheet,off_balance,0.0,ACTUAL,VNSTOCK_BRONZE
SBB,LATEST,balance_sheet,value,1006554846.0,ACTUAL,VNSTOCK_BRONZE
SBB,LATEST,balance_sheet,order,25.0,ACTUAL,VNSTOCK_BRONZE
SBB,LATEST,balance_sheet,level,2.0,ACTUAL,VNSTOCK_BRONZE
SBB,LATEST,balance_sheet,off_balance,0.0,ACTUAL,VNSTOCK_BRONZE
SBB,LATEST,balance_sheet,value,0.0,ACTUAL,VNSTOCK_BRONZE
SBB,LATEST,balance_sheet,order,26.0,ACTUAL,VNSTOCK_BRONZE
SBB,LATEST,balance_sheet,level,1.0,ACTUAL,VNSTOCK_BRONZE
SBB,LATEST,balance_sheet,off_balance,0.0,ACTUAL,VNSTOCK_BRONZE
SBB,LATEST,balance_sheet,value,1422387259591.0,ACTUAL,VNSTOCK_BRONZE
SBB,LATEST,balance_sheet,order,27.0,ACTUAL,VNSTOCK_BRONZE
SBB,LATEST,balance_sheet,level,1.0,ACTUAL,VNSTOCK_BRONZE
SBB,LATEST,balance_sheet,off_balance,0.0,ACTUAL,VNSTOCK_BRONZE
SBB,LATEST,balance_sheet,value,9170440000.0,ACTUAL,VNSTOCK_BRONZE
SBB,LATEST,balance_sheet,order,28.0,ACTUAL,VNSTOCK_BRONZE
SBB,LATEST,balance_sheet,level,2.0,ACTUAL,VNSTOCK_BRONZE
SBB,LATEST,balance_sheet,off_balance,0.0,ACTUAL,VNSTOCK_BRONZE
SBB,LATEST,balance_sheet,value,0.0,ACTUAL,VNSTOCK_BRONZE
SBB,LATEST,balance_sheet,order,29.0,ACTUAL,VNSTOCK_BRONZE
SBB,LATEST,balance_sheet,level,2.0,ACTUAL,VNSTOCK_BRONZE
SBB,LATEST,balance_sheet,off_balance,0.0,ACTUAL,VNSTOCK_BRONZE
SBB,LATEST,balance_sheet,value,0.0,ACTUAL,VNSTOCK_BRONZE
SBB,LATEST,balance_sheet,order,30.0,ACTUAL,VNSTOCK_BRONZE
SBB,LATEST,balance_sheet,level,2.0,ACTUAL,VNSTOCK_BRONZE
SBB,LATEST,balance_sheet,off_balance,0.0,ACTUAL,VNSTOCK_BRONZE
SBB,LATEST,balance_sheet,value,0.0,ACTUAL,VNSTOCK_BRONZE
SBB,LATEST,balance_sheet,order,31.0,ACTUAL,VNSTOCK_BRONZE
SBB,LATEST,balance_sheet,level,2.0,ACTUAL,VNSTOCK_BRONZE
SBB,LATEST,balance_sheet,off_balance,0.0,ACTUAL,VNSTOCK_BRONZE
SBB,LATEST,balance_sheet,value,9000000000.0,ACTUAL,VNSTOCK_BRONZE
SBB,LATEST,balance_sheet,order,32.0,ACTUAL,VNSTOCK_BRONZE
SBB,LATEST,balance_sheet,level,2.0,ACTUAL,VNSTOCK_BRONZE
SBB,LATEST,balance_sheet,off_balance,0.0,ACTUAL,VNSTOCK_BRONZE
SBB,LATEST,balance_sheet,value,170440000.0,ACTUAL,VNSTOCK_BRONZE
SBB,LATEST,balance_sheet,order,33.0,ACTUAL,VNSTOCK_BRONZE
SBB,LATEST,balance_sheet,level,2.0,ACTUAL,VNSTOCK_BRONZE
SBB,LATEST,balance_sheet,off_balance,0.0,ACTUAL,VNSTOCK_BRONZE
SBB,LATEST,balance_sheet,value,-0.0,ACTUAL,VNSTOCK_BRONZE
SBB,LATEST,balance_sheet,order,34.0,ACTUAL,VNSTOCK_BRONZE
SBB,LATEST,balance_sheet,level,1.0,ACTUAL,VNSTOCK_BRONZE
SBB,LATEST,balance_sheet,off_balance,0.0,ACTUAL,VNSTOCK_BRONZE
SBB,LATEST,balance_sheet,value,1134036521901.0,ACTUAL,VNSTOCK_BRONZE
SBB,LATEST,balance_sheet,order,35.0,ACTUAL,VNSTOCK_BRONZE
SBB,LATEST,balance_sheet,level,2.0,ACTUAL,VNSTOCK_BRONZE
SBB,LATEST,balance_sheet,off_balance,0.0,ACTUAL,VNSTOCK_BRONZE
SBB,LATEST,balance_sheet,value,1068855317344.0,ACTUAL,VNSTOCK_BRONZE
SBB,LATEST,balance_sheet,order,36.0,ACTUAL,VNSTOCK_BRONZE
SBB,LATEST,balance_sheet,level,3.0,ACTUAL,VNSTOCK_BRONZE
SBB,LATEST,balance_sheet,off_balance,0.0,ACTUAL,VNSTOCK_BRONZE
SBB,LATEST,balance_sheet,value,3901990040436.0,ACTUAL,VNSTOCK_BRONZE
SBB,LATEST,balance_sheet,order,37.0,ACTUAL,VNSTOCK_BRONZE
SBB,LATEST,balance_sheet,level,3.0,ACTUAL,VNSTOCK_BRONZE
SBB,LATEST,balance_sheet,off_balance,0.0,ACTUAL,VNSTOCK_BRONZE
SBB,LATEST,balance_sheet,value,-2833134723092.0,ACTUAL,VNSTOCK_BRONZE
SBB,LATEST,balance_sheet,order,38.0,ACTUAL,VNSTOCK_BRONZE
SBB,LATEST,balance_sheet,level,2.0,ACTUAL,VNSTOCK_BRONZE
SBB,LATEST,balance_sheet,off_balance,0.0,ACTUAL,VNSTOCK_BRONZE
SBB,LATEST,balance_sheet,value,0.0,ACTUAL,VNSTOCK_BRONZE
SBB,LATEST,balance_sheet,order,39.0,ACTUAL,VNSTOCK_BRONZE
SBB,LATEST,balance_sheet,level,3.0,ACTUAL,VNSTOCK_BRONZE
SBB,LATEST,balance_sheet,off_balance,0.0,ACTUAL,VNSTOCK_BRONZE
SBB,LATEST,balance_sheet,value,0.0,ACTUAL,VNSTOCK_BRONZE
SBB,LATEST,balance_sheet,order,40.0,ACTUAL,VNSTOCK_BRONZE
SBB,LATEST,balance_sheet,level,3.0,ACTUAL,VNSTOCK_BRONZE
SBB,LATEST,balance_sheet,off_balance,0.0,ACTUAL,VNSTOCK_BRONZE
SBB,LATEST,balance_sheet,value,-0.0,ACTUAL,VNSTOCK_BRONZE
SBB,LATEST,balance_sheet,order,41.0,ACTUAL,VNSTOCK_BRONZE
SBB,LATEST,balance_sheet,level,2.0,ACTUAL,VNSTOCK_BRONZE
SBB,LATEST,balance_sheet,off_balance,0.0,ACTUAL,VNSTOCK_BRONZE
SBB,LATEST,balance_sheet,value,65181204557.0,ACTUAL,VNSTOCK_BRONZE
SBB,LATEST,balance_sheet,order,42.0,ACTUAL,VNSTOCK_BRONZE
SBB,LATEST,balance_sheet,level,3.0,ACTUAL,VNSTOCK_BRONZE
SBB,LATEST,balance_sheet,off_balance,0.0,ACTUAL,VNSTOCK_BRONZE
SBB,LATEST,balance_sheet,value,89074087377.0,ACTUAL,VNSTOCK_BRONZE
SBB,LATEST,balance_sheet,order,43.0,ACTUAL,VNSTOCK_BRONZE
SBB,LATEST,balance_sheet,level,3.0,ACTUAL,VNSTOCK_BRONZE
SBB,LATEST,balance_sheet,off_balance,0.0,ACTUAL,VNSTOCK_BRONZE
SBB,LATEST,balance_sheet,value,-23892882820.0,ACTUAL,VNSTOCK_BRONZE
SBB,LATEST,balance_sheet,order,44.0,ACTUAL,VNSTOCK_BRONZE
SBB,LATEST,balance_sheet,level,1.0,ACTUAL,VNSTOCK_BRONZE
SBB,LATEST,balance_sheet,off_balance,0.0,ACTUAL,VNSTOCK_BRONZE
SBB,LATEST,balance_sheet,value,0.0,ACTUAL,VNSTOCK_BRONZE
SBB,LATEST,balance_sheet,order,45.0,ACTUAL,VNSTOCK_BRONZE
SBB,LATEST,balance_sheet,level,2.0,ACTUAL,VNSTOCK_BRONZE
SBB,LATEST,balance_sheet,off_balance,0.0,ACTUAL,VNSTOCK_BRONZE
SBB,LATEST,balance_sheet,value,0.0,ACTUAL,VNSTOCK_BRONZE
SBB,LATEST,balance_sheet,order,46.0,ACTUAL,VNSTOCK_BRONZE
SBB,LATEST,balance_sheet,level,2.0,ACTUAL,VNSTOCK_BRONZE
SBB,LATEST,balance_sheet,off_balance,0.0,ACTUAL,VNSTOCK_BRONZE
SBB,LATEST,balance_sheet,value,-0.0,ACTUAL,VNSTOCK_BRONZE
SBB,LATEST,balance_sheet,order,47.0,ACTUAL,VNSTOCK_BRONZE
SBB,LATEST,balance_sheet,level,1.0,ACTUAL,VNSTOCK_BRONZE
SBB,LATEST,balance_sheet,off_balance,0.0,ACTUAL,VNSTOCK_BRONZE
SBB,LATEST,balance_sheet,value,1914788273.0,ACTUAL,VNSTOCK_BRONZE
SBB,LATEST,balance_sheet,order,48.0,ACTUAL,VNSTOCK_BRONZE
SBB,LATEST,balance_sheet,level,2.0,ACTUAL,VNSTOCK_BRONZE
SBB,LATEST,balance_sheet,off_balance,0.0,ACTUAL,VNSTOCK_BRONZE
SBB,LATEST,balance_sheet,value,0.0,ACTUAL,VNSTOCK_BRONZE
SBB,LATEST,balance_sheet,order,49.0,ACTUAL,VNSTOCK_BRONZE
SBB,LATEST,balance_sheet,level,2.0,ACTUAL,VNSTOCK_BRONZE
SBB,LATEST,balance_sheet,off_balance,0.0,ACTUAL,VNSTOCK_BRONZE
SBB,LATEST,balance_sheet,value,1914788273.0,ACTUAL,VNSTOCK_BRONZE
SBB,LATEST,balance_sheet,order,50.0,ACTUAL,VNSTOCK_BRONZE
SBB,LATEST,balance_sheet,level,1.0,ACTUAL,VNSTOCK_BRONZE
SBB,LATEST,balance_sheet,off_balance,0.0,ACTUAL,VNSTOCK_BRONZE
SBB,LATEST,balance_sheet,value,205393297408.0,ACTUAL,VNSTOCK_BRONZE
SBB,LATEST,balance_sheet,order,51.0,ACTUAL,VNSTOCK_BRONZE
SBB,LATEST,balance_sheet,level,2.0,ACTUAL,VNSTOCK_BRONZE
SBB,LATEST,balance_sheet,off_balance,0.0,ACTUAL,VNSTOCK_BRONZE
SBB,LATEST,balance_sheet,value,0.0,ACTUAL,VNSTOCK_BRONZE
SBB,LATEST,balance_sheet,order,52.0,ACTUAL,VNSTOCK_BRONZE
SBB,LATEST,balance_sheet,level,2.0,ACTUAL,VNSTOCK_BRONZE
SBB,LATEST,balance_sheet,off_balance,0.0,ACTUAL,VNSTOCK_BRONZE
SBB,LATEST,balance_sheet,value,184726447408.0,ACTUAL,VNSTOCK_BRONZE
SBB,LATEST,balance_sheet,order,53.0,ACTUAL,VNSTOCK_BRONZE
SBB,LATEST,balance_sheet,level,2.0,ACTUAL,VNSTOCK_BRONZE
SBB,LATEST,balance_sheet,off_balance,0.0,ACTUAL,VNSTOCK_BRONZE
SBB,LATEST,balance_sheet,value,22166850000.0,ACTUAL,VNSTOCK_BRONZE
SBB,LATEST,balance_sheet,order,54.0,ACTUAL,VNSTOCK_BRONZE
SBB,LATEST,balance_sheet,level,2.0,ACTUAL,VNSTOCK_BRONZE
SBB,LATEST,balance_sheet,off_balance,0.0,ACTUAL,VNSTOCK_BRONZE
SBB,LATEST,balance_sheet,value,-1500000000.0,ACTUAL,VNSTOCK_BRONZE
SBB,LATEST,balance_sheet,order,55.0,ACTUAL,VNSTOCK_BRONZE
SBB,LATEST,balance_sheet,level,2.0,ACTUAL,VNSTOCK_BRONZE
SBB,LATEST,balance_sheet,off_balance,0.0,ACTUAL,VNSTOCK_BRONZE
SBB,LATEST,balance_sheet,value,0.0,ACTUAL,VNSTOCK_BRONZE
SBB,LATEST,balance_sheet,order,56.0,ACTUAL,VNSTOCK_BRONZE
SBB,LATEST,balance_sheet,level,1.0,ACTUAL,VNSTOCK_BRONZE
SBB,LATEST,balance_sheet,off_balance,0.0,ACTUAL,VNSTOCK_BRONZE
SBB,LATEST,balance_sheet,value,71872212009.0,ACTUAL,VNSTOCK_BRONZE
SBB,LATEST,balance_sheet,order,57.0,ACTUAL,VNSTOCK_BRONZE
SBB,LATEST,balance_sheet,level,2.0,ACTUAL,VNSTOCK_BRONZE
SBB,LATEST,balance_sheet,off_balance,0.0,ACTUAL,VNSTOCK_BRONZE
SBB,LATEST,balance_sheet,value,0.0,ACTUAL,VNSTOCK_BRONZE
SBB,LATEST,balance_sheet,order,58.0,ACTUAL,VNSTOCK_BRONZE
SBB,LATEST,balance_sheet,level,2.0,ACTUAL,VNSTOCK_BRONZE
SBB,LATEST,balance_sheet,off_balance,0.0,ACTUAL,VNSTOCK_BRONZE
SBB,LATEST,balance_sheet,value,51438568083.0,ACTUAL,VNSTOCK_BRONZE
SBB,LATEST,balance_sheet,order,59.0,ACTUAL,VNSTOCK_BRONZE
SBB,LATEST,balance_sheet,level,2.0,ACTUAL,VNSTOCK_BRONZE
SBB,LATEST,balance_sheet,off_balance,0.0,ACTUAL,VNSTOCK_BRONZE
SBB,LATEST,balance_sheet,value,0.0,ACTUAL,VNSTOCK_BRONZE
SBB,LATEST,balance_sheet,order,60.0,ACTUAL,VNSTOCK_BRONZE
SBB,LATEST,balance_sheet,level,2.0,ACTUAL,VNSTOCK_BRONZE
SBB,LATEST,balance_sheet,off_balance,0.0,ACTUAL,VNSTOCK_BRONZE
SBB,LATEST,balance_sheet,value,20433643926.0,ACTUAL,VNSTOCK_BRONZE
SBB,LATEST,balance_sheet,order,61.0,ACTUAL,VNSTOCK_BRONZE
SBB,LATEST,balance_sheet,level,2.0,ACTUAL,VNSTOCK_BRONZE
SBB,LATEST,balance_sheet,off_balance,0.0,ACTUAL,VNSTOCK_BRONZE
SBB,LATEST,balance_sheet,value,0.0,ACTUAL,VNSTOCK_BRONZE
SBB,LATEST,balance_sheet,order,62.0,ACTUAL,VNSTOCK_BRONZE
SBB,LATEST,balance_sheet,level,2.0,ACTUAL,VNSTOCK_BRONZE
SBB,LATEST,balance_sheet,off_balance,0.0,ACTUAL,VNSTOCK_BRONZE
SBB,LATEST,balance_sheet,value,0.0,ACTUAL,VNSTOCK_BRONZE
SBB,LATEST,balance_sheet,order,63.0,ACTUAL,VNSTOCK_BRONZE
SBB,LATEST,balance_sheet,level,1.0,ACTUAL,VNSTOCK_BRONZE
SBB,LATEST,balance_sheet,off_balance,0.0,ACTUAL,VNSTOCK_BRONZE
SBB,LATEST,balance_sheet,value,2272850534229.0,ACTUAL,VNSTOCK_BRONZE
SBB,LATEST,balance_sheet,order,64.0,ACTUAL,VNSTOCK_BRONZE
SBB,LATEST,balance_sheet,level,1.0,ACTUAL,VNSTOCK_BRONZE
SBB,LATEST,balance_sheet,off_balance,0.0,ACTUAL,VNSTOCK_BRONZE
SBB,LATEST,balance_sheet,value,693374485690.0,ACTUAL,VNSTOCK_BRONZE
SBB,LATEST,balance_sheet,order,65.0,ACTUAL,VNSTOCK_BRONZE
SBB,LATEST,balance_sheet,level,1.0,ACTUAL,VNSTOCK_BRONZE
SBB,LATEST,balance_sheet,off_balance,0.0,ACTUAL,VNSTOCK_BRONZE
SBB,LATEST,balance_sheet,value,647910992406.0,ACTUAL,VNSTOCK_BRONZE
SBB,LATEST,balance_sheet,order,66.0,ACTUAL,VNSTOCK_BRONZE
SBB,LATEST,balance_sheet,level,2.0,ACTUAL,VNSTOCK_BRONZE
SBB,LATEST,balance_sheet,off_balance,0.0,ACTUAL,VNSTOCK_BRONZE
SBB,LATEST,balance_sheet,value,0.0,ACTUAL,VNSTOCK_BRONZE
SBB,LATEST,balance_sheet,order,67.0,ACTUAL,VNSTOCK_BRONZE
SBB,LATEST,balance_sheet,level,2.0,ACTUAL,VNSTOCK_BRONZE
SBB,LATEST,balance_sheet,off_balance,0.0,ACTUAL,VNSTOCK_BRONZE
SBB,LATEST,balance_sheet,value,0.0,ACTUAL,VNSTOCK_BRONZE
SBB,LATEST,balance_sheet,order,68.0,ACTUAL,VNSTOCK_BRONZE
SBB,LATEST,balance_sheet,level,2.0,ACTUAL,VNSTOCK_BRONZE
SBB,LATEST,balance_sheet,off_balance,0.0,ACTUAL,VNSTOCK_BRONZE
SBB,LATEST,balance_sheet,value,0.0,ACTUAL,VNSTOCK_BRONZE
SBB,LATEST,balance_sheet,order,69.0,ACTUAL,VNSTOCK_BRONZE
SBB,LATEST,balance_sheet,level,2.0,ACTUAL,VNSTOCK_BRONZE
SBB,LATEST,balance_sheet,off_balance,0.0,ACTUAL,VNSTOCK_BRONZE
SBB,LATEST,balance_sheet,value,53513812236.0,ACTUAL,VNSTOCK_BRONZE
SBB,LATEST,balance_sheet,order,70.0,ACTUAL,VNSTOCK_BRONZE
SBB,LATEST,balance_sheet,level,2.0,ACTUAL,VNSTOCK_BRONZE
SBB,LATEST,balance_sheet,off_balance,0.0,ACTUAL,VNSTOCK_BRONZE
SBB,LATEST,balance_sheet,value,21632708395.0,ACTUAL,VNSTOCK_BRONZE
SBB,LATEST,balance_sheet,order,71.0,ACTUAL,VNSTOCK_BRONZE
SBB,LATEST,balance_sheet,level,2.0,ACTUAL,VNSTOCK_BRONZE
SBB,LATEST,balance_sheet,off_balance,0.0,ACTUAL,VNSTOCK_BRONZE
SBB,LATEST,balance_sheet,value,185182006990.0,ACTUAL,VNSTOCK_BRONZE
SBB,LATEST,balance_sheet,order,72.0,ACTUAL,VNSTOCK_BRONZE
SBB,LATEST,balance_sheet,level,2.0,ACTUAL,VNSTOCK_BRONZE
SBB,LATEST,balance_sheet,off_balance,0.0,ACTUAL,VNSTOCK_BRONZE
SBB,LATEST,balance_sheet,value,7350775752.0,ACTUAL,VNSTOCK_BRONZE
SBB,LATEST,balance_sheet,order,73.0,ACTUAL,VNSTOCK_BRONZE
SBB,LATEST,balance_sheet,level,2.0,ACTUAL,VNSTOCK_BRONZE
SBB,LATEST,balance_sheet,off_balance,0.0,ACTUAL,VNSTOCK_BRONZE
SBB,LATEST,balance_sheet,value,8961730644.0,ACTUAL,VNSTOCK_BRONZE
SBB,LATEST,balance_sheet,order,74.0,ACTUAL,VNSTOCK_BRONZE
SBB,LATEST,balance_sheet,level,2.0,ACTUAL,VNSTOCK_BRONZE
SBB,LATEST,balance_sheet,off_balance,0.0,ACTUAL,VNSTOCK_BRONZE
SBB,LATEST,balance_sheet,value,0.0,ACTUAL,VNSTOCK_BRONZE
SBB,LATEST,balance_sheet,order,75.0,ACTUAL,VNSTOCK_BRONZE
SBB,LATEST,balance_sheet,level,2.0,ACTUAL,VNSTOCK_BRONZE
SBB,LATEST,balance_sheet,off_balance,0.0,ACTUAL,VNSTOCK_BRONZE
SBB,LATEST,balance_sheet,value,0.0,ACTUAL,VNSTOCK_BRONZE
SBB,LATEST,balance_sheet,order,76.0,ACTUAL,VNSTOCK_BRONZE
SBB,LATEST,balance_sheet,level,2.0,ACTUAL,VNSTOCK_BRONZE
SBB,LATEST,balance_sheet,off_balance,0.0,ACTUAL,VNSTOCK_BRONZE
SBB,LATEST,balance_sheet,value,91366465886.0,ACTUAL,VNSTOCK_BRONZE
SBB,LATEST,balance_sheet,order,77.0,ACTUAL,VNSTOCK_BRONZE
SBB,LATEST,balance_sheet,level,2.0,ACTUAL,VNSTOCK_BRONZE
SBB,LATEST,balance_sheet,off_balance,0.0,ACTUAL,VNSTOCK_BRONZE
SBB,LATEST,balance_sheet,value,276928458828.0,ACTUAL,VNSTOCK_BRONZE
SBB,LATEST,balance_sheet,order,78.0,ACTUAL,VNSTOCK_BRONZE
SBB,LATEST,balance_sheet,level,2.0,ACTUAL,VNSTOCK_BRONZE
SBB,LATEST,balance_sheet,off_balance,0.0,ACTUAL,VNSTOCK_BRONZE
SBB,LATEST,balance_sheet,value,0.0,ACTUAL,VNSTOCK_BRONZE
SBB,LATEST,balance_sheet,order,79.0,ACTUAL,VNSTOCK_BRONZE
SBB,LATEST,balance_sheet,level,2.0,ACTUAL,VNSTOCK_BRONZE
SBB,LATEST,balance_sheet,off_balance,0.0,ACTUAL,VNSTOCK_BRONZE
SBB,LATEST,balance_sheet,value,2975033675.0,ACTUAL,VNSTOCK_BRONZE
SBB,LATEST,balance_sheet,order,80.0,ACTUAL,VNSTOCK_BRONZE
SBB,LATEST,balance_sheet,level,2.0,ACTUAL,VNSTOCK_BRONZE
SBB,LATEST,balance_sheet,off_balance,0.0,ACTUAL,VNSTOCK_BRONZE
SBB,LATEST,balance_sheet,value,0.0,ACTUAL,VNSTOCK_BRONZE
SBB,LATEST,balance_sheet,order,81.0,ACTUAL,VNSTOCK_BRONZE
SBB,LATEST,balance_sheet,level,2.0,ACTUAL,VNSTOCK_BRONZE
SBB,LATEST,balance_sheet,off_balance,0.0,ACTUAL,VNSTOCK_BRONZE
SBB,LATEST,balance_sheet,value,0.0,ACTUAL,VNSTOCK_BRONZE
SBB,LATEST,balance_sheet,order,82.0,ACTUAL,VNSTOCK_BRONZE
SBB,LATEST,balance_sheet,level,1.0,ACTUAL,VNSTOCK_BRONZE
SBB,LATEST,balance_sheet,off_balance,0.0,ACTUAL,VNSTOCK_BRONZE
SBB,LATEST,balance_sheet,value,45463493284.0,ACTUAL,VNSTOCK_BRONZE
SBB,LATEST,balance_sheet,order,83.0,ACTUAL,VNSTOCK_BRONZE
SBB,LATEST,balance_sheet,level,2.0,ACTUAL,VNSTOCK_BRONZE
SBB,LATEST,balance_sheet,off_balance,0.0,ACTUAL,VNSTOCK_BRONZE
SBB,LATEST,balance_sheet,value,0.0,ACTUAL,VNSTOCK_BRONZE
SBB,LATEST,balance_sheet,order,84.0,ACTUAL,VNSTOCK_BRONZE
SBB,LATEST,balance_sheet,level,2.0,ACTUAL,VNSTOCK_BRONZE
SBB,LATEST,balance_sheet,off_balance,0.0,ACTUAL,VNSTOCK_BRONZE
SBB,LATEST,balance_sheet,order,85.0,ACTUAL,VNSTOCK_BRONZE
SBB,LATEST,balance_sheet,level,2.0,ACTUAL,VNSTOCK_BRONZE
SBB,LATEST,balance_sheet,off_balance,0.0,ACTUAL,VNSTOCK_BRONZE
SBB,LATEST,balance_sheet,value,0.0,ACTUAL,VNSTOCK_BRONZE
SBB,LATEST,balance_sheet,order,86.0,ACTUAL,VNSTOCK_BRONZE
SBB,LATEST,balance_sheet,level,2.0,ACTUAL,VNSTOCK_BRONZE
SBB,LATEST,balance_sheet,off_balance,0.0,ACTUAL,VNSTOCK_BRONZE
SBB,LATEST,balance_sheet,value,0.0,ACTUAL,VNSTOCK_BRONZE
SBB,LATEST,balance_sheet,order,87.0,ACTUAL,VNSTOCK_BRONZE
SBB,LATEST,balance_sheet,level,2.0,ACTUAL,VNSTOCK_BRONZE
SBB,LATEST,balance_sheet,off_balance,0.0,ACTUAL,VNSTOCK_BRONZE
SBB,LATEST,balance_sheet,value,0.0,ACTUAL,VNSTOCK_BRONZE
SBB,LATEST,balance_sheet,order,88.0,ACTUAL,VNSTOCK_BRONZE
SBB,LATEST,balance_sheet,level,2.0,ACTUAL,VNSTOCK_BRONZE
SBB,LATEST,balance_sheet,off_balance,0.0,ACTUAL,VNSTOCK_BRONZE
SBB,LATEST,balance_sheet,value,0.0,ACTUAL,VNSTOCK_BRONZE
SBB,LATEST,balance_sheet,order,89.0,ACTUAL,VNSTOCK_BRONZE
SBB,LATEST,balance_sheet,level,2.0,ACTUAL,VNSTOCK_BRONZE
SBB,LATEST,balance_sheet,off_balance,0.0,ACTUAL,VNSTOCK_BRONZE
SBB,LATEST,balance_sheet,value,0.0,ACTUAL,VNSTOCK_BRONZE
SBB,LATEST,balance_sheet,order,90.0,ACTUAL,VNSTOCK_BRONZE
SBB,LATEST,balance_sheet,level,2.0,ACTUAL,VNSTOCK_BRONZE
SBB,LATEST,balance_sheet,off_balance,0.0,ACTUAL,VNSTOCK_BRONZE
SBB,LATEST,balance_sheet,value,0.0,ACTUAL,VNSTOCK_BRONZE
SBB,LATEST,balance_sheet,order,91.0,ACTUAL,VNSTOCK_BRONZE
SBB,LATEST,balance_sheet,level,2.0,ACTUAL,VNSTOCK_BRONZE
SBB,LATEST,balance_sheet,off_balance,0.0,ACTUAL,VNSTOCK_BRONZE
SBB,LATEST,balance_sheet,value,0.0,ACTUAL,VNSTOCK_BRONZE
SBB,LATEST,balance_sheet,order,92.0,ACTUAL,VNSTOCK_BRONZE
SBB,LATEST,balance_sheet,level,2.0,ACTUAL,VNSTOCK_BRONZE
SBB,LATEST,balance_sheet,off_balance,0.0,ACTUAL,VNSTOCK_BRONZE
SBB,LATEST,balance_sheet,value,0.0,ACTUAL,VNSTOCK_BRONZE
SBB,LATEST,balance_sheet,order,93.0,ACTUAL,VNSTOCK_BRONZE
SBB,LATEST,balance_sheet,level,2.0,ACTUAL,VNSTOCK_BRONZE
SBB,LATEST,balance_sheet,off_balance,0.0,ACTUAL,VNSTOCK_BRONZE
SBB,LATEST,balance_sheet,value,45463493284.0,ACTUAL,VNSTOCK_BRONZE
SBB,LATEST,balance_sheet,order,94.0,ACTUAL,VNSTOCK_BRONZE
SBB,LATEST,balance_sheet,level,2.0,ACTUAL,VNSTOCK_BRONZE
SBB,LATEST,balance_sheet,off_balance,0.0,ACTUAL,VNSTOCK_BRONZE
SBB,LATEST,balance_sheet,value,0.0,ACTUAL,VNSTOCK_BRONZE
SBB,LATEST,balance_sheet,order,95.0,ACTUAL,VNSTOCK_BRONZE
SBB,LATEST,balance_sheet,level,2.0,ACTUAL,VNSTOCK_BRONZE
SBB,LATEST,balance_sheet,off_balance,0.0,ACTUAL,VNSTOCK_BRONZE
SBB,LATEST,balance_sheet,value,0.0,ACTUAL,VNSTOCK_BRONZE
SBB,LATEST,balance_sheet,order,96.0,ACTUAL,VNSTOCK_BRONZE
SBB,LATEST,balance_sheet,level,1.0,ACTUAL,VNSTOCK_BRONZE
SBB,LATEST,balance_sheet,off_balance,0.0,ACTUAL,VNSTOCK_BRONZE
SBB,LATEST,balance_sheet,value,1579476048539.0,ACTUAL,VNSTOCK_BRONZE
SBB,LATEST,balance_sheet,order,97.0,ACTUAL,VNSTOCK_BRONZE
SBB,LATEST,balance_sheet,level,1.0,ACTUAL,VNSTOCK_BRONZE
SBB,LATEST,balance_sheet,off_balance,0.0,ACTUAL,VNSTOCK_BRONZE
SBB,LATEST,balance_sheet,value,1579476048539.0,ACTUAL,VNSTOCK_BRONZE
SBB,LATEST,balance_sheet,order,98.0,ACTUAL,VNSTOCK_BRONZE
SBB,LATEST,balance_sheet,level,2.0,ACTUAL,VNSTOCK_BRONZE
SBB,LATEST,balance_sheet,off_balance,0.0,ACTUAL,VNSTOCK_BRONZE
SBB,LATEST,balance_sheet,value,0.0,ACTUAL,VNSTOCK_BRONZE
SBB,LATEST,balance_sheet,order,99.0,ACTUAL,VNSTOCK_BRONZE
SBB,LATEST,balance_sheet,level,2.0,ACTUAL,VNSTOCK_BRONZE
SBB,LATEST,balance_sheet,off_balance,0.0,ACTUAL,VNSTOCK_BRONZE
SBB,LATEST,balance_sheet,value,0.0,ACTUAL,VNSTOCK_BRONZE
SBB,LATEST,balance_sheet,order,100.0,ACTUAL,VNSTOCK_BRONZE
SBB,LATEST,balance_sheet,level,2.0,ACTUAL,VNSTOCK_BRONZE
SBB,LATEST,balance_sheet,off_balance,0.0,ACTUAL,VNSTOCK_BRONZE
SBB,LATEST,balance_sheet,value,0.0,ACTUAL,VNSTOCK_BRONZE
SBB,LATEST,balance_sheet,order,101.0,ACTUAL,VNSTOCK_BRONZE
SBB,LATEST,balance_sheet,level,2.0,ACTUAL,VNSTOCK_BRONZE
SBB,LATEST,balance_sheet,off_balance,0.0,ACTUAL,VNSTOCK_BRONZE
SBB,LATEST,balance_sheet,value,0.0,ACTUAL,VNSTOCK_BRONZE
SBB,LATEST,balance_sheet,order,102.0,ACTUAL,VNSTOCK_BRONZE
SBB,LATEST,balance_sheet,level,2.0,ACTUAL,VNSTOCK_BRONZE
SBB,LATEST,balance_sheet,off_balance,0.0,ACTUAL,VNSTOCK_BRONZE
SBB,LATEST,balance_sheet,value,875245360000.0,ACTUAL,VNSTOCK_BRONZE
SBB,LATEST,balance_sheet,order,103.0,ACTUAL,VNSTOCK_BRONZE
SBB,LATEST,balance_sheet,level,3.0,ACTUAL,VNSTOCK_BRONZE
SBB,LATEST,balance_sheet,off_balance,0.0,ACTUAL,VNSTOCK_BRONZE
SBB,LATEST,balance_sheet,value,875245360000.0,ACTUAL,VNSTOCK_BRONZE
SBB,LATEST,balance_sheet,order,104.0,ACTUAL,VNSTOCK_BRONZE
SBB,LATEST,balance_sheet,level,2.0,ACTUAL,VNSTOCK_BRONZE
SBB,LATEST,balance_sheet,off_balance,0.0,ACTUAL,VNSTOCK_BRONZE
SBB,LATEST,balance_sheet,value,436708750464.0,ACTUAL,VNSTOCK_BRONZE
SBB,LATEST,balance_sheet,order,105.0,ACTUAL,VNSTOCK_BRONZE
SBB,LATEST,balance_sheet,level,2.0,ACTUAL,VNSTOCK_BRONZE
SBB,LATEST,balance_sheet,off_balance,0.0,ACTUAL,VNSTOCK_BRONZE
SBB,LATEST,balance_sheet,value,-51168810051.0,ACTUAL,VNSTOCK_BRONZE
SBB,LATEST,balance_sheet,order,106.0,ACTUAL,VNSTOCK_BRONZE
SBB,LATEST,balance_sheet,level,2.0,ACTUAL,VNSTOCK_BRONZE
SBB,LATEST,balance_sheet,off_balance,0.0,ACTUAL,VNSTOCK_BRONZE
SBB,LATEST,balance_sheet,value,0.0,ACTUAL,VNSTOCK_BRONZE
SBB,LATEST,balance_sheet,order,107.0,ACTUAL,VNSTOCK_BRONZE
SBB,LATEST,balance_sheet,level,2.0,ACTUAL,VNSTOCK_BRONZE
SBB,LATEST,balance_sheet,off_balance,0.0,ACTUAL,VNSTOCK_BRONZE
SBB,LATEST,balance_sheet,value,0.0,ACTUAL,VNSTOCK_BRONZE
SBB,LATEST,balance_sheet,order,108.0,ACTUAL,VNSTOCK_BRONZE
SBB,LATEST,balance_sheet,level,2.0,ACTUAL,VNSTOCK_BRONZE
SBB,LATEST,balance_sheet,off_balance,0.0,ACTUAL,VNSTOCK_BRONZE
SBB,LATEST,balance_sheet,value,0.0,ACTUAL,VNSTOCK_BRONZE
SBB,LATEST,balance_sheet,order,109.0,ACTUAL,VNSTOCK_BRONZE
SBB,LATEST,balance_sheet,level,2.0,ACTUAL,VNSTOCK_BRONZE
SBB,LATEST,balance_sheet,off_balance,0.0,ACTUAL,VNSTOCK_BRONZE
SBB,LATEST,balance_sheet,value,411120769720.0,ACTUAL,VNSTOCK_BRONZE
SBB,LATEST,balance_sheet,order,110.0,ACTUAL,VNSTOCK_BRONZE
SBB,LATEST,balance_sheet,level,2.0,ACTUAL,VNSTOCK_BRONZE
SBB,LATEST,balance_sheet,off_balance,0.0,ACTUAL,VNSTOCK_BRONZE
SBB,LATEST,balance_sheet,value,0.0,ACTUAL,VNSTOCK_BRONZE
SBB,LATEST,balance_sheet,order,111.0,ACTUAL,VNSTOCK_BRONZE
SBB,LATEST,balance_sheet,level,2.0,ACTUAL,VNSTOCK_BRONZE
SBB,LATEST,balance_sheet,off_balance,0.0,ACTUAL,VNSTOCK_BRONZE
SBB,LATEST,balance_sheet,value,0.0,ACTUAL,VNSTOCK_BRONZE
SBB,LATEST,balance_sheet,order,112.0,ACTUAL,VNSTOCK_BRONZE
SBB,LATEST,balance_sheet,level,2.0,ACTUAL,VNSTOCK_BRONZE
SBB,LATEST,balance_sheet,off_balance,0.0,ACTUAL,VNSTOCK_BRONZE
SBB,LATEST,balance_sheet,value,-92430021594.0,ACTUAL,VNSTOCK_BRONZE
SBB,LATEST,balance_sheet,order,113.0,ACTUAL,VNSTOCK_BRONZE
SBB,LATEST,balance_sheet,level,3.0,ACTUAL,VNSTOCK_BRONZE
SBB,LATEST,balance_sheet,off_balance,0.0,ACTUAL,VNSTOCK_BRONZE
SBB,LATEST,balance_sheet,value,49743785961.0,ACTUAL,VNSTOCK_BRONZE
SBB,LATEST,balance_sheet,order,114.0,ACTUAL,VNSTOCK_BRONZE
SBB,LATEST,balance_sheet,level,3.0,ACTUAL,VNSTOCK_BRONZE
SBB,LATEST,balance_sheet,off_balance,0.0,ACTUAL,VNSTOCK_BRONZE
SBB,LATEST,balance_sheet,value,-142173807555.0,ACTUAL,VNSTOCK_BRONZE
SBB,LATEST,balance_sheet,order,115.0,ACTUAL,VNSTOCK_BRONZE
SBB,LATEST,balance_sheet,level,2.0,ACTUAL,VNSTOCK_BRONZE
SBB,LATEST,balance_sheet,off_balance,0.0,ACTUAL,VNSTOCK_BRONZE
SBB,LATEST,balance_sheet,value,0.0,ACTUAL,VNSTOCK_BRONZE
SBB,LATEST,balance_sheet,order,116.0,ACTUAL,VNSTOCK_BRONZE
SBB,LATEST,balance_sheet,level,1.0,ACTUAL,VNSTOCK_BRONZE
SBB,LATEST,balance_sheet,off_balance,0.0,ACTUAL,VNSTOCK_BRONZE
SBB,LATEST,balance_sheet,value,0.0,ACTUAL,VNSTOCK_BRONZE
SBB,LATEST,balance_sheet,order,117.0,ACTUAL,VNSTOCK_BRONZE
SBB,LATEST,balance_sheet,level,2.0,ACTUAL,VNSTOCK_BRONZE
SBB,LATEST,balance_sheet,off_balance,0.0,ACTUAL,VNSTOCK_BRONZE
SBB,LATEST,balance_sheet,value,0.0,ACTUAL,VNSTOCK_BRONZE
SBB,LATEST,balance_sheet,order,118.0,ACTUAL,VNSTOCK_BRONZE
SBB,LATEST,balance_sheet,level,1.0,ACTUAL,VNSTOCK_BRONZE
SBB,LATEST,balance_sheet,off_balance,0.0,ACTUAL,VNSTOCK_BRONZE
SBB,LATEST,balance_sheet,value,2272850534229.0,ACTUAL,VNSTOCK_BRONZE
SBB,LATEST,balance_sheet,order,1.0,ACTUAL,VNSTOCK_BRONZE
SBB,LATEST,balance_sheet,level,1.0,ACTUAL,VNSTOCK_BRONZE
SBB,LATEST,balance_sheet,off_balance,0.0,ACTUAL,VNSTOCK_BRONZE
SBB,LATEST,balance_sheet,value,922329718418.0,ACTUAL,VNSTOCK_BRONZE
SBB,LATEST,balance_sheet,order,2.0,ACTUAL,VNSTOCK_BRONZE
SBB,LATEST,balance_sheet,level,1.0,ACTUAL,VNSTOCK_BRONZE
SBB,LATEST,balance_sheet,off_balance,0.0,ACTUAL,VNSTOCK_BRONZE
SBB,LATEST,balance_sheet,value,197158004581.0,ACTUAL,VNSTOCK_BRONZE
SBB,LATEST,balance_sheet,order,3.0,ACTUAL,VNSTOCK_BRONZE
SBB,LATEST,balance_sheet,level,2.0,ACTUAL,VNSTOCK_BRONZE
SBB,LATEST,balance_sheet,off_balance,0.0,ACTUAL,VNSTOCK_BRONZE
SBB,LATEST,balance_sheet,value,102096360745.0,ACTUAL,VNSTOCK_BRONZE
SBB,LATEST,balance_sheet,order,4.0,ACTUAL,VNSTOCK_BRONZE
SBB,LATEST,balance_sheet,level,2.0,ACTUAL,VNSTOCK_BRONZE
SBB,LATEST,balance_sheet,off_balance,0.0,ACTUAL,VNSTOCK_BRONZE
SBB,LATEST,balance_sheet,value,95061643836.0,ACTUAL,VNSTOCK_BRONZE
SBB,LATEST,balance_sheet,order,5.0,ACTUAL,VNSTOCK_BRONZE
SBB,LATEST,balance_sheet,level,1.0,ACTUAL,VNSTOCK_BRONZE
SBB,LATEST,balance_sheet,off_balance,0.0,ACTUAL,VNSTOCK_BRONZE
SBB,LATEST,balance_sheet,value,131509612909.0,ACTUAL,VNSTOCK_BRONZE
SBB,LATEST,balance_sheet,order,6.0,ACTUAL,VNSTOCK_BRONZE
SBB,LATEST,balance_sheet,level,2.0,ACTUAL,VNSTOCK_BRONZE
SBB,LATEST,balance_sheet,off_balance,0.0,ACTUAL,VNSTOCK_BRONZE
SBB,LATEST,balance_sheet,value,0.0,ACTUAL,VNSTOCK_BRONZE
SBB,LATEST,balance_sheet,order,7.0,ACTUAL,VNSTOCK_BRONZE
SBB,LATEST,balance_sheet,level,2.0,ACTUAL,VNSTOCK_BRONZE
SBB,LATEST,balance_sheet,off_balance,0.0,ACTUAL,VNSTOCK_BRONZE
SBB,LATEST,balance_sheet,value,0.0,ACTUAL,VNSTOCK_BRONZE
SBB,LATEST,balance_sheet,order,8.0,ACTUAL,VNSTOCK_BRONZE
SBB,LATEST,balance_sheet,level,2.0,ACTUAL,VNSTOCK_BRONZE
SBB,LATEST,balance_sheet,off_balance,0.0,ACTUAL,VNSTOCK_BRONZE
SBB,LATEST,balance_sheet,value,131509612909.0,ACTUAL,VNSTOCK_BRONZE
SBB,LATEST,balance_sheet,order,9.0,ACTUAL,VNSTOCK_BRONZE
SBB,LATEST,balance_sheet,level,1.0,ACTUAL,VNSTOCK_BRONZE
SBB,LATEST,balance_sheet,off_balance,0.0,ACTUAL,VNSTOCK_BRONZE
SBB,LATEST,balance_sheet,value,283030129005.0,ACTUAL,VNSTOCK_BRONZE
SBB,LATEST,balance_sheet,order,10.0,ACTUAL,VNSTOCK_BRONZE
SBB,LATEST,balance_sheet,level,2.0,ACTUAL,VNSTOCK_BRONZE
SBB,LATEST,balance_sheet,off_balance,0.0,ACTUAL,VNSTOCK_BRONZE
SBB,LATEST,balance_sheet,value,351846030784.0,ACTUAL,VNSTOCK_BRONZE
SBB,LATEST,balance_sheet,order,11.0,ACTUAL,VNSTOCK_BRONZE
SBB,LATEST,balance_sheet,level,2.0,ACTUAL,VNSTOCK_BRONZE
SBB,LATEST,balance_sheet,off_balance,0.0,ACTUAL,VNSTOCK_BRONZE
SBB,LATEST,balance_sheet,value,3432349908.0,ACTUAL,VNSTOCK_BRONZE
SBB,LATEST,balance_sheet,order,12.0,ACTUAL,VNSTOCK_BRONZE
SBB,LATEST,balance_sheet,level,2.0,ACTUAL,VNSTOCK_BRONZE
SBB,LATEST,balance_sheet,off_balance,0.0,ACTUAL,VNSTOCK_BRONZE
SBB,LATEST,balance_sheet,value,0.0,ACTUAL,VNSTOCK_BRONZE
SBB,LATEST,balance_sheet,order,13.0,ACTUAL,VNSTOCK_BRONZE
SBB,LATEST,balance_sheet,level,2.0,ACTUAL,VNSTOCK_BRONZE
SBB,LATEST,balance_sheet,off_balance,0.0,ACTUAL,VNSTOCK_BRONZE
SBB,LATEST,balance_sheet,value,0.0,ACTUAL,VNSTOCK_BRONZE
SBB,LATEST,balance_sheet,order,14.0,ACTUAL,VNSTOCK_BRONZE
SBB,LATEST,balance_sheet,level,2.0,ACTUAL,VNSTOCK_BRONZE
SBB,LATEST,balance_sheet,off_balance,0.0,ACTUAL,VNSTOCK_BRONZE
SBB,LATEST,balance_sheet,value,0.0,ACTUAL,VNSTOCK_BRONZE
SBB,LATEST,balance_sheet,order,15.0,ACTUAL,VNSTOCK_BRONZE
SBB,LATEST,balance_sheet,level,2.0,ACTUAL,VNSTOCK_BRONZE
SBB,LATEST,balance_sheet,off_balance,0.0,ACTUAL,VNSTOCK_BRONZE
SBB,LATEST,balance_sheet,value,45367287247.0,ACTUAL,VNSTOCK_BRONZE
SBB,LATEST,balance_sheet,order,16.0,ACTUAL,VNSTOCK_BRONZE
SBB,LATEST,balance_sheet,level,2.0,ACTUAL,VNSTOCK_BRONZE
SBB,LATEST,balance_sheet,off_balance,0.0,ACTUAL,VNSTOCK_BRONZE
SBB,LATEST,balance_sheet,value,-117615538934.0,ACTUAL,VNSTOCK_BRONZE
SBB,LATEST,balance_sheet,order,17.0,ACTUAL,VNSTOCK_BRONZE
SBB,LATEST,balance_sheet,level,2.0,ACTUAL,VNSTOCK_BRONZE
SBB,LATEST,balance_sheet,off_balance,0.0,ACTUAL,VNSTOCK_BRONZE
SBB,LATEST,balance_sheet,value,0.0,ACTUAL,VNSTOCK_BRONZE
SBB,LATEST,balance_sheet,order,18.0,ACTUAL,VNSTOCK_BRONZE
SBB,LATEST,balance_sheet,level,1.0,ACTUAL,VNSTOCK_BRONZE
SBB,LATEST,balance_sheet,off_balance,0.0,ACTUAL,VNSTOCK_BRONZE
SBB,LATEST,balance_sheet,value,308712809281.0,ACTUAL,VNSTOCK_BRONZE
SBB,LATEST,balance_sheet,order,19.0,ACTUAL,VNSTOCK_BRONZE
SBB,LATEST,balance_sheet,level,2.0,ACTUAL,VNSTOCK_BRONZE
SBB,LATEST,balance_sheet,off_balance,0.0,ACTUAL,VNSTOCK_BRONZE
SBB,LATEST,balance_sheet,value,308712809281.0,ACTUAL,VNSTOCK_BRONZE
SBB,LATEST,balance_sheet,order,20.0,ACTUAL,VNSTOCK_BRONZE
SBB,LATEST,balance_sheet,level,2.0,ACTUAL,VNSTOCK_BRONZE
SBB,LATEST,balance_sheet,off_balance,0.0,ACTUAL,VNSTOCK_BRONZE
SBB,LATEST,balance_sheet,value,0.0,ACTUAL,VNSTOCK_BRONZE
SBB,LATEST,balance_sheet,order,21.0,ACTUAL,VNSTOCK_BRONZE
SBB,LATEST,balance_sheet,level,1.0,ACTUAL,VNSTOCK_BRONZE
SBB,LATEST,balance_sheet,off_balance,0.0,ACTUAL,VNSTOCK_BRONZE
SBB,LATEST,balance_sheet,value,1919162642.0,ACTUAL,VNSTOCK_BRONZE
SBB,LATEST,balance_sheet,order,22.0,ACTUAL,VNSTOCK_BRONZE
SBB,LATEST,balance_sheet,level,2.0,ACTUAL,VNSTOCK_BRONZE
SBB,LATEST,balance_sheet,off_balance,0.0,ACTUAL,VNSTOCK_BRONZE
SBB,LATEST,balance_sheet,value,882699219.0,ACTUAL,VNSTOCK_BRONZE
SBB,LATEST,balance_sheet,order,23.0,ACTUAL,VNSTOCK_BRONZE
SBB,LATEST,balance_sheet,level,2.0,ACTUAL,VNSTOCK_BRONZE
SBB,LATEST,balance_sheet,off_balance,0.0,ACTUAL,VNSTOCK_BRONZE
SBB,LATEST,balance_sheet,value,0.0,ACTUAL,VNSTOCK_BRONZE
SBB,LATEST,balance_sheet,order,24.0,ACTUAL,VNSTOCK_BRONZE
SBB,LATEST,balance_sheet,level,2.0,ACTUAL,VNSTOCK_BRONZE
SBB,LATEST,balance_sheet,off_balance,0.0,ACTUAL,VNSTOCK_BRONZE
SBB,LATEST,balance_sheet,value,1036463423.0,ACTUAL,VNSTOCK_BRONZE
SBB,LATEST,balance_sheet,order,25.0,ACTUAL,VNSTOCK_BRONZE
SBB,LATEST,balance_sheet,level,2.0,ACTUAL,VNSTOCK_BRONZE
SBB,LATEST,balance_sheet,off_balance,0.0,ACTUAL,VNSTOCK_BRONZE
SBB,LATEST,balance_sheet,value,0.0,ACTUAL,VNSTOCK_BRONZE
SBB,LATEST,balance_sheet,order,26.0,ACTUAL,VNSTOCK_BRONZE
SBB,LATEST,balance_sheet,level,1.0,ACTUAL,VNSTOCK_BRONZE
SBB,LATEST,balance_sheet,off_balance,0.0,ACTUAL,VNSTOCK_BRONZE
SBB,LATEST,balance_sheet,value,1469278664241.0,ACTUAL,VNSTOCK_BRONZE
SBB,LATEST,balance_sheet,order,27.0,ACTUAL,VNSTOCK_BRONZE
SBB,LATEST,balance_sheet,level,1.0,ACTUAL,VNSTOCK_BRONZE
SBB,LATEST,balance_sheet,off_balance,0.0,ACTUAL,VNSTOCK_BRONZE
SBB,LATEST,balance_sheet,value,9170440000.0,ACTUAL,VNSTOCK_BRONZE
SBB,LATEST,balance_sheet,order,28.0,ACTUAL,VNSTOCK_BRONZE
SBB,LATEST,balance_sheet,level,2.0,ACTUAL,VNSTOCK_BRONZE
SBB,LATEST,balance_sheet,off_balance,0.0,ACTUAL,VNSTOCK_BRONZE
SBB,LATEST,balance_sheet,value,0.0,ACTUAL,VNSTOCK_BRONZE
SBB,LATEST,balance_sheet,order,29.0,ACTUAL,VNSTOCK_BRONZE
SBB,LATEST,balance_sheet,level,2.0,ACTUAL,VNSTOCK_BRONZE
SBB,LATEST,balance_sheet,off_balance,0.0,ACTUAL,VNSTOCK_BRONZE
SBB,LATEST,balance_sheet,value,0.0,ACTUAL,VNSTOCK_BRONZE
SBB,LATEST,balance_sheet,order,30.0,ACTUAL,VNSTOCK_BRONZE
SBB,LATEST,balance_sheet,level,2.0,ACTUAL,VNSTOCK_BRONZE
SBB,LATEST,balance_sheet,off_balance,0.0,ACTUAL,VNSTOCK_BRONZE
SBB,LATEST,balance_sheet,value,0.0,ACTUAL,VNSTOCK_BRONZE
SBB,LATEST,balance_sheet,order,31.0,ACTUAL,VNSTOCK_BRONZE
SBB,LATEST,balance_sheet,level,2.0,ACTUAL,VNSTOCK_BRONZE
SBB,LATEST,balance_sheet,off_balance,0.0,ACTUAL,VNSTOCK_BRONZE
SBB,LATEST,balance_sheet,value,9000000000.0,ACTUAL,VNSTOCK_BRONZE
SBB,LATEST,balance_sheet,order,32.0,ACTUAL,VNSTOCK_BRONZE
SBB,LATEST,balance_sheet,level,2.0,ACTUAL,VNSTOCK_BRONZE
SBB,LATEST,balance_sheet,off_balance,0.0,ACTUAL,VNSTOCK_BRONZE
SBB,LATEST,balance_sheet,value,170440000.0,ACTUAL,VNSTOCK_BRONZE
SBB,LATEST,balance_sheet,order,33.0,ACTUAL,VNSTOCK_BRONZE
SBB,LATEST,balance_sheet,level,2.0,ACTUAL,VNSTOCK_BRONZE
SBB,LATEST,balance_sheet,off_balance,0.0,ACTUAL,VNSTOCK_BRONZE
SBB,LATEST,balance_sheet,value,-0.0,ACTUAL,VNSTOCK_BRONZE
SBB,LATEST,balance_sheet,order,34.0,ACTUAL,VNSTOCK_BRONZE
SBB,LATEST,balance_sheet,level,1.0,ACTUAL,VNSTOCK_BRONZE
SBB,LATEST,balance_sheet,off_balance,0.0,ACTUAL,VNSTOCK_BRONZE
SBB,LATEST,balance_sheet,value,1162757824342.0,ACTUAL,VNSTOCK_BRONZE
SBB,LATEST,balance_sheet,order,35.0,ACTUAL,VNSTOCK_BRONZE
SBB,LATEST,balance_sheet,level,2.0,ACTUAL,VNSTOCK_BRONZE
SBB,LATEST,balance_sheet,off_balance,0.0,ACTUAL,VNSTOCK_BRONZE
SBB,LATEST,balance_sheet,value,1097066729327.0,ACTUAL,VNSTOCK_BRONZE
SBB,LATEST,balance_sheet,order,36.0,ACTUAL,VNSTOCK_BRONZE
SBB,LATEST,balance_sheet,level,3.0,ACTUAL,VNSTOCK_BRONZE
SBB,LATEST,balance_sheet,off_balance,0.0,ACTUAL,VNSTOCK_BRONZE
SBB,LATEST,balance_sheet,value,3891136166149.0,ACTUAL,VNSTOCK_BRONZE
SBB,LATEST,balance_sheet,order,37.0,ACTUAL,VNSTOCK_BRONZE
SBB,LATEST,balance_sheet,level,3.0,ACTUAL,VNSTOCK_BRONZE
SBB,LATEST,balance_sheet,off_balance,0.0,ACTUAL,VNSTOCK_BRONZE
SBB,LATEST,balance_sheet,value,-2794069436822.0,ACTUAL,VNSTOCK_BRONZE
SBB,LATEST,balance_sheet,order,38.0,ACTUAL,VNSTOCK_BRONZE
SBB,LATEST,balance_sheet,level,2.0,ACTUAL,VNSTOCK_BRONZE
SBB,LATEST,balance_sheet,off_balance,0.0,ACTUAL,VNSTOCK_BRONZE
SBB,LATEST,balance_sheet,value,0.0,ACTUAL,VNSTOCK_BRONZE
SBB,LATEST,balance_sheet,order,39.0,ACTUAL,VNSTOCK_BRONZE
SBB,LATEST,balance_sheet,level,3.0,ACTUAL,VNSTOCK_BRONZE
SBB,LATEST,balance_sheet,off_balance,0.0,ACTUAL,VNSTOCK_BRONZE
SBB,LATEST,balance_sheet,value,0.0,ACTUAL,VNSTOCK_BRONZE
SBB,LATEST,balance_sheet,order,40.0,ACTUAL,VNSTOCK_BRONZE
SBB,LATEST,balance_sheet,level,3.0,ACTUAL,VNSTOCK_BRONZE
SBB,LATEST,balance_sheet,off_balance,0.0,ACTUAL,VNSTOCK_BRONZE
SBB,LATEST,balance_sheet,value,-0.0,ACTUAL,VNSTOCK_BRONZE
SBB,LATEST,balance_sheet,order,41.0,ACTUAL,VNSTOCK_BRONZE
SBB,LATEST,balance_sheet,level,2.0,ACTUAL,VNSTOCK_BRONZE
SBB,LATEST,balance_sheet,off_balance,0.0,ACTUAL,VNSTOCK_BRONZE
SBB,LATEST,balance_sheet,value,65691095015.0,ACTUAL,VNSTOCK_BRONZE
SBB,LATEST,balance_sheet,order,42.0,ACTUAL,VNSTOCK_BRONZE
SBB,LATEST,balance_sheet,level,3.0,ACTUAL,VNSTOCK_BRONZE
SBB,LATEST,balance_sheet,off_balance,0.0,ACTUAL,VNSTOCK_BRONZE
SBB,LATEST,balance_sheet,value,89074087377.0,ACTUAL,VNSTOCK_BRONZE
SBB,LATEST,balance_sheet,order,43.0,ACTUAL,VNSTOCK_BRONZE
SBB,LATEST,balance_sheet,level,3.0,ACTUAL,VNSTOCK_BRONZE
SBB,LATEST,balance_sheet,off_balance,0.0,ACTUAL,VNSTOCK_BRONZE
SBB,LATEST,balance_sheet,value,-23382992362.0,ACTUAL,VNSTOCK_BRONZE
SBB,LATEST,balance_sheet,order,44.0,ACTUAL,VNSTOCK_BRONZE
SBB,LATEST,balance_sheet,level,1.0,ACTUAL,VNSTOCK_BRONZE
SBB,LATEST,balance_sheet,off_balance,0.0,ACTUAL,VNSTOCK_BRONZE
SBB,LATEST,balance_sheet,value,0.0,ACTUAL,VNSTOCK_BRONZE
SBB,LATEST,balance_sheet,order,45.0,ACTUAL,VNSTOCK_BRONZE
SBB,LATEST,balance_sheet,level,2.0,ACTUAL,VNSTOCK_BRONZE
SBB,LATEST,balance_sheet,off_balance,0.0,ACTUAL,VNSTOCK_BRONZE
SBB,LATEST,balance_sheet,value,0.0,ACTUAL,VNSTOCK_BRONZE
SBB,LATEST,balance_sheet,order,46.0,ACTUAL,VNSTOCK_BRONZE
SBB,LATEST,balance_sheet,level,2.0,ACTUAL,VNSTOCK_BRONZE
SBB,LATEST,balance_sheet,off_balance,0.0,ACTUAL,VNSTOCK_BRONZE
SBB,LATEST,balance_sheet,value,-0.0,ACTUAL,VNSTOCK_BRONZE
SBB,LATEST,balance_sheet,order,47.0,ACTUAL,VNSTOCK_BRONZE
SBB,LATEST,balance_sheet,level,1.0,ACTUAL,VNSTOCK_BRONZE
SBB,LATEST,balance_sheet,off_balance,0.0,ACTUAL,VNSTOCK_BRONZE
SBB,LATEST,balance_sheet,value,12431962560.0,ACTUAL,VNSTOCK_BRONZE
SBB,LATEST,balance_sheet,order,48.0,ACTUAL,VNSTOCK_BRONZE
SBB,LATEST,balance_sheet,level,2.0,ACTUAL,VNSTOCK_BRONZE
SBB,LATEST,balance_sheet,off_balance,0.0,ACTUAL,VNSTOCK_BRONZE
SBB,LATEST,balance_sheet,value,0.0,ACTUAL,VNSTOCK_BRONZE
SBB,LATEST,balance_sheet,order,49.0,ACTUAL,VNSTOCK_BRONZE
SBB,LATEST,balance_sheet,level,2.0,ACTUAL,VNSTOCK_BRONZE
SBB,LATEST,balance_sheet,off_balance,0.0,ACTUAL,VNSTOCK_BRONZE
SBB,LATEST,balance_sheet,value,12431962560.0,ACTUAL,VNSTOCK_BRONZE
SBB,LATEST,balance_sheet,order,50.0,ACTUAL,VNSTOCK_BRONZE
SBB,LATEST,balance_sheet,level,1.0,ACTUAL,VNSTOCK_BRONZE
SBB,LATEST,balance_sheet,off_balance,0.0,ACTUAL,VNSTOCK_BRONZE
SBB,LATEST,balance_sheet,value,205393297408.0,ACTUAL,VNSTOCK_BRONZE
SBB,LATEST,balance_sheet,order,51.0,ACTUAL,VNSTOCK_BRONZE
SBB,LATEST,balance_sheet,level,2.0,ACTUAL,VNSTOCK_BRONZE
SBB,LATEST,balance_sheet,off_balance,0.0,ACTUAL,VNSTOCK_BRONZE
SBB,LATEST,balance_sheet,value,0.0,ACTUAL,VNSTOCK_BRONZE
SBB,LATEST,balance_sheet,order,52.0,ACTUAL,VNSTOCK_BRONZE
SBB,LATEST,balance_sheet,level,2.0,ACTUAL,VNSTOCK_BRONZE
SBB,LATEST,balance_sheet,off_balance,0.0,ACTUAL,VNSTOCK_BRONZE
SBB,LATEST,balance_sheet,value,184726447408.0,ACTUAL,VNSTOCK_BRONZE
SBB,LATEST,balance_sheet,order,53.0,ACTUAL,VNSTOCK_BRONZE
SBB,LATEST,balance_sheet,level,2.0,ACTUAL,VNSTOCK_BRONZE
SBB,LATEST,balance_sheet,off_balance,0.0,ACTUAL,VNSTOCK_BRONZE
SBB,LATEST,balance_sheet,value,22166850000.0,ACTUAL,VNSTOCK_BRONZE
SBB,LATEST,balance_sheet,order,54.0,ACTUAL,VNSTOCK_BRONZE
SBB,LATEST,balance_sheet,level,2.0,ACTUAL,VNSTOCK_BRONZE
SBB,LATEST,balance_sheet,off_balance,0.0,ACTUAL,VNSTOCK_BRONZE
SBB,LATEST,balance_sheet,value,-1500000000.0,ACTUAL,VNSTOCK_BRONZE
SBB,LATEST,balance_sheet,order,55.0,ACTUAL,VNSTOCK_BRONZE
SBB,LATEST,balance_sheet,level,2.0,ACTUAL,VNSTOCK_BRONZE
SBB,LATEST,balance_sheet,off_balance,0.0,ACTUAL,VNSTOCK_BRONZE
SBB,LATEST,balance_sheet,value,0.0,ACTUAL,VNSTOCK_BRONZE
SBB,LATEST,balance_sheet,order,56.0,ACTUAL,VNSTOCK_BRONZE
SBB,LATEST,balance_sheet,level,1.0,ACTUAL,VNSTOCK_BRONZE
SBB,LATEST,balance_sheet,off_balance,0.0,ACTUAL,VNSTOCK_BRONZE
SBB,LATEST,balance_sheet,value,79525139931.0,ACTUAL,VNSTOCK_BRONZE
SBB,LATEST,balance_sheet,order,57.0,ACTUAL,VNSTOCK_BRONZE
SBB,LATEST,balance_sheet,level,2.0,ACTUAL,VNSTOCK_BRONZE
SBB,LATEST,balance_sheet,off_balance,0.0,ACTUAL,VNSTOCK_BRONZE
SBB,LATEST,balance_sheet,value,0.0,ACTUAL,VNSTOCK_BRONZE
SBB,LATEST,balance_sheet,order,58.0,ACTUAL,VNSTOCK_BRONZE
SBB,LATEST,balance_sheet,level,2.0,ACTUAL,VNSTOCK_BRONZE
SBB,LATEST,balance_sheet,off_balance,0.0,ACTUAL,VNSTOCK_BRONZE
SBB,LATEST,balance_sheet,value,58932568375.0,ACTUAL,VNSTOCK_BRONZE
SBB,LATEST,balance_sheet,order,59.0,ACTUAL,VNSTOCK_BRONZE
SBB,LATEST,balance_sheet,level,2.0,ACTUAL,VNSTOCK_BRONZE
SBB,LATEST,balance_sheet,off_balance,0.0,ACTUAL,VNSTOCK_BRONZE
SBB,LATEST,balance_sheet,value,0.0,ACTUAL,VNSTOCK_BRONZE
SBB,LATEST,balance_sheet,order,60.0,ACTUAL,VNSTOCK_BRONZE
SBB,LATEST,balance_sheet,level,2.0,ACTUAL,VNSTOCK_BRONZE
SBB,LATEST,balance_sheet,off_balance,0.0,ACTUAL,VNSTOCK_BRONZE
SBB,LATEST,balance_sheet,value,20592571556.0,ACTUAL,VNSTOCK_BRONZE
SBB,LATEST,balance_sheet,order,61.0,ACTUAL,VNSTOCK_BRONZE
SBB,LATEST,balance_sheet,level,2.0,ACTUAL,VNSTOCK_BRONZE
SBB,LATEST,balance_sheet,off_balance,0.0,ACTUAL,VNSTOCK_BRONZE
SBB,LATEST,balance_sheet,value,0.0,ACTUAL,VNSTOCK_BRONZE
SBB,LATEST,balance_sheet,order,62.0,ACTUAL,VNSTOCK_BRONZE
SBB,LATEST,balance_sheet,level,2.0,ACTUAL,VNSTOCK_BRONZE
SBB,LATEST,balance_sheet,off_balance,0.0,ACTUAL,VNSTOCK_BRONZE
SBB,LATEST,balance_sheet,value,0.0,ACTUAL,VNSTOCK_BRONZE
SBB,LATEST,balance_sheet,order,63.0,ACTUAL,VNSTOCK_BRONZE
SBB,LATEST,balance_sheet,level,1.0,ACTUAL,VNSTOCK_BRONZE
SBB,LATEST,balance_sheet,off_balance,0.0,ACTUAL,VNSTOCK_BRONZE
SBB,LATEST,balance_sheet,value,2391608382659.0,ACTUAL,VNSTOCK_BRONZE
SBB,LATEST,balance_sheet,order,64.0,ACTUAL,VNSTOCK_BRONZE
SBB,LATEST,balance_sheet,level,1.0,ACTUAL,VNSTOCK_BRONZE
SBB,LATEST,balance_sheet,off_balance,0.0,ACTUAL,VNSTOCK_BRONZE
SBB,LATEST,balance_sheet,value,714587870831.0,ACTUAL,VNSTOCK_BRONZE
SBB,LATEST,balance_sheet,order,65.0,ACTUAL,VNSTOCK_BRONZE
SBB,LATEST,balance_sheet,level,1.0,ACTUAL,VNSTOCK_BRONZE
SBB,LATEST,balance_sheet,off_balance,0.0,ACTUAL,VNSTOCK_BRONZE
SBB,LATEST,balance_sheet,value,669124377547.0,ACTUAL,VNSTOCK_BRONZE
SBB,LATEST,balance_sheet,order,66.0,ACTUAL,VNSTOCK_BRONZE
SBB,LATEST,balance_sheet,level,2.0,ACTUAL,VNSTOCK_BRONZE
SBB,LATEST,balance_sheet,off_balance,0.0,ACTUAL,VNSTOCK_BRONZE
SBB,LATEST,balance_sheet,value,0.0,ACTUAL,VNSTOCK_BRONZE
SBB,LATEST,balance_sheet,order,67.0,ACTUAL,VNSTOCK_BRONZE
SBB,LATEST,balance_sheet,level,2.0,ACTUAL,VNSTOCK_BRONZE
SBB,LATEST,balance_sheet,off_balance,0.0,ACTUAL,VNSTOCK_BRONZE
SBB,LATEST,balance_sheet,value,0.0,ACTUAL,VNSTOCK_BRONZE
SBB,LATEST,balance_sheet,order,68.0,ACTUAL,VNSTOCK_BRONZE
SBB,LATEST,balance_sheet,level,2.0,ACTUAL,VNSTOCK_BRONZE
SBB,LATEST,balance_sheet,off_balance,0.0,ACTUAL,VNSTOCK_BRONZE
SBB,LATEST,balance_sheet,value,0.0,ACTUAL,VNSTOCK_BRONZE
SBB,LATEST,balance_sheet,order,69.0,ACTUAL,VNSTOCK_BRONZE
SBB,LATEST,balance_sheet,level,2.0,ACTUAL,VNSTOCK_BRONZE
SBB,LATEST,balance_sheet,off_balance,0.0,ACTUAL,VNSTOCK_BRONZE
SBB,LATEST,balance_sheet,value,75770214533.0,ACTUAL,VNSTOCK_BRONZE
SBB,LATEST,balance_sheet,order,70.0,ACTUAL,VNSTOCK_BRONZE
SBB,LATEST,balance_sheet,level,2.0,ACTUAL,VNSTOCK_BRONZE
SBB,LATEST,balance_sheet,off_balance,0.0,ACTUAL,VNSTOCK_BRONZE
SBB,LATEST,balance_sheet,value,20316631833.0,ACTUAL,VNSTOCK_BRONZE
SBB,LATEST,balance_sheet,order,71.0,ACTUAL,VNSTOCK_BRONZE
SBB,LATEST,balance_sheet,level,2.0,ACTUAL,VNSTOCK_BRONZE
SBB,LATEST,balance_sheet,off_balance,0.0,ACTUAL,VNSTOCK_BRONZE
SBB,LATEST,balance_sheet,value,214309003357.0,ACTUAL,VNSTOCK_BRONZE
SBB,LATEST,balance_sheet,order,72.0,ACTUAL,VNSTOCK_BRONZE
SBB,LATEST,balance_sheet,level,2.0,ACTUAL,VNSTOCK_BRONZE
SBB,LATEST,balance_sheet,off_balance,0.0,ACTUAL,VNSTOCK_BRONZE
SBB,LATEST,balance_sheet,value,7737509902.0,ACTUAL,VNSTOCK_BRONZE
SBB,LATEST,balance_sheet,order,73.0,ACTUAL,VNSTOCK_BRONZE
SBB,LATEST,balance_sheet,level,2.0,ACTUAL,VNSTOCK_BRONZE
SBB,LATEST,balance_sheet,off_balance,0.0,ACTUAL,VNSTOCK_BRONZE
SBB,LATEST,balance_sheet,value,8208766249.0,ACTUAL,VNSTOCK_BRONZE
SBB,LATEST,balance_sheet,order,74.0,ACTUAL,VNSTOCK_BRONZE
SBB,LATEST,balance_sheet,level,2.0,ACTUAL,VNSTOCK_BRONZE
SBB,LATEST,balance_sheet,off_balance,0.0,ACTUAL,VNSTOCK_BRONZE
SBB,LATEST,balance_sheet,value,0.0,ACTUAL,VNSTOCK_BRONZE
SBB,LATEST,balance_sheet,order,75.0,ACTUAL,VNSTOCK_BRONZE
SBB,LATEST,balance_sheet,level,2.0,ACTUAL,VNSTOCK_BRONZE
SBB,LATEST,balance_sheet,off_balance,0.0,ACTUAL,VNSTOCK_BRONZE
SBB,LATEST,balance_sheet,value,0.0,ACTUAL,VNSTOCK_BRONZE
SBB,LATEST,balance_sheet,order,76.0,ACTUAL,VNSTOCK_BRONZE
SBB,LATEST,balance_sheet,level,2.0,ACTUAL,VNSTOCK_BRONZE
SBB,LATEST,balance_sheet,off_balance,0.0,ACTUAL,VNSTOCK_BRONZE
SBB,LATEST,balance_sheet,value,48343523281.0,ACTUAL,VNSTOCK_BRONZE
SBB,LATEST,balance_sheet,order,77.0,ACTUAL,VNSTOCK_BRONZE
SBB,LATEST,balance_sheet,level,2.0,ACTUAL,VNSTOCK_BRONZE
SBB,LATEST,balance_sheet,off_balance,0.0,ACTUAL,VNSTOCK_BRONZE
SBB,LATEST,balance_sheet,value,290807075467.0,ACTUAL,VNSTOCK_BRONZE
SBB,LATEST,balance_sheet,order,78.0,ACTUAL,VNSTOCK_BRONZE
SBB,LATEST,balance_sheet,level,2.0,ACTUAL,VNSTOCK_BRONZE
SBB,LATEST,balance_sheet,off_balance,0.0,ACTUAL,VNSTOCK_BRONZE
SBB,LATEST,balance_sheet,value,0.0,ACTUAL,VNSTOCK_BRONZE
SBB,LATEST,balance_sheet,order,79.0,ACTUAL,VNSTOCK_BRONZE
SBB,LATEST,balance_sheet,level,2.0,ACTUAL,VNSTOCK_BRONZE
SBB,LATEST,balance_sheet,off_balance,0.0,ACTUAL,VNSTOCK_BRONZE
SBB,LATEST,balance_sheet,value,3631652925.0,ACTUAL,VNSTOCK_BRONZE
SBB,LATEST,balance_sheet,order,80.0,ACTUAL,VNSTOCK_BRONZE
SBB,LATEST,balance_sheet,level,2.0,ACTUAL,VNSTOCK_BRONZE
SBB,LATEST,balance_sheet,off_balance,0.0,ACTUAL,VNSTOCK_BRONZE
SBB,LATEST,balance_sheet,value,0.0,ACTUAL,VNSTOCK_BRONZE
SBB,LATEST,balance_sheet,order,81.0,ACTUAL,VNSTOCK_BRONZE
SBB,LATEST,balance_sheet,level,2.0,ACTUAL,VNSTOCK_BRONZE
SBB,LATEST,balance_sheet,off_balance,0.0,ACTUAL,VNSTOCK_BRONZE
SBB,LATEST,balance_sheet,value,0.0,ACTUAL,VNSTOCK_BRONZE
SBB,LATEST,balance_sheet,order,82.0,ACTUAL,VNSTOCK_BRONZE
SBB,LATEST,balance_sheet,level,1.0,ACTUAL,VNSTOCK_BRONZE
SBB,LATEST,balance_sheet,off_balance,0.0,ACTUAL,VNSTOCK_BRONZE
SBB,LATEST,balance_sheet,value,45463493284.0,ACTUAL,VNSTOCK_BRONZE
SBB,LATEST,balance_sheet,order,83.0,ACTUAL,VNSTOCK_BRONZE
SBB,LATEST,balance_sheet,level,2.0,ACTUAL,VNSTOCK_BRONZE
SBB,LATEST,balance_sheet,off_balance,0.0,ACTUAL,VNSTOCK_BRONZE
SBB,LATEST,balance_sheet,value,0.0,ACTUAL,VNSTOCK_BRONZE
SBB,LATEST,balance_sheet,order,84.0,ACTUAL,VNSTOCK_BRONZE
SBB,LATEST,balance_sheet,level,2.0,ACTUAL,VNSTOCK_BRONZE
SBB,LATEST,balance_sheet,off_balance,0.0,ACTUAL,VNSTOCK_BRONZE
SBB,LATEST,balance_sheet,order,85.0,ACTUAL,VNSTOCK_BRONZE
SBB,LATEST,balance_sheet,level,2.0,ACTUAL,VNSTOCK_BRONZE
SBB,LATEST,balance_sheet,off_balance,0.0,ACTUAL,VNSTOCK_BRONZE
SBB,LATEST,balance_sheet,value,0.0,ACTUAL,VNSTOCK_BRONZE
SBB,LATEST,balance_sheet,order,86.0,ACTUAL,VNSTOCK_BRONZE
SBB,LATEST,balance_sheet,level,2.0,ACTUAL,VNSTOCK_BRONZE
SBB,LATEST,balance_sheet,off_balance,0.0,ACTUAL,VNSTOCK_BRONZE
SBB,LATEST,balance_sheet,value,0.0,ACTUAL,VNSTOCK_BRONZE
SBB,LATEST,balance_sheet,order,87.0,ACTUAL,VNSTOCK_BRONZE
SBB,LATEST,balance_sheet,level,2.0,ACTUAL,VNSTOCK_BRONZE
SBB,LATEST,balance_sheet,off_balance,0.0,ACTUAL,VNSTOCK_BRONZE
SBB,LATEST,balance_sheet,value,0.0,ACTUAL,VNSTOCK_BRONZE
SBB,LATEST,balance_sheet,order,88.0,ACTUAL,VNSTOCK_BRONZE
SBB,LATEST,balance_sheet,level,2.0,ACTUAL,VNSTOCK_BRONZE
SBB,LATEST,balance_sheet,off_balance,0.0,ACTUAL,VNSTOCK_BRONZE
SBB,LATEST,balance_sheet,value,0.0,ACTUAL,VNSTOCK_BRONZE
SBB,LATEST,balance_sheet,order,89.0,ACTUAL,VNSTOCK_BRONZE
SBB,LATEST,balance_sheet,level,2.0,ACTUAL,VNSTOCK_BRONZE
SBB,LATEST,balance_sheet,off_balance,0.0,ACTUAL,VNSTOCK_BRONZE
SBB,LATEST,balance_sheet,value,0.0,ACTUAL,VNSTOCK_BRONZE
SBB,LATEST,balance_sheet,order,90.0,ACTUAL,VNSTOCK_BRONZE
SBB,LATEST,balance_sheet,level,2.0,ACTUAL,VNSTOCK_BRONZE
SBB,LATEST,balance_sheet,off_balance,0.0,ACTUAL,VNSTOCK_BRONZE
SBB,LATEST,balance_sheet,value,0.0,ACTUAL,VNSTOCK_BRONZE
SBB,LATEST,balance_sheet,order,91.0,ACTUAL,VNSTOCK_BRONZE
SBB,LATEST,balance_sheet,level,2.0,ACTUAL,VNSTOCK_BRONZE
SBB,LATEST,balance_sheet,off_balance,0.0,ACTUAL,VNSTOCK_BRONZE
SBB,LATEST,balance_sheet,value,0.0,ACTUAL,VNSTOCK_BRONZE
SBB,LATEST,balance_sheet,order,92.0,ACTUAL,VNSTOCK_BRONZE
SBB,LATEST,balance_sheet,level,2.0,ACTUAL,VNSTOCK_BRONZE
SBB,LATEST,balance_sheet,off_balance,0.0,ACTUAL,VNSTOCK_BRONZE
SBB,LATEST,balance_sheet,value,0.0,ACTUAL,VNSTOCK_BRONZE
SBB,LATEST,balance_sheet,order,93.0,ACTUAL,VNSTOCK_BRONZE
SBB,LATEST,balance_sheet,level,2.0,ACTUAL,VNSTOCK_BRONZE
SBB,LATEST,balance_sheet,off_balance,0.0,ACTUAL,VNSTOCK_BRONZE
SBB,LATEST,balance_sheet,value,45463493284.0,ACTUAL,VNSTOCK_BRONZE
SBB,LATEST,balance_sheet,order,94.0,ACTUAL,VNSTOCK_BRONZE
SBB,LATEST,balance_sheet,level,2.0,ACTUAL,VNSTOCK_BRONZE
SBB,LATEST,balance_sheet,off_balance,0.0,ACTUAL,VNSTOCK_BRONZE
SBB,LATEST,balance_sheet,value,0.0,ACTUAL,VNSTOCK_BRONZE
SBB,LATEST,balance_sheet,order,95.0,ACTUAL,VNSTOCK_BRONZE
SBB,LATEST,balance_sheet,level,2.0,ACTUAL,VNSTOCK_BRONZE
SBB,LATEST,balance_sheet,off_balance,0.0,ACTUAL,VNSTOCK_BRONZE
SBB,LATEST,balance_sheet,value,0.0,ACTUAL,VNSTOCK_BRONZE
SBB,LATEST,balance_sheet,order,96.0,ACTUAL,VNSTOCK_BRONZE
SBB,LATEST,balance_sheet,level,1.0,ACTUAL,VNSTOCK_BRONZE
SBB,LATEST,balance_sheet,off_balance,0.0,ACTUAL,VNSTOCK_BRONZE
SBB,LATEST,balance_sheet,value,1677020511828.0,ACTUAL,VNSTOCK_BRONZE
SBB,LATEST,balance_sheet,order,97.0,ACTUAL,VNSTOCK_BRONZE
SBB,LATEST,balance_sheet,level,1.0,ACTUAL,VNSTOCK_BRONZE
SBB,LATEST,balance_sheet,off_balance,0.0,ACTUAL,VNSTOCK_BRONZE
SBB,LATEST,balance_sheet,value,1677020511828.0,ACTUAL,VNSTOCK_BRONZE
SBB,LATEST,balance_sheet,order,98.0,ACTUAL,VNSTOCK_BRONZE
SBB,LATEST,balance_sheet,level,2.0,ACTUAL,VNSTOCK_BRONZE
SBB,LATEST,balance_sheet,off_balance,0.0,ACTUAL,VNSTOCK_BRONZE
SBB,LATEST,balance_sheet,value,0.0,ACTUAL,VNSTOCK_BRONZE
SBB,LATEST,balance_sheet,order,99.0,ACTUAL,VNSTOCK_BRONZE
SBB,LATEST,balance_sheet,level,2.0,ACTUAL,VNSTOCK_BRONZE
SBB,LATEST,balance_sheet,off_balance,0.0,ACTUAL,VNSTOCK_BRONZE
SBB,LATEST,balance_sheet,value,0.0,ACTUAL,VNSTOCK_BRONZE
SBB,LATEST,balance_sheet,order,100.0,ACTUAL,VNSTOCK_BRONZE
SBB,LATEST,balance_sheet,level,2.0,ACTUAL,VNSTOCK_BRONZE
SBB,LATEST,balance_sheet,off_balance,0.0,ACTUAL,VNSTOCK_BRONZE
SBB,LATEST,balance_sheet,value,0.0,ACTUAL,VNSTOCK_BRONZE
SBB,LATEST,balance_sheet,order,101.0,ACTUAL,VNSTOCK_BRONZE
SBB,LATEST,balance_sheet,level,2.0,ACTUAL,VNSTOCK_BRONZE
SBB,LATEST,balance_sheet,off_balance,0.0,ACTUAL,VNSTOCK_BRONZE
SBB,LATEST,balance_sheet,value,0.0,ACTUAL,VNSTOCK_BRONZE
SBB,LATEST,balance_sheet,order,102.0,ACTUAL,VNSTOCK_BRONZE
SBB,LATEST,balance_sheet,level,2.0,ACTUAL,VNSTOCK_BRONZE
SBB,LATEST,balance_sheet,off_balance,0.0,ACTUAL,VNSTOCK_BRONZE
SBB,LATEST,balance_sheet,value,875245360000.0,ACTUAL,VNSTOCK_BRONZE
SBB,LATEST,balance_sheet,order,103.0,ACTUAL,VNSTOCK_BRONZE
SBB,LATEST,balance_sheet,level,3.0,ACTUAL,VNSTOCK_BRONZE
SBB,LATEST,balance_sheet,off_balance,0.0,ACTUAL,VNSTOCK_BRONZE
SBB,LATEST,balance_sheet,value,875245360000.0,ACTUAL,VNSTOCK_BRONZE
SBB,LATEST,balance_sheet,order,104.0,ACTUAL,VNSTOCK_BRONZE
SBB,LATEST,balance_sheet,level,2.0,ACTUAL,VNSTOCK_BRONZE
SBB,LATEST,balance_sheet,off_balance,0.0,ACTUAL,VNSTOCK_BRONZE
SBB,LATEST,balance_sheet,value,436708750464.0,ACTUAL,VNSTOCK_BRONZE
SBB,LATEST,balance_sheet,order,105.0,ACTUAL,VNSTOCK_BRONZE
SBB,LATEST,balance_sheet,level,2.0,ACTUAL,VNSTOCK_BRONZE
SBB,LATEST,balance_sheet,off_balance,0.0,ACTUAL,VNSTOCK_BRONZE
SBB,LATEST,balance_sheet,value,-51168810051.0,ACTUAL,VNSTOCK_BRONZE
SBB,LATEST,balance_sheet,order,106.0,ACTUAL,VNSTOCK_BRONZE
SBB,LATEST,balance_sheet,level,2.0,ACTUAL,VNSTOCK_BRONZE
SBB,LATEST,balance_sheet,off_balance,0.0,ACTUAL,VNSTOCK_BRONZE
SBB,LATEST,balance_sheet,value,0.0,ACTUAL,VNSTOCK_BRONZE
SBB,LATEST,balance_sheet,order,107.0,ACTUAL,VNSTOCK_BRONZE
SBB,LATEST,balance_sheet,level,2.0,ACTUAL,VNSTOCK_BRONZE
SBB,LATEST,balance_sheet,off_balance,0.0,ACTUAL,VNSTOCK_BRONZE
SBB,LATEST,balance_sheet,value,0.0,ACTUAL,VNSTOCK_BRONZE
SBB,LATEST,balance_sheet,order,108.0,ACTUAL,VNSTOCK_BRONZE
SBB,LATEST,balance_sheet,level,2.0,ACTUAL,VNSTOCK_BRONZE
SBB,LATEST,balance_sheet,off_balance,0.0,ACTUAL,VNSTOCK_BRONZE
SBB,LATEST,balance_sheet,value,0.0,ACTUAL,VNSTOCK_BRONZE
SBB,LATEST,balance_sheet,order,109.0,ACTUAL,VNSTOCK_BRONZE
SBB,LATEST,balance_sheet,level,2.0,ACTUAL,VNSTOCK_BRONZE
SBB,LATEST,balance_sheet,off_balance,0.0,ACTUAL,VNSTOCK_BRONZE
SBB,LATEST,balance_sheet,value,498645305720.0,ACTUAL,VNSTOCK_BRONZE
SBB,LATEST,balance_sheet,order,110.0,ACTUAL,VNSTOCK_BRONZE
SBB,LATEST,balance_sheet,level,2.0,ACTUAL,VNSTOCK_BRONZE
SBB,LATEST,balance_sheet,off_balance,0.0,ACTUAL,VNSTOCK_BRONZE
SBB,LATEST,balance_sheet,value,0.0,ACTUAL,VNSTOCK_BRONZE
SBB,LATEST,balance_sheet,order,111.0,ACTUAL,VNSTOCK_BRONZE
SBB,LATEST,balance_sheet,level,2.0,ACTUAL,VNSTOCK_BRONZE
SBB,LATEST,balance_sheet,off_balance,0.0,ACTUAL,VNSTOCK_BRONZE
SBB,LATEST,balance_sheet,value,0.0,ACTUAL,VNSTOCK_BRONZE
SBB,LATEST,balance_sheet,order,112.0,ACTUAL,VNSTOCK_BRONZE
SBB,LATEST,balance_sheet,level,2.0,ACTUAL,VNSTOCK_BRONZE
SBB,LATEST,balance_sheet,off_balance,0.0,ACTUAL,VNSTOCK_BRONZE
SBB,LATEST,balance_sheet,value,-82410094305.0,ACTUAL,VNSTOCK_BRONZE
SBB,LATEST,balance_sheet,order,113.0,ACTUAL,VNSTOCK_BRONZE
SBB,LATEST,balance_sheet,level,3.0,ACTUAL,VNSTOCK_BRONZE
SBB,LATEST,balance_sheet,off_balance,0.0,ACTUAL,VNSTOCK_BRONZE
SBB,LATEST,balance_sheet,value,5620258007.0,ACTUAL,VNSTOCK_BRONZE
SBB,LATEST,balance_sheet,order,114.0,ACTUAL,VNSTOCK_BRONZE
SBB,LATEST,balance_sheet,level,3.0,ACTUAL,VNSTOCK_BRONZE
SBB,LATEST,balance_sheet,off_balance,0.0,ACTUAL,VNSTOCK_BRONZE
SBB,LATEST,balance_sheet,value,-88030352312.0,ACTUAL,VNSTOCK_BRONZE
SBB,LATEST,balance_sheet,order,115.0,ACTUAL,VNSTOCK_BRONZE
SBB,LATEST,balance_sheet,level,2.0,ACTUAL,VNSTOCK_BRONZE
SBB,LATEST,balance_sheet,off_balance,0.0,ACTUAL,VNSTOCK_BRONZE
SBB,LATEST,balance_sheet,value,0.0,ACTUAL,VNSTOCK_BRONZE
SBB,LATEST,balance_sheet,order,116.0,ACTUAL,VNSTOCK_BRONZE
SBB,LATEST,balance_sheet,level,1.0,ACTUAL,VNSTOCK_BRONZE
SBB,LATEST,balance_sheet,off_balance,0.0,ACTUAL,VNSTOCK_BRONZE
SBB,LATEST,balance_sheet,value,0.0,ACTUAL,VNSTOCK_BRONZE
SBB,LATEST,balance_sheet,order,117.0,ACTUAL,VNSTOCK_BRONZE
SBB,LATEST,balance_sheet,level,2.0,ACTUAL,VNSTOCK_BRONZE
SBB,LATEST,balance_sheet,off_balance,0.0,ACTUAL,VNSTOCK_BRONZE
SBB,LATEST,balance_sheet,value,0.0,ACTUAL,VNSTOCK_BRONZE
SBB,LATEST,balance_sheet,order,118.0,ACTUAL,VNSTOCK_BRONZE
SBB,LATEST,balance_sheet,level,1.0,ACTUAL,VNSTOCK_BRONZE
SBB,LATEST,balance_sheet,off_balance,0.0,ACTUAL,VNSTOCK_BRONZE
SBB,LATEST,balance_sheet,value,2391608382659.0,ACTUAL,VNSTOCK_BRONZE
SBB,LATEST,balance_sheet,order,1.0,ACTUAL,VNSTOCK_BRONZE
SBB,LATEST,balance_sheet,level,1.0,ACTUAL,VNSTOCK_BRONZE
SBB,LATEST,balance_sheet,off_balance,0.0,ACTUAL,VNSTOCK_BRONZE
SBB,LATEST,balance_sheet,value,1082280472262.0,ACTUAL,VNSTOCK_BRONZE
SBB,LATEST,balance_sheet,order,2.0,ACTUAL,VNSTOCK_BRONZE
SBB,LATEST,balance_sheet,level,1.0,ACTUAL,VNSTOCK_BRONZE
SBB,LATEST,balance_sheet,off_balance,0.0,ACTUAL,VNSTOCK_BRONZE
SBB,LATEST,balance_sheet,value,307972605310.0,ACTUAL,VNSTOCK_BRONZE
SBB,LATEST,balance_sheet,order,3.0,ACTUAL,VNSTOCK_BRONZE
SBB,LATEST,balance_sheet,level,2.0,ACTUAL,VNSTOCK_BRONZE
SBB,LATEST,balance_sheet,off_balance,0.0,ACTUAL,VNSTOCK_BRONZE
SBB,LATEST,balance_sheet,value,122910961474.0,ACTUAL,VNSTOCK_BRONZE
SBB,LATEST,balance_sheet,order,4.0,ACTUAL,VNSTOCK_BRONZE
SBB,LATEST,balance_sheet,level,2.0,ACTUAL,VNSTOCK_BRONZE
SBB,LATEST,balance_sheet,off_balance,0.0,ACTUAL,VNSTOCK_BRONZE
SBB,LATEST,balance_sheet,value,185061643836.0,ACTUAL,VNSTOCK_BRONZE
SBB,LATEST,balance_sheet,order,5.0,ACTUAL,VNSTOCK_BRONZE
SBB,LATEST,balance_sheet,level,1.0,ACTUAL,VNSTOCK_BRONZE
SBB,LATEST,balance_sheet,off_balance,0.0,ACTUAL,VNSTOCK_BRONZE
SBB,LATEST,balance_sheet,value,131509612909.0,ACTUAL,VNSTOCK_BRONZE
SBB,LATEST,balance_sheet,order,6.0,ACTUAL,VNSTOCK_BRONZE
SBB,LATEST,balance_sheet,level,2.0,ACTUAL,VNSTOCK_BRONZE
SBB,LATEST,balance_sheet,off_balance,0.0,ACTUAL,VNSTOCK_BRONZE
SBB,LATEST,balance_sheet,value,0.0,ACTUAL,VNSTOCK_BRONZE
SBB,LATEST,balance_sheet,order,7.0,ACTUAL,VNSTOCK_BRONZE
SBB,LATEST,balance_sheet,level,2.0,ACTUAL,VNSTOCK_BRONZE
SBB,LATEST,balance_sheet,off_balance,0.0,ACTUAL,VNSTOCK_BRONZE
SBB,LATEST,balance_sheet,value,0.0,ACTUAL,VNSTOCK_BRONZE
SBB,LATEST,balance_sheet,order,8.0,ACTUAL,VNSTOCK_BRONZE
SBB,LATEST,balance_sheet,level,2.0,ACTUAL,VNSTOCK_BRONZE
SBB,LATEST,balance_sheet,off_balance,0.0,ACTUAL,VNSTOCK_BRONZE
SBB,LATEST,balance_sheet,value,131509612909.0,ACTUAL,VNSTOCK_BRONZE
SBB,LATEST,balance_sheet,order,9.0,ACTUAL,VNSTOCK_BRONZE
SBB,LATEST,balance_sheet,level,1.0,ACTUAL,VNSTOCK_BRONZE
SBB,LATEST,balance_sheet,off_balance,0.0,ACTUAL,VNSTOCK_BRONZE
SBB,LATEST,balance_sheet,value,378999621001.0,ACTUAL,VNSTOCK_BRONZE
SBB,LATEST,balance_sheet,order,10.0,ACTUAL,VNSTOCK_BRONZE
SBB,LATEST,balance_sheet,level,2.0,ACTUAL,VNSTOCK_BRONZE
SBB,LATEST,balance_sheet,off_balance,0.0,ACTUAL,VNSTOCK_BRONZE
SBB,LATEST,balance_sheet,value,413248211895.0,ACTUAL,VNSTOCK_BRONZE
SBB,LATEST,balance_sheet,order,11.0,ACTUAL,VNSTOCK_BRONZE
SBB,LATEST,balance_sheet,level,2.0,ACTUAL,VNSTOCK_BRONZE
SBB,LATEST,balance_sheet,off_balance,0.0,ACTUAL,VNSTOCK_BRONZE
SBB,LATEST,balance_sheet,value,11984880012.0,ACTUAL,VNSTOCK_BRONZE
SBB,LATEST,balance_sheet,order,12.0,ACTUAL,VNSTOCK_BRONZE
SBB,LATEST,balance_sheet,level,2.0,ACTUAL,VNSTOCK_BRONZE
SBB,LATEST,balance_sheet,off_balance,0.0,ACTUAL,VNSTOCK_BRONZE
SBB,LATEST,balance_sheet,value,0.0,ACTUAL,VNSTOCK_BRONZE
SBB,LATEST,balance_sheet,order,13.0,ACTUAL,VNSTOCK_BRONZE
SBB,LATEST,balance_sheet,level,2.0,ACTUAL,VNSTOCK_BRONZE
SBB,LATEST,balance_sheet,off_balance,0.0,ACTUAL,VNSTOCK_BRONZE
SBB,LATEST,balance_sheet,value,0.0,ACTUAL,VNSTOCK_BRONZE
SBB,LATEST,balance_sheet,order,14.0,ACTUAL,VNSTOCK_BRONZE
SBB,LATEST,balance_sheet,level,2.0,ACTUAL,VNSTOCK_BRONZE
SBB,LATEST,balance_sheet,off_balance,0.0,ACTUAL,VNSTOCK_BRONZE
SBB,LATEST,balance_sheet,value,0.0,ACTUAL,VNSTOCK_BRONZE
SBB,LATEST,balance_sheet,order,15.0,ACTUAL,VNSTOCK_BRONZE
SBB,LATEST,balance_sheet,level,2.0,ACTUAL,VNSTOCK_BRONZE
SBB,LATEST,balance_sheet,off_balance,0.0,ACTUAL,VNSTOCK_BRONZE
SBB,LATEST,balance_sheet,value,1986280201.0,ACTUAL,VNSTOCK_BRONZE
SBB,LATEST,balance_sheet,order,16.0,ACTUAL,VNSTOCK_BRONZE
SBB,LATEST,balance_sheet,level,2.0,ACTUAL,VNSTOCK_BRONZE
SBB,LATEST,balance_sheet,off_balance,0.0,ACTUAL,VNSTOCK_BRONZE
SBB,LATEST,balance_sheet,value,-48219751107.0,ACTUAL,VNSTOCK_BRONZE
SBB,LATEST,balance_sheet,order,17.0,ACTUAL,VNSTOCK_BRONZE
SBB,LATEST,balance_sheet,level,2.0,ACTUAL,VNSTOCK_BRONZE
SBB,LATEST,balance_sheet,off_balance,0.0,ACTUAL,VNSTOCK_BRONZE
SBB,LATEST,balance_sheet,value,0.0,ACTUAL,VNSTOCK_BRONZE
SBB,LATEST,balance_sheet,order,18.0,ACTUAL,VNSTOCK_BRONZE
SBB,LATEST,balance_sheet,level,1.0,ACTUAL,VNSTOCK_BRONZE
SBB,LATEST,balance_sheet,off_balance,0.0,ACTUAL,VNSTOCK_BRONZE
SBB,LATEST,balance_sheet,value,262322199677.0,ACTUAL,VNSTOCK_BRONZE
SBB,LATEST,balance_sheet,order,19.0,ACTUAL,VNSTOCK_BRONZE
SBB,LATEST,balance_sheet,level,2.0,ACTUAL,VNSTOCK_BRONZE
SBB,LATEST,balance_sheet,off_balance,0.0,ACTUAL,VNSTOCK_BRONZE
SBB,LATEST,balance_sheet,value,262322199677.0,ACTUAL,VNSTOCK_BRONZE
SBB,LATEST,balance_sheet,order,20.0,ACTUAL,VNSTOCK_BRONZE
SBB,LATEST,balance_sheet,level,2.0,ACTUAL,VNSTOCK_BRONZE
SBB,LATEST,balance_sheet,off_balance,0.0,ACTUAL,VNSTOCK_BRONZE
SBB,LATEST,balance_sheet,value,0.0,ACTUAL,VNSTOCK_BRONZE
SBB,LATEST,balance_sheet,order,21.0,ACTUAL,VNSTOCK_BRONZE
SBB,LATEST,balance_sheet,level,1.0,ACTUAL,VNSTOCK_BRONZE
SBB,LATEST,balance_sheet,off_balance,0.0,ACTUAL,VNSTOCK_BRONZE
SBB,LATEST,balance_sheet,value,1476433365.0,ACTUAL,VNSTOCK_BRONZE
SBB,LATEST,balance_sheet,order,22.0,ACTUAL,VNSTOCK_BRONZE
SBB,LATEST,balance_sheet,level,2.0,ACTUAL,VNSTOCK_BRONZE
SBB,LATEST,balance_sheet,off_balance,0.0,ACTUAL,VNSTOCK_BRONZE
SBB,LATEST,balance_sheet,value,439969942.0,ACTUAL,VNSTOCK_BRONZE
SBB,LATEST,balance_sheet,order,23.0,ACTUAL,VNSTOCK_BRONZE
SBB,LATEST,balance_sheet,level,2.0,ACTUAL,VNSTOCK_BRONZE
SBB,LATEST,balance_sheet,off_balance,0.0,ACTUAL,VNSTOCK_BRONZE
SBB,LATEST,balance_sheet,value,0.0,ACTUAL,VNSTOCK_BRONZE
SBB,LATEST,balance_sheet,order,24.0,ACTUAL,VNSTOCK_BRONZE
SBB,LATEST,balance_sheet,level,2.0,ACTUAL,VNSTOCK_BRONZE
SBB,LATEST,balance_sheet,off_balance,0.0,ACTUAL,VNSTOCK_BRONZE
SBB,LATEST,balance_sheet,value,1036463423.0,ACTUAL,VNSTOCK_BRONZE
SBB,LATEST,balance_sheet,order,25.0,ACTUAL,VNSTOCK_BRONZE
SBB,LATEST,balance_sheet,level,2.0,ACTUAL,VNSTOCK_BRONZE
SBB,LATEST,balance_sheet,off_balance,0.0,ACTUAL,VNSTOCK_BRONZE
SBB,LATEST,balance_sheet,value,0.0,ACTUAL,VNSTOCK_BRONZE
SBB,LATEST,balance_sheet,order,26.0,ACTUAL,VNSTOCK_BRONZE
SBB,LATEST,balance_sheet,level,1.0,ACTUAL,VNSTOCK_BRONZE
SBB,LATEST,balance_sheet,off_balance,0.0,ACTUAL,VNSTOCK_BRONZE
SBB,LATEST,balance_sheet,value,1481865347528.0,ACTUAL,VNSTOCK_BRONZE
SBB,LATEST,balance_sheet,order,27.0,ACTUAL,VNSTOCK_BRONZE
SBB,LATEST,balance_sheet,level,1.0,ACTUAL,VNSTOCK_BRONZE
SBB,LATEST,balance_sheet,off_balance,0.0,ACTUAL,VNSTOCK_BRONZE
SBB,LATEST,balance_sheet,value,9170440000.0,ACTUAL,VNSTOCK_BRONZE
SBB,LATEST,balance_sheet,order,28.0,ACTUAL,VNSTOCK_BRONZE
SBB,LATEST,balance_sheet,level,2.0,ACTUAL,VNSTOCK_BRONZE
SBB,LATEST,balance_sheet,off_balance,0.0,ACTUAL,VNSTOCK_BRONZE
SBB,LATEST,balance_sheet,value,0.0,ACTUAL,VNSTOCK_BRONZE
SBB,LATEST,balance_sheet,order,29.0,ACTUAL,VNSTOCK_BRONZE
SBB,LATEST,balance_sheet,level,2.0,ACTUAL,VNSTOCK_BRONZE
SBB,LATEST,balance_sheet,off_balance,0.0,ACTUAL,VNSTOCK_BRONZE
SBB,LATEST,balance_sheet,value,0.0,ACTUAL,VNSTOCK_BRONZE
SBB,LATEST,balance_sheet,order,30.0,ACTUAL,VNSTOCK_BRONZE
SBB,LATEST,balance_sheet,level,2.0,ACTUAL,VNSTOCK_BRONZE
SBB,LATEST,balance_sheet,off_balance,0.0,ACTUAL,VNSTOCK_BRONZE
SBB,LATEST,balance_sheet,value,0.0,ACTUAL,VNSTOCK_BRONZE
SBB,LATEST,balance_sheet,order,31.0,ACTUAL,VNSTOCK_BRONZE
SBB,LATEST,balance_sheet,level,2.0,ACTUAL,VNSTOCK_BRONZE
SBB,LATEST,balance_sheet,off_balance,0.0,ACTUAL,VNSTOCK_BRONZE
SBB,LATEST,balance_sheet,value,9000000000.0,ACTUAL,VNSTOCK_BRONZE
SBB,LATEST,balance_sheet,order,32.0,ACTUAL,VNSTOCK_BRONZE
SBB,LATEST,balance_sheet,level,2.0,ACTUAL,VNSTOCK_BRONZE
SBB,LATEST,balance_sheet,off_balance,0.0,ACTUAL,VNSTOCK_BRONZE
SBB,LATEST,balance_sheet,value,170440000.0,ACTUAL,VNSTOCK_BRONZE
SBB,LATEST,balance_sheet,order,33.0,ACTUAL,VNSTOCK_BRONZE
SBB,LATEST,balance_sheet,level,2.0,ACTUAL,VNSTOCK_BRONZE
SBB,LATEST,balance_sheet,off_balance,0.0,ACTUAL,VNSTOCK_BRONZE
SBB,LATEST,balance_sheet,value,-0.0,ACTUAL,VNSTOCK_BRONZE
SBB,LATEST,balance_sheet,order,34.0,ACTUAL,VNSTOCK_BRONZE
SBB,LATEST,balance_sheet,level,1.0,ACTUAL,VNSTOCK_BRONZE
SBB,LATEST,balance_sheet,off_balance,0.0,ACTUAL,VNSTOCK_BRONZE
SBB,LATEST,balance_sheet,value,1189380595210.0,ACTUAL,VNSTOCK_BRONZE
SBB,LATEST,balance_sheet,order,35.0,ACTUAL,VNSTOCK_BRONZE
SBB,LATEST,balance_sheet,level,2.0,ACTUAL,VNSTOCK_BRONZE
SBB,LATEST,balance_sheet,off_balance,0.0,ACTUAL,VNSTOCK_BRONZE
SBB,LATEST,balance_sheet,value,1123179609737.0,ACTUAL,VNSTOCK_BRONZE
SBB,LATEST,balance_sheet,order,36.0,ACTUAL,VNSTOCK_BRONZE
SBB,LATEST,balance_sheet,level,3.0,ACTUAL,VNSTOCK_BRONZE
SBB,LATEST,balance_sheet,off_balance,0.0,ACTUAL,VNSTOCK_BRONZE
SBB,LATEST,balance_sheet,value,3890633472178.0,ACTUAL,VNSTOCK_BRONZE
SBB,LATEST,balance_sheet,order,37.0,ACTUAL,VNSTOCK_BRONZE
SBB,LATEST,balance_sheet,level,3.0,ACTUAL,VNSTOCK_BRONZE
SBB,LATEST,balance_sheet,off_balance,0.0,ACTUAL,VNSTOCK_BRONZE
SBB,LATEST,balance_sheet,value,-2767453862441.0,ACTUAL,VNSTOCK_BRONZE
SBB,LATEST,balance_sheet,order,38.0,ACTUAL,VNSTOCK_BRONZE
SBB,LATEST,balance_sheet,level,2.0,ACTUAL,VNSTOCK_BRONZE
SBB,LATEST,balance_sheet,off_balance,0.0,ACTUAL,VNSTOCK_BRONZE
SBB,LATEST,balance_sheet,value,0.0,ACTUAL,VNSTOCK_BRONZE
SBB,LATEST,balance_sheet,order,39.0,ACTUAL,VNSTOCK_BRONZE
SBB,LATEST,balance_sheet,level,3.0,ACTUAL,VNSTOCK_BRONZE
SBB,LATEST,balance_sheet,off_balance,0.0,ACTUAL,VNSTOCK_BRONZE
SBB,LATEST,balance_sheet,value,0.0,ACTUAL,VNSTOCK_BRONZE
SBB,LATEST,balance_sheet,order,40.0,ACTUAL,VNSTOCK_BRONZE
SBB,LATEST,balance_sheet,level,3.0,ACTUAL,VNSTOCK_BRONZE
SBB,LATEST,balance_sheet,off_balance,0.0,ACTUAL,VNSTOCK_BRONZE
SBB,LATEST,balance_sheet,value,-0.0,ACTUAL,VNSTOCK_BRONZE
SBB,LATEST,balance_sheet,order,41.0,ACTUAL,VNSTOCK_BRONZE
SBB,LATEST,balance_sheet,level,2.0,ACTUAL,VNSTOCK_BRONZE
SBB,LATEST,balance_sheet,off_balance,0.0,ACTUAL,VNSTOCK_BRONZE
SBB,LATEST,balance_sheet,value,66200985473.0,ACTUAL,VNSTOCK_BRONZE
SBB,LATEST,balance_sheet,order,42.0,ACTUAL,VNSTOCK_BRONZE
SBB,LATEST,balance_sheet,level,3.0,ACTUAL,VNSTOCK_BRONZE
SBB,LATEST,balance_sheet,off_balance,0.0,ACTUAL,VNSTOCK_BRONZE
SBB,LATEST,balance_sheet,value,89074087377.0,ACTUAL,VNSTOCK_BRONZE
SBB,LATEST,balance_sheet,order,43.0,ACTUAL,VNSTOCK_BRONZE
SBB,LATEST,balance_sheet,level,3.0,ACTUAL,VNSTOCK_BRONZE
SBB,LATEST,balance_sheet,off_balance,0.0,ACTUAL,VNSTOCK_BRONZE
SBB,LATEST,balance_sheet,value,-22873101904.0,ACTUAL,VNSTOCK_BRONZE
SBB,LATEST,balance_sheet,order,44.0,ACTUAL,VNSTOCK_BRONZE
SBB,LATEST,balance_sheet,level,1.0,ACTUAL,VNSTOCK_BRONZE
SBB,LATEST,balance_sheet,off_balance,0.0,ACTUAL,VNSTOCK_BRONZE
SBB,LATEST,balance_sheet,value,0.0,ACTUAL,VNSTOCK_BRONZE
SBB,LATEST,balance_sheet,order,45.0,ACTUAL,VNSTOCK_BRONZE
SBB,LATEST,balance_sheet,level,2.0,ACTUAL,VNSTOCK_BRONZE
SBB,LATEST,balance_sheet,off_balance,0.0,ACTUAL,VNSTOCK_BRONZE
SBB,LATEST,balance_sheet,value,0.0,ACTUAL,VNSTOCK_BRONZE
SBB,LATEST,balance_sheet,order,46.0,ACTUAL,VNSTOCK_BRONZE
SBB,LATEST,balance_sheet,level,2.0,ACTUAL,VNSTOCK_BRONZE
SBB,LATEST,balance_sheet,off_balance,0.0,ACTUAL,VNSTOCK_BRONZE
SBB,LATEST,balance_sheet,value,-0.0,ACTUAL,VNSTOCK_BRONZE
SBB,LATEST,balance_sheet,order,47.0,ACTUAL,VNSTOCK_BRONZE
SBB,LATEST,balance_sheet,level,1.0,ACTUAL,VNSTOCK_BRONZE
SBB,LATEST,balance_sheet,off_balance,0.0,ACTUAL,VNSTOCK_BRONZE
SBB,LATEST,balance_sheet,value,12431962560.0,ACTUAL,VNSTOCK_BRONZE
SBB,LATEST,balance_sheet,order,48.0,ACTUAL,VNSTOCK_BRONZE
SBB,LATEST,balance_sheet,level,2.0,ACTUAL,VNSTOCK_BRONZE
SBB,LATEST,balance_sheet,off_balance,0.0,ACTUAL,VNSTOCK_BRONZE
SBB,LATEST,balance_sheet,value,0.0,ACTUAL,VNSTOCK_BRONZE
SBB,LATEST,balance_sheet,order,49.0,ACTUAL,VNSTOCK_BRONZE
SBB,LATEST,balance_sheet,level,2.0,ACTUAL,VNSTOCK_BRONZE
SBB,LATEST,balance_sheet,off_balance,0.0,ACTUAL,VNSTOCK_BRONZE
SBB,LATEST,balance_sheet,value,12431962560.0,ACTUAL,VNSTOCK_BRONZE
SBB,LATEST,balance_sheet,order,50.0,ACTUAL,VNSTOCK_BRONZE
SBB,LATEST,balance_sheet,level,1.0,ACTUAL,VNSTOCK_BRONZE
SBB,LATEST,balance_sheet,off_balance,0.0,ACTUAL,VNSTOCK_BRONZE
SBB,LATEST,balance_sheet,value,201562159572.0,ACTUAL,VNSTOCK_BRONZE
SBB,LATEST,balance_sheet,order,51.0,ACTUAL,VNSTOCK_BRONZE
SBB,LATEST,balance_sheet,level,2.0,ACTUAL,VNSTOCK_BRONZE
SBB,LATEST,balance_sheet,off_balance,0.0,ACTUAL,VNSTOCK_BRONZE
SBB,LATEST,balance_sheet,value,0.0,ACTUAL,VNSTOCK_BRONZE
SBB,LATEST,balance_sheet,order,52.0,ACTUAL,VNSTOCK_BRONZE
SBB,LATEST,balance_sheet,level,2.0,ACTUAL,VNSTOCK_BRONZE
SBB,LATEST,balance_sheet,off_balance,0.0,ACTUAL,VNSTOCK_BRONZE
SBB,LATEST,balance_sheet,value,180895309572.0,ACTUAL,VNSTOCK_BRONZE
SBB,LATEST,balance_sheet,order,53.0,ACTUAL,VNSTOCK_BRONZE
SBB,LATEST,balance_sheet,level,2.0,ACTUAL,VNSTOCK_BRONZE
SBB,LATEST,balance_sheet,off_balance,0.0,ACTUAL,VNSTOCK_BRONZE
SBB,LATEST,balance_sheet,value,22166850000.0,ACTUAL,VNSTOCK_BRONZE
SBB,LATEST,balance_sheet,order,54.0,ACTUAL,VNSTOCK_BRONZE
SBB,LATEST,balance_sheet,level,2.0,ACTUAL,VNSTOCK_BRONZE
SBB,LATEST,balance_sheet,off_balance,0.0,ACTUAL,VNSTOCK_BRONZE
SBB,LATEST,balance_sheet,value,-1500000000.0,ACTUAL,VNSTOCK_BRONZE
SBB,LATEST,balance_sheet,order,55.0,ACTUAL,VNSTOCK_BRONZE
SBB,LATEST,balance_sheet,level,2.0,ACTUAL,VNSTOCK_BRONZE
SBB,LATEST,balance_sheet,off_balance,0.0,ACTUAL,VNSTOCK_BRONZE
SBB,LATEST,balance_sheet,value,0.0,ACTUAL,VNSTOCK_BRONZE
SBB,LATEST,balance_sheet,order,56.0,ACTUAL,VNSTOCK_BRONZE
SBB,LATEST,balance_sheet,level,1.0,ACTUAL,VNSTOCK_BRONZE
SBB,LATEST,balance_sheet,off_balance,0.0,ACTUAL,VNSTOCK_BRONZE
SBB,LATEST,balance_sheet,value,69320190186.0,ACTUAL,VNSTOCK_BRONZE
SBB,LATEST,balance_sheet,order,57.0,ACTUAL,VNSTOCK_BRONZE
SBB,LATEST,balance_sheet,level,2.0,ACTUAL,VNSTOCK_BRONZE
SBB,LATEST,balance_sheet,off_balance,0.0,ACTUAL,VNSTOCK_BRONZE
SBB,LATEST,balance_sheet,value,0.0,ACTUAL,VNSTOCK_BRONZE
SBB,LATEST,balance_sheet,order,58.0,ACTUAL,VNSTOCK_BRONZE
SBB,LATEST,balance_sheet,level,2.0,ACTUAL,VNSTOCK_BRONZE
SBB,LATEST,balance_sheet,off_balance,0.0,ACTUAL,VNSTOCK_BRONZE
SBB,LATEST,balance_sheet,value,48477859784.0,ACTUAL,VNSTOCK_BRONZE
SBB,LATEST,balance_sheet,order,59.0,ACTUAL,VNSTOCK_BRONZE
SBB,LATEST,balance_sheet,level,2.0,ACTUAL,VNSTOCK_BRONZE
SBB,LATEST,balance_sheet,off_balance,0.0,ACTUAL,VNSTOCK_BRONZE
SBB,LATEST,balance_sheet,value,0.0,ACTUAL,VNSTOCK_BRONZE
SBB,LATEST,balance_sheet,order,60.0,ACTUAL,VNSTOCK_BRONZE
SBB,LATEST,balance_sheet,level,2.0,ACTUAL,VNSTOCK_BRONZE
SBB,LATEST,balance_sheet,off_balance,0.0,ACTUAL,VNSTOCK_BRONZE
SBB,LATEST,balance_sheet,value,20842330402.0,ACTUAL,VNSTOCK_BRONZE
SBB,LATEST,balance_sheet,order,61.0,ACTUAL,VNSTOCK_BRONZE
SBB,LATEST,balance_sheet,level,2.0,ACTUAL,VNSTOCK_BRONZE
SBB,LATEST,balance_sheet,off_balance,0.0,ACTUAL,VNSTOCK_BRONZE
SBB,LATEST,balance_sheet,value,0.0,ACTUAL,VNSTOCK_BRONZE
SBB,LATEST,balance_sheet,order,62.0,ACTUAL,VNSTOCK_BRONZE
SBB,LATEST,balance_sheet,level,2.0,ACTUAL,VNSTOCK_BRONZE
SBB,LATEST,balance_sheet,off_balance,0.0,ACTUAL,VNSTOCK_BRONZE
SBB,LATEST,balance_sheet,value,0.0,ACTUAL,VNSTOCK_BRONZE
SBB,LATEST,balance_sheet,order,63.0,ACTUAL,VNSTOCK_BRONZE
SBB,LATEST,balance_sheet,level,1.0,ACTUAL,VNSTOCK_BRONZE
SBB,LATEST,balance_sheet,off_balance,0.0,ACTUAL,VNSTOCK_BRONZE
SBB,LATEST,balance_sheet,value,2564145819790.0,ACTUAL,VNSTOCK_BRONZE
SBB,LATEST,balance_sheet,order,64.0,ACTUAL,VNSTOCK_BRONZE
SBB,LATEST,balance_sheet,level,1.0,ACTUAL,VNSTOCK_BRONZE
SBB,LATEST,balance_sheet,off_balance,0.0,ACTUAL,VNSTOCK_BRONZE
SBB,LATEST,balance_sheet,value,813585108027.0,ACTUAL,VNSTOCK_BRONZE
SBB,LATEST,balance_sheet,order,65.0,ACTUAL,VNSTOCK_BRONZE
SBB,LATEST,balance_sheet,level,1.0,ACTUAL,VNSTOCK_BRONZE
SBB,LATEST,balance_sheet,off_balance,0.0,ACTUAL,VNSTOCK_BRONZE
SBB,LATEST,balance_sheet,value,799967975174.0,ACTUAL,VNSTOCK_BRONZE
SBB,LATEST,balance_sheet,order,66.0,ACTUAL,VNSTOCK_BRONZE
SBB,LATEST,balance_sheet,level,2.0,ACTUAL,VNSTOCK_BRONZE
SBB,LATEST,balance_sheet,off_balance,0.0,ACTUAL,VNSTOCK_BRONZE
SBB,LATEST,balance_sheet,value,0.0,ACTUAL,VNSTOCK_BRONZE
SBB,LATEST,balance_sheet,order,67.0,ACTUAL,VNSTOCK_BRONZE
SBB,LATEST,balance_sheet,level,2.0,ACTUAL,VNSTOCK_BRONZE
SBB,LATEST,balance_sheet,off_balance,0.0,ACTUAL,VNSTOCK_BRONZE
SBB,LATEST,balance_sheet,value,0.0,ACTUAL,VNSTOCK_BRONZE
SBB,LATEST,balance_sheet,order,68.0,ACTUAL,VNSTOCK_BRONZE
SBB,LATEST,balance_sheet,level,2.0,ACTUAL,VNSTOCK_BRONZE
SBB,LATEST,balance_sheet,off_balance,0.0,ACTUAL,VNSTOCK_BRONZE
SBB,LATEST,balance_sheet,value,0.0,ACTUAL,VNSTOCK_BRONZE
SBB,LATEST,balance_sheet,order,69.0,ACTUAL,VNSTOCK_BRONZE
SBB,LATEST,balance_sheet,level,2.0,ACTUAL,VNSTOCK_BRONZE
SBB,LATEST,balance_sheet,off_balance,0.0,ACTUAL,VNSTOCK_BRONZE
SBB,LATEST,balance_sheet,value,66059626556.0,ACTUAL,VNSTOCK_BRONZE
SBB,LATEST,balance_sheet,order,70.0,ACTUAL,VNSTOCK_BRONZE
SBB,LATEST,balance_sheet,level,2.0,ACTUAL,VNSTOCK_BRONZE
SBB,LATEST,balance_sheet,off_balance,0.0,ACTUAL,VNSTOCK_BRONZE
SBB,LATEST,balance_sheet,value,15914001088.0,ACTUAL,VNSTOCK_BRONZE
SBB,LATEST,balance_sheet,order,71.0,ACTUAL,VNSTOCK_BRONZE
SBB,LATEST,balance_sheet,level,2.0,ACTUAL,VNSTOCK_BRONZE
SBB,LATEST,balance_sheet,off_balance,0.0,ACTUAL,VNSTOCK_BRONZE
SBB,LATEST,balance_sheet,value,237118942799.0,ACTUAL,VNSTOCK_BRONZE
SBB,LATEST,balance_sheet,order,72.0,ACTUAL,VNSTOCK_BRONZE
SBB,LATEST,balance_sheet,level,2.0,ACTUAL,VNSTOCK_BRONZE
SBB,LATEST,balance_sheet,off_balance,0.0,ACTUAL,VNSTOCK_BRONZE
SBB,LATEST,balance_sheet,value,6813457749.0,ACTUAL,VNSTOCK_BRONZE
SBB,LATEST,balance_sheet,order,73.0,ACTUAL,VNSTOCK_BRONZE
SBB,LATEST,balance_sheet,level,2.0,ACTUAL,VNSTOCK_BRONZE
SBB,LATEST,balance_sheet,off_balance,0.0,ACTUAL,VNSTOCK_BRONZE
SBB,LATEST,balance_sheet,value,6147917814.0,ACTUAL,VNSTOCK_BRONZE
SBB,LATEST,balance_sheet,order,74.0,ACTUAL,VNSTOCK_BRONZE
SBB,LATEST,balance_sheet,level,2.0,ACTUAL,VNSTOCK_BRONZE
SBB,LATEST,balance_sheet,off_balance,0.0,ACTUAL,VNSTOCK_BRONZE
SBB,LATEST,balance_sheet,value,0.0,ACTUAL,VNSTOCK_BRONZE
SBB,LATEST,balance_sheet,order,75.0,ACTUAL,VNSTOCK_BRONZE
SBB,LATEST,balance_sheet,level,2.0,ACTUAL,VNSTOCK_BRONZE
SBB,LATEST,balance_sheet,off_balance,0.0,ACTUAL,VNSTOCK_BRONZE
SBB,LATEST,balance_sheet,value,0.0,ACTUAL,VNSTOCK_BRONZE
SBB,LATEST,balance_sheet,order,76.0,ACTUAL,VNSTOCK_BRONZE
SBB,LATEST,balance_sheet,level,2.0,ACTUAL,VNSTOCK_BRONZE
SBB,LATEST,balance_sheet,off_balance,0.0,ACTUAL,VNSTOCK_BRONZE
SBB,LATEST,balance_sheet,value,48329631816.0,ACTUAL,VNSTOCK_BRONZE
SBB,LATEST,balance_sheet,order,77.0,ACTUAL,VNSTOCK_BRONZE
SBB,LATEST,balance_sheet,level,2.0,ACTUAL,VNSTOCK_BRONZE
SBB,LATEST,balance_sheet,off_balance,0.0,ACTUAL,VNSTOCK_BRONZE
SBB,LATEST,balance_sheet,value,415857631995.0,ACTUAL,VNSTOCK_BRONZE
SBB,LATEST,balance_sheet,order,78.0,ACTUAL,VNSTOCK_BRONZE
SBB,LATEST,balance_sheet,level,2.0,ACTUAL,VNSTOCK_BRONZE
SBB,LATEST,balance_sheet,off_balance,0.0,ACTUAL,VNSTOCK_BRONZE
SBB,LATEST,balance_sheet,value,0.0,ACTUAL,VNSTOCK_BRONZE
SBB,LATEST,balance_sheet,order,79.0,ACTUAL,VNSTOCK_BRONZE
SBB,LATEST,balance_sheet,level,2.0,ACTUAL,VNSTOCK_BRONZE
SBB,LATEST,balance_sheet,off_balance,0.0,ACTUAL,VNSTOCK_BRONZE
SBB,LATEST,balance_sheet,value,3726765357.0,ACTUAL,VNSTOCK_BRONZE
SBB,LATEST,balance_sheet,order,80.0,ACTUAL,VNSTOCK_BRONZE
SBB,LATEST,balance_sheet,level,2.0,ACTUAL,VNSTOCK_BRONZE
SBB,LATEST,balance_sheet,off_balance,0.0,ACTUAL,VNSTOCK_BRONZE
SBB,LATEST,balance_sheet,value,0.0,ACTUAL,VNSTOCK_BRONZE
SBB,LATEST,balance_sheet,order,81.0,ACTUAL,VNSTOCK_BRONZE
SBB,LATEST,balance_sheet,level,2.0,ACTUAL,VNSTOCK_BRONZE
SBB,LATEST,balance_sheet,off_balance,0.0,ACTUAL,VNSTOCK_BRONZE
SBB,LATEST,balance_sheet,value,0.0,ACTUAL,VNSTOCK_BRONZE
SBB,LATEST,balance_sheet,order,82.0,ACTUAL,VNSTOCK_BRONZE
SBB,LATEST,balance_sheet,level,1.0,ACTUAL,VNSTOCK_BRONZE
SBB,LATEST,balance_sheet,off_balance,0.0,ACTUAL,VNSTOCK_BRONZE
SBB,LATEST,balance_sheet,value,13617132853.0,ACTUAL,VNSTOCK_BRONZE
SBB,LATEST,balance_sheet,order,83.0,ACTUAL,VNSTOCK_BRONZE
SBB,LATEST,balance_sheet,level,2.0,ACTUAL,VNSTOCK_BRONZE
SBB,LATEST,balance_sheet,off_balance,0.0,ACTUAL,VNSTOCK_BRONZE
SBB,LATEST,balance_sheet,value,0.0,ACTUAL,VNSTOCK_BRONZE
SBB,LATEST,balance_sheet,order,84.0,ACTUAL,VNSTOCK_BRONZE
SBB,LATEST,balance_sheet,level,2.0,ACTUAL,VNSTOCK_BRONZE
SBB,LATEST,balance_sheet,off_balance,0.0,ACTUAL,VNSTOCK_BRONZE
SBB,LATEST,balance_sheet,order,85.0,ACTUAL,VNSTOCK_BRONZE
SBB,LATEST,balance_sheet,level,2.0,ACTUAL,VNSTOCK_BRONZE
SBB,LATEST,balance_sheet,off_balance,0.0,ACTUAL,VNSTOCK_BRONZE
SBB,LATEST,balance_sheet,value,0.0,ACTUAL,VNSTOCK_BRONZE
SBB,LATEST,balance_sheet,order,86.0,ACTUAL,VNSTOCK_BRONZE
SBB,LATEST,balance_sheet,level,2.0,ACTUAL,VNSTOCK_BRONZE
SBB,LATEST,balance_sheet,off_balance,0.0,ACTUAL,VNSTOCK_BRONZE
SBB,LATEST,balance_sheet,value,0.0,ACTUAL,VNSTOCK_BRONZE
SBB,LATEST,balance_sheet,order,87.0,ACTUAL,VNSTOCK_BRONZE
SBB,LATEST,balance_sheet,level,2.0,ACTUAL,VNSTOCK_BRONZE
SBB,LATEST,balance_sheet,off_balance,0.0,ACTUAL,VNSTOCK_BRONZE
SBB,LATEST,balance_sheet,value,0.0,ACTUAL,VNSTOCK_BRONZE
SBB,LATEST,balance_sheet,order,88.0,ACTUAL,VNSTOCK_BRONZE
SBB,LATEST,balance_sheet,level,2.0,ACTUAL,VNSTOCK_BRONZE
SBB,LATEST,balance_sheet,off_balance,0.0,ACTUAL,VNSTOCK_BRONZE
SBB,LATEST,balance_sheet,value,0.0,ACTUAL,VNSTOCK_BRONZE
SBB,LATEST,balance_sheet,order,89.0,ACTUAL,VNSTOCK_BRONZE
SBB,LATEST,balance_sheet,level,2.0,ACTUAL,VNSTOCK_BRONZE
SBB,LATEST,balance_sheet,off_balance,0.0,ACTUAL,VNSTOCK_BRONZE
SBB,LATEST,balance_sheet,value,0.0,ACTUAL,VNSTOCK_BRONZE
SBB,LATEST,balance_sheet,order,90.0,ACTUAL,VNSTOCK_BRONZE
SBB,LATEST,balance_sheet,level,2.0,ACTUAL,VNSTOCK_BRONZE
SBB,LATEST,balance_sheet,off_balance,0.0,ACTUAL,VNSTOCK_BRONZE
SBB,LATEST,balance_sheet,value,0.0,ACTUAL,VNSTOCK_BRONZE
SBB,LATEST,balance_sheet,order,91.0,ACTUAL,VNSTOCK_BRONZE
SBB,LATEST,balance_sheet,level,2.0,ACTUAL,VNSTOCK_BRONZE
SBB,LATEST,balance_sheet,off_balance,0.0,ACTUAL,VNSTOCK_BRONZE
SBB,LATEST,balance_sheet,value,0.0,ACTUAL,VNSTOCK_BRONZE
SBB,LATEST,balance_sheet,order,92.0,ACTUAL,VNSTOCK_BRONZE
SBB,LATEST,balance_sheet,level,2.0,ACTUAL,VNSTOCK_BRONZE
SBB,LATEST,balance_sheet,off_balance,0.0,ACTUAL,VNSTOCK_BRONZE
SBB,LATEST,balance_sheet,value,0.0,ACTUAL,VNSTOCK_BRONZE
SBB,LATEST,balance_sheet,order,93.0,ACTUAL,VNSTOCK_BRONZE
SBB,LATEST,balance_sheet,level,2.0,ACTUAL,VNSTOCK_BRONZE
SBB,LATEST,balance_sheet,off_balance,0.0,ACTUAL,VNSTOCK_BRONZE
SBB,LATEST,balance_sheet,value,13617132853.0,ACTUAL,VNSTOCK_BRONZE
SBB,LATEST,balance_sheet,order,94.0,ACTUAL,VNSTOCK_BRONZE
SBB,LATEST,balance_sheet,level,2.0,ACTUAL,VNSTOCK_BRONZE
SBB,LATEST,balance_sheet,off_balance,0.0,ACTUAL,VNSTOCK_BRONZE
SBB,LATEST,balance_sheet,value,0.0,ACTUAL,VNSTOCK_BRONZE
SBB,LATEST,balance_sheet,order,95.0,ACTUAL,VNSTOCK_BRONZE
SBB,LATEST,balance_sheet,level,2.0,ACTUAL,VNSTOCK_BRONZE
SBB,LATEST,balance_sheet,off_balance,0.0,ACTUAL,VNSTOCK_BRONZE
SBB,LATEST,balance_sheet,value,0.0,ACTUAL,VNSTOCK_BRONZE
SBB,LATEST,balance_sheet,order,96.0,ACTUAL,VNSTOCK_BRONZE
SBB,LATEST,balance_sheet,level,1.0,ACTUAL,VNSTOCK_BRONZE
SBB,LATEST,balance_sheet,off_balance,0.0,ACTUAL,VNSTOCK_BRONZE
SBB,LATEST,balance_sheet,value,1750560711763.0,ACTUAL,VNSTOCK_BRONZE
SBB,LATEST,balance_sheet,order,97.0,ACTUAL,VNSTOCK_BRONZE
SBB,LATEST,balance_sheet,level,1.0,ACTUAL,VNSTOCK_BRONZE
SBB,LATEST,balance_sheet,off_balance,0.0,ACTUAL,VNSTOCK_BRONZE
SBB,LATEST,balance_sheet,value,1750560711763.0,ACTUAL,VNSTOCK_BRONZE
SBB,LATEST,balance_sheet,order,98.0,ACTUAL,VNSTOCK_BRONZE
SBB,LATEST,balance_sheet,level,2.0,ACTUAL,VNSTOCK_BRONZE
SBB,LATEST,balance_sheet,off_balance,0.0,ACTUAL,VNSTOCK_BRONZE
SBB,LATEST,balance_sheet,value,0.0,ACTUAL,VNSTOCK_BRONZE
SBB,LATEST,balance_sheet,order,99.0,ACTUAL,VNSTOCK_BRONZE
SBB,LATEST,balance_sheet,level,2.0,ACTUAL,VNSTOCK_BRONZE
SBB,LATEST,balance_sheet,off_balance,0.0,ACTUAL,VNSTOCK_BRONZE
SBB,LATEST,balance_sheet,value,0.0,ACTUAL,VNSTOCK_BRONZE
SBB,LATEST,balance_sheet,order,100.0,ACTUAL,VNSTOCK_BRONZE
SBB,LATEST,balance_sheet,level,2.0,ACTUAL,VNSTOCK_BRONZE
SBB,LATEST,balance_sheet,off_balance,0.0,ACTUAL,VNSTOCK_BRONZE
SBB,LATEST,balance_sheet,value,0.0,ACTUAL,VNSTOCK_BRONZE
SBB,LATEST,balance_sheet,order,101.0,ACTUAL,VNSTOCK_BRONZE
SBB,LATEST,balance_sheet,level,2.0,ACTUAL,VNSTOCK_BRONZE
SBB,LATEST,balance_sheet,off_balance,0.0,ACTUAL,VNSTOCK_BRONZE
SBB,LATEST,balance_sheet,value,0.0,ACTUAL,VNSTOCK_BRONZE
SBB,LATEST,balance_sheet,order,102.0,ACTUAL,VNSTOCK_BRONZE
SBB,LATEST,balance_sheet,level,2.0,ACTUAL,VNSTOCK_BRONZE
SBB,LATEST,balance_sheet,off_balance,0.0,ACTUAL,VNSTOCK_BRONZE
SBB,LATEST,balance_sheet,value,875245360000.0,ACTUAL,VNSTOCK_BRONZE
SBB,LATEST,balance_sheet,order,103.0,ACTUAL,VNSTOCK_BRONZE
SBB,LATEST,balance_sheet,level,3.0,ACTUAL,VNSTOCK_BRONZE
SBB,LATEST,balance_sheet,off_balance,0.0,ACTUAL,VNSTOCK_BRONZE
SBB,LATEST,balance_sheet,value,875245360000.0,ACTUAL,VNSTOCK_BRONZE
SBB,LATEST,balance_sheet,order,104.0,ACTUAL,VNSTOCK_BRONZE
SBB,LATEST,balance_sheet,level,2.0,ACTUAL,VNSTOCK_BRONZE
SBB,LATEST,balance_sheet,off_balance,0.0,ACTUAL,VNSTOCK_BRONZE
SBB,LATEST,balance_sheet,value,436708750464.0,ACTUAL,VNSTOCK_BRONZE
SBB,LATEST,balance_sheet,order,105.0,ACTUAL,VNSTOCK_BRONZE
SBB,LATEST,balance_sheet,level,2.0,ACTUAL,VNSTOCK_BRONZE
SBB,LATEST,balance_sheet,off_balance,0.0,ACTUAL,VNSTOCK_BRONZE
SBB,LATEST,balance_sheet,value,-51168810051.0,ACTUAL,VNSTOCK_BRONZE
SBB,LATEST,balance_sheet,order,106.0,ACTUAL,VNSTOCK_BRONZE
SBB,LATEST,balance_sheet,level,2.0,ACTUAL,VNSTOCK_BRONZE
SBB,LATEST,balance_sheet,off_balance,0.0,ACTUAL,VNSTOCK_BRONZE
SBB,LATEST,balance_sheet,value,0.0,ACTUAL,VNSTOCK_BRONZE
SBB,LATEST,balance_sheet,order,107.0,ACTUAL,VNSTOCK_BRONZE
SBB,LATEST,balance_sheet,level,2.0,ACTUAL,VNSTOCK_BRONZE
SBB,LATEST,balance_sheet,off_balance,0.0,ACTUAL,VNSTOCK_BRONZE
SBB,LATEST,balance_sheet,value,0.0,ACTUAL,VNSTOCK_BRONZE
SBB,LATEST,balance_sheet,order,108.0,ACTUAL,VNSTOCK_BRONZE
SBB,LATEST,balance_sheet,level,2.0,ACTUAL,VNSTOCK_BRONZE
SBB,LATEST,balance_sheet,off_balance,0.0,ACTUAL,VNSTOCK_BRONZE
SBB,LATEST,balance_sheet,value,0.0,ACTUAL,VNSTOCK_BRONZE
SBB,LATEST,balance_sheet,order,109.0,ACTUAL,VNSTOCK_BRONZE
SBB,LATEST,balance_sheet,level,2.0,ACTUAL,VNSTOCK_BRONZE
SBB,LATEST,balance_sheet,off_balance,0.0,ACTUAL,VNSTOCK_BRONZE
SBB,LATEST,balance_sheet,value,498645305720.0,ACTUAL,VNSTOCK_BRONZE
SBB,LATEST,balance_sheet,order,110.0,ACTUAL,VNSTOCK_BRONZE
SBB,LATEST,balance_sheet,level,2.0,ACTUAL,VNSTOCK_BRONZE
SBB,LATEST,balance_sheet,off_balance,0.0,ACTUAL,VNSTOCK_BRONZE
SBB,LATEST,balance_sheet,value,0.0,ACTUAL,VNSTOCK_BRONZE
SBB,LATEST,balance_sheet,order,111.0,ACTUAL,VNSTOCK_BRONZE
SBB,LATEST,balance_sheet,level,2.0,ACTUAL,VNSTOCK_BRONZE
SBB,LATEST,balance_sheet,off_balance,0.0,ACTUAL,VNSTOCK_BRONZE
SBB,LATEST,balance_sheet,value,0.0,ACTUAL,VNSTOCK_BRONZE
SBB,LATEST,balance_sheet,order,112.0,ACTUAL,VNSTOCK_BRONZE
SBB,LATEST,balance_sheet,level,2.0,ACTUAL,VNSTOCK_BRONZE
SBB,LATEST,balance_sheet,off_balance,0.0,ACTUAL,VNSTOCK_BRONZE
SBB,LATEST,balance_sheet,value,-8869894370.0,ACTUAL,VNSTOCK_BRONZE
SBB,LATEST,balance_sheet,order,113.0,ACTUAL,VNSTOCK_BRONZE
SBB,LATEST,balance_sheet,level,3.0,ACTUAL,VNSTOCK_BRONZE
SBB,LATEST,balance_sheet,off_balance,0.0,ACTUAL,VNSTOCK_BRONZE
SBB,LATEST,balance_sheet,value,27734406402.0,ACTUAL,VNSTOCK_BRONZE
SBB,LATEST,balance_sheet,order,114.0,ACTUAL,VNSTOCK_BRONZE
SBB,LATEST,balance_sheet,level,3.0,ACTUAL,VNSTOCK_BRONZE
SBB,LATEST,balance_sheet,off_balance,0.0,ACTUAL,VNSTOCK_BRONZE
SBB,LATEST,balance_sheet,value,-36604300772.0,ACTUAL,VNSTOCK_BRONZE
SBB,LATEST,balance_sheet,order,115.0,ACTUAL,VNSTOCK_BRONZE
SBB,LATEST,balance_sheet,level,2.0,ACTUAL,VNSTOCK_BRONZE
SBB,LATEST,balance_sheet,off_balance,0.0,ACTUAL,VNSTOCK_BRONZE
SBB,LATEST,balance_sheet,value,0.0,ACTUAL,VNSTOCK_BRONZE
SBB,LATEST,balance_sheet,order,116.0,ACTUAL,VNSTOCK_BRONZE
SBB,LATEST,balance_sheet,level,1.0,ACTUAL,VNSTOCK_BRONZE
SBB,LATEST,balance_sheet,off_balance,0.0,ACTUAL,VNSTOCK_BRONZE
SBB,LATEST,balance_sheet,value,0.0,ACTUAL,VNSTOCK_BRONZE
SBB,LATEST,balance_sheet,order,117.0,ACTUAL,VNSTOCK_BRONZE
SBB,LATEST,balance_sheet,level,2.0,ACTUAL,VNSTOCK_BRONZE
SBB,LATEST,balance_sheet,off_balance,0.0,ACTUAL,VNSTOCK_BRONZE
SBB,LATEST,balance_sheet,value,0.0,ACTUAL,VNSTOCK_BRONZE
SBB,LATEST,balance_sheet,order,118.0,ACTUAL,VNSTOCK_BRONZE
SBB,LATEST,balance_sheet,level,1.0,ACTUAL,VNSTOCK_BRONZE
SBB,LATEST,balance_sheet,off_balance,0.0,ACTUAL,VNSTOCK_BRONZE
SBB,LATEST,balance_sheet,value,2564145819790.0,ACTUAL,VNSTOCK_BRONZE
SBB,LATEST,balance_sheet,order,1.0,ACTUAL,VNSTOCK_BRONZE
SBB,LATEST,balance_sheet,level,1.0,ACTUAL,VNSTOCK_BRONZE
SBB,LATEST,balance_sheet,off_balance,0.0,ACTUAL,VNSTOCK_BRONZE
SBB,LATEST,balance_sheet,value,1054456325774.0,ACTUAL,VNSTOCK_BRONZE
SBB,LATEST,balance_sheet,order,2.0,ACTUAL,VNSTOCK_BRONZE
SBB,LATEST,balance_sheet,level,1.0,ACTUAL,VNSTOCK_BRONZE
SBB,LATEST,balance_sheet,off_balance,0.0,ACTUAL,VNSTOCK_BRONZE
SBB,LATEST,balance_sheet,value,262706009255.0,ACTUAL,VNSTOCK_BRONZE
SBB,LATEST,balance_sheet,order,3.0,ACTUAL,VNSTOCK_BRONZE
SBB,LATEST,balance_sheet,level,2.0,ACTUAL,VNSTOCK_BRONZE
SBB,LATEST,balance_sheet,off_balance,0.0,ACTUAL,VNSTOCK_BRONZE
SBB,LATEST,balance_sheet,value,167644365419.0,ACTUAL,VNSTOCK_BRONZE
SBB,LATEST,balance_sheet,order,4.0,ACTUAL,VNSTOCK_BRONZE
SBB,LATEST,balance_sheet,level,2.0,ACTUAL,VNSTOCK_BRONZE
SBB,LATEST,balance_sheet,off_balance,0.0,ACTUAL,VNSTOCK_BRONZE
SBB,LATEST,balance_sheet,value,95061643836.0,ACTUAL,VNSTOCK_BRONZE
SBB,LATEST,balance_sheet,order,5.0,ACTUAL,VNSTOCK_BRONZE
SBB,LATEST,balance_sheet,level,1.0,ACTUAL,VNSTOCK_BRONZE
SBB,LATEST,balance_sheet,off_balance,0.0,ACTUAL,VNSTOCK_BRONZE
SBB,LATEST,balance_sheet,value,110064003941.0,ACTUAL,VNSTOCK_BRONZE
SBB,LATEST,balance_sheet,order,6.0,ACTUAL,VNSTOCK_BRONZE
SBB,LATEST,balance_sheet,level,2.0,ACTUAL,VNSTOCK_BRONZE
SBB,LATEST,balance_sheet,off_balance,0.0,ACTUAL,VNSTOCK_BRONZE
SBB,LATEST,balance_sheet,value,0.0,ACTUAL,VNSTOCK_BRONZE
SBB,LATEST,balance_sheet,order,7.0,ACTUAL,VNSTOCK_BRONZE
SBB,LATEST,balance_sheet,level,2.0,ACTUAL,VNSTOCK_BRONZE
SBB,LATEST,balance_sheet,off_balance,0.0,ACTUAL,VNSTOCK_BRONZE
SBB,LATEST,balance_sheet,value,0.0,ACTUAL,VNSTOCK_BRONZE
SBB,LATEST,balance_sheet,order,8.0,ACTUAL,VNSTOCK_BRONZE
SBB,LATEST,balance_sheet,level,2.0,ACTUAL,VNSTOCK_BRONZE
SBB,LATEST,balance_sheet,off_balance,0.0,ACTUAL,VNSTOCK_BRONZE
SBB,LATEST,balance_sheet,value,110064003941.0,ACTUAL,VNSTOCK_BRONZE
SBB,LATEST,balance_sheet,order,9.0,ACTUAL,VNSTOCK_BRONZE
SBB,LATEST,balance_sheet,level,1.0,ACTUAL,VNSTOCK_BRONZE
SBB,LATEST,balance_sheet,off_balance,0.0,ACTUAL,VNSTOCK_BRONZE
SBB,LATEST,balance_sheet,value,354814663126.0,ACTUAL,VNSTOCK_BRONZE
SBB,LATEST,balance_sheet,order,10.0,ACTUAL,VNSTOCK_BRONZE
SBB,LATEST,balance_sheet,level,2.0,ACTUAL,VNSTOCK_BRONZE
SBB,LATEST,balance_sheet,off_balance,0.0,ACTUAL,VNSTOCK_BRONZE
SBB,LATEST,balance_sheet,value,349051491829.0,ACTUAL,VNSTOCK_BRONZE
SBB,LATEST,balance_sheet,order,11.0,ACTUAL,VNSTOCK_BRONZE
SBB,LATEST,balance_sheet,level,2.0,ACTUAL,VNSTOCK_BRONZE
SBB,LATEST,balance_sheet,off_balance,0.0,ACTUAL,VNSTOCK_BRONZE
SBB,LATEST,balance_sheet,value,10528535140.0,ACTUAL,VNSTOCK_BRONZE
SBB,LATEST,balance_sheet,order,12.0,ACTUAL,VNSTOCK_BRONZE
SBB,LATEST,balance_sheet,level,2.0,ACTUAL,VNSTOCK_BRONZE
SBB,LATEST,balance_sheet,off_balance,0.0,ACTUAL,VNSTOCK_BRONZE
SBB,LATEST,balance_sheet,value,0.0,ACTUAL,VNSTOCK_BRONZE
SBB,LATEST,balance_sheet,order,13.0,ACTUAL,VNSTOCK_BRONZE
SBB,LATEST,balance_sheet,level,2.0,ACTUAL,VNSTOCK_BRONZE
SBB,LATEST,balance_sheet,off_balance,0.0,ACTUAL,VNSTOCK_BRONZE
SBB,LATEST,balance_sheet,value,0.0,ACTUAL,VNSTOCK_BRONZE
SBB,LATEST,balance_sheet,order,14.0,ACTUAL,VNSTOCK_BRONZE
SBB,LATEST,balance_sheet,level,2.0,ACTUAL,VNSTOCK_BRONZE
SBB,LATEST,balance_sheet,off_balance,0.0,ACTUAL,VNSTOCK_BRONZE
SBB,LATEST,balance_sheet,value,0.0,ACTUAL,VNSTOCK_BRONZE
SBB,LATEST,balance_sheet,order,15.0,ACTUAL,VNSTOCK_BRONZE
SBB,LATEST,balance_sheet,level,2.0,ACTUAL,VNSTOCK_BRONZE
SBB,LATEST,balance_sheet,off_balance,0.0,ACTUAL,VNSTOCK_BRONZE
SBB,LATEST,balance_sheet,value,1284471649.0,ACTUAL,VNSTOCK_BRONZE
SBB,LATEST,balance_sheet,order,16.0,ACTUAL,VNSTOCK_BRONZE
SBB,LATEST,balance_sheet,level,2.0,ACTUAL,VNSTOCK_BRONZE
SBB,LATEST,balance_sheet,off_balance,0.0,ACTUAL,VNSTOCK_BRONZE
SBB,LATEST,balance_sheet,value,-6049835492.0,ACTUAL,VNSTOCK_BRONZE
SBB,LATEST,balance_sheet,order,17.0,ACTUAL,VNSTOCK_BRONZE
SBB,LATEST,balance_sheet,level,2.0,ACTUAL,VNSTOCK_BRONZE
SBB,LATEST,balance_sheet,off_balance,0.0,ACTUAL,VNSTOCK_BRONZE
SBB,LATEST,balance_sheet,value,0.0,ACTUAL,VNSTOCK_BRONZE
SBB,LATEST,balance_sheet,order,18.0,ACTUAL,VNSTOCK_BRONZE
SBB,LATEST,balance_sheet,level,1.0,ACTUAL,VNSTOCK_BRONZE
SBB,LATEST,balance_sheet,off_balance,0.0,ACTUAL,VNSTOCK_BRONZE
SBB,LATEST,balance_sheet,value,325382683211.0,ACTUAL,VNSTOCK_BRONZE
SBB,LATEST,balance_sheet,order,19.0,ACTUAL,VNSTOCK_BRONZE
SBB,LATEST,balance_sheet,level,2.0,ACTUAL,VNSTOCK_BRONZE
SBB,LATEST,balance_sheet,off_balance,0.0,ACTUAL,VNSTOCK_BRONZE
SBB,LATEST,balance_sheet,value,325382683211.0,ACTUAL,VNSTOCK_BRONZE
SBB,LATEST,balance_sheet,order,20.0,ACTUAL,VNSTOCK_BRONZE
SBB,LATEST,balance_sheet,level,2.0,ACTUAL,VNSTOCK_BRONZE
SBB,LATEST,balance_sheet,off_balance,0.0,ACTUAL,VNSTOCK_BRONZE
SBB,LATEST,balance_sheet,value,0.0,ACTUAL,VNSTOCK_BRONZE
SBB,LATEST,balance_sheet,order,21.0,ACTUAL,VNSTOCK_BRONZE
SBB,LATEST,balance_sheet,level,1.0,ACTUAL,VNSTOCK_BRONZE
SBB,LATEST,balance_sheet,off_balance,0.0,ACTUAL,VNSTOCK_BRONZE
SBB,LATEST,balance_sheet,value,1488966241.0,ACTUAL,VNSTOCK_BRONZE
SBB,LATEST,balance_sheet,order,22.0,ACTUAL,VNSTOCK_BRONZE
SBB,LATEST,balance_sheet,level,2.0,ACTUAL,VNSTOCK_BRONZE
SBB,LATEST,balance_sheet,off_balance,0.0,ACTUAL,VNSTOCK_BRONZE
SBB,LATEST,balance_sheet,value,478859267.0,ACTUAL,VNSTOCK_BRONZE
SBB,LATEST,balance_sheet,order,23.0,ACTUAL,VNSTOCK_BRONZE
SBB,LATEST,balance_sheet,level,2.0,ACTUAL,VNSTOCK_BRONZE
SBB,LATEST,balance_sheet,off_balance,0.0,ACTUAL,VNSTOCK_BRONZE
SBB,LATEST,balance_sheet,value,78639.0,ACTUAL,VNSTOCK_BRONZE
SBB,LATEST,balance_sheet,order,24.0,ACTUAL,VNSTOCK_BRONZE
SBB,LATEST,balance_sheet,level,2.0,ACTUAL,VNSTOCK_BRONZE
SBB,LATEST,balance_sheet,off_balance,0.0,ACTUAL,VNSTOCK_BRONZE
SBB,LATEST,balance_sheet,value,1010028335.0,ACTUAL,VNSTOCK_BRONZE
SBB,LATEST,balance_sheet,order,25.0,ACTUAL,VNSTOCK_BRONZE
SBB,LATEST,balance_sheet,level,2.0,ACTUAL,VNSTOCK_BRONZE
SBB,LATEST,balance_sheet,off_balance,0.0,ACTUAL,VNSTOCK_BRONZE
SBB,LATEST,balance_sheet,value,0.0,ACTUAL,VNSTOCK_BRONZE
SBB,LATEST,balance_sheet,order,26.0,ACTUAL,VNSTOCK_BRONZE
SBB,LATEST,balance_sheet,level,1.0,ACTUAL,VNSTOCK_BRONZE
SBB,LATEST,balance_sheet,off_balance,0.0,ACTUAL,VNSTOCK_BRONZE
SBB,LATEST,balance_sheet,value,1722724839198.0,ACTUAL,VNSTOCK_BRONZE
SBB,LATEST,balance_sheet,order,27.0,ACTUAL,VNSTOCK_BRONZE
SBB,LATEST,balance_sheet,level,1.0,ACTUAL,VNSTOCK_BRONZE
SBB,LATEST,balance_sheet,off_balance,0.0,ACTUAL,VNSTOCK_BRONZE
SBB,LATEST,balance_sheet,value,9170440000.0,ACTUAL,VNSTOCK_BRONZE
SBB,LATEST,balance_sheet,order,28.0,ACTUAL,VNSTOCK_BRONZE
SBB,LATEST,balance_sheet,level,2.0,ACTUAL,VNSTOCK_BRONZE
SBB,LATEST,balance_sheet,off_balance,0.0,ACTUAL,VNSTOCK_BRONZE
SBB,LATEST,balance_sheet,value,0.0,ACTUAL,VNSTOCK_BRONZE
SBB,LATEST,balance_sheet,order,29.0,ACTUAL,VNSTOCK_BRONZE
SBB,LATEST,balance_sheet,level,2.0,ACTUAL,VNSTOCK_BRONZE
SBB,LATEST,balance_sheet,off_balance,0.0,ACTUAL,VNSTOCK_BRONZE
SBB,LATEST,balance_sheet,value,0.0,ACTUAL,VNSTOCK_BRONZE
SBB,LATEST,balance_sheet,order,30.0,ACTUAL,VNSTOCK_BRONZE
SBB,LATEST,balance_sheet,level,2.0,ACTUAL,VNSTOCK_BRONZE
SBB,LATEST,balance_sheet,off_balance,0.0,ACTUAL,VNSTOCK_BRONZE
SBB,LATEST,balance_sheet,value,0.0,ACTUAL,VNSTOCK_BRONZE
SBB,LATEST,balance_sheet,order,31.0,ACTUAL,VNSTOCK_BRONZE
SBB,LATEST,balance_sheet,level,2.0,ACTUAL,VNSTOCK_BRONZE
SBB,LATEST,balance_sheet,off_balance,0.0,ACTUAL,VNSTOCK_BRONZE
SBB,LATEST,balance_sheet,value,9000000000.0,ACTUAL,VNSTOCK_BRONZE
SBB,LATEST,balance_sheet,order,32.0,ACTUAL,VNSTOCK_BRONZE
SBB,LATEST,balance_sheet,level,2.0,ACTUAL,VNSTOCK_BRONZE
SBB,LATEST,balance_sheet,off_balance,0.0,ACTUAL,VNSTOCK_BRONZE
SBB,LATEST,balance_sheet,value,170440000.0,ACTUAL,VNSTOCK_BRONZE
SBB,LATEST,balance_sheet,order,33.0,ACTUAL,VNSTOCK_BRONZE
SBB,LATEST,balance_sheet,level,2.0,ACTUAL,VNSTOCK_BRONZE
SBB,LATEST,balance_sheet,off_balance,0.0,ACTUAL,VNSTOCK_BRONZE
SBB,LATEST,balance_sheet,value,-0.0,ACTUAL,VNSTOCK_BRONZE
SBB,LATEST,balance_sheet,order,34.0,ACTUAL,VNSTOCK_BRONZE
SBB,LATEST,balance_sheet,level,1.0,ACTUAL,VNSTOCK_BRONZE
SBB,LATEST,balance_sheet,off_balance,0.0,ACTUAL,VNSTOCK_BRONZE
SBB,LATEST,balance_sheet,value,1288493325549.0,ACTUAL,VNSTOCK_BRONZE
SBB,LATEST,balance_sheet,order,35.0,ACTUAL,VNSTOCK_BRONZE
SBB,LATEST,balance_sheet,level,2.0,ACTUAL,VNSTOCK_BRONZE
SBB,LATEST,balance_sheet,off_balance,0.0,ACTUAL,VNSTOCK_BRONZE
SBB,LATEST,balance_sheet,value,1221272559160.0,ACTUAL,VNSTOCK_BRONZE
SBB,LATEST,balance_sheet,order,36.0,ACTUAL,VNSTOCK_BRONZE
SBB,LATEST,balance_sheet,level,3.0,ACTUAL,VNSTOCK_BRONZE
SBB,LATEST,balance_sheet,off_balance,0.0,ACTUAL,VNSTOCK_BRONZE
SBB,LATEST,balance_sheet,value,3884654470887.0,ACTUAL,VNSTOCK_BRONZE
SBB,LATEST,balance_sheet,order,37.0,ACTUAL,VNSTOCK_BRONZE
SBB,LATEST,balance_sheet,level,3.0,ACTUAL,VNSTOCK_BRONZE
SBB,LATEST,balance_sheet,off_balance,0.0,ACTUAL,VNSTOCK_BRONZE
SBB,LATEST,balance_sheet,value,-2663381911727.0,ACTUAL,VNSTOCK_BRONZE
SBB,LATEST,balance_sheet,order,38.0,ACTUAL,VNSTOCK_BRONZE
SBB,LATEST,balance_sheet,level,2.0,ACTUAL,VNSTOCK_BRONZE
SBB,LATEST,balance_sheet,off_balance,0.0,ACTUAL,VNSTOCK_BRONZE
SBB,LATEST,balance_sheet,value,0.0,ACTUAL,VNSTOCK_BRONZE
SBB,LATEST,balance_sheet,order,39.0,ACTUAL,VNSTOCK_BRONZE
SBB,LATEST,balance_sheet,level,3.0,ACTUAL,VNSTOCK_BRONZE
SBB,LATEST,balance_sheet,off_balance,0.0,ACTUAL,VNSTOCK_BRONZE
SBB,LATEST,balance_sheet,value,0.0,ACTUAL,VNSTOCK_BRONZE
SBB,LATEST,balance_sheet,order,40.0,ACTUAL,VNSTOCK_BRONZE
SBB,LATEST,balance_sheet,level,3.0,ACTUAL,VNSTOCK_BRONZE
SBB,LATEST,balance_sheet,off_balance,0.0,ACTUAL,VNSTOCK_BRONZE
SBB,LATEST,balance_sheet,value,-0.0,ACTUAL,VNSTOCK_BRONZE
SBB,LATEST,balance_sheet,order,41.0,ACTUAL,VNSTOCK_BRONZE
SBB,LATEST,balance_sheet,level,2.0,ACTUAL,VNSTOCK_BRONZE
SBB,LATEST,balance_sheet,off_balance,0.0,ACTUAL,VNSTOCK_BRONZE
SBB,LATEST,balance_sheet,value,67220766389.0,ACTUAL,VNSTOCK_BRONZE
SBB,LATEST,balance_sheet,order,42.0,ACTUAL,VNSTOCK_BRONZE
SBB,LATEST,balance_sheet,level,3.0,ACTUAL,VNSTOCK_BRONZE
SBB,LATEST,balance_sheet,off_balance,0.0,ACTUAL,VNSTOCK_BRONZE
SBB,LATEST,balance_sheet,value,89074087377.0,ACTUAL,VNSTOCK_BRONZE
SBB,LATEST,balance_sheet,order,43.0,ACTUAL,VNSTOCK_BRONZE
SBB,LATEST,balance_sheet,level,3.0,ACTUAL,VNSTOCK_BRONZE
SBB,LATEST,balance_sheet,off_balance,0.0,ACTUAL,VNSTOCK_BRONZE
SBB,LATEST,balance_sheet,value,-21853320988.0,ACTUAL,VNSTOCK_BRONZE
SBB,LATEST,balance_sheet,order,44.0,ACTUAL,VNSTOCK_BRONZE
SBB,LATEST,balance_sheet,level,1.0,ACTUAL,VNSTOCK_BRONZE
SBB,LATEST,balance_sheet,off_balance,0.0,ACTUAL,VNSTOCK_BRONZE
SBB,LATEST,balance_sheet,value,0.0,ACTUAL,VNSTOCK_BRONZE
SBB,LATEST,balance_sheet,order,45.0,ACTUAL,VNSTOCK_BRONZE
SBB,LATEST,balance_sheet,level,2.0,ACTUAL,VNSTOCK_BRONZE
SBB,LATEST,balance_sheet,off_balance,0.0,ACTUAL,VNSTOCK_BRONZE
SBB,LATEST,balance_sheet,value,0.0,ACTUAL,VNSTOCK_BRONZE
SBB,LATEST,balance_sheet,order,46.0,ACTUAL,VNSTOCK_BRONZE
SBB,LATEST,balance_sheet,level,2.0,ACTUAL,VNSTOCK_BRONZE
SBB,LATEST,balance_sheet,off_balance,0.0,ACTUAL,VNSTOCK_BRONZE
SBB,LATEST,balance_sheet,value,-0.0,ACTUAL,VNSTOCK_BRONZE
SBB,LATEST,balance_sheet,order,47.0,ACTUAL,VNSTOCK_BRONZE
SBB,LATEST,balance_sheet,level,1.0,ACTUAL,VNSTOCK_BRONZE
SBB,LATEST,balance_sheet,off_balance,0.0,ACTUAL,VNSTOCK_BRONZE
SBB,LATEST,balance_sheet,value,12331221820.0,ACTUAL,VNSTOCK_BRONZE
SBB,LATEST,balance_sheet,order,48.0,ACTUAL,VNSTOCK_BRONZE
SBB,LATEST,balance_sheet,level,2.0,ACTUAL,VNSTOCK_BRONZE
SBB,LATEST,balance_sheet,off_balance,0.0,ACTUAL,VNSTOCK_BRONZE
SBB,LATEST,balance_sheet,value,0.0,ACTUAL,VNSTOCK_BRONZE
SBB,LATEST,balance_sheet,order,49.0,ACTUAL,VNSTOCK_BRONZE
SBB,LATEST,balance_sheet,level,2.0,ACTUAL,VNSTOCK_BRONZE
SBB,LATEST,balance_sheet,off_balance,0.0,ACTUAL,VNSTOCK_BRONZE
SBB,LATEST,balance_sheet,value,12331221820.0,ACTUAL,VNSTOCK_BRONZE
SBB,LATEST,balance_sheet,order,50.0,ACTUAL,VNSTOCK_BRONZE
SBB,LATEST,balance_sheet,level,1.0,ACTUAL,VNSTOCK_BRONZE
SBB,LATEST,balance_sheet,off_balance,0.0,ACTUAL,VNSTOCK_BRONZE
SBB,LATEST,balance_sheet,value,335361875899.0,ACTUAL,VNSTOCK_BRONZE
SBB,LATEST,balance_sheet,order,51.0,ACTUAL,VNSTOCK_BRONZE
SBB,LATEST,balance_sheet,level,2.0,ACTUAL,VNSTOCK_BRONZE
SBB,LATEST,balance_sheet,off_balance,0.0,ACTUAL,VNSTOCK_BRONZE
SBB,LATEST,balance_sheet,value,0.0,ACTUAL,VNSTOCK_BRONZE
SBB,LATEST,balance_sheet,order,52.0,ACTUAL,VNSTOCK_BRONZE
SBB,LATEST,balance_sheet,level,2.0,ACTUAL,VNSTOCK_BRONZE
SBB,LATEST,balance_sheet,off_balance,0.0,ACTUAL,VNSTOCK_BRONZE
SBB,LATEST,balance_sheet,value,314695025899.0,ACTUAL,VNSTOCK_BRONZE
SBB,LATEST,balance_sheet,order,53.0,ACTUAL,VNSTOCK_BRONZE
SBB,LATEST,balance_sheet,level,2.0,ACTUAL,VNSTOCK_BRONZE
SBB,LATEST,balance_sheet,off_balance,0.0,ACTUAL,VNSTOCK_BRONZE
SBB,LATEST,balance_sheet,value,22166850000.0,ACTUAL,VNSTOCK_BRONZE
SBB,LATEST,balance_sheet,order,54.0,ACTUAL,VNSTOCK_BRONZE
SBB,LATEST,balance_sheet,level,2.0,ACTUAL,VNSTOCK_BRONZE
SBB,LATEST,balance_sheet,off_balance,0.0,ACTUAL,VNSTOCK_BRONZE
SBB,LATEST,balance_sheet,value,-1500000000.0,ACTUAL,VNSTOCK_BRONZE
SBB,LATEST,balance_sheet,order,55.0,ACTUAL,VNSTOCK_BRONZE
SBB,LATEST,balance_sheet,level,2.0,ACTUAL,VNSTOCK_BRONZE
SBB,LATEST,balance_sheet,off_balance,0.0,ACTUAL,VNSTOCK_BRONZE
SBB,LATEST,balance_sheet,value,0.0,ACTUAL,VNSTOCK_BRONZE
SBB,LATEST,balance_sheet,order,56.0,ACTUAL,VNSTOCK_BRONZE
SBB,LATEST,balance_sheet,level,1.0,ACTUAL,VNSTOCK_BRONZE
SBB,LATEST,balance_sheet,off_balance,0.0,ACTUAL,VNSTOCK_BRONZE
SBB,LATEST,balance_sheet,value,77367975930.0,ACTUAL,VNSTOCK_BRONZE
SBB,LATEST,balance_sheet,order,57.0,ACTUAL,VNSTOCK_BRONZE
SBB,LATEST,balance_sheet,level,2.0,ACTUAL,VNSTOCK_BRONZE
SBB,LATEST,balance_sheet,off_balance,0.0,ACTUAL,VNSTOCK_BRONZE
SBB,LATEST,balance_sheet,value,0.0,ACTUAL,VNSTOCK_BRONZE
SBB,LATEST,balance_sheet,order,58.0,ACTUAL,VNSTOCK_BRONZE
SBB,LATEST,balance_sheet,level,2.0,ACTUAL,VNSTOCK_BRONZE
SBB,LATEST,balance_sheet,off_balance,0.0,ACTUAL,VNSTOCK_BRONZE
SBB,LATEST,balance_sheet,value,51823457720.0,ACTUAL,VNSTOCK_BRONZE
SBB,LATEST,balance_sheet,order,59.0,ACTUAL,VNSTOCK_BRONZE
SBB,LATEST,balance_sheet,level,2.0,ACTUAL,VNSTOCK_BRONZE
SBB,LATEST,balance_sheet,off_balance,0.0,ACTUAL,VNSTOCK_BRONZE
SBB,LATEST,balance_sheet,value,0.0,ACTUAL,VNSTOCK_BRONZE
SBB,LATEST,balance_sheet,order,60.0,ACTUAL,VNSTOCK_BRONZE
SBB,LATEST,balance_sheet,level,2.0,ACTUAL,VNSTOCK_BRONZE
SBB,LATEST,balance_sheet,off_balance,0.0,ACTUAL,VNSTOCK_BRONZE
SBB,LATEST,balance_sheet,value,25544518210.0,ACTUAL,VNSTOCK_BRONZE
SBB,LATEST,balance_sheet,order,61.0,ACTUAL,VNSTOCK_BRONZE
SBB,LATEST,balance_sheet,level,2.0,ACTUAL,VNSTOCK_BRONZE
SBB,LATEST,balance_sheet,off_balance,0.0,ACTUAL,VNSTOCK_BRONZE
SBB,LATEST,balance_sheet,value,0.0,ACTUAL,VNSTOCK_BRONZE
SBB,LATEST,balance_sheet,order,62.0,ACTUAL,VNSTOCK_BRONZE
SBB,LATEST,balance_sheet,level,2.0,ACTUAL,VNSTOCK_BRONZE
SBB,LATEST,balance_sheet,off_balance,0.0,ACTUAL,VNSTOCK_BRONZE
SBB,LATEST,balance_sheet,value,0.0,ACTUAL,VNSTOCK_BRONZE
SBB,LATEST,balance_sheet,order,63.0,ACTUAL,VNSTOCK_BRONZE
SBB,LATEST,balance_sheet,level,1.0,ACTUAL,VNSTOCK_BRONZE
SBB,LATEST,balance_sheet,off_balance,0.0,ACTUAL,VNSTOCK_BRONZE
SBB,LATEST,balance_sheet,value,2777181164972.0,ACTUAL,VNSTOCK_BRONZE
SBB,LATEST,balance_sheet,order,64.0,ACTUAL,VNSTOCK_BRONZE
SBB,LATEST,balance_sheet,level,1.0,ACTUAL,VNSTOCK_BRONZE
SBB,LATEST,balance_sheet,off_balance,0.0,ACTUAL,VNSTOCK_BRONZE
SBB,LATEST,balance_sheet,value,931843677775.0,ACTUAL,VNSTOCK_BRONZE
SBB,LATEST,balance_sheet,order,65.0,ACTUAL,VNSTOCK_BRONZE
SBB,LATEST,balance_sheet,level,1.0,ACTUAL,VNSTOCK_BRONZE
SBB,LATEST,balance_sheet,off_balance,0.0,ACTUAL,VNSTOCK_BRONZE
SBB,LATEST,balance_sheet,value,870529681208.0,ACTUAL,VNSTOCK_BRONZE
SBB,LATEST,balance_sheet,order,66.0,ACTUAL,VNSTOCK_BRONZE
SBB,LATEST,balance_sheet,level,2.0,ACTUAL,VNSTOCK_BRONZE
SBB,LATEST,balance_sheet,off_balance,0.0,ACTUAL,VNSTOCK_BRONZE
SBB,LATEST,balance_sheet,value,0.0,ACTUAL,VNSTOCK_BRONZE
SBB,LATEST,balance_sheet,order,67.0,ACTUAL,VNSTOCK_BRONZE
SBB,LATEST,balance_sheet,level,2.0,ACTUAL,VNSTOCK_BRONZE
SBB,LATEST,balance_sheet,off_balance,0.0,ACTUAL,VNSTOCK_BRONZE
SBB,LATEST,balance_sheet,value,0.0,ACTUAL,VNSTOCK_BRONZE
SBB,LATEST,balance_sheet,order,68.0,ACTUAL,VNSTOCK_BRONZE
SBB,LATEST,balance_sheet,level,2.0,ACTUAL,VNSTOCK_BRONZE
SBB,LATEST,balance_sheet,off_balance,0.0,ACTUAL,VNSTOCK_BRONZE
SBB,LATEST,balance_sheet,value,0.0,ACTUAL,VNSTOCK_BRONZE
SBB,LATEST,balance_sheet,order,69.0,ACTUAL,VNSTOCK_BRONZE
SBB,LATEST,balance_sheet,level,2.0,ACTUAL,VNSTOCK_BRONZE
SBB,LATEST,balance_sheet,off_balance,0.0,ACTUAL,VNSTOCK_BRONZE
SBB,LATEST,balance_sheet,value,57818608526.0,ACTUAL,VNSTOCK_BRONZE
SBB,LATEST,balance_sheet,order,70.0,ACTUAL,VNSTOCK_BRONZE
SBB,LATEST,balance_sheet,level,2.0,ACTUAL,VNSTOCK_BRONZE
SBB,LATEST,balance_sheet,off_balance,0.0,ACTUAL,VNSTOCK_BRONZE
SBB,LATEST,balance_sheet,value,19684759935.0,ACTUAL,VNSTOCK_BRONZE
SBB,LATEST,balance_sheet,order,71.0,ACTUAL,VNSTOCK_BRONZE
SBB,LATEST,balance_sheet,level,2.0,ACTUAL,VNSTOCK_BRONZE
SBB,LATEST,balance_sheet,off_balance,0.0,ACTUAL,VNSTOCK_BRONZE
SBB,LATEST,balance_sheet,value,342418702089.0,ACTUAL,VNSTOCK_BRONZE
SBB,LATEST,balance_sheet,order,72.0,ACTUAL,VNSTOCK_BRONZE
SBB,LATEST,balance_sheet,level,2.0,ACTUAL,VNSTOCK_BRONZE
SBB,LATEST,balance_sheet,off_balance,0.0,ACTUAL,VNSTOCK_BRONZE
SBB,LATEST,balance_sheet,value,7814546557.0,ACTUAL,VNSTOCK_BRONZE
SBB,LATEST,balance_sheet,order,73.0,ACTUAL,VNSTOCK_BRONZE
SBB,LATEST,balance_sheet,level,2.0,ACTUAL,VNSTOCK_BRONZE
SBB,LATEST,balance_sheet,off_balance,0.0,ACTUAL,VNSTOCK_BRONZE
SBB,LATEST,balance_sheet,value,11991024321.0,ACTUAL,VNSTOCK_BRONZE
SBB,LATEST,balance_sheet,order,74.0,ACTUAL,VNSTOCK_BRONZE
SBB,LATEST,balance_sheet,level,2.0,ACTUAL,VNSTOCK_BRONZE
SBB,LATEST,balance_sheet,off_balance,0.0,ACTUAL,VNSTOCK_BRONZE
SBB,LATEST,balance_sheet,value,0.0,ACTUAL,VNSTOCK_BRONZE
SBB,LATEST,balance_sheet,order,75.0,ACTUAL,VNSTOCK_BRONZE
SBB,LATEST,balance_sheet,level,2.0,ACTUAL,VNSTOCK_BRONZE
SBB,LATEST,balance_sheet,off_balance,0.0,ACTUAL,VNSTOCK_BRONZE
SBB,LATEST,balance_sheet,value,0.0,ACTUAL,VNSTOCK_BRONZE
SBB,LATEST,balance_sheet,order,76.0,ACTUAL,VNSTOCK_BRONZE
SBB,LATEST,balance_sheet,level,2.0,ACTUAL,VNSTOCK_BRONZE
SBB,LATEST,balance_sheet,off_balance,0.0,ACTUAL,VNSTOCK_BRONZE
SBB,LATEST,balance_sheet,value,44189420686.0,ACTUAL,VNSTOCK_BRONZE
SBB,LATEST,balance_sheet,order,77.0,ACTUAL,VNSTOCK_BRONZE
SBB,LATEST,balance_sheet,level,2.0,ACTUAL,VNSTOCK_BRONZE
SBB,LATEST,balance_sheet,off_balance,0.0,ACTUAL,VNSTOCK_BRONZE
SBB,LATEST,balance_sheet,value,378658510058.0,ACTUAL,VNSTOCK_BRONZE
SBB,LATEST,balance_sheet,order,78.0,ACTUAL,VNSTOCK_BRONZE
SBB,LATEST,balance_sheet,level,2.0,ACTUAL,VNSTOCK_BRONZE
SBB,LATEST,balance_sheet,off_balance,0.0,ACTUAL,VNSTOCK_BRONZE
SBB,LATEST,balance_sheet,value,0.0,ACTUAL,VNSTOCK_BRONZE
SBB,LATEST,balance_sheet,order,79.0,ACTUAL,VNSTOCK_BRONZE
SBB,LATEST,balance_sheet,level,2.0,ACTUAL,VNSTOCK_BRONZE
SBB,LATEST,balance_sheet,off_balance,0.0,ACTUAL,VNSTOCK_BRONZE
SBB,LATEST,balance_sheet,value,7954109036.0,ACTUAL,VNSTOCK_BRONZE
SBB,LATEST,balance_sheet,order,80.0,ACTUAL,VNSTOCK_BRONZE
SBB,LATEST,balance_sheet,level,2.0,ACTUAL,VNSTOCK_BRONZE
SBB,LATEST,balance_sheet,off_balance,0.0,ACTUAL,VNSTOCK_BRONZE
SBB,LATEST,balance_sheet,value,0.0,ACTUAL,VNSTOCK_BRONZE
SBB,LATEST,balance_sheet,order,81.0,ACTUAL,VNSTOCK_BRONZE
SBB,LATEST,balance_sheet,level,2.0,ACTUAL,VNSTOCK_BRONZE
SBB,LATEST,balance_sheet,off_balance,0.0,ACTUAL,VNSTOCK_BRONZE
SBB,LATEST,balance_sheet,value,0.0,ACTUAL,VNSTOCK_BRONZE
SBB,LATEST,balance_sheet,order,82.0,ACTUAL,VNSTOCK_BRONZE
SBB,LATEST,balance_sheet,level,1.0,ACTUAL,VNSTOCK_BRONZE
SBB,LATEST,balance_sheet,off_balance,0.0,ACTUAL,VNSTOCK_BRONZE
SBB,LATEST,balance_sheet,value,61313996567.0,ACTUAL,VNSTOCK_BRONZE
SBB,LATEST,balance_sheet,order,83.0,ACTUAL,VNSTOCK_BRONZE
SBB,LATEST,balance_sheet,level,2.0,ACTUAL,VNSTOCK_BRONZE
SBB,LATEST,balance_sheet,off_balance,0.0,ACTUAL,VNSTOCK_BRONZE
SBB,LATEST,balance_sheet,value,0.0,ACTUAL,VNSTOCK_BRONZE
SBB,LATEST,balance_sheet,order,84.0,ACTUAL,VNSTOCK_BRONZE
SBB,LATEST,balance_sheet,level,2.0,ACTUAL,VNSTOCK_BRONZE
SBB,LATEST,balance_sheet,off_balance,0.0,ACTUAL,VNSTOCK_BRONZE
SBB,LATEST,balance_sheet,order,85.0,ACTUAL,VNSTOCK_BRONZE
SBB,LATEST,balance_sheet,level,2.0,ACTUAL,VNSTOCK_BRONZE
SBB,LATEST,balance_sheet,off_balance,0.0,ACTUAL,VNSTOCK_BRONZE
SBB,LATEST,balance_sheet,value,0.0,ACTUAL,VNSTOCK_BRONZE
SBB,LATEST,balance_sheet,order,86.0,ACTUAL,VNSTOCK_BRONZE
SBB,LATEST,balance_sheet,level,2.0,ACTUAL,VNSTOCK_BRONZE
SBB,LATEST,balance_sheet,off_balance,0.0,ACTUAL,VNSTOCK_BRONZE
SBB,LATEST,balance_sheet,value,0.0,ACTUAL,VNSTOCK_BRONZE
SBB,LATEST,balance_sheet,order,87.0,ACTUAL,VNSTOCK_BRONZE
SBB,LATEST,balance_sheet,level,2.0,ACTUAL,VNSTOCK_BRONZE
SBB,LATEST,balance_sheet,off_balance,0.0,ACTUAL,VNSTOCK_BRONZE
SBB,LATEST,balance_sheet,value,0.0,ACTUAL,VNSTOCK_BRONZE
SBB,LATEST,balance_sheet,order,88.0,ACTUAL,VNSTOCK_BRONZE
SBB,LATEST,balance_sheet,level,2.0,ACTUAL,VNSTOCK_BRONZE
SBB,LATEST,balance_sheet,off_balance,0.0,ACTUAL,VNSTOCK_BRONZE
SBB,LATEST,balance_sheet,value,0.0,ACTUAL,VNSTOCK_BRONZE
SBB,LATEST,balance_sheet,order,89.0,ACTUAL,VNSTOCK_BRONZE
SBB,LATEST,balance_sheet,level,2.0,ACTUAL,VNSTOCK_BRONZE
SBB,LATEST,balance_sheet,off_balance,0.0,ACTUAL,VNSTOCK_BRONZE
SBB,LATEST,balance_sheet,value,0.0,ACTUAL,VNSTOCK_BRONZE
SBB,LATEST,balance_sheet,order,90.0,ACTUAL,VNSTOCK_BRONZE
SBB,LATEST,balance_sheet,level,2.0,ACTUAL,VNSTOCK_BRONZE
SBB,LATEST,balance_sheet,off_balance,0.0,ACTUAL,VNSTOCK_BRONZE
SBB,LATEST,balance_sheet,value,0.0,ACTUAL,VNSTOCK_BRONZE
SBB,LATEST,balance_sheet,order,91.0,ACTUAL,VNSTOCK_BRONZE
SBB,LATEST,balance_sheet,level,2.0,ACTUAL,VNSTOCK_BRONZE
SBB,LATEST,balance_sheet,off_balance,0.0,ACTUAL,VNSTOCK_BRONZE
SBB,LATEST,balance_sheet,value,44844500846.0,ACTUAL,VNSTOCK_BRONZE
SBB,LATEST,balance_sheet,order,92.0,ACTUAL,VNSTOCK_BRONZE
SBB,LATEST,balance_sheet,level,2.0,ACTUAL,VNSTOCK_BRONZE
SBB,LATEST,balance_sheet,off_balance,0.0,ACTUAL,VNSTOCK_BRONZE
SBB,LATEST,balance_sheet,value,0.0,ACTUAL,VNSTOCK_BRONZE
SBB,LATEST,balance_sheet,order,93.0,ACTUAL,VNSTOCK_BRONZE
SBB,LATEST,balance_sheet,level,2.0,ACTUAL,VNSTOCK_BRONZE
SBB,LATEST,balance_sheet,off_balance,0.0,ACTUAL,VNSTOCK_BRONZE
SBB,LATEST,balance_sheet,value,16469495721.0,ACTUAL,VNSTOCK_BRONZE
SBB,LATEST,balance_sheet,order,94.0,ACTUAL,VNSTOCK_BRONZE
SBB,LATEST,balance_sheet,level,2.0,ACTUAL,VNSTOCK_BRONZE
SBB,LATEST,balance_sheet,off_balance,0.0,ACTUAL,VNSTOCK_BRONZE
SBB,LATEST,balance_sheet,value,0.0,ACTUAL,VNSTOCK_BRONZE
SBB,LATEST,balance_sheet,order,95.0,ACTUAL,VNSTOCK_BRONZE
SBB,LATEST,balance_sheet,level,2.0,ACTUAL,VNSTOCK_BRONZE
SBB,LATEST,balance_sheet,off_balance,0.0,ACTUAL,VNSTOCK_BRONZE
SBB,LATEST,balance_sheet,value,0.0,ACTUAL,VNSTOCK_BRONZE
SBB,LATEST,balance_sheet,order,96.0,ACTUAL,VNSTOCK_BRONZE
SBB,LATEST,balance_sheet,level,1.0,ACTUAL,VNSTOCK_BRONZE
SBB,LATEST,balance_sheet,off_balance,0.0,ACTUAL,VNSTOCK_BRONZE
SBB,LATEST,balance_sheet,value,1845337487197.0,ACTUAL,VNSTOCK_BRONZE
SBB,LATEST,balance_sheet,order,97.0,ACTUAL,VNSTOCK_BRONZE
SBB,LATEST,balance_sheet,level,1.0,ACTUAL,VNSTOCK_BRONZE
SBB,LATEST,balance_sheet,off_balance,0.0,ACTUAL,VNSTOCK_BRONZE
SBB,LATEST,balance_sheet,value,1845337487197.0,ACTUAL,VNSTOCK_BRONZE
SBB,LATEST,balance_sheet,order,98.0,ACTUAL,VNSTOCK_BRONZE
SBB,LATEST,balance_sheet,level,2.0,ACTUAL,VNSTOCK_BRONZE
SBB,LATEST,balance_sheet,off_balance,0.0,ACTUAL,VNSTOCK_BRONZE
SBB,LATEST,balance_sheet,value,0.0,ACTUAL,VNSTOCK_BRONZE
SBB,LATEST,balance_sheet,order,99.0,ACTUAL,VNSTOCK_BRONZE
SBB,LATEST,balance_sheet,level,2.0,ACTUAL,VNSTOCK_BRONZE
SBB,LATEST,balance_sheet,off_balance,0.0,ACTUAL,VNSTOCK_BRONZE
SBB,LATEST,balance_sheet,value,0.0,ACTUAL,VNSTOCK_BRONZE
SBB,LATEST,balance_sheet,order,100.0,ACTUAL,VNSTOCK_BRONZE
SBB,LATEST,balance_sheet,level,2.0,ACTUAL,VNSTOCK_BRONZE
SBB,LATEST,balance_sheet,off_balance,0.0,ACTUAL,VNSTOCK_BRONZE
SBB,LATEST,balance_sheet,value,0.0,ACTUAL,VNSTOCK_BRONZE
SBB,LATEST,balance_sheet,order,101.0,ACTUAL,VNSTOCK_BRONZE
SBB,LATEST,balance_sheet,level,2.0,ACTUAL,VNSTOCK_BRONZE
SBB,LATEST,balance_sheet,off_balance,0.0,ACTUAL,VNSTOCK_BRONZE
SBB,LATEST,balance_sheet,value,0.0,ACTUAL,VNSTOCK_BRONZE
SBB,LATEST,balance_sheet,order,102.0,ACTUAL,VNSTOCK_BRONZE
SBB,LATEST,balance_sheet,level,2.0,ACTUAL,VNSTOCK_BRONZE
SBB,LATEST,balance_sheet,off_balance,0.0,ACTUAL,VNSTOCK_BRONZE
SBB,LATEST,balance_sheet,value,875245360000.0,ACTUAL,VNSTOCK_BRONZE
SBB,LATEST,balance_sheet,order,103.0,ACTUAL,VNSTOCK_BRONZE
SBB,LATEST,balance_sheet,level,3.0,ACTUAL,VNSTOCK_BRONZE
SBB,LATEST,balance_sheet,off_balance,0.0,ACTUAL,VNSTOCK_BRONZE
SBB,LATEST,balance_sheet,value,875245360000.0,ACTUAL,VNSTOCK_BRONZE
SBB,LATEST,balance_sheet,order,104.0,ACTUAL,VNSTOCK_BRONZE
SBB,LATEST,balance_sheet,level,2.0,ACTUAL,VNSTOCK_BRONZE
SBB,LATEST,balance_sheet,off_balance,0.0,ACTUAL,VNSTOCK_BRONZE
SBB,LATEST,balance_sheet,value,436708750464.0,ACTUAL,VNSTOCK_BRONZE
SBB,LATEST,balance_sheet,order,105.0,ACTUAL,VNSTOCK_BRONZE
SBB,LATEST,balance_sheet,level,2.0,ACTUAL,VNSTOCK_BRONZE
SBB,LATEST,balance_sheet,off_balance,0.0,ACTUAL,VNSTOCK_BRONZE
SBB,LATEST,balance_sheet,value,-51168810051.0,ACTUAL,VNSTOCK_BRONZE
SBB,LATEST,balance_sheet,order,106.0,ACTUAL,VNSTOCK_BRONZE
SBB,LATEST,balance_sheet,level,2.0,ACTUAL,VNSTOCK_BRONZE
SBB,LATEST,balance_sheet,off_balance,0.0,ACTUAL,VNSTOCK_BRONZE
SBB,LATEST,balance_sheet,value,0.0,ACTUAL,VNSTOCK_BRONZE
SBB,LATEST,balance_sheet,order,107.0,ACTUAL,VNSTOCK_BRONZE
SBB,LATEST,balance_sheet,level,2.0,ACTUAL,VNSTOCK_BRONZE
SBB,LATEST,balance_sheet,off_balance,0.0,ACTUAL,VNSTOCK_BRONZE
SBB,LATEST,balance_sheet,value,0.0,ACTUAL,VNSTOCK_BRONZE
SBB,LATEST,balance_sheet,order,108.0,ACTUAL,VNSTOCK_BRONZE
SBB,LATEST,balance_sheet,level,2.0,ACTUAL,VNSTOCK_BRONZE
SBB,LATEST,balance_sheet,off_balance,0.0,ACTUAL,VNSTOCK_BRONZE
SBB,LATEST,balance_sheet,value,0.0,ACTUAL,VNSTOCK_BRONZE
SBB,LATEST,balance_sheet,order,109.0,ACTUAL,VNSTOCK_BRONZE
SBB,LATEST,balance_sheet,level,2.0,ACTUAL,VNSTOCK_BRONZE
SBB,LATEST,balance_sheet,off_balance,0.0,ACTUAL,VNSTOCK_BRONZE
SBB,LATEST,balance_sheet,value,498645305720.0,ACTUAL,VNSTOCK_BRONZE
SBB,LATEST,balance_sheet,order,110.0,ACTUAL,VNSTOCK_BRONZE
SBB,LATEST,balance_sheet,level,2.0,ACTUAL,VNSTOCK_BRONZE
SBB,LATEST,balance_sheet,off_balance,0.0,ACTUAL,VNSTOCK_BRONZE
SBB,LATEST,balance_sheet,value,0.0,ACTUAL,VNSTOCK_BRONZE
SBB,LATEST,balance_sheet,order,111.0,ACTUAL,VNSTOCK_BRONZE
SBB,LATEST,balance_sheet,level,2.0,ACTUAL,VNSTOCK_BRONZE
SBB,LATEST,balance_sheet,off_balance,0.0,ACTUAL,VNSTOCK_BRONZE
SBB,LATEST,balance_sheet,value,0.0,ACTUAL,VNSTOCK_BRONZE
SBB,LATEST,balance_sheet,order,112.0,ACTUAL,VNSTOCK_BRONZE
SBB,LATEST,balance_sheet,level,2.0,ACTUAL,VNSTOCK_BRONZE
SBB,LATEST,balance_sheet,off_balance,0.0,ACTUAL,VNSTOCK_BRONZE
SBB,LATEST,balance_sheet,value,85906881064.0,ACTUAL,VNSTOCK_BRONZE
SBB,LATEST,balance_sheet,order,113.0,ACTUAL,VNSTOCK_BRONZE
SBB,LATEST,balance_sheet,level,3.0,ACTUAL,VNSTOCK_BRONZE
SBB,LATEST,balance_sheet,off_balance,0.0,ACTUAL,VNSTOCK_BRONZE
SBB,LATEST,balance_sheet,value,327790674953.0,ACTUAL,VNSTOCK_BRONZE
SBB,LATEST,balance_sheet,order,114.0,ACTUAL,VNSTOCK_BRONZE
SBB,LATEST,balance_sheet,level,3.0,ACTUAL,VNSTOCK_BRONZE
SBB,LATEST,balance_sheet,off_balance,0.0,ACTUAL,VNSTOCK_BRONZE
SBB,LATEST,balance_sheet,value,-241883793889.0,ACTUAL,VNSTOCK_BRONZE
SBB,LATEST,balance_sheet,order,115.0,ACTUAL,VNSTOCK_BRONZE
SBB,LATEST,balance_sheet,level,2.0,ACTUAL,VNSTOCK_BRONZE
SBB,LATEST,balance_sheet,off_balance,0.0,ACTUAL,VNSTOCK_BRONZE
SBB,LATEST,balance_sheet,value,0.0,ACTUAL,VNSTOCK_BRONZE
SBB,LATEST,balance_sheet,order,116.0,ACTUAL,VNSTOCK_BRONZE
SBB,LATEST,balance_sheet,level,1.0,ACTUAL,VNSTOCK_BRONZE
SBB,LATEST,balance_sheet,off_balance,0.0,ACTUAL,VNSTOCK_BRONZE
SBB,LATEST,balance_sheet,value,0.0,ACTUAL,VNSTOCK_BRONZE
SBB,LATEST,balance_sheet,order,117.0,ACTUAL,VNSTOCK_BRONZE
SBB,LATEST,balance_sheet,level,2.0,ACTUAL,VNSTOCK_BRONZE
SBB,LATEST,balance_sheet,off_balance,0.0,ACTUAL,VNSTOCK_BRONZE
SBB,LATEST,balance_sheet,value,0.0,ACTUAL,VNSTOCK_BRONZE
SBB,LATEST,balance_sheet,order,118.0,ACTUAL,VNSTOCK_BRONZE
SBB,LATEST,balance_sheet,level,1.0,ACTUAL,VNSTOCK_BRONZE
SBB,LATEST,balance_sheet,off_balance,0.0,ACTUAL,VNSTOCK_BRONZE
SBB,LATEST,balance_sheet,value,2777181164972.0,ACTUAL,VNSTOCK_BRONZE
SBB,LATEST,balance_sheet,order,1.0,ACTUAL,VNSTOCK_BRONZE
SBB,LATEST,balance_sheet,level,1.0,ACTUAL,VNSTOCK_BRONZE
SBB,LATEST,balance_sheet,off_balance,0.0,ACTUAL,VNSTOCK_BRONZE
SBB,LATEST,balance_sheet,value,781392769329.0,ACTUAL,VNSTOCK_BRONZE
SBB,LATEST,balance_sheet,order,2.0,ACTUAL,VNSTOCK_BRONZE
SBB,LATEST,balance_sheet,level,1.0,ACTUAL,VNSTOCK_BRONZE
SBB,LATEST,balance_sheet,off_balance,0.0,ACTUAL,VNSTOCK_BRONZE
SBB,LATEST,balance_sheet,value,159094302689.0,ACTUAL,VNSTOCK_BRONZE
SBB,LATEST,balance_sheet,order,3.0,ACTUAL,VNSTOCK_BRONZE
SBB,LATEST,balance_sheet,level,2.0,ACTUAL,VNSTOCK_BRONZE
SBB,LATEST,balance_sheet,off_balance,0.0,ACTUAL,VNSTOCK_BRONZE
SBB,LATEST,balance_sheet,value,131094302689.0,ACTUAL,VNSTOCK_BRONZE
SBB,LATEST,balance_sheet,order,4.0,ACTUAL,VNSTOCK_BRONZE
SBB,LATEST,balance_sheet,level,2.0,ACTUAL,VNSTOCK_BRONZE
SBB,LATEST,balance_sheet,off_balance,0.0,ACTUAL,VNSTOCK_BRONZE
SBB,LATEST,balance_sheet,value,28000000000.0,ACTUAL,VNSTOCK_BRONZE
SBB,LATEST,balance_sheet,order,5.0,ACTUAL,VNSTOCK_BRONZE
SBB,LATEST,balance_sheet,level,1.0,ACTUAL,VNSTOCK_BRONZE
SBB,LATEST,balance_sheet,off_balance,0.0,ACTUAL,VNSTOCK_BRONZE
SBB,LATEST,balance_sheet,value,0.0,ACTUAL,VNSTOCK_BRONZE
SBB,LATEST,balance_sheet,order,6.0,ACTUAL,VNSTOCK_BRONZE
SBB,LATEST,balance_sheet,level,2.0,ACTUAL,VNSTOCK_BRONZE
SBB,LATEST,balance_sheet,off_balance,0.0,ACTUAL,VNSTOCK_BRONZE
SBB,LATEST,balance_sheet,value,0.0,ACTUAL,VNSTOCK_BRONZE
SBB,LATEST,balance_sheet,order,7.0,ACTUAL,VNSTOCK_BRONZE
SBB,LATEST,balance_sheet,level,2.0,ACTUAL,VNSTOCK_BRONZE
SBB,LATEST,balance_sheet,off_balance,0.0,ACTUAL,VNSTOCK_BRONZE
SBB,LATEST,balance_sheet,value,0.0,ACTUAL,VNSTOCK_BRONZE
SBB,LATEST,balance_sheet,order,8.0,ACTUAL,VNSTOCK_BRONZE
SBB,LATEST,balance_sheet,level,2.0,ACTUAL,VNSTOCK_BRONZE
SBB,LATEST,balance_sheet,off_balance,0.0,ACTUAL,VNSTOCK_BRONZE
SBB,LATEST,balance_sheet,value,0.0,ACTUAL,VNSTOCK_BRONZE
SBB,LATEST,balance_sheet,order,9.0,ACTUAL,VNSTOCK_BRONZE
SBB,LATEST,balance_sheet,level,1.0,ACTUAL,VNSTOCK_BRONZE
SBB,LATEST,balance_sheet,off_balance,0.0,ACTUAL,VNSTOCK_BRONZE
SBB,LATEST,balance_sheet,value,201302897928.0,ACTUAL,VNSTOCK_BRONZE
SBB,LATEST,balance_sheet,order,10.0,ACTUAL,VNSTOCK_BRONZE
SBB,LATEST,balance_sheet,level,2.0,ACTUAL,VNSTOCK_BRONZE
SBB,LATEST,balance_sheet,off_balance,0.0,ACTUAL,VNSTOCK_BRONZE
SBB,LATEST,balance_sheet,value,153887535039.0,ACTUAL,VNSTOCK_BRONZE
SBB,LATEST,balance_sheet,order,11.0,ACTUAL,VNSTOCK_BRONZE
SBB,LATEST,balance_sheet,level,2.0,ACTUAL,VNSTOCK_BRONZE
SBB,LATEST,balance_sheet,off_balance,0.0,ACTUAL,VNSTOCK_BRONZE
SBB,LATEST,balance_sheet,value,47432753355.0,ACTUAL,VNSTOCK_BRONZE
SBB,LATEST,balance_sheet,order,12.0,ACTUAL,VNSTOCK_BRONZE
SBB,LATEST,balance_sheet,level,2.0,ACTUAL,VNSTOCK_BRONZE
SBB,LATEST,balance_sheet,off_balance,0.0,ACTUAL,VNSTOCK_BRONZE
SBB,LATEST,balance_sheet,value,0.0,ACTUAL,VNSTOCK_BRONZE
SBB,LATEST,balance_sheet,order,13.0,ACTUAL,VNSTOCK_BRONZE
SBB,LATEST,balance_sheet,level,2.0,ACTUAL,VNSTOCK_BRONZE
SBB,LATEST,balance_sheet,off_balance,0.0,ACTUAL,VNSTOCK_BRONZE
SBB,LATEST,balance_sheet,value,0.0,ACTUAL,VNSTOCK_BRONZE
SBB,LATEST,balance_sheet,order,14.0,ACTUAL,VNSTOCK_BRONZE
SBB,LATEST,balance_sheet,level,2.0,ACTUAL,VNSTOCK_BRONZE
SBB,LATEST,balance_sheet,off_balance,0.0,ACTUAL,VNSTOCK_BRONZE
SBB,LATEST,balance_sheet,value,0.0,ACTUAL,VNSTOCK_BRONZE
SBB,LATEST,balance_sheet,order,15.0,ACTUAL,VNSTOCK_BRONZE
SBB,LATEST,balance_sheet,level,2.0,ACTUAL,VNSTOCK_BRONZE
SBB,LATEST,balance_sheet,off_balance,0.0,ACTUAL,VNSTOCK_BRONZE
SBB,LATEST,balance_sheet,value,2338349238.0,ACTUAL,VNSTOCK_BRONZE
SBB,LATEST,balance_sheet,order,16.0,ACTUAL,VNSTOCK_BRONZE
SBB,LATEST,balance_sheet,level,2.0,ACTUAL,VNSTOCK_BRONZE
SBB,LATEST,balance_sheet,off_balance,0.0,ACTUAL,VNSTOCK_BRONZE
SBB,LATEST,balance_sheet,value,-2355739704.0,ACTUAL,VNSTOCK_BRONZE
SBB,LATEST,balance_sheet,order,17.0,ACTUAL,VNSTOCK_BRONZE
SBB,LATEST,balance_sheet,level,2.0,ACTUAL,VNSTOCK_BRONZE
SBB,LATEST,balance_sheet,off_balance,0.0,ACTUAL,VNSTOCK_BRONZE
SBB,LATEST,balance_sheet,value,0.0,ACTUAL,VNSTOCK_BRONZE
SBB,LATEST,balance_sheet,order,18.0,ACTUAL,VNSTOCK_BRONZE
SBB,LATEST,balance_sheet,level,1.0,ACTUAL,VNSTOCK_BRONZE
SBB,LATEST,balance_sheet,off_balance,0.0,ACTUAL,VNSTOCK_BRONZE
SBB,LATEST,balance_sheet,value,417663190172.0,ACTUAL,VNSTOCK_BRONZE
SBB,LATEST,balance_sheet,order,19.0,ACTUAL,VNSTOCK_BRONZE
SBB,LATEST,balance_sheet,level,2.0,ACTUAL,VNSTOCK_BRONZE
SBB,LATEST,balance_sheet,off_balance,0.0,ACTUAL,VNSTOCK_BRONZE
SBB,LATEST,balance_sheet,value,417663190172.0,ACTUAL,VNSTOCK_BRONZE
SBB,LATEST,balance_sheet,order,20.0,ACTUAL,VNSTOCK_BRONZE
SBB,LATEST,balance_sheet,level,2.0,ACTUAL,VNSTOCK_BRONZE
SBB,LATEST,balance_sheet,off_balance,0.0,ACTUAL,VNSTOCK_BRONZE
SBB,LATEST,balance_sheet,value,0.0,ACTUAL,VNSTOCK_BRONZE
SBB,LATEST,balance_sheet,order,21.0,ACTUAL,VNSTOCK_BRONZE
SBB,LATEST,balance_sheet,level,1.0,ACTUAL,VNSTOCK_BRONZE
SBB,LATEST,balance_sheet,off_balance,0.0,ACTUAL,VNSTOCK_BRONZE
SBB,LATEST,balance_sheet,value,3332378540.0,ACTUAL,VNSTOCK_BRONZE
SBB,LATEST,balance_sheet,order,22.0,ACTUAL,VNSTOCK_BRONZE
SBB,LATEST,balance_sheet,level,2.0,ACTUAL,VNSTOCK_BRONZE
SBB,LATEST,balance_sheet,off_balance,0.0,ACTUAL,VNSTOCK_BRONZE
SBB,LATEST,balance_sheet,value,2133850050.0,ACTUAL,VNSTOCK_BRONZE
SBB,LATEST,balance_sheet,order,23.0,ACTUAL,VNSTOCK_BRONZE
SBB,LATEST,balance_sheet,level,2.0,ACTUAL,VNSTOCK_BRONZE
SBB,LATEST,balance_sheet,off_balance,0.0,ACTUAL,VNSTOCK_BRONZE
SBB,LATEST,balance_sheet,value,212866277.0,ACTUAL,VNSTOCK_BRONZE
SBB,LATEST,balance_sheet,order,24.0,ACTUAL,VNSTOCK_BRONZE
SBB,LATEST,balance_sheet,level,2.0,ACTUAL,VNSTOCK_BRONZE
SBB,LATEST,balance_sheet,off_balance,0.0,ACTUAL,VNSTOCK_BRONZE
SBB,LATEST,balance_sheet,value,985662213.0,ACTUAL,VNSTOCK_BRONZE
SBB,LATEST,balance_sheet,order,25.0,ACTUAL,VNSTOCK_BRONZE
SBB,LATEST,balance_sheet,level,2.0,ACTUAL,VNSTOCK_BRONZE
SBB,LATEST,balance_sheet,off_balance,0.0,ACTUAL,VNSTOCK_BRONZE
SBB,LATEST,balance_sheet,value,0.0,ACTUAL,VNSTOCK_BRONZE
SBB,LATEST,balance_sheet,order,26.0,ACTUAL,VNSTOCK_BRONZE
SBB,LATEST,balance_sheet,level,1.0,ACTUAL,VNSTOCK_BRONZE
SBB,LATEST,balance_sheet,off_balance,0.0,ACTUAL,VNSTOCK_BRONZE
SBB,LATEST,balance_sheet,value,2947853263458.0,ACTUAL,VNSTOCK_BRONZE
SBB,LATEST,balance_sheet,order,27.0,ACTUAL,VNSTOCK_BRONZE
SBB,LATEST,balance_sheet,level,1.0,ACTUAL,VNSTOCK_BRONZE
SBB,LATEST,balance_sheet,off_balance,0.0,ACTUAL,VNSTOCK_BRONZE
SBB,LATEST,balance_sheet,value,290440000.0,ACTUAL,VNSTOCK_BRONZE
SBB,LATEST,balance_sheet,order,28.0,ACTUAL,VNSTOCK_BRONZE
SBB,LATEST,balance_sheet,level,2.0,ACTUAL,VNSTOCK_BRONZE
SBB,LATEST,balance_sheet,off_balance,0.0,ACTUAL,VNSTOCK_BRONZE
SBB,LATEST,balance_sheet,value,0.0,ACTUAL,VNSTOCK_BRONZE
SBB,LATEST,balance_sheet,order,29.0,ACTUAL,VNSTOCK_BRONZE
SBB,LATEST,balance_sheet,level,2.0,ACTUAL,VNSTOCK_BRONZE
SBB,LATEST,balance_sheet,off_balance,0.0,ACTUAL,VNSTOCK_BRONZE
SBB,LATEST,balance_sheet,value,0.0,ACTUAL,VNSTOCK_BRONZE
SBB,LATEST,balance_sheet,order,30.0,ACTUAL,VNSTOCK_BRONZE
SBB,LATEST,balance_sheet,level,2.0,ACTUAL,VNSTOCK_BRONZE
SBB,LATEST,balance_sheet,off_balance,0.0,ACTUAL,VNSTOCK_BRONZE
SBB,LATEST,balance_sheet,value,0.0,ACTUAL,VNSTOCK_BRONZE
SBB,LATEST,balance_sheet,order,31.0,ACTUAL,VNSTOCK_BRONZE
SBB,LATEST,balance_sheet,level,2.0,ACTUAL,VNSTOCK_BRONZE
SBB,LATEST,balance_sheet,off_balance,0.0,ACTUAL,VNSTOCK_BRONZE
SBB,LATEST,balance_sheet,value,0.0,ACTUAL,VNSTOCK_BRONZE
SBB,LATEST,balance_sheet,order,32.0,ACTUAL,VNSTOCK_BRONZE
SBB,LATEST,balance_sheet,level,2.0,ACTUAL,VNSTOCK_BRONZE
SBB,LATEST,balance_sheet,off_balance,0.0,ACTUAL,VNSTOCK_BRONZE
SBB,LATEST,balance_sheet,value,290440000.0,ACTUAL,VNSTOCK_BRONZE
SBB,LATEST,balance_sheet,order,33.0,ACTUAL,VNSTOCK_BRONZE
SBB,LATEST,balance_sheet,level,2.0,ACTUAL,VNSTOCK_BRONZE
SBB,LATEST,balance_sheet,off_balance,0.0,ACTUAL,VNSTOCK_BRONZE
SBB,LATEST,balance_sheet,value,-0.0,ACTUAL,VNSTOCK_BRONZE
SBB,LATEST,balance_sheet,order,34.0,ACTUAL,VNSTOCK_BRONZE
SBB,LATEST,balance_sheet,level,1.0,ACTUAL,VNSTOCK_BRONZE
SBB,LATEST,balance_sheet,off_balance,0.0,ACTUAL,VNSTOCK_BRONZE
SBB,LATEST,balance_sheet,value,2233717722260.0,ACTUAL,VNSTOCK_BRONZE
SBB,LATEST,balance_sheet,order,35.0,ACTUAL,VNSTOCK_BRONZE
SBB,LATEST,balance_sheet,level,2.0,ACTUAL,VNSTOCK_BRONZE
SBB,LATEST,balance_sheet,off_balance,0.0,ACTUAL,VNSTOCK_BRONZE
SBB,LATEST,balance_sheet,value,2159327310066.0,ACTUAL,VNSTOCK_BRONZE
SBB,LATEST,balance_sheet,order,36.0,ACTUAL,VNSTOCK_BRONZE
SBB,LATEST,balance_sheet,level,3.0,ACTUAL,VNSTOCK_BRONZE
SBB,LATEST,balance_sheet,off_balance,0.0,ACTUAL,VNSTOCK_BRONZE
SBB,LATEST,balance_sheet,value,3839227825019.0,ACTUAL,VNSTOCK_BRONZE
SBB,LATEST,balance_sheet,order,37.0,ACTUAL,VNSTOCK_BRONZE
SBB,LATEST,balance_sheet,level,3.0,ACTUAL,VNSTOCK_BRONZE
SBB,LATEST,balance_sheet,off_balance,0.0,ACTUAL,VNSTOCK_BRONZE
SBB,LATEST,balance_sheet,value,-1679900514953.0,ACTUAL,VNSTOCK_BRONZE
SBB,LATEST,balance_sheet,order,38.0,ACTUAL,VNSTOCK_BRONZE
SBB,LATEST,balance_sheet,level,2.0,ACTUAL,VNSTOCK_BRONZE
SBB,LATEST,balance_sheet,off_balance,0.0,ACTUAL,VNSTOCK_BRONZE
SBB,LATEST,balance_sheet,value,0.0,ACTUAL,VNSTOCK_BRONZE
SBB,LATEST,balance_sheet,order,39.0,ACTUAL,VNSTOCK_BRONZE
SBB,LATEST,balance_sheet,level,3.0,ACTUAL,VNSTOCK_BRONZE
SBB,LATEST,balance_sheet,off_balance,0.0,ACTUAL,VNSTOCK_BRONZE
SBB,LATEST,balance_sheet,value,0.0,ACTUAL,VNSTOCK_BRONZE
SBB,LATEST,balance_sheet,order,40.0,ACTUAL,VNSTOCK_BRONZE
SBB,LATEST,balance_sheet,level,3.0,ACTUAL,VNSTOCK_BRONZE
SBB,LATEST,balance_sheet,off_balance,0.0,ACTUAL,VNSTOCK_BRONZE
SBB,LATEST,balance_sheet,value,-0.0,ACTUAL,VNSTOCK_BRONZE
SBB,LATEST,balance_sheet,order,41.0,ACTUAL,VNSTOCK_BRONZE
SBB,LATEST,balance_sheet,level,2.0,ACTUAL,VNSTOCK_BRONZE
SBB,LATEST,balance_sheet,off_balance,0.0,ACTUAL,VNSTOCK_BRONZE
SBB,LATEST,balance_sheet,value,74390412194.0,ACTUAL,VNSTOCK_BRONZE
SBB,LATEST,balance_sheet,order,42.0,ACTUAL,VNSTOCK_BRONZE
SBB,LATEST,balance_sheet,level,3.0,ACTUAL,VNSTOCK_BRONZE
SBB,LATEST,balance_sheet,off_balance,0.0,ACTUAL,VNSTOCK_BRONZE
SBB,LATEST,balance_sheet,value,87411712377.0,ACTUAL,VNSTOCK_BRONZE
SBB,LATEST,balance_sheet,order,43.0,ACTUAL,VNSTOCK_BRONZE
SBB,LATEST,balance_sheet,level,3.0,ACTUAL,VNSTOCK_BRONZE
SBB,LATEST,balance_sheet,off_balance,0.0,ACTUAL,VNSTOCK_BRONZE
SBB,LATEST,balance_sheet,value,-13021300183.0,ACTUAL,VNSTOCK_BRONZE
SBB,LATEST,balance_sheet,order,44.0,ACTUAL,VNSTOCK_BRONZE
SBB,LATEST,balance_sheet,level,1.0,ACTUAL,VNSTOCK_BRONZE
SBB,LATEST,balance_sheet,off_balance,0.0,ACTUAL,VNSTOCK_BRONZE
SBB,LATEST,balance_sheet,value,0.0,ACTUAL,VNSTOCK_BRONZE
SBB,LATEST,balance_sheet,order,45.0,ACTUAL,VNSTOCK_BRONZE
SBB,LATEST,balance_sheet,level,2.0,ACTUAL,VNSTOCK_BRONZE
SBB,LATEST,balance_sheet,off_balance,0.0,ACTUAL,VNSTOCK_BRONZE
SBB,LATEST,balance_sheet,value,0.0,ACTUAL,VNSTOCK_BRONZE
SBB,LATEST,balance_sheet,order,46.0,ACTUAL,VNSTOCK_BRONZE
SBB,LATEST,balance_sheet,level,2.0,ACTUAL,VNSTOCK_BRONZE
SBB,LATEST,balance_sheet,off_balance,0.0,ACTUAL,VNSTOCK_BRONZE
SBB,LATEST,balance_sheet,value,-0.0,ACTUAL,VNSTOCK_BRONZE
SBB,LATEST,balance_sheet,order,47.0,ACTUAL,VNSTOCK_BRONZE
SBB,LATEST,balance_sheet,level,1.0,ACTUAL,VNSTOCK_BRONZE
SBB,LATEST,balance_sheet,off_balance,0.0,ACTUAL,VNSTOCK_BRONZE
SBB,LATEST,balance_sheet,value,33208700984.0,ACTUAL,VNSTOCK_BRONZE
SBB,LATEST,balance_sheet,order,48.0,ACTUAL,VNSTOCK_BRONZE
SBB,LATEST,balance_sheet,level,2.0,ACTUAL,VNSTOCK_BRONZE
SBB,LATEST,balance_sheet,off_balance,0.0,ACTUAL,VNSTOCK_BRONZE
SBB,LATEST,balance_sheet,value,0.0,ACTUAL,VNSTOCK_BRONZE
SBB,LATEST,balance_sheet,order,49.0,ACTUAL,VNSTOCK_BRONZE
SBB,LATEST,balance_sheet,level,2.0,ACTUAL,VNSTOCK_BRONZE
SBB,LATEST,balance_sheet,off_balance,0.0,ACTUAL,VNSTOCK_BRONZE
SBB,LATEST,balance_sheet,value,33208700984.0,ACTUAL,VNSTOCK_BRONZE
SBB,LATEST,balance_sheet,order,50.0,ACTUAL,VNSTOCK_BRONZE
SBB,LATEST,balance_sheet,level,1.0,ACTUAL,VNSTOCK_BRONZE
SBB,LATEST,balance_sheet,off_balance,0.0,ACTUAL,VNSTOCK_BRONZE
SBB,LATEST,balance_sheet,value,534851148579.0,ACTUAL,VNSTOCK_BRONZE
SBB,LATEST,balance_sheet,order,51.0,ACTUAL,VNSTOCK_BRONZE
SBB,LATEST,balance_sheet,level,2.0,ACTUAL,VNSTOCK_BRONZE
SBB,LATEST,balance_sheet,off_balance,0.0,ACTUAL,VNSTOCK_BRONZE
SBB,LATEST,balance_sheet,value,0.0,ACTUAL,VNSTOCK_BRONZE
SBB,LATEST,balance_sheet,order,52.0,ACTUAL,VNSTOCK_BRONZE
SBB,LATEST,balance_sheet,level,2.0,ACTUAL,VNSTOCK_BRONZE
SBB,LATEST,balance_sheet,off_balance,0.0,ACTUAL,VNSTOCK_BRONZE
SBB,LATEST,balance_sheet,value,512684298579.0,ACTUAL,VNSTOCK_BRONZE
SBB,LATEST,balance_sheet,order,53.0,ACTUAL,VNSTOCK_BRONZE
SBB,LATEST,balance_sheet,level,2.0,ACTUAL,VNSTOCK_BRONZE
SBB,LATEST,balance_sheet,off_balance,0.0,ACTUAL,VNSTOCK_BRONZE
SBB,LATEST,balance_sheet,value,22166850000.0,ACTUAL,VNSTOCK_BRONZE
SBB,LATEST,balance_sheet,order,54.0,ACTUAL,VNSTOCK_BRONZE
SBB,LATEST,balance_sheet,level,2.0,ACTUAL,VNSTOCK_BRONZE
SBB,LATEST,balance_sheet,off_balance,0.0,ACTUAL,VNSTOCK_BRONZE
SBB,LATEST,balance_sheet,value,0.0,ACTUAL,VNSTOCK_BRONZE
SBB,LATEST,balance_sheet,order,55.0,ACTUAL,VNSTOCK_BRONZE
SBB,LATEST,balance_sheet,level,2.0,ACTUAL,VNSTOCK_BRONZE
SBB,LATEST,balance_sheet,off_balance,0.0,ACTUAL,VNSTOCK_BRONZE
SBB,LATEST,balance_sheet,value,0.0,ACTUAL,VNSTOCK_BRONZE
SBB,LATEST,balance_sheet,order,56.0,ACTUAL,VNSTOCK_BRONZE
SBB,LATEST,balance_sheet,level,1.0,ACTUAL,VNSTOCK_BRONZE
SBB,LATEST,balance_sheet,off_balance,0.0,ACTUAL,VNSTOCK_BRONZE
SBB,LATEST,balance_sheet,value,145785251635.0,ACTUAL,VNSTOCK_BRONZE
SBB,LATEST,balance_sheet,order,57.0,ACTUAL,VNSTOCK_BRONZE
SBB,LATEST,balance_sheet,level,2.0,ACTUAL,VNSTOCK_BRONZE
SBB,LATEST,balance_sheet,off_balance,0.0,ACTUAL,VNSTOCK_BRONZE
SBB,LATEST,balance_sheet,value,0.0,ACTUAL,VNSTOCK_BRONZE
SBB,LATEST,balance_sheet,order,58.0,ACTUAL,VNSTOCK_BRONZE
SBB,LATEST,balance_sheet,level,2.0,ACTUAL,VNSTOCK_BRONZE
SBB,LATEST,balance_sheet,off_balance,0.0,ACTUAL,VNSTOCK_BRONZE
SBB,LATEST,balance_sheet,value,111639526867.0,ACTUAL,VNSTOCK_BRONZE
SBB,LATEST,balance_sheet,order,59.0,ACTUAL,VNSTOCK_BRONZE
SBB,LATEST,balance_sheet,level,2.0,ACTUAL,VNSTOCK_BRONZE
SBB,LATEST,balance_sheet,off_balance,0.0,ACTUAL,VNSTOCK_BRONZE
SBB,LATEST,balance_sheet,value,0.0,ACTUAL,VNSTOCK_BRONZE
SBB,LATEST,balance_sheet,order,60.0,ACTUAL,VNSTOCK_BRONZE
SBB,LATEST,balance_sheet,level,2.0,ACTUAL,VNSTOCK_BRONZE
SBB,LATEST,balance_sheet,off_balance,0.0,ACTUAL,VNSTOCK_BRONZE
SBB,LATEST,balance_sheet,value,34145724768.0,ACTUAL,VNSTOCK_BRONZE
SBB,LATEST,balance_sheet,order,61.0,ACTUAL,VNSTOCK_BRONZE
SBB,LATEST,balance_sheet,level,2.0,ACTUAL,VNSTOCK_BRONZE
SBB,LATEST,balance_sheet,off_balance,0.0,ACTUAL,VNSTOCK_BRONZE
SBB,LATEST,balance_sheet,value,0.0,ACTUAL,VNSTOCK_BRONZE
SBB,LATEST,balance_sheet,order,62.0,ACTUAL,VNSTOCK_BRONZE
SBB,LATEST,balance_sheet,level,2.0,ACTUAL,VNSTOCK_BRONZE
SBB,LATEST,balance_sheet,off_balance,0.0,ACTUAL,VNSTOCK_BRONZE
SBB,LATEST,balance_sheet,value,0.0,ACTUAL,VNSTOCK_BRONZE
SBB,LATEST,balance_sheet,order,63.0,ACTUAL,VNSTOCK_BRONZE
SBB,LATEST,balance_sheet,level,1.0,ACTUAL,VNSTOCK_BRONZE
SBB,LATEST,balance_sheet,off_balance,0.0,ACTUAL,VNSTOCK_BRONZE
SBB,LATEST,balance_sheet,value,3729246032787.0,ACTUAL,VNSTOCK_BRONZE
SBB,LATEST,balance_sheet,order,64.0,ACTUAL,VNSTOCK_BRONZE
SBB,LATEST,balance_sheet,level,1.0,ACTUAL,VNSTOCK_BRONZE
SBB,LATEST,balance_sheet,off_balance,0.0,ACTUAL,VNSTOCK_BRONZE
SBB,LATEST,balance_sheet,value,1531786667955.0,ACTUAL,VNSTOCK_BRONZE
SBB,LATEST,balance_sheet,order,65.0,ACTUAL,VNSTOCK_BRONZE
SBB,LATEST,balance_sheet,level,1.0,ACTUAL,VNSTOCK_BRONZE
SBB,LATEST,balance_sheet,off_balance,0.0,ACTUAL,VNSTOCK_BRONZE
SBB,LATEST,balance_sheet,value,943117836100.0,ACTUAL,VNSTOCK_BRONZE
SBB,LATEST,balance_sheet,order,66.0,ACTUAL,VNSTOCK_BRONZE
SBB,LATEST,balance_sheet,level,2.0,ACTUAL,VNSTOCK_BRONZE
SBB,LATEST,balance_sheet,off_balance,0.0,ACTUAL,VNSTOCK_BRONZE
SBB,LATEST,balance_sheet,value,0.0,ACTUAL,VNSTOCK_BRONZE
SBB,LATEST,balance_sheet,order,67.0,ACTUAL,VNSTOCK_BRONZE
SBB,LATEST,balance_sheet,level,2.0,ACTUAL,VNSTOCK_BRONZE
SBB,LATEST,balance_sheet,off_balance,0.0,ACTUAL,VNSTOCK_BRONZE
SBB,LATEST,balance_sheet,value,0.0,ACTUAL,VNSTOCK_BRONZE
SBB,LATEST,balance_sheet,order,68.0,ACTUAL,VNSTOCK_BRONZE
SBB,LATEST,balance_sheet,level,2.0,ACTUAL,VNSTOCK_BRONZE
SBB,LATEST,balance_sheet,off_balance,0.0,ACTUAL,VNSTOCK_BRONZE
SBB,LATEST,balance_sheet,value,0.0,ACTUAL,VNSTOCK_BRONZE
SBB,LATEST,balance_sheet,order,69.0,ACTUAL,VNSTOCK_BRONZE
SBB,LATEST,balance_sheet,level,2.0,ACTUAL,VNSTOCK_BRONZE
SBB,LATEST,balance_sheet,off_balance,0.0,ACTUAL,VNSTOCK_BRONZE
SBB,LATEST,balance_sheet,value,86773652164.0,ACTUAL,VNSTOCK_BRONZE
SBB,LATEST,balance_sheet,order,70.0,ACTUAL,VNSTOCK_BRONZE
SBB,LATEST,balance_sheet,level,2.0,ACTUAL,VNSTOCK_BRONZE
SBB,LATEST,balance_sheet,off_balance,0.0,ACTUAL,VNSTOCK_BRONZE
SBB,LATEST,balance_sheet,value,3881805618.0,ACTUAL,VNSTOCK_BRONZE
SBB,LATEST,balance_sheet,order,71.0,ACTUAL,VNSTOCK_BRONZE
SBB,LATEST,balance_sheet,level,2.0,ACTUAL,VNSTOCK_BRONZE
SBB,LATEST,balance_sheet,off_balance,0.0,ACTUAL,VNSTOCK_BRONZE
SBB,LATEST,balance_sheet,value,185704053471.0,ACTUAL,VNSTOCK_BRONZE
SBB,LATEST,balance_sheet,order,72.0,ACTUAL,VNSTOCK_BRONZE
SBB,LATEST,balance_sheet,level,2.0,ACTUAL,VNSTOCK_BRONZE
SBB,LATEST,balance_sheet,off_balance,0.0,ACTUAL,VNSTOCK_BRONZE
SBB,LATEST,balance_sheet,value,9348253769.0,ACTUAL,VNSTOCK_BRONZE
SBB,LATEST,balance_sheet,order,73.0,ACTUAL,VNSTOCK_BRONZE
SBB,LATEST,balance_sheet,level,2.0,ACTUAL,VNSTOCK_BRONZE
SBB,LATEST,balance_sheet,off_balance,0.0,ACTUAL,VNSTOCK_BRONZE
SBB,LATEST,balance_sheet,value,5689302345.0,ACTUAL,VNSTOCK_BRONZE
SBB,LATEST,balance_sheet,order,74.0,ACTUAL,VNSTOCK_BRONZE
SBB,LATEST,balance_sheet,level,2.0,ACTUAL,VNSTOCK_BRONZE
SBB,LATEST,balance_sheet,off_balance,0.0,ACTUAL,VNSTOCK_BRONZE
SBB,LATEST,balance_sheet,value,0.0,ACTUAL,VNSTOCK_BRONZE
SBB,LATEST,balance_sheet,order,75.0,ACTUAL,VNSTOCK_BRONZE
SBB,LATEST,balance_sheet,level,2.0,ACTUAL,VNSTOCK_BRONZE
SBB,LATEST,balance_sheet,off_balance,0.0,ACTUAL,VNSTOCK_BRONZE
SBB,LATEST,balance_sheet,value,0.0,ACTUAL,VNSTOCK_BRONZE
SBB,LATEST,balance_sheet,order,76.0,ACTUAL,VNSTOCK_BRONZE
SBB,LATEST,balance_sheet,level,2.0,ACTUAL,VNSTOCK_BRONZE
SBB,LATEST,balance_sheet,off_balance,0.0,ACTUAL,VNSTOCK_BRONZE
SBB,LATEST,balance_sheet,value,61299176256.0,ACTUAL,VNSTOCK_BRONZE
SBB,LATEST,balance_sheet,order,77.0,ACTUAL,VNSTOCK_BRONZE
SBB,LATEST,balance_sheet,level,2.0,ACTUAL,VNSTOCK_BRONZE
SBB,LATEST,balance_sheet,off_balance,0.0,ACTUAL,VNSTOCK_BRONZE
SBB,LATEST,balance_sheet,value,555075812339.0,ACTUAL,VNSTOCK_BRONZE
SBB,LATEST,balance_sheet,order,78.0,ACTUAL,VNSTOCK_BRONZE
SBB,LATEST,balance_sheet,level,2.0,ACTUAL,VNSTOCK_BRONZE
SBB,LATEST,balance_sheet,off_balance,0.0,ACTUAL,VNSTOCK_BRONZE
SBB,LATEST,balance_sheet,value,0.0,ACTUAL,VNSTOCK_BRONZE
SBB,LATEST,balance_sheet,order,79.0,ACTUAL,VNSTOCK_BRONZE
SBB,LATEST,balance_sheet,level,2.0,ACTUAL,VNSTOCK_BRONZE
SBB,LATEST,balance_sheet,off_balance,0.0,ACTUAL,VNSTOCK_BRONZE
SBB,LATEST,balance_sheet,value,35345780138.0,ACTUAL,VNSTOCK_BRONZE
SBB,LATEST,balance_sheet,order,80.0,ACTUAL,VNSTOCK_BRONZE
SBB,LATEST,balance_sheet,level,2.0,ACTUAL,VNSTOCK_BRONZE
SBB,LATEST,balance_sheet,off_balance,0.0,ACTUAL,VNSTOCK_BRONZE
SBB,LATEST,balance_sheet,value,0.0,ACTUAL,VNSTOCK_BRONZE
SBB,LATEST,balance_sheet,order,81.0,ACTUAL,VNSTOCK_BRONZE
SBB,LATEST,balance_sheet,level,2.0,ACTUAL,VNSTOCK_BRONZE
SBB,LATEST,balance_sheet,off_balance,0.0,ACTUAL,VNSTOCK_BRONZE
SBB,LATEST,balance_sheet,value,0.0,ACTUAL,VNSTOCK_BRONZE
SBB,LATEST,balance_sheet,order,82.0,ACTUAL,VNSTOCK_BRONZE
SBB,LATEST,balance_sheet,level,1.0,ACTUAL,VNSTOCK_BRONZE
SBB,LATEST,balance_sheet,off_balance,0.0,ACTUAL,VNSTOCK_BRONZE
SBB,LATEST,balance_sheet,value,588668831855.0,ACTUAL,VNSTOCK_BRONZE
SBB,LATEST,balance_sheet,order,83.0,ACTUAL,VNSTOCK_BRONZE
SBB,LATEST,balance_sheet,level,2.0,ACTUAL,VNSTOCK_BRONZE
SBB,LATEST,balance_sheet,off_balance,0.0,ACTUAL,VNSTOCK_BRONZE
SBB,LATEST,balance_sheet,value,0.0,ACTUAL,VNSTOCK_BRONZE
SBB,LATEST,balance_sheet,order,84.0,ACTUAL,VNSTOCK_BRONZE
SBB,LATEST,balance_sheet,level,2.0,ACTUAL,VNSTOCK_BRONZE
SBB,LATEST,balance_sheet,off_balance,0.0,ACTUAL,VNSTOCK_BRONZE
SBB,LATEST,balance_sheet,order,85.0,ACTUAL,VNSTOCK_BRONZE
SBB,LATEST,balance_sheet,level,2.0,ACTUAL,VNSTOCK_BRONZE
SBB,LATEST,balance_sheet,off_balance,0.0,ACTUAL,VNSTOCK_BRONZE
SBB,LATEST,balance_sheet,value,0.0,ACTUAL,VNSTOCK_BRONZE
SBB,LATEST,balance_sheet,order,86.0,ACTUAL,VNSTOCK_BRONZE
SBB,LATEST,balance_sheet,level,2.0,ACTUAL,VNSTOCK_BRONZE
SBB,LATEST,balance_sheet,off_balance,0.0,ACTUAL,VNSTOCK_BRONZE
SBB,LATEST,balance_sheet,value,0.0,ACTUAL,VNSTOCK_BRONZE
SBB,LATEST,balance_sheet,order,87.0,ACTUAL,VNSTOCK_BRONZE
SBB,LATEST,balance_sheet,level,2.0,ACTUAL,VNSTOCK_BRONZE
SBB,LATEST,balance_sheet,off_balance,0.0,ACTUAL,VNSTOCK_BRONZE
SBB,LATEST,balance_sheet,value,0.0,ACTUAL,VNSTOCK_BRONZE
SBB,LATEST,balance_sheet,order,88.0,ACTUAL,VNSTOCK_BRONZE
SBB,LATEST,balance_sheet,level,2.0,ACTUAL,VNSTOCK_BRONZE
SBB,LATEST,balance_sheet,off_balance,0.0,ACTUAL,VNSTOCK_BRONZE
SBB,LATEST,balance_sheet,value,0.0,ACTUAL,VNSTOCK_BRONZE
SBB,LATEST,balance_sheet,order,89.0,ACTUAL,VNSTOCK_BRONZE
SBB,LATEST,balance_sheet,level,2.0,ACTUAL,VNSTOCK_BRONZE
SBB,LATEST,balance_sheet,off_balance,0.0,ACTUAL,VNSTOCK_BRONZE
SBB,LATEST,balance_sheet,value,0.0,ACTUAL,VNSTOCK_BRONZE
SBB,LATEST,balance_sheet,order,90.0,ACTUAL,VNSTOCK_BRONZE
SBB,LATEST,balance_sheet,level,2.0,ACTUAL,VNSTOCK_BRONZE
SBB,LATEST,balance_sheet,off_balance,0.0,ACTUAL,VNSTOCK_BRONZE
SBB,LATEST,balance_sheet,value,5347340000.0,ACTUAL,VNSTOCK_BRONZE
SBB,LATEST,balance_sheet,order,91.0,ACTUAL,VNSTOCK_BRONZE
SBB,LATEST,balance_sheet,level,2.0,ACTUAL,VNSTOCK_BRONZE
SBB,LATEST,balance_sheet,off_balance,0.0,ACTUAL,VNSTOCK_BRONZE
SBB,LATEST,balance_sheet,value,583321491855.0,ACTUAL,VNSTOCK_BRONZE
SBB,LATEST,balance_sheet,order,92.0,ACTUAL,VNSTOCK_BRONZE
SBB,LATEST,balance_sheet,level,2.0,ACTUAL,VNSTOCK_BRONZE
SBB,LATEST,balance_sheet,off_balance,0.0,ACTUAL,VNSTOCK_BRONZE
SBB,LATEST,balance_sheet,value,0.0,ACTUAL,VNSTOCK_BRONZE
SBB,LATEST,balance_sheet,order,93.0,ACTUAL,VNSTOCK_BRONZE
SBB,LATEST,balance_sheet,level,2.0,ACTUAL,VNSTOCK_BRONZE
SBB,LATEST,balance_sheet,off_balance,0.0,ACTUAL,VNSTOCK_BRONZE
SBB,LATEST,balance_sheet,value,0.0,ACTUAL,VNSTOCK_BRONZE
SBB,LATEST,balance_sheet,order,94.0,ACTUAL,VNSTOCK_BRONZE
SBB,LATEST,balance_sheet,level,2.0,ACTUAL,VNSTOCK_BRONZE
SBB,LATEST,balance_sheet,off_balance,0.0,ACTUAL,VNSTOCK_BRONZE
SBB,LATEST,balance_sheet,value,0.0,ACTUAL,VNSTOCK_BRONZE
SBB,LATEST,balance_sheet,order,95.0,ACTUAL,VNSTOCK_BRONZE
SBB,LATEST,balance_sheet,level,2.0,ACTUAL,VNSTOCK_BRONZE
SBB,LATEST,balance_sheet,off_balance,0.0,ACTUAL,VNSTOCK_BRONZE
SBB,LATEST,balance_sheet,value,0.0,ACTUAL,VNSTOCK_BRONZE
SBB,LATEST,balance_sheet,order,96.0,ACTUAL,VNSTOCK_BRONZE
SBB,LATEST,balance_sheet,level,1.0,ACTUAL,VNSTOCK_BRONZE
SBB,LATEST,balance_sheet,off_balance,0.0,ACTUAL,VNSTOCK_BRONZE
SBB,LATEST,balance_sheet,value,2197459364832.0,ACTUAL,VNSTOCK_BRONZE
SBB,LATEST,balance_sheet,order,97.0,ACTUAL,VNSTOCK_BRONZE
SBB,LATEST,balance_sheet,level,1.0,ACTUAL,VNSTOCK_BRONZE
SBB,LATEST,balance_sheet,off_balance,0.0,ACTUAL,VNSTOCK_BRONZE
SBB,LATEST,balance_sheet,value,2197459364832.0,ACTUAL,VNSTOCK_BRONZE
SBB,LATEST,balance_sheet,order,98.0,ACTUAL,VNSTOCK_BRONZE
SBB,LATEST,balance_sheet,level,2.0,ACTUAL,VNSTOCK_BRONZE
SBB,LATEST,balance_sheet,off_balance,0.0,ACTUAL,VNSTOCK_BRONZE
SBB,LATEST,balance_sheet,value,0.0,ACTUAL,VNSTOCK_BRONZE
SBB,LATEST,balance_sheet,order,99.0,ACTUAL,VNSTOCK_BRONZE
SBB,LATEST,balance_sheet,level,2.0,ACTUAL,VNSTOCK_BRONZE
SBB,LATEST,balance_sheet,off_balance,0.0,ACTUAL,VNSTOCK_BRONZE
SBB,LATEST,balance_sheet,value,0.0,ACTUAL,VNSTOCK_BRONZE
SBB,LATEST,balance_sheet,order,100.0,ACTUAL,VNSTOCK_BRONZE
SBB,LATEST,balance_sheet,level,2.0,ACTUAL,VNSTOCK_BRONZE
SBB,LATEST,balance_sheet,off_balance,0.0,ACTUAL,VNSTOCK_BRONZE
SBB,LATEST,balance_sheet,value,0.0,ACTUAL,VNSTOCK_BRONZE
SBB,LATEST,balance_sheet,order,101.0,ACTUAL,VNSTOCK_BRONZE
SBB,LATEST,balance_sheet,level,2.0,ACTUAL,VNSTOCK_BRONZE
SBB,LATEST,balance_sheet,off_balance,0.0,ACTUAL,VNSTOCK_BRONZE
SBB,LATEST,balance_sheet,value,0.0,ACTUAL,VNSTOCK_BRONZE
SBB,LATEST,balance_sheet,order,102.0,ACTUAL,VNSTOCK_BRONZE
SBB,LATEST,balance_sheet,level,2.0,ACTUAL,VNSTOCK_BRONZE
SBB,LATEST,balance_sheet,off_balance,0.0,ACTUAL,VNSTOCK_BRONZE
SBB,LATEST,balance_sheet,value,875245360000.0,ACTUAL,VNSTOCK_BRONZE
SBB,LATEST,balance_sheet,order,103.0,ACTUAL,VNSTOCK_BRONZE
SBB,LATEST,balance_sheet,level,3.0,ACTUAL,VNSTOCK_BRONZE
SBB,LATEST,balance_sheet,off_balance,0.0,ACTUAL,VNSTOCK_BRONZE
SBB,LATEST,balance_sheet,value,875245360000.0,ACTUAL,VNSTOCK_BRONZE
SBB,LATEST,balance_sheet,order,104.0,ACTUAL,VNSTOCK_BRONZE
SBB,LATEST,balance_sheet,level,2.0,ACTUAL,VNSTOCK_BRONZE
SBB,LATEST,balance_sheet,off_balance,0.0,ACTUAL,VNSTOCK_BRONZE
SBB,LATEST,balance_sheet,value,436708750464.0,ACTUAL,VNSTOCK_BRONZE
SBB,LATEST,balance_sheet,order,105.0,ACTUAL,VNSTOCK_BRONZE
SBB,LATEST,balance_sheet,level,2.0,ACTUAL,VNSTOCK_BRONZE
SBB,LATEST,balance_sheet,off_balance,0.0,ACTUAL,VNSTOCK_BRONZE
SBB,LATEST,balance_sheet,value,-51168810051.0,ACTUAL,VNSTOCK_BRONZE
SBB,LATEST,balance_sheet,order,106.0,ACTUAL,VNSTOCK_BRONZE
SBB,LATEST,balance_sheet,level,2.0,ACTUAL,VNSTOCK_BRONZE
SBB,LATEST,balance_sheet,off_balance,0.0,ACTUAL,VNSTOCK_BRONZE
SBB,LATEST,balance_sheet,value,0.0,ACTUAL,VNSTOCK_BRONZE
SBB,LATEST,balance_sheet,order,107.0,ACTUAL,VNSTOCK_BRONZE
SBB,LATEST,balance_sheet,level,2.0,ACTUAL,VNSTOCK_BRONZE
SBB,LATEST,balance_sheet,off_balance,0.0,ACTUAL,VNSTOCK_BRONZE
SBB,LATEST,balance_sheet,value,0.0,ACTUAL,VNSTOCK_BRONZE
SBB,LATEST,balance_sheet,order,108.0,ACTUAL,VNSTOCK_BRONZE
SBB,LATEST,balance_sheet,level,2.0,ACTUAL,VNSTOCK_BRONZE
SBB,LATEST,balance_sheet,off_balance,0.0,ACTUAL,VNSTOCK_BRONZE
SBB,LATEST,balance_sheet,value,0.0,ACTUAL,VNSTOCK_BRONZE
SBB,LATEST,balance_sheet,order,109.0,ACTUAL,VNSTOCK_BRONZE
SBB,LATEST,balance_sheet,level,2.0,ACTUAL,VNSTOCK_BRONZE
SBB,LATEST,balance_sheet,off_balance,0.0,ACTUAL,VNSTOCK_BRONZE
SBB,LATEST,balance_sheet,value,490113258330.0,ACTUAL,VNSTOCK_BRONZE
SBB,LATEST,balance_sheet,order,110.0,ACTUAL,VNSTOCK_BRONZE
SBB,LATEST,balance_sheet,level,2.0,ACTUAL,VNSTOCK_BRONZE
SBB,LATEST,balance_sheet,off_balance,0.0,ACTUAL,VNSTOCK_BRONZE
SBB,LATEST,balance_sheet,value,0.0,ACTUAL,VNSTOCK_BRONZE
SBB,LATEST,balance_sheet,order,111.0,ACTUAL,VNSTOCK_BRONZE
SBB,LATEST,balance_sheet,level,2.0,ACTUAL,VNSTOCK_BRONZE
SBB,LATEST,balance_sheet,off_balance,0.0,ACTUAL,VNSTOCK_BRONZE
SBB,LATEST,balance_sheet,value,0.0,ACTUAL,VNSTOCK_BRONZE
SBB,LATEST,balance_sheet,order,112.0,ACTUAL,VNSTOCK_BRONZE
SBB,LATEST,balance_sheet,level,2.0,ACTUAL,VNSTOCK_BRONZE
SBB,LATEST,balance_sheet,off_balance,0.0,ACTUAL,VNSTOCK_BRONZE
SBB,LATEST,balance_sheet,value,446560806089.0,ACTUAL,VNSTOCK_BRONZE
SBB,LATEST,balance_sheet,order,113.0,ACTUAL,VNSTOCK_BRONZE
SBB,LATEST,balance_sheet,level,3.0,ACTUAL,VNSTOCK_BRONZE
SBB,LATEST,balance_sheet,off_balance,0.0,ACTUAL,VNSTOCK_BRONZE
SBB,LATEST,balance_sheet,value,395962386002.0,ACTUAL,VNSTOCK_BRONZE
SBB,LATEST,balance_sheet,order,114.0,ACTUAL,VNSTOCK_BRONZE
SBB,LATEST,balance_sheet,level,3.0,ACTUAL,VNSTOCK_BRONZE
SBB,LATEST,balance_sheet,off_balance,0.0,ACTUAL,VNSTOCK_BRONZE
SBB,LATEST,balance_sheet,value,50598420087.0,ACTUAL,VNSTOCK_BRONZE
SBB,LATEST,balance_sheet,order,115.0,ACTUAL,VNSTOCK_BRONZE
SBB,LATEST,balance_sheet,level,2.0,ACTUAL,VNSTOCK_BRONZE
SBB,LATEST,balance_sheet,off_balance,0.0,ACTUAL,VNSTOCK_BRONZE
SBB,LATEST,balance_sheet,value,0.0,ACTUAL,VNSTOCK_BRONZE
SBB,LATEST,balance_sheet,order,116.0,ACTUAL,VNSTOCK_BRONZE
SBB,LATEST,balance_sheet,level,1.0,ACTUAL,VNSTOCK_BRONZE
SBB,LATEST,balance_sheet,off_balance,0.0,ACTUAL,VNSTOCK_BRONZE
SBB,LATEST,balance_sheet,value,0.0,ACTUAL,VNSTOCK_BRONZE
SBB,LATEST,balance_sheet,order,117.0,ACTUAL,VNSTOCK_BRONZE
SBB,LATEST,balance_sheet,level,2.0,ACTUAL,VNSTOCK_BRONZE
SBB,LATEST,balance_sheet,off_balance,0.0,ACTUAL,VNSTOCK_BRONZE
SBB,LATEST,balance_sheet,value,0.0,ACTUAL,VNSTOCK_BRONZE
SBB,LATEST,balance_sheet,order,118.0,ACTUAL,VNSTOCK_BRONZE
SBB,LATEST,balance_sheet,level,1.0,ACTUAL,VNSTOCK_BRONZE
SBB,LATEST,balance_sheet,off_balance,0.0,ACTUAL,VNSTOCK_BRONZE
SBB,LATEST,balance_sheet,value,3729246032787.0,ACTUAL,VNSTOCK_BRONZE
SBB,LATEST,income_statement,order,1.0,ACTUAL,VNSTOCK_BRONZE
SBB,LATEST,income_statement,level,1.0,ACTUAL,VNSTOCK_BRONZE
SBB,LATEST,income_statement,value,870932193960.0,ACTUAL,VNSTOCK_BRONZE
SBB,LATEST,income_statement,order,2.0,ACTUAL,VNSTOCK_BRONZE
SBB,LATEST,income_statement,level,1.0,ACTUAL,VNSTOCK_BRONZE
SBB,LATEST,income_statement,value,-0.0,ACTUAL,VNSTOCK_BRONZE
SBB,LATEST,income_statement,order,3.0,ACTUAL,VNSTOCK_BRONZE
SBB,LATEST,income_statement,level,1.0,ACTUAL,VNSTOCK_BRONZE
SBB,LATEST,income_statement,value,870932193960.0,ACTUAL,VNSTOCK_BRONZE
SBB,LATEST,income_statement,order,4.0,ACTUAL,VNSTOCK_BRONZE
SBB,LATEST,income_statement,level,1.0,ACTUAL,VNSTOCK_BRONZE
SBB,LATEST,income_statement,value,-740898991541.0,ACTUAL,VNSTOCK_BRONZE
SBB,LATEST,income_statement,order,5.0,ACTUAL,VNSTOCK_BRONZE
SBB,LATEST,income_statement,level,1.0,ACTUAL,VNSTOCK_BRONZE
SBB,LATEST,income_statement,value,130033202419.0,ACTUAL,VNSTOCK_BRONZE
SBB,LATEST,income_statement,order,6.0,ACTUAL,VNSTOCK_BRONZE
SBB,LATEST,income_statement,level,1.0,ACTUAL,VNSTOCK_BRONZE
SBB,LATEST,income_statement,value,6217102882.0,ACTUAL,VNSTOCK_BRONZE
SBB,LATEST,income_statement,order,7.0,ACTUAL,VNSTOCK_BRONZE
SBB,LATEST,income_statement,level,1.0,ACTUAL,VNSTOCK_BRONZE
SBB,LATEST,income_statement,value,-775818832.0,ACTUAL,VNSTOCK_BRONZE
SBB,LATEST,income_statement,order,8.0,ACTUAL,VNSTOCK_BRONZE
SBB,LATEST,income_statement,level,2.0,ACTUAL,VNSTOCK_BRONZE
SBB,LATEST,income_statement,value,-518335098.0,ACTUAL,VNSTOCK_BRONZE
SBB,LATEST,income_statement,order,9.0,ACTUAL,VNSTOCK_BRONZE
SBB,LATEST,income_statement,level,1.0,ACTUAL,VNSTOCK_BRONZE
SBB,LATEST,income_statement,value,0.0,ACTUAL,VNSTOCK_BRONZE
SBB,LATEST,income_statement,order,10.0,ACTUAL,VNSTOCK_BRONZE
SBB,LATEST,income_statement,level,1.0,ACTUAL,VNSTOCK_BRONZE
SBB,LATEST,income_statement,value,-3315375561.0,ACTUAL,VNSTOCK_BRONZE
SBB,LATEST,income_statement,order,11.0,ACTUAL,VNSTOCK_BRONZE
SBB,LATEST,income_statement,level,1.0,ACTUAL,VNSTOCK_BRONZE
SBB,LATEST,income_statement,value,-19331635858.0,ACTUAL,VNSTOCK_BRONZE
SBB,LATEST,income_statement,order,12.0,ACTUAL,VNSTOCK_BRONZE
SBB,LATEST,income_statement,level,1.0,ACTUAL,VNSTOCK_BRONZE
SBB,LATEST,income_statement,value,112827475050.0,ACTUAL,VNSTOCK_BRONZE
SBB,LATEST,income_statement,order,13.0,ACTUAL,VNSTOCK_BRONZE
SBB,LATEST,income_statement,level,1.0,ACTUAL,VNSTOCK_BRONZE
SBB,LATEST,income_statement,value,352274612.0,ACTUAL,VNSTOCK_BRONZE
SBB,LATEST,income_statement,order,14.0,ACTUAL,VNSTOCK_BRONZE
SBB,LATEST,income_statement,level,2.0,ACTUAL,VNSTOCK_BRONZE
SBB,LATEST,income_statement,value,489465290.0,ACTUAL,VNSTOCK_BRONZE
SBB,LATEST,income_statement,order,15.0,ACTUAL,VNSTOCK_BRONZE
SBB,LATEST,income_statement,level,2.0,ACTUAL,VNSTOCK_BRONZE
SBB,LATEST,income_statement,value,-137190678.0,ACTUAL,VNSTOCK_BRONZE
SBB,LATEST,income_statement,order,16.0,ACTUAL,VNSTOCK_BRONZE
SBB,LATEST,income_statement,level,1.0,ACTUAL,VNSTOCK_BRONZE
SBB,LATEST,income_statement,value,0.0,ACTUAL,VNSTOCK_BRONZE
SBB,LATEST,income_statement,order,17.0,ACTUAL,VNSTOCK_BRONZE
SBB,LATEST,income_statement,level,1.0,ACTUAL,VNSTOCK_BRONZE
SBB,LATEST,income_statement,value,113179749662.0,ACTUAL,VNSTOCK_BRONZE
SBB,LATEST,income_statement,order,18.0,ACTUAL,VNSTOCK_BRONZE
SBB,LATEST,income_statement,level,1.0,ACTUAL,VNSTOCK_BRONZE
SBB,LATEST,income_statement,value,-3828726735.0,ACTUAL,VNSTOCK_BRONZE
SBB,LATEST,income_statement,order,19.0,ACTUAL,VNSTOCK_BRONZE
SBB,LATEST,income_statement,level,2.0,ACTUAL,VNSTOCK_BRONZE
SBB,LATEST,income_statement,value,-3828726735.0,ACTUAL,VNSTOCK_BRONZE
SBB,LATEST,income_statement,order,20.0,ACTUAL,VNSTOCK_BRONZE
SBB,LATEST,income_statement,level,2.0,ACTUAL,VNSTOCK_BRONZE
SBB,LATEST,income_statement,value,0.0,ACTUAL,VNSTOCK_BRONZE
SBB,LATEST,income_statement,order,21.0,ACTUAL,VNSTOCK_BRONZE
SBB,LATEST,income_statement,level,1.0,ACTUAL,VNSTOCK_BRONZE
SBB,LATEST,income_statement,value,109351022927.0,ACTUAL,VNSTOCK_BRONZE
SBB,LATEST,income_statement,order,22.0,ACTUAL,VNSTOCK_BRONZE
SBB,LATEST,income_statement,level,1.0,ACTUAL,VNSTOCK_BRONZE
SBB,LATEST,income_statement,value,0.0,ACTUAL,VNSTOCK_BRONZE
SBB,LATEST,income_statement,order,23.0,ACTUAL,VNSTOCK_BRONZE
SBB,LATEST,income_statement,level,1.0,ACTUAL,VNSTOCK_BRONZE
SBB,LATEST,income_statement,value,109351022927.0,ACTUAL,VNSTOCK_BRONZE
SBB,LATEST,income_statement,order,24.0,ACTUAL,VNSTOCK_BRONZE
SBB,LATEST,income_statement,level,1.0,ACTUAL,VNSTOCK_BRONZE
SBB,LATEST,income_statement,value,1125.0,ACTUAL,VNSTOCK_BRONZE
SBB,LATEST,income_statement,order,25.0,ACTUAL,VNSTOCK_BRONZE
SBB,LATEST,income_statement,level,1.0,ACTUAL,VNSTOCK_BRONZE
SBB,LATEST,income_statement,value,0.0,ACTUAL,VNSTOCK_BRONZE
SBB,LATEST,income_statement,order,1.0,ACTUAL,VNSTOCK_BRONZE
SBB,LATEST,income_statement,level,1.0,ACTUAL,VNSTOCK_BRONZE
SBB,LATEST,income_statement,value,870840505316.0,ACTUAL,VNSTOCK_BRONZE
SBB,LATEST,income_statement,order,2.0,ACTUAL,VNSTOCK_BRONZE
SBB,LATEST,income_statement,level,1.0,ACTUAL,VNSTOCK_BRONZE
SBB,LATEST,income_statement,value,-0.0,ACTUAL,VNSTOCK_BRONZE
SBB,LATEST,income_statement,order,3.0,ACTUAL,VNSTOCK_BRONZE
SBB,LATEST,income_statement,level,1.0,ACTUAL,VNSTOCK_BRONZE
SBB,LATEST,income_statement,value,870840505316.0,ACTUAL,VNSTOCK_BRONZE
SBB,LATEST,income_statement,order,4.0,ACTUAL,VNSTOCK_BRONZE
SBB,LATEST,income_statement,level,1.0,ACTUAL,VNSTOCK_BRONZE
SBB,LATEST,income_statement,value,-746446891826.0,ACTUAL,VNSTOCK_BRONZE
SBB,LATEST,income_statement,order,5.0,ACTUAL,VNSTOCK_BRONZE
SBB,LATEST,income_statement,level,1.0,ACTUAL,VNSTOCK_BRONZE
SBB,LATEST,income_statement,value,124393613490.0,ACTUAL,VNSTOCK_BRONZE
SBB,LATEST,income_statement,order,6.0,ACTUAL,VNSTOCK_BRONZE
SBB,LATEST,income_statement,level,1.0,ACTUAL,VNSTOCK_BRONZE
SBB,LATEST,income_statement,value,2583775216.0,ACTUAL,VNSTOCK_BRONZE
SBB,LATEST,income_statement,order,7.0,ACTUAL,VNSTOCK_BRONZE
SBB,LATEST,income_statement,level,1.0,ACTUAL,VNSTOCK_BRONZE
SBB,LATEST,income_statement,value,-2122516882.0,ACTUAL,VNSTOCK_BRONZE
SBB,LATEST,income_statement,order,8.0,ACTUAL,VNSTOCK_BRONZE
SBB,LATEST,income_statement,level,2.0,ACTUAL,VNSTOCK_BRONZE
SBB,LATEST,income_statement,value,-2081929216.0,ACTUAL,VNSTOCK_BRONZE
SBB,LATEST,income_statement,order,9.0,ACTUAL,VNSTOCK_BRONZE
SBB,LATEST,income_statement,level,1.0,ACTUAL,VNSTOCK_BRONZE
SBB,LATEST,income_statement,value,0.0,ACTUAL,VNSTOCK_BRONZE
SBB,LATEST,income_statement,order,10.0,ACTUAL,VNSTOCK_BRONZE
SBB,LATEST,income_statement,level,1.0,ACTUAL,VNSTOCK_BRONZE
SBB,LATEST,income_statement,value,-3333983648.0,ACTUAL,VNSTOCK_BRONZE
SBB,LATEST,income_statement,order,11.0,ACTUAL,VNSTOCK_BRONZE
SBB,LATEST,income_statement,level,1.0,ACTUAL,VNSTOCK_BRONZE
SBB,LATEST,income_statement,value,-22055239342.0,ACTUAL,VNSTOCK_BRONZE
SBB,LATEST,income_statement,order,12.0,ACTUAL,VNSTOCK_BRONZE
SBB,LATEST,income_statement,level,1.0,ACTUAL,VNSTOCK_BRONZE
SBB,LATEST,income_statement,value,99465648834.0,ACTUAL,VNSTOCK_BRONZE
SBB,LATEST,income_statement,order,13.0,ACTUAL,VNSTOCK_BRONZE
SBB,LATEST,income_statement,level,1.0,ACTUAL,VNSTOCK_BRONZE
SBB,LATEST,income_statement,value,91717899.0,ACTUAL,VNSTOCK_BRONZE
SBB,LATEST,income_statement,order,14.0,ACTUAL,VNSTOCK_BRONZE
SBB,LATEST,income_statement,level,2.0,ACTUAL,VNSTOCK_BRONZE
SBB,LATEST,income_statement,value,246379868.0,ACTUAL,VNSTOCK_BRONZE
SBB,LATEST,income_statement,order,15.0,ACTUAL,VNSTOCK_BRONZE
SBB,LATEST,income_statement,level,2.0,ACTUAL,VNSTOCK_BRONZE
SBB,LATEST,income_statement,value,-154661969.0,ACTUAL,VNSTOCK_BRONZE
SBB,LATEST,income_statement,order,16.0,ACTUAL,VNSTOCK_BRONZE
SBB,LATEST,income_statement,level,1.0,ACTUAL,VNSTOCK_BRONZE
SBB,LATEST,income_statement,value,0.0,ACTUAL,VNSTOCK_BRONZE
SBB,LATEST,income_statement,order,17.0,ACTUAL,VNSTOCK_BRONZE
SBB,LATEST,income_statement,level,1.0,ACTUAL,VNSTOCK_BRONZE
SBB,LATEST,income_statement,value,99557366733.0,ACTUAL,VNSTOCK_BRONZE
SBB,LATEST,income_statement,order,18.0,ACTUAL,VNSTOCK_BRONZE
SBB,LATEST,income_statement,level,1.0,ACTUAL,VNSTOCK_BRONZE
SBB,LATEST,income_statement,value,-5161587216.0,ACTUAL,VNSTOCK_BRONZE
SBB,LATEST,income_statement,order,19.0,ACTUAL,VNSTOCK_BRONZE
SBB,LATEST,income_statement,level,2.0,ACTUAL,VNSTOCK_BRONZE
SBB,LATEST,income_statement,value,-5161587216.0,ACTUAL,VNSTOCK_BRONZE
SBB,LATEST,income_statement,order,20.0,ACTUAL,VNSTOCK_BRONZE
SBB,LATEST,income_statement,level,2.0,ACTUAL,VNSTOCK_BRONZE
SBB,LATEST,income_statement,value,0.0,ACTUAL,VNSTOCK_BRONZE
SBB,LATEST,income_statement,order,21.0,ACTUAL,VNSTOCK_BRONZE
SBB,LATEST,income_statement,level,1.0,ACTUAL,VNSTOCK_BRONZE
SBB,LATEST,income_statement,value,94395779517.0,ACTUAL,VNSTOCK_BRONZE
SBB,LATEST,income_statement,order,22.0,ACTUAL,VNSTOCK_BRONZE
SBB,LATEST,income_statement,level,1.0,ACTUAL,VNSTOCK_BRONZE
SBB,LATEST,income_statement,value,0.0,ACTUAL,VNSTOCK_BRONZE
SBB,LATEST,income_statement,order,23.0,ACTUAL,VNSTOCK_BRONZE
SBB,LATEST,income_statement,level,1.0,ACTUAL,VNSTOCK_BRONZE
SBB,LATEST,income_statement,value,94395779517.0,ACTUAL,VNSTOCK_BRONZE
SBB,LATEST,income_statement,order,24.0,ACTUAL,VNSTOCK_BRONZE
SBB,LATEST,income_statement,level,1.0,ACTUAL,VNSTOCK_BRONZE
SBB,LATEST,income_statement,value,1054.0,ACTUAL,VNSTOCK_BRONZE
SBB,LATEST,income_statement,order,25.0,ACTUAL,VNSTOCK_BRONZE
SBB,LATEST,income_statement,level,1.0,ACTUAL,VNSTOCK_BRONZE
SBB,LATEST,income_statement,value,0.0,ACTUAL,VNSTOCK_BRONZE
SBB,LATEST,income_statement,order,1.0,ACTUAL,VNSTOCK_BRONZE
SBB,LATEST,income_statement,level,1.0,ACTUAL,VNSTOCK_BRONZE
SBB,LATEST,income_statement,value,870373426487.0,ACTUAL,VNSTOCK_BRONZE
SBB,LATEST,income_statement,order,2.0,ACTUAL,VNSTOCK_BRONZE
SBB,LATEST,income_statement,level,1.0,ACTUAL,VNSTOCK_BRONZE
SBB,LATEST,income_statement,value,-0.0,ACTUAL,VNSTOCK_BRONZE
SBB,LATEST,income_statement,order,3.0,ACTUAL,VNSTOCK_BRONZE
SBB,LATEST,income_statement,level,1.0,ACTUAL,VNSTOCK_BRONZE
SBB,LATEST,income_statement,value,870373426487.0,ACTUAL,VNSTOCK_BRONZE
SBB,LATEST,income_statement,order,4.0,ACTUAL,VNSTOCK_BRONZE
SBB,LATEST,income_statement,level,1.0,ACTUAL,VNSTOCK_BRONZE
SBB,LATEST,income_statement,value,-747849041755.0,ACTUAL,VNSTOCK_BRONZE
SBB,LATEST,income_statement,order,5.0,ACTUAL,VNSTOCK_BRONZE
SBB,LATEST,income_statement,level,1.0,ACTUAL,VNSTOCK_BRONZE
SBB,LATEST,income_statement,value,122524384732.0,ACTUAL,VNSTOCK_BRONZE
SBB,LATEST,income_statement,order,6.0,ACTUAL,VNSTOCK_BRONZE
SBB,LATEST,income_statement,level,1.0,ACTUAL,VNSTOCK_BRONZE
SBB,LATEST,income_statement,value,7703482432.0,ACTUAL,VNSTOCK_BRONZE
SBB,LATEST,income_statement,order,7.0,ACTUAL,VNSTOCK_BRONZE
SBB,LATEST,income_statement,level,1.0,ACTUAL,VNSTOCK_BRONZE
SBB,LATEST,income_statement,value,-2091923208.0,ACTUAL,VNSTOCK_BRONZE
SBB,LATEST,income_statement,order,8.0,ACTUAL,VNSTOCK_BRONZE
SBB,LATEST,income_statement,level,2.0,ACTUAL,VNSTOCK_BRONZE
SBB,LATEST,income_statement,value,-2073745293.0,ACTUAL,VNSTOCK_BRONZE
SBB,LATEST,income_statement,order,9.0,ACTUAL,VNSTOCK_BRONZE
SBB,LATEST,income_statement,level,1.0,ACTUAL,VNSTOCK_BRONZE
SBB,LATEST,income_statement,value,0.0,ACTUAL,VNSTOCK_BRONZE
SBB,LATEST,income_statement,order,10.0,ACTUAL,VNSTOCK_BRONZE
SBB,LATEST,income_statement,level,1.0,ACTUAL,VNSTOCK_BRONZE
SBB,LATEST,income_statement,value,-2086990957.0,ACTUAL,VNSTOCK_BRONZE
SBB,LATEST,income_statement,order,11.0,ACTUAL,VNSTOCK_BRONZE
SBB,LATEST,income_statement,level,1.0,ACTUAL,VNSTOCK_BRONZE
SBB,LATEST,income_statement,value,-33105780382.0,ACTUAL,VNSTOCK_BRONZE
SBB,LATEST,income_statement,order,12.0,ACTUAL,VNSTOCK_BRONZE
SBB,LATEST,income_statement,level,1.0,ACTUAL,VNSTOCK_BRONZE
SBB,LATEST,income_statement,value,92943172617.0,ACTUAL,VNSTOCK_BRONZE
SBB,LATEST,income_statement,order,13.0,ACTUAL,VNSTOCK_BRONZE
SBB,LATEST,income_statement,level,1.0,ACTUAL,VNSTOCK_BRONZE
SBB,LATEST,income_statement,value,-14879202534.0,ACTUAL,VNSTOCK_BRONZE
SBB,LATEST,income_statement,order,14.0,ACTUAL,VNSTOCK_BRONZE
SBB,LATEST,income_statement,level,2.0,ACTUAL,VNSTOCK_BRONZE
SBB,LATEST,income_statement,value,1191940683.0,ACTUAL,VNSTOCK_BRONZE
SBB,LATEST,income_statement,order,15.0,ACTUAL,VNSTOCK_BRONZE
SBB,LATEST,income_statement,level,2.0,ACTUAL,VNSTOCK_BRONZE
SBB,LATEST,income_statement,value,-16071143217.0,ACTUAL,VNSTOCK_BRONZE
SBB,LATEST,income_statement,order,16.0,ACTUAL,VNSTOCK_BRONZE
SBB,LATEST,income_statement,level,1.0,ACTUAL,VNSTOCK_BRONZE
SBB,LATEST,income_statement,value,0.0,ACTUAL,VNSTOCK_BRONZE
SBB,LATEST,income_statement,order,17.0,ACTUAL,VNSTOCK_BRONZE
SBB,LATEST,income_statement,level,1.0,ACTUAL,VNSTOCK_BRONZE
SBB,LATEST,income_statement,value,78063970083.0,ACTUAL,VNSTOCK_BRONZE
SBB,LATEST,income_statement,order,18.0,ACTUAL,VNSTOCK_BRONZE
SBB,LATEST,income_statement,level,1.0,ACTUAL,VNSTOCK_BRONZE
SBB,LATEST,income_statement,value,-4106965914.0,ACTUAL,VNSTOCK_BRONZE
SBB,LATEST,income_statement,order,19.0,ACTUAL,VNSTOCK_BRONZE
SBB,LATEST,income_statement,level,2.0,ACTUAL,VNSTOCK_BRONZE
SBB,LATEST,income_statement,value,-3994608717.0,ACTUAL,VNSTOCK_BRONZE
SBB,LATEST,income_statement,order,20.0,ACTUAL,VNSTOCK_BRONZE
SBB,LATEST,income_statement,level,2.0,ACTUAL,VNSTOCK_BRONZE
SBB,LATEST,income_statement,value,-112357197.0,ACTUAL,VNSTOCK_BRONZE
SBB,LATEST,income_statement,order,21.0,ACTUAL,VNSTOCK_BRONZE
SBB,LATEST,income_statement,level,1.0,ACTUAL,VNSTOCK_BRONZE
SBB,LATEST,income_statement,value,73957004169.0,ACTUAL,VNSTOCK_BRONZE
SBB,LATEST,income_statement,order,22.0,ACTUAL,VNSTOCK_BRONZE
SBB,LATEST,income_statement,level,1.0,ACTUAL,VNSTOCK_BRONZE
SBB,LATEST,income_statement,value,0.0,ACTUAL,VNSTOCK_BRONZE
SBB,LATEST,income_statement,order,23.0,ACTUAL,VNSTOCK_BRONZE
SBB,LATEST,income_statement,level,1.0,ACTUAL,VNSTOCK_BRONZE
SBB,LATEST,income_statement,value,73957004169.0,ACTUAL,VNSTOCK_BRONZE
SBB,LATEST,income_statement,order,24.0,ACTUAL,VNSTOCK_BRONZE
SBB,LATEST,income_statement,level,1.0,ACTUAL,VNSTOCK_BRONZE
SBB,LATEST,income_statement,value,978.0,ACTUAL,VNSTOCK_BRONZE
SBB,LATEST,income_statement,order,25.0,ACTUAL,VNSTOCK_BRONZE
SBB,LATEST,income_statement,level,1.0,ACTUAL,VNSTOCK_BRONZE
SBB,LATEST,income_statement,value,0.0,ACTUAL,VNSTOCK_BRONZE
SBB,LATEST,income_statement,order,1.0,ACTUAL,VNSTOCK_BRONZE
SBB,LATEST,income_statement,level,1.0,ACTUAL,VNSTOCK_BRONZE
SBB,LATEST,income_statement,value,744803518106.0,ACTUAL,VNSTOCK_BRONZE
SBB,LATEST,income_statement,order,2.0,ACTUAL,VNSTOCK_BRONZE
SBB,LATEST,income_statement,level,1.0,ACTUAL,VNSTOCK_BRONZE
SBB,LATEST,income_statement,value,-0.0,ACTUAL,VNSTOCK_BRONZE
SBB,LATEST,income_statement,order,3.0,ACTUAL,VNSTOCK_BRONZE
SBB,LATEST,income_statement,level,1.0,ACTUAL,VNSTOCK_BRONZE
SBB,LATEST,income_statement,value,744803518106.0,ACTUAL,VNSTOCK_BRONZE
SBB,LATEST,income_statement,order,4.0,ACTUAL,VNSTOCK_BRONZE
SBB,LATEST,income_statement,level,1.0,ACTUAL,VNSTOCK_BRONZE
SBB,LATEST,income_statement,value,-659020105181.0,ACTUAL,VNSTOCK_BRONZE
SBB,LATEST,income_statement,order,5.0,ACTUAL,VNSTOCK_BRONZE
SBB,LATEST,income_statement,level,1.0,ACTUAL,VNSTOCK_BRONZE
SBB,LATEST,income_statement,value,85783412925.0,ACTUAL,VNSTOCK_BRONZE
SBB,LATEST,income_statement,order,6.0,ACTUAL,VNSTOCK_BRONZE
SBB,LATEST,income_statement,level,1.0,ACTUAL,VNSTOCK_BRONZE
SBB,LATEST,income_statement,value,2519122875.0,ACTUAL,VNSTOCK_BRONZE
SBB,LATEST,income_statement,order,7.0,ACTUAL,VNSTOCK_BRONZE
SBB,LATEST,income_statement,level,1.0,ACTUAL,VNSTOCK_BRONZE
SBB,LATEST,income_statement,value,-2464920367.0,ACTUAL,VNSTOCK_BRONZE
SBB,LATEST,income_statement,order,8.0,ACTUAL,VNSTOCK_BRONZE
SBB,LATEST,income_statement,level,2.0,ACTUAL,VNSTOCK_BRONZE
SBB,LATEST,income_statement,value,-2464781056.0,ACTUAL,VNSTOCK_BRONZE
SBB,LATEST,income_statement,order,9.0,ACTUAL,VNSTOCK_BRONZE
SBB,LATEST,income_statement,level,1.0,ACTUAL,VNSTOCK_BRONZE
SBB,LATEST,income_statement,value,0.0,ACTUAL,VNSTOCK_BRONZE
SBB,LATEST,income_statement,order,10.0,ACTUAL,VNSTOCK_BRONZE
SBB,LATEST,income_statement,level,1.0,ACTUAL,VNSTOCK_BRONZE
SBB,LATEST,income_statement,value,-2424101893.0,ACTUAL,VNSTOCK_BRONZE
SBB,LATEST,income_statement,order,11.0,ACTUAL,VNSTOCK_BRONZE
SBB,LATEST,income_statement,level,1.0,ACTUAL,VNSTOCK_BRONZE
SBB,LATEST,income_statement,value,-11761111732.0,ACTUAL,VNSTOCK_BRONZE
SBB,LATEST,income_statement,order,12.0,ACTUAL,VNSTOCK_BRONZE
SBB,LATEST,income_statement,level,1.0,ACTUAL,VNSTOCK_BRONZE
SBB,LATEST,income_statement,value,71652401808.0,ACTUAL,VNSTOCK_BRONZE
SBB,LATEST,income_statement,order,13.0,ACTUAL,VNSTOCK_BRONZE
SBB,LATEST,income_statement,level,1.0,ACTUAL,VNSTOCK_BRONZE
SBB,LATEST,income_statement,value,-718285574.0,ACTUAL,VNSTOCK_BRONZE
SBB,LATEST,income_statement,order,14.0,ACTUAL,VNSTOCK_BRONZE
SBB,LATEST,income_statement,level,2.0,ACTUAL,VNSTOCK_BRONZE
SBB,LATEST,income_statement,value,71953484.0,ACTUAL,VNSTOCK_BRONZE
SBB,LATEST,income_statement,order,15.0,ACTUAL,VNSTOCK_BRONZE
SBB,LATEST,income_statement,level,2.0,ACTUAL,VNSTOCK_BRONZE
SBB,LATEST,income_statement,value,-790239058.0,ACTUAL,VNSTOCK_BRONZE
SBB,LATEST,income_statement,order,16.0,ACTUAL,VNSTOCK_BRONZE
SBB,LATEST,income_statement,level,1.0,ACTUAL,VNSTOCK_BRONZE
SBB,LATEST,income_statement,value,0.0,ACTUAL,VNSTOCK_BRONZE
SBB,LATEST,income_statement,order,17.0,ACTUAL,VNSTOCK_BRONZE
SBB,LATEST,income_statement,level,1.0,ACTUAL,VNSTOCK_BRONZE
SBB,LATEST,income_statement,value,70934116234.0,ACTUAL,VNSTOCK_BRONZE
SBB,LATEST,income_statement,order,18.0,ACTUAL,VNSTOCK_BRONZE
SBB,LATEST,income_statement,level,1.0,ACTUAL,VNSTOCK_BRONZE
SBB,LATEST,income_statement,value,-4742894522.0,ACTUAL,VNSTOCK_BRONZE
SBB,LATEST,income_statement,order,19.0,ACTUAL,VNSTOCK_BRONZE
SBB,LATEST,income_statement,level,2.0,ACTUAL,VNSTOCK_BRONZE
SBB,LATEST,income_statement,value,-5193489006.0,ACTUAL,VNSTOCK_BRONZE
SBB,LATEST,income_statement,order,20.0,ACTUAL,VNSTOCK_BRONZE
SBB,LATEST,income_statement,level,2.0,ACTUAL,VNSTOCK_BRONZE
SBB,LATEST,income_statement,value,450594484.0,ACTUAL,VNSTOCK_BRONZE
SBB,LATEST,income_statement,order,21.0,ACTUAL,VNSTOCK_BRONZE
SBB,LATEST,income_statement,level,1.0,ACTUAL,VNSTOCK_BRONZE
SBB,LATEST,income_statement,value,66191221712.0,ACTUAL,VNSTOCK_BRONZE
SBB,LATEST,income_statement,order,22.0,ACTUAL,VNSTOCK_BRONZE
SBB,LATEST,income_statement,level,1.0,ACTUAL,VNSTOCK_BRONZE
SBB,LATEST,income_statement,value,0.0,ACTUAL,VNSTOCK_BRONZE
SBB,LATEST,income_statement,order,23.0,ACTUAL,VNSTOCK_BRONZE
SBB,LATEST,income_statement,level,1.0,ACTUAL,VNSTOCK_BRONZE
SBB,LATEST,income_statement,value,66191221712.0,ACTUAL,VNSTOCK_BRONZE
SBB,LATEST,income_statement,order,24.0,ACTUAL,VNSTOCK_BRONZE
SBB,LATEST,income_statement,level,1.0,ACTUAL,VNSTOCK_BRONZE
SBB,LATEST,income_statement,value,735.0,ACTUAL,VNSTOCK_BRONZE
SBB,LATEST,income_statement,order,25.0,ACTUAL,VNSTOCK_BRONZE
SBB,LATEST,income_statement,level,1.0,ACTUAL,VNSTOCK_BRONZE
SBB,LATEST,income_statement,value,0.0,ACTUAL,VNSTOCK_BRONZE
SBB,LATEST,income_statement,order,1.0,ACTUAL,VNSTOCK_BRONZE
SBB,LATEST,income_statement,level,1.0,ACTUAL,VNSTOCK_BRONZE
SBB,LATEST,income_statement,value,883903366159.0,ACTUAL,VNSTOCK_BRONZE
SBB,LATEST,income_statement,order,2.0,ACTUAL,VNSTOCK_BRONZE
SBB,LATEST,income_statement,level,1.0,ACTUAL,VNSTOCK_BRONZE
SBB,LATEST,income_statement,value,-0.0,ACTUAL,VNSTOCK_BRONZE
SBB,LATEST,income_statement,order,3.0,ACTUAL,VNSTOCK_BRONZE
SBB,LATEST,income_statement,level,1.0,ACTUAL,VNSTOCK_BRONZE
SBB,LATEST,income_statement,value,883903366159.0,ACTUAL,VNSTOCK_BRONZE
SBB,LATEST,income_statement,order,4.0,ACTUAL,VNSTOCK_BRONZE
SBB,LATEST,income_statement,level,1.0,ACTUAL,VNSTOCK_BRONZE
SBB,LATEST,income_statement,value,-840755105249.0,ACTUAL,VNSTOCK_BRONZE
SBB,LATEST,income_statement,order,5.0,ACTUAL,VNSTOCK_BRONZE
SBB,LATEST,income_statement,level,1.0,ACTUAL,VNSTOCK_BRONZE
SBB,LATEST,income_statement,value,43148260910.0,ACTUAL,VNSTOCK_BRONZE
SBB,LATEST,income_statement,order,6.0,ACTUAL,VNSTOCK_BRONZE
SBB,LATEST,income_statement,level,1.0,ACTUAL,VNSTOCK_BRONZE
SBB,LATEST,income_statement,value,6324974429.0,ACTUAL,VNSTOCK_BRONZE
SBB,LATEST,income_statement,order,7.0,ACTUAL,VNSTOCK_BRONZE
SBB,LATEST,income_statement,level,1.0,ACTUAL,VNSTOCK_BRONZE
SBB,LATEST,income_statement,value,-3682287730.0,ACTUAL,VNSTOCK_BRONZE
SBB,LATEST,income_statement,order,8.0,ACTUAL,VNSTOCK_BRONZE
SBB,LATEST,income_statement,level,2.0,ACTUAL,VNSTOCK_BRONZE
SBB,LATEST,income_statement,value,-3678806156.0,ACTUAL,VNSTOCK_BRONZE
SBB,LATEST,income_statement,order,9.0,ACTUAL,VNSTOCK_BRONZE
SBB,LATEST,income_statement,level,1.0,ACTUAL,VNSTOCK_BRONZE
SBB,LATEST,income_statement,value,6326991170.0,ACTUAL,VNSTOCK_BRONZE
SBB,LATEST,income_statement,order,10.0,ACTUAL,VNSTOCK_BRONZE
SBB,LATEST,income_statement,level,1.0,ACTUAL,VNSTOCK_BRONZE
SBB,LATEST,income_statement,value,-3810168743.0,ACTUAL,VNSTOCK_BRONZE
SBB,LATEST,income_statement,order,11.0,ACTUAL,VNSTOCK_BRONZE
SBB,LATEST,income_statement,level,1.0,ACTUAL,VNSTOCK_BRONZE
SBB,LATEST,income_statement,value,-12987994619.0,ACTUAL,VNSTOCK_BRONZE
SBB,LATEST,income_statement,order,12.0,ACTUAL,VNSTOCK_BRONZE
SBB,LATEST,income_statement,level,1.0,ACTUAL,VNSTOCK_BRONZE
SBB,LATEST,income_statement,value,35319775417.0,ACTUAL,VNSTOCK_BRONZE
SBB,LATEST,income_statement,order,13.0,ACTUAL,VNSTOCK_BRONZE
SBB,LATEST,income_statement,level,1.0,ACTUAL,VNSTOCK_BRONZE
SBB,LATEST,income_statement,value,-937770888.0,ACTUAL,VNSTOCK_BRONZE
SBB,LATEST,income_statement,order,14.0,ACTUAL,VNSTOCK_BRONZE
SBB,LATEST,income_statement,level,2.0,ACTUAL,VNSTOCK_BRONZE
SBB,LATEST,income_statement,value,239149909.0,ACTUAL,VNSTOCK_BRONZE
SBB,LATEST,income_statement,order,15.0,ACTUAL,VNSTOCK_BRONZE
SBB,LATEST,income_statement,level,2.0,ACTUAL,VNSTOCK_BRONZE
SBB,LATEST,income_statement,value,-1176920797.0,ACTUAL,VNSTOCK_BRONZE
SBB,LATEST,income_statement,order,16.0,ACTUAL,VNSTOCK_BRONZE
SBB,LATEST,income_statement,level,1.0,ACTUAL,VNSTOCK_BRONZE
SBB,LATEST,income_statement,value,0.0,ACTUAL,VNSTOCK_BRONZE
SBB,LATEST,income_statement,order,17.0,ACTUAL,VNSTOCK_BRONZE
SBB,LATEST,income_statement,level,1.0,ACTUAL,VNSTOCK_BRONZE
SBB,LATEST,income_statement,value,34382004529.0,ACTUAL,VNSTOCK_BRONZE
SBB,LATEST,income_statement,order,18.0,ACTUAL,VNSTOCK_BRONZE
SBB,LATEST,income_statement,level,1.0,ACTUAL,VNSTOCK_BRONZE
SBB,LATEST,income_statement,value,-4191460592.0,ACTUAL,VNSTOCK_BRONZE
SBB,LATEST,income_statement,order,19.0,ACTUAL,VNSTOCK_BRONZE
SBB,LATEST,income_statement,level,2.0,ACTUAL,VNSTOCK_BRONZE
SBB,LATEST,income_statement,value,-4191460592.0,ACTUAL,VNSTOCK_BRONZE
SBB,LATEST,income_statement,order,20.0,ACTUAL,VNSTOCK_BRONZE
SBB,LATEST,income_statement,level,2.0,ACTUAL,VNSTOCK_BRONZE
SBB,LATEST,income_statement,value,0.0,ACTUAL,VNSTOCK_BRONZE
SBB,LATEST,income_statement,order,21.0,ACTUAL,VNSTOCK_BRONZE
SBB,LATEST,income_statement,level,1.0,ACTUAL,VNSTOCK_BRONZE
SBB,LATEST,income_statement,value,30190543937.0,ACTUAL,VNSTOCK_BRONZE
SBB,LATEST,income_statement,order,22.0,ACTUAL,VNSTOCK_BRONZE
SBB,LATEST,income_statement,level,1.0,ACTUAL,VNSTOCK_BRONZE
SBB,LATEST,income_statement,value,0.0,ACTUAL,VNSTOCK_BRONZE
SBB,LATEST,income_statement,order,23.0,ACTUAL,VNSTOCK_BRONZE
SBB,LATEST,income_statement,level,1.0,ACTUAL,VNSTOCK_BRONZE
SBB,LATEST,income_statement,value,30190543937.0,ACTUAL,VNSTOCK_BRONZE
SBB,LATEST,income_statement,order,24.0,ACTUAL,VNSTOCK_BRONZE
SBB,LATEST,income_statement,level,1.0,ACTUAL,VNSTOCK_BRONZE
SBB,LATEST,income_statement,value,290.0,ACTUAL,VNSTOCK_BRONZE
SBB,LATEST,income_statement,order,25.0,ACTUAL,VNSTOCK_BRONZE
SBB,LATEST,income_statement,level,1.0,ACTUAL,VNSTOCK_BRONZE
SBB,LATEST,income_statement,value,0.0,ACTUAL,VNSTOCK_BRONZE
SBB,LATEST,income_statement,order,1.0,ACTUAL,VNSTOCK_BRONZE
SBB,LATEST,income_statement,level,1.0,ACTUAL,VNSTOCK_BRONZE
SBB,LATEST,income_statement,value,676988543060.0,ACTUAL,VNSTOCK_BRONZE
SBB,LATEST,income_statement,order,2.0,ACTUAL,VNSTOCK_BRONZE
SBB,LATEST,income_statement,level,1.0,ACTUAL,VNSTOCK_BRONZE
SBB,LATEST,income_statement,value,-0.0,ACTUAL,VNSTOCK_BRONZE
SBB,LATEST,income_statement,order,3.0,ACTUAL,VNSTOCK_BRONZE
SBB,LATEST,income_statement,level,1.0,ACTUAL,VNSTOCK_BRONZE
SBB,LATEST,income_statement,value,676988543060.0,ACTUAL,VNSTOCK_BRONZE
SBB,LATEST,income_statement,order,4.0,ACTUAL,VNSTOCK_BRONZE
SBB,LATEST,income_statement,level,1.0,ACTUAL,VNSTOCK_BRONZE
SBB,LATEST,income_statement,value,-638853582572.0,ACTUAL,VNSTOCK_BRONZE
SBB,LATEST,income_statement,order,5.0,ACTUAL,VNSTOCK_BRONZE
SBB,LATEST,income_statement,level,1.0,ACTUAL,VNSTOCK_BRONZE
SBB,LATEST,income_statement,value,38134960488.0,ACTUAL,VNSTOCK_BRONZE
SBB,LATEST,income_statement,order,6.0,ACTUAL,VNSTOCK_BRONZE
SBB,LATEST,income_statement,level,1.0,ACTUAL,VNSTOCK_BRONZE
SBB,LATEST,income_statement,value,3148510936.0,ACTUAL,VNSTOCK_BRONZE
SBB,LATEST,income_statement,order,7.0,ACTUAL,VNSTOCK_BRONZE
SBB,LATEST,income_statement,level,1.0,ACTUAL,VNSTOCK_BRONZE
SBB,LATEST,income_statement,value,-4694444483.0,ACTUAL,VNSTOCK_BRONZE
SBB,LATEST,income_statement,order,8.0,ACTUAL,VNSTOCK_BRONZE
SBB,LATEST,income_statement,level,2.0,ACTUAL,VNSTOCK_BRONZE
SBB,LATEST,income_statement,value,-4691911641.0,ACTUAL,VNSTOCK_BRONZE
SBB,LATEST,income_statement,order,9.0,ACTUAL,VNSTOCK_BRONZE
SBB,LATEST,income_statement,level,1.0,ACTUAL,VNSTOCK_BRONZE
SBB,LATEST,income_statement,value,0.0,ACTUAL,VNSTOCK_BRONZE
SBB,LATEST,income_statement,order,10.0,ACTUAL,VNSTOCK_BRONZE
SBB,LATEST,income_statement,level,1.0,ACTUAL,VNSTOCK_BRONZE
SBB,LATEST,income_statement,value,-7390024371.0,ACTUAL,VNSTOCK_BRONZE
SBB,LATEST,income_statement,order,11.0,ACTUAL,VNSTOCK_BRONZE
SBB,LATEST,income_statement,level,1.0,ACTUAL,VNSTOCK_BRONZE
SBB,LATEST,income_statement,value,-14281279574.0,ACTUAL,VNSTOCK_BRONZE
SBB,LATEST,income_statement,order,12.0,ACTUAL,VNSTOCK_BRONZE
SBB,LATEST,income_statement,level,1.0,ACTUAL,VNSTOCK_BRONZE
SBB,LATEST,income_statement,value,14917722996.0,ACTUAL,VNSTOCK_BRONZE
SBB,LATEST,income_statement,order,13.0,ACTUAL,VNSTOCK_BRONZE
SBB,LATEST,income_statement,level,1.0,ACTUAL,VNSTOCK_BRONZE
SBB,LATEST,income_statement,value,-1458110622.0,ACTUAL,VNSTOCK_BRONZE
SBB,LATEST,income_statement,order,14.0,ACTUAL,VNSTOCK_BRONZE
SBB,LATEST,income_statement,level,2.0,ACTUAL,VNSTOCK_BRONZE
SBB,LATEST,income_statement,value,-83183909.0,ACTUAL,VNSTOCK_BRONZE
SBB,LATEST,income_statement,order,15.0,ACTUAL,VNSTOCK_BRONZE
SBB,LATEST,income_statement,level,2.0,ACTUAL,VNSTOCK_BRONZE
SBB,LATEST,income_statement,value,-1374926713.0,ACTUAL,VNSTOCK_BRONZE
SBB,LATEST,income_statement,order,16.0,ACTUAL,VNSTOCK_BRONZE
SBB,LATEST,income_statement,level,1.0,ACTUAL,VNSTOCK_BRONZE
SBB,LATEST,income_statement,value,0.0,ACTUAL,VNSTOCK_BRONZE
SBB,LATEST,income_statement,order,17.0,ACTUAL,VNSTOCK_BRONZE
SBB,LATEST,income_statement,level,1.0,ACTUAL,VNSTOCK_BRONZE
SBB,LATEST,income_statement,value,13459612374.0,ACTUAL,VNSTOCK_BRONZE
SBB,LATEST,income_statement,order,18.0,ACTUAL,VNSTOCK_BRONZE
SBB,LATEST,income_statement,level,1.0,ACTUAL,VNSTOCK_BRONZE
SBB,LATEST,income_statement,value,-1587695162.0,ACTUAL,VNSTOCK_BRONZE
SBB,LATEST,income_statement,order,19.0,ACTUAL,VNSTOCK_BRONZE
SBB,LATEST,income_statement,level,2.0,ACTUAL,VNSTOCK_BRONZE
SBB,LATEST,income_statement,value,-1587695162.0,ACTUAL,VNSTOCK_BRONZE
SBB,LATEST,income_statement,order,20.0,ACTUAL,VNSTOCK_BRONZE
SBB,LATEST,income_statement,level,2.0,ACTUAL,VNSTOCK_BRONZE
SBB,LATEST,income_statement,value,0.0,ACTUAL,VNSTOCK_BRONZE
SBB,LATEST,income_statement,order,21.0,ACTUAL,VNSTOCK_BRONZE
SBB,LATEST,income_statement,level,1.0,ACTUAL,VNSTOCK_BRONZE
SBB,LATEST,income_statement,value,11871917212.0,ACTUAL,VNSTOCK_BRONZE
SBB,LATEST,income_statement,order,22.0,ACTUAL,VNSTOCK_BRONZE
SBB,LATEST,income_statement,level,1.0,ACTUAL,VNSTOCK_BRONZE
SBB,LATEST,income_statement,value,0.0,ACTUAL,VNSTOCK_BRONZE
SBB,LATEST,income_statement,order,23.0,ACTUAL,VNSTOCK_BRONZE
SBB,LATEST,income_statement,level,1.0,ACTUAL,VNSTOCK_BRONZE
SBB,LATEST,income_statement,value,11871917212.0,ACTUAL,VNSTOCK_BRONZE
SBB,LATEST,income_statement,order,24.0,ACTUAL,VNSTOCK_BRONZE
SBB,LATEST,income_statement,level,1.0,ACTUAL,VNSTOCK_BRONZE
SBB,LATEST,income_statement,value,136.0,ACTUAL,VNSTOCK_BRONZE
SBB,LATEST,income_statement,order,25.0,ACTUAL,VNSTOCK_BRONZE
SBB,LATEST,income_statement,level,1.0,ACTUAL,VNSTOCK_BRONZE
SBB,LATEST,income_statement,value,0.0,ACTUAL,VNSTOCK_BRONZE
SBB,LATEST,income_statement,order,1.0,ACTUAL,VNSTOCK_BRONZE
SBB,LATEST,income_statement,level,1.0,ACTUAL,VNSTOCK_BRONZE
SBB,LATEST,income_statement,value,665825806048.0,ACTUAL,VNSTOCK_BRONZE
SBB,LATEST,income_statement,order,2.0,ACTUAL,VNSTOCK_BRONZE
SBB,LATEST,income_statement,level,1.0,ACTUAL,VNSTOCK_BRONZE
SBB,LATEST,income_statement,value,-0.0,ACTUAL,VNSTOCK_BRONZE
SBB,LATEST,income_statement,order,3.0,ACTUAL,VNSTOCK_BRONZE
SBB,LATEST,income_statement,level,1.0,ACTUAL,VNSTOCK_BRONZE
SBB,LATEST,income_statement,value,665825806048.0,ACTUAL,VNSTOCK_BRONZE
SBB,LATEST,income_statement,order,4.0,ACTUAL,VNSTOCK_BRONZE
SBB,LATEST,income_statement,level,1.0,ACTUAL,VNSTOCK_BRONZE
SBB,LATEST,income_statement,value,-637338887448.0,ACTUAL,VNSTOCK_BRONZE
SBB,LATEST,income_statement,order,5.0,ACTUAL,VNSTOCK_BRONZE
SBB,LATEST,income_statement,level,1.0,ACTUAL,VNSTOCK_BRONZE
SBB,LATEST,income_statement,value,28486918600.0,ACTUAL,VNSTOCK_BRONZE
SBB,LATEST,income_statement,order,6.0,ACTUAL,VNSTOCK_BRONZE
SBB,LATEST,income_statement,level,1.0,ACTUAL,VNSTOCK_BRONZE
SBB,LATEST,income_statement,value,6403091112.0,ACTUAL,VNSTOCK_BRONZE
SBB,LATEST,income_statement,order,7.0,ACTUAL,VNSTOCK_BRONZE
SBB,LATEST,income_statement,level,1.0,ACTUAL,VNSTOCK_BRONZE
SBB,LATEST,income_statement,value,-4817092900.0,ACTUAL,VNSTOCK_BRONZE
SBB,LATEST,income_statement,order,8.0,ACTUAL,VNSTOCK_BRONZE
SBB,LATEST,income_statement,level,2.0,ACTUAL,VNSTOCK_BRONZE
SBB,LATEST,income_statement,value,-4805155567.0,ACTUAL,VNSTOCK_BRONZE
SBB,LATEST,income_statement,order,9.0,ACTUAL,VNSTOCK_BRONZE
SBB,LATEST,income_statement,level,1.0,ACTUAL,VNSTOCK_BRONZE
SBB,LATEST,income_statement,value,1833765065.0,ACTUAL,VNSTOCK_BRONZE
SBB,LATEST,income_statement,order,10.0,ACTUAL,VNSTOCK_BRONZE
SBB,LATEST,income_statement,level,1.0,ACTUAL,VNSTOCK_BRONZE
SBB,LATEST,income_statement,value,-16599744885.0,ACTUAL,VNSTOCK_BRONZE
SBB,LATEST,income_statement,order,11.0,ACTUAL,VNSTOCK_BRONZE
SBB,LATEST,income_statement,level,1.0,ACTUAL,VNSTOCK_BRONZE
SBB,LATEST,income_statement,value,-71992543204.0,ACTUAL,VNSTOCK_BRONZE
SBB,LATEST,income_statement,order,12.0,ACTUAL,VNSTOCK_BRONZE
SBB,LATEST,income_statement,level,1.0,ACTUAL,VNSTOCK_BRONZE
SBB,LATEST,income_statement,value,-56685606212.0,ACTUAL,VNSTOCK_BRONZE
SBB,LATEST,income_statement,order,13.0,ACTUAL,VNSTOCK_BRONZE
SBB,LATEST,income_statement,level,1.0,ACTUAL,VNSTOCK_BRONZE
SBB,LATEST,income_statement,value,-112732336308.0,ACTUAL,VNSTOCK_BRONZE
SBB,LATEST,income_statement,order,14.0,ACTUAL,VNSTOCK_BRONZE
SBB,LATEST,income_statement,level,2.0,ACTUAL,VNSTOCK_BRONZE
SBB,LATEST,income_statement,value,5154045417.0,ACTUAL,VNSTOCK_BRONZE
SBB,LATEST,income_statement,order,15.0,ACTUAL,VNSTOCK_BRONZE
SBB,LATEST,income_statement,level,2.0,ACTUAL,VNSTOCK_BRONZE
SBB,LATEST,income_statement,value,-117886381725.0,ACTUAL,VNSTOCK_BRONZE
SBB,LATEST,income_statement,order,16.0,ACTUAL,VNSTOCK_BRONZE
SBB,LATEST,income_statement,level,1.0,ACTUAL,VNSTOCK_BRONZE
SBB,LATEST,income_statement,value,0.0,ACTUAL,VNSTOCK_BRONZE
SBB,LATEST,income_statement,order,17.0,ACTUAL,VNSTOCK_BRONZE
SBB,LATEST,income_statement,level,1.0,ACTUAL,VNSTOCK_BRONZE
SBB,LATEST,income_statement,value,-169417942520.0,ACTUAL,VNSTOCK_BRONZE
SBB,LATEST,income_statement,order,18.0,ACTUAL,VNSTOCK_BRONZE
SBB,LATEST,income_statement,level,1.0,ACTUAL,VNSTOCK_BRONZE
SBB,LATEST,income_statement,value,-39283384507.0,ACTUAL,VNSTOCK_BRONZE
SBB,LATEST,income_statement,order,19.0,ACTUAL,VNSTOCK_BRONZE
SBB,LATEST,income_statement,level,2.0,ACTUAL,VNSTOCK_BRONZE
SBB,LATEST,income_statement,value,-1910160651.0,ACTUAL,VNSTOCK_BRONZE
SBB,LATEST,income_statement,order,20.0,ACTUAL,VNSTOCK_BRONZE
SBB,LATEST,income_statement,level,2.0,ACTUAL,VNSTOCK_BRONZE
SBB,LATEST,income_statement,value,-37373223856.0,ACTUAL,VNSTOCK_BRONZE
SBB,LATEST,income_statement,order,21.0,ACTUAL,VNSTOCK_BRONZE
SBB,LATEST,income_statement,level,1.0,ACTUAL,VNSTOCK_BRONZE
SBB,LATEST,income_statement,value,-208701327027.0,ACTUAL,VNSTOCK_BRONZE
SBB,LATEST,income_statement,order,22.0,ACTUAL,VNSTOCK_BRONZE
SBB,LATEST,income_statement,level,1.0,ACTUAL,VNSTOCK_BRONZE
SBB,LATEST,income_statement,value,0.0,ACTUAL,VNSTOCK_BRONZE
SBB,LATEST,income_statement,order,23.0,ACTUAL,VNSTOCK_BRONZE
SBB,LATEST,income_statement,level,1.0,ACTUAL,VNSTOCK_BRONZE
SBB,LATEST,income_statement,value,-208701327027.0,ACTUAL,VNSTOCK_BRONZE
SBB,LATEST,income_statement,order,24.0,ACTUAL,VNSTOCK_BRONZE
SBB,LATEST,income_statement,level,1.0,ACTUAL,VNSTOCK_BRONZE
SBB,LATEST,income_statement,value,-2385.0,ACTUAL,VNSTOCK_BRONZE
SBB,LATEST,income_statement,order,25.0,ACTUAL,VNSTOCK_BRONZE
SBB,LATEST,income_statement,level,1.0,ACTUAL,VNSTOCK_BRONZE
SBB,LATEST,income_statement,value,0.0,ACTUAL,VNSTOCK_BRONZE
SBB,LATEST,income_statement,order,1.0,ACTUAL,VNSTOCK_BRONZE
SBB,LATEST,income_statement,level,1.0,ACTUAL,VNSTOCK_BRONZE
SBB,LATEST,income_statement,value,484162891880.0,ACTUAL,VNSTOCK_BRONZE
SBB,LATEST,income_statement,order,2.0,ACTUAL,VNSTOCK_BRONZE
SBB,LATEST,income_statement,level,1.0,ACTUAL,VNSTOCK_BRONZE
SBB,LATEST,income_statement,value,-0.0,ACTUAL,VNSTOCK_BRONZE
SBB,LATEST,income_statement,order,3.0,ACTUAL,VNSTOCK_BRONZE
SBB,LATEST,income_statement,level,1.0,ACTUAL,VNSTOCK_BRONZE
SBB,LATEST,income_statement,value,484162891880.0,ACTUAL,VNSTOCK_BRONZE
SBB,LATEST,income_statement,order,4.0,ACTUAL,VNSTOCK_BRONZE
SBB,LATEST,income_statement,level,1.0,ACTUAL,VNSTOCK_BRONZE
SBB,LATEST,income_statement,value,-470750597056.0,ACTUAL,VNSTOCK_BRONZE
SBB,LATEST,income_statement,order,5.0,ACTUAL,VNSTOCK_BRONZE
SBB,LATEST,income_statement,level,1.0,ACTUAL,VNSTOCK_BRONZE
SBB,LATEST,income_statement,value,13412294824.0,ACTUAL,VNSTOCK_BRONZE
SBB,LATEST,income_statement,order,6.0,ACTUAL,VNSTOCK_BRONZE
SBB,LATEST,income_statement,level,1.0,ACTUAL,VNSTOCK_BRONZE
SBB,LATEST,income_statement,value,2703069186.0,ACTUAL,VNSTOCK_BRONZE
SBB,LATEST,income_statement,order,7.0,ACTUAL,VNSTOCK_BRONZE
SBB,LATEST,income_statement,level,1.0,ACTUAL,VNSTOCK_BRONZE
SBB,LATEST,income_statement,value,-4775466102.0,ACTUAL,VNSTOCK_BRONZE
SBB,LATEST,income_statement,order,8.0,ACTUAL,VNSTOCK_BRONZE
SBB,LATEST,income_statement,level,2.0,ACTUAL,VNSTOCK_BRONZE
SBB,LATEST,income_statement,value,-4606933677.0,ACTUAL,VNSTOCK_BRONZE
SBB,LATEST,income_statement,order,9.0,ACTUAL,VNSTOCK_BRONZE
SBB,LATEST,income_statement,level,1.0,ACTUAL,VNSTOCK_BRONZE
SBB,LATEST,income_statement,value,0.0,ACTUAL,VNSTOCK_BRONZE
SBB,LATEST,income_statement,order,10.0,ACTUAL,VNSTOCK_BRONZE
SBB,LATEST,income_statement,level,1.0,ACTUAL,VNSTOCK_BRONZE
SBB,LATEST,income_statement,value,-7068585626.0,ACTUAL,VNSTOCK_BRONZE
SBB,LATEST,income_statement,order,11.0,ACTUAL,VNSTOCK_BRONZE
SBB,LATEST,income_statement,level,1.0,ACTUAL,VNSTOCK_BRONZE
SBB,LATEST,income_statement,value,-13595972713.0,ACTUAL,VNSTOCK_BRONZE
SBB,LATEST,income_statement,order,12.0,ACTUAL,VNSTOCK_BRONZE
SBB,LATEST,income_statement,level,1.0,ACTUAL,VNSTOCK_BRONZE
SBB,LATEST,income_statement,value,-9324660431.0,ACTUAL,VNSTOCK_BRONZE
SBB,LATEST,income_statement,order,13.0,ACTUAL,VNSTOCK_BRONZE
SBB,LATEST,income_statement,level,1.0,ACTUAL,VNSTOCK_BRONZE
SBB,LATEST,income_statement,value,29992749.0,ACTUAL,VNSTOCK_BRONZE
SBB,LATEST,income_statement,order,14.0,ACTUAL,VNSTOCK_BRONZE
SBB,LATEST,income_statement,level,2.0,ACTUAL,VNSTOCK_BRONZE
SBB,LATEST,income_statement,value,30000000.0,ACTUAL,VNSTOCK_BRONZE
SBB,LATEST,income_statement,order,15.0,ACTUAL,VNSTOCK_BRONZE
SBB,LATEST,income_statement,level,2.0,ACTUAL,VNSTOCK_BRONZE
SBB,LATEST,income_statement,value,-7251.0,ACTUAL,VNSTOCK_BRONZE
SBB,LATEST,income_statement,order,16.0,ACTUAL,VNSTOCK_BRONZE
SBB,LATEST,income_statement,level,1.0,ACTUAL,VNSTOCK_BRONZE
SBB,LATEST,income_statement,value,0.0,ACTUAL,VNSTOCK_BRONZE
SBB,LATEST,income_statement,order,17.0,ACTUAL,VNSTOCK_BRONZE
SBB,LATEST,income_statement,level,1.0,ACTUAL,VNSTOCK_BRONZE
SBB,LATEST,income_statement,value,-9294667682.0,ACTUAL,VNSTOCK_BRONZE
SBB,LATEST,income_statement,order,18.0,ACTUAL,VNSTOCK_BRONZE
SBB,LATEST,income_statement,level,1.0,ACTUAL,VNSTOCK_BRONZE
SBB,LATEST,income_statement,value,-725259607.0,ACTUAL,VNSTOCK_BRONZE
SBB,LATEST,income_statement,order,19.0,ACTUAL,VNSTOCK_BRONZE
SBB,LATEST,income_statement,level,2.0,ACTUAL,VNSTOCK_BRONZE
SBB,LATEST,income_statement,value,-725259607.0,ACTUAL,VNSTOCK_BRONZE
SBB,LATEST,income_statement,order,20.0,ACTUAL,VNSTOCK_BRONZE
SBB,LATEST,income_statement,level,2.0,ACTUAL,VNSTOCK_BRONZE
SBB,LATEST,income_statement,value,0.0,ACTUAL,VNSTOCK_BRONZE
SBB,LATEST,income_statement,order,21.0,ACTUAL,VNSTOCK_BRONZE
SBB,LATEST,income_statement,level,1.0,ACTUAL,VNSTOCK_BRONZE
SBB,LATEST,income_statement,value,-10019927289.0,ACTUAL,VNSTOCK_BRONZE
SBB,LATEST,income_statement,order,22.0,ACTUAL,VNSTOCK_BRONZE
SBB,LATEST,income_statement,level,1.0,ACTUAL,VNSTOCK_BRONZE
SBB,LATEST,income_statement,value,0.0,ACTUAL,VNSTOCK_BRONZE
SBB,LATEST,income_statement,order,23.0,ACTUAL,VNSTOCK_BRONZE
SBB,LATEST,income_statement,level,1.0,ACTUAL,VNSTOCK_BRONZE
SBB,LATEST,income_statement,value,-10019927289.0,ACTUAL,VNSTOCK_BRONZE
SBB,LATEST,income_statement,order,24.0,ACTUAL,VNSTOCK_BRONZE
SBB,LATEST,income_statement,level,1.0,ACTUAL,VNSTOCK_BRONZE
SBB,LATEST,income_statement,value,-114.0,ACTUAL,VNSTOCK_BRONZE
SBB,LATEST,income_statement,order,25.0,ACTUAL,VNSTOCK_BRONZE
SBB,LATEST,income_statement,level,1.0,ACTUAL,VNSTOCK_BRONZE
SBB,LATEST,income_statement,value,0.0,ACTUAL,VNSTOCK_BRONZE
SBB,LATEST,income_statement,order,1.0,ACTUAL,VNSTOCK_BRONZE
SBB,LATEST,income_statement,level,1.0,ACTUAL,VNSTOCK_BRONZE
SBB,LATEST,income_statement,value,482891575028.0,ACTUAL,VNSTOCK_BRONZE
SBB,LATEST,income_statement,order,2.0,ACTUAL,VNSTOCK_BRONZE
SBB,LATEST,income_statement,level,1.0,ACTUAL,VNSTOCK_BRONZE
SBB,LATEST,income_statement,value,-0.0,ACTUAL,VNSTOCK_BRONZE
SBB,LATEST,income_statement,order,3.0,ACTUAL,VNSTOCK_BRONZE
SBB,LATEST,income_statement,level,1.0,ACTUAL,VNSTOCK_BRONZE
SBB,LATEST,income_statement,value,482891575028.0,ACTUAL,VNSTOCK_BRONZE
SBB,LATEST,income_statement,order,4.0,ACTUAL,VNSTOCK_BRONZE
SBB,LATEST,income_statement,level,1.0,ACTUAL,VNSTOCK_BRONZE
SBB,LATEST,income_statement,value,-437015596980.0,ACTUAL,VNSTOCK_BRONZE
SBB,LATEST,income_statement,order,5.0,ACTUAL,VNSTOCK_BRONZE
SBB,LATEST,income_statement,level,1.0,ACTUAL,VNSTOCK_BRONZE
SBB,LATEST,income_statement,value,45875978048.0,ACTUAL,VNSTOCK_BRONZE
SBB,LATEST,income_statement,order,6.0,ACTUAL,VNSTOCK_BRONZE
SBB,LATEST,income_statement,level,1.0,ACTUAL,VNSTOCK_BRONZE
SBB,LATEST,income_statement,value,4082314847.0,ACTUAL,VNSTOCK_BRONZE
SBB,LATEST,income_statement,order,7.0,ACTUAL,VNSTOCK_BRONZE
SBB,LATEST,income_statement,level,1.0,ACTUAL,VNSTOCK_BRONZE
SBB,LATEST,income_statement,value,-19044486630.0,ACTUAL,VNSTOCK_BRONZE
SBB,LATEST,income_statement,order,8.0,ACTUAL,VNSTOCK_BRONZE
SBB,LATEST,income_statement,level,2.0,ACTUAL,VNSTOCK_BRONZE
SBB,LATEST,income_statement,value,-5721775698.0,ACTUAL,VNSTOCK_BRONZE
SBB,LATEST,income_statement,order,9.0,ACTUAL,VNSTOCK_BRONZE
SBB,LATEST,income_statement,level,1.0,ACTUAL,VNSTOCK_BRONZE
SBB,LATEST,income_statement,value,3888349011.0,ACTUAL,VNSTOCK_BRONZE
SBB,LATEST,income_statement,order,10.0,ACTUAL,VNSTOCK_BRONZE
SBB,LATEST,income_statement,level,1.0,ACTUAL,VNSTOCK_BRONZE
SBB,LATEST,income_statement,value,-7788270675.0,ACTUAL,VNSTOCK_BRONZE
SBB,LATEST,income_statement,order,11.0,ACTUAL,VNSTOCK_BRONZE
SBB,LATEST,income_statement,level,1.0,ACTUAL,VNSTOCK_BRONZE
SBB,LATEST,income_statement,value,-82169388959.0,ACTUAL,VNSTOCK_BRONZE
SBB,LATEST,income_statement,order,12.0,ACTUAL,VNSTOCK_BRONZE
SBB,LATEST,income_statement,level,1.0,ACTUAL,VNSTOCK_BRONZE
SBB,LATEST,income_statement,value,-55155504358.0,ACTUAL,VNSTOCK_BRONZE
SBB,LATEST,income_statement,order,13.0,ACTUAL,VNSTOCK_BRONZE
SBB,LATEST,income_statement,level,1.0,ACTUAL,VNSTOCK_BRONZE
SBB,LATEST,income_statement,value,442705198.0,ACTUAL,VNSTOCK_BRONZE
SBB,LATEST,income_statement,order,14.0,ACTUAL,VNSTOCK_BRONZE
SBB,LATEST,income_statement,level,2.0,ACTUAL,VNSTOCK_BRONZE
SBB,LATEST,income_statement,value,672054103.0,ACTUAL,VNSTOCK_BRONZE
SBB,LATEST,income_statement,order,15.0,ACTUAL,VNSTOCK_BRONZE
SBB,LATEST,income_statement,level,2.0,ACTUAL,VNSTOCK_BRONZE
SBB,LATEST,income_statement,value,-229348905.0,ACTUAL,VNSTOCK_BRONZE
SBB,LATEST,income_statement,order,16.0,ACTUAL,VNSTOCK_BRONZE
SBB,LATEST,income_statement,level,1.0,ACTUAL,VNSTOCK_BRONZE
SBB,LATEST,income_statement,value,0.0,ACTUAL,VNSTOCK_BRONZE
SBB,LATEST,income_statement,order,17.0,ACTUAL,VNSTOCK_BRONZE
SBB,LATEST,income_statement,level,1.0,ACTUAL,VNSTOCK_BRONZE
SBB,LATEST,income_statement,value,-54712799160.0,ACTUAL,VNSTOCK_BRONZE
SBB,LATEST,income_statement,order,18.0,ACTUAL,VNSTOCK_BRONZE
SBB,LATEST,income_statement,level,1.0,ACTUAL,VNSTOCK_BRONZE
SBB,LATEST,income_statement,value,-16480417141.0,ACTUAL,VNSTOCK_BRONZE
SBB,LATEST,income_statement,order,19.0,ACTUAL,VNSTOCK_BRONZE
SBB,LATEST,income_statement,level,2.0,ACTUAL,VNSTOCK_BRONZE
SBB,LATEST,income_statement,value,-244548121.0,ACTUAL,VNSTOCK_BRONZE
SBB,LATEST,income_statement,order,20.0,ACTUAL,VNSTOCK_BRONZE
SBB,LATEST,income_statement,level,2.0,ACTUAL,VNSTOCK_BRONZE
SBB,LATEST,income_statement,value,-16235869020.0,ACTUAL,VNSTOCK_BRONZE
SBB,LATEST,income_statement,order,21.0,ACTUAL,VNSTOCK_BRONZE
SBB,LATEST,income_statement,level,1.0,ACTUAL,VNSTOCK_BRONZE
SBB,LATEST,income_statement,value,-71193216301.0,ACTUAL,VNSTOCK_BRONZE
SBB,LATEST,income_statement,order,22.0,ACTUAL,VNSTOCK_BRONZE
SBB,LATEST,income_statement,level,1.0,ACTUAL,VNSTOCK_BRONZE
SBB,LATEST,income_statement,value,0.0,ACTUAL,VNSTOCK_BRONZE
SBB,LATEST,income_statement,order,23.0,ACTUAL,VNSTOCK_BRONZE
SBB,LATEST,income_statement,level,1.0,ACTUAL,VNSTOCK_BRONZE
SBB,LATEST,income_statement,value,-71193216301.0,ACTUAL,VNSTOCK_BRONZE
SBB,LATEST,income_statement,order,24.0,ACTUAL,VNSTOCK_BRONZE
SBB,LATEST,income_statement,level,1.0,ACTUAL,VNSTOCK_BRONZE
SBB,LATEST,income_statement,value,-814.0,ACTUAL,VNSTOCK_BRONZE
SBB,LATEST,income_statement,order,25.0,ACTUAL,VNSTOCK_BRONZE
SBB,LATEST,income_statement,level,1.0,ACTUAL,VNSTOCK_BRONZE
SBB,LATEST,income_statement,value,0.0,ACTUAL,VNSTOCK_BRONZE
SBB,LATEST,income_statement,order,1.0,ACTUAL,VNSTOCK_BRONZE
SBB,LATEST,income_statement,level,1.0,ACTUAL,VNSTOCK_BRONZE
SBB,LATEST,income_statement,value,547427298326.0,ACTUAL,VNSTOCK_BRONZE
SBB,LATEST,income_statement,order,2.0,ACTUAL,VNSTOCK_BRONZE
SBB,LATEST,income_statement,level,1.0,ACTUAL,VNSTOCK_BRONZE
SBB,LATEST,income_statement,value,-0.0,ACTUAL,VNSTOCK_BRONZE
SBB,LATEST,income_statement,order,3.0,ACTUAL,VNSTOCK_BRONZE
SBB,LATEST,income_statement,level,1.0,ACTUAL,VNSTOCK_BRONZE
SBB,LATEST,income_statement,value,547427298326.0,ACTUAL,VNSTOCK_BRONZE
SBB,LATEST,income_statement,order,4.0,ACTUAL,VNSTOCK_BRONZE
SBB,LATEST,income_statement,level,1.0,ACTUAL,VNSTOCK_BRONZE
SBB,LATEST,income_statement,value,-527962537545.0,ACTUAL,VNSTOCK_BRONZE
SBB,LATEST,income_statement,order,5.0,ACTUAL,VNSTOCK_BRONZE
SBB,LATEST,income_statement,level,1.0,ACTUAL,VNSTOCK_BRONZE
SBB,LATEST,income_statement,value,19464760781.0,ACTUAL,VNSTOCK_BRONZE
SBB,LATEST,income_statement,order,6.0,ACTUAL,VNSTOCK_BRONZE
SBB,LATEST,income_statement,level,1.0,ACTUAL,VNSTOCK_BRONZE
SBB,LATEST,income_statement,value,3341615563.0,ACTUAL,VNSTOCK_BRONZE
SBB,LATEST,income_statement,order,7.0,ACTUAL,VNSTOCK_BRONZE
SBB,LATEST,income_statement,level,1.0,ACTUAL,VNSTOCK_BRONZE
SBB,LATEST,income_statement,value,-7558671086.0,ACTUAL,VNSTOCK_BRONZE
SBB,LATEST,income_statement,order,8.0,ACTUAL,VNSTOCK_BRONZE
SBB,LATEST,income_statement,level,2.0,ACTUAL,VNSTOCK_BRONZE
SBB,LATEST,income_statement,value,-5717161458.0,ACTUAL,VNSTOCK_BRONZE
SBB,LATEST,income_statement,order,9.0,ACTUAL,VNSTOCK_BRONZE
SBB,LATEST,income_statement,level,1.0,ACTUAL,VNSTOCK_BRONZE
SBB,LATEST,income_statement,value,-28864719597.0,ACTUAL,VNSTOCK_BRONZE
SBB,LATEST,income_statement,order,10.0,ACTUAL,VNSTOCK_BRONZE
SBB,LATEST,income_statement,level,1.0,ACTUAL,VNSTOCK_BRONZE
SBB,LATEST,income_statement,value,-8658012900.0,ACTUAL,VNSTOCK_BRONZE
SBB,LATEST,income_statement,order,11.0,ACTUAL,VNSTOCK_BRONZE
SBB,LATEST,income_statement,level,1.0,ACTUAL,VNSTOCK_BRONZE
SBB,LATEST,income_statement,value,-12190345426.0,ACTUAL,VNSTOCK_BRONZE
SBB,LATEST,income_statement,order,12.0,ACTUAL,VNSTOCK_BRONZE
SBB,LATEST,income_statement,level,1.0,ACTUAL,VNSTOCK_BRONZE
SBB,LATEST,income_statement,value,-19348030493.0,ACTUAL,VNSTOCK_BRONZE
SBB,LATEST,income_statement,order,13.0,ACTUAL,VNSTOCK_BRONZE
SBB,LATEST,income_statement,level,1.0,ACTUAL,VNSTOCK_BRONZE
SBB,LATEST,income_statement,value,36490228.0,ACTUAL,VNSTOCK_BRONZE
SBB,LATEST,income_statement,order,14.0,ACTUAL,VNSTOCK_BRONZE
SBB,LATEST,income_statement,level,2.0,ACTUAL,VNSTOCK_BRONZE
SBB,LATEST,income_statement,value,38900400.0,ACTUAL,VNSTOCK_BRONZE
SBB,LATEST,income_statement,order,15.0,ACTUAL,VNSTOCK_BRONZE
SBB,LATEST,income_statement,level,2.0,ACTUAL,VNSTOCK_BRONZE
SBB,LATEST,income_statement,value,-2410172.0,ACTUAL,VNSTOCK_BRONZE
SBB,LATEST,income_statement,order,16.0,ACTUAL,VNSTOCK_BRONZE
SBB,LATEST,income_statement,level,1.0,ACTUAL,VNSTOCK_BRONZE
SBB,LATEST,income_statement,value,0.0,ACTUAL,VNSTOCK_BRONZE
SBB,LATEST,income_statement,order,17.0,ACTUAL,VNSTOCK_BRONZE
SBB,LATEST,income_statement,level,1.0,ACTUAL,VNSTOCK_BRONZE
SBB,LATEST,income_statement,value,-19311540265.0,ACTUAL,VNSTOCK_BRONZE
SBB,LATEST,income_statement,order,18.0,ACTUAL,VNSTOCK_BRONZE
SBB,LATEST,income_statement,level,1.0,ACTUAL,VNSTOCK_BRONZE
SBB,LATEST,income_statement,value,-2474404254.0,ACTUAL,VNSTOCK_BRONZE
SBB,LATEST,income_statement,order,19.0,ACTUAL,VNSTOCK_BRONZE
SBB,LATEST,income_statement,level,2.0,ACTUAL,VNSTOCK_BRONZE
SBB,LATEST,income_statement,value,-189739536.0,ACTUAL,VNSTOCK_BRONZE
SBB,LATEST,income_statement,order,20.0,ACTUAL,VNSTOCK_BRONZE
SBB,LATEST,income_statement,level,2.0,ACTUAL,VNSTOCK_BRONZE
SBB,LATEST,income_statement,value,2664143790.0,ACTUAL,VNSTOCK_BRONZE
SBB,LATEST,income_statement,order,21.0,ACTUAL,VNSTOCK_BRONZE
SBB,LATEST,income_statement,level,1.0,ACTUAL,VNSTOCK_BRONZE
SBB,LATEST,income_statement,value,-16837136011.0,ACTUAL,VNSTOCK_BRONZE
SBB,LATEST,income_statement,order,22.0,ACTUAL,VNSTOCK_BRONZE
SBB,LATEST,income_statement,level,1.0,ACTUAL,VNSTOCK_BRONZE
SBB,LATEST,income_statement,value,0.0,ACTUAL,VNSTOCK_BRONZE
SBB,LATEST,income_statement,order,23.0,ACTUAL,VNSTOCK_BRONZE
SBB,LATEST,income_statement,level,1.0,ACTUAL,VNSTOCK_BRONZE
SBB,LATEST,income_statement,value,-16837136011.0,ACTUAL,VNSTOCK_BRONZE
SBB,LATEST,income_statement,order,24.0,ACTUAL,VNSTOCK_BRONZE
SBB,LATEST,income_statement,level,1.0,ACTUAL,VNSTOCK_BRONZE
SBB,LATEST,income_statement,value,-192.0,ACTUAL,VNSTOCK_BRONZE
SBB,LATEST,income_statement,order,25.0,ACTUAL,VNSTOCK_BRONZE
SBB,LATEST,income_statement,level,1.0,ACTUAL,VNSTOCK_BRONZE
SBB,LATEST,income_statement,value,0.0,ACTUAL,VNSTOCK_BRONZE
SBB,LATEST,income_statement,order,1.0,ACTUAL,VNSTOCK_BRONZE
SBB,LATEST,income_statement,level,1.0,ACTUAL,VNSTOCK_BRONZE
SBB,LATEST,income_statement,value,584088087587.0,ACTUAL,VNSTOCK_BRONZE
SBB,LATEST,income_statement,order,2.0,ACTUAL,VNSTOCK_BRONZE
SBB,LATEST,income_statement,level,1.0,ACTUAL,VNSTOCK_BRONZE
SBB,LATEST,income_statement,value,-0.0,ACTUAL,VNSTOCK_BRONZE
SBB,LATEST,income_statement,order,3.0,ACTUAL,VNSTOCK_BRONZE
SBB,LATEST,income_statement,level,1.0,ACTUAL,VNSTOCK_BRONZE
SBB,LATEST,income_statement,value,584088087587.0,ACTUAL,VNSTOCK_BRONZE
SBB,LATEST,income_statement,order,4.0,ACTUAL,VNSTOCK_BRONZE
SBB,LATEST,income_statement,level,1.0,ACTUAL,VNSTOCK_BRONZE
SBB,LATEST,income_statement,value,-589990334524.0,ACTUAL,VNSTOCK_BRONZE
SBB,LATEST,income_statement,order,5.0,ACTUAL,VNSTOCK_BRONZE
SBB,LATEST,income_statement,level,1.0,ACTUAL,VNSTOCK_BRONZE
SBB,LATEST,income_statement,value,-5902246937.0,ACTUAL,VNSTOCK_BRONZE
SBB,LATEST,income_statement,order,6.0,ACTUAL,VNSTOCK_BRONZE
SBB,LATEST,income_statement,level,1.0,ACTUAL,VNSTOCK_BRONZE
SBB,LATEST,income_statement,value,4462266772.0,ACTUAL,VNSTOCK_BRONZE
SBB,LATEST,income_statement,order,7.0,ACTUAL,VNSTOCK_BRONZE
SBB,LATEST,income_statement,level,1.0,ACTUAL,VNSTOCK_BRONZE
SBB,LATEST,income_statement,value,-8910291688.0,ACTUAL,VNSTOCK_BRONZE
SBB,LATEST,income_statement,order,8.0,ACTUAL,VNSTOCK_BRONZE
SBB,LATEST,income_statement,level,2.0,ACTUAL,VNSTOCK_BRONZE
SBB,LATEST,income_statement,value,-8858596801.0,ACTUAL,VNSTOCK_BRONZE
SBB,LATEST,income_statement,order,9.0,ACTUAL,VNSTOCK_BRONZE
SBB,LATEST,income_statement,level,1.0,ACTUAL,VNSTOCK_BRONZE
SBB,LATEST,income_statement,value,13598796350.0,ACTUAL,VNSTOCK_BRONZE
SBB,LATEST,income_statement,order,10.0,ACTUAL,VNSTOCK_BRONZE
SBB,LATEST,income_statement,level,1.0,ACTUAL,VNSTOCK_BRONZE
SBB,LATEST,income_statement,value,-8238692220.0,ACTUAL,VNSTOCK_BRONZE
SBB,LATEST,income_statement,order,11.0,ACTUAL,VNSTOCK_BRONZE
SBB,LATEST,income_statement,level,1.0,ACTUAL,VNSTOCK_BRONZE
SBB,LATEST,income_statement,value,-55616851300.0,ACTUAL,VNSTOCK_BRONZE
SBB,LATEST,income_statement,order,12.0,ACTUAL,VNSTOCK_BRONZE
SBB,LATEST,income_statement,level,1.0,ACTUAL,VNSTOCK_BRONZE
SBB,LATEST,income_statement,value,-60607019023.0,ACTUAL,VNSTOCK_BRONZE
SBB,LATEST,income_statement,order,13.0,ACTUAL,VNSTOCK_BRONZE
SBB,LATEST,income_statement,level,1.0,ACTUAL,VNSTOCK_BRONZE
SBB,LATEST,income_statement,value,89862198.0,ACTUAL,VNSTOCK_BRONZE
SBB,LATEST,income_statement,order,14.0,ACTUAL,VNSTOCK_BRONZE
SBB,LATEST,income_statement,level,2.0,ACTUAL,VNSTOCK_BRONZE
SBB,LATEST,income_statement,value,94031798.0,ACTUAL,VNSTOCK_BRONZE
SBB,LATEST,income_statement,order,15.0,ACTUAL,VNSTOCK_BRONZE
SBB,LATEST,income_statement,level,2.0,ACTUAL,VNSTOCK_BRONZE
SBB,LATEST,income_statement,value,-4169600.0,ACTUAL,VNSTOCK_BRONZE
SBB,LATEST,income_statement,order,16.0,ACTUAL,VNSTOCK_BRONZE
SBB,LATEST,income_statement,level,1.0,ACTUAL,VNSTOCK_BRONZE
SBB,LATEST,income_statement,value,0.0,ACTUAL,VNSTOCK_BRONZE
SBB,LATEST,income_statement,order,17.0,ACTUAL,VNSTOCK_BRONZE
SBB,LATEST,income_statement,level,1.0,ACTUAL,VNSTOCK_BRONZE
SBB,LATEST,income_statement,value,-60517156825.0,ACTUAL,VNSTOCK_BRONZE
SBB,LATEST,income_statement,order,18.0,ACTUAL,VNSTOCK_BRONZE
SBB,LATEST,income_statement,level,1.0,ACTUAL,VNSTOCK_BRONZE
SBB,LATEST,income_statement,value,-16178461977.0,ACTUAL,VNSTOCK_BRONZE
SBB,LATEST,income_statement,order,19.0,ACTUAL,VNSTOCK_BRONZE
SBB,LATEST,income_statement,level,2.0,ACTUAL,VNSTOCK_BRONZE
SBB,LATEST,income_statement,value,-756189644.0,ACTUAL,VNSTOCK_BRONZE
SBB,LATEST,income_statement,order,20.0,ACTUAL,VNSTOCK_BRONZE
SBB,LATEST,income_statement,level,2.0,ACTUAL,VNSTOCK_BRONZE
SBB,LATEST,income_statement,value,-15422272333.0,ACTUAL,VNSTOCK_BRONZE
SBB,LATEST,income_statement,order,21.0,ACTUAL,VNSTOCK_BRONZE
SBB,LATEST,income_statement,level,1.0,ACTUAL,VNSTOCK_BRONZE
SBB,LATEST,income_statement,value,-76695618802.0,ACTUAL,VNSTOCK_BRONZE
SBB,LATEST,income_statement,order,22.0,ACTUAL,VNSTOCK_BRONZE
SBB,LATEST,income_statement,level,1.0,ACTUAL,VNSTOCK_BRONZE
SBB,LATEST,income_statement,value,0.0,ACTUAL,VNSTOCK_BRONZE
SBB,LATEST,income_statement,order,23.0,ACTUAL,VNSTOCK_BRONZE
SBB,LATEST,income_statement,level,1.0,ACTUAL,VNSTOCK_BRONZE
SBB,LATEST,income_statement,value,-76695618802.0,ACTUAL,VNSTOCK_BRONZE
SBB,LATEST,income_statement,order,24.0,ACTUAL,VNSTOCK_BRONZE
SBB,LATEST,income_statement,level,1.0,ACTUAL,VNSTOCK_BRONZE
SBB,LATEST,income_statement,value,-876.0,ACTUAL,VNSTOCK_BRONZE
SBB,LATEST,income_statement,order,25.0,ACTUAL,VNSTOCK_BRONZE
SBB,LATEST,income_statement,level,1.0,ACTUAL,VNSTOCK_BRONZE
SBB,LATEST,income_statement,value,0.0,ACTUAL,VNSTOCK_BRONZE
SBB,LATEST,income_statement,order,1.0,ACTUAL,VNSTOCK_BRONZE
SBB,LATEST,income_statement,level,1.0,ACTUAL,VNSTOCK_BRONZE
SBB,LATEST,income_statement,value,581701723233.0,ACTUAL,VNSTOCK_BRONZE
SBB,LATEST,income_statement,order,2.0,ACTUAL,VNSTOCK_BRONZE
SBB,LATEST,income_statement,level,1.0,ACTUAL,VNSTOCK_BRONZE
SBB,LATEST,income_statement,value,-0.0,ACTUAL,VNSTOCK_BRONZE
SBB,LATEST,income_statement,order,3.0,ACTUAL,VNSTOCK_BRONZE
SBB,LATEST,income_statement,level,1.0,ACTUAL,VNSTOCK_BRONZE
SBB,LATEST,income_statement,value,581701723233.0,ACTUAL,VNSTOCK_BRONZE
SBB,LATEST,income_statement,order,4.0,ACTUAL,VNSTOCK_BRONZE
SBB,LATEST,income_statement,level,1.0,ACTUAL,VNSTOCK_BRONZE
SBB,LATEST,income_statement,value,-575167730002.0,ACTUAL,VNSTOCK_BRONZE
SBB,LATEST,income_statement,order,5.0,ACTUAL,VNSTOCK_BRONZE
SBB,LATEST,income_statement,level,1.0,ACTUAL,VNSTOCK_BRONZE
SBB,LATEST,income_statement,value,6533993231.0,ACTUAL,VNSTOCK_BRONZE
SBB,LATEST,income_statement,order,6.0,ACTUAL,VNSTOCK_BRONZE
SBB,LATEST,income_statement,level,1.0,ACTUAL,VNSTOCK_BRONZE
SBB,LATEST,income_statement,value,4958464520.0,ACTUAL,VNSTOCK_BRONZE
SBB,LATEST,income_statement,order,7.0,ACTUAL,VNSTOCK_BRONZE
SBB,LATEST,income_statement,level,1.0,ACTUAL,VNSTOCK_BRONZE
SBB,LATEST,income_statement,value,-9575375487.0,ACTUAL,VNSTOCK_BRONZE
SBB,LATEST,income_statement,order,8.0,ACTUAL,VNSTOCK_BRONZE
SBB,LATEST,income_statement,level,2.0,ACTUAL,VNSTOCK_BRONZE
SBB,LATEST,income_statement,value,-9552178102.0,ACTUAL,VNSTOCK_BRONZE
SBB,LATEST,income_statement,order,9.0,ACTUAL,VNSTOCK_BRONZE
SBB,LATEST,income_statement,level,1.0,ACTUAL,VNSTOCK_BRONZE
SBB,LATEST,income_statement,value,0.0,ACTUAL,VNSTOCK_BRONZE
SBB,LATEST,income_statement,order,10.0,ACTUAL,VNSTOCK_BRONZE
SBB,LATEST,income_statement,level,1.0,ACTUAL,VNSTOCK_BRONZE
SBB,LATEST,income_statement,value,-10672530304.0,ACTUAL,VNSTOCK_BRONZE
SBB,LATEST,income_statement,order,11.0,ACTUAL,VNSTOCK_BRONZE
SBB,LATEST,income_statement,level,1.0,ACTUAL,VNSTOCK_BRONZE
SBB,LATEST,income_statement,value,-11938243370.0,ACTUAL,VNSTOCK_BRONZE
SBB,LATEST,income_statement,order,12.0,ACTUAL,VNSTOCK_BRONZE
SBB,LATEST,income_statement,level,1.0,ACTUAL,VNSTOCK_BRONZE
SBB,LATEST,income_statement,value,-20693691410.0,ACTUAL,VNSTOCK_BRONZE
SBB,LATEST,income_statement,order,13.0,ACTUAL,VNSTOCK_BRONZE
SBB,LATEST,income_statement,level,1.0,ACTUAL,VNSTOCK_BRONZE
SBB,LATEST,income_statement,value,2175331882.0,ACTUAL,VNSTOCK_BRONZE
SBB,LATEST,income_statement,order,14.0,ACTUAL,VNSTOCK_BRONZE
SBB,LATEST,income_statement,level,2.0,ACTUAL,VNSTOCK_BRONZE
SBB,LATEST,income_statement,value,2236660219.0,ACTUAL,VNSTOCK_BRONZE
SBB,LATEST,income_statement,order,15.0,ACTUAL,VNSTOCK_BRONZE
SBB,LATEST,income_statement,level,2.0,ACTUAL,VNSTOCK_BRONZE
SBB,LATEST,income_statement,value,-61328337.0,ACTUAL,VNSTOCK_BRONZE
SBB,LATEST,income_statement,order,16.0,ACTUAL,VNSTOCK_BRONZE
SBB,LATEST,income_statement,level,1.0,ACTUAL,VNSTOCK_BRONZE
SBB,LATEST,income_statement,value,0.0,ACTUAL,VNSTOCK_BRONZE
SBB,LATEST,income_statement,order,17.0,ACTUAL,VNSTOCK_BRONZE
SBB,LATEST,income_statement,level,1.0,ACTUAL,VNSTOCK_BRONZE
SBB,LATEST,income_statement,value,-18518359528.0,ACTUAL,VNSTOCK_BRONZE
SBB,LATEST,income_statement,order,18.0,ACTUAL,VNSTOCK_BRONZE
SBB,LATEST,income_statement,level,1.0,ACTUAL,VNSTOCK_BRONZE
SBB,LATEST,income_statement,value,-1491085540.0,ACTUAL,VNSTOCK_BRONZE
SBB,LATEST,income_statement,order,19.0,ACTUAL,VNSTOCK_BRONZE
SBB,LATEST,income_statement,level,2.0,ACTUAL,VNSTOCK_BRONZE
SBB,LATEST,income_statement,value,-1491085540.0,ACTUAL,VNSTOCK_BRONZE
SBB,LATEST,income_statement,order,20.0,ACTUAL,VNSTOCK_BRONZE
SBB,LATEST,income_statement,level,2.0,ACTUAL,VNSTOCK_BRONZE
SBB,LATEST,income_statement,value,0.0,ACTUAL,VNSTOCK_BRONZE
SBB,LATEST,income_statement,order,21.0,ACTUAL,VNSTOCK_BRONZE
SBB,LATEST,income_statement,level,1.0,ACTUAL,VNSTOCK_BRONZE
SBB,LATEST,income_statement,value,-20009445068.0,ACTUAL,VNSTOCK_BRONZE
SBB,LATEST,income_statement,order,22.0,ACTUAL,VNSTOCK_BRONZE
SBB,LATEST,income_statement,level,1.0,ACTUAL,VNSTOCK_BRONZE
SBB,LATEST,income_statement,value,0.0,ACTUAL,VNSTOCK_BRONZE
SBB,LATEST,income_statement,order,23.0,ACTUAL,VNSTOCK_BRONZE
SBB,LATEST,income_statement,level,1.0,ACTUAL,VNSTOCK_BRONZE
SBB,LATEST,income_statement,value,-20009445068.0,ACTUAL,VNSTOCK_BRONZE
SBB,LATEST,income_statement,order,24.0,ACTUAL,VNSTOCK_BRONZE
SBB,LATEST,income_statement,level,1.0,ACTUAL,VNSTOCK_BRONZE
SBB,LATEST,income_statement,value,-229.0,ACTUAL,VNSTOCK_BRONZE
SBB,LATEST,income_statement,order,25.0,ACTUAL,VNSTOCK_BRONZE
SBB,LATEST,income_statement,level,1.0,ACTUAL,VNSTOCK_BRONZE
SBB,LATEST,income_statement,value,0.0,ACTUAL,VNSTOCK_BRONZE
SBB,LATEST,income_statement,order,1.0,ACTUAL,VNSTOCK_BRONZE
SBB,LATEST,income_statement,level,1.0,ACTUAL,VNSTOCK_BRONZE
SBB,LATEST,income_statement,value,593408347372.0,ACTUAL,VNSTOCK_BRONZE
SBB,LATEST,income_statement,order,2.0,ACTUAL,VNSTOCK_BRONZE
SBB,LATEST,income_statement,level,1.0,ACTUAL,VNSTOCK_BRONZE
SBB,LATEST,income_statement,value,-0.0,ACTUAL,VNSTOCK_BRONZE
SBB,LATEST,income_statement,order,3.0,ACTUAL,VNSTOCK_BRONZE
SBB,LATEST,income_statement,level,1.0,ACTUAL,VNSTOCK_BRONZE
SBB,LATEST,income_statement,value,593408347372.0,ACTUAL,VNSTOCK_BRONZE
SBB,LATEST,income_statement,order,4.0,ACTUAL,VNSTOCK_BRONZE
SBB,LATEST,income_statement,level,1.0,ACTUAL,VNSTOCK_BRONZE
SBB,LATEST,income_statement,value,-585347331003.0,ACTUAL,VNSTOCK_BRONZE
SBB,LATEST,income_statement,order,5.0,ACTUAL,VNSTOCK_BRONZE
SBB,LATEST,income_statement,level,1.0,ACTUAL,VNSTOCK_BRONZE
SBB,LATEST,income_statement,value,8061016369.0,ACTUAL,VNSTOCK_BRONZE
SBB,LATEST,income_statement,order,6.0,ACTUAL,VNSTOCK_BRONZE
SBB,LATEST,income_statement,level,1.0,ACTUAL,VNSTOCK_BRONZE
SBB,LATEST,income_statement,value,4697633444.0,ACTUAL,VNSTOCK_BRONZE
SBB,LATEST,income_statement,order,7.0,ACTUAL,VNSTOCK_BRONZE
SBB,LATEST,income_statement,level,1.0,ACTUAL,VNSTOCK_BRONZE
SBB,LATEST,income_statement,value,-10593110260.0,ACTUAL,VNSTOCK_BRONZE
SBB,LATEST,income_statement,order,8.0,ACTUAL,VNSTOCK_BRONZE
SBB,LATEST,income_statement,level,2.0,ACTUAL,VNSTOCK_BRONZE
SBB,LATEST,income_statement,value,-10578052398.0,ACTUAL,VNSTOCK_BRONZE
SBB,LATEST,income_statement,order,9.0,ACTUAL,VNSTOCK_BRONZE
SBB,LATEST,income_statement,level,1.0,ACTUAL,VNSTOCK_BRONZE
SBB,LATEST,income_statement,value,1158125416.0,ACTUAL,VNSTOCK_BRONZE
SBB,LATEST,income_statement,order,10.0,ACTUAL,VNSTOCK_BRONZE
SBB,LATEST,income_statement,level,1.0,ACTUAL,VNSTOCK_BRONZE
SBB,LATEST,income_statement,value,-8151468746.0,ACTUAL,VNSTOCK_BRONZE
SBB,LATEST,income_statement,order,11.0,ACTUAL,VNSTOCK_BRONZE
SBB,LATEST,income_statement,level,1.0,ACTUAL,VNSTOCK_BRONZE
SBB,LATEST,income_statement,value,-11546146332.0,ACTUAL,VNSTOCK_BRONZE
SBB,LATEST,income_statement,order,12.0,ACTUAL,VNSTOCK_BRONZE
SBB,LATEST,income_statement,level,1.0,ACTUAL,VNSTOCK_BRONZE
SBB,LATEST,income_statement,value,-16373950109.0,ACTUAL,VNSTOCK_BRONZE
SBB,LATEST,income_statement,order,13.0,ACTUAL,VNSTOCK_BRONZE
SBB,LATEST,income_statement,level,1.0,ACTUAL,VNSTOCK_BRONZE
SBB,LATEST,income_statement,value,-6081847.0,ACTUAL,VNSTOCK_BRONZE
SBB,LATEST,income_statement,order,14.0,ACTUAL,VNSTOCK_BRONZE
SBB,LATEST,income_statement,level,2.0,ACTUAL,VNSTOCK_BRONZE
SBB,LATEST,income_statement,value,6568153.0,ACTUAL,VNSTOCK_BRONZE
SBB,LATEST,income_statement,order,15.0,ACTUAL,VNSTOCK_BRONZE
SBB,LATEST,income_statement,level,2.0,ACTUAL,VNSTOCK_BRONZE
SBB,LATEST,income_statement,value,-12650000.0,ACTUAL,VNSTOCK_BRONZE
SBB,LATEST,income_statement,order,16.0,ACTUAL,VNSTOCK_BRONZE
SBB,LATEST,income_statement,level,1.0,ACTUAL,VNSTOCK_BRONZE
SBB,LATEST,income_statement,value,0.0,ACTUAL,VNSTOCK_BRONZE
SBB,LATEST,income_statement,order,17.0,ACTUAL,VNSTOCK_BRONZE
SBB,LATEST,income_statement,level,1.0,ACTUAL,VNSTOCK_BRONZE
SBB,LATEST,income_statement,value,-16380031956.0,ACTUAL,VNSTOCK_BRONZE
SBB,LATEST,income_statement,order,18.0,ACTUAL,VNSTOCK_BRONZE
SBB,LATEST,income_statement,level,1.0,ACTUAL,VNSTOCK_BRONZE
SBB,LATEST,income_statement,value,-1348439950.0,ACTUAL,VNSTOCK_BRONZE
SBB,LATEST,income_statement,order,19.0,ACTUAL,VNSTOCK_BRONZE
SBB,LATEST,income_statement,level,2.0,ACTUAL,VNSTOCK_BRONZE
SBB,LATEST,income_statement,value,-489435640.0,ACTUAL,VNSTOCK_BRONZE
SBB,LATEST,income_statement,order,20.0,ACTUAL,VNSTOCK_BRONZE
SBB,LATEST,income_statement,level,2.0,ACTUAL,VNSTOCK_BRONZE
SBB,LATEST,income_statement,value,-859004310.0,ACTUAL,VNSTOCK_BRONZE
SBB,LATEST,income_statement,order,21.0,ACTUAL,VNSTOCK_BRONZE
SBB,LATEST,income_statement,level,1.0,ACTUAL,VNSTOCK_BRONZE
SBB,LATEST,income_statement,value,-17728471906.0,ACTUAL,VNSTOCK_BRONZE
SBB,LATEST,income_statement,order,22.0,ACTUAL,VNSTOCK_BRONZE
SBB,LATEST,income_statement,level,1.0,ACTUAL,VNSTOCK_BRONZE
SBB,LATEST,income_statement,value,0.0,ACTUAL,VNSTOCK_BRONZE
SBB,LATEST,income_statement,order,23.0,ACTUAL,VNSTOCK_BRONZE
SBB,LATEST,income_statement,level,1.0,ACTUAL,VNSTOCK_BRONZE
SBB,LATEST,income_statement,value,-17728471906.0,ACTUAL,VNSTOCK_BRONZE
SBB,LATEST,income_statement,order,24.0,ACTUAL,VNSTOCK_BRONZE
SBB,LATEST,income_statement,level,1.0,ACTUAL,VNSTOCK_BRONZE
SBB,LATEST,income_statement,value,-202.0,ACTUAL,VNSTOCK_BRONZE
SBB,LATEST,income_statement,order,25.0,ACTUAL,VNSTOCK_BRONZE
SBB,LATEST,income_statement,level,1.0,ACTUAL,VNSTOCK_BRONZE
SBB,LATEST,income_statement,value,0.0,ACTUAL,VNSTOCK_BRONZE
SBB,LATEST,income_statement,order,1.0,ACTUAL,VNSTOCK_BRONZE
SBB,LATEST,income_statement,level,1.0,ACTUAL,VNSTOCK_BRONZE
SBB,LATEST,income_statement,value,370903915599.0,ACTUAL,VNSTOCK_BRONZE
SBB,LATEST,income_statement,order,2.0,ACTUAL,VNSTOCK_BRONZE
SBB,LATEST,income_statement,level,1.0,ACTUAL,VNSTOCK_BRONZE
SBB,LATEST,income_statement,value,-0.0,ACTUAL,VNSTOCK_BRONZE
SBB,LATEST,income_statement,order,3.0,ACTUAL,VNSTOCK_BRONZE
SBB,LATEST,income_statement,level,1.0,ACTUAL,VNSTOCK_BRONZE
SBB,LATEST,income_statement,value,370903915599.0,ACTUAL,VNSTOCK_BRONZE
SBB,LATEST,income_statement,order,4.0,ACTUAL,VNSTOCK_BRONZE
SBB,LATEST,income_statement,level,1.0,ACTUAL,VNSTOCK_BRONZE
SBB,LATEST,income_statement,value,-371367656597.0,ACTUAL,VNSTOCK_BRONZE
SBB,LATEST,income_statement,order,5.0,ACTUAL,VNSTOCK_BRONZE
SBB,LATEST,income_statement,level,1.0,ACTUAL,VNSTOCK_BRONZE
SBB,LATEST,income_statement,value,-463740998.0,ACTUAL,VNSTOCK_BRONZE
SBB,LATEST,income_statement,order,6.0,ACTUAL,VNSTOCK_BRONZE
SBB,LATEST,income_statement,level,1.0,ACTUAL,VNSTOCK_BRONZE
SBB,LATEST,income_statement,value,3424896242.0,ACTUAL,VNSTOCK_BRONZE
SBB,LATEST,income_statement,order,7.0,ACTUAL,VNSTOCK_BRONZE
SBB,LATEST,income_statement,level,1.0,ACTUAL,VNSTOCK_BRONZE
SBB,LATEST,income_statement,value,-11577549609.0,ACTUAL,VNSTOCK_BRONZE
SBB,LATEST,income_statement,order,8.0,ACTUAL,VNSTOCK_BRONZE
SBB,LATEST,income_statement,level,2.0,ACTUAL,VNSTOCK_BRONZE
SBB,LATEST,income_statement,value,-11565538326.0,ACTUAL,VNSTOCK_BRONZE
SBB,LATEST,income_statement,order,9.0,ACTUAL,VNSTOCK_BRONZE
SBB,LATEST,income_statement,level,1.0,ACTUAL,VNSTOCK_BRONZE
SBB,LATEST,income_statement,value,-3591004255.0,ACTUAL,VNSTOCK_BRONZE
SBB,LATEST,income_statement,order,10.0,ACTUAL,VNSTOCK_BRONZE
SBB,LATEST,income_statement,level,1.0,ACTUAL,VNSTOCK_BRONZE
SBB,LATEST,income_statement,value,-10674223606.0,ACTUAL,VNSTOCK_BRONZE
SBB,LATEST,income_statement,order,11.0,ACTUAL,VNSTOCK_BRONZE
SBB,LATEST,income_statement,level,1.0,ACTUAL,VNSTOCK_BRONZE
SBB,LATEST,income_statement,value,-11322996112.0,ACTUAL,VNSTOCK_BRONZE
SBB,LATEST,income_statement,order,12.0,ACTUAL,VNSTOCK_BRONZE
SBB,LATEST,income_statement,level,1.0,ACTUAL,VNSTOCK_BRONZE
SBB,LATEST,income_statement,value,-34204618338.0,ACTUAL,VNSTOCK_BRONZE
SBB,LATEST,income_statement,order,13.0,ACTUAL,VNSTOCK_BRONZE
SBB,LATEST,income_statement,level,1.0,ACTUAL,VNSTOCK_BRONZE
SBB,LATEST,income_statement,value,2400000.0,ACTUAL,VNSTOCK_BRONZE
SBB,LATEST,income_statement,order,14.0,ACTUAL,VNSTOCK_BRONZE
SBB,LATEST,income_statement,level,2.0,ACTUAL,VNSTOCK_BRONZE
SBB,LATEST,income_statement,value,2400000.0,ACTUAL,VNSTOCK_BRONZE
SBB,LATEST,income_statement,order,15.0,ACTUAL,VNSTOCK_BRONZE
SBB,LATEST,income_statement,level,2.0,ACTUAL,VNSTOCK_BRONZE
SBB,LATEST,income_statement,value,-0.0,ACTUAL,VNSTOCK_BRONZE
SBB,LATEST,income_statement,order,16.0,ACTUAL,VNSTOCK_BRONZE
SBB,LATEST,income_statement,level,1.0,ACTUAL,VNSTOCK_BRONZE
SBB,LATEST,income_statement,value,0.0,ACTUAL,VNSTOCK_BRONZE
SBB,LATEST,income_statement,order,17.0,ACTUAL,VNSTOCK_BRONZE
SBB,LATEST,income_statement,level,1.0,ACTUAL,VNSTOCK_BRONZE
SBB,LATEST,income_statement,value,-34202218338.0,ACTUAL,VNSTOCK_BRONZE
SBB,LATEST,income_statement,order,18.0,ACTUAL,VNSTOCK_BRONZE
SBB,LATEST,income_statement,level,1.0,ACTUAL,VNSTOCK_BRONZE
SBB,LATEST,income_statement,value,-0.0,ACTUAL,VNSTOCK_BRONZE
SBB,LATEST,income_statement,order,19.0,ACTUAL,VNSTOCK_BRONZE
SBB,LATEST,income_statement,level,2.0,ACTUAL,VNSTOCK_BRONZE
SBB,LATEST,income_statement,value,-0.0,ACTUAL,VNSTOCK_BRONZE
SBB,LATEST,income_statement,order,20.0,ACTUAL,VNSTOCK_BRONZE
SBB,LATEST,income_statement,level,2.0,ACTUAL,VNSTOCK_BRONZE
SBB,LATEST,income_statement,value,0.0,ACTUAL,VNSTOCK_BRONZE
SBB,LATEST,income_statement,order,21.0,ACTUAL,VNSTOCK_BRONZE
SBB,LATEST,income_statement,level,1.0,ACTUAL,VNSTOCK_BRONZE
SBB,LATEST,income_statement,value,-34202218338.0,ACTUAL,VNSTOCK_BRONZE
SBB,LATEST,income_statement,order,22.0,ACTUAL,VNSTOCK_BRONZE
SBB,LATEST,income_statement,level,1.0,ACTUAL,VNSTOCK_BRONZE
SBB,LATEST,income_statement,value,0.0,ACTUAL,VNSTOCK_BRONZE
SBB,LATEST,income_statement,order,23.0,ACTUAL,VNSTOCK_BRONZE
SBB,LATEST,income_statement,level,1.0,ACTUAL,VNSTOCK_BRONZE
SBB,LATEST,income_statement,value,-34202218338.0,ACTUAL,VNSTOCK_BRONZE
SBB,LATEST,income_statement,order,24.0,ACTUAL,VNSTOCK_BRONZE
SBB,LATEST,income_statement,level,1.0,ACTUAL,VNSTOCK_BRONZE
SBB,LATEST,income_statement,value,-391.0,ACTUAL,VNSTOCK_BRONZE
SBB,LATEST,income_statement,order,25.0,ACTUAL,VNSTOCK_BRONZE
SBB,LATEST,income_statement,level,1.0,ACTUAL,VNSTOCK_BRONZE
SBB,LATEST,income_statement,value,0.0,ACTUAL,VNSTOCK_BRONZE
SBB,LATEST,cash_flow,order,1.0,ACTUAL,VNSTOCK_BRONZE
SBB,LATEST,cash_flow,level,1.0,ACTUAL,VNSTOCK_BRONZE
SBB,LATEST,cash_flow,value,35942906935.0,ACTUAL,VNSTOCK_BRONZE
SBB,LATEST,cash_flow,order,2.0,ACTUAL,VNSTOCK_BRONZE
SBB,LATEST,cash_flow,level,2.0,ACTUAL,VNSTOCK_BRONZE
SBB,LATEST,cash_flow,value,0.0,ACTUAL,VNSTOCK_BRONZE
SBB,LATEST,cash_flow,order,3.0,ACTUAL,VNSTOCK_BRONZE
SBB,LATEST,cash_flow,level,2.0,ACTUAL,VNSTOCK_BRONZE
SBB,LATEST,cash_flow,value,0.0,ACTUAL,VNSTOCK_BRONZE
SBB,LATEST,cash_flow,order,4.0,ACTUAL,VNSTOCK_BRONZE
SBB,LATEST,cash_flow,level,2.0,ACTUAL,VNSTOCK_BRONZE
SBB,LATEST,cash_flow,value,0.0,ACTUAL,VNSTOCK_BRONZE
SBB,LATEST,cash_flow,order,5.0,ACTUAL,VNSTOCK_BRONZE
SBB,LATEST,cash_flow,level,2.0,ACTUAL,VNSTOCK_BRONZE
SBB,LATEST,cash_flow,value,0.0,ACTUAL,VNSTOCK_BRONZE
SBB,LATEST,cash_flow,order,6.0,ACTUAL,VNSTOCK_BRONZE
SBB,LATEST,cash_flow,level,2.0,ACTUAL,VNSTOCK_BRONZE
SBB,LATEST,cash_flow,value,0.0,ACTUAL,VNSTOCK_BRONZE
SBB,LATEST,cash_flow,order,7.0,ACTUAL,VNSTOCK_BRONZE
SBB,LATEST,cash_flow,level,2.0,ACTUAL,VNSTOCK_BRONZE
SBB,LATEST,cash_flow,value,0.0,ACTUAL,VNSTOCK_BRONZE
SBB,LATEST,cash_flow,order,8.0,ACTUAL,VNSTOCK_BRONZE
SBB,LATEST,cash_flow,level,2.0,ACTUAL,VNSTOCK_BRONZE
SBB,LATEST,cash_flow,value,0.0,ACTUAL,VNSTOCK_BRONZE
SBB,LATEST,cash_flow,order,9.0,ACTUAL,VNSTOCK_BRONZE
SBB,LATEST,cash_flow,level,2.0,ACTUAL,VNSTOCK_BRONZE
SBB,LATEST,cash_flow,value,0.0,ACTUAL,VNSTOCK_BRONZE
SBB,LATEST,cash_flow,order,10.0,ACTUAL,VNSTOCK_BRONZE
SBB,LATEST,cash_flow,level,2.0,ACTUAL,VNSTOCK_BRONZE
SBB,LATEST,cash_flow,value,0.0,ACTUAL,VNSTOCK_BRONZE
SBB,LATEST,cash_flow,order,11.0,ACTUAL,VNSTOCK_BRONZE
SBB,LATEST,cash_flow,level,2.0,ACTUAL,VNSTOCK_BRONZE
SBB,LATEST,cash_flow,value,0.0,ACTUAL,VNSTOCK_BRONZE
SBB,LATEST,cash_flow,order,12.0,ACTUAL,VNSTOCK_BRONZE
SBB,LATEST,cash_flow,level,2.0,ACTUAL,VNSTOCK_BRONZE
SBB,LATEST,cash_flow,value,0.0,ACTUAL,VNSTOCK_BRONZE
SBB,LATEST,cash_flow,order,13.0,ACTUAL,VNSTOCK_BRONZE
SBB,LATEST,cash_flow,level,2.0,ACTUAL,VNSTOCK_BRONZE
SBB,LATEST,cash_flow,value,0.0,ACTUAL,VNSTOCK_BRONZE
SBB,LATEST,cash_flow,order,14.0,ACTUAL,VNSTOCK_BRONZE
SBB,LATEST,cash_flow,level,2.0,ACTUAL,VNSTOCK_BRONZE
SBB,LATEST,cash_flow,order,15.0,ACTUAL,VNSTOCK_BRONZE
SBB,LATEST,cash_flow,level,2.0,ACTUAL,VNSTOCK_BRONZE
SBB,LATEST,cash_flow,order,16.0,ACTUAL,VNSTOCK_BRONZE
SBB,LATEST,cash_flow,level,2.0,ACTUAL,VNSTOCK_BRONZE
SBB,LATEST,cash_flow,order,17.0,ACTUAL,VNSTOCK_BRONZE
SBB,LATEST,cash_flow,level,2.0,ACTUAL,VNSTOCK_BRONZE
SBB,LATEST,cash_flow,order,18.0,ACTUAL,VNSTOCK_BRONZE
SBB,LATEST,cash_flow,level,2.0,ACTUAL,VNSTOCK_BRONZE
SBB,LATEST,cash_flow,order,19.0,ACTUAL,VNSTOCK_BRONZE
SBB,LATEST,cash_flow,level,2.0,ACTUAL,VNSTOCK_BRONZE
SBB,LATEST,cash_flow,order,20.0,ACTUAL,VNSTOCK_BRONZE
SBB,LATEST,cash_flow,level,2.0,ACTUAL,VNSTOCK_BRONZE
SBB,LATEST,cash_flow,order,21.0,ACTUAL,VNSTOCK_BRONZE
SBB,LATEST,cash_flow,level,2.0,ACTUAL,VNSTOCK_BRONZE
SBB,LATEST,cash_flow,order,22.0,ACTUAL,VNSTOCK_BRONZE
SBB,LATEST,cash_flow,level,2.0,ACTUAL,VNSTOCK_BRONZE
SBB,LATEST,cash_flow,order,23.0,ACTUAL,VNSTOCK_BRONZE
SBB,LATEST,cash_flow,level,2.0,ACTUAL,VNSTOCK_BRONZE
SBB,LATEST,cash_flow,order,24.0,ACTUAL,VNSTOCK_BRONZE
SBB,LATEST,cash_flow,level,2.0,ACTUAL,VNSTOCK_BRONZE
SBB,LATEST,cash_flow,value,0.0,ACTUAL,VNSTOCK_BRONZE
SBB,LATEST,cash_flow,order,25.0,ACTUAL,VNSTOCK_BRONZE
SBB,LATEST,cash_flow,level,2.0,ACTUAL,VNSTOCK_BRONZE
SBB,LATEST,cash_flow,value,0.0,ACTUAL,VNSTOCK_BRONZE
SBB,LATEST,cash_flow,order,26.0,ACTUAL,VNSTOCK_BRONZE
SBB,LATEST,cash_flow,level,2.0,ACTUAL,VNSTOCK_BRONZE
SBB,LATEST,cash_flow,value,0.0,ACTUAL,VNSTOCK_BRONZE
SBB,LATEST,cash_flow,order,27.0,ACTUAL,VNSTOCK_BRONZE
SBB,LATEST,cash_flow,level,2.0,ACTUAL,VNSTOCK_BRONZE
SBB,LATEST,cash_flow,value,0.0,ACTUAL,VNSTOCK_BRONZE
SBB,LATEST,cash_flow,order,28.0,ACTUAL,VNSTOCK_BRONZE
SBB,LATEST,cash_flow,level,2.0,ACTUAL,VNSTOCK_BRONZE
SBB,LATEST,cash_flow,value,0.0,ACTUAL,VNSTOCK_BRONZE
SBB,LATEST,cash_flow,order,29.0,ACTUAL,VNSTOCK_BRONZE
SBB,LATEST,cash_flow,level,2.0,ACTUAL,VNSTOCK_BRONZE
SBB,LATEST,cash_flow,order,30.0,ACTUAL,VNSTOCK_BRONZE
SBB,LATEST,cash_flow,level,2.0,ACTUAL,VNSTOCK_BRONZE
SBB,LATEST,cash_flow,value,0.0,ACTUAL,VNSTOCK_BRONZE
SBB,LATEST,cash_flow,order,31.0,ACTUAL,VNSTOCK_BRONZE
SBB,LATEST,cash_flow,level,2.0,ACTUAL,VNSTOCK_BRONZE
SBB,LATEST,cash_flow,value,0.0,ACTUAL,VNSTOCK_BRONZE
SBB,LATEST,cash_flow,order,32.0,ACTUAL,VNSTOCK_BRONZE
SBB,LATEST,cash_flow,level,1.0,ACTUAL,VNSTOCK_BRONZE
SBB,LATEST,cash_flow,value,-33751025236.0,ACTUAL,VNSTOCK_BRONZE
SBB,LATEST,cash_flow,order,33.0,ACTUAL,VNSTOCK_BRONZE
SBB,LATEST,cash_flow,level,2.0,ACTUAL,VNSTOCK_BRONZE
SBB,LATEST,cash_flow,value,-1771208660.0,ACTUAL,VNSTOCK_BRONZE
SBB,LATEST,cash_flow,order,34.0,ACTUAL,VNSTOCK_BRONZE
SBB,LATEST,cash_flow,level,2.0,ACTUAL,VNSTOCK_BRONZE
SBB,LATEST,cash_flow,value,187000000.0,ACTUAL,VNSTOCK_BRONZE
SBB,LATEST,cash_flow,order,35.0,ACTUAL,VNSTOCK_BRONZE
SBB,LATEST,cash_flow,level,2.0,ACTUAL,VNSTOCK_BRONZE
SBB,LATEST,cash_flow,value,-34000000000.0,ACTUAL,VNSTOCK_BRONZE
SBB,LATEST,cash_flow,order,36.0,ACTUAL,VNSTOCK_BRONZE
SBB,LATEST,cash_flow,level,2.0,ACTUAL,VNSTOCK_BRONZE
SBB,LATEST,cash_flow,value,0.0,ACTUAL,VNSTOCK_BRONZE
SBB,LATEST,cash_flow,order,37.0,ACTUAL,VNSTOCK_BRONZE
SBB,LATEST,cash_flow,level,2.0,ACTUAL,VNSTOCK_BRONZE
SBB,LATEST,cash_flow,value,0.0,ACTUAL,VNSTOCK_BRONZE
SBB,LATEST,cash_flow,order,38.0,ACTUAL,VNSTOCK_BRONZE
SBB,LATEST,cash_flow,level,2.0,ACTUAL,VNSTOCK_BRONZE
SBB,LATEST,cash_flow,value,0.0,ACTUAL,VNSTOCK_BRONZE
SBB,LATEST,cash_flow,order,39.0,ACTUAL,VNSTOCK_BRONZE
SBB,LATEST,cash_flow,level,2.0,ACTUAL,VNSTOCK_BRONZE
SBB,LATEST,cash_flow,value,1833183424.0,ACTUAL,VNSTOCK_BRONZE
SBB,LATEST,cash_flow,order,40.0,ACTUAL,VNSTOCK_BRONZE
SBB,LATEST,cash_flow,level,1.0,ACTUAL,VNSTOCK_BRONZE
SBB,LATEST,cash_flow,order,41.0,ACTUAL,VNSTOCK_BRONZE
SBB,LATEST,cash_flow,level,2.0,ACTUAL,VNSTOCK_BRONZE
SBB,LATEST,cash_flow,value,0.0,ACTUAL,VNSTOCK_BRONZE
SBB,LATEST,cash_flow,order,42.0,ACTUAL,VNSTOCK_BRONZE
SBB,LATEST,cash_flow,level,2.0,ACTUAL,VNSTOCK_BRONZE
SBB,LATEST,cash_flow,value,0.0,ACTUAL,VNSTOCK_BRONZE
SBB,LATEST,cash_flow,order,43.0,ACTUAL,VNSTOCK_BRONZE
SBB,LATEST,cash_flow,level,2.0,ACTUAL,VNSTOCK_BRONZE
SBB,LATEST,cash_flow,value,0.0,ACTUAL,VNSTOCK_BRONZE
SBB,LATEST,cash_flow,order,44.0,ACTUAL,VNSTOCK_BRONZE
SBB,LATEST,cash_flow,level,2.0,ACTUAL,VNSTOCK_BRONZE
SBB,LATEST,cash_flow,value,-111829708466.0,ACTUAL,VNSTOCK_BRONZE
SBB,LATEST,cash_flow,order,45.0,ACTUAL,VNSTOCK_BRONZE
SBB,LATEST,cash_flow,level,2.0,ACTUAL,VNSTOCK_BRONZE
SBB,LATEST,cash_flow,value,0.0,ACTUAL,VNSTOCK_BRONZE
SBB,LATEST,cash_flow,order,46.0,ACTUAL,VNSTOCK_BRONZE
SBB,LATEST,cash_flow,level,2.0,ACTUAL,VNSTOCK_BRONZE
SBB,LATEST,cash_flow,value,-19000000.0,ACTUAL,VNSTOCK_BRONZE
SBB,LATEST,cash_flow,order,47.0,ACTUAL,VNSTOCK_BRONZE
SBB,LATEST,cash_flow,level,2.0,ACTUAL,VNSTOCK_BRONZE
SBB,LATEST,cash_flow,value,174208878582.0,ACTUAL,VNSTOCK_BRONZE
SBB,LATEST,cash_flow,order,48.0,ACTUAL,VNSTOCK_BRONZE
SBB,LATEST,cash_flow,level,1.0,ACTUAL,VNSTOCK_BRONZE
SBB,LATEST,cash_flow,order,49.0,ACTUAL,VNSTOCK_BRONZE
SBB,LATEST,cash_flow,level,1.0,ACTUAL,VNSTOCK_BRONZE
SBB,LATEST,cash_flow,order,50.0,ACTUAL,VNSTOCK_BRONZE
SBB,LATEST,cash_flow,level,1.0,ACTUAL,VNSTOCK_BRONZE
SBB,LATEST,cash_flow,order,51.0,ACTUAL,VNSTOCK_BRONZE
SBB,LATEST,cash_flow,level,1.0,ACTUAL,VNSTOCK_BRONZE
SBB,LATEST,cash_flow,value,286057587048.0,ACTUAL,VNSTOCK_BRONZE
SBB,LATEST,cash_flow,order,1.0,ACTUAL,VNSTOCK_BRONZE
SBB,LATEST,cash_flow,level,1.0,ACTUAL,VNSTOCK_BRONZE
SBB,LATEST,cash_flow,value,233731614454.0,ACTUAL,VNSTOCK_BRONZE
SBB,LATEST,cash_flow,order,2.0,ACTUAL,VNSTOCK_BRONZE
SBB,LATEST,cash_flow,level,2.0,ACTUAL,VNSTOCK_BRONZE
SBB,LATEST,cash_flow,value,99557366733.0,ACTUAL,VNSTOCK_BRONZE
SBB,LATEST,cash_flow,order,3.0,ACTUAL,VNSTOCK_BRONZE
SBB,LATEST,cash_flow,level,2.0,ACTUAL,VNSTOCK_BRONZE
SBB,LATEST,cash_flow,value,37156770884.0,ACTUAL,VNSTOCK_BRONZE
SBB,LATEST,cash_flow,order,4.0,ACTUAL,VNSTOCK_BRONZE
SBB,LATEST,cash_flow,level,2.0,ACTUAL,VNSTOCK_BRONZE
SBB,LATEST,cash_flow,value,-710028146.0,ACTUAL,VNSTOCK_BRONZE
SBB,LATEST,cash_flow,order,5.0,ACTUAL,VNSTOCK_BRONZE
SBB,LATEST,cash_flow,level,2.0,ACTUAL,VNSTOCK_BRONZE
SBB,LATEST,cash_flow,value,0.0,ACTUAL,VNSTOCK_BRONZE
SBB,LATEST,cash_flow,order,6.0,ACTUAL,VNSTOCK_BRONZE
SBB,LATEST,cash_flow,level,2.0,ACTUAL,VNSTOCK_BRONZE
SBB,LATEST,cash_flow,value,0.0,ACTUAL,VNSTOCK_BRONZE
SBB,LATEST,cash_flow,order,7.0,ACTUAL,VNSTOCK_BRONZE
SBB,LATEST,cash_flow,level,2.0,ACTUAL,VNSTOCK_BRONZE
SBB,LATEST,cash_flow,value,-2668527634.0,ACTUAL,VNSTOCK_BRONZE
SBB,LATEST,cash_flow,order,8.0,ACTUAL,VNSTOCK_BRONZE
SBB,LATEST,cash_flow,level,2.0,ACTUAL,VNSTOCK_BRONZE
SBB,LATEST,cash_flow,value,2081929216.0,ACTUAL,VNSTOCK_BRONZE
SBB,LATEST,cash_flow,order,9.0,ACTUAL,VNSTOCK_BRONZE
SBB,LATEST,cash_flow,level,2.0,ACTUAL,VNSTOCK_BRONZE
SBB,LATEST,cash_flow,value,0.0,ACTUAL,VNSTOCK_BRONZE
SBB,LATEST,cash_flow,order,10.0,ACTUAL,VNSTOCK_BRONZE
SBB,LATEST,cash_flow,level,2.0,ACTUAL,VNSTOCK_BRONZE
SBB,LATEST,cash_flow,value,0.0,ACTUAL,VNSTOCK_BRONZE
SBB,LATEST,cash_flow,order,11.0,ACTUAL,VNSTOCK_BRONZE
SBB,LATEST,cash_flow,level,2.0,ACTUAL,VNSTOCK_BRONZE
SBB,LATEST,cash_flow,value,0.0,ACTUAL,VNSTOCK_BRONZE
SBB,LATEST,cash_flow,order,12.0,ACTUAL,VNSTOCK_BRONZE
SBB,LATEST,cash_flow,level,2.0,ACTUAL,VNSTOCK_BRONZE
SBB,LATEST,cash_flow,value,0.0,ACTUAL,VNSTOCK_BRONZE
SBB,LATEST,cash_flow,order,13.0,ACTUAL,VNSTOCK_BRONZE
SBB,LATEST,cash_flow,level,2.0,ACTUAL,VNSTOCK_BRONZE
SBB,LATEST,cash_flow,value,135417511053.0,ACTUAL,VNSTOCK_BRONZE
SBB,LATEST,cash_flow,order,14.0,ACTUAL,VNSTOCK_BRONZE
SBB,LATEST,cash_flow,level,2.0,ACTUAL,VNSTOCK_BRONZE
SBB,LATEST,cash_flow,order,15.0,ACTUAL,VNSTOCK_BRONZE
SBB,LATEST,cash_flow,level,2.0,ACTUAL,VNSTOCK_BRONZE
SBB,LATEST,cash_flow,order,16.0,ACTUAL,VNSTOCK_BRONZE
SBB,LATEST,cash_flow,level,2.0,ACTUAL,VNSTOCK_BRONZE
SBB,LATEST,cash_flow,order,17.0,ACTUAL,VNSTOCK_BRONZE
SBB,LATEST,cash_flow,level,2.0,ACTUAL,VNSTOCK_BRONZE
SBB,LATEST,cash_flow,order,18.0,ACTUAL,VNSTOCK_BRONZE
SBB,LATEST,cash_flow,level,2.0,ACTUAL,VNSTOCK_BRONZE
SBB,LATEST,cash_flow,order,19.0,ACTUAL,VNSTOCK_BRONZE
SBB,LATEST,cash_flow,level,2.0,ACTUAL,VNSTOCK_BRONZE
SBB,LATEST,cash_flow,order,20.0,ACTUAL,VNSTOCK_BRONZE
SBB,LATEST,cash_flow,level,2.0,ACTUAL,VNSTOCK_BRONZE
SBB,LATEST,cash_flow,order,21.0,ACTUAL,VNSTOCK_BRONZE
SBB,LATEST,cash_flow,level,2.0,ACTUAL,VNSTOCK_BRONZE
SBB,LATEST,cash_flow,order,22.0,ACTUAL,VNSTOCK_BRONZE
SBB,LATEST,cash_flow,level,2.0,ACTUAL,VNSTOCK_BRONZE
SBB,LATEST,cash_flow,order,23.0,ACTUAL,VNSTOCK_BRONZE
SBB,LATEST,cash_flow,level,2.0,ACTUAL,VNSTOCK_BRONZE
SBB,LATEST,cash_flow,order,24.0,ACTUAL,VNSTOCK_BRONZE
SBB,LATEST,cash_flow,level,2.0,ACTUAL,VNSTOCK_BRONZE
SBB,LATEST,cash_flow,value,107515342070.0,ACTUAL,VNSTOCK_BRONZE
SBB,LATEST,cash_flow,order,25.0,ACTUAL,VNSTOCK_BRONZE
SBB,LATEST,cash_flow,level,2.0,ACTUAL,VNSTOCK_BRONZE
SBB,LATEST,cash_flow,value,-9706401288.0,ACTUAL,VNSTOCK_BRONZE
SBB,LATEST,cash_flow,order,26.0,ACTUAL,VNSTOCK_BRONZE
SBB,LATEST,cash_flow,level,2.0,ACTUAL,VNSTOCK_BRONZE
SBB,LATEST,cash_flow,value,6405758963.0,ACTUAL,VNSTOCK_BRONZE
SBB,LATEST,cash_flow,order,27.0,ACTUAL,VNSTOCK_BRONZE
SBB,LATEST,cash_flow,level,2.0,ACTUAL,VNSTOCK_BRONZE
SBB,LATEST,cash_flow,value,994424720.0,ACTUAL,VNSTOCK_BRONZE
SBB,LATEST,cash_flow,order,28.0,ACTUAL,VNSTOCK_BRONZE
SBB,LATEST,cash_flow,level,2.0,ACTUAL,VNSTOCK_BRONZE
SBB,LATEST,cash_flow,value,-2099084576.0,ACTUAL,VNSTOCK_BRONZE
SBB,LATEST,cash_flow,order,29.0,ACTUAL,VNSTOCK_BRONZE
SBB,LATEST,cash_flow,level,2.0,ACTUAL,VNSTOCK_BRONZE
SBB,LATEST,cash_flow,order,30.0,ACTUAL,VNSTOCK_BRONZE
SBB,LATEST,cash_flow,level,2.0,ACTUAL,VNSTOCK_BRONZE
SBB,LATEST,cash_flow,value,20000000.0,ACTUAL,VNSTOCK_BRONZE
SBB,LATEST,cash_flow,order,31.0,ACTUAL,VNSTOCK_BRONZE
SBB,LATEST,cash_flow,level,2.0,ACTUAL,VNSTOCK_BRONZE
SBB,LATEST,cash_flow,value,-32500000.0,ACTUAL,VNSTOCK_BRONZE
SBB,LATEST,cash_flow,order,32.0,ACTUAL,VNSTOCK_BRONZE
SBB,LATEST,cash_flow,level,1.0,ACTUAL,VNSTOCK_BRONZE
SBB,LATEST,cash_flow,value,-30709517132.0,ACTUAL,VNSTOCK_BRONZE
SBB,LATEST,cash_flow,order,33.0,ACTUAL,VNSTOCK_BRONZE
SBB,LATEST,cash_flow,level,2.0,ACTUAL,VNSTOCK_BRONZE
SBB,LATEST,cash_flow,value,-2312479988.0,ACTUAL,VNSTOCK_BRONZE
SBB,LATEST,cash_flow,order,34.0,ACTUAL,VNSTOCK_BRONZE
SBB,LATEST,cash_flow,level,2.0,ACTUAL,VNSTOCK_BRONZE
SBB,LATEST,cash_flow,value,84754398.0,ACTUAL,VNSTOCK_BRONZE
SBB,LATEST,cash_flow,order,35.0,ACTUAL,VNSTOCK_BRONZE
SBB,LATEST,cash_flow,level,2.0,ACTUAL,VNSTOCK_BRONZE
SBB,LATEST,cash_flow,value,-29491178082.0,ACTUAL,VNSTOCK_BRONZE
SBB,LATEST,cash_flow,order,36.0,ACTUAL,VNSTOCK_BRONZE
SBB,LATEST,cash_flow,level,2.0,ACTUAL,VNSTOCK_BRONZE
SBB,LATEST,cash_flow,value,0.0,ACTUAL,VNSTOCK_BRONZE
SBB,LATEST,cash_flow,order,37.0,ACTUAL,VNSTOCK_BRONZE
SBB,LATEST,cash_flow,level,2.0,ACTUAL,VNSTOCK_BRONZE
SBB,LATEST,cash_flow,value,0.0,ACTUAL,VNSTOCK_BRONZE
SBB,LATEST,cash_flow,order,38.0,ACTUAL,VNSTOCK_BRONZE
SBB,LATEST,cash_flow,level,2.0,ACTUAL,VNSTOCK_BRONZE
SBB,LATEST,cash_flow,value,0.0,ACTUAL,VNSTOCK_BRONZE
SBB,LATEST,cash_flow,order,39.0,ACTUAL,VNSTOCK_BRONZE
SBB,LATEST,cash_flow,level,2.0,ACTUAL,VNSTOCK_BRONZE
SBB,LATEST,cash_flow,value,1009386540.0,ACTUAL,VNSTOCK_BRONZE
SBB,LATEST,cash_flow,order,40.0,ACTUAL,VNSTOCK_BRONZE
SBB,LATEST,cash_flow,level,1.0,ACTUAL,VNSTOCK_BRONZE
SBB,LATEST,cash_flow,order,41.0,ACTUAL,VNSTOCK_BRONZE
SBB,LATEST,cash_flow,level,2.0,ACTUAL,VNSTOCK_BRONZE
SBB,LATEST,cash_flow,value,0.0,ACTUAL,VNSTOCK_BRONZE
SBB,LATEST,cash_flow,order,42.0,ACTUAL,VNSTOCK_BRONZE
SBB,LATEST,cash_flow,level,2.0,ACTUAL,VNSTOCK_BRONZE
SBB,LATEST,cash_flow,value,0.0,ACTUAL,VNSTOCK_BRONZE
SBB,LATEST,cash_flow,order,43.0,ACTUAL,VNSTOCK_BRONZE
SBB,LATEST,cash_flow,level,2.0,ACTUAL,VNSTOCK_BRONZE
SBB,LATEST,cash_flow,value,47446632915.0,ACTUAL,VNSTOCK_BRONZE
SBB,LATEST,cash_flow,order,44.0,ACTUAL,VNSTOCK_BRONZE
SBB,LATEST,cash_flow,level,2.0,ACTUAL,VNSTOCK_BRONZE
SBB,LATEST,cash_flow,value,-85992686653.0,ACTUAL,VNSTOCK_BRONZE
SBB,LATEST,cash_flow,order,45.0,ACTUAL,VNSTOCK_BRONZE
SBB,LATEST,cash_flow,level,2.0,ACTUAL,VNSTOCK_BRONZE
SBB,LATEST,cash_flow,value,0.0,ACTUAL,VNSTOCK_BRONZE
SBB,LATEST,cash_flow,order,46.0,ACTUAL,VNSTOCK_BRONZE
SBB,LATEST,cash_flow,level,2.0,ACTUAL,VNSTOCK_BRONZE
SBB,LATEST,cash_flow,value,0.0,ACTUAL,VNSTOCK_BRONZE
SBB,LATEST,cash_flow,order,47.0,ACTUAL,VNSTOCK_BRONZE
SBB,LATEST,cash_flow,level,2.0,ACTUAL,VNSTOCK_BRONZE
SBB,LATEST,cash_flow,value,357168360077.0,ACTUAL,VNSTOCK_BRONZE
SBB,LATEST,cash_flow,order,48.0,ACTUAL,VNSTOCK_BRONZE
SBB,LATEST,cash_flow,level,1.0,ACTUAL,VNSTOCK_BRONZE
SBB,LATEST,cash_flow,order,49.0,ACTUAL,VNSTOCK_BRONZE
SBB,LATEST,cash_flow,level,1.0,ACTUAL,VNSTOCK_BRONZE
SBB,LATEST,cash_flow,order,50.0,ACTUAL,VNSTOCK_BRONZE
SBB,LATEST,cash_flow,level,1.0,ACTUAL,VNSTOCK_BRONZE
SBB,LATEST,cash_flow,order,51.0,ACTUAL,VNSTOCK_BRONZE
SBB,LATEST,cash_flow,level,1.0,ACTUAL,VNSTOCK_BRONZE
SBB,LATEST,cash_flow,value,395714413815.0,ACTUAL,VNSTOCK_BRONZE
SBB,LATEST,cash_flow,order,1.0,ACTUAL,VNSTOCK_BRONZE
SBB,LATEST,cash_flow,level,1.0,ACTUAL,VNSTOCK_BRONZE
SBB,LATEST,cash_flow,value,-34573512502.0,ACTUAL,VNSTOCK_BRONZE
SBB,LATEST,cash_flow,order,2.0,ACTUAL,VNSTOCK_BRONZE
SBB,LATEST,cash_flow,level,2.0,ACTUAL,VNSTOCK_BRONZE
SBB,LATEST,cash_flow,value,78063970083.0,ACTUAL,VNSTOCK_BRONZE
SBB,LATEST,cash_flow,order,3.0,ACTUAL,VNSTOCK_BRONZE
SBB,LATEST,cash_flow,level,2.0,ACTUAL,VNSTOCK_BRONZE
SBB,LATEST,cash_flow,value,37466805132.0,ACTUAL,VNSTOCK_BRONZE
SBB,LATEST,cash_flow,order,4.0,ACTUAL,VNSTOCK_BRONZE
SBB,LATEST,cash_flow,level,2.0,ACTUAL,VNSTOCK_BRONZE
SBB,LATEST,cash_flow,value,-1312682787.0,ACTUAL,VNSTOCK_BRONZE
SBB,LATEST,cash_flow,order,5.0,ACTUAL,VNSTOCK_BRONZE
SBB,LATEST,cash_flow,level,2.0,ACTUAL,VNSTOCK_BRONZE
SBB,LATEST,cash_flow,value,-10516717.0,ACTUAL,VNSTOCK_BRONZE
SBB,LATEST,cash_flow,order,6.0,ACTUAL,VNSTOCK_BRONZE
SBB,LATEST,cash_flow,level,2.0,ACTUAL,VNSTOCK_BRONZE
SBB,LATEST,cash_flow,value,0.0,ACTUAL,VNSTOCK_BRONZE
SBB,LATEST,cash_flow,order,7.0,ACTUAL,VNSTOCK_BRONZE
SBB,LATEST,cash_flow,level,2.0,ACTUAL,VNSTOCK_BRONZE
SBB,LATEST,cash_flow,value,-8148403790.0,ACTUAL,VNSTOCK_BRONZE
SBB,LATEST,cash_flow,order,8.0,ACTUAL,VNSTOCK_BRONZE
SBB,LATEST,cash_flow,level,2.0,ACTUAL,VNSTOCK_BRONZE
SBB,LATEST,cash_flow,value,-3889871143.0,ACTUAL,VNSTOCK_BRONZE
SBB,LATEST,cash_flow,order,9.0,ACTUAL,VNSTOCK_BRONZE
SBB,LATEST,cash_flow,level,2.0,ACTUAL,VNSTOCK_BRONZE
SBB,LATEST,cash_flow,value,0.0,ACTUAL,VNSTOCK_BRONZE
SBB,LATEST,cash_flow,order,10.0,ACTUAL,VNSTOCK_BRONZE
SBB,LATEST,cash_flow,level,2.0,ACTUAL,VNSTOCK_BRONZE
SBB,LATEST,cash_flow,value,0.0,ACTUAL,VNSTOCK_BRONZE
SBB,LATEST,cash_flow,order,11.0,ACTUAL,VNSTOCK_BRONZE
SBB,LATEST,cash_flow,level,2.0,ACTUAL,VNSTOCK_BRONZE
SBB,LATEST,cash_flow,value,0.0,ACTUAL,VNSTOCK_BRONZE
SBB,LATEST,cash_flow,order,12.0,ACTUAL,VNSTOCK_BRONZE
SBB,LATEST,cash_flow,level,2.0,ACTUAL,VNSTOCK_BRONZE
SBB,LATEST,cash_flow,value,0.0,ACTUAL,VNSTOCK_BRONZE
SBB,LATEST,cash_flow,order,13.0,ACTUAL,VNSTOCK_BRONZE
SBB,LATEST,cash_flow,level,2.0,ACTUAL,VNSTOCK_BRONZE
SBB,LATEST,cash_flow,value,102169300778.0,ACTUAL,VNSTOCK_BRONZE
SBB,LATEST,cash_flow,order,14.0,ACTUAL,VNSTOCK_BRONZE
SBB,LATEST,cash_flow,level,2.0,ACTUAL,VNSTOCK_BRONZE
SBB,LATEST,cash_flow,order,15.0,ACTUAL,VNSTOCK_BRONZE
SBB,LATEST,cash_flow,level,2.0,ACTUAL,VNSTOCK_BRONZE
SBB,LATEST,cash_flow,order,16.0,ACTUAL,VNSTOCK_BRONZE
SBB,LATEST,cash_flow,level,2.0,ACTUAL,VNSTOCK_BRONZE
SBB,LATEST,cash_flow,order,17.0,ACTUAL,VNSTOCK_BRONZE
SBB,LATEST,cash_flow,level,2.0,ACTUAL,VNSTOCK_BRONZE
SBB,LATEST,cash_flow,order,18.0,ACTUAL,VNSTOCK_BRONZE
SBB,LATEST,cash_flow,level,2.0,ACTUAL,VNSTOCK_BRONZE
SBB,LATEST,cash_flow,order,19.0,ACTUAL,VNSTOCK_BRONZE
SBB,LATEST,cash_flow,level,2.0,ACTUAL,VNSTOCK_BRONZE
SBB,LATEST,cash_flow,order,20.0,ACTUAL,VNSTOCK_BRONZE
SBB,LATEST,cash_flow,level,2.0,ACTUAL,VNSTOCK_BRONZE
SBB,LATEST,cash_flow,order,21.0,ACTUAL,VNSTOCK_BRONZE
SBB,LATEST,cash_flow,level,2.0,ACTUAL,VNSTOCK_BRONZE
SBB,LATEST,cash_flow,order,22.0,ACTUAL,VNSTOCK_BRONZE
SBB,LATEST,cash_flow,level,2.0,ACTUAL,VNSTOCK_BRONZE
SBB,LATEST,cash_flow,order,23.0,ACTUAL,VNSTOCK_BRONZE
SBB,LATEST,cash_flow,level,2.0,ACTUAL,VNSTOCK_BRONZE
SBB,LATEST,cash_flow,order,24.0,ACTUAL,VNSTOCK_BRONZE
SBB,LATEST,cash_flow,level,2.0,ACTUAL,VNSTOCK_BRONZE
SBB,LATEST,cash_flow,value,-201581171498.0,ACTUAL,VNSTOCK_BRONZE
SBB,LATEST,cash_flow,order,25.0,ACTUAL,VNSTOCK_BRONZE
SBB,LATEST,cash_flow,level,2.0,ACTUAL,VNSTOCK_BRONZE
SBB,LATEST,cash_flow,value,-4145235222.0,ACTUAL,VNSTOCK_BRONZE
SBB,LATEST,cash_flow,order,26.0,ACTUAL,VNSTOCK_BRONZE
SBB,LATEST,cash_flow,level,2.0,ACTUAL,VNSTOCK_BRONZE
SBB,LATEST,cash_flow,value,78406353933.0,ACTUAL,VNSTOCK_BRONZE
SBB,LATEST,cash_flow,order,27.0,ACTUAL,VNSTOCK_BRONZE
SBB,LATEST,cash_flow,level,2.0,ACTUAL,VNSTOCK_BRONZE
SBB,LATEST,cash_flow,value,1317770863.0,ACTUAL,VNSTOCK_BRONZE
SBB,LATEST,cash_flow,order,28.0,ACTUAL,VNSTOCK_BRONZE
SBB,LATEST,cash_flow,level,2.0,ACTUAL,VNSTOCK_BRONZE
SBB,LATEST,cash_flow,value,-3696546315.0,ACTUAL,VNSTOCK_BRONZE
SBB,LATEST,cash_flow,order,29.0,ACTUAL,VNSTOCK_BRONZE
SBB,LATEST,cash_flow,level,2.0,ACTUAL,VNSTOCK_BRONZE
SBB,LATEST,cash_flow,order,30.0,ACTUAL,VNSTOCK_BRONZE
SBB,LATEST,cash_flow,level,2.0,ACTUAL,VNSTOCK_BRONZE
SBB,LATEST,cash_flow,value,0.0,ACTUAL,VNSTOCK_BRONZE
SBB,LATEST,cash_flow,order,31.0,ACTUAL,VNSTOCK_BRONZE
SBB,LATEST,cash_flow,level,2.0,ACTUAL,VNSTOCK_BRONZE
SBB,LATEST,cash_flow,value,1890370073.0,ACTUAL,VNSTOCK_BRONZE
SBB,LATEST,cash_flow,order,32.0,ACTUAL,VNSTOCK_BRONZE
SBB,LATEST,cash_flow,level,1.0,ACTUAL,VNSTOCK_BRONZE
SBB,LATEST,cash_flow,value,6241096589.0,ACTUAL,VNSTOCK_BRONZE
SBB,LATEST,cash_flow,order,33.0,ACTUAL,VNSTOCK_BRONZE
SBB,LATEST,cash_flow,level,2.0,ACTUAL,VNSTOCK_BRONZE
SBB,LATEST,cash_flow,value,-4793807963.0,ACTUAL,VNSTOCK_BRONZE
SBB,LATEST,cash_flow,order,34.0,ACTUAL,VNSTOCK_BRONZE
SBB,LATEST,cash_flow,level,2.0,ACTUAL,VNSTOCK_BRONZE
SBB,LATEST,cash_flow,value,737272727.0,ACTUAL,VNSTOCK_BRONZE
SBB,LATEST,cash_flow,order,35.0,ACTUAL,VNSTOCK_BRONZE
SBB,LATEST,cash_flow,level,2.0,ACTUAL,VNSTOCK_BRONZE
SBB,LATEST,cash_flow,value,0.0,ACTUAL,VNSTOCK_BRONZE
SBB,LATEST,cash_flow,order,36.0,ACTUAL,VNSTOCK_BRONZE
SBB,LATEST,cash_flow,level,2.0,ACTUAL,VNSTOCK_BRONZE
SBB,LATEST,cash_flow,value,0.0,ACTUAL,VNSTOCK_BRONZE
SBB,LATEST,cash_flow,order,37.0,ACTUAL,VNSTOCK_BRONZE
SBB,LATEST,cash_flow,level,2.0,ACTUAL,VNSTOCK_BRONZE
SBB,LATEST,cash_flow,value,0.0,ACTUAL,VNSTOCK_BRONZE
SBB,LATEST,cash_flow,order,38.0,ACTUAL,VNSTOCK_BRONZE
SBB,LATEST,cash_flow,level,2.0,ACTUAL,VNSTOCK_BRONZE
SBB,LATEST,cash_flow,value,0.0,ACTUAL,VNSTOCK_BRONZE
SBB,LATEST,cash_flow,order,39.0,ACTUAL,VNSTOCK_BRONZE
SBB,LATEST,cash_flow,level,2.0,ACTUAL,VNSTOCK_BRONZE
SBB,LATEST,cash_flow,value,10297631825.0,ACTUAL,VNSTOCK_BRONZE
SBB,LATEST,cash_flow,order,40.0,ACTUAL,VNSTOCK_BRONZE
SBB,LATEST,cash_flow,level,1.0,ACTUAL,VNSTOCK_BRONZE
SBB,LATEST,cash_flow,order,41.0,ACTUAL,VNSTOCK_BRONZE
SBB,LATEST,cash_flow,level,2.0,ACTUAL,VNSTOCK_BRONZE
SBB,LATEST,cash_flow,value,0.0,ACTUAL,VNSTOCK_BRONZE
SBB,LATEST,cash_flow,order,42.0,ACTUAL,VNSTOCK_BRONZE
SBB,LATEST,cash_flow,level,2.0,ACTUAL,VNSTOCK_BRONZE
SBB,LATEST,cash_flow,value,0.0,ACTUAL,VNSTOCK_BRONZE
SBB,LATEST,cash_flow,order,43.0,ACTUAL,VNSTOCK_BRONZE
SBB,LATEST,cash_flow,level,2.0,ACTUAL,VNSTOCK_BRONZE
SBB,LATEST,cash_flow,value,113537690818.0,ACTUAL,VNSTOCK_BRONZE
SBB,LATEST,cash_flow,order,44.0,ACTUAL,VNSTOCK_BRONZE
SBB,LATEST,cash_flow,level,2.0,ACTUAL,VNSTOCK_BRONZE
SBB,LATEST,cash_flow,value,-111982460786.0,ACTUAL,VNSTOCK_BRONZE
SBB,LATEST,cash_flow,order,45.0,ACTUAL,VNSTOCK_BRONZE
SBB,LATEST,cash_flow,level,2.0,ACTUAL,VNSTOCK_BRONZE
SBB,LATEST,cash_flow,value,0.0,ACTUAL,VNSTOCK_BRONZE
SBB,LATEST,cash_flow,order,46.0,ACTUAL,VNSTOCK_BRONZE
SBB,LATEST,cash_flow,level,2.0,ACTUAL,VNSTOCK_BRONZE
SBB,LATEST,cash_flow,value,0.0,ACTUAL,VNSTOCK_BRONZE
SBB,LATEST,cash_flow,order,47.0,ACTUAL,VNSTOCK_BRONZE
SBB,LATEST,cash_flow,level,2.0,ACTUAL,VNSTOCK_BRONZE
SBB,LATEST,cash_flow,value,232793600263.0,ACTUAL,VNSTOCK_BRONZE
SBB,LATEST,cash_flow,order,48.0,ACTUAL,VNSTOCK_BRONZE
SBB,LATEST,cash_flow,level,1.0,ACTUAL,VNSTOCK_BRONZE
SBB,LATEST,cash_flow,order,49.0,ACTUAL,VNSTOCK_BRONZE
SBB,LATEST,cash_flow,level,1.0,ACTUAL,VNSTOCK_BRONZE
SBB,LATEST,cash_flow,order,50.0,ACTUAL,VNSTOCK_BRONZE
SBB,LATEST,cash_flow,level,1.0,ACTUAL,VNSTOCK_BRONZE
SBB,LATEST,cash_flow,order,51.0,ACTUAL,VNSTOCK_BRONZE
SBB,LATEST,cash_flow,level,1.0,ACTUAL,VNSTOCK_BRONZE
SBB,LATEST,cash_flow,value,231238370231.0,ACTUAL,VNSTOCK_BRONZE
SBB,LATEST,cash_flow,order,1.0,ACTUAL,VNSTOCK_BRONZE
SBB,LATEST,cash_flow,level,1.0,ACTUAL,VNSTOCK_BRONZE
SBB,LATEST,cash_flow,value,-78188790146.0,ACTUAL,VNSTOCK_BRONZE
SBB,LATEST,cash_flow,order,2.0,ACTUAL,VNSTOCK_BRONZE
SBB,LATEST,cash_flow,level,2.0,ACTUAL,VNSTOCK_BRONZE
SBB,LATEST,cash_flow,value,70934116234.0,ACTUAL,VNSTOCK_BRONZE
SBB,LATEST,cash_flow,order,3.0,ACTUAL,VNSTOCK_BRONZE
SBB,LATEST,cash_flow,level,2.0,ACTUAL,VNSTOCK_BRONZE
SBB,LATEST,cash_flow,value,37266242765.0,ACTUAL,VNSTOCK_BRONZE
SBB,LATEST,cash_flow,order,4.0,ACTUAL,VNSTOCK_BRONZE
SBB,LATEST,cash_flow,level,2.0,ACTUAL,VNSTOCK_BRONZE
SBB,LATEST,cash_flow,value,741102763.0,ACTUAL,VNSTOCK_BRONZE
SBB,LATEST,cash_flow,order,5.0,ACTUAL,VNSTOCK_BRONZE
SBB,LATEST,cash_flow,level,2.0,ACTUAL,VNSTOCK_BRONZE
SBB,LATEST,cash_flow,value,0.0,ACTUAL,VNSTOCK_BRONZE
SBB,LATEST,cash_flow,order,6.0,ACTUAL,VNSTOCK_BRONZE
SBB,LATEST,cash_flow,level,2.0,ACTUAL,VNSTOCK_BRONZE
SBB,LATEST,cash_flow,value,0.0,ACTUAL,VNSTOCK_BRONZE
SBB,LATEST,cash_flow,order,7.0,ACTUAL,VNSTOCK_BRONZE
SBB,LATEST,cash_flow,level,2.0,ACTUAL,VNSTOCK_BRONZE
SBB,LATEST,cash_flow,value,-2435627715.0,ACTUAL,VNSTOCK_BRONZE
SBB,LATEST,cash_flow,order,8.0,ACTUAL,VNSTOCK_BRONZE
SBB,LATEST,cash_flow,level,2.0,ACTUAL,VNSTOCK_BRONZE
SBB,LATEST,cash_flow,value,8428397492.0,ACTUAL,VNSTOCK_BRONZE
SBB,LATEST,cash_flow,order,9.0,ACTUAL,VNSTOCK_BRONZE
SBB,LATEST,cash_flow,level,2.0,ACTUAL,VNSTOCK_BRONZE
SBB,LATEST,cash_flow,value,0.0,ACTUAL,VNSTOCK_BRONZE
SBB,LATEST,cash_flow,order,10.0,ACTUAL,VNSTOCK_BRONZE
SBB,LATEST,cash_flow,level,2.0,ACTUAL,VNSTOCK_BRONZE
SBB,LATEST,cash_flow,value,0.0,ACTUAL,VNSTOCK_BRONZE
SBB,LATEST,cash_flow,order,11.0,ACTUAL,VNSTOCK_BRONZE
SBB,LATEST,cash_flow,level,2.0,ACTUAL,VNSTOCK_BRONZE
SBB,LATEST,cash_flow,value,0.0,ACTUAL,VNSTOCK_BRONZE
SBB,LATEST,cash_flow,order,12.0,ACTUAL,VNSTOCK_BRONZE
SBB,LATEST,cash_flow,level,2.0,ACTUAL,VNSTOCK_BRONZE
SBB,LATEST,cash_flow,value,0.0,ACTUAL,VNSTOCK_BRONZE
SBB,LATEST,cash_flow,order,13.0,ACTUAL,VNSTOCK_BRONZE
SBB,LATEST,cash_flow,level,2.0,ACTUAL,VNSTOCK_BRONZE
SBB,LATEST,cash_flow,value,114934231539.0,ACTUAL,VNSTOCK_BRONZE
SBB,LATEST,cash_flow,order,14.0,ACTUAL,VNSTOCK_BRONZE
SBB,LATEST,cash_flow,level,2.0,ACTUAL,VNSTOCK_BRONZE
SBB,LATEST,cash_flow,order,15.0,ACTUAL,VNSTOCK_BRONZE
SBB,LATEST,cash_flow,level,2.0,ACTUAL,VNSTOCK_BRONZE
SBB,LATEST,cash_flow,order,16.0,ACTUAL,VNSTOCK_BRONZE
SBB,LATEST,cash_flow,level,2.0,ACTUAL,VNSTOCK_BRONZE
SBB,LATEST,cash_flow,order,17.0,ACTUAL,VNSTOCK_BRONZE
SBB,LATEST,cash_flow,level,2.0,ACTUAL,VNSTOCK_BRONZE
SBB,LATEST,cash_flow,order,18.0,ACTUAL,VNSTOCK_BRONZE
SBB,LATEST,cash_flow,level,2.0,ACTUAL,VNSTOCK_BRONZE
SBB,LATEST,cash_flow,order,19.0,ACTUAL,VNSTOCK_BRONZE
SBB,LATEST,cash_flow,level,2.0,ACTUAL,VNSTOCK_BRONZE
SBB,LATEST,cash_flow,order,20.0,ACTUAL,VNSTOCK_BRONZE
SBB,LATEST,cash_flow,level,2.0,ACTUAL,VNSTOCK_BRONZE
SBB,LATEST,cash_flow,order,21.0,ACTUAL,VNSTOCK_BRONZE
SBB,LATEST,cash_flow,level,2.0,ACTUAL,VNSTOCK_BRONZE
SBB,LATEST,cash_flow,order,22.0,ACTUAL,VNSTOCK_BRONZE
SBB,LATEST,cash_flow,level,2.0,ACTUAL,VNSTOCK_BRONZE
SBB,LATEST,cash_flow,order,23.0,ACTUAL,VNSTOCK_BRONZE
SBB,LATEST,cash_flow,level,2.0,ACTUAL,VNSTOCK_BRONZE
SBB,LATEST,cash_flow,order,24.0,ACTUAL,VNSTOCK_BRONZE
SBB,LATEST,cash_flow,level,2.0,ACTUAL,VNSTOCK_BRONZE
SBB,LATEST,cash_flow,value,117711391839.0,ACTUAL,VNSTOCK_BRONZE
SBB,LATEST,cash_flow,order,25.0,ACTUAL,VNSTOCK_BRONZE
SBB,LATEST,cash_flow,level,2.0,ACTUAL,VNSTOCK_BRONZE
SBB,LATEST,cash_flow,value,-78159062349.0,ACTUAL,VNSTOCK_BRONZE
SBB,LATEST,cash_flow,order,26.0,ACTUAL,VNSTOCK_BRONZE
SBB,LATEST,cash_flow,level,2.0,ACTUAL,VNSTOCK_BRONZE
SBB,LATEST,cash_flow,value,-227671162210.0,ACTUAL,VNSTOCK_BRONZE
SBB,LATEST,cash_flow,order,27.0,ACTUAL,VNSTOCK_BRONZE
SBB,LATEST,cash_flow,level,2.0,ACTUAL,VNSTOCK_BRONZE
SBB,LATEST,cash_flow,value,-656768529.0,ACTUAL,VNSTOCK_BRONZE
SBB,LATEST,cash_flow,order,28.0,ACTUAL,VNSTOCK_BRONZE
SBB,LATEST,cash_flow,level,2.0,ACTUAL,VNSTOCK_BRONZE
SBB,LATEST,cash_flow,value,-836232701.0,ACTUAL,VNSTOCK_BRONZE
SBB,LATEST,cash_flow,order,29.0,ACTUAL,VNSTOCK_BRONZE
SBB,LATEST,cash_flow,level,2.0,ACTUAL,VNSTOCK_BRONZE
SBB,LATEST,cash_flow,order,30.0,ACTUAL,VNSTOCK_BRONZE
SBB,LATEST,cash_flow,level,2.0,ACTUAL,VNSTOCK_BRONZE
SBB,LATEST,cash_flow,value,0.0,ACTUAL,VNSTOCK_BRONZE
SBB,LATEST,cash_flow,order,31.0,ACTUAL,VNSTOCK_BRONZE
SBB,LATEST,cash_flow,level,2.0,ACTUAL,VNSTOCK_BRONZE
SBB,LATEST,cash_flow,value,-1923492573.0,ACTUAL,VNSTOCK_BRONZE
SBB,LATEST,cash_flow,order,32.0,ACTUAL,VNSTOCK_BRONZE
SBB,LATEST,cash_flow,level,1.0,ACTUAL,VNSTOCK_BRONZE
SBB,LATEST,cash_flow,value,4547099024.0,ACTUAL,VNSTOCK_BRONZE
SBB,LATEST,cash_flow,order,33.0,ACTUAL,VNSTOCK_BRONZE
SBB,LATEST,cash_flow,level,2.0,ACTUAL,VNSTOCK_BRONZE
SBB,LATEST,cash_flow,value,-6688350121.0,ACTUAL,VNSTOCK_BRONZE
SBB,LATEST,cash_flow,order,34.0,ACTUAL,VNSTOCK_BRONZE
SBB,LATEST,cash_flow,level,2.0,ACTUAL,VNSTOCK_BRONZE
SBB,LATEST,cash_flow,value,0.0,ACTUAL,VNSTOCK_BRONZE
SBB,LATEST,cash_flow,order,35.0,ACTUAL,VNSTOCK_BRONZE
SBB,LATEST,cash_flow,level,2.0,ACTUAL,VNSTOCK_BRONZE
SBB,LATEST,cash_flow,value,0.0,ACTUAL,VNSTOCK_BRONZE
SBB,LATEST,cash_flow,order,36.0,ACTUAL,VNSTOCK_BRONZE
SBB,LATEST,cash_flow,level,2.0,ACTUAL,VNSTOCK_BRONZE
SBB,LATEST,cash_flow,value,10000000000.0,ACTUAL,VNSTOCK_BRONZE
SBB,LATEST,cash_flow,order,37.0,ACTUAL,VNSTOCK_BRONZE
SBB,LATEST,cash_flow,level,2.0,ACTUAL,VNSTOCK_BRONZE
SBB,LATEST,cash_flow,value,0.0,ACTUAL,VNSTOCK_BRONZE
SBB,LATEST,cash_flow,order,38.0,ACTUAL,VNSTOCK_BRONZE
SBB,LATEST,cash_flow,level,2.0,ACTUAL,VNSTOCK_BRONZE
SBB,LATEST,cash_flow,value,0.0,ACTUAL,VNSTOCK_BRONZE
SBB,LATEST,cash_flow,order,39.0,ACTUAL,VNSTOCK_BRONZE
SBB,LATEST,cash_flow,level,2.0,ACTUAL,VNSTOCK_BRONZE
SBB,LATEST,cash_flow,value,1235449145.0,ACTUAL,VNSTOCK_BRONZE
SBB,LATEST,cash_flow,order,40.0,ACTUAL,VNSTOCK_BRONZE
SBB,LATEST,cash_flow,level,1.0,ACTUAL,VNSTOCK_BRONZE
SBB,LATEST,cash_flow,order,41.0,ACTUAL,VNSTOCK_BRONZE
SBB,LATEST,cash_flow,level,2.0,ACTUAL,VNSTOCK_BRONZE
SBB,LATEST,cash_flow,value,0.0,ACTUAL,VNSTOCK_BRONZE
SBB,LATEST,cash_flow,order,42.0,ACTUAL,VNSTOCK_BRONZE
SBB,LATEST,cash_flow,level,2.0,ACTUAL,VNSTOCK_BRONZE
SBB,LATEST,cash_flow,value,0.0,ACTUAL,VNSTOCK_BRONZE
SBB,LATEST,cash_flow,order,43.0,ACTUAL,VNSTOCK_BRONZE
SBB,LATEST,cash_flow,level,2.0,ACTUAL,VNSTOCK_BRONZE
SBB,LATEST,cash_flow,value,148820532172.0,ACTUAL,VNSTOCK_BRONZE
SBB,LATEST,cash_flow,order,44.0,ACTUAL,VNSTOCK_BRONZE
SBB,LATEST,cash_flow,level,2.0,ACTUAL,VNSTOCK_BRONZE
SBB,LATEST,cash_flow,value,-181164991597.0,ACTUAL,VNSTOCK_BRONZE
SBB,LATEST,cash_flow,order,45.0,ACTUAL,VNSTOCK_BRONZE
SBB,LATEST,cash_flow,level,2.0,ACTUAL,VNSTOCK_BRONZE
SBB,LATEST,cash_flow,value,0.0,ACTUAL,VNSTOCK_BRONZE
SBB,LATEST,cash_flow,order,46.0,ACTUAL,VNSTOCK_BRONZE
SBB,LATEST,cash_flow,level,2.0,ACTUAL,VNSTOCK_BRONZE
SBB,LATEST,cash_flow,value,-855000000.0,ACTUAL,VNSTOCK_BRONZE
SBB,LATEST,cash_flow,order,47.0,ACTUAL,VNSTOCK_BRONZE
SBB,LATEST,cash_flow,level,2.0,ACTUAL,VNSTOCK_BRONZE
SBB,LATEST,cash_flow,value,224805579970.0,ACTUAL,VNSTOCK_BRONZE
SBB,LATEST,cash_flow,order,48.0,ACTUAL,VNSTOCK_BRONZE
SBB,LATEST,cash_flow,level,1.0,ACTUAL,VNSTOCK_BRONZE
SBB,LATEST,cash_flow,order,49.0,ACTUAL,VNSTOCK_BRONZE
SBB,LATEST,cash_flow,level,1.0,ACTUAL,VNSTOCK_BRONZE
SBB,LATEST,cash_flow,order,50.0,ACTUAL,VNSTOCK_BRONZE
SBB,LATEST,cash_flow,level,1.0,ACTUAL,VNSTOCK_BRONZE
SBB,LATEST,cash_flow,order,51.0,ACTUAL,VNSTOCK_BRONZE
SBB,LATEST,cash_flow,level,1.0,ACTUAL,VNSTOCK_BRONZE
SBB,LATEST,cash_flow,value,258005039395.0,ACTUAL,VNSTOCK_BRONZE
SBB,LATEST,cash_flow,order,1.0,ACTUAL,VNSTOCK_BRONZE
SBB,LATEST,cash_flow,level,1.0,ACTUAL,VNSTOCK_BRONZE
SBB,LATEST,cash_flow,value,234877969575.0,ACTUAL,VNSTOCK_BRONZE
SBB,LATEST,cash_flow,order,2.0,ACTUAL,VNSTOCK_BRONZE
SBB,LATEST,cash_flow,level,2.0,ACTUAL,VNSTOCK_BRONZE
SBB,LATEST,cash_flow,value,34382004529.0,ACTUAL,VNSTOCK_BRONZE
SBB,LATEST,cash_flow,order,3.0,ACTUAL,VNSTOCK_BRONZE
SBB,LATEST,cash_flow,level,2.0,ACTUAL,VNSTOCK_BRONZE
SBB,LATEST,cash_flow,value,31214996986.0,ACTUAL,VNSTOCK_BRONZE
SBB,LATEST,cash_flow,order,4.0,ACTUAL,VNSTOCK_BRONZE
SBB,LATEST,cash_flow,level,2.0,ACTUAL,VNSTOCK_BRONZE
SBB,LATEST,cash_flow,value,47679806347.0,ACTUAL,VNSTOCK_BRONZE
SBB,LATEST,cash_flow,order,5.0,ACTUAL,VNSTOCK_BRONZE
SBB,LATEST,cash_flow,level,2.0,ACTUAL,VNSTOCK_BRONZE
SBB,LATEST,cash_flow,value,0.0,ACTUAL,VNSTOCK_BRONZE
SBB,LATEST,cash_flow,order,6.0,ACTUAL,VNSTOCK_BRONZE
SBB,LATEST,cash_flow,level,2.0,ACTUAL,VNSTOCK_BRONZE
SBB,LATEST,cash_flow,value,0.0,ACTUAL,VNSTOCK_BRONZE
SBB,LATEST,cash_flow,order,7.0,ACTUAL,VNSTOCK_BRONZE
SBB,LATEST,cash_flow,level,2.0,ACTUAL,VNSTOCK_BRONZE
SBB,LATEST,cash_flow,value,-10994055697.0,ACTUAL,VNSTOCK_BRONZE
SBB,LATEST,cash_flow,order,8.0,ACTUAL,VNSTOCK_BRONZE
SBB,LATEST,cash_flow,level,2.0,ACTUAL,VNSTOCK_BRONZE
SBB,LATEST,cash_flow,value,2510115743.0,ACTUAL,VNSTOCK_BRONZE
SBB,LATEST,cash_flow,order,9.0,ACTUAL,VNSTOCK_BRONZE
SBB,LATEST,cash_flow,level,2.0,ACTUAL,VNSTOCK_BRONZE
SBB,LATEST,cash_flow,value,0.0,ACTUAL,VNSTOCK_BRONZE
SBB,LATEST,cash_flow,order,10.0,ACTUAL,VNSTOCK_BRONZE
SBB,LATEST,cash_flow,level,2.0,ACTUAL,VNSTOCK_BRONZE
SBB,LATEST,cash_flow,value,0.0,ACTUAL,VNSTOCK_BRONZE
SBB,LATEST,cash_flow,order,11.0,ACTUAL,VNSTOCK_BRONZE
SBB,LATEST,cash_flow,level,2.0,ACTUAL,VNSTOCK_BRONZE
SBB,LATEST,cash_flow,value,0.0,ACTUAL,VNSTOCK_BRONZE
SBB,LATEST,cash_flow,order,12.0,ACTUAL,VNSTOCK_BRONZE
SBB,LATEST,cash_flow,level,2.0,ACTUAL,VNSTOCK_BRONZE
SBB,LATEST,cash_flow,value,0.0,ACTUAL,VNSTOCK_BRONZE
SBB,LATEST,cash_flow,order,13.0,ACTUAL,VNSTOCK_BRONZE
SBB,LATEST,cash_flow,level,2.0,ACTUAL,VNSTOCK_BRONZE
SBB,LATEST,cash_flow,value,104792867908.0,ACTUAL,VNSTOCK_BRONZE
SBB,LATEST,cash_flow,order,14.0,ACTUAL,VNSTOCK_BRONZE
SBB,LATEST,cash_flow,level,2.0,ACTUAL,VNSTOCK_BRONZE
SBB,LATEST,cash_flow,order,15.0,ACTUAL,VNSTOCK_BRONZE
SBB,LATEST,cash_flow,level,2.0,ACTUAL,VNSTOCK_BRONZE
SBB,LATEST,cash_flow,order,16.0,ACTUAL,VNSTOCK_BRONZE
SBB,LATEST,cash_flow,level,2.0,ACTUAL,VNSTOCK_BRONZE
SBB,LATEST,cash_flow,order,17.0,ACTUAL,VNSTOCK_BRONZE
SBB,LATEST,cash_flow,level,2.0,ACTUAL,VNSTOCK_BRONZE
SBB,LATEST,cash_flow,order,18.0,ACTUAL,VNSTOCK_BRONZE
SBB,LATEST,cash_flow,level,2.0,ACTUAL,VNSTOCK_BRONZE
SBB,LATEST,cash_flow,order,19.0,ACTUAL,VNSTOCK_BRONZE
SBB,LATEST,cash_flow,level,2.0,ACTUAL,VNSTOCK_BRONZE
SBB,LATEST,cash_flow,order,20.0,ACTUAL,VNSTOCK_BRONZE
SBB,LATEST,cash_flow,level,2.0,ACTUAL,VNSTOCK_BRONZE
SBB,LATEST,cash_flow,order,21.0,ACTUAL,VNSTOCK_BRONZE
SBB,LATEST,cash_flow,level,2.0,ACTUAL,VNSTOCK_BRONZE
SBB,LATEST,cash_flow,order,22.0,ACTUAL,VNSTOCK_BRONZE
SBB,LATEST,cash_flow,level,2.0,ACTUAL,VNSTOCK_BRONZE
SBB,LATEST,cash_flow,order,23.0,ACTUAL,VNSTOCK_BRONZE
SBB,LATEST,cash_flow,level,2.0,ACTUAL,VNSTOCK_BRONZE
SBB,LATEST,cash_flow,order,24.0,ACTUAL,VNSTOCK_BRONZE
SBB,LATEST,cash_flow,level,2.0,ACTUAL,VNSTOCK_BRONZE
SBB,LATEST,cash_flow,value,-63622759956.0,ACTUAL,VNSTOCK_BRONZE
SBB,LATEST,cash_flow,order,25.0,ACTUAL,VNSTOCK_BRONZE
SBB,LATEST,cash_flow,level,2.0,ACTUAL,VNSTOCK_BRONZE
SBB,LATEST,cash_flow,value,89573169780.0,ACTUAL,VNSTOCK_BRONZE
SBB,LATEST,cash_flow,order,26.0,ACTUAL,VNSTOCK_BRONZE
SBB,LATEST,cash_flow,level,2.0,ACTUAL,VNSTOCK_BRONZE
SBB,LATEST,cash_flow,value,99547054659.0,ACTUAL,VNSTOCK_BRONZE
SBB,LATEST,cash_flow,order,27.0,ACTUAL,VNSTOCK_BRONZE
SBB,LATEST,cash_flow,level,2.0,ACTUAL,VNSTOCK_BRONZE
SBB,LATEST,cash_flow,value,1368450679.0,ACTUAL,VNSTOCK_BRONZE
SBB,LATEST,cash_flow,order,28.0,ACTUAL,VNSTOCK_BRONZE
SBB,LATEST,cash_flow,level,2.0,ACTUAL,VNSTOCK_BRONZE
SBB,LATEST,cash_flow,value,-3880231914.0,ACTUAL,VNSTOCK_BRONZE
SBB,LATEST,cash_flow,order,29.0,ACTUAL,VNSTOCK_BRONZE
SBB,LATEST,cash_flow,level,2.0,ACTUAL,VNSTOCK_BRONZE
SBB,LATEST,cash_flow,order,30.0,ACTUAL,VNSTOCK_BRONZE
SBB,LATEST,cash_flow,level,2.0,ACTUAL,VNSTOCK_BRONZE
SBB,LATEST,cash_flow,value,-20000000.0,ACTUAL,VNSTOCK_BRONZE
SBB,LATEST,cash_flow,order,31.0,ACTUAL,VNSTOCK_BRONZE
SBB,LATEST,cash_flow,level,2.0,ACTUAL,VNSTOCK_BRONZE
SBB,LATEST,cash_flow,value,7119418419.0,ACTUAL,VNSTOCK_BRONZE
SBB,LATEST,cash_flow,order,32.0,ACTUAL,VNSTOCK_BRONZE
SBB,LATEST,cash_flow,level,1.0,ACTUAL,VNSTOCK_BRONZE
SBB,LATEST,cash_flow,value,19006353546.0,ACTUAL,VNSTOCK_BRONZE
SBB,LATEST,cash_flow,order,33.0,ACTUAL,VNSTOCK_BRONZE
SBB,LATEST,cash_flow,level,2.0,ACTUAL,VNSTOCK_BRONZE
SBB,LATEST,cash_flow,value,-2209354602.0,ACTUAL,VNSTOCK_BRONZE
SBB,LATEST,cash_flow,order,34.0,ACTUAL,VNSTOCK_BRONZE
SBB,LATEST,cash_flow,level,2.0,ACTUAL,VNSTOCK_BRONZE
SBB,LATEST,cash_flow,value,181818182.0,ACTUAL,VNSTOCK_BRONZE
SBB,LATEST,cash_flow,order,35.0,ACTUAL,VNSTOCK_BRONZE
SBB,LATEST,cash_flow,level,2.0,ACTUAL,VNSTOCK_BRONZE
SBB,LATEST,cash_flow,value,0.0,ACTUAL,VNSTOCK_BRONZE
SBB,LATEST,cash_flow,order,36.0,ACTUAL,VNSTOCK_BRONZE
SBB,LATEST,cash_flow,level,2.0,ACTUAL,VNSTOCK_BRONZE
SBB,LATEST,cash_flow,value,18000000000.0,ACTUAL,VNSTOCK_BRONZE
SBB,LATEST,cash_flow,order,37.0,ACTUAL,VNSTOCK_BRONZE
SBB,LATEST,cash_flow,level,2.0,ACTUAL,VNSTOCK_BRONZE
SBB,LATEST,cash_flow,value,0.0,ACTUAL,VNSTOCK_BRONZE
SBB,LATEST,cash_flow,order,38.0,ACTUAL,VNSTOCK_BRONZE
SBB,LATEST,cash_flow,level,2.0,ACTUAL,VNSTOCK_BRONZE
SBB,LATEST,cash_flow,value,0.0,ACTUAL,VNSTOCK_BRONZE
SBB,LATEST,cash_flow,order,39.0,ACTUAL,VNSTOCK_BRONZE
SBB,LATEST,cash_flow,level,2.0,ACTUAL,VNSTOCK_BRONZE
SBB,LATEST,cash_flow,value,3033889966.0,ACTUAL,VNSTOCK_BRONZE
SBB,LATEST,cash_flow,order,40.0,ACTUAL,VNSTOCK_BRONZE
SBB,LATEST,cash_flow,level,1.0,ACTUAL,VNSTOCK_BRONZE
SBB,LATEST,cash_flow,order,41.0,ACTUAL,VNSTOCK_BRONZE
SBB,LATEST,cash_flow,level,2.0,ACTUAL,VNSTOCK_BRONZE
SBB,LATEST,cash_flow,value,0.0,ACTUAL,VNSTOCK_BRONZE
SBB,LATEST,cash_flow,order,42.0,ACTUAL,VNSTOCK_BRONZE
SBB,LATEST,cash_flow,level,2.0,ACTUAL,VNSTOCK_BRONZE
SBB,LATEST,cash_flow,value,0.0,ACTUAL,VNSTOCK_BRONZE
SBB,LATEST,cash_flow,order,43.0,ACTUAL,VNSTOCK_BRONZE
SBB,LATEST,cash_flow,level,2.0,ACTUAL,VNSTOCK_BRONZE
SBB,LATEST,cash_flow,value,210927294484.0,ACTUAL,VNSTOCK_BRONZE
SBB,LATEST,cash_flow,order,44.0,ACTUAL,VNSTOCK_BRONZE
SBB,LATEST,cash_flow,level,2.0,ACTUAL,VNSTOCK_BRONZE
SBB,LATEST,cash_flow,value,-310860978665.0,ACTUAL,VNSTOCK_BRONZE
SBB,LATEST,cash_flow,order,45.0,ACTUAL,VNSTOCK_BRONZE
SBB,LATEST,cash_flow,level,2.0,ACTUAL,VNSTOCK_BRONZE
SBB,LATEST,cash_flow,value,0.0,ACTUAL,VNSTOCK_BRONZE
SBB,LATEST,cash_flow,order,46.0,ACTUAL,VNSTOCK_BRONZE
SBB,LATEST,cash_flow,level,2.0,ACTUAL,VNSTOCK_BRONZE
SBB,LATEST,cash_flow,value,0.0,ACTUAL,VNSTOCK_BRONZE
SBB,LATEST,cash_flow,order,47.0,ACTUAL,VNSTOCK_BRONZE
SBB,LATEST,cash_flow,level,2.0,ACTUAL,VNSTOCK_BRONZE
SBB,LATEST,cash_flow,value,264912505761.0,ACTUAL,VNSTOCK_BRONZE
SBB,LATEST,cash_flow,order,48.0,ACTUAL,VNSTOCK_BRONZE
SBB,LATEST,cash_flow,level,1.0,ACTUAL,VNSTOCK_BRONZE
SBB,LATEST,cash_flow,order,49.0,ACTUAL,VNSTOCK_BRONZE
SBB,LATEST,cash_flow,level,1.0,ACTUAL,VNSTOCK_BRONZE
SBB,LATEST,cash_flow,order,50.0,ACTUAL,VNSTOCK_BRONZE
SBB,LATEST,cash_flow,level,1.0,ACTUAL,VNSTOCK_BRONZE
SBB,LATEST,cash_flow,order,51.0,ACTUAL,VNSTOCK_BRONZE
SBB,LATEST,cash_flow,level,1.0,ACTUAL,VNSTOCK_BRONZE
SBB,LATEST,cash_flow,value,364846189942.0,ACTUAL,VNSTOCK_BRONZE
SBB,LATEST,cash_flow,order,1.0,ACTUAL,VNSTOCK_BRONZE
SBB,LATEST,cash_flow,level,1.0,ACTUAL,VNSTOCK_BRONZE
SBB,LATEST,cash_flow,value,33133964960.0,ACTUAL,VNSTOCK_BRONZE
SBB,LATEST,cash_flow,order,2.0,ACTUAL,VNSTOCK_BRONZE
SBB,LATEST,cash_flow,level,2.0,ACTUAL,VNSTOCK_BRONZE
SBB,LATEST,cash_flow,value,13459612374.0,ACTUAL,VNSTOCK_BRONZE
SBB,LATEST,cash_flow,order,3.0,ACTUAL,VNSTOCK_BRONZE
SBB,LATEST,cash_flow,level,2.0,ACTUAL,VNSTOCK_BRONZE
SBB,LATEST,cash_flow,value,46063500573.0,ACTUAL,VNSTOCK_BRONZE
SBB,LATEST,cash_flow,order,4.0,ACTUAL,VNSTOCK_BRONZE
SBB,LATEST,cash_flow,level,2.0,ACTUAL,VNSTOCK_BRONZE
SBB,LATEST,cash_flow,value,0.0,ACTUAL,VNSTOCK_BRONZE
SBB,LATEST,cash_flow,order,5.0,ACTUAL,VNSTOCK_BRONZE
SBB,LATEST,cash_flow,level,2.0,ACTUAL,VNSTOCK_BRONZE
SBB,LATEST,cash_flow,value,0.0,ACTUAL,VNSTOCK_BRONZE
SBB,LATEST,cash_flow,order,6.0,ACTUAL,VNSTOCK_BRONZE
SBB,LATEST,cash_flow,level,2.0,ACTUAL,VNSTOCK_BRONZE
SBB,LATEST,cash_flow,value,0.0,ACTUAL,VNSTOCK_BRONZE
SBB,LATEST,cash_flow,order,7.0,ACTUAL,VNSTOCK_BRONZE
SBB,LATEST,cash_flow,level,2.0,ACTUAL,VNSTOCK_BRONZE
SBB,LATEST,cash_flow,value,-2648647427.0,ACTUAL,VNSTOCK_BRONZE
SBB,LATEST,cash_flow,order,8.0,ACTUAL,VNSTOCK_BRONZE
SBB,LATEST,cash_flow,level,2.0,ACTUAL,VNSTOCK_BRONZE
SBB,LATEST,cash_flow,value,5860602054.0,ACTUAL,VNSTOCK_BRONZE
SBB,LATEST,cash_flow,order,9.0,ACTUAL,VNSTOCK_BRONZE
SBB,LATEST,cash_flow,level,2.0,ACTUAL,VNSTOCK_BRONZE
SBB,LATEST,cash_flow,value,0.0,ACTUAL,VNSTOCK_BRONZE
SBB,LATEST,cash_flow,order,10.0,ACTUAL,VNSTOCK_BRONZE
SBB,LATEST,cash_flow,level,2.0,ACTUAL,VNSTOCK_BRONZE
SBB,LATEST,cash_flow,value,0.0,ACTUAL,VNSTOCK_BRONZE
SBB,LATEST,cash_flow,order,11.0,ACTUAL,VNSTOCK_BRONZE
SBB,LATEST,cash_flow,level,2.0,ACTUAL,VNSTOCK_BRONZE
SBB,LATEST,cash_flow,value,0.0,ACTUAL,VNSTOCK_BRONZE
SBB,LATEST,cash_flow,order,12.0,ACTUAL,VNSTOCK_BRONZE
SBB,LATEST,cash_flow,level,2.0,ACTUAL,VNSTOCK_BRONZE
SBB,LATEST,cash_flow,value,0.0,ACTUAL,VNSTOCK_BRONZE
SBB,LATEST,cash_flow,order,13.0,ACTUAL,VNSTOCK_BRONZE
SBB,LATEST,cash_flow,level,2.0,ACTUAL,VNSTOCK_BRONZE
SBB,LATEST,cash_flow,value,62735067574.0,ACTUAL,VNSTOCK_BRONZE
SBB,LATEST,cash_flow,order,14.0,ACTUAL,VNSTOCK_BRONZE
SBB,LATEST,cash_flow,level,2.0,ACTUAL,VNSTOCK_BRONZE
SBB,LATEST,cash_flow,order,15.0,ACTUAL,VNSTOCK_BRONZE
SBB,LATEST,cash_flow,level,2.0,ACTUAL,VNSTOCK_BRONZE
SBB,LATEST,cash_flow,order,16.0,ACTUAL,VNSTOCK_BRONZE
SBB,LATEST,cash_flow,level,2.0,ACTUAL,VNSTOCK_BRONZE
SBB,LATEST,cash_flow,order,17.0,ACTUAL,VNSTOCK_BRONZE
SBB,LATEST,cash_flow,level,2.0,ACTUAL,VNSTOCK_BRONZE
SBB,LATEST,cash_flow,order,18.0,ACTUAL,VNSTOCK_BRONZE
SBB,LATEST,cash_flow,level,2.0,ACTUAL,VNSTOCK_BRONZE
SBB,LATEST,cash_flow,order,19.0,ACTUAL,VNSTOCK_BRONZE
SBB,LATEST,cash_flow,level,2.0,ACTUAL,VNSTOCK_BRONZE
SBB,LATEST,cash_flow,order,20.0,ACTUAL,VNSTOCK_BRONZE
SBB,LATEST,cash_flow,level,2.0,ACTUAL,VNSTOCK_BRONZE
SBB,LATEST,cash_flow,order,21.0,ACTUAL,VNSTOCK_BRONZE
SBB,LATEST,cash_flow,level,2.0,ACTUAL,VNSTOCK_BRONZE
SBB,LATEST,cash_flow,order,22.0,ACTUAL,VNSTOCK_BRONZE
SBB,LATEST,cash_flow,level,2.0,ACTUAL,VNSTOCK_BRONZE
SBB,LATEST,cash_flow,order,23.0,ACTUAL,VNSTOCK_BRONZE
SBB,LATEST,cash_flow,level,2.0,ACTUAL,VNSTOCK_BRONZE
SBB,LATEST,cash_flow,order,24.0,ACTUAL,VNSTOCK_BRONZE
SBB,LATEST,cash_flow,level,2.0,ACTUAL,VNSTOCK_BRONZE
SBB,LATEST,cash_flow,value,-39863547810.0,ACTUAL,VNSTOCK_BRONZE
SBB,LATEST,cash_flow,order,25.0,ACTUAL,VNSTOCK_BRONZE
SBB,LATEST,cash_flow,level,2.0,ACTUAL,VNSTOCK_BRONZE
SBB,LATEST,cash_flow,value,-20650256058.0,ACTUAL,VNSTOCK_BRONZE
SBB,LATEST,cash_flow,order,26.0,ACTUAL,VNSTOCK_BRONZE
SBB,LATEST,cash_flow,level,2.0,ACTUAL,VNSTOCK_BRONZE
SBB,LATEST,cash_flow,value,39990964410.0,ACTUAL,VNSTOCK_BRONZE
SBB,LATEST,cash_flow,order,27.0,ACTUAL,VNSTOCK_BRONZE
SBB,LATEST,cash_flow,level,2.0,ACTUAL,VNSTOCK_BRONZE
SBB,LATEST,cash_flow,value,8176018279.0,ACTUAL,VNSTOCK_BRONZE
SBB,LATEST,cash_flow,order,28.0,ACTUAL,VNSTOCK_BRONZE
SBB,LATEST,cash_flow,level,2.0,ACTUAL,VNSTOCK_BRONZE
SBB,LATEST,cash_flow,value,-6108866205.0,ACTUAL,VNSTOCK_BRONZE
SBB,LATEST,cash_flow,order,29.0,ACTUAL,VNSTOCK_BRONZE
SBB,LATEST,cash_flow,level,2.0,ACTUAL,VNSTOCK_BRONZE
SBB,LATEST,cash_flow,order,30.0,ACTUAL,VNSTOCK_BRONZE
SBB,LATEST,cash_flow,level,2.0,ACTUAL,VNSTOCK_BRONZE
SBB,LATEST,cash_flow,value,20000000.0,ACTUAL,VNSTOCK_BRONZE
SBB,LATEST,cash_flow,order,31.0,ACTUAL,VNSTOCK_BRONZE
SBB,LATEST,cash_flow,level,2.0,ACTUAL,VNSTOCK_BRONZE
SBB,LATEST,cash_flow,value,-9255254579.0,ACTUAL,VNSTOCK_BRONZE
SBB,LATEST,cash_flow,order,32.0,ACTUAL,VNSTOCK_BRONZE
SBB,LATEST,cash_flow,level,1.0,ACTUAL,VNSTOCK_BRONZE
SBB,LATEST,cash_flow,value,47042569584.0,ACTUAL,VNSTOCK_BRONZE
SBB,LATEST,cash_flow,order,33.0,ACTUAL,VNSTOCK_BRONZE
SBB,LATEST,cash_flow,level,2.0,ACTUAL,VNSTOCK_BRONZE
SBB,LATEST,cash_flow,value,-10006413754.0,ACTUAL,VNSTOCK_BRONZE
SBB,LATEST,cash_flow,order,34.0,ACTUAL,VNSTOCK_BRONZE
SBB,LATEST,cash_flow,level,2.0,ACTUAL,VNSTOCK_BRONZE
SBB,LATEST,cash_flow,value,0.0,ACTUAL,VNSTOCK_BRONZE
SBB,LATEST,cash_flow,order,35.0,ACTUAL,VNSTOCK_BRONZE
SBB,LATEST,cash_flow,level,2.0,ACTUAL,VNSTOCK_BRONZE
SBB,LATEST,cash_flow,value,-709877267.0,ACTUAL,VNSTOCK_BRONZE
SBB,LATEST,cash_flow,order,36.0,ACTUAL,VNSTOCK_BRONZE
SBB,LATEST,cash_flow,level,2.0,ACTUAL,VNSTOCK_BRONZE
SBB,LATEST,cash_flow,value,55110213178.0,ACTUAL,VNSTOCK_BRONZE
SBB,LATEST,cash_flow,order,37.0,ACTUAL,VNSTOCK_BRONZE
SBB,LATEST,cash_flow,level,2.0,ACTUAL,VNSTOCK_BRONZE
SBB,LATEST,cash_flow,value,0.0,ACTUAL,VNSTOCK_BRONZE
SBB,LATEST,cash_flow,order,38.0,ACTUAL,VNSTOCK_BRONZE
SBB,LATEST,cash_flow,level,2.0,ACTUAL,VNSTOCK_BRONZE
SBB,LATEST,cash_flow,value,0.0,ACTUAL,VNSTOCK_BRONZE
SBB,LATEST,cash_flow,order,39.0,ACTUAL,VNSTOCK_BRONZE
SBB,LATEST,cash_flow,level,2.0,ACTUAL,VNSTOCK_BRONZE
SBB,LATEST,cash_flow,value,2648647427.0,ACTUAL,VNSTOCK_BRONZE
SBB,LATEST,cash_flow,order,40.0,ACTUAL,VNSTOCK_BRONZE
SBB,LATEST,cash_flow,level,1.0,ACTUAL,VNSTOCK_BRONZE
SBB,LATEST,cash_flow,order,41.0,ACTUAL,VNSTOCK_BRONZE
SBB,LATEST,cash_flow,level,2.0,ACTUAL,VNSTOCK_BRONZE
SBB,LATEST,cash_flow,value,0.0,ACTUAL,VNSTOCK_BRONZE
SBB,LATEST,cash_flow,order,42.0,ACTUAL,VNSTOCK_BRONZE
SBB,LATEST,cash_flow,level,2.0,ACTUAL,VNSTOCK_BRONZE
SBB,LATEST,cash_flow,value,0.0,ACTUAL,VNSTOCK_BRONZE
SBB,LATEST,cash_flow,order,43.0,ACTUAL,VNSTOCK_BRONZE
SBB,LATEST,cash_flow,level,2.0,ACTUAL,VNSTOCK_BRONZE
SBB,LATEST,cash_flow,value,183130275967.0,ACTUAL,VNSTOCK_BRONZE
SBB,LATEST,cash_flow,order,44.0,ACTUAL,VNSTOCK_BRONZE
SBB,LATEST,cash_flow,level,2.0,ACTUAL,VNSTOCK_BRONZE
SBB,LATEST,cash_flow,value,-199189002200.0,ACTUAL,VNSTOCK_BRONZE
SBB,LATEST,cash_flow,order,45.0,ACTUAL,VNSTOCK_BRONZE
SBB,LATEST,cash_flow,level,2.0,ACTUAL,VNSTOCK_BRONZE
SBB,LATEST,cash_flow,value,0.0,ACTUAL,VNSTOCK_BRONZE
SBB,LATEST,cash_flow,order,46.0,ACTUAL,VNSTOCK_BRONZE
SBB,LATEST,cash_flow,level,2.0,ACTUAL,VNSTOCK_BRONZE
SBB,LATEST,cash_flow,value,0.0,ACTUAL,VNSTOCK_BRONZE
SBB,LATEST,cash_flow,order,47.0,ACTUAL,VNSTOCK_BRONZE
SBB,LATEST,cash_flow,level,2.0,ACTUAL,VNSTOCK_BRONZE
SBB,LATEST,cash_flow,value,194836824769.0,ACTUAL,VNSTOCK_BRONZE
SBB,LATEST,cash_flow,order,48.0,ACTUAL,VNSTOCK_BRONZE
SBB,LATEST,cash_flow,level,1.0,ACTUAL,VNSTOCK_BRONZE
SBB,LATEST,cash_flow,order,49.0,ACTUAL,VNSTOCK_BRONZE
SBB,LATEST,cash_flow,level,1.0,ACTUAL,VNSTOCK_BRONZE
SBB,LATEST,cash_flow,order,50.0,ACTUAL,VNSTOCK_BRONZE
SBB,LATEST,cash_flow,level,1.0,ACTUAL,VNSTOCK_BRONZE
SBB,LATEST,cash_flow,order,51.0,ACTUAL,VNSTOCK_BRONZE
SBB,LATEST,cash_flow,level,1.0,ACTUAL,VNSTOCK_BRONZE
SBB,LATEST,cash_flow,value,210895551002.0,ACTUAL,VNSTOCK_BRONZE
SBB,LATEST,cash_flow,order,1.0,ACTUAL,VNSTOCK_BRONZE
SBB,LATEST,cash_flow,level,1.0,ACTUAL,VNSTOCK_BRONZE
SBB,LATEST,cash_flow,value,-69765856116.0,ACTUAL,VNSTOCK_BRONZE
SBB,LATEST,cash_flow,order,2.0,ACTUAL,VNSTOCK_BRONZE
SBB,LATEST,cash_flow,level,2.0,ACTUAL,VNSTOCK_BRONZE
SBB,LATEST,cash_flow,value,-169417942520.0,ACTUAL,VNSTOCK_BRONZE
SBB,LATEST,cash_flow,order,3.0,ACTUAL,VNSTOCK_BRONZE
SBB,LATEST,cash_flow,level,2.0,ACTUAL,VNSTOCK_BRONZE
SBB,LATEST,cash_flow,value,46239955621.0,ACTUAL,VNSTOCK_BRONZE
SBB,LATEST,cash_flow,order,4.0,ACTUAL,VNSTOCK_BRONZE
SBB,LATEST,cash_flow,level,2.0,ACTUAL,VNSTOCK_BRONZE
SBB,LATEST,cash_flow,value,50624446451.0,ACTUAL,VNSTOCK_BRONZE
SBB,LATEST,cash_flow,order,5.0,ACTUAL,VNSTOCK_BRONZE
SBB,LATEST,cash_flow,level,2.0,ACTUAL,VNSTOCK_BRONZE
SBB,LATEST,cash_flow,value,-1556156654.0,ACTUAL,VNSTOCK_BRONZE
SBB,LATEST,cash_flow,order,6.0,ACTUAL,VNSTOCK_BRONZE
SBB,LATEST,cash_flow,level,2.0,ACTUAL,VNSTOCK_BRONZE
SBB,LATEST,cash_flow,value,0.0,ACTUAL,VNSTOCK_BRONZE
SBB,LATEST,cash_flow,order,7.0,ACTUAL,VNSTOCK_BRONZE
SBB,LATEST,cash_flow,level,2.0,ACTUAL,VNSTOCK_BRONZE
SBB,LATEST,cash_flow,value,-10446376096.0,ACTUAL,VNSTOCK_BRONZE
SBB,LATEST,cash_flow,order,8.0,ACTUAL,VNSTOCK_BRONZE
SBB,LATEST,cash_flow,level,2.0,ACTUAL,VNSTOCK_BRONZE
SBB,LATEST,cash_flow,value,4805155567.0,ACTUAL,VNSTOCK_BRONZE
SBB,LATEST,cash_flow,order,9.0,ACTUAL,VNSTOCK_BRONZE
SBB,LATEST,cash_flow,level,2.0,ACTUAL,VNSTOCK_BRONZE
SBB,LATEST,cash_flow,value,0.0,ACTUAL,VNSTOCK_BRONZE
SBB,LATEST,cash_flow,order,10.0,ACTUAL,VNSTOCK_BRONZE
SBB,LATEST,cash_flow,level,2.0,ACTUAL,VNSTOCK_BRONZE
SBB,LATEST,cash_flow,value,0.0,ACTUAL,VNSTOCK_BRONZE
SBB,LATEST,cash_flow,order,11.0,ACTUAL,VNSTOCK_BRONZE
SBB,LATEST,cash_flow,level,2.0,ACTUAL,VNSTOCK_BRONZE
SBB,LATEST,cash_flow,value,0.0,ACTUAL,VNSTOCK_BRONZE
SBB,LATEST,cash_flow,order,12.0,ACTUAL,VNSTOCK_BRONZE
SBB,LATEST,cash_flow,level,2.0,ACTUAL,VNSTOCK_BRONZE
SBB,LATEST,cash_flow,value,0.0,ACTUAL,VNSTOCK_BRONZE
SBB,LATEST,cash_flow,order,13.0,ACTUAL,VNSTOCK_BRONZE
SBB,LATEST,cash_flow,level,2.0,ACTUAL,VNSTOCK_BRONZE
SBB,LATEST,cash_flow,value,-79750917631.0,ACTUAL,VNSTOCK_BRONZE
SBB,LATEST,cash_flow,order,14.0,ACTUAL,VNSTOCK_BRONZE
SBB,LATEST,cash_flow,level,2.0,ACTUAL,VNSTOCK_BRONZE
SBB,LATEST,cash_flow,order,15.0,ACTUAL,VNSTOCK_BRONZE
SBB,LATEST,cash_flow,level,2.0,ACTUAL,VNSTOCK_BRONZE
SBB,LATEST,cash_flow,order,16.0,ACTUAL,VNSTOCK_BRONZE
SBB,LATEST,cash_flow,level,2.0,ACTUAL,VNSTOCK_BRONZE
SBB,LATEST,cash_flow,order,17.0,ACTUAL,VNSTOCK_BRONZE
SBB,LATEST,cash_flow,level,2.0,ACTUAL,VNSTOCK_BRONZE
SBB,LATEST,cash_flow,order,18.0,ACTUAL,VNSTOCK_BRONZE
SBB,LATEST,cash_flow,level,2.0,ACTUAL,VNSTOCK_BRONZE
SBB,LATEST,cash_flow,order,19.0,ACTUAL,VNSTOCK_BRONZE
SBB,LATEST,cash_flow,level,2.0,ACTUAL,VNSTOCK_BRONZE
SBB,LATEST,cash_flow,order,20.0,ACTUAL,VNSTOCK_BRONZE
SBB,LATEST,cash_flow,level,2.0,ACTUAL,VNSTOCK_BRONZE
SBB,LATEST,cash_flow,order,21.0,ACTUAL,VNSTOCK_BRONZE
SBB,LATEST,cash_flow,level,2.0,ACTUAL,VNSTOCK_BRONZE
SBB,LATEST,cash_flow,order,22.0,ACTUAL,VNSTOCK_BRONZE
SBB,LATEST,cash_flow,level,2.0,ACTUAL,VNSTOCK_BRONZE
SBB,LATEST,cash_flow,order,23.0,ACTUAL,VNSTOCK_BRONZE
SBB,LATEST,cash_flow,level,2.0,ACTUAL,VNSTOCK_BRONZE
SBB,LATEST,cash_flow,order,24.0,ACTUAL,VNSTOCK_BRONZE
SBB,LATEST,cash_flow,level,2.0,ACTUAL,VNSTOCK_BRONZE
SBB,LATEST,cash_flow,value,-160161367154.0,ACTUAL,VNSTOCK_BRONZE
SBB,LATEST,cash_flow,order,25.0,ACTUAL,VNSTOCK_BRONZE
SBB,LATEST,cash_flow,level,2.0,ACTUAL,VNSTOCK_BRONZE
SBB,LATEST,cash_flow,value,-14886430456.0,ACTUAL,VNSTOCK_BRONZE
SBB,LATEST,cash_flow,order,26.0,ACTUAL,VNSTOCK_BRONZE
SBB,LATEST,cash_flow,level,2.0,ACTUAL,VNSTOCK_BRONZE
SBB,LATEST,cash_flow,value,149886761331.0,ACTUAL,VNSTOCK_BRONZE
SBB,LATEST,cash_flow,order,27.0,ACTUAL,VNSTOCK_BRONZE
SBB,LATEST,cash_flow,level,2.0,ACTUAL,VNSTOCK_BRONZE
SBB,LATEST,cash_flow,value,-1823487858.0,ACTUAL,VNSTOCK_BRONZE
SBB,LATEST,cash_flow,order,28.0,ACTUAL,VNSTOCK_BRONZE
SBB,LATEST,cash_flow,level,2.0,ACTUAL,VNSTOCK_BRONZE
SBB,LATEST,cash_flow,value,-6953201003.0,ACTUAL,VNSTOCK_BRONZE
SBB,LATEST,cash_flow,order,29.0,ACTUAL,VNSTOCK_BRONZE
SBB,LATEST,cash_flow,level,2.0,ACTUAL,VNSTOCK_BRONZE
SBB,LATEST,cash_flow,order,30.0,ACTUAL,VNSTOCK_BRONZE
SBB,LATEST,cash_flow,level,2.0,ACTUAL,VNSTOCK_BRONZE
SBB,LATEST,cash_flow,value,7020000.0,ACTUAL,VNSTOCK_BRONZE
SBB,LATEST,cash_flow,order,31.0,ACTUAL,VNSTOCK_BRONZE
SBB,LATEST,cash_flow,level,2.0,ACTUAL,VNSTOCK_BRONZE
SBB,LATEST,cash_flow,value,44902504383.0,ACTUAL,VNSTOCK_BRONZE
SBB,LATEST,cash_flow,order,32.0,ACTUAL,VNSTOCK_BRONZE
SBB,LATEST,cash_flow,level,1.0,ACTUAL,VNSTOCK_BRONZE
SBB,LATEST,cash_flow,value,5664098279.0,ACTUAL,VNSTOCK_BRONZE
SBB,LATEST,cash_flow,order,33.0,ACTUAL,VNSTOCK_BRONZE
SBB,LATEST,cash_flow,level,2.0,ACTUAL,VNSTOCK_BRONZE
SBB,LATEST,cash_flow,value,-13171579635.0,ACTUAL,VNSTOCK_BRONZE
SBB,LATEST,cash_flow,order,34.0,ACTUAL,VNSTOCK_BRONZE
SBB,LATEST,cash_flow,level,2.0,ACTUAL,VNSTOCK_BRONZE
SBB,LATEST,cash_flow,value,5844963637.0,ACTUAL,VNSTOCK_BRONZE
SBB,LATEST,cash_flow,order,35.0,ACTUAL,VNSTOCK_BRONZE
SBB,LATEST,cash_flow,level,2.0,ACTUAL,VNSTOCK_BRONZE
SBB,LATEST,cash_flow,value,0.0,ACTUAL,VNSTOCK_BRONZE
SBB,LATEST,cash_flow,order,36.0,ACTUAL,VNSTOCK_BRONZE
SBB,LATEST,cash_flow,level,2.0,ACTUAL,VNSTOCK_BRONZE
SBB,LATEST,cash_flow,value,9000000000.0,ACTUAL,VNSTOCK_BRONZE
SBB,LATEST,cash_flow,order,37.0,ACTUAL,VNSTOCK_BRONZE
SBB,LATEST,cash_flow,level,2.0,ACTUAL,VNSTOCK_BRONZE
SBB,LATEST,cash_flow,value,0.0,ACTUAL,VNSTOCK_BRONZE
SBB,LATEST,cash_flow,order,38.0,ACTUAL,VNSTOCK_BRONZE
SBB,LATEST,cash_flow,level,2.0,ACTUAL,VNSTOCK_BRONZE
SBB,LATEST,cash_flow,value,0.0,ACTUAL,VNSTOCK_BRONZE
SBB,LATEST,cash_flow,order,39.0,ACTUAL,VNSTOCK_BRONZE
SBB,LATEST,cash_flow,level,2.0,ACTUAL,VNSTOCK_BRONZE
SBB,LATEST,cash_flow,value,3990714277.0,ACTUAL,VNSTOCK_BRONZE
SBB,LATEST,cash_flow,order,40.0,ACTUAL,VNSTOCK_BRONZE
SBB,LATEST,cash_flow,level,1.0,ACTUAL,VNSTOCK_BRONZE
SBB,LATEST,cash_flow,order,41.0,ACTUAL,VNSTOCK_BRONZE
SBB,LATEST,cash_flow,level,2.0,ACTUAL,VNSTOCK_BRONZE
SBB,LATEST,cash_flow,value,0.0,ACTUAL,VNSTOCK_BRONZE
SBB,LATEST,cash_flow,order,42.0,ACTUAL,VNSTOCK_BRONZE
SBB,LATEST,cash_flow,level,2.0,ACTUAL,VNSTOCK_BRONZE
SBB,LATEST,cash_flow,value,0.0,ACTUAL,VNSTOCK_BRONZE
SBB,LATEST,cash_flow,order,43.0,ACTUAL,VNSTOCK_BRONZE
SBB,LATEST,cash_flow,level,2.0,ACTUAL,VNSTOCK_BRONZE
SBB,LATEST,cash_flow,value,145622742322.0,ACTUAL,VNSTOCK_BRONZE
SBB,LATEST,cash_flow,order,44.0,ACTUAL,VNSTOCK_BRONZE
SBB,LATEST,cash_flow,level,2.0,ACTUAL,VNSTOCK_BRONZE
SBB,LATEST,cash_flow,value,-125393799139.0,ACTUAL,VNSTOCK_BRONZE
SBB,LATEST,cash_flow,order,45.0,ACTUAL,VNSTOCK_BRONZE
SBB,LATEST,cash_flow,level,2.0,ACTUAL,VNSTOCK_BRONZE
SBB,LATEST,cash_flow,value,0.0,ACTUAL,VNSTOCK_BRONZE
SBB,LATEST,cash_flow,order,46.0,ACTUAL,VNSTOCK_BRONZE
SBB,LATEST,cash_flow,level,2.0,ACTUAL,VNSTOCK_BRONZE
SBB,LATEST,cash_flow,value,-43325752500.0,ACTUAL,VNSTOCK_BRONZE
SBB,LATEST,cash_flow,order,47.0,ACTUAL,VNSTOCK_BRONZE
SBB,LATEST,cash_flow,level,2.0,ACTUAL,VNSTOCK_BRONZE
SBB,LATEST,cash_flow,value,123680933374.0,ACTUAL,VNSTOCK_BRONZE
SBB,LATEST,cash_flow,order,48.0,ACTUAL,VNSTOCK_BRONZE
SBB,LATEST,cash_flow,level,1.0,ACTUAL,VNSTOCK_BRONZE
SBB,LATEST,cash_flow,order,49.0,ACTUAL,VNSTOCK_BRONZE
SBB,LATEST,cash_flow,level,1.0,ACTUAL,VNSTOCK_BRONZE
SBB,LATEST,cash_flow,order,50.0,ACTUAL,VNSTOCK_BRONZE
SBB,LATEST,cash_flow,level,1.0,ACTUAL,VNSTOCK_BRONZE
SBB,LATEST,cash_flow,order,51.0,ACTUAL,VNSTOCK_BRONZE
SBB,LATEST,cash_flow,level,1.0,ACTUAL,VNSTOCK_BRONZE
SBB,LATEST,cash_flow,value,146777742691.0,ACTUAL,VNSTOCK_BRONZE
SBB,LATEST,cash_flow,order,1.0,ACTUAL,VNSTOCK_BRONZE
SBB,LATEST,cash_flow,level,1.0,ACTUAL,VNSTOCK_BRONZE
SBB,LATEST,cash_flow,value,50140157079.0,ACTUAL,VNSTOCK_BRONZE
SBB,LATEST,cash_flow,order,2.0,ACTUAL,VNSTOCK_BRONZE
SBB,LATEST,cash_flow,level,2.0,ACTUAL,VNSTOCK_BRONZE
SBB,LATEST,cash_flow,value,-9294667682.0,ACTUAL,VNSTOCK_BRONZE
SBB,LATEST,cash_flow,order,3.0,ACTUAL,VNSTOCK_BRONZE
SBB,LATEST,cash_flow,level,2.0,ACTUAL,VNSTOCK_BRONZE
SBB,LATEST,cash_flow,value,39575176728.0,ACTUAL,VNSTOCK_BRONZE
SBB,LATEST,cash_flow,order,4.0,ACTUAL,VNSTOCK_BRONZE
SBB,LATEST,cash_flow,level,2.0,ACTUAL,VNSTOCK_BRONZE
SBB,LATEST,cash_flow,value,0.0,ACTUAL,VNSTOCK_BRONZE
SBB,LATEST,cash_flow,order,5.0,ACTUAL,VNSTOCK_BRONZE
SBB,LATEST,cash_flow,level,2.0,ACTUAL,VNSTOCK_BRONZE
SBB,LATEST,cash_flow,value,0.0,ACTUAL,VNSTOCK_BRONZE
SBB,LATEST,cash_flow,order,6.0,ACTUAL,VNSTOCK_BRONZE
SBB,LATEST,cash_flow,level,2.0,ACTUAL,VNSTOCK_BRONZE
SBB,LATEST,cash_flow,value,0.0,ACTUAL,VNSTOCK_BRONZE
SBB,LATEST,cash_flow,order,7.0,ACTUAL,VNSTOCK_BRONZE
SBB,LATEST,cash_flow,level,2.0,ACTUAL,VNSTOCK_BRONZE
SBB,LATEST,cash_flow,value,-2619747367.0,ACTUAL,VNSTOCK_BRONZE
SBB,LATEST,cash_flow,order,8.0,ACTUAL,VNSTOCK_BRONZE
SBB,LATEST,cash_flow,level,2.0,ACTUAL,VNSTOCK_BRONZE
SBB,LATEST,cash_flow,value,4606933677.0,ACTUAL,VNSTOCK_BRONZE
SBB,LATEST,cash_flow,order,9.0,ACTUAL,VNSTOCK_BRONZE
SBB,LATEST,cash_flow,level,2.0,ACTUAL,VNSTOCK_BRONZE
SBB,LATEST,cash_flow,value,0.0,ACTUAL,VNSTOCK_BRONZE
SBB,LATEST,cash_flow,order,10.0,ACTUAL,VNSTOCK_BRONZE
SBB,LATEST,cash_flow,level,2.0,ACTUAL,VNSTOCK_BRONZE
SBB,LATEST,cash_flow,value,0.0,ACTUAL,VNSTOCK_BRONZE
SBB,LATEST,cash_flow,order,11.0,ACTUAL,VNSTOCK_BRONZE
SBB,LATEST,cash_flow,level,2.0,ACTUAL,VNSTOCK_BRONZE
SBB,LATEST,cash_flow,value,0.0,ACTUAL,VNSTOCK_BRONZE
SBB,LATEST,cash_flow,order,12.0,ACTUAL,VNSTOCK_BRONZE
SBB,LATEST,cash_flow,level,2.0,ACTUAL,VNSTOCK_BRONZE
SBB,LATEST,cash_flow,value,0.0,ACTUAL,VNSTOCK_BRONZE
SBB,LATEST,cash_flow,order,13.0,ACTUAL,VNSTOCK_BRONZE
SBB,LATEST,cash_flow,level,2.0,ACTUAL,VNSTOCK_BRONZE
SBB,LATEST,cash_flow,value,32267695356.0,ACTUAL,VNSTOCK_BRONZE
SBB,LATEST,cash_flow,order,14.0,ACTUAL,VNSTOCK_BRONZE
SBB,LATEST,cash_flow,level,2.0,ACTUAL,VNSTOCK_BRONZE
SBB,LATEST,cash_flow,order,15.0,ACTUAL,VNSTOCK_BRONZE
SBB,LATEST,cash_flow,level,2.0,ACTUAL,VNSTOCK_BRONZE
SBB,LATEST,cash_flow,order,16.0,ACTUAL,VNSTOCK_BRONZE
SBB,LATEST,cash_flow,level,2.0,ACTUAL,VNSTOCK_BRONZE
SBB,LATEST,cash_flow,order,17.0,ACTUAL,VNSTOCK_BRONZE
SBB,LATEST,cash_flow,level,2.0,ACTUAL,VNSTOCK_BRONZE
SBB,LATEST,cash_flow,order,18.0,ACTUAL,VNSTOCK_BRONZE
SBB,LATEST,cash_flow,level,2.0,ACTUAL,VNSTOCK_BRONZE
SBB,LATEST,cash_flow,order,19.0,ACTUAL,VNSTOCK_BRONZE
SBB,LATEST,cash_flow,level,2.0,ACTUAL,VNSTOCK_BRONZE
SBB,LATEST,cash_flow,order,20.0,ACTUAL,VNSTOCK_BRONZE
SBB,LATEST,cash_flow,level,2.0,ACTUAL,VNSTOCK_BRONZE
SBB,LATEST,cash_flow,order,21.0,ACTUAL,VNSTOCK_BRONZE
SBB,LATEST,cash_flow,level,2.0,ACTUAL,VNSTOCK_BRONZE
SBB,LATEST,cash_flow,order,22.0,ACTUAL,VNSTOCK_BRONZE
SBB,LATEST,cash_flow,level,2.0,ACTUAL,VNSTOCK_BRONZE
SBB,LATEST,cash_flow,order,23.0,ACTUAL,VNSTOCK_BRONZE
SBB,LATEST,cash_flow,level,2.0,ACTUAL,VNSTOCK_BRONZE
SBB,LATEST,cash_flow,order,24.0,ACTUAL,VNSTOCK_BRONZE
SBB,LATEST,cash_flow,level,2.0,ACTUAL,VNSTOCK_BRONZE
SBB,LATEST,cash_flow,value,80899149015.0,ACTUAL,VNSTOCK_BRONZE
SBB,LATEST,cash_flow,order,25.0,ACTUAL,VNSTOCK_BRONZE
SBB,LATEST,cash_flow,level,2.0,ACTUAL,VNSTOCK_BRONZE
SBB,LATEST,cash_flow,value,33576294880.0,ACTUAL,VNSTOCK_BRONZE
SBB,LATEST,cash_flow,order,26.0,ACTUAL,VNSTOCK_BRONZE
SBB,LATEST,cash_flow,level,2.0,ACTUAL,VNSTOCK_BRONZE
SBB,LATEST,cash_flow,value,-54884519130.0,ACTUAL,VNSTOCK_BRONZE
SBB,LATEST,cash_flow,order,27.0,ACTUAL,VNSTOCK_BRONZE
SBB,LATEST,cash_flow,level,2.0,ACTUAL,VNSTOCK_BRONZE
SBB,LATEST,cash_flow,value,7880072202.0,ACTUAL,VNSTOCK_BRONZE
SBB,LATEST,cash_flow,order,28.0,ACTUAL,VNSTOCK_BRONZE
SBB,LATEST,cash_flow,level,2.0,ACTUAL,VNSTOCK_BRONZE
SBB,LATEST,cash_flow,value,-4279262444.0,ACTUAL,VNSTOCK_BRONZE
SBB,LATEST,cash_flow,order,29.0,ACTUAL,VNSTOCK_BRONZE
SBB,LATEST,cash_flow,level,2.0,ACTUAL,VNSTOCK_BRONZE
SBB,LATEST,cash_flow,order,30.0,ACTUAL,VNSTOCK_BRONZE
SBB,LATEST,cash_flow,level,2.0,ACTUAL,VNSTOCK_BRONZE
SBB,LATEST,cash_flow,value,0.0,ACTUAL,VNSTOCK_BRONZE
SBB,LATEST,cash_flow,order,31.0,ACTUAL,VNSTOCK_BRONZE
SBB,LATEST,cash_flow,level,2.0,ACTUAL,VNSTOCK_BRONZE
SBB,LATEST,cash_flow,value,-45319272800.0,ACTUAL,VNSTOCK_BRONZE
SBB,LATEST,cash_flow,order,32.0,ACTUAL,VNSTOCK_BRONZE
SBB,LATEST,cash_flow,level,1.0,ACTUAL,VNSTOCK_BRONZE
SBB,LATEST,cash_flow,value,-901636830.0,ACTUAL,VNSTOCK_BRONZE
SBB,LATEST,cash_flow,order,33.0,ACTUAL,VNSTOCK_BRONZE
SBB,LATEST,cash_flow,level,2.0,ACTUAL,VNSTOCK_BRONZE
SBB,LATEST,cash_flow,value,-2878606400.0,ACTUAL,VNSTOCK_BRONZE
SBB,LATEST,cash_flow,order,34.0,ACTUAL,VNSTOCK_BRONZE
SBB,LATEST,cash_flow,level,2.0,ACTUAL,VNSTOCK_BRONZE
SBB,LATEST,cash_flow,value,0.0,ACTUAL,VNSTOCK_BRONZE
SBB,LATEST,cash_flow,order,35.0,ACTUAL,VNSTOCK_BRONZE
SBB,LATEST,cash_flow,level,2.0,ACTUAL,VNSTOCK_BRONZE
SBB,LATEST,cash_flow,value,-54400335911.0,ACTUAL,VNSTOCK_BRONZE
SBB,LATEST,cash_flow,order,36.0,ACTUAL,VNSTOCK_BRONZE
SBB,LATEST,cash_flow,level,2.0,ACTUAL,VNSTOCK_BRONZE
SBB,LATEST,cash_flow,value,53509612909.0,ACTUAL,VNSTOCK_BRONZE
SBB,LATEST,cash_flow,order,37.0,ACTUAL,VNSTOCK_BRONZE
SBB,LATEST,cash_flow,level,2.0,ACTUAL,VNSTOCK_BRONZE
SBB,LATEST,cash_flow,value,0.0,ACTUAL,VNSTOCK_BRONZE
SBB,LATEST,cash_flow,order,38.0,ACTUAL,VNSTOCK_BRONZE
SBB,LATEST,cash_flow,level,2.0,ACTUAL,VNSTOCK_BRONZE
SBB,LATEST,cash_flow,value,0.0,ACTUAL,VNSTOCK_BRONZE
SBB,LATEST,cash_flow,order,39.0,ACTUAL,VNSTOCK_BRONZE
SBB,LATEST,cash_flow,level,2.0,ACTUAL,VNSTOCK_BRONZE
SBB,LATEST,cash_flow,value,2867692572.0,ACTUAL,VNSTOCK_BRONZE
SBB,LATEST,cash_flow,order,40.0,ACTUAL,VNSTOCK_BRONZE
SBB,LATEST,cash_flow,level,1.0,ACTUAL,VNSTOCK_BRONZE
SBB,LATEST,cash_flow,order,41.0,ACTUAL,VNSTOCK_BRONZE
SBB,LATEST,cash_flow,level,2.0,ACTUAL,VNSTOCK_BRONZE
SBB,LATEST,cash_flow,value,0.0,ACTUAL,VNSTOCK_BRONZE
SBB,LATEST,cash_flow,order,42.0,ACTUAL,VNSTOCK_BRONZE
SBB,LATEST,cash_flow,level,2.0,ACTUAL,VNSTOCK_BRONZE
SBB,LATEST,cash_flow,value,0.0,ACTUAL,VNSTOCK_BRONZE
SBB,LATEST,cash_flow,order,43.0,ACTUAL,VNSTOCK_BRONZE
SBB,LATEST,cash_flow,level,2.0,ACTUAL,VNSTOCK_BRONZE
SBB,LATEST,cash_flow,value,166733892175.0,ACTUAL,VNSTOCK_BRONZE
SBB,LATEST,cash_flow,order,44.0,ACTUAL,VNSTOCK_BRONZE
SBB,LATEST,cash_flow,level,2.0,ACTUAL,VNSTOCK_BRONZE
SBB,LATEST,cash_flow,value,-180612508814.0,ACTUAL,VNSTOCK_BRONZE
SBB,LATEST,cash_flow,order,45.0,ACTUAL,VNSTOCK_BRONZE
SBB,LATEST,cash_flow,level,2.0,ACTUAL,VNSTOCK_BRONZE
SBB,LATEST,cash_flow,value,0.0,ACTUAL,VNSTOCK_BRONZE
SBB,LATEST,cash_flow,order,46.0,ACTUAL,VNSTOCK_BRONZE
SBB,LATEST,cash_flow,level,2.0,ACTUAL,VNSTOCK_BRONZE
SBB,LATEST,cash_flow,value,-97755000.0,ACTUAL,VNSTOCK_BRONZE
SBB,LATEST,cash_flow,order,47.0,ACTUAL,VNSTOCK_BRONZE
SBB,LATEST,cash_flow,level,2.0,ACTUAL,VNSTOCK_BRONZE
SBB,LATEST,cash_flow,value,218443781552.0,ACTUAL,VNSTOCK_BRONZE
SBB,LATEST,cash_flow,order,48.0,ACTUAL,VNSTOCK_BRONZE
SBB,LATEST,cash_flow,level,1.0,ACTUAL,VNSTOCK_BRONZE
SBB,LATEST,cash_flow,order,49.0,ACTUAL,VNSTOCK_BRONZE
SBB,LATEST,cash_flow,level,1.0,ACTUAL,VNSTOCK_BRONZE
SBB,LATEST,cash_flow,order,50.0,ACTUAL,VNSTOCK_BRONZE
SBB,LATEST,cash_flow,level,1.0,ACTUAL,VNSTOCK_BRONZE
SBB,LATEST,cash_flow,order,51.0,ACTUAL,VNSTOCK_BRONZE
SBB,LATEST,cash_flow,level,1.0,ACTUAL,VNSTOCK_BRONZE
SBB,LATEST,cash_flow,value,232420153191.0,ACTUAL,VNSTOCK_BRONZE
SBB,LATEST,cash_flow,order,1.0,ACTUAL,VNSTOCK_BRONZE
SBB,LATEST,cash_flow,level,1.0,ACTUAL,VNSTOCK_BRONZE
SBB,LATEST,cash_flow,value,-21684839143.0,ACTUAL,VNSTOCK_BRONZE
SBB,LATEST,cash_flow,order,2.0,ACTUAL,VNSTOCK_BRONZE
SBB,LATEST,cash_flow,level,2.0,ACTUAL,VNSTOCK_BRONZE
SBB,LATEST,cash_flow,value,-54712799160.0,ACTUAL,VNSTOCK_BRONZE
SBB,LATEST,cash_flow,order,3.0,ACTUAL,VNSTOCK_BRONZE
SBB,LATEST,cash_flow,level,2.0,ACTUAL,VNSTOCK_BRONZE
SBB,LATEST,cash_flow,value,27837995383.0,ACTUAL,VNSTOCK_BRONZE
SBB,LATEST,cash_flow,order,4.0,ACTUAL,VNSTOCK_BRONZE
SBB,LATEST,cash_flow,level,2.0,ACTUAL,VNSTOCK_BRONZE
SBB,LATEST,cash_flow,value,82716506779.0,ACTUAL,VNSTOCK_BRONZE
SBB,LATEST,cash_flow,order,5.0,ACTUAL,VNSTOCK_BRONZE
SBB,LATEST,cash_flow,level,2.0,ACTUAL,VNSTOCK_BRONZE
SBB,LATEST,cash_flow,value,0.0,ACTUAL,VNSTOCK_BRONZE
SBB,LATEST,cash_flow,order,6.0,ACTUAL,VNSTOCK_BRONZE
SBB,LATEST,cash_flow,level,2.0,ACTUAL,VNSTOCK_BRONZE
SBB,LATEST,cash_flow,value,0.0,ACTUAL,VNSTOCK_BRONZE
SBB,LATEST,cash_flow,order,7.0,ACTUAL,VNSTOCK_BRONZE
SBB,LATEST,cash_flow,level,2.0,ACTUAL,VNSTOCK_BRONZE
SBB,LATEST,cash_flow,value,-7077367768.0,ACTUAL,VNSTOCK_BRONZE
SBB,LATEST,cash_flow,order,8.0,ACTUAL,VNSTOCK_BRONZE
SBB,LATEST,cash_flow,level,2.0,ACTUAL,VNSTOCK_BRONZE
SBB,LATEST,cash_flow,value,5453947133.0,ACTUAL,VNSTOCK_BRONZE
SBB,LATEST,cash_flow,order,9.0,ACTUAL,VNSTOCK_BRONZE
SBB,LATEST,cash_flow,level,2.0,ACTUAL,VNSTOCK_BRONZE
SBB,LATEST,cash_flow,value,0.0,ACTUAL,VNSTOCK_BRONZE
SBB,LATEST,cash_flow,order,10.0,ACTUAL,VNSTOCK_BRONZE
SBB,LATEST,cash_flow,level,2.0,ACTUAL,VNSTOCK_BRONZE
SBB,LATEST,cash_flow,value,0.0,ACTUAL,VNSTOCK_BRONZE
SBB,LATEST,cash_flow,order,11.0,ACTUAL,VNSTOCK_BRONZE
SBB,LATEST,cash_flow,level,2.0,ACTUAL,VNSTOCK_BRONZE
SBB,LATEST,cash_flow,value,0.0,ACTUAL,VNSTOCK_BRONZE
SBB,LATEST,cash_flow,order,12.0,ACTUAL,VNSTOCK_BRONZE
SBB,LATEST,cash_flow,level,2.0,ACTUAL,VNSTOCK_BRONZE
SBB,LATEST,cash_flow,value,0.0,ACTUAL,VNSTOCK_BRONZE
SBB,LATEST,cash_flow,order,13.0,ACTUAL,VNSTOCK_BRONZE
SBB,LATEST,cash_flow,level,2.0,ACTUAL,VNSTOCK_BRONZE
SBB,LATEST,cash_flow,value,54218282367.0,ACTUAL,VNSTOCK_BRONZE
SBB,LATEST,cash_flow,order,14.0,ACTUAL,VNSTOCK_BRONZE
SBB,LATEST,cash_flow,level,2.0,ACTUAL,VNSTOCK_BRONZE
SBB,LATEST,cash_flow,order,15.0,ACTUAL,VNSTOCK_BRONZE
SBB,LATEST,cash_flow,level,2.0,ACTUAL,VNSTOCK_BRONZE
SBB,LATEST,cash_flow,order,16.0,ACTUAL,VNSTOCK_BRONZE
SBB,LATEST,cash_flow,level,2.0,ACTUAL,VNSTOCK_BRONZE
SBB,LATEST,cash_flow,order,17.0,ACTUAL,VNSTOCK_BRONZE
SBB,LATEST,cash_flow,level,2.0,ACTUAL,VNSTOCK_BRONZE
SBB,LATEST,cash_flow,order,18.0,ACTUAL,VNSTOCK_BRONZE
SBB,LATEST,cash_flow,level,2.0,ACTUAL,VNSTOCK_BRONZE
SBB,LATEST,cash_flow,order,19.0,ACTUAL,VNSTOCK_BRONZE
SBB,LATEST,cash_flow,level,2.0,ACTUAL,VNSTOCK_BRONZE
SBB,LATEST,cash_flow,order,20.0,ACTUAL,VNSTOCK_BRONZE
SBB,LATEST,cash_flow,level,2.0,ACTUAL,VNSTOCK_BRONZE
SBB,LATEST,cash_flow,order,21.0,ACTUAL,VNSTOCK_BRONZE
SBB,LATEST,cash_flow,level,2.0,ACTUAL,VNSTOCK_BRONZE
SBB,LATEST,cash_flow,order,22.0,ACTUAL,VNSTOCK_BRONZE
SBB,LATEST,cash_flow,level,2.0,ACTUAL,VNSTOCK_BRONZE
SBB,LATEST,cash_flow,order,23.0,ACTUAL,VNSTOCK_BRONZE
SBB,LATEST,cash_flow,level,2.0,ACTUAL,VNSTOCK_BRONZE
SBB,LATEST,cash_flow,order,24.0,ACTUAL,VNSTOCK_BRONZE
SBB,LATEST,cash_flow,level,2.0,ACTUAL,VNSTOCK_BRONZE
SBB,LATEST,cash_flow,value,79625933206.0,ACTUAL,VNSTOCK_BRONZE
SBB,LATEST,cash_flow,order,25.0,ACTUAL,VNSTOCK_BRONZE
SBB,LATEST,cash_flow,level,2.0,ACTUAL,VNSTOCK_BRONZE
SBB,LATEST,cash_flow,value,-46140850758.0,ACTUAL,VNSTOCK_BRONZE
SBB,LATEST,cash_flow,order,26.0,ACTUAL,VNSTOCK_BRONZE
SBB,LATEST,cash_flow,level,2.0,ACTUAL,VNSTOCK_BRONZE
SBB,LATEST,cash_flow,value,-93123056232.0,ACTUAL,VNSTOCK_BRONZE
SBB,LATEST,cash_flow,order,27.0,ACTUAL,VNSTOCK_BRONZE
SBB,LATEST,cash_flow,level,2.0,ACTUAL,VNSTOCK_BRONZE
SBB,LATEST,cash_flow,value,-10897437868.0,ACTUAL,VNSTOCK_BRONZE
SBB,LATEST,cash_flow,order,28.0,ACTUAL,VNSTOCK_BRONZE
SBB,LATEST,cash_flow,level,2.0,ACTUAL,VNSTOCK_BRONZE
SBB,LATEST,cash_flow,value,-5082857890.0,ACTUAL,VNSTOCK_BRONZE
SBB,LATEST,cash_flow,order,29.0,ACTUAL,VNSTOCK_BRONZE
SBB,LATEST,cash_flow,level,2.0,ACTUAL,VNSTOCK_BRONZE
SBB,LATEST,cash_flow,order,30.0,ACTUAL,VNSTOCK_BRONZE
SBB,LATEST,cash_flow,level,2.0,ACTUAL,VNSTOCK_BRONZE
SBB,LATEST,cash_flow,value,30000000.0,ACTUAL,VNSTOCK_BRONZE
SBB,LATEST,cash_flow,order,31.0,ACTUAL,VNSTOCK_BRONZE
SBB,LATEST,cash_flow,level,2.0,ACTUAL,VNSTOCK_BRONZE
SBB,LATEST,cash_flow,value,-125112432.0,ACTUAL,VNSTOCK_BRONZE
SBB,LATEST,cash_flow,order,32.0,ACTUAL,VNSTOCK_BRONZE
SBB,LATEST,cash_flow,level,1.0,ACTUAL,VNSTOCK_BRONZE
SBB,LATEST,cash_flow,value,13864761442.0,ACTUAL,VNSTOCK_BRONZE
SBB,LATEST,cash_flow,order,33.0,ACTUAL,VNSTOCK_BRONZE
SBB,LATEST,cash_flow,level,2.0,ACTUAL,VNSTOCK_BRONZE
SBB,LATEST,cash_flow,value,-518362800.0,ACTUAL,VNSTOCK_BRONZE
SBB,LATEST,cash_flow,order,34.0,ACTUAL,VNSTOCK_BRONZE
SBB,LATEST,cash_flow,level,2.0,ACTUAL,VNSTOCK_BRONZE
SBB,LATEST,cash_flow,value,65000000.0,ACTUAL,VNSTOCK_BRONZE
SBB,LATEST,cash_flow,order,35.0,ACTUAL,VNSTOCK_BRONZE
SBB,LATEST,cash_flow,level,2.0,ACTUAL,VNSTOCK_BRONZE
SBB,LATEST,cash_flow,value,0.0,ACTUAL,VNSTOCK_BRONZE
SBB,LATEST,cash_flow,order,36.0,ACTUAL,VNSTOCK_BRONZE
SBB,LATEST,cash_flow,level,2.0,ACTUAL,VNSTOCK_BRONZE
SBB,LATEST,cash_flow,value,10000000000.0,ACTUAL,VNSTOCK_BRONZE
SBB,LATEST,cash_flow,order,37.0,ACTUAL,VNSTOCK_BRONZE
SBB,LATEST,cash_flow,level,2.0,ACTUAL,VNSTOCK_BRONZE
SBB,LATEST,cash_flow,value,0.0,ACTUAL,VNSTOCK_BRONZE
SBB,LATEST,cash_flow,order,38.0,ACTUAL,VNSTOCK_BRONZE
SBB,LATEST,cash_flow,level,2.0,ACTUAL,VNSTOCK_BRONZE
SBB,LATEST,cash_flow,value,0.0,ACTUAL,VNSTOCK_BRONZE
SBB,LATEST,cash_flow,order,39.0,ACTUAL,VNSTOCK_BRONZE
SBB,LATEST,cash_flow,level,2.0,ACTUAL,VNSTOCK_BRONZE
SBB,LATEST,cash_flow,value,4318124242.0,ACTUAL,VNSTOCK_BRONZE
SBB,LATEST,cash_flow,order,40.0,ACTUAL,VNSTOCK_BRONZE
SBB,LATEST,cash_flow,level,1.0,ACTUAL,VNSTOCK_BRONZE
SBB,LATEST,cash_flow,order,41.0,ACTUAL,VNSTOCK_BRONZE
SBB,LATEST,cash_flow,level,2.0,ACTUAL,VNSTOCK_BRONZE
SBB,LATEST,cash_flow,value,0.0,ACTUAL,VNSTOCK_BRONZE
SBB,LATEST,cash_flow,order,42.0,ACTUAL,VNSTOCK_BRONZE
SBB,LATEST,cash_flow,level,2.0,ACTUAL,VNSTOCK_BRONZE
SBB,LATEST,cash_flow,value,0.0,ACTUAL,VNSTOCK_BRONZE
SBB,LATEST,cash_flow,order,43.0,ACTUAL,VNSTOCK_BRONZE
SBB,LATEST,cash_flow,level,2.0,ACTUAL,VNSTOCK_BRONZE
SBB,LATEST,cash_flow,value,296450823412.0,ACTUAL,VNSTOCK_BRONZE
SBB,LATEST,cash_flow,order,44.0,ACTUAL,VNSTOCK_BRONZE
SBB,LATEST,cash_flow,level,2.0,ACTUAL,VNSTOCK_BRONZE
SBB,LATEST,cash_flow,value,-356501379940.0,ACTUAL,VNSTOCK_BRONZE
SBB,LATEST,cash_flow,order,45.0,ACTUAL,VNSTOCK_BRONZE
SBB,LATEST,cash_flow,level,2.0,ACTUAL,VNSTOCK_BRONZE
SBB,LATEST,cash_flow,value,0.0,ACTUAL,VNSTOCK_BRONZE
SBB,LATEST,cash_flow,order,46.0,ACTUAL,VNSTOCK_BRONZE
SBB,LATEST,cash_flow,level,2.0,ACTUAL,VNSTOCK_BRONZE
SBB,LATEST,cash_flow,value,-42943966500.0,ACTUAL,VNSTOCK_BRONZE
SBB,LATEST,cash_flow,order,47.0,ACTUAL,VNSTOCK_BRONZE
SBB,LATEST,cash_flow,level,2.0,ACTUAL,VNSTOCK_BRONZE
SBB,LATEST,cash_flow,value,94163481553.0,ACTUAL,VNSTOCK_BRONZE
SBB,LATEST,cash_flow,order,48.0,ACTUAL,VNSTOCK_BRONZE
SBB,LATEST,cash_flow,level,1.0,ACTUAL,VNSTOCK_BRONZE
SBB,LATEST,cash_flow,order,49.0,ACTUAL,VNSTOCK_BRONZE
SBB,LATEST,cash_flow,level,1.0,ACTUAL,VNSTOCK_BRONZE
SBB,LATEST,cash_flow,order,50.0,ACTUAL,VNSTOCK_BRONZE
SBB,LATEST,cash_flow,level,1.0,ACTUAL,VNSTOCK_BRONZE
SBB,LATEST,cash_flow,order,51.0,ACTUAL,VNSTOCK_BRONZE
SBB,LATEST,cash_flow,level,1.0,ACTUAL,VNSTOCK_BRONZE
SBB,LATEST,cash_flow,value,197158004581.0,ACTUAL,VNSTOCK_BRONZE
SBB,LATEST,cash_flow,order,1.0,ACTUAL,VNSTOCK_BRONZE
SBB,LATEST,cash_flow,level,1.0,ACTUAL,VNSTOCK_BRONZE
SBB,LATEST,cash_flow,value,-13835887037.0,ACTUAL,VNSTOCK_BRONZE
SBB,LATEST,cash_flow,order,2.0,ACTUAL,VNSTOCK_BRONZE
SBB,LATEST,cash_flow,level,2.0,ACTUAL,VNSTOCK_BRONZE
SBB,LATEST,cash_flow,value,-19311540265.0,ACTUAL,VNSTOCK_BRONZE
SBB,LATEST,cash_flow,order,3.0,ACTUAL,VNSTOCK_BRONZE
SBB,LATEST,cash_flow,level,2.0,ACTUAL,VNSTOCK_BRONZE
SBB,LATEST,cash_flow,value,52483623470.0,ACTUAL,VNSTOCK_BRONZE
SBB,LATEST,cash_flow,order,4.0,ACTUAL,VNSTOCK_BRONZE
SBB,LATEST,cash_flow,level,2.0,ACTUAL,VNSTOCK_BRONZE
SBB,LATEST,cash_flow,value,-13320718952.0,ACTUAL,VNSTOCK_BRONZE
SBB,LATEST,cash_flow,order,5.0,ACTUAL,VNSTOCK_BRONZE
SBB,LATEST,cash_flow,level,2.0,ACTUAL,VNSTOCK_BRONZE
SBB,LATEST,cash_flow,value,0.0,ACTUAL,VNSTOCK_BRONZE
SBB,LATEST,cash_flow,order,6.0,ACTUAL,VNSTOCK_BRONZE
SBB,LATEST,cash_flow,level,2.0,ACTUAL,VNSTOCK_BRONZE
SBB,LATEST,cash_flow,value,0.0,ACTUAL,VNSTOCK_BRONZE
SBB,LATEST,cash_flow,order,7.0,ACTUAL,VNSTOCK_BRONZE
SBB,LATEST,cash_flow,level,2.0,ACTUAL,VNSTOCK_BRONZE
SBB,LATEST,cash_flow,value,25787904420.0,ACTUAL,VNSTOCK_BRONZE
SBB,LATEST,cash_flow,order,8.0,ACTUAL,VNSTOCK_BRONZE
SBB,LATEST,cash_flow,level,2.0,ACTUAL,VNSTOCK_BRONZE
SBB,LATEST,cash_flow,value,5984990023.0,ACTUAL,VNSTOCK_BRONZE
SBB,LATEST,cash_flow,order,9.0,ACTUAL,VNSTOCK_BRONZE
SBB,LATEST,cash_flow,level,2.0,ACTUAL,VNSTOCK_BRONZE
SBB,LATEST,cash_flow,value,0.0,ACTUAL,VNSTOCK_BRONZE
SBB,LATEST,cash_flow,order,10.0,ACTUAL,VNSTOCK_BRONZE
SBB,LATEST,cash_flow,level,2.0,ACTUAL,VNSTOCK_BRONZE
SBB,LATEST,cash_flow,value,0.0,ACTUAL,VNSTOCK_BRONZE
SBB,LATEST,cash_flow,order,11.0,ACTUAL,VNSTOCK_BRONZE
SBB,LATEST,cash_flow,level,2.0,ACTUAL,VNSTOCK_BRONZE
SBB,LATEST,cash_flow,value,0.0,ACTUAL,VNSTOCK_BRONZE
SBB,LATEST,cash_flow,order,12.0,ACTUAL,VNSTOCK_BRONZE
SBB,LATEST,cash_flow,level,2.0,ACTUAL,VNSTOCK_BRONZE
SBB,LATEST,cash_flow,value,0.0,ACTUAL,VNSTOCK_BRONZE
SBB,LATEST,cash_flow,order,13.0,ACTUAL,VNSTOCK_BRONZE
SBB,LATEST,cash_flow,level,2.0,ACTUAL,VNSTOCK_BRONZE
SBB,LATEST,cash_flow,value,51624258696.0,ACTUAL,VNSTOCK_BRONZE
SBB,LATEST,cash_flow,order,14.0,ACTUAL,VNSTOCK_BRONZE
SBB,LATEST,cash_flow,level,2.0,ACTUAL,VNSTOCK_BRONZE
SBB,LATEST,cash_flow,order,15.0,ACTUAL,VNSTOCK_BRONZE
SBB,LATEST,cash_flow,level,2.0,ACTUAL,VNSTOCK_BRONZE
SBB,LATEST,cash_flow,order,16.0,ACTUAL,VNSTOCK_BRONZE
SBB,LATEST,cash_flow,level,2.0,ACTUAL,VNSTOCK_BRONZE
SBB,LATEST,cash_flow,order,17.0,ACTUAL,VNSTOCK_BRONZE
SBB,LATEST,cash_flow,level,2.0,ACTUAL,VNSTOCK_BRONZE
SBB,LATEST,cash_flow,order,18.0,ACTUAL,VNSTOCK_BRONZE
SBB,LATEST,cash_flow,level,2.0,ACTUAL,VNSTOCK_BRONZE
SBB,LATEST,cash_flow,order,19.0,ACTUAL,VNSTOCK_BRONZE
SBB,LATEST,cash_flow,level,2.0,ACTUAL,VNSTOCK_BRONZE
SBB,LATEST,cash_flow,order,20.0,ACTUAL,VNSTOCK_BRONZE
SBB,LATEST,cash_flow,level,2.0,ACTUAL,VNSTOCK_BRONZE
SBB,LATEST,cash_flow,order,21.0,ACTUAL,VNSTOCK_BRONZE
SBB,LATEST,cash_flow,level,2.0,ACTUAL,VNSTOCK_BRONZE
SBB,LATEST,cash_flow,order,22.0,ACTUAL,VNSTOCK_BRONZE
SBB,LATEST,cash_flow,level,2.0,ACTUAL,VNSTOCK_BRONZE
SBB,LATEST,cash_flow,order,23.0,ACTUAL,VNSTOCK_BRONZE
SBB,LATEST,cash_flow,level,2.0,ACTUAL,VNSTOCK_BRONZE
SBB,LATEST,cash_flow,order,24.0,ACTUAL,VNSTOCK_BRONZE
SBB,LATEST,cash_flow,level,2.0,ACTUAL,VNSTOCK_BRONZE
SBB,LATEST,cash_flow,value,-71655722557.0,ACTUAL,VNSTOCK_BRONZE
SBB,LATEST,cash_flow,order,25.0,ACTUAL,VNSTOCK_BRONZE
SBB,LATEST,cash_flow,level,2.0,ACTUAL,VNSTOCK_BRONZE
SBB,LATEST,cash_flow,value,65422044114.0,ACTUAL,VNSTOCK_BRONZE
SBB,LATEST,cash_flow,order,26.0,ACTUAL,VNSTOCK_BRONZE
SBB,LATEST,cash_flow,level,2.0,ACTUAL,VNSTOCK_BRONZE
SBB,LATEST,cash_flow,value,-50705527128.0,ACTUAL,VNSTOCK_BRONZE
SBB,LATEST,cash_flow,order,27.0,ACTUAL,VNSTOCK_BRONZE
SBB,LATEST,cash_flow,level,2.0,ACTUAL,VNSTOCK_BRONZE
SBB,LATEST,cash_flow,value,4006762354.0,ACTUAL,VNSTOCK_BRONZE
SBB,LATEST,cash_flow,order,28.0,ACTUAL,VNSTOCK_BRONZE
SBB,LATEST,cash_flow,level,2.0,ACTUAL,VNSTOCK_BRONZE
SBB,LATEST,cash_flow,value,-8975688653.0,ACTUAL,VNSTOCK_BRONZE
SBB,LATEST,cash_flow,order,29.0,ACTUAL,VNSTOCK_BRONZE
SBB,LATEST,cash_flow,level,2.0,ACTUAL,VNSTOCK_BRONZE
SBB,LATEST,cash_flow,order,30.0,ACTUAL,VNSTOCK_BRONZE
SBB,LATEST,cash_flow,level,2.0,ACTUAL,VNSTOCK_BRONZE
SBB,LATEST,cash_flow,value,0.0,ACTUAL,VNSTOCK_BRONZE
SBB,LATEST,cash_flow,order,31.0,ACTUAL,VNSTOCK_BRONZE
SBB,LATEST,cash_flow,level,2.0,ACTUAL,VNSTOCK_BRONZE
SBB,LATEST,cash_flow,value,-2404738679.0,ACTUAL,VNSTOCK_BRONZE
SBB,LATEST,cash_flow,order,32.0,ACTUAL,VNSTOCK_BRONZE
SBB,LATEST,cash_flow,level,1.0,ACTUAL,VNSTOCK_BRONZE
SBB,LATEST,cash_flow,value,86631206209.0,ACTUAL,VNSTOCK_BRONZE
SBB,LATEST,cash_flow,order,33.0,ACTUAL,VNSTOCK_BRONZE
SBB,LATEST,cash_flow,level,2.0,ACTUAL,VNSTOCK_BRONZE
SBB,LATEST,cash_flow,value,0.0,ACTUAL,VNSTOCK_BRONZE
SBB,LATEST,cash_flow,order,34.0,ACTUAL,VNSTOCK_BRONZE
SBB,LATEST,cash_flow,level,2.0,ACTUAL,VNSTOCK_BRONZE
SBB,LATEST,cash_flow,value,0.0,ACTUAL,VNSTOCK_BRONZE
SBB,LATEST,cash_flow,order,35.0,ACTUAL,VNSTOCK_BRONZE
SBB,LATEST,cash_flow,level,2.0,ACTUAL,VNSTOCK_BRONZE
SBB,LATEST,cash_flow,value,-21445608968.0,ACTUAL,VNSTOCK_BRONZE
SBB,LATEST,cash_flow,order,36.0,ACTUAL,VNSTOCK_BRONZE
SBB,LATEST,cash_flow,level,2.0,ACTUAL,VNSTOCK_BRONZE
SBB,LATEST,cash_flow,value,-10000000000.0,ACTUAL,VNSTOCK_BRONZE
SBB,LATEST,cash_flow,order,37.0,ACTUAL,VNSTOCK_BRONZE
SBB,LATEST,cash_flow,level,2.0,ACTUAL,VNSTOCK_BRONZE
SBB,LATEST,cash_flow,value,0.0,ACTUAL,VNSTOCK_BRONZE
SBB,LATEST,cash_flow,order,38.0,ACTUAL,VNSTOCK_BRONZE
SBB,LATEST,cash_flow,level,2.0,ACTUAL,VNSTOCK_BRONZE
SBB,LATEST,cash_flow,value,115000000000.0,ACTUAL,VNSTOCK_BRONZE
SBB,LATEST,cash_flow,order,39.0,ACTUAL,VNSTOCK_BRONZE
SBB,LATEST,cash_flow,level,2.0,ACTUAL,VNSTOCK_BRONZE
SBB,LATEST,cash_flow,value,3076815177.0,ACTUAL,VNSTOCK_BRONZE
SBB,LATEST,cash_flow,order,40.0,ACTUAL,VNSTOCK_BRONZE
SBB,LATEST,cash_flow,level,1.0,ACTUAL,VNSTOCK_BRONZE
SBB,LATEST,cash_flow,order,41.0,ACTUAL,VNSTOCK_BRONZE
SBB,LATEST,cash_flow,level,2.0,ACTUAL,VNSTOCK_BRONZE
SBB,LATEST,cash_flow,value,0.0,ACTUAL,VNSTOCK_BRONZE
SBB,LATEST,cash_flow,order,42.0,ACTUAL,VNSTOCK_BRONZE
SBB,LATEST,cash_flow,level,2.0,ACTUAL,VNSTOCK_BRONZE
SBB,LATEST,cash_flow,value,0.0,ACTUAL,VNSTOCK_BRONZE
SBB,LATEST,cash_flow,order,43.0,ACTUAL,VNSTOCK_BRONZE
SBB,LATEST,cash_flow,level,2.0,ACTUAL,VNSTOCK_BRONZE
SBB,LATEST,cash_flow,value,195778573598.0,ACTUAL,VNSTOCK_BRONZE
SBB,LATEST,cash_flow,order,44.0,ACTUAL,VNSTOCK_BRONZE
SBB,LATEST,cash_flow,level,2.0,ACTUAL,VNSTOCK_BRONZE
SBB,LATEST,cash_flow,value,-212872500995.0,ACTUAL,VNSTOCK_BRONZE
SBB,LATEST,cash_flow,order,45.0,ACTUAL,VNSTOCK_BRONZE
SBB,LATEST,cash_flow,level,2.0,ACTUAL,VNSTOCK_BRONZE
SBB,LATEST,cash_flow,value,0.0,ACTUAL,VNSTOCK_BRONZE
SBB,LATEST,cash_flow,order,46.0,ACTUAL,VNSTOCK_BRONZE
SBB,LATEST,cash_flow,level,2.0,ACTUAL,VNSTOCK_BRONZE
SBB,LATEST,cash_flow,value,0.0,ACTUAL,VNSTOCK_BRONZE
SBB,LATEST,cash_flow,order,47.0,ACTUAL,VNSTOCK_BRONZE
SBB,LATEST,cash_flow,level,2.0,ACTUAL,VNSTOCK_BRONZE
SBB,LATEST,cash_flow,value,290878677913.0,ACTUAL,VNSTOCK_BRONZE
SBB,LATEST,cash_flow,order,48.0,ACTUAL,VNSTOCK_BRONZE
SBB,LATEST,cash_flow,level,1.0,ACTUAL,VNSTOCK_BRONZE
SBB,LATEST,cash_flow,order,49.0,ACTUAL,VNSTOCK_BRONZE
SBB,LATEST,cash_flow,level,1.0,ACTUAL,VNSTOCK_BRONZE
SBB,LATEST,cash_flow,order,50.0,ACTUAL,VNSTOCK_BRONZE
SBB,LATEST,cash_flow,level,1.0,ACTUAL,VNSTOCK_BRONZE
SBB,LATEST,cash_flow,order,51.0,ACTUAL,VNSTOCK_BRONZE
SBB,LATEST,cash_flow,level,1.0,ACTUAL,VNSTOCK_BRONZE
SBB,LATEST,cash_flow,value,307972605310.0,ACTUAL,VNSTOCK_BRONZE
SBB,LATEST,cash_flow,order,1.0,ACTUAL,VNSTOCK_BRONZE
SBB,LATEST,cash_flow,level,1.0,ACTUAL,VNSTOCK_BRONZE
SBB,LATEST,cash_flow,value,-11974138797.0,ACTUAL,VNSTOCK_BRONZE
SBB,LATEST,cash_flow,order,2.0,ACTUAL,VNSTOCK_BRONZE
SBB,LATEST,cash_flow,level,2.0,ACTUAL,VNSTOCK_BRONZE
SBB,LATEST,cash_flow,value,-18518359528.0,ACTUAL,VNSTOCK_BRONZE
SBB,LATEST,cash_flow,order,3.0,ACTUAL,VNSTOCK_BRONZE
SBB,LATEST,cash_flow,level,2.0,ACTUAL,VNSTOCK_BRONZE
SBB,LATEST,cash_flow,value,54477370700.0,ACTUAL,VNSTOCK_BRONZE
SBB,LATEST,cash_flow,order,4.0,ACTUAL,VNSTOCK_BRONZE
SBB,LATEST,cash_flow,level,2.0,ACTUAL,VNSTOCK_BRONZE
SBB,LATEST,cash_flow,value,0.0,ACTUAL,VNSTOCK_BRONZE
SBB,LATEST,cash_flow,order,5.0,ACTUAL,VNSTOCK_BRONZE
SBB,LATEST,cash_flow,level,2.0,ACTUAL,VNSTOCK_BRONZE
SBB,LATEST,cash_flow,value,0.0,ACTUAL,VNSTOCK_BRONZE
SBB,LATEST,cash_flow,order,6.0,ACTUAL,VNSTOCK_BRONZE
SBB,LATEST,cash_flow,level,2.0,ACTUAL,VNSTOCK_BRONZE
SBB,LATEST,cash_flow,value,0.0,ACTUAL,VNSTOCK_BRONZE
SBB,LATEST,cash_flow,order,7.0,ACTUAL,VNSTOCK_BRONZE
SBB,LATEST,cash_flow,level,2.0,ACTUAL,VNSTOCK_BRONZE
SBB,LATEST,cash_flow,value,-4561036288.0,ACTUAL,VNSTOCK_BRONZE
SBB,LATEST,cash_flow,order,8.0,ACTUAL,VNSTOCK_BRONZE
SBB,LATEST,cash_flow,level,2.0,ACTUAL,VNSTOCK_BRONZE
SBB,LATEST,cash_flow,value,9552178102.0,ACTUAL,VNSTOCK_BRONZE
SBB,LATEST,cash_flow,order,9.0,ACTUAL,VNSTOCK_BRONZE
SBB,LATEST,cash_flow,level,2.0,ACTUAL,VNSTOCK_BRONZE
SBB,LATEST,cash_flow,value,0.0,ACTUAL,VNSTOCK_BRONZE
SBB,LATEST,cash_flow,order,10.0,ACTUAL,VNSTOCK_BRONZE
SBB,LATEST,cash_flow,level,2.0,ACTUAL,VNSTOCK_BRONZE
SBB,LATEST,cash_flow,value,0.0,ACTUAL,VNSTOCK_BRONZE
SBB,LATEST,cash_flow,order,11.0,ACTUAL,VNSTOCK_BRONZE
SBB,LATEST,cash_flow,level,2.0,ACTUAL,VNSTOCK_BRONZE
SBB,LATEST,cash_flow,value,0.0,ACTUAL,VNSTOCK_BRONZE
SBB,LATEST,cash_flow,order,12.0,ACTUAL,VNSTOCK_BRONZE
SBB,LATEST,cash_flow,level,2.0,ACTUAL,VNSTOCK_BRONZE
SBB,LATEST,cash_flow,value,0.0,ACTUAL,VNSTOCK_BRONZE
SBB,LATEST,cash_flow,order,13.0,ACTUAL,VNSTOCK_BRONZE
SBB,LATEST,cash_flow,level,2.0,ACTUAL,VNSTOCK_BRONZE
SBB,LATEST,cash_flow,value,40950152986.0,ACTUAL,VNSTOCK_BRONZE
SBB,LATEST,cash_flow,order,14.0,ACTUAL,VNSTOCK_BRONZE
SBB,LATEST,cash_flow,level,2.0,ACTUAL,VNSTOCK_BRONZE
SBB,LATEST,cash_flow,order,15.0,ACTUAL,VNSTOCK_BRONZE
SBB,LATEST,cash_flow,level,2.0,ACTUAL,VNSTOCK_BRONZE
SBB,LATEST,cash_flow,order,16.0,ACTUAL,VNSTOCK_BRONZE
SBB,LATEST,cash_flow,level,2.0,ACTUAL,VNSTOCK_BRONZE
SBB,LATEST,cash_flow,order,17.0,ACTUAL,VNSTOCK_BRONZE
SBB,LATEST,cash_flow,level,2.0,ACTUAL,VNSTOCK_BRONZE
SBB,LATEST,cash_flow,order,18.0,ACTUAL,VNSTOCK_BRONZE
SBB,LATEST,cash_flow,level,2.0,ACTUAL,VNSTOCK_BRONZE
SBB,LATEST,cash_flow,order,19.0,ACTUAL,VNSTOCK_BRONZE
SBB,LATEST,cash_flow,level,2.0,ACTUAL,VNSTOCK_BRONZE
SBB,LATEST,cash_flow,order,20.0,ACTUAL,VNSTOCK_BRONZE
SBB,LATEST,cash_flow,level,2.0,ACTUAL,VNSTOCK_BRONZE
SBB,LATEST,cash_flow,order,21.0,ACTUAL,VNSTOCK_BRONZE
SBB,LATEST,cash_flow,level,2.0,ACTUAL,VNSTOCK_BRONZE
SBB,LATEST,cash_flow,order,22.0,ACTUAL,VNSTOCK_BRONZE
SBB,LATEST,cash_flow,level,2.0,ACTUAL,VNSTOCK_BRONZE
SBB,LATEST,cash_flow,order,23.0,ACTUAL,VNSTOCK_BRONZE
SBB,LATEST,cash_flow,level,2.0,ACTUAL,VNSTOCK_BRONZE
SBB,LATEST,cash_flow,order,24.0,ACTUAL,VNSTOCK_BRONZE
SBB,LATEST,cash_flow,level,2.0,ACTUAL,VNSTOCK_BRONZE
SBB,LATEST,cash_flow,value,-6215810503.0,ACTUAL,VNSTOCK_BRONZE
SBB,LATEST,cash_flow,order,25.0,ACTUAL,VNSTOCK_BRONZE
SBB,LATEST,cash_flow,level,2.0,ACTUAL,VNSTOCK_BRONZE
SBB,LATEST,cash_flow,value,5617205366.0,ACTUAL,VNSTOCK_BRONZE
SBB,LATEST,cash_flow,order,26.0,ACTUAL,VNSTOCK_BRONZE
SBB,LATEST,cash_flow,level,2.0,ACTUAL,VNSTOCK_BRONZE
SBB,LATEST,cash_flow,value,-126796312183.0,ACTUAL,VNSTOCK_BRONZE
SBB,LATEST,cash_flow,order,27.0,ACTUAL,VNSTOCK_BRONZE
SBB,LATEST,cash_flow,level,2.0,ACTUAL,VNSTOCK_BRONZE
SBB,LATEST,cash_flow,value,7480536349.0,ACTUAL,VNSTOCK_BRONZE
SBB,LATEST,cash_flow,order,28.0,ACTUAL,VNSTOCK_BRONZE
SBB,LATEST,cash_flow,level,2.0,ACTUAL,VNSTOCK_BRONZE
SBB,LATEST,cash_flow,value,-8077657554.0,ACTUAL,VNSTOCK_BRONZE
SBB,LATEST,cash_flow,order,29.0,ACTUAL,VNSTOCK_BRONZE
SBB,LATEST,cash_flow,level,2.0,ACTUAL,VNSTOCK_BRONZE
SBB,LATEST,cash_flow,order,30.0,ACTUAL,VNSTOCK_BRONZE
SBB,LATEST,cash_flow,level,2.0,ACTUAL,VNSTOCK_BRONZE
SBB,LATEST,cash_flow,value,79332345385.0,ACTUAL,VNSTOCK_BRONZE
SBB,LATEST,cash_flow,order,31.0,ACTUAL,VNSTOCK_BRONZE
SBB,LATEST,cash_flow,level,2.0,ACTUAL,VNSTOCK_BRONZE
SBB,LATEST,cash_flow,value,-4264598643.0,ACTUAL,VNSTOCK_BRONZE
SBB,LATEST,cash_flow,order,32.0,ACTUAL,VNSTOCK_BRONZE
SBB,LATEST,cash_flow,level,1.0,ACTUAL,VNSTOCK_BRONZE
SBB,LATEST,cash_flow,value,-19304553573.0,ACTUAL,VNSTOCK_BRONZE
SBB,LATEST,cash_flow,order,33.0,ACTUAL,VNSTOCK_BRONZE
SBB,LATEST,cash_flow,level,2.0,ACTUAL,VNSTOCK_BRONZE
SBB,LATEST,cash_flow,value,-3010483455.0,ACTUAL,VNSTOCK_BRONZE
SBB,LATEST,cash_flow,order,34.0,ACTUAL,VNSTOCK_BRONZE
SBB,LATEST,cash_flow,level,2.0,ACTUAL,VNSTOCK_BRONZE
SBB,LATEST,cash_flow,value,2640000.0,ACTUAL,VNSTOCK_BRONZE
SBB,LATEST,cash_flow,order,35.0,ACTUAL,VNSTOCK_BRONZE
SBB,LATEST,cash_flow,level,2.0,ACTUAL,VNSTOCK_BRONZE
SBB,LATEST,cash_flow,value,-82064003941.0,ACTUAL,VNSTOCK_BRONZE
SBB,LATEST,cash_flow,order,36.0,ACTUAL,VNSTOCK_BRONZE
SBB,LATEST,cash_flow,level,2.0,ACTUAL,VNSTOCK_BRONZE
SBB,LATEST,cash_flow,value,61520547946.0,ACTUAL,VNSTOCK_BRONZE
SBB,LATEST,cash_flow,order,37.0,ACTUAL,VNSTOCK_BRONZE
SBB,LATEST,cash_flow,level,2.0,ACTUAL,VNSTOCK_BRONZE
SBB,LATEST,cash_flow,value,0.0,ACTUAL,VNSTOCK_BRONZE
SBB,LATEST,cash_flow,order,38.0,ACTUAL,VNSTOCK_BRONZE
SBB,LATEST,cash_flow,level,2.0,ACTUAL,VNSTOCK_BRONZE
SBB,LATEST,cash_flow,value,0.0,ACTUAL,VNSTOCK_BRONZE
SBB,LATEST,cash_flow,order,39.0,ACTUAL,VNSTOCK_BRONZE
SBB,LATEST,cash_flow,level,2.0,ACTUAL,VNSTOCK_BRONZE
SBB,LATEST,cash_flow,value,4246745877.0,ACTUAL,VNSTOCK_BRONZE
SBB,LATEST,cash_flow,order,40.0,ACTUAL,VNSTOCK_BRONZE
SBB,LATEST,cash_flow,level,1.0,ACTUAL,VNSTOCK_BRONZE
SBB,LATEST,cash_flow,order,41.0,ACTUAL,VNSTOCK_BRONZE
SBB,LATEST,cash_flow,level,2.0,ACTUAL,VNSTOCK_BRONZE
SBB,LATEST,cash_flow,value,0.0,ACTUAL,VNSTOCK_BRONZE
SBB,LATEST,cash_flow,order,42.0,ACTUAL,VNSTOCK_BRONZE
SBB,LATEST,cash_flow,level,2.0,ACTUAL,VNSTOCK_BRONZE
SBB,LATEST,cash_flow,value,0.0,ACTUAL,VNSTOCK_BRONZE
SBB,LATEST,cash_flow,order,43.0,ACTUAL,VNSTOCK_BRONZE
SBB,LATEST,cash_flow,level,2.0,ACTUAL,VNSTOCK_BRONZE
SBB,LATEST,cash_flow,value,140453891395.0,ACTUAL,VNSTOCK_BRONZE
SBB,LATEST,cash_flow,order,44.0,ACTUAL,VNSTOCK_BRONZE
SBB,LATEST,cash_flow,level,2.0,ACTUAL,VNSTOCK_BRONZE
SBB,LATEST,cash_flow,value,-158427647098.0,ACTUAL,VNSTOCK_BRONZE
SBB,LATEST,cash_flow,order,45.0,ACTUAL,VNSTOCK_BRONZE
SBB,LATEST,cash_flow,level,2.0,ACTUAL,VNSTOCK_BRONZE
SBB,LATEST,cash_flow,value,0.0,ACTUAL,VNSTOCK_BRONZE
SBB,LATEST,cash_flow,order,46.0,ACTUAL,VNSTOCK_BRONZE
SBB,LATEST,cash_flow,level,2.0,ACTUAL,VNSTOCK_BRONZE
SBB,LATEST,cash_flow,value,0.0,ACTUAL,VNSTOCK_BRONZE
SBB,LATEST,cash_flow,order,47.0,ACTUAL,VNSTOCK_BRONZE
SBB,LATEST,cash_flow,level,2.0,ACTUAL,VNSTOCK_BRONZE
SBB,LATEST,cash_flow,value,244732253552.0,ACTUAL,VNSTOCK_BRONZE
SBB,LATEST,cash_flow,order,48.0,ACTUAL,VNSTOCK_BRONZE
SBB,LATEST,cash_flow,level,1.0,ACTUAL,VNSTOCK_BRONZE
SBB,LATEST,cash_flow,order,49.0,ACTUAL,VNSTOCK_BRONZE
SBB,LATEST,cash_flow,level,1.0,ACTUAL,VNSTOCK_BRONZE
SBB,LATEST,cash_flow,order,50.0,ACTUAL,VNSTOCK_BRONZE
SBB,LATEST,cash_flow,level,1.0,ACTUAL,VNSTOCK_BRONZE
SBB,LATEST,cash_flow,order,51.0,ACTUAL,VNSTOCK_BRONZE
SBB,LATEST,cash_flow,level,1.0,ACTUAL,VNSTOCK_BRONZE
SBB,LATEST,cash_flow,value,262706009255.0,ACTUAL,VNSTOCK_BRONZE
SBB,LATEST,cash_flow,order,1.0,ACTUAL,VNSTOCK_BRONZE
SBB,LATEST,cash_flow,level,1.0,ACTUAL,VNSTOCK_BRONZE
SBB,LATEST,cash_flow,value,275294497730.0,ACTUAL,VNSTOCK_BRONZE
SBB,LATEST,cash_flow,order,2.0,ACTUAL,VNSTOCK_BRONZE
SBB,LATEST,cash_flow,level,2.0,ACTUAL,VNSTOCK_BRONZE
SBB,LATEST,cash_flow,value,-19971036211.0,ACTUAL,VNSTOCK_BRONZE
SBB,LATEST,cash_flow,order,3.0,ACTUAL,VNSTOCK_BRONZE
SBB,LATEST,cash_flow,level,2.0,ACTUAL,VNSTOCK_BRONZE
SBB,LATEST,cash_flow,value,54680753388.0,ACTUAL,VNSTOCK_BRONZE
SBB,LATEST,cash_flow,order,4.0,ACTUAL,VNSTOCK_BRONZE
SBB,LATEST,cash_flow,level,2.0,ACTUAL,VNSTOCK_BRONZE
SBB,LATEST,cash_flow,value,0.0,ACTUAL,VNSTOCK_BRONZE
SBB,LATEST,cash_flow,order,5.0,ACTUAL,VNSTOCK_BRONZE
SBB,LATEST,cash_flow,level,2.0,ACTUAL,VNSTOCK_BRONZE
SBB,LATEST,cash_flow,value,0.0,ACTUAL,VNSTOCK_BRONZE
SBB,LATEST,cash_flow,order,6.0,ACTUAL,VNSTOCK_BRONZE
SBB,LATEST,cash_flow,level,2.0,ACTUAL,VNSTOCK_BRONZE
SBB,LATEST,cash_flow,value,0.0,ACTUAL,VNSTOCK_BRONZE
SBB,LATEST,cash_flow,order,7.0,ACTUAL,VNSTOCK_BRONZE
SBB,LATEST,cash_flow,level,2.0,ACTUAL,VNSTOCK_BRONZE
SBB,LATEST,cash_flow,value,-1949648397.0,ACTUAL,VNSTOCK_BRONZE
SBB,LATEST,cash_flow,order,8.0,ACTUAL,VNSTOCK_BRONZE
SBB,LATEST,cash_flow,level,2.0,ACTUAL,VNSTOCK_BRONZE
SBB,LATEST,cash_flow,value,10578052398.0,ACTUAL,VNSTOCK_BRONZE
SBB,LATEST,cash_flow,order,9.0,ACTUAL,VNSTOCK_BRONZE
SBB,LATEST,cash_flow,level,2.0,ACTUAL,VNSTOCK_BRONZE
SBB,LATEST,cash_flow,value,0.0,ACTUAL,VNSTOCK_BRONZE
SBB,LATEST,cash_flow,order,10.0,ACTUAL,VNSTOCK_BRONZE
SBB,LATEST,cash_flow,level,2.0,ACTUAL,VNSTOCK_BRONZE
SBB,LATEST,cash_flow,value,0.0,ACTUAL,VNSTOCK_BRONZE
SBB,LATEST,cash_flow,order,11.0,ACTUAL,VNSTOCK_BRONZE
SBB,LATEST,cash_flow,level,2.0,ACTUAL,VNSTOCK_BRONZE
SBB,LATEST,cash_flow,value,0.0,ACTUAL,VNSTOCK_BRONZE
SBB,LATEST,cash_flow,order,12.0,ACTUAL,VNSTOCK_BRONZE
SBB,LATEST,cash_flow,level,2.0,ACTUAL,VNSTOCK_BRONZE
SBB,LATEST,cash_flow,value,0.0,ACTUAL,VNSTOCK_BRONZE
SBB,LATEST,cash_flow,order,13.0,ACTUAL,VNSTOCK_BRONZE
SBB,LATEST,cash_flow,level,2.0,ACTUAL,VNSTOCK_BRONZE
SBB,LATEST,cash_flow,value,43338121178.0,ACTUAL,VNSTOCK_BRONZE
SBB,LATEST,cash_flow,order,14.0,ACTUAL,VNSTOCK_BRONZE
SBB,LATEST,cash_flow,level,2.0,ACTUAL,VNSTOCK_BRONZE
SBB,LATEST,cash_flow,order,15.0,ACTUAL,VNSTOCK_BRONZE
SBB,LATEST,cash_flow,level,2.0,ACTUAL,VNSTOCK_BRONZE
SBB,LATEST,cash_flow,order,16.0,ACTUAL,VNSTOCK_BRONZE
SBB,LATEST,cash_flow,level,2.0,ACTUAL,VNSTOCK_BRONZE
SBB,LATEST,cash_flow,order,17.0,ACTUAL,VNSTOCK_BRONZE
SBB,LATEST,cash_flow,level,2.0,ACTUAL,VNSTOCK_BRONZE
SBB,LATEST,cash_flow,order,18.0,ACTUAL,VNSTOCK_BRONZE
SBB,LATEST,cash_flow,level,2.0,ACTUAL,VNSTOCK_BRONZE
SBB,LATEST,cash_flow,order,19.0,ACTUAL,VNSTOCK_BRONZE
SBB,LATEST,cash_flow,level,2.0,ACTUAL,VNSTOCK_BRONZE
SBB,LATEST,cash_flow,order,20.0,ACTUAL,VNSTOCK_BRONZE
SBB,LATEST,cash_flow,level,2.0,ACTUAL,VNSTOCK_BRONZE
SBB,LATEST,cash_flow,order,21.0,ACTUAL,VNSTOCK_BRONZE
SBB,LATEST,cash_flow,level,2.0,ACTUAL,VNSTOCK_BRONZE
SBB,LATEST,cash_flow,order,22.0,ACTUAL,VNSTOCK_BRONZE
SBB,LATEST,cash_flow,level,2.0,ACTUAL,VNSTOCK_BRONZE
SBB,LATEST,cash_flow,order,23.0,ACTUAL,VNSTOCK_BRONZE
SBB,LATEST,cash_flow,level,2.0,ACTUAL,VNSTOCK_BRONZE
SBB,LATEST,cash_flow,order,24.0,ACTUAL,VNSTOCK_BRONZE
SBB,LATEST,cash_flow,level,2.0,ACTUAL,VNSTOCK_BRONZE
SBB,LATEST,cash_flow,value,-2529670088.0,ACTUAL,VNSTOCK_BRONZE
SBB,LATEST,cash_flow,order,25.0,ACTUAL,VNSTOCK_BRONZE
SBB,LATEST,cash_flow,level,2.0,ACTUAL,VNSTOCK_BRONZE
SBB,LATEST,cash_flow,value,35553539915.0,ACTUAL,VNSTOCK_BRONZE
SBB,LATEST,cash_flow,order,26.0,ACTUAL,VNSTOCK_BRONZE
SBB,LATEST,cash_flow,level,2.0,ACTUAL,VNSTOCK_BRONZE
SBB,LATEST,cash_flow,value,210026753317.0,ACTUAL,VNSTOCK_BRONZE
SBB,LATEST,cash_flow,order,27.0,ACTUAL,VNSTOCK_BRONZE
SBB,LATEST,cash_flow,level,2.0,ACTUAL,VNSTOCK_BRONZE
SBB,LATEST,cash_flow,value,1169971512.0,ACTUAL,VNSTOCK_BRONZE
SBB,LATEST,cash_flow,order,28.0,ACTUAL,VNSTOCK_BRONZE
SBB,LATEST,cash_flow,level,2.0,ACTUAL,VNSTOCK_BRONZE
SBB,LATEST,cash_flow,value,-12123477056.0,ACTUAL,VNSTOCK_BRONZE
SBB,LATEST,cash_flow,order,29.0,ACTUAL,VNSTOCK_BRONZE
SBB,LATEST,cash_flow,level,2.0,ACTUAL,VNSTOCK_BRONZE
SBB,LATEST,cash_flow,order,30.0,ACTUAL,VNSTOCK_BRONZE
SBB,LATEST,cash_flow,level,2.0,ACTUAL,VNSTOCK_BRONZE
SBB,LATEST,cash_flow,value,0.0,ACTUAL,VNSTOCK_BRONZE
SBB,LATEST,cash_flow,order,31.0,ACTUAL,VNSTOCK_BRONZE
SBB,LATEST,cash_flow,level,2.0,ACTUAL,VNSTOCK_BRONZE
SBB,LATEST,cash_flow,value,-140741048.0,ACTUAL,VNSTOCK_BRONZE
SBB,LATEST,cash_flow,order,32.0,ACTUAL,VNSTOCK_BRONZE
SBB,LATEST,cash_flow,level,1.0,ACTUAL,VNSTOCK_BRONZE
SBB,LATEST,cash_flow,value,-35532412434.0,ACTUAL,VNSTOCK_BRONZE
SBB,LATEST,cash_flow,order,33.0,ACTUAL,VNSTOCK_BRONZE
SBB,LATEST,cash_flow,level,2.0,ACTUAL,VNSTOCK_BRONZE
SBB,LATEST,cash_flow,value,-514699670.0,ACTUAL,VNSTOCK_BRONZE
SBB,LATEST,cash_flow,order,34.0,ACTUAL,VNSTOCK_BRONZE
SBB,LATEST,cash_flow,level,2.0,ACTUAL,VNSTOCK_BRONZE
SBB,LATEST,cash_flow,value,-2640000.0,ACTUAL,VNSTOCK_BRONZE
SBB,LATEST,cash_flow,order,35.0,ACTUAL,VNSTOCK_BRONZE
SBB,LATEST,cash_flow,level,2.0,ACTUAL,VNSTOCK_BRONZE
SBB,LATEST,cash_flow,value,0.0,ACTUAL,VNSTOCK_BRONZE
SBB,LATEST,cash_flow,order,36.0,ACTUAL,VNSTOCK_BRONZE
SBB,LATEST,cash_flow,level,2.0,ACTUAL,VNSTOCK_BRONZE
SBB,LATEST,cash_flow,value,0.0,ACTUAL,VNSTOCK_BRONZE
SBB,LATEST,cash_flow,order,37.0,ACTUAL,VNSTOCK_BRONZE
SBB,LATEST,cash_flow,level,2.0,ACTUAL,VNSTOCK_BRONZE
SBB,LATEST,cash_flow,value,0.0,ACTUAL,VNSTOCK_BRONZE
SBB,LATEST,cash_flow,order,38.0,ACTUAL,VNSTOCK_BRONZE
SBB,LATEST,cash_flow,level,2.0,ACTUAL,VNSTOCK_BRONZE
SBB,LATEST,cash_flow,value,0.0,ACTUAL,VNSTOCK_BRONZE
SBB,LATEST,cash_flow,order,39.0,ACTUAL,VNSTOCK_BRONZE
SBB,LATEST,cash_flow,level,2.0,ACTUAL,VNSTOCK_BRONZE
SBB,LATEST,cash_flow,value,-35015072764.0,ACTUAL,VNSTOCK_BRONZE
SBB,LATEST,cash_flow,order,40.0,ACTUAL,VNSTOCK_BRONZE
SBB,LATEST,cash_flow,level,1.0,ACTUAL,VNSTOCK_BRONZE
SBB,LATEST,cash_flow,order,41.0,ACTUAL,VNSTOCK_BRONZE
SBB,LATEST,cash_flow,level,2.0,ACTUAL,VNSTOCK_BRONZE
SBB,LATEST,cash_flow,value,0.0,ACTUAL,VNSTOCK_BRONZE
SBB,LATEST,cash_flow,order,42.0,ACTUAL,VNSTOCK_BRONZE
SBB,LATEST,cash_flow,level,2.0,ACTUAL,VNSTOCK_BRONZE
SBB,LATEST,cash_flow,value,0.0,ACTUAL,VNSTOCK_BRONZE
SBB,LATEST,cash_flow,order,43.0,ACTUAL,VNSTOCK_BRONZE
SBB,LATEST,cash_flow,level,2.0,ACTUAL,VNSTOCK_BRONZE
SBB,LATEST,cash_flow,value,138781966216.0,ACTUAL,VNSTOCK_BRONZE
SBB,LATEST,cash_flow,order,44.0,ACTUAL,VNSTOCK_BRONZE
SBB,LATEST,cash_flow,level,2.0,ACTUAL,VNSTOCK_BRONZE
SBB,LATEST,cash_flow,value,-245110282487.0,ACTUAL,VNSTOCK_BRONZE
SBB,LATEST,cash_flow,order,45.0,ACTUAL,VNSTOCK_BRONZE
SBB,LATEST,cash_flow,level,2.0,ACTUAL,VNSTOCK_BRONZE
SBB,LATEST,cash_flow,value,0.0,ACTUAL,VNSTOCK_BRONZE
SBB,LATEST,cash_flow,order,46.0,ACTUAL,VNSTOCK_BRONZE
SBB,LATEST,cash_flow,level,2.0,ACTUAL,VNSTOCK_BRONZE
SBB,LATEST,cash_flow,value,-4942488500.0,ACTUAL,VNSTOCK_BRONZE
SBB,LATEST,cash_flow,order,47.0,ACTUAL,VNSTOCK_BRONZE
SBB,LATEST,cash_flow,level,2.0,ACTUAL,VNSTOCK_BRONZE
SBB,LATEST,cash_flow,value,200687652557.0,ACTUAL,VNSTOCK_BRONZE
SBB,LATEST,cash_flow,order,48.0,ACTUAL,VNSTOCK_BRONZE
SBB,LATEST,cash_flow,level,1.0,ACTUAL,VNSTOCK_BRONZE
SBB,LATEST,cash_flow,order,49.0,ACTUAL,VNSTOCK_BRONZE
SBB,LATEST,cash_flow,level,1.0,ACTUAL,VNSTOCK_BRONZE
SBB,LATEST,cash_flow,order,50.0,ACTUAL,VNSTOCK_BRONZE
SBB,LATEST,cash_flow,level,1.0,ACTUAL,VNSTOCK_BRONZE
SBB,LATEST,cash_flow,order,51.0,ACTUAL,VNSTOCK_BRONZE
SBB,LATEST,cash_flow,level,1.0,ACTUAL,VNSTOCK_BRONZE
SBB,LATEST,cash_flow,value,311958457328.0,ACTUAL,VNSTOCK_BRONZE
SBB,LATEST,cash_flow,order,1.0,ACTUAL,VNSTOCK_BRONZE
SBB,LATEST,cash_flow,level,1.0,ACTUAL,VNSTOCK_BRONZE
SBB,LATEST,cash_flow,value,-42983023552.0,ACTUAL,VNSTOCK_BRONZE
SBB,LATEST,cash_flow,order,2.0,ACTUAL,VNSTOCK_BRONZE
SBB,LATEST,cash_flow,level,2.0,ACTUAL,VNSTOCK_BRONZE
SBB,LATEST,cash_flow,value,-30611214083.0,ACTUAL,VNSTOCK_BRONZE
SBB,LATEST,cash_flow,order,3.0,ACTUAL,VNSTOCK_BRONZE
SBB,LATEST,cash_flow,level,2.0,ACTUAL,VNSTOCK_BRONZE
SBB,LATEST,cash_flow,value,52115070312.0,ACTUAL,VNSTOCK_BRONZE
SBB,LATEST,cash_flow,order,4.0,ACTUAL,VNSTOCK_BRONZE
SBB,LATEST,cash_flow,level,2.0,ACTUAL,VNSTOCK_BRONZE
SBB,LATEST,cash_flow,value,0.0,ACTUAL,VNSTOCK_BRONZE
SBB,LATEST,cash_flow,order,5.0,ACTUAL,VNSTOCK_BRONZE
SBB,LATEST,cash_flow,level,2.0,ACTUAL,VNSTOCK_BRONZE
SBB,LATEST,cash_flow,value,0.0,ACTUAL,VNSTOCK_BRONZE
SBB,LATEST,cash_flow,order,6.0,ACTUAL,VNSTOCK_BRONZE
SBB,LATEST,cash_flow,level,2.0,ACTUAL,VNSTOCK_BRONZE
SBB,LATEST,cash_flow,value,0.0,ACTUAL,VNSTOCK_BRONZE
SBB,LATEST,cash_flow,order,7.0,ACTUAL,VNSTOCK_BRONZE
SBB,LATEST,cash_flow,level,2.0,ACTUAL,VNSTOCK_BRONZE
SBB,LATEST,cash_flow,value,-3217414919.0,ACTUAL,VNSTOCK_BRONZE
SBB,LATEST,cash_flow,order,8.0,ACTUAL,VNSTOCK_BRONZE
SBB,LATEST,cash_flow,level,2.0,ACTUAL,VNSTOCK_BRONZE
SBB,LATEST,cash_flow,value,11565538326.0,ACTUAL,VNSTOCK_BRONZE
SBB,LATEST,cash_flow,order,9.0,ACTUAL,VNSTOCK_BRONZE
SBB,LATEST,cash_flow,level,2.0,ACTUAL,VNSTOCK_BRONZE
SBB,LATEST,cash_flow,value,0.0,ACTUAL,VNSTOCK_BRONZE
SBB,LATEST,cash_flow,order,10.0,ACTUAL,VNSTOCK_BRONZE
SBB,LATEST,cash_flow,level,2.0,ACTUAL,VNSTOCK_BRONZE
SBB,LATEST,cash_flow,value,0.0,ACTUAL,VNSTOCK_BRONZE
SBB,LATEST,cash_flow,order,11.0,ACTUAL,VNSTOCK_BRONZE
SBB,LATEST,cash_flow,level,2.0,ACTUAL,VNSTOCK_BRONZE
SBB,LATEST,cash_flow,value,0.0,ACTUAL,VNSTOCK_BRONZE
SBB,LATEST,cash_flow,order,12.0,ACTUAL,VNSTOCK_BRONZE
SBB,LATEST,cash_flow,level,2.0,ACTUAL,VNSTOCK_BRONZE
SBB,LATEST,cash_flow,value,0.0,ACTUAL,VNSTOCK_BRONZE
SBB,LATEST,cash_flow,order,13.0,ACTUAL,VNSTOCK_BRONZE
SBB,LATEST,cash_flow,level,2.0,ACTUAL,VNSTOCK_BRONZE
SBB,LATEST,cash_flow,value,29851979636.0,ACTUAL,VNSTOCK_BRONZE
SBB,LATEST,cash_flow,order,14.0,ACTUAL,VNSTOCK_BRONZE
SBB,LATEST,cash_flow,level,2.0,ACTUAL,VNSTOCK_BRONZE
SBB,LATEST,cash_flow,order,15.0,ACTUAL,VNSTOCK_BRONZE
SBB,LATEST,cash_flow,level,2.0,ACTUAL,VNSTOCK_BRONZE
SBB,LATEST,cash_flow,order,16.0,ACTUAL,VNSTOCK_BRONZE
SBB,LATEST,cash_flow,level,2.0,ACTUAL,VNSTOCK_BRONZE
SBB,LATEST,cash_flow,order,17.0,ACTUAL,VNSTOCK_BRONZE
SBB,LATEST,cash_flow,level,2.0,ACTUAL,VNSTOCK_BRONZE
SBB,LATEST,cash_flow,order,18.0,ACTUAL,VNSTOCK_BRONZE
SBB,LATEST,cash_flow,level,2.0,ACTUAL,VNSTOCK_BRONZE
SBB,LATEST,cash_flow,order,19.0,ACTUAL,VNSTOCK_BRONZE
SBB,LATEST,cash_flow,level,2.0,ACTUAL,VNSTOCK_BRONZE
SBB,LATEST,cash_flow,order,20.0,ACTUAL,VNSTOCK_BRONZE
SBB,LATEST,cash_flow,level,2.0,ACTUAL,VNSTOCK_BRONZE
SBB,LATEST,cash_flow,order,21.0,ACTUAL,VNSTOCK_BRONZE
SBB,LATEST,cash_flow,level,2.0,ACTUAL,VNSTOCK_BRONZE
SBB,LATEST,cash_flow,order,22.0,ACTUAL,VNSTOCK_BRONZE
SBB,LATEST,cash_flow,level,2.0,ACTUAL,VNSTOCK_BRONZE
SBB,LATEST,cash_flow,order,23.0,ACTUAL,VNSTOCK_BRONZE
SBB,LATEST,cash_flow,level,2.0,ACTUAL,VNSTOCK_BRONZE
SBB,LATEST,cash_flow,order,24.0,ACTUAL,VNSTOCK_BRONZE
SBB,LATEST,cash_flow,level,2.0,ACTUAL,VNSTOCK_BRONZE
SBB,LATEST,cash_flow,value,-4679657398.0,ACTUAL,VNSTOCK_BRONZE
SBB,LATEST,cash_flow,order,25.0,ACTUAL,VNSTOCK_BRONZE
SBB,LATEST,cash_flow,level,2.0,ACTUAL,VNSTOCK_BRONZE
SBB,LATEST,cash_flow,value,57494178003.0,ACTUAL,VNSTOCK_BRONZE
SBB,LATEST,cash_flow,order,26.0,ACTUAL,VNSTOCK_BRONZE
SBB,LATEST,cash_flow,level,2.0,ACTUAL,VNSTOCK_BRONZE
SBB,LATEST,cash_flow,value,-117960811962.0,ACTUAL,VNSTOCK_BRONZE
SBB,LATEST,cash_flow,order,27.0,ACTUAL,VNSTOCK_BRONZE
SBB,LATEST,cash_flow,level,2.0,ACTUAL,VNSTOCK_BRONZE
SBB,LATEST,cash_flow,value,8558553859.0,ACTUAL,VNSTOCK_BRONZE
SBB,LATEST,cash_flow,order,28.0,ACTUAL,VNSTOCK_BRONZE
SBB,LATEST,cash_flow,level,2.0,ACTUAL,VNSTOCK_BRONZE
SBB,LATEST,cash_flow,value,-12325135748.0,ACTUAL,VNSTOCK_BRONZE
SBB,LATEST,cash_flow,order,29.0,ACTUAL,VNSTOCK_BRONZE
SBB,LATEST,cash_flow,level,2.0,ACTUAL,VNSTOCK_BRONZE
SBB,LATEST,cash_flow,order,30.0,ACTUAL,VNSTOCK_BRONZE
SBB,LATEST,cash_flow,level,2.0,ACTUAL,VNSTOCK_BRONZE
SBB,LATEST,cash_flow,value,0.0,ACTUAL,VNSTOCK_BRONZE
SBB,LATEST,cash_flow,order,31.0,ACTUAL,VNSTOCK_BRONZE
SBB,LATEST,cash_flow,level,2.0,ACTUAL,VNSTOCK_BRONZE
SBB,LATEST,cash_flow,value,-1858851468.0,ACTUAL,VNSTOCK_BRONZE
SBB,LATEST,cash_flow,order,32.0,ACTUAL,VNSTOCK_BRONZE
SBB,LATEST,cash_flow,level,1.0,ACTUAL,VNSTOCK_BRONZE
SBB,LATEST,cash_flow,value,41252404974.0,ACTUAL,VNSTOCK_BRONZE
SBB,LATEST,cash_flow,order,33.0,ACTUAL,VNSTOCK_BRONZE
SBB,LATEST,cash_flow,level,2.0,ACTUAL,VNSTOCK_BRONZE
SBB,LATEST,cash_flow,value,-64702000.0,ACTUAL,VNSTOCK_BRONZE
SBB,LATEST,cash_flow,order,34.0,ACTUAL,VNSTOCK_BRONZE
SBB,LATEST,cash_flow,level,2.0,ACTUAL,VNSTOCK_BRONZE
SBB,LATEST,cash_flow,value,2640000.0,ACTUAL,VNSTOCK_BRONZE
SBB,LATEST,cash_flow,order,35.0,ACTUAL,VNSTOCK_BRONZE
SBB,LATEST,cash_flow,level,2.0,ACTUAL,VNSTOCK_BRONZE
SBB,LATEST,cash_flow,value,-61520547946.0,ACTUAL,VNSTOCK_BRONZE
SBB,LATEST,cash_flow,order,36.0,ACTUAL,VNSTOCK_BRONZE
SBB,LATEST,cash_flow,level,2.0,ACTUAL,VNSTOCK_BRONZE
SBB,LATEST,cash_flow,value,60000000000.0,ACTUAL,VNSTOCK_BRONZE
SBB,LATEST,cash_flow,order,37.0,ACTUAL,VNSTOCK_BRONZE
SBB,LATEST,cash_flow,level,2.0,ACTUAL,VNSTOCK_BRONZE
SBB,LATEST,cash_flow,value,0.0,ACTUAL,VNSTOCK_BRONZE
SBB,LATEST,cash_flow,order,38.0,ACTUAL,VNSTOCK_BRONZE
SBB,LATEST,cash_flow,level,2.0,ACTUAL,VNSTOCK_BRONZE
SBB,LATEST,cash_flow,value,0.0,ACTUAL,VNSTOCK_BRONZE
SBB,LATEST,cash_flow,order,39.0,ACTUAL,VNSTOCK_BRONZE
SBB,LATEST,cash_flow,level,2.0,ACTUAL,VNSTOCK_BRONZE
SBB,LATEST,cash_flow,value,42835014920.0,ACTUAL,VNSTOCK_BRONZE
SBB,LATEST,cash_flow,order,40.0,ACTUAL,VNSTOCK_BRONZE
SBB,LATEST,cash_flow,level,1.0,ACTUAL,VNSTOCK_BRONZE
SBB,LATEST,cash_flow,order,41.0,ACTUAL,VNSTOCK_BRONZE
SBB,LATEST,cash_flow,level,2.0,ACTUAL,VNSTOCK_BRONZE
SBB,LATEST,cash_flow,value,0.0,ACTUAL,VNSTOCK_BRONZE
SBB,LATEST,cash_flow,order,42.0,ACTUAL,VNSTOCK_BRONZE
SBB,LATEST,cash_flow,level,2.0,ACTUAL,VNSTOCK_BRONZE
SBB,LATEST,cash_flow,value,0.0,ACTUAL,VNSTOCK_BRONZE
SBB,LATEST,cash_flow,order,43.0,ACTUAL,VNSTOCK_BRONZE
SBB,LATEST,cash_flow,level,2.0,ACTUAL,VNSTOCK_BRONZE
SBB,LATEST,cash_flow,value,148591593248.0,ACTUAL,VNSTOCK_BRONZE
SBB,LATEST,cash_flow,order,44.0,ACTUAL,VNSTOCK_BRONZE
SBB,LATEST,cash_flow,level,2.0,ACTUAL,VNSTOCK_BRONZE
SBB,LATEST,cash_flow,value,-209029332590.0,ACTUAL,VNSTOCK_BRONZE
SBB,LATEST,cash_flow,order,45.0,ACTUAL,VNSTOCK_BRONZE
SBB,LATEST,cash_flow,level,2.0,ACTUAL,VNSTOCK_BRONZE
SBB,LATEST,cash_flow,value,0.0,ACTUAL,VNSTOCK_BRONZE
SBB,LATEST,cash_flow,order,46.0,ACTUAL,VNSTOCK_BRONZE
SBB,LATEST,cash_flow,level,2.0,ACTUAL,VNSTOCK_BRONZE
SBB,LATEST,cash_flow,value,-39400000000.0,ACTUAL,VNSTOCK_BRONZE
SBB,LATEST,cash_flow,order,47.0,ACTUAL,VNSTOCK_BRONZE
SBB,LATEST,cash_flow,level,2.0,ACTUAL,VNSTOCK_BRONZE
SBB,LATEST,cash_flow,value,83629437461.0,ACTUAL,VNSTOCK_BRONZE
SBB,LATEST,cash_flow,order,48.0,ACTUAL,VNSTOCK_BRONZE
SBB,LATEST,cash_flow,level,1.0,ACTUAL,VNSTOCK_BRONZE
SBB,LATEST,cash_flow,order,49.0,ACTUAL,VNSTOCK_BRONZE
SBB,LATEST,cash_flow,level,1.0,ACTUAL,VNSTOCK_BRONZE
SBB,LATEST,cash_flow,order,50.0,ACTUAL,VNSTOCK_BRONZE
SBB,LATEST,cash_flow,level,1.0,ACTUAL,VNSTOCK_BRONZE
SBB,LATEST,cash_flow,order,51.0,ACTUAL,VNSTOCK_BRONZE
SBB,LATEST,cash_flow,level,1.0,ACTUAL,VNSTOCK_BRONZE
SBB,LATEST,cash_flow,value,183467176803.0,ACTUAL,VNSTOCK_BRONZE
