Ticker,Period,Dataset,Field,Value,DataType,SourceMode
SPC,LATEST,ratio,order,1.0,ACTUAL,VNSTOCK_BRONZE
SPC,LATEST,ratio,level,1.0,ACTUAL,VNSTOCK_BRONZE
SPC,LATEST,ratio,order,2.0,ACTUAL,VNSTOCK_BRONZE
SPC,LATEST,ratio,level,2.0,ACTUAL,VNSTOCK_BRONZE
SPC,LATEST,ratio,value,3.364910114,ACTUAL,VNSTOCK_BRONZE
SPC,LATEST,ratio,order,3.0,ACTUAL,VNSTOCK_BRONZE
SPC,LATEST,ratio,level,2.0,ACTUAL,VNSTOCK_BRONZE
SPC,LATEST,ratio,value,0.7123424519,ACTUAL,VNSTOCK_BRONZE
SPC,LATEST,ratio,order,4.0,ACTUAL,VNSTOCK_BRONZE
SPC,LATEST,ratio,level,2.0,ACTUAL,VNSTOCK_BRONZE
SPC,LATEST,ratio,value,0.1071347857,ACTUAL,VNSTOCK_BRONZE
SPC,LATEST,ratio,order,5.0,ACTUAL,VNSTOCK_BRONZE
SPC,LATEST,ratio,level,2.0,ACTUAL,VNSTOCK_BRONZE
SPC,LATEST,ratio,value,1.3801916941,ACTUAL,VNSTOCK_BRONZE
SPC,LATEST,ratio,order,6.0,ACTUAL,VNSTOCK_BRONZE
SPC,LATEST,ratio,level,2.0,ACTUAL,VNSTOCK_BRONZE
SPC,LATEST,ratio,value,2.0396652789,ACTUAL,VNSTOCK_BRONZE
SPC,LATEST,ratio,order,7.0,ACTUAL,VNSTOCK_BRONZE
SPC,LATEST,ratio,level,2.0,ACTUAL,VNSTOCK_BRONZE
SPC,LATEST,ratio,value,0.0,ACTUAL,VNSTOCK_BRONZE
SPC,LATEST,ratio,order,8.0,ACTUAL,VNSTOCK_BRONZE
SPC,LATEST,ratio,level,2.0,ACTUAL,VNSTOCK_BRONZE
SPC,LATEST,ratio,value,105300000000.0,ACTUAL,VNSTOCK_BRONZE
SPC,LATEST,ratio,order,9.0,ACTUAL,VNSTOCK_BRONZE
SPC,LATEST,ratio,level,2.0,ACTUAL,VNSTOCK_BRONZE
SPC,LATEST,ratio,order,10.0,ACTUAL,VNSTOCK_BRONZE
SPC,LATEST,ratio,level,2.0,ACTUAL,VNSTOCK_BRONZE
SPC,LATEST,ratio,order,11.0,ACTUAL,VNSTOCK_BRONZE
SPC,LATEST,ratio,level,2.0,ACTUAL,VNSTOCK_BRONZE
SPC,LATEST,ratio,order,12.0,ACTUAL,VNSTOCK_BRONZE
SPC,LATEST,ratio,level,2.0,ACTUAL,VNSTOCK_BRONZE
SPC,LATEST,ratio,value,65201970073.0,ACTUAL,VNSTOCK_BRONZE
SPC,LATEST,ratio,order,13.0,ACTUAL,VNSTOCK_BRONZE
SPC,LATEST,ratio,level,2.0,ACTUAL,VNSTOCK_BRONZE
SPC,LATEST,ratio,value,69325016245.0,ACTUAL,VNSTOCK_BRONZE
SPC,LATEST,ratio,order,14.0,ACTUAL,VNSTOCK_BRONZE
SPC,LATEST,ratio,level,2.0,ACTUAL,VNSTOCK_BRONZE
SPC,LATEST,ratio,value,0.0,ACTUAL,VNSTOCK_BRONZE
SPC,LATEST,ratio,order,15.0,ACTUAL,VNSTOCK_BRONZE
SPC,LATEST,ratio,level,2.0,ACTUAL,VNSTOCK_BRONZE
SPC,LATEST,ratio,value,10530000.0,ACTUAL,VNSTOCK_BRONZE
SPC,LATEST,ratio,order,16.0,ACTUAL,VNSTOCK_BRONZE
SPC,LATEST,ratio,level,1.0,ACTUAL,VNSTOCK_BRONZE
SPC,LATEST,ratio,order,17.0,ACTUAL,VNSTOCK_BRONZE
SPC,LATEST,ratio,level,2.0,ACTUAL,VNSTOCK_BRONZE
SPC,LATEST,ratio,value,0.2336532421,ACTUAL,VNSTOCK_BRONZE
SPC,LATEST,ratio,order,18.0,ACTUAL,VNSTOCK_BRONZE
SPC,LATEST,ratio,level,2.0,ACTUAL,VNSTOCK_BRONZE
SPC,LATEST,ratio,value,0.0724388161,ACTUAL,VNSTOCK_BRONZE
SPC,LATEST,ratio,order,19.0,ACTUAL,VNSTOCK_BRONZE
SPC,LATEST,ratio,level,2.0,ACTUAL,VNSTOCK_BRONZE
SPC,LATEST,ratio,value,0.3065123078,ACTUAL,VNSTOCK_BRONZE
SPC,LATEST,ratio,order,20.0,ACTUAL,VNSTOCK_BRONZE
SPC,LATEST,ratio,level,2.0,ACTUAL,VNSTOCK_BRONZE
SPC,LATEST,ratio,value,0.1945870009,ACTUAL,VNSTOCK_BRONZE
SPC,LATEST,ratio,order,21.0,ACTUAL,VNSTOCK_BRONZE
SPC,LATEST,ratio,level,2.0,ACTUAL,VNSTOCK_BRONZE
SPC,LATEST,ratio,value,0.066338073,ACTUAL,VNSTOCK_BRONZE
SPC,LATEST,ratio,order,22.0,ACTUAL,VNSTOCK_BRONZE
SPC,LATEST,ratio,level,2.0,ACTUAL,VNSTOCK_BRONZE
SPC,LATEST,ratio,value,0.037505191,ACTUAL,VNSTOCK_BRONZE
SPC,LATEST,ratio,order,23.0,ACTUAL,VNSTOCK_BRONZE
SPC,LATEST,ratio,level,2.0,ACTUAL,VNSTOCK_BRONZE
SPC,LATEST,ratio,value,0.0322639805,ACTUAL,VNSTOCK_BRONZE
SPC,LATEST,ratio,order,24.0,ACTUAL,VNSTOCK_BRONZE
SPC,LATEST,ratio,level,2.0,ACTUAL,VNSTOCK_BRONZE
SPC,LATEST,ratio,value,2.2751723771,ACTUAL,VNSTOCK_BRONZE
SPC,LATEST,ratio,order,25.0,ACTUAL,VNSTOCK_BRONZE
SPC,LATEST,ratio,level,2.0,ACTUAL,VNSTOCK_BRONZE
SPC,LATEST,ratio,value,38.8711323233,ACTUAL,VNSTOCK_BRONZE
SPC,LATEST,ratio,order,26.0,ACTUAL,VNSTOCK_BRONZE
SPC,LATEST,ratio,level,2.0,ACTUAL,VNSTOCK_BRONZE
SPC,LATEST,ratio,value,46.0440360945,ACTUAL,VNSTOCK_BRONZE
SPC,LATEST,ratio,order,27.0,ACTUAL,VNSTOCK_BRONZE
SPC,LATEST,ratio,level,2.0,ACTUAL,VNSTOCK_BRONZE
SPC,LATEST,ratio,value,108.1522399859,ACTUAL,VNSTOCK_BRONZE
SPC,LATEST,ratio,order,28.0,ACTUAL,VNSTOCK_BRONZE
SPC,LATEST,ratio,level,2.0,ACTUAL,VNSTOCK_BRONZE
SPC,LATEST,ratio,value,70.3610290653,ACTUAL,VNSTOCK_BRONZE
SPC,LATEST,ratio,order,29.0,ACTUAL,VNSTOCK_BRONZE
SPC,LATEST,ratio,level,2.0,ACTUAL,VNSTOCK_BRONZE
SPC,LATEST,ratio,value,211.2731685678,ACTUAL,VNSTOCK_BRONZE
SPC,LATEST,ratio,order,30.0,ACTUAL,VNSTOCK_BRONZE
SPC,LATEST,ratio,level,1.0,ACTUAL,VNSTOCK_BRONZE
SPC,LATEST,ratio,order,31.0,ACTUAL,VNSTOCK_BRONZE
SPC,LATEST,ratio,level,2.0,ACTUAL,VNSTOCK_BRONZE
SPC,LATEST,ratio,value,1.3514774606,ACTUAL,VNSTOCK_BRONZE
SPC,LATEST,ratio,order,32.0,ACTUAL,VNSTOCK_BRONZE
SPC,LATEST,ratio,level,2.0,ACTUAL,VNSTOCK_BRONZE
SPC,LATEST,ratio,value,0.6023178046,ACTUAL,VNSTOCK_BRONZE
SPC,LATEST,ratio,order,33.0,ACTUAL,VNSTOCK_BRONZE
SPC,LATEST,ratio,level,2.0,ACTUAL,VNSTOCK_BRONZE
SPC,LATEST,ratio,value,0.0924831148,ACTUAL,VNSTOCK_BRONZE
SPC,LATEST,ratio,order,34.0,ACTUAL,VNSTOCK_BRONZE
SPC,LATEST,ratio,level,2.0,ACTUAL,VNSTOCK_BRONZE
SPC,LATEST,ratio,order,35.0,ACTUAL,VNSTOCK_BRONZE
SPC,LATEST,ratio,level,2.0,ACTUAL,VNSTOCK_BRONZE
SPC,LATEST,ratio,order,36.0,ACTUAL,VNSTOCK_BRONZE
SPC,LATEST,ratio,level,2.0,ACTUAL,VNSTOCK_BRONZE
SPC,LATEST,ratio,order,37.0,ACTUAL,VNSTOCK_BRONZE
SPC,LATEST,ratio,level,2.0,ACTUAL,VNSTOCK_BRONZE
SPC,LATEST,ratio,order,38.0,ACTUAL,VNSTOCK_BRONZE
SPC,LATEST,ratio,level,1.0,ACTUAL,VNSTOCK_BRONZE
SPC,LATEST,ratio,order,39.0,ACTUAL,VNSTOCK_BRONZE
SPC,LATEST,ratio,level,2.0,ACTUAL,VNSTOCK_BRONZE
SPC,LATEST,ratio,value,2.0039483088,ACTUAL,VNSTOCK_BRONZE
SPC,LATEST,ratio,order,40.0,ACTUAL,VNSTOCK_BRONZE
SPC,LATEST,ratio,level,2.0,ACTUAL,VNSTOCK_BRONZE
SPC,LATEST,ratio,value,0.3429927184,ACTUAL,VNSTOCK_BRONZE
SPC,LATEST,ratio,order,41.0,ACTUAL,VNSTOCK_BRONZE
SPC,LATEST,ratio,level,2.0,ACTUAL,VNSTOCK_BRONZE
SPC,LATEST,ratio,order,42.0,ACTUAL,VNSTOCK_BRONZE
SPC,LATEST,ratio,level,2.0,ACTUAL,VNSTOCK_BRONZE
SPC,LATEST,ratio,value,2.0039483088,ACTUAL,VNSTOCK_BRONZE
SPC,LATEST,ratio,order,43.0,ACTUAL,VNSTOCK_BRONZE
SPC,LATEST,ratio,level,2.0,ACTUAL,VNSTOCK_BRONZE
SPC,LATEST,ratio,value,0.0,ACTUAL,VNSTOCK_BRONZE
SPC,LATEST,ratio,order,44.0,ACTUAL,VNSTOCK_BRONZE
SPC,LATEST,ratio,level,2.0,ACTUAL,VNSTOCK_BRONZE
SPC,LATEST,ratio,value,0.0,ACTUAL,VNSTOCK_BRONZE
SPC,LATEST,ratio,order,45.0,ACTUAL,VNSTOCK_BRONZE
SPC,LATEST,ratio,level,1.0,ACTUAL,VNSTOCK_BRONZE
SPC,LATEST,ratio,order,46.0,ACTUAL,VNSTOCK_BRONZE
SPC,LATEST,ratio,level,2.0,ACTUAL,VNSTOCK_BRONZE
SPC,LATEST,ratio,value,0.0,ACTUAL,VNSTOCK_BRONZE
SPC,LATEST,ratio,order,47.0,ACTUAL,VNSTOCK_BRONZE
SPC,LATEST,ratio,level,2.0,ACTUAL,VNSTOCK_BRONZE
SPC,LATEST,ratio,value,0.0,ACTUAL,VNSTOCK_BRONZE
SPC,LATEST,ratio,order,48.0,ACTUAL,VNSTOCK_BRONZE
SPC,LATEST,ratio,level,2.0,ACTUAL,VNSTOCK_BRONZE
SPC,LATEST,ratio,value,0.0,ACTUAL,VNSTOCK_BRONZE
SPC,LATEST,ratio,order,49.0,ACTUAL,VNSTOCK_BRONZE
SPC,LATEST,ratio,level,2.0,ACTUAL,VNSTOCK_BRONZE
SPC,LATEST,ratio,value,0.0,ACTUAL,VNSTOCK_BRONZE
SPC,LATEST,ratio,order,50.0,ACTUAL,VNSTOCK_BRONZE
SPC,LATEST,ratio,level,2.0,ACTUAL,VNSTOCK_BRONZE
SPC,LATEST,ratio,value,0.0,ACTUAL,VNSTOCK_BRONZE
SPC,LATEST,ratio,order,51.0,ACTUAL,VNSTOCK_BRONZE
SPC,LATEST,ratio,level,2.0,ACTUAL,VNSTOCK_BRONZE
SPC,LATEST,ratio,value,0.0,ACTUAL,VNSTOCK_BRONZE
SPC,LATEST,ratio,order,52.0,ACTUAL,VNSTOCK_BRONZE
SPC,LATEST,ratio,level,2.0,ACTUAL,VNSTOCK_BRONZE
SPC,LATEST,ratio,value,0.0,ACTUAL,VNSTOCK_BRONZE
SPC,LATEST,ratio,order,53.0,ACTUAL,VNSTOCK_BRONZE
SPC,LATEST,ratio,level,2.0,ACTUAL,VNSTOCK_BRONZE
SPC,LATEST,ratio,value,0.0,ACTUAL,VNSTOCK_BRONZE
SPC,LATEST,ratio,order,54.0,ACTUAL,VNSTOCK_BRONZE
SPC,LATEST,ratio,level,2.0,ACTUAL,VNSTOCK_BRONZE
SPC,LATEST,ratio,value,0.0,ACTUAL,VNSTOCK_BRONZE
SPC,LATEST,ratio,order,55.0,ACTUAL,VNSTOCK_BRONZE
SPC,LATEST,ratio,level,2.0,ACTUAL,VNSTOCK_BRONZE
SPC,LATEST,ratio,value,0.0,ACTUAL,VNSTOCK_BRONZE
SPC,LATEST,ratio,order,56.0,ACTUAL,VNSTOCK_BRONZE
SPC,LATEST,ratio,level,2.0,ACTUAL,VNSTOCK_BRONZE
SPC,LATEST,ratio,value,0.0,ACTUAL,VNSTOCK_BRONZE
SPC,LATEST,ratio,order,57.0,ACTUAL,VNSTOCK_BRONZE
SPC,LATEST,ratio,level,2.0,ACTUAL,VNSTOCK_BRONZE
SPC,LATEST,ratio,order,58.0,ACTUAL,VNSTOCK_BRONZE
SPC,LATEST,ratio,level,2.0,ACTUAL,VNSTOCK_BRONZE
SPC,LATEST,ratio,order,59.0,ACTUAL,VNSTOCK_BRONZE
SPC,LATEST,ratio,level,2.0,ACTUAL,VNSTOCK_BRONZE
SPC,LATEST,ratio,value,0.0,ACTUAL,VNSTOCK_BRONZE
SPC,LATEST,ratio,order,60.0,ACTUAL,VNSTOCK_BRONZE
SPC,LATEST,ratio,level,2.0,ACTUAL,VNSTOCK_BRONZE
SPC,LATEST,ratio,value,0.0,ACTUAL,VNSTOCK_BRONZE
SPC,LATEST,ratio,order,1.0,ACTUAL,VNSTOCK_BRONZE
SPC,LATEST,ratio,level,1.0,ACTUAL,VNSTOCK_BRONZE
SPC,LATEST,ratio,order,2.0,ACTUAL,VNSTOCK_BRONZE
SPC,LATEST,ratio,level,2.0,ACTUAL,VNSTOCK_BRONZE
SPC,LATEST,ratio,value,3.4993738663,ACTUAL,VNSTOCK_BRONZE
SPC,LATEST,ratio,order,3.0,ACTUAL,VNSTOCK_BRONZE
SPC,LATEST,ratio,level,2.0,ACTUAL,VNSTOCK_BRONZE
SPC,LATEST,ratio,value,0.6934983484,ACTUAL,VNSTOCK_BRONZE
SPC,LATEST,ratio,order,4.0,ACTUAL,VNSTOCK_BRONZE
SPC,LATEST,ratio,level,2.0,ACTUAL,VNSTOCK_BRONZE
SPC,LATEST,ratio,value,0.0930916031,ACTUAL,VNSTOCK_BRONZE
SPC,LATEST,ratio,order,5.0,ACTUAL,VNSTOCK_BRONZE
SPC,LATEST,ratio,level,2.0,ACTUAL,VNSTOCK_BRONZE
SPC,LATEST,ratio,value,1.1019667171,ACTUAL,VNSTOCK_BRONZE
SPC,LATEST,ratio,order,6.0,ACTUAL,VNSTOCK_BRONZE
SPC,LATEST,ratio,level,2.0,ACTUAL,VNSTOCK_BRONZE
SPC,LATEST,ratio,value,1.7696727069,ACTUAL,VNSTOCK_BRONZE
SPC,LATEST,ratio,order,7.0,ACTUAL,VNSTOCK_BRONZE
SPC,LATEST,ratio,level,2.0,ACTUAL,VNSTOCK_BRONZE
SPC,LATEST,ratio,value,0.0,ACTUAL,VNSTOCK_BRONZE
SPC,LATEST,ratio,order,8.0,ACTUAL,VNSTOCK_BRONZE
SPC,LATEST,ratio,level,2.0,ACTUAL,VNSTOCK_BRONZE
SPC,LATEST,ratio,value,91611000000.0,ACTUAL,VNSTOCK_BRONZE
SPC,LATEST,ratio,order,9.0,ACTUAL,VNSTOCK_BRONZE
SPC,LATEST,ratio,level,2.0,ACTUAL,VNSTOCK_BRONZE
SPC,LATEST,ratio,order,10.0,ACTUAL,VNSTOCK_BRONZE
SPC,LATEST,ratio,level,2.0,ACTUAL,VNSTOCK_BRONZE
SPC,LATEST,ratio,order,11.0,ACTUAL,VNSTOCK_BRONZE
SPC,LATEST,ratio,level,2.0,ACTUAL,VNSTOCK_BRONZE
SPC,LATEST,ratio,order,12.0,ACTUAL,VNSTOCK_BRONZE
SPC,LATEST,ratio,level,2.0,ACTUAL,VNSTOCK_BRONZE
SPC,LATEST,ratio,value,70181346700.0,ACTUAL,VNSTOCK_BRONZE
SPC,LATEST,ratio,order,13.0,ACTUAL,VNSTOCK_BRONZE
SPC,LATEST,ratio,level,2.0,ACTUAL,VNSTOCK_BRONZE
SPC,LATEST,ratio,value,73530278818.0,ACTUAL,VNSTOCK_BRONZE
SPC,LATEST,ratio,order,14.0,ACTUAL,VNSTOCK_BRONZE
SPC,LATEST,ratio,level,2.0,ACTUAL,VNSTOCK_BRONZE
SPC,LATEST,ratio,value,0.0,ACTUAL,VNSTOCK_BRONZE
SPC,LATEST,ratio,order,15.0,ACTUAL,VNSTOCK_BRONZE
SPC,LATEST,ratio,level,2.0,ACTUAL,VNSTOCK_BRONZE
SPC,LATEST,ratio,value,10530000.0,ACTUAL,VNSTOCK_BRONZE
SPC,LATEST,ratio,order,16.0,ACTUAL,VNSTOCK_BRONZE
SPC,LATEST,ratio,level,1.0,ACTUAL,VNSTOCK_BRONZE
SPC,LATEST,ratio,order,17.0,ACTUAL,VNSTOCK_BRONZE
SPC,LATEST,ratio,level,2.0,ACTUAL,VNSTOCK_BRONZE
SPC,LATEST,ratio,value,0.2062967371,ACTUAL,VNSTOCK_BRONZE
SPC,LATEST,ratio,order,18.0,ACTUAL,VNSTOCK_BRONZE
SPC,LATEST,ratio,level,2.0,ACTUAL,VNSTOCK_BRONZE
SPC,LATEST,ratio,value,0.0618259701,ACTUAL,VNSTOCK_BRONZE
SPC,LATEST,ratio,order,19.0,ACTUAL,VNSTOCK_BRONZE
SPC,LATEST,ratio,level,2.0,ACTUAL,VNSTOCK_BRONZE
SPC,LATEST,ratio,value,0.336908196,ACTUAL,VNSTOCK_BRONZE
SPC,LATEST,ratio,order,20.0,ACTUAL,VNSTOCK_BRONZE
SPC,LATEST,ratio,level,2.0,ACTUAL,VNSTOCK_BRONZE
SPC,LATEST,ratio,value,0.1986544937,ACTUAL,VNSTOCK_BRONZE
SPC,LATEST,ratio,order,21.0,ACTUAL,VNSTOCK_BRONZE
SPC,LATEST,ratio,level,2.0,ACTUAL,VNSTOCK_BRONZE
SPC,LATEST,ratio,value,0.071315607,ACTUAL,VNSTOCK_BRONZE
SPC,LATEST,ratio,order,22.0,ACTUAL,VNSTOCK_BRONZE
SPC,LATEST,ratio,level,2.0,ACTUAL,VNSTOCK_BRONZE
SPC,LATEST,ratio,value,0.0321867166,ACTUAL,VNSTOCK_BRONZE
SPC,LATEST,ratio,order,23.0,ACTUAL,VNSTOCK_BRONZE
SPC,LATEST,ratio,level,2.0,ACTUAL,VNSTOCK_BRONZE
SPC,LATEST,ratio,value,0.0261019072,ACTUAL,VNSTOCK_BRONZE
SPC,LATEST,ratio,order,24.0,ACTUAL,VNSTOCK_BRONZE
SPC,LATEST,ratio,level,2.0,ACTUAL,VNSTOCK_BRONZE
SPC,LATEST,ratio,value,2.3240784014,ACTUAL,VNSTOCK_BRONZE
SPC,LATEST,ratio,order,25.0,ACTUAL,VNSTOCK_BRONZE
SPC,LATEST,ratio,level,2.0,ACTUAL,VNSTOCK_BRONZE
SPC,LATEST,ratio,value,38.4799453976,ACTUAL,VNSTOCK_BRONZE
SPC,LATEST,ratio,order,26.0,ACTUAL,VNSTOCK_BRONZE
SPC,LATEST,ratio,level,2.0,ACTUAL,VNSTOCK_BRONZE
SPC,LATEST,ratio,value,43.1820925537,ACTUAL,VNSTOCK_BRONZE
SPC,LATEST,ratio,order,27.0,ACTUAL,VNSTOCK_BRONZE
SPC,LATEST,ratio,level,2.0,ACTUAL,VNSTOCK_BRONZE
SPC,LATEST,ratio,value,106.5158344648,ACTUAL,VNSTOCK_BRONZE
SPC,LATEST,ratio,order,28.0,ACTUAL,VNSTOCK_BRONZE
SPC,LATEST,ratio,level,2.0,ACTUAL,VNSTOCK_BRONZE
SPC,LATEST,ratio,value,63.7337202122,ACTUAL,VNSTOCK_BRONZE
SPC,LATEST,ratio,order,29.0,ACTUAL,VNSTOCK_BRONZE
SPC,LATEST,ratio,level,2.0,ACTUAL,VNSTOCK_BRONZE
SPC,LATEST,ratio,value,201.0237544773,ACTUAL,VNSTOCK_BRONZE
SPC,LATEST,ratio,order,30.0,ACTUAL,VNSTOCK_BRONZE
SPC,LATEST,ratio,level,1.0,ACTUAL,VNSTOCK_BRONZE
SPC,LATEST,ratio,order,31.0,ACTUAL,VNSTOCK_BRONZE
SPC,LATEST,ratio,level,2.0,ACTUAL,VNSTOCK_BRONZE
SPC,LATEST,ratio,value,1.3245127917,ACTUAL,VNSTOCK_BRONZE
SPC,LATEST,ratio,order,32.0,ACTUAL,VNSTOCK_BRONZE
SPC,LATEST,ratio,level,2.0,ACTUAL,VNSTOCK_BRONZE
SPC,LATEST,ratio,value,0.6086922412,ACTUAL,VNSTOCK_BRONZE
SPC,LATEST,ratio,order,33.0,ACTUAL,VNSTOCK_BRONZE
SPC,LATEST,ratio,level,2.0,ACTUAL,VNSTOCK_BRONZE
SPC,LATEST,ratio,value,0.1304166732,ACTUAL,VNSTOCK_BRONZE
SPC,LATEST,ratio,order,34.0,ACTUAL,VNSTOCK_BRONZE
SPC,LATEST,ratio,level,2.0,ACTUAL,VNSTOCK_BRONZE
SPC,LATEST,ratio,order,35.0,ACTUAL,VNSTOCK_BRONZE
SPC,LATEST,ratio,level,2.0,ACTUAL,VNSTOCK_BRONZE
SPC,LATEST,ratio,order,36.0,ACTUAL,VNSTOCK_BRONZE
SPC,LATEST,ratio,level,2.0,ACTUAL,VNSTOCK_BRONZE
SPC,LATEST,ratio,order,37.0,ACTUAL,VNSTOCK_BRONZE
SPC,LATEST,ratio,level,2.0,ACTUAL,VNSTOCK_BRONZE
SPC,LATEST,ratio,order,38.0,ACTUAL,VNSTOCK_BRONZE
SPC,LATEST,ratio,level,1.0,ACTUAL,VNSTOCK_BRONZE
SPC,LATEST,ratio,order,39.0,ACTUAL,VNSTOCK_BRONZE
SPC,LATEST,ratio,level,2.0,ACTUAL,VNSTOCK_BRONZE
SPC,LATEST,ratio,value,2.076166876,ACTUAL,VNSTOCK_BRONZE
SPC,LATEST,ratio,order,40.0,ACTUAL,VNSTOCK_BRONZE
SPC,LATEST,ratio,level,2.0,ACTUAL,VNSTOCK_BRONZE
SPC,LATEST,ratio,value,0.4654153895,ACTUAL,VNSTOCK_BRONZE
SPC,LATEST,ratio,order,41.0,ACTUAL,VNSTOCK_BRONZE
SPC,LATEST,ratio,level,2.0,ACTUAL,VNSTOCK_BRONZE
SPC,LATEST,ratio,order,42.0,ACTUAL,VNSTOCK_BRONZE
SPC,LATEST,ratio,level,2.0,ACTUAL,VNSTOCK_BRONZE
SPC,LATEST,ratio,value,2.076166876,ACTUAL,VNSTOCK_BRONZE
SPC,LATEST,ratio,order,43.0,ACTUAL,VNSTOCK_BRONZE
SPC,LATEST,ratio,level,2.0,ACTUAL,VNSTOCK_BRONZE
SPC,LATEST,ratio,value,0.0,ACTUAL,VNSTOCK_BRONZE
SPC,LATEST,ratio,order,44.0,ACTUAL,VNSTOCK_BRONZE
SPC,LATEST,ratio,level,2.0,ACTUAL,VNSTOCK_BRONZE
SPC,LATEST,ratio,value,0.0,ACTUAL,VNSTOCK_BRONZE
SPC,LATEST,ratio,order,45.0,ACTUAL,VNSTOCK_BRONZE
SPC,LATEST,ratio,level,1.0,ACTUAL,VNSTOCK_BRONZE
SPC,LATEST,ratio,order,46.0,ACTUAL,VNSTOCK_BRONZE
SPC,LATEST,ratio,level,2.0,ACTUAL,VNSTOCK_BRONZE
SPC,LATEST,ratio,value,0.0,ACTUAL,VNSTOCK_BRONZE
SPC,LATEST,ratio,order,47.0,ACTUAL,VNSTOCK_BRONZE
SPC,LATEST,ratio,level,2.0,ACTUAL,VNSTOCK_BRONZE
SPC,LATEST,ratio,value,0.0,ACTUAL,VNSTOCK_BRONZE
SPC,LATEST,ratio,order,48.0,ACTUAL,VNSTOCK_BRONZE
SPC,LATEST,ratio,level,2.0,ACTUAL,VNSTOCK_BRONZE
SPC,LATEST,ratio,value,0.0,ACTUAL,VNSTOCK_BRONZE
SPC,LATEST,ratio,order,49.0,ACTUAL,VNSTOCK_BRONZE
SPC,LATEST,ratio,level,2.0,ACTUAL,VNSTOCK_BRONZE
SPC,LATEST,ratio,value,0.0,ACTUAL,VNSTOCK_BRONZE
SPC,LATEST,ratio,order,50.0,ACTUAL,VNSTOCK_BRONZE
SPC,LATEST,ratio,level,2.0,ACTUAL,VNSTOCK_BRONZE
SPC,LATEST,ratio,value,0.0,ACTUAL,VNSTOCK_BRONZE
SPC,LATEST,ratio,order,51.0,ACTUAL,VNSTOCK_BRONZE
SPC,LATEST,ratio,level,2.0,ACTUAL,VNSTOCK_BRONZE
SPC,LATEST,ratio,value,0.0,ACTUAL,VNSTOCK_BRONZE
SPC,LATEST,ratio,order,52.0,ACTUAL,VNSTOCK_BRONZE
SPC,LATEST,ratio,level,2.0,ACTUAL,VNSTOCK_BRONZE
SPC,LATEST,ratio,value,0.0,ACTUAL,VNSTOCK_BRONZE
SPC,LATEST,ratio,order,53.0,ACTUAL,VNSTOCK_BRONZE
SPC,LATEST,ratio,level,2.0,ACTUAL,VNSTOCK_BRONZE
SPC,LATEST,ratio,value,0.0,ACTUAL,VNSTOCK_BRONZE
SPC,LATEST,ratio,order,54.0,ACTUAL,VNSTOCK_BRONZE
SPC,LATEST,ratio,level,2.0,ACTUAL,VNSTOCK_BRONZE
SPC,LATEST,ratio,value,0.0,ACTUAL,VNSTOCK_BRONZE
SPC,LATEST,ratio,order,55.0,ACTUAL,VNSTOCK_BRONZE
SPC,LATEST,ratio,level,2.0,ACTUAL,VNSTOCK_BRONZE
SPC,LATEST,ratio,value,0.0,ACTUAL,VNSTOCK_BRONZE
SPC,LATEST,ratio,order,56.0,ACTUAL,VNSTOCK_BRONZE
SPC,LATEST,ratio,level,2.0,ACTUAL,VNSTOCK_BRONZE
SPC,LATEST,ratio,value,0.0,ACTUAL,VNSTOCK_BRONZE
SPC,LATEST,ratio,order,57.0,ACTUAL,VNSTOCK_BRONZE
SPC,LATEST,ratio,level,2.0,ACTUAL,VNSTOCK_BRONZE
SPC,LATEST,ratio,order,58.0,ACTUAL,VNSTOCK_BRONZE
SPC,LATEST,ratio,level,2.0,ACTUAL,VNSTOCK_BRONZE
SPC,LATEST,ratio,order,59.0,ACTUAL,VNSTOCK_BRONZE
SPC,LATEST,ratio,level,2.0,ACTUAL,VNSTOCK_BRONZE
SPC,LATEST,ratio,value,0.0,ACTUAL,VNSTOCK_BRONZE
SPC,LATEST,ratio,order,60.0,ACTUAL,VNSTOCK_BRONZE
SPC,LATEST,ratio,level,2.0,ACTUAL,VNSTOCK_BRONZE
SPC,LATEST,ratio,value,0.0,ACTUAL,VNSTOCK_BRONZE
SPC,LATEST,ratio,order,1.0,ACTUAL,VNSTOCK_BRONZE
SPC,LATEST,ratio,level,1.0,ACTUAL,VNSTOCK_BRONZE
SPC,LATEST,ratio,order,2.0,ACTUAL,VNSTOCK_BRONZE
SPC,LATEST,ratio,level,2.0,ACTUAL,VNSTOCK_BRONZE
SPC,LATEST,ratio,value,7.5559488189,ACTUAL,VNSTOCK_BRONZE
SPC,LATEST,ratio,order,3.0,ACTUAL,VNSTOCK_BRONZE
SPC,LATEST,ratio,level,2.0,ACTUAL,VNSTOCK_BRONZE
SPC,LATEST,ratio,value,0.9388189046,ACTUAL,VNSTOCK_BRONZE
SPC,LATEST,ratio,order,4.0,ACTUAL,VNSTOCK_BRONZE
SPC,LATEST,ratio,level,2.0,ACTUAL,VNSTOCK_BRONZE
SPC,LATEST,ratio,value,0.1281079681,ACTUAL,VNSTOCK_BRONZE
SPC,LATEST,ratio,order,5.0,ACTUAL,VNSTOCK_BRONZE
SPC,LATEST,ratio,level,2.0,ACTUAL,VNSTOCK_BRONZE
SPC,LATEST,ratio,value,3.7210069054,ACTUAL,VNSTOCK_BRONZE
SPC,LATEST,ratio,order,6.0,ACTUAL,VNSTOCK_BRONZE
SPC,LATEST,ratio,level,2.0,ACTUAL,VNSTOCK_BRONZE
SPC,LATEST,ratio,value,3.2919844625,ACTUAL,VNSTOCK_BRONZE
SPC,LATEST,ratio,order,7.0,ACTUAL,VNSTOCK_BRONZE
SPC,LATEST,ratio,level,2.0,ACTUAL,VNSTOCK_BRONZE
SPC,LATEST,ratio,value,0.0,ACTUAL,VNSTOCK_BRONZE
SPC,LATEST,ratio,order,8.0,ACTUAL,VNSTOCK_BRONZE
SPC,LATEST,ratio,level,2.0,ACTUAL,VNSTOCK_BRONZE
SPC,LATEST,ratio,value,120042000000.0,ACTUAL,VNSTOCK_BRONZE
SPC,LATEST,ratio,order,9.0,ACTUAL,VNSTOCK_BRONZE
SPC,LATEST,ratio,level,2.0,ACTUAL,VNSTOCK_BRONZE
SPC,LATEST,ratio,order,10.0,ACTUAL,VNSTOCK_BRONZE
SPC,LATEST,ratio,level,2.0,ACTUAL,VNSTOCK_BRONZE
SPC,LATEST,ratio,order,11.0,ACTUAL,VNSTOCK_BRONZE
SPC,LATEST,ratio,level,2.0,ACTUAL,VNSTOCK_BRONZE
SPC,LATEST,ratio,order,12.0,ACTUAL,VNSTOCK_BRONZE
SPC,LATEST,ratio,level,2.0,ACTUAL,VNSTOCK_BRONZE
SPC,LATEST,ratio,value,61099104867.0,ACTUAL,VNSTOCK_BRONZE
SPC,LATEST,ratio,order,13.0,ACTUAL,VNSTOCK_BRONZE
SPC,LATEST,ratio,level,2.0,ACTUAL,VNSTOCK_BRONZE
SPC,LATEST,ratio,value,65784842204.0,ACTUAL,VNSTOCK_BRONZE
SPC,LATEST,ratio,order,14.0,ACTUAL,VNSTOCK_BRONZE
SPC,LATEST,ratio,level,2.0,ACTUAL,VNSTOCK_BRONZE
SPC,LATEST,ratio,value,0.0,ACTUAL,VNSTOCK_BRONZE
SPC,LATEST,ratio,order,15.0,ACTUAL,VNSTOCK_BRONZE
SPC,LATEST,ratio,level,2.0,ACTUAL,VNSTOCK_BRONZE
SPC,LATEST,ratio,value,10530000.0,ACTUAL,VNSTOCK_BRONZE
SPC,LATEST,ratio,order,16.0,ACTUAL,VNSTOCK_BRONZE
SPC,LATEST,ratio,level,1.0,ACTUAL,VNSTOCK_BRONZE
SPC,LATEST,ratio,order,17.0,ACTUAL,VNSTOCK_BRONZE
SPC,LATEST,ratio,level,2.0,ACTUAL,VNSTOCK_BRONZE
SPC,LATEST,ratio,value,0.1322632562,ACTUAL,VNSTOCK_BRONZE
SPC,LATEST,ratio,order,18.0,ACTUAL,VNSTOCK_BRONZE
SPC,LATEST,ratio,level,2.0,ACTUAL,VNSTOCK_BRONZE
SPC,LATEST,ratio,value,0.0368529613,ACTUAL,VNSTOCK_BRONZE
SPC,LATEST,ratio,order,19.0,ACTUAL,VNSTOCK_BRONZE
SPC,LATEST,ratio,level,2.0,ACTUAL,VNSTOCK_BRONZE
SPC,LATEST,ratio,value,0.2462281361,ACTUAL,VNSTOCK_BRONZE
SPC,LATEST,ratio,order,20.0,ACTUAL,VNSTOCK_BRONZE
SPC,LATEST,ratio,level,2.0,ACTUAL,VNSTOCK_BRONZE
SPC,LATEST,ratio,value,0.1961005408,ACTUAL,VNSTOCK_BRONZE
SPC,LATEST,ratio,order,21.0,ACTUAL,VNSTOCK_BRONZE
SPC,LATEST,ratio,level,2.0,ACTUAL,VNSTOCK_BRONZE
SPC,LATEST,ratio,value,0.0652045299,ACTUAL,VNSTOCK_BRONZE
SPC,LATEST,ratio,order,22.0,ACTUAL,VNSTOCK_BRONZE
SPC,LATEST,ratio,level,2.0,ACTUAL,VNSTOCK_BRONZE
SPC,LATEST,ratio,value,0.023040262,ACTUAL,VNSTOCK_BRONZE
SPC,LATEST,ratio,order,23.0,ACTUAL,VNSTOCK_BRONZE
SPC,LATEST,ratio,level,2.0,ACTUAL,VNSTOCK_BRONZE
SPC,LATEST,ratio,value,0.0166535376,ACTUAL,VNSTOCK_BRONZE
SPC,LATEST,ratio,order,24.0,ACTUAL,VNSTOCK_BRONZE
SPC,LATEST,ratio,level,2.0,ACTUAL,VNSTOCK_BRONZE
SPC,LATEST,ratio,value,2.1736281782,ACTUAL,VNSTOCK_BRONZE
SPC,LATEST,ratio,order,25.0,ACTUAL,VNSTOCK_BRONZE
SPC,LATEST,ratio,level,2.0,ACTUAL,VNSTOCK_BRONZE
SPC,LATEST,ratio,value,34.6669446735,ACTUAL,VNSTOCK_BRONZE
SPC,LATEST,ratio,order,26.0,ACTUAL,VNSTOCK_BRONZE
SPC,LATEST,ratio,level,2.0,ACTUAL,VNSTOCK_BRONZE
SPC,LATEST,ratio,value,45.4378901241,ACTUAL,VNSTOCK_BRONZE
SPC,LATEST,ratio,order,27.0,ACTUAL,VNSTOCK_BRONZE
SPC,LATEST,ratio,level,2.0,ACTUAL,VNSTOCK_BRONZE
SPC,LATEST,ratio,value,115.6321406942,ACTUAL,VNSTOCK_BRONZE
SPC,LATEST,ratio,order,28.0,ACTUAL,VNSTOCK_BRONZE
SPC,LATEST,ratio,level,2.0,ACTUAL,VNSTOCK_BRONZE
SPC,LATEST,ratio,value,67.3728692711,ACTUAL,VNSTOCK_BRONZE
SPC,LATEST,ratio,order,29.0,ACTUAL,VNSTOCK_BRONZE
SPC,LATEST,ratio,level,2.0,ACTUAL,VNSTOCK_BRONZE
SPC,LATEST,ratio,value,217.5310194623,ACTUAL,VNSTOCK_BRONZE
SPC,LATEST,ratio,order,30.0,ACTUAL,VNSTOCK_BRONZE
SPC,LATEST,ratio,level,1.0,ACTUAL,VNSTOCK_BRONZE
SPC,LATEST,ratio,order,31.0,ACTUAL,VNSTOCK_BRONZE
SPC,LATEST,ratio,level,2.0,ACTUAL,VNSTOCK_BRONZE
SPC,LATEST,ratio,value,1.3247544253,ACTUAL,VNSTOCK_BRONZE
SPC,LATEST,ratio,order,32.0,ACTUAL,VNSTOCK_BRONZE
SPC,LATEST,ratio,level,2.0,ACTUAL,VNSTOCK_BRONZE
SPC,LATEST,ratio,value,0.5230569813,ACTUAL,VNSTOCK_BRONZE
SPC,LATEST,ratio,order,33.0,ACTUAL,VNSTOCK_BRONZE
SPC,LATEST,ratio,level,2.0,ACTUAL,VNSTOCK_BRONZE
SPC,LATEST,ratio,value,0.0912658741,ACTUAL,VNSTOCK_BRONZE
SPC,LATEST,ratio,order,34.0,ACTUAL,VNSTOCK_BRONZE
SPC,LATEST,ratio,level,2.0,ACTUAL,VNSTOCK_BRONZE
SPC,LATEST,ratio,order,35.0,ACTUAL,VNSTOCK_BRONZE
SPC,LATEST,ratio,level,2.0,ACTUAL,VNSTOCK_BRONZE
SPC,LATEST,ratio,order,36.0,ACTUAL,VNSTOCK_BRONZE
SPC,LATEST,ratio,level,2.0,ACTUAL,VNSTOCK_BRONZE
SPC,LATEST,ratio,order,37.0,ACTUAL,VNSTOCK_BRONZE
SPC,LATEST,ratio,level,2.0,ACTUAL,VNSTOCK_BRONZE
SPC,LATEST,ratio,order,38.0,ACTUAL,VNSTOCK_BRONZE
SPC,LATEST,ratio,level,1.0,ACTUAL,VNSTOCK_BRONZE
SPC,LATEST,ratio,order,39.0,ACTUAL,VNSTOCK_BRONZE
SPC,LATEST,ratio,level,2.0,ACTUAL,VNSTOCK_BRONZE
SPC,LATEST,ratio,value,1.9833142369,ACTUAL,VNSTOCK_BRONZE
SPC,LATEST,ratio,order,40.0,ACTUAL,VNSTOCK_BRONZE
SPC,LATEST,ratio,level,2.0,ACTUAL,VNSTOCK_BRONZE
SPC,LATEST,ratio,value,0.8019627236,ACTUAL,VNSTOCK_BRONZE
SPC,LATEST,ratio,order,41.0,ACTUAL,VNSTOCK_BRONZE
SPC,LATEST,ratio,level,2.0,ACTUAL,VNSTOCK_BRONZE
SPC,LATEST,ratio,order,42.0,ACTUAL,VNSTOCK_BRONZE
SPC,LATEST,ratio,level,2.0,ACTUAL,VNSTOCK_BRONZE
SPC,LATEST,ratio,value,1.9833142369,ACTUAL,VNSTOCK_BRONZE
SPC,LATEST,ratio,order,43.0,ACTUAL,VNSTOCK_BRONZE
SPC,LATEST,ratio,level,2.0,ACTUAL,VNSTOCK_BRONZE
SPC,LATEST,ratio,value,0.0,ACTUAL,VNSTOCK_BRONZE
SPC,LATEST,ratio,order,44.0,ACTUAL,VNSTOCK_BRONZE
SPC,LATEST,ratio,level,2.0,ACTUAL,VNSTOCK_BRONZE
SPC,LATEST,ratio,value,0.0,ACTUAL,VNSTOCK_BRONZE
SPC,LATEST,ratio,order,45.0,ACTUAL,VNSTOCK_BRONZE
SPC,LATEST,ratio,level,1.0,ACTUAL,VNSTOCK_BRONZE
SPC,LATEST,ratio,order,46.0,ACTUAL,VNSTOCK_BRONZE
SPC,LATEST,ratio,level,2.0,ACTUAL,VNSTOCK_BRONZE
SPC,LATEST,ratio,value,0.0,ACTUAL,VNSTOCK_BRONZE
SPC,LATEST,ratio,order,47.0,ACTUAL,VNSTOCK_BRONZE
SPC,LATEST,ratio,level,2.0,ACTUAL,VNSTOCK_BRONZE
SPC,LATEST,ratio,value,0.0,ACTUAL,VNSTOCK_BRONZE
SPC,LATEST,ratio,order,48.0,ACTUAL,VNSTOCK_BRONZE
SPC,LATEST,ratio,level,2.0,ACTUAL,VNSTOCK_BRONZE
SPC,LATEST,ratio,value,0.0,ACTUAL,VNSTOCK_BRONZE
SPC,LATEST,ratio,order,49.0,ACTUAL,VNSTOCK_BRONZE
SPC,LATEST,ratio,level,2.0,ACTUAL,VNSTOCK_BRONZE
SPC,LATEST,ratio,value,0.0,ACTUAL,VNSTOCK_BRONZE
SPC,LATEST,ratio,order,50.0,ACTUAL,VNSTOCK_BRONZE
SPC,LATEST,ratio,level,2.0,ACTUAL,VNSTOCK_BRONZE
SPC,LATEST,ratio,value,0.0,ACTUAL,VNSTOCK_BRONZE
SPC,LATEST,ratio,order,51.0,ACTUAL,VNSTOCK_BRONZE
SPC,LATEST,ratio,level,2.0,ACTUAL,VNSTOCK_BRONZE
SPC,LATEST,ratio,value,0.0,ACTUAL,VNSTOCK_BRONZE
SPC,LATEST,ratio,order,52.0,ACTUAL,VNSTOCK_BRONZE
SPC,LATEST,ratio,level,2.0,ACTUAL,VNSTOCK_BRONZE
SPC,LATEST,ratio,value,0.0,ACTUAL,VNSTOCK_BRONZE
SPC,LATEST,ratio,order,53.0,ACTUAL,VNSTOCK_BRONZE
SPC,LATEST,ratio,level,2.0,ACTUAL,VNSTOCK_BRONZE
SPC,LATEST,ratio,value,0.0,ACTUAL,VNSTOCK_BRONZE
SPC,LATEST,ratio,order,54.0,ACTUAL,VNSTOCK_BRONZE
SPC,LATEST,ratio,level,2.0,ACTUAL,VNSTOCK_BRONZE
SPC,LATEST,ratio,value,0.0,ACTUAL,VNSTOCK_BRONZE
SPC,LATEST,ratio,order,55.0,ACTUAL,VNSTOCK_BRONZE
SPC,LATEST,ratio,level,2.0,ACTUAL,VNSTOCK_BRONZE
SPC,LATEST,ratio,value,0.0,ACTUAL,VNSTOCK_BRONZE
SPC,LATEST,ratio,order,56.0,ACTUAL,VNSTOCK_BRONZE
SPC,LATEST,ratio,level,2.0,ACTUAL,VNSTOCK_BRONZE
SPC,LATEST,ratio,value,0.0,ACTUAL,VNSTOCK_BRONZE
SPC,LATEST,ratio,order,57.0,ACTUAL,VNSTOCK_BRONZE
SPC,LATEST,ratio,level,2.0,ACTUAL,VNSTOCK_BRONZE
SPC,LATEST,ratio,order,58.0,ACTUAL,VNSTOCK_BRONZE
SPC,LATEST,ratio,level,2.0,ACTUAL,VNSTOCK_BRONZE
SPC,LATEST,ratio,order,59.0,ACTUAL,VNSTOCK_BRONZE
SPC,LATEST,ratio,level,2.0,ACTUAL,VNSTOCK_BRONZE
SPC,LATEST,ratio,value,0.0,ACTUAL,VNSTOCK_BRONZE
SPC,LATEST,ratio,order,60.0,ACTUAL,VNSTOCK_BRONZE
SPC,LATEST,ratio,level,2.0,ACTUAL,VNSTOCK_BRONZE
SPC,LATEST,ratio,value,0.0,ACTUAL,VNSTOCK_BRONZE
SPC,LATEST,ratio,order,1.0,ACTUAL,VNSTOCK_BRONZE
SPC,LATEST,ratio,level,1.0,ACTUAL,VNSTOCK_BRONZE
SPC,LATEST,ratio,order,2.0,ACTUAL,VNSTOCK_BRONZE
SPC,LATEST,ratio,level,2.0,ACTUAL,VNSTOCK_BRONZE
SPC,LATEST,ratio,value,-6.9769937828,ACTUAL,VNSTOCK_BRONZE
SPC,LATEST,ratio,order,3.0,ACTUAL,VNSTOCK_BRONZE
SPC,LATEST,ratio,level,2.0,ACTUAL,VNSTOCK_BRONZE
SPC,LATEST,ratio,value,0.5843618777,ACTUAL,VNSTOCK_BRONZE
SPC,LATEST,ratio,order,4.0,ACTUAL,VNSTOCK_BRONZE
SPC,LATEST,ratio,level,2.0,ACTUAL,VNSTOCK_BRONZE
SPC,LATEST,ratio,value,0.0837525436,ACTUAL,VNSTOCK_BRONZE
SPC,LATEST,ratio,order,5.0,ACTUAL,VNSTOCK_BRONZE
SPC,LATEST,ratio,level,2.0,ACTUAL,VNSTOCK_BRONZE
SPC,LATEST,ratio,value,1.9790529188,ACTUAL,VNSTOCK_BRONZE
SPC,LATEST,ratio,order,6.0,ACTUAL,VNSTOCK_BRONZE
SPC,LATEST,ratio,level,2.0,ACTUAL,VNSTOCK_BRONZE
SPC,LATEST,ratio,value,4.2161182373,ACTUAL,VNSTOCK_BRONZE
SPC,LATEST,ratio,order,7.0,ACTUAL,VNSTOCK_BRONZE
SPC,LATEST,ratio,level,2.0,ACTUAL,VNSTOCK_BRONZE
SPC,LATEST,ratio,value,0.0,ACTUAL,VNSTOCK_BRONZE
SPC,LATEST,ratio,order,8.0,ACTUAL,VNSTOCK_BRONZE
SPC,LATEST,ratio,level,2.0,ACTUAL,VNSTOCK_BRONZE
SPC,LATEST,ratio,value,74763000000.0,ACTUAL,VNSTOCK_BRONZE
SPC,LATEST,ratio,order,9.0,ACTUAL,VNSTOCK_BRONZE
SPC,LATEST,ratio,level,2.0,ACTUAL,VNSTOCK_BRONZE
SPC,LATEST,ratio,order,10.0,ACTUAL,VNSTOCK_BRONZE
SPC,LATEST,ratio,level,2.0,ACTUAL,VNSTOCK_BRONZE
SPC,LATEST,ratio,order,11.0,ACTUAL,VNSTOCK_BRONZE
SPC,LATEST,ratio,level,2.0,ACTUAL,VNSTOCK_BRONZE
SPC,LATEST,ratio,order,12.0,ACTUAL,VNSTOCK_BRONZE
SPC,LATEST,ratio,level,2.0,ACTUAL,VNSTOCK_BRONZE
SPC,LATEST,ratio,value,36288753024.0,ACTUAL,VNSTOCK_BRONZE
SPC,LATEST,ratio,order,13.0,ACTUAL,VNSTOCK_BRONZE
SPC,LATEST,ratio,level,2.0,ACTUAL,VNSTOCK_BRONZE
SPC,LATEST,ratio,value,40625919094.0,ACTUAL,VNSTOCK_BRONZE
SPC,LATEST,ratio,order,14.0,ACTUAL,VNSTOCK_BRONZE
SPC,LATEST,ratio,level,2.0,ACTUAL,VNSTOCK_BRONZE
SPC,LATEST,ratio,value,0.0011181653,ACTUAL,VNSTOCK_BRONZE
SPC,LATEST,ratio,order,15.0,ACTUAL,VNSTOCK_BRONZE
SPC,LATEST,ratio,level,2.0,ACTUAL,VNSTOCK_BRONZE
SPC,LATEST,ratio,value,10530000.0,ACTUAL,VNSTOCK_BRONZE
SPC,LATEST,ratio,order,16.0,ACTUAL,VNSTOCK_BRONZE
SPC,LATEST,ratio,level,1.0,ACTUAL,VNSTOCK_BRONZE
SPC,LATEST,ratio,order,17.0,ACTUAL,VNSTOCK_BRONZE
SPC,LATEST,ratio,level,2.0,ACTUAL,VNSTOCK_BRONZE
SPC,LATEST,ratio,value,-0.0925634143,ACTUAL,VNSTOCK_BRONZE
SPC,LATEST,ratio,order,18.0,ACTUAL,VNSTOCK_BRONZE
SPC,LATEST,ratio,level,2.0,ACTUAL,VNSTOCK_BRONZE
SPC,LATEST,ratio,value,-0.0238372298,ACTUAL,VNSTOCK_BRONZE
SPC,LATEST,ratio,order,19.0,ACTUAL,VNSTOCK_BRONZE
SPC,LATEST,ratio,level,2.0,ACTUAL,VNSTOCK_BRONZE
SPC,LATEST,ratio,value,0.1485208353,ACTUAL,VNSTOCK_BRONZE
SPC,LATEST,ratio,order,20.0,ACTUAL,VNSTOCK_BRONZE
SPC,LATEST,ratio,level,2.0,ACTUAL,VNSTOCK_BRONZE
SPC,LATEST,ratio,value,0.1911657369,ACTUAL,VNSTOCK_BRONZE
SPC,LATEST,ratio,order,21.0,ACTUAL,VNSTOCK_BRONZE
SPC,LATEST,ratio,level,2.0,ACTUAL,VNSTOCK_BRONZE
SPC,LATEST,ratio,value,0.0406521323,ACTUAL,VNSTOCK_BRONZE
SPC,LATEST,ratio,order,22.0,ACTUAL,VNSTOCK_BRONZE
SPC,LATEST,ratio,level,2.0,ACTUAL,VNSTOCK_BRONZE
SPC,LATEST,ratio,value,-0.0059653834,ACTUAL,VNSTOCK_BRONZE
SPC,LATEST,ratio,order,23.0,ACTUAL,VNSTOCK_BRONZE
SPC,LATEST,ratio,level,2.0,ACTUAL,VNSTOCK_BRONZE
SPC,LATEST,ratio,value,-0.0122383338,ACTUAL,VNSTOCK_BRONZE
SPC,LATEST,ratio,order,24.0,ACTUAL,VNSTOCK_BRONZE
SPC,LATEST,ratio,level,2.0,ACTUAL,VNSTOCK_BRONZE
SPC,LATEST,ratio,value,1.9857570559,ACTUAL,VNSTOCK_BRONZE
SPC,LATEST,ratio,order,25.0,ACTUAL,VNSTOCK_BRONZE
SPC,LATEST,ratio,level,2.0,ACTUAL,VNSTOCK_BRONZE
SPC,LATEST,ratio,value,34.0234019581,ACTUAL,VNSTOCK_BRONZE
SPC,LATEST,ratio,order,26.0,ACTUAL,VNSTOCK_BRONZE
SPC,LATEST,ratio,level,2.0,ACTUAL,VNSTOCK_BRONZE
SPC,LATEST,ratio,value,54.0482705001,ACTUAL,VNSTOCK_BRONZE
SPC,LATEST,ratio,order,27.0,ACTUAL,VNSTOCK_BRONZE
SPC,LATEST,ratio,level,2.0,ACTUAL,VNSTOCK_BRONZE
SPC,LATEST,ratio,value,122.6424949266,ACTUAL,VNSTOCK_BRONZE
SPC,LATEST,ratio,order,28.0,ACTUAL,VNSTOCK_BRONZE
SPC,LATEST,ratio,level,2.0,ACTUAL,VNSTOCK_BRONZE
SPC,LATEST,ratio,value,82.8505384105,ACTUAL,VNSTOCK_BRONZE
SPC,LATEST,ratio,order,29.0,ACTUAL,VNSTOCK_BRONZE
SPC,LATEST,ratio,level,2.0,ACTUAL,VNSTOCK_BRONZE
SPC,LATEST,ratio,value,246.7582613663,ACTUAL,VNSTOCK_BRONZE
SPC,LATEST,ratio,order,30.0,ACTUAL,VNSTOCK_BRONZE
SPC,LATEST,ratio,level,1.0,ACTUAL,VNSTOCK_BRONZE
SPC,LATEST,ratio,order,31.0,ACTUAL,VNSTOCK_BRONZE
SPC,LATEST,ratio,level,2.0,ACTUAL,VNSTOCK_BRONZE
SPC,LATEST,ratio,value,1.344774981,ACTUAL,VNSTOCK_BRONZE
SPC,LATEST,ratio,order,32.0,ACTUAL,VNSTOCK_BRONZE
SPC,LATEST,ratio,level,2.0,ACTUAL,VNSTOCK_BRONZE
SPC,LATEST,ratio,value,0.5262773437,ACTUAL,VNSTOCK_BRONZE
SPC,LATEST,ratio,order,33.0,ACTUAL,VNSTOCK_BRONZE
SPC,LATEST,ratio,level,2.0,ACTUAL,VNSTOCK_BRONZE
SPC,LATEST,ratio,value,0.0765463214,ACTUAL,VNSTOCK_BRONZE
SPC,LATEST,ratio,order,34.0,ACTUAL,VNSTOCK_BRONZE
SPC,LATEST,ratio,level,2.0,ACTUAL,VNSTOCK_BRONZE
SPC,LATEST,ratio,order,35.0,ACTUAL,VNSTOCK_BRONZE
SPC,LATEST,ratio,level,2.0,ACTUAL,VNSTOCK_BRONZE
SPC,LATEST,ratio,order,36.0,ACTUAL,VNSTOCK_BRONZE
SPC,LATEST,ratio,level,2.0,ACTUAL,VNSTOCK_BRONZE
SPC,LATEST,ratio,order,37.0,ACTUAL,VNSTOCK_BRONZE
SPC,LATEST,ratio,level,2.0,ACTUAL,VNSTOCK_BRONZE
SPC,LATEST,ratio,order,38.0,ACTUAL,VNSTOCK_BRONZE
SPC,LATEST,ratio,level,1.0,ACTUAL,VNSTOCK_BRONZE
SPC,LATEST,ratio,order,39.0,ACTUAL,VNSTOCK_BRONZE
SPC,LATEST,ratio,level,2.0,ACTUAL,VNSTOCK_BRONZE
SPC,LATEST,ratio,value,1.9280541394,ACTUAL,VNSTOCK_BRONZE
SPC,LATEST,ratio,order,40.0,ACTUAL,VNSTOCK_BRONZE
SPC,LATEST,ratio,level,2.0,ACTUAL,VNSTOCK_BRONZE
SPC,LATEST,ratio,value,0.7704453904,ACTUAL,VNSTOCK_BRONZE
SPC,LATEST,ratio,order,41.0,ACTUAL,VNSTOCK_BRONZE
SPC,LATEST,ratio,level,2.0,ACTUAL,VNSTOCK_BRONZE
SPC,LATEST,ratio,order,42.0,ACTUAL,VNSTOCK_BRONZE
SPC,LATEST,ratio,level,2.0,ACTUAL,VNSTOCK_BRONZE
SPC,LATEST,ratio,value,1.9280541394,ACTUAL,VNSTOCK_BRONZE
SPC,LATEST,ratio,order,43.0,ACTUAL,VNSTOCK_BRONZE
SPC,LATEST,ratio,level,2.0,ACTUAL,VNSTOCK_BRONZE
SPC,LATEST,ratio,value,0.0,ACTUAL,VNSTOCK_BRONZE
SPC,LATEST,ratio,order,44.0,ACTUAL,VNSTOCK_BRONZE
SPC,LATEST,ratio,level,2.0,ACTUAL,VNSTOCK_BRONZE
SPC,LATEST,ratio,value,0.0,ACTUAL,VNSTOCK_BRONZE
SPC,LATEST,ratio,order,45.0,ACTUAL,VNSTOCK_BRONZE
SPC,LATEST,ratio,level,1.0,ACTUAL,VNSTOCK_BRONZE
SPC,LATEST,ratio,order,46.0,ACTUAL,VNSTOCK_BRONZE
SPC,LATEST,ratio,level,2.0,ACTUAL,VNSTOCK_BRONZE
SPC,LATEST,ratio,value,0.0,ACTUAL,VNSTOCK_BRONZE
SPC,LATEST,ratio,order,47.0,ACTUAL,VNSTOCK_BRONZE
SPC,LATEST,ratio,level,2.0,ACTUAL,VNSTOCK_BRONZE
SPC,LATEST,ratio,value,0.0,ACTUAL,VNSTOCK_BRONZE
SPC,LATEST,ratio,order,48.0,ACTUAL,VNSTOCK_BRONZE
SPC,LATEST,ratio,level,2.0,ACTUAL,VNSTOCK_BRONZE
SPC,LATEST,ratio,value,0.0,ACTUAL,VNSTOCK_BRONZE
SPC,LATEST,ratio,order,49.0,ACTUAL,VNSTOCK_BRONZE
SPC,LATEST,ratio,level,2.0,ACTUAL,VNSTOCK_BRONZE
SPC,LATEST,ratio,value,0.0,ACTUAL,VNSTOCK_BRONZE
SPC,LATEST,ratio,order,50.0,ACTUAL,VNSTOCK_BRONZE
SPC,LATEST,ratio,level,2.0,ACTUAL,VNSTOCK_BRONZE
SPC,LATEST,ratio,value,0.0,ACTUAL,VNSTOCK_BRONZE
SPC,LATEST,ratio,order,51.0,ACTUAL,VNSTOCK_BRONZE
SPC,LATEST,ratio,level,2.0,ACTUAL,VNSTOCK_BRONZE
SPC,LATEST,ratio,value,0.0,ACTUAL,VNSTOCK_BRONZE
SPC,LATEST,ratio,order,52.0,ACTUAL,VNSTOCK_BRONZE
SPC,LATEST,ratio,level,2.0,ACTUAL,VNSTOCK_BRONZE
SPC,LATEST,ratio,value,0.0,ACTUAL,VNSTOCK_BRONZE
SPC,LATEST,ratio,order,53.0,ACTUAL,VNSTOCK_BRONZE
SPC,LATEST,ratio,level,2.0,ACTUAL,VNSTOCK_BRONZE
SPC,LATEST,ratio,value,0.0,ACTUAL,VNSTOCK_BRONZE
SPC,LATEST,ratio,order,54.0,ACTUAL,VNSTOCK_BRONZE
SPC,LATEST,ratio,level,2.0,ACTUAL,VNSTOCK_BRONZE
SPC,LATEST,ratio,value,0.0,ACTUAL,VNSTOCK_BRONZE
SPC,LATEST,ratio,order,55.0,ACTUAL,VNSTOCK_BRONZE
SPC,LATEST,ratio,level,2.0,ACTUAL,VNSTOCK_BRONZE
SPC,LATEST,ratio,value,0.0,ACTUAL,VNSTOCK_BRONZE
SPC,LATEST,ratio,order,56.0,ACTUAL,VNSTOCK_BRONZE
SPC,LATEST,ratio,level,2.0,ACTUAL,VNSTOCK_BRONZE
SPC,LATEST,ratio,value,0.0,ACTUAL,VNSTOCK_BRONZE
SPC,LATEST,ratio,order,57.0,ACTUAL,VNSTOCK_BRONZE
SPC,LATEST,ratio,level,2.0,ACTUAL,VNSTOCK_BRONZE
SPC,LATEST,ratio,order,58.0,ACTUAL,VNSTOCK_BRONZE
SPC,LATEST,ratio,level,2.0,ACTUAL,VNSTOCK_BRONZE
SPC,LATEST,ratio,order,59.0,ACTUAL,VNSTOCK_BRONZE
SPC,LATEST,ratio,level,2.0,ACTUAL,VNSTOCK_BRONZE
SPC,LATEST,ratio,value,0.0,ACTUAL,VNSTOCK_BRONZE
SPC,LATEST,ratio,order,60.0,ACTUAL,VNSTOCK_BRONZE
SPC,LATEST,ratio,level,2.0,ACTUAL,VNSTOCK_BRONZE
SPC,LATEST,ratio,value,0.0,ACTUAL,VNSTOCK_BRONZE
SPC,LATEST,ratio,order,1.0,ACTUAL,VNSTOCK_BRONZE
SPC,LATEST,ratio,level,1.0,ACTUAL,VNSTOCK_BRONZE
SPC,LATEST,ratio,order,2.0,ACTUAL,VNSTOCK_BRONZE
SPC,LATEST,ratio,level,2.0,ACTUAL,VNSTOCK_BRONZE
SPC,LATEST,ratio,value,-4.4491120922,ACTUAL,VNSTOCK_BRONZE
SPC,LATEST,ratio,order,3.0,ACTUAL,VNSTOCK_BRONZE
SPC,LATEST,ratio,level,2.0,ACTUAL,VNSTOCK_BRONZE
SPC,LATEST,ratio,value,0.8005291745,ACTUAL,VNSTOCK_BRONZE
SPC,LATEST,ratio,order,4.0,ACTUAL,VNSTOCK_BRONZE
SPC,LATEST,ratio,level,2.0,ACTUAL,VNSTOCK_BRONZE
SPC,LATEST,ratio,value,0.1080093369,ACTUAL,VNSTOCK_BRONZE
SPC,LATEST,ratio,order,5.0,ACTUAL,VNSTOCK_BRONZE
SPC,LATEST,ratio,level,2.0,ACTUAL,VNSTOCK_BRONZE
SPC,LATEST,ratio,value,1.7701391119,ACTUAL,VNSTOCK_BRONZE
SPC,LATEST,ratio,order,6.0,ACTUAL,VNSTOCK_BRONZE
SPC,LATEST,ratio,level,2.0,ACTUAL,VNSTOCK_BRONZE
SPC,LATEST,ratio,value,7.2180398287,ACTUAL,VNSTOCK_BRONZE
SPC,LATEST,ratio,order,7.0,ACTUAL,VNSTOCK_BRONZE
SPC,LATEST,ratio,level,2.0,ACTUAL,VNSTOCK_BRONZE
SPC,LATEST,ratio,value,0.0,ACTUAL,VNSTOCK_BRONZE
SPC,LATEST,ratio,order,8.0,ACTUAL,VNSTOCK_BRONZE
SPC,LATEST,ratio,level,2.0,ACTUAL,VNSTOCK_BRONZE
SPC,LATEST,ratio,value,95823000000.0,ACTUAL,VNSTOCK_BRONZE
SPC,LATEST,ratio,order,9.0,ACTUAL,VNSTOCK_BRONZE
SPC,LATEST,ratio,level,2.0,ACTUAL,VNSTOCK_BRONZE
SPC,LATEST,ratio,order,10.0,ACTUAL,VNSTOCK_BRONZE
SPC,LATEST,ratio,level,2.0,ACTUAL,VNSTOCK_BRONZE
SPC,LATEST,ratio,order,11.0,ACTUAL,VNSTOCK_BRONZE
SPC,LATEST,ratio,level,2.0,ACTUAL,VNSTOCK_BRONZE
SPC,LATEST,ratio,order,12.0,ACTUAL,VNSTOCK_BRONZE
SPC,LATEST,ratio,level,2.0,ACTUAL,VNSTOCK_BRONZE
SPC,LATEST,ratio,value,24291478063.0,ACTUAL,VNSTOCK_BRONZE
SPC,LATEST,ratio,order,13.0,ACTUAL,VNSTOCK_BRONZE
SPC,LATEST,ratio,level,2.0,ACTUAL,VNSTOCK_BRONZE
SPC,LATEST,ratio,value,28635459258.0,ACTUAL,VNSTOCK_BRONZE
SPC,LATEST,ratio,order,14.0,ACTUAL,VNSTOCK_BRONZE
SPC,LATEST,ratio,level,2.0,ACTUAL,VNSTOCK_BRONZE
SPC,LATEST,ratio,value,0.0011922395,ACTUAL,VNSTOCK_BRONZE
SPC,LATEST,ratio,order,15.0,ACTUAL,VNSTOCK_BRONZE
SPC,LATEST,ratio,level,2.0,ACTUAL,VNSTOCK_BRONZE
SPC,LATEST,ratio,value,10530000.0,ACTUAL,VNSTOCK_BRONZE
SPC,LATEST,ratio,order,16.0,ACTUAL,VNSTOCK_BRONZE
SPC,LATEST,ratio,level,1.0,ACTUAL,VNSTOCK_BRONZE
SPC,LATEST,ratio,order,17.0,ACTUAL,VNSTOCK_BRONZE
SPC,LATEST,ratio,level,2.0,ACTUAL,VNSTOCK_BRONZE
SPC,LATEST,ratio,value,-0.1837120435,ACTUAL,VNSTOCK_BRONZE
SPC,LATEST,ratio,order,18.0,ACTUAL,VNSTOCK_BRONZE
SPC,LATEST,ratio,level,2.0,ACTUAL,VNSTOCK_BRONZE
SPC,LATEST,ratio,value,-0.0462654092,ACTUAL,VNSTOCK_BRONZE
SPC,LATEST,ratio,order,19.0,ACTUAL,VNSTOCK_BRONZE
SPC,LATEST,ratio,level,2.0,ACTUAL,VNSTOCK_BRONZE
SPC,LATEST,ratio,value,0.0943010568,ACTUAL,VNSTOCK_BRONZE
SPC,LATEST,ratio,order,20.0,ACTUAL,VNSTOCK_BRONZE
SPC,LATEST,ratio,level,2.0,ACTUAL,VNSTOCK_BRONZE
SPC,LATEST,ratio,value,0.1951521672,ACTUAL,VNSTOCK_BRONZE
SPC,LATEST,ratio,order,21.0,ACTUAL,VNSTOCK_BRONZE
SPC,LATEST,ratio,level,2.0,ACTUAL,VNSTOCK_BRONZE
SPC,LATEST,ratio,value,0.0273807587,ACTUAL,VNSTOCK_BRONZE
SPC,LATEST,ratio,order,22.0,ACTUAL,VNSTOCK_BRONZE
SPC,LATEST,ratio,level,2.0,ACTUAL,VNSTOCK_BRONZE
SPC,LATEST,ratio,value,-0.0181752901,ACTUAL,VNSTOCK_BRONZE
SPC,LATEST,ratio,order,23.0,ACTUAL,VNSTOCK_BRONZE
SPC,LATEST,ratio,level,2.0,ACTUAL,VNSTOCK_BRONZE
SPC,LATEST,ratio,value,-0.0244783629,ACTUAL,VNSTOCK_BRONZE
SPC,LATEST,ratio,order,24.0,ACTUAL,VNSTOCK_BRONZE
SPC,LATEST,ratio,level,2.0,ACTUAL,VNSTOCK_BRONZE
SPC,LATEST,ratio,value,1.9057610892,ACTUAL,VNSTOCK_BRONZE
SPC,LATEST,ratio,order,25.0,ACTUAL,VNSTOCK_BRONZE
SPC,LATEST,ratio,level,2.0,ACTUAL,VNSTOCK_BRONZE
SPC,LATEST,ratio,value,32.6367708402,ACTUAL,VNSTOCK_BRONZE
SPC,LATEST,ratio,order,26.0,ACTUAL,VNSTOCK_BRONZE
SPC,LATEST,ratio,level,2.0,ACTUAL,VNSTOCK_BRONZE
SPC,LATEST,ratio,value,59.1452358967,ACTUAL,VNSTOCK_BRONZE
SPC,LATEST,ratio,order,27.0,ACTUAL,VNSTOCK_BRONZE
SPC,LATEST,ratio,level,2.0,ACTUAL,VNSTOCK_BRONZE
SPC,LATEST,ratio,value,124.4031699714,ACTUAL,VNSTOCK_BRONZE
SPC,LATEST,ratio,order,28.0,ACTUAL,VNSTOCK_BRONZE
SPC,LATEST,ratio,level,2.0,ACTUAL,VNSTOCK_BRONZE
SPC,LATEST,ratio,value,90.5370297046,ACTUAL,VNSTOCK_BRONZE
SPC,LATEST,ratio,order,29.0,ACTUAL,VNSTOCK_BRONZE
SPC,LATEST,ratio,level,2.0,ACTUAL,VNSTOCK_BRONZE
SPC,LATEST,ratio,value,262.0863173751,ACTUAL,VNSTOCK_BRONZE
SPC,LATEST,ratio,order,30.0,ACTUAL,VNSTOCK_BRONZE
SPC,LATEST,ratio,level,1.0,ACTUAL,VNSTOCK_BRONZE
SPC,LATEST,ratio,order,31.0,ACTUAL,VNSTOCK_BRONZE
SPC,LATEST,ratio,level,2.0,ACTUAL,VNSTOCK_BRONZE
SPC,LATEST,ratio,value,1.2581697055,ACTUAL,VNSTOCK_BRONZE
SPC,LATEST,ratio,order,32.0,ACTUAL,VNSTOCK_BRONZE
SPC,LATEST,ratio,level,2.0,ACTUAL,VNSTOCK_BRONZE
SPC,LATEST,ratio,value,0.5396659557,ACTUAL,VNSTOCK_BRONZE
SPC,LATEST,ratio,order,33.0,ACTUAL,VNSTOCK_BRONZE
SPC,LATEST,ratio,level,2.0,ACTUAL,VNSTOCK_BRONZE
SPC,LATEST,ratio,value,0.088441994,ACTUAL,VNSTOCK_BRONZE
SPC,LATEST,ratio,order,34.0,ACTUAL,VNSTOCK_BRONZE
SPC,LATEST,ratio,level,2.0,ACTUAL,VNSTOCK_BRONZE
SPC,LATEST,ratio,order,35.0,ACTUAL,VNSTOCK_BRONZE
SPC,LATEST,ratio,level,2.0,ACTUAL,VNSTOCK_BRONZE
SPC,LATEST,ratio,order,36.0,ACTUAL,VNSTOCK_BRONZE
SPC,LATEST,ratio,level,2.0,ACTUAL,VNSTOCK_BRONZE
SPC,LATEST,ratio,order,37.0,ACTUAL,VNSTOCK_BRONZE
SPC,LATEST,ratio,level,2.0,ACTUAL,VNSTOCK_BRONZE
SPC,LATEST,ratio,order,38.0,ACTUAL,VNSTOCK_BRONZE
SPC,LATEST,ratio,level,1.0,ACTUAL,VNSTOCK_BRONZE
SPC,LATEST,ratio,order,39.0,ACTUAL,VNSTOCK_BRONZE
SPC,LATEST,ratio,level,2.0,ACTUAL,VNSTOCK_BRONZE
SPC,LATEST,ratio,value,2.4113971163,ACTUAL,VNSTOCK_BRONZE
SPC,LATEST,ratio,order,40.0,ACTUAL,VNSTOCK_BRONZE
SPC,LATEST,ratio,level,2.0,ACTUAL,VNSTOCK_BRONZE
SPC,LATEST,ratio,value,0.9901817599,ACTUAL,VNSTOCK_BRONZE
SPC,LATEST,ratio,order,41.0,ACTUAL,VNSTOCK_BRONZE
SPC,LATEST,ratio,level,2.0,ACTUAL,VNSTOCK_BRONZE
SPC,LATEST,ratio,order,42.0,ACTUAL,VNSTOCK_BRONZE
SPC,LATEST,ratio,level,2.0,ACTUAL,VNSTOCK_BRONZE
SPC,LATEST,ratio,value,2.4113971163,ACTUAL,VNSTOCK_BRONZE
SPC,LATEST,ratio,order,43.0,ACTUAL,VNSTOCK_BRONZE
SPC,LATEST,ratio,level,2.0,ACTUAL,VNSTOCK_BRONZE
SPC,LATEST,ratio,value,0.0,ACTUAL,VNSTOCK_BRONZE
SPC,LATEST,ratio,order,44.0,ACTUAL,VNSTOCK_BRONZE
SPC,LATEST,ratio,level,2.0,ACTUAL,VNSTOCK_BRONZE
SPC,LATEST,ratio,value,0.0,ACTUAL,VNSTOCK_BRONZE
SPC,LATEST,ratio,order,45.0,ACTUAL,VNSTOCK_BRONZE
SPC,LATEST,ratio,level,1.0,ACTUAL,VNSTOCK_BRONZE
SPC,LATEST,ratio,order,46.0,ACTUAL,VNSTOCK_BRONZE
SPC,LATEST,ratio,level,2.0,ACTUAL,VNSTOCK_BRONZE
SPC,LATEST,ratio,value,0.0,ACTUAL,VNSTOCK_BRONZE
SPC,LATEST,ratio,order,47.0,ACTUAL,VNSTOCK_BRONZE
SPC,LATEST,ratio,level,2.0,ACTUAL,VNSTOCK_BRONZE
SPC,LATEST,ratio,value,0.0,ACTUAL,VNSTOCK_BRONZE
SPC,LATEST,ratio,order,48.0,ACTUAL,VNSTOCK_BRONZE
SPC,LATEST,ratio,level,2.0,ACTUAL,VNSTOCK_BRONZE
SPC,LATEST,ratio,value,0.0,ACTUAL,VNSTOCK_BRONZE
SPC,LATEST,ratio,order,49.0,ACTUAL,VNSTOCK_BRONZE
SPC,LATEST,ratio,level,2.0,ACTUAL,VNSTOCK_BRONZE
SPC,LATEST,ratio,value,0.0,ACTUAL,VNSTOCK_BRONZE
SPC,LATEST,ratio,order,50.0,ACTUAL,VNSTOCK_BRONZE
SPC,LATEST,ratio,level,2.0,ACTUAL,VNSTOCK_BRONZE
SPC,LATEST,ratio,value,0.0,ACTUAL,VNSTOCK_BRONZE
SPC,LATEST,ratio,order,51.0,ACTUAL,VNSTOCK_BRONZE
SPC,LATEST,ratio,level,2.0,ACTUAL,VNSTOCK_BRONZE
SPC,LATEST,ratio,value,0.0,ACTUAL,VNSTOCK_BRONZE
SPC,LATEST,ratio,order,52.0,ACTUAL,VNSTOCK_BRONZE
SPC,LATEST,ratio,level,2.0,ACTUAL,VNSTOCK_BRONZE
SPC,LATEST,ratio,value,0.0,ACTUAL,VNSTOCK_BRONZE
SPC,LATEST,ratio,order,53.0,ACTUAL,VNSTOCK_BRONZE
SPC,LATEST,ratio,level,2.0,ACTUAL,VNSTOCK_BRONZE
SPC,LATEST,ratio,value,0.0,ACTUAL,VNSTOCK_BRONZE
SPC,LATEST,ratio,order,54.0,ACTUAL,VNSTOCK_BRONZE
SPC,LATEST,ratio,level,2.0,ACTUAL,VNSTOCK_BRONZE
SPC,LATEST,ratio,value,0.0,ACTUAL,VNSTOCK_BRONZE
SPC,LATEST,ratio,order,55.0,ACTUAL,VNSTOCK_BRONZE
SPC,LATEST,ratio,level,2.0,ACTUAL,VNSTOCK_BRONZE
SPC,LATEST,ratio,value,0.0,ACTUAL,VNSTOCK_BRONZE
SPC,LATEST,ratio,order,56.0,ACTUAL,VNSTOCK_BRONZE
SPC,LATEST,ratio,level,2.0,ACTUAL,VNSTOCK_BRONZE
SPC,LATEST,ratio,value,0.0,ACTUAL,VNSTOCK_BRONZE
SPC,LATEST,ratio,order,57.0,ACTUAL,VNSTOCK_BRONZE
SPC,LATEST,ratio,level,2.0,ACTUAL,VNSTOCK_BRONZE
SPC,LATEST,ratio,order,58.0,ACTUAL,VNSTOCK_BRONZE
SPC,LATEST,ratio,level,2.0,ACTUAL,VNSTOCK_BRONZE
SPC,LATEST,ratio,order,59.0,ACTUAL,VNSTOCK_BRONZE
SPC,LATEST,ratio,level,2.0,ACTUAL,VNSTOCK_BRONZE
SPC,LATEST,ratio,value,0.0,ACTUAL,VNSTOCK_BRONZE
SPC,LATEST,ratio,order,60.0,ACTUAL,VNSTOCK_BRONZE
SPC,LATEST,ratio,level,2.0,ACTUAL,VNSTOCK_BRONZE
SPC,LATEST,ratio,value,0.0,ACTUAL,VNSTOCK_BRONZE
SPC,LATEST,ratio,order,1.0,ACTUAL,VNSTOCK_BRONZE
SPC,LATEST,ratio,level,1.0,ACTUAL,VNSTOCK_BRONZE
SPC,LATEST,ratio,order,2.0,ACTUAL,VNSTOCK_BRONZE
SPC,LATEST,ratio,level,2.0,ACTUAL,VNSTOCK_BRONZE
SPC,LATEST,ratio,value,-2.5342321078,ACTUAL,VNSTOCK_BRONZE
SPC,LATEST,ratio,order,3.0,ACTUAL,VNSTOCK_BRONZE
SPC,LATEST,ratio,level,2.0,ACTUAL,VNSTOCK_BRONZE
SPC,LATEST,ratio,value,0.902800118,ACTUAL,VNSTOCK_BRONZE
SPC,LATEST,ratio,order,4.0,ACTUAL,VNSTOCK_BRONZE
SPC,LATEST,ratio,level,2.0,ACTUAL,VNSTOCK_BRONZE
SPC,LATEST,ratio,value,0.114058947,ACTUAL,VNSTOCK_BRONZE
SPC,LATEST,ratio,order,5.0,ACTUAL,VNSTOCK_BRONZE
SPC,LATEST,ratio,level,2.0,ACTUAL,VNSTOCK_BRONZE
SPC,LATEST,ratio,value,1.5205842243,ACTUAL,VNSTOCK_BRONZE
SPC,LATEST,ratio,order,6.0,ACTUAL,VNSTOCK_BRONZE
SPC,LATEST,ratio,level,2.0,ACTUAL,VNSTOCK_BRONZE
SPC,LATEST,ratio,value,34.8288684671,ACTUAL,VNSTOCK_BRONZE
SPC,LATEST,ratio,order,7.0,ACTUAL,VNSTOCK_BRONZE
SPC,LATEST,ratio,level,2.0,ACTUAL,VNSTOCK_BRONZE
SPC,LATEST,ratio,value,0.0,ACTUAL,VNSTOCK_BRONZE
SPC,LATEST,ratio,order,8.0,ACTUAL,VNSTOCK_BRONZE
SPC,LATEST,ratio,level,2.0,ACTUAL,VNSTOCK_BRONZE
SPC,LATEST,ratio,value,96876000000.0,ACTUAL,VNSTOCK_BRONZE
SPC,LATEST,ratio,order,9.0,ACTUAL,VNSTOCK_BRONZE
SPC,LATEST,ratio,level,2.0,ACTUAL,VNSTOCK_BRONZE
SPC,LATEST,ratio,order,10.0,ACTUAL,VNSTOCK_BRONZE
SPC,LATEST,ratio,level,2.0,ACTUAL,VNSTOCK_BRONZE
SPC,LATEST,ratio,order,11.0,ACTUAL,VNSTOCK_BRONZE
SPC,LATEST,ratio,level,2.0,ACTUAL,VNSTOCK_BRONZE
SPC,LATEST,ratio,order,12.0,ACTUAL,VNSTOCK_BRONZE
SPC,LATEST,ratio,level,2.0,ACTUAL,VNSTOCK_BRONZE
SPC,LATEST,ratio,value,732151677.0,ACTUAL,VNSTOCK_BRONZE
SPC,LATEST,ratio,order,13.0,ACTUAL,VNSTOCK_BRONZE
SPC,LATEST,ratio,level,2.0,ACTUAL,VNSTOCK_BRONZE
SPC,LATEST,ratio,value,6268024864.0,ACTUAL,VNSTOCK_BRONZE
SPC,LATEST,ratio,order,14.0,ACTUAL,VNSTOCK_BRONZE
SPC,LATEST,ratio,level,2.0,ACTUAL,VNSTOCK_BRONZE
SPC,LATEST,ratio,value,0.0029689873,ACTUAL,VNSTOCK_BRONZE
SPC,LATEST,ratio,order,15.0,ACTUAL,VNSTOCK_BRONZE
SPC,LATEST,ratio,level,2.0,ACTUAL,VNSTOCK_BRONZE
SPC,LATEST,ratio,value,10530000.0,ACTUAL,VNSTOCK_BRONZE
SPC,LATEST,ratio,order,16.0,ACTUAL,VNSTOCK_BRONZE
SPC,LATEST,ratio,level,1.0,ACTUAL,VNSTOCK_BRONZE
SPC,LATEST,ratio,order,17.0,ACTUAL,VNSTOCK_BRONZE
SPC,LATEST,ratio,level,2.0,ACTUAL,VNSTOCK_BRONZE
SPC,LATEST,ratio,value,-0.3140366508,ACTUAL,VNSTOCK_BRONZE
SPC,LATEST,ratio,order,18.0,ACTUAL,VNSTOCK_BRONZE
SPC,LATEST,ratio,level,2.0,ACTUAL,VNSTOCK_BRONZE
SPC,LATEST,ratio,value,-0.0790818945,ACTUAL,VNSTOCK_BRONZE
SPC,LATEST,ratio,order,19.0,ACTUAL,VNSTOCK_BRONZE
SPC,LATEST,ratio,level,2.0,ACTUAL,VNSTOCK_BRONZE
SPC,LATEST,ratio,value,0.0029804623,ACTUAL,VNSTOCK_BRONZE
SPC,LATEST,ratio,order,20.0,ACTUAL,VNSTOCK_BRONZE
SPC,LATEST,ratio,level,2.0,ACTUAL,VNSTOCK_BRONZE
SPC,LATEST,ratio,value,0.1796685625,ACTUAL,VNSTOCK_BRONZE
SPC,LATEST,ratio,order,21.0,ACTUAL,VNSTOCK_BRONZE
SPC,LATEST,ratio,level,2.0,ACTUAL,VNSTOCK_BRONZE
SPC,LATEST,ratio,value,0.0008620138,ACTUAL,VNSTOCK_BRONZE
SPC,LATEST,ratio,order,22.0,ACTUAL,VNSTOCK_BRONZE
SPC,LATEST,ratio,level,2.0,ACTUAL,VNSTOCK_BRONZE
SPC,LATEST,ratio,value,-0.0393751375,ACTUAL,VNSTOCK_BRONZE
SPC,LATEST,ratio,order,23.0,ACTUAL,VNSTOCK_BRONZE
SPC,LATEST,ratio,level,2.0,ACTUAL,VNSTOCK_BRONZE
SPC,LATEST,ratio,value,-0.0445907018,ACTUAL,VNSTOCK_BRONZE
SPC,LATEST,ratio,order,24.0,ACTUAL,VNSTOCK_BRONZE
SPC,LATEST,ratio,level,2.0,ACTUAL,VNSTOCK_BRONZE
SPC,LATEST,ratio,value,1.7570903607,ACTUAL,VNSTOCK_BRONZE
SPC,LATEST,ratio,order,25.0,ACTUAL,VNSTOCK_BRONZE
SPC,LATEST,ratio,level,2.0,ACTUAL,VNSTOCK_BRONZE
SPC,LATEST,ratio,value,30.178791275,ACTUAL,VNSTOCK_BRONZE
SPC,LATEST,ratio,order,26.0,ACTUAL,VNSTOCK_BRONZE
SPC,LATEST,ratio,level,2.0,ACTUAL,VNSTOCK_BRONZE
SPC,LATEST,ratio,value,69.9707685225,ACTUAL,VNSTOCK_BRONZE
SPC,LATEST,ratio,order,27.0,ACTUAL,VNSTOCK_BRONZE
SPC,LATEST,ratio,level,2.0,ACTUAL,VNSTOCK_BRONZE
SPC,LATEST,ratio,value,125.6889972925,ACTUAL,VNSTOCK_BRONZE
SPC,LATEST,ratio,order,28.0,ACTUAL,VNSTOCK_BRONZE
SPC,LATEST,ratio,level,2.0,ACTUAL,VNSTOCK_BRONZE
SPC,LATEST,ratio,value,96.3746070298,ACTUAL,VNSTOCK_BRONZE
SPC,LATEST,ratio,order,29.0,ACTUAL,VNSTOCK_BRONZE
SPC,LATEST,ratio,level,2.0,ACTUAL,VNSTOCK_BRONZE
SPC,LATEST,ratio,value,280.7044045245,ACTUAL,VNSTOCK_BRONZE
SPC,LATEST,ratio,order,30.0,ACTUAL,VNSTOCK_BRONZE
SPC,LATEST,ratio,level,1.0,ACTUAL,VNSTOCK_BRONZE
SPC,LATEST,ratio,order,31.0,ACTUAL,VNSTOCK_BRONZE
SPC,LATEST,ratio,level,2.0,ACTUAL,VNSTOCK_BRONZE
SPC,LATEST,ratio,value,1.1917624652,ACTUAL,VNSTOCK_BRONZE
SPC,LATEST,ratio,order,32.0,ACTUAL,VNSTOCK_BRONZE
SPC,LATEST,ratio,level,2.0,ACTUAL,VNSTOCK_BRONZE
SPC,LATEST,ratio,value,0.5281055798,ACTUAL,VNSTOCK_BRONZE
SPC,LATEST,ratio,order,33.0,ACTUAL,VNSTOCK_BRONZE
SPC,LATEST,ratio,level,2.0,ACTUAL,VNSTOCK_BRONZE
SPC,LATEST,ratio,value,0.0487708791,ACTUAL,VNSTOCK_BRONZE
SPC,LATEST,ratio,order,34.0,ACTUAL,VNSTOCK_BRONZE
SPC,LATEST,ratio,level,2.0,ACTUAL,VNSTOCK_BRONZE
SPC,LATEST,ratio,order,35.0,ACTUAL,VNSTOCK_BRONZE
SPC,LATEST,ratio,level,2.0,ACTUAL,VNSTOCK_BRONZE
SPC,LATEST,ratio,order,36.0,ACTUAL,VNSTOCK_BRONZE
SPC,LATEST,ratio,level,2.0,ACTUAL,VNSTOCK_BRONZE
SPC,LATEST,ratio,order,37.0,ACTUAL,VNSTOCK_BRONZE
SPC,LATEST,ratio,level,2.0,ACTUAL,VNSTOCK_BRONZE
SPC,LATEST,ratio,order,38.0,ACTUAL,VNSTOCK_BRONZE
SPC,LATEST,ratio,level,1.0,ACTUAL,VNSTOCK_BRONZE
SPC,LATEST,ratio,order,39.0,ACTUAL,VNSTOCK_BRONZE
SPC,LATEST,ratio,level,2.0,ACTUAL,VNSTOCK_BRONZE
SPC,LATEST,ratio,value,3.0127865014,ACTUAL,VNSTOCK_BRONZE
SPC,LATEST,ratio,order,40.0,ACTUAL,VNSTOCK_BRONZE
SPC,LATEST,ratio,level,2.0,ACTUAL,VNSTOCK_BRONZE
SPC,LATEST,ratio,value,1.0940690056,ACTUAL,VNSTOCK_BRONZE
SPC,LATEST,ratio,order,41.0,ACTUAL,VNSTOCK_BRONZE
SPC,LATEST,ratio,level,2.0,ACTUAL,VNSTOCK_BRONZE
SPC,LATEST,ratio,order,42.0,ACTUAL,VNSTOCK_BRONZE
SPC,LATEST,ratio,level,2.0,ACTUAL,VNSTOCK_BRONZE
SPC,LATEST,ratio,value,3.0127865014,ACTUAL,VNSTOCK_BRONZE
SPC,LATEST,ratio,order,43.0,ACTUAL,VNSTOCK_BRONZE
SPC,LATEST,ratio,level,2.0,ACTUAL,VNSTOCK_BRONZE
SPC,LATEST,ratio,value,0.0,ACTUAL,VNSTOCK_BRONZE
SPC,LATEST,ratio,order,44.0,ACTUAL,VNSTOCK_BRONZE
SPC,LATEST,ratio,level,2.0,ACTUAL,VNSTOCK_BRONZE
SPC,LATEST,ratio,value,0.0,ACTUAL,VNSTOCK_BRONZE
SPC,LATEST,ratio,order,45.0,ACTUAL,VNSTOCK_BRONZE
SPC,LATEST,ratio,level,1.0,ACTUAL,VNSTOCK_BRONZE
SPC,LATEST,ratio,order,46.0,ACTUAL,VNSTOCK_BRONZE
SPC,LATEST,ratio,level,2.0,ACTUAL,VNSTOCK_BRONZE
SPC,LATEST,ratio,value,0.0,ACTUAL,VNSTOCK_BRONZE
SPC,LATEST,ratio,order,47.0,ACTUAL,VNSTOCK_BRONZE
SPC,LATEST,ratio,level,2.0,ACTUAL,VNSTOCK_BRONZE
SPC,LATEST,ratio,value,0.0,ACTUAL,VNSTOCK_BRONZE
SPC,LATEST,ratio,order,48.0,ACTUAL,VNSTOCK_BRONZE
SPC,LATEST,ratio,level,2.0,ACTUAL,VNSTOCK_BRONZE
SPC,LATEST,ratio,value,0.0,ACTUAL,VNSTOCK_BRONZE
SPC,LATEST,ratio,order,49.0,ACTUAL,VNSTOCK_BRONZE
SPC,LATEST,ratio,level,2.0,ACTUAL,VNSTOCK_BRONZE
SPC,LATEST,ratio,value,0.0,ACTUAL,VNSTOCK_BRONZE
SPC,LATEST,ratio,order,50.0,ACTUAL,VNSTOCK_BRONZE
SPC,LATEST,ratio,level,2.0,ACTUAL,VNSTOCK_BRONZE
SPC,LATEST,ratio,value,0.0,ACTUAL,VNSTOCK_BRONZE
SPC,LATEST,ratio,order,51.0,ACTUAL,VNSTOCK_BRONZE
SPC,LATEST,ratio,level,2.0,ACTUAL,VNSTOCK_BRONZE
SPC,LATEST,ratio,value,0.0,ACTUAL,VNSTOCK_BRONZE
SPC,LATEST,ratio,order,52.0,ACTUAL,VNSTOCK_BRONZE
SPC,LATEST,ratio,level,2.0,ACTUAL,VNSTOCK_BRONZE
SPC,LATEST,ratio,value,0.0,ACTUAL,VNSTOCK_BRONZE
SPC,LATEST,ratio,order,53.0,ACTUAL,VNSTOCK_BRONZE
SPC,LATEST,ratio,level,2.0,ACTUAL,VNSTOCK_BRONZE
SPC,LATEST,ratio,value,0.0,ACTUAL,VNSTOCK_BRONZE
SPC,LATEST,ratio,order,54.0,ACTUAL,VNSTOCK_BRONZE
SPC,LATEST,ratio,level,2.0,ACTUAL,VNSTOCK_BRONZE
SPC,LATEST,ratio,value,0.0,ACTUAL,VNSTOCK_BRONZE
SPC,LATEST,ratio,order,55.0,ACTUAL,VNSTOCK_BRONZE
SPC,LATEST,ratio,level,2.0,ACTUAL,VNSTOCK_BRONZE
SPC,LATEST,ratio,value,0.0,ACTUAL,VNSTOCK_BRONZE
SPC,LATEST,ratio,order,56.0,ACTUAL,VNSTOCK_BRONZE
SPC,LATEST,ratio,level,2.0,ACTUAL,VNSTOCK_BRONZE
SPC,LATEST,ratio,value,0.0,ACTUAL,VNSTOCK_BRONZE
SPC,LATEST,ratio,order,57.0,ACTUAL,VNSTOCK_BRONZE
SPC,LATEST,ratio,level,2.0,ACTUAL,VNSTOCK_BRONZE
SPC,LATEST,ratio,order,58.0,ACTUAL,VNSTOCK_BRONZE
SPC,LATEST,ratio,level,2.0,ACTUAL,VNSTOCK_BRONZE
SPC,LATEST,ratio,order,59.0,ACTUAL,VNSTOCK_BRONZE
SPC,LATEST,ratio,level,2.0,ACTUAL,VNSTOCK_BRONZE
SPC,LATEST,ratio,value,0.0,ACTUAL,VNSTOCK_BRONZE
SPC,LATEST,ratio,order,60.0,ACTUAL,VNSTOCK_BRONZE
SPC,LATEST,ratio,level,2.0,ACTUAL,VNSTOCK_BRONZE
SPC,LATEST,ratio,value,0.0,ACTUAL,VNSTOCK_BRONZE
SPC,LATEST,ratio,order,1.0,ACTUAL,VNSTOCK_BRONZE
SPC,LATEST,ratio,level,1.0,ACTUAL,VNSTOCK_BRONZE
SPC,LATEST,ratio,order,2.0,ACTUAL,VNSTOCK_BRONZE
SPC,LATEST,ratio,level,2.0,ACTUAL,VNSTOCK_BRONZE
SPC,LATEST,ratio,value,-2.1711551789,ACTUAL,VNSTOCK_BRONZE
SPC,LATEST,ratio,order,3.0,ACTUAL,VNSTOCK_BRONZE
SPC,LATEST,ratio,level,2.0,ACTUAL,VNSTOCK_BRONZE
SPC,LATEST,ratio,value,0.9370880526,ACTUAL,VNSTOCK_BRONZE
SPC,LATEST,ratio,order,4.0,ACTUAL,VNSTOCK_BRONZE
SPC,LATEST,ratio,level,2.0,ACTUAL,VNSTOCK_BRONZE
SPC,LATEST,ratio,value,0.1219192478,ACTUAL,VNSTOCK_BRONZE
SPC,LATEST,ratio,order,5.0,ACTUAL,VNSTOCK_BRONZE
SPC,LATEST,ratio,level,2.0,ACTUAL,VNSTOCK_BRONZE
SPC,LATEST,ratio,value,-8.3605870454,ACTUAL,VNSTOCK_BRONZE
SPC,LATEST,ratio,order,6.0,ACTUAL,VNSTOCK_BRONZE
SPC,LATEST,ratio,level,2.0,ACTUAL,VNSTOCK_BRONZE
SPC,LATEST,ratio,value,-60.1336463165,ACTUAL,VNSTOCK_BRONZE
SPC,LATEST,ratio,order,7.0,ACTUAL,VNSTOCK_BRONZE
SPC,LATEST,ratio,level,2.0,ACTUAL,VNSTOCK_BRONZE
SPC,LATEST,ratio,value,0.0,ACTUAL,VNSTOCK_BRONZE
SPC,LATEST,ratio,order,8.0,ACTUAL,VNSTOCK_BRONZE
SPC,LATEST,ratio,level,2.0,ACTUAL,VNSTOCK_BRONZE
SPC,LATEST,ratio,value,105300000000.0,ACTUAL,VNSTOCK_BRONZE
SPC,LATEST,ratio,order,9.0,ACTUAL,VNSTOCK_BRONZE
SPC,LATEST,ratio,level,2.0,ACTUAL,VNSTOCK_BRONZE
SPC,LATEST,ratio,order,10.0,ACTUAL,VNSTOCK_BRONZE
SPC,LATEST,ratio,level,2.0,ACTUAL,VNSTOCK_BRONZE
SPC,LATEST,ratio,order,11.0,ACTUAL,VNSTOCK_BRONZE
SPC,LATEST,ratio,level,2.0,ACTUAL,VNSTOCK_BRONZE
SPC,LATEST,ratio,order,12.0,ACTUAL,VNSTOCK_BRONZE
SPC,LATEST,ratio,level,2.0,ACTUAL,VNSTOCK_BRONZE
SPC,LATEST,ratio,value,-8264684290.0,ACTUAL,VNSTOCK_BRONZE
SPC,LATEST,ratio,order,13.0,ACTUAL,VNSTOCK_BRONZE
SPC,LATEST,ratio,level,2.0,ACTUAL,VNSTOCK_BRONZE
SPC,LATEST,ratio,value,-3362758772.0,ACTUAL,VNSTOCK_BRONZE
SPC,LATEST,ratio,order,14.0,ACTUAL,VNSTOCK_BRONZE
SPC,LATEST,ratio,level,2.0,ACTUAL,VNSTOCK_BRONZE
SPC,LATEST,ratio,value,0.0028368635,ACTUAL,VNSTOCK_BRONZE
SPC,LATEST,ratio,order,15.0,ACTUAL,VNSTOCK_BRONZE
SPC,LATEST,ratio,level,2.0,ACTUAL,VNSTOCK_BRONZE
SPC,LATEST,ratio,value,10530000.0,ACTUAL,VNSTOCK_BRONZE
SPC,LATEST,ratio,order,16.0,ACTUAL,VNSTOCK_BRONZE
SPC,LATEST,ratio,level,1.0,ACTUAL,VNSTOCK_BRONZE
SPC,LATEST,ratio,order,17.0,ACTUAL,VNSTOCK_BRONZE
SPC,LATEST,ratio,level,2.0,ACTUAL,VNSTOCK_BRONZE
SPC,LATEST,ratio,value,-0.3555791866,ACTUAL,VNSTOCK_BRONZE
SPC,LATEST,ratio,order,18.0,ACTUAL,VNSTOCK_BRONZE
SPC,LATEST,ratio,level,2.0,ACTUAL,VNSTOCK_BRONZE
SPC,LATEST,ratio,value,-0.0986857284,ACTUAL,VNSTOCK_BRONZE
SPC,LATEST,ratio,order,19.0,ACTUAL,VNSTOCK_BRONZE
SPC,LATEST,ratio,level,2.0,ACTUAL,VNSTOCK_BRONZE
SPC,LATEST,ratio,value,-0.0334768569,ACTUAL,VNSTOCK_BRONZE
SPC,LATEST,ratio,order,20.0,ACTUAL,VNSTOCK_BRONZE
SPC,LATEST,ratio,level,2.0,ACTUAL,VNSTOCK_BRONZE
SPC,LATEST,ratio,value,0.1684144284,ACTUAL,VNSTOCK_BRONZE
SPC,LATEST,ratio,order,21.0,ACTUAL,VNSTOCK_BRONZE
SPC,LATEST,ratio,level,2.0,ACTUAL,VNSTOCK_BRONZE
SPC,LATEST,ratio,value,-0.0095690797,ACTUAL,VNSTOCK_BRONZE
SPC,LATEST,ratio,order,22.0,ACTUAL,VNSTOCK_BRONZE
SPC,LATEST,ratio,level,2.0,ACTUAL,VNSTOCK_BRONZE
SPC,LATEST,ratio,value,-0.0531934407,ACTUAL,VNSTOCK_BRONZE
SPC,LATEST,ratio,order,23.0,ACTUAL,VNSTOCK_BRONZE
SPC,LATEST,ratio,level,2.0,ACTUAL,VNSTOCK_BRONZE
SPC,LATEST,ratio,value,-0.0557935438,ACTUAL,VNSTOCK_BRONZE
SPC,LATEST,ratio,order,24.0,ACTUAL,VNSTOCK_BRONZE
SPC,LATEST,ratio,level,2.0,ACTUAL,VNSTOCK_BRONZE
SPC,LATEST,ratio,value,1.7574093838,ACTUAL,VNSTOCK_BRONZE
SPC,LATEST,ratio,order,25.0,ACTUAL,VNSTOCK_BRONZE
SPC,LATEST,ratio,level,2.0,ACTUAL,VNSTOCK_BRONZE
SPC,LATEST,ratio,value,29.1835030484,ACTUAL,VNSTOCK_BRONZE
SPC,LATEST,ratio,order,26.0,ACTUAL,VNSTOCK_BRONZE
SPC,LATEST,ratio,level,2.0,ACTUAL,VNSTOCK_BRONZE
SPC,LATEST,ratio,value,75.0955665156,ACTUAL,VNSTOCK_BRONZE
SPC,LATEST,ratio,order,27.0,ACTUAL,VNSTOCK_BRONZE
SPC,LATEST,ratio,level,2.0,ACTUAL,VNSTOCK_BRONZE
SPC,LATEST,ratio,value,117.7944281065,ACTUAL,VNSTOCK_BRONZE
SPC,LATEST,ratio,order,28.0,ACTUAL,VNSTOCK_BRONZE
SPC,LATEST,ratio,level,2.0,ACTUAL,VNSTOCK_BRONZE
SPC,LATEST,ratio,value,89.4110313588,ACTUAL,VNSTOCK_BRONZE
SPC,LATEST,ratio,order,29.0,ACTUAL,VNSTOCK_BRONZE
SPC,LATEST,ratio,level,2.0,ACTUAL,VNSTOCK_BRONZE
SPC,LATEST,ratio,value,272.7068939266,ACTUAL,VNSTOCK_BRONZE
SPC,LATEST,ratio,order,30.0,ACTUAL,VNSTOCK_BRONZE
SPC,LATEST,ratio,level,1.0,ACTUAL,VNSTOCK_BRONZE
SPC,LATEST,ratio,order,31.0,ACTUAL,VNSTOCK_BRONZE
SPC,LATEST,ratio,level,2.0,ACTUAL,VNSTOCK_BRONZE
SPC,LATEST,ratio,value,1.2166247451,ACTUAL,VNSTOCK_BRONZE
SPC,LATEST,ratio,order,32.0,ACTUAL,VNSTOCK_BRONZE
SPC,LATEST,ratio,level,2.0,ACTUAL,VNSTOCK_BRONZE
SPC,LATEST,ratio,value,0.475698668,ACTUAL,VNSTOCK_BRONZE
SPC,LATEST,ratio,order,33.0,ACTUAL,VNSTOCK_BRONZE
SPC,LATEST,ratio,level,2.0,ACTUAL,VNSTOCK_BRONZE
SPC,LATEST,ratio,value,0.0207230079,ACTUAL,VNSTOCK_BRONZE
SPC,LATEST,ratio,order,34.0,ACTUAL,VNSTOCK_BRONZE
SPC,LATEST,ratio,level,2.0,ACTUAL,VNSTOCK_BRONZE
SPC,LATEST,ratio,order,35.0,ACTUAL,VNSTOCK_BRONZE
SPC,LATEST,ratio,level,2.0,ACTUAL,VNSTOCK_BRONZE
SPC,LATEST,ratio,order,36.0,ACTUAL,VNSTOCK_BRONZE
SPC,LATEST,ratio,level,2.0,ACTUAL,VNSTOCK_BRONZE
SPC,LATEST,ratio,order,37.0,ACTUAL,VNSTOCK_BRONZE
SPC,LATEST,ratio,level,2.0,ACTUAL,VNSTOCK_BRONZE
SPC,LATEST,ratio,order,38.0,ACTUAL,VNSTOCK_BRONZE
SPC,LATEST,ratio,level,1.0,ACTUAL,VNSTOCK_BRONZE
SPC,LATEST,ratio,order,39.0,ACTUAL,VNSTOCK_BRONZE
SPC,LATEST,ratio,level,2.0,ACTUAL,VNSTOCK_BRONZE
SPC,LATEST,ratio,value,2.6765057328,ACTUAL,VNSTOCK_BRONZE
SPC,LATEST,ratio,order,40.0,ACTUAL,VNSTOCK_BRONZE
SPC,LATEST,ratio,level,2.0,ACTUAL,VNSTOCK_BRONZE
SPC,LATEST,ratio,value,1.0108758881,ACTUAL,VNSTOCK_BRONZE
SPC,LATEST,ratio,order,41.0,ACTUAL,VNSTOCK_BRONZE
SPC,LATEST,ratio,level,2.0,ACTUAL,VNSTOCK_BRONZE
SPC,LATEST,ratio,order,42.0,ACTUAL,VNSTOCK_BRONZE
SPC,LATEST,ratio,level,2.0,ACTUAL,VNSTOCK_BRONZE
SPC,LATEST,ratio,value,2.6765057328,ACTUAL,VNSTOCK_BRONZE
SPC,LATEST,ratio,order,43.0,ACTUAL,VNSTOCK_BRONZE
SPC,LATEST,ratio,level,2.0,ACTUAL,VNSTOCK_BRONZE
SPC,LATEST,ratio,value,0.0,ACTUAL,VNSTOCK_BRONZE
SPC,LATEST,ratio,order,44.0,ACTUAL,VNSTOCK_BRONZE
SPC,LATEST,ratio,level,2.0,ACTUAL,VNSTOCK_BRONZE
SPC,LATEST,ratio,value,0.0,ACTUAL,VNSTOCK_BRONZE
SPC,LATEST,ratio,order,45.0,ACTUAL,VNSTOCK_BRONZE
SPC,LATEST,ratio,level,1.0,ACTUAL,VNSTOCK_BRONZE
SPC,LATEST,ratio,order,46.0,ACTUAL,VNSTOCK_BRONZE
SPC,LATEST,ratio,level,2.0,ACTUAL,VNSTOCK_BRONZE
SPC,LATEST,ratio,value,0.0,ACTUAL,VNSTOCK_BRONZE
SPC,LATEST,ratio,order,47.0,ACTUAL,VNSTOCK_BRONZE
SPC,LATEST,ratio,level,2.0,ACTUAL,VNSTOCK_BRONZE
SPC,LATEST,ratio,value,0.0,ACTUAL,VNSTOCK_BRONZE
SPC,LATEST,ratio,order,48.0,ACTUAL,VNSTOCK_BRONZE
SPC,LATEST,ratio,level,2.0,ACTUAL,VNSTOCK_BRONZE
SPC,LATEST,ratio,value,0.0,ACTUAL,VNSTOCK_BRONZE
SPC,LATEST,ratio,order,49.0,ACTUAL,VNSTOCK_BRONZE
SPC,LATEST,ratio,level,2.0,ACTUAL,VNSTOCK_BRONZE
SPC,LATEST,ratio,value,0.0,ACTUAL,VNSTOCK_BRONZE
SPC,LATEST,ratio,order,50.0,ACTUAL,VNSTOCK_BRONZE
SPC,LATEST,ratio,level,2.0,ACTUAL,VNSTOCK_BRONZE
SPC,LATEST,ratio,value,0.0,ACTUAL,VNSTOCK_BRONZE
SPC,LATEST,ratio,order,51.0,ACTUAL,VNSTOCK_BRONZE
SPC,LATEST,ratio,level,2.0,ACTUAL,VNSTOCK_BRONZE
SPC,LATEST,ratio,value,0.0,ACTUAL,VNSTOCK_BRONZE
SPC,LATEST,ratio,order,52.0,ACTUAL,VNSTOCK_BRONZE
SPC,LATEST,ratio,level,2.0,ACTUAL,VNSTOCK_BRONZE
SPC,LATEST,ratio,value,0.0,ACTUAL,VNSTOCK_BRONZE
SPC,LATEST,ratio,order,53.0,ACTUAL,VNSTOCK_BRONZE
SPC,LATEST,ratio,level,2.0,ACTUAL,VNSTOCK_BRONZE
SPC,LATEST,ratio,value,0.0,ACTUAL,VNSTOCK_BRONZE
SPC,LATEST,ratio,order,54.0,ACTUAL,VNSTOCK_BRONZE
SPC,LATEST,ratio,level,2.0,ACTUAL,VNSTOCK_BRONZE
SPC,LATEST,ratio,value,0.0,ACTUAL,VNSTOCK_BRONZE
SPC,LATEST,ratio,order,55.0,ACTUAL,VNSTOCK_BRONZE
SPC,LATEST,ratio,level,2.0,ACTUAL,VNSTOCK_BRONZE
SPC,LATEST,ratio,value,0.0,ACTUAL,VNSTOCK_BRONZE
SPC,LATEST,ratio,order,56.0,ACTUAL,VNSTOCK_BRONZE
SPC,LATEST,ratio,level,2.0,ACTUAL,VNSTOCK_BRONZE
SPC,LATEST,ratio,value,0.0,ACTUAL,VNSTOCK_BRONZE
SPC,LATEST,ratio,order,57.0,ACTUAL,VNSTOCK_BRONZE
SPC,LATEST,ratio,level,2.0,ACTUAL,VNSTOCK_BRONZE
SPC,LATEST,ratio,order,58.0,ACTUAL,VNSTOCK_BRONZE
SPC,LATEST,ratio,level,2.0,ACTUAL,VNSTOCK_BRONZE
SPC,LATEST,ratio,order,59.0,ACTUAL,VNSTOCK_BRONZE
SPC,LATEST,ratio,level,2.0,ACTUAL,VNSTOCK_BRONZE
SPC,LATEST,ratio,value,0.0,ACTUAL,VNSTOCK_BRONZE
SPC,LATEST,ratio,order,60.0,ACTUAL,VNSTOCK_BRONZE
SPC,LATEST,ratio,level,2.0,ACTUAL,VNSTOCK_BRONZE
SPC,LATEST,ratio,value,0.0,ACTUAL,VNSTOCK_BRONZE
SPC,LATEST,ratio,order,1.0,ACTUAL,VNSTOCK_BRONZE
SPC,LATEST,ratio,level,1.0,ACTUAL,VNSTOCK_BRONZE
SPC,LATEST,ratio,order,2.0,ACTUAL,VNSTOCK_BRONZE
SPC,LATEST,ratio,level,2.0,ACTUAL,VNSTOCK_BRONZE
SPC,LATEST,ratio,value,-8.4193021763,ACTUAL,VNSTOCK_BRONZE
SPC,LATEST,ratio,order,3.0,ACTUAL,VNSTOCK_BRONZE
SPC,LATEST,ratio,level,2.0,ACTUAL,VNSTOCK_BRONZE
SPC,LATEST,ratio,value,0.6531119737,ACTUAL,VNSTOCK_BRONZE
SPC,LATEST,ratio,order,4.0,ACTUAL,VNSTOCK_BRONZE
SPC,LATEST,ratio,level,2.0,ACTUAL,VNSTOCK_BRONZE
SPC,LATEST,ratio,value,0.0869452809,ACTUAL,VNSTOCK_BRONZE
SPC,LATEST,ratio,order,5.0,ACTUAL,VNSTOCK_BRONZE
SPC,LATEST,ratio,level,2.0,ACTUAL,VNSTOCK_BRONZE
SPC,LATEST,ratio,value,4.2020418463,ACTUAL,VNSTOCK_BRONZE
SPC,LATEST,ratio,order,6.0,ACTUAL,VNSTOCK_BRONZE
SPC,LATEST,ratio,level,2.0,ACTUAL,VNSTOCK_BRONZE
SPC,LATEST,ratio,value,5.0051509168,ACTUAL,VNSTOCK_BRONZE
SPC,LATEST,ratio,order,7.0,ACTUAL,VNSTOCK_BRONZE
SPC,LATEST,ratio,level,2.0,ACTUAL,VNSTOCK_BRONZE
SPC,LATEST,ratio,value,0.0,ACTUAL,VNSTOCK_BRONZE
SPC,LATEST,ratio,order,8.0,ACTUAL,VNSTOCK_BRONZE
SPC,LATEST,ratio,level,2.0,ACTUAL,VNSTOCK_BRONZE
SPC,LATEST,ratio,value,87399000000.0,ACTUAL,VNSTOCK_BRONZE
SPC,LATEST,ratio,order,9.0,ACTUAL,VNSTOCK_BRONZE
SPC,LATEST,ratio,level,2.0,ACTUAL,VNSTOCK_BRONZE
SPC,LATEST,ratio,order,10.0,ACTUAL,VNSTOCK_BRONZE
SPC,LATEST,ratio,level,2.0,ACTUAL,VNSTOCK_BRONZE
SPC,LATEST,ratio,order,11.0,ACTUAL,VNSTOCK_BRONZE
SPC,LATEST,ratio,level,2.0,ACTUAL,VNSTOCK_BRONZE
SPC,LATEST,ratio,order,12.0,ACTUAL,VNSTOCK_BRONZE
SPC,LATEST,ratio,level,2.0,ACTUAL,VNSTOCK_BRONZE
SPC,LATEST,ratio,value,28602775991.0,ACTUAL,VNSTOCK_BRONZE
SPC,LATEST,ratio,order,13.0,ACTUAL,VNSTOCK_BRONZE
SPC,LATEST,ratio,level,2.0,ACTUAL,VNSTOCK_BRONZE
SPC,LATEST,ratio,value,36824852978.0,ACTUAL,VNSTOCK_BRONZE
SPC,LATEST,ratio,order,14.0,ACTUAL,VNSTOCK_BRONZE
SPC,LATEST,ratio,level,2.0,ACTUAL,VNSTOCK_BRONZE
SPC,LATEST,ratio,value,0.00400726,ACTUAL,VNSTOCK_BRONZE
SPC,LATEST,ratio,order,15.0,ACTUAL,VNSTOCK_BRONZE
SPC,LATEST,ratio,level,2.0,ACTUAL,VNSTOCK_BRONZE
SPC,LATEST,ratio,value,10530000.0,ACTUAL,VNSTOCK_BRONZE
SPC,LATEST,ratio,order,16.0,ACTUAL,VNSTOCK_BRONZE
SPC,LATEST,ratio,level,1.0,ACTUAL,VNSTOCK_BRONZE
SPC,LATEST,ratio,order,17.0,ACTUAL,VNSTOCK_BRONZE
SPC,LATEST,ratio,level,2.0,ACTUAL,VNSTOCK_BRONZE
SPC,LATEST,ratio,value,-0.0721642828,ACTUAL,VNSTOCK_BRONZE
SPC,LATEST,ratio,order,18.0,ACTUAL,VNSTOCK_BRONZE
SPC,LATEST,ratio,level,2.0,ACTUAL,VNSTOCK_BRONZE
SPC,LATEST,ratio,value,-0.020090619,ACTUAL,VNSTOCK_BRONZE
SPC,LATEST,ratio,order,19.0,ACTUAL,VNSTOCK_BRONZE
SPC,LATEST,ratio,level,2.0,ACTUAL,VNSTOCK_BRONZE
SPC,LATEST,ratio,value,0.1142602682,ACTUAL,VNSTOCK_BRONZE
SPC,LATEST,ratio,order,20.0,ACTUAL,VNSTOCK_BRONZE
SPC,LATEST,ratio,level,2.0,ACTUAL,VNSTOCK_BRONZE
SPC,LATEST,ratio,value,0.1889943183,ACTUAL,VNSTOCK_BRONZE
SPC,LATEST,ratio,order,21.0,ACTUAL,VNSTOCK_BRONZE
SPC,LATEST,ratio,level,2.0,ACTUAL,VNSTOCK_BRONZE
SPC,LATEST,ratio,value,0.0284542889,ACTUAL,VNSTOCK_BRONZE
SPC,LATEST,ratio,order,22.0,ACTUAL,VNSTOCK_BRONZE
SPC,LATEST,ratio,level,2.0,ACTUAL,VNSTOCK_BRONZE
SPC,LATEST,ratio,value,-0.0049982856,ACTUAL,VNSTOCK_BRONZE
SPC,LATEST,ratio,order,23.0,ACTUAL,VNSTOCK_BRONZE
SPC,LATEST,ratio,level,2.0,ACTUAL,VNSTOCK_BRONZE
SPC,LATEST,ratio,value,-0.0099008887,ACTUAL,VNSTOCK_BRONZE
SPC,LATEST,ratio,order,24.0,ACTUAL,VNSTOCK_BRONZE
SPC,LATEST,ratio,level,2.0,ACTUAL,VNSTOCK_BRONZE
SPC,LATEST,ratio,value,1.9454649022,ACTUAL,VNSTOCK_BRONZE
SPC,LATEST,ratio,order,25.0,ACTUAL,VNSTOCK_BRONZE
SPC,LATEST,ratio,level,2.0,ACTUAL,VNSTOCK_BRONZE
SPC,LATEST,ratio,value,33.3945104538,ACTUAL,VNSTOCK_BRONZE
SPC,LATEST,ratio,order,26.0,ACTUAL,VNSTOCK_BRONZE
SPC,LATEST,ratio,level,2.0,ACTUAL,VNSTOCK_BRONZE
SPC,LATEST,ratio,value,75.2139576111,ACTUAL,VNSTOCK_BRONZE
SPC,LATEST,ratio,order,27.0,ACTUAL,VNSTOCK_BRONZE
SPC,LATEST,ratio,level,2.0,ACTUAL,VNSTOCK_BRONZE
SPC,LATEST,ratio,value,100.8651670183,ACTUAL,VNSTOCK_BRONZE
SPC,LATEST,ratio,order,28.0,ACTUAL,VNSTOCK_BRONZE
SPC,LATEST,ratio,level,2.0,ACTUAL,VNSTOCK_BRONZE
SPC,LATEST,ratio,value,82.3926432245,ACTUAL,VNSTOCK_BRONZE
SPC,LATEST,ratio,order,29.0,ACTUAL,VNSTOCK_BRONZE
SPC,LATEST,ratio,level,2.0,ACTUAL,VNSTOCK_BRONZE
SPC,LATEST,ratio,value,250.9424026772,ACTUAL,VNSTOCK_BRONZE
SPC,LATEST,ratio,order,30.0,ACTUAL,VNSTOCK_BRONZE
SPC,LATEST,ratio,level,1.0,ACTUAL,VNSTOCK_BRONZE
SPC,LATEST,ratio,order,31.0,ACTUAL,VNSTOCK_BRONZE
SPC,LATEST,ratio,level,2.0,ACTUAL,VNSTOCK_BRONZE
SPC,LATEST,ratio,value,1.2925241882,ACTUAL,VNSTOCK_BRONZE
SPC,LATEST,ratio,order,32.0,ACTUAL,VNSTOCK_BRONZE
SPC,LATEST,ratio,level,2.0,ACTUAL,VNSTOCK_BRONZE
SPC,LATEST,ratio,value,0.5887388305,ACTUAL,VNSTOCK_BRONZE
SPC,LATEST,ratio,order,33.0,ACTUAL,VNSTOCK_BRONZE
SPC,LATEST,ratio,level,2.0,ACTUAL,VNSTOCK_BRONZE
SPC,LATEST,ratio,value,0.0619402615,ACTUAL,VNSTOCK_BRONZE
SPC,LATEST,ratio,order,34.0,ACTUAL,VNSTOCK_BRONZE
SPC,LATEST,ratio,level,2.0,ACTUAL,VNSTOCK_BRONZE
SPC,LATEST,ratio,order,35.0,ACTUAL,VNSTOCK_BRONZE
SPC,LATEST,ratio,level,2.0,ACTUAL,VNSTOCK_BRONZE
SPC,LATEST,ratio,order,36.0,ACTUAL,VNSTOCK_BRONZE
SPC,LATEST,ratio,level,2.0,ACTUAL,VNSTOCK_BRONZE
SPC,LATEST,ratio,order,37.0,ACTUAL,VNSTOCK_BRONZE
SPC,LATEST,ratio,level,2.0,ACTUAL,VNSTOCK_BRONZE
SPC,LATEST,ratio,order,38.0,ACTUAL,VNSTOCK_BRONZE
SPC,LATEST,ratio,level,1.0,ACTUAL,VNSTOCK_BRONZE
SPC,LATEST,ratio,order,39.0,ACTUAL,VNSTOCK_BRONZE
SPC,LATEST,ratio,level,2.0,ACTUAL,VNSTOCK_BRONZE
SPC,LATEST,ratio,value,2.2355084403,ACTUAL,VNSTOCK_BRONZE
SPC,LATEST,ratio,order,40.0,ACTUAL,VNSTOCK_BRONZE
SPC,LATEST,ratio,level,2.0,ACTUAL,VNSTOCK_BRONZE
SPC,LATEST,ratio,value,0.7304895204,ACTUAL,VNSTOCK_BRONZE
SPC,LATEST,ratio,order,41.0,ACTUAL,VNSTOCK_BRONZE
SPC,LATEST,ratio,level,2.0,ACTUAL,VNSTOCK_BRONZE
SPC,LATEST,ratio,order,42.0,ACTUAL,VNSTOCK_BRONZE
SPC,LATEST,ratio,level,2.0,ACTUAL,VNSTOCK_BRONZE
SPC,LATEST,ratio,value,2.2355084403,ACTUAL,VNSTOCK_BRONZE
SPC,LATEST,ratio,order,43.0,ACTUAL,VNSTOCK_BRONZE
SPC,LATEST,ratio,level,2.0,ACTUAL,VNSTOCK_BRONZE
SPC,LATEST,ratio,value,0.0,ACTUAL,VNSTOCK_BRONZE
SPC,LATEST,ratio,order,44.0,ACTUAL,VNSTOCK_BRONZE
SPC,LATEST,ratio,level,2.0,ACTUAL,VNSTOCK_BRONZE
SPC,LATEST,ratio,value,0.0,ACTUAL,VNSTOCK_BRONZE
SPC,LATEST,ratio,order,45.0,ACTUAL,VNSTOCK_BRONZE
SPC,LATEST,ratio,level,1.0,ACTUAL,VNSTOCK_BRONZE
SPC,LATEST,ratio,order,46.0,ACTUAL,VNSTOCK_BRONZE
SPC,LATEST,ratio,level,2.0,ACTUAL,VNSTOCK_BRONZE
SPC,LATEST,ratio,value,0.0,ACTUAL,VNSTOCK_BRONZE
SPC,LATEST,ratio,order,47.0,ACTUAL,VNSTOCK_BRONZE
SPC,LATEST,ratio,level,2.0,ACTUAL,VNSTOCK_BRONZE
SPC,LATEST,ratio,value,0.0,ACTUAL,VNSTOCK_BRONZE
SPC,LATEST,ratio,order,48.0,ACTUAL,VNSTOCK_BRONZE
SPC,LATEST,ratio,level,2.0,ACTUAL,VNSTOCK_BRONZE
SPC,LATEST,ratio,value,0.0,ACTUAL,VNSTOCK_BRONZE
SPC,LATEST,ratio,order,49.0,ACTUAL,VNSTOCK_BRONZE
SPC,LATEST,ratio,level,2.0,ACTUAL,VNSTOCK_BRONZE
SPC,LATEST,ratio,value,0.0,ACTUAL,VNSTOCK_BRONZE
SPC,LATEST,ratio,order,50.0,ACTUAL,VNSTOCK_BRONZE
SPC,LATEST,ratio,level,2.0,ACTUAL,VNSTOCK_BRONZE
SPC,LATEST,ratio,value,0.0,ACTUAL,VNSTOCK_BRONZE
SPC,LATEST,ratio,order,51.0,ACTUAL,VNSTOCK_BRONZE
SPC,LATEST,ratio,level,2.0,ACTUAL,VNSTOCK_BRONZE
SPC,LATEST,ratio,value,0.0,ACTUAL,VNSTOCK_BRONZE
SPC,LATEST,ratio,order,52.0,ACTUAL,VNSTOCK_BRONZE
SPC,LATEST,ratio,level,2.0,ACTUAL,VNSTOCK_BRONZE
SPC,LATEST,ratio,value,0.0,ACTUAL,VNSTOCK_BRONZE
SPC,LATEST,ratio,order,53.0,ACTUAL,VNSTOCK_BRONZE
SPC,LATEST,ratio,level,2.0,ACTUAL,VNSTOCK_BRONZE
SPC,LATEST,ratio,value,0.0,ACTUAL,VNSTOCK_BRONZE
SPC,LATEST,ratio,order,54.0,ACTUAL,VNSTOCK_BRONZE
SPC,LATEST,ratio,level,2.0,ACTUAL,VNSTOCK_BRONZE
SPC,LATEST,ratio,value,0.0,ACTUAL,VNSTOCK_BRONZE
SPC,LATEST,ratio,order,55.0,ACTUAL,VNSTOCK_BRONZE
SPC,LATEST,ratio,level,2.0,ACTUAL,VNSTOCK_BRONZE
SPC,LATEST,ratio,value,0.0,ACTUAL,VNSTOCK_BRONZE
SPC,LATEST,ratio,order,56.0,ACTUAL,VNSTOCK_BRONZE
SPC,LATEST,ratio,level,2.0,ACTUAL,VNSTOCK_BRONZE
SPC,LATEST,ratio,value,0.0,ACTUAL,VNSTOCK_BRONZE
SPC,LATEST,ratio,order,57.0,ACTUAL,VNSTOCK_BRONZE
SPC,LATEST,ratio,level,2.0,ACTUAL,VNSTOCK_BRONZE
SPC,LATEST,ratio,order,58.0,ACTUAL,VNSTOCK_BRONZE
SPC,LATEST,ratio,level,2.0,ACTUAL,VNSTOCK_BRONZE
SPC,LATEST,ratio,order,59.0,ACTUAL,VNSTOCK_BRONZE
SPC,LATEST,ratio,level,2.0,ACTUAL,VNSTOCK_BRONZE
SPC,LATEST,ratio,value,0.0,ACTUAL,VNSTOCK_BRONZE
SPC,LATEST,ratio,order,60.0,ACTUAL,VNSTOCK_BRONZE
SPC,LATEST,ratio,level,2.0,ACTUAL,VNSTOCK_BRONZE
SPC,LATEST,ratio,value,0.0,ACTUAL,VNSTOCK_BRONZE
SPC,LATEST,ratio,order,1.0,ACTUAL,VNSTOCK_BRONZE
SPC,LATEST,ratio,level,1.0,ACTUAL,VNSTOCK_BRONZE
SPC,LATEST,ratio,order,2.0,ACTUAL,VNSTOCK_BRONZE
SPC,LATEST,ratio,level,2.0,ACTUAL,VNSTOCK_BRONZE
SPC,LATEST,ratio,value,-1.9863771642,ACTUAL,VNSTOCK_BRONZE
SPC,LATEST,ratio,order,3.0,ACTUAL,VNSTOCK_BRONZE
SPC,LATEST,ratio,level,2.0,ACTUAL,VNSTOCK_BRONZE
SPC,LATEST,ratio,value,0.6195520706,ACTUAL,VNSTOCK_BRONZE
SPC,LATEST,ratio,order,4.0,ACTUAL,VNSTOCK_BRONZE
SPC,LATEST,ratio,level,2.0,ACTUAL,VNSTOCK_BRONZE
SPC,LATEST,ratio,value,0.083191298,ACTUAL,VNSTOCK_BRONZE
SPC,LATEST,ratio,order,5.0,ACTUAL,VNSTOCK_BRONZE
SPC,LATEST,ratio,level,2.0,ACTUAL,VNSTOCK_BRONZE
SPC,LATEST,ratio,value,3.0545775221,ACTUAL,VNSTOCK_BRONZE
SPC,LATEST,ratio,order,6.0,ACTUAL,VNSTOCK_BRONZE
SPC,LATEST,ratio,level,2.0,ACTUAL,VNSTOCK_BRONZE
SPC,LATEST,ratio,value,50.3268172633,ACTUAL,VNSTOCK_BRONZE
SPC,LATEST,ratio,order,7.0,ACTUAL,VNSTOCK_BRONZE
SPC,LATEST,ratio,level,2.0,ACTUAL,VNSTOCK_BRONZE
SPC,LATEST,ratio,value,0.0,ACTUAL,VNSTOCK_BRONZE
SPC,LATEST,ratio,order,8.0,ACTUAL,VNSTOCK_BRONZE
SPC,LATEST,ratio,level,2.0,ACTUAL,VNSTOCK_BRONZE
SPC,LATEST,ratio,value,85293000000.0,ACTUAL,VNSTOCK_BRONZE
SPC,LATEST,ratio,order,9.0,ACTUAL,VNSTOCK_BRONZE
SPC,LATEST,ratio,level,2.0,ACTUAL,VNSTOCK_BRONZE
SPC,LATEST,ratio,order,10.0,ACTUAL,VNSTOCK_BRONZE
SPC,LATEST,ratio,level,2.0,ACTUAL,VNSTOCK_BRONZE
SPC,LATEST,ratio,order,11.0,ACTUAL,VNSTOCK_BRONZE
SPC,LATEST,ratio,level,2.0,ACTUAL,VNSTOCK_BRONZE
SPC,LATEST,ratio,order,12.0,ACTUAL,VNSTOCK_BRONZE
SPC,LATEST,ratio,level,2.0,ACTUAL,VNSTOCK_BRONZE
SPC,LATEST,ratio,value,-3020865064.0,ACTUAL,VNSTOCK_BRONZE
SPC,LATEST,ratio,order,13.0,ACTUAL,VNSTOCK_BRONZE
SPC,LATEST,ratio,level,2.0,ACTUAL,VNSTOCK_BRONZE
SPC,LATEST,ratio,value,4279354324.0,ACTUAL,VNSTOCK_BRONZE
SPC,LATEST,ratio,order,14.0,ACTUAL,VNSTOCK_BRONZE
SPC,LATEST,ratio,level,2.0,ACTUAL,VNSTOCK_BRONZE
SPC,LATEST,ratio,value,0.0074182306,ACTUAL,VNSTOCK_BRONZE
SPC,LATEST,ratio,order,15.0,ACTUAL,VNSTOCK_BRONZE
SPC,LATEST,ratio,level,2.0,ACTUAL,VNSTOCK_BRONZE
SPC,LATEST,ratio,value,10530000.0,ACTUAL,VNSTOCK_BRONZE
SPC,LATEST,ratio,order,16.0,ACTUAL,VNSTOCK_BRONZE
SPC,LATEST,ratio,level,1.0,ACTUAL,VNSTOCK_BRONZE
SPC,LATEST,ratio,order,17.0,ACTUAL,VNSTOCK_BRONZE
SPC,LATEST,ratio,level,2.0,ACTUAL,VNSTOCK_BRONZE
SPC,LATEST,ratio,value,-0.2873147097,ACTUAL,VNSTOCK_BRONZE
SPC,LATEST,ratio,order,18.0,ACTUAL,VNSTOCK_BRONZE
SPC,LATEST,ratio,level,2.0,ACTUAL,VNSTOCK_BRONZE
SPC,LATEST,ratio,value,-0.0826081453,ACTUAL,VNSTOCK_BRONZE
SPC,LATEST,ratio,order,19.0,ACTUAL,VNSTOCK_BRONZE
SPC,LATEST,ratio,level,2.0,ACTUAL,VNSTOCK_BRONZE
SPC,LATEST,ratio,value,-0.01018342,ACTUAL,VNSTOCK_BRONZE
SPC,LATEST,ratio,order,20.0,ACTUAL,VNSTOCK_BRONZE
SPC,LATEST,ratio,level,2.0,ACTUAL,VNSTOCK_BRONZE
SPC,LATEST,ratio,value,0.1489895299,ACTUAL,VNSTOCK_BRONZE
SPC,LATEST,ratio,order,21.0,ACTUAL,VNSTOCK_BRONZE
SPC,LATEST,ratio,level,2.0,ACTUAL,VNSTOCK_BRONZE
SPC,LATEST,ratio,value,-0.002946428,ACTUAL,VNSTOCK_BRONZE
SPC,LATEST,ratio,order,22.0,ACTUAL,VNSTOCK_BRONZE
SPC,LATEST,ratio,level,2.0,ACTUAL,VNSTOCK_BRONZE
SPC,LATEST,ratio,value,-0.0375509734,ACTUAL,VNSTOCK_BRONZE
SPC,LATEST,ratio,order,23.0,ACTUAL,VNSTOCK_BRONZE
SPC,LATEST,ratio,level,2.0,ACTUAL,VNSTOCK_BRONZE
SPC,LATEST,ratio,value,-0.0430887125,ACTUAL,VNSTOCK_BRONZE
SPC,LATEST,ratio,order,24.0,ACTUAL,VNSTOCK_BRONZE
SPC,LATEST,ratio,level,2.0,ACTUAL,VNSTOCK_BRONZE
SPC,LATEST,ratio,value,1.9724530973,ACTUAL,VNSTOCK_BRONZE
SPC,LATEST,ratio,order,25.0,ACTUAL,VNSTOCK_BRONZE
SPC,LATEST,ratio,level,2.0,ACTUAL,VNSTOCK_BRONZE
SPC,LATEST,ratio,value,33.0179928798,ACTUAL,VNSTOCK_BRONZE
SPC,LATEST,ratio,order,26.0,ACTUAL,VNSTOCK_BRONZE
SPC,LATEST,ratio,level,2.0,ACTUAL,VNSTOCK_BRONZE
SPC,LATEST,ratio,value,73.1370066006,ACTUAL,VNSTOCK_BRONZE
SPC,LATEST,ratio,order,27.0,ACTUAL,VNSTOCK_BRONZE
SPC,LATEST,ratio,level,2.0,ACTUAL,VNSTOCK_BRONZE
SPC,LATEST,ratio,value,94.9496482905,ACTUAL,VNSTOCK_BRONZE
SPC,LATEST,ratio,order,28.0,ACTUAL,VNSTOCK_BRONZE
SPC,LATEST,ratio,level,2.0,ACTUAL,VNSTOCK_BRONZE
SPC,LATEST,ratio,value,74.4285091146,ACTUAL,VNSTOCK_BRONZE
SPC,LATEST,ratio,order,29.0,ACTUAL,VNSTOCK_BRONZE
SPC,LATEST,ratio,level,2.0,ACTUAL,VNSTOCK_BRONZE
SPC,LATEST,ratio,value,236.495863078,ACTUAL,VNSTOCK_BRONZE
SPC,LATEST,ratio,order,30.0,ACTUAL,VNSTOCK_BRONZE
SPC,LATEST,ratio,level,1.0,ACTUAL,VNSTOCK_BRONZE
SPC,LATEST,ratio,order,31.0,ACTUAL,VNSTOCK_BRONZE
SPC,LATEST,ratio,level,2.0,ACTUAL,VNSTOCK_BRONZE
SPC,LATEST,ratio,value,1.2678439777,ACTUAL,VNSTOCK_BRONZE
SPC,LATEST,ratio,order,32.0,ACTUAL,VNSTOCK_BRONZE
SPC,LATEST,ratio,level,2.0,ACTUAL,VNSTOCK_BRONZE
SPC,LATEST,ratio,value,0.6734231261,ACTUAL,VNSTOCK_BRONZE
SPC,LATEST,ratio,order,33.0,ACTUAL,VNSTOCK_BRONZE
SPC,LATEST,ratio,level,2.0,ACTUAL,VNSTOCK_BRONZE
SPC,LATEST,ratio,value,0.080864535,ACTUAL,VNSTOCK_BRONZE
SPC,LATEST,ratio,order,34.0,ACTUAL,VNSTOCK_BRONZE
SPC,LATEST,ratio,level,2.0,ACTUAL,VNSTOCK_BRONZE
SPC,LATEST,ratio,order,35.0,ACTUAL,VNSTOCK_BRONZE
SPC,LATEST,ratio,level,2.0,ACTUAL,VNSTOCK_BRONZE
SPC,LATEST,ratio,order,36.0,ACTUAL,VNSTOCK_BRONZE
SPC,LATEST,ratio,level,2.0,ACTUAL,VNSTOCK_BRONZE
SPC,LATEST,ratio,order,37.0,ACTUAL,VNSTOCK_BRONZE
SPC,LATEST,ratio,level,2.0,ACTUAL,VNSTOCK_BRONZE
SPC,LATEST,ratio,order,38.0,ACTUAL,VNSTOCK_BRONZE
SPC,LATEST,ratio,level,1.0,ACTUAL,VNSTOCK_BRONZE
SPC,LATEST,ratio,order,39.0,ACTUAL,VNSTOCK_BRONZE
SPC,LATEST,ratio,level,2.0,ACTUAL,VNSTOCK_BRONZE
SPC,LATEST,ratio,value,2.4679835493,ACTUAL,VNSTOCK_BRONZE
SPC,LATEST,ratio,order,40.0,ACTUAL,VNSTOCK_BRONZE
SPC,LATEST,ratio,level,2.0,ACTUAL,VNSTOCK_BRONZE
SPC,LATEST,ratio,value,1.005391022,ACTUAL,VNSTOCK_BRONZE
SPC,LATEST,ratio,order,41.0,ACTUAL,VNSTOCK_BRONZE
SPC,LATEST,ratio,level,2.0,ACTUAL,VNSTOCK_BRONZE
SPC,LATEST,ratio,order,42.0,ACTUAL,VNSTOCK_BRONZE
SPC,LATEST,ratio,level,2.0,ACTUAL,VNSTOCK_BRONZE
SPC,LATEST,ratio,value,2.4679835493,ACTUAL,VNSTOCK_BRONZE
SPC,LATEST,ratio,order,43.0,ACTUAL,VNSTOCK_BRONZE
SPC,LATEST,ratio,level,2.0,ACTUAL,VNSTOCK_BRONZE
SPC,LATEST,ratio,value,0.0,ACTUAL,VNSTOCK_BRONZE
SPC,LATEST,ratio,order,44.0,ACTUAL,VNSTOCK_BRONZE
SPC,LATEST,ratio,level,2.0,ACTUAL,VNSTOCK_BRONZE
SPC,LATEST,ratio,value,0.0,ACTUAL,VNSTOCK_BRONZE
SPC,LATEST,ratio,order,45.0,ACTUAL,VNSTOCK_BRONZE
SPC,LATEST,ratio,level,1.0,ACTUAL,VNSTOCK_BRONZE
SPC,LATEST,ratio,order,46.0,ACTUAL,VNSTOCK_BRONZE
SPC,LATEST,ratio,level,2.0,ACTUAL,VNSTOCK_BRONZE
SPC,LATEST,ratio,value,0.0,ACTUAL,VNSTOCK_BRONZE
SPC,LATEST,ratio,order,47.0,ACTUAL,VNSTOCK_BRONZE
SPC,LATEST,ratio,level,2.0,ACTUAL,VNSTOCK_BRONZE
SPC,LATEST,ratio,value,0.0,ACTUAL,VNSTOCK_BRONZE
SPC,LATEST,ratio,order,48.0,ACTUAL,VNSTOCK_BRONZE
SPC,LATEST,ratio,level,2.0,ACTUAL,VNSTOCK_BRONZE
SPC,LATEST,ratio,value,0.0,ACTUAL,VNSTOCK_BRONZE
SPC,LATEST,ratio,order,49.0,ACTUAL,VNSTOCK_BRONZE
SPC,LATEST,ratio,level,2.0,ACTUAL,VNSTOCK_BRONZE
SPC,LATEST,ratio,value,0.0,ACTUAL,VNSTOCK_BRONZE
SPC,LATEST,ratio,order,50.0,ACTUAL,VNSTOCK_BRONZE
SPC,LATEST,ratio,level,2.0,ACTUAL,VNSTOCK_BRONZE
SPC,LATEST,ratio,value,0.0,ACTUAL,VNSTOCK_BRONZE
SPC,LATEST,ratio,order,51.0,ACTUAL,VNSTOCK_BRONZE
SPC,LATEST,ratio,level,2.0,ACTUAL,VNSTOCK_BRONZE
SPC,LATEST,ratio,value,0.0,ACTUAL,VNSTOCK_BRONZE
SPC,LATEST,ratio,order,52.0,ACTUAL,VNSTOCK_BRONZE
SPC,LATEST,ratio,level,2.0,ACTUAL,VNSTOCK_BRONZE
SPC,LATEST,ratio,value,0.0,ACTUAL,VNSTOCK_BRONZE
SPC,LATEST,ratio,order,53.0,ACTUAL,VNSTOCK_BRONZE
SPC,LATEST,ratio,level,2.0,ACTUAL,VNSTOCK_BRONZE
SPC,LATEST,ratio,value,0.0,ACTUAL,VNSTOCK_BRONZE
SPC,LATEST,ratio,order,54.0,ACTUAL,VNSTOCK_BRONZE
SPC,LATEST,ratio,level,2.0,ACTUAL,VNSTOCK_BRONZE
SPC,LATEST,ratio,value,0.0,ACTUAL,VNSTOCK_BRONZE
SPC,LATEST,ratio,order,55.0,ACTUAL,VNSTOCK_BRONZE
SPC,LATEST,ratio,level,2.0,ACTUAL,VNSTOCK_BRONZE
SPC,LATEST,ratio,value,0.0,ACTUAL,VNSTOCK_BRONZE
SPC,LATEST,ratio,order,56.0,ACTUAL,VNSTOCK_BRONZE
SPC,LATEST,ratio,level,2.0,ACTUAL,VNSTOCK_BRONZE
SPC,LATEST,ratio,value,0.0,ACTUAL,VNSTOCK_BRONZE
SPC,LATEST,ratio,order,57.0,ACTUAL,VNSTOCK_BRONZE
SPC,LATEST,ratio,level,2.0,ACTUAL,VNSTOCK_BRONZE
SPC,LATEST,ratio,order,58.0,ACTUAL,VNSTOCK_BRONZE
SPC,LATEST,ratio,level,2.0,ACTUAL,VNSTOCK_BRONZE
SPC,LATEST,ratio,order,59.0,ACTUAL,VNSTOCK_BRONZE
SPC,LATEST,ratio,level,2.0,ACTUAL,VNSTOCK_BRONZE
SPC,LATEST,ratio,value,0.0,ACTUAL,VNSTOCK_BRONZE
SPC,LATEST,ratio,order,60.0,ACTUAL,VNSTOCK_BRONZE
SPC,LATEST,ratio,level,2.0,ACTUAL,VNSTOCK_BRONZE
SPC,LATEST,ratio,value,0.0,ACTUAL,VNSTOCK_BRONZE
SPC,LATEST,ratio,order,1.0,ACTUAL,VNSTOCK_BRONZE
SPC,LATEST,ratio,level,1.0,ACTUAL,VNSTOCK_BRONZE
SPC,LATEST,ratio,order,2.0,ACTUAL,VNSTOCK_BRONZE
SPC,LATEST,ratio,level,2.0,ACTUAL,VNSTOCK_BRONZE
SPC,LATEST,ratio,value,-2.7867615681,ACTUAL,VNSTOCK_BRONZE
SPC,LATEST,ratio,order,3.0,ACTUAL,VNSTOCK_BRONZE
SPC,LATEST,ratio,level,2.0,ACTUAL,VNSTOCK_BRONZE
SPC,LATEST,ratio,value,0.6582043044,ACTUAL,VNSTOCK_BRONZE
SPC,LATEST,ratio,order,4.0,ACTUAL,VNSTOCK_BRONZE
SPC,LATEST,ratio,level,2.0,ACTUAL,VNSTOCK_BRONZE
SPC,LATEST,ratio,value,0.0915571242,ACTUAL,VNSTOCK_BRONZE
SPC,LATEST,ratio,order,5.0,ACTUAL,VNSTOCK_BRONZE
SPC,LATEST,ratio,level,2.0,ACTUAL,VNSTOCK_BRONZE
SPC,LATEST,ratio,value,2.6926436302,ACTUAL,VNSTOCK_BRONZE
SPC,LATEST,ratio,order,6.0,ACTUAL,VNSTOCK_BRONZE
SPC,LATEST,ratio,level,2.0,ACTUAL,VNSTOCK_BRONZE
SPC,LATEST,ratio,value,15.1666204031,ACTUAL,VNSTOCK_BRONZE
SPC,LATEST,ratio,order,7.0,ACTUAL,VNSTOCK_BRONZE
SPC,LATEST,ratio,level,2.0,ACTUAL,VNSTOCK_BRONZE
SPC,LATEST,ratio,value,0.0,ACTUAL,VNSTOCK_BRONZE
SPC,LATEST,ratio,order,8.0,ACTUAL,VNSTOCK_BRONZE
SPC,LATEST,ratio,level,2.0,ACTUAL,VNSTOCK_BRONZE
SPC,LATEST,ratio,value,95823000000.0,ACTUAL,VNSTOCK_BRONZE
SPC,LATEST,ratio,order,9.0,ACTUAL,VNSTOCK_BRONZE
SPC,LATEST,ratio,level,2.0,ACTUAL,VNSTOCK_BRONZE
SPC,LATEST,ratio,order,10.0,ACTUAL,VNSTOCK_BRONZE
SPC,LATEST,ratio,level,2.0,ACTUAL,VNSTOCK_BRONZE
SPC,LATEST,ratio,order,11.0,ACTUAL,VNSTOCK_BRONZE
SPC,LATEST,ratio,level,2.0,ACTUAL,VNSTOCK_BRONZE
SPC,LATEST,ratio,order,12.0,ACTUAL,VNSTOCK_BRONZE
SPC,LATEST,ratio,level,2.0,ACTUAL,VNSTOCK_BRONZE
SPC,LATEST,ratio,value,8538896254.0,ACTUAL,VNSTOCK_BRONZE
SPC,LATEST,ratio,order,13.0,ACTUAL,VNSTOCK_BRONZE
SPC,LATEST,ratio,level,2.0,ACTUAL,VNSTOCK_BRONZE
SPC,LATEST,ratio,value,15744408990.0,ACTUAL,VNSTOCK_BRONZE
SPC,LATEST,ratio,order,14.0,ACTUAL,VNSTOCK_BRONZE
SPC,LATEST,ratio,level,2.0,ACTUAL,VNSTOCK_BRONZE
SPC,LATEST,ratio,value,0.010886376,ACTUAL,VNSTOCK_BRONZE
SPC,LATEST,ratio,order,15.0,ACTUAL,VNSTOCK_BRONZE
SPC,LATEST,ratio,level,2.0,ACTUAL,VNSTOCK_BRONZE
SPC,LATEST,ratio,value,10530000.0,ACTUAL,VNSTOCK_BRONZE
SPC,LATEST,ratio,order,16.0,ACTUAL,VNSTOCK_BRONZE
SPC,LATEST,ratio,level,1.0,ACTUAL,VNSTOCK_BRONZE
SPC,LATEST,ratio,order,17.0,ACTUAL,VNSTOCK_BRONZE
SPC,LATEST,ratio,level,2.0,ACTUAL,VNSTOCK_BRONZE
SPC,LATEST,ratio,value,-0.2114002041,ACTUAL,VNSTOCK_BRONZE
SPC,LATEST,ratio,order,18.0,ACTUAL,VNSTOCK_BRONZE
SPC,LATEST,ratio,level,2.0,ACTUAL,VNSTOCK_BRONZE
SPC,LATEST,ratio,value,-0.0659535567,ACTUAL,VNSTOCK_BRONZE
SPC,LATEST,ratio,order,19.0,ACTUAL,VNSTOCK_BRONZE
SPC,LATEST,ratio,level,2.0,ACTUAL,VNSTOCK_BRONZE
SPC,LATEST,ratio,value,0.0279667928,ACTUAL,VNSTOCK_BRONZE
SPC,LATEST,ratio,order,20.0,ACTUAL,VNSTOCK_BRONZE
SPC,LATEST,ratio,level,2.0,ACTUAL,VNSTOCK_BRONZE
SPC,LATEST,ratio,value,0.1580630523,ACTUAL,VNSTOCK_BRONZE
SPC,LATEST,ratio,order,21.0,ACTUAL,VNSTOCK_BRONZE
SPC,LATEST,ratio,level,2.0,ACTUAL,VNSTOCK_BRONZE
SPC,LATEST,ratio,value,0.0081587592,ACTUAL,VNSTOCK_BRONZE
SPC,LATEST,ratio,order,22.0,ACTUAL,VNSTOCK_BRONZE
SPC,LATEST,ratio,level,2.0,ACTUAL,VNSTOCK_BRONZE
SPC,LATEST,ratio,value,-0.0290851082,ACTUAL,VNSTOCK_BRONZE
SPC,LATEST,ratio,order,23.0,ACTUAL,VNSTOCK_BRONZE
SPC,LATEST,ratio,level,2.0,ACTUAL,VNSTOCK_BRONZE
SPC,LATEST,ratio,value,-0.0344540344,ACTUAL,VNSTOCK_BRONZE
SPC,LATEST,ratio,order,24.0,ACTUAL,VNSTOCK_BRONZE
SPC,LATEST,ratio,level,2.0,ACTUAL,VNSTOCK_BRONZE
SPC,LATEST,ratio,value,2.0074553325,ACTUAL,VNSTOCK_BRONZE
SPC,LATEST,ratio,order,25.0,ACTUAL,VNSTOCK_BRONZE
SPC,LATEST,ratio,level,2.0,ACTUAL,VNSTOCK_BRONZE
SPC,LATEST,ratio,value,33.1997682327,ACTUAL,VNSTOCK_BRONZE
SPC,LATEST,ratio,order,26.0,ACTUAL,VNSTOCK_BRONZE
SPC,LATEST,ratio,level,2.0,ACTUAL,VNSTOCK_BRONZE
SPC,LATEST,ratio,value,66.7045255986,ACTUAL,VNSTOCK_BRONZE
SPC,LATEST,ratio,order,27.0,ACTUAL,VNSTOCK_BRONZE
SPC,LATEST,ratio,level,2.0,ACTUAL,VNSTOCK_BRONZE
SPC,LATEST,ratio,value,103.5605975874,ACTUAL,VNSTOCK_BRONZE
SPC,LATEST,ratio,order,28.0,ACTUAL,VNSTOCK_BRONZE
SPC,LATEST,ratio,level,2.0,ACTUAL,VNSTOCK_BRONZE
SPC,LATEST,ratio,value,68.3357018149,ACTUAL,VNSTOCK_BRONZE
SPC,LATEST,ratio,order,29.0,ACTUAL,VNSTOCK_BRONZE
SPC,LATEST,ratio,level,2.0,ACTUAL,VNSTOCK_BRONZE
SPC,LATEST,ratio,value,231.4517670227,ACTUAL,VNSTOCK_BRONZE
SPC,LATEST,ratio,order,30.0,ACTUAL,VNSTOCK_BRONZE
SPC,LATEST,ratio,level,1.0,ACTUAL,VNSTOCK_BRONZE
SPC,LATEST,ratio,order,31.0,ACTUAL,VNSTOCK_BRONZE
SPC,LATEST,ratio,level,2.0,ACTUAL,VNSTOCK_BRONZE
SPC,LATEST,ratio,value,1.2599269475,ACTUAL,VNSTOCK_BRONZE
SPC,LATEST,ratio,order,32.0,ACTUAL,VNSTOCK_BRONZE
SPC,LATEST,ratio,level,2.0,ACTUAL,VNSTOCK_BRONZE
SPC,LATEST,ratio,value,0.7051699979,ACTUAL,VNSTOCK_BRONZE
SPC,LATEST,ratio,order,33.0,ACTUAL,VNSTOCK_BRONZE
SPC,LATEST,ratio,level,2.0,ACTUAL,VNSTOCK_BRONZE
SPC,LATEST,ratio,value,0.0424721969,ACTUAL,VNSTOCK_BRONZE
SPC,LATEST,ratio,order,34.0,ACTUAL,VNSTOCK_BRONZE
SPC,LATEST,ratio,level,2.0,ACTUAL,VNSTOCK_BRONZE
SPC,LATEST,ratio,order,35.0,ACTUAL,VNSTOCK_BRONZE
SPC,LATEST,ratio,level,2.0,ACTUAL,VNSTOCK_BRONZE
SPC,LATEST,ratio,order,36.0,ACTUAL,VNSTOCK_BRONZE
SPC,LATEST,ratio,level,2.0,ACTUAL,VNSTOCK_BRONZE
SPC,LATEST,ratio,order,37.0,ACTUAL,VNSTOCK_BRONZE
SPC,LATEST,ratio,level,2.0,ACTUAL,VNSTOCK_BRONZE
SPC,LATEST,ratio,order,38.0,ACTUAL,VNSTOCK_BRONZE
SPC,LATEST,ratio,level,1.0,ACTUAL,VNSTOCK_BRONZE
SPC,LATEST,ratio,order,39.0,ACTUAL,VNSTOCK_BRONZE
SPC,LATEST,ratio,level,2.0,ACTUAL,VNSTOCK_BRONZE
SPC,LATEST,ratio,value,2.5858755884,ACTUAL,VNSTOCK_BRONZE
SPC,LATEST,ratio,order,40.0,ACTUAL,VNSTOCK_BRONZE
SPC,LATEST,ratio,level,2.0,ACTUAL,VNSTOCK_BRONZE
SPC,LATEST,ratio,value,0.9568449297,ACTUAL,VNSTOCK_BRONZE
SPC,LATEST,ratio,order,41.0,ACTUAL,VNSTOCK_BRONZE
SPC,LATEST,ratio,level,2.0,ACTUAL,VNSTOCK_BRONZE
SPC,LATEST,ratio,order,42.0,ACTUAL,VNSTOCK_BRONZE
SPC,LATEST,ratio,level,2.0,ACTUAL,VNSTOCK_BRONZE
SPC,LATEST,ratio,value,2.5858755884,ACTUAL,VNSTOCK_BRONZE
SPC,LATEST,ratio,order,43.0,ACTUAL,VNSTOCK_BRONZE
SPC,LATEST,ratio,level,2.0,ACTUAL,VNSTOCK_BRONZE
SPC,LATEST,ratio,value,0.0,ACTUAL,VNSTOCK_BRONZE
SPC,LATEST,ratio,order,44.0,ACTUAL,VNSTOCK_BRONZE
SPC,LATEST,ratio,level,2.0,ACTUAL,VNSTOCK_BRONZE
SPC,LATEST,ratio,value,0.0,ACTUAL,VNSTOCK_BRONZE
SPC,LATEST,ratio,order,45.0,ACTUAL,VNSTOCK_BRONZE
SPC,LATEST,ratio,level,1.0,ACTUAL,VNSTOCK_BRONZE
SPC,LATEST,ratio,order,46.0,ACTUAL,VNSTOCK_BRONZE
SPC,LATEST,ratio,level,2.0,ACTUAL,VNSTOCK_BRONZE
SPC,LATEST,ratio,value,0.0,ACTUAL,VNSTOCK_BRONZE
SPC,LATEST,ratio,order,47.0,ACTUAL,VNSTOCK_BRONZE
SPC,LATEST,ratio,level,2.0,ACTUAL,VNSTOCK_BRONZE
SPC,LATEST,ratio,value,0.0,ACTUAL,VNSTOCK_BRONZE
SPC,LATEST,ratio,order,48.0,ACTUAL,VNSTOCK_BRONZE
SPC,LATEST,ratio,level,2.0,ACTUAL,VNSTOCK_BRONZE
SPC,LATEST,ratio,value,0.0,ACTUAL,VNSTOCK_BRONZE
SPC,LATEST,ratio,order,49.0,ACTUAL,VNSTOCK_BRONZE
SPC,LATEST,ratio,level,2.0,ACTUAL,VNSTOCK_BRONZE
SPC,LATEST,ratio,value,0.0,ACTUAL,VNSTOCK_BRONZE
SPC,LATEST,ratio,order,50.0,ACTUAL,VNSTOCK_BRONZE
SPC,LATEST,ratio,level,2.0,ACTUAL,VNSTOCK_BRONZE
SPC,LATEST,ratio,value,0.0,ACTUAL,VNSTOCK_BRONZE
SPC,LATEST,ratio,order,51.0,ACTUAL,VNSTOCK_BRONZE
SPC,LATEST,ratio,level,2.0,ACTUAL,VNSTOCK_BRONZE
SPC,LATEST,ratio,value,0.0,ACTUAL,VNSTOCK_BRONZE
SPC,LATEST,ratio,order,52.0,ACTUAL,VNSTOCK_BRONZE
SPC,LATEST,ratio,level,2.0,ACTUAL,VNSTOCK_BRONZE
SPC,LATEST,ratio,value,0.0,ACTUAL,VNSTOCK_BRONZE
SPC,LATEST,ratio,order,53.0,ACTUAL,VNSTOCK_BRONZE
SPC,LATEST,ratio,level,2.0,ACTUAL,VNSTOCK_BRONZE
SPC,LATEST,ratio,value,0.0,ACTUAL,VNSTOCK_BRONZE
SPC,LATEST,ratio,order,54.0,ACTUAL,VNSTOCK_BRONZE
SPC,LATEST,ratio,level,2.0,ACTUAL,VNSTOCK_BRONZE
SPC,LATEST,ratio,value,0.0,ACTUAL,VNSTOCK_BRONZE
SPC,LATEST,ratio,order,55.0,ACTUAL,VNSTOCK_BRONZE
SPC,LATEST,ratio,level,2.0,ACTUAL,VNSTOCK_BRONZE
SPC,LATEST,ratio,value,0.0,ACTUAL,VNSTOCK_BRONZE
SPC,LATEST,ratio,order,56.0,ACTUAL,VNSTOCK_BRONZE
SPC,LATEST,ratio,level,2.0,ACTUAL,VNSTOCK_BRONZE
SPC,LATEST,ratio,value,0.0,ACTUAL,VNSTOCK_BRONZE
SPC,LATEST,ratio,order,57.0,ACTUAL,VNSTOCK_BRONZE
SPC,LATEST,ratio,level,2.0,ACTUAL,VNSTOCK_BRONZE
SPC,LATEST,ratio,order,58.0,ACTUAL,VNSTOCK_BRONZE
SPC,LATEST,ratio,level,2.0,ACTUAL,VNSTOCK_BRONZE
SPC,LATEST,ratio,order,59.0,ACTUAL,VNSTOCK_BRONZE
SPC,LATEST,ratio,level,2.0,ACTUAL,VNSTOCK_BRONZE
SPC,LATEST,ratio,value,0.0,ACTUAL,VNSTOCK_BRONZE
SPC,LATEST,ratio,order,60.0,ACTUAL,VNSTOCK_BRONZE
SPC,LATEST,ratio,level,2.0,ACTUAL,VNSTOCK_BRONZE
SPC,LATEST,ratio,value,0.0,ACTUAL,VNSTOCK_BRONZE
SPC,LATEST,ratio,order,1.0,ACTUAL,VNSTOCK_BRONZE
SPC,LATEST,ratio,level,1.0,ACTUAL,VNSTOCK_BRONZE
SPC,LATEST,ratio,order,2.0,ACTUAL,VNSTOCK_BRONZE
SPC,LATEST,ratio,level,2.0,ACTUAL,VNSTOCK_BRONZE
SPC,LATEST,ratio,value,-3.6482083169,ACTUAL,VNSTOCK_BRONZE
SPC,LATEST,ratio,order,3.0,ACTUAL,VNSTOCK_BRONZE
SPC,LATEST,ratio,level,2.0,ACTUAL,VNSTOCK_BRONZE
SPC,LATEST,ratio,value,0.7614151745,ACTUAL,VNSTOCK_BRONZE
SPC,LATEST,ratio,order,4.0,ACTUAL,VNSTOCK_BRONZE
SPC,LATEST,ratio,level,2.0,ACTUAL,VNSTOCK_BRONZE
SPC,LATEST,ratio,value,0.1165522472,ACTUAL,VNSTOCK_BRONZE
SPC,LATEST,ratio,order,5.0,ACTUAL,VNSTOCK_BRONZE
SPC,LATEST,ratio,level,2.0,ACTUAL,VNSTOCK_BRONZE
SPC,LATEST,ratio,value,1.2213551595,ACTUAL,VNSTOCK_BRONZE
SPC,LATEST,ratio,order,6.0,ACTUAL,VNSTOCK_BRONZE
SPC,LATEST,ratio,level,2.0,ACTUAL,VNSTOCK_BRONZE
SPC,LATEST,ratio,value,47.6164723342,ACTUAL,VNSTOCK_BRONZE
SPC,LATEST,ratio,order,7.0,ACTUAL,VNSTOCK_BRONZE
SPC,LATEST,ratio,level,2.0,ACTUAL,VNSTOCK_BRONZE
SPC,LATEST,ratio,value,0.0,ACTUAL,VNSTOCK_BRONZE
SPC,LATEST,ratio,order,8.0,ACTUAL,VNSTOCK_BRONZE
SPC,LATEST,ratio,level,2.0,ACTUAL,VNSTOCK_BRONZE
SPC,LATEST,ratio,value,122148000000.0,ACTUAL,VNSTOCK_BRONZE
SPC,LATEST,ratio,order,9.0,ACTUAL,VNSTOCK_BRONZE
SPC,LATEST,ratio,level,2.0,ACTUAL,VNSTOCK_BRONZE
SPC,LATEST,ratio,order,10.0,ACTUAL,VNSTOCK_BRONZE
SPC,LATEST,ratio,level,2.0,ACTUAL,VNSTOCK_BRONZE
SPC,LATEST,ratio,order,11.0,ACTUAL,VNSTOCK_BRONZE
SPC,LATEST,ratio,level,2.0,ACTUAL,VNSTOCK_BRONZE
SPC,LATEST,ratio,order,12.0,ACTUAL,VNSTOCK_BRONZE
SPC,LATEST,ratio,level,2.0,ACTUAL,VNSTOCK_BRONZE
SPC,LATEST,ratio,value,-856518506.0,ACTUAL,VNSTOCK_BRONZE
SPC,LATEST,ratio,order,13.0,ACTUAL,VNSTOCK_BRONZE
SPC,LATEST,ratio,level,2.0,ACTUAL,VNSTOCK_BRONZE
SPC,LATEST,ratio,value,4918802895.0,ACTUAL,VNSTOCK_BRONZE
SPC,LATEST,ratio,order,14.0,ACTUAL,VNSTOCK_BRONZE
SPC,LATEST,ratio,level,2.0,ACTUAL,VNSTOCK_BRONZE
SPC,LATEST,ratio,value,0.0099353533,ACTUAL,VNSTOCK_BRONZE
SPC,LATEST,ratio,order,15.0,ACTUAL,VNSTOCK_BRONZE
SPC,LATEST,ratio,level,2.0,ACTUAL,VNSTOCK_BRONZE
SPC,LATEST,ratio,value,10530000.0,ACTUAL,VNSTOCK_BRONZE
SPC,LATEST,ratio,order,16.0,ACTUAL,VNSTOCK_BRONZE
SPC,LATEST,ratio,level,1.0,ACTUAL,VNSTOCK_BRONZE
SPC,LATEST,ratio,order,17.0,ACTUAL,VNSTOCK_BRONZE
SPC,LATEST,ratio,level,2.0,ACTUAL,VNSTOCK_BRONZE
SPC,LATEST,ratio,value,-0.1715803926,ACTUAL,VNSTOCK_BRONZE
SPC,LATEST,ratio,order,18.0,ACTUAL,VNSTOCK_BRONZE
SPC,LATEST,ratio,level,2.0,ACTUAL,VNSTOCK_BRONZE
SPC,LATEST,ratio,value,-0.0566699037,ACTUAL,VNSTOCK_BRONZE
SPC,LATEST,ratio,order,19.0,ACTUAL,VNSTOCK_BRONZE
SPC,LATEST,ratio,level,2.0,ACTUAL,VNSTOCK_BRONZE
SPC,LATEST,ratio,value,-0.0029650465,ACTUAL,VNSTOCK_BRONZE
SPC,LATEST,ratio,order,20.0,ACTUAL,VNSTOCK_BRONZE
SPC,LATEST,ratio,level,2.0,ACTUAL,VNSTOCK_BRONZE
SPC,LATEST,ratio,value,0.1512105795,ACTUAL,VNSTOCK_BRONZE
SPC,LATEST,ratio,order,21.0,ACTUAL,VNSTOCK_BRONZE
SPC,LATEST,ratio,level,2.0,ACTUAL,VNSTOCK_BRONZE
SPC,LATEST,ratio,value,-0.0008172803,ACTUAL,VNSTOCK_BRONZE
SPC,LATEST,ratio,order,22.0,ACTUAL,VNSTOCK_BRONZE
SPC,LATEST,ratio,level,2.0,ACTUAL,VNSTOCK_BRONZE
SPC,LATEST,ratio,value,-0.0367393495,ACTUAL,VNSTOCK_BRONZE
SPC,LATEST,ratio,order,23.0,ACTUAL,VNSTOCK_BRONZE
SPC,LATEST,ratio,level,2.0,ACTUAL,VNSTOCK_BRONZE
SPC,LATEST,ratio,value,-0.0316170887,ACTUAL,VNSTOCK_BRONZE
SPC,LATEST,ratio,order,24.0,ACTUAL,VNSTOCK_BRONZE
SPC,LATEST,ratio,level,2.0,ACTUAL,VNSTOCK_BRONZE
SPC,LATEST,ratio,value,1.7738277807,ACTUAL,VNSTOCK_BRONZE
SPC,LATEST,ratio,order,25.0,ACTUAL,VNSTOCK_BRONZE
SPC,LATEST,ratio,level,2.0,ACTUAL,VNSTOCK_BRONZE
SPC,LATEST,ratio,value,32.2227086945,ACTUAL,VNSTOCK_BRONZE
SPC,LATEST,ratio,order,26.0,ACTUAL,VNSTOCK_BRONZE
SPC,LATEST,ratio,level,2.0,ACTUAL,VNSTOCK_BRONZE
SPC,LATEST,ratio,value,68.6682924718,ACTUAL,VNSTOCK_BRONZE
SPC,LATEST,ratio,order,27.0,ACTUAL,VNSTOCK_BRONZE
SPC,LATEST,ratio,level,2.0,ACTUAL,VNSTOCK_BRONZE
SPC,LATEST,ratio,value,123.7062801264,ACTUAL,VNSTOCK_BRONZE
SPC,LATEST,ratio,order,28.0,ACTUAL,VNSTOCK_BRONZE
SPC,LATEST,ratio,level,2.0,ACTUAL,VNSTOCK_BRONZE
SPC,LATEST,ratio,value,75.7998148044,ACTUAL,VNSTOCK_BRONZE
SPC,LATEST,ratio,order,29.0,ACTUAL,VNSTOCK_BRONZE
SPC,LATEST,ratio,level,2.0,ACTUAL,VNSTOCK_BRONZE
SPC,LATEST,ratio,value,263.8880503984,ACTUAL,VNSTOCK_BRONZE
SPC,LATEST,ratio,order,30.0,ACTUAL,VNSTOCK_BRONZE
SPC,LATEST,ratio,level,1.0,ACTUAL,VNSTOCK_BRONZE
SPC,LATEST,ratio,order,31.0,ACTUAL,VNSTOCK_BRONZE
SPC,LATEST,ratio,level,2.0,ACTUAL,VNSTOCK_BRONZE
SPC,LATEST,ratio,value,1.3304677856,ACTUAL,VNSTOCK_BRONZE
SPC,LATEST,ratio,order,32.0,ACTUAL,VNSTOCK_BRONZE
SPC,LATEST,ratio,level,2.0,ACTUAL,VNSTOCK_BRONZE
SPC,LATEST,ratio,value,0.7448119519,ACTUAL,VNSTOCK_BRONZE
SPC,LATEST,ratio,order,33.0,ACTUAL,VNSTOCK_BRONZE
SPC,LATEST,ratio,level,2.0,ACTUAL,VNSTOCK_BRONZE
SPC,LATEST,ratio,value,0.0704432667,ACTUAL,VNSTOCK_BRONZE
SPC,LATEST,ratio,order,34.0,ACTUAL,VNSTOCK_BRONZE
SPC,LATEST,ratio,level,2.0,ACTUAL,VNSTOCK_BRONZE
SPC,LATEST,ratio,order,35.0,ACTUAL,VNSTOCK_BRONZE
SPC,LATEST,ratio,level,2.0,ACTUAL,VNSTOCK_BRONZE
SPC,LATEST,ratio,order,36.0,ACTUAL,VNSTOCK_BRONZE
SPC,LATEST,ratio,level,2.0,ACTUAL,VNSTOCK_BRONZE
SPC,LATEST,ratio,order,37.0,ACTUAL,VNSTOCK_BRONZE
SPC,LATEST,ratio,level,2.0,ACTUAL,VNSTOCK_BRONZE
SPC,LATEST,ratio,order,38.0,ACTUAL,VNSTOCK_BRONZE
SPC,LATEST,ratio,level,1.0,ACTUAL,VNSTOCK_BRONZE
SPC,LATEST,ratio,order,39.0,ACTUAL,VNSTOCK_BRONZE
SPC,LATEST,ratio,level,2.0,ACTUAL,VNSTOCK_BRONZE
SPC,LATEST,ratio,value,2.1090886654,ACTUAL,VNSTOCK_BRONZE
SPC,LATEST,ratio,order,40.0,ACTUAL,VNSTOCK_BRONZE
SPC,LATEST,ratio,level,2.0,ACTUAL,VNSTOCK_BRONZE
SPC,LATEST,ratio,value,0.6896725795,ACTUAL,VNSTOCK_BRONZE
SPC,LATEST,ratio,order,41.0,ACTUAL,VNSTOCK_BRONZE
SPC,LATEST,ratio,level,2.0,ACTUAL,VNSTOCK_BRONZE
SPC,LATEST,ratio,order,42.0,ACTUAL,VNSTOCK_BRONZE
SPC,LATEST,ratio,level,2.0,ACTUAL,VNSTOCK_BRONZE
SPC,LATEST,ratio,value,2.1090886654,ACTUAL,VNSTOCK_BRONZE
SPC,LATEST,ratio,order,43.0,ACTUAL,VNSTOCK_BRONZE
SPC,LATEST,ratio,level,2.0,ACTUAL,VNSTOCK_BRONZE
SPC,LATEST,ratio,value,0.0,ACTUAL,VNSTOCK_BRONZE
SPC,LATEST,ratio,order,44.0,ACTUAL,VNSTOCK_BRONZE
SPC,LATEST,ratio,level,2.0,ACTUAL,VNSTOCK_BRONZE
SPC,LATEST,ratio,value,0.0,ACTUAL,VNSTOCK_BRONZE
SPC,LATEST,ratio,order,45.0,ACTUAL,VNSTOCK_BRONZE
SPC,LATEST,ratio,level,1.0,ACTUAL,VNSTOCK_BRONZE
SPC,LATEST,ratio,order,46.0,ACTUAL,VNSTOCK_BRONZE
SPC,LATEST,ratio,level,2.0,ACTUAL,VNSTOCK_BRONZE
SPC,LATEST,ratio,value,0.0,ACTUAL,VNSTOCK_BRONZE
SPC,LATEST,ratio,order,47.0,ACTUAL,VNSTOCK_BRONZE
SPC,LATEST,ratio,level,2.0,ACTUAL,VNSTOCK_BRONZE
SPC,LATEST,ratio,value,0.0,ACTUAL,VNSTOCK_BRONZE
SPC,LATEST,ratio,order,48.0,ACTUAL,VNSTOCK_BRONZE
SPC,LATEST,ratio,level,2.0,ACTUAL,VNSTOCK_BRONZE
SPC,LATEST,ratio,value,0.0,ACTUAL,VNSTOCK_BRONZE
SPC,LATEST,ratio,order,49.0,ACTUAL,VNSTOCK_BRONZE
SPC,LATEST,ratio,level,2.0,ACTUAL,VNSTOCK_BRONZE
SPC,LATEST,ratio,value,0.0,ACTUAL,VNSTOCK_BRONZE
SPC,LATEST,ratio,order,50.0,ACTUAL,VNSTOCK_BRONZE
SPC,LATEST,ratio,level,2.0,ACTUAL,VNSTOCK_BRONZE
SPC,LATEST,ratio,value,0.0,ACTUAL,VNSTOCK_BRONZE
SPC,LATEST,ratio,order,51.0,ACTUAL,VNSTOCK_BRONZE
SPC,LATEST,ratio,level,2.0,ACTUAL,VNSTOCK_BRONZE
SPC,LATEST,ratio,value,0.0,ACTUAL,VNSTOCK_BRONZE
SPC,LATEST,ratio,order,52.0,ACTUAL,VNSTOCK_BRONZE
SPC,LATEST,ratio,level,2.0,ACTUAL,VNSTOCK_BRONZE
SPC,LATEST,ratio,value,0.0,ACTUAL,VNSTOCK_BRONZE
SPC,LATEST,ratio,order,53.0,ACTUAL,VNSTOCK_BRONZE
SPC,LATEST,ratio,level,2.0,ACTUAL,VNSTOCK_BRONZE
SPC,LATEST,ratio,value,0.0,ACTUAL,VNSTOCK_BRONZE
SPC,LATEST,ratio,order,54.0,ACTUAL,VNSTOCK_BRONZE
SPC,LATEST,ratio,level,2.0,ACTUAL,VNSTOCK_BRONZE
SPC,LATEST,ratio,value,0.0,ACTUAL,VNSTOCK_BRONZE
SPC,LATEST,ratio,order,55.0,ACTUAL,VNSTOCK_BRONZE
SPC,LATEST,ratio,level,2.0,ACTUAL,VNSTOCK_BRONZE
SPC,LATEST,ratio,value,0.0,ACTUAL,VNSTOCK_BRONZE
SPC,LATEST,ratio,order,56.0,ACTUAL,VNSTOCK_BRONZE
SPC,LATEST,ratio,level,2.0,ACTUAL,VNSTOCK_BRONZE
SPC,LATEST,ratio,value,0.0,ACTUAL,VNSTOCK_BRONZE
SPC,LATEST,ratio,order,57.0,ACTUAL,VNSTOCK_BRONZE
SPC,LATEST,ratio,level,2.0,ACTUAL,VNSTOCK_BRONZE
SPC,LATEST,ratio,order,58.0,ACTUAL,VNSTOCK_BRONZE
SPC,LATEST,ratio,level,2.0,ACTUAL,VNSTOCK_BRONZE
SPC,LATEST,ratio,order,59.0,ACTUAL,VNSTOCK_BRONZE
SPC,LATEST,ratio,level,2.0,ACTUAL,VNSTOCK_BRONZE
SPC,LATEST,ratio,value,0.0,ACTUAL,VNSTOCK_BRONZE
SPC,LATEST,ratio,order,60.0,ACTUAL,VNSTOCK_BRONZE
SPC,LATEST,ratio,level,2.0,ACTUAL,VNSTOCK_BRONZE
SPC,LATEST,ratio,value,0.0,ACTUAL,VNSTOCK_BRONZE
SPC,LATEST,ratio,order,1.0,ACTUAL,VNSTOCK_BRONZE
SPC,LATEST,ratio,level,1.0,ACTUAL,VNSTOCK_BRONZE
SPC,LATEST,ratio,order,2.0,ACTUAL,VNSTOCK_BRONZE
SPC,LATEST,ratio,level,2.0,ACTUAL,VNSTOCK_BRONZE
SPC,LATEST,ratio,value,-2.2852355629,ACTUAL,VNSTOCK_BRONZE
SPC,LATEST,ratio,order,3.0,ACTUAL,VNSTOCK_BRONZE
SPC,LATEST,ratio,level,2.0,ACTUAL,VNSTOCK_BRONZE
SPC,LATEST,ratio,value,0.8425682066,ACTUAL,VNSTOCK_BRONZE
SPC,LATEST,ratio,order,4.0,ACTUAL,VNSTOCK_BRONZE
SPC,LATEST,ratio,level,2.0,ACTUAL,VNSTOCK_BRONZE
SPC,LATEST,ratio,value,0.1309949426,ACTUAL,VNSTOCK_BRONZE
SPC,LATEST,ratio,order,5.0,ACTUAL,VNSTOCK_BRONZE
SPC,LATEST,ratio,level,2.0,ACTUAL,VNSTOCK_BRONZE
SPC,LATEST,ratio,value,-11.6944865184,ACTUAL,VNSTOCK_BRONZE
SPC,LATEST,ratio,order,6.0,ACTUAL,VNSTOCK_BRONZE
SPC,LATEST,ratio,level,2.0,ACTUAL,VNSTOCK_BRONZE
SPC,LATEST,ratio,value,-26.3783844896,ACTUAL,VNSTOCK_BRONZE
SPC,LATEST,ratio,order,7.0,ACTUAL,VNSTOCK_BRONZE
SPC,LATEST,ratio,level,2.0,ACTUAL,VNSTOCK_BRONZE
SPC,LATEST,ratio,value,0.0,ACTUAL,VNSTOCK_BRONZE
SPC,LATEST,ratio,order,8.0,ACTUAL,VNSTOCK_BRONZE
SPC,LATEST,ratio,level,2.0,ACTUAL,VNSTOCK_BRONZE
SPC,LATEST,ratio,value,131625000000.0,ACTUAL,VNSTOCK_BRONZE
SPC,LATEST,ratio,order,9.0,ACTUAL,VNSTOCK_BRONZE
SPC,LATEST,ratio,level,2.0,ACTUAL,VNSTOCK_BRONZE
SPC,LATEST,ratio,order,10.0,ACTUAL,VNSTOCK_BRONZE
SPC,LATEST,ratio,level,2.0,ACTUAL,VNSTOCK_BRONZE
SPC,LATEST,ratio,order,11.0,ACTUAL,VNSTOCK_BRONZE
SPC,LATEST,ratio,level,2.0,ACTUAL,VNSTOCK_BRONZE
SPC,LATEST,ratio,order,12.0,ACTUAL,VNSTOCK_BRONZE
SPC,LATEST,ratio,level,2.0,ACTUAL,VNSTOCK_BRONZE
SPC,LATEST,ratio,value,-11920848446.0,ACTUAL,VNSTOCK_BRONZE
SPC,LATEST,ratio,order,13.0,ACTUAL,VNSTOCK_BRONZE
SPC,LATEST,ratio,level,2.0,ACTUAL,VNSTOCK_BRONZE
SPC,LATEST,ratio,value,-9238361131.0,ACTUAL,VNSTOCK_BRONZE
SPC,LATEST,ratio,order,14.0,ACTUAL,VNSTOCK_BRONZE
SPC,LATEST,ratio,level,2.0,ACTUAL,VNSTOCK_BRONZE
SPC,LATEST,ratio,value,0.0177302387,ACTUAL,VNSTOCK_BRONZE
SPC,LATEST,ratio,order,15.0,ACTUAL,VNSTOCK_BRONZE
SPC,LATEST,ratio,level,2.0,ACTUAL,VNSTOCK_BRONZE
SPC,LATEST,ratio,value,10530000.0,ACTUAL,VNSTOCK_BRONZE
SPC,LATEST,ratio,order,16.0,ACTUAL,VNSTOCK_BRONZE
SPC,LATEST,ratio,level,1.0,ACTUAL,VNSTOCK_BRONZE
SPC,LATEST,ratio,order,17.0,ACTUAL,VNSTOCK_BRONZE
SPC,LATEST,ratio,level,2.0,ACTUAL,VNSTOCK_BRONZE
SPC,LATEST,ratio,value,-0.2966207676,ACTUAL,VNSTOCK_BRONZE
SPC,LATEST,ratio,order,18.0,ACTUAL,VNSTOCK_BRONZE
SPC,LATEST,ratio,level,2.0,ACTUAL,VNSTOCK_BRONZE
SPC,LATEST,ratio,value,-0.103430338,ACTUAL,VNSTOCK_BRONZE
SPC,LATEST,ratio,order,19.0,ACTUAL,VNSTOCK_BRONZE
SPC,LATEST,ratio,level,2.0,ACTUAL,VNSTOCK_BRONZE
SPC,LATEST,ratio,value,-0.0398204738,ACTUAL,VNSTOCK_BRONZE
SPC,LATEST,ratio,order,20.0,ACTUAL,VNSTOCK_BRONZE
SPC,LATEST,ratio,level,2.0,ACTUAL,VNSTOCK_BRONZE
SPC,LATEST,ratio,value,0.1504775035,ACTUAL,VNSTOCK_BRONZE
SPC,LATEST,ratio,order,21.0,ACTUAL,VNSTOCK_BRONZE
SPC,LATEST,ratio,level,2.0,ACTUAL,VNSTOCK_BRONZE
SPC,LATEST,ratio,value,-0.0118637862,ACTUAL,VNSTOCK_BRONZE
SPC,LATEST,ratio,order,22.0,ACTUAL,VNSTOCK_BRONZE
SPC,LATEST,ratio,level,2.0,ACTUAL,VNSTOCK_BRONZE
SPC,LATEST,ratio,value,-0.0544056241,ACTUAL,VNSTOCK_BRONZE
SPC,LATEST,ratio,order,23.0,ACTUAL,VNSTOCK_BRONZE
SPC,LATEST,ratio,level,2.0,ACTUAL,VNSTOCK_BRONZE
SPC,LATEST,ratio,value,-0.0588426352,ACTUAL,VNSTOCK_BRONZE
SPC,LATEST,ratio,order,24.0,ACTUAL,VNSTOCK_BRONZE
SPC,LATEST,ratio,level,2.0,ACTUAL,VNSTOCK_BRONZE
SPC,LATEST,ratio,value,1.8043649775,ACTUAL,VNSTOCK_BRONZE
SPC,LATEST,ratio,order,25.0,ACTUAL,VNSTOCK_BRONZE
SPC,LATEST,ratio,level,2.0,ACTUAL,VNSTOCK_BRONZE
SPC,LATEST,ratio,value,30.8101884445,ACTUAL,VNSTOCK_BRONZE
SPC,LATEST,ratio,order,26.0,ACTUAL,VNSTOCK_BRONZE
SPC,LATEST,ratio,level,2.0,ACTUAL,VNSTOCK_BRONZE
SPC,LATEST,ratio,value,52.754757336,ACTUAL,VNSTOCK_BRONZE
SPC,LATEST,ratio,order,27.0,ACTUAL,VNSTOCK_BRONZE
SPC,LATEST,ratio,level,2.0,ACTUAL,VNSTOCK_BRONZE
SPC,LATEST,ratio,value,139.361927736,ACTUAL,VNSTOCK_BRONZE
SPC,LATEST,ratio,order,28.0,ACTUAL,VNSTOCK_BRONZE
SPC,LATEST,ratio,level,2.0,ACTUAL,VNSTOCK_BRONZE
SPC,LATEST,ratio,value,65.7221982008,ACTUAL,VNSTOCK_BRONZE
SPC,LATEST,ratio,order,29.0,ACTUAL,VNSTOCK_BRONZE
SPC,LATEST,ratio,level,2.0,ACTUAL,VNSTOCK_BRONZE
SPC,LATEST,ratio,value,253.0993928501,ACTUAL,VNSTOCK_BRONZE
SPC,LATEST,ratio,order,30.0,ACTUAL,VNSTOCK_BRONZE
SPC,LATEST,ratio,level,1.0,ACTUAL,VNSTOCK_BRONZE
SPC,LATEST,ratio,order,31.0,ACTUAL,VNSTOCK_BRONZE
SPC,LATEST,ratio,level,2.0,ACTUAL,VNSTOCK_BRONZE
SPC,LATEST,ratio,value,1.395024883,ACTUAL,VNSTOCK_BRONZE
SPC,LATEST,ratio,order,32.0,ACTUAL,VNSTOCK_BRONZE
SPC,LATEST,ratio,level,2.0,ACTUAL,VNSTOCK_BRONZE
SPC,LATEST,ratio,value,0.6207745803,ACTUAL,VNSTOCK_BRONZE
SPC,LATEST,ratio,order,33.0,ACTUAL,VNSTOCK_BRONZE
SPC,LATEST,ratio,level,2.0,ACTUAL,VNSTOCK_BRONZE
SPC,LATEST,ratio,value,0.1014414821,ACTUAL,VNSTOCK_BRONZE
SPC,LATEST,ratio,order,34.0,ACTUAL,VNSTOCK_BRONZE
SPC,LATEST,ratio,level,2.0,ACTUAL,VNSTOCK_BRONZE
SPC,LATEST,ratio,order,35.0,ACTUAL,VNSTOCK_BRONZE
SPC,LATEST,ratio,level,2.0,ACTUAL,VNSTOCK_BRONZE
SPC,LATEST,ratio,order,36.0,ACTUAL,VNSTOCK_BRONZE
SPC,LATEST,ratio,level,2.0,ACTUAL,VNSTOCK_BRONZE
SPC,LATEST,ratio,order,37.0,ACTUAL,VNSTOCK_BRONZE
SPC,LATEST,ratio,level,2.0,ACTUAL,VNSTOCK_BRONZE
SPC,LATEST,ratio,order,38.0,ACTUAL,VNSTOCK_BRONZE
SPC,LATEST,ratio,level,1.0,ACTUAL,VNSTOCK_BRONZE
SPC,LATEST,ratio,order,39.0,ACTUAL,VNSTOCK_BRONZE
SPC,LATEST,ratio,level,2.0,ACTUAL,VNSTOCK_BRONZE
SPC,LATEST,ratio,value,1.8949245144,ACTUAL,VNSTOCK_BRONZE
SPC,LATEST,ratio,order,40.0,ACTUAL,VNSTOCK_BRONZE
SPC,LATEST,ratio,level,2.0,ACTUAL,VNSTOCK_BRONZE
SPC,LATEST,ratio,value,0.8039381165,ACTUAL,VNSTOCK_BRONZE
SPC,LATEST,ratio,order,41.0,ACTUAL,VNSTOCK_BRONZE
SPC,LATEST,ratio,level,2.0,ACTUAL,VNSTOCK_BRONZE
SPC,LATEST,ratio,order,42.0,ACTUAL,VNSTOCK_BRONZE
SPC,LATEST,ratio,level,2.0,ACTUAL,VNSTOCK_BRONZE
SPC,LATEST,ratio,value,1.8949245144,ACTUAL,VNSTOCK_BRONZE
SPC,LATEST,ratio,order,43.0,ACTUAL,VNSTOCK_BRONZE
SPC,LATEST,ratio,level,2.0,ACTUAL,VNSTOCK_BRONZE
SPC,LATEST,ratio,value,0.0,ACTUAL,VNSTOCK_BRONZE
SPC,LATEST,ratio,order,44.0,ACTUAL,VNSTOCK_BRONZE
SPC,LATEST,ratio,level,2.0,ACTUAL,VNSTOCK_BRONZE
SPC,LATEST,ratio,value,0.0,ACTUAL,VNSTOCK_BRONZE
SPC,LATEST,ratio,order,45.0,ACTUAL,VNSTOCK_BRONZE
SPC,LATEST,ratio,level,1.0,ACTUAL,VNSTOCK_BRONZE
SPC,LATEST,ratio,order,46.0,ACTUAL,VNSTOCK_BRONZE
SPC,LATEST,ratio,level,2.0,ACTUAL,VNSTOCK_BRONZE
SPC,LATEST,ratio,value,0.0,ACTUAL,VNSTOCK_BRONZE
SPC,LATEST,ratio,order,47.0,ACTUAL,VNSTOCK_BRONZE
SPC,LATEST,ratio,level,2.0,ACTUAL,VNSTOCK_BRONZE
SPC,LATEST,ratio,value,0.0,ACTUAL,VNSTOCK_BRONZE
SPC,LATEST,ratio,order,48.0,ACTUAL,VNSTOCK_BRONZE
SPC,LATEST,ratio,level,2.0,ACTUAL,VNSTOCK_BRONZE
SPC,LATEST,ratio,value,0.0,ACTUAL,VNSTOCK_BRONZE
SPC,LATEST,ratio,order,49.0,ACTUAL,VNSTOCK_BRONZE
SPC,LATEST,ratio,level,2.0,ACTUAL,VNSTOCK_BRONZE
SPC,LATEST,ratio,value,0.0,ACTUAL,VNSTOCK_BRONZE
SPC,LATEST,ratio,order,50.0,ACTUAL,VNSTOCK_BRONZE
SPC,LATEST,ratio,level,2.0,ACTUAL,VNSTOCK_BRONZE
SPC,LATEST,ratio,value,0.0,ACTUAL,VNSTOCK_BRONZE
SPC,LATEST,ratio,order,51.0,ACTUAL,VNSTOCK_BRONZE
SPC,LATEST,ratio,level,2.0,ACTUAL,VNSTOCK_BRONZE
SPC,LATEST,ratio,value,0.0,ACTUAL,VNSTOCK_BRONZE
SPC,LATEST,ratio,order,52.0,ACTUAL,VNSTOCK_BRONZE
SPC,LATEST,ratio,level,2.0,ACTUAL,VNSTOCK_BRONZE
SPC,LATEST,ratio,value,0.0,ACTUAL,VNSTOCK_BRONZE
SPC,LATEST,ratio,order,53.0,ACTUAL,VNSTOCK_BRONZE
SPC,LATEST,ratio,level,2.0,ACTUAL,VNSTOCK_BRONZE
SPC,LATEST,ratio,value,0.0,ACTUAL,VNSTOCK_BRONZE
SPC,LATEST,ratio,order,54.0,ACTUAL,VNSTOCK_BRONZE
SPC,LATEST,ratio,level,2.0,ACTUAL,VNSTOCK_BRONZE
SPC,LATEST,ratio,value,0.0,ACTUAL,VNSTOCK_BRONZE
SPC,LATEST,ratio,order,55.0,ACTUAL,VNSTOCK_BRONZE
SPC,LATEST,ratio,level,2.0,ACTUAL,VNSTOCK_BRONZE
SPC,LATEST,ratio,value,0.0,ACTUAL,VNSTOCK_BRONZE
SPC,LATEST,ratio,order,56.0,ACTUAL,VNSTOCK_BRONZE
SPC,LATEST,ratio,level,2.0,ACTUAL,VNSTOCK_BRONZE
SPC,LATEST,ratio,value,0.0,ACTUAL,VNSTOCK_BRONZE
SPC,LATEST,ratio,order,57.0,ACTUAL,VNSTOCK_BRONZE
SPC,LATEST,ratio,level,2.0,ACTUAL,VNSTOCK_BRONZE
SPC,LATEST,ratio,order,58.0,ACTUAL,VNSTOCK_BRONZE
SPC,LATEST,ratio,level,2.0,ACTUAL,VNSTOCK_BRONZE
SPC,LATEST,ratio,order,59.0,ACTUAL,VNSTOCK_BRONZE
SPC,LATEST,ratio,level,2.0,ACTUAL,VNSTOCK_BRONZE
SPC,LATEST,ratio,value,0.0,ACTUAL,VNSTOCK_BRONZE
SPC,LATEST,ratio,order,60.0,ACTUAL,VNSTOCK_BRONZE
SPC,LATEST,ratio,level,2.0,ACTUAL,VNSTOCK_BRONZE
SPC,LATEST,ratio,value,0.0,ACTUAL,VNSTOCK_BRONZE
SPC,LATEST,ratio,order,1.0,ACTUAL,VNSTOCK_BRONZE
SPC,LATEST,ratio,level,1.0,ACTUAL,VNSTOCK_BRONZE
SPC,LATEST,ratio,order,2.0,ACTUAL,VNSTOCK_BRONZE
SPC,LATEST,ratio,level,2.0,ACTUAL,VNSTOCK_BRONZE
SPC,LATEST,ratio,value,-8.2288367729,ACTUAL,VNSTOCK_BRONZE
SPC,LATEST,ratio,order,3.0,ACTUAL,VNSTOCK_BRONZE
SPC,LATEST,ratio,level,2.0,ACTUAL,VNSTOCK_BRONZE
SPC,LATEST,ratio,value,0.8070769445,ACTUAL,VNSTOCK_BRONZE
SPC,LATEST,ratio,order,4.0,ACTUAL,VNSTOCK_BRONZE
SPC,LATEST,ratio,level,2.0,ACTUAL,VNSTOCK_BRONZE
SPC,LATEST,ratio,value,0.1498957244,ACTUAL,VNSTOCK_BRONZE
SPC,LATEST,ratio,order,5.0,ACTUAL,VNSTOCK_BRONZE
SPC,LATEST,ratio,level,2.0,ACTUAL,VNSTOCK_BRONZE
SPC,LATEST,ratio,value,-3.081099591,ACTUAL,VNSTOCK_BRONZE
SPC,LATEST,ratio,order,6.0,ACTUAL,VNSTOCK_BRONZE
SPC,LATEST,ratio,level,2.0,ACTUAL,VNSTOCK_BRONZE
SPC,LATEST,ratio,value,8.5595525803,ACTUAL,VNSTOCK_BRONZE
SPC,LATEST,ratio,order,7.0,ACTUAL,VNSTOCK_BRONZE
SPC,LATEST,ratio,level,2.0,ACTUAL,VNSTOCK_BRONZE
SPC,LATEST,ratio,value,0.0,ACTUAL,VNSTOCK_BRONZE
SPC,LATEST,ratio,order,8.0,ACTUAL,VNSTOCK_BRONZE
SPC,LATEST,ratio,level,2.0,ACTUAL,VNSTOCK_BRONZE
SPC,LATEST,ratio,value,153738000000.0,ACTUAL,VNSTOCK_BRONZE
SPC,LATEST,ratio,order,9.0,ACTUAL,VNSTOCK_BRONZE
SPC,LATEST,ratio,level,2.0,ACTUAL,VNSTOCK_BRONZE
SPC,LATEST,ratio,order,10.0,ACTUAL,VNSTOCK_BRONZE
SPC,LATEST,ratio,level,2.0,ACTUAL,VNSTOCK_BRONZE
SPC,LATEST,ratio,order,11.0,ACTUAL,VNSTOCK_BRONZE
SPC,LATEST,ratio,level,2.0,ACTUAL,VNSTOCK_BRONZE
SPC,LATEST,ratio,order,12.0,ACTUAL,VNSTOCK_BRONZE
SPC,LATEST,ratio,level,2.0,ACTUAL,VNSTOCK_BRONZE
SPC,LATEST,ratio,value,34713030586.0,ACTUAL,VNSTOCK_BRONZE
SPC,LATEST,ratio,order,13.0,ACTUAL,VNSTOCK_BRONZE
SPC,LATEST,ratio,level,2.0,ACTUAL,VNSTOCK_BRONZE
SPC,LATEST,ratio,value,35554418117.0,ACTUAL,VNSTOCK_BRONZE
SPC,LATEST,ratio,order,14.0,ACTUAL,VNSTOCK_BRONZE
SPC,LATEST,ratio,level,2.0,ACTUAL,VNSTOCK_BRONZE
SPC,LATEST,ratio,value,0.0146810695,ACTUAL,VNSTOCK_BRONZE
SPC,LATEST,ratio,order,15.0,ACTUAL,VNSTOCK_BRONZE
SPC,LATEST,ratio,level,2.0,ACTUAL,VNSTOCK_BRONZE
SPC,LATEST,ratio,value,10530000.0,ACTUAL,VNSTOCK_BRONZE
SPC,LATEST,ratio,order,16.0,ACTUAL,VNSTOCK_BRONZE
SPC,LATEST,ratio,level,1.0,ACTUAL,VNSTOCK_BRONZE
SPC,LATEST,ratio,order,17.0,ACTUAL,VNSTOCK_BRONZE
SPC,LATEST,ratio,level,2.0,ACTUAL,VNSTOCK_BRONZE
SPC,LATEST,ratio,value,-0.089436597,ACTUAL,VNSTOCK_BRONZE
SPC,LATEST,ratio,order,18.0,ACTUAL,VNSTOCK_BRONZE
SPC,LATEST,ratio,level,2.0,ACTUAL,VNSTOCK_BRONZE
SPC,LATEST,ratio,value,-0.0306383901,ACTUAL,VNSTOCK_BRONZE
SPC,LATEST,ratio,order,19.0,ACTUAL,VNSTOCK_BRONZE
SPC,LATEST,ratio,level,2.0,ACTUAL,VNSTOCK_BRONZE
SPC,LATEST,ratio,value,0.0959459429,ACTUAL,VNSTOCK_BRONZE
SPC,LATEST,ratio,order,20.0,ACTUAL,VNSTOCK_BRONZE
SPC,LATEST,ratio,level,2.0,ACTUAL,VNSTOCK_BRONZE
SPC,LATEST,ratio,value,0.214040503,ACTUAL,VNSTOCK_BRONZE
SPC,LATEST,ratio,order,21.0,ACTUAL,VNSTOCK_BRONZE
SPC,LATEST,ratio,level,2.0,ACTUAL,VNSTOCK_BRONZE
SPC,LATEST,ratio,value,0.03384547,ACTUAL,VNSTOCK_BRONZE
SPC,LATEST,ratio,order,22.0,ACTUAL,VNSTOCK_BRONZE
SPC,LATEST,ratio,level,2.0,ACTUAL,VNSTOCK_BRONZE
SPC,LATEST,ratio,value,-0.0147779843,ACTUAL,VNSTOCK_BRONZE
SPC,LATEST,ratio,order,23.0,ACTUAL,VNSTOCK_BRONZE
SPC,LATEST,ratio,level,2.0,ACTUAL,VNSTOCK_BRONZE
SPC,LATEST,ratio,value,-0.0183067492,ACTUAL,VNSTOCK_BRONZE
SPC,LATEST,ratio,order,24.0,ACTUAL,VNSTOCK_BRONZE
SPC,LATEST,ratio,level,2.0,ACTUAL,VNSTOCK_BRONZE
SPC,LATEST,ratio,value,1.681957989,ACTUAL,VNSTOCK_BRONZE
SPC,LATEST,ratio,order,25.0,ACTUAL,VNSTOCK_BRONZE
SPC,LATEST,ratio,level,2.0,ACTUAL,VNSTOCK_BRONZE
SPC,LATEST,ratio,value,31.0182476359,ACTUAL,VNSTOCK_BRONZE
SPC,LATEST,ratio,order,26.0,ACTUAL,VNSTOCK_BRONZE
SPC,LATEST,ratio,level,2.0,ACTUAL,VNSTOCK_BRONZE
SPC,LATEST,ratio,value,49.5767301136,ACTUAL,VNSTOCK_BRONZE
SPC,LATEST,ratio,order,27.0,ACTUAL,VNSTOCK_BRONZE
SPC,LATEST,ratio,level,2.0,ACTUAL,VNSTOCK_BRONZE
SPC,LATEST,ratio,value,165.3587044914,ACTUAL,VNSTOCK_BRONZE
SPC,LATEST,ratio,order,28.0,ACTUAL,VNSTOCK_BRONZE
SPC,LATEST,ratio,level,2.0,ACTUAL,VNSTOCK_BRONZE
SPC,LATEST,ratio,value,81.2021790591,ACTUAL,VNSTOCK_BRONZE
SPC,LATEST,ratio,order,29.0,ACTUAL,VNSTOCK_BRONZE
SPC,LATEST,ratio,level,2.0,ACTUAL,VNSTOCK_BRONZE
SPC,LATEST,ratio,value,291.5127650915,ACTUAL,VNSTOCK_BRONZE
SPC,LATEST,ratio,order,30.0,ACTUAL,VNSTOCK_BRONZE
SPC,LATEST,ratio,level,1.0,ACTUAL,VNSTOCK_BRONZE
SPC,LATEST,ratio,order,31.0,ACTUAL,VNSTOCK_BRONZE
SPC,LATEST,ratio,level,2.0,ACTUAL,VNSTOCK_BRONZE
SPC,LATEST,ratio,value,1.506875639,ACTUAL,VNSTOCK_BRONZE
SPC,LATEST,ratio,order,32.0,ACTUAL,VNSTOCK_BRONZE
SPC,LATEST,ratio,level,2.0,ACTUAL,VNSTOCK_BRONZE
SPC,LATEST,ratio,value,0.5609347736,ACTUAL,VNSTOCK_BRONZE
SPC,LATEST,ratio,order,33.0,ACTUAL,VNSTOCK_BRONZE
SPC,LATEST,ratio,level,2.0,ACTUAL,VNSTOCK_BRONZE
SPC,LATEST,ratio,value,0.0668683321,ACTUAL,VNSTOCK_BRONZE
SPC,LATEST,ratio,order,34.0,ACTUAL,VNSTOCK_BRONZE
SPC,LATEST,ratio,level,2.0,ACTUAL,VNSTOCK_BRONZE
SPC,LATEST,ratio,order,35.0,ACTUAL,VNSTOCK_BRONZE
SPC,LATEST,ratio,level,2.0,ACTUAL,VNSTOCK_BRONZE
SPC,LATEST,ratio,order,36.0,ACTUAL,VNSTOCK_BRONZE
SPC,LATEST,ratio,level,2.0,ACTUAL,VNSTOCK_BRONZE
SPC,LATEST,ratio,order,37.0,ACTUAL,VNSTOCK_BRONZE
SPC,LATEST,ratio,level,2.0,ACTUAL,VNSTOCK_BRONZE
SPC,LATEST,ratio,order,38.0,ACTUAL,VNSTOCK_BRONZE
SPC,LATEST,ratio,level,1.0,ACTUAL,VNSTOCK_BRONZE
SPC,LATEST,ratio,order,39.0,ACTUAL,VNSTOCK_BRONZE
SPC,LATEST,ratio,level,2.0,ACTUAL,VNSTOCK_BRONZE
SPC,LATEST,ratio,value,1.5908146254,ACTUAL,VNSTOCK_BRONZE
SPC,LATEST,ratio,order,40.0,ACTUAL,VNSTOCK_BRONZE
SPC,LATEST,ratio,level,2.0,ACTUAL,VNSTOCK_BRONZE
SPC,LATEST,ratio,value,0.8052191068,ACTUAL,VNSTOCK_BRONZE
SPC,LATEST,ratio,order,41.0,ACTUAL,VNSTOCK_BRONZE
SPC,LATEST,ratio,level,2.0,ACTUAL,VNSTOCK_BRONZE
SPC,LATEST,ratio,order,42.0,ACTUAL,VNSTOCK_BRONZE
SPC,LATEST,ratio,level,2.0,ACTUAL,VNSTOCK_BRONZE
SPC,LATEST,ratio,value,1.5908146254,ACTUAL,VNSTOCK_BRONZE
SPC,LATEST,ratio,order,43.0,ACTUAL,VNSTOCK_BRONZE
SPC,LATEST,ratio,level,2.0,ACTUAL,VNSTOCK_BRONZE
SPC,LATEST,ratio,value,0.0,ACTUAL,VNSTOCK_BRONZE
SPC,LATEST,ratio,order,44.0,ACTUAL,VNSTOCK_BRONZE
SPC,LATEST,ratio,level,2.0,ACTUAL,VNSTOCK_BRONZE
SPC,LATEST,ratio,value,0.0,ACTUAL,VNSTOCK_BRONZE
SPC,LATEST,ratio,order,45.0,ACTUAL,VNSTOCK_BRONZE
SPC,LATEST,ratio,level,1.0,ACTUAL,VNSTOCK_BRONZE
SPC,LATEST,ratio,order,46.0,ACTUAL,VNSTOCK_BRONZE
SPC,LATEST,ratio,level,2.0,ACTUAL,VNSTOCK_BRONZE
SPC,LATEST,ratio,value,0.0,ACTUAL,VNSTOCK_BRONZE
SPC,LATEST,ratio,order,47.0,ACTUAL,VNSTOCK_BRONZE
SPC,LATEST,ratio,level,2.0,ACTUAL,VNSTOCK_BRONZE
SPC,LATEST,ratio,value,0.0,ACTUAL,VNSTOCK_BRONZE
SPC,LATEST,ratio,order,48.0,ACTUAL,VNSTOCK_BRONZE
SPC,LATEST,ratio,level,2.0,ACTUAL,VNSTOCK_BRONZE
SPC,LATEST,ratio,value,0.0,ACTUAL,VNSTOCK_BRONZE
SPC,LATEST,ratio,order,49.0,ACTUAL,VNSTOCK_BRONZE
SPC,LATEST,ratio,level,2.0,ACTUAL,VNSTOCK_BRONZE
SPC,LATEST,ratio,value,0.0,ACTUAL,VNSTOCK_BRONZE
SPC,LATEST,ratio,order,50.0,ACTUAL,VNSTOCK_BRONZE
SPC,LATEST,ratio,level,2.0,ACTUAL,VNSTOCK_BRONZE
SPC,LATEST,ratio,value,0.0,ACTUAL,VNSTOCK_BRONZE
SPC,LATEST,ratio,order,51.0,ACTUAL,VNSTOCK_BRONZE
SPC,LATEST,ratio,level,2.0,ACTUAL,VNSTOCK_BRONZE
SPC,LATEST,ratio,value,0.0,ACTUAL,VNSTOCK_BRONZE
SPC,LATEST,ratio,order,52.0,ACTUAL,VNSTOCK_BRONZE
SPC,LATEST,ratio,level,2.0,ACTUAL,VNSTOCK_BRONZE
SPC,LATEST,ratio,value,0.0,ACTUAL,VNSTOCK_BRONZE
SPC,LATEST,ratio,order,53.0,ACTUAL,VNSTOCK_BRONZE
SPC,LATEST,ratio,level,2.0,ACTUAL,VNSTOCK_BRONZE
SPC,LATEST,ratio,value,0.0,ACTUAL,VNSTOCK_BRONZE
SPC,LATEST,ratio,order,54.0,ACTUAL,VNSTOCK_BRONZE
SPC,LATEST,ratio,level,2.0,ACTUAL,VNSTOCK_BRONZE
SPC,LATEST,ratio,value,0.0,ACTUAL,VNSTOCK_BRONZE
SPC,LATEST,ratio,order,55.0,ACTUAL,VNSTOCK_BRONZE
SPC,LATEST,ratio,level,2.0,ACTUAL,VNSTOCK_BRONZE
SPC,LATEST,ratio,value,0.0,ACTUAL,VNSTOCK_BRONZE
SPC,LATEST,ratio,order,56.0,ACTUAL,VNSTOCK_BRONZE
SPC,LATEST,ratio,level,2.0,ACTUAL,VNSTOCK_BRONZE
SPC,LATEST,ratio,value,0.0,ACTUAL,VNSTOCK_BRONZE
SPC,LATEST,ratio,order,57.0,ACTUAL,VNSTOCK_BRONZE
SPC,LATEST,ratio,level,2.0,ACTUAL,VNSTOCK_BRONZE
SPC,LATEST,ratio,order,58.0,ACTUAL,VNSTOCK_BRONZE
SPC,LATEST,ratio,level,2.0,ACTUAL,VNSTOCK_BRONZE
SPC,LATEST,ratio,order,59.0,ACTUAL,VNSTOCK_BRONZE
SPC,LATEST,ratio,level,2.0,ACTUAL,VNSTOCK_BRONZE
SPC,LATEST,ratio,value,0.0,ACTUAL,VNSTOCK_BRONZE
SPC,LATEST,ratio,order,60.0,ACTUAL,VNSTOCK_BRONZE
SPC,LATEST,ratio,level,2.0,ACTUAL,VNSTOCK_BRONZE
SPC,LATEST,ratio,value,0.0,ACTUAL,VNSTOCK_BRONZE
SPC,LATEST,ratio,order,1.0,ACTUAL,VNSTOCK_BRONZE
SPC,LATEST,ratio,level,1.0,ACTUAL,VNSTOCK_BRONZE
SPC,LATEST,ratio,order,2.0,ACTUAL,VNSTOCK_BRONZE
SPC,LATEST,ratio,level,2.0,ACTUAL,VNSTOCK_BRONZE
SPC,LATEST,ratio,value,-8.8652307833,ACTUAL,VNSTOCK_BRONZE
SPC,LATEST,ratio,order,3.0,ACTUAL,VNSTOCK_BRONZE
SPC,LATEST,ratio,level,2.0,ACTUAL,VNSTOCK_BRONZE
SPC,LATEST,ratio,value,0.8388060013,ACTUAL,VNSTOCK_BRONZE
SPC,LATEST,ratio,order,4.0,ACTUAL,VNSTOCK_BRONZE
SPC,LATEST,ratio,level,2.0,ACTUAL,VNSTOCK_BRONZE
SPC,LATEST,ratio,value,0.1510899631,ACTUAL,VNSTOCK_BRONZE
SPC,LATEST,ratio,order,5.0,ACTUAL,VNSTOCK_BRONZE
SPC,LATEST,ratio,level,2.0,ACTUAL,VNSTOCK_BRONZE
SPC,LATEST,ratio,value,-4.1310744485,ACTUAL,VNSTOCK_BRONZE
SPC,LATEST,ratio,order,6.0,ACTUAL,VNSTOCK_BRONZE
SPC,LATEST,ratio,level,2.0,ACTUAL,VNSTOCK_BRONZE
SPC,LATEST,ratio,value,6.9885520079,ACTUAL,VNSTOCK_BRONZE
SPC,LATEST,ratio,order,7.0,ACTUAL,VNSTOCK_BRONZE
SPC,LATEST,ratio,level,2.0,ACTUAL,VNSTOCK_BRONZE
SPC,LATEST,ratio,value,0.0,ACTUAL,VNSTOCK_BRONZE
SPC,LATEST,ratio,order,8.0,ACTUAL,VNSTOCK_BRONZE
SPC,LATEST,ratio,level,2.0,ACTUAL,VNSTOCK_BRONZE
SPC,LATEST,ratio,value,172692000000.0,ACTUAL,VNSTOCK_BRONZE
SPC,LATEST,ratio,order,9.0,ACTUAL,VNSTOCK_BRONZE
SPC,LATEST,ratio,level,2.0,ACTUAL,VNSTOCK_BRONZE
SPC,LATEST,ratio,order,10.0,ACTUAL,VNSTOCK_BRONZE
SPC,LATEST,ratio,level,2.0,ACTUAL,VNSTOCK_BRONZE
SPC,LATEST,ratio,order,11.0,ACTUAL,VNSTOCK_BRONZE
SPC,LATEST,ratio,level,2.0,ACTUAL,VNSTOCK_BRONZE
SPC,LATEST,ratio,order,12.0,ACTUAL,VNSTOCK_BRONZE
SPC,LATEST,ratio,level,2.0,ACTUAL,VNSTOCK_BRONZE
SPC,LATEST,ratio,value,45728301533.0,ACTUAL,VNSTOCK_BRONZE
SPC,LATEST,ratio,order,13.0,ACTUAL,VNSTOCK_BRONZE
SPC,LATEST,ratio,level,2.0,ACTUAL,VNSTOCK_BRONZE
SPC,LATEST,ratio,value,48987240599.0,ACTUAL,VNSTOCK_BRONZE
SPC,LATEST,ratio,order,14.0,ACTUAL,VNSTOCK_BRONZE
SPC,LATEST,ratio,level,2.0,ACTUAL,VNSTOCK_BRONZE
SPC,LATEST,ratio,value,0.0199400658,ACTUAL,VNSTOCK_BRONZE
SPC,LATEST,ratio,order,15.0,ACTUAL,VNSTOCK_BRONZE
SPC,LATEST,ratio,level,2.0,ACTUAL,VNSTOCK_BRONZE
SPC,LATEST,ratio,value,10530000.0,ACTUAL,VNSTOCK_BRONZE
SPC,LATEST,ratio,order,16.0,ACTUAL,VNSTOCK_BRONZE
SPC,LATEST,ratio,level,1.0,ACTUAL,VNSTOCK_BRONZE
SPC,LATEST,ratio,order,17.0,ACTUAL,VNSTOCK_BRONZE
SPC,LATEST,ratio,level,2.0,ACTUAL,VNSTOCK_BRONZE
SPC,LATEST,ratio,value,-0.0898203063,ACTUAL,VNSTOCK_BRONZE
SPC,LATEST,ratio,order,18.0,ACTUAL,VNSTOCK_BRONZE
SPC,LATEST,ratio,level,2.0,ACTUAL,VNSTOCK_BRONZE
SPC,LATEST,ratio,value,-0.0301520842,ACTUAL,VNSTOCK_BRONZE
SPC,LATEST,ratio,order,19.0,ACTUAL,VNSTOCK_BRONZE
SPC,LATEST,ratio,level,2.0,ACTUAL,VNSTOCK_BRONZE
SPC,LATEST,ratio,value,0.117229548,ACTUAL,VNSTOCK_BRONZE
SPC,LATEST,ratio,order,20.0,ACTUAL,VNSTOCK_BRONZE
SPC,LATEST,ratio,level,2.0,ACTUAL,VNSTOCK_BRONZE
SPC,LATEST,ratio,value,0.1932365845,ACTUAL,VNSTOCK_BRONZE
SPC,LATEST,ratio,order,21.0,ACTUAL,VNSTOCK_BRONZE
SPC,LATEST,ratio,level,2.0,ACTUAL,VNSTOCK_BRONZE
SPC,LATEST,ratio,value,0.0400081497,ACTUAL,VNSTOCK_BRONZE
SPC,LATEST,ratio,order,22.0,ACTUAL,VNSTOCK_BRONZE
SPC,LATEST,ratio,level,2.0,ACTUAL,VNSTOCK_BRONZE
SPC,LATEST,ratio,value,-0.0136399755,ACTUAL,VNSTOCK_BRONZE
SPC,LATEST,ratio,order,23.0,ACTUAL,VNSTOCK_BRONZE
SPC,LATEST,ratio,level,2.0,ACTUAL,VNSTOCK_BRONZE
SPC,LATEST,ratio,value,-0.0167886763,ACTUAL,VNSTOCK_BRONZE
SPC,LATEST,ratio,order,24.0,ACTUAL,VNSTOCK_BRONZE
SPC,LATEST,ratio,level,2.0,ACTUAL,VNSTOCK_BRONZE
SPC,LATEST,ratio,value,1.7691789695,ACTUAL,VNSTOCK_BRONZE
SPC,LATEST,ratio,order,25.0,ACTUAL,VNSTOCK_BRONZE
SPC,LATEST,ratio,level,2.0,ACTUAL,VNSTOCK_BRONZE
SPC,LATEST,ratio,value,33.5000637698,ACTUAL,VNSTOCK_BRONZE
SPC,LATEST,ratio,order,26.0,ACTUAL,VNSTOCK_BRONZE
SPC,LATEST,ratio,level,2.0,ACTUAL,VNSTOCK_BRONZE
SPC,LATEST,ratio,value,46.4355703974,ACTUAL,VNSTOCK_BRONZE
SPC,LATEST,ratio,order,27.0,ACTUAL,VNSTOCK_BRONZE
SPC,LATEST,ratio,level,2.0,ACTUAL,VNSTOCK_BRONZE
SPC,LATEST,ratio,value,147.6582127942,ACTUAL,VNSTOCK_BRONZE
SPC,LATEST,ratio,order,28.0,ACTUAL,VNSTOCK_BRONZE
SPC,LATEST,ratio,level,2.0,ACTUAL,VNSTOCK_BRONZE
SPC,LATEST,ratio,value,78.5426295473,ACTUAL,VNSTOCK_BRONZE
SPC,LATEST,ratio,order,29.0,ACTUAL,VNSTOCK_BRONZE
SPC,LATEST,ratio,level,2.0,ACTUAL,VNSTOCK_BRONZE
SPC,LATEST,ratio,value,270.8981609847,ACTUAL,VNSTOCK_BRONZE
SPC,LATEST,ratio,order,30.0,ACTUAL,VNSTOCK_BRONZE
SPC,LATEST,ratio,level,1.0,ACTUAL,VNSTOCK_BRONZE
SPC,LATEST,ratio,order,31.0,ACTUAL,VNSTOCK_BRONZE
SPC,LATEST,ratio,level,2.0,ACTUAL,VNSTOCK_BRONZE
SPC,LATEST,ratio,value,1.5074439669,ACTUAL,VNSTOCK_BRONZE
SPC,LATEST,ratio,order,32.0,ACTUAL,VNSTOCK_BRONZE
SPC,LATEST,ratio,level,2.0,ACTUAL,VNSTOCK_BRONZE
SPC,LATEST,ratio,value,0.4810314998,ACTUAL,VNSTOCK_BRONZE
SPC,LATEST,ratio,order,33.0,ACTUAL,VNSTOCK_BRONZE
SPC,LATEST,ratio,level,2.0,ACTUAL,VNSTOCK_BRONZE
SPC,LATEST,ratio,value,0.042450701,ACTUAL,VNSTOCK_BRONZE
SPC,LATEST,ratio,order,34.0,ACTUAL,VNSTOCK_BRONZE
SPC,LATEST,ratio,level,2.0,ACTUAL,VNSTOCK_BRONZE
SPC,LATEST,ratio,order,35.0,ACTUAL,VNSTOCK_BRONZE
SPC,LATEST,ratio,level,2.0,ACTUAL,VNSTOCK_BRONZE
SPC,LATEST,ratio,order,36.0,ACTUAL,VNSTOCK_BRONZE
SPC,LATEST,ratio,level,2.0,ACTUAL,VNSTOCK_BRONZE
SPC,LATEST,ratio,order,37.0,ACTUAL,VNSTOCK_BRONZE
SPC,LATEST,ratio,level,2.0,ACTUAL,VNSTOCK_BRONZE
SPC,LATEST,ratio,order,38.0,ACTUAL,VNSTOCK_BRONZE
SPC,LATEST,ratio,level,1.0,ACTUAL,VNSTOCK_BRONZE
SPC,LATEST,ratio,order,39.0,ACTUAL,VNSTOCK_BRONZE
SPC,LATEST,ratio,level,2.0,ACTUAL,VNSTOCK_BRONZE
SPC,LATEST,ratio,value,1.6258055173,ACTUAL,VNSTOCK_BRONZE
SPC,LATEST,ratio,order,40.0,ACTUAL,VNSTOCK_BRONZE
SPC,LATEST,ratio,level,2.0,ACTUAL,VNSTOCK_BRONZE
SPC,LATEST,ratio,value,0.8012111926,ACTUAL,VNSTOCK_BRONZE
SPC,LATEST,ratio,order,41.0,ACTUAL,VNSTOCK_BRONZE
SPC,LATEST,ratio,level,2.0,ACTUAL,VNSTOCK_BRONZE
SPC,LATEST,ratio,order,42.0,ACTUAL,VNSTOCK_BRONZE
SPC,LATEST,ratio,level,2.0,ACTUAL,VNSTOCK_BRONZE
SPC,LATEST,ratio,value,1.6258055173,ACTUAL,VNSTOCK_BRONZE
SPC,LATEST,ratio,order,43.0,ACTUAL,VNSTOCK_BRONZE
SPC,LATEST,ratio,level,2.0,ACTUAL,VNSTOCK_BRONZE
SPC,LATEST,ratio,value,0.0,ACTUAL,VNSTOCK_BRONZE
SPC,LATEST,ratio,order,44.0,ACTUAL,VNSTOCK_BRONZE
SPC,LATEST,ratio,level,2.0,ACTUAL,VNSTOCK_BRONZE
SPC,LATEST,ratio,value,0.0,ACTUAL,VNSTOCK_BRONZE
SPC,LATEST,ratio,order,45.0,ACTUAL,VNSTOCK_BRONZE
SPC,LATEST,ratio,level,1.0,ACTUAL,VNSTOCK_BRONZE
SPC,LATEST,ratio,order,46.0,ACTUAL,VNSTOCK_BRONZE
SPC,LATEST,ratio,level,2.0,ACTUAL,VNSTOCK_BRONZE
SPC,LATEST,ratio,value,0.0,ACTUAL,VNSTOCK_BRONZE
SPC,LATEST,ratio,order,47.0,ACTUAL,VNSTOCK_BRONZE
SPC,LATEST,ratio,level,2.0,ACTUAL,VNSTOCK_BRONZE
SPC,LATEST,ratio,value,0.0,ACTUAL,VNSTOCK_BRONZE
SPC,LATEST,ratio,order,48.0,ACTUAL,VNSTOCK_BRONZE
SPC,LATEST,ratio,level,2.0,ACTUAL,VNSTOCK_BRONZE
SPC,LATEST,ratio,value,0.0,ACTUAL,VNSTOCK_BRONZE
SPC,LATEST,ratio,order,49.0,ACTUAL,VNSTOCK_BRONZE
SPC,LATEST,ratio,level,2.0,ACTUAL,VNSTOCK_BRONZE
SPC,LATEST,ratio,value,0.0,ACTUAL,VNSTOCK_BRONZE
SPC,LATEST,ratio,order,50.0,ACTUAL,VNSTOCK_BRONZE
SPC,LATEST,ratio,level,2.0,ACTUAL,VNSTOCK_BRONZE
SPC,LATEST,ratio,value,0.0,ACTUAL,VNSTOCK_BRONZE
SPC,LATEST,ratio,order,51.0,ACTUAL,VNSTOCK_BRONZE
SPC,LATEST,ratio,level,2.0,ACTUAL,VNSTOCK_BRONZE
SPC,LATEST,ratio,value,0.0,ACTUAL,VNSTOCK_BRONZE
SPC,LATEST,ratio,order,52.0,ACTUAL,VNSTOCK_BRONZE
SPC,LATEST,ratio,level,2.0,ACTUAL,VNSTOCK_BRONZE
SPC,LATEST,ratio,value,0.0,ACTUAL,VNSTOCK_BRONZE
SPC,LATEST,ratio,order,53.0,ACTUAL,VNSTOCK_BRONZE
SPC,LATEST,ratio,level,2.0,ACTUAL,VNSTOCK_BRONZE
SPC,LATEST,ratio,value,0.0,ACTUAL,VNSTOCK_BRONZE
SPC,LATEST,ratio,order,54.0,ACTUAL,VNSTOCK_BRONZE
SPC,LATEST,ratio,level,2.0,ACTUAL,VNSTOCK_BRONZE
SPC,LATEST,ratio,value,0.0,ACTUAL,VNSTOCK_BRONZE
SPC,LATEST,ratio,order,55.0,ACTUAL,VNSTOCK_BRONZE
SPC,LATEST,ratio,level,2.0,ACTUAL,VNSTOCK_BRONZE
SPC,LATEST,ratio,value,0.0,ACTUAL,VNSTOCK_BRONZE
SPC,LATEST,ratio,order,56.0,ACTUAL,VNSTOCK_BRONZE
SPC,LATEST,ratio,level,2.0,ACTUAL,VNSTOCK_BRONZE
SPC,LATEST,ratio,value,0.0,ACTUAL,VNSTOCK_BRONZE
SPC,LATEST,ratio,order,57.0,ACTUAL,VNSTOCK_BRONZE
SPC,LATEST,ratio,level,2.0,ACTUAL,VNSTOCK_BRONZE
SPC,LATEST,ratio,order,58.0,ACTUAL,VNSTOCK_BRONZE
SPC,LATEST,ratio,level,2.0,ACTUAL,VNSTOCK_BRONZE
SPC,LATEST,ratio,order,59.0,ACTUAL,VNSTOCK_BRONZE
SPC,LATEST,ratio,level,2.0,ACTUAL,VNSTOCK_BRONZE
SPC,LATEST,ratio,value,0.0,ACTUAL,VNSTOCK_BRONZE
SPC,LATEST,ratio,order,60.0,ACTUAL,VNSTOCK_BRONZE
SPC,LATEST,ratio,level,2.0,ACTUAL,VNSTOCK_BRONZE
SPC,LATEST,ratio,value,0.0,ACTUAL,VNSTOCK_BRONZE
SPC,LATEST,ratio,order,1.0,ACTUAL,VNSTOCK_BRONZE
SPC,LATEST,ratio,level,1.0,ACTUAL,VNSTOCK_BRONZE
SPC,LATEST,ratio,order,2.0,ACTUAL,VNSTOCK_BRONZE
SPC,LATEST,ratio,level,2.0,ACTUAL,VNSTOCK_BRONZE
SPC,LATEST,ratio,value,7.3136794579,ACTUAL,VNSTOCK_BRONZE
SPC,LATEST,ratio,order,3.0,ACTUAL,VNSTOCK_BRONZE
SPC,LATEST,ratio,level,2.0,ACTUAL,VNSTOCK_BRONZE
SPC,LATEST,ratio,value,0.7650646246,ACTUAL,VNSTOCK_BRONZE
SPC,LATEST,ratio,order,4.0,ACTUAL,VNSTOCK_BRONZE
SPC,LATEST,ratio,level,2.0,ACTUAL,VNSTOCK_BRONZE
SPC,LATEST,ratio,value,0.1463580337,ACTUAL,VNSTOCK_BRONZE
SPC,LATEST,ratio,order,5.0,ACTUAL,VNSTOCK_BRONZE
SPC,LATEST,ratio,level,2.0,ACTUAL,VNSTOCK_BRONZE
SPC,LATEST,ratio,value,-17.0913816165,ACTUAL,VNSTOCK_BRONZE
SPC,LATEST,ratio,order,6.0,ACTUAL,VNSTOCK_BRONZE
SPC,LATEST,ratio,level,2.0,ACTUAL,VNSTOCK_BRONZE
SPC,LATEST,ratio,value,0.9891572622,ACTUAL,VNSTOCK_BRONZE
SPC,LATEST,ratio,order,7.0,ACTUAL,VNSTOCK_BRONZE
SPC,LATEST,ratio,level,2.0,ACTUAL,VNSTOCK_BRONZE
SPC,LATEST,ratio,value,0.0,ACTUAL,VNSTOCK_BRONZE
SPC,LATEST,ratio,order,8.0,ACTUAL,VNSTOCK_BRONZE
SPC,LATEST,ratio,level,2.0,ACTUAL,VNSTOCK_BRONZE
SPC,LATEST,ratio,value,175851000000.0,ACTUAL,VNSTOCK_BRONZE
SPC,LATEST,ratio,order,9.0,ACTUAL,VNSTOCK_BRONZE
SPC,LATEST,ratio,level,2.0,ACTUAL,VNSTOCK_BRONZE
SPC,LATEST,ratio,order,10.0,ACTUAL,VNSTOCK_BRONZE
SPC,LATEST,ratio,level,2.0,ACTUAL,VNSTOCK_BRONZE
SPC,LATEST,ratio,order,11.0,ACTUAL,VNSTOCK_BRONZE
SPC,LATEST,ratio,level,2.0,ACTUAL,VNSTOCK_BRONZE
SPC,LATEST,ratio,order,12.0,ACTUAL,VNSTOCK_BRONZE
SPC,LATEST,ratio,level,2.0,ACTUAL,VNSTOCK_BRONZE
SPC,LATEST,ratio,value,83137794551.0,ACTUAL,VNSTOCK_BRONZE
SPC,LATEST,ratio,order,13.0,ACTUAL,VNSTOCK_BRONZE
SPC,LATEST,ratio,level,2.0,ACTUAL,VNSTOCK_BRONZE
SPC,LATEST,ratio,value,90699938785.0,ACTUAL,VNSTOCK_BRONZE
SPC,LATEST,ratio,order,14.0,ACTUAL,VNSTOCK_BRONZE
SPC,LATEST,ratio,level,2.0,ACTUAL,VNSTOCK_BRONZE
SPC,LATEST,ratio,value,0.0179527508,ACTUAL,VNSTOCK_BRONZE
SPC,LATEST,ratio,order,15.0,ACTUAL,VNSTOCK_BRONZE
SPC,LATEST,ratio,level,2.0,ACTUAL,VNSTOCK_BRONZE
SPC,LATEST,ratio,value,10530000.0,ACTUAL,VNSTOCK_BRONZE
SPC,LATEST,ratio,order,16.0,ACTUAL,VNSTOCK_BRONZE
SPC,LATEST,ratio,level,1.0,ACTUAL,VNSTOCK_BRONZE
SPC,LATEST,ratio,order,17.0,ACTUAL,VNSTOCK_BRONZE
SPC,LATEST,ratio,level,2.0,ACTUAL,VNSTOCK_BRONZE
SPC,LATEST,ratio,value,0.1007793649,ACTUAL,VNSTOCK_BRONZE
SPC,LATEST,ratio,order,18.0,ACTUAL,VNSTOCK_BRONZE
SPC,LATEST,ratio,level,2.0,ACTUAL,VNSTOCK_BRONZE
SPC,LATEST,ratio,value,0.0385228891,ACTUAL,VNSTOCK_BRONZE
SPC,LATEST,ratio,order,19.0,ACTUAL,VNSTOCK_BRONZE
SPC,LATEST,ratio,level,2.0,ACTUAL,VNSTOCK_BRONZE
SPC,LATEST,ratio,value,0.190061738,ACTUAL,VNSTOCK_BRONZE
SPC,LATEST,ratio,order,20.0,ACTUAL,VNSTOCK_BRONZE
SPC,LATEST,ratio,level,2.0,ACTUAL,VNSTOCK_BRONZE
SPC,LATEST,ratio,value,0.2207626734,ACTUAL,VNSTOCK_BRONZE
SPC,LATEST,ratio,order,21.0,ACTUAL,VNSTOCK_BRONZE
SPC,LATEST,ratio,level,2.0,ACTUAL,VNSTOCK_BRONZE
SPC,LATEST,ratio,value,0.0691942846,ACTUAL,VNSTOCK_BRONZE
SPC,LATEST,ratio,order,22.0,ACTUAL,VNSTOCK_BRONZE
SPC,LATEST,ratio,level,2.0,ACTUAL,VNSTOCK_BRONZE
SPC,LATEST,ratio,value,0.0265360016,ACTUAL,VNSTOCK_BRONZE
SPC,LATEST,ratio,order,23.0,ACTUAL,VNSTOCK_BRONZE
SPC,LATEST,ratio,level,2.0,ACTUAL,VNSTOCK_BRONZE
SPC,LATEST,ratio,value,0.020439331,ACTUAL,VNSTOCK_BRONZE
SPC,LATEST,ratio,order,24.0,ACTUAL,VNSTOCK_BRONZE
SPC,LATEST,ratio,level,2.0,ACTUAL,VNSTOCK_BRONZE
SPC,LATEST,ratio,value,1.9250331238,ACTUAL,VNSTOCK_BRONZE
SPC,LATEST,ratio,order,25.0,ACTUAL,VNSTOCK_BRONZE
SPC,LATEST,ratio,level,2.0,ACTUAL,VNSTOCK_BRONZE
SPC,LATEST,ratio,value,33.0999278646,ACTUAL,VNSTOCK_BRONZE
SPC,LATEST,ratio,order,26.0,ACTUAL,VNSTOCK_BRONZE
SPC,LATEST,ratio,level,2.0,ACTUAL,VNSTOCK_BRONZE
SPC,LATEST,ratio,value,43.5809549251,ACTUAL,VNSTOCK_BRONZE
SPC,LATEST,ratio,order,27.0,ACTUAL,VNSTOCK_BRONZE
SPC,LATEST,ratio,level,2.0,ACTUAL,VNSTOCK_BRONZE
SPC,LATEST,ratio,value,144.9550100157,ACTUAL,VNSTOCK_BRONZE
SPC,LATEST,ratio,order,28.0,ACTUAL,VNSTOCK_BRONZE
SPC,LATEST,ratio,level,2.0,ACTUAL,VNSTOCK_BRONZE
SPC,LATEST,ratio,value,63.1709544699,ACTUAL,VNSTOCK_BRONZE
SPC,LATEST,ratio,order,29.0,ACTUAL,VNSTOCK_BRONZE
SPC,LATEST,ratio,level,2.0,ACTUAL,VNSTOCK_BRONZE
SPC,LATEST,ratio,value,251.5433335239,ACTUAL,VNSTOCK_BRONZE
SPC,LATEST,ratio,order,30.0,ACTUAL,VNSTOCK_BRONZE
SPC,LATEST,ratio,level,1.0,ACTUAL,VNSTOCK_BRONZE
SPC,LATEST,ratio,order,31.0,ACTUAL,VNSTOCK_BRONZE
SPC,LATEST,ratio,level,2.0,ACTUAL,VNSTOCK_BRONZE
SPC,LATEST,ratio,value,1.490687544,ACTUAL,VNSTOCK_BRONZE
SPC,LATEST,ratio,order,32.0,ACTUAL,VNSTOCK_BRONZE
SPC,LATEST,ratio,level,2.0,ACTUAL,VNSTOCK_BRONZE
SPC,LATEST,ratio,value,0.5232330154,ACTUAL,VNSTOCK_BRONZE
SPC,LATEST,ratio,order,33.0,ACTUAL,VNSTOCK_BRONZE
SPC,LATEST,ratio,level,2.0,ACTUAL,VNSTOCK_BRONZE
SPC,LATEST,ratio,value,0.0637063582,ACTUAL,VNSTOCK_BRONZE
SPC,LATEST,ratio,order,34.0,ACTUAL,VNSTOCK_BRONZE
SPC,LATEST,ratio,level,2.0,ACTUAL,VNSTOCK_BRONZE
SPC,LATEST,ratio,order,35.0,ACTUAL,VNSTOCK_BRONZE
SPC,LATEST,ratio,level,2.0,ACTUAL,VNSTOCK_BRONZE
SPC,LATEST,ratio,order,36.0,ACTUAL,VNSTOCK_BRONZE
SPC,LATEST,ratio,level,2.0,ACTUAL,VNSTOCK_BRONZE
SPC,LATEST,ratio,order,37.0,ACTUAL,VNSTOCK_BRONZE
SPC,LATEST,ratio,level,2.0,ACTUAL,VNSTOCK_BRONZE
SPC,LATEST,ratio,order,38.0,ACTUAL,VNSTOCK_BRONZE
SPC,LATEST,ratio,level,1.0,ACTUAL,VNSTOCK_BRONZE
SPC,LATEST,ratio,order,39.0,ACTUAL,VNSTOCK_BRONZE
SPC,LATEST,ratio,level,2.0,ACTUAL,VNSTOCK_BRONZE
SPC,LATEST,ratio,value,1.7027114421,ACTUAL,VNSTOCK_BRONZE
SPC,LATEST,ratio,order,40.0,ACTUAL,VNSTOCK_BRONZE
SPC,LATEST,ratio,level,2.0,ACTUAL,VNSTOCK_BRONZE
SPC,LATEST,ratio,value,0.8185484475,ACTUAL,VNSTOCK_BRONZE
SPC,LATEST,ratio,order,41.0,ACTUAL,VNSTOCK_BRONZE
SPC,LATEST,ratio,level,2.0,ACTUAL,VNSTOCK_BRONZE
SPC,LATEST,ratio,order,42.0,ACTUAL,VNSTOCK_BRONZE
SPC,LATEST,ratio,level,2.0,ACTUAL,VNSTOCK_BRONZE
SPC,LATEST,ratio,value,1.7027114421,ACTUAL,VNSTOCK_BRONZE
SPC,LATEST,ratio,order,43.0,ACTUAL,VNSTOCK_BRONZE
SPC,LATEST,ratio,level,2.0,ACTUAL,VNSTOCK_BRONZE
SPC,LATEST,ratio,value,0.0,ACTUAL,VNSTOCK_BRONZE
SPC,LATEST,ratio,order,44.0,ACTUAL,VNSTOCK_BRONZE
SPC,LATEST,ratio,level,2.0,ACTUAL,VNSTOCK_BRONZE
SPC,LATEST,ratio,value,0.0,ACTUAL,VNSTOCK_BRONZE
SPC,LATEST,ratio,order,45.0,ACTUAL,VNSTOCK_BRONZE
SPC,LATEST,ratio,level,1.0,ACTUAL,VNSTOCK_BRONZE
SPC,LATEST,ratio,order,46.0,ACTUAL,VNSTOCK_BRONZE
SPC,LATEST,ratio,level,2.0,ACTUAL,VNSTOCK_BRONZE
SPC,LATEST,ratio,value,0.0,ACTUAL,VNSTOCK_BRONZE
SPC,LATEST,ratio,order,47.0,ACTUAL,VNSTOCK_BRONZE
SPC,LATEST,ratio,level,2.0,ACTUAL,VNSTOCK_BRONZE
SPC,LATEST,ratio,value,0.0,ACTUAL,VNSTOCK_BRONZE
SPC,LATEST,ratio,order,48.0,ACTUAL,VNSTOCK_BRONZE
SPC,LATEST,ratio,level,2.0,ACTUAL,VNSTOCK_BRONZE
SPC,LATEST,ratio,value,0.0,ACTUAL,VNSTOCK_BRONZE
SPC,LATEST,ratio,order,49.0,ACTUAL,VNSTOCK_BRONZE
SPC,LATEST,ratio,level,2.0,ACTUAL,VNSTOCK_BRONZE
SPC,LATEST,ratio,value,0.0,ACTUAL,VNSTOCK_BRONZE
SPC,LATEST,ratio,order,50.0,ACTUAL,VNSTOCK_BRONZE
SPC,LATEST,ratio,level,2.0,ACTUAL,VNSTOCK_BRONZE
SPC,LATEST,ratio,value,0.0,ACTUAL,VNSTOCK_BRONZE
SPC,LATEST,ratio,order,51.0,ACTUAL,VNSTOCK_BRONZE
SPC,LATEST,ratio,level,2.0,ACTUAL,VNSTOCK_BRONZE
SPC,LATEST,ratio,value,0.0,ACTUAL,VNSTOCK_BRONZE
SPC,LATEST,ratio,order,52.0,ACTUAL,VNSTOCK_BRONZE
SPC,LATEST,ratio,level,2.0,ACTUAL,VNSTOCK_BRONZE
SPC,LATEST,ratio,value,0.0,ACTUAL,VNSTOCK_BRONZE
SPC,LATEST,ratio,order,53.0,ACTUAL,VNSTOCK_BRONZE
SPC,LATEST,ratio,level,2.0,ACTUAL,VNSTOCK_BRONZE
SPC,LATEST,ratio,value,0.0,ACTUAL,VNSTOCK_BRONZE
SPC,LATEST,ratio,order,54.0,ACTUAL,VNSTOCK_BRONZE
SPC,LATEST,ratio,level,2.0,ACTUAL,VNSTOCK_BRONZE
SPC,LATEST,ratio,value,0.0,ACTUAL,VNSTOCK_BRONZE
SPC,LATEST,ratio,order,55.0,ACTUAL,VNSTOCK_BRONZE
SPC,LATEST,ratio,level,2.0,ACTUAL,VNSTOCK_BRONZE
SPC,LATEST,ratio,value,0.0,ACTUAL,VNSTOCK_BRONZE
SPC,LATEST,ratio,order,56.0,ACTUAL,VNSTOCK_BRONZE
SPC,LATEST,ratio,level,2.0,ACTUAL,VNSTOCK_BRONZE
SPC,LATEST,ratio,value,0.0,ACTUAL,VNSTOCK_BRONZE
SPC,LATEST,ratio,order,57.0,ACTUAL,VNSTOCK_BRONZE
SPC,LATEST,ratio,level,2.0,ACTUAL,VNSTOCK_BRONZE
SPC,LATEST,ratio,order,58.0,ACTUAL,VNSTOCK_BRONZE
SPC,LATEST,ratio,level,2.0,ACTUAL,VNSTOCK_BRONZE
SPC,LATEST,ratio,order,59.0,ACTUAL,VNSTOCK_BRONZE
SPC,LATEST,ratio,level,2.0,ACTUAL,VNSTOCK_BRONZE
SPC,LATEST,ratio,value,0.0,ACTUAL,VNSTOCK_BRONZE
SPC,LATEST,ratio,order,60.0,ACTUAL,VNSTOCK_BRONZE
SPC,LATEST,ratio,level,2.0,ACTUAL,VNSTOCK_BRONZE
SPC,LATEST,ratio,value,0.0,ACTUAL,VNSTOCK_BRONZE
SPC,LATEST,ratio,order,1.0,ACTUAL,VNSTOCK_BRONZE
SPC,LATEST,ratio,level,1.0,ACTUAL,VNSTOCK_BRONZE
SPC,LATEST,ratio,order,2.0,ACTUAL,VNSTOCK_BRONZE
SPC,LATEST,ratio,level,2.0,ACTUAL,VNSTOCK_BRONZE
SPC,LATEST,ratio,value,8.9953877898,ACTUAL,VNSTOCK_BRONZE
SPC,LATEST,ratio,order,3.0,ACTUAL,VNSTOCK_BRONZE
SPC,LATEST,ratio,level,2.0,ACTUAL,VNSTOCK_BRONZE
SPC,LATEST,ratio,value,0.802937195,ACTUAL,VNSTOCK_BRONZE
SPC,LATEST,ratio,order,4.0,ACTUAL,VNSTOCK_BRONZE
SPC,LATEST,ratio,level,2.0,ACTUAL,VNSTOCK_BRONZE
SPC,LATEST,ratio,value,0.1458897017,ACTUAL,VNSTOCK_BRONZE
SPC,LATEST,ratio,order,5.0,ACTUAL,VNSTOCK_BRONZE
SPC,LATEST,ratio,level,2.0,ACTUAL,VNSTOCK_BRONZE
SPC,LATEST,ratio,value,4.3646978719,ACTUAL,VNSTOCK_BRONZE
SPC,LATEST,ratio,order,6.0,ACTUAL,VNSTOCK_BRONZE
SPC,LATEST,ratio,level,2.0,ACTUAL,VNSTOCK_BRONZE
SPC,LATEST,ratio,value,0.9015569935,ACTUAL,VNSTOCK_BRONZE
SPC,LATEST,ratio,order,7.0,ACTUAL,VNSTOCK_BRONZE
SPC,LATEST,ratio,level,2.0,ACTUAL,VNSTOCK_BRONZE
SPC,LATEST,ratio,value,0.0,ACTUAL,VNSTOCK_BRONZE
SPC,LATEST,ratio,order,8.0,ACTUAL,VNSTOCK_BRONZE
SPC,LATEST,ratio,level,2.0,ACTUAL,VNSTOCK_BRONZE
SPC,LATEST,ratio,value,172692000000.0,ACTUAL,VNSTOCK_BRONZE
SPC,LATEST,ratio,order,9.0,ACTUAL,VNSTOCK_BRONZE
SPC,LATEST,ratio,level,2.0,ACTUAL,VNSTOCK_BRONZE
SPC,LATEST,ratio,order,10.0,ACTUAL,VNSTOCK_BRONZE
SPC,LATEST,ratio,level,2.0,ACTUAL,VNSTOCK_BRONZE
SPC,LATEST,ratio,order,11.0,ACTUAL,VNSTOCK_BRONZE
SPC,LATEST,ratio,level,2.0,ACTUAL,VNSTOCK_BRONZE
SPC,LATEST,ratio,order,12.0,ACTUAL,VNSTOCK_BRONZE
SPC,LATEST,ratio,level,2.0,ACTUAL,VNSTOCK_BRONZE
SPC,LATEST,ratio,value,94028301324.0,ACTUAL,VNSTOCK_BRONZE
SPC,LATEST,ratio,order,13.0,ACTUAL,VNSTOCK_BRONZE
SPC,LATEST,ratio,level,2.0,ACTUAL,VNSTOCK_BRONZE
SPC,LATEST,ratio,value,96008908759.0,ACTUAL,VNSTOCK_BRONZE
SPC,LATEST,ratio,order,14.0,ACTUAL,VNSTOCK_BRONZE
SPC,LATEST,ratio,level,2.0,ACTUAL,VNSTOCK_BRONZE
SPC,LATEST,ratio,value,0.0252553522,ACTUAL,VNSTOCK_BRONZE
SPC,LATEST,ratio,order,15.0,ACTUAL,VNSTOCK_BRONZE
SPC,LATEST,ratio,level,2.0,ACTUAL,VNSTOCK_BRONZE
SPC,LATEST,ratio,value,10530000.0,ACTUAL,VNSTOCK_BRONZE
SPC,LATEST,ratio,order,16.0,ACTUAL,VNSTOCK_BRONZE
SPC,LATEST,ratio,level,1.0,ACTUAL,VNSTOCK_BRONZE
SPC,LATEST,ratio,order,17.0,ACTUAL,VNSTOCK_BRONZE
SPC,LATEST,ratio,level,2.0,ACTUAL,VNSTOCK_BRONZE
SPC,LATEST,ratio,value,0.0812434443,ACTUAL,VNSTOCK_BRONZE
SPC,LATEST,ratio,order,18.0,ACTUAL,VNSTOCK_BRONZE
SPC,LATEST,ratio,level,2.0,ACTUAL,VNSTOCK_BRONZE
SPC,LATEST,ratio,value,0.0293709487,ACTUAL,VNSTOCK_BRONZE
SPC,LATEST,ratio,order,19.0,ACTUAL,VNSTOCK_BRONZE
SPC,LATEST,ratio,level,2.0,ACTUAL,VNSTOCK_BRONZE
SPC,LATEST,ratio,value,0.4067686569,ACTUAL,VNSTOCK_BRONZE
SPC,LATEST,ratio,order,20.0,ACTUAL,VNSTOCK_BRONZE
SPC,LATEST,ratio,level,2.0,ACTUAL,VNSTOCK_BRONZE
SPC,LATEST,ratio,value,0.2274520611,ACTUAL,VNSTOCK_BRONZE
SPC,LATEST,ratio,order,21.0,ACTUAL,VNSTOCK_BRONZE
SPC,LATEST,ratio,level,2.0,ACTUAL,VNSTOCK_BRONZE
SPC,LATEST,ratio,value,0.0794348368,ACTUAL,VNSTOCK_BRONZE
SPC,LATEST,ratio,order,22.0,ACTUAL,VNSTOCK_BRONZE
SPC,LATEST,ratio,level,2.0,ACTUAL,VNSTOCK_BRONZE
SPC,LATEST,ratio,value,0.0249666164,ACTUAL,VNSTOCK_BRONZE
SPC,LATEST,ratio,order,23.0,ACTUAL,VNSTOCK_BRONZE
SPC,LATEST,ratio,level,2.0,ACTUAL,VNSTOCK_BRONZE
SPC,LATEST,ratio,value,0.0165203934,ACTUAL,VNSTOCK_BRONZE
SPC,LATEST,ratio,order,24.0,ACTUAL,VNSTOCK_BRONZE
SPC,LATEST,ratio,level,2.0,ACTUAL,VNSTOCK_BRONZE
SPC,LATEST,ratio,value,1.8109782294,ACTUAL,VNSTOCK_BRONZE
SPC,LATEST,ratio,order,25.0,ACTUAL,VNSTOCK_BRONZE
SPC,LATEST,ratio,level,2.0,ACTUAL,VNSTOCK_BRONZE
SPC,LATEST,ratio,value,32.4063768356,ACTUAL,VNSTOCK_BRONZE
SPC,LATEST,ratio,order,26.0,ACTUAL,VNSTOCK_BRONZE
SPC,LATEST,ratio,level,2.0,ACTUAL,VNSTOCK_BRONZE
SPC,LATEST,ratio,value,40.4913531929,ACTUAL,VNSTOCK_BRONZE
SPC,LATEST,ratio,order,27.0,ACTUAL,VNSTOCK_BRONZE
SPC,LATEST,ratio,level,2.0,ACTUAL,VNSTOCK_BRONZE
SPC,LATEST,ratio,value,151.8628922485,ACTUAL,VNSTOCK_BRONZE
SPC,LATEST,ratio,order,28.0,ACTUAL,VNSTOCK_BRONZE
SPC,LATEST,ratio,level,2.0,ACTUAL,VNSTOCK_BRONZE
SPC,LATEST,ratio,value,78.4846467136,ACTUAL,VNSTOCK_BRONZE
SPC,LATEST,ratio,order,29.0,ACTUAL,VNSTOCK_BRONZE
SPC,LATEST,ratio,level,2.0,ACTUAL,VNSTOCK_BRONZE
SPC,LATEST,ratio,value,270.960823545,ACTUAL,VNSTOCK_BRONZE
SPC,LATEST,ratio,order,30.0,ACTUAL,VNSTOCK_BRONZE
SPC,LATEST,ratio,level,1.0,ACTUAL,VNSTOCK_BRONZE
SPC,LATEST,ratio,order,31.0,ACTUAL,VNSTOCK_BRONZE
SPC,LATEST,ratio,level,2.0,ACTUAL,VNSTOCK_BRONZE
SPC,LATEST,ratio,value,1.398719284,ACTUAL,VNSTOCK_BRONZE
SPC,LATEST,ratio,order,32.0,ACTUAL,VNSTOCK_BRONZE
SPC,LATEST,ratio,level,2.0,ACTUAL,VNSTOCK_BRONZE
SPC,LATEST,ratio,value,0.53423564,ACTUAL,VNSTOCK_BRONZE
SPC,LATEST,ratio,order,33.0,ACTUAL,VNSTOCK_BRONZE
SPC,LATEST,ratio,level,2.0,ACTUAL,VNSTOCK_BRONZE
SPC,LATEST,ratio,value,0.2242522993,ACTUAL,VNSTOCK_BRONZE
SPC,LATEST,ratio,order,34.0,ACTUAL,VNSTOCK_BRONZE
SPC,LATEST,ratio,level,2.0,ACTUAL,VNSTOCK_BRONZE
SPC,LATEST,ratio,order,35.0,ACTUAL,VNSTOCK_BRONZE
SPC,LATEST,ratio,level,2.0,ACTUAL,VNSTOCK_BRONZE
SPC,LATEST,ratio,order,36.0,ACTUAL,VNSTOCK_BRONZE
SPC,LATEST,ratio,level,2.0,ACTUAL,VNSTOCK_BRONZE
SPC,LATEST,ratio,order,37.0,ACTUAL,VNSTOCK_BRONZE
SPC,LATEST,ratio,level,2.0,ACTUAL,VNSTOCK_BRONZE
SPC,LATEST,ratio,order,38.0,ACTUAL,VNSTOCK_BRONZE
SPC,LATEST,ratio,level,1.0,ACTUAL,VNSTOCK_BRONZE
SPC,LATEST,ratio,order,39.0,ACTUAL,VNSTOCK_BRONZE
SPC,LATEST,ratio,level,2.0,ACTUAL,VNSTOCK_BRONZE
SPC,LATEST,ratio,value,2.069418746,ACTUAL,VNSTOCK_BRONZE
SPC,LATEST,ratio,order,40.0,ACTUAL,VNSTOCK_BRONZE
SPC,LATEST,ratio,level,2.0,ACTUAL,VNSTOCK_BRONZE
SPC,LATEST,ratio,value,0.0252553522,ACTUAL,VNSTOCK_BRONZE
SPC,LATEST,ratio,order,41.0,ACTUAL,VNSTOCK_BRONZE
SPC,LATEST,ratio,level,2.0,ACTUAL,VNSTOCK_BRONZE
SPC,LATEST,ratio,order,42.0,ACTUAL,VNSTOCK_BRONZE
SPC,LATEST,ratio,level,2.0,ACTUAL,VNSTOCK_BRONZE
SPC,LATEST,ratio,value,2.069418746,ACTUAL,VNSTOCK_BRONZE
SPC,LATEST,ratio,order,43.0,ACTUAL,VNSTOCK_BRONZE
SPC,LATEST,ratio,level,2.0,ACTUAL,VNSTOCK_BRONZE
SPC,LATEST,ratio,value,0.0,ACTUAL,VNSTOCK_BRONZE
SPC,LATEST,ratio,order,44.0,ACTUAL,VNSTOCK_BRONZE
SPC,LATEST,ratio,level,2.0,ACTUAL,VNSTOCK_BRONZE
SPC,LATEST,ratio,value,0.0,ACTUAL,VNSTOCK_BRONZE
SPC,LATEST,ratio,order,45.0,ACTUAL,VNSTOCK_BRONZE
SPC,LATEST,ratio,level,1.0,ACTUAL,VNSTOCK_BRONZE
SPC,LATEST,ratio,order,46.0,ACTUAL,VNSTOCK_BRONZE
SPC,LATEST,ratio,level,2.0,ACTUAL,VNSTOCK_BRONZE
SPC,LATEST,ratio,value,0.0,ACTUAL,VNSTOCK_BRONZE
SPC,LATEST,ratio,order,47.0,ACTUAL,VNSTOCK_BRONZE
SPC,LATEST,ratio,level,2.0,ACTUAL,VNSTOCK_BRONZE
SPC,LATEST,ratio,value,0.0,ACTUAL,VNSTOCK_BRONZE
SPC,LATEST,ratio,order,48.0,ACTUAL,VNSTOCK_BRONZE
SPC,LATEST,ratio,level,2.0,ACTUAL,VNSTOCK_BRONZE
SPC,LATEST,ratio,value,0.0,ACTUAL,VNSTOCK_BRONZE
SPC,LATEST,ratio,order,49.0,ACTUAL,VNSTOCK_BRONZE
SPC,LATEST,ratio,level,2.0,ACTUAL,VNSTOCK_BRONZE
SPC,LATEST,ratio,value,0.0,ACTUAL,VNSTOCK_BRONZE
SPC,LATEST,ratio,order,50.0,ACTUAL,VNSTOCK_BRONZE
SPC,LATEST,ratio,level,2.0,ACTUAL,VNSTOCK_BRONZE
SPC,LATEST,ratio,value,0.0,ACTUAL,VNSTOCK_BRONZE
SPC,LATEST,ratio,order,51.0,ACTUAL,VNSTOCK_BRONZE
SPC,LATEST,ratio,level,2.0,ACTUAL,VNSTOCK_BRONZE
SPC,LATEST,ratio,value,0.0,ACTUAL,VNSTOCK_BRONZE
SPC,LATEST,ratio,order,52.0,ACTUAL,VNSTOCK_BRONZE
SPC,LATEST,ratio,level,2.0,ACTUAL,VNSTOCK_BRONZE
SPC,LATEST,ratio,value,0.0,ACTUAL,VNSTOCK_BRONZE
SPC,LATEST,ratio,order,53.0,ACTUAL,VNSTOCK_BRONZE
SPC,LATEST,ratio,level,2.0,ACTUAL,VNSTOCK_BRONZE
SPC,LATEST,ratio,value,0.0,ACTUAL,VNSTOCK_BRONZE
SPC,LATEST,ratio,order,54.0,ACTUAL,VNSTOCK_BRONZE
SPC,LATEST,ratio,level,2.0,ACTUAL,VNSTOCK_BRONZE
SPC,LATEST,ratio,value,0.0,ACTUAL,VNSTOCK_BRONZE
SPC,LATEST,ratio,order,55.0,ACTUAL,VNSTOCK_BRONZE
SPC,LATEST,ratio,level,2.0,ACTUAL,VNSTOCK_BRONZE
SPC,LATEST,ratio,value,0.0,ACTUAL,VNSTOCK_BRONZE
SPC,LATEST,ratio,order,56.0,ACTUAL,VNSTOCK_BRONZE
SPC,LATEST,ratio,level,2.0,ACTUAL,VNSTOCK_BRONZE
SPC,LATEST,ratio,value,0.0,ACTUAL,VNSTOCK_BRONZE
SPC,LATEST,ratio,order,57.0,ACTUAL,VNSTOCK_BRONZE
SPC,LATEST,ratio,level,2.0,ACTUAL,VNSTOCK_BRONZE
SPC,LATEST,ratio,order,58.0,ACTUAL,VNSTOCK_BRONZE
SPC,LATEST,ratio,level,2.0,ACTUAL,VNSTOCK_BRONZE
SPC,LATEST,ratio,order,59.0,ACTUAL,VNSTOCK_BRONZE
SPC,LATEST,ratio,level,2.0,ACTUAL,VNSTOCK_BRONZE
SPC,LATEST,ratio,value,0.0,ACTUAL,VNSTOCK_BRONZE
SPC,LATEST,ratio,order,60.0,ACTUAL,VNSTOCK_BRONZE
SPC,LATEST,ratio,level,2.0,ACTUAL,VNSTOCK_BRONZE
SPC,LATEST,ratio,value,0.0,ACTUAL,VNSTOCK_BRONZE
SPC,LATEST,ratio,order,1.0,ACTUAL,VNSTOCK_BRONZE
SPC,LATEST,ratio,level,1.0,ACTUAL,VNSTOCK_BRONZE
SPC,LATEST,ratio,order,2.0,ACTUAL,VNSTOCK_BRONZE
SPC,LATEST,ratio,level,2.0,ACTUAL,VNSTOCK_BRONZE
SPC,LATEST,ratio,value,8.2225254352,ACTUAL,VNSTOCK_BRONZE
SPC,LATEST,ratio,order,3.0,ACTUAL,VNSTOCK_BRONZE
SPC,LATEST,ratio,level,2.0,ACTUAL,VNSTOCK_BRONZE
SPC,LATEST,ratio,value,0.8436611605,ACTUAL,VNSTOCK_BRONZE
SPC,LATEST,ratio,order,4.0,ACTUAL,VNSTOCK_BRONZE
SPC,LATEST,ratio,level,2.0,ACTUAL,VNSTOCK_BRONZE
SPC,LATEST,ratio,value,0.171477354,ACTUAL,VNSTOCK_BRONZE
SPC,LATEST,ratio,order,5.0,ACTUAL,VNSTOCK_BRONZE
SPC,LATEST,ratio,level,2.0,ACTUAL,VNSTOCK_BRONZE
SPC,LATEST,ratio,value,-6.4064277712,ACTUAL,VNSTOCK_BRONZE
SPC,LATEST,ratio,order,6.0,ACTUAL,VNSTOCK_BRONZE
SPC,LATEST,ratio,level,2.0,ACTUAL,VNSTOCK_BRONZE
SPC,LATEST,ratio,value,4.0529258195,ACTUAL,VNSTOCK_BRONZE
SPC,LATEST,ratio,order,7.0,ACTUAL,VNSTOCK_BRONZE
SPC,LATEST,ratio,level,2.0,ACTUAL,VNSTOCK_BRONZE
SPC,LATEST,ratio,value,0.0,ACTUAL,VNSTOCK_BRONZE
SPC,LATEST,ratio,order,8.0,ACTUAL,VNSTOCK_BRONZE
SPC,LATEST,ratio,level,2.0,ACTUAL,VNSTOCK_BRONZE
SPC,LATEST,ratio,value,190593000000.0,ACTUAL,VNSTOCK_BRONZE
SPC,LATEST,ratio,order,9.0,ACTUAL,VNSTOCK_BRONZE
SPC,LATEST,ratio,level,2.0,ACTUAL,VNSTOCK_BRONZE
SPC,LATEST,ratio,order,10.0,ACTUAL,VNSTOCK_BRONZE
SPC,LATEST,ratio,level,2.0,ACTUAL,VNSTOCK_BRONZE
SPC,LATEST,ratio,order,11.0,ACTUAL,VNSTOCK_BRONZE
SPC,LATEST,ratio,level,2.0,ACTUAL,VNSTOCK_BRONZE
SPC,LATEST,ratio,order,12.0,ACTUAL,VNSTOCK_BRONZE
SPC,LATEST,ratio,level,2.0,ACTUAL,VNSTOCK_BRONZE
SPC,LATEST,ratio,value,75605023100.0,ACTUAL,VNSTOCK_BRONZE
SPC,LATEST,ratio,order,13.0,ACTUAL,VNSTOCK_BRONZE
SPC,LATEST,ratio,level,2.0,ACTUAL,VNSTOCK_BRONZE
SPC,LATEST,ratio,value,83493182074.0,ACTUAL,VNSTOCK_BRONZE
SPC,LATEST,ratio,order,14.0,ACTUAL,VNSTOCK_BRONZE
SPC,LATEST,ratio,level,2.0,ACTUAL,VNSTOCK_BRONZE
SPC,LATEST,ratio,value,0.0303714191,ACTUAL,VNSTOCK_BRONZE
SPC,LATEST,ratio,order,15.0,ACTUAL,VNSTOCK_BRONZE
SPC,LATEST,ratio,level,2.0,ACTUAL,VNSTOCK_BRONZE
SPC,LATEST,ratio,value,10530000.0,ACTUAL,VNSTOCK_BRONZE
SPC,LATEST,ratio,order,16.0,ACTUAL,VNSTOCK_BRONZE
SPC,LATEST,ratio,level,1.0,ACTUAL,VNSTOCK_BRONZE
SPC,LATEST,ratio,order,17.0,ACTUAL,VNSTOCK_BRONZE
SPC,LATEST,ratio,level,2.0,ACTUAL,VNSTOCK_BRONZE
SPC,LATEST,ratio,value,0.0977804318,ACTUAL,VNSTOCK_BRONZE
SPC,LATEST,ratio,order,18.0,ACTUAL,VNSTOCK_BRONZE
SPC,LATEST,ratio,level,2.0,ACTUAL,VNSTOCK_BRONZE
SPC,LATEST,ratio,value,0.0374261577,ACTUAL,VNSTOCK_BRONZE
SPC,LATEST,ratio,order,19.0,ACTUAL,VNSTOCK_BRONZE
SPC,LATEST,ratio,level,2.0,ACTUAL,VNSTOCK_BRONZE
SPC,LATEST,ratio,value,0.179679192,ACTUAL,VNSTOCK_BRONZE
SPC,LATEST,ratio,order,20.0,ACTUAL,VNSTOCK_BRONZE
SPC,LATEST,ratio,level,2.0,ACTUAL,VNSTOCK_BRONZE
SPC,LATEST,ratio,value,0.2036686375,ACTUAL,VNSTOCK_BRONZE
SPC,LATEST,ratio,order,21.0,ACTUAL,VNSTOCK_BRONZE
SPC,LATEST,ratio,level,2.0,ACTUAL,VNSTOCK_BRONZE
SPC,LATEST,ratio,value,0.0680221693,ACTUAL,VNSTOCK_BRONZE
SPC,LATEST,ratio,order,22.0,ACTUAL,VNSTOCK_BRONZE
SPC,LATEST,ratio,level,2.0,ACTUAL,VNSTOCK_BRONZE
SPC,LATEST,ratio,value,0.03148168,ACTUAL,VNSTOCK_BRONZE
SPC,LATEST,ratio,order,23.0,ACTUAL,VNSTOCK_BRONZE
SPC,LATEST,ratio,level,2.0,ACTUAL,VNSTOCK_BRONZE
SPC,LATEST,ratio,value,0.0215757471,ACTUAL,VNSTOCK_BRONZE
SPC,LATEST,ratio,order,24.0,ACTUAL,VNSTOCK_BRONZE
SPC,LATEST,ratio,level,2.0,ACTUAL,VNSTOCK_BRONZE
SPC,LATEST,ratio,value,1.794624925,ACTUAL,VNSTOCK_BRONZE
SPC,LATEST,ratio,order,25.0,ACTUAL,VNSTOCK_BRONZE
SPC,LATEST,ratio,level,2.0,ACTUAL,VNSTOCK_BRONZE
SPC,LATEST,ratio,value,28.5118025645,ACTUAL,VNSTOCK_BRONZE
SPC,LATEST,ratio,order,26.0,ACTUAL,VNSTOCK_BRONZE
SPC,LATEST,ratio,level,2.0,ACTUAL,VNSTOCK_BRONZE
SPC,LATEST,ratio,value,46.3940123821,ACTUAL,VNSTOCK_BRONZE
SPC,LATEST,ratio,order,27.0,ACTUAL,VNSTOCK_BRONZE
SPC,LATEST,ratio,level,2.0,ACTUAL,VNSTOCK_BRONZE
SPC,LATEST,ratio,value,144.4059416652,ACTUAL,VNSTOCK_BRONZE
SPC,LATEST,ratio,order,28.0,ACTUAL,VNSTOCK_BRONZE
SPC,LATEST,ratio,level,2.0,ACTUAL,VNSTOCK_BRONZE
SPC,LATEST,ratio,value,70.1953707614,ACTUAL,VNSTOCK_BRONZE
SPC,LATEST,ratio,order,29.0,ACTUAL,VNSTOCK_BRONZE
SPC,LATEST,ratio,level,2.0,ACTUAL,VNSTOCK_BRONZE
SPC,LATEST,ratio,value,261.2942984361,ACTUAL,VNSTOCK_BRONZE
SPC,LATEST,ratio,order,30.0,ACTUAL,VNSTOCK_BRONZE
SPC,LATEST,ratio,level,1.0,ACTUAL,VNSTOCK_BRONZE
SPC,LATEST,ratio,order,31.0,ACTUAL,VNSTOCK_BRONZE
SPC,LATEST,ratio,level,2.0,ACTUAL,VNSTOCK_BRONZE
SPC,LATEST,ratio,value,1.5509222996,ACTUAL,VNSTOCK_BRONZE
SPC,LATEST,ratio,order,32.0,ACTUAL,VNSTOCK_BRONZE
SPC,LATEST,ratio,level,2.0,ACTUAL,VNSTOCK_BRONZE
SPC,LATEST,ratio,value,0.5409833951,ACTUAL,VNSTOCK_BRONZE
SPC,LATEST,ratio,order,33.0,ACTUAL,VNSTOCK_BRONZE
SPC,LATEST,ratio,level,2.0,ACTUAL,VNSTOCK_BRONZE
SPC,LATEST,ratio,value,0.1219779719,ACTUAL,VNSTOCK_BRONZE
SPC,LATEST,ratio,order,34.0,ACTUAL,VNSTOCK_BRONZE
SPC,LATEST,ratio,level,2.0,ACTUAL,VNSTOCK_BRONZE
SPC,LATEST,ratio,order,35.0,ACTUAL,VNSTOCK_BRONZE
SPC,LATEST,ratio,level,2.0,ACTUAL,VNSTOCK_BRONZE
SPC,LATEST,ratio,order,36.0,ACTUAL,VNSTOCK_BRONZE
SPC,LATEST,ratio,level,2.0,ACTUAL,VNSTOCK_BRONZE
SPC,LATEST,ratio,order,37.0,ACTUAL,VNSTOCK_BRONZE
SPC,LATEST,ratio,level,2.0,ACTUAL,VNSTOCK_BRONZE
SPC,LATEST,ratio,order,38.0,ACTUAL,VNSTOCK_BRONZE
SPC,LATEST,ratio,level,1.0,ACTUAL,VNSTOCK_BRONZE
SPC,LATEST,ratio,order,39.0,ACTUAL,VNSTOCK_BRONZE
SPC,LATEST,ratio,level,2.0,ACTUAL,VNSTOCK_BRONZE
SPC,LATEST,ratio,value,1.5280393333,ACTUAL,VNSTOCK_BRONZE
SPC,LATEST,ratio,order,40.0,ACTUAL,VNSTOCK_BRONZE
SPC,LATEST,ratio,level,2.0,ACTUAL,VNSTOCK_BRONZE
SPC,LATEST,ratio,value,0.7782233369,ACTUAL,VNSTOCK_BRONZE
SPC,LATEST,ratio,order,41.0,ACTUAL,VNSTOCK_BRONZE
SPC,LATEST,ratio,level,2.0,ACTUAL,VNSTOCK_BRONZE
SPC,LATEST,ratio,order,42.0,ACTUAL,VNSTOCK_BRONZE
SPC,LATEST,ratio,level,2.0,ACTUAL,VNSTOCK_BRONZE
SPC,LATEST,ratio,value,1.5280393333,ACTUAL,VNSTOCK_BRONZE
SPC,LATEST,ratio,order,43.0,ACTUAL,VNSTOCK_BRONZE
SPC,LATEST,ratio,level,2.0,ACTUAL,VNSTOCK_BRONZE
SPC,LATEST,ratio,value,0.0,ACTUAL,VNSTOCK_BRONZE
SPC,LATEST,ratio,order,44.0,ACTUAL,VNSTOCK_BRONZE
SPC,LATEST,ratio,level,2.0,ACTUAL,VNSTOCK_BRONZE
SPC,LATEST,ratio,value,0.0,ACTUAL,VNSTOCK_BRONZE
SPC,LATEST,ratio,order,45.0,ACTUAL,VNSTOCK_BRONZE
SPC,LATEST,ratio,level,1.0,ACTUAL,VNSTOCK_BRONZE
SPC,LATEST,ratio,order,46.0,ACTUAL,VNSTOCK_BRONZE
SPC,LATEST,ratio,level,2.0,ACTUAL,VNSTOCK_BRONZE
SPC,LATEST,ratio,value,0.0,ACTUAL,VNSTOCK_BRONZE
SPC,LATEST,ratio,order,47.0,ACTUAL,VNSTOCK_BRONZE
SPC,LATEST,ratio,level,2.0,ACTUAL,VNSTOCK_BRONZE
SPC,LATEST,ratio,value,0.0,ACTUAL,VNSTOCK_BRONZE
SPC,LATEST,ratio,order,48.0,ACTUAL,VNSTOCK_BRONZE
SPC,LATEST,ratio,level,2.0,ACTUAL,VNSTOCK_BRONZE
SPC,LATEST,ratio,value,0.0,ACTUAL,VNSTOCK_BRONZE
SPC,LATEST,ratio,order,49.0,ACTUAL,VNSTOCK_BRONZE
SPC,LATEST,ratio,level,2.0,ACTUAL,VNSTOCK_BRONZE
SPC,LATEST,ratio,value,0.0,ACTUAL,VNSTOCK_BRONZE
SPC,LATEST,ratio,order,50.0,ACTUAL,VNSTOCK_BRONZE
SPC,LATEST,ratio,level,2.0,ACTUAL,VNSTOCK_BRONZE
SPC,LATEST,ratio,value,0.0,ACTUAL,VNSTOCK_BRONZE
SPC,LATEST,ratio,order,51.0,ACTUAL,VNSTOCK_BRONZE
SPC,LATEST,ratio,level,2.0,ACTUAL,VNSTOCK_BRONZE
SPC,LATEST,ratio,value,0.0,ACTUAL,VNSTOCK_BRONZE
SPC,LATEST,ratio,order,52.0,ACTUAL,VNSTOCK_BRONZE
SPC,LATEST,ratio,level,2.0,ACTUAL,VNSTOCK_BRONZE
SPC,LATEST,ratio,value,0.0,ACTUAL,VNSTOCK_BRONZE
SPC,LATEST,ratio,order,53.0,ACTUAL,VNSTOCK_BRONZE
SPC,LATEST,ratio,level,2.0,ACTUAL,VNSTOCK_BRONZE
SPC,LATEST,ratio,value,0.0,ACTUAL,VNSTOCK_BRONZE
SPC,LATEST,ratio,order,54.0,ACTUAL,VNSTOCK_BRONZE
SPC,LATEST,ratio,level,2.0,ACTUAL,VNSTOCK_BRONZE
SPC,LATEST,ratio,value,0.0,ACTUAL,VNSTOCK_BRONZE
SPC,LATEST,ratio,order,55.0,ACTUAL,VNSTOCK_BRONZE
SPC,LATEST,ratio,level,2.0,ACTUAL,VNSTOCK_BRONZE
SPC,LATEST,ratio,value,0.0,ACTUAL,VNSTOCK_BRONZE
SPC,LATEST,ratio,order,56.0,ACTUAL,VNSTOCK_BRONZE
SPC,LATEST,ratio,level,2.0,ACTUAL,VNSTOCK_BRONZE
SPC,LATEST,ratio,value,0.0,ACTUAL,VNSTOCK_BRONZE
SPC,LATEST,ratio,order,57.0,ACTUAL,VNSTOCK_BRONZE
SPC,LATEST,ratio,level,2.0,ACTUAL,VNSTOCK_BRONZE
SPC,LATEST,ratio,order,58.0,ACTUAL,VNSTOCK_BRONZE
SPC,LATEST,ratio,level,2.0,ACTUAL,VNSTOCK_BRONZE
SPC,LATEST,ratio,order,59.0,ACTUAL,VNSTOCK_BRONZE
SPC,LATEST,ratio,level,2.0,ACTUAL,VNSTOCK_BRONZE
SPC,LATEST,ratio,value,0.0,ACTUAL,VNSTOCK_BRONZE
SPC,LATEST,ratio,order,60.0,ACTUAL,VNSTOCK_BRONZE
SPC,LATEST,ratio,level,2.0,ACTUAL,VNSTOCK_BRONZE
SPC,LATEST,ratio,value,0.0,ACTUAL,VNSTOCK_BRONZE
SPC,LATEST,ratio,order,1.0,ACTUAL,VNSTOCK_BRONZE
SPC,LATEST,ratio,level,1.0,ACTUAL,VNSTOCK_BRONZE
SPC,LATEST,ratio,order,2.0,ACTUAL,VNSTOCK_BRONZE
SPC,LATEST,ratio,level,2.0,ACTUAL,VNSTOCK_BRONZE
SPC,LATEST,ratio,value,6.7381468881,ACTUAL,VNSTOCK_BRONZE
SPC,LATEST,ratio,order,3.0,ACTUAL,VNSTOCK_BRONZE
SPC,LATEST,ratio,level,2.0,ACTUAL,VNSTOCK_BRONZE
SPC,LATEST,ratio,value,1.0813471783,ACTUAL,VNSTOCK_BRONZE
SPC,LATEST,ratio,order,4.0,ACTUAL,VNSTOCK_BRONZE
SPC,LATEST,ratio,level,2.0,ACTUAL,VNSTOCK_BRONZE
SPC,LATEST,ratio,value,0.2155728496,ACTUAL,VNSTOCK_BRONZE
SPC,LATEST,ratio,order,5.0,ACTUAL,VNSTOCK_BRONZE
SPC,LATEST,ratio,level,2.0,ACTUAL,VNSTOCK_BRONZE
SPC,LATEST,ratio,value,11.3067982906,ACTUAL,VNSTOCK_BRONZE
SPC,LATEST,ratio,order,6.0,ACTUAL,VNSTOCK_BRONZE
SPC,LATEST,ratio,level,2.0,ACTUAL,VNSTOCK_BRONZE
SPC,LATEST,ratio,value,4.0425869932,ACTUAL,VNSTOCK_BRONZE
SPC,LATEST,ratio,order,7.0,ACTUAL,VNSTOCK_BRONZE
SPC,LATEST,ratio,level,2.0,ACTUAL,VNSTOCK_BRONZE
SPC,LATEST,ratio,value,7.29613734,ACTUAL,VNSTOCK_BRONZE
SPC,LATEST,ratio,order,8.0,ACTUAL,VNSTOCK_BRONZE
SPC,LATEST,ratio,level,2.0,ACTUAL,VNSTOCK_BRONZE
SPC,LATEST,ratio,value,245349000000.0,ACTUAL,VNSTOCK_BRONZE
SPC,LATEST,ratio,order,9.0,ACTUAL,VNSTOCK_BRONZE
SPC,LATEST,ratio,level,2.0,ACTUAL,VNSTOCK_BRONZE
SPC,LATEST,ratio,order,10.0,ACTUAL,VNSTOCK_BRONZE
SPC,LATEST,ratio,level,2.0,ACTUAL,VNSTOCK_BRONZE
SPC,LATEST,ratio,order,11.0,ACTUAL,VNSTOCK_BRONZE
SPC,LATEST,ratio,level,2.0,ACTUAL,VNSTOCK_BRONZE
SPC,LATEST,ratio,order,12.0,ACTUAL,VNSTOCK_BRONZE
SPC,LATEST,ratio,level,2.0,ACTUAL,VNSTOCK_BRONZE
SPC,LATEST,ratio,value,77844957298.0,ACTUAL,VNSTOCK_BRONZE
SPC,LATEST,ratio,order,13.0,ACTUAL,VNSTOCK_BRONZE
SPC,LATEST,ratio,level,2.0,ACTUAL,VNSTOCK_BRONZE
SPC,LATEST,ratio,value,86559127006.0,ACTUAL,VNSTOCK_BRONZE
SPC,LATEST,ratio,order,14.0,ACTUAL,VNSTOCK_BRONZE
SPC,LATEST,ratio,level,2.0,ACTUAL,VNSTOCK_BRONZE
SPC,LATEST,ratio,value,0.0296981137,ACTUAL,VNSTOCK_BRONZE
SPC,LATEST,ratio,order,15.0,ACTUAL,VNSTOCK_BRONZE
SPC,LATEST,ratio,level,2.0,ACTUAL,VNSTOCK_BRONZE
SPC,LATEST,ratio,value,10530000.0,ACTUAL,VNSTOCK_BRONZE
SPC,LATEST,ratio,order,16.0,ACTUAL,VNSTOCK_BRONZE
SPC,LATEST,ratio,level,1.0,ACTUAL,VNSTOCK_BRONZE
SPC,LATEST,ratio,order,17.0,ACTUAL,VNSTOCK_BRONZE
SPC,LATEST,ratio,level,2.0,ACTUAL,VNSTOCK_BRONZE
SPC,LATEST,ratio,value,0.1556368927,ACTUAL,VNSTOCK_BRONZE
SPC,LATEST,ratio,order,18.0,ACTUAL,VNSTOCK_BRONZE
SPC,LATEST,ratio,level,2.0,ACTUAL,VNSTOCK_BRONZE
SPC,LATEST,ratio,value,0.0582373645,ACTUAL,VNSTOCK_BRONZE
SPC,LATEST,ratio,order,19.0,ACTUAL,VNSTOCK_BRONZE
SPC,LATEST,ratio,level,2.0,ACTUAL,VNSTOCK_BRONZE
SPC,LATEST,ratio,value,0.1992131323,ACTUAL,VNSTOCK_BRONZE
SPC,LATEST,ratio,order,20.0,ACTUAL,VNSTOCK_BRONZE
SPC,LATEST,ratio,level,2.0,ACTUAL,VNSTOCK_BRONZE
SPC,LATEST,ratio,value,0.2226256322,ACTUAL,VNSTOCK_BRONZE
SPC,LATEST,ratio,order,21.0,ACTUAL,VNSTOCK_BRONZE
SPC,LATEST,ratio,level,2.0,ACTUAL,VNSTOCK_BRONZE
SPC,LATEST,ratio,value,0.0683975043,ACTUAL,VNSTOCK_BRONZE
SPC,LATEST,ratio,order,22.0,ACTUAL,VNSTOCK_BRONZE
SPC,LATEST,ratio,level,2.0,ACTUAL,VNSTOCK_BRONZE
SPC,LATEST,ratio,value,0.0429765427,ACTUAL,VNSTOCK_BRONZE
SPC,LATEST,ratio,order,23.0,ACTUAL,VNSTOCK_BRONZE
SPC,LATEST,ratio,level,2.0,ACTUAL,VNSTOCK_BRONZE
SPC,LATEST,ratio,value,0.0325100972,ACTUAL,VNSTOCK_BRONZE
SPC,LATEST,ratio,order,24.0,ACTUAL,VNSTOCK_BRONZE
SPC,LATEST,ratio,level,2.0,ACTUAL,VNSTOCK_BRONZE
SPC,LATEST,ratio,value,1.8203216081,ACTUAL,VNSTOCK_BRONZE
SPC,LATEST,ratio,order,25.0,ACTUAL,VNSTOCK_BRONZE
SPC,LATEST,ratio,level,2.0,ACTUAL,VNSTOCK_BRONZE
SPC,LATEST,ratio,value,28.9066216078,ACTUAL,VNSTOCK_BRONZE
SPC,LATEST,ratio,order,26.0,ACTUAL,VNSTOCK_BRONZE
SPC,LATEST,ratio,level,2.0,ACTUAL,VNSTOCK_BRONZE
SPC,LATEST,ratio,value,50.0047430438,ACTUAL,VNSTOCK_BRONZE
SPC,LATEST,ratio,order,27.0,ACTUAL,VNSTOCK_BRONZE
SPC,LATEST,ratio,level,2.0,ACTUAL,VNSTOCK_BRONZE
SPC,LATEST,ratio,value,144.014443125,ACTUAL,VNSTOCK_BRONZE
SPC,LATEST,ratio,order,28.0,ACTUAL,VNSTOCK_BRONZE
SPC,LATEST,ratio,level,2.0,ACTUAL,VNSTOCK_BRONZE
SPC,LATEST,ratio,value,79.3998320772,ACTUAL,VNSTOCK_BRONZE
SPC,LATEST,ratio,order,29.0,ACTUAL,VNSTOCK_BRONZE
SPC,LATEST,ratio,level,2.0,ACTUAL,VNSTOCK_BRONZE
SPC,LATEST,ratio,value,271.659694188,ACTUAL,VNSTOCK_BRONZE
SPC,LATEST,ratio,order,30.0,ACTUAL,VNSTOCK_BRONZE
SPC,LATEST,ratio,level,1.0,ACTUAL,VNSTOCK_BRONZE
SPC,LATEST,ratio,order,31.0,ACTUAL,VNSTOCK_BRONZE
SPC,LATEST,ratio,level,2.0,ACTUAL,VNSTOCK_BRONZE
SPC,LATEST,ratio,value,1.4763722617,ACTUAL,VNSTOCK_BRONZE
SPC,LATEST,ratio,order,32.0,ACTUAL,VNSTOCK_BRONZE
SPC,LATEST,ratio,level,2.0,ACTUAL,VNSTOCK_BRONZE
SPC,LATEST,ratio,value,0.6137051469,ACTUAL,VNSTOCK_BRONZE
SPC,LATEST,ratio,order,33.0,ACTUAL,VNSTOCK_BRONZE
SPC,LATEST,ratio,level,2.0,ACTUAL,VNSTOCK_BRONZE
SPC,LATEST,ratio,value,0.1519584634,ACTUAL,VNSTOCK_BRONZE
SPC,LATEST,ratio,order,34.0,ACTUAL,VNSTOCK_BRONZE
SPC,LATEST,ratio,level,2.0,ACTUAL,VNSTOCK_BRONZE
SPC,LATEST,ratio,order,35.0,ACTUAL,VNSTOCK_BRONZE
SPC,LATEST,ratio,level,2.0,ACTUAL,VNSTOCK_BRONZE
SPC,LATEST,ratio,order,36.0,ACTUAL,VNSTOCK_BRONZE
SPC,LATEST,ratio,level,2.0,ACTUAL,VNSTOCK_BRONZE
SPC,LATEST,ratio,order,37.0,ACTUAL,VNSTOCK_BRONZE
SPC,LATEST,ratio,level,2.0,ACTUAL,VNSTOCK_BRONZE
SPC,LATEST,ratio,order,38.0,ACTUAL,VNSTOCK_BRONZE
SPC,LATEST,ratio,level,1.0,ACTUAL,VNSTOCK_BRONZE
SPC,LATEST,ratio,order,39.0,ACTUAL,VNSTOCK_BRONZE
SPC,LATEST,ratio,level,2.0,ACTUAL,VNSTOCK_BRONZE
SPC,LATEST,ratio,value,1.6969019536,ACTUAL,VNSTOCK_BRONZE
SPC,LATEST,ratio,order,40.0,ACTUAL,VNSTOCK_BRONZE
SPC,LATEST,ratio,level,2.0,ACTUAL,VNSTOCK_BRONZE
SPC,LATEST,ratio,value,0.6454358296,ACTUAL,VNSTOCK_BRONZE
SPC,LATEST,ratio,order,41.0,ACTUAL,VNSTOCK_BRONZE
SPC,LATEST,ratio,level,2.0,ACTUAL,VNSTOCK_BRONZE
SPC,LATEST,ratio,order,42.0,ACTUAL,VNSTOCK_BRONZE
SPC,LATEST,ratio,level,2.0,ACTUAL,VNSTOCK_BRONZE
SPC,LATEST,ratio,value,1.6969019536,ACTUAL,VNSTOCK_BRONZE
SPC,LATEST,ratio,order,43.0,ACTUAL,VNSTOCK_BRONZE
SPC,LATEST,ratio,level,2.0,ACTUAL,VNSTOCK_BRONZE
SPC,LATEST,ratio,value,0.0,ACTUAL,VNSTOCK_BRONZE
SPC,LATEST,ratio,order,44.0,ACTUAL,VNSTOCK_BRONZE
SPC,LATEST,ratio,level,2.0,ACTUAL,VNSTOCK_BRONZE
SPC,LATEST,ratio,value,0.0,ACTUAL,VNSTOCK_BRONZE
SPC,LATEST,ratio,order,45.0,ACTUAL,VNSTOCK_BRONZE
SPC,LATEST,ratio,level,1.0,ACTUAL,VNSTOCK_BRONZE
SPC,LATEST,ratio,order,46.0,ACTUAL,VNSTOCK_BRONZE
SPC,LATEST,ratio,level,2.0,ACTUAL,VNSTOCK_BRONZE
SPC,LATEST,ratio,value,0.0,ACTUAL,VNSTOCK_BRONZE
SPC,LATEST,ratio,order,47.0,ACTUAL,VNSTOCK_BRONZE
SPC,LATEST,ratio,level,2.0,ACTUAL,VNSTOCK_BRONZE
SPC,LATEST,ratio,value,0.0,ACTUAL,VNSTOCK_BRONZE
SPC,LATEST,ratio,order,48.0,ACTUAL,VNSTOCK_BRONZE
SPC,LATEST,ratio,level,2.0,ACTUAL,VNSTOCK_BRONZE
SPC,LATEST,ratio,value,0.0,ACTUAL,VNSTOCK_BRONZE
SPC,LATEST,ratio,order,49.0,ACTUAL,VNSTOCK_BRONZE
SPC,LATEST,ratio,level,2.0,ACTUAL,VNSTOCK_BRONZE
SPC,LATEST,ratio,value,0.0,ACTUAL,VNSTOCK_BRONZE
SPC,LATEST,ratio,order,50.0,ACTUAL,VNSTOCK_BRONZE
SPC,LATEST,ratio,level,2.0,ACTUAL,VNSTOCK_BRONZE
SPC,LATEST,ratio,value,0.0,ACTUAL,VNSTOCK_BRONZE
SPC,LATEST,ratio,order,51.0,ACTUAL,VNSTOCK_BRONZE
SPC,LATEST,ratio,level,2.0,ACTUAL,VNSTOCK_BRONZE
SPC,LATEST,ratio,value,0.0,ACTUAL,VNSTOCK_BRONZE
SPC,LATEST,ratio,order,52.0,ACTUAL,VNSTOCK_BRONZE
SPC,LATEST,ratio,level,2.0,ACTUAL,VNSTOCK_BRONZE
SPC,LATEST,ratio,value,0.0,ACTUAL,VNSTOCK_BRONZE
SPC,LATEST,ratio,order,53.0,ACTUAL,VNSTOCK_BRONZE
SPC,LATEST,ratio,level,2.0,ACTUAL,VNSTOCK_BRONZE
SPC,LATEST,ratio,value,0.0,ACTUAL,VNSTOCK_BRONZE
SPC,LATEST,ratio,order,54.0,ACTUAL,VNSTOCK_BRONZE
SPC,LATEST,ratio,level,2.0,ACTUAL,VNSTOCK_BRONZE
SPC,LATEST,ratio,value,0.0,ACTUAL,VNSTOCK_BRONZE
SPC,LATEST,ratio,order,55.0,ACTUAL,VNSTOCK_BRONZE
SPC,LATEST,ratio,level,2.0,ACTUAL,VNSTOCK_BRONZE
SPC,LATEST,ratio,value,0.0,ACTUAL,VNSTOCK_BRONZE
SPC,LATEST,ratio,order,56.0,ACTUAL,VNSTOCK_BRONZE
SPC,LATEST,ratio,level,2.0,ACTUAL,VNSTOCK_BRONZE
SPC,LATEST,ratio,value,0.0,ACTUAL,VNSTOCK_BRONZE
SPC,LATEST,ratio,order,57.0,ACTUAL,VNSTOCK_BRONZE
SPC,LATEST,ratio,level,2.0,ACTUAL,VNSTOCK_BRONZE
SPC,LATEST,ratio,order,58.0,ACTUAL,VNSTOCK_BRONZE
SPC,LATEST,ratio,level,2.0,ACTUAL,VNSTOCK_BRONZE
SPC,LATEST,ratio,order,59.0,ACTUAL,VNSTOCK_BRONZE
SPC,LATEST,ratio,level,2.0,ACTUAL,VNSTOCK_BRONZE
SPC,LATEST,ratio,value,0.0,ACTUAL,VNSTOCK_BRONZE
SPC,LATEST,ratio,order,60.0,ACTUAL,VNSTOCK_BRONZE
SPC,LATEST,ratio,level,2.0,ACTUAL,VNSTOCK_BRONZE
SPC,LATEST,ratio,value,0.0,ACTUAL,VNSTOCK_BRONZE
SPC,LATEST,ratio,order,1.0,ACTUAL,VNSTOCK_BRONZE
SPC,LATEST,ratio,level,1.0,ACTUAL,VNSTOCK_BRONZE
SPC,LATEST,ratio,order,2.0,ACTUAL,VNSTOCK_BRONZE
SPC,LATEST,ratio,level,2.0,ACTUAL,VNSTOCK_BRONZE
SPC,LATEST,ratio,value,5.7403934562,ACTUAL,VNSTOCK_BRONZE
SPC,LATEST,ratio,order,3.0,ACTUAL,VNSTOCK_BRONZE
SPC,LATEST,ratio,level,2.0,ACTUAL,VNSTOCK_BRONZE
SPC,LATEST,ratio,value,1.0109709063,ACTUAL,VNSTOCK_BRONZE
SPC,LATEST,ratio,order,4.0,ACTUAL,VNSTOCK_BRONZE
SPC,LATEST,ratio,level,2.0,ACTUAL,VNSTOCK_BRONZE
SPC,LATEST,ratio,value,0.1799923199,ACTUAL,VNSTOCK_BRONZE
SPC,LATEST,ratio,order,5.0,ACTUAL,VNSTOCK_BRONZE
SPC,LATEST,ratio,level,2.0,ACTUAL,VNSTOCK_BRONZE
SPC,LATEST,ratio,value,5.6528602679,ACTUAL,VNSTOCK_BRONZE
SPC,LATEST,ratio,order,6.0,ACTUAL,VNSTOCK_BRONZE
SPC,LATEST,ratio,level,2.0,ACTUAL,VNSTOCK_BRONZE
SPC,LATEST,ratio,value,4.0421843425,ACTUAL,VNSTOCK_BRONZE
SPC,LATEST,ratio,order,7.0,ACTUAL,VNSTOCK_BRONZE
SPC,LATEST,ratio,level,2.0,ACTUAL,VNSTOCK_BRONZE
SPC,LATEST,ratio,value,8.05687204,ACTUAL,VNSTOCK_BRONZE
SPC,LATEST,ratio,order,8.0,ACTUAL,VNSTOCK_BRONZE
SPC,LATEST,ratio,level,2.0,ACTUAL,VNSTOCK_BRONZE
SPC,LATEST,ratio,value,222183000000.0,ACTUAL,VNSTOCK_BRONZE
SPC,LATEST,ratio,order,9.0,ACTUAL,VNSTOCK_BRONZE
SPC,LATEST,ratio,level,2.0,ACTUAL,VNSTOCK_BRONZE
SPC,LATEST,ratio,order,10.0,ACTUAL,VNSTOCK_BRONZE
SPC,LATEST,ratio,level,2.0,ACTUAL,VNSTOCK_BRONZE
SPC,LATEST,ratio,order,11.0,ACTUAL,VNSTOCK_BRONZE
SPC,LATEST,ratio,level,2.0,ACTUAL,VNSTOCK_BRONZE
SPC,LATEST,ratio,order,12.0,ACTUAL,VNSTOCK_BRONZE
SPC,LATEST,ratio,level,2.0,ACTUAL,VNSTOCK_BRONZE
SPC,LATEST,ratio,value,70203288707.0,ACTUAL,VNSTOCK_BRONZE
SPC,LATEST,ratio,order,13.0,ACTUAL,VNSTOCK_BRONZE
SPC,LATEST,ratio,level,2.0,ACTUAL,VNSTOCK_BRONZE
SPC,LATEST,ratio,value,79338693431.0,ACTUAL,VNSTOCK_BRONZE
SPC,LATEST,ratio,order,14.0,ACTUAL,VNSTOCK_BRONZE
SPC,LATEST,ratio,level,2.0,ACTUAL,VNSTOCK_BRONZE
SPC,LATEST,ratio,value,0.032371001,ACTUAL,VNSTOCK_BRONZE
SPC,LATEST,ratio,order,15.0,ACTUAL,VNSTOCK_BRONZE
SPC,LATEST,ratio,level,2.0,ACTUAL,VNSTOCK_BRONZE
SPC,LATEST,ratio,value,10530000.0,ACTUAL,VNSTOCK_BRONZE
SPC,LATEST,ratio,order,16.0,ACTUAL,VNSTOCK_BRONZE
SPC,LATEST,ratio,level,1.0,ACTUAL,VNSTOCK_BRONZE
SPC,LATEST,ratio,order,17.0,ACTUAL,VNSTOCK_BRONZE
SPC,LATEST,ratio,level,2.0,ACTUAL,VNSTOCK_BRONZE
SPC,LATEST,ratio,value,0.173220743,ACTUAL,VNSTOCK_BRONZE
SPC,LATEST,ratio,order,18.0,ACTUAL,VNSTOCK_BRONZE
SPC,LATEST,ratio,level,2.0,ACTUAL,VNSTOCK_BRONZE
SPC,LATEST,ratio,value,0.0580813922,ACTUAL,VNSTOCK_BRONZE
SPC,LATEST,ratio,order,19.0,ACTUAL,VNSTOCK_BRONZE
SPC,LATEST,ratio,level,2.0,ACTUAL,VNSTOCK_BRONZE
SPC,LATEST,ratio,value,0.192623571,ACTUAL,VNSTOCK_BRONZE
SPC,LATEST,ratio,order,20.0,ACTUAL,VNSTOCK_BRONZE
SPC,LATEST,ratio,level,2.0,ACTUAL,VNSTOCK_BRONZE
SPC,LATEST,ratio,value,0.2106647389,ACTUAL,VNSTOCK_BRONZE
SPC,LATEST,ratio,order,21.0,ACTUAL,VNSTOCK_BRONZE
SPC,LATEST,ratio,level,2.0,ACTUAL,VNSTOCK_BRONZE
SPC,LATEST,ratio,value,0.0568722756,ACTUAL,VNSTOCK_BRONZE
SPC,LATEST,ratio,order,22.0,ACTUAL,VNSTOCK_BRONZE
SPC,LATEST,ratio,level,2.0,ACTUAL,VNSTOCK_BRONZE
SPC,LATEST,ratio,value,0.0418862766,ACTUAL,VNSTOCK_BRONZE
SPC,LATEST,ratio,order,23.0,ACTUAL,VNSTOCK_BRONZE
SPC,LATEST,ratio,level,2.0,ACTUAL,VNSTOCK_BRONZE
SPC,LATEST,ratio,value,0.032116429,ACTUAL,VNSTOCK_BRONZE
SPC,LATEST,ratio,order,24.0,ACTUAL,VNSTOCK_BRONZE
SPC,LATEST,ratio,level,2.0,ACTUAL,VNSTOCK_BRONZE
SPC,LATEST,ratio,value,1.852357055,ACTUAL,VNSTOCK_BRONZE
SPC,LATEST,ratio,order,25.0,ACTUAL,VNSTOCK_BRONZE
SPC,LATEST,ratio,level,2.0,ACTUAL,VNSTOCK_BRONZE
SPC,LATEST,ratio,value,29.8965147569,ACTUAL,VNSTOCK_BRONZE
SPC,LATEST,ratio,order,26.0,ACTUAL,VNSTOCK_BRONZE
SPC,LATEST,ratio,level,2.0,ACTUAL,VNSTOCK_BRONZE
SPC,LATEST,ratio,value,50.4210241763,ACTUAL,VNSTOCK_BRONZE
SPC,LATEST,ratio,order,27.0,ACTUAL,VNSTOCK_BRONZE
SPC,LATEST,ratio,level,2.0,ACTUAL,VNSTOCK_BRONZE
SPC,LATEST,ratio,value,141.9736712351,ACTUAL,VNSTOCK_BRONZE
SPC,LATEST,ratio,order,28.0,ACTUAL,VNSTOCK_BRONZE
SPC,LATEST,ratio,level,2.0,ACTUAL,VNSTOCK_BRONZE
SPC,LATEST,ratio,value,87.6852976684,ACTUAL,VNSTOCK_BRONZE
SPC,LATEST,ratio,order,29.0,ACTUAL,VNSTOCK_BRONZE
SPC,LATEST,ratio,level,2.0,ACTUAL,VNSTOCK_BRONZE
SPC,LATEST,ratio,value,276.2113743667,ACTUAL,VNSTOCK_BRONZE
SPC,LATEST,ratio,order,30.0,ACTUAL,VNSTOCK_BRONZE
SPC,LATEST,ratio,level,1.0,ACTUAL,VNSTOCK_BRONZE
SPC,LATEST,ratio,order,31.0,ACTUAL,VNSTOCK_BRONZE
SPC,LATEST,ratio,level,2.0,ACTUAL,VNSTOCK_BRONZE
SPC,LATEST,ratio,value,1.5046386766,ACTUAL,VNSTOCK_BRONZE
SPC,LATEST,ratio,order,32.0,ACTUAL,VNSTOCK_BRONZE
SPC,LATEST,ratio,level,2.0,ACTUAL,VNSTOCK_BRONZE
SPC,LATEST,ratio,value,0.5562808499,ACTUAL,VNSTOCK_BRONZE
SPC,LATEST,ratio,order,33.0,ACTUAL,VNSTOCK_BRONZE
SPC,LATEST,ratio,level,2.0,ACTUAL,VNSTOCK_BRONZE
SPC,LATEST,ratio,value,0.1266516675,ACTUAL,VNSTOCK_BRONZE
SPC,LATEST,ratio,order,34.0,ACTUAL,VNSTOCK_BRONZE
SPC,LATEST,ratio,level,2.0,ACTUAL,VNSTOCK_BRONZE
SPC,LATEST,ratio,order,35.0,ACTUAL,VNSTOCK_BRONZE
SPC,LATEST,ratio,level,2.0,ACTUAL,VNSTOCK_BRONZE
SPC,LATEST,ratio,order,36.0,ACTUAL,VNSTOCK_BRONZE
SPC,LATEST,ratio,level,2.0,ACTUAL,VNSTOCK_BRONZE
SPC,LATEST,ratio,order,37.0,ACTUAL,VNSTOCK_BRONZE
SPC,LATEST,ratio,level,2.0,ACTUAL,VNSTOCK_BRONZE
SPC,LATEST,ratio,order,38.0,ACTUAL,VNSTOCK_BRONZE
SPC,LATEST,ratio,level,1.0,ACTUAL,VNSTOCK_BRONZE
SPC,LATEST,ratio,order,39.0,ACTUAL,VNSTOCK_BRONZE
SPC,LATEST,ratio,level,2.0,ACTUAL,VNSTOCK_BRONZE
SPC,LATEST,ratio,value,1.6472649001,ACTUAL,VNSTOCK_BRONZE
SPC,LATEST,ratio,order,40.0,ACTUAL,VNSTOCK_BRONZE
SPC,LATEST,ratio,level,2.0,ACTUAL,VNSTOCK_BRONZE
SPC,LATEST,ratio,value,0.581669859,ACTUAL,VNSTOCK_BRONZE
SPC,LATEST,ratio,order,41.0,ACTUAL,VNSTOCK_BRONZE
SPC,LATEST,ratio,level,2.0,ACTUAL,VNSTOCK_BRONZE
SPC,LATEST,ratio,order,42.0,ACTUAL,VNSTOCK_BRONZE
SPC,LATEST,ratio,level,2.0,ACTUAL,VNSTOCK_BRONZE
SPC,LATEST,ratio,value,1.6472649001,ACTUAL,VNSTOCK_BRONZE
SPC,LATEST,ratio,order,43.0,ACTUAL,VNSTOCK_BRONZE
SPC,LATEST,ratio,level,2.0,ACTUAL,VNSTOCK_BRONZE
SPC,LATEST,ratio,value,0.0,ACTUAL,VNSTOCK_BRONZE
SPC,LATEST,ratio,order,44.0,ACTUAL,VNSTOCK_BRONZE
SPC,LATEST,ratio,level,2.0,ACTUAL,VNSTOCK_BRONZE
SPC,LATEST,ratio,value,0.0,ACTUAL,VNSTOCK_BRONZE
SPC,LATEST,ratio,order,45.0,ACTUAL,VNSTOCK_BRONZE
SPC,LATEST,ratio,level,1.0,ACTUAL,VNSTOCK_BRONZE
SPC,LATEST,ratio,order,46.0,ACTUAL,VNSTOCK_BRONZE
SPC,LATEST,ratio,level,2.0,ACTUAL,VNSTOCK_BRONZE
SPC,LATEST,ratio,value,0.0,ACTUAL,VNSTOCK_BRONZE
SPC,LATEST,ratio,order,47.0,ACTUAL,VNSTOCK_BRONZE
SPC,LATEST,ratio,level,2.0,ACTUAL,VNSTOCK_BRONZE
SPC,LATEST,ratio,value,0.0,ACTUAL,VNSTOCK_BRONZE
SPC,LATEST,ratio,order,48.0,ACTUAL,VNSTOCK_BRONZE
SPC,LATEST,ratio,level,2.0,ACTUAL,VNSTOCK_BRONZE
SPC,LATEST,ratio,value,0.0,ACTUAL,VNSTOCK_BRONZE
SPC,LATEST,ratio,order,49.0,ACTUAL,VNSTOCK_BRONZE
SPC,LATEST,ratio,level,2.0,ACTUAL,VNSTOCK_BRONZE
SPC,LATEST,ratio,value,0.0,ACTUAL,VNSTOCK_BRONZE
SPC,LATEST,ratio,order,50.0,ACTUAL,VNSTOCK_BRONZE
SPC,LATEST,ratio,level,2.0,ACTUAL,VNSTOCK_BRONZE
SPC,LATEST,ratio,value,0.0,ACTUAL,VNSTOCK_BRONZE
SPC,LATEST,ratio,order,51.0,ACTUAL,VNSTOCK_BRONZE
SPC,LATEST,ratio,level,2.0,ACTUAL,VNSTOCK_BRONZE
SPC,LATEST,ratio,value,0.0,ACTUAL,VNSTOCK_BRONZE
SPC,LATEST,ratio,order,52.0,ACTUAL,VNSTOCK_BRONZE
SPC,LATEST,ratio,level,2.0,ACTUAL,VNSTOCK_BRONZE
SPC,LATEST,ratio,value,0.0,ACTUAL,VNSTOCK_BRONZE
SPC,LATEST,ratio,order,53.0,ACTUAL,VNSTOCK_BRONZE
SPC,LATEST,ratio,level,2.0,ACTUAL,VNSTOCK_BRONZE
SPC,LATEST,ratio,value,0.0,ACTUAL,VNSTOCK_BRONZE
SPC,LATEST,ratio,order,54.0,ACTUAL,VNSTOCK_BRONZE
SPC,LATEST,ratio,level,2.0,ACTUAL,VNSTOCK_BRONZE
SPC,LATEST,ratio,value,0.0,ACTUAL,VNSTOCK_BRONZE
SPC,LATEST,ratio,order,55.0,ACTUAL,VNSTOCK_BRONZE
SPC,LATEST,ratio,level,2.0,ACTUAL,VNSTOCK_BRONZE
SPC,LATEST,ratio,value,0.0,ACTUAL,VNSTOCK_BRONZE
SPC,LATEST,ratio,order,56.0,ACTUAL,VNSTOCK_BRONZE
SPC,LATEST,ratio,level,2.0,ACTUAL,VNSTOCK_BRONZE
SPC,LATEST,ratio,value,0.0,ACTUAL,VNSTOCK_BRONZE
SPC,LATEST,ratio,order,57.0,ACTUAL,VNSTOCK_BRONZE
SPC,LATEST,ratio,level,2.0,ACTUAL,VNSTOCK_BRONZE
SPC,LATEST,ratio,order,58.0,ACTUAL,VNSTOCK_BRONZE
SPC,LATEST,ratio,level,2.0,ACTUAL,VNSTOCK_BRONZE
SPC,LATEST,ratio,order,59.0,ACTUAL,VNSTOCK_BRONZE
SPC,LATEST,ratio,level,2.0,ACTUAL,VNSTOCK_BRONZE
SPC,LATEST,ratio,value,0.0,ACTUAL,VNSTOCK_BRONZE
SPC,LATEST,ratio,order,60.0,ACTUAL,VNSTOCK_BRONZE
SPC,LATEST,ratio,level,2.0,ACTUAL,VNSTOCK_BRONZE
SPC,LATEST,ratio,value,0.0,ACTUAL,VNSTOCK_BRONZE
SPC,LATEST,ratio,order,1.0,ACTUAL,VNSTOCK_BRONZE
SPC,LATEST,ratio,level,1.0,ACTUAL,VNSTOCK_BRONZE
SPC,LATEST,ratio,order,2.0,ACTUAL,VNSTOCK_BRONZE
SPC,LATEST,ratio,level,2.0,ACTUAL,VNSTOCK_BRONZE
SPC,LATEST,ratio,value,4.491032942,ACTUAL,VNSTOCK_BRONZE
SPC,LATEST,ratio,order,3.0,ACTUAL,VNSTOCK_BRONZE
SPC,LATEST,ratio,level,2.0,ACTUAL,VNSTOCK_BRONZE
SPC,LATEST,ratio,value,0.8479492219,ACTUAL,VNSTOCK_BRONZE
SPC,LATEST,ratio,order,4.0,ACTUAL,VNSTOCK_BRONZE
SPC,LATEST,ratio,level,2.0,ACTUAL,VNSTOCK_BRONZE
SPC,LATEST,ratio,value,0.1442308522,ACTUAL,VNSTOCK_BRONZE
SPC,LATEST,ratio,order,5.0,ACTUAL,VNSTOCK_BRONZE
SPC,LATEST,ratio,level,2.0,ACTUAL,VNSTOCK_BRONZE
SPC,LATEST,ratio,value,-2.5315634298,ACTUAL,VNSTOCK_BRONZE
SPC,LATEST,ratio,order,6.0,ACTUAL,VNSTOCK_BRONZE
SPC,LATEST,ratio,level,2.0,ACTUAL,VNSTOCK_BRONZE
SPC,LATEST,ratio,value,4.2261652062,ACTUAL,VNSTOCK_BRONZE
SPC,LATEST,ratio,order,7.0,ACTUAL,VNSTOCK_BRONZE
SPC,LATEST,ratio,level,2.0,ACTUAL,VNSTOCK_BRONZE
SPC,LATEST,ratio,value,10.0,ACTUAL,VNSTOCK_BRONZE
SPC,LATEST,ratio,order,8.0,ACTUAL,VNSTOCK_BRONZE
SPC,LATEST,ratio,level,2.0,ACTUAL,VNSTOCK_BRONZE
SPC,LATEST,ratio,value,179010000000.0,ACTUAL,VNSTOCK_BRONZE
SPC,LATEST,ratio,order,9.0,ACTUAL,VNSTOCK_BRONZE
SPC,LATEST,ratio,level,2.0,ACTUAL,VNSTOCK_BRONZE
SPC,LATEST,ratio,order,10.0,ACTUAL,VNSTOCK_BRONZE
SPC,LATEST,ratio,level,2.0,ACTUAL,VNSTOCK_BRONZE
SPC,LATEST,ratio,order,11.0,ACTUAL,VNSTOCK_BRONZE
SPC,LATEST,ratio,level,2.0,ACTUAL,VNSTOCK_BRONZE
SPC,LATEST,ratio,order,12.0,ACTUAL,VNSTOCK_BRONZE
SPC,LATEST,ratio,level,2.0,ACTUAL,VNSTOCK_BRONZE
SPC,LATEST,ratio,value,62571492741.0,ACTUAL,VNSTOCK_BRONZE
SPC,LATEST,ratio,order,13.0,ACTUAL,VNSTOCK_BRONZE
SPC,LATEST,ratio,level,2.0,ACTUAL,VNSTOCK_BRONZE
SPC,LATEST,ratio,value,69216788811.0,ACTUAL,VNSTOCK_BRONZE
SPC,LATEST,ratio,order,14.0,ACTUAL,VNSTOCK_BRONZE
SPC,LATEST,ratio,level,2.0,ACTUAL,VNSTOCK_BRONZE
SPC,LATEST,ratio,value,0.0375794107,ACTUAL,VNSTOCK_BRONZE
SPC,LATEST,ratio,order,15.0,ACTUAL,VNSTOCK_BRONZE
SPC,LATEST,ratio,level,2.0,ACTUAL,VNSTOCK_BRONZE
SPC,LATEST,ratio,value,10530000.0,ACTUAL,VNSTOCK_BRONZE
SPC,LATEST,ratio,order,16.0,ACTUAL,VNSTOCK_BRONZE
SPC,LATEST,ratio,level,1.0,ACTUAL,VNSTOCK_BRONZE
SPC,LATEST,ratio,order,17.0,ACTUAL,VNSTOCK_BRONZE
SPC,LATEST,ratio,level,2.0,ACTUAL,VNSTOCK_BRONZE
SPC,LATEST,ratio,value,0.1876108808,ACTUAL,VNSTOCK_BRONZE
SPC,LATEST,ratio,order,18.0,ACTUAL,VNSTOCK_BRONZE
SPC,LATEST,ratio,level,2.0,ACTUAL,VNSTOCK_BRONZE
SPC,LATEST,ratio,value,0.0521789857,ACTUAL,VNSTOCK_BRONZE
SPC,LATEST,ratio,order,19.0,ACTUAL,VNSTOCK_BRONZE
SPC,LATEST,ratio,level,2.0,ACTUAL,VNSTOCK_BRONZE
SPC,LATEST,ratio,value,0.1616480668,ACTUAL,VNSTOCK_BRONZE
SPC,LATEST,ratio,order,20.0,ACTUAL,VNSTOCK_BRONZE
SPC,LATEST,ratio,level,2.0,ACTUAL,VNSTOCK_BRONZE
SPC,LATEST,ratio,value,0.1777809734,ACTUAL,VNSTOCK_BRONZE
SPC,LATEST,ratio,order,21.0,ACTUAL,VNSTOCK_BRONZE
SPC,LATEST,ratio,level,2.0,ACTUAL,VNSTOCK_BRONZE
SPC,LATEST,ratio,value,0.0504147239,ACTUAL,VNSTOCK_BRONZE
SPC,LATEST,ratio,order,22.0,ACTUAL,VNSTOCK_BRONZE
SPC,LATEST,ratio,level,2.0,ACTUAL,VNSTOCK_BRONZE
SPC,LATEST,ratio,value,0.0400948519,ACTUAL,VNSTOCK_BRONZE
SPC,LATEST,ratio,order,23.0,ACTUAL,VNSTOCK_BRONZE
SPC,LATEST,ratio,level,2.0,ACTUAL,VNSTOCK_BRONZE
SPC,LATEST,ratio,value,0.0315388674,ACTUAL,VNSTOCK_BRONZE
SPC,LATEST,ratio,order,24.0,ACTUAL,VNSTOCK_BRONZE
SPC,LATEST,ratio,level,2.0,ACTUAL,VNSTOCK_BRONZE
SPC,LATEST,ratio,value,1.6247393684,ACTUAL,VNSTOCK_BRONZE
SPC,LATEST,ratio,order,25.0,ACTUAL,VNSTOCK_BRONZE
SPC,LATEST,ratio,level,2.0,ACTUAL,VNSTOCK_BRONZE
SPC,LATEST,ratio,value,40.4088061992,ACTUAL,VNSTOCK_BRONZE
SPC,LATEST,ratio,order,26.0,ACTUAL,VNSTOCK_BRONZE
SPC,LATEST,ratio,level,2.0,ACTUAL,VNSTOCK_BRONZE
SPC,LATEST,ratio,value,56.9863002872,ACTUAL,VNSTOCK_BRONZE
SPC,LATEST,ratio,order,27.0,ACTUAL,VNSTOCK_BRONZE
SPC,LATEST,ratio,level,2.0,ACTUAL,VNSTOCK_BRONZE
SPC,LATEST,ratio,value,157.0101962909,ACTUAL,VNSTOCK_BRONZE
SPC,LATEST,ratio,order,28.0,ACTUAL,VNSTOCK_BRONZE
SPC,LATEST,ratio,level,2.0,ACTUAL,VNSTOCK_BRONZE
SPC,LATEST,ratio,value,131.6002184878,ACTUAL,VNSTOCK_BRONZE
SPC,LATEST,ratio,order,29.0,ACTUAL,VNSTOCK_BRONZE
SPC,LATEST,ratio,level,2.0,ACTUAL,VNSTOCK_BRONZE
SPC,LATEST,ratio,value,337.8197651211,ACTUAL,VNSTOCK_BRONZE
SPC,LATEST,ratio,order,30.0,ACTUAL,VNSTOCK_BRONZE
SPC,LATEST,ratio,level,1.0,ACTUAL,VNSTOCK_BRONZE
SPC,LATEST,ratio,order,31.0,ACTUAL,VNSTOCK_BRONZE
SPC,LATEST,ratio,level,2.0,ACTUAL,VNSTOCK_BRONZE
SPC,LATEST,ratio,value,1.3327365724,ACTUAL,VNSTOCK_BRONZE
SPC,LATEST,ratio,order,32.0,ACTUAL,VNSTOCK_BRONZE
SPC,LATEST,ratio,level,2.0,ACTUAL,VNSTOCK_BRONZE
SPC,LATEST,ratio,value,0.5230136286,ACTUAL,VNSTOCK_BRONZE
SPC,LATEST,ratio,order,33.0,ACTUAL,VNSTOCK_BRONZE
SPC,LATEST,ratio,level,2.0,ACTUAL,VNSTOCK_BRONZE
SPC,LATEST,ratio,value,0.1279804664,ACTUAL,VNSTOCK_BRONZE
SPC,LATEST,ratio,order,34.0,ACTUAL,VNSTOCK_BRONZE
SPC,LATEST,ratio,level,2.0,ACTUAL,VNSTOCK_BRONZE
SPC,LATEST,ratio,order,35.0,ACTUAL,VNSTOCK_BRONZE
SPC,LATEST,ratio,level,2.0,ACTUAL,VNSTOCK_BRONZE
SPC,LATEST,ratio,order,36.0,ACTUAL,VNSTOCK_BRONZE
SPC,LATEST,ratio,level,2.0,ACTUAL,VNSTOCK_BRONZE
SPC,LATEST,ratio,order,37.0,ACTUAL,VNSTOCK_BRONZE
SPC,LATEST,ratio,level,2.0,ACTUAL,VNSTOCK_BRONZE
SPC,LATEST,ratio,order,38.0,ACTUAL,VNSTOCK_BRONZE
SPC,LATEST,ratio,level,1.0,ACTUAL,VNSTOCK_BRONZE
SPC,LATEST,ratio,order,39.0,ACTUAL,VNSTOCK_BRONZE
SPC,LATEST,ratio,level,2.0,ACTUAL,VNSTOCK_BRONZE
SPC,LATEST,ratio,value,2.3038682114,ACTUAL,VNSTOCK_BRONZE
SPC,LATEST,ratio,order,40.0,ACTUAL,VNSTOCK_BRONZE
SPC,LATEST,ratio,level,2.0,ACTUAL,VNSTOCK_BRONZE
SPC,LATEST,ratio,value,0.7612884005,ACTUAL,VNSTOCK_BRONZE
SPC,LATEST,ratio,order,41.0,ACTUAL,VNSTOCK_BRONZE
SPC,LATEST,ratio,level,2.0,ACTUAL,VNSTOCK_BRONZE
SPC,LATEST,ratio,order,42.0,ACTUAL,VNSTOCK_BRONZE
SPC,LATEST,ratio,level,2.0,ACTUAL,VNSTOCK_BRONZE
SPC,LATEST,ratio,value,2.3038682114,ACTUAL,VNSTOCK_BRONZE
SPC,LATEST,ratio,order,43.0,ACTUAL,VNSTOCK_BRONZE
SPC,LATEST,ratio,level,2.0,ACTUAL,VNSTOCK_BRONZE
SPC,LATEST,ratio,value,0.0,ACTUAL,VNSTOCK_BRONZE
SPC,LATEST,ratio,order,44.0,ACTUAL,VNSTOCK_BRONZE
SPC,LATEST,ratio,level,2.0,ACTUAL,VNSTOCK_BRONZE
SPC,LATEST,ratio,value,0.0,ACTUAL,VNSTOCK_BRONZE
SPC,LATEST,ratio,order,45.0,ACTUAL,VNSTOCK_BRONZE
SPC,LATEST,ratio,level,1.0,ACTUAL,VNSTOCK_BRONZE
SPC,LATEST,ratio,order,46.0,ACTUAL,VNSTOCK_BRONZE
SPC,LATEST,ratio,level,2.0,ACTUAL,VNSTOCK_BRONZE
SPC,LATEST,ratio,value,0.0,ACTUAL,VNSTOCK_BRONZE
SPC,LATEST,ratio,order,47.0,ACTUAL,VNSTOCK_BRONZE
SPC,LATEST,ratio,level,2.0,ACTUAL,VNSTOCK_BRONZE
SPC,LATEST,ratio,value,0.0,ACTUAL,VNSTOCK_BRONZE
SPC,LATEST,ratio,order,48.0,ACTUAL,VNSTOCK_BRONZE
SPC,LATEST,ratio,level,2.0,ACTUAL,VNSTOCK_BRONZE
SPC,LATEST,ratio,value,0.0,ACTUAL,VNSTOCK_BRONZE
SPC,LATEST,ratio,order,49.0,ACTUAL,VNSTOCK_BRONZE
SPC,LATEST,ratio,level,2.0,ACTUAL,VNSTOCK_BRONZE
SPC,LATEST,ratio,value,0.0,ACTUAL,VNSTOCK_BRONZE
SPC,LATEST,ratio,order,50.0,ACTUAL,VNSTOCK_BRONZE
SPC,LATEST,ratio,level,2.0,ACTUAL,VNSTOCK_BRONZE
SPC,LATEST,ratio,value,0.0,ACTUAL,VNSTOCK_BRONZE
SPC,LATEST,ratio,order,51.0,ACTUAL,VNSTOCK_BRONZE
SPC,LATEST,ratio,level,2.0,ACTUAL,VNSTOCK_BRONZE
SPC,LATEST,ratio,value,0.0,ACTUAL,VNSTOCK_BRONZE
SPC,LATEST,ratio,order,52.0,ACTUAL,VNSTOCK_BRONZE
SPC,LATEST,ratio,level,2.0,ACTUAL,VNSTOCK_BRONZE
SPC,LATEST,ratio,value,0.0,ACTUAL,VNSTOCK_BRONZE
SPC,LATEST,ratio,order,53.0,ACTUAL,VNSTOCK_BRONZE
SPC,LATEST,ratio,level,2.0,ACTUAL,VNSTOCK_BRONZE
SPC,LATEST,ratio,value,0.0,ACTUAL,VNSTOCK_BRONZE
SPC,LATEST,ratio,order,54.0,ACTUAL,VNSTOCK_BRONZE
SPC,LATEST,ratio,level,2.0,ACTUAL,VNSTOCK_BRONZE
SPC,LATEST,ratio,value,0.0,ACTUAL,VNSTOCK_BRONZE
SPC,LATEST,ratio,order,55.0,ACTUAL,VNSTOCK_BRONZE
SPC,LATEST,ratio,level,2.0,ACTUAL,VNSTOCK_BRONZE
SPC,LATEST,ratio,value,0.0,ACTUAL,VNSTOCK_BRONZE
SPC,LATEST,ratio,order,56.0,ACTUAL,VNSTOCK_BRONZE
SPC,LATEST,ratio,level,2.0,ACTUAL,VNSTOCK_BRONZE
SPC,LATEST,ratio,value,0.0,ACTUAL,VNSTOCK_BRONZE
SPC,LATEST,ratio,order,57.0,ACTUAL,VNSTOCK_BRONZE
SPC,LATEST,ratio,level,2.0,ACTUAL,VNSTOCK_BRONZE
SPC,LATEST,ratio,order,58.0,ACTUAL,VNSTOCK_BRONZE
SPC,LATEST,ratio,level,2.0,ACTUAL,VNSTOCK_BRONZE
SPC,LATEST,ratio,order,59.0,ACTUAL,VNSTOCK_BRONZE
SPC,LATEST,ratio,level,2.0,ACTUAL,VNSTOCK_BRONZE
SPC,LATEST,ratio,value,0.0,ACTUAL,VNSTOCK_BRONZE
SPC,LATEST,ratio,order,60.0,ACTUAL,VNSTOCK_BRONZE
SPC,LATEST,ratio,level,2.0,ACTUAL,VNSTOCK_BRONZE
SPC,LATEST,ratio,value,0.0,ACTUAL,VNSTOCK_BRONZE
SPC,LATEST,balance_sheet,order,1.0,ACTUAL,VNSTOCK_BRONZE
SPC,LATEST,balance_sheet,level,1.0,ACTUAL,VNSTOCK_BRONZE
SPC,LATEST,balance_sheet,off_balance,0.0,ACTUAL,VNSTOCK_BRONZE
SPC,LATEST,balance_sheet,value,420864133166.0,ACTUAL,VNSTOCK_BRONZE
SPC,LATEST,balance_sheet,order,2.0,ACTUAL,VNSTOCK_BRONZE
SPC,LATEST,balance_sheet,level,1.0,ACTUAL,VNSTOCK_BRONZE
SPC,LATEST,balance_sheet,off_balance,0.0,ACTUAL,VNSTOCK_BRONZE
SPC,LATEST,balance_sheet,value,28800203531.0,ACTUAL,VNSTOCK_BRONZE
SPC,LATEST,balance_sheet,order,3.0,ACTUAL,VNSTOCK_BRONZE
SPC,LATEST,balance_sheet,level,2.0,ACTUAL,VNSTOCK_BRONZE
SPC,LATEST,balance_sheet,off_balance,0.0,ACTUAL,VNSTOCK_BRONZE
SPC,LATEST,balance_sheet,value,28800203531.0,ACTUAL,VNSTOCK_BRONZE
SPC,LATEST,balance_sheet,order,4.0,ACTUAL,VNSTOCK_BRONZE
SPC,LATEST,balance_sheet,level,2.0,ACTUAL,VNSTOCK_BRONZE
SPC,LATEST,balance_sheet,off_balance,0.0,ACTUAL,VNSTOCK_BRONZE
SPC,LATEST,balance_sheet,value,0.0,ACTUAL,VNSTOCK_BRONZE
SPC,LATEST,balance_sheet,order,5.0,ACTUAL,VNSTOCK_BRONZE
SPC,LATEST,balance_sheet,level,1.0,ACTUAL,VNSTOCK_BRONZE
SPC,LATEST,balance_sheet,off_balance,0.0,ACTUAL,VNSTOCK_BRONZE
SPC,LATEST,balance_sheet,value,3000000000.0,ACTUAL,VNSTOCK_BRONZE
SPC,LATEST,balance_sheet,order,6.0,ACTUAL,VNSTOCK_BRONZE
SPC,LATEST,balance_sheet,level,2.0,ACTUAL,VNSTOCK_BRONZE
SPC,LATEST,balance_sheet,off_balance,0.0,ACTUAL,VNSTOCK_BRONZE
SPC,LATEST,balance_sheet,value,0.0,ACTUAL,VNSTOCK_BRONZE
SPC,LATEST,balance_sheet,order,7.0,ACTUAL,VNSTOCK_BRONZE
SPC,LATEST,balance_sheet,level,2.0,ACTUAL,VNSTOCK_BRONZE
SPC,LATEST,balance_sheet,off_balance,0.0,ACTUAL,VNSTOCK_BRONZE
SPC,LATEST,balance_sheet,value,0.0,ACTUAL,VNSTOCK_BRONZE
SPC,LATEST,balance_sheet,order,8.0,ACTUAL,VNSTOCK_BRONZE
SPC,LATEST,balance_sheet,level,2.0,ACTUAL,VNSTOCK_BRONZE
SPC,LATEST,balance_sheet,off_balance,0.0,ACTUAL,VNSTOCK_BRONZE
SPC,LATEST,balance_sheet,value,3000000000.0,ACTUAL,VNSTOCK_BRONZE
SPC,LATEST,balance_sheet,order,9.0,ACTUAL,VNSTOCK_BRONZE
SPC,LATEST,balance_sheet,level,1.0,ACTUAL,VNSTOCK_BRONZE
SPC,LATEST,balance_sheet,off_balance,0.0,ACTUAL,VNSTOCK_BRONZE
SPC,LATEST,balance_sheet,value,135268762040.0,ACTUAL,VNSTOCK_BRONZE
SPC,LATEST,balance_sheet,order,10.0,ACTUAL,VNSTOCK_BRONZE
SPC,LATEST,balance_sheet,level,2.0,ACTUAL,VNSTOCK_BRONZE
SPC,LATEST,balance_sheet,off_balance,0.0,ACTUAL,VNSTOCK_BRONZE
SPC,LATEST,balance_sheet,value,150782721978.0,ACTUAL,VNSTOCK_BRONZE
SPC,LATEST,balance_sheet,order,11.0,ACTUAL,VNSTOCK_BRONZE
SPC,LATEST,balance_sheet,level,2.0,ACTUAL,VNSTOCK_BRONZE
SPC,LATEST,balance_sheet,off_balance,0.0,ACTUAL,VNSTOCK_BRONZE
SPC,LATEST,balance_sheet,value,1965832315.0,ACTUAL,VNSTOCK_BRONZE
SPC,LATEST,balance_sheet,order,12.0,ACTUAL,VNSTOCK_BRONZE
SPC,LATEST,balance_sheet,level,2.0,ACTUAL,VNSTOCK_BRONZE
SPC,LATEST,balance_sheet,off_balance,0.0,ACTUAL,VNSTOCK_BRONZE
SPC,LATEST,balance_sheet,value,0.0,ACTUAL,VNSTOCK_BRONZE
SPC,LATEST,balance_sheet,order,13.0,ACTUAL,VNSTOCK_BRONZE
SPC,LATEST,balance_sheet,level,2.0,ACTUAL,VNSTOCK_BRONZE
SPC,LATEST,balance_sheet,off_balance,0.0,ACTUAL,VNSTOCK_BRONZE
SPC,LATEST,balance_sheet,value,0.0,ACTUAL,VNSTOCK_BRONZE
SPC,LATEST,balance_sheet,order,14.0,ACTUAL,VNSTOCK_BRONZE
SPC,LATEST,balance_sheet,level,2.0,ACTUAL,VNSTOCK_BRONZE
SPC,LATEST,balance_sheet,off_balance,0.0,ACTUAL,VNSTOCK_BRONZE
SPC,LATEST,balance_sheet,value,0.0,ACTUAL,VNSTOCK_BRONZE
SPC,LATEST,balance_sheet,order,15.0,ACTUAL,VNSTOCK_BRONZE
SPC,LATEST,balance_sheet,level,2.0,ACTUAL,VNSTOCK_BRONZE
SPC,LATEST,balance_sheet,off_balance,0.0,ACTUAL,VNSTOCK_BRONZE
SPC,LATEST,balance_sheet,value,2486445508.0,ACTUAL,VNSTOCK_BRONZE
SPC,LATEST,balance_sheet,order,16.0,ACTUAL,VNSTOCK_BRONZE
SPC,LATEST,balance_sheet,level,2.0,ACTUAL,VNSTOCK_BRONZE
SPC,LATEST,balance_sheet,off_balance,0.0,ACTUAL,VNSTOCK_BRONZE
SPC,LATEST,balance_sheet,value,-19966237761.0,ACTUAL,VNSTOCK_BRONZE
SPC,LATEST,balance_sheet,order,17.0,ACTUAL,VNSTOCK_BRONZE
SPC,LATEST,balance_sheet,level,2.0,ACTUAL,VNSTOCK_BRONZE
SPC,LATEST,balance_sheet,off_balance,0.0,ACTUAL,VNSTOCK_BRONZE
SPC,LATEST,balance_sheet,value,0.0,ACTUAL,VNSTOCK_BRONZE
SPC,LATEST,balance_sheet,order,18.0,ACTUAL,VNSTOCK_BRONZE
SPC,LATEST,balance_sheet,level,1.0,ACTUAL,VNSTOCK_BRONZE
SPC,LATEST,balance_sheet,off_balance,0.0,ACTUAL,VNSTOCK_BRONZE
SPC,LATEST,balance_sheet,value,233296106246.0,ACTUAL,VNSTOCK_BRONZE
SPC,LATEST,balance_sheet,order,19.0,ACTUAL,VNSTOCK_BRONZE
SPC,LATEST,balance_sheet,level,2.0,ACTUAL,VNSTOCK_BRONZE
SPC,LATEST,balance_sheet,off_balance,0.0,ACTUAL,VNSTOCK_BRONZE
SPC,LATEST,balance_sheet,value,253883385237.0,ACTUAL,VNSTOCK_BRONZE
SPC,LATEST,balance_sheet,order,20.0,ACTUAL,VNSTOCK_BRONZE
SPC,LATEST,balance_sheet,level,2.0,ACTUAL,VNSTOCK_BRONZE
SPC,LATEST,balance_sheet,off_balance,0.0,ACTUAL,VNSTOCK_BRONZE
SPC,LATEST,balance_sheet,value,-20587278991.0,ACTUAL,VNSTOCK_BRONZE
SPC,LATEST,balance_sheet,order,21.0,ACTUAL,VNSTOCK_BRONZE
SPC,LATEST,balance_sheet,level,1.0,ACTUAL,VNSTOCK_BRONZE
SPC,LATEST,balance_sheet,off_balance,0.0,ACTUAL,VNSTOCK_BRONZE
SPC,LATEST,balance_sheet,value,20499061349.0,ACTUAL,VNSTOCK_BRONZE
SPC,LATEST,balance_sheet,order,22.0,ACTUAL,VNSTOCK_BRONZE
SPC,LATEST,balance_sheet,level,2.0,ACTUAL,VNSTOCK_BRONZE
SPC,LATEST,balance_sheet,off_balance,0.0,ACTUAL,VNSTOCK_BRONZE
SPC,LATEST,balance_sheet,value,1901907981.0,ACTUAL,VNSTOCK_BRONZE
SPC,LATEST,balance_sheet,order,23.0,ACTUAL,VNSTOCK_BRONZE
SPC,LATEST,balance_sheet,level,2.0,ACTUAL,VNSTOCK_BRONZE
SPC,LATEST,balance_sheet,off_balance,0.0,ACTUAL,VNSTOCK_BRONZE
SPC,LATEST,balance_sheet,value,16869526506.0,ACTUAL,VNSTOCK_BRONZE
SPC,LATEST,balance_sheet,order,24.0,ACTUAL,VNSTOCK_BRONZE
SPC,LATEST,balance_sheet,level,2.0,ACTUAL,VNSTOCK_BRONZE
SPC,LATEST,balance_sheet,off_balance,0.0,ACTUAL,VNSTOCK_BRONZE
SPC,LATEST,balance_sheet,value,1727626862.0,ACTUAL,VNSTOCK_BRONZE
SPC,LATEST,balance_sheet,order,25.0,ACTUAL,VNSTOCK_BRONZE
SPC,LATEST,balance_sheet,level,2.0,ACTUAL,VNSTOCK_BRONZE
SPC,LATEST,balance_sheet,off_balance,0.0,ACTUAL,VNSTOCK_BRONZE
SPC,LATEST,balance_sheet,value,0.0,ACTUAL,VNSTOCK_BRONZE
SPC,LATEST,balance_sheet,order,26.0,ACTUAL,VNSTOCK_BRONZE
SPC,LATEST,balance_sheet,level,1.0,ACTUAL,VNSTOCK_BRONZE
SPC,LATEST,balance_sheet,off_balance,0.0,ACTUAL,VNSTOCK_BRONZE
SPC,LATEST,balance_sheet,value,54943710716.0,ACTUAL,VNSTOCK_BRONZE
SPC,LATEST,balance_sheet,order,27.0,ACTUAL,VNSTOCK_BRONZE
SPC,LATEST,balance_sheet,level,1.0,ACTUAL,VNSTOCK_BRONZE
SPC,LATEST,balance_sheet,off_balance,0.0,ACTUAL,VNSTOCK_BRONZE
SPC,LATEST,balance_sheet,value,443750970.0,ACTUAL,VNSTOCK_BRONZE
SPC,LATEST,balance_sheet,order,28.0,ACTUAL,VNSTOCK_BRONZE
SPC,LATEST,balance_sheet,level,2.0,ACTUAL,VNSTOCK_BRONZE
SPC,LATEST,balance_sheet,off_balance,0.0,ACTUAL,VNSTOCK_BRONZE
SPC,LATEST,balance_sheet,value,0.0,ACTUAL,VNSTOCK_BRONZE
SPC,LATEST,balance_sheet,order,29.0,ACTUAL,VNSTOCK_BRONZE
SPC,LATEST,balance_sheet,level,2.0,ACTUAL,VNSTOCK_BRONZE
SPC,LATEST,balance_sheet,off_balance,0.0,ACTUAL,VNSTOCK_BRONZE
SPC,LATEST,balance_sheet,value,0.0,ACTUAL,VNSTOCK_BRONZE
SPC,LATEST,balance_sheet,order,30.0,ACTUAL,VNSTOCK_BRONZE
SPC,LATEST,balance_sheet,level,2.0,ACTUAL,VNSTOCK_BRONZE
SPC,LATEST,balance_sheet,off_balance,0.0,ACTUAL,VNSTOCK_BRONZE
SPC,LATEST,balance_sheet,value,0.0,ACTUAL,VNSTOCK_BRONZE
SPC,LATEST,balance_sheet,order,31.0,ACTUAL,VNSTOCK_BRONZE
SPC,LATEST,balance_sheet,level,2.0,ACTUAL,VNSTOCK_BRONZE
SPC,LATEST,balance_sheet,off_balance,0.0,ACTUAL,VNSTOCK_BRONZE
SPC,LATEST,balance_sheet,value,0.0,ACTUAL,VNSTOCK_BRONZE
SPC,LATEST,balance_sheet,order,32.0,ACTUAL,VNSTOCK_BRONZE
SPC,LATEST,balance_sheet,level,2.0,ACTUAL,VNSTOCK_BRONZE
SPC,LATEST,balance_sheet,off_balance,0.0,ACTUAL,VNSTOCK_BRONZE
SPC,LATEST,balance_sheet,value,443750970.0,ACTUAL,VNSTOCK_BRONZE
SPC,LATEST,balance_sheet,order,33.0,ACTUAL,VNSTOCK_BRONZE
SPC,LATEST,balance_sheet,level,2.0,ACTUAL,VNSTOCK_BRONZE
SPC,LATEST,balance_sheet,off_balance,0.0,ACTUAL,VNSTOCK_BRONZE
SPC,LATEST,balance_sheet,value,-0.0,ACTUAL,VNSTOCK_BRONZE
SPC,LATEST,balance_sheet,order,34.0,ACTUAL,VNSTOCK_BRONZE
SPC,LATEST,balance_sheet,level,1.0,ACTUAL,VNSTOCK_BRONZE
SPC,LATEST,balance_sheet,off_balance,0.0,ACTUAL,VNSTOCK_BRONZE
SPC,LATEST,balance_sheet,value,24572416260.0,ACTUAL,VNSTOCK_BRONZE
SPC,LATEST,balance_sheet,order,35.0,ACTUAL,VNSTOCK_BRONZE
SPC,LATEST,balance_sheet,level,2.0,ACTUAL,VNSTOCK_BRONZE
SPC,LATEST,balance_sheet,off_balance,0.0,ACTUAL,VNSTOCK_BRONZE
SPC,LATEST,balance_sheet,value,20176408386.0,ACTUAL,VNSTOCK_BRONZE
SPC,LATEST,balance_sheet,order,36.0,ACTUAL,VNSTOCK_BRONZE
SPC,LATEST,balance_sheet,level,3.0,ACTUAL,VNSTOCK_BRONZE
SPC,LATEST,balance_sheet,off_balance,0.0,ACTUAL,VNSTOCK_BRONZE
SPC,LATEST,balance_sheet,value,150929539899.0,ACTUAL,VNSTOCK_BRONZE
SPC,LATEST,balance_sheet,order,37.0,ACTUAL,VNSTOCK_BRONZE
SPC,LATEST,balance_sheet,level,3.0,ACTUAL,VNSTOCK_BRONZE
SPC,LATEST,balance_sheet,off_balance,0.0,ACTUAL,VNSTOCK_BRONZE
SPC,LATEST,balance_sheet,value,-130753131513.0,ACTUAL,VNSTOCK_BRONZE
SPC,LATEST,balance_sheet,order,38.0,ACTUAL,VNSTOCK_BRONZE
SPC,LATEST,balance_sheet,level,2.0,ACTUAL,VNSTOCK_BRONZE
SPC,LATEST,balance_sheet,off_balance,0.0,ACTUAL,VNSTOCK_BRONZE
SPC,LATEST,balance_sheet,value,0.0,ACTUAL,VNSTOCK_BRONZE
SPC,LATEST,balance_sheet,order,39.0,ACTUAL,VNSTOCK_BRONZE
SPC,LATEST,balance_sheet,level,3.0,ACTUAL,VNSTOCK_BRONZE
SPC,LATEST,balance_sheet,off_balance,0.0,ACTUAL,VNSTOCK_BRONZE
SPC,LATEST,balance_sheet,value,0.0,ACTUAL,VNSTOCK_BRONZE
SPC,LATEST,balance_sheet,order,40.0,ACTUAL,VNSTOCK_BRONZE
SPC,LATEST,balance_sheet,level,3.0,ACTUAL,VNSTOCK_BRONZE
SPC,LATEST,balance_sheet,off_balance,0.0,ACTUAL,VNSTOCK_BRONZE
SPC,LATEST,balance_sheet,value,-0.0,ACTUAL,VNSTOCK_BRONZE
SPC,LATEST,balance_sheet,order,41.0,ACTUAL,VNSTOCK_BRONZE
SPC,LATEST,balance_sheet,level,2.0,ACTUAL,VNSTOCK_BRONZE
SPC,LATEST,balance_sheet,off_balance,0.0,ACTUAL,VNSTOCK_BRONZE
SPC,LATEST,balance_sheet,value,4396007874.0,ACTUAL,VNSTOCK_BRONZE
SPC,LATEST,balance_sheet,order,42.0,ACTUAL,VNSTOCK_BRONZE
SPC,LATEST,balance_sheet,level,3.0,ACTUAL,VNSTOCK_BRONZE
SPC,LATEST,balance_sheet,off_balance,0.0,ACTUAL,VNSTOCK_BRONZE
SPC,LATEST,balance_sheet,value,9111423802.0,ACTUAL,VNSTOCK_BRONZE
SPC,LATEST,balance_sheet,order,43.0,ACTUAL,VNSTOCK_BRONZE
SPC,LATEST,balance_sheet,level,3.0,ACTUAL,VNSTOCK_BRONZE
SPC,LATEST,balance_sheet,off_balance,0.0,ACTUAL,VNSTOCK_BRONZE
SPC,LATEST,balance_sheet,value,-4715415928.0,ACTUAL,VNSTOCK_BRONZE
SPC,LATEST,balance_sheet,order,44.0,ACTUAL,VNSTOCK_BRONZE
SPC,LATEST,balance_sheet,level,1.0,ACTUAL,VNSTOCK_BRONZE
SPC,LATEST,balance_sheet,off_balance,0.0,ACTUAL,VNSTOCK_BRONZE
SPC,LATEST,balance_sheet,value,0.0,ACTUAL,VNSTOCK_BRONZE
SPC,LATEST,balance_sheet,order,45.0,ACTUAL,VNSTOCK_BRONZE
SPC,LATEST,balance_sheet,level,2.0,ACTUAL,VNSTOCK_BRONZE
SPC,LATEST,balance_sheet,off_balance,0.0,ACTUAL,VNSTOCK_BRONZE
SPC,LATEST,balance_sheet,value,2040026118.0,ACTUAL,VNSTOCK_BRONZE
SPC,LATEST,balance_sheet,order,46.0,ACTUAL,VNSTOCK_BRONZE
SPC,LATEST,balance_sheet,level,2.0,ACTUAL,VNSTOCK_BRONZE
SPC,LATEST,balance_sheet,off_balance,0.0,ACTUAL,VNSTOCK_BRONZE
SPC,LATEST,balance_sheet,value,-2040026118.0,ACTUAL,VNSTOCK_BRONZE
SPC,LATEST,balance_sheet,order,47.0,ACTUAL,VNSTOCK_BRONZE
SPC,LATEST,balance_sheet,level,1.0,ACTUAL,VNSTOCK_BRONZE
SPC,LATEST,balance_sheet,off_balance,0.0,ACTUAL,VNSTOCK_BRONZE
SPC,LATEST,balance_sheet,value,4221533900.0,ACTUAL,VNSTOCK_BRONZE
SPC,LATEST,balance_sheet,order,48.0,ACTUAL,VNSTOCK_BRONZE
SPC,LATEST,balance_sheet,level,2.0,ACTUAL,VNSTOCK_BRONZE
SPC,LATEST,balance_sheet,off_balance,0.0,ACTUAL,VNSTOCK_BRONZE
SPC,LATEST,balance_sheet,value,0.0,ACTUAL,VNSTOCK_BRONZE
SPC,LATEST,balance_sheet,order,49.0,ACTUAL,VNSTOCK_BRONZE
SPC,LATEST,balance_sheet,level,2.0,ACTUAL,VNSTOCK_BRONZE
SPC,LATEST,balance_sheet,off_balance,0.0,ACTUAL,VNSTOCK_BRONZE
SPC,LATEST,balance_sheet,value,4221533900.0,ACTUAL,VNSTOCK_BRONZE
SPC,LATEST,balance_sheet,order,50.0,ACTUAL,VNSTOCK_BRONZE
SPC,LATEST,balance_sheet,level,1.0,ACTUAL,VNSTOCK_BRONZE
SPC,LATEST,balance_sheet,off_balance,0.0,ACTUAL,VNSTOCK_BRONZE
SPC,LATEST,balance_sheet,value,0.0,ACTUAL,VNSTOCK_BRONZE
SPC,LATEST,balance_sheet,order,51.0,ACTUAL,VNSTOCK_BRONZE
SPC,LATEST,balance_sheet,level,2.0,ACTUAL,VNSTOCK_BRONZE
SPC,LATEST,balance_sheet,off_balance,0.0,ACTUAL,VNSTOCK_BRONZE
SPC,LATEST,balance_sheet,value,0.0,ACTUAL,VNSTOCK_BRONZE
SPC,LATEST,balance_sheet,order,52.0,ACTUAL,VNSTOCK_BRONZE
SPC,LATEST,balance_sheet,level,2.0,ACTUAL,VNSTOCK_BRONZE
SPC,LATEST,balance_sheet,off_balance,0.0,ACTUAL,VNSTOCK_BRONZE
SPC,LATEST,balance_sheet,value,0.0,ACTUAL,VNSTOCK_BRONZE
SPC,LATEST,balance_sheet,order,53.0,ACTUAL,VNSTOCK_BRONZE
SPC,LATEST,balance_sheet,level,2.0,ACTUAL,VNSTOCK_BRONZE
SPC,LATEST,balance_sheet,off_balance,0.0,ACTUAL,VNSTOCK_BRONZE
SPC,LATEST,balance_sheet,value,0.0,ACTUAL,VNSTOCK_BRONZE
SPC,LATEST,balance_sheet,order,54.0,ACTUAL,VNSTOCK_BRONZE
SPC,LATEST,balance_sheet,level,2.0,ACTUAL,VNSTOCK_BRONZE
SPC,LATEST,balance_sheet,off_balance,0.0,ACTUAL,VNSTOCK_BRONZE
SPC,LATEST,balance_sheet,value,0.0,ACTUAL,VNSTOCK_BRONZE
SPC,LATEST,balance_sheet,order,55.0,ACTUAL,VNSTOCK_BRONZE
SPC,LATEST,balance_sheet,level,2.0,ACTUAL,VNSTOCK_BRONZE
SPC,LATEST,balance_sheet,off_balance,0.0,ACTUAL,VNSTOCK_BRONZE
SPC,LATEST,balance_sheet,value,0.0,ACTUAL,VNSTOCK_BRONZE
SPC,LATEST,balance_sheet,order,56.0,ACTUAL,VNSTOCK_BRONZE
SPC,LATEST,balance_sheet,level,1.0,ACTUAL,VNSTOCK_BRONZE
SPC,LATEST,balance_sheet,off_balance,0.0,ACTUAL,VNSTOCK_BRONZE
SPC,LATEST,balance_sheet,value,25706009586.0,ACTUAL,VNSTOCK_BRONZE
SPC,LATEST,balance_sheet,order,57.0,ACTUAL,VNSTOCK_BRONZE
SPC,LATEST,balance_sheet,level,2.0,ACTUAL,VNSTOCK_BRONZE
SPC,LATEST,balance_sheet,off_balance,0.0,ACTUAL,VNSTOCK_BRONZE
SPC,LATEST,balance_sheet,value,0.0,ACTUAL,VNSTOCK_BRONZE
SPC,LATEST,balance_sheet,order,58.0,ACTUAL,VNSTOCK_BRONZE
SPC,LATEST,balance_sheet,level,2.0,ACTUAL,VNSTOCK_BRONZE
SPC,LATEST,balance_sheet,off_balance,0.0,ACTUAL,VNSTOCK_BRONZE
SPC,LATEST,balance_sheet,value,14715891447.0,ACTUAL,VNSTOCK_BRONZE
SPC,LATEST,balance_sheet,order,59.0,ACTUAL,VNSTOCK_BRONZE
SPC,LATEST,balance_sheet,level,2.0,ACTUAL,VNSTOCK_BRONZE
SPC,LATEST,balance_sheet,off_balance,0.0,ACTUAL,VNSTOCK_BRONZE
SPC,LATEST,balance_sheet,value,10990118139.0,ACTUAL,VNSTOCK_BRONZE
SPC,LATEST,balance_sheet,order,60.0,ACTUAL,VNSTOCK_BRONZE
SPC,LATEST,balance_sheet,level,2.0,ACTUAL,VNSTOCK_BRONZE
SPC,LATEST,balance_sheet,off_balance,0.0,ACTUAL,VNSTOCK_BRONZE
SPC,LATEST,balance_sheet,value,0.0,ACTUAL,VNSTOCK_BRONZE
SPC,LATEST,balance_sheet,order,61.0,ACTUAL,VNSTOCK_BRONZE
SPC,LATEST,balance_sheet,level,2.0,ACTUAL,VNSTOCK_BRONZE
SPC,LATEST,balance_sheet,off_balance,0.0,ACTUAL,VNSTOCK_BRONZE
SPC,LATEST,balance_sheet,value,0.0,ACTUAL,VNSTOCK_BRONZE
SPC,LATEST,balance_sheet,order,62.0,ACTUAL,VNSTOCK_BRONZE
SPC,LATEST,balance_sheet,level,2.0,ACTUAL,VNSTOCK_BRONZE
SPC,LATEST,balance_sheet,off_balance,0.0,ACTUAL,VNSTOCK_BRONZE
SPC,LATEST,balance_sheet,value,0.0,ACTUAL,VNSTOCK_BRONZE
SPC,LATEST,balance_sheet,order,63.0,ACTUAL,VNSTOCK_BRONZE
SPC,LATEST,balance_sheet,level,1.0,ACTUAL,VNSTOCK_BRONZE
SPC,LATEST,balance_sheet,off_balance,0.0,ACTUAL,VNSTOCK_BRONZE
SPC,LATEST,balance_sheet,value,475807843882.0,ACTUAL,VNSTOCK_BRONZE
SPC,LATEST,balance_sheet,order,64.0,ACTUAL,VNSTOCK_BRONZE
SPC,LATEST,balance_sheet,level,1.0,ACTUAL,VNSTOCK_BRONZE
SPC,LATEST,balance_sheet,off_balance,0.0,ACTUAL,VNSTOCK_BRONZE
SPC,LATEST,balance_sheet,value,317413692260.0,ACTUAL,VNSTOCK_BRONZE
SPC,LATEST,balance_sheet,order,65.0,ACTUAL,VNSTOCK_BRONZE
SPC,LATEST,balance_sheet,level,1.0,ACTUAL,VNSTOCK_BRONZE
SPC,LATEST,balance_sheet,off_balance,0.0,ACTUAL,VNSTOCK_BRONZE
SPC,LATEST,balance_sheet,value,311410397462.0,ACTUAL,VNSTOCK_BRONZE
SPC,LATEST,balance_sheet,order,66.0,ACTUAL,VNSTOCK_BRONZE
SPC,LATEST,balance_sheet,level,2.0,ACTUAL,VNSTOCK_BRONZE
SPC,LATEST,balance_sheet,off_balance,0.0,ACTUAL,VNSTOCK_BRONZE
SPC,LATEST,balance_sheet,value,0.0,ACTUAL,VNSTOCK_BRONZE
SPC,LATEST,balance_sheet,order,67.0,ACTUAL,VNSTOCK_BRONZE
SPC,LATEST,balance_sheet,level,2.0,ACTUAL,VNSTOCK_BRONZE
SPC,LATEST,balance_sheet,off_balance,0.0,ACTUAL,VNSTOCK_BRONZE
SPC,LATEST,balance_sheet,value,0.0,ACTUAL,VNSTOCK_BRONZE
SPC,LATEST,balance_sheet,order,68.0,ACTUAL,VNSTOCK_BRONZE
SPC,LATEST,balance_sheet,level,2.0,ACTUAL,VNSTOCK_BRONZE
SPC,LATEST,balance_sheet,off_balance,0.0,ACTUAL,VNSTOCK_BRONZE
SPC,LATEST,balance_sheet,value,0.0,ACTUAL,VNSTOCK_BRONZE
SPC,LATEST,balance_sheet,order,69.0,ACTUAL,VNSTOCK_BRONZE
SPC,LATEST,balance_sheet,level,2.0,ACTUAL,VNSTOCK_BRONZE
SPC,LATEST,balance_sheet,off_balance,0.0,ACTUAL,VNSTOCK_BRONZE
SPC,LATEST,balance_sheet,value,204800379892.0,ACTUAL,VNSTOCK_BRONZE
SPC,LATEST,balance_sheet,order,70.0,ACTUAL,VNSTOCK_BRONZE
SPC,LATEST,balance_sheet,level,2.0,ACTUAL,VNSTOCK_BRONZE
SPC,LATEST,balance_sheet,off_balance,0.0,ACTUAL,VNSTOCK_BRONZE
SPC,LATEST,balance_sheet,value,113446848.0,ACTUAL,VNSTOCK_BRONZE
SPC,LATEST,balance_sheet,order,71.0,ACTUAL,VNSTOCK_BRONZE
SPC,LATEST,balance_sheet,level,2.0,ACTUAL,VNSTOCK_BRONZE
SPC,LATEST,balance_sheet,off_balance,0.0,ACTUAL,VNSTOCK_BRONZE
SPC,LATEST,balance_sheet,value,4336170373.0,ACTUAL,VNSTOCK_BRONZE
SPC,LATEST,balance_sheet,order,72.0,ACTUAL,VNSTOCK_BRONZE
SPC,LATEST,balance_sheet,level,2.0,ACTUAL,VNSTOCK_BRONZE
SPC,LATEST,balance_sheet,off_balance,0.0,ACTUAL,VNSTOCK_BRONZE
SPC,LATEST,balance_sheet,value,21132425127.0,ACTUAL,VNSTOCK_BRONZE
SPC,LATEST,balance_sheet,order,73.0,ACTUAL,VNSTOCK_BRONZE
SPC,LATEST,balance_sheet,level,2.0,ACTUAL,VNSTOCK_BRONZE
SPC,LATEST,balance_sheet,off_balance,0.0,ACTUAL,VNSTOCK_BRONZE
SPC,LATEST,balance_sheet,value,16548669625.0,ACTUAL,VNSTOCK_BRONZE
SPC,LATEST,balance_sheet,order,74.0,ACTUAL,VNSTOCK_BRONZE
SPC,LATEST,balance_sheet,level,2.0,ACTUAL,VNSTOCK_BRONZE
SPC,LATEST,balance_sheet,off_balance,0.0,ACTUAL,VNSTOCK_BRONZE
SPC,LATEST,balance_sheet,value,0.0,ACTUAL,VNSTOCK_BRONZE
SPC,LATEST,balance_sheet,order,75.0,ACTUAL,VNSTOCK_BRONZE
SPC,LATEST,balance_sheet,level,2.0,ACTUAL,VNSTOCK_BRONZE
SPC,LATEST,balance_sheet,off_balance,0.0,ACTUAL,VNSTOCK_BRONZE
SPC,LATEST,balance_sheet,value,0.0,ACTUAL,VNSTOCK_BRONZE
SPC,LATEST,balance_sheet,order,76.0,ACTUAL,VNSTOCK_BRONZE
SPC,LATEST,balance_sheet,level,2.0,ACTUAL,VNSTOCK_BRONZE
SPC,LATEST,balance_sheet,off_balance,0.0,ACTUAL,VNSTOCK_BRONZE
SPC,LATEST,balance_sheet,value,8605967823.0,ACTUAL,VNSTOCK_BRONZE
SPC,LATEST,balance_sheet,order,77.0,ACTUAL,VNSTOCK_BRONZE
SPC,LATEST,balance_sheet,level,2.0,ACTUAL,VNSTOCK_BRONZE
SPC,LATEST,balance_sheet,off_balance,0.0,ACTUAL,VNSTOCK_BRONZE
SPC,LATEST,balance_sheet,value,54328040639.0,ACTUAL,VNSTOCK_BRONZE
SPC,LATEST,balance_sheet,order,78.0,ACTUAL,VNSTOCK_BRONZE
SPC,LATEST,balance_sheet,level,2.0,ACTUAL,VNSTOCK_BRONZE
SPC,LATEST,balance_sheet,off_balance,0.0,ACTUAL,VNSTOCK_BRONZE
SPC,LATEST,balance_sheet,value,0.0,ACTUAL,VNSTOCK_BRONZE
SPC,LATEST,balance_sheet,order,79.0,ACTUAL,VNSTOCK_BRONZE
SPC,LATEST,balance_sheet,level,2.0,ACTUAL,VNSTOCK_BRONZE
SPC,LATEST,balance_sheet,off_balance,0.0,ACTUAL,VNSTOCK_BRONZE
SPC,LATEST,balance_sheet,value,132965885.0,ACTUAL,VNSTOCK_BRONZE
SPC,LATEST,balance_sheet,order,80.0,ACTUAL,VNSTOCK_BRONZE
SPC,LATEST,balance_sheet,level,2.0,ACTUAL,VNSTOCK_BRONZE
SPC,LATEST,balance_sheet,off_balance,0.0,ACTUAL,VNSTOCK_BRONZE
SPC,LATEST,balance_sheet,value,0.0,ACTUAL,VNSTOCK_BRONZE
SPC,LATEST,balance_sheet,order,81.0,ACTUAL,VNSTOCK_BRONZE
SPC,LATEST,balance_sheet,level,2.0,ACTUAL,VNSTOCK_BRONZE
SPC,LATEST,balance_sheet,off_balance,0.0,ACTUAL,VNSTOCK_BRONZE
SPC,LATEST,balance_sheet,value,0.0,ACTUAL,VNSTOCK_BRONZE
SPC,LATEST,balance_sheet,order,82.0,ACTUAL,VNSTOCK_BRONZE
SPC,LATEST,balance_sheet,level,1.0,ACTUAL,VNSTOCK_BRONZE
SPC,LATEST,balance_sheet,off_balance,0.0,ACTUAL,VNSTOCK_BRONZE
SPC,LATEST,balance_sheet,value,6003294798.0,ACTUAL,VNSTOCK_BRONZE
SPC,LATEST,balance_sheet,order,83.0,ACTUAL,VNSTOCK_BRONZE
SPC,LATEST,balance_sheet,level,2.0,ACTUAL,VNSTOCK_BRONZE
SPC,LATEST,balance_sheet,off_balance,0.0,ACTUAL,VNSTOCK_BRONZE
SPC,LATEST,balance_sheet,value,0.0,ACTUAL,VNSTOCK_BRONZE
SPC,LATEST,balance_sheet,order,84.0,ACTUAL,VNSTOCK_BRONZE
SPC,LATEST,balance_sheet,level,2.0,ACTUAL,VNSTOCK_BRONZE
SPC,LATEST,balance_sheet,off_balance,0.0,ACTUAL,VNSTOCK_BRONZE
SPC,LATEST,balance_sheet,order,85.0,ACTUAL,VNSTOCK_BRONZE
SPC,LATEST,balance_sheet,level,2.0,ACTUAL,VNSTOCK_BRONZE
SPC,LATEST,balance_sheet,off_balance,0.0,ACTUAL,VNSTOCK_BRONZE
SPC,LATEST,balance_sheet,value,0.0,ACTUAL,VNSTOCK_BRONZE
SPC,LATEST,balance_sheet,order,86.0,ACTUAL,VNSTOCK_BRONZE
SPC,LATEST,balance_sheet,level,2.0,ACTUAL,VNSTOCK_BRONZE
SPC,LATEST,balance_sheet,off_balance,0.0,ACTUAL,VNSTOCK_BRONZE
SPC,LATEST,balance_sheet,value,0.0,ACTUAL,VNSTOCK_BRONZE
SPC,LATEST,balance_sheet,order,87.0,ACTUAL,VNSTOCK_BRONZE
SPC,LATEST,balance_sheet,level,2.0,ACTUAL,VNSTOCK_BRONZE
SPC,LATEST,balance_sheet,off_balance,0.0,ACTUAL,VNSTOCK_BRONZE
SPC,LATEST,balance_sheet,value,0.0,ACTUAL,VNSTOCK_BRONZE
SPC,LATEST,balance_sheet,order,88.0,ACTUAL,VNSTOCK_BRONZE
SPC,LATEST,balance_sheet,level,2.0,ACTUAL,VNSTOCK_BRONZE
SPC,LATEST,balance_sheet,off_balance,0.0,ACTUAL,VNSTOCK_BRONZE
SPC,LATEST,balance_sheet,value,0.0,ACTUAL,VNSTOCK_BRONZE
SPC,LATEST,balance_sheet,order,89.0,ACTUAL,VNSTOCK_BRONZE
SPC,LATEST,balance_sheet,level,2.0,ACTUAL,VNSTOCK_BRONZE
SPC,LATEST,balance_sheet,off_balance,0.0,ACTUAL,VNSTOCK_BRONZE
SPC,LATEST,balance_sheet,value,0.0,ACTUAL,VNSTOCK_BRONZE
SPC,LATEST,balance_sheet,order,90.0,ACTUAL,VNSTOCK_BRONZE
SPC,LATEST,balance_sheet,level,2.0,ACTUAL,VNSTOCK_BRONZE
SPC,LATEST,balance_sheet,off_balance,0.0,ACTUAL,VNSTOCK_BRONZE
SPC,LATEST,balance_sheet,value,990000000.0,ACTUAL,VNSTOCK_BRONZE
SPC,LATEST,balance_sheet,order,91.0,ACTUAL,VNSTOCK_BRONZE
SPC,LATEST,balance_sheet,level,2.0,ACTUAL,VNSTOCK_BRONZE
SPC,LATEST,balance_sheet,off_balance,0.0,ACTUAL,VNSTOCK_BRONZE
SPC,LATEST,balance_sheet,value,0.0,ACTUAL,VNSTOCK_BRONZE
SPC,LATEST,balance_sheet,order,92.0,ACTUAL,VNSTOCK_BRONZE
SPC,LATEST,balance_sheet,level,2.0,ACTUAL,VNSTOCK_BRONZE
SPC,LATEST,balance_sheet,off_balance,0.0,ACTUAL,VNSTOCK_BRONZE
SPC,LATEST,balance_sheet,value,0.0,ACTUAL,VNSTOCK_BRONZE
SPC,LATEST,balance_sheet,order,93.0,ACTUAL,VNSTOCK_BRONZE
SPC,LATEST,balance_sheet,level,2.0,ACTUAL,VNSTOCK_BRONZE
SPC,LATEST,balance_sheet,off_balance,0.0,ACTUAL,VNSTOCK_BRONZE
SPC,LATEST,balance_sheet,value,5013294798.0,ACTUAL,VNSTOCK_BRONZE
SPC,LATEST,balance_sheet,order,94.0,ACTUAL,VNSTOCK_BRONZE
SPC,LATEST,balance_sheet,level,2.0,ACTUAL,VNSTOCK_BRONZE
SPC,LATEST,balance_sheet,off_balance,0.0,ACTUAL,VNSTOCK_BRONZE
SPC,LATEST,balance_sheet,value,0.0,ACTUAL,VNSTOCK_BRONZE
SPC,LATEST,balance_sheet,order,95.0,ACTUAL,VNSTOCK_BRONZE
SPC,LATEST,balance_sheet,level,2.0,ACTUAL,VNSTOCK_BRONZE
SPC,LATEST,balance_sheet,off_balance,0.0,ACTUAL,VNSTOCK_BRONZE
SPC,LATEST,balance_sheet,value,0.0,ACTUAL,VNSTOCK_BRONZE
SPC,LATEST,balance_sheet,order,96.0,ACTUAL,VNSTOCK_BRONZE
SPC,LATEST,balance_sheet,level,1.0,ACTUAL,VNSTOCK_BRONZE
SPC,LATEST,balance_sheet,off_balance,0.0,ACTUAL,VNSTOCK_BRONZE
SPC,LATEST,balance_sheet,value,158394151622.0,ACTUAL,VNSTOCK_BRONZE
SPC,LATEST,balance_sheet,order,97.0,ACTUAL,VNSTOCK_BRONZE
SPC,LATEST,balance_sheet,level,1.0,ACTUAL,VNSTOCK_BRONZE
SPC,LATEST,balance_sheet,off_balance,0.0,ACTUAL,VNSTOCK_BRONZE
SPC,LATEST,balance_sheet,value,158394151622.0,ACTUAL,VNSTOCK_BRONZE
SPC,LATEST,balance_sheet,order,98.0,ACTUAL,VNSTOCK_BRONZE
SPC,LATEST,balance_sheet,level,2.0,ACTUAL,VNSTOCK_BRONZE
SPC,LATEST,balance_sheet,off_balance,0.0,ACTUAL,VNSTOCK_BRONZE
SPC,LATEST,balance_sheet,value,0.0,ACTUAL,VNSTOCK_BRONZE
SPC,LATEST,balance_sheet,order,99.0,ACTUAL,VNSTOCK_BRONZE
SPC,LATEST,balance_sheet,level,2.0,ACTUAL,VNSTOCK_BRONZE
SPC,LATEST,balance_sheet,off_balance,0.0,ACTUAL,VNSTOCK_BRONZE
SPC,LATEST,balance_sheet,value,0.0,ACTUAL,VNSTOCK_BRONZE
SPC,LATEST,balance_sheet,order,100.0,ACTUAL,VNSTOCK_BRONZE
SPC,LATEST,balance_sheet,level,2.0,ACTUAL,VNSTOCK_BRONZE
SPC,LATEST,balance_sheet,off_balance,0.0,ACTUAL,VNSTOCK_BRONZE
SPC,LATEST,balance_sheet,value,0.0,ACTUAL,VNSTOCK_BRONZE
SPC,LATEST,balance_sheet,order,101.0,ACTUAL,VNSTOCK_BRONZE
SPC,LATEST,balance_sheet,level,2.0,ACTUAL,VNSTOCK_BRONZE
SPC,LATEST,balance_sheet,off_balance,0.0,ACTUAL,VNSTOCK_BRONZE
SPC,LATEST,balance_sheet,value,0.0,ACTUAL,VNSTOCK_BRONZE
SPC,LATEST,balance_sheet,order,102.0,ACTUAL,VNSTOCK_BRONZE
SPC,LATEST,balance_sheet,level,2.0,ACTUAL,VNSTOCK_BRONZE
SPC,LATEST,balance_sheet,off_balance,0.0,ACTUAL,VNSTOCK_BRONZE
SPC,LATEST,balance_sheet,value,105300000000.0,ACTUAL,VNSTOCK_BRONZE
SPC,LATEST,balance_sheet,order,103.0,ACTUAL,VNSTOCK_BRONZE
SPC,LATEST,balance_sheet,level,3.0,ACTUAL,VNSTOCK_BRONZE
SPC,LATEST,balance_sheet,off_balance,0.0,ACTUAL,VNSTOCK_BRONZE
SPC,LATEST,balance_sheet,value,105300000000.0,ACTUAL,VNSTOCK_BRONZE
SPC,LATEST,balance_sheet,order,104.0,ACTUAL,VNSTOCK_BRONZE
SPC,LATEST,balance_sheet,level,2.0,ACTUAL,VNSTOCK_BRONZE
SPC,LATEST,balance_sheet,off_balance,0.0,ACTUAL,VNSTOCK_BRONZE
SPC,LATEST,balance_sheet,value,782715818.0,ACTUAL,VNSTOCK_BRONZE
SPC,LATEST,balance_sheet,order,105.0,ACTUAL,VNSTOCK_BRONZE
SPC,LATEST,balance_sheet,level,2.0,ACTUAL,VNSTOCK_BRONZE
SPC,LATEST,balance_sheet,off_balance,0.0,ACTUAL,VNSTOCK_BRONZE
SPC,LATEST,balance_sheet,value,0.0,ACTUAL,VNSTOCK_BRONZE
SPC,LATEST,balance_sheet,order,106.0,ACTUAL,VNSTOCK_BRONZE
SPC,LATEST,balance_sheet,level,2.0,ACTUAL,VNSTOCK_BRONZE
SPC,LATEST,balance_sheet,off_balance,0.0,ACTUAL,VNSTOCK_BRONZE
SPC,LATEST,balance_sheet,value,0.0,ACTUAL,VNSTOCK_BRONZE
SPC,LATEST,balance_sheet,order,107.0,ACTUAL,VNSTOCK_BRONZE
SPC,LATEST,balance_sheet,level,2.0,ACTUAL,VNSTOCK_BRONZE
SPC,LATEST,balance_sheet,off_balance,0.0,ACTUAL,VNSTOCK_BRONZE
SPC,LATEST,balance_sheet,value,0.0,ACTUAL,VNSTOCK_BRONZE
SPC,LATEST,balance_sheet,order,108.0,ACTUAL,VNSTOCK_BRONZE
SPC,LATEST,balance_sheet,level,2.0,ACTUAL,VNSTOCK_BRONZE
SPC,LATEST,balance_sheet,off_balance,0.0,ACTUAL,VNSTOCK_BRONZE
SPC,LATEST,balance_sheet,value,11833272392.0,ACTUAL,VNSTOCK_BRONZE
SPC,LATEST,balance_sheet,order,109.0,ACTUAL,VNSTOCK_BRONZE
SPC,LATEST,balance_sheet,level,2.0,ACTUAL,VNSTOCK_BRONZE
SPC,LATEST,balance_sheet,off_balance,0.0,ACTUAL,VNSTOCK_BRONZE
SPC,LATEST,balance_sheet,value,62557331487.0,ACTUAL,VNSTOCK_BRONZE
SPC,LATEST,balance_sheet,order,110.0,ACTUAL,VNSTOCK_BRONZE
SPC,LATEST,balance_sheet,level,2.0,ACTUAL,VNSTOCK_BRONZE
SPC,LATEST,balance_sheet,off_balance,0.0,ACTUAL,VNSTOCK_BRONZE
SPC,LATEST,balance_sheet,value,0.0,ACTUAL,VNSTOCK_BRONZE
SPC,LATEST,balance_sheet,order,111.0,ACTUAL,VNSTOCK_BRONZE
SPC,LATEST,balance_sheet,level,2.0,ACTUAL,VNSTOCK_BRONZE
SPC,LATEST,balance_sheet,off_balance,0.0,ACTUAL,VNSTOCK_BRONZE
SPC,LATEST,balance_sheet,value,0.0,ACTUAL,VNSTOCK_BRONZE
SPC,LATEST,balance_sheet,order,112.0,ACTUAL,VNSTOCK_BRONZE
SPC,LATEST,balance_sheet,level,2.0,ACTUAL,VNSTOCK_BRONZE
SPC,LATEST,balance_sheet,off_balance,0.0,ACTUAL,VNSTOCK_BRONZE
SPC,LATEST,balance_sheet,value,-32651159558.0,ACTUAL,VNSTOCK_BRONZE
SPC,LATEST,balance_sheet,order,113.0,ACTUAL,VNSTOCK_BRONZE
SPC,LATEST,balance_sheet,level,3.0,ACTUAL,VNSTOCK_BRONZE
SPC,LATEST,balance_sheet,off_balance,0.0,ACTUAL,VNSTOCK_BRONZE
SPC,LATEST,balance_sheet,value,-55184569968.0,ACTUAL,VNSTOCK_BRONZE
SPC,LATEST,balance_sheet,order,114.0,ACTUAL,VNSTOCK_BRONZE
SPC,LATEST,balance_sheet,level,3.0,ACTUAL,VNSTOCK_BRONZE
SPC,LATEST,balance_sheet,off_balance,0.0,ACTUAL,VNSTOCK_BRONZE
SPC,LATEST,balance_sheet,value,22533410410.0,ACTUAL,VNSTOCK_BRONZE
SPC,LATEST,balance_sheet,order,115.0,ACTUAL,VNSTOCK_BRONZE
SPC,LATEST,balance_sheet,level,2.0,ACTUAL,VNSTOCK_BRONZE
SPC,LATEST,balance_sheet,off_balance,0.0,ACTUAL,VNSTOCK_BRONZE
SPC,LATEST,balance_sheet,value,10571991483.0,ACTUAL,VNSTOCK_BRONZE
SPC,LATEST,balance_sheet,order,116.0,ACTUAL,VNSTOCK_BRONZE
SPC,LATEST,balance_sheet,level,1.0,ACTUAL,VNSTOCK_BRONZE
SPC,LATEST,balance_sheet,off_balance,0.0,ACTUAL,VNSTOCK_BRONZE
SPC,LATEST,balance_sheet,value,0.0,ACTUAL,VNSTOCK_BRONZE
SPC,LATEST,balance_sheet,order,117.0,ACTUAL,VNSTOCK_BRONZE
SPC,LATEST,balance_sheet,level,2.0,ACTUAL,VNSTOCK_BRONZE
SPC,LATEST,balance_sheet,off_balance,0.0,ACTUAL,VNSTOCK_BRONZE
SPC,LATEST,balance_sheet,value,0.0,ACTUAL,VNSTOCK_BRONZE
SPC,LATEST,balance_sheet,order,118.0,ACTUAL,VNSTOCK_BRONZE
SPC,LATEST,balance_sheet,level,1.0,ACTUAL,VNSTOCK_BRONZE
SPC,LATEST,balance_sheet,off_balance,0.0,ACTUAL,VNSTOCK_BRONZE
SPC,LATEST,balance_sheet,value,475807843882.0,ACTUAL,VNSTOCK_BRONZE
SPC,LATEST,balance_sheet,order,1.0,ACTUAL,VNSTOCK_BRONZE
SPC,LATEST,balance_sheet,level,1.0,ACTUAL,VNSTOCK_BRONZE
SPC,LATEST,balance_sheet,off_balance,0.0,ACTUAL,VNSTOCK_BRONZE
SPC,LATEST,balance_sheet,value,382847622641.0,ACTUAL,VNSTOCK_BRONZE
SPC,LATEST,balance_sheet,order,2.0,ACTUAL,VNSTOCK_BRONZE
SPC,LATEST,balance_sheet,level,1.0,ACTUAL,VNSTOCK_BRONZE
SPC,LATEST,balance_sheet,off_balance,0.0,ACTUAL,VNSTOCK_BRONZE
SPC,LATEST,balance_sheet,value,37696663703.0,ACTUAL,VNSTOCK_BRONZE
SPC,LATEST,balance_sheet,order,3.0,ACTUAL,VNSTOCK_BRONZE
SPC,LATEST,balance_sheet,level,2.0,ACTUAL,VNSTOCK_BRONZE
SPC,LATEST,balance_sheet,off_balance,0.0,ACTUAL,VNSTOCK_BRONZE
SPC,LATEST,balance_sheet,value,37696663703.0,ACTUAL,VNSTOCK_BRONZE
SPC,LATEST,balance_sheet,order,4.0,ACTUAL,VNSTOCK_BRONZE
SPC,LATEST,balance_sheet,level,2.0,ACTUAL,VNSTOCK_BRONZE
SPC,LATEST,balance_sheet,off_balance,0.0,ACTUAL,VNSTOCK_BRONZE
SPC,LATEST,balance_sheet,value,0.0,ACTUAL,VNSTOCK_BRONZE
SPC,LATEST,balance_sheet,order,5.0,ACTUAL,VNSTOCK_BRONZE
SPC,LATEST,balance_sheet,level,1.0,ACTUAL,VNSTOCK_BRONZE
SPC,LATEST,balance_sheet,off_balance,0.0,ACTUAL,VNSTOCK_BRONZE
SPC,LATEST,balance_sheet,value,3000000000.0,ACTUAL,VNSTOCK_BRONZE
SPC,LATEST,balance_sheet,order,6.0,ACTUAL,VNSTOCK_BRONZE
SPC,LATEST,balance_sheet,level,2.0,ACTUAL,VNSTOCK_BRONZE
SPC,LATEST,balance_sheet,off_balance,0.0,ACTUAL,VNSTOCK_BRONZE
SPC,LATEST,balance_sheet,value,0.0,ACTUAL,VNSTOCK_BRONZE
SPC,LATEST,balance_sheet,order,7.0,ACTUAL,VNSTOCK_BRONZE
SPC,LATEST,balance_sheet,level,2.0,ACTUAL,VNSTOCK_BRONZE
SPC,LATEST,balance_sheet,off_balance,0.0,ACTUAL,VNSTOCK_BRONZE
SPC,LATEST,balance_sheet,value,0.0,ACTUAL,VNSTOCK_BRONZE
SPC,LATEST,balance_sheet,order,8.0,ACTUAL,VNSTOCK_BRONZE
SPC,LATEST,balance_sheet,level,2.0,ACTUAL,VNSTOCK_BRONZE
SPC,LATEST,balance_sheet,off_balance,0.0,ACTUAL,VNSTOCK_BRONZE
SPC,LATEST,balance_sheet,value,3000000000.0,ACTUAL,VNSTOCK_BRONZE
SPC,LATEST,balance_sheet,order,9.0,ACTUAL,VNSTOCK_BRONZE
SPC,LATEST,balance_sheet,level,1.0,ACTUAL,VNSTOCK_BRONZE
SPC,LATEST,balance_sheet,off_balance,0.0,ACTUAL,VNSTOCK_BRONZE
SPC,LATEST,balance_sheet,value,117325326541.0,ACTUAL,VNSTOCK_BRONZE
SPC,LATEST,balance_sheet,order,10.0,ACTUAL,VNSTOCK_BRONZE
SPC,LATEST,balance_sheet,level,2.0,ACTUAL,VNSTOCK_BRONZE
SPC,LATEST,balance_sheet,off_balance,0.0,ACTUAL,VNSTOCK_BRONZE
SPC,LATEST,balance_sheet,value,132497075565.0,ACTUAL,VNSTOCK_BRONZE
SPC,LATEST,balance_sheet,order,11.0,ACTUAL,VNSTOCK_BRONZE
SPC,LATEST,balance_sheet,level,2.0,ACTUAL,VNSTOCK_BRONZE
SPC,LATEST,balance_sheet,off_balance,0.0,ACTUAL,VNSTOCK_BRONZE
SPC,LATEST,balance_sheet,value,2800074411.0,ACTUAL,VNSTOCK_BRONZE
SPC,LATEST,balance_sheet,order,12.0,ACTUAL,VNSTOCK_BRONZE
SPC,LATEST,balance_sheet,level,2.0,ACTUAL,VNSTOCK_BRONZE
SPC,LATEST,balance_sheet,off_balance,0.0,ACTUAL,VNSTOCK_BRONZE
SPC,LATEST,balance_sheet,value,0.0,ACTUAL,VNSTOCK_BRONZE
SPC,LATEST,balance_sheet,order,13.0,ACTUAL,VNSTOCK_BRONZE
SPC,LATEST,balance_sheet,level,2.0,ACTUAL,VNSTOCK_BRONZE
SPC,LATEST,balance_sheet,off_balance,0.0,ACTUAL,VNSTOCK_BRONZE
SPC,LATEST,balance_sheet,value,0.0,ACTUAL,VNSTOCK_BRONZE
SPC,LATEST,balance_sheet,order,14.0,ACTUAL,VNSTOCK_BRONZE
SPC,LATEST,balance_sheet,level,2.0,ACTUAL,VNSTOCK_BRONZE
SPC,LATEST,balance_sheet,off_balance,0.0,ACTUAL,VNSTOCK_BRONZE
SPC,LATEST,balance_sheet,value,0.0,ACTUAL,VNSTOCK_BRONZE
SPC,LATEST,balance_sheet,order,15.0,ACTUAL,VNSTOCK_BRONZE
SPC,LATEST,balance_sheet,level,2.0,ACTUAL,VNSTOCK_BRONZE
SPC,LATEST,balance_sheet,off_balance,0.0,ACTUAL,VNSTOCK_BRONZE
SPC,LATEST,balance_sheet,value,3010369924.0,ACTUAL,VNSTOCK_BRONZE
SPC,LATEST,balance_sheet,order,16.0,ACTUAL,VNSTOCK_BRONZE
SPC,LATEST,balance_sheet,level,2.0,ACTUAL,VNSTOCK_BRONZE
SPC,LATEST,balance_sheet,off_balance,0.0,ACTUAL,VNSTOCK_BRONZE
SPC,LATEST,balance_sheet,value,-20982193359.0,ACTUAL,VNSTOCK_BRONZE
SPC,LATEST,balance_sheet,order,17.0,ACTUAL,VNSTOCK_BRONZE
SPC,LATEST,balance_sheet,level,2.0,ACTUAL,VNSTOCK_BRONZE
SPC,LATEST,balance_sheet,off_balance,0.0,ACTUAL,VNSTOCK_BRONZE
SPC,LATEST,balance_sheet,value,0.0,ACTUAL,VNSTOCK_BRONZE
SPC,LATEST,balance_sheet,order,18.0,ACTUAL,VNSTOCK_BRONZE
SPC,LATEST,balance_sheet,level,1.0,ACTUAL,VNSTOCK_BRONZE
SPC,LATEST,balance_sheet,off_balance,0.0,ACTUAL,VNSTOCK_BRONZE
SPC,LATEST,balance_sheet,value,206906416994.0,ACTUAL,VNSTOCK_BRONZE
SPC,LATEST,balance_sheet,order,19.0,ACTUAL,VNSTOCK_BRONZE
SPC,LATEST,balance_sheet,level,2.0,ACTUAL,VNSTOCK_BRONZE
SPC,LATEST,balance_sheet,off_balance,0.0,ACTUAL,VNSTOCK_BRONZE
SPC,LATEST,balance_sheet,value,226786375983.0,ACTUAL,VNSTOCK_BRONZE
SPC,LATEST,balance_sheet,order,20.0,ACTUAL,VNSTOCK_BRONZE
SPC,LATEST,balance_sheet,level,2.0,ACTUAL,VNSTOCK_BRONZE
SPC,LATEST,balance_sheet,off_balance,0.0,ACTUAL,VNSTOCK_BRONZE
SPC,LATEST,balance_sheet,value,-19879958989.0,ACTUAL,VNSTOCK_BRONZE
SPC,LATEST,balance_sheet,order,21.0,ACTUAL,VNSTOCK_BRONZE
SPC,LATEST,balance_sheet,level,1.0,ACTUAL,VNSTOCK_BRONZE
SPC,LATEST,balance_sheet,off_balance,0.0,ACTUAL,VNSTOCK_BRONZE
SPC,LATEST,balance_sheet,value,17919215403.0,ACTUAL,VNSTOCK_BRONZE
SPC,LATEST,balance_sheet,order,22.0,ACTUAL,VNSTOCK_BRONZE
SPC,LATEST,balance_sheet,level,2.0,ACTUAL,VNSTOCK_BRONZE
SPC,LATEST,balance_sheet,off_balance,0.0,ACTUAL,VNSTOCK_BRONZE
SPC,LATEST,balance_sheet,value,1273189612.0,ACTUAL,VNSTOCK_BRONZE
SPC,LATEST,balance_sheet,order,23.0,ACTUAL,VNSTOCK_BRONZE
SPC,LATEST,balance_sheet,level,2.0,ACTUAL,VNSTOCK_BRONZE
SPC,LATEST,balance_sheet,off_balance,0.0,ACTUAL,VNSTOCK_BRONZE
SPC,LATEST,balance_sheet,value,15001465536.0,ACTUAL,VNSTOCK_BRONZE
SPC,LATEST,balance_sheet,order,24.0,ACTUAL,VNSTOCK_BRONZE
SPC,LATEST,balance_sheet,level,2.0,ACTUAL,VNSTOCK_BRONZE
SPC,LATEST,balance_sheet,off_balance,0.0,ACTUAL,VNSTOCK_BRONZE
SPC,LATEST,balance_sheet,value,1644560255.0,ACTUAL,VNSTOCK_BRONZE
SPC,LATEST,balance_sheet,order,25.0,ACTUAL,VNSTOCK_BRONZE
SPC,LATEST,balance_sheet,level,2.0,ACTUAL,VNSTOCK_BRONZE
SPC,LATEST,balance_sheet,off_balance,0.0,ACTUAL,VNSTOCK_BRONZE
SPC,LATEST,balance_sheet,value,0.0,ACTUAL,VNSTOCK_BRONZE
SPC,LATEST,balance_sheet,order,26.0,ACTUAL,VNSTOCK_BRONZE
SPC,LATEST,balance_sheet,level,1.0,ACTUAL,VNSTOCK_BRONZE
SPC,LATEST,balance_sheet,off_balance,0.0,ACTUAL,VNSTOCK_BRONZE
SPC,LATEST,balance_sheet,value,54432025269.0,ACTUAL,VNSTOCK_BRONZE
SPC,LATEST,balance_sheet,order,27.0,ACTUAL,VNSTOCK_BRONZE
SPC,LATEST,balance_sheet,level,1.0,ACTUAL,VNSTOCK_BRONZE
SPC,LATEST,balance_sheet,off_balance,0.0,ACTUAL,VNSTOCK_BRONZE
SPC,LATEST,balance_sheet,value,436950914.0,ACTUAL,VNSTOCK_BRONZE
SPC,LATEST,balance_sheet,order,28.0,ACTUAL,VNSTOCK_BRONZE
SPC,LATEST,balance_sheet,level,2.0,ACTUAL,VNSTOCK_BRONZE
SPC,LATEST,balance_sheet,off_balance,0.0,ACTUAL,VNSTOCK_BRONZE
SPC,LATEST,balance_sheet,value,0.0,ACTUAL,VNSTOCK_BRONZE
SPC,LATEST,balance_sheet,order,29.0,ACTUAL,VNSTOCK_BRONZE
SPC,LATEST,balance_sheet,level,2.0,ACTUAL,VNSTOCK_BRONZE
SPC,LATEST,balance_sheet,off_balance,0.0,ACTUAL,VNSTOCK_BRONZE
SPC,LATEST,balance_sheet,value,0.0,ACTUAL,VNSTOCK_BRONZE
SPC,LATEST,balance_sheet,order,30.0,ACTUAL,VNSTOCK_BRONZE
SPC,LATEST,balance_sheet,level,2.0,ACTUAL,VNSTOCK_BRONZE
SPC,LATEST,balance_sheet,off_balance,0.0,ACTUAL,VNSTOCK_BRONZE
SPC,LATEST,balance_sheet,value,0.0,ACTUAL,VNSTOCK_BRONZE
SPC,LATEST,balance_sheet,order,31.0,ACTUAL,VNSTOCK_BRONZE
SPC,LATEST,balance_sheet,level,2.0,ACTUAL,VNSTOCK_BRONZE
SPC,LATEST,balance_sheet,off_balance,0.0,ACTUAL,VNSTOCK_BRONZE
SPC,LATEST,balance_sheet,value,0.0,ACTUAL,VNSTOCK_BRONZE
SPC,LATEST,balance_sheet,order,32.0,ACTUAL,VNSTOCK_BRONZE
SPC,LATEST,balance_sheet,level,2.0,ACTUAL,VNSTOCK_BRONZE
SPC,LATEST,balance_sheet,off_balance,0.0,ACTUAL,VNSTOCK_BRONZE
SPC,LATEST,balance_sheet,value,436950914.0,ACTUAL,VNSTOCK_BRONZE
SPC,LATEST,balance_sheet,order,33.0,ACTUAL,VNSTOCK_BRONZE
SPC,LATEST,balance_sheet,level,2.0,ACTUAL,VNSTOCK_BRONZE
SPC,LATEST,balance_sheet,off_balance,0.0,ACTUAL,VNSTOCK_BRONZE
SPC,LATEST,balance_sheet,value,-0.0,ACTUAL,VNSTOCK_BRONZE
SPC,LATEST,balance_sheet,order,34.0,ACTUAL,VNSTOCK_BRONZE
SPC,LATEST,balance_sheet,level,1.0,ACTUAL,VNSTOCK_BRONZE
SPC,LATEST,balance_sheet,off_balance,0.0,ACTUAL,VNSTOCK_BRONZE
SPC,LATEST,balance_sheet,value,25393595697.0,ACTUAL,VNSTOCK_BRONZE
SPC,LATEST,balance_sheet,order,35.0,ACTUAL,VNSTOCK_BRONZE
SPC,LATEST,balance_sheet,level,2.0,ACTUAL,VNSTOCK_BRONZE
SPC,LATEST,balance_sheet,off_balance,0.0,ACTUAL,VNSTOCK_BRONZE
SPC,LATEST,balance_sheet,value,20962409730.0,ACTUAL,VNSTOCK_BRONZE
SPC,LATEST,balance_sheet,order,36.0,ACTUAL,VNSTOCK_BRONZE
SPC,LATEST,balance_sheet,level,3.0,ACTUAL,VNSTOCK_BRONZE
SPC,LATEST,balance_sheet,off_balance,0.0,ACTUAL,VNSTOCK_BRONZE
SPC,LATEST,balance_sheet,value,151739448073.0,ACTUAL,VNSTOCK_BRONZE
SPC,LATEST,balance_sheet,order,37.0,ACTUAL,VNSTOCK_BRONZE
SPC,LATEST,balance_sheet,level,3.0,ACTUAL,VNSTOCK_BRONZE
SPC,LATEST,balance_sheet,off_balance,0.0,ACTUAL,VNSTOCK_BRONZE
SPC,LATEST,balance_sheet,value,-130777038343.0,ACTUAL,VNSTOCK_BRONZE
SPC,LATEST,balance_sheet,order,38.0,ACTUAL,VNSTOCK_BRONZE
SPC,LATEST,balance_sheet,level,2.0,ACTUAL,VNSTOCK_BRONZE
SPC,LATEST,balance_sheet,off_balance,0.0,ACTUAL,VNSTOCK_BRONZE
SPC,LATEST,balance_sheet,value,0.0,ACTUAL,VNSTOCK_BRONZE
SPC,LATEST,balance_sheet,order,39.0,ACTUAL,VNSTOCK_BRONZE
SPC,LATEST,balance_sheet,level,3.0,ACTUAL,VNSTOCK_BRONZE
SPC,LATEST,balance_sheet,off_balance,0.0,ACTUAL,VNSTOCK_BRONZE
SPC,LATEST,balance_sheet,value,0.0,ACTUAL,VNSTOCK_BRONZE
SPC,LATEST,balance_sheet,order,40.0,ACTUAL,VNSTOCK_BRONZE
SPC,LATEST,balance_sheet,level,3.0,ACTUAL,VNSTOCK_BRONZE
SPC,LATEST,balance_sheet,off_balance,0.0,ACTUAL,VNSTOCK_BRONZE
SPC,LATEST,balance_sheet,value,-0.0,ACTUAL,VNSTOCK_BRONZE
SPC,LATEST,balance_sheet,order,41.0,ACTUAL,VNSTOCK_BRONZE
SPC,LATEST,balance_sheet,level,2.0,ACTUAL,VNSTOCK_BRONZE
SPC,LATEST,balance_sheet,off_balance,0.0,ACTUAL,VNSTOCK_BRONZE
SPC,LATEST,balance_sheet,value,4431185967.0,ACTUAL,VNSTOCK_BRONZE
SPC,LATEST,balance_sheet,order,42.0,ACTUAL,VNSTOCK_BRONZE
SPC,LATEST,balance_sheet,level,3.0,ACTUAL,VNSTOCK_BRONZE
SPC,LATEST,balance_sheet,off_balance,0.0,ACTUAL,VNSTOCK_BRONZE
SPC,LATEST,balance_sheet,value,9111423802.0,ACTUAL,VNSTOCK_BRONZE
SPC,LATEST,balance_sheet,order,43.0,ACTUAL,VNSTOCK_BRONZE
SPC,LATEST,balance_sheet,level,3.0,ACTUAL,VNSTOCK_BRONZE
SPC,LATEST,balance_sheet,off_balance,0.0,ACTUAL,VNSTOCK_BRONZE
SPC,LATEST,balance_sheet,value,-4680237835.0,ACTUAL,VNSTOCK_BRONZE
SPC,LATEST,balance_sheet,order,44.0,ACTUAL,VNSTOCK_BRONZE
SPC,LATEST,balance_sheet,level,1.0,ACTUAL,VNSTOCK_BRONZE
SPC,LATEST,balance_sheet,off_balance,0.0,ACTUAL,VNSTOCK_BRONZE
SPC,LATEST,balance_sheet,value,14344171.0,ACTUAL,VNSTOCK_BRONZE
SPC,LATEST,balance_sheet,order,45.0,ACTUAL,VNSTOCK_BRONZE
SPC,LATEST,balance_sheet,level,2.0,ACTUAL,VNSTOCK_BRONZE
SPC,LATEST,balance_sheet,off_balance,0.0,ACTUAL,VNSTOCK_BRONZE
SPC,LATEST,balance_sheet,value,2053359622.0,ACTUAL,VNSTOCK_BRONZE
SPC,LATEST,balance_sheet,order,46.0,ACTUAL,VNSTOCK_BRONZE
SPC,LATEST,balance_sheet,level,2.0,ACTUAL,VNSTOCK_BRONZE
SPC,LATEST,balance_sheet,off_balance,0.0,ACTUAL,VNSTOCK_BRONZE
SPC,LATEST,balance_sheet,value,-2039015451.0,ACTUAL,VNSTOCK_BRONZE
SPC,LATEST,balance_sheet,order,47.0,ACTUAL,VNSTOCK_BRONZE
SPC,LATEST,balance_sheet,level,1.0,ACTUAL,VNSTOCK_BRONZE
SPC,LATEST,balance_sheet,off_balance,0.0,ACTUAL,VNSTOCK_BRONZE
SPC,LATEST,balance_sheet,value,4403352082.0,ACTUAL,VNSTOCK_BRONZE
SPC,LATEST,balance_sheet,order,48.0,ACTUAL,VNSTOCK_BRONZE
SPC,LATEST,balance_sheet,level,2.0,ACTUAL,VNSTOCK_BRONZE
SPC,LATEST,balance_sheet,off_balance,0.0,ACTUAL,VNSTOCK_BRONZE
SPC,LATEST,balance_sheet,value,0.0,ACTUAL,VNSTOCK_BRONZE
SPC,LATEST,balance_sheet,order,49.0,ACTUAL,VNSTOCK_BRONZE
SPC,LATEST,balance_sheet,level,2.0,ACTUAL,VNSTOCK_BRONZE
SPC,LATEST,balance_sheet,off_balance,0.0,ACTUAL,VNSTOCK_BRONZE
SPC,LATEST,balance_sheet,value,4403352082.0,ACTUAL,VNSTOCK_BRONZE
SPC,LATEST,balance_sheet,order,50.0,ACTUAL,VNSTOCK_BRONZE
SPC,LATEST,balance_sheet,level,1.0,ACTUAL,VNSTOCK_BRONZE
SPC,LATEST,balance_sheet,off_balance,0.0,ACTUAL,VNSTOCK_BRONZE
SPC,LATEST,balance_sheet,value,0.0,ACTUAL,VNSTOCK_BRONZE
SPC,LATEST,balance_sheet,order,51.0,ACTUAL,VNSTOCK_BRONZE
SPC,LATEST,balance_sheet,level,2.0,ACTUAL,VNSTOCK_BRONZE
SPC,LATEST,balance_sheet,off_balance,0.0,ACTUAL,VNSTOCK_BRONZE
SPC,LATEST,balance_sheet,value,0.0,ACTUAL,VNSTOCK_BRONZE
SPC,LATEST,balance_sheet,order,52.0,ACTUAL,VNSTOCK_BRONZE
SPC,LATEST,balance_sheet,level,2.0,ACTUAL,VNSTOCK_BRONZE
SPC,LATEST,balance_sheet,off_balance,0.0,ACTUAL,VNSTOCK_BRONZE
SPC,LATEST,balance_sheet,value,0.0,ACTUAL,VNSTOCK_BRONZE
SPC,LATEST,balance_sheet,order,53.0,ACTUAL,VNSTOCK_BRONZE
SPC,LATEST,balance_sheet,level,2.0,ACTUAL,VNSTOCK_BRONZE
SPC,LATEST,balance_sheet,off_balance,0.0,ACTUAL,VNSTOCK_BRONZE
SPC,LATEST,balance_sheet,value,0.0,ACTUAL,VNSTOCK_BRONZE
SPC,LATEST,balance_sheet,order,54.0,ACTUAL,VNSTOCK_BRONZE
SPC,LATEST,balance_sheet,level,2.0,ACTUAL,VNSTOCK_BRONZE
SPC,LATEST,balance_sheet,off_balance,0.0,ACTUAL,VNSTOCK_BRONZE
SPC,LATEST,balance_sheet,value,0.0,ACTUAL,VNSTOCK_BRONZE
SPC,LATEST,balance_sheet,order,55.0,ACTUAL,VNSTOCK_BRONZE
SPC,LATEST,balance_sheet,level,2.0,ACTUAL,VNSTOCK_BRONZE
SPC,LATEST,balance_sheet,off_balance,0.0,ACTUAL,VNSTOCK_BRONZE
SPC,LATEST,balance_sheet,value,0.0,ACTUAL,VNSTOCK_BRONZE
SPC,LATEST,balance_sheet,order,56.0,ACTUAL,VNSTOCK_BRONZE
SPC,LATEST,balance_sheet,level,1.0,ACTUAL,VNSTOCK_BRONZE
SPC,LATEST,balance_sheet,off_balance,0.0,ACTUAL,VNSTOCK_BRONZE
SPC,LATEST,balance_sheet,value,24183782405.0,ACTUAL,VNSTOCK_BRONZE
SPC,LATEST,balance_sheet,order,57.0,ACTUAL,VNSTOCK_BRONZE
SPC,LATEST,balance_sheet,level,2.0,ACTUAL,VNSTOCK_BRONZE
SPC,LATEST,balance_sheet,off_balance,0.0,ACTUAL,VNSTOCK_BRONZE
SPC,LATEST,balance_sheet,value,0.0,ACTUAL,VNSTOCK_BRONZE
SPC,LATEST,balance_sheet,order,58.0,ACTUAL,VNSTOCK_BRONZE
SPC,LATEST,balance_sheet,level,2.0,ACTUAL,VNSTOCK_BRONZE
SPC,LATEST,balance_sheet,off_balance,0.0,ACTUAL,VNSTOCK_BRONZE
SPC,LATEST,balance_sheet,value,14524430198.0,ACTUAL,VNSTOCK_BRONZE
SPC,LATEST,balance_sheet,order,59.0,ACTUAL,VNSTOCK_BRONZE
SPC,LATEST,balance_sheet,level,2.0,ACTUAL,VNSTOCK_BRONZE
SPC,LATEST,balance_sheet,off_balance,0.0,ACTUAL,VNSTOCK_BRONZE
SPC,LATEST,balance_sheet,value,9659352207.0,ACTUAL,VNSTOCK_BRONZE
SPC,LATEST,balance_sheet,order,60.0,ACTUAL,VNSTOCK_BRONZE
SPC,LATEST,balance_sheet,level,2.0,ACTUAL,VNSTOCK_BRONZE
SPC,LATEST,balance_sheet,off_balance,0.0,ACTUAL,VNSTOCK_BRONZE
SPC,LATEST,balance_sheet,value,0.0,ACTUAL,VNSTOCK_BRONZE
SPC,LATEST,balance_sheet,order,61.0,ACTUAL,VNSTOCK_BRONZE
SPC,LATEST,balance_sheet,level,2.0,ACTUAL,VNSTOCK_BRONZE
SPC,LATEST,balance_sheet,off_balance,0.0,ACTUAL,VNSTOCK_BRONZE
SPC,LATEST,balance_sheet,value,0.0,ACTUAL,VNSTOCK_BRONZE
SPC,LATEST,balance_sheet,order,62.0,ACTUAL,VNSTOCK_BRONZE
SPC,LATEST,balance_sheet,level,2.0,ACTUAL,VNSTOCK_BRONZE
SPC,LATEST,balance_sheet,off_balance,0.0,ACTUAL,VNSTOCK_BRONZE
SPC,LATEST,balance_sheet,value,0.0,ACTUAL,VNSTOCK_BRONZE
SPC,LATEST,balance_sheet,order,63.0,ACTUAL,VNSTOCK_BRONZE
SPC,LATEST,balance_sheet,level,1.0,ACTUAL,VNSTOCK_BRONZE
SPC,LATEST,balance_sheet,off_balance,0.0,ACTUAL,VNSTOCK_BRONZE
SPC,LATEST,balance_sheet,value,437279647910.0,ACTUAL,VNSTOCK_BRONZE
SPC,LATEST,balance_sheet,order,64.0,ACTUAL,VNSTOCK_BRONZE
SPC,LATEST,balance_sheet,level,1.0,ACTUAL,VNSTOCK_BRONZE
SPC,LATEST,balance_sheet,off_balance,0.0,ACTUAL,VNSTOCK_BRONZE
SPC,LATEST,balance_sheet,value,295128826598.0,ACTUAL,VNSTOCK_BRONZE
SPC,LATEST,balance_sheet,order,65.0,ACTUAL,VNSTOCK_BRONZE
SPC,LATEST,balance_sheet,level,1.0,ACTUAL,VNSTOCK_BRONZE
SPC,LATEST,balance_sheet,off_balance,0.0,ACTUAL,VNSTOCK_BRONZE
SPC,LATEST,balance_sheet,value,289047886167.0,ACTUAL,VNSTOCK_BRONZE
SPC,LATEST,balance_sheet,order,66.0,ACTUAL,VNSTOCK_BRONZE
SPC,LATEST,balance_sheet,level,2.0,ACTUAL,VNSTOCK_BRONZE
SPC,LATEST,balance_sheet,off_balance,0.0,ACTUAL,VNSTOCK_BRONZE
SPC,LATEST,balance_sheet,value,0.0,ACTUAL,VNSTOCK_BRONZE
SPC,LATEST,balance_sheet,order,67.0,ACTUAL,VNSTOCK_BRONZE
SPC,LATEST,balance_sheet,level,2.0,ACTUAL,VNSTOCK_BRONZE
SPC,LATEST,balance_sheet,off_balance,0.0,ACTUAL,VNSTOCK_BRONZE
SPC,LATEST,balance_sheet,value,0.0,ACTUAL,VNSTOCK_BRONZE
SPC,LATEST,balance_sheet,order,68.0,ACTUAL,VNSTOCK_BRONZE
SPC,LATEST,balance_sheet,level,2.0,ACTUAL,VNSTOCK_BRONZE
SPC,LATEST,balance_sheet,off_balance,0.0,ACTUAL,VNSTOCK_BRONZE
SPC,LATEST,balance_sheet,value,0.0,ACTUAL,VNSTOCK_BRONZE
SPC,LATEST,balance_sheet,order,69.0,ACTUAL,VNSTOCK_BRONZE
SPC,LATEST,balance_sheet,level,2.0,ACTUAL,VNSTOCK_BRONZE
SPC,LATEST,balance_sheet,off_balance,0.0,ACTUAL,VNSTOCK_BRONZE
SPC,LATEST,balance_sheet,value,173848952291.0,ACTUAL,VNSTOCK_BRONZE
SPC,LATEST,balance_sheet,order,70.0,ACTUAL,VNSTOCK_BRONZE
SPC,LATEST,balance_sheet,level,2.0,ACTUAL,VNSTOCK_BRONZE
SPC,LATEST,balance_sheet,off_balance,0.0,ACTUAL,VNSTOCK_BRONZE
SPC,LATEST,balance_sheet,value,1765915240.0,ACTUAL,VNSTOCK_BRONZE
SPC,LATEST,balance_sheet,order,71.0,ACTUAL,VNSTOCK_BRONZE
SPC,LATEST,balance_sheet,level,2.0,ACTUAL,VNSTOCK_BRONZE
SPC,LATEST,balance_sheet,off_balance,0.0,ACTUAL,VNSTOCK_BRONZE
SPC,LATEST,balance_sheet,value,4252055763.0,ACTUAL,VNSTOCK_BRONZE
SPC,LATEST,balance_sheet,order,72.0,ACTUAL,VNSTOCK_BRONZE
SPC,LATEST,balance_sheet,level,2.0,ACTUAL,VNSTOCK_BRONZE
SPC,LATEST,balance_sheet,off_balance,0.0,ACTUAL,VNSTOCK_BRONZE
SPC,LATEST,balance_sheet,value,20708411859.0,ACTUAL,VNSTOCK_BRONZE
SPC,LATEST,balance_sheet,order,73.0,ACTUAL,VNSTOCK_BRONZE
SPC,LATEST,balance_sheet,level,2.0,ACTUAL,VNSTOCK_BRONZE
SPC,LATEST,balance_sheet,off_balance,0.0,ACTUAL,VNSTOCK_BRONZE
SPC,LATEST,balance_sheet,value,9973746760.0,ACTUAL,VNSTOCK_BRONZE
SPC,LATEST,balance_sheet,order,74.0,ACTUAL,VNSTOCK_BRONZE
SPC,LATEST,balance_sheet,level,2.0,ACTUAL,VNSTOCK_BRONZE
SPC,LATEST,balance_sheet,off_balance,0.0,ACTUAL,VNSTOCK_BRONZE
SPC,LATEST,balance_sheet,value,0.0,ACTUAL,VNSTOCK_BRONZE
SPC,LATEST,balance_sheet,order,75.0,ACTUAL,VNSTOCK_BRONZE
SPC,LATEST,balance_sheet,level,2.0,ACTUAL,VNSTOCK_BRONZE
SPC,LATEST,balance_sheet,off_balance,0.0,ACTUAL,VNSTOCK_BRONZE
SPC,LATEST,balance_sheet,value,0.0,ACTUAL,VNSTOCK_BRONZE
SPC,LATEST,balance_sheet,order,76.0,ACTUAL,VNSTOCK_BRONZE
SPC,LATEST,balance_sheet,level,2.0,ACTUAL,VNSTOCK_BRONZE
SPC,LATEST,balance_sheet,off_balance,0.0,ACTUAL,VNSTOCK_BRONZE
SPC,LATEST,balance_sheet,value,10794327251.0,ACTUAL,VNSTOCK_BRONZE
SPC,LATEST,balance_sheet,order,77.0,ACTUAL,VNSTOCK_BRONZE
SPC,LATEST,balance_sheet,level,2.0,ACTUAL,VNSTOCK_BRONZE
SPC,LATEST,balance_sheet,off_balance,0.0,ACTUAL,VNSTOCK_BRONZE
SPC,LATEST,balance_sheet,value,66159179868.0,ACTUAL,VNSTOCK_BRONZE
SPC,LATEST,balance_sheet,order,78.0,ACTUAL,VNSTOCK_BRONZE
SPC,LATEST,balance_sheet,level,2.0,ACTUAL,VNSTOCK_BRONZE
SPC,LATEST,balance_sheet,off_balance,0.0,ACTUAL,VNSTOCK_BRONZE
SPC,LATEST,balance_sheet,value,132965885.0,ACTUAL,VNSTOCK_BRONZE
SPC,LATEST,balance_sheet,order,79.0,ACTUAL,VNSTOCK_BRONZE
SPC,LATEST,balance_sheet,level,2.0,ACTUAL,VNSTOCK_BRONZE
SPC,LATEST,balance_sheet,off_balance,0.0,ACTUAL,VNSTOCK_BRONZE
SPC,LATEST,balance_sheet,value,0.0,ACTUAL,VNSTOCK_BRONZE
SPC,LATEST,balance_sheet,order,80.0,ACTUAL,VNSTOCK_BRONZE
SPC,LATEST,balance_sheet,level,2.0,ACTUAL,VNSTOCK_BRONZE
SPC,LATEST,balance_sheet,off_balance,0.0,ACTUAL,VNSTOCK_BRONZE
SPC,LATEST,balance_sheet,value,0.0,ACTUAL,VNSTOCK_BRONZE
SPC,LATEST,balance_sheet,order,81.0,ACTUAL,VNSTOCK_BRONZE
SPC,LATEST,balance_sheet,level,2.0,ACTUAL,VNSTOCK_BRONZE
SPC,LATEST,balance_sheet,off_balance,0.0,ACTUAL,VNSTOCK_BRONZE
SPC,LATEST,balance_sheet,value,0.0,ACTUAL,VNSTOCK_BRONZE
SPC,LATEST,balance_sheet,order,82.0,ACTUAL,VNSTOCK_BRONZE
SPC,LATEST,balance_sheet,level,1.0,ACTUAL,VNSTOCK_BRONZE
SPC,LATEST,balance_sheet,off_balance,0.0,ACTUAL,VNSTOCK_BRONZE
SPC,LATEST,balance_sheet,value,6080940431.0,ACTUAL,VNSTOCK_BRONZE
SPC,LATEST,balance_sheet,order,83.0,ACTUAL,VNSTOCK_BRONZE
SPC,LATEST,balance_sheet,level,2.0,ACTUAL,VNSTOCK_BRONZE
SPC,LATEST,balance_sheet,off_balance,0.0,ACTUAL,VNSTOCK_BRONZE
SPC,LATEST,balance_sheet,value,0.0,ACTUAL,VNSTOCK_BRONZE
SPC,LATEST,balance_sheet,order,84.0,ACTUAL,VNSTOCK_BRONZE
SPC,LATEST,balance_sheet,level,2.0,ACTUAL,VNSTOCK_BRONZE
SPC,LATEST,balance_sheet,off_balance,0.0,ACTUAL,VNSTOCK_BRONZE
SPC,LATEST,balance_sheet,order,85.0,ACTUAL,VNSTOCK_BRONZE
SPC,LATEST,balance_sheet,level,2.0,ACTUAL,VNSTOCK_BRONZE
SPC,LATEST,balance_sheet,off_balance,0.0,ACTUAL,VNSTOCK_BRONZE
SPC,LATEST,balance_sheet,value,0.0,ACTUAL,VNSTOCK_BRONZE
SPC,LATEST,balance_sheet,order,86.0,ACTUAL,VNSTOCK_BRONZE
SPC,LATEST,balance_sheet,level,2.0,ACTUAL,VNSTOCK_BRONZE
SPC,LATEST,balance_sheet,off_balance,0.0,ACTUAL,VNSTOCK_BRONZE
SPC,LATEST,balance_sheet,value,0.0,ACTUAL,VNSTOCK_BRONZE
SPC,LATEST,balance_sheet,order,87.0,ACTUAL,VNSTOCK_BRONZE
SPC,LATEST,balance_sheet,level,2.0,ACTUAL,VNSTOCK_BRONZE
SPC,LATEST,balance_sheet,off_balance,0.0,ACTUAL,VNSTOCK_BRONZE
SPC,LATEST,balance_sheet,value,0.0,ACTUAL,VNSTOCK_BRONZE
SPC,LATEST,balance_sheet,order,88.0,ACTUAL,VNSTOCK_BRONZE
SPC,LATEST,balance_sheet,level,2.0,ACTUAL,VNSTOCK_BRONZE
SPC,LATEST,balance_sheet,off_balance,0.0,ACTUAL,VNSTOCK_BRONZE
SPC,LATEST,balance_sheet,value,0.0,ACTUAL,VNSTOCK_BRONZE
SPC,LATEST,balance_sheet,order,89.0,ACTUAL,VNSTOCK_BRONZE
SPC,LATEST,balance_sheet,level,2.0,ACTUAL,VNSTOCK_BRONZE
SPC,LATEST,balance_sheet,off_balance,0.0,ACTUAL,VNSTOCK_BRONZE
SPC,LATEST,balance_sheet,value,0.0,ACTUAL,VNSTOCK_BRONZE
SPC,LATEST,balance_sheet,order,90.0,ACTUAL,VNSTOCK_BRONZE
SPC,LATEST,balance_sheet,level,2.0,ACTUAL,VNSTOCK_BRONZE
SPC,LATEST,balance_sheet,off_balance,0.0,ACTUAL,VNSTOCK_BRONZE
SPC,LATEST,balance_sheet,value,1067645633.0,ACTUAL,VNSTOCK_BRONZE
SPC,LATEST,balance_sheet,order,91.0,ACTUAL,VNSTOCK_BRONZE
SPC,LATEST,balance_sheet,level,2.0,ACTUAL,VNSTOCK_BRONZE
SPC,LATEST,balance_sheet,off_balance,0.0,ACTUAL,VNSTOCK_BRONZE
SPC,LATEST,balance_sheet,value,0.0,ACTUAL,VNSTOCK_BRONZE
SPC,LATEST,balance_sheet,order,92.0,ACTUAL,VNSTOCK_BRONZE
SPC,LATEST,balance_sheet,level,2.0,ACTUAL,VNSTOCK_BRONZE
SPC,LATEST,balance_sheet,off_balance,0.0,ACTUAL,VNSTOCK_BRONZE
SPC,LATEST,balance_sheet,value,0.0,ACTUAL,VNSTOCK_BRONZE
SPC,LATEST,balance_sheet,order,93.0,ACTUAL,VNSTOCK_BRONZE
SPC,LATEST,balance_sheet,level,2.0,ACTUAL,VNSTOCK_BRONZE
SPC,LATEST,balance_sheet,off_balance,0.0,ACTUAL,VNSTOCK_BRONZE
SPC,LATEST,balance_sheet,value,5013294798.0,ACTUAL,VNSTOCK_BRONZE
SPC,LATEST,balance_sheet,order,94.0,ACTUAL,VNSTOCK_BRONZE
SPC,LATEST,balance_sheet,level,2.0,ACTUAL,VNSTOCK_BRONZE
SPC,LATEST,balance_sheet,off_balance,0.0,ACTUAL,VNSTOCK_BRONZE
SPC,LATEST,balance_sheet,value,0.0,ACTUAL,VNSTOCK_BRONZE
SPC,LATEST,balance_sheet,order,95.0,ACTUAL,VNSTOCK_BRONZE
SPC,LATEST,balance_sheet,level,2.0,ACTUAL,VNSTOCK_BRONZE
SPC,LATEST,balance_sheet,off_balance,0.0,ACTUAL,VNSTOCK_BRONZE
SPC,LATEST,balance_sheet,value,0.0,ACTUAL,VNSTOCK_BRONZE
SPC,LATEST,balance_sheet,order,96.0,ACTUAL,VNSTOCK_BRONZE
SPC,LATEST,balance_sheet,level,1.0,ACTUAL,VNSTOCK_BRONZE
SPC,LATEST,balance_sheet,off_balance,0.0,ACTUAL,VNSTOCK_BRONZE
SPC,LATEST,balance_sheet,value,142150821312.0,ACTUAL,VNSTOCK_BRONZE
SPC,LATEST,balance_sheet,order,97.0,ACTUAL,VNSTOCK_BRONZE
SPC,LATEST,balance_sheet,level,1.0,ACTUAL,VNSTOCK_BRONZE
SPC,LATEST,balance_sheet,off_balance,0.0,ACTUAL,VNSTOCK_BRONZE
SPC,LATEST,balance_sheet,value,142150821312.0,ACTUAL,VNSTOCK_BRONZE
SPC,LATEST,balance_sheet,order,98.0,ACTUAL,VNSTOCK_BRONZE
SPC,LATEST,balance_sheet,level,2.0,ACTUAL,VNSTOCK_BRONZE
SPC,LATEST,balance_sheet,off_balance,0.0,ACTUAL,VNSTOCK_BRONZE
SPC,LATEST,balance_sheet,value,0.0,ACTUAL,VNSTOCK_BRONZE
SPC,LATEST,balance_sheet,order,99.0,ACTUAL,VNSTOCK_BRONZE
SPC,LATEST,balance_sheet,level,2.0,ACTUAL,VNSTOCK_BRONZE
SPC,LATEST,balance_sheet,off_balance,0.0,ACTUAL,VNSTOCK_BRONZE
SPC,LATEST,balance_sheet,value,0.0,ACTUAL,VNSTOCK_BRONZE
SPC,LATEST,balance_sheet,order,100.0,ACTUAL,VNSTOCK_BRONZE
SPC,LATEST,balance_sheet,level,2.0,ACTUAL,VNSTOCK_BRONZE
SPC,LATEST,balance_sheet,off_balance,0.0,ACTUAL,VNSTOCK_BRONZE
SPC,LATEST,balance_sheet,value,0.0,ACTUAL,VNSTOCK_BRONZE
SPC,LATEST,balance_sheet,order,101.0,ACTUAL,VNSTOCK_BRONZE
SPC,LATEST,balance_sheet,level,2.0,ACTUAL,VNSTOCK_BRONZE
SPC,LATEST,balance_sheet,off_balance,0.0,ACTUAL,VNSTOCK_BRONZE
SPC,LATEST,balance_sheet,value,0.0,ACTUAL,VNSTOCK_BRONZE
SPC,LATEST,balance_sheet,order,102.0,ACTUAL,VNSTOCK_BRONZE
SPC,LATEST,balance_sheet,level,2.0,ACTUAL,VNSTOCK_BRONZE
SPC,LATEST,balance_sheet,off_balance,0.0,ACTUAL,VNSTOCK_BRONZE
SPC,LATEST,balance_sheet,value,105300000000.0,ACTUAL,VNSTOCK_BRONZE
SPC,LATEST,balance_sheet,order,103.0,ACTUAL,VNSTOCK_BRONZE
SPC,LATEST,balance_sheet,level,3.0,ACTUAL,VNSTOCK_BRONZE
SPC,LATEST,balance_sheet,off_balance,0.0,ACTUAL,VNSTOCK_BRONZE
SPC,LATEST,balance_sheet,value,105300000000.0,ACTUAL,VNSTOCK_BRONZE
SPC,LATEST,balance_sheet,order,104.0,ACTUAL,VNSTOCK_BRONZE
SPC,LATEST,balance_sheet,level,2.0,ACTUAL,VNSTOCK_BRONZE
SPC,LATEST,balance_sheet,off_balance,0.0,ACTUAL,VNSTOCK_BRONZE
SPC,LATEST,balance_sheet,value,782715818.0,ACTUAL,VNSTOCK_BRONZE
SPC,LATEST,balance_sheet,order,105.0,ACTUAL,VNSTOCK_BRONZE
SPC,LATEST,balance_sheet,level,2.0,ACTUAL,VNSTOCK_BRONZE
SPC,LATEST,balance_sheet,off_balance,0.0,ACTUAL,VNSTOCK_BRONZE
SPC,LATEST,balance_sheet,value,0.0,ACTUAL,VNSTOCK_BRONZE
SPC,LATEST,balance_sheet,order,106.0,ACTUAL,VNSTOCK_BRONZE
SPC,LATEST,balance_sheet,level,2.0,ACTUAL,VNSTOCK_BRONZE
SPC,LATEST,balance_sheet,off_balance,0.0,ACTUAL,VNSTOCK_BRONZE
SPC,LATEST,balance_sheet,value,0.0,ACTUAL,VNSTOCK_BRONZE
SPC,LATEST,balance_sheet,order,107.0,ACTUAL,VNSTOCK_BRONZE
SPC,LATEST,balance_sheet,level,2.0,ACTUAL,VNSTOCK_BRONZE
SPC,LATEST,balance_sheet,off_balance,0.0,ACTUAL,VNSTOCK_BRONZE
SPC,LATEST,balance_sheet,value,0.0,ACTUAL,VNSTOCK_BRONZE
SPC,LATEST,balance_sheet,order,108.0,ACTUAL,VNSTOCK_BRONZE
SPC,LATEST,balance_sheet,level,2.0,ACTUAL,VNSTOCK_BRONZE
SPC,LATEST,balance_sheet,off_balance,0.0,ACTUAL,VNSTOCK_BRONZE
SPC,LATEST,balance_sheet,value,11301450288.0,ACTUAL,VNSTOCK_BRONZE
SPC,LATEST,balance_sheet,order,109.0,ACTUAL,VNSTOCK_BRONZE
SPC,LATEST,balance_sheet,level,2.0,ACTUAL,VNSTOCK_BRONZE
SPC,LATEST,balance_sheet,off_balance,0.0,ACTUAL,VNSTOCK_BRONZE
SPC,LATEST,balance_sheet,value,62557331487.0,ACTUAL,VNSTOCK_BRONZE
SPC,LATEST,balance_sheet,order,110.0,ACTUAL,VNSTOCK_BRONZE
SPC,LATEST,balance_sheet,level,2.0,ACTUAL,VNSTOCK_BRONZE
SPC,LATEST,balance_sheet,off_balance,0.0,ACTUAL,VNSTOCK_BRONZE
SPC,LATEST,balance_sheet,value,0.0,ACTUAL,VNSTOCK_BRONZE
SPC,LATEST,balance_sheet,order,111.0,ACTUAL,VNSTOCK_BRONZE
SPC,LATEST,balance_sheet,level,2.0,ACTUAL,VNSTOCK_BRONZE
SPC,LATEST,balance_sheet,off_balance,0.0,ACTUAL,VNSTOCK_BRONZE
SPC,LATEST,balance_sheet,value,0.0,ACTUAL,VNSTOCK_BRONZE
SPC,LATEST,balance_sheet,order,112.0,ACTUAL,VNSTOCK_BRONZE
SPC,LATEST,balance_sheet,level,2.0,ACTUAL,VNSTOCK_BRONZE
SPC,LATEST,balance_sheet,off_balance,0.0,ACTUAL,VNSTOCK_BRONZE
SPC,LATEST,balance_sheet,value,-47841687669.0,ACTUAL,VNSTOCK_BRONZE
SPC,LATEST,balance_sheet,order,113.0,ACTUAL,VNSTOCK_BRONZE
SPC,LATEST,balance_sheet,level,3.0,ACTUAL,VNSTOCK_BRONZE
SPC,LATEST,balance_sheet,off_balance,0.0,ACTUAL,VNSTOCK_BRONZE
SPC,LATEST,balance_sheet,value,-55184569968.0,ACTUAL,VNSTOCK_BRONZE
SPC,LATEST,balance_sheet,order,114.0,ACTUAL,VNSTOCK_BRONZE
SPC,LATEST,balance_sheet,level,3.0,ACTUAL,VNSTOCK_BRONZE
SPC,LATEST,balance_sheet,off_balance,0.0,ACTUAL,VNSTOCK_BRONZE
SPC,LATEST,balance_sheet,value,7342882299.0,ACTUAL,VNSTOCK_BRONZE
SPC,LATEST,balance_sheet,order,115.0,ACTUAL,VNSTOCK_BRONZE
SPC,LATEST,balance_sheet,level,2.0,ACTUAL,VNSTOCK_BRONZE
SPC,LATEST,balance_sheet,off_balance,0.0,ACTUAL,VNSTOCK_BRONZE
SPC,LATEST,balance_sheet,value,10051011388.0,ACTUAL,VNSTOCK_BRONZE
SPC,LATEST,balance_sheet,order,116.0,ACTUAL,VNSTOCK_BRONZE
SPC,LATEST,balance_sheet,level,1.0,ACTUAL,VNSTOCK_BRONZE
SPC,LATEST,balance_sheet,off_balance,0.0,ACTUAL,VNSTOCK_BRONZE
SPC,LATEST,balance_sheet,value,0.0,ACTUAL,VNSTOCK_BRONZE
SPC,LATEST,balance_sheet,order,117.0,ACTUAL,VNSTOCK_BRONZE
SPC,LATEST,balance_sheet,level,2.0,ACTUAL,VNSTOCK_BRONZE
SPC,LATEST,balance_sheet,off_balance,0.0,ACTUAL,VNSTOCK_BRONZE
SPC,LATEST,balance_sheet,value,0.0,ACTUAL,VNSTOCK_BRONZE
SPC,LATEST,balance_sheet,order,118.0,ACTUAL,VNSTOCK_BRONZE
SPC,LATEST,balance_sheet,level,1.0,ACTUAL,VNSTOCK_BRONZE
SPC,LATEST,balance_sheet,off_balance,0.0,ACTUAL,VNSTOCK_BRONZE
SPC,LATEST,balance_sheet,value,437279647910.0,ACTUAL,VNSTOCK_BRONZE
SPC,LATEST,balance_sheet,order,1.0,ACTUAL,VNSTOCK_BRONZE
SPC,LATEST,balance_sheet,level,1.0,ACTUAL,VNSTOCK_BRONZE
SPC,LATEST,balance_sheet,off_balance,0.0,ACTUAL,VNSTOCK_BRONZE
SPC,LATEST,balance_sheet,value,353720269034.0,ACTUAL,VNSTOCK_BRONZE
SPC,LATEST,balance_sheet,order,2.0,ACTUAL,VNSTOCK_BRONZE
SPC,LATEST,balance_sheet,level,1.0,ACTUAL,VNSTOCK_BRONZE
SPC,LATEST,balance_sheet,off_balance,0.0,ACTUAL,VNSTOCK_BRONZE
SPC,LATEST,balance_sheet,value,24368735017.0,ACTUAL,VNSTOCK_BRONZE
SPC,LATEST,balance_sheet,order,3.0,ACTUAL,VNSTOCK_BRONZE
SPC,LATEST,balance_sheet,level,2.0,ACTUAL,VNSTOCK_BRONZE
SPC,LATEST,balance_sheet,off_balance,0.0,ACTUAL,VNSTOCK_BRONZE
SPC,LATEST,balance_sheet,value,22368735017.0,ACTUAL,VNSTOCK_BRONZE
SPC,LATEST,balance_sheet,order,4.0,ACTUAL,VNSTOCK_BRONZE
SPC,LATEST,balance_sheet,level,2.0,ACTUAL,VNSTOCK_BRONZE
SPC,LATEST,balance_sheet,off_balance,0.0,ACTUAL,VNSTOCK_BRONZE
SPC,LATEST,balance_sheet,value,2000000000.0,ACTUAL,VNSTOCK_BRONZE
SPC,LATEST,balance_sheet,order,5.0,ACTUAL,VNSTOCK_BRONZE
SPC,LATEST,balance_sheet,level,1.0,ACTUAL,VNSTOCK_BRONZE
SPC,LATEST,balance_sheet,off_balance,0.0,ACTUAL,VNSTOCK_BRONZE
SPC,LATEST,balance_sheet,value,4500000000.0,ACTUAL,VNSTOCK_BRONZE
SPC,LATEST,balance_sheet,order,6.0,ACTUAL,VNSTOCK_BRONZE
SPC,LATEST,balance_sheet,level,2.0,ACTUAL,VNSTOCK_BRONZE
SPC,LATEST,balance_sheet,off_balance,0.0,ACTUAL,VNSTOCK_BRONZE
SPC,LATEST,balance_sheet,value,0.0,ACTUAL,VNSTOCK_BRONZE
SPC,LATEST,balance_sheet,order,7.0,ACTUAL,VNSTOCK_BRONZE
SPC,LATEST,balance_sheet,level,2.0,ACTUAL,VNSTOCK_BRONZE
SPC,LATEST,balance_sheet,off_balance,0.0,ACTUAL,VNSTOCK_BRONZE
SPC,LATEST,balance_sheet,value,0.0,ACTUAL,VNSTOCK_BRONZE
SPC,LATEST,balance_sheet,order,8.0,ACTUAL,VNSTOCK_BRONZE
SPC,LATEST,balance_sheet,level,2.0,ACTUAL,VNSTOCK_BRONZE
SPC,LATEST,balance_sheet,off_balance,0.0,ACTUAL,VNSTOCK_BRONZE
SPC,LATEST,balance_sheet,value,4500000000.0,ACTUAL,VNSTOCK_BRONZE
SPC,LATEST,balance_sheet,order,9.0,ACTUAL,VNSTOCK_BRONZE
SPC,LATEST,balance_sheet,level,1.0,ACTUAL,VNSTOCK_BRONZE
SPC,LATEST,balance_sheet,off_balance,0.0,ACTUAL,VNSTOCK_BRONZE
SPC,LATEST,balance_sheet,value,94379653282.0,ACTUAL,VNSTOCK_BRONZE
SPC,LATEST,balance_sheet,order,10.0,ACTUAL,VNSTOCK_BRONZE
SPC,LATEST,balance_sheet,level,2.0,ACTUAL,VNSTOCK_BRONZE
SPC,LATEST,balance_sheet,off_balance,0.0,ACTUAL,VNSTOCK_BRONZE
SPC,LATEST,balance_sheet,value,106842090824.0,ACTUAL,VNSTOCK_BRONZE
SPC,LATEST,balance_sheet,order,11.0,ACTUAL,VNSTOCK_BRONZE
SPC,LATEST,balance_sheet,level,2.0,ACTUAL,VNSTOCK_BRONZE
SPC,LATEST,balance_sheet,off_balance,0.0,ACTUAL,VNSTOCK_BRONZE
SPC,LATEST,balance_sheet,value,3204239811.0,ACTUAL,VNSTOCK_BRONZE
SPC,LATEST,balance_sheet,order,12.0,ACTUAL,VNSTOCK_BRONZE
SPC,LATEST,balance_sheet,level,2.0,ACTUAL,VNSTOCK_BRONZE
SPC,LATEST,balance_sheet,off_balance,0.0,ACTUAL,VNSTOCK_BRONZE
SPC,LATEST,balance_sheet,value,0.0,ACTUAL,VNSTOCK_BRONZE
SPC,LATEST,balance_sheet,order,13.0,ACTUAL,VNSTOCK_BRONZE
SPC,LATEST,balance_sheet,level,2.0,ACTUAL,VNSTOCK_BRONZE
SPC,LATEST,balance_sheet,off_balance,0.0,ACTUAL,VNSTOCK_BRONZE
SPC,LATEST,balance_sheet,value,0.0,ACTUAL,VNSTOCK_BRONZE
SPC,LATEST,balance_sheet,order,14.0,ACTUAL,VNSTOCK_BRONZE
SPC,LATEST,balance_sheet,level,2.0,ACTUAL,VNSTOCK_BRONZE
SPC,LATEST,balance_sheet,off_balance,0.0,ACTUAL,VNSTOCK_BRONZE
SPC,LATEST,balance_sheet,value,0.0,ACTUAL,VNSTOCK_BRONZE
SPC,LATEST,balance_sheet,order,15.0,ACTUAL,VNSTOCK_BRONZE
SPC,LATEST,balance_sheet,level,2.0,ACTUAL,VNSTOCK_BRONZE
SPC,LATEST,balance_sheet,off_balance,0.0,ACTUAL,VNSTOCK_BRONZE
SPC,LATEST,balance_sheet,value,5310995577.0,ACTUAL,VNSTOCK_BRONZE
SPC,LATEST,balance_sheet,order,16.0,ACTUAL,VNSTOCK_BRONZE
SPC,LATEST,balance_sheet,level,2.0,ACTUAL,VNSTOCK_BRONZE
SPC,LATEST,balance_sheet,off_balance,0.0,ACTUAL,VNSTOCK_BRONZE
SPC,LATEST,balance_sheet,value,-20977672930.0,ACTUAL,VNSTOCK_BRONZE
SPC,LATEST,balance_sheet,order,17.0,ACTUAL,VNSTOCK_BRONZE
SPC,LATEST,balance_sheet,level,2.0,ACTUAL,VNSTOCK_BRONZE
SPC,LATEST,balance_sheet,off_balance,0.0,ACTUAL,VNSTOCK_BRONZE
SPC,LATEST,balance_sheet,value,0.0,ACTUAL,VNSTOCK_BRONZE
SPC,LATEST,balance_sheet,order,18.0,ACTUAL,VNSTOCK_BRONZE
SPC,LATEST,balance_sheet,level,1.0,ACTUAL,VNSTOCK_BRONZE
SPC,LATEST,balance_sheet,off_balance,0.0,ACTUAL,VNSTOCK_BRONZE
SPC,LATEST,balance_sheet,value,214059776045.0,ACTUAL,VNSTOCK_BRONZE
SPC,LATEST,balance_sheet,order,19.0,ACTUAL,VNSTOCK_BRONZE
SPC,LATEST,balance_sheet,level,2.0,ACTUAL,VNSTOCK_BRONZE
SPC,LATEST,balance_sheet,off_balance,0.0,ACTUAL,VNSTOCK_BRONZE
SPC,LATEST,balance_sheet,value,228041283599.0,ACTUAL,VNSTOCK_BRONZE
SPC,LATEST,balance_sheet,order,20.0,ACTUAL,VNSTOCK_BRONZE
SPC,LATEST,balance_sheet,level,2.0,ACTUAL,VNSTOCK_BRONZE
SPC,LATEST,balance_sheet,off_balance,0.0,ACTUAL,VNSTOCK_BRONZE
SPC,LATEST,balance_sheet,value,-13981507554.0,ACTUAL,VNSTOCK_BRONZE
SPC,LATEST,balance_sheet,order,21.0,ACTUAL,VNSTOCK_BRONZE
SPC,LATEST,balance_sheet,level,1.0,ACTUAL,VNSTOCK_BRONZE
SPC,LATEST,balance_sheet,off_balance,0.0,ACTUAL,VNSTOCK_BRONZE
SPC,LATEST,balance_sheet,value,16412104690.0,ACTUAL,VNSTOCK_BRONZE
SPC,LATEST,balance_sheet,order,22.0,ACTUAL,VNSTOCK_BRONZE
SPC,LATEST,balance_sheet,level,2.0,ACTUAL,VNSTOCK_BRONZE
SPC,LATEST,balance_sheet,off_balance,0.0,ACTUAL,VNSTOCK_BRONZE
SPC,LATEST,balance_sheet,value,1114166717.0,ACTUAL,VNSTOCK_BRONZE
SPC,LATEST,balance_sheet,order,23.0,ACTUAL,VNSTOCK_BRONZE
SPC,LATEST,balance_sheet,level,2.0,ACTUAL,VNSTOCK_BRONZE
SPC,LATEST,balance_sheet,off_balance,0.0,ACTUAL,VNSTOCK_BRONZE
SPC,LATEST,balance_sheet,value,14493523155.0,ACTUAL,VNSTOCK_BRONZE
SPC,LATEST,balance_sheet,order,24.0,ACTUAL,VNSTOCK_BRONZE
SPC,LATEST,balance_sheet,level,2.0,ACTUAL,VNSTOCK_BRONZE
SPC,LATEST,balance_sheet,off_balance,0.0,ACTUAL,VNSTOCK_BRONZE
SPC,LATEST,balance_sheet,value,804414818.0,ACTUAL,VNSTOCK_BRONZE
SPC,LATEST,balance_sheet,order,25.0,ACTUAL,VNSTOCK_BRONZE
SPC,LATEST,balance_sheet,level,2.0,ACTUAL,VNSTOCK_BRONZE
SPC,LATEST,balance_sheet,off_balance,0.0,ACTUAL,VNSTOCK_BRONZE
SPC,LATEST,balance_sheet,value,0.0,ACTUAL,VNSTOCK_BRONZE
SPC,LATEST,balance_sheet,order,26.0,ACTUAL,VNSTOCK_BRONZE
SPC,LATEST,balance_sheet,level,1.0,ACTUAL,VNSTOCK_BRONZE
SPC,LATEST,balance_sheet,off_balance,0.0,ACTUAL,VNSTOCK_BRONZE
SPC,LATEST,balance_sheet,value,57098586163.0,ACTUAL,VNSTOCK_BRONZE
SPC,LATEST,balance_sheet,order,27.0,ACTUAL,VNSTOCK_BRONZE
SPC,LATEST,balance_sheet,level,1.0,ACTUAL,VNSTOCK_BRONZE
SPC,LATEST,balance_sheet,off_balance,0.0,ACTUAL,VNSTOCK_BRONZE
SPC,LATEST,balance_sheet,value,431950914.0,ACTUAL,VNSTOCK_BRONZE
SPC,LATEST,balance_sheet,order,28.0,ACTUAL,VNSTOCK_BRONZE
SPC,LATEST,balance_sheet,level,2.0,ACTUAL,VNSTOCK_BRONZE
SPC,LATEST,balance_sheet,off_balance,0.0,ACTUAL,VNSTOCK_BRONZE
SPC,LATEST,balance_sheet,value,0.0,ACTUAL,VNSTOCK_BRONZE
SPC,LATEST,balance_sheet,order,29.0,ACTUAL,VNSTOCK_BRONZE
SPC,LATEST,balance_sheet,level,2.0,ACTUAL,VNSTOCK_BRONZE
SPC,LATEST,balance_sheet,off_balance,0.0,ACTUAL,VNSTOCK_BRONZE
SPC,LATEST,balance_sheet,value,0.0,ACTUAL,VNSTOCK_BRONZE
SPC,LATEST,balance_sheet,order,30.0,ACTUAL,VNSTOCK_BRONZE
SPC,LATEST,balance_sheet,level,2.0,ACTUAL,VNSTOCK_BRONZE
SPC,LATEST,balance_sheet,off_balance,0.0,ACTUAL,VNSTOCK_BRONZE
SPC,LATEST,balance_sheet,value,0.0,ACTUAL,VNSTOCK_BRONZE
SPC,LATEST,balance_sheet,order,31.0,ACTUAL,VNSTOCK_BRONZE
SPC,LATEST,balance_sheet,level,2.0,ACTUAL,VNSTOCK_BRONZE
SPC,LATEST,balance_sheet,off_balance,0.0,ACTUAL,VNSTOCK_BRONZE
SPC,LATEST,balance_sheet,value,0.0,ACTUAL,VNSTOCK_BRONZE
SPC,LATEST,balance_sheet,order,32.0,ACTUAL,VNSTOCK_BRONZE
SPC,LATEST,balance_sheet,level,2.0,ACTUAL,VNSTOCK_BRONZE
SPC,LATEST,balance_sheet,off_balance,0.0,ACTUAL,VNSTOCK_BRONZE
SPC,LATEST,balance_sheet,value,431950914.0,ACTUAL,VNSTOCK_BRONZE
SPC,LATEST,balance_sheet,order,33.0,ACTUAL,VNSTOCK_BRONZE
SPC,LATEST,balance_sheet,level,2.0,ACTUAL,VNSTOCK_BRONZE
SPC,LATEST,balance_sheet,off_balance,0.0,ACTUAL,VNSTOCK_BRONZE
SPC,LATEST,balance_sheet,value,-0.0,ACTUAL,VNSTOCK_BRONZE
SPC,LATEST,balance_sheet,order,34.0,ACTUAL,VNSTOCK_BRONZE
SPC,LATEST,balance_sheet,level,1.0,ACTUAL,VNSTOCK_BRONZE
SPC,LATEST,balance_sheet,off_balance,0.0,ACTUAL,VNSTOCK_BRONZE
SPC,LATEST,balance_sheet,value,26402547528.0,ACTUAL,VNSTOCK_BRONZE
SPC,LATEST,balance_sheet,order,35.0,ACTUAL,VNSTOCK_BRONZE
SPC,LATEST,balance_sheet,level,2.0,ACTUAL,VNSTOCK_BRONZE
SPC,LATEST,balance_sheet,off_balance,0.0,ACTUAL,VNSTOCK_BRONZE
SPC,LATEST,balance_sheet,value,21936183468.0,ACTUAL,VNSTOCK_BRONZE
SPC,LATEST,balance_sheet,order,36.0,ACTUAL,VNSTOCK_BRONZE
SPC,LATEST,balance_sheet,level,3.0,ACTUAL,VNSTOCK_BRONZE
SPC,LATEST,balance_sheet,off_balance,0.0,ACTUAL,VNSTOCK_BRONZE
SPC,LATEST,balance_sheet,value,151622085060.0,ACTUAL,VNSTOCK_BRONZE
SPC,LATEST,balance_sheet,order,37.0,ACTUAL,VNSTOCK_BRONZE
SPC,LATEST,balance_sheet,level,3.0,ACTUAL,VNSTOCK_BRONZE
SPC,LATEST,balance_sheet,off_balance,0.0,ACTUAL,VNSTOCK_BRONZE
SPC,LATEST,balance_sheet,value,-129685901592.0,ACTUAL,VNSTOCK_BRONZE
SPC,LATEST,balance_sheet,order,38.0,ACTUAL,VNSTOCK_BRONZE
SPC,LATEST,balance_sheet,level,2.0,ACTUAL,VNSTOCK_BRONZE
SPC,LATEST,balance_sheet,off_balance,0.0,ACTUAL,VNSTOCK_BRONZE
SPC,LATEST,balance_sheet,value,0.0,ACTUAL,VNSTOCK_BRONZE
SPC,LATEST,balance_sheet,order,39.0,ACTUAL,VNSTOCK_BRONZE
SPC,LATEST,balance_sheet,level,3.0,ACTUAL,VNSTOCK_BRONZE
SPC,LATEST,balance_sheet,off_balance,0.0,ACTUAL,VNSTOCK_BRONZE
SPC,LATEST,balance_sheet,value,0.0,ACTUAL,VNSTOCK_BRONZE
SPC,LATEST,balance_sheet,order,40.0,ACTUAL,VNSTOCK_BRONZE
SPC,LATEST,balance_sheet,level,3.0,ACTUAL,VNSTOCK_BRONZE
SPC,LATEST,balance_sheet,off_balance,0.0,ACTUAL,VNSTOCK_BRONZE
SPC,LATEST,balance_sheet,value,-0.0,ACTUAL,VNSTOCK_BRONZE
SPC,LATEST,balance_sheet,order,41.0,ACTUAL,VNSTOCK_BRONZE
SPC,LATEST,balance_sheet,level,2.0,ACTUAL,VNSTOCK_BRONZE
SPC,LATEST,balance_sheet,off_balance,0.0,ACTUAL,VNSTOCK_BRONZE
SPC,LATEST,balance_sheet,value,4466364060.0,ACTUAL,VNSTOCK_BRONZE
SPC,LATEST,balance_sheet,order,42.0,ACTUAL,VNSTOCK_BRONZE
SPC,LATEST,balance_sheet,level,3.0,ACTUAL,VNSTOCK_BRONZE
SPC,LATEST,balance_sheet,off_balance,0.0,ACTUAL,VNSTOCK_BRONZE
SPC,LATEST,balance_sheet,value,9111423802.0,ACTUAL,VNSTOCK_BRONZE
SPC,LATEST,balance_sheet,order,43.0,ACTUAL,VNSTOCK_BRONZE
SPC,LATEST,balance_sheet,level,3.0,ACTUAL,VNSTOCK_BRONZE
SPC,LATEST,balance_sheet,off_balance,0.0,ACTUAL,VNSTOCK_BRONZE
SPC,LATEST,balance_sheet,value,-4645059742.0,ACTUAL,VNSTOCK_BRONZE
SPC,LATEST,balance_sheet,order,44.0,ACTUAL,VNSTOCK_BRONZE
SPC,LATEST,balance_sheet,level,1.0,ACTUAL,VNSTOCK_BRONZE
SPC,LATEST,balance_sheet,off_balance,0.0,ACTUAL,VNSTOCK_BRONZE
SPC,LATEST,balance_sheet,value,47009698.0,ACTUAL,VNSTOCK_BRONZE
SPC,LATEST,balance_sheet,order,45.0,ACTUAL,VNSTOCK_BRONZE
SPC,LATEST,balance_sheet,level,2.0,ACTUAL,VNSTOCK_BRONZE
SPC,LATEST,balance_sheet,off_balance,0.0,ACTUAL,VNSTOCK_BRONZE
SPC,LATEST,balance_sheet,value,1987525446.0,ACTUAL,VNSTOCK_BRONZE
SPC,LATEST,balance_sheet,order,46.0,ACTUAL,VNSTOCK_BRONZE
SPC,LATEST,balance_sheet,level,2.0,ACTUAL,VNSTOCK_BRONZE
SPC,LATEST,balance_sheet,off_balance,0.0,ACTUAL,VNSTOCK_BRONZE
SPC,LATEST,balance_sheet,value,-1940515748.0,ACTUAL,VNSTOCK_BRONZE
SPC,LATEST,balance_sheet,order,47.0,ACTUAL,VNSTOCK_BRONZE
SPC,LATEST,balance_sheet,level,1.0,ACTUAL,VNSTOCK_BRONZE
SPC,LATEST,balance_sheet,off_balance,0.0,ACTUAL,VNSTOCK_BRONZE
SPC,LATEST,balance_sheet,value,4403352082.0,ACTUAL,VNSTOCK_BRONZE
SPC,LATEST,balance_sheet,order,48.0,ACTUAL,VNSTOCK_BRONZE
SPC,LATEST,balance_sheet,level,2.0,ACTUAL,VNSTOCK_BRONZE
SPC,LATEST,balance_sheet,off_balance,0.0,ACTUAL,VNSTOCK_BRONZE
SPC,LATEST,balance_sheet,value,0.0,ACTUAL,VNSTOCK_BRONZE
SPC,LATEST,balance_sheet,order,49.0,ACTUAL,VNSTOCK_BRONZE
SPC,LATEST,balance_sheet,level,2.0,ACTUAL,VNSTOCK_BRONZE
SPC,LATEST,balance_sheet,off_balance,0.0,ACTUAL,VNSTOCK_BRONZE
SPC,LATEST,balance_sheet,value,4403352082.0,ACTUAL,VNSTOCK_BRONZE
SPC,LATEST,balance_sheet,order,50.0,ACTUAL,VNSTOCK_BRONZE
SPC,LATEST,balance_sheet,level,1.0,ACTUAL,VNSTOCK_BRONZE
SPC,LATEST,balance_sheet,off_balance,0.0,ACTUAL,VNSTOCK_BRONZE
SPC,LATEST,balance_sheet,value,0.0,ACTUAL,VNSTOCK_BRONZE
SPC,LATEST,balance_sheet,order,51.0,ACTUAL,VNSTOCK_BRONZE
SPC,LATEST,balance_sheet,level,2.0,ACTUAL,VNSTOCK_BRONZE
SPC,LATEST,balance_sheet,off_balance,0.0,ACTUAL,VNSTOCK_BRONZE
SPC,LATEST,balance_sheet,value,0.0,ACTUAL,VNSTOCK_BRONZE
SPC,LATEST,balance_sheet,order,52.0,ACTUAL,VNSTOCK_BRONZE
SPC,LATEST,balance_sheet,level,2.0,ACTUAL,VNSTOCK_BRONZE
SPC,LATEST,balance_sheet,off_balance,0.0,ACTUAL,VNSTOCK_BRONZE
SPC,LATEST,balance_sheet,value,0.0,ACTUAL,VNSTOCK_BRONZE
SPC,LATEST,balance_sheet,order,53.0,ACTUAL,VNSTOCK_BRONZE
SPC,LATEST,balance_sheet,level,2.0,ACTUAL,VNSTOCK_BRONZE
SPC,LATEST,balance_sheet,off_balance,0.0,ACTUAL,VNSTOCK_BRONZE
SPC,LATEST,balance_sheet,value,0.0,ACTUAL,VNSTOCK_BRONZE
SPC,LATEST,balance_sheet,order,54.0,ACTUAL,VNSTOCK_BRONZE
SPC,LATEST,balance_sheet,level,2.0,ACTUAL,VNSTOCK_BRONZE
SPC,LATEST,balance_sheet,off_balance,0.0,ACTUAL,VNSTOCK_BRONZE
SPC,LATEST,balance_sheet,value,0.0,ACTUAL,VNSTOCK_BRONZE
SPC,LATEST,balance_sheet,order,55.0,ACTUAL,VNSTOCK_BRONZE
SPC,LATEST,balance_sheet,level,2.0,ACTUAL,VNSTOCK_BRONZE
SPC,LATEST,balance_sheet,off_balance,0.0,ACTUAL,VNSTOCK_BRONZE
SPC,LATEST,balance_sheet,value,0.0,ACTUAL,VNSTOCK_BRONZE
SPC,LATEST,balance_sheet,order,56.0,ACTUAL,VNSTOCK_BRONZE
SPC,LATEST,balance_sheet,level,1.0,ACTUAL,VNSTOCK_BRONZE
SPC,LATEST,balance_sheet,off_balance,0.0,ACTUAL,VNSTOCK_BRONZE
SPC,LATEST,balance_sheet,value,25813725941.0,ACTUAL,VNSTOCK_BRONZE
SPC,LATEST,balance_sheet,order,57.0,ACTUAL,VNSTOCK_BRONZE
SPC,LATEST,balance_sheet,level,2.0,ACTUAL,VNSTOCK_BRONZE
SPC,LATEST,balance_sheet,off_balance,0.0,ACTUAL,VNSTOCK_BRONZE
SPC,LATEST,balance_sheet,value,0.0,ACTUAL,VNSTOCK_BRONZE
SPC,LATEST,balance_sheet,order,58.0,ACTUAL,VNSTOCK_BRONZE
SPC,LATEST,balance_sheet,level,2.0,ACTUAL,VNSTOCK_BRONZE
SPC,LATEST,balance_sheet,off_balance,0.0,ACTUAL,VNSTOCK_BRONZE
SPC,LATEST,balance_sheet,value,14823607802.0,ACTUAL,VNSTOCK_BRONZE
SPC,LATEST,balance_sheet,order,59.0,ACTUAL,VNSTOCK_BRONZE
SPC,LATEST,balance_sheet,level,2.0,ACTUAL,VNSTOCK_BRONZE
SPC,LATEST,balance_sheet,off_balance,0.0,ACTUAL,VNSTOCK_BRONZE
SPC,LATEST,balance_sheet,value,10990118139.0,ACTUAL,VNSTOCK_BRONZE
SPC,LATEST,balance_sheet,order,60.0,ACTUAL,VNSTOCK_BRONZE
SPC,LATEST,balance_sheet,level,2.0,ACTUAL,VNSTOCK_BRONZE
SPC,LATEST,balance_sheet,off_balance,0.0,ACTUAL,VNSTOCK_BRONZE
SPC,LATEST,balance_sheet,value,0.0,ACTUAL,VNSTOCK_BRONZE
SPC,LATEST,balance_sheet,order,61.0,ACTUAL,VNSTOCK_BRONZE
SPC,LATEST,balance_sheet,level,2.0,ACTUAL,VNSTOCK_BRONZE
SPC,LATEST,balance_sheet,off_balance,0.0,ACTUAL,VNSTOCK_BRONZE
SPC,LATEST,balance_sheet,value,0.0,ACTUAL,VNSTOCK_BRONZE
SPC,LATEST,balance_sheet,order,62.0,ACTUAL,VNSTOCK_BRONZE
SPC,LATEST,balance_sheet,level,2.0,ACTUAL,VNSTOCK_BRONZE
SPC,LATEST,balance_sheet,off_balance,0.0,ACTUAL,VNSTOCK_BRONZE
SPC,LATEST,balance_sheet,value,0.0,ACTUAL,VNSTOCK_BRONZE
SPC,LATEST,balance_sheet,order,63.0,ACTUAL,VNSTOCK_BRONZE
SPC,LATEST,balance_sheet,level,1.0,ACTUAL,VNSTOCK_BRONZE
SPC,LATEST,balance_sheet,off_balance,0.0,ACTUAL,VNSTOCK_BRONZE
SPC,LATEST,balance_sheet,value,410818855197.0,ACTUAL,VNSTOCK_BRONZE
SPC,LATEST,balance_sheet,order,64.0,ACTUAL,VNSTOCK_BRONZE
SPC,LATEST,balance_sheet,level,1.0,ACTUAL,VNSTOCK_BRONZE
SPC,LATEST,balance_sheet,off_balance,0.0,ACTUAL,VNSTOCK_BRONZE
SPC,LATEST,balance_sheet,value,273113329539.0,ACTUAL,VNSTOCK_BRONZE
SPC,LATEST,balance_sheet,order,65.0,ACTUAL,VNSTOCK_BRONZE
SPC,LATEST,balance_sheet,level,1.0,ACTUAL,VNSTOCK_BRONZE
SPC,LATEST,balance_sheet,off_balance,0.0,ACTUAL,VNSTOCK_BRONZE
SPC,LATEST,balance_sheet,value,267008180741.0,ACTUAL,VNSTOCK_BRONZE
SPC,LATEST,balance_sheet,order,66.0,ACTUAL,VNSTOCK_BRONZE
SPC,LATEST,balance_sheet,level,2.0,ACTUAL,VNSTOCK_BRONZE
SPC,LATEST,balance_sheet,off_balance,0.0,ACTUAL,VNSTOCK_BRONZE
SPC,LATEST,balance_sheet,value,0.0,ACTUAL,VNSTOCK_BRONZE
SPC,LATEST,balance_sheet,order,67.0,ACTUAL,VNSTOCK_BRONZE
SPC,LATEST,balance_sheet,level,2.0,ACTUAL,VNSTOCK_BRONZE
SPC,LATEST,balance_sheet,off_balance,0.0,ACTUAL,VNSTOCK_BRONZE
SPC,LATEST,balance_sheet,value,0.0,ACTUAL,VNSTOCK_BRONZE
SPC,LATEST,balance_sheet,order,68.0,ACTUAL,VNSTOCK_BRONZE
SPC,LATEST,balance_sheet,level,2.0,ACTUAL,VNSTOCK_BRONZE
SPC,LATEST,balance_sheet,off_balance,0.0,ACTUAL,VNSTOCK_BRONZE
SPC,LATEST,balance_sheet,value,0.0,ACTUAL,VNSTOCK_BRONZE
SPC,LATEST,balance_sheet,order,69.0,ACTUAL,VNSTOCK_BRONZE
SPC,LATEST,balance_sheet,level,2.0,ACTUAL,VNSTOCK_BRONZE
SPC,LATEST,balance_sheet,off_balance,0.0,ACTUAL,VNSTOCK_BRONZE
SPC,LATEST,balance_sheet,value,112795831786.0,ACTUAL,VNSTOCK_BRONZE
SPC,LATEST,balance_sheet,order,70.0,ACTUAL,VNSTOCK_BRONZE
SPC,LATEST,balance_sheet,level,2.0,ACTUAL,VNSTOCK_BRONZE
SPC,LATEST,balance_sheet,off_balance,0.0,ACTUAL,VNSTOCK_BRONZE
SPC,LATEST,balance_sheet,value,218874457.0,ACTUAL,VNSTOCK_BRONZE
SPC,LATEST,balance_sheet,order,71.0,ACTUAL,VNSTOCK_BRONZE
SPC,LATEST,balance_sheet,level,2.0,ACTUAL,VNSTOCK_BRONZE
SPC,LATEST,balance_sheet,off_balance,0.0,ACTUAL,VNSTOCK_BRONZE
SPC,LATEST,balance_sheet,value,2337588441.0,ACTUAL,VNSTOCK_BRONZE
SPC,LATEST,balance_sheet,order,72.0,ACTUAL,VNSTOCK_BRONZE
SPC,LATEST,balance_sheet,level,2.0,ACTUAL,VNSTOCK_BRONZE
SPC,LATEST,balance_sheet,off_balance,0.0,ACTUAL,VNSTOCK_BRONZE
SPC,LATEST,balance_sheet,value,15751642368.0,ACTUAL,VNSTOCK_BRONZE
SPC,LATEST,balance_sheet,order,73.0,ACTUAL,VNSTOCK_BRONZE
SPC,LATEST,balance_sheet,level,2.0,ACTUAL,VNSTOCK_BRONZE
SPC,LATEST,balance_sheet,off_balance,0.0,ACTUAL,VNSTOCK_BRONZE
SPC,LATEST,balance_sheet,value,16865319141.0,ACTUAL,VNSTOCK_BRONZE
SPC,LATEST,balance_sheet,order,74.0,ACTUAL,VNSTOCK_BRONZE
SPC,LATEST,balance_sheet,level,2.0,ACTUAL,VNSTOCK_BRONZE
SPC,LATEST,balance_sheet,off_balance,0.0,ACTUAL,VNSTOCK_BRONZE
SPC,LATEST,balance_sheet,value,0.0,ACTUAL,VNSTOCK_BRONZE
SPC,LATEST,balance_sheet,order,75.0,ACTUAL,VNSTOCK_BRONZE
SPC,LATEST,balance_sheet,level,2.0,ACTUAL,VNSTOCK_BRONZE
SPC,LATEST,balance_sheet,off_balance,0.0,ACTUAL,VNSTOCK_BRONZE
SPC,LATEST,balance_sheet,value,0.0,ACTUAL,VNSTOCK_BRONZE
SPC,LATEST,balance_sheet,order,76.0,ACTUAL,VNSTOCK_BRONZE
SPC,LATEST,balance_sheet,level,2.0,ACTUAL,VNSTOCK_BRONZE
SPC,LATEST,balance_sheet,off_balance,0.0,ACTUAL,VNSTOCK_BRONZE
SPC,LATEST,balance_sheet,value,8480260258.0,ACTUAL,VNSTOCK_BRONZE
SPC,LATEST,balance_sheet,order,77.0,ACTUAL,VNSTOCK_BRONZE
SPC,LATEST,balance_sheet,level,2.0,ACTUAL,VNSTOCK_BRONZE
SPC,LATEST,balance_sheet,off_balance,0.0,ACTUAL,VNSTOCK_BRONZE
SPC,LATEST,balance_sheet,value,110434698405.0,ACTUAL,VNSTOCK_BRONZE
SPC,LATEST,balance_sheet,order,78.0,ACTUAL,VNSTOCK_BRONZE
SPC,LATEST,balance_sheet,level,2.0,ACTUAL,VNSTOCK_BRONZE
SPC,LATEST,balance_sheet,off_balance,0.0,ACTUAL,VNSTOCK_BRONZE
SPC,LATEST,balance_sheet,value,0.0,ACTUAL,VNSTOCK_BRONZE
SPC,LATEST,balance_sheet,order,79.0,ACTUAL,VNSTOCK_BRONZE
SPC,LATEST,balance_sheet,level,2.0,ACTUAL,VNSTOCK_BRONZE
SPC,LATEST,balance_sheet,off_balance,0.0,ACTUAL,VNSTOCK_BRONZE
SPC,LATEST,balance_sheet,value,123965885.0,ACTUAL,VNSTOCK_BRONZE
SPC,LATEST,balance_sheet,order,80.0,ACTUAL,VNSTOCK_BRONZE
SPC,LATEST,balance_sheet,level,2.0,ACTUAL,VNSTOCK_BRONZE
SPC,LATEST,balance_sheet,off_balance,0.0,ACTUAL,VNSTOCK_BRONZE
SPC,LATEST,balance_sheet,value,0.0,ACTUAL,VNSTOCK_BRONZE
SPC,LATEST,balance_sheet,order,81.0,ACTUAL,VNSTOCK_BRONZE
SPC,LATEST,balance_sheet,level,2.0,ACTUAL,VNSTOCK_BRONZE
SPC,LATEST,balance_sheet,off_balance,0.0,ACTUAL,VNSTOCK_BRONZE
SPC,LATEST,balance_sheet,value,0.0,ACTUAL,VNSTOCK_BRONZE
SPC,LATEST,balance_sheet,order,82.0,ACTUAL,VNSTOCK_BRONZE
SPC,LATEST,balance_sheet,level,1.0,ACTUAL,VNSTOCK_BRONZE
SPC,LATEST,balance_sheet,off_balance,0.0,ACTUAL,VNSTOCK_BRONZE
SPC,LATEST,balance_sheet,value,6105148798.0,ACTUAL,VNSTOCK_BRONZE
SPC,LATEST,balance_sheet,order,83.0,ACTUAL,VNSTOCK_BRONZE
SPC,LATEST,balance_sheet,level,2.0,ACTUAL,VNSTOCK_BRONZE
SPC,LATEST,balance_sheet,off_balance,0.0,ACTUAL,VNSTOCK_BRONZE
SPC,LATEST,balance_sheet,value,0.0,ACTUAL,VNSTOCK_BRONZE
SPC,LATEST,balance_sheet,order,84.0,ACTUAL,VNSTOCK_BRONZE
SPC,LATEST,balance_sheet,level,2.0,ACTUAL,VNSTOCK_BRONZE
SPC,LATEST,balance_sheet,off_balance,0.0,ACTUAL,VNSTOCK_BRONZE
SPC,LATEST,balance_sheet,order,85.0,ACTUAL,VNSTOCK_BRONZE
SPC,LATEST,balance_sheet,level,2.0,ACTUAL,VNSTOCK_BRONZE
SPC,LATEST,balance_sheet,off_balance,0.0,ACTUAL,VNSTOCK_BRONZE
SPC,LATEST,balance_sheet,value,0.0,ACTUAL,VNSTOCK_BRONZE
SPC,LATEST,balance_sheet,order,86.0,ACTUAL,VNSTOCK_BRONZE
SPC,LATEST,balance_sheet,level,2.0,ACTUAL,VNSTOCK_BRONZE
SPC,LATEST,balance_sheet,off_balance,0.0,ACTUAL,VNSTOCK_BRONZE
SPC,LATEST,balance_sheet,value,0.0,ACTUAL,VNSTOCK_BRONZE
SPC,LATEST,balance_sheet,order,87.0,ACTUAL,VNSTOCK_BRONZE
SPC,LATEST,balance_sheet,level,2.0,ACTUAL,VNSTOCK_BRONZE
SPC,LATEST,balance_sheet,off_balance,0.0,ACTUAL,VNSTOCK_BRONZE
SPC,LATEST,balance_sheet,value,0.0,ACTUAL,VNSTOCK_BRONZE
SPC,LATEST,balance_sheet,order,88.0,ACTUAL,VNSTOCK_BRONZE
SPC,LATEST,balance_sheet,level,2.0,ACTUAL,VNSTOCK_BRONZE
SPC,LATEST,balance_sheet,off_balance,0.0,ACTUAL,VNSTOCK_BRONZE
SPC,LATEST,balance_sheet,value,0.0,ACTUAL,VNSTOCK_BRONZE
SPC,LATEST,balance_sheet,order,89.0,ACTUAL,VNSTOCK_BRONZE
SPC,LATEST,balance_sheet,level,2.0,ACTUAL,VNSTOCK_BRONZE
SPC,LATEST,balance_sheet,off_balance,0.0,ACTUAL,VNSTOCK_BRONZE
SPC,LATEST,balance_sheet,value,0.0,ACTUAL,VNSTOCK_BRONZE
SPC,LATEST,balance_sheet,order,90.0,ACTUAL,VNSTOCK_BRONZE
SPC,LATEST,balance_sheet,level,2.0,ACTUAL,VNSTOCK_BRONZE
SPC,LATEST,balance_sheet,off_balance,0.0,ACTUAL,VNSTOCK_BRONZE
SPC,LATEST,balance_sheet,value,1091854000.0,ACTUAL,VNSTOCK_BRONZE
SPC,LATEST,balance_sheet,order,91.0,ACTUAL,VNSTOCK_BRONZE
SPC,LATEST,balance_sheet,level,2.0,ACTUAL,VNSTOCK_BRONZE
SPC,LATEST,balance_sheet,off_balance,0.0,ACTUAL,VNSTOCK_BRONZE
SPC,LATEST,balance_sheet,value,0.0,ACTUAL,VNSTOCK_BRONZE
SPC,LATEST,balance_sheet,order,92.0,ACTUAL,VNSTOCK_BRONZE
SPC,LATEST,balance_sheet,level,2.0,ACTUAL,VNSTOCK_BRONZE
SPC,LATEST,balance_sheet,off_balance,0.0,ACTUAL,VNSTOCK_BRONZE
SPC,LATEST,balance_sheet,value,0.0,ACTUAL,VNSTOCK_BRONZE
SPC,LATEST,balance_sheet,order,93.0,ACTUAL,VNSTOCK_BRONZE
SPC,LATEST,balance_sheet,level,2.0,ACTUAL,VNSTOCK_BRONZE
SPC,LATEST,balance_sheet,off_balance,0.0,ACTUAL,VNSTOCK_BRONZE
SPC,LATEST,balance_sheet,value,5013294798.0,ACTUAL,VNSTOCK_BRONZE
SPC,LATEST,balance_sheet,order,94.0,ACTUAL,VNSTOCK_BRONZE
SPC,LATEST,balance_sheet,level,2.0,ACTUAL,VNSTOCK_BRONZE
SPC,LATEST,balance_sheet,off_balance,0.0,ACTUAL,VNSTOCK_BRONZE
SPC,LATEST,balance_sheet,value,0.0,ACTUAL,VNSTOCK_BRONZE
SPC,LATEST,balance_sheet,order,95.0,ACTUAL,VNSTOCK_BRONZE
SPC,LATEST,balance_sheet,level,2.0,ACTUAL,VNSTOCK_BRONZE
SPC,LATEST,balance_sheet,off_balance,0.0,ACTUAL,VNSTOCK_BRONZE
SPC,LATEST,balance_sheet,value,0.0,ACTUAL,VNSTOCK_BRONZE
SPC,LATEST,balance_sheet,order,96.0,ACTUAL,VNSTOCK_BRONZE
SPC,LATEST,balance_sheet,level,1.0,ACTUAL,VNSTOCK_BRONZE
SPC,LATEST,balance_sheet,off_balance,0.0,ACTUAL,VNSTOCK_BRONZE
SPC,LATEST,balance_sheet,value,137705525658.0,ACTUAL,VNSTOCK_BRONZE
SPC,LATEST,balance_sheet,order,97.0,ACTUAL,VNSTOCK_BRONZE
SPC,LATEST,balance_sheet,level,1.0,ACTUAL,VNSTOCK_BRONZE
SPC,LATEST,balance_sheet,off_balance,0.0,ACTUAL,VNSTOCK_BRONZE
SPC,LATEST,balance_sheet,value,137705525658.0,ACTUAL,VNSTOCK_BRONZE
SPC,LATEST,balance_sheet,order,98.0,ACTUAL,VNSTOCK_BRONZE
SPC,LATEST,balance_sheet,level,2.0,ACTUAL,VNSTOCK_BRONZE
SPC,LATEST,balance_sheet,off_balance,0.0,ACTUAL,VNSTOCK_BRONZE
SPC,LATEST,balance_sheet,value,0.0,ACTUAL,VNSTOCK_BRONZE
SPC,LATEST,balance_sheet,order,99.0,ACTUAL,VNSTOCK_BRONZE
SPC,LATEST,balance_sheet,level,2.0,ACTUAL,VNSTOCK_BRONZE
SPC,LATEST,balance_sheet,off_balance,0.0,ACTUAL,VNSTOCK_BRONZE
SPC,LATEST,balance_sheet,value,0.0,ACTUAL,VNSTOCK_BRONZE
SPC,LATEST,balance_sheet,order,100.0,ACTUAL,VNSTOCK_BRONZE
SPC,LATEST,balance_sheet,level,2.0,ACTUAL,VNSTOCK_BRONZE
SPC,LATEST,balance_sheet,off_balance,0.0,ACTUAL,VNSTOCK_BRONZE
SPC,LATEST,balance_sheet,value,0.0,ACTUAL,VNSTOCK_BRONZE
SPC,LATEST,balance_sheet,order,101.0,ACTUAL,VNSTOCK_BRONZE
SPC,LATEST,balance_sheet,level,2.0,ACTUAL,VNSTOCK_BRONZE
SPC,LATEST,balance_sheet,off_balance,0.0,ACTUAL,VNSTOCK_BRONZE
SPC,LATEST,balance_sheet,value,0.0,ACTUAL,VNSTOCK_BRONZE
SPC,LATEST,balance_sheet,order,102.0,ACTUAL,VNSTOCK_BRONZE
SPC,LATEST,balance_sheet,level,2.0,ACTUAL,VNSTOCK_BRONZE
SPC,LATEST,balance_sheet,off_balance,0.0,ACTUAL,VNSTOCK_BRONZE
SPC,LATEST,balance_sheet,value,105300000000.0,ACTUAL,VNSTOCK_BRONZE
SPC,LATEST,balance_sheet,order,103.0,ACTUAL,VNSTOCK_BRONZE
SPC,LATEST,balance_sheet,level,3.0,ACTUAL,VNSTOCK_BRONZE
SPC,LATEST,balance_sheet,off_balance,0.0,ACTUAL,VNSTOCK_BRONZE
SPC,LATEST,balance_sheet,value,105300000000.0,ACTUAL,VNSTOCK_BRONZE
SPC,LATEST,balance_sheet,order,104.0,ACTUAL,VNSTOCK_BRONZE
SPC,LATEST,balance_sheet,level,2.0,ACTUAL,VNSTOCK_BRONZE
SPC,LATEST,balance_sheet,off_balance,0.0,ACTUAL,VNSTOCK_BRONZE
SPC,LATEST,balance_sheet,value,782715818.0,ACTUAL,VNSTOCK_BRONZE
SPC,LATEST,balance_sheet,order,105.0,ACTUAL,VNSTOCK_BRONZE
SPC,LATEST,balance_sheet,level,2.0,ACTUAL,VNSTOCK_BRONZE
SPC,LATEST,balance_sheet,off_balance,0.0,ACTUAL,VNSTOCK_BRONZE
SPC,LATEST,balance_sheet,value,0.0,ACTUAL,VNSTOCK_BRONZE
SPC,LATEST,balance_sheet,order,106.0,ACTUAL,VNSTOCK_BRONZE
SPC,LATEST,balance_sheet,level,2.0,ACTUAL,VNSTOCK_BRONZE
SPC,LATEST,balance_sheet,off_balance,0.0,ACTUAL,VNSTOCK_BRONZE
SPC,LATEST,balance_sheet,value,0.0,ACTUAL,VNSTOCK_BRONZE
SPC,LATEST,balance_sheet,order,107.0,ACTUAL,VNSTOCK_BRONZE
SPC,LATEST,balance_sheet,level,2.0,ACTUAL,VNSTOCK_BRONZE
SPC,LATEST,balance_sheet,off_balance,0.0,ACTUAL,VNSTOCK_BRONZE
SPC,LATEST,balance_sheet,value,0.0,ACTUAL,VNSTOCK_BRONZE
SPC,LATEST,balance_sheet,order,108.0,ACTUAL,VNSTOCK_BRONZE
SPC,LATEST,balance_sheet,level,2.0,ACTUAL,VNSTOCK_BRONZE
SPC,LATEST,balance_sheet,off_balance,0.0,ACTUAL,VNSTOCK_BRONZE
SPC,LATEST,balance_sheet,value,14409438265.0,ACTUAL,VNSTOCK_BRONZE
SPC,LATEST,balance_sheet,order,109.0,ACTUAL,VNSTOCK_BRONZE
SPC,LATEST,balance_sheet,level,2.0,ACTUAL,VNSTOCK_BRONZE
SPC,LATEST,balance_sheet,off_balance,0.0,ACTUAL,VNSTOCK_BRONZE
SPC,LATEST,balance_sheet,value,62557331487.0,ACTUAL,VNSTOCK_BRONZE
SPC,LATEST,balance_sheet,order,110.0,ACTUAL,VNSTOCK_BRONZE
SPC,LATEST,balance_sheet,level,2.0,ACTUAL,VNSTOCK_BRONZE
SPC,LATEST,balance_sheet,off_balance,0.0,ACTUAL,VNSTOCK_BRONZE
SPC,LATEST,balance_sheet,value,0.0,ACTUAL,VNSTOCK_BRONZE
SPC,LATEST,balance_sheet,order,111.0,ACTUAL,VNSTOCK_BRONZE
SPC,LATEST,balance_sheet,level,2.0,ACTUAL,VNSTOCK_BRONZE
SPC,LATEST,balance_sheet,off_balance,0.0,ACTUAL,VNSTOCK_BRONZE
SPC,LATEST,balance_sheet,value,0.0,ACTUAL,VNSTOCK_BRONZE
SPC,LATEST,balance_sheet,order,112.0,ACTUAL,VNSTOCK_BRONZE
SPC,LATEST,balance_sheet,level,2.0,ACTUAL,VNSTOCK_BRONZE
SPC,LATEST,balance_sheet,off_balance,0.0,ACTUAL,VNSTOCK_BRONZE
SPC,LATEST,balance_sheet,value,-55184569968.0,ACTUAL,VNSTOCK_BRONZE
SPC,LATEST,balance_sheet,order,113.0,ACTUAL,VNSTOCK_BRONZE
SPC,LATEST,balance_sheet,level,3.0,ACTUAL,VNSTOCK_BRONZE
SPC,LATEST,balance_sheet,off_balance,0.0,ACTUAL,VNSTOCK_BRONZE
SPC,LATEST,balance_sheet,value,-71071654817.0,ACTUAL,VNSTOCK_BRONZE
SPC,LATEST,balance_sheet,order,114.0,ACTUAL,VNSTOCK_BRONZE
SPC,LATEST,balance_sheet,level,3.0,ACTUAL,VNSTOCK_BRONZE
SPC,LATEST,balance_sheet,off_balance,0.0,ACTUAL,VNSTOCK_BRONZE
SPC,LATEST,balance_sheet,value,15887084849.0,ACTUAL,VNSTOCK_BRONZE
SPC,LATEST,balance_sheet,order,115.0,ACTUAL,VNSTOCK_BRONZE
SPC,LATEST,balance_sheet,level,2.0,ACTUAL,VNSTOCK_BRONZE
SPC,LATEST,balance_sheet,off_balance,0.0,ACTUAL,VNSTOCK_BRONZE
SPC,LATEST,balance_sheet,value,9840610056.0,ACTUAL,VNSTOCK_BRONZE
SPC,LATEST,balance_sheet,order,116.0,ACTUAL,VNSTOCK_BRONZE
SPC,LATEST,balance_sheet,level,1.0,ACTUAL,VNSTOCK_BRONZE
SPC,LATEST,balance_sheet,off_balance,0.0,ACTUAL,VNSTOCK_BRONZE
SPC,LATEST,balance_sheet,value,0.0,ACTUAL,VNSTOCK_BRONZE
SPC,LATEST,balance_sheet,order,117.0,ACTUAL,VNSTOCK_BRONZE
SPC,LATEST,balance_sheet,level,2.0,ACTUAL,VNSTOCK_BRONZE
SPC,LATEST,balance_sheet,off_balance,0.0,ACTUAL,VNSTOCK_BRONZE
SPC,LATEST,balance_sheet,value,0.0,ACTUAL,VNSTOCK_BRONZE
SPC,LATEST,balance_sheet,order,118.0,ACTUAL,VNSTOCK_BRONZE
SPC,LATEST,balance_sheet,level,1.0,ACTUAL,VNSTOCK_BRONZE
SPC,LATEST,balance_sheet,off_balance,0.0,ACTUAL,VNSTOCK_BRONZE
SPC,LATEST,balance_sheet,value,410818855197.0,ACTUAL,VNSTOCK_BRONZE
SPC,LATEST,balance_sheet,order,1.0,ACTUAL,VNSTOCK_BRONZE
SPC,LATEST,balance_sheet,level,1.0,ACTUAL,VNSTOCK_BRONZE
SPC,LATEST,balance_sheet,off_balance,0.0,ACTUAL,VNSTOCK_BRONZE
SPC,LATEST,balance_sheet,value,349152162979.0,ACTUAL,VNSTOCK_BRONZE
SPC,LATEST,balance_sheet,order,2.0,ACTUAL,VNSTOCK_BRONZE
SPC,LATEST,balance_sheet,level,1.0,ACTUAL,VNSTOCK_BRONZE
SPC,LATEST,balance_sheet,off_balance,0.0,ACTUAL,VNSTOCK_BRONZE
SPC,LATEST,balance_sheet,value,19874190151.0,ACTUAL,VNSTOCK_BRONZE
SPC,LATEST,balance_sheet,order,3.0,ACTUAL,VNSTOCK_BRONZE
SPC,LATEST,balance_sheet,level,2.0,ACTUAL,VNSTOCK_BRONZE
SPC,LATEST,balance_sheet,off_balance,0.0,ACTUAL,VNSTOCK_BRONZE
SPC,LATEST,balance_sheet,value,19874190151.0,ACTUAL,VNSTOCK_BRONZE
SPC,LATEST,balance_sheet,order,4.0,ACTUAL,VNSTOCK_BRONZE
SPC,LATEST,balance_sheet,level,2.0,ACTUAL,VNSTOCK_BRONZE
SPC,LATEST,balance_sheet,off_balance,0.0,ACTUAL,VNSTOCK_BRONZE
SPC,LATEST,balance_sheet,value,0.0,ACTUAL,VNSTOCK_BRONZE
SPC,LATEST,balance_sheet,order,5.0,ACTUAL,VNSTOCK_BRONZE
SPC,LATEST,balance_sheet,level,1.0,ACTUAL,VNSTOCK_BRONZE
SPC,LATEST,balance_sheet,off_balance,0.0,ACTUAL,VNSTOCK_BRONZE
SPC,LATEST,balance_sheet,value,5250000000.0,ACTUAL,VNSTOCK_BRONZE
SPC,LATEST,balance_sheet,order,6.0,ACTUAL,VNSTOCK_BRONZE
SPC,LATEST,balance_sheet,level,2.0,ACTUAL,VNSTOCK_BRONZE
SPC,LATEST,balance_sheet,off_balance,0.0,ACTUAL,VNSTOCK_BRONZE
SPC,LATEST,balance_sheet,value,0.0,ACTUAL,VNSTOCK_BRONZE
SPC,LATEST,balance_sheet,order,7.0,ACTUAL,VNSTOCK_BRONZE
SPC,LATEST,balance_sheet,level,2.0,ACTUAL,VNSTOCK_BRONZE
SPC,LATEST,balance_sheet,off_balance,0.0,ACTUAL,VNSTOCK_BRONZE
SPC,LATEST,balance_sheet,value,0.0,ACTUAL,VNSTOCK_BRONZE
SPC,LATEST,balance_sheet,order,8.0,ACTUAL,VNSTOCK_BRONZE
SPC,LATEST,balance_sheet,level,2.0,ACTUAL,VNSTOCK_BRONZE
SPC,LATEST,balance_sheet,off_balance,0.0,ACTUAL,VNSTOCK_BRONZE
SPC,LATEST,balance_sheet,value,5250000000.0,ACTUAL,VNSTOCK_BRONZE
SPC,LATEST,balance_sheet,order,9.0,ACTUAL,VNSTOCK_BRONZE
SPC,LATEST,balance_sheet,level,1.0,ACTUAL,VNSTOCK_BRONZE
SPC,LATEST,balance_sheet,off_balance,0.0,ACTUAL,VNSTOCK_BRONZE
SPC,LATEST,balance_sheet,value,94636674145.0,ACTUAL,VNSTOCK_BRONZE
SPC,LATEST,balance_sheet,order,10.0,ACTUAL,VNSTOCK_BRONZE
SPC,LATEST,balance_sheet,level,2.0,ACTUAL,VNSTOCK_BRONZE
SPC,LATEST,balance_sheet,off_balance,0.0,ACTUAL,VNSTOCK_BRONZE
SPC,LATEST,balance_sheet,value,105828664351.0,ACTUAL,VNSTOCK_BRONZE
SPC,LATEST,balance_sheet,order,11.0,ACTUAL,VNSTOCK_BRONZE
SPC,LATEST,balance_sheet,level,2.0,ACTUAL,VNSTOCK_BRONZE
SPC,LATEST,balance_sheet,off_balance,0.0,ACTUAL,VNSTOCK_BRONZE
SPC,LATEST,balance_sheet,value,2251434253.0,ACTUAL,VNSTOCK_BRONZE
SPC,LATEST,balance_sheet,order,12.0,ACTUAL,VNSTOCK_BRONZE
SPC,LATEST,balance_sheet,level,2.0,ACTUAL,VNSTOCK_BRONZE
SPC,LATEST,balance_sheet,off_balance,0.0,ACTUAL,VNSTOCK_BRONZE
SPC,LATEST,balance_sheet,value,0.0,ACTUAL,VNSTOCK_BRONZE
SPC,LATEST,balance_sheet,order,13.0,ACTUAL,VNSTOCK_BRONZE
SPC,LATEST,balance_sheet,level,2.0,ACTUAL,VNSTOCK_BRONZE
SPC,LATEST,balance_sheet,off_balance,0.0,ACTUAL,VNSTOCK_BRONZE
SPC,LATEST,balance_sheet,value,0.0,ACTUAL,VNSTOCK_BRONZE
SPC,LATEST,balance_sheet,order,14.0,ACTUAL,VNSTOCK_BRONZE
SPC,LATEST,balance_sheet,level,2.0,ACTUAL,VNSTOCK_BRONZE
SPC,LATEST,balance_sheet,off_balance,0.0,ACTUAL,VNSTOCK_BRONZE
SPC,LATEST,balance_sheet,value,0.0,ACTUAL,VNSTOCK_BRONZE
SPC,LATEST,balance_sheet,order,15.0,ACTUAL,VNSTOCK_BRONZE
SPC,LATEST,balance_sheet,level,2.0,ACTUAL,VNSTOCK_BRONZE
SPC,LATEST,balance_sheet,off_balance,0.0,ACTUAL,VNSTOCK_BRONZE
SPC,LATEST,balance_sheet,value,6893350217.0,ACTUAL,VNSTOCK_BRONZE
SPC,LATEST,balance_sheet,order,16.0,ACTUAL,VNSTOCK_BRONZE
SPC,LATEST,balance_sheet,level,2.0,ACTUAL,VNSTOCK_BRONZE
SPC,LATEST,balance_sheet,off_balance,0.0,ACTUAL,VNSTOCK_BRONZE
SPC,LATEST,balance_sheet,value,-20336774676.0,ACTUAL,VNSTOCK_BRONZE
SPC,LATEST,balance_sheet,order,17.0,ACTUAL,VNSTOCK_BRONZE
SPC,LATEST,balance_sheet,level,2.0,ACTUAL,VNSTOCK_BRONZE
SPC,LATEST,balance_sheet,off_balance,0.0,ACTUAL,VNSTOCK_BRONZE
SPC,LATEST,balance_sheet,value,0.0,ACTUAL,VNSTOCK_BRONZE
SPC,LATEST,balance_sheet,order,18.0,ACTUAL,VNSTOCK_BRONZE
SPC,LATEST,balance_sheet,level,1.0,ACTUAL,VNSTOCK_BRONZE
SPC,LATEST,balance_sheet,off_balance,0.0,ACTUAL,VNSTOCK_BRONZE
SPC,LATEST,balance_sheet,value,212511553610.0,ACTUAL,VNSTOCK_BRONZE
SPC,LATEST,balance_sheet,order,19.0,ACTUAL,VNSTOCK_BRONZE
SPC,LATEST,balance_sheet,level,2.0,ACTUAL,VNSTOCK_BRONZE
SPC,LATEST,balance_sheet,off_balance,0.0,ACTUAL,VNSTOCK_BRONZE
SPC,LATEST,balance_sheet,value,229540193615.0,ACTUAL,VNSTOCK_BRONZE
SPC,LATEST,balance_sheet,order,20.0,ACTUAL,VNSTOCK_BRONZE
SPC,LATEST,balance_sheet,level,2.0,ACTUAL,VNSTOCK_BRONZE
SPC,LATEST,balance_sheet,off_balance,0.0,ACTUAL,VNSTOCK_BRONZE
SPC,LATEST,balance_sheet,value,-17028640005.0,ACTUAL,VNSTOCK_BRONZE
SPC,LATEST,balance_sheet,order,21.0,ACTUAL,VNSTOCK_BRONZE
SPC,LATEST,balance_sheet,level,1.0,ACTUAL,VNSTOCK_BRONZE
SPC,LATEST,balance_sheet,off_balance,0.0,ACTUAL,VNSTOCK_BRONZE
SPC,LATEST,balance_sheet,value,16879745073.0,ACTUAL,VNSTOCK_BRONZE
SPC,LATEST,balance_sheet,order,22.0,ACTUAL,VNSTOCK_BRONZE
SPC,LATEST,balance_sheet,level,2.0,ACTUAL,VNSTOCK_BRONZE
SPC,LATEST,balance_sheet,off_balance,0.0,ACTUAL,VNSTOCK_BRONZE
SPC,LATEST,balance_sheet,value,1461390202.0,ACTUAL,VNSTOCK_BRONZE
SPC,LATEST,balance_sheet,order,23.0,ACTUAL,VNSTOCK_BRONZE
SPC,LATEST,balance_sheet,level,2.0,ACTUAL,VNSTOCK_BRONZE
SPC,LATEST,balance_sheet,off_balance,0.0,ACTUAL,VNSTOCK_BRONZE
SPC,LATEST,balance_sheet,value,14658582225.0,ACTUAL,VNSTOCK_BRONZE
SPC,LATEST,balance_sheet,order,24.0,ACTUAL,VNSTOCK_BRONZE
SPC,LATEST,balance_sheet,level,2.0,ACTUAL,VNSTOCK_BRONZE
SPC,LATEST,balance_sheet,off_balance,0.0,ACTUAL,VNSTOCK_BRONZE
SPC,LATEST,balance_sheet,value,759772646.0,ACTUAL,VNSTOCK_BRONZE
SPC,LATEST,balance_sheet,order,25.0,ACTUAL,VNSTOCK_BRONZE
SPC,LATEST,balance_sheet,level,2.0,ACTUAL,VNSTOCK_BRONZE
SPC,LATEST,balance_sheet,off_balance,0.0,ACTUAL,VNSTOCK_BRONZE
SPC,LATEST,balance_sheet,value,0.0,ACTUAL,VNSTOCK_BRONZE
SPC,LATEST,balance_sheet,order,26.0,ACTUAL,VNSTOCK_BRONZE
SPC,LATEST,balance_sheet,level,1.0,ACTUAL,VNSTOCK_BRONZE
SPC,LATEST,balance_sheet,off_balance,0.0,ACTUAL,VNSTOCK_BRONZE
SPC,LATEST,balance_sheet,value,54940745634.0,ACTUAL,VNSTOCK_BRONZE
SPC,LATEST,balance_sheet,order,27.0,ACTUAL,VNSTOCK_BRONZE
SPC,LATEST,balance_sheet,level,1.0,ACTUAL,VNSTOCK_BRONZE
SPC,LATEST,balance_sheet,off_balance,0.0,ACTUAL,VNSTOCK_BRONZE
SPC,LATEST,balance_sheet,value,282693927.0,ACTUAL,VNSTOCK_BRONZE
SPC,LATEST,balance_sheet,order,28.0,ACTUAL,VNSTOCK_BRONZE
SPC,LATEST,balance_sheet,level,2.0,ACTUAL,VNSTOCK_BRONZE
SPC,LATEST,balance_sheet,off_balance,0.0,ACTUAL,VNSTOCK_BRONZE
SPC,LATEST,balance_sheet,value,0.0,ACTUAL,VNSTOCK_BRONZE
SPC,LATEST,balance_sheet,order,29.0,ACTUAL,VNSTOCK_BRONZE
SPC,LATEST,balance_sheet,level,2.0,ACTUAL,VNSTOCK_BRONZE
SPC,LATEST,balance_sheet,off_balance,0.0,ACTUAL,VNSTOCK_BRONZE
SPC,LATEST,balance_sheet,value,0.0,ACTUAL,VNSTOCK_BRONZE
SPC,LATEST,balance_sheet,order,30.0,ACTUAL,VNSTOCK_BRONZE
SPC,LATEST,balance_sheet,level,2.0,ACTUAL,VNSTOCK_BRONZE
SPC,LATEST,balance_sheet,off_balance,0.0,ACTUAL,VNSTOCK_BRONZE
SPC,LATEST,balance_sheet,value,0.0,ACTUAL,VNSTOCK_BRONZE
SPC,LATEST,balance_sheet,order,31.0,ACTUAL,VNSTOCK_BRONZE
SPC,LATEST,balance_sheet,level,2.0,ACTUAL,VNSTOCK_BRONZE
SPC,LATEST,balance_sheet,off_balance,0.0,ACTUAL,VNSTOCK_BRONZE
SPC,LATEST,balance_sheet,value,0.0,ACTUAL,VNSTOCK_BRONZE
SPC,LATEST,balance_sheet,order,32.0,ACTUAL,VNSTOCK_BRONZE
SPC,LATEST,balance_sheet,level,2.0,ACTUAL,VNSTOCK_BRONZE
SPC,LATEST,balance_sheet,off_balance,0.0,ACTUAL,VNSTOCK_BRONZE
SPC,LATEST,balance_sheet,value,282693927.0,ACTUAL,VNSTOCK_BRONZE
SPC,LATEST,balance_sheet,order,33.0,ACTUAL,VNSTOCK_BRONZE
SPC,LATEST,balance_sheet,level,2.0,ACTUAL,VNSTOCK_BRONZE
SPC,LATEST,balance_sheet,off_balance,0.0,ACTUAL,VNSTOCK_BRONZE
SPC,LATEST,balance_sheet,value,-0.0,ACTUAL,VNSTOCK_BRONZE
SPC,LATEST,balance_sheet,order,34.0,ACTUAL,VNSTOCK_BRONZE
SPC,LATEST,balance_sheet,level,1.0,ACTUAL,VNSTOCK_BRONZE
SPC,LATEST,balance_sheet,off_balance,0.0,ACTUAL,VNSTOCK_BRONZE
SPC,LATEST,balance_sheet,value,24773237500.0,ACTUAL,VNSTOCK_BRONZE
SPC,LATEST,balance_sheet,order,35.0,ACTUAL,VNSTOCK_BRONZE
SPC,LATEST,balance_sheet,level,2.0,ACTUAL,VNSTOCK_BRONZE
SPC,LATEST,balance_sheet,off_balance,0.0,ACTUAL,VNSTOCK_BRONZE
SPC,LATEST,balance_sheet,value,20271695347.0,ACTUAL,VNSTOCK_BRONZE
SPC,LATEST,balance_sheet,order,36.0,ACTUAL,VNSTOCK_BRONZE
SPC,LATEST,balance_sheet,level,3.0,ACTUAL,VNSTOCK_BRONZE
SPC,LATEST,balance_sheet,off_balance,0.0,ACTUAL,VNSTOCK_BRONZE
SPC,LATEST,balance_sheet,value,150357426444.0,ACTUAL,VNSTOCK_BRONZE
SPC,LATEST,balance_sheet,order,37.0,ACTUAL,VNSTOCK_BRONZE
SPC,LATEST,balance_sheet,level,3.0,ACTUAL,VNSTOCK_BRONZE
SPC,LATEST,balance_sheet,off_balance,0.0,ACTUAL,VNSTOCK_BRONZE
SPC,LATEST,balance_sheet,value,-130085731097.0,ACTUAL,VNSTOCK_BRONZE
SPC,LATEST,balance_sheet,order,38.0,ACTUAL,VNSTOCK_BRONZE
SPC,LATEST,balance_sheet,level,2.0,ACTUAL,VNSTOCK_BRONZE
SPC,LATEST,balance_sheet,off_balance,0.0,ACTUAL,VNSTOCK_BRONZE
SPC,LATEST,balance_sheet,value,0.0,ACTUAL,VNSTOCK_BRONZE
SPC,LATEST,balance_sheet,order,39.0,ACTUAL,VNSTOCK_BRONZE
SPC,LATEST,balance_sheet,level,3.0,ACTUAL,VNSTOCK_BRONZE
SPC,LATEST,balance_sheet,off_balance,0.0,ACTUAL,VNSTOCK_BRONZE
SPC,LATEST,balance_sheet,value,0.0,ACTUAL,VNSTOCK_BRONZE
SPC,LATEST,balance_sheet,order,40.0,ACTUAL,VNSTOCK_BRONZE
SPC,LATEST,balance_sheet,level,3.0,ACTUAL,VNSTOCK_BRONZE
SPC,LATEST,balance_sheet,off_balance,0.0,ACTUAL,VNSTOCK_BRONZE
SPC,LATEST,balance_sheet,value,-0.0,ACTUAL,VNSTOCK_BRONZE
SPC,LATEST,balance_sheet,order,41.0,ACTUAL,VNSTOCK_BRONZE
SPC,LATEST,balance_sheet,level,2.0,ACTUAL,VNSTOCK_BRONZE
SPC,LATEST,balance_sheet,off_balance,0.0,ACTUAL,VNSTOCK_BRONZE
SPC,LATEST,balance_sheet,value,4501542153.0,ACTUAL,VNSTOCK_BRONZE
SPC,LATEST,balance_sheet,order,42.0,ACTUAL,VNSTOCK_BRONZE
SPC,LATEST,balance_sheet,level,3.0,ACTUAL,VNSTOCK_BRONZE
SPC,LATEST,balance_sheet,off_balance,0.0,ACTUAL,VNSTOCK_BRONZE
SPC,LATEST,balance_sheet,value,9261423802.0,ACTUAL,VNSTOCK_BRONZE
SPC,LATEST,balance_sheet,order,43.0,ACTUAL,VNSTOCK_BRONZE
SPC,LATEST,balance_sheet,level,3.0,ACTUAL,VNSTOCK_BRONZE
SPC,LATEST,balance_sheet,off_balance,0.0,ACTUAL,VNSTOCK_BRONZE
SPC,LATEST,balance_sheet,value,-4759881649.0,ACTUAL,VNSTOCK_BRONZE
SPC,LATEST,balance_sheet,order,44.0,ACTUAL,VNSTOCK_BRONZE
SPC,LATEST,balance_sheet,level,1.0,ACTUAL,VNSTOCK_BRONZE
SPC,LATEST,balance_sheet,off_balance,0.0,ACTUAL,VNSTOCK_BRONZE
SPC,LATEST,balance_sheet,value,82251899.0,ACTUAL,VNSTOCK_BRONZE
SPC,LATEST,balance_sheet,order,45.0,ACTUAL,VNSTOCK_BRONZE
SPC,LATEST,balance_sheet,level,2.0,ACTUAL,VNSTOCK_BRONZE
SPC,LATEST,balance_sheet,off_balance,0.0,ACTUAL,VNSTOCK_BRONZE
SPC,LATEST,balance_sheet,value,2040026118.0,ACTUAL,VNSTOCK_BRONZE
SPC,LATEST,balance_sheet,order,46.0,ACTUAL,VNSTOCK_BRONZE
SPC,LATEST,balance_sheet,level,2.0,ACTUAL,VNSTOCK_BRONZE
SPC,LATEST,balance_sheet,off_balance,0.0,ACTUAL,VNSTOCK_BRONZE
SPC,LATEST,balance_sheet,value,-1957774219.0,ACTUAL,VNSTOCK_BRONZE
SPC,LATEST,balance_sheet,order,47.0,ACTUAL,VNSTOCK_BRONZE
SPC,LATEST,balance_sheet,level,1.0,ACTUAL,VNSTOCK_BRONZE
SPC,LATEST,balance_sheet,off_balance,0.0,ACTUAL,VNSTOCK_BRONZE
SPC,LATEST,balance_sheet,value,4403352082.0,ACTUAL,VNSTOCK_BRONZE
SPC,LATEST,balance_sheet,order,48.0,ACTUAL,VNSTOCK_BRONZE
SPC,LATEST,balance_sheet,level,2.0,ACTUAL,VNSTOCK_BRONZE
SPC,LATEST,balance_sheet,off_balance,0.0,ACTUAL,VNSTOCK_BRONZE
SPC,LATEST,balance_sheet,value,0.0,ACTUAL,VNSTOCK_BRONZE
SPC,LATEST,balance_sheet,order,49.0,ACTUAL,VNSTOCK_BRONZE
SPC,LATEST,balance_sheet,level,2.0,ACTUAL,VNSTOCK_BRONZE
SPC,LATEST,balance_sheet,off_balance,0.0,ACTUAL,VNSTOCK_BRONZE
SPC,LATEST,balance_sheet,value,4403352082.0,ACTUAL,VNSTOCK_BRONZE
SPC,LATEST,balance_sheet,order,50.0,ACTUAL,VNSTOCK_BRONZE
SPC,LATEST,balance_sheet,level,1.0,ACTUAL,VNSTOCK_BRONZE
SPC,LATEST,balance_sheet,off_balance,0.0,ACTUAL,VNSTOCK_BRONZE
SPC,LATEST,balance_sheet,value,0.0,ACTUAL,VNSTOCK_BRONZE
SPC,LATEST,balance_sheet,order,51.0,ACTUAL,VNSTOCK_BRONZE
SPC,LATEST,balance_sheet,level,2.0,ACTUAL,VNSTOCK_BRONZE
SPC,LATEST,balance_sheet,off_balance,0.0,ACTUAL,VNSTOCK_BRONZE
SPC,LATEST,balance_sheet,value,0.0,ACTUAL,VNSTOCK_BRONZE
SPC,LATEST,balance_sheet,order,52.0,ACTUAL,VNSTOCK_BRONZE
SPC,LATEST,balance_sheet,level,2.0,ACTUAL,VNSTOCK_BRONZE
SPC,LATEST,balance_sheet,off_balance,0.0,ACTUAL,VNSTOCK_BRONZE
SPC,LATEST,balance_sheet,value,0.0,ACTUAL,VNSTOCK_BRONZE
SPC,LATEST,balance_sheet,order,53.0,ACTUAL,VNSTOCK_BRONZE
SPC,LATEST,balance_sheet,level,2.0,ACTUAL,VNSTOCK_BRONZE
SPC,LATEST,balance_sheet,off_balance,0.0,ACTUAL,VNSTOCK_BRONZE
SPC,LATEST,balance_sheet,value,0.0,ACTUAL,VNSTOCK_BRONZE
SPC,LATEST,balance_sheet,order,54.0,ACTUAL,VNSTOCK_BRONZE
SPC,LATEST,balance_sheet,level,2.0,ACTUAL,VNSTOCK_BRONZE
SPC,LATEST,balance_sheet,off_balance,0.0,ACTUAL,VNSTOCK_BRONZE
SPC,LATEST,balance_sheet,value,0.0,ACTUAL,VNSTOCK_BRONZE
SPC,LATEST,balance_sheet,order,55.0,ACTUAL,VNSTOCK_BRONZE
SPC,LATEST,balance_sheet,level,2.0,ACTUAL,VNSTOCK_BRONZE
SPC,LATEST,balance_sheet,off_balance,0.0,ACTUAL,VNSTOCK_BRONZE
SPC,LATEST,balance_sheet,value,0.0,ACTUAL,VNSTOCK_BRONZE
SPC,LATEST,balance_sheet,order,56.0,ACTUAL,VNSTOCK_BRONZE
SPC,LATEST,balance_sheet,level,1.0,ACTUAL,VNSTOCK_BRONZE
SPC,LATEST,balance_sheet,off_balance,0.0,ACTUAL,VNSTOCK_BRONZE
SPC,LATEST,balance_sheet,value,25399210226.0,ACTUAL,VNSTOCK_BRONZE
SPC,LATEST,balance_sheet,order,57.0,ACTUAL,VNSTOCK_BRONZE
SPC,LATEST,balance_sheet,level,2.0,ACTUAL,VNSTOCK_BRONZE
SPC,LATEST,balance_sheet,off_balance,0.0,ACTUAL,VNSTOCK_BRONZE
SPC,LATEST,balance_sheet,value,0.0,ACTUAL,VNSTOCK_BRONZE
SPC,LATEST,balance_sheet,order,58.0,ACTUAL,VNSTOCK_BRONZE
SPC,LATEST,balance_sheet,level,2.0,ACTUAL,VNSTOCK_BRONZE
SPC,LATEST,balance_sheet,off_balance,0.0,ACTUAL,VNSTOCK_BRONZE
SPC,LATEST,balance_sheet,value,14502495362.0,ACTUAL,VNSTOCK_BRONZE
SPC,LATEST,balance_sheet,order,59.0,ACTUAL,VNSTOCK_BRONZE
SPC,LATEST,balance_sheet,level,2.0,ACTUAL,VNSTOCK_BRONZE
SPC,LATEST,balance_sheet,off_balance,0.0,ACTUAL,VNSTOCK_BRONZE
SPC,LATEST,balance_sheet,value,10896714864.0,ACTUAL,VNSTOCK_BRONZE
SPC,LATEST,balance_sheet,order,60.0,ACTUAL,VNSTOCK_BRONZE
SPC,LATEST,balance_sheet,level,2.0,ACTUAL,VNSTOCK_BRONZE
SPC,LATEST,balance_sheet,off_balance,0.0,ACTUAL,VNSTOCK_BRONZE
SPC,LATEST,balance_sheet,value,0.0,ACTUAL,VNSTOCK_BRONZE
SPC,LATEST,balance_sheet,order,61.0,ACTUAL,VNSTOCK_BRONZE
SPC,LATEST,balance_sheet,level,2.0,ACTUAL,VNSTOCK_BRONZE
SPC,LATEST,balance_sheet,off_balance,0.0,ACTUAL,VNSTOCK_BRONZE
SPC,LATEST,balance_sheet,value,0.0,ACTUAL,VNSTOCK_BRONZE
SPC,LATEST,balance_sheet,order,62.0,ACTUAL,VNSTOCK_BRONZE
SPC,LATEST,balance_sheet,level,2.0,ACTUAL,VNSTOCK_BRONZE
SPC,LATEST,balance_sheet,off_balance,0.0,ACTUAL,VNSTOCK_BRONZE
SPC,LATEST,balance_sheet,value,0.0,ACTUAL,VNSTOCK_BRONZE
SPC,LATEST,balance_sheet,order,63.0,ACTUAL,VNSTOCK_BRONZE
SPC,LATEST,balance_sheet,level,1.0,ACTUAL,VNSTOCK_BRONZE
SPC,LATEST,balance_sheet,off_balance,0.0,ACTUAL,VNSTOCK_BRONZE
SPC,LATEST,balance_sheet,value,404092908613.0,ACTUAL,VNSTOCK_BRONZE
SPC,LATEST,balance_sheet,order,64.0,ACTUAL,VNSTOCK_BRONZE
SPC,LATEST,balance_sheet,level,1.0,ACTUAL,VNSTOCK_BRONZE
SPC,LATEST,balance_sheet,off_balance,0.0,ACTUAL,VNSTOCK_BRONZE
SPC,LATEST,balance_sheet,value,266085587242.0,ACTUAL,VNSTOCK_BRONZE
SPC,LATEST,balance_sheet,order,65.0,ACTUAL,VNSTOCK_BRONZE
SPC,LATEST,balance_sheet,level,1.0,ACTUAL,VNSTOCK_BRONZE
SPC,LATEST,balance_sheet,off_balance,0.0,ACTUAL,VNSTOCK_BRONZE
SPC,LATEST,balance_sheet,value,259636123444.0,ACTUAL,VNSTOCK_BRONZE
SPC,LATEST,balance_sheet,order,66.0,ACTUAL,VNSTOCK_BRONZE
SPC,LATEST,balance_sheet,level,2.0,ACTUAL,VNSTOCK_BRONZE
SPC,LATEST,balance_sheet,off_balance,0.0,ACTUAL,VNSTOCK_BRONZE
SPC,LATEST,balance_sheet,value,0.0,ACTUAL,VNSTOCK_BRONZE
SPC,LATEST,balance_sheet,order,67.0,ACTUAL,VNSTOCK_BRONZE
SPC,LATEST,balance_sheet,level,2.0,ACTUAL,VNSTOCK_BRONZE
SPC,LATEST,balance_sheet,off_balance,0.0,ACTUAL,VNSTOCK_BRONZE
SPC,LATEST,balance_sheet,value,0.0,ACTUAL,VNSTOCK_BRONZE
SPC,LATEST,balance_sheet,order,68.0,ACTUAL,VNSTOCK_BRONZE
SPC,LATEST,balance_sheet,level,2.0,ACTUAL,VNSTOCK_BRONZE
SPC,LATEST,balance_sheet,off_balance,0.0,ACTUAL,VNSTOCK_BRONZE
SPC,LATEST,balance_sheet,value,0.0,ACTUAL,VNSTOCK_BRONZE
SPC,LATEST,balance_sheet,order,69.0,ACTUAL,VNSTOCK_BRONZE
SPC,LATEST,balance_sheet,level,2.0,ACTUAL,VNSTOCK_BRONZE
SPC,LATEST,balance_sheet,off_balance,0.0,ACTUAL,VNSTOCK_BRONZE
SPC,LATEST,balance_sheet,value,118956642472.0,ACTUAL,VNSTOCK_BRONZE
SPC,LATEST,balance_sheet,order,70.0,ACTUAL,VNSTOCK_BRONZE
SPC,LATEST,balance_sheet,level,2.0,ACTUAL,VNSTOCK_BRONZE
SPC,LATEST,balance_sheet,off_balance,0.0,ACTUAL,VNSTOCK_BRONZE
SPC,LATEST,balance_sheet,value,1823628828.0,ACTUAL,VNSTOCK_BRONZE
SPC,LATEST,balance_sheet,order,71.0,ACTUAL,VNSTOCK_BRONZE
SPC,LATEST,balance_sheet,level,2.0,ACTUAL,VNSTOCK_BRONZE
SPC,LATEST,balance_sheet,off_balance,0.0,ACTUAL,VNSTOCK_BRONZE
SPC,LATEST,balance_sheet,value,1254769034.0,ACTUAL,VNSTOCK_BRONZE
SPC,LATEST,balance_sheet,order,72.0,ACTUAL,VNSTOCK_BRONZE
SPC,LATEST,balance_sheet,level,2.0,ACTUAL,VNSTOCK_BRONZE
SPC,LATEST,balance_sheet,off_balance,0.0,ACTUAL,VNSTOCK_BRONZE
SPC,LATEST,balance_sheet,value,10309647508.0,ACTUAL,VNSTOCK_BRONZE
SPC,LATEST,balance_sheet,order,73.0,ACTUAL,VNSTOCK_BRONZE
SPC,LATEST,balance_sheet,level,2.0,ACTUAL,VNSTOCK_BRONZE
SPC,LATEST,balance_sheet,off_balance,0.0,ACTUAL,VNSTOCK_BRONZE
SPC,LATEST,balance_sheet,value,5893880980.0,ACTUAL,VNSTOCK_BRONZE
SPC,LATEST,balance_sheet,order,74.0,ACTUAL,VNSTOCK_BRONZE
SPC,LATEST,balance_sheet,level,2.0,ACTUAL,VNSTOCK_BRONZE
SPC,LATEST,balance_sheet,off_balance,0.0,ACTUAL,VNSTOCK_BRONZE
SPC,LATEST,balance_sheet,value,0.0,ACTUAL,VNSTOCK_BRONZE
SPC,LATEST,balance_sheet,order,75.0,ACTUAL,VNSTOCK_BRONZE
SPC,LATEST,balance_sheet,level,2.0,ACTUAL,VNSTOCK_BRONZE
SPC,LATEST,balance_sheet,off_balance,0.0,ACTUAL,VNSTOCK_BRONZE
SPC,LATEST,balance_sheet,value,0.0,ACTUAL,VNSTOCK_BRONZE
SPC,LATEST,balance_sheet,order,76.0,ACTUAL,VNSTOCK_BRONZE
SPC,LATEST,balance_sheet,level,2.0,ACTUAL,VNSTOCK_BRONZE
SPC,LATEST,balance_sheet,off_balance,0.0,ACTUAL,VNSTOCK_BRONZE
SPC,LATEST,balance_sheet,value,15098277811.0,ACTUAL,VNSTOCK_BRONZE
SPC,LATEST,balance_sheet,order,77.0,ACTUAL,VNSTOCK_BRONZE
SPC,LATEST,balance_sheet,level,2.0,ACTUAL,VNSTOCK_BRONZE
SPC,LATEST,balance_sheet,off_balance,0.0,ACTUAL,VNSTOCK_BRONZE
SPC,LATEST,balance_sheet,value,106172789587.0,ACTUAL,VNSTOCK_BRONZE
SPC,LATEST,balance_sheet,order,78.0,ACTUAL,VNSTOCK_BRONZE
SPC,LATEST,balance_sheet,level,2.0,ACTUAL,VNSTOCK_BRONZE
SPC,LATEST,balance_sheet,off_balance,0.0,ACTUAL,VNSTOCK_BRONZE
SPC,LATEST,balance_sheet,value,0.0,ACTUAL,VNSTOCK_BRONZE
SPC,LATEST,balance_sheet,order,79.0,ACTUAL,VNSTOCK_BRONZE
SPC,LATEST,balance_sheet,level,2.0,ACTUAL,VNSTOCK_BRONZE
SPC,LATEST,balance_sheet,off_balance,0.0,ACTUAL,VNSTOCK_BRONZE
SPC,LATEST,balance_sheet,value,126487224.0,ACTUAL,VNSTOCK_BRONZE
SPC,LATEST,balance_sheet,order,80.0,ACTUAL,VNSTOCK_BRONZE
SPC,LATEST,balance_sheet,level,2.0,ACTUAL,VNSTOCK_BRONZE
SPC,LATEST,balance_sheet,off_balance,0.0,ACTUAL,VNSTOCK_BRONZE
SPC,LATEST,balance_sheet,value,0.0,ACTUAL,VNSTOCK_BRONZE
SPC,LATEST,balance_sheet,order,81.0,ACTUAL,VNSTOCK_BRONZE
SPC,LATEST,balance_sheet,level,2.0,ACTUAL,VNSTOCK_BRONZE
SPC,LATEST,balance_sheet,off_balance,0.0,ACTUAL,VNSTOCK_BRONZE
SPC,LATEST,balance_sheet,value,0.0,ACTUAL,VNSTOCK_BRONZE
SPC,LATEST,balance_sheet,order,82.0,ACTUAL,VNSTOCK_BRONZE
SPC,LATEST,balance_sheet,level,1.0,ACTUAL,VNSTOCK_BRONZE
SPC,LATEST,balance_sheet,off_balance,0.0,ACTUAL,VNSTOCK_BRONZE
SPC,LATEST,balance_sheet,value,6449463798.0,ACTUAL,VNSTOCK_BRONZE
SPC,LATEST,balance_sheet,order,83.0,ACTUAL,VNSTOCK_BRONZE
SPC,LATEST,balance_sheet,level,2.0,ACTUAL,VNSTOCK_BRONZE
SPC,LATEST,balance_sheet,off_balance,0.0,ACTUAL,VNSTOCK_BRONZE
SPC,LATEST,balance_sheet,value,0.0,ACTUAL,VNSTOCK_BRONZE
SPC,LATEST,balance_sheet,order,84.0,ACTUAL,VNSTOCK_BRONZE
SPC,LATEST,balance_sheet,level,2.0,ACTUAL,VNSTOCK_BRONZE
SPC,LATEST,balance_sheet,off_balance,0.0,ACTUAL,VNSTOCK_BRONZE
SPC,LATEST,balance_sheet,order,85.0,ACTUAL,VNSTOCK_BRONZE
SPC,LATEST,balance_sheet,level,2.0,ACTUAL,VNSTOCK_BRONZE
SPC,LATEST,balance_sheet,off_balance,0.0,ACTUAL,VNSTOCK_BRONZE
SPC,LATEST,balance_sheet,value,0.0,ACTUAL,VNSTOCK_BRONZE
SPC,LATEST,balance_sheet,order,86.0,ACTUAL,VNSTOCK_BRONZE
SPC,LATEST,balance_sheet,level,2.0,ACTUAL,VNSTOCK_BRONZE
SPC,LATEST,balance_sheet,off_balance,0.0,ACTUAL,VNSTOCK_BRONZE
SPC,LATEST,balance_sheet,value,0.0,ACTUAL,VNSTOCK_BRONZE
SPC,LATEST,balance_sheet,order,87.0,ACTUAL,VNSTOCK_BRONZE
SPC,LATEST,balance_sheet,level,2.0,ACTUAL,VNSTOCK_BRONZE
SPC,LATEST,balance_sheet,off_balance,0.0,ACTUAL,VNSTOCK_BRONZE
SPC,LATEST,balance_sheet,value,0.0,ACTUAL,VNSTOCK_BRONZE
SPC,LATEST,balance_sheet,order,88.0,ACTUAL,VNSTOCK_BRONZE
SPC,LATEST,balance_sheet,level,2.0,ACTUAL,VNSTOCK_BRONZE
SPC,LATEST,balance_sheet,off_balance,0.0,ACTUAL,VNSTOCK_BRONZE
SPC,LATEST,balance_sheet,value,0.0,ACTUAL,VNSTOCK_BRONZE
SPC,LATEST,balance_sheet,order,89.0,ACTUAL,VNSTOCK_BRONZE
SPC,LATEST,balance_sheet,level,2.0,ACTUAL,VNSTOCK_BRONZE
SPC,LATEST,balance_sheet,off_balance,0.0,ACTUAL,VNSTOCK_BRONZE
SPC,LATEST,balance_sheet,value,0.0,ACTUAL,VNSTOCK_BRONZE
SPC,LATEST,balance_sheet,order,90.0,ACTUAL,VNSTOCK_BRONZE
SPC,LATEST,balance_sheet,level,2.0,ACTUAL,VNSTOCK_BRONZE
SPC,LATEST,balance_sheet,off_balance,0.0,ACTUAL,VNSTOCK_BRONZE
SPC,LATEST,balance_sheet,value,1281854000.0,ACTUAL,VNSTOCK_BRONZE
SPC,LATEST,balance_sheet,order,91.0,ACTUAL,VNSTOCK_BRONZE
SPC,LATEST,balance_sheet,level,2.0,ACTUAL,VNSTOCK_BRONZE
SPC,LATEST,balance_sheet,off_balance,0.0,ACTUAL,VNSTOCK_BRONZE
SPC,LATEST,balance_sheet,value,154315000.0,ACTUAL,VNSTOCK_BRONZE
SPC,LATEST,balance_sheet,order,92.0,ACTUAL,VNSTOCK_BRONZE
SPC,LATEST,balance_sheet,level,2.0,ACTUAL,VNSTOCK_BRONZE
SPC,LATEST,balance_sheet,off_balance,0.0,ACTUAL,VNSTOCK_BRONZE
SPC,LATEST,balance_sheet,value,0.0,ACTUAL,VNSTOCK_BRONZE
SPC,LATEST,balance_sheet,order,93.0,ACTUAL,VNSTOCK_BRONZE
SPC,LATEST,balance_sheet,level,2.0,ACTUAL,VNSTOCK_BRONZE
SPC,LATEST,balance_sheet,off_balance,0.0,ACTUAL,VNSTOCK_BRONZE
SPC,LATEST,balance_sheet,value,5013294798.0,ACTUAL,VNSTOCK_BRONZE
SPC,LATEST,balance_sheet,order,94.0,ACTUAL,VNSTOCK_BRONZE
SPC,LATEST,balance_sheet,level,2.0,ACTUAL,VNSTOCK_BRONZE
SPC,LATEST,balance_sheet,off_balance,0.0,ACTUAL,VNSTOCK_BRONZE
SPC,LATEST,balance_sheet,value,0.0,ACTUAL,VNSTOCK_BRONZE
SPC,LATEST,balance_sheet,order,95.0,ACTUAL,VNSTOCK_BRONZE
SPC,LATEST,balance_sheet,level,2.0,ACTUAL,VNSTOCK_BRONZE
SPC,LATEST,balance_sheet,off_balance,0.0,ACTUAL,VNSTOCK_BRONZE
SPC,LATEST,balance_sheet,value,0.0,ACTUAL,VNSTOCK_BRONZE
SPC,LATEST,balance_sheet,order,96.0,ACTUAL,VNSTOCK_BRONZE
SPC,LATEST,balance_sheet,level,1.0,ACTUAL,VNSTOCK_BRONZE
SPC,LATEST,balance_sheet,off_balance,0.0,ACTUAL,VNSTOCK_BRONZE
SPC,LATEST,balance_sheet,value,138007321371.0,ACTUAL,VNSTOCK_BRONZE
SPC,LATEST,balance_sheet,order,97.0,ACTUAL,VNSTOCK_BRONZE
SPC,LATEST,balance_sheet,level,1.0,ACTUAL,VNSTOCK_BRONZE
SPC,LATEST,balance_sheet,off_balance,0.0,ACTUAL,VNSTOCK_BRONZE
SPC,LATEST,balance_sheet,value,138007321371.0,ACTUAL,VNSTOCK_BRONZE
SPC,LATEST,balance_sheet,order,98.0,ACTUAL,VNSTOCK_BRONZE
SPC,LATEST,balance_sheet,level,2.0,ACTUAL,VNSTOCK_BRONZE
SPC,LATEST,balance_sheet,off_balance,0.0,ACTUAL,VNSTOCK_BRONZE
SPC,LATEST,balance_sheet,value,0.0,ACTUAL,VNSTOCK_BRONZE
SPC,LATEST,balance_sheet,order,99.0,ACTUAL,VNSTOCK_BRONZE
SPC,LATEST,balance_sheet,level,2.0,ACTUAL,VNSTOCK_BRONZE
SPC,LATEST,balance_sheet,off_balance,0.0,ACTUAL,VNSTOCK_BRONZE
SPC,LATEST,balance_sheet,value,0.0,ACTUAL,VNSTOCK_BRONZE
SPC,LATEST,balance_sheet,order,100.0,ACTUAL,VNSTOCK_BRONZE
SPC,LATEST,balance_sheet,level,2.0,ACTUAL,VNSTOCK_BRONZE
SPC,LATEST,balance_sheet,off_balance,0.0,ACTUAL,VNSTOCK_BRONZE
SPC,LATEST,balance_sheet,value,0.0,ACTUAL,VNSTOCK_BRONZE
SPC,LATEST,balance_sheet,order,101.0,ACTUAL,VNSTOCK_BRONZE
SPC,LATEST,balance_sheet,level,2.0,ACTUAL,VNSTOCK_BRONZE
SPC,LATEST,balance_sheet,off_balance,0.0,ACTUAL,VNSTOCK_BRONZE
SPC,LATEST,balance_sheet,value,0.0,ACTUAL,VNSTOCK_BRONZE
SPC,LATEST,balance_sheet,order,102.0,ACTUAL,VNSTOCK_BRONZE
SPC,LATEST,balance_sheet,level,2.0,ACTUAL,VNSTOCK_BRONZE
SPC,LATEST,balance_sheet,off_balance,0.0,ACTUAL,VNSTOCK_BRONZE
SPC,LATEST,balance_sheet,value,105300000000.0,ACTUAL,VNSTOCK_BRONZE
SPC,LATEST,balance_sheet,order,103.0,ACTUAL,VNSTOCK_BRONZE
SPC,LATEST,balance_sheet,level,3.0,ACTUAL,VNSTOCK_BRONZE
SPC,LATEST,balance_sheet,off_balance,0.0,ACTUAL,VNSTOCK_BRONZE
SPC,LATEST,balance_sheet,value,105300000000.0,ACTUAL,VNSTOCK_BRONZE
SPC,LATEST,balance_sheet,order,104.0,ACTUAL,VNSTOCK_BRONZE
SPC,LATEST,balance_sheet,level,2.0,ACTUAL,VNSTOCK_BRONZE
SPC,LATEST,balance_sheet,off_balance,0.0,ACTUAL,VNSTOCK_BRONZE
SPC,LATEST,balance_sheet,value,782715818.0,ACTUAL,VNSTOCK_BRONZE
SPC,LATEST,balance_sheet,order,105.0,ACTUAL,VNSTOCK_BRONZE
SPC,LATEST,balance_sheet,level,2.0,ACTUAL,VNSTOCK_BRONZE
SPC,LATEST,balance_sheet,off_balance,0.0,ACTUAL,VNSTOCK_BRONZE
SPC,LATEST,balance_sheet,value,0.0,ACTUAL,VNSTOCK_BRONZE
SPC,LATEST,balance_sheet,order,106.0,ACTUAL,VNSTOCK_BRONZE
SPC,LATEST,balance_sheet,level,2.0,ACTUAL,VNSTOCK_BRONZE
SPC,LATEST,balance_sheet,off_balance,0.0,ACTUAL,VNSTOCK_BRONZE
SPC,LATEST,balance_sheet,value,0.0,ACTUAL,VNSTOCK_BRONZE
SPC,LATEST,balance_sheet,order,107.0,ACTUAL,VNSTOCK_BRONZE
SPC,LATEST,balance_sheet,level,2.0,ACTUAL,VNSTOCK_BRONZE
SPC,LATEST,balance_sheet,off_balance,0.0,ACTUAL,VNSTOCK_BRONZE
SPC,LATEST,balance_sheet,value,0.0,ACTUAL,VNSTOCK_BRONZE
SPC,LATEST,balance_sheet,order,108.0,ACTUAL,VNSTOCK_BRONZE
SPC,LATEST,balance_sheet,level,2.0,ACTUAL,VNSTOCK_BRONZE
SPC,LATEST,balance_sheet,off_balance,0.0,ACTUAL,VNSTOCK_BRONZE
SPC,LATEST,balance_sheet,value,17978468465.0,ACTUAL,VNSTOCK_BRONZE
SPC,LATEST,balance_sheet,order,109.0,ACTUAL,VNSTOCK_BRONZE
SPC,LATEST,balance_sheet,level,2.0,ACTUAL,VNSTOCK_BRONZE
SPC,LATEST,balance_sheet,off_balance,0.0,ACTUAL,VNSTOCK_BRONZE
SPC,LATEST,balance_sheet,value,62588469274.0,ACTUAL,VNSTOCK_BRONZE
SPC,LATEST,balance_sheet,order,110.0,ACTUAL,VNSTOCK_BRONZE
SPC,LATEST,balance_sheet,level,2.0,ACTUAL,VNSTOCK_BRONZE
SPC,LATEST,balance_sheet,off_balance,0.0,ACTUAL,VNSTOCK_BRONZE
SPC,LATEST,balance_sheet,value,0.0,ACTUAL,VNSTOCK_BRONZE
SPC,LATEST,balance_sheet,order,111.0,ACTUAL,VNSTOCK_BRONZE
SPC,LATEST,balance_sheet,level,2.0,ACTUAL,VNSTOCK_BRONZE
SPC,LATEST,balance_sheet,off_balance,0.0,ACTUAL,VNSTOCK_BRONZE
SPC,LATEST,balance_sheet,value,0.0,ACTUAL,VNSTOCK_BRONZE
SPC,LATEST,balance_sheet,order,112.0,ACTUAL,VNSTOCK_BRONZE
SPC,LATEST,balance_sheet,level,2.0,ACTUAL,VNSTOCK_BRONZE
SPC,LATEST,balance_sheet,off_balance,0.0,ACTUAL,VNSTOCK_BRONZE
SPC,LATEST,balance_sheet,value,-58710096151.0,ACTUAL,VNSTOCK_BRONZE
SPC,LATEST,balance_sheet,order,113.0,ACTUAL,VNSTOCK_BRONZE
SPC,LATEST,balance_sheet,level,3.0,ACTUAL,VNSTOCK_BRONZE
SPC,LATEST,balance_sheet,off_balance,0.0,ACTUAL,VNSTOCK_BRONZE
SPC,LATEST,balance_sheet,value,-71116960324.0,ACTUAL,VNSTOCK_BRONZE
SPC,LATEST,balance_sheet,order,114.0,ACTUAL,VNSTOCK_BRONZE
SPC,LATEST,balance_sheet,level,3.0,ACTUAL,VNSTOCK_BRONZE
SPC,LATEST,balance_sheet,off_balance,0.0,ACTUAL,VNSTOCK_BRONZE
SPC,LATEST,balance_sheet,value,12406864173.0,ACTUAL,VNSTOCK_BRONZE
SPC,LATEST,balance_sheet,order,115.0,ACTUAL,VNSTOCK_BRONZE
SPC,LATEST,balance_sheet,level,2.0,ACTUAL,VNSTOCK_BRONZE
SPC,LATEST,balance_sheet,off_balance,0.0,ACTUAL,VNSTOCK_BRONZE
SPC,LATEST,balance_sheet,value,10067763965.0,ACTUAL,VNSTOCK_BRONZE
SPC,LATEST,balance_sheet,order,116.0,ACTUAL,VNSTOCK_BRONZE
SPC,LATEST,balance_sheet,level,1.0,ACTUAL,VNSTOCK_BRONZE
SPC,LATEST,balance_sheet,off_balance,0.0,ACTUAL,VNSTOCK_BRONZE
SPC,LATEST,balance_sheet,value,0.0,ACTUAL,VNSTOCK_BRONZE
SPC,LATEST,balance_sheet,order,117.0,ACTUAL,VNSTOCK_BRONZE
SPC,LATEST,balance_sheet,level,2.0,ACTUAL,VNSTOCK_BRONZE
SPC,LATEST,balance_sheet,off_balance,0.0,ACTUAL,VNSTOCK_BRONZE
SPC,LATEST,balance_sheet,value,0.0,ACTUAL,VNSTOCK_BRONZE
SPC,LATEST,balance_sheet,order,118.0,ACTUAL,VNSTOCK_BRONZE
SPC,LATEST,balance_sheet,level,1.0,ACTUAL,VNSTOCK_BRONZE
SPC,LATEST,balance_sheet,off_balance,0.0,ACTUAL,VNSTOCK_BRONZE
SPC,LATEST,balance_sheet,value,404092908613.0,ACTUAL,VNSTOCK_BRONZE
SPC,LATEST,balance_sheet,order,1.0,ACTUAL,VNSTOCK_BRONZE
SPC,LATEST,balance_sheet,level,1.0,ACTUAL,VNSTOCK_BRONZE
SPC,LATEST,balance_sheet,off_balance,0.0,ACTUAL,VNSTOCK_BRONZE
SPC,LATEST,balance_sheet,value,384477321230.0,ACTUAL,VNSTOCK_BRONZE
SPC,LATEST,balance_sheet,order,2.0,ACTUAL,VNSTOCK_BRONZE
SPC,LATEST,balance_sheet,level,1.0,ACTUAL,VNSTOCK_BRONZE
SPC,LATEST,balance_sheet,off_balance,0.0,ACTUAL,VNSTOCK_BRONZE
SPC,LATEST,balance_sheet,value,27026513837.0,ACTUAL,VNSTOCK_BRONZE
SPC,LATEST,balance_sheet,order,3.0,ACTUAL,VNSTOCK_BRONZE
SPC,LATEST,balance_sheet,level,2.0,ACTUAL,VNSTOCK_BRONZE
SPC,LATEST,balance_sheet,off_balance,0.0,ACTUAL,VNSTOCK_BRONZE
SPC,LATEST,balance_sheet,value,27026513837.0,ACTUAL,VNSTOCK_BRONZE
SPC,LATEST,balance_sheet,order,4.0,ACTUAL,VNSTOCK_BRONZE
SPC,LATEST,balance_sheet,level,2.0,ACTUAL,VNSTOCK_BRONZE
SPC,LATEST,balance_sheet,off_balance,0.0,ACTUAL,VNSTOCK_BRONZE
SPC,LATEST,balance_sheet,value,0.0,ACTUAL,VNSTOCK_BRONZE
SPC,LATEST,balance_sheet,order,5.0,ACTUAL,VNSTOCK_BRONZE
SPC,LATEST,balance_sheet,level,1.0,ACTUAL,VNSTOCK_BRONZE
SPC,LATEST,balance_sheet,off_balance,0.0,ACTUAL,VNSTOCK_BRONZE
SPC,LATEST,balance_sheet,value,5250000000.0,ACTUAL,VNSTOCK_BRONZE
SPC,LATEST,balance_sheet,order,6.0,ACTUAL,VNSTOCK_BRONZE
SPC,LATEST,balance_sheet,level,2.0,ACTUAL,VNSTOCK_BRONZE
SPC,LATEST,balance_sheet,off_balance,0.0,ACTUAL,VNSTOCK_BRONZE
SPC,LATEST,balance_sheet,value,0.0,ACTUAL,VNSTOCK_BRONZE
SPC,LATEST,balance_sheet,order,7.0,ACTUAL,VNSTOCK_BRONZE
SPC,LATEST,balance_sheet,level,2.0,ACTUAL,VNSTOCK_BRONZE
SPC,LATEST,balance_sheet,off_balance,0.0,ACTUAL,VNSTOCK_BRONZE
SPC,LATEST,balance_sheet,value,0.0,ACTUAL,VNSTOCK_BRONZE
SPC,LATEST,balance_sheet,order,8.0,ACTUAL,VNSTOCK_BRONZE
SPC,LATEST,balance_sheet,level,2.0,ACTUAL,VNSTOCK_BRONZE
SPC,LATEST,balance_sheet,off_balance,0.0,ACTUAL,VNSTOCK_BRONZE
SPC,LATEST,balance_sheet,value,5250000000.0,ACTUAL,VNSTOCK_BRONZE
SPC,LATEST,balance_sheet,order,9.0,ACTUAL,VNSTOCK_BRONZE
SPC,LATEST,balance_sheet,level,1.0,ACTUAL,VNSTOCK_BRONZE
SPC,LATEST,balance_sheet,off_balance,0.0,ACTUAL,VNSTOCK_BRONZE
SPC,LATEST,balance_sheet,value,109765705011.0,ACTUAL,VNSTOCK_BRONZE
SPC,LATEST,balance_sheet,order,10.0,ACTUAL,VNSTOCK_BRONZE
SPC,LATEST,balance_sheet,level,2.0,ACTUAL,VNSTOCK_BRONZE
SPC,LATEST,balance_sheet,off_balance,0.0,ACTUAL,VNSTOCK_BRONZE
SPC,LATEST,balance_sheet,value,120533978973.0,ACTUAL,VNSTOCK_BRONZE
SPC,LATEST,balance_sheet,order,11.0,ACTUAL,VNSTOCK_BRONZE
SPC,LATEST,balance_sheet,level,2.0,ACTUAL,VNSTOCK_BRONZE
SPC,LATEST,balance_sheet,off_balance,0.0,ACTUAL,VNSTOCK_BRONZE
SPC,LATEST,balance_sheet,value,1709509271.0,ACTUAL,VNSTOCK_BRONZE
SPC,LATEST,balance_sheet,order,12.0,ACTUAL,VNSTOCK_BRONZE
SPC,LATEST,balance_sheet,level,2.0,ACTUAL,VNSTOCK_BRONZE
SPC,LATEST,balance_sheet,off_balance,0.0,ACTUAL,VNSTOCK_BRONZE
SPC,LATEST,balance_sheet,value,0.0,ACTUAL,VNSTOCK_BRONZE
SPC,LATEST,balance_sheet,order,13.0,ACTUAL,VNSTOCK_BRONZE
SPC,LATEST,balance_sheet,level,2.0,ACTUAL,VNSTOCK_BRONZE
SPC,LATEST,balance_sheet,off_balance,0.0,ACTUAL,VNSTOCK_BRONZE
SPC,LATEST,balance_sheet,value,0.0,ACTUAL,VNSTOCK_BRONZE
SPC,LATEST,balance_sheet,order,14.0,ACTUAL,VNSTOCK_BRONZE
SPC,LATEST,balance_sheet,level,2.0,ACTUAL,VNSTOCK_BRONZE
SPC,LATEST,balance_sheet,off_balance,0.0,ACTUAL,VNSTOCK_BRONZE
SPC,LATEST,balance_sheet,value,0.0,ACTUAL,VNSTOCK_BRONZE
SPC,LATEST,balance_sheet,order,15.0,ACTUAL,VNSTOCK_BRONZE
SPC,LATEST,balance_sheet,level,2.0,ACTUAL,VNSTOCK_BRONZE
SPC,LATEST,balance_sheet,off_balance,0.0,ACTUAL,VNSTOCK_BRONZE
SPC,LATEST,balance_sheet,value,6957491239.0,ACTUAL,VNSTOCK_BRONZE
SPC,LATEST,balance_sheet,order,16.0,ACTUAL,VNSTOCK_BRONZE
SPC,LATEST,balance_sheet,level,2.0,ACTUAL,VNSTOCK_BRONZE
SPC,LATEST,balance_sheet,off_balance,0.0,ACTUAL,VNSTOCK_BRONZE
SPC,LATEST,balance_sheet,value,-19435274472.0,ACTUAL,VNSTOCK_BRONZE
SPC,LATEST,balance_sheet,order,17.0,ACTUAL,VNSTOCK_BRONZE
SPC,LATEST,balance_sheet,level,2.0,ACTUAL,VNSTOCK_BRONZE
SPC,LATEST,balance_sheet,off_balance,0.0,ACTUAL,VNSTOCK_BRONZE
SPC,LATEST,balance_sheet,value,0.0,ACTUAL,VNSTOCK_BRONZE
SPC,LATEST,balance_sheet,order,18.0,ACTUAL,VNSTOCK_BRONZE
SPC,LATEST,balance_sheet,level,1.0,ACTUAL,VNSTOCK_BRONZE
SPC,LATEST,balance_sheet,off_balance,0.0,ACTUAL,VNSTOCK_BRONZE
SPC,LATEST,balance_sheet,value,219563700987.0,ACTUAL,VNSTOCK_BRONZE
SPC,LATEST,balance_sheet,order,19.0,ACTUAL,VNSTOCK_BRONZE
SPC,LATEST,balance_sheet,level,2.0,ACTUAL,VNSTOCK_BRONZE
SPC,LATEST,balance_sheet,off_balance,0.0,ACTUAL,VNSTOCK_BRONZE
SPC,LATEST,balance_sheet,value,236162729506.0,ACTUAL,VNSTOCK_BRONZE
SPC,LATEST,balance_sheet,order,20.0,ACTUAL,VNSTOCK_BRONZE
SPC,LATEST,balance_sheet,level,2.0,ACTUAL,VNSTOCK_BRONZE
SPC,LATEST,balance_sheet,off_balance,0.0,ACTUAL,VNSTOCK_BRONZE
SPC,LATEST,balance_sheet,value,-16599028519.0,ACTUAL,VNSTOCK_BRONZE
SPC,LATEST,balance_sheet,order,21.0,ACTUAL,VNSTOCK_BRONZE
SPC,LATEST,balance_sheet,level,1.0,ACTUAL,VNSTOCK_BRONZE
SPC,LATEST,balance_sheet,off_balance,0.0,ACTUAL,VNSTOCK_BRONZE
SPC,LATEST,balance_sheet,value,22871401395.0,ACTUAL,VNSTOCK_BRONZE
SPC,LATEST,balance_sheet,order,22.0,ACTUAL,VNSTOCK_BRONZE
SPC,LATEST,balance_sheet,level,2.0,ACTUAL,VNSTOCK_BRONZE
SPC,LATEST,balance_sheet,off_balance,0.0,ACTUAL,VNSTOCK_BRONZE
SPC,LATEST,balance_sheet,value,1300301089.0,ACTUAL,VNSTOCK_BRONZE
SPC,LATEST,balance_sheet,order,23.0,ACTUAL,VNSTOCK_BRONZE
SPC,LATEST,balance_sheet,level,2.0,ACTUAL,VNSTOCK_BRONZE
SPC,LATEST,balance_sheet,off_balance,0.0,ACTUAL,VNSTOCK_BRONZE
SPC,LATEST,balance_sheet,value,20811539935.0,ACTUAL,VNSTOCK_BRONZE
SPC,LATEST,balance_sheet,order,24.0,ACTUAL,VNSTOCK_BRONZE
SPC,LATEST,balance_sheet,level,2.0,ACTUAL,VNSTOCK_BRONZE
SPC,LATEST,balance_sheet,off_balance,0.0,ACTUAL,VNSTOCK_BRONZE
SPC,LATEST,balance_sheet,value,759560371.0,ACTUAL,VNSTOCK_BRONZE
SPC,LATEST,balance_sheet,order,25.0,ACTUAL,VNSTOCK_BRONZE
SPC,LATEST,balance_sheet,level,2.0,ACTUAL,VNSTOCK_BRONZE
SPC,LATEST,balance_sheet,off_balance,0.0,ACTUAL,VNSTOCK_BRONZE
SPC,LATEST,balance_sheet,value,0.0,ACTUAL,VNSTOCK_BRONZE
SPC,LATEST,balance_sheet,order,26.0,ACTUAL,VNSTOCK_BRONZE
SPC,LATEST,balance_sheet,level,1.0,ACTUAL,VNSTOCK_BRONZE
SPC,LATEST,balance_sheet,off_balance,0.0,ACTUAL,VNSTOCK_BRONZE
SPC,LATEST,balance_sheet,value,57069657905.0,ACTUAL,VNSTOCK_BRONZE
SPC,LATEST,balance_sheet,order,27.0,ACTUAL,VNSTOCK_BRONZE
SPC,LATEST,balance_sheet,level,1.0,ACTUAL,VNSTOCK_BRONZE
SPC,LATEST,balance_sheet,off_balance,0.0,ACTUAL,VNSTOCK_BRONZE
SPC,LATEST,balance_sheet,value,555861914.0,ACTUAL,VNSTOCK_BRONZE
SPC,LATEST,balance_sheet,order,28.0,ACTUAL,VNSTOCK_BRONZE
SPC,LATEST,balance_sheet,level,2.0,ACTUAL,VNSTOCK_BRONZE
SPC,LATEST,balance_sheet,off_balance,0.0,ACTUAL,VNSTOCK_BRONZE
SPC,LATEST,balance_sheet,value,0.0,ACTUAL,VNSTOCK_BRONZE
SPC,LATEST,balance_sheet,order,29.0,ACTUAL,VNSTOCK_BRONZE
SPC,LATEST,balance_sheet,level,2.0,ACTUAL,VNSTOCK_BRONZE
SPC,LATEST,balance_sheet,off_balance,0.0,ACTUAL,VNSTOCK_BRONZE
SPC,LATEST,balance_sheet,value,0.0,ACTUAL,VNSTOCK_BRONZE
SPC,LATEST,balance_sheet,order,30.0,ACTUAL,VNSTOCK_BRONZE
SPC,LATEST,balance_sheet,level,2.0,ACTUAL,VNSTOCK_BRONZE
SPC,LATEST,balance_sheet,off_balance,0.0,ACTUAL,VNSTOCK_BRONZE
SPC,LATEST,balance_sheet,value,0.0,ACTUAL,VNSTOCK_BRONZE
SPC,LATEST,balance_sheet,order,31.0,ACTUAL,VNSTOCK_BRONZE
SPC,LATEST,balance_sheet,level,2.0,ACTUAL,VNSTOCK_BRONZE
SPC,LATEST,balance_sheet,off_balance,0.0,ACTUAL,VNSTOCK_BRONZE
SPC,LATEST,balance_sheet,value,0.0,ACTUAL,VNSTOCK_BRONZE
SPC,LATEST,balance_sheet,order,32.0,ACTUAL,VNSTOCK_BRONZE
SPC,LATEST,balance_sheet,level,2.0,ACTUAL,VNSTOCK_BRONZE
SPC,LATEST,balance_sheet,off_balance,0.0,ACTUAL,VNSTOCK_BRONZE
SPC,LATEST,balance_sheet,value,555861914.0,ACTUAL,VNSTOCK_BRONZE
SPC,LATEST,balance_sheet,order,33.0,ACTUAL,VNSTOCK_BRONZE
SPC,LATEST,balance_sheet,level,2.0,ACTUAL,VNSTOCK_BRONZE
SPC,LATEST,balance_sheet,off_balance,0.0,ACTUAL,VNSTOCK_BRONZE
SPC,LATEST,balance_sheet,value,-0.0,ACTUAL,VNSTOCK_BRONZE
SPC,LATEST,balance_sheet,order,34.0,ACTUAL,VNSTOCK_BRONZE
SPC,LATEST,balance_sheet,level,1.0,ACTUAL,VNSTOCK_BRONZE
SPC,LATEST,balance_sheet,off_balance,0.0,ACTUAL,VNSTOCK_BRONZE
SPC,LATEST,balance_sheet,value,25727563078.0,ACTUAL,VNSTOCK_BRONZE
SPC,LATEST,balance_sheet,order,35.0,ACTUAL,VNSTOCK_BRONZE
SPC,LATEST,balance_sheet,level,2.0,ACTUAL,VNSTOCK_BRONZE
SPC,LATEST,balance_sheet,off_balance,0.0,ACTUAL,VNSTOCK_BRONZE
SPC,LATEST,balance_sheet,value,20158135094.0,ACTUAL,VNSTOCK_BRONZE
SPC,LATEST,balance_sheet,order,36.0,ACTUAL,VNSTOCK_BRONZE
SPC,LATEST,balance_sheet,level,3.0,ACTUAL,VNSTOCK_BRONZE
SPC,LATEST,balance_sheet,off_balance,0.0,ACTUAL,VNSTOCK_BRONZE
SPC,LATEST,balance_sheet,value,147750905981.0,ACTUAL,VNSTOCK_BRONZE
SPC,LATEST,balance_sheet,order,37.0,ACTUAL,VNSTOCK_BRONZE
SPC,LATEST,balance_sheet,level,3.0,ACTUAL,VNSTOCK_BRONZE
SPC,LATEST,balance_sheet,off_balance,0.0,ACTUAL,VNSTOCK_BRONZE
SPC,LATEST,balance_sheet,value,-127592770887.0,ACTUAL,VNSTOCK_BRONZE
SPC,LATEST,balance_sheet,order,38.0,ACTUAL,VNSTOCK_BRONZE
SPC,LATEST,balance_sheet,level,2.0,ACTUAL,VNSTOCK_BRONZE
SPC,LATEST,balance_sheet,off_balance,0.0,ACTUAL,VNSTOCK_BRONZE
SPC,LATEST,balance_sheet,value,1032707738.0,ACTUAL,VNSTOCK_BRONZE
SPC,LATEST,balance_sheet,order,39.0,ACTUAL,VNSTOCK_BRONZE
SPC,LATEST,balance_sheet,level,3.0,ACTUAL,VNSTOCK_BRONZE
SPC,LATEST,balance_sheet,off_balance,0.0,ACTUAL,VNSTOCK_BRONZE
SPC,LATEST,balance_sheet,value,2974198190.0,ACTUAL,VNSTOCK_BRONZE
SPC,LATEST,balance_sheet,order,40.0,ACTUAL,VNSTOCK_BRONZE
SPC,LATEST,balance_sheet,level,3.0,ACTUAL,VNSTOCK_BRONZE
SPC,LATEST,balance_sheet,off_balance,0.0,ACTUAL,VNSTOCK_BRONZE
SPC,LATEST,balance_sheet,value,-1941490452.0,ACTUAL,VNSTOCK_BRONZE
SPC,LATEST,balance_sheet,order,41.0,ACTUAL,VNSTOCK_BRONZE
SPC,LATEST,balance_sheet,level,2.0,ACTUAL,VNSTOCK_BRONZE
SPC,LATEST,balance_sheet,off_balance,0.0,ACTUAL,VNSTOCK_BRONZE
SPC,LATEST,balance_sheet,value,4536720246.0,ACTUAL,VNSTOCK_BRONZE
SPC,LATEST,balance_sheet,order,42.0,ACTUAL,VNSTOCK_BRONZE
SPC,LATEST,balance_sheet,level,3.0,ACTUAL,VNSTOCK_BRONZE
SPC,LATEST,balance_sheet,off_balance,0.0,ACTUAL,VNSTOCK_BRONZE
SPC,LATEST,balance_sheet,value,9261423802.0,ACTUAL,VNSTOCK_BRONZE
SPC,LATEST,balance_sheet,order,43.0,ACTUAL,VNSTOCK_BRONZE
SPC,LATEST,balance_sheet,level,3.0,ACTUAL,VNSTOCK_BRONZE
SPC,LATEST,balance_sheet,off_balance,0.0,ACTUAL,VNSTOCK_BRONZE
SPC,LATEST,balance_sheet,value,-4724703556.0,ACTUAL,VNSTOCK_BRONZE
SPC,LATEST,balance_sheet,order,44.0,ACTUAL,VNSTOCK_BRONZE
SPC,LATEST,balance_sheet,level,1.0,ACTUAL,VNSTOCK_BRONZE
SPC,LATEST,balance_sheet,off_balance,0.0,ACTUAL,VNSTOCK_BRONZE
SPC,LATEST,balance_sheet,value,113564475.0,ACTUAL,VNSTOCK_BRONZE
SPC,LATEST,balance_sheet,order,45.0,ACTUAL,VNSTOCK_BRONZE
SPC,LATEST,balance_sheet,level,2.0,ACTUAL,VNSTOCK_BRONZE
SPC,LATEST,balance_sheet,off_balance,0.0,ACTUAL,VNSTOCK_BRONZE
SPC,LATEST,balance_sheet,value,1992858848.0,ACTUAL,VNSTOCK_BRONZE
SPC,LATEST,balance_sheet,order,46.0,ACTUAL,VNSTOCK_BRONZE
SPC,LATEST,balance_sheet,level,2.0,ACTUAL,VNSTOCK_BRONZE
SPC,LATEST,balance_sheet,off_balance,0.0,ACTUAL,VNSTOCK_BRONZE
SPC,LATEST,balance_sheet,value,-1879294373.0,ACTUAL,VNSTOCK_BRONZE
SPC,LATEST,balance_sheet,order,47.0,ACTUAL,VNSTOCK_BRONZE
SPC,LATEST,balance_sheet,level,1.0,ACTUAL,VNSTOCK_BRONZE
SPC,LATEST,balance_sheet,off_balance,0.0,ACTUAL,VNSTOCK_BRONZE
SPC,LATEST,balance_sheet,value,4403352082.0,ACTUAL,VNSTOCK_BRONZE
SPC,LATEST,balance_sheet,order,48.0,ACTUAL,VNSTOCK_BRONZE
SPC,LATEST,balance_sheet,level,2.0,ACTUAL,VNSTOCK_BRONZE
SPC,LATEST,balance_sheet,off_balance,0.0,ACTUAL,VNSTOCK_BRONZE
SPC,LATEST,balance_sheet,value,0.0,ACTUAL,VNSTOCK_BRONZE
SPC,LATEST,balance_sheet,order,49.0,ACTUAL,VNSTOCK_BRONZE
SPC,LATEST,balance_sheet,level,2.0,ACTUAL,VNSTOCK_BRONZE
SPC,LATEST,balance_sheet,off_balance,0.0,ACTUAL,VNSTOCK_BRONZE
SPC,LATEST,balance_sheet,value,4403352082.0,ACTUAL,VNSTOCK_BRONZE
SPC,LATEST,balance_sheet,order,50.0,ACTUAL,VNSTOCK_BRONZE
SPC,LATEST,balance_sheet,level,1.0,ACTUAL,VNSTOCK_BRONZE
SPC,LATEST,balance_sheet,off_balance,0.0,ACTUAL,VNSTOCK_BRONZE
SPC,LATEST,balance_sheet,value,0.0,ACTUAL,VNSTOCK_BRONZE
SPC,LATEST,balance_sheet,order,51.0,ACTUAL,VNSTOCK_BRONZE
SPC,LATEST,balance_sheet,level,2.0,ACTUAL,VNSTOCK_BRONZE
SPC,LATEST,balance_sheet,off_balance,0.0,ACTUAL,VNSTOCK_BRONZE
SPC,LATEST,balance_sheet,value,0.0,ACTUAL,VNSTOCK_BRONZE
SPC,LATEST,balance_sheet,order,52.0,ACTUAL,VNSTOCK_BRONZE
SPC,LATEST,balance_sheet,level,2.0,ACTUAL,VNSTOCK_BRONZE
SPC,LATEST,balance_sheet,off_balance,0.0,ACTUAL,VNSTOCK_BRONZE
SPC,LATEST,balance_sheet,value,0.0,ACTUAL,VNSTOCK_BRONZE
SPC,LATEST,balance_sheet,order,53.0,ACTUAL,VNSTOCK_BRONZE
SPC,LATEST,balance_sheet,level,2.0,ACTUAL,VNSTOCK_BRONZE
SPC,LATEST,balance_sheet,off_balance,0.0,ACTUAL,VNSTOCK_BRONZE
SPC,LATEST,balance_sheet,value,0.0,ACTUAL,VNSTOCK_BRONZE
SPC,LATEST,balance_sheet,order,54.0,ACTUAL,VNSTOCK_BRONZE
SPC,LATEST,balance_sheet,level,2.0,ACTUAL,VNSTOCK_BRONZE
SPC,LATEST,balance_sheet,off_balance,0.0,ACTUAL,VNSTOCK_BRONZE
SPC,LATEST,balance_sheet,value,0.0,ACTUAL,VNSTOCK_BRONZE
SPC,LATEST,balance_sheet,order,55.0,ACTUAL,VNSTOCK_BRONZE
SPC,LATEST,balance_sheet,level,2.0,ACTUAL,VNSTOCK_BRONZE
SPC,LATEST,balance_sheet,off_balance,0.0,ACTUAL,VNSTOCK_BRONZE
SPC,LATEST,balance_sheet,value,0.0,ACTUAL,VNSTOCK_BRONZE
SPC,LATEST,balance_sheet,order,56.0,ACTUAL,VNSTOCK_BRONZE
SPC,LATEST,balance_sheet,level,1.0,ACTUAL,VNSTOCK_BRONZE
SPC,LATEST,balance_sheet,off_balance,0.0,ACTUAL,VNSTOCK_BRONZE
SPC,LATEST,balance_sheet,value,26269316356.0,ACTUAL,VNSTOCK_BRONZE
SPC,LATEST,balance_sheet,order,57.0,ACTUAL,VNSTOCK_BRONZE
SPC,LATEST,balance_sheet,level,2.0,ACTUAL,VNSTOCK_BRONZE
SPC,LATEST,balance_sheet,off_balance,0.0,ACTUAL,VNSTOCK_BRONZE
SPC,LATEST,balance_sheet,value,0.0,ACTUAL,VNSTOCK_BRONZE
SPC,LATEST,balance_sheet,order,58.0,ACTUAL,VNSTOCK_BRONZE
SPC,LATEST,balance_sheet,level,2.0,ACTUAL,VNSTOCK_BRONZE
SPC,LATEST,balance_sheet,off_balance,0.0,ACTUAL,VNSTOCK_BRONZE
SPC,LATEST,balance_sheet,value,14296552357.0,ACTUAL,VNSTOCK_BRONZE
SPC,LATEST,balance_sheet,order,59.0,ACTUAL,VNSTOCK_BRONZE
SPC,LATEST,balance_sheet,level,2.0,ACTUAL,VNSTOCK_BRONZE
SPC,LATEST,balance_sheet,off_balance,0.0,ACTUAL,VNSTOCK_BRONZE
SPC,LATEST,balance_sheet,value,11972763999.0,ACTUAL,VNSTOCK_BRONZE
SPC,LATEST,balance_sheet,order,60.0,ACTUAL,VNSTOCK_BRONZE
SPC,LATEST,balance_sheet,level,2.0,ACTUAL,VNSTOCK_BRONZE
SPC,LATEST,balance_sheet,off_balance,0.0,ACTUAL,VNSTOCK_BRONZE
SPC,LATEST,balance_sheet,value,0.0,ACTUAL,VNSTOCK_BRONZE
SPC,LATEST,balance_sheet,order,61.0,ACTUAL,VNSTOCK_BRONZE
SPC,LATEST,balance_sheet,level,2.0,ACTUAL,VNSTOCK_BRONZE
SPC,LATEST,balance_sheet,off_balance,0.0,ACTUAL,VNSTOCK_BRONZE
SPC,LATEST,balance_sheet,value,0.0,ACTUAL,VNSTOCK_BRONZE
SPC,LATEST,balance_sheet,order,62.0,ACTUAL,VNSTOCK_BRONZE
SPC,LATEST,balance_sheet,level,2.0,ACTUAL,VNSTOCK_BRONZE
SPC,LATEST,balance_sheet,off_balance,0.0,ACTUAL,VNSTOCK_BRONZE
SPC,LATEST,balance_sheet,value,0.0,ACTUAL,VNSTOCK_BRONZE
SPC,LATEST,balance_sheet,order,63.0,ACTUAL,VNSTOCK_BRONZE
SPC,LATEST,balance_sheet,level,1.0,ACTUAL,VNSTOCK_BRONZE
SPC,LATEST,balance_sheet,off_balance,0.0,ACTUAL,VNSTOCK_BRONZE
SPC,LATEST,balance_sheet,value,441546979135.0,ACTUAL,VNSTOCK_BRONZE
SPC,LATEST,balance_sheet,order,64.0,ACTUAL,VNSTOCK_BRONZE
SPC,LATEST,balance_sheet,level,1.0,ACTUAL,VNSTOCK_BRONZE
SPC,LATEST,balance_sheet,off_balance,0.0,ACTUAL,VNSTOCK_BRONZE
SPC,LATEST,balance_sheet,value,312114091644.0,ACTUAL,VNSTOCK_BRONZE
SPC,LATEST,balance_sheet,order,65.0,ACTUAL,VNSTOCK_BRONZE
SPC,LATEST,balance_sheet,level,1.0,ACTUAL,VNSTOCK_BRONZE
SPC,LATEST,balance_sheet,off_balance,0.0,ACTUAL,VNSTOCK_BRONZE
SPC,LATEST,balance_sheet,value,305584627846.0,ACTUAL,VNSTOCK_BRONZE
SPC,LATEST,balance_sheet,order,66.0,ACTUAL,VNSTOCK_BRONZE
SPC,LATEST,balance_sheet,level,2.0,ACTUAL,VNSTOCK_BRONZE
SPC,LATEST,balance_sheet,off_balance,0.0,ACTUAL,VNSTOCK_BRONZE
SPC,LATEST,balance_sheet,value,0.0,ACTUAL,VNSTOCK_BRONZE
SPC,LATEST,balance_sheet,order,67.0,ACTUAL,VNSTOCK_BRONZE
SPC,LATEST,balance_sheet,level,2.0,ACTUAL,VNSTOCK_BRONZE
SPC,LATEST,balance_sheet,off_balance,0.0,ACTUAL,VNSTOCK_BRONZE
SPC,LATEST,balance_sheet,value,0.0,ACTUAL,VNSTOCK_BRONZE
SPC,LATEST,balance_sheet,order,68.0,ACTUAL,VNSTOCK_BRONZE
SPC,LATEST,balance_sheet,level,2.0,ACTUAL,VNSTOCK_BRONZE
SPC,LATEST,balance_sheet,off_balance,0.0,ACTUAL,VNSTOCK_BRONZE
SPC,LATEST,balance_sheet,value,0.0,ACTUAL,VNSTOCK_BRONZE
SPC,LATEST,balance_sheet,order,69.0,ACTUAL,VNSTOCK_BRONZE
SPC,LATEST,balance_sheet,level,2.0,ACTUAL,VNSTOCK_BRONZE
SPC,LATEST,balance_sheet,off_balance,0.0,ACTUAL,VNSTOCK_BRONZE
SPC,LATEST,balance_sheet,value,145197794051.0,ACTUAL,VNSTOCK_BRONZE
SPC,LATEST,balance_sheet,order,70.0,ACTUAL,VNSTOCK_BRONZE
SPC,LATEST,balance_sheet,level,2.0,ACTUAL,VNSTOCK_BRONZE
SPC,LATEST,balance_sheet,off_balance,0.0,ACTUAL,VNSTOCK_BRONZE
SPC,LATEST,balance_sheet,value,452743439.0,ACTUAL,VNSTOCK_BRONZE
SPC,LATEST,balance_sheet,order,71.0,ACTUAL,VNSTOCK_BRONZE
SPC,LATEST,balance_sheet,level,2.0,ACTUAL,VNSTOCK_BRONZE
SPC,LATEST,balance_sheet,off_balance,0.0,ACTUAL,VNSTOCK_BRONZE
SPC,LATEST,balance_sheet,value,2428519475.0,ACTUAL,VNSTOCK_BRONZE
SPC,LATEST,balance_sheet,order,72.0,ACTUAL,VNSTOCK_BRONZE
SPC,LATEST,balance_sheet,level,2.0,ACTUAL,VNSTOCK_BRONZE
SPC,LATEST,balance_sheet,off_balance,0.0,ACTUAL,VNSTOCK_BRONZE
SPC,LATEST,balance_sheet,value,8347732790.0,ACTUAL,VNSTOCK_BRONZE
SPC,LATEST,balance_sheet,order,73.0,ACTUAL,VNSTOCK_BRONZE
SPC,LATEST,balance_sheet,level,2.0,ACTUAL,VNSTOCK_BRONZE
SPC,LATEST,balance_sheet,off_balance,0.0,ACTUAL,VNSTOCK_BRONZE
SPC,LATEST,balance_sheet,value,7029924028.0,ACTUAL,VNSTOCK_BRONZE
SPC,LATEST,balance_sheet,order,74.0,ACTUAL,VNSTOCK_BRONZE
SPC,LATEST,balance_sheet,level,2.0,ACTUAL,VNSTOCK_BRONZE
SPC,LATEST,balance_sheet,off_balance,0.0,ACTUAL,VNSTOCK_BRONZE
SPC,LATEST,balance_sheet,value,0.0,ACTUAL,VNSTOCK_BRONZE
SPC,LATEST,balance_sheet,order,75.0,ACTUAL,VNSTOCK_BRONZE
SPC,LATEST,balance_sheet,level,2.0,ACTUAL,VNSTOCK_BRONZE
SPC,LATEST,balance_sheet,off_balance,0.0,ACTUAL,VNSTOCK_BRONZE
SPC,LATEST,balance_sheet,value,14934313.0,ACTUAL,VNSTOCK_BRONZE
SPC,LATEST,balance_sheet,order,76.0,ACTUAL,VNSTOCK_BRONZE
SPC,LATEST,balance_sheet,level,2.0,ACTUAL,VNSTOCK_BRONZE
SPC,LATEST,balance_sheet,off_balance,0.0,ACTUAL,VNSTOCK_BRONZE
SPC,LATEST,balance_sheet,value,13972375197.0,ACTUAL,VNSTOCK_BRONZE
SPC,LATEST,balance_sheet,order,77.0,ACTUAL,VNSTOCK_BRONZE
SPC,LATEST,balance_sheet,level,2.0,ACTUAL,VNSTOCK_BRONZE
SPC,LATEST,balance_sheet,off_balance,0.0,ACTUAL,VNSTOCK_BRONZE
SPC,LATEST,balance_sheet,value,128007769329.0,ACTUAL,VNSTOCK_BRONZE
SPC,LATEST,balance_sheet,order,78.0,ACTUAL,VNSTOCK_BRONZE
SPC,LATEST,balance_sheet,level,2.0,ACTUAL,VNSTOCK_BRONZE
SPC,LATEST,balance_sheet,off_balance,0.0,ACTUAL,VNSTOCK_BRONZE
SPC,LATEST,balance_sheet,value,0.0,ACTUAL,VNSTOCK_BRONZE
SPC,LATEST,balance_sheet,order,79.0,ACTUAL,VNSTOCK_BRONZE
SPC,LATEST,balance_sheet,level,2.0,ACTUAL,VNSTOCK_BRONZE
SPC,LATEST,balance_sheet,off_balance,0.0,ACTUAL,VNSTOCK_BRONZE
SPC,LATEST,balance_sheet,value,132835224.0,ACTUAL,VNSTOCK_BRONZE
SPC,LATEST,balance_sheet,order,80.0,ACTUAL,VNSTOCK_BRONZE
SPC,LATEST,balance_sheet,level,2.0,ACTUAL,VNSTOCK_BRONZE
SPC,LATEST,balance_sheet,off_balance,0.0,ACTUAL,VNSTOCK_BRONZE
SPC,LATEST,balance_sheet,value,0.0,ACTUAL,VNSTOCK_BRONZE
SPC,LATEST,balance_sheet,order,81.0,ACTUAL,VNSTOCK_BRONZE
SPC,LATEST,balance_sheet,level,2.0,ACTUAL,VNSTOCK_BRONZE
SPC,LATEST,balance_sheet,off_balance,0.0,ACTUAL,VNSTOCK_BRONZE
SPC,LATEST,balance_sheet,value,0.0,ACTUAL,VNSTOCK_BRONZE
SPC,LATEST,balance_sheet,order,82.0,ACTUAL,VNSTOCK_BRONZE
SPC,LATEST,balance_sheet,level,1.0,ACTUAL,VNSTOCK_BRONZE
SPC,LATEST,balance_sheet,off_balance,0.0,ACTUAL,VNSTOCK_BRONZE
SPC,LATEST,balance_sheet,value,6529463798.0,ACTUAL,VNSTOCK_BRONZE
SPC,LATEST,balance_sheet,order,83.0,ACTUAL,VNSTOCK_BRONZE
SPC,LATEST,balance_sheet,level,2.0,ACTUAL,VNSTOCK_BRONZE
SPC,LATEST,balance_sheet,off_balance,0.0,ACTUAL,VNSTOCK_BRONZE
SPC,LATEST,balance_sheet,value,0.0,ACTUAL,VNSTOCK_BRONZE
SPC,LATEST,balance_sheet,order,84.0,ACTUAL,VNSTOCK_BRONZE
SPC,LATEST,balance_sheet,level,2.0,ACTUAL,VNSTOCK_BRONZE
SPC,LATEST,balance_sheet,off_balance,0.0,ACTUAL,VNSTOCK_BRONZE
SPC,LATEST,balance_sheet,order,85.0,ACTUAL,VNSTOCK_BRONZE
SPC,LATEST,balance_sheet,level,2.0,ACTUAL,VNSTOCK_BRONZE
SPC,LATEST,balance_sheet,off_balance,0.0,ACTUAL,VNSTOCK_BRONZE
SPC,LATEST,balance_sheet,value,0.0,ACTUAL,VNSTOCK_BRONZE
SPC,LATEST,balance_sheet,order,86.0,ACTUAL,VNSTOCK_BRONZE
SPC,LATEST,balance_sheet,level,2.0,ACTUAL,VNSTOCK_BRONZE
SPC,LATEST,balance_sheet,off_balance,0.0,ACTUAL,VNSTOCK_BRONZE
SPC,LATEST,balance_sheet,value,0.0,ACTUAL,VNSTOCK_BRONZE
SPC,LATEST,balance_sheet,order,87.0,ACTUAL,VNSTOCK_BRONZE
SPC,LATEST,balance_sheet,level,2.0,ACTUAL,VNSTOCK_BRONZE
SPC,LATEST,balance_sheet,off_balance,0.0,ACTUAL,VNSTOCK_BRONZE
SPC,LATEST,balance_sheet,value,0.0,ACTUAL,VNSTOCK_BRONZE
SPC,LATEST,balance_sheet,order,88.0,ACTUAL,VNSTOCK_BRONZE
SPC,LATEST,balance_sheet,level,2.0,ACTUAL,VNSTOCK_BRONZE
SPC,LATEST,balance_sheet,off_balance,0.0,ACTUAL,VNSTOCK_BRONZE
SPC,LATEST,balance_sheet,value,0.0,ACTUAL,VNSTOCK_BRONZE
SPC,LATEST,balance_sheet,order,89.0,ACTUAL,VNSTOCK_BRONZE
SPC,LATEST,balance_sheet,level,2.0,ACTUAL,VNSTOCK_BRONZE
SPC,LATEST,balance_sheet,off_balance,0.0,ACTUAL,VNSTOCK_BRONZE
SPC,LATEST,balance_sheet,value,0.0,ACTUAL,VNSTOCK_BRONZE
SPC,LATEST,balance_sheet,order,90.0,ACTUAL,VNSTOCK_BRONZE
SPC,LATEST,balance_sheet,level,2.0,ACTUAL,VNSTOCK_BRONZE
SPC,LATEST,balance_sheet,off_balance,0.0,ACTUAL,VNSTOCK_BRONZE
SPC,LATEST,balance_sheet,value,1361854000.0,ACTUAL,VNSTOCK_BRONZE
SPC,LATEST,balance_sheet,order,91.0,ACTUAL,VNSTOCK_BRONZE
SPC,LATEST,balance_sheet,level,2.0,ACTUAL,VNSTOCK_BRONZE
SPC,LATEST,balance_sheet,off_balance,0.0,ACTUAL,VNSTOCK_BRONZE
SPC,LATEST,balance_sheet,value,154315000.0,ACTUAL,VNSTOCK_BRONZE
SPC,LATEST,balance_sheet,order,92.0,ACTUAL,VNSTOCK_BRONZE
SPC,LATEST,balance_sheet,level,2.0,ACTUAL,VNSTOCK_BRONZE
SPC,LATEST,balance_sheet,off_balance,0.0,ACTUAL,VNSTOCK_BRONZE
SPC,LATEST,balance_sheet,value,0.0,ACTUAL,VNSTOCK_BRONZE
SPC,LATEST,balance_sheet,order,93.0,ACTUAL,VNSTOCK_BRONZE
SPC,LATEST,balance_sheet,level,2.0,ACTUAL,VNSTOCK_BRONZE
SPC,LATEST,balance_sheet,off_balance,0.0,ACTUAL,VNSTOCK_BRONZE
SPC,LATEST,balance_sheet,value,5013294798.0,ACTUAL,VNSTOCK_BRONZE
SPC,LATEST,balance_sheet,order,94.0,ACTUAL,VNSTOCK_BRONZE
SPC,LATEST,balance_sheet,level,2.0,ACTUAL,VNSTOCK_BRONZE
SPC,LATEST,balance_sheet,off_balance,0.0,ACTUAL,VNSTOCK_BRONZE
SPC,LATEST,balance_sheet,value,0.0,ACTUAL,VNSTOCK_BRONZE
SPC,LATEST,balance_sheet,order,95.0,ACTUAL,VNSTOCK_BRONZE
SPC,LATEST,balance_sheet,level,2.0,ACTUAL,VNSTOCK_BRONZE
SPC,LATEST,balance_sheet,off_balance,0.0,ACTUAL,VNSTOCK_BRONZE
SPC,LATEST,balance_sheet,value,0.0,ACTUAL,VNSTOCK_BRONZE
SPC,LATEST,balance_sheet,order,96.0,ACTUAL,VNSTOCK_BRONZE
SPC,LATEST,balance_sheet,level,1.0,ACTUAL,VNSTOCK_BRONZE
SPC,LATEST,balance_sheet,off_balance,0.0,ACTUAL,VNSTOCK_BRONZE
SPC,LATEST,balance_sheet,value,129432887491.0,ACTUAL,VNSTOCK_BRONZE
SPC,LATEST,balance_sheet,order,97.0,ACTUAL,VNSTOCK_BRONZE
SPC,LATEST,balance_sheet,level,1.0,ACTUAL,VNSTOCK_BRONZE
SPC,LATEST,balance_sheet,off_balance,0.0,ACTUAL,VNSTOCK_BRONZE
SPC,LATEST,balance_sheet,value,129432887491.0,ACTUAL,VNSTOCK_BRONZE
SPC,LATEST,balance_sheet,order,98.0,ACTUAL,VNSTOCK_BRONZE
SPC,LATEST,balance_sheet,level,2.0,ACTUAL,VNSTOCK_BRONZE
SPC,LATEST,balance_sheet,off_balance,0.0,ACTUAL,VNSTOCK_BRONZE
SPC,LATEST,balance_sheet,value,0.0,ACTUAL,VNSTOCK_BRONZE
SPC,LATEST,balance_sheet,order,99.0,ACTUAL,VNSTOCK_BRONZE
SPC,LATEST,balance_sheet,level,2.0,ACTUAL,VNSTOCK_BRONZE
SPC,LATEST,balance_sheet,off_balance,0.0,ACTUAL,VNSTOCK_BRONZE
SPC,LATEST,balance_sheet,value,0.0,ACTUAL,VNSTOCK_BRONZE
SPC,LATEST,balance_sheet,order,100.0,ACTUAL,VNSTOCK_BRONZE
SPC,LATEST,balance_sheet,level,2.0,ACTUAL,VNSTOCK_BRONZE
SPC,LATEST,balance_sheet,off_balance,0.0,ACTUAL,VNSTOCK_BRONZE
SPC,LATEST,balance_sheet,value,0.0,ACTUAL,VNSTOCK_BRONZE
SPC,LATEST,balance_sheet,order,101.0,ACTUAL,VNSTOCK_BRONZE
SPC,LATEST,balance_sheet,level,2.0,ACTUAL,VNSTOCK_BRONZE
SPC,LATEST,balance_sheet,off_balance,0.0,ACTUAL,VNSTOCK_BRONZE
SPC,LATEST,balance_sheet,value,0.0,ACTUAL,VNSTOCK_BRONZE
SPC,LATEST,balance_sheet,order,102.0,ACTUAL,VNSTOCK_BRONZE
SPC,LATEST,balance_sheet,level,2.0,ACTUAL,VNSTOCK_BRONZE
SPC,LATEST,balance_sheet,off_balance,0.0,ACTUAL,VNSTOCK_BRONZE
SPC,LATEST,balance_sheet,value,105300000000.0,ACTUAL,VNSTOCK_BRONZE
SPC,LATEST,balance_sheet,order,103.0,ACTUAL,VNSTOCK_BRONZE
SPC,LATEST,balance_sheet,level,3.0,ACTUAL,VNSTOCK_BRONZE
SPC,LATEST,balance_sheet,off_balance,0.0,ACTUAL,VNSTOCK_BRONZE
SPC,LATEST,balance_sheet,value,105300000000.0,ACTUAL,VNSTOCK_BRONZE
SPC,LATEST,balance_sheet,order,104.0,ACTUAL,VNSTOCK_BRONZE
SPC,LATEST,balance_sheet,level,2.0,ACTUAL,VNSTOCK_BRONZE
SPC,LATEST,balance_sheet,off_balance,0.0,ACTUAL,VNSTOCK_BRONZE
SPC,LATEST,balance_sheet,value,782715818.0,ACTUAL,VNSTOCK_BRONZE
SPC,LATEST,balance_sheet,order,105.0,ACTUAL,VNSTOCK_BRONZE
SPC,LATEST,balance_sheet,level,2.0,ACTUAL,VNSTOCK_BRONZE
SPC,LATEST,balance_sheet,off_balance,0.0,ACTUAL,VNSTOCK_BRONZE
SPC,LATEST,balance_sheet,value,0.0,ACTUAL,VNSTOCK_BRONZE
SPC,LATEST,balance_sheet,order,106.0,ACTUAL,VNSTOCK_BRONZE
SPC,LATEST,balance_sheet,level,2.0,ACTUAL,VNSTOCK_BRONZE
SPC,LATEST,balance_sheet,off_balance,0.0,ACTUAL,VNSTOCK_BRONZE
SPC,LATEST,balance_sheet,value,0.0,ACTUAL,VNSTOCK_BRONZE
SPC,LATEST,balance_sheet,order,107.0,ACTUAL,VNSTOCK_BRONZE
SPC,LATEST,balance_sheet,level,2.0,ACTUAL,VNSTOCK_BRONZE
SPC,LATEST,balance_sheet,off_balance,0.0,ACTUAL,VNSTOCK_BRONZE
SPC,LATEST,balance_sheet,value,0.0,ACTUAL,VNSTOCK_BRONZE
SPC,LATEST,balance_sheet,order,108.0,ACTUAL,VNSTOCK_BRONZE
SPC,LATEST,balance_sheet,level,2.0,ACTUAL,VNSTOCK_BRONZE
SPC,LATEST,balance_sheet,off_balance,0.0,ACTUAL,VNSTOCK_BRONZE
SPC,LATEST,balance_sheet,value,14967019382.0,ACTUAL,VNSTOCK_BRONZE
SPC,LATEST,balance_sheet,order,109.0,ACTUAL,VNSTOCK_BRONZE
SPC,LATEST,balance_sheet,level,2.0,ACTUAL,VNSTOCK_BRONZE
SPC,LATEST,balance_sheet,off_balance,0.0,ACTUAL,VNSTOCK_BRONZE
SPC,LATEST,balance_sheet,value,62557331487.0,ACTUAL,VNSTOCK_BRONZE
SPC,LATEST,balance_sheet,order,110.0,ACTUAL,VNSTOCK_BRONZE
SPC,LATEST,balance_sheet,level,2.0,ACTUAL,VNSTOCK_BRONZE
SPC,LATEST,balance_sheet,off_balance,0.0,ACTUAL,VNSTOCK_BRONZE
SPC,LATEST,balance_sheet,value,0.0,ACTUAL,VNSTOCK_BRONZE
SPC,LATEST,balance_sheet,order,111.0,ACTUAL,VNSTOCK_BRONZE
SPC,LATEST,balance_sheet,level,2.0,ACTUAL,VNSTOCK_BRONZE
SPC,LATEST,balance_sheet,off_balance,0.0,ACTUAL,VNSTOCK_BRONZE
SPC,LATEST,balance_sheet,value,0.0,ACTUAL,VNSTOCK_BRONZE
SPC,LATEST,balance_sheet,order,112.0,ACTUAL,VNSTOCK_BRONZE
SPC,LATEST,balance_sheet,level,2.0,ACTUAL,VNSTOCK_BRONZE
SPC,LATEST,balance_sheet,off_balance,0.0,ACTUAL,VNSTOCK_BRONZE
SPC,LATEST,balance_sheet,value,-63907494142.0,ACTUAL,VNSTOCK_BRONZE
SPC,LATEST,balance_sheet,order,113.0,ACTUAL,VNSTOCK_BRONZE
SPC,LATEST,balance_sheet,level,3.0,ACTUAL,VNSTOCK_BRONZE
SPC,LATEST,balance_sheet,off_balance,0.0,ACTUAL,VNSTOCK_BRONZE
SPC,LATEST,balance_sheet,value,-71449495589.0,ACTUAL,VNSTOCK_BRONZE
SPC,LATEST,balance_sheet,order,114.0,ACTUAL,VNSTOCK_BRONZE
SPC,LATEST,balance_sheet,level,3.0,ACTUAL,VNSTOCK_BRONZE
SPC,LATEST,balance_sheet,off_balance,0.0,ACTUAL,VNSTOCK_BRONZE
SPC,LATEST,balance_sheet,value,7542001447.0,ACTUAL,VNSTOCK_BRONZE
SPC,LATEST,balance_sheet,order,115.0,ACTUAL,VNSTOCK_BRONZE
SPC,LATEST,balance_sheet,level,2.0,ACTUAL,VNSTOCK_BRONZE
SPC,LATEST,balance_sheet,off_balance,0.0,ACTUAL,VNSTOCK_BRONZE
SPC,LATEST,balance_sheet,value,9733314946.0,ACTUAL,VNSTOCK_BRONZE
SPC,LATEST,balance_sheet,order,116.0,ACTUAL,VNSTOCK_BRONZE
SPC,LATEST,balance_sheet,level,1.0,ACTUAL,VNSTOCK_BRONZE
SPC,LATEST,balance_sheet,off_balance,0.0,ACTUAL,VNSTOCK_BRONZE
SPC,LATEST,balance_sheet,value,0.0,ACTUAL,VNSTOCK_BRONZE
SPC,LATEST,balance_sheet,order,117.0,ACTUAL,VNSTOCK_BRONZE
SPC,LATEST,balance_sheet,level,2.0,ACTUAL,VNSTOCK_BRONZE
SPC,LATEST,balance_sheet,off_balance,0.0,ACTUAL,VNSTOCK_BRONZE
SPC,LATEST,balance_sheet,value,0.0,ACTUAL,VNSTOCK_BRONZE
SPC,LATEST,balance_sheet,order,118.0,ACTUAL,VNSTOCK_BRONZE
SPC,LATEST,balance_sheet,level,1.0,ACTUAL,VNSTOCK_BRONZE
SPC,LATEST,balance_sheet,off_balance,0.0,ACTUAL,VNSTOCK_BRONZE
SPC,LATEST,balance_sheet,value,441546979135.0,ACTUAL,VNSTOCK_BRONZE
SPC,LATEST,balance_sheet,order,1.0,ACTUAL,VNSTOCK_BRONZE
SPC,LATEST,balance_sheet,level,1.0,ACTUAL,VNSTOCK_BRONZE
SPC,LATEST,balance_sheet,off_balance,0.0,ACTUAL,VNSTOCK_BRONZE
SPC,LATEST,balance_sheet,value,413260976652.0,ACTUAL,VNSTOCK_BRONZE
SPC,LATEST,balance_sheet,order,2.0,ACTUAL,VNSTOCK_BRONZE
SPC,LATEST,balance_sheet,level,1.0,ACTUAL,VNSTOCK_BRONZE
SPC,LATEST,balance_sheet,off_balance,0.0,ACTUAL,VNSTOCK_BRONZE
SPC,LATEST,balance_sheet,value,16912012017.0,ACTUAL,VNSTOCK_BRONZE
SPC,LATEST,balance_sheet,order,3.0,ACTUAL,VNSTOCK_BRONZE
SPC,LATEST,balance_sheet,level,2.0,ACTUAL,VNSTOCK_BRONZE
SPC,LATEST,balance_sheet,off_balance,0.0,ACTUAL,VNSTOCK_BRONZE
SPC,LATEST,balance_sheet,value,16912012017.0,ACTUAL,VNSTOCK_BRONZE
SPC,LATEST,balance_sheet,order,4.0,ACTUAL,VNSTOCK_BRONZE
SPC,LATEST,balance_sheet,level,2.0,ACTUAL,VNSTOCK_BRONZE
SPC,LATEST,balance_sheet,off_balance,0.0,ACTUAL,VNSTOCK_BRONZE
SPC,LATEST,balance_sheet,value,0.0,ACTUAL,VNSTOCK_BRONZE
SPC,LATEST,balance_sheet,order,5.0,ACTUAL,VNSTOCK_BRONZE
SPC,LATEST,balance_sheet,level,1.0,ACTUAL,VNSTOCK_BRONZE
SPC,LATEST,balance_sheet,off_balance,0.0,ACTUAL,VNSTOCK_BRONZE
SPC,LATEST,balance_sheet,value,5250000000.0,ACTUAL,VNSTOCK_BRONZE
SPC,LATEST,balance_sheet,order,6.0,ACTUAL,VNSTOCK_BRONZE
SPC,LATEST,balance_sheet,level,2.0,ACTUAL,VNSTOCK_BRONZE
SPC,LATEST,balance_sheet,off_balance,0.0,ACTUAL,VNSTOCK_BRONZE
SPC,LATEST,balance_sheet,value,0.0,ACTUAL,VNSTOCK_BRONZE
SPC,LATEST,balance_sheet,order,7.0,ACTUAL,VNSTOCK_BRONZE
SPC,LATEST,balance_sheet,level,2.0,ACTUAL,VNSTOCK_BRONZE
SPC,LATEST,balance_sheet,off_balance,0.0,ACTUAL,VNSTOCK_BRONZE
SPC,LATEST,balance_sheet,value,0.0,ACTUAL,VNSTOCK_BRONZE
SPC,LATEST,balance_sheet,order,8.0,ACTUAL,VNSTOCK_BRONZE
SPC,LATEST,balance_sheet,level,2.0,ACTUAL,VNSTOCK_BRONZE
SPC,LATEST,balance_sheet,off_balance,0.0,ACTUAL,VNSTOCK_BRONZE
SPC,LATEST,balance_sheet,value,5250000000.0,ACTUAL,VNSTOCK_BRONZE
SPC,LATEST,balance_sheet,order,9.0,ACTUAL,VNSTOCK_BRONZE
SPC,LATEST,balance_sheet,level,1.0,ACTUAL,VNSTOCK_BRONZE
SPC,LATEST,balance_sheet,off_balance,0.0,ACTUAL,VNSTOCK_BRONZE
SPC,LATEST,balance_sheet,value,137165324783.0,ACTUAL,VNSTOCK_BRONZE
SPC,LATEST,balance_sheet,order,10.0,ACTUAL,VNSTOCK_BRONZE
SPC,LATEST,balance_sheet,level,2.0,ACTUAL,VNSTOCK_BRONZE
SPC,LATEST,balance_sheet,off_balance,0.0,ACTUAL,VNSTOCK_BRONZE
SPC,LATEST,balance_sheet,value,150425593025.0,ACTUAL,VNSTOCK_BRONZE
SPC,LATEST,balance_sheet,order,11.0,ACTUAL,VNSTOCK_BRONZE
SPC,LATEST,balance_sheet,level,2.0,ACTUAL,VNSTOCK_BRONZE
SPC,LATEST,balance_sheet,off_balance,0.0,ACTUAL,VNSTOCK_BRONZE
SPC,LATEST,balance_sheet,value,2030866443.0,ACTUAL,VNSTOCK_BRONZE
SPC,LATEST,balance_sheet,order,12.0,ACTUAL,VNSTOCK_BRONZE
SPC,LATEST,balance_sheet,level,2.0,ACTUAL,VNSTOCK_BRONZE
SPC,LATEST,balance_sheet,off_balance,0.0,ACTUAL,VNSTOCK_BRONZE
SPC,LATEST,balance_sheet,value,0.0,ACTUAL,VNSTOCK_BRONZE
SPC,LATEST,balance_sheet,order,13.0,ACTUAL,VNSTOCK_BRONZE
SPC,LATEST,balance_sheet,level,2.0,ACTUAL,VNSTOCK_BRONZE
SPC,LATEST,balance_sheet,off_balance,0.0,ACTUAL,VNSTOCK_BRONZE
SPC,LATEST,balance_sheet,value,0.0,ACTUAL,VNSTOCK_BRONZE
SPC,LATEST,balance_sheet,order,14.0,ACTUAL,VNSTOCK_BRONZE
SPC,LATEST,balance_sheet,level,2.0,ACTUAL,VNSTOCK_BRONZE
SPC,LATEST,balance_sheet,off_balance,0.0,ACTUAL,VNSTOCK_BRONZE
SPC,LATEST,balance_sheet,value,0.0,ACTUAL,VNSTOCK_BRONZE
SPC,LATEST,balance_sheet,order,15.0,ACTUAL,VNSTOCK_BRONZE
SPC,LATEST,balance_sheet,level,2.0,ACTUAL,VNSTOCK_BRONZE
SPC,LATEST,balance_sheet,off_balance,0.0,ACTUAL,VNSTOCK_BRONZE
SPC,LATEST,balance_sheet,value,3588940219.0,ACTUAL,VNSTOCK_BRONZE
SPC,LATEST,balance_sheet,order,16.0,ACTUAL,VNSTOCK_BRONZE
SPC,LATEST,balance_sheet,level,2.0,ACTUAL,VNSTOCK_BRONZE
SPC,LATEST,balance_sheet,off_balance,0.0,ACTUAL,VNSTOCK_BRONZE
SPC,LATEST,balance_sheet,value,-18880074904.0,ACTUAL,VNSTOCK_BRONZE
SPC,LATEST,balance_sheet,order,17.0,ACTUAL,VNSTOCK_BRONZE
SPC,LATEST,balance_sheet,level,2.0,ACTUAL,VNSTOCK_BRONZE
SPC,LATEST,balance_sheet,off_balance,0.0,ACTUAL,VNSTOCK_BRONZE
SPC,LATEST,balance_sheet,value,0.0,ACTUAL,VNSTOCK_BRONZE
SPC,LATEST,balance_sheet,order,18.0,ACTUAL,VNSTOCK_BRONZE
SPC,LATEST,balance_sheet,level,1.0,ACTUAL,VNSTOCK_BRONZE
SPC,LATEST,balance_sheet,off_balance,0.0,ACTUAL,VNSTOCK_BRONZE
SPC,LATEST,balance_sheet,value,230132682159.0,ACTUAL,VNSTOCK_BRONZE
SPC,LATEST,balance_sheet,order,19.0,ACTUAL,VNSTOCK_BRONZE
SPC,LATEST,balance_sheet,level,2.0,ACTUAL,VNSTOCK_BRONZE
SPC,LATEST,balance_sheet,off_balance,0.0,ACTUAL,VNSTOCK_BRONZE
SPC,LATEST,balance_sheet,value,246773534541.0,ACTUAL,VNSTOCK_BRONZE
SPC,LATEST,balance_sheet,order,20.0,ACTUAL,VNSTOCK_BRONZE
SPC,LATEST,balance_sheet,level,2.0,ACTUAL,VNSTOCK_BRONZE
SPC,LATEST,balance_sheet,off_balance,0.0,ACTUAL,VNSTOCK_BRONZE
SPC,LATEST,balance_sheet,value,-16640852382.0,ACTUAL,VNSTOCK_BRONZE
SPC,LATEST,balance_sheet,order,21.0,ACTUAL,VNSTOCK_BRONZE
SPC,LATEST,balance_sheet,level,1.0,ACTUAL,VNSTOCK_BRONZE
SPC,LATEST,balance_sheet,off_balance,0.0,ACTUAL,VNSTOCK_BRONZE
SPC,LATEST,balance_sheet,value,23800957693.0,ACTUAL,VNSTOCK_BRONZE
SPC,LATEST,balance_sheet,order,22.0,ACTUAL,VNSTOCK_BRONZE
SPC,LATEST,balance_sheet,level,2.0,ACTUAL,VNSTOCK_BRONZE
SPC,LATEST,balance_sheet,off_balance,0.0,ACTUAL,VNSTOCK_BRONZE
SPC,LATEST,balance_sheet,value,1649274426.0,ACTUAL,VNSTOCK_BRONZE
SPC,LATEST,balance_sheet,order,23.0,ACTUAL,VNSTOCK_BRONZE
SPC,LATEST,balance_sheet,level,2.0,ACTUAL,VNSTOCK_BRONZE
SPC,LATEST,balance_sheet,off_balance,0.0,ACTUAL,VNSTOCK_BRONZE
SPC,LATEST,balance_sheet,value,21085788058.0,ACTUAL,VNSTOCK_BRONZE
SPC,LATEST,balance_sheet,order,24.0,ACTUAL,VNSTOCK_BRONZE
SPC,LATEST,balance_sheet,level,2.0,ACTUAL,VNSTOCK_BRONZE
SPC,LATEST,balance_sheet,off_balance,0.0,ACTUAL,VNSTOCK_BRONZE
SPC,LATEST,balance_sheet,value,1065895209.0,ACTUAL,VNSTOCK_BRONZE
SPC,LATEST,balance_sheet,order,25.0,ACTUAL,VNSTOCK_BRONZE
SPC,LATEST,balance_sheet,level,2.0,ACTUAL,VNSTOCK_BRONZE
SPC,LATEST,balance_sheet,off_balance,0.0,ACTUAL,VNSTOCK_BRONZE
SPC,LATEST,balance_sheet,value,0.0,ACTUAL,VNSTOCK_BRONZE
SPC,LATEST,balance_sheet,order,26.0,ACTUAL,VNSTOCK_BRONZE
SPC,LATEST,balance_sheet,level,1.0,ACTUAL,VNSTOCK_BRONZE
SPC,LATEST,balance_sheet,off_balance,0.0,ACTUAL,VNSTOCK_BRONZE
SPC,LATEST,balance_sheet,value,57469685406.0,ACTUAL,VNSTOCK_BRONZE
SPC,LATEST,balance_sheet,order,27.0,ACTUAL,VNSTOCK_BRONZE
SPC,LATEST,balance_sheet,level,1.0,ACTUAL,VNSTOCK_BRONZE
SPC,LATEST,balance_sheet,off_balance,0.0,ACTUAL,VNSTOCK_BRONZE
SPC,LATEST,balance_sheet,value,666315826.0,ACTUAL,VNSTOCK_BRONZE
SPC,LATEST,balance_sheet,order,28.0,ACTUAL,VNSTOCK_BRONZE
SPC,LATEST,balance_sheet,level,2.0,ACTUAL,VNSTOCK_BRONZE
SPC,LATEST,balance_sheet,off_balance,0.0,ACTUAL,VNSTOCK_BRONZE
SPC,LATEST,balance_sheet,value,0.0,ACTUAL,VNSTOCK_BRONZE
SPC,LATEST,balance_sheet,order,29.0,ACTUAL,VNSTOCK_BRONZE
SPC,LATEST,balance_sheet,level,2.0,ACTUAL,VNSTOCK_BRONZE
SPC,LATEST,balance_sheet,off_balance,0.0,ACTUAL,VNSTOCK_BRONZE
SPC,LATEST,balance_sheet,value,0.0,ACTUAL,VNSTOCK_BRONZE
SPC,LATEST,balance_sheet,order,30.0,ACTUAL,VNSTOCK_BRONZE
SPC,LATEST,balance_sheet,level,2.0,ACTUAL,VNSTOCK_BRONZE
SPC,LATEST,balance_sheet,off_balance,0.0,ACTUAL,VNSTOCK_BRONZE
SPC,LATEST,balance_sheet,value,0.0,ACTUAL,VNSTOCK_BRONZE
SPC,LATEST,balance_sheet,order,31.0,ACTUAL,VNSTOCK_BRONZE
SPC,LATEST,balance_sheet,level,2.0,ACTUAL,VNSTOCK_BRONZE
SPC,LATEST,balance_sheet,off_balance,0.0,ACTUAL,VNSTOCK_BRONZE
SPC,LATEST,balance_sheet,value,0.0,ACTUAL,VNSTOCK_BRONZE
SPC,LATEST,balance_sheet,order,32.0,ACTUAL,VNSTOCK_BRONZE
SPC,LATEST,balance_sheet,level,2.0,ACTUAL,VNSTOCK_BRONZE
SPC,LATEST,balance_sheet,off_balance,0.0,ACTUAL,VNSTOCK_BRONZE
SPC,LATEST,balance_sheet,value,666315826.0,ACTUAL,VNSTOCK_BRONZE
SPC,LATEST,balance_sheet,order,33.0,ACTUAL,VNSTOCK_BRONZE
SPC,LATEST,balance_sheet,level,2.0,ACTUAL,VNSTOCK_BRONZE
SPC,LATEST,balance_sheet,off_balance,0.0,ACTUAL,VNSTOCK_BRONZE
SPC,LATEST,balance_sheet,value,-0.0,ACTUAL,VNSTOCK_BRONZE
SPC,LATEST,balance_sheet,order,34.0,ACTUAL,VNSTOCK_BRONZE
SPC,LATEST,balance_sheet,level,1.0,ACTUAL,VNSTOCK_BRONZE
SPC,LATEST,balance_sheet,off_balance,0.0,ACTUAL,VNSTOCK_BRONZE
SPC,LATEST,balance_sheet,value,26748623739.0,ACTUAL,VNSTOCK_BRONZE
SPC,LATEST,balance_sheet,order,35.0,ACTUAL,VNSTOCK_BRONZE
SPC,LATEST,balance_sheet,level,2.0,ACTUAL,VNSTOCK_BRONZE
SPC,LATEST,balance_sheet,off_balance,0.0,ACTUAL,VNSTOCK_BRONZE
SPC,LATEST,balance_sheet,value,21069662710.0,ACTUAL,VNSTOCK_BRONZE
SPC,LATEST,balance_sheet,order,36.0,ACTUAL,VNSTOCK_BRONZE
SPC,LATEST,balance_sheet,level,3.0,ACTUAL,VNSTOCK_BRONZE
SPC,LATEST,balance_sheet,off_balance,0.0,ACTUAL,VNSTOCK_BRONZE
SPC,LATEST,balance_sheet,value,149937099180.0,ACTUAL,VNSTOCK_BRONZE
SPC,LATEST,balance_sheet,order,37.0,ACTUAL,VNSTOCK_BRONZE
SPC,LATEST,balance_sheet,level,3.0,ACTUAL,VNSTOCK_BRONZE
SPC,LATEST,balance_sheet,off_balance,0.0,ACTUAL,VNSTOCK_BRONZE
SPC,LATEST,balance_sheet,value,-128867436470.0,ACTUAL,VNSTOCK_BRONZE
SPC,LATEST,balance_sheet,order,38.0,ACTUAL,VNSTOCK_BRONZE
SPC,LATEST,balance_sheet,level,2.0,ACTUAL,VNSTOCK_BRONZE
SPC,LATEST,balance_sheet,off_balance,0.0,ACTUAL,VNSTOCK_BRONZE
SPC,LATEST,balance_sheet,value,1107062690.0,ACTUAL,VNSTOCK_BRONZE
SPC,LATEST,balance_sheet,order,39.0,ACTUAL,VNSTOCK_BRONZE
SPC,LATEST,balance_sheet,level,3.0,ACTUAL,VNSTOCK_BRONZE
SPC,LATEST,balance_sheet,off_balance,0.0,ACTUAL,VNSTOCK_BRONZE
SPC,LATEST,balance_sheet,value,2974198190.0,ACTUAL,VNSTOCK_BRONZE
SPC,LATEST,balance_sheet,order,40.0,ACTUAL,VNSTOCK_BRONZE
SPC,LATEST,balance_sheet,level,3.0,ACTUAL,VNSTOCK_BRONZE
SPC,LATEST,balance_sheet,off_balance,0.0,ACTUAL,VNSTOCK_BRONZE
SPC,LATEST,balance_sheet,value,-1867135500.0,ACTUAL,VNSTOCK_BRONZE
SPC,LATEST,balance_sheet,order,41.0,ACTUAL,VNSTOCK_BRONZE
SPC,LATEST,balance_sheet,level,2.0,ACTUAL,VNSTOCK_BRONZE
SPC,LATEST,balance_sheet,off_balance,0.0,ACTUAL,VNSTOCK_BRONZE
SPC,LATEST,balance_sheet,value,4571898339.0,ACTUAL,VNSTOCK_BRONZE
SPC,LATEST,balance_sheet,order,42.0,ACTUAL,VNSTOCK_BRONZE
SPC,LATEST,balance_sheet,level,3.0,ACTUAL,VNSTOCK_BRONZE
SPC,LATEST,balance_sheet,off_balance,0.0,ACTUAL,VNSTOCK_BRONZE
SPC,LATEST,balance_sheet,value,9261423802.0,ACTUAL,VNSTOCK_BRONZE
SPC,LATEST,balance_sheet,order,43.0,ACTUAL,VNSTOCK_BRONZE
SPC,LATEST,balance_sheet,level,3.0,ACTUAL,VNSTOCK_BRONZE
SPC,LATEST,balance_sheet,off_balance,0.0,ACTUAL,VNSTOCK_BRONZE
SPC,LATEST,balance_sheet,value,-4689525463.0,ACTUAL,VNSTOCK_BRONZE
SPC,LATEST,balance_sheet,order,44.0,ACTUAL,VNSTOCK_BRONZE
SPC,LATEST,balance_sheet,level,1.0,ACTUAL,VNSTOCK_BRONZE
SPC,LATEST,balance_sheet,off_balance,0.0,ACTUAL,VNSTOCK_BRONZE
SPC,LATEST,balance_sheet,value,144974283.0,ACTUAL,VNSTOCK_BRONZE
SPC,LATEST,balance_sheet,order,45.0,ACTUAL,VNSTOCK_BRONZE
SPC,LATEST,balance_sheet,level,2.0,ACTUAL,VNSTOCK_BRONZE
SPC,LATEST,balance_sheet,off_balance,0.0,ACTUAL,VNSTOCK_BRONZE
SPC,LATEST,balance_sheet,value,1968358534.0,ACTUAL,VNSTOCK_BRONZE
SPC,LATEST,balance_sheet,order,46.0,ACTUAL,VNSTOCK_BRONZE
SPC,LATEST,balance_sheet,level,2.0,ACTUAL,VNSTOCK_BRONZE
SPC,LATEST,balance_sheet,off_balance,0.0,ACTUAL,VNSTOCK_BRONZE
SPC,LATEST,balance_sheet,value,-1823384251.0,ACTUAL,VNSTOCK_BRONZE
SPC,LATEST,balance_sheet,order,47.0,ACTUAL,VNSTOCK_BRONZE
SPC,LATEST,balance_sheet,level,1.0,ACTUAL,VNSTOCK_BRONZE
SPC,LATEST,balance_sheet,off_balance,0.0,ACTUAL,VNSTOCK_BRONZE
SPC,LATEST,balance_sheet,value,4403352082.0,ACTUAL,VNSTOCK_BRONZE
SPC,LATEST,balance_sheet,order,48.0,ACTUAL,VNSTOCK_BRONZE
SPC,LATEST,balance_sheet,level,2.0,ACTUAL,VNSTOCK_BRONZE
SPC,LATEST,balance_sheet,off_balance,0.0,ACTUAL,VNSTOCK_BRONZE
SPC,LATEST,balance_sheet,value,0.0,ACTUAL,VNSTOCK_BRONZE
SPC,LATEST,balance_sheet,order,49.0,ACTUAL,VNSTOCK_BRONZE
SPC,LATEST,balance_sheet,level,2.0,ACTUAL,VNSTOCK_BRONZE
SPC,LATEST,balance_sheet,off_balance,0.0,ACTUAL,VNSTOCK_BRONZE
SPC,LATEST,balance_sheet,value,4403352082.0,ACTUAL,VNSTOCK_BRONZE
SPC,LATEST,balance_sheet,order,50.0,ACTUAL,VNSTOCK_BRONZE
SPC,LATEST,balance_sheet,level,1.0,ACTUAL,VNSTOCK_BRONZE
SPC,LATEST,balance_sheet,off_balance,0.0,ACTUAL,VNSTOCK_BRONZE
SPC,LATEST,balance_sheet,value,0.0,ACTUAL,VNSTOCK_BRONZE
SPC,LATEST,balance_sheet,order,51.0,ACTUAL,VNSTOCK_BRONZE
SPC,LATEST,balance_sheet,level,2.0,ACTUAL,VNSTOCK_BRONZE
SPC,LATEST,balance_sheet,off_balance,0.0,ACTUAL,VNSTOCK_BRONZE
SPC,LATEST,balance_sheet,value,0.0,ACTUAL,VNSTOCK_BRONZE
SPC,LATEST,balance_sheet,order,52.0,ACTUAL,VNSTOCK_BRONZE
SPC,LATEST,balance_sheet,level,2.0,ACTUAL,VNSTOCK_BRONZE
SPC,LATEST,balance_sheet,off_balance,0.0,ACTUAL,VNSTOCK_BRONZE
SPC,LATEST,balance_sheet,value,0.0,ACTUAL,VNSTOCK_BRONZE
SPC,LATEST,balance_sheet,order,53.0,ACTUAL,VNSTOCK_BRONZE
SPC,LATEST,balance_sheet,level,2.0,ACTUAL,VNSTOCK_BRONZE
SPC,LATEST,balance_sheet,off_balance,0.0,ACTUAL,VNSTOCK_BRONZE
SPC,LATEST,balance_sheet,value,0.0,ACTUAL,VNSTOCK_BRONZE
SPC,LATEST,balance_sheet,order,54.0,ACTUAL,VNSTOCK_BRONZE
SPC,LATEST,balance_sheet,level,2.0,ACTUAL,VNSTOCK_BRONZE
SPC,LATEST,balance_sheet,off_balance,0.0,ACTUAL,VNSTOCK_BRONZE
SPC,LATEST,balance_sheet,value,0.0,ACTUAL,VNSTOCK_BRONZE
SPC,LATEST,balance_sheet,order,55.0,ACTUAL,VNSTOCK_BRONZE
SPC,LATEST,balance_sheet,level,2.0,ACTUAL,VNSTOCK_BRONZE
SPC,LATEST,balance_sheet,off_balance,0.0,ACTUAL,VNSTOCK_BRONZE
SPC,LATEST,balance_sheet,value,0.0,ACTUAL,VNSTOCK_BRONZE
SPC,LATEST,balance_sheet,order,56.0,ACTUAL,VNSTOCK_BRONZE
SPC,LATEST,balance_sheet,level,1.0,ACTUAL,VNSTOCK_BRONZE
SPC,LATEST,balance_sheet,off_balance,0.0,ACTUAL,VNSTOCK_BRONZE
SPC,LATEST,balance_sheet,value,25506419476.0,ACTUAL,VNSTOCK_BRONZE
SPC,LATEST,balance_sheet,order,57.0,ACTUAL,VNSTOCK_BRONZE
SPC,LATEST,balance_sheet,level,2.0,ACTUAL,VNSTOCK_BRONZE
SPC,LATEST,balance_sheet,off_balance,0.0,ACTUAL,VNSTOCK_BRONZE
SPC,LATEST,balance_sheet,value,0.0,ACTUAL,VNSTOCK_BRONZE
SPC,LATEST,balance_sheet,order,58.0,ACTUAL,VNSTOCK_BRONZE
SPC,LATEST,balance_sheet,level,2.0,ACTUAL,VNSTOCK_BRONZE
SPC,LATEST,balance_sheet,off_balance,0.0,ACTUAL,VNSTOCK_BRONZE
SPC,LATEST,balance_sheet,value,14323153142.0,ACTUAL,VNSTOCK_BRONZE
SPC,LATEST,balance_sheet,order,59.0,ACTUAL,VNSTOCK_BRONZE
SPC,LATEST,balance_sheet,level,2.0,ACTUAL,VNSTOCK_BRONZE
SPC,LATEST,balance_sheet,off_balance,0.0,ACTUAL,VNSTOCK_BRONZE
SPC,LATEST,balance_sheet,value,11183266334.0,ACTUAL,VNSTOCK_BRONZE
SPC,LATEST,balance_sheet,order,60.0,ACTUAL,VNSTOCK_BRONZE
SPC,LATEST,balance_sheet,level,2.0,ACTUAL,VNSTOCK_BRONZE
SPC,LATEST,balance_sheet,off_balance,0.0,ACTUAL,VNSTOCK_BRONZE
SPC,LATEST,balance_sheet,value,0.0,ACTUAL,VNSTOCK_BRONZE
SPC,LATEST,balance_sheet,order,61.0,ACTUAL,VNSTOCK_BRONZE
SPC,LATEST,balance_sheet,level,2.0,ACTUAL,VNSTOCK_BRONZE
SPC,LATEST,balance_sheet,off_balance,0.0,ACTUAL,VNSTOCK_BRONZE
SPC,LATEST,balance_sheet,value,0.0,ACTUAL,VNSTOCK_BRONZE
SPC,LATEST,balance_sheet,order,62.0,ACTUAL,VNSTOCK_BRONZE
SPC,LATEST,balance_sheet,level,2.0,ACTUAL,VNSTOCK_BRONZE
SPC,LATEST,balance_sheet,off_balance,0.0,ACTUAL,VNSTOCK_BRONZE
SPC,LATEST,balance_sheet,value,0.0,ACTUAL,VNSTOCK_BRONZE
SPC,LATEST,balance_sheet,order,63.0,ACTUAL,VNSTOCK_BRONZE
SPC,LATEST,balance_sheet,level,1.0,ACTUAL,VNSTOCK_BRONZE
SPC,LATEST,balance_sheet,off_balance,0.0,ACTUAL,VNSTOCK_BRONZE
SPC,LATEST,balance_sheet,value,470730662058.0,ACTUAL,VNSTOCK_BRONZE
SPC,LATEST,balance_sheet,order,64.0,ACTUAL,VNSTOCK_BRONZE
SPC,LATEST,balance_sheet,level,1.0,ACTUAL,VNSTOCK_BRONZE
SPC,LATEST,balance_sheet,off_balance,0.0,ACTUAL,VNSTOCK_BRONZE
SPC,LATEST,balance_sheet,value,353422985236.0,ACTUAL,VNSTOCK_BRONZE
SPC,LATEST,balance_sheet,order,65.0,ACTUAL,VNSTOCK_BRONZE
SPC,LATEST,balance_sheet,level,1.0,ACTUAL,VNSTOCK_BRONZE
SPC,LATEST,balance_sheet,off_balance,0.0,ACTUAL,VNSTOCK_BRONZE
SPC,LATEST,balance_sheet,value,346764551438.0,ACTUAL,VNSTOCK_BRONZE
SPC,LATEST,balance_sheet,order,66.0,ACTUAL,VNSTOCK_BRONZE
SPC,LATEST,balance_sheet,level,2.0,ACTUAL,VNSTOCK_BRONZE
SPC,LATEST,balance_sheet,off_balance,0.0,ACTUAL,VNSTOCK_BRONZE
SPC,LATEST,balance_sheet,value,0.0,ACTUAL,VNSTOCK_BRONZE
SPC,LATEST,balance_sheet,order,67.0,ACTUAL,VNSTOCK_BRONZE
SPC,LATEST,balance_sheet,level,2.0,ACTUAL,VNSTOCK_BRONZE
SPC,LATEST,balance_sheet,off_balance,0.0,ACTUAL,VNSTOCK_BRONZE
SPC,LATEST,balance_sheet,value,0.0,ACTUAL,VNSTOCK_BRONZE
SPC,LATEST,balance_sheet,order,68.0,ACTUAL,VNSTOCK_BRONZE
SPC,LATEST,balance_sheet,level,2.0,ACTUAL,VNSTOCK_BRONZE
SPC,LATEST,balance_sheet,off_balance,0.0,ACTUAL,VNSTOCK_BRONZE
SPC,LATEST,balance_sheet,value,0.0,ACTUAL,VNSTOCK_BRONZE
SPC,LATEST,balance_sheet,order,69.0,ACTUAL,VNSTOCK_BRONZE
SPC,LATEST,balance_sheet,level,2.0,ACTUAL,VNSTOCK_BRONZE
SPC,LATEST,balance_sheet,off_balance,0.0,ACTUAL,VNSTOCK_BRONZE
SPC,LATEST,balance_sheet,value,191398196922.0,ACTUAL,VNSTOCK_BRONZE
SPC,LATEST,balance_sheet,order,70.0,ACTUAL,VNSTOCK_BRONZE
SPC,LATEST,balance_sheet,level,2.0,ACTUAL,VNSTOCK_BRONZE
SPC,LATEST,balance_sheet,off_balance,0.0,ACTUAL,VNSTOCK_BRONZE
SPC,LATEST,balance_sheet,value,3219554635.0,ACTUAL,VNSTOCK_BRONZE
SPC,LATEST,balance_sheet,order,71.0,ACTUAL,VNSTOCK_BRONZE
SPC,LATEST,balance_sheet,level,2.0,ACTUAL,VNSTOCK_BRONZE
SPC,LATEST,balance_sheet,off_balance,0.0,ACTUAL,VNSTOCK_BRONZE
SPC,LATEST,balance_sheet,value,1558395174.0,ACTUAL,VNSTOCK_BRONZE
SPC,LATEST,balance_sheet,order,72.0,ACTUAL,VNSTOCK_BRONZE
SPC,LATEST,balance_sheet,level,2.0,ACTUAL,VNSTOCK_BRONZE
SPC,LATEST,balance_sheet,off_balance,0.0,ACTUAL,VNSTOCK_BRONZE
SPC,LATEST,balance_sheet,value,5747158392.0,ACTUAL,VNSTOCK_BRONZE
SPC,LATEST,balance_sheet,order,73.0,ACTUAL,VNSTOCK_BRONZE
SPC,LATEST,balance_sheet,level,2.0,ACTUAL,VNSTOCK_BRONZE
SPC,LATEST,balance_sheet,off_balance,0.0,ACTUAL,VNSTOCK_BRONZE
SPC,LATEST,balance_sheet,value,2489112735.0,ACTUAL,VNSTOCK_BRONZE
SPC,LATEST,balance_sheet,order,74.0,ACTUAL,VNSTOCK_BRONZE
SPC,LATEST,balance_sheet,level,2.0,ACTUAL,VNSTOCK_BRONZE
SPC,LATEST,balance_sheet,off_balance,0.0,ACTUAL,VNSTOCK_BRONZE
SPC,LATEST,balance_sheet,value,0.0,ACTUAL,VNSTOCK_BRONZE
SPC,LATEST,balance_sheet,order,75.0,ACTUAL,VNSTOCK_BRONZE
SPC,LATEST,balance_sheet,level,2.0,ACTUAL,VNSTOCK_BRONZE
SPC,LATEST,balance_sheet,off_balance,0.0,ACTUAL,VNSTOCK_BRONZE
SPC,LATEST,balance_sheet,value,0.0,ACTUAL,VNSTOCK_BRONZE
SPC,LATEST,balance_sheet,order,76.0,ACTUAL,VNSTOCK_BRONZE
SPC,LATEST,balance_sheet,level,2.0,ACTUAL,VNSTOCK_BRONZE
SPC,LATEST,balance_sheet,off_balance,0.0,ACTUAL,VNSTOCK_BRONZE
SPC,LATEST,balance_sheet,value,14274446842.0,ACTUAL,VNSTOCK_BRONZE
SPC,LATEST,balance_sheet,order,77.0,ACTUAL,VNSTOCK_BRONZE
SPC,LATEST,balance_sheet,level,2.0,ACTUAL,VNSTOCK_BRONZE
SPC,LATEST,balance_sheet,off_balance,0.0,ACTUAL,VNSTOCK_BRONZE
SPC,LATEST,balance_sheet,value,127994408329.0,ACTUAL,VNSTOCK_BRONZE
SPC,LATEST,balance_sheet,order,78.0,ACTUAL,VNSTOCK_BRONZE
SPC,LATEST,balance_sheet,level,2.0,ACTUAL,VNSTOCK_BRONZE
SPC,LATEST,balance_sheet,off_balance,0.0,ACTUAL,VNSTOCK_BRONZE
SPC,LATEST,balance_sheet,value,0.0,ACTUAL,VNSTOCK_BRONZE
SPC,LATEST,balance_sheet,order,79.0,ACTUAL,VNSTOCK_BRONZE
SPC,LATEST,balance_sheet,level,2.0,ACTUAL,VNSTOCK_BRONZE
SPC,LATEST,balance_sheet,off_balance,0.0,ACTUAL,VNSTOCK_BRONZE
SPC,LATEST,balance_sheet,value,83278409.0,ACTUAL,VNSTOCK_BRONZE
SPC,LATEST,balance_sheet,order,80.0,ACTUAL,VNSTOCK_BRONZE
SPC,LATEST,balance_sheet,level,2.0,ACTUAL,VNSTOCK_BRONZE
SPC,LATEST,balance_sheet,off_balance,0.0,ACTUAL,VNSTOCK_BRONZE
SPC,LATEST,balance_sheet,value,0.0,ACTUAL,VNSTOCK_BRONZE
SPC,LATEST,balance_sheet,order,81.0,ACTUAL,VNSTOCK_BRONZE
SPC,LATEST,balance_sheet,level,2.0,ACTUAL,VNSTOCK_BRONZE
SPC,LATEST,balance_sheet,off_balance,0.0,ACTUAL,VNSTOCK_BRONZE
SPC,LATEST,balance_sheet,value,0.0,ACTUAL,VNSTOCK_BRONZE
SPC,LATEST,balance_sheet,order,82.0,ACTUAL,VNSTOCK_BRONZE
SPC,LATEST,balance_sheet,level,1.0,ACTUAL,VNSTOCK_BRONZE
SPC,LATEST,balance_sheet,off_balance,0.0,ACTUAL,VNSTOCK_BRONZE
SPC,LATEST,balance_sheet,value,6658433798.0,ACTUAL,VNSTOCK_BRONZE
SPC,LATEST,balance_sheet,order,83.0,ACTUAL,VNSTOCK_BRONZE
SPC,LATEST,balance_sheet,level,2.0,ACTUAL,VNSTOCK_BRONZE
SPC,LATEST,balance_sheet,off_balance,0.0,ACTUAL,VNSTOCK_BRONZE
SPC,LATEST,balance_sheet,value,0.0,ACTUAL,VNSTOCK_BRONZE
SPC,LATEST,balance_sheet,order,84.0,ACTUAL,VNSTOCK_BRONZE
SPC,LATEST,balance_sheet,level,2.0,ACTUAL,VNSTOCK_BRONZE
SPC,LATEST,balance_sheet,off_balance,0.0,ACTUAL,VNSTOCK_BRONZE
SPC,LATEST,balance_sheet,order,85.0,ACTUAL,VNSTOCK_BRONZE
SPC,LATEST,balance_sheet,level,2.0,ACTUAL,VNSTOCK_BRONZE
SPC,LATEST,balance_sheet,off_balance,0.0,ACTUAL,VNSTOCK_BRONZE
SPC,LATEST,balance_sheet,value,0.0,ACTUAL,VNSTOCK_BRONZE
SPC,LATEST,balance_sheet,order,86.0,ACTUAL,VNSTOCK_BRONZE
SPC,LATEST,balance_sheet,level,2.0,ACTUAL,VNSTOCK_BRONZE
SPC,LATEST,balance_sheet,off_balance,0.0,ACTUAL,VNSTOCK_BRONZE
SPC,LATEST,balance_sheet,value,0.0,ACTUAL,VNSTOCK_BRONZE
SPC,LATEST,balance_sheet,order,87.0,ACTUAL,VNSTOCK_BRONZE
SPC,LATEST,balance_sheet,level,2.0,ACTUAL,VNSTOCK_BRONZE
SPC,LATEST,balance_sheet,off_balance,0.0,ACTUAL,VNSTOCK_BRONZE
SPC,LATEST,balance_sheet,value,0.0,ACTUAL,VNSTOCK_BRONZE
SPC,LATEST,balance_sheet,order,88.0,ACTUAL,VNSTOCK_BRONZE
SPC,LATEST,balance_sheet,level,2.0,ACTUAL,VNSTOCK_BRONZE
SPC,LATEST,balance_sheet,off_balance,0.0,ACTUAL,VNSTOCK_BRONZE
SPC,LATEST,balance_sheet,value,0.0,ACTUAL,VNSTOCK_BRONZE
SPC,LATEST,balance_sheet,order,89.0,ACTUAL,VNSTOCK_BRONZE
SPC,LATEST,balance_sheet,level,2.0,ACTUAL,VNSTOCK_BRONZE
SPC,LATEST,balance_sheet,off_balance,0.0,ACTUAL,VNSTOCK_BRONZE
SPC,LATEST,balance_sheet,value,0.0,ACTUAL,VNSTOCK_BRONZE
SPC,LATEST,balance_sheet,order,90.0,ACTUAL,VNSTOCK_BRONZE
SPC,LATEST,balance_sheet,level,2.0,ACTUAL,VNSTOCK_BRONZE
SPC,LATEST,balance_sheet,off_balance,0.0,ACTUAL,VNSTOCK_BRONZE
SPC,LATEST,balance_sheet,value,1296854000.0,ACTUAL,VNSTOCK_BRONZE
SPC,LATEST,balance_sheet,order,91.0,ACTUAL,VNSTOCK_BRONZE
SPC,LATEST,balance_sheet,level,2.0,ACTUAL,VNSTOCK_BRONZE
SPC,LATEST,balance_sheet,off_balance,0.0,ACTUAL,VNSTOCK_BRONZE
SPC,LATEST,balance_sheet,value,348285000.0,ACTUAL,VNSTOCK_BRONZE
SPC,LATEST,balance_sheet,order,92.0,ACTUAL,VNSTOCK_BRONZE
SPC,LATEST,balance_sheet,level,2.0,ACTUAL,VNSTOCK_BRONZE
SPC,LATEST,balance_sheet,off_balance,0.0,ACTUAL,VNSTOCK_BRONZE
SPC,LATEST,balance_sheet,value,0.0,ACTUAL,VNSTOCK_BRONZE
SPC,LATEST,balance_sheet,order,93.0,ACTUAL,VNSTOCK_BRONZE
SPC,LATEST,balance_sheet,level,2.0,ACTUAL,VNSTOCK_BRONZE
SPC,LATEST,balance_sheet,off_balance,0.0,ACTUAL,VNSTOCK_BRONZE
SPC,LATEST,balance_sheet,value,5013294798.0,ACTUAL,VNSTOCK_BRONZE
SPC,LATEST,balance_sheet,order,94.0,ACTUAL,VNSTOCK_BRONZE
SPC,LATEST,balance_sheet,level,2.0,ACTUAL,VNSTOCK_BRONZE
SPC,LATEST,balance_sheet,off_balance,0.0,ACTUAL,VNSTOCK_BRONZE
SPC,LATEST,balance_sheet,value,0.0,ACTUAL,VNSTOCK_BRONZE
SPC,LATEST,balance_sheet,order,95.0,ACTUAL,VNSTOCK_BRONZE
SPC,LATEST,balance_sheet,level,2.0,ACTUAL,VNSTOCK_BRONZE
SPC,LATEST,balance_sheet,off_balance,0.0,ACTUAL,VNSTOCK_BRONZE
SPC,LATEST,balance_sheet,value,0.0,ACTUAL,VNSTOCK_BRONZE
SPC,LATEST,balance_sheet,order,96.0,ACTUAL,VNSTOCK_BRONZE
SPC,LATEST,balance_sheet,level,1.0,ACTUAL,VNSTOCK_BRONZE
SPC,LATEST,balance_sheet,off_balance,0.0,ACTUAL,VNSTOCK_BRONZE
SPC,LATEST,balance_sheet,value,117307676822.0,ACTUAL,VNSTOCK_BRONZE
SPC,LATEST,balance_sheet,order,97.0,ACTUAL,VNSTOCK_BRONZE
SPC,LATEST,balance_sheet,level,1.0,ACTUAL,VNSTOCK_BRONZE
SPC,LATEST,balance_sheet,off_balance,0.0,ACTUAL,VNSTOCK_BRONZE
SPC,LATEST,balance_sheet,value,117307676822.0,ACTUAL,VNSTOCK_BRONZE
SPC,LATEST,balance_sheet,order,98.0,ACTUAL,VNSTOCK_BRONZE
SPC,LATEST,balance_sheet,level,2.0,ACTUAL,VNSTOCK_BRONZE
SPC,LATEST,balance_sheet,off_balance,0.0,ACTUAL,VNSTOCK_BRONZE
SPC,LATEST,balance_sheet,value,0.0,ACTUAL,VNSTOCK_BRONZE
SPC,LATEST,balance_sheet,order,99.0,ACTUAL,VNSTOCK_BRONZE
SPC,LATEST,balance_sheet,level,2.0,ACTUAL,VNSTOCK_BRONZE
SPC,LATEST,balance_sheet,off_balance,0.0,ACTUAL,VNSTOCK_BRONZE
SPC,LATEST,balance_sheet,value,0.0,ACTUAL,VNSTOCK_BRONZE
SPC,LATEST,balance_sheet,order,100.0,ACTUAL,VNSTOCK_BRONZE
SPC,LATEST,balance_sheet,level,2.0,ACTUAL,VNSTOCK_BRONZE
SPC,LATEST,balance_sheet,off_balance,0.0,ACTUAL,VNSTOCK_BRONZE
SPC,LATEST,balance_sheet,value,0.0,ACTUAL,VNSTOCK_BRONZE
SPC,LATEST,balance_sheet,order,101.0,ACTUAL,VNSTOCK_BRONZE
SPC,LATEST,balance_sheet,level,2.0,ACTUAL,VNSTOCK_BRONZE
SPC,LATEST,balance_sheet,off_balance,0.0,ACTUAL,VNSTOCK_BRONZE
SPC,LATEST,balance_sheet,value,0.0,ACTUAL,VNSTOCK_BRONZE
SPC,LATEST,balance_sheet,order,102.0,ACTUAL,VNSTOCK_BRONZE
SPC,LATEST,balance_sheet,level,2.0,ACTUAL,VNSTOCK_BRONZE
SPC,LATEST,balance_sheet,off_balance,0.0,ACTUAL,VNSTOCK_BRONZE
SPC,LATEST,balance_sheet,value,105300000000.0,ACTUAL,VNSTOCK_BRONZE
SPC,LATEST,balance_sheet,order,103.0,ACTUAL,VNSTOCK_BRONZE
SPC,LATEST,balance_sheet,level,3.0,ACTUAL,VNSTOCK_BRONZE
SPC,LATEST,balance_sheet,off_balance,0.0,ACTUAL,VNSTOCK_BRONZE
SPC,LATEST,balance_sheet,value,105300000000.0,ACTUAL,VNSTOCK_BRONZE
SPC,LATEST,balance_sheet,order,104.0,ACTUAL,VNSTOCK_BRONZE
SPC,LATEST,balance_sheet,level,2.0,ACTUAL,VNSTOCK_BRONZE
SPC,LATEST,balance_sheet,off_balance,0.0,ACTUAL,VNSTOCK_BRONZE
SPC,LATEST,balance_sheet,value,782715818.0,ACTUAL,VNSTOCK_BRONZE
SPC,LATEST,balance_sheet,order,105.0,ACTUAL,VNSTOCK_BRONZE
SPC,LATEST,balance_sheet,level,2.0,ACTUAL,VNSTOCK_BRONZE
SPC,LATEST,balance_sheet,off_balance,0.0,ACTUAL,VNSTOCK_BRONZE
SPC,LATEST,balance_sheet,value,0.0,ACTUAL,VNSTOCK_BRONZE
SPC,LATEST,balance_sheet,order,106.0,ACTUAL,VNSTOCK_BRONZE
SPC,LATEST,balance_sheet,level,2.0,ACTUAL,VNSTOCK_BRONZE
SPC,LATEST,balance_sheet,off_balance,0.0,ACTUAL,VNSTOCK_BRONZE
SPC,LATEST,balance_sheet,value,0.0,ACTUAL,VNSTOCK_BRONZE
SPC,LATEST,balance_sheet,order,107.0,ACTUAL,VNSTOCK_BRONZE
SPC,LATEST,balance_sheet,level,2.0,ACTUAL,VNSTOCK_BRONZE
SPC,LATEST,balance_sheet,off_balance,0.0,ACTUAL,VNSTOCK_BRONZE
SPC,LATEST,balance_sheet,value,0.0,ACTUAL,VNSTOCK_BRONZE
SPC,LATEST,balance_sheet,order,108.0,ACTUAL,VNSTOCK_BRONZE
SPC,LATEST,balance_sheet,level,2.0,ACTUAL,VNSTOCK_BRONZE
SPC,LATEST,balance_sheet,off_balance,0.0,ACTUAL,VNSTOCK_BRONZE
SPC,LATEST,balance_sheet,value,12957274587.0,ACTUAL,VNSTOCK_BRONZE
SPC,LATEST,balance_sheet,order,109.0,ACTUAL,VNSTOCK_BRONZE
SPC,LATEST,balance_sheet,level,2.0,ACTUAL,VNSTOCK_BRONZE
SPC,LATEST,balance_sheet,off_balance,0.0,ACTUAL,VNSTOCK_BRONZE
SPC,LATEST,balance_sheet,value,62507094322.0,ACTUAL,VNSTOCK_BRONZE
SPC,LATEST,balance_sheet,order,110.0,ACTUAL,VNSTOCK_BRONZE
SPC,LATEST,balance_sheet,level,2.0,ACTUAL,VNSTOCK_BRONZE
SPC,LATEST,balance_sheet,off_balance,0.0,ACTUAL,VNSTOCK_BRONZE
SPC,LATEST,balance_sheet,value,0.0,ACTUAL,VNSTOCK_BRONZE
SPC,LATEST,balance_sheet,order,111.0,ACTUAL,VNSTOCK_BRONZE
SPC,LATEST,balance_sheet,level,2.0,ACTUAL,VNSTOCK_BRONZE
SPC,LATEST,balance_sheet,off_balance,0.0,ACTUAL,VNSTOCK_BRONZE
SPC,LATEST,balance_sheet,value,0.0,ACTUAL,VNSTOCK_BRONZE
SPC,LATEST,balance_sheet,order,112.0,ACTUAL,VNSTOCK_BRONZE
SPC,LATEST,balance_sheet,level,2.0,ACTUAL,VNSTOCK_BRONZE
SPC,LATEST,balance_sheet,off_balance,0.0,ACTUAL,VNSTOCK_BRONZE
SPC,LATEST,balance_sheet,value,-74240940130.0,ACTUAL,VNSTOCK_BRONZE
SPC,LATEST,balance_sheet,order,113.0,ACTUAL,VNSTOCK_BRONZE
SPC,LATEST,balance_sheet,level,3.0,ACTUAL,VNSTOCK_BRONZE
SPC,LATEST,balance_sheet,off_balance,0.0,ACTUAL,VNSTOCK_BRONZE
SPC,LATEST,balance_sheet,value,-70980439093.0,ACTUAL,VNSTOCK_BRONZE
SPC,LATEST,balance_sheet,order,114.0,ACTUAL,VNSTOCK_BRONZE
SPC,LATEST,balance_sheet,level,3.0,ACTUAL,VNSTOCK_BRONZE
SPC,LATEST,balance_sheet,off_balance,0.0,ACTUAL,VNSTOCK_BRONZE
SPC,LATEST,balance_sheet,value,-3260501037.0,ACTUAL,VNSTOCK_BRONZE
SPC,LATEST,balance_sheet,order,115.0,ACTUAL,VNSTOCK_BRONZE
SPC,LATEST,balance_sheet,level,2.0,ACTUAL,VNSTOCK_BRONZE
SPC,LATEST,balance_sheet,off_balance,0.0,ACTUAL,VNSTOCK_BRONZE
SPC,LATEST,balance_sheet,value,10001532225.0,ACTUAL,VNSTOCK_BRONZE
SPC,LATEST,balance_sheet,order,116.0,ACTUAL,VNSTOCK_BRONZE
SPC,LATEST,balance_sheet,level,1.0,ACTUAL,VNSTOCK_BRONZE
SPC,LATEST,balance_sheet,off_balance,0.0,ACTUAL,VNSTOCK_BRONZE
SPC,LATEST,balance_sheet,value,0.0,ACTUAL,VNSTOCK_BRONZE
SPC,LATEST,balance_sheet,order,117.0,ACTUAL,VNSTOCK_BRONZE
SPC,LATEST,balance_sheet,level,2.0,ACTUAL,VNSTOCK_BRONZE
SPC,LATEST,balance_sheet,off_balance,0.0,ACTUAL,VNSTOCK_BRONZE
SPC,LATEST,balance_sheet,value,0.0,ACTUAL,VNSTOCK_BRONZE
SPC,LATEST,balance_sheet,order,118.0,ACTUAL,VNSTOCK_BRONZE
SPC,LATEST,balance_sheet,level,1.0,ACTUAL,VNSTOCK_BRONZE
SPC,LATEST,balance_sheet,off_balance,0.0,ACTUAL,VNSTOCK_BRONZE
SPC,LATEST,balance_sheet,value,470730662058.0,ACTUAL,VNSTOCK_BRONZE
SPC,LATEST,balance_sheet,order,1.0,ACTUAL,VNSTOCK_BRONZE
SPC,LATEST,balance_sheet,level,1.0,ACTUAL,VNSTOCK_BRONZE
SPC,LATEST,balance_sheet,off_balance,0.0,ACTUAL,VNSTOCK_BRONZE
SPC,LATEST,balance_sheet,value,425261324697.0,ACTUAL,VNSTOCK_BRONZE
SPC,LATEST,balance_sheet,order,2.0,ACTUAL,VNSTOCK_BRONZE
SPC,LATEST,balance_sheet,level,1.0,ACTUAL,VNSTOCK_BRONZE
SPC,LATEST,balance_sheet,off_balance,0.0,ACTUAL,VNSTOCK_BRONZE
SPC,LATEST,balance_sheet,value,12002934467.0,ACTUAL,VNSTOCK_BRONZE
SPC,LATEST,balance_sheet,order,3.0,ACTUAL,VNSTOCK_BRONZE
SPC,LATEST,balance_sheet,level,2.0,ACTUAL,VNSTOCK_BRONZE
SPC,LATEST,balance_sheet,off_balance,0.0,ACTUAL,VNSTOCK_BRONZE
SPC,LATEST,balance_sheet,value,6752934467.0,ACTUAL,VNSTOCK_BRONZE
SPC,LATEST,balance_sheet,order,4.0,ACTUAL,VNSTOCK_BRONZE
SPC,LATEST,balance_sheet,level,2.0,ACTUAL,VNSTOCK_BRONZE
SPC,LATEST,balance_sheet,off_balance,0.0,ACTUAL,VNSTOCK_BRONZE
SPC,LATEST,balance_sheet,value,5250000000.0,ACTUAL,VNSTOCK_BRONZE
SPC,LATEST,balance_sheet,order,5.0,ACTUAL,VNSTOCK_BRONZE
SPC,LATEST,balance_sheet,level,1.0,ACTUAL,VNSTOCK_BRONZE
SPC,LATEST,balance_sheet,off_balance,0.0,ACTUAL,VNSTOCK_BRONZE
SPC,LATEST,balance_sheet,value,0.0,ACTUAL,VNSTOCK_BRONZE
SPC,LATEST,balance_sheet,order,6.0,ACTUAL,VNSTOCK_BRONZE
SPC,LATEST,balance_sheet,level,2.0,ACTUAL,VNSTOCK_BRONZE
SPC,LATEST,balance_sheet,off_balance,0.0,ACTUAL,VNSTOCK_BRONZE
SPC,LATEST,balance_sheet,value,0.0,ACTUAL,VNSTOCK_BRONZE
SPC,LATEST,balance_sheet,order,7.0,ACTUAL,VNSTOCK_BRONZE
SPC,LATEST,balance_sheet,level,2.0,ACTUAL,VNSTOCK_BRONZE
SPC,LATEST,balance_sheet,off_balance,0.0,ACTUAL,VNSTOCK_BRONZE
SPC,LATEST,balance_sheet,value,0.0,ACTUAL,VNSTOCK_BRONZE
SPC,LATEST,balance_sheet,order,8.0,ACTUAL,VNSTOCK_BRONZE
SPC,LATEST,balance_sheet,level,2.0,ACTUAL,VNSTOCK_BRONZE
SPC,LATEST,balance_sheet,off_balance,0.0,ACTUAL,VNSTOCK_BRONZE
SPC,LATEST,balance_sheet,value,0.0,ACTUAL,VNSTOCK_BRONZE
SPC,LATEST,balance_sheet,order,9.0,ACTUAL,VNSTOCK_BRONZE
SPC,LATEST,balance_sheet,level,1.0,ACTUAL,VNSTOCK_BRONZE
SPC,LATEST,balance_sheet,off_balance,0.0,ACTUAL,VNSTOCK_BRONZE
SPC,LATEST,balance_sheet,value,138884553512.0,ACTUAL,VNSTOCK_BRONZE
SPC,LATEST,balance_sheet,order,10.0,ACTUAL,VNSTOCK_BRONZE
SPC,LATEST,balance_sheet,level,2.0,ACTUAL,VNSTOCK_BRONZE
SPC,LATEST,balance_sheet,off_balance,0.0,ACTUAL,VNSTOCK_BRONZE
SPC,LATEST,balance_sheet,value,151946255819.0,ACTUAL,VNSTOCK_BRONZE
SPC,LATEST,balance_sheet,order,11.0,ACTUAL,VNSTOCK_BRONZE
SPC,LATEST,balance_sheet,level,2.0,ACTUAL,VNSTOCK_BRONZE
SPC,LATEST,balance_sheet,off_balance,0.0,ACTUAL,VNSTOCK_BRONZE
SPC,LATEST,balance_sheet,value,2609314558.0,ACTUAL,VNSTOCK_BRONZE
SPC,LATEST,balance_sheet,order,12.0,ACTUAL,VNSTOCK_BRONZE
SPC,LATEST,balance_sheet,level,2.0,ACTUAL,VNSTOCK_BRONZE
SPC,LATEST,balance_sheet,off_balance,0.0,ACTUAL,VNSTOCK_BRONZE
SPC,LATEST,balance_sheet,value,0.0,ACTUAL,VNSTOCK_BRONZE
SPC,LATEST,balance_sheet,order,13.0,ACTUAL,VNSTOCK_BRONZE
SPC,LATEST,balance_sheet,level,2.0,ACTUAL,VNSTOCK_BRONZE
SPC,LATEST,balance_sheet,off_balance,0.0,ACTUAL,VNSTOCK_BRONZE
SPC,LATEST,balance_sheet,value,0.0,ACTUAL,VNSTOCK_BRONZE
SPC,LATEST,balance_sheet,order,14.0,ACTUAL,VNSTOCK_BRONZE
SPC,LATEST,balance_sheet,level,2.0,ACTUAL,VNSTOCK_BRONZE
SPC,LATEST,balance_sheet,off_balance,0.0,ACTUAL,VNSTOCK_BRONZE
SPC,LATEST,balance_sheet,value,0.0,ACTUAL,VNSTOCK_BRONZE
SPC,LATEST,balance_sheet,order,15.0,ACTUAL,VNSTOCK_BRONZE
SPC,LATEST,balance_sheet,level,2.0,ACTUAL,VNSTOCK_BRONZE
SPC,LATEST,balance_sheet,off_balance,0.0,ACTUAL,VNSTOCK_BRONZE
SPC,LATEST,balance_sheet,value,2885395518.0,ACTUAL,VNSTOCK_BRONZE
SPC,LATEST,balance_sheet,order,16.0,ACTUAL,VNSTOCK_BRONZE
SPC,LATEST,balance_sheet,level,2.0,ACTUAL,VNSTOCK_BRONZE
SPC,LATEST,balance_sheet,off_balance,0.0,ACTUAL,VNSTOCK_BRONZE
SPC,LATEST,balance_sheet,value,-18556412383.0,ACTUAL,VNSTOCK_BRONZE
SPC,LATEST,balance_sheet,order,17.0,ACTUAL,VNSTOCK_BRONZE
SPC,LATEST,balance_sheet,level,2.0,ACTUAL,VNSTOCK_BRONZE
SPC,LATEST,balance_sheet,off_balance,0.0,ACTUAL,VNSTOCK_BRONZE
SPC,LATEST,balance_sheet,value,0.0,ACTUAL,VNSTOCK_BRONZE
SPC,LATEST,balance_sheet,order,18.0,ACTUAL,VNSTOCK_BRONZE
SPC,LATEST,balance_sheet,level,1.0,ACTUAL,VNSTOCK_BRONZE
SPC,LATEST,balance_sheet,off_balance,0.0,ACTUAL,VNSTOCK_BRONZE
SPC,LATEST,balance_sheet,value,246110625830.0,ACTUAL,VNSTOCK_BRONZE
SPC,LATEST,balance_sheet,order,19.0,ACTUAL,VNSTOCK_BRONZE
SPC,LATEST,balance_sheet,level,2.0,ACTUAL,VNSTOCK_BRONZE
SPC,LATEST,balance_sheet,off_balance,0.0,ACTUAL,VNSTOCK_BRONZE
SPC,LATEST,balance_sheet,value,257935988964.0,ACTUAL,VNSTOCK_BRONZE
SPC,LATEST,balance_sheet,order,20.0,ACTUAL,VNSTOCK_BRONZE
SPC,LATEST,balance_sheet,level,2.0,ACTUAL,VNSTOCK_BRONZE
SPC,LATEST,balance_sheet,off_balance,0.0,ACTUAL,VNSTOCK_BRONZE
SPC,LATEST,balance_sheet,value,-11825363134.0,ACTUAL,VNSTOCK_BRONZE
SPC,LATEST,balance_sheet,order,21.0,ACTUAL,VNSTOCK_BRONZE
SPC,LATEST,balance_sheet,level,1.0,ACTUAL,VNSTOCK_BRONZE
SPC,LATEST,balance_sheet,off_balance,0.0,ACTUAL,VNSTOCK_BRONZE
SPC,LATEST,balance_sheet,value,28263210888.0,ACTUAL,VNSTOCK_BRONZE
SPC,LATEST,balance_sheet,order,22.0,ACTUAL,VNSTOCK_BRONZE
SPC,LATEST,balance_sheet,level,2.0,ACTUAL,VNSTOCK_BRONZE
SPC,LATEST,balance_sheet,off_balance,0.0,ACTUAL,VNSTOCK_BRONZE
SPC,LATEST,balance_sheet,value,1131023586.0,ACTUAL,VNSTOCK_BRONZE
SPC,LATEST,balance_sheet,order,23.0,ACTUAL,VNSTOCK_BRONZE
SPC,LATEST,balance_sheet,level,2.0,ACTUAL,VNSTOCK_BRONZE
SPC,LATEST,balance_sheet,off_balance,0.0,ACTUAL,VNSTOCK_BRONZE
SPC,LATEST,balance_sheet,value,26353738609.0,ACTUAL,VNSTOCK_BRONZE
SPC,LATEST,balance_sheet,order,24.0,ACTUAL,VNSTOCK_BRONZE
SPC,LATEST,balance_sheet,level,2.0,ACTUAL,VNSTOCK_BRONZE
SPC,LATEST,balance_sheet,off_balance,0.0,ACTUAL,VNSTOCK_BRONZE
SPC,LATEST,balance_sheet,value,778448693.0,ACTUAL,VNSTOCK_BRONZE
SPC,LATEST,balance_sheet,order,25.0,ACTUAL,VNSTOCK_BRONZE
SPC,LATEST,balance_sheet,level,2.0,ACTUAL,VNSTOCK_BRONZE
SPC,LATEST,balance_sheet,off_balance,0.0,ACTUAL,VNSTOCK_BRONZE
SPC,LATEST,balance_sheet,value,0.0,ACTUAL,VNSTOCK_BRONZE
SPC,LATEST,balance_sheet,order,26.0,ACTUAL,VNSTOCK_BRONZE
SPC,LATEST,balance_sheet,level,1.0,ACTUAL,VNSTOCK_BRONZE
SPC,LATEST,balance_sheet,off_balance,0.0,ACTUAL,VNSTOCK_BRONZE
SPC,LATEST,balance_sheet,value,56504354426.0,ACTUAL,VNSTOCK_BRONZE
SPC,LATEST,balance_sheet,order,27.0,ACTUAL,VNSTOCK_BRONZE
SPC,LATEST,balance_sheet,level,1.0,ACTUAL,VNSTOCK_BRONZE
SPC,LATEST,balance_sheet,off_balance,0.0,ACTUAL,VNSTOCK_BRONZE
SPC,LATEST,balance_sheet,value,869886914.0,ACTUAL,VNSTOCK_BRONZE
SPC,LATEST,balance_sheet,order,28.0,ACTUAL,VNSTOCK_BRONZE
SPC,LATEST,balance_sheet,level,2.0,ACTUAL,VNSTOCK_BRONZE
SPC,LATEST,balance_sheet,off_balance,0.0,ACTUAL,VNSTOCK_BRONZE
SPC,LATEST,balance_sheet,value,0.0,ACTUAL,VNSTOCK_BRONZE
SPC,LATEST,balance_sheet,order,29.0,ACTUAL,VNSTOCK_BRONZE
SPC,LATEST,balance_sheet,level,2.0,ACTUAL,VNSTOCK_BRONZE
SPC,LATEST,balance_sheet,off_balance,0.0,ACTUAL,VNSTOCK_BRONZE
SPC,LATEST,balance_sheet,value,0.0,ACTUAL,VNSTOCK_BRONZE
SPC,LATEST,balance_sheet,order,30.0,ACTUAL,VNSTOCK_BRONZE
SPC,LATEST,balance_sheet,level,2.0,ACTUAL,VNSTOCK_BRONZE
SPC,LATEST,balance_sheet,off_balance,0.0,ACTUAL,VNSTOCK_BRONZE
SPC,LATEST,balance_sheet,value,0.0,ACTUAL,VNSTOCK_BRONZE
SPC,LATEST,balance_sheet,order,31.0,ACTUAL,VNSTOCK_BRONZE
SPC,LATEST,balance_sheet,level,2.0,ACTUAL,VNSTOCK_BRONZE
SPC,LATEST,balance_sheet,off_balance,0.0,ACTUAL,VNSTOCK_BRONZE
SPC,LATEST,balance_sheet,value,0.0,ACTUAL,VNSTOCK_BRONZE
SPC,LATEST,balance_sheet,order,32.0,ACTUAL,VNSTOCK_BRONZE
SPC,LATEST,balance_sheet,level,2.0,ACTUAL,VNSTOCK_BRONZE
SPC,LATEST,balance_sheet,off_balance,0.0,ACTUAL,VNSTOCK_BRONZE
SPC,LATEST,balance_sheet,value,869886914.0,ACTUAL,VNSTOCK_BRONZE
SPC,LATEST,balance_sheet,order,33.0,ACTUAL,VNSTOCK_BRONZE
SPC,LATEST,balance_sheet,level,2.0,ACTUAL,VNSTOCK_BRONZE
SPC,LATEST,balance_sheet,off_balance,0.0,ACTUAL,VNSTOCK_BRONZE
SPC,LATEST,balance_sheet,value,-0.0,ACTUAL,VNSTOCK_BRONZE
SPC,LATEST,balance_sheet,order,34.0,ACTUAL,VNSTOCK_BRONZE
SPC,LATEST,balance_sheet,level,1.0,ACTUAL,VNSTOCK_BRONZE
SPC,LATEST,balance_sheet,off_balance,0.0,ACTUAL,VNSTOCK_BRONZE
SPC,LATEST,balance_sheet,value,27697803135.0,ACTUAL,VNSTOCK_BRONZE
SPC,LATEST,balance_sheet,order,35.0,ACTUAL,VNSTOCK_BRONZE
SPC,LATEST,balance_sheet,level,2.0,ACTUAL,VNSTOCK_BRONZE
SPC,LATEST,balance_sheet,off_balance,0.0,ACTUAL,VNSTOCK_BRONZE
SPC,LATEST,balance_sheet,value,21909309061.0,ACTUAL,VNSTOCK_BRONZE
SPC,LATEST,balance_sheet,order,36.0,ACTUAL,VNSTOCK_BRONZE
SPC,LATEST,balance_sheet,level,3.0,ACTUAL,VNSTOCK_BRONZE
SPC,LATEST,balance_sheet,off_balance,0.0,ACTUAL,VNSTOCK_BRONZE
SPC,LATEST,balance_sheet,value,152694549867.0,ACTUAL,VNSTOCK_BRONZE
SPC,LATEST,balance_sheet,order,37.0,ACTUAL,VNSTOCK_BRONZE
SPC,LATEST,balance_sheet,level,3.0,ACTUAL,VNSTOCK_BRONZE
SPC,LATEST,balance_sheet,off_balance,0.0,ACTUAL,VNSTOCK_BRONZE
SPC,LATEST,balance_sheet,value,-130785240806.0,ACTUAL,VNSTOCK_BRONZE
SPC,LATEST,balance_sheet,order,38.0,ACTUAL,VNSTOCK_BRONZE
SPC,LATEST,balance_sheet,level,2.0,ACTUAL,VNSTOCK_BRONZE
SPC,LATEST,balance_sheet,off_balance,0.0,ACTUAL,VNSTOCK_BRONZE
SPC,LATEST,balance_sheet,value,1181417642.0,ACTUAL,VNSTOCK_BRONZE
SPC,LATEST,balance_sheet,order,39.0,ACTUAL,VNSTOCK_BRONZE
SPC,LATEST,balance_sheet,level,3.0,ACTUAL,VNSTOCK_BRONZE
SPC,LATEST,balance_sheet,off_balance,0.0,ACTUAL,VNSTOCK_BRONZE
SPC,LATEST,balance_sheet,value,2974198190.0,ACTUAL,VNSTOCK_BRONZE
SPC,LATEST,balance_sheet,order,40.0,ACTUAL,VNSTOCK_BRONZE
SPC,LATEST,balance_sheet,level,3.0,ACTUAL,VNSTOCK_BRONZE
SPC,LATEST,balance_sheet,off_balance,0.0,ACTUAL,VNSTOCK_BRONZE
SPC,LATEST,balance_sheet,value,-1792780548.0,ACTUAL,VNSTOCK_BRONZE
SPC,LATEST,balance_sheet,order,41.0,ACTUAL,VNSTOCK_BRONZE
SPC,LATEST,balance_sheet,level,2.0,ACTUAL,VNSTOCK_BRONZE
SPC,LATEST,balance_sheet,off_balance,0.0,ACTUAL,VNSTOCK_BRONZE
SPC,LATEST,balance_sheet,value,4607076432.0,ACTUAL,VNSTOCK_BRONZE
SPC,LATEST,balance_sheet,order,42.0,ACTUAL,VNSTOCK_BRONZE
SPC,LATEST,balance_sheet,level,3.0,ACTUAL,VNSTOCK_BRONZE
SPC,LATEST,balance_sheet,off_balance,0.0,ACTUAL,VNSTOCK_BRONZE
SPC,LATEST,balance_sheet,value,9261423802.0,ACTUAL,VNSTOCK_BRONZE
SPC,LATEST,balance_sheet,order,43.0,ACTUAL,VNSTOCK_BRONZE
SPC,LATEST,balance_sheet,level,3.0,ACTUAL,VNSTOCK_BRONZE
SPC,LATEST,balance_sheet,off_balance,0.0,ACTUAL,VNSTOCK_BRONZE
SPC,LATEST,balance_sheet,value,-4654347370.0,ACTUAL,VNSTOCK_BRONZE
SPC,LATEST,balance_sheet,order,44.0,ACTUAL,VNSTOCK_BRONZE
SPC,LATEST,balance_sheet,level,1.0,ACTUAL,VNSTOCK_BRONZE
SPC,LATEST,balance_sheet,off_balance,0.0,ACTUAL,VNSTOCK_BRONZE
SPC,LATEST,balance_sheet,value,178833995.0,ACTUAL,VNSTOCK_BRONZE
SPC,LATEST,balance_sheet,order,45.0,ACTUAL,VNSTOCK_BRONZE
SPC,LATEST,balance_sheet,level,2.0,ACTUAL,VNSTOCK_BRONZE
SPC,LATEST,balance_sheet,off_balance,0.0,ACTUAL,VNSTOCK_BRONZE
SPC,LATEST,balance_sheet,value,1980025350.0,ACTUAL,VNSTOCK_BRONZE
SPC,LATEST,balance_sheet,order,46.0,ACTUAL,VNSTOCK_BRONZE
SPC,LATEST,balance_sheet,level,2.0,ACTUAL,VNSTOCK_BRONZE
SPC,LATEST,balance_sheet,off_balance,0.0,ACTUAL,VNSTOCK_BRONZE
SPC,LATEST,balance_sheet,value,-1801191355.0,ACTUAL,VNSTOCK_BRONZE
SPC,LATEST,balance_sheet,order,47.0,ACTUAL,VNSTOCK_BRONZE
SPC,LATEST,balance_sheet,level,1.0,ACTUAL,VNSTOCK_BRONZE
SPC,LATEST,balance_sheet,off_balance,0.0,ACTUAL,VNSTOCK_BRONZE
SPC,LATEST,balance_sheet,value,4873604417.0,ACTUAL,VNSTOCK_BRONZE
SPC,LATEST,balance_sheet,order,48.0,ACTUAL,VNSTOCK_BRONZE
SPC,LATEST,balance_sheet,level,2.0,ACTUAL,VNSTOCK_BRONZE
SPC,LATEST,balance_sheet,off_balance,0.0,ACTUAL,VNSTOCK_BRONZE
SPC,LATEST,balance_sheet,value,0.0,ACTUAL,VNSTOCK_BRONZE
SPC,LATEST,balance_sheet,order,49.0,ACTUAL,VNSTOCK_BRONZE
SPC,LATEST,balance_sheet,level,2.0,ACTUAL,VNSTOCK_BRONZE
SPC,LATEST,balance_sheet,off_balance,0.0,ACTUAL,VNSTOCK_BRONZE
SPC,LATEST,balance_sheet,value,4873604417.0,ACTUAL,VNSTOCK_BRONZE
SPC,LATEST,balance_sheet,order,50.0,ACTUAL,VNSTOCK_BRONZE
SPC,LATEST,balance_sheet,level,1.0,ACTUAL,VNSTOCK_BRONZE
SPC,LATEST,balance_sheet,off_balance,0.0,ACTUAL,VNSTOCK_BRONZE
SPC,LATEST,balance_sheet,value,0.0,ACTUAL,VNSTOCK_BRONZE
SPC,LATEST,balance_sheet,order,51.0,ACTUAL,VNSTOCK_BRONZE
SPC,LATEST,balance_sheet,level,2.0,ACTUAL,VNSTOCK_BRONZE
SPC,LATEST,balance_sheet,off_balance,0.0,ACTUAL,VNSTOCK_BRONZE
SPC,LATEST,balance_sheet,value,0.0,ACTUAL,VNSTOCK_BRONZE
SPC,LATEST,balance_sheet,order,52.0,ACTUAL,VNSTOCK_BRONZE
SPC,LATEST,balance_sheet,level,2.0,ACTUAL,VNSTOCK_BRONZE
SPC,LATEST,balance_sheet,off_balance,0.0,ACTUAL,VNSTOCK_BRONZE
SPC,LATEST,balance_sheet,value,0.0,ACTUAL,VNSTOCK_BRONZE
SPC,LATEST,balance_sheet,order,53.0,ACTUAL,VNSTOCK_BRONZE
SPC,LATEST,balance_sheet,level,2.0,ACTUAL,VNSTOCK_BRONZE
SPC,LATEST,balance_sheet,off_balance,0.0,ACTUAL,VNSTOCK_BRONZE
SPC,LATEST,balance_sheet,value,0.0,ACTUAL,VNSTOCK_BRONZE
SPC,LATEST,balance_sheet,order,54.0,ACTUAL,VNSTOCK_BRONZE
SPC,LATEST,balance_sheet,level,2.0,ACTUAL,VNSTOCK_BRONZE
SPC,LATEST,balance_sheet,off_balance,0.0,ACTUAL,VNSTOCK_BRONZE
SPC,LATEST,balance_sheet,value,0.0,ACTUAL,VNSTOCK_BRONZE
SPC,LATEST,balance_sheet,order,55.0,ACTUAL,VNSTOCK_BRONZE
SPC,LATEST,balance_sheet,level,2.0,ACTUAL,VNSTOCK_BRONZE
SPC,LATEST,balance_sheet,off_balance,0.0,ACTUAL,VNSTOCK_BRONZE
SPC,LATEST,balance_sheet,value,0.0,ACTUAL,VNSTOCK_BRONZE
SPC,LATEST,balance_sheet,order,56.0,ACTUAL,VNSTOCK_BRONZE
SPC,LATEST,balance_sheet,level,1.0,ACTUAL,VNSTOCK_BRONZE
SPC,LATEST,balance_sheet,off_balance,0.0,ACTUAL,VNSTOCK_BRONZE
SPC,LATEST,balance_sheet,value,22884225965.0,ACTUAL,VNSTOCK_BRONZE
SPC,LATEST,balance_sheet,order,57.0,ACTUAL,VNSTOCK_BRONZE
SPC,LATEST,balance_sheet,level,2.0,ACTUAL,VNSTOCK_BRONZE
SPC,LATEST,balance_sheet,off_balance,0.0,ACTUAL,VNSTOCK_BRONZE
SPC,LATEST,balance_sheet,value,0.0,ACTUAL,VNSTOCK_BRONZE
SPC,LATEST,balance_sheet,order,58.0,ACTUAL,VNSTOCK_BRONZE
SPC,LATEST,balance_sheet,level,2.0,ACTUAL,VNSTOCK_BRONZE
SPC,LATEST,balance_sheet,off_balance,0.0,ACTUAL,VNSTOCK_BRONZE
SPC,LATEST,balance_sheet,value,14249580397.0,ACTUAL,VNSTOCK_BRONZE
SPC,LATEST,balance_sheet,order,59.0,ACTUAL,VNSTOCK_BRONZE
SPC,LATEST,balance_sheet,level,2.0,ACTUAL,VNSTOCK_BRONZE
SPC,LATEST,balance_sheet,off_balance,0.0,ACTUAL,VNSTOCK_BRONZE
SPC,LATEST,balance_sheet,value,8634645568.0,ACTUAL,VNSTOCK_BRONZE
SPC,LATEST,balance_sheet,order,60.0,ACTUAL,VNSTOCK_BRONZE
SPC,LATEST,balance_sheet,level,2.0,ACTUAL,VNSTOCK_BRONZE
SPC,LATEST,balance_sheet,off_balance,0.0,ACTUAL,VNSTOCK_BRONZE
SPC,LATEST,balance_sheet,value,0.0,ACTUAL,VNSTOCK_BRONZE
SPC,LATEST,balance_sheet,order,61.0,ACTUAL,VNSTOCK_BRONZE
SPC,LATEST,balance_sheet,level,2.0,ACTUAL,VNSTOCK_BRONZE
SPC,LATEST,balance_sheet,off_balance,0.0,ACTUAL,VNSTOCK_BRONZE
SPC,LATEST,balance_sheet,value,0.0,ACTUAL,VNSTOCK_BRONZE
SPC,LATEST,balance_sheet,order,62.0,ACTUAL,VNSTOCK_BRONZE
SPC,LATEST,balance_sheet,level,2.0,ACTUAL,VNSTOCK_BRONZE
SPC,LATEST,balance_sheet,off_balance,0.0,ACTUAL,VNSTOCK_BRONZE
SPC,LATEST,balance_sheet,value,0.0,ACTUAL,VNSTOCK_BRONZE
SPC,LATEST,balance_sheet,order,63.0,ACTUAL,VNSTOCK_BRONZE
SPC,LATEST,balance_sheet,level,1.0,ACTUAL,VNSTOCK_BRONZE
SPC,LATEST,balance_sheet,off_balance,0.0,ACTUAL,VNSTOCK_BRONZE
SPC,LATEST,balance_sheet,value,481765679123.0,ACTUAL,VNSTOCK_BRONZE
SPC,LATEST,balance_sheet,order,64.0,ACTUAL,VNSTOCK_BRONZE
SPC,LATEST,balance_sheet,level,1.0,ACTUAL,VNSTOCK_BRONZE
SPC,LATEST,balance_sheet,off_balance,0.0,ACTUAL,VNSTOCK_BRONZE
SPC,LATEST,balance_sheet,value,363019793329.0,ACTUAL,VNSTOCK_BRONZE
SPC,LATEST,balance_sheet,order,65.0,ACTUAL,VNSTOCK_BRONZE
SPC,LATEST,balance_sheet,level,1.0,ACTUAL,VNSTOCK_BRONZE
SPC,LATEST,balance_sheet,off_balance,0.0,ACTUAL,VNSTOCK_BRONZE
SPC,LATEST,balance_sheet,value,356341359531.0,ACTUAL,VNSTOCK_BRONZE
SPC,LATEST,balance_sheet,order,66.0,ACTUAL,VNSTOCK_BRONZE
SPC,LATEST,balance_sheet,level,2.0,ACTUAL,VNSTOCK_BRONZE
SPC,LATEST,balance_sheet,off_balance,0.0,ACTUAL,VNSTOCK_BRONZE
SPC,LATEST,balance_sheet,value,0.0,ACTUAL,VNSTOCK_BRONZE
SPC,LATEST,balance_sheet,order,67.0,ACTUAL,VNSTOCK_BRONZE
SPC,LATEST,balance_sheet,level,2.0,ACTUAL,VNSTOCK_BRONZE
SPC,LATEST,balance_sheet,off_balance,0.0,ACTUAL,VNSTOCK_BRONZE
SPC,LATEST,balance_sheet,value,0.0,ACTUAL,VNSTOCK_BRONZE
SPC,LATEST,balance_sheet,order,68.0,ACTUAL,VNSTOCK_BRONZE
SPC,LATEST,balance_sheet,level,2.0,ACTUAL,VNSTOCK_BRONZE
SPC,LATEST,balance_sheet,off_balance,0.0,ACTUAL,VNSTOCK_BRONZE
SPC,LATEST,balance_sheet,value,0.0,ACTUAL,VNSTOCK_BRONZE
SPC,LATEST,balance_sheet,order,69.0,ACTUAL,VNSTOCK_BRONZE
SPC,LATEST,balance_sheet,level,2.0,ACTUAL,VNSTOCK_BRONZE
SPC,LATEST,balance_sheet,off_balance,0.0,ACTUAL,VNSTOCK_BRONZE
SPC,LATEST,balance_sheet,value,200004754974.0,ACTUAL,VNSTOCK_BRONZE
SPC,LATEST,balance_sheet,order,70.0,ACTUAL,VNSTOCK_BRONZE
SPC,LATEST,balance_sheet,level,2.0,ACTUAL,VNSTOCK_BRONZE
SPC,LATEST,balance_sheet,off_balance,0.0,ACTUAL,VNSTOCK_BRONZE
SPC,LATEST,balance_sheet,value,345406885.0,ACTUAL,VNSTOCK_BRONZE
SPC,LATEST,balance_sheet,order,71.0,ACTUAL,VNSTOCK_BRONZE
SPC,LATEST,balance_sheet,level,2.0,ACTUAL,VNSTOCK_BRONZE
SPC,LATEST,balance_sheet,off_balance,0.0,ACTUAL,VNSTOCK_BRONZE
SPC,LATEST,balance_sheet,value,7347218882.0,ACTUAL,VNSTOCK_BRONZE
SPC,LATEST,balance_sheet,order,72.0,ACTUAL,VNSTOCK_BRONZE
SPC,LATEST,balance_sheet,level,2.0,ACTUAL,VNSTOCK_BRONZE
SPC,LATEST,balance_sheet,off_balance,0.0,ACTUAL,VNSTOCK_BRONZE
SPC,LATEST,balance_sheet,value,7149261154.0,ACTUAL,VNSTOCK_BRONZE
SPC,LATEST,balance_sheet,order,73.0,ACTUAL,VNSTOCK_BRONZE
SPC,LATEST,balance_sheet,level,2.0,ACTUAL,VNSTOCK_BRONZE
SPC,LATEST,balance_sheet,off_balance,0.0,ACTUAL,VNSTOCK_BRONZE
SPC,LATEST,balance_sheet,value,4852078703.0,ACTUAL,VNSTOCK_BRONZE
SPC,LATEST,balance_sheet,order,74.0,ACTUAL,VNSTOCK_BRONZE
SPC,LATEST,balance_sheet,level,2.0,ACTUAL,VNSTOCK_BRONZE
SPC,LATEST,balance_sheet,off_balance,0.0,ACTUAL,VNSTOCK_BRONZE
SPC,LATEST,balance_sheet,value,0.0,ACTUAL,VNSTOCK_BRONZE
SPC,LATEST,balance_sheet,order,75.0,ACTUAL,VNSTOCK_BRONZE
SPC,LATEST,balance_sheet,level,2.0,ACTUAL,VNSTOCK_BRONZE
SPC,LATEST,balance_sheet,off_balance,0.0,ACTUAL,VNSTOCK_BRONZE
SPC,LATEST,balance_sheet,value,0.0,ACTUAL,VNSTOCK_BRONZE
SPC,LATEST,balance_sheet,order,76.0,ACTUAL,VNSTOCK_BRONZE
SPC,LATEST,balance_sheet,level,2.0,ACTUAL,VNSTOCK_BRONZE
SPC,LATEST,balance_sheet,off_balance,0.0,ACTUAL,VNSTOCK_BRONZE
SPC,LATEST,balance_sheet,value,12802649742.0,ACTUAL,VNSTOCK_BRONZE
SPC,LATEST,balance_sheet,order,77.0,ACTUAL,VNSTOCK_BRONZE
SPC,LATEST,balance_sheet,level,2.0,ACTUAL,VNSTOCK_BRONZE
SPC,LATEST,balance_sheet,off_balance,0.0,ACTUAL,VNSTOCK_BRONZE
SPC,LATEST,balance_sheet,value,123758110782.0,ACTUAL,VNSTOCK_BRONZE
SPC,LATEST,balance_sheet,order,78.0,ACTUAL,VNSTOCK_BRONZE
SPC,LATEST,balance_sheet,level,2.0,ACTUAL,VNSTOCK_BRONZE
SPC,LATEST,balance_sheet,off_balance,0.0,ACTUAL,VNSTOCK_BRONZE
SPC,LATEST,balance_sheet,value,0.0,ACTUAL,VNSTOCK_BRONZE
SPC,LATEST,balance_sheet,order,79.0,ACTUAL,VNSTOCK_BRONZE
SPC,LATEST,balance_sheet,level,2.0,ACTUAL,VNSTOCK_BRONZE
SPC,LATEST,balance_sheet,off_balance,0.0,ACTUAL,VNSTOCK_BRONZE
SPC,LATEST,balance_sheet,value,81878409.0,ACTUAL,VNSTOCK_BRONZE
SPC,LATEST,balance_sheet,order,80.0,ACTUAL,VNSTOCK_BRONZE
SPC,LATEST,balance_sheet,level,2.0,ACTUAL,VNSTOCK_BRONZE
SPC,LATEST,balance_sheet,off_balance,0.0,ACTUAL,VNSTOCK_BRONZE
SPC,LATEST,balance_sheet,value,0.0,ACTUAL,VNSTOCK_BRONZE
SPC,LATEST,balance_sheet,order,81.0,ACTUAL,VNSTOCK_BRONZE
SPC,LATEST,balance_sheet,level,2.0,ACTUAL,VNSTOCK_BRONZE
SPC,LATEST,balance_sheet,off_balance,0.0,ACTUAL,VNSTOCK_BRONZE
SPC,LATEST,balance_sheet,value,0.0,ACTUAL,VNSTOCK_BRONZE
SPC,LATEST,balance_sheet,order,82.0,ACTUAL,VNSTOCK_BRONZE
SPC,LATEST,balance_sheet,level,1.0,ACTUAL,VNSTOCK_BRONZE
SPC,LATEST,balance_sheet,off_balance,0.0,ACTUAL,VNSTOCK_BRONZE
SPC,LATEST,balance_sheet,value,6678433798.0,ACTUAL,VNSTOCK_BRONZE
SPC,LATEST,balance_sheet,order,83.0,ACTUAL,VNSTOCK_BRONZE
SPC,LATEST,balance_sheet,level,2.0,ACTUAL,VNSTOCK_BRONZE
SPC,LATEST,balance_sheet,off_balance,0.0,ACTUAL,VNSTOCK_BRONZE
SPC,LATEST,balance_sheet,value,0.0,ACTUAL,VNSTOCK_BRONZE
SPC,LATEST,balance_sheet,order,84.0,ACTUAL,VNSTOCK_BRONZE
SPC,LATEST,balance_sheet,level,2.0,ACTUAL,VNSTOCK_BRONZE
SPC,LATEST,balance_sheet,off_balance,0.0,ACTUAL,VNSTOCK_BRONZE
SPC,LATEST,balance_sheet,order,85.0,ACTUAL,VNSTOCK_BRONZE
SPC,LATEST,balance_sheet,level,2.0,ACTUAL,VNSTOCK_BRONZE
SPC,LATEST,balance_sheet,off_balance,0.0,ACTUAL,VNSTOCK_BRONZE
SPC,LATEST,balance_sheet,value,0.0,ACTUAL,VNSTOCK_BRONZE
SPC,LATEST,balance_sheet,order,86.0,ACTUAL,VNSTOCK_BRONZE
SPC,LATEST,balance_sheet,level,2.0,ACTUAL,VNSTOCK_BRONZE
SPC,LATEST,balance_sheet,off_balance,0.0,ACTUAL,VNSTOCK_BRONZE
SPC,LATEST,balance_sheet,value,0.0,ACTUAL,VNSTOCK_BRONZE
SPC,LATEST,balance_sheet,order,87.0,ACTUAL,VNSTOCK_BRONZE
SPC,LATEST,balance_sheet,level,2.0,ACTUAL,VNSTOCK_BRONZE
SPC,LATEST,balance_sheet,off_balance,0.0,ACTUAL,VNSTOCK_BRONZE
SPC,LATEST,balance_sheet,value,0.0,ACTUAL,VNSTOCK_BRONZE
SPC,LATEST,balance_sheet,order,88.0,ACTUAL,VNSTOCK_BRONZE
SPC,LATEST,balance_sheet,level,2.0,ACTUAL,VNSTOCK_BRONZE
SPC,LATEST,balance_sheet,off_balance,0.0,ACTUAL,VNSTOCK_BRONZE
SPC,LATEST,balance_sheet,value,0.0,ACTUAL,VNSTOCK_BRONZE
SPC,LATEST,balance_sheet,order,89.0,ACTUAL,VNSTOCK_BRONZE
SPC,LATEST,balance_sheet,level,2.0,ACTUAL,VNSTOCK_BRONZE
SPC,LATEST,balance_sheet,off_balance,0.0,ACTUAL,VNSTOCK_BRONZE
SPC,LATEST,balance_sheet,value,0.0,ACTUAL,VNSTOCK_BRONZE
SPC,LATEST,balance_sheet,order,90.0,ACTUAL,VNSTOCK_BRONZE
SPC,LATEST,balance_sheet,level,2.0,ACTUAL,VNSTOCK_BRONZE
SPC,LATEST,balance_sheet,off_balance,0.0,ACTUAL,VNSTOCK_BRONZE
SPC,LATEST,balance_sheet,value,1316854000.0,ACTUAL,VNSTOCK_BRONZE
SPC,LATEST,balance_sheet,order,91.0,ACTUAL,VNSTOCK_BRONZE
SPC,LATEST,balance_sheet,level,2.0,ACTUAL,VNSTOCK_BRONZE
SPC,LATEST,balance_sheet,off_balance,0.0,ACTUAL,VNSTOCK_BRONZE
SPC,LATEST,balance_sheet,value,348285000.0,ACTUAL,VNSTOCK_BRONZE
SPC,LATEST,balance_sheet,order,92.0,ACTUAL,VNSTOCK_BRONZE
SPC,LATEST,balance_sheet,level,2.0,ACTUAL,VNSTOCK_BRONZE
SPC,LATEST,balance_sheet,off_balance,0.0,ACTUAL,VNSTOCK_BRONZE
SPC,LATEST,balance_sheet,value,0.0,ACTUAL,VNSTOCK_BRONZE
SPC,LATEST,balance_sheet,order,93.0,ACTUAL,VNSTOCK_BRONZE
SPC,LATEST,balance_sheet,level,2.0,ACTUAL,VNSTOCK_BRONZE
SPC,LATEST,balance_sheet,off_balance,0.0,ACTUAL,VNSTOCK_BRONZE
SPC,LATEST,balance_sheet,value,5013294798.0,ACTUAL,VNSTOCK_BRONZE
SPC,LATEST,balance_sheet,order,94.0,ACTUAL,VNSTOCK_BRONZE
SPC,LATEST,balance_sheet,level,2.0,ACTUAL,VNSTOCK_BRONZE
SPC,LATEST,balance_sheet,off_balance,0.0,ACTUAL,VNSTOCK_BRONZE
SPC,LATEST,balance_sheet,value,0.0,ACTUAL,VNSTOCK_BRONZE
SPC,LATEST,balance_sheet,order,95.0,ACTUAL,VNSTOCK_BRONZE
SPC,LATEST,balance_sheet,level,2.0,ACTUAL,VNSTOCK_BRONZE
SPC,LATEST,balance_sheet,off_balance,0.0,ACTUAL,VNSTOCK_BRONZE
SPC,LATEST,balance_sheet,value,0.0,ACTUAL,VNSTOCK_BRONZE
SPC,LATEST,balance_sheet,order,96.0,ACTUAL,VNSTOCK_BRONZE
SPC,LATEST,balance_sheet,level,1.0,ACTUAL,VNSTOCK_BRONZE
SPC,LATEST,balance_sheet,off_balance,0.0,ACTUAL,VNSTOCK_BRONZE
SPC,LATEST,balance_sheet,value,118745885794.0,ACTUAL,VNSTOCK_BRONZE
SPC,LATEST,balance_sheet,order,97.0,ACTUAL,VNSTOCK_BRONZE
SPC,LATEST,balance_sheet,level,1.0,ACTUAL,VNSTOCK_BRONZE
SPC,LATEST,balance_sheet,off_balance,0.0,ACTUAL,VNSTOCK_BRONZE
SPC,LATEST,balance_sheet,value,118745885794.0,ACTUAL,VNSTOCK_BRONZE
SPC,LATEST,balance_sheet,order,98.0,ACTUAL,VNSTOCK_BRONZE
SPC,LATEST,balance_sheet,level,2.0,ACTUAL,VNSTOCK_BRONZE
SPC,LATEST,balance_sheet,off_balance,0.0,ACTUAL,VNSTOCK_BRONZE
SPC,LATEST,balance_sheet,value,0.0,ACTUAL,VNSTOCK_BRONZE
SPC,LATEST,balance_sheet,order,99.0,ACTUAL,VNSTOCK_BRONZE
SPC,LATEST,balance_sheet,level,2.0,ACTUAL,VNSTOCK_BRONZE
SPC,LATEST,balance_sheet,off_balance,0.0,ACTUAL,VNSTOCK_BRONZE
SPC,LATEST,balance_sheet,value,0.0,ACTUAL,VNSTOCK_BRONZE
SPC,LATEST,balance_sheet,order,100.0,ACTUAL,VNSTOCK_BRONZE
SPC,LATEST,balance_sheet,level,2.0,ACTUAL,VNSTOCK_BRONZE
SPC,LATEST,balance_sheet,off_balance,0.0,ACTUAL,VNSTOCK_BRONZE
SPC,LATEST,balance_sheet,value,0.0,ACTUAL,VNSTOCK_BRONZE
SPC,LATEST,balance_sheet,order,101.0,ACTUAL,VNSTOCK_BRONZE
SPC,LATEST,balance_sheet,level,2.0,ACTUAL,VNSTOCK_BRONZE
SPC,LATEST,balance_sheet,off_balance,0.0,ACTUAL,VNSTOCK_BRONZE
SPC,LATEST,balance_sheet,value,0.0,ACTUAL,VNSTOCK_BRONZE
SPC,LATEST,balance_sheet,order,102.0,ACTUAL,VNSTOCK_BRONZE
SPC,LATEST,balance_sheet,level,2.0,ACTUAL,VNSTOCK_BRONZE
SPC,LATEST,balance_sheet,off_balance,0.0,ACTUAL,VNSTOCK_BRONZE
SPC,LATEST,balance_sheet,value,105300000000.0,ACTUAL,VNSTOCK_BRONZE
SPC,LATEST,balance_sheet,order,103.0,ACTUAL,VNSTOCK_BRONZE
SPC,LATEST,balance_sheet,level,3.0,ACTUAL,VNSTOCK_BRONZE
SPC,LATEST,balance_sheet,off_balance,0.0,ACTUAL,VNSTOCK_BRONZE
SPC,LATEST,balance_sheet,value,105300000000.0,ACTUAL,VNSTOCK_BRONZE
SPC,LATEST,balance_sheet,order,104.0,ACTUAL,VNSTOCK_BRONZE
SPC,LATEST,balance_sheet,level,2.0,ACTUAL,VNSTOCK_BRONZE
SPC,LATEST,balance_sheet,off_balance,0.0,ACTUAL,VNSTOCK_BRONZE
SPC,LATEST,balance_sheet,value,782715818.0,ACTUAL,VNSTOCK_BRONZE
SPC,LATEST,balance_sheet,order,105.0,ACTUAL,VNSTOCK_BRONZE
SPC,LATEST,balance_sheet,level,2.0,ACTUAL,VNSTOCK_BRONZE
SPC,LATEST,balance_sheet,off_balance,0.0,ACTUAL,VNSTOCK_BRONZE
SPC,LATEST,balance_sheet,value,0.0,ACTUAL,VNSTOCK_BRONZE
SPC,LATEST,balance_sheet,order,106.0,ACTUAL,VNSTOCK_BRONZE
SPC,LATEST,balance_sheet,level,2.0,ACTUAL,VNSTOCK_BRONZE
SPC,LATEST,balance_sheet,off_balance,0.0,ACTUAL,VNSTOCK_BRONZE
SPC,LATEST,balance_sheet,value,0.0,ACTUAL,VNSTOCK_BRONZE
SPC,LATEST,balance_sheet,order,107.0,ACTUAL,VNSTOCK_BRONZE
SPC,LATEST,balance_sheet,level,2.0,ACTUAL,VNSTOCK_BRONZE
SPC,LATEST,balance_sheet,off_balance,0.0,ACTUAL,VNSTOCK_BRONZE
SPC,LATEST,balance_sheet,value,0.0,ACTUAL,VNSTOCK_BRONZE
SPC,LATEST,balance_sheet,order,108.0,ACTUAL,VNSTOCK_BRONZE
SPC,LATEST,balance_sheet,level,2.0,ACTUAL,VNSTOCK_BRONZE
SPC,LATEST,balance_sheet,off_balance,0.0,ACTUAL,VNSTOCK_BRONZE
SPC,LATEST,balance_sheet,value,10236749490.0,ACTUAL,VNSTOCK_BRONZE
SPC,LATEST,balance_sheet,order,109.0,ACTUAL,VNSTOCK_BRONZE
SPC,LATEST,balance_sheet,level,2.0,ACTUAL,VNSTOCK_BRONZE
SPC,LATEST,balance_sheet,off_balance,0.0,ACTUAL,VNSTOCK_BRONZE
SPC,LATEST,balance_sheet,value,62595463630.0,ACTUAL,VNSTOCK_BRONZE
SPC,LATEST,balance_sheet,order,110.0,ACTUAL,VNSTOCK_BRONZE
SPC,LATEST,balance_sheet,level,2.0,ACTUAL,VNSTOCK_BRONZE
SPC,LATEST,balance_sheet,off_balance,0.0,ACTUAL,VNSTOCK_BRONZE
SPC,LATEST,balance_sheet,value,0.0,ACTUAL,VNSTOCK_BRONZE
SPC,LATEST,balance_sheet,order,111.0,ACTUAL,VNSTOCK_BRONZE
SPC,LATEST,balance_sheet,level,2.0,ACTUAL,VNSTOCK_BRONZE
SPC,LATEST,balance_sheet,off_balance,0.0,ACTUAL,VNSTOCK_BRONZE
SPC,LATEST,balance_sheet,value,0.0,ACTUAL,VNSTOCK_BRONZE
SPC,LATEST,balance_sheet,order,112.0,ACTUAL,VNSTOCK_BRONZE
SPC,LATEST,balance_sheet,level,2.0,ACTUAL,VNSTOCK_BRONZE
SPC,LATEST,balance_sheet,off_balance,0.0,ACTUAL,VNSTOCK_BRONZE
SPC,LATEST,balance_sheet,value,-70798346046.0,ACTUAL,VNSTOCK_BRONZE
SPC,LATEST,balance_sheet,order,113.0,ACTUAL,VNSTOCK_BRONZE
SPC,LATEST,balance_sheet,level,3.0,ACTUAL,VNSTOCK_BRONZE
SPC,LATEST,balance_sheet,off_balance,0.0,ACTUAL,VNSTOCK_BRONZE
SPC,LATEST,balance_sheet,value,-23102710428.0,ACTUAL,VNSTOCK_BRONZE
SPC,LATEST,balance_sheet,order,114.0,ACTUAL,VNSTOCK_BRONZE
SPC,LATEST,balance_sheet,level,3.0,ACTUAL,VNSTOCK_BRONZE
SPC,LATEST,balance_sheet,off_balance,0.0,ACTUAL,VNSTOCK_BRONZE
SPC,LATEST,balance_sheet,value,-47695635618.0,ACTUAL,VNSTOCK_BRONZE
SPC,LATEST,balance_sheet,order,115.0,ACTUAL,VNSTOCK_BRONZE
SPC,LATEST,balance_sheet,level,2.0,ACTUAL,VNSTOCK_BRONZE
SPC,LATEST,balance_sheet,off_balance,0.0,ACTUAL,VNSTOCK_BRONZE
SPC,LATEST,balance_sheet,value,10629302902.0,ACTUAL,VNSTOCK_BRONZE
SPC,LATEST,balance_sheet,order,116.0,ACTUAL,VNSTOCK_BRONZE
SPC,LATEST,balance_sheet,level,1.0,ACTUAL,VNSTOCK_BRONZE
SPC,LATEST,balance_sheet,off_balance,0.0,ACTUAL,VNSTOCK_BRONZE
SPC,LATEST,balance_sheet,value,0.0,ACTUAL,VNSTOCK_BRONZE
SPC,LATEST,balance_sheet,order,117.0,ACTUAL,VNSTOCK_BRONZE
SPC,LATEST,balance_sheet,level,2.0,ACTUAL,VNSTOCK_BRONZE
SPC,LATEST,balance_sheet,off_balance,0.0,ACTUAL,VNSTOCK_BRONZE
SPC,LATEST,balance_sheet,value,0.0,ACTUAL,VNSTOCK_BRONZE
SPC,LATEST,balance_sheet,order,118.0,ACTUAL,VNSTOCK_BRONZE
SPC,LATEST,balance_sheet,level,1.0,ACTUAL,VNSTOCK_BRONZE
SPC,LATEST,balance_sheet,off_balance,0.0,ACTUAL,VNSTOCK_BRONZE
SPC,LATEST,balance_sheet,value,481765679123.0,ACTUAL,VNSTOCK_BRONZE
SPC,LATEST,balance_sheet,order,1.0,ACTUAL,VNSTOCK_BRONZE
SPC,LATEST,balance_sheet,level,1.0,ACTUAL,VNSTOCK_BRONZE
SPC,LATEST,balance_sheet,off_balance,0.0,ACTUAL,VNSTOCK_BRONZE
SPC,LATEST,balance_sheet,value,408910029309.0,ACTUAL,VNSTOCK_BRONZE
SPC,LATEST,balance_sheet,order,2.0,ACTUAL,VNSTOCK_BRONZE
SPC,LATEST,balance_sheet,level,1.0,ACTUAL,VNSTOCK_BRONZE
SPC,LATEST,balance_sheet,off_balance,0.0,ACTUAL,VNSTOCK_BRONZE
SPC,LATEST,balance_sheet,value,19595760278.0,ACTUAL,VNSTOCK_BRONZE
SPC,LATEST,balance_sheet,order,3.0,ACTUAL,VNSTOCK_BRONZE
SPC,LATEST,balance_sheet,level,2.0,ACTUAL,VNSTOCK_BRONZE
SPC,LATEST,balance_sheet,off_balance,0.0,ACTUAL,VNSTOCK_BRONZE
SPC,LATEST,balance_sheet,value,19595760278.0,ACTUAL,VNSTOCK_BRONZE
SPC,LATEST,balance_sheet,order,4.0,ACTUAL,VNSTOCK_BRONZE
SPC,LATEST,balance_sheet,level,2.0,ACTUAL,VNSTOCK_BRONZE
SPC,LATEST,balance_sheet,off_balance,0.0,ACTUAL,VNSTOCK_BRONZE
SPC,LATEST,balance_sheet,value,0.0,ACTUAL,VNSTOCK_BRONZE
SPC,LATEST,balance_sheet,order,5.0,ACTUAL,VNSTOCK_BRONZE
SPC,LATEST,balance_sheet,level,1.0,ACTUAL,VNSTOCK_BRONZE
SPC,LATEST,balance_sheet,off_balance,0.0,ACTUAL,VNSTOCK_BRONZE
SPC,LATEST,balance_sheet,value,0.0,ACTUAL,VNSTOCK_BRONZE
SPC,LATEST,balance_sheet,order,6.0,ACTUAL,VNSTOCK_BRONZE
SPC,LATEST,balance_sheet,level,2.0,ACTUAL,VNSTOCK_BRONZE
SPC,LATEST,balance_sheet,off_balance,0.0,ACTUAL,VNSTOCK_BRONZE
SPC,LATEST,balance_sheet,value,0.0,ACTUAL,VNSTOCK_BRONZE
SPC,LATEST,balance_sheet,order,7.0,ACTUAL,VNSTOCK_BRONZE
SPC,LATEST,balance_sheet,level,2.0,ACTUAL,VNSTOCK_BRONZE
SPC,LATEST,balance_sheet,off_balance,0.0,ACTUAL,VNSTOCK_BRONZE
SPC,LATEST,balance_sheet,value,0.0,ACTUAL,VNSTOCK_BRONZE
SPC,LATEST,balance_sheet,order,8.0,ACTUAL,VNSTOCK_BRONZE
SPC,LATEST,balance_sheet,level,2.0,ACTUAL,VNSTOCK_BRONZE
SPC,LATEST,balance_sheet,off_balance,0.0,ACTUAL,VNSTOCK_BRONZE
SPC,LATEST,balance_sheet,value,0.0,ACTUAL,VNSTOCK_BRONZE
SPC,LATEST,balance_sheet,order,9.0,ACTUAL,VNSTOCK_BRONZE
SPC,LATEST,balance_sheet,level,1.0,ACTUAL,VNSTOCK_BRONZE
SPC,LATEST,balance_sheet,off_balance,0.0,ACTUAL,VNSTOCK_BRONZE
SPC,LATEST,balance_sheet,value,140902992089.0,ACTUAL,VNSTOCK_BRONZE
SPC,LATEST,balance_sheet,order,10.0,ACTUAL,VNSTOCK_BRONZE
SPC,LATEST,balance_sheet,level,2.0,ACTUAL,VNSTOCK_BRONZE
SPC,LATEST,balance_sheet,off_balance,0.0,ACTUAL,VNSTOCK_BRONZE
SPC,LATEST,balance_sheet,value,152130601432.0,ACTUAL,VNSTOCK_BRONZE
SPC,LATEST,balance_sheet,order,11.0,ACTUAL,VNSTOCK_BRONZE
SPC,LATEST,balance_sheet,level,2.0,ACTUAL,VNSTOCK_BRONZE
SPC,LATEST,balance_sheet,off_balance,0.0,ACTUAL,VNSTOCK_BRONZE
SPC,LATEST,balance_sheet,value,2111070569.0,ACTUAL,VNSTOCK_BRONZE
SPC,LATEST,balance_sheet,order,12.0,ACTUAL,VNSTOCK_BRONZE
SPC,LATEST,balance_sheet,level,2.0,ACTUAL,VNSTOCK_BRONZE
SPC,LATEST,balance_sheet,off_balance,0.0,ACTUAL,VNSTOCK_BRONZE
SPC,LATEST,balance_sheet,value,0.0,ACTUAL,VNSTOCK_BRONZE
SPC,LATEST,balance_sheet,order,13.0,ACTUAL,VNSTOCK_BRONZE
SPC,LATEST,balance_sheet,level,2.0,ACTUAL,VNSTOCK_BRONZE
SPC,LATEST,balance_sheet,off_balance,0.0,ACTUAL,VNSTOCK_BRONZE
SPC,LATEST,balance_sheet,value,0.0,ACTUAL,VNSTOCK_BRONZE
SPC,LATEST,balance_sheet,order,14.0,ACTUAL,VNSTOCK_BRONZE
SPC,LATEST,balance_sheet,level,2.0,ACTUAL,VNSTOCK_BRONZE
SPC,LATEST,balance_sheet,off_balance,0.0,ACTUAL,VNSTOCK_BRONZE
SPC,LATEST,balance_sheet,value,0.0,ACTUAL,VNSTOCK_BRONZE
SPC,LATEST,balance_sheet,order,15.0,ACTUAL,VNSTOCK_BRONZE
SPC,LATEST,balance_sheet,level,2.0,ACTUAL,VNSTOCK_BRONZE
SPC,LATEST,balance_sheet,off_balance,0.0,ACTUAL,VNSTOCK_BRONZE
SPC,LATEST,balance_sheet,value,5282452535.0,ACTUAL,VNSTOCK_BRONZE
SPC,LATEST,balance_sheet,order,16.0,ACTUAL,VNSTOCK_BRONZE
SPC,LATEST,balance_sheet,level,2.0,ACTUAL,VNSTOCK_BRONZE
SPC,LATEST,balance_sheet,off_balance,0.0,ACTUAL,VNSTOCK_BRONZE
SPC,LATEST,balance_sheet,value,-18621132447.0,ACTUAL,VNSTOCK_BRONZE
SPC,LATEST,balance_sheet,order,17.0,ACTUAL,VNSTOCK_BRONZE
SPC,LATEST,balance_sheet,level,2.0,ACTUAL,VNSTOCK_BRONZE
SPC,LATEST,balance_sheet,off_balance,0.0,ACTUAL,VNSTOCK_BRONZE
SPC,LATEST,balance_sheet,value,0.0,ACTUAL,VNSTOCK_BRONZE
SPC,LATEST,balance_sheet,order,18.0,ACTUAL,VNSTOCK_BRONZE
SPC,LATEST,balance_sheet,level,1.0,ACTUAL,VNSTOCK_BRONZE
SPC,LATEST,balance_sheet,off_balance,0.0,ACTUAL,VNSTOCK_BRONZE
SPC,LATEST,balance_sheet,value,222653389281.0,ACTUAL,VNSTOCK_BRONZE
SPC,LATEST,balance_sheet,order,19.0,ACTUAL,VNSTOCK_BRONZE
SPC,LATEST,balance_sheet,level,2.0,ACTUAL,VNSTOCK_BRONZE
SPC,LATEST,balance_sheet,off_balance,0.0,ACTUAL,VNSTOCK_BRONZE
SPC,LATEST,balance_sheet,value,232593811167.0,ACTUAL,VNSTOCK_BRONZE
SPC,LATEST,balance_sheet,order,20.0,ACTUAL,VNSTOCK_BRONZE
SPC,LATEST,balance_sheet,level,2.0,ACTUAL,VNSTOCK_BRONZE
SPC,LATEST,balance_sheet,off_balance,0.0,ACTUAL,VNSTOCK_BRONZE
SPC,LATEST,balance_sheet,value,-9940421886.0,ACTUAL,VNSTOCK_BRONZE
SPC,LATEST,balance_sheet,order,21.0,ACTUAL,VNSTOCK_BRONZE
SPC,LATEST,balance_sheet,level,1.0,ACTUAL,VNSTOCK_BRONZE
SPC,LATEST,balance_sheet,off_balance,0.0,ACTUAL,VNSTOCK_BRONZE
SPC,LATEST,balance_sheet,value,25757887661.0,ACTUAL,VNSTOCK_BRONZE
SPC,LATEST,balance_sheet,order,22.0,ACTUAL,VNSTOCK_BRONZE
SPC,LATEST,balance_sheet,level,2.0,ACTUAL,VNSTOCK_BRONZE
SPC,LATEST,balance_sheet,off_balance,0.0,ACTUAL,VNSTOCK_BRONZE
SPC,LATEST,balance_sheet,value,1829750009.0,ACTUAL,VNSTOCK_BRONZE
SPC,LATEST,balance_sheet,order,23.0,ACTUAL,VNSTOCK_BRONZE
SPC,LATEST,balance_sheet,level,2.0,ACTUAL,VNSTOCK_BRONZE
SPC,LATEST,balance_sheet,off_balance,0.0,ACTUAL,VNSTOCK_BRONZE
SPC,LATEST,balance_sheet,value,23038994606.0,ACTUAL,VNSTOCK_BRONZE
SPC,LATEST,balance_sheet,order,24.0,ACTUAL,VNSTOCK_BRONZE
SPC,LATEST,balance_sheet,level,2.0,ACTUAL,VNSTOCK_BRONZE
SPC,LATEST,balance_sheet,off_balance,0.0,ACTUAL,VNSTOCK_BRONZE
SPC,LATEST,balance_sheet,value,889143046.0,ACTUAL,VNSTOCK_BRONZE
SPC,LATEST,balance_sheet,order,25.0,ACTUAL,VNSTOCK_BRONZE
SPC,LATEST,balance_sheet,level,2.0,ACTUAL,VNSTOCK_BRONZE
SPC,LATEST,balance_sheet,off_balance,0.0,ACTUAL,VNSTOCK_BRONZE
SPC,LATEST,balance_sheet,value,0.0,ACTUAL,VNSTOCK_BRONZE
SPC,LATEST,balance_sheet,order,26.0,ACTUAL,VNSTOCK_BRONZE
SPC,LATEST,balance_sheet,level,1.0,ACTUAL,VNSTOCK_BRONZE
SPC,LATEST,balance_sheet,off_balance,0.0,ACTUAL,VNSTOCK_BRONZE
SPC,LATEST,balance_sheet,value,59133783980.0,ACTUAL,VNSTOCK_BRONZE
SPC,LATEST,balance_sheet,order,27.0,ACTUAL,VNSTOCK_BRONZE
SPC,LATEST,balance_sheet,level,1.0,ACTUAL,VNSTOCK_BRONZE
SPC,LATEST,balance_sheet,off_balance,0.0,ACTUAL,VNSTOCK_BRONZE
SPC,LATEST,balance_sheet,value,913878555.0,ACTUAL,VNSTOCK_BRONZE
SPC,LATEST,balance_sheet,order,28.0,ACTUAL,VNSTOCK_BRONZE
SPC,LATEST,balance_sheet,level,2.0,ACTUAL,VNSTOCK_BRONZE
SPC,LATEST,balance_sheet,off_balance,0.0,ACTUAL,VNSTOCK_BRONZE
SPC,LATEST,balance_sheet,value,0.0,ACTUAL,VNSTOCK_BRONZE
SPC,LATEST,balance_sheet,order,29.0,ACTUAL,VNSTOCK_BRONZE
SPC,LATEST,balance_sheet,level,2.0,ACTUAL,VNSTOCK_BRONZE
SPC,LATEST,balance_sheet,off_balance,0.0,ACTUAL,VNSTOCK_BRONZE
SPC,LATEST,balance_sheet,value,0.0,ACTUAL,VNSTOCK_BRONZE
SPC,LATEST,balance_sheet,order,30.0,ACTUAL,VNSTOCK_BRONZE
SPC,LATEST,balance_sheet,level,2.0,ACTUAL,VNSTOCK_BRONZE
SPC,LATEST,balance_sheet,off_balance,0.0,ACTUAL,VNSTOCK_BRONZE
SPC,LATEST,balance_sheet,value,0.0,ACTUAL,VNSTOCK_BRONZE
SPC,LATEST,balance_sheet,order,31.0,ACTUAL,VNSTOCK_BRONZE
SPC,LATEST,balance_sheet,level,2.0,ACTUAL,VNSTOCK_BRONZE
SPC,LATEST,balance_sheet,off_balance,0.0,ACTUAL,VNSTOCK_BRONZE
SPC,LATEST,balance_sheet,value,0.0,ACTUAL,VNSTOCK_BRONZE
SPC,LATEST,balance_sheet,order,32.0,ACTUAL,VNSTOCK_BRONZE
SPC,LATEST,balance_sheet,level,2.0,ACTUAL,VNSTOCK_BRONZE
SPC,LATEST,balance_sheet,off_balance,0.0,ACTUAL,VNSTOCK_BRONZE
SPC,LATEST,balance_sheet,value,913878555.0,ACTUAL,VNSTOCK_BRONZE
SPC,LATEST,balance_sheet,order,33.0,ACTUAL,VNSTOCK_BRONZE
SPC,LATEST,balance_sheet,level,2.0,ACTUAL,VNSTOCK_BRONZE
SPC,LATEST,balance_sheet,off_balance,0.0,ACTUAL,VNSTOCK_BRONZE
SPC,LATEST,balance_sheet,value,-0.0,ACTUAL,VNSTOCK_BRONZE
SPC,LATEST,balance_sheet,order,34.0,ACTUAL,VNSTOCK_BRONZE
SPC,LATEST,balance_sheet,level,1.0,ACTUAL,VNSTOCK_BRONZE
SPC,LATEST,balance_sheet,off_balance,0.0,ACTUAL,VNSTOCK_BRONZE
SPC,LATEST,balance_sheet,value,28558985543.0,ACTUAL,VNSTOCK_BRONZE
SPC,LATEST,balance_sheet,order,35.0,ACTUAL,VNSTOCK_BRONZE
SPC,LATEST,balance_sheet,level,2.0,ACTUAL,VNSTOCK_BRONZE
SPC,LATEST,balance_sheet,off_balance,0.0,ACTUAL,VNSTOCK_BRONZE
SPC,LATEST,balance_sheet,value,22655125110.0,ACTUAL,VNSTOCK_BRONZE
SPC,LATEST,balance_sheet,order,36.0,ACTUAL,VNSTOCK_BRONZE
SPC,LATEST,balance_sheet,level,3.0,ACTUAL,VNSTOCK_BRONZE
SPC,LATEST,balance_sheet,off_balance,0.0,ACTUAL,VNSTOCK_BRONZE
SPC,LATEST,balance_sheet,value,152926511608.0,ACTUAL,VNSTOCK_BRONZE
SPC,LATEST,balance_sheet,order,37.0,ACTUAL,VNSTOCK_BRONZE
SPC,LATEST,balance_sheet,level,3.0,ACTUAL,VNSTOCK_BRONZE
SPC,LATEST,balance_sheet,off_balance,0.0,ACTUAL,VNSTOCK_BRONZE
SPC,LATEST,balance_sheet,value,-130271386498.0,ACTUAL,VNSTOCK_BRONZE
SPC,LATEST,balance_sheet,order,38.0,ACTUAL,VNSTOCK_BRONZE
SPC,LATEST,balance_sheet,level,2.0,ACTUAL,VNSTOCK_BRONZE
SPC,LATEST,balance_sheet,off_balance,0.0,ACTUAL,VNSTOCK_BRONZE
SPC,LATEST,balance_sheet,value,1255772594.0,ACTUAL,VNSTOCK_BRONZE
SPC,LATEST,balance_sheet,order,39.0,ACTUAL,VNSTOCK_BRONZE
SPC,LATEST,balance_sheet,level,3.0,ACTUAL,VNSTOCK_BRONZE
SPC,LATEST,balance_sheet,off_balance,0.0,ACTUAL,VNSTOCK_BRONZE
SPC,LATEST,balance_sheet,value,2974198190.0,ACTUAL,VNSTOCK_BRONZE
SPC,LATEST,balance_sheet,order,40.0,ACTUAL,VNSTOCK_BRONZE
SPC,LATEST,balance_sheet,level,3.0,ACTUAL,VNSTOCK_BRONZE
SPC,LATEST,balance_sheet,off_balance,0.0,ACTUAL,VNSTOCK_BRONZE
SPC,LATEST,balance_sheet,value,-1718425596.0,ACTUAL,VNSTOCK_BRONZE
SPC,LATEST,balance_sheet,order,41.0,ACTUAL,VNSTOCK_BRONZE
SPC,LATEST,balance_sheet,level,2.0,ACTUAL,VNSTOCK_BRONZE
SPC,LATEST,balance_sheet,off_balance,0.0,ACTUAL,VNSTOCK_BRONZE
SPC,LATEST,balance_sheet,value,4648087839.0,ACTUAL,VNSTOCK_BRONZE
SPC,LATEST,balance_sheet,order,42.0,ACTUAL,VNSTOCK_BRONZE
SPC,LATEST,balance_sheet,level,3.0,ACTUAL,VNSTOCK_BRONZE
SPC,LATEST,balance_sheet,off_balance,0.0,ACTUAL,VNSTOCK_BRONZE
SPC,LATEST,balance_sheet,value,9261423802.0,ACTUAL,VNSTOCK_BRONZE
SPC,LATEST,balance_sheet,order,43.0,ACTUAL,VNSTOCK_BRONZE
SPC,LATEST,balance_sheet,level,3.0,ACTUAL,VNSTOCK_BRONZE
SPC,LATEST,balance_sheet,off_balance,0.0,ACTUAL,VNSTOCK_BRONZE
SPC,LATEST,balance_sheet,value,-4613335963.0,ACTUAL,VNSTOCK_BRONZE
SPC,LATEST,balance_sheet,order,44.0,ACTUAL,VNSTOCK_BRONZE
SPC,LATEST,balance_sheet,level,1.0,ACTUAL,VNSTOCK_BRONZE
SPC,LATEST,balance_sheet,off_balance,0.0,ACTUAL,VNSTOCK_BRONZE
SPC,LATEST,balance_sheet,value,203632076.0,ACTUAL,VNSTOCK_BRONZE
SPC,LATEST,balance_sheet,order,45.0,ACTUAL,VNSTOCK_BRONZE
SPC,LATEST,balance_sheet,level,2.0,ACTUAL,VNSTOCK_BRONZE
SPC,LATEST,balance_sheet,off_balance,0.0,ACTUAL,VNSTOCK_BRONZE
SPC,LATEST,balance_sheet,value,1903357702.0,ACTUAL,VNSTOCK_BRONZE
SPC,LATEST,balance_sheet,order,46.0,ACTUAL,VNSTOCK_BRONZE
SPC,LATEST,balance_sheet,level,2.0,ACTUAL,VNSTOCK_BRONZE
SPC,LATEST,balance_sheet,off_balance,0.0,ACTUAL,VNSTOCK_BRONZE
SPC,LATEST,balance_sheet,value,-1699725626.0,ACTUAL,VNSTOCK_BRONZE
SPC,LATEST,balance_sheet,order,47.0,ACTUAL,VNSTOCK_BRONZE
SPC,LATEST,balance_sheet,level,1.0,ACTUAL,VNSTOCK_BRONZE
SPC,LATEST,balance_sheet,off_balance,0.0,ACTUAL,VNSTOCK_BRONZE
SPC,LATEST,balance_sheet,value,4873604417.0,ACTUAL,VNSTOCK_BRONZE
SPC,LATEST,balance_sheet,order,48.0,ACTUAL,VNSTOCK_BRONZE
SPC,LATEST,balance_sheet,level,2.0,ACTUAL,VNSTOCK_BRONZE
SPC,LATEST,balance_sheet,off_balance,0.0,ACTUAL,VNSTOCK_BRONZE
SPC,LATEST,balance_sheet,value,0.0,ACTUAL,VNSTOCK_BRONZE
SPC,LATEST,balance_sheet,order,49.0,ACTUAL,VNSTOCK_BRONZE
SPC,LATEST,balance_sheet,level,2.0,ACTUAL,VNSTOCK_BRONZE
SPC,LATEST,balance_sheet,off_balance,0.0,ACTUAL,VNSTOCK_BRONZE
SPC,LATEST,balance_sheet,value,4873604417.0,ACTUAL,VNSTOCK_BRONZE
SPC,LATEST,balance_sheet,order,50.0,ACTUAL,VNSTOCK_BRONZE
SPC,LATEST,balance_sheet,level,1.0,ACTUAL,VNSTOCK_BRONZE
SPC,LATEST,balance_sheet,off_balance,0.0,ACTUAL,VNSTOCK_BRONZE
SPC,LATEST,balance_sheet,value,0.0,ACTUAL,VNSTOCK_BRONZE
SPC,LATEST,balance_sheet,order,51.0,ACTUAL,VNSTOCK_BRONZE
SPC,LATEST,balance_sheet,level,2.0,ACTUAL,VNSTOCK_BRONZE
SPC,LATEST,balance_sheet,off_balance,0.0,ACTUAL,VNSTOCK_BRONZE
SPC,LATEST,balance_sheet,value,0.0,ACTUAL,VNSTOCK_BRONZE
SPC,LATEST,balance_sheet,order,52.0,ACTUAL,VNSTOCK_BRONZE
SPC,LATEST,balance_sheet,level,2.0,ACTUAL,VNSTOCK_BRONZE
SPC,LATEST,balance_sheet,off_balance,0.0,ACTUAL,VNSTOCK_BRONZE
SPC,LATEST,balance_sheet,value,0.0,ACTUAL,VNSTOCK_BRONZE
SPC,LATEST,balance_sheet,order,53.0,ACTUAL,VNSTOCK_BRONZE
SPC,LATEST,balance_sheet,level,2.0,ACTUAL,VNSTOCK_BRONZE
SPC,LATEST,balance_sheet,off_balance,0.0,ACTUAL,VNSTOCK_BRONZE
SPC,LATEST,balance_sheet,value,0.0,ACTUAL,VNSTOCK_BRONZE
SPC,LATEST,balance_sheet,order,54.0,ACTUAL,VNSTOCK_BRONZE
SPC,LATEST,balance_sheet,level,2.0,ACTUAL,VNSTOCK_BRONZE
SPC,LATEST,balance_sheet,off_balance,0.0,ACTUAL,VNSTOCK_BRONZE
SPC,LATEST,balance_sheet,value,0.0,ACTUAL,VNSTOCK_BRONZE
SPC,LATEST,balance_sheet,order,55.0,ACTUAL,VNSTOCK_BRONZE
SPC,LATEST,balance_sheet,level,2.0,ACTUAL,VNSTOCK_BRONZE
SPC,LATEST,balance_sheet,off_balance,0.0,ACTUAL,VNSTOCK_BRONZE
SPC,LATEST,balance_sheet,value,0.0,ACTUAL,VNSTOCK_BRONZE
SPC,LATEST,balance_sheet,order,56.0,ACTUAL,VNSTOCK_BRONZE
SPC,LATEST,balance_sheet,level,1.0,ACTUAL,VNSTOCK_BRONZE
SPC,LATEST,balance_sheet,off_balance,0.0,ACTUAL,VNSTOCK_BRONZE
SPC,LATEST,balance_sheet,value,24583683389.0,ACTUAL,VNSTOCK_BRONZE
SPC,LATEST,balance_sheet,order,57.0,ACTUAL,VNSTOCK_BRONZE
SPC,LATEST,balance_sheet,level,2.0,ACTUAL,VNSTOCK_BRONZE
SPC,LATEST,balance_sheet,off_balance,0.0,ACTUAL,VNSTOCK_BRONZE
SPC,LATEST,balance_sheet,value,0.0,ACTUAL,VNSTOCK_BRONZE
SPC,LATEST,balance_sheet,order,58.0,ACTUAL,VNSTOCK_BRONZE
SPC,LATEST,balance_sheet,level,2.0,ACTUAL,VNSTOCK_BRONZE
SPC,LATEST,balance_sheet,off_balance,0.0,ACTUAL,VNSTOCK_BRONZE
SPC,LATEST,balance_sheet,value,13848101761.0,ACTUAL,VNSTOCK_BRONZE
SPC,LATEST,balance_sheet,order,59.0,ACTUAL,VNSTOCK_BRONZE
SPC,LATEST,balance_sheet,level,2.0,ACTUAL,VNSTOCK_BRONZE
SPC,LATEST,balance_sheet,off_balance,0.0,ACTUAL,VNSTOCK_BRONZE
SPC,LATEST,balance_sheet,value,10735581628.0,ACTUAL,VNSTOCK_BRONZE
SPC,LATEST,balance_sheet,order,60.0,ACTUAL,VNSTOCK_BRONZE
SPC,LATEST,balance_sheet,level,2.0,ACTUAL,VNSTOCK_BRONZE
SPC,LATEST,balance_sheet,off_balance,0.0,ACTUAL,VNSTOCK_BRONZE
SPC,LATEST,balance_sheet,value,0.0,ACTUAL,VNSTOCK_BRONZE
SPC,LATEST,balance_sheet,order,61.0,ACTUAL,VNSTOCK_BRONZE
SPC,LATEST,balance_sheet,level,2.0,ACTUAL,VNSTOCK_BRONZE
SPC,LATEST,balance_sheet,off_balance,0.0,ACTUAL,VNSTOCK_BRONZE
SPC,LATEST,balance_sheet,value,0.0,ACTUAL,VNSTOCK_BRONZE
SPC,LATEST,balance_sheet,order,62.0,ACTUAL,VNSTOCK_BRONZE
SPC,LATEST,balance_sheet,level,2.0,ACTUAL,VNSTOCK_BRONZE
SPC,LATEST,balance_sheet,off_balance,0.0,ACTUAL,VNSTOCK_BRONZE
SPC,LATEST,balance_sheet,value,0.0,ACTUAL,VNSTOCK_BRONZE
SPC,LATEST,balance_sheet,order,63.0,ACTUAL,VNSTOCK_BRONZE
SPC,LATEST,balance_sheet,level,1.0,ACTUAL,VNSTOCK_BRONZE
SPC,LATEST,balance_sheet,off_balance,0.0,ACTUAL,VNSTOCK_BRONZE
SPC,LATEST,balance_sheet,value,468043813289.0,ACTUAL,VNSTOCK_BRONZE
SPC,LATEST,balance_sheet,order,64.0,ACTUAL,VNSTOCK_BRONZE
SPC,LATEST,balance_sheet,level,1.0,ACTUAL,VNSTOCK_BRONZE
SPC,LATEST,balance_sheet,off_balance,0.0,ACTUAL,VNSTOCK_BRONZE
SPC,LATEST,balance_sheet,value,323385308476.0,ACTUAL,VNSTOCK_BRONZE
SPC,LATEST,balance_sheet,order,65.0,ACTUAL,VNSTOCK_BRONZE
SPC,LATEST,balance_sheet,level,1.0,ACTUAL,VNSTOCK_BRONZE
SPC,LATEST,balance_sheet,off_balance,0.0,ACTUAL,VNSTOCK_BRONZE
SPC,LATEST,balance_sheet,value,316365475434.0,ACTUAL,VNSTOCK_BRONZE
SPC,LATEST,balance_sheet,order,66.0,ACTUAL,VNSTOCK_BRONZE
SPC,LATEST,balance_sheet,level,2.0,ACTUAL,VNSTOCK_BRONZE
SPC,LATEST,balance_sheet,off_balance,0.0,ACTUAL,VNSTOCK_BRONZE
SPC,LATEST,balance_sheet,value,0.0,ACTUAL,VNSTOCK_BRONZE
SPC,LATEST,balance_sheet,order,67.0,ACTUAL,VNSTOCK_BRONZE
SPC,LATEST,balance_sheet,level,2.0,ACTUAL,VNSTOCK_BRONZE
SPC,LATEST,balance_sheet,off_balance,0.0,ACTUAL,VNSTOCK_BRONZE
SPC,LATEST,balance_sheet,value,0.0,ACTUAL,VNSTOCK_BRONZE
SPC,LATEST,balance_sheet,order,68.0,ACTUAL,VNSTOCK_BRONZE
SPC,LATEST,balance_sheet,level,2.0,ACTUAL,VNSTOCK_BRONZE
SPC,LATEST,balance_sheet,off_balance,0.0,ACTUAL,VNSTOCK_BRONZE
SPC,LATEST,balance_sheet,value,0.0,ACTUAL,VNSTOCK_BRONZE
SPC,LATEST,balance_sheet,order,69.0,ACTUAL,VNSTOCK_BRONZE
SPC,LATEST,balance_sheet,level,2.0,ACTUAL,VNSTOCK_BRONZE
SPC,LATEST,balance_sheet,off_balance,0.0,ACTUAL,VNSTOCK_BRONZE
SPC,LATEST,balance_sheet,value,171859705577.0,ACTUAL,VNSTOCK_BRONZE
SPC,LATEST,balance_sheet,order,70.0,ACTUAL,VNSTOCK_BRONZE
SPC,LATEST,balance_sheet,level,2.0,ACTUAL,VNSTOCK_BRONZE
SPC,LATEST,balance_sheet,off_balance,0.0,ACTUAL,VNSTOCK_BRONZE
SPC,LATEST,balance_sheet,value,231461799.0,ACTUAL,VNSTOCK_BRONZE
SPC,LATEST,balance_sheet,order,71.0,ACTUAL,VNSTOCK_BRONZE
SPC,LATEST,balance_sheet,level,2.0,ACTUAL,VNSTOCK_BRONZE
SPC,LATEST,balance_sheet,off_balance,0.0,ACTUAL,VNSTOCK_BRONZE
SPC,LATEST,balance_sheet,value,4558384838.0,ACTUAL,VNSTOCK_BRONZE
SPC,LATEST,balance_sheet,order,72.0,ACTUAL,VNSTOCK_BRONZE
SPC,LATEST,balance_sheet,level,2.0,ACTUAL,VNSTOCK_BRONZE
SPC,LATEST,balance_sheet,off_balance,0.0,ACTUAL,VNSTOCK_BRONZE
SPC,LATEST,balance_sheet,value,7244951058.0,ACTUAL,VNSTOCK_BRONZE
SPC,LATEST,balance_sheet,order,73.0,ACTUAL,VNSTOCK_BRONZE
SPC,LATEST,balance_sheet,level,2.0,ACTUAL,VNSTOCK_BRONZE
SPC,LATEST,balance_sheet,off_balance,0.0,ACTUAL,VNSTOCK_BRONZE
SPC,LATEST,balance_sheet,value,640764622.0,ACTUAL,VNSTOCK_BRONZE
SPC,LATEST,balance_sheet,order,74.0,ACTUAL,VNSTOCK_BRONZE
SPC,LATEST,balance_sheet,level,2.0,ACTUAL,VNSTOCK_BRONZE
SPC,LATEST,balance_sheet,off_balance,0.0,ACTUAL,VNSTOCK_BRONZE
SPC,LATEST,balance_sheet,value,0.0,ACTUAL,VNSTOCK_BRONZE
SPC,LATEST,balance_sheet,order,75.0,ACTUAL,VNSTOCK_BRONZE
SPC,LATEST,balance_sheet,level,2.0,ACTUAL,VNSTOCK_BRONZE
SPC,LATEST,balance_sheet,off_balance,0.0,ACTUAL,VNSTOCK_BRONZE
SPC,LATEST,balance_sheet,value,0.0,ACTUAL,VNSTOCK_BRONZE
SPC,LATEST,balance_sheet,order,76.0,ACTUAL,VNSTOCK_BRONZE
SPC,LATEST,balance_sheet,level,2.0,ACTUAL,VNSTOCK_BRONZE
SPC,LATEST,balance_sheet,off_balance,0.0,ACTUAL,VNSTOCK_BRONZE
SPC,LATEST,balance_sheet,value,26659951931.0,ACTUAL,VNSTOCK_BRONZE
SPC,LATEST,balance_sheet,order,77.0,ACTUAL,VNSTOCK_BRONZE
SPC,LATEST,balance_sheet,level,2.0,ACTUAL,VNSTOCK_BRONZE
SPC,LATEST,balance_sheet,off_balance,0.0,ACTUAL,VNSTOCK_BRONZE
SPC,LATEST,balance_sheet,value,105091837559.0,ACTUAL,VNSTOCK_BRONZE
SPC,LATEST,balance_sheet,order,78.0,ACTUAL,VNSTOCK_BRONZE
SPC,LATEST,balance_sheet,level,2.0,ACTUAL,VNSTOCK_BRONZE
SPC,LATEST,balance_sheet,off_balance,0.0,ACTUAL,VNSTOCK_BRONZE
SPC,LATEST,balance_sheet,value,0.0,ACTUAL,VNSTOCK_BRONZE
SPC,LATEST,balance_sheet,order,79.0,ACTUAL,VNSTOCK_BRONZE
SPC,LATEST,balance_sheet,level,2.0,ACTUAL,VNSTOCK_BRONZE
SPC,LATEST,balance_sheet,off_balance,0.0,ACTUAL,VNSTOCK_BRONZE
SPC,LATEST,balance_sheet,value,78418050.0,ACTUAL,VNSTOCK_BRONZE
SPC,LATEST,balance_sheet,order,80.0,ACTUAL,VNSTOCK_BRONZE
SPC,LATEST,balance_sheet,level,2.0,ACTUAL,VNSTOCK_BRONZE
SPC,LATEST,balance_sheet,off_balance,0.0,ACTUAL,VNSTOCK_BRONZE
SPC,LATEST,balance_sheet,value,0.0,ACTUAL,VNSTOCK_BRONZE
SPC,LATEST,balance_sheet,order,81.0,ACTUAL,VNSTOCK_BRONZE
SPC,LATEST,balance_sheet,level,2.0,ACTUAL,VNSTOCK_BRONZE
SPC,LATEST,balance_sheet,off_balance,0.0,ACTUAL,VNSTOCK_BRONZE
SPC,LATEST,balance_sheet,value,0.0,ACTUAL,VNSTOCK_BRONZE
SPC,LATEST,balance_sheet,order,82.0,ACTUAL,VNSTOCK_BRONZE
SPC,LATEST,balance_sheet,level,1.0,ACTUAL,VNSTOCK_BRONZE
SPC,LATEST,balance_sheet,off_balance,0.0,ACTUAL,VNSTOCK_BRONZE
SPC,LATEST,balance_sheet,value,7019833042.0,ACTUAL,VNSTOCK_BRONZE
SPC,LATEST,balance_sheet,order,83.0,ACTUAL,VNSTOCK_BRONZE
SPC,LATEST,balance_sheet,level,2.0,ACTUAL,VNSTOCK_BRONZE
SPC,LATEST,balance_sheet,off_balance,0.0,ACTUAL,VNSTOCK_BRONZE
SPC,LATEST,balance_sheet,value,0.0,ACTUAL,VNSTOCK_BRONZE
SPC,LATEST,balance_sheet,order,84.0,ACTUAL,VNSTOCK_BRONZE
SPC,LATEST,balance_sheet,level,2.0,ACTUAL,VNSTOCK_BRONZE
SPC,LATEST,balance_sheet,off_balance,0.0,ACTUAL,VNSTOCK_BRONZE
SPC,LATEST,balance_sheet,order,85.0,ACTUAL,VNSTOCK_BRONZE
SPC,LATEST,balance_sheet,level,2.0,ACTUAL,VNSTOCK_BRONZE
SPC,LATEST,balance_sheet,off_balance,0.0,ACTUAL,VNSTOCK_BRONZE
SPC,LATEST,balance_sheet,value,0.0,ACTUAL,VNSTOCK_BRONZE
SPC,LATEST,balance_sheet,order,86.0,ACTUAL,VNSTOCK_BRONZE
SPC,LATEST,balance_sheet,level,2.0,ACTUAL,VNSTOCK_BRONZE
SPC,LATEST,balance_sheet,off_balance,0.0,ACTUAL,VNSTOCK_BRONZE
SPC,LATEST,balance_sheet,value,0.0,ACTUAL,VNSTOCK_BRONZE
SPC,LATEST,balance_sheet,order,87.0,ACTUAL,VNSTOCK_BRONZE
SPC,LATEST,balance_sheet,level,2.0,ACTUAL,VNSTOCK_BRONZE
SPC,LATEST,balance_sheet,off_balance,0.0,ACTUAL,VNSTOCK_BRONZE
SPC,LATEST,balance_sheet,value,0.0,ACTUAL,VNSTOCK_BRONZE
SPC,LATEST,balance_sheet,order,88.0,ACTUAL,VNSTOCK_BRONZE
SPC,LATEST,balance_sheet,level,2.0,ACTUAL,VNSTOCK_BRONZE
SPC,LATEST,balance_sheet,off_balance,0.0,ACTUAL,VNSTOCK_BRONZE
SPC,LATEST,balance_sheet,value,0.0,ACTUAL,VNSTOCK_BRONZE
SPC,LATEST,balance_sheet,order,89.0,ACTUAL,VNSTOCK_BRONZE
SPC,LATEST,balance_sheet,level,2.0,ACTUAL,VNSTOCK_BRONZE
SPC,LATEST,balance_sheet,off_balance,0.0,ACTUAL,VNSTOCK_BRONZE
SPC,LATEST,balance_sheet,value,0.0,ACTUAL,VNSTOCK_BRONZE
SPC,LATEST,balance_sheet,order,90.0,ACTUAL,VNSTOCK_BRONZE
SPC,LATEST,balance_sheet,level,2.0,ACTUAL,VNSTOCK_BRONZE
SPC,LATEST,balance_sheet,off_balance,0.0,ACTUAL,VNSTOCK_BRONZE
SPC,LATEST,balance_sheet,value,1426854000.0,ACTUAL,VNSTOCK_BRONZE
SPC,LATEST,balance_sheet,order,91.0,ACTUAL,VNSTOCK_BRONZE
SPC,LATEST,balance_sheet,level,2.0,ACTUAL,VNSTOCK_BRONZE
SPC,LATEST,balance_sheet,off_balance,0.0,ACTUAL,VNSTOCK_BRONZE
SPC,LATEST,balance_sheet,value,579684244.0,ACTUAL,VNSTOCK_BRONZE
SPC,LATEST,balance_sheet,order,92.0,ACTUAL,VNSTOCK_BRONZE
SPC,LATEST,balance_sheet,level,2.0,ACTUAL,VNSTOCK_BRONZE
SPC,LATEST,balance_sheet,off_balance,0.0,ACTUAL,VNSTOCK_BRONZE
SPC,LATEST,balance_sheet,value,0.0,ACTUAL,VNSTOCK_BRONZE
SPC,LATEST,balance_sheet,order,93.0,ACTUAL,VNSTOCK_BRONZE
SPC,LATEST,balance_sheet,level,2.0,ACTUAL,VNSTOCK_BRONZE
SPC,LATEST,balance_sheet,off_balance,0.0,ACTUAL,VNSTOCK_BRONZE
SPC,LATEST,balance_sheet,value,5013294798.0,ACTUAL,VNSTOCK_BRONZE
SPC,LATEST,balance_sheet,order,94.0,ACTUAL,VNSTOCK_BRONZE
SPC,LATEST,balance_sheet,level,2.0,ACTUAL,VNSTOCK_BRONZE
SPC,LATEST,balance_sheet,off_balance,0.0,ACTUAL,VNSTOCK_BRONZE
SPC,LATEST,balance_sheet,value,0.0,ACTUAL,VNSTOCK_BRONZE
SPC,LATEST,balance_sheet,order,95.0,ACTUAL,VNSTOCK_BRONZE
SPC,LATEST,balance_sheet,level,2.0,ACTUAL,VNSTOCK_BRONZE
SPC,LATEST,balance_sheet,off_balance,0.0,ACTUAL,VNSTOCK_BRONZE
SPC,LATEST,balance_sheet,value,0.0,ACTUAL,VNSTOCK_BRONZE
SPC,LATEST,balance_sheet,order,96.0,ACTUAL,VNSTOCK_BRONZE
SPC,LATEST,balance_sheet,level,1.0,ACTUAL,VNSTOCK_BRONZE
SPC,LATEST,balance_sheet,off_balance,0.0,ACTUAL,VNSTOCK_BRONZE
SPC,LATEST,balance_sheet,value,144658504813.0,ACTUAL,VNSTOCK_BRONZE
SPC,LATEST,balance_sheet,order,97.0,ACTUAL,VNSTOCK_BRONZE
SPC,LATEST,balance_sheet,level,1.0,ACTUAL,VNSTOCK_BRONZE
SPC,LATEST,balance_sheet,off_balance,0.0,ACTUAL,VNSTOCK_BRONZE
SPC,LATEST,balance_sheet,value,144658504813.0,ACTUAL,VNSTOCK_BRONZE
SPC,LATEST,balance_sheet,order,98.0,ACTUAL,VNSTOCK_BRONZE
SPC,LATEST,balance_sheet,level,2.0,ACTUAL,VNSTOCK_BRONZE
SPC,LATEST,balance_sheet,off_balance,0.0,ACTUAL,VNSTOCK_BRONZE
SPC,LATEST,balance_sheet,value,0.0,ACTUAL,VNSTOCK_BRONZE
SPC,LATEST,balance_sheet,order,99.0,ACTUAL,VNSTOCK_BRONZE
SPC,LATEST,balance_sheet,level,2.0,ACTUAL,VNSTOCK_BRONZE
SPC,LATEST,balance_sheet,off_balance,0.0,ACTUAL,VNSTOCK_BRONZE
SPC,LATEST,balance_sheet,value,0.0,ACTUAL,VNSTOCK_BRONZE
SPC,LATEST,balance_sheet,order,100.0,ACTUAL,VNSTOCK_BRONZE
SPC,LATEST,balance_sheet,level,2.0,ACTUAL,VNSTOCK_BRONZE
SPC,LATEST,balance_sheet,off_balance,0.0,ACTUAL,VNSTOCK_BRONZE
SPC,LATEST,balance_sheet,value,0.0,ACTUAL,VNSTOCK_BRONZE
SPC,LATEST,balance_sheet,order,101.0,ACTUAL,VNSTOCK_BRONZE
SPC,LATEST,balance_sheet,level,2.0,ACTUAL,VNSTOCK_BRONZE
SPC,LATEST,balance_sheet,off_balance,0.0,ACTUAL,VNSTOCK_BRONZE
SPC,LATEST,balance_sheet,value,0.0,ACTUAL,VNSTOCK_BRONZE
SPC,LATEST,balance_sheet,order,102.0,ACTUAL,VNSTOCK_BRONZE
SPC,LATEST,balance_sheet,level,2.0,ACTUAL,VNSTOCK_BRONZE
SPC,LATEST,balance_sheet,off_balance,0.0,ACTUAL,VNSTOCK_BRONZE
SPC,LATEST,balance_sheet,value,105300000000.0,ACTUAL,VNSTOCK_BRONZE
SPC,LATEST,balance_sheet,order,103.0,ACTUAL,VNSTOCK_BRONZE
SPC,LATEST,balance_sheet,level,3.0,ACTUAL,VNSTOCK_BRONZE
SPC,LATEST,balance_sheet,off_balance,0.0,ACTUAL,VNSTOCK_BRONZE
SPC,LATEST,balance_sheet,value,105300000000.0,ACTUAL,VNSTOCK_BRONZE
SPC,LATEST,balance_sheet,order,104.0,ACTUAL,VNSTOCK_BRONZE
SPC,LATEST,balance_sheet,level,2.0,ACTUAL,VNSTOCK_BRONZE
SPC,LATEST,balance_sheet,off_balance,0.0,ACTUAL,VNSTOCK_BRONZE
SPC,LATEST,balance_sheet,value,782715818.0,ACTUAL,VNSTOCK_BRONZE
SPC,LATEST,balance_sheet,order,105.0,ACTUAL,VNSTOCK_BRONZE
SPC,LATEST,balance_sheet,level,2.0,ACTUAL,VNSTOCK_BRONZE
SPC,LATEST,balance_sheet,off_balance,0.0,ACTUAL,VNSTOCK_BRONZE
SPC,LATEST,balance_sheet,value,0.0,ACTUAL,VNSTOCK_BRONZE
SPC,LATEST,balance_sheet,order,106.0,ACTUAL,VNSTOCK_BRONZE
SPC,LATEST,balance_sheet,level,2.0,ACTUAL,VNSTOCK_BRONZE
SPC,LATEST,balance_sheet,off_balance,0.0,ACTUAL,VNSTOCK_BRONZE
SPC,LATEST,balance_sheet,value,0.0,ACTUAL,VNSTOCK_BRONZE
SPC,LATEST,balance_sheet,order,107.0,ACTUAL,VNSTOCK_BRONZE
SPC,LATEST,balance_sheet,level,2.0,ACTUAL,VNSTOCK_BRONZE
SPC,LATEST,balance_sheet,off_balance,0.0,ACTUAL,VNSTOCK_BRONZE
SPC,LATEST,balance_sheet,value,0.0,ACTUAL,VNSTOCK_BRONZE
SPC,LATEST,balance_sheet,order,108.0,ACTUAL,VNSTOCK_BRONZE
SPC,LATEST,balance_sheet,level,2.0,ACTUAL,VNSTOCK_BRONZE
SPC,LATEST,balance_sheet,off_balance,0.0,ACTUAL,VNSTOCK_BRONZE
SPC,LATEST,balance_sheet,value,12789866873.0,ACTUAL,VNSTOCK_BRONZE
SPC,LATEST,balance_sheet,order,109.0,ACTUAL,VNSTOCK_BRONZE
SPC,LATEST,balance_sheet,level,2.0,ACTUAL,VNSTOCK_BRONZE
SPC,LATEST,balance_sheet,off_balance,0.0,ACTUAL,VNSTOCK_BRONZE
SPC,LATEST,balance_sheet,value,62595463630.0,ACTUAL,VNSTOCK_BRONZE
SPC,LATEST,balance_sheet,order,110.0,ACTUAL,VNSTOCK_BRONZE
SPC,LATEST,balance_sheet,level,2.0,ACTUAL,VNSTOCK_BRONZE
SPC,LATEST,balance_sheet,off_balance,0.0,ACTUAL,VNSTOCK_BRONZE
SPC,LATEST,balance_sheet,value,0.0,ACTUAL,VNSTOCK_BRONZE
SPC,LATEST,balance_sheet,order,111.0,ACTUAL,VNSTOCK_BRONZE
SPC,LATEST,balance_sheet,level,2.0,ACTUAL,VNSTOCK_BRONZE
SPC,LATEST,balance_sheet,off_balance,0.0,ACTUAL,VNSTOCK_BRONZE
SPC,LATEST,balance_sheet,value,0.0,ACTUAL,VNSTOCK_BRONZE
SPC,LATEST,balance_sheet,order,112.0,ACTUAL,VNSTOCK_BRONZE
SPC,LATEST,balance_sheet,level,2.0,ACTUAL,VNSTOCK_BRONZE
SPC,LATEST,balance_sheet,off_balance,0.0,ACTUAL,VNSTOCK_BRONZE
SPC,LATEST,balance_sheet,value,-47648726626.0,ACTUAL,VNSTOCK_BRONZE
SPC,LATEST,balance_sheet,order,113.0,ACTUAL,VNSTOCK_BRONZE
SPC,LATEST,balance_sheet,level,3.0,ACTUAL,VNSTOCK_BRONZE
SPC,LATEST,balance_sheet,off_balance,0.0,ACTUAL,VNSTOCK_BRONZE
SPC,LATEST,balance_sheet,value,-22495118604.0,ACTUAL,VNSTOCK_BRONZE
SPC,LATEST,balance_sheet,order,114.0,ACTUAL,VNSTOCK_BRONZE
SPC,LATEST,balance_sheet,level,3.0,ACTUAL,VNSTOCK_BRONZE
SPC,LATEST,balance_sheet,off_balance,0.0,ACTUAL,VNSTOCK_BRONZE
SPC,LATEST,balance_sheet,value,-25153608022.0,ACTUAL,VNSTOCK_BRONZE
SPC,LATEST,balance_sheet,order,115.0,ACTUAL,VNSTOCK_BRONZE
SPC,LATEST,balance_sheet,level,2.0,ACTUAL,VNSTOCK_BRONZE
SPC,LATEST,balance_sheet,off_balance,0.0,ACTUAL,VNSTOCK_BRONZE
SPC,LATEST,balance_sheet,value,10839185118.0,ACTUAL,VNSTOCK_BRONZE
SPC,LATEST,balance_sheet,order,116.0,ACTUAL,VNSTOCK_BRONZE
SPC,LATEST,balance_sheet,level,1.0,ACTUAL,VNSTOCK_BRONZE
SPC,LATEST,balance_sheet,off_balance,0.0,ACTUAL,VNSTOCK_BRONZE
SPC,LATEST,balance_sheet,value,0.0,ACTUAL,VNSTOCK_BRONZE
SPC,LATEST,balance_sheet,order,117.0,ACTUAL,VNSTOCK_BRONZE
SPC,LATEST,balance_sheet,level,2.0,ACTUAL,VNSTOCK_BRONZE
SPC,LATEST,balance_sheet,off_balance,0.0,ACTUAL,VNSTOCK_BRONZE
SPC,LATEST,balance_sheet,value,0.0,ACTUAL,VNSTOCK_BRONZE
SPC,LATEST,balance_sheet,order,118.0,ACTUAL,VNSTOCK_BRONZE
SPC,LATEST,balance_sheet,level,1.0,ACTUAL,VNSTOCK_BRONZE
SPC,LATEST,balance_sheet,off_balance,0.0,ACTUAL,VNSTOCK_BRONZE
SPC,LATEST,balance_sheet,value,468043813289.0,ACTUAL,VNSTOCK_BRONZE
SPC,LATEST,balance_sheet,order,1.0,ACTUAL,VNSTOCK_BRONZE
SPC,LATEST,balance_sheet,level,1.0,ACTUAL,VNSTOCK_BRONZE
SPC,LATEST,balance_sheet,off_balance,0.0,ACTUAL,VNSTOCK_BRONZE
SPC,LATEST,balance_sheet,value,453164308261.0,ACTUAL,VNSTOCK_BRONZE
SPC,LATEST,balance_sheet,order,2.0,ACTUAL,VNSTOCK_BRONZE
SPC,LATEST,balance_sheet,level,1.0,ACTUAL,VNSTOCK_BRONZE
SPC,LATEST,balance_sheet,off_balance,0.0,ACTUAL,VNSTOCK_BRONZE
SPC,LATEST,balance_sheet,value,28903336450.0,ACTUAL,VNSTOCK_BRONZE
SPC,LATEST,balance_sheet,order,3.0,ACTUAL,VNSTOCK_BRONZE
SPC,LATEST,balance_sheet,level,2.0,ACTUAL,VNSTOCK_BRONZE
SPC,LATEST,balance_sheet,off_balance,0.0,ACTUAL,VNSTOCK_BRONZE
SPC,LATEST,balance_sheet,value,28903336450.0,ACTUAL,VNSTOCK_BRONZE
SPC,LATEST,balance_sheet,order,4.0,ACTUAL,VNSTOCK_BRONZE
SPC,LATEST,balance_sheet,level,2.0,ACTUAL,VNSTOCK_BRONZE
SPC,LATEST,balance_sheet,off_balance,0.0,ACTUAL,VNSTOCK_BRONZE
SPC,LATEST,balance_sheet,value,0.0,ACTUAL,VNSTOCK_BRONZE
SPC,LATEST,balance_sheet,order,5.0,ACTUAL,VNSTOCK_BRONZE
SPC,LATEST,balance_sheet,level,1.0,ACTUAL,VNSTOCK_BRONZE
SPC,LATEST,balance_sheet,off_balance,0.0,ACTUAL,VNSTOCK_BRONZE
SPC,LATEST,balance_sheet,value,0.0,ACTUAL,VNSTOCK_BRONZE
SPC,LATEST,balance_sheet,order,6.0,ACTUAL,VNSTOCK_BRONZE
SPC,LATEST,balance_sheet,level,2.0,ACTUAL,VNSTOCK_BRONZE
SPC,LATEST,balance_sheet,off_balance,0.0,ACTUAL,VNSTOCK_BRONZE
SPC,LATEST,balance_sheet,value,0.0,ACTUAL,VNSTOCK_BRONZE
SPC,LATEST,balance_sheet,order,7.0,ACTUAL,VNSTOCK_BRONZE
SPC,LATEST,balance_sheet,level,2.0,ACTUAL,VNSTOCK_BRONZE
SPC,LATEST,balance_sheet,off_balance,0.0,ACTUAL,VNSTOCK_BRONZE
SPC,LATEST,balance_sheet,value,0.0,ACTUAL,VNSTOCK_BRONZE
SPC,LATEST,balance_sheet,order,8.0,ACTUAL,VNSTOCK_BRONZE
SPC,LATEST,balance_sheet,level,2.0,ACTUAL,VNSTOCK_BRONZE
SPC,LATEST,balance_sheet,off_balance,0.0,ACTUAL,VNSTOCK_BRONZE
SPC,LATEST,balance_sheet,value,0.0,ACTUAL,VNSTOCK_BRONZE
SPC,LATEST,balance_sheet,order,9.0,ACTUAL,VNSTOCK_BRONZE
SPC,LATEST,balance_sheet,level,1.0,ACTUAL,VNSTOCK_BRONZE
SPC,LATEST,balance_sheet,off_balance,0.0,ACTUAL,VNSTOCK_BRONZE
SPC,LATEST,balance_sheet,value,187813790061.0,ACTUAL,VNSTOCK_BRONZE
SPC,LATEST,balance_sheet,order,10.0,ACTUAL,VNSTOCK_BRONZE
SPC,LATEST,balance_sheet,level,2.0,ACTUAL,VNSTOCK_BRONZE
SPC,LATEST,balance_sheet,off_balance,0.0,ACTUAL,VNSTOCK_BRONZE
SPC,LATEST,balance_sheet,value,196781853709.0,ACTUAL,VNSTOCK_BRONZE
SPC,LATEST,balance_sheet,order,11.0,ACTUAL,VNSTOCK_BRONZE
SPC,LATEST,balance_sheet,level,2.0,ACTUAL,VNSTOCK_BRONZE
SPC,LATEST,balance_sheet,off_balance,0.0,ACTUAL,VNSTOCK_BRONZE
SPC,LATEST,balance_sheet,value,2445605600.0,ACTUAL,VNSTOCK_BRONZE
SPC,LATEST,balance_sheet,order,12.0,ACTUAL,VNSTOCK_BRONZE
SPC,LATEST,balance_sheet,level,2.0,ACTUAL,VNSTOCK_BRONZE
SPC,LATEST,balance_sheet,off_balance,0.0,ACTUAL,VNSTOCK_BRONZE
SPC,LATEST,balance_sheet,value,0.0,ACTUAL,VNSTOCK_BRONZE
SPC,LATEST,balance_sheet,order,13.0,ACTUAL,VNSTOCK_BRONZE
SPC,LATEST,balance_sheet,level,2.0,ACTUAL,VNSTOCK_BRONZE
SPC,LATEST,balance_sheet,off_balance,0.0,ACTUAL,VNSTOCK_BRONZE
SPC,LATEST,balance_sheet,value,0.0,ACTUAL,VNSTOCK_BRONZE
SPC,LATEST,balance_sheet,order,14.0,ACTUAL,VNSTOCK_BRONZE
SPC,LATEST,balance_sheet,level,2.0,ACTUAL,VNSTOCK_BRONZE
SPC,LATEST,balance_sheet,off_balance,0.0,ACTUAL,VNSTOCK_BRONZE
SPC,LATEST,balance_sheet,value,0.0,ACTUAL,VNSTOCK_BRONZE
SPC,LATEST,balance_sheet,order,15.0,ACTUAL,VNSTOCK_BRONZE
SPC,LATEST,balance_sheet,level,2.0,ACTUAL,VNSTOCK_BRONZE
SPC,LATEST,balance_sheet,off_balance,0.0,ACTUAL,VNSTOCK_BRONZE
SPC,LATEST,balance_sheet,value,5931521845.0,ACTUAL,VNSTOCK_BRONZE
SPC,LATEST,balance_sheet,order,16.0,ACTUAL,VNSTOCK_BRONZE
SPC,LATEST,balance_sheet,level,2.0,ACTUAL,VNSTOCK_BRONZE
SPC,LATEST,balance_sheet,off_balance,0.0,ACTUAL,VNSTOCK_BRONZE
SPC,LATEST,balance_sheet,value,-17350903484.0,ACTUAL,VNSTOCK_BRONZE
SPC,LATEST,balance_sheet,order,17.0,ACTUAL,VNSTOCK_BRONZE
SPC,LATEST,balance_sheet,level,2.0,ACTUAL,VNSTOCK_BRONZE
SPC,LATEST,balance_sheet,off_balance,0.0,ACTUAL,VNSTOCK_BRONZE
SPC,LATEST,balance_sheet,value,5712391.0,ACTUAL,VNSTOCK_BRONZE
SPC,LATEST,balance_sheet,order,18.0,ACTUAL,VNSTOCK_BRONZE
SPC,LATEST,balance_sheet,level,1.0,ACTUAL,VNSTOCK_BRONZE
SPC,LATEST,balance_sheet,off_balance,0.0,ACTUAL,VNSTOCK_BRONZE
SPC,LATEST,balance_sheet,value,212463298914.0,ACTUAL,VNSTOCK_BRONZE
SPC,LATEST,balance_sheet,order,19.0,ACTUAL,VNSTOCK_BRONZE
SPC,LATEST,balance_sheet,level,2.0,ACTUAL,VNSTOCK_BRONZE
SPC,LATEST,balance_sheet,off_balance,0.0,ACTUAL,VNSTOCK_BRONZE
SPC,LATEST,balance_sheet,value,222407912856.0,ACTUAL,VNSTOCK_BRONZE
SPC,LATEST,balance_sheet,order,20.0,ACTUAL,VNSTOCK_BRONZE
SPC,LATEST,balance_sheet,level,2.0,ACTUAL,VNSTOCK_BRONZE
SPC,LATEST,balance_sheet,off_balance,0.0,ACTUAL,VNSTOCK_BRONZE
SPC,LATEST,balance_sheet,value,-9944613942.0,ACTUAL,VNSTOCK_BRONZE
SPC,LATEST,balance_sheet,order,21.0,ACTUAL,VNSTOCK_BRONZE
SPC,LATEST,balance_sheet,level,1.0,ACTUAL,VNSTOCK_BRONZE
SPC,LATEST,balance_sheet,off_balance,0.0,ACTUAL,VNSTOCK_BRONZE
SPC,LATEST,balance_sheet,value,23983882836.0,ACTUAL,VNSTOCK_BRONZE
SPC,LATEST,balance_sheet,order,22.0,ACTUAL,VNSTOCK_BRONZE
SPC,LATEST,balance_sheet,level,2.0,ACTUAL,VNSTOCK_BRONZE
SPC,LATEST,balance_sheet,off_balance,0.0,ACTUAL,VNSTOCK_BRONZE
SPC,LATEST,balance_sheet,value,2300716465.0,ACTUAL,VNSTOCK_BRONZE
SPC,LATEST,balance_sheet,order,23.0,ACTUAL,VNSTOCK_BRONZE
SPC,LATEST,balance_sheet,level,2.0,ACTUAL,VNSTOCK_BRONZE
SPC,LATEST,balance_sheet,off_balance,0.0,ACTUAL,VNSTOCK_BRONZE
SPC,LATEST,balance_sheet,value,20868722564.0,ACTUAL,VNSTOCK_BRONZE
SPC,LATEST,balance_sheet,order,24.0,ACTUAL,VNSTOCK_BRONZE
SPC,LATEST,balance_sheet,level,2.0,ACTUAL,VNSTOCK_BRONZE
SPC,LATEST,balance_sheet,off_balance,0.0,ACTUAL,VNSTOCK_BRONZE
SPC,LATEST,balance_sheet,value,814443807.0,ACTUAL,VNSTOCK_BRONZE
SPC,LATEST,balance_sheet,order,25.0,ACTUAL,VNSTOCK_BRONZE
SPC,LATEST,balance_sheet,level,2.0,ACTUAL,VNSTOCK_BRONZE
SPC,LATEST,balance_sheet,off_balance,0.0,ACTUAL,VNSTOCK_BRONZE
SPC,LATEST,balance_sheet,value,0.0,ACTUAL,VNSTOCK_BRONZE
SPC,LATEST,balance_sheet,order,26.0,ACTUAL,VNSTOCK_BRONZE
SPC,LATEST,balance_sheet,level,1.0,ACTUAL,VNSTOCK_BRONZE
SPC,LATEST,balance_sheet,off_balance,0.0,ACTUAL,VNSTOCK_BRONZE
SPC,LATEST,balance_sheet,value,59833645253.0,ACTUAL,VNSTOCK_BRONZE
SPC,LATEST,balance_sheet,order,27.0,ACTUAL,VNSTOCK_BRONZE
SPC,LATEST,balance_sheet,level,1.0,ACTUAL,VNSTOCK_BRONZE
SPC,LATEST,balance_sheet,off_balance,0.0,ACTUAL,VNSTOCK_BRONZE
SPC,LATEST,balance_sheet,value,873361914.0,ACTUAL,VNSTOCK_BRONZE
SPC,LATEST,balance_sheet,order,28.0,ACTUAL,VNSTOCK_BRONZE
SPC,LATEST,balance_sheet,level,2.0,ACTUAL,VNSTOCK_BRONZE
SPC,LATEST,balance_sheet,off_balance,0.0,ACTUAL,VNSTOCK_BRONZE
SPC,LATEST,balance_sheet,value,0.0,ACTUAL,VNSTOCK_BRONZE
SPC,LATEST,balance_sheet,order,29.0,ACTUAL,VNSTOCK_BRONZE
SPC,LATEST,balance_sheet,level,2.0,ACTUAL,VNSTOCK_BRONZE
SPC,LATEST,balance_sheet,off_balance,0.0,ACTUAL,VNSTOCK_BRONZE
SPC,LATEST,balance_sheet,value,0.0,ACTUAL,VNSTOCK_BRONZE
SPC,LATEST,balance_sheet,order,30.0,ACTUAL,VNSTOCK_BRONZE
SPC,LATEST,balance_sheet,level,2.0,ACTUAL,VNSTOCK_BRONZE
SPC,LATEST,balance_sheet,off_balance,0.0,ACTUAL,VNSTOCK_BRONZE
SPC,LATEST,balance_sheet,value,0.0,ACTUAL,VNSTOCK_BRONZE
SPC,LATEST,balance_sheet,order,31.0,ACTUAL,VNSTOCK_BRONZE
SPC,LATEST,balance_sheet,level,2.0,ACTUAL,VNSTOCK_BRONZE
SPC,LATEST,balance_sheet,off_balance,0.0,ACTUAL,VNSTOCK_BRONZE
SPC,LATEST,balance_sheet,value,0.0,ACTUAL,VNSTOCK_BRONZE
SPC,LATEST,balance_sheet,order,32.0,ACTUAL,VNSTOCK_BRONZE
SPC,LATEST,balance_sheet,level,2.0,ACTUAL,VNSTOCK_BRONZE
SPC,LATEST,balance_sheet,off_balance,0.0,ACTUAL,VNSTOCK_BRONZE
SPC,LATEST,balance_sheet,value,873361914.0,ACTUAL,VNSTOCK_BRONZE
SPC,LATEST,balance_sheet,order,33.0,ACTUAL,VNSTOCK_BRONZE
SPC,LATEST,balance_sheet,level,2.0,ACTUAL,VNSTOCK_BRONZE
SPC,LATEST,balance_sheet,off_balance,0.0,ACTUAL,VNSTOCK_BRONZE
SPC,LATEST,balance_sheet,value,-0.0,ACTUAL,VNSTOCK_BRONZE
SPC,LATEST,balance_sheet,order,34.0,ACTUAL,VNSTOCK_BRONZE
SPC,LATEST,balance_sheet,level,1.0,ACTUAL,VNSTOCK_BRONZE
SPC,LATEST,balance_sheet,off_balance,0.0,ACTUAL,VNSTOCK_BRONZE
SPC,LATEST,balance_sheet,value,29570374354.0,ACTUAL,VNSTOCK_BRONZE
SPC,LATEST,balance_sheet,order,35.0,ACTUAL,VNSTOCK_BRONZE
SPC,LATEST,balance_sheet,level,2.0,ACTUAL,VNSTOCK_BRONZE
SPC,LATEST,balance_sheet,off_balance,0.0,ACTUAL,VNSTOCK_BRONZE
SPC,LATEST,balance_sheet,value,23548230875.0,ACTUAL,VNSTOCK_BRONZE
SPC,LATEST,balance_sheet,order,36.0,ACTUAL,VNSTOCK_BRONZE
SPC,LATEST,balance_sheet,level,3.0,ACTUAL,VNSTOCK_BRONZE
SPC,LATEST,balance_sheet,off_balance,0.0,ACTUAL,VNSTOCK_BRONZE
SPC,LATEST,balance_sheet,value,153207728569.0,ACTUAL,VNSTOCK_BRONZE
SPC,LATEST,balance_sheet,order,37.0,ACTUAL,VNSTOCK_BRONZE
SPC,LATEST,balance_sheet,level,3.0,ACTUAL,VNSTOCK_BRONZE
SPC,LATEST,balance_sheet,off_balance,0.0,ACTUAL,VNSTOCK_BRONZE
SPC,LATEST,balance_sheet,value,-129659497694.0,ACTUAL,VNSTOCK_BRONZE
SPC,LATEST,balance_sheet,order,38.0,ACTUAL,VNSTOCK_BRONZE
SPC,LATEST,balance_sheet,level,2.0,ACTUAL,VNSTOCK_BRONZE
SPC,LATEST,balance_sheet,off_balance,0.0,ACTUAL,VNSTOCK_BRONZE
SPC,LATEST,balance_sheet,value,1330127546.0,ACTUAL,VNSTOCK_BRONZE
SPC,LATEST,balance_sheet,order,39.0,ACTUAL,VNSTOCK_BRONZE
SPC,LATEST,balance_sheet,level,3.0,ACTUAL,VNSTOCK_BRONZE
SPC,LATEST,balance_sheet,off_balance,0.0,ACTUAL,VNSTOCK_BRONZE
SPC,LATEST,balance_sheet,value,2974198190.0,ACTUAL,VNSTOCK_BRONZE
SPC,LATEST,balance_sheet,order,40.0,ACTUAL,VNSTOCK_BRONZE
SPC,LATEST,balance_sheet,level,3.0,ACTUAL,VNSTOCK_BRONZE
SPC,LATEST,balance_sheet,off_balance,0.0,ACTUAL,VNSTOCK_BRONZE
SPC,LATEST,balance_sheet,value,-1644070644.0,ACTUAL,VNSTOCK_BRONZE
SPC,LATEST,balance_sheet,order,41.0,ACTUAL,VNSTOCK_BRONZE
SPC,LATEST,balance_sheet,level,2.0,ACTUAL,VNSTOCK_BRONZE
SPC,LATEST,balance_sheet,off_balance,0.0,ACTUAL,VNSTOCK_BRONZE
SPC,LATEST,balance_sheet,value,4692015933.0,ACTUAL,VNSTOCK_BRONZE
SPC,LATEST,balance_sheet,order,42.0,ACTUAL,VNSTOCK_BRONZE
SPC,LATEST,balance_sheet,level,3.0,ACTUAL,VNSTOCK_BRONZE
SPC,LATEST,balance_sheet,off_balance,0.0,ACTUAL,VNSTOCK_BRONZE
SPC,LATEST,balance_sheet,value,9261423802.0,ACTUAL,VNSTOCK_BRONZE
SPC,LATEST,balance_sheet,order,43.0,ACTUAL,VNSTOCK_BRONZE
SPC,LATEST,balance_sheet,level,3.0,ACTUAL,VNSTOCK_BRONZE
SPC,LATEST,balance_sheet,off_balance,0.0,ACTUAL,VNSTOCK_BRONZE
SPC,LATEST,balance_sheet,value,-4569407869.0,ACTUAL,VNSTOCK_BRONZE
SPC,LATEST,balance_sheet,order,44.0,ACTUAL,VNSTOCK_BRONZE
SPC,LATEST,balance_sheet,level,1.0,ACTUAL,VNSTOCK_BRONZE
SPC,LATEST,balance_sheet,off_balance,0.0,ACTUAL,VNSTOCK_BRONZE
SPC,LATEST,balance_sheet,value,199227139.0,ACTUAL,VNSTOCK_BRONZE
SPC,LATEST,balance_sheet,order,45.0,ACTUAL,VNSTOCK_BRONZE
SPC,LATEST,balance_sheet,level,2.0,ACTUAL,VNSTOCK_BRONZE
SPC,LATEST,balance_sheet,off_balance,0.0,ACTUAL,VNSTOCK_BRONZE
SPC,LATEST,balance_sheet,value,1611187294.0,ACTUAL,VNSTOCK_BRONZE
SPC,LATEST,balance_sheet,order,46.0,ACTUAL,VNSTOCK_BRONZE
SPC,LATEST,balance_sheet,level,2.0,ACTUAL,VNSTOCK_BRONZE
SPC,LATEST,balance_sheet,off_balance,0.0,ACTUAL,VNSTOCK_BRONZE
SPC,LATEST,balance_sheet,value,-1411960155.0,ACTUAL,VNSTOCK_BRONZE
SPC,LATEST,balance_sheet,order,47.0,ACTUAL,VNSTOCK_BRONZE
SPC,LATEST,balance_sheet,level,1.0,ACTUAL,VNSTOCK_BRONZE
SPC,LATEST,balance_sheet,off_balance,0.0,ACTUAL,VNSTOCK_BRONZE
SPC,LATEST,balance_sheet,value,4873604417.0,ACTUAL,VNSTOCK_BRONZE
SPC,LATEST,balance_sheet,order,48.0,ACTUAL,VNSTOCK_BRONZE
SPC,LATEST,balance_sheet,level,2.0,ACTUAL,VNSTOCK_BRONZE
SPC,LATEST,balance_sheet,off_balance,0.0,ACTUAL,VNSTOCK_BRONZE
SPC,LATEST,balance_sheet,value,0.0,ACTUAL,VNSTOCK_BRONZE
SPC,LATEST,balance_sheet,order,49.0,ACTUAL,VNSTOCK_BRONZE
SPC,LATEST,balance_sheet,level,2.0,ACTUAL,VNSTOCK_BRONZE
SPC,LATEST,balance_sheet,off_balance,0.0,ACTUAL,VNSTOCK_BRONZE
SPC,LATEST,balance_sheet,value,4873604417.0,ACTUAL,VNSTOCK_BRONZE
SPC,LATEST,balance_sheet,order,50.0,ACTUAL,VNSTOCK_BRONZE
SPC,LATEST,balance_sheet,level,1.0,ACTUAL,VNSTOCK_BRONZE
SPC,LATEST,balance_sheet,off_balance,0.0,ACTUAL,VNSTOCK_BRONZE
SPC,LATEST,balance_sheet,value,0.0,ACTUAL,VNSTOCK_BRONZE
SPC,LATEST,balance_sheet,order,51.0,ACTUAL,VNSTOCK_BRONZE
SPC,LATEST,balance_sheet,level,2.0,ACTUAL,VNSTOCK_BRONZE
SPC,LATEST,balance_sheet,off_balance,0.0,ACTUAL,VNSTOCK_BRONZE
SPC,LATEST,balance_sheet,value,0.0,ACTUAL,VNSTOCK_BRONZE
SPC,LATEST,balance_sheet,order,52.0,ACTUAL,VNSTOCK_BRONZE
SPC,LATEST,balance_sheet,level,2.0,ACTUAL,VNSTOCK_BRONZE
SPC,LATEST,balance_sheet,off_balance,0.0,ACTUAL,VNSTOCK_BRONZE
SPC,LATEST,balance_sheet,value,0.0,ACTUAL,VNSTOCK_BRONZE
SPC,LATEST,balance_sheet,order,53.0,ACTUAL,VNSTOCK_BRONZE
SPC,LATEST,balance_sheet,level,2.0,ACTUAL,VNSTOCK_BRONZE
SPC,LATEST,balance_sheet,off_balance,0.0,ACTUAL,VNSTOCK_BRONZE
SPC,LATEST,balance_sheet,value,0.0,ACTUAL,VNSTOCK_BRONZE
SPC,LATEST,balance_sheet,order,54.0,ACTUAL,VNSTOCK_BRONZE
SPC,LATEST,balance_sheet,level,2.0,ACTUAL,VNSTOCK_BRONZE
SPC,LATEST,balance_sheet,off_balance,0.0,ACTUAL,VNSTOCK_BRONZE
SPC,LATEST,balance_sheet,value,0.0,ACTUAL,VNSTOCK_BRONZE
SPC,LATEST,balance_sheet,order,55.0,ACTUAL,VNSTOCK_BRONZE
SPC,LATEST,balance_sheet,level,2.0,ACTUAL,VNSTOCK_BRONZE
SPC,LATEST,balance_sheet,off_balance,0.0,ACTUAL,VNSTOCK_BRONZE
SPC,LATEST,balance_sheet,value,0.0,ACTUAL,VNSTOCK_BRONZE
SPC,LATEST,balance_sheet,order,56.0,ACTUAL,VNSTOCK_BRONZE
SPC,LATEST,balance_sheet,level,1.0,ACTUAL,VNSTOCK_BRONZE
SPC,LATEST,balance_sheet,off_balance,0.0,ACTUAL,VNSTOCK_BRONZE
SPC,LATEST,balance_sheet,value,24317077429.0,ACTUAL,VNSTOCK_BRONZE
SPC,LATEST,balance_sheet,order,57.0,ACTUAL,VNSTOCK_BRONZE
SPC,LATEST,balance_sheet,level,2.0,ACTUAL,VNSTOCK_BRONZE
SPC,LATEST,balance_sheet,off_balance,0.0,ACTUAL,VNSTOCK_BRONZE
SPC,LATEST,balance_sheet,value,0.0,ACTUAL,VNSTOCK_BRONZE
SPC,LATEST,balance_sheet,order,58.0,ACTUAL,VNSTOCK_BRONZE
SPC,LATEST,balance_sheet,level,2.0,ACTUAL,VNSTOCK_BRONZE
SPC,LATEST,balance_sheet,off_balance,0.0,ACTUAL,VNSTOCK_BRONZE
SPC,LATEST,balance_sheet,value,13581495801.0,ACTUAL,VNSTOCK_BRONZE
SPC,LATEST,balance_sheet,order,59.0,ACTUAL,VNSTOCK_BRONZE
SPC,LATEST,balance_sheet,level,2.0,ACTUAL,VNSTOCK_BRONZE
SPC,LATEST,balance_sheet,off_balance,0.0,ACTUAL,VNSTOCK_BRONZE
SPC,LATEST,balance_sheet,value,10735581628.0,ACTUAL,VNSTOCK_BRONZE
SPC,LATEST,balance_sheet,order,60.0,ACTUAL,VNSTOCK_BRONZE
SPC,LATEST,balance_sheet,level,2.0,ACTUAL,VNSTOCK_BRONZE
SPC,LATEST,balance_sheet,off_balance,0.0,ACTUAL,VNSTOCK_BRONZE
SPC,LATEST,balance_sheet,value,0.0,ACTUAL,VNSTOCK_BRONZE
SPC,LATEST,balance_sheet,order,61.0,ACTUAL,VNSTOCK_BRONZE
SPC,LATEST,balance_sheet,level,2.0,ACTUAL,VNSTOCK_BRONZE
SPC,LATEST,balance_sheet,off_balance,0.0,ACTUAL,VNSTOCK_BRONZE
SPC,LATEST,balance_sheet,value,0.0,ACTUAL,VNSTOCK_BRONZE
SPC,LATEST,balance_sheet,order,62.0,ACTUAL,VNSTOCK_BRONZE
SPC,LATEST,balance_sheet,level,2.0,ACTUAL,VNSTOCK_BRONZE
SPC,LATEST,balance_sheet,off_balance,0.0,ACTUAL,VNSTOCK_BRONZE
SPC,LATEST,balance_sheet,value,0.0,ACTUAL,VNSTOCK_BRONZE
SPC,LATEST,balance_sheet,order,63.0,ACTUAL,VNSTOCK_BRONZE
SPC,LATEST,balance_sheet,level,1.0,ACTUAL,VNSTOCK_BRONZE
SPC,LATEST,balance_sheet,off_balance,0.0,ACTUAL,VNSTOCK_BRONZE
SPC,LATEST,balance_sheet,value,512997953514.0,ACTUAL,VNSTOCK_BRONZE
SPC,LATEST,balance_sheet,order,64.0,ACTUAL,VNSTOCK_BRONZE
SPC,LATEST,balance_sheet,level,1.0,ACTUAL,VNSTOCK_BRONZE
SPC,LATEST,balance_sheet,off_balance,0.0,ACTUAL,VNSTOCK_BRONZE
SPC,LATEST,balance_sheet,value,365073966498.0,ACTUAL,VNSTOCK_BRONZE
SPC,LATEST,balance_sheet,order,65.0,ACTUAL,VNSTOCK_BRONZE
SPC,LATEST,balance_sheet,level,1.0,ACTUAL,VNSTOCK_BRONZE
SPC,LATEST,balance_sheet,off_balance,0.0,ACTUAL,VNSTOCK_BRONZE
SPC,LATEST,balance_sheet,value,357429081370.0,ACTUAL,VNSTOCK_BRONZE
SPC,LATEST,balance_sheet,order,66.0,ACTUAL,VNSTOCK_BRONZE
SPC,LATEST,balance_sheet,level,2.0,ACTUAL,VNSTOCK_BRONZE
SPC,LATEST,balance_sheet,off_balance,0.0,ACTUAL,VNSTOCK_BRONZE
SPC,LATEST,balance_sheet,value,0.0,ACTUAL,VNSTOCK_BRONZE
SPC,LATEST,balance_sheet,order,67.0,ACTUAL,VNSTOCK_BRONZE
SPC,LATEST,balance_sheet,level,2.0,ACTUAL,VNSTOCK_BRONZE
SPC,LATEST,balance_sheet,off_balance,0.0,ACTUAL,VNSTOCK_BRONZE
SPC,LATEST,balance_sheet,value,0.0,ACTUAL,VNSTOCK_BRONZE
SPC,LATEST,balance_sheet,order,68.0,ACTUAL,VNSTOCK_BRONZE
SPC,LATEST,balance_sheet,level,2.0,ACTUAL,VNSTOCK_BRONZE
SPC,LATEST,balance_sheet,off_balance,0.0,ACTUAL,VNSTOCK_BRONZE
SPC,LATEST,balance_sheet,value,0.0,ACTUAL,VNSTOCK_BRONZE
SPC,LATEST,balance_sheet,order,69.0,ACTUAL,VNSTOCK_BRONZE
SPC,LATEST,balance_sheet,level,2.0,ACTUAL,VNSTOCK_BRONZE
SPC,LATEST,balance_sheet,off_balance,0.0,ACTUAL,VNSTOCK_BRONZE
SPC,LATEST,balance_sheet,value,172615552513.0,ACTUAL,VNSTOCK_BRONZE
SPC,LATEST,balance_sheet,order,70.0,ACTUAL,VNSTOCK_BRONZE
SPC,LATEST,balance_sheet,level,2.0,ACTUAL,VNSTOCK_BRONZE
SPC,LATEST,balance_sheet,off_balance,0.0,ACTUAL,VNSTOCK_BRONZE
SPC,LATEST,balance_sheet,value,375363135.0,ACTUAL,VNSTOCK_BRONZE
SPC,LATEST,balance_sheet,order,71.0,ACTUAL,VNSTOCK_BRONZE
SPC,LATEST,balance_sheet,level,2.0,ACTUAL,VNSTOCK_BRONZE
SPC,LATEST,balance_sheet,off_balance,0.0,ACTUAL,VNSTOCK_BRONZE
SPC,LATEST,balance_sheet,value,8486639571.0,ACTUAL,VNSTOCK_BRONZE
SPC,LATEST,balance_sheet,order,72.0,ACTUAL,VNSTOCK_BRONZE
SPC,LATEST,balance_sheet,level,2.0,ACTUAL,VNSTOCK_BRONZE
SPC,LATEST,balance_sheet,off_balance,0.0,ACTUAL,VNSTOCK_BRONZE
SPC,LATEST,balance_sheet,value,5689844844.0,ACTUAL,VNSTOCK_BRONZE
SPC,LATEST,balance_sheet,order,73.0,ACTUAL,VNSTOCK_BRONZE
SPC,LATEST,balance_sheet,level,2.0,ACTUAL,VNSTOCK_BRONZE
SPC,LATEST,balance_sheet,off_balance,0.0,ACTUAL,VNSTOCK_BRONZE
SPC,LATEST,balance_sheet,value,851686182.0,ACTUAL,VNSTOCK_BRONZE
SPC,LATEST,balance_sheet,order,74.0,ACTUAL,VNSTOCK_BRONZE
SPC,LATEST,balance_sheet,level,2.0,ACTUAL,VNSTOCK_BRONZE
SPC,LATEST,balance_sheet,off_balance,0.0,ACTUAL,VNSTOCK_BRONZE
SPC,LATEST,balance_sheet,value,0.0,ACTUAL,VNSTOCK_BRONZE
SPC,LATEST,balance_sheet,order,75.0,ACTUAL,VNSTOCK_BRONZE
SPC,LATEST,balance_sheet,level,2.0,ACTUAL,VNSTOCK_BRONZE
SPC,LATEST,balance_sheet,off_balance,0.0,ACTUAL,VNSTOCK_BRONZE
SPC,LATEST,balance_sheet,value,5258134.0,ACTUAL,VNSTOCK_BRONZE
SPC,LATEST,balance_sheet,order,76.0,ACTUAL,VNSTOCK_BRONZE
SPC,LATEST,balance_sheet,level,2.0,ACTUAL,VNSTOCK_BRONZE
SPC,LATEST,balance_sheet,off_balance,0.0,ACTUAL,VNSTOCK_BRONZE
SPC,LATEST,balance_sheet,value,21673712847.0,ACTUAL,VNSTOCK_BRONZE
SPC,LATEST,balance_sheet,order,77.0,ACTUAL,VNSTOCK_BRONZE
SPC,LATEST,balance_sheet,level,2.0,ACTUAL,VNSTOCK_BRONZE
SPC,LATEST,balance_sheet,off_balance,0.0,ACTUAL,VNSTOCK_BRONZE
SPC,LATEST,balance_sheet,value,147624114242.0,ACTUAL,VNSTOCK_BRONZE
SPC,LATEST,balance_sheet,order,78.0,ACTUAL,VNSTOCK_BRONZE
SPC,LATEST,balance_sheet,level,2.0,ACTUAL,VNSTOCK_BRONZE
SPC,LATEST,balance_sheet,off_balance,0.0,ACTUAL,VNSTOCK_BRONZE
SPC,LATEST,balance_sheet,value,0.0,ACTUAL,VNSTOCK_BRONZE
SPC,LATEST,balance_sheet,order,79.0,ACTUAL,VNSTOCK_BRONZE
SPC,LATEST,balance_sheet,level,2.0,ACTUAL,VNSTOCK_BRONZE
SPC,LATEST,balance_sheet,off_balance,0.0,ACTUAL,VNSTOCK_BRONZE
SPC,LATEST,balance_sheet,value,106909902.0,ACTUAL,VNSTOCK_BRONZE
SPC,LATEST,balance_sheet,order,80.0,ACTUAL,VNSTOCK_BRONZE
SPC,LATEST,balance_sheet,level,2.0,ACTUAL,VNSTOCK_BRONZE
SPC,LATEST,balance_sheet,off_balance,0.0,ACTUAL,VNSTOCK_BRONZE
SPC,LATEST,balance_sheet,value,0.0,ACTUAL,VNSTOCK_BRONZE
SPC,LATEST,balance_sheet,order,81.0,ACTUAL,VNSTOCK_BRONZE
SPC,LATEST,balance_sheet,level,2.0,ACTUAL,VNSTOCK_BRONZE
SPC,LATEST,balance_sheet,off_balance,0.0,ACTUAL,VNSTOCK_BRONZE
SPC,LATEST,balance_sheet,value,0.0,ACTUAL,VNSTOCK_BRONZE
SPC,LATEST,balance_sheet,order,82.0,ACTUAL,VNSTOCK_BRONZE
SPC,LATEST,balance_sheet,level,1.0,ACTUAL,VNSTOCK_BRONZE
SPC,LATEST,balance_sheet,off_balance,0.0,ACTUAL,VNSTOCK_BRONZE
SPC,LATEST,balance_sheet,value,7644885128.0,ACTUAL,VNSTOCK_BRONZE
SPC,LATEST,balance_sheet,order,83.0,ACTUAL,VNSTOCK_BRONZE
SPC,LATEST,balance_sheet,level,2.0,ACTUAL,VNSTOCK_BRONZE
SPC,LATEST,balance_sheet,off_balance,0.0,ACTUAL,VNSTOCK_BRONZE
SPC,LATEST,balance_sheet,value,0.0,ACTUAL,VNSTOCK_BRONZE
SPC,LATEST,balance_sheet,order,84.0,ACTUAL,VNSTOCK_BRONZE
SPC,LATEST,balance_sheet,level,2.0,ACTUAL,VNSTOCK_BRONZE
SPC,LATEST,balance_sheet,off_balance,0.0,ACTUAL,VNSTOCK_BRONZE
SPC,LATEST,balance_sheet,order,85.0,ACTUAL,VNSTOCK_BRONZE
SPC,LATEST,balance_sheet,level,2.0,ACTUAL,VNSTOCK_BRONZE
SPC,LATEST,balance_sheet,off_balance,0.0,ACTUAL,VNSTOCK_BRONZE
SPC,LATEST,balance_sheet,value,0.0,ACTUAL,VNSTOCK_BRONZE
SPC,LATEST,balance_sheet,order,86.0,ACTUAL,VNSTOCK_BRONZE
SPC,LATEST,balance_sheet,level,2.0,ACTUAL,VNSTOCK_BRONZE
SPC,LATEST,balance_sheet,off_balance,0.0,ACTUAL,VNSTOCK_BRONZE
SPC,LATEST,balance_sheet,value,0.0,ACTUAL,VNSTOCK_BRONZE
SPC,LATEST,balance_sheet,order,87.0,ACTUAL,VNSTOCK_BRONZE
SPC,LATEST,balance_sheet,level,2.0,ACTUAL,VNSTOCK_BRONZE
SPC,LATEST,balance_sheet,off_balance,0.0,ACTUAL,VNSTOCK_BRONZE
SPC,LATEST,balance_sheet,value,0.0,ACTUAL,VNSTOCK_BRONZE
SPC,LATEST,balance_sheet,order,88.0,ACTUAL,VNSTOCK_BRONZE
SPC,LATEST,balance_sheet,level,2.0,ACTUAL,VNSTOCK_BRONZE
SPC,LATEST,balance_sheet,off_balance,0.0,ACTUAL,VNSTOCK_BRONZE
SPC,LATEST,balance_sheet,value,0.0,ACTUAL,VNSTOCK_BRONZE
SPC,LATEST,balance_sheet,order,89.0,ACTUAL,VNSTOCK_BRONZE
SPC,LATEST,balance_sheet,level,2.0,ACTUAL,VNSTOCK_BRONZE
SPC,LATEST,balance_sheet,off_balance,0.0,ACTUAL,VNSTOCK_BRONZE
SPC,LATEST,balance_sheet,value,0.0,ACTUAL,VNSTOCK_BRONZE
SPC,LATEST,balance_sheet,order,90.0,ACTUAL,VNSTOCK_BRONZE
SPC,LATEST,balance_sheet,level,2.0,ACTUAL,VNSTOCK_BRONZE
SPC,LATEST,balance_sheet,off_balance,0.0,ACTUAL,VNSTOCK_BRONZE
SPC,LATEST,balance_sheet,value,1517854000.0,ACTUAL,VNSTOCK_BRONZE
SPC,LATEST,balance_sheet,order,91.0,ACTUAL,VNSTOCK_BRONZE
SPC,LATEST,balance_sheet,level,2.0,ACTUAL,VNSTOCK_BRONZE
SPC,LATEST,balance_sheet,off_balance,0.0,ACTUAL,VNSTOCK_BRONZE
SPC,LATEST,balance_sheet,value,1097334244.0,ACTUAL,VNSTOCK_BRONZE
SPC,LATEST,balance_sheet,order,92.0,ACTUAL,VNSTOCK_BRONZE
SPC,LATEST,balance_sheet,level,2.0,ACTUAL,VNSTOCK_BRONZE
SPC,LATEST,balance_sheet,off_balance,0.0,ACTUAL,VNSTOCK_BRONZE
SPC,LATEST,balance_sheet,value,0.0,ACTUAL,VNSTOCK_BRONZE
SPC,LATEST,balance_sheet,order,93.0,ACTUAL,VNSTOCK_BRONZE
SPC,LATEST,balance_sheet,level,2.0,ACTUAL,VNSTOCK_BRONZE
SPC,LATEST,balance_sheet,off_balance,0.0,ACTUAL,VNSTOCK_BRONZE
SPC,LATEST,balance_sheet,value,5029696884.0,ACTUAL,VNSTOCK_BRONZE
SPC,LATEST,balance_sheet,order,94.0,ACTUAL,VNSTOCK_BRONZE
SPC,LATEST,balance_sheet,level,2.0,ACTUAL,VNSTOCK_BRONZE
SPC,LATEST,balance_sheet,off_balance,0.0,ACTUAL,VNSTOCK_BRONZE
SPC,LATEST,balance_sheet,value,0.0,ACTUAL,VNSTOCK_BRONZE
SPC,LATEST,balance_sheet,order,95.0,ACTUAL,VNSTOCK_BRONZE
SPC,LATEST,balance_sheet,level,2.0,ACTUAL,VNSTOCK_BRONZE
SPC,LATEST,balance_sheet,off_balance,0.0,ACTUAL,VNSTOCK_BRONZE
SPC,LATEST,balance_sheet,value,0.0,ACTUAL,VNSTOCK_BRONZE
SPC,LATEST,balance_sheet,order,96.0,ACTUAL,VNSTOCK_BRONZE
SPC,LATEST,balance_sheet,level,1.0,ACTUAL,VNSTOCK_BRONZE
SPC,LATEST,balance_sheet,off_balance,0.0,ACTUAL,VNSTOCK_BRONZE
SPC,LATEST,balance_sheet,value,147923987016.0,ACTUAL,VNSTOCK_BRONZE
SPC,LATEST,balance_sheet,order,97.0,ACTUAL,VNSTOCK_BRONZE
SPC,LATEST,balance_sheet,level,1.0,ACTUAL,VNSTOCK_BRONZE
SPC,LATEST,balance_sheet,off_balance,0.0,ACTUAL,VNSTOCK_BRONZE
SPC,LATEST,balance_sheet,value,147923987016.0,ACTUAL,VNSTOCK_BRONZE
SPC,LATEST,balance_sheet,order,98.0,ACTUAL,VNSTOCK_BRONZE
SPC,LATEST,balance_sheet,level,2.0,ACTUAL,VNSTOCK_BRONZE
SPC,LATEST,balance_sheet,off_balance,0.0,ACTUAL,VNSTOCK_BRONZE
SPC,LATEST,balance_sheet,value,0.0,ACTUAL,VNSTOCK_BRONZE
SPC,LATEST,balance_sheet,order,99.0,ACTUAL,VNSTOCK_BRONZE
SPC,LATEST,balance_sheet,level,2.0,ACTUAL,VNSTOCK_BRONZE
SPC,LATEST,balance_sheet,off_balance,0.0,ACTUAL,VNSTOCK_BRONZE
SPC,LATEST,balance_sheet,value,0.0,ACTUAL,VNSTOCK_BRONZE
SPC,LATEST,balance_sheet,order,100.0,ACTUAL,VNSTOCK_BRONZE
SPC,LATEST,balance_sheet,level,2.0,ACTUAL,VNSTOCK_BRONZE
SPC,LATEST,balance_sheet,off_balance,0.0,ACTUAL,VNSTOCK_BRONZE
SPC,LATEST,balance_sheet,value,0.0,ACTUAL,VNSTOCK_BRONZE
SPC,LATEST,balance_sheet,order,101.0,ACTUAL,VNSTOCK_BRONZE
SPC,LATEST,balance_sheet,level,2.0,ACTUAL,VNSTOCK_BRONZE
SPC,LATEST,balance_sheet,off_balance,0.0,ACTUAL,VNSTOCK_BRONZE
SPC,LATEST,balance_sheet,value,0.0,ACTUAL,VNSTOCK_BRONZE
SPC,LATEST,balance_sheet,order,102.0,ACTUAL,VNSTOCK_BRONZE
SPC,LATEST,balance_sheet,level,2.0,ACTUAL,VNSTOCK_BRONZE
SPC,LATEST,balance_sheet,off_balance,0.0,ACTUAL,VNSTOCK_BRONZE
SPC,LATEST,balance_sheet,value,105300000000.0,ACTUAL,VNSTOCK_BRONZE
SPC,LATEST,balance_sheet,order,103.0,ACTUAL,VNSTOCK_BRONZE
SPC,LATEST,balance_sheet,level,3.0,ACTUAL,VNSTOCK_BRONZE
SPC,LATEST,balance_sheet,off_balance,0.0,ACTUAL,VNSTOCK_BRONZE
SPC,LATEST,balance_sheet,value,105300000000.0,ACTUAL,VNSTOCK_BRONZE
SPC,LATEST,balance_sheet,order,104.0,ACTUAL,VNSTOCK_BRONZE
SPC,LATEST,balance_sheet,level,2.0,ACTUAL,VNSTOCK_BRONZE
SPC,LATEST,balance_sheet,off_balance,0.0,ACTUAL,VNSTOCK_BRONZE
SPC,LATEST,balance_sheet,value,782715818.0,ACTUAL,VNSTOCK_BRONZE
SPC,LATEST,balance_sheet,order,105.0,ACTUAL,VNSTOCK_BRONZE
SPC,LATEST,balance_sheet,level,2.0,ACTUAL,VNSTOCK_BRONZE
SPC,LATEST,balance_sheet,off_balance,0.0,ACTUAL,VNSTOCK_BRONZE
SPC,LATEST,balance_sheet,value,0.0,ACTUAL,VNSTOCK_BRONZE
SPC,LATEST,balance_sheet,order,106.0,ACTUAL,VNSTOCK_BRONZE
SPC,LATEST,balance_sheet,level,2.0,ACTUAL,VNSTOCK_BRONZE
SPC,LATEST,balance_sheet,off_balance,0.0,ACTUAL,VNSTOCK_BRONZE
SPC,LATEST,balance_sheet,value,0.0,ACTUAL,VNSTOCK_BRONZE
SPC,LATEST,balance_sheet,order,107.0,ACTUAL,VNSTOCK_BRONZE
SPC,LATEST,balance_sheet,level,2.0,ACTUAL,VNSTOCK_BRONZE
SPC,LATEST,balance_sheet,off_balance,0.0,ACTUAL,VNSTOCK_BRONZE
SPC,LATEST,balance_sheet,value,0.0,ACTUAL,VNSTOCK_BRONZE
SPC,LATEST,balance_sheet,order,108.0,ACTUAL,VNSTOCK_BRONZE
SPC,LATEST,balance_sheet,level,2.0,ACTUAL,VNSTOCK_BRONZE
SPC,LATEST,balance_sheet,off_balance,0.0,ACTUAL,VNSTOCK_BRONZE
SPC,LATEST,balance_sheet,value,10584993311.0,ACTUAL,VNSTOCK_BRONZE
SPC,LATEST,balance_sheet,order,109.0,ACTUAL,VNSTOCK_BRONZE
SPC,LATEST,balance_sheet,level,2.0,ACTUAL,VNSTOCK_BRONZE
SPC,LATEST,balance_sheet,off_balance,0.0,ACTUAL,VNSTOCK_BRONZE
SPC,LATEST,balance_sheet,value,62507094322.0,ACTUAL,VNSTOCK_BRONZE
SPC,LATEST,balance_sheet,order,110.0,ACTUAL,VNSTOCK_BRONZE
SPC,LATEST,balance_sheet,level,2.0,ACTUAL,VNSTOCK_BRONZE
SPC,LATEST,balance_sheet,off_balance,0.0,ACTUAL,VNSTOCK_BRONZE
SPC,LATEST,balance_sheet,value,0.0,ACTUAL,VNSTOCK_BRONZE
SPC,LATEST,balance_sheet,order,111.0,ACTUAL,VNSTOCK_BRONZE
SPC,LATEST,balance_sheet,level,2.0,ACTUAL,VNSTOCK_BRONZE
SPC,LATEST,balance_sheet,off_balance,0.0,ACTUAL,VNSTOCK_BRONZE
SPC,LATEST,balance_sheet,value,0.0,ACTUAL,VNSTOCK_BRONZE
SPC,LATEST,balance_sheet,order,112.0,ACTUAL,VNSTOCK_BRONZE
SPC,LATEST,balance_sheet,level,2.0,ACTUAL,VNSTOCK_BRONZE
SPC,LATEST,balance_sheet,off_balance,0.0,ACTUAL,VNSTOCK_BRONZE
SPC,LATEST,balance_sheet,value,-41505987468.0,ACTUAL,VNSTOCK_BRONZE
SPC,LATEST,balance_sheet,order,113.0,ACTUAL,VNSTOCK_BRONZE
SPC,LATEST,balance_sheet,level,3.0,ACTUAL,VNSTOCK_BRONZE
SPC,LATEST,balance_sheet,off_balance,0.0,ACTUAL,VNSTOCK_BRONZE
SPC,LATEST,balance_sheet,value,-22411015010.0,ACTUAL,VNSTOCK_BRONZE
SPC,LATEST,balance_sheet,order,114.0,ACTUAL,VNSTOCK_BRONZE
SPC,LATEST,balance_sheet,level,3.0,ACTUAL,VNSTOCK_BRONZE
SPC,LATEST,balance_sheet,off_balance,0.0,ACTUAL,VNSTOCK_BRONZE
SPC,LATEST,balance_sheet,value,-19094972458.0,ACTUAL,VNSTOCK_BRONZE
SPC,LATEST,balance_sheet,order,115.0,ACTUAL,VNSTOCK_BRONZE
SPC,LATEST,balance_sheet,level,2.0,ACTUAL,VNSTOCK_BRONZE
SPC,LATEST,balance_sheet,off_balance,0.0,ACTUAL,VNSTOCK_BRONZE
SPC,LATEST,balance_sheet,value,10255171033.0,ACTUAL,VNSTOCK_BRONZE
SPC,LATEST,balance_sheet,order,116.0,ACTUAL,VNSTOCK_BRONZE
SPC,LATEST,balance_sheet,level,1.0,ACTUAL,VNSTOCK_BRONZE
SPC,LATEST,balance_sheet,off_balance,0.0,ACTUAL,VNSTOCK_BRONZE
SPC,LATEST,balance_sheet,value,0.0,ACTUAL,VNSTOCK_BRONZE
SPC,LATEST,balance_sheet,order,117.0,ACTUAL,VNSTOCK_BRONZE
SPC,LATEST,balance_sheet,level,2.0,ACTUAL,VNSTOCK_BRONZE
SPC,LATEST,balance_sheet,off_balance,0.0,ACTUAL,VNSTOCK_BRONZE
SPC,LATEST,balance_sheet,value,0.0,ACTUAL,VNSTOCK_BRONZE
SPC,LATEST,balance_sheet,order,118.0,ACTUAL,VNSTOCK_BRONZE
SPC,LATEST,balance_sheet,level,1.0,ACTUAL,VNSTOCK_BRONZE
SPC,LATEST,balance_sheet,off_balance,0.0,ACTUAL,VNSTOCK_BRONZE
SPC,LATEST,balance_sheet,value,512997953514.0,ACTUAL,VNSTOCK_BRONZE
SPC,LATEST,balance_sheet,order,1.0,ACTUAL,VNSTOCK_BRONZE
SPC,LATEST,balance_sheet,level,1.0,ACTUAL,VNSTOCK_BRONZE
SPC,LATEST,balance_sheet,off_balance,0.0,ACTUAL,VNSTOCK_BRONZE
SPC,LATEST,balance_sheet,value,497589128679.0,ACTUAL,VNSTOCK_BRONZE
SPC,LATEST,balance_sheet,order,2.0,ACTUAL,VNSTOCK_BRONZE
SPC,LATEST,balance_sheet,level,1.0,ACTUAL,VNSTOCK_BRONZE
SPC,LATEST,balance_sheet,off_balance,0.0,ACTUAL,VNSTOCK_BRONZE
SPC,LATEST,balance_sheet,value,16773753029.0,ACTUAL,VNSTOCK_BRONZE
SPC,LATEST,balance_sheet,order,3.0,ACTUAL,VNSTOCK_BRONZE
SPC,LATEST,balance_sheet,level,2.0,ACTUAL,VNSTOCK_BRONZE
SPC,LATEST,balance_sheet,off_balance,0.0,ACTUAL,VNSTOCK_BRONZE
SPC,LATEST,balance_sheet,value,16773753029.0,ACTUAL,VNSTOCK_BRONZE
SPC,LATEST,balance_sheet,order,4.0,ACTUAL,VNSTOCK_BRONZE
SPC,LATEST,balance_sheet,level,2.0,ACTUAL,VNSTOCK_BRONZE
SPC,LATEST,balance_sheet,off_balance,0.0,ACTUAL,VNSTOCK_BRONZE
SPC,LATEST,balance_sheet,value,0.0,ACTUAL,VNSTOCK_BRONZE
SPC,LATEST,balance_sheet,order,5.0,ACTUAL,VNSTOCK_BRONZE
SPC,LATEST,balance_sheet,level,1.0,ACTUAL,VNSTOCK_BRONZE
SPC,LATEST,balance_sheet,off_balance,0.0,ACTUAL,VNSTOCK_BRONZE
SPC,LATEST,balance_sheet,value,0.0,ACTUAL,VNSTOCK_BRONZE
SPC,LATEST,balance_sheet,order,6.0,ACTUAL,VNSTOCK_BRONZE
SPC,LATEST,balance_sheet,level,2.0,ACTUAL,VNSTOCK_BRONZE
SPC,LATEST,balance_sheet,off_balance,0.0,ACTUAL,VNSTOCK_BRONZE
SPC,LATEST,balance_sheet,value,0.0,ACTUAL,VNSTOCK_BRONZE
SPC,LATEST,balance_sheet,order,7.0,ACTUAL,VNSTOCK_BRONZE
SPC,LATEST,balance_sheet,level,2.0,ACTUAL,VNSTOCK_BRONZE
SPC,LATEST,balance_sheet,off_balance,0.0,ACTUAL,VNSTOCK_BRONZE
SPC,LATEST,balance_sheet,value,0.0,ACTUAL,VNSTOCK_BRONZE
SPC,LATEST,balance_sheet,order,8.0,ACTUAL,VNSTOCK_BRONZE
SPC,LATEST,balance_sheet,level,2.0,ACTUAL,VNSTOCK_BRONZE
SPC,LATEST,balance_sheet,off_balance,0.0,ACTUAL,VNSTOCK_BRONZE
SPC,LATEST,balance_sheet,value,0.0,ACTUAL,VNSTOCK_BRONZE
SPC,LATEST,balance_sheet,order,9.0,ACTUAL,VNSTOCK_BRONZE
SPC,LATEST,balance_sheet,level,1.0,ACTUAL,VNSTOCK_BRONZE
SPC,LATEST,balance_sheet,off_balance,0.0,ACTUAL,VNSTOCK_BRONZE
SPC,LATEST,balance_sheet,value,241144207359.0,ACTUAL,VNSTOCK_BRONZE
SPC,LATEST,balance_sheet,order,10.0,ACTUAL,VNSTOCK_BRONZE
SPC,LATEST,balance_sheet,level,2.0,ACTUAL,VNSTOCK_BRONZE
SPC,LATEST,balance_sheet,off_balance,0.0,ACTUAL,VNSTOCK_BRONZE
SPC,LATEST,balance_sheet,value,249918624667.0,ACTUAL,VNSTOCK_BRONZE
SPC,LATEST,balance_sheet,order,11.0,ACTUAL,VNSTOCK_BRONZE
SPC,LATEST,balance_sheet,level,2.0,ACTUAL,VNSTOCK_BRONZE
SPC,LATEST,balance_sheet,off_balance,0.0,ACTUAL,VNSTOCK_BRONZE
SPC,LATEST,balance_sheet,value,1954214883.0,ACTUAL,VNSTOCK_BRONZE
SPC,LATEST,balance_sheet,order,12.0,ACTUAL,VNSTOCK_BRONZE
SPC,LATEST,balance_sheet,level,2.0,ACTUAL,VNSTOCK_BRONZE
SPC,LATEST,balance_sheet,off_balance,0.0,ACTUAL,VNSTOCK_BRONZE
SPC,LATEST,balance_sheet,value,0.0,ACTUAL,VNSTOCK_BRONZE
SPC,LATEST,balance_sheet,order,13.0,ACTUAL,VNSTOCK_BRONZE
SPC,LATEST,balance_sheet,level,2.0,ACTUAL,VNSTOCK_BRONZE
SPC,LATEST,balance_sheet,off_balance,0.0,ACTUAL,VNSTOCK_BRONZE
SPC,LATEST,balance_sheet,value,0.0,ACTUAL,VNSTOCK_BRONZE
SPC,LATEST,balance_sheet,order,14.0,ACTUAL,VNSTOCK_BRONZE
SPC,LATEST,balance_sheet,level,2.0,ACTUAL,VNSTOCK_BRONZE
SPC,LATEST,balance_sheet,off_balance,0.0,ACTUAL,VNSTOCK_BRONZE
SPC,LATEST,balance_sheet,value,0.0,ACTUAL,VNSTOCK_BRONZE
SPC,LATEST,balance_sheet,order,15.0,ACTUAL,VNSTOCK_BRONZE
SPC,LATEST,balance_sheet,level,2.0,ACTUAL,VNSTOCK_BRONZE
SPC,LATEST,balance_sheet,off_balance,0.0,ACTUAL,VNSTOCK_BRONZE
SPC,LATEST,balance_sheet,value,7113965093.0,ACTUAL,VNSTOCK_BRONZE
SPC,LATEST,balance_sheet,order,16.0,ACTUAL,VNSTOCK_BRONZE
SPC,LATEST,balance_sheet,level,2.0,ACTUAL,VNSTOCK_BRONZE
SPC,LATEST,balance_sheet,off_balance,0.0,ACTUAL,VNSTOCK_BRONZE
SPC,LATEST,balance_sheet,value,-17848309675.0,ACTUAL,VNSTOCK_BRONZE
SPC,LATEST,balance_sheet,order,17.0,ACTUAL,VNSTOCK_BRONZE
SPC,LATEST,balance_sheet,level,2.0,ACTUAL,VNSTOCK_BRONZE
SPC,LATEST,balance_sheet,off_balance,0.0,ACTUAL,VNSTOCK_BRONZE
SPC,LATEST,balance_sheet,value,5712391.0,ACTUAL,VNSTOCK_BRONZE
SPC,LATEST,balance_sheet,order,18.0,ACTUAL,VNSTOCK_BRONZE
SPC,LATEST,balance_sheet,level,1.0,ACTUAL,VNSTOCK_BRONZE
SPC,LATEST,balance_sheet,off_balance,0.0,ACTUAL,VNSTOCK_BRONZE
SPC,LATEST,balance_sheet,value,219092882910.0,ACTUAL,VNSTOCK_BRONZE
SPC,LATEST,balance_sheet,order,19.0,ACTUAL,VNSTOCK_BRONZE
SPC,LATEST,balance_sheet,level,2.0,ACTUAL,VNSTOCK_BRONZE
SPC,LATEST,balance_sheet,off_balance,0.0,ACTUAL,VNSTOCK_BRONZE
SPC,LATEST,balance_sheet,value,228015599841.0,ACTUAL,VNSTOCK_BRONZE
SPC,LATEST,balance_sheet,order,20.0,ACTUAL,VNSTOCK_BRONZE
SPC,LATEST,balance_sheet,level,2.0,ACTUAL,VNSTOCK_BRONZE
SPC,LATEST,balance_sheet,off_balance,0.0,ACTUAL,VNSTOCK_BRONZE
SPC,LATEST,balance_sheet,value,-8922716931.0,ACTUAL,VNSTOCK_BRONZE
SPC,LATEST,balance_sheet,order,21.0,ACTUAL,VNSTOCK_BRONZE
SPC,LATEST,balance_sheet,level,1.0,ACTUAL,VNSTOCK_BRONZE
SPC,LATEST,balance_sheet,off_balance,0.0,ACTUAL,VNSTOCK_BRONZE
SPC,LATEST,balance_sheet,value,20578285381.0,ACTUAL,VNSTOCK_BRONZE
SPC,LATEST,balance_sheet,order,22.0,ACTUAL,VNSTOCK_BRONZE
SPC,LATEST,balance_sheet,level,2.0,ACTUAL,VNSTOCK_BRONZE
SPC,LATEST,balance_sheet,off_balance,0.0,ACTUAL,VNSTOCK_BRONZE
SPC,LATEST,balance_sheet,value,892505918.0,ACTUAL,VNSTOCK_BRONZE
SPC,LATEST,balance_sheet,order,23.0,ACTUAL,VNSTOCK_BRONZE
SPC,LATEST,balance_sheet,level,2.0,ACTUAL,VNSTOCK_BRONZE
SPC,LATEST,balance_sheet,off_balance,0.0,ACTUAL,VNSTOCK_BRONZE
SPC,LATEST,balance_sheet,value,18830293626.0,ACTUAL,VNSTOCK_BRONZE
SPC,LATEST,balance_sheet,order,24.0,ACTUAL,VNSTOCK_BRONZE
SPC,LATEST,balance_sheet,level,2.0,ACTUAL,VNSTOCK_BRONZE
SPC,LATEST,balance_sheet,off_balance,0.0,ACTUAL,VNSTOCK_BRONZE
SPC,LATEST,balance_sheet,value,855485837.0,ACTUAL,VNSTOCK_BRONZE
SPC,LATEST,balance_sheet,order,25.0,ACTUAL,VNSTOCK_BRONZE
SPC,LATEST,balance_sheet,level,2.0,ACTUAL,VNSTOCK_BRONZE
SPC,LATEST,balance_sheet,off_balance,0.0,ACTUAL,VNSTOCK_BRONZE
SPC,LATEST,balance_sheet,value,0.0,ACTUAL,VNSTOCK_BRONZE
SPC,LATEST,balance_sheet,order,26.0,ACTUAL,VNSTOCK_BRONZE
SPC,LATEST,balance_sheet,level,1.0,ACTUAL,VNSTOCK_BRONZE
SPC,LATEST,balance_sheet,off_balance,0.0,ACTUAL,VNSTOCK_BRONZE
SPC,LATEST,balance_sheet,value,61908021894.0,ACTUAL,VNSTOCK_BRONZE
SPC,LATEST,balance_sheet,order,27.0,ACTUAL,VNSTOCK_BRONZE
SPC,LATEST,balance_sheet,level,1.0,ACTUAL,VNSTOCK_BRONZE
SPC,LATEST,balance_sheet,off_balance,0.0,ACTUAL,VNSTOCK_BRONZE
SPC,LATEST,balance_sheet,value,1513838569.0,ACTUAL,VNSTOCK_BRONZE
SPC,LATEST,balance_sheet,order,28.0,ACTUAL,VNSTOCK_BRONZE
SPC,LATEST,balance_sheet,level,2.0,ACTUAL,VNSTOCK_BRONZE
SPC,LATEST,balance_sheet,off_balance,0.0,ACTUAL,VNSTOCK_BRONZE
SPC,LATEST,balance_sheet,value,0.0,ACTUAL,VNSTOCK_BRONZE
SPC,LATEST,balance_sheet,order,29.0,ACTUAL,VNSTOCK_BRONZE
SPC,LATEST,balance_sheet,level,2.0,ACTUAL,VNSTOCK_BRONZE
SPC,LATEST,balance_sheet,off_balance,0.0,ACTUAL,VNSTOCK_BRONZE
SPC,LATEST,balance_sheet,value,0.0,ACTUAL,VNSTOCK_BRONZE
SPC,LATEST,balance_sheet,order,30.0,ACTUAL,VNSTOCK_BRONZE
SPC,LATEST,balance_sheet,level,2.0,ACTUAL,VNSTOCK_BRONZE
SPC,LATEST,balance_sheet,off_balance,0.0,ACTUAL,VNSTOCK_BRONZE
SPC,LATEST,balance_sheet,value,0.0,ACTUAL,VNSTOCK_BRONZE
SPC,LATEST,balance_sheet,order,31.0,ACTUAL,VNSTOCK_BRONZE
SPC,LATEST,balance_sheet,level,2.0,ACTUAL,VNSTOCK_BRONZE
SPC,LATEST,balance_sheet,off_balance,0.0,ACTUAL,VNSTOCK_BRONZE
SPC,LATEST,balance_sheet,value,0.0,ACTUAL,VNSTOCK_BRONZE
SPC,LATEST,balance_sheet,order,32.0,ACTUAL,VNSTOCK_BRONZE
SPC,LATEST,balance_sheet,level,2.0,ACTUAL,VNSTOCK_BRONZE
SPC,LATEST,balance_sheet,off_balance,0.0,ACTUAL,VNSTOCK_BRONZE
SPC,LATEST,balance_sheet,value,1513838569.0,ACTUAL,VNSTOCK_BRONZE
SPC,LATEST,balance_sheet,order,33.0,ACTUAL,VNSTOCK_BRONZE
SPC,LATEST,balance_sheet,level,2.0,ACTUAL,VNSTOCK_BRONZE
SPC,LATEST,balance_sheet,off_balance,0.0,ACTUAL,VNSTOCK_BRONZE
SPC,LATEST,balance_sheet,value,-0.0,ACTUAL,VNSTOCK_BRONZE
SPC,LATEST,balance_sheet,order,34.0,ACTUAL,VNSTOCK_BRONZE
SPC,LATEST,balance_sheet,level,1.0,ACTUAL,VNSTOCK_BRONZE
SPC,LATEST,balance_sheet,off_balance,0.0,ACTUAL,VNSTOCK_BRONZE
SPC,LATEST,balance_sheet,value,30705448957.0,ACTUAL,VNSTOCK_BRONZE
SPC,LATEST,balance_sheet,order,35.0,ACTUAL,VNSTOCK_BRONZE
SPC,LATEST,balance_sheet,level,2.0,ACTUAL,VNSTOCK_BRONZE
SPC,LATEST,balance_sheet,off_balance,0.0,ACTUAL,VNSTOCK_BRONZE
SPC,LATEST,balance_sheet,value,24565022432.0,ACTUAL,VNSTOCK_BRONZE
SPC,LATEST,balance_sheet,order,36.0,ACTUAL,VNSTOCK_BRONZE
SPC,LATEST,balance_sheet,level,3.0,ACTUAL,VNSTOCK_BRONZE
SPC,LATEST,balance_sheet,off_balance,0.0,ACTUAL,VNSTOCK_BRONZE
SPC,LATEST,balance_sheet,value,153307640009.0,ACTUAL,VNSTOCK_BRONZE
SPC,LATEST,balance_sheet,order,37.0,ACTUAL,VNSTOCK_BRONZE
SPC,LATEST,balance_sheet,level,3.0,ACTUAL,VNSTOCK_BRONZE
SPC,LATEST,balance_sheet,off_balance,0.0,ACTUAL,VNSTOCK_BRONZE
SPC,LATEST,balance_sheet,value,-128742617577.0,ACTUAL,VNSTOCK_BRONZE
SPC,LATEST,balance_sheet,order,38.0,ACTUAL,VNSTOCK_BRONZE
SPC,LATEST,balance_sheet,level,2.0,ACTUAL,VNSTOCK_BRONZE
SPC,LATEST,balance_sheet,off_balance,0.0,ACTUAL,VNSTOCK_BRONZE
SPC,LATEST,balance_sheet,value,1404482498.0,ACTUAL,VNSTOCK_BRONZE
SPC,LATEST,balance_sheet,order,39.0,ACTUAL,VNSTOCK_BRONZE
SPC,LATEST,balance_sheet,level,3.0,ACTUAL,VNSTOCK_BRONZE
SPC,LATEST,balance_sheet,off_balance,0.0,ACTUAL,VNSTOCK_BRONZE
SPC,LATEST,balance_sheet,value,2974198190.0,ACTUAL,VNSTOCK_BRONZE
SPC,LATEST,balance_sheet,order,40.0,ACTUAL,VNSTOCK_BRONZE
SPC,LATEST,balance_sheet,level,3.0,ACTUAL,VNSTOCK_BRONZE
SPC,LATEST,balance_sheet,off_balance,0.0,ACTUAL,VNSTOCK_BRONZE
SPC,LATEST,balance_sheet,value,-1569715692.0,ACTUAL,VNSTOCK_BRONZE
SPC,LATEST,balance_sheet,order,41.0,ACTUAL,VNSTOCK_BRONZE
SPC,LATEST,balance_sheet,level,2.0,ACTUAL,VNSTOCK_BRONZE
SPC,LATEST,balance_sheet,off_balance,0.0,ACTUAL,VNSTOCK_BRONZE
SPC,LATEST,balance_sheet,value,4735944027.0,ACTUAL,VNSTOCK_BRONZE
SPC,LATEST,balance_sheet,order,42.0,ACTUAL,VNSTOCK_BRONZE
SPC,LATEST,balance_sheet,level,3.0,ACTUAL,VNSTOCK_BRONZE
SPC,LATEST,balance_sheet,off_balance,0.0,ACTUAL,VNSTOCK_BRONZE
SPC,LATEST,balance_sheet,value,9261423802.0,ACTUAL,VNSTOCK_BRONZE
SPC,LATEST,balance_sheet,order,43.0,ACTUAL,VNSTOCK_BRONZE
SPC,LATEST,balance_sheet,level,3.0,ACTUAL,VNSTOCK_BRONZE
SPC,LATEST,balance_sheet,off_balance,0.0,ACTUAL,VNSTOCK_BRONZE
SPC,LATEST,balance_sheet,value,-4525479775.0,ACTUAL,VNSTOCK_BRONZE
SPC,LATEST,balance_sheet,order,44.0,ACTUAL,VNSTOCK_BRONZE
SPC,LATEST,balance_sheet,level,1.0,ACTUAL,VNSTOCK_BRONZE
SPC,LATEST,balance_sheet,off_balance,0.0,ACTUAL,VNSTOCK_BRONZE
SPC,LATEST,balance_sheet,value,254682326.0,ACTUAL,VNSTOCK_BRONZE
SPC,LATEST,balance_sheet,order,45.0,ACTUAL,VNSTOCK_BRONZE
SPC,LATEST,balance_sheet,level,2.0,ACTUAL,VNSTOCK_BRONZE
SPC,LATEST,balance_sheet,off_balance,0.0,ACTUAL,VNSTOCK_BRONZE
SPC,LATEST,balance_sheet,value,1815023237.0,ACTUAL,VNSTOCK_BRONZE
SPC,LATEST,balance_sheet,order,46.0,ACTUAL,VNSTOCK_BRONZE
SPC,LATEST,balance_sheet,level,2.0,ACTUAL,VNSTOCK_BRONZE
SPC,LATEST,balance_sheet,off_balance,0.0,ACTUAL,VNSTOCK_BRONZE
SPC,LATEST,balance_sheet,value,-1560340911.0,ACTUAL,VNSTOCK_BRONZE
SPC,LATEST,balance_sheet,order,47.0,ACTUAL,VNSTOCK_BRONZE
SPC,LATEST,balance_sheet,level,1.0,ACTUAL,VNSTOCK_BRONZE
SPC,LATEST,balance_sheet,off_balance,0.0,ACTUAL,VNSTOCK_BRONZE
SPC,LATEST,balance_sheet,value,4605829417.0,ACTUAL,VNSTOCK_BRONZE
SPC,LATEST,balance_sheet,order,48.0,ACTUAL,VNSTOCK_BRONZE
SPC,LATEST,balance_sheet,level,2.0,ACTUAL,VNSTOCK_BRONZE
SPC,LATEST,balance_sheet,off_balance,0.0,ACTUAL,VNSTOCK_BRONZE
SPC,LATEST,balance_sheet,value,0.0,ACTUAL,VNSTOCK_BRONZE
SPC,LATEST,balance_sheet,order,49.0,ACTUAL,VNSTOCK_BRONZE
SPC,LATEST,balance_sheet,level,2.0,ACTUAL,VNSTOCK_BRONZE
SPC,LATEST,balance_sheet,off_balance,0.0,ACTUAL,VNSTOCK_BRONZE
SPC,LATEST,balance_sheet,value,4605829417.0,ACTUAL,VNSTOCK_BRONZE
SPC,LATEST,balance_sheet,order,50.0,ACTUAL,VNSTOCK_BRONZE
SPC,LATEST,balance_sheet,level,1.0,ACTUAL,VNSTOCK_BRONZE
SPC,LATEST,balance_sheet,off_balance,0.0,ACTUAL,VNSTOCK_BRONZE
SPC,LATEST,balance_sheet,value,0.0,ACTUAL,VNSTOCK_BRONZE
SPC,LATEST,balance_sheet,order,51.0,ACTUAL,VNSTOCK_BRONZE
SPC,LATEST,balance_sheet,level,2.0,ACTUAL,VNSTOCK_BRONZE
SPC,LATEST,balance_sheet,off_balance,0.0,ACTUAL,VNSTOCK_BRONZE
SPC,LATEST,balance_sheet,value,0.0,ACTUAL,VNSTOCK_BRONZE
SPC,LATEST,balance_sheet,order,52.0,ACTUAL,VNSTOCK_BRONZE
SPC,LATEST,balance_sheet,level,2.0,ACTUAL,VNSTOCK_BRONZE
SPC,LATEST,balance_sheet,off_balance,0.0,ACTUAL,VNSTOCK_BRONZE
SPC,LATEST,balance_sheet,value,0.0,ACTUAL,VNSTOCK_BRONZE
SPC,LATEST,balance_sheet,order,53.0,ACTUAL,VNSTOCK_BRONZE
SPC,LATEST,balance_sheet,level,2.0,ACTUAL,VNSTOCK_BRONZE
SPC,LATEST,balance_sheet,off_balance,0.0,ACTUAL,VNSTOCK_BRONZE
SPC,LATEST,balance_sheet,value,0.0,ACTUAL,VNSTOCK_BRONZE
SPC,LATEST,balance_sheet,order,54.0,ACTUAL,VNSTOCK_BRONZE
SPC,LATEST,balance_sheet,level,2.0,ACTUAL,VNSTOCK_BRONZE
SPC,LATEST,balance_sheet,off_balance,0.0,ACTUAL,VNSTOCK_BRONZE
SPC,LATEST,balance_sheet,value,0.0,ACTUAL,VNSTOCK_BRONZE
SPC,LATEST,balance_sheet,order,55.0,ACTUAL,VNSTOCK_BRONZE
SPC,LATEST,balance_sheet,level,2.0,ACTUAL,VNSTOCK_BRONZE
SPC,LATEST,balance_sheet,off_balance,0.0,ACTUAL,VNSTOCK_BRONZE
SPC,LATEST,balance_sheet,value,0.0,ACTUAL,VNSTOCK_BRONZE
SPC,LATEST,balance_sheet,order,56.0,ACTUAL,VNSTOCK_BRONZE
SPC,LATEST,balance_sheet,level,1.0,ACTUAL,VNSTOCK_BRONZE
SPC,LATEST,balance_sheet,off_balance,0.0,ACTUAL,VNSTOCK_BRONZE
SPC,LATEST,balance_sheet,value,24828222625.0,ACTUAL,VNSTOCK_BRONZE
SPC,LATEST,balance_sheet,order,57.0,ACTUAL,VNSTOCK_BRONZE
SPC,LATEST,balance_sheet,level,2.0,ACTUAL,VNSTOCK_BRONZE
SPC,LATEST,balance_sheet,off_balance,0.0,ACTUAL,VNSTOCK_BRONZE
SPC,LATEST,balance_sheet,value,0.0,ACTUAL,VNSTOCK_BRONZE
SPC,LATEST,balance_sheet,order,58.0,ACTUAL,VNSTOCK_BRONZE
SPC,LATEST,balance_sheet,level,2.0,ACTUAL,VNSTOCK_BRONZE
SPC,LATEST,balance_sheet,off_balance,0.0,ACTUAL,VNSTOCK_BRONZE
SPC,LATEST,balance_sheet,value,13694336749.0,ACTUAL,VNSTOCK_BRONZE
SPC,LATEST,balance_sheet,order,59.0,ACTUAL,VNSTOCK_BRONZE
SPC,LATEST,balance_sheet,level,2.0,ACTUAL,VNSTOCK_BRONZE
SPC,LATEST,balance_sheet,off_balance,0.0,ACTUAL,VNSTOCK_BRONZE
SPC,LATEST,balance_sheet,value,11133885876.0,ACTUAL,VNSTOCK_BRONZE
SPC,LATEST,balance_sheet,order,60.0,ACTUAL,VNSTOCK_BRONZE
SPC,LATEST,balance_sheet,level,2.0,ACTUAL,VNSTOCK_BRONZE
SPC,LATEST,balance_sheet,off_balance,0.0,ACTUAL,VNSTOCK_BRONZE
SPC,LATEST,balance_sheet,value,0.0,ACTUAL,VNSTOCK_BRONZE
SPC,LATEST,balance_sheet,order,61.0,ACTUAL,VNSTOCK_BRONZE
SPC,LATEST,balance_sheet,level,2.0,ACTUAL,VNSTOCK_BRONZE
SPC,LATEST,balance_sheet,off_balance,0.0,ACTUAL,VNSTOCK_BRONZE
SPC,LATEST,balance_sheet,value,0.0,ACTUAL,VNSTOCK_BRONZE
SPC,LATEST,balance_sheet,order,62.0,ACTUAL,VNSTOCK_BRONZE
SPC,LATEST,balance_sheet,level,2.0,ACTUAL,VNSTOCK_BRONZE
SPC,LATEST,balance_sheet,off_balance,0.0,ACTUAL,VNSTOCK_BRONZE
SPC,LATEST,balance_sheet,value,0.0,ACTUAL,VNSTOCK_BRONZE
SPC,LATEST,balance_sheet,order,63.0,ACTUAL,VNSTOCK_BRONZE
SPC,LATEST,balance_sheet,level,1.0,ACTUAL,VNSTOCK_BRONZE
SPC,LATEST,balance_sheet,off_balance,0.0,ACTUAL,VNSTOCK_BRONZE
SPC,LATEST,balance_sheet,value,559497150573.0,ACTUAL,VNSTOCK_BRONZE
SPC,LATEST,balance_sheet,order,64.0,ACTUAL,VNSTOCK_BRONZE
SPC,LATEST,balance_sheet,level,1.0,ACTUAL,VNSTOCK_BRONZE
SPC,LATEST,balance_sheet,off_balance,0.0,ACTUAL,VNSTOCK_BRONZE
SPC,LATEST,balance_sheet,value,403469107551.0,ACTUAL,VNSTOCK_BRONZE
SPC,LATEST,balance_sheet,order,65.0,ACTUAL,VNSTOCK_BRONZE
SPC,LATEST,balance_sheet,level,1.0,ACTUAL,VNSTOCK_BRONZE
SPC,LATEST,balance_sheet,off_balance,0.0,ACTUAL,VNSTOCK_BRONZE
SPC,LATEST,balance_sheet,value,394934904492.0,ACTUAL,VNSTOCK_BRONZE
SPC,LATEST,balance_sheet,order,66.0,ACTUAL,VNSTOCK_BRONZE
SPC,LATEST,balance_sheet,level,2.0,ACTUAL,VNSTOCK_BRONZE
SPC,LATEST,balance_sheet,off_balance,0.0,ACTUAL,VNSTOCK_BRONZE
SPC,LATEST,balance_sheet,value,0.0,ACTUAL,VNSTOCK_BRONZE
SPC,LATEST,balance_sheet,order,67.0,ACTUAL,VNSTOCK_BRONZE
SPC,LATEST,balance_sheet,level,2.0,ACTUAL,VNSTOCK_BRONZE
SPC,LATEST,balance_sheet,off_balance,0.0,ACTUAL,VNSTOCK_BRONZE
SPC,LATEST,balance_sheet,value,0.0,ACTUAL,VNSTOCK_BRONZE
SPC,LATEST,balance_sheet,order,68.0,ACTUAL,VNSTOCK_BRONZE
SPC,LATEST,balance_sheet,level,2.0,ACTUAL,VNSTOCK_BRONZE
SPC,LATEST,balance_sheet,off_balance,0.0,ACTUAL,VNSTOCK_BRONZE
SPC,LATEST,balance_sheet,value,0.0,ACTUAL,VNSTOCK_BRONZE
SPC,LATEST,balance_sheet,order,69.0,ACTUAL,VNSTOCK_BRONZE
SPC,LATEST,balance_sheet,level,2.0,ACTUAL,VNSTOCK_BRONZE
SPC,LATEST,balance_sheet,off_balance,0.0,ACTUAL,VNSTOCK_BRONZE
SPC,LATEST,balance_sheet,value,207303224698.0,ACTUAL,VNSTOCK_BRONZE
SPC,LATEST,balance_sheet,order,70.0,ACTUAL,VNSTOCK_BRONZE
SPC,LATEST,balance_sheet,level,2.0,ACTUAL,VNSTOCK_BRONZE
SPC,LATEST,balance_sheet,off_balance,0.0,ACTUAL,VNSTOCK_BRONZE
SPC,LATEST,balance_sheet,value,1167038738.0,ACTUAL,VNSTOCK_BRONZE
SPC,LATEST,balance_sheet,order,71.0,ACTUAL,VNSTOCK_BRONZE
SPC,LATEST,balance_sheet,level,2.0,ACTUAL,VNSTOCK_BRONZE
SPC,LATEST,balance_sheet,off_balance,0.0,ACTUAL,VNSTOCK_BRONZE
SPC,LATEST,balance_sheet,value,6893759525.0,ACTUAL,VNSTOCK_BRONZE
SPC,LATEST,balance_sheet,order,72.0,ACTUAL,VNSTOCK_BRONZE
SPC,LATEST,balance_sheet,level,2.0,ACTUAL,VNSTOCK_BRONZE
SPC,LATEST,balance_sheet,off_balance,0.0,ACTUAL,VNSTOCK_BRONZE
SPC,LATEST,balance_sheet,value,3531224285.0,ACTUAL,VNSTOCK_BRONZE
SPC,LATEST,balance_sheet,order,73.0,ACTUAL,VNSTOCK_BRONZE
SPC,LATEST,balance_sheet,level,2.0,ACTUAL,VNSTOCK_BRONZE
SPC,LATEST,balance_sheet,off_balance,0.0,ACTUAL,VNSTOCK_BRONZE
SPC,LATEST,balance_sheet,value,0.0,ACTUAL,VNSTOCK_BRONZE
SPC,LATEST,balance_sheet,order,74.0,ACTUAL,VNSTOCK_BRONZE
SPC,LATEST,balance_sheet,level,2.0,ACTUAL,VNSTOCK_BRONZE
SPC,LATEST,balance_sheet,off_balance,0.0,ACTUAL,VNSTOCK_BRONZE
SPC,LATEST,balance_sheet,value,0.0,ACTUAL,VNSTOCK_BRONZE
SPC,LATEST,balance_sheet,order,75.0,ACTUAL,VNSTOCK_BRONZE
SPC,LATEST,balance_sheet,level,2.0,ACTUAL,VNSTOCK_BRONZE
SPC,LATEST,balance_sheet,off_balance,0.0,ACTUAL,VNSTOCK_BRONZE
SPC,LATEST,balance_sheet,value,0.0,ACTUAL,VNSTOCK_BRONZE
SPC,LATEST,balance_sheet,order,76.0,ACTUAL,VNSTOCK_BRONZE
SPC,LATEST,balance_sheet,level,2.0,ACTUAL,VNSTOCK_BRONZE
SPC,LATEST,balance_sheet,off_balance,0.0,ACTUAL,VNSTOCK_BRONZE
SPC,LATEST,balance_sheet,value,28431805846.0,ACTUAL,VNSTOCK_BRONZE
SPC,LATEST,balance_sheet,order,77.0,ACTUAL,VNSTOCK_BRONZE
SPC,LATEST,balance_sheet,level,2.0,ACTUAL,VNSTOCK_BRONZE
SPC,LATEST,balance_sheet,off_balance,0.0,ACTUAL,VNSTOCK_BRONZE
SPC,LATEST,balance_sheet,value,147596061914.0,ACTUAL,VNSTOCK_BRONZE
SPC,LATEST,balance_sheet,order,78.0,ACTUAL,VNSTOCK_BRONZE
SPC,LATEST,balance_sheet,level,2.0,ACTUAL,VNSTOCK_BRONZE
SPC,LATEST,balance_sheet,off_balance,0.0,ACTUAL,VNSTOCK_BRONZE
SPC,LATEST,balance_sheet,value,0.0,ACTUAL,VNSTOCK_BRONZE
SPC,LATEST,balance_sheet,order,79.0,ACTUAL,VNSTOCK_BRONZE
SPC,LATEST,balance_sheet,level,2.0,ACTUAL,VNSTOCK_BRONZE
SPC,LATEST,balance_sheet,off_balance,0.0,ACTUAL,VNSTOCK_BRONZE
SPC,LATEST,balance_sheet,value,11789486.0,ACTUAL,VNSTOCK_BRONZE
SPC,LATEST,balance_sheet,order,80.0,ACTUAL,VNSTOCK_BRONZE
SPC,LATEST,balance_sheet,level,2.0,ACTUAL,VNSTOCK_BRONZE
SPC,LATEST,balance_sheet,off_balance,0.0,ACTUAL,VNSTOCK_BRONZE
SPC,LATEST,balance_sheet,value,0.0,ACTUAL,VNSTOCK_BRONZE
SPC,LATEST,balance_sheet,order,81.0,ACTUAL,VNSTOCK_BRONZE
SPC,LATEST,balance_sheet,level,2.0,ACTUAL,VNSTOCK_BRONZE
SPC,LATEST,balance_sheet,off_balance,0.0,ACTUAL,VNSTOCK_BRONZE
SPC,LATEST,balance_sheet,value,0.0,ACTUAL,VNSTOCK_BRONZE
SPC,LATEST,balance_sheet,order,82.0,ACTUAL,VNSTOCK_BRONZE
SPC,LATEST,balance_sheet,level,1.0,ACTUAL,VNSTOCK_BRONZE
SPC,LATEST,balance_sheet,off_balance,0.0,ACTUAL,VNSTOCK_BRONZE
SPC,LATEST,balance_sheet,value,8534203059.0,ACTUAL,VNSTOCK_BRONZE
SPC,LATEST,balance_sheet,order,83.0,ACTUAL,VNSTOCK_BRONZE
SPC,LATEST,balance_sheet,level,2.0,ACTUAL,VNSTOCK_BRONZE
SPC,LATEST,balance_sheet,off_balance,0.0,ACTUAL,VNSTOCK_BRONZE
SPC,LATEST,balance_sheet,value,0.0,ACTUAL,VNSTOCK_BRONZE
SPC,LATEST,balance_sheet,order,84.0,ACTUAL,VNSTOCK_BRONZE
SPC,LATEST,balance_sheet,level,2.0,ACTUAL,VNSTOCK_BRONZE
SPC,LATEST,balance_sheet,off_balance,0.0,ACTUAL,VNSTOCK_BRONZE
SPC,LATEST,balance_sheet,order,85.0,ACTUAL,VNSTOCK_BRONZE
SPC,LATEST,balance_sheet,level,2.0,ACTUAL,VNSTOCK_BRONZE
SPC,LATEST,balance_sheet,off_balance,0.0,ACTUAL,VNSTOCK_BRONZE
SPC,LATEST,balance_sheet,value,0.0,ACTUAL,VNSTOCK_BRONZE
SPC,LATEST,balance_sheet,order,86.0,ACTUAL,VNSTOCK_BRONZE
SPC,LATEST,balance_sheet,level,2.0,ACTUAL,VNSTOCK_BRONZE
SPC,LATEST,balance_sheet,off_balance,0.0,ACTUAL,VNSTOCK_BRONZE
SPC,LATEST,balance_sheet,value,0.0,ACTUAL,VNSTOCK_BRONZE
SPC,LATEST,balance_sheet,order,87.0,ACTUAL,VNSTOCK_BRONZE
SPC,LATEST,balance_sheet,level,2.0,ACTUAL,VNSTOCK_BRONZE
SPC,LATEST,balance_sheet,off_balance,0.0,ACTUAL,VNSTOCK_BRONZE
SPC,LATEST,balance_sheet,value,0.0,ACTUAL,VNSTOCK_BRONZE
SPC,LATEST,balance_sheet,order,88.0,ACTUAL,VNSTOCK_BRONZE
SPC,LATEST,balance_sheet,level,2.0,ACTUAL,VNSTOCK_BRONZE
SPC,LATEST,balance_sheet,off_balance,0.0,ACTUAL,VNSTOCK_BRONZE
SPC,LATEST,balance_sheet,value,231118886.0,ACTUAL,VNSTOCK_BRONZE
SPC,LATEST,balance_sheet,order,89.0,ACTUAL,VNSTOCK_BRONZE
SPC,LATEST,balance_sheet,level,2.0,ACTUAL,VNSTOCK_BRONZE
SPC,LATEST,balance_sheet,off_balance,0.0,ACTUAL,VNSTOCK_BRONZE
SPC,LATEST,balance_sheet,value,0.0,ACTUAL,VNSTOCK_BRONZE
SPC,LATEST,balance_sheet,order,90.0,ACTUAL,VNSTOCK_BRONZE
SPC,LATEST,balance_sheet,level,2.0,ACTUAL,VNSTOCK_BRONZE
SPC,LATEST,balance_sheet,off_balance,0.0,ACTUAL,VNSTOCK_BRONZE
SPC,LATEST,balance_sheet,value,1591209427.0,ACTUAL,VNSTOCK_BRONZE
SPC,LATEST,balance_sheet,order,91.0,ACTUAL,VNSTOCK_BRONZE
SPC,LATEST,balance_sheet,level,2.0,ACTUAL,VNSTOCK_BRONZE
SPC,LATEST,balance_sheet,off_balance,0.0,ACTUAL,VNSTOCK_BRONZE
SPC,LATEST,balance_sheet,value,1698579948.0,ACTUAL,VNSTOCK_BRONZE
SPC,LATEST,balance_sheet,order,92.0,ACTUAL,VNSTOCK_BRONZE
SPC,LATEST,balance_sheet,level,2.0,ACTUAL,VNSTOCK_BRONZE
SPC,LATEST,balance_sheet,off_balance,0.0,ACTUAL,VNSTOCK_BRONZE
SPC,LATEST,balance_sheet,value,0.0,ACTUAL,VNSTOCK_BRONZE
SPC,LATEST,balance_sheet,order,93.0,ACTUAL,VNSTOCK_BRONZE
SPC,LATEST,balance_sheet,level,2.0,ACTUAL,VNSTOCK_BRONZE
SPC,LATEST,balance_sheet,off_balance,0.0,ACTUAL,VNSTOCK_BRONZE
SPC,LATEST,balance_sheet,value,5013294798.0,ACTUAL,VNSTOCK_BRONZE
SPC,LATEST,balance_sheet,order,94.0,ACTUAL,VNSTOCK_BRONZE
SPC,LATEST,balance_sheet,level,2.0,ACTUAL,VNSTOCK_BRONZE
SPC,LATEST,balance_sheet,off_balance,0.0,ACTUAL,VNSTOCK_BRONZE
SPC,LATEST,balance_sheet,value,0.0,ACTUAL,VNSTOCK_BRONZE
SPC,LATEST,balance_sheet,order,95.0,ACTUAL,VNSTOCK_BRONZE
SPC,LATEST,balance_sheet,level,2.0,ACTUAL,VNSTOCK_BRONZE
SPC,LATEST,balance_sheet,off_balance,0.0,ACTUAL,VNSTOCK_BRONZE
SPC,LATEST,balance_sheet,value,0.0,ACTUAL,VNSTOCK_BRONZE
SPC,LATEST,balance_sheet,order,96.0,ACTUAL,VNSTOCK_BRONZE
SPC,LATEST,balance_sheet,level,1.0,ACTUAL,VNSTOCK_BRONZE
SPC,LATEST,balance_sheet,off_balance,0.0,ACTUAL,VNSTOCK_BRONZE
SPC,LATEST,balance_sheet,value,156028043022.0,ACTUAL,VNSTOCK_BRONZE
SPC,LATEST,balance_sheet,order,97.0,ACTUAL,VNSTOCK_BRONZE
SPC,LATEST,balance_sheet,level,1.0,ACTUAL,VNSTOCK_BRONZE
SPC,LATEST,balance_sheet,off_balance,0.0,ACTUAL,VNSTOCK_BRONZE
SPC,LATEST,balance_sheet,value,156028043022.0,ACTUAL,VNSTOCK_BRONZE
SPC,LATEST,balance_sheet,order,98.0,ACTUAL,VNSTOCK_BRONZE
SPC,LATEST,balance_sheet,level,2.0,ACTUAL,VNSTOCK_BRONZE
SPC,LATEST,balance_sheet,off_balance,0.0,ACTUAL,VNSTOCK_BRONZE
SPC,LATEST,balance_sheet,value,0.0,ACTUAL,VNSTOCK_BRONZE
SPC,LATEST,balance_sheet,order,99.0,ACTUAL,VNSTOCK_BRONZE
SPC,LATEST,balance_sheet,level,2.0,ACTUAL,VNSTOCK_BRONZE
SPC,LATEST,balance_sheet,off_balance,0.0,ACTUAL,VNSTOCK_BRONZE
SPC,LATEST,balance_sheet,value,0.0,ACTUAL,VNSTOCK_BRONZE
SPC,LATEST,balance_sheet,order,100.0,ACTUAL,VNSTOCK_BRONZE
SPC,LATEST,balance_sheet,level,2.0,ACTUAL,VNSTOCK_BRONZE
SPC,LATEST,balance_sheet,off_balance,0.0,ACTUAL,VNSTOCK_BRONZE
SPC,LATEST,balance_sheet,value,0.0,ACTUAL,VNSTOCK_BRONZE
SPC,LATEST,balance_sheet,order,101.0,ACTUAL,VNSTOCK_BRONZE
SPC,LATEST,balance_sheet,level,2.0,ACTUAL,VNSTOCK_BRONZE
SPC,LATEST,balance_sheet,off_balance,0.0,ACTUAL,VNSTOCK_BRONZE
SPC,LATEST,balance_sheet,value,0.0,ACTUAL,VNSTOCK_BRONZE
SPC,LATEST,balance_sheet,order,102.0,ACTUAL,VNSTOCK_BRONZE
SPC,LATEST,balance_sheet,level,2.0,ACTUAL,VNSTOCK_BRONZE
SPC,LATEST,balance_sheet,off_balance,0.0,ACTUAL,VNSTOCK_BRONZE
SPC,LATEST,balance_sheet,value,105300000000.0,ACTUAL,VNSTOCK_BRONZE
SPC,LATEST,balance_sheet,order,103.0,ACTUAL,VNSTOCK_BRONZE
SPC,LATEST,balance_sheet,level,3.0,ACTUAL,VNSTOCK_BRONZE
SPC,LATEST,balance_sheet,off_balance,0.0,ACTUAL,VNSTOCK_BRONZE
SPC,LATEST,balance_sheet,value,105300000000.0,ACTUAL,VNSTOCK_BRONZE
SPC,LATEST,balance_sheet,order,104.0,ACTUAL,VNSTOCK_BRONZE
SPC,LATEST,balance_sheet,level,2.0,ACTUAL,VNSTOCK_BRONZE
SPC,LATEST,balance_sheet,off_balance,0.0,ACTUAL,VNSTOCK_BRONZE
SPC,LATEST,balance_sheet,value,782715818.0,ACTUAL,VNSTOCK_BRONZE
SPC,LATEST,balance_sheet,order,105.0,ACTUAL,VNSTOCK_BRONZE
SPC,LATEST,balance_sheet,level,2.0,ACTUAL,VNSTOCK_BRONZE
SPC,LATEST,balance_sheet,off_balance,0.0,ACTUAL,VNSTOCK_BRONZE
SPC,LATEST,balance_sheet,value,0.0,ACTUAL,VNSTOCK_BRONZE
SPC,LATEST,balance_sheet,order,106.0,ACTUAL,VNSTOCK_BRONZE
SPC,LATEST,balance_sheet,level,2.0,ACTUAL,VNSTOCK_BRONZE
SPC,LATEST,balance_sheet,off_balance,0.0,ACTUAL,VNSTOCK_BRONZE
SPC,LATEST,balance_sheet,value,0.0,ACTUAL,VNSTOCK_BRONZE
SPC,LATEST,balance_sheet,order,107.0,ACTUAL,VNSTOCK_BRONZE
SPC,LATEST,balance_sheet,level,2.0,ACTUAL,VNSTOCK_BRONZE
SPC,LATEST,balance_sheet,off_balance,0.0,ACTUAL,VNSTOCK_BRONZE
SPC,LATEST,balance_sheet,value,0.0,ACTUAL,VNSTOCK_BRONZE
SPC,LATEST,balance_sheet,order,108.0,ACTUAL,VNSTOCK_BRONZE
SPC,LATEST,balance_sheet,level,2.0,ACTUAL,VNSTOCK_BRONZE
SPC,LATEST,balance_sheet,off_balance,0.0,ACTUAL,VNSTOCK_BRONZE
SPC,LATEST,balance_sheet,value,12178839454.0,ACTUAL,VNSTOCK_BRONZE
SPC,LATEST,balance_sheet,order,109.0,ACTUAL,VNSTOCK_BRONZE
SPC,LATEST,balance_sheet,level,2.0,ACTUAL,VNSTOCK_BRONZE
SPC,LATEST,balance_sheet,off_balance,0.0,ACTUAL,VNSTOCK_BRONZE
SPC,LATEST,balance_sheet,value,62487685785.0,ACTUAL,VNSTOCK_BRONZE
SPC,LATEST,balance_sheet,order,110.0,ACTUAL,VNSTOCK_BRONZE
SPC,LATEST,balance_sheet,level,2.0,ACTUAL,VNSTOCK_BRONZE
SPC,LATEST,balance_sheet,off_balance,0.0,ACTUAL,VNSTOCK_BRONZE
SPC,LATEST,balance_sheet,value,0.0,ACTUAL,VNSTOCK_BRONZE
SPC,LATEST,balance_sheet,order,111.0,ACTUAL,VNSTOCK_BRONZE
SPC,LATEST,balance_sheet,level,2.0,ACTUAL,VNSTOCK_BRONZE
SPC,LATEST,balance_sheet,off_balance,0.0,ACTUAL,VNSTOCK_BRONZE
SPC,LATEST,balance_sheet,value,0.0,ACTUAL,VNSTOCK_BRONZE
SPC,LATEST,balance_sheet,order,112.0,ACTUAL,VNSTOCK_BRONZE
SPC,LATEST,balance_sheet,level,2.0,ACTUAL,VNSTOCK_BRONZE
SPC,LATEST,balance_sheet,off_balance,0.0,ACTUAL,VNSTOCK_BRONZE
SPC,LATEST,balance_sheet,value,-35166783825.0,ACTUAL,VNSTOCK_BRONZE
SPC,LATEST,balance_sheet,order,113.0,ACTUAL,VNSTOCK_BRONZE
SPC,LATEST,balance_sheet,level,3.0,ACTUAL,VNSTOCK_BRONZE
SPC,LATEST,balance_sheet,off_balance,0.0,ACTUAL,VNSTOCK_BRONZE
SPC,LATEST,balance_sheet,value,-22298637626.0,ACTUAL,VNSTOCK_BRONZE
SPC,LATEST,balance_sheet,order,114.0,ACTUAL,VNSTOCK_BRONZE
SPC,LATEST,balance_sheet,level,3.0,ACTUAL,VNSTOCK_BRONZE
SPC,LATEST,balance_sheet,off_balance,0.0,ACTUAL,VNSTOCK_BRONZE
SPC,LATEST,balance_sheet,value,-12868146199.0,ACTUAL,VNSTOCK_BRONZE
SPC,LATEST,balance_sheet,order,115.0,ACTUAL,VNSTOCK_BRONZE
SPC,LATEST,balance_sheet,level,2.0,ACTUAL,VNSTOCK_BRONZE
SPC,LATEST,balance_sheet,off_balance,0.0,ACTUAL,VNSTOCK_BRONZE
SPC,LATEST,balance_sheet,value,10445585790.0,ACTUAL,VNSTOCK_BRONZE
SPC,LATEST,balance_sheet,order,116.0,ACTUAL,VNSTOCK_BRONZE
SPC,LATEST,balance_sheet,level,1.0,ACTUAL,VNSTOCK_BRONZE
SPC,LATEST,balance_sheet,off_balance,0.0,ACTUAL,VNSTOCK_BRONZE
SPC,LATEST,balance_sheet,value,0.0,ACTUAL,VNSTOCK_BRONZE
SPC,LATEST,balance_sheet,order,117.0,ACTUAL,VNSTOCK_BRONZE
SPC,LATEST,balance_sheet,level,2.0,ACTUAL,VNSTOCK_BRONZE
SPC,LATEST,balance_sheet,off_balance,0.0,ACTUAL,VNSTOCK_BRONZE
SPC,LATEST,balance_sheet,value,0.0,ACTUAL,VNSTOCK_BRONZE
SPC,LATEST,balance_sheet,order,118.0,ACTUAL,VNSTOCK_BRONZE
SPC,LATEST,balance_sheet,level,1.0,ACTUAL,VNSTOCK_BRONZE
SPC,LATEST,balance_sheet,off_balance,0.0,ACTUAL,VNSTOCK_BRONZE
SPC,LATEST,balance_sheet,value,559497150573.0,ACTUAL,VNSTOCK_BRONZE
SPC,LATEST,balance_sheet,order,1.0,ACTUAL,VNSTOCK_BRONZE
SPC,LATEST,balance_sheet,level,1.0,ACTUAL,VNSTOCK_BRONZE
SPC,LATEST,balance_sheet,off_balance,0.0,ACTUAL,VNSTOCK_BRONZE
SPC,LATEST,balance_sheet,value,474005394600.0,ACTUAL,VNSTOCK_BRONZE
SPC,LATEST,balance_sheet,order,2.0,ACTUAL,VNSTOCK_BRONZE
SPC,LATEST,balance_sheet,level,1.0,ACTUAL,VNSTOCK_BRONZE
SPC,LATEST,balance_sheet,off_balance,0.0,ACTUAL,VNSTOCK_BRONZE
SPC,LATEST,balance_sheet,value,24834277104.0,ACTUAL,VNSTOCK_BRONZE
SPC,LATEST,balance_sheet,order,3.0,ACTUAL,VNSTOCK_BRONZE
SPC,LATEST,balance_sheet,level,2.0,ACTUAL,VNSTOCK_BRONZE
SPC,LATEST,balance_sheet,off_balance,0.0,ACTUAL,VNSTOCK_BRONZE
SPC,LATEST,balance_sheet,value,24834277104.0,ACTUAL,VNSTOCK_BRONZE
SPC,LATEST,balance_sheet,order,4.0,ACTUAL,VNSTOCK_BRONZE
SPC,LATEST,balance_sheet,level,2.0,ACTUAL,VNSTOCK_BRONZE
SPC,LATEST,balance_sheet,off_balance,0.0,ACTUAL,VNSTOCK_BRONZE
SPC,LATEST,balance_sheet,value,0.0,ACTUAL,VNSTOCK_BRONZE
SPC,LATEST,balance_sheet,order,5.0,ACTUAL,VNSTOCK_BRONZE
SPC,LATEST,balance_sheet,level,1.0,ACTUAL,VNSTOCK_BRONZE
SPC,LATEST,balance_sheet,off_balance,0.0,ACTUAL,VNSTOCK_BRONZE
SPC,LATEST,balance_sheet,value,0.0,ACTUAL,VNSTOCK_BRONZE
SPC,LATEST,balance_sheet,order,6.0,ACTUAL,VNSTOCK_BRONZE
SPC,LATEST,balance_sheet,level,2.0,ACTUAL,VNSTOCK_BRONZE
SPC,LATEST,balance_sheet,off_balance,0.0,ACTUAL,VNSTOCK_BRONZE
SPC,LATEST,balance_sheet,value,0.0,ACTUAL,VNSTOCK_BRONZE
SPC,LATEST,balance_sheet,order,7.0,ACTUAL,VNSTOCK_BRONZE
SPC,LATEST,balance_sheet,level,2.0,ACTUAL,VNSTOCK_BRONZE
SPC,LATEST,balance_sheet,off_balance,0.0,ACTUAL,VNSTOCK_BRONZE
SPC,LATEST,balance_sheet,value,0.0,ACTUAL,VNSTOCK_BRONZE
SPC,LATEST,balance_sheet,order,8.0,ACTUAL,VNSTOCK_BRONZE
SPC,LATEST,balance_sheet,level,2.0,ACTUAL,VNSTOCK_BRONZE
SPC,LATEST,balance_sheet,off_balance,0.0,ACTUAL,VNSTOCK_BRONZE
SPC,LATEST,balance_sheet,value,0.0,ACTUAL,VNSTOCK_BRONZE
SPC,LATEST,balance_sheet,order,9.0,ACTUAL,VNSTOCK_BRONZE
SPC,LATEST,balance_sheet,level,1.0,ACTUAL,VNSTOCK_BRONZE
SPC,LATEST,balance_sheet,off_balance,0.0,ACTUAL,VNSTOCK_BRONZE
SPC,LATEST,balance_sheet,value,218997215387.0,ACTUAL,VNSTOCK_BRONZE
SPC,LATEST,balance_sheet,order,10.0,ACTUAL,VNSTOCK_BRONZE
SPC,LATEST,balance_sheet,level,2.0,ACTUAL,VNSTOCK_BRONZE
SPC,LATEST,balance_sheet,off_balance,0.0,ACTUAL,VNSTOCK_BRONZE
SPC,LATEST,balance_sheet,value,229732837950.0,ACTUAL,VNSTOCK_BRONZE
SPC,LATEST,balance_sheet,order,11.0,ACTUAL,VNSTOCK_BRONZE
SPC,LATEST,balance_sheet,level,2.0,ACTUAL,VNSTOCK_BRONZE
SPC,LATEST,balance_sheet,off_balance,0.0,ACTUAL,VNSTOCK_BRONZE
SPC,LATEST,balance_sheet,value,1771874193.0,ACTUAL,VNSTOCK_BRONZE
SPC,LATEST,balance_sheet,order,12.0,ACTUAL,VNSTOCK_BRONZE
SPC,LATEST,balance_sheet,level,2.0,ACTUAL,VNSTOCK_BRONZE
SPC,LATEST,balance_sheet,off_balance,0.0,ACTUAL,VNSTOCK_BRONZE
SPC,LATEST,balance_sheet,value,0.0,ACTUAL,VNSTOCK_BRONZE
SPC,LATEST,balance_sheet,order,13.0,ACTUAL,VNSTOCK_BRONZE
SPC,LATEST,balance_sheet,level,2.0,ACTUAL,VNSTOCK_BRONZE
SPC,LATEST,balance_sheet,off_balance,0.0,ACTUAL,VNSTOCK_BRONZE
SPC,LATEST,balance_sheet,value,0.0,ACTUAL,VNSTOCK_BRONZE
SPC,LATEST,balance_sheet,order,14.0,ACTUAL,VNSTOCK_BRONZE
SPC,LATEST,balance_sheet,level,2.0,ACTUAL,VNSTOCK_BRONZE
SPC,LATEST,balance_sheet,off_balance,0.0,ACTUAL,VNSTOCK_BRONZE
SPC,LATEST,balance_sheet,value,0.0,ACTUAL,VNSTOCK_BRONZE
SPC,LATEST,balance_sheet,order,15.0,ACTUAL,VNSTOCK_BRONZE
SPC,LATEST,balance_sheet,level,2.0,ACTUAL,VNSTOCK_BRONZE
SPC,LATEST,balance_sheet,off_balance,0.0,ACTUAL,VNSTOCK_BRONZE
SPC,LATEST,balance_sheet,value,5341491061.0,ACTUAL,VNSTOCK_BRONZE
SPC,LATEST,balance_sheet,order,16.0,ACTUAL,VNSTOCK_BRONZE
SPC,LATEST,balance_sheet,level,2.0,ACTUAL,VNSTOCK_BRONZE
SPC,LATEST,balance_sheet,off_balance,0.0,ACTUAL,VNSTOCK_BRONZE
SPC,LATEST,balance_sheet,value,-17848987817.0,ACTUAL,VNSTOCK_BRONZE
SPC,LATEST,balance_sheet,order,17.0,ACTUAL,VNSTOCK_BRONZE
SPC,LATEST,balance_sheet,level,2.0,ACTUAL,VNSTOCK_BRONZE
SPC,LATEST,balance_sheet,off_balance,0.0,ACTUAL,VNSTOCK_BRONZE
SPC,LATEST,balance_sheet,value,0.0,ACTUAL,VNSTOCK_BRONZE
SPC,LATEST,balance_sheet,order,18.0,ACTUAL,VNSTOCK_BRONZE
SPC,LATEST,balance_sheet,level,1.0,ACTUAL,VNSTOCK_BRONZE
SPC,LATEST,balance_sheet,off_balance,0.0,ACTUAL,VNSTOCK_BRONZE
SPC,LATEST,balance_sheet,value,211864648393.0,ACTUAL,VNSTOCK_BRONZE
SPC,LATEST,balance_sheet,order,19.0,ACTUAL,VNSTOCK_BRONZE
SPC,LATEST,balance_sheet,level,2.0,ACTUAL,VNSTOCK_BRONZE
SPC,LATEST,balance_sheet,off_balance,0.0,ACTUAL,VNSTOCK_BRONZE
SPC,LATEST,balance_sheet,value,218123541067.0,ACTUAL,VNSTOCK_BRONZE
SPC,LATEST,balance_sheet,order,20.0,ACTUAL,VNSTOCK_BRONZE
SPC,LATEST,balance_sheet,level,2.0,ACTUAL,VNSTOCK_BRONZE
SPC,LATEST,balance_sheet,off_balance,0.0,ACTUAL,VNSTOCK_BRONZE
SPC,LATEST,balance_sheet,value,-6258892674.0,ACTUAL,VNSTOCK_BRONZE
SPC,LATEST,balance_sheet,order,21.0,ACTUAL,VNSTOCK_BRONZE
SPC,LATEST,balance_sheet,level,1.0,ACTUAL,VNSTOCK_BRONZE
SPC,LATEST,balance_sheet,off_balance,0.0,ACTUAL,VNSTOCK_BRONZE
SPC,LATEST,balance_sheet,value,18309253716.0,ACTUAL,VNSTOCK_BRONZE
SPC,LATEST,balance_sheet,order,22.0,ACTUAL,VNSTOCK_BRONZE
SPC,LATEST,balance_sheet,level,2.0,ACTUAL,VNSTOCK_BRONZE
SPC,LATEST,balance_sheet,off_balance,0.0,ACTUAL,VNSTOCK_BRONZE
SPC,LATEST,balance_sheet,value,1492598821.0,ACTUAL,VNSTOCK_BRONZE
SPC,LATEST,balance_sheet,order,23.0,ACTUAL,VNSTOCK_BRONZE
SPC,LATEST,balance_sheet,level,2.0,ACTUAL,VNSTOCK_BRONZE
SPC,LATEST,balance_sheet,off_balance,0.0,ACTUAL,VNSTOCK_BRONZE
SPC,LATEST,balance_sheet,value,16157025383.0,ACTUAL,VNSTOCK_BRONZE
SPC,LATEST,balance_sheet,order,24.0,ACTUAL,VNSTOCK_BRONZE
SPC,LATEST,balance_sheet,level,2.0,ACTUAL,VNSTOCK_BRONZE
SPC,LATEST,balance_sheet,off_balance,0.0,ACTUAL,VNSTOCK_BRONZE
SPC,LATEST,balance_sheet,value,659629512.0,ACTUAL,VNSTOCK_BRONZE
SPC,LATEST,balance_sheet,order,25.0,ACTUAL,VNSTOCK_BRONZE
SPC,LATEST,balance_sheet,level,2.0,ACTUAL,VNSTOCK_BRONZE
SPC,LATEST,balance_sheet,off_balance,0.0,ACTUAL,VNSTOCK_BRONZE
SPC,LATEST,balance_sheet,value,0.0,ACTUAL,VNSTOCK_BRONZE
SPC,LATEST,balance_sheet,order,26.0,ACTUAL,VNSTOCK_BRONZE
SPC,LATEST,balance_sheet,level,1.0,ACTUAL,VNSTOCK_BRONZE
SPC,LATEST,balance_sheet,off_balance,0.0,ACTUAL,VNSTOCK_BRONZE
SPC,LATEST,balance_sheet,value,52248964311.0,ACTUAL,VNSTOCK_BRONZE
SPC,LATEST,balance_sheet,order,27.0,ACTUAL,VNSTOCK_BRONZE
SPC,LATEST,balance_sheet,level,1.0,ACTUAL,VNSTOCK_BRONZE
SPC,LATEST,balance_sheet,off_balance,0.0,ACTUAL,VNSTOCK_BRONZE
SPC,LATEST,balance_sheet,value,1896149999.0,ACTUAL,VNSTOCK_BRONZE
SPC,LATEST,balance_sheet,order,28.0,ACTUAL,VNSTOCK_BRONZE
SPC,LATEST,balance_sheet,level,2.0,ACTUAL,VNSTOCK_BRONZE
SPC,LATEST,balance_sheet,off_balance,0.0,ACTUAL,VNSTOCK_BRONZE
SPC,LATEST,balance_sheet,value,0.0,ACTUAL,VNSTOCK_BRONZE
SPC,LATEST,balance_sheet,order,29.0,ACTUAL,VNSTOCK_BRONZE
SPC,LATEST,balance_sheet,level,2.0,ACTUAL,VNSTOCK_BRONZE
SPC,LATEST,balance_sheet,off_balance,0.0,ACTUAL,VNSTOCK_BRONZE
SPC,LATEST,balance_sheet,value,0.0,ACTUAL,VNSTOCK_BRONZE
SPC,LATEST,balance_sheet,order,30.0,ACTUAL,VNSTOCK_BRONZE
SPC,LATEST,balance_sheet,level,2.0,ACTUAL,VNSTOCK_BRONZE
SPC,LATEST,balance_sheet,off_balance,0.0,ACTUAL,VNSTOCK_BRONZE
SPC,LATEST,balance_sheet,value,0.0,ACTUAL,VNSTOCK_BRONZE
SPC,LATEST,balance_sheet,order,31.0,ACTUAL,VNSTOCK_BRONZE
SPC,LATEST,balance_sheet,level,2.0,ACTUAL,VNSTOCK_BRONZE
SPC,LATEST,balance_sheet,off_balance,0.0,ACTUAL,VNSTOCK_BRONZE
SPC,LATEST,balance_sheet,value,0.0,ACTUAL,VNSTOCK_BRONZE
SPC,LATEST,balance_sheet,order,32.0,ACTUAL,VNSTOCK_BRONZE
SPC,LATEST,balance_sheet,level,2.0,ACTUAL,VNSTOCK_BRONZE
SPC,LATEST,balance_sheet,off_balance,0.0,ACTUAL,VNSTOCK_BRONZE
SPC,LATEST,balance_sheet,value,1896149999.0,ACTUAL,VNSTOCK_BRONZE
SPC,LATEST,balance_sheet,order,33.0,ACTUAL,VNSTOCK_BRONZE
SPC,LATEST,balance_sheet,level,2.0,ACTUAL,VNSTOCK_BRONZE
SPC,LATEST,balance_sheet,off_balance,0.0,ACTUAL,VNSTOCK_BRONZE
SPC,LATEST,balance_sheet,value,-0.0,ACTUAL,VNSTOCK_BRONZE
SPC,LATEST,balance_sheet,order,34.0,ACTUAL,VNSTOCK_BRONZE
SPC,LATEST,balance_sheet,level,1.0,ACTUAL,VNSTOCK_BRONZE
SPC,LATEST,balance_sheet,off_balance,0.0,ACTUAL,VNSTOCK_BRONZE
SPC,LATEST,balance_sheet,value,31570423158.0,ACTUAL,VNSTOCK_BRONZE
SPC,LATEST,balance_sheet,order,35.0,ACTUAL,VNSTOCK_BRONZE
SPC,LATEST,balance_sheet,level,2.0,ACTUAL,VNSTOCK_BRONZE
SPC,LATEST,balance_sheet,off_balance,0.0,ACTUAL,VNSTOCK_BRONZE
SPC,LATEST,balance_sheet,value,25311713587.0,ACTUAL,VNSTOCK_BRONZE
SPC,LATEST,balance_sheet,order,36.0,ACTUAL,VNSTOCK_BRONZE
SPC,LATEST,balance_sheet,level,3.0,ACTUAL,VNSTOCK_BRONZE
SPC,LATEST,balance_sheet,off_balance,0.0,ACTUAL,VNSTOCK_BRONZE
SPC,LATEST,balance_sheet,value,152980619331.0,ACTUAL,VNSTOCK_BRONZE
SPC,LATEST,balance_sheet,order,37.0,ACTUAL,VNSTOCK_BRONZE
SPC,LATEST,balance_sheet,level,3.0,ACTUAL,VNSTOCK_BRONZE
SPC,LATEST,balance_sheet,off_balance,0.0,ACTUAL,VNSTOCK_BRONZE
SPC,LATEST,balance_sheet,value,-127668905744.0,ACTUAL,VNSTOCK_BRONZE
SPC,LATEST,balance_sheet,order,38.0,ACTUAL,VNSTOCK_BRONZE
SPC,LATEST,balance_sheet,level,2.0,ACTUAL,VNSTOCK_BRONZE
SPC,LATEST,balance_sheet,off_balance,0.0,ACTUAL,VNSTOCK_BRONZE
SPC,LATEST,balance_sheet,value,1478837450.0,ACTUAL,VNSTOCK_BRONZE
SPC,LATEST,balance_sheet,order,39.0,ACTUAL,VNSTOCK_BRONZE
SPC,LATEST,balance_sheet,level,3.0,ACTUAL,VNSTOCK_BRONZE
SPC,LATEST,balance_sheet,off_balance,0.0,ACTUAL,VNSTOCK_BRONZE
SPC,LATEST,balance_sheet,value,2974198190.0,ACTUAL,VNSTOCK_BRONZE
SPC,LATEST,balance_sheet,order,40.0,ACTUAL,VNSTOCK_BRONZE
SPC,LATEST,balance_sheet,level,3.0,ACTUAL,VNSTOCK_BRONZE
SPC,LATEST,balance_sheet,off_balance,0.0,ACTUAL,VNSTOCK_BRONZE
SPC,LATEST,balance_sheet,value,-1495360740.0,ACTUAL,VNSTOCK_BRONZE
SPC,LATEST,balance_sheet,order,41.0,ACTUAL,VNSTOCK_BRONZE
SPC,LATEST,balance_sheet,level,2.0,ACTUAL,VNSTOCK_BRONZE
SPC,LATEST,balance_sheet,off_balance,0.0,ACTUAL,VNSTOCK_BRONZE
SPC,LATEST,balance_sheet,value,4779872121.0,ACTUAL,VNSTOCK_BRONZE
SPC,LATEST,balance_sheet,order,42.0,ACTUAL,VNSTOCK_BRONZE
SPC,LATEST,balance_sheet,level,3.0,ACTUAL,VNSTOCK_BRONZE
SPC,LATEST,balance_sheet,off_balance,0.0,ACTUAL,VNSTOCK_BRONZE
SPC,LATEST,balance_sheet,value,9261423802.0,ACTUAL,VNSTOCK_BRONZE
SPC,LATEST,balance_sheet,order,43.0,ACTUAL,VNSTOCK_BRONZE
SPC,LATEST,balance_sheet,level,3.0,ACTUAL,VNSTOCK_BRONZE
SPC,LATEST,balance_sheet,off_balance,0.0,ACTUAL,VNSTOCK_BRONZE
SPC,LATEST,balance_sheet,value,-4481551681.0,ACTUAL,VNSTOCK_BRONZE
SPC,LATEST,balance_sheet,order,44.0,ACTUAL,VNSTOCK_BRONZE
SPC,LATEST,balance_sheet,level,1.0,ACTUAL,VNSTOCK_BRONZE
SPC,LATEST,balance_sheet,off_balance,0.0,ACTUAL,VNSTOCK_BRONZE
SPC,LATEST,balance_sheet,value,294351978.0,ACTUAL,VNSTOCK_BRONZE
SPC,LATEST,balance_sheet,order,45.0,ACTUAL,VNSTOCK_BRONZE
SPC,LATEST,balance_sheet,level,2.0,ACTUAL,VNSTOCK_BRONZE
SPC,LATEST,balance_sheet,off_balance,0.0,ACTUAL,VNSTOCK_BRONZE
SPC,LATEST,balance_sheet,value,1875024006.0,ACTUAL,VNSTOCK_BRONZE
SPC,LATEST,balance_sheet,order,46.0,ACTUAL,VNSTOCK_BRONZE
SPC,LATEST,balance_sheet,level,2.0,ACTUAL,VNSTOCK_BRONZE
SPC,LATEST,balance_sheet,off_balance,0.0,ACTUAL,VNSTOCK_BRONZE
SPC,LATEST,balance_sheet,value,-1580672028.0,ACTUAL,VNSTOCK_BRONZE
SPC,LATEST,balance_sheet,order,47.0,ACTUAL,VNSTOCK_BRONZE
SPC,LATEST,balance_sheet,level,1.0,ACTUAL,VNSTOCK_BRONZE
SPC,LATEST,balance_sheet,off_balance,0.0,ACTUAL,VNSTOCK_BRONZE
SPC,LATEST,balance_sheet,value,4873604417.0,ACTUAL,VNSTOCK_BRONZE
SPC,LATEST,balance_sheet,order,48.0,ACTUAL,VNSTOCK_BRONZE
SPC,LATEST,balance_sheet,level,2.0,ACTUAL,VNSTOCK_BRONZE
SPC,LATEST,balance_sheet,off_balance,0.0,ACTUAL,VNSTOCK_BRONZE
SPC,LATEST,balance_sheet,value,0.0,ACTUAL,VNSTOCK_BRONZE
SPC,LATEST,balance_sheet,order,49.0,ACTUAL,VNSTOCK_BRONZE
SPC,LATEST,balance_sheet,level,2.0,ACTUAL,VNSTOCK_BRONZE
SPC,LATEST,balance_sheet,off_balance,0.0,ACTUAL,VNSTOCK_BRONZE
SPC,LATEST,balance_sheet,value,4873604417.0,ACTUAL,VNSTOCK_BRONZE
SPC,LATEST,balance_sheet,order,50.0,ACTUAL,VNSTOCK_BRONZE
SPC,LATEST,balance_sheet,level,1.0,ACTUAL,VNSTOCK_BRONZE
SPC,LATEST,balance_sheet,off_balance,0.0,ACTUAL,VNSTOCK_BRONZE
SPC,LATEST,balance_sheet,value,0.0,ACTUAL,VNSTOCK_BRONZE
SPC,LATEST,balance_sheet,order,51.0,ACTUAL,VNSTOCK_BRONZE
SPC,LATEST,balance_sheet,level,2.0,ACTUAL,VNSTOCK_BRONZE
SPC,LATEST,balance_sheet,off_balance,0.0,ACTUAL,VNSTOCK_BRONZE
SPC,LATEST,balance_sheet,value,0.0,ACTUAL,VNSTOCK_BRONZE
SPC,LATEST,balance_sheet,order,52.0,ACTUAL,VNSTOCK_BRONZE
SPC,LATEST,balance_sheet,level,2.0,ACTUAL,VNSTOCK_BRONZE
SPC,LATEST,balance_sheet,off_balance,0.0,ACTUAL,VNSTOCK_BRONZE
SPC,LATEST,balance_sheet,value,0.0,ACTUAL,VNSTOCK_BRONZE
SPC,LATEST,balance_sheet,order,53.0,ACTUAL,VNSTOCK_BRONZE
SPC,LATEST,balance_sheet,level,2.0,ACTUAL,VNSTOCK_BRONZE
SPC,LATEST,balance_sheet,off_balance,0.0,ACTUAL,VNSTOCK_BRONZE
SPC,LATEST,balance_sheet,value,0.0,ACTUAL,VNSTOCK_BRONZE
SPC,LATEST,balance_sheet,order,54.0,ACTUAL,VNSTOCK_BRONZE
SPC,LATEST,balance_sheet,level,2.0,ACTUAL,VNSTOCK_BRONZE
SPC,LATEST,balance_sheet,off_balance,0.0,ACTUAL,VNSTOCK_BRONZE
SPC,LATEST,balance_sheet,value,0.0,ACTUAL,VNSTOCK_BRONZE
SPC,LATEST,balance_sheet,order,55.0,ACTUAL,VNSTOCK_BRONZE
SPC,LATEST,balance_sheet,level,2.0,ACTUAL,VNSTOCK_BRONZE
SPC,LATEST,balance_sheet,off_balance,0.0,ACTUAL,VNSTOCK_BRONZE
SPC,LATEST,balance_sheet,value,0.0,ACTUAL,VNSTOCK_BRONZE
SPC,LATEST,balance_sheet,order,56.0,ACTUAL,VNSTOCK_BRONZE
SPC,LATEST,balance_sheet,level,1.0,ACTUAL,VNSTOCK_BRONZE
SPC,LATEST,balance_sheet,off_balance,0.0,ACTUAL,VNSTOCK_BRONZE
SPC,LATEST,balance_sheet,value,13614434759.0,ACTUAL,VNSTOCK_BRONZE
SPC,LATEST,balance_sheet,order,57.0,ACTUAL,VNSTOCK_BRONZE
SPC,LATEST,balance_sheet,level,2.0,ACTUAL,VNSTOCK_BRONZE
SPC,LATEST,balance_sheet,off_balance,0.0,ACTUAL,VNSTOCK_BRONZE
SPC,LATEST,balance_sheet,value,0.0,ACTUAL,VNSTOCK_BRONZE
SPC,LATEST,balance_sheet,order,58.0,ACTUAL,VNSTOCK_BRONZE
SPC,LATEST,balance_sheet,level,2.0,ACTUAL,VNSTOCK_BRONZE
SPC,LATEST,balance_sheet,off_balance,0.0,ACTUAL,VNSTOCK_BRONZE
SPC,LATEST,balance_sheet,value,13614434759.0,ACTUAL,VNSTOCK_BRONZE
SPC,LATEST,balance_sheet,order,59.0,ACTUAL,VNSTOCK_BRONZE
SPC,LATEST,balance_sheet,level,2.0,ACTUAL,VNSTOCK_BRONZE
SPC,LATEST,balance_sheet,off_balance,0.0,ACTUAL,VNSTOCK_BRONZE
SPC,LATEST,balance_sheet,value,0.0,ACTUAL,VNSTOCK_BRONZE
SPC,LATEST,balance_sheet,order,60.0,ACTUAL,VNSTOCK_BRONZE
SPC,LATEST,balance_sheet,level,2.0,ACTUAL,VNSTOCK_BRONZE
SPC,LATEST,balance_sheet,off_balance,0.0,ACTUAL,VNSTOCK_BRONZE
SPC,LATEST,balance_sheet,value,0.0,ACTUAL,VNSTOCK_BRONZE
SPC,LATEST,balance_sheet,order,61.0,ACTUAL,VNSTOCK_BRONZE
SPC,LATEST,balance_sheet,level,2.0,ACTUAL,VNSTOCK_BRONZE
SPC,LATEST,balance_sheet,off_balance,0.0,ACTUAL,VNSTOCK_BRONZE
SPC,LATEST,balance_sheet,value,0.0,ACTUAL,VNSTOCK_BRONZE
SPC,LATEST,balance_sheet,order,62.0,ACTUAL,VNSTOCK_BRONZE
SPC,LATEST,balance_sheet,level,2.0,ACTUAL,VNSTOCK_BRONZE
SPC,LATEST,balance_sheet,off_balance,0.0,ACTUAL,VNSTOCK_BRONZE
SPC,LATEST,balance_sheet,value,0.0,ACTUAL,VNSTOCK_BRONZE
SPC,LATEST,balance_sheet,order,63.0,ACTUAL,VNSTOCK_BRONZE
SPC,LATEST,balance_sheet,level,1.0,ACTUAL,VNSTOCK_BRONZE
SPC,LATEST,balance_sheet,off_balance,0.0,ACTUAL,VNSTOCK_BRONZE
SPC,LATEST,balance_sheet,value,526254358911.0,ACTUAL,VNSTOCK_BRONZE
SPC,LATEST,balance_sheet,order,64.0,ACTUAL,VNSTOCK_BRONZE
SPC,LATEST,balance_sheet,level,1.0,ACTUAL,VNSTOCK_BRONZE
SPC,LATEST,balance_sheet,off_balance,0.0,ACTUAL,VNSTOCK_BRONZE
SPC,LATEST,balance_sheet,value,356792208105.0,ACTUAL,VNSTOCK_BRONZE
SPC,LATEST,balance_sheet,order,65.0,ACTUAL,VNSTOCK_BRONZE
SPC,LATEST,balance_sheet,level,1.0,ACTUAL,VNSTOCK_BRONZE
SPC,LATEST,balance_sheet,off_balance,0.0,ACTUAL,VNSTOCK_BRONZE
SPC,LATEST,balance_sheet,value,348897329617.0,ACTUAL,VNSTOCK_BRONZE
SPC,LATEST,balance_sheet,order,66.0,ACTUAL,VNSTOCK_BRONZE
SPC,LATEST,balance_sheet,level,2.0,ACTUAL,VNSTOCK_BRONZE
SPC,LATEST,balance_sheet,off_balance,0.0,ACTUAL,VNSTOCK_BRONZE
SPC,LATEST,balance_sheet,value,0.0,ACTUAL,VNSTOCK_BRONZE
SPC,LATEST,balance_sheet,order,67.0,ACTUAL,VNSTOCK_BRONZE
SPC,LATEST,balance_sheet,level,2.0,ACTUAL,VNSTOCK_BRONZE
SPC,LATEST,balance_sheet,off_balance,0.0,ACTUAL,VNSTOCK_BRONZE
SPC,LATEST,balance_sheet,value,0.0,ACTUAL,VNSTOCK_BRONZE
SPC,LATEST,balance_sheet,order,68.0,ACTUAL,VNSTOCK_BRONZE
SPC,LATEST,balance_sheet,level,2.0,ACTUAL,VNSTOCK_BRONZE
SPC,LATEST,balance_sheet,off_balance,0.0,ACTUAL,VNSTOCK_BRONZE
SPC,LATEST,balance_sheet,value,0.0,ACTUAL,VNSTOCK_BRONZE
SPC,LATEST,balance_sheet,order,69.0,ACTUAL,VNSTOCK_BRONZE
SPC,LATEST,balance_sheet,level,2.0,ACTUAL,VNSTOCK_BRONZE
SPC,LATEST,balance_sheet,off_balance,0.0,ACTUAL,VNSTOCK_BRONZE
SPC,LATEST,balance_sheet,value,184326755265.0,ACTUAL,VNSTOCK_BRONZE
SPC,LATEST,balance_sheet,order,70.0,ACTUAL,VNSTOCK_BRONZE
SPC,LATEST,balance_sheet,level,2.0,ACTUAL,VNSTOCK_BRONZE
SPC,LATEST,balance_sheet,off_balance,0.0,ACTUAL,VNSTOCK_BRONZE
SPC,LATEST,balance_sheet,value,975088594.0,ACTUAL,VNSTOCK_BRONZE
SPC,LATEST,balance_sheet,order,71.0,ACTUAL,VNSTOCK_BRONZE
SPC,LATEST,balance_sheet,level,2.0,ACTUAL,VNSTOCK_BRONZE
SPC,LATEST,balance_sheet,off_balance,0.0,ACTUAL,VNSTOCK_BRONZE
SPC,LATEST,balance_sheet,value,7586571865.0,ACTUAL,VNSTOCK_BRONZE
SPC,LATEST,balance_sheet,order,72.0,ACTUAL,VNSTOCK_BRONZE
SPC,LATEST,balance_sheet,level,2.0,ACTUAL,VNSTOCK_BRONZE
SPC,LATEST,balance_sheet,off_balance,0.0,ACTUAL,VNSTOCK_BRONZE
SPC,LATEST,balance_sheet,value,8408838438.0,ACTUAL,VNSTOCK_BRONZE
SPC,LATEST,balance_sheet,order,73.0,ACTUAL,VNSTOCK_BRONZE
SPC,LATEST,balance_sheet,level,2.0,ACTUAL,VNSTOCK_BRONZE
SPC,LATEST,balance_sheet,off_balance,0.0,ACTUAL,VNSTOCK_BRONZE
SPC,LATEST,balance_sheet,value,8390390940.0,ACTUAL,VNSTOCK_BRONZE
SPC,LATEST,balance_sheet,order,74.0,ACTUAL,VNSTOCK_BRONZE
SPC,LATEST,balance_sheet,level,2.0,ACTUAL,VNSTOCK_BRONZE
SPC,LATEST,balance_sheet,off_balance,0.0,ACTUAL,VNSTOCK_BRONZE
SPC,LATEST,balance_sheet,value,0.0,ACTUAL,VNSTOCK_BRONZE
SPC,LATEST,balance_sheet,order,75.0,ACTUAL,VNSTOCK_BRONZE
SPC,LATEST,balance_sheet,level,2.0,ACTUAL,VNSTOCK_BRONZE
SPC,LATEST,balance_sheet,off_balance,0.0,ACTUAL,VNSTOCK_BRONZE
SPC,LATEST,balance_sheet,value,0.0,ACTUAL,VNSTOCK_BRONZE
SPC,LATEST,balance_sheet,order,76.0,ACTUAL,VNSTOCK_BRONZE
SPC,LATEST,balance_sheet,level,2.0,ACTUAL,VNSTOCK_BRONZE
SPC,LATEST,balance_sheet,off_balance,0.0,ACTUAL,VNSTOCK_BRONZE
SPC,LATEST,balance_sheet,value,22938740024.0,ACTUAL,VNSTOCK_BRONZE
SPC,LATEST,balance_sheet,order,77.0,ACTUAL,VNSTOCK_BRONZE
SPC,LATEST,balance_sheet,level,2.0,ACTUAL,VNSTOCK_BRONZE
SPC,LATEST,balance_sheet,off_balance,0.0,ACTUAL,VNSTOCK_BRONZE
SPC,LATEST,balance_sheet,value,116210062434.0,ACTUAL,VNSTOCK_BRONZE
SPC,LATEST,balance_sheet,order,78.0,ACTUAL,VNSTOCK_BRONZE
SPC,LATEST,balance_sheet,level,2.0,ACTUAL,VNSTOCK_BRONZE
SPC,LATEST,balance_sheet,off_balance,0.0,ACTUAL,VNSTOCK_BRONZE
SPC,LATEST,balance_sheet,value,0.0,ACTUAL,VNSTOCK_BRONZE
SPC,LATEST,balance_sheet,order,79.0,ACTUAL,VNSTOCK_BRONZE
SPC,LATEST,balance_sheet,level,2.0,ACTUAL,VNSTOCK_BRONZE
SPC,LATEST,balance_sheet,off_balance,0.0,ACTUAL,VNSTOCK_BRONZE
SPC,LATEST,balance_sheet,value,60882057.0,ACTUAL,VNSTOCK_BRONZE
SPC,LATEST,balance_sheet,order,80.0,ACTUAL,VNSTOCK_BRONZE
SPC,LATEST,balance_sheet,level,2.0,ACTUAL,VNSTOCK_BRONZE
SPC,LATEST,balance_sheet,off_balance,0.0,ACTUAL,VNSTOCK_BRONZE
SPC,LATEST,balance_sheet,value,0.0,ACTUAL,VNSTOCK_BRONZE
SPC,LATEST,balance_sheet,order,81.0,ACTUAL,VNSTOCK_BRONZE
SPC,LATEST,balance_sheet,level,2.0,ACTUAL,VNSTOCK_BRONZE
SPC,LATEST,balance_sheet,off_balance,0.0,ACTUAL,VNSTOCK_BRONZE
SPC,LATEST,balance_sheet,value,0.0,ACTUAL,VNSTOCK_BRONZE
SPC,LATEST,balance_sheet,order,82.0,ACTUAL,VNSTOCK_BRONZE
SPC,LATEST,balance_sheet,level,1.0,ACTUAL,VNSTOCK_BRONZE
SPC,LATEST,balance_sheet,off_balance,0.0,ACTUAL,VNSTOCK_BRONZE
SPC,LATEST,balance_sheet,value,7894878488.0,ACTUAL,VNSTOCK_BRONZE
SPC,LATEST,balance_sheet,order,83.0,ACTUAL,VNSTOCK_BRONZE
SPC,LATEST,balance_sheet,level,2.0,ACTUAL,VNSTOCK_BRONZE
SPC,LATEST,balance_sheet,off_balance,0.0,ACTUAL,VNSTOCK_BRONZE
SPC,LATEST,balance_sheet,value,0.0,ACTUAL,VNSTOCK_BRONZE
SPC,LATEST,balance_sheet,order,84.0,ACTUAL,VNSTOCK_BRONZE
SPC,LATEST,balance_sheet,level,2.0,ACTUAL,VNSTOCK_BRONZE
SPC,LATEST,balance_sheet,off_balance,0.0,ACTUAL,VNSTOCK_BRONZE
SPC,LATEST,balance_sheet,order,85.0,ACTUAL,VNSTOCK_BRONZE
SPC,LATEST,balance_sheet,level,2.0,ACTUAL,VNSTOCK_BRONZE
SPC,LATEST,balance_sheet,off_balance,0.0,ACTUAL,VNSTOCK_BRONZE
SPC,LATEST,balance_sheet,value,0.0,ACTUAL,VNSTOCK_BRONZE
SPC,LATEST,balance_sheet,order,86.0,ACTUAL,VNSTOCK_BRONZE
SPC,LATEST,balance_sheet,level,2.0,ACTUAL,VNSTOCK_BRONZE
SPC,LATEST,balance_sheet,off_balance,0.0,ACTUAL,VNSTOCK_BRONZE
SPC,LATEST,balance_sheet,value,0.0,ACTUAL,VNSTOCK_BRONZE
SPC,LATEST,balance_sheet,order,87.0,ACTUAL,VNSTOCK_BRONZE
SPC,LATEST,balance_sheet,level,2.0,ACTUAL,VNSTOCK_BRONZE
SPC,LATEST,balance_sheet,off_balance,0.0,ACTUAL,VNSTOCK_BRONZE
SPC,LATEST,balance_sheet,value,0.0,ACTUAL,VNSTOCK_BRONZE
SPC,LATEST,balance_sheet,order,88.0,ACTUAL,VNSTOCK_BRONZE
SPC,LATEST,balance_sheet,level,2.0,ACTUAL,VNSTOCK_BRONZE
SPC,LATEST,balance_sheet,off_balance,0.0,ACTUAL,VNSTOCK_BRONZE
SPC,LATEST,balance_sheet,value,0.0,ACTUAL,VNSTOCK_BRONZE
SPC,LATEST,balance_sheet,order,89.0,ACTUAL,VNSTOCK_BRONZE
SPC,LATEST,balance_sheet,level,2.0,ACTUAL,VNSTOCK_BRONZE
SPC,LATEST,balance_sheet,off_balance,0.0,ACTUAL,VNSTOCK_BRONZE
SPC,LATEST,balance_sheet,value,0.0,ACTUAL,VNSTOCK_BRONZE
SPC,LATEST,balance_sheet,order,90.0,ACTUAL,VNSTOCK_BRONZE
SPC,LATEST,balance_sheet,level,2.0,ACTUAL,VNSTOCK_BRONZE
SPC,LATEST,balance_sheet,off_balance,0.0,ACTUAL,VNSTOCK_BRONZE
SPC,LATEST,balance_sheet,value,1655654000.0,ACTUAL,VNSTOCK_BRONZE
SPC,LATEST,balance_sheet,order,91.0,ACTUAL,VNSTOCK_BRONZE
SPC,LATEST,balance_sheet,level,2.0,ACTUAL,VNSTOCK_BRONZE
SPC,LATEST,balance_sheet,off_balance,0.0,ACTUAL,VNSTOCK_BRONZE
SPC,LATEST,balance_sheet,value,1698579948.0,ACTUAL,VNSTOCK_BRONZE
SPC,LATEST,balance_sheet,order,92.0,ACTUAL,VNSTOCK_BRONZE
SPC,LATEST,balance_sheet,level,2.0,ACTUAL,VNSTOCK_BRONZE
SPC,LATEST,balance_sheet,off_balance,0.0,ACTUAL,VNSTOCK_BRONZE
SPC,LATEST,balance_sheet,value,0.0,ACTUAL,VNSTOCK_BRONZE
SPC,LATEST,balance_sheet,order,93.0,ACTUAL,VNSTOCK_BRONZE
SPC,LATEST,balance_sheet,level,2.0,ACTUAL,VNSTOCK_BRONZE
SPC,LATEST,balance_sheet,off_balance,0.0,ACTUAL,VNSTOCK_BRONZE
SPC,LATEST,balance_sheet,value,4540644540.0,ACTUAL,VNSTOCK_BRONZE
SPC,LATEST,balance_sheet,order,94.0,ACTUAL,VNSTOCK_BRONZE
SPC,LATEST,balance_sheet,level,2.0,ACTUAL,VNSTOCK_BRONZE
SPC,LATEST,balance_sheet,off_balance,0.0,ACTUAL,VNSTOCK_BRONZE
SPC,LATEST,balance_sheet,value,0.0,ACTUAL,VNSTOCK_BRONZE
SPC,LATEST,balance_sheet,order,95.0,ACTUAL,VNSTOCK_BRONZE
SPC,LATEST,balance_sheet,level,2.0,ACTUAL,VNSTOCK_BRONZE
SPC,LATEST,balance_sheet,off_balance,0.0,ACTUAL,VNSTOCK_BRONZE
SPC,LATEST,balance_sheet,value,0.0,ACTUAL,VNSTOCK_BRONZE
SPC,LATEST,balance_sheet,order,96.0,ACTUAL,VNSTOCK_BRONZE
SPC,LATEST,balance_sheet,level,1.0,ACTUAL,VNSTOCK_BRONZE
SPC,LATEST,balance_sheet,off_balance,0.0,ACTUAL,VNSTOCK_BRONZE
SPC,LATEST,balance_sheet,value,169462150806.0,ACTUAL,VNSTOCK_BRONZE
SPC,LATEST,balance_sheet,order,97.0,ACTUAL,VNSTOCK_BRONZE
SPC,LATEST,balance_sheet,level,1.0,ACTUAL,VNSTOCK_BRONZE
SPC,LATEST,balance_sheet,off_balance,0.0,ACTUAL,VNSTOCK_BRONZE
SPC,LATEST,balance_sheet,value,169462150806.0,ACTUAL,VNSTOCK_BRONZE
SPC,LATEST,balance_sheet,order,98.0,ACTUAL,VNSTOCK_BRONZE
SPC,LATEST,balance_sheet,level,2.0,ACTUAL,VNSTOCK_BRONZE
SPC,LATEST,balance_sheet,off_balance,0.0,ACTUAL,VNSTOCK_BRONZE
SPC,LATEST,balance_sheet,value,0.0,ACTUAL,VNSTOCK_BRONZE
SPC,LATEST,balance_sheet,order,99.0,ACTUAL,VNSTOCK_BRONZE
SPC,LATEST,balance_sheet,level,2.0,ACTUAL,VNSTOCK_BRONZE
SPC,LATEST,balance_sheet,off_balance,0.0,ACTUAL,VNSTOCK_BRONZE
SPC,LATEST,balance_sheet,value,0.0,ACTUAL,VNSTOCK_BRONZE
SPC,LATEST,balance_sheet,order,100.0,ACTUAL,VNSTOCK_BRONZE
SPC,LATEST,balance_sheet,level,2.0,ACTUAL,VNSTOCK_BRONZE
SPC,LATEST,balance_sheet,off_balance,0.0,ACTUAL,VNSTOCK_BRONZE
SPC,LATEST,balance_sheet,value,0.0,ACTUAL,VNSTOCK_BRONZE
SPC,LATEST,balance_sheet,order,101.0,ACTUAL,VNSTOCK_BRONZE
SPC,LATEST,balance_sheet,level,2.0,ACTUAL,VNSTOCK_BRONZE
SPC,LATEST,balance_sheet,off_balance,0.0,ACTUAL,VNSTOCK_BRONZE
SPC,LATEST,balance_sheet,value,0.0,ACTUAL,VNSTOCK_BRONZE
SPC,LATEST,balance_sheet,order,102.0,ACTUAL,VNSTOCK_BRONZE
SPC,LATEST,balance_sheet,level,2.0,ACTUAL,VNSTOCK_BRONZE
SPC,LATEST,balance_sheet,off_balance,0.0,ACTUAL,VNSTOCK_BRONZE
SPC,LATEST,balance_sheet,value,105300000000.0,ACTUAL,VNSTOCK_BRONZE
SPC,LATEST,balance_sheet,order,103.0,ACTUAL,VNSTOCK_BRONZE
SPC,LATEST,balance_sheet,level,3.0,ACTUAL,VNSTOCK_BRONZE
SPC,LATEST,balance_sheet,off_balance,0.0,ACTUAL,VNSTOCK_BRONZE
SPC,LATEST,balance_sheet,value,105300000000.0,ACTUAL,VNSTOCK_BRONZE
SPC,LATEST,balance_sheet,order,104.0,ACTUAL,VNSTOCK_BRONZE
SPC,LATEST,balance_sheet,level,2.0,ACTUAL,VNSTOCK_BRONZE
SPC,LATEST,balance_sheet,off_balance,0.0,ACTUAL,VNSTOCK_BRONZE
SPC,LATEST,balance_sheet,value,782715818.0,ACTUAL,VNSTOCK_BRONZE
SPC,LATEST,balance_sheet,order,105.0,ACTUAL,VNSTOCK_BRONZE
SPC,LATEST,balance_sheet,level,2.0,ACTUAL,VNSTOCK_BRONZE
SPC,LATEST,balance_sheet,off_balance,0.0,ACTUAL,VNSTOCK_BRONZE
SPC,LATEST,balance_sheet,value,0.0,ACTUAL,VNSTOCK_BRONZE
SPC,LATEST,balance_sheet,order,106.0,ACTUAL,VNSTOCK_BRONZE
SPC,LATEST,balance_sheet,level,2.0,ACTUAL,VNSTOCK_BRONZE
SPC,LATEST,balance_sheet,off_balance,0.0,ACTUAL,VNSTOCK_BRONZE
SPC,LATEST,balance_sheet,value,0.0,ACTUAL,VNSTOCK_BRONZE
SPC,LATEST,balance_sheet,order,107.0,ACTUAL,VNSTOCK_BRONZE
SPC,LATEST,balance_sheet,level,2.0,ACTUAL,VNSTOCK_BRONZE
SPC,LATEST,balance_sheet,off_balance,0.0,ACTUAL,VNSTOCK_BRONZE
SPC,LATEST,balance_sheet,value,0.0,ACTUAL,VNSTOCK_BRONZE
SPC,LATEST,balance_sheet,order,108.0,ACTUAL,VNSTOCK_BRONZE
SPC,LATEST,balance_sheet,level,2.0,ACTUAL,VNSTOCK_BRONZE
SPC,LATEST,balance_sheet,off_balance,0.0,ACTUAL,VNSTOCK_BRONZE
SPC,LATEST,balance_sheet,value,20076391659.0,ACTUAL,VNSTOCK_BRONZE
SPC,LATEST,balance_sheet,order,109.0,ACTUAL,VNSTOCK_BRONZE
SPC,LATEST,balance_sheet,level,2.0,ACTUAL,VNSTOCK_BRONZE
SPC,LATEST,balance_sheet,off_balance,0.0,ACTUAL,VNSTOCK_BRONZE
SPC,LATEST,balance_sheet,value,66175745902.0,ACTUAL,VNSTOCK_BRONZE
SPC,LATEST,balance_sheet,order,110.0,ACTUAL,VNSTOCK_BRONZE
SPC,LATEST,balance_sheet,level,2.0,ACTUAL,VNSTOCK_BRONZE
SPC,LATEST,balance_sheet,off_balance,0.0,ACTUAL,VNSTOCK_BRONZE
SPC,LATEST,balance_sheet,value,0.0,ACTUAL,VNSTOCK_BRONZE
SPC,LATEST,balance_sheet,order,111.0,ACTUAL,VNSTOCK_BRONZE
SPC,LATEST,balance_sheet,level,2.0,ACTUAL,VNSTOCK_BRONZE
SPC,LATEST,balance_sheet,off_balance,0.0,ACTUAL,VNSTOCK_BRONZE
SPC,LATEST,balance_sheet,value,0.0,ACTUAL,VNSTOCK_BRONZE
SPC,LATEST,balance_sheet,order,112.0,ACTUAL,VNSTOCK_BRONZE
SPC,LATEST,balance_sheet,level,2.0,ACTUAL,VNSTOCK_BRONZE
SPC,LATEST,balance_sheet,off_balance,0.0,ACTUAL,VNSTOCK_BRONZE
SPC,LATEST,balance_sheet,value,-34007830117.0,ACTUAL,VNSTOCK_BRONZE
SPC,LATEST,balance_sheet,order,113.0,ACTUAL,VNSTOCK_BRONZE
SPC,LATEST,balance_sheet,level,3.0,ACTUAL,VNSTOCK_BRONZE
SPC,LATEST,balance_sheet,off_balance,0.0,ACTUAL,VNSTOCK_BRONZE
SPC,LATEST,balance_sheet,value,7905234400.0,ACTUAL,VNSTOCK_BRONZE
SPC,LATEST,balance_sheet,order,114.0,ACTUAL,VNSTOCK_BRONZE
SPC,LATEST,balance_sheet,level,3.0,ACTUAL,VNSTOCK_BRONZE
SPC,LATEST,balance_sheet,off_balance,0.0,ACTUAL,VNSTOCK_BRONZE
SPC,LATEST,balance_sheet,value,-41913064517.0,ACTUAL,VNSTOCK_BRONZE
SPC,LATEST,balance_sheet,order,115.0,ACTUAL,VNSTOCK_BRONZE
SPC,LATEST,balance_sheet,level,2.0,ACTUAL,VNSTOCK_BRONZE
SPC,LATEST,balance_sheet,off_balance,0.0,ACTUAL,VNSTOCK_BRONZE
SPC,LATEST,balance_sheet,value,11135127544.0,ACTUAL,VNSTOCK_BRONZE
SPC,LATEST,balance_sheet,order,116.0,ACTUAL,VNSTOCK_BRONZE
SPC,LATEST,balance_sheet,level,1.0,ACTUAL,VNSTOCK_BRONZE
SPC,LATEST,balance_sheet,off_balance,0.0,ACTUAL,VNSTOCK_BRONZE
SPC,LATEST,balance_sheet,value,0.0,ACTUAL,VNSTOCK_BRONZE
SPC,LATEST,balance_sheet,order,117.0,ACTUAL,VNSTOCK_BRONZE
SPC,LATEST,balance_sheet,level,2.0,ACTUAL,VNSTOCK_BRONZE
SPC,LATEST,balance_sheet,off_balance,0.0,ACTUAL,VNSTOCK_BRONZE
SPC,LATEST,balance_sheet,value,0.0,ACTUAL,VNSTOCK_BRONZE
SPC,LATEST,balance_sheet,order,118.0,ACTUAL,VNSTOCK_BRONZE
SPC,LATEST,balance_sheet,level,1.0,ACTUAL,VNSTOCK_BRONZE
SPC,LATEST,balance_sheet,off_balance,0.0,ACTUAL,VNSTOCK_BRONZE
SPC,LATEST,balance_sheet,value,526254358911.0,ACTUAL,VNSTOCK_BRONZE
SPC,LATEST,balance_sheet,order,1.0,ACTUAL,VNSTOCK_BRONZE
SPC,LATEST,balance_sheet,level,1.0,ACTUAL,VNSTOCK_BRONZE
SPC,LATEST,balance_sheet,off_balance,0.0,ACTUAL,VNSTOCK_BRONZE
SPC,LATEST,balance_sheet,value,427384569627.0,ACTUAL,VNSTOCK_BRONZE
SPC,LATEST,balance_sheet,order,2.0,ACTUAL,VNSTOCK_BRONZE
SPC,LATEST,balance_sheet,level,1.0,ACTUAL,VNSTOCK_BRONZE
SPC,LATEST,balance_sheet,off_balance,0.0,ACTUAL,VNSTOCK_BRONZE
SPC,LATEST,balance_sheet,value,31077957589.0,ACTUAL,VNSTOCK_BRONZE
SPC,LATEST,balance_sheet,order,3.0,ACTUAL,VNSTOCK_BRONZE
SPC,LATEST,balance_sheet,level,2.0,ACTUAL,VNSTOCK_BRONZE
SPC,LATEST,balance_sheet,off_balance,0.0,ACTUAL,VNSTOCK_BRONZE
SPC,LATEST,balance_sheet,value,31077957589.0,ACTUAL,VNSTOCK_BRONZE
SPC,LATEST,balance_sheet,order,4.0,ACTUAL,VNSTOCK_BRONZE
SPC,LATEST,balance_sheet,level,2.0,ACTUAL,VNSTOCK_BRONZE
SPC,LATEST,balance_sheet,off_balance,0.0,ACTUAL,VNSTOCK_BRONZE
SPC,LATEST,balance_sheet,value,0.0,ACTUAL,VNSTOCK_BRONZE
SPC,LATEST,balance_sheet,order,5.0,ACTUAL,VNSTOCK_BRONZE
SPC,LATEST,balance_sheet,level,1.0,ACTUAL,VNSTOCK_BRONZE
SPC,LATEST,balance_sheet,off_balance,0.0,ACTUAL,VNSTOCK_BRONZE
SPC,LATEST,balance_sheet,value,0.0,ACTUAL,VNSTOCK_BRONZE
SPC,LATEST,balance_sheet,order,6.0,ACTUAL,VNSTOCK_BRONZE
SPC,LATEST,balance_sheet,level,2.0,ACTUAL,VNSTOCK_BRONZE
SPC,LATEST,balance_sheet,off_balance,0.0,ACTUAL,VNSTOCK_BRONZE
SPC,LATEST,balance_sheet,value,0.0,ACTUAL,VNSTOCK_BRONZE
SPC,LATEST,balance_sheet,order,7.0,ACTUAL,VNSTOCK_BRONZE
SPC,LATEST,balance_sheet,level,2.0,ACTUAL,VNSTOCK_BRONZE
SPC,LATEST,balance_sheet,off_balance,0.0,ACTUAL,VNSTOCK_BRONZE
SPC,LATEST,balance_sheet,value,0.0,ACTUAL,VNSTOCK_BRONZE
SPC,LATEST,balance_sheet,order,8.0,ACTUAL,VNSTOCK_BRONZE
SPC,LATEST,balance_sheet,level,2.0,ACTUAL,VNSTOCK_BRONZE
SPC,LATEST,balance_sheet,off_balance,0.0,ACTUAL,VNSTOCK_BRONZE
SPC,LATEST,balance_sheet,value,0.0,ACTUAL,VNSTOCK_BRONZE
SPC,LATEST,balance_sheet,order,9.0,ACTUAL,VNSTOCK_BRONZE
SPC,LATEST,balance_sheet,level,1.0,ACTUAL,VNSTOCK_BRONZE
SPC,LATEST,balance_sheet,off_balance,0.0,ACTUAL,VNSTOCK_BRONZE
SPC,LATEST,balance_sheet,value,138198706528.0,ACTUAL,VNSTOCK_BRONZE
SPC,LATEST,balance_sheet,order,10.0,ACTUAL,VNSTOCK_BRONZE
SPC,LATEST,balance_sheet,level,2.0,ACTUAL,VNSTOCK_BRONZE
SPC,LATEST,balance_sheet,off_balance,0.0,ACTUAL,VNSTOCK_BRONZE
SPC,LATEST,balance_sheet,value,145316844144.0,ACTUAL,VNSTOCK_BRONZE
SPC,LATEST,balance_sheet,order,11.0,ACTUAL,VNSTOCK_BRONZE
SPC,LATEST,balance_sheet,level,2.0,ACTUAL,VNSTOCK_BRONZE
SPC,LATEST,balance_sheet,off_balance,0.0,ACTUAL,VNSTOCK_BRONZE
SPC,LATEST,balance_sheet,value,3838089945.0,ACTUAL,VNSTOCK_BRONZE
SPC,LATEST,balance_sheet,order,12.0,ACTUAL,VNSTOCK_BRONZE
SPC,LATEST,balance_sheet,level,2.0,ACTUAL,VNSTOCK_BRONZE
SPC,LATEST,balance_sheet,off_balance,0.0,ACTUAL,VNSTOCK_BRONZE
SPC,LATEST,balance_sheet,value,0.0,ACTUAL,VNSTOCK_BRONZE
SPC,LATEST,balance_sheet,order,13.0,ACTUAL,VNSTOCK_BRONZE
SPC,LATEST,balance_sheet,level,2.0,ACTUAL,VNSTOCK_BRONZE
SPC,LATEST,balance_sheet,off_balance,0.0,ACTUAL,VNSTOCK_BRONZE
SPC,LATEST,balance_sheet,value,0.0,ACTUAL,VNSTOCK_BRONZE
SPC,LATEST,balance_sheet,order,14.0,ACTUAL,VNSTOCK_BRONZE
SPC,LATEST,balance_sheet,level,2.0,ACTUAL,VNSTOCK_BRONZE
SPC,LATEST,balance_sheet,off_balance,0.0,ACTUAL,VNSTOCK_BRONZE
SPC,LATEST,balance_sheet,value,0.0,ACTUAL,VNSTOCK_BRONZE
SPC,LATEST,balance_sheet,order,15.0,ACTUAL,VNSTOCK_BRONZE
SPC,LATEST,balance_sheet,level,2.0,ACTUAL,VNSTOCK_BRONZE
SPC,LATEST,balance_sheet,off_balance,0.0,ACTUAL,VNSTOCK_BRONZE
SPC,LATEST,balance_sheet,value,5613392454.0,ACTUAL,VNSTOCK_BRONZE
SPC,LATEST,balance_sheet,order,16.0,ACTUAL,VNSTOCK_BRONZE
SPC,LATEST,balance_sheet,level,2.0,ACTUAL,VNSTOCK_BRONZE
SPC,LATEST,balance_sheet,off_balance,0.0,ACTUAL,VNSTOCK_BRONZE
SPC,LATEST,balance_sheet,value,-16569620015.0,ACTUAL,VNSTOCK_BRONZE
SPC,LATEST,balance_sheet,order,17.0,ACTUAL,VNSTOCK_BRONZE
SPC,LATEST,balance_sheet,level,2.0,ACTUAL,VNSTOCK_BRONZE
SPC,LATEST,balance_sheet,off_balance,0.0,ACTUAL,VNSTOCK_BRONZE
SPC,LATEST,balance_sheet,value,0.0,ACTUAL,VNSTOCK_BRONZE
SPC,LATEST,balance_sheet,order,18.0,ACTUAL,VNSTOCK_BRONZE
SPC,LATEST,balance_sheet,level,1.0,ACTUAL,VNSTOCK_BRONZE
SPC,LATEST,balance_sheet,off_balance,0.0,ACTUAL,VNSTOCK_BRONZE
SPC,LATEST,balance_sheet,value,237201957076.0,ACTUAL,VNSTOCK_BRONZE
SPC,LATEST,balance_sheet,order,19.0,ACTUAL,VNSTOCK_BRONZE
SPC,LATEST,balance_sheet,level,2.0,ACTUAL,VNSTOCK_BRONZE
SPC,LATEST,balance_sheet,off_balance,0.0,ACTUAL,VNSTOCK_BRONZE
SPC,LATEST,balance_sheet,value,239338028174.0,ACTUAL,VNSTOCK_BRONZE
SPC,LATEST,balance_sheet,order,20.0,ACTUAL,VNSTOCK_BRONZE
SPC,LATEST,balance_sheet,level,2.0,ACTUAL,VNSTOCK_BRONZE
SPC,LATEST,balance_sheet,off_balance,0.0,ACTUAL,VNSTOCK_BRONZE
SPC,LATEST,balance_sheet,value,-2136071098.0,ACTUAL,VNSTOCK_BRONZE
SPC,LATEST,balance_sheet,order,21.0,ACTUAL,VNSTOCK_BRONZE
SPC,LATEST,balance_sheet,level,1.0,ACTUAL,VNSTOCK_BRONZE
SPC,LATEST,balance_sheet,off_balance,0.0,ACTUAL,VNSTOCK_BRONZE
SPC,LATEST,balance_sheet,value,20905948434.0,ACTUAL,VNSTOCK_BRONZE
SPC,LATEST,balance_sheet,order,22.0,ACTUAL,VNSTOCK_BRONZE
SPC,LATEST,balance_sheet,level,2.0,ACTUAL,VNSTOCK_BRONZE
SPC,LATEST,balance_sheet,off_balance,0.0,ACTUAL,VNSTOCK_BRONZE
SPC,LATEST,balance_sheet,value,606841636.0,ACTUAL,VNSTOCK_BRONZE
SPC,LATEST,balance_sheet,order,23.0,ACTUAL,VNSTOCK_BRONZE
SPC,LATEST,balance_sheet,level,2.0,ACTUAL,VNSTOCK_BRONZE
SPC,LATEST,balance_sheet,off_balance,0.0,ACTUAL,VNSTOCK_BRONZE
SPC,LATEST,balance_sheet,value,19583423969.0,ACTUAL,VNSTOCK_BRONZE
SPC,LATEST,balance_sheet,order,24.0,ACTUAL,VNSTOCK_BRONZE
SPC,LATEST,balance_sheet,level,2.0,ACTUAL,VNSTOCK_BRONZE
SPC,LATEST,balance_sheet,off_balance,0.0,ACTUAL,VNSTOCK_BRONZE
SPC,LATEST,balance_sheet,value,715682829.0,ACTUAL,VNSTOCK_BRONZE
SPC,LATEST,balance_sheet,order,25.0,ACTUAL,VNSTOCK_BRONZE
SPC,LATEST,balance_sheet,level,2.0,ACTUAL,VNSTOCK_BRONZE
SPC,LATEST,balance_sheet,off_balance,0.0,ACTUAL,VNSTOCK_BRONZE
SPC,LATEST,balance_sheet,value,0.0,ACTUAL,VNSTOCK_BRONZE
SPC,LATEST,balance_sheet,order,26.0,ACTUAL,VNSTOCK_BRONZE
SPC,LATEST,balance_sheet,level,1.0,ACTUAL,VNSTOCK_BRONZE
SPC,LATEST,balance_sheet,off_balance,0.0,ACTUAL,VNSTOCK_BRONZE
SPC,LATEST,balance_sheet,value,53030201351.0,ACTUAL,VNSTOCK_BRONZE
SPC,LATEST,balance_sheet,order,27.0,ACTUAL,VNSTOCK_BRONZE
SPC,LATEST,balance_sheet,level,1.0,ACTUAL,VNSTOCK_BRONZE
SPC,LATEST,balance_sheet,off_balance,0.0,ACTUAL,VNSTOCK_BRONZE
SPC,LATEST,balance_sheet,value,1951649999.0,ACTUAL,VNSTOCK_BRONZE
SPC,LATEST,balance_sheet,order,28.0,ACTUAL,VNSTOCK_BRONZE
SPC,LATEST,balance_sheet,level,2.0,ACTUAL,VNSTOCK_BRONZE
SPC,LATEST,balance_sheet,off_balance,0.0,ACTUAL,VNSTOCK_BRONZE
SPC,LATEST,balance_sheet,value,0.0,ACTUAL,VNSTOCK_BRONZE
SPC,LATEST,balance_sheet,order,29.0,ACTUAL,VNSTOCK_BRONZE
SPC,LATEST,balance_sheet,level,2.0,ACTUAL,VNSTOCK_BRONZE
SPC,LATEST,balance_sheet,off_balance,0.0,ACTUAL,VNSTOCK_BRONZE
SPC,LATEST,balance_sheet,value,0.0,ACTUAL,VNSTOCK_BRONZE
SPC,LATEST,balance_sheet,order,30.0,ACTUAL,VNSTOCK_BRONZE
SPC,LATEST,balance_sheet,level,2.0,ACTUAL,VNSTOCK_BRONZE
SPC,LATEST,balance_sheet,off_balance,0.0,ACTUAL,VNSTOCK_BRONZE
SPC,LATEST,balance_sheet,value,0.0,ACTUAL,VNSTOCK_BRONZE
SPC,LATEST,balance_sheet,order,31.0,ACTUAL,VNSTOCK_BRONZE
SPC,LATEST,balance_sheet,level,2.0,ACTUAL,VNSTOCK_BRONZE
SPC,LATEST,balance_sheet,off_balance,0.0,ACTUAL,VNSTOCK_BRONZE
SPC,LATEST,balance_sheet,value,0.0,ACTUAL,VNSTOCK_BRONZE
SPC,LATEST,balance_sheet,order,32.0,ACTUAL,VNSTOCK_BRONZE
SPC,LATEST,balance_sheet,level,2.0,ACTUAL,VNSTOCK_BRONZE
SPC,LATEST,balance_sheet,off_balance,0.0,ACTUAL,VNSTOCK_BRONZE
SPC,LATEST,balance_sheet,value,1951649999.0,ACTUAL,VNSTOCK_BRONZE
SPC,LATEST,balance_sheet,order,33.0,ACTUAL,VNSTOCK_BRONZE
SPC,LATEST,balance_sheet,level,2.0,ACTUAL,VNSTOCK_BRONZE
SPC,LATEST,balance_sheet,off_balance,0.0,ACTUAL,VNSTOCK_BRONZE
SPC,LATEST,balance_sheet,value,-0.0,ACTUAL,VNSTOCK_BRONZE
SPC,LATEST,balance_sheet,order,34.0,ACTUAL,VNSTOCK_BRONZE
SPC,LATEST,balance_sheet,level,1.0,ACTUAL,VNSTOCK_BRONZE
SPC,LATEST,balance_sheet,off_balance,0.0,ACTUAL,VNSTOCK_BRONZE
SPC,LATEST,balance_sheet,value,32360392862.0,ACTUAL,VNSTOCK_BRONZE
SPC,LATEST,balance_sheet,order,35.0,ACTUAL,VNSTOCK_BRONZE
SPC,LATEST,balance_sheet,level,2.0,ACTUAL,VNSTOCK_BRONZE
SPC,LATEST,balance_sheet,off_balance,0.0,ACTUAL,VNSTOCK_BRONZE
SPC,LATEST,balance_sheet,value,25983400245.0,ACTUAL,VNSTOCK_BRONZE
SPC,LATEST,balance_sheet,order,36.0,ACTUAL,VNSTOCK_BRONZE
SPC,LATEST,balance_sheet,level,3.0,ACTUAL,VNSTOCK_BRONZE
SPC,LATEST,balance_sheet,off_balance,0.0,ACTUAL,VNSTOCK_BRONZE
SPC,LATEST,balance_sheet,value,152888688361.0,ACTUAL,VNSTOCK_BRONZE
SPC,LATEST,balance_sheet,order,37.0,ACTUAL,VNSTOCK_BRONZE
SPC,LATEST,balance_sheet,level,3.0,ACTUAL,VNSTOCK_BRONZE
SPC,LATEST,balance_sheet,off_balance,0.0,ACTUAL,VNSTOCK_BRONZE
SPC,LATEST,balance_sheet,value,-126905288116.0,ACTUAL,VNSTOCK_BRONZE
SPC,LATEST,balance_sheet,order,38.0,ACTUAL,VNSTOCK_BRONZE
SPC,LATEST,balance_sheet,level,2.0,ACTUAL,VNSTOCK_BRONZE
SPC,LATEST,balance_sheet,off_balance,0.0,ACTUAL,VNSTOCK_BRONZE
SPC,LATEST,balance_sheet,value,1553192402.0,ACTUAL,VNSTOCK_BRONZE
SPC,LATEST,balance_sheet,order,39.0,ACTUAL,VNSTOCK_BRONZE
SPC,LATEST,balance_sheet,level,3.0,ACTUAL,VNSTOCK_BRONZE
SPC,LATEST,balance_sheet,off_balance,0.0,ACTUAL,VNSTOCK_BRONZE
SPC,LATEST,balance_sheet,value,2974198190.0,ACTUAL,VNSTOCK_BRONZE
SPC,LATEST,balance_sheet,order,40.0,ACTUAL,VNSTOCK_BRONZE
SPC,LATEST,balance_sheet,level,3.0,ACTUAL,VNSTOCK_BRONZE
SPC,LATEST,balance_sheet,off_balance,0.0,ACTUAL,VNSTOCK_BRONZE
SPC,LATEST,balance_sheet,value,-1421005788.0,ACTUAL,VNSTOCK_BRONZE
SPC,LATEST,balance_sheet,order,41.0,ACTUAL,VNSTOCK_BRONZE
SPC,LATEST,balance_sheet,level,2.0,ACTUAL,VNSTOCK_BRONZE
SPC,LATEST,balance_sheet,off_balance,0.0,ACTUAL,VNSTOCK_BRONZE
SPC,LATEST,balance_sheet,value,4823800215.0,ACTUAL,VNSTOCK_BRONZE
SPC,LATEST,balance_sheet,order,42.0,ACTUAL,VNSTOCK_BRONZE
SPC,LATEST,balance_sheet,level,3.0,ACTUAL,VNSTOCK_BRONZE
SPC,LATEST,balance_sheet,off_balance,0.0,ACTUAL,VNSTOCK_BRONZE
SPC,LATEST,balance_sheet,value,9261423802.0,ACTUAL,VNSTOCK_BRONZE
SPC,LATEST,balance_sheet,order,43.0,ACTUAL,VNSTOCK_BRONZE
SPC,LATEST,balance_sheet,level,3.0,ACTUAL,VNSTOCK_BRONZE
SPC,LATEST,balance_sheet,off_balance,0.0,ACTUAL,VNSTOCK_BRONZE
SPC,LATEST,balance_sheet,value,-4437623587.0,ACTUAL,VNSTOCK_BRONZE
SPC,LATEST,balance_sheet,order,44.0,ACTUAL,VNSTOCK_BRONZE
SPC,LATEST,balance_sheet,level,1.0,ACTUAL,VNSTOCK_BRONZE
SPC,LATEST,balance_sheet,off_balance,0.0,ACTUAL,VNSTOCK_BRONZE
SPC,LATEST,balance_sheet,value,313157131.0,ACTUAL,VNSTOCK_BRONZE
SPC,LATEST,balance_sheet,order,45.0,ACTUAL,VNSTOCK_BRONZE
SPC,LATEST,balance_sheet,level,2.0,ACTUAL,VNSTOCK_BRONZE
SPC,LATEST,balance_sheet,off_balance,0.0,ACTUAL,VNSTOCK_BRONZE
SPC,LATEST,balance_sheet,value,1803356421.0,ACTUAL,VNSTOCK_BRONZE
SPC,LATEST,balance_sheet,order,46.0,ACTUAL,VNSTOCK_BRONZE
SPC,LATEST,balance_sheet,level,2.0,ACTUAL,VNSTOCK_BRONZE
SPC,LATEST,balance_sheet,off_balance,0.0,ACTUAL,VNSTOCK_BRONZE
SPC,LATEST,balance_sheet,value,-1490199290.0,ACTUAL,VNSTOCK_BRONZE
SPC,LATEST,balance_sheet,order,47.0,ACTUAL,VNSTOCK_BRONZE
SPC,LATEST,balance_sheet,level,1.0,ACTUAL,VNSTOCK_BRONZE
SPC,LATEST,balance_sheet,off_balance,0.0,ACTUAL,VNSTOCK_BRONZE
SPC,LATEST,balance_sheet,value,4944793417.0,ACTUAL,VNSTOCK_BRONZE
SPC,LATEST,balance_sheet,order,48.0,ACTUAL,VNSTOCK_BRONZE
SPC,LATEST,balance_sheet,level,2.0,ACTUAL,VNSTOCK_BRONZE
SPC,LATEST,balance_sheet,off_balance,0.0,ACTUAL,VNSTOCK_BRONZE
SPC,LATEST,balance_sheet,value,0.0,ACTUAL,VNSTOCK_BRONZE
SPC,LATEST,balance_sheet,order,49.0,ACTUAL,VNSTOCK_BRONZE
SPC,LATEST,balance_sheet,level,2.0,ACTUAL,VNSTOCK_BRONZE
SPC,LATEST,balance_sheet,off_balance,0.0,ACTUAL,VNSTOCK_BRONZE
SPC,LATEST,balance_sheet,value,4944793417.0,ACTUAL,VNSTOCK_BRONZE
SPC,LATEST,balance_sheet,order,50.0,ACTUAL,VNSTOCK_BRONZE
SPC,LATEST,balance_sheet,level,1.0,ACTUAL,VNSTOCK_BRONZE
SPC,LATEST,balance_sheet,off_balance,0.0,ACTUAL,VNSTOCK_BRONZE
SPC,LATEST,balance_sheet,value,0.0,ACTUAL,VNSTOCK_BRONZE
SPC,LATEST,balance_sheet,order,51.0,ACTUAL,VNSTOCK_BRONZE
SPC,LATEST,balance_sheet,level,2.0,ACTUAL,VNSTOCK_BRONZE
SPC,LATEST,balance_sheet,off_balance,0.0,ACTUAL,VNSTOCK_BRONZE
SPC,LATEST,balance_sheet,value,0.0,ACTUAL,VNSTOCK_BRONZE
SPC,LATEST,balance_sheet,order,52.0,ACTUAL,VNSTOCK_BRONZE
SPC,LATEST,balance_sheet,level,2.0,ACTUAL,VNSTOCK_BRONZE
SPC,LATEST,balance_sheet,off_balance,0.0,ACTUAL,VNSTOCK_BRONZE
SPC,LATEST,balance_sheet,value,0.0,ACTUAL,VNSTOCK_BRONZE
SPC,LATEST,balance_sheet,order,53.0,ACTUAL,VNSTOCK_BRONZE
SPC,LATEST,balance_sheet,level,2.0,ACTUAL,VNSTOCK_BRONZE
SPC,LATEST,balance_sheet,off_balance,0.0,ACTUAL,VNSTOCK_BRONZE
SPC,LATEST,balance_sheet,value,0.0,ACTUAL,VNSTOCK_BRONZE
SPC,LATEST,balance_sheet,order,54.0,ACTUAL,VNSTOCK_BRONZE
SPC,LATEST,balance_sheet,level,2.0,ACTUAL,VNSTOCK_BRONZE
SPC,LATEST,balance_sheet,off_balance,0.0,ACTUAL,VNSTOCK_BRONZE
SPC,LATEST,balance_sheet,value,0.0,ACTUAL,VNSTOCK_BRONZE
SPC,LATEST,balance_sheet,order,55.0,ACTUAL,VNSTOCK_BRONZE
SPC,LATEST,balance_sheet,level,2.0,ACTUAL,VNSTOCK_BRONZE
SPC,LATEST,balance_sheet,off_balance,0.0,ACTUAL,VNSTOCK_BRONZE
SPC,LATEST,balance_sheet,value,0.0,ACTUAL,VNSTOCK_BRONZE
SPC,LATEST,balance_sheet,order,56.0,ACTUAL,VNSTOCK_BRONZE
SPC,LATEST,balance_sheet,level,1.0,ACTUAL,VNSTOCK_BRONZE
SPC,LATEST,balance_sheet,off_balance,0.0,ACTUAL,VNSTOCK_BRONZE
SPC,LATEST,balance_sheet,value,13460207942.0,ACTUAL,VNSTOCK_BRONZE
SPC,LATEST,balance_sheet,order,57.0,ACTUAL,VNSTOCK_BRONZE
SPC,LATEST,balance_sheet,level,2.0,ACTUAL,VNSTOCK_BRONZE
SPC,LATEST,balance_sheet,off_balance,0.0,ACTUAL,VNSTOCK_BRONZE
SPC,LATEST,balance_sheet,value,0.0,ACTUAL,VNSTOCK_BRONZE
SPC,LATEST,balance_sheet,order,58.0,ACTUAL,VNSTOCK_BRONZE
SPC,LATEST,balance_sheet,level,2.0,ACTUAL,VNSTOCK_BRONZE
SPC,LATEST,balance_sheet,off_balance,0.0,ACTUAL,VNSTOCK_BRONZE
SPC,LATEST,balance_sheet,value,13460207942.0,ACTUAL,VNSTOCK_BRONZE
SPC,LATEST,balance_sheet,order,59.0,ACTUAL,VNSTOCK_BRONZE
SPC,LATEST,balance_sheet,level,2.0,ACTUAL,VNSTOCK_BRONZE
SPC,LATEST,balance_sheet,off_balance,0.0,ACTUAL,VNSTOCK_BRONZE
SPC,LATEST,balance_sheet,value,0.0,ACTUAL,VNSTOCK_BRONZE
SPC,LATEST,balance_sheet,order,60.0,ACTUAL,VNSTOCK_BRONZE
SPC,LATEST,balance_sheet,level,2.0,ACTUAL,VNSTOCK_BRONZE
SPC,LATEST,balance_sheet,off_balance,0.0,ACTUAL,VNSTOCK_BRONZE
SPC,LATEST,balance_sheet,value,0.0,ACTUAL,VNSTOCK_BRONZE
SPC,LATEST,balance_sheet,order,61.0,ACTUAL,VNSTOCK_BRONZE
SPC,LATEST,balance_sheet,level,2.0,ACTUAL,VNSTOCK_BRONZE
SPC,LATEST,balance_sheet,off_balance,0.0,ACTUAL,VNSTOCK_BRONZE
SPC,LATEST,balance_sheet,value,0.0,ACTUAL,VNSTOCK_BRONZE
SPC,LATEST,balance_sheet,order,62.0,ACTUAL,VNSTOCK_BRONZE
SPC,LATEST,balance_sheet,level,2.0,ACTUAL,VNSTOCK_BRONZE
SPC,LATEST,balance_sheet,off_balance,0.0,ACTUAL,VNSTOCK_BRONZE
SPC,LATEST,balance_sheet,value,0.0,ACTUAL,VNSTOCK_BRONZE
SPC,LATEST,balance_sheet,order,63.0,ACTUAL,VNSTOCK_BRONZE
SPC,LATEST,balance_sheet,level,1.0,ACTUAL,VNSTOCK_BRONZE
SPC,LATEST,balance_sheet,off_balance,0.0,ACTUAL,VNSTOCK_BRONZE
SPC,LATEST,balance_sheet,value,480414770978.0,ACTUAL,VNSTOCK_BRONZE
SPC,LATEST,balance_sheet,order,64.0,ACTUAL,VNSTOCK_BRONZE
SPC,LATEST,balance_sheet,level,1.0,ACTUAL,VNSTOCK_BRONZE
SPC,LATEST,balance_sheet,off_balance,0.0,ACTUAL,VNSTOCK_BRONZE
SPC,LATEST,balance_sheet,value,314464063598.0,ACTUAL,VNSTOCK_BRONZE
SPC,LATEST,balance_sheet,order,65.0,ACTUAL,VNSTOCK_BRONZE
SPC,LATEST,balance_sheet,level,1.0,ACTUAL,VNSTOCK_BRONZE
SPC,LATEST,balance_sheet,off_balance,0.0,ACTUAL,VNSTOCK_BRONZE
SPC,LATEST,balance_sheet,value,306363402423.0,ACTUAL,VNSTOCK_BRONZE
SPC,LATEST,balance_sheet,order,66.0,ACTUAL,VNSTOCK_BRONZE
SPC,LATEST,balance_sheet,level,2.0,ACTUAL,VNSTOCK_BRONZE
SPC,LATEST,balance_sheet,off_balance,0.0,ACTUAL,VNSTOCK_BRONZE
SPC,LATEST,balance_sheet,value,0.0,ACTUAL,VNSTOCK_BRONZE
SPC,LATEST,balance_sheet,order,67.0,ACTUAL,VNSTOCK_BRONZE
SPC,LATEST,balance_sheet,level,2.0,ACTUAL,VNSTOCK_BRONZE
SPC,LATEST,balance_sheet,off_balance,0.0,ACTUAL,VNSTOCK_BRONZE
SPC,LATEST,balance_sheet,value,0.0,ACTUAL,VNSTOCK_BRONZE
SPC,LATEST,balance_sheet,order,68.0,ACTUAL,VNSTOCK_BRONZE
SPC,LATEST,balance_sheet,level,2.0,ACTUAL,VNSTOCK_BRONZE
SPC,LATEST,balance_sheet,off_balance,0.0,ACTUAL,VNSTOCK_BRONZE
SPC,LATEST,balance_sheet,value,0.0,ACTUAL,VNSTOCK_BRONZE
SPC,LATEST,balance_sheet,order,69.0,ACTUAL,VNSTOCK_BRONZE
SPC,LATEST,balance_sheet,level,2.0,ACTUAL,VNSTOCK_BRONZE
SPC,LATEST,balance_sheet,off_balance,0.0,ACTUAL,VNSTOCK_BRONZE
SPC,LATEST,balance_sheet,value,147421485914.0,ACTUAL,VNSTOCK_BRONZE
SPC,LATEST,balance_sheet,order,70.0,ACTUAL,VNSTOCK_BRONZE
SPC,LATEST,balance_sheet,level,2.0,ACTUAL,VNSTOCK_BRONZE
SPC,LATEST,balance_sheet,off_balance,0.0,ACTUAL,VNSTOCK_BRONZE
SPC,LATEST,balance_sheet,value,1075725167.0,ACTUAL,VNSTOCK_BRONZE
SPC,LATEST,balance_sheet,order,71.0,ACTUAL,VNSTOCK_BRONZE
SPC,LATEST,balance_sheet,level,2.0,ACTUAL,VNSTOCK_BRONZE
SPC,LATEST,balance_sheet,off_balance,0.0,ACTUAL,VNSTOCK_BRONZE
SPC,LATEST,balance_sheet,value,5528129570.0,ACTUAL,VNSTOCK_BRONZE
SPC,LATEST,balance_sheet,order,72.0,ACTUAL,VNSTOCK_BRONZE
SPC,LATEST,balance_sheet,level,2.0,ACTUAL,VNSTOCK_BRONZE
SPC,LATEST,balance_sheet,off_balance,0.0,ACTUAL,VNSTOCK_BRONZE
SPC,LATEST,balance_sheet,value,7844275582.0,ACTUAL,VNSTOCK_BRONZE
SPC,LATEST,balance_sheet,order,73.0,ACTUAL,VNSTOCK_BRONZE
SPC,LATEST,balance_sheet,level,2.0,ACTUAL,VNSTOCK_BRONZE
SPC,LATEST,balance_sheet,off_balance,0.0,ACTUAL,VNSTOCK_BRONZE
SPC,LATEST,balance_sheet,value,0.0,ACTUAL,VNSTOCK_BRONZE
SPC,LATEST,balance_sheet,order,74.0,ACTUAL,VNSTOCK_BRONZE
SPC,LATEST,balance_sheet,level,2.0,ACTUAL,VNSTOCK_BRONZE
SPC,LATEST,balance_sheet,off_balance,0.0,ACTUAL,VNSTOCK_BRONZE
SPC,LATEST,balance_sheet,value,0.0,ACTUAL,VNSTOCK_BRONZE
SPC,LATEST,balance_sheet,order,75.0,ACTUAL,VNSTOCK_BRONZE
SPC,LATEST,balance_sheet,level,2.0,ACTUAL,VNSTOCK_BRONZE
SPC,LATEST,balance_sheet,off_balance,0.0,ACTUAL,VNSTOCK_BRONZE
SPC,LATEST,balance_sheet,value,0.0,ACTUAL,VNSTOCK_BRONZE
SPC,LATEST,balance_sheet,order,76.0,ACTUAL,VNSTOCK_BRONZE
SPC,LATEST,balance_sheet,level,2.0,ACTUAL,VNSTOCK_BRONZE
SPC,LATEST,balance_sheet,off_balance,0.0,ACTUAL,VNSTOCK_BRONZE
SPC,LATEST,balance_sheet,value,13956050661.0,ACTUAL,VNSTOCK_BRONZE
SPC,LATEST,balance_sheet,order,77.0,ACTUAL,VNSTOCK_BRONZE
SPC,LATEST,balance_sheet,level,2.0,ACTUAL,VNSTOCK_BRONZE
SPC,LATEST,balance_sheet,off_balance,0.0,ACTUAL,VNSTOCK_BRONZE
SPC,LATEST,balance_sheet,value,130471753472.0,ACTUAL,VNSTOCK_BRONZE
SPC,LATEST,balance_sheet,order,78.0,ACTUAL,VNSTOCK_BRONZE
SPC,LATEST,balance_sheet,level,2.0,ACTUAL,VNSTOCK_BRONZE
SPC,LATEST,balance_sheet,off_balance,0.0,ACTUAL,VNSTOCK_BRONZE
SPC,LATEST,balance_sheet,value,0.0,ACTUAL,VNSTOCK_BRONZE
SPC,LATEST,balance_sheet,order,79.0,ACTUAL,VNSTOCK_BRONZE
SPC,LATEST,balance_sheet,level,2.0,ACTUAL,VNSTOCK_BRONZE
SPC,LATEST,balance_sheet,off_balance,0.0,ACTUAL,VNSTOCK_BRONZE
SPC,LATEST,balance_sheet,value,65982057.0,ACTUAL,VNSTOCK_BRONZE
SPC,LATEST,balance_sheet,order,80.0,ACTUAL,VNSTOCK_BRONZE
SPC,LATEST,balance_sheet,level,2.0,ACTUAL,VNSTOCK_BRONZE
SPC,LATEST,balance_sheet,off_balance,0.0,ACTUAL,VNSTOCK_BRONZE
SPC,LATEST,balance_sheet,value,0.0,ACTUAL,VNSTOCK_BRONZE
SPC,LATEST,balance_sheet,order,81.0,ACTUAL,VNSTOCK_BRONZE
SPC,LATEST,balance_sheet,level,2.0,ACTUAL,VNSTOCK_BRONZE
SPC,LATEST,balance_sheet,off_balance,0.0,ACTUAL,VNSTOCK_BRONZE
SPC,LATEST,balance_sheet,value,0.0,ACTUAL,VNSTOCK_BRONZE
SPC,LATEST,balance_sheet,order,82.0,ACTUAL,VNSTOCK_BRONZE
SPC,LATEST,balance_sheet,level,1.0,ACTUAL,VNSTOCK_BRONZE
SPC,LATEST,balance_sheet,off_balance,0.0,ACTUAL,VNSTOCK_BRONZE
SPC,LATEST,balance_sheet,value,8100661175.0,ACTUAL,VNSTOCK_BRONZE
SPC,LATEST,balance_sheet,order,83.0,ACTUAL,VNSTOCK_BRONZE
SPC,LATEST,balance_sheet,level,2.0,ACTUAL,VNSTOCK_BRONZE
SPC,LATEST,balance_sheet,off_balance,0.0,ACTUAL,VNSTOCK_BRONZE
SPC,LATEST,balance_sheet,value,0.0,ACTUAL,VNSTOCK_BRONZE
SPC,LATEST,balance_sheet,order,84.0,ACTUAL,VNSTOCK_BRONZE
SPC,LATEST,balance_sheet,level,2.0,ACTUAL,VNSTOCK_BRONZE
SPC,LATEST,balance_sheet,off_balance,0.0,ACTUAL,VNSTOCK_BRONZE
SPC,LATEST,balance_sheet,order,85.0,ACTUAL,VNSTOCK_BRONZE
SPC,LATEST,balance_sheet,level,2.0,ACTUAL,VNSTOCK_BRONZE
SPC,LATEST,balance_sheet,off_balance,0.0,ACTUAL,VNSTOCK_BRONZE
SPC,LATEST,balance_sheet,value,0.0,ACTUAL,VNSTOCK_BRONZE
SPC,LATEST,balance_sheet,order,86.0,ACTUAL,VNSTOCK_BRONZE
SPC,LATEST,balance_sheet,level,2.0,ACTUAL,VNSTOCK_BRONZE
SPC,LATEST,balance_sheet,off_balance,0.0,ACTUAL,VNSTOCK_BRONZE
SPC,LATEST,balance_sheet,value,0.0,ACTUAL,VNSTOCK_BRONZE
SPC,LATEST,balance_sheet,order,87.0,ACTUAL,VNSTOCK_BRONZE
SPC,LATEST,balance_sheet,level,2.0,ACTUAL,VNSTOCK_BRONZE
SPC,LATEST,balance_sheet,off_balance,0.0,ACTUAL,VNSTOCK_BRONZE
SPC,LATEST,balance_sheet,value,0.0,ACTUAL,VNSTOCK_BRONZE
SPC,LATEST,balance_sheet,order,88.0,ACTUAL,VNSTOCK_BRONZE
SPC,LATEST,balance_sheet,level,2.0,ACTUAL,VNSTOCK_BRONZE
SPC,LATEST,balance_sheet,off_balance,0.0,ACTUAL,VNSTOCK_BRONZE
SPC,LATEST,balance_sheet,value,0.0,ACTUAL,VNSTOCK_BRONZE
SPC,LATEST,balance_sheet,order,89.0,ACTUAL,VNSTOCK_BRONZE
SPC,LATEST,balance_sheet,level,2.0,ACTUAL,VNSTOCK_BRONZE
SPC,LATEST,balance_sheet,off_balance,0.0,ACTUAL,VNSTOCK_BRONZE
SPC,LATEST,balance_sheet,value,0.0,ACTUAL,VNSTOCK_BRONZE
SPC,LATEST,balance_sheet,order,90.0,ACTUAL,VNSTOCK_BRONZE
SPC,LATEST,balance_sheet,level,2.0,ACTUAL,VNSTOCK_BRONZE
SPC,LATEST,balance_sheet,off_balance,0.0,ACTUAL,VNSTOCK_BRONZE
SPC,LATEST,balance_sheet,value,1715654000.0,ACTUAL,VNSTOCK_BRONZE
SPC,LATEST,balance_sheet,order,91.0,ACTUAL,VNSTOCK_BRONZE
SPC,LATEST,balance_sheet,level,2.0,ACTUAL,VNSTOCK_BRONZE
SPC,LATEST,balance_sheet,off_balance,0.0,ACTUAL,VNSTOCK_BRONZE
SPC,LATEST,balance_sheet,value,2942345652.0,ACTUAL,VNSTOCK_BRONZE
SPC,LATEST,balance_sheet,order,92.0,ACTUAL,VNSTOCK_BRONZE
SPC,LATEST,balance_sheet,level,2.0,ACTUAL,VNSTOCK_BRONZE
SPC,LATEST,balance_sheet,off_balance,0.0,ACTUAL,VNSTOCK_BRONZE
SPC,LATEST,balance_sheet,value,0.0,ACTUAL,VNSTOCK_BRONZE
SPC,LATEST,balance_sheet,order,93.0,ACTUAL,VNSTOCK_BRONZE
SPC,LATEST,balance_sheet,level,2.0,ACTUAL,VNSTOCK_BRONZE
SPC,LATEST,balance_sheet,off_balance,0.0,ACTUAL,VNSTOCK_BRONZE
SPC,LATEST,balance_sheet,value,3442661523.0,ACTUAL,VNSTOCK_BRONZE
SPC,LATEST,balance_sheet,order,94.0,ACTUAL,VNSTOCK_BRONZE
SPC,LATEST,balance_sheet,level,2.0,ACTUAL,VNSTOCK_BRONZE
SPC,LATEST,balance_sheet,off_balance,0.0,ACTUAL,VNSTOCK_BRONZE
SPC,LATEST,balance_sheet,value,0.0,ACTUAL,VNSTOCK_BRONZE
SPC,LATEST,balance_sheet,order,95.0,ACTUAL,VNSTOCK_BRONZE
SPC,LATEST,balance_sheet,level,2.0,ACTUAL,VNSTOCK_BRONZE
SPC,LATEST,balance_sheet,off_balance,0.0,ACTUAL,VNSTOCK_BRONZE
SPC,LATEST,balance_sheet,value,0.0,ACTUAL,VNSTOCK_BRONZE
SPC,LATEST,balance_sheet,order,96.0,ACTUAL,VNSTOCK_BRONZE
SPC,LATEST,balance_sheet,level,1.0,ACTUAL,VNSTOCK_BRONZE
SPC,LATEST,balance_sheet,off_balance,0.0,ACTUAL,VNSTOCK_BRONZE
SPC,LATEST,balance_sheet,value,165950707380.0,ACTUAL,VNSTOCK_BRONZE
SPC,LATEST,balance_sheet,order,97.0,ACTUAL,VNSTOCK_BRONZE
SPC,LATEST,balance_sheet,level,1.0,ACTUAL,VNSTOCK_BRONZE
SPC,LATEST,balance_sheet,off_balance,0.0,ACTUAL,VNSTOCK_BRONZE
SPC,LATEST,balance_sheet,value,165950707380.0,ACTUAL,VNSTOCK_BRONZE
SPC,LATEST,balance_sheet,order,98.0,ACTUAL,VNSTOCK_BRONZE
SPC,LATEST,balance_sheet,level,2.0,ACTUAL,VNSTOCK_BRONZE
SPC,LATEST,balance_sheet,off_balance,0.0,ACTUAL,VNSTOCK_BRONZE
SPC,LATEST,balance_sheet,value,0.0,ACTUAL,VNSTOCK_BRONZE
SPC,LATEST,balance_sheet,order,99.0,ACTUAL,VNSTOCK_BRONZE
SPC,LATEST,balance_sheet,level,2.0,ACTUAL,VNSTOCK_BRONZE
SPC,LATEST,balance_sheet,off_balance,0.0,ACTUAL,VNSTOCK_BRONZE
SPC,LATEST,balance_sheet,value,0.0,ACTUAL,VNSTOCK_BRONZE
SPC,LATEST,balance_sheet,order,100.0,ACTUAL,VNSTOCK_BRONZE
SPC,LATEST,balance_sheet,level,2.0,ACTUAL,VNSTOCK_BRONZE
SPC,LATEST,balance_sheet,off_balance,0.0,ACTUAL,VNSTOCK_BRONZE
SPC,LATEST,balance_sheet,value,0.0,ACTUAL,VNSTOCK_BRONZE
SPC,LATEST,balance_sheet,order,101.0,ACTUAL,VNSTOCK_BRONZE
SPC,LATEST,balance_sheet,level,2.0,ACTUAL,VNSTOCK_BRONZE
SPC,LATEST,balance_sheet,off_balance,0.0,ACTUAL,VNSTOCK_BRONZE
SPC,LATEST,balance_sheet,value,0.0,ACTUAL,VNSTOCK_BRONZE
SPC,LATEST,balance_sheet,order,102.0,ACTUAL,VNSTOCK_BRONZE
SPC,LATEST,balance_sheet,level,2.0,ACTUAL,VNSTOCK_BRONZE
SPC,LATEST,balance_sheet,off_balance,0.0,ACTUAL,VNSTOCK_BRONZE
SPC,LATEST,balance_sheet,value,105300000000.0,ACTUAL,VNSTOCK_BRONZE
SPC,LATEST,balance_sheet,order,103.0,ACTUAL,VNSTOCK_BRONZE
SPC,LATEST,balance_sheet,level,3.0,ACTUAL,VNSTOCK_BRONZE
SPC,LATEST,balance_sheet,off_balance,0.0,ACTUAL,VNSTOCK_BRONZE
SPC,LATEST,balance_sheet,value,105300000000.0,ACTUAL,VNSTOCK_BRONZE
SPC,LATEST,balance_sheet,order,104.0,ACTUAL,VNSTOCK_BRONZE
SPC,LATEST,balance_sheet,level,2.0,ACTUAL,VNSTOCK_BRONZE
SPC,LATEST,balance_sheet,off_balance,0.0,ACTUAL,VNSTOCK_BRONZE
SPC,LATEST,balance_sheet,value,782715818.0,ACTUAL,VNSTOCK_BRONZE
SPC,LATEST,balance_sheet,order,105.0,ACTUAL,VNSTOCK_BRONZE
SPC,LATEST,balance_sheet,level,2.0,ACTUAL,VNSTOCK_BRONZE
SPC,LATEST,balance_sheet,off_balance,0.0,ACTUAL,VNSTOCK_BRONZE
SPC,LATEST,balance_sheet,value,0.0,ACTUAL,VNSTOCK_BRONZE
SPC,LATEST,balance_sheet,order,106.0,ACTUAL,VNSTOCK_BRONZE
SPC,LATEST,balance_sheet,level,2.0,ACTUAL,VNSTOCK_BRONZE
SPC,LATEST,balance_sheet,off_balance,0.0,ACTUAL,VNSTOCK_BRONZE
SPC,LATEST,balance_sheet,value,0.0,ACTUAL,VNSTOCK_BRONZE
SPC,LATEST,balance_sheet,order,107.0,ACTUAL,VNSTOCK_BRONZE
SPC,LATEST,balance_sheet,level,2.0,ACTUAL,VNSTOCK_BRONZE
SPC,LATEST,balance_sheet,off_balance,0.0,ACTUAL,VNSTOCK_BRONZE
SPC,LATEST,balance_sheet,value,0.0,ACTUAL,VNSTOCK_BRONZE
SPC,LATEST,balance_sheet,order,108.0,ACTUAL,VNSTOCK_BRONZE
SPC,LATEST,balance_sheet,level,2.0,ACTUAL,VNSTOCK_BRONZE
SPC,LATEST,balance_sheet,off_balance,0.0,ACTUAL,VNSTOCK_BRONZE
SPC,LATEST,balance_sheet,value,27941182964.0,ACTUAL,VNSTOCK_BRONZE
SPC,LATEST,balance_sheet,order,109.0,ACTUAL,VNSTOCK_BRONZE
SPC,LATEST,balance_sheet,level,2.0,ACTUAL,VNSTOCK_BRONZE
SPC,LATEST,balance_sheet,off_balance,0.0,ACTUAL,VNSTOCK_BRONZE
SPC,LATEST,balance_sheet,value,62618267625.0,ACTUAL,VNSTOCK_BRONZE
SPC,LATEST,balance_sheet,order,110.0,ACTUAL,VNSTOCK_BRONZE
SPC,LATEST,balance_sheet,level,2.0,ACTUAL,VNSTOCK_BRONZE
SPC,LATEST,balance_sheet,off_balance,0.0,ACTUAL,VNSTOCK_BRONZE
SPC,LATEST,balance_sheet,value,0.0,ACTUAL,VNSTOCK_BRONZE
SPC,LATEST,balance_sheet,order,111.0,ACTUAL,VNSTOCK_BRONZE
SPC,LATEST,balance_sheet,level,2.0,ACTUAL,VNSTOCK_BRONZE
SPC,LATEST,balance_sheet,off_balance,0.0,ACTUAL,VNSTOCK_BRONZE
SPC,LATEST,balance_sheet,value,0.0,ACTUAL,VNSTOCK_BRONZE
SPC,LATEST,balance_sheet,order,112.0,ACTUAL,VNSTOCK_BRONZE
SPC,LATEST,balance_sheet,level,2.0,ACTUAL,VNSTOCK_BRONZE
SPC,LATEST,balance_sheet,off_balance,0.0,ACTUAL,VNSTOCK_BRONZE
SPC,LATEST,balance_sheet,value,-40423359459.0,ACTUAL,VNSTOCK_BRONZE
SPC,LATEST,balance_sheet,order,113.0,ACTUAL,VNSTOCK_BRONZE
SPC,LATEST,balance_sheet,level,3.0,ACTUAL,VNSTOCK_BRONZE
SPC,LATEST,balance_sheet,off_balance,0.0,ACTUAL,VNSTOCK_BRONZE
SPC,LATEST,balance_sheet,value,20348667914.0,ACTUAL,VNSTOCK_BRONZE
SPC,LATEST,balance_sheet,order,114.0,ACTUAL,VNSTOCK_BRONZE
SPC,LATEST,balance_sheet,level,3.0,ACTUAL,VNSTOCK_BRONZE
SPC,LATEST,balance_sheet,off_balance,0.0,ACTUAL,VNSTOCK_BRONZE
SPC,LATEST,balance_sheet,value,-60772027373.0,ACTUAL,VNSTOCK_BRONZE
SPC,LATEST,balance_sheet,order,115.0,ACTUAL,VNSTOCK_BRONZE
SPC,LATEST,balance_sheet,level,2.0,ACTUAL,VNSTOCK_BRONZE
SPC,LATEST,balance_sheet,off_balance,0.0,ACTUAL,VNSTOCK_BRONZE
SPC,LATEST,balance_sheet,value,9731900432.0,ACTUAL,VNSTOCK_BRONZE
SPC,LATEST,balance_sheet,order,116.0,ACTUAL,VNSTOCK_BRONZE
SPC,LATEST,balance_sheet,level,1.0,ACTUAL,VNSTOCK_BRONZE
SPC,LATEST,balance_sheet,off_balance,0.0,ACTUAL,VNSTOCK_BRONZE
SPC,LATEST,balance_sheet,value,0.0,ACTUAL,VNSTOCK_BRONZE
SPC,LATEST,balance_sheet,order,117.0,ACTUAL,VNSTOCK_BRONZE
SPC,LATEST,balance_sheet,level,2.0,ACTUAL,VNSTOCK_BRONZE
SPC,LATEST,balance_sheet,off_balance,0.0,ACTUAL,VNSTOCK_BRONZE
SPC,LATEST,balance_sheet,value,0.0,ACTUAL,VNSTOCK_BRONZE
SPC,LATEST,balance_sheet,order,118.0,ACTUAL,VNSTOCK_BRONZE
SPC,LATEST,balance_sheet,level,1.0,ACTUAL,VNSTOCK_BRONZE
SPC,LATEST,balance_sheet,off_balance,0.0,ACTUAL,VNSTOCK_BRONZE
SPC,LATEST,balance_sheet,value,480414770978.0,ACTUAL,VNSTOCK_BRONZE
SPC,LATEST,balance_sheet,order,1.0,ACTUAL,VNSTOCK_BRONZE
SPC,LATEST,balance_sheet,level,1.0,ACTUAL,VNSTOCK_BRONZE
SPC,LATEST,balance_sheet,off_balance,0.0,ACTUAL,VNSTOCK_BRONZE
SPC,LATEST,balance_sheet,value,466890024759.0,ACTUAL,VNSTOCK_BRONZE
SPC,LATEST,balance_sheet,order,2.0,ACTUAL,VNSTOCK_BRONZE
SPC,LATEST,balance_sheet,level,1.0,ACTUAL,VNSTOCK_BRONZE
SPC,LATEST,balance_sheet,off_balance,0.0,ACTUAL,VNSTOCK_BRONZE
SPC,LATEST,balance_sheet,value,20718469679.0,ACTUAL,VNSTOCK_BRONZE
SPC,LATEST,balance_sheet,order,3.0,ACTUAL,VNSTOCK_BRONZE
SPC,LATEST,balance_sheet,level,2.0,ACTUAL,VNSTOCK_BRONZE
SPC,LATEST,balance_sheet,off_balance,0.0,ACTUAL,VNSTOCK_BRONZE
SPC,LATEST,balance_sheet,value,20718469679.0,ACTUAL,VNSTOCK_BRONZE
SPC,LATEST,balance_sheet,order,4.0,ACTUAL,VNSTOCK_BRONZE
SPC,LATEST,balance_sheet,level,2.0,ACTUAL,VNSTOCK_BRONZE
SPC,LATEST,balance_sheet,off_balance,0.0,ACTUAL,VNSTOCK_BRONZE
SPC,LATEST,balance_sheet,value,0.0,ACTUAL,VNSTOCK_BRONZE
SPC,LATEST,balance_sheet,order,5.0,ACTUAL,VNSTOCK_BRONZE
SPC,LATEST,balance_sheet,level,1.0,ACTUAL,VNSTOCK_BRONZE
SPC,LATEST,balance_sheet,off_balance,0.0,ACTUAL,VNSTOCK_BRONZE
SPC,LATEST,balance_sheet,value,0.0,ACTUAL,VNSTOCK_BRONZE
SPC,LATEST,balance_sheet,order,6.0,ACTUAL,VNSTOCK_BRONZE
SPC,LATEST,balance_sheet,level,2.0,ACTUAL,VNSTOCK_BRONZE
SPC,LATEST,balance_sheet,off_balance,0.0,ACTUAL,VNSTOCK_BRONZE
SPC,LATEST,balance_sheet,value,0.0,ACTUAL,VNSTOCK_BRONZE
SPC,LATEST,balance_sheet,order,7.0,ACTUAL,VNSTOCK_BRONZE
SPC,LATEST,balance_sheet,level,2.0,ACTUAL,VNSTOCK_BRONZE
SPC,LATEST,balance_sheet,off_balance,0.0,ACTUAL,VNSTOCK_BRONZE
SPC,LATEST,balance_sheet,value,0.0,ACTUAL,VNSTOCK_BRONZE
SPC,LATEST,balance_sheet,order,8.0,ACTUAL,VNSTOCK_BRONZE
SPC,LATEST,balance_sheet,level,2.0,ACTUAL,VNSTOCK_BRONZE
SPC,LATEST,balance_sheet,off_balance,0.0,ACTUAL,VNSTOCK_BRONZE
SPC,LATEST,balance_sheet,value,0.0,ACTUAL,VNSTOCK_BRONZE
SPC,LATEST,balance_sheet,order,9.0,ACTUAL,VNSTOCK_BRONZE
SPC,LATEST,balance_sheet,level,1.0,ACTUAL,VNSTOCK_BRONZE
SPC,LATEST,balance_sheet,off_balance,0.0,ACTUAL,VNSTOCK_BRONZE
SPC,LATEST,balance_sheet,value,130808604445.0,ACTUAL,VNSTOCK_BRONZE
SPC,LATEST,balance_sheet,order,10.0,ACTUAL,VNSTOCK_BRONZE
SPC,LATEST,balance_sheet,level,2.0,ACTUAL,VNSTOCK_BRONZE
SPC,LATEST,balance_sheet,off_balance,0.0,ACTUAL,VNSTOCK_BRONZE
SPC,LATEST,balance_sheet,value,140099710415.0,ACTUAL,VNSTOCK_BRONZE
SPC,LATEST,balance_sheet,order,11.0,ACTUAL,VNSTOCK_BRONZE
SPC,LATEST,balance_sheet,level,2.0,ACTUAL,VNSTOCK_BRONZE
SPC,LATEST,balance_sheet,off_balance,0.0,ACTUAL,VNSTOCK_BRONZE
SPC,LATEST,balance_sheet,value,1246432117.0,ACTUAL,VNSTOCK_BRONZE
SPC,LATEST,balance_sheet,order,12.0,ACTUAL,VNSTOCK_BRONZE
SPC,LATEST,balance_sheet,level,2.0,ACTUAL,VNSTOCK_BRONZE
SPC,LATEST,balance_sheet,off_balance,0.0,ACTUAL,VNSTOCK_BRONZE
SPC,LATEST,balance_sheet,value,0.0,ACTUAL,VNSTOCK_BRONZE
SPC,LATEST,balance_sheet,order,13.0,ACTUAL,VNSTOCK_BRONZE
SPC,LATEST,balance_sheet,level,2.0,ACTUAL,VNSTOCK_BRONZE
SPC,LATEST,balance_sheet,off_balance,0.0,ACTUAL,VNSTOCK_BRONZE
SPC,LATEST,balance_sheet,value,0.0,ACTUAL,VNSTOCK_BRONZE
SPC,LATEST,balance_sheet,order,14.0,ACTUAL,VNSTOCK_BRONZE
SPC,LATEST,balance_sheet,level,2.0,ACTUAL,VNSTOCK_BRONZE
SPC,LATEST,balance_sheet,off_balance,0.0,ACTUAL,VNSTOCK_BRONZE
SPC,LATEST,balance_sheet,value,0.0,ACTUAL,VNSTOCK_BRONZE
SPC,LATEST,balance_sheet,order,15.0,ACTUAL,VNSTOCK_BRONZE
SPC,LATEST,balance_sheet,level,2.0,ACTUAL,VNSTOCK_BRONZE
SPC,LATEST,balance_sheet,off_balance,0.0,ACTUAL,VNSTOCK_BRONZE
SPC,LATEST,balance_sheet,value,6657990230.0,ACTUAL,VNSTOCK_BRONZE
SPC,LATEST,balance_sheet,order,16.0,ACTUAL,VNSTOCK_BRONZE
SPC,LATEST,balance_sheet,level,2.0,ACTUAL,VNSTOCK_BRONZE
SPC,LATEST,balance_sheet,off_balance,0.0,ACTUAL,VNSTOCK_BRONZE
SPC,LATEST,balance_sheet,value,-17195528317.0,ACTUAL,VNSTOCK_BRONZE
SPC,LATEST,balance_sheet,order,17.0,ACTUAL,VNSTOCK_BRONZE
SPC,LATEST,balance_sheet,level,2.0,ACTUAL,VNSTOCK_BRONZE
SPC,LATEST,balance_sheet,off_balance,0.0,ACTUAL,VNSTOCK_BRONZE
SPC,LATEST,balance_sheet,value,0.0,ACTUAL,VNSTOCK_BRONZE
SPC,LATEST,balance_sheet,order,18.0,ACTUAL,VNSTOCK_BRONZE
SPC,LATEST,balance_sheet,level,1.0,ACTUAL,VNSTOCK_BRONZE
SPC,LATEST,balance_sheet,off_balance,0.0,ACTUAL,VNSTOCK_BRONZE
SPC,LATEST,balance_sheet,value,293090114830.0,ACTUAL,VNSTOCK_BRONZE
SPC,LATEST,balance_sheet,order,19.0,ACTUAL,VNSTOCK_BRONZE
SPC,LATEST,balance_sheet,level,2.0,ACTUAL,VNSTOCK_BRONZE
SPC,LATEST,balance_sheet,off_balance,0.0,ACTUAL,VNSTOCK_BRONZE
SPC,LATEST,balance_sheet,value,314566267233.0,ACTUAL,VNSTOCK_BRONZE
SPC,LATEST,balance_sheet,order,20.0,ACTUAL,VNSTOCK_BRONZE
SPC,LATEST,balance_sheet,level,2.0,ACTUAL,VNSTOCK_BRONZE
SPC,LATEST,balance_sheet,off_balance,0.0,ACTUAL,VNSTOCK_BRONZE
SPC,LATEST,balance_sheet,value,-21476152403.0,ACTUAL,VNSTOCK_BRONZE
SPC,LATEST,balance_sheet,order,21.0,ACTUAL,VNSTOCK_BRONZE
SPC,LATEST,balance_sheet,level,1.0,ACTUAL,VNSTOCK_BRONZE
SPC,LATEST,balance_sheet,off_balance,0.0,ACTUAL,VNSTOCK_BRONZE
SPC,LATEST,balance_sheet,value,22272835805.0,ACTUAL,VNSTOCK_BRONZE
SPC,LATEST,balance_sheet,order,22.0,ACTUAL,VNSTOCK_BRONZE
SPC,LATEST,balance_sheet,level,2.0,ACTUAL,VNSTOCK_BRONZE
SPC,LATEST,balance_sheet,off_balance,0.0,ACTUAL,VNSTOCK_BRONZE
SPC,LATEST,balance_sheet,value,2076781802.0,ACTUAL,VNSTOCK_BRONZE
SPC,LATEST,balance_sheet,order,23.0,ACTUAL,VNSTOCK_BRONZE
SPC,LATEST,balance_sheet,level,2.0,ACTUAL,VNSTOCK_BRONZE
SPC,LATEST,balance_sheet,off_balance,0.0,ACTUAL,VNSTOCK_BRONZE
SPC,LATEST,balance_sheet,value,19073862120.0,ACTUAL,VNSTOCK_BRONZE
SPC,LATEST,balance_sheet,order,24.0,ACTUAL,VNSTOCK_BRONZE
SPC,LATEST,balance_sheet,level,2.0,ACTUAL,VNSTOCK_BRONZE
SPC,LATEST,balance_sheet,off_balance,0.0,ACTUAL,VNSTOCK_BRONZE
SPC,LATEST,balance_sheet,value,1122191883.0,ACTUAL,VNSTOCK_BRONZE
SPC,LATEST,balance_sheet,order,25.0,ACTUAL,VNSTOCK_BRONZE
SPC,LATEST,balance_sheet,level,2.0,ACTUAL,VNSTOCK_BRONZE
SPC,LATEST,balance_sheet,off_balance,0.0,ACTUAL,VNSTOCK_BRONZE
SPC,LATEST,balance_sheet,value,0.0,ACTUAL,VNSTOCK_BRONZE
SPC,LATEST,balance_sheet,order,26.0,ACTUAL,VNSTOCK_BRONZE
SPC,LATEST,balance_sheet,level,1.0,ACTUAL,VNSTOCK_BRONZE
SPC,LATEST,balance_sheet,off_balance,0.0,ACTUAL,VNSTOCK_BRONZE
SPC,LATEST,balance_sheet,value,52354988260.0,ACTUAL,VNSTOCK_BRONZE
SPC,LATEST,balance_sheet,order,27.0,ACTUAL,VNSTOCK_BRONZE
SPC,LATEST,balance_sheet,level,1.0,ACTUAL,VNSTOCK_BRONZE
SPC,LATEST,balance_sheet,off_balance,0.0,ACTUAL,VNSTOCK_BRONZE
SPC,LATEST,balance_sheet,value,1919149999.0,ACTUAL,VNSTOCK_BRONZE
SPC,LATEST,balance_sheet,order,28.0,ACTUAL,VNSTOCK_BRONZE
SPC,LATEST,balance_sheet,level,2.0,ACTUAL,VNSTOCK_BRONZE
SPC,LATEST,balance_sheet,off_balance,0.0,ACTUAL,VNSTOCK_BRONZE
SPC,LATEST,balance_sheet,value,0.0,ACTUAL,VNSTOCK_BRONZE
SPC,LATEST,balance_sheet,order,29.0,ACTUAL,VNSTOCK_BRONZE
SPC,LATEST,balance_sheet,level,2.0,ACTUAL,VNSTOCK_BRONZE
SPC,LATEST,balance_sheet,off_balance,0.0,ACTUAL,VNSTOCK_BRONZE
SPC,LATEST,balance_sheet,value,0.0,ACTUAL,VNSTOCK_BRONZE
SPC,LATEST,balance_sheet,order,30.0,ACTUAL,VNSTOCK_BRONZE
SPC,LATEST,balance_sheet,level,2.0,ACTUAL,VNSTOCK_BRONZE
SPC,LATEST,balance_sheet,off_balance,0.0,ACTUAL,VNSTOCK_BRONZE
SPC,LATEST,balance_sheet,value,0.0,ACTUAL,VNSTOCK_BRONZE
SPC,LATEST,balance_sheet,order,31.0,ACTUAL,VNSTOCK_BRONZE
SPC,LATEST,balance_sheet,level,2.0,ACTUAL,VNSTOCK_BRONZE
SPC,LATEST,balance_sheet,off_balance,0.0,ACTUAL,VNSTOCK_BRONZE
SPC,LATEST,balance_sheet,value,0.0,ACTUAL,VNSTOCK_BRONZE
SPC,LATEST,balance_sheet,order,32.0,ACTUAL,VNSTOCK_BRONZE
SPC,LATEST,balance_sheet,level,2.0,ACTUAL,VNSTOCK_BRONZE
SPC,LATEST,balance_sheet,off_balance,0.0,ACTUAL,VNSTOCK_BRONZE
SPC,LATEST,balance_sheet,value,1919149999.0,ACTUAL,VNSTOCK_BRONZE
SPC,LATEST,balance_sheet,order,33.0,ACTUAL,VNSTOCK_BRONZE
SPC,LATEST,balance_sheet,level,2.0,ACTUAL,VNSTOCK_BRONZE
SPC,LATEST,balance_sheet,off_balance,0.0,ACTUAL,VNSTOCK_BRONZE
SPC,LATEST,balance_sheet,value,-0.0,ACTUAL,VNSTOCK_BRONZE
SPC,LATEST,balance_sheet,order,34.0,ACTUAL,VNSTOCK_BRONZE
SPC,LATEST,balance_sheet,level,1.0,ACTUAL,VNSTOCK_BRONZE
SPC,LATEST,balance_sheet,off_balance,0.0,ACTUAL,VNSTOCK_BRONZE
SPC,LATEST,balance_sheet,value,31460097872.0,ACTUAL,VNSTOCK_BRONZE
SPC,LATEST,balance_sheet,order,35.0,ACTUAL,VNSTOCK_BRONZE
SPC,LATEST,balance_sheet,level,2.0,ACTUAL,VNSTOCK_BRONZE
SPC,LATEST,balance_sheet,off_balance,0.0,ACTUAL,VNSTOCK_BRONZE
SPC,LATEST,balance_sheet,value,24964822209.0,ACTUAL,VNSTOCK_BRONZE
SPC,LATEST,balance_sheet,order,36.0,ACTUAL,VNSTOCK_BRONZE
SPC,LATEST,balance_sheet,level,3.0,ACTUAL,VNSTOCK_BRONZE
SPC,LATEST,balance_sheet,off_balance,0.0,ACTUAL,VNSTOCK_BRONZE
SPC,LATEST,balance_sheet,value,147609176330.0,ACTUAL,VNSTOCK_BRONZE
SPC,LATEST,balance_sheet,order,37.0,ACTUAL,VNSTOCK_BRONZE
SPC,LATEST,balance_sheet,level,3.0,ACTUAL,VNSTOCK_BRONZE
SPC,LATEST,balance_sheet,off_balance,0.0,ACTUAL,VNSTOCK_BRONZE
SPC,LATEST,balance_sheet,value,-122644354121.0,ACTUAL,VNSTOCK_BRONZE
SPC,LATEST,balance_sheet,order,38.0,ACTUAL,VNSTOCK_BRONZE
SPC,LATEST,balance_sheet,level,2.0,ACTUAL,VNSTOCK_BRONZE
SPC,LATEST,balance_sheet,off_balance,0.0,ACTUAL,VNSTOCK_BRONZE
SPC,LATEST,balance_sheet,value,1627547354.0,ACTUAL,VNSTOCK_BRONZE
SPC,LATEST,balance_sheet,order,39.0,ACTUAL,VNSTOCK_BRONZE
SPC,LATEST,balance_sheet,level,3.0,ACTUAL,VNSTOCK_BRONZE
SPC,LATEST,balance_sheet,off_balance,0.0,ACTUAL,VNSTOCK_BRONZE
SPC,LATEST,balance_sheet,value,6008312210.0,ACTUAL,VNSTOCK_BRONZE
SPC,LATEST,balance_sheet,order,40.0,ACTUAL,VNSTOCK_BRONZE
SPC,LATEST,balance_sheet,level,3.0,ACTUAL,VNSTOCK_BRONZE
SPC,LATEST,balance_sheet,off_balance,0.0,ACTUAL,VNSTOCK_BRONZE
SPC,LATEST,balance_sheet,value,-4380764856.0,ACTUAL,VNSTOCK_BRONZE
SPC,LATEST,balance_sheet,order,41.0,ACTUAL,VNSTOCK_BRONZE
SPC,LATEST,balance_sheet,level,2.0,ACTUAL,VNSTOCK_BRONZE
SPC,LATEST,balance_sheet,off_balance,0.0,ACTUAL,VNSTOCK_BRONZE
SPC,LATEST,balance_sheet,value,4867728309.0,ACTUAL,VNSTOCK_BRONZE
SPC,LATEST,balance_sheet,order,42.0,ACTUAL,VNSTOCK_BRONZE
SPC,LATEST,balance_sheet,level,3.0,ACTUAL,VNSTOCK_BRONZE
SPC,LATEST,balance_sheet,off_balance,0.0,ACTUAL,VNSTOCK_BRONZE
SPC,LATEST,balance_sheet,value,9261423802.0,ACTUAL,VNSTOCK_BRONZE
SPC,LATEST,balance_sheet,order,43.0,ACTUAL,VNSTOCK_BRONZE
SPC,LATEST,balance_sheet,level,3.0,ACTUAL,VNSTOCK_BRONZE
SPC,LATEST,balance_sheet,off_balance,0.0,ACTUAL,VNSTOCK_BRONZE
SPC,LATEST,balance_sheet,value,-4393695493.0,ACTUAL,VNSTOCK_BRONZE
SPC,LATEST,balance_sheet,order,44.0,ACTUAL,VNSTOCK_BRONZE
SPC,LATEST,balance_sheet,level,1.0,ACTUAL,VNSTOCK_BRONZE
SPC,LATEST,balance_sheet,off_balance,0.0,ACTUAL,VNSTOCK_BRONZE
SPC,LATEST,balance_sheet,value,371380652.0,ACTUAL,VNSTOCK_BRONZE
SPC,LATEST,balance_sheet,order,45.0,ACTUAL,VNSTOCK_BRONZE
SPC,LATEST,balance_sheet,level,2.0,ACTUAL,VNSTOCK_BRONZE
SPC,LATEST,balance_sheet,off_balance,0.0,ACTUAL,VNSTOCK_BRONZE
SPC,LATEST,balance_sheet,value,1951358316.0,ACTUAL,VNSTOCK_BRONZE
SPC,LATEST,balance_sheet,order,46.0,ACTUAL,VNSTOCK_BRONZE
SPC,LATEST,balance_sheet,level,2.0,ACTUAL,VNSTOCK_BRONZE
SPC,LATEST,balance_sheet,off_balance,0.0,ACTUAL,VNSTOCK_BRONZE
SPC,LATEST,balance_sheet,value,-1579977664.0,ACTUAL,VNSTOCK_BRONZE
SPC,LATEST,balance_sheet,order,47.0,ACTUAL,VNSTOCK_BRONZE
SPC,LATEST,balance_sheet,level,1.0,ACTUAL,VNSTOCK_BRONZE
SPC,LATEST,balance_sheet,off_balance,0.0,ACTUAL,VNSTOCK_BRONZE
SPC,LATEST,balance_sheet,value,4944793417.0,ACTUAL,VNSTOCK_BRONZE
SPC,LATEST,balance_sheet,order,48.0,ACTUAL,VNSTOCK_BRONZE
SPC,LATEST,balance_sheet,level,2.0,ACTUAL,VNSTOCK_BRONZE
SPC,LATEST,balance_sheet,off_balance,0.0,ACTUAL,VNSTOCK_BRONZE
SPC,LATEST,balance_sheet,value,0.0,ACTUAL,VNSTOCK_BRONZE
SPC,LATEST,balance_sheet,order,49.0,ACTUAL,VNSTOCK_BRONZE
SPC,LATEST,balance_sheet,level,2.0,ACTUAL,VNSTOCK_BRONZE
SPC,LATEST,balance_sheet,off_balance,0.0,ACTUAL,VNSTOCK_BRONZE
SPC,LATEST,balance_sheet,value,4944793417.0,ACTUAL,VNSTOCK_BRONZE
SPC,LATEST,balance_sheet,order,50.0,ACTUAL,VNSTOCK_BRONZE
SPC,LATEST,balance_sheet,level,1.0,ACTUAL,VNSTOCK_BRONZE
SPC,LATEST,balance_sheet,off_balance,0.0,ACTUAL,VNSTOCK_BRONZE
SPC,LATEST,balance_sheet,value,0.0,ACTUAL,VNSTOCK_BRONZE
SPC,LATEST,balance_sheet,order,51.0,ACTUAL,VNSTOCK_BRONZE
SPC,LATEST,balance_sheet,level,2.0,ACTUAL,VNSTOCK_BRONZE
SPC,LATEST,balance_sheet,off_balance,0.0,ACTUAL,VNSTOCK_BRONZE
SPC,LATEST,balance_sheet,value,0.0,ACTUAL,VNSTOCK_BRONZE
SPC,LATEST,balance_sheet,order,52.0,ACTUAL,VNSTOCK_BRONZE
SPC,LATEST,balance_sheet,level,2.0,ACTUAL,VNSTOCK_BRONZE
SPC,LATEST,balance_sheet,off_balance,0.0,ACTUAL,VNSTOCK_BRONZE
SPC,LATEST,balance_sheet,value,0.0,ACTUAL,VNSTOCK_BRONZE
SPC,LATEST,balance_sheet,order,53.0,ACTUAL,VNSTOCK_BRONZE
SPC,LATEST,balance_sheet,level,2.0,ACTUAL,VNSTOCK_BRONZE
SPC,LATEST,balance_sheet,off_balance,0.0,ACTUAL,VNSTOCK_BRONZE
SPC,LATEST,balance_sheet,value,0.0,ACTUAL,VNSTOCK_BRONZE
SPC,LATEST,balance_sheet,order,54.0,ACTUAL,VNSTOCK_BRONZE
SPC,LATEST,balance_sheet,level,2.0,ACTUAL,VNSTOCK_BRONZE
SPC,LATEST,balance_sheet,off_balance,0.0,ACTUAL,VNSTOCK_BRONZE
SPC,LATEST,balance_sheet,value,0.0,ACTUAL,VNSTOCK_BRONZE
SPC,LATEST,balance_sheet,order,55.0,ACTUAL,VNSTOCK_BRONZE
SPC,LATEST,balance_sheet,level,2.0,ACTUAL,VNSTOCK_BRONZE
SPC,LATEST,balance_sheet,off_balance,0.0,ACTUAL,VNSTOCK_BRONZE
SPC,LATEST,balance_sheet,value,0.0,ACTUAL,VNSTOCK_BRONZE
SPC,LATEST,balance_sheet,order,56.0,ACTUAL,VNSTOCK_BRONZE
SPC,LATEST,balance_sheet,level,1.0,ACTUAL,VNSTOCK_BRONZE
SPC,LATEST,balance_sheet,off_balance,0.0,ACTUAL,VNSTOCK_BRONZE
SPC,LATEST,balance_sheet,value,13659566320.0,ACTUAL,VNSTOCK_BRONZE
SPC,LATEST,balance_sheet,order,57.0,ACTUAL,VNSTOCK_BRONZE
SPC,LATEST,balance_sheet,level,2.0,ACTUAL,VNSTOCK_BRONZE
SPC,LATEST,balance_sheet,off_balance,0.0,ACTUAL,VNSTOCK_BRONZE
SPC,LATEST,balance_sheet,value,0.0,ACTUAL,VNSTOCK_BRONZE
SPC,LATEST,balance_sheet,order,58.0,ACTUAL,VNSTOCK_BRONZE
SPC,LATEST,balance_sheet,level,2.0,ACTUAL,VNSTOCK_BRONZE
SPC,LATEST,balance_sheet,off_balance,0.0,ACTUAL,VNSTOCK_BRONZE
SPC,LATEST,balance_sheet,value,13659566320.0,ACTUAL,VNSTOCK_BRONZE
SPC,LATEST,balance_sheet,order,59.0,ACTUAL,VNSTOCK_BRONZE
SPC,LATEST,balance_sheet,level,2.0,ACTUAL,VNSTOCK_BRONZE
SPC,LATEST,balance_sheet,off_balance,0.0,ACTUAL,VNSTOCK_BRONZE
SPC,LATEST,balance_sheet,value,0.0,ACTUAL,VNSTOCK_BRONZE
SPC,LATEST,balance_sheet,order,60.0,ACTUAL,VNSTOCK_BRONZE
SPC,LATEST,balance_sheet,level,2.0,ACTUAL,VNSTOCK_BRONZE
SPC,LATEST,balance_sheet,off_balance,0.0,ACTUAL,VNSTOCK_BRONZE
SPC,LATEST,balance_sheet,value,0.0,ACTUAL,VNSTOCK_BRONZE
SPC,LATEST,balance_sheet,order,61.0,ACTUAL,VNSTOCK_BRONZE
SPC,LATEST,balance_sheet,level,2.0,ACTUAL,VNSTOCK_BRONZE
SPC,LATEST,balance_sheet,off_balance,0.0,ACTUAL,VNSTOCK_BRONZE
SPC,LATEST,balance_sheet,value,0.0,ACTUAL,VNSTOCK_BRONZE
SPC,LATEST,balance_sheet,order,62.0,ACTUAL,VNSTOCK_BRONZE
SPC,LATEST,balance_sheet,level,2.0,ACTUAL,VNSTOCK_BRONZE
SPC,LATEST,balance_sheet,off_balance,0.0,ACTUAL,VNSTOCK_BRONZE
SPC,LATEST,balance_sheet,value,0.0,ACTUAL,VNSTOCK_BRONZE
SPC,LATEST,balance_sheet,order,63.0,ACTUAL,VNSTOCK_BRONZE
SPC,LATEST,balance_sheet,level,1.0,ACTUAL,VNSTOCK_BRONZE
SPC,LATEST,balance_sheet,off_balance,0.0,ACTUAL,VNSTOCK_BRONZE
SPC,LATEST,balance_sheet,value,519245013019.0,ACTUAL,VNSTOCK_BRONZE
SPC,LATEST,balance_sheet,order,64.0,ACTUAL,VNSTOCK_BRONZE
SPC,LATEST,balance_sheet,level,1.0,ACTUAL,VNSTOCK_BRONZE
SPC,LATEST,balance_sheet,off_balance,0.0,ACTUAL,VNSTOCK_BRONZE
SPC,LATEST,balance_sheet,value,318827349818.0,ACTUAL,VNSTOCK_BRONZE
SPC,LATEST,balance_sheet,order,65.0,ACTUAL,VNSTOCK_BRONZE
SPC,LATEST,balance_sheet,level,1.0,ACTUAL,VNSTOCK_BRONZE
SPC,LATEST,balance_sheet,off_balance,0.0,ACTUAL,VNSTOCK_BRONZE
SPC,LATEST,balance_sheet,value,309839785494.0,ACTUAL,VNSTOCK_BRONZE
SPC,LATEST,balance_sheet,order,66.0,ACTUAL,VNSTOCK_BRONZE
SPC,LATEST,balance_sheet,level,2.0,ACTUAL,VNSTOCK_BRONZE
SPC,LATEST,balance_sheet,off_balance,0.0,ACTUAL,VNSTOCK_BRONZE
SPC,LATEST,balance_sheet,value,0.0,ACTUAL,VNSTOCK_BRONZE
SPC,LATEST,balance_sheet,order,67.0,ACTUAL,VNSTOCK_BRONZE
SPC,LATEST,balance_sheet,level,2.0,ACTUAL,VNSTOCK_BRONZE
SPC,LATEST,balance_sheet,off_balance,0.0,ACTUAL,VNSTOCK_BRONZE
SPC,LATEST,balance_sheet,value,0.0,ACTUAL,VNSTOCK_BRONZE
SPC,LATEST,balance_sheet,order,68.0,ACTUAL,VNSTOCK_BRONZE
SPC,LATEST,balance_sheet,level,2.0,ACTUAL,VNSTOCK_BRONZE
SPC,LATEST,balance_sheet,off_balance,0.0,ACTUAL,VNSTOCK_BRONZE
SPC,LATEST,balance_sheet,value,0.0,ACTUAL,VNSTOCK_BRONZE
SPC,LATEST,balance_sheet,order,69.0,ACTUAL,VNSTOCK_BRONZE
SPC,LATEST,balance_sheet,level,2.0,ACTUAL,VNSTOCK_BRONZE
SPC,LATEST,balance_sheet,off_balance,0.0,ACTUAL,VNSTOCK_BRONZE
SPC,LATEST,balance_sheet,value,120839184216.0,ACTUAL,VNSTOCK_BRONZE
SPC,LATEST,balance_sheet,order,70.0,ACTUAL,VNSTOCK_BRONZE
SPC,LATEST,balance_sheet,level,2.0,ACTUAL,VNSTOCK_BRONZE
SPC,LATEST,balance_sheet,off_balance,0.0,ACTUAL,VNSTOCK_BRONZE
SPC,LATEST,balance_sheet,value,4005271788.0,ACTUAL,VNSTOCK_BRONZE
SPC,LATEST,balance_sheet,order,71.0,ACTUAL,VNSTOCK_BRONZE
SPC,LATEST,balance_sheet,level,2.0,ACTUAL,VNSTOCK_BRONZE
SPC,LATEST,balance_sheet,off_balance,0.0,ACTUAL,VNSTOCK_BRONZE
SPC,LATEST,balance_sheet,value,6126963623.0,ACTUAL,VNSTOCK_BRONZE
SPC,LATEST,balance_sheet,order,72.0,ACTUAL,VNSTOCK_BRONZE
SPC,LATEST,balance_sheet,level,2.0,ACTUAL,VNSTOCK_BRONZE
SPC,LATEST,balance_sheet,off_balance,0.0,ACTUAL,VNSTOCK_BRONZE
SPC,LATEST,balance_sheet,value,7636462361.0,ACTUAL,VNSTOCK_BRONZE
SPC,LATEST,balance_sheet,order,73.0,ACTUAL,VNSTOCK_BRONZE
SPC,LATEST,balance_sheet,level,2.0,ACTUAL,VNSTOCK_BRONZE
SPC,LATEST,balance_sheet,off_balance,0.0,ACTUAL,VNSTOCK_BRONZE
SPC,LATEST,balance_sheet,value,690048846.0,ACTUAL,VNSTOCK_BRONZE
SPC,LATEST,balance_sheet,order,74.0,ACTUAL,VNSTOCK_BRONZE
SPC,LATEST,balance_sheet,level,2.0,ACTUAL,VNSTOCK_BRONZE
SPC,LATEST,balance_sheet,off_balance,0.0,ACTUAL,VNSTOCK_BRONZE
SPC,LATEST,balance_sheet,value,0.0,ACTUAL,VNSTOCK_BRONZE
SPC,LATEST,balance_sheet,order,75.0,ACTUAL,VNSTOCK_BRONZE
SPC,LATEST,balance_sheet,level,2.0,ACTUAL,VNSTOCK_BRONZE
SPC,LATEST,balance_sheet,off_balance,0.0,ACTUAL,VNSTOCK_BRONZE
SPC,LATEST,balance_sheet,value,2223033.0,ACTUAL,VNSTOCK_BRONZE
SPC,LATEST,balance_sheet,order,76.0,ACTUAL,VNSTOCK_BRONZE
SPC,LATEST,balance_sheet,level,2.0,ACTUAL,VNSTOCK_BRONZE
SPC,LATEST,balance_sheet,off_balance,0.0,ACTUAL,VNSTOCK_BRONZE
SPC,LATEST,balance_sheet,value,11973765368.0,ACTUAL,VNSTOCK_BRONZE
SPC,LATEST,balance_sheet,order,77.0,ACTUAL,VNSTOCK_BRONZE
SPC,LATEST,balance_sheet,level,2.0,ACTUAL,VNSTOCK_BRONZE
SPC,LATEST,balance_sheet,off_balance,0.0,ACTUAL,VNSTOCK_BRONZE
SPC,LATEST,balance_sheet,value,158437786102.0,ACTUAL,VNSTOCK_BRONZE
SPC,LATEST,balance_sheet,order,78.0,ACTUAL,VNSTOCK_BRONZE
SPC,LATEST,balance_sheet,level,2.0,ACTUAL,VNSTOCK_BRONZE
SPC,LATEST,balance_sheet,off_balance,0.0,ACTUAL,VNSTOCK_BRONZE
SPC,LATEST,balance_sheet,value,0.0,ACTUAL,VNSTOCK_BRONZE
SPC,LATEST,balance_sheet,order,79.0,ACTUAL,VNSTOCK_BRONZE
SPC,LATEST,balance_sheet,level,2.0,ACTUAL,VNSTOCK_BRONZE
SPC,LATEST,balance_sheet,off_balance,0.0,ACTUAL,VNSTOCK_BRONZE
SPC,LATEST,balance_sheet,value,128080157.0,ACTUAL,VNSTOCK_BRONZE
SPC,LATEST,balance_sheet,order,80.0,ACTUAL,VNSTOCK_BRONZE
SPC,LATEST,balance_sheet,level,2.0,ACTUAL,VNSTOCK_BRONZE
SPC,LATEST,balance_sheet,off_balance,0.0,ACTUAL,VNSTOCK_BRONZE
SPC,LATEST,balance_sheet,value,0.0,ACTUAL,VNSTOCK_BRONZE
SPC,LATEST,balance_sheet,order,81.0,ACTUAL,VNSTOCK_BRONZE
SPC,LATEST,balance_sheet,level,2.0,ACTUAL,VNSTOCK_BRONZE
SPC,LATEST,balance_sheet,off_balance,0.0,ACTUAL,VNSTOCK_BRONZE
SPC,LATEST,balance_sheet,value,0.0,ACTUAL,VNSTOCK_BRONZE
SPC,LATEST,balance_sheet,order,82.0,ACTUAL,VNSTOCK_BRONZE
SPC,LATEST,balance_sheet,level,1.0,ACTUAL,VNSTOCK_BRONZE
SPC,LATEST,balance_sheet,off_balance,0.0,ACTUAL,VNSTOCK_BRONZE
SPC,LATEST,balance_sheet,value,8987564324.0,ACTUAL,VNSTOCK_BRONZE
SPC,LATEST,balance_sheet,order,83.0,ACTUAL,VNSTOCK_BRONZE
SPC,LATEST,balance_sheet,level,2.0,ACTUAL,VNSTOCK_BRONZE
SPC,LATEST,balance_sheet,off_balance,0.0,ACTUAL,VNSTOCK_BRONZE
SPC,LATEST,balance_sheet,value,0.0,ACTUAL,VNSTOCK_BRONZE
SPC,LATEST,balance_sheet,order,84.0,ACTUAL,VNSTOCK_BRONZE
SPC,LATEST,balance_sheet,level,2.0,ACTUAL,VNSTOCK_BRONZE
SPC,LATEST,balance_sheet,off_balance,0.0,ACTUAL,VNSTOCK_BRONZE
SPC,LATEST,balance_sheet,order,85.0,ACTUAL,VNSTOCK_BRONZE
SPC,LATEST,balance_sheet,level,2.0,ACTUAL,VNSTOCK_BRONZE
SPC,LATEST,balance_sheet,off_balance,0.0,ACTUAL,VNSTOCK_BRONZE
SPC,LATEST,balance_sheet,value,0.0,ACTUAL,VNSTOCK_BRONZE
SPC,LATEST,balance_sheet,order,86.0,ACTUAL,VNSTOCK_BRONZE
SPC,LATEST,balance_sheet,level,2.0,ACTUAL,VNSTOCK_BRONZE
SPC,LATEST,balance_sheet,off_balance,0.0,ACTUAL,VNSTOCK_BRONZE
SPC,LATEST,balance_sheet,value,0.0,ACTUAL,VNSTOCK_BRONZE
SPC,LATEST,balance_sheet,order,87.0,ACTUAL,VNSTOCK_BRONZE
SPC,LATEST,balance_sheet,level,2.0,ACTUAL,VNSTOCK_BRONZE
SPC,LATEST,balance_sheet,off_balance,0.0,ACTUAL,VNSTOCK_BRONZE
SPC,LATEST,balance_sheet,value,0.0,ACTUAL,VNSTOCK_BRONZE
SPC,LATEST,balance_sheet,order,88.0,ACTUAL,VNSTOCK_BRONZE
SPC,LATEST,balance_sheet,level,2.0,ACTUAL,VNSTOCK_BRONZE
SPC,LATEST,balance_sheet,off_balance,0.0,ACTUAL,VNSTOCK_BRONZE
SPC,LATEST,balance_sheet,value,0.0,ACTUAL,VNSTOCK_BRONZE
SPC,LATEST,balance_sheet,order,89.0,ACTUAL,VNSTOCK_BRONZE
SPC,LATEST,balance_sheet,level,2.0,ACTUAL,VNSTOCK_BRONZE
SPC,LATEST,balance_sheet,off_balance,0.0,ACTUAL,VNSTOCK_BRONZE
SPC,LATEST,balance_sheet,value,0.0,ACTUAL,VNSTOCK_BRONZE
SPC,LATEST,balance_sheet,order,90.0,ACTUAL,VNSTOCK_BRONZE
SPC,LATEST,balance_sheet,level,2.0,ACTUAL,VNSTOCK_BRONZE
SPC,LATEST,balance_sheet,off_balance,0.0,ACTUAL,VNSTOCK_BRONZE
SPC,LATEST,balance_sheet,value,1750654000.0,ACTUAL,VNSTOCK_BRONZE
SPC,LATEST,balance_sheet,order,91.0,ACTUAL,VNSTOCK_BRONZE
SPC,LATEST,balance_sheet,level,2.0,ACTUAL,VNSTOCK_BRONZE
SPC,LATEST,balance_sheet,off_balance,0.0,ACTUAL,VNSTOCK_BRONZE
SPC,LATEST,balance_sheet,value,2942345652.0,ACTUAL,VNSTOCK_BRONZE
SPC,LATEST,balance_sheet,order,92.0,ACTUAL,VNSTOCK_BRONZE
SPC,LATEST,balance_sheet,level,2.0,ACTUAL,VNSTOCK_BRONZE
SPC,LATEST,balance_sheet,off_balance,0.0,ACTUAL,VNSTOCK_BRONZE
SPC,LATEST,balance_sheet,value,0.0,ACTUAL,VNSTOCK_BRONZE
SPC,LATEST,balance_sheet,order,93.0,ACTUAL,VNSTOCK_BRONZE
SPC,LATEST,balance_sheet,level,2.0,ACTUAL,VNSTOCK_BRONZE
SPC,LATEST,balance_sheet,off_balance,0.0,ACTUAL,VNSTOCK_BRONZE
SPC,LATEST,balance_sheet,value,4294564672.0,ACTUAL,VNSTOCK_BRONZE
SPC,LATEST,balance_sheet,order,94.0,ACTUAL,VNSTOCK_BRONZE
SPC,LATEST,balance_sheet,level,2.0,ACTUAL,VNSTOCK_BRONZE
SPC,LATEST,balance_sheet,off_balance,0.0,ACTUAL,VNSTOCK_BRONZE
SPC,LATEST,balance_sheet,value,0.0,ACTUAL,VNSTOCK_BRONZE
SPC,LATEST,balance_sheet,order,95.0,ACTUAL,VNSTOCK_BRONZE
SPC,LATEST,balance_sheet,level,2.0,ACTUAL,VNSTOCK_BRONZE
SPC,LATEST,balance_sheet,off_balance,0.0,ACTUAL,VNSTOCK_BRONZE
SPC,LATEST,balance_sheet,value,0.0,ACTUAL,VNSTOCK_BRONZE
SPC,LATEST,balance_sheet,order,96.0,ACTUAL,VNSTOCK_BRONZE
SPC,LATEST,balance_sheet,level,1.0,ACTUAL,VNSTOCK_BRONZE
SPC,LATEST,balance_sheet,off_balance,0.0,ACTUAL,VNSTOCK_BRONZE
SPC,LATEST,balance_sheet,value,200417663201.0,ACTUAL,VNSTOCK_BRONZE
SPC,LATEST,balance_sheet,order,97.0,ACTUAL,VNSTOCK_BRONZE
SPC,LATEST,balance_sheet,level,1.0,ACTUAL,VNSTOCK_BRONZE
SPC,LATEST,balance_sheet,off_balance,0.0,ACTUAL,VNSTOCK_BRONZE
SPC,LATEST,balance_sheet,value,200417663201.0,ACTUAL,VNSTOCK_BRONZE
SPC,LATEST,balance_sheet,order,98.0,ACTUAL,VNSTOCK_BRONZE
SPC,LATEST,balance_sheet,level,2.0,ACTUAL,VNSTOCK_BRONZE
SPC,LATEST,balance_sheet,off_balance,0.0,ACTUAL,VNSTOCK_BRONZE
SPC,LATEST,balance_sheet,value,0.0,ACTUAL,VNSTOCK_BRONZE
SPC,LATEST,balance_sheet,order,99.0,ACTUAL,VNSTOCK_BRONZE
SPC,LATEST,balance_sheet,level,2.0,ACTUAL,VNSTOCK_BRONZE
SPC,LATEST,balance_sheet,off_balance,0.0,ACTUAL,VNSTOCK_BRONZE
SPC,LATEST,balance_sheet,value,0.0,ACTUAL,VNSTOCK_BRONZE
SPC,LATEST,balance_sheet,order,100.0,ACTUAL,VNSTOCK_BRONZE
SPC,LATEST,balance_sheet,level,2.0,ACTUAL,VNSTOCK_BRONZE
SPC,LATEST,balance_sheet,off_balance,0.0,ACTUAL,VNSTOCK_BRONZE
SPC,LATEST,balance_sheet,value,0.0,ACTUAL,VNSTOCK_BRONZE
SPC,LATEST,balance_sheet,order,101.0,ACTUAL,VNSTOCK_BRONZE
SPC,LATEST,balance_sheet,level,2.0,ACTUAL,VNSTOCK_BRONZE
SPC,LATEST,balance_sheet,off_balance,0.0,ACTUAL,VNSTOCK_BRONZE
SPC,LATEST,balance_sheet,value,0.0,ACTUAL,VNSTOCK_BRONZE
SPC,LATEST,balance_sheet,order,102.0,ACTUAL,VNSTOCK_BRONZE
SPC,LATEST,balance_sheet,level,2.0,ACTUAL,VNSTOCK_BRONZE
SPC,LATEST,balance_sheet,off_balance,0.0,ACTUAL,VNSTOCK_BRONZE
SPC,LATEST,balance_sheet,value,105300000000.0,ACTUAL,VNSTOCK_BRONZE
SPC,LATEST,balance_sheet,order,103.0,ACTUAL,VNSTOCK_BRONZE
SPC,LATEST,balance_sheet,level,3.0,ACTUAL,VNSTOCK_BRONZE
SPC,LATEST,balance_sheet,off_balance,0.0,ACTUAL,VNSTOCK_BRONZE
SPC,LATEST,balance_sheet,value,105300000000.0,ACTUAL,VNSTOCK_BRONZE
SPC,LATEST,balance_sheet,order,104.0,ACTUAL,VNSTOCK_BRONZE
SPC,LATEST,balance_sheet,level,2.0,ACTUAL,VNSTOCK_BRONZE
SPC,LATEST,balance_sheet,off_balance,0.0,ACTUAL,VNSTOCK_BRONZE
SPC,LATEST,balance_sheet,value,782715818.0,ACTUAL,VNSTOCK_BRONZE
SPC,LATEST,balance_sheet,order,105.0,ACTUAL,VNSTOCK_BRONZE
SPC,LATEST,balance_sheet,level,2.0,ACTUAL,VNSTOCK_BRONZE
SPC,LATEST,balance_sheet,off_balance,0.0,ACTUAL,VNSTOCK_BRONZE
SPC,LATEST,balance_sheet,value,0.0,ACTUAL,VNSTOCK_BRONZE
SPC,LATEST,balance_sheet,order,106.0,ACTUAL,VNSTOCK_BRONZE
SPC,LATEST,balance_sheet,level,2.0,ACTUAL,VNSTOCK_BRONZE
SPC,LATEST,balance_sheet,off_balance,0.0,ACTUAL,VNSTOCK_BRONZE
SPC,LATEST,balance_sheet,value,0.0,ACTUAL,VNSTOCK_BRONZE
SPC,LATEST,balance_sheet,order,107.0,ACTUAL,VNSTOCK_BRONZE
SPC,LATEST,balance_sheet,level,2.0,ACTUAL,VNSTOCK_BRONZE
SPC,LATEST,balance_sheet,off_balance,0.0,ACTUAL,VNSTOCK_BRONZE
SPC,LATEST,balance_sheet,value,0.0,ACTUAL,VNSTOCK_BRONZE
SPC,LATEST,balance_sheet,order,108.0,ACTUAL,VNSTOCK_BRONZE
SPC,LATEST,balance_sheet,level,2.0,ACTUAL,VNSTOCK_BRONZE
SPC,LATEST,balance_sheet,off_balance,0.0,ACTUAL,VNSTOCK_BRONZE
SPC,LATEST,balance_sheet,value,14202378442.0,ACTUAL,VNSTOCK_BRONZE
SPC,LATEST,balance_sheet,order,109.0,ACTUAL,VNSTOCK_BRONZE
SPC,LATEST,balance_sheet,level,2.0,ACTUAL,VNSTOCK_BRONZE
SPC,LATEST,balance_sheet,off_balance,0.0,ACTUAL,VNSTOCK_BRONZE
SPC,LATEST,balance_sheet,value,62487685785.0,ACTUAL,VNSTOCK_BRONZE
SPC,LATEST,balance_sheet,order,110.0,ACTUAL,VNSTOCK_BRONZE
SPC,LATEST,balance_sheet,level,2.0,ACTUAL,VNSTOCK_BRONZE
SPC,LATEST,balance_sheet,off_balance,0.0,ACTUAL,VNSTOCK_BRONZE
SPC,LATEST,balance_sheet,value,0.0,ACTUAL,VNSTOCK_BRONZE
SPC,LATEST,balance_sheet,order,111.0,ACTUAL,VNSTOCK_BRONZE
SPC,LATEST,balance_sheet,level,2.0,ACTUAL,VNSTOCK_BRONZE
SPC,LATEST,balance_sheet,off_balance,0.0,ACTUAL,VNSTOCK_BRONZE
SPC,LATEST,balance_sheet,value,0.0,ACTUAL,VNSTOCK_BRONZE
SPC,LATEST,balance_sheet,order,112.0,ACTUAL,VNSTOCK_BRONZE
SPC,LATEST,balance_sheet,level,2.0,ACTUAL,VNSTOCK_BRONZE
SPC,LATEST,balance_sheet,off_balance,0.0,ACTUAL,VNSTOCK_BRONZE
SPC,LATEST,balance_sheet,value,7714633895.0,ACTUAL,VNSTOCK_BRONZE
SPC,LATEST,balance_sheet,order,113.0,ACTUAL,VNSTOCK_BRONZE
SPC,LATEST,balance_sheet,level,3.0,ACTUAL,VNSTOCK_BRONZE
SPC,LATEST,balance_sheet,off_balance,0.0,ACTUAL,VNSTOCK_BRONZE
SPC,LATEST,balance_sheet,value,29318473706.0,ACTUAL,VNSTOCK_BRONZE
SPC,LATEST,balance_sheet,order,114.0,ACTUAL,VNSTOCK_BRONZE
SPC,LATEST,balance_sheet,level,3.0,ACTUAL,VNSTOCK_BRONZE
SPC,LATEST,balance_sheet,off_balance,0.0,ACTUAL,VNSTOCK_BRONZE
SPC,LATEST,balance_sheet,value,-21603839811.0,ACTUAL,VNSTOCK_BRONZE
SPC,LATEST,balance_sheet,order,115.0,ACTUAL,VNSTOCK_BRONZE
SPC,LATEST,balance_sheet,level,2.0,ACTUAL,VNSTOCK_BRONZE
SPC,LATEST,balance_sheet,off_balance,0.0,ACTUAL,VNSTOCK_BRONZE
SPC,LATEST,balance_sheet,value,9930249261.0,ACTUAL,VNSTOCK_BRONZE
SPC,LATEST,balance_sheet,order,116.0,ACTUAL,VNSTOCK_BRONZE
SPC,LATEST,balance_sheet,level,1.0,ACTUAL,VNSTOCK_BRONZE
SPC,LATEST,balance_sheet,off_balance,0.0,ACTUAL,VNSTOCK_BRONZE
SPC,LATEST,balance_sheet,value,0.0,ACTUAL,VNSTOCK_BRONZE
SPC,LATEST,balance_sheet,order,117.0,ACTUAL,VNSTOCK_BRONZE
SPC,LATEST,balance_sheet,level,2.0,ACTUAL,VNSTOCK_BRONZE
SPC,LATEST,balance_sheet,off_balance,0.0,ACTUAL,VNSTOCK_BRONZE
SPC,LATEST,balance_sheet,value,0.0,ACTUAL,VNSTOCK_BRONZE
SPC,LATEST,balance_sheet,order,118.0,ACTUAL,VNSTOCK_BRONZE
SPC,LATEST,balance_sheet,level,1.0,ACTUAL,VNSTOCK_BRONZE
SPC,LATEST,balance_sheet,off_balance,0.0,ACTUAL,VNSTOCK_BRONZE
SPC,LATEST,balance_sheet,value,519245013019.0,ACTUAL,VNSTOCK_BRONZE
SPC,LATEST,balance_sheet,order,1.0,ACTUAL,VNSTOCK_BRONZE
SPC,LATEST,balance_sheet,level,1.0,ACTUAL,VNSTOCK_BRONZE
SPC,LATEST,balance_sheet,off_balance,0.0,ACTUAL,VNSTOCK_BRONZE
SPC,LATEST,balance_sheet,value,516273918549.0,ACTUAL,VNSTOCK_BRONZE
SPC,LATEST,balance_sheet,order,2.0,ACTUAL,VNSTOCK_BRONZE
SPC,LATEST,balance_sheet,level,1.0,ACTUAL,VNSTOCK_BRONZE
SPC,LATEST,balance_sheet,off_balance,0.0,ACTUAL,VNSTOCK_BRONZE
SPC,LATEST,balance_sheet,value,14538643046.0,ACTUAL,VNSTOCK_BRONZE
SPC,LATEST,balance_sheet,order,3.0,ACTUAL,VNSTOCK_BRONZE
SPC,LATEST,balance_sheet,level,2.0,ACTUAL,VNSTOCK_BRONZE
SPC,LATEST,balance_sheet,off_balance,0.0,ACTUAL,VNSTOCK_BRONZE
SPC,LATEST,balance_sheet,value,14538643046.0,ACTUAL,VNSTOCK_BRONZE
SPC,LATEST,balance_sheet,order,4.0,ACTUAL,VNSTOCK_BRONZE
SPC,LATEST,balance_sheet,level,2.0,ACTUAL,VNSTOCK_BRONZE
SPC,LATEST,balance_sheet,off_balance,0.0,ACTUAL,VNSTOCK_BRONZE
SPC,LATEST,balance_sheet,value,0.0,ACTUAL,VNSTOCK_BRONZE
SPC,LATEST,balance_sheet,order,5.0,ACTUAL,VNSTOCK_BRONZE
SPC,LATEST,balance_sheet,level,1.0,ACTUAL,VNSTOCK_BRONZE
SPC,LATEST,balance_sheet,off_balance,0.0,ACTUAL,VNSTOCK_BRONZE
SPC,LATEST,balance_sheet,value,0.0,ACTUAL,VNSTOCK_BRONZE
SPC,LATEST,balance_sheet,order,6.0,ACTUAL,VNSTOCK_BRONZE
SPC,LATEST,balance_sheet,level,2.0,ACTUAL,VNSTOCK_BRONZE
SPC,LATEST,balance_sheet,off_balance,0.0,ACTUAL,VNSTOCK_BRONZE
SPC,LATEST,balance_sheet,value,0.0,ACTUAL,VNSTOCK_BRONZE
SPC,LATEST,balance_sheet,order,7.0,ACTUAL,VNSTOCK_BRONZE
SPC,LATEST,balance_sheet,level,2.0,ACTUAL,VNSTOCK_BRONZE
SPC,LATEST,balance_sheet,off_balance,0.0,ACTUAL,VNSTOCK_BRONZE
SPC,LATEST,balance_sheet,value,0.0,ACTUAL,VNSTOCK_BRONZE
SPC,LATEST,balance_sheet,order,8.0,ACTUAL,VNSTOCK_BRONZE
SPC,LATEST,balance_sheet,level,2.0,ACTUAL,VNSTOCK_BRONZE
SPC,LATEST,balance_sheet,off_balance,0.0,ACTUAL,VNSTOCK_BRONZE
SPC,LATEST,balance_sheet,value,0.0,ACTUAL,VNSTOCK_BRONZE
SPC,LATEST,balance_sheet,order,9.0,ACTUAL,VNSTOCK_BRONZE
SPC,LATEST,balance_sheet,level,1.0,ACTUAL,VNSTOCK_BRONZE
SPC,LATEST,balance_sheet,off_balance,0.0,ACTUAL,VNSTOCK_BRONZE
SPC,LATEST,balance_sheet,value,129178867994.0,ACTUAL,VNSTOCK_BRONZE
SPC,LATEST,balance_sheet,order,10.0,ACTUAL,VNSTOCK_BRONZE
SPC,LATEST,balance_sheet,level,2.0,ACTUAL,VNSTOCK_BRONZE
SPC,LATEST,balance_sheet,off_balance,0.0,ACTUAL,VNSTOCK_BRONZE
SPC,LATEST,balance_sheet,value,130133179166.0,ACTUAL,VNSTOCK_BRONZE
SPC,LATEST,balance_sheet,order,11.0,ACTUAL,VNSTOCK_BRONZE
SPC,LATEST,balance_sheet,level,2.0,ACTUAL,VNSTOCK_BRONZE
SPC,LATEST,balance_sheet,off_balance,0.0,ACTUAL,VNSTOCK_BRONZE
SPC,LATEST,balance_sheet,value,1251134096.0,ACTUAL,VNSTOCK_BRONZE
SPC,LATEST,balance_sheet,order,12.0,ACTUAL,VNSTOCK_BRONZE
SPC,LATEST,balance_sheet,level,2.0,ACTUAL,VNSTOCK_BRONZE
SPC,LATEST,balance_sheet,off_balance,0.0,ACTUAL,VNSTOCK_BRONZE
SPC,LATEST,balance_sheet,value,0.0,ACTUAL,VNSTOCK_BRONZE
SPC,LATEST,balance_sheet,order,13.0,ACTUAL,VNSTOCK_BRONZE
SPC,LATEST,balance_sheet,level,2.0,ACTUAL,VNSTOCK_BRONZE
SPC,LATEST,balance_sheet,off_balance,0.0,ACTUAL,VNSTOCK_BRONZE
SPC,LATEST,balance_sheet,value,0.0,ACTUAL,VNSTOCK_BRONZE
SPC,LATEST,balance_sheet,order,14.0,ACTUAL,VNSTOCK_BRONZE
SPC,LATEST,balance_sheet,level,2.0,ACTUAL,VNSTOCK_BRONZE
SPC,LATEST,balance_sheet,off_balance,0.0,ACTUAL,VNSTOCK_BRONZE
SPC,LATEST,balance_sheet,value,0.0,ACTUAL,VNSTOCK_BRONZE
SPC,LATEST,balance_sheet,order,15.0,ACTUAL,VNSTOCK_BRONZE
SPC,LATEST,balance_sheet,level,2.0,ACTUAL,VNSTOCK_BRONZE
SPC,LATEST,balance_sheet,off_balance,0.0,ACTUAL,VNSTOCK_BRONZE
SPC,LATEST,balance_sheet,value,13420140466.0,ACTUAL,VNSTOCK_BRONZE
SPC,LATEST,balance_sheet,order,16.0,ACTUAL,VNSTOCK_BRONZE
SPC,LATEST,balance_sheet,level,2.0,ACTUAL,VNSTOCK_BRONZE
SPC,LATEST,balance_sheet,off_balance,0.0,ACTUAL,VNSTOCK_BRONZE
SPC,LATEST,balance_sheet,value,-15625585734.0,ACTUAL,VNSTOCK_BRONZE
SPC,LATEST,balance_sheet,order,17.0,ACTUAL,VNSTOCK_BRONZE
SPC,LATEST,balance_sheet,level,2.0,ACTUAL,VNSTOCK_BRONZE
SPC,LATEST,balance_sheet,off_balance,0.0,ACTUAL,VNSTOCK_BRONZE
SPC,LATEST,balance_sheet,value,0.0,ACTUAL,VNSTOCK_BRONZE
SPC,LATEST,balance_sheet,order,18.0,ACTUAL,VNSTOCK_BRONZE
SPC,LATEST,balance_sheet,level,1.0,ACTUAL,VNSTOCK_BRONZE
SPC,LATEST,balance_sheet,off_balance,0.0,ACTUAL,VNSTOCK_BRONZE
SPC,LATEST,balance_sheet,value,351528811737.0,ACTUAL,VNSTOCK_BRONZE
SPC,LATEST,balance_sheet,order,19.0,ACTUAL,VNSTOCK_BRONZE
SPC,LATEST,balance_sheet,level,2.0,ACTUAL,VNSTOCK_BRONZE
SPC,LATEST,balance_sheet,off_balance,0.0,ACTUAL,VNSTOCK_BRONZE
SPC,LATEST,balance_sheet,value,353443229543.0,ACTUAL,VNSTOCK_BRONZE
SPC,LATEST,balance_sheet,order,20.0,ACTUAL,VNSTOCK_BRONZE
SPC,LATEST,balance_sheet,level,2.0,ACTUAL,VNSTOCK_BRONZE
SPC,LATEST,balance_sheet,off_balance,0.0,ACTUAL,VNSTOCK_BRONZE
SPC,LATEST,balance_sheet,value,-1914417806.0,ACTUAL,VNSTOCK_BRONZE
SPC,LATEST,balance_sheet,order,21.0,ACTUAL,VNSTOCK_BRONZE
SPC,LATEST,balance_sheet,level,1.0,ACTUAL,VNSTOCK_BRONZE
SPC,LATEST,balance_sheet,off_balance,0.0,ACTUAL,VNSTOCK_BRONZE
SPC,LATEST,balance_sheet,value,21027595772.0,ACTUAL,VNSTOCK_BRONZE
SPC,LATEST,balance_sheet,order,22.0,ACTUAL,VNSTOCK_BRONZE
SPC,LATEST,balance_sheet,level,2.0,ACTUAL,VNSTOCK_BRONZE
SPC,LATEST,balance_sheet,off_balance,0.0,ACTUAL,VNSTOCK_BRONZE
SPC,LATEST,balance_sheet,value,680551146.0,ACTUAL,VNSTOCK_BRONZE
SPC,LATEST,balance_sheet,order,23.0,ACTUAL,VNSTOCK_BRONZE
SPC,LATEST,balance_sheet,level,2.0,ACTUAL,VNSTOCK_BRONZE
SPC,LATEST,balance_sheet,off_balance,0.0,ACTUAL,VNSTOCK_BRONZE
SPC,LATEST,balance_sheet,value,19374183710.0,ACTUAL,VNSTOCK_BRONZE
SPC,LATEST,balance_sheet,order,24.0,ACTUAL,VNSTOCK_BRONZE
SPC,LATEST,balance_sheet,level,2.0,ACTUAL,VNSTOCK_BRONZE
SPC,LATEST,balance_sheet,off_balance,0.0,ACTUAL,VNSTOCK_BRONZE
SPC,LATEST,balance_sheet,value,972860916.0,ACTUAL,VNSTOCK_BRONZE
SPC,LATEST,balance_sheet,order,25.0,ACTUAL,VNSTOCK_BRONZE
SPC,LATEST,balance_sheet,level,2.0,ACTUAL,VNSTOCK_BRONZE
SPC,LATEST,balance_sheet,off_balance,0.0,ACTUAL,VNSTOCK_BRONZE
SPC,LATEST,balance_sheet,value,0.0,ACTUAL,VNSTOCK_BRONZE
SPC,LATEST,balance_sheet,order,26.0,ACTUAL,VNSTOCK_BRONZE
SPC,LATEST,balance_sheet,level,1.0,ACTUAL,VNSTOCK_BRONZE
SPC,LATEST,balance_sheet,off_balance,0.0,ACTUAL,VNSTOCK_BRONZE
SPC,LATEST,balance_sheet,value,52377202723.0,ACTUAL,VNSTOCK_BRONZE
SPC,LATEST,balance_sheet,order,27.0,ACTUAL,VNSTOCK_BRONZE
SPC,LATEST,balance_sheet,level,1.0,ACTUAL,VNSTOCK_BRONZE
SPC,LATEST,balance_sheet,off_balance,0.0,ACTUAL,VNSTOCK_BRONZE
SPC,LATEST,balance_sheet,value,891767500.0,ACTUAL,VNSTOCK_BRONZE
SPC,LATEST,balance_sheet,order,28.0,ACTUAL,VNSTOCK_BRONZE
SPC,LATEST,balance_sheet,level,2.0,ACTUAL,VNSTOCK_BRONZE
SPC,LATEST,balance_sheet,off_balance,0.0,ACTUAL,VNSTOCK_BRONZE
SPC,LATEST,balance_sheet,value,0.0,ACTUAL,VNSTOCK_BRONZE
SPC,LATEST,balance_sheet,order,29.0,ACTUAL,VNSTOCK_BRONZE
SPC,LATEST,balance_sheet,level,2.0,ACTUAL,VNSTOCK_BRONZE
SPC,LATEST,balance_sheet,off_balance,0.0,ACTUAL,VNSTOCK_BRONZE
SPC,LATEST,balance_sheet,value,0.0,ACTUAL,VNSTOCK_BRONZE
SPC,LATEST,balance_sheet,order,30.0,ACTUAL,VNSTOCK_BRONZE
SPC,LATEST,balance_sheet,level,2.0,ACTUAL,VNSTOCK_BRONZE
SPC,LATEST,balance_sheet,off_balance,0.0,ACTUAL,VNSTOCK_BRONZE
SPC,LATEST,balance_sheet,value,0.0,ACTUAL,VNSTOCK_BRONZE
SPC,LATEST,balance_sheet,order,31.0,ACTUAL,VNSTOCK_BRONZE
SPC,LATEST,balance_sheet,level,2.0,ACTUAL,VNSTOCK_BRONZE
SPC,LATEST,balance_sheet,off_balance,0.0,ACTUAL,VNSTOCK_BRONZE
SPC,LATEST,balance_sheet,value,0.0,ACTUAL,VNSTOCK_BRONZE
SPC,LATEST,balance_sheet,order,32.0,ACTUAL,VNSTOCK_BRONZE
SPC,LATEST,balance_sheet,level,2.0,ACTUAL,VNSTOCK_BRONZE
SPC,LATEST,balance_sheet,off_balance,0.0,ACTUAL,VNSTOCK_BRONZE
SPC,LATEST,balance_sheet,value,891767500.0,ACTUAL,VNSTOCK_BRONZE
SPC,LATEST,balance_sheet,order,33.0,ACTUAL,VNSTOCK_BRONZE
SPC,LATEST,balance_sheet,level,2.0,ACTUAL,VNSTOCK_BRONZE
SPC,LATEST,balance_sheet,off_balance,0.0,ACTUAL,VNSTOCK_BRONZE
SPC,LATEST,balance_sheet,value,-0.0,ACTUAL,VNSTOCK_BRONZE
SPC,LATEST,balance_sheet,order,34.0,ACTUAL,VNSTOCK_BRONZE
SPC,LATEST,balance_sheet,level,1.0,ACTUAL,VNSTOCK_BRONZE
SPC,LATEST,balance_sheet,off_balance,0.0,ACTUAL,VNSTOCK_BRONZE
SPC,LATEST,balance_sheet,value,32368169190.0,ACTUAL,VNSTOCK_BRONZE
SPC,LATEST,balance_sheet,order,35.0,ACTUAL,VNSTOCK_BRONZE
SPC,LATEST,balance_sheet,level,2.0,ACTUAL,VNSTOCK_BRONZE
SPC,LATEST,balance_sheet,off_balance,0.0,ACTUAL,VNSTOCK_BRONZE
SPC,LATEST,balance_sheet,value,25602904666.0,ACTUAL,VNSTOCK_BRONZE
SPC,LATEST,balance_sheet,order,36.0,ACTUAL,VNSTOCK_BRONZE
SPC,LATEST,balance_sheet,level,3.0,ACTUAL,VNSTOCK_BRONZE
SPC,LATEST,balance_sheet,off_balance,0.0,ACTUAL,VNSTOCK_BRONZE
SPC,LATEST,balance_sheet,value,147708864402.0,ACTUAL,VNSTOCK_BRONZE
SPC,LATEST,balance_sheet,order,37.0,ACTUAL,VNSTOCK_BRONZE
SPC,LATEST,balance_sheet,level,3.0,ACTUAL,VNSTOCK_BRONZE
SPC,LATEST,balance_sheet,off_balance,0.0,ACTUAL,VNSTOCK_BRONZE
SPC,LATEST,balance_sheet,value,-122105959736.0,ACTUAL,VNSTOCK_BRONZE
SPC,LATEST,balance_sheet,order,38.0,ACTUAL,VNSTOCK_BRONZE
SPC,LATEST,balance_sheet,level,2.0,ACTUAL,VNSTOCK_BRONZE
SPC,LATEST,balance_sheet,off_balance,0.0,ACTUAL,VNSTOCK_BRONZE
SPC,LATEST,balance_sheet,value,1853608121.0,ACTUAL,VNSTOCK_BRONZE
SPC,LATEST,balance_sheet,order,39.0,ACTUAL,VNSTOCK_BRONZE
SPC,LATEST,balance_sheet,level,3.0,ACTUAL,VNSTOCK_BRONZE
SPC,LATEST,balance_sheet,off_balance,0.0,ACTUAL,VNSTOCK_BRONZE
SPC,LATEST,balance_sheet,value,6008312210.0,ACTUAL,VNSTOCK_BRONZE
SPC,LATEST,balance_sheet,order,40.0,ACTUAL,VNSTOCK_BRONZE
SPC,LATEST,balance_sheet,level,3.0,ACTUAL,VNSTOCK_BRONZE
SPC,LATEST,balance_sheet,off_balance,0.0,ACTUAL,VNSTOCK_BRONZE
SPC,LATEST,balance_sheet,value,-4154704089.0,ACTUAL,VNSTOCK_BRONZE
SPC,LATEST,balance_sheet,order,41.0,ACTUAL,VNSTOCK_BRONZE
SPC,LATEST,balance_sheet,level,2.0,ACTUAL,VNSTOCK_BRONZE
SPC,LATEST,balance_sheet,off_balance,0.0,ACTUAL,VNSTOCK_BRONZE
SPC,LATEST,balance_sheet,value,4911656403.0,ACTUAL,VNSTOCK_BRONZE
SPC,LATEST,balance_sheet,order,42.0,ACTUAL,VNSTOCK_BRONZE
SPC,LATEST,balance_sheet,level,3.0,ACTUAL,VNSTOCK_BRONZE
SPC,LATEST,balance_sheet,off_balance,0.0,ACTUAL,VNSTOCK_BRONZE
SPC,LATEST,balance_sheet,value,9261423802.0,ACTUAL,VNSTOCK_BRONZE
SPC,LATEST,balance_sheet,order,43.0,ACTUAL,VNSTOCK_BRONZE
SPC,LATEST,balance_sheet,level,3.0,ACTUAL,VNSTOCK_BRONZE
SPC,LATEST,balance_sheet,off_balance,0.0,ACTUAL,VNSTOCK_BRONZE
SPC,LATEST,balance_sheet,value,-4349767399.0,ACTUAL,VNSTOCK_BRONZE
SPC,LATEST,balance_sheet,order,44.0,ACTUAL,VNSTOCK_BRONZE
SPC,LATEST,balance_sheet,level,1.0,ACTUAL,VNSTOCK_BRONZE
SPC,LATEST,balance_sheet,off_balance,0.0,ACTUAL,VNSTOCK_BRONZE
SPC,LATEST,balance_sheet,value,475383272.0,ACTUAL,VNSTOCK_BRONZE
SPC,LATEST,balance_sheet,order,45.0,ACTUAL,VNSTOCK_BRONZE
SPC,LATEST,balance_sheet,level,2.0,ACTUAL,VNSTOCK_BRONZE
SPC,LATEST,balance_sheet,off_balance,0.0,ACTUAL,VNSTOCK_BRONZE
SPC,LATEST,balance_sheet,value,2381697159.0,ACTUAL,VNSTOCK_BRONZE
SPC,LATEST,balance_sheet,order,46.0,ACTUAL,VNSTOCK_BRONZE
SPC,LATEST,balance_sheet,level,2.0,ACTUAL,VNSTOCK_BRONZE
SPC,LATEST,balance_sheet,off_balance,0.0,ACTUAL,VNSTOCK_BRONZE
SPC,LATEST,balance_sheet,value,-1906313887.0,ACTUAL,VNSTOCK_BRONZE
SPC,LATEST,balance_sheet,order,47.0,ACTUAL,VNSTOCK_BRONZE
SPC,LATEST,balance_sheet,level,1.0,ACTUAL,VNSTOCK_BRONZE
SPC,LATEST,balance_sheet,off_balance,0.0,ACTUAL,VNSTOCK_BRONZE
SPC,LATEST,balance_sheet,value,4749720417.0,ACTUAL,VNSTOCK_BRONZE
SPC,LATEST,balance_sheet,order,48.0,ACTUAL,VNSTOCK_BRONZE
SPC,LATEST,balance_sheet,level,2.0,ACTUAL,VNSTOCK_BRONZE
SPC,LATEST,balance_sheet,off_balance,0.0,ACTUAL,VNSTOCK_BRONZE
SPC,LATEST,balance_sheet,value,0.0,ACTUAL,VNSTOCK_BRONZE
SPC,LATEST,balance_sheet,order,49.0,ACTUAL,VNSTOCK_BRONZE
SPC,LATEST,balance_sheet,level,2.0,ACTUAL,VNSTOCK_BRONZE
SPC,LATEST,balance_sheet,off_balance,0.0,ACTUAL,VNSTOCK_BRONZE
SPC,LATEST,balance_sheet,value,4749720417.0,ACTUAL,VNSTOCK_BRONZE
SPC,LATEST,balance_sheet,order,50.0,ACTUAL,VNSTOCK_BRONZE
SPC,LATEST,balance_sheet,level,1.0,ACTUAL,VNSTOCK_BRONZE
SPC,LATEST,balance_sheet,off_balance,0.0,ACTUAL,VNSTOCK_BRONZE
SPC,LATEST,balance_sheet,value,0.0,ACTUAL,VNSTOCK_BRONZE
SPC,LATEST,balance_sheet,order,51.0,ACTUAL,VNSTOCK_BRONZE
SPC,LATEST,balance_sheet,level,2.0,ACTUAL,VNSTOCK_BRONZE
SPC,LATEST,balance_sheet,off_balance,0.0,ACTUAL,VNSTOCK_BRONZE
SPC,LATEST,balance_sheet,value,0.0,ACTUAL,VNSTOCK_BRONZE
SPC,LATEST,balance_sheet,order,52.0,ACTUAL,VNSTOCK_BRONZE
SPC,LATEST,balance_sheet,level,2.0,ACTUAL,VNSTOCK_BRONZE
SPC,LATEST,balance_sheet,off_balance,0.0,ACTUAL,VNSTOCK_BRONZE
SPC,LATEST,balance_sheet,value,0.0,ACTUAL,VNSTOCK_BRONZE
SPC,LATEST,balance_sheet,order,53.0,ACTUAL,VNSTOCK_BRONZE
SPC,LATEST,balance_sheet,level,2.0,ACTUAL,VNSTOCK_BRONZE
SPC,LATEST,balance_sheet,off_balance,0.0,ACTUAL,VNSTOCK_BRONZE
SPC,LATEST,balance_sheet,value,0.0,ACTUAL,VNSTOCK_BRONZE
SPC,LATEST,balance_sheet,order,54.0,ACTUAL,VNSTOCK_BRONZE
SPC,LATEST,balance_sheet,level,2.0,ACTUAL,VNSTOCK_BRONZE
SPC,LATEST,balance_sheet,off_balance,0.0,ACTUAL,VNSTOCK_BRONZE
SPC,LATEST,balance_sheet,value,0.0,ACTUAL,VNSTOCK_BRONZE
SPC,LATEST,balance_sheet,order,55.0,ACTUAL,VNSTOCK_BRONZE
SPC,LATEST,balance_sheet,level,2.0,ACTUAL,VNSTOCK_BRONZE
SPC,LATEST,balance_sheet,off_balance,0.0,ACTUAL,VNSTOCK_BRONZE
SPC,LATEST,balance_sheet,value,0.0,ACTUAL,VNSTOCK_BRONZE
SPC,LATEST,balance_sheet,order,56.0,ACTUAL,VNSTOCK_BRONZE
SPC,LATEST,balance_sheet,level,1.0,ACTUAL,VNSTOCK_BRONZE
SPC,LATEST,balance_sheet,off_balance,0.0,ACTUAL,VNSTOCK_BRONZE
SPC,LATEST,balance_sheet,value,13892162344.0,ACTUAL,VNSTOCK_BRONZE
SPC,LATEST,balance_sheet,order,57.0,ACTUAL,VNSTOCK_BRONZE
SPC,LATEST,balance_sheet,level,2.0,ACTUAL,VNSTOCK_BRONZE
SPC,LATEST,balance_sheet,off_balance,0.0,ACTUAL,VNSTOCK_BRONZE
SPC,LATEST,balance_sheet,value,0.0,ACTUAL,VNSTOCK_BRONZE
SPC,LATEST,balance_sheet,order,58.0,ACTUAL,VNSTOCK_BRONZE
SPC,LATEST,balance_sheet,level,2.0,ACTUAL,VNSTOCK_BRONZE
SPC,LATEST,balance_sheet,off_balance,0.0,ACTUAL,VNSTOCK_BRONZE
SPC,LATEST,balance_sheet,value,13892162344.0,ACTUAL,VNSTOCK_BRONZE
SPC,LATEST,balance_sheet,order,59.0,ACTUAL,VNSTOCK_BRONZE
SPC,LATEST,balance_sheet,level,2.0,ACTUAL,VNSTOCK_BRONZE
SPC,LATEST,balance_sheet,off_balance,0.0,ACTUAL,VNSTOCK_BRONZE
SPC,LATEST,balance_sheet,value,0.0,ACTUAL,VNSTOCK_BRONZE
SPC,LATEST,balance_sheet,order,60.0,ACTUAL,VNSTOCK_BRONZE
SPC,LATEST,balance_sheet,level,2.0,ACTUAL,VNSTOCK_BRONZE
SPC,LATEST,balance_sheet,off_balance,0.0,ACTUAL,VNSTOCK_BRONZE
SPC,LATEST,balance_sheet,value,0.0,ACTUAL,VNSTOCK_BRONZE
SPC,LATEST,balance_sheet,order,61.0,ACTUAL,VNSTOCK_BRONZE
SPC,LATEST,balance_sheet,level,2.0,ACTUAL,VNSTOCK_BRONZE
SPC,LATEST,balance_sheet,off_balance,0.0,ACTUAL,VNSTOCK_BRONZE
SPC,LATEST,balance_sheet,value,0.0,ACTUAL,VNSTOCK_BRONZE
SPC,LATEST,balance_sheet,order,62.0,ACTUAL,VNSTOCK_BRONZE
SPC,LATEST,balance_sheet,level,2.0,ACTUAL,VNSTOCK_BRONZE
SPC,LATEST,balance_sheet,off_balance,0.0,ACTUAL,VNSTOCK_BRONZE
SPC,LATEST,balance_sheet,value,0.0,ACTUAL,VNSTOCK_BRONZE
SPC,LATEST,balance_sheet,order,63.0,ACTUAL,VNSTOCK_BRONZE
SPC,LATEST,balance_sheet,level,1.0,ACTUAL,VNSTOCK_BRONZE
SPC,LATEST,balance_sheet,off_balance,0.0,ACTUAL,VNSTOCK_BRONZE
SPC,LATEST,balance_sheet,value,568651121272.0,ACTUAL,VNSTOCK_BRONZE
SPC,LATEST,balance_sheet,order,64.0,ACTUAL,VNSTOCK_BRONZE
SPC,LATEST,balance_sheet,level,1.0,ACTUAL,VNSTOCK_BRONZE
SPC,LATEST,balance_sheet,off_balance,0.0,ACTUAL,VNSTOCK_BRONZE
SPC,LATEST,balance_sheet,value,352088577885.0,ACTUAL,VNSTOCK_BRONZE
SPC,LATEST,balance_sheet,order,65.0,ACTUAL,VNSTOCK_BRONZE
SPC,LATEST,balance_sheet,level,1.0,ACTUAL,VNSTOCK_BRONZE
SPC,LATEST,balance_sheet,off_balance,0.0,ACTUAL,VNSTOCK_BRONZE
SPC,LATEST,balance_sheet,value,342482991006.0,ACTUAL,VNSTOCK_BRONZE
SPC,LATEST,balance_sheet,order,66.0,ACTUAL,VNSTOCK_BRONZE
SPC,LATEST,balance_sheet,level,2.0,ACTUAL,VNSTOCK_BRONZE
SPC,LATEST,balance_sheet,off_balance,0.0,ACTUAL,VNSTOCK_BRONZE
SPC,LATEST,balance_sheet,value,0.0,ACTUAL,VNSTOCK_BRONZE
SPC,LATEST,balance_sheet,order,67.0,ACTUAL,VNSTOCK_BRONZE
SPC,LATEST,balance_sheet,level,2.0,ACTUAL,VNSTOCK_BRONZE
SPC,LATEST,balance_sheet,off_balance,0.0,ACTUAL,VNSTOCK_BRONZE
SPC,LATEST,balance_sheet,value,0.0,ACTUAL,VNSTOCK_BRONZE
SPC,LATEST,balance_sheet,order,68.0,ACTUAL,VNSTOCK_BRONZE
SPC,LATEST,balance_sheet,level,2.0,ACTUAL,VNSTOCK_BRONZE
SPC,LATEST,balance_sheet,off_balance,0.0,ACTUAL,VNSTOCK_BRONZE
SPC,LATEST,balance_sheet,value,0.0,ACTUAL,VNSTOCK_BRONZE
SPC,LATEST,balance_sheet,order,69.0,ACTUAL,VNSTOCK_BRONZE
SPC,LATEST,balance_sheet,level,2.0,ACTUAL,VNSTOCK_BRONZE
SPC,LATEST,balance_sheet,off_balance,0.0,ACTUAL,VNSTOCK_BRONZE
SPC,LATEST,balance_sheet,value,149550643818.0,ACTUAL,VNSTOCK_BRONZE
SPC,LATEST,balance_sheet,order,70.0,ACTUAL,VNSTOCK_BRONZE
SPC,LATEST,balance_sheet,level,2.0,ACTUAL,VNSTOCK_BRONZE
SPC,LATEST,balance_sheet,off_balance,0.0,ACTUAL,VNSTOCK_BRONZE
SPC,LATEST,balance_sheet,value,3668150488.0,ACTUAL,VNSTOCK_BRONZE
SPC,LATEST,balance_sheet,order,71.0,ACTUAL,VNSTOCK_BRONZE
SPC,LATEST,balance_sheet,level,2.0,ACTUAL,VNSTOCK_BRONZE
SPC,LATEST,balance_sheet,off_balance,0.0,ACTUAL,VNSTOCK_BRONZE
SPC,LATEST,balance_sheet,value,3819836370.0,ACTUAL,VNSTOCK_BRONZE
SPC,LATEST,balance_sheet,order,72.0,ACTUAL,VNSTOCK_BRONZE
SPC,LATEST,balance_sheet,level,2.0,ACTUAL,VNSTOCK_BRONZE
SPC,LATEST,balance_sheet,off_balance,0.0,ACTUAL,VNSTOCK_BRONZE
SPC,LATEST,balance_sheet,value,2722500838.0,ACTUAL,VNSTOCK_BRONZE
SPC,LATEST,balance_sheet,order,73.0,ACTUAL,VNSTOCK_BRONZE
SPC,LATEST,balance_sheet,level,2.0,ACTUAL,VNSTOCK_BRONZE
SPC,LATEST,balance_sheet,off_balance,0.0,ACTUAL,VNSTOCK_BRONZE
SPC,LATEST,balance_sheet,value,0.0,ACTUAL,VNSTOCK_BRONZE
SPC,LATEST,balance_sheet,order,74.0,ACTUAL,VNSTOCK_BRONZE
SPC,LATEST,balance_sheet,level,2.0,ACTUAL,VNSTOCK_BRONZE
SPC,LATEST,balance_sheet,off_balance,0.0,ACTUAL,VNSTOCK_BRONZE
SPC,LATEST,balance_sheet,value,0.0,ACTUAL,VNSTOCK_BRONZE
SPC,LATEST,balance_sheet,order,75.0,ACTUAL,VNSTOCK_BRONZE
SPC,LATEST,balance_sheet,level,2.0,ACTUAL,VNSTOCK_BRONZE
SPC,LATEST,balance_sheet,off_balance,0.0,ACTUAL,VNSTOCK_BRONZE
SPC,LATEST,balance_sheet,value,0.0,ACTUAL,VNSTOCK_BRONZE
SPC,LATEST,balance_sheet,order,76.0,ACTUAL,VNSTOCK_BRONZE
SPC,LATEST,balance_sheet,level,2.0,ACTUAL,VNSTOCK_BRONZE
SPC,LATEST,balance_sheet,off_balance,0.0,ACTUAL,VNSTOCK_BRONZE
SPC,LATEST,balance_sheet,value,13515159239.0,ACTUAL,VNSTOCK_BRONZE
SPC,LATEST,balance_sheet,order,77.0,ACTUAL,VNSTOCK_BRONZE
SPC,LATEST,balance_sheet,level,2.0,ACTUAL,VNSTOCK_BRONZE
SPC,LATEST,balance_sheet,off_balance,0.0,ACTUAL,VNSTOCK_BRONZE
SPC,LATEST,balance_sheet,value,169194062298.0,ACTUAL,VNSTOCK_BRONZE
SPC,LATEST,balance_sheet,order,78.0,ACTUAL,VNSTOCK_BRONZE
SPC,LATEST,balance_sheet,level,2.0,ACTUAL,VNSTOCK_BRONZE
SPC,LATEST,balance_sheet,off_balance,0.0,ACTUAL,VNSTOCK_BRONZE
SPC,LATEST,balance_sheet,value,0.0,ACTUAL,VNSTOCK_BRONZE
SPC,LATEST,balance_sheet,order,79.0,ACTUAL,VNSTOCK_BRONZE
SPC,LATEST,balance_sheet,level,2.0,ACTUAL,VNSTOCK_BRONZE
SPC,LATEST,balance_sheet,off_balance,0.0,ACTUAL,VNSTOCK_BRONZE
SPC,LATEST,balance_sheet,value,12637955.0,ACTUAL,VNSTOCK_BRONZE
SPC,LATEST,balance_sheet,order,80.0,ACTUAL,VNSTOCK_BRONZE
SPC,LATEST,balance_sheet,level,2.0,ACTUAL,VNSTOCK_BRONZE
SPC,LATEST,balance_sheet,off_balance,0.0,ACTUAL,VNSTOCK_BRONZE
SPC,LATEST,balance_sheet,value,0.0,ACTUAL,VNSTOCK_BRONZE
SPC,LATEST,balance_sheet,order,81.0,ACTUAL,VNSTOCK_BRONZE
SPC,LATEST,balance_sheet,level,2.0,ACTUAL,VNSTOCK_BRONZE
SPC,LATEST,balance_sheet,off_balance,0.0,ACTUAL,VNSTOCK_BRONZE
SPC,LATEST,balance_sheet,value,0.0,ACTUAL,VNSTOCK_BRONZE
SPC,LATEST,balance_sheet,order,82.0,ACTUAL,VNSTOCK_BRONZE
SPC,LATEST,balance_sheet,level,1.0,ACTUAL,VNSTOCK_BRONZE
SPC,LATEST,balance_sheet,off_balance,0.0,ACTUAL,VNSTOCK_BRONZE
SPC,LATEST,balance_sheet,value,9605586879.0,ACTUAL,VNSTOCK_BRONZE
SPC,LATEST,balance_sheet,order,83.0,ACTUAL,VNSTOCK_BRONZE
SPC,LATEST,balance_sheet,level,2.0,ACTUAL,VNSTOCK_BRONZE
SPC,LATEST,balance_sheet,off_balance,0.0,ACTUAL,VNSTOCK_BRONZE
SPC,LATEST,balance_sheet,value,0.0,ACTUAL,VNSTOCK_BRONZE
SPC,LATEST,balance_sheet,order,84.0,ACTUAL,VNSTOCK_BRONZE
SPC,LATEST,balance_sheet,level,2.0,ACTUAL,VNSTOCK_BRONZE
SPC,LATEST,balance_sheet,off_balance,0.0,ACTUAL,VNSTOCK_BRONZE
SPC,LATEST,balance_sheet,order,85.0,ACTUAL,VNSTOCK_BRONZE
SPC,LATEST,balance_sheet,level,2.0,ACTUAL,VNSTOCK_BRONZE
SPC,LATEST,balance_sheet,off_balance,0.0,ACTUAL,VNSTOCK_BRONZE
SPC,LATEST,balance_sheet,value,0.0,ACTUAL,VNSTOCK_BRONZE
SPC,LATEST,balance_sheet,order,86.0,ACTUAL,VNSTOCK_BRONZE
SPC,LATEST,balance_sheet,level,2.0,ACTUAL,VNSTOCK_BRONZE
SPC,LATEST,balance_sheet,off_balance,0.0,ACTUAL,VNSTOCK_BRONZE
SPC,LATEST,balance_sheet,value,0.0,ACTUAL,VNSTOCK_BRONZE
SPC,LATEST,balance_sheet,order,87.0,ACTUAL,VNSTOCK_BRONZE
SPC,LATEST,balance_sheet,level,2.0,ACTUAL,VNSTOCK_BRONZE
SPC,LATEST,balance_sheet,off_balance,0.0,ACTUAL,VNSTOCK_BRONZE
SPC,LATEST,balance_sheet,value,0.0,ACTUAL,VNSTOCK_BRONZE
SPC,LATEST,balance_sheet,order,88.0,ACTUAL,VNSTOCK_BRONZE
SPC,LATEST,balance_sheet,level,2.0,ACTUAL,VNSTOCK_BRONZE
SPC,LATEST,balance_sheet,off_balance,0.0,ACTUAL,VNSTOCK_BRONZE
SPC,LATEST,balance_sheet,value,0.0,ACTUAL,VNSTOCK_BRONZE
SPC,LATEST,balance_sheet,order,89.0,ACTUAL,VNSTOCK_BRONZE
SPC,LATEST,balance_sheet,level,2.0,ACTUAL,VNSTOCK_BRONZE
SPC,LATEST,balance_sheet,off_balance,0.0,ACTUAL,VNSTOCK_BRONZE
SPC,LATEST,balance_sheet,value,0.0,ACTUAL,VNSTOCK_BRONZE
SPC,LATEST,balance_sheet,order,90.0,ACTUAL,VNSTOCK_BRONZE
SPC,LATEST,balance_sheet,level,2.0,ACTUAL,VNSTOCK_BRONZE
SPC,LATEST,balance_sheet,off_balance,0.0,ACTUAL,VNSTOCK_BRONZE
SPC,LATEST,balance_sheet,value,1844654000.0,ACTUAL,VNSTOCK_BRONZE
SPC,LATEST,balance_sheet,order,91.0,ACTUAL,VNSTOCK_BRONZE
SPC,LATEST,balance_sheet,level,2.0,ACTUAL,VNSTOCK_BRONZE
SPC,LATEST,balance_sheet,off_balance,0.0,ACTUAL,VNSTOCK_BRONZE
SPC,LATEST,balance_sheet,value,4318271356.0,ACTUAL,VNSTOCK_BRONZE
SPC,LATEST,balance_sheet,order,92.0,ACTUAL,VNSTOCK_BRONZE
SPC,LATEST,balance_sheet,level,2.0,ACTUAL,VNSTOCK_BRONZE
SPC,LATEST,balance_sheet,off_balance,0.0,ACTUAL,VNSTOCK_BRONZE
SPC,LATEST,balance_sheet,value,0.0,ACTUAL,VNSTOCK_BRONZE
SPC,LATEST,balance_sheet,order,93.0,ACTUAL,VNSTOCK_BRONZE
SPC,LATEST,balance_sheet,level,2.0,ACTUAL,VNSTOCK_BRONZE
SPC,LATEST,balance_sheet,off_balance,0.0,ACTUAL,VNSTOCK_BRONZE
SPC,LATEST,balance_sheet,value,3442661523.0,ACTUAL,VNSTOCK_BRONZE
SPC,LATEST,balance_sheet,order,94.0,ACTUAL,VNSTOCK_BRONZE
SPC,LATEST,balance_sheet,level,2.0,ACTUAL,VNSTOCK_BRONZE
SPC,LATEST,balance_sheet,off_balance,0.0,ACTUAL,VNSTOCK_BRONZE
SPC,LATEST,balance_sheet,value,0.0,ACTUAL,VNSTOCK_BRONZE
SPC,LATEST,balance_sheet,order,95.0,ACTUAL,VNSTOCK_BRONZE
SPC,LATEST,balance_sheet,level,2.0,ACTUAL,VNSTOCK_BRONZE
SPC,LATEST,balance_sheet,off_balance,0.0,ACTUAL,VNSTOCK_BRONZE
SPC,LATEST,balance_sheet,value,0.0,ACTUAL,VNSTOCK_BRONZE
SPC,LATEST,balance_sheet,order,96.0,ACTUAL,VNSTOCK_BRONZE
SPC,LATEST,balance_sheet,level,1.0,ACTUAL,VNSTOCK_BRONZE
SPC,LATEST,balance_sheet,off_balance,0.0,ACTUAL,VNSTOCK_BRONZE
SPC,LATEST,balance_sheet,value,216562543387.0,ACTUAL,VNSTOCK_BRONZE
SPC,LATEST,balance_sheet,order,97.0,ACTUAL,VNSTOCK_BRONZE
SPC,LATEST,balance_sheet,level,1.0,ACTUAL,VNSTOCK_BRONZE
SPC,LATEST,balance_sheet,off_balance,0.0,ACTUAL,VNSTOCK_BRONZE
SPC,LATEST,balance_sheet,value,216562543387.0,ACTUAL,VNSTOCK_BRONZE
SPC,LATEST,balance_sheet,order,98.0,ACTUAL,VNSTOCK_BRONZE
SPC,LATEST,balance_sheet,level,2.0,ACTUAL,VNSTOCK_BRONZE
SPC,LATEST,balance_sheet,off_balance,0.0,ACTUAL,VNSTOCK_BRONZE
SPC,LATEST,balance_sheet,value,0.0,ACTUAL,VNSTOCK_BRONZE
SPC,LATEST,balance_sheet,order,99.0,ACTUAL,VNSTOCK_BRONZE
SPC,LATEST,balance_sheet,level,2.0,ACTUAL,VNSTOCK_BRONZE
SPC,LATEST,balance_sheet,off_balance,0.0,ACTUAL,VNSTOCK_BRONZE
SPC,LATEST,balance_sheet,value,0.0,ACTUAL,VNSTOCK_BRONZE
SPC,LATEST,balance_sheet,order,100.0,ACTUAL,VNSTOCK_BRONZE
SPC,LATEST,balance_sheet,level,2.0,ACTUAL,VNSTOCK_BRONZE
SPC,LATEST,balance_sheet,off_balance,0.0,ACTUAL,VNSTOCK_BRONZE
SPC,LATEST,balance_sheet,value,0.0,ACTUAL,VNSTOCK_BRONZE
SPC,LATEST,balance_sheet,order,101.0,ACTUAL,VNSTOCK_BRONZE
SPC,LATEST,balance_sheet,level,2.0,ACTUAL,VNSTOCK_BRONZE
SPC,LATEST,balance_sheet,off_balance,0.0,ACTUAL,VNSTOCK_BRONZE
SPC,LATEST,balance_sheet,value,0.0,ACTUAL,VNSTOCK_BRONZE
SPC,LATEST,balance_sheet,order,102.0,ACTUAL,VNSTOCK_BRONZE
SPC,LATEST,balance_sheet,level,2.0,ACTUAL,VNSTOCK_BRONZE
SPC,LATEST,balance_sheet,off_balance,0.0,ACTUAL,VNSTOCK_BRONZE
SPC,LATEST,balance_sheet,value,105300000000.0,ACTUAL,VNSTOCK_BRONZE
SPC,LATEST,balance_sheet,order,103.0,ACTUAL,VNSTOCK_BRONZE
SPC,LATEST,balance_sheet,level,3.0,ACTUAL,VNSTOCK_BRONZE
SPC,LATEST,balance_sheet,off_balance,0.0,ACTUAL,VNSTOCK_BRONZE
SPC,LATEST,balance_sheet,value,105300000000.0,ACTUAL,VNSTOCK_BRONZE
SPC,LATEST,balance_sheet,order,104.0,ACTUAL,VNSTOCK_BRONZE
SPC,LATEST,balance_sheet,level,2.0,ACTUAL,VNSTOCK_BRONZE
SPC,LATEST,balance_sheet,off_balance,0.0,ACTUAL,VNSTOCK_BRONZE
SPC,LATEST,balance_sheet,value,782715818.0,ACTUAL,VNSTOCK_BRONZE
SPC,LATEST,balance_sheet,order,105.0,ACTUAL,VNSTOCK_BRONZE
SPC,LATEST,balance_sheet,level,2.0,ACTUAL,VNSTOCK_BRONZE
SPC,LATEST,balance_sheet,off_balance,0.0,ACTUAL,VNSTOCK_BRONZE
SPC,LATEST,balance_sheet,value,0.0,ACTUAL,VNSTOCK_BRONZE
SPC,LATEST,balance_sheet,order,106.0,ACTUAL,VNSTOCK_BRONZE
SPC,LATEST,balance_sheet,level,2.0,ACTUAL,VNSTOCK_BRONZE
SPC,LATEST,balance_sheet,off_balance,0.0,ACTUAL,VNSTOCK_BRONZE
SPC,LATEST,balance_sheet,value,0.0,ACTUAL,VNSTOCK_BRONZE
SPC,LATEST,balance_sheet,order,107.0,ACTUAL,VNSTOCK_BRONZE
SPC,LATEST,balance_sheet,level,2.0,ACTUAL,VNSTOCK_BRONZE
SPC,LATEST,balance_sheet,off_balance,0.0,ACTUAL,VNSTOCK_BRONZE
SPC,LATEST,balance_sheet,value,0.0,ACTUAL,VNSTOCK_BRONZE
SPC,LATEST,balance_sheet,order,108.0,ACTUAL,VNSTOCK_BRONZE
SPC,LATEST,balance_sheet,level,2.0,ACTUAL,VNSTOCK_BRONZE
SPC,LATEST,balance_sheet,off_balance,0.0,ACTUAL,VNSTOCK_BRONZE
SPC,LATEST,balance_sheet,value,22210648004.0,ACTUAL,VNSTOCK_BRONZE
SPC,LATEST,balance_sheet,order,109.0,ACTUAL,VNSTOCK_BRONZE
SPC,LATEST,balance_sheet,level,2.0,ACTUAL,VNSTOCK_BRONZE
SPC,LATEST,balance_sheet,off_balance,0.0,ACTUAL,VNSTOCK_BRONZE
SPC,LATEST,balance_sheet,value,60123450469.0,ACTUAL,VNSTOCK_BRONZE
SPC,LATEST,balance_sheet,order,110.0,ACTUAL,VNSTOCK_BRONZE
SPC,LATEST,balance_sheet,level,2.0,ACTUAL,VNSTOCK_BRONZE
SPC,LATEST,balance_sheet,off_balance,0.0,ACTUAL,VNSTOCK_BRONZE
SPC,LATEST,balance_sheet,value,0.0,ACTUAL,VNSTOCK_BRONZE
SPC,LATEST,balance_sheet,order,111.0,ACTUAL,VNSTOCK_BRONZE
SPC,LATEST,balance_sheet,level,2.0,ACTUAL,VNSTOCK_BRONZE
SPC,LATEST,balance_sheet,off_balance,0.0,ACTUAL,VNSTOCK_BRONZE
SPC,LATEST,balance_sheet,value,0.0,ACTUAL,VNSTOCK_BRONZE
SPC,LATEST,balance_sheet,order,112.0,ACTUAL,VNSTOCK_BRONZE
SPC,LATEST,balance_sheet,level,2.0,ACTUAL,VNSTOCK_BRONZE
SPC,LATEST,balance_sheet,off_balance,0.0,ACTUAL,VNSTOCK_BRONZE
SPC,LATEST,balance_sheet,value,17461541055.0,ACTUAL,VNSTOCK_BRONZE
SPC,LATEST,balance_sheet,order,113.0,ACTUAL,VNSTOCK_BRONZE
SPC,LATEST,balance_sheet,level,3.0,ACTUAL,VNSTOCK_BRONZE
SPC,LATEST,balance_sheet,off_balance,0.0,ACTUAL,VNSTOCK_BRONZE
SPC,LATEST,balance_sheet,value,41386456894.0,ACTUAL,VNSTOCK_BRONZE
SPC,LATEST,balance_sheet,order,114.0,ACTUAL,VNSTOCK_BRONZE
SPC,LATEST,balance_sheet,level,3.0,ACTUAL,VNSTOCK_BRONZE
SPC,LATEST,balance_sheet,off_balance,0.0,ACTUAL,VNSTOCK_BRONZE
SPC,LATEST,balance_sheet,value,-23924915839.0,ACTUAL,VNSTOCK_BRONZE
SPC,LATEST,balance_sheet,order,115.0,ACTUAL,VNSTOCK_BRONZE
SPC,LATEST,balance_sheet,level,2.0,ACTUAL,VNSTOCK_BRONZE
SPC,LATEST,balance_sheet,off_balance,0.0,ACTUAL,VNSTOCK_BRONZE
SPC,LATEST,balance_sheet,value,10684188041.0,ACTUAL,VNSTOCK_BRONZE
SPC,LATEST,balance_sheet,order,116.0,ACTUAL,VNSTOCK_BRONZE
SPC,LATEST,balance_sheet,level,1.0,ACTUAL,VNSTOCK_BRONZE
SPC,LATEST,balance_sheet,off_balance,0.0,ACTUAL,VNSTOCK_BRONZE
SPC,LATEST,balance_sheet,value,0.0,ACTUAL,VNSTOCK_BRONZE
SPC,LATEST,balance_sheet,order,117.0,ACTUAL,VNSTOCK_BRONZE
SPC,LATEST,balance_sheet,level,2.0,ACTUAL,VNSTOCK_BRONZE
SPC,LATEST,balance_sheet,off_balance,0.0,ACTUAL,VNSTOCK_BRONZE
SPC,LATEST,balance_sheet,value,0.0,ACTUAL,VNSTOCK_BRONZE
SPC,LATEST,balance_sheet,order,118.0,ACTUAL,VNSTOCK_BRONZE
SPC,LATEST,balance_sheet,level,1.0,ACTUAL,VNSTOCK_BRONZE
SPC,LATEST,balance_sheet,off_balance,0.0,ACTUAL,VNSTOCK_BRONZE
SPC,LATEST,balance_sheet,value,568651121272.0,ACTUAL,VNSTOCK_BRONZE
SPC,LATEST,balance_sheet,order,1.0,ACTUAL,VNSTOCK_BRONZE
SPC,LATEST,balance_sheet,level,1.0,ACTUAL,VNSTOCK_BRONZE
SPC,LATEST,balance_sheet,off_balance,0.0,ACTUAL,VNSTOCK_BRONZE
SPC,LATEST,balance_sheet,value,604866103405.0,ACTUAL,VNSTOCK_BRONZE
SPC,LATEST,balance_sheet,order,2.0,ACTUAL,VNSTOCK_BRONZE
SPC,LATEST,balance_sheet,level,1.0,ACTUAL,VNSTOCK_BRONZE
SPC,LATEST,balance_sheet,off_balance,0.0,ACTUAL,VNSTOCK_BRONZE
SPC,LATEST,balance_sheet,value,25472552342.0,ACTUAL,VNSTOCK_BRONZE
SPC,LATEST,balance_sheet,order,3.0,ACTUAL,VNSTOCK_BRONZE
SPC,LATEST,balance_sheet,level,2.0,ACTUAL,VNSTOCK_BRONZE
SPC,LATEST,balance_sheet,off_balance,0.0,ACTUAL,VNSTOCK_BRONZE
SPC,LATEST,balance_sheet,value,19472552342.0,ACTUAL,VNSTOCK_BRONZE
SPC,LATEST,balance_sheet,order,4.0,ACTUAL,VNSTOCK_BRONZE
SPC,LATEST,balance_sheet,level,2.0,ACTUAL,VNSTOCK_BRONZE
SPC,LATEST,balance_sheet,off_balance,0.0,ACTUAL,VNSTOCK_BRONZE
SPC,LATEST,balance_sheet,value,6000000000.0,ACTUAL,VNSTOCK_BRONZE
SPC,LATEST,balance_sheet,order,5.0,ACTUAL,VNSTOCK_BRONZE
SPC,LATEST,balance_sheet,level,1.0,ACTUAL,VNSTOCK_BRONZE
SPC,LATEST,balance_sheet,off_balance,0.0,ACTUAL,VNSTOCK_BRONZE
SPC,LATEST,balance_sheet,value,0.0,ACTUAL,VNSTOCK_BRONZE
SPC,LATEST,balance_sheet,order,6.0,ACTUAL,VNSTOCK_BRONZE
SPC,LATEST,balance_sheet,level,2.0,ACTUAL,VNSTOCK_BRONZE
SPC,LATEST,balance_sheet,off_balance,0.0,ACTUAL,VNSTOCK_BRONZE
SPC,LATEST,balance_sheet,value,0.0,ACTUAL,VNSTOCK_BRONZE
SPC,LATEST,balance_sheet,order,7.0,ACTUAL,VNSTOCK_BRONZE
SPC,LATEST,balance_sheet,level,2.0,ACTUAL,VNSTOCK_BRONZE
SPC,LATEST,balance_sheet,off_balance,0.0,ACTUAL,VNSTOCK_BRONZE
SPC,LATEST,balance_sheet,value,0.0,ACTUAL,VNSTOCK_BRONZE
SPC,LATEST,balance_sheet,order,8.0,ACTUAL,VNSTOCK_BRONZE
SPC,LATEST,balance_sheet,level,2.0,ACTUAL,VNSTOCK_BRONZE
SPC,LATEST,balance_sheet,off_balance,0.0,ACTUAL,VNSTOCK_BRONZE
SPC,LATEST,balance_sheet,value,0.0,ACTUAL,VNSTOCK_BRONZE
SPC,LATEST,balance_sheet,order,9.0,ACTUAL,VNSTOCK_BRONZE
SPC,LATEST,balance_sheet,level,1.0,ACTUAL,VNSTOCK_BRONZE
SPC,LATEST,balance_sheet,off_balance,0.0,ACTUAL,VNSTOCK_BRONZE
SPC,LATEST,balance_sheet,value,162628027340.0,ACTUAL,VNSTOCK_BRONZE
SPC,LATEST,balance_sheet,order,10.0,ACTUAL,VNSTOCK_BRONZE
SPC,LATEST,balance_sheet,level,2.0,ACTUAL,VNSTOCK_BRONZE
SPC,LATEST,balance_sheet,off_balance,0.0,ACTUAL,VNSTOCK_BRONZE
SPC,LATEST,balance_sheet,value,165365294523.0,ACTUAL,VNSTOCK_BRONZE
SPC,LATEST,balance_sheet,order,11.0,ACTUAL,VNSTOCK_BRONZE
SPC,LATEST,balance_sheet,level,2.0,ACTUAL,VNSTOCK_BRONZE
SPC,LATEST,balance_sheet,off_balance,0.0,ACTUAL,VNSTOCK_BRONZE
SPC,LATEST,balance_sheet,value,1672227515.0,ACTUAL,VNSTOCK_BRONZE
SPC,LATEST,balance_sheet,order,12.0,ACTUAL,VNSTOCK_BRONZE
SPC,LATEST,balance_sheet,level,2.0,ACTUAL,VNSTOCK_BRONZE
SPC,LATEST,balance_sheet,off_balance,0.0,ACTUAL,VNSTOCK_BRONZE
SPC,LATEST,balance_sheet,value,0.0,ACTUAL,VNSTOCK_BRONZE
SPC,LATEST,balance_sheet,order,13.0,ACTUAL,VNSTOCK_BRONZE
SPC,LATEST,balance_sheet,level,2.0,ACTUAL,VNSTOCK_BRONZE
SPC,LATEST,balance_sheet,off_balance,0.0,ACTUAL,VNSTOCK_BRONZE
SPC,LATEST,balance_sheet,value,0.0,ACTUAL,VNSTOCK_BRONZE
SPC,LATEST,balance_sheet,order,14.0,ACTUAL,VNSTOCK_BRONZE
SPC,LATEST,balance_sheet,level,2.0,ACTUAL,VNSTOCK_BRONZE
SPC,LATEST,balance_sheet,off_balance,0.0,ACTUAL,VNSTOCK_BRONZE
SPC,LATEST,balance_sheet,value,0.0,ACTUAL,VNSTOCK_BRONZE
SPC,LATEST,balance_sheet,order,15.0,ACTUAL,VNSTOCK_BRONZE
SPC,LATEST,balance_sheet,level,2.0,ACTUAL,VNSTOCK_BRONZE
SPC,LATEST,balance_sheet,off_balance,0.0,ACTUAL,VNSTOCK_BRONZE
SPC,LATEST,balance_sheet,value,11416607262.0,ACTUAL,VNSTOCK_BRONZE
SPC,LATEST,balance_sheet,order,16.0,ACTUAL,VNSTOCK_BRONZE
SPC,LATEST,balance_sheet,level,2.0,ACTUAL,VNSTOCK_BRONZE
SPC,LATEST,balance_sheet,off_balance,0.0,ACTUAL,VNSTOCK_BRONZE
SPC,LATEST,balance_sheet,value,-15826101960.0,ACTUAL,VNSTOCK_BRONZE
SPC,LATEST,balance_sheet,order,17.0,ACTUAL,VNSTOCK_BRONZE
SPC,LATEST,balance_sheet,level,2.0,ACTUAL,VNSTOCK_BRONZE
SPC,LATEST,balance_sheet,off_balance,0.0,ACTUAL,VNSTOCK_BRONZE
SPC,LATEST,balance_sheet,value,0.0,ACTUAL,VNSTOCK_BRONZE
SPC,LATEST,balance_sheet,order,18.0,ACTUAL,VNSTOCK_BRONZE
SPC,LATEST,balance_sheet,level,1.0,ACTUAL,VNSTOCK_BRONZE
SPC,LATEST,balance_sheet,off_balance,0.0,ACTUAL,VNSTOCK_BRONZE
SPC,LATEST,balance_sheet,value,394596136985.0,ACTUAL,VNSTOCK_BRONZE
SPC,LATEST,balance_sheet,order,19.0,ACTUAL,VNSTOCK_BRONZE
SPC,LATEST,balance_sheet,level,2.0,ACTUAL,VNSTOCK_BRONZE
SPC,LATEST,balance_sheet,off_balance,0.0,ACTUAL,VNSTOCK_BRONZE
SPC,LATEST,balance_sheet,value,396329498118.0,ACTUAL,VNSTOCK_BRONZE
SPC,LATEST,balance_sheet,order,20.0,ACTUAL,VNSTOCK_BRONZE
SPC,LATEST,balance_sheet,level,2.0,ACTUAL,VNSTOCK_BRONZE
SPC,LATEST,balance_sheet,off_balance,0.0,ACTUAL,VNSTOCK_BRONZE
SPC,LATEST,balance_sheet,value,-1733361133.0,ACTUAL,VNSTOCK_BRONZE
SPC,LATEST,balance_sheet,order,21.0,ACTUAL,VNSTOCK_BRONZE
SPC,LATEST,balance_sheet,level,1.0,ACTUAL,VNSTOCK_BRONZE
SPC,LATEST,balance_sheet,off_balance,0.0,ACTUAL,VNSTOCK_BRONZE
SPC,LATEST,balance_sheet,value,22169386738.0,ACTUAL,VNSTOCK_BRONZE
SPC,LATEST,balance_sheet,order,22.0,ACTUAL,VNSTOCK_BRONZE
SPC,LATEST,balance_sheet,level,2.0,ACTUAL,VNSTOCK_BRONZE
SPC,LATEST,balance_sheet,off_balance,0.0,ACTUAL,VNSTOCK_BRONZE
SPC,LATEST,balance_sheet,value,622701754.0,ACTUAL,VNSTOCK_BRONZE
SPC,LATEST,balance_sheet,order,23.0,ACTUAL,VNSTOCK_BRONZE
SPC,LATEST,balance_sheet,level,2.0,ACTUAL,VNSTOCK_BRONZE
SPC,LATEST,balance_sheet,off_balance,0.0,ACTUAL,VNSTOCK_BRONZE
SPC,LATEST,balance_sheet,value,19564603661.0,ACTUAL,VNSTOCK_BRONZE
SPC,LATEST,balance_sheet,order,24.0,ACTUAL,VNSTOCK_BRONZE
SPC,LATEST,balance_sheet,level,2.0,ACTUAL,VNSTOCK_BRONZE
SPC,LATEST,balance_sheet,off_balance,0.0,ACTUAL,VNSTOCK_BRONZE
SPC,LATEST,balance_sheet,value,1982081323.0,ACTUAL,VNSTOCK_BRONZE
SPC,LATEST,balance_sheet,order,25.0,ACTUAL,VNSTOCK_BRONZE
SPC,LATEST,balance_sheet,level,2.0,ACTUAL,VNSTOCK_BRONZE
SPC,LATEST,balance_sheet,off_balance,0.0,ACTUAL,VNSTOCK_BRONZE
SPC,LATEST,balance_sheet,value,0.0,ACTUAL,VNSTOCK_BRONZE
SPC,LATEST,balance_sheet,order,26.0,ACTUAL,VNSTOCK_BRONZE
SPC,LATEST,balance_sheet,level,1.0,ACTUAL,VNSTOCK_BRONZE
SPC,LATEST,balance_sheet,off_balance,0.0,ACTUAL,VNSTOCK_BRONZE
SPC,LATEST,balance_sheet,value,54331941201.0,ACTUAL,VNSTOCK_BRONZE
SPC,LATEST,balance_sheet,order,27.0,ACTUAL,VNSTOCK_BRONZE
SPC,LATEST,balance_sheet,level,1.0,ACTUAL,VNSTOCK_BRONZE
SPC,LATEST,balance_sheet,off_balance,0.0,ACTUAL,VNSTOCK_BRONZE
SPC,LATEST,balance_sheet,value,891767500.0,ACTUAL,VNSTOCK_BRONZE
SPC,LATEST,balance_sheet,order,28.0,ACTUAL,VNSTOCK_BRONZE
SPC,LATEST,balance_sheet,level,2.0,ACTUAL,VNSTOCK_BRONZE
SPC,LATEST,balance_sheet,off_balance,0.0,ACTUAL,VNSTOCK_BRONZE
SPC,LATEST,balance_sheet,value,0.0,ACTUAL,VNSTOCK_BRONZE
SPC,LATEST,balance_sheet,order,29.0,ACTUAL,VNSTOCK_BRONZE
SPC,LATEST,balance_sheet,level,2.0,ACTUAL,VNSTOCK_BRONZE
SPC,LATEST,balance_sheet,off_balance,0.0,ACTUAL,VNSTOCK_BRONZE
SPC,LATEST,balance_sheet,value,0.0,ACTUAL,VNSTOCK_BRONZE
SPC,LATEST,balance_sheet,order,30.0,ACTUAL,VNSTOCK_BRONZE
SPC,LATEST,balance_sheet,level,2.0,ACTUAL,VNSTOCK_BRONZE
SPC,LATEST,balance_sheet,off_balance,0.0,ACTUAL,VNSTOCK_BRONZE
SPC,LATEST,balance_sheet,value,0.0,ACTUAL,VNSTOCK_BRONZE
SPC,LATEST,balance_sheet,order,31.0,ACTUAL,VNSTOCK_BRONZE
SPC,LATEST,balance_sheet,level,2.0,ACTUAL,VNSTOCK_BRONZE
SPC,LATEST,balance_sheet,off_balance,0.0,ACTUAL,VNSTOCK_BRONZE
SPC,LATEST,balance_sheet,value,0.0,ACTUAL,VNSTOCK_BRONZE
SPC,LATEST,balance_sheet,order,32.0,ACTUAL,VNSTOCK_BRONZE
SPC,LATEST,balance_sheet,level,2.0,ACTUAL,VNSTOCK_BRONZE
SPC,LATEST,balance_sheet,off_balance,0.0,ACTUAL,VNSTOCK_BRONZE
SPC,LATEST,balance_sheet,value,891767500.0,ACTUAL,VNSTOCK_BRONZE
SPC,LATEST,balance_sheet,order,33.0,ACTUAL,VNSTOCK_BRONZE
SPC,LATEST,balance_sheet,level,2.0,ACTUAL,VNSTOCK_BRONZE
SPC,LATEST,balance_sheet,off_balance,0.0,ACTUAL,VNSTOCK_BRONZE
SPC,LATEST,balance_sheet,value,-0.0,ACTUAL,VNSTOCK_BRONZE
SPC,LATEST,balance_sheet,order,34.0,ACTUAL,VNSTOCK_BRONZE
SPC,LATEST,balance_sheet,level,1.0,ACTUAL,VNSTOCK_BRONZE
SPC,LATEST,balance_sheet,off_balance,0.0,ACTUAL,VNSTOCK_BRONZE
SPC,LATEST,balance_sheet,value,34262964659.0,ACTUAL,VNSTOCK_BRONZE
SPC,LATEST,balance_sheet,order,35.0,ACTUAL,VNSTOCK_BRONZE
SPC,LATEST,balance_sheet,level,2.0,ACTUAL,VNSTOCK_BRONZE
SPC,LATEST,balance_sheet,off_balance,0.0,ACTUAL,VNSTOCK_BRONZE
SPC,LATEST,balance_sheet,value,26487119394.0,ACTUAL,VNSTOCK_BRONZE
SPC,LATEST,balance_sheet,order,36.0,ACTUAL,VNSTOCK_BRONZE
SPC,LATEST,balance_sheet,level,3.0,ACTUAL,VNSTOCK_BRONZE
SPC,LATEST,balance_sheet,off_balance,0.0,ACTUAL,VNSTOCK_BRONZE
SPC,LATEST,balance_sheet,value,147689407568.0,ACTUAL,VNSTOCK_BRONZE
SPC,LATEST,balance_sheet,order,37.0,ACTUAL,VNSTOCK_BRONZE
SPC,LATEST,balance_sheet,level,3.0,ACTUAL,VNSTOCK_BRONZE
SPC,LATEST,balance_sheet,off_balance,0.0,ACTUAL,VNSTOCK_BRONZE
SPC,LATEST,balance_sheet,value,-121202288174.0,ACTUAL,VNSTOCK_BRONZE
SPC,LATEST,balance_sheet,order,38.0,ACTUAL,VNSTOCK_BRONZE
SPC,LATEST,balance_sheet,level,2.0,ACTUAL,VNSTOCK_BRONZE
SPC,LATEST,balance_sheet,off_balance,0.0,ACTUAL,VNSTOCK_BRONZE
SPC,LATEST,balance_sheet,value,2079668768.0,ACTUAL,VNSTOCK_BRONZE
SPC,LATEST,balance_sheet,order,39.0,ACTUAL,VNSTOCK_BRONZE
SPC,LATEST,balance_sheet,level,3.0,ACTUAL,VNSTOCK_BRONZE
SPC,LATEST,balance_sheet,off_balance,0.0,ACTUAL,VNSTOCK_BRONZE
SPC,LATEST,balance_sheet,value,6008312210.0,ACTUAL,VNSTOCK_BRONZE
SPC,LATEST,balance_sheet,order,40.0,ACTUAL,VNSTOCK_BRONZE
SPC,LATEST,balance_sheet,level,3.0,ACTUAL,VNSTOCK_BRONZE
SPC,LATEST,balance_sheet,off_balance,0.0,ACTUAL,VNSTOCK_BRONZE
SPC,LATEST,balance_sheet,value,-3928643442.0,ACTUAL,VNSTOCK_BRONZE
SPC,LATEST,balance_sheet,order,41.0,ACTUAL,VNSTOCK_BRONZE
SPC,LATEST,balance_sheet,level,2.0,ACTUAL,VNSTOCK_BRONZE
SPC,LATEST,balance_sheet,off_balance,0.0,ACTUAL,VNSTOCK_BRONZE
SPC,LATEST,balance_sheet,value,5696176497.0,ACTUAL,VNSTOCK_BRONZE
SPC,LATEST,balance_sheet,order,42.0,ACTUAL,VNSTOCK_BRONZE
SPC,LATEST,balance_sheet,level,3.0,ACTUAL,VNSTOCK_BRONZE
SPC,LATEST,balance_sheet,off_balance,0.0,ACTUAL,VNSTOCK_BRONZE
SPC,LATEST,balance_sheet,value,10002015802.0,ACTUAL,VNSTOCK_BRONZE
SPC,LATEST,balance_sheet,order,43.0,ACTUAL,VNSTOCK_BRONZE
SPC,LATEST,balance_sheet,level,3.0,ACTUAL,VNSTOCK_BRONZE
SPC,LATEST,balance_sheet,off_balance,0.0,ACTUAL,VNSTOCK_BRONZE
SPC,LATEST,balance_sheet,value,-4305839305.0,ACTUAL,VNSTOCK_BRONZE
SPC,LATEST,balance_sheet,order,44.0,ACTUAL,VNSTOCK_BRONZE
SPC,LATEST,balance_sheet,level,1.0,ACTUAL,VNSTOCK_BRONZE
SPC,LATEST,balance_sheet,off_balance,0.0,ACTUAL,VNSTOCK_BRONZE
SPC,LATEST,balance_sheet,value,532672236.0,ACTUAL,VNSTOCK_BRONZE
SPC,LATEST,balance_sheet,order,45.0,ACTUAL,VNSTOCK_BRONZE
SPC,LATEST,balance_sheet,level,2.0,ACTUAL,VNSTOCK_BRONZE
SPC,LATEST,balance_sheet,off_balance,0.0,ACTUAL,VNSTOCK_BRONZE
SPC,LATEST,balance_sheet,value,2381697159.0,ACTUAL,VNSTOCK_BRONZE
SPC,LATEST,balance_sheet,order,46.0,ACTUAL,VNSTOCK_BRONZE
SPC,LATEST,balance_sheet,level,2.0,ACTUAL,VNSTOCK_BRONZE
SPC,LATEST,balance_sheet,off_balance,0.0,ACTUAL,VNSTOCK_BRONZE
SPC,LATEST,balance_sheet,value,-1849024923.0,ACTUAL,VNSTOCK_BRONZE
SPC,LATEST,balance_sheet,order,47.0,ACTUAL,VNSTOCK_BRONZE
SPC,LATEST,balance_sheet,level,1.0,ACTUAL,VNSTOCK_BRONZE
SPC,LATEST,balance_sheet,off_balance,0.0,ACTUAL,VNSTOCK_BRONZE
SPC,LATEST,balance_sheet,value,4617768417.0,ACTUAL,VNSTOCK_BRONZE
SPC,LATEST,balance_sheet,order,48.0,ACTUAL,VNSTOCK_BRONZE
SPC,LATEST,balance_sheet,level,2.0,ACTUAL,VNSTOCK_BRONZE
SPC,LATEST,balance_sheet,off_balance,0.0,ACTUAL,VNSTOCK_BRONZE
SPC,LATEST,balance_sheet,value,0.0,ACTUAL,VNSTOCK_BRONZE
SPC,LATEST,balance_sheet,order,49.0,ACTUAL,VNSTOCK_BRONZE
SPC,LATEST,balance_sheet,level,2.0,ACTUAL,VNSTOCK_BRONZE
SPC,LATEST,balance_sheet,off_balance,0.0,ACTUAL,VNSTOCK_BRONZE
SPC,LATEST,balance_sheet,value,4617768417.0,ACTUAL,VNSTOCK_BRONZE
SPC,LATEST,balance_sheet,order,50.0,ACTUAL,VNSTOCK_BRONZE
SPC,LATEST,balance_sheet,level,1.0,ACTUAL,VNSTOCK_BRONZE
SPC,LATEST,balance_sheet,off_balance,0.0,ACTUAL,VNSTOCK_BRONZE
SPC,LATEST,balance_sheet,value,0.0,ACTUAL,VNSTOCK_BRONZE
SPC,LATEST,balance_sheet,order,51.0,ACTUAL,VNSTOCK_BRONZE
SPC,LATEST,balance_sheet,level,2.0,ACTUAL,VNSTOCK_BRONZE
SPC,LATEST,balance_sheet,off_balance,0.0,ACTUAL,VNSTOCK_BRONZE
SPC,LATEST,balance_sheet,value,0.0,ACTUAL,VNSTOCK_BRONZE
SPC,LATEST,balance_sheet,order,52.0,ACTUAL,VNSTOCK_BRONZE
SPC,LATEST,balance_sheet,level,2.0,ACTUAL,VNSTOCK_BRONZE
SPC,LATEST,balance_sheet,off_balance,0.0,ACTUAL,VNSTOCK_BRONZE
SPC,LATEST,balance_sheet,value,0.0,ACTUAL,VNSTOCK_BRONZE
SPC,LATEST,balance_sheet,order,53.0,ACTUAL,VNSTOCK_BRONZE
SPC,LATEST,balance_sheet,level,2.0,ACTUAL,VNSTOCK_BRONZE
SPC,LATEST,balance_sheet,off_balance,0.0,ACTUAL,VNSTOCK_BRONZE
SPC,LATEST,balance_sheet,value,0.0,ACTUAL,VNSTOCK_BRONZE
SPC,LATEST,balance_sheet,order,54.0,ACTUAL,VNSTOCK_BRONZE
SPC,LATEST,balance_sheet,level,2.0,ACTUAL,VNSTOCK_BRONZE
SPC,LATEST,balance_sheet,off_balance,0.0,ACTUAL,VNSTOCK_BRONZE
SPC,LATEST,balance_sheet,value,0.0,ACTUAL,VNSTOCK_BRONZE
SPC,LATEST,balance_sheet,order,55.0,ACTUAL,VNSTOCK_BRONZE
SPC,LATEST,balance_sheet,level,2.0,ACTUAL,VNSTOCK_BRONZE
SPC,LATEST,balance_sheet,off_balance,0.0,ACTUAL,VNSTOCK_BRONZE
SPC,LATEST,balance_sheet,value,0.0,ACTUAL,VNSTOCK_BRONZE
SPC,LATEST,balance_sheet,order,56.0,ACTUAL,VNSTOCK_BRONZE
SPC,LATEST,balance_sheet,level,1.0,ACTUAL,VNSTOCK_BRONZE
SPC,LATEST,balance_sheet,off_balance,0.0,ACTUAL,VNSTOCK_BRONZE
SPC,LATEST,balance_sheet,value,14026768389.0,ACTUAL,VNSTOCK_BRONZE
SPC,LATEST,balance_sheet,order,57.0,ACTUAL,VNSTOCK_BRONZE
SPC,LATEST,balance_sheet,level,2.0,ACTUAL,VNSTOCK_BRONZE
SPC,LATEST,balance_sheet,off_balance,0.0,ACTUAL,VNSTOCK_BRONZE
SPC,LATEST,balance_sheet,value,0.0,ACTUAL,VNSTOCK_BRONZE
SPC,LATEST,balance_sheet,order,58.0,ACTUAL,VNSTOCK_BRONZE
SPC,LATEST,balance_sheet,level,2.0,ACTUAL,VNSTOCK_BRONZE
SPC,LATEST,balance_sheet,off_balance,0.0,ACTUAL,VNSTOCK_BRONZE
SPC,LATEST,balance_sheet,value,14026768389.0,ACTUAL,VNSTOCK_BRONZE
SPC,LATEST,balance_sheet,order,59.0,ACTUAL,VNSTOCK_BRONZE
SPC,LATEST,balance_sheet,level,2.0,ACTUAL,VNSTOCK_BRONZE
SPC,LATEST,balance_sheet,off_balance,0.0,ACTUAL,VNSTOCK_BRONZE
SPC,LATEST,balance_sheet,value,0.0,ACTUAL,VNSTOCK_BRONZE
SPC,LATEST,balance_sheet,order,60.0,ACTUAL,VNSTOCK_BRONZE
SPC,LATEST,balance_sheet,level,2.0,ACTUAL,VNSTOCK_BRONZE
SPC,LATEST,balance_sheet,off_balance,0.0,ACTUAL,VNSTOCK_BRONZE
SPC,LATEST,balance_sheet,value,0.0,ACTUAL,VNSTOCK_BRONZE
SPC,LATEST,balance_sheet,order,61.0,ACTUAL,VNSTOCK_BRONZE
SPC,LATEST,balance_sheet,level,2.0,ACTUAL,VNSTOCK_BRONZE
SPC,LATEST,balance_sheet,off_balance,0.0,ACTUAL,VNSTOCK_BRONZE
SPC,LATEST,balance_sheet,value,0.0,ACTUAL,VNSTOCK_BRONZE
SPC,LATEST,balance_sheet,order,62.0,ACTUAL,VNSTOCK_BRONZE
SPC,LATEST,balance_sheet,level,2.0,ACTUAL,VNSTOCK_BRONZE
SPC,LATEST,balance_sheet,off_balance,0.0,ACTUAL,VNSTOCK_BRONZE
SPC,LATEST,balance_sheet,value,0.0,ACTUAL,VNSTOCK_BRONZE
SPC,LATEST,balance_sheet,order,63.0,ACTUAL,VNSTOCK_BRONZE
SPC,LATEST,balance_sheet,level,1.0,ACTUAL,VNSTOCK_BRONZE
SPC,LATEST,balance_sheet,off_balance,0.0,ACTUAL,VNSTOCK_BRONZE
SPC,LATEST,balance_sheet,value,659198044606.0,ACTUAL,VNSTOCK_BRONZE
SPC,LATEST,balance_sheet,order,64.0,ACTUAL,VNSTOCK_BRONZE
SPC,LATEST,balance_sheet,level,1.0,ACTUAL,VNSTOCK_BRONZE
SPC,LATEST,balance_sheet,off_balance,0.0,ACTUAL,VNSTOCK_BRONZE
SPC,LATEST,balance_sheet,value,424718617321.0,ACTUAL,VNSTOCK_BRONZE
SPC,LATEST,balance_sheet,order,65.0,ACTUAL,VNSTOCK_BRONZE
SPC,LATEST,balance_sheet,level,1.0,ACTUAL,VNSTOCK_BRONZE
SPC,LATEST,balance_sheet,off_balance,0.0,ACTUAL,VNSTOCK_BRONZE
SPC,LATEST,balance_sheet,value,415405154536.0,ACTUAL,VNSTOCK_BRONZE
SPC,LATEST,balance_sheet,order,66.0,ACTUAL,VNSTOCK_BRONZE
SPC,LATEST,balance_sheet,level,2.0,ACTUAL,VNSTOCK_BRONZE
SPC,LATEST,balance_sheet,off_balance,0.0,ACTUAL,VNSTOCK_BRONZE
SPC,LATEST,balance_sheet,value,0.0,ACTUAL,VNSTOCK_BRONZE
SPC,LATEST,balance_sheet,order,67.0,ACTUAL,VNSTOCK_BRONZE
SPC,LATEST,balance_sheet,level,2.0,ACTUAL,VNSTOCK_BRONZE
SPC,LATEST,balance_sheet,off_balance,0.0,ACTUAL,VNSTOCK_BRONZE
SPC,LATEST,balance_sheet,value,0.0,ACTUAL,VNSTOCK_BRONZE
SPC,LATEST,balance_sheet,order,68.0,ACTUAL,VNSTOCK_BRONZE
SPC,LATEST,balance_sheet,level,2.0,ACTUAL,VNSTOCK_BRONZE
SPC,LATEST,balance_sheet,off_balance,0.0,ACTUAL,VNSTOCK_BRONZE
SPC,LATEST,balance_sheet,value,0.0,ACTUAL,VNSTOCK_BRONZE
SPC,LATEST,balance_sheet,order,69.0,ACTUAL,VNSTOCK_BRONZE
SPC,LATEST,balance_sheet,level,2.0,ACTUAL,VNSTOCK_BRONZE
SPC,LATEST,balance_sheet,off_balance,0.0,ACTUAL,VNSTOCK_BRONZE
SPC,LATEST,balance_sheet,value,196994473341.0,ACTUAL,VNSTOCK_BRONZE
SPC,LATEST,balance_sheet,order,70.0,ACTUAL,VNSTOCK_BRONZE
SPC,LATEST,balance_sheet,level,2.0,ACTUAL,VNSTOCK_BRONZE
SPC,LATEST,balance_sheet,off_balance,0.0,ACTUAL,VNSTOCK_BRONZE
SPC,LATEST,balance_sheet,value,1291706148.0,ACTUAL,VNSTOCK_BRONZE
SPC,LATEST,balance_sheet,order,71.0,ACTUAL,VNSTOCK_BRONZE
SPC,LATEST,balance_sheet,level,2.0,ACTUAL,VNSTOCK_BRONZE
SPC,LATEST,balance_sheet,off_balance,0.0,ACTUAL,VNSTOCK_BRONZE
SPC,LATEST,balance_sheet,value,4679424863.0,ACTUAL,VNSTOCK_BRONZE
SPC,LATEST,balance_sheet,order,72.0,ACTUAL,VNSTOCK_BRONZE
SPC,LATEST,balance_sheet,level,2.0,ACTUAL,VNSTOCK_BRONZE
SPC,LATEST,balance_sheet,off_balance,0.0,ACTUAL,VNSTOCK_BRONZE
SPC,LATEST,balance_sheet,value,10386290392.0,ACTUAL,VNSTOCK_BRONZE
SPC,LATEST,balance_sheet,order,73.0,ACTUAL,VNSTOCK_BRONZE
SPC,LATEST,balance_sheet,level,2.0,ACTUAL,VNSTOCK_BRONZE
SPC,LATEST,balance_sheet,off_balance,0.0,ACTUAL,VNSTOCK_BRONZE
SPC,LATEST,balance_sheet,value,527384191.0,ACTUAL,VNSTOCK_BRONZE
SPC,LATEST,balance_sheet,order,74.0,ACTUAL,VNSTOCK_BRONZE
SPC,LATEST,balance_sheet,level,2.0,ACTUAL,VNSTOCK_BRONZE
SPC,LATEST,balance_sheet,off_balance,0.0,ACTUAL,VNSTOCK_BRONZE
SPC,LATEST,balance_sheet,value,0.0,ACTUAL,VNSTOCK_BRONZE
SPC,LATEST,balance_sheet,order,75.0,ACTUAL,VNSTOCK_BRONZE
SPC,LATEST,balance_sheet,level,2.0,ACTUAL,VNSTOCK_BRONZE
SPC,LATEST,balance_sheet,off_balance,0.0,ACTUAL,VNSTOCK_BRONZE
SPC,LATEST,balance_sheet,value,0.0,ACTUAL,VNSTOCK_BRONZE
SPC,LATEST,balance_sheet,order,76.0,ACTUAL,VNSTOCK_BRONZE
SPC,LATEST,balance_sheet,level,2.0,ACTUAL,VNSTOCK_BRONZE
SPC,LATEST,balance_sheet,off_balance,0.0,ACTUAL,VNSTOCK_BRONZE
SPC,LATEST,balance_sheet,value,8881259588.0,ACTUAL,VNSTOCK_BRONZE
SPC,LATEST,balance_sheet,order,77.0,ACTUAL,VNSTOCK_BRONZE
SPC,LATEST,balance_sheet,level,2.0,ACTUAL,VNSTOCK_BRONZE
SPC,LATEST,balance_sheet,off_balance,0.0,ACTUAL,VNSTOCK_BRONZE
SPC,LATEST,balance_sheet,value,192565623058.0,ACTUAL,VNSTOCK_BRONZE
SPC,LATEST,balance_sheet,order,78.0,ACTUAL,VNSTOCK_BRONZE
SPC,LATEST,balance_sheet,level,2.0,ACTUAL,VNSTOCK_BRONZE
SPC,LATEST,balance_sheet,off_balance,0.0,ACTUAL,VNSTOCK_BRONZE
SPC,LATEST,balance_sheet,value,0.0,ACTUAL,VNSTOCK_BRONZE
SPC,LATEST,balance_sheet,order,79.0,ACTUAL,VNSTOCK_BRONZE
SPC,LATEST,balance_sheet,level,2.0,ACTUAL,VNSTOCK_BRONZE
SPC,LATEST,balance_sheet,off_balance,0.0,ACTUAL,VNSTOCK_BRONZE
SPC,LATEST,balance_sheet,value,78992955.0,ACTUAL,VNSTOCK_BRONZE
SPC,LATEST,balance_sheet,order,80.0,ACTUAL,VNSTOCK_BRONZE
SPC,LATEST,balance_sheet,level,2.0,ACTUAL,VNSTOCK_BRONZE
SPC,LATEST,balance_sheet,off_balance,0.0,ACTUAL,VNSTOCK_BRONZE
SPC,LATEST,balance_sheet,value,0.0,ACTUAL,VNSTOCK_BRONZE
SPC,LATEST,balance_sheet,order,81.0,ACTUAL,VNSTOCK_BRONZE
SPC,LATEST,balance_sheet,level,2.0,ACTUAL,VNSTOCK_BRONZE
SPC,LATEST,balance_sheet,off_balance,0.0,ACTUAL,VNSTOCK_BRONZE
SPC,LATEST,balance_sheet,value,0.0,ACTUAL,VNSTOCK_BRONZE
SPC,LATEST,balance_sheet,order,82.0,ACTUAL,VNSTOCK_BRONZE
SPC,LATEST,balance_sheet,level,1.0,ACTUAL,VNSTOCK_BRONZE
SPC,LATEST,balance_sheet,off_balance,0.0,ACTUAL,VNSTOCK_BRONZE
SPC,LATEST,balance_sheet,value,9313462785.0,ACTUAL,VNSTOCK_BRONZE
SPC,LATEST,balance_sheet,order,83.0,ACTUAL,VNSTOCK_BRONZE
SPC,LATEST,balance_sheet,level,2.0,ACTUAL,VNSTOCK_BRONZE
SPC,LATEST,balance_sheet,off_balance,0.0,ACTUAL,VNSTOCK_BRONZE
SPC,LATEST,balance_sheet,value,0.0,ACTUAL,VNSTOCK_BRONZE
SPC,LATEST,balance_sheet,order,84.0,ACTUAL,VNSTOCK_BRONZE
SPC,LATEST,balance_sheet,level,2.0,ACTUAL,VNSTOCK_BRONZE
SPC,LATEST,balance_sheet,off_balance,0.0,ACTUAL,VNSTOCK_BRONZE
SPC,LATEST,balance_sheet,order,85.0,ACTUAL,VNSTOCK_BRONZE
SPC,LATEST,balance_sheet,level,2.0,ACTUAL,VNSTOCK_BRONZE
SPC,LATEST,balance_sheet,off_balance,0.0,ACTUAL,VNSTOCK_BRONZE
SPC,LATEST,balance_sheet,value,0.0,ACTUAL,VNSTOCK_BRONZE
SPC,LATEST,balance_sheet,order,86.0,ACTUAL,VNSTOCK_BRONZE
SPC,LATEST,balance_sheet,level,2.0,ACTUAL,VNSTOCK_BRONZE
SPC,LATEST,balance_sheet,off_balance,0.0,ACTUAL,VNSTOCK_BRONZE
SPC,LATEST,balance_sheet,value,0.0,ACTUAL,VNSTOCK_BRONZE
SPC,LATEST,balance_sheet,order,87.0,ACTUAL,VNSTOCK_BRONZE
SPC,LATEST,balance_sheet,level,2.0,ACTUAL,VNSTOCK_BRONZE
SPC,LATEST,balance_sheet,off_balance,0.0,ACTUAL,VNSTOCK_BRONZE
SPC,LATEST,balance_sheet,value,0.0,ACTUAL,VNSTOCK_BRONZE
SPC,LATEST,balance_sheet,order,88.0,ACTUAL,VNSTOCK_BRONZE
SPC,LATEST,balance_sheet,level,2.0,ACTUAL,VNSTOCK_BRONZE
SPC,LATEST,balance_sheet,off_balance,0.0,ACTUAL,VNSTOCK_BRONZE
SPC,LATEST,balance_sheet,value,0.0,ACTUAL,VNSTOCK_BRONZE
SPC,LATEST,balance_sheet,order,89.0,ACTUAL,VNSTOCK_BRONZE
SPC,LATEST,balance_sheet,level,2.0,ACTUAL,VNSTOCK_BRONZE
SPC,LATEST,balance_sheet,off_balance,0.0,ACTUAL,VNSTOCK_BRONZE
SPC,LATEST,balance_sheet,value,0.0,ACTUAL,VNSTOCK_BRONZE
SPC,LATEST,balance_sheet,order,90.0,ACTUAL,VNSTOCK_BRONZE
SPC,LATEST,balance_sheet,level,2.0,ACTUAL,VNSTOCK_BRONZE
SPC,LATEST,balance_sheet,off_balance,0.0,ACTUAL,VNSTOCK_BRONZE
SPC,LATEST,balance_sheet,value,2078354000.0,ACTUAL,VNSTOCK_BRONZE
SPC,LATEST,balance_sheet,order,91.0,ACTUAL,VNSTOCK_BRONZE
SPC,LATEST,balance_sheet,level,2.0,ACTUAL,VNSTOCK_BRONZE
SPC,LATEST,balance_sheet,off_balance,0.0,ACTUAL,VNSTOCK_BRONZE
SPC,LATEST,balance_sheet,value,4318271356.0,ACTUAL,VNSTOCK_BRONZE
SPC,LATEST,balance_sheet,order,92.0,ACTUAL,VNSTOCK_BRONZE
SPC,LATEST,balance_sheet,level,2.0,ACTUAL,VNSTOCK_BRONZE
SPC,LATEST,balance_sheet,off_balance,0.0,ACTUAL,VNSTOCK_BRONZE
SPC,LATEST,balance_sheet,value,0.0,ACTUAL,VNSTOCK_BRONZE
SPC,LATEST,balance_sheet,order,93.0,ACTUAL,VNSTOCK_BRONZE
SPC,LATEST,balance_sheet,level,2.0,ACTUAL,VNSTOCK_BRONZE
SPC,LATEST,balance_sheet,off_balance,0.0,ACTUAL,VNSTOCK_BRONZE
SPC,LATEST,balance_sheet,value,2916837429.0,ACTUAL,VNSTOCK_BRONZE
SPC,LATEST,balance_sheet,order,94.0,ACTUAL,VNSTOCK_BRONZE
SPC,LATEST,balance_sheet,level,2.0,ACTUAL,VNSTOCK_BRONZE
SPC,LATEST,balance_sheet,off_balance,0.0,ACTUAL,VNSTOCK_BRONZE
SPC,LATEST,balance_sheet,value,0.0,ACTUAL,VNSTOCK_BRONZE
SPC,LATEST,balance_sheet,order,95.0,ACTUAL,VNSTOCK_BRONZE
SPC,LATEST,balance_sheet,level,2.0,ACTUAL,VNSTOCK_BRONZE
SPC,LATEST,balance_sheet,off_balance,0.0,ACTUAL,VNSTOCK_BRONZE
SPC,LATEST,balance_sheet,value,0.0,ACTUAL,VNSTOCK_BRONZE
SPC,LATEST,balance_sheet,order,96.0,ACTUAL,VNSTOCK_BRONZE
SPC,LATEST,balance_sheet,level,1.0,ACTUAL,VNSTOCK_BRONZE
SPC,LATEST,balance_sheet,off_balance,0.0,ACTUAL,VNSTOCK_BRONZE
SPC,LATEST,balance_sheet,value,234479427285.0,ACTUAL,VNSTOCK_BRONZE
SPC,LATEST,balance_sheet,order,97.0,ACTUAL,VNSTOCK_BRONZE
SPC,LATEST,balance_sheet,level,1.0,ACTUAL,VNSTOCK_BRONZE
SPC,LATEST,balance_sheet,off_balance,0.0,ACTUAL,VNSTOCK_BRONZE
SPC,LATEST,balance_sheet,value,234479427285.0,ACTUAL,VNSTOCK_BRONZE
SPC,LATEST,balance_sheet,order,98.0,ACTUAL,VNSTOCK_BRONZE
SPC,LATEST,balance_sheet,level,2.0,ACTUAL,VNSTOCK_BRONZE
SPC,LATEST,balance_sheet,off_balance,0.0,ACTUAL,VNSTOCK_BRONZE
SPC,LATEST,balance_sheet,value,0.0,ACTUAL,VNSTOCK_BRONZE
SPC,LATEST,balance_sheet,order,99.0,ACTUAL,VNSTOCK_BRONZE
SPC,LATEST,balance_sheet,level,2.0,ACTUAL,VNSTOCK_BRONZE
SPC,LATEST,balance_sheet,off_balance,0.0,ACTUAL,VNSTOCK_BRONZE
SPC,LATEST,balance_sheet,value,0.0,ACTUAL,VNSTOCK_BRONZE
SPC,LATEST,balance_sheet,order,100.0,ACTUAL,VNSTOCK_BRONZE
SPC,LATEST,balance_sheet,level,2.0,ACTUAL,VNSTOCK_BRONZE
SPC,LATEST,balance_sheet,off_balance,0.0,ACTUAL,VNSTOCK_BRONZE
SPC,LATEST,balance_sheet,value,0.0,ACTUAL,VNSTOCK_BRONZE
SPC,LATEST,balance_sheet,order,101.0,ACTUAL,VNSTOCK_BRONZE
SPC,LATEST,balance_sheet,level,2.0,ACTUAL,VNSTOCK_BRONZE
SPC,LATEST,balance_sheet,off_balance,0.0,ACTUAL,VNSTOCK_BRONZE
SPC,LATEST,balance_sheet,value,0.0,ACTUAL,VNSTOCK_BRONZE
SPC,LATEST,balance_sheet,order,102.0,ACTUAL,VNSTOCK_BRONZE
SPC,LATEST,balance_sheet,level,2.0,ACTUAL,VNSTOCK_BRONZE
SPC,LATEST,balance_sheet,off_balance,0.0,ACTUAL,VNSTOCK_BRONZE
SPC,LATEST,balance_sheet,value,105300000000.0,ACTUAL,VNSTOCK_BRONZE
SPC,LATEST,balance_sheet,order,103.0,ACTUAL,VNSTOCK_BRONZE
SPC,LATEST,balance_sheet,level,3.0,ACTUAL,VNSTOCK_BRONZE
SPC,LATEST,balance_sheet,off_balance,0.0,ACTUAL,VNSTOCK_BRONZE
SPC,LATEST,balance_sheet,value,105300000000.0,ACTUAL,VNSTOCK_BRONZE
SPC,LATEST,balance_sheet,order,104.0,ACTUAL,VNSTOCK_BRONZE
SPC,LATEST,balance_sheet,level,2.0,ACTUAL,VNSTOCK_BRONZE
SPC,LATEST,balance_sheet,off_balance,0.0,ACTUAL,VNSTOCK_BRONZE
SPC,LATEST,balance_sheet,value,782715818.0,ACTUAL,VNSTOCK_BRONZE
SPC,LATEST,balance_sheet,order,105.0,ACTUAL,VNSTOCK_BRONZE
SPC,LATEST,balance_sheet,level,2.0,ACTUAL,VNSTOCK_BRONZE
SPC,LATEST,balance_sheet,off_balance,0.0,ACTUAL,VNSTOCK_BRONZE
SPC,LATEST,balance_sheet,value,0.0,ACTUAL,VNSTOCK_BRONZE
SPC,LATEST,balance_sheet,order,106.0,ACTUAL,VNSTOCK_BRONZE
SPC,LATEST,balance_sheet,level,2.0,ACTUAL,VNSTOCK_BRONZE
SPC,LATEST,balance_sheet,off_balance,0.0,ACTUAL,VNSTOCK_BRONZE
SPC,LATEST,balance_sheet,value,0.0,ACTUAL,VNSTOCK_BRONZE
SPC,LATEST,balance_sheet,order,107.0,ACTUAL,VNSTOCK_BRONZE
SPC,LATEST,balance_sheet,level,2.0,ACTUAL,VNSTOCK_BRONZE
SPC,LATEST,balance_sheet,off_balance,0.0,ACTUAL,VNSTOCK_BRONZE
SPC,LATEST,balance_sheet,value,0.0,ACTUAL,VNSTOCK_BRONZE
SPC,LATEST,balance_sheet,order,108.0,ACTUAL,VNSTOCK_BRONZE
SPC,LATEST,balance_sheet,level,2.0,ACTUAL,VNSTOCK_BRONZE
SPC,LATEST,balance_sheet,off_balance,0.0,ACTUAL,VNSTOCK_BRONZE
SPC,LATEST,balance_sheet,value,18728028123.0,ACTUAL,VNSTOCK_BRONZE
SPC,LATEST,balance_sheet,order,109.0,ACTUAL,VNSTOCK_BRONZE
SPC,LATEST,balance_sheet,level,2.0,ACTUAL,VNSTOCK_BRONZE
SPC,LATEST,balance_sheet,off_balance,0.0,ACTUAL,VNSTOCK_BRONZE
SPC,LATEST,balance_sheet,value,60123450469.0,ACTUAL,VNSTOCK_BRONZE
SPC,LATEST,balance_sheet,order,110.0,ACTUAL,VNSTOCK_BRONZE
SPC,LATEST,balance_sheet,level,2.0,ACTUAL,VNSTOCK_BRONZE
SPC,LATEST,balance_sheet,off_balance,0.0,ACTUAL,VNSTOCK_BRONZE
SPC,LATEST,balance_sheet,value,0.0,ACTUAL,VNSTOCK_BRONZE
SPC,LATEST,balance_sheet,order,111.0,ACTUAL,VNSTOCK_BRONZE
SPC,LATEST,balance_sheet,level,2.0,ACTUAL,VNSTOCK_BRONZE
SPC,LATEST,balance_sheet,off_balance,0.0,ACTUAL,VNSTOCK_BRONZE
SPC,LATEST,balance_sheet,value,0.0,ACTUAL,VNSTOCK_BRONZE
SPC,LATEST,balance_sheet,order,112.0,ACTUAL,VNSTOCK_BRONZE
SPC,LATEST,balance_sheet,level,2.0,ACTUAL,VNSTOCK_BRONZE
SPC,LATEST,balance_sheet,off_balance,0.0,ACTUAL,VNSTOCK_BRONZE
SPC,LATEST,balance_sheet,value,39203660091.0,ACTUAL,VNSTOCK_BRONZE
SPC,LATEST,balance_sheet,order,113.0,ACTUAL,VNSTOCK_BRONZE
SPC,LATEST,balance_sheet,level,3.0,ACTUAL,VNSTOCK_BRONZE
SPC,LATEST,balance_sheet,off_balance,0.0,ACTUAL,VNSTOCK_BRONZE
SPC,LATEST,balance_sheet,value,17411620374.0,ACTUAL,VNSTOCK_BRONZE
SPC,LATEST,balance_sheet,order,114.0,ACTUAL,VNSTOCK_BRONZE
SPC,LATEST,balance_sheet,level,3.0,ACTUAL,VNSTOCK_BRONZE
SPC,LATEST,balance_sheet,off_balance,0.0,ACTUAL,VNSTOCK_BRONZE
SPC,LATEST,balance_sheet,value,21792039717.0,ACTUAL,VNSTOCK_BRONZE
SPC,LATEST,balance_sheet,order,115.0,ACTUAL,VNSTOCK_BRONZE
SPC,LATEST,balance_sheet,level,2.0,ACTUAL,VNSTOCK_BRONZE
SPC,LATEST,balance_sheet,off_balance,0.0,ACTUAL,VNSTOCK_BRONZE
SPC,LATEST,balance_sheet,value,10341572784.0,ACTUAL,VNSTOCK_BRONZE
SPC,LATEST,balance_sheet,order,116.0,ACTUAL,VNSTOCK_BRONZE
SPC,LATEST,balance_sheet,level,1.0,ACTUAL,VNSTOCK_BRONZE
SPC,LATEST,balance_sheet,off_balance,0.0,ACTUAL,VNSTOCK_BRONZE
SPC,LATEST,balance_sheet,value,0.0,ACTUAL,VNSTOCK_BRONZE
SPC,LATEST,balance_sheet,order,117.0,ACTUAL,VNSTOCK_BRONZE
SPC,LATEST,balance_sheet,level,2.0,ACTUAL,VNSTOCK_BRONZE
SPC,LATEST,balance_sheet,off_balance,0.0,ACTUAL,VNSTOCK_BRONZE
SPC,LATEST,balance_sheet,value,0.0,ACTUAL,VNSTOCK_BRONZE
SPC,LATEST,balance_sheet,order,118.0,ACTUAL,VNSTOCK_BRONZE
SPC,LATEST,balance_sheet,level,1.0,ACTUAL,VNSTOCK_BRONZE
SPC,LATEST,balance_sheet,off_balance,0.0,ACTUAL,VNSTOCK_BRONZE
SPC,LATEST,balance_sheet,value,659198044606.0,ACTUAL,VNSTOCK_BRONZE
SPC,LATEST,balance_sheet,order,1.0,ACTUAL,VNSTOCK_BRONZE
SPC,LATEST,balance_sheet,level,1.0,ACTUAL,VNSTOCK_BRONZE
SPC,LATEST,balance_sheet,off_balance,0.0,ACTUAL,VNSTOCK_BRONZE
SPC,LATEST,balance_sheet,value,637561868412.0,ACTUAL,VNSTOCK_BRONZE
SPC,LATEST,balance_sheet,order,2.0,ACTUAL,VNSTOCK_BRONZE
SPC,LATEST,balance_sheet,level,1.0,ACTUAL,VNSTOCK_BRONZE
SPC,LATEST,balance_sheet,off_balance,0.0,ACTUAL,VNSTOCK_BRONZE
SPC,LATEST,balance_sheet,value,102218305405.0,ACTUAL,VNSTOCK_BRONZE
SPC,LATEST,balance_sheet,order,3.0,ACTUAL,VNSTOCK_BRONZE
SPC,LATEST,balance_sheet,level,2.0,ACTUAL,VNSTOCK_BRONZE
SPC,LATEST,balance_sheet,off_balance,0.0,ACTUAL,VNSTOCK_BRONZE
SPC,LATEST,balance_sheet,value,90218305405.0,ACTUAL,VNSTOCK_BRONZE
SPC,LATEST,balance_sheet,order,4.0,ACTUAL,VNSTOCK_BRONZE
SPC,LATEST,balance_sheet,level,2.0,ACTUAL,VNSTOCK_BRONZE
SPC,LATEST,balance_sheet,off_balance,0.0,ACTUAL,VNSTOCK_BRONZE
SPC,LATEST,balance_sheet,value,12000000000.0,ACTUAL,VNSTOCK_BRONZE
SPC,LATEST,balance_sheet,order,5.0,ACTUAL,VNSTOCK_BRONZE
SPC,LATEST,balance_sheet,level,1.0,ACTUAL,VNSTOCK_BRONZE
SPC,LATEST,balance_sheet,off_balance,0.0,ACTUAL,VNSTOCK_BRONZE
SPC,LATEST,balance_sheet,value,0.0,ACTUAL,VNSTOCK_BRONZE
SPC,LATEST,balance_sheet,order,6.0,ACTUAL,VNSTOCK_BRONZE
SPC,LATEST,balance_sheet,level,2.0,ACTUAL,VNSTOCK_BRONZE
SPC,LATEST,balance_sheet,off_balance,0.0,ACTUAL,VNSTOCK_BRONZE
SPC,LATEST,balance_sheet,value,0.0,ACTUAL,VNSTOCK_BRONZE
SPC,LATEST,balance_sheet,order,7.0,ACTUAL,VNSTOCK_BRONZE
SPC,LATEST,balance_sheet,level,2.0,ACTUAL,VNSTOCK_BRONZE
SPC,LATEST,balance_sheet,off_balance,0.0,ACTUAL,VNSTOCK_BRONZE
SPC,LATEST,balance_sheet,value,0.0,ACTUAL,VNSTOCK_BRONZE
SPC,LATEST,balance_sheet,order,8.0,ACTUAL,VNSTOCK_BRONZE
SPC,LATEST,balance_sheet,level,2.0,ACTUAL,VNSTOCK_BRONZE
SPC,LATEST,balance_sheet,off_balance,0.0,ACTUAL,VNSTOCK_BRONZE
SPC,LATEST,balance_sheet,value,0.0,ACTUAL,VNSTOCK_BRONZE
SPC,LATEST,balance_sheet,order,9.0,ACTUAL,VNSTOCK_BRONZE
SPC,LATEST,balance_sheet,level,1.0,ACTUAL,VNSTOCK_BRONZE
SPC,LATEST,balance_sheet,off_balance,0.0,ACTUAL,VNSTOCK_BRONZE
SPC,LATEST,balance_sheet,value,117653072913.0,ACTUAL,VNSTOCK_BRONZE
SPC,LATEST,balance_sheet,order,10.0,ACTUAL,VNSTOCK_BRONZE
SPC,LATEST,balance_sheet,level,2.0,ACTUAL,VNSTOCK_BRONZE
SPC,LATEST,balance_sheet,off_balance,0.0,ACTUAL,VNSTOCK_BRONZE
SPC,LATEST,balance_sheet,value,121635020656.0,ACTUAL,VNSTOCK_BRONZE
SPC,LATEST,balance_sheet,order,11.0,ACTUAL,VNSTOCK_BRONZE
SPC,LATEST,balance_sheet,level,2.0,ACTUAL,VNSTOCK_BRONZE
SPC,LATEST,balance_sheet,off_balance,0.0,ACTUAL,VNSTOCK_BRONZE
SPC,LATEST,balance_sheet,value,5853553849.0,ACTUAL,VNSTOCK_BRONZE
SPC,LATEST,balance_sheet,order,12.0,ACTUAL,VNSTOCK_BRONZE
SPC,LATEST,balance_sheet,level,2.0,ACTUAL,VNSTOCK_BRONZE
SPC,LATEST,balance_sheet,off_balance,0.0,ACTUAL,VNSTOCK_BRONZE
SPC,LATEST,balance_sheet,value,0.0,ACTUAL,VNSTOCK_BRONZE
SPC,LATEST,balance_sheet,order,13.0,ACTUAL,VNSTOCK_BRONZE
SPC,LATEST,balance_sheet,level,2.0,ACTUAL,VNSTOCK_BRONZE
SPC,LATEST,balance_sheet,off_balance,0.0,ACTUAL,VNSTOCK_BRONZE
SPC,LATEST,balance_sheet,value,0.0,ACTUAL,VNSTOCK_BRONZE
SPC,LATEST,balance_sheet,order,14.0,ACTUAL,VNSTOCK_BRONZE
SPC,LATEST,balance_sheet,level,2.0,ACTUAL,VNSTOCK_BRONZE
SPC,LATEST,balance_sheet,off_balance,0.0,ACTUAL,VNSTOCK_BRONZE
SPC,LATEST,balance_sheet,value,0.0,ACTUAL,VNSTOCK_BRONZE
SPC,LATEST,balance_sheet,order,15.0,ACTUAL,VNSTOCK_BRONZE
SPC,LATEST,balance_sheet,level,2.0,ACTUAL,VNSTOCK_BRONZE
SPC,LATEST,balance_sheet,off_balance,0.0,ACTUAL,VNSTOCK_BRONZE
SPC,LATEST,balance_sheet,value,5141314473.0,ACTUAL,VNSTOCK_BRONZE
SPC,LATEST,balance_sheet,order,16.0,ACTUAL,VNSTOCK_BRONZE
SPC,LATEST,balance_sheet,level,2.0,ACTUAL,VNSTOCK_BRONZE
SPC,LATEST,balance_sheet,off_balance,0.0,ACTUAL,VNSTOCK_BRONZE
SPC,LATEST,balance_sheet,value,-14976816065.0,ACTUAL,VNSTOCK_BRONZE
SPC,LATEST,balance_sheet,order,17.0,ACTUAL,VNSTOCK_BRONZE
SPC,LATEST,balance_sheet,level,2.0,ACTUAL,VNSTOCK_BRONZE
SPC,LATEST,balance_sheet,off_balance,0.0,ACTUAL,VNSTOCK_BRONZE
SPC,LATEST,balance_sheet,value,0.0,ACTUAL,VNSTOCK_BRONZE
SPC,LATEST,balance_sheet,order,18.0,ACTUAL,VNSTOCK_BRONZE
SPC,LATEST,balance_sheet,level,1.0,ACTUAL,VNSTOCK_BRONZE
SPC,LATEST,balance_sheet,off_balance,0.0,ACTUAL,VNSTOCK_BRONZE
SPC,LATEST,balance_sheet,value,394047478720.0,ACTUAL,VNSTOCK_BRONZE
SPC,LATEST,balance_sheet,order,19.0,ACTUAL,VNSTOCK_BRONZE
SPC,LATEST,balance_sheet,level,2.0,ACTUAL,VNSTOCK_BRONZE
SPC,LATEST,balance_sheet,off_balance,0.0,ACTUAL,VNSTOCK_BRONZE
SPC,LATEST,balance_sheet,value,396446122805.0,ACTUAL,VNSTOCK_BRONZE
SPC,LATEST,balance_sheet,order,20.0,ACTUAL,VNSTOCK_BRONZE
SPC,LATEST,balance_sheet,level,2.0,ACTUAL,VNSTOCK_BRONZE
SPC,LATEST,balance_sheet,off_balance,0.0,ACTUAL,VNSTOCK_BRONZE
SPC,LATEST,balance_sheet,value,-2398644085.0,ACTUAL,VNSTOCK_BRONZE
SPC,LATEST,balance_sheet,order,21.0,ACTUAL,VNSTOCK_BRONZE
SPC,LATEST,balance_sheet,level,1.0,ACTUAL,VNSTOCK_BRONZE
SPC,LATEST,balance_sheet,off_balance,0.0,ACTUAL,VNSTOCK_BRONZE
SPC,LATEST,balance_sheet,value,23643011374.0,ACTUAL,VNSTOCK_BRONZE
SPC,LATEST,balance_sheet,order,22.0,ACTUAL,VNSTOCK_BRONZE
SPC,LATEST,balance_sheet,level,2.0,ACTUAL,VNSTOCK_BRONZE
SPC,LATEST,balance_sheet,off_balance,0.0,ACTUAL,VNSTOCK_BRONZE
SPC,LATEST,balance_sheet,value,1677225419.0,ACTUAL,VNSTOCK_BRONZE
SPC,LATEST,balance_sheet,order,23.0,ACTUAL,VNSTOCK_BRONZE
SPC,LATEST,balance_sheet,level,2.0,ACTUAL,VNSTOCK_BRONZE
SPC,LATEST,balance_sheet,off_balance,0.0,ACTUAL,VNSTOCK_BRONZE
SPC,LATEST,balance_sheet,value,20196373938.0,ACTUAL,VNSTOCK_BRONZE
SPC,LATEST,balance_sheet,order,24.0,ACTUAL,VNSTOCK_BRONZE
SPC,LATEST,balance_sheet,level,2.0,ACTUAL,VNSTOCK_BRONZE
SPC,LATEST,balance_sheet,off_balance,0.0,ACTUAL,VNSTOCK_BRONZE
SPC,LATEST,balance_sheet,value,1769412017.0,ACTUAL,VNSTOCK_BRONZE
SPC,LATEST,balance_sheet,order,25.0,ACTUAL,VNSTOCK_BRONZE
SPC,LATEST,balance_sheet,level,2.0,ACTUAL,VNSTOCK_BRONZE
SPC,LATEST,balance_sheet,off_balance,0.0,ACTUAL,VNSTOCK_BRONZE
SPC,LATEST,balance_sheet,value,0.0,ACTUAL,VNSTOCK_BRONZE
SPC,LATEST,balance_sheet,order,26.0,ACTUAL,VNSTOCK_BRONZE
SPC,LATEST,balance_sheet,level,1.0,ACTUAL,VNSTOCK_BRONZE
SPC,LATEST,balance_sheet,off_balance,0.0,ACTUAL,VNSTOCK_BRONZE
SPC,LATEST,balance_sheet,value,54484517599.0,ACTUAL,VNSTOCK_BRONZE
SPC,LATEST,balance_sheet,order,27.0,ACTUAL,VNSTOCK_BRONZE
SPC,LATEST,balance_sheet,level,1.0,ACTUAL,VNSTOCK_BRONZE
SPC,LATEST,balance_sheet,off_balance,0.0,ACTUAL,VNSTOCK_BRONZE
SPC,LATEST,balance_sheet,value,891767500.0,ACTUAL,VNSTOCK_BRONZE
SPC,LATEST,balance_sheet,order,28.0,ACTUAL,VNSTOCK_BRONZE
SPC,LATEST,balance_sheet,level,2.0,ACTUAL,VNSTOCK_BRONZE
SPC,LATEST,balance_sheet,off_balance,0.0,ACTUAL,VNSTOCK_BRONZE
SPC,LATEST,balance_sheet,value,0.0,ACTUAL,VNSTOCK_BRONZE
SPC,LATEST,balance_sheet,order,29.0,ACTUAL,VNSTOCK_BRONZE
SPC,LATEST,balance_sheet,level,2.0,ACTUAL,VNSTOCK_BRONZE
SPC,LATEST,balance_sheet,off_balance,0.0,ACTUAL,VNSTOCK_BRONZE
SPC,LATEST,balance_sheet,value,0.0,ACTUAL,VNSTOCK_BRONZE
SPC,LATEST,balance_sheet,order,30.0,ACTUAL,VNSTOCK_BRONZE
SPC,LATEST,balance_sheet,level,2.0,ACTUAL,VNSTOCK_BRONZE
SPC,LATEST,balance_sheet,off_balance,0.0,ACTUAL,VNSTOCK_BRONZE
SPC,LATEST,balance_sheet,value,0.0,ACTUAL,VNSTOCK_BRONZE
SPC,LATEST,balance_sheet,order,31.0,ACTUAL,VNSTOCK_BRONZE
SPC,LATEST,balance_sheet,level,2.0,ACTUAL,VNSTOCK_BRONZE
SPC,LATEST,balance_sheet,off_balance,0.0,ACTUAL,VNSTOCK_BRONZE
SPC,LATEST,balance_sheet,value,0.0,ACTUAL,VNSTOCK_BRONZE
SPC,LATEST,balance_sheet,order,32.0,ACTUAL,VNSTOCK_BRONZE
SPC,LATEST,balance_sheet,level,2.0,ACTUAL,VNSTOCK_BRONZE
SPC,LATEST,balance_sheet,off_balance,0.0,ACTUAL,VNSTOCK_BRONZE
SPC,LATEST,balance_sheet,value,891767500.0,ACTUAL,VNSTOCK_BRONZE
SPC,LATEST,balance_sheet,order,33.0,ACTUAL,VNSTOCK_BRONZE
SPC,LATEST,balance_sheet,level,2.0,ACTUAL,VNSTOCK_BRONZE
SPC,LATEST,balance_sheet,off_balance,0.0,ACTUAL,VNSTOCK_BRONZE
SPC,LATEST,balance_sheet,value,-0.0,ACTUAL,VNSTOCK_BRONZE
SPC,LATEST,balance_sheet,order,34.0,ACTUAL,VNSTOCK_BRONZE
SPC,LATEST,balance_sheet,level,1.0,ACTUAL,VNSTOCK_BRONZE
SPC,LATEST,balance_sheet,off_balance,0.0,ACTUAL,VNSTOCK_BRONZE
SPC,LATEST,balance_sheet,value,34170655141.0,ACTUAL,VNSTOCK_BRONZE
SPC,LATEST,balance_sheet,order,35.0,ACTUAL,VNSTOCK_BRONZE
SPC,LATEST,balance_sheet,level,2.0,ACTUAL,VNSTOCK_BRONZE
SPC,LATEST,balance_sheet,off_balance,0.0,ACTUAL,VNSTOCK_BRONZE
SPC,LATEST,balance_sheet,value,26815843163.0,ACTUAL,VNSTOCK_BRONZE
SPC,LATEST,balance_sheet,order,36.0,ACTUAL,VNSTOCK_BRONZE
SPC,LATEST,balance_sheet,level,3.0,ACTUAL,VNSTOCK_BRONZE
SPC,LATEST,balance_sheet,off_balance,0.0,ACTUAL,VNSTOCK_BRONZE
SPC,LATEST,balance_sheet,value,147197687313.0,ACTUAL,VNSTOCK_BRONZE
SPC,LATEST,balance_sheet,order,37.0,ACTUAL,VNSTOCK_BRONZE
SPC,LATEST,balance_sheet,level,3.0,ACTUAL,VNSTOCK_BRONZE
SPC,LATEST,balance_sheet,off_balance,0.0,ACTUAL,VNSTOCK_BRONZE
SPC,LATEST,balance_sheet,value,-120381844150.0,ACTUAL,VNSTOCK_BRONZE
SPC,LATEST,balance_sheet,order,38.0,ACTUAL,VNSTOCK_BRONZE
SPC,LATEST,balance_sheet,level,2.0,ACTUAL,VNSTOCK_BRONZE
SPC,LATEST,balance_sheet,off_balance,0.0,ACTUAL,VNSTOCK_BRONZE
SPC,LATEST,balance_sheet,value,2355299387.0,ACTUAL,VNSTOCK_BRONZE
SPC,LATEST,balance_sheet,order,39.0,ACTUAL,VNSTOCK_BRONZE
SPC,LATEST,balance_sheet,level,3.0,ACTUAL,VNSTOCK_BRONZE
SPC,LATEST,balance_sheet,off_balance,0.0,ACTUAL,VNSTOCK_BRONZE
SPC,LATEST,balance_sheet,value,6008312210.0,ACTUAL,VNSTOCK_BRONZE
SPC,LATEST,balance_sheet,order,40.0,ACTUAL,VNSTOCK_BRONZE
SPC,LATEST,balance_sheet,level,3.0,ACTUAL,VNSTOCK_BRONZE
SPC,LATEST,balance_sheet,off_balance,0.0,ACTUAL,VNSTOCK_BRONZE
SPC,LATEST,balance_sheet,value,-3653012823.0,ACTUAL,VNSTOCK_BRONZE
SPC,LATEST,balance_sheet,order,41.0,ACTUAL,VNSTOCK_BRONZE
SPC,LATEST,balance_sheet,level,2.0,ACTUAL,VNSTOCK_BRONZE
SPC,LATEST,balance_sheet,off_balance,0.0,ACTUAL,VNSTOCK_BRONZE
SPC,LATEST,balance_sheet,value,4999512591.0,ACTUAL,VNSTOCK_BRONZE
SPC,LATEST,balance_sheet,order,42.0,ACTUAL,VNSTOCK_BRONZE
SPC,LATEST,balance_sheet,level,3.0,ACTUAL,VNSTOCK_BRONZE
SPC,LATEST,balance_sheet,off_balance,0.0,ACTUAL,VNSTOCK_BRONZE
SPC,LATEST,balance_sheet,value,9261423802.0,ACTUAL,VNSTOCK_BRONZE
SPC,LATEST,balance_sheet,order,43.0,ACTUAL,VNSTOCK_BRONZE
SPC,LATEST,balance_sheet,level,3.0,ACTUAL,VNSTOCK_BRONZE
SPC,LATEST,balance_sheet,off_balance,0.0,ACTUAL,VNSTOCK_BRONZE
SPC,LATEST,balance_sheet,value,-4261911211.0,ACTUAL,VNSTOCK_BRONZE
SPC,LATEST,balance_sheet,order,44.0,ACTUAL,VNSTOCK_BRONZE
SPC,LATEST,balance_sheet,level,1.0,ACTUAL,VNSTOCK_BRONZE
SPC,LATEST,balance_sheet,off_balance,0.0,ACTUAL,VNSTOCK_BRONZE
SPC,LATEST,balance_sheet,value,537520481.0,ACTUAL,VNSTOCK_BRONZE
SPC,LATEST,balance_sheet,order,45.0,ACTUAL,VNSTOCK_BRONZE
SPC,LATEST,balance_sheet,level,2.0,ACTUAL,VNSTOCK_BRONZE
SPC,LATEST,balance_sheet,off_balance,0.0,ACTUAL,VNSTOCK_BRONZE
SPC,LATEST,balance_sheet,value,2350427309.0,ACTUAL,VNSTOCK_BRONZE
SPC,LATEST,balance_sheet,order,46.0,ACTUAL,VNSTOCK_BRONZE
SPC,LATEST,balance_sheet,level,2.0,ACTUAL,VNSTOCK_BRONZE
SPC,LATEST,balance_sheet,off_balance,0.0,ACTUAL,VNSTOCK_BRONZE
SPC,LATEST,balance_sheet,value,-1812906828.0,ACTUAL,VNSTOCK_BRONZE
SPC,LATEST,balance_sheet,order,47.0,ACTUAL,VNSTOCK_BRONZE
SPC,LATEST,balance_sheet,level,1.0,ACTUAL,VNSTOCK_BRONZE
SPC,LATEST,balance_sheet,off_balance,0.0,ACTUAL,VNSTOCK_BRONZE
SPC,LATEST,balance_sheet,value,4617768417.0,ACTUAL,VNSTOCK_BRONZE
SPC,LATEST,balance_sheet,order,48.0,ACTUAL,VNSTOCK_BRONZE
SPC,LATEST,balance_sheet,level,2.0,ACTUAL,VNSTOCK_BRONZE
SPC,LATEST,balance_sheet,off_balance,0.0,ACTUAL,VNSTOCK_BRONZE
SPC,LATEST,balance_sheet,value,0.0,ACTUAL,VNSTOCK_BRONZE
SPC,LATEST,balance_sheet,order,49.0,ACTUAL,VNSTOCK_BRONZE
SPC,LATEST,balance_sheet,level,2.0,ACTUAL,VNSTOCK_BRONZE
SPC,LATEST,balance_sheet,off_balance,0.0,ACTUAL,VNSTOCK_BRONZE
SPC,LATEST,balance_sheet,value,4617768417.0,ACTUAL,VNSTOCK_BRONZE
SPC,LATEST,balance_sheet,order,50.0,ACTUAL,VNSTOCK_BRONZE
SPC,LATEST,balance_sheet,level,1.0,ACTUAL,VNSTOCK_BRONZE
SPC,LATEST,balance_sheet,off_balance,0.0,ACTUAL,VNSTOCK_BRONZE
SPC,LATEST,balance_sheet,value,0.0,ACTUAL,VNSTOCK_BRONZE
SPC,LATEST,balance_sheet,order,51.0,ACTUAL,VNSTOCK_BRONZE
SPC,LATEST,balance_sheet,level,2.0,ACTUAL,VNSTOCK_BRONZE
SPC,LATEST,balance_sheet,off_balance,0.0,ACTUAL,VNSTOCK_BRONZE
SPC,LATEST,balance_sheet,value,0.0,ACTUAL,VNSTOCK_BRONZE
SPC,LATEST,balance_sheet,order,52.0,ACTUAL,VNSTOCK_BRONZE
SPC,LATEST,balance_sheet,level,2.0,ACTUAL,VNSTOCK_BRONZE
SPC,LATEST,balance_sheet,off_balance,0.0,ACTUAL,VNSTOCK_BRONZE
SPC,LATEST,balance_sheet,value,0.0,ACTUAL,VNSTOCK_BRONZE
SPC,LATEST,balance_sheet,order,53.0,ACTUAL,VNSTOCK_BRONZE
SPC,LATEST,balance_sheet,level,2.0,ACTUAL,VNSTOCK_BRONZE
SPC,LATEST,balance_sheet,off_balance,0.0,ACTUAL,VNSTOCK_BRONZE
SPC,LATEST,balance_sheet,value,0.0,ACTUAL,VNSTOCK_BRONZE
SPC,LATEST,balance_sheet,order,54.0,ACTUAL,VNSTOCK_BRONZE
SPC,LATEST,balance_sheet,level,2.0,ACTUAL,VNSTOCK_BRONZE
SPC,LATEST,balance_sheet,off_balance,0.0,ACTUAL,VNSTOCK_BRONZE
SPC,LATEST,balance_sheet,value,0.0,ACTUAL,VNSTOCK_BRONZE
SPC,LATEST,balance_sheet,order,55.0,ACTUAL,VNSTOCK_BRONZE
SPC,LATEST,balance_sheet,level,2.0,ACTUAL,VNSTOCK_BRONZE
SPC,LATEST,balance_sheet,off_balance,0.0,ACTUAL,VNSTOCK_BRONZE
SPC,LATEST,balance_sheet,value,0.0,ACTUAL,VNSTOCK_BRONZE
SPC,LATEST,balance_sheet,order,56.0,ACTUAL,VNSTOCK_BRONZE
SPC,LATEST,balance_sheet,level,1.0,ACTUAL,VNSTOCK_BRONZE
SPC,LATEST,balance_sheet,off_balance,0.0,ACTUAL,VNSTOCK_BRONZE
SPC,LATEST,balance_sheet,value,14266806060.0,ACTUAL,VNSTOCK_BRONZE
SPC,LATEST,balance_sheet,order,57.0,ACTUAL,VNSTOCK_BRONZE
SPC,LATEST,balance_sheet,level,2.0,ACTUAL,VNSTOCK_BRONZE
SPC,LATEST,balance_sheet,off_balance,0.0,ACTUAL,VNSTOCK_BRONZE
SPC,LATEST,balance_sheet,value,0.0,ACTUAL,VNSTOCK_BRONZE
SPC,LATEST,balance_sheet,order,58.0,ACTUAL,VNSTOCK_BRONZE
SPC,LATEST,balance_sheet,level,2.0,ACTUAL,VNSTOCK_BRONZE
SPC,LATEST,balance_sheet,off_balance,0.0,ACTUAL,VNSTOCK_BRONZE
SPC,LATEST,balance_sheet,value,14266806060.0,ACTUAL,VNSTOCK_BRONZE
SPC,LATEST,balance_sheet,order,59.0,ACTUAL,VNSTOCK_BRONZE
SPC,LATEST,balance_sheet,level,2.0,ACTUAL,VNSTOCK_BRONZE
SPC,LATEST,balance_sheet,off_balance,0.0,ACTUAL,VNSTOCK_BRONZE
SPC,LATEST,balance_sheet,value,0.0,ACTUAL,VNSTOCK_BRONZE
SPC,LATEST,balance_sheet,order,60.0,ACTUAL,VNSTOCK_BRONZE
SPC,LATEST,balance_sheet,level,2.0,ACTUAL,VNSTOCK_BRONZE
SPC,LATEST,balance_sheet,off_balance,0.0,ACTUAL,VNSTOCK_BRONZE
SPC,LATEST,balance_sheet,value,0.0,ACTUAL,VNSTOCK_BRONZE
SPC,LATEST,balance_sheet,order,61.0,ACTUAL,VNSTOCK_BRONZE
SPC,LATEST,balance_sheet,level,2.0,ACTUAL,VNSTOCK_BRONZE
SPC,LATEST,balance_sheet,off_balance,0.0,ACTUAL,VNSTOCK_BRONZE
SPC,LATEST,balance_sheet,value,0.0,ACTUAL,VNSTOCK_BRONZE
SPC,LATEST,balance_sheet,order,62.0,ACTUAL,VNSTOCK_BRONZE
SPC,LATEST,balance_sheet,level,2.0,ACTUAL,VNSTOCK_BRONZE
SPC,LATEST,balance_sheet,off_balance,0.0,ACTUAL,VNSTOCK_BRONZE
SPC,LATEST,balance_sheet,value,0.0,ACTUAL,VNSTOCK_BRONZE
SPC,LATEST,balance_sheet,order,63.0,ACTUAL,VNSTOCK_BRONZE
SPC,LATEST,balance_sheet,level,1.0,ACTUAL,VNSTOCK_BRONZE
SPC,LATEST,balance_sheet,off_balance,0.0,ACTUAL,VNSTOCK_BRONZE
SPC,LATEST,balance_sheet,value,692046386011.0,ACTUAL,VNSTOCK_BRONZE
SPC,LATEST,balance_sheet,order,64.0,ACTUAL,VNSTOCK_BRONZE
SPC,LATEST,balance_sheet,level,1.0,ACTUAL,VNSTOCK_BRONZE
SPC,LATEST,balance_sheet,off_balance,0.0,ACTUAL,VNSTOCK_BRONZE
SPC,LATEST,balance_sheet,value,466581422355.0,ACTUAL,VNSTOCK_BRONZE
SPC,LATEST,balance_sheet,order,65.0,ACTUAL,VNSTOCK_BRONZE
SPC,LATEST,balance_sheet,level,1.0,ACTUAL,VNSTOCK_BRONZE
SPC,LATEST,balance_sheet,off_balance,0.0,ACTUAL,VNSTOCK_BRONZE
SPC,LATEST,balance_sheet,value,455818315858.0,ACTUAL,VNSTOCK_BRONZE
SPC,LATEST,balance_sheet,order,66.0,ACTUAL,VNSTOCK_BRONZE
SPC,LATEST,balance_sheet,level,2.0,ACTUAL,VNSTOCK_BRONZE
SPC,LATEST,balance_sheet,off_balance,0.0,ACTUAL,VNSTOCK_BRONZE
SPC,LATEST,balance_sheet,value,0.0,ACTUAL,VNSTOCK_BRONZE
SPC,LATEST,balance_sheet,order,67.0,ACTUAL,VNSTOCK_BRONZE
SPC,LATEST,balance_sheet,level,2.0,ACTUAL,VNSTOCK_BRONZE
SPC,LATEST,balance_sheet,off_balance,0.0,ACTUAL,VNSTOCK_BRONZE
SPC,LATEST,balance_sheet,value,0.0,ACTUAL,VNSTOCK_BRONZE
SPC,LATEST,balance_sheet,order,68.0,ACTUAL,VNSTOCK_BRONZE
SPC,LATEST,balance_sheet,level,2.0,ACTUAL,VNSTOCK_BRONZE
SPC,LATEST,balance_sheet,off_balance,0.0,ACTUAL,VNSTOCK_BRONZE
SPC,LATEST,balance_sheet,value,0.0,ACTUAL,VNSTOCK_BRONZE
SPC,LATEST,balance_sheet,order,69.0,ACTUAL,VNSTOCK_BRONZE
SPC,LATEST,balance_sheet,level,2.0,ACTUAL,VNSTOCK_BRONZE
SPC,LATEST,balance_sheet,off_balance,0.0,ACTUAL,VNSTOCK_BRONZE
SPC,LATEST,balance_sheet,value,249958853067.0,ACTUAL,VNSTOCK_BRONZE
SPC,LATEST,balance_sheet,order,70.0,ACTUAL,VNSTOCK_BRONZE
SPC,LATEST,balance_sheet,level,2.0,ACTUAL,VNSTOCK_BRONZE
SPC,LATEST,balance_sheet,off_balance,0.0,ACTUAL,VNSTOCK_BRONZE
SPC,LATEST,balance_sheet,value,5727930133.0,ACTUAL,VNSTOCK_BRONZE
SPC,LATEST,balance_sheet,order,71.0,ACTUAL,VNSTOCK_BRONZE
SPC,LATEST,balance_sheet,level,2.0,ACTUAL,VNSTOCK_BRONZE
SPC,LATEST,balance_sheet,off_balance,0.0,ACTUAL,VNSTOCK_BRONZE
SPC,LATEST,balance_sheet,value,2894209144.0,ACTUAL,VNSTOCK_BRONZE
SPC,LATEST,balance_sheet,order,72.0,ACTUAL,VNSTOCK_BRONZE
SPC,LATEST,balance_sheet,level,2.0,ACTUAL,VNSTOCK_BRONZE
SPC,LATEST,balance_sheet,off_balance,0.0,ACTUAL,VNSTOCK_BRONZE
SPC,LATEST,balance_sheet,value,12671150420.0,ACTUAL,VNSTOCK_BRONZE
SPC,LATEST,balance_sheet,order,73.0,ACTUAL,VNSTOCK_BRONZE
SPC,LATEST,balance_sheet,level,2.0,ACTUAL,VNSTOCK_BRONZE
SPC,LATEST,balance_sheet,off_balance,0.0,ACTUAL,VNSTOCK_BRONZE
SPC,LATEST,balance_sheet,value,35201293.0,ACTUAL,VNSTOCK_BRONZE
SPC,LATEST,balance_sheet,order,74.0,ACTUAL,VNSTOCK_BRONZE
SPC,LATEST,balance_sheet,level,2.0,ACTUAL,VNSTOCK_BRONZE
SPC,LATEST,balance_sheet,off_balance,0.0,ACTUAL,VNSTOCK_BRONZE
SPC,LATEST,balance_sheet,value,0.0,ACTUAL,VNSTOCK_BRONZE
SPC,LATEST,balance_sheet,order,75.0,ACTUAL,VNSTOCK_BRONZE
SPC,LATEST,balance_sheet,level,2.0,ACTUAL,VNSTOCK_BRONZE
SPC,LATEST,balance_sheet,off_balance,0.0,ACTUAL,VNSTOCK_BRONZE
SPC,LATEST,balance_sheet,value,8901233497.0,ACTUAL,VNSTOCK_BRONZE
SPC,LATEST,balance_sheet,order,76.0,ACTUAL,VNSTOCK_BRONZE
SPC,LATEST,balance_sheet,level,2.0,ACTUAL,VNSTOCK_BRONZE
SPC,LATEST,balance_sheet,off_balance,0.0,ACTUAL,VNSTOCK_BRONZE
SPC,LATEST,balance_sheet,value,175376675480.0,ACTUAL,VNSTOCK_BRONZE
SPC,LATEST,balance_sheet,order,77.0,ACTUAL,VNSTOCK_BRONZE
SPC,LATEST,balance_sheet,level,2.0,ACTUAL,VNSTOCK_BRONZE
SPC,LATEST,balance_sheet,off_balance,0.0,ACTUAL,VNSTOCK_BRONZE
SPC,LATEST,balance_sheet,value,0.0,ACTUAL,VNSTOCK_BRONZE
SPC,LATEST,balance_sheet,order,78.0,ACTUAL,VNSTOCK_BRONZE
SPC,LATEST,balance_sheet,level,2.0,ACTUAL,VNSTOCK_BRONZE
SPC,LATEST,balance_sheet,off_balance,0.0,ACTUAL,VNSTOCK_BRONZE
SPC,LATEST,balance_sheet,value,253062824.0,ACTUAL,VNSTOCK_BRONZE
SPC,LATEST,balance_sheet,order,79.0,ACTUAL,VNSTOCK_BRONZE
SPC,LATEST,balance_sheet,level,2.0,ACTUAL,VNSTOCK_BRONZE
SPC,LATEST,balance_sheet,off_balance,0.0,ACTUAL,VNSTOCK_BRONZE
SPC,LATEST,balance_sheet,value,0.0,ACTUAL,VNSTOCK_BRONZE
SPC,LATEST,balance_sheet,order,80.0,ACTUAL,VNSTOCK_BRONZE
SPC,LATEST,balance_sheet,level,2.0,ACTUAL,VNSTOCK_BRONZE
SPC,LATEST,balance_sheet,off_balance,0.0,ACTUAL,VNSTOCK_BRONZE
SPC,LATEST,balance_sheet,value,0.0,ACTUAL,VNSTOCK_BRONZE
SPC,LATEST,balance_sheet,order,81.0,ACTUAL,VNSTOCK_BRONZE
SPC,LATEST,balance_sheet,level,2.0,ACTUAL,VNSTOCK_BRONZE
SPC,LATEST,balance_sheet,off_balance,0.0,ACTUAL,VNSTOCK_BRONZE
SPC,LATEST,balance_sheet,value,0.0,ACTUAL,VNSTOCK_BRONZE
SPC,LATEST,balance_sheet,order,82.0,ACTUAL,VNSTOCK_BRONZE
SPC,LATEST,balance_sheet,level,1.0,ACTUAL,VNSTOCK_BRONZE
SPC,LATEST,balance_sheet,off_balance,0.0,ACTUAL,VNSTOCK_BRONZE
SPC,LATEST,balance_sheet,value,10763106497.0,ACTUAL,VNSTOCK_BRONZE
SPC,LATEST,balance_sheet,order,83.0,ACTUAL,VNSTOCK_BRONZE
SPC,LATEST,balance_sheet,level,2.0,ACTUAL,VNSTOCK_BRONZE
SPC,LATEST,balance_sheet,off_balance,0.0,ACTUAL,VNSTOCK_BRONZE
SPC,LATEST,balance_sheet,value,0.0,ACTUAL,VNSTOCK_BRONZE
SPC,LATEST,balance_sheet,order,84.0,ACTUAL,VNSTOCK_BRONZE
SPC,LATEST,balance_sheet,level,2.0,ACTUAL,VNSTOCK_BRONZE
SPC,LATEST,balance_sheet,off_balance,0.0,ACTUAL,VNSTOCK_BRONZE
SPC,LATEST,balance_sheet,order,85.0,ACTUAL,VNSTOCK_BRONZE
SPC,LATEST,balance_sheet,level,2.0,ACTUAL,VNSTOCK_BRONZE
SPC,LATEST,balance_sheet,off_balance,0.0,ACTUAL,VNSTOCK_BRONZE
SPC,LATEST,balance_sheet,value,0.0,ACTUAL,VNSTOCK_BRONZE
SPC,LATEST,balance_sheet,order,86.0,ACTUAL,VNSTOCK_BRONZE
SPC,LATEST,balance_sheet,level,2.0,ACTUAL,VNSTOCK_BRONZE
SPC,LATEST,balance_sheet,off_balance,0.0,ACTUAL,VNSTOCK_BRONZE
SPC,LATEST,balance_sheet,value,0.0,ACTUAL,VNSTOCK_BRONZE
SPC,LATEST,balance_sheet,order,87.0,ACTUAL,VNSTOCK_BRONZE
SPC,LATEST,balance_sheet,level,2.0,ACTUAL,VNSTOCK_BRONZE
SPC,LATEST,balance_sheet,off_balance,0.0,ACTUAL,VNSTOCK_BRONZE
SPC,LATEST,balance_sheet,value,0.0,ACTUAL,VNSTOCK_BRONZE
SPC,LATEST,balance_sheet,order,88.0,ACTUAL,VNSTOCK_BRONZE
SPC,LATEST,balance_sheet,level,2.0,ACTUAL,VNSTOCK_BRONZE
SPC,LATEST,balance_sheet,off_balance,0.0,ACTUAL,VNSTOCK_BRONZE
SPC,LATEST,balance_sheet,value,0.0,ACTUAL,VNSTOCK_BRONZE
SPC,LATEST,balance_sheet,order,89.0,ACTUAL,VNSTOCK_BRONZE
SPC,LATEST,balance_sheet,level,2.0,ACTUAL,VNSTOCK_BRONZE
SPC,LATEST,balance_sheet,off_balance,0.0,ACTUAL,VNSTOCK_BRONZE
SPC,LATEST,balance_sheet,value,0.0,ACTUAL,VNSTOCK_BRONZE
SPC,LATEST,balance_sheet,order,90.0,ACTUAL,VNSTOCK_BRONZE
SPC,LATEST,balance_sheet,level,2.0,ACTUAL,VNSTOCK_BRONZE
SPC,LATEST,balance_sheet,off_balance,0.0,ACTUAL,VNSTOCK_BRONZE
SPC,LATEST,balance_sheet,value,2164354000.0,ACTUAL,VNSTOCK_BRONZE
SPC,LATEST,balance_sheet,order,91.0,ACTUAL,VNSTOCK_BRONZE
SPC,LATEST,balance_sheet,level,2.0,ACTUAL,VNSTOCK_BRONZE
SPC,LATEST,balance_sheet,off_balance,0.0,ACTUAL,VNSTOCK_BRONZE
SPC,LATEST,balance_sheet,value,5694197060.0,ACTUAL,VNSTOCK_BRONZE
SPC,LATEST,balance_sheet,order,92.0,ACTUAL,VNSTOCK_BRONZE
SPC,LATEST,balance_sheet,level,2.0,ACTUAL,VNSTOCK_BRONZE
SPC,LATEST,balance_sheet,off_balance,0.0,ACTUAL,VNSTOCK_BRONZE
SPC,LATEST,balance_sheet,value,0.0,ACTUAL,VNSTOCK_BRONZE
SPC,LATEST,balance_sheet,order,93.0,ACTUAL,VNSTOCK_BRONZE
SPC,LATEST,balance_sheet,level,2.0,ACTUAL,VNSTOCK_BRONZE
SPC,LATEST,balance_sheet,off_balance,0.0,ACTUAL,VNSTOCK_BRONZE
SPC,LATEST,balance_sheet,value,2904555437.0,ACTUAL,VNSTOCK_BRONZE
SPC,LATEST,balance_sheet,order,94.0,ACTUAL,VNSTOCK_BRONZE
SPC,LATEST,balance_sheet,level,2.0,ACTUAL,VNSTOCK_BRONZE
SPC,LATEST,balance_sheet,off_balance,0.0,ACTUAL,VNSTOCK_BRONZE
SPC,LATEST,balance_sheet,value,0.0,ACTUAL,VNSTOCK_BRONZE
SPC,LATEST,balance_sheet,order,95.0,ACTUAL,VNSTOCK_BRONZE
SPC,LATEST,balance_sheet,level,2.0,ACTUAL,VNSTOCK_BRONZE
SPC,LATEST,balance_sheet,off_balance,0.0,ACTUAL,VNSTOCK_BRONZE
SPC,LATEST,balance_sheet,value,0.0,ACTUAL,VNSTOCK_BRONZE
SPC,LATEST,balance_sheet,order,96.0,ACTUAL,VNSTOCK_BRONZE
SPC,LATEST,balance_sheet,level,1.0,ACTUAL,VNSTOCK_BRONZE
SPC,LATEST,balance_sheet,off_balance,0.0,ACTUAL,VNSTOCK_BRONZE
SPC,LATEST,balance_sheet,value,225464963656.0,ACTUAL,VNSTOCK_BRONZE
SPC,LATEST,balance_sheet,order,97.0,ACTUAL,VNSTOCK_BRONZE
SPC,LATEST,balance_sheet,level,1.0,ACTUAL,VNSTOCK_BRONZE
SPC,LATEST,balance_sheet,off_balance,0.0,ACTUAL,VNSTOCK_BRONZE
SPC,LATEST,balance_sheet,value,225464963656.0,ACTUAL,VNSTOCK_BRONZE
SPC,LATEST,balance_sheet,order,98.0,ACTUAL,VNSTOCK_BRONZE
SPC,LATEST,balance_sheet,level,2.0,ACTUAL,VNSTOCK_BRONZE
SPC,LATEST,balance_sheet,off_balance,0.0,ACTUAL,VNSTOCK_BRONZE
SPC,LATEST,balance_sheet,value,0.0,ACTUAL,VNSTOCK_BRONZE
SPC,LATEST,balance_sheet,order,99.0,ACTUAL,VNSTOCK_BRONZE
SPC,LATEST,balance_sheet,level,2.0,ACTUAL,VNSTOCK_BRONZE
SPC,LATEST,balance_sheet,off_balance,0.0,ACTUAL,VNSTOCK_BRONZE
SPC,LATEST,balance_sheet,value,0.0,ACTUAL,VNSTOCK_BRONZE
SPC,LATEST,balance_sheet,order,100.0,ACTUAL,VNSTOCK_BRONZE
SPC,LATEST,balance_sheet,level,2.0,ACTUAL,VNSTOCK_BRONZE
SPC,LATEST,balance_sheet,off_balance,0.0,ACTUAL,VNSTOCK_BRONZE
SPC,LATEST,balance_sheet,value,0.0,ACTUAL,VNSTOCK_BRONZE
SPC,LATEST,balance_sheet,order,101.0,ACTUAL,VNSTOCK_BRONZE
SPC,LATEST,balance_sheet,level,2.0,ACTUAL,VNSTOCK_BRONZE
SPC,LATEST,balance_sheet,off_balance,0.0,ACTUAL,VNSTOCK_BRONZE
SPC,LATEST,balance_sheet,value,0.0,ACTUAL,VNSTOCK_BRONZE
SPC,LATEST,balance_sheet,order,102.0,ACTUAL,VNSTOCK_BRONZE
SPC,LATEST,balance_sheet,level,2.0,ACTUAL,VNSTOCK_BRONZE
SPC,LATEST,balance_sheet,off_balance,0.0,ACTUAL,VNSTOCK_BRONZE
SPC,LATEST,balance_sheet,value,105300000000.0,ACTUAL,VNSTOCK_BRONZE
SPC,LATEST,balance_sheet,order,103.0,ACTUAL,VNSTOCK_BRONZE
SPC,LATEST,balance_sheet,level,3.0,ACTUAL,VNSTOCK_BRONZE
SPC,LATEST,balance_sheet,off_balance,0.0,ACTUAL,VNSTOCK_BRONZE
SPC,LATEST,balance_sheet,value,105300000000.0,ACTUAL,VNSTOCK_BRONZE
SPC,LATEST,balance_sheet,order,104.0,ACTUAL,VNSTOCK_BRONZE
SPC,LATEST,balance_sheet,level,2.0,ACTUAL,VNSTOCK_BRONZE
SPC,LATEST,balance_sheet,off_balance,0.0,ACTUAL,VNSTOCK_BRONZE
SPC,LATEST,balance_sheet,value,782715818.0,ACTUAL,VNSTOCK_BRONZE
SPC,LATEST,balance_sheet,order,105.0,ACTUAL,VNSTOCK_BRONZE
SPC,LATEST,balance_sheet,level,2.0,ACTUAL,VNSTOCK_BRONZE
SPC,LATEST,balance_sheet,off_balance,0.0,ACTUAL,VNSTOCK_BRONZE
SPC,LATEST,balance_sheet,value,0.0,ACTUAL,VNSTOCK_BRONZE
SPC,LATEST,balance_sheet,order,106.0,ACTUAL,VNSTOCK_BRONZE
SPC,LATEST,balance_sheet,level,2.0,ACTUAL,VNSTOCK_BRONZE
SPC,LATEST,balance_sheet,off_balance,0.0,ACTUAL,VNSTOCK_BRONZE
SPC,LATEST,balance_sheet,value,0.0,ACTUAL,VNSTOCK_BRONZE
SPC,LATEST,balance_sheet,order,107.0,ACTUAL,VNSTOCK_BRONZE
SPC,LATEST,balance_sheet,level,2.0,ACTUAL,VNSTOCK_BRONZE
SPC,LATEST,balance_sheet,off_balance,0.0,ACTUAL,VNSTOCK_BRONZE
SPC,LATEST,balance_sheet,value,0.0,ACTUAL,VNSTOCK_BRONZE
SPC,LATEST,balance_sheet,order,108.0,ACTUAL,VNSTOCK_BRONZE
SPC,LATEST,balance_sheet,level,2.0,ACTUAL,VNSTOCK_BRONZE
SPC,LATEST,balance_sheet,off_balance,0.0,ACTUAL,VNSTOCK_BRONZE
SPC,LATEST,balance_sheet,value,12817800506.0,ACTUAL,VNSTOCK_BRONZE
SPC,LATEST,balance_sheet,order,109.0,ACTUAL,VNSTOCK_BRONZE
SPC,LATEST,balance_sheet,level,2.0,ACTUAL,VNSTOCK_BRONZE
SPC,LATEST,balance_sheet,off_balance,0.0,ACTUAL,VNSTOCK_BRONZE
SPC,LATEST,balance_sheet,value,60123450469.0,ACTUAL,VNSTOCK_BRONZE
SPC,LATEST,balance_sheet,order,110.0,ACTUAL,VNSTOCK_BRONZE
SPC,LATEST,balance_sheet,level,2.0,ACTUAL,VNSTOCK_BRONZE
SPC,LATEST,balance_sheet,off_balance,0.0,ACTUAL,VNSTOCK_BRONZE
SPC,LATEST,balance_sheet,value,0.0,ACTUAL,VNSTOCK_BRONZE
SPC,LATEST,balance_sheet,order,111.0,ACTUAL,VNSTOCK_BRONZE
SPC,LATEST,balance_sheet,level,2.0,ACTUAL,VNSTOCK_BRONZE
SPC,LATEST,balance_sheet,off_balance,0.0,ACTUAL,VNSTOCK_BRONZE
SPC,LATEST,balance_sheet,value,0.0,ACTUAL,VNSTOCK_BRONZE
SPC,LATEST,balance_sheet,order,112.0,ACTUAL,VNSTOCK_BRONZE
SPC,LATEST,balance_sheet,level,2.0,ACTUAL,VNSTOCK_BRONZE
SPC,LATEST,balance_sheet,off_balance,0.0,ACTUAL,VNSTOCK_BRONZE
SPC,LATEST,balance_sheet,value,36051385384.0,ACTUAL,VNSTOCK_BRONZE
SPC,LATEST,balance_sheet,order,113.0,ACTUAL,VNSTOCK_BRONZE
SPC,LATEST,balance_sheet,level,3.0,ACTUAL,VNSTOCK_BRONZE
SPC,LATEST,balance_sheet,off_balance,0.0,ACTUAL,VNSTOCK_BRONZE
SPC,LATEST,balance_sheet,value,27334615024.0,ACTUAL,VNSTOCK_BRONZE
SPC,LATEST,balance_sheet,order,114.0,ACTUAL,VNSTOCK_BRONZE
SPC,LATEST,balance_sheet,level,3.0,ACTUAL,VNSTOCK_BRONZE
SPC,LATEST,balance_sheet,off_balance,0.0,ACTUAL,VNSTOCK_BRONZE
SPC,LATEST,balance_sheet,value,8716770360.0,ACTUAL,VNSTOCK_BRONZE
SPC,LATEST,balance_sheet,order,115.0,ACTUAL,VNSTOCK_BRONZE
SPC,LATEST,balance_sheet,level,2.0,ACTUAL,VNSTOCK_BRONZE
SPC,LATEST,balance_sheet,off_balance,0.0,ACTUAL,VNSTOCK_BRONZE
SPC,LATEST,balance_sheet,value,10389611479.0,ACTUAL,VNSTOCK_BRONZE
SPC,LATEST,balance_sheet,order,116.0,ACTUAL,VNSTOCK_BRONZE
SPC,LATEST,balance_sheet,level,1.0,ACTUAL,VNSTOCK_BRONZE
SPC,LATEST,balance_sheet,off_balance,0.0,ACTUAL,VNSTOCK_BRONZE
SPC,LATEST,balance_sheet,value,0.0,ACTUAL,VNSTOCK_BRONZE
SPC,LATEST,balance_sheet,order,117.0,ACTUAL,VNSTOCK_BRONZE
SPC,LATEST,balance_sheet,level,2.0,ACTUAL,VNSTOCK_BRONZE
SPC,LATEST,balance_sheet,off_balance,0.0,ACTUAL,VNSTOCK_BRONZE
SPC,LATEST,balance_sheet,value,0.0,ACTUAL,VNSTOCK_BRONZE
SPC,LATEST,balance_sheet,order,118.0,ACTUAL,VNSTOCK_BRONZE
SPC,LATEST,balance_sheet,level,1.0,ACTUAL,VNSTOCK_BRONZE
SPC,LATEST,balance_sheet,off_balance,0.0,ACTUAL,VNSTOCK_BRONZE
SPC,LATEST,balance_sheet,value,692046386011.0,ACTUAL,VNSTOCK_BRONZE
SPC,LATEST,balance_sheet,order,1.0,ACTUAL,VNSTOCK_BRONZE
SPC,LATEST,balance_sheet,level,1.0,ACTUAL,VNSTOCK_BRONZE
SPC,LATEST,balance_sheet,off_balance,0.0,ACTUAL,VNSTOCK_BRONZE
SPC,LATEST,balance_sheet,value,608288555944.0,ACTUAL,VNSTOCK_BRONZE
SPC,LATEST,balance_sheet,order,2.0,ACTUAL,VNSTOCK_BRONZE
SPC,LATEST,balance_sheet,level,1.0,ACTUAL,VNSTOCK_BRONZE
SPC,LATEST,balance_sheet,off_balance,0.0,ACTUAL,VNSTOCK_BRONZE
SPC,LATEST,balance_sheet,value,83968466663.0,ACTUAL,VNSTOCK_BRONZE
SPC,LATEST,balance_sheet,order,3.0,ACTUAL,VNSTOCK_BRONZE
SPC,LATEST,balance_sheet,level,2.0,ACTUAL,VNSTOCK_BRONZE
SPC,LATEST,balance_sheet,off_balance,0.0,ACTUAL,VNSTOCK_BRONZE
SPC,LATEST,balance_sheet,value,66968466663.0,ACTUAL,VNSTOCK_BRONZE
SPC,LATEST,balance_sheet,order,4.0,ACTUAL,VNSTOCK_BRONZE
SPC,LATEST,balance_sheet,level,2.0,ACTUAL,VNSTOCK_BRONZE
SPC,LATEST,balance_sheet,off_balance,0.0,ACTUAL,VNSTOCK_BRONZE
SPC,LATEST,balance_sheet,value,17000000000.0,ACTUAL,VNSTOCK_BRONZE
SPC,LATEST,balance_sheet,order,5.0,ACTUAL,VNSTOCK_BRONZE
SPC,LATEST,balance_sheet,level,1.0,ACTUAL,VNSTOCK_BRONZE
SPC,LATEST,balance_sheet,off_balance,0.0,ACTUAL,VNSTOCK_BRONZE
SPC,LATEST,balance_sheet,value,0.0,ACTUAL,VNSTOCK_BRONZE
SPC,LATEST,balance_sheet,order,6.0,ACTUAL,VNSTOCK_BRONZE
SPC,LATEST,balance_sheet,level,2.0,ACTUAL,VNSTOCK_BRONZE
SPC,LATEST,balance_sheet,off_balance,0.0,ACTUAL,VNSTOCK_BRONZE
SPC,LATEST,balance_sheet,value,0.0,ACTUAL,VNSTOCK_BRONZE
SPC,LATEST,balance_sheet,order,7.0,ACTUAL,VNSTOCK_BRONZE
SPC,LATEST,balance_sheet,level,2.0,ACTUAL,VNSTOCK_BRONZE
SPC,LATEST,balance_sheet,off_balance,0.0,ACTUAL,VNSTOCK_BRONZE
SPC,LATEST,balance_sheet,value,0.0,ACTUAL,VNSTOCK_BRONZE
SPC,LATEST,balance_sheet,order,8.0,ACTUAL,VNSTOCK_BRONZE
SPC,LATEST,balance_sheet,level,2.0,ACTUAL,VNSTOCK_BRONZE
SPC,LATEST,balance_sheet,off_balance,0.0,ACTUAL,VNSTOCK_BRONZE
SPC,LATEST,balance_sheet,value,0.0,ACTUAL,VNSTOCK_BRONZE
SPC,LATEST,balance_sheet,order,9.0,ACTUAL,VNSTOCK_BRONZE
SPC,LATEST,balance_sheet,level,1.0,ACTUAL,VNSTOCK_BRONZE
SPC,LATEST,balance_sheet,off_balance,0.0,ACTUAL,VNSTOCK_BRONZE
SPC,LATEST,balance_sheet,value,160875295723.0,ACTUAL,VNSTOCK_BRONZE
SPC,LATEST,balance_sheet,order,10.0,ACTUAL,VNSTOCK_BRONZE
SPC,LATEST,balance_sheet,level,2.0,ACTUAL,VNSTOCK_BRONZE
SPC,LATEST,balance_sheet,off_balance,0.0,ACTUAL,VNSTOCK_BRONZE
SPC,LATEST,balance_sheet,value,164506840126.0,ACTUAL,VNSTOCK_BRONZE
SPC,LATEST,balance_sheet,order,11.0,ACTUAL,VNSTOCK_BRONZE
SPC,LATEST,balance_sheet,level,2.0,ACTUAL,VNSTOCK_BRONZE
SPC,LATEST,balance_sheet,off_balance,0.0,ACTUAL,VNSTOCK_BRONZE
SPC,LATEST,balance_sheet,value,4370118715.0,ACTUAL,VNSTOCK_BRONZE
SPC,LATEST,balance_sheet,order,12.0,ACTUAL,VNSTOCK_BRONZE
SPC,LATEST,balance_sheet,level,2.0,ACTUAL,VNSTOCK_BRONZE
SPC,LATEST,balance_sheet,off_balance,0.0,ACTUAL,VNSTOCK_BRONZE
SPC,LATEST,balance_sheet,value,0.0,ACTUAL,VNSTOCK_BRONZE
SPC,LATEST,balance_sheet,order,13.0,ACTUAL,VNSTOCK_BRONZE
SPC,LATEST,balance_sheet,level,2.0,ACTUAL,VNSTOCK_BRONZE
SPC,LATEST,balance_sheet,off_balance,0.0,ACTUAL,VNSTOCK_BRONZE
SPC,LATEST,balance_sheet,value,0.0,ACTUAL,VNSTOCK_BRONZE
SPC,LATEST,balance_sheet,order,14.0,ACTUAL,VNSTOCK_BRONZE
SPC,LATEST,balance_sheet,level,2.0,ACTUAL,VNSTOCK_BRONZE
SPC,LATEST,balance_sheet,off_balance,0.0,ACTUAL,VNSTOCK_BRONZE
SPC,LATEST,balance_sheet,value,0.0,ACTUAL,VNSTOCK_BRONZE
SPC,LATEST,balance_sheet,order,15.0,ACTUAL,VNSTOCK_BRONZE
SPC,LATEST,balance_sheet,level,2.0,ACTUAL,VNSTOCK_BRONZE
SPC,LATEST,balance_sheet,off_balance,0.0,ACTUAL,VNSTOCK_BRONZE
SPC,LATEST,balance_sheet,value,7149693067.0,ACTUAL,VNSTOCK_BRONZE
SPC,LATEST,balance_sheet,order,16.0,ACTUAL,VNSTOCK_BRONZE
SPC,LATEST,balance_sheet,level,2.0,ACTUAL,VNSTOCK_BRONZE
SPC,LATEST,balance_sheet,off_balance,0.0,ACTUAL,VNSTOCK_BRONZE
SPC,LATEST,balance_sheet,value,-15156524985.0,ACTUAL,VNSTOCK_BRONZE
SPC,LATEST,balance_sheet,order,17.0,ACTUAL,VNSTOCK_BRONZE
SPC,LATEST,balance_sheet,level,2.0,ACTUAL,VNSTOCK_BRONZE
SPC,LATEST,balance_sheet,off_balance,0.0,ACTUAL,VNSTOCK_BRONZE
SPC,LATEST,balance_sheet,value,5168800.0,ACTUAL,VNSTOCK_BRONZE
SPC,LATEST,balance_sheet,order,18.0,ACTUAL,VNSTOCK_BRONZE
SPC,LATEST,balance_sheet,level,1.0,ACTUAL,VNSTOCK_BRONZE
SPC,LATEST,balance_sheet,off_balance,0.0,ACTUAL,VNSTOCK_BRONZE
SPC,LATEST,balance_sheet,value,343515502179.0,ACTUAL,VNSTOCK_BRONZE
SPC,LATEST,balance_sheet,order,19.0,ACTUAL,VNSTOCK_BRONZE
SPC,LATEST,balance_sheet,level,2.0,ACTUAL,VNSTOCK_BRONZE
SPC,LATEST,balance_sheet,off_balance,0.0,ACTUAL,VNSTOCK_BRONZE
SPC,LATEST,balance_sheet,value,345914146264.0,ACTUAL,VNSTOCK_BRONZE
SPC,LATEST,balance_sheet,order,20.0,ACTUAL,VNSTOCK_BRONZE
SPC,LATEST,balance_sheet,level,2.0,ACTUAL,VNSTOCK_BRONZE
SPC,LATEST,balance_sheet,off_balance,0.0,ACTUAL,VNSTOCK_BRONZE
SPC,LATEST,balance_sheet,value,-2398644085.0,ACTUAL,VNSTOCK_BRONZE
SPC,LATEST,balance_sheet,order,21.0,ACTUAL,VNSTOCK_BRONZE
SPC,LATEST,balance_sheet,level,1.0,ACTUAL,VNSTOCK_BRONZE
SPC,LATEST,balance_sheet,off_balance,0.0,ACTUAL,VNSTOCK_BRONZE
SPC,LATEST,balance_sheet,value,19929291379.0,ACTUAL,VNSTOCK_BRONZE
SPC,LATEST,balance_sheet,order,22.0,ACTUAL,VNSTOCK_BRONZE
SPC,LATEST,balance_sheet,level,2.0,ACTUAL,VNSTOCK_BRONZE
SPC,LATEST,balance_sheet,off_balance,0.0,ACTUAL,VNSTOCK_BRONZE
SPC,LATEST,balance_sheet,value,1406995538.0,ACTUAL,VNSTOCK_BRONZE
SPC,LATEST,balance_sheet,order,23.0,ACTUAL,VNSTOCK_BRONZE
SPC,LATEST,balance_sheet,level,2.0,ACTUAL,VNSTOCK_BRONZE
SPC,LATEST,balance_sheet,off_balance,0.0,ACTUAL,VNSTOCK_BRONZE
SPC,LATEST,balance_sheet,value,17316930849.0,ACTUAL,VNSTOCK_BRONZE
SPC,LATEST,balance_sheet,order,24.0,ACTUAL,VNSTOCK_BRONZE
SPC,LATEST,balance_sheet,level,2.0,ACTUAL,VNSTOCK_BRONZE
SPC,LATEST,balance_sheet,off_balance,0.0,ACTUAL,VNSTOCK_BRONZE
SPC,LATEST,balance_sheet,value,1205364992.0,ACTUAL,VNSTOCK_BRONZE
SPC,LATEST,balance_sheet,order,25.0,ACTUAL,VNSTOCK_BRONZE
SPC,LATEST,balance_sheet,level,2.0,ACTUAL,VNSTOCK_BRONZE
SPC,LATEST,balance_sheet,off_balance,0.0,ACTUAL,VNSTOCK_BRONZE
SPC,LATEST,balance_sheet,value,0.0,ACTUAL,VNSTOCK_BRONZE
SPC,LATEST,balance_sheet,order,26.0,ACTUAL,VNSTOCK_BRONZE
SPC,LATEST,balance_sheet,level,1.0,ACTUAL,VNSTOCK_BRONZE
SPC,LATEST,balance_sheet,off_balance,0.0,ACTUAL,VNSTOCK_BRONZE
SPC,LATEST,balance_sheet,value,56008186382.0,ACTUAL,VNSTOCK_BRONZE
SPC,LATEST,balance_sheet,order,27.0,ACTUAL,VNSTOCK_BRONZE
SPC,LATEST,balance_sheet,level,1.0,ACTUAL,VNSTOCK_BRONZE
SPC,LATEST,balance_sheet,off_balance,0.0,ACTUAL,VNSTOCK_BRONZE
SPC,LATEST,balance_sheet,value,891767500.0,ACTUAL,VNSTOCK_BRONZE
SPC,LATEST,balance_sheet,order,28.0,ACTUAL,VNSTOCK_BRONZE
SPC,LATEST,balance_sheet,level,2.0,ACTUAL,VNSTOCK_BRONZE
SPC,LATEST,balance_sheet,off_balance,0.0,ACTUAL,VNSTOCK_BRONZE
SPC,LATEST,balance_sheet,value,0.0,ACTUAL,VNSTOCK_BRONZE
SPC,LATEST,balance_sheet,order,29.0,ACTUAL,VNSTOCK_BRONZE
SPC,LATEST,balance_sheet,level,2.0,ACTUAL,VNSTOCK_BRONZE
SPC,LATEST,balance_sheet,off_balance,0.0,ACTUAL,VNSTOCK_BRONZE
SPC,LATEST,balance_sheet,value,0.0,ACTUAL,VNSTOCK_BRONZE
SPC,LATEST,balance_sheet,order,30.0,ACTUAL,VNSTOCK_BRONZE
SPC,LATEST,balance_sheet,level,2.0,ACTUAL,VNSTOCK_BRONZE
SPC,LATEST,balance_sheet,off_balance,0.0,ACTUAL,VNSTOCK_BRONZE
SPC,LATEST,balance_sheet,value,0.0,ACTUAL,VNSTOCK_BRONZE
SPC,LATEST,balance_sheet,order,31.0,ACTUAL,VNSTOCK_BRONZE
SPC,LATEST,balance_sheet,level,2.0,ACTUAL,VNSTOCK_BRONZE
SPC,LATEST,balance_sheet,off_balance,0.0,ACTUAL,VNSTOCK_BRONZE
SPC,LATEST,balance_sheet,value,0.0,ACTUAL,VNSTOCK_BRONZE
SPC,LATEST,balance_sheet,order,32.0,ACTUAL,VNSTOCK_BRONZE
SPC,LATEST,balance_sheet,level,2.0,ACTUAL,VNSTOCK_BRONZE
SPC,LATEST,balance_sheet,off_balance,0.0,ACTUAL,VNSTOCK_BRONZE
SPC,LATEST,balance_sheet,value,891767500.0,ACTUAL,VNSTOCK_BRONZE
SPC,LATEST,balance_sheet,order,33.0,ACTUAL,VNSTOCK_BRONZE
SPC,LATEST,balance_sheet,level,2.0,ACTUAL,VNSTOCK_BRONZE
SPC,LATEST,balance_sheet,off_balance,0.0,ACTUAL,VNSTOCK_BRONZE
SPC,LATEST,balance_sheet,value,-0.0,ACTUAL,VNSTOCK_BRONZE
SPC,LATEST,balance_sheet,order,34.0,ACTUAL,VNSTOCK_BRONZE
SPC,LATEST,balance_sheet,level,1.0,ACTUAL,VNSTOCK_BRONZE
SPC,LATEST,balance_sheet,off_balance,0.0,ACTUAL,VNSTOCK_BRONZE
SPC,LATEST,balance_sheet,value,35672538090.0,ACTUAL,VNSTOCK_BRONZE
SPC,LATEST,balance_sheet,order,35.0,ACTUAL,VNSTOCK_BRONZE
SPC,LATEST,balance_sheet,level,2.0,ACTUAL,VNSTOCK_BRONZE
SPC,LATEST,balance_sheet,off_balance,0.0,ACTUAL,VNSTOCK_BRONZE
SPC,LATEST,balance_sheet,value,27998167399.0,ACTUAL,VNSTOCK_BRONZE
SPC,LATEST,balance_sheet,order,36.0,ACTUAL,VNSTOCK_BRONZE
SPC,LATEST,balance_sheet,level,3.0,ACTUAL,VNSTOCK_BRONZE
SPC,LATEST,balance_sheet,off_balance,0.0,ACTUAL,VNSTOCK_BRONZE
SPC,LATEST,balance_sheet,value,146724809086.0,ACTUAL,VNSTOCK_BRONZE
SPC,LATEST,balance_sheet,order,37.0,ACTUAL,VNSTOCK_BRONZE
SPC,LATEST,balance_sheet,level,3.0,ACTUAL,VNSTOCK_BRONZE
SPC,LATEST,balance_sheet,off_balance,0.0,ACTUAL,VNSTOCK_BRONZE
SPC,LATEST,balance_sheet,value,-118726641687.0,ACTUAL,VNSTOCK_BRONZE
SPC,LATEST,balance_sheet,order,38.0,ACTUAL,VNSTOCK_BRONZE
SPC,LATEST,balance_sheet,level,2.0,ACTUAL,VNSTOCK_BRONZE
SPC,LATEST,balance_sheet,off_balance,0.0,ACTUAL,VNSTOCK_BRONZE
SPC,LATEST,balance_sheet,value,2630930006.0,ACTUAL,VNSTOCK_BRONZE
SPC,LATEST,balance_sheet,order,39.0,ACTUAL,VNSTOCK_BRONZE
SPC,LATEST,balance_sheet,level,3.0,ACTUAL,VNSTOCK_BRONZE
SPC,LATEST,balance_sheet,off_balance,0.0,ACTUAL,VNSTOCK_BRONZE
SPC,LATEST,balance_sheet,value,6008312210.0,ACTUAL,VNSTOCK_BRONZE
SPC,LATEST,balance_sheet,order,40.0,ACTUAL,VNSTOCK_BRONZE
SPC,LATEST,balance_sheet,level,3.0,ACTUAL,VNSTOCK_BRONZE
SPC,LATEST,balance_sheet,off_balance,0.0,ACTUAL,VNSTOCK_BRONZE
SPC,LATEST,balance_sheet,value,-3377382204.0,ACTUAL,VNSTOCK_BRONZE
SPC,LATEST,balance_sheet,order,41.0,ACTUAL,VNSTOCK_BRONZE
SPC,LATEST,balance_sheet,level,2.0,ACTUAL,VNSTOCK_BRONZE
SPC,LATEST,balance_sheet,off_balance,0.0,ACTUAL,VNSTOCK_BRONZE
SPC,LATEST,balance_sheet,value,5043440685.0,ACTUAL,VNSTOCK_BRONZE
SPC,LATEST,balance_sheet,order,42.0,ACTUAL,VNSTOCK_BRONZE
SPC,LATEST,balance_sheet,level,3.0,ACTUAL,VNSTOCK_BRONZE
SPC,LATEST,balance_sheet,off_balance,0.0,ACTUAL,VNSTOCK_BRONZE
SPC,LATEST,balance_sheet,value,9261423802.0,ACTUAL,VNSTOCK_BRONZE
SPC,LATEST,balance_sheet,order,43.0,ACTUAL,VNSTOCK_BRONZE
SPC,LATEST,balance_sheet,level,3.0,ACTUAL,VNSTOCK_BRONZE
SPC,LATEST,balance_sheet,off_balance,0.0,ACTUAL,VNSTOCK_BRONZE
SPC,LATEST,balance_sheet,value,-4217983117.0,ACTUAL,VNSTOCK_BRONZE
SPC,LATEST,balance_sheet,order,44.0,ACTUAL,VNSTOCK_BRONZE
SPC,LATEST,balance_sheet,level,1.0,ACTUAL,VNSTOCK_BRONZE
SPC,LATEST,balance_sheet,off_balance,0.0,ACTUAL,VNSTOCK_BRONZE
SPC,LATEST,balance_sheet,value,604026239.0,ACTUAL,VNSTOCK_BRONZE
SPC,LATEST,balance_sheet,order,45.0,ACTUAL,VNSTOCK_BRONZE
SPC,LATEST,balance_sheet,level,2.0,ACTUAL,VNSTOCK_BRONZE
SPC,LATEST,balance_sheet,off_balance,0.0,ACTUAL,VNSTOCK_BRONZE
SPC,LATEST,balance_sheet,value,2350427309.0,ACTUAL,VNSTOCK_BRONZE
SPC,LATEST,balance_sheet,order,46.0,ACTUAL,VNSTOCK_BRONZE
SPC,LATEST,balance_sheet,level,2.0,ACTUAL,VNSTOCK_BRONZE
SPC,LATEST,balance_sheet,off_balance,0.0,ACTUAL,VNSTOCK_BRONZE
SPC,LATEST,balance_sheet,value,-1746401070.0,ACTUAL,VNSTOCK_BRONZE
SPC,LATEST,balance_sheet,order,47.0,ACTUAL,VNSTOCK_BRONZE
SPC,LATEST,balance_sheet,level,1.0,ACTUAL,VNSTOCK_BRONZE
SPC,LATEST,balance_sheet,off_balance,0.0,ACTUAL,VNSTOCK_BRONZE
SPC,LATEST,balance_sheet,value,4617768417.0,ACTUAL,VNSTOCK_BRONZE
SPC,LATEST,balance_sheet,order,48.0,ACTUAL,VNSTOCK_BRONZE
SPC,LATEST,balance_sheet,level,2.0,ACTUAL,VNSTOCK_BRONZE
SPC,LATEST,balance_sheet,off_balance,0.0,ACTUAL,VNSTOCK_BRONZE
SPC,LATEST,balance_sheet,value,0.0,ACTUAL,VNSTOCK_BRONZE
SPC,LATEST,balance_sheet,order,49.0,ACTUAL,VNSTOCK_BRONZE
SPC,LATEST,balance_sheet,level,2.0,ACTUAL,VNSTOCK_BRONZE
SPC,LATEST,balance_sheet,off_balance,0.0,ACTUAL,VNSTOCK_BRONZE
SPC,LATEST,balance_sheet,value,4617768417.0,ACTUAL,VNSTOCK_BRONZE
SPC,LATEST,balance_sheet,order,50.0,ACTUAL,VNSTOCK_BRONZE
SPC,LATEST,balance_sheet,level,1.0,ACTUAL,VNSTOCK_BRONZE
SPC,LATEST,balance_sheet,off_balance,0.0,ACTUAL,VNSTOCK_BRONZE
SPC,LATEST,balance_sheet,value,0.0,ACTUAL,VNSTOCK_BRONZE
SPC,LATEST,balance_sheet,order,51.0,ACTUAL,VNSTOCK_BRONZE
SPC,LATEST,balance_sheet,level,2.0,ACTUAL,VNSTOCK_BRONZE
SPC,LATEST,balance_sheet,off_balance,0.0,ACTUAL,VNSTOCK_BRONZE
SPC,LATEST,balance_sheet,value,0.0,ACTUAL,VNSTOCK_BRONZE
SPC,LATEST,balance_sheet,order,52.0,ACTUAL,VNSTOCK_BRONZE
SPC,LATEST,balance_sheet,level,2.0,ACTUAL,VNSTOCK_BRONZE
SPC,LATEST,balance_sheet,off_balance,0.0,ACTUAL,VNSTOCK_BRONZE
SPC,LATEST,balance_sheet,value,0.0,ACTUAL,VNSTOCK_BRONZE
SPC,LATEST,balance_sheet,order,53.0,ACTUAL,VNSTOCK_BRONZE
SPC,LATEST,balance_sheet,level,2.0,ACTUAL,VNSTOCK_BRONZE
SPC,LATEST,balance_sheet,off_balance,0.0,ACTUAL,VNSTOCK_BRONZE
SPC,LATEST,balance_sheet,value,0.0,ACTUAL,VNSTOCK_BRONZE
SPC,LATEST,balance_sheet,order,54.0,ACTUAL,VNSTOCK_BRONZE
SPC,LATEST,balance_sheet,level,2.0,ACTUAL,VNSTOCK_BRONZE
SPC,LATEST,balance_sheet,off_balance,0.0,ACTUAL,VNSTOCK_BRONZE
SPC,LATEST,balance_sheet,value,0.0,ACTUAL,VNSTOCK_BRONZE
SPC,LATEST,balance_sheet,order,55.0,ACTUAL,VNSTOCK_BRONZE
SPC,LATEST,balance_sheet,level,2.0,ACTUAL,VNSTOCK_BRONZE
SPC,LATEST,balance_sheet,off_balance,0.0,ACTUAL,VNSTOCK_BRONZE
SPC,LATEST,balance_sheet,value,0.0,ACTUAL,VNSTOCK_BRONZE
SPC,LATEST,balance_sheet,order,56.0,ACTUAL,VNSTOCK_BRONZE
SPC,LATEST,balance_sheet,level,1.0,ACTUAL,VNSTOCK_BRONZE
SPC,LATEST,balance_sheet,off_balance,0.0,ACTUAL,VNSTOCK_BRONZE
SPC,LATEST,balance_sheet,value,14222086136.0,ACTUAL,VNSTOCK_BRONZE
SPC,LATEST,balance_sheet,order,57.0,ACTUAL,VNSTOCK_BRONZE
SPC,LATEST,balance_sheet,level,2.0,ACTUAL,VNSTOCK_BRONZE
SPC,LATEST,balance_sheet,off_balance,0.0,ACTUAL,VNSTOCK_BRONZE
SPC,LATEST,balance_sheet,value,0.0,ACTUAL,VNSTOCK_BRONZE
SPC,LATEST,balance_sheet,order,58.0,ACTUAL,VNSTOCK_BRONZE
SPC,LATEST,balance_sheet,level,2.0,ACTUAL,VNSTOCK_BRONZE
SPC,LATEST,balance_sheet,off_balance,0.0,ACTUAL,VNSTOCK_BRONZE
SPC,LATEST,balance_sheet,value,14222086136.0,ACTUAL,VNSTOCK_BRONZE
SPC,LATEST,balance_sheet,order,59.0,ACTUAL,VNSTOCK_BRONZE
SPC,LATEST,balance_sheet,level,2.0,ACTUAL,VNSTOCK_BRONZE
SPC,LATEST,balance_sheet,off_balance,0.0,ACTUAL,VNSTOCK_BRONZE
SPC,LATEST,balance_sheet,value,0.0,ACTUAL,VNSTOCK_BRONZE
SPC,LATEST,balance_sheet,order,60.0,ACTUAL,VNSTOCK_BRONZE
SPC,LATEST,balance_sheet,level,2.0,ACTUAL,VNSTOCK_BRONZE
SPC,LATEST,balance_sheet,off_balance,0.0,ACTUAL,VNSTOCK_BRONZE
SPC,LATEST,balance_sheet,value,0.0,ACTUAL,VNSTOCK_BRONZE
SPC,LATEST,balance_sheet,order,61.0,ACTUAL,VNSTOCK_BRONZE
SPC,LATEST,balance_sheet,level,2.0,ACTUAL,VNSTOCK_BRONZE
SPC,LATEST,balance_sheet,off_balance,0.0,ACTUAL,VNSTOCK_BRONZE
SPC,LATEST,balance_sheet,value,0.0,ACTUAL,VNSTOCK_BRONZE
SPC,LATEST,balance_sheet,order,62.0,ACTUAL,VNSTOCK_BRONZE
SPC,LATEST,balance_sheet,level,2.0,ACTUAL,VNSTOCK_BRONZE
SPC,LATEST,balance_sheet,off_balance,0.0,ACTUAL,VNSTOCK_BRONZE
SPC,LATEST,balance_sheet,value,0.0,ACTUAL,VNSTOCK_BRONZE
SPC,LATEST,balance_sheet,order,63.0,ACTUAL,VNSTOCK_BRONZE
SPC,LATEST,balance_sheet,level,1.0,ACTUAL,VNSTOCK_BRONZE
SPC,LATEST,balance_sheet,off_balance,0.0,ACTUAL,VNSTOCK_BRONZE
SPC,LATEST,balance_sheet,value,664296742326.0,ACTUAL,VNSTOCK_BRONZE
SPC,LATEST,balance_sheet,order,64.0,ACTUAL,VNSTOCK_BRONZE
SPC,LATEST,balance_sheet,level,1.0,ACTUAL,VNSTOCK_BRONZE
SPC,LATEST,balance_sheet,off_balance,0.0,ACTUAL,VNSTOCK_BRONZE
SPC,LATEST,balance_sheet,value,431502388680.0,ACTUAL,VNSTOCK_BRONZE
SPC,LATEST,balance_sheet,order,65.0,ACTUAL,VNSTOCK_BRONZE
SPC,LATEST,balance_sheet,level,1.0,ACTUAL,VNSTOCK_BRONZE
SPC,LATEST,balance_sheet,off_balance,0.0,ACTUAL,VNSTOCK_BRONZE
SPC,LATEST,balance_sheet,value,420452282183.0,ACTUAL,VNSTOCK_BRONZE
SPC,LATEST,balance_sheet,order,66.0,ACTUAL,VNSTOCK_BRONZE
SPC,LATEST,balance_sheet,level,2.0,ACTUAL,VNSTOCK_BRONZE
SPC,LATEST,balance_sheet,off_balance,0.0,ACTUAL,VNSTOCK_BRONZE
SPC,LATEST,balance_sheet,value,0.0,ACTUAL,VNSTOCK_BRONZE
SPC,LATEST,balance_sheet,order,67.0,ACTUAL,VNSTOCK_BRONZE
SPC,LATEST,balance_sheet,level,2.0,ACTUAL,VNSTOCK_BRONZE
SPC,LATEST,balance_sheet,off_balance,0.0,ACTUAL,VNSTOCK_BRONZE
SPC,LATEST,balance_sheet,value,0.0,ACTUAL,VNSTOCK_BRONZE
SPC,LATEST,balance_sheet,order,68.0,ACTUAL,VNSTOCK_BRONZE
SPC,LATEST,balance_sheet,level,2.0,ACTUAL,VNSTOCK_BRONZE
SPC,LATEST,balance_sheet,off_balance,0.0,ACTUAL,VNSTOCK_BRONZE
SPC,LATEST,balance_sheet,value,0.0,ACTUAL,VNSTOCK_BRONZE
SPC,LATEST,balance_sheet,order,69.0,ACTUAL,VNSTOCK_BRONZE
SPC,LATEST,balance_sheet,level,2.0,ACTUAL,VNSTOCK_BRONZE
SPC,LATEST,balance_sheet,off_balance,0.0,ACTUAL,VNSTOCK_BRONZE
SPC,LATEST,balance_sheet,value,197194172124.0,ACTUAL,VNSTOCK_BRONZE
SPC,LATEST,balance_sheet,order,70.0,ACTUAL,VNSTOCK_BRONZE
SPC,LATEST,balance_sheet,level,2.0,ACTUAL,VNSTOCK_BRONZE
SPC,LATEST,balance_sheet,off_balance,0.0,ACTUAL,VNSTOCK_BRONZE
SPC,LATEST,balance_sheet,value,462966791.0,ACTUAL,VNSTOCK_BRONZE
SPC,LATEST,balance_sheet,order,71.0,ACTUAL,VNSTOCK_BRONZE
SPC,LATEST,balance_sheet,level,2.0,ACTUAL,VNSTOCK_BRONZE
SPC,LATEST,balance_sheet,off_balance,0.0,ACTUAL,VNSTOCK_BRONZE
SPC,LATEST,balance_sheet,value,2891687824.0,ACTUAL,VNSTOCK_BRONZE
SPC,LATEST,balance_sheet,order,72.0,ACTUAL,VNSTOCK_BRONZE
SPC,LATEST,balance_sheet,level,2.0,ACTUAL,VNSTOCK_BRONZE
SPC,LATEST,balance_sheet,off_balance,0.0,ACTUAL,VNSTOCK_BRONZE
SPC,LATEST,balance_sheet,value,12628257862.0,ACTUAL,VNSTOCK_BRONZE
SPC,LATEST,balance_sheet,order,73.0,ACTUAL,VNSTOCK_BRONZE
SPC,LATEST,balance_sheet,level,2.0,ACTUAL,VNSTOCK_BRONZE
SPC,LATEST,balance_sheet,off_balance,0.0,ACTUAL,VNSTOCK_BRONZE
SPC,LATEST,balance_sheet,value,319296236.0,ACTUAL,VNSTOCK_BRONZE
SPC,LATEST,balance_sheet,order,74.0,ACTUAL,VNSTOCK_BRONZE
SPC,LATEST,balance_sheet,level,2.0,ACTUAL,VNSTOCK_BRONZE
SPC,LATEST,balance_sheet,off_balance,0.0,ACTUAL,VNSTOCK_BRONZE
SPC,LATEST,balance_sheet,value,0.0,ACTUAL,VNSTOCK_BRONZE
SPC,LATEST,balance_sheet,order,75.0,ACTUAL,VNSTOCK_BRONZE
SPC,LATEST,balance_sheet,level,2.0,ACTUAL,VNSTOCK_BRONZE
SPC,LATEST,balance_sheet,off_balance,0.0,ACTUAL,VNSTOCK_BRONZE
SPC,LATEST,balance_sheet,value,0.0,ACTUAL,VNSTOCK_BRONZE
SPC,LATEST,balance_sheet,order,76.0,ACTUAL,VNSTOCK_BRONZE
SPC,LATEST,balance_sheet,level,2.0,ACTUAL,VNSTOCK_BRONZE
SPC,LATEST,balance_sheet,off_balance,0.0,ACTUAL,VNSTOCK_BRONZE
SPC,LATEST,balance_sheet,value,8634464148.0,ACTUAL,VNSTOCK_BRONZE
SPC,LATEST,balance_sheet,order,77.0,ACTUAL,VNSTOCK_BRONZE
SPC,LATEST,balance_sheet,level,2.0,ACTUAL,VNSTOCK_BRONZE
SPC,LATEST,balance_sheet,off_balance,0.0,ACTUAL,VNSTOCK_BRONZE
SPC,LATEST,balance_sheet,value,196666114528.0,ACTUAL,VNSTOCK_BRONZE
SPC,LATEST,balance_sheet,order,78.0,ACTUAL,VNSTOCK_BRONZE
SPC,LATEST,balance_sheet,level,2.0,ACTUAL,VNSTOCK_BRONZE
SPC,LATEST,balance_sheet,off_balance,0.0,ACTUAL,VNSTOCK_BRONZE
SPC,LATEST,balance_sheet,value,0.0,ACTUAL,VNSTOCK_BRONZE
SPC,LATEST,balance_sheet,order,79.0,ACTUAL,VNSTOCK_BRONZE
SPC,LATEST,balance_sheet,level,2.0,ACTUAL,VNSTOCK_BRONZE
SPC,LATEST,balance_sheet,off_balance,0.0,ACTUAL,VNSTOCK_BRONZE
SPC,LATEST,balance_sheet,value,1655322670.0,ACTUAL,VNSTOCK_BRONZE
SPC,LATEST,balance_sheet,order,80.0,ACTUAL,VNSTOCK_BRONZE
SPC,LATEST,balance_sheet,level,2.0,ACTUAL,VNSTOCK_BRONZE
SPC,LATEST,balance_sheet,off_balance,0.0,ACTUAL,VNSTOCK_BRONZE
SPC,LATEST,balance_sheet,value,0.0,ACTUAL,VNSTOCK_BRONZE
SPC,LATEST,balance_sheet,order,81.0,ACTUAL,VNSTOCK_BRONZE
SPC,LATEST,balance_sheet,level,2.0,ACTUAL,VNSTOCK_BRONZE
SPC,LATEST,balance_sheet,off_balance,0.0,ACTUAL,VNSTOCK_BRONZE
SPC,LATEST,balance_sheet,value,0.0,ACTUAL,VNSTOCK_BRONZE
SPC,LATEST,balance_sheet,order,82.0,ACTUAL,VNSTOCK_BRONZE
SPC,LATEST,balance_sheet,level,1.0,ACTUAL,VNSTOCK_BRONZE
SPC,LATEST,balance_sheet,off_balance,0.0,ACTUAL,VNSTOCK_BRONZE
SPC,LATEST,balance_sheet,value,11050106497.0,ACTUAL,VNSTOCK_BRONZE
SPC,LATEST,balance_sheet,order,83.0,ACTUAL,VNSTOCK_BRONZE
SPC,LATEST,balance_sheet,level,2.0,ACTUAL,VNSTOCK_BRONZE
SPC,LATEST,balance_sheet,off_balance,0.0,ACTUAL,VNSTOCK_BRONZE
SPC,LATEST,balance_sheet,value,0.0,ACTUAL,VNSTOCK_BRONZE
SPC,LATEST,balance_sheet,order,84.0,ACTUAL,VNSTOCK_BRONZE
SPC,LATEST,balance_sheet,level,2.0,ACTUAL,VNSTOCK_BRONZE
SPC,LATEST,balance_sheet,off_balance,0.0,ACTUAL,VNSTOCK_BRONZE
SPC,LATEST,balance_sheet,order,85.0,ACTUAL,VNSTOCK_BRONZE
SPC,LATEST,balance_sheet,level,2.0,ACTUAL,VNSTOCK_BRONZE
SPC,LATEST,balance_sheet,off_balance,0.0,ACTUAL,VNSTOCK_BRONZE
SPC,LATEST,balance_sheet,value,0.0,ACTUAL,VNSTOCK_BRONZE
SPC,LATEST,balance_sheet,order,86.0,ACTUAL,VNSTOCK_BRONZE
SPC,LATEST,balance_sheet,level,2.0,ACTUAL,VNSTOCK_BRONZE
SPC,LATEST,balance_sheet,off_balance,0.0,ACTUAL,VNSTOCK_BRONZE
SPC,LATEST,balance_sheet,value,0.0,ACTUAL,VNSTOCK_BRONZE
SPC,LATEST,balance_sheet,order,87.0,ACTUAL,VNSTOCK_BRONZE
SPC,LATEST,balance_sheet,level,2.0,ACTUAL,VNSTOCK_BRONZE
SPC,LATEST,balance_sheet,off_balance,0.0,ACTUAL,VNSTOCK_BRONZE
SPC,LATEST,balance_sheet,value,0.0,ACTUAL,VNSTOCK_BRONZE
SPC,LATEST,balance_sheet,order,88.0,ACTUAL,VNSTOCK_BRONZE
SPC,LATEST,balance_sheet,level,2.0,ACTUAL,VNSTOCK_BRONZE
SPC,LATEST,balance_sheet,off_balance,0.0,ACTUAL,VNSTOCK_BRONZE
SPC,LATEST,balance_sheet,value,0.0,ACTUAL,VNSTOCK_BRONZE
SPC,LATEST,balance_sheet,order,89.0,ACTUAL,VNSTOCK_BRONZE
SPC,LATEST,balance_sheet,level,2.0,ACTUAL,VNSTOCK_BRONZE
SPC,LATEST,balance_sheet,off_balance,0.0,ACTUAL,VNSTOCK_BRONZE
SPC,LATEST,balance_sheet,value,0.0,ACTUAL,VNSTOCK_BRONZE
SPC,LATEST,balance_sheet,order,90.0,ACTUAL,VNSTOCK_BRONZE
SPC,LATEST,balance_sheet,level,2.0,ACTUAL,VNSTOCK_BRONZE
SPC,LATEST,balance_sheet,off_balance,0.0,ACTUAL,VNSTOCK_BRONZE
SPC,LATEST,balance_sheet,value,2451354000.0,ACTUAL,VNSTOCK_BRONZE
SPC,LATEST,balance_sheet,order,91.0,ACTUAL,VNSTOCK_BRONZE
SPC,LATEST,balance_sheet,level,2.0,ACTUAL,VNSTOCK_BRONZE
SPC,LATEST,balance_sheet,off_balance,0.0,ACTUAL,VNSTOCK_BRONZE
SPC,LATEST,balance_sheet,value,5694197060.0,ACTUAL,VNSTOCK_BRONZE
SPC,LATEST,balance_sheet,order,92.0,ACTUAL,VNSTOCK_BRONZE
SPC,LATEST,balance_sheet,level,2.0,ACTUAL,VNSTOCK_BRONZE
SPC,LATEST,balance_sheet,off_balance,0.0,ACTUAL,VNSTOCK_BRONZE
SPC,LATEST,balance_sheet,value,0.0,ACTUAL,VNSTOCK_BRONZE
SPC,LATEST,balance_sheet,order,93.0,ACTUAL,VNSTOCK_BRONZE
SPC,LATEST,balance_sheet,level,2.0,ACTUAL,VNSTOCK_BRONZE
SPC,LATEST,balance_sheet,off_balance,0.0,ACTUAL,VNSTOCK_BRONZE
SPC,LATEST,balance_sheet,value,2904555437.0,ACTUAL,VNSTOCK_BRONZE
SPC,LATEST,balance_sheet,order,94.0,ACTUAL,VNSTOCK_BRONZE
SPC,LATEST,balance_sheet,level,2.0,ACTUAL,VNSTOCK_BRONZE
SPC,LATEST,balance_sheet,off_balance,0.0,ACTUAL,VNSTOCK_BRONZE
SPC,LATEST,balance_sheet,value,0.0,ACTUAL,VNSTOCK_BRONZE
SPC,LATEST,balance_sheet,order,95.0,ACTUAL,VNSTOCK_BRONZE
SPC,LATEST,balance_sheet,level,2.0,ACTUAL,VNSTOCK_BRONZE
SPC,LATEST,balance_sheet,off_balance,0.0,ACTUAL,VNSTOCK_BRONZE
SPC,LATEST,balance_sheet,value,0.0,ACTUAL,VNSTOCK_BRONZE
SPC,LATEST,balance_sheet,order,96.0,ACTUAL,VNSTOCK_BRONZE
SPC,LATEST,balance_sheet,level,1.0,ACTUAL,VNSTOCK_BRONZE
SPC,LATEST,balance_sheet,off_balance,0.0,ACTUAL,VNSTOCK_BRONZE
SPC,LATEST,balance_sheet,value,232794353646.0,ACTUAL,VNSTOCK_BRONZE
SPC,LATEST,balance_sheet,order,97.0,ACTUAL,VNSTOCK_BRONZE
SPC,LATEST,balance_sheet,level,1.0,ACTUAL,VNSTOCK_BRONZE
SPC,LATEST,balance_sheet,off_balance,0.0,ACTUAL,VNSTOCK_BRONZE
SPC,LATEST,balance_sheet,value,232794353646.0,ACTUAL,VNSTOCK_BRONZE
SPC,LATEST,balance_sheet,order,98.0,ACTUAL,VNSTOCK_BRONZE
SPC,LATEST,balance_sheet,level,2.0,ACTUAL,VNSTOCK_BRONZE
SPC,LATEST,balance_sheet,off_balance,0.0,ACTUAL,VNSTOCK_BRONZE
SPC,LATEST,balance_sheet,value,0.0,ACTUAL,VNSTOCK_BRONZE
SPC,LATEST,balance_sheet,order,99.0,ACTUAL,VNSTOCK_BRONZE
SPC,LATEST,balance_sheet,level,2.0,ACTUAL,VNSTOCK_BRONZE
SPC,LATEST,balance_sheet,off_balance,0.0,ACTUAL,VNSTOCK_BRONZE
SPC,LATEST,balance_sheet,value,0.0,ACTUAL,VNSTOCK_BRONZE
SPC,LATEST,balance_sheet,order,100.0,ACTUAL,VNSTOCK_BRONZE
SPC,LATEST,balance_sheet,level,2.0,ACTUAL,VNSTOCK_BRONZE
SPC,LATEST,balance_sheet,off_balance,0.0,ACTUAL,VNSTOCK_BRONZE
SPC,LATEST,balance_sheet,value,0.0,ACTUAL,VNSTOCK_BRONZE
SPC,LATEST,balance_sheet,order,101.0,ACTUAL,VNSTOCK_BRONZE
SPC,LATEST,balance_sheet,level,2.0,ACTUAL,VNSTOCK_BRONZE
SPC,LATEST,balance_sheet,off_balance,0.0,ACTUAL,VNSTOCK_BRONZE
SPC,LATEST,balance_sheet,value,0.0,ACTUAL,VNSTOCK_BRONZE
SPC,LATEST,balance_sheet,order,102.0,ACTUAL,VNSTOCK_BRONZE
SPC,LATEST,balance_sheet,level,2.0,ACTUAL,VNSTOCK_BRONZE
SPC,LATEST,balance_sheet,off_balance,0.0,ACTUAL,VNSTOCK_BRONZE
SPC,LATEST,balance_sheet,value,105300000000.0,ACTUAL,VNSTOCK_BRONZE
SPC,LATEST,balance_sheet,order,103.0,ACTUAL,VNSTOCK_BRONZE
SPC,LATEST,balance_sheet,level,3.0,ACTUAL,VNSTOCK_BRONZE
SPC,LATEST,balance_sheet,off_balance,0.0,ACTUAL,VNSTOCK_BRONZE
SPC,LATEST,balance_sheet,value,105300000000.0,ACTUAL,VNSTOCK_BRONZE
SPC,LATEST,balance_sheet,order,104.0,ACTUAL,VNSTOCK_BRONZE
SPC,LATEST,balance_sheet,level,2.0,ACTUAL,VNSTOCK_BRONZE
SPC,LATEST,balance_sheet,off_balance,0.0,ACTUAL,VNSTOCK_BRONZE
SPC,LATEST,balance_sheet,value,782715818.0,ACTUAL,VNSTOCK_BRONZE
SPC,LATEST,balance_sheet,order,105.0,ACTUAL,VNSTOCK_BRONZE
SPC,LATEST,balance_sheet,level,2.0,ACTUAL,VNSTOCK_BRONZE
SPC,LATEST,balance_sheet,off_balance,0.0,ACTUAL,VNSTOCK_BRONZE
SPC,LATEST,balance_sheet,value,0.0,ACTUAL,VNSTOCK_BRONZE
SPC,LATEST,balance_sheet,order,106.0,ACTUAL,VNSTOCK_BRONZE
SPC,LATEST,balance_sheet,level,2.0,ACTUAL,VNSTOCK_BRONZE
SPC,LATEST,balance_sheet,off_balance,0.0,ACTUAL,VNSTOCK_BRONZE
SPC,LATEST,balance_sheet,value,0.0,ACTUAL,VNSTOCK_BRONZE
SPC,LATEST,balance_sheet,order,107.0,ACTUAL,VNSTOCK_BRONZE
SPC,LATEST,balance_sheet,level,2.0,ACTUAL,VNSTOCK_BRONZE
SPC,LATEST,balance_sheet,off_balance,0.0,ACTUAL,VNSTOCK_BRONZE
SPC,LATEST,balance_sheet,value,0.0,ACTUAL,VNSTOCK_BRONZE
SPC,LATEST,balance_sheet,order,108.0,ACTUAL,VNSTOCK_BRONZE
SPC,LATEST,balance_sheet,level,2.0,ACTUAL,VNSTOCK_BRONZE
SPC,LATEST,balance_sheet,off_balance,0.0,ACTUAL,VNSTOCK_BRONZE
SPC,LATEST,balance_sheet,value,12817800506.0,ACTUAL,VNSTOCK_BRONZE
SPC,LATEST,balance_sheet,order,109.0,ACTUAL,VNSTOCK_BRONZE
SPC,LATEST,balance_sheet,level,2.0,ACTUAL,VNSTOCK_BRONZE
SPC,LATEST,balance_sheet,off_balance,0.0,ACTUAL,VNSTOCK_BRONZE
SPC,LATEST,balance_sheet,value,60123450469.0,ACTUAL,VNSTOCK_BRONZE
SPC,LATEST,balance_sheet,order,110.0,ACTUAL,VNSTOCK_BRONZE
SPC,LATEST,balance_sheet,level,2.0,ACTUAL,VNSTOCK_BRONZE
SPC,LATEST,balance_sheet,off_balance,0.0,ACTUAL,VNSTOCK_BRONZE
SPC,LATEST,balance_sheet,value,0.0,ACTUAL,VNSTOCK_BRONZE
SPC,LATEST,balance_sheet,order,111.0,ACTUAL,VNSTOCK_BRONZE
SPC,LATEST,balance_sheet,level,2.0,ACTUAL,VNSTOCK_BRONZE
SPC,LATEST,balance_sheet,off_balance,0.0,ACTUAL,VNSTOCK_BRONZE
SPC,LATEST,balance_sheet,value,0.0,ACTUAL,VNSTOCK_BRONZE
SPC,LATEST,balance_sheet,order,112.0,ACTUAL,VNSTOCK_BRONZE
SPC,LATEST,balance_sheet,level,2.0,ACTUAL,VNSTOCK_BRONZE
SPC,LATEST,balance_sheet,off_balance,0.0,ACTUAL,VNSTOCK_BRONZE
SPC,LATEST,balance_sheet,value,43380775374.0,ACTUAL,VNSTOCK_BRONZE
SPC,LATEST,balance_sheet,order,113.0,ACTUAL,VNSTOCK_BRONZE
SPC,LATEST,balance_sheet,level,3.0,ACTUAL,VNSTOCK_BRONZE
SPC,LATEST,balance_sheet,off_balance,0.0,ACTUAL,VNSTOCK_BRONZE
SPC,LATEST,balance_sheet,value,35588543044.0,ACTUAL,VNSTOCK_BRONZE
SPC,LATEST,balance_sheet,order,114.0,ACTUAL,VNSTOCK_BRONZE
SPC,LATEST,balance_sheet,level,3.0,ACTUAL,VNSTOCK_BRONZE
SPC,LATEST,balance_sheet,off_balance,0.0,ACTUAL,VNSTOCK_BRONZE
SPC,LATEST,balance_sheet,value,7792232330.0,ACTUAL,VNSTOCK_BRONZE
SPC,LATEST,balance_sheet,order,115.0,ACTUAL,VNSTOCK_BRONZE
SPC,LATEST,balance_sheet,level,2.0,ACTUAL,VNSTOCK_BRONZE
SPC,LATEST,balance_sheet,off_balance,0.0,ACTUAL,VNSTOCK_BRONZE
SPC,LATEST,balance_sheet,value,10389611479.0,ACTUAL,VNSTOCK_BRONZE
SPC,LATEST,balance_sheet,order,116.0,ACTUAL,VNSTOCK_BRONZE
SPC,LATEST,balance_sheet,level,1.0,ACTUAL,VNSTOCK_BRONZE
SPC,LATEST,balance_sheet,off_balance,0.0,ACTUAL,VNSTOCK_BRONZE
SPC,LATEST,balance_sheet,value,0.0,ACTUAL,VNSTOCK_BRONZE
SPC,LATEST,balance_sheet,order,117.0,ACTUAL,VNSTOCK_BRONZE
SPC,LATEST,balance_sheet,level,2.0,ACTUAL,VNSTOCK_BRONZE
SPC,LATEST,balance_sheet,off_balance,0.0,ACTUAL,VNSTOCK_BRONZE
SPC,LATEST,balance_sheet,value,0.0,ACTUAL,VNSTOCK_BRONZE
SPC,LATEST,balance_sheet,order,118.0,ACTUAL,VNSTOCK_BRONZE
SPC,LATEST,balance_sheet,level,1.0,ACTUAL,VNSTOCK_BRONZE
SPC,LATEST,balance_sheet,off_balance,0.0,ACTUAL,VNSTOCK_BRONZE
SPC,LATEST,balance_sheet,value,664296742326.0,ACTUAL,VNSTOCK_BRONZE
SPC,LATEST,balance_sheet,order,1.0,ACTUAL,VNSTOCK_BRONZE
SPC,LATEST,balance_sheet,level,1.0,ACTUAL,VNSTOCK_BRONZE
SPC,LATEST,balance_sheet,off_balance,0.0,ACTUAL,VNSTOCK_BRONZE
SPC,LATEST,balance_sheet,value,601674834903.0,ACTUAL,VNSTOCK_BRONZE
SPC,LATEST,balance_sheet,order,2.0,ACTUAL,VNSTOCK_BRONZE
SPC,LATEST,balance_sheet,level,1.0,ACTUAL,VNSTOCK_BRONZE
SPC,LATEST,balance_sheet,off_balance,0.0,ACTUAL,VNSTOCK_BRONZE
SPC,LATEST,balance_sheet,value,43136551468.0,ACTUAL,VNSTOCK_BRONZE
SPC,LATEST,balance_sheet,order,3.0,ACTUAL,VNSTOCK_BRONZE
SPC,LATEST,balance_sheet,level,2.0,ACTUAL,VNSTOCK_BRONZE
SPC,LATEST,balance_sheet,off_balance,0.0,ACTUAL,VNSTOCK_BRONZE
SPC,LATEST,balance_sheet,value,26136551468.0,ACTUAL,VNSTOCK_BRONZE
SPC,LATEST,balance_sheet,order,4.0,ACTUAL,VNSTOCK_BRONZE
SPC,LATEST,balance_sheet,level,2.0,ACTUAL,VNSTOCK_BRONZE
SPC,LATEST,balance_sheet,off_balance,0.0,ACTUAL,VNSTOCK_BRONZE
SPC,LATEST,balance_sheet,value,17000000000.0,ACTUAL,VNSTOCK_BRONZE
SPC,LATEST,balance_sheet,order,5.0,ACTUAL,VNSTOCK_BRONZE
SPC,LATEST,balance_sheet,level,1.0,ACTUAL,VNSTOCK_BRONZE
SPC,LATEST,balance_sheet,off_balance,0.0,ACTUAL,VNSTOCK_BRONZE
SPC,LATEST,balance_sheet,value,0.0,ACTUAL,VNSTOCK_BRONZE
SPC,LATEST,balance_sheet,order,6.0,ACTUAL,VNSTOCK_BRONZE
SPC,LATEST,balance_sheet,level,2.0,ACTUAL,VNSTOCK_BRONZE
SPC,LATEST,balance_sheet,off_balance,0.0,ACTUAL,VNSTOCK_BRONZE
SPC,LATEST,balance_sheet,value,0.0,ACTUAL,VNSTOCK_BRONZE
SPC,LATEST,balance_sheet,order,7.0,ACTUAL,VNSTOCK_BRONZE
SPC,LATEST,balance_sheet,level,2.0,ACTUAL,VNSTOCK_BRONZE
SPC,LATEST,balance_sheet,off_balance,0.0,ACTUAL,VNSTOCK_BRONZE
SPC,LATEST,balance_sheet,value,0.0,ACTUAL,VNSTOCK_BRONZE
SPC,LATEST,balance_sheet,order,8.0,ACTUAL,VNSTOCK_BRONZE
SPC,LATEST,balance_sheet,level,2.0,ACTUAL,VNSTOCK_BRONZE
SPC,LATEST,balance_sheet,off_balance,0.0,ACTUAL,VNSTOCK_BRONZE
SPC,LATEST,balance_sheet,value,0.0,ACTUAL,VNSTOCK_BRONZE
SPC,LATEST,balance_sheet,order,9.0,ACTUAL,VNSTOCK_BRONZE
SPC,LATEST,balance_sheet,level,1.0,ACTUAL,VNSTOCK_BRONZE
SPC,LATEST,balance_sheet,off_balance,0.0,ACTUAL,VNSTOCK_BRONZE
SPC,LATEST,balance_sheet,value,133817223427.0,ACTUAL,VNSTOCK_BRONZE
SPC,LATEST,balance_sheet,order,10.0,ACTUAL,VNSTOCK_BRONZE
SPC,LATEST,balance_sheet,level,2.0,ACTUAL,VNSTOCK_BRONZE
SPC,LATEST,balance_sheet,off_balance,0.0,ACTUAL,VNSTOCK_BRONZE
SPC,LATEST,balance_sheet,value,117664208499.0,ACTUAL,VNSTOCK_BRONZE
SPC,LATEST,balance_sheet,order,11.0,ACTUAL,VNSTOCK_BRONZE
SPC,LATEST,balance_sheet,level,2.0,ACTUAL,VNSTOCK_BRONZE
SPC,LATEST,balance_sheet,off_balance,0.0,ACTUAL,VNSTOCK_BRONZE
SPC,LATEST,balance_sheet,value,8743048096.0,ACTUAL,VNSTOCK_BRONZE
SPC,LATEST,balance_sheet,order,12.0,ACTUAL,VNSTOCK_BRONZE
SPC,LATEST,balance_sheet,level,2.0,ACTUAL,VNSTOCK_BRONZE
SPC,LATEST,balance_sheet,off_balance,0.0,ACTUAL,VNSTOCK_BRONZE
SPC,LATEST,balance_sheet,value,0.0,ACTUAL,VNSTOCK_BRONZE
SPC,LATEST,balance_sheet,order,13.0,ACTUAL,VNSTOCK_BRONZE
SPC,LATEST,balance_sheet,level,2.0,ACTUAL,VNSTOCK_BRONZE
SPC,LATEST,balance_sheet,off_balance,0.0,ACTUAL,VNSTOCK_BRONZE
SPC,LATEST,balance_sheet,value,0.0,ACTUAL,VNSTOCK_BRONZE
SPC,LATEST,balance_sheet,order,14.0,ACTUAL,VNSTOCK_BRONZE
SPC,LATEST,balance_sheet,level,2.0,ACTUAL,VNSTOCK_BRONZE
SPC,LATEST,balance_sheet,off_balance,0.0,ACTUAL,VNSTOCK_BRONZE
SPC,LATEST,balance_sheet,value,0.0,ACTUAL,VNSTOCK_BRONZE
SPC,LATEST,balance_sheet,order,15.0,ACTUAL,VNSTOCK_BRONZE
SPC,LATEST,balance_sheet,level,2.0,ACTUAL,VNSTOCK_BRONZE
SPC,LATEST,balance_sheet,off_balance,0.0,ACTUAL,VNSTOCK_BRONZE
SPC,LATEST,balance_sheet,value,22090415113.0,ACTUAL,VNSTOCK_BRONZE
SPC,LATEST,balance_sheet,order,16.0,ACTUAL,VNSTOCK_BRONZE
SPC,LATEST,balance_sheet,level,2.0,ACTUAL,VNSTOCK_BRONZE
SPC,LATEST,balance_sheet,off_balance,0.0,ACTUAL,VNSTOCK_BRONZE
SPC,LATEST,balance_sheet,value,-14680448281.0,ACTUAL,VNSTOCK_BRONZE
SPC,LATEST,balance_sheet,order,17.0,ACTUAL,VNSTOCK_BRONZE
SPC,LATEST,balance_sheet,level,2.0,ACTUAL,VNSTOCK_BRONZE
SPC,LATEST,balance_sheet,off_balance,0.0,ACTUAL,VNSTOCK_BRONZE
SPC,LATEST,balance_sheet,value,0.0,ACTUAL,VNSTOCK_BRONZE
SPC,LATEST,balance_sheet,order,18.0,ACTUAL,VNSTOCK_BRONZE
SPC,LATEST,balance_sheet,level,1.0,ACTUAL,VNSTOCK_BRONZE
SPC,LATEST,balance_sheet,off_balance,0.0,ACTUAL,VNSTOCK_BRONZE
SPC,LATEST,balance_sheet,value,415169453568.0,ACTUAL,VNSTOCK_BRONZE
SPC,LATEST,balance_sheet,order,19.0,ACTUAL,VNSTOCK_BRONZE
SPC,LATEST,balance_sheet,level,2.0,ACTUAL,VNSTOCK_BRONZE
SPC,LATEST,balance_sheet,off_balance,0.0,ACTUAL,VNSTOCK_BRONZE
SPC,LATEST,balance_sheet,value,417561144323.0,ACTUAL,VNSTOCK_BRONZE
SPC,LATEST,balance_sheet,order,20.0,ACTUAL,VNSTOCK_BRONZE
SPC,LATEST,balance_sheet,level,2.0,ACTUAL,VNSTOCK_BRONZE
SPC,LATEST,balance_sheet,off_balance,0.0,ACTUAL,VNSTOCK_BRONZE
SPC,LATEST,balance_sheet,value,-2391690755.0,ACTUAL,VNSTOCK_BRONZE
SPC,LATEST,balance_sheet,order,21.0,ACTUAL,VNSTOCK_BRONZE
SPC,LATEST,balance_sheet,level,1.0,ACTUAL,VNSTOCK_BRONZE
SPC,LATEST,balance_sheet,off_balance,0.0,ACTUAL,VNSTOCK_BRONZE
SPC,LATEST,balance_sheet,value,9551606440.0,ACTUAL,VNSTOCK_BRONZE
SPC,LATEST,balance_sheet,order,22.0,ACTUAL,VNSTOCK_BRONZE
SPC,LATEST,balance_sheet,level,2.0,ACTUAL,VNSTOCK_BRONZE
SPC,LATEST,balance_sheet,off_balance,0.0,ACTUAL,VNSTOCK_BRONZE
SPC,LATEST,balance_sheet,value,829907140.0,ACTUAL,VNSTOCK_BRONZE
SPC,LATEST,balance_sheet,order,23.0,ACTUAL,VNSTOCK_BRONZE
SPC,LATEST,balance_sheet,level,2.0,ACTUAL,VNSTOCK_BRONZE
SPC,LATEST,balance_sheet,off_balance,0.0,ACTUAL,VNSTOCK_BRONZE
SPC,LATEST,balance_sheet,value,7459241959.0,ACTUAL,VNSTOCK_BRONZE
SPC,LATEST,balance_sheet,order,24.0,ACTUAL,VNSTOCK_BRONZE
SPC,LATEST,balance_sheet,level,2.0,ACTUAL,VNSTOCK_BRONZE
SPC,LATEST,balance_sheet,off_balance,0.0,ACTUAL,VNSTOCK_BRONZE
SPC,LATEST,balance_sheet,value,1262457341.0,ACTUAL,VNSTOCK_BRONZE
SPC,LATEST,balance_sheet,order,25.0,ACTUAL,VNSTOCK_BRONZE
SPC,LATEST,balance_sheet,level,2.0,ACTUAL,VNSTOCK_BRONZE
SPC,LATEST,balance_sheet,off_balance,0.0,ACTUAL,VNSTOCK_BRONZE
SPC,LATEST,balance_sheet,value,0.0,ACTUAL,VNSTOCK_BRONZE
SPC,LATEST,balance_sheet,order,26.0,ACTUAL,VNSTOCK_BRONZE
SPC,LATEST,balance_sheet,level,1.0,ACTUAL,VNSTOCK_BRONZE
SPC,LATEST,balance_sheet,off_balance,0.0,ACTUAL,VNSTOCK_BRONZE
SPC,LATEST,balance_sheet,value,54850411045.0,ACTUAL,VNSTOCK_BRONZE
SPC,LATEST,balance_sheet,order,27.0,ACTUAL,VNSTOCK_BRONZE
SPC,LATEST,balance_sheet,level,1.0,ACTUAL,VNSTOCK_BRONZE
SPC,LATEST,balance_sheet,off_balance,0.0,ACTUAL,VNSTOCK_BRONZE
SPC,LATEST,balance_sheet,value,926556703.0,ACTUAL,VNSTOCK_BRONZE
SPC,LATEST,balance_sheet,order,28.0,ACTUAL,VNSTOCK_BRONZE
SPC,LATEST,balance_sheet,level,2.0,ACTUAL,VNSTOCK_BRONZE
SPC,LATEST,balance_sheet,off_balance,0.0,ACTUAL,VNSTOCK_BRONZE
SPC,LATEST,balance_sheet,value,0.0,ACTUAL,VNSTOCK_BRONZE
SPC,LATEST,balance_sheet,order,29.0,ACTUAL,VNSTOCK_BRONZE
SPC,LATEST,balance_sheet,level,2.0,ACTUAL,VNSTOCK_BRONZE
SPC,LATEST,balance_sheet,off_balance,0.0,ACTUAL,VNSTOCK_BRONZE
SPC,LATEST,balance_sheet,value,0.0,ACTUAL,VNSTOCK_BRONZE
SPC,LATEST,balance_sheet,order,30.0,ACTUAL,VNSTOCK_BRONZE
SPC,LATEST,balance_sheet,level,2.0,ACTUAL,VNSTOCK_BRONZE
SPC,LATEST,balance_sheet,off_balance,0.0,ACTUAL,VNSTOCK_BRONZE
SPC,LATEST,balance_sheet,value,0.0,ACTUAL,VNSTOCK_BRONZE
SPC,LATEST,balance_sheet,order,31.0,ACTUAL,VNSTOCK_BRONZE
SPC,LATEST,balance_sheet,level,2.0,ACTUAL,VNSTOCK_BRONZE
SPC,LATEST,balance_sheet,off_balance,0.0,ACTUAL,VNSTOCK_BRONZE
SPC,LATEST,balance_sheet,value,0.0,ACTUAL,VNSTOCK_BRONZE
SPC,LATEST,balance_sheet,order,32.0,ACTUAL,VNSTOCK_BRONZE
SPC,LATEST,balance_sheet,level,2.0,ACTUAL,VNSTOCK_BRONZE
SPC,LATEST,balance_sheet,off_balance,0.0,ACTUAL,VNSTOCK_BRONZE
SPC,LATEST,balance_sheet,value,926556703.0,ACTUAL,VNSTOCK_BRONZE
SPC,LATEST,balance_sheet,order,33.0,ACTUAL,VNSTOCK_BRONZE
SPC,LATEST,balance_sheet,level,2.0,ACTUAL,VNSTOCK_BRONZE
SPC,LATEST,balance_sheet,off_balance,0.0,ACTUAL,VNSTOCK_BRONZE
SPC,LATEST,balance_sheet,value,-0.0,ACTUAL,VNSTOCK_BRONZE
SPC,LATEST,balance_sheet,order,34.0,ACTUAL,VNSTOCK_BRONZE
SPC,LATEST,balance_sheet,level,1.0,ACTUAL,VNSTOCK_BRONZE
SPC,LATEST,balance_sheet,off_balance,0.0,ACTUAL,VNSTOCK_BRONZE
SPC,LATEST,balance_sheet,value,37186555948.0,ACTUAL,VNSTOCK_BRONZE
SPC,LATEST,balance_sheet,order,35.0,ACTUAL,VNSTOCK_BRONZE
SPC,LATEST,balance_sheet,level,2.0,ACTUAL,VNSTOCK_BRONZE
SPC,LATEST,balance_sheet,off_balance,0.0,ACTUAL,VNSTOCK_BRONZE
SPC,LATEST,balance_sheet,value,29192627048.0,ACTUAL,VNSTOCK_BRONZE
SPC,LATEST,balance_sheet,order,36.0,ACTUAL,VNSTOCK_BRONZE
SPC,LATEST,balance_sheet,level,3.0,ACTUAL,VNSTOCK_BRONZE
SPC,LATEST,balance_sheet,off_balance,0.0,ACTUAL,VNSTOCK_BRONZE
SPC,LATEST,balance_sheet,value,149233170578.0,ACTUAL,VNSTOCK_BRONZE
SPC,LATEST,balance_sheet,order,37.0,ACTUAL,VNSTOCK_BRONZE
SPC,LATEST,balance_sheet,level,3.0,ACTUAL,VNSTOCK_BRONZE
SPC,LATEST,balance_sheet,off_balance,0.0,ACTUAL,VNSTOCK_BRONZE
SPC,LATEST,balance_sheet,value,-120040543530.0,ACTUAL,VNSTOCK_BRONZE
SPC,LATEST,balance_sheet,order,38.0,ACTUAL,VNSTOCK_BRONZE
SPC,LATEST,balance_sheet,level,2.0,ACTUAL,VNSTOCK_BRONZE
SPC,LATEST,balance_sheet,off_balance,0.0,ACTUAL,VNSTOCK_BRONZE
SPC,LATEST,balance_sheet,value,2906560625.0,ACTUAL,VNSTOCK_BRONZE
SPC,LATEST,balance_sheet,order,39.0,ACTUAL,VNSTOCK_BRONZE
SPC,LATEST,balance_sheet,level,3.0,ACTUAL,VNSTOCK_BRONZE
SPC,LATEST,balance_sheet,off_balance,0.0,ACTUAL,VNSTOCK_BRONZE
SPC,LATEST,balance_sheet,value,6008312210.0,ACTUAL,VNSTOCK_BRONZE
SPC,LATEST,balance_sheet,order,40.0,ACTUAL,VNSTOCK_BRONZE
SPC,LATEST,balance_sheet,level,3.0,ACTUAL,VNSTOCK_BRONZE
SPC,LATEST,balance_sheet,off_balance,0.0,ACTUAL,VNSTOCK_BRONZE
SPC,LATEST,balance_sheet,value,-3101751585.0,ACTUAL,VNSTOCK_BRONZE
SPC,LATEST,balance_sheet,order,41.0,ACTUAL,VNSTOCK_BRONZE
SPC,LATEST,balance_sheet,level,2.0,ACTUAL,VNSTOCK_BRONZE
SPC,LATEST,balance_sheet,off_balance,0.0,ACTUAL,VNSTOCK_BRONZE
SPC,LATEST,balance_sheet,value,5087368275.0,ACTUAL,VNSTOCK_BRONZE
SPC,LATEST,balance_sheet,order,42.0,ACTUAL,VNSTOCK_BRONZE
SPC,LATEST,balance_sheet,level,3.0,ACTUAL,VNSTOCK_BRONZE
SPC,LATEST,balance_sheet,off_balance,0.0,ACTUAL,VNSTOCK_BRONZE
SPC,LATEST,balance_sheet,value,9261423802.0,ACTUAL,VNSTOCK_BRONZE
SPC,LATEST,balance_sheet,order,43.0,ACTUAL,VNSTOCK_BRONZE
SPC,LATEST,balance_sheet,level,3.0,ACTUAL,VNSTOCK_BRONZE
SPC,LATEST,balance_sheet,off_balance,0.0,ACTUAL,VNSTOCK_BRONZE
SPC,LATEST,balance_sheet,value,-4174055527.0,ACTUAL,VNSTOCK_BRONZE
SPC,LATEST,balance_sheet,order,44.0,ACTUAL,VNSTOCK_BRONZE
SPC,LATEST,balance_sheet,level,1.0,ACTUAL,VNSTOCK_BRONZE
SPC,LATEST,balance_sheet,off_balance,0.0,ACTUAL,VNSTOCK_BRONZE
SPC,LATEST,balance_sheet,value,918866392.0,ACTUAL,VNSTOCK_BRONZE
SPC,LATEST,balance_sheet,order,45.0,ACTUAL,VNSTOCK_BRONZE
SPC,LATEST,balance_sheet,level,2.0,ACTUAL,VNSTOCK_BRONZE
SPC,LATEST,balance_sheet,off_balance,0.0,ACTUAL,VNSTOCK_BRONZE
SPC,LATEST,balance_sheet,value,3340056122.0,ACTUAL,VNSTOCK_BRONZE
SPC,LATEST,balance_sheet,order,46.0,ACTUAL,VNSTOCK_BRONZE
SPC,LATEST,balance_sheet,level,2.0,ACTUAL,VNSTOCK_BRONZE
SPC,LATEST,balance_sheet,off_balance,0.0,ACTUAL,VNSTOCK_BRONZE
SPC,LATEST,balance_sheet,value,-2421189730.0,ACTUAL,VNSTOCK_BRONZE
SPC,LATEST,balance_sheet,order,47.0,ACTUAL,VNSTOCK_BRONZE
SPC,LATEST,balance_sheet,level,1.0,ACTUAL,VNSTOCK_BRONZE
SPC,LATEST,balance_sheet,off_balance,0.0,ACTUAL,VNSTOCK_BRONZE
SPC,LATEST,balance_sheet,value,891566417.0,ACTUAL,VNSTOCK_BRONZE
SPC,LATEST,balance_sheet,order,48.0,ACTUAL,VNSTOCK_BRONZE
SPC,LATEST,balance_sheet,level,2.0,ACTUAL,VNSTOCK_BRONZE
SPC,LATEST,balance_sheet,off_balance,0.0,ACTUAL,VNSTOCK_BRONZE
SPC,LATEST,balance_sheet,value,0.0,ACTUAL,VNSTOCK_BRONZE
SPC,LATEST,balance_sheet,order,49.0,ACTUAL,VNSTOCK_BRONZE
SPC,LATEST,balance_sheet,level,2.0,ACTUAL,VNSTOCK_BRONZE
SPC,LATEST,balance_sheet,off_balance,0.0,ACTUAL,VNSTOCK_BRONZE
SPC,LATEST,balance_sheet,value,891566417.0,ACTUAL,VNSTOCK_BRONZE
SPC,LATEST,balance_sheet,order,50.0,ACTUAL,VNSTOCK_BRONZE
SPC,LATEST,balance_sheet,level,1.0,ACTUAL,VNSTOCK_BRONZE
SPC,LATEST,balance_sheet,off_balance,0.0,ACTUAL,VNSTOCK_BRONZE
SPC,LATEST,balance_sheet,value,0.0,ACTUAL,VNSTOCK_BRONZE
SPC,LATEST,balance_sheet,order,51.0,ACTUAL,VNSTOCK_BRONZE
SPC,LATEST,balance_sheet,level,2.0,ACTUAL,VNSTOCK_BRONZE
SPC,LATEST,balance_sheet,off_balance,0.0,ACTUAL,VNSTOCK_BRONZE
SPC,LATEST,balance_sheet,value,0.0,ACTUAL,VNSTOCK_BRONZE
SPC,LATEST,balance_sheet,order,52.0,ACTUAL,VNSTOCK_BRONZE
SPC,LATEST,balance_sheet,level,2.0,ACTUAL,VNSTOCK_BRONZE
SPC,LATEST,balance_sheet,off_balance,0.0,ACTUAL,VNSTOCK_BRONZE
SPC,LATEST,balance_sheet,value,0.0,ACTUAL,VNSTOCK_BRONZE
SPC,LATEST,balance_sheet,order,53.0,ACTUAL,VNSTOCK_BRONZE
SPC,LATEST,balance_sheet,level,2.0,ACTUAL,VNSTOCK_BRONZE
SPC,LATEST,balance_sheet,off_balance,0.0,ACTUAL,VNSTOCK_BRONZE
SPC,LATEST,balance_sheet,value,0.0,ACTUAL,VNSTOCK_BRONZE
SPC,LATEST,balance_sheet,order,54.0,ACTUAL,VNSTOCK_BRONZE
SPC,LATEST,balance_sheet,level,2.0,ACTUAL,VNSTOCK_BRONZE
SPC,LATEST,balance_sheet,off_balance,0.0,ACTUAL,VNSTOCK_BRONZE
SPC,LATEST,balance_sheet,value,0.0,ACTUAL,VNSTOCK_BRONZE
SPC,LATEST,balance_sheet,order,55.0,ACTUAL,VNSTOCK_BRONZE
SPC,LATEST,balance_sheet,level,2.0,ACTUAL,VNSTOCK_BRONZE
SPC,LATEST,balance_sheet,off_balance,0.0,ACTUAL,VNSTOCK_BRONZE
SPC,LATEST,balance_sheet,value,0.0,ACTUAL,VNSTOCK_BRONZE
SPC,LATEST,balance_sheet,order,56.0,ACTUAL,VNSTOCK_BRONZE
SPC,LATEST,balance_sheet,level,1.0,ACTUAL,VNSTOCK_BRONZE
SPC,LATEST,balance_sheet,off_balance,0.0,ACTUAL,VNSTOCK_BRONZE
SPC,LATEST,balance_sheet,value,14926865585.0,ACTUAL,VNSTOCK_BRONZE
SPC,LATEST,balance_sheet,order,57.0,ACTUAL,VNSTOCK_BRONZE
SPC,LATEST,balance_sheet,level,2.0,ACTUAL,VNSTOCK_BRONZE
SPC,LATEST,balance_sheet,off_balance,0.0,ACTUAL,VNSTOCK_BRONZE
SPC,LATEST,balance_sheet,value,0.0,ACTUAL,VNSTOCK_BRONZE
SPC,LATEST,balance_sheet,order,58.0,ACTUAL,VNSTOCK_BRONZE
SPC,LATEST,balance_sheet,level,2.0,ACTUAL,VNSTOCK_BRONZE
SPC,LATEST,balance_sheet,off_balance,0.0,ACTUAL,VNSTOCK_BRONZE
SPC,LATEST,balance_sheet,value,14926865585.0,ACTUAL,VNSTOCK_BRONZE
SPC,LATEST,balance_sheet,order,59.0,ACTUAL,VNSTOCK_BRONZE
SPC,LATEST,balance_sheet,level,2.0,ACTUAL,VNSTOCK_BRONZE
SPC,LATEST,balance_sheet,off_balance,0.0,ACTUAL,VNSTOCK_BRONZE
SPC,LATEST,balance_sheet,value,0.0,ACTUAL,VNSTOCK_BRONZE
SPC,LATEST,balance_sheet,order,60.0,ACTUAL,VNSTOCK_BRONZE
SPC,LATEST,balance_sheet,level,2.0,ACTUAL,VNSTOCK_BRONZE
SPC,LATEST,balance_sheet,off_balance,0.0,ACTUAL,VNSTOCK_BRONZE
SPC,LATEST,balance_sheet,value,0.0,ACTUAL,VNSTOCK_BRONZE
SPC,LATEST,balance_sheet,order,61.0,ACTUAL,VNSTOCK_BRONZE
SPC,LATEST,balance_sheet,level,2.0,ACTUAL,VNSTOCK_BRONZE
SPC,LATEST,balance_sheet,off_balance,0.0,ACTUAL,VNSTOCK_BRONZE
SPC,LATEST,balance_sheet,value,0.0,ACTUAL,VNSTOCK_BRONZE
SPC,LATEST,balance_sheet,order,62.0,ACTUAL,VNSTOCK_BRONZE
SPC,LATEST,balance_sheet,level,2.0,ACTUAL,VNSTOCK_BRONZE
SPC,LATEST,balance_sheet,off_balance,0.0,ACTUAL,VNSTOCK_BRONZE
SPC,LATEST,balance_sheet,value,0.0,ACTUAL,VNSTOCK_BRONZE
SPC,LATEST,balance_sheet,order,63.0,ACTUAL,VNSTOCK_BRONZE
SPC,LATEST,balance_sheet,level,1.0,ACTUAL,VNSTOCK_BRONZE
SPC,LATEST,balance_sheet,off_balance,0.0,ACTUAL,VNSTOCK_BRONZE
SPC,LATEST,balance_sheet,value,656525245948.0,ACTUAL,VNSTOCK_BRONZE
SPC,LATEST,balance_sheet,order,64.0,ACTUAL,VNSTOCK_BRONZE
SPC,LATEST,balance_sheet,level,1.0,ACTUAL,VNSTOCK_BRONZE
SPC,LATEST,balance_sheet,off_balance,0.0,ACTUAL,VNSTOCK_BRONZE
SPC,LATEST,balance_sheet,value,413498752686.0,ACTUAL,VNSTOCK_BRONZE
SPC,LATEST,balance_sheet,order,65.0,ACTUAL,VNSTOCK_BRONZE
SPC,LATEST,balance_sheet,level,1.0,ACTUAL,VNSTOCK_BRONZE
SPC,LATEST,balance_sheet,off_balance,0.0,ACTUAL,VNSTOCK_BRONZE
SPC,LATEST,balance_sheet,value,401048150955.0,ACTUAL,VNSTOCK_BRONZE
SPC,LATEST,balance_sheet,order,66.0,ACTUAL,VNSTOCK_BRONZE
SPC,LATEST,balance_sheet,level,2.0,ACTUAL,VNSTOCK_BRONZE
SPC,LATEST,balance_sheet,off_balance,0.0,ACTUAL,VNSTOCK_BRONZE
SPC,LATEST,balance_sheet,value,0.0,ACTUAL,VNSTOCK_BRONZE
SPC,LATEST,balance_sheet,order,67.0,ACTUAL,VNSTOCK_BRONZE
SPC,LATEST,balance_sheet,level,2.0,ACTUAL,VNSTOCK_BRONZE
SPC,LATEST,balance_sheet,off_balance,0.0,ACTUAL,VNSTOCK_BRONZE
SPC,LATEST,balance_sheet,value,0.0,ACTUAL,VNSTOCK_BRONZE
SPC,LATEST,balance_sheet,order,68.0,ACTUAL,VNSTOCK_BRONZE
SPC,LATEST,balance_sheet,level,2.0,ACTUAL,VNSTOCK_BRONZE
SPC,LATEST,balance_sheet,off_balance,0.0,ACTUAL,VNSTOCK_BRONZE
SPC,LATEST,balance_sheet,value,0.0,ACTUAL,VNSTOCK_BRONZE
SPC,LATEST,balance_sheet,order,69.0,ACTUAL,VNSTOCK_BRONZE
SPC,LATEST,balance_sheet,level,2.0,ACTUAL,VNSTOCK_BRONZE
SPC,LATEST,balance_sheet,off_balance,0.0,ACTUAL,VNSTOCK_BRONZE
SPC,LATEST,balance_sheet,value,202185822007.0,ACTUAL,VNSTOCK_BRONZE
SPC,LATEST,balance_sheet,order,70.0,ACTUAL,VNSTOCK_BRONZE
SPC,LATEST,balance_sheet,level,2.0,ACTUAL,VNSTOCK_BRONZE
SPC,LATEST,balance_sheet,off_balance,0.0,ACTUAL,VNSTOCK_BRONZE
SPC,LATEST,balance_sheet,value,762383238.0,ACTUAL,VNSTOCK_BRONZE
SPC,LATEST,balance_sheet,order,71.0,ACTUAL,VNSTOCK_BRONZE
SPC,LATEST,balance_sheet,level,2.0,ACTUAL,VNSTOCK_BRONZE
SPC,LATEST,balance_sheet,off_balance,0.0,ACTUAL,VNSTOCK_BRONZE
SPC,LATEST,balance_sheet,value,5609020304.0,ACTUAL,VNSTOCK_BRONZE
SPC,LATEST,balance_sheet,order,72.0,ACTUAL,VNSTOCK_BRONZE
SPC,LATEST,balance_sheet,level,2.0,ACTUAL,VNSTOCK_BRONZE
SPC,LATEST,balance_sheet,off_balance,0.0,ACTUAL,VNSTOCK_BRONZE
SPC,LATEST,balance_sheet,value,4940395172.0,ACTUAL,VNSTOCK_BRONZE
SPC,LATEST,balance_sheet,order,73.0,ACTUAL,VNSTOCK_BRONZE
SPC,LATEST,balance_sheet,level,2.0,ACTUAL,VNSTOCK_BRONZE
SPC,LATEST,balance_sheet,off_balance,0.0,ACTUAL,VNSTOCK_BRONZE
SPC,LATEST,balance_sheet,value,0.0,ACTUAL,VNSTOCK_BRONZE
SPC,LATEST,balance_sheet,order,74.0,ACTUAL,VNSTOCK_BRONZE
SPC,LATEST,balance_sheet,level,2.0,ACTUAL,VNSTOCK_BRONZE
SPC,LATEST,balance_sheet,off_balance,0.0,ACTUAL,VNSTOCK_BRONZE
SPC,LATEST,balance_sheet,value,0.0,ACTUAL,VNSTOCK_BRONZE
SPC,LATEST,balance_sheet,order,75.0,ACTUAL,VNSTOCK_BRONZE
SPC,LATEST,balance_sheet,level,2.0,ACTUAL,VNSTOCK_BRONZE
SPC,LATEST,balance_sheet,off_balance,0.0,ACTUAL,VNSTOCK_BRONZE
SPC,LATEST,balance_sheet,value,0.0,ACTUAL,VNSTOCK_BRONZE
SPC,LATEST,balance_sheet,order,76.0,ACTUAL,VNSTOCK_BRONZE
SPC,LATEST,balance_sheet,level,2.0,ACTUAL,VNSTOCK_BRONZE
SPC,LATEST,balance_sheet,off_balance,0.0,ACTUAL,VNSTOCK_BRONZE
SPC,LATEST,balance_sheet,value,14518486144.0,ACTUAL,VNSTOCK_BRONZE
SPC,LATEST,balance_sheet,order,77.0,ACTUAL,VNSTOCK_BRONZE
SPC,LATEST,balance_sheet,level,2.0,ACTUAL,VNSTOCK_BRONZE
SPC,LATEST,balance_sheet,off_balance,0.0,ACTUAL,VNSTOCK_BRONZE
SPC,LATEST,balance_sheet,value,173032044090.0,ACTUAL,VNSTOCK_BRONZE
SPC,LATEST,balance_sheet,order,78.0,ACTUAL,VNSTOCK_BRONZE
SPC,LATEST,balance_sheet,level,2.0,ACTUAL,VNSTOCK_BRONZE
SPC,LATEST,balance_sheet,off_balance,0.0,ACTUAL,VNSTOCK_BRONZE
SPC,LATEST,balance_sheet,value,0.0,ACTUAL,VNSTOCK_BRONZE
SPC,LATEST,balance_sheet,order,79.0,ACTUAL,VNSTOCK_BRONZE
SPC,LATEST,balance_sheet,level,2.0,ACTUAL,VNSTOCK_BRONZE
SPC,LATEST,balance_sheet,off_balance,0.0,ACTUAL,VNSTOCK_BRONZE
SPC,LATEST,balance_sheet,value,0.0,ACTUAL,VNSTOCK_BRONZE
SPC,LATEST,balance_sheet,order,80.0,ACTUAL,VNSTOCK_BRONZE
SPC,LATEST,balance_sheet,level,2.0,ACTUAL,VNSTOCK_BRONZE
SPC,LATEST,balance_sheet,off_balance,0.0,ACTUAL,VNSTOCK_BRONZE
SPC,LATEST,balance_sheet,value,0.0,ACTUAL,VNSTOCK_BRONZE
SPC,LATEST,balance_sheet,order,81.0,ACTUAL,VNSTOCK_BRONZE
SPC,LATEST,balance_sheet,level,2.0,ACTUAL,VNSTOCK_BRONZE
SPC,LATEST,balance_sheet,off_balance,0.0,ACTUAL,VNSTOCK_BRONZE
SPC,LATEST,balance_sheet,value,0.0,ACTUAL,VNSTOCK_BRONZE
SPC,LATEST,balance_sheet,order,82.0,ACTUAL,VNSTOCK_BRONZE
SPC,LATEST,balance_sheet,level,1.0,ACTUAL,VNSTOCK_BRONZE
SPC,LATEST,balance_sheet,off_balance,0.0,ACTUAL,VNSTOCK_BRONZE
SPC,LATEST,balance_sheet,value,12450601731.0,ACTUAL,VNSTOCK_BRONZE
SPC,LATEST,balance_sheet,order,83.0,ACTUAL,VNSTOCK_BRONZE
SPC,LATEST,balance_sheet,level,2.0,ACTUAL,VNSTOCK_BRONZE
SPC,LATEST,balance_sheet,off_balance,0.0,ACTUAL,VNSTOCK_BRONZE
SPC,LATEST,balance_sheet,value,0.0,ACTUAL,VNSTOCK_BRONZE
SPC,LATEST,balance_sheet,order,84.0,ACTUAL,VNSTOCK_BRONZE
SPC,LATEST,balance_sheet,level,2.0,ACTUAL,VNSTOCK_BRONZE
SPC,LATEST,balance_sheet,off_balance,0.0,ACTUAL,VNSTOCK_BRONZE
SPC,LATEST,balance_sheet,order,85.0,ACTUAL,VNSTOCK_BRONZE
SPC,LATEST,balance_sheet,level,2.0,ACTUAL,VNSTOCK_BRONZE
SPC,LATEST,balance_sheet,off_balance,0.0,ACTUAL,VNSTOCK_BRONZE
SPC,LATEST,balance_sheet,value,0.0,ACTUAL,VNSTOCK_BRONZE
SPC,LATEST,balance_sheet,order,86.0,ACTUAL,VNSTOCK_BRONZE
SPC,LATEST,balance_sheet,level,2.0,ACTUAL,VNSTOCK_BRONZE
SPC,LATEST,balance_sheet,off_balance,0.0,ACTUAL,VNSTOCK_BRONZE
SPC,LATEST,balance_sheet,value,0.0,ACTUAL,VNSTOCK_BRONZE
SPC,LATEST,balance_sheet,order,87.0,ACTUAL,VNSTOCK_BRONZE
SPC,LATEST,balance_sheet,level,2.0,ACTUAL,VNSTOCK_BRONZE
SPC,LATEST,balance_sheet,off_balance,0.0,ACTUAL,VNSTOCK_BRONZE
SPC,LATEST,balance_sheet,value,0.0,ACTUAL,VNSTOCK_BRONZE
SPC,LATEST,balance_sheet,order,88.0,ACTUAL,VNSTOCK_BRONZE
SPC,LATEST,balance_sheet,level,2.0,ACTUAL,VNSTOCK_BRONZE
SPC,LATEST,balance_sheet,off_balance,0.0,ACTUAL,VNSTOCK_BRONZE
SPC,LATEST,balance_sheet,value,0.0,ACTUAL,VNSTOCK_BRONZE
SPC,LATEST,balance_sheet,order,89.0,ACTUAL,VNSTOCK_BRONZE
SPC,LATEST,balance_sheet,level,2.0,ACTUAL,VNSTOCK_BRONZE
SPC,LATEST,balance_sheet,off_balance,0.0,ACTUAL,VNSTOCK_BRONZE
SPC,LATEST,balance_sheet,value,0.0,ACTUAL,VNSTOCK_BRONZE
SPC,LATEST,balance_sheet,order,90.0,ACTUAL,VNSTOCK_BRONZE
SPC,LATEST,balance_sheet,level,2.0,ACTUAL,VNSTOCK_BRONZE
SPC,LATEST,balance_sheet,off_balance,0.0,ACTUAL,VNSTOCK_BRONZE
SPC,LATEST,balance_sheet,value,2491354000.0,ACTUAL,VNSTOCK_BRONZE
SPC,LATEST,balance_sheet,order,91.0,ACTUAL,VNSTOCK_BRONZE
SPC,LATEST,balance_sheet,level,2.0,ACTUAL,VNSTOCK_BRONZE
SPC,LATEST,balance_sheet,off_balance,0.0,ACTUAL,VNSTOCK_BRONZE
SPC,LATEST,balance_sheet,value,7186735212.0,ACTUAL,VNSTOCK_BRONZE
SPC,LATEST,balance_sheet,order,92.0,ACTUAL,VNSTOCK_BRONZE
SPC,LATEST,balance_sheet,level,2.0,ACTUAL,VNSTOCK_BRONZE
SPC,LATEST,balance_sheet,off_balance,0.0,ACTUAL,VNSTOCK_BRONZE
SPC,LATEST,balance_sheet,value,0.0,ACTUAL,VNSTOCK_BRONZE
SPC,LATEST,balance_sheet,order,93.0,ACTUAL,VNSTOCK_BRONZE
SPC,LATEST,balance_sheet,level,2.0,ACTUAL,VNSTOCK_BRONZE
SPC,LATEST,balance_sheet,off_balance,0.0,ACTUAL,VNSTOCK_BRONZE
SPC,LATEST,balance_sheet,value,2772512519.0,ACTUAL,VNSTOCK_BRONZE
SPC,LATEST,balance_sheet,order,94.0,ACTUAL,VNSTOCK_BRONZE
SPC,LATEST,balance_sheet,level,2.0,ACTUAL,VNSTOCK_BRONZE
SPC,LATEST,balance_sheet,off_balance,0.0,ACTUAL,VNSTOCK_BRONZE
SPC,LATEST,balance_sheet,value,0.0,ACTUAL,VNSTOCK_BRONZE
SPC,LATEST,balance_sheet,order,95.0,ACTUAL,VNSTOCK_BRONZE
SPC,LATEST,balance_sheet,level,2.0,ACTUAL,VNSTOCK_BRONZE
SPC,LATEST,balance_sheet,off_balance,0.0,ACTUAL,VNSTOCK_BRONZE
SPC,LATEST,balance_sheet,value,0.0,ACTUAL,VNSTOCK_BRONZE
SPC,LATEST,balance_sheet,order,96.0,ACTUAL,VNSTOCK_BRONZE
SPC,LATEST,balance_sheet,level,1.0,ACTUAL,VNSTOCK_BRONZE
SPC,LATEST,balance_sheet,off_balance,0.0,ACTUAL,VNSTOCK_BRONZE
SPC,LATEST,balance_sheet,value,243026493262.0,ACTUAL,VNSTOCK_BRONZE
SPC,LATEST,balance_sheet,order,97.0,ACTUAL,VNSTOCK_BRONZE
SPC,LATEST,balance_sheet,level,1.0,ACTUAL,VNSTOCK_BRONZE
SPC,LATEST,balance_sheet,off_balance,0.0,ACTUAL,VNSTOCK_BRONZE
SPC,LATEST,balance_sheet,value,243026493262.0,ACTUAL,VNSTOCK_BRONZE
SPC,LATEST,balance_sheet,order,98.0,ACTUAL,VNSTOCK_BRONZE
SPC,LATEST,balance_sheet,level,2.0,ACTUAL,VNSTOCK_BRONZE
SPC,LATEST,balance_sheet,off_balance,0.0,ACTUAL,VNSTOCK_BRONZE
SPC,LATEST,balance_sheet,value,0.0,ACTUAL,VNSTOCK_BRONZE
SPC,LATEST,balance_sheet,order,99.0,ACTUAL,VNSTOCK_BRONZE
SPC,LATEST,balance_sheet,level,2.0,ACTUAL,VNSTOCK_BRONZE
SPC,LATEST,balance_sheet,off_balance,0.0,ACTUAL,VNSTOCK_BRONZE
SPC,LATEST,balance_sheet,value,0.0,ACTUAL,VNSTOCK_BRONZE
SPC,LATEST,balance_sheet,order,100.0,ACTUAL,VNSTOCK_BRONZE
SPC,LATEST,balance_sheet,level,2.0,ACTUAL,VNSTOCK_BRONZE
SPC,LATEST,balance_sheet,off_balance,0.0,ACTUAL,VNSTOCK_BRONZE
SPC,LATEST,balance_sheet,value,0.0,ACTUAL,VNSTOCK_BRONZE
SPC,LATEST,balance_sheet,order,101.0,ACTUAL,VNSTOCK_BRONZE
SPC,LATEST,balance_sheet,level,2.0,ACTUAL,VNSTOCK_BRONZE
SPC,LATEST,balance_sheet,off_balance,0.0,ACTUAL,VNSTOCK_BRONZE
SPC,LATEST,balance_sheet,value,0.0,ACTUAL,VNSTOCK_BRONZE
SPC,LATEST,balance_sheet,order,102.0,ACTUAL,VNSTOCK_BRONZE
SPC,LATEST,balance_sheet,level,2.0,ACTUAL,VNSTOCK_BRONZE
SPC,LATEST,balance_sheet,off_balance,0.0,ACTUAL,VNSTOCK_BRONZE
SPC,LATEST,balance_sheet,value,105300000000.0,ACTUAL,VNSTOCK_BRONZE
SPC,LATEST,balance_sheet,order,103.0,ACTUAL,VNSTOCK_BRONZE
SPC,LATEST,balance_sheet,level,3.0,ACTUAL,VNSTOCK_BRONZE
SPC,LATEST,balance_sheet,off_balance,0.0,ACTUAL,VNSTOCK_BRONZE
SPC,LATEST,balance_sheet,value,105300000000.0,ACTUAL,VNSTOCK_BRONZE
SPC,LATEST,balance_sheet,order,104.0,ACTUAL,VNSTOCK_BRONZE
SPC,LATEST,balance_sheet,level,2.0,ACTUAL,VNSTOCK_BRONZE
SPC,LATEST,balance_sheet,off_balance,0.0,ACTUAL,VNSTOCK_BRONZE
SPC,LATEST,balance_sheet,value,782715818.0,ACTUAL,VNSTOCK_BRONZE
SPC,LATEST,balance_sheet,order,105.0,ACTUAL,VNSTOCK_BRONZE
SPC,LATEST,balance_sheet,level,2.0,ACTUAL,VNSTOCK_BRONZE
SPC,LATEST,balance_sheet,off_balance,0.0,ACTUAL,VNSTOCK_BRONZE
SPC,LATEST,balance_sheet,value,0.0,ACTUAL,VNSTOCK_BRONZE
SPC,LATEST,balance_sheet,order,106.0,ACTUAL,VNSTOCK_BRONZE
SPC,LATEST,balance_sheet,level,2.0,ACTUAL,VNSTOCK_BRONZE
SPC,LATEST,balance_sheet,off_balance,0.0,ACTUAL,VNSTOCK_BRONZE
SPC,LATEST,balance_sheet,value,0.0,ACTUAL,VNSTOCK_BRONZE
SPC,LATEST,balance_sheet,order,107.0,ACTUAL,VNSTOCK_BRONZE
SPC,LATEST,balance_sheet,level,2.0,ACTUAL,VNSTOCK_BRONZE
SPC,LATEST,balance_sheet,off_balance,0.0,ACTUAL,VNSTOCK_BRONZE
SPC,LATEST,balance_sheet,value,0.0,ACTUAL,VNSTOCK_BRONZE
SPC,LATEST,balance_sheet,order,108.0,ACTUAL,VNSTOCK_BRONZE
SPC,LATEST,balance_sheet,level,2.0,ACTUAL,VNSTOCK_BRONZE
SPC,LATEST,balance_sheet,off_balance,0.0,ACTUAL,VNSTOCK_BRONZE
SPC,LATEST,balance_sheet,value,16021691106.0,ACTUAL,VNSTOCK_BRONZE
SPC,LATEST,balance_sheet,order,109.0,ACTUAL,VNSTOCK_BRONZE
SPC,LATEST,balance_sheet,level,2.0,ACTUAL,VNSTOCK_BRONZE
SPC,LATEST,balance_sheet,off_balance,0.0,ACTUAL,VNSTOCK_BRONZE
SPC,LATEST,balance_sheet,value,57628796060.0,ACTUAL,VNSTOCK_BRONZE
SPC,LATEST,balance_sheet,order,110.0,ACTUAL,VNSTOCK_BRONZE
SPC,LATEST,balance_sheet,level,2.0,ACTUAL,VNSTOCK_BRONZE
SPC,LATEST,balance_sheet,off_balance,0.0,ACTUAL,VNSTOCK_BRONZE
SPC,LATEST,balance_sheet,value,0.0,ACTUAL,VNSTOCK_BRONZE
SPC,LATEST,balance_sheet,order,111.0,ACTUAL,VNSTOCK_BRONZE
SPC,LATEST,balance_sheet,level,2.0,ACTUAL,VNSTOCK_BRONZE
SPC,LATEST,balance_sheet,off_balance,0.0,ACTUAL,VNSTOCK_BRONZE
SPC,LATEST,balance_sheet,value,0.0,ACTUAL,VNSTOCK_BRONZE
SPC,LATEST,balance_sheet,order,112.0,ACTUAL,VNSTOCK_BRONZE
SPC,LATEST,balance_sheet,level,2.0,ACTUAL,VNSTOCK_BRONZE
SPC,LATEST,balance_sheet,off_balance,0.0,ACTUAL,VNSTOCK_BRONZE
SPC,LATEST,balance_sheet,value,52576844736.0,ACTUAL,VNSTOCK_BRONZE
SPC,LATEST,balance_sheet,order,113.0,ACTUAL,VNSTOCK_BRONZE
SPC,LATEST,balance_sheet,level,3.0,ACTUAL,VNSTOCK_BRONZE
SPC,LATEST,balance_sheet,off_balance,0.0,ACTUAL,VNSTOCK_BRONZE
SPC,LATEST,balance_sheet,value,46097683556.0,ACTUAL,VNSTOCK_BRONZE
SPC,LATEST,balance_sheet,order,114.0,ACTUAL,VNSTOCK_BRONZE
SPC,LATEST,balance_sheet,level,3.0,ACTUAL,VNSTOCK_BRONZE
SPC,LATEST,balance_sheet,off_balance,0.0,ACTUAL,VNSTOCK_BRONZE
SPC,LATEST,balance_sheet,value,6479161180.0,ACTUAL,VNSTOCK_BRONZE
SPC,LATEST,balance_sheet,order,115.0,ACTUAL,VNSTOCK_BRONZE
SPC,LATEST,balance_sheet,level,2.0,ACTUAL,VNSTOCK_BRONZE
SPC,LATEST,balance_sheet,off_balance,0.0,ACTUAL,VNSTOCK_BRONZE
SPC,LATEST,balance_sheet,value,10716445542.0,ACTUAL,VNSTOCK_BRONZE
SPC,LATEST,balance_sheet,order,116.0,ACTUAL,VNSTOCK_BRONZE
SPC,LATEST,balance_sheet,level,1.0,ACTUAL,VNSTOCK_BRONZE
SPC,LATEST,balance_sheet,off_balance,0.0,ACTUAL,VNSTOCK_BRONZE
SPC,LATEST,balance_sheet,value,0.0,ACTUAL,VNSTOCK_BRONZE
SPC,LATEST,balance_sheet,order,117.0,ACTUAL,VNSTOCK_BRONZE
SPC,LATEST,balance_sheet,level,2.0,ACTUAL,VNSTOCK_BRONZE
SPC,LATEST,balance_sheet,off_balance,0.0,ACTUAL,VNSTOCK_BRONZE
SPC,LATEST,balance_sheet,value,0.0,ACTUAL,VNSTOCK_BRONZE
SPC,LATEST,balance_sheet,order,118.0,ACTUAL,VNSTOCK_BRONZE
SPC,LATEST,balance_sheet,level,1.0,ACTUAL,VNSTOCK_BRONZE
SPC,LATEST,balance_sheet,off_balance,0.0,ACTUAL,VNSTOCK_BRONZE
SPC,LATEST,balance_sheet,value,656525245948.0,ACTUAL,VNSTOCK_BRONZE
SPC,LATEST,balance_sheet,order,1.0,ACTUAL,VNSTOCK_BRONZE
SPC,LATEST,balance_sheet,level,1.0,ACTUAL,VNSTOCK_BRONZE
SPC,LATEST,balance_sheet,off_balance,0.0,ACTUAL,VNSTOCK_BRONZE
SPC,LATEST,balance_sheet,value,544411223081.0,ACTUAL,VNSTOCK_BRONZE
SPC,LATEST,balance_sheet,order,2.0,ACTUAL,VNSTOCK_BRONZE
SPC,LATEST,balance_sheet,level,1.0,ACTUAL,VNSTOCK_BRONZE
SPC,LATEST,balance_sheet,off_balance,0.0,ACTUAL,VNSTOCK_BRONZE
SPC,LATEST,balance_sheet,value,40089161387.0,ACTUAL,VNSTOCK_BRONZE
SPC,LATEST,balance_sheet,order,3.0,ACTUAL,VNSTOCK_BRONZE
SPC,LATEST,balance_sheet,level,2.0,ACTUAL,VNSTOCK_BRONZE
SPC,LATEST,balance_sheet,off_balance,0.0,ACTUAL,VNSTOCK_BRONZE
SPC,LATEST,balance_sheet,value,17089161387.0,ACTUAL,VNSTOCK_BRONZE
SPC,LATEST,balance_sheet,order,4.0,ACTUAL,VNSTOCK_BRONZE
SPC,LATEST,balance_sheet,level,2.0,ACTUAL,VNSTOCK_BRONZE
SPC,LATEST,balance_sheet,off_balance,0.0,ACTUAL,VNSTOCK_BRONZE
SPC,LATEST,balance_sheet,value,23000000000.0,ACTUAL,VNSTOCK_BRONZE
SPC,LATEST,balance_sheet,order,5.0,ACTUAL,VNSTOCK_BRONZE
SPC,LATEST,balance_sheet,level,1.0,ACTUAL,VNSTOCK_BRONZE
SPC,LATEST,balance_sheet,off_balance,0.0,ACTUAL,VNSTOCK_BRONZE
SPC,LATEST,balance_sheet,value,0.0,ACTUAL,VNSTOCK_BRONZE
SPC,LATEST,balance_sheet,order,6.0,ACTUAL,VNSTOCK_BRONZE
SPC,LATEST,balance_sheet,level,2.0,ACTUAL,VNSTOCK_BRONZE
SPC,LATEST,balance_sheet,off_balance,0.0,ACTUAL,VNSTOCK_BRONZE
SPC,LATEST,balance_sheet,value,0.0,ACTUAL,VNSTOCK_BRONZE
SPC,LATEST,balance_sheet,order,7.0,ACTUAL,VNSTOCK_BRONZE
SPC,LATEST,balance_sheet,level,2.0,ACTUAL,VNSTOCK_BRONZE
SPC,LATEST,balance_sheet,off_balance,0.0,ACTUAL,VNSTOCK_BRONZE
SPC,LATEST,balance_sheet,value,0.0,ACTUAL,VNSTOCK_BRONZE
SPC,LATEST,balance_sheet,order,8.0,ACTUAL,VNSTOCK_BRONZE
SPC,LATEST,balance_sheet,level,2.0,ACTUAL,VNSTOCK_BRONZE
SPC,LATEST,balance_sheet,off_balance,0.0,ACTUAL,VNSTOCK_BRONZE
SPC,LATEST,balance_sheet,value,0.0,ACTUAL,VNSTOCK_BRONZE
SPC,LATEST,balance_sheet,order,9.0,ACTUAL,VNSTOCK_BRONZE
SPC,LATEST,balance_sheet,level,1.0,ACTUAL,VNSTOCK_BRONZE
SPC,LATEST,balance_sheet,off_balance,0.0,ACTUAL,VNSTOCK_BRONZE
SPC,LATEST,balance_sheet,value,128383843918.0,ACTUAL,VNSTOCK_BRONZE
SPC,LATEST,balance_sheet,order,10.0,ACTUAL,VNSTOCK_BRONZE
SPC,LATEST,balance_sheet,level,2.0,ACTUAL,VNSTOCK_BRONZE
SPC,LATEST,balance_sheet,off_balance,0.0,ACTUAL,VNSTOCK_BRONZE
SPC,LATEST,balance_sheet,value,121457161437.0,ACTUAL,VNSTOCK_BRONZE
SPC,LATEST,balance_sheet,order,11.0,ACTUAL,VNSTOCK_BRONZE
SPC,LATEST,balance_sheet,level,2.0,ACTUAL,VNSTOCK_BRONZE
SPC,LATEST,balance_sheet,off_balance,0.0,ACTUAL,VNSTOCK_BRONZE
SPC,LATEST,balance_sheet,value,6876128331.0,ACTUAL,VNSTOCK_BRONZE
SPC,LATEST,balance_sheet,order,12.0,ACTUAL,VNSTOCK_BRONZE
SPC,LATEST,balance_sheet,level,2.0,ACTUAL,VNSTOCK_BRONZE
SPC,LATEST,balance_sheet,off_balance,0.0,ACTUAL,VNSTOCK_BRONZE
SPC,LATEST,balance_sheet,value,0.0,ACTUAL,VNSTOCK_BRONZE
SPC,LATEST,balance_sheet,order,13.0,ACTUAL,VNSTOCK_BRONZE
SPC,LATEST,balance_sheet,level,2.0,ACTUAL,VNSTOCK_BRONZE
SPC,LATEST,balance_sheet,off_balance,0.0,ACTUAL,VNSTOCK_BRONZE
SPC,LATEST,balance_sheet,value,0.0,ACTUAL,VNSTOCK_BRONZE
SPC,LATEST,balance_sheet,order,14.0,ACTUAL,VNSTOCK_BRONZE
SPC,LATEST,balance_sheet,level,2.0,ACTUAL,VNSTOCK_BRONZE
SPC,LATEST,balance_sheet,off_balance,0.0,ACTUAL,VNSTOCK_BRONZE
SPC,LATEST,balance_sheet,value,0.0,ACTUAL,VNSTOCK_BRONZE
SPC,LATEST,balance_sheet,order,15.0,ACTUAL,VNSTOCK_BRONZE
SPC,LATEST,balance_sheet,level,2.0,ACTUAL,VNSTOCK_BRONZE
SPC,LATEST,balance_sheet,off_balance,0.0,ACTUAL,VNSTOCK_BRONZE
SPC,LATEST,balance_sheet,value,14758183507.0,ACTUAL,VNSTOCK_BRONZE
SPC,LATEST,balance_sheet,order,16.0,ACTUAL,VNSTOCK_BRONZE
SPC,LATEST,balance_sheet,level,2.0,ACTUAL,VNSTOCK_BRONZE
SPC,LATEST,balance_sheet,off_balance,0.0,ACTUAL,VNSTOCK_BRONZE
SPC,LATEST,balance_sheet,value,-14707629357.0,ACTUAL,VNSTOCK_BRONZE
SPC,LATEST,balance_sheet,order,17.0,ACTUAL,VNSTOCK_BRONZE
SPC,LATEST,balance_sheet,level,2.0,ACTUAL,VNSTOCK_BRONZE
SPC,LATEST,balance_sheet,off_balance,0.0,ACTUAL,VNSTOCK_BRONZE
SPC,LATEST,balance_sheet,value,0.0,ACTUAL,VNSTOCK_BRONZE
SPC,LATEST,balance_sheet,order,18.0,ACTUAL,VNSTOCK_BRONZE
SPC,LATEST,balance_sheet,level,1.0,ACTUAL,VNSTOCK_BRONZE
SPC,LATEST,balance_sheet,off_balance,0.0,ACTUAL,VNSTOCK_BRONZE
SPC,LATEST,balance_sheet,value,358461103359.0,ACTUAL,VNSTOCK_BRONZE
SPC,LATEST,balance_sheet,order,19.0,ACTUAL,VNSTOCK_BRONZE
SPC,LATEST,balance_sheet,level,2.0,ACTUAL,VNSTOCK_BRONZE
SPC,LATEST,balance_sheet,off_balance,0.0,ACTUAL,VNSTOCK_BRONZE
SPC,LATEST,balance_sheet,value,361998553139.0,ACTUAL,VNSTOCK_BRONZE
SPC,LATEST,balance_sheet,order,20.0,ACTUAL,VNSTOCK_BRONZE
SPC,LATEST,balance_sheet,level,2.0,ACTUAL,VNSTOCK_BRONZE
SPC,LATEST,balance_sheet,off_balance,0.0,ACTUAL,VNSTOCK_BRONZE
SPC,LATEST,balance_sheet,value,-3537449780.0,ACTUAL,VNSTOCK_BRONZE
SPC,LATEST,balance_sheet,order,21.0,ACTUAL,VNSTOCK_BRONZE
SPC,LATEST,balance_sheet,level,1.0,ACTUAL,VNSTOCK_BRONZE
SPC,LATEST,balance_sheet,off_balance,0.0,ACTUAL,VNSTOCK_BRONZE
SPC,LATEST,balance_sheet,value,17477114417.0,ACTUAL,VNSTOCK_BRONZE
SPC,LATEST,balance_sheet,order,22.0,ACTUAL,VNSTOCK_BRONZE
SPC,LATEST,balance_sheet,level,2.0,ACTUAL,VNSTOCK_BRONZE
SPC,LATEST,balance_sheet,off_balance,0.0,ACTUAL,VNSTOCK_BRONZE
SPC,LATEST,balance_sheet,value,1187025013.0,ACTUAL,VNSTOCK_BRONZE
SPC,LATEST,balance_sheet,order,23.0,ACTUAL,VNSTOCK_BRONZE
SPC,LATEST,balance_sheet,level,2.0,ACTUAL,VNSTOCK_BRONZE
SPC,LATEST,balance_sheet,off_balance,0.0,ACTUAL,VNSTOCK_BRONZE
SPC,LATEST,balance_sheet,value,16163179721.0,ACTUAL,VNSTOCK_BRONZE
SPC,LATEST,balance_sheet,order,24.0,ACTUAL,VNSTOCK_BRONZE
SPC,LATEST,balance_sheet,level,2.0,ACTUAL,VNSTOCK_BRONZE
SPC,LATEST,balance_sheet,off_balance,0.0,ACTUAL,VNSTOCK_BRONZE
SPC,LATEST,balance_sheet,value,126909683.0,ACTUAL,VNSTOCK_BRONZE
SPC,LATEST,balance_sheet,order,25.0,ACTUAL,VNSTOCK_BRONZE
SPC,LATEST,balance_sheet,level,2.0,ACTUAL,VNSTOCK_BRONZE
SPC,LATEST,balance_sheet,off_balance,0.0,ACTUAL,VNSTOCK_BRONZE
SPC,LATEST,balance_sheet,value,0.0,ACTUAL,VNSTOCK_BRONZE
SPC,LATEST,balance_sheet,order,26.0,ACTUAL,VNSTOCK_BRONZE
SPC,LATEST,balance_sheet,level,1.0,ACTUAL,VNSTOCK_BRONZE
SPC,LATEST,balance_sheet,off_balance,0.0,ACTUAL,VNSTOCK_BRONZE
SPC,LATEST,balance_sheet,value,57254708579.0,ACTUAL,VNSTOCK_BRONZE
SPC,LATEST,balance_sheet,order,27.0,ACTUAL,VNSTOCK_BRONZE
SPC,LATEST,balance_sheet,level,1.0,ACTUAL,VNSTOCK_BRONZE
SPC,LATEST,balance_sheet,off_balance,0.0,ACTUAL,VNSTOCK_BRONZE
SPC,LATEST,balance_sheet,value,1147047750.0,ACTUAL,VNSTOCK_BRONZE
SPC,LATEST,balance_sheet,order,28.0,ACTUAL,VNSTOCK_BRONZE
SPC,LATEST,balance_sheet,level,2.0,ACTUAL,VNSTOCK_BRONZE
SPC,LATEST,balance_sheet,off_balance,0.0,ACTUAL,VNSTOCK_BRONZE
SPC,LATEST,balance_sheet,value,0.0,ACTUAL,VNSTOCK_BRONZE
SPC,LATEST,balance_sheet,order,29.0,ACTUAL,VNSTOCK_BRONZE
SPC,LATEST,balance_sheet,level,2.0,ACTUAL,VNSTOCK_BRONZE
SPC,LATEST,balance_sheet,off_balance,0.0,ACTUAL,VNSTOCK_BRONZE
SPC,LATEST,balance_sheet,value,0.0,ACTUAL,VNSTOCK_BRONZE
SPC,LATEST,balance_sheet,order,30.0,ACTUAL,VNSTOCK_BRONZE
SPC,LATEST,balance_sheet,level,2.0,ACTUAL,VNSTOCK_BRONZE
SPC,LATEST,balance_sheet,off_balance,0.0,ACTUAL,VNSTOCK_BRONZE
SPC,LATEST,balance_sheet,value,0.0,ACTUAL,VNSTOCK_BRONZE
SPC,LATEST,balance_sheet,order,31.0,ACTUAL,VNSTOCK_BRONZE
SPC,LATEST,balance_sheet,level,2.0,ACTUAL,VNSTOCK_BRONZE
SPC,LATEST,balance_sheet,off_balance,0.0,ACTUAL,VNSTOCK_BRONZE
SPC,LATEST,balance_sheet,value,0.0,ACTUAL,VNSTOCK_BRONZE
SPC,LATEST,balance_sheet,order,32.0,ACTUAL,VNSTOCK_BRONZE
SPC,LATEST,balance_sheet,level,2.0,ACTUAL,VNSTOCK_BRONZE
SPC,LATEST,balance_sheet,off_balance,0.0,ACTUAL,VNSTOCK_BRONZE
SPC,LATEST,balance_sheet,value,1147047750.0,ACTUAL,VNSTOCK_BRONZE
SPC,LATEST,balance_sheet,order,33.0,ACTUAL,VNSTOCK_BRONZE
SPC,LATEST,balance_sheet,level,2.0,ACTUAL,VNSTOCK_BRONZE
SPC,LATEST,balance_sheet,off_balance,0.0,ACTUAL,VNSTOCK_BRONZE
SPC,LATEST,balance_sheet,value,-0.0,ACTUAL,VNSTOCK_BRONZE
SPC,LATEST,balance_sheet,order,34.0,ACTUAL,VNSTOCK_BRONZE
SPC,LATEST,balance_sheet,level,1.0,ACTUAL,VNSTOCK_BRONZE
SPC,LATEST,balance_sheet,off_balance,0.0,ACTUAL,VNSTOCK_BRONZE
SPC,LATEST,balance_sheet,value,39079293866.0,ACTUAL,VNSTOCK_BRONZE
SPC,LATEST,balance_sheet,order,35.0,ACTUAL,VNSTOCK_BRONZE
SPC,LATEST,balance_sheet,level,2.0,ACTUAL,VNSTOCK_BRONZE
SPC,LATEST,balance_sheet,off_balance,0.0,ACTUAL,VNSTOCK_BRONZE
SPC,LATEST,balance_sheet,value,30765806253.0,ACTUAL,VNSTOCK_BRONZE
SPC,LATEST,balance_sheet,order,36.0,ACTUAL,VNSTOCK_BRONZE
SPC,LATEST,balance_sheet,level,3.0,ACTUAL,VNSTOCK_BRONZE
SPC,LATEST,balance_sheet,off_balance,0.0,ACTUAL,VNSTOCK_BRONZE
SPC,LATEST,balance_sheet,value,149209756634.0,ACTUAL,VNSTOCK_BRONZE
SPC,LATEST,balance_sheet,order,37.0,ACTUAL,VNSTOCK_BRONZE
SPC,LATEST,balance_sheet,level,3.0,ACTUAL,VNSTOCK_BRONZE
SPC,LATEST,balance_sheet,off_balance,0.0,ACTUAL,VNSTOCK_BRONZE
SPC,LATEST,balance_sheet,value,-118443950381.0,ACTUAL,VNSTOCK_BRONZE
SPC,LATEST,balance_sheet,order,38.0,ACTUAL,VNSTOCK_BRONZE
SPC,LATEST,balance_sheet,level,2.0,ACTUAL,VNSTOCK_BRONZE
SPC,LATEST,balance_sheet,off_balance,0.0,ACTUAL,VNSTOCK_BRONZE
SPC,LATEST,balance_sheet,value,3182191244.0,ACTUAL,VNSTOCK_BRONZE
SPC,LATEST,balance_sheet,order,39.0,ACTUAL,VNSTOCK_BRONZE
SPC,LATEST,balance_sheet,level,3.0,ACTUAL,VNSTOCK_BRONZE
SPC,LATEST,balance_sheet,off_balance,0.0,ACTUAL,VNSTOCK_BRONZE
SPC,LATEST,balance_sheet,value,6008312210.0,ACTUAL,VNSTOCK_BRONZE
SPC,LATEST,balance_sheet,order,40.0,ACTUAL,VNSTOCK_BRONZE
SPC,LATEST,balance_sheet,level,3.0,ACTUAL,VNSTOCK_BRONZE
SPC,LATEST,balance_sheet,off_balance,0.0,ACTUAL,VNSTOCK_BRONZE
SPC,LATEST,balance_sheet,value,-2826120966.0,ACTUAL,VNSTOCK_BRONZE
SPC,LATEST,balance_sheet,order,41.0,ACTUAL,VNSTOCK_BRONZE
SPC,LATEST,balance_sheet,level,2.0,ACTUAL,VNSTOCK_BRONZE
SPC,LATEST,balance_sheet,off_balance,0.0,ACTUAL,VNSTOCK_BRONZE
SPC,LATEST,balance_sheet,value,5131296369.0,ACTUAL,VNSTOCK_BRONZE
SPC,LATEST,balance_sheet,order,42.0,ACTUAL,VNSTOCK_BRONZE
SPC,LATEST,balance_sheet,level,3.0,ACTUAL,VNSTOCK_BRONZE
SPC,LATEST,balance_sheet,off_balance,0.0,ACTUAL,VNSTOCK_BRONZE
SPC,LATEST,balance_sheet,value,9261423802.0,ACTUAL,VNSTOCK_BRONZE
SPC,LATEST,balance_sheet,order,43.0,ACTUAL,VNSTOCK_BRONZE
SPC,LATEST,balance_sheet,level,3.0,ACTUAL,VNSTOCK_BRONZE
SPC,LATEST,balance_sheet,off_balance,0.0,ACTUAL,VNSTOCK_BRONZE
SPC,LATEST,balance_sheet,value,-4130127433.0,ACTUAL,VNSTOCK_BRONZE
SPC,LATEST,balance_sheet,order,44.0,ACTUAL,VNSTOCK_BRONZE
SPC,LATEST,balance_sheet,level,1.0,ACTUAL,VNSTOCK_BRONZE
SPC,LATEST,balance_sheet,off_balance,0.0,ACTUAL,VNSTOCK_BRONZE
SPC,LATEST,balance_sheet,value,1194691838.0,ACTUAL,VNSTOCK_BRONZE
SPC,LATEST,balance_sheet,order,45.0,ACTUAL,VNSTOCK_BRONZE
SPC,LATEST,balance_sheet,level,2.0,ACTUAL,VNSTOCK_BRONZE
SPC,LATEST,balance_sheet,off_balance,0.0,ACTUAL,VNSTOCK_BRONZE
SPC,LATEST,balance_sheet,value,3915170319.0,ACTUAL,VNSTOCK_BRONZE
SPC,LATEST,balance_sheet,order,46.0,ACTUAL,VNSTOCK_BRONZE
SPC,LATEST,balance_sheet,level,2.0,ACTUAL,VNSTOCK_BRONZE
SPC,LATEST,balance_sheet,off_balance,0.0,ACTUAL,VNSTOCK_BRONZE
SPC,LATEST,balance_sheet,value,-2720478481.0,ACTUAL,VNSTOCK_BRONZE
SPC,LATEST,balance_sheet,order,47.0,ACTUAL,VNSTOCK_BRONZE
SPC,LATEST,balance_sheet,level,1.0,ACTUAL,VNSTOCK_BRONZE
SPC,LATEST,balance_sheet,off_balance,0.0,ACTUAL,VNSTOCK_BRONZE
SPC,LATEST,balance_sheet,value,891566417.0,ACTUAL,VNSTOCK_BRONZE
SPC,LATEST,balance_sheet,order,48.0,ACTUAL,VNSTOCK_BRONZE
SPC,LATEST,balance_sheet,level,2.0,ACTUAL,VNSTOCK_BRONZE
SPC,LATEST,balance_sheet,off_balance,0.0,ACTUAL,VNSTOCK_BRONZE
SPC,LATEST,balance_sheet,value,0.0,ACTUAL,VNSTOCK_BRONZE
SPC,LATEST,balance_sheet,order,49.0,ACTUAL,VNSTOCK_BRONZE
SPC,LATEST,balance_sheet,level,2.0,ACTUAL,VNSTOCK_BRONZE
SPC,LATEST,balance_sheet,off_balance,0.0,ACTUAL,VNSTOCK_BRONZE
SPC,LATEST,balance_sheet,value,891566417.0,ACTUAL,VNSTOCK_BRONZE
SPC,LATEST,balance_sheet,order,50.0,ACTUAL,VNSTOCK_BRONZE
SPC,LATEST,balance_sheet,level,1.0,ACTUAL,VNSTOCK_BRONZE
SPC,LATEST,balance_sheet,off_balance,0.0,ACTUAL,VNSTOCK_BRONZE
SPC,LATEST,balance_sheet,value,0.0,ACTUAL,VNSTOCK_BRONZE
SPC,LATEST,balance_sheet,order,51.0,ACTUAL,VNSTOCK_BRONZE
SPC,LATEST,balance_sheet,level,2.0,ACTUAL,VNSTOCK_BRONZE
SPC,LATEST,balance_sheet,off_balance,0.0,ACTUAL,VNSTOCK_BRONZE
SPC,LATEST,balance_sheet,value,0.0,ACTUAL,VNSTOCK_BRONZE
SPC,LATEST,balance_sheet,order,52.0,ACTUAL,VNSTOCK_BRONZE
SPC,LATEST,balance_sheet,level,2.0,ACTUAL,VNSTOCK_BRONZE
SPC,LATEST,balance_sheet,off_balance,0.0,ACTUAL,VNSTOCK_BRONZE
SPC,LATEST,balance_sheet,value,0.0,ACTUAL,VNSTOCK_BRONZE
SPC,LATEST,balance_sheet,order,53.0,ACTUAL,VNSTOCK_BRONZE
SPC,LATEST,balance_sheet,level,2.0,ACTUAL,VNSTOCK_BRONZE
SPC,LATEST,balance_sheet,off_balance,0.0,ACTUAL,VNSTOCK_BRONZE
SPC,LATEST,balance_sheet,value,0.0,ACTUAL,VNSTOCK_BRONZE
SPC,LATEST,balance_sheet,order,54.0,ACTUAL,VNSTOCK_BRONZE
SPC,LATEST,balance_sheet,level,2.0,ACTUAL,VNSTOCK_BRONZE
SPC,LATEST,balance_sheet,off_balance,0.0,ACTUAL,VNSTOCK_BRONZE
SPC,LATEST,balance_sheet,value,0.0,ACTUAL,VNSTOCK_BRONZE
SPC,LATEST,balance_sheet,order,55.0,ACTUAL,VNSTOCK_BRONZE
SPC,LATEST,balance_sheet,level,2.0,ACTUAL,VNSTOCK_BRONZE
SPC,LATEST,balance_sheet,off_balance,0.0,ACTUAL,VNSTOCK_BRONZE
SPC,LATEST,balance_sheet,value,0.0,ACTUAL,VNSTOCK_BRONZE
SPC,LATEST,balance_sheet,order,56.0,ACTUAL,VNSTOCK_BRONZE
SPC,LATEST,balance_sheet,level,1.0,ACTUAL,VNSTOCK_BRONZE
SPC,LATEST,balance_sheet,off_balance,0.0,ACTUAL,VNSTOCK_BRONZE
SPC,LATEST,balance_sheet,value,14942108708.0,ACTUAL,VNSTOCK_BRONZE
SPC,LATEST,balance_sheet,order,57.0,ACTUAL,VNSTOCK_BRONZE
SPC,LATEST,balance_sheet,level,2.0,ACTUAL,VNSTOCK_BRONZE
SPC,LATEST,balance_sheet,off_balance,0.0,ACTUAL,VNSTOCK_BRONZE
SPC,LATEST,balance_sheet,value,0.0,ACTUAL,VNSTOCK_BRONZE
SPC,LATEST,balance_sheet,order,58.0,ACTUAL,VNSTOCK_BRONZE
SPC,LATEST,balance_sheet,level,2.0,ACTUAL,VNSTOCK_BRONZE
SPC,LATEST,balance_sheet,off_balance,0.0,ACTUAL,VNSTOCK_BRONZE
SPC,LATEST,balance_sheet,value,14942108708.0,ACTUAL,VNSTOCK_BRONZE
SPC,LATEST,balance_sheet,order,59.0,ACTUAL,VNSTOCK_BRONZE
SPC,LATEST,balance_sheet,level,2.0,ACTUAL,VNSTOCK_BRONZE
SPC,LATEST,balance_sheet,off_balance,0.0,ACTUAL,VNSTOCK_BRONZE
SPC,LATEST,balance_sheet,value,0.0,ACTUAL,VNSTOCK_BRONZE
SPC,LATEST,balance_sheet,order,60.0,ACTUAL,VNSTOCK_BRONZE
SPC,LATEST,balance_sheet,level,2.0,ACTUAL,VNSTOCK_BRONZE
SPC,LATEST,balance_sheet,off_balance,0.0,ACTUAL,VNSTOCK_BRONZE
SPC,LATEST,balance_sheet,value,0.0,ACTUAL,VNSTOCK_BRONZE
SPC,LATEST,balance_sheet,order,61.0,ACTUAL,VNSTOCK_BRONZE
SPC,LATEST,balance_sheet,level,2.0,ACTUAL,VNSTOCK_BRONZE
SPC,LATEST,balance_sheet,off_balance,0.0,ACTUAL,VNSTOCK_BRONZE
SPC,LATEST,balance_sheet,value,0.0,ACTUAL,VNSTOCK_BRONZE
SPC,LATEST,balance_sheet,order,62.0,ACTUAL,VNSTOCK_BRONZE
SPC,LATEST,balance_sheet,level,2.0,ACTUAL,VNSTOCK_BRONZE
SPC,LATEST,balance_sheet,off_balance,0.0,ACTUAL,VNSTOCK_BRONZE
SPC,LATEST,balance_sheet,value,0.0,ACTUAL,VNSTOCK_BRONZE
SPC,LATEST,balance_sheet,order,63.0,ACTUAL,VNSTOCK_BRONZE
SPC,LATEST,balance_sheet,level,1.0,ACTUAL,VNSTOCK_BRONZE
SPC,LATEST,balance_sheet,off_balance,0.0,ACTUAL,VNSTOCK_BRONZE
SPC,LATEST,balance_sheet,value,601665931660.0,ACTUAL,VNSTOCK_BRONZE
SPC,LATEST,balance_sheet,order,64.0,ACTUAL,VNSTOCK_BRONZE
SPC,LATEST,balance_sheet,level,1.0,ACTUAL,VNSTOCK_BRONZE
SPC,LATEST,balance_sheet,off_balance,0.0,ACTUAL,VNSTOCK_BRONZE
SPC,LATEST,balance_sheet,value,357751132217.0,ACTUAL,VNSTOCK_BRONZE
SPC,LATEST,balance_sheet,order,65.0,ACTUAL,VNSTOCK_BRONZE
SPC,LATEST,balance_sheet,level,1.0,ACTUAL,VNSTOCK_BRONZE
SPC,LATEST,balance_sheet,off_balance,0.0,ACTUAL,VNSTOCK_BRONZE
SPC,LATEST,balance_sheet,value,345037965326.0,ACTUAL,VNSTOCK_BRONZE
SPC,LATEST,balance_sheet,order,66.0,ACTUAL,VNSTOCK_BRONZE
SPC,LATEST,balance_sheet,level,2.0,ACTUAL,VNSTOCK_BRONZE
SPC,LATEST,balance_sheet,off_balance,0.0,ACTUAL,VNSTOCK_BRONZE
SPC,LATEST,balance_sheet,value,0.0,ACTUAL,VNSTOCK_BRONZE
SPC,LATEST,balance_sheet,order,67.0,ACTUAL,VNSTOCK_BRONZE
SPC,LATEST,balance_sheet,level,2.0,ACTUAL,VNSTOCK_BRONZE
SPC,LATEST,balance_sheet,off_balance,0.0,ACTUAL,VNSTOCK_BRONZE
SPC,LATEST,balance_sheet,value,0.0,ACTUAL,VNSTOCK_BRONZE
SPC,LATEST,balance_sheet,order,68.0,ACTUAL,VNSTOCK_BRONZE
SPC,LATEST,balance_sheet,level,2.0,ACTUAL,VNSTOCK_BRONZE
SPC,LATEST,balance_sheet,off_balance,0.0,ACTUAL,VNSTOCK_BRONZE
SPC,LATEST,balance_sheet,value,0.0,ACTUAL,VNSTOCK_BRONZE
SPC,LATEST,balance_sheet,order,69.0,ACTUAL,VNSTOCK_BRONZE
SPC,LATEST,balance_sheet,level,2.0,ACTUAL,VNSTOCK_BRONZE
SPC,LATEST,balance_sheet,off_balance,0.0,ACTUAL,VNSTOCK_BRONZE
SPC,LATEST,balance_sheet,value,137208472763.0,ACTUAL,VNSTOCK_BRONZE
SPC,LATEST,balance_sheet,order,70.0,ACTUAL,VNSTOCK_BRONZE
SPC,LATEST,balance_sheet,level,2.0,ACTUAL,VNSTOCK_BRONZE
SPC,LATEST,balance_sheet,off_balance,0.0,ACTUAL,VNSTOCK_BRONZE
SPC,LATEST,balance_sheet,value,1651831694.0,ACTUAL,VNSTOCK_BRONZE
SPC,LATEST,balance_sheet,order,71.0,ACTUAL,VNSTOCK_BRONZE
SPC,LATEST,balance_sheet,level,2.0,ACTUAL,VNSTOCK_BRONZE
SPC,LATEST,balance_sheet,off_balance,0.0,ACTUAL,VNSTOCK_BRONZE
SPC,LATEST,balance_sheet,value,6043820998.0,ACTUAL,VNSTOCK_BRONZE
SPC,LATEST,balance_sheet,order,72.0,ACTUAL,VNSTOCK_BRONZE
SPC,LATEST,balance_sheet,level,2.0,ACTUAL,VNSTOCK_BRONZE
SPC,LATEST,balance_sheet,off_balance,0.0,ACTUAL,VNSTOCK_BRONZE
SPC,LATEST,balance_sheet,value,10716374238.0,ACTUAL,VNSTOCK_BRONZE
SPC,LATEST,balance_sheet,order,73.0,ACTUAL,VNSTOCK_BRONZE
SPC,LATEST,balance_sheet,level,2.0,ACTUAL,VNSTOCK_BRONZE
SPC,LATEST,balance_sheet,off_balance,0.0,ACTUAL,VNSTOCK_BRONZE
SPC,LATEST,balance_sheet,value,126795955.0,ACTUAL,VNSTOCK_BRONZE
SPC,LATEST,balance_sheet,order,74.0,ACTUAL,VNSTOCK_BRONZE
SPC,LATEST,balance_sheet,level,2.0,ACTUAL,VNSTOCK_BRONZE
SPC,LATEST,balance_sheet,off_balance,0.0,ACTUAL,VNSTOCK_BRONZE
SPC,LATEST,balance_sheet,value,0.0,ACTUAL,VNSTOCK_BRONZE
SPC,LATEST,balance_sheet,order,75.0,ACTUAL,VNSTOCK_BRONZE
SPC,LATEST,balance_sheet,level,2.0,ACTUAL,VNSTOCK_BRONZE
SPC,LATEST,balance_sheet,off_balance,0.0,ACTUAL,VNSTOCK_BRONZE
SPC,LATEST,balance_sheet,value,0.0,ACTUAL,VNSTOCK_BRONZE
SPC,LATEST,balance_sheet,order,76.0,ACTUAL,VNSTOCK_BRONZE
SPC,LATEST,balance_sheet,level,2.0,ACTUAL,VNSTOCK_BRONZE
SPC,LATEST,balance_sheet,off_balance,0.0,ACTUAL,VNSTOCK_BRONZE
SPC,LATEST,balance_sheet,value,12238501464.0,ACTUAL,VNSTOCK_BRONZE
SPC,LATEST,balance_sheet,order,77.0,ACTUAL,VNSTOCK_BRONZE
SPC,LATEST,balance_sheet,level,2.0,ACTUAL,VNSTOCK_BRONZE
SPC,LATEST,balance_sheet,off_balance,0.0,ACTUAL,VNSTOCK_BRONZE
SPC,LATEST,balance_sheet,value,177003477174.0,ACTUAL,VNSTOCK_BRONZE
SPC,LATEST,balance_sheet,order,78.0,ACTUAL,VNSTOCK_BRONZE
SPC,LATEST,balance_sheet,level,2.0,ACTUAL,VNSTOCK_BRONZE
SPC,LATEST,balance_sheet,off_balance,0.0,ACTUAL,VNSTOCK_BRONZE
SPC,LATEST,balance_sheet,value,0.0,ACTUAL,VNSTOCK_BRONZE
SPC,LATEST,balance_sheet,order,79.0,ACTUAL,VNSTOCK_BRONZE
SPC,LATEST,balance_sheet,level,2.0,ACTUAL,VNSTOCK_BRONZE
SPC,LATEST,balance_sheet,off_balance,0.0,ACTUAL,VNSTOCK_BRONZE
SPC,LATEST,balance_sheet,value,48691040.0,ACTUAL,VNSTOCK_BRONZE
SPC,LATEST,balance_sheet,order,80.0,ACTUAL,VNSTOCK_BRONZE
SPC,LATEST,balance_sheet,level,2.0,ACTUAL,VNSTOCK_BRONZE
SPC,LATEST,balance_sheet,off_balance,0.0,ACTUAL,VNSTOCK_BRONZE
SPC,LATEST,balance_sheet,value,0.0,ACTUAL,VNSTOCK_BRONZE
SPC,LATEST,balance_sheet,order,81.0,ACTUAL,VNSTOCK_BRONZE
SPC,LATEST,balance_sheet,level,2.0,ACTUAL,VNSTOCK_BRONZE
SPC,LATEST,balance_sheet,off_balance,0.0,ACTUAL,VNSTOCK_BRONZE
SPC,LATEST,balance_sheet,value,0.0,ACTUAL,VNSTOCK_BRONZE
SPC,LATEST,balance_sheet,order,82.0,ACTUAL,VNSTOCK_BRONZE
SPC,LATEST,balance_sheet,level,1.0,ACTUAL,VNSTOCK_BRONZE
SPC,LATEST,balance_sheet,off_balance,0.0,ACTUAL,VNSTOCK_BRONZE
SPC,LATEST,balance_sheet,value,12713166891.0,ACTUAL,VNSTOCK_BRONZE
SPC,LATEST,balance_sheet,order,83.0,ACTUAL,VNSTOCK_BRONZE
SPC,LATEST,balance_sheet,level,2.0,ACTUAL,VNSTOCK_BRONZE
SPC,LATEST,balance_sheet,off_balance,0.0,ACTUAL,VNSTOCK_BRONZE
SPC,LATEST,balance_sheet,value,0.0,ACTUAL,VNSTOCK_BRONZE
SPC,LATEST,balance_sheet,order,84.0,ACTUAL,VNSTOCK_BRONZE
SPC,LATEST,balance_sheet,level,2.0,ACTUAL,VNSTOCK_BRONZE
SPC,LATEST,balance_sheet,off_balance,0.0,ACTUAL,VNSTOCK_BRONZE
SPC,LATEST,balance_sheet,order,85.0,ACTUAL,VNSTOCK_BRONZE
SPC,LATEST,balance_sheet,level,2.0,ACTUAL,VNSTOCK_BRONZE
SPC,LATEST,balance_sheet,off_balance,0.0,ACTUAL,VNSTOCK_BRONZE
SPC,LATEST,balance_sheet,value,0.0,ACTUAL,VNSTOCK_BRONZE
SPC,LATEST,balance_sheet,order,86.0,ACTUAL,VNSTOCK_BRONZE
SPC,LATEST,balance_sheet,level,2.0,ACTUAL,VNSTOCK_BRONZE
SPC,LATEST,balance_sheet,off_balance,0.0,ACTUAL,VNSTOCK_BRONZE
SPC,LATEST,balance_sheet,value,0.0,ACTUAL,VNSTOCK_BRONZE
SPC,LATEST,balance_sheet,order,87.0,ACTUAL,VNSTOCK_BRONZE
SPC,LATEST,balance_sheet,level,2.0,ACTUAL,VNSTOCK_BRONZE
SPC,LATEST,balance_sheet,off_balance,0.0,ACTUAL,VNSTOCK_BRONZE
SPC,LATEST,balance_sheet,value,0.0,ACTUAL,VNSTOCK_BRONZE
SPC,LATEST,balance_sheet,order,88.0,ACTUAL,VNSTOCK_BRONZE
SPC,LATEST,balance_sheet,level,2.0,ACTUAL,VNSTOCK_BRONZE
SPC,LATEST,balance_sheet,off_balance,0.0,ACTUAL,VNSTOCK_BRONZE
SPC,LATEST,balance_sheet,value,0.0,ACTUAL,VNSTOCK_BRONZE
SPC,LATEST,balance_sheet,order,89.0,ACTUAL,VNSTOCK_BRONZE
SPC,LATEST,balance_sheet,level,2.0,ACTUAL,VNSTOCK_BRONZE
SPC,LATEST,balance_sheet,off_balance,0.0,ACTUAL,VNSTOCK_BRONZE
SPC,LATEST,balance_sheet,value,0.0,ACTUAL,VNSTOCK_BRONZE
SPC,LATEST,balance_sheet,order,90.0,ACTUAL,VNSTOCK_BRONZE
SPC,LATEST,balance_sheet,level,2.0,ACTUAL,VNSTOCK_BRONZE
SPC,LATEST,balance_sheet,off_balance,0.0,ACTUAL,VNSTOCK_BRONZE
SPC,LATEST,balance_sheet,value,2478554000.0,ACTUAL,VNSTOCK_BRONZE
SPC,LATEST,balance_sheet,order,91.0,ACTUAL,VNSTOCK_BRONZE
SPC,LATEST,balance_sheet,level,2.0,ACTUAL,VNSTOCK_BRONZE
SPC,LATEST,balance_sheet,off_balance,0.0,ACTUAL,VNSTOCK_BRONZE
SPC,LATEST,balance_sheet,value,7135985212.0,ACTUAL,VNSTOCK_BRONZE
SPC,LATEST,balance_sheet,order,92.0,ACTUAL,VNSTOCK_BRONZE
SPC,LATEST,balance_sheet,level,2.0,ACTUAL,VNSTOCK_BRONZE
SPC,LATEST,balance_sheet,off_balance,0.0,ACTUAL,VNSTOCK_BRONZE
SPC,LATEST,balance_sheet,value,0.0,ACTUAL,VNSTOCK_BRONZE
SPC,LATEST,balance_sheet,order,93.0,ACTUAL,VNSTOCK_BRONZE
SPC,LATEST,balance_sheet,level,2.0,ACTUAL,VNSTOCK_BRONZE
SPC,LATEST,balance_sheet,off_balance,0.0,ACTUAL,VNSTOCK_BRONZE
SPC,LATEST,balance_sheet,value,3098627679.0,ACTUAL,VNSTOCK_BRONZE
SPC,LATEST,balance_sheet,order,94.0,ACTUAL,VNSTOCK_BRONZE
SPC,LATEST,balance_sheet,level,2.0,ACTUAL,VNSTOCK_BRONZE
SPC,LATEST,balance_sheet,off_balance,0.0,ACTUAL,VNSTOCK_BRONZE
SPC,LATEST,balance_sheet,value,0.0,ACTUAL,VNSTOCK_BRONZE
SPC,LATEST,balance_sheet,order,95.0,ACTUAL,VNSTOCK_BRONZE
SPC,LATEST,balance_sheet,level,2.0,ACTUAL,VNSTOCK_BRONZE
SPC,LATEST,balance_sheet,off_balance,0.0,ACTUAL,VNSTOCK_BRONZE
SPC,LATEST,balance_sheet,value,0.0,ACTUAL,VNSTOCK_BRONZE
SPC,LATEST,balance_sheet,order,96.0,ACTUAL,VNSTOCK_BRONZE
SPC,LATEST,balance_sheet,level,1.0,ACTUAL,VNSTOCK_BRONZE
SPC,LATEST,balance_sheet,off_balance,0.0,ACTUAL,VNSTOCK_BRONZE
SPC,LATEST,balance_sheet,value,243914799443.0,ACTUAL,VNSTOCK_BRONZE
SPC,LATEST,balance_sheet,order,97.0,ACTUAL,VNSTOCK_BRONZE
SPC,LATEST,balance_sheet,level,1.0,ACTUAL,VNSTOCK_BRONZE
SPC,LATEST,balance_sheet,off_balance,0.0,ACTUAL,VNSTOCK_BRONZE
SPC,LATEST,balance_sheet,value,243914799443.0,ACTUAL,VNSTOCK_BRONZE
SPC,LATEST,balance_sheet,order,98.0,ACTUAL,VNSTOCK_BRONZE
SPC,LATEST,balance_sheet,level,2.0,ACTUAL,VNSTOCK_BRONZE
SPC,LATEST,balance_sheet,off_balance,0.0,ACTUAL,VNSTOCK_BRONZE
SPC,LATEST,balance_sheet,value,0.0,ACTUAL,VNSTOCK_BRONZE
SPC,LATEST,balance_sheet,order,99.0,ACTUAL,VNSTOCK_BRONZE
SPC,LATEST,balance_sheet,level,2.0,ACTUAL,VNSTOCK_BRONZE
SPC,LATEST,balance_sheet,off_balance,0.0,ACTUAL,VNSTOCK_BRONZE
SPC,LATEST,balance_sheet,value,0.0,ACTUAL,VNSTOCK_BRONZE
SPC,LATEST,balance_sheet,order,100.0,ACTUAL,VNSTOCK_BRONZE
SPC,LATEST,balance_sheet,level,2.0,ACTUAL,VNSTOCK_BRONZE
SPC,LATEST,balance_sheet,off_balance,0.0,ACTUAL,VNSTOCK_BRONZE
SPC,LATEST,balance_sheet,value,0.0,ACTUAL,VNSTOCK_BRONZE
SPC,LATEST,balance_sheet,order,101.0,ACTUAL,VNSTOCK_BRONZE
SPC,LATEST,balance_sheet,level,2.0,ACTUAL,VNSTOCK_BRONZE
SPC,LATEST,balance_sheet,off_balance,0.0,ACTUAL,VNSTOCK_BRONZE
SPC,LATEST,balance_sheet,value,0.0,ACTUAL,VNSTOCK_BRONZE
SPC,LATEST,balance_sheet,order,102.0,ACTUAL,VNSTOCK_BRONZE
SPC,LATEST,balance_sheet,level,2.0,ACTUAL,VNSTOCK_BRONZE
SPC,LATEST,balance_sheet,off_balance,0.0,ACTUAL,VNSTOCK_BRONZE
SPC,LATEST,balance_sheet,value,105300000000.0,ACTUAL,VNSTOCK_BRONZE
SPC,LATEST,balance_sheet,order,103.0,ACTUAL,VNSTOCK_BRONZE
SPC,LATEST,balance_sheet,level,3.0,ACTUAL,VNSTOCK_BRONZE
SPC,LATEST,balance_sheet,off_balance,0.0,ACTUAL,VNSTOCK_BRONZE
SPC,LATEST,balance_sheet,value,105300000000.0,ACTUAL,VNSTOCK_BRONZE
SPC,LATEST,balance_sheet,order,104.0,ACTUAL,VNSTOCK_BRONZE
SPC,LATEST,balance_sheet,level,2.0,ACTUAL,VNSTOCK_BRONZE
SPC,LATEST,balance_sheet,off_balance,0.0,ACTUAL,VNSTOCK_BRONZE
SPC,LATEST,balance_sheet,value,782715818.0,ACTUAL,VNSTOCK_BRONZE
SPC,LATEST,balance_sheet,order,105.0,ACTUAL,VNSTOCK_BRONZE
SPC,LATEST,balance_sheet,level,2.0,ACTUAL,VNSTOCK_BRONZE
SPC,LATEST,balance_sheet,off_balance,0.0,ACTUAL,VNSTOCK_BRONZE
SPC,LATEST,balance_sheet,value,0.0,ACTUAL,VNSTOCK_BRONZE
SPC,LATEST,balance_sheet,order,106.0,ACTUAL,VNSTOCK_BRONZE
SPC,LATEST,balance_sheet,level,2.0,ACTUAL,VNSTOCK_BRONZE
SPC,LATEST,balance_sheet,off_balance,0.0,ACTUAL,VNSTOCK_BRONZE
SPC,LATEST,balance_sheet,value,0.0,ACTUAL,VNSTOCK_BRONZE
SPC,LATEST,balance_sheet,order,107.0,ACTUAL,VNSTOCK_BRONZE
SPC,LATEST,balance_sheet,level,2.0,ACTUAL,VNSTOCK_BRONZE
SPC,LATEST,balance_sheet,off_balance,0.0,ACTUAL,VNSTOCK_BRONZE
SPC,LATEST,balance_sheet,value,0.0,ACTUAL,VNSTOCK_BRONZE
SPC,LATEST,balance_sheet,order,108.0,ACTUAL,VNSTOCK_BRONZE
SPC,LATEST,balance_sheet,level,2.0,ACTUAL,VNSTOCK_BRONZE
SPC,LATEST,balance_sheet,off_balance,0.0,ACTUAL,VNSTOCK_BRONZE
SPC,LATEST,balance_sheet,value,17258543779.0,ACTUAL,VNSTOCK_BRONZE
SPC,LATEST,balance_sheet,order,109.0,ACTUAL,VNSTOCK_BRONZE
SPC,LATEST,balance_sheet,level,2.0,ACTUAL,VNSTOCK_BRONZE
SPC,LATEST,balance_sheet,off_balance,0.0,ACTUAL,VNSTOCK_BRONZE
SPC,LATEST,balance_sheet,value,57628796060.0,ACTUAL,VNSTOCK_BRONZE
SPC,LATEST,balance_sheet,order,110.0,ACTUAL,VNSTOCK_BRONZE
SPC,LATEST,balance_sheet,level,2.0,ACTUAL,VNSTOCK_BRONZE
SPC,LATEST,balance_sheet,off_balance,0.0,ACTUAL,VNSTOCK_BRONZE
SPC,LATEST,balance_sheet,value,0.0,ACTUAL,VNSTOCK_BRONZE
SPC,LATEST,balance_sheet,order,111.0,ACTUAL,VNSTOCK_BRONZE
SPC,LATEST,balance_sheet,level,2.0,ACTUAL,VNSTOCK_BRONZE
SPC,LATEST,balance_sheet,off_balance,0.0,ACTUAL,VNSTOCK_BRONZE
SPC,LATEST,balance_sheet,value,0.0,ACTUAL,VNSTOCK_BRONZE
SPC,LATEST,balance_sheet,order,112.0,ACTUAL,VNSTOCK_BRONZE
SPC,LATEST,balance_sheet,level,2.0,ACTUAL,VNSTOCK_BRONZE
SPC,LATEST,balance_sheet,off_balance,0.0,ACTUAL,VNSTOCK_BRONZE
SPC,LATEST,balance_sheet,value,52475904053.0,ACTUAL,VNSTOCK_BRONZE
SPC,LATEST,balance_sheet,order,113.0,ACTUAL,VNSTOCK_BRONZE
SPC,LATEST,balance_sheet,level,3.0,ACTUAL,VNSTOCK_BRONZE
SPC,LATEST,balance_sheet,off_balance,0.0,ACTUAL,VNSTOCK_BRONZE
SPC,LATEST,balance_sheet,value,26372730594.0,ACTUAL,VNSTOCK_BRONZE
SPC,LATEST,balance_sheet,order,114.0,ACTUAL,VNSTOCK_BRONZE
SPC,LATEST,balance_sheet,level,3.0,ACTUAL,VNSTOCK_BRONZE
SPC,LATEST,balance_sheet,off_balance,0.0,ACTUAL,VNSTOCK_BRONZE
SPC,LATEST,balance_sheet,value,26103173459.0,ACTUAL,VNSTOCK_BRONZE
SPC,LATEST,balance_sheet,order,115.0,ACTUAL,VNSTOCK_BRONZE
SPC,LATEST,balance_sheet,level,2.0,ACTUAL,VNSTOCK_BRONZE
SPC,LATEST,balance_sheet,off_balance,0.0,ACTUAL,VNSTOCK_BRONZE
SPC,LATEST,balance_sheet,value,10468839733.0,ACTUAL,VNSTOCK_BRONZE
SPC,LATEST,balance_sheet,order,116.0,ACTUAL,VNSTOCK_BRONZE
SPC,LATEST,balance_sheet,level,1.0,ACTUAL,VNSTOCK_BRONZE
SPC,LATEST,balance_sheet,off_balance,0.0,ACTUAL,VNSTOCK_BRONZE
SPC,LATEST,balance_sheet,value,0.0,ACTUAL,VNSTOCK_BRONZE
SPC,LATEST,balance_sheet,order,117.0,ACTUAL,VNSTOCK_BRONZE
SPC,LATEST,balance_sheet,level,2.0,ACTUAL,VNSTOCK_BRONZE
SPC,LATEST,balance_sheet,off_balance,0.0,ACTUAL,VNSTOCK_BRONZE
SPC,LATEST,balance_sheet,value,0.0,ACTUAL,VNSTOCK_BRONZE
SPC,LATEST,balance_sheet,order,118.0,ACTUAL,VNSTOCK_BRONZE
SPC,LATEST,balance_sheet,level,1.0,ACTUAL,VNSTOCK_BRONZE
SPC,LATEST,balance_sheet,off_balance,0.0,ACTUAL,VNSTOCK_BRONZE
SPC,LATEST,balance_sheet,value,601665931660.0,ACTUAL,VNSTOCK_BRONZE
SPC,LATEST,balance_sheet,order,1.0,ACTUAL,VNSTOCK_BRONZE
SPC,LATEST,balance_sheet,level,1.0,ACTUAL,VNSTOCK_BRONZE
SPC,LATEST,balance_sheet,off_balance,0.0,ACTUAL,VNSTOCK_BRONZE
SPC,LATEST,balance_sheet,value,582707244218.0,ACTUAL,VNSTOCK_BRONZE
SPC,LATEST,balance_sheet,order,2.0,ACTUAL,VNSTOCK_BRONZE
SPC,LATEST,balance_sheet,level,1.0,ACTUAL,VNSTOCK_BRONZE
SPC,LATEST,balance_sheet,off_balance,0.0,ACTUAL,VNSTOCK_BRONZE
SPC,LATEST,balance_sheet,value,79005292664.0,ACTUAL,VNSTOCK_BRONZE
SPC,LATEST,balance_sheet,order,3.0,ACTUAL,VNSTOCK_BRONZE
SPC,LATEST,balance_sheet,level,2.0,ACTUAL,VNSTOCK_BRONZE
SPC,LATEST,balance_sheet,off_balance,0.0,ACTUAL,VNSTOCK_BRONZE
SPC,LATEST,balance_sheet,value,56005292664.0,ACTUAL,VNSTOCK_BRONZE
SPC,LATEST,balance_sheet,order,4.0,ACTUAL,VNSTOCK_BRONZE
SPC,LATEST,balance_sheet,level,2.0,ACTUAL,VNSTOCK_BRONZE
SPC,LATEST,balance_sheet,off_balance,0.0,ACTUAL,VNSTOCK_BRONZE
SPC,LATEST,balance_sheet,value,23000000000.0,ACTUAL,VNSTOCK_BRONZE
SPC,LATEST,balance_sheet,order,5.0,ACTUAL,VNSTOCK_BRONZE
SPC,LATEST,balance_sheet,level,1.0,ACTUAL,VNSTOCK_BRONZE
SPC,LATEST,balance_sheet,off_balance,0.0,ACTUAL,VNSTOCK_BRONZE
SPC,LATEST,balance_sheet,value,0.0,ACTUAL,VNSTOCK_BRONZE
SPC,LATEST,balance_sheet,order,6.0,ACTUAL,VNSTOCK_BRONZE
SPC,LATEST,balance_sheet,level,2.0,ACTUAL,VNSTOCK_BRONZE
SPC,LATEST,balance_sheet,off_balance,0.0,ACTUAL,VNSTOCK_BRONZE
SPC,LATEST,balance_sheet,value,0.0,ACTUAL,VNSTOCK_BRONZE
SPC,LATEST,balance_sheet,order,7.0,ACTUAL,VNSTOCK_BRONZE
SPC,LATEST,balance_sheet,level,2.0,ACTUAL,VNSTOCK_BRONZE
SPC,LATEST,balance_sheet,off_balance,0.0,ACTUAL,VNSTOCK_BRONZE
SPC,LATEST,balance_sheet,value,0.0,ACTUAL,VNSTOCK_BRONZE
SPC,LATEST,balance_sheet,order,8.0,ACTUAL,VNSTOCK_BRONZE
SPC,LATEST,balance_sheet,level,2.0,ACTUAL,VNSTOCK_BRONZE
SPC,LATEST,balance_sheet,off_balance,0.0,ACTUAL,VNSTOCK_BRONZE
SPC,LATEST,balance_sheet,value,0.0,ACTUAL,VNSTOCK_BRONZE
SPC,LATEST,balance_sheet,order,9.0,ACTUAL,VNSTOCK_BRONZE
SPC,LATEST,balance_sheet,level,1.0,ACTUAL,VNSTOCK_BRONZE
SPC,LATEST,balance_sheet,off_balance,0.0,ACTUAL,VNSTOCK_BRONZE
SPC,LATEST,balance_sheet,value,128930127931.0,ACTUAL,VNSTOCK_BRONZE
SPC,LATEST,balance_sheet,order,10.0,ACTUAL,VNSTOCK_BRONZE
SPC,LATEST,balance_sheet,level,2.0,ACTUAL,VNSTOCK_BRONZE
SPC,LATEST,balance_sheet,off_balance,0.0,ACTUAL,VNSTOCK_BRONZE
SPC,LATEST,balance_sheet,value,123352830232.0,ACTUAL,VNSTOCK_BRONZE
SPC,LATEST,balance_sheet,order,11.0,ACTUAL,VNSTOCK_BRONZE
SPC,LATEST,balance_sheet,level,2.0,ACTUAL,VNSTOCK_BRONZE
SPC,LATEST,balance_sheet,off_balance,0.0,ACTUAL,VNSTOCK_BRONZE
SPC,LATEST,balance_sheet,value,12427946900.0,ACTUAL,VNSTOCK_BRONZE
SPC,LATEST,balance_sheet,order,12.0,ACTUAL,VNSTOCK_BRONZE
SPC,LATEST,balance_sheet,level,2.0,ACTUAL,VNSTOCK_BRONZE
SPC,LATEST,balance_sheet,off_balance,0.0,ACTUAL,VNSTOCK_BRONZE
SPC,LATEST,balance_sheet,value,0.0,ACTUAL,VNSTOCK_BRONZE
SPC,LATEST,balance_sheet,order,13.0,ACTUAL,VNSTOCK_BRONZE
SPC,LATEST,balance_sheet,level,2.0,ACTUAL,VNSTOCK_BRONZE
SPC,LATEST,balance_sheet,off_balance,0.0,ACTUAL,VNSTOCK_BRONZE
SPC,LATEST,balance_sheet,value,0.0,ACTUAL,VNSTOCK_BRONZE
SPC,LATEST,balance_sheet,order,14.0,ACTUAL,VNSTOCK_BRONZE
SPC,LATEST,balance_sheet,level,2.0,ACTUAL,VNSTOCK_BRONZE
SPC,LATEST,balance_sheet,off_balance,0.0,ACTUAL,VNSTOCK_BRONZE
SPC,LATEST,balance_sheet,value,0.0,ACTUAL,VNSTOCK_BRONZE
SPC,LATEST,balance_sheet,order,15.0,ACTUAL,VNSTOCK_BRONZE
SPC,LATEST,balance_sheet,level,2.0,ACTUAL,VNSTOCK_BRONZE
SPC,LATEST,balance_sheet,off_balance,0.0,ACTUAL,VNSTOCK_BRONZE
SPC,LATEST,balance_sheet,value,11846695732.0,ACTUAL,VNSTOCK_BRONZE
SPC,LATEST,balance_sheet,order,16.0,ACTUAL,VNSTOCK_BRONZE
SPC,LATEST,balance_sheet,level,2.0,ACTUAL,VNSTOCK_BRONZE
SPC,LATEST,balance_sheet,off_balance,0.0,ACTUAL,VNSTOCK_BRONZE
SPC,LATEST,balance_sheet,value,-18697344933.0,ACTUAL,VNSTOCK_BRONZE
SPC,LATEST,balance_sheet,order,17.0,ACTUAL,VNSTOCK_BRONZE
SPC,LATEST,balance_sheet,level,2.0,ACTUAL,VNSTOCK_BRONZE
SPC,LATEST,balance_sheet,off_balance,0.0,ACTUAL,VNSTOCK_BRONZE
SPC,LATEST,balance_sheet,value,0.0,ACTUAL,VNSTOCK_BRONZE
SPC,LATEST,balance_sheet,order,18.0,ACTUAL,VNSTOCK_BRONZE
SPC,LATEST,balance_sheet,level,1.0,ACTUAL,VNSTOCK_BRONZE
SPC,LATEST,balance_sheet,off_balance,0.0,ACTUAL,VNSTOCK_BRONZE
SPC,LATEST,balance_sheet,value,359774398518.0,ACTUAL,VNSTOCK_BRONZE
SPC,LATEST,balance_sheet,order,19.0,ACTUAL,VNSTOCK_BRONZE
SPC,LATEST,balance_sheet,level,2.0,ACTUAL,VNSTOCK_BRONZE
SPC,LATEST,balance_sheet,off_balance,0.0,ACTUAL,VNSTOCK_BRONZE
SPC,LATEST,balance_sheet,value,366676464204.0,ACTUAL,VNSTOCK_BRONZE
SPC,LATEST,balance_sheet,order,20.0,ACTUAL,VNSTOCK_BRONZE
SPC,LATEST,balance_sheet,level,2.0,ACTUAL,VNSTOCK_BRONZE
SPC,LATEST,balance_sheet,off_balance,0.0,ACTUAL,VNSTOCK_BRONZE
SPC,LATEST,balance_sheet,value,-6902065686.0,ACTUAL,VNSTOCK_BRONZE
SPC,LATEST,balance_sheet,order,21.0,ACTUAL,VNSTOCK_BRONZE
SPC,LATEST,balance_sheet,level,1.0,ACTUAL,VNSTOCK_BRONZE
SPC,LATEST,balance_sheet,off_balance,0.0,ACTUAL,VNSTOCK_BRONZE
SPC,LATEST,balance_sheet,value,14997425105.0,ACTUAL,VNSTOCK_BRONZE
SPC,LATEST,balance_sheet,order,22.0,ACTUAL,VNSTOCK_BRONZE
SPC,LATEST,balance_sheet,level,2.0,ACTUAL,VNSTOCK_BRONZE
SPC,LATEST,balance_sheet,off_balance,0.0,ACTUAL,VNSTOCK_BRONZE
SPC,LATEST,balance_sheet,value,405904615.0,ACTUAL,VNSTOCK_BRONZE
SPC,LATEST,balance_sheet,order,23.0,ACTUAL,VNSTOCK_BRONZE
SPC,LATEST,balance_sheet,level,2.0,ACTUAL,VNSTOCK_BRONZE
SPC,LATEST,balance_sheet,off_balance,0.0,ACTUAL,VNSTOCK_BRONZE
SPC,LATEST,balance_sheet,value,13492104685.0,ACTUAL,VNSTOCK_BRONZE
SPC,LATEST,balance_sheet,order,24.0,ACTUAL,VNSTOCK_BRONZE
SPC,LATEST,balance_sheet,level,2.0,ACTUAL,VNSTOCK_BRONZE
SPC,LATEST,balance_sheet,off_balance,0.0,ACTUAL,VNSTOCK_BRONZE
SPC,LATEST,balance_sheet,value,1099415805.0,ACTUAL,VNSTOCK_BRONZE
SPC,LATEST,balance_sheet,order,25.0,ACTUAL,VNSTOCK_BRONZE
SPC,LATEST,balance_sheet,level,2.0,ACTUAL,VNSTOCK_BRONZE
SPC,LATEST,balance_sheet,off_balance,0.0,ACTUAL,VNSTOCK_BRONZE
SPC,LATEST,balance_sheet,value,0.0,ACTUAL,VNSTOCK_BRONZE
SPC,LATEST,balance_sheet,order,26.0,ACTUAL,VNSTOCK_BRONZE
SPC,LATEST,balance_sheet,level,1.0,ACTUAL,VNSTOCK_BRONZE
SPC,LATEST,balance_sheet,off_balance,0.0,ACTUAL,VNSTOCK_BRONZE
SPC,LATEST,balance_sheet,value,56775617785.0,ACTUAL,VNSTOCK_BRONZE
SPC,LATEST,balance_sheet,order,27.0,ACTUAL,VNSTOCK_BRONZE
SPC,LATEST,balance_sheet,level,1.0,ACTUAL,VNSTOCK_BRONZE
SPC,LATEST,balance_sheet,off_balance,0.0,ACTUAL,VNSTOCK_BRONZE
SPC,LATEST,balance_sheet,value,1753903500.0,ACTUAL,VNSTOCK_BRONZE
SPC,LATEST,balance_sheet,order,28.0,ACTUAL,VNSTOCK_BRONZE
SPC,LATEST,balance_sheet,level,2.0,ACTUAL,VNSTOCK_BRONZE
SPC,LATEST,balance_sheet,off_balance,0.0,ACTUAL,VNSTOCK_BRONZE
SPC,LATEST,balance_sheet,value,0.0,ACTUAL,VNSTOCK_BRONZE
SPC,LATEST,balance_sheet,order,29.0,ACTUAL,VNSTOCK_BRONZE
SPC,LATEST,balance_sheet,level,2.0,ACTUAL,VNSTOCK_BRONZE
SPC,LATEST,balance_sheet,off_balance,0.0,ACTUAL,VNSTOCK_BRONZE
SPC,LATEST,balance_sheet,value,0.0,ACTUAL,VNSTOCK_BRONZE
SPC,LATEST,balance_sheet,order,30.0,ACTUAL,VNSTOCK_BRONZE
SPC,LATEST,balance_sheet,level,2.0,ACTUAL,VNSTOCK_BRONZE
SPC,LATEST,balance_sheet,off_balance,0.0,ACTUAL,VNSTOCK_BRONZE
SPC,LATEST,balance_sheet,value,0.0,ACTUAL,VNSTOCK_BRONZE
SPC,LATEST,balance_sheet,order,31.0,ACTUAL,VNSTOCK_BRONZE
SPC,LATEST,balance_sheet,level,2.0,ACTUAL,VNSTOCK_BRONZE
SPC,LATEST,balance_sheet,off_balance,0.0,ACTUAL,VNSTOCK_BRONZE
SPC,LATEST,balance_sheet,value,0.0,ACTUAL,VNSTOCK_BRONZE
SPC,LATEST,balance_sheet,order,32.0,ACTUAL,VNSTOCK_BRONZE
SPC,LATEST,balance_sheet,level,2.0,ACTUAL,VNSTOCK_BRONZE
SPC,LATEST,balance_sheet,off_balance,0.0,ACTUAL,VNSTOCK_BRONZE
SPC,LATEST,balance_sheet,value,1753903500.0,ACTUAL,VNSTOCK_BRONZE
SPC,LATEST,balance_sheet,order,33.0,ACTUAL,VNSTOCK_BRONZE
SPC,LATEST,balance_sheet,level,2.0,ACTUAL,VNSTOCK_BRONZE
SPC,LATEST,balance_sheet,off_balance,0.0,ACTUAL,VNSTOCK_BRONZE
SPC,LATEST,balance_sheet,value,-0.0,ACTUAL,VNSTOCK_BRONZE
SPC,LATEST,balance_sheet,order,34.0,ACTUAL,VNSTOCK_BRONZE
SPC,LATEST,balance_sheet,level,1.0,ACTUAL,VNSTOCK_BRONZE
SPC,LATEST,balance_sheet,off_balance,0.0,ACTUAL,VNSTOCK_BRONZE
SPC,LATEST,balance_sheet,value,36499324794.0,ACTUAL,VNSTOCK_BRONZE
SPC,LATEST,balance_sheet,order,35.0,ACTUAL,VNSTOCK_BRONZE
SPC,LATEST,balance_sheet,level,2.0,ACTUAL,VNSTOCK_BRONZE
SPC,LATEST,balance_sheet,off_balance,0.0,ACTUAL,VNSTOCK_BRONZE
SPC,LATEST,balance_sheet,value,27866278468.0,ACTUAL,VNSTOCK_BRONZE
SPC,LATEST,balance_sheet,order,36.0,ACTUAL,VNSTOCK_BRONZE
SPC,LATEST,balance_sheet,level,3.0,ACTUAL,VNSTOCK_BRONZE
SPC,LATEST,balance_sheet,off_balance,0.0,ACTUAL,VNSTOCK_BRONZE
SPC,LATEST,balance_sheet,value,147253197501.0,ACTUAL,VNSTOCK_BRONZE
SPC,LATEST,balance_sheet,order,37.0,ACTUAL,VNSTOCK_BRONZE
SPC,LATEST,balance_sheet,level,3.0,ACTUAL,VNSTOCK_BRONZE
SPC,LATEST,balance_sheet,off_balance,0.0,ACTUAL,VNSTOCK_BRONZE
SPC,LATEST,balance_sheet,value,-119386919033.0,ACTUAL,VNSTOCK_BRONZE
SPC,LATEST,balance_sheet,order,38.0,ACTUAL,VNSTOCK_BRONZE
SPC,LATEST,balance_sheet,level,2.0,ACTUAL,VNSTOCK_BRONZE
SPC,LATEST,balance_sheet,off_balance,0.0,ACTUAL,VNSTOCK_BRONZE
SPC,LATEST,balance_sheet,value,3457821863.0,ACTUAL,VNSTOCK_BRONZE
SPC,LATEST,balance_sheet,order,39.0,ACTUAL,VNSTOCK_BRONZE
SPC,LATEST,balance_sheet,level,3.0,ACTUAL,VNSTOCK_BRONZE
SPC,LATEST,balance_sheet,off_balance,0.0,ACTUAL,VNSTOCK_BRONZE
SPC,LATEST,balance_sheet,value,6008312210.0,ACTUAL,VNSTOCK_BRONZE
SPC,LATEST,balance_sheet,order,40.0,ACTUAL,VNSTOCK_BRONZE
SPC,LATEST,balance_sheet,level,3.0,ACTUAL,VNSTOCK_BRONZE
SPC,LATEST,balance_sheet,off_balance,0.0,ACTUAL,VNSTOCK_BRONZE
SPC,LATEST,balance_sheet,value,-2550490347.0,ACTUAL,VNSTOCK_BRONZE
SPC,LATEST,balance_sheet,order,41.0,ACTUAL,VNSTOCK_BRONZE
SPC,LATEST,balance_sheet,level,2.0,ACTUAL,VNSTOCK_BRONZE
SPC,LATEST,balance_sheet,off_balance,0.0,ACTUAL,VNSTOCK_BRONZE
SPC,LATEST,balance_sheet,value,5175224463.0,ACTUAL,VNSTOCK_BRONZE
SPC,LATEST,balance_sheet,order,42.0,ACTUAL,VNSTOCK_BRONZE
SPC,LATEST,balance_sheet,level,3.0,ACTUAL,VNSTOCK_BRONZE
SPC,LATEST,balance_sheet,off_balance,0.0,ACTUAL,VNSTOCK_BRONZE
SPC,LATEST,balance_sheet,value,9261423802.0,ACTUAL,VNSTOCK_BRONZE
SPC,LATEST,balance_sheet,order,43.0,ACTUAL,VNSTOCK_BRONZE
SPC,LATEST,balance_sheet,level,3.0,ACTUAL,VNSTOCK_BRONZE
SPC,LATEST,balance_sheet,off_balance,0.0,ACTUAL,VNSTOCK_BRONZE
SPC,LATEST,balance_sheet,value,-4086199339.0,ACTUAL,VNSTOCK_BRONZE
SPC,LATEST,balance_sheet,order,44.0,ACTUAL,VNSTOCK_BRONZE
SPC,LATEST,balance_sheet,level,1.0,ACTUAL,VNSTOCK_BRONZE
SPC,LATEST,balance_sheet,off_balance,0.0,ACTUAL,VNSTOCK_BRONZE
SPC,LATEST,balance_sheet,value,1235480774.0,ACTUAL,VNSTOCK_BRONZE
SPC,LATEST,balance_sheet,order,45.0,ACTUAL,VNSTOCK_BRONZE
SPC,LATEST,balance_sheet,level,2.0,ACTUAL,VNSTOCK_BRONZE
SPC,LATEST,balance_sheet,off_balance,0.0,ACTUAL,VNSTOCK_BRONZE
SPC,LATEST,balance_sheet,value,3915170319.0,ACTUAL,VNSTOCK_BRONZE
SPC,LATEST,balance_sheet,order,46.0,ACTUAL,VNSTOCK_BRONZE
SPC,LATEST,balance_sheet,level,2.0,ACTUAL,VNSTOCK_BRONZE
SPC,LATEST,balance_sheet,off_balance,0.0,ACTUAL,VNSTOCK_BRONZE
SPC,LATEST,balance_sheet,value,-2679689545.0,ACTUAL,VNSTOCK_BRONZE
SPC,LATEST,balance_sheet,order,47.0,ACTUAL,VNSTOCK_BRONZE
SPC,LATEST,balance_sheet,level,1.0,ACTUAL,VNSTOCK_BRONZE
SPC,LATEST,balance_sheet,off_balance,0.0,ACTUAL,VNSTOCK_BRONZE
SPC,LATEST,balance_sheet,value,2241566417.0,ACTUAL,VNSTOCK_BRONZE
SPC,LATEST,balance_sheet,order,48.0,ACTUAL,VNSTOCK_BRONZE
SPC,LATEST,balance_sheet,level,2.0,ACTUAL,VNSTOCK_BRONZE
SPC,LATEST,balance_sheet,off_balance,0.0,ACTUAL,VNSTOCK_BRONZE
SPC,LATEST,balance_sheet,value,0.0,ACTUAL,VNSTOCK_BRONZE
SPC,LATEST,balance_sheet,order,49.0,ACTUAL,VNSTOCK_BRONZE
SPC,LATEST,balance_sheet,level,2.0,ACTUAL,VNSTOCK_BRONZE
SPC,LATEST,balance_sheet,off_balance,0.0,ACTUAL,VNSTOCK_BRONZE
SPC,LATEST,balance_sheet,value,2241566417.0,ACTUAL,VNSTOCK_BRONZE
SPC,LATEST,balance_sheet,order,50.0,ACTUAL,VNSTOCK_BRONZE
SPC,LATEST,balance_sheet,level,1.0,ACTUAL,VNSTOCK_BRONZE
SPC,LATEST,balance_sheet,off_balance,0.0,ACTUAL,VNSTOCK_BRONZE
SPC,LATEST,balance_sheet,value,0.0,ACTUAL,VNSTOCK_BRONZE
SPC,LATEST,balance_sheet,order,51.0,ACTUAL,VNSTOCK_BRONZE
SPC,LATEST,balance_sheet,level,2.0,ACTUAL,VNSTOCK_BRONZE
SPC,LATEST,balance_sheet,off_balance,0.0,ACTUAL,VNSTOCK_BRONZE
SPC,LATEST,balance_sheet,value,0.0,ACTUAL,VNSTOCK_BRONZE
SPC,LATEST,balance_sheet,order,52.0,ACTUAL,VNSTOCK_BRONZE
SPC,LATEST,balance_sheet,level,2.0,ACTUAL,VNSTOCK_BRONZE
SPC,LATEST,balance_sheet,off_balance,0.0,ACTUAL,VNSTOCK_BRONZE
SPC,LATEST,balance_sheet,value,0.0,ACTUAL,VNSTOCK_BRONZE
SPC,LATEST,balance_sheet,order,53.0,ACTUAL,VNSTOCK_BRONZE
SPC,LATEST,balance_sheet,level,2.0,ACTUAL,VNSTOCK_BRONZE
SPC,LATEST,balance_sheet,off_balance,0.0,ACTUAL,VNSTOCK_BRONZE
SPC,LATEST,balance_sheet,value,0.0,ACTUAL,VNSTOCK_BRONZE
SPC,LATEST,balance_sheet,order,54.0,ACTUAL,VNSTOCK_BRONZE
SPC,LATEST,balance_sheet,level,2.0,ACTUAL,VNSTOCK_BRONZE
SPC,LATEST,balance_sheet,off_balance,0.0,ACTUAL,VNSTOCK_BRONZE
SPC,LATEST,balance_sheet,value,0.0,ACTUAL,VNSTOCK_BRONZE
SPC,LATEST,balance_sheet,order,55.0,ACTUAL,VNSTOCK_BRONZE
SPC,LATEST,balance_sheet,level,2.0,ACTUAL,VNSTOCK_BRONZE
SPC,LATEST,balance_sheet,off_balance,0.0,ACTUAL,VNSTOCK_BRONZE
SPC,LATEST,balance_sheet,value,0.0,ACTUAL,VNSTOCK_BRONZE
SPC,LATEST,balance_sheet,order,56.0,ACTUAL,VNSTOCK_BRONZE
SPC,LATEST,balance_sheet,level,1.0,ACTUAL,VNSTOCK_BRONZE
SPC,LATEST,balance_sheet,off_balance,0.0,ACTUAL,VNSTOCK_BRONZE
SPC,LATEST,balance_sheet,value,15045342300.0,ACTUAL,VNSTOCK_BRONZE
SPC,LATEST,balance_sheet,order,57.0,ACTUAL,VNSTOCK_BRONZE
SPC,LATEST,balance_sheet,level,2.0,ACTUAL,VNSTOCK_BRONZE
SPC,LATEST,balance_sheet,off_balance,0.0,ACTUAL,VNSTOCK_BRONZE
SPC,LATEST,balance_sheet,value,0.0,ACTUAL,VNSTOCK_BRONZE
SPC,LATEST,balance_sheet,order,58.0,ACTUAL,VNSTOCK_BRONZE
SPC,LATEST,balance_sheet,level,2.0,ACTUAL,VNSTOCK_BRONZE
SPC,LATEST,balance_sheet,off_balance,0.0,ACTUAL,VNSTOCK_BRONZE
SPC,LATEST,balance_sheet,value,15045342300.0,ACTUAL,VNSTOCK_BRONZE
SPC,LATEST,balance_sheet,order,59.0,ACTUAL,VNSTOCK_BRONZE
SPC,LATEST,balance_sheet,level,2.0,ACTUAL,VNSTOCK_BRONZE
SPC,LATEST,balance_sheet,off_balance,0.0,ACTUAL,VNSTOCK_BRONZE
SPC,LATEST,balance_sheet,value,0.0,ACTUAL,VNSTOCK_BRONZE
SPC,LATEST,balance_sheet,order,60.0,ACTUAL,VNSTOCK_BRONZE
SPC,LATEST,balance_sheet,level,2.0,ACTUAL,VNSTOCK_BRONZE
SPC,LATEST,balance_sheet,off_balance,0.0,ACTUAL,VNSTOCK_BRONZE
SPC,LATEST,balance_sheet,value,0.0,ACTUAL,VNSTOCK_BRONZE
SPC,LATEST,balance_sheet,order,61.0,ACTUAL,VNSTOCK_BRONZE
SPC,LATEST,balance_sheet,level,2.0,ACTUAL,VNSTOCK_BRONZE
SPC,LATEST,balance_sheet,off_balance,0.0,ACTUAL,VNSTOCK_BRONZE
SPC,LATEST,balance_sheet,value,0.0,ACTUAL,VNSTOCK_BRONZE
SPC,LATEST,balance_sheet,order,62.0,ACTUAL,VNSTOCK_BRONZE
SPC,LATEST,balance_sheet,level,2.0,ACTUAL,VNSTOCK_BRONZE
SPC,LATEST,balance_sheet,off_balance,0.0,ACTUAL,VNSTOCK_BRONZE
SPC,LATEST,balance_sheet,value,0.0,ACTUAL,VNSTOCK_BRONZE
SPC,LATEST,balance_sheet,order,63.0,ACTUAL,VNSTOCK_BRONZE
SPC,LATEST,balance_sheet,level,1.0,ACTUAL,VNSTOCK_BRONZE
SPC,LATEST,balance_sheet,off_balance,0.0,ACTUAL,VNSTOCK_BRONZE
SPC,LATEST,balance_sheet,value,639482862003.0,ACTUAL,VNSTOCK_BRONZE
SPC,LATEST,balance_sheet,order,64.0,ACTUAL,VNSTOCK_BRONZE
SPC,LATEST,balance_sheet,level,1.0,ACTUAL,VNSTOCK_BRONZE
SPC,LATEST,balance_sheet,off_balance,0.0,ACTUAL,VNSTOCK_BRONZE
SPC,LATEST,balance_sheet,value,396987283070.0,ACTUAL,VNSTOCK_BRONZE
SPC,LATEST,balance_sheet,order,65.0,ACTUAL,VNSTOCK_BRONZE
SPC,LATEST,balance_sheet,level,1.0,ACTUAL,VNSTOCK_BRONZE
SPC,LATEST,balance_sheet,off_balance,0.0,ACTUAL,VNSTOCK_BRONZE
SPC,LATEST,balance_sheet,value,386374703580.0,ACTUAL,VNSTOCK_BRONZE
SPC,LATEST,balance_sheet,order,66.0,ACTUAL,VNSTOCK_BRONZE
SPC,LATEST,balance_sheet,level,2.0,ACTUAL,VNSTOCK_BRONZE
SPC,LATEST,balance_sheet,off_balance,0.0,ACTUAL,VNSTOCK_BRONZE
SPC,LATEST,balance_sheet,value,0.0,ACTUAL,VNSTOCK_BRONZE
SPC,LATEST,balance_sheet,order,67.0,ACTUAL,VNSTOCK_BRONZE
SPC,LATEST,balance_sheet,level,2.0,ACTUAL,VNSTOCK_BRONZE
SPC,LATEST,balance_sheet,off_balance,0.0,ACTUAL,VNSTOCK_BRONZE
SPC,LATEST,balance_sheet,value,0.0,ACTUAL,VNSTOCK_BRONZE
SPC,LATEST,balance_sheet,order,68.0,ACTUAL,VNSTOCK_BRONZE
SPC,LATEST,balance_sheet,level,2.0,ACTUAL,VNSTOCK_BRONZE
SPC,LATEST,balance_sheet,off_balance,0.0,ACTUAL,VNSTOCK_BRONZE
SPC,LATEST,balance_sheet,value,0.0,ACTUAL,VNSTOCK_BRONZE
SPC,LATEST,balance_sheet,order,69.0,ACTUAL,VNSTOCK_BRONZE
SPC,LATEST,balance_sheet,level,2.0,ACTUAL,VNSTOCK_BRONZE
SPC,LATEST,balance_sheet,off_balance,0.0,ACTUAL,VNSTOCK_BRONZE
SPC,LATEST,balance_sheet,value,246100672067.0,ACTUAL,VNSTOCK_BRONZE
SPC,LATEST,balance_sheet,order,70.0,ACTUAL,VNSTOCK_BRONZE
SPC,LATEST,balance_sheet,level,2.0,ACTUAL,VNSTOCK_BRONZE
SPC,LATEST,balance_sheet,off_balance,0.0,ACTUAL,VNSTOCK_BRONZE
SPC,LATEST,balance_sheet,value,478636431.0,ACTUAL,VNSTOCK_BRONZE
SPC,LATEST,balance_sheet,order,71.0,ACTUAL,VNSTOCK_BRONZE
SPC,LATEST,balance_sheet,level,2.0,ACTUAL,VNSTOCK_BRONZE
SPC,LATEST,balance_sheet,off_balance,0.0,ACTUAL,VNSTOCK_BRONZE
SPC,LATEST,balance_sheet,value,1856948551.0,ACTUAL,VNSTOCK_BRONZE
SPC,LATEST,balance_sheet,order,72.0,ACTUAL,VNSTOCK_BRONZE
SPC,LATEST,balance_sheet,level,2.0,ACTUAL,VNSTOCK_BRONZE
SPC,LATEST,balance_sheet,off_balance,0.0,ACTUAL,VNSTOCK_BRONZE
SPC,LATEST,balance_sheet,value,11335721574.0,ACTUAL,VNSTOCK_BRONZE
SPC,LATEST,balance_sheet,order,73.0,ACTUAL,VNSTOCK_BRONZE
SPC,LATEST,balance_sheet,level,2.0,ACTUAL,VNSTOCK_BRONZE
SPC,LATEST,balance_sheet,off_balance,0.0,ACTUAL,VNSTOCK_BRONZE
SPC,LATEST,balance_sheet,value,0.0,ACTUAL,VNSTOCK_BRONZE
SPC,LATEST,balance_sheet,order,74.0,ACTUAL,VNSTOCK_BRONZE
SPC,LATEST,balance_sheet,level,2.0,ACTUAL,VNSTOCK_BRONZE
SPC,LATEST,balance_sheet,off_balance,0.0,ACTUAL,VNSTOCK_BRONZE
SPC,LATEST,balance_sheet,value,0.0,ACTUAL,VNSTOCK_BRONZE
SPC,LATEST,balance_sheet,order,75.0,ACTUAL,VNSTOCK_BRONZE
SPC,LATEST,balance_sheet,level,2.0,ACTUAL,VNSTOCK_BRONZE
SPC,LATEST,balance_sheet,off_balance,0.0,ACTUAL,VNSTOCK_BRONZE
SPC,LATEST,balance_sheet,value,0.0,ACTUAL,VNSTOCK_BRONZE
SPC,LATEST,balance_sheet,order,76.0,ACTUAL,VNSTOCK_BRONZE
SPC,LATEST,balance_sheet,level,2.0,ACTUAL,VNSTOCK_BRONZE
SPC,LATEST,balance_sheet,off_balance,0.0,ACTUAL,VNSTOCK_BRONZE
SPC,LATEST,balance_sheet,value,24798822271.0,ACTUAL,VNSTOCK_BRONZE
SPC,LATEST,balance_sheet,order,77.0,ACTUAL,VNSTOCK_BRONZE
SPC,LATEST,balance_sheet,level,2.0,ACTUAL,VNSTOCK_BRONZE
SPC,LATEST,balance_sheet,off_balance,0.0,ACTUAL,VNSTOCK_BRONZE
SPC,LATEST,balance_sheet,value,101747511646.0,ACTUAL,VNSTOCK_BRONZE
SPC,LATEST,balance_sheet,order,78.0,ACTUAL,VNSTOCK_BRONZE
SPC,LATEST,balance_sheet,level,2.0,ACTUAL,VNSTOCK_BRONZE
SPC,LATEST,balance_sheet,off_balance,0.0,ACTUAL,VNSTOCK_BRONZE
SPC,LATEST,balance_sheet,value,0.0,ACTUAL,VNSTOCK_BRONZE
SPC,LATEST,balance_sheet,order,79.0,ACTUAL,VNSTOCK_BRONZE
SPC,LATEST,balance_sheet,level,2.0,ACTUAL,VNSTOCK_BRONZE
SPC,LATEST,balance_sheet,off_balance,0.0,ACTUAL,VNSTOCK_BRONZE
SPC,LATEST,balance_sheet,value,56391040.0,ACTUAL,VNSTOCK_BRONZE
SPC,LATEST,balance_sheet,order,80.0,ACTUAL,VNSTOCK_BRONZE
SPC,LATEST,balance_sheet,level,2.0,ACTUAL,VNSTOCK_BRONZE
SPC,LATEST,balance_sheet,off_balance,0.0,ACTUAL,VNSTOCK_BRONZE
SPC,LATEST,balance_sheet,value,0.0,ACTUAL,VNSTOCK_BRONZE
SPC,LATEST,balance_sheet,order,81.0,ACTUAL,VNSTOCK_BRONZE
SPC,LATEST,balance_sheet,level,2.0,ACTUAL,VNSTOCK_BRONZE
SPC,LATEST,balance_sheet,off_balance,0.0,ACTUAL,VNSTOCK_BRONZE
SPC,LATEST,balance_sheet,value,0.0,ACTUAL,VNSTOCK_BRONZE
SPC,LATEST,balance_sheet,order,82.0,ACTUAL,VNSTOCK_BRONZE
SPC,LATEST,balance_sheet,level,1.0,ACTUAL,VNSTOCK_BRONZE
SPC,LATEST,balance_sheet,off_balance,0.0,ACTUAL,VNSTOCK_BRONZE
SPC,LATEST,balance_sheet,value,10612579490.0,ACTUAL,VNSTOCK_BRONZE
SPC,LATEST,balance_sheet,order,83.0,ACTUAL,VNSTOCK_BRONZE
SPC,LATEST,balance_sheet,level,2.0,ACTUAL,VNSTOCK_BRONZE
SPC,LATEST,balance_sheet,off_balance,0.0,ACTUAL,VNSTOCK_BRONZE
SPC,LATEST,balance_sheet,value,0.0,ACTUAL,VNSTOCK_BRONZE
SPC,LATEST,balance_sheet,order,84.0,ACTUAL,VNSTOCK_BRONZE
SPC,LATEST,balance_sheet,level,2.0,ACTUAL,VNSTOCK_BRONZE
SPC,LATEST,balance_sheet,off_balance,0.0,ACTUAL,VNSTOCK_BRONZE
SPC,LATEST,balance_sheet,order,85.0,ACTUAL,VNSTOCK_BRONZE
SPC,LATEST,balance_sheet,level,2.0,ACTUAL,VNSTOCK_BRONZE
SPC,LATEST,balance_sheet,off_balance,0.0,ACTUAL,VNSTOCK_BRONZE
SPC,LATEST,balance_sheet,value,0.0,ACTUAL,VNSTOCK_BRONZE
SPC,LATEST,balance_sheet,order,86.0,ACTUAL,VNSTOCK_BRONZE
SPC,LATEST,balance_sheet,level,2.0,ACTUAL,VNSTOCK_BRONZE
SPC,LATEST,balance_sheet,off_balance,0.0,ACTUAL,VNSTOCK_BRONZE
SPC,LATEST,balance_sheet,value,0.0,ACTUAL,VNSTOCK_BRONZE
SPC,LATEST,balance_sheet,order,87.0,ACTUAL,VNSTOCK_BRONZE
SPC,LATEST,balance_sheet,level,2.0,ACTUAL,VNSTOCK_BRONZE
SPC,LATEST,balance_sheet,off_balance,0.0,ACTUAL,VNSTOCK_BRONZE
SPC,LATEST,balance_sheet,value,0.0,ACTUAL,VNSTOCK_BRONZE
SPC,LATEST,balance_sheet,order,88.0,ACTUAL,VNSTOCK_BRONZE
SPC,LATEST,balance_sheet,level,2.0,ACTUAL,VNSTOCK_BRONZE
SPC,LATEST,balance_sheet,off_balance,0.0,ACTUAL,VNSTOCK_BRONZE
SPC,LATEST,balance_sheet,value,0.0,ACTUAL,VNSTOCK_BRONZE
SPC,LATEST,balance_sheet,order,89.0,ACTUAL,VNSTOCK_BRONZE
SPC,LATEST,balance_sheet,level,2.0,ACTUAL,VNSTOCK_BRONZE
SPC,LATEST,balance_sheet,off_balance,0.0,ACTUAL,VNSTOCK_BRONZE
SPC,LATEST,balance_sheet,value,0.0,ACTUAL,VNSTOCK_BRONZE
SPC,LATEST,balance_sheet,order,90.0,ACTUAL,VNSTOCK_BRONZE
SPC,LATEST,balance_sheet,level,2.0,ACTUAL,VNSTOCK_BRONZE
SPC,LATEST,balance_sheet,off_balance,0.0,ACTUAL,VNSTOCK_BRONZE
SPC,LATEST,balance_sheet,value,2618554000.0,ACTUAL,VNSTOCK_BRONZE
SPC,LATEST,balance_sheet,order,91.0,ACTUAL,VNSTOCK_BRONZE
SPC,LATEST,balance_sheet,level,2.0,ACTUAL,VNSTOCK_BRONZE
SPC,LATEST,balance_sheet,off_balance,0.0,ACTUAL,VNSTOCK_BRONZE
SPC,LATEST,balance_sheet,value,5613165663.0,ACTUAL,VNSTOCK_BRONZE
SPC,LATEST,balance_sheet,order,92.0,ACTUAL,VNSTOCK_BRONZE
SPC,LATEST,balance_sheet,level,2.0,ACTUAL,VNSTOCK_BRONZE
SPC,LATEST,balance_sheet,off_balance,0.0,ACTUAL,VNSTOCK_BRONZE
SPC,LATEST,balance_sheet,value,0.0,ACTUAL,VNSTOCK_BRONZE
SPC,LATEST,balance_sheet,order,93.0,ACTUAL,VNSTOCK_BRONZE
SPC,LATEST,balance_sheet,level,2.0,ACTUAL,VNSTOCK_BRONZE
SPC,LATEST,balance_sheet,off_balance,0.0,ACTUAL,VNSTOCK_BRONZE
SPC,LATEST,balance_sheet,value,2380859827.0,ACTUAL,VNSTOCK_BRONZE
SPC,LATEST,balance_sheet,order,94.0,ACTUAL,VNSTOCK_BRONZE
SPC,LATEST,balance_sheet,level,2.0,ACTUAL,VNSTOCK_BRONZE
SPC,LATEST,balance_sheet,off_balance,0.0,ACTUAL,VNSTOCK_BRONZE
SPC,LATEST,balance_sheet,value,0.0,ACTUAL,VNSTOCK_BRONZE
SPC,LATEST,balance_sheet,order,95.0,ACTUAL,VNSTOCK_BRONZE
SPC,LATEST,balance_sheet,level,2.0,ACTUAL,VNSTOCK_BRONZE
SPC,LATEST,balance_sheet,off_balance,0.0,ACTUAL,VNSTOCK_BRONZE
SPC,LATEST,balance_sheet,value,0.0,ACTUAL,VNSTOCK_BRONZE
SPC,LATEST,balance_sheet,order,96.0,ACTUAL,VNSTOCK_BRONZE
SPC,LATEST,balance_sheet,level,1.0,ACTUAL,VNSTOCK_BRONZE
SPC,LATEST,balance_sheet,off_balance,0.0,ACTUAL,VNSTOCK_BRONZE
SPC,LATEST,balance_sheet,value,242495578933.0,ACTUAL,VNSTOCK_BRONZE
SPC,LATEST,balance_sheet,order,97.0,ACTUAL,VNSTOCK_BRONZE
SPC,LATEST,balance_sheet,level,1.0,ACTUAL,VNSTOCK_BRONZE
SPC,LATEST,balance_sheet,off_balance,0.0,ACTUAL,VNSTOCK_BRONZE
SPC,LATEST,balance_sheet,value,242495578933.0,ACTUAL,VNSTOCK_BRONZE
SPC,LATEST,balance_sheet,order,98.0,ACTUAL,VNSTOCK_BRONZE
SPC,LATEST,balance_sheet,level,2.0,ACTUAL,VNSTOCK_BRONZE
SPC,LATEST,balance_sheet,off_balance,0.0,ACTUAL,VNSTOCK_BRONZE
SPC,LATEST,balance_sheet,value,0.0,ACTUAL,VNSTOCK_BRONZE
SPC,LATEST,balance_sheet,order,99.0,ACTUAL,VNSTOCK_BRONZE
SPC,LATEST,balance_sheet,level,2.0,ACTUAL,VNSTOCK_BRONZE
SPC,LATEST,balance_sheet,off_balance,0.0,ACTUAL,VNSTOCK_BRONZE
SPC,LATEST,balance_sheet,value,0.0,ACTUAL,VNSTOCK_BRONZE
SPC,LATEST,balance_sheet,order,100.0,ACTUAL,VNSTOCK_BRONZE
SPC,LATEST,balance_sheet,level,2.0,ACTUAL,VNSTOCK_BRONZE
SPC,LATEST,balance_sheet,off_balance,0.0,ACTUAL,VNSTOCK_BRONZE
SPC,LATEST,balance_sheet,value,0.0,ACTUAL,VNSTOCK_BRONZE
SPC,LATEST,balance_sheet,order,101.0,ACTUAL,VNSTOCK_BRONZE
SPC,LATEST,balance_sheet,level,2.0,ACTUAL,VNSTOCK_BRONZE
SPC,LATEST,balance_sheet,off_balance,0.0,ACTUAL,VNSTOCK_BRONZE
SPC,LATEST,balance_sheet,value,0.0,ACTUAL,VNSTOCK_BRONZE
SPC,LATEST,balance_sheet,order,102.0,ACTUAL,VNSTOCK_BRONZE
SPC,LATEST,balance_sheet,level,2.0,ACTUAL,VNSTOCK_BRONZE
SPC,LATEST,balance_sheet,off_balance,0.0,ACTUAL,VNSTOCK_BRONZE
SPC,LATEST,balance_sheet,value,105300000000.0,ACTUAL,VNSTOCK_BRONZE
SPC,LATEST,balance_sheet,order,103.0,ACTUAL,VNSTOCK_BRONZE
SPC,LATEST,balance_sheet,level,3.0,ACTUAL,VNSTOCK_BRONZE
SPC,LATEST,balance_sheet,off_balance,0.0,ACTUAL,VNSTOCK_BRONZE
SPC,LATEST,balance_sheet,value,105300000000.0,ACTUAL,VNSTOCK_BRONZE
SPC,LATEST,balance_sheet,order,104.0,ACTUAL,VNSTOCK_BRONZE
SPC,LATEST,balance_sheet,level,2.0,ACTUAL,VNSTOCK_BRONZE
SPC,LATEST,balance_sheet,off_balance,0.0,ACTUAL,VNSTOCK_BRONZE
SPC,LATEST,balance_sheet,value,782715818.0,ACTUAL,VNSTOCK_BRONZE
SPC,LATEST,balance_sheet,order,105.0,ACTUAL,VNSTOCK_BRONZE
SPC,LATEST,balance_sheet,level,2.0,ACTUAL,VNSTOCK_BRONZE
SPC,LATEST,balance_sheet,off_balance,0.0,ACTUAL,VNSTOCK_BRONZE
SPC,LATEST,balance_sheet,value,0.0,ACTUAL,VNSTOCK_BRONZE
SPC,LATEST,balance_sheet,order,106.0,ACTUAL,VNSTOCK_BRONZE
SPC,LATEST,balance_sheet,level,2.0,ACTUAL,VNSTOCK_BRONZE
SPC,LATEST,balance_sheet,off_balance,0.0,ACTUAL,VNSTOCK_BRONZE
SPC,LATEST,balance_sheet,value,0.0,ACTUAL,VNSTOCK_BRONZE
SPC,LATEST,balance_sheet,order,107.0,ACTUAL,VNSTOCK_BRONZE
SPC,LATEST,balance_sheet,level,2.0,ACTUAL,VNSTOCK_BRONZE
SPC,LATEST,balance_sheet,off_balance,0.0,ACTUAL,VNSTOCK_BRONZE
SPC,LATEST,balance_sheet,value,0.0,ACTUAL,VNSTOCK_BRONZE
SPC,LATEST,balance_sheet,order,108.0,ACTUAL,VNSTOCK_BRONZE
SPC,LATEST,balance_sheet,level,2.0,ACTUAL,VNSTOCK_BRONZE
SPC,LATEST,balance_sheet,off_balance,0.0,ACTUAL,VNSTOCK_BRONZE
SPC,LATEST,balance_sheet,value,17258543779.0,ACTUAL,VNSTOCK_BRONZE
SPC,LATEST,balance_sheet,order,109.0,ACTUAL,VNSTOCK_BRONZE
SPC,LATEST,balance_sheet,level,2.0,ACTUAL,VNSTOCK_BRONZE
SPC,LATEST,balance_sheet,off_balance,0.0,ACTUAL,VNSTOCK_BRONZE
SPC,LATEST,balance_sheet,value,57628796060.0,ACTUAL,VNSTOCK_BRONZE
SPC,LATEST,balance_sheet,order,110.0,ACTUAL,VNSTOCK_BRONZE
SPC,LATEST,balance_sheet,level,2.0,ACTUAL,VNSTOCK_BRONZE
SPC,LATEST,balance_sheet,off_balance,0.0,ACTUAL,VNSTOCK_BRONZE
SPC,LATEST,balance_sheet,value,0.0,ACTUAL,VNSTOCK_BRONZE
SPC,LATEST,balance_sheet,order,111.0,ACTUAL,VNSTOCK_BRONZE
SPC,LATEST,balance_sheet,level,2.0,ACTUAL,VNSTOCK_BRONZE
SPC,LATEST,balance_sheet,off_balance,0.0,ACTUAL,VNSTOCK_BRONZE
SPC,LATEST,balance_sheet,value,0.0,ACTUAL,VNSTOCK_BRONZE
SPC,LATEST,balance_sheet,order,112.0,ACTUAL,VNSTOCK_BRONZE
SPC,LATEST,balance_sheet,level,2.0,ACTUAL,VNSTOCK_BRONZE
SPC,LATEST,balance_sheet,off_balance,0.0,ACTUAL,VNSTOCK_BRONZE
SPC,LATEST,balance_sheet,value,51056683543.0,ACTUAL,VNSTOCK_BRONZE
SPC,LATEST,balance_sheet,order,113.0,ACTUAL,VNSTOCK_BRONZE
SPC,LATEST,balance_sheet,level,3.0,ACTUAL,VNSTOCK_BRONZE
SPC,LATEST,balance_sheet,off_balance,0.0,ACTUAL,VNSTOCK_BRONZE
SPC,LATEST,balance_sheet,value,35792196594.0,ACTUAL,VNSTOCK_BRONZE
SPC,LATEST,balance_sheet,order,114.0,ACTUAL,VNSTOCK_BRONZE
SPC,LATEST,balance_sheet,level,3.0,ACTUAL,VNSTOCK_BRONZE
SPC,LATEST,balance_sheet,off_balance,0.0,ACTUAL,VNSTOCK_BRONZE
SPC,LATEST,balance_sheet,value,15264486949.0,ACTUAL,VNSTOCK_BRONZE
SPC,LATEST,balance_sheet,order,115.0,ACTUAL,VNSTOCK_BRONZE
SPC,LATEST,balance_sheet,level,2.0,ACTUAL,VNSTOCK_BRONZE
SPC,LATEST,balance_sheet,off_balance,0.0,ACTUAL,VNSTOCK_BRONZE
SPC,LATEST,balance_sheet,value,10468839733.0,ACTUAL,VNSTOCK_BRONZE
SPC,LATEST,balance_sheet,order,116.0,ACTUAL,VNSTOCK_BRONZE
SPC,LATEST,balance_sheet,level,1.0,ACTUAL,VNSTOCK_BRONZE
SPC,LATEST,balance_sheet,off_balance,0.0,ACTUAL,VNSTOCK_BRONZE
SPC,LATEST,balance_sheet,value,0.0,ACTUAL,VNSTOCK_BRONZE
SPC,LATEST,balance_sheet,order,117.0,ACTUAL,VNSTOCK_BRONZE
SPC,LATEST,balance_sheet,level,2.0,ACTUAL,VNSTOCK_BRONZE
SPC,LATEST,balance_sheet,off_balance,0.0,ACTUAL,VNSTOCK_BRONZE
SPC,LATEST,balance_sheet,value,0.0,ACTUAL,VNSTOCK_BRONZE
SPC,LATEST,balance_sheet,order,118.0,ACTUAL,VNSTOCK_BRONZE
SPC,LATEST,balance_sheet,level,1.0,ACTUAL,VNSTOCK_BRONZE
SPC,LATEST,balance_sheet,off_balance,0.0,ACTUAL,VNSTOCK_BRONZE
SPC,LATEST,balance_sheet,value,639482862003.0,ACTUAL,VNSTOCK_BRONZE
SPC,LATEST,income_statement,order,1.0,ACTUAL,VNSTOCK_BRONZE
SPC,LATEST,income_statement,level,1.0,ACTUAL,VNSTOCK_BRONZE
SPC,LATEST,income_statement,value,284323137577.0,ACTUAL,VNSTOCK_BRONZE
SPC,LATEST,income_statement,order,2.0,ACTUAL,VNSTOCK_BRONZE
SPC,LATEST,income_statement,level,1.0,ACTUAL,VNSTOCK_BRONZE
SPC,LATEST,income_statement,value,-1880470196.0,ACTUAL,VNSTOCK_BRONZE
SPC,LATEST,income_statement,order,3.0,ACTUAL,VNSTOCK_BRONZE
SPC,LATEST,income_statement,level,1.0,ACTUAL,VNSTOCK_BRONZE
SPC,LATEST,income_statement,value,282442667381.0,ACTUAL,VNSTOCK_BRONZE
SPC,LATEST,income_statement,order,4.0,ACTUAL,VNSTOCK_BRONZE
SPC,LATEST,income_statement,level,1.0,ACTUAL,VNSTOCK_BRONZE
SPC,LATEST,income_statement,value,-223787849290.0,ACTUAL,VNSTOCK_BRONZE
SPC,LATEST,income_statement,order,5.0,ACTUAL,VNSTOCK_BRONZE
SPC,LATEST,income_statement,level,1.0,ACTUAL,VNSTOCK_BRONZE
SPC,LATEST,income_statement,value,58654818091.0,ACTUAL,VNSTOCK_BRONZE
SPC,LATEST,income_statement,order,6.0,ACTUAL,VNSTOCK_BRONZE
SPC,LATEST,income_statement,level,1.0,ACTUAL,VNSTOCK_BRONZE
SPC,LATEST,income_statement,value,1308246360.0,ACTUAL,VNSTOCK_BRONZE
SPC,LATEST,income_statement,order,7.0,ACTUAL,VNSTOCK_BRONZE
SPC,LATEST,income_statement,level,1.0,ACTUAL,VNSTOCK_BRONZE
SPC,LATEST,income_statement,value,-9715554774.0,ACTUAL,VNSTOCK_BRONZE
SPC,LATEST,income_statement,order,8.0,ACTUAL,VNSTOCK_BRONZE
SPC,LATEST,income_statement,level,2.0,ACTUAL,VNSTOCK_BRONZE
SPC,LATEST,income_statement,value,-1073675621.0,ACTUAL,VNSTOCK_BRONZE
SPC,LATEST,income_statement,order,9.0,ACTUAL,VNSTOCK_BRONZE
SPC,LATEST,income_statement,level,1.0,ACTUAL,VNSTOCK_BRONZE
SPC,LATEST,income_statement,value,0.0,ACTUAL,VNSTOCK_BRONZE
SPC,LATEST,income_statement,order,10.0,ACTUAL,VNSTOCK_BRONZE
SPC,LATEST,income_statement,level,1.0,ACTUAL,VNSTOCK_BRONZE
SPC,LATEST,income_statement,value,-26518520704.0,ACTUAL,VNSTOCK_BRONZE
SPC,LATEST,income_statement,order,11.0,ACTUAL,VNSTOCK_BRONZE
SPC,LATEST,income_statement,level,1.0,ACTUAL,VNSTOCK_BRONZE
SPC,LATEST,income_statement,value,-7804903216.0,ACTUAL,VNSTOCK_BRONZE
SPC,LATEST,income_statement,order,12.0,ACTUAL,VNSTOCK_BRONZE
SPC,LATEST,income_statement,level,1.0,ACTUAL,VNSTOCK_BRONZE
SPC,LATEST,income_statement,value,15924085757.0,ACTUAL,VNSTOCK_BRONZE
SPC,LATEST,income_statement,order,13.0,ACTUAL,VNSTOCK_BRONZE
SPC,LATEST,income_statement,level,1.0,ACTUAL,VNSTOCK_BRONZE
SPC,LATEST,income_statement,value,1651082371.0,ACTUAL,VNSTOCK_BRONZE
SPC,LATEST,income_statement,order,14.0,ACTUAL,VNSTOCK_BRONZE
SPC,LATEST,income_statement,level,2.0,ACTUAL,VNSTOCK_BRONZE
SPC,LATEST,income_statement,value,1971743577.0,ACTUAL,VNSTOCK_BRONZE
SPC,LATEST,income_statement,order,15.0,ACTUAL,VNSTOCK_BRONZE
SPC,LATEST,income_statement,level,2.0,ACTUAL,VNSTOCK_BRONZE
SPC,LATEST,income_statement,value,-320661206.0,ACTUAL,VNSTOCK_BRONZE
SPC,LATEST,income_statement,order,16.0,ACTUAL,VNSTOCK_BRONZE
SPC,LATEST,income_statement,level,1.0,ACTUAL,VNSTOCK_BRONZE
SPC,LATEST,income_statement,value,0.0,ACTUAL,VNSTOCK_BRONZE
SPC,LATEST,income_statement,order,17.0,ACTUAL,VNSTOCK_BRONZE
SPC,LATEST,income_statement,level,1.0,ACTUAL,VNSTOCK_BRONZE
SPC,LATEST,income_statement,value,17575168128.0,ACTUAL,VNSTOCK_BRONZE
SPC,LATEST,income_statement,order,18.0,ACTUAL,VNSTOCK_BRONZE
SPC,LATEST,income_statement,level,1.0,ACTUAL,VNSTOCK_BRONZE
SPC,LATEST,income_statement,value,-1442857258.0,ACTUAL,VNSTOCK_BRONZE
SPC,LATEST,income_statement,order,19.0,ACTUAL,VNSTOCK_BRONZE
SPC,LATEST,income_statement,level,2.0,ACTUAL,VNSTOCK_BRONZE
SPC,LATEST,income_statement,value,-1442857258.0,ACTUAL,VNSTOCK_BRONZE
SPC,LATEST,income_statement,order,20.0,ACTUAL,VNSTOCK_BRONZE
SPC,LATEST,income_statement,level,2.0,ACTUAL,VNSTOCK_BRONZE
SPC,LATEST,income_statement,value,0.0,ACTUAL,VNSTOCK_BRONZE
SPC,LATEST,income_statement,order,21.0,ACTUAL,VNSTOCK_BRONZE
SPC,LATEST,income_statement,level,1.0,ACTUAL,VNSTOCK_BRONZE
SPC,LATEST,income_statement,value,16132310870.0,ACTUAL,VNSTOCK_BRONZE
SPC,LATEST,income_statement,order,22.0,ACTUAL,VNSTOCK_BRONZE
SPC,LATEST,income_statement,level,1.0,ACTUAL,VNSTOCK_BRONZE
SPC,LATEST,income_statement,value,520980095.0,ACTUAL,VNSTOCK_BRONZE
SPC,LATEST,income_statement,order,23.0,ACTUAL,VNSTOCK_BRONZE
SPC,LATEST,income_statement,level,1.0,ACTUAL,VNSTOCK_BRONZE
SPC,LATEST,income_statement,value,15611330775.0,ACTUAL,VNSTOCK_BRONZE
SPC,LATEST,income_statement,order,24.0,ACTUAL,VNSTOCK_BRONZE
SPC,LATEST,income_statement,level,1.0,ACTUAL,VNSTOCK_BRONZE
SPC,LATEST,income_statement,value,1483.0,ACTUAL,VNSTOCK_BRONZE
SPC,LATEST,income_statement,order,25.0,ACTUAL,VNSTOCK_BRONZE
SPC,LATEST,income_statement,level,1.0,ACTUAL,VNSTOCK_BRONZE
SPC,LATEST,income_statement,value,0.0,ACTUAL,VNSTOCK_BRONZE
SPC,LATEST,income_statement,order,1.0,ACTUAL,VNSTOCK_BRONZE
SPC,LATEST,income_statement,level,1.0,ACTUAL,VNSTOCK_BRONZE
SPC,LATEST,income_statement,value,243936095600.0,ACTUAL,VNSTOCK_BRONZE
SPC,LATEST,income_statement,order,2.0,ACTUAL,VNSTOCK_BRONZE
SPC,LATEST,income_statement,level,1.0,ACTUAL,VNSTOCK_BRONZE
SPC,LATEST,income_statement,value,-1288881947.0,ACTUAL,VNSTOCK_BRONZE
SPC,LATEST,income_statement,order,3.0,ACTUAL,VNSTOCK_BRONZE
SPC,LATEST,income_statement,level,1.0,ACTUAL,VNSTOCK_BRONZE
SPC,LATEST,income_statement,value,242647213653.0,ACTUAL,VNSTOCK_BRONZE
SPC,LATEST,income_statement,order,4.0,ACTUAL,VNSTOCK_BRONZE
SPC,LATEST,income_statement,level,1.0,ACTUAL,VNSTOCK_BRONZE
SPC,LATEST,income_statement,value,-197608646754.0,ACTUAL,VNSTOCK_BRONZE
SPC,LATEST,income_statement,order,5.0,ACTUAL,VNSTOCK_BRONZE
SPC,LATEST,income_statement,level,1.0,ACTUAL,VNSTOCK_BRONZE
SPC,LATEST,income_statement,value,45038566899.0,ACTUAL,VNSTOCK_BRONZE
SPC,LATEST,income_statement,order,6.0,ACTUAL,VNSTOCK_BRONZE
SPC,LATEST,income_statement,level,1.0,ACTUAL,VNSTOCK_BRONZE
SPC,LATEST,income_statement,value,1224692429.0,ACTUAL,VNSTOCK_BRONZE
SPC,LATEST,income_statement,order,7.0,ACTUAL,VNSTOCK_BRONZE
SPC,LATEST,income_statement,level,1.0,ACTUAL,VNSTOCK_BRONZE
SPC,LATEST,income_statement,value,-8734557260.0,ACTUAL,VNSTOCK_BRONZE
SPC,LATEST,income_statement,order,8.0,ACTUAL,VNSTOCK_BRONZE
SPC,LATEST,income_statement,level,2.0,ACTUAL,VNSTOCK_BRONZE
SPC,LATEST,income_statement,value,-1607803564.0,ACTUAL,VNSTOCK_BRONZE
SPC,LATEST,income_statement,order,9.0,ACTUAL,VNSTOCK_BRONZE
SPC,LATEST,income_statement,level,1.0,ACTUAL,VNSTOCK_BRONZE
SPC,LATEST,income_statement,value,0.0,ACTUAL,VNSTOCK_BRONZE
SPC,LATEST,income_statement,order,10.0,ACTUAL,VNSTOCK_BRONZE
SPC,LATEST,income_statement,level,1.0,ACTUAL,VNSTOCK_BRONZE
SPC,LATEST,income_statement,value,-21887462817.0,ACTUAL,VNSTOCK_BRONZE
SPC,LATEST,income_statement,order,11.0,ACTUAL,VNSTOCK_BRONZE
SPC,LATEST,income_statement,level,1.0,ACTUAL,VNSTOCK_BRONZE
SPC,LATEST,income_statement,value,-9139437080.0,ACTUAL,VNSTOCK_BRONZE
SPC,LATEST,income_statement,order,12.0,ACTUAL,VNSTOCK_BRONZE
SPC,LATEST,income_statement,level,1.0,ACTUAL,VNSTOCK_BRONZE
SPC,LATEST,income_statement,value,6501802171.0,ACTUAL,VNSTOCK_BRONZE
SPC,LATEST,income_statement,order,13.0,ACTUAL,VNSTOCK_BRONZE
SPC,LATEST,income_statement,level,1.0,ACTUAL,VNSTOCK_BRONZE
SPC,LATEST,income_statement,value,1285476049.0,ACTUAL,VNSTOCK_BRONZE
SPC,LATEST,income_statement,order,14.0,ACTUAL,VNSTOCK_BRONZE
SPC,LATEST,income_statement,level,2.0,ACTUAL,VNSTOCK_BRONZE
SPC,LATEST,income_statement,value,1344036691.0,ACTUAL,VNSTOCK_BRONZE
SPC,LATEST,income_statement,order,15.0,ACTUAL,VNSTOCK_BRONZE
SPC,LATEST,income_statement,level,2.0,ACTUAL,VNSTOCK_BRONZE
SPC,LATEST,income_statement,value,-58560642.0,ACTUAL,VNSTOCK_BRONZE
SPC,LATEST,income_statement,order,16.0,ACTUAL,VNSTOCK_BRONZE
SPC,LATEST,income_statement,level,1.0,ACTUAL,VNSTOCK_BRONZE
SPC,LATEST,income_statement,value,0.0,ACTUAL,VNSTOCK_BRONZE
SPC,LATEST,income_statement,order,17.0,ACTUAL,VNSTOCK_BRONZE
SPC,LATEST,income_statement,level,1.0,ACTUAL,VNSTOCK_BRONZE
SPC,LATEST,income_statement,value,7787278220.0,ACTUAL,VNSTOCK_BRONZE
SPC,LATEST,income_statement,order,18.0,ACTUAL,VNSTOCK_BRONZE
SPC,LATEST,income_statement,level,1.0,ACTUAL,VNSTOCK_BRONZE
SPC,LATEST,income_statement,value,-654797253.0,ACTUAL,VNSTOCK_BRONZE
SPC,LATEST,income_statement,order,19.0,ACTUAL,VNSTOCK_BRONZE
SPC,LATEST,income_statement,level,2.0,ACTUAL,VNSTOCK_BRONZE
SPC,LATEST,income_statement,value,-654797253.0,ACTUAL,VNSTOCK_BRONZE
SPC,LATEST,income_statement,order,20.0,ACTUAL,VNSTOCK_BRONZE
SPC,LATEST,income_statement,level,2.0,ACTUAL,VNSTOCK_BRONZE
SPC,LATEST,income_statement,value,0.0,ACTUAL,VNSTOCK_BRONZE
SPC,LATEST,income_statement,order,21.0,ACTUAL,VNSTOCK_BRONZE
SPC,LATEST,income_statement,level,1.0,ACTUAL,VNSTOCK_BRONZE
SPC,LATEST,income_statement,value,7132480967.0,ACTUAL,VNSTOCK_BRONZE
SPC,LATEST,income_statement,order,22.0,ACTUAL,VNSTOCK_BRONZE
SPC,LATEST,income_statement,level,1.0,ACTUAL,VNSTOCK_BRONZE
SPC,LATEST,income_statement,value,210401332.0,ACTUAL,VNSTOCK_BRONZE
SPC,LATEST,income_statement,order,23.0,ACTUAL,VNSTOCK_BRONZE
SPC,LATEST,income_statement,level,1.0,ACTUAL,VNSTOCK_BRONZE
SPC,LATEST,income_statement,value,7342882299.0,ACTUAL,VNSTOCK_BRONZE
SPC,LATEST,income_statement,order,24.0,ACTUAL,VNSTOCK_BRONZE
SPC,LATEST,income_statement,level,1.0,ACTUAL,VNSTOCK_BRONZE
SPC,LATEST,income_statement,value,0.0,ACTUAL,VNSTOCK_BRONZE
SPC,LATEST,income_statement,order,25.0,ACTUAL,VNSTOCK_BRONZE
SPC,LATEST,income_statement,level,1.0,ACTUAL,VNSTOCK_BRONZE
SPC,LATEST,income_statement,value,0.0,ACTUAL,VNSTOCK_BRONZE
SPC,LATEST,income_statement,order,1.0,ACTUAL,VNSTOCK_BRONZE
SPC,LATEST,income_statement,level,1.0,ACTUAL,VNSTOCK_BRONZE
SPC,LATEST,income_statement,value,225160676111.0,ACTUAL,VNSTOCK_BRONZE
SPC,LATEST,income_statement,order,2.0,ACTUAL,VNSTOCK_BRONZE
SPC,LATEST,income_statement,level,1.0,ACTUAL,VNSTOCK_BRONZE
SPC,LATEST,income_statement,value,-2761532353.0,ACTUAL,VNSTOCK_BRONZE
SPC,LATEST,income_statement,order,3.0,ACTUAL,VNSTOCK_BRONZE
SPC,LATEST,income_statement,level,1.0,ACTUAL,VNSTOCK_BRONZE
SPC,LATEST,income_statement,value,222399143758.0,ACTUAL,VNSTOCK_BRONZE
SPC,LATEST,income_statement,order,4.0,ACTUAL,VNSTOCK_BRONZE
SPC,LATEST,income_statement,level,1.0,ACTUAL,VNSTOCK_BRONZE
SPC,LATEST,income_statement,value,-176407530813.0,ACTUAL,VNSTOCK_BRONZE
SPC,LATEST,income_statement,order,5.0,ACTUAL,VNSTOCK_BRONZE
SPC,LATEST,income_statement,level,1.0,ACTUAL,VNSTOCK_BRONZE
SPC,LATEST,income_statement,value,45991612945.0,ACTUAL,VNSTOCK_BRONZE
SPC,LATEST,income_statement,order,6.0,ACTUAL,VNSTOCK_BRONZE
SPC,LATEST,income_statement,level,1.0,ACTUAL,VNSTOCK_BRONZE
SPC,LATEST,income_statement,value,1345242227.0,ACTUAL,VNSTOCK_BRONZE
SPC,LATEST,income_statement,order,7.0,ACTUAL,VNSTOCK_BRONZE
SPC,LATEST,income_statement,level,1.0,ACTUAL,VNSTOCK_BRONZE
SPC,LATEST,income_statement,value,-7912140863.0,ACTUAL,VNSTOCK_BRONZE
SPC,LATEST,income_statement,order,8.0,ACTUAL,VNSTOCK_BRONZE
SPC,LATEST,income_statement,level,2.0,ACTUAL,VNSTOCK_BRONZE
SPC,LATEST,income_statement,value,-1814790713.0,ACTUAL,VNSTOCK_BRONZE
SPC,LATEST,income_statement,order,9.0,ACTUAL,VNSTOCK_BRONZE
SPC,LATEST,income_statement,level,1.0,ACTUAL,VNSTOCK_BRONZE
SPC,LATEST,income_statement,value,0.0,ACTUAL,VNSTOCK_BRONZE
SPC,LATEST,income_statement,order,10.0,ACTUAL,VNSTOCK_BRONZE
SPC,LATEST,income_statement,level,1.0,ACTUAL,VNSTOCK_BRONZE
SPC,LATEST,income_statement,value,-25673783745.0,ACTUAL,VNSTOCK_BRONZE
SPC,LATEST,income_statement,order,11.0,ACTUAL,VNSTOCK_BRONZE
SPC,LATEST,income_statement,level,1.0,ACTUAL,VNSTOCK_BRONZE
SPC,LATEST,income_statement,value,-8064883330.0,ACTUAL,VNSTOCK_BRONZE
SPC,LATEST,income_statement,order,12.0,ACTUAL,VNSTOCK_BRONZE
SPC,LATEST,income_statement,level,1.0,ACTUAL,VNSTOCK_BRONZE
SPC,LATEST,income_statement,value,5686047234.0,ACTUAL,VNSTOCK_BRONZE
SPC,LATEST,income_statement,order,13.0,ACTUAL,VNSTOCK_BRONZE
SPC,LATEST,income_statement,level,1.0,ACTUAL,VNSTOCK_BRONZE
SPC,LATEST,income_statement,value,-487862085.0,ACTUAL,VNSTOCK_BRONZE
SPC,LATEST,income_statement,order,14.0,ACTUAL,VNSTOCK_BRONZE
SPC,LATEST,income_statement,level,2.0,ACTUAL,VNSTOCK_BRONZE
SPC,LATEST,income_statement,value,643524317.0,ACTUAL,VNSTOCK_BRONZE
SPC,LATEST,income_statement,order,15.0,ACTUAL,VNSTOCK_BRONZE
SPC,LATEST,income_statement,level,2.0,ACTUAL,VNSTOCK_BRONZE
SPC,LATEST,income_statement,value,-1131386402.0,ACTUAL,VNSTOCK_BRONZE
SPC,LATEST,income_statement,order,16.0,ACTUAL,VNSTOCK_BRONZE
SPC,LATEST,income_statement,level,1.0,ACTUAL,VNSTOCK_BRONZE
SPC,LATEST,income_statement,value,0.0,ACTUAL,VNSTOCK_BRONZE
SPC,LATEST,income_statement,order,17.0,ACTUAL,VNSTOCK_BRONZE
SPC,LATEST,income_statement,level,1.0,ACTUAL,VNSTOCK_BRONZE
SPC,LATEST,income_statement,value,5198185149.0,ACTUAL,VNSTOCK_BRONZE
SPC,LATEST,income_statement,order,18.0,ACTUAL,VNSTOCK_BRONZE
SPC,LATEST,income_statement,level,1.0,ACTUAL,VNSTOCK_BRONZE
SPC,LATEST,income_statement,value,-2000056221.0,ACTUAL,VNSTOCK_BRONZE
SPC,LATEST,income_statement,order,19.0,ACTUAL,VNSTOCK_BRONZE
SPC,LATEST,income_statement,level,2.0,ACTUAL,VNSTOCK_BRONZE
SPC,LATEST,income_statement,value,-1144266335.0,ACTUAL,VNSTOCK_BRONZE
SPC,LATEST,income_statement,order,20.0,ACTUAL,VNSTOCK_BRONZE
SPC,LATEST,income_statement,level,2.0,ACTUAL,VNSTOCK_BRONZE
SPC,LATEST,income_statement,value,-855789886.0,ACTUAL,VNSTOCK_BRONZE
SPC,LATEST,income_statement,order,21.0,ACTUAL,VNSTOCK_BRONZE
SPC,LATEST,income_statement,level,1.0,ACTUAL,VNSTOCK_BRONZE
SPC,LATEST,income_statement,value,3198128928.0,ACTUAL,VNSTOCK_BRONZE
SPC,LATEST,income_statement,order,22.0,ACTUAL,VNSTOCK_BRONZE
SPC,LATEST,income_statement,level,1.0,ACTUAL,VNSTOCK_BRONZE
SPC,LATEST,income_statement,value,17465990.0,ACTUAL,VNSTOCK_BRONZE
SPC,LATEST,income_statement,order,23.0,ACTUAL,VNSTOCK_BRONZE
SPC,LATEST,income_statement,level,1.0,ACTUAL,VNSTOCK_BRONZE
SPC,LATEST,income_statement,value,3215594918.0,ACTUAL,VNSTOCK_BRONZE
SPC,LATEST,income_statement,order,24.0,ACTUAL,VNSTOCK_BRONZE
SPC,LATEST,income_statement,level,1.0,ACTUAL,VNSTOCK_BRONZE
SPC,LATEST,income_statement,value,0.0,ACTUAL,VNSTOCK_BRONZE
SPC,LATEST,income_statement,order,25.0,ACTUAL,VNSTOCK_BRONZE
SPC,LATEST,income_statement,level,1.0,ACTUAL,VNSTOCK_BRONZE
SPC,LATEST,income_statement,value,0.0,ACTUAL,VNSTOCK_BRONZE
SPC,LATEST,income_statement,order,1.0,ACTUAL,VNSTOCK_BRONZE
SPC,LATEST,income_statement,level,1.0,ACTUAL,VNSTOCK_BRONZE
SPC,LATEST,income_statement,value,236913040603.0,ACTUAL,VNSTOCK_BRONZE
SPC,LATEST,income_statement,order,2.0,ACTUAL,VNSTOCK_BRONZE
SPC,LATEST,income_statement,level,1.0,ACTUAL,VNSTOCK_BRONZE
SPC,LATEST,income_statement,value,-1528021890.0,ACTUAL,VNSTOCK_BRONZE
SPC,LATEST,income_statement,order,3.0,ACTUAL,VNSTOCK_BRONZE
SPC,LATEST,income_statement,level,1.0,ACTUAL,VNSTOCK_BRONZE
SPC,LATEST,income_statement,value,235385018713.0,ACTUAL,VNSTOCK_BRONZE
SPC,LATEST,income_statement,order,4.0,ACTUAL,VNSTOCK_BRONZE
SPC,LATEST,income_statement,level,1.0,ACTUAL,VNSTOCK_BRONZE
SPC,LATEST,income_statement,value,-193815504262.0,ACTUAL,VNSTOCK_BRONZE
SPC,LATEST,income_statement,order,5.0,ACTUAL,VNSTOCK_BRONZE
SPC,LATEST,income_statement,level,1.0,ACTUAL,VNSTOCK_BRONZE
SPC,LATEST,income_statement,value,41569514451.0,ACTUAL,VNSTOCK_BRONZE
SPC,LATEST,income_statement,order,6.0,ACTUAL,VNSTOCK_BRONZE
SPC,LATEST,income_statement,level,1.0,ACTUAL,VNSTOCK_BRONZE
SPC,LATEST,income_statement,value,3655519596.0,ACTUAL,VNSTOCK_BRONZE
SPC,LATEST,income_statement,order,7.0,ACTUAL,VNSTOCK_BRONZE
SPC,LATEST,income_statement,level,1.0,ACTUAL,VNSTOCK_BRONZE
SPC,LATEST,income_statement,value,-12470292666.0,ACTUAL,VNSTOCK_BRONZE
SPC,LATEST,income_statement,order,8.0,ACTUAL,VNSTOCK_BRONZE
SPC,LATEST,income_statement,level,2.0,ACTUAL,VNSTOCK_BRONZE
SPC,LATEST,income_statement,value,-1573908550.0,ACTUAL,VNSTOCK_BRONZE
SPC,LATEST,income_statement,order,9.0,ACTUAL,VNSTOCK_BRONZE
SPC,LATEST,income_statement,level,1.0,ACTUAL,VNSTOCK_BRONZE
SPC,LATEST,income_statement,value,0.0,ACTUAL,VNSTOCK_BRONZE
SPC,LATEST,income_statement,order,10.0,ACTUAL,VNSTOCK_BRONZE
SPC,LATEST,income_statement,level,1.0,ACTUAL,VNSTOCK_BRONZE
SPC,LATEST,income_statement,value,-17157169343.0,ACTUAL,VNSTOCK_BRONZE
SPC,LATEST,income_statement,order,11.0,ACTUAL,VNSTOCK_BRONZE
SPC,LATEST,income_statement,level,1.0,ACTUAL,VNSTOCK_BRONZE
SPC,LATEST,income_statement,value,-9806382078.0,ACTUAL,VNSTOCK_BRONZE
SPC,LATEST,income_statement,order,12.0,ACTUAL,VNSTOCK_BRONZE
SPC,LATEST,income_statement,level,1.0,ACTUAL,VNSTOCK_BRONZE
SPC,LATEST,income_statement,value,5791189960.0,ACTUAL,VNSTOCK_BRONZE
SPC,LATEST,income_statement,order,13.0,ACTUAL,VNSTOCK_BRONZE
SPC,LATEST,income_statement,level,1.0,ACTUAL,VNSTOCK_BRONZE
SPC,LATEST,income_statement,value,511057270.0,ACTUAL,VNSTOCK_BRONZE
SPC,LATEST,income_statement,order,14.0,ACTUAL,VNSTOCK_BRONZE
SPC,LATEST,income_statement,level,2.0,ACTUAL,VNSTOCK_BRONZE
SPC,LATEST,income_statement,value,1455902802.0,ACTUAL,VNSTOCK_BRONZE
SPC,LATEST,income_statement,order,15.0,ACTUAL,VNSTOCK_BRONZE
SPC,LATEST,income_statement,level,2.0,ACTUAL,VNSTOCK_BRONZE
SPC,LATEST,income_statement,value,-944845532.0,ACTUAL,VNSTOCK_BRONZE
SPC,LATEST,income_statement,order,16.0,ACTUAL,VNSTOCK_BRONZE
SPC,LATEST,income_statement,level,1.0,ACTUAL,VNSTOCK_BRONZE
SPC,LATEST,income_statement,value,0.0,ACTUAL,VNSTOCK_BRONZE
SPC,LATEST,income_statement,order,17.0,ACTUAL,VNSTOCK_BRONZE
SPC,LATEST,income_statement,level,1.0,ACTUAL,VNSTOCK_BRONZE
SPC,LATEST,income_statement,value,6302247230.0,ACTUAL,VNSTOCK_BRONZE
SPC,LATEST,income_statement,order,18.0,ACTUAL,VNSTOCK_BRONZE
SPC,LATEST,income_statement,level,1.0,ACTUAL,VNSTOCK_BRONZE
SPC,LATEST,income_statement,value,-1053739040.0,ACTUAL,VNSTOCK_BRONZE
SPC,LATEST,income_statement,order,19.0,ACTUAL,VNSTOCK_BRONZE
SPC,LATEST,income_statement,level,2.0,ACTUAL,VNSTOCK_BRONZE
SPC,LATEST,income_statement,value,-926883066.0,ACTUAL,VNSTOCK_BRONZE
SPC,LATEST,income_statement,order,20.0,ACTUAL,VNSTOCK_BRONZE
SPC,LATEST,income_statement,level,2.0,ACTUAL,VNSTOCK_BRONZE
SPC,LATEST,income_statement,value,-126855974.0,ACTUAL,VNSTOCK_BRONZE
SPC,LATEST,income_statement,order,21.0,ACTUAL,VNSTOCK_BRONZE
SPC,LATEST,income_statement,level,1.0,ACTUAL,VNSTOCK_BRONZE
SPC,LATEST,income_statement,value,5248508190.0,ACTUAL,VNSTOCK_BRONZE
SPC,LATEST,income_statement,order,22.0,ACTUAL,VNSTOCK_BRONZE
SPC,LATEST,income_statement,level,1.0,ACTUAL,VNSTOCK_BRONZE
SPC,LATEST,income_statement,value,124761100.0,ACTUAL,VNSTOCK_BRONZE
SPC,LATEST,income_statement,order,23.0,ACTUAL,VNSTOCK_BRONZE
SPC,LATEST,income_statement,level,1.0,ACTUAL,VNSTOCK_BRONZE
SPC,LATEST,income_statement,value,5123747090.0,ACTUAL,VNSTOCK_BRONZE
SPC,LATEST,income_statement,order,24.0,ACTUAL,VNSTOCK_BRONZE
SPC,LATEST,income_statement,level,1.0,ACTUAL,VNSTOCK_BRONZE
SPC,LATEST,income_statement,value,0.0,ACTUAL,VNSTOCK_BRONZE
SPC,LATEST,income_statement,order,25.0,ACTUAL,VNSTOCK_BRONZE
SPC,LATEST,income_statement,level,1.0,ACTUAL,VNSTOCK_BRONZE
SPC,LATEST,income_statement,value,0.0,ACTUAL,VNSTOCK_BRONZE
SPC,LATEST,income_statement,order,1.0,ACTUAL,VNSTOCK_BRONZE
SPC,LATEST,income_statement,level,1.0,ACTUAL,VNSTOCK_BRONZE
SPC,LATEST,income_statement,value,291615165033.0,ACTUAL,VNSTOCK_BRONZE
SPC,LATEST,income_statement,order,2.0,ACTUAL,VNSTOCK_BRONZE
SPC,LATEST,income_statement,level,1.0,ACTUAL,VNSTOCK_BRONZE
SPC,LATEST,income_statement,value,-7951338187.0,ACTUAL,VNSTOCK_BRONZE
SPC,LATEST,income_statement,order,3.0,ACTUAL,VNSTOCK_BRONZE
SPC,LATEST,income_statement,level,1.0,ACTUAL,VNSTOCK_BRONZE
SPC,LATEST,income_statement,value,283663826846.0,ACTUAL,VNSTOCK_BRONZE
SPC,LATEST,income_statement,order,4.0,ACTUAL,VNSTOCK_BRONZE
SPC,LATEST,income_statement,level,1.0,ACTUAL,VNSTOCK_BRONZE
SPC,LATEST,income_statement,value,-220768586795.0,ACTUAL,VNSTOCK_BRONZE
SPC,LATEST,income_statement,order,5.0,ACTUAL,VNSTOCK_BRONZE
SPC,LATEST,income_statement,level,1.0,ACTUAL,VNSTOCK_BRONZE
SPC,LATEST,income_statement,value,62895240051.0,ACTUAL,VNSTOCK_BRONZE
SPC,LATEST,income_statement,order,6.0,ACTUAL,VNSTOCK_BRONZE
SPC,LATEST,income_statement,level,1.0,ACTUAL,VNSTOCK_BRONZE
SPC,LATEST,income_statement,value,3737299163.0,ACTUAL,VNSTOCK_BRONZE
SPC,LATEST,income_statement,order,7.0,ACTUAL,VNSTOCK_BRONZE
SPC,LATEST,income_statement,level,1.0,ACTUAL,VNSTOCK_BRONZE
SPC,LATEST,income_statement,value,-19951423531.0,ACTUAL,VNSTOCK_BRONZE
SPC,LATEST,income_statement,order,8.0,ACTUAL,VNSTOCK_BRONZE
SPC,LATEST,income_statement,level,2.0,ACTUAL,VNSTOCK_BRONZE
SPC,LATEST,income_statement,value,-2236120331.0,ACTUAL,VNSTOCK_BRONZE
SPC,LATEST,income_statement,order,9.0,ACTUAL,VNSTOCK_BRONZE
SPC,LATEST,income_statement,level,1.0,ACTUAL,VNSTOCK_BRONZE
SPC,LATEST,income_statement,value,0.0,ACTUAL,VNSTOCK_BRONZE
SPC,LATEST,income_statement,order,10.0,ACTUAL,VNSTOCK_BRONZE
SPC,LATEST,income_statement,level,1.0,ACTUAL,VNSTOCK_BRONZE
SPC,LATEST,income_statement,value,-24135359042.0,ACTUAL,VNSTOCK_BRONZE
SPC,LATEST,income_statement,order,11.0,ACTUAL,VNSTOCK_BRONZE
SPC,LATEST,income_statement,level,1.0,ACTUAL,VNSTOCK_BRONZE
SPC,LATEST,income_statement,value,-9449110211.0,ACTUAL,VNSTOCK_BRONZE
SPC,LATEST,income_statement,order,12.0,ACTUAL,VNSTOCK_BRONZE
SPC,LATEST,income_statement,level,1.0,ACTUAL,VNSTOCK_BRONZE
SPC,LATEST,income_statement,value,13096646430.0,ACTUAL,VNSTOCK_BRONZE
SPC,LATEST,income_statement,order,13.0,ACTUAL,VNSTOCK_BRONZE
SPC,LATEST,income_statement,level,1.0,ACTUAL,VNSTOCK_BRONZE
SPC,LATEST,income_statement,value,-709563581.0,ACTUAL,VNSTOCK_BRONZE
SPC,LATEST,income_statement,order,14.0,ACTUAL,VNSTOCK_BRONZE
SPC,LATEST,income_statement,level,2.0,ACTUAL,VNSTOCK_BRONZE
SPC,LATEST,income_statement,value,791671171.0,ACTUAL,VNSTOCK_BRONZE
SPC,LATEST,income_statement,order,15.0,ACTUAL,VNSTOCK_BRONZE
SPC,LATEST,income_statement,level,2.0,ACTUAL,VNSTOCK_BRONZE
SPC,LATEST,income_statement,value,-1501234752.0,ACTUAL,VNSTOCK_BRONZE
SPC,LATEST,income_statement,order,16.0,ACTUAL,VNSTOCK_BRONZE
SPC,LATEST,income_statement,level,1.0,ACTUAL,VNSTOCK_BRONZE
SPC,LATEST,income_statement,value,0.0,ACTUAL,VNSTOCK_BRONZE
SPC,LATEST,income_statement,order,17.0,ACTUAL,VNSTOCK_BRONZE
SPC,LATEST,income_statement,level,1.0,ACTUAL,VNSTOCK_BRONZE
SPC,LATEST,income_statement,value,12387082849.0,ACTUAL,VNSTOCK_BRONZE
SPC,LATEST,income_statement,order,18.0,ACTUAL,VNSTOCK_BRONZE
SPC,LATEST,income_statement,level,1.0,ACTUAL,VNSTOCK_BRONZE
SPC,LATEST,income_statement,value,-2279439239.0,ACTUAL,VNSTOCK_BRONZE
SPC,LATEST,income_statement,order,19.0,ACTUAL,VNSTOCK_BRONZE
SPC,LATEST,income_statement,level,2.0,ACTUAL,VNSTOCK_BRONZE
SPC,LATEST,income_statement,value,-2119743743.0,ACTUAL,VNSTOCK_BRONZE
SPC,LATEST,income_statement,order,20.0,ACTUAL,VNSTOCK_BRONZE
SPC,LATEST,income_statement,level,2.0,ACTUAL,VNSTOCK_BRONZE
SPC,LATEST,income_statement,value,-159695496.0,ACTUAL,VNSTOCK_BRONZE
SPC,LATEST,income_statement,order,21.0,ACTUAL,VNSTOCK_BRONZE
SPC,LATEST,income_statement,level,1.0,ACTUAL,VNSTOCK_BRONZE
SPC,LATEST,income_statement,value,10107643610.0,ACTUAL,VNSTOCK_BRONZE
SPC,LATEST,income_statement,order,22.0,ACTUAL,VNSTOCK_BRONZE
SPC,LATEST,income_statement,level,1.0,ACTUAL,VNSTOCK_BRONZE
SPC,LATEST,income_statement,value,389386858.0,ACTUAL,VNSTOCK_BRONZE
SPC,LATEST,income_statement,order,23.0,ACTUAL,VNSTOCK_BRONZE
SPC,LATEST,income_statement,level,1.0,ACTUAL,VNSTOCK_BRONZE
SPC,LATEST,income_statement,value,10497030468.0,ACTUAL,VNSTOCK_BRONZE
SPC,LATEST,income_statement,order,24.0,ACTUAL,VNSTOCK_BRONZE
SPC,LATEST,income_statement,level,1.0,ACTUAL,VNSTOCK_BRONZE
SPC,LATEST,income_statement,value,0.0,ACTUAL,VNSTOCK_BRONZE
SPC,LATEST,income_statement,order,25.0,ACTUAL,VNSTOCK_BRONZE
SPC,LATEST,income_statement,level,1.0,ACTUAL,VNSTOCK_BRONZE
SPC,LATEST,income_statement,value,0.0,ACTUAL,VNSTOCK_BRONZE
SPC,LATEST,income_statement,order,1.0,ACTUAL,VNSTOCK_BRONZE
SPC,LATEST,income_statement,level,1.0,ACTUAL,VNSTOCK_BRONZE
SPC,LATEST,income_statement,value,197064361720.0,ACTUAL,VNSTOCK_BRONZE
SPC,LATEST,income_statement,order,2.0,ACTUAL,VNSTOCK_BRONZE
SPC,LATEST,income_statement,level,1.0,ACTUAL,VNSTOCK_BRONZE
SPC,LATEST,income_statement,value,-1474617982.0,ACTUAL,VNSTOCK_BRONZE
SPC,LATEST,income_statement,order,3.0,ACTUAL,VNSTOCK_BRONZE
SPC,LATEST,income_statement,level,1.0,ACTUAL,VNSTOCK_BRONZE
SPC,LATEST,income_statement,value,195589743738.0,ACTUAL,VNSTOCK_BRONZE
SPC,LATEST,income_statement,order,4.0,ACTUAL,VNSTOCK_BRONZE
SPC,LATEST,income_statement,level,1.0,ACTUAL,VNSTOCK_BRONZE
SPC,LATEST,income_statement,value,-162292504967.0,ACTUAL,VNSTOCK_BRONZE
SPC,LATEST,income_statement,order,5.0,ACTUAL,VNSTOCK_BRONZE
SPC,LATEST,income_statement,level,1.0,ACTUAL,VNSTOCK_BRONZE
SPC,LATEST,income_statement,value,33297238771.0,ACTUAL,VNSTOCK_BRONZE
SPC,LATEST,income_statement,order,6.0,ACTUAL,VNSTOCK_BRONZE
SPC,LATEST,income_statement,level,1.0,ACTUAL,VNSTOCK_BRONZE
SPC,LATEST,income_statement,value,1711016881.0,ACTUAL,VNSTOCK_BRONZE
SPC,LATEST,income_statement,order,7.0,ACTUAL,VNSTOCK_BRONZE
SPC,LATEST,income_statement,level,1.0,ACTUAL,VNSTOCK_BRONZE
SPC,LATEST,income_statement,value,-10170229800.0,ACTUAL,VNSTOCK_BRONZE
SPC,LATEST,income_statement,order,8.0,ACTUAL,VNSTOCK_BRONZE
SPC,LATEST,income_statement,level,2.0,ACTUAL,VNSTOCK_BRONZE
SPC,LATEST,income_statement,value,-1967133674.0,ACTUAL,VNSTOCK_BRONZE
SPC,LATEST,income_statement,order,9.0,ACTUAL,VNSTOCK_BRONZE
SPC,LATEST,income_statement,level,1.0,ACTUAL,VNSTOCK_BRONZE
SPC,LATEST,income_statement,value,0.0,ACTUAL,VNSTOCK_BRONZE
SPC,LATEST,income_statement,order,10.0,ACTUAL,VNSTOCK_BRONZE
SPC,LATEST,income_statement,level,1.0,ACTUAL,VNSTOCK_BRONZE
SPC,LATEST,income_statement,value,-20919908183.0,ACTUAL,VNSTOCK_BRONZE
SPC,LATEST,income_statement,order,11.0,ACTUAL,VNSTOCK_BRONZE
SPC,LATEST,income_statement,level,1.0,ACTUAL,VNSTOCK_BRONZE
SPC,LATEST,income_statement,value,-7447905419.0,ACTUAL,VNSTOCK_BRONZE
SPC,LATEST,income_statement,order,12.0,ACTUAL,VNSTOCK_BRONZE
SPC,LATEST,income_statement,level,1.0,ACTUAL,VNSTOCK_BRONZE
SPC,LATEST,income_statement,value,-3529787750.0,ACTUAL,VNSTOCK_BRONZE
SPC,LATEST,income_statement,order,13.0,ACTUAL,VNSTOCK_BRONZE
SPC,LATEST,income_statement,level,1.0,ACTUAL,VNSTOCK_BRONZE
SPC,LATEST,income_statement,value,1231867400.0,ACTUAL,VNSTOCK_BRONZE
SPC,LATEST,income_statement,order,14.0,ACTUAL,VNSTOCK_BRONZE
SPC,LATEST,income_statement,level,2.0,ACTUAL,VNSTOCK_BRONZE
SPC,LATEST,income_statement,value,1425354198.0,ACTUAL,VNSTOCK_BRONZE
SPC,LATEST,income_statement,order,15.0,ACTUAL,VNSTOCK_BRONZE
SPC,LATEST,income_statement,level,2.0,ACTUAL,VNSTOCK_BRONZE
SPC,LATEST,income_statement,value,-193486798.0,ACTUAL,VNSTOCK_BRONZE
SPC,LATEST,income_statement,order,16.0,ACTUAL,VNSTOCK_BRONZE
SPC,LATEST,income_statement,level,1.0,ACTUAL,VNSTOCK_BRONZE
SPC,LATEST,income_statement,value,0.0,ACTUAL,VNSTOCK_BRONZE
SPC,LATEST,income_statement,order,17.0,ACTUAL,VNSTOCK_BRONZE
SPC,LATEST,income_statement,level,1.0,ACTUAL,VNSTOCK_BRONZE
SPC,LATEST,income_statement,value,-2297920350.0,ACTUAL,VNSTOCK_BRONZE
SPC,LATEST,income_statement,order,18.0,ACTUAL,VNSTOCK_BRONZE
SPC,LATEST,income_statement,level,1.0,ACTUAL,VNSTOCK_BRONZE
SPC,LATEST,income_statement,value,-651367277.0,ACTUAL,VNSTOCK_BRONZE
SPC,LATEST,income_statement,order,19.0,ACTUAL,VNSTOCK_BRONZE
SPC,LATEST,income_statement,level,2.0,ACTUAL,VNSTOCK_BRONZE
SPC,LATEST,income_statement,value,-651367277.0,ACTUAL,VNSTOCK_BRONZE
SPC,LATEST,income_statement,order,20.0,ACTUAL,VNSTOCK_BRONZE
SPC,LATEST,income_statement,level,2.0,ACTUAL,VNSTOCK_BRONZE
SPC,LATEST,income_statement,value,0.0,ACTUAL,VNSTOCK_BRONZE
SPC,LATEST,income_statement,order,21.0,ACTUAL,VNSTOCK_BRONZE
SPC,LATEST,income_statement,level,1.0,ACTUAL,VNSTOCK_BRONZE
SPC,LATEST,income_statement,value,-2949287627.0,ACTUAL,VNSTOCK_BRONZE
SPC,LATEST,income_statement,order,22.0,ACTUAL,VNSTOCK_BRONZE
SPC,LATEST,income_statement,level,1.0,ACTUAL,VNSTOCK_BRONZE
SPC,LATEST,income_statement,value,0.0,ACTUAL,VNSTOCK_BRONZE
SPC,LATEST,income_statement,order,23.0,ACTUAL,VNSTOCK_BRONZE
SPC,LATEST,income_statement,level,1.0,ACTUAL,VNSTOCK_BRONZE
SPC,LATEST,income_statement,value,-2949287627.0,ACTUAL,VNSTOCK_BRONZE
SPC,LATEST,income_statement,order,24.0,ACTUAL,VNSTOCK_BRONZE
SPC,LATEST,income_statement,level,1.0,ACTUAL,VNSTOCK_BRONZE
SPC,LATEST,income_statement,value,0.0,ACTUAL,VNSTOCK_BRONZE
SPC,LATEST,income_statement,order,25.0,ACTUAL,VNSTOCK_BRONZE
SPC,LATEST,income_statement,level,1.0,ACTUAL,VNSTOCK_BRONZE
SPC,LATEST,income_statement,value,0.0,ACTUAL,VNSTOCK_BRONZE
SPC,LATEST,income_statement,order,1.0,ACTUAL,VNSTOCK_BRONZE
SPC,LATEST,income_statement,level,1.0,ACTUAL,VNSTOCK_BRONZE
SPC,LATEST,income_statement,value,197827402955.0,ACTUAL,VNSTOCK_BRONZE
SPC,LATEST,income_statement,order,2.0,ACTUAL,VNSTOCK_BRONZE
SPC,LATEST,income_statement,level,1.0,ACTUAL,VNSTOCK_BRONZE
SPC,LATEST,income_statement,value,-19800566256.0,ACTUAL,VNSTOCK_BRONZE
SPC,LATEST,income_statement,order,3.0,ACTUAL,VNSTOCK_BRONZE
SPC,LATEST,income_statement,level,1.0,ACTUAL,VNSTOCK_BRONZE
SPC,LATEST,income_statement,value,178026836699.0,ACTUAL,VNSTOCK_BRONZE
SPC,LATEST,income_statement,order,4.0,ACTUAL,VNSTOCK_BRONZE
SPC,LATEST,income_statement,level,1.0,ACTUAL,VNSTOCK_BRONZE
SPC,LATEST,income_statement,value,-145141786003.0,ACTUAL,VNSTOCK_BRONZE
SPC,LATEST,income_statement,order,5.0,ACTUAL,VNSTOCK_BRONZE
SPC,LATEST,income_statement,level,1.0,ACTUAL,VNSTOCK_BRONZE
SPC,LATEST,income_statement,value,32885050696.0,ACTUAL,VNSTOCK_BRONZE
SPC,LATEST,income_statement,order,6.0,ACTUAL,VNSTOCK_BRONZE
SPC,LATEST,income_statement,level,1.0,ACTUAL,VNSTOCK_BRONZE
SPC,LATEST,income_statement,value,1255485617.0,ACTUAL,VNSTOCK_BRONZE
SPC,LATEST,income_statement,order,7.0,ACTUAL,VNSTOCK_BRONZE
SPC,LATEST,income_statement,level,1.0,ACTUAL,VNSTOCK_BRONZE
SPC,LATEST,income_statement,value,-10884463198.0,ACTUAL,VNSTOCK_BRONZE
SPC,LATEST,income_statement,order,8.0,ACTUAL,VNSTOCK_BRONZE
SPC,LATEST,income_statement,level,2.0,ACTUAL,VNSTOCK_BRONZE
SPC,LATEST,income_statement,value,-1994511744.0,ACTUAL,VNSTOCK_BRONZE
SPC,LATEST,income_statement,order,9.0,ACTUAL,VNSTOCK_BRONZE
SPC,LATEST,income_statement,level,1.0,ACTUAL,VNSTOCK_BRONZE
SPC,LATEST,income_statement,value,0.0,ACTUAL,VNSTOCK_BRONZE
SPC,LATEST,income_statement,order,10.0,ACTUAL,VNSTOCK_BRONZE
SPC,LATEST,income_statement,level,1.0,ACTUAL,VNSTOCK_BRONZE
SPC,LATEST,income_statement,value,-40350754239.0,ACTUAL,VNSTOCK_BRONZE
SPC,LATEST,income_statement,order,11.0,ACTUAL,VNSTOCK_BRONZE
SPC,LATEST,income_statement,level,1.0,ACTUAL,VNSTOCK_BRONZE
SPC,LATEST,income_statement,value,-5091702430.0,ACTUAL,VNSTOCK_BRONZE
SPC,LATEST,income_statement,order,12.0,ACTUAL,VNSTOCK_BRONZE
SPC,LATEST,income_statement,level,1.0,ACTUAL,VNSTOCK_BRONZE
SPC,LATEST,income_statement,value,-22186383554.0,ACTUAL,VNSTOCK_BRONZE
SPC,LATEST,income_statement,order,13.0,ACTUAL,VNSTOCK_BRONZE
SPC,LATEST,income_statement,level,1.0,ACTUAL,VNSTOCK_BRONZE
SPC,LATEST,income_statement,value,469882282.0,ACTUAL,VNSTOCK_BRONZE
SPC,LATEST,income_statement,order,14.0,ACTUAL,VNSTOCK_BRONZE
SPC,LATEST,income_statement,level,2.0,ACTUAL,VNSTOCK_BRONZE
SPC,LATEST,income_statement,value,993981008.0,ACTUAL,VNSTOCK_BRONZE
SPC,LATEST,income_statement,order,15.0,ACTUAL,VNSTOCK_BRONZE
SPC,LATEST,income_statement,level,2.0,ACTUAL,VNSTOCK_BRONZE
SPC,LATEST,income_statement,value,-524098726.0,ACTUAL,VNSTOCK_BRONZE
SPC,LATEST,income_statement,order,16.0,ACTUAL,VNSTOCK_BRONZE
SPC,LATEST,income_statement,level,1.0,ACTUAL,VNSTOCK_BRONZE
SPC,LATEST,income_statement,value,0.0,ACTUAL,VNSTOCK_BRONZE
SPC,LATEST,income_statement,order,17.0,ACTUAL,VNSTOCK_BRONZE
SPC,LATEST,income_statement,level,1.0,ACTUAL,VNSTOCK_BRONZE
SPC,LATEST,income_statement,value,-21716501272.0,ACTUAL,VNSTOCK_BRONZE
SPC,LATEST,income_statement,order,18.0,ACTUAL,VNSTOCK_BRONZE
SPC,LATEST,income_statement,level,1.0,ACTUAL,VNSTOCK_BRONZE
SPC,LATEST,income_statement,value,-1615100365.0,ACTUAL,VNSTOCK_BRONZE
SPC,LATEST,income_statement,order,19.0,ACTUAL,VNSTOCK_BRONZE
SPC,LATEST,income_statement,level,2.0,ACTUAL,VNSTOCK_BRONZE
SPC,LATEST,income_statement,value,-419331333.0,ACTUAL,VNSTOCK_BRONZE
SPC,LATEST,income_statement,order,20.0,ACTUAL,VNSTOCK_BRONZE
SPC,LATEST,income_statement,level,2.0,ACTUAL,VNSTOCK_BRONZE
SPC,LATEST,income_statement,value,-1195769032.0,ACTUAL,VNSTOCK_BRONZE
SPC,LATEST,income_statement,order,21.0,ACTUAL,VNSTOCK_BRONZE
SPC,LATEST,income_statement,level,1.0,ACTUAL,VNSTOCK_BRONZE
SPC,LATEST,income_statement,value,-23331601637.0,ACTUAL,VNSTOCK_BRONZE
SPC,LATEST,income_statement,order,22.0,ACTUAL,VNSTOCK_BRONZE
SPC,LATEST,income_statement,level,1.0,ACTUAL,VNSTOCK_BRONZE
SPC,LATEST,income_statement,value,55534936.0,ACTUAL,VNSTOCK_BRONZE
SPC,LATEST,income_statement,order,23.0,ACTUAL,VNSTOCK_BRONZE
SPC,LATEST,income_statement,level,1.0,ACTUAL,VNSTOCK_BRONZE
SPC,LATEST,income_statement,value,-23387136573.0,ACTUAL,VNSTOCK_BRONZE
SPC,LATEST,income_statement,order,24.0,ACTUAL,VNSTOCK_BRONZE
SPC,LATEST,income_statement,level,1.0,ACTUAL,VNSTOCK_BRONZE
SPC,LATEST,income_statement,value,-2221.0,ACTUAL,VNSTOCK_BRONZE
SPC,LATEST,income_statement,order,25.0,ACTUAL,VNSTOCK_BRONZE
SPC,LATEST,income_statement,level,1.0,ACTUAL,VNSTOCK_BRONZE
SPC,LATEST,income_statement,value,0.0,ACTUAL,VNSTOCK_BRONZE
SPC,LATEST,income_statement,order,1.0,ACTUAL,VNSTOCK_BRONZE
SPC,LATEST,income_statement,level,1.0,ACTUAL,VNSTOCK_BRONZE
SPC,LATEST,income_statement,value,233658458142.0,ACTUAL,VNSTOCK_BRONZE
SPC,LATEST,income_statement,order,2.0,ACTUAL,VNSTOCK_BRONZE
SPC,LATEST,income_statement,level,1.0,ACTUAL,VNSTOCK_BRONZE
SPC,LATEST,income_statement,value,-3765564424.0,ACTUAL,VNSTOCK_BRONZE
SPC,LATEST,income_statement,order,3.0,ACTUAL,VNSTOCK_BRONZE
SPC,LATEST,income_statement,level,1.0,ACTUAL,VNSTOCK_BRONZE
SPC,LATEST,income_statement,value,229892893718.0,ACTUAL,VNSTOCK_BRONZE
SPC,LATEST,income_statement,order,4.0,ACTUAL,VNSTOCK_BRONZE
SPC,LATEST,income_statement,level,1.0,ACTUAL,VNSTOCK_BRONZE
SPC,LATEST,income_statement,value,-185836630848.0,ACTUAL,VNSTOCK_BRONZE
SPC,LATEST,income_statement,order,5.0,ACTUAL,VNSTOCK_BRONZE
SPC,LATEST,income_statement,level,1.0,ACTUAL,VNSTOCK_BRONZE
SPC,LATEST,income_statement,value,44056262870.0,ACTUAL,VNSTOCK_BRONZE
SPC,LATEST,income_statement,order,6.0,ACTUAL,VNSTOCK_BRONZE
SPC,LATEST,income_statement,level,1.0,ACTUAL,VNSTOCK_BRONZE
SPC,LATEST,income_statement,value,4957548265.0,ACTUAL,VNSTOCK_BRONZE
SPC,LATEST,income_statement,order,7.0,ACTUAL,VNSTOCK_BRONZE
SPC,LATEST,income_statement,level,1.0,ACTUAL,VNSTOCK_BRONZE
SPC,LATEST,income_statement,value,-13113193750.0,ACTUAL,VNSTOCK_BRONZE
SPC,LATEST,income_statement,order,8.0,ACTUAL,VNSTOCK_BRONZE
SPC,LATEST,income_statement,level,2.0,ACTUAL,VNSTOCK_BRONZE
SPC,LATEST,income_statement,value,-1878514562.0,ACTUAL,VNSTOCK_BRONZE
SPC,LATEST,income_statement,order,9.0,ACTUAL,VNSTOCK_BRONZE
SPC,LATEST,income_statement,level,1.0,ACTUAL,VNSTOCK_BRONZE
SPC,LATEST,income_statement,value,0.0,ACTUAL,VNSTOCK_BRONZE
SPC,LATEST,income_statement,order,10.0,ACTUAL,VNSTOCK_BRONZE
SPC,LATEST,income_statement,level,1.0,ACTUAL,VNSTOCK_BRONZE
SPC,LATEST,income_statement,value,-33443776875.0,ACTUAL,VNSTOCK_BRONZE
SPC,LATEST,income_statement,order,11.0,ACTUAL,VNSTOCK_BRONZE
SPC,LATEST,income_statement,level,1.0,ACTUAL,VNSTOCK_BRONZE
SPC,LATEST,income_statement,value,-8003797926.0,ACTUAL,VNSTOCK_BRONZE
SPC,LATEST,income_statement,order,12.0,ACTUAL,VNSTOCK_BRONZE
SPC,LATEST,income_statement,level,1.0,ACTUAL,VNSTOCK_BRONZE
SPC,LATEST,income_statement,value,-5546957416.0,ACTUAL,VNSTOCK_BRONZE
SPC,LATEST,income_statement,order,13.0,ACTUAL,VNSTOCK_BRONZE
SPC,LATEST,income_statement,level,1.0,ACTUAL,VNSTOCK_BRONZE
SPC,LATEST,income_statement,value,1049664041.0,ACTUAL,VNSTOCK_BRONZE
SPC,LATEST,income_statement,order,14.0,ACTUAL,VNSTOCK_BRONZE
SPC,LATEST,income_statement,level,2.0,ACTUAL,VNSTOCK_BRONZE
SPC,LATEST,income_statement,value,1123020135.0,ACTUAL,VNSTOCK_BRONZE
SPC,LATEST,income_statement,order,15.0,ACTUAL,VNSTOCK_BRONZE
SPC,LATEST,income_statement,level,2.0,ACTUAL,VNSTOCK_BRONZE
SPC,LATEST,income_statement,value,-73356094.0,ACTUAL,VNSTOCK_BRONZE
SPC,LATEST,income_statement,order,16.0,ACTUAL,VNSTOCK_BRONZE
SPC,LATEST,income_statement,level,1.0,ACTUAL,VNSTOCK_BRONZE
SPC,LATEST,income_statement,value,0.0,ACTUAL,VNSTOCK_BRONZE
SPC,LATEST,income_statement,order,17.0,ACTUAL,VNSTOCK_BRONZE
SPC,LATEST,income_statement,level,1.0,ACTUAL,VNSTOCK_BRONZE
SPC,LATEST,income_statement,value,-4497293375.0,ACTUAL,VNSTOCK_BRONZE
SPC,LATEST,income_statement,order,18.0,ACTUAL,VNSTOCK_BRONZE
SPC,LATEST,income_statement,level,1.0,ACTUAL,VNSTOCK_BRONZE
SPC,LATEST,income_statement,value,-1046011002.0,ACTUAL,VNSTOCK_BRONZE
SPC,LATEST,income_statement,order,19.0,ACTUAL,VNSTOCK_BRONZE
SPC,LATEST,income_statement,level,2.0,ACTUAL,VNSTOCK_BRONZE
SPC,LATEST,income_statement,value,-1046011002.0,ACTUAL,VNSTOCK_BRONZE
SPC,LATEST,income_statement,order,20.0,ACTUAL,VNSTOCK_BRONZE
SPC,LATEST,income_statement,level,2.0,ACTUAL,VNSTOCK_BRONZE
SPC,LATEST,income_statement,value,0.0,ACTUAL,VNSTOCK_BRONZE
SPC,LATEST,income_statement,order,21.0,ACTUAL,VNSTOCK_BRONZE
SPC,LATEST,income_statement,level,1.0,ACTUAL,VNSTOCK_BRONZE
SPC,LATEST,income_statement,value,-5543304377.0,ACTUAL,VNSTOCK_BRONZE
SPC,LATEST,income_statement,order,22.0,ACTUAL,VNSTOCK_BRONZE
SPC,LATEST,income_statement,level,1.0,ACTUAL,VNSTOCK_BRONZE
SPC,LATEST,income_statement,value,154857703.0,ACTUAL,VNSTOCK_BRONZE
SPC,LATEST,income_statement,order,23.0,ACTUAL,VNSTOCK_BRONZE
SPC,LATEST,income_statement,level,1.0,ACTUAL,VNSTOCK_BRONZE
SPC,LATEST,income_statement,value,-5698162080.0,ACTUAL,VNSTOCK_BRONZE
SPC,LATEST,income_statement,order,24.0,ACTUAL,VNSTOCK_BRONZE
SPC,LATEST,income_statement,level,1.0,ACTUAL,VNSTOCK_BRONZE
SPC,LATEST,income_statement,value,-541.0,ACTUAL,VNSTOCK_BRONZE
SPC,LATEST,income_statement,order,25.0,ACTUAL,VNSTOCK_BRONZE
SPC,LATEST,income_statement,level,1.0,ACTUAL,VNSTOCK_BRONZE
SPC,LATEST,income_statement,value,0.0,ACTUAL,VNSTOCK_BRONZE
SPC,LATEST,income_statement,order,1.0,ACTUAL,VNSTOCK_BRONZE
SPC,LATEST,income_statement,level,1.0,ACTUAL,VNSTOCK_BRONZE
SPC,LATEST,income_statement,value,251880433726.0,ACTUAL,VNSTOCK_BRONZE
SPC,LATEST,income_statement,order,2.0,ACTUAL,VNSTOCK_BRONZE
SPC,LATEST,income_statement,level,1.0,ACTUAL,VNSTOCK_BRONZE
SPC,LATEST,income_statement,value,-6039614987.0,ACTUAL,VNSTOCK_BRONZE
SPC,LATEST,income_statement,order,3.0,ACTUAL,VNSTOCK_BRONZE
SPC,LATEST,income_statement,level,1.0,ACTUAL,VNSTOCK_BRONZE
SPC,LATEST,income_statement,value,245840818739.0,ACTUAL,VNSTOCK_BRONZE
SPC,LATEST,income_statement,order,4.0,ACTUAL,VNSTOCK_BRONZE
SPC,LATEST,income_statement,level,1.0,ACTUAL,VNSTOCK_BRONZE
SPC,LATEST,income_statement,value,-203477824877.0,ACTUAL,VNSTOCK_BRONZE
SPC,LATEST,income_statement,order,5.0,ACTUAL,VNSTOCK_BRONZE
SPC,LATEST,income_statement,level,1.0,ACTUAL,VNSTOCK_BRONZE
SPC,LATEST,income_statement,value,42362993862.0,ACTUAL,VNSTOCK_BRONZE
SPC,LATEST,income_statement,order,6.0,ACTUAL,VNSTOCK_BRONZE
SPC,LATEST,income_statement,level,1.0,ACTUAL,VNSTOCK_BRONZE
SPC,LATEST,income_statement,value,3642078733.0,ACTUAL,VNSTOCK_BRONZE
SPC,LATEST,income_statement,order,7.0,ACTUAL,VNSTOCK_BRONZE
SPC,LATEST,income_statement,level,1.0,ACTUAL,VNSTOCK_BRONZE
SPC,LATEST,income_statement,value,-16301645550.0,ACTUAL,VNSTOCK_BRONZE
SPC,LATEST,income_statement,order,8.0,ACTUAL,VNSTOCK_BRONZE
SPC,LATEST,income_statement,level,2.0,ACTUAL,VNSTOCK_BRONZE
SPC,LATEST,income_statement,value,-2765829822.0,ACTUAL,VNSTOCK_BRONZE
SPC,LATEST,income_statement,order,9.0,ACTUAL,VNSTOCK_BRONZE
SPC,LATEST,income_statement,level,1.0,ACTUAL,VNSTOCK_BRONZE
SPC,LATEST,income_statement,value,0.0,ACTUAL,VNSTOCK_BRONZE
SPC,LATEST,income_statement,order,10.0,ACTUAL,VNSTOCK_BRONZE
SPC,LATEST,income_statement,level,1.0,ACTUAL,VNSTOCK_BRONZE
SPC,LATEST,income_statement,value,-30583330988.0,ACTUAL,VNSTOCK_BRONZE
SPC,LATEST,income_statement,order,11.0,ACTUAL,VNSTOCK_BRONZE
SPC,LATEST,income_statement,level,1.0,ACTUAL,VNSTOCK_BRONZE
SPC,LATEST,income_statement,value,-6028218462.0,ACTUAL,VNSTOCK_BRONZE
SPC,LATEST,income_statement,order,12.0,ACTUAL,VNSTOCK_BRONZE
SPC,LATEST,income_statement,level,1.0,ACTUAL,VNSTOCK_BRONZE
SPC,LATEST,income_statement,value,-6908122405.0,ACTUAL,VNSTOCK_BRONZE
SPC,LATEST,income_statement,order,13.0,ACTUAL,VNSTOCK_BRONZE
SPC,LATEST,income_statement,level,1.0,ACTUAL,VNSTOCK_BRONZE
SPC,LATEST,income_statement,value,1976552838.0,ACTUAL,VNSTOCK_BRONZE
SPC,LATEST,income_statement,order,14.0,ACTUAL,VNSTOCK_BRONZE
SPC,LATEST,income_statement,level,2.0,ACTUAL,VNSTOCK_BRONZE
SPC,LATEST,income_statement,value,2250802616.0,ACTUAL,VNSTOCK_BRONZE
SPC,LATEST,income_statement,order,15.0,ACTUAL,VNSTOCK_BRONZE
SPC,LATEST,income_statement,level,2.0,ACTUAL,VNSTOCK_BRONZE
SPC,LATEST,income_statement,value,-274249778.0,ACTUAL,VNSTOCK_BRONZE
SPC,LATEST,income_statement,order,16.0,ACTUAL,VNSTOCK_BRONZE
SPC,LATEST,income_statement,level,1.0,ACTUAL,VNSTOCK_BRONZE
SPC,LATEST,income_statement,value,0.0,ACTUAL,VNSTOCK_BRONZE
SPC,LATEST,income_statement,order,17.0,ACTUAL,VNSTOCK_BRONZE
SPC,LATEST,income_statement,level,1.0,ACTUAL,VNSTOCK_BRONZE
SPC,LATEST,income_statement,value,-4931569567.0,ACTUAL,VNSTOCK_BRONZE
SPC,LATEST,income_statement,order,18.0,ACTUAL,VNSTOCK_BRONZE
SPC,LATEST,income_statement,level,1.0,ACTUAL,VNSTOCK_BRONZE
SPC,LATEST,income_statement,value,-1117362451.0,ACTUAL,VNSTOCK_BRONZE
SPC,LATEST,income_statement,order,19.0,ACTUAL,VNSTOCK_BRONZE
SPC,LATEST,income_statement,level,2.0,ACTUAL,VNSTOCK_BRONZE
SPC,LATEST,income_statement,value,-702656117.0,ACTUAL,VNSTOCK_BRONZE
SPC,LATEST,income_statement,order,20.0,ACTUAL,VNSTOCK_BRONZE
SPC,LATEST,income_statement,level,2.0,ACTUAL,VNSTOCK_BRONZE
SPC,LATEST,income_statement,value,-414706334.0,ACTUAL,VNSTOCK_BRONZE
SPC,LATEST,income_statement,order,21.0,ACTUAL,VNSTOCK_BRONZE
SPC,LATEST,income_statement,level,1.0,ACTUAL,VNSTOCK_BRONZE
SPC,LATEST,income_statement,value,-6048932018.0,ACTUAL,VNSTOCK_BRONZE
SPC,LATEST,income_statement,order,22.0,ACTUAL,VNSTOCK_BRONZE
SPC,LATEST,income_statement,level,1.0,ACTUAL,VNSTOCK_BRONZE
SPC,LATEST,income_statement,value,143445879.0,ACTUAL,VNSTOCK_BRONZE
SPC,LATEST,income_statement,order,23.0,ACTUAL,VNSTOCK_BRONZE
SPC,LATEST,income_statement,level,1.0,ACTUAL,VNSTOCK_BRONZE
SPC,LATEST,income_statement,value,-6192377897.0,ACTUAL,VNSTOCK_BRONZE
SPC,LATEST,income_statement,order,24.0,ACTUAL,VNSTOCK_BRONZE
SPC,LATEST,income_statement,level,1.0,ACTUAL,VNSTOCK_BRONZE
SPC,LATEST,income_statement,value,-1810.0,ACTUAL,VNSTOCK_BRONZE
SPC,LATEST,income_statement,order,25.0,ACTUAL,VNSTOCK_BRONZE
SPC,LATEST,income_statement,level,1.0,ACTUAL,VNSTOCK_BRONZE
SPC,LATEST,income_statement,value,0.0,ACTUAL,VNSTOCK_BRONZE
SPC,LATEST,income_statement,order,1.0,ACTUAL,VNSTOCK_BRONZE
SPC,LATEST,income_statement,level,1.0,ACTUAL,VNSTOCK_BRONZE
SPC,LATEST,income_statement,value,202160466609.0,ACTUAL,VNSTOCK_BRONZE
SPC,LATEST,income_statement,order,2.0,ACTUAL,VNSTOCK_BRONZE
SPC,LATEST,income_statement,level,1.0,ACTUAL,VNSTOCK_BRONZE
SPC,LATEST,income_statement,value,-1659450627.0,ACTUAL,VNSTOCK_BRONZE
SPC,LATEST,income_statement,order,3.0,ACTUAL,VNSTOCK_BRONZE
SPC,LATEST,income_statement,level,1.0,ACTUAL,VNSTOCK_BRONZE
SPC,LATEST,income_statement,value,200501015982.0,ACTUAL,VNSTOCK_BRONZE
SPC,LATEST,income_statement,order,4.0,ACTUAL,VNSTOCK_BRONZE
SPC,LATEST,income_statement,level,1.0,ACTUAL,VNSTOCK_BRONZE
SPC,LATEST,income_statement,value,-171648310654.0,ACTUAL,VNSTOCK_BRONZE
SPC,LATEST,income_statement,order,5.0,ACTUAL,VNSTOCK_BRONZE
SPC,LATEST,income_statement,level,1.0,ACTUAL,VNSTOCK_BRONZE
SPC,LATEST,income_statement,value,28852705328.0,ACTUAL,VNSTOCK_BRONZE
SPC,LATEST,income_statement,order,6.0,ACTUAL,VNSTOCK_BRONZE
SPC,LATEST,income_statement,level,1.0,ACTUAL,VNSTOCK_BRONZE
SPC,LATEST,income_statement,value,1852268305.0,ACTUAL,VNSTOCK_BRONZE
SPC,LATEST,income_statement,order,7.0,ACTUAL,VNSTOCK_BRONZE
SPC,LATEST,income_statement,level,1.0,ACTUAL,VNSTOCK_BRONZE
SPC,LATEST,income_statement,value,-13172512668.0,ACTUAL,VNSTOCK_BRONZE
SPC,LATEST,income_statement,order,8.0,ACTUAL,VNSTOCK_BRONZE
SPC,LATEST,income_statement,level,2.0,ACTUAL,VNSTOCK_BRONZE
SPC,LATEST,income_statement,value,-2065960505.0,ACTUAL,VNSTOCK_BRONZE
SPC,LATEST,income_statement,order,9.0,ACTUAL,VNSTOCK_BRONZE
SPC,LATEST,income_statement,level,1.0,ACTUAL,VNSTOCK_BRONZE
SPC,LATEST,income_statement,value,0.0,ACTUAL,VNSTOCK_BRONZE
SPC,LATEST,income_statement,order,10.0,ACTUAL,VNSTOCK_BRONZE
SPC,LATEST,income_statement,level,1.0,ACTUAL,VNSTOCK_BRONZE
SPC,LATEST,income_statement,value,-22843758640.0,ACTUAL,VNSTOCK_BRONZE
SPC,LATEST,income_statement,order,11.0,ACTUAL,VNSTOCK_BRONZE
SPC,LATEST,income_statement,level,1.0,ACTUAL,VNSTOCK_BRONZE
SPC,LATEST,income_statement,value,-7203268066.0,ACTUAL,VNSTOCK_BRONZE
SPC,LATEST,income_statement,order,12.0,ACTUAL,VNSTOCK_BRONZE
SPC,LATEST,income_statement,level,1.0,ACTUAL,VNSTOCK_BRONZE
SPC,LATEST,income_statement,value,-12514565741.0,ACTUAL,VNSTOCK_BRONZE
SPC,LATEST,income_statement,order,13.0,ACTUAL,VNSTOCK_BRONZE
SPC,LATEST,income_statement,level,1.0,ACTUAL,VNSTOCK_BRONZE
SPC,LATEST,income_statement,value,763078218.0,ACTUAL,VNSTOCK_BRONZE
SPC,LATEST,income_statement,order,14.0,ACTUAL,VNSTOCK_BRONZE
SPC,LATEST,income_statement,level,2.0,ACTUAL,VNSTOCK_BRONZE
SPC,LATEST,income_statement,value,768825132.0,ACTUAL,VNSTOCK_BRONZE
SPC,LATEST,income_statement,order,15.0,ACTUAL,VNSTOCK_BRONZE
SPC,LATEST,income_statement,level,2.0,ACTUAL,VNSTOCK_BRONZE
SPC,LATEST,income_statement,value,-5746914.0,ACTUAL,VNSTOCK_BRONZE
SPC,LATEST,income_statement,order,16.0,ACTUAL,VNSTOCK_BRONZE
SPC,LATEST,income_statement,level,1.0,ACTUAL,VNSTOCK_BRONZE
SPC,LATEST,income_statement,value,0.0,ACTUAL,VNSTOCK_BRONZE
SPC,LATEST,income_statement,order,17.0,ACTUAL,VNSTOCK_BRONZE
SPC,LATEST,income_statement,level,1.0,ACTUAL,VNSTOCK_BRONZE
SPC,LATEST,income_statement,value,-11751487523.0,ACTUAL,VNSTOCK_BRONZE
SPC,LATEST,income_statement,order,18.0,ACTUAL,VNSTOCK_BRONZE
SPC,LATEST,income_statement,level,1.0,ACTUAL,VNSTOCK_BRONZE
SPC,LATEST,income_statement,value,-1116658676.0,ACTUAL,VNSTOCK_BRONZE
SPC,LATEST,income_statement,order,19.0,ACTUAL,VNSTOCK_BRONZE
SPC,LATEST,income_statement,level,2.0,ACTUAL,VNSTOCK_BRONZE
SPC,LATEST,income_statement,value,-1116658676.0,ACTUAL,VNSTOCK_BRONZE
SPC,LATEST,income_statement,order,20.0,ACTUAL,VNSTOCK_BRONZE
SPC,LATEST,income_statement,level,2.0,ACTUAL,VNSTOCK_BRONZE
SPC,LATEST,income_statement,value,0.0,ACTUAL,VNSTOCK_BRONZE
SPC,LATEST,income_statement,order,21.0,ACTUAL,VNSTOCK_BRONZE
SPC,LATEST,income_statement,level,1.0,ACTUAL,VNSTOCK_BRONZE
SPC,LATEST,income_statement,value,-12868146199.0,ACTUAL,VNSTOCK_BRONZE
SPC,LATEST,income_statement,order,22.0,ACTUAL,VNSTOCK_BRONZE
SPC,LATEST,income_statement,level,1.0,ACTUAL,VNSTOCK_BRONZE
SPC,LATEST,income_statement,value,0.0,ACTUAL,VNSTOCK_BRONZE
SPC,LATEST,income_statement,order,23.0,ACTUAL,VNSTOCK_BRONZE
SPC,LATEST,income_statement,level,1.0,ACTUAL,VNSTOCK_BRONZE
SPC,LATEST,income_statement,value,-12868146199.0,ACTUAL,VNSTOCK_BRONZE
SPC,LATEST,income_statement,order,24.0,ACTUAL,VNSTOCK_BRONZE
SPC,LATEST,income_statement,level,1.0,ACTUAL,VNSTOCK_BRONZE
SPC,LATEST,income_statement,value,0.0,ACTUAL,VNSTOCK_BRONZE
SPC,LATEST,income_statement,order,25.0,ACTUAL,VNSTOCK_BRONZE
SPC,LATEST,income_statement,level,1.0,ACTUAL,VNSTOCK_BRONZE
SPC,LATEST,income_statement,value,0.0,ACTUAL,VNSTOCK_BRONZE
SPC,LATEST,income_statement,order,1.0,ACTUAL,VNSTOCK_BRONZE
SPC,LATEST,income_statement,level,1.0,ACTUAL,VNSTOCK_BRONZE
SPC,LATEST,income_statement,value,336738831313.0,ACTUAL,VNSTOCK_BRONZE
SPC,LATEST,income_statement,order,2.0,ACTUAL,VNSTOCK_BRONZE
SPC,LATEST,income_statement,level,1.0,ACTUAL,VNSTOCK_BRONZE
SPC,LATEST,income_statement,value,-7755114974.0,ACTUAL,VNSTOCK_BRONZE
SPC,LATEST,income_statement,order,3.0,ACTUAL,VNSTOCK_BRONZE
SPC,LATEST,income_statement,level,1.0,ACTUAL,VNSTOCK_BRONZE
SPC,LATEST,income_statement,value,328983716339.0,ACTUAL,VNSTOCK_BRONZE
SPC,LATEST,income_statement,order,4.0,ACTUAL,VNSTOCK_BRONZE
SPC,LATEST,income_statement,level,1.0,ACTUAL,VNSTOCK_BRONZE
SPC,LATEST,income_statement,value,-254275103698.0,ACTUAL,VNSTOCK_BRONZE
SPC,LATEST,income_statement,order,5.0,ACTUAL,VNSTOCK_BRONZE
SPC,LATEST,income_statement,level,1.0,ACTUAL,VNSTOCK_BRONZE
SPC,LATEST,income_statement,value,74708612641.0,ACTUAL,VNSTOCK_BRONZE
SPC,LATEST,income_statement,order,6.0,ACTUAL,VNSTOCK_BRONZE
SPC,LATEST,income_statement,level,1.0,ACTUAL,VNSTOCK_BRONZE
SPC,LATEST,income_statement,value,2511429914.0,ACTUAL,VNSTOCK_BRONZE
SPC,LATEST,income_statement,order,7.0,ACTUAL,VNSTOCK_BRONZE
SPC,LATEST,income_statement,level,1.0,ACTUAL,VNSTOCK_BRONZE
SPC,LATEST,income_statement,value,-8651008012.0,ACTUAL,VNSTOCK_BRONZE
SPC,LATEST,income_statement,order,8.0,ACTUAL,VNSTOCK_BRONZE
SPC,LATEST,income_statement,level,2.0,ACTUAL,VNSTOCK_BRONZE
SPC,LATEST,income_statement,value,-2463605920.0,ACTUAL,VNSTOCK_BRONZE
SPC,LATEST,income_statement,order,9.0,ACTUAL,VNSTOCK_BRONZE
SPC,LATEST,income_statement,level,1.0,ACTUAL,VNSTOCK_BRONZE
SPC,LATEST,income_statement,value,0.0,ACTUAL,VNSTOCK_BRONZE
SPC,LATEST,income_statement,order,10.0,ACTUAL,VNSTOCK_BRONZE
SPC,LATEST,income_statement,level,1.0,ACTUAL,VNSTOCK_BRONZE
SPC,LATEST,income_statement,value,-44319969494.0,ACTUAL,VNSTOCK_BRONZE
SPC,LATEST,income_statement,order,11.0,ACTUAL,VNSTOCK_BRONZE
SPC,LATEST,income_statement,level,1.0,ACTUAL,VNSTOCK_BRONZE
SPC,LATEST,income_statement,value,-8951678259.0,ACTUAL,VNSTOCK_BRONZE
SPC,LATEST,income_statement,order,12.0,ACTUAL,VNSTOCK_BRONZE
SPC,LATEST,income_statement,level,1.0,ACTUAL,VNSTOCK_BRONZE
SPC,LATEST,income_statement,value,15297386790.0,ACTUAL,VNSTOCK_BRONZE
SPC,LATEST,income_statement,order,13.0,ACTUAL,VNSTOCK_BRONZE
SPC,LATEST,income_statement,level,1.0,ACTUAL,VNSTOCK_BRONZE
SPC,LATEST,income_statement,value,858594835.0,ACTUAL,VNSTOCK_BRONZE
SPC,LATEST,income_statement,order,14.0,ACTUAL,VNSTOCK_BRONZE
SPC,LATEST,income_statement,level,2.0,ACTUAL,VNSTOCK_BRONZE
SPC,LATEST,income_statement,value,967794019.0,ACTUAL,VNSTOCK_BRONZE
SPC,LATEST,income_statement,order,15.0,ACTUAL,VNSTOCK_BRONZE
SPC,LATEST,income_statement,level,2.0,ACTUAL,VNSTOCK_BRONZE
SPC,LATEST,income_statement,value,-109199184.0,ACTUAL,VNSTOCK_BRONZE
SPC,LATEST,income_statement,order,16.0,ACTUAL,VNSTOCK_BRONZE
SPC,LATEST,income_statement,level,1.0,ACTUAL,VNSTOCK_BRONZE
SPC,LATEST,income_statement,value,0.0,ACTUAL,VNSTOCK_BRONZE
SPC,LATEST,income_statement,order,17.0,ACTUAL,VNSTOCK_BRONZE
SPC,LATEST,income_statement,level,1.0,ACTUAL,VNSTOCK_BRONZE
SPC,LATEST,income_statement,value,16155981625.0,ACTUAL,VNSTOCK_BRONZE
SPC,LATEST,income_statement,order,18.0,ACTUAL,VNSTOCK_BRONZE
SPC,LATEST,income_statement,level,1.0,ACTUAL,VNSTOCK_BRONZE
SPC,LATEST,income_statement,value,-1648154929.0,ACTUAL,VNSTOCK_BRONZE
SPC,LATEST,income_statement,order,19.0,ACTUAL,VNSTOCK_BRONZE
SPC,LATEST,income_statement,level,2.0,ACTUAL,VNSTOCK_BRONZE
SPC,LATEST,income_statement,value,-1648154929.0,ACTUAL,VNSTOCK_BRONZE
SPC,LATEST,income_statement,order,20.0,ACTUAL,VNSTOCK_BRONZE
SPC,LATEST,income_statement,level,2.0,ACTUAL,VNSTOCK_BRONZE
SPC,LATEST,income_statement,value,0.0,ACTUAL,VNSTOCK_BRONZE
SPC,LATEST,income_statement,order,21.0,ACTUAL,VNSTOCK_BRONZE
SPC,LATEST,income_statement,level,1.0,ACTUAL,VNSTOCK_BRONZE
SPC,LATEST,income_statement,value,14507826696.0,ACTUAL,VNSTOCK_BRONZE
SPC,LATEST,income_statement,order,22.0,ACTUAL,VNSTOCK_BRONZE
SPC,LATEST,income_statement,level,1.0,ACTUAL,VNSTOCK_BRONZE
SPC,LATEST,income_statement,value,129929589.0,ACTUAL,VNSTOCK_BRONZE
SPC,LATEST,income_statement,order,23.0,ACTUAL,VNSTOCK_BRONZE
SPC,LATEST,income_statement,level,1.0,ACTUAL,VNSTOCK_BRONZE
SPC,LATEST,income_statement,value,14377897107.0,ACTUAL,VNSTOCK_BRONZE
SPC,LATEST,income_statement,order,24.0,ACTUAL,VNSTOCK_BRONZE
SPC,LATEST,income_statement,level,1.0,ACTUAL,VNSTOCK_BRONZE
SPC,LATEST,income_statement,value,1367.0,ACTUAL,VNSTOCK_BRONZE
SPC,LATEST,income_statement,order,25.0,ACTUAL,VNSTOCK_BRONZE
SPC,LATEST,income_statement,level,1.0,ACTUAL,VNSTOCK_BRONZE
SPC,LATEST,income_statement,value,0.0,ACTUAL,VNSTOCK_BRONZE
SPC,LATEST,income_statement,order,1.0,ACTUAL,VNSTOCK_BRONZE
SPC,LATEST,income_statement,level,1.0,ACTUAL,VNSTOCK_BRONZE
SPC,LATEST,income_statement,value,252054896163.0,ACTUAL,VNSTOCK_BRONZE
SPC,LATEST,income_statement,order,2.0,ACTUAL,VNSTOCK_BRONZE
SPC,LATEST,income_statement,level,1.0,ACTUAL,VNSTOCK_BRONZE
SPC,LATEST,income_statement,value,-2116963958.0,ACTUAL,VNSTOCK_BRONZE
SPC,LATEST,income_statement,order,3.0,ACTUAL,VNSTOCK_BRONZE
SPC,LATEST,income_statement,level,1.0,ACTUAL,VNSTOCK_BRONZE
SPC,LATEST,income_statement,value,249937932205.0,ACTUAL,VNSTOCK_BRONZE
SPC,LATEST,income_statement,order,4.0,ACTUAL,VNSTOCK_BRONZE
SPC,LATEST,income_statement,level,1.0,ACTUAL,VNSTOCK_BRONZE
SPC,LATEST,income_statement,value,-243108719664.0,ACTUAL,VNSTOCK_BRONZE
SPC,LATEST,income_statement,order,5.0,ACTUAL,VNSTOCK_BRONZE
SPC,LATEST,income_statement,level,1.0,ACTUAL,VNSTOCK_BRONZE
SPC,LATEST,income_statement,value,6829212541.0,ACTUAL,VNSTOCK_BRONZE
SPC,LATEST,income_statement,order,6.0,ACTUAL,VNSTOCK_BRONZE
SPC,LATEST,income_statement,level,1.0,ACTUAL,VNSTOCK_BRONZE
SPC,LATEST,income_statement,value,3972913617.0,ACTUAL,VNSTOCK_BRONZE
SPC,LATEST,income_statement,order,7.0,ACTUAL,VNSTOCK_BRONZE
SPC,LATEST,income_statement,level,1.0,ACTUAL,VNSTOCK_BRONZE
SPC,LATEST,income_statement,value,-13682331321.0,ACTUAL,VNSTOCK_BRONZE
SPC,LATEST,income_statement,order,8.0,ACTUAL,VNSTOCK_BRONZE
SPC,LATEST,income_statement,level,2.0,ACTUAL,VNSTOCK_BRONZE
SPC,LATEST,income_statement,value,-3056504927.0,ACTUAL,VNSTOCK_BRONZE
SPC,LATEST,income_statement,order,9.0,ACTUAL,VNSTOCK_BRONZE
SPC,LATEST,income_statement,level,1.0,ACTUAL,VNSTOCK_BRONZE
SPC,LATEST,income_statement,value,0.0,ACTUAL,VNSTOCK_BRONZE
SPC,LATEST,income_statement,order,10.0,ACTUAL,VNSTOCK_BRONZE
SPC,LATEST,income_statement,level,1.0,ACTUAL,VNSTOCK_BRONZE
SPC,LATEST,income_statement,value,-30158393576.0,ACTUAL,VNSTOCK_BRONZE
SPC,LATEST,income_statement,order,11.0,ACTUAL,VNSTOCK_BRONZE
SPC,LATEST,income_statement,level,1.0,ACTUAL,VNSTOCK_BRONZE
SPC,LATEST,income_statement,value,-5685771951.0,ACTUAL,VNSTOCK_BRONZE
SPC,LATEST,income_statement,order,12.0,ACTUAL,VNSTOCK_BRONZE
SPC,LATEST,income_statement,level,1.0,ACTUAL,VNSTOCK_BRONZE
SPC,LATEST,income_statement,value,-38724370690.0,ACTUAL,VNSTOCK_BRONZE
SPC,LATEST,income_statement,order,13.0,ACTUAL,VNSTOCK_BRONZE
SPC,LATEST,income_statement,level,1.0,ACTUAL,VNSTOCK_BRONZE
SPC,LATEST,income_statement,value,751804411.0,ACTUAL,VNSTOCK_BRONZE
SPC,LATEST,income_statement,order,14.0,ACTUAL,VNSTOCK_BRONZE
SPC,LATEST,income_statement,level,2.0,ACTUAL,VNSTOCK_BRONZE
SPC,LATEST,income_statement,value,1957637962.0,ACTUAL,VNSTOCK_BRONZE
SPC,LATEST,income_statement,order,15.0,ACTUAL,VNSTOCK_BRONZE
SPC,LATEST,income_statement,level,2.0,ACTUAL,VNSTOCK_BRONZE
SPC,LATEST,income_statement,value,-1205833551.0,ACTUAL,VNSTOCK_BRONZE
SPC,LATEST,income_statement,order,16.0,ACTUAL,VNSTOCK_BRONZE
SPC,LATEST,income_statement,level,1.0,ACTUAL,VNSTOCK_BRONZE
SPC,LATEST,income_statement,value,0.0,ACTUAL,VNSTOCK_BRONZE
SPC,LATEST,income_statement,order,17.0,ACTUAL,VNSTOCK_BRONZE
SPC,LATEST,income_statement,level,1.0,ACTUAL,VNSTOCK_BRONZE
SPC,LATEST,income_statement,value,-37972566279.0,ACTUAL,VNSTOCK_BRONZE
SPC,LATEST,income_statement,order,18.0,ACTUAL,VNSTOCK_BRONZE
SPC,LATEST,income_statement,level,1.0,ACTUAL,VNSTOCK_BRONZE
SPC,LATEST,income_statement,value,-1795465666.0,ACTUAL,VNSTOCK_BRONZE
SPC,LATEST,income_statement,order,19.0,ACTUAL,VNSTOCK_BRONZE
SPC,LATEST,income_statement,level,2.0,ACTUAL,VNSTOCK_BRONZE
SPC,LATEST,income_statement,value,-1795465666.0,ACTUAL,VNSTOCK_BRONZE
SPC,LATEST,income_statement,order,20.0,ACTUAL,VNSTOCK_BRONZE
SPC,LATEST,income_statement,level,2.0,ACTUAL,VNSTOCK_BRONZE
SPC,LATEST,income_statement,value,0.0,ACTUAL,VNSTOCK_BRONZE
SPC,LATEST,income_statement,order,21.0,ACTUAL,VNSTOCK_BRONZE
SPC,LATEST,income_statement,level,1.0,ACTUAL,VNSTOCK_BRONZE
SPC,LATEST,income_statement,value,-39768031945.0,ACTUAL,VNSTOCK_BRONZE
SPC,LATEST,income_statement,order,22.0,ACTUAL,VNSTOCK_BRONZE
SPC,LATEST,income_statement,level,1.0,ACTUAL,VNSTOCK_BRONZE
SPC,LATEST,income_statement,value,659780481.0,ACTUAL,VNSTOCK_BRONZE
SPC,LATEST,income_statement,order,23.0,ACTUAL,VNSTOCK_BRONZE
SPC,LATEST,income_statement,level,1.0,ACTUAL,VNSTOCK_BRONZE
SPC,LATEST,income_statement,value,-38256348315.0,ACTUAL,VNSTOCK_BRONZE
SPC,LATEST,income_statement,order,24.0,ACTUAL,VNSTOCK_BRONZE
SPC,LATEST,income_statement,level,1.0,ACTUAL,VNSTOCK_BRONZE
SPC,LATEST,income_statement,value,0.0,ACTUAL,VNSTOCK_BRONZE
SPC,LATEST,income_statement,order,25.0,ACTUAL,VNSTOCK_BRONZE
SPC,LATEST,income_statement,level,1.0,ACTUAL,VNSTOCK_BRONZE
SPC,LATEST,income_statement,value,0.0,ACTUAL,VNSTOCK_BRONZE
SPC,LATEST,income_statement,order,1.0,ACTUAL,VNSTOCK_BRONZE
SPC,LATEST,income_statement,level,1.0,ACTUAL,VNSTOCK_BRONZE
SPC,LATEST,income_statement,value,275366541005.0,ACTUAL,VNSTOCK_BRONZE
SPC,LATEST,income_statement,order,2.0,ACTUAL,VNSTOCK_BRONZE
SPC,LATEST,income_statement,level,1.0,ACTUAL,VNSTOCK_BRONZE
SPC,LATEST,income_statement,value,-8196700137.0,ACTUAL,VNSTOCK_BRONZE
SPC,LATEST,income_statement,order,3.0,ACTUAL,VNSTOCK_BRONZE
SPC,LATEST,income_statement,level,1.0,ACTUAL,VNSTOCK_BRONZE
SPC,LATEST,income_statement,value,267169840868.0,ACTUAL,VNSTOCK_BRONZE
SPC,LATEST,income_statement,order,4.0,ACTUAL,VNSTOCK_BRONZE
SPC,LATEST,income_statement,level,1.0,ACTUAL,VNSTOCK_BRONZE
SPC,LATEST,income_statement,value,-212132765469.0,ACTUAL,VNSTOCK_BRONZE
SPC,LATEST,income_statement,order,5.0,ACTUAL,VNSTOCK_BRONZE
SPC,LATEST,income_statement,level,1.0,ACTUAL,VNSTOCK_BRONZE
SPC,LATEST,income_statement,value,55037075399.0,ACTUAL,VNSTOCK_BRONZE
SPC,LATEST,income_statement,order,6.0,ACTUAL,VNSTOCK_BRONZE
SPC,LATEST,income_statement,level,1.0,ACTUAL,VNSTOCK_BRONZE
SPC,LATEST,income_statement,value,2051532190.0,ACTUAL,VNSTOCK_BRONZE
SPC,LATEST,income_statement,order,7.0,ACTUAL,VNSTOCK_BRONZE
SPC,LATEST,income_statement,level,1.0,ACTUAL,VNSTOCK_BRONZE
SPC,LATEST,income_statement,value,-17036434454.0,ACTUAL,VNSTOCK_BRONZE
SPC,LATEST,income_statement,order,8.0,ACTUAL,VNSTOCK_BRONZE
SPC,LATEST,income_statement,level,2.0,ACTUAL,VNSTOCK_BRONZE
SPC,LATEST,income_statement,value,-3505662676.0,ACTUAL,VNSTOCK_BRONZE
SPC,LATEST,income_statement,order,9.0,ACTUAL,VNSTOCK_BRONZE
SPC,LATEST,income_statement,level,1.0,ACTUAL,VNSTOCK_BRONZE
SPC,LATEST,income_statement,value,0.0,ACTUAL,VNSTOCK_BRONZE
SPC,LATEST,income_statement,order,10.0,ACTUAL,VNSTOCK_BRONZE
SPC,LATEST,income_statement,level,1.0,ACTUAL,VNSTOCK_BRONZE
SPC,LATEST,income_statement,value,-29463905546.0,ACTUAL,VNSTOCK_BRONZE
SPC,LATEST,income_statement,order,11.0,ACTUAL,VNSTOCK_BRONZE
SPC,LATEST,income_statement,level,1.0,ACTUAL,VNSTOCK_BRONZE
SPC,LATEST,income_statement,value,-8261964123.0,ACTUAL,VNSTOCK_BRONZE
SPC,LATEST,income_statement,order,12.0,ACTUAL,VNSTOCK_BRONZE
SPC,LATEST,income_statement,level,1.0,ACTUAL,VNSTOCK_BRONZE
SPC,LATEST,income_statement,value,2326303466.0,ACTUAL,VNSTOCK_BRONZE
SPC,LATEST,income_statement,order,13.0,ACTUAL,VNSTOCK_BRONZE
SPC,LATEST,income_statement,level,1.0,ACTUAL,VNSTOCK_BRONZE
SPC,LATEST,income_statement,value,801512465.0,ACTUAL,VNSTOCK_BRONZE
SPC,LATEST,income_statement,order,14.0,ACTUAL,VNSTOCK_BRONZE
SPC,LATEST,income_statement,level,2.0,ACTUAL,VNSTOCK_BRONZE
SPC,LATEST,income_statement,value,1019978173.0,ACTUAL,VNSTOCK_BRONZE
SPC,LATEST,income_statement,order,15.0,ACTUAL,VNSTOCK_BRONZE
SPC,LATEST,income_statement,level,2.0,ACTUAL,VNSTOCK_BRONZE
SPC,LATEST,income_statement,value,-218465708.0,ACTUAL,VNSTOCK_BRONZE
SPC,LATEST,income_statement,order,16.0,ACTUAL,VNSTOCK_BRONZE
SPC,LATEST,income_statement,level,1.0,ACTUAL,VNSTOCK_BRONZE
SPC,LATEST,income_statement,value,0.0,ACTUAL,VNSTOCK_BRONZE
SPC,LATEST,income_statement,order,17.0,ACTUAL,VNSTOCK_BRONZE
SPC,LATEST,income_statement,level,1.0,ACTUAL,VNSTOCK_BRONZE
SPC,LATEST,income_statement,value,3127815931.0,ACTUAL,VNSTOCK_BRONZE
SPC,LATEST,income_statement,order,18.0,ACTUAL,VNSTOCK_BRONZE
SPC,LATEST,income_statement,level,1.0,ACTUAL,VNSTOCK_BRONZE
SPC,LATEST,income_statement,value,-1058798669.0,ACTUAL,VNSTOCK_BRONZE
SPC,LATEST,income_statement,order,19.0,ACTUAL,VNSTOCK_BRONZE
SPC,LATEST,income_statement,level,2.0,ACTUAL,VNSTOCK_BRONZE
SPC,LATEST,income_statement,value,-206895520.0,ACTUAL,VNSTOCK_BRONZE
SPC,LATEST,income_statement,order,20.0,ACTUAL,VNSTOCK_BRONZE
SPC,LATEST,income_statement,level,2.0,ACTUAL,VNSTOCK_BRONZE
SPC,LATEST,income_statement,value,-851903149.0,ACTUAL,VNSTOCK_BRONZE
SPC,LATEST,income_statement,order,21.0,ACTUAL,VNSTOCK_BRONZE
SPC,LATEST,income_statement,level,1.0,ACTUAL,VNSTOCK_BRONZE
SPC,LATEST,income_statement,value,2069017262.0,ACTUAL,VNSTOCK_BRONZE
SPC,LATEST,income_statement,order,22.0,ACTUAL,VNSTOCK_BRONZE
SPC,LATEST,income_statement,level,1.0,ACTUAL,VNSTOCK_BRONZE
SPC,LATEST,income_statement,value,292507128.0,ACTUAL,VNSTOCK_BRONZE
SPC,LATEST,income_statement,order,23.0,ACTUAL,VNSTOCK_BRONZE
SPC,LATEST,income_statement,level,1.0,ACTUAL,VNSTOCK_BRONZE
SPC,LATEST,income_statement,value,2361524390.0,ACTUAL,VNSTOCK_BRONZE
SPC,LATEST,income_statement,order,24.0,ACTUAL,VNSTOCK_BRONZE
SPC,LATEST,income_statement,level,1.0,ACTUAL,VNSTOCK_BRONZE
SPC,LATEST,income_statement,value,-2048.0,ACTUAL,VNSTOCK_BRONZE
SPC,LATEST,income_statement,order,25.0,ACTUAL,VNSTOCK_BRONZE
SPC,LATEST,income_statement,level,1.0,ACTUAL,VNSTOCK_BRONZE
SPC,LATEST,income_statement,value,0.0,ACTUAL,VNSTOCK_BRONZE
SPC,LATEST,income_statement,order,1.0,ACTUAL,VNSTOCK_BRONZE
SPC,LATEST,income_statement,level,1.0,ACTUAL,VNSTOCK_BRONZE
SPC,LATEST,income_statement,value,197373603298.0,ACTUAL,VNSTOCK_BRONZE
SPC,LATEST,income_statement,order,2.0,ACTUAL,VNSTOCK_BRONZE
SPC,LATEST,income_statement,level,1.0,ACTUAL,VNSTOCK_BRONZE
SPC,LATEST,income_statement,value,-2175361138.0,ACTUAL,VNSTOCK_BRONZE
SPC,LATEST,income_statement,order,3.0,ACTUAL,VNSTOCK_BRONZE
SPC,LATEST,income_statement,level,1.0,ACTUAL,VNSTOCK_BRONZE
SPC,LATEST,income_statement,value,195198242160.0,ACTUAL,VNSTOCK_BRONZE
SPC,LATEST,income_statement,order,4.0,ACTUAL,VNSTOCK_BRONZE
SPC,LATEST,income_statement,level,1.0,ACTUAL,VNSTOCK_BRONZE
SPC,LATEST,income_statement,value,-176471427573.0,ACTUAL,VNSTOCK_BRONZE
SPC,LATEST,income_statement,order,5.0,ACTUAL,VNSTOCK_BRONZE
SPC,LATEST,income_statement,level,1.0,ACTUAL,VNSTOCK_BRONZE
SPC,LATEST,income_statement,value,18726814587.0,ACTUAL,VNSTOCK_BRONZE
SPC,LATEST,income_statement,order,6.0,ACTUAL,VNSTOCK_BRONZE
SPC,LATEST,income_statement,level,1.0,ACTUAL,VNSTOCK_BRONZE
SPC,LATEST,income_statement,value,2477953185.0,ACTUAL,VNSTOCK_BRONZE
SPC,LATEST,income_statement,order,7.0,ACTUAL,VNSTOCK_BRONZE
SPC,LATEST,income_statement,level,1.0,ACTUAL,VNSTOCK_BRONZE
SPC,LATEST,income_statement,value,-12711080196.0,ACTUAL,VNSTOCK_BRONZE
SPC,LATEST,income_statement,order,8.0,ACTUAL,VNSTOCK_BRONZE
SPC,LATEST,income_statement,level,2.0,ACTUAL,VNSTOCK_BRONZE
SPC,LATEST,income_statement,value,-3606051569.0,ACTUAL,VNSTOCK_BRONZE
SPC,LATEST,income_statement,order,9.0,ACTUAL,VNSTOCK_BRONZE
SPC,LATEST,income_statement,level,1.0,ACTUAL,VNSTOCK_BRONZE
SPC,LATEST,income_statement,value,0.0,ACTUAL,VNSTOCK_BRONZE
SPC,LATEST,income_statement,order,10.0,ACTUAL,VNSTOCK_BRONZE
SPC,LATEST,income_statement,level,1.0,ACTUAL,VNSTOCK_BRONZE
SPC,LATEST,income_statement,value,-25789855825.0,ACTUAL,VNSTOCK_BRONZE
SPC,LATEST,income_statement,order,11.0,ACTUAL,VNSTOCK_BRONZE
SPC,LATEST,income_statement,level,1.0,ACTUAL,VNSTOCK_BRONZE
SPC,LATEST,income_statement,value,-6864682884.0,ACTUAL,VNSTOCK_BRONZE
SPC,LATEST,income_statement,order,12.0,ACTUAL,VNSTOCK_BRONZE
SPC,LATEST,income_statement,level,1.0,ACTUAL,VNSTOCK_BRONZE
SPC,LATEST,income_statement,value,-24160851133.0,ACTUAL,VNSTOCK_BRONZE
SPC,LATEST,income_statement,order,13.0,ACTUAL,VNSTOCK_BRONZE
SPC,LATEST,income_statement,level,1.0,ACTUAL,VNSTOCK_BRONZE
SPC,LATEST,income_statement,value,904048990.0,ACTUAL,VNSTOCK_BRONZE
SPC,LATEST,income_statement,order,14.0,ACTUAL,VNSTOCK_BRONZE
SPC,LATEST,income_statement,level,2.0,ACTUAL,VNSTOCK_BRONZE
SPC,LATEST,income_statement,value,910173195.0,ACTUAL,VNSTOCK_BRONZE
SPC,LATEST,income_statement,order,15.0,ACTUAL,VNSTOCK_BRONZE
SPC,LATEST,income_statement,level,2.0,ACTUAL,VNSTOCK_BRONZE
SPC,LATEST,income_statement,value,-6124205.0,ACTUAL,VNSTOCK_BRONZE
SPC,LATEST,income_statement,order,16.0,ACTUAL,VNSTOCK_BRONZE
SPC,LATEST,income_statement,level,1.0,ACTUAL,VNSTOCK_BRONZE
SPC,LATEST,income_statement,value,0.0,ACTUAL,VNSTOCK_BRONZE
SPC,LATEST,income_statement,order,17.0,ACTUAL,VNSTOCK_BRONZE
SPC,LATEST,income_statement,level,1.0,ACTUAL,VNSTOCK_BRONZE
SPC,LATEST,income_statement,value,-23256802143.0,ACTUAL,VNSTOCK_BRONZE
SPC,LATEST,income_statement,order,18.0,ACTUAL,VNSTOCK_BRONZE
SPC,LATEST,income_statement,level,1.0,ACTUAL,VNSTOCK_BRONZE
SPC,LATEST,income_statement,value,-668113696.0,ACTUAL,VNSTOCK_BRONZE
SPC,LATEST,income_statement,order,19.0,ACTUAL,VNSTOCK_BRONZE
SPC,LATEST,income_statement,level,2.0,ACTUAL,VNSTOCK_BRONZE
SPC,LATEST,income_statement,value,-668113696.0,ACTUAL,VNSTOCK_BRONZE
SPC,LATEST,income_statement,order,20.0,ACTUAL,VNSTOCK_BRONZE
SPC,LATEST,income_statement,level,2.0,ACTUAL,VNSTOCK_BRONZE
SPC,LATEST,income_statement,value,0.0,ACTUAL,VNSTOCK_BRONZE
SPC,LATEST,income_statement,order,21.0,ACTUAL,VNSTOCK_BRONZE
SPC,LATEST,income_statement,level,1.0,ACTUAL,VNSTOCK_BRONZE
SPC,LATEST,income_statement,value,-23924915839.0,ACTUAL,VNSTOCK_BRONZE
SPC,LATEST,income_statement,order,22.0,ACTUAL,VNSTOCK_BRONZE
SPC,LATEST,income_statement,level,1.0,ACTUAL,VNSTOCK_BRONZE
SPC,LATEST,income_statement,value,0.0,ACTUAL,VNSTOCK_BRONZE
SPC,LATEST,income_statement,order,23.0,ACTUAL,VNSTOCK_BRONZE
SPC,LATEST,income_statement,level,1.0,ACTUAL,VNSTOCK_BRONZE
SPC,LATEST,income_statement,value,-23924915839.0,ACTUAL,VNSTOCK_BRONZE
SPC,LATEST,income_statement,order,24.0,ACTUAL,VNSTOCK_BRONZE
SPC,LATEST,income_statement,level,1.0,ACTUAL,VNSTOCK_BRONZE
SPC,LATEST,income_statement,value,0.0,ACTUAL,VNSTOCK_BRONZE
SPC,LATEST,income_statement,order,25.0,ACTUAL,VNSTOCK_BRONZE
SPC,LATEST,income_statement,level,1.0,ACTUAL,VNSTOCK_BRONZE
SPC,LATEST,income_statement,value,0.0,ACTUAL,VNSTOCK_BRONZE
SPC,LATEST,income_statement,order,1.0,ACTUAL,VNSTOCK_BRONZE
SPC,LATEST,income_statement,level,1.0,ACTUAL,VNSTOCK_BRONZE
SPC,LATEST,income_statement,value,297854703600.0,ACTUAL,VNSTOCK_BRONZE
SPC,LATEST,income_statement,order,2.0,ACTUAL,VNSTOCK_BRONZE
SPC,LATEST,income_statement,level,1.0,ACTUAL,VNSTOCK_BRONZE
SPC,LATEST,income_statement,value,-5350934760.0,ACTUAL,VNSTOCK_BRONZE
SPC,LATEST,income_statement,order,3.0,ACTUAL,VNSTOCK_BRONZE
SPC,LATEST,income_statement,level,1.0,ACTUAL,VNSTOCK_BRONZE
SPC,LATEST,income_statement,value,292503768840.0,ACTUAL,VNSTOCK_BRONZE
SPC,LATEST,income_statement,order,4.0,ACTUAL,VNSTOCK_BRONZE
SPC,LATEST,income_statement,level,1.0,ACTUAL,VNSTOCK_BRONZE
SPC,LATEST,income_statement,value,-221895603533.0,ACTUAL,VNSTOCK_BRONZE
SPC,LATEST,income_statement,order,5.0,ACTUAL,VNSTOCK_BRONZE
SPC,LATEST,income_statement,level,1.0,ACTUAL,VNSTOCK_BRONZE
SPC,LATEST,income_statement,value,70608165307.0,ACTUAL,VNSTOCK_BRONZE
SPC,LATEST,income_statement,order,6.0,ACTUAL,VNSTOCK_BRONZE
SPC,LATEST,income_statement,level,1.0,ACTUAL,VNSTOCK_BRONZE
SPC,LATEST,income_statement,value,7903245312.0,ACTUAL,VNSTOCK_BRONZE
SPC,LATEST,income_statement,order,7.0,ACTUAL,VNSTOCK_BRONZE
SPC,LATEST,income_statement,level,1.0,ACTUAL,VNSTOCK_BRONZE
SPC,LATEST,income_statement,value,-20196862063.0,ACTUAL,VNSTOCK_BRONZE
SPC,LATEST,income_statement,order,8.0,ACTUAL,VNSTOCK_BRONZE
SPC,LATEST,income_statement,level,2.0,ACTUAL,VNSTOCK_BRONZE
SPC,LATEST,income_statement,value,-3716008793.0,ACTUAL,VNSTOCK_BRONZE
SPC,LATEST,income_statement,order,9.0,ACTUAL,VNSTOCK_BRONZE
SPC,LATEST,income_statement,level,1.0,ACTUAL,VNSTOCK_BRONZE
SPC,LATEST,income_statement,value,0.0,ACTUAL,VNSTOCK_BRONZE
SPC,LATEST,income_statement,order,10.0,ACTUAL,VNSTOCK_BRONZE
SPC,LATEST,income_statement,level,1.0,ACTUAL,VNSTOCK_BRONZE
SPC,LATEST,income_statement,value,-48558123019.0,ACTUAL,VNSTOCK_BRONZE
SPC,LATEST,income_statement,order,11.0,ACTUAL,VNSTOCK_BRONZE
SPC,LATEST,income_statement,level,1.0,ACTUAL,VNSTOCK_BRONZE
SPC,LATEST,income_statement,value,-8339419356.0,ACTUAL,VNSTOCK_BRONZE
SPC,LATEST,income_statement,order,12.0,ACTUAL,VNSTOCK_BRONZE
SPC,LATEST,income_statement,level,1.0,ACTUAL,VNSTOCK_BRONZE
SPC,LATEST,income_statement,value,1417006181.0,ACTUAL,VNSTOCK_BRONZE
SPC,LATEST,income_statement,order,13.0,ACTUAL,VNSTOCK_BRONZE
SPC,LATEST,income_statement,level,1.0,ACTUAL,VNSTOCK_BRONZE
SPC,LATEST,income_statement,value,2017242928.0,ACTUAL,VNSTOCK_BRONZE
SPC,LATEST,income_statement,order,14.0,ACTUAL,VNSTOCK_BRONZE
SPC,LATEST,income_statement,level,2.0,ACTUAL,VNSTOCK_BRONZE
SPC,LATEST,income_statement,value,2091735360.0,ACTUAL,VNSTOCK_BRONZE
SPC,LATEST,income_statement,order,15.0,ACTUAL,VNSTOCK_BRONZE
SPC,LATEST,income_statement,level,2.0,ACTUAL,VNSTOCK_BRONZE
SPC,LATEST,income_statement,value,-74492432.0,ACTUAL,VNSTOCK_BRONZE
SPC,LATEST,income_statement,order,16.0,ACTUAL,VNSTOCK_BRONZE
SPC,LATEST,income_statement,level,1.0,ACTUAL,VNSTOCK_BRONZE
SPC,LATEST,income_statement,value,0.0,ACTUAL,VNSTOCK_BRONZE
SPC,LATEST,income_statement,order,17.0,ACTUAL,VNSTOCK_BRONZE
SPC,LATEST,income_statement,level,1.0,ACTUAL,VNSTOCK_BRONZE
SPC,LATEST,income_statement,value,3434249109.0,ACTUAL,VNSTOCK_BRONZE
SPC,LATEST,income_statement,order,18.0,ACTUAL,VNSTOCK_BRONZE
SPC,LATEST,income_statement,level,1.0,ACTUAL,VNSTOCK_BRONZE
SPC,LATEST,income_statement,value,-935974162.0,ACTUAL,VNSTOCK_BRONZE
SPC,LATEST,income_statement,order,19.0,ACTUAL,VNSTOCK_BRONZE
SPC,LATEST,income_statement,level,2.0,ACTUAL,VNSTOCK_BRONZE
SPC,LATEST,income_statement,value,-1080299072.0,ACTUAL,VNSTOCK_BRONZE
SPC,LATEST,income_statement,order,20.0,ACTUAL,VNSTOCK_BRONZE
SPC,LATEST,income_statement,level,2.0,ACTUAL,VNSTOCK_BRONZE
SPC,LATEST,income_statement,value,144324910.0,ACTUAL,VNSTOCK_BRONZE
SPC,LATEST,income_statement,order,21.0,ACTUAL,VNSTOCK_BRONZE
SPC,LATEST,income_statement,level,1.0,ACTUAL,VNSTOCK_BRONZE
SPC,LATEST,income_statement,value,2498274947.0,ACTUAL,VNSTOCK_BRONZE
SPC,LATEST,income_statement,order,22.0,ACTUAL,VNSTOCK_BRONZE
SPC,LATEST,income_statement,level,1.0,ACTUAL,VNSTOCK_BRONZE
SPC,LATEST,income_statement,value,276536079.0,ACTUAL,VNSTOCK_BRONZE
SPC,LATEST,income_statement,order,23.0,ACTUAL,VNSTOCK_BRONZE
SPC,LATEST,income_statement,level,1.0,ACTUAL,VNSTOCK_BRONZE
SPC,LATEST,income_statement,value,2221738868.0,ACTUAL,VNSTOCK_BRONZE
SPC,LATEST,income_statement,order,24.0,ACTUAL,VNSTOCK_BRONZE
SPC,LATEST,income_statement,level,1.0,ACTUAL,VNSTOCK_BRONZE
SPC,LATEST,income_statement,value,211.0,ACTUAL,VNSTOCK_BRONZE
SPC,LATEST,income_statement,order,25.0,ACTUAL,VNSTOCK_BRONZE
SPC,LATEST,income_statement,level,1.0,ACTUAL,VNSTOCK_BRONZE
SPC,LATEST,income_statement,value,0.0,ACTUAL,VNSTOCK_BRONZE
SPC,LATEST,income_statement,order,1.0,ACTUAL,VNSTOCK_BRONZE
SPC,LATEST,income_statement,level,1.0,ACTUAL,VNSTOCK_BRONZE
SPC,LATEST,income_statement,value,277150672053.0,ACTUAL,VNSTOCK_BRONZE
SPC,LATEST,income_statement,order,2.0,ACTUAL,VNSTOCK_BRONZE
SPC,LATEST,income_statement,level,1.0,ACTUAL,VNSTOCK_BRONZE
SPC,LATEST,income_statement,value,-6389534052.0,ACTUAL,VNSTOCK_BRONZE
SPC,LATEST,income_statement,order,3.0,ACTUAL,VNSTOCK_BRONZE
SPC,LATEST,income_statement,level,1.0,ACTUAL,VNSTOCK_BRONZE
SPC,LATEST,income_statement,value,270761138001.0,ACTUAL,VNSTOCK_BRONZE
SPC,LATEST,income_statement,order,4.0,ACTUAL,VNSTOCK_BRONZE
SPC,LATEST,income_statement,level,1.0,ACTUAL,VNSTOCK_BRONZE
SPC,LATEST,income_statement,value,-195606192221.0,ACTUAL,VNSTOCK_BRONZE
SPC,LATEST,income_statement,order,5.0,ACTUAL,VNSTOCK_BRONZE
SPC,LATEST,income_statement,level,1.0,ACTUAL,VNSTOCK_BRONZE
SPC,LATEST,income_statement,value,75154945780.0,ACTUAL,VNSTOCK_BRONZE
SPC,LATEST,income_statement,order,6.0,ACTUAL,VNSTOCK_BRONZE
SPC,LATEST,income_statement,level,1.0,ACTUAL,VNSTOCK_BRONZE
SPC,LATEST,income_statement,value,3863132922.0,ACTUAL,VNSTOCK_BRONZE
SPC,LATEST,income_statement,order,7.0,ACTUAL,VNSTOCK_BRONZE
SPC,LATEST,income_statement,level,1.0,ACTUAL,VNSTOCK_BRONZE
SPC,LATEST,income_statement,value,-21266066572.0,ACTUAL,VNSTOCK_BRONZE
SPC,LATEST,income_statement,order,8.0,ACTUAL,VNSTOCK_BRONZE
SPC,LATEST,income_statement,level,2.0,ACTUAL,VNSTOCK_BRONZE
SPC,LATEST,income_statement,value,-2933889954.0,ACTUAL,VNSTOCK_BRONZE
SPC,LATEST,income_statement,order,9.0,ACTUAL,VNSTOCK_BRONZE
SPC,LATEST,income_statement,level,1.0,ACTUAL,VNSTOCK_BRONZE
SPC,LATEST,income_statement,value,0.0,ACTUAL,VNSTOCK_BRONZE
SPC,LATEST,income_statement,order,10.0,ACTUAL,VNSTOCK_BRONZE
SPC,LATEST,income_statement,level,1.0,ACTUAL,VNSTOCK_BRONZE
SPC,LATEST,income_statement,value,-48069427699.0,ACTUAL,VNSTOCK_BRONZE
SPC,LATEST,income_statement,order,11.0,ACTUAL,VNSTOCK_BRONZE
SPC,LATEST,income_statement,level,1.0,ACTUAL,VNSTOCK_BRONZE
SPC,LATEST,income_statement,value,-9466592035.0,ACTUAL,VNSTOCK_BRONZE
SPC,LATEST,income_statement,order,12.0,ACTUAL,VNSTOCK_BRONZE
SPC,LATEST,income_statement,level,1.0,ACTUAL,VNSTOCK_BRONZE
SPC,LATEST,income_statement,value,215992396.0,ACTUAL,VNSTOCK_BRONZE
SPC,LATEST,income_statement,order,13.0,ACTUAL,VNSTOCK_BRONZE
SPC,LATEST,income_statement,level,1.0,ACTUAL,VNSTOCK_BRONZE
SPC,LATEST,income_statement,value,1321956483.0,ACTUAL,VNSTOCK_BRONZE
SPC,LATEST,income_statement,order,14.0,ACTUAL,VNSTOCK_BRONZE
SPC,LATEST,income_statement,level,2.0,ACTUAL,VNSTOCK_BRONZE
SPC,LATEST,income_statement,value,1458997827.0,ACTUAL,VNSTOCK_BRONZE
SPC,LATEST,income_statement,order,15.0,ACTUAL,VNSTOCK_BRONZE
SPC,LATEST,income_statement,level,2.0,ACTUAL,VNSTOCK_BRONZE
SPC,LATEST,income_statement,value,-137041344.0,ACTUAL,VNSTOCK_BRONZE
SPC,LATEST,income_statement,order,16.0,ACTUAL,VNSTOCK_BRONZE
SPC,LATEST,income_statement,level,1.0,ACTUAL,VNSTOCK_BRONZE
SPC,LATEST,income_statement,value,0.0,ACTUAL,VNSTOCK_BRONZE
SPC,LATEST,income_statement,order,17.0,ACTUAL,VNSTOCK_BRONZE
SPC,LATEST,income_statement,level,1.0,ACTUAL,VNSTOCK_BRONZE
SPC,LATEST,income_statement,value,1537948879.0,ACTUAL,VNSTOCK_BRONZE
SPC,LATEST,income_statement,order,18.0,ACTUAL,VNSTOCK_BRONZE
SPC,LATEST,income_statement,level,1.0,ACTUAL,VNSTOCK_BRONZE
SPC,LATEST,income_statement,value,-956331196.0,ACTUAL,VNSTOCK_BRONZE
SPC,LATEST,income_statement,order,19.0,ACTUAL,VNSTOCK_BRONZE
SPC,LATEST,income_statement,level,2.0,ACTUAL,VNSTOCK_BRONZE
SPC,LATEST,income_statement,value,-1088374114.0,ACTUAL,VNSTOCK_BRONZE
SPC,LATEST,income_statement,order,20.0,ACTUAL,VNSTOCK_BRONZE
SPC,LATEST,income_statement,level,2.0,ACTUAL,VNSTOCK_BRONZE
SPC,LATEST,income_statement,value,132042918.0,ACTUAL,VNSTOCK_BRONZE
SPC,LATEST,income_statement,order,21.0,ACTUAL,VNSTOCK_BRONZE
SPC,LATEST,income_statement,level,1.0,ACTUAL,VNSTOCK_BRONZE
SPC,LATEST,income_statement,value,581617683.0,ACTUAL,VNSTOCK_BRONZE
SPC,LATEST,income_statement,order,22.0,ACTUAL,VNSTOCK_BRONZE
SPC,LATEST,income_statement,level,1.0,ACTUAL,VNSTOCK_BRONZE
SPC,LATEST,income_statement,value,77199858.0,ACTUAL,VNSTOCK_BRONZE
SPC,LATEST,income_statement,order,23.0,ACTUAL,VNSTOCK_BRONZE
SPC,LATEST,income_statement,level,1.0,ACTUAL,VNSTOCK_BRONZE
SPC,LATEST,income_statement,value,658817541.0,ACTUAL,VNSTOCK_BRONZE
SPC,LATEST,income_statement,order,24.0,ACTUAL,VNSTOCK_BRONZE
SPC,LATEST,income_statement,level,1.0,ACTUAL,VNSTOCK_BRONZE
SPC,LATEST,income_statement,value,63.0,ACTUAL,VNSTOCK_BRONZE
SPC,LATEST,income_statement,order,25.0,ACTUAL,VNSTOCK_BRONZE
SPC,LATEST,income_statement,level,1.0,ACTUAL,VNSTOCK_BRONZE
SPC,LATEST,income_statement,value,0.0,ACTUAL,VNSTOCK_BRONZE
SPC,LATEST,income_statement,order,1.0,ACTUAL,VNSTOCK_BRONZE
SPC,LATEST,income_statement,level,1.0,ACTUAL,VNSTOCK_BRONZE
SPC,LATEST,income_statement,value,393186567053.0,ACTUAL,VNSTOCK_BRONZE
SPC,LATEST,income_statement,order,2.0,ACTUAL,VNSTOCK_BRONZE
SPC,LATEST,income_statement,level,1.0,ACTUAL,VNSTOCK_BRONZE
SPC,LATEST,income_statement,value,-8675051024.0,ACTUAL,VNSTOCK_BRONZE
SPC,LATEST,income_statement,order,3.0,ACTUAL,VNSTOCK_BRONZE
SPC,LATEST,income_statement,level,1.0,ACTUAL,VNSTOCK_BRONZE
SPC,LATEST,income_statement,value,384511516029.0,ACTUAL,VNSTOCK_BRONZE
SPC,LATEST,income_statement,order,4.0,ACTUAL,VNSTOCK_BRONZE
SPC,LATEST,income_statement,level,1.0,ACTUAL,VNSTOCK_BRONZE
SPC,LATEST,income_statement,value,-328136921277.0,ACTUAL,VNSTOCK_BRONZE
SPC,LATEST,income_statement,order,5.0,ACTUAL,VNSTOCK_BRONZE
SPC,LATEST,income_statement,level,1.0,ACTUAL,VNSTOCK_BRONZE
SPC,LATEST,income_statement,value,56374594752.0,ACTUAL,VNSTOCK_BRONZE
SPC,LATEST,income_statement,order,6.0,ACTUAL,VNSTOCK_BRONZE
SPC,LATEST,income_statement,level,1.0,ACTUAL,VNSTOCK_BRONZE
SPC,LATEST,income_statement,value,2595416953.0,ACTUAL,VNSTOCK_BRONZE
SPC,LATEST,income_statement,order,7.0,ACTUAL,VNSTOCK_BRONZE
SPC,LATEST,income_statement,level,1.0,ACTUAL,VNSTOCK_BRONZE
SPC,LATEST,income_statement,value,-27910832153.0,ACTUAL,VNSTOCK_BRONZE
SPC,LATEST,income_statement,order,8.0,ACTUAL,VNSTOCK_BRONZE
SPC,LATEST,income_statement,level,2.0,ACTUAL,VNSTOCK_BRONZE
SPC,LATEST,income_statement,value,-2865541272.0,ACTUAL,VNSTOCK_BRONZE
SPC,LATEST,income_statement,order,9.0,ACTUAL,VNSTOCK_BRONZE
SPC,LATEST,income_statement,level,1.0,ACTUAL,VNSTOCK_BRONZE
SPC,LATEST,income_statement,value,0.0,ACTUAL,VNSTOCK_BRONZE
SPC,LATEST,income_statement,order,10.0,ACTUAL,VNSTOCK_BRONZE
SPC,LATEST,income_statement,level,1.0,ACTUAL,VNSTOCK_BRONZE
SPC,LATEST,income_statement,value,-20150694664.0,ACTUAL,VNSTOCK_BRONZE
SPC,LATEST,income_statement,order,11.0,ACTUAL,VNSTOCK_BRONZE
SPC,LATEST,income_statement,level,1.0,ACTUAL,VNSTOCK_BRONZE
SPC,LATEST,income_statement,value,-7897423411.0,ACTUAL,VNSTOCK_BRONZE
SPC,LATEST,income_statement,order,12.0,ACTUAL,VNSTOCK_BRONZE
SPC,LATEST,income_statement,level,1.0,ACTUAL,VNSTOCK_BRONZE
SPC,LATEST,income_statement,value,3011061477.0,ACTUAL,VNSTOCK_BRONZE
SPC,LATEST,income_statement,order,13.0,ACTUAL,VNSTOCK_BRONZE
SPC,LATEST,income_statement,level,1.0,ACTUAL,VNSTOCK_BRONZE
SPC,LATEST,income_statement,value,-316603744.0,ACTUAL,VNSTOCK_BRONZE
SPC,LATEST,income_statement,order,14.0,ACTUAL,VNSTOCK_BRONZE
SPC,LATEST,income_statement,level,2.0,ACTUAL,VNSTOCK_BRONZE
SPC,LATEST,income_statement,value,1147549564.0,ACTUAL,VNSTOCK_BRONZE
SPC,LATEST,income_statement,order,15.0,ACTUAL,VNSTOCK_BRONZE
SPC,LATEST,income_statement,level,2.0,ACTUAL,VNSTOCK_BRONZE
SPC,LATEST,income_statement,value,-1464153308.0,ACTUAL,VNSTOCK_BRONZE
SPC,LATEST,income_statement,order,16.0,ACTUAL,VNSTOCK_BRONZE
SPC,LATEST,income_statement,level,1.0,ACTUAL,VNSTOCK_BRONZE
SPC,LATEST,income_statement,value,0.0,ACTUAL,VNSTOCK_BRONZE
SPC,LATEST,income_statement,order,17.0,ACTUAL,VNSTOCK_BRONZE
SPC,LATEST,income_statement,level,1.0,ACTUAL,VNSTOCK_BRONZE
SPC,LATEST,income_statement,value,2694457733.0,ACTUAL,VNSTOCK_BRONZE
SPC,LATEST,income_statement,order,18.0,ACTUAL,VNSTOCK_BRONZE
SPC,LATEST,income_statement,level,1.0,ACTUAL,VNSTOCK_BRONZE
SPC,LATEST,income_statement,value,-1038466236.0,ACTUAL,VNSTOCK_BRONZE
SPC,LATEST,income_statement,order,19.0,ACTUAL,VNSTOCK_BRONZE
SPC,LATEST,income_statement,level,2.0,ACTUAL,VNSTOCK_BRONZE
SPC,LATEST,income_statement,value,-906423318.0,ACTUAL,VNSTOCK_BRONZE
SPC,LATEST,income_statement,order,20.0,ACTUAL,VNSTOCK_BRONZE
SPC,LATEST,income_statement,level,2.0,ACTUAL,VNSTOCK_BRONZE
SPC,LATEST,income_statement,value,-132042918.0,ACTUAL,VNSTOCK_BRONZE
SPC,LATEST,income_statement,order,21.0,ACTUAL,VNSTOCK_BRONZE
SPC,LATEST,income_statement,level,1.0,ACTUAL,VNSTOCK_BRONZE
SPC,LATEST,income_statement,value,1655991497.0,ACTUAL,VNSTOCK_BRONZE
SPC,LATEST,income_statement,order,22.0,ACTUAL,VNSTOCK_BRONZE
SPC,LATEST,income_statement,level,1.0,ACTUAL,VNSTOCK_BRONZE
SPC,LATEST,income_statement,value,91327996.0,ACTUAL,VNSTOCK_BRONZE
SPC,LATEST,income_statement,order,23.0,ACTUAL,VNSTOCK_BRONZE
SPC,LATEST,income_statement,level,1.0,ACTUAL,VNSTOCK_BRONZE
SPC,LATEST,income_statement,value,1564663501.0,ACTUAL,VNSTOCK_BRONZE
SPC,LATEST,income_statement,order,24.0,ACTUAL,VNSTOCK_BRONZE
SPC,LATEST,income_statement,level,1.0,ACTUAL,VNSTOCK_BRONZE
SPC,LATEST,income_statement,value,148.0,ACTUAL,VNSTOCK_BRONZE
SPC,LATEST,income_statement,order,25.0,ACTUAL,VNSTOCK_BRONZE
SPC,LATEST,income_statement,level,1.0,ACTUAL,VNSTOCK_BRONZE
SPC,LATEST,income_statement,value,750.0,ACTUAL,VNSTOCK_BRONZE
SPC,LATEST,income_statement,order,1.0,ACTUAL,VNSTOCK_BRONZE
SPC,LATEST,income_statement,level,1.0,ACTUAL,VNSTOCK_BRONZE
SPC,LATEST,income_statement,value,256898219796.0,ACTUAL,VNSTOCK_BRONZE
SPC,LATEST,income_statement,order,2.0,ACTUAL,VNSTOCK_BRONZE
SPC,LATEST,income_statement,level,1.0,ACTUAL,VNSTOCK_BRONZE
SPC,LATEST,income_statement,value,-3225942734.0,ACTUAL,VNSTOCK_BRONZE
SPC,LATEST,income_statement,order,3.0,ACTUAL,VNSTOCK_BRONZE
SPC,LATEST,income_statement,level,1.0,ACTUAL,VNSTOCK_BRONZE
SPC,LATEST,income_statement,value,253672277062.0,ACTUAL,VNSTOCK_BRONZE
SPC,LATEST,income_statement,order,4.0,ACTUAL,VNSTOCK_BRONZE
SPC,LATEST,income_statement,level,1.0,ACTUAL,VNSTOCK_BRONZE
SPC,LATEST,income_statement,value,-196864704820.0,ACTUAL,VNSTOCK_BRONZE
SPC,LATEST,income_statement,order,5.0,ACTUAL,VNSTOCK_BRONZE
SPC,LATEST,income_statement,level,1.0,ACTUAL,VNSTOCK_BRONZE
SPC,LATEST,income_statement,value,56807572242.0,ACTUAL,VNSTOCK_BRONZE
SPC,LATEST,income_statement,order,6.0,ACTUAL,VNSTOCK_BRONZE
SPC,LATEST,income_statement,level,1.0,ACTUAL,VNSTOCK_BRONZE
SPC,LATEST,income_statement,value,441697280.0,ACTUAL,VNSTOCK_BRONZE
SPC,LATEST,income_statement,order,7.0,ACTUAL,VNSTOCK_BRONZE
SPC,LATEST,income_statement,level,1.0,ACTUAL,VNSTOCK_BRONZE
SPC,LATEST,income_statement,value,-10285022250.0,ACTUAL,VNSTOCK_BRONZE
SPC,LATEST,income_statement,order,8.0,ACTUAL,VNSTOCK_BRONZE
SPC,LATEST,income_statement,level,2.0,ACTUAL,VNSTOCK_BRONZE
SPC,LATEST,income_statement,value,-2453357547.0,ACTUAL,VNSTOCK_BRONZE
SPC,LATEST,income_statement,order,9.0,ACTUAL,VNSTOCK_BRONZE
SPC,LATEST,income_statement,level,1.0,ACTUAL,VNSTOCK_BRONZE
SPC,LATEST,income_statement,value,0.0,ACTUAL,VNSTOCK_BRONZE
SPC,LATEST,income_statement,order,10.0,ACTUAL,VNSTOCK_BRONZE
SPC,LATEST,income_statement,level,1.0,ACTUAL,VNSTOCK_BRONZE
SPC,LATEST,income_statement,value,-34892669130.0,ACTUAL,VNSTOCK_BRONZE
SPC,LATEST,income_statement,order,11.0,ACTUAL,VNSTOCK_BRONZE
SPC,LATEST,income_statement,level,1.0,ACTUAL,VNSTOCK_BRONZE
SPC,LATEST,income_statement,value,-5105083285.0,ACTUAL,VNSTOCK_BRONZE
SPC,LATEST,income_statement,order,12.0,ACTUAL,VNSTOCK_BRONZE
SPC,LATEST,income_statement,level,1.0,ACTUAL,VNSTOCK_BRONZE
SPC,LATEST,income_statement,value,6966494857.0,ACTUAL,VNSTOCK_BRONZE
SPC,LATEST,income_statement,order,13.0,ACTUAL,VNSTOCK_BRONZE
SPC,LATEST,income_statement,level,1.0,ACTUAL,VNSTOCK_BRONZE
SPC,LATEST,income_statement,value,1287081348.0,ACTUAL,VNSTOCK_BRONZE
SPC,LATEST,income_statement,order,14.0,ACTUAL,VNSTOCK_BRONZE
SPC,LATEST,income_statement,level,2.0,ACTUAL,VNSTOCK_BRONZE
SPC,LATEST,income_statement,value,1292178381.0,ACTUAL,VNSTOCK_BRONZE
SPC,LATEST,income_statement,order,15.0,ACTUAL,VNSTOCK_BRONZE
SPC,LATEST,income_statement,level,2.0,ACTUAL,VNSTOCK_BRONZE
SPC,LATEST,income_statement,value,-5097033.0,ACTUAL,VNSTOCK_BRONZE
SPC,LATEST,income_statement,order,16.0,ACTUAL,VNSTOCK_BRONZE
SPC,LATEST,income_statement,level,1.0,ACTUAL,VNSTOCK_BRONZE
SPC,LATEST,income_statement,value,0.0,ACTUAL,VNSTOCK_BRONZE
SPC,LATEST,income_statement,order,17.0,ACTUAL,VNSTOCK_BRONZE
SPC,LATEST,income_statement,level,1.0,ACTUAL,VNSTOCK_BRONZE
SPC,LATEST,income_statement,value,8253576205.0,ACTUAL,VNSTOCK_BRONZE
SPC,LATEST,income_statement,order,18.0,ACTUAL,VNSTOCK_BRONZE
SPC,LATEST,income_statement,level,1.0,ACTUAL,VNSTOCK_BRONZE
SPC,LATEST,income_statement,value,-1774415025.0,ACTUAL,VNSTOCK_BRONZE
SPC,LATEST,income_statement,order,19.0,ACTUAL,VNSTOCK_BRONZE
SPC,LATEST,income_statement,level,2.0,ACTUAL,VNSTOCK_BRONZE
SPC,LATEST,income_statement,value,-1774415025.0,ACTUAL,VNSTOCK_BRONZE
SPC,LATEST,income_statement,order,20.0,ACTUAL,VNSTOCK_BRONZE
SPC,LATEST,income_statement,level,2.0,ACTUAL,VNSTOCK_BRONZE
SPC,LATEST,income_statement,value,0.0,ACTUAL,VNSTOCK_BRONZE
SPC,LATEST,income_statement,order,21.0,ACTUAL,VNSTOCK_BRONZE
SPC,LATEST,income_statement,level,1.0,ACTUAL,VNSTOCK_BRONZE
SPC,LATEST,income_statement,value,6479161180.0,ACTUAL,VNSTOCK_BRONZE
SPC,LATEST,income_statement,order,22.0,ACTUAL,VNSTOCK_BRONZE
SPC,LATEST,income_statement,level,1.0,ACTUAL,VNSTOCK_BRONZE
SPC,LATEST,income_statement,value,138792351.0,ACTUAL,VNSTOCK_BRONZE
SPC,LATEST,income_statement,order,23.0,ACTUAL,VNSTOCK_BRONZE
SPC,LATEST,income_statement,level,1.0,ACTUAL,VNSTOCK_BRONZE
SPC,LATEST,income_statement,value,6340368829.0,ACTUAL,VNSTOCK_BRONZE
SPC,LATEST,income_statement,order,24.0,ACTUAL,VNSTOCK_BRONZE
SPC,LATEST,income_statement,level,1.0,ACTUAL,VNSTOCK_BRONZE
SPC,LATEST,income_statement,value,602.0,ACTUAL,VNSTOCK_BRONZE
SPC,LATEST,income_statement,order,25.0,ACTUAL,VNSTOCK_BRONZE
SPC,LATEST,income_statement,level,1.0,ACTUAL,VNSTOCK_BRONZE
SPC,LATEST,income_statement,value,0.0,ACTUAL,VNSTOCK_BRONZE
SPC,LATEST,income_statement,order,1.0,ACTUAL,VNSTOCK_BRONZE
SPC,LATEST,income_statement,level,1.0,ACTUAL,VNSTOCK_BRONZE
SPC,LATEST,income_statement,value,279659078381.0,ACTUAL,VNSTOCK_BRONZE
SPC,LATEST,income_statement,order,2.0,ACTUAL,VNSTOCK_BRONZE
SPC,LATEST,income_statement,level,1.0,ACTUAL,VNSTOCK_BRONZE
SPC,LATEST,income_statement,value,-4887832473.0,ACTUAL,VNSTOCK_BRONZE
SPC,LATEST,income_statement,order,3.0,ACTUAL,VNSTOCK_BRONZE
SPC,LATEST,income_statement,level,1.0,ACTUAL,VNSTOCK_BRONZE
SPC,LATEST,income_statement,value,274771245908.0,ACTUAL,VNSTOCK_BRONZE
SPC,LATEST,income_statement,order,4.0,ACTUAL,VNSTOCK_BRONZE
SPC,LATEST,income_statement,level,1.0,ACTUAL,VNSTOCK_BRONZE
SPC,LATEST,income_statement,value,-193869674437.0,ACTUAL,VNSTOCK_BRONZE
SPC,LATEST,income_statement,order,5.0,ACTUAL,VNSTOCK_BRONZE
SPC,LATEST,income_statement,level,1.0,ACTUAL,VNSTOCK_BRONZE
SPC,LATEST,income_statement,value,80901571471.0,ACTUAL,VNSTOCK_BRONZE
SPC,LATEST,income_statement,order,6.0,ACTUAL,VNSTOCK_BRONZE
SPC,LATEST,income_statement,level,1.0,ACTUAL,VNSTOCK_BRONZE
SPC,LATEST,income_statement,value,2252458887.0,ACTUAL,VNSTOCK_BRONZE
SPC,LATEST,income_statement,order,7.0,ACTUAL,VNSTOCK_BRONZE
SPC,LATEST,income_statement,level,1.0,ACTUAL,VNSTOCK_BRONZE
SPC,LATEST,income_statement,value,-17310600868.0,ACTUAL,VNSTOCK_BRONZE
SPC,LATEST,income_statement,order,8.0,ACTUAL,VNSTOCK_BRONZE
SPC,LATEST,income_statement,level,2.0,ACTUAL,VNSTOCK_BRONZE
SPC,LATEST,income_statement,value,-1924590935.0,ACTUAL,VNSTOCK_BRONZE
SPC,LATEST,income_statement,order,9.0,ACTUAL,VNSTOCK_BRONZE
SPC,LATEST,income_statement,level,1.0,ACTUAL,VNSTOCK_BRONZE
SPC,LATEST,income_statement,value,0.0,ACTUAL,VNSTOCK_BRONZE
SPC,LATEST,income_statement,order,10.0,ACTUAL,VNSTOCK_BRONZE
SPC,LATEST,income_statement,level,1.0,ACTUAL,VNSTOCK_BRONZE
SPC,LATEST,income_statement,value,-44142810298.0,ACTUAL,VNSTOCK_BRONZE
SPC,LATEST,income_statement,order,11.0,ACTUAL,VNSTOCK_BRONZE
SPC,LATEST,income_statement,level,1.0,ACTUAL,VNSTOCK_BRONZE
SPC,LATEST,income_statement,value,-5485682399.0,ACTUAL,VNSTOCK_BRONZE
SPC,LATEST,income_statement,order,12.0,ACTUAL,VNSTOCK_BRONZE
SPC,LATEST,income_statement,level,1.0,ACTUAL,VNSTOCK_BRONZE
SPC,LATEST,income_statement,value,16214936793.0,ACTUAL,VNSTOCK_BRONZE
SPC,LATEST,income_statement,order,13.0,ACTUAL,VNSTOCK_BRONZE
SPC,LATEST,income_statement,level,1.0,ACTUAL,VNSTOCK_BRONZE
SPC,LATEST,income_statement,value,852468093.0,ACTUAL,VNSTOCK_BRONZE
SPC,LATEST,income_statement,order,14.0,ACTUAL,VNSTOCK_BRONZE
SPC,LATEST,income_statement,level,2.0,ACTUAL,VNSTOCK_BRONZE
SPC,LATEST,income_statement,value,1435319760.0,ACTUAL,VNSTOCK_BRONZE
SPC,LATEST,income_statement,order,15.0,ACTUAL,VNSTOCK_BRONZE
SPC,LATEST,income_statement,level,2.0,ACTUAL,VNSTOCK_BRONZE
SPC,LATEST,income_statement,value,-582851667.0,ACTUAL,VNSTOCK_BRONZE
SPC,LATEST,income_statement,order,16.0,ACTUAL,VNSTOCK_BRONZE
SPC,LATEST,income_statement,level,1.0,ACTUAL,VNSTOCK_BRONZE
SPC,LATEST,income_statement,value,0.0,ACTUAL,VNSTOCK_BRONZE
SPC,LATEST,income_statement,order,17.0,ACTUAL,VNSTOCK_BRONZE
SPC,LATEST,income_statement,level,1.0,ACTUAL,VNSTOCK_BRONZE
SPC,LATEST,income_statement,value,17067404886.0,ACTUAL,VNSTOCK_BRONZE
SPC,LATEST,income_statement,order,18.0,ACTUAL,VNSTOCK_BRONZE
SPC,LATEST,income_statement,level,1.0,ACTUAL,VNSTOCK_BRONZE
SPC,LATEST,income_statement,value,-6228718376.0,ACTUAL,VNSTOCK_BRONZE
SPC,LATEST,income_statement,order,19.0,ACTUAL,VNSTOCK_BRONZE
SPC,LATEST,income_statement,level,2.0,ACTUAL,VNSTOCK_BRONZE
SPC,LATEST,income_statement,value,-6228718376.0,ACTUAL,VNSTOCK_BRONZE
SPC,LATEST,income_statement,order,20.0,ACTUAL,VNSTOCK_BRONZE
SPC,LATEST,income_statement,level,2.0,ACTUAL,VNSTOCK_BRONZE
SPC,LATEST,income_statement,value,0.0,ACTUAL,VNSTOCK_BRONZE
SPC,LATEST,income_statement,order,21.0,ACTUAL,VNSTOCK_BRONZE
SPC,LATEST,income_statement,level,1.0,ACTUAL,VNSTOCK_BRONZE
SPC,LATEST,income_statement,value,10838686510.0,ACTUAL,VNSTOCK_BRONZE
SPC,LATEST,income_statement,order,22.0,ACTUAL,VNSTOCK_BRONZE
SPC,LATEST,income_statement,level,1.0,ACTUAL,VNSTOCK_BRONZE
SPC,LATEST,income_statement,value,204698107.0,ACTUAL,VNSTOCK_BRONZE
SPC,LATEST,income_statement,order,23.0,ACTUAL,VNSTOCK_BRONZE
SPC,LATEST,income_statement,level,1.0,ACTUAL,VNSTOCK_BRONZE
SPC,LATEST,income_statement,value,10633988403.0,ACTUAL,VNSTOCK_BRONZE
SPC,LATEST,income_statement,order,24.0,ACTUAL,VNSTOCK_BRONZE
SPC,LATEST,income_statement,level,1.0,ACTUAL,VNSTOCK_BRONZE
SPC,LATEST,income_statement,value,1010.0,ACTUAL,VNSTOCK_BRONZE
SPC,LATEST,income_statement,order,25.0,ACTUAL,VNSTOCK_BRONZE
SPC,LATEST,income_statement,level,1.0,ACTUAL,VNSTOCK_BRONZE
SPC,LATEST,income_statement,value,0.0,ACTUAL,VNSTOCK_BRONZE
SPC,LATEST,income_statement,order,1.0,ACTUAL,VNSTOCK_BRONZE
SPC,LATEST,income_statement,level,1.0,ACTUAL,VNSTOCK_BRONZE
SPC,LATEST,income_statement,value,251659519973.0,ACTUAL,VNSTOCK_BRONZE
SPC,LATEST,income_statement,order,2.0,ACTUAL,VNSTOCK_BRONZE
SPC,LATEST,income_statement,level,1.0,ACTUAL,VNSTOCK_BRONZE
SPC,LATEST,income_statement,value,-391468561.0,ACTUAL,VNSTOCK_BRONZE
SPC,LATEST,income_statement,order,3.0,ACTUAL,VNSTOCK_BRONZE
SPC,LATEST,income_statement,level,1.0,ACTUAL,VNSTOCK_BRONZE
SPC,LATEST,income_statement,value,251268051412.0,ACTUAL,VNSTOCK_BRONZE
SPC,LATEST,income_statement,order,4.0,ACTUAL,VNSTOCK_BRONZE
SPC,LATEST,income_statement,level,1.0,ACTUAL,VNSTOCK_BRONZE
SPC,LATEST,income_statement,value,-209844932446.0,ACTUAL,VNSTOCK_BRONZE
SPC,LATEST,income_statement,order,5.0,ACTUAL,VNSTOCK_BRONZE
SPC,LATEST,income_statement,level,1.0,ACTUAL,VNSTOCK_BRONZE
SPC,LATEST,income_statement,value,41423118966.0,ACTUAL,VNSTOCK_BRONZE
SPC,LATEST,income_statement,order,6.0,ACTUAL,VNSTOCK_BRONZE
SPC,LATEST,income_statement,level,1.0,ACTUAL,VNSTOCK_BRONZE
SPC,LATEST,income_statement,value,2015447364.0,ACTUAL,VNSTOCK_BRONZE
SPC,LATEST,income_statement,order,7.0,ACTUAL,VNSTOCK_BRONZE
SPC,LATEST,income_statement,level,1.0,ACTUAL,VNSTOCK_BRONZE
SPC,LATEST,income_statement,value,-10706637186.0,ACTUAL,VNSTOCK_BRONZE
SPC,LATEST,income_statement,order,8.0,ACTUAL,VNSTOCK_BRONZE
SPC,LATEST,income_statement,level,2.0,ACTUAL,VNSTOCK_BRONZE
SPC,LATEST,income_statement,value,-1522964226.0,ACTUAL,VNSTOCK_BRONZE
SPC,LATEST,income_statement,order,9.0,ACTUAL,VNSTOCK_BRONZE
SPC,LATEST,income_statement,level,1.0,ACTUAL,VNSTOCK_BRONZE
SPC,LATEST,income_statement,value,0.0,ACTUAL,VNSTOCK_BRONZE
SPC,LATEST,income_statement,order,10.0,ACTUAL,VNSTOCK_BRONZE
SPC,LATEST,income_statement,level,1.0,ACTUAL,VNSTOCK_BRONZE
SPC,LATEST,income_statement,value,-31078044817.0,ACTUAL,VNSTOCK_BRONZE
SPC,LATEST,income_statement,order,11.0,ACTUAL,VNSTOCK_BRONZE
SPC,LATEST,income_statement,level,1.0,ACTUAL,VNSTOCK_BRONZE
SPC,LATEST,income_statement,value,-3571075588.0,ACTUAL,VNSTOCK_BRONZE
SPC,LATEST,income_statement,order,12.0,ACTUAL,VNSTOCK_BRONZE
SPC,LATEST,income_statement,level,1.0,ACTUAL,VNSTOCK_BRONZE
SPC,LATEST,income_statement,value,-1917191261.0,ACTUAL,VNSTOCK_BRONZE
SPC,LATEST,income_statement,order,13.0,ACTUAL,VNSTOCK_BRONZE
SPC,LATEST,income_statement,level,1.0,ACTUAL,VNSTOCK_BRONZE
SPC,LATEST,income_statement,value,-11529966.0,ACTUAL,VNSTOCK_BRONZE
SPC,LATEST,income_statement,order,14.0,ACTUAL,VNSTOCK_BRONZE
SPC,LATEST,income_statement,level,2.0,ACTUAL,VNSTOCK_BRONZE
SPC,LATEST,income_statement,value,727593630.0,ACTUAL,VNSTOCK_BRONZE
SPC,LATEST,income_statement,order,15.0,ACTUAL,VNSTOCK_BRONZE
SPC,LATEST,income_statement,level,2.0,ACTUAL,VNSTOCK_BRONZE
SPC,LATEST,income_statement,value,-739123596.0,ACTUAL,VNSTOCK_BRONZE
SPC,LATEST,income_statement,order,16.0,ACTUAL,VNSTOCK_BRONZE
SPC,LATEST,income_statement,level,1.0,ACTUAL,VNSTOCK_BRONZE
SPC,LATEST,income_statement,value,0.0,ACTUAL,VNSTOCK_BRONZE
SPC,LATEST,income_statement,order,17.0,ACTUAL,VNSTOCK_BRONZE
SPC,LATEST,income_statement,level,1.0,ACTUAL,VNSTOCK_BRONZE
SPC,LATEST,income_statement,value,-1928721227.0,ACTUAL,VNSTOCK_BRONZE
SPC,LATEST,income_statement,order,18.0,ACTUAL,VNSTOCK_BRONZE
SPC,LATEST,income_statement,level,1.0,ACTUAL,VNSTOCK_BRONZE
SPC,LATEST,income_statement,value,-0.0,ACTUAL,VNSTOCK_BRONZE
SPC,LATEST,income_statement,order,19.0,ACTUAL,VNSTOCK_BRONZE
SPC,LATEST,income_statement,level,2.0,ACTUAL,VNSTOCK_BRONZE
SPC,LATEST,income_statement,value,-0.0,ACTUAL,VNSTOCK_BRONZE
SPC,LATEST,income_statement,order,20.0,ACTUAL,VNSTOCK_BRONZE
SPC,LATEST,income_statement,level,2.0,ACTUAL,VNSTOCK_BRONZE
SPC,LATEST,income_statement,value,0.0,ACTUAL,VNSTOCK_BRONZE
SPC,LATEST,income_statement,order,21.0,ACTUAL,VNSTOCK_BRONZE
SPC,LATEST,income_statement,level,1.0,ACTUAL,VNSTOCK_BRONZE
SPC,LATEST,income_statement,value,-1928721227.0,ACTUAL,VNSTOCK_BRONZE
SPC,LATEST,income_statement,order,22.0,ACTUAL,VNSTOCK_BRONZE
SPC,LATEST,income_statement,level,1.0,ACTUAL,VNSTOCK_BRONZE
SPC,LATEST,income_statement,value,186519846.0,ACTUAL,VNSTOCK_BRONZE
SPC,LATEST,income_statement,order,23.0,ACTUAL,VNSTOCK_BRONZE
SPC,LATEST,income_statement,level,1.0,ACTUAL,VNSTOCK_BRONZE
SPC,LATEST,income_statement,value,-2115241073.0,ACTUAL,VNSTOCK_BRONZE
SPC,LATEST,income_statement,order,24.0,ACTUAL,VNSTOCK_BRONZE
SPC,LATEST,income_statement,level,1.0,ACTUAL,VNSTOCK_BRONZE
SPC,LATEST,income_statement,value,0.0,ACTUAL,VNSTOCK_BRONZE
SPC,LATEST,income_statement,order,25.0,ACTUAL,VNSTOCK_BRONZE
SPC,LATEST,income_statement,level,1.0,ACTUAL,VNSTOCK_BRONZE
SPC,LATEST,income_statement,value,0.0,ACTUAL,VNSTOCK_BRONZE
SPC,LATEST,cash_flow,order,1.0,ACTUAL,VNSTOCK_BRONZE
SPC,LATEST,cash_flow,level,1.0,ACTUAL,VNSTOCK_BRONZE
SPC,LATEST,cash_flow,value,2968403848.0,ACTUAL,VNSTOCK_BRONZE
SPC,LATEST,cash_flow,order,2.0,ACTUAL,VNSTOCK_BRONZE
SPC,LATEST,cash_flow,level,2.0,ACTUAL,VNSTOCK_BRONZE
SPC,LATEST,cash_flow,value,0.0,ACTUAL,VNSTOCK_BRONZE
SPC,LATEST,cash_flow,order,3.0,ACTUAL,VNSTOCK_BRONZE
SPC,LATEST,cash_flow,level,2.0,ACTUAL,VNSTOCK_BRONZE
SPC,LATEST,cash_flow,value,0.0,ACTUAL,VNSTOCK_BRONZE
SPC,LATEST,cash_flow,order,4.0,ACTUAL,VNSTOCK_BRONZE
SPC,LATEST,cash_flow,level,2.0,ACTUAL,VNSTOCK_BRONZE
SPC,LATEST,cash_flow,value,0.0,ACTUAL,VNSTOCK_BRONZE
SPC,LATEST,cash_flow,order,5.0,ACTUAL,VNSTOCK_BRONZE
SPC,LATEST,cash_flow,level,2.0,ACTUAL,VNSTOCK_BRONZE
SPC,LATEST,cash_flow,value,0.0,ACTUAL,VNSTOCK_BRONZE
SPC,LATEST,cash_flow,order,6.0,ACTUAL,VNSTOCK_BRONZE
SPC,LATEST,cash_flow,level,2.0,ACTUAL,VNSTOCK_BRONZE
SPC,LATEST,cash_flow,value,0.0,ACTUAL,VNSTOCK_BRONZE
SPC,LATEST,cash_flow,order,7.0,ACTUAL,VNSTOCK_BRONZE
SPC,LATEST,cash_flow,level,2.0,ACTUAL,VNSTOCK_BRONZE
SPC,LATEST,cash_flow,value,0.0,ACTUAL,VNSTOCK_BRONZE
SPC,LATEST,cash_flow,order,8.0,ACTUAL,VNSTOCK_BRONZE
SPC,LATEST,cash_flow,level,2.0,ACTUAL,VNSTOCK_BRONZE
SPC,LATEST,cash_flow,value,0.0,ACTUAL,VNSTOCK_BRONZE
SPC,LATEST,cash_flow,order,9.0,ACTUAL,VNSTOCK_BRONZE
SPC,LATEST,cash_flow,level,2.0,ACTUAL,VNSTOCK_BRONZE
SPC,LATEST,cash_flow,value,0.0,ACTUAL,VNSTOCK_BRONZE
SPC,LATEST,cash_flow,order,10.0,ACTUAL,VNSTOCK_BRONZE
SPC,LATEST,cash_flow,level,2.0,ACTUAL,VNSTOCK_BRONZE
SPC,LATEST,cash_flow,value,0.0,ACTUAL,VNSTOCK_BRONZE
SPC,LATEST,cash_flow,order,11.0,ACTUAL,VNSTOCK_BRONZE
SPC,LATEST,cash_flow,level,2.0,ACTUAL,VNSTOCK_BRONZE
SPC,LATEST,cash_flow,value,0.0,ACTUAL,VNSTOCK_BRONZE
SPC,LATEST,cash_flow,order,12.0,ACTUAL,VNSTOCK_BRONZE
SPC,LATEST,cash_flow,level,2.0,ACTUAL,VNSTOCK_BRONZE
SPC,LATEST,cash_flow,value,0.0,ACTUAL,VNSTOCK_BRONZE
SPC,LATEST,cash_flow,order,13.0,ACTUAL,VNSTOCK_BRONZE
SPC,LATEST,cash_flow,level,2.0,ACTUAL,VNSTOCK_BRONZE
SPC,LATEST,cash_flow,value,0.0,ACTUAL,VNSTOCK_BRONZE
SPC,LATEST,cash_flow,order,14.0,ACTUAL,VNSTOCK_BRONZE
SPC,LATEST,cash_flow,level,2.0,ACTUAL,VNSTOCK_BRONZE
SPC,LATEST,cash_flow,order,15.0,ACTUAL,VNSTOCK_BRONZE
SPC,LATEST,cash_flow,level,2.0,ACTUAL,VNSTOCK_BRONZE
SPC,LATEST,cash_flow,order,16.0,ACTUAL,VNSTOCK_BRONZE
SPC,LATEST,cash_flow,level,2.0,ACTUAL,VNSTOCK_BRONZE
SPC,LATEST,cash_flow,order,17.0,ACTUAL,VNSTOCK_BRONZE
SPC,LATEST,cash_flow,level,2.0,ACTUAL,VNSTOCK_BRONZE
SPC,LATEST,cash_flow,order,18.0,ACTUAL,VNSTOCK_BRONZE
SPC,LATEST,cash_flow,level,2.0,ACTUAL,VNSTOCK_BRONZE
SPC,LATEST,cash_flow,order,19.0,ACTUAL,VNSTOCK_BRONZE
SPC,LATEST,cash_flow,level,2.0,ACTUAL,VNSTOCK_BRONZE
SPC,LATEST,cash_flow,order,20.0,ACTUAL,VNSTOCK_BRONZE
SPC,LATEST,cash_flow,level,2.0,ACTUAL,VNSTOCK_BRONZE
SPC,LATEST,cash_flow,order,21.0,ACTUAL,VNSTOCK_BRONZE
SPC,LATEST,cash_flow,level,2.0,ACTUAL,VNSTOCK_BRONZE
SPC,LATEST,cash_flow,order,22.0,ACTUAL,VNSTOCK_BRONZE
SPC,LATEST,cash_flow,level,2.0,ACTUAL,VNSTOCK_BRONZE
SPC,LATEST,cash_flow,order,23.0,ACTUAL,VNSTOCK_BRONZE
SPC,LATEST,cash_flow,level,2.0,ACTUAL,VNSTOCK_BRONZE
SPC,LATEST,cash_flow,order,24.0,ACTUAL,VNSTOCK_BRONZE
SPC,LATEST,cash_flow,level,2.0,ACTUAL,VNSTOCK_BRONZE
SPC,LATEST,cash_flow,value,0.0,ACTUAL,VNSTOCK_BRONZE
SPC,LATEST,cash_flow,order,25.0,ACTUAL,VNSTOCK_BRONZE
SPC,LATEST,cash_flow,level,2.0,ACTUAL,VNSTOCK_BRONZE
SPC,LATEST,cash_flow,value,0.0,ACTUAL,VNSTOCK_BRONZE
SPC,LATEST,cash_flow,order,26.0,ACTUAL,VNSTOCK_BRONZE
SPC,LATEST,cash_flow,level,2.0,ACTUAL,VNSTOCK_BRONZE
SPC,LATEST,cash_flow,value,0.0,ACTUAL,VNSTOCK_BRONZE
SPC,LATEST,cash_flow,order,27.0,ACTUAL,VNSTOCK_BRONZE
SPC,LATEST,cash_flow,level,2.0,ACTUAL,VNSTOCK_BRONZE
SPC,LATEST,cash_flow,value,0.0,ACTUAL,VNSTOCK_BRONZE
SPC,LATEST,cash_flow,order,28.0,ACTUAL,VNSTOCK_BRONZE
SPC,LATEST,cash_flow,level,2.0,ACTUAL,VNSTOCK_BRONZE
SPC,LATEST,cash_flow,value,0.0,ACTUAL,VNSTOCK_BRONZE
SPC,LATEST,cash_flow,order,29.0,ACTUAL,VNSTOCK_BRONZE
SPC,LATEST,cash_flow,level,2.0,ACTUAL,VNSTOCK_BRONZE
SPC,LATEST,cash_flow,order,30.0,ACTUAL,VNSTOCK_BRONZE
SPC,LATEST,cash_flow,level,2.0,ACTUAL,VNSTOCK_BRONZE
SPC,LATEST,cash_flow,value,0.0,ACTUAL,VNSTOCK_BRONZE
SPC,LATEST,cash_flow,order,31.0,ACTUAL,VNSTOCK_BRONZE
SPC,LATEST,cash_flow,level,2.0,ACTUAL,VNSTOCK_BRONZE
SPC,LATEST,cash_flow,value,0.0,ACTUAL,VNSTOCK_BRONZE
SPC,LATEST,cash_flow,order,32.0,ACTUAL,VNSTOCK_BRONZE
SPC,LATEST,cash_flow,level,1.0,ACTUAL,VNSTOCK_BRONZE
SPC,LATEST,cash_flow,value,17112764.0,ACTUAL,VNSTOCK_BRONZE
SPC,LATEST,cash_flow,order,33.0,ACTUAL,VNSTOCK_BRONZE
SPC,LATEST,cash_flow,level,2.0,ACTUAL,VNSTOCK_BRONZE
SPC,LATEST,cash_flow,value,-260465.0,ACTUAL,VNSTOCK_BRONZE
SPC,LATEST,cash_flow,order,34.0,ACTUAL,VNSTOCK_BRONZE
SPC,LATEST,cash_flow,level,2.0,ACTUAL,VNSTOCK_BRONZE
SPC,LATEST,cash_flow,value,0.0,ACTUAL,VNSTOCK_BRONZE
SPC,LATEST,cash_flow,order,35.0,ACTUAL,VNSTOCK_BRONZE
SPC,LATEST,cash_flow,level,2.0,ACTUAL,VNSTOCK_BRONZE
SPC,LATEST,cash_flow,value,0.0,ACTUAL,VNSTOCK_BRONZE
SPC,LATEST,cash_flow,order,36.0,ACTUAL,VNSTOCK_BRONZE
SPC,LATEST,cash_flow,level,2.0,ACTUAL,VNSTOCK_BRONZE
SPC,LATEST,cash_flow,value,0.0,ACTUAL,VNSTOCK_BRONZE
SPC,LATEST,cash_flow,order,37.0,ACTUAL,VNSTOCK_BRONZE
SPC,LATEST,cash_flow,level,2.0,ACTUAL,VNSTOCK_BRONZE
SPC,LATEST,cash_flow,value,0.0,ACTUAL,VNSTOCK_BRONZE
SPC,LATEST,cash_flow,order,38.0,ACTUAL,VNSTOCK_BRONZE
SPC,LATEST,cash_flow,level,2.0,ACTUAL,VNSTOCK_BRONZE
SPC,LATEST,cash_flow,value,0.0,ACTUAL,VNSTOCK_BRONZE
SPC,LATEST,cash_flow,order,39.0,ACTUAL,VNSTOCK_BRONZE
SPC,LATEST,cash_flow,level,2.0,ACTUAL,VNSTOCK_BRONZE
SPC,LATEST,cash_flow,value,17373229.0,ACTUAL,VNSTOCK_BRONZE
SPC,LATEST,cash_flow,order,40.0,ACTUAL,VNSTOCK_BRONZE
SPC,LATEST,cash_flow,level,1.0,ACTUAL,VNSTOCK_BRONZE
SPC,LATEST,cash_flow,order,41.0,ACTUAL,VNSTOCK_BRONZE
SPC,LATEST,cash_flow,level,2.0,ACTUAL,VNSTOCK_BRONZE
SPC,LATEST,cash_flow,value,0.0,ACTUAL,VNSTOCK_BRONZE
SPC,LATEST,cash_flow,order,42.0,ACTUAL,VNSTOCK_BRONZE
SPC,LATEST,cash_flow,level,2.0,ACTUAL,VNSTOCK_BRONZE
SPC,LATEST,cash_flow,value,0.0,ACTUAL,VNSTOCK_BRONZE
SPC,LATEST,cash_flow,order,43.0,ACTUAL,VNSTOCK_BRONZE
SPC,LATEST,cash_flow,level,2.0,ACTUAL,VNSTOCK_BRONZE
SPC,LATEST,cash_flow,value,39439915194.0,ACTUAL,VNSTOCK_BRONZE
SPC,LATEST,cash_flow,order,44.0,ACTUAL,VNSTOCK_BRONZE
SPC,LATEST,cash_flow,level,2.0,ACTUAL,VNSTOCK_BRONZE
SPC,LATEST,cash_flow,value,-51271054423.0,ACTUAL,VNSTOCK_BRONZE
SPC,LATEST,cash_flow,order,45.0,ACTUAL,VNSTOCK_BRONZE
SPC,LATEST,cash_flow,level,2.0,ACTUAL,VNSTOCK_BRONZE
SPC,LATEST,cash_flow,value,0.0,ACTUAL,VNSTOCK_BRONZE
SPC,LATEST,cash_flow,order,46.0,ACTUAL,VNSTOCK_BRONZE
SPC,LATEST,cash_flow,level,2.0,ACTUAL,VNSTOCK_BRONZE
SPC,LATEST,cash_flow,value,0.0,ACTUAL,VNSTOCK_BRONZE
SPC,LATEST,cash_flow,order,47.0,ACTUAL,VNSTOCK_BRONZE
SPC,LATEST,cash_flow,level,2.0,ACTUAL,VNSTOCK_BRONZE
SPC,LATEST,cash_flow,value,16969064302.0,ACTUAL,VNSTOCK_BRONZE
SPC,LATEST,cash_flow,order,48.0,ACTUAL,VNSTOCK_BRONZE
SPC,LATEST,cash_flow,level,1.0,ACTUAL,VNSTOCK_BRONZE
SPC,LATEST,cash_flow,order,49.0,ACTUAL,VNSTOCK_BRONZE
SPC,LATEST,cash_flow,level,1.0,ACTUAL,VNSTOCK_BRONZE
SPC,LATEST,cash_flow,order,50.0,ACTUAL,VNSTOCK_BRONZE
SPC,LATEST,cash_flow,level,1.0,ACTUAL,VNSTOCK_BRONZE
SPC,LATEST,cash_flow,order,51.0,ACTUAL,VNSTOCK_BRONZE
SPC,LATEST,cash_flow,level,1.0,ACTUAL,VNSTOCK_BRONZE
SPC,LATEST,cash_flow,value,28800203531.0,ACTUAL,VNSTOCK_BRONZE
SPC,LATEST,cash_flow,order,1.0,ACTUAL,VNSTOCK_BRONZE
SPC,LATEST,cash_flow,level,1.0,ACTUAL,VNSTOCK_BRONZE
SPC,LATEST,cash_flow,value,56044257805.0,ACTUAL,VNSTOCK_BRONZE
SPC,LATEST,cash_flow,order,2.0,ACTUAL,VNSTOCK_BRONZE
SPC,LATEST,cash_flow,level,2.0,ACTUAL,VNSTOCK_BRONZE
SPC,LATEST,cash_flow,value,0.0,ACTUAL,VNSTOCK_BRONZE
SPC,LATEST,cash_flow,order,3.0,ACTUAL,VNSTOCK_BRONZE
SPC,LATEST,cash_flow,level,2.0,ACTUAL,VNSTOCK_BRONZE
SPC,LATEST,cash_flow,value,0.0,ACTUAL,VNSTOCK_BRONZE
SPC,LATEST,cash_flow,order,4.0,ACTUAL,VNSTOCK_BRONZE
SPC,LATEST,cash_flow,level,2.0,ACTUAL,VNSTOCK_BRONZE
SPC,LATEST,cash_flow,value,0.0,ACTUAL,VNSTOCK_BRONZE
SPC,LATEST,cash_flow,order,5.0,ACTUAL,VNSTOCK_BRONZE
SPC,LATEST,cash_flow,level,2.0,ACTUAL,VNSTOCK_BRONZE
SPC,LATEST,cash_flow,value,0.0,ACTUAL,VNSTOCK_BRONZE
SPC,LATEST,cash_flow,order,6.0,ACTUAL,VNSTOCK_BRONZE
SPC,LATEST,cash_flow,level,2.0,ACTUAL,VNSTOCK_BRONZE
SPC,LATEST,cash_flow,value,0.0,ACTUAL,VNSTOCK_BRONZE
SPC,LATEST,cash_flow,order,7.0,ACTUAL,VNSTOCK_BRONZE
SPC,LATEST,cash_flow,level,2.0,ACTUAL,VNSTOCK_BRONZE
SPC,LATEST,cash_flow,value,0.0,ACTUAL,VNSTOCK_BRONZE
SPC,LATEST,cash_flow,order,8.0,ACTUAL,VNSTOCK_BRONZE
SPC,LATEST,cash_flow,level,2.0,ACTUAL,VNSTOCK_BRONZE
SPC,LATEST,cash_flow,value,0.0,ACTUAL,VNSTOCK_BRONZE
SPC,LATEST,cash_flow,order,9.0,ACTUAL,VNSTOCK_BRONZE
SPC,LATEST,cash_flow,level,2.0,ACTUAL,VNSTOCK_BRONZE
SPC,LATEST,cash_flow,value,0.0,ACTUAL,VNSTOCK_BRONZE
SPC,LATEST,cash_flow,order,10.0,ACTUAL,VNSTOCK_BRONZE
SPC,LATEST,cash_flow,level,2.0,ACTUAL,VNSTOCK_BRONZE
SPC,LATEST,cash_flow,value,0.0,ACTUAL,VNSTOCK_BRONZE
SPC,LATEST,cash_flow,order,11.0,ACTUAL,VNSTOCK_BRONZE
SPC,LATEST,cash_flow,level,2.0,ACTUAL,VNSTOCK_BRONZE
SPC,LATEST,cash_flow,value,0.0,ACTUAL,VNSTOCK_BRONZE
SPC,LATEST,cash_flow,order,12.0,ACTUAL,VNSTOCK_BRONZE
SPC,LATEST,cash_flow,level,2.0,ACTUAL,VNSTOCK_BRONZE
SPC,LATEST,cash_flow,value,0.0,ACTUAL,VNSTOCK_BRONZE
SPC,LATEST,cash_flow,order,13.0,ACTUAL,VNSTOCK_BRONZE
SPC,LATEST,cash_flow,level,2.0,ACTUAL,VNSTOCK_BRONZE
SPC,LATEST,cash_flow,value,0.0,ACTUAL,VNSTOCK_BRONZE
SPC,LATEST,cash_flow,order,14.0,ACTUAL,VNSTOCK_BRONZE
SPC,LATEST,cash_flow,level,2.0,ACTUAL,VNSTOCK_BRONZE
SPC,LATEST,cash_flow,order,15.0,ACTUAL,VNSTOCK_BRONZE
SPC,LATEST,cash_flow,level,2.0,ACTUAL,VNSTOCK_BRONZE
SPC,LATEST,cash_flow,order,16.0,ACTUAL,VNSTOCK_BRONZE
SPC,LATEST,cash_flow,level,2.0,ACTUAL,VNSTOCK_BRONZE
SPC,LATEST,cash_flow,order,17.0,ACTUAL,VNSTOCK_BRONZE
SPC,LATEST,cash_flow,level,2.0,ACTUAL,VNSTOCK_BRONZE
SPC,LATEST,cash_flow,order,18.0,ACTUAL,VNSTOCK_BRONZE
SPC,LATEST,cash_flow,level,2.0,ACTUAL,VNSTOCK_BRONZE
SPC,LATEST,cash_flow,order,19.0,ACTUAL,VNSTOCK_BRONZE
SPC,LATEST,cash_flow,level,2.0,ACTUAL,VNSTOCK_BRONZE
SPC,LATEST,cash_flow,order,20.0,ACTUAL,VNSTOCK_BRONZE
SPC,LATEST,cash_flow,level,2.0,ACTUAL,VNSTOCK_BRONZE
SPC,LATEST,cash_flow,order,21.0,ACTUAL,VNSTOCK_BRONZE
SPC,LATEST,cash_flow,level,2.0,ACTUAL,VNSTOCK_BRONZE
SPC,LATEST,cash_flow,order,22.0,ACTUAL,VNSTOCK_BRONZE
SPC,LATEST,cash_flow,level,2.0,ACTUAL,VNSTOCK_BRONZE
SPC,LATEST,cash_flow,order,23.0,ACTUAL,VNSTOCK_BRONZE
SPC,LATEST,cash_flow,level,2.0,ACTUAL,VNSTOCK_BRONZE
SPC,LATEST,cash_flow,order,24.0,ACTUAL,VNSTOCK_BRONZE
SPC,LATEST,cash_flow,level,2.0,ACTUAL,VNSTOCK_BRONZE
SPC,LATEST,cash_flow,value,0.0,ACTUAL,VNSTOCK_BRONZE
SPC,LATEST,cash_flow,order,25.0,ACTUAL,VNSTOCK_BRONZE
SPC,LATEST,cash_flow,level,2.0,ACTUAL,VNSTOCK_BRONZE
SPC,LATEST,cash_flow,value,0.0,ACTUAL,VNSTOCK_BRONZE
SPC,LATEST,cash_flow,order,26.0,ACTUAL,VNSTOCK_BRONZE
SPC,LATEST,cash_flow,level,2.0,ACTUAL,VNSTOCK_BRONZE
SPC,LATEST,cash_flow,value,0.0,ACTUAL,VNSTOCK_BRONZE
SPC,LATEST,cash_flow,order,27.0,ACTUAL,VNSTOCK_BRONZE
SPC,LATEST,cash_flow,level,2.0,ACTUAL,VNSTOCK_BRONZE
SPC,LATEST,cash_flow,value,0.0,ACTUAL,VNSTOCK_BRONZE
SPC,LATEST,cash_flow,order,28.0,ACTUAL,VNSTOCK_BRONZE
SPC,LATEST,cash_flow,level,2.0,ACTUAL,VNSTOCK_BRONZE
SPC,LATEST,cash_flow,value,0.0,ACTUAL,VNSTOCK_BRONZE
SPC,LATEST,cash_flow,order,29.0,ACTUAL,VNSTOCK_BRONZE
SPC,LATEST,cash_flow,level,2.0,ACTUAL,VNSTOCK_BRONZE
SPC,LATEST,cash_flow,order,30.0,ACTUAL,VNSTOCK_BRONZE
SPC,LATEST,cash_flow,level,2.0,ACTUAL,VNSTOCK_BRONZE
SPC,LATEST,cash_flow,value,0.0,ACTUAL,VNSTOCK_BRONZE
SPC,LATEST,cash_flow,order,31.0,ACTUAL,VNSTOCK_BRONZE
SPC,LATEST,cash_flow,level,2.0,ACTUAL,VNSTOCK_BRONZE
SPC,LATEST,cash_flow,value,0.0,ACTUAL,VNSTOCK_BRONZE
SPC,LATEST,cash_flow,order,32.0,ACTUAL,VNSTOCK_BRONZE
SPC,LATEST,cash_flow,level,1.0,ACTUAL,VNSTOCK_BRONZE
SPC,LATEST,cash_flow,value,1442758135.0,ACTUAL,VNSTOCK_BRONZE
SPC,LATEST,cash_flow,order,33.0,ACTUAL,VNSTOCK_BRONZE
SPC,LATEST,cash_flow,level,2.0,ACTUAL,VNSTOCK_BRONZE
SPC,LATEST,cash_flow,value,-80372088.0,ACTUAL,VNSTOCK_BRONZE
SPC,LATEST,cash_flow,order,34.0,ACTUAL,VNSTOCK_BRONZE
SPC,LATEST,cash_flow,level,2.0,ACTUAL,VNSTOCK_BRONZE
SPC,LATEST,cash_flow,value,0.0,ACTUAL,VNSTOCK_BRONZE
SPC,LATEST,cash_flow,order,35.0,ACTUAL,VNSTOCK_BRONZE
SPC,LATEST,cash_flow,level,2.0,ACTUAL,VNSTOCK_BRONZE
SPC,LATEST,cash_flow,value,-6000000000.0,ACTUAL,VNSTOCK_BRONZE
SPC,LATEST,cash_flow,order,36.0,ACTUAL,VNSTOCK_BRONZE
SPC,LATEST,cash_flow,level,2.0,ACTUAL,VNSTOCK_BRONZE
SPC,LATEST,cash_flow,value,7500000000.0,ACTUAL,VNSTOCK_BRONZE
SPC,LATEST,cash_flow,order,37.0,ACTUAL,VNSTOCK_BRONZE
SPC,LATEST,cash_flow,level,2.0,ACTUAL,VNSTOCK_BRONZE
SPC,LATEST,cash_flow,value,0.0,ACTUAL,VNSTOCK_BRONZE
SPC,LATEST,cash_flow,order,38.0,ACTUAL,VNSTOCK_BRONZE
SPC,LATEST,cash_flow,level,2.0,ACTUAL,VNSTOCK_BRONZE
SPC,LATEST,cash_flow,value,0.0,ACTUAL,VNSTOCK_BRONZE
SPC,LATEST,cash_flow,order,39.0,ACTUAL,VNSTOCK_BRONZE
SPC,LATEST,cash_flow,level,2.0,ACTUAL,VNSTOCK_BRONZE
SPC,LATEST,cash_flow,value,23130223.0,ACTUAL,VNSTOCK_BRONZE
SPC,LATEST,cash_flow,order,40.0,ACTUAL,VNSTOCK_BRONZE
SPC,LATEST,cash_flow,level,1.0,ACTUAL,VNSTOCK_BRONZE
SPC,LATEST,cash_flow,order,41.0,ACTUAL,VNSTOCK_BRONZE
SPC,LATEST,cash_flow,level,2.0,ACTUAL,VNSTOCK_BRONZE
SPC,LATEST,cash_flow,value,0.0,ACTUAL,VNSTOCK_BRONZE
SPC,LATEST,cash_flow,order,42.0,ACTUAL,VNSTOCK_BRONZE
SPC,LATEST,cash_flow,level,2.0,ACTUAL,VNSTOCK_BRONZE
SPC,LATEST,cash_flow,value,0.0,ACTUAL,VNSTOCK_BRONZE
SPC,LATEST,cash_flow,order,43.0,ACTUAL,VNSTOCK_BRONZE
SPC,LATEST,cash_flow,level,2.0,ACTUAL,VNSTOCK_BRONZE
SPC,LATEST,cash_flow,value,57686695948.0,ACTUAL,VNSTOCK_BRONZE
SPC,LATEST,cash_flow,order,44.0,ACTUAL,VNSTOCK_BRONZE
SPC,LATEST,cash_flow,level,2.0,ACTUAL,VNSTOCK_BRONZE
SPC,LATEST,cash_flow,value,-101962214485.0,ACTUAL,VNSTOCK_BRONZE
SPC,LATEST,cash_flow,order,45.0,ACTUAL,VNSTOCK_BRONZE
SPC,LATEST,cash_flow,level,2.0,ACTUAL,VNSTOCK_BRONZE
SPC,LATEST,cash_flow,value,0.0,ACTUAL,VNSTOCK_BRONZE
SPC,LATEST,cash_flow,order,46.0,ACTUAL,VNSTOCK_BRONZE
SPC,LATEST,cash_flow,level,2.0,ACTUAL,VNSTOCK_BRONZE
SPC,LATEST,cash_flow,value,0.0,ACTUAL,VNSTOCK_BRONZE
SPC,LATEST,cash_flow,order,47.0,ACTUAL,VNSTOCK_BRONZE
SPC,LATEST,cash_flow,level,2.0,ACTUAL,VNSTOCK_BRONZE
SPC,LATEST,cash_flow,value,-6578854834.0,ACTUAL,VNSTOCK_BRONZE
SPC,LATEST,cash_flow,order,48.0,ACTUAL,VNSTOCK_BRONZE
SPC,LATEST,cash_flow,level,1.0,ACTUAL,VNSTOCK_BRONZE
SPC,LATEST,cash_flow,order,49.0,ACTUAL,VNSTOCK_BRONZE
SPC,LATEST,cash_flow,level,1.0,ACTUAL,VNSTOCK_BRONZE
SPC,LATEST,cash_flow,order,50.0,ACTUAL,VNSTOCK_BRONZE
SPC,LATEST,cash_flow,level,1.0,ACTUAL,VNSTOCK_BRONZE
SPC,LATEST,cash_flow,order,51.0,ACTUAL,VNSTOCK_BRONZE
SPC,LATEST,cash_flow,level,1.0,ACTUAL,VNSTOCK_BRONZE
SPC,LATEST,cash_flow,value,37696663703.0,ACTUAL,VNSTOCK_BRONZE
SPC,LATEST,cash_flow,order,1.0,ACTUAL,VNSTOCK_BRONZE
SPC,LATEST,cash_flow,level,1.0,ACTUAL,VNSTOCK_BRONZE
SPC,LATEST,cash_flow,value,2118980214.0,ACTUAL,VNSTOCK_BRONZE
SPC,LATEST,cash_flow,order,2.0,ACTUAL,VNSTOCK_BRONZE
SPC,LATEST,cash_flow,level,2.0,ACTUAL,VNSTOCK_BRONZE
SPC,LATEST,cash_flow,value,0.0,ACTUAL,VNSTOCK_BRONZE
SPC,LATEST,cash_flow,order,3.0,ACTUAL,VNSTOCK_BRONZE
SPC,LATEST,cash_flow,level,2.0,ACTUAL,VNSTOCK_BRONZE
SPC,LATEST,cash_flow,value,0.0,ACTUAL,VNSTOCK_BRONZE
SPC,LATEST,cash_flow,order,4.0,ACTUAL,VNSTOCK_BRONZE
SPC,LATEST,cash_flow,level,2.0,ACTUAL,VNSTOCK_BRONZE
SPC,LATEST,cash_flow,value,0.0,ACTUAL,VNSTOCK_BRONZE
SPC,LATEST,cash_flow,order,5.0,ACTUAL,VNSTOCK_BRONZE
SPC,LATEST,cash_flow,level,2.0,ACTUAL,VNSTOCK_BRONZE
SPC,LATEST,cash_flow,value,0.0,ACTUAL,VNSTOCK_BRONZE
SPC,LATEST,cash_flow,order,6.0,ACTUAL,VNSTOCK_BRONZE
SPC,LATEST,cash_flow,level,2.0,ACTUAL,VNSTOCK_BRONZE
SPC,LATEST,cash_flow,value,0.0,ACTUAL,VNSTOCK_BRONZE
SPC,LATEST,cash_flow,order,7.0,ACTUAL,VNSTOCK_BRONZE
SPC,LATEST,cash_flow,level,2.0,ACTUAL,VNSTOCK_BRONZE
SPC,LATEST,cash_flow,value,0.0,ACTUAL,VNSTOCK_BRONZE
SPC,LATEST,cash_flow,order,8.0,ACTUAL,VNSTOCK_BRONZE
SPC,LATEST,cash_flow,level,2.0,ACTUAL,VNSTOCK_BRONZE
SPC,LATEST,cash_flow,value,0.0,ACTUAL,VNSTOCK_BRONZE
SPC,LATEST,cash_flow,order,9.0,ACTUAL,VNSTOCK_BRONZE
SPC,LATEST,cash_flow,level,2.0,ACTUAL,VNSTOCK_BRONZE
SPC,LATEST,cash_flow,value,0.0,ACTUAL,VNSTOCK_BRONZE
SPC,LATEST,cash_flow,order,10.0,ACTUAL,VNSTOCK_BRONZE
SPC,LATEST,cash_flow,level,2.0,ACTUAL,VNSTOCK_BRONZE
SPC,LATEST,cash_flow,value,0.0,ACTUAL,VNSTOCK_BRONZE
SPC,LATEST,cash_flow,order,11.0,ACTUAL,VNSTOCK_BRONZE
SPC,LATEST,cash_flow,level,2.0,ACTUAL,VNSTOCK_BRONZE
SPC,LATEST,cash_flow,value,0.0,ACTUAL,VNSTOCK_BRONZE
SPC,LATEST,cash_flow,order,12.0,ACTUAL,VNSTOCK_BRONZE
SPC,LATEST,cash_flow,level,2.0,ACTUAL,VNSTOCK_BRONZE
SPC,LATEST,cash_flow,value,0.0,ACTUAL,VNSTOCK_BRONZE
SPC,LATEST,cash_flow,order,13.0,ACTUAL,VNSTOCK_BRONZE
SPC,LATEST,cash_flow,level,2.0,ACTUAL,VNSTOCK_BRONZE
SPC,LATEST,cash_flow,value,0.0,ACTUAL,VNSTOCK_BRONZE
SPC,LATEST,cash_flow,order,14.0,ACTUAL,VNSTOCK_BRONZE
SPC,LATEST,cash_flow,level,2.0,ACTUAL,VNSTOCK_BRONZE
SPC,LATEST,cash_flow,order,15.0,ACTUAL,VNSTOCK_BRONZE
SPC,LATEST,cash_flow,level,2.0,ACTUAL,VNSTOCK_BRONZE
SPC,LATEST,cash_flow,order,16.0,ACTUAL,VNSTOCK_BRONZE
SPC,LATEST,cash_flow,level,2.0,ACTUAL,VNSTOCK_BRONZE
SPC,LATEST,cash_flow,order,17.0,ACTUAL,VNSTOCK_BRONZE
SPC,LATEST,cash_flow,level,2.0,ACTUAL,VNSTOCK_BRONZE
SPC,LATEST,cash_flow,order,18.0,ACTUAL,VNSTOCK_BRONZE
SPC,LATEST,cash_flow,level,2.0,ACTUAL,VNSTOCK_BRONZE
SPC,LATEST,cash_flow,order,19.0,ACTUAL,VNSTOCK_BRONZE
SPC,LATEST,cash_flow,level,2.0,ACTUAL,VNSTOCK_BRONZE
SPC,LATEST,cash_flow,order,20.0,ACTUAL,VNSTOCK_BRONZE
SPC,LATEST,cash_flow,level,2.0,ACTUAL,VNSTOCK_BRONZE
SPC,LATEST,cash_flow,order,21.0,ACTUAL,VNSTOCK_BRONZE
SPC,LATEST,cash_flow,level,2.0,ACTUAL,VNSTOCK_BRONZE
SPC,LATEST,cash_flow,order,22.0,ACTUAL,VNSTOCK_BRONZE
SPC,LATEST,cash_flow,level,2.0,ACTUAL,VNSTOCK_BRONZE
SPC,LATEST,cash_flow,order,23.0,ACTUAL,VNSTOCK_BRONZE
SPC,LATEST,cash_flow,level,2.0,ACTUAL,VNSTOCK_BRONZE
SPC,LATEST,cash_flow,order,24.0,ACTUAL,VNSTOCK_BRONZE
SPC,LATEST,cash_flow,level,2.0,ACTUAL,VNSTOCK_BRONZE
SPC,LATEST,cash_flow,value,0.0,ACTUAL,VNSTOCK_BRONZE
SPC,LATEST,cash_flow,order,25.0,ACTUAL,VNSTOCK_BRONZE
SPC,LATEST,cash_flow,level,2.0,ACTUAL,VNSTOCK_BRONZE
SPC,LATEST,cash_flow,value,0.0,ACTUAL,VNSTOCK_BRONZE
SPC,LATEST,cash_flow,order,26.0,ACTUAL,VNSTOCK_BRONZE
SPC,LATEST,cash_flow,level,2.0,ACTUAL,VNSTOCK_BRONZE
SPC,LATEST,cash_flow,value,0.0,ACTUAL,VNSTOCK_BRONZE
SPC,LATEST,cash_flow,order,27.0,ACTUAL,VNSTOCK_BRONZE
SPC,LATEST,cash_flow,level,2.0,ACTUAL,VNSTOCK_BRONZE
SPC,LATEST,cash_flow,value,0.0,ACTUAL,VNSTOCK_BRONZE
SPC,LATEST,cash_flow,order,28.0,ACTUAL,VNSTOCK_BRONZE
SPC,LATEST,cash_flow,level,2.0,ACTUAL,VNSTOCK_BRONZE
SPC,LATEST,cash_flow,value,0.0,ACTUAL,VNSTOCK_BRONZE
SPC,LATEST,cash_flow,order,29.0,ACTUAL,VNSTOCK_BRONZE
SPC,LATEST,cash_flow,level,2.0,ACTUAL,VNSTOCK_BRONZE
SPC,LATEST,cash_flow,order,30.0,ACTUAL,VNSTOCK_BRONZE
SPC,LATEST,cash_flow,level,2.0,ACTUAL,VNSTOCK_BRONZE
SPC,LATEST,cash_flow,value,0.0,ACTUAL,VNSTOCK_BRONZE
SPC,LATEST,cash_flow,order,31.0,ACTUAL,VNSTOCK_BRONZE
SPC,LATEST,cash_flow,level,2.0,ACTUAL,VNSTOCK_BRONZE
SPC,LATEST,cash_flow,value,2118980214.0,ACTUAL,VNSTOCK_BRONZE
SPC,LATEST,cash_flow,order,32.0,ACTUAL,VNSTOCK_BRONZE
SPC,LATEST,cash_flow,level,1.0,ACTUAL,VNSTOCK_BRONZE
SPC,LATEST,cash_flow,value,-1588066177.0,ACTUAL,VNSTOCK_BRONZE
SPC,LATEST,cash_flow,order,33.0,ACTUAL,VNSTOCK_BRONZE
SPC,LATEST,cash_flow,level,2.0,ACTUAL,VNSTOCK_BRONZE
SPC,LATEST,cash_flow,value,-2753471889.0,ACTUAL,VNSTOCK_BRONZE
SPC,LATEST,cash_flow,order,34.0,ACTUAL,VNSTOCK_BRONZE
SPC,LATEST,cash_flow,level,2.0,ACTUAL,VNSTOCK_BRONZE
SPC,LATEST,cash_flow,value,168299091.0,ACTUAL,VNSTOCK_BRONZE
SPC,LATEST,cash_flow,order,35.0,ACTUAL,VNSTOCK_BRONZE
SPC,LATEST,cash_flow,level,2.0,ACTUAL,VNSTOCK_BRONZE
SPC,LATEST,cash_flow,value,-2250000000.0,ACTUAL,VNSTOCK_BRONZE
SPC,LATEST,cash_flow,order,36.0,ACTUAL,VNSTOCK_BRONZE
SPC,LATEST,cash_flow,level,2.0,ACTUAL,VNSTOCK_BRONZE
SPC,LATEST,cash_flow,value,3000000000.0,ACTUAL,VNSTOCK_BRONZE
SPC,LATEST,cash_flow,order,37.0,ACTUAL,VNSTOCK_BRONZE
SPC,LATEST,cash_flow,level,2.0,ACTUAL,VNSTOCK_BRONZE
SPC,LATEST,cash_flow,value,0.0,ACTUAL,VNSTOCK_BRONZE
SPC,LATEST,cash_flow,order,38.0,ACTUAL,VNSTOCK_BRONZE
SPC,LATEST,cash_flow,level,2.0,ACTUAL,VNSTOCK_BRONZE
SPC,LATEST,cash_flow,value,0.0,ACTUAL,VNSTOCK_BRONZE
SPC,LATEST,cash_flow,order,39.0,ACTUAL,VNSTOCK_BRONZE
SPC,LATEST,cash_flow,level,2.0,ACTUAL,VNSTOCK_BRONZE
SPC,LATEST,cash_flow,value,247106621.0,ACTUAL,VNSTOCK_BRONZE
SPC,LATEST,cash_flow,order,40.0,ACTUAL,VNSTOCK_BRONZE
SPC,LATEST,cash_flow,level,1.0,ACTUAL,VNSTOCK_BRONZE
SPC,LATEST,cash_flow,order,41.0,ACTUAL,VNSTOCK_BRONZE
SPC,LATEST,cash_flow,level,2.0,ACTUAL,VNSTOCK_BRONZE
SPC,LATEST,cash_flow,value,0.0,ACTUAL,VNSTOCK_BRONZE
SPC,LATEST,cash_flow,order,42.0,ACTUAL,VNSTOCK_BRONZE
SPC,LATEST,cash_flow,level,2.0,ACTUAL,VNSTOCK_BRONZE
SPC,LATEST,cash_flow,value,0.0,ACTUAL,VNSTOCK_BRONZE
SPC,LATEST,cash_flow,order,43.0,ACTUAL,VNSTOCK_BRONZE
SPC,LATEST,cash_flow,level,2.0,ACTUAL,VNSTOCK_BRONZE
SPC,LATEST,cash_flow,value,93650339706.0,ACTUAL,VNSTOCK_BRONZE
SPC,LATEST,cash_flow,order,44.0,ACTUAL,VNSTOCK_BRONZE
SPC,LATEST,cash_flow,level,2.0,ACTUAL,VNSTOCK_BRONZE
SPC,LATEST,cash_flow,value,-89542745888.0,ACTUAL,VNSTOCK_BRONZE
SPC,LATEST,cash_flow,order,45.0,ACTUAL,VNSTOCK_BRONZE
SPC,LATEST,cash_flow,level,2.0,ACTUAL,VNSTOCK_BRONZE
SPC,LATEST,cash_flow,value,0.0,ACTUAL,VNSTOCK_BRONZE
SPC,LATEST,cash_flow,order,46.0,ACTUAL,VNSTOCK_BRONZE
SPC,LATEST,cash_flow,level,2.0,ACTUAL,VNSTOCK_BRONZE
SPC,LATEST,cash_flow,value,394272000.0,ACTUAL,VNSTOCK_BRONZE
SPC,LATEST,cash_flow,order,47.0,ACTUAL,VNSTOCK_BRONZE
SPC,LATEST,cash_flow,level,2.0,ACTUAL,VNSTOCK_BRONZE
SPC,LATEST,cash_flow,value,28870600835.0,ACTUAL,VNSTOCK_BRONZE
SPC,LATEST,cash_flow,order,48.0,ACTUAL,VNSTOCK_BRONZE
SPC,LATEST,cash_flow,level,1.0,ACTUAL,VNSTOCK_BRONZE
SPC,LATEST,cash_flow,order,49.0,ACTUAL,VNSTOCK_BRONZE
SPC,LATEST,cash_flow,level,1.0,ACTUAL,VNSTOCK_BRONZE
SPC,LATEST,cash_flow,order,50.0,ACTUAL,VNSTOCK_BRONZE
SPC,LATEST,cash_flow,level,1.0,ACTUAL,VNSTOCK_BRONZE
SPC,LATEST,cash_flow,order,51.0,ACTUAL,VNSTOCK_BRONZE
SPC,LATEST,cash_flow,level,1.0,ACTUAL,VNSTOCK_BRONZE
SPC,LATEST,cash_flow,value,24368735017.0,ACTUAL,VNSTOCK_BRONZE
SPC,LATEST,cash_flow,order,1.0,ACTUAL,VNSTOCK_BRONZE
SPC,LATEST,cash_flow,level,1.0,ACTUAL,VNSTOCK_BRONZE
SPC,LATEST,cash_flow,value,15162108091.0,ACTUAL,VNSTOCK_BRONZE
SPC,LATEST,cash_flow,order,2.0,ACTUAL,VNSTOCK_BRONZE
SPC,LATEST,cash_flow,level,2.0,ACTUAL,VNSTOCK_BRONZE
SPC,LATEST,cash_flow,value,0.0,ACTUAL,VNSTOCK_BRONZE
SPC,LATEST,cash_flow,order,3.0,ACTUAL,VNSTOCK_BRONZE
SPC,LATEST,cash_flow,level,2.0,ACTUAL,VNSTOCK_BRONZE
SPC,LATEST,cash_flow,value,0.0,ACTUAL,VNSTOCK_BRONZE
SPC,LATEST,cash_flow,order,4.0,ACTUAL,VNSTOCK_BRONZE
SPC,LATEST,cash_flow,level,2.0,ACTUAL,VNSTOCK_BRONZE
SPC,LATEST,cash_flow,value,0.0,ACTUAL,VNSTOCK_BRONZE
SPC,LATEST,cash_flow,order,5.0,ACTUAL,VNSTOCK_BRONZE
SPC,LATEST,cash_flow,level,2.0,ACTUAL,VNSTOCK_BRONZE
SPC,LATEST,cash_flow,value,0.0,ACTUAL,VNSTOCK_BRONZE
SPC,LATEST,cash_flow,order,6.0,ACTUAL,VNSTOCK_BRONZE
SPC,LATEST,cash_flow,level,2.0,ACTUAL,VNSTOCK_BRONZE
SPC,LATEST,cash_flow,value,0.0,ACTUAL,VNSTOCK_BRONZE
SPC,LATEST,cash_flow,order,7.0,ACTUAL,VNSTOCK_BRONZE
SPC,LATEST,cash_flow,level,2.0,ACTUAL,VNSTOCK_BRONZE
SPC,LATEST,cash_flow,value,0.0,ACTUAL,VNSTOCK_BRONZE
SPC,LATEST,cash_flow,order,8.0,ACTUAL,VNSTOCK_BRONZE
SPC,LATEST,cash_flow,level,2.0,ACTUAL,VNSTOCK_BRONZE
SPC,LATEST,cash_flow,value,0.0,ACTUAL,VNSTOCK_BRONZE
SPC,LATEST,cash_flow,order,9.0,ACTUAL,VNSTOCK_BRONZE
SPC,LATEST,cash_flow,level,2.0,ACTUAL,VNSTOCK_BRONZE
SPC,LATEST,cash_flow,value,0.0,ACTUAL,VNSTOCK_BRONZE
SPC,LATEST,cash_flow,order,10.0,ACTUAL,VNSTOCK_BRONZE
SPC,LATEST,cash_flow,level,2.0,ACTUAL,VNSTOCK_BRONZE
SPC,LATEST,cash_flow,value,0.0,ACTUAL,VNSTOCK_BRONZE
SPC,LATEST,cash_flow,order,11.0,ACTUAL,VNSTOCK_BRONZE
SPC,LATEST,cash_flow,level,2.0,ACTUAL,VNSTOCK_BRONZE
SPC,LATEST,cash_flow,value,0.0,ACTUAL,VNSTOCK_BRONZE
SPC,LATEST,cash_flow,order,12.0,ACTUAL,VNSTOCK_BRONZE
SPC,LATEST,cash_flow,level,2.0,ACTUAL,VNSTOCK_BRONZE
SPC,LATEST,cash_flow,value,0.0,ACTUAL,VNSTOCK_BRONZE
SPC,LATEST,cash_flow,order,13.0,ACTUAL,VNSTOCK_BRONZE
SPC,LATEST,cash_flow,level,2.0,ACTUAL,VNSTOCK_BRONZE
SPC,LATEST,cash_flow,value,0.0,ACTUAL,VNSTOCK_BRONZE
SPC,LATEST,cash_flow,order,14.0,ACTUAL,VNSTOCK_BRONZE
SPC,LATEST,cash_flow,level,2.0,ACTUAL,VNSTOCK_BRONZE
SPC,LATEST,cash_flow,order,15.0,ACTUAL,VNSTOCK_BRONZE
SPC,LATEST,cash_flow,level,2.0,ACTUAL,VNSTOCK_BRONZE
SPC,LATEST,cash_flow,order,16.0,ACTUAL,VNSTOCK_BRONZE
SPC,LATEST,cash_flow,level,2.0,ACTUAL,VNSTOCK_BRONZE
SPC,LATEST,cash_flow,order,17.0,ACTUAL,VNSTOCK_BRONZE
SPC,LATEST,cash_flow,level,2.0,ACTUAL,VNSTOCK_BRONZE
SPC,LATEST,cash_flow,order,18.0,ACTUAL,VNSTOCK_BRONZE
SPC,LATEST,cash_flow,level,2.0,ACTUAL,VNSTOCK_BRONZE
SPC,LATEST,cash_flow,order,19.0,ACTUAL,VNSTOCK_BRONZE
SPC,LATEST,cash_flow,level,2.0,ACTUAL,VNSTOCK_BRONZE
SPC,LATEST,cash_flow,order,20.0,ACTUAL,VNSTOCK_BRONZE
SPC,LATEST,cash_flow,level,2.0,ACTUAL,VNSTOCK_BRONZE
SPC,LATEST,cash_flow,order,21.0,ACTUAL,VNSTOCK_BRONZE
SPC,LATEST,cash_flow,level,2.0,ACTUAL,VNSTOCK_BRONZE
SPC,LATEST,cash_flow,order,22.0,ACTUAL,VNSTOCK_BRONZE
SPC,LATEST,cash_flow,level,2.0,ACTUAL,VNSTOCK_BRONZE
SPC,LATEST,cash_flow,order,23.0,ACTUAL,VNSTOCK_BRONZE
SPC,LATEST,cash_flow,level,2.0,ACTUAL,VNSTOCK_BRONZE
SPC,LATEST,cash_flow,order,24.0,ACTUAL,VNSTOCK_BRONZE
SPC,LATEST,cash_flow,level,2.0,ACTUAL,VNSTOCK_BRONZE
SPC,LATEST,cash_flow,value,0.0,ACTUAL,VNSTOCK_BRONZE
SPC,LATEST,cash_flow,order,25.0,ACTUAL,VNSTOCK_BRONZE
SPC,LATEST,cash_flow,level,2.0,ACTUAL,VNSTOCK_BRONZE
SPC,LATEST,cash_flow,value,0.0,ACTUAL,VNSTOCK_BRONZE
SPC,LATEST,cash_flow,order,26.0,ACTUAL,VNSTOCK_BRONZE
SPC,LATEST,cash_flow,level,2.0,ACTUAL,VNSTOCK_BRONZE
SPC,LATEST,cash_flow,value,0.0,ACTUAL,VNSTOCK_BRONZE
SPC,LATEST,cash_flow,order,27.0,ACTUAL,VNSTOCK_BRONZE
SPC,LATEST,cash_flow,level,2.0,ACTUAL,VNSTOCK_BRONZE
SPC,LATEST,cash_flow,value,0.0,ACTUAL,VNSTOCK_BRONZE
SPC,LATEST,cash_flow,order,28.0,ACTUAL,VNSTOCK_BRONZE
SPC,LATEST,cash_flow,level,2.0,ACTUAL,VNSTOCK_BRONZE
SPC,LATEST,cash_flow,value,0.0,ACTUAL,VNSTOCK_BRONZE
SPC,LATEST,cash_flow,order,29.0,ACTUAL,VNSTOCK_BRONZE
SPC,LATEST,cash_flow,level,2.0,ACTUAL,VNSTOCK_BRONZE
SPC,LATEST,cash_flow,order,30.0,ACTUAL,VNSTOCK_BRONZE
SPC,LATEST,cash_flow,level,2.0,ACTUAL,VNSTOCK_BRONZE
SPC,LATEST,cash_flow,value,0.0,ACTUAL,VNSTOCK_BRONZE
SPC,LATEST,cash_flow,order,31.0,ACTUAL,VNSTOCK_BRONZE
SPC,LATEST,cash_flow,level,2.0,ACTUAL,VNSTOCK_BRONZE
SPC,LATEST,cash_flow,value,0.0,ACTUAL,VNSTOCK_BRONZE
SPC,LATEST,cash_flow,order,32.0,ACTUAL,VNSTOCK_BRONZE
SPC,LATEST,cash_flow,level,1.0,ACTUAL,VNSTOCK_BRONZE
SPC,LATEST,cash_flow,value,-19538571.0,ACTUAL,VNSTOCK_BRONZE
SPC,LATEST,cash_flow,order,33.0,ACTUAL,VNSTOCK_BRONZE
SPC,LATEST,cash_flow,level,2.0,ACTUAL,VNSTOCK_BRONZE
SPC,LATEST,cash_flow,value,0.0,ACTUAL,VNSTOCK_BRONZE
SPC,LATEST,cash_flow,order,34.0,ACTUAL,VNSTOCK_BRONZE
SPC,LATEST,cash_flow,level,2.0,ACTUAL,VNSTOCK_BRONZE
SPC,LATEST,cash_flow,value,-39208181.0,ACTUAL,VNSTOCK_BRONZE
SPC,LATEST,cash_flow,order,35.0,ACTUAL,VNSTOCK_BRONZE
SPC,LATEST,cash_flow,level,2.0,ACTUAL,VNSTOCK_BRONZE
SPC,LATEST,cash_flow,value,0.0,ACTUAL,VNSTOCK_BRONZE
SPC,LATEST,cash_flow,order,36.0,ACTUAL,VNSTOCK_BRONZE
SPC,LATEST,cash_flow,level,2.0,ACTUAL,VNSTOCK_BRONZE
SPC,LATEST,cash_flow,value,0.0,ACTUAL,VNSTOCK_BRONZE
SPC,LATEST,cash_flow,order,37.0,ACTUAL,VNSTOCK_BRONZE
SPC,LATEST,cash_flow,level,2.0,ACTUAL,VNSTOCK_BRONZE
SPC,LATEST,cash_flow,value,0.0,ACTUAL,VNSTOCK_BRONZE
SPC,LATEST,cash_flow,order,38.0,ACTUAL,VNSTOCK_BRONZE
SPC,LATEST,cash_flow,level,2.0,ACTUAL,VNSTOCK_BRONZE
SPC,LATEST,cash_flow,value,0.0,ACTUAL,VNSTOCK_BRONZE
SPC,LATEST,cash_flow,order,39.0,ACTUAL,VNSTOCK_BRONZE
SPC,LATEST,cash_flow,level,2.0,ACTUAL,VNSTOCK_BRONZE
SPC,LATEST,cash_flow,value,19669610.0,ACTUAL,VNSTOCK_BRONZE
SPC,LATEST,cash_flow,order,40.0,ACTUAL,VNSTOCK_BRONZE
SPC,LATEST,cash_flow,level,1.0,ACTUAL,VNSTOCK_BRONZE
SPC,LATEST,cash_flow,order,41.0,ACTUAL,VNSTOCK_BRONZE
SPC,LATEST,cash_flow,level,2.0,ACTUAL,VNSTOCK_BRONZE
SPC,LATEST,cash_flow,value,0.0,ACTUAL,VNSTOCK_BRONZE
SPC,LATEST,cash_flow,order,42.0,ACTUAL,VNSTOCK_BRONZE
SPC,LATEST,cash_flow,level,2.0,ACTUAL,VNSTOCK_BRONZE
SPC,LATEST,cash_flow,value,0.0,ACTUAL,VNSTOCK_BRONZE
SPC,LATEST,cash_flow,order,43.0,ACTUAL,VNSTOCK_BRONZE
SPC,LATEST,cash_flow,level,2.0,ACTUAL,VNSTOCK_BRONZE
SPC,LATEST,cash_flow,value,88132504073.0,ACTUAL,VNSTOCK_BRONZE
SPC,LATEST,cash_flow,order,44.0,ACTUAL,VNSTOCK_BRONZE
SPC,LATEST,cash_flow,level,2.0,ACTUAL,VNSTOCK_BRONZE
SPC,LATEST,cash_flow,value,-109930054571.0,ACTUAL,VNSTOCK_BRONZE
SPC,LATEST,cash_flow,order,45.0,ACTUAL,VNSTOCK_BRONZE
SPC,LATEST,cash_flow,level,2.0,ACTUAL,VNSTOCK_BRONZE
SPC,LATEST,cash_flow,value,-37429244.0,ACTUAL,VNSTOCK_BRONZE
SPC,LATEST,cash_flow,order,46.0,ACTUAL,VNSTOCK_BRONZE
SPC,LATEST,cash_flow,level,2.0,ACTUAL,VNSTOCK_BRONZE
SPC,LATEST,cash_flow,value,-394272000.0,ACTUAL,VNSTOCK_BRONZE
SPC,LATEST,cash_flow,order,47.0,ACTUAL,VNSTOCK_BRONZE
SPC,LATEST,cash_flow,level,2.0,ACTUAL,VNSTOCK_BRONZE
SPC,LATEST,cash_flow,value,-2355061591.0,ACTUAL,VNSTOCK_BRONZE
SPC,LATEST,cash_flow,order,48.0,ACTUAL,VNSTOCK_BRONZE
SPC,LATEST,cash_flow,level,1.0,ACTUAL,VNSTOCK_BRONZE
SPC,LATEST,cash_flow,order,49.0,ACTUAL,VNSTOCK_BRONZE
SPC,LATEST,cash_flow,level,1.0,ACTUAL,VNSTOCK_BRONZE
SPC,LATEST,cash_flow,order,50.0,ACTUAL,VNSTOCK_BRONZE
SPC,LATEST,cash_flow,level,1.0,ACTUAL,VNSTOCK_BRONZE
SPC,LATEST,cash_flow,order,51.0,ACTUAL,VNSTOCK_BRONZE
SPC,LATEST,cash_flow,level,1.0,ACTUAL,VNSTOCK_BRONZE
SPC,LATEST,cash_flow,value,19874190151.0,ACTUAL,VNSTOCK_BRONZE
SPC,LATEST,cash_flow,order,1.0,ACTUAL,VNSTOCK_BRONZE
SPC,LATEST,cash_flow,level,1.0,ACTUAL,VNSTOCK_BRONZE
SPC,LATEST,cash_flow,value,9808743676.0,ACTUAL,VNSTOCK_BRONZE
SPC,LATEST,cash_flow,order,2.0,ACTUAL,VNSTOCK_BRONZE
SPC,LATEST,cash_flow,level,2.0,ACTUAL,VNSTOCK_BRONZE
SPC,LATEST,cash_flow,value,0.0,ACTUAL,VNSTOCK_BRONZE
SPC,LATEST,cash_flow,order,3.0,ACTUAL,VNSTOCK_BRONZE
SPC,LATEST,cash_flow,level,2.0,ACTUAL,VNSTOCK_BRONZE
SPC,LATEST,cash_flow,value,0.0,ACTUAL,VNSTOCK_BRONZE
SPC,LATEST,cash_flow,order,4.0,ACTUAL,VNSTOCK_BRONZE
SPC,LATEST,cash_flow,level,2.0,ACTUAL,VNSTOCK_BRONZE
SPC,LATEST,cash_flow,value,0.0,ACTUAL,VNSTOCK_BRONZE
SPC,LATEST,cash_flow,order,5.0,ACTUAL,VNSTOCK_BRONZE
SPC,LATEST,cash_flow,level,2.0,ACTUAL,VNSTOCK_BRONZE
SPC,LATEST,cash_flow,value,0.0,ACTUAL,VNSTOCK_BRONZE
SPC,LATEST,cash_flow,order,6.0,ACTUAL,VNSTOCK_BRONZE
SPC,LATEST,cash_flow,level,2.0,ACTUAL,VNSTOCK_BRONZE
SPC,LATEST,cash_flow,value,0.0,ACTUAL,VNSTOCK_BRONZE
SPC,LATEST,cash_flow,order,7.0,ACTUAL,VNSTOCK_BRONZE
SPC,LATEST,cash_flow,level,2.0,ACTUAL,VNSTOCK_BRONZE
SPC,LATEST,cash_flow,value,0.0,ACTUAL,VNSTOCK_BRONZE
SPC,LATEST,cash_flow,order,8.0,ACTUAL,VNSTOCK_BRONZE
SPC,LATEST,cash_flow,level,2.0,ACTUAL,VNSTOCK_BRONZE
SPC,LATEST,cash_flow,value,0.0,ACTUAL,VNSTOCK_BRONZE
SPC,LATEST,cash_flow,order,9.0,ACTUAL,VNSTOCK_BRONZE
SPC,LATEST,cash_flow,level,2.0,ACTUAL,VNSTOCK_BRONZE
SPC,LATEST,cash_flow,value,0.0,ACTUAL,VNSTOCK_BRONZE
SPC,LATEST,cash_flow,order,10.0,ACTUAL,VNSTOCK_BRONZE
SPC,LATEST,cash_flow,level,2.0,ACTUAL,VNSTOCK_BRONZE
SPC,LATEST,cash_flow,value,0.0,ACTUAL,VNSTOCK_BRONZE
SPC,LATEST,cash_flow,order,11.0,ACTUAL,VNSTOCK_BRONZE
SPC,LATEST,cash_flow,level,2.0,ACTUAL,VNSTOCK_BRONZE
SPC,LATEST,cash_flow,value,0.0,ACTUAL,VNSTOCK_BRONZE
SPC,LATEST,cash_flow,order,12.0,ACTUAL,VNSTOCK_BRONZE
SPC,LATEST,cash_flow,level,2.0,ACTUAL,VNSTOCK_BRONZE
SPC,LATEST,cash_flow,value,0.0,ACTUAL,VNSTOCK_BRONZE
SPC,LATEST,cash_flow,order,13.0,ACTUAL,VNSTOCK_BRONZE
SPC,LATEST,cash_flow,level,2.0,ACTUAL,VNSTOCK_BRONZE
SPC,LATEST,cash_flow,value,0.0,ACTUAL,VNSTOCK_BRONZE
SPC,LATEST,cash_flow,order,14.0,ACTUAL,VNSTOCK_BRONZE
SPC,LATEST,cash_flow,level,2.0,ACTUAL,VNSTOCK_BRONZE
SPC,LATEST,cash_flow,order,15.0,ACTUAL,VNSTOCK_BRONZE
SPC,LATEST,cash_flow,level,2.0,ACTUAL,VNSTOCK_BRONZE
SPC,LATEST,cash_flow,order,16.0,ACTUAL,VNSTOCK_BRONZE
SPC,LATEST,cash_flow,level,2.0,ACTUAL,VNSTOCK_BRONZE
SPC,LATEST,cash_flow,order,17.0,ACTUAL,VNSTOCK_BRONZE
SPC,LATEST,cash_flow,level,2.0,ACTUAL,VNSTOCK_BRONZE
SPC,LATEST,cash_flow,order,18.0,ACTUAL,VNSTOCK_BRONZE
SPC,LATEST,cash_flow,level,2.0,ACTUAL,VNSTOCK_BRONZE
SPC,LATEST,cash_flow,order,19.0,ACTUAL,VNSTOCK_BRONZE
SPC,LATEST,cash_flow,level,2.0,ACTUAL,VNSTOCK_BRONZE
SPC,LATEST,cash_flow,order,20.0,ACTUAL,VNSTOCK_BRONZE
SPC,LATEST,cash_flow,level,2.0,ACTUAL,VNSTOCK_BRONZE
SPC,LATEST,cash_flow,order,21.0,ACTUAL,VNSTOCK_BRONZE
SPC,LATEST,cash_flow,level,2.0,ACTUAL,VNSTOCK_BRONZE
SPC,LATEST,cash_flow,order,22.0,ACTUAL,VNSTOCK_BRONZE
SPC,LATEST,cash_flow,level,2.0,ACTUAL,VNSTOCK_BRONZE
SPC,LATEST,cash_flow,order,23.0,ACTUAL,VNSTOCK_BRONZE
SPC,LATEST,cash_flow,level,2.0,ACTUAL,VNSTOCK_BRONZE
SPC,LATEST,cash_flow,order,24.0,ACTUAL,VNSTOCK_BRONZE
SPC,LATEST,cash_flow,level,2.0,ACTUAL,VNSTOCK_BRONZE
SPC,LATEST,cash_flow,value,0.0,ACTUAL,VNSTOCK_BRONZE
SPC,LATEST,cash_flow,order,25.0,ACTUAL,VNSTOCK_BRONZE
SPC,LATEST,cash_flow,level,2.0,ACTUAL,VNSTOCK_BRONZE
SPC,LATEST,cash_flow,value,0.0,ACTUAL,VNSTOCK_BRONZE
SPC,LATEST,cash_flow,order,26.0,ACTUAL,VNSTOCK_BRONZE
SPC,LATEST,cash_flow,level,2.0,ACTUAL,VNSTOCK_BRONZE
SPC,LATEST,cash_flow,value,0.0,ACTUAL,VNSTOCK_BRONZE
SPC,LATEST,cash_flow,order,27.0,ACTUAL,VNSTOCK_BRONZE
SPC,LATEST,cash_flow,level,2.0,ACTUAL,VNSTOCK_BRONZE
SPC,LATEST,cash_flow,value,0.0,ACTUAL,VNSTOCK_BRONZE
SPC,LATEST,cash_flow,order,28.0,ACTUAL,VNSTOCK_BRONZE
SPC,LATEST,cash_flow,level,2.0,ACTUAL,VNSTOCK_BRONZE
SPC,LATEST,cash_flow,value,0.0,ACTUAL,VNSTOCK_BRONZE
SPC,LATEST,cash_flow,order,29.0,ACTUAL,VNSTOCK_BRONZE
SPC,LATEST,cash_flow,level,2.0,ACTUAL,VNSTOCK_BRONZE
SPC,LATEST,cash_flow,order,30.0,ACTUAL,VNSTOCK_BRONZE
SPC,LATEST,cash_flow,level,2.0,ACTUAL,VNSTOCK_BRONZE
SPC,LATEST,cash_flow,value,0.0,ACTUAL,VNSTOCK_BRONZE
SPC,LATEST,cash_flow,order,31.0,ACTUAL,VNSTOCK_BRONZE
SPC,LATEST,cash_flow,level,2.0,ACTUAL,VNSTOCK_BRONZE
SPC,LATEST,cash_flow,value,9808743676.0,ACTUAL,VNSTOCK_BRONZE
SPC,LATEST,cash_flow,order,32.0,ACTUAL,VNSTOCK_BRONZE
SPC,LATEST,cash_flow,level,1.0,ACTUAL,VNSTOCK_BRONZE
SPC,LATEST,cash_flow,value,445799008.0,ACTUAL,VNSTOCK_BRONZE
SPC,LATEST,cash_flow,order,33.0,ACTUAL,VNSTOCK_BRONZE
SPC,LATEST,cash_flow,level,2.0,ACTUAL,VNSTOCK_BRONZE
SPC,LATEST,cash_flow,value,0.0,ACTUAL,VNSTOCK_BRONZE
SPC,LATEST,cash_flow,order,34.0,ACTUAL,VNSTOCK_BRONZE
SPC,LATEST,cash_flow,level,2.0,ACTUAL,VNSTOCK_BRONZE
SPC,LATEST,cash_flow,value,428418181.0,ACTUAL,VNSTOCK_BRONZE
SPC,LATEST,cash_flow,order,35.0,ACTUAL,VNSTOCK_BRONZE
SPC,LATEST,cash_flow,level,2.0,ACTUAL,VNSTOCK_BRONZE
SPC,LATEST,cash_flow,value,0.0,ACTUAL,VNSTOCK_BRONZE
SPC,LATEST,cash_flow,order,36.0,ACTUAL,VNSTOCK_BRONZE
SPC,LATEST,cash_flow,level,2.0,ACTUAL,VNSTOCK_BRONZE
SPC,LATEST,cash_flow,value,0.0,ACTUAL,VNSTOCK_BRONZE
SPC,LATEST,cash_flow,order,37.0,ACTUAL,VNSTOCK_BRONZE
SPC,LATEST,cash_flow,level,2.0,ACTUAL,VNSTOCK_BRONZE
SPC,LATEST,cash_flow,value,0.0,ACTUAL,VNSTOCK_BRONZE
SPC,LATEST,cash_flow,order,38.0,ACTUAL,VNSTOCK_BRONZE
SPC,LATEST,cash_flow,level,2.0,ACTUAL,VNSTOCK_BRONZE
SPC,LATEST,cash_flow,value,0.0,ACTUAL,VNSTOCK_BRONZE
SPC,LATEST,cash_flow,order,39.0,ACTUAL,VNSTOCK_BRONZE
SPC,LATEST,cash_flow,level,2.0,ACTUAL,VNSTOCK_BRONZE
SPC,LATEST,cash_flow,value,17380827.0,ACTUAL,VNSTOCK_BRONZE
SPC,LATEST,cash_flow,order,40.0,ACTUAL,VNSTOCK_BRONZE
SPC,LATEST,cash_flow,level,1.0,ACTUAL,VNSTOCK_BRONZE
SPC,LATEST,cash_flow,order,41.0,ACTUAL,VNSTOCK_BRONZE
SPC,LATEST,cash_flow,level,2.0,ACTUAL,VNSTOCK_BRONZE
SPC,LATEST,cash_flow,value,0.0,ACTUAL,VNSTOCK_BRONZE
SPC,LATEST,cash_flow,order,42.0,ACTUAL,VNSTOCK_BRONZE
SPC,LATEST,cash_flow,level,2.0,ACTUAL,VNSTOCK_BRONZE
SPC,LATEST,cash_flow,value,0.0,ACTUAL,VNSTOCK_BRONZE
SPC,LATEST,cash_flow,order,43.0,ACTUAL,VNSTOCK_BRONZE
SPC,LATEST,cash_flow,level,2.0,ACTUAL,VNSTOCK_BRONZE
SPC,LATEST,cash_flow,value,94542353322.0,ACTUAL,VNSTOCK_BRONZE
SPC,LATEST,cash_flow,order,44.0,ACTUAL,VNSTOCK_BRONZE
SPC,LATEST,cash_flow,level,2.0,ACTUAL,VNSTOCK_BRONZE
SPC,LATEST,cash_flow,value,-94610674470.0,ACTUAL,VNSTOCK_BRONZE
SPC,LATEST,cash_flow,order,45.0,ACTUAL,VNSTOCK_BRONZE
SPC,LATEST,cash_flow,level,2.0,ACTUAL,VNSTOCK_BRONZE
SPC,LATEST,cash_flow,value,-112287852.0,ACTUAL,VNSTOCK_BRONZE
SPC,LATEST,cash_flow,order,46.0,ACTUAL,VNSTOCK_BRONZE
SPC,LATEST,cash_flow,level,2.0,ACTUAL,VNSTOCK_BRONZE
SPC,LATEST,cash_flow,value,-225776000.0,ACTUAL,VNSTOCK_BRONZE
SPC,LATEST,cash_flow,order,47.0,ACTUAL,VNSTOCK_BRONZE
SPC,LATEST,cash_flow,level,2.0,ACTUAL,VNSTOCK_BRONZE
SPC,LATEST,cash_flow,value,26620128837.0,ACTUAL,VNSTOCK_BRONZE
SPC,LATEST,cash_flow,order,48.0,ACTUAL,VNSTOCK_BRONZE
SPC,LATEST,cash_flow,level,1.0,ACTUAL,VNSTOCK_BRONZE
SPC,LATEST,cash_flow,order,49.0,ACTUAL,VNSTOCK_BRONZE
SPC,LATEST,cash_flow,level,1.0,ACTUAL,VNSTOCK_BRONZE
SPC,LATEST,cash_flow,order,50.0,ACTUAL,VNSTOCK_BRONZE
SPC,LATEST,cash_flow,level,1.0,ACTUAL,VNSTOCK_BRONZE
SPC,LATEST,cash_flow,order,51.0,ACTUAL,VNSTOCK_BRONZE
SPC,LATEST,cash_flow,level,1.0,ACTUAL,VNSTOCK_BRONZE
SPC,LATEST,cash_flow,value,27026513837.0,ACTUAL,VNSTOCK_BRONZE
SPC,LATEST,cash_flow,order,1.0,ACTUAL,VNSTOCK_BRONZE
SPC,LATEST,cash_flow,level,1.0,ACTUAL,VNSTOCK_BRONZE
SPC,LATEST,cash_flow,value,5170790762.0,ACTUAL,VNSTOCK_BRONZE
SPC,LATEST,cash_flow,order,2.0,ACTUAL,VNSTOCK_BRONZE
SPC,LATEST,cash_flow,level,2.0,ACTUAL,VNSTOCK_BRONZE
SPC,LATEST,cash_flow,value,0.0,ACTUAL,VNSTOCK_BRONZE
SPC,LATEST,cash_flow,order,3.0,ACTUAL,VNSTOCK_BRONZE
SPC,LATEST,cash_flow,level,2.0,ACTUAL,VNSTOCK_BRONZE
SPC,LATEST,cash_flow,value,0.0,ACTUAL,VNSTOCK_BRONZE
SPC,LATEST,cash_flow,order,4.0,ACTUAL,VNSTOCK_BRONZE
SPC,LATEST,cash_flow,level,2.0,ACTUAL,VNSTOCK_BRONZE
SPC,LATEST,cash_flow,value,0.0,ACTUAL,VNSTOCK_BRONZE
SPC,LATEST,cash_flow,order,5.0,ACTUAL,VNSTOCK_BRONZE
SPC,LATEST,cash_flow,level,2.0,ACTUAL,VNSTOCK_BRONZE
SPC,LATEST,cash_flow,value,0.0,ACTUAL,VNSTOCK_BRONZE
SPC,LATEST,cash_flow,order,6.0,ACTUAL,VNSTOCK_BRONZE
SPC,LATEST,cash_flow,level,2.0,ACTUAL,VNSTOCK_BRONZE
SPC,LATEST,cash_flow,value,0.0,ACTUAL,VNSTOCK_BRONZE
SPC,LATEST,cash_flow,order,7.0,ACTUAL,VNSTOCK_BRONZE
SPC,LATEST,cash_flow,level,2.0,ACTUAL,VNSTOCK_BRONZE
SPC,LATEST,cash_flow,value,0.0,ACTUAL,VNSTOCK_BRONZE
SPC,LATEST,cash_flow,order,8.0,ACTUAL,VNSTOCK_BRONZE
SPC,LATEST,cash_flow,level,2.0,ACTUAL,VNSTOCK_BRONZE
SPC,LATEST,cash_flow,value,0.0,ACTUAL,VNSTOCK_BRONZE
SPC,LATEST,cash_flow,order,9.0,ACTUAL,VNSTOCK_BRONZE
SPC,LATEST,cash_flow,level,2.0,ACTUAL,VNSTOCK_BRONZE
SPC,LATEST,cash_flow,value,0.0,ACTUAL,VNSTOCK_BRONZE
SPC,LATEST,cash_flow,order,10.0,ACTUAL,VNSTOCK_BRONZE
SPC,LATEST,cash_flow,level,2.0,ACTUAL,VNSTOCK_BRONZE
SPC,LATEST,cash_flow,value,0.0,ACTUAL,VNSTOCK_BRONZE
SPC,LATEST,cash_flow,order,11.0,ACTUAL,VNSTOCK_BRONZE
SPC,LATEST,cash_flow,level,2.0,ACTUAL,VNSTOCK_BRONZE
SPC,LATEST,cash_flow,value,0.0,ACTUAL,VNSTOCK_BRONZE
SPC,LATEST,cash_flow,order,12.0,ACTUAL,VNSTOCK_BRONZE
SPC,LATEST,cash_flow,level,2.0,ACTUAL,VNSTOCK_BRONZE
SPC,LATEST,cash_flow,value,0.0,ACTUAL,VNSTOCK_BRONZE
SPC,LATEST,cash_flow,order,13.0,ACTUAL,VNSTOCK_BRONZE
SPC,LATEST,cash_flow,level,2.0,ACTUAL,VNSTOCK_BRONZE
SPC,LATEST,cash_flow,value,0.0,ACTUAL,VNSTOCK_BRONZE
SPC,LATEST,cash_flow,order,14.0,ACTUAL,VNSTOCK_BRONZE
SPC,LATEST,cash_flow,level,2.0,ACTUAL,VNSTOCK_BRONZE
SPC,LATEST,cash_flow,order,15.0,ACTUAL,VNSTOCK_BRONZE
SPC,LATEST,cash_flow,level,2.0,ACTUAL,VNSTOCK_BRONZE
SPC,LATEST,cash_flow,order,16.0,ACTUAL,VNSTOCK_BRONZE
SPC,LATEST,cash_flow,level,2.0,ACTUAL,VNSTOCK_BRONZE
SPC,LATEST,cash_flow,order,17.0,ACTUAL,VNSTOCK_BRONZE
SPC,LATEST,cash_flow,level,2.0,ACTUAL,VNSTOCK_BRONZE
SPC,LATEST,cash_flow,order,18.0,ACTUAL,VNSTOCK_BRONZE
SPC,LATEST,cash_flow,level,2.0,ACTUAL,VNSTOCK_BRONZE
SPC,LATEST,cash_flow,order,19.0,ACTUAL,VNSTOCK_BRONZE
SPC,LATEST,cash_flow,level,2.0,ACTUAL,VNSTOCK_BRONZE
SPC,LATEST,cash_flow,order,20.0,ACTUAL,VNSTOCK_BRONZE
SPC,LATEST,cash_flow,level,2.0,ACTUAL,VNSTOCK_BRONZE
SPC,LATEST,cash_flow,order,21.0,ACTUAL,VNSTOCK_BRONZE
SPC,LATEST,cash_flow,level,2.0,ACTUAL,VNSTOCK_BRONZE
SPC,LATEST,cash_flow,order,22.0,ACTUAL,VNSTOCK_BRONZE
SPC,LATEST,cash_flow,level,2.0,ACTUAL,VNSTOCK_BRONZE
SPC,LATEST,cash_flow,order,23.0,ACTUAL,VNSTOCK_BRONZE
SPC,LATEST,cash_flow,level,2.0,ACTUAL,VNSTOCK_BRONZE
SPC,LATEST,cash_flow,order,24.0,ACTUAL,VNSTOCK_BRONZE
SPC,LATEST,cash_flow,level,2.0,ACTUAL,VNSTOCK_BRONZE
SPC,LATEST,cash_flow,value,0.0,ACTUAL,VNSTOCK_BRONZE
SPC,LATEST,cash_flow,order,25.0,ACTUAL,VNSTOCK_BRONZE
SPC,LATEST,cash_flow,level,2.0,ACTUAL,VNSTOCK_BRONZE
SPC,LATEST,cash_flow,value,0.0,ACTUAL,VNSTOCK_BRONZE
SPC,LATEST,cash_flow,order,26.0,ACTUAL,VNSTOCK_BRONZE
SPC,LATEST,cash_flow,level,2.0,ACTUAL,VNSTOCK_BRONZE
SPC,LATEST,cash_flow,value,0.0,ACTUAL,VNSTOCK_BRONZE
SPC,LATEST,cash_flow,order,27.0,ACTUAL,VNSTOCK_BRONZE
SPC,LATEST,cash_flow,level,2.0,ACTUAL,VNSTOCK_BRONZE
SPC,LATEST,cash_flow,value,0.0,ACTUAL,VNSTOCK_BRONZE
SPC,LATEST,cash_flow,order,28.0,ACTUAL,VNSTOCK_BRONZE
SPC,LATEST,cash_flow,level,2.0,ACTUAL,VNSTOCK_BRONZE
SPC,LATEST,cash_flow,value,0.0,ACTUAL,VNSTOCK_BRONZE
SPC,LATEST,cash_flow,order,29.0,ACTUAL,VNSTOCK_BRONZE
SPC,LATEST,cash_flow,level,2.0,ACTUAL,VNSTOCK_BRONZE
SPC,LATEST,cash_flow,order,30.0,ACTUAL,VNSTOCK_BRONZE
SPC,LATEST,cash_flow,level,2.0,ACTUAL,VNSTOCK_BRONZE
SPC,LATEST,cash_flow,value,0.0,ACTUAL,VNSTOCK_BRONZE
SPC,LATEST,cash_flow,order,31.0,ACTUAL,VNSTOCK_BRONZE
SPC,LATEST,cash_flow,level,2.0,ACTUAL,VNSTOCK_BRONZE
SPC,LATEST,cash_flow,value,0.0,ACTUAL,VNSTOCK_BRONZE
SPC,LATEST,cash_flow,order,32.0,ACTUAL,VNSTOCK_BRONZE
SPC,LATEST,cash_flow,level,1.0,ACTUAL,VNSTOCK_BRONZE
SPC,LATEST,cash_flow,value,719580614.0,ACTUAL,VNSTOCK_BRONZE
SPC,LATEST,cash_flow,order,33.0,ACTUAL,VNSTOCK_BRONZE
SPC,LATEST,cash_flow,level,2.0,ACTUAL,VNSTOCK_BRONZE
SPC,LATEST,cash_flow,value,0.0,ACTUAL,VNSTOCK_BRONZE
SPC,LATEST,cash_flow,order,34.0,ACTUAL,VNSTOCK_BRONZE
SPC,LATEST,cash_flow,level,2.0,ACTUAL,VNSTOCK_BRONZE
SPC,LATEST,cash_flow,value,709500000.0,ACTUAL,VNSTOCK_BRONZE
SPC,LATEST,cash_flow,order,35.0,ACTUAL,VNSTOCK_BRONZE
SPC,LATEST,cash_flow,level,2.0,ACTUAL,VNSTOCK_BRONZE
SPC,LATEST,cash_flow,value,0.0,ACTUAL,VNSTOCK_BRONZE
SPC,LATEST,cash_flow,order,36.0,ACTUAL,VNSTOCK_BRONZE
SPC,LATEST,cash_flow,level,2.0,ACTUAL,VNSTOCK_BRONZE
SPC,LATEST,cash_flow,value,0.0,ACTUAL,VNSTOCK_BRONZE
SPC,LATEST,cash_flow,order,37.0,ACTUAL,VNSTOCK_BRONZE
SPC,LATEST,cash_flow,level,2.0,ACTUAL,VNSTOCK_BRONZE
SPC,LATEST,cash_flow,value,0.0,ACTUAL,VNSTOCK_BRONZE
SPC,LATEST,cash_flow,order,38.0,ACTUAL,VNSTOCK_BRONZE
SPC,LATEST,cash_flow,level,2.0,ACTUAL,VNSTOCK_BRONZE
SPC,LATEST,cash_flow,value,0.0,ACTUAL,VNSTOCK_BRONZE
SPC,LATEST,cash_flow,order,39.0,ACTUAL,VNSTOCK_BRONZE
SPC,LATEST,cash_flow,level,2.0,ACTUAL,VNSTOCK_BRONZE
SPC,LATEST,cash_flow,value,10080614.0,ACTUAL,VNSTOCK_BRONZE
SPC,LATEST,cash_flow,order,40.0,ACTUAL,VNSTOCK_BRONZE
SPC,LATEST,cash_flow,level,1.0,ACTUAL,VNSTOCK_BRONZE
SPC,LATEST,cash_flow,order,41.0,ACTUAL,VNSTOCK_BRONZE
SPC,LATEST,cash_flow,level,2.0,ACTUAL,VNSTOCK_BRONZE
SPC,LATEST,cash_flow,value,0.0,ACTUAL,VNSTOCK_BRONZE
SPC,LATEST,cash_flow,order,42.0,ACTUAL,VNSTOCK_BRONZE
SPC,LATEST,cash_flow,level,2.0,ACTUAL,VNSTOCK_BRONZE
SPC,LATEST,cash_flow,value,0.0,ACTUAL,VNSTOCK_BRONZE
SPC,LATEST,cash_flow,order,43.0,ACTUAL,VNSTOCK_BRONZE
SPC,LATEST,cash_flow,level,2.0,ACTUAL,VNSTOCK_BRONZE
SPC,LATEST,cash_flow,value,100707363619.0,ACTUAL,VNSTOCK_BRONZE
SPC,LATEST,cash_flow,order,44.0,ACTUAL,VNSTOCK_BRONZE
SPC,LATEST,cash_flow,level,2.0,ACTUAL,VNSTOCK_BRONZE
SPC,LATEST,cash_flow,value,-96358778220.0,ACTUAL,VNSTOCK_BRONZE
SPC,LATEST,cash_flow,order,45.0,ACTUAL,VNSTOCK_BRONZE
SPC,LATEST,cash_flow,level,2.0,ACTUAL,VNSTOCK_BRONZE
SPC,LATEST,cash_flow,value,-112287852.0,ACTUAL,VNSTOCK_BRONZE
SPC,LATEST,cash_flow,order,46.0,ACTUAL,VNSTOCK_BRONZE
SPC,LATEST,cash_flow,level,2.0,ACTUAL,VNSTOCK_BRONZE
SPC,LATEST,cash_flow,value,-18600000.0,ACTUAL,VNSTOCK_BRONZE
SPC,LATEST,cash_flow,order,47.0,ACTUAL,VNSTOCK_BRONZE
SPC,LATEST,cash_flow,level,2.0,ACTUAL,VNSTOCK_BRONZE
SPC,LATEST,cash_flow,value,21129709564.0,ACTUAL,VNSTOCK_BRONZE
SPC,LATEST,cash_flow,order,48.0,ACTUAL,VNSTOCK_BRONZE
SPC,LATEST,cash_flow,level,1.0,ACTUAL,VNSTOCK_BRONZE
SPC,LATEST,cash_flow,order,49.0,ACTUAL,VNSTOCK_BRONZE
SPC,LATEST,cash_flow,level,1.0,ACTUAL,VNSTOCK_BRONZE
SPC,LATEST,cash_flow,order,50.0,ACTUAL,VNSTOCK_BRONZE
SPC,LATEST,cash_flow,level,1.0,ACTUAL,VNSTOCK_BRONZE
SPC,LATEST,cash_flow,order,51.0,ACTUAL,VNSTOCK_BRONZE
SPC,LATEST,cash_flow,level,1.0,ACTUAL,VNSTOCK_BRONZE
SPC,LATEST,cash_flow,value,16912012017.0,ACTUAL,VNSTOCK_BRONZE
SPC,LATEST,cash_flow,order,1.0,ACTUAL,VNSTOCK_BRONZE
SPC,LATEST,cash_flow,level,1.0,ACTUAL,VNSTOCK_BRONZE
SPC,LATEST,cash_flow,value,7635518096.0,ACTUAL,VNSTOCK_BRONZE
SPC,LATEST,cash_flow,order,2.0,ACTUAL,VNSTOCK_BRONZE
SPC,LATEST,cash_flow,level,2.0,ACTUAL,VNSTOCK_BRONZE
SPC,LATEST,cash_flow,value,0.0,ACTUAL,VNSTOCK_BRONZE
SPC,LATEST,cash_flow,order,3.0,ACTUAL,VNSTOCK_BRONZE
SPC,LATEST,cash_flow,level,2.0,ACTUAL,VNSTOCK_BRONZE
SPC,LATEST,cash_flow,value,0.0,ACTUAL,VNSTOCK_BRONZE
SPC,LATEST,cash_flow,order,4.0,ACTUAL,VNSTOCK_BRONZE
SPC,LATEST,cash_flow,level,2.0,ACTUAL,VNSTOCK_BRONZE
SPC,LATEST,cash_flow,value,0.0,ACTUAL,VNSTOCK_BRONZE
SPC,LATEST,cash_flow,order,5.0,ACTUAL,VNSTOCK_BRONZE
SPC,LATEST,cash_flow,level,2.0,ACTUAL,VNSTOCK_BRONZE
SPC,LATEST,cash_flow,value,0.0,ACTUAL,VNSTOCK_BRONZE
SPC,LATEST,cash_flow,order,6.0,ACTUAL,VNSTOCK_BRONZE
SPC,LATEST,cash_flow,level,2.0,ACTUAL,VNSTOCK_BRONZE
SPC,LATEST,cash_flow,value,0.0,ACTUAL,VNSTOCK_BRONZE
SPC,LATEST,cash_flow,order,7.0,ACTUAL,VNSTOCK_BRONZE
SPC,LATEST,cash_flow,level,2.0,ACTUAL,VNSTOCK_BRONZE
SPC,LATEST,cash_flow,value,0.0,ACTUAL,VNSTOCK_BRONZE
SPC,LATEST,cash_flow,order,8.0,ACTUAL,VNSTOCK_BRONZE
SPC,LATEST,cash_flow,level,2.0,ACTUAL,VNSTOCK_BRONZE
SPC,LATEST,cash_flow,value,0.0,ACTUAL,VNSTOCK_BRONZE
SPC,LATEST,cash_flow,order,9.0,ACTUAL,VNSTOCK_BRONZE
SPC,LATEST,cash_flow,level,2.0,ACTUAL,VNSTOCK_BRONZE
SPC,LATEST,cash_flow,value,0.0,ACTUAL,VNSTOCK_BRONZE
SPC,LATEST,cash_flow,order,10.0,ACTUAL,VNSTOCK_BRONZE
SPC,LATEST,cash_flow,level,2.0,ACTUAL,VNSTOCK_BRONZE
SPC,LATEST,cash_flow,value,0.0,ACTUAL,VNSTOCK_BRONZE
SPC,LATEST,cash_flow,order,11.0,ACTUAL,VNSTOCK_BRONZE
SPC,LATEST,cash_flow,level,2.0,ACTUAL,VNSTOCK_BRONZE
SPC,LATEST,cash_flow,value,0.0,ACTUAL,VNSTOCK_BRONZE
SPC,LATEST,cash_flow,order,12.0,ACTUAL,VNSTOCK_BRONZE
SPC,LATEST,cash_flow,level,2.0,ACTUAL,VNSTOCK_BRONZE
SPC,LATEST,cash_flow,value,0.0,ACTUAL,VNSTOCK_BRONZE
SPC,LATEST,cash_flow,order,13.0,ACTUAL,VNSTOCK_BRONZE
SPC,LATEST,cash_flow,level,2.0,ACTUAL,VNSTOCK_BRONZE
SPC,LATEST,cash_flow,value,0.0,ACTUAL,VNSTOCK_BRONZE
SPC,LATEST,cash_flow,order,14.0,ACTUAL,VNSTOCK_BRONZE
SPC,LATEST,cash_flow,level,2.0,ACTUAL,VNSTOCK_BRONZE
SPC,LATEST,cash_flow,order,15.0,ACTUAL,VNSTOCK_BRONZE
SPC,LATEST,cash_flow,level,2.0,ACTUAL,VNSTOCK_BRONZE
SPC,LATEST,cash_flow,order,16.0,ACTUAL,VNSTOCK_BRONZE
SPC,LATEST,cash_flow,level,2.0,ACTUAL,VNSTOCK_BRONZE
SPC,LATEST,cash_flow,order,17.0,ACTUAL,VNSTOCK_BRONZE
SPC,LATEST,cash_flow,level,2.0,ACTUAL,VNSTOCK_BRONZE
SPC,LATEST,cash_flow,order,18.0,ACTUAL,VNSTOCK_BRONZE
SPC,LATEST,cash_flow,level,2.0,ACTUAL,VNSTOCK_BRONZE
SPC,LATEST,cash_flow,order,19.0,ACTUAL,VNSTOCK_BRONZE
SPC,LATEST,cash_flow,level,2.0,ACTUAL,VNSTOCK_BRONZE
SPC,LATEST,cash_flow,order,20.0,ACTUAL,VNSTOCK_BRONZE
SPC,LATEST,cash_flow,level,2.0,ACTUAL,VNSTOCK_BRONZE
SPC,LATEST,cash_flow,order,21.0,ACTUAL,VNSTOCK_BRONZE
SPC,LATEST,cash_flow,level,2.0,ACTUAL,VNSTOCK_BRONZE
SPC,LATEST,cash_flow,order,22.0,ACTUAL,VNSTOCK_BRONZE
SPC,LATEST,cash_flow,level,2.0,ACTUAL,VNSTOCK_BRONZE
SPC,LATEST,cash_flow,order,23.0,ACTUAL,VNSTOCK_BRONZE
SPC,LATEST,cash_flow,level,2.0,ACTUAL,VNSTOCK_BRONZE
SPC,LATEST,cash_flow,order,24.0,ACTUAL,VNSTOCK_BRONZE
SPC,LATEST,cash_flow,level,2.0,ACTUAL,VNSTOCK_BRONZE
SPC,LATEST,cash_flow,value,0.0,ACTUAL,VNSTOCK_BRONZE
SPC,LATEST,cash_flow,order,25.0,ACTUAL,VNSTOCK_BRONZE
SPC,LATEST,cash_flow,level,2.0,ACTUAL,VNSTOCK_BRONZE
SPC,LATEST,cash_flow,value,0.0,ACTUAL,VNSTOCK_BRONZE
SPC,LATEST,cash_flow,order,26.0,ACTUAL,VNSTOCK_BRONZE
SPC,LATEST,cash_flow,level,2.0,ACTUAL,VNSTOCK_BRONZE
SPC,LATEST,cash_flow,value,0.0,ACTUAL,VNSTOCK_BRONZE
SPC,LATEST,cash_flow,order,27.0,ACTUAL,VNSTOCK_BRONZE
SPC,LATEST,cash_flow,level,2.0,ACTUAL,VNSTOCK_BRONZE
SPC,LATEST,cash_flow,value,0.0,ACTUAL,VNSTOCK_BRONZE
SPC,LATEST,cash_flow,order,28.0,ACTUAL,VNSTOCK_BRONZE
SPC,LATEST,cash_flow,level,2.0,ACTUAL,VNSTOCK_BRONZE
SPC,LATEST,cash_flow,value,0.0,ACTUAL,VNSTOCK_BRONZE
SPC,LATEST,cash_flow,order,29.0,ACTUAL,VNSTOCK_BRONZE
SPC,LATEST,cash_flow,level,2.0,ACTUAL,VNSTOCK_BRONZE
SPC,LATEST,cash_flow,order,30.0,ACTUAL,VNSTOCK_BRONZE
SPC,LATEST,cash_flow,level,2.0,ACTUAL,VNSTOCK_BRONZE
SPC,LATEST,cash_flow,value,0.0,ACTUAL,VNSTOCK_BRONZE
SPC,LATEST,cash_flow,order,31.0,ACTUAL,VNSTOCK_BRONZE
SPC,LATEST,cash_flow,level,2.0,ACTUAL,VNSTOCK_BRONZE
SPC,LATEST,cash_flow,value,0.0,ACTUAL,VNSTOCK_BRONZE
SPC,LATEST,cash_flow,order,32.0,ACTUAL,VNSTOCK_BRONZE
SPC,LATEST,cash_flow,level,1.0,ACTUAL,VNSTOCK_BRONZE
SPC,LATEST,cash_flow,value,20953214.0,ACTUAL,VNSTOCK_BRONZE
SPC,LATEST,cash_flow,order,33.0,ACTUAL,VNSTOCK_BRONZE
SPC,LATEST,cash_flow,level,2.0,ACTUAL,VNSTOCK_BRONZE
SPC,LATEST,cash_flow,value,0.0,ACTUAL,VNSTOCK_BRONZE
SPC,LATEST,cash_flow,order,34.0,ACTUAL,VNSTOCK_BRONZE
SPC,LATEST,cash_flow,level,2.0,ACTUAL,VNSTOCK_BRONZE
SPC,LATEST,cash_flow,value,185800000.0,ACTUAL,VNSTOCK_BRONZE
SPC,LATEST,cash_flow,order,35.0,ACTUAL,VNSTOCK_BRONZE
SPC,LATEST,cash_flow,level,2.0,ACTUAL,VNSTOCK_BRONZE
SPC,LATEST,cash_flow,value,0.0,ACTUAL,VNSTOCK_BRONZE
SPC,LATEST,cash_flow,order,36.0,ACTUAL,VNSTOCK_BRONZE
SPC,LATEST,cash_flow,level,2.0,ACTUAL,VNSTOCK_BRONZE
SPC,LATEST,cash_flow,value,0.0,ACTUAL,VNSTOCK_BRONZE
SPC,LATEST,cash_flow,order,37.0,ACTUAL,VNSTOCK_BRONZE
SPC,LATEST,cash_flow,level,2.0,ACTUAL,VNSTOCK_BRONZE
SPC,LATEST,cash_flow,value,0.0,ACTUAL,VNSTOCK_BRONZE
SPC,LATEST,cash_flow,order,38.0,ACTUAL,VNSTOCK_BRONZE
SPC,LATEST,cash_flow,level,2.0,ACTUAL,VNSTOCK_BRONZE
SPC,LATEST,cash_flow,value,0.0,ACTUAL,VNSTOCK_BRONZE
SPC,LATEST,cash_flow,order,39.0,ACTUAL,VNSTOCK_BRONZE
SPC,LATEST,cash_flow,level,2.0,ACTUAL,VNSTOCK_BRONZE
SPC,LATEST,cash_flow,value,-164846786.0,ACTUAL,VNSTOCK_BRONZE
SPC,LATEST,cash_flow,order,40.0,ACTUAL,VNSTOCK_BRONZE
SPC,LATEST,cash_flow,level,1.0,ACTUAL,VNSTOCK_BRONZE
SPC,LATEST,cash_flow,order,41.0,ACTUAL,VNSTOCK_BRONZE
SPC,LATEST,cash_flow,level,2.0,ACTUAL,VNSTOCK_BRONZE
SPC,LATEST,cash_flow,value,0.0,ACTUAL,VNSTOCK_BRONZE
SPC,LATEST,cash_flow,order,42.0,ACTUAL,VNSTOCK_BRONZE
SPC,LATEST,cash_flow,level,2.0,ACTUAL,VNSTOCK_BRONZE
SPC,LATEST,cash_flow,value,0.0,ACTUAL,VNSTOCK_BRONZE
SPC,LATEST,cash_flow,order,43.0,ACTUAL,VNSTOCK_BRONZE
SPC,LATEST,cash_flow,level,2.0,ACTUAL,VNSTOCK_BRONZE
SPC,LATEST,cash_flow,value,134128231177.0,ACTUAL,VNSTOCK_BRONZE
SPC,LATEST,cash_flow,order,44.0,ACTUAL,VNSTOCK_BRONZE
SPC,LATEST,cash_flow,level,2.0,ACTUAL,VNSTOCK_BRONZE
SPC,LATEST,cash_flow,value,-152195177176.0,ACTUAL,VNSTOCK_BRONZE
SPC,LATEST,cash_flow,order,45.0,ACTUAL,VNSTOCK_BRONZE
SPC,LATEST,cash_flow,level,2.0,ACTUAL,VNSTOCK_BRONZE
SPC,LATEST,cash_flow,value,-112287852.0,ACTUAL,VNSTOCK_BRONZE
SPC,LATEST,cash_flow,order,46.0,ACTUAL,VNSTOCK_BRONZE
SPC,LATEST,cash_flow,level,2.0,ACTUAL,VNSTOCK_BRONZE
SPC,LATEST,cash_flow,value,-192603534.0,ACTUAL,VNSTOCK_BRONZE
SPC,LATEST,cash_flow,order,47.0,ACTUAL,VNSTOCK_BRONZE
SPC,LATEST,cash_flow,level,2.0,ACTUAL,VNSTOCK_BRONZE
SPC,LATEST,cash_flow,value,-6368902918.0,ACTUAL,VNSTOCK_BRONZE
SPC,LATEST,cash_flow,order,48.0,ACTUAL,VNSTOCK_BRONZE
SPC,LATEST,cash_flow,level,1.0,ACTUAL,VNSTOCK_BRONZE
SPC,LATEST,cash_flow,order,49.0,ACTUAL,VNSTOCK_BRONZE
SPC,LATEST,cash_flow,level,1.0,ACTUAL,VNSTOCK_BRONZE
SPC,LATEST,cash_flow,order,50.0,ACTUAL,VNSTOCK_BRONZE
SPC,LATEST,cash_flow,level,1.0,ACTUAL,VNSTOCK_BRONZE
SPC,LATEST,cash_flow,order,51.0,ACTUAL,VNSTOCK_BRONZE
SPC,LATEST,cash_flow,level,1.0,ACTUAL,VNSTOCK_BRONZE
SPC,LATEST,cash_flow,value,12002934467.0,ACTUAL,VNSTOCK_BRONZE
SPC,LATEST,cash_flow,order,1.0,ACTUAL,VNSTOCK_BRONZE
SPC,LATEST,cash_flow,level,1.0,ACTUAL,VNSTOCK_BRONZE
SPC,LATEST,cash_flow,value,31517981054.0,ACTUAL,VNSTOCK_BRONZE
SPC,LATEST,cash_flow,order,2.0,ACTUAL,VNSTOCK_BRONZE
SPC,LATEST,cash_flow,level,2.0,ACTUAL,VNSTOCK_BRONZE
SPC,LATEST,cash_flow,value,0.0,ACTUAL,VNSTOCK_BRONZE
SPC,LATEST,cash_flow,order,3.0,ACTUAL,VNSTOCK_BRONZE
SPC,LATEST,cash_flow,level,2.0,ACTUAL,VNSTOCK_BRONZE
SPC,LATEST,cash_flow,value,0.0,ACTUAL,VNSTOCK_BRONZE
SPC,LATEST,cash_flow,order,4.0,ACTUAL,VNSTOCK_BRONZE
SPC,LATEST,cash_flow,level,2.0,ACTUAL,VNSTOCK_BRONZE
SPC,LATEST,cash_flow,value,0.0,ACTUAL,VNSTOCK_BRONZE
SPC,LATEST,cash_flow,order,5.0,ACTUAL,VNSTOCK_BRONZE
SPC,LATEST,cash_flow,level,2.0,ACTUAL,VNSTOCK_BRONZE
SPC,LATEST,cash_flow,value,0.0,ACTUAL,VNSTOCK_BRONZE
SPC,LATEST,cash_flow,order,6.0,ACTUAL,VNSTOCK_BRONZE
SPC,LATEST,cash_flow,level,2.0,ACTUAL,VNSTOCK_BRONZE
SPC,LATEST,cash_flow,value,0.0,ACTUAL,VNSTOCK_BRONZE
SPC,LATEST,cash_flow,order,7.0,ACTUAL,VNSTOCK_BRONZE
SPC,LATEST,cash_flow,level,2.0,ACTUAL,VNSTOCK_BRONZE
SPC,LATEST,cash_flow,value,0.0,ACTUAL,VNSTOCK_BRONZE
SPC,LATEST,cash_flow,order,8.0,ACTUAL,VNSTOCK_BRONZE
SPC,LATEST,cash_flow,level,2.0,ACTUAL,VNSTOCK_BRONZE
SPC,LATEST,cash_flow,value,0.0,ACTUAL,VNSTOCK_BRONZE
SPC,LATEST,cash_flow,order,9.0,ACTUAL,VNSTOCK_BRONZE
SPC,LATEST,cash_flow,level,2.0,ACTUAL,VNSTOCK_BRONZE
SPC,LATEST,cash_flow,value,0.0,ACTUAL,VNSTOCK_BRONZE
SPC,LATEST,cash_flow,order,10.0,ACTUAL,VNSTOCK_BRONZE
SPC,LATEST,cash_flow,level,2.0,ACTUAL,VNSTOCK_BRONZE
SPC,LATEST,cash_flow,value,0.0,ACTUAL,VNSTOCK_BRONZE
SPC,LATEST,cash_flow,order,11.0,ACTUAL,VNSTOCK_BRONZE
SPC,LATEST,cash_flow,level,2.0,ACTUAL,VNSTOCK_BRONZE
SPC,LATEST,cash_flow,value,0.0,ACTUAL,VNSTOCK_BRONZE
SPC,LATEST,cash_flow,order,12.0,ACTUAL,VNSTOCK_BRONZE
SPC,LATEST,cash_flow,level,2.0,ACTUAL,VNSTOCK_BRONZE
SPC,LATEST,cash_flow,value,0.0,ACTUAL,VNSTOCK_BRONZE
SPC,LATEST,cash_flow,order,13.0,ACTUAL,VNSTOCK_BRONZE
SPC,LATEST,cash_flow,level,2.0,ACTUAL,VNSTOCK_BRONZE
SPC,LATEST,cash_flow,value,0.0,ACTUAL,VNSTOCK_BRONZE
SPC,LATEST,cash_flow,order,14.0,ACTUAL,VNSTOCK_BRONZE
SPC,LATEST,cash_flow,level,2.0,ACTUAL,VNSTOCK_BRONZE
SPC,LATEST,cash_flow,order,15.0,ACTUAL,VNSTOCK_BRONZE
SPC,LATEST,cash_flow,level,2.0,ACTUAL,VNSTOCK_BRONZE
SPC,LATEST,cash_flow,order,16.0,ACTUAL,VNSTOCK_BRONZE
SPC,LATEST,cash_flow,level,2.0,ACTUAL,VNSTOCK_BRONZE
SPC,LATEST,cash_flow,order,17.0,ACTUAL,VNSTOCK_BRONZE
SPC,LATEST,cash_flow,level,2.0,ACTUAL,VNSTOCK_BRONZE
SPC,LATEST,cash_flow,order,18.0,ACTUAL,VNSTOCK_BRONZE
SPC,LATEST,cash_flow,level,2.0,ACTUAL,VNSTOCK_BRONZE
SPC,LATEST,cash_flow,order,19.0,ACTUAL,VNSTOCK_BRONZE
SPC,LATEST,cash_flow,level,2.0,ACTUAL,VNSTOCK_BRONZE
SPC,LATEST,cash_flow,order,20.0,ACTUAL,VNSTOCK_BRONZE
SPC,LATEST,cash_flow,level,2.0,ACTUAL,VNSTOCK_BRONZE
SPC,LATEST,cash_flow,order,21.0,ACTUAL,VNSTOCK_BRONZE
SPC,LATEST,cash_flow,level,2.0,ACTUAL,VNSTOCK_BRONZE
SPC,LATEST,cash_flow,order,22.0,ACTUAL,VNSTOCK_BRONZE
SPC,LATEST,cash_flow,level,2.0,ACTUAL,VNSTOCK_BRONZE
SPC,LATEST,cash_flow,order,23.0,ACTUAL,VNSTOCK_BRONZE
SPC,LATEST,cash_flow,level,2.0,ACTUAL,VNSTOCK_BRONZE
SPC,LATEST,cash_flow,order,24.0,ACTUAL,VNSTOCK_BRONZE
SPC,LATEST,cash_flow,level,2.0,ACTUAL,VNSTOCK_BRONZE
SPC,LATEST,cash_flow,value,0.0,ACTUAL,VNSTOCK_BRONZE
SPC,LATEST,cash_flow,order,25.0,ACTUAL,VNSTOCK_BRONZE
SPC,LATEST,cash_flow,level,2.0,ACTUAL,VNSTOCK_BRONZE
SPC,LATEST,cash_flow,value,0.0,ACTUAL,VNSTOCK_BRONZE
SPC,LATEST,cash_flow,order,26.0,ACTUAL,VNSTOCK_BRONZE
SPC,LATEST,cash_flow,level,2.0,ACTUAL,VNSTOCK_BRONZE
SPC,LATEST,cash_flow,value,0.0,ACTUAL,VNSTOCK_BRONZE
SPC,LATEST,cash_flow,order,27.0,ACTUAL,VNSTOCK_BRONZE
SPC,LATEST,cash_flow,level,2.0,ACTUAL,VNSTOCK_BRONZE
SPC,LATEST,cash_flow,value,0.0,ACTUAL,VNSTOCK_BRONZE
SPC,LATEST,cash_flow,order,28.0,ACTUAL,VNSTOCK_BRONZE
SPC,LATEST,cash_flow,level,2.0,ACTUAL,VNSTOCK_BRONZE
SPC,LATEST,cash_flow,value,0.0,ACTUAL,VNSTOCK_BRONZE
SPC,LATEST,cash_flow,order,29.0,ACTUAL,VNSTOCK_BRONZE
SPC,LATEST,cash_flow,level,2.0,ACTUAL,VNSTOCK_BRONZE
SPC,LATEST,cash_flow,order,30.0,ACTUAL,VNSTOCK_BRONZE
SPC,LATEST,cash_flow,level,2.0,ACTUAL,VNSTOCK_BRONZE
SPC,LATEST,cash_flow,value,0.0,ACTUAL,VNSTOCK_BRONZE
SPC,LATEST,cash_flow,order,31.0,ACTUAL,VNSTOCK_BRONZE
SPC,LATEST,cash_flow,level,2.0,ACTUAL,VNSTOCK_BRONZE
SPC,LATEST,cash_flow,value,0.0,ACTUAL,VNSTOCK_BRONZE
SPC,LATEST,cash_flow,order,32.0,ACTUAL,VNSTOCK_BRONZE
SPC,LATEST,cash_flow,level,1.0,ACTUAL,VNSTOCK_BRONZE
SPC,LATEST,cash_flow,value,-398561683.0,ACTUAL,VNSTOCK_BRONZE
SPC,LATEST,cash_flow,order,33.0,ACTUAL,VNSTOCK_BRONZE
SPC,LATEST,cash_flow,level,2.0,ACTUAL,VNSTOCK_BRONZE
SPC,LATEST,cash_flow,value,0.0,ACTUAL,VNSTOCK_BRONZE
SPC,LATEST,cash_flow,order,34.0,ACTUAL,VNSTOCK_BRONZE
SPC,LATEST,cash_flow,level,2.0,ACTUAL,VNSTOCK_BRONZE
SPC,LATEST,cash_flow,value,0.0,ACTUAL,VNSTOCK_BRONZE
SPC,LATEST,cash_flow,order,35.0,ACTUAL,VNSTOCK_BRONZE
SPC,LATEST,cash_flow,level,2.0,ACTUAL,VNSTOCK_BRONZE
SPC,LATEST,cash_flow,value,0.0,ACTUAL,VNSTOCK_BRONZE
SPC,LATEST,cash_flow,order,36.0,ACTUAL,VNSTOCK_BRONZE
SPC,LATEST,cash_flow,level,2.0,ACTUAL,VNSTOCK_BRONZE
SPC,LATEST,cash_flow,value,0.0,ACTUAL,VNSTOCK_BRONZE
SPC,LATEST,cash_flow,order,37.0,ACTUAL,VNSTOCK_BRONZE
SPC,LATEST,cash_flow,level,2.0,ACTUAL,VNSTOCK_BRONZE
SPC,LATEST,cash_flow,value,0.0,ACTUAL,VNSTOCK_BRONZE
SPC,LATEST,cash_flow,order,38.0,ACTUAL,VNSTOCK_BRONZE
SPC,LATEST,cash_flow,level,2.0,ACTUAL,VNSTOCK_BRONZE
SPC,LATEST,cash_flow,value,0.0,ACTUAL,VNSTOCK_BRONZE
SPC,LATEST,cash_flow,order,39.0,ACTUAL,VNSTOCK_BRONZE
SPC,LATEST,cash_flow,level,2.0,ACTUAL,VNSTOCK_BRONZE
SPC,LATEST,cash_flow,value,-398561683.0,ACTUAL,VNSTOCK_BRONZE
SPC,LATEST,cash_flow,order,40.0,ACTUAL,VNSTOCK_BRONZE
SPC,LATEST,cash_flow,level,1.0,ACTUAL,VNSTOCK_BRONZE
SPC,LATEST,cash_flow,order,41.0,ACTUAL,VNSTOCK_BRONZE
SPC,LATEST,cash_flow,level,2.0,ACTUAL,VNSTOCK_BRONZE
SPC,LATEST,cash_flow,value,0.0,ACTUAL,VNSTOCK_BRONZE
SPC,LATEST,cash_flow,order,42.0,ACTUAL,VNSTOCK_BRONZE
SPC,LATEST,cash_flow,level,2.0,ACTUAL,VNSTOCK_BRONZE
SPC,LATEST,cash_flow,value,0.0,ACTUAL,VNSTOCK_BRONZE
SPC,LATEST,cash_flow,order,43.0,ACTUAL,VNSTOCK_BRONZE
SPC,LATEST,cash_flow,level,2.0,ACTUAL,VNSTOCK_BRONZE
SPC,LATEST,cash_flow,value,50733113125.0,ACTUAL,VNSTOCK_BRONZE
SPC,LATEST,cash_flow,order,44.0,ACTUAL,VNSTOCK_BRONZE
SPC,LATEST,cash_flow,level,2.0,ACTUAL,VNSTOCK_BRONZE
SPC,LATEST,cash_flow,value,-91318085874.0,ACTUAL,VNSTOCK_BRONZE
SPC,LATEST,cash_flow,order,45.0,ACTUAL,VNSTOCK_BRONZE
SPC,LATEST,cash_flow,level,2.0,ACTUAL,VNSTOCK_BRONZE
SPC,LATEST,cash_flow,value,-112287852.0,ACTUAL,VNSTOCK_BRONZE
SPC,LATEST,cash_flow,order,46.0,ACTUAL,VNSTOCK_BRONZE
SPC,LATEST,cash_flow,level,2.0,ACTUAL,VNSTOCK_BRONZE
SPC,LATEST,cash_flow,value,328580008.0,ACTUAL,VNSTOCK_BRONZE
SPC,LATEST,cash_flow,order,47.0,ACTUAL,VNSTOCK_BRONZE
SPC,LATEST,cash_flow,level,2.0,ACTUAL,VNSTOCK_BRONZE
SPC,LATEST,cash_flow,value,-20772920315.0,ACTUAL,VNSTOCK_BRONZE
SPC,LATEST,cash_flow,order,48.0,ACTUAL,VNSTOCK_BRONZE
SPC,LATEST,cash_flow,level,1.0,ACTUAL,VNSTOCK_BRONZE
SPC,LATEST,cash_flow,order,49.0,ACTUAL,VNSTOCK_BRONZE
SPC,LATEST,cash_flow,level,1.0,ACTUAL,VNSTOCK_BRONZE
SPC,LATEST,cash_flow,order,50.0,ACTUAL,VNSTOCK_BRONZE
SPC,LATEST,cash_flow,level,1.0,ACTUAL,VNSTOCK_BRONZE
SPC,LATEST,cash_flow,order,51.0,ACTUAL,VNSTOCK_BRONZE
SPC,LATEST,cash_flow,level,1.0,ACTUAL,VNSTOCK_BRONZE
SPC,LATEST,cash_flow,value,19595760278.0,ACTUAL,VNSTOCK_BRONZE
SPC,LATEST,cash_flow,order,1.0,ACTUAL,VNSTOCK_BRONZE
SPC,LATEST,cash_flow,level,1.0,ACTUAL,VNSTOCK_BRONZE
SPC,LATEST,cash_flow,value,19385433267.0,ACTUAL,VNSTOCK_BRONZE
SPC,LATEST,cash_flow,order,2.0,ACTUAL,VNSTOCK_BRONZE
SPC,LATEST,cash_flow,level,2.0,ACTUAL,VNSTOCK_BRONZE
SPC,LATEST,cash_flow,value,0.0,ACTUAL,VNSTOCK_BRONZE
SPC,LATEST,cash_flow,order,3.0,ACTUAL,VNSTOCK_BRONZE
SPC,LATEST,cash_flow,level,2.0,ACTUAL,VNSTOCK_BRONZE
SPC,LATEST,cash_flow,value,0.0,ACTUAL,VNSTOCK_BRONZE
SPC,LATEST,cash_flow,order,4.0,ACTUAL,VNSTOCK_BRONZE
SPC,LATEST,cash_flow,level,2.0,ACTUAL,VNSTOCK_BRONZE
SPC,LATEST,cash_flow,value,0.0,ACTUAL,VNSTOCK_BRONZE
SPC,LATEST,cash_flow,order,5.0,ACTUAL,VNSTOCK_BRONZE
SPC,LATEST,cash_flow,level,2.0,ACTUAL,VNSTOCK_BRONZE
SPC,LATEST,cash_flow,value,0.0,ACTUAL,VNSTOCK_BRONZE
SPC,LATEST,cash_flow,order,6.0,ACTUAL,VNSTOCK_BRONZE
SPC,LATEST,cash_flow,level,2.0,ACTUAL,VNSTOCK_BRONZE
SPC,LATEST,cash_flow,value,0.0,ACTUAL,VNSTOCK_BRONZE
SPC,LATEST,cash_flow,order,7.0,ACTUAL,VNSTOCK_BRONZE
SPC,LATEST,cash_flow,level,2.0,ACTUAL,VNSTOCK_BRONZE
SPC,LATEST,cash_flow,value,0.0,ACTUAL,VNSTOCK_BRONZE
SPC,LATEST,cash_flow,order,8.0,ACTUAL,VNSTOCK_BRONZE
SPC,LATEST,cash_flow,level,2.0,ACTUAL,VNSTOCK_BRONZE
SPC,LATEST,cash_flow,value,0.0,ACTUAL,VNSTOCK_BRONZE
SPC,LATEST,cash_flow,order,9.0,ACTUAL,VNSTOCK_BRONZE
SPC,LATEST,cash_flow,level,2.0,ACTUAL,VNSTOCK_BRONZE
SPC,LATEST,cash_flow,value,0.0,ACTUAL,VNSTOCK_BRONZE
SPC,LATEST,cash_flow,order,10.0,ACTUAL,VNSTOCK_BRONZE
SPC,LATEST,cash_flow,level,2.0,ACTUAL,VNSTOCK_BRONZE
SPC,LATEST,cash_flow,value,0.0,ACTUAL,VNSTOCK_BRONZE
SPC,LATEST,cash_flow,order,11.0,ACTUAL,VNSTOCK_BRONZE
SPC,LATEST,cash_flow,level,2.0,ACTUAL,VNSTOCK_BRONZE
SPC,LATEST,cash_flow,value,0.0,ACTUAL,VNSTOCK_BRONZE
SPC,LATEST,cash_flow,order,12.0,ACTUAL,VNSTOCK_BRONZE
SPC,LATEST,cash_flow,level,2.0,ACTUAL,VNSTOCK_BRONZE
SPC,LATEST,cash_flow,value,0.0,ACTUAL,VNSTOCK_BRONZE
SPC,LATEST,cash_flow,order,13.0,ACTUAL,VNSTOCK_BRONZE
SPC,LATEST,cash_flow,level,2.0,ACTUAL,VNSTOCK_BRONZE
SPC,LATEST,cash_flow,value,0.0,ACTUAL,VNSTOCK_BRONZE
SPC,LATEST,cash_flow,order,14.0,ACTUAL,VNSTOCK_BRONZE
SPC,LATEST,cash_flow,level,2.0,ACTUAL,VNSTOCK_BRONZE
SPC,LATEST,cash_flow,order,15.0,ACTUAL,VNSTOCK_BRONZE
SPC,LATEST,cash_flow,level,2.0,ACTUAL,VNSTOCK_BRONZE
SPC,LATEST,cash_flow,order,16.0,ACTUAL,VNSTOCK_BRONZE
SPC,LATEST,cash_flow,level,2.0,ACTUAL,VNSTOCK_BRONZE
SPC,LATEST,cash_flow,order,17.0,ACTUAL,VNSTOCK_BRONZE
SPC,LATEST,cash_flow,level,2.0,ACTUAL,VNSTOCK_BRONZE
SPC,LATEST,cash_flow,order,18.0,ACTUAL,VNSTOCK_BRONZE
SPC,LATEST,cash_flow,level,2.0,ACTUAL,VNSTOCK_BRONZE
SPC,LATEST,cash_flow,order,19.0,ACTUAL,VNSTOCK_BRONZE
SPC,LATEST,cash_flow,level,2.0,ACTUAL,VNSTOCK_BRONZE
SPC,LATEST,cash_flow,order,20.0,ACTUAL,VNSTOCK_BRONZE
SPC,LATEST,cash_flow,level,2.0,ACTUAL,VNSTOCK_BRONZE
SPC,LATEST,cash_flow,order,21.0,ACTUAL,VNSTOCK_BRONZE
SPC,LATEST,cash_flow,level,2.0,ACTUAL,VNSTOCK_BRONZE
SPC,LATEST,cash_flow,order,22.0,ACTUAL,VNSTOCK_BRONZE
SPC,LATEST,cash_flow,level,2.0,ACTUAL,VNSTOCK_BRONZE
SPC,LATEST,cash_flow,order,23.0,ACTUAL,VNSTOCK_BRONZE
SPC,LATEST,cash_flow,level,2.0,ACTUAL,VNSTOCK_BRONZE
SPC,LATEST,cash_flow,order,24.0,ACTUAL,VNSTOCK_BRONZE
SPC,LATEST,cash_flow,level,2.0,ACTUAL,VNSTOCK_BRONZE
SPC,LATEST,cash_flow,value,0.0,ACTUAL,VNSTOCK_BRONZE
SPC,LATEST,cash_flow,order,25.0,ACTUAL,VNSTOCK_BRONZE
SPC,LATEST,cash_flow,level,2.0,ACTUAL,VNSTOCK_BRONZE
SPC,LATEST,cash_flow,value,0.0,ACTUAL,VNSTOCK_BRONZE
SPC,LATEST,cash_flow,order,26.0,ACTUAL,VNSTOCK_BRONZE
SPC,LATEST,cash_flow,level,2.0,ACTUAL,VNSTOCK_BRONZE
SPC,LATEST,cash_flow,value,0.0,ACTUAL,VNSTOCK_BRONZE
SPC,LATEST,cash_flow,order,27.0,ACTUAL,VNSTOCK_BRONZE
SPC,LATEST,cash_flow,level,2.0,ACTUAL,VNSTOCK_BRONZE
SPC,LATEST,cash_flow,value,0.0,ACTUAL,VNSTOCK_BRONZE
SPC,LATEST,cash_flow,order,28.0,ACTUAL,VNSTOCK_BRONZE
SPC,LATEST,cash_flow,level,2.0,ACTUAL,VNSTOCK_BRONZE
SPC,LATEST,cash_flow,value,0.0,ACTUAL,VNSTOCK_BRONZE
SPC,LATEST,cash_flow,order,29.0,ACTUAL,VNSTOCK_BRONZE
SPC,LATEST,cash_flow,level,2.0,ACTUAL,VNSTOCK_BRONZE
SPC,LATEST,cash_flow,order,30.0,ACTUAL,VNSTOCK_BRONZE
SPC,LATEST,cash_flow,level,2.0,ACTUAL,VNSTOCK_BRONZE
SPC,LATEST,cash_flow,value,0.0,ACTUAL,VNSTOCK_BRONZE
SPC,LATEST,cash_flow,order,31.0,ACTUAL,VNSTOCK_BRONZE
SPC,LATEST,cash_flow,level,2.0,ACTUAL,VNSTOCK_BRONZE
SPC,LATEST,cash_flow,value,19385433267.0,ACTUAL,VNSTOCK_BRONZE
SPC,LATEST,cash_flow,order,32.0,ACTUAL,VNSTOCK_BRONZE
SPC,LATEST,cash_flow,level,1.0,ACTUAL,VNSTOCK_BRONZE
SPC,LATEST,cash_flow,value,-47575997.0,ACTUAL,VNSTOCK_BRONZE
SPC,LATEST,cash_flow,order,33.0,ACTUAL,VNSTOCK_BRONZE
SPC,LATEST,cash_flow,level,2.0,ACTUAL,VNSTOCK_BRONZE
SPC,LATEST,cash_flow,value,-53000000.0,ACTUAL,VNSTOCK_BRONZE
SPC,LATEST,cash_flow,order,34.0,ACTUAL,VNSTOCK_BRONZE
SPC,LATEST,cash_flow,level,2.0,ACTUAL,VNSTOCK_BRONZE
SPC,LATEST,cash_flow,value,0.0,ACTUAL,VNSTOCK_BRONZE
SPC,LATEST,cash_flow,order,35.0,ACTUAL,VNSTOCK_BRONZE
SPC,LATEST,cash_flow,level,2.0,ACTUAL,VNSTOCK_BRONZE
SPC,LATEST,cash_flow,value,0.0,ACTUAL,VNSTOCK_BRONZE
SPC,LATEST,cash_flow,order,36.0,ACTUAL,VNSTOCK_BRONZE
SPC,LATEST,cash_flow,level,2.0,ACTUAL,VNSTOCK_BRONZE
SPC,LATEST,cash_flow,value,0.0,ACTUAL,VNSTOCK_BRONZE
SPC,LATEST,cash_flow,order,37.0,ACTUAL,VNSTOCK_BRONZE
SPC,LATEST,cash_flow,level,2.0,ACTUAL,VNSTOCK_BRONZE
SPC,LATEST,cash_flow,value,0.0,ACTUAL,VNSTOCK_BRONZE
SPC,LATEST,cash_flow,order,38.0,ACTUAL,VNSTOCK_BRONZE
SPC,LATEST,cash_flow,level,2.0,ACTUAL,VNSTOCK_BRONZE
SPC,LATEST,cash_flow,value,0.0,ACTUAL,VNSTOCK_BRONZE
SPC,LATEST,cash_flow,order,39.0,ACTUAL,VNSTOCK_BRONZE
SPC,LATEST,cash_flow,level,2.0,ACTUAL,VNSTOCK_BRONZE
SPC,LATEST,cash_flow,value,5424003.0,ACTUAL,VNSTOCK_BRONZE
SPC,LATEST,cash_flow,order,40.0,ACTUAL,VNSTOCK_BRONZE
SPC,LATEST,cash_flow,level,1.0,ACTUAL,VNSTOCK_BRONZE
SPC,LATEST,cash_flow,order,41.0,ACTUAL,VNSTOCK_BRONZE
SPC,LATEST,cash_flow,level,2.0,ACTUAL,VNSTOCK_BRONZE
SPC,LATEST,cash_flow,value,0.0,ACTUAL,VNSTOCK_BRONZE
SPC,LATEST,cash_flow,order,42.0,ACTUAL,VNSTOCK_BRONZE
SPC,LATEST,cash_flow,level,2.0,ACTUAL,VNSTOCK_BRONZE
SPC,LATEST,cash_flow,value,0.0,ACTUAL,VNSTOCK_BRONZE
SPC,LATEST,cash_flow,order,43.0,ACTUAL,VNSTOCK_BRONZE
SPC,LATEST,cash_flow,level,2.0,ACTUAL,VNSTOCK_BRONZE
SPC,LATEST,cash_flow,value,127759958674.0,ACTUAL,VNSTOCK_BRONZE
SPC,LATEST,cash_flow,order,44.0,ACTUAL,VNSTOCK_BRONZE
SPC,LATEST,cash_flow,level,2.0,ACTUAL,VNSTOCK_BRONZE
SPC,LATEST,cash_flow,value,-128220864198.0,ACTUAL,VNSTOCK_BRONZE
SPC,LATEST,cash_flow,order,45.0,ACTUAL,VNSTOCK_BRONZE
SPC,LATEST,cash_flow,level,2.0,ACTUAL,VNSTOCK_BRONZE
SPC,LATEST,cash_flow,value,-112287852.0,ACTUAL,VNSTOCK_BRONZE
SPC,LATEST,cash_flow,order,46.0,ACTUAL,VNSTOCK_BRONZE
SPC,LATEST,cash_flow,level,2.0,ACTUAL,VNSTOCK_BRONZE
SPC,LATEST,cash_flow,value,-3589790538.0,ACTUAL,VNSTOCK_BRONZE
SPC,LATEST,cash_flow,order,47.0,ACTUAL,VNSTOCK_BRONZE
SPC,LATEST,cash_flow,level,2.0,ACTUAL,VNSTOCK_BRONZE
SPC,LATEST,cash_flow,value,24740352536.0,ACTUAL,VNSTOCK_BRONZE
SPC,LATEST,cash_flow,order,48.0,ACTUAL,VNSTOCK_BRONZE
SPC,LATEST,cash_flow,level,1.0,ACTUAL,VNSTOCK_BRONZE
SPC,LATEST,cash_flow,order,49.0,ACTUAL,VNSTOCK_BRONZE
SPC,LATEST,cash_flow,level,1.0,ACTUAL,VNSTOCK_BRONZE
SPC,LATEST,cash_flow,order,50.0,ACTUAL,VNSTOCK_BRONZE
SPC,LATEST,cash_flow,level,1.0,ACTUAL,VNSTOCK_BRONZE
SPC,LATEST,cash_flow,order,51.0,ACTUAL,VNSTOCK_BRONZE
SPC,LATEST,cash_flow,level,1.0,ACTUAL,VNSTOCK_BRONZE
SPC,LATEST,cash_flow,value,28903336450.0,ACTUAL,VNSTOCK_BRONZE
SPC,LATEST,cash_flow,order,1.0,ACTUAL,VNSTOCK_BRONZE
SPC,LATEST,cash_flow,level,1.0,ACTUAL,VNSTOCK_BRONZE
SPC,LATEST,cash_flow,value,-35679497221.0,ACTUAL,VNSTOCK_BRONZE
SPC,LATEST,cash_flow,order,2.0,ACTUAL,VNSTOCK_BRONZE
SPC,LATEST,cash_flow,level,2.0,ACTUAL,VNSTOCK_BRONZE
SPC,LATEST,cash_flow,value,0.0,ACTUAL,VNSTOCK_BRONZE
SPC,LATEST,cash_flow,order,3.0,ACTUAL,VNSTOCK_BRONZE
SPC,LATEST,cash_flow,level,2.0,ACTUAL,VNSTOCK_BRONZE
SPC,LATEST,cash_flow,value,0.0,ACTUAL,VNSTOCK_BRONZE
SPC,LATEST,cash_flow,order,4.0,ACTUAL,VNSTOCK_BRONZE
SPC,LATEST,cash_flow,level,2.0,ACTUAL,VNSTOCK_BRONZE
SPC,LATEST,cash_flow,value,0.0,ACTUAL,VNSTOCK_BRONZE
SPC,LATEST,cash_flow,order,5.0,ACTUAL,VNSTOCK_BRONZE
SPC,LATEST,cash_flow,level,2.0,ACTUAL,VNSTOCK_BRONZE
SPC,LATEST,cash_flow,value,0.0,ACTUAL,VNSTOCK_BRONZE
SPC,LATEST,cash_flow,order,6.0,ACTUAL,VNSTOCK_BRONZE
SPC,LATEST,cash_flow,level,2.0,ACTUAL,VNSTOCK_BRONZE
SPC,LATEST,cash_flow,value,0.0,ACTUAL,VNSTOCK_BRONZE
SPC,LATEST,cash_flow,order,7.0,ACTUAL,VNSTOCK_BRONZE
SPC,LATEST,cash_flow,level,2.0,ACTUAL,VNSTOCK_BRONZE
SPC,LATEST,cash_flow,value,0.0,ACTUAL,VNSTOCK_BRONZE
SPC,LATEST,cash_flow,order,8.0,ACTUAL,VNSTOCK_BRONZE
SPC,LATEST,cash_flow,level,2.0,ACTUAL,VNSTOCK_BRONZE
SPC,LATEST,cash_flow,value,0.0,ACTUAL,VNSTOCK_BRONZE
SPC,LATEST,cash_flow,order,9.0,ACTUAL,VNSTOCK_BRONZE
SPC,LATEST,cash_flow,level,2.0,ACTUAL,VNSTOCK_BRONZE
SPC,LATEST,cash_flow,value,0.0,ACTUAL,VNSTOCK_BRONZE
SPC,LATEST,cash_flow,order,10.0,ACTUAL,VNSTOCK_BRONZE
SPC,LATEST,cash_flow,level,2.0,ACTUAL,VNSTOCK_BRONZE
SPC,LATEST,cash_flow,value,0.0,ACTUAL,VNSTOCK_BRONZE
SPC,LATEST,cash_flow,order,11.0,ACTUAL,VNSTOCK_BRONZE
SPC,LATEST,cash_flow,level,2.0,ACTUAL,VNSTOCK_BRONZE
SPC,LATEST,cash_flow,value,0.0,ACTUAL,VNSTOCK_BRONZE
SPC,LATEST,cash_flow,order,12.0,ACTUAL,VNSTOCK_BRONZE
SPC,LATEST,cash_flow,level,2.0,ACTUAL,VNSTOCK_BRONZE
SPC,LATEST,cash_flow,value,0.0,ACTUAL,VNSTOCK_BRONZE
SPC,LATEST,cash_flow,order,13.0,ACTUAL,VNSTOCK_BRONZE
SPC,LATEST,cash_flow,level,2.0,ACTUAL,VNSTOCK_BRONZE
SPC,LATEST,cash_flow,value,0.0,ACTUAL,VNSTOCK_BRONZE
SPC,LATEST,cash_flow,order,14.0,ACTUAL,VNSTOCK_BRONZE
SPC,LATEST,cash_flow,level,2.0,ACTUAL,VNSTOCK_BRONZE
SPC,LATEST,cash_flow,order,15.0,ACTUAL,VNSTOCK_BRONZE
SPC,LATEST,cash_flow,level,2.0,ACTUAL,VNSTOCK_BRONZE
SPC,LATEST,cash_flow,order,16.0,ACTUAL,VNSTOCK_BRONZE
SPC,LATEST,cash_flow,level,2.0,ACTUAL,VNSTOCK_BRONZE
SPC,LATEST,cash_flow,order,17.0,ACTUAL,VNSTOCK_BRONZE
SPC,LATEST,cash_flow,level,2.0,ACTUAL,VNSTOCK_BRONZE
SPC,LATEST,cash_flow,order,18.0,ACTUAL,VNSTOCK_BRONZE
SPC,LATEST,cash_flow,level,2.0,ACTUAL,VNSTOCK_BRONZE
SPC,LATEST,cash_flow,order,19.0,ACTUAL,VNSTOCK_BRONZE
SPC,LATEST,cash_flow,level,2.0,ACTUAL,VNSTOCK_BRONZE
SPC,LATEST,cash_flow,order,20.0,ACTUAL,VNSTOCK_BRONZE
SPC,LATEST,cash_flow,level,2.0,ACTUAL,VNSTOCK_BRONZE
SPC,LATEST,cash_flow,order,21.0,ACTUAL,VNSTOCK_BRONZE
SPC,LATEST,cash_flow,level,2.0,ACTUAL,VNSTOCK_BRONZE
SPC,LATEST,cash_flow,order,22.0,ACTUAL,VNSTOCK_BRONZE
SPC,LATEST,cash_flow,level,2.0,ACTUAL,VNSTOCK_BRONZE
SPC,LATEST,cash_flow,order,23.0,ACTUAL,VNSTOCK_BRONZE
SPC,LATEST,cash_flow,level,2.0,ACTUAL,VNSTOCK_BRONZE
SPC,LATEST,cash_flow,order,24.0,ACTUAL,VNSTOCK_BRONZE
SPC,LATEST,cash_flow,level,2.0,ACTUAL,VNSTOCK_BRONZE
SPC,LATEST,cash_flow,value,0.0,ACTUAL,VNSTOCK_BRONZE
SPC,LATEST,cash_flow,order,25.0,ACTUAL,VNSTOCK_BRONZE
SPC,LATEST,cash_flow,level,2.0,ACTUAL,VNSTOCK_BRONZE
SPC,LATEST,cash_flow,value,0.0,ACTUAL,VNSTOCK_BRONZE
SPC,LATEST,cash_flow,order,26.0,ACTUAL,VNSTOCK_BRONZE
SPC,LATEST,cash_flow,level,2.0,ACTUAL,VNSTOCK_BRONZE
SPC,LATEST,cash_flow,value,0.0,ACTUAL,VNSTOCK_BRONZE
SPC,LATEST,cash_flow,order,27.0,ACTUAL,VNSTOCK_BRONZE
SPC,LATEST,cash_flow,level,2.0,ACTUAL,VNSTOCK_BRONZE
SPC,LATEST,cash_flow,value,0.0,ACTUAL,VNSTOCK_BRONZE
SPC,LATEST,cash_flow,order,28.0,ACTUAL,VNSTOCK_BRONZE
SPC,LATEST,cash_flow,level,2.0,ACTUAL,VNSTOCK_BRONZE
SPC,LATEST,cash_flow,value,0.0,ACTUAL,VNSTOCK_BRONZE
SPC,LATEST,cash_flow,order,29.0,ACTUAL,VNSTOCK_BRONZE
SPC,LATEST,cash_flow,level,2.0,ACTUAL,VNSTOCK_BRONZE
SPC,LATEST,cash_flow,order,30.0,ACTUAL,VNSTOCK_BRONZE
SPC,LATEST,cash_flow,level,2.0,ACTUAL,VNSTOCK_BRONZE
SPC,LATEST,cash_flow,value,0.0,ACTUAL,VNSTOCK_BRONZE
SPC,LATEST,cash_flow,order,31.0,ACTUAL,VNSTOCK_BRONZE
SPC,LATEST,cash_flow,level,2.0,ACTUAL,VNSTOCK_BRONZE
SPC,LATEST,cash_flow,value,0.0,ACTUAL,VNSTOCK_BRONZE
SPC,LATEST,cash_flow,order,32.0,ACTUAL,VNSTOCK_BRONZE
SPC,LATEST,cash_flow,level,1.0,ACTUAL,VNSTOCK_BRONZE
SPC,LATEST,cash_flow,value,-196586792.0,ACTUAL,VNSTOCK_BRONZE
SPC,LATEST,cash_flow,order,33.0,ACTUAL,VNSTOCK_BRONZE
SPC,LATEST,cash_flow,level,2.0,ACTUAL,VNSTOCK_BRONZE
SPC,LATEST,cash_flow,value,-210000000.0,ACTUAL,VNSTOCK_BRONZE
SPC,LATEST,cash_flow,order,34.0,ACTUAL,VNSTOCK_BRONZE
SPC,LATEST,cash_flow,level,2.0,ACTUAL,VNSTOCK_BRONZE
SPC,LATEST,cash_flow,value,0.0,ACTUAL,VNSTOCK_BRONZE
SPC,LATEST,cash_flow,order,35.0,ACTUAL,VNSTOCK_BRONZE
SPC,LATEST,cash_flow,level,2.0,ACTUAL,VNSTOCK_BRONZE
SPC,LATEST,cash_flow,value,0.0,ACTUAL,VNSTOCK_BRONZE
SPC,LATEST,cash_flow,order,36.0,ACTUAL,VNSTOCK_BRONZE
SPC,LATEST,cash_flow,level,2.0,ACTUAL,VNSTOCK_BRONZE
SPC,LATEST,cash_flow,value,0.0,ACTUAL,VNSTOCK_BRONZE
SPC,LATEST,cash_flow,order,37.0,ACTUAL,VNSTOCK_BRONZE
SPC,LATEST,cash_flow,level,2.0,ACTUAL,VNSTOCK_BRONZE
SPC,LATEST,cash_flow,value,0.0,ACTUAL,VNSTOCK_BRONZE
SPC,LATEST,cash_flow,order,38.0,ACTUAL,VNSTOCK_BRONZE
SPC,LATEST,cash_flow,level,2.0,ACTUAL,VNSTOCK_BRONZE
SPC,LATEST,cash_flow,value,0.0,ACTUAL,VNSTOCK_BRONZE
SPC,LATEST,cash_flow,order,39.0,ACTUAL,VNSTOCK_BRONZE
SPC,LATEST,cash_flow,level,2.0,ACTUAL,VNSTOCK_BRONZE
SPC,LATEST,cash_flow,value,13413208.0,ACTUAL,VNSTOCK_BRONZE
SPC,LATEST,cash_flow,order,40.0,ACTUAL,VNSTOCK_BRONZE
SPC,LATEST,cash_flow,level,1.0,ACTUAL,VNSTOCK_BRONZE
SPC,LATEST,cash_flow,order,41.0,ACTUAL,VNSTOCK_BRONZE
SPC,LATEST,cash_flow,level,2.0,ACTUAL,VNSTOCK_BRONZE
SPC,LATEST,cash_flow,value,0.0,ACTUAL,VNSTOCK_BRONZE
SPC,LATEST,cash_flow,order,42.0,ACTUAL,VNSTOCK_BRONZE
SPC,LATEST,cash_flow,level,2.0,ACTUAL,VNSTOCK_BRONZE
SPC,LATEST,cash_flow,value,0.0,ACTUAL,VNSTOCK_BRONZE
SPC,LATEST,cash_flow,order,43.0,ACTUAL,VNSTOCK_BRONZE
SPC,LATEST,cash_flow,level,2.0,ACTUAL,VNSTOCK_BRONZE
SPC,LATEST,cash_flow,value,152274338807.0,ACTUAL,VNSTOCK_BRONZE
SPC,LATEST,cash_flow,order,44.0,ACTUAL,VNSTOCK_BRONZE
SPC,LATEST,cash_flow,level,2.0,ACTUAL,VNSTOCK_BRONZE
SPC,LATEST,cash_flow,value,-120776051475.0,ACTUAL,VNSTOCK_BRONZE
SPC,LATEST,cash_flow,order,45.0,ACTUAL,VNSTOCK_BRONZE
SPC,LATEST,cash_flow,level,2.0,ACTUAL,VNSTOCK_BRONZE
SPC,LATEST,cash_flow,value,-112287852.0,ACTUAL,VNSTOCK_BRONZE
SPC,LATEST,cash_flow,order,46.0,ACTUAL,VNSTOCK_BRONZE
SPC,LATEST,cash_flow,level,2.0,ACTUAL,VNSTOCK_BRONZE
SPC,LATEST,cash_flow,value,-3633236850.0,ACTUAL,VNSTOCK_BRONZE
SPC,LATEST,cash_flow,order,47.0,ACTUAL,VNSTOCK_BRONZE
SPC,LATEST,cash_flow,level,2.0,ACTUAL,VNSTOCK_BRONZE
SPC,LATEST,cash_flow,value,44526515659.0,ACTUAL,VNSTOCK_BRONZE
SPC,LATEST,cash_flow,order,48.0,ACTUAL,VNSTOCK_BRONZE
SPC,LATEST,cash_flow,level,1.0,ACTUAL,VNSTOCK_BRONZE
SPC,LATEST,cash_flow,order,49.0,ACTUAL,VNSTOCK_BRONZE
SPC,LATEST,cash_flow,level,1.0,ACTUAL,VNSTOCK_BRONZE
SPC,LATEST,cash_flow,order,50.0,ACTUAL,VNSTOCK_BRONZE
SPC,LATEST,cash_flow,level,1.0,ACTUAL,VNSTOCK_BRONZE
SPC,LATEST,cash_flow,order,51.0,ACTUAL,VNSTOCK_BRONZE
SPC,LATEST,cash_flow,level,1.0,ACTUAL,VNSTOCK_BRONZE
SPC,LATEST,cash_flow,value,16773753029.0,ACTUAL,VNSTOCK_BRONZE
SPC,LATEST,cash_flow,order,1.0,ACTUAL,VNSTOCK_BRONZE
SPC,LATEST,cash_flow,level,1.0,ACTUAL,VNSTOCK_BRONZE
SPC,LATEST,cash_flow,value,5575257015.0,ACTUAL,VNSTOCK_BRONZE
SPC,LATEST,cash_flow,order,2.0,ACTUAL,VNSTOCK_BRONZE
SPC,LATEST,cash_flow,level,2.0,ACTUAL,VNSTOCK_BRONZE
SPC,LATEST,cash_flow,value,0.0,ACTUAL,VNSTOCK_BRONZE
SPC,LATEST,cash_flow,order,3.0,ACTUAL,VNSTOCK_BRONZE
SPC,LATEST,cash_flow,level,2.0,ACTUAL,VNSTOCK_BRONZE
SPC,LATEST,cash_flow,value,0.0,ACTUAL,VNSTOCK_BRONZE
SPC,LATEST,cash_flow,order,4.0,ACTUAL,VNSTOCK_BRONZE
SPC,LATEST,cash_flow,level,2.0,ACTUAL,VNSTOCK_BRONZE
SPC,LATEST,cash_flow,value,0.0,ACTUAL,VNSTOCK_BRONZE
SPC,LATEST,cash_flow,order,5.0,ACTUAL,VNSTOCK_BRONZE
SPC,LATEST,cash_flow,level,2.0,ACTUAL,VNSTOCK_BRONZE
SPC,LATEST,cash_flow,value,0.0,ACTUAL,VNSTOCK_BRONZE
SPC,LATEST,cash_flow,order,6.0,ACTUAL,VNSTOCK_BRONZE
SPC,LATEST,cash_flow,level,2.0,ACTUAL,VNSTOCK_BRONZE
SPC,LATEST,cash_flow,value,0.0,ACTUAL,VNSTOCK_BRONZE
SPC,LATEST,cash_flow,order,7.0,ACTUAL,VNSTOCK_BRONZE
SPC,LATEST,cash_flow,level,2.0,ACTUAL,VNSTOCK_BRONZE
SPC,LATEST,cash_flow,value,0.0,ACTUAL,VNSTOCK_BRONZE
SPC,LATEST,cash_flow,order,8.0,ACTUAL,VNSTOCK_BRONZE
SPC,LATEST,cash_flow,level,2.0,ACTUAL,VNSTOCK_BRONZE
SPC,LATEST,cash_flow,value,0.0,ACTUAL,VNSTOCK_BRONZE
SPC,LATEST,cash_flow,order,9.0,ACTUAL,VNSTOCK_BRONZE
SPC,LATEST,cash_flow,level,2.0,ACTUAL,VNSTOCK_BRONZE
SPC,LATEST,cash_flow,value,0.0,ACTUAL,VNSTOCK_BRONZE
SPC,LATEST,cash_flow,order,10.0,ACTUAL,VNSTOCK_BRONZE
SPC,LATEST,cash_flow,level,2.0,ACTUAL,VNSTOCK_BRONZE
SPC,LATEST,cash_flow,value,0.0,ACTUAL,VNSTOCK_BRONZE
SPC,LATEST,cash_flow,order,11.0,ACTUAL,VNSTOCK_BRONZE
SPC,LATEST,cash_flow,level,2.0,ACTUAL,VNSTOCK_BRONZE
SPC,LATEST,cash_flow,value,0.0,ACTUAL,VNSTOCK_BRONZE
SPC,LATEST,cash_flow,order,12.0,ACTUAL,VNSTOCK_BRONZE
SPC,LATEST,cash_flow,level,2.0,ACTUAL,VNSTOCK_BRONZE
SPC,LATEST,cash_flow,value,0.0,ACTUAL,VNSTOCK_BRONZE
SPC,LATEST,cash_flow,order,13.0,ACTUAL,VNSTOCK_BRONZE
SPC,LATEST,cash_flow,level,2.0,ACTUAL,VNSTOCK_BRONZE
SPC,LATEST,cash_flow,value,0.0,ACTUAL,VNSTOCK_BRONZE
SPC,LATEST,cash_flow,order,14.0,ACTUAL,VNSTOCK_BRONZE
SPC,LATEST,cash_flow,level,2.0,ACTUAL,VNSTOCK_BRONZE
SPC,LATEST,cash_flow,order,15.0,ACTUAL,VNSTOCK_BRONZE
SPC,LATEST,cash_flow,level,2.0,ACTUAL,VNSTOCK_BRONZE
SPC,LATEST,cash_flow,order,16.0,ACTUAL,VNSTOCK_BRONZE
SPC,LATEST,cash_flow,level,2.0,ACTUAL,VNSTOCK_BRONZE
SPC,LATEST,cash_flow,order,17.0,ACTUAL,VNSTOCK_BRONZE
SPC,LATEST,cash_flow,level,2.0,ACTUAL,VNSTOCK_BRONZE
SPC,LATEST,cash_flow,order,18.0,ACTUAL,VNSTOCK_BRONZE
SPC,LATEST,cash_flow,level,2.0,ACTUAL,VNSTOCK_BRONZE
SPC,LATEST,cash_flow,order,19.0,ACTUAL,VNSTOCK_BRONZE
SPC,LATEST,cash_flow,level,2.0,ACTUAL,VNSTOCK_BRONZE
SPC,LATEST,cash_flow,order,20.0,ACTUAL,VNSTOCK_BRONZE
SPC,LATEST,cash_flow,level,2.0,ACTUAL,VNSTOCK_BRONZE
SPC,LATEST,cash_flow,order,21.0,ACTUAL,VNSTOCK_BRONZE
SPC,LATEST,cash_flow,level,2.0,ACTUAL,VNSTOCK_BRONZE
SPC,LATEST,cash_flow,order,22.0,ACTUAL,VNSTOCK_BRONZE
SPC,LATEST,cash_flow,level,2.0,ACTUAL,VNSTOCK_BRONZE
SPC,LATEST,cash_flow,order,23.0,ACTUAL,VNSTOCK_BRONZE
SPC,LATEST,cash_flow,level,2.0,ACTUAL,VNSTOCK_BRONZE
SPC,LATEST,cash_flow,order,24.0,ACTUAL,VNSTOCK_BRONZE
SPC,LATEST,cash_flow,level,2.0,ACTUAL,VNSTOCK_BRONZE
SPC,LATEST,cash_flow,value,0.0,ACTUAL,VNSTOCK_BRONZE
SPC,LATEST,cash_flow,order,25.0,ACTUAL,VNSTOCK_BRONZE
SPC,LATEST,cash_flow,level,2.0,ACTUAL,VNSTOCK_BRONZE
SPC,LATEST,cash_flow,value,0.0,ACTUAL,VNSTOCK_BRONZE
SPC,LATEST,cash_flow,order,26.0,ACTUAL,VNSTOCK_BRONZE
SPC,LATEST,cash_flow,level,2.0,ACTUAL,VNSTOCK_BRONZE
SPC,LATEST,cash_flow,value,0.0,ACTUAL,VNSTOCK_BRONZE
SPC,LATEST,cash_flow,order,27.0,ACTUAL,VNSTOCK_BRONZE
SPC,LATEST,cash_flow,level,2.0,ACTUAL,VNSTOCK_BRONZE
SPC,LATEST,cash_flow,value,0.0,ACTUAL,VNSTOCK_BRONZE
SPC,LATEST,cash_flow,order,28.0,ACTUAL,VNSTOCK_BRONZE
SPC,LATEST,cash_flow,level,2.0,ACTUAL,VNSTOCK_BRONZE
SPC,LATEST,cash_flow,value,0.0,ACTUAL,VNSTOCK_BRONZE
SPC,LATEST,cash_flow,order,29.0,ACTUAL,VNSTOCK_BRONZE
SPC,LATEST,cash_flow,level,2.0,ACTUAL,VNSTOCK_BRONZE
SPC,LATEST,cash_flow,order,30.0,ACTUAL,VNSTOCK_BRONZE
SPC,LATEST,cash_flow,level,2.0,ACTUAL,VNSTOCK_BRONZE
SPC,LATEST,cash_flow,value,0.0,ACTUAL,VNSTOCK_BRONZE
SPC,LATEST,cash_flow,order,31.0,ACTUAL,VNSTOCK_BRONZE
SPC,LATEST,cash_flow,level,2.0,ACTUAL,VNSTOCK_BRONZE
SPC,LATEST,cash_flow,value,0.0,ACTUAL,VNSTOCK_BRONZE
SPC,LATEST,cash_flow,order,32.0,ACTUAL,VNSTOCK_BRONZE
SPC,LATEST,cash_flow,level,1.0,ACTUAL,VNSTOCK_BRONZE
SPC,LATEST,cash_flow,value,4488620902.0,ACTUAL,VNSTOCK_BRONZE
SPC,LATEST,cash_flow,order,33.0,ACTUAL,VNSTOCK_BRONZE
SPC,LATEST,cash_flow,level,2.0,ACTUAL,VNSTOCK_BRONZE
SPC,LATEST,cash_flow,value,-529426195.0,ACTUAL,VNSTOCK_BRONZE
SPC,LATEST,cash_flow,order,34.0,ACTUAL,VNSTOCK_BRONZE
SPC,LATEST,cash_flow,level,2.0,ACTUAL,VNSTOCK_BRONZE
SPC,LATEST,cash_flow,value,9090911.0,ACTUAL,VNSTOCK_BRONZE
SPC,LATEST,cash_flow,order,35.0,ACTUAL,VNSTOCK_BRONZE
SPC,LATEST,cash_flow,level,2.0,ACTUAL,VNSTOCK_BRONZE
SPC,LATEST,cash_flow,value,0.0,ACTUAL,VNSTOCK_BRONZE
SPC,LATEST,cash_flow,order,36.0,ACTUAL,VNSTOCK_BRONZE
SPC,LATEST,cash_flow,level,2.0,ACTUAL,VNSTOCK_BRONZE
SPC,LATEST,cash_flow,value,6000000000.0,ACTUAL,VNSTOCK_BRONZE
SPC,LATEST,cash_flow,order,37.0,ACTUAL,VNSTOCK_BRONZE
SPC,LATEST,cash_flow,level,2.0,ACTUAL,VNSTOCK_BRONZE
SPC,LATEST,cash_flow,value,0.0,ACTUAL,VNSTOCK_BRONZE
SPC,LATEST,cash_flow,order,38.0,ACTUAL,VNSTOCK_BRONZE
SPC,LATEST,cash_flow,level,2.0,ACTUAL,VNSTOCK_BRONZE
SPC,LATEST,cash_flow,value,0.0,ACTUAL,VNSTOCK_BRONZE
SPC,LATEST,cash_flow,order,39.0,ACTUAL,VNSTOCK_BRONZE
SPC,LATEST,cash_flow,level,2.0,ACTUAL,VNSTOCK_BRONZE
SPC,LATEST,cash_flow,value,-991043814.0,ACTUAL,VNSTOCK_BRONZE
SPC,LATEST,cash_flow,order,40.0,ACTUAL,VNSTOCK_BRONZE
SPC,LATEST,cash_flow,level,1.0,ACTUAL,VNSTOCK_BRONZE
SPC,LATEST,cash_flow,order,41.0,ACTUAL,VNSTOCK_BRONZE
SPC,LATEST,cash_flow,level,2.0,ACTUAL,VNSTOCK_BRONZE
SPC,LATEST,cash_flow,value,0.0,ACTUAL,VNSTOCK_BRONZE
SPC,LATEST,cash_flow,order,42.0,ACTUAL,VNSTOCK_BRONZE
SPC,LATEST,cash_flow,level,2.0,ACTUAL,VNSTOCK_BRONZE
SPC,LATEST,cash_flow,value,0.0,ACTUAL,VNSTOCK_BRONZE
SPC,LATEST,cash_flow,order,43.0,ACTUAL,VNSTOCK_BRONZE
SPC,LATEST,cash_flow,level,2.0,ACTUAL,VNSTOCK_BRONZE
SPC,LATEST,cash_flow,value,109351881024.0,ACTUAL,VNSTOCK_BRONZE
SPC,LATEST,cash_flow,order,44.0,ACTUAL,VNSTOCK_BRONZE
SPC,LATEST,cash_flow,level,2.0,ACTUAL,VNSTOCK_BRONZE
SPC,LATEST,cash_flow,value,-124745049914.0,ACTUAL,VNSTOCK_BRONZE
SPC,LATEST,cash_flow,order,45.0,ACTUAL,VNSTOCK_BRONZE
SPC,LATEST,cash_flow,level,2.0,ACTUAL,VNSTOCK_BRONZE
SPC,LATEST,cash_flow,value,-112287852.0,ACTUAL,VNSTOCK_BRONZE
SPC,LATEST,cash_flow,order,46.0,ACTUAL,VNSTOCK_BRONZE
SPC,LATEST,cash_flow,level,2.0,ACTUAL,VNSTOCK_BRONZE
SPC,LATEST,cash_flow,value,-1699508450.0,ACTUAL,VNSTOCK_BRONZE
SPC,LATEST,cash_flow,order,47.0,ACTUAL,VNSTOCK_BRONZE
SPC,LATEST,cash_flow,level,2.0,ACTUAL,VNSTOCK_BRONZE
SPC,LATEST,cash_flow,value,7629311912.0,ACTUAL,VNSTOCK_BRONZE
SPC,LATEST,cash_flow,order,48.0,ACTUAL,VNSTOCK_BRONZE
SPC,LATEST,cash_flow,level,1.0,ACTUAL,VNSTOCK_BRONZE
SPC,LATEST,cash_flow,order,49.0,ACTUAL,VNSTOCK_BRONZE
SPC,LATEST,cash_flow,level,1.0,ACTUAL,VNSTOCK_BRONZE
SPC,LATEST,cash_flow,order,50.0,ACTUAL,VNSTOCK_BRONZE
SPC,LATEST,cash_flow,level,1.0,ACTUAL,VNSTOCK_BRONZE
SPC,LATEST,cash_flow,order,51.0,ACTUAL,VNSTOCK_BRONZE
SPC,LATEST,cash_flow,level,1.0,ACTUAL,VNSTOCK_BRONZE
SPC,LATEST,cash_flow,value,24834277104.0,ACTUAL,VNSTOCK_BRONZE
SPC,LATEST,cash_flow,order,1.0,ACTUAL,VNSTOCK_BRONZE
SPC,LATEST,cash_flow,level,1.0,ACTUAL,VNSTOCK_BRONZE
SPC,LATEST,cash_flow,value,38641817366.0,ACTUAL,VNSTOCK_BRONZE
SPC,LATEST,cash_flow,order,2.0,ACTUAL,VNSTOCK_BRONZE
SPC,LATEST,cash_flow,level,2.0,ACTUAL,VNSTOCK_BRONZE
SPC,LATEST,cash_flow,value,0.0,ACTUAL,VNSTOCK_BRONZE
SPC,LATEST,cash_flow,order,3.0,ACTUAL,VNSTOCK_BRONZE
SPC,LATEST,cash_flow,level,2.0,ACTUAL,VNSTOCK_BRONZE
SPC,LATEST,cash_flow,value,0.0,ACTUAL,VNSTOCK_BRONZE
SPC,LATEST,cash_flow,order,4.0,ACTUAL,VNSTOCK_BRONZE
SPC,LATEST,cash_flow,level,2.0,ACTUAL,VNSTOCK_BRONZE
SPC,LATEST,cash_flow,value,0.0,ACTUAL,VNSTOCK_BRONZE
SPC,LATEST,cash_flow,order,5.0,ACTUAL,VNSTOCK_BRONZE
SPC,LATEST,cash_flow,level,2.0,ACTUAL,VNSTOCK_BRONZE
SPC,LATEST,cash_flow,value,0.0,ACTUAL,VNSTOCK_BRONZE
SPC,LATEST,cash_flow,order,6.0,ACTUAL,VNSTOCK_BRONZE
SPC,LATEST,cash_flow,level,2.0,ACTUAL,VNSTOCK_BRONZE
SPC,LATEST,cash_flow,value,0.0,ACTUAL,VNSTOCK_BRONZE
SPC,LATEST,cash_flow,order,7.0,ACTUAL,VNSTOCK_BRONZE
SPC,LATEST,cash_flow,level,2.0,ACTUAL,VNSTOCK_BRONZE
SPC,LATEST,cash_flow,value,0.0,ACTUAL,VNSTOCK_BRONZE
SPC,LATEST,cash_flow,order,8.0,ACTUAL,VNSTOCK_BRONZE
SPC,LATEST,cash_flow,level,2.0,ACTUAL,VNSTOCK_BRONZE
SPC,LATEST,cash_flow,value,0.0,ACTUAL,VNSTOCK_BRONZE
SPC,LATEST,cash_flow,order,9.0,ACTUAL,VNSTOCK_BRONZE
SPC,LATEST,cash_flow,level,2.0,ACTUAL,VNSTOCK_BRONZE
SPC,LATEST,cash_flow,value,0.0,ACTUAL,VNSTOCK_BRONZE
SPC,LATEST,cash_flow,order,10.0,ACTUAL,VNSTOCK_BRONZE
SPC,LATEST,cash_flow,level,2.0,ACTUAL,VNSTOCK_BRONZE
SPC,LATEST,cash_flow,value,0.0,ACTUAL,VNSTOCK_BRONZE
SPC,LATEST,cash_flow,order,11.0,ACTUAL,VNSTOCK_BRONZE
SPC,LATEST,cash_flow,level,2.0,ACTUAL,VNSTOCK_BRONZE
SPC,LATEST,cash_flow,value,0.0,ACTUAL,VNSTOCK_BRONZE
SPC,LATEST,cash_flow,order,12.0,ACTUAL,VNSTOCK_BRONZE
SPC,LATEST,cash_flow,level,2.0,ACTUAL,VNSTOCK_BRONZE
SPC,LATEST,cash_flow,value,0.0,ACTUAL,VNSTOCK_BRONZE
SPC,LATEST,cash_flow,order,13.0,ACTUAL,VNSTOCK_BRONZE
SPC,LATEST,cash_flow,level,2.0,ACTUAL,VNSTOCK_BRONZE
SPC,LATEST,cash_flow,value,0.0,ACTUAL,VNSTOCK_BRONZE
SPC,LATEST,cash_flow,order,14.0,ACTUAL,VNSTOCK_BRONZE
SPC,LATEST,cash_flow,level,2.0,ACTUAL,VNSTOCK_BRONZE
SPC,LATEST,cash_flow,order,15.0,ACTUAL,VNSTOCK_BRONZE
SPC,LATEST,cash_flow,level,2.0,ACTUAL,VNSTOCK_BRONZE
SPC,LATEST,cash_flow,order,16.0,ACTUAL,VNSTOCK_BRONZE
SPC,LATEST,cash_flow,level,2.0,ACTUAL,VNSTOCK_BRONZE
SPC,LATEST,cash_flow,order,17.0,ACTUAL,VNSTOCK_BRONZE
SPC,LATEST,cash_flow,level,2.0,ACTUAL,VNSTOCK_BRONZE
SPC,LATEST,cash_flow,order,18.0,ACTUAL,VNSTOCK_BRONZE
SPC,LATEST,cash_flow,level,2.0,ACTUAL,VNSTOCK_BRONZE
SPC,LATEST,cash_flow,order,19.0,ACTUAL,VNSTOCK_BRONZE
SPC,LATEST,cash_flow,level,2.0,ACTUAL,VNSTOCK_BRONZE
SPC,LATEST,cash_flow,order,20.0,ACTUAL,VNSTOCK_BRONZE
SPC,LATEST,cash_flow,level,2.0,ACTUAL,VNSTOCK_BRONZE
SPC,LATEST,cash_flow,order,21.0,ACTUAL,VNSTOCK_BRONZE
SPC,LATEST,cash_flow,level,2.0,ACTUAL,VNSTOCK_BRONZE
SPC,LATEST,cash_flow,order,22.0,ACTUAL,VNSTOCK_BRONZE
SPC,LATEST,cash_flow,level,2.0,ACTUAL,VNSTOCK_BRONZE
SPC,LATEST,cash_flow,order,23.0,ACTUAL,VNSTOCK_BRONZE
SPC,LATEST,cash_flow,level,2.0,ACTUAL,VNSTOCK_BRONZE
SPC,LATEST,cash_flow,order,24.0,ACTUAL,VNSTOCK_BRONZE
SPC,LATEST,cash_flow,level,2.0,ACTUAL,VNSTOCK_BRONZE
SPC,LATEST,cash_flow,value,0.0,ACTUAL,VNSTOCK_BRONZE
SPC,LATEST,cash_flow,order,25.0,ACTUAL,VNSTOCK_BRONZE
SPC,LATEST,cash_flow,level,2.0,ACTUAL,VNSTOCK_BRONZE
SPC,LATEST,cash_flow,value,0.0,ACTUAL,VNSTOCK_BRONZE
SPC,LATEST,cash_flow,order,26.0,ACTUAL,VNSTOCK_BRONZE
SPC,LATEST,cash_flow,level,2.0,ACTUAL,VNSTOCK_BRONZE
SPC,LATEST,cash_flow,value,0.0,ACTUAL,VNSTOCK_BRONZE
SPC,LATEST,cash_flow,order,27.0,ACTUAL,VNSTOCK_BRONZE
SPC,LATEST,cash_flow,level,2.0,ACTUAL,VNSTOCK_BRONZE
SPC,LATEST,cash_flow,value,0.0,ACTUAL,VNSTOCK_BRONZE
SPC,LATEST,cash_flow,order,28.0,ACTUAL,VNSTOCK_BRONZE
SPC,LATEST,cash_flow,level,2.0,ACTUAL,VNSTOCK_BRONZE
SPC,LATEST,cash_flow,value,0.0,ACTUAL,VNSTOCK_BRONZE
SPC,LATEST,cash_flow,order,29.0,ACTUAL,VNSTOCK_BRONZE
SPC,LATEST,cash_flow,level,2.0,ACTUAL,VNSTOCK_BRONZE
SPC,LATEST,cash_flow,order,30.0,ACTUAL,VNSTOCK_BRONZE
SPC,LATEST,cash_flow,level,2.0,ACTUAL,VNSTOCK_BRONZE
SPC,LATEST,cash_flow,value,0.0,ACTUAL,VNSTOCK_BRONZE
SPC,LATEST,cash_flow,order,31.0,ACTUAL,VNSTOCK_BRONZE
SPC,LATEST,cash_flow,level,2.0,ACTUAL,VNSTOCK_BRONZE
SPC,LATEST,cash_flow,value,0.0,ACTUAL,VNSTOCK_BRONZE
SPC,LATEST,cash_flow,order,32.0,ACTUAL,VNSTOCK_BRONZE
SPC,LATEST,cash_flow,level,1.0,ACTUAL,VNSTOCK_BRONZE
SPC,LATEST,cash_flow,value,-104463536.0,ACTUAL,VNSTOCK_BRONZE
SPC,LATEST,cash_flow,order,33.0,ACTUAL,VNSTOCK_BRONZE
SPC,LATEST,cash_flow,level,2.0,ACTUAL,VNSTOCK_BRONZE
SPC,LATEST,cash_flow,value,-2548732884.0,ACTUAL,VNSTOCK_BRONZE
SPC,LATEST,cash_flow,order,34.0,ACTUAL,VNSTOCK_BRONZE
SPC,LATEST,cash_flow,level,2.0,ACTUAL,VNSTOCK_BRONZE
SPC,LATEST,cash_flow,value,562410223.0,ACTUAL,VNSTOCK_BRONZE
SPC,LATEST,cash_flow,order,35.0,ACTUAL,VNSTOCK_BRONZE
SPC,LATEST,cash_flow,level,2.0,ACTUAL,VNSTOCK_BRONZE
SPC,LATEST,cash_flow,value,0.0,ACTUAL,VNSTOCK_BRONZE
SPC,LATEST,cash_flow,order,36.0,ACTUAL,VNSTOCK_BRONZE
SPC,LATEST,cash_flow,level,2.0,ACTUAL,VNSTOCK_BRONZE
SPC,LATEST,cash_flow,value,0.0,ACTUAL,VNSTOCK_BRONZE
SPC,LATEST,cash_flow,order,37.0,ACTUAL,VNSTOCK_BRONZE
SPC,LATEST,cash_flow,level,2.0,ACTUAL,VNSTOCK_BRONZE
SPC,LATEST,cash_flow,value,0.0,ACTUAL,VNSTOCK_BRONZE
SPC,LATEST,cash_flow,order,38.0,ACTUAL,VNSTOCK_BRONZE
SPC,LATEST,cash_flow,level,2.0,ACTUAL,VNSTOCK_BRONZE
SPC,LATEST,cash_flow,value,0.0,ACTUAL,VNSTOCK_BRONZE
SPC,LATEST,cash_flow,order,39.0,ACTUAL,VNSTOCK_BRONZE
SPC,LATEST,cash_flow,level,2.0,ACTUAL,VNSTOCK_BRONZE
SPC,LATEST,cash_flow,value,1881859125.0,ACTUAL,VNSTOCK_BRONZE
SPC,LATEST,cash_flow,order,40.0,ACTUAL,VNSTOCK_BRONZE
SPC,LATEST,cash_flow,level,1.0,ACTUAL,VNSTOCK_BRONZE
SPC,LATEST,cash_flow,order,41.0,ACTUAL,VNSTOCK_BRONZE
SPC,LATEST,cash_flow,level,2.0,ACTUAL,VNSTOCK_BRONZE
SPC,LATEST,cash_flow,value,0.0,ACTUAL,VNSTOCK_BRONZE
SPC,LATEST,cash_flow,order,42.0,ACTUAL,VNSTOCK_BRONZE
SPC,LATEST,cash_flow,level,2.0,ACTUAL,VNSTOCK_BRONZE
SPC,LATEST,cash_flow,value,0.0,ACTUAL,VNSTOCK_BRONZE
SPC,LATEST,cash_flow,order,43.0,ACTUAL,VNSTOCK_BRONZE
SPC,LATEST,cash_flow,level,2.0,ACTUAL,VNSTOCK_BRONZE
SPC,LATEST,cash_flow,value,108517866867.0,ACTUAL,VNSTOCK_BRONZE
SPC,LATEST,cash_flow,order,44.0,ACTUAL,VNSTOCK_BRONZE
SPC,LATEST,cash_flow,level,2.0,ACTUAL,VNSTOCK_BRONZE
SPC,LATEST,cash_flow,value,-136334182361.0,ACTUAL,VNSTOCK_BRONZE
SPC,LATEST,cash_flow,order,45.0,ACTUAL,VNSTOCK_BRONZE
SPC,LATEST,cash_flow,level,2.0,ACTUAL,VNSTOCK_BRONZE
SPC,LATEST,cash_flow,value,-149717136.0,ACTUAL,VNSTOCK_BRONZE
SPC,LATEST,cash_flow,order,46.0,ACTUAL,VNSTOCK_BRONZE
SPC,LATEST,cash_flow,level,2.0,ACTUAL,VNSTOCK_BRONZE
SPC,LATEST,cash_flow,value,-9491044900.0,ACTUAL,VNSTOCK_BRONZE
SPC,LATEST,cash_flow,order,47.0,ACTUAL,VNSTOCK_BRONZE
SPC,LATEST,cash_flow,level,2.0,ACTUAL,VNSTOCK_BRONZE
SPC,LATEST,cash_flow,value,-6379119941.0,ACTUAL,VNSTOCK_BRONZE
SPC,LATEST,cash_flow,order,48.0,ACTUAL,VNSTOCK_BRONZE
SPC,LATEST,cash_flow,level,1.0,ACTUAL,VNSTOCK_BRONZE
SPC,LATEST,cash_flow,order,49.0,ACTUAL,VNSTOCK_BRONZE
SPC,LATEST,cash_flow,level,1.0,ACTUAL,VNSTOCK_BRONZE
SPC,LATEST,cash_flow,order,50.0,ACTUAL,VNSTOCK_BRONZE
SPC,LATEST,cash_flow,level,1.0,ACTUAL,VNSTOCK_BRONZE
SPC,LATEST,cash_flow,order,51.0,ACTUAL,VNSTOCK_BRONZE
SPC,LATEST,cash_flow,level,1.0,ACTUAL,VNSTOCK_BRONZE
SPC,LATEST,cash_flow,value,31077957589.0,ACTUAL,VNSTOCK_BRONZE
SPC,LATEST,cash_flow,order,1.0,ACTUAL,VNSTOCK_BRONZE
SPC,LATEST,cash_flow,level,1.0,ACTUAL,VNSTOCK_BRONZE
SPC,LATEST,cash_flow,value,27049382408.0,ACTUAL,VNSTOCK_BRONZE
SPC,LATEST,cash_flow,order,2.0,ACTUAL,VNSTOCK_BRONZE
SPC,LATEST,cash_flow,level,2.0,ACTUAL,VNSTOCK_BRONZE
SPC,LATEST,cash_flow,value,0.0,ACTUAL,VNSTOCK_BRONZE
SPC,LATEST,cash_flow,order,3.0,ACTUAL,VNSTOCK_BRONZE
SPC,LATEST,cash_flow,level,2.0,ACTUAL,VNSTOCK_BRONZE
SPC,LATEST,cash_flow,value,0.0,ACTUAL,VNSTOCK_BRONZE
SPC,LATEST,cash_flow,order,4.0,ACTUAL,VNSTOCK_BRONZE
SPC,LATEST,cash_flow,level,2.0,ACTUAL,VNSTOCK_BRONZE
SPC,LATEST,cash_flow,value,0.0,ACTUAL,VNSTOCK_BRONZE
SPC,LATEST,cash_flow,order,5.0,ACTUAL,VNSTOCK_BRONZE
SPC,LATEST,cash_flow,level,2.0,ACTUAL,VNSTOCK_BRONZE
SPC,LATEST,cash_flow,value,0.0,ACTUAL,VNSTOCK_BRONZE
SPC,LATEST,cash_flow,order,6.0,ACTUAL,VNSTOCK_BRONZE
SPC,LATEST,cash_flow,level,2.0,ACTUAL,VNSTOCK_BRONZE
SPC,LATEST,cash_flow,value,0.0,ACTUAL,VNSTOCK_BRONZE
SPC,LATEST,cash_flow,order,7.0,ACTUAL,VNSTOCK_BRONZE
SPC,LATEST,cash_flow,level,2.0,ACTUAL,VNSTOCK_BRONZE
SPC,LATEST,cash_flow,value,0.0,ACTUAL,VNSTOCK_BRONZE
SPC,LATEST,cash_flow,order,8.0,ACTUAL,VNSTOCK_BRONZE
SPC,LATEST,cash_flow,level,2.0,ACTUAL,VNSTOCK_BRONZE
SPC,LATEST,cash_flow,value,0.0,ACTUAL,VNSTOCK_BRONZE
SPC,LATEST,cash_flow,order,9.0,ACTUAL,VNSTOCK_BRONZE
SPC,LATEST,cash_flow,level,2.0,ACTUAL,VNSTOCK_BRONZE
SPC,LATEST,cash_flow,value,0.0,ACTUAL,VNSTOCK_BRONZE
SPC,LATEST,cash_flow,order,10.0,ACTUAL,VNSTOCK_BRONZE
SPC,LATEST,cash_flow,level,2.0,ACTUAL,VNSTOCK_BRONZE
SPC,LATEST,cash_flow,value,0.0,ACTUAL,VNSTOCK_BRONZE
SPC,LATEST,cash_flow,order,11.0,ACTUAL,VNSTOCK_BRONZE
SPC,LATEST,cash_flow,level,2.0,ACTUAL,VNSTOCK_BRONZE
SPC,LATEST,cash_flow,value,0.0,ACTUAL,VNSTOCK_BRONZE
SPC,LATEST,cash_flow,order,12.0,ACTUAL,VNSTOCK_BRONZE
SPC,LATEST,cash_flow,level,2.0,ACTUAL,VNSTOCK_BRONZE
SPC,LATEST,cash_flow,value,0.0,ACTUAL,VNSTOCK_BRONZE
SPC,LATEST,cash_flow,order,13.0,ACTUAL,VNSTOCK_BRONZE
SPC,LATEST,cash_flow,level,2.0,ACTUAL,VNSTOCK_BRONZE
SPC,LATEST,cash_flow,value,0.0,ACTUAL,VNSTOCK_BRONZE
SPC,LATEST,cash_flow,order,14.0,ACTUAL,VNSTOCK_BRONZE
SPC,LATEST,cash_flow,level,2.0,ACTUAL,VNSTOCK_BRONZE
SPC,LATEST,cash_flow,order,15.0,ACTUAL,VNSTOCK_BRONZE
SPC,LATEST,cash_flow,level,2.0,ACTUAL,VNSTOCK_BRONZE
SPC,LATEST,cash_flow,order,16.0,ACTUAL,VNSTOCK_BRONZE
SPC,LATEST,cash_flow,level,2.0,ACTUAL,VNSTOCK_BRONZE
SPC,LATEST,cash_flow,order,17.0,ACTUAL,VNSTOCK_BRONZE
SPC,LATEST,cash_flow,level,2.0,ACTUAL,VNSTOCK_BRONZE
SPC,LATEST,cash_flow,order,18.0,ACTUAL,VNSTOCK_BRONZE
SPC,LATEST,cash_flow,level,2.0,ACTUAL,VNSTOCK_BRONZE
SPC,LATEST,cash_flow,order,19.0,ACTUAL,VNSTOCK_BRONZE
SPC,LATEST,cash_flow,level,2.0,ACTUAL,VNSTOCK_BRONZE
SPC,LATEST,cash_flow,order,20.0,ACTUAL,VNSTOCK_BRONZE
SPC,LATEST,cash_flow,level,2.0,ACTUAL,VNSTOCK_BRONZE
SPC,LATEST,cash_flow,order,21.0,ACTUAL,VNSTOCK_BRONZE
SPC,LATEST,cash_flow,level,2.0,ACTUAL,VNSTOCK_BRONZE
SPC,LATEST,cash_flow,order,22.0,ACTUAL,VNSTOCK_BRONZE
SPC,LATEST,cash_flow,level,2.0,ACTUAL,VNSTOCK_BRONZE
SPC,LATEST,cash_flow,order,23.0,ACTUAL,VNSTOCK_BRONZE
SPC,LATEST,cash_flow,level,2.0,ACTUAL,VNSTOCK_BRONZE
SPC,LATEST,cash_flow,order,24.0,ACTUAL,VNSTOCK_BRONZE
SPC,LATEST,cash_flow,level,2.0,ACTUAL,VNSTOCK_BRONZE
SPC,LATEST,cash_flow,value,0.0,ACTUAL,VNSTOCK_BRONZE
SPC,LATEST,cash_flow,order,25.0,ACTUAL,VNSTOCK_BRONZE
SPC,LATEST,cash_flow,level,2.0,ACTUAL,VNSTOCK_BRONZE
SPC,LATEST,cash_flow,value,0.0,ACTUAL,VNSTOCK_BRONZE
SPC,LATEST,cash_flow,order,26.0,ACTUAL,VNSTOCK_BRONZE
SPC,LATEST,cash_flow,level,2.0,ACTUAL,VNSTOCK_BRONZE
SPC,LATEST,cash_flow,value,0.0,ACTUAL,VNSTOCK_BRONZE
SPC,LATEST,cash_flow,order,27.0,ACTUAL,VNSTOCK_BRONZE
SPC,LATEST,cash_flow,level,2.0,ACTUAL,VNSTOCK_BRONZE
SPC,LATEST,cash_flow,value,0.0,ACTUAL,VNSTOCK_BRONZE
SPC,LATEST,cash_flow,order,28.0,ACTUAL,VNSTOCK_BRONZE
SPC,LATEST,cash_flow,level,2.0,ACTUAL,VNSTOCK_BRONZE
SPC,LATEST,cash_flow,value,0.0,ACTUAL,VNSTOCK_BRONZE
SPC,LATEST,cash_flow,order,29.0,ACTUAL,VNSTOCK_BRONZE
SPC,LATEST,cash_flow,level,2.0,ACTUAL,VNSTOCK_BRONZE
SPC,LATEST,cash_flow,order,30.0,ACTUAL,VNSTOCK_BRONZE
SPC,LATEST,cash_flow,level,2.0,ACTUAL,VNSTOCK_BRONZE
SPC,LATEST,cash_flow,value,0.0,ACTUAL,VNSTOCK_BRONZE
SPC,LATEST,cash_flow,order,31.0,ACTUAL,VNSTOCK_BRONZE
SPC,LATEST,cash_flow,level,2.0,ACTUAL,VNSTOCK_BRONZE
SPC,LATEST,cash_flow,value,0.0,ACTUAL,VNSTOCK_BRONZE
SPC,LATEST,cash_flow,order,32.0,ACTUAL,VNSTOCK_BRONZE
SPC,LATEST,cash_flow,level,1.0,ACTUAL,VNSTOCK_BRONZE
SPC,LATEST,cash_flow,value,-885058251.0,ACTUAL,VNSTOCK_BRONZE
SPC,LATEST,cash_flow,order,33.0,ACTUAL,VNSTOCK_BRONZE
SPC,LATEST,cash_flow,level,2.0,ACTUAL,VNSTOCK_BRONZE
SPC,LATEST,cash_flow,value,-112193838.0,ACTUAL,VNSTOCK_BRONZE
SPC,LATEST,cash_flow,order,34.0,ACTUAL,VNSTOCK_BRONZE
SPC,LATEST,cash_flow,level,2.0,ACTUAL,VNSTOCK_BRONZE
SPC,LATEST,cash_flow,value,-512410223.0,ACTUAL,VNSTOCK_BRONZE
SPC,LATEST,cash_flow,order,35.0,ACTUAL,VNSTOCK_BRONZE
SPC,LATEST,cash_flow,level,2.0,ACTUAL,VNSTOCK_BRONZE
SPC,LATEST,cash_flow,value,0.0,ACTUAL,VNSTOCK_BRONZE
SPC,LATEST,cash_flow,order,36.0,ACTUAL,VNSTOCK_BRONZE
SPC,LATEST,cash_flow,level,2.0,ACTUAL,VNSTOCK_BRONZE
SPC,LATEST,cash_flow,value,0.0,ACTUAL,VNSTOCK_BRONZE
SPC,LATEST,cash_flow,order,37.0,ACTUAL,VNSTOCK_BRONZE
SPC,LATEST,cash_flow,level,2.0,ACTUAL,VNSTOCK_BRONZE
SPC,LATEST,cash_flow,value,0.0,ACTUAL,VNSTOCK_BRONZE
SPC,LATEST,cash_flow,order,38.0,ACTUAL,VNSTOCK_BRONZE
SPC,LATEST,cash_flow,level,2.0,ACTUAL,VNSTOCK_BRONZE
SPC,LATEST,cash_flow,value,0.0,ACTUAL,VNSTOCK_BRONZE
SPC,LATEST,cash_flow,order,39.0,ACTUAL,VNSTOCK_BRONZE
SPC,LATEST,cash_flow,level,2.0,ACTUAL,VNSTOCK_BRONZE
SPC,LATEST,cash_flow,value,-260454190.0,ACTUAL,VNSTOCK_BRONZE
SPC,LATEST,cash_flow,order,40.0,ACTUAL,VNSTOCK_BRONZE
SPC,LATEST,cash_flow,level,1.0,ACTUAL,VNSTOCK_BRONZE
SPC,LATEST,cash_flow,order,41.0,ACTUAL,VNSTOCK_BRONZE
SPC,LATEST,cash_flow,level,2.0,ACTUAL,VNSTOCK_BRONZE
SPC,LATEST,cash_flow,value,0.0,ACTUAL,VNSTOCK_BRONZE
SPC,LATEST,cash_flow,order,42.0,ACTUAL,VNSTOCK_BRONZE
SPC,LATEST,cash_flow,level,2.0,ACTUAL,VNSTOCK_BRONZE
SPC,LATEST,cash_flow,value,0.0,ACTUAL,VNSTOCK_BRONZE
SPC,LATEST,cash_flow,order,43.0,ACTUAL,VNSTOCK_BRONZE
SPC,LATEST,cash_flow,level,2.0,ACTUAL,VNSTOCK_BRONZE
SPC,LATEST,cash_flow,value,148046505843.0,ACTUAL,VNSTOCK_BRONZE
SPC,LATEST,cash_flow,order,44.0,ACTUAL,VNSTOCK_BRONZE
SPC,LATEST,cash_flow,level,2.0,ACTUAL,VNSTOCK_BRONZE
SPC,LATEST,cash_flow,value,-159874948875.0,ACTUAL,VNSTOCK_BRONZE
SPC,LATEST,cash_flow,order,45.0,ACTUAL,VNSTOCK_BRONZE
SPC,LATEST,cash_flow,level,2.0,ACTUAL,VNSTOCK_BRONZE
SPC,LATEST,cash_flow,value,-303758868.0,ACTUAL,VNSTOCK_BRONZE
SPC,LATEST,cash_flow,order,46.0,ACTUAL,VNSTOCK_BRONZE
SPC,LATEST,cash_flow,level,2.0,ACTUAL,VNSTOCK_BRONZE
SPC,LATEST,cash_flow,value,-318664000.0,ACTUAL,VNSTOCK_BRONZE
SPC,LATEST,cash_flow,order,47.0,ACTUAL,VNSTOCK_BRONZE
SPC,LATEST,cash_flow,level,2.0,ACTUAL,VNSTOCK_BRONZE
SPC,LATEST,cash_flow,value,8267603779.0,ACTUAL,VNSTOCK_BRONZE
SPC,LATEST,cash_flow,order,48.0,ACTUAL,VNSTOCK_BRONZE
SPC,LATEST,cash_flow,level,1.0,ACTUAL,VNSTOCK_BRONZE
SPC,LATEST,cash_flow,order,49.0,ACTUAL,VNSTOCK_BRONZE
SPC,LATEST,cash_flow,level,1.0,ACTUAL,VNSTOCK_BRONZE
SPC,LATEST,cash_flow,order,50.0,ACTUAL,VNSTOCK_BRONZE
SPC,LATEST,cash_flow,level,1.0,ACTUAL,VNSTOCK_BRONZE
SPC,LATEST,cash_flow,order,51.0,ACTUAL,VNSTOCK_BRONZE
SPC,LATEST,cash_flow,level,1.0,ACTUAL,VNSTOCK_BRONZE
SPC,LATEST,cash_flow,value,20718469679.0,ACTUAL,VNSTOCK_BRONZE
SPC,LATEST,cash_flow,order,1.0,ACTUAL,VNSTOCK_BRONZE
SPC,LATEST,cash_flow,level,1.0,ACTUAL,VNSTOCK_BRONZE
SPC,LATEST,cash_flow,value,11633075635.0,ACTUAL,VNSTOCK_BRONZE
SPC,LATEST,cash_flow,order,2.0,ACTUAL,VNSTOCK_BRONZE
SPC,LATEST,cash_flow,level,2.0,ACTUAL,VNSTOCK_BRONZE
SPC,LATEST,cash_flow,value,0.0,ACTUAL,VNSTOCK_BRONZE
SPC,LATEST,cash_flow,order,3.0,ACTUAL,VNSTOCK_BRONZE
SPC,LATEST,cash_flow,level,2.0,ACTUAL,VNSTOCK_BRONZE
SPC,LATEST,cash_flow,value,0.0,ACTUAL,VNSTOCK_BRONZE
SPC,LATEST,cash_flow,order,4.0,ACTUAL,VNSTOCK_BRONZE
SPC,LATEST,cash_flow,level,2.0,ACTUAL,VNSTOCK_BRONZE
SPC,LATEST,cash_flow,value,0.0,ACTUAL,VNSTOCK_BRONZE
SPC,LATEST,cash_flow,order,5.0,ACTUAL,VNSTOCK_BRONZE
SPC,LATEST,cash_flow,level,2.0,ACTUAL,VNSTOCK_BRONZE
SPC,LATEST,cash_flow,value,0.0,ACTUAL,VNSTOCK_BRONZE
SPC,LATEST,cash_flow,order,6.0,ACTUAL,VNSTOCK_BRONZE
SPC,LATEST,cash_flow,level,2.0,ACTUAL,VNSTOCK_BRONZE
SPC,LATEST,cash_flow,value,0.0,ACTUAL,VNSTOCK_BRONZE
SPC,LATEST,cash_flow,order,7.0,ACTUAL,VNSTOCK_BRONZE
SPC,LATEST,cash_flow,level,2.0,ACTUAL,VNSTOCK_BRONZE
SPC,LATEST,cash_flow,value,0.0,ACTUAL,VNSTOCK_BRONZE
SPC,LATEST,cash_flow,order,8.0,ACTUAL,VNSTOCK_BRONZE
SPC,LATEST,cash_flow,level,2.0,ACTUAL,VNSTOCK_BRONZE
SPC,LATEST,cash_flow,value,0.0,ACTUAL,VNSTOCK_BRONZE
SPC,LATEST,cash_flow,order,9.0,ACTUAL,VNSTOCK_BRONZE
SPC,LATEST,cash_flow,level,2.0,ACTUAL,VNSTOCK_BRONZE
SPC,LATEST,cash_flow,value,0.0,ACTUAL,VNSTOCK_BRONZE
SPC,LATEST,cash_flow,order,10.0,ACTUAL,VNSTOCK_BRONZE
SPC,LATEST,cash_flow,level,2.0,ACTUAL,VNSTOCK_BRONZE
SPC,LATEST,cash_flow,value,0.0,ACTUAL,VNSTOCK_BRONZE
SPC,LATEST,cash_flow,order,11.0,ACTUAL,VNSTOCK_BRONZE
SPC,LATEST,cash_flow,level,2.0,ACTUAL,VNSTOCK_BRONZE
SPC,LATEST,cash_flow,value,0.0,ACTUAL,VNSTOCK_BRONZE
SPC,LATEST,cash_flow,order,12.0,ACTUAL,VNSTOCK_BRONZE
SPC,LATEST,cash_flow,level,2.0,ACTUAL,VNSTOCK_BRONZE
SPC,LATEST,cash_flow,value,0.0,ACTUAL,VNSTOCK_BRONZE
SPC,LATEST,cash_flow,order,13.0,ACTUAL,VNSTOCK_BRONZE
SPC,LATEST,cash_flow,level,2.0,ACTUAL,VNSTOCK_BRONZE
SPC,LATEST,cash_flow,value,0.0,ACTUAL,VNSTOCK_BRONZE
SPC,LATEST,cash_flow,order,14.0,ACTUAL,VNSTOCK_BRONZE
SPC,LATEST,cash_flow,level,2.0,ACTUAL,VNSTOCK_BRONZE
SPC,LATEST,cash_flow,order,15.0,ACTUAL,VNSTOCK_BRONZE
SPC,LATEST,cash_flow,level,2.0,ACTUAL,VNSTOCK_BRONZE
SPC,LATEST,cash_flow,order,16.0,ACTUAL,VNSTOCK_BRONZE
SPC,LATEST,cash_flow,level,2.0,ACTUAL,VNSTOCK_BRONZE
SPC,LATEST,cash_flow,order,17.0,ACTUAL,VNSTOCK_BRONZE
SPC,LATEST,cash_flow,level,2.0,ACTUAL,VNSTOCK_BRONZE
SPC,LATEST,cash_flow,order,18.0,ACTUAL,VNSTOCK_BRONZE
SPC,LATEST,cash_flow,level,2.0,ACTUAL,VNSTOCK_BRONZE
SPC,LATEST,cash_flow,order,19.0,ACTUAL,VNSTOCK_BRONZE
SPC,LATEST,cash_flow,level,2.0,ACTUAL,VNSTOCK_BRONZE
SPC,LATEST,cash_flow,order,20.0,ACTUAL,VNSTOCK_BRONZE
SPC,LATEST,cash_flow,level,2.0,ACTUAL,VNSTOCK_BRONZE
SPC,LATEST,cash_flow,order,21.0,ACTUAL,VNSTOCK_BRONZE
SPC,LATEST,cash_flow,level,2.0,ACTUAL,VNSTOCK_BRONZE
SPC,LATEST,cash_flow,order,22.0,ACTUAL,VNSTOCK_BRONZE
SPC,LATEST,cash_flow,level,2.0,ACTUAL,VNSTOCK_BRONZE
SPC,LATEST,cash_flow,order,23.0,ACTUAL,VNSTOCK_BRONZE
SPC,LATEST,cash_flow,level,2.0,ACTUAL,VNSTOCK_BRONZE
SPC,LATEST,cash_flow,order,24.0,ACTUAL,VNSTOCK_BRONZE
SPC,LATEST,cash_flow,level,2.0,ACTUAL,VNSTOCK_BRONZE
SPC,LATEST,cash_flow,value,0.0,ACTUAL,VNSTOCK_BRONZE
SPC,LATEST,cash_flow,order,25.0,ACTUAL,VNSTOCK_BRONZE
SPC,LATEST,cash_flow,level,2.0,ACTUAL,VNSTOCK_BRONZE
SPC,LATEST,cash_flow,value,0.0,ACTUAL,VNSTOCK_BRONZE
SPC,LATEST,cash_flow,order,26.0,ACTUAL,VNSTOCK_BRONZE
SPC,LATEST,cash_flow,level,2.0,ACTUAL,VNSTOCK_BRONZE
SPC,LATEST,cash_flow,value,0.0,ACTUAL,VNSTOCK_BRONZE
SPC,LATEST,cash_flow,order,27.0,ACTUAL,VNSTOCK_BRONZE
SPC,LATEST,cash_flow,level,2.0,ACTUAL,VNSTOCK_BRONZE
SPC,LATEST,cash_flow,value,0.0,ACTUAL,VNSTOCK_BRONZE
SPC,LATEST,cash_flow,order,28.0,ACTUAL,VNSTOCK_BRONZE
SPC,LATEST,cash_flow,level,2.0,ACTUAL,VNSTOCK_BRONZE
SPC,LATEST,cash_flow,value,0.0,ACTUAL,VNSTOCK_BRONZE
SPC,LATEST,cash_flow,order,29.0,ACTUAL,VNSTOCK_BRONZE
SPC,LATEST,cash_flow,level,2.0,ACTUAL,VNSTOCK_BRONZE
SPC,LATEST,cash_flow,order,30.0,ACTUAL,VNSTOCK_BRONZE
SPC,LATEST,cash_flow,level,2.0,ACTUAL,VNSTOCK_BRONZE
SPC,LATEST,cash_flow,value,0.0,ACTUAL,VNSTOCK_BRONZE
SPC,LATEST,cash_flow,order,31.0,ACTUAL,VNSTOCK_BRONZE
SPC,LATEST,cash_flow,level,2.0,ACTUAL,VNSTOCK_BRONZE
SPC,LATEST,cash_flow,value,0.0,ACTUAL,VNSTOCK_BRONZE
SPC,LATEST,cash_flow,order,32.0,ACTUAL,VNSTOCK_BRONZE
SPC,LATEST,cash_flow,level,1.0,ACTUAL,VNSTOCK_BRONZE
SPC,LATEST,cash_flow,value,781314971.0,ACTUAL,VNSTOCK_BRONZE
SPC,LATEST,cash_flow,order,33.0,ACTUAL,VNSTOCK_BRONZE
SPC,LATEST,cash_flow,level,2.0,ACTUAL,VNSTOCK_BRONZE
SPC,LATEST,cash_flow,value,-113314000.0,ACTUAL,VNSTOCK_BRONZE
SPC,LATEST,cash_flow,order,34.0,ACTUAL,VNSTOCK_BRONZE
SPC,LATEST,cash_flow,level,2.0,ACTUAL,VNSTOCK_BRONZE
SPC,LATEST,cash_flow,value,608640000.0,ACTUAL,VNSTOCK_BRONZE
SPC,LATEST,cash_flow,order,35.0,ACTUAL,VNSTOCK_BRONZE
SPC,LATEST,cash_flow,level,2.0,ACTUAL,VNSTOCK_BRONZE
SPC,LATEST,cash_flow,value,0.0,ACTUAL,VNSTOCK_BRONZE
SPC,LATEST,cash_flow,order,36.0,ACTUAL,VNSTOCK_BRONZE
SPC,LATEST,cash_flow,level,2.0,ACTUAL,VNSTOCK_BRONZE
SPC,LATEST,cash_flow,value,0.0,ACTUAL,VNSTOCK_BRONZE
SPC,LATEST,cash_flow,order,37.0,ACTUAL,VNSTOCK_BRONZE
SPC,LATEST,cash_flow,level,2.0,ACTUAL,VNSTOCK_BRONZE
SPC,LATEST,cash_flow,value,0.0,ACTUAL,VNSTOCK_BRONZE
SPC,LATEST,cash_flow,order,38.0,ACTUAL,VNSTOCK_BRONZE
SPC,LATEST,cash_flow,level,2.0,ACTUAL,VNSTOCK_BRONZE
SPC,LATEST,cash_flow,value,0.0,ACTUAL,VNSTOCK_BRONZE
SPC,LATEST,cash_flow,order,39.0,ACTUAL,VNSTOCK_BRONZE
SPC,LATEST,cash_flow,level,2.0,ACTUAL,VNSTOCK_BRONZE
SPC,LATEST,cash_flow,value,285988971.0,ACTUAL,VNSTOCK_BRONZE
SPC,LATEST,cash_flow,order,40.0,ACTUAL,VNSTOCK_BRONZE
SPC,LATEST,cash_flow,level,1.0,ACTUAL,VNSTOCK_BRONZE
SPC,LATEST,cash_flow,order,41.0,ACTUAL,VNSTOCK_BRONZE
SPC,LATEST,cash_flow,level,2.0,ACTUAL,VNSTOCK_BRONZE
SPC,LATEST,cash_flow,value,0.0,ACTUAL,VNSTOCK_BRONZE
SPC,LATEST,cash_flow,order,42.0,ACTUAL,VNSTOCK_BRONZE
SPC,LATEST,cash_flow,level,2.0,ACTUAL,VNSTOCK_BRONZE
SPC,LATEST,cash_flow,value,0.0,ACTUAL,VNSTOCK_BRONZE
SPC,LATEST,cash_flow,order,43.0,ACTUAL,VNSTOCK_BRONZE
SPC,LATEST,cash_flow,level,2.0,ACTUAL,VNSTOCK_BRONZE
SPC,LATEST,cash_flow,value,149322340341.0,ACTUAL,VNSTOCK_BRONZE
SPC,LATEST,cash_flow,order,44.0,ACTUAL,VNSTOCK_BRONZE
SPC,LATEST,cash_flow,level,2.0,ACTUAL,VNSTOCK_BRONZE
SPC,LATEST,cash_flow,value,-172699851543.0,ACTUAL,VNSTOCK_BRONZE
SPC,LATEST,cash_flow,order,45.0,ACTUAL,VNSTOCK_BRONZE
SPC,LATEST,cash_flow,level,2.0,ACTUAL,VNSTOCK_BRONZE
SPC,LATEST,cash_flow,value,0.0,ACTUAL,VNSTOCK_BRONZE
SPC,LATEST,cash_flow,order,46.0,ACTUAL,VNSTOCK_BRONZE
SPC,LATEST,cash_flow,level,2.0,ACTUAL,VNSTOCK_BRONZE
SPC,LATEST,cash_flow,value,-47900000.0,ACTUAL,VNSTOCK_BRONZE
SPC,LATEST,cash_flow,order,47.0,ACTUAL,VNSTOCK_BRONZE
SPC,LATEST,cash_flow,level,2.0,ACTUAL,VNSTOCK_BRONZE
SPC,LATEST,cash_flow,value,-8886768156.0,ACTUAL,VNSTOCK_BRONZE
SPC,LATEST,cash_flow,order,48.0,ACTUAL,VNSTOCK_BRONZE
SPC,LATEST,cash_flow,level,1.0,ACTUAL,VNSTOCK_BRONZE
SPC,LATEST,cash_flow,order,49.0,ACTUAL,VNSTOCK_BRONZE
SPC,LATEST,cash_flow,level,1.0,ACTUAL,VNSTOCK_BRONZE
SPC,LATEST,cash_flow,order,50.0,ACTUAL,VNSTOCK_BRONZE
SPC,LATEST,cash_flow,level,1.0,ACTUAL,VNSTOCK_BRONZE
SPC,LATEST,cash_flow,order,51.0,ACTUAL,VNSTOCK_BRONZE
SPC,LATEST,cash_flow,level,1.0,ACTUAL,VNSTOCK_BRONZE
SPC,LATEST,cash_flow,value,14538643046.0,ACTUAL,VNSTOCK_BRONZE
SPC,LATEST,cash_flow,order,1.0,ACTUAL,VNSTOCK_BRONZE
SPC,LATEST,cash_flow,level,1.0,ACTUAL,VNSTOCK_BRONZE
SPC,LATEST,cash_flow,value,-88579579333.0,ACTUAL,VNSTOCK_BRONZE
SPC,LATEST,cash_flow,order,2.0,ACTUAL,VNSTOCK_BRONZE
SPC,LATEST,cash_flow,level,2.0,ACTUAL,VNSTOCK_BRONZE
SPC,LATEST,cash_flow,value,0.0,ACTUAL,VNSTOCK_BRONZE
SPC,LATEST,cash_flow,order,3.0,ACTUAL,VNSTOCK_BRONZE
SPC,LATEST,cash_flow,level,2.0,ACTUAL,VNSTOCK_BRONZE
SPC,LATEST,cash_flow,value,0.0,ACTUAL,VNSTOCK_BRONZE
SPC,LATEST,cash_flow,order,4.0,ACTUAL,VNSTOCK_BRONZE
SPC,LATEST,cash_flow,level,2.0,ACTUAL,VNSTOCK_BRONZE
SPC,LATEST,cash_flow,value,0.0,ACTUAL,VNSTOCK_BRONZE
SPC,LATEST,cash_flow,order,5.0,ACTUAL,VNSTOCK_BRONZE
SPC,LATEST,cash_flow,level,2.0,ACTUAL,VNSTOCK_BRONZE
SPC,LATEST,cash_flow,value,0.0,ACTUAL,VNSTOCK_BRONZE
SPC,LATEST,cash_flow,order,6.0,ACTUAL,VNSTOCK_BRONZE
SPC,LATEST,cash_flow,level,2.0,ACTUAL,VNSTOCK_BRONZE
SPC,LATEST,cash_flow,value,0.0,ACTUAL,VNSTOCK_BRONZE
SPC,LATEST,cash_flow,order,7.0,ACTUAL,VNSTOCK_BRONZE
SPC,LATEST,cash_flow,level,2.0,ACTUAL,VNSTOCK_BRONZE
SPC,LATEST,cash_flow,value,0.0,ACTUAL,VNSTOCK_BRONZE
SPC,LATEST,cash_flow,order,8.0,ACTUAL,VNSTOCK_BRONZE
SPC,LATEST,cash_flow,level,2.0,ACTUAL,VNSTOCK_BRONZE
SPC,LATEST,cash_flow,value,0.0,ACTUAL,VNSTOCK_BRONZE
SPC,LATEST,cash_flow,order,9.0,ACTUAL,VNSTOCK_BRONZE
SPC,LATEST,cash_flow,level,2.0,ACTUAL,VNSTOCK_BRONZE
SPC,LATEST,cash_flow,value,0.0,ACTUAL,VNSTOCK_BRONZE
SPC,LATEST,cash_flow,order,10.0,ACTUAL,VNSTOCK_BRONZE
SPC,LATEST,cash_flow,level,2.0,ACTUAL,VNSTOCK_BRONZE
SPC,LATEST,cash_flow,value,0.0,ACTUAL,VNSTOCK_BRONZE
SPC,LATEST,cash_flow,order,11.0,ACTUAL,VNSTOCK_BRONZE
SPC,LATEST,cash_flow,level,2.0,ACTUAL,VNSTOCK_BRONZE
SPC,LATEST,cash_flow,value,0.0,ACTUAL,VNSTOCK_BRONZE
SPC,LATEST,cash_flow,order,12.0,ACTUAL,VNSTOCK_BRONZE
SPC,LATEST,cash_flow,level,2.0,ACTUAL,VNSTOCK_BRONZE
SPC,LATEST,cash_flow,value,0.0,ACTUAL,VNSTOCK_BRONZE
SPC,LATEST,cash_flow,order,13.0,ACTUAL,VNSTOCK_BRONZE
SPC,LATEST,cash_flow,level,2.0,ACTUAL,VNSTOCK_BRONZE
SPC,LATEST,cash_flow,value,0.0,ACTUAL,VNSTOCK_BRONZE
SPC,LATEST,cash_flow,order,14.0,ACTUAL,VNSTOCK_BRONZE
SPC,LATEST,cash_flow,level,2.0,ACTUAL,VNSTOCK_BRONZE
SPC,LATEST,cash_flow,order,15.0,ACTUAL,VNSTOCK_BRONZE
SPC,LATEST,cash_flow,level,2.0,ACTUAL,VNSTOCK_BRONZE
SPC,LATEST,cash_flow,order,16.0,ACTUAL,VNSTOCK_BRONZE
SPC,LATEST,cash_flow,level,2.0,ACTUAL,VNSTOCK_BRONZE
SPC,LATEST,cash_flow,order,17.0,ACTUAL,VNSTOCK_BRONZE
SPC,LATEST,cash_flow,level,2.0,ACTUAL,VNSTOCK_BRONZE
SPC,LATEST,cash_flow,order,18.0,ACTUAL,VNSTOCK_BRONZE
SPC,LATEST,cash_flow,level,2.0,ACTUAL,VNSTOCK_BRONZE
SPC,LATEST,cash_flow,order,19.0,ACTUAL,VNSTOCK_BRONZE
SPC,LATEST,cash_flow,level,2.0,ACTUAL,VNSTOCK_BRONZE
SPC,LATEST,cash_flow,order,20.0,ACTUAL,VNSTOCK_BRONZE
SPC,LATEST,cash_flow,level,2.0,ACTUAL,VNSTOCK_BRONZE
SPC,LATEST,cash_flow,order,21.0,ACTUAL,VNSTOCK_BRONZE
SPC,LATEST,cash_flow,level,2.0,ACTUAL,VNSTOCK_BRONZE
SPC,LATEST,cash_flow,order,22.0,ACTUAL,VNSTOCK_BRONZE
SPC,LATEST,cash_flow,level,2.0,ACTUAL,VNSTOCK_BRONZE
SPC,LATEST,cash_flow,order,23.0,ACTUAL,VNSTOCK_BRONZE
SPC,LATEST,cash_flow,level,2.0,ACTUAL,VNSTOCK_BRONZE
SPC,LATEST,cash_flow,order,24.0,ACTUAL,VNSTOCK_BRONZE
SPC,LATEST,cash_flow,level,2.0,ACTUAL,VNSTOCK_BRONZE
SPC,LATEST,cash_flow,value,0.0,ACTUAL,VNSTOCK_BRONZE
SPC,LATEST,cash_flow,order,25.0,ACTUAL,VNSTOCK_BRONZE
SPC,LATEST,cash_flow,level,2.0,ACTUAL,VNSTOCK_BRONZE
SPC,LATEST,cash_flow,value,0.0,ACTUAL,VNSTOCK_BRONZE
SPC,LATEST,cash_flow,order,26.0,ACTUAL,VNSTOCK_BRONZE
SPC,LATEST,cash_flow,level,2.0,ACTUAL,VNSTOCK_BRONZE
SPC,LATEST,cash_flow,value,0.0,ACTUAL,VNSTOCK_BRONZE
SPC,LATEST,cash_flow,order,27.0,ACTUAL,VNSTOCK_BRONZE
SPC,LATEST,cash_flow,level,2.0,ACTUAL,VNSTOCK_BRONZE
SPC,LATEST,cash_flow,value,0.0,ACTUAL,VNSTOCK_BRONZE
SPC,LATEST,cash_flow,order,28.0,ACTUAL,VNSTOCK_BRONZE
SPC,LATEST,cash_flow,level,2.0,ACTUAL,VNSTOCK_BRONZE
SPC,LATEST,cash_flow,value,0.0,ACTUAL,VNSTOCK_BRONZE
SPC,LATEST,cash_flow,order,29.0,ACTUAL,VNSTOCK_BRONZE
SPC,LATEST,cash_flow,level,2.0,ACTUAL,VNSTOCK_BRONZE
SPC,LATEST,cash_flow,order,30.0,ACTUAL,VNSTOCK_BRONZE
SPC,LATEST,cash_flow,level,2.0,ACTUAL,VNSTOCK_BRONZE
SPC,LATEST,cash_flow,value,0.0,ACTUAL,VNSTOCK_BRONZE
SPC,LATEST,cash_flow,order,31.0,ACTUAL,VNSTOCK_BRONZE
SPC,LATEST,cash_flow,level,2.0,ACTUAL,VNSTOCK_BRONZE
SPC,LATEST,cash_flow,value,0.0,ACTUAL,VNSTOCK_BRONZE
SPC,LATEST,cash_flow,order,32.0,ACTUAL,VNSTOCK_BRONZE
SPC,LATEST,cash_flow,level,1.0,ACTUAL,VNSTOCK_BRONZE
SPC,LATEST,cash_flow,value,-706519667.0,ACTUAL,VNSTOCK_BRONZE
SPC,LATEST,cash_flow,order,33.0,ACTUAL,VNSTOCK_BRONZE
SPC,LATEST,cash_flow,level,2.0,ACTUAL,VNSTOCK_BRONZE
SPC,LATEST,cash_flow,value,-832155909.0,ACTUAL,VNSTOCK_BRONZE
SPC,LATEST,cash_flow,order,34.0,ACTUAL,VNSTOCK_BRONZE
SPC,LATEST,cash_flow,level,2.0,ACTUAL,VNSTOCK_BRONZE
SPC,LATEST,cash_flow,value,366254545.0,ACTUAL,VNSTOCK_BRONZE
SPC,LATEST,cash_flow,order,35.0,ACTUAL,VNSTOCK_BRONZE
SPC,LATEST,cash_flow,level,2.0,ACTUAL,VNSTOCK_BRONZE
SPC,LATEST,cash_flow,value,0.0,ACTUAL,VNSTOCK_BRONZE
SPC,LATEST,cash_flow,order,36.0,ACTUAL,VNSTOCK_BRONZE
SPC,LATEST,cash_flow,level,2.0,ACTUAL,VNSTOCK_BRONZE
SPC,LATEST,cash_flow,value,0.0,ACTUAL,VNSTOCK_BRONZE
SPC,LATEST,cash_flow,order,37.0,ACTUAL,VNSTOCK_BRONZE
SPC,LATEST,cash_flow,level,2.0,ACTUAL,VNSTOCK_BRONZE
SPC,LATEST,cash_flow,value,0.0,ACTUAL,VNSTOCK_BRONZE
SPC,LATEST,cash_flow,order,38.0,ACTUAL,VNSTOCK_BRONZE
SPC,LATEST,cash_flow,level,2.0,ACTUAL,VNSTOCK_BRONZE
SPC,LATEST,cash_flow,value,0.0,ACTUAL,VNSTOCK_BRONZE
SPC,LATEST,cash_flow,order,39.0,ACTUAL,VNSTOCK_BRONZE
SPC,LATEST,cash_flow,level,2.0,ACTUAL,VNSTOCK_BRONZE
SPC,LATEST,cash_flow,value,-240618303.0,ACTUAL,VNSTOCK_BRONZE
SPC,LATEST,cash_flow,order,40.0,ACTUAL,VNSTOCK_BRONZE
SPC,LATEST,cash_flow,level,1.0,ACTUAL,VNSTOCK_BRONZE
SPC,LATEST,cash_flow,order,41.0,ACTUAL,VNSTOCK_BRONZE
SPC,LATEST,cash_flow,level,2.0,ACTUAL,VNSTOCK_BRONZE
SPC,LATEST,cash_flow,value,0.0,ACTUAL,VNSTOCK_BRONZE
SPC,LATEST,cash_flow,order,42.0,ACTUAL,VNSTOCK_BRONZE
SPC,LATEST,cash_flow,level,2.0,ACTUAL,VNSTOCK_BRONZE
SPC,LATEST,cash_flow,value,0.0,ACTUAL,VNSTOCK_BRONZE
SPC,LATEST,cash_flow,order,43.0,ACTUAL,VNSTOCK_BRONZE
SPC,LATEST,cash_flow,level,2.0,ACTUAL,VNSTOCK_BRONZE
SPC,LATEST,cash_flow,value,147470462435.0,ACTUAL,VNSTOCK_BRONZE
SPC,LATEST,cash_flow,order,44.0,ACTUAL,VNSTOCK_BRONZE
SPC,LATEST,cash_flow,level,2.0,ACTUAL,VNSTOCK_BRONZE
SPC,LATEST,cash_flow,value,-130741849157.0,ACTUAL,VNSTOCK_BRONZE
SPC,LATEST,cash_flow,order,45.0,ACTUAL,VNSTOCK_BRONZE
SPC,LATEST,cash_flow,level,2.0,ACTUAL,VNSTOCK_BRONZE
SPC,LATEST,cash_flow,value,-915601404.0,ACTUAL,VNSTOCK_BRONZE
SPC,LATEST,cash_flow,order,46.0,ACTUAL,VNSTOCK_BRONZE
SPC,LATEST,cash_flow,level,2.0,ACTUAL,VNSTOCK_BRONZE
SPC,LATEST,cash_flow,value,-3221489094.0,ACTUAL,VNSTOCK_BRONZE
SPC,LATEST,cash_flow,order,47.0,ACTUAL,VNSTOCK_BRONZE
SPC,LATEST,cash_flow,level,2.0,ACTUAL,VNSTOCK_BRONZE
SPC,LATEST,cash_flow,value,38064075122.0,ACTUAL,VNSTOCK_BRONZE
SPC,LATEST,cash_flow,order,48.0,ACTUAL,VNSTOCK_BRONZE
SPC,LATEST,cash_flow,level,1.0,ACTUAL,VNSTOCK_BRONZE
SPC,LATEST,cash_flow,order,49.0,ACTUAL,VNSTOCK_BRONZE
SPC,LATEST,cash_flow,level,1.0,ACTUAL,VNSTOCK_BRONZE
SPC,LATEST,cash_flow,order,50.0,ACTUAL,VNSTOCK_BRONZE
SPC,LATEST,cash_flow,level,1.0,ACTUAL,VNSTOCK_BRONZE
SPC,LATEST,cash_flow,order,51.0,ACTUAL,VNSTOCK_BRONZE
SPC,LATEST,cash_flow,level,1.0,ACTUAL,VNSTOCK_BRONZE
SPC,LATEST,cash_flow,value,25472552342.0,ACTUAL,VNSTOCK_BRONZE
SPC,LATEST,cash_flow,order,1.0,ACTUAL,VNSTOCK_BRONZE
SPC,LATEST,cash_flow,level,1.0,ACTUAL,VNSTOCK_BRONZE
SPC,LATEST,cash_flow,value,24552490568.0,ACTUAL,VNSTOCK_BRONZE
SPC,LATEST,cash_flow,order,2.0,ACTUAL,VNSTOCK_BRONZE
SPC,LATEST,cash_flow,level,2.0,ACTUAL,VNSTOCK_BRONZE
SPC,LATEST,cash_flow,value,0.0,ACTUAL,VNSTOCK_BRONZE
SPC,LATEST,cash_flow,order,3.0,ACTUAL,VNSTOCK_BRONZE
SPC,LATEST,cash_flow,level,2.0,ACTUAL,VNSTOCK_BRONZE
SPC,LATEST,cash_flow,value,0.0,ACTUAL,VNSTOCK_BRONZE
SPC,LATEST,cash_flow,order,4.0,ACTUAL,VNSTOCK_BRONZE
SPC,LATEST,cash_flow,level,2.0,ACTUAL,VNSTOCK_BRONZE
SPC,LATEST,cash_flow,value,0.0,ACTUAL,VNSTOCK_BRONZE
SPC,LATEST,cash_flow,order,5.0,ACTUAL,VNSTOCK_BRONZE
SPC,LATEST,cash_flow,level,2.0,ACTUAL,VNSTOCK_BRONZE
SPC,LATEST,cash_flow,value,0.0,ACTUAL,VNSTOCK_BRONZE
SPC,LATEST,cash_flow,order,6.0,ACTUAL,VNSTOCK_BRONZE
SPC,LATEST,cash_flow,level,2.0,ACTUAL,VNSTOCK_BRONZE
SPC,LATEST,cash_flow,value,0.0,ACTUAL,VNSTOCK_BRONZE
SPC,LATEST,cash_flow,order,7.0,ACTUAL,VNSTOCK_BRONZE
SPC,LATEST,cash_flow,level,2.0,ACTUAL,VNSTOCK_BRONZE
SPC,LATEST,cash_flow,value,0.0,ACTUAL,VNSTOCK_BRONZE
SPC,LATEST,cash_flow,order,8.0,ACTUAL,VNSTOCK_BRONZE
SPC,LATEST,cash_flow,level,2.0,ACTUAL,VNSTOCK_BRONZE
SPC,LATEST,cash_flow,value,0.0,ACTUAL,VNSTOCK_BRONZE
SPC,LATEST,cash_flow,order,9.0,ACTUAL,VNSTOCK_BRONZE
SPC,LATEST,cash_flow,level,2.0,ACTUAL,VNSTOCK_BRONZE
SPC,LATEST,cash_flow,value,0.0,ACTUAL,VNSTOCK_BRONZE
SPC,LATEST,cash_flow,order,10.0,ACTUAL,VNSTOCK_BRONZE
SPC,LATEST,cash_flow,level,2.0,ACTUAL,VNSTOCK_BRONZE
SPC,LATEST,cash_flow,value,0.0,ACTUAL,VNSTOCK_BRONZE
SPC,LATEST,cash_flow,order,11.0,ACTUAL,VNSTOCK_BRONZE
SPC,LATEST,cash_flow,level,2.0,ACTUAL,VNSTOCK_BRONZE
SPC,LATEST,cash_flow,value,0.0,ACTUAL,VNSTOCK_BRONZE
SPC,LATEST,cash_flow,order,12.0,ACTUAL,VNSTOCK_BRONZE
SPC,LATEST,cash_flow,level,2.0,ACTUAL,VNSTOCK_BRONZE
SPC,LATEST,cash_flow,value,0.0,ACTUAL,VNSTOCK_BRONZE
SPC,LATEST,cash_flow,order,13.0,ACTUAL,VNSTOCK_BRONZE
SPC,LATEST,cash_flow,level,2.0,ACTUAL,VNSTOCK_BRONZE
SPC,LATEST,cash_flow,value,0.0,ACTUAL,VNSTOCK_BRONZE
SPC,LATEST,cash_flow,order,14.0,ACTUAL,VNSTOCK_BRONZE
SPC,LATEST,cash_flow,level,2.0,ACTUAL,VNSTOCK_BRONZE
SPC,LATEST,cash_flow,order,15.0,ACTUAL,VNSTOCK_BRONZE
SPC,LATEST,cash_flow,level,2.0,ACTUAL,VNSTOCK_BRONZE
SPC,LATEST,cash_flow,order,16.0,ACTUAL,VNSTOCK_BRONZE
SPC,LATEST,cash_flow,level,2.0,ACTUAL,VNSTOCK_BRONZE
SPC,LATEST,cash_flow,order,17.0,ACTUAL,VNSTOCK_BRONZE
SPC,LATEST,cash_flow,level,2.0,ACTUAL,VNSTOCK_BRONZE
SPC,LATEST,cash_flow,order,18.0,ACTUAL,VNSTOCK_BRONZE
SPC,LATEST,cash_flow,level,2.0,ACTUAL,VNSTOCK_BRONZE
SPC,LATEST,cash_flow,order,19.0,ACTUAL,VNSTOCK_BRONZE
SPC,LATEST,cash_flow,level,2.0,ACTUAL,VNSTOCK_BRONZE
SPC,LATEST,cash_flow,order,20.0,ACTUAL,VNSTOCK_BRONZE
SPC,LATEST,cash_flow,level,2.0,ACTUAL,VNSTOCK_BRONZE
SPC,LATEST,cash_flow,order,21.0,ACTUAL,VNSTOCK_BRONZE
SPC,LATEST,cash_flow,level,2.0,ACTUAL,VNSTOCK_BRONZE
SPC,LATEST,cash_flow,order,22.0,ACTUAL,VNSTOCK_BRONZE
SPC,LATEST,cash_flow,level,2.0,ACTUAL,VNSTOCK_BRONZE
SPC,LATEST,cash_flow,order,23.0,ACTUAL,VNSTOCK_BRONZE
SPC,LATEST,cash_flow,level,2.0,ACTUAL,VNSTOCK_BRONZE
SPC,LATEST,cash_flow,order,24.0,ACTUAL,VNSTOCK_BRONZE
SPC,LATEST,cash_flow,level,2.0,ACTUAL,VNSTOCK_BRONZE
SPC,LATEST,cash_flow,value,0.0,ACTUAL,VNSTOCK_BRONZE
SPC,LATEST,cash_flow,order,25.0,ACTUAL,VNSTOCK_BRONZE
SPC,LATEST,cash_flow,level,2.0,ACTUAL,VNSTOCK_BRONZE
SPC,LATEST,cash_flow,value,0.0,ACTUAL,VNSTOCK_BRONZE
SPC,LATEST,cash_flow,order,26.0,ACTUAL,VNSTOCK_BRONZE
SPC,LATEST,cash_flow,level,2.0,ACTUAL,VNSTOCK_BRONZE
SPC,LATEST,cash_flow,value,0.0,ACTUAL,VNSTOCK_BRONZE
SPC,LATEST,cash_flow,order,27.0,ACTUAL,VNSTOCK_BRONZE
SPC,LATEST,cash_flow,level,2.0,ACTUAL,VNSTOCK_BRONZE
SPC,LATEST,cash_flow,value,0.0,ACTUAL,VNSTOCK_BRONZE
SPC,LATEST,cash_flow,order,28.0,ACTUAL,VNSTOCK_BRONZE
SPC,LATEST,cash_flow,level,2.0,ACTUAL,VNSTOCK_BRONZE
SPC,LATEST,cash_flow,value,0.0,ACTUAL,VNSTOCK_BRONZE
SPC,LATEST,cash_flow,order,29.0,ACTUAL,VNSTOCK_BRONZE
SPC,LATEST,cash_flow,level,2.0,ACTUAL,VNSTOCK_BRONZE
SPC,LATEST,cash_flow,order,30.0,ACTUAL,VNSTOCK_BRONZE
SPC,LATEST,cash_flow,level,2.0,ACTUAL,VNSTOCK_BRONZE
SPC,LATEST,cash_flow,value,0.0,ACTUAL,VNSTOCK_BRONZE
SPC,LATEST,cash_flow,order,31.0,ACTUAL,VNSTOCK_BRONZE
SPC,LATEST,cash_flow,level,2.0,ACTUAL,VNSTOCK_BRONZE
SPC,LATEST,cash_flow,value,0.0,ACTUAL,VNSTOCK_BRONZE
SPC,LATEST,cash_flow,order,32.0,ACTUAL,VNSTOCK_BRONZE
SPC,LATEST,cash_flow,level,1.0,ACTUAL,VNSTOCK_BRONZE
SPC,LATEST,cash_flow,value,1535084759.0,ACTUAL,VNSTOCK_BRONZE
SPC,LATEST,cash_flow,order,33.0,ACTUAL,VNSTOCK_BRONZE
SPC,LATEST,cash_flow,level,2.0,ACTUAL,VNSTOCK_BRONZE
SPC,LATEST,cash_flow,value,222500000.0,ACTUAL,VNSTOCK_BRONZE
SPC,LATEST,cash_flow,order,34.0,ACTUAL,VNSTOCK_BRONZE
SPC,LATEST,cash_flow,level,2.0,ACTUAL,VNSTOCK_BRONZE
SPC,LATEST,cash_flow,value,0.0,ACTUAL,VNSTOCK_BRONZE
SPC,LATEST,cash_flow,order,35.0,ACTUAL,VNSTOCK_BRONZE
SPC,LATEST,cash_flow,level,2.0,ACTUAL,VNSTOCK_BRONZE
SPC,LATEST,cash_flow,value,0.0,ACTUAL,VNSTOCK_BRONZE
SPC,LATEST,cash_flow,order,36.0,ACTUAL,VNSTOCK_BRONZE
SPC,LATEST,cash_flow,level,2.0,ACTUAL,VNSTOCK_BRONZE
SPC,LATEST,cash_flow,value,0.0,ACTUAL,VNSTOCK_BRONZE
SPC,LATEST,cash_flow,order,37.0,ACTUAL,VNSTOCK_BRONZE
SPC,LATEST,cash_flow,level,2.0,ACTUAL,VNSTOCK_BRONZE
SPC,LATEST,cash_flow,value,0.0,ACTUAL,VNSTOCK_BRONZE
SPC,LATEST,cash_flow,order,38.0,ACTUAL,VNSTOCK_BRONZE
SPC,LATEST,cash_flow,level,2.0,ACTUAL,VNSTOCK_BRONZE
SPC,LATEST,cash_flow,value,0.0,ACTUAL,VNSTOCK_BRONZE
SPC,LATEST,cash_flow,order,39.0,ACTUAL,VNSTOCK_BRONZE
SPC,LATEST,cash_flow,level,2.0,ACTUAL,VNSTOCK_BRONZE
SPC,LATEST,cash_flow,value,1312584759.0,ACTUAL,VNSTOCK_BRONZE
SPC,LATEST,cash_flow,order,40.0,ACTUAL,VNSTOCK_BRONZE
SPC,LATEST,cash_flow,level,1.0,ACTUAL,VNSTOCK_BRONZE
SPC,LATEST,cash_flow,order,41.0,ACTUAL,VNSTOCK_BRONZE
SPC,LATEST,cash_flow,level,2.0,ACTUAL,VNSTOCK_BRONZE
SPC,LATEST,cash_flow,value,0.0,ACTUAL,VNSTOCK_BRONZE
SPC,LATEST,cash_flow,order,42.0,ACTUAL,VNSTOCK_BRONZE
SPC,LATEST,cash_flow,level,2.0,ACTUAL,VNSTOCK_BRONZE
SPC,LATEST,cash_flow,value,0.0,ACTUAL,VNSTOCK_BRONZE
SPC,LATEST,cash_flow,order,43.0,ACTUAL,VNSTOCK_BRONZE
SPC,LATEST,cash_flow,level,2.0,ACTUAL,VNSTOCK_BRONZE
SPC,LATEST,cash_flow,value,105738996095.0,ACTUAL,VNSTOCK_BRONZE
SPC,LATEST,cash_flow,order,44.0,ACTUAL,VNSTOCK_BRONZE
SPC,LATEST,cash_flow,level,2.0,ACTUAL,VNSTOCK_BRONZE
SPC,LATEST,cash_flow,value,-127498990585.0,ACTUAL,VNSTOCK_BRONZE
SPC,LATEST,cash_flow,order,45.0,ACTUAL,VNSTOCK_BRONZE
SPC,LATEST,cash_flow,level,2.0,ACTUAL,VNSTOCK_BRONZE
SPC,LATEST,cash_flow,value,457800702.0,ACTUAL,VNSTOCK_BRONZE
SPC,LATEST,cash_flow,order,46.0,ACTUAL,VNSTOCK_BRONZE
SPC,LATEST,cash_flow,level,2.0,ACTUAL,VNSTOCK_BRONZE
SPC,LATEST,cash_flow,value,14159673700.0,ACTUAL,VNSTOCK_BRONZE
SPC,LATEST,cash_flow,order,47.0,ACTUAL,VNSTOCK_BRONZE
SPC,LATEST,cash_flow,level,2.0,ACTUAL,VNSTOCK_BRONZE
SPC,LATEST,cash_flow,value,95075785317.0,ACTUAL,VNSTOCK_BRONZE
SPC,LATEST,cash_flow,order,48.0,ACTUAL,VNSTOCK_BRONZE
SPC,LATEST,cash_flow,level,1.0,ACTUAL,VNSTOCK_BRONZE
SPC,LATEST,cash_flow,order,49.0,ACTUAL,VNSTOCK_BRONZE
SPC,LATEST,cash_flow,level,1.0,ACTUAL,VNSTOCK_BRONZE
SPC,LATEST,cash_flow,order,50.0,ACTUAL,VNSTOCK_BRONZE
SPC,LATEST,cash_flow,level,1.0,ACTUAL,VNSTOCK_BRONZE
SPC,LATEST,cash_flow,order,51.0,ACTUAL,VNSTOCK_BRONZE
SPC,LATEST,cash_flow,level,1.0,ACTUAL,VNSTOCK_BRONZE
SPC,LATEST,cash_flow,value,102218305405.0,ACTUAL,VNSTOCK_BRONZE
SPC,LATEST,cash_flow,order,1.0,ACTUAL,VNSTOCK_BRONZE
SPC,LATEST,cash_flow,level,1.0,ACTUAL,VNSTOCK_BRONZE
SPC,LATEST,cash_flow,value,35143335502.0,ACTUAL,VNSTOCK_BRONZE
SPC,LATEST,cash_flow,order,2.0,ACTUAL,VNSTOCK_BRONZE
SPC,LATEST,cash_flow,level,2.0,ACTUAL,VNSTOCK_BRONZE
SPC,LATEST,cash_flow,value,0.0,ACTUAL,VNSTOCK_BRONZE
SPC,LATEST,cash_flow,order,3.0,ACTUAL,VNSTOCK_BRONZE
SPC,LATEST,cash_flow,level,2.0,ACTUAL,VNSTOCK_BRONZE
SPC,LATEST,cash_flow,value,0.0,ACTUAL,VNSTOCK_BRONZE
SPC,LATEST,cash_flow,order,4.0,ACTUAL,VNSTOCK_BRONZE
SPC,LATEST,cash_flow,level,2.0,ACTUAL,VNSTOCK_BRONZE
SPC,LATEST,cash_flow,value,0.0,ACTUAL,VNSTOCK_BRONZE
SPC,LATEST,cash_flow,order,5.0,ACTUAL,VNSTOCK_BRONZE
SPC,LATEST,cash_flow,level,2.0,ACTUAL,VNSTOCK_BRONZE
SPC,LATEST,cash_flow,value,0.0,ACTUAL,VNSTOCK_BRONZE
SPC,LATEST,cash_flow,order,6.0,ACTUAL,VNSTOCK_BRONZE
SPC,LATEST,cash_flow,level,2.0,ACTUAL,VNSTOCK_BRONZE
SPC,LATEST,cash_flow,value,0.0,ACTUAL,VNSTOCK_BRONZE
SPC,LATEST,cash_flow,order,7.0,ACTUAL,VNSTOCK_BRONZE
SPC,LATEST,cash_flow,level,2.0,ACTUAL,VNSTOCK_BRONZE
SPC,LATEST,cash_flow,value,0.0,ACTUAL,VNSTOCK_BRONZE
SPC,LATEST,cash_flow,order,8.0,ACTUAL,VNSTOCK_BRONZE
SPC,LATEST,cash_flow,level,2.0,ACTUAL,VNSTOCK_BRONZE
SPC,LATEST,cash_flow,value,0.0,ACTUAL,VNSTOCK_BRONZE
SPC,LATEST,cash_flow,order,9.0,ACTUAL,VNSTOCK_BRONZE
SPC,LATEST,cash_flow,level,2.0,ACTUAL,VNSTOCK_BRONZE
SPC,LATEST,cash_flow,value,0.0,ACTUAL,VNSTOCK_BRONZE
SPC,LATEST,cash_flow,order,10.0,ACTUAL,VNSTOCK_BRONZE
SPC,LATEST,cash_flow,level,2.0,ACTUAL,VNSTOCK_BRONZE
SPC,LATEST,cash_flow,value,0.0,ACTUAL,VNSTOCK_BRONZE
SPC,LATEST,cash_flow,order,11.0,ACTUAL,VNSTOCK_BRONZE
SPC,LATEST,cash_flow,level,2.0,ACTUAL,VNSTOCK_BRONZE
SPC,LATEST,cash_flow,value,0.0,ACTUAL,VNSTOCK_BRONZE
SPC,LATEST,cash_flow,order,12.0,ACTUAL,VNSTOCK_BRONZE
SPC,LATEST,cash_flow,level,2.0,ACTUAL,VNSTOCK_BRONZE
SPC,LATEST,cash_flow,value,0.0,ACTUAL,VNSTOCK_BRONZE
SPC,LATEST,cash_flow,order,13.0,ACTUAL,VNSTOCK_BRONZE
SPC,LATEST,cash_flow,level,2.0,ACTUAL,VNSTOCK_BRONZE
SPC,LATEST,cash_flow,value,0.0,ACTUAL,VNSTOCK_BRONZE
SPC,LATEST,cash_flow,order,14.0,ACTUAL,VNSTOCK_BRONZE
SPC,LATEST,cash_flow,level,2.0,ACTUAL,VNSTOCK_BRONZE
SPC,LATEST,cash_flow,order,15.0,ACTUAL,VNSTOCK_BRONZE
SPC,LATEST,cash_flow,level,2.0,ACTUAL,VNSTOCK_BRONZE
SPC,LATEST,cash_flow,order,16.0,ACTUAL,VNSTOCK_BRONZE
SPC,LATEST,cash_flow,level,2.0,ACTUAL,VNSTOCK_BRONZE
SPC,LATEST,cash_flow,order,17.0,ACTUAL,VNSTOCK_BRONZE
SPC,LATEST,cash_flow,level,2.0,ACTUAL,VNSTOCK_BRONZE
SPC,LATEST,cash_flow,order,18.0,ACTUAL,VNSTOCK_BRONZE
SPC,LATEST,cash_flow,level,2.0,ACTUAL,VNSTOCK_BRONZE
SPC,LATEST,cash_flow,order,19.0,ACTUAL,VNSTOCK_BRONZE
SPC,LATEST,cash_flow,level,2.0,ACTUAL,VNSTOCK_BRONZE
SPC,LATEST,cash_flow,order,20.0,ACTUAL,VNSTOCK_BRONZE
SPC,LATEST,cash_flow,level,2.0,ACTUAL,VNSTOCK_BRONZE
SPC,LATEST,cash_flow,order,21.0,ACTUAL,VNSTOCK_BRONZE
SPC,LATEST,cash_flow,level,2.0,ACTUAL,VNSTOCK_BRONZE
SPC,LATEST,cash_flow,order,22.0,ACTUAL,VNSTOCK_BRONZE
SPC,LATEST,cash_flow,level,2.0,ACTUAL,VNSTOCK_BRONZE
SPC,LATEST,cash_flow,order,23.0,ACTUAL,VNSTOCK_BRONZE
SPC,LATEST,cash_flow,level,2.0,ACTUAL,VNSTOCK_BRONZE
SPC,LATEST,cash_flow,order,24.0,ACTUAL,VNSTOCK_BRONZE
SPC,LATEST,cash_flow,level,2.0,ACTUAL,VNSTOCK_BRONZE
SPC,LATEST,cash_flow,value,0.0,ACTUAL,VNSTOCK_BRONZE
SPC,LATEST,cash_flow,order,25.0,ACTUAL,VNSTOCK_BRONZE
SPC,LATEST,cash_flow,level,2.0,ACTUAL,VNSTOCK_BRONZE
SPC,LATEST,cash_flow,value,0.0,ACTUAL,VNSTOCK_BRONZE
SPC,LATEST,cash_flow,order,26.0,ACTUAL,VNSTOCK_BRONZE
SPC,LATEST,cash_flow,level,2.0,ACTUAL,VNSTOCK_BRONZE
SPC,LATEST,cash_flow,value,0.0,ACTUAL,VNSTOCK_BRONZE
SPC,LATEST,cash_flow,order,27.0,ACTUAL,VNSTOCK_BRONZE
SPC,LATEST,cash_flow,level,2.0,ACTUAL,VNSTOCK_BRONZE
SPC,LATEST,cash_flow,value,0.0,ACTUAL,VNSTOCK_BRONZE
SPC,LATEST,cash_flow,order,28.0,ACTUAL,VNSTOCK_BRONZE
SPC,LATEST,cash_flow,level,2.0,ACTUAL,VNSTOCK_BRONZE
SPC,LATEST,cash_flow,value,0.0,ACTUAL,VNSTOCK_BRONZE
SPC,LATEST,cash_flow,order,29.0,ACTUAL,VNSTOCK_BRONZE
SPC,LATEST,cash_flow,level,2.0,ACTUAL,VNSTOCK_BRONZE
SPC,LATEST,cash_flow,order,30.0,ACTUAL,VNSTOCK_BRONZE
SPC,LATEST,cash_flow,level,2.0,ACTUAL,VNSTOCK_BRONZE
SPC,LATEST,cash_flow,value,0.0,ACTUAL,VNSTOCK_BRONZE
SPC,LATEST,cash_flow,order,31.0,ACTUAL,VNSTOCK_BRONZE
SPC,LATEST,cash_flow,level,2.0,ACTUAL,VNSTOCK_BRONZE
SPC,LATEST,cash_flow,value,0.0,ACTUAL,VNSTOCK_BRONZE
SPC,LATEST,cash_flow,order,32.0,ACTUAL,VNSTOCK_BRONZE
SPC,LATEST,cash_flow,level,1.0,ACTUAL,VNSTOCK_BRONZE
SPC,LATEST,cash_flow,value,-42966594.0,ACTUAL,VNSTOCK_BRONZE
SPC,LATEST,cash_flow,order,33.0,ACTUAL,VNSTOCK_BRONZE
SPC,LATEST,cash_flow,level,2.0,ACTUAL,VNSTOCK_BRONZE
SPC,LATEST,cash_flow,value,-222500000.0,ACTUAL,VNSTOCK_BRONZE
SPC,LATEST,cash_flow,order,34.0,ACTUAL,VNSTOCK_BRONZE
SPC,LATEST,cash_flow,level,2.0,ACTUAL,VNSTOCK_BRONZE
SPC,LATEST,cash_flow,value,0.0,ACTUAL,VNSTOCK_BRONZE
SPC,LATEST,cash_flow,order,35.0,ACTUAL,VNSTOCK_BRONZE
SPC,LATEST,cash_flow,level,2.0,ACTUAL,VNSTOCK_BRONZE
SPC,LATEST,cash_flow,value,0.0,ACTUAL,VNSTOCK_BRONZE
SPC,LATEST,cash_flow,order,36.0,ACTUAL,VNSTOCK_BRONZE
SPC,LATEST,cash_flow,level,2.0,ACTUAL,VNSTOCK_BRONZE
SPC,LATEST,cash_flow,value,0.0,ACTUAL,VNSTOCK_BRONZE
SPC,LATEST,cash_flow,order,37.0,ACTUAL,VNSTOCK_BRONZE
SPC,LATEST,cash_flow,level,2.0,ACTUAL,VNSTOCK_BRONZE
SPC,LATEST,cash_flow,value,0.0,ACTUAL,VNSTOCK_BRONZE
SPC,LATEST,cash_flow,order,38.0,ACTUAL,VNSTOCK_BRONZE
SPC,LATEST,cash_flow,level,2.0,ACTUAL,VNSTOCK_BRONZE
SPC,LATEST,cash_flow,value,0.0,ACTUAL,VNSTOCK_BRONZE
SPC,LATEST,cash_flow,order,39.0,ACTUAL,VNSTOCK_BRONZE
SPC,LATEST,cash_flow,level,2.0,ACTUAL,VNSTOCK_BRONZE
SPC,LATEST,cash_flow,value,179533406.0,ACTUAL,VNSTOCK_BRONZE
SPC,LATEST,cash_flow,order,40.0,ACTUAL,VNSTOCK_BRONZE
SPC,LATEST,cash_flow,level,1.0,ACTUAL,VNSTOCK_BRONZE
SPC,LATEST,cash_flow,order,41.0,ACTUAL,VNSTOCK_BRONZE
SPC,LATEST,cash_flow,level,2.0,ACTUAL,VNSTOCK_BRONZE
SPC,LATEST,cash_flow,value,0.0,ACTUAL,VNSTOCK_BRONZE
SPC,LATEST,cash_flow,order,42.0,ACTUAL,VNSTOCK_BRONZE
SPC,LATEST,cash_flow,level,2.0,ACTUAL,VNSTOCK_BRONZE
SPC,LATEST,cash_flow,value,0.0,ACTUAL,VNSTOCK_BRONZE
SPC,LATEST,cash_flow,order,43.0,ACTUAL,VNSTOCK_BRONZE
SPC,LATEST,cash_flow,level,2.0,ACTUAL,VNSTOCK_BRONZE
SPC,LATEST,cash_flow,value,186016816102.0,ACTUAL,VNSTOCK_BRONZE
SPC,LATEST,cash_flow,order,44.0,ACTUAL,VNSTOCK_BRONZE
SPC,LATEST,cash_flow,level,2.0,ACTUAL,VNSTOCK_BRONZE
SPC,LATEST,cash_flow,value,-163417483114.0,ACTUAL,VNSTOCK_BRONZE
SPC,LATEST,cash_flow,order,45.0,ACTUAL,VNSTOCK_BRONZE
SPC,LATEST,cash_flow,level,2.0,ACTUAL,VNSTOCK_BRONZE
SPC,LATEST,cash_flow,value,-457800702.0,ACTUAL,VNSTOCK_BRONZE
SPC,LATEST,cash_flow,order,46.0,ACTUAL,VNSTOCK_BRONZE
SPC,LATEST,cash_flow,level,2.0,ACTUAL,VNSTOCK_BRONZE
SPC,LATEST,cash_flow,value,-17104042496.0,ACTUAL,VNSTOCK_BRONZE
SPC,LATEST,cash_flow,order,47.0,ACTUAL,VNSTOCK_BRONZE
SPC,LATEST,cash_flow,level,2.0,ACTUAL,VNSTOCK_BRONZE
SPC,LATEST,cash_flow,value,89005956453.0,ACTUAL,VNSTOCK_BRONZE
SPC,LATEST,cash_flow,order,48.0,ACTUAL,VNSTOCK_BRONZE
SPC,LATEST,cash_flow,level,1.0,ACTUAL,VNSTOCK_BRONZE
SPC,LATEST,cash_flow,order,49.0,ACTUAL,VNSTOCK_BRONZE
SPC,LATEST,cash_flow,level,1.0,ACTUAL,VNSTOCK_BRONZE
SPC,LATEST,cash_flow,order,50.0,ACTUAL,VNSTOCK_BRONZE
SPC,LATEST,cash_flow,level,1.0,ACTUAL,VNSTOCK_BRONZE
SPC,LATEST,cash_flow,order,51.0,ACTUAL,VNSTOCK_BRONZE
SPC,LATEST,cash_flow,level,1.0,ACTUAL,VNSTOCK_BRONZE
SPC,LATEST,cash_flow,value,83968466663.0,ACTUAL,VNSTOCK_BRONZE
SPC,LATEST,cash_flow,order,1.0,ACTUAL,VNSTOCK_BRONZE
SPC,LATEST,cash_flow,level,1.0,ACTUAL,VNSTOCK_BRONZE
SPC,LATEST,cash_flow,value,4422289673.0,ACTUAL,VNSTOCK_BRONZE
SPC,LATEST,cash_flow,order,2.0,ACTUAL,VNSTOCK_BRONZE
SPC,LATEST,cash_flow,level,2.0,ACTUAL,VNSTOCK_BRONZE
SPC,LATEST,cash_flow,value,0.0,ACTUAL,VNSTOCK_BRONZE
SPC,LATEST,cash_flow,order,3.0,ACTUAL,VNSTOCK_BRONZE
SPC,LATEST,cash_flow,level,2.0,ACTUAL,VNSTOCK_BRONZE
SPC,LATEST,cash_flow,value,0.0,ACTUAL,VNSTOCK_BRONZE
SPC,LATEST,cash_flow,order,4.0,ACTUAL,VNSTOCK_BRONZE
SPC,LATEST,cash_flow,level,2.0,ACTUAL,VNSTOCK_BRONZE
SPC,LATEST,cash_flow,value,0.0,ACTUAL,VNSTOCK_BRONZE
SPC,LATEST,cash_flow,order,5.0,ACTUAL,VNSTOCK_BRONZE
SPC,LATEST,cash_flow,level,2.0,ACTUAL,VNSTOCK_BRONZE
SPC,LATEST,cash_flow,value,0.0,ACTUAL,VNSTOCK_BRONZE
SPC,LATEST,cash_flow,order,6.0,ACTUAL,VNSTOCK_BRONZE
SPC,LATEST,cash_flow,level,2.0,ACTUAL,VNSTOCK_BRONZE
SPC,LATEST,cash_flow,value,0.0,ACTUAL,VNSTOCK_BRONZE
SPC,LATEST,cash_flow,order,7.0,ACTUAL,VNSTOCK_BRONZE
SPC,LATEST,cash_flow,level,2.0,ACTUAL,VNSTOCK_BRONZE
SPC,LATEST,cash_flow,value,0.0,ACTUAL,VNSTOCK_BRONZE
SPC,LATEST,cash_flow,order,8.0,ACTUAL,VNSTOCK_BRONZE
SPC,LATEST,cash_flow,level,2.0,ACTUAL,VNSTOCK_BRONZE
SPC,LATEST,cash_flow,value,0.0,ACTUAL,VNSTOCK_BRONZE
SPC,LATEST,cash_flow,order,9.0,ACTUAL,VNSTOCK_BRONZE
SPC,LATEST,cash_flow,level,2.0,ACTUAL,VNSTOCK_BRONZE
SPC,LATEST,cash_flow,value,0.0,ACTUAL,VNSTOCK_BRONZE
SPC,LATEST,cash_flow,order,10.0,ACTUAL,VNSTOCK_BRONZE
SPC,LATEST,cash_flow,level,2.0,ACTUAL,VNSTOCK_BRONZE
SPC,LATEST,cash_flow,value,0.0,ACTUAL,VNSTOCK_BRONZE
SPC,LATEST,cash_flow,order,11.0,ACTUAL,VNSTOCK_BRONZE
SPC,LATEST,cash_flow,level,2.0,ACTUAL,VNSTOCK_BRONZE
SPC,LATEST,cash_flow,value,0.0,ACTUAL,VNSTOCK_BRONZE
SPC,LATEST,cash_flow,order,12.0,ACTUAL,VNSTOCK_BRONZE
SPC,LATEST,cash_flow,level,2.0,ACTUAL,VNSTOCK_BRONZE
SPC,LATEST,cash_flow,value,0.0,ACTUAL,VNSTOCK_BRONZE
SPC,LATEST,cash_flow,order,13.0,ACTUAL,VNSTOCK_BRONZE
SPC,LATEST,cash_flow,level,2.0,ACTUAL,VNSTOCK_BRONZE
SPC,LATEST,cash_flow,value,0.0,ACTUAL,VNSTOCK_BRONZE
SPC,LATEST,cash_flow,order,14.0,ACTUAL,VNSTOCK_BRONZE
SPC,LATEST,cash_flow,level,2.0,ACTUAL,VNSTOCK_BRONZE
SPC,LATEST,cash_flow,order,15.0,ACTUAL,VNSTOCK_BRONZE
SPC,LATEST,cash_flow,level,2.0,ACTUAL,VNSTOCK_BRONZE
SPC,LATEST,cash_flow,order,16.0,ACTUAL,VNSTOCK_BRONZE
SPC,LATEST,cash_flow,level,2.0,ACTUAL,VNSTOCK_BRONZE
SPC,LATEST,cash_flow,order,17.0,ACTUAL,VNSTOCK_BRONZE
SPC,LATEST,cash_flow,level,2.0,ACTUAL,VNSTOCK_BRONZE
SPC,LATEST,cash_flow,order,18.0,ACTUAL,VNSTOCK_BRONZE
SPC,LATEST,cash_flow,level,2.0,ACTUAL,VNSTOCK_BRONZE
SPC,LATEST,cash_flow,order,19.0,ACTUAL,VNSTOCK_BRONZE
SPC,LATEST,cash_flow,level,2.0,ACTUAL,VNSTOCK_BRONZE
SPC,LATEST,cash_flow,order,20.0,ACTUAL,VNSTOCK_BRONZE
SPC,LATEST,cash_flow,level,2.0,ACTUAL,VNSTOCK_BRONZE
SPC,LATEST,cash_flow,order,21.0,ACTUAL,VNSTOCK_BRONZE
SPC,LATEST,cash_flow,level,2.0,ACTUAL,VNSTOCK_BRONZE
SPC,LATEST,cash_flow,order,22.0,ACTUAL,VNSTOCK_BRONZE
SPC,LATEST,cash_flow,level,2.0,ACTUAL,VNSTOCK_BRONZE
SPC,LATEST,cash_flow,order,23.0,ACTUAL,VNSTOCK_BRONZE
SPC,LATEST,cash_flow,level,2.0,ACTUAL,VNSTOCK_BRONZE
SPC,LATEST,cash_flow,order,24.0,ACTUAL,VNSTOCK_BRONZE
SPC,LATEST,cash_flow,level,2.0,ACTUAL,VNSTOCK_BRONZE
SPC,LATEST,cash_flow,value,0.0,ACTUAL,VNSTOCK_BRONZE
SPC,LATEST,cash_flow,order,25.0,ACTUAL,VNSTOCK_BRONZE
SPC,LATEST,cash_flow,level,2.0,ACTUAL,VNSTOCK_BRONZE
SPC,LATEST,cash_flow,value,0.0,ACTUAL,VNSTOCK_BRONZE
SPC,LATEST,cash_flow,order,26.0,ACTUAL,VNSTOCK_BRONZE
SPC,LATEST,cash_flow,level,2.0,ACTUAL,VNSTOCK_BRONZE
SPC,LATEST,cash_flow,value,0.0,ACTUAL,VNSTOCK_BRONZE
SPC,LATEST,cash_flow,order,27.0,ACTUAL,VNSTOCK_BRONZE
SPC,LATEST,cash_flow,level,2.0,ACTUAL,VNSTOCK_BRONZE
SPC,LATEST,cash_flow,value,0.0,ACTUAL,VNSTOCK_BRONZE
SPC,LATEST,cash_flow,order,28.0,ACTUAL,VNSTOCK_BRONZE
SPC,LATEST,cash_flow,level,2.0,ACTUAL,VNSTOCK_BRONZE
SPC,LATEST,cash_flow,value,0.0,ACTUAL,VNSTOCK_BRONZE
SPC,LATEST,cash_flow,order,29.0,ACTUAL,VNSTOCK_BRONZE
SPC,LATEST,cash_flow,level,2.0,ACTUAL,VNSTOCK_BRONZE
SPC,LATEST,cash_flow,order,30.0,ACTUAL,VNSTOCK_BRONZE
SPC,LATEST,cash_flow,level,2.0,ACTUAL,VNSTOCK_BRONZE
SPC,LATEST,cash_flow,value,0.0,ACTUAL,VNSTOCK_BRONZE
SPC,LATEST,cash_flow,order,31.0,ACTUAL,VNSTOCK_BRONZE
SPC,LATEST,cash_flow,level,2.0,ACTUAL,VNSTOCK_BRONZE
SPC,LATEST,cash_flow,value,0.0,ACTUAL,VNSTOCK_BRONZE
SPC,LATEST,cash_flow,order,32.0,ACTUAL,VNSTOCK_BRONZE
SPC,LATEST,cash_flow,level,1.0,ACTUAL,VNSTOCK_BRONZE
SPC,LATEST,cash_flow,value,108333992.0,ACTUAL,VNSTOCK_BRONZE
SPC,LATEST,cash_flow,order,33.0,ACTUAL,VNSTOCK_BRONZE
SPC,LATEST,cash_flow,level,2.0,ACTUAL,VNSTOCK_BRONZE
SPC,LATEST,cash_flow,value,0.0,ACTUAL,VNSTOCK_BRONZE
SPC,LATEST,cash_flow,order,34.0,ACTUAL,VNSTOCK_BRONZE
SPC,LATEST,cash_flow,level,2.0,ACTUAL,VNSTOCK_BRONZE
SPC,LATEST,cash_flow,value,0.0,ACTUAL,VNSTOCK_BRONZE
SPC,LATEST,cash_flow,order,35.0,ACTUAL,VNSTOCK_BRONZE
SPC,LATEST,cash_flow,level,2.0,ACTUAL,VNSTOCK_BRONZE
SPC,LATEST,cash_flow,value,0.0,ACTUAL,VNSTOCK_BRONZE
SPC,LATEST,cash_flow,order,36.0,ACTUAL,VNSTOCK_BRONZE
SPC,LATEST,cash_flow,level,2.0,ACTUAL,VNSTOCK_BRONZE
SPC,LATEST,cash_flow,value,0.0,ACTUAL,VNSTOCK_BRONZE
SPC,LATEST,cash_flow,order,37.0,ACTUAL,VNSTOCK_BRONZE
SPC,LATEST,cash_flow,level,2.0,ACTUAL,VNSTOCK_BRONZE
SPC,LATEST,cash_flow,value,0.0,ACTUAL,VNSTOCK_BRONZE
SPC,LATEST,cash_flow,order,38.0,ACTUAL,VNSTOCK_BRONZE
SPC,LATEST,cash_flow,level,2.0,ACTUAL,VNSTOCK_BRONZE
SPC,LATEST,cash_flow,value,0.0,ACTUAL,VNSTOCK_BRONZE
SPC,LATEST,cash_flow,order,39.0,ACTUAL,VNSTOCK_BRONZE
SPC,LATEST,cash_flow,level,2.0,ACTUAL,VNSTOCK_BRONZE
SPC,LATEST,cash_flow,value,108333992.0,ACTUAL,VNSTOCK_BRONZE
SPC,LATEST,cash_flow,order,40.0,ACTUAL,VNSTOCK_BRONZE
SPC,LATEST,cash_flow,level,1.0,ACTUAL,VNSTOCK_BRONZE
SPC,LATEST,cash_flow,order,41.0,ACTUAL,VNSTOCK_BRONZE
SPC,LATEST,cash_flow,level,2.0,ACTUAL,VNSTOCK_BRONZE
SPC,LATEST,cash_flow,value,0.0,ACTUAL,VNSTOCK_BRONZE
SPC,LATEST,cash_flow,order,42.0,ACTUAL,VNSTOCK_BRONZE
SPC,LATEST,cash_flow,level,2.0,ACTUAL,VNSTOCK_BRONZE
SPC,LATEST,cash_flow,value,0.0,ACTUAL,VNSTOCK_BRONZE
SPC,LATEST,cash_flow,order,43.0,ACTUAL,VNSTOCK_BRONZE
SPC,LATEST,cash_flow,level,2.0,ACTUAL,VNSTOCK_BRONZE
SPC,LATEST,cash_flow,value,150291288392.0,ACTUAL,VNSTOCK_BRONZE
SPC,LATEST,cash_flow,order,44.0,ACTUAL,VNSTOCK_BRONZE
SPC,LATEST,cash_flow,level,2.0,ACTUAL,VNSTOCK_BRONZE
SPC,LATEST,cash_flow,value,-154222121476.0,ACTUAL,VNSTOCK_BRONZE
SPC,LATEST,cash_flow,order,45.0,ACTUAL,VNSTOCK_BRONZE
SPC,LATEST,cash_flow,level,2.0,ACTUAL,VNSTOCK_BRONZE
SPC,LATEST,cash_flow,value,0.0,ACTUAL,VNSTOCK_BRONZE
SPC,LATEST,cash_flow,order,46.0,ACTUAL,VNSTOCK_BRONZE
SPC,LATEST,cash_flow,level,2.0,ACTUAL,VNSTOCK_BRONZE
SPC,LATEST,cash_flow,value,-53000000.0,ACTUAL,VNSTOCK_BRONZE
SPC,LATEST,cash_flow,order,47.0,ACTUAL,VNSTOCK_BRONZE
SPC,LATEST,cash_flow,level,2.0,ACTUAL,VNSTOCK_BRONZE
SPC,LATEST,cash_flow,value,39152718384.0,ACTUAL,VNSTOCK_BRONZE
SPC,LATEST,cash_flow,order,48.0,ACTUAL,VNSTOCK_BRONZE
SPC,LATEST,cash_flow,level,1.0,ACTUAL,VNSTOCK_BRONZE
SPC,LATEST,cash_flow,order,49.0,ACTUAL,VNSTOCK_BRONZE
SPC,LATEST,cash_flow,level,1.0,ACTUAL,VNSTOCK_BRONZE
SPC,LATEST,cash_flow,order,50.0,ACTUAL,VNSTOCK_BRONZE
SPC,LATEST,cash_flow,level,1.0,ACTUAL,VNSTOCK_BRONZE
SPC,LATEST,cash_flow,order,51.0,ACTUAL,VNSTOCK_BRONZE
SPC,LATEST,cash_flow,level,1.0,ACTUAL,VNSTOCK_BRONZE
SPC,LATEST,cash_flow,value,43136551468.0,ACTUAL,VNSTOCK_BRONZE
SPC,LATEST,cash_flow,order,1.0,ACTUAL,VNSTOCK_BRONZE
SPC,LATEST,cash_flow,level,1.0,ACTUAL,VNSTOCK_BRONZE
SPC,LATEST,cash_flow,value,-99248859926.0,ACTUAL,VNSTOCK_BRONZE
SPC,LATEST,cash_flow,order,2.0,ACTUAL,VNSTOCK_BRONZE
SPC,LATEST,cash_flow,level,2.0,ACTUAL,VNSTOCK_BRONZE
SPC,LATEST,cash_flow,value,0.0,ACTUAL,VNSTOCK_BRONZE
SPC,LATEST,cash_flow,order,3.0,ACTUAL,VNSTOCK_BRONZE
SPC,LATEST,cash_flow,level,2.0,ACTUAL,VNSTOCK_BRONZE
SPC,LATEST,cash_flow,value,0.0,ACTUAL,VNSTOCK_BRONZE
SPC,LATEST,cash_flow,order,4.0,ACTUAL,VNSTOCK_BRONZE
SPC,LATEST,cash_flow,level,2.0,ACTUAL,VNSTOCK_BRONZE
SPC,LATEST,cash_flow,value,0.0,ACTUAL,VNSTOCK_BRONZE
SPC,LATEST,cash_flow,order,5.0,ACTUAL,VNSTOCK_BRONZE
SPC,LATEST,cash_flow,level,2.0,ACTUAL,VNSTOCK_BRONZE
SPC,LATEST,cash_flow,value,0.0,ACTUAL,VNSTOCK_BRONZE
SPC,LATEST,cash_flow,order,6.0,ACTUAL,VNSTOCK_BRONZE
SPC,LATEST,cash_flow,level,2.0,ACTUAL,VNSTOCK_BRONZE
SPC,LATEST,cash_flow,value,0.0,ACTUAL,VNSTOCK_BRONZE
SPC,LATEST,cash_flow,order,7.0,ACTUAL,VNSTOCK_BRONZE
SPC,LATEST,cash_flow,level,2.0,ACTUAL,VNSTOCK_BRONZE
SPC,LATEST,cash_flow,value,0.0,ACTUAL,VNSTOCK_BRONZE
SPC,LATEST,cash_flow,order,8.0,ACTUAL,VNSTOCK_BRONZE
SPC,LATEST,cash_flow,level,2.0,ACTUAL,VNSTOCK_BRONZE
SPC,LATEST,cash_flow,value,0.0,ACTUAL,VNSTOCK_BRONZE
SPC,LATEST,cash_flow,order,9.0,ACTUAL,VNSTOCK_BRONZE
SPC,LATEST,cash_flow,level,2.0,ACTUAL,VNSTOCK_BRONZE
SPC,LATEST,cash_flow,value,0.0,ACTUAL,VNSTOCK_BRONZE
SPC,LATEST,cash_flow,order,10.0,ACTUAL,VNSTOCK_BRONZE
SPC,LATEST,cash_flow,level,2.0,ACTUAL,VNSTOCK_BRONZE
SPC,LATEST,cash_flow,value,0.0,ACTUAL,VNSTOCK_BRONZE
SPC,LATEST,cash_flow,order,11.0,ACTUAL,VNSTOCK_BRONZE
SPC,LATEST,cash_flow,level,2.0,ACTUAL,VNSTOCK_BRONZE
SPC,LATEST,cash_flow,value,0.0,ACTUAL,VNSTOCK_BRONZE
SPC,LATEST,cash_flow,order,12.0,ACTUAL,VNSTOCK_BRONZE
SPC,LATEST,cash_flow,level,2.0,ACTUAL,VNSTOCK_BRONZE
SPC,LATEST,cash_flow,value,0.0,ACTUAL,VNSTOCK_BRONZE
SPC,LATEST,cash_flow,order,13.0,ACTUAL,VNSTOCK_BRONZE
SPC,LATEST,cash_flow,level,2.0,ACTUAL,VNSTOCK_BRONZE
SPC,LATEST,cash_flow,value,0.0,ACTUAL,VNSTOCK_BRONZE
SPC,LATEST,cash_flow,order,14.0,ACTUAL,VNSTOCK_BRONZE
SPC,LATEST,cash_flow,level,2.0,ACTUAL,VNSTOCK_BRONZE
SPC,LATEST,cash_flow,order,15.0,ACTUAL,VNSTOCK_BRONZE
SPC,LATEST,cash_flow,level,2.0,ACTUAL,VNSTOCK_BRONZE
SPC,LATEST,cash_flow,order,16.0,ACTUAL,VNSTOCK_BRONZE
SPC,LATEST,cash_flow,level,2.0,ACTUAL,VNSTOCK_BRONZE
SPC,LATEST,cash_flow,order,17.0,ACTUAL,VNSTOCK_BRONZE
SPC,LATEST,cash_flow,level,2.0,ACTUAL,VNSTOCK_BRONZE
SPC,LATEST,cash_flow,order,18.0,ACTUAL,VNSTOCK_BRONZE
SPC,LATEST,cash_flow,level,2.0,ACTUAL,VNSTOCK_BRONZE
SPC,LATEST,cash_flow,order,19.0,ACTUAL,VNSTOCK_BRONZE
SPC,LATEST,cash_flow,level,2.0,ACTUAL,VNSTOCK_BRONZE
SPC,LATEST,cash_flow,order,20.0,ACTUAL,VNSTOCK_BRONZE
SPC,LATEST,cash_flow,level,2.0,ACTUAL,VNSTOCK_BRONZE
SPC,LATEST,cash_flow,order,21.0,ACTUAL,VNSTOCK_BRONZE
SPC,LATEST,cash_flow,level,2.0,ACTUAL,VNSTOCK_BRONZE
SPC,LATEST,cash_flow,order,22.0,ACTUAL,VNSTOCK_BRONZE
SPC,LATEST,cash_flow,level,2.0,ACTUAL,VNSTOCK_BRONZE
SPC,LATEST,cash_flow,order,23.0,ACTUAL,VNSTOCK_BRONZE
SPC,LATEST,cash_flow,level,2.0,ACTUAL,VNSTOCK_BRONZE
SPC,LATEST,cash_flow,order,24.0,ACTUAL,VNSTOCK_BRONZE
SPC,LATEST,cash_flow,level,2.0,ACTUAL,VNSTOCK_BRONZE
SPC,LATEST,cash_flow,value,0.0,ACTUAL,VNSTOCK_BRONZE
SPC,LATEST,cash_flow,order,25.0,ACTUAL,VNSTOCK_BRONZE
SPC,LATEST,cash_flow,level,2.0,ACTUAL,VNSTOCK_BRONZE
SPC,LATEST,cash_flow,value,0.0,ACTUAL,VNSTOCK_BRONZE
SPC,LATEST,cash_flow,order,26.0,ACTUAL,VNSTOCK_BRONZE
SPC,LATEST,cash_flow,level,2.0,ACTUAL,VNSTOCK_BRONZE
SPC,LATEST,cash_flow,value,0.0,ACTUAL,VNSTOCK_BRONZE
SPC,LATEST,cash_flow,order,27.0,ACTUAL,VNSTOCK_BRONZE
SPC,LATEST,cash_flow,level,2.0,ACTUAL,VNSTOCK_BRONZE
SPC,LATEST,cash_flow,value,0.0,ACTUAL,VNSTOCK_BRONZE
SPC,LATEST,cash_flow,order,28.0,ACTUAL,VNSTOCK_BRONZE
SPC,LATEST,cash_flow,level,2.0,ACTUAL,VNSTOCK_BRONZE
SPC,LATEST,cash_flow,value,0.0,ACTUAL,VNSTOCK_BRONZE
SPC,LATEST,cash_flow,order,29.0,ACTUAL,VNSTOCK_BRONZE
SPC,LATEST,cash_flow,level,2.0,ACTUAL,VNSTOCK_BRONZE
SPC,LATEST,cash_flow,order,30.0,ACTUAL,VNSTOCK_BRONZE
SPC,LATEST,cash_flow,level,2.0,ACTUAL,VNSTOCK_BRONZE
SPC,LATEST,cash_flow,value,0.0,ACTUAL,VNSTOCK_BRONZE
SPC,LATEST,cash_flow,order,31.0,ACTUAL,VNSTOCK_BRONZE
SPC,LATEST,cash_flow,level,2.0,ACTUAL,VNSTOCK_BRONZE
SPC,LATEST,cash_flow,value,0.0,ACTUAL,VNSTOCK_BRONZE
SPC,LATEST,cash_flow,order,32.0,ACTUAL,VNSTOCK_BRONZE
SPC,LATEST,cash_flow,level,1.0,ACTUAL,VNSTOCK_BRONZE
SPC,LATEST,cash_flow,value,-3695081481.0,ACTUAL,VNSTOCK_BRONZE
SPC,LATEST,cash_flow,order,33.0,ACTUAL,VNSTOCK_BRONZE
SPC,LATEST,cash_flow,level,2.0,ACTUAL,VNSTOCK_BRONZE
SPC,LATEST,cash_flow,value,-4526981741.0,ACTUAL,VNSTOCK_BRONZE
SPC,LATEST,cash_flow,order,34.0,ACTUAL,VNSTOCK_BRONZE
SPC,LATEST,cash_flow,level,2.0,ACTUAL,VNSTOCK_BRONZE
SPC,LATEST,cash_flow,value,300080000.0,ACTUAL,VNSTOCK_BRONZE
SPC,LATEST,cash_flow,order,35.0,ACTUAL,VNSTOCK_BRONZE
SPC,LATEST,cash_flow,level,2.0,ACTUAL,VNSTOCK_BRONZE
SPC,LATEST,cash_flow,value,0.0,ACTUAL,VNSTOCK_BRONZE
SPC,LATEST,cash_flow,order,36.0,ACTUAL,VNSTOCK_BRONZE
SPC,LATEST,cash_flow,level,2.0,ACTUAL,VNSTOCK_BRONZE
SPC,LATEST,cash_flow,value,0.0,ACTUAL,VNSTOCK_BRONZE
SPC,LATEST,cash_flow,order,37.0,ACTUAL,VNSTOCK_BRONZE
SPC,LATEST,cash_flow,level,2.0,ACTUAL,VNSTOCK_BRONZE
SPC,LATEST,cash_flow,value,0.0,ACTUAL,VNSTOCK_BRONZE
SPC,LATEST,cash_flow,order,38.0,ACTUAL,VNSTOCK_BRONZE
SPC,LATEST,cash_flow,level,2.0,ACTUAL,VNSTOCK_BRONZE
SPC,LATEST,cash_flow,value,0.0,ACTUAL,VNSTOCK_BRONZE
SPC,LATEST,cash_flow,order,39.0,ACTUAL,VNSTOCK_BRONZE
SPC,LATEST,cash_flow,level,2.0,ACTUAL,VNSTOCK_BRONZE
SPC,LATEST,cash_flow,value,531820260.0,ACTUAL,VNSTOCK_BRONZE
SPC,LATEST,cash_flow,order,40.0,ACTUAL,VNSTOCK_BRONZE
SPC,LATEST,cash_flow,level,1.0,ACTUAL,VNSTOCK_BRONZE
SPC,LATEST,cash_flow,order,41.0,ACTUAL,VNSTOCK_BRONZE
SPC,LATEST,cash_flow,level,2.0,ACTUAL,VNSTOCK_BRONZE
SPC,LATEST,cash_flow,value,0.0,ACTUAL,VNSTOCK_BRONZE
SPC,LATEST,cash_flow,order,42.0,ACTUAL,VNSTOCK_BRONZE
SPC,LATEST,cash_flow,level,2.0,ACTUAL,VNSTOCK_BRONZE
SPC,LATEST,cash_flow,value,0.0,ACTUAL,VNSTOCK_BRONZE
SPC,LATEST,cash_flow,order,43.0,ACTUAL,VNSTOCK_BRONZE
SPC,LATEST,cash_flow,level,2.0,ACTUAL,VNSTOCK_BRONZE
SPC,LATEST,cash_flow,value,210650667205.0,ACTUAL,VNSTOCK_BRONZE
SPC,LATEST,cash_flow,order,44.0,ACTUAL,VNSTOCK_BRONZE
SPC,LATEST,cash_flow,level,2.0,ACTUAL,VNSTOCK_BRONZE
SPC,LATEST,cash_flow,value,-132979840378.0,ACTUAL,VNSTOCK_BRONZE
SPC,LATEST,cash_flow,order,45.0,ACTUAL,VNSTOCK_BRONZE
SPC,LATEST,cash_flow,level,2.0,ACTUAL,VNSTOCK_BRONZE
SPC,LATEST,cash_flow,value,-915601404.0,ACTUAL,VNSTOCK_BRONZE
SPC,LATEST,cash_flow,order,46.0,ACTUAL,VNSTOCK_BRONZE
SPC,LATEST,cash_flow,level,2.0,ACTUAL,VNSTOCK_BRONZE
SPC,LATEST,cash_flow,value,-13633232090.0,ACTUAL,VNSTOCK_BRONZE
SPC,LATEST,cash_flow,order,47.0,ACTUAL,VNSTOCK_BRONZE
SPC,LATEST,cash_flow,level,2.0,ACTUAL,VNSTOCK_BRONZE
SPC,LATEST,cash_flow,value,103211154720.0,ACTUAL,VNSTOCK_BRONZE
SPC,LATEST,cash_flow,order,48.0,ACTUAL,VNSTOCK_BRONZE
SPC,LATEST,cash_flow,level,1.0,ACTUAL,VNSTOCK_BRONZE
SPC,LATEST,cash_flow,order,49.0,ACTUAL,VNSTOCK_BRONZE
SPC,LATEST,cash_flow,level,1.0,ACTUAL,VNSTOCK_BRONZE
SPC,LATEST,cash_flow,order,50.0,ACTUAL,VNSTOCK_BRONZE
SPC,LATEST,cash_flow,level,1.0,ACTUAL,VNSTOCK_BRONZE
SPC,LATEST,cash_flow,order,51.0,ACTUAL,VNSTOCK_BRONZE
SPC,LATEST,cash_flow,level,1.0,ACTUAL,VNSTOCK_BRONZE
SPC,LATEST,cash_flow,value,40089161387.0,ACTUAL,VNSTOCK_BRONZE
