Ticker,Period,Dataset,Field,Value,DataType,SourceMode
VNM,LATEST,ratio,RT_VALUE_PE,24.3040995019,ACTUAL,VNSTOCK_BRONZE
VNM,LATEST,ratio,RT_VALUE_PB,9.475260474,ACTUAL,VNSTOCK_BRONZE
VNM,LATEST,ratio,RT_VALUE_PS,4.784279157,ACTUAL,VNSTOCK_BRONZE
VNM,LATEST,ratio,RT_VALUE_P_CF,33.9653220213,ACTUAL,VNSTOCK_BRONZE
VNM,LATEST,ratio,RT_VALUE_EV_EBITDA,19.7428589098,ACTUAL,VNSTOCK_BRONZE
VNM,LATEST,ratio,RT_VALUE_DIVIDEND_YIELD,0.0,ACTUAL,VNSTOCK_BRONZE
VNM,LATEST,ratio,RT_VALUE_MARKET_CAP,244535077206500.0,ACTUAL,VNSTOCK_BRONZE
VNM,LATEST,ratio,RT_VALUE_EBIT,11076347740772.0,ACTUAL,VNSTOCK_BRONZE
VNM,LATEST,ratio,RT_VALUE_EBITDA,12450184651001.0,ACTUAL,VNSTOCK_BRONZE
VNM,LATEST,ratio,RT_VALUE_EQUITY,0.0102796134,ACTUAL,VNSTOCK_BRONZE
VNM,LATEST,ratio,RT_VALUE_OUTSTANDING_SHARES,1451246749.0,ACTUAL,VNSTOCK_BRONZE
VNM,LATEST,ratio,RT_PRT_ROE,0.4067648156,ACTUAL,VNSTOCK_BRONZE
VNM,LATEST,ratio,RT_PRT_ROA,0.3013748512,ACTUAL,VNSTOCK_BRONZE
VNM,LATEST,ratio,RT_PRT_ROIC,0.3938748037,ACTUAL,VNSTOCK_BRONZE
VNM,LATEST,ratio,RT_PRT_GROSS_MARGIN,0.4676320431,ACTUAL,VNSTOCK_BRONZE
VNM,LATEST,ratio,RT_PRT_EBIT_MARGIN,0.2167064956,ACTUAL,VNSTOCK_BRONZE
VNM,LATEST,ratio,RT_PRT_PRE_TAX_MARGIN,0.2333947367,ACTUAL,VNSTOCK_BRONZE
VNM,LATEST,ratio,RT_PRT_NET_MARGIN,0.1961608484,ACTUAL,VNSTOCK_BRONZE
VNM,LATEST,ratio,RT_EFF_ATR,1.5309154517,ACTUAL,VNSTOCK_BRONZE
VNM,LATEST,ratio,RT_EFF_FATR,5.4397857918,ACTUAL,VNSTOCK_BRONZE
VNM,LATEST,ratio,RT_EFF_DSO,26.0371893576,ACTUAL,VNSTOCK_BRONZE
VNM,LATEST,ratio,RT_EFF_DIO,54.6555461942,ACTUAL,VNSTOCK_BRONZE
VNM,LATEST,ratio,RT_EFF_DPO,47.4967231708,ACTUAL,VNSTOCK_BRONZE
VNM,LATEST,ratio,RT_EFF_CASH_CYCLE,135.3772476319,ACTUAL,VNSTOCK_BRONZE
VNM,LATEST,ratio,RT_LQD_CR,2.3661573688,ACTUAL,VNSTOCK_BRONZE
VNM,LATEST,ratio,RT_LQD_QR,1.8481373413,ACTUAL,VNSTOCK_BRONZE
VNM,LATEST,ratio,RT_LQD_CASH_RATIO,0.1192301426,ACTUAL,VNSTOCK_BRONZE
VNM,LATEST,ratio,RT_LEV_DE,0.3437602641,ACTUAL,VNSTOCK_BRONZE
VNM,LATEST,ratio,RT_LEV_LOAN_EQUITY,0.0696268191,ACTUAL,VNSTOCK_BRONZE
VNM,LATEST,ratio,RT_LEV_FINANCIAL_LEVERAGE,0.3437602641,ACTUAL,VNSTOCK_BRONZE
VNM,LATEST,ratio,RT_VALUE_PE,20.8312844745,ACTUAL,VNSTOCK_BRONZE
VNM,LATEST,ratio,RT_VALUE_PB,7.8429246293,ACTUAL,VNSTOCK_BRONZE
VNM,LATEST,ratio,RT_VALUE_PS,3.9689822584,ACTUAL,VNSTOCK_BRONZE
VNM,LATEST,ratio,RT_VALUE_P_CF,29.933722165,ACTUAL,VNSTOCK_BRONZE
VNM,LATEST,ratio,RT_VALUE_EV_EBITDA,16.6642248574,ACTUAL,VNSTOCK_BRONZE
VNM,LATEST,ratio,RT_VALUE_DIVIDEND_YIELD,1.70502984,ACTUAL,VNSTOCK_BRONZE
VNM,LATEST,ratio,RT_VALUE_MARKET_CAP,204269342056800.0,ACTUAL,VNSTOCK_BRONZE
VNM,LATEST,ratio,RT_VALUE_EBIT,10844800827206.0,ACTUAL,VNSTOCK_BRONZE
VNM,LATEST,ratio,RT_VALUE_EBITDA,12299819774925.0,ACTUAL,VNSTOCK_BRONZE
VNM,LATEST,ratio,RT_VALUE_EQUITY,0.0091800817,ACTUAL,VNSTOCK_BRONZE
VNM,LATEST,ratio,RT_VALUE_OUTSTANDING_SHARES,1741426616.0,ACTUAL,VNSTOCK_BRONZE
VNM,LATEST,ratio,RT_PRT_ROE,0.3894100198,ACTUAL,VNSTOCK_BRONZE
VNM,LATEST,ratio,RT_PRT_ROA,0.2847009275,ACTUAL,VNSTOCK_BRONZE
VNM,LATEST,ratio,RT_PRT_ROIC,0.3794926257,ACTUAL,VNSTOCK_BRONZE
VNM,LATEST,ratio,RT_PRT_GROSS_MARGIN,0.4630100906,ACTUAL,VNSTOCK_BRONZE
VNM,LATEST,ratio,RT_PRT_EBIT_MARGIN,0.2107160166,ACTUAL,VNSTOCK_BRONZE
VNM,LATEST,ratio,RT_PRT_PRE_TAX_MARGIN,0.2262846731,ACTUAL,VNSTOCK_BRONZE
VNM,LATEST,ratio,RT_PRT_NET_MARGIN,0.190167943,ACTUAL,VNSTOCK_BRONZE
VNM,LATEST,ratio,RT_EFF_ATR,1.4942136926,ACTUAL,VNSTOCK_BRONZE
VNM,LATEST,ratio,RT_EFF_FATR,5.0776197615,ACTUAL,VNSTOCK_BRONZE
VNM,LATEST,ratio,RT_EFF_DSO,27.1247659144,ACTUAL,VNSTOCK_BRONZE
VNM,LATEST,ratio,RT_EFF_DIO,56.1787106214,ACTUAL,VNSTOCK_BRONZE
VNM,LATEST,ratio,RT_EFF_DPO,48.7783053879,ACTUAL,VNSTOCK_BRONZE
VNM,LATEST,ratio,RT_EFF_CASH_CYCLE,139.412965373,ACTUAL,VNSTOCK_BRONZE
VNM,LATEST,ratio,RT_LQD_CR,2.3490162773,ACTUAL,VNSTOCK_BRONZE
VNM,LATEST,ratio,RT_LQD_QR,1.7977467061,ACTUAL,VNSTOCK_BRONZE
VNM,LATEST,ratio,RT_LQD_CASH_RATIO,0.2015834996,ACTUAL,VNSTOCK_BRONZE
VNM,LATEST,ratio,RT_LEV_DE,0.3635612754,ACTUAL,VNSTOCK_BRONZE
VNM,LATEST,ratio,RT_LEV_LOAN_EQUITY,0.0769163332,ACTUAL,VNSTOCK_BRONZE
VNM,LATEST,ratio,RT_LEV_FINANCIAL_LEVERAGE,0.3635612754,ACTUAL,VNSTOCK_BRONZE
VNM,LATEST,ratio,RT_VALUE_PE,24.3963521025,ACTUAL,VNSTOCK_BRONZE
VNM,LATEST,ratio,RT_VALUE_PB,9.2683150966,ACTUAL,VNSTOCK_BRONZE
VNM,LATEST,ratio,RT_VALUE_PS,4.5456959735,ACTUAL,VNSTOCK_BRONZE
VNM,LATEST,ratio,RT_VALUE_P_CF,36.0408755631,ACTUAL,VNSTOCK_BRONZE
VNM,LATEST,ratio,RT_VALUE_EV_EBITDA,19.4784065112,ACTUAL,VNSTOCK_BRONZE
VNM,LATEST,ratio,RT_VALUE_DIVIDEND_YIELD,2.21402214,ACTUAL,VNSTOCK_BRONZE
VNM,LATEST,ratio,RT_VALUE_MARKET_CAP,235960764352500.0,ACTUAL,VNSTOCK_BRONZE
VNM,LATEST,ratio,RT_VALUE_EBIT,10616434733849.0,ACTUAL,VNSTOCK_BRONZE
VNM,LATEST,ratio,RT_VALUE_EBITDA,12168546167123.0,ACTUAL,VNSTOCK_BRONZE
VNM,LATEST,ratio,RT_VALUE_EQUITY,0.0094900293,ACTUAL,VNSTOCK_BRONZE
VNM,LATEST,ratio,RT_VALUE_OUTSTANDING_SHARES,1741407855.0,ACTUAL,VNSTOCK_BRONZE
VNM,LATEST,ratio,RT_PRT_ROE,0.3769073605,ACTUAL,VNSTOCK_BRONZE
VNM,LATEST,ratio,RT_PRT_ROA,0.275948513,ACTUAL,VNSTOCK_BRONZE
VNM,LATEST,ratio,RT_PRT_ROIC,0.3909889808,ACTUAL,VNSTOCK_BRONZE
VNM,LATEST,ratio,RT_PRT_GROSS_MARGIN,0.4633661516,ACTUAL,VNSTOCK_BRONZE
VNM,LATEST,ratio,RT_PRT_EBIT_MARGIN,0.204521649,ACTUAL,VNSTOCK_BRONZE
VNM,LATEST,ratio,RT_PRT_PRE_TAX_MARGIN,0.2207151654,ACTUAL,VNSTOCK_BRONZE
VNM,LATEST,ratio,RT_PRT_NET_MARGIN,0.1859164768,ACTUAL,VNSTOCK_BRONZE
VNM,LATEST,ratio,RT_EFF_ATR,1.4809241047,ACTUAL,VNSTOCK_BRONZE
VNM,LATEST,ratio,RT_EFF_FATR,4.7306237082,ACTUAL,VNSTOCK_BRONZE
VNM,LATEST,ratio,RT_EFF_DSO,27.9384399778,ACTUAL,VNSTOCK_BRONZE
VNM,LATEST,ratio,RT_EFF_DIO,57.8851062955,ACTUAL,VNSTOCK_BRONZE
VNM,LATEST,ratio,RT_EFF_DPO,47.2039142686,ACTUAL,VNSTOCK_BRONZE
VNM,LATEST,ratio,RT_EFF_CASH_CYCLE,140.6796324267,ACTUAL,VNSTOCK_BRONZE
VNM,LATEST,ratio,RT_LQD_CR,2.4874666587,ACTUAL,VNSTOCK_BRONZE
VNM,LATEST,ratio,RT_LQD_QR,1.9021606482,ACTUAL,VNSTOCK_BRONZE
VNM,LATEST,ratio,RT_LQD_CASH_RATIO,0.1455004375,ACTUAL,VNSTOCK_BRONZE
VNM,LATEST,ratio,RT_LEV_DE,0.3112199219,ACTUAL,VNSTOCK_BRONZE
VNM,LATEST,ratio,RT_LEV_LOAN_EQUITY,0.0463411648,ACTUAL,VNSTOCK_BRONZE
VNM,LATEST,ratio,RT_LEV_FINANCIAL_LEVERAGE,0.3112199219,ACTUAL,VNSTOCK_BRONZE
VNM,LATEST,ratio,RT_VALUE_PE,22.1047091777,ACTUAL,VNSTOCK_BRONZE
VNM,LATEST,ratio,RT_VALUE_PB,8.7674472764,ACTUAL,VNSTOCK_BRONZE
VNM,LATEST,ratio,RT_VALUE_PS,4.3003492014,ACTUAL,VNSTOCK_BRONZE
VNM,LATEST,ratio,RT_VALUE_P_CF,27.7720438705,ACTUAL,VNSTOCK_BRONZE
VNM,LATEST,ratio,RT_VALUE_EV_EBITDA,17.6884003034,ACTUAL,VNSTOCK_BRONZE
VNM,LATEST,ratio,RT_VALUE_DIVIDEND_YIELD,2.31124807,ACTUAL,VNSTOCK_BRONZE
VNM,LATEST,ratio,RT_VALUE_MARKET_CAP,226034739579000.0,ACTUAL,VNSTOCK_BRONZE
VNM,LATEST,ratio,RT_VALUE_EBIT,11212169330868.0,ACTUAL,VNSTOCK_BRONZE
VNM,LATEST,ratio,RT_VALUE_EBITDA,12838801713219.0,ACTUAL,VNSTOCK_BRONZE
VNM,LATEST,ratio,RT_VALUE_EQUITY,0.0082142243,ACTUAL,VNSTOCK_BRONZE
VNM,LATEST,ratio,RT_VALUE_OUTSTANDING_SHARES,1741407855.0,ACTUAL,VNSTOCK_BRONZE
VNM,LATEST,ratio,RT_PRT_ROE,0.4079129723,ACTUAL,VNSTOCK_BRONZE
VNM,LATEST,ratio,RT_PRT_ROA,0.2839593091,ACTUAL,VNSTOCK_BRONZE
VNM,LATEST,ratio,RT_PRT_ROIC,0.4070164254,ACTUAL,VNSTOCK_BRONZE
VNM,LATEST,ratio,RT_PRT_GROSS_MARGIN,0.4682361762,ACTUAL,VNSTOCK_BRONZE
VNM,LATEST,ratio,RT_PRT_EBIT_MARGIN,0.2133134204,ACTUAL,VNSTOCK_BRONZE
VNM,LATEST,ratio,RT_PRT_PRE_TAX_MARGIN,0.2292855625,ACTUAL,VNSTOCK_BRONZE
VNM,LATEST,ratio,RT_PRT_NET_MARGIN,0.1941638337,ACTUAL,VNSTOCK_BRONZE
VNM,LATEST,ratio,RT_EFF_ATR,1.45937662,ACTUAL,VNSTOCK_BRONZE
VNM,LATEST,ratio,RT_EFF_FATR,4.3847916138,ACTUAL,VNSTOCK_BRONZE
VNM,LATEST,ratio,RT_EFF_DSO,24.6228071641,ACTUAL,VNSTOCK_BRONZE
VNM,LATEST,ratio,RT_EFF_DIO,62.5489903315,ACTUAL,VNSTOCK_BRONZE
VNM,LATEST,ratio,RT_EFF_DPO,51.9527621623,ACTUAL,VNSTOCK_BRONZE
VNM,LATEST,ratio,RT_EFF_CASH_CYCLE,146.3396457221,ACTUAL,VNSTOCK_BRONZE
VNM,LATEST,ratio,RT_LQD_CR,1.9323820666,ACTUAL,VNSTOCK_BRONZE
VNM,LATEST,ratio,RT_LQD_QR,1.4130157267,ACTUAL,VNSTOCK_BRONZE
VNM,LATEST,ratio,RT_LQD_CASH_RATIO,0.1847593807,ACTUAL,VNSTOCK_BRONZE
VNM,LATEST,ratio,RT_LEV_DE,0.422312946,ACTUAL,VNSTOCK_BRONZE
VNM,LATEST,ratio,RT_LEV_LOAN_EQUITY,0.0485641444,ACTUAL,VNSTOCK_BRONZE
VNM,LATEST,ratio,RT_LEV_FINANCIAL_LEVERAGE,0.422312946,ACTUAL,VNSTOCK_BRONZE
VNM,LATEST,ratio,RT_VALUE_PE,20.8464165969,ACTUAL,VNSTOCK_BRONZE
VNM,LATEST,ratio,RT_VALUE_PB,7.5900569518,ACTUAL,VNSTOCK_BRONZE
VNM,LATEST,ratio,RT_VALUE_PS,4.0100170367,ACTUAL,VNSTOCK_BRONZE
VNM,LATEST,ratio,RT_VALUE_P_CF,24.1502280895,ACTUAL,VNSTOCK_BRONZE
VNM,LATEST,ratio,RT_VALUE_EV_EBITDA,16.4176507642,ACTUAL,VNSTOCK_BRONZE
VNM,LATEST,ratio,RT_VALUE_DIVIDEND_YIELD,0.0,ACTUAL,VNSTOCK_BRONZE
VNM,LATEST,ratio,RT_VALUE_MARKET_CAP,215060214122000.0,ACTUAL,VNSTOCK_BRONZE
VNM,LATEST,ratio,RT_VALUE_EBIT,11490550064179.0,ACTUAL,VNSTOCK_BRONZE
VNM,LATEST,ratio,RT_VALUE_EBITDA,13204320057388.0,ACTUAL,VNSTOCK_BRONZE
VNM,LATEST,ratio,RT_VALUE_EQUITY,0.0075374675,ACTUAL,VNSTOCK_BRONZE
VNM,LATEST,ratio,RT_VALUE_OUTSTANDING_SHARES,1741378252.0,ACTUAL,VNSTOCK_BRONZE
VNM,LATEST,ratio,RT_PRT_ROE,0.3832323254,ACTUAL,VNSTOCK_BRONZE
VNM,LATEST,ratio,RT_PRT_ROA,0.2828791428,ACTUAL,VNSTOCK_BRONZE
VNM,LATEST,ratio,RT_PRT_ROIC,0.3674938984,ACTUAL,VNSTOCK_BRONZE
VNM,LATEST,ratio,RT_PRT_GROSS_MARGIN,0.4713660818,ACTUAL,VNSTOCK_BRONZE
VNM,LATEST,ratio,RT_PRT_EBIT_MARGIN,0.2142530254,ACTUAL,VNSTOCK_BRONZE
VNM,LATEST,ratio,RT_PRT_PRE_TAX_MARGIN,0.2278173742,ACTUAL,VNSTOCK_BRONZE
VNM,LATEST,ratio,RT_PRT_NET_MARGIN,0.1924262806,ACTUAL,VNSTOCK_BRONZE
VNM,LATEST,ratio,RT_EFF_ATR,1.4705308085,ACTUAL,VNSTOCK_BRONZE
VNM,LATEST,ratio,RT_EFF_FATR,4.3626709989,ACTUAL,VNSTOCK_BRONZE
VNM,LATEST,ratio,RT_EFF_DSO,27.1047499029,ACTUAL,VNSTOCK_BRONZE
VNM,LATEST,ratio,RT_EFF_DIO,64.8284941394,ACTUAL,VNSTOCK_BRONZE
VNM,LATEST,ratio,RT_EFF_DPO,44.940083916,ACTUAL,VNSTOCK_BRONZE
VNM,LATEST,ratio,RT_EFF_CASH_CYCLE,144.9264228089,ACTUAL,VNSTOCK_BRONZE
VNM,LATEST,ratio,RT_LQD_CR,2.4998592516,ACTUAL,VNSTOCK_BRONZE
VNM,LATEST,ratio,RT_LQD_QR,1.8926190597,ACTUAL,VNSTOCK_BRONZE
VNM,LATEST,ratio,RT_LQD_CASH_RATIO,0.1874074352,ACTUAL,VNSTOCK_BRONZE
VNM,LATEST,ratio,RT_LEV_DE,0.3243770043,ACTUAL,VNSTOCK_BRONZE
VNM,LATEST,ratio,RT_LEV_LOAN_EQUITY,0.0810452752,ACTUAL,VNSTOCK_BRONZE
VNM,LATEST,ratio,RT_LEV_FINANCIAL_LEVERAGE,0.3243770043,ACTUAL,VNSTOCK_BRONZE
VNM,LATEST,ratio,RT_VALUE_PE,22.1369534924,ACTUAL,VNSTOCK_BRONZE
VNM,LATEST,ratio,RT_VALUE_PB,8.2400153204,ACTUAL,VNSTOCK_BRONZE
VNM,LATEST,ratio,RT_VALUE_PS,4.2826080947,ACTUAL,VNSTOCK_BRONZE
VNM,LATEST,ratio,RT_VALUE_P_CF,24.3296745116,ACTUAL,VNSTOCK_BRONZE
VNM,LATEST,ratio,RT_VALUE_EV_EBITDA,17.2991938571,ACTUAL,VNSTOCK_BRONZE
VNM,LATEST,ratio,RT_VALUE_DIVIDEND_YIELD,1.49142431,ACTUAL,VNSTOCK_BRONZE
VNM,LATEST,ratio,RT_VALUE_MARKET_CAP,233518748765400.0,ACTUAL,VNSTOCK_BRONZE
VNM,LATEST,ratio,RT_VALUE_EBIT,11839412417693.0,ACTUAL,VNSTOCK_BRONZE
VNM,LATEST,ratio,RT_VALUE_EBITDA,13636366204931.0,ACTUAL,VNSTOCK_BRONZE
VNM,LATEST,ratio,RT_VALUE_EQUITY,0.0065259852,ACTUAL,VNSTOCK_BRONZE
VNM,LATEST,ratio,RT_VALUE_OUTSTANDING_SHARES,1741377694.0,ACTUAL,VNSTOCK_BRONZE
VNM,LATEST,ratio,RT_PRT_ROE,0.383329156,ACTUAL,VNSTOCK_BRONZE
VNM,LATEST,ratio,RT_PRT_ROA,0.2815259248,ACTUAL,VNSTOCK_BRONZE
VNM,LATEST,ratio,RT_PRT_ROIC,0.3654648771,ACTUAL,VNSTOCK_BRONZE
VNM,LATEST,ratio,RT_PRT_GROSS_MARGIN,0.4736175161,ACTUAL,VNSTOCK_BRONZE
VNM,LATEST,ratio,RT_PRT_EBIT_MARGIN,0.2171284478,ACTUAL,VNSTOCK_BRONZE
VNM,LATEST,ratio,RT_PRT_PRE_TAX_MARGIN,0.2312071,ACTUAL,VNSTOCK_BRONZE
VNM,LATEST,ratio,RT_PRT_NET_MARGIN,0.1934062302,ACTUAL,VNSTOCK_BRONZE
VNM,LATEST,ratio,RT_EFF_ATR,1.4551820667,ACTUAL,VNSTOCK_BRONZE
VNM,LATEST,ratio,RT_EFF_FATR,4.2526207252,ACTUAL,VNSTOCK_BRONZE
VNM,LATEST,ratio,RT_EFF_DSO,27.2059402424,ACTUAL,VNSTOCK_BRONZE
VNM,LATEST,ratio,RT_EFF_DIO,66.1235840776,ACTUAL,VNSTOCK_BRONZE
VNM,LATEST,ratio,RT_EFF_DPO,43.392211971,ACTUAL,VNSTOCK_BRONZE
VNM,LATEST,ratio,RT_EFF_CASH_CYCLE,144.4946630617,ACTUAL,VNSTOCK_BRONZE
VNM,LATEST,ratio,RT_LQD_CR,2.0422512347,ACTUAL,VNSTOCK_BRONZE
VNM,LATEST,ratio,RT_LQD_QR,1.5299677345,ACTUAL,VNSTOCK_BRONZE
VNM,LATEST,ratio,RT_LQD_CASH_RATIO,0.1959709598,ACTUAL,VNSTOCK_BRONZE
VNM,LATEST,ratio,RT_LEV_DE,0.3889149196,ACTUAL,VNSTOCK_BRONZE
VNM,LATEST,ratio,RT_LEV_LOAN_EQUITY,0.1196446938,ACTUAL,VNSTOCK_BRONZE
VNM,LATEST,ratio,RT_LEV_FINANCIAL_LEVERAGE,0.3889149196,ACTUAL,VNSTOCK_BRONZE
VNM,LATEST,ratio,RT_VALUE_PE,19.0136145513,ACTUAL,VNSTOCK_BRONZE
VNM,LATEST,ratio,RT_VALUE_PB,7.4484209476,ACTUAL,VNSTOCK_BRONZE
VNM,LATEST,ratio,RT_VALUE_PS,3.6861667747,ACTUAL,VNSTOCK_BRONZE
VNM,LATEST,ratio,RT_VALUE_P_CF,18.794591841,ACTUAL,VNSTOCK_BRONZE
VNM,LATEST,ratio,RT_VALUE_EV_EBITDA,14.7365436239,ACTUAL,VNSTOCK_BRONZE
VNM,LATEST,ratio,RT_VALUE_DIVIDEND_YIELD,2.5728988,ACTUAL,VNSTOCK_BRONZE
VNM,LATEST,ratio,RT_VALUE_MARKET_CAP,203044639120400.0,ACTUAL,VNSTOCK_BRONZE
VNM,LATEST,ratio,RT_VALUE_EBIT,12156499923539.0,ACTUAL,VNSTOCK_BRONZE
VNM,LATEST,ratio,RT_VALUE_EBITDA,14037460972339.0,ACTUAL,VNSTOCK_BRONZE
VNM,LATEST,ratio,RT_VALUE_EQUITY,0.0033694064,ACTUAL,VNSTOCK_BRONZE
VNM,LATEST,ratio,RT_VALUE_OUTSTANDING_SHARES,1741377694.0,ACTUAL,VNSTOCK_BRONZE
VNM,LATEST,ratio,RT_PRT_ROE,0.3815037888,ACTUAL,VNSTOCK_BRONZE
VNM,LATEST,ratio,RT_PRT_ROA,0.2738949767,ACTUAL,VNSTOCK_BRONZE
VNM,LATEST,ratio,RT_PRT_ROIC,0.378440928,ACTUAL,VNSTOCK_BRONZE
VNM,LATEST,ratio,RT_PRT_GROSS_MARGIN,0.4730054957,ACTUAL,VNSTOCK_BRONZE
VNM,LATEST,ratio,RT_PRT_EBIT_MARGIN,0.2206947512,ACTUAL,VNSTOCK_BRONZE
VNM,LATEST,ratio,RT_PRT_PRE_TAX_MARGIN,0.2328649686,ACTUAL,VNSTOCK_BRONZE
VNM,LATEST,ratio,RT_PRT_NET_MARGIN,0.1935660534,ACTUAL,VNSTOCK_BRONZE
VNM,LATEST,ratio,RT_EFF_ATR,1.4127462083,ACTUAL,VNSTOCK_BRONZE
VNM,LATEST,ratio,RT_EFF_FATR,4.1514530928,ACTUAL,VNSTOCK_BRONZE
VNM,LATEST,ratio,RT_EFF_DSO,26.9777218178,ACTUAL,VNSTOCK_BRONZE
VNM,LATEST,ratio,RT_EFF_DIO,67.4987154525,ACTUAL,VNSTOCK_BRONZE
VNM,LATEST,ratio,RT_EFF_DPO,45.1556777952,ACTUAL,VNSTOCK_BRONZE
VNM,LATEST,ratio,RT_EFF_CASH_CYCLE,147.6660245576,ACTUAL,VNSTOCK_BRONZE
VNM,LATEST,ratio,RT_LQD_CR,1.8572818645,ACTUAL,VNSTOCK_BRONZE
VNM,LATEST,ratio,RT_LQD_QR,1.4387470682,ACTUAL,VNSTOCK_BRONZE
VNM,LATEST,ratio,RT_LQD_CASH_RATIO,0.1246746486,ACTUAL,VNSTOCK_BRONZE
VNM,LATEST,ratio,RT_LEV_DE,0.440407612,ACTUAL,VNSTOCK_BRONZE
VNM,LATEST,ratio,RT_LEV_LOAN_EQUITY,0.1538023566,ACTUAL,VNSTOCK_BRONZE
VNM,LATEST,ratio,RT_LEV_FINANCIAL_LEVERAGE,0.440407612,ACTUAL,VNSTOCK_BRONZE
VNM,LATEST,ratio,RT_VALUE_PE,16.2956458575,ACTUAL,VNSTOCK_BRONZE
VNM,LATEST,ratio,RT_VALUE_PB,6.2680347088,ACTUAL,VNSTOCK_BRONZE
VNM,LATEST,ratio,RT_VALUE_PS,3.0611175098,ACTUAL,VNSTOCK_BRONZE
VNM,LATEST,ratio,RT_VALUE_P_CF,15.1120220321,ACTUAL,VNSTOCK_BRONZE
VNM,LATEST,ratio,RT_VALUE_EV_EBITDA,12.4705427143,ACTUAL,VNSTOCK_BRONZE
VNM,LATEST,ratio,RT_VALUE_DIVIDEND_YIELD,3.03030303,ACTUAL,VNSTOCK_BRONZE
VNM,LATEST,ratio,RT_VALUE_MARKET_CAP,172396391706000.0,ACTUAL,VNSTOCK_BRONZE
VNM,LATEST,ratio,RT_VALUE_EBIT,12182459680820.0,ACTUAL,VNSTOCK_BRONZE
VNM,LATEST,ratio,RT_VALUE_EBITDA,14130532456354.0,ACTUAL,VNSTOCK_BRONZE
VNM,LATEST,ratio,RT_VALUE_EQUITY,0.0041368244,ACTUAL,VNSTOCK_BRONZE
VNM,LATEST,ratio,RT_VALUE_OUTSTANDING_SHARES,1741377694.0,ACTUAL,VNSTOCK_BRONZE
VNM,LATEST,ratio,RT_PRT_ROE,0.3778814213,ACTUAL,VNSTOCK_BRONZE
VNM,LATEST,ratio,RT_PRT_ROA,0.257869958,ACTUAL,VNSTOCK_BRONZE
VNM,LATEST,ratio,RT_PRT_ROIC,0.3460364774,ACTUAL,VNSTOCK_BRONZE
VNM,LATEST,ratio,RT_PRT_GROSS_MARGIN,0.4718235507,ACTUAL,VNSTOCK_BRONZE
VNM,LATEST,ratio,RT_PRT_EBIT_MARGIN,0.216315088,ACTUAL,VNSTOCK_BRONZE
VNM,LATEST,ratio,RT_PRT_PRE_TAX_MARGIN,0.2272041221,ACTUAL,VNSTOCK_BRONZE
VNM,LATEST,ratio,RT_PRT_NET_MARGIN,0.1874056052,ACTUAL,VNSTOCK_BRONZE
VNM,LATEST,ratio,RT_EFF_ATR,1.3725083491,ACTUAL,VNSTOCK_BRONZE
VNM,LATEST,ratio,RT_EFF_FATR,3.9858688829,ACTUAL,VNSTOCK_BRONZE
VNM,LATEST,ratio,RT_EFF_DSO,22.4314438222,ACTUAL,VNSTOCK_BRONZE
VNM,LATEST,ratio,RT_EFF_DIO,64.6318013457,ACTUAL,VNSTOCK_BRONZE
VNM,LATEST,ratio,RT_EFF_DPO,46.8759233922,ACTUAL,VNSTOCK_BRONZE
VNM,LATEST,ratio,RT_EFF_CASH_CYCLE,140.9726333939,ACTUAL,VNSTOCK_BRONZE
VNM,LATEST,ratio,RT_LQD_CR,1.7116817137,ACTUAL,VNSTOCK_BRONZE
VNM,LATEST,ratio,RT_LQD_QR,1.3666636756,ACTUAL,VNSTOCK_BRONZE
VNM,LATEST,ratio,RT_LQD_CASH_RATIO,0.184613656,ACTUAL,VNSTOCK_BRONZE
VNM,LATEST,ratio,RT_LEV_DE,0.5034640508,ACTUAL,VNSTOCK_BRONZE
VNM,LATEST,ratio,RT_LEV_LOAN_EQUITY,0.1841312856,ACTUAL,VNSTOCK_BRONZE
VNM,LATEST,ratio,RT_LEV_FINANCIAL_LEVERAGE,0.5034640508,ACTUAL,VNSTOCK_BRONZE
VNM,LATEST,ratio,RT_VALUE_PE,18.1310377441,ACTUAL,VNSTOCK_BRONZE
VNM,LATEST,ratio,RT_VALUE_PB,6.3770195509,ACTUAL,VNSTOCK_BRONZE
VNM,LATEST,ratio,RT_VALUE_PS,3.3409739139,ACTUAL,VNSTOCK_BRONZE
VNM,LATEST,ratio,RT_VALUE_P_CF,16.0946152766,ACTUAL,VNSTOCK_BRONZE
VNM,LATEST,ratio,RT_VALUE_EV_EBITDA,13.9598010026,ACTUAL,VNSTOCK_BRONZE
VNM,LATEST,ratio,RT_VALUE_DIVIDEND_YIELD,0.0,ACTUAL,VNSTOCK_BRONZE
VNM,LATEST,ratio,RT_VALUE_MARKET_CAP,191377408570600.0,ACTUAL,VNSTOCK_BRONZE
VNM,LATEST,ratio,RT_VALUE_EBIT,12188461315231.0,ACTUAL,VNSTOCK_BRONZE
VNM,LATEST,ratio,RT_VALUE_EBITDA,14219646294257.0,ACTUAL,VNSTOCK_BRONZE
VNM,LATEST,ratio,RT_VALUE_EQUITY,0.0037102477,ACTUAL,VNSTOCK_BRONZE
VNM,LATEST,ratio,RT_VALUE_OUTSTANDING_SHARES,1741377694.0,ACTUAL,VNSTOCK_BRONZE
VNM,LATEST,ratio,RT_PRT_ROE,0.3555418301,ACTUAL,VNSTOCK_BRONZE
VNM,LATEST,ratio,RT_PRT_ROA,0.246819584,ACTUAL,VNSTOCK_BRONZE
VNM,LATEST,ratio,RT_PRT_ROIC,0.3164501363,ACTUAL,VNSTOCK_BRONZE
VNM,LATEST,ratio,RT_PRT_GROSS_MARGIN,0.4717548679,ACTUAL,VNSTOCK_BRONZE
VNM,LATEST,ratio,RT_PRT_EBIT_MARGIN,0.212780242,ACTUAL,VNSTOCK_BRONZE
VNM,LATEST,ratio,RT_PRT_PRE_TAX_MARGIN,0.2236514634,ACTUAL,VNSTOCK_BRONZE
VNM,LATEST,ratio,RT_PRT_NET_MARGIN,0.1838932266,ACTUAL,VNSTOCK_BRONZE
VNM,LATEST,ratio,RT_EFF_ATR,1.3394429208,ACTUAL,VNSTOCK_BRONZE
VNM,LATEST,ratio,RT_EFF_FATR,4.0842328866,ACTUAL,VNSTOCK_BRONZE
VNM,LATEST,ratio,RT_EFF_DSO,25.1927175694,ACTUAL,VNSTOCK_BRONZE
VNM,LATEST,ratio,RT_EFF_DIO,64.244999616,ACTUAL,VNSTOCK_BRONZE
VNM,LATEST,ratio,RT_EFF_DPO,44.7150753735,ACTUAL,VNSTOCK_BRONZE
VNM,LATEST,ratio,RT_EFF_CASH_CYCLE,141.1346972111,ACTUAL,VNSTOCK_BRONZE
VNM,LATEST,ratio,RT_LQD_CR,1.9873594852,ACTUAL,VNSTOCK_BRONZE
VNM,LATEST,ratio,RT_LQD_QR,1.5567320087,ACTUAL,VNSTOCK_BRONZE
VNM,LATEST,ratio,RT_LQD_CASH_RATIO,0.1037073032,ACTUAL,VNSTOCK_BRONZE
VNM,LATEST,ratio,RT_LEV_DE,0.4287860626,ACTUAL,VNSTOCK_BRONZE
VNM,LATEST,ratio,RT_LEV_LOAN_EQUITY,0.1944210718,ACTUAL,VNSTOCK_BRONZE
VNM,LATEST,ratio,RT_LEV_FINANCIAL_LEVERAGE,0.4287860626,ACTUAL,VNSTOCK_BRONZE
VNM,LATEST,ratio,RT_VALUE_PE,21.0361916091,ACTUAL,VNSTOCK_BRONZE
VNM,LATEST,ratio,RT_VALUE_PB,7.4888790442,ACTUAL,VNSTOCK_BRONZE
VNM,LATEST,ratio,RT_VALUE_PS,3.8791456987,ACTUAL,VNSTOCK_BRONZE
VNM,LATEST,ratio,RT_VALUE_P_CF,19.6266377108,ACTUAL,VNSTOCK_BRONZE
VNM,LATEST,ratio,RT_VALUE_EV_EBITDA,16.2163294793,ACTUAL,VNSTOCK_BRONZE
VNM,LATEST,ratio,RT_VALUE_DIVIDEND_YIELD,1.85185185,ACTUAL,VNSTOCK_BRONZE
VNM,LATEST,ratio,RT_VALUE_MARKET_CAP,225681697368000.0,ACTUAL,VNSTOCK_BRONZE
VNM,LATEST,ratio,RT_VALUE_EBIT,12203247812398.0,ACTUAL,VNSTOCK_BRONZE
VNM,LATEST,ratio,RT_VALUE_EBITDA,14312539775796.0,ACTUAL,VNSTOCK_BRONZE
VNM,LATEST,ratio,RT_VALUE_EQUITY,0.0056359819,ACTUAL,VNSTOCK_BRONZE
VNM,LATEST,ratio,RT_VALUE_OUTSTANDING_SHARES,2089645346.0,ACTUAL,VNSTOCK_BRONZE
VNM,LATEST,ratio,RT_PRT_ROE,0.3512467045,ACTUAL,VNSTOCK_BRONZE
VNM,LATEST,ratio,RT_PRT_ROA,0.2377835571,ACTUAL,VNSTOCK_BRONZE
VNM,LATEST,ratio,RT_PRT_ROIC,0.315106233,ACTUAL,VNSTOCK_BRONZE
VNM,LATEST,ratio,RT_PRT_GROSS_MARGIN,0.4666176821,ACTUAL,VNSTOCK_BRONZE
VNM,LATEST,ratio,RT_PRT_EBIT_MARGIN,0.2097563817,ACTUAL,VNSTOCK_BRONZE
VNM,LATEST,ratio,RT_PRT_PRE_TAX_MARGIN,0.2229827592,ACTUAL,VNSTOCK_BRONZE
VNM,LATEST,ratio,RT_PRT_NET_MARGIN,0.184167702,ACTUAL,VNSTOCK_BRONZE
VNM,LATEST,ratio,RT_EFF_ATR,1.289465641,ACTUAL,VNSTOCK_BRONZE
VNM,LATEST,ratio,RT_EFF_FATR,4.0679935114,ACTUAL,VNSTOCK_BRONZE
VNM,LATEST,ratio,RT_EFF_DSO,24.9593976875,ACTUAL,VNSTOCK_BRONZE
VNM,LATEST,ratio,RT_EFF_DIO,63.0920827283,ACTUAL,VNSTOCK_BRONZE
VNM,LATEST,ratio,RT_EFF_DPO,42.4599963272,ACTUAL,VNSTOCK_BRONZE
VNM,LATEST,ratio,RT_EFF_CASH_CYCLE,137.6877584222,ACTUAL,VNSTOCK_BRONZE
VNM,LATEST,ratio,RT_LQD_CR,1.8027741786,ACTUAL,VNSTOCK_BRONZE
VNM,LATEST,ratio,RT_LQD_QR,1.4613093032,ACTUAL,VNSTOCK_BRONZE
VNM,LATEST,ratio,RT_LQD_CASH_RATIO,0.1305498628,ACTUAL,VNSTOCK_BRONZE
VNM,LATEST,ratio,RT_LEV_DE,0.5328616258,ACTUAL,VNSTOCK_BRONZE
VNM,LATEST,ratio,RT_LEV_LOAN_EQUITY,0.1969269485,ACTUAL,VNSTOCK_BRONZE
VNM,LATEST,ratio,RT_LEV_FINANCIAL_LEVERAGE,0.5328616258,ACTUAL,VNSTOCK_BRONZE
VNM,LATEST,ratio,RT_VALUE_PE,19.3262745787,ACTUAL,VNSTOCK_BRONZE
VNM,LATEST,ratio,RT_VALUE_PB,7.3198480167,ACTUAL,VNSTOCK_BRONZE
VNM,LATEST,ratio,RT_VALUE_PS,3.613354147,ACTUAL,VNSTOCK_BRONZE
VNM,LATEST,ratio,RT_VALUE_P_CF,18.2008050532,ACTUAL,VNSTOCK_BRONZE
VNM,LATEST,ratio,RT_VALUE_EV_EBITDA,14.9812852118,ACTUAL,VNSTOCK_BRONZE
VNM,LATEST,ratio,RT_VALUE_DIVIDEND_YIELD,2.91828794,ACTUAL,VNSTOCK_BRONZE
VNM,LATEST,ratio,RT_VALUE_MARKET_CAP,214815541568800.0,ACTUAL,VNSTOCK_BRONZE
VNM,LATEST,ratio,RT_VALUE_EBIT,12613638633149.0,ACTUAL,VNSTOCK_BRONZE
VNM,LATEST,ratio,RT_VALUE_EBITDA,14780020326210.0,ACTUAL,VNSTOCK_BRONZE
VNM,LATEST,ratio,RT_VALUE_EQUITY,0.005563036,ACTUAL,VNSTOCK_BRONZE
VNM,LATEST,ratio,RT_VALUE_OUTSTANDING_SHARES,2089645346.0,ACTUAL,VNSTOCK_BRONZE
VNM,LATEST,ratio,RT_PRT_ROE,0.3527954427,ACTUAL,VNSTOCK_BRONZE
VNM,LATEST,ratio,RT_PRT_ROA,0.2330652637,ACTUAL,VNSTOCK_BRONZE
VNM,LATEST,ratio,RT_PRT_ROIC,0.3294149336,ACTUAL,VNSTOCK_BRONZE
VNM,LATEST,ratio,RT_PRT_GROSS_MARGIN,0.4657786581,ACTUAL,VNSTOCK_BRONZE
VNM,LATEST,ratio,RT_PRT_EBIT_MARGIN,0.2121706052,ACTUAL,VNSTOCK_BRONZE
VNM,LATEST,ratio,RT_PRT_PRE_TAX_MARGIN,0.2270125374,ACTUAL,VNSTOCK_BRONZE
VNM,LATEST,ratio,RT_PRT_NET_MARGIN,0.1879881988,ACTUAL,VNSTOCK_BRONZE
VNM,LATEST,ratio,RT_EFF_ATR,1.2465572005,ACTUAL,VNSTOCK_BRONZE
VNM,LATEST,ratio,RT_EFF_FATR,4.11754385,ACTUAL,VNSTOCK_BRONZE
VNM,LATEST,ratio,RT_EFF_DSO,24.9055750635,ACTUAL,VNSTOCK_BRONZE
VNM,LATEST,ratio,RT_EFF_DIO,62.3756352521,ACTUAL,VNSTOCK_BRONZE
VNM,LATEST,ratio,RT_EFF_DPO,40.7021992026,ACTUAL,VNSTOCK_BRONZE
VNM,LATEST,ratio,RT_EFF_CASH_CYCLE,134.955849998,ACTUAL,VNSTOCK_BRONZE
VNM,LATEST,ratio,RT_LQD_CR,1.7364604073,ACTUAL,VNSTOCK_BRONZE
VNM,LATEST,ratio,RT_LQD_QR,1.4476227158,ACTUAL,VNSTOCK_BRONZE
VNM,LATEST,ratio,RT_LQD_CASH_RATIO,0.1286605835,ACTUAL,VNSTOCK_BRONZE
VNM,LATEST,ratio,RT_LEV_DE,0.5902189346,ACTUAL,VNSTOCK_BRONZE
VNM,LATEST,ratio,RT_LEV_LOAN_EQUITY,0.2082422319,ACTUAL,VNSTOCK_BRONZE
VNM,LATEST,ratio,RT_LEV_FINANCIAL_LEVERAGE,0.5902189346,ACTUAL,VNSTOCK_BRONZE
VNM,LATEST,ratio,RT_VALUE_PE,17.6062659547,ACTUAL,VNSTOCK_BRONZE
VNM,LATEST,ratio,RT_VALUE_PB,6.2437196276,ACTUAL,VNSTOCK_BRONZE
VNM,LATEST,ratio,RT_VALUE_PS,3.2767103131,ACTUAL,VNSTOCK_BRONZE
VNM,LATEST,ratio,RT_VALUE_P_CF,19.1952438761,ACTUAL,VNSTOCK_BRONZE
VNM,LATEST,ratio,RT_VALUE_EV_EBITDA,13.9594526698,ACTUAL,VNSTOCK_BRONZE
VNM,LATEST,ratio,RT_VALUE_DIVIDEND_YIELD,3.20855615,ACTUAL,VNSTOCK_BRONZE
VNM,LATEST,ratio,RT_VALUE_MARKET_CAP,195410834107500.0,ACTUAL,VNSTOCK_BRONZE
VNM,LATEST,ratio,RT_VALUE_EBIT,12262975309258.0,ACTUAL,VNSTOCK_BRONZE
VNM,LATEST,ratio,RT_VALUE_EBITDA,14471841931010.0,ACTUAL,VNSTOCK_BRONZE
VNM,LATEST,ratio,RT_VALUE_EQUITY,0.0049758118,ACTUAL,VNSTOCK_BRONZE
VNM,LATEST,ratio,RT_VALUE_OUTSTANDING_SHARES,2089955445.0,ACTUAL,VNSTOCK_BRONZE
VNM,LATEST,ratio,RT_PRT_ROE,0.3502436416,ACTUAL,VNSTOCK_BRONZE
VNM,LATEST,ratio,RT_PRT_ROA,0.2383476069,ACTUAL,VNSTOCK_BRONZE
VNM,LATEST,ratio,RT_PRT_ROIC,0.2981440536,ACTUAL,VNSTOCK_BRONZE
VNM,LATEST,ratio,RT_PRT_GROSS_MARGIN,0.4639561773,ACTUAL,VNSTOCK_BRONZE
VNM,LATEST,ratio,RT_PRT_EBIT_MARGIN,0.2056294261,ACTUAL,VNSTOCK_BRONZE
VNM,LATEST,ratio,RT_PRT_PRE_TAX_MARGIN,0.226683064,ACTUAL,VNSTOCK_BRONZE
VNM,LATEST,ratio,RT_PRT_NET_MARGIN,0.1884042912,ACTUAL,VNSTOCK_BRONZE
VNM,LATEST,ratio,RT_EFF_ATR,1.2806781666,ACTUAL,VNSTOCK_BRONZE
VNM,LATEST,ratio,RT_EFF_FATR,4.1489939212,ACTUAL,VNSTOCK_BRONZE
VNM,LATEST,ratio,RT_EFF_DSO,23.404731491,ACTUAL,VNSTOCK_BRONZE
VNM,LATEST,ratio,RT_EFF_DIO,56.7975784082,ACTUAL,VNSTOCK_BRONZE
VNM,LATEST,ratio,RT_EFF_DPO,39.0948461549,ACTUAL,VNSTOCK_BRONZE
VNM,LATEST,ratio,RT_EFF_CASH_CYCLE,125.1973474901,ACTUAL,VNSTOCK_BRONZE
VNM,LATEST,ratio,RT_LQD_CR,2.0872767259,ACTUAL,VNSTOCK_BRONZE
VNM,LATEST,ratio,RT_LQD_QR,1.7421567169,ACTUAL,VNSTOCK_BRONZE
VNM,LATEST,ratio,RT_LQD_CASH_RATIO,0.1486258753,ACTUAL,VNSTOCK_BRONZE
VNM,LATEST,ratio,RT_LEV_DE,0.4394241606,ACTUAL,VNSTOCK_BRONZE
VNM,LATEST,ratio,RT_LEV_LOAN_EQUITY,0.2224237418,ACTUAL,VNSTOCK_BRONZE
VNM,LATEST,ratio,RT_LEV_FINANCIAL_LEVERAGE,0.4394241606,ACTUAL,VNSTOCK_BRONZE
VNM,LATEST,ratio,RT_VALUE_PE,16.5292305178,ACTUAL,VNSTOCK_BRONZE
VNM,LATEST,ratio,RT_VALUE_PB,5.7565128704,ACTUAL,VNSTOCK_BRONZE
VNM,LATEST,ratio,RT_VALUE_PS,3.0740161904,ACTUAL,VNSTOCK_BRONZE
VNM,LATEST,ratio,RT_VALUE_P_CF,19.0039470102,ACTUAL,VNSTOCK_BRONZE
VNM,LATEST,ratio,RT_VALUE_EV_EBITDA,13.65232887,ACTUAL,VNSTOCK_BRONZE
VNM,LATEST,ratio,RT_VALUE_DIVIDEND_YIELD,0.0,ACTUAL,VNSTOCK_BRONZE
VNM,LATEST,ratio,RT_VALUE_MARKET_CAP,180363154903500.0,ACTUAL,VNSTOCK_BRONZE
VNM,LATEST,ratio,RT_VALUE_EBIT,11852304089088.0,ACTUAL,VNSTOCK_BRONZE
VNM,LATEST,ratio,RT_VALUE_EBITDA,14005399715840.0,ACTUAL,VNSTOCK_BRONZE
VNM,LATEST,ratio,RT_VALUE_EQUITY,0.0047728125937283,ACTUAL,VNSTOCK_BRONZE
VNM,LATEST,ratio,RT_VALUE_OUTSTANDING_SHARES,2089955445.0,ACTUAL,VNSTOCK_BRONZE
VNM,LATEST,ratio,RT_PRT_ROE,0.3314623534679413,ACTUAL,VNSTOCK_BRONZE
VNM,LATEST,ratio,RT_PRT_ROA,0.2187709659337997,ACTUAL,VNSTOCK_BRONZE
VNM,LATEST,ratio,RT_PRT_ROIC,0.2732636928558349,ACTUAL,VNSTOCK_BRONZE
VNM,LATEST,ratio,RT_PRT_GROSS_MARGIN,0.4570668637752533,ACTUAL,VNSTOCK_BRONZE
VNM,LATEST,ratio,RT_PRT_EBIT_MARGIN,0.202004536986351,ACTUAL,VNSTOCK_BRONZE
VNM,LATEST,ratio,RT_PRT_PRE_TAX_MARGIN,0.2269201129674911,ACTUAL,VNSTOCK_BRONZE
VNM,LATEST,ratio,RT_PRT_NET_MARGIN,0.1884303390979766,ACTUAL,VNSTOCK_BRONZE
VNM,LATEST,ratio,RT_EFF_ATR,1.1765459775924685,ACTUAL,VNSTOCK_BRONZE
VNM,LATEST,ratio,RT_EFF_FATR,4.213113307952881,ACTUAL,VNSTOCK_BRONZE
VNM,LATEST,ratio,RT_EFF_DSO,26.6390438079834,ACTUAL,VNSTOCK_BRONZE
VNM,LATEST,ratio,RT_EFF_DIO,64.27082824707031,ACTUAL,VNSTOCK_BRONZE
VNM,LATEST,ratio,RT_EFF_DPO,40.441009521484375,ACTUAL,VNSTOCK_BRONZE
VNM,LATEST,ratio,RT_EFF_CASH_CYCLE,138.82040405273438,ACTUAL,VNSTOCK_BRONZE
VNM,LATEST,ratio,RT_LQD_CR,1.9860225915908811,ACTUAL,VNSTOCK_BRONZE
VNM,LATEST,ratio,RT_LQD_QR,1.594925045967102,ACTUAL,VNSTOCK_BRONZE
VNM,LATEST,ratio,RT_LQD_CASH_RATIO,0.0725272670388221,ACTUAL,VNSTOCK_BRONZE
VNM,LATEST,ratio,RT_LEV_DE,0.5031003355979919,ACTUAL,VNSTOCK_BRONZE
VNM,LATEST,ratio,RT_LEV_LOAN_EQUITY,0.2770350277423858,ACTUAL,VNSTOCK_BRONZE
VNM,LATEST,ratio,RT_LEV_FINANCIAL_LEVERAGE,0.5031003355979919,ACTUAL,VNSTOCK_BRONZE
VNM,LATEST,ratio,RT_VALUE_PE,16.5620465703,ACTUAL,VNSTOCK_BRONZE
VNM,LATEST,ratio,RT_VALUE_PB,5.6052255547,ACTUAL,VNSTOCK_BRONZE
VNM,LATEST,ratio,RT_VALUE_PS,2.928223606,ACTUAL,VNSTOCK_BRONZE
VNM,LATEST,ratio,RT_VALUE_P_CF,17.8827283813,ACTUAL,VNSTOCK_BRONZE
VNM,LATEST,ratio,RT_VALUE_EV_EBITDA,13.5387280839,ACTUAL,VNSTOCK_BRONZE
VNM,LATEST,ratio,RT_VALUE_DIVIDEND_YIELD,3.47721823,ACTUAL,VNSTOCK_BRONZE
VNM,LATEST,ratio,RT_VALUE_MARKET_CAP,174302284113000.0,ACTUAL,VNSTOCK_BRONZE
VNM,LATEST,ratio,RT_VALUE_EBIT,11469340930326.0,ACTUAL,VNSTOCK_BRONZE
VNM,LATEST,ratio,RT_VALUE_EBITDA,13601560472712.0,ACTUAL,VNSTOCK_BRONZE
VNM,LATEST,ratio,RT_VALUE_EQUITY,0.0023801118,ACTUAL,VNSTOCK_BRONZE
VNM,LATEST,ratio,RT_VALUE_OUTSTANDING_SHARES,2089955445.0,ACTUAL,VNSTOCK_BRONZE
VNM,LATEST,ratio,RT_PRT_ROE,0.3097758808,ACTUAL,VNSTOCK_BRONZE
VNM,LATEST,ratio,RT_PRT_ROA,0.2057036036,ACTUAL,VNSTOCK_BRONZE
VNM,LATEST,ratio,RT_PRT_ROIC,0.2667673695,ACTUAL,VNSTOCK_BRONZE
VNM,LATEST,ratio,RT_PRT_GROSS_MARGIN,0.4403392256,ACTUAL,VNSTOCK_BRONZE
VNM,LATEST,ratio,RT_PRT_EBIT_MARGIN,0.1926813239,ACTUAL,VNSTOCK_BRONZE
VNM,LATEST,ratio,RT_PRT_PRE_TAX_MARGIN,0.2168180078,ACTUAL,VNSTOCK_BRONZE
VNM,LATEST,ratio,RT_PRT_NET_MARGIN,0.1790193593,ACTUAL,VNSTOCK_BRONZE
VNM,LATEST,ratio,RT_EFF_ATR,1.1637433006,ACTUAL,VNSTOCK_BRONZE
VNM,LATEST,ratio,RT_EFF_FATR,4.4324862468,ACTUAL,VNSTOCK_BRONZE
VNM,LATEST,ratio,RT_EFF_DSO,26.340917429,ACTUAL,VNSTOCK_BRONZE
VNM,LATEST,ratio,RT_EFF_DIO,67.8060147151,ACTUAL,VNSTOCK_BRONZE
VNM,LATEST,ratio,RT_EFF_DPO,42.9906419903,ACTUAL,VNSTOCK_BRONZE
VNM,LATEST,ratio,RT_EFF_CASH_CYCLE,145.6107874631,ACTUAL,VNSTOCK_BRONZE
VNM,LATEST,ratio,RT_LQD_CR,1.9388924972,ACTUAL,VNSTOCK_BRONZE
VNM,LATEST,ratio,RT_LQD_QR,1.5797358574,ACTUAL,VNSTOCK_BRONZE
VNM,LATEST,ratio,RT_LQD_CASH_RATIO,0.1155557428,ACTUAL,VNSTOCK_BRONZE
VNM,LATEST,ratio,RT_LEV_DE,0.5370593551,ACTUAL,VNSTOCK_BRONZE
VNM,LATEST,ratio,RT_LEV_LOAN_EQUITY,0.2691925286,ACTUAL,VNSTOCK_BRONZE
VNM,LATEST,ratio,RT_LEV_FINANCIAL_LEVERAGE,0.5370593551,ACTUAL,VNSTOCK_BRONZE
VNM,LATEST,ratio,RT_VALUE_PE,14.7193423833,ACTUAL,VNSTOCK_BRONZE
VNM,LATEST,ratio,RT_VALUE_PB,4.6874040107,ACTUAL,VNSTOCK_BRONZE
VNM,LATEST,ratio,RT_VALUE_PS,2.5455814178,ACTUAL,VNSTOCK_BRONZE
VNM,LATEST,ratio,RT_VALUE_P_CF,16.436765384,ACTUAL,VNSTOCK_BRONZE
VNM,LATEST,ratio,RT_VALUE_EV_EBITDA,11.8804437985,ACTUAL,VNSTOCK_BRONZE
VNM,LATEST,ratio,RT_VALUE_DIVIDEND_YIELD,3.9083558,ACTUAL,VNSTOCK_BRONZE
VNM,LATEST,ratio,RT_VALUE_MARKET_CAP,155074694019000.0,ACTUAL,VNSTOCK_BRONZE
VNM,LATEST,ratio,RT_VALUE_EBIT,11469340930326.0,ACTUAL,VNSTOCK_BRONZE
VNM,LATEST,ratio,RT_VALUE_EBITDA,13601560472712.0,ACTUAL,VNSTOCK_BRONZE
VNM,LATEST,ratio,RT_VALUE_EQUITY,0.0023801118,ACTUAL,VNSTOCK_BRONZE
VNM,LATEST,ratio,RT_VALUE_OUTSTANDING_SHARES,2089955445.0,ACTUAL,VNSTOCK_BRONZE
VNM,LATEST,ratio,RT_PRT_ROE,0.3097758808,ACTUAL,VNSTOCK_BRONZE
VNM,LATEST,ratio,RT_PRT_ROA,0.2057036036,ACTUAL,VNSTOCK_BRONZE
VNM,LATEST,ratio,RT_PRT_ROIC,0.2667673695,ACTUAL,VNSTOCK_BRONZE
VNM,LATEST,ratio,RT_PRT_GROSS_MARGIN,0.4403392256,ACTUAL,VNSTOCK_BRONZE
VNM,LATEST,ratio,RT_PRT_EBIT_MARGIN,0.1926813239,ACTUAL,VNSTOCK_BRONZE
VNM,LATEST,ratio,RT_PRT_PRE_TAX_MARGIN,0.2168180078,ACTUAL,VNSTOCK_BRONZE
VNM,LATEST,ratio,RT_PRT_NET_MARGIN,0.1790193593,ACTUAL,VNSTOCK_BRONZE
VNM,LATEST,ratio,RT_EFF_ATR,1.1637433006,ACTUAL,VNSTOCK_BRONZE
VNM,LATEST,ratio,RT_EFF_FATR,4.4324862468,ACTUAL,VNSTOCK_BRONZE
VNM,LATEST,ratio,RT_EFF_DSO,26.340917429,ACTUAL,VNSTOCK_BRONZE
VNM,LATEST,ratio,RT_EFF_DIO,67.8060147151,ACTUAL,VNSTOCK_BRONZE
VNM,LATEST,ratio,RT_EFF_DPO,42.9906419903,ACTUAL,VNSTOCK_BRONZE
VNM,LATEST,ratio,RT_EFF_CASH_CYCLE,145.6107874631,ACTUAL,VNSTOCK_BRONZE
VNM,LATEST,ratio,RT_LQD_CR,1.9388924972,ACTUAL,VNSTOCK_BRONZE
VNM,LATEST,ratio,RT_LQD_QR,1.5797358574,ACTUAL,VNSTOCK_BRONZE
VNM,LATEST,ratio,RT_LQD_CASH_RATIO,0.1155557428,ACTUAL,VNSTOCK_BRONZE
VNM,LATEST,ratio,RT_LEV_DE,0.5370593551,ACTUAL,VNSTOCK_BRONZE
VNM,LATEST,ratio,RT_LEV_LOAN_EQUITY,0.2691925286,ACTUAL,VNSTOCK_BRONZE
VNM,LATEST,ratio,RT_LEV_FINANCIAL_LEVERAGE,0.5370593551,ACTUAL,VNSTOCK_BRONZE
VNM,LATEST,ratio,RT_VALUE_PE,14.8186921785,ACTUAL,VNSTOCK_BRONZE
VNM,LATEST,ratio,RT_VALUE_PB,4.7059436427,ACTUAL,VNSTOCK_BRONZE
VNM,LATEST,ratio,RT_VALUE_PS,2.4595006587,ACTUAL,VNSTOCK_BRONZE
VNM,LATEST,ratio,RT_VALUE_P_CF,18.05875895,ACTUAL,VNSTOCK_BRONZE
VNM,LATEST,ratio,RT_VALUE_EV_EBITDA,11.911649141,ACTUAL,VNSTOCK_BRONZE
VNM,LATEST,ratio,RT_VALUE_DIVIDEND_YIELD,2.06896552,ACTUAL,VNSTOCK_BRONZE
VNM,LATEST,ratio,RT_VALUE_MARKET_CAP,151521769762500.0,ACTUAL,VNSTOCK_BRONZE
VNM,LATEST,ratio,RT_VALUE_EBIT,11760318662918.0,ACTUAL,VNSTOCK_BRONZE
VNM,LATEST,ratio,RT_VALUE_EBITDA,13881656397698.0,ACTUAL,VNSTOCK_BRONZE
VNM,LATEST,ratio,RT_VALUE_EQUITY,0.0021097841,ACTUAL,VNSTOCK_BRONZE
VNM,LATEST,ratio,RT_VALUE_OUTSTANDING_SHARES,2089955445.0,ACTUAL,VNSTOCK_BRONZE
VNM,LATEST,ratio,RT_PRT_ROE,0.3031049185,ACTUAL,VNSTOCK_BRONZE
VNM,LATEST,ratio,RT_PRT_ROA,0.2069962972,ACTUAL,VNSTOCK_BRONZE
VNM,LATEST,ratio,RT_PRT_ROIC,0.2595632465,ACTUAL,VNSTOCK_BRONZE
VNM,LATEST,ratio,RT_PRT_GROSS_MARGIN,0.4313634561,ACTUAL,VNSTOCK_BRONZE
VNM,LATEST,ratio,RT_PRT_EBIT_MARGIN,0.1930479299,ACTUAL,VNSTOCK_BRONZE
VNM,LATEST,ratio,RT_PRT_PRE_TAX_MARGIN,0.2121210217,ACTUAL,VNSTOCK_BRONZE
VNM,LATEST,ratio,RT_PRT_NET_MARGIN,0.1745351565,ACTUAL,VNSTOCK_BRONZE
VNM,LATEST,ratio,RT_EFF_ATR,1.197253166,ACTUAL,VNSTOCK_BRONZE
VNM,LATEST,ratio,RT_EFF_FATR,4.5872163153,ACTUAL,VNSTOCK_BRONZE
VNM,LATEST,ratio,RT_EFF_DSO,25.5878863972,ACTUAL,VNSTOCK_BRONZE
VNM,LATEST,ratio,RT_EFF_DIO,62.0259844593,ACTUAL,VNSTOCK_BRONZE
VNM,LATEST,ratio,RT_EFF_DPO,39.0546254806,ACTUAL,VNSTOCK_BRONZE
VNM,LATEST,ratio,RT_EFF_CASH_CYCLE,133.5604022321,ACTUAL,VNSTOCK_BRONZE
VNM,LATEST,ratio,RT_LQD_CR,2.1155981049,ACTUAL,VNSTOCK_BRONZE
VNM,LATEST,ratio,RT_LQD_QR,1.718779136,ACTUAL,VNSTOCK_BRONZE
VNM,LATEST,ratio,RT_LQD_CASH_RATIO,0.1376619552,ACTUAL,VNSTOCK_BRONZE
VNM,LATEST,ratio,RT_LEV_DE,0.4876494693,ACTUAL,VNSTOCK_BRONZE
VNM,LATEST,ratio,RT_LEV_LOAN_EQUITY,0.263820362,ACTUAL,VNSTOCK_BRONZE
VNM,LATEST,ratio,RT_LEV_FINANCIAL_LEVERAGE,0.4876494693,ACTUAL,VNSTOCK_BRONZE
VNM,LATEST,ratio,RT_VALUE_PE,16.2818989701,ACTUAL,VNSTOCK_BRONZE
VNM,LATEST,ratio,RT_VALUE_PB,4.5183639639,ACTUAL,VNSTOCK_BRONZE
VNM,LATEST,ratio,RT_VALUE_PS,2.535937108,ACTUAL,VNSTOCK_BRONZE
VNM,LATEST,ratio,RT_VALUE_P_CF,18.5313949354,ACTUAL,VNSTOCK_BRONZE
VNM,LATEST,ratio,RT_VALUE_EV_EBITDA,12.6578638266,ACTUAL,VNSTOCK_BRONZE
VNM,LATEST,ratio,RT_VALUE_DIVIDEND_YIELD,2.03252033,ACTUAL,VNSTOCK_BRONZE
VNM,LATEST,ratio,RT_VALUE_MARKET_CAP,154238711841000.0,ACTUAL,VNSTOCK_BRONZE
VNM,LATEST,ratio,RT_VALUE_EBIT,10682549889821.0,ACTUAL,VNSTOCK_BRONZE
VNM,LATEST,ratio,RT_VALUE_EBITDA,12813493688336.0,ACTUAL,VNSTOCK_BRONZE
VNM,LATEST,ratio,RT_VALUE_EQUITY,0.0020222338,ACTUAL,VNSTOCK_BRONZE
VNM,LATEST,ratio,RT_VALUE_OUTSTANDING_SHARES,2089955445.0,ACTUAL,VNSTOCK_BRONZE
VNM,LATEST,ratio,RT_PRT_ROE,0.2676677735,ACTUAL,VNSTOCK_BRONZE
VNM,LATEST,ratio,RT_PRT_ROA,0.1784840912,ACTUAL,VNSTOCK_BRONZE
VNM,LATEST,ratio,RT_PRT_ROIC,0.2292579236,ACTUAL,VNSTOCK_BRONZE
VNM,LATEST,ratio,RT_PRT_GROSS_MARGIN,0.4171330331,ACTUAL,VNSTOCK_BRONZE
VNM,LATEST,ratio,RT_PRT_EBIT_MARGIN,0.1756386211,ACTUAL,VNSTOCK_BRONZE
VNM,LATEST,ratio,RT_PRT_PRE_TAX_MARGIN,0.1909704438,ACTUAL,VNSTOCK_BRONZE
VNM,LATEST,ratio,RT_PRT_NET_MARGIN,0.1571642119,ACTUAL,VNSTOCK_BRONZE
VNM,LATEST,ratio,RT_EFF_ATR,1.1462834709,ACTUAL,VNSTOCK_BRONZE
VNM,LATEST,ratio,RT_EFF_FATR,4.8189656008,ACTUAL,VNSTOCK_BRONZE
VNM,LATEST,ratio,RT_EFF_DSO,27.0352096194,ACTUAL,VNSTOCK_BRONZE
VNM,LATEST,ratio,RT_EFF_DIO,72.2055527282,ACTUAL,VNSTOCK_BRONZE
VNM,LATEST,ratio,RT_EFF_DPO,40.7359951479,ACTUAL,VNSTOCK_BRONZE
VNM,LATEST,ratio,RT_EFF_CASH_CYCLE,148.6068064141,ACTUAL,VNSTOCK_BRONZE
VNM,LATEST,ratio,RT_LQD_CR,2.215261876,ACTUAL,VNSTOCK_BRONZE
VNM,LATEST,ratio,RT_LQD_QR,1.788914922,ACTUAL,VNSTOCK_BRONZE
VNM,LATEST,ratio,RT_LQD_CASH_RATIO,0.2708834369,ACTUAL,VNSTOCK_BRONZE
VNM,LATEST,ratio,RT_LEV_DE,0.4622872603,ACTUAL,VNSTOCK_BRONZE
VNM,LATEST,ratio,RT_LEV_LOAN_EQUITY,0.2654956836,ACTUAL,VNSTOCK_BRONZE
VNM,LATEST,ratio,RT_LEV_FINANCIAL_LEVERAGE,0.4622872603,ACTUAL,VNSTOCK_BRONZE
VNM,LATEST,ratio,RT_VALUE_PE,19.0436980473,ACTUAL,VNSTOCK_BRONZE
VNM,LATEST,ratio,RT_VALUE_PB,5.4092080277,ACTUAL,VNSTOCK_BRONZE
VNM,LATEST,ratio,RT_VALUE_PS,2.7748272534,ACTUAL,VNSTOCK_BRONZE
VNM,LATEST,ratio,RT_VALUE_P_CF,19.810715747,ACTUAL,VNSTOCK_BRONZE
VNM,LATEST,ratio,RT_VALUE_EV_EBITDA,14.5222950668,ACTUAL,VNSTOCK_BRONZE
VNM,LATEST,ratio,RT_VALUE_DIVIDEND_YIELD,3.59801489,ACTUAL,VNSTOCK_BRONZE
VNM,LATEST,ratio,RT_VALUE_MARKET_CAP,168450408867000.0,ACTUAL,VNSTOCK_BRONZE
VNM,LATEST,ratio,RT_VALUE_EBIT,10129162848641.0,ACTUAL,VNSTOCK_BRONZE
VNM,LATEST,ratio,RT_VALUE_EBITDA,12240678940735.0,ACTUAL,VNSTOCK_BRONZE
VNM,LATEST,ratio,RT_VALUE_EQUITY,0.0021149686,ACTUAL,VNSTOCK_BRONZE
VNM,LATEST,ratio,RT_VALUE_OUTSTANDING_SHARES,2089955445.0,ACTUAL,VNSTOCK_BRONZE
VNM,LATEST,ratio,RT_PRT_ROE,0.2499897722,ACTUAL,VNSTOCK_BRONZE
VNM,LATEST,ratio,RT_PRT_ROA,0.1673445075,ACTUAL,VNSTOCK_BRONZE
VNM,LATEST,ratio,RT_PRT_ROIC,0.2338131222,ACTUAL,VNSTOCK_BRONZE
VNM,LATEST,ratio,RT_PRT_GROSS_MARGIN,0.4081425743,ACTUAL,VNSTOCK_BRONZE
VNM,LATEST,ratio,RT_PRT_EBIT_MARGIN,0.1668543123,ACTUAL,VNSTOCK_BRONZE
VNM,LATEST,ratio,RT_PRT_PRE_TAX_MARGIN,0.17935981,ACTUAL,VNSTOCK_BRONZE
VNM,LATEST,ratio,RT_PRT_NET_MARGIN,0.1469536443,ACTUAL,VNSTOCK_BRONZE
VNM,LATEST,ratio,RT_EFF_ATR,1.1488219881,ACTUAL,VNSTOCK_BRONZE
VNM,LATEST,ratio,RT_EFF_FATR,4.9139334597,ACTUAL,VNSTOCK_BRONZE
VNM,LATEST,ratio,RT_EFF_DSO,27.2242863968,ACTUAL,VNSTOCK_BRONZE
VNM,LATEST,ratio,RT_EFF_DIO,69.6746736103,ACTUAL,VNSTOCK_BRONZE
VNM,LATEST,ratio,RT_EFF_DPO,39.3434586476,ACTUAL,VNSTOCK_BRONZE
VNM,LATEST,ratio,RT_EFF_CASH_CYCLE,144.5445475385,ACTUAL,VNSTOCK_BRONZE
VNM,LATEST,ratio,RT_LQD_CR,2.023950751,ACTUAL,VNSTOCK_BRONZE
VNM,LATEST,ratio,RT_LQD_QR,1.6837740864,ACTUAL,VNSTOCK_BRONZE
VNM,LATEST,ratio,RT_LQD_CASH_RATIO,0.1689328118,ACTUAL,VNSTOCK_BRONZE
VNM,LATEST,ratio,RT_LEV_DE,0.5128034634,ACTUAL,VNSTOCK_BRONZE
VNM,LATEST,ratio,RT_LEV_LOAN_EQUITY,0.2800237875,ACTUAL,VNSTOCK_BRONZE
VNM,LATEST,ratio,RT_LEV_FINANCIAL_LEVERAGE,0.5128034634,ACTUAL,VNSTOCK_BRONZE
VNM,LATEST,ratio,RT_VALUE_PE,17.8609931885,ACTUAL,VNSTOCK_BRONZE
VNM,LATEST,ratio,RT_VALUE_PB,5.0972727692,ACTUAL,VNSTOCK_BRONZE
VNM,LATEST,ratio,RT_VALUE_PS,2.5376631045,ACTUAL,VNSTOCK_BRONZE
VNM,LATEST,ratio,RT_VALUE_P_CF,17.2312149127,ACTUAL,VNSTOCK_BRONZE
VNM,LATEST,ratio,RT_VALUE_EV_EBITDA,13.6269921799,ACTUAL,VNSTOCK_BRONZE
VNM,LATEST,ratio,RT_VALUE_DIVIDEND_YIELD,3.983516480000001,ACTUAL,VNSTOCK_BRONZE
VNM,LATEST,ratio,RT_VALUE_MARKET_CAP,152148756396000.0,ACTUAL,VNSTOCK_BRONZE
VNM,LATEST,ratio,RT_VALUE_EBIT,9753173578758.0,ACTUAL,VNSTOCK_BRONZE
VNM,LATEST,ratio,RT_VALUE_EBITDA,11848623437435.0,ACTUAL,VNSTOCK_BRONZE
VNM,LATEST,ratio,RT_VALUE_EQUITY,0.0020120576,ACTUAL,VNSTOCK_BRONZE
VNM,LATEST,ratio,RT_VALUE_OUTSTANDING_SHARES,2089955445.0,ACTUAL,VNSTOCK_BRONZE
VNM,LATEST,ratio,RT_PRT_ROE,0.2480396481,ACTUAL,VNSTOCK_BRONZE
VNM,LATEST,ratio,RT_PRT_ROA,0.1672841533,ACTUAL,VNSTOCK_BRONZE
VNM,LATEST,ratio,RT_PRT_ROIC,0.2583644252,ACTUAL,VNSTOCK_BRONZE
VNM,LATEST,ratio,RT_PRT_GROSS_MARGIN,0.3985778401,ACTUAL,VNSTOCK_BRONZE
VNM,LATEST,ratio,RT_PRT_EBIT_MARGIN,0.1626715152,ACTUAL,VNSTOCK_BRONZE
VNM,LATEST,ratio,RT_PRT_PRE_TAX_MARGIN,0.1750532291,ACTUAL,VNSTOCK_BRONZE
VNM,LATEST,ratio,RT_PRT_NET_MARGIN,0.1430639128,ACTUAL,VNSTOCK_BRONZE
VNM,LATEST,ratio,RT_EFF_ATR,1.1777480203,ACTUAL,VNSTOCK_BRONZE
VNM,LATEST,ratio,RT_EFF_FATR,4.872549317,ACTUAL,VNSTOCK_BRONZE
VNM,LATEST,ratio,RT_EFF_DSO,27.4001787619,ACTUAL,VNSTOCK_BRONZE
VNM,LATEST,ratio,RT_EFF_DIO,62.6603263695,ACTUAL,VNSTOCK_BRONZE
VNM,LATEST,ratio,RT_EFF_DPO,43.0098651625,ACTUAL,VNSTOCK_BRONZE
VNM,LATEST,ratio,RT_EFF_CASH_CYCLE,141.6063322155,ACTUAL,VNSTOCK_BRONZE
VNM,LATEST,ratio,RT_LQD_CR,2.0616350885,ACTUAL,VNSTOCK_BRONZE
VNM,LATEST,ratio,RT_LQD_QR,1.6999019846,ACTUAL,VNSTOCK_BRONZE
VNM,LATEST,ratio,RT_LQD_CASH_RATIO,0.150316128,ACTUAL,VNSTOCK_BRONZE
VNM,LATEST,ratio,RT_LEV_DE,0.4773859832,ACTUAL,VNSTOCK_BRONZE
VNM,LATEST,ratio,RT_LEV_LOAN_EQUITY,0.1503254706,ACTUAL,VNSTOCK_BRONZE
VNM,LATEST,ratio,RT_LEV_FINANCIAL_LEVERAGE,0.4773859832,ACTUAL,VNSTOCK_BRONZE
VNM,LATEST,ratio,RT_VALUE_PE,18.9419836319,ACTUAL,VNSTOCK_BRONZE
VNM,LATEST,ratio,RT_VALUE_PB,4.8763165168,ACTUAL,VNSTOCK_BRONZE
VNM,LATEST,ratio,RT_VALUE_PS,2.5603314036,ACTUAL,VNSTOCK_BRONZE
VNM,LATEST,ratio,RT_VALUE_P_CF,17.4284890626,ACTUAL,VNSTOCK_BRONZE
VNM,LATEST,ratio,RT_VALUE_EV_EBITDA,14.3124085979,ACTUAL,VNSTOCK_BRONZE
VNM,LATEST,ratio,RT_VALUE_DIVIDEND_YIELD,0.0,ACTUAL,VNSTOCK_BRONZE
VNM,LATEST,ratio,RT_VALUE_MARKET_CAP,153611725207500.0,ACTUAL,VNSTOCK_BRONZE
VNM,LATEST,ratio,RT_VALUE_EBIT,9200684546899.0,ACTUAL,VNSTOCK_BRONZE
VNM,LATEST,ratio,RT_VALUE_EBITDA,11288070587267.0,ACTUAL,VNSTOCK_BRONZE
VNM,LATEST,ratio,RT_VALUE_EQUITY,0.0017691571,ACTUAL,VNSTOCK_BRONZE
VNM,LATEST,ratio,RT_VALUE_OUTSTANDING_SHARES,2089955445.0,ACTUAL,VNSTOCK_BRONZE
VNM,LATEST,ratio,RT_PRT_ROE,0.2560961971,ACTUAL,VNSTOCK_BRONZE
VNM,LATEST,ratio,RT_PRT_ROA,0.1599143486,ACTUAL,VNSTOCK_BRONZE
VNM,LATEST,ratio,RT_PRT_ROIC,0.2219142148,ACTUAL,VNSTOCK_BRONZE
VNM,LATEST,ratio,RT_PRT_GROSS_MARGIN,0.3945285235,ACTUAL,VNSTOCK_BRONZE
VNM,LATEST,ratio,RT_PRT_EBIT_MARGIN,0.1533528873,ACTUAL,VNSTOCK_BRONZE
VNM,LATEST,ratio,RT_PRT_PRE_TAX_MARGIN,0.1673960487,ACTUAL,VNSTOCK_BRONZE
VNM,LATEST,ratio,RT_PRT_NET_MARGIN,0.1366820438,ACTUAL,VNSTOCK_BRONZE
VNM,LATEST,ratio,RT_EFF_ATR,1.1834302008,ACTUAL,VNSTOCK_BRONZE
VNM,LATEST,ratio,RT_EFF_FATR,4.9942481562,ACTUAL,VNSTOCK_BRONZE
VNM,LATEST,ratio,RT_EFF_DSO,28.5099473558,ACTUAL,VNSTOCK_BRONZE
VNM,LATEST,ratio,RT_EFF_DIO,63.2910154864,ACTUAL,VNSTOCK_BRONZE
VNM,LATEST,ratio,RT_EFF_DPO,40.3373891301,ACTUAL,VNSTOCK_BRONZE
VNM,LATEST,ratio,RT_EFF_CASH_CYCLE,141.014460907,ACTUAL,VNSTOCK_BRONZE
VNM,LATEST,ratio,RT_LQD_CR,2.2484117827,ACTUAL,VNSTOCK_BRONZE
VNM,LATEST,ratio,RT_LQD_QR,1.7830663719,ACTUAL,VNSTOCK_BRONZE
VNM,LATEST,ratio,RT_LQD_CASH_RATIO,0.1396705538,ACTUAL,VNSTOCK_BRONZE
VNM,LATEST,ratio,RT_LEV_DE,0.4275416585,ACTUAL,VNSTOCK_BRONZE
VNM,LATEST,ratio,RT_LEV_LOAN_EQUITY,0.2013988538,ACTUAL,VNSTOCK_BRONZE
VNM,LATEST,ratio,RT_LEV_FINANCIAL_LEVERAGE,0.4275416585,ACTUAL,VNSTOCK_BRONZE
VNM,LATEST,ratio,RT_VALUE_PE,19.1833348698,ACTUAL,VNSTOCK_BRONZE
VNM,LATEST,ratio,RT_VALUE_PB,4.71466757,ACTUAL,VNSTOCK_BRONZE
VNM,LATEST,ratio,RT_VALUE_PS,2.6184544845,ACTUAL,VNSTOCK_BRONZE
VNM,LATEST,ratio,RT_VALUE_P_CF,16.9025104331,ACTUAL,VNSTOCK_BRONZE
VNM,LATEST,ratio,RT_VALUE_EV_EBITDA,14.518348193,ACTUAL,VNSTOCK_BRONZE
VNM,LATEST,ratio,RT_VALUE_DIVIDEND_YIELD,1.98675497,ACTUAL,VNSTOCK_BRONZE
VNM,LATEST,ratio,RT_VALUE_MARKET_CAP,157791636097500.0,ACTUAL,VNSTOCK_BRONZE
VNM,LATEST,ratio,RT_VALUE_EBIT,9337103875324.0,ACTUAL,VNSTOCK_BRONZE
VNM,LATEST,ratio,RT_VALUE_EBITDA,11420616979783.0,ACTUAL,VNSTOCK_BRONZE
VNM,LATEST,ratio,RT_VALUE_EQUITY,0.0076217242,ACTUAL,VNSTOCK_BRONZE
VNM,LATEST,ratio,RT_VALUE_OUTSTANDING_SHARES,2089955445.0,ACTUAL,VNSTOCK_BRONZE
VNM,LATEST,ratio,RT_PRT_ROE,0.2611320803,ACTUAL,VNSTOCK_BRONZE
VNM,LATEST,ratio,RT_PRT_ROA,0.1645303702,ACTUAL,VNSTOCK_BRONZE
VNM,LATEST,ratio,RT_PRT_ROIC,0.2168010854,ACTUAL,VNSTOCK_BRONZE
VNM,LATEST,ratio,RT_PRT_GROSS_MARGIN,0.3940167508,ACTUAL,VNSTOCK_BRONZE
VNM,LATEST,ratio,RT_PRT_EBIT_MARGIN,0.1549434566,ACTUAL,VNSTOCK_BRONZE
VNM,LATEST,ratio,RT_PRT_PRE_TAX_MARGIN,0.1691825388,ACTUAL,VNSTOCK_BRONZE
VNM,LATEST,ratio,RT_PRT_NET_MARGIN,0.1381876817,ACTUAL,VNSTOCK_BRONZE
VNM,LATEST,ratio,RT_EFF_ATR,1.2057328538,ACTUAL,VNSTOCK_BRONZE
VNM,LATEST,ratio,RT_EFF_FATR,5.0631496571,ACTUAL,VNSTOCK_BRONZE
VNM,LATEST,ratio,RT_EFF_DSO,28.2419378479,ACTUAL,VNSTOCK_BRONZE
VNM,LATEST,ratio,RT_EFF_DIO,61.0475164828,ACTUAL,VNSTOCK_BRONZE
VNM,LATEST,ratio,RT_EFF_DPO,39.4280124164,ACTUAL,VNSTOCK_BRONZE
VNM,LATEST,ratio,RT_EFF_CASH_CYCLE,137.8252262627,ACTUAL,VNSTOCK_BRONZE
VNM,LATEST,ratio,RT_LQD_CR,2.4306198401,ACTUAL,VNSTOCK_BRONZE
VNM,LATEST,ratio,RT_LQD_QR,1.9707499066,ACTUAL,VNSTOCK_BRONZE
VNM,LATEST,ratio,RT_LQD_CASH_RATIO,0.1152362732,ACTUAL,VNSTOCK_BRONZE
VNM,LATEST,ratio,RT_LEV_DE,0.3903085829,ACTUAL,VNSTOCK_BRONZE
VNM,LATEST,ratio,RT_LEV_LOAN_EQUITY,0.1747830956,ACTUAL,VNSTOCK_BRONZE
VNM,LATEST,ratio,RT_LEV_FINANCIAL_LEVERAGE,0.3903085829,ACTUAL,VNSTOCK_BRONZE
VNM,LATEST,ratio,RT_VALUE_PE,16.6860251358,ACTUAL,VNSTOCK_BRONZE
VNM,LATEST,ratio,RT_VALUE_PB,4.5813868943,ACTUAL,VNSTOCK_BRONZE
VNM,LATEST,ratio,RT_VALUE_PS,2.3478382524,ACTUAL,VNSTOCK_BRONZE
VNM,LATEST,ratio,RT_VALUE_P_CF,15.5370639538,ACTUAL,VNSTOCK_BRONZE
VNM,LATEST,ratio,RT_VALUE_EV_EBITDA,12.5893649932,ACTUAL,VNSTOCK_BRONZE
VNM,LATEST,ratio,RT_VALUE_DIVIDEND_YIELD,4.31547619,ACTUAL,VNSTOCK_BRONZE
VNM,LATEST,ratio,RT_VALUE_MARKET_CAP,140445005904000.0,ACTUAL,VNSTOCK_BRONZE
VNM,LATEST,ratio,RT_VALUE_EBIT,9388899789735.0,ACTUAL,VNSTOCK_BRONZE
VNM,LATEST,ratio,RT_VALUE_EBITDA,11444085780622.0,ACTUAL,VNSTOCK_BRONZE
VNM,LATEST,ratio,RT_VALUE_EQUITY,0.008319966,ACTUAL,VNSTOCK_BRONZE
VNM,LATEST,ratio,RT_VALUE_OUTSTANDING_SHARES,2089955445.0,ACTUAL,VNSTOCK_BRONZE
VNM,LATEST,ratio,RT_PRT_ROE,0.2683231232,ACTUAL,VNSTOCK_BRONZE
VNM,LATEST,ratio,RT_PRT_ROA,0.1652940392,ACTUAL,VNSTOCK_BRONZE
VNM,LATEST,ratio,RT_PRT_ROIC,0.2281079323,ACTUAL,VNSTOCK_BRONZE
VNM,LATEST,ratio,RT_PRT_GROSS_MARGIN,0.4003537972,ACTUAL,VNSTOCK_BRONZE
VNM,LATEST,ratio,RT_PRT_EBIT_MARGIN,0.1569555139,ACTUAL,VNSTOCK_BRONZE
VNM,LATEST,ratio,RT_PRT_PRE_TAX_MARGIN,0.1740433898,ACTUAL,VNSTOCK_BRONZE
VNM,LATEST,ratio,RT_PRT_NET_MARGIN,0.1427270654,ACTUAL,VNSTOCK_BRONZE
VNM,LATEST,ratio,RT_EFF_ATR,1.174740419,ACTUAL,VNSTOCK_BRONZE
VNM,LATEST,ratio,RT_EFF_FATR,5.0189057609,ACTUAL,VNSTOCK_BRONZE
VNM,LATEST,ratio,RT_EFF_DSO,28.2681798652,ACTUAL,VNSTOCK_BRONZE
VNM,LATEST,ratio,RT_EFF_DIO,61.9728346774,ACTUAL,VNSTOCK_BRONZE
VNM,LATEST,ratio,RT_EFF_DPO,40.5876207047,ACTUAL,VNSTOCK_BRONZE
VNM,LATEST,ratio,RT_EFF_CASH_CYCLE,140.1232090381,ACTUAL,VNSTOCK_BRONZE
VNM,LATEST,ratio,RT_LQD_CR,1.8471276117,ACTUAL,VNSTOCK_BRONZE
VNM,LATEST,ratio,RT_LQD_QR,1.5678158261,ACTUAL,VNSTOCK_BRONZE
VNM,LATEST,ratio,RT_LQD_CASH_RATIO,0.3371073311,ACTUAL,VNSTOCK_BRONZE
VNM,LATEST,ratio,RT_LEV_DE,0.6165436147,ACTUAL,VNSTOCK_BRONZE
VNM,LATEST,ratio,RT_LEV_LOAN_EQUITY,0.2104762221,ACTUAL,VNSTOCK_BRONZE
VNM,LATEST,ratio,RT_LEV_FINANCIAL_LEVERAGE,0.6165436147,ACTUAL,VNSTOCK_BRONZE
VNM,LATEST,ratio,RT_VALUE_PE,15.7091475042,ACTUAL,VNSTOCK_BRONZE
VNM,LATEST,ratio,RT_VALUE_PB,4.3979191434,ACTUAL,VNSTOCK_BRONZE
VNM,LATEST,ratio,RT_VALUE_PS,2.309135869,ACTUAL,VNSTOCK_BRONZE
VNM,LATEST,ratio,RT_VALUE_P_CF,17.6737089215,ACTUAL,VNSTOCK_BRONZE
VNM,LATEST,ratio,RT_VALUE_EV_EBITDA,12.0948382926,ACTUAL,VNSTOCK_BRONZE
VNM,LATEST,ratio,RT_VALUE_DIVIDEND_YIELD,4.34782609,ACTUAL,VNSTOCK_BRONZE
VNM,LATEST,ratio,RT_VALUE_MARKET_CAP,139400028181500.0,ACTUAL,VNSTOCK_BRONZE
VNM,LATEST,ratio,RT_VALUE_EBIT,9771019375334.0,ACTUAL,VNSTOCK_BRONZE
VNM,LATEST,ratio,RT_VALUE_EBITDA,11825606239806.0,ACTUAL,VNSTOCK_BRONZE
VNM,LATEST,ratio,RT_VALUE_EQUITY,0.0068085941,ACTUAL,VNSTOCK_BRONZE
VNM,LATEST,ratio,RT_VALUE_OUTSTANDING_SHARES,2089955445.0,ACTUAL,VNSTOCK_BRONZE
VNM,LATEST,ratio,RT_PRT_ROE,0.2883642068,ACTUAL,VNSTOCK_BRONZE
VNM,LATEST,ratio,RT_PRT_ROA,0.1754480074,ACTUAL,VNSTOCK_BRONZE
VNM,LATEST,ratio,RT_PRT_ROIC,0.224714239,ACTUAL,VNSTOCK_BRONZE
VNM,LATEST,ratio,RT_PRT_GROSS_MARGIN,0.4065789721,ACTUAL,VNSTOCK_BRONZE
VNM,LATEST,ratio,RT_PRT_EBIT_MARGIN,0.1618551417,ACTUAL,VNSTOCK_BRONZE
VNM,LATEST,ratio,RT_PRT_PRE_TAX_MARGIN,0.1816812394,ACTUAL,VNSTOCK_BRONZE
VNM,LATEST,ratio,RT_PRT_NET_MARGIN,0.1494039455,ACTUAL,VNSTOCK_BRONZE
VNM,LATEST,ratio,RT_EFF_ATR,1.1935801024,ACTUAL,VNSTOCK_BRONZE
VNM,LATEST,ratio,RT_EFF_FATR,4.9094668502,ACTUAL,VNSTOCK_BRONZE
VNM,LATEST,ratio,RT_EFF_DSO,28.5442929162,ACTUAL,VNSTOCK_BRONZE
VNM,LATEST,ratio,RT_EFF_DIO,59.7365769092,ACTUAL,VNSTOCK_BRONZE
VNM,LATEST,ratio,RT_EFF_DPO,41.2133044347,ACTUAL,VNSTOCK_BRONZE
VNM,LATEST,ratio,RT_EFF_CASH_CYCLE,138.8236950976,ACTUAL,VNSTOCK_BRONZE
VNM,LATEST,ratio,RT_LQD_CR,2.0967693373,ACTUAL,VNSTOCK_BRONZE
VNM,LATEST,ratio,RT_LQD_QR,1.7392109817,ACTUAL,VNSTOCK_BRONZE
VNM,LATEST,ratio,RT_LQD_CASH_RATIO,0.1699791775,ACTUAL,VNSTOCK_BRONZE
VNM,LATEST,ratio,RT_LEV_DE,0.503847326,ACTUAL,VNSTOCK_BRONZE
VNM,LATEST,ratio,RT_LEV_LOAN_EQUITY,0.2414290844,ACTUAL,VNSTOCK_BRONZE
VNM,LATEST,ratio,RT_LEV_FINANCIAL_LEVERAGE,0.503847326,ACTUAL,VNSTOCK_BRONZE
VNM,LATEST,ratio,RT_VALUE_PE,15.0421043003,ACTUAL,VNSTOCK_BRONZE
VNM,LATEST,ratio,RT_VALUE_PB,4.3499499066,ACTUAL,VNSTOCK_BRONZE
VNM,LATEST,ratio,RT_VALUE_PS,2.2879347942,ACTUAL,VNSTOCK_BRONZE
VNM,LATEST,ratio,RT_VALUE_P_CF,15.9890499528,ACTUAL,VNSTOCK_BRONZE
VNM,LATEST,ratio,RT_VALUE_EV_EBITDA,11.9049503625,ACTUAL,VNSTOCK_BRONZE
VNM,LATEST,ratio,RT_VALUE_DIVIDEND_YIELD,0.0,ACTUAL,VNSTOCK_BRONZE
VNM,LATEST,ratio,RT_VALUE_MARKET_CAP,138564046003500.0,ACTUAL,VNSTOCK_BRONZE
VNM,LATEST,ratio,RT_VALUE_EBIT,10124260092826.0,ACTUAL,VNSTOCK_BRONZE
VNM,LATEST,ratio,RT_VALUE_EBITDA,12399703234105.0,ACTUAL,VNSTOCK_BRONZE
VNM,LATEST,ratio,RT_VALUE_EQUITY,0.0059052928,ACTUAL,VNSTOCK_BRONZE
VNM,LATEST,ratio,RT_VALUE_OUTSTANDING_SHARES,2089955445.0,ACTUAL,VNSTOCK_BRONZE
VNM,LATEST,ratio,RT_PRT_ROE,0.2886003076,ACTUAL,VNSTOCK_BRONZE
VNM,LATEST,ratio,RT_PRT_ROA,0.1752419785,ACTUAL,VNSTOCK_BRONZE
VNM,LATEST,ratio,RT_PRT_ROIC,0.2371230407,ACTUAL,VNSTOCK_BRONZE
VNM,LATEST,ratio,RT_PRT_GROSS_MARGIN,0.4137551588,ACTUAL,VNSTOCK_BRONZE
VNM,LATEST,ratio,RT_PRT_EBIT_MARGIN,0.1671692448,ACTUAL,VNSTOCK_BRONZE
VNM,LATEST,ratio,RT_PRT_PRE_TAX_MARGIN,0.1876014329,ACTUAL,VNSTOCK_BRONZE
VNM,LATEST,ratio,RT_PRT_NET_MARGIN,0.1538913388,ACTUAL,VNSTOCK_BRONZE
VNM,LATEST,ratio,RT_EFF_ATR,1.1521342851,ACTUAL,VNSTOCK_BRONZE
VNM,LATEST,ratio,RT_EFF_FATR,4.9399013111,ACTUAL,VNSTOCK_BRONZE
VNM,LATEST,ratio,RT_EFF_DSO,27.7382832135,ACTUAL,VNSTOCK_BRONZE
VNM,LATEST,ratio,RT_EFF_DIO,64.3645887736,ACTUAL,VNSTOCK_BRONZE
VNM,LATEST,ratio,RT_EFF_DPO,37.489483467,ACTUAL,VNSTOCK_BRONZE
VNM,LATEST,ratio,RT_EFF_CASH_CYCLE,138.4248561867,ACTUAL,VNSTOCK_BRONZE
VNM,LATEST,ratio,RT_LQD_CR,2.2893310674,ACTUAL,VNSTOCK_BRONZE
VNM,LATEST,ratio,RT_LQD_QR,1.8459789079,ACTUAL,VNSTOCK_BRONZE
VNM,LATEST,ratio,RT_LQD_CASH_RATIO,0.1170020534,ACTUAL,VNSTOCK_BRONZE
VNM,LATEST,ratio,RT_LEV_DE,0.4401265559,ACTUAL,VNSTOCK_BRONZE
VNM,LATEST,ratio,RT_LEV_LOAN_EQUITY,0.1903846932,ACTUAL,VNSTOCK_BRONZE
VNM,LATEST,ratio,RT_LEV_FINANCIAL_LEVERAGE,0.4401265559,ACTUAL,VNSTOCK_BRONZE
VNM,LATEST,ratio,RT_VALUE_PE,14.5036724164,ACTUAL,VNSTOCK_BRONZE
VNM,LATEST,ratio,RT_VALUE_PB,4.0891076892,ACTUAL,VNSTOCK_BRONZE
VNM,LATEST,ratio,RT_VALUE_PS,2.2643692362,ACTUAL,VNSTOCK_BRONZE
VNM,LATEST,ratio,RT_VALUE_P_CF,16.2304329967,ACTUAL,VNSTOCK_BRONZE
VNM,LATEST,ratio,RT_VALUE_EV_EBITDA,11.6997178552,ACTUAL,VNSTOCK_BRONZE
VNM,LATEST,ratio,RT_VALUE_DIVIDEND_YIELD,2.23214286,ACTUAL,VNSTOCK_BRONZE
VNM,LATEST,ratio,RT_VALUE_MARKET_CAP,140445005904000.0,ACTUAL,VNSTOCK_BRONZE
VNM,LATEST,ratio,RT_VALUE_EBIT,10641249664129.0,ACTUAL,VNSTOCK_BRONZE
VNM,LATEST,ratio,RT_VALUE_EBITDA,12924710671414.0,ACTUAL,VNSTOCK_BRONZE
VNM,LATEST,ratio,RT_VALUE_EQUITY,0.0047835466,ACTUAL,VNSTOCK_BRONZE
VNM,LATEST,ratio,RT_VALUE_OUTSTANDING_SHARES,2089955445.0,ACTUAL,VNSTOCK_BRONZE
VNM,LATEST,ratio,RT_PRT_ROE,0.3013055891,ACTUAL,VNSTOCK_BRONZE
VNM,LATEST,ratio,RT_PRT_ROA,0.1814318619,ACTUAL,VNSTOCK_BRONZE
VNM,LATEST,ratio,RT_PRT_ROIC,0.2297574228,ACTUAL,VNSTOCK_BRONZE
VNM,LATEST,ratio,RT_PRT_GROSS_MARGIN,0.4187991148,ACTUAL,VNSTOCK_BRONZE
VNM,LATEST,ratio,RT_PRT_EBIT_MARGIN,0.1715669291,ACTUAL,VNSTOCK_BRONZE
VNM,LATEST,ratio,RT_PRT_PRE_TAX_MARGIN,0.1925441353,ACTUAL,VNSTOCK_BRONZE
VNM,LATEST,ratio,RT_PRT_NET_MARGIN,0.1577927029,ACTUAL,VNSTOCK_BRONZE
VNM,LATEST,ratio,RT_EFF_ATR,1.1621021205,ACTUAL,VNSTOCK_BRONZE
VNM,LATEST,ratio,RT_EFF_FATR,5.0106083215,ACTUAL,VNSTOCK_BRONZE
VNM,LATEST,ratio,RT_EFF_DSO,28.0119659689,ACTUAL,VNSTOCK_BRONZE
VNM,LATEST,ratio,RT_EFF_DIO,63.9141572499,ACTUAL,VNSTOCK_BRONZE
VNM,LATEST,ratio,RT_EFF_DPO,37.5389256581,ACTUAL,VNSTOCK_BRONZE
VNM,LATEST,ratio,RT_EFF_CASH_CYCLE,137.4548805134,ACTUAL,VNSTOCK_BRONZE
VNM,LATEST,ratio,RT_LQD_CR,2.4236843095,ACTUAL,VNSTOCK_BRONZE
VNM,LATEST,ratio,RT_LQD_QR,2.0001214223,ACTUAL,VNSTOCK_BRONZE
VNM,LATEST,ratio,RT_LQD_CASH_RATIO,0.0778928284,ACTUAL,VNSTOCK_BRONZE
VNM,LATEST,ratio,RT_LEV_DE,0.4136036162,ACTUAL,VNSTOCK_BRONZE
VNM,LATEST,ratio,RT_LEV_LOAN_EQUITY,0.2080916683,ACTUAL,VNSTOCK_BRONZE
VNM,LATEST,ratio,RT_LEV_FINANCIAL_LEVERAGE,0.4136036162,ACTUAL,VNSTOCK_BRONZE
VNM,LATEST,ratio,RT_VALUE_PE,13.4179901633,ACTUAL,VNSTOCK_BRONZE
VNM,LATEST,ratio,RT_VALUE_PB,4.1038192243,ACTUAL,VNSTOCK_BRONZE
VNM,LATEST,ratio,RT_VALUE_PS,2.0790120337,ACTUAL,VNSTOCK_BRONZE
VNM,LATEST,ratio,RT_VALUE_P_CF,14.5050928773,ACTUAL,VNSTOCK_BRONZE
VNM,LATEST,ratio,RT_VALUE_EV_EBITDA,10.7323355446,ACTUAL,VNSTOCK_BRONZE
VNM,LATEST,ratio,RT_VALUE_DIVIDEND_YIELD,3.24675325,ACTUAL,VNSTOCK_BRONZE
VNM,LATEST,ratio,RT_VALUE_MARKET_CAP,128741255412000.0,ACTUAL,VNSTOCK_BRONZE
VNM,LATEST,ratio,RT_VALUE_EBIT,10544331237086.0,ACTUAL,VNSTOCK_BRONZE
VNM,LATEST,ratio,RT_VALUE_EBITDA,12900036387813.0,ACTUAL,VNSTOCK_BRONZE
VNM,LATEST,ratio,RT_VALUE_EQUITY,0.0044775792,ACTUAL,VNSTOCK_BRONZE
VNM,LATEST,ratio,RT_VALUE_OUTSTANDING_SHARES,2089955445.0,ACTUAL,VNSTOCK_BRONZE
VNM,LATEST,ratio,RT_PRT_ROE,0.2968920579,ACTUAL,VNSTOCK_BRONZE
VNM,LATEST,ratio,RT_PRT_ROA,0.177516218,ACTUAL,VNSTOCK_BRONZE
VNM,LATEST,ratio,RT_PRT_ROIC,0.2413244875,ACTUAL,VNSTOCK_BRONZE
VNM,LATEST,ratio,RT_PRT_GROSS_MARGIN,0.4169949475,ACTUAL,VNSTOCK_BRONZE
VNM,LATEST,ratio,RT_PRT_EBIT_MARGIN,0.1702779071,ACTUAL,VNSTOCK_BRONZE
VNM,LATEST,ratio,RT_PRT_PRE_TAX_MARGIN,0.1906902397,ACTUAL,VNSTOCK_BRONZE
VNM,LATEST,ratio,RT_PRT_NET_MARGIN,0.1559454907,ACTUAL,VNSTOCK_BRONZE
VNM,LATEST,ratio,RT_EFF_ATR,1.1456936415,ACTUAL,VNSTOCK_BRONZE
VNM,LATEST,ratio,RT_EFF_FATR,5.0230527645,ACTUAL,VNSTOCK_BRONZE
VNM,LATEST,ratio,RT_EFF_DSO,28.1988774025,ACTUAL,VNSTOCK_BRONZE
VNM,LATEST,ratio,RT_EFF_DIO,64.8506595428,ACTUAL,VNSTOCK_BRONZE
VNM,LATEST,ratio,RT_EFF_DPO,37.7773911117,ACTUAL,VNSTOCK_BRONZE
VNM,LATEST,ratio,RT_EFF_CASH_CYCLE,138.2019874888,ACTUAL,VNSTOCK_BRONZE
VNM,LATEST,ratio,RT_LQD_CR,1.8428713857,ACTUAL,VNSTOCK_BRONZE
VNM,LATEST,ratio,RT_LQD_QR,1.5657294996,ACTUAL,VNSTOCK_BRONZE
VNM,LATEST,ratio,RT_LQD_CASH_RATIO,0.1188597762,ACTUAL,VNSTOCK_BRONZE
VNM,LATEST,ratio,RT_LEV_DE,0.6364949716,ACTUAL,VNSTOCK_BRONZE
VNM,LATEST,ratio,RT_LEV_LOAN_EQUITY,0.239735551,ACTUAL,VNSTOCK_BRONZE
VNM,LATEST,ratio,RT_LEV_FINANCIAL_LEVERAGE,0.6364949716,ACTUAL,VNSTOCK_BRONZE
VNM,LATEST,ratio,RT_VALUE_PE,12.5277473902,ACTUAL,VNSTOCK_BRONZE
VNM,LATEST,ratio,RT_VALUE_PB,3.6452538608,ACTUAL,VNSTOCK_BRONZE
VNM,LATEST,ratio,RT_VALUE_PS,1.9044920966,ACTUAL,VNSTOCK_BRONZE
VNM,LATEST,ratio,RT_VALUE_P_CF,12.1479713322,ACTUAL,VNSTOCK_BRONZE
VNM,LATEST,ratio,RT_VALUE_EV_EBITDA,10.1898949197,ACTUAL,VNSTOCK_BRONZE
VNM,LATEST,ratio,RT_VALUE_DIVIDEND_YIELD,3.55239787,ACTUAL,VNSTOCK_BRONZE
VNM,LATEST,ratio,RT_VALUE_MARKET_CAP,117664491553500.0,ACTUAL,VNSTOCK_BRONZE
VNM,LATEST,ratio,RT_VALUE_EBIT,10404552687331.0,ACTUAL,VNSTOCK_BRONZE
VNM,LATEST,ratio,RT_VALUE_EBITDA,12499712332272.0,ACTUAL,VNSTOCK_BRONZE
VNM,LATEST,ratio,RT_VALUE_EQUITY,0.0043650728,ACTUAL,VNSTOCK_BRONZE
VNM,LATEST,ratio,RT_VALUE_OUTSTANDING_SHARES,2089955445.0,ACTUAL,VNSTOCK_BRONZE
VNM,LATEST,ratio,RT_PRT_ROE,0.2936214847,ACTUAL,VNSTOCK_BRONZE
VNM,LATEST,ratio,RT_PRT_ROA,0.1743798413,ACTUAL,VNSTOCK_BRONZE
VNM,LATEST,ratio,RT_PRT_ROIC,0.2289344259,ACTUAL,VNSTOCK_BRONZE
VNM,LATEST,ratio,RT_PRT_GROSS_MARGIN,0.4141970778,ACTUAL,VNSTOCK_BRONZE
VNM,LATEST,ratio,RT_PRT_EBIT_MARGIN,0.168405847,ACTUAL,VNSTOCK_BRONZE
VNM,LATEST,ratio,RT_PRT_PRE_TAX_MARGIN,0.187749495,ACTUAL,VNSTOCK_BRONZE
VNM,LATEST,ratio,RT_PRT_NET_MARGIN,0.1530024883,ACTUAL,VNSTOCK_BRONZE
VNM,LATEST,ratio,RT_EFF_ATR,1.1470704479,ACTUAL,VNSTOCK_BRONZE
VNM,LATEST,ratio,RT_EFF_FATR,4.8955687739,ACTUAL,VNSTOCK_BRONZE
VNM,LATEST,ratio,RT_EFF_DSO,28.3637347253,ACTUAL,VNSTOCK_BRONZE
VNM,LATEST,ratio,RT_EFF_DIO,59.9545442453,ACTUAL,VNSTOCK_BRONZE
VNM,LATEST,ratio,RT_EFF_DPO,38.7260736706,ACTUAL,VNSTOCK_BRONZE
VNM,LATEST,ratio,RT_EFF_CASH_CYCLE,136.0047732022,ACTUAL,VNSTOCK_BRONZE
VNM,LATEST,ratio,RT_LQD_CR,2.0343755129,ACTUAL,VNSTOCK_BRONZE
VNM,LATEST,ratio,RT_LQD_QR,1.7263051029,ACTUAL,VNSTOCK_BRONZE
VNM,LATEST,ratio,RT_LQD_CASH_RATIO,0.1206525856,ACTUAL,VNSTOCK_BRONZE
VNM,LATEST,ratio,RT_LEV_DE,0.5217683564,ACTUAL,VNSTOCK_BRONZE
VNM,LATEST,ratio,RT_LEV_LOAN_EQUITY,0.2563508527,ACTUAL,VNSTOCK_BRONZE
VNM,LATEST,ratio,RT_LEV_FINANCIAL_LEVERAGE,0.5217683564,ACTUAL,VNSTOCK_BRONZE
VNM,LATEST,ratio,RT_VALUE_PE,14.3762842776,ACTUAL,VNSTOCK_BRONZE
VNM,LATEST,ratio,RT_VALUE_PB,3.7399037928,ACTUAL,VNSTOCK_BRONZE
VNM,LATEST,ratio,RT_VALUE_PS,2.079447732,ACTUAL,VNSTOCK_BRONZE
VNM,LATEST,ratio,RT_VALUE_P_CF,14.5631000288,ACTUAL,VNSTOCK_BRONZE
VNM,LATEST,ratio,RT_VALUE_EV_EBITDA,11.766548669,ACTUAL,VNSTOCK_BRONZE
VNM,LATEST,ratio,RT_VALUE_DIVIDEND_YIELD,0.0,ACTUAL,VNSTOCK_BRONZE
VNM,LATEST,ratio,RT_VALUE_MARKET_CAP,126024313333500.0,ACTUAL,VNSTOCK_BRONZE
VNM,LATEST,ratio,RT_VALUE_EBIT,9594016494611.0,ACTUAL,VNSTOCK_BRONZE
VNM,LATEST,ratio,RT_VALUE_EBITDA,11696343274578.0,ACTUAL,VNSTOCK_BRONZE
VNM,LATEST,ratio,RT_VALUE_EQUITY,0.0040921293,ACTUAL,VNSTOCK_BRONZE
VNM,LATEST,ratio,RT_VALUE_OUTSTANDING_SHARES,2089955445.0,ACTUAL,VNSTOCK_BRONZE
VNM,LATEST,ratio,RT_PRT_ROE,0.2662589472,ACTUAL,VNSTOCK_BRONZE
VNM,LATEST,ratio,RT_PRT_ROA,0.1579952611,ACTUAL,VNSTOCK_BRONZE
VNM,LATEST,ratio,RT_PRT_ROIC,0.2005584513,ACTUAL,VNSTOCK_BRONZE
VNM,LATEST,ratio,RT_PRT_GROSS_MARGIN,0.4106799615,ACTUAL,VNSTOCK_BRONZE
VNM,LATEST,ratio,RT_PRT_EBIT_MARGIN,0.1583048168,ACTUAL,VNSTOCK_BRONZE
VNM,LATEST,ratio,RT_PRT_PRE_TAX_MARGIN,0.1789483143,ACTUAL,VNSTOCK_BRONZE
VNM,LATEST,ratio,RT_PRT_NET_MARGIN,0.1457507812,ACTUAL,VNSTOCK_BRONZE
VNM,LATEST,ratio,RT_EFF_ATR,1.0923019385,ACTUAL,VNSTOCK_BRONZE
VNM,LATEST,ratio,RT_EFF_FATR,4.9462935829,ACTUAL,VNSTOCK_BRONZE
VNM,LATEST,ratio,RT_EFF_DSO,27.9636338286,ACTUAL,VNSTOCK_BRONZE
VNM,LATEST,ratio,RT_EFF_DIO,64.9545236437,ACTUAL,VNSTOCK_BRONZE
VNM,LATEST,ratio,RT_EFF_DPO,38.7931584903,ACTUAL,VNSTOCK_BRONZE
VNM,LATEST,ratio,RT_EFF_CASH_CYCLE,139.0302615055,ACTUAL,VNSTOCK_BRONZE
VNM,LATEST,ratio,RT_LQD_CR,2.2617177374,ACTUAL,VNSTOCK_BRONZE
VNM,LATEST,ratio,RT_LQD_QR,1.8507353231,ACTUAL,VNSTOCK_BRONZE
VNM,LATEST,ratio,RT_LQD_CASH_RATIO,0.1495298006,ACTUAL,VNSTOCK_BRONZE
VNM,LATEST,ratio,RT_LEV_DE,0.4622581425,ACTUAL,VNSTOCK_BRONZE
VNM,LATEST,ratio,RT_LEV_LOAN_EQUITY,0.2714871477,ACTUAL,VNSTOCK_BRONZE
VNM,LATEST,ratio,RT_LEV_FINANCIAL_LEVERAGE,0.4622581425,ACTUAL,VNSTOCK_BRONZE
VNM,LATEST,ratio,RT_VALUE_PE,15.4852413555,ACTUAL,VNSTOCK_BRONZE
VNM,LATEST,ratio,RT_VALUE_PB,4.1767070843,ACTUAL,VNSTOCK_BRONZE
VNM,LATEST,ratio,RT_VALUE_PS,2.1873164029,ACTUAL,VNSTOCK_BRONZE
VNM,LATEST,ratio,RT_VALUE_P_CF,14.3750576321,ACTUAL,VNSTOCK_BRONZE
VNM,LATEST,ratio,RT_VALUE_EV_EBITDA,12.5085910566,ACTUAL,VNSTOCK_BRONZE
VNM,LATEST,ratio,RT_VALUE_DIVIDEND_YIELD,3.93700787,ACTUAL,VNSTOCK_BRONZE
VNM,LATEST,ratio,RT_VALUE_MARKET_CAP,132712170757500.0,ACTUAL,VNSTOCK_BRONZE
VNM,LATEST,ratio,RT_VALUE_EBIT,9405140282983.0,ACTUAL,VNSTOCK_BRONZE
VNM,LATEST,ratio,RT_VALUE_EBITDA,11505317651432.0,ACTUAL,VNSTOCK_BRONZE
VNM,LATEST,ratio,RT_VALUE_EQUITY,0.0042614456,ACTUAL,VNSTOCK_BRONZE
VNM,LATEST,ratio,RT_VALUE_OUTSTANDING_SHARES,2089955445.0,ACTUAL,VNSTOCK_BRONZE
VNM,LATEST,ratio,RT_PRT_ROE,0.2654937623,ACTUAL,VNSTOCK_BRONZE
VNM,LATEST,ratio,RT_PRT_ROA,0.1537106305,ACTUAL,VNSTOCK_BRONZE
VNM,LATEST,ratio,RT_PRT_ROIC,0.2068157407,ACTUAL,VNSTOCK_BRONZE
VNM,LATEST,ratio,RT_PRT_GROSS_MARGIN,0.409458677,ACTUAL,VNSTOCK_BRONZE
VNM,LATEST,ratio,RT_PRT_EBIT_MARGIN,0.1550122908,ACTUAL,VNSTOCK_BRONZE
VNM,LATEST,ratio,RT_PRT_PRE_TAX_MARGIN,0.1752421208,ACTUAL,VNSTOCK_BRONZE
VNM,LATEST,ratio,RT_PRT_NET_MARGIN,0.1421675108,ACTUAL,VNSTOCK_BRONZE
VNM,LATEST,ratio,RT_EFF_ATR,1.0882038873,ACTUAL,VNSTOCK_BRONZE
VNM,LATEST,ratio,RT_EFF_FATR,4.9029833827,ACTUAL,VNSTOCK_BRONZE
VNM,LATEST,ratio,RT_EFF_DSO,27.0390641385,ACTUAL,VNSTOCK_BRONZE
VNM,LATEST,ratio,RT_EFF_DIO,66.1179997359,ACTUAL,VNSTOCK_BRONZE
VNM,LATEST,ratio,RT_EFF_DPO,40.2162932593,ACTUAL,VNSTOCK_BRONZE
VNM,LATEST,ratio,RT_EFF_CASH_CYCLE,141.2421189413,ACTUAL,VNSTOCK_BRONZE
VNM,LATEST,ratio,RT_LQD_CR,1.9934191877,ACTUAL,VNSTOCK_BRONZE
VNM,LATEST,ratio,RT_LQD_QR,1.6261718311,ACTUAL,VNSTOCK_BRONZE
VNM,LATEST,ratio,RT_LQD_CASH_RATIO,0.1302573315,ACTUAL,VNSTOCK_BRONZE
VNM,LATEST,ratio,RT_LEV_DE,0.5490957187,ACTUAL,VNSTOCK_BRONZE
VNM,LATEST,ratio,RT_LEV_LOAN_EQUITY,0.2742979963,ACTUAL,VNSTOCK_BRONZE
VNM,LATEST,ratio,RT_LEV_FINANCIAL_LEVERAGE,0.5490957187,ACTUAL,VNSTOCK_BRONZE
VNM,LATEST,ratio,RT_VALUE_PE,16.2754075121,ACTUAL,VNSTOCK_BRONZE
VNM,LATEST,ratio,RT_VALUE_PB,4.1495135668,ACTUAL,VNSTOCK_BRONZE
VNM,LATEST,ratio,RT_VALUE_PS,2.2788103378,ACTUAL,VNSTOCK_BRONZE
VNM,LATEST,ratio,RT_VALUE_P_CF,17.2028111261,ACTUAL,VNSTOCK_BRONZE
VNM,LATEST,ratio,RT_VALUE_EV_EBITDA,12.4895430244,ACTUAL,VNSTOCK_BRONZE
VNM,LATEST,ratio,RT_VALUE_DIVIDEND_YIELD,3.69276219,ACTUAL,VNSTOCK_BRONZE
VNM,LATEST,ratio,RT_VALUE_MARKET_CAP,141489983626500.0,ACTUAL,VNSTOCK_BRONZE
VNM,LATEST,ratio,RT_VALUE_EBIT,9809605590589.0,ACTUAL,VNSTOCK_BRONZE
VNM,LATEST,ratio,RT_VALUE_EBITDA,11886973069728.0,ACTUAL,VNSTOCK_BRONZE
VNM,LATEST,ratio,RT_VALUE_EQUITY,0.0038907942,ACTUAL,VNSTOCK_BRONZE
VNM,LATEST,ratio,RT_VALUE_OUTSTANDING_SHARES,2089955445.0,ACTUAL,VNSTOCK_BRONZE
VNM,LATEST,ratio,RT_PRT_ROE,0.2637418921,ACTUAL,VNSTOCK_BRONZE
VNM,LATEST,ratio,RT_PRT_ROA,0.1573315019,ACTUAL,VNSTOCK_BRONZE
VNM,LATEST,ratio,RT_PRT_ROIC,0.2122128538,ACTUAL,VNSTOCK_BRONZE
VNM,LATEST,ratio,RT_PRT_GROSS_MARGIN,0.4111675225,ACTUAL,VNSTOCK_BRONZE
VNM,LATEST,ratio,RT_PRT_EBIT_MARGIN,0.1579916122,ACTUAL,VNSTOCK_BRONZE
VNM,LATEST,ratio,RT_PRT_PRE_TAX_MARGIN,0.1742061094,ACTUAL,VNSTOCK_BRONZE
VNM,LATEST,ratio,RT_PRT_NET_MARGIN,0.1406549425,ACTUAL,VNSTOCK_BRONZE
VNM,LATEST,ratio,RT_EFF_ATR,1.123671534,ACTUAL,VNSTOCK_BRONZE
VNM,LATEST,ratio,RT_EFF_FATR,4.9171980805,ACTUAL,VNSTOCK_BRONZE
VNM,LATEST,ratio,RT_EFF_DSO,26.8405707358,ACTUAL,VNSTOCK_BRONZE
VNM,LATEST,ratio,RT_EFF_DIO,65.3379650613,ACTUAL,VNSTOCK_BRONZE
VNM,LATEST,ratio,RT_EFF_DPO,38.9815999924,ACTUAL,VNSTOCK_BRONZE
VNM,LATEST,ratio,RT_EFF_CASH_CYCLE,138.8504514634,ACTUAL,VNSTOCK_BRONZE
VNM,LATEST,ratio,RT_LQD_CR,2.2361078748,ACTUAL,VNSTOCK_BRONZE
VNM,LATEST,ratio,RT_LQD_QR,1.8720351159,ACTUAL,VNSTOCK_BRONZE
VNM,LATEST,ratio,RT_LQD_CASH_RATIO,0.2975424261,ACTUAL,VNSTOCK_BRONZE
VNM,LATEST,ratio,RT_LEV_DE,0.4670280955,ACTUAL,VNSTOCK_BRONZE
VNM,LATEST,ratio,RT_LEV_LOAN_EQUITY,0.2179684918,ACTUAL,VNSTOCK_BRONZE
VNM,LATEST,ratio,RT_LEV_FINANCIAL_LEVERAGE,0.4670280955,ACTUAL,VNSTOCK_BRONZE
VNM,LATEST,ratio,RT_VALUE_PE,13.6144020701,ACTUAL,VNSTOCK_BRONZE
VNM,LATEST,ratio,RT_VALUE_PB,4.1750910903,ACTUAL,VNSTOCK_BRONZE
VNM,LATEST,ratio,RT_VALUE_PS,2.0129229917,ACTUAL,VNSTOCK_BRONZE
VNM,LATEST,ratio,RT_VALUE_P_CF,14.7799080773,ACTUAL,VNSTOCK_BRONZE
VNM,LATEST,ratio,RT_VALUE_EV_EBITDA,10.5702319473,ACTUAL,VNSTOCK_BRONZE
VNM,LATEST,ratio,RT_VALUE_DIVIDEND_YIELD,4.07830343,ACTUAL,VNSTOCK_BRONZE
VNM,LATEST,ratio,RT_VALUE_MARKET_CAP,128114268778500.0,ACTUAL,VNSTOCK_BRONZE
VNM,LATEST,ratio,RT_VALUE_EBIT,10663715205138.0,ACTUAL,VNSTOCK_BRONZE
VNM,LATEST,ratio,RT_VALUE_EBITDA,12779960497496.0,ACTUAL,VNSTOCK_BRONZE
VNM,LATEST,ratio,RT_VALUE_EQUITY,0.0018243134,ACTUAL,VNSTOCK_BRONZE
VNM,LATEST,ratio,RT_VALUE_OUTSTANDING_SHARES,2089955445.0,ACTUAL,VNSTOCK_BRONZE
VNM,LATEST,ratio,RT_PRT_ROE,0.2989064033,ACTUAL,VNSTOCK_BRONZE
VNM,LATEST,ratio,RT_PRT_ROA,0.173681751,ACTUAL,VNSTOCK_BRONZE
VNM,LATEST,ratio,RT_PRT_ROIC,0.2426899808,ACTUAL,VNSTOCK_BRONZE
VNM,LATEST,ratio,RT_PRT_GROSS_MARGIN,0.4118015402,ACTUAL,VNSTOCK_BRONZE
VNM,LATEST,ratio,RT_PRT_EBIT_MARGIN,0.1675475942,ACTUAL,VNSTOCK_BRONZE
VNM,LATEST,ratio,RT_PRT_PRE_TAX_MARGIN,0.1830438041,ACTUAL,VNSTOCK_BRONZE
VNM,LATEST,ratio,RT_PRT_NET_MARGIN,0.1479057047,ACTUAL,VNSTOCK_BRONZE
VNM,LATEST,ratio,RT_EFF_ATR,1.1746962998,ACTUAL,VNSTOCK_BRONZE
VNM,LATEST,ratio,RT_EFF_FATR,5.0513648453,ACTUAL,VNSTOCK_BRONZE
VNM,LATEST,ratio,RT_EFF_DSO,27.2267576358,ACTUAL,VNSTOCK_BRONZE
VNM,LATEST,ratio,RT_EFF_DIO,61.5304795749,ACTUAL,VNSTOCK_BRONZE
VNM,LATEST,ratio,RT_EFF_DPO,38.0116706017,ACTUAL,VNSTOCK_BRONZE
VNM,LATEST,ratio,RT_EFF_CASH_CYCLE,134.2345702606,ACTUAL,VNSTOCK_BRONZE
VNM,LATEST,ratio,RT_LQD_CR,1.9579168955,ACTUAL,VNSTOCK_BRONZE
VNM,LATEST,ratio,RT_LQD_QR,1.5886310305,ACTUAL,VNSTOCK_BRONZE
VNM,LATEST,ratio,RT_LQD_CASH_RATIO,0.0969838368,ACTUAL,VNSTOCK_BRONZE
VNM,LATEST,ratio,RT_LEV_DE,0.5460472431,ACTUAL,VNSTOCK_BRONZE
VNM,LATEST,ratio,RT_LEV_LOAN_EQUITY,0.2742406509,ACTUAL,VNSTOCK_BRONZE
VNM,LATEST,ratio,RT_LEV_FINANCIAL_LEVERAGE,0.5460472431,ACTUAL,VNSTOCK_BRONZE
VNM,LATEST,ratio,RT_VALUE_PE,11.3955695393,ACTUAL,VNSTOCK_BRONZE
VNM,LATEST,ratio,RT_VALUE_PB,3.5609924851,ACTUAL,VNSTOCK_BRONZE
VNM,LATEST,ratio,RT_VALUE_PS,1.7504851351,ACTUAL,VNSTOCK_BRONZE
VNM,LATEST,ratio,RT_VALUE_P_CF,12.9149409713,ACTUAL,VNSTOCK_BRONZE
VNM,LATEST,ratio,RT_VALUE_EV_EBITDA,9.286396049,ACTUAL,VNSTOCK_BRONZE
VNM,LATEST,ratio,RT_VALUE_DIVIDEND_YIELD,0.0,ACTUAL,VNSTOCK_BRONZE
VNM,LATEST,ratio,RT_VALUE_MARKET_CAP,117037504920000.0,ACTUAL,VNSTOCK_BRONZE
VNM,LATEST,ratio,RT_VALUE_EBIT,11765372603143.0,ACTUAL,VNSTOCK_BRONZE
VNM,LATEST,ratio,RT_VALUE_EBITDA,13907163633499.0,ACTUAL,VNSTOCK_BRONZE
VNM,LATEST,ratio,RT_VALUE_EQUITY,0.0008486187,ACTUAL,VNSTOCK_BRONZE
VNM,LATEST,ratio,RT_VALUE_OUTSTANDING_SHARES,2089955445.0,ACTUAL,VNSTOCK_BRONZE
VNM,LATEST,ratio,RT_PRT_ROE,0.3174193254,ACTUAL,VNSTOCK_BRONZE
VNM,LATEST,ratio,RT_PRT_ROA,0.1869886588,ACTUAL,VNSTOCK_BRONZE
VNM,LATEST,ratio,RT_PRT_ROIC,0.2500394694,ACTUAL,VNSTOCK_BRONZE
VNM,LATEST,ratio,RT_PRT_GROSS_MARGIN,0.4172136016,ACTUAL,VNSTOCK_BRONZE
VNM,LATEST,ratio,RT_PRT_EBIT_MARGIN,0.1759701718,ACTUAL,VNSTOCK_BRONZE
VNM,LATEST,ratio,RT_PRT_PRE_TAX_MARGIN,0.1901447506,ACTUAL,VNSTOCK_BRONZE
VNM,LATEST,ratio,RT_PRT_NET_MARGIN,0.1538218879,ACTUAL,VNSTOCK_BRONZE
VNM,LATEST,ratio,RT_EFF_ATR,1.2172866947,ACTUAL,VNSTOCK_BRONZE
VNM,LATEST,ratio,RT_EFF_FATR,5.3873927978,ACTUAL,VNSTOCK_BRONZE
VNM,LATEST,ratio,RT_EFF_DSO,25.8466949297,ACTUAL,VNSTOCK_BRONZE
VNM,LATEST,ratio,RT_EFF_DIO,65.0564994155,ACTUAL,VNSTOCK_BRONZE
VNM,LATEST,ratio,RT_EFF_DPO,37.0494254935,ACTUAL,VNSTOCK_BRONZE
VNM,LATEST,ratio,RT_EFF_CASH_CYCLE,133.9859639794,ACTUAL,VNSTOCK_BRONZE
VNM,LATEST,ratio,RT_LQD_CR,2.099861189,ACTUAL,VNSTOCK_BRONZE
VNM,LATEST,ratio,RT_LQD_QR,1.6989740565,ACTUAL,VNSTOCK_BRONZE
VNM,LATEST,ratio,RT_LQD_CASH_RATIO,0.112633966,ACTUAL,VNSTOCK_BRONZE
VNM,LATEST,ratio,RT_LEV_DE,0.5108180155,ACTUAL,VNSTOCK_BRONZE
VNM,LATEST,ratio,RT_LEV_LOAN_EQUITY,0.2825436096,ACTUAL,VNSTOCK_BRONZE
VNM,LATEST,ratio,RT_LEV_FINANCIAL_LEVERAGE,0.5108180155,ACTUAL,VNSTOCK_BRONZE
VNM,LATEST,ratio,RT_VALUE_PE,11.4955426548,ACTUAL,VNSTOCK_BRONZE
VNM,LATEST,ratio,RT_VALUE_PB,3.9546384869,ACTUAL,VNSTOCK_BRONZE
VNM,LATEST,ratio,RT_VALUE_PS,1.8268950074,ACTUAL,VNSTOCK_BRONZE
VNM,LATEST,ratio,RT_VALUE_P_CF,15.0570737918,ACTUAL,VNSTOCK_BRONZE
VNM,LATEST,ratio,RT_VALUE_EV_EBITDA,9.0464233694,ACTUAL,VNSTOCK_BRONZE
VNM,LATEST,ratio,RT_VALUE_DIVIDEND_YIELD,0.0,ACTUAL,VNSTOCK_BRONZE
VNM,LATEST,ratio,RT_VALUE_MARKET_CAP,126024313333500.0,ACTUAL,VNSTOCK_BRONZE
VNM,LATEST,ratio,RT_VALUE_EBIT,12496831018347.0,ACTUAL,VNSTOCK_BRONZE
VNM,LATEST,ratio,RT_VALUE_EBITDA,14784006328984.0,ACTUAL,VNSTOCK_BRONZE
VNM,LATEST,ratio,RT_VALUE_EQUITY,0.0036849875,ACTUAL,VNSTOCK_BRONZE
VNM,LATEST,ratio,RT_VALUE_OUTSTANDING_SHARES,2089955445.0,ACTUAL,VNSTOCK_BRONZE
VNM,LATEST,ratio,RT_PRT_ROE,0.3385765465,ACTUAL,VNSTOCK_BRONZE
VNM,LATEST,ratio,RT_PRT_ROA,0.197644302,ACTUAL,VNSTOCK_BRONZE
VNM,LATEST,ratio,RT_PRT_ROIC,0.2832386489,ACTUAL,VNSTOCK_BRONZE
VNM,LATEST,ratio,RT_PRT_GROSS_MARGIN,0.4215156582,ACTUAL,VNSTOCK_BRONZE
VNM,LATEST,ratio,RT_PRT_EBIT_MARGIN,0.1811586796,ACTUAL,VNSTOCK_BRONZE
VNM,LATEST,ratio,RT_PRT_PRE_TAX_MARGIN,0.1959353892,ACTUAL,VNSTOCK_BRONZE
VNM,LATEST,ratio,RT_PRT_NET_MARGIN,0.1591752746,ACTUAL,VNSTOCK_BRONZE
VNM,LATEST,ratio,RT_EFF_ATR,1.2436557628,ACTUAL,VNSTOCK_BRONZE
VNM,LATEST,ratio,RT_EFF_FATR,5.7352169692,ACTUAL,VNSTOCK_BRONZE
VNM,LATEST,ratio,RT_EFF_DSO,25.8594159815,ACTUAL,VNSTOCK_BRONZE
VNM,LATEST,ratio,RT_EFF_DIO,65.0743112049,ACTUAL,VNSTOCK_BRONZE
VNM,LATEST,ratio,RT_EFF_DPO,35.9152151876,ACTUAL,VNSTOCK_BRONZE
VNM,LATEST,ratio,RT_EFF_CASH_CYCLE,131.6108147336,ACTUAL,VNSTOCK_BRONZE
VNM,LATEST,ratio,RT_LQD_CR,1.9087128618,ACTUAL,VNSTOCK_BRONZE
VNM,LATEST,ratio,RT_LQD_QR,1.5483561704,ACTUAL,VNSTOCK_BRONZE
VNM,LATEST,ratio,RT_LQD_CASH_RATIO,0.2117698457,ACTUAL,VNSTOCK_BRONZE
VNM,LATEST,ratio,RT_LEV_DE,0.6108132146,ACTUAL,VNSTOCK_BRONZE
VNM,LATEST,ratio,RT_LEV_LOAN_EQUITY,0.2370546871,ACTUAL,VNSTOCK_BRONZE
VNM,LATEST,ratio,RT_LEV_FINANCIAL_LEVERAGE,0.6108132146,ACTUAL,VNSTOCK_BRONZE
VNM,LATEST,balance_sheet,BS_SHORT_TERM_ASSETS,19974838548267.0,ACTUAL,VNSTOCK_BRONZE
VNM,LATEST,balance_sheet,BS_CASH_AND_PRECIOUS_METALS,563392699177.0,ACTUAL,VNSTOCK_BRONZE
VNM,LATEST,balance_sheet,BS_CASH,513392699177.0,ACTUAL,VNSTOCK_BRONZE
VNM,LATEST,balance_sheet,BS_CASH_EQUIVALENTS,50000000000.0,ACTUAL,VNSTOCK_BRONZE
VNM,LATEST,balance_sheet,BS_SHORT_TERM_INVESTMENTS,9661889566014.0,ACTUAL,VNSTOCK_BRONZE
VNM,LATEST,balance_sheet,BS_FVTPL_FINANCIAL_ASSETS,443134964291.0,ACTUAL,VNSTOCK_BRONZE
VNM,LATEST,balance_sheet,BS_PROVISIONS_FOR_IMPAIRMENT_LOSS_OF_FINANCIAL_ASSETS_AND_MORTGAGES,-678242110.0,ACTUAL,VNSTOCK_BRONZE
VNM,LATEST,balance_sheet,BS_HELD_TO_MATURITY_SECURITIES,9219432843833.0,ACTUAL,VNSTOCK_BRONZE
VNM,LATEST,balance_sheet,BS_SHORT_TERM_RECEIVABLES,5175991528051.0,ACTUAL,VNSTOCK_BRONZE
VNM,LATEST,balance_sheet,BS_TRADE_RECEIVABLES,4012596156588.0,ACTUAL,VNSTOCK_BRONZE
VNM,LATEST,balance_sheet,BS_PREPAYMENTS_TO_SUPPLIERS,696320345390.0,ACTUAL,VNSTOCK_BRONZE
VNM,LATEST,balance_sheet,BS_SHORT_TERM_LOAN_RECEIVABLES,0.0,ACTUAL,VNSTOCK_BRONZE
VNM,LATEST,balance_sheet,BS_OTHER_RECEIVABLES,480567987977.0,ACTUAL,VNSTOCK_BRONZE
VNM,LATEST,balance_sheet,BS_PROVISION_DOUBTFUL_DEBTS,-13578642097.0,ACTUAL,VNSTOCK_BRONZE
VNM,LATEST,balance_sheet,BS_ASSETS_AWAITING_RESOLUTION,85680193.0,ACTUAL,VNSTOCK_BRONZE
VNM,LATEST,balance_sheet,BS_INVENTORIES,4373067721747.0,ACTUAL,VNSTOCK_BRONZE
VNM,LATEST,balance_sheet,BS_INVENTORIES_GROSS,4396117740988.0,ACTUAL,VNSTOCK_BRONZE
VNM,LATEST,balance_sheet,BS_PROVISION_INVENTORIES,-23050019241.0,ACTUAL,VNSTOCK_BRONZE
VNM,LATEST,balance_sheet,BS_OTHER_SHORT_TERM_ASSETS,200497033278.0,ACTUAL,VNSTOCK_BRONZE
VNM,LATEST,balance_sheet,BS_SHORT_TERM_PREPAYMENTS,57771874223.0,ACTUAL,VNSTOCK_BRONZE
VNM,LATEST,balance_sheet,BS_DEDUCTIBLE_VALUE_ADDED_TAX,142262843991.0,ACTUAL,VNSTOCK_BRONZE
VNM,LATEST,balance_sheet,BS_TAXES_AND_OTHER_RECEIVABLES_FROM_STATE_AUTHORITIES,462315064.0,ACTUAL,VNSTOCK_BRONZE
VNM,LATEST,balance_sheet,BS_LONG_TERM_ASSETS,15353880667803.0,ACTUAL,VNSTOCK_BRONZE
VNM,LATEST,balance_sheet,BS_LONG_TERM_RECEIVABLES,96477283441.0,ACTUAL,VNSTOCK_BRONZE
VNM,LATEST,balance_sheet,BS_LONG_TERM_TRADE_RECEIVABLES,72629594765.0,ACTUAL,VNSTOCK_BRONZE
VNM,LATEST,balance_sheet,BS_LONG_TERM_LOAN_RECEIVABLES,5395040000.0,ACTUAL,VNSTOCK_BRONZE
VNM,LATEST,balance_sheet,BS_OTHER_LONG_TERM_RECEIVABLES_LEGACY,18452648676.0,ACTUAL,VNSTOCK_BRONZE
VNM,LATEST,balance_sheet,BS_FIXED_ASSETS,10565776062783.0,ACTUAL,VNSTOCK_BRONZE
VNM,LATEST,balance_sheet,BS_TANGIBLE_FIXED_ASSETS,10250026118711.0,ACTUAL,VNSTOCK_BRONZE
VNM,LATEST,balance_sheet,BS_TANGIBLE_FIXED_ASSETS_COST,19080994281400.0,ACTUAL,VNSTOCK_BRONZE
VNM,LATEST,balance_sheet,BS_TANGIBLE_FIXED_ASSETS_ACCUMULATED_DEPRECIATION,-8830968162689.0,ACTUAL,VNSTOCK_BRONZE
VNM,LATEST,balance_sheet,BS_FINANCE_LEASE_FIXED_ASSETS,0.0,ACTUAL,VNSTOCK_BRONZE
VNM,LATEST,balance_sheet,BS_FINANCE_LEASE_FIXED_ASSETS_COST,0.0,ACTUAL,VNSTOCK_BRONZE
VNM,LATEST,balance_sheet,BS_FINANCE_LEASE_FIXED_ASSETS_ACCUMULATED_DEPRECIATION,-0.0,ACTUAL,VNSTOCK_BRONZE
VNM,LATEST,balance_sheet,BS_INTANGIBLE_FIXED_ASSETS,315749944072.0,ACTUAL,VNSTOCK_BRONZE
VNM,LATEST,balance_sheet,BS_INTANGIBLE_FIXED_ASSETS_COST,470662072469.0,ACTUAL,VNSTOCK_BRONZE
VNM,LATEST,balance_sheet,BS_INTANGIBLE_FIXED_ASSETS_ACCUMULATED_DEPRECIATION,-154912128397.0,ACTUAL,VNSTOCK_BRONZE
VNM,LATEST,balance_sheet,BS_INVESTMENT_PROPERTIES,93715303958.0,ACTUAL,VNSTOCK_BRONZE
VNM,LATEST,balance_sheet,BS_INVESTMENT_PROPERTIES_COST,143340838168.0,ACTUAL,VNSTOCK_BRONZE
VNM,LATEST,balance_sheet,BS_INVESTMENT_PROPERTIES_ACCUMULATED_DEPRECIATION,-49625534210.0,ACTUAL,VNSTOCK_BRONZE
VNM,LATEST,balance_sheet,BS_CONSTRUCTION_IN_PROGRESS,2333957798072.0,ACTUAL,VNSTOCK_BRONZE
VNM,LATEST,balance_sheet,BS_LONG_TERM_PRODUCTION_IN_PROGRESS,120138963950.0,ACTUAL,VNSTOCK_BRONZE
VNM,LATEST,balance_sheet,BS_CAPITAL_CONSTRUCTION_IN_PROGRESS,2213818834122.0,ACTUAL,VNSTOCK_BRONZE
VNM,LATEST,balance_sheet,BS_LONG_TERM_INVESTMENTS,1165579009965.0,ACTUAL,VNSTOCK_BRONZE
VNM,LATEST,balance_sheet,BS_INVESTMENTS_IN_JOINT_VENTURES,494129576780.0,ACTUAL,VNSTOCK_BRONZE
VNM,LATEST,balance_sheet,BS_OTHER_LONG_TERM_INVESTMENTS,72069307154.0,ACTUAL,VNSTOCK_BRONZE
VNM,LATEST,balance_sheet,BS_PROVISION_LONG_TERM_INVESTMENTS,-619873969.0,ACTUAL,VNSTOCK_BRONZE
VNM,LATEST,balance_sheet,BS_HELD_TO_MATURITY_INVESTMENTS,600000000000.0,ACTUAL,VNSTOCK_BRONZE
VNM,LATEST,balance_sheet,BS_OTHER_LONG_TERM_ASSETS,1098375209584.0,ACTUAL,VNSTOCK_BRONZE
VNM,LATEST,balance_sheet,BS_LONG_TERM_PREPAYMENTS,605218037493.0,ACTUAL,VNSTOCK_BRONZE
VNM,LATEST,balance_sheet,BS_DEFERRED_TAX_ASSETS,26934241843.0,ACTUAL,VNSTOCK_BRONZE
VNM,LATEST,balance_sheet,BS_LONG_TERM_EQUIPMENT_SUPPLIES_SPARE_PARTS,5272523307.0,ACTUAL,VNSTOCK_BRONZE
VNM,LATEST,balance_sheet,BS_OTHER_LONG_TERM_ASSETS_DETAIL,0.0,ACTUAL,VNSTOCK_BRONZE
VNM,LATEST,balance_sheet,BS_GOODWILL,460950406941.0,ACTUAL,VNSTOCK_BRONZE
VNM,LATEST,balance_sheet,BS_TOTAL_ASSETS,35328719216070.0,ACTUAL,VNSTOCK_BRONZE
VNM,LATEST,balance_sheet,BS_TOTAL_LIABILITIES,9037780154701.0,ACTUAL,VNSTOCK_BRONZE
VNM,LATEST,balance_sheet,BS_SHORT_TERM_LIABILITIES,8441889289285.0,ACTUAL,VNSTOCK_BRONZE
VNM,LATEST,balance_sheet,BS_GOVERNMENT_BOND_REPURCHASE_TRANSACTIONS,0.0,ACTUAL,VNSTOCK_BRONZE
VNM,LATEST,balance_sheet,BS_TRADE_ACCOUNTS_PAYABLE,3650373938077.0,ACTUAL,VNSTOCK_BRONZE
VNM,LATEST,balance_sheet,BS_ADVANCES_FROM_CUSTOMERS,411072068406.0,ACTUAL,VNSTOCK_BRONZE
VNM,LATEST,balance_sheet,BS_TAXES_AND_OTHER_PAYABLES_TO_STATE_AUTHORITIES,680194876886.0,ACTUAL,VNSTOCK_BRONZE
VNM,LATEST,balance_sheet,BS_PAYABLE_TO_EMPLOYEES,126134686284.0,ACTUAL,VNSTOCK_BRONZE
VNM,LATEST,balance_sheet,BS_ACCRUED_EXPENSES,1186386496780.0,ACTUAL,VNSTOCK_BRONZE
VNM,LATEST,balance_sheet,BS_SHORT_TERM_UNEARNED_REVENUE,6105728642.0,ACTUAL,VNSTOCK_BRONZE
VNM,LATEST,balance_sheet,BS_OTHER_PAYABLES,585248491765.0,ACTUAL,VNSTOCK_BRONZE
VNM,LATEST,balance_sheet,BS_SHORT_TERM_BORROWINGS,1560293768812.0,ACTUAL,VNSTOCK_BRONZE
VNM,LATEST,balance_sheet,BS_SHORT_TERM_PROVISIONS,6942485220.0,ACTUAL,VNSTOCK_BRONZE
VNM,LATEST,balance_sheet,BS_BONUS_AND_WELFARE_FUND,229136748413.0,ACTUAL,VNSTOCK_BRONZE
VNM,LATEST,balance_sheet,BS_LONG_TERM_LIABILITIES,595890865416.0,ACTUAL,VNSTOCK_BRONZE
VNM,LATEST,balance_sheet,BS_LONG_TERM_TRADE_PAYABLES,0.0,ACTUAL,VNSTOCK_BRONZE
VNM,LATEST,balance_sheet,BS_LONG_TERM_ACCRUED_EXPENSES,0.0,ACTUAL,VNSTOCK_BRONZE
VNM,LATEST,balance_sheet,BS_LONG_TERM_UNEARNED_REVENUE,1039560218.0,ACTUAL,VNSTOCK_BRONZE
VNM,LATEST,balance_sheet,BS_OTHER_LONG_TERM_LIABILITIES,32843845125.0,ACTUAL,VNSTOCK_BRONZE
VNM,LATEST,balance_sheet,BS_LONG_TERM_BORROWINGS,270260689387.0,ACTUAL,VNSTOCK_BRONZE
VNM,LATEST,balance_sheet,BS_DEFERRED_TAX_LIABILITIES,189099848467.0,ACTUAL,VNSTOCK_BRONZE
VNM,LATEST,balance_sheet,BS_LONG_TERM_PROVISIONS,102646922219.0,ACTUAL,VNSTOCK_BRONZE
VNM,LATEST,balance_sheet,BS_EQUITY,26290939061369.0,ACTUAL,VNSTOCK_BRONZE
VNM,LATEST,balance_sheet,BS_OWNERS_EQUITY,26290939061369.0,ACTUAL,VNSTOCK_BRONZE
VNM,LATEST,balance_sheet,BS_CHARTER_CAPITAL,14514534290000.0,ACTUAL,VNSTOCK_BRONZE
VNM,LATEST,balance_sheet,BS_CAPITAL_FROM_OWNERS,14514534290000.0,ACTUAL,VNSTOCK_BRONZE
VNM,LATEST,balance_sheet,BS_SHARE_PREMIUM,260699620761.0,ACTUAL,VNSTOCK_BRONZE
VNM,LATEST,balance_sheet,BS_OTHER_CAPITAL,0.0,ACTUAL,VNSTOCK_BRONZE
VNM,LATEST,balance_sheet,BS_TREASURY_SHARES,-7795969600.0,ACTUAL,VNSTOCK_BRONZE
VNM,LATEST,balance_sheet,BS_FOREIGN_EXCHANGE_DIFFERENCES,21420997478.0,ACTUAL,VNSTOCK_BRONZE
VNM,LATEST,balance_sheet,BS_INVESTMENT_AND_DEVELOPMENT_FUND,3110455558804.0,ACTUAL,VNSTOCK_BRONZE
VNM,LATEST,balance_sheet,BS_RETAINED_EARNINGS,7912102872895.0,ACTUAL,VNSTOCK_BRONZE
VNM,LATEST,balance_sheet,BS_ACCUMULATED_RETAINED_EARNING_AT_THE_END_OF_THE_PREVIOUS_PERIOD,5736920629462.0,ACTUAL,VNSTOCK_BRONZE
VNM,LATEST,balance_sheet,BS_PROFIT_THIS_PERIOD,2175182243433.0,ACTUAL,VNSTOCK_BRONZE
VNM,LATEST,balance_sheet,BS_MINORITY_INTEREST,479521691031.0,ACTUAL,VNSTOCK_BRONZE
VNM,LATEST,balance_sheet,BS_TOTAL_LIABILITIES_AND_EQUITY,35328719216070.0,ACTUAL,VNSTOCK_BRONZE
VNM,LATEST,balance_sheet,BS_SHORT_TERM_ASSETS,20818678622022.0,ACTUAL,VNSTOCK_BRONZE
VNM,LATEST,balance_sheet,BS_CASH_AND_PRECIOUS_METALS,1343435279374.0,ACTUAL,VNSTOCK_BRONZE
VNM,LATEST,balance_sheet,BS_CASH,808435279374.0,ACTUAL,VNSTOCK_BRONZE
VNM,LATEST,balance_sheet,BS_CASH_EQUIVALENTS,535000000000.0,ACTUAL,VNSTOCK_BRONZE
VNM,LATEST,balance_sheet,BS_SHORT_TERM_INVESTMENTS,9210770926165.0,ACTUAL,VNSTOCK_BRONZE
VNM,LATEST,balance_sheet,BS_FVTPL_FINANCIAL_ASSETS,443143269828.0,ACTUAL,VNSTOCK_BRONZE
VNM,LATEST,balance_sheet,BS_PROVISIONS_FOR_IMPAIRMENT_LOSS_OF_FINANCIAL_ASSETS_AND_MORTGAGES,-683310293.0,ACTUAL,VNSTOCK_BRONZE
VNM,LATEST,balance_sheet,BS_HELD_TO_MATURITY_SECURITIES,8768310966630.0,ACTUAL,VNSTOCK_BRONZE
VNM,LATEST,balance_sheet,BS_SHORT_TERM_RECEIVABLES,5149241546227.0,ACTUAL,VNSTOCK_BRONZE
VNM,LATEST,balance_sheet,BS_TRADE_RECEIVABLES,3743264814054.0,ACTUAL,VNSTOCK_BRONZE
VNM,LATEST,balance_sheet,BS_PREPAYMENTS_TO_SUPPLIERS,985009857695.0,ACTUAL,VNSTOCK_BRONZE
VNM,LATEST,balance_sheet,BS_SHORT_TERM_LOAN_RECEIVABLES,0.0,ACTUAL,VNSTOCK_BRONZE
VNM,LATEST,balance_sheet,BS_OTHER_RECEIVABLES,430587413534.0,ACTUAL,VNSTOCK_BRONZE
VNM,LATEST,balance_sheet,BS_PROVISION_DOUBTFUL_DEBTS,-9749898633.0,ACTUAL,VNSTOCK_BRONZE
VNM,LATEST,balance_sheet,BS_ASSETS_AWAITING_RESOLUTION,129359577.0,ACTUAL,VNSTOCK_BRONZE
VNM,LATEST,balance_sheet,BS_INVENTORIES,4885749046820.0,ACTUAL,VNSTOCK_BRONZE
VNM,LATEST,balance_sheet,BS_INVENTORIES_GROSS,4901208541928.0,ACTUAL,VNSTOCK_BRONZE
VNM,LATEST,balance_sheet,BS_PROVISION_INVENTORIES,-15459495108.0,ACTUAL,VNSTOCK_BRONZE
VNM,LATEST,balance_sheet,BS_OTHER_SHORT_TERM_ASSETS,229481823436.0,ACTUAL,VNSTOCK_BRONZE
VNM,LATEST,balance_sheet,BS_SHORT_TERM_PREPAYMENTS,87674648775.0,ACTUAL,VNSTOCK_BRONZE
VNM,LATEST,balance_sheet,BS_DEDUCTIBLE_VALUE_ADDED_TAX,141344859597.0,ACTUAL,VNSTOCK_BRONZE
VNM,LATEST,balance_sheet,BS_TAXES_AND_OTHER_RECEIVABLES_FROM_STATE_AUTHORITIES,462315064.0,ACTUAL,VNSTOCK_BRONZE
VNM,LATEST,balance_sheet,BS_LONG_TERM_ASSETS,15364851440316.0,ACTUAL,VNSTOCK_BRONZE
VNM,LATEST,balance_sheet,BS_LONG_TERM_RECEIVABLES,114094900047.0,ACTUAL,VNSTOCK_BRONZE
VNM,LATEST,balance_sheet,BS_LONG_TERM_TRADE_RECEIVABLES,91646857680.0,ACTUAL,VNSTOCK_BRONZE
VNM,LATEST,balance_sheet,BS_LONG_TERM_LOAN_RECEIVABLES,3702337981.0,ACTUAL,VNSTOCK_BRONZE
VNM,LATEST,balance_sheet,BS_OTHER_LONG_TERM_RECEIVABLES_LEGACY,18745704386.0,ACTUAL,VNSTOCK_BRONZE
VNM,LATEST,balance_sheet,BS_FIXED_ASSETS,11094916871141.0,ACTUAL,VNSTOCK_BRONZE
VNM,LATEST,balance_sheet,BS_TANGIBLE_FIXED_ASSETS,10779725856986.0,ACTUAL,VNSTOCK_BRONZE
VNM,LATEST,balance_sheet,BS_TANGIBLE_FIXED_ASSETS_COST,19909514843023.0,ACTUAL,VNSTOCK_BRONZE
VNM,LATEST,balance_sheet,BS_TANGIBLE_FIXED_ASSETS_ACCUMULATED_DEPRECIATION,-9129788986037.0,ACTUAL,VNSTOCK_BRONZE
VNM,LATEST,balance_sheet,BS_FINANCE_LEASE_FIXED_ASSETS,0.0,ACTUAL,VNSTOCK_BRONZE
VNM,LATEST,balance_sheet,BS_FINANCE_LEASE_FIXED_ASSETS_COST,0.0,ACTUAL,VNSTOCK_BRONZE
VNM,LATEST,balance_sheet,BS_FINANCE_LEASE_FIXED_ASSETS_ACCUMULATED_DEPRECIATION,-0.0,ACTUAL,VNSTOCK_BRONZE
VNM,LATEST,balance_sheet,BS_INTANGIBLE_FIXED_ASSETS,315191014155.0,ACTUAL,VNSTOCK_BRONZE
VNM,LATEST,balance_sheet,BS_INTANGIBLE_FIXED_ASSETS_COST,464934944961.0,ACTUAL,VNSTOCK_BRONZE
VNM,LATEST,balance_sheet,BS_INTANGIBLE_FIXED_ASSETS_ACCUMULATED_DEPRECIATION,-149743930806.0,ACTUAL,VNSTOCK_BRONZE
VNM,LATEST,balance_sheet,BS_INVESTMENT_PROPERTIES,93441991719.0,ACTUAL,VNSTOCK_BRONZE
VNM,LATEST,balance_sheet,BS_INVESTMENT_PROPERTIES_COST,147320450623.0,ACTUAL,VNSTOCK_BRONZE
VNM,LATEST,balance_sheet,BS_INVESTMENT_PROPERTIES_ACCUMULATED_DEPRECIATION,-53878458904.0,ACTUAL,VNSTOCK_BRONZE
VNM,LATEST,balance_sheet,BS_CONSTRUCTION_IN_PROGRESS,2425259837554.0,ACTUAL,VNSTOCK_BRONZE
VNM,LATEST,balance_sheet,BS_LONG_TERM_PRODUCTION_IN_PROGRESS,141955633396.0,ACTUAL,VNSTOCK_BRONZE
VNM,LATEST,balance_sheet,BS_CAPITAL_CONSTRUCTION_IN_PROGRESS,2283304204158.0,ACTUAL,VNSTOCK_BRONZE
VNM,LATEST,balance_sheet,BS_LONG_TERM_INVESTMENTS,572253172131.0,ACTUAL,VNSTOCK_BRONZE
VNM,LATEST,balance_sheet,BS_INVESTMENTS_IN_JOINT_VENTURES,500797618946.0,ACTUAL,VNSTOCK_BRONZE
VNM,LATEST,balance_sheet,BS_OTHER_LONG_TERM_INVESTMENTS,72075427154.0,ACTUAL,VNSTOCK_BRONZE
VNM,LATEST,balance_sheet,BS_PROVISION_LONG_TERM_INVESTMENTS,-619873969.0,ACTUAL,VNSTOCK_BRONZE
VNM,LATEST,balance_sheet,BS_HELD_TO_MATURITY_INVESTMENTS,0.0,ACTUAL,VNSTOCK_BRONZE
VNM,LATEST,balance_sheet,BS_OTHER_LONG_TERM_ASSETS,1064884667724.0,ACTUAL,VNSTOCK_BRONZE
VNM,LATEST,balance_sheet,BS_LONG_TERM_PREPAYMENTS,595192603070.0,ACTUAL,VNSTOCK_BRONZE
VNM,LATEST,balance_sheet,BS_DEFERRED_TAX_ASSETS,22721349007.0,ACTUAL,VNSTOCK_BRONZE
VNM,LATEST,balance_sheet,BS_LONG_TERM_EQUIPMENT_SUPPLIES_SPARE_PARTS,0.0,ACTUAL,VNSTOCK_BRONZE
VNM,LATEST,balance_sheet,BS_OTHER_LONG_TERM_ASSETS_DETAIL,0.0,ACTUAL,VNSTOCK_BRONZE
VNM,LATEST,balance_sheet,BS_GOODWILL,446970715647.0,ACTUAL,VNSTOCK_BRONZE
VNM,LATEST,balance_sheet,BS_TOTAL_ASSETS,36183530062338.0,ACTUAL,VNSTOCK_BRONZE
VNM,LATEST,balance_sheet,BS_TOTAL_LIABILITIES,9647480149806.0,ACTUAL,VNSTOCK_BRONZE
VNM,LATEST,balance_sheet,BS_SHORT_TERM_LIABILITIES,8862722162878.0,ACTUAL,VNSTOCK_BRONZE
VNM,LATEST,balance_sheet,BS_GOVERNMENT_BOND_REPURCHASE_TRANSACTIONS,0.0,ACTUAL,VNSTOCK_BRONZE
VNM,LATEST,balance_sheet,BS_TRADE_ACCOUNTS_PAYABLE,3819958740234.0,ACTUAL,VNSTOCK_BRONZE
VNM,LATEST,balance_sheet,BS_ADVANCES_FROM_CUSTOMERS,365688934983.0,ACTUAL,VNSTOCK_BRONZE
VNM,LATEST,balance_sheet,BS_TAXES_AND_OTHER_PAYABLES_TO_STATE_AUTHORITIES,732991785388.0,ACTUAL,VNSTOCK_BRONZE
VNM,LATEST,balance_sheet,BS_PAYABLE_TO_EMPLOYEES,156062380956.0,ACTUAL,VNSTOCK_BRONZE
VNM,LATEST,balance_sheet,BS_ACCRUED_EXPENSES,1077969037974.0,ACTUAL,VNSTOCK_BRONZE
VNM,LATEST,balance_sheet,BS_SHORT_TERM_UNEARNED_REVENUE,6070831960.0,ACTUAL,VNSTOCK_BRONZE
VNM,LATEST,balance_sheet,BS_OTHER_PAYABLES,566597855485.0,ACTUAL,VNSTOCK_BRONZE
VNM,LATEST,balance_sheet,BS_SHORT_TERM_BORROWINGS,1797452552318.0,ACTUAL,VNSTOCK_BRONZE
VNM,LATEST,balance_sheet,BS_SHORT_TERM_PROVISIONS,9993166732.0,ACTUAL,VNSTOCK_BRONZE
VNM,LATEST,balance_sheet,BS_BONUS_AND_WELFARE_FUND,329936876848.0,ACTUAL,VNSTOCK_BRONZE
VNM,LATEST,balance_sheet,BS_LONG_TERM_LIABILITIES,784757986928.0,ACTUAL,VNSTOCK_BRONZE
VNM,LATEST,balance_sheet,BS_LONG_TERM_TRADE_PAYABLES,0.0,ACTUAL,VNSTOCK_BRONZE
VNM,LATEST,balance_sheet,BS_LONG_TERM_ACCRUED_EXPENSES,219326848368.0,ACTUAL,VNSTOCK_BRONZE
VNM,LATEST,balance_sheet,BS_LONG_TERM_UNEARNED_REVENUE,1039560218.0,ACTUAL,VNSTOCK_BRONZE
VNM,LATEST,balance_sheet,BS_OTHER_LONG_TERM_LIABILITIES,31842717040.0,ACTUAL,VNSTOCK_BRONZE
VNM,LATEST,balance_sheet,BS_LONG_TERM_BORROWINGS,243603105068.0,ACTUAL,VNSTOCK_BRONZE
VNM,LATEST,balance_sheet,BS_DEFERRED_TAX_LIABILITIES,186934101020.0,ACTUAL,VNSTOCK_BRONZE
VNM,LATEST,balance_sheet,BS_LONG_TERM_PROVISIONS,102011655214.0,ACTUAL,VNSTOCK_BRONZE
VNM,LATEST,balance_sheet,BS_EQUITY,26536049912532.0,ACTUAL,VNSTOCK_BRONZE
VNM,LATEST,balance_sheet,BS_OWNERS_EQUITY,26536049912532.0,ACTUAL,VNSTOCK_BRONZE
VNM,LATEST,balance_sheet,BS_CHARTER_CAPITAL,14514534290000.0,ACTUAL,VNSTOCK_BRONZE
VNM,LATEST,balance_sheet,BS_CAPITAL_FROM_OWNERS,14514534290000.0,ACTUAL,VNSTOCK_BRONZE
VNM,LATEST,balance_sheet,BS_SHARE_PREMIUM,260699620761.0,ACTUAL,VNSTOCK_BRONZE
VNM,LATEST,balance_sheet,BS_OTHER_CAPITAL,0.0,ACTUAL,VNSTOCK_BRONZE
VNM,LATEST,balance_sheet,BS_TREASURY_SHARES,-9481110600.0,ACTUAL,VNSTOCK_BRONZE
VNM,LATEST,balance_sheet,BS_FOREIGN_EXCHANGE_DIFFERENCES,22035145985.0,ACTUAL,VNSTOCK_BRONZE
VNM,LATEST,balance_sheet,BS_INVESTMENT_AND_DEVELOPMENT_FUND,3365242121688.0,ACTUAL,VNSTOCK_BRONZE
VNM,LATEST,balance_sheet,BS_RETAINED_EARNINGS,7892017119552.0,ACTUAL,VNSTOCK_BRONZE
VNM,LATEST,balance_sheet,BS_ACCUMULATED_RETAINED_EARNING_AT_THE_END_OF_THE_PREVIOUS_PERIOD,3560050505958.0,ACTUAL,VNSTOCK_BRONZE
VNM,LATEST,balance_sheet,BS_PROFIT_THIS_PERIOD,4331966613594.0,ACTUAL,VNSTOCK_BRONZE
VNM,LATEST,balance_sheet,BS_MINORITY_INTEREST,491002725146.0,ACTUAL,VNSTOCK_BRONZE
VNM,LATEST,balance_sheet,BS_TOTAL_LIABILITIES_AND_EQUITY,36183530062338.0,ACTUAL,VNSTOCK_BRONZE
VNM,LATEST,balance_sheet,BS_SHORT_TERM_ASSETS,18360115898846.0,ACTUAL,VNSTOCK_BRONZE
VNM,LATEST,balance_sheet,BS_CASH_AND_PRECIOUS_METALS,630784664818.0,ACTUAL,VNSTOCK_BRONZE
VNM,LATEST,balance_sheet,BS_CASH,545784664818.0,ACTUAL,VNSTOCK_BRONZE
VNM,LATEST,balance_sheet,BS_CASH_EQUIVALENTS,85000000000.0,ACTUAL,VNSTOCK_BRONZE
VNM,LATEST,balance_sheet,BS_SHORT_TERM_INVESTMENTS,7772300444146.0,ACTUAL,VNSTOCK_BRONZE
VNM,LATEST,balance_sheet,BS_FVTPL_FINANCIAL_ASSETS,443161346585.0,ACTUAL,VNSTOCK_BRONZE
VNM,LATEST,balance_sheet,BS_PROVISIONS_FOR_IMPAIRMENT_LOSS_OF_FINANCIAL_ASSETS_AND_MORTGAGES,-694341044.0,ACTUAL,VNSTOCK_BRONZE
VNM,LATEST,balance_sheet,BS_HELD_TO_MATURITY_SECURITIES,7329833438605.0,ACTUAL,VNSTOCK_BRONZE
VNM,LATEST,balance_sheet,BS_SHORT_TERM_RECEIVABLES,5460673084444.0,ACTUAL,VNSTOCK_BRONZE
VNM,LATEST,balance_sheet,BS_TRADE_RECEIVABLES,4235883096045.0,ACTUAL,VNSTOCK_BRONZE
VNM,LATEST,balance_sheet,BS_PREPAYMENTS_TO_SUPPLIERS,793597136008.0,ACTUAL,VNSTOCK_BRONZE
VNM,LATEST,balance_sheet,BS_SHORT_TERM_LOAN_RECEIVABLES,0.0,ACTUAL,VNSTOCK_BRONZE
VNM,LATEST,balance_sheet,BS_OTHER_RECEIVABLES,440479822250.0,ACTUAL,VNSTOCK_BRONZE
VNM,LATEST,balance_sheet,BS_PROVISION_DOUBTFUL_DEBTS,-10628729716.0,ACTUAL,VNSTOCK_BRONZE
VNM,LATEST,balance_sheet,BS_ASSETS_AWAITING_RESOLUTION,1341759857.0,ACTUAL,VNSTOCK_BRONZE
VNM,LATEST,balance_sheet,BS_INVENTORIES,4320172955926.0,ACTUAL,VNSTOCK_BRONZE
VNM,LATEST,balance_sheet,BS_INVENTORIES_GROSS,4331976652237.0,ACTUAL,VNSTOCK_BRONZE
VNM,LATEST,balance_sheet,BS_PROVISION_INVENTORIES,-11803696311.0,ACTUAL,VNSTOCK_BRONZE
VNM,LATEST,balance_sheet,BS_OTHER_SHORT_TERM_ASSETS,176184749512.0,ACTUAL,VNSTOCK_BRONZE
VNM,LATEST,balance_sheet,BS_SHORT_TERM_PREPAYMENTS,92431366027.0,ACTUAL,VNSTOCK_BRONZE
VNM,LATEST,balance_sheet,BS_DEDUCTIBLE_VALUE_ADDED_TAX,83291068421.0,ACTUAL,VNSTOCK_BRONZE
VNM,LATEST,balance_sheet,BS_TAXES_AND_OTHER_RECEIVABLES_FROM_STATE_AUTHORITIES,462315064.0,ACTUAL,VNSTOCK_BRONZE
VNM,LATEST,balance_sheet,BS_LONG_TERM_ASSETS,15666315495522.0,ACTUAL,VNSTOCK_BRONZE
VNM,LATEST,balance_sheet,BS_LONG_TERM_RECEIVABLES,116065795456.0,ACTUAL,VNSTOCK_BRONZE
VNM,LATEST,balance_sheet,BS_LONG_TERM_TRADE_RECEIVABLES,93126322660.0,ACTUAL,VNSTOCK_BRONZE
VNM,LATEST,balance_sheet,BS_LONG_TERM_LOAN_RECEIVABLES,4043428184.0,ACTUAL,VNSTOCK_BRONZE
VNM,LATEST,balance_sheet,BS_OTHER_LONG_TERM_RECEIVABLES_LEGACY,18896044612.0,ACTUAL,VNSTOCK_BRONZE
VNM,LATEST,balance_sheet,BS_FIXED_ASSETS,11621555848270.0,ACTUAL,VNSTOCK_BRONZE
VNM,LATEST,balance_sheet,BS_TANGIBLE_FIXED_ASSETS,11306557219755.0,ACTUAL,VNSTOCK_BRONZE
VNM,LATEST,balance_sheet,BS_TANGIBLE_FIXED_ASSETS_COST,20784013563357.0,ACTUAL,VNSTOCK_BRONZE
VNM,LATEST,balance_sheet,BS_TANGIBLE_FIXED_ASSETS_ACCUMULATED_DEPRECIATION,-9477456343602.0,ACTUAL,VNSTOCK_BRONZE
VNM,LATEST,balance_sheet,BS_FINANCE_LEASE_FIXED_ASSETS,0.0,ACTUAL,VNSTOCK_BRONZE
VNM,LATEST,balance_sheet,BS_FINANCE_LEASE_FIXED_ASSETS_COST,0.0,ACTUAL,VNSTOCK_BRONZE
VNM,LATEST,balance_sheet,BS_FINANCE_LEASE_FIXED_ASSETS_ACCUMULATED_DEPRECIATION,-0.0,ACTUAL,VNSTOCK_BRONZE
VNM,LATEST,balance_sheet,BS_INTANGIBLE_FIXED_ASSETS,314998628515.0,ACTUAL,VNSTOCK_BRONZE
VNM,LATEST,balance_sheet,BS_INTANGIBLE_FIXED_ASSETS_COST,469248251382.0,ACTUAL,VNSTOCK_BRONZE
VNM,LATEST,balance_sheet,BS_INTANGIBLE_FIXED_ASSETS_ACCUMULATED_DEPRECIATION,-154249622867.0,ACTUAL,VNSTOCK_BRONZE
VNM,LATEST,balance_sheet,BS_INVESTMENT_PROPERTIES,91845096228.0,ACTUAL,VNSTOCK_BRONZE
VNM,LATEST,balance_sheet,BS_INVESTMENT_PROPERTIES_COST,147320450623.0,ACTUAL,VNSTOCK_BRONZE
VNM,LATEST,balance_sheet,BS_INVESTMENT_PROPERTIES_ACCUMULATED_DEPRECIATION,-55475354395.0,ACTUAL,VNSTOCK_BRONZE
VNM,LATEST,balance_sheet,BS_CONSTRUCTION_IN_PROGRESS,2087296764444.0,ACTUAL,VNSTOCK_BRONZE
VNM,LATEST,balance_sheet,BS_LONG_TERM_PRODUCTION_IN_PROGRESS,201274162054.0,ACTUAL,VNSTOCK_BRONZE
VNM,LATEST,balance_sheet,BS_CAPITAL_CONSTRUCTION_IN_PROGRESS,1886022602390.0,ACTUAL,VNSTOCK_BRONZE
VNM,LATEST,balance_sheet,BS_LONG_TERM_INVESTMENTS,674700748738.0,ACTUAL,VNSTOCK_BRONZE
VNM,LATEST,balance_sheet,BS_INVESTMENTS_IN_JOINT_VENTURES,503231875554.0,ACTUAL,VNSTOCK_BRONZE
VNM,LATEST,balance_sheet,BS_OTHER_LONG_TERM_INVESTMENTS,72088747153.0,ACTUAL,VNSTOCK_BRONZE
VNM,LATEST,balance_sheet,BS_PROVISION_LONG_TERM_INVESTMENTS,-619873969.0,ACTUAL,VNSTOCK_BRONZE
VNM,LATEST,balance_sheet,BS_HELD_TO_MATURITY_INVESTMENTS,100000000000.0,ACTUAL,VNSTOCK_BRONZE
VNM,LATEST,balance_sheet,BS_OTHER_LONG_TERM_ASSETS,1074851242386.0,ACTUAL,VNSTOCK_BRONZE
VNM,LATEST,balance_sheet,BS_LONG_TERM_PREPAYMENTS,636060459744.0,ACTUAL,VNSTOCK_BRONZE
VNM,LATEST,balance_sheet,BS_DEFERRED_TAX_ASSETS,5799758289.0,ACTUAL,VNSTOCK_BRONZE
VNM,LATEST,balance_sheet,BS_LONG_TERM_EQUIPMENT_SUPPLIES_SPARE_PARTS,0.0,ACTUAL,VNSTOCK_BRONZE
VNM,LATEST,balance_sheet,BS_OTHER_LONG_TERM_ASSETS_DETAIL,0.0,ACTUAL,VNSTOCK_BRONZE
VNM,LATEST,balance_sheet,BS_GOODWILL,432991024353.0,ACTUAL,VNSTOCK_BRONZE
VNM,LATEST,balance_sheet,BS_TOTAL_ASSETS,34026431394368.0,ACTUAL,VNSTOCK_BRONZE
VNM,LATEST,balance_sheet,BS_TOTAL_LIABILITIES,8076222108091.0,ACTUAL,VNSTOCK_BRONZE
VNM,LATEST,balance_sheet,BS_SHORT_TERM_LIABILITIES,7381050047407.0,ACTUAL,VNSTOCK_BRONZE
VNM,LATEST,balance_sheet,BS_GOVERNMENT_BOND_REPURCHASE_TRANSACTIONS,0.0,ACTUAL,VNSTOCK_BRONZE
VNM,LATEST,balance_sheet,BS_TRADE_ACCOUNTS_PAYABLE,2973930743991.0,ACTUAL,VNSTOCK_BRONZE
VNM,LATEST,balance_sheet,BS_ADVANCES_FROM_CUSTOMERS,246420929400.0,ACTUAL,VNSTOCK_BRONZE
VNM,LATEST,balance_sheet,BS_TAXES_AND_OTHER_PAYABLES_TO_STATE_AUTHORITIES,839960420850.0,ACTUAL,VNSTOCK_BRONZE
VNM,LATEST,balance_sheet,BS_PAYABLE_TO_EMPLOYEES,183493089292.0,ACTUAL,VNSTOCK_BRONZE
VNM,LATEST,balance_sheet,BS_ACCRUED_EXPENSES,1180328235739.0,ACTUAL,VNSTOCK_BRONZE
VNM,LATEST,balance_sheet,BS_SHORT_TERM_UNEARNED_REVENUE,4750270950.0,ACTUAL,VNSTOCK_BRONZE
VNM,LATEST,balance_sheet,BS_OTHER_PAYABLES,607771453859.0,ACTUAL,VNSTOCK_BRONZE
VNM,LATEST,balance_sheet,BS_SHORT_TERM_BORROWINGS,956294678845.0,ACTUAL,VNSTOCK_BRONZE
VNM,LATEST,balance_sheet,BS_SHORT_TERM_PROVISIONS,11647496695.0,ACTUAL,VNSTOCK_BRONZE
VNM,LATEST,balance_sheet,BS_BONUS_AND_WELFARE_FUND,376452727786.0,ACTUAL,VNSTOCK_BRONZE
VNM,LATEST,balance_sheet,BS_LONG_TERM_LIABILITIES,695172060684.0,ACTUAL,VNSTOCK_BRONZE
VNM,LATEST,balance_sheet,BS_LONG_TERM_TRADE_PAYABLES,0.0,ACTUAL,VNSTOCK_BRONZE
VNM,LATEST,balance_sheet,BS_LONG_TERM_ACCRUED_EXPENSES,228596165802.0,ACTUAL,VNSTOCK_BRONZE
VNM,LATEST,balance_sheet,BS_LONG_TERM_UNEARNED_REVENUE,1039560218.0,ACTUAL,VNSTOCK_BRONZE
VNM,LATEST,balance_sheet,BS_OTHER_LONG_TERM_LIABILITIES,31069756665.0,ACTUAL,VNSTOCK_BRONZE
VNM,LATEST,balance_sheet,BS_LONG_TERM_BORROWINGS,246268247487.0,ACTUAL,VNSTOCK_BRONZE
VNM,LATEST,balance_sheet,BS_DEFERRED_TAX_LIABILITIES,185288571373.0,ACTUAL,VNSTOCK_BRONZE
VNM,LATEST,balance_sheet,BS_LONG_TERM_PROVISIONS,2909759139.0,ACTUAL,VNSTOCK_BRONZE
VNM,LATEST,balance_sheet,BS_EQUITY,25950209286277.0,ACTUAL,VNSTOCK_BRONZE
VNM,LATEST,balance_sheet,BS_OWNERS_EQUITY,25950209286277.0,ACTUAL,VNSTOCK_BRONZE
VNM,LATEST,balance_sheet,BS_CHARTER_CAPITAL,17416877930000.0,ACTUAL,VNSTOCK_BRONZE
VNM,LATEST,balance_sheet,BS_CAPITAL_FROM_OWNERS,17416877930000.0,ACTUAL,VNSTOCK_BRONZE
VNM,LATEST,balance_sheet,BS_SHARE_PREMIUM,0.0,ACTUAL,VNSTOCK_BRONZE
VNM,LATEST,balance_sheet,BS_OTHER_CAPITAL,0.0,ACTUAL,VNSTOCK_BRONZE
VNM,LATEST,balance_sheet,BS_TREASURY_SHARES,-9851596440.0,ACTUAL,VNSTOCK_BRONZE
VNM,LATEST,balance_sheet,BS_FOREIGN_EXCHANGE_DIFFERENCES,34006738492.0,ACTUAL,VNSTOCK_BRONZE
VNM,LATEST,balance_sheet,BS_INVESTMENT_AND_DEVELOPMENT_FUND,971862470616.0,ACTUAL,VNSTOCK_BRONZE
VNM,LATEST,balance_sheet,BS_RETAINED_EARNINGS,7045967464638.0,ACTUAL,VNSTOCK_BRONZE
VNM,LATEST,balance_sheet,BS_ACCUMULATED_RETAINED_EARNING_AT_THE_END_OF_THE_PREVIOUS_PERIOD,3560050505957.0,ACTUAL,VNSTOCK_BRONZE
VNM,LATEST,balance_sheet,BS_PROFIT_THIS_PERIOD,3485916958681.0,ACTUAL,VNSTOCK_BRONZE
VNM,LATEST,balance_sheet,BS_MINORITY_INTEREST,491346278971.0,ACTUAL,VNSTOCK_BRONZE
VNM,LATEST,balance_sheet,BS_TOTAL_LIABILITIES_AND_EQUITY,34026431394368.0,ACTUAL,VNSTOCK_BRONZE
VNM,LATEST,balance_sheet,BS_SHORT_TERM_ASSETS,20559756794837.0,ACTUAL,VNSTOCK_BRONZE
VNM,LATEST,balance_sheet,BS_CASH_AND_PRECIOUS_METALS,1522610167671.0,ACTUAL,VNSTOCK_BRONZE
VNM,LATEST,balance_sheet,BS_CASH,1072610167671.0,ACTUAL,VNSTOCK_BRONZE
VNM,LATEST,balance_sheet,BS_CASH_EQUIVALENTS,450000000000.0,ACTUAL,VNSTOCK_BRONZE
VNM,LATEST,balance_sheet,BS_SHORT_TERM_INVESTMENTS,8673926951890.0,ACTUAL,VNSTOCK_BRONZE
VNM,LATEST,balance_sheet,BS_FVTPL_FINANCIAL_ASSETS,443154262451.0,ACTUAL,VNSTOCK_BRONZE
VNM,LATEST,balance_sheet,BS_PROVISIONS_FOR_IMPAIRMENT_LOSS_OF_FINANCIAL_ASSETS_AND_MORTGAGES,-605728258.0,ACTUAL,VNSTOCK_BRONZE
VNM,LATEST,balance_sheet,BS_HELD_TO_MATURITY_SECURITIES,8231378417697.0,ACTUAL,VNSTOCK_BRONZE
VNM,LATEST,balance_sheet,BS_SHORT_TERM_RECEIVABLES,4639447900101.0,ACTUAL,VNSTOCK_BRONZE
VNM,LATEST,balance_sheet,BS_TRADE_RECEIVABLES,3380017354930.0,ACTUAL,VNSTOCK_BRONZE
VNM,LATEST,balance_sheet,BS_PREPAYMENTS_TO_SUPPLIERS,876158254325.0,ACTUAL,VNSTOCK_BRONZE
VNM,LATEST,balance_sheet,BS_SHORT_TERM_LOAN_RECEIVABLES,0.0,ACTUAL,VNSTOCK_BRONZE
VNM,LATEST,balance_sheet,BS_OTHER_RECEIVABLES,394535471938.0,ACTUAL,VNSTOCK_BRONZE
VNM,LATEST,balance_sheet,BS_PROVISION_DOUBTFUL_DEBTS,-11263181092.0,ACTUAL,VNSTOCK_BRONZE
VNM,LATEST,balance_sheet,BS_ASSETS_AWAITING_RESOLUTION,0.0,ACTUAL,VNSTOCK_BRONZE
VNM,LATEST,balance_sheet,BS_INVENTORIES,5525845959354.0,ACTUAL,VNSTOCK_BRONZE
VNM,LATEST,balance_sheet,BS_INVENTORIES_GROSS,5538304348980.0,ACTUAL,VNSTOCK_BRONZE
VNM,LATEST,balance_sheet,BS_PROVISION_INVENTORIES,-12458389626.0,ACTUAL,VNSTOCK_BRONZE
VNM,LATEST,balance_sheet,BS_OTHER_SHORT_TERM_ASSETS,197925815821.0,ACTUAL,VNSTOCK_BRONZE
VNM,LATEST,balance_sheet,BS_SHORT_TERM_PREPAYMENTS,54821120257.0,ACTUAL,VNSTOCK_BRONZE
VNM,LATEST,balance_sheet,BS_DEDUCTIBLE_VALUE_ADDED_TAX,142642380500.0,ACTUAL,VNSTOCK_BRONZE
VNM,LATEST,balance_sheet,BS_TAXES_AND_OTHER_RECEIVABLES_FROM_STATE_AUTHORITIES,462315064.0,ACTUAL,VNSTOCK_BRONZE
VNM,LATEST,balance_sheet,BS_LONG_TERM_ASSETS,16806351859342.0,ACTUAL,VNSTOCK_BRONZE
VNM,LATEST,balance_sheet,BS_LONG_TERM_RECEIVABLES,88443241642.0,ACTUAL,VNSTOCK_BRONZE
VNM,LATEST,balance_sheet,BS_LONG_TERM_TRADE_RECEIVABLES,67658410631.0,ACTUAL,VNSTOCK_BRONZE
VNM,LATEST,balance_sheet,BS_LONG_TERM_LOAN_RECEIVABLES,3143509548.0,ACTUAL,VNSTOCK_BRONZE
VNM,LATEST,balance_sheet,BS_OTHER_LONG_TERM_RECEIVABLES_LEGACY,17641321463.0,ACTUAL,VNSTOCK_BRONZE
VNM,LATEST,balance_sheet,BS_FIXED_ASSETS,13365353599098.0,ACTUAL,VNSTOCK_BRONZE
VNM,LATEST,balance_sheet,BS_TANGIBLE_FIXED_ASSETS,13047771431436.0,ACTUAL,VNSTOCK_BRONZE
VNM,LATEST,balance_sheet,BS_TANGIBLE_FIXED_ASSETS_COST,22952360450312.0,ACTUAL,VNSTOCK_BRONZE
VNM,LATEST,balance_sheet,BS_TANGIBLE_FIXED_ASSETS_ACCUMULATED_DEPRECIATION,-9904589018876.0,ACTUAL,VNSTOCK_BRONZE
VNM,LATEST,balance_sheet,BS_FINANCE_LEASE_FIXED_ASSETS,0.0,ACTUAL,VNSTOCK_BRONZE
VNM,LATEST,balance_sheet,BS_FINANCE_LEASE_FIXED_ASSETS_COST,0.0,ACTUAL,VNSTOCK_BRONZE
VNM,LATEST,balance_sheet,BS_FINANCE_LEASE_FIXED_ASSETS_ACCUMULATED_DEPRECIATION,-0.0,ACTUAL,VNSTOCK_BRONZE
VNM,LATEST,balance_sheet,BS_INTANGIBLE_FIXED_ASSETS,317582167662.0,ACTUAL,VNSTOCK_BRONZE
VNM,LATEST,balance_sheet,BS_INTANGIBLE_FIXED_ASSETS_COST,475569436392.0,ACTUAL,VNSTOCK_BRONZE
VNM,LATEST,balance_sheet,BS_INTANGIBLE_FIXED_ASSETS_ACCUMULATED_DEPRECIATION,-157987268730.0,ACTUAL,VNSTOCK_BRONZE
VNM,LATEST,balance_sheet,BS_INVESTMENT_PROPERTIES,90248200759.0,ACTUAL,VNSTOCK_BRONZE
VNM,LATEST,balance_sheet,BS_INVESTMENT_PROPERTIES_COST,147320450623.0,ACTUAL,VNSTOCK_BRONZE
VNM,LATEST,balance_sheet,BS_INVESTMENT_PROPERTIES_ACCUMULATED_DEPRECIATION,-57072249864.0,ACTUAL,VNSTOCK_BRONZE
VNM,LATEST,balance_sheet,BS_CONSTRUCTION_IN_PROGRESS,868245878253.0,ACTUAL,VNSTOCK_BRONZE
VNM,LATEST,balance_sheet,BS_LONG_TERM_PRODUCTION_IN_PROGRESS,214398200249.0,ACTUAL,VNSTOCK_BRONZE
VNM,LATEST,balance_sheet,BS_CAPITAL_CONSTRUCTION_IN_PROGRESS,653847678004.0,ACTUAL,VNSTOCK_BRONZE
VNM,LATEST,balance_sheet,BS_LONG_TERM_INVESTMENTS,1068660695119.0,ACTUAL,VNSTOCK_BRONZE
VNM,LATEST,balance_sheet,BS_INVESTMENTS_IN_JOINT_VENTURES,497498739617.0,ACTUAL,VNSTOCK_BRONZE
VNM,LATEST,balance_sheet,BS_OTHER_LONG_TERM_INVESTMENTS,72083527154.0,ACTUAL,VNSTOCK_BRONZE
VNM,LATEST,balance_sheet,BS_PROVISION_LONG_TERM_INVESTMENTS,-921571652.0,ACTUAL,VNSTOCK_BRONZE
VNM,LATEST,balance_sheet,BS_HELD_TO_MATURITY_INVESTMENTS,500000000000.0,ACTUAL,VNSTOCK_BRONZE
VNM,LATEST,balance_sheet,BS_OTHER_LONG_TERM_ASSETS,1325400244471.0,ACTUAL,VNSTOCK_BRONZE
VNM,LATEST,balance_sheet,BS_LONG_TERM_PREPAYMENTS,750599476304.0,ACTUAL,VNSTOCK_BRONZE
VNM,LATEST,balance_sheet,BS_DEFERRED_TAX_ASSETS,36460665848.0,ACTUAL,VNSTOCK_BRONZE
VNM,LATEST,balance_sheet,BS_LONG_TERM_EQUIPMENT_SUPPLIES_SPARE_PARTS,0.0,ACTUAL,VNSTOCK_BRONZE
VNM,LATEST,balance_sheet,BS_OTHER_LONG_TERM_ASSETS_DETAIL,0.0,ACTUAL,VNSTOCK_BRONZE
VNM,LATEST,balance_sheet,BS_GOODWILL,538340102319.0,ACTUAL,VNSTOCK_BRONZE
VNM,LATEST,balance_sheet,BS_TOTAL_ASSETS,37366108654179.0,ACTUAL,VNSTOCK_BRONZE
VNM,LATEST,balance_sheet,BS_TOTAL_LIABILITIES,11094739362252.0,ACTUAL,VNSTOCK_BRONZE
VNM,LATEST,balance_sheet,BS_SHORT_TERM_LIABILITIES,10639592009462.0,ACTUAL,VNSTOCK_BRONZE
VNM,LATEST,balance_sheet,BS_GOVERNMENT_BOND_REPURCHASE_TRANSACTIONS,0.0,ACTUAL,VNSTOCK_BRONZE
VNM,LATEST,balance_sheet,BS_TRADE_ACCOUNTS_PAYABLE,3991064706111.0,ACTUAL,VNSTOCK_BRONZE
VNM,LATEST,balance_sheet,BS_ADVANCES_FROM_CUSTOMERS,535552943437.0,ACTUAL,VNSTOCK_BRONZE
VNM,LATEST,balance_sheet,BS_TAXES_AND_OTHER_PAYABLES_TO_STATE_AUTHORITIES,341669047623.0,ACTUAL,VNSTOCK_BRONZE
VNM,LATEST,balance_sheet,BS_PAYABLE_TO_EMPLOYEES,215270553609.0,ACTUAL,VNSTOCK_BRONZE
VNM,LATEST,balance_sheet,BS_ACCRUED_EXPENSES,1437232532734.0,ACTUAL,VNSTOCK_BRONZE
VNM,LATEST,balance_sheet,BS_SHORT_TERM_UNEARNED_REVENUE,6910881322.0,ACTUAL,VNSTOCK_BRONZE
VNM,LATEST,balance_sheet,BS_OTHER_PAYABLES,2540327951932.0,ACTUAL,VNSTOCK_BRONZE
VNM,LATEST,balance_sheet,BS_SHORT_TERM_BORROWINGS,1060047652329.0,ACTUAL,VNSTOCK_BRONZE
VNM,LATEST,balance_sheet,BS_SHORT_TERM_PROVISIONS,4502303315.0,ACTUAL,VNSTOCK_BRONZE
VNM,LATEST,balance_sheet,BS_BONUS_AND_WELFARE_FUND,507013437050.0,ACTUAL,VNSTOCK_BRONZE
VNM,LATEST,balance_sheet,BS_LONG_TERM_LIABILITIES,455147352790.0,ACTUAL,VNSTOCK_BRONZE
VNM,LATEST,balance_sheet,BS_LONG_TERM_TRADE_PAYABLES,0.0,ACTUAL,VNSTOCK_BRONZE
VNM,LATEST,balance_sheet,BS_LONG_TERM_ACCRUED_EXPENSES,2054753617.0,ACTUAL,VNSTOCK_BRONZE
VNM,LATEST,balance_sheet,BS_LONG_TERM_UNEARNED_REVENUE,415848218.0,ACTUAL,VNSTOCK_BRONZE
VNM,LATEST,balance_sheet,BS_OTHER_LONG_TERM_LIABILITIES,29607431175.0,ACTUAL,VNSTOCK_BRONZE
VNM,LATEST,balance_sheet,BS_LONG_TERM_BORROWINGS,215798919361.0,ACTUAL,VNSTOCK_BRONZE
VNM,LATEST,balance_sheet,BS_DEFERRED_TAX_LIABILITIES,204757714031.0,ACTUAL,VNSTOCK_BRONZE
VNM,LATEST,balance_sheet,BS_LONG_TERM_PROVISIONS,2512686388.0,ACTUAL,VNSTOCK_BRONZE
VNM,LATEST,balance_sheet,BS_EQUITY,26271369291927.0,ACTUAL,VNSTOCK_BRONZE
VNM,LATEST,balance_sheet,BS_OWNERS_EQUITY,26271369291927.0,ACTUAL,VNSTOCK_BRONZE
VNM,LATEST,balance_sheet,BS_CHARTER_CAPITAL,17416877930000.0,ACTUAL,VNSTOCK_BRONZE
VNM,LATEST,balance_sheet,BS_CAPITAL_FROM_OWNERS,17416877930000.0,ACTUAL,VNSTOCK_BRONZE
VNM,LATEST,balance_sheet,BS_SHARE_PREMIUM,0.0,ACTUAL,VNSTOCK_BRONZE
VNM,LATEST,balance_sheet,BS_OTHER_CAPITAL,0.0,ACTUAL,VNSTOCK_BRONZE
VNM,LATEST,balance_sheet,BS_TREASURY_SHARES,-10485707360.0,ACTUAL,VNSTOCK_BRONZE
VNM,LATEST,balance_sheet,BS_FOREIGN_EXCHANGE_DIFFERENCES,27635831784.0,ACTUAL,VNSTOCK_BRONZE
VNM,LATEST,balance_sheet,BS_INVESTMENT_AND_DEVELOPMENT_FUND,1191672373593.0,ACTUAL,VNSTOCK_BRONZE
VNM,LATEST,balance_sheet,BS_RETAINED_EARNINGS,7155434314256.0,ACTUAL,VNSTOCK_BRONZE
VNM,LATEST,balance_sheet,BS_ACCUMULATED_RETAINED_EARNING_AT_THE_END_OF_THE_PREVIOUS_PERIOD,3560050505957.0,ACTUAL,VNSTOCK_BRONZE
VNM,LATEST,balance_sheet,BS_PROFIT_THIS_PERIOD,3595383808299.0,ACTUAL,VNSTOCK_BRONZE
VNM,LATEST,balance_sheet,BS_MINORITY_INTEREST,490234549654.0,ACTUAL,VNSTOCK_BRONZE
VNM,LATEST,balance_sheet,BS_TOTAL_LIABILITIES_AND_EQUITY,37366108654179.0,ACTUAL,VNSTOCK_BRONZE
VNM,LATEST,balance_sheet,BS_SHORT_TERM_ASSETS,22040432596172.0,ACTUAL,VNSTOCK_BRONZE
VNM,LATEST,balance_sheet,BS_CASH_AND_PRECIOUS_METALS,1209154406312.0,ACTUAL,VNSTOCK_BRONZE
VNM,LATEST,balance_sheet,BS_CASH,1029154406312.0,ACTUAL,VNSTOCK_BRONZE
VNM,LATEST,balance_sheet,BS_CASH_EQUIVALENTS,180000000000.0,ACTUAL,VNSTOCK_BRONZE
VNM,LATEST,balance_sheet,BS_SHORT_TERM_INVESTMENTS,9666846652579.0,ACTUAL,VNSTOCK_BRONZE
VNM,LATEST,balance_sheet,BS_FVTPL_FINANCIAL_ASSETS,443154995292.0,ACTUAL,VNSTOCK_BRONZE
VNM,LATEST,balance_sheet,BS_PROVISIONS_FOR_IMPAIRMENT_LOSS_OF_FINANCIAL_ASSETS_AND_MORTGAGES,-606120823.0,ACTUAL,VNSTOCK_BRONZE
VNM,LATEST,balance_sheet,BS_HELD_TO_MATURITY_SECURITIES,9224297778110.0,ACTUAL,VNSTOCK_BRONZE
VNM,LATEST,balance_sheet,BS_SHORT_TERM_RECEIVABLES,5520731708608.0,ACTUAL,VNSTOCK_BRONZE
VNM,LATEST,balance_sheet,BS_TRADE_RECEIVABLES,4251244955578.0,ACTUAL,VNSTOCK_BRONZE
VNM,LATEST,balance_sheet,BS_PREPAYMENTS_TO_SUPPLIERS,824642255092.0,ACTUAL,VNSTOCK_BRONZE
VNM,LATEST,balance_sheet,BS_SHORT_TERM_LOAN_RECEIVABLES,0.0,ACTUAL,VNSTOCK_BRONZE
VNM,LATEST,balance_sheet,BS_OTHER_RECEIVABLES,455166167369.0,ACTUAL,VNSTOCK_BRONZE
VNM,LATEST,balance_sheet,BS_PROVISION_DOUBTFUL_DEBTS,-10321669431.0,ACTUAL,VNSTOCK_BRONZE
VNM,LATEST,balance_sheet,BS_ASSETS_AWAITING_RESOLUTION,0.0,ACTUAL,VNSTOCK_BRONZE
VNM,LATEST,balance_sheet,BS_INVENTORIES,5353836025138.0,ACTUAL,VNSTOCK_BRONZE
VNM,LATEST,balance_sheet,BS_INVENTORIES_GROSS,5370480311055.0,ACTUAL,VNSTOCK_BRONZE
VNM,LATEST,balance_sheet,BS_PROVISION_INVENTORIES,-16644285917.0,ACTUAL,VNSTOCK_BRONZE
VNM,LATEST,balance_sheet,BS_OTHER_SHORT_TERM_ASSETS,289863803535.0,ACTUAL,VNSTOCK_BRONZE
VNM,LATEST,balance_sheet,BS_SHORT_TERM_PREPAYMENTS,195901073135.0,ACTUAL,VNSTOCK_BRONZE
VNM,LATEST,balance_sheet,BS_DEDUCTIBLE_VALUE_ADDED_TAX,93500415336.0,ACTUAL,VNSTOCK_BRONZE
VNM,LATEST,balance_sheet,BS_TAXES_AND_OTHER_RECEIVABLES_FROM_STATE_AUTHORITIES,462315064.0,ACTUAL,VNSTOCK_BRONZE
VNM,LATEST,balance_sheet,BS_LONG_TERM_ASSETS,16264829196683.0,ACTUAL,VNSTOCK_BRONZE
VNM,LATEST,balance_sheet,BS_LONG_TERM_RECEIVABLES,87554893706.0,ACTUAL,VNSTOCK_BRONZE
VNM,LATEST,balance_sheet,BS_LONG_TERM_TRADE_RECEIVABLES,67547427662.0,ACTUAL,VNSTOCK_BRONZE
VNM,LATEST,balance_sheet,BS_LONG_TERM_LOAN_RECEIVABLES,2434285049.0,ACTUAL,VNSTOCK_BRONZE
VNM,LATEST,balance_sheet,BS_OTHER_LONG_TERM_RECEIVABLES_LEGACY,17573180995.0,ACTUAL,VNSTOCK_BRONZE
VNM,LATEST,balance_sheet,BS_FIXED_ASSETS,13090571280454.0,ACTUAL,VNSTOCK_BRONZE
VNM,LATEST,balance_sheet,BS_TANGIBLE_FIXED_ASSETS,12772087510017.0,ACTUAL,VNSTOCK_BRONZE
VNM,LATEST,balance_sheet,BS_TANGIBLE_FIXED_ASSETS_COST,23103938437323.0,ACTUAL,VNSTOCK_BRONZE
VNM,LATEST,balance_sheet,BS_TANGIBLE_FIXED_ASSETS_ACCUMULATED_DEPRECIATION,-10331850927306.0,ACTUAL,VNSTOCK_BRONZE
VNM,LATEST,balance_sheet,BS_FINANCE_LEASE_FIXED_ASSETS,4393411643.0,ACTUAL,VNSTOCK_BRONZE
VNM,LATEST,balance_sheet,BS_FINANCE_LEASE_FIXED_ASSETS_COST,4752709688.0,ACTUAL,VNSTOCK_BRONZE
VNM,LATEST,balance_sheet,BS_FINANCE_LEASE_FIXED_ASSETS_ACCUMULATED_DEPRECIATION,-359298045.0,ACTUAL,VNSTOCK_BRONZE
VNM,LATEST,balance_sheet,BS_INTANGIBLE_FIXED_ASSETS,314090358794.0,ACTUAL,VNSTOCK_BRONZE
VNM,LATEST,balance_sheet,BS_INTANGIBLE_FIXED_ASSETS_COST,476210291788.0,ACTUAL,VNSTOCK_BRONZE
VNM,LATEST,balance_sheet,BS_INTANGIBLE_FIXED_ASSETS_ACCUMULATED_DEPRECIATION,-162119932994.0,ACTUAL,VNSTOCK_BRONZE
VNM,LATEST,balance_sheet,BS_INVESTMENT_PROPERTIES,88651305268.0,ACTUAL,VNSTOCK_BRONZE
VNM,LATEST,balance_sheet,BS_INVESTMENT_PROPERTIES_COST,147320450623.0,ACTUAL,VNSTOCK_BRONZE
VNM,LATEST,balance_sheet,BS_INVESTMENT_PROPERTIES_ACCUMULATED_DEPRECIATION,-58669145355.0,ACTUAL,VNSTOCK_BRONZE
VNM,LATEST,balance_sheet,BS_CONSTRUCTION_IN_PROGRESS,1097167668592.0,ACTUAL,VNSTOCK_BRONZE
VNM,LATEST,balance_sheet,BS_LONG_TERM_PRODUCTION_IN_PROGRESS,202518172439.0,ACTUAL,VNSTOCK_BRONZE
VNM,LATEST,balance_sheet,BS_CAPITAL_CONSTRUCTION_IN_PROGRESS,894649496153.0,ACTUAL,VNSTOCK_BRONZE
VNM,LATEST,balance_sheet,BS_LONG_TERM_INVESTMENTS,631612251272.0,ACTUAL,VNSTOCK_BRONZE
VNM,LATEST,balance_sheet,BS_INVESTMENTS_IN_JOINT_VENTURES,484891039701.0,ACTUAL,VNSTOCK_BRONZE
VNM,LATEST,balance_sheet,BS_OTHER_LONG_TERM_INVESTMENTS,147642783223.0,ACTUAL,VNSTOCK_BRONZE
VNM,LATEST,balance_sheet,BS_PROVISION_LONG_TERM_INVESTMENTS,-921571652.0,ACTUAL,VNSTOCK_BRONZE
VNM,LATEST,balance_sheet,BS_HELD_TO_MATURITY_INVESTMENTS,0.0,ACTUAL,VNSTOCK_BRONZE
VNM,LATEST,balance_sheet,BS_OTHER_LONG_TERM_ASSETS,1269271797391.0,ACTUAL,VNSTOCK_BRONZE
VNM,LATEST,balance_sheet,BS_LONG_TERM_PREPAYMENTS,732120606558.0,ACTUAL,VNSTOCK_BRONZE
VNM,LATEST,balance_sheet,BS_DEFERRED_TAX_ASSETS,15799068109.0,ACTUAL,VNSTOCK_BRONZE
VNM,LATEST,balance_sheet,BS_LONG_TERM_EQUIPMENT_SUPPLIES_SPARE_PARTS,0.0,ACTUAL,VNSTOCK_BRONZE
VNM,LATEST,balance_sheet,BS_OTHER_LONG_TERM_ASSETS_DETAIL,0.0,ACTUAL,VNSTOCK_BRONZE
VNM,LATEST,balance_sheet,BS_GOODWILL,521352122724.0,ACTUAL,VNSTOCK_BRONZE
VNM,LATEST,balance_sheet,BS_TOTAL_ASSETS,38305261792855.0,ACTUAL,VNSTOCK_BRONZE
VNM,LATEST,balance_sheet,BS_TOTAL_LIABILITIES,9382030969362.0,ACTUAL,VNSTOCK_BRONZE
VNM,LATEST,balance_sheet,BS_SHORT_TERM_LIABILITIES,8816669411270.0,ACTUAL,VNSTOCK_BRONZE
VNM,LATEST,balance_sheet,BS_GOVERNMENT_BOND_REPURCHASE_TRANSACTIONS,0.0,ACTUAL,VNSTOCK_BRONZE
VNM,LATEST,balance_sheet,BS_TRADE_ACCOUNTS_PAYABLE,3177761240544.0,ACTUAL,VNSTOCK_BRONZE
VNM,LATEST,balance_sheet,BS_ADVANCES_FROM_CUSTOMERS,382030552891.0,ACTUAL,VNSTOCK_BRONZE
VNM,LATEST,balance_sheet,BS_TAXES_AND_OTHER_PAYABLES_TO_STATE_AUTHORITIES,663908183628.0,ACTUAL,VNSTOCK_BRONZE
VNM,LATEST,balance_sheet,BS_PAYABLE_TO_EMPLOYEES,140918722803.0,ACTUAL,VNSTOCK_BRONZE
VNM,LATEST,balance_sheet,BS_ACCRUED_EXPENSES,1403533243246.0,ACTUAL,VNSTOCK_BRONZE
VNM,LATEST,balance_sheet,BS_SHORT_TERM_UNEARNED_REVENUE,6451361951.0,ACTUAL,VNSTOCK_BRONZE
VNM,LATEST,balance_sheet,BS_OTHER_PAYABLES,686170232496.0,ACTUAL,VNSTOCK_BRONZE
VNM,LATEST,balance_sheet,BS_SHORT_TERM_BORROWINGS,2126083288960.0,ACTUAL,VNSTOCK_BRONZE
VNM,LATEST,balance_sheet,BS_SHORT_TERM_PROVISIONS,6613126588.0,ACTUAL,VNSTOCK_BRONZE
VNM,LATEST,balance_sheet,BS_BONUS_AND_WELFARE_FUND,223199458163.0,ACTUAL,VNSTOCK_BRONZE
VNM,LATEST,balance_sheet,BS_LONG_TERM_LIABILITIES,565361558092.0,ACTUAL,VNSTOCK_BRONZE
VNM,LATEST,balance_sheet,BS_LONG_TERM_TRADE_PAYABLES,0.0,ACTUAL,VNSTOCK_BRONZE
VNM,LATEST,balance_sheet,BS_LONG_TERM_ACCRUED_EXPENSES,109326868918.0,ACTUAL,VNSTOCK_BRONZE
VNM,LATEST,balance_sheet,BS_LONG_TERM_UNEARNED_REVENUE,415848218.0,ACTUAL,VNSTOCK_BRONZE
VNM,LATEST,balance_sheet,BS_OTHER_LONG_TERM_LIABILITIES,28356907140.0,ACTUAL,VNSTOCK_BRONZE
VNM,LATEST,balance_sheet,BS_LONG_TERM_BORROWINGS,218007911923.0,ACTUAL,VNSTOCK_BRONZE
VNM,LATEST,balance_sheet,BS_DEFERRED_TAX_LIABILITIES,206672783007.0,ACTUAL,VNSTOCK_BRONZE
VNM,LATEST,balance_sheet,BS_LONG_TERM_PROVISIONS,2581238886.0,ACTUAL,VNSTOCK_BRONZE
VNM,LATEST,balance_sheet,BS_EQUITY,28923230823493.0,ACTUAL,VNSTOCK_BRONZE
VNM,LATEST,balance_sheet,BS_OWNERS_EQUITY,28923230823493.0,ACTUAL,VNSTOCK_BRONZE
VNM,LATEST,balance_sheet,BS_CHARTER_CAPITAL,17416877930000.0,ACTUAL,VNSTOCK_BRONZE
VNM,LATEST,balance_sheet,BS_CAPITAL_FROM_OWNERS,17416877930000.0,ACTUAL,VNSTOCK_BRONZE
VNM,LATEST,balance_sheet,BS_SHARE_PREMIUM,0.0,ACTUAL,VNSTOCK_BRONZE
VNM,LATEST,balance_sheet,BS_OTHER_CAPITAL,0.0,ACTUAL,VNSTOCK_BRONZE
VNM,LATEST,balance_sheet,BS_TREASURY_SHARES,-10807345800.0,ACTUAL,VNSTOCK_BRONZE
VNM,LATEST,balance_sheet,BS_FOREIGN_EXCHANGE_DIFFERENCES,26919125269.0,ACTUAL,VNSTOCK_BRONZE
VNM,LATEST,balance_sheet,BS_INVESTMENT_AND_DEVELOPMENT_FUND,1449929685712.0,ACTUAL,VNSTOCK_BRONZE
VNM,LATEST,balance_sheet,BS_RETAINED_EARNINGS,9451547063899.0,ACTUAL,VNSTOCK_BRONZE
VNM,LATEST,balance_sheet,BS_ACCUMULATED_RETAINED_EARNING_AT_THE_END_OF_THE_PREVIOUS_PERIOD,7155434314256.0,ACTUAL,VNSTOCK_BRONZE
VNM,LATEST,balance_sheet,BS_PROFIT_THIS_PERIOD,2296112749643.0,ACTUAL,VNSTOCK_BRONZE
VNM,LATEST,balance_sheet,BS_MINORITY_INTEREST,588764364413.0,ACTUAL,VNSTOCK_BRONZE
VNM,LATEST,balance_sheet,BS_TOTAL_LIABILITIES_AND_EQUITY,38305261792855.0,ACTUAL,VNSTOCK_BRONZE
VNM,LATEST,balance_sheet,BS_SHORT_TERM_ASSETS,22089274019449.0,ACTUAL,VNSTOCK_BRONZE
VNM,LATEST,balance_sheet,BS_CASH_AND_PRECIOUS_METALS,1676491290318.0,ACTUAL,VNSTOCK_BRONZE
VNM,LATEST,balance_sheet,BS_CASH,826491290318.0,ACTUAL,VNSTOCK_BRONZE
VNM,LATEST,balance_sheet,BS_CASH_EQUIVALENTS,850000000000.0,ACTUAL,VNSTOCK_BRONZE
VNM,LATEST,balance_sheet,BS_SHORT_TERM_INVESTMENTS,9306531479431.0,ACTUAL,VNSTOCK_BRONZE
VNM,LATEST,balance_sheet,BS_FVTPL_FINANCIAL_ASSETS,443157926658.0,ACTUAL,VNSTOCK_BRONZE
VNM,LATEST,balance_sheet,BS_PROVISIONS_FOR_IMPAIRMENT_LOSS_OF_FINANCIAL_ASSETS_AND_MORTGAGES,-607691084.0,ACTUAL,VNSTOCK_BRONZE
VNM,LATEST,balance_sheet,BS_HELD_TO_MATURITY_SECURITIES,8863981243857.0,ACTUAL,VNSTOCK_BRONZE
VNM,LATEST,balance_sheet,BS_SHORT_TERM_RECEIVABLES,5391295160818.0,ACTUAL,VNSTOCK_BRONZE
VNM,LATEST,balance_sheet,BS_TRADE_RECEIVABLES,4115244550066.0,ACTUAL,VNSTOCK_BRONZE
VNM,LATEST,balance_sheet,BS_PREPAYMENTS_TO_SUPPLIERS,764793333218.0,ACTUAL,VNSTOCK_BRONZE
VNM,LATEST,balance_sheet,BS_SHORT_TERM_LOAN_RECEIVABLES,0.0,ACTUAL,VNSTOCK_BRONZE
VNM,LATEST,balance_sheet,BS_OTHER_RECEIVABLES,521239061465.0,ACTUAL,VNSTOCK_BRONZE
VNM,LATEST,balance_sheet,BS_PROVISION_DOUBTFUL_DEBTS,-9981783931.0,ACTUAL,VNSTOCK_BRONZE
VNM,LATEST,balance_sheet,BS_ASSETS_AWAITING_RESOLUTION,0.0,ACTUAL,VNSTOCK_BRONZE
VNM,LATEST,balance_sheet,BS_INVENTORIES,5540929744702.0,ACTUAL,VNSTOCK_BRONZE
VNM,LATEST,balance_sheet,BS_INVENTORIES_GROSS,5558042713939.0,ACTUAL,VNSTOCK_BRONZE
VNM,LATEST,balance_sheet,BS_PROVISION_INVENTORIES,-17112969237.0,ACTUAL,VNSTOCK_BRONZE
VNM,LATEST,balance_sheet,BS_OTHER_SHORT_TERM_ASSETS,174026344180.0,ACTUAL,VNSTOCK_BRONZE
VNM,LATEST,balance_sheet,BS_SHORT_TERM_PREPAYMENTS,73682616065.0,ACTUAL,VNSTOCK_BRONZE
VNM,LATEST,balance_sheet,BS_DEDUCTIBLE_VALUE_ADDED_TAX,100343728115.0,ACTUAL,VNSTOCK_BRONZE
VNM,LATEST,balance_sheet,BS_TAXES_AND_OTHER_RECEIVABLES_FROM_STATE_AUTHORITIES,0.0,ACTUAL,VNSTOCK_BRONZE
VNM,LATEST,balance_sheet,BS_LONG_TERM_ASSETS,18097201646002.0,ACTUAL,VNSTOCK_BRONZE
VNM,LATEST,balance_sheet,BS_LONG_TERM_RECEIVABLES,67351671984.0,ACTUAL,VNSTOCK_BRONZE
VNM,LATEST,balance_sheet,BS_LONG_TERM_TRADE_RECEIVABLES,46423211940.0,ACTUAL,VNSTOCK_BRONZE
VNM,LATEST,balance_sheet,BS_LONG_TERM_LOAN_RECEIVABLES,1787293049.0,ACTUAL,VNSTOCK_BRONZE
VNM,LATEST,balance_sheet,BS_OTHER_LONG_TERM_RECEIVABLES_LEGACY,19141166995.0,ACTUAL,VNSTOCK_BRONZE
VNM,LATEST,balance_sheet,BS_FIXED_ASSETS,13210637069720.0,ACTUAL,VNSTOCK_BRONZE
VNM,LATEST,balance_sheet,BS_TANGIBLE_FIXED_ASSETS,12895930014991.0,ACTUAL,VNSTOCK_BRONZE
VNM,LATEST,balance_sheet,BS_TANGIBLE_FIXED_ASSETS_COST,23714622321304.0,ACTUAL,VNSTOCK_BRONZE
VNM,LATEST,balance_sheet,BS_TANGIBLE_FIXED_ASSETS_ACCUMULATED_DEPRECIATION,-10818692306313.0,ACTUAL,VNSTOCK_BRONZE
VNM,LATEST,balance_sheet,BS_FINANCE_LEASE_FIXED_ASSETS,4112238529.0,ACTUAL,VNSTOCK_BRONZE
VNM,LATEST,balance_sheet,BS_FINANCE_LEASE_FIXED_ASSETS_COST,4765022408.0,ACTUAL,VNSTOCK_BRONZE
VNM,LATEST,balance_sheet,BS_FINANCE_LEASE_FIXED_ASSETS_ACCUMULATED_DEPRECIATION,-652783879.0,ACTUAL,VNSTOCK_BRONZE
VNM,LATEST,balance_sheet,BS_INTANGIBLE_FIXED_ASSETS,310594816200.0,ACTUAL,VNSTOCK_BRONZE
VNM,LATEST,balance_sheet,BS_INTANGIBLE_FIXED_ASSETS_COST,476898233370.0,ACTUAL,VNSTOCK_BRONZE
VNM,LATEST,balance_sheet,BS_INTANGIBLE_FIXED_ASSETS_ACCUMULATED_DEPRECIATION,-166303417170.0,ACTUAL,VNSTOCK_BRONZE
VNM,LATEST,balance_sheet,BS_INVESTMENT_PROPERTIES,63129101716.0,ACTUAL,VNSTOCK_BRONZE
VNM,LATEST,balance_sheet,BS_INVESTMENT_PROPERTIES_COST,81481271444.0,ACTUAL,VNSTOCK_BRONZE
VNM,LATEST,balance_sheet,BS_INVESTMENT_PROPERTIES_ACCUMULATED_DEPRECIATION,-18352169728.0,ACTUAL,VNSTOCK_BRONZE
VNM,LATEST,balance_sheet,BS_CONSTRUCTION_IN_PROGRESS,1396947475014.0,ACTUAL,VNSTOCK_BRONZE
VNM,LATEST,balance_sheet,BS_LONG_TERM_PRODUCTION_IN_PROGRESS,253470890161.0,ACTUAL,VNSTOCK_BRONZE
VNM,LATEST,balance_sheet,BS_CAPITAL_CONSTRUCTION_IN_PROGRESS,1143476584853.0,ACTUAL,VNSTOCK_BRONZE
VNM,LATEST,balance_sheet,BS_LONG_TERM_INVESTMENTS,1953808430503.0,ACTUAL,VNSTOCK_BRONZE
VNM,LATEST,balance_sheet,BS_INVESTMENTS_IN_JOINT_VENTURES,1882643775001.0,ACTUAL,VNSTOCK_BRONZE
VNM,LATEST,balance_sheet,BS_OTHER_LONG_TERM_INVESTMENTS,72086227154.0,ACTUAL,VNSTOCK_BRONZE
VNM,LATEST,balance_sheet,BS_PROVISION_LONG_TERM_INVESTMENTS,-921571652.0,ACTUAL,VNSTOCK_BRONZE
VNM,LATEST,balance_sheet,BS_HELD_TO_MATURITY_INVESTMENTS,0.0,ACTUAL,VNSTOCK_BRONZE
VNM,LATEST,balance_sheet,BS_OTHER_LONG_TERM_ASSETS,1405327897065.0,ACTUAL,VNSTOCK_BRONZE
VNM,LATEST,balance_sheet,BS_LONG_TERM_PREPAYMENTS,883586446472.0,ACTUAL,VNSTOCK_BRONZE
VNM,LATEST,balance_sheet,BS_DEFERRED_TAX_ASSETS,17377307464.0,ACTUAL,VNSTOCK_BRONZE
VNM,LATEST,balance_sheet,BS_LONG_TERM_EQUIPMENT_SUPPLIES_SPARE_PARTS,0.0,ACTUAL,VNSTOCK_BRONZE
VNM,LATEST,balance_sheet,BS_OTHER_LONG_TERM_ASSETS_DETAIL,0.0,ACTUAL,VNSTOCK_BRONZE
VNM,LATEST,balance_sheet,BS_GOODWILL,504364143129.0,ACTUAL,VNSTOCK_BRONZE
VNM,LATEST,balance_sheet,BS_TOTAL_ASSETS,40186475665451.0,ACTUAL,VNSTOCK_BRONZE
VNM,LATEST,balance_sheet,BS_TOTAL_LIABILITIES,11252755465246.0,ACTUAL,VNSTOCK_BRONZE
VNM,LATEST,balance_sheet,BS_SHORT_TERM_LIABILITIES,10816139387760.0,ACTUAL,VNSTOCK_BRONZE
VNM,LATEST,balance_sheet,BS_GOVERNMENT_BOND_REPURCHASE_TRANSACTIONS,0.0,ACTUAL,VNSTOCK_BRONZE
VNM,LATEST,balance_sheet,BS_TRADE_ACCOUNTS_PAYABLE,3506021209689.0,ACTUAL,VNSTOCK_BRONZE
VNM,LATEST,balance_sheet,BS_ADVANCES_FROM_CUSTOMERS,257406204511.0,ACTUAL,VNSTOCK_BRONZE
VNM,LATEST,balance_sheet,BS_TAXES_AND_OTHER_PAYABLES_TO_STATE_AUTHORITIES,979900107744.0,ACTUAL,VNSTOCK_BRONZE
VNM,LATEST,balance_sheet,BS_PAYABLE_TO_EMPLOYEES,168641411868.0,ACTUAL,VNSTOCK_BRONZE
VNM,LATEST,balance_sheet,BS_ACCRUED_EXPENSES,1683364143467.0,ACTUAL,VNSTOCK_BRONZE
VNM,LATEST,balance_sheet,BS_SHORT_TERM_UNEARNED_REVENUE,6348839360.0,ACTUAL,VNSTOCK_BRONZE
VNM,LATEST,balance_sheet,BS_OTHER_PAYABLES,572651324477.0,ACTUAL,VNSTOCK_BRONZE
VNM,LATEST,balance_sheet,BS_SHORT_TERM_BORROWINGS,3272945064774.0,ACTUAL,VNSTOCK_BRONZE
VNM,LATEST,balance_sheet,BS_SHORT_TERM_PROVISIONS,10412364911.0,ACTUAL,VNSTOCK_BRONZE
VNM,LATEST,balance_sheet,BS_BONUS_AND_WELFARE_FUND,358448716959.0,ACTUAL,VNSTOCK_BRONZE
VNM,LATEST,balance_sheet,BS_LONG_TERM_LIABILITIES,436616077486.0,ACTUAL,VNSTOCK_BRONZE
VNM,LATEST,balance_sheet,BS_LONG_TERM_TRADE_PAYABLES,0.0,ACTUAL,VNSTOCK_BRONZE
VNM,LATEST,balance_sheet,BS_LONG_TERM_ACCRUED_EXPENSES,13708650325.0,ACTUAL,VNSTOCK_BRONZE
VNM,LATEST,balance_sheet,BS_LONG_TERM_UNEARNED_REVENUE,415848218.0,ACTUAL,VNSTOCK_BRONZE
VNM,LATEST,balance_sheet,BS_OTHER_LONG_TERM_LIABILITIES,27157368960.0,ACTUAL,VNSTOCK_BRONZE
VNM,LATEST,balance_sheet,BS_LONG_TERM_BORROWINGS,188821030390.0,ACTUAL,VNSTOCK_BRONZE
VNM,LATEST,balance_sheet,BS_DEFERRED_TAX_LIABILITIES,203853552835.0,ACTUAL,VNSTOCK_BRONZE
VNM,LATEST,balance_sheet,BS_LONG_TERM_PROVISIONS,2659626758.0,ACTUAL,VNSTOCK_BRONZE
VNM,LATEST,balance_sheet,BS_EQUITY,28933720200205.0,ACTUAL,VNSTOCK_BRONZE
VNM,LATEST,balance_sheet,BS_OWNERS_EQUITY,28933720200205.0,ACTUAL,VNSTOCK_BRONZE
VNM,LATEST,balance_sheet,BS_CHARTER_CAPITAL,17416877930000.0,ACTUAL,VNSTOCK_BRONZE
VNM,LATEST,balance_sheet,BS_CAPITAL_FROM_OWNERS,17416877930000.0,ACTUAL,VNSTOCK_BRONZE
VNM,LATEST,balance_sheet,BS_SHARE_PREMIUM,0.0,ACTUAL,VNSTOCK_BRONZE
VNM,LATEST,balance_sheet,BS_OTHER_CAPITAL,0.0,ACTUAL,VNSTOCK_BRONZE
VNM,LATEST,balance_sheet,BS_TREASURY_SHARES,-11623908360.0,ACTUAL,VNSTOCK_BRONZE
VNM,LATEST,balance_sheet,BS_FOREIGN_EXCHANGE_DIFFERENCES,30703437710.0,ACTUAL,VNSTOCK_BRONZE
VNM,LATEST,balance_sheet,BS_INVESTMENT_AND_DEVELOPMENT_FUND,1726647591960.0,ACTUAL,VNSTOCK_BRONZE
VNM,LATEST,balance_sheet,BS_RETAINED_EARNINGS,9176996233930.0,ACTUAL,VNSTOCK_BRONZE
VNM,LATEST,balance_sheet,BS_ACCUMULATED_RETAINED_EARNING_AT_THE_END_OF_THE_PREVIOUS_PERIOD,4543346786757.0,ACTUAL,VNSTOCK_BRONZE
VNM,LATEST,balance_sheet,BS_PROFIT_THIS_PERIOD,4633649447173.0,ACTUAL,VNSTOCK_BRONZE
VNM,LATEST,balance_sheet,BS_MINORITY_INTEREST,594118914965.0,ACTUAL,VNSTOCK_BRONZE
VNM,LATEST,balance_sheet,BS_TOTAL_LIABILITIES_AND_EQUITY,40186475665451.0,ACTUAL,VNSTOCK_BRONZE
VNM,LATEST,balance_sheet,BS_SHORT_TERM_ASSETS,22146344620561.0,ACTUAL,VNSTOCK_BRONZE
VNM,LATEST,balance_sheet,BS_CASH_AND_PRECIOUS_METALS,1043473767363.0,ACTUAL,VNSTOCK_BRONZE
VNM,LATEST,balance_sheet,BS_CASH,987873767363.0,ACTUAL,VNSTOCK_BRONZE
VNM,LATEST,balance_sheet,BS_CASH_EQUIVALENTS,55600000000.0,ACTUAL,VNSTOCK_BRONZE
VNM,LATEST,balance_sheet,BS_SHORT_TERM_INVESTMENTS,10238285848104.0,ACTUAL,VNSTOCK_BRONZE
VNM,LATEST,balance_sheet,BS_FVTPL_FINANCIAL_ASSETS,443154506731.0,ACTUAL,VNSTOCK_BRONZE
VNM,LATEST,balance_sheet,BS_PROVISIONS_FOR_IMPAIRMENT_LOSS_OF_FINANCIAL_ASSETS_AND_MORTGAGES,-605859113.0,ACTUAL,VNSTOCK_BRONZE
VNM,LATEST,balance_sheet,BS_HELD_TO_MATURITY_SECURITIES,9795737200486.0,ACTUAL,VNSTOCK_BRONZE
VNM,LATEST,balance_sheet,BS_SHORT_TERM_RECEIVABLES,5699702616339.0,ACTUAL,VNSTOCK_BRONZE
VNM,LATEST,balance_sheet,BS_TRADE_RECEIVABLES,4296365444224.0,ACTUAL,VNSTOCK_BRONZE
VNM,LATEST,balance_sheet,BS_PREPAYMENTS_TO_SUPPLIERS,760510957858.0,ACTUAL,VNSTOCK_BRONZE
VNM,LATEST,balance_sheet,BS_SHORT_TERM_LOAN_RECEIVABLES,0.0,ACTUAL,VNSTOCK_BRONZE
VNM,LATEST,balance_sheet,BS_OTHER_RECEIVABLES,653341478292.0,ACTUAL,VNSTOCK_BRONZE
VNM,LATEST,balance_sheet,BS_PROVISION_DOUBTFUL_DEBTS,-10515264035.0,ACTUAL,VNSTOCK_BRONZE
VNM,LATEST,balance_sheet,BS_ASSETS_AWAITING_RESOLUTION,0.0,ACTUAL,VNSTOCK_BRONZE
VNM,LATEST,balance_sheet,BS_INVENTORIES,4990634977666.0,ACTUAL,VNSTOCK_BRONZE
VNM,LATEST,balance_sheet,BS_INVENTORIES_GROSS,5005803992060.0,ACTUAL,VNSTOCK_BRONZE
VNM,LATEST,balance_sheet,BS_PROVISION_INVENTORIES,-15169014394.0,ACTUAL,VNSTOCK_BRONZE
VNM,LATEST,balance_sheet,BS_OTHER_SHORT_TERM_ASSETS,174247411089.0,ACTUAL,VNSTOCK_BRONZE
VNM,LATEST,balance_sheet,BS_SHORT_TERM_PREPAYMENTS,105004011500.0,ACTUAL,VNSTOCK_BRONZE
VNM,LATEST,balance_sheet,BS_DEDUCTIBLE_VALUE_ADDED_TAX,69243399589.0,ACTUAL,VNSTOCK_BRONZE
VNM,LATEST,balance_sheet,BS_TAXES_AND_OTHER_RECEIVABLES_FROM_STATE_AUTHORITIES,0.0,ACTUAL,VNSTOCK_BRONZE
VNM,LATEST,balance_sheet,BS_LONG_TERM_ASSETS,17955508227195.0,ACTUAL,VNSTOCK_BRONZE
VNM,LATEST,balance_sheet,BS_LONG_TERM_RECEIVABLES,20264171506.0,ACTUAL,VNSTOCK_BRONZE
VNM,LATEST,balance_sheet,BS_LONG_TERM_TRADE_RECEIVABLES,0.0,ACTUAL,VNSTOCK_BRONZE
VNM,LATEST,balance_sheet,BS_LONG_TERM_LOAN_RECEIVABLES,1148421511.0,ACTUAL,VNSTOCK_BRONZE
VNM,LATEST,balance_sheet,BS_OTHER_LONG_TERM_RECEIVABLES_LEGACY,19115749995.0,ACTUAL,VNSTOCK_BRONZE
VNM,LATEST,balance_sheet,BS_FIXED_ASSETS,13406776090507.0,ACTUAL,VNSTOCK_BRONZE
VNM,LATEST,balance_sheet,BS_TANGIBLE_FIXED_ASSETS,12832612333143.0,ACTUAL,VNSTOCK_BRONZE
VNM,LATEST,balance_sheet,BS_TANGIBLE_FIXED_ASSETS_COST,24088813907105.0,ACTUAL,VNSTOCK_BRONZE
VNM,LATEST,balance_sheet,BS_TANGIBLE_FIXED_ASSETS_ACCUMULATED_DEPRECIATION,-11256201573962.0,ACTUAL,VNSTOCK_BRONZE
VNM,LATEST,balance_sheet,BS_FINANCE_LEASE_FIXED_ASSETS,3862308710.0,ACTUAL,VNSTOCK_BRONZE
VNM,LATEST,balance_sheet,BS_FINANCE_LEASE_FIXED_ASSETS_COST,4750657569.0,ACTUAL,VNSTOCK_BRONZE
VNM,LATEST,balance_sheet,BS_FINANCE_LEASE_FIXED_ASSETS_ACCUMULATED_DEPRECIATION,-888348859.0,ACTUAL,VNSTOCK_BRONZE
VNM,LATEST,balance_sheet,BS_INTANGIBLE_FIXED_ASSETS,570301448654.0,ACTUAL,VNSTOCK_BRONZE
VNM,LATEST,balance_sheet,BS_INTANGIBLE_FIXED_ASSETS_COST,745122190598.0,ACTUAL,VNSTOCK_BRONZE
VNM,LATEST,balance_sheet,BS_INTANGIBLE_FIXED_ASSETS_ACCUMULATED_DEPRECIATION,-174820741944.0,ACTUAL,VNSTOCK_BRONZE
VNM,LATEST,balance_sheet,BS_INVESTMENT_PROPERTIES,62573609227.0,ACTUAL,VNSTOCK_BRONZE
VNM,LATEST,balance_sheet,BS_INVESTMENT_PROPERTIES_COST,81481271444.0,ACTUAL,VNSTOCK_BRONZE
VNM,LATEST,balance_sheet,BS_INVESTMENT_PROPERTIES_ACCUMULATED_DEPRECIATION,-18907662217.0,ACTUAL,VNSTOCK_BRONZE
VNM,LATEST,balance_sheet,BS_CONSTRUCTION_IN_PROGRESS,1310466712771.0,ACTUAL,VNSTOCK_BRONZE
VNM,LATEST,balance_sheet,BS_LONG_TERM_PRODUCTION_IN_PROGRESS,245049020873.0,ACTUAL,VNSTOCK_BRONZE
VNM,LATEST,balance_sheet,BS_CAPITAL_CONSTRUCTION_IN_PROGRESS,1065417691898.0,ACTUAL,VNSTOCK_BRONZE
VNM,LATEST,balance_sheet,BS_LONG_TERM_INVESTMENTS,2026569686717.0,ACTUAL,VNSTOCK_BRONZE
VNM,LATEST,balance_sheet,BS_INVESTMENTS_IN_JOINT_VENTURES,1955776022297.0,ACTUAL,VNSTOCK_BRONZE
VNM,LATEST,balance_sheet,BS_OTHER_LONG_TERM_INVESTMENTS,72083707154.0,ACTUAL,VNSTOCK_BRONZE
VNM,LATEST,balance_sheet,BS_PROVISION_LONG_TERM_INVESTMENTS,-1290042734.0,ACTUAL,VNSTOCK_BRONZE
VNM,LATEST,balance_sheet,BS_HELD_TO_MATURITY_INVESTMENTS,0.0,ACTUAL,VNSTOCK_BRONZE
VNM,LATEST,balance_sheet,BS_OTHER_LONG_TERM_ASSETS,1128857956467.0,ACTUAL,VNSTOCK_BRONZE
VNM,LATEST,balance_sheet,BS_LONG_TERM_PREPAYMENTS,624567844983.0,ACTUAL,VNSTOCK_BRONZE
VNM,LATEST,balance_sheet,BS_DEFERRED_TAX_ASSETS,16913947950.0,ACTUAL,VNSTOCK_BRONZE
VNM,LATEST,balance_sheet,BS_LONG_TERM_EQUIPMENT_SUPPLIES_SPARE_PARTS,0.0,ACTUAL,VNSTOCK_BRONZE
VNM,LATEST,balance_sheet,BS_OTHER_LONG_TERM_ASSETS_DETAIL,0.0,ACTUAL,VNSTOCK_BRONZE
VNM,LATEST,balance_sheet,BS_GOODWILL,487376163534.0,ACTUAL,VNSTOCK_BRONZE
VNM,LATEST,balance_sheet,BS_TOTAL_ASSETS,40101852847756.0,ACTUAL,VNSTOCK_BRONZE
VNM,LATEST,balance_sheet,BS_TOTAL_LIABILITIES,12261224601874.0,ACTUAL,VNSTOCK_BRONZE
VNM,LATEST,balance_sheet,BS_SHORT_TERM_LIABILITIES,11924062277981.0,ACTUAL,VNSTOCK_BRONZE
VNM,LATEST,balance_sheet,BS_GOVERNMENT_BOND_REPURCHASE_TRANSACTIONS,0.0,ACTUAL,VNSTOCK_BRONZE
VNM,LATEST,balance_sheet,BS_TRADE_ACCOUNTS_PAYABLE,3690036928929.0,ACTUAL,VNSTOCK_BRONZE
VNM,LATEST,balance_sheet,BS_ADVANCES_FROM_CUSTOMERS,289188450552.0,ACTUAL,VNSTOCK_BRONZE
VNM,LATEST,balance_sheet,BS_TAXES_AND_OTHER_PAYABLES_TO_STATE_AUTHORITIES,1038009393860.0,ACTUAL,VNSTOCK_BRONZE
VNM,LATEST,balance_sheet,BS_PAYABLE_TO_EMPLOYEES,190073046910.0,ACTUAL,VNSTOCK_BRONZE
VNM,LATEST,balance_sheet,BS_ACCRUED_EXPENSES,1576818860703.0,ACTUAL,VNSTOCK_BRONZE
VNM,LATEST,balance_sheet,BS_SHORT_TERM_UNEARNED_REVENUE,465948676.0,ACTUAL,VNSTOCK_BRONZE
VNM,LATEST,balance_sheet,BS_OTHER_PAYABLES,578729724411.0,ACTUAL,VNSTOCK_BRONZE
VNM,LATEST,balance_sheet,BS_SHORT_TERM_BORROWINGS,4188147842196.0,ACTUAL,VNSTOCK_BRONZE
VNM,LATEST,balance_sheet,BS_SHORT_TERM_PROVISIONS,7562376120.0,ACTUAL,VNSTOCK_BRONZE
VNM,LATEST,balance_sheet,BS_BONUS_AND_WELFARE_FUND,365029705624.0,ACTUAL,VNSTOCK_BRONZE
VNM,LATEST,balance_sheet,BS_LONG_TERM_LIABILITIES,337162323893.0,ACTUAL,VNSTOCK_BRONZE
VNM,LATEST,balance_sheet,BS_LONG_TERM_TRADE_PAYABLES,0.0,ACTUAL,VNSTOCK_BRONZE
VNM,LATEST,balance_sheet,BS_LONG_TERM_ACCRUED_EXPENSES,13708650325.0,ACTUAL,VNSTOCK_BRONZE
VNM,LATEST,balance_sheet,BS_LONG_TERM_UNEARNED_REVENUE,415848218.0,ACTUAL,VNSTOCK_BRONZE
VNM,LATEST,balance_sheet,BS_OTHER_LONG_TERM_LIABILITIES,25806335175.0,ACTUAL,VNSTOCK_BRONZE
VNM,LATEST,balance_sheet,BS_LONG_TERM_BORROWINGS,93806389962.0,ACTUAL,VNSTOCK_BRONZE
VNM,LATEST,balance_sheet,BS_DEFERRED_TAX_LIABILITIES,200671058583.0,ACTUAL,VNSTOCK_BRONZE
VNM,LATEST,balance_sheet,BS_LONG_TERM_PROVISIONS,2754041630.0,ACTUAL,VNSTOCK_BRONZE
VNM,LATEST,balance_sheet,BS_EQUITY,27840628245882.0,ACTUAL,VNSTOCK_BRONZE
VNM,LATEST,balance_sheet,BS_OWNERS_EQUITY,27840628245882.0,ACTUAL,VNSTOCK_BRONZE
VNM,LATEST,balance_sheet,BS_CHARTER_CAPITAL,17416877930000.0,ACTUAL,VNSTOCK_BRONZE
VNM,LATEST,balance_sheet,BS_CAPITAL_FROM_OWNERS,17416877930000.0,ACTUAL,VNSTOCK_BRONZE
VNM,LATEST,balance_sheet,BS_SHARE_PREMIUM,0.0,ACTUAL,VNSTOCK_BRONZE
VNM,LATEST,balance_sheet,BS_OTHER_CAPITAL,0.0,ACTUAL,VNSTOCK_BRONZE
VNM,LATEST,balance_sheet,BS_TREASURY_SHARES,-11644956120.0,ACTUAL,VNSTOCK_BRONZE
VNM,LATEST,balance_sheet,BS_FOREIGN_EXCHANGE_DIFFERENCES,22809392893.0,ACTUAL,VNSTOCK_BRONZE
VNM,LATEST,balance_sheet,BS_INVESTMENT_AND_DEVELOPMENT_FUND,1991895881469.0,ACTUAL,VNSTOCK_BRONZE
VNM,LATEST,balance_sheet,BS_RETAINED_EARNINGS,7840153595139.0,ACTUAL,VNSTOCK_BRONZE
VNM,LATEST,balance_sheet,BS_ACCUMULATED_RETAINED_EARNING_AT_THE_END_OF_THE_PREVIOUS_PERIOD,4543346786756.0,ACTUAL,VNSTOCK_BRONZE
VNM,LATEST,balance_sheet,BS_PROFIT_THIS_PERIOD,3296806808383.0,ACTUAL,VNSTOCK_BRONZE
VNM,LATEST,balance_sheet,BS_MINORITY_INTEREST,580536402501.0,ACTUAL,VNSTOCK_BRONZE
VNM,LATEST,balance_sheet,BS_TOTAL_LIABILITIES_AND_EQUITY,40101852847756.0,ACTUAL,VNSTOCK_BRONZE
VNM,LATEST,balance_sheet,BS_SHORT_TERM_ASSETS,24721565376552.0,ACTUAL,VNSTOCK_BRONZE
VNM,LATEST,balance_sheet,BS_CASH_AND_PRECIOUS_METALS,2665194638452.0,ACTUAL,VNSTOCK_BRONZE
VNM,LATEST,balance_sheet,BS_CASH,2378583764655.0,ACTUAL,VNSTOCK_BRONZE
VNM,LATEST,balance_sheet,BS_CASH_EQUIVALENTS,286610873797.0,ACTUAL,VNSTOCK_BRONZE
VNM,LATEST,balance_sheet,BS_SHORT_TERM_INVESTMENTS,12435744328964.0,ACTUAL,VNSTOCK_BRONZE
VNM,LATEST,balance_sheet,BS_FVTPL_FINANCIAL_ASSETS,1153041048.0,ACTUAL,VNSTOCK_BRONZE
VNM,LATEST,balance_sheet,BS_PROVISIONS_FOR_IMPAIRMENT_LOSS_OF_FINANCIAL_ASSETS_AND_MORTGAGES,-840586787.0,ACTUAL,VNSTOCK_BRONZE
VNM,LATEST,balance_sheet,BS_HELD_TO_MATURITY_SECURITIES,12435431874703.0,ACTUAL,VNSTOCK_BRONZE
VNM,LATEST,balance_sheet,BS_SHORT_TERM_RECEIVABLES,4503154728959.0,ACTUAL,VNSTOCK_BRONZE
VNM,LATEST,balance_sheet,BS_TRADE_RECEIVABLES,3474498518959.0,ACTUAL,VNSTOCK_BRONZE
VNM,LATEST,balance_sheet,BS_PREPAYMENTS_TO_SUPPLIERS,576013061394.0,ACTUAL,VNSTOCK_BRONZE
VNM,LATEST,balance_sheet,BS_SHORT_TERM_LOAN_RECEIVABLES,31170336327.0,ACTUAL,VNSTOCK_BRONZE
VNM,LATEST,balance_sheet,BS_OTHER_RECEIVABLES,438267517904.0,ACTUAL,VNSTOCK_BRONZE
VNM,LATEST,balance_sheet,BS_PROVISION_DOUBTFUL_DEBTS,-16794705625.0,ACTUAL,VNSTOCK_BRONZE
VNM,LATEST,balance_sheet,BS_ASSETS_AWAITING_RESOLUTION,0.0,ACTUAL,VNSTOCK_BRONZE
VNM,LATEST,balance_sheet,BS_INVENTORIES,4983044403917.0,ACTUAL,VNSTOCK_BRONZE
VNM,LATEST,balance_sheet,BS_INVENTORIES_GROSS,4996114799978.0,ACTUAL,VNSTOCK_BRONZE
VNM,LATEST,balance_sheet,BS_PROVISION_INVENTORIES,-13070396061.0,ACTUAL,VNSTOCK_BRONZE
VNM,LATEST,balance_sheet,BS_OTHER_SHORT_TERM_ASSETS,134427276260.0,ACTUAL,VNSTOCK_BRONZE
VNM,LATEST,balance_sheet,BS_SHORT_TERM_PREPAYMENTS,68634341838.0,ACTUAL,VNSTOCK_BRONZE
VNM,LATEST,balance_sheet,BS_DEDUCTIBLE_VALUE_ADDED_TAX,60875991566.0,ACTUAL,VNSTOCK_BRONZE
VNM,LATEST,balance_sheet,BS_TAXES_AND_OTHER_RECEIVABLES_FROM_STATE_AUTHORITIES,0.0,ACTUAL,VNSTOCK_BRONZE
VNM,LATEST,balance_sheet,BS_LONG_TERM_ASSETS,19978308009482.0,ACTUAL,VNSTOCK_BRONZE
VNM,LATEST,balance_sheet,BS_LONG_TERM_RECEIVABLES,21169968995.0,ACTUAL,VNSTOCK_BRONZE
VNM,LATEST,balance_sheet,BS_LONG_TERM_TRADE_RECEIVABLES,0.0,ACTUAL,VNSTOCK_BRONZE
VNM,LATEST,balance_sheet,BS_LONG_TERM_LOAN_RECEIVABLES,545312000.0,ACTUAL,VNSTOCK_BRONZE
VNM,LATEST,balance_sheet,BS_OTHER_LONG_TERM_RECEIVABLES_LEGACY,20624656995.0,ACTUAL,VNSTOCK_BRONZE
VNM,LATEST,balance_sheet,BS_FIXED_ASSETS,14893540216703.0,ACTUAL,VNSTOCK_BRONZE
VNM,LATEST,balance_sheet,BS_TANGIBLE_FIXED_ASSETS,13743909618601.0,ACTUAL,VNSTOCK_BRONZE
VNM,LATEST,balance_sheet,BS_TANGIBLE_FIXED_ASSETS_COST,26227436154249.0,ACTUAL,VNSTOCK_BRONZE
VNM,LATEST,balance_sheet,BS_TANGIBLE_FIXED_ASSETS_ACCUMULATED_DEPRECIATION,-12483526535648.0,ACTUAL,VNSTOCK_BRONZE
VNM,LATEST,balance_sheet,BS_FINANCE_LEASE_FIXED_ASSETS,0.0,ACTUAL,VNSTOCK_BRONZE
VNM,LATEST,balance_sheet,BS_FINANCE_LEASE_FIXED_ASSETS_COST,0.0,ACTUAL,VNSTOCK_BRONZE
VNM,LATEST,balance_sheet,BS_FINANCE_LEASE_FIXED_ASSETS_ACCUMULATED_DEPRECIATION,-0.0,ACTUAL,VNSTOCK_BRONZE
VNM,LATEST,balance_sheet,BS_INTANGIBLE_FIXED_ASSETS,1149630598102.0,ACTUAL,VNSTOCK_BRONZE
VNM,LATEST,balance_sheet,BS_INTANGIBLE_FIXED_ASSETS_COST,1297664982735.0,ACTUAL,VNSTOCK_BRONZE
VNM,LATEST,balance_sheet,BS_INTANGIBLE_FIXED_ASSETS_ACCUMULATED_DEPRECIATION,-148034384633.0,ACTUAL,VNSTOCK_BRONZE
VNM,LATEST,balance_sheet,BS_INVESTMENT_PROPERTIES,62018116736.0,ACTUAL,VNSTOCK_BRONZE
VNM,LATEST,balance_sheet,BS_INVESTMENT_PROPERTIES_COST,81481271444.0,ACTUAL,VNSTOCK_BRONZE
VNM,LATEST,balance_sheet,BS_INVESTMENT_PROPERTIES_ACCUMULATED_DEPRECIATION,-19463154708.0,ACTUAL,VNSTOCK_BRONZE
VNM,LATEST,balance_sheet,BS_CONSTRUCTION_IN_PROGRESS,943845551903.0,ACTUAL,VNSTOCK_BRONZE
VNM,LATEST,balance_sheet,BS_LONG_TERM_PRODUCTION_IN_PROGRESS,249633893396.0,ACTUAL,VNSTOCK_BRONZE
VNM,LATEST,balance_sheet,BS_CAPITAL_CONSTRUCTION_IN_PROGRESS,694211658507.0,ACTUAL,VNSTOCK_BRONZE
VNM,LATEST,balance_sheet,BS_LONG_TERM_INVESTMENTS,986676290429.0,ACTUAL,VNSTOCK_BRONZE
VNM,LATEST,balance_sheet,BS_INVESTMENTS_IN_JOINT_VENTURES,688112587059.0,ACTUAL,VNSTOCK_BRONZE
VNM,LATEST,balance_sheet,BS_OTHER_LONG_TERM_INVESTMENTS,104537010212.0,ACTUAL,VNSTOCK_BRONZE
VNM,LATEST,balance_sheet,BS_PROVISION_LONG_TERM_INVESTMENTS,-5973306842.0,ACTUAL,VNSTOCK_BRONZE
VNM,LATEST,balance_sheet,BS_HELD_TO_MATURITY_INVESTMENTS,200000000000.0,ACTUAL,VNSTOCK_BRONZE
VNM,LATEST,balance_sheet,BS_OTHER_LONG_TERM_ASSETS,3071057864716.0,ACTUAL,VNSTOCK_BRONZE
VNM,LATEST,balance_sheet,BS_LONG_TERM_PREPAYMENTS,678630479869.0,ACTUAL,VNSTOCK_BRONZE
VNM,LATEST,balance_sheet,BS_DEFERRED_TAX_ASSETS,26367280852.0,ACTUAL,VNSTOCK_BRONZE
VNM,LATEST,balance_sheet,BS_LONG_TERM_EQUIPMENT_SUPPLIES_SPARE_PARTS,0.0,ACTUAL,VNSTOCK_BRONZE
VNM,LATEST,balance_sheet,BS_OTHER_LONG_TERM_ASSETS_DETAIL,0.0,ACTUAL,VNSTOCK_BRONZE
VNM,LATEST,balance_sheet,BS_GOODWILL,2366060103995.0,ACTUAL,VNSTOCK_BRONZE
VNM,LATEST,balance_sheet,BS_TOTAL_ASSETS,44699873386034.0,ACTUAL,VNSTOCK_BRONZE
VNM,LATEST,balance_sheet,BS_TOTAL_LIABILITIES,14968618181670.0,ACTUAL,VNSTOCK_BRONZE
VNM,LATEST,balance_sheet,BS_SHORT_TERM_LIABILITIES,14442851833360.0,ACTUAL,VNSTOCK_BRONZE
VNM,LATEST,balance_sheet,BS_GOVERNMENT_BOND_REPURCHASE_TRANSACTIONS,4916942856.0,ACTUAL,VNSTOCK_BRONZE
VNM,LATEST,balance_sheet,BS_TRADE_ACCOUNTS_PAYABLE,3648445576699.0,ACTUAL,VNSTOCK_BRONZE
VNM,LATEST,balance_sheet,BS_ADVANCES_FROM_CUSTOMERS,245247666160.0,ACTUAL,VNSTOCK_BRONZE
VNM,LATEST,balance_sheet,BS_TAXES_AND_OTHER_PAYABLES_TO_STATE_AUTHORITIES,619393665850.0,ACTUAL,VNSTOCK_BRONZE
VNM,LATEST,balance_sheet,BS_PAYABLE_TO_EMPLOYEES,239520745753.0,ACTUAL,VNSTOCK_BRONZE
VNM,LATEST,balance_sheet,BS_ACCRUED_EXPENSES,1738321908844.0,ACTUAL,VNSTOCK_BRONZE
VNM,LATEST,balance_sheet,BS_SHORT_TERM_UNEARNED_REVENUE,2111168658.0,ACTUAL,VNSTOCK_BRONZE
VNM,LATEST,balance_sheet,BS_OTHER_PAYABLES,1956364398828.0,ACTUAL,VNSTOCK_BRONZE
VNM,LATEST,balance_sheet,BS_SHORT_TERM_BORROWINGS,5351461260191.0,ACTUAL,VNSTOCK_BRONZE
VNM,LATEST,balance_sheet,BS_SHORT_TERM_PROVISIONS,8048885766.0,ACTUAL,VNSTOCK_BRONZE
VNM,LATEST,balance_sheet,BS_BONUS_AND_WELFARE_FUND,633936556611.0,ACTUAL,VNSTOCK_BRONZE
VNM,LATEST,balance_sheet,BS_LONG_TERM_LIABILITIES,525766348310.0,ACTUAL,VNSTOCK_BRONZE
VNM,LATEST,balance_sheet,BS_LONG_TERM_TRADE_PAYABLES,427916520.0,ACTUAL,VNSTOCK_BRONZE
VNM,LATEST,balance_sheet,BS_LONG_TERM_ACCRUED_EXPENSES,0.0,ACTUAL,VNSTOCK_BRONZE
VNM,LATEST,balance_sheet,BS_LONG_TERM_UNEARNED_REVENUE,0.0,ACTUAL,VNSTOCK_BRONZE
VNM,LATEST,balance_sheet,BS_OTHER_LONG_TERM_LIABILITIES,27418573520.0,ACTUAL,VNSTOCK_BRONZE
VNM,LATEST,balance_sheet,BS_LONG_TERM_BORROWINGS,122992982893.0,ACTUAL,VNSTOCK_BRONZE
VNM,LATEST,balance_sheet,BS_DEFERRED_TAX_LIABILITIES,374926875377.0,ACTUAL,VNSTOCK_BRONZE
VNM,LATEST,balance_sheet,BS_LONG_TERM_PROVISIONS,0.0,ACTUAL,VNSTOCK_BRONZE
VNM,LATEST,balance_sheet,BS_EQUITY,29731255204364.0,ACTUAL,VNSTOCK_BRONZE
VNM,LATEST,balance_sheet,BS_OWNERS_EQUITY,29731255204364.0,ACTUAL,VNSTOCK_BRONZE
VNM,LATEST,balance_sheet,BS_CHARTER_CAPITAL,17416877930000.0,ACTUAL,VNSTOCK_BRONZE
VNM,LATEST,balance_sheet,BS_CAPITAL_FROM_OWNERS,17416877930000.0,ACTUAL,VNSTOCK_BRONZE
VNM,LATEST,balance_sheet,BS_SHARE_PREMIUM,0.0,ACTUAL,VNSTOCK_BRONZE
VNM,LATEST,balance_sheet,BS_OTHER_CAPITAL,0.0,ACTUAL,VNSTOCK_BRONZE
VNM,LATEST,balance_sheet,BS_TREASURY_SHARES,-11644956120.0,ACTUAL,VNSTOCK_BRONZE
VNM,LATEST,balance_sheet,BS_FOREIGN_EXCHANGE_DIFFERENCES,23174494894.0,ACTUAL,VNSTOCK_BRONZE
VNM,LATEST,balance_sheet,BS_INVESTMENT_AND_DEVELOPMENT_FUND,2200188373195.0,ACTUAL,VNSTOCK_BRONZE
VNM,LATEST,balance_sheet,BS_RETAINED_EARNINGS,7875462401924.0,ACTUAL,VNSTOCK_BRONZE
VNM,LATEST,balance_sheet,BS_ACCUMULATED_RETAINED_EARNING_AT_THE_END_OF_THE_PREVIOUS_PERIOD,4543346786755.0,ACTUAL,VNSTOCK_BRONZE
VNM,LATEST,balance_sheet,BS_PROFIT_THIS_PERIOD,3332115615169.0,ACTUAL,VNSTOCK_BRONZE
VNM,LATEST,balance_sheet,BS_MINORITY_INTEREST,2227196960471.0,ACTUAL,VNSTOCK_BRONZE
VNM,LATEST,balance_sheet,BS_TOTAL_LIABILITIES_AND_EQUITY,44699873386034.0,ACTUAL,VNSTOCK_BRONZE
VNM,LATEST,balance_sheet,BS_SHORT_TERM_ASSETS,26461638721175.0,ACTUAL,VNSTOCK_BRONZE
VNM,LATEST,balance_sheet,BS_CASH_AND_PRECIOUS_METALS,1379711866875.0,ACTUAL,VNSTOCK_BRONZE
VNM,LATEST,balance_sheet,BS_CASH,1028411866875.0,ACTUAL,VNSTOCK_BRONZE
VNM,LATEST,balance_sheet,BS_CASH_EQUIVALENTS,351300000000.0,ACTUAL,VNSTOCK_BRONZE
VNM,LATEST,balance_sheet,BS_SHORT_TERM_INVESTMENTS,14370288608530.0,ACTUAL,VNSTOCK_BRONZE
VNM,LATEST,balance_sheet,BS_FVTPL_FINANCIAL_ASSETS,1148118350.0,ACTUAL,VNSTOCK_BRONZE
VNM,LATEST,balance_sheet,BS_PROVISIONS_FOR_IMPAIRMENT_LOSS_OF_FINANCIAL_ASSETS_AND_MORTGAGES,-854402660.0,ACTUAL,VNSTOCK_BRONZE
VNM,LATEST,balance_sheet,BS_HELD_TO_MATURITY_SECURITIES,14369994892840.0,ACTUAL,VNSTOCK_BRONZE
VNM,LATEST,balance_sheet,BS_SHORT_TERM_RECEIVABLES,4711713537853.0,ACTUAL,VNSTOCK_BRONZE
VNM,LATEST,balance_sheet,BS_TRADE_RECEIVABLES,3742853911024.0,ACTUAL,VNSTOCK_BRONZE
VNM,LATEST,balance_sheet,BS_PREPAYMENTS_TO_SUPPLIERS,388901000559.0,ACTUAL,VNSTOCK_BRONZE
VNM,LATEST,balance_sheet,BS_SHORT_TERM_LOAN_RECEIVABLES,15814336327.0,ACTUAL,VNSTOCK_BRONZE
VNM,LATEST,balance_sheet,BS_OTHER_RECEIVABLES,581646262940.0,ACTUAL,VNSTOCK_BRONZE
VNM,LATEST,balance_sheet,BS_PROVISION_DOUBTFUL_DEBTS,-17501972997.0,ACTUAL,VNSTOCK_BRONZE
VNM,LATEST,balance_sheet,BS_ASSETS_AWAITING_RESOLUTION,0.0,ACTUAL,VNSTOCK_BRONZE
VNM,LATEST,balance_sheet,BS_INVENTORIES,5733793403343.0,ACTUAL,VNSTOCK_BRONZE
VNM,LATEST,balance_sheet,BS_INVENTORIES_GROSS,5743959650794.0,ACTUAL,VNSTOCK_BRONZE
VNM,LATEST,balance_sheet,BS_PROVISION_INVENTORIES,-10166247451.0,ACTUAL,VNSTOCK_BRONZE
VNM,LATEST,balance_sheet,BS_OTHER_SHORT_TERM_ASSETS,266131304574.0,ACTUAL,VNSTOCK_BRONZE
VNM,LATEST,balance_sheet,BS_SHORT_TERM_PREPAYMENTS,191908873075.0,ACTUAL,VNSTOCK_BRONZE
VNM,LATEST,balance_sheet,BS_DEDUCTIBLE_VALUE_ADDED_TAX,70282162639.0,ACTUAL,VNSTOCK_BRONZE
VNM,LATEST,balance_sheet,BS_TAXES_AND_OTHER_RECEIVABLES_FROM_STATE_AUTHORITIES,3940268860.0,ACTUAL,VNSTOCK_BRONZE
VNM,LATEST,balance_sheet,BS_LONG_TERM_ASSETS,19612088297814.0,ACTUAL,VNSTOCK_BRONZE
VNM,LATEST,balance_sheet,BS_LONG_TERM_RECEIVABLES,19717282895.0,ACTUAL,VNSTOCK_BRONZE
VNM,LATEST,balance_sheet,BS_LONG_TERM_TRADE_RECEIVABLES,0.0,ACTUAL,VNSTOCK_BRONZE
VNM,LATEST,balance_sheet,BS_LONG_TERM_LOAN_RECEIVABLES,308320000.0,ACTUAL,VNSTOCK_BRONZE
VNM,LATEST,balance_sheet,BS_OTHER_LONG_TERM_RECEIVABLES_LEGACY,19408962895.0,ACTUAL,VNSTOCK_BRONZE
VNM,LATEST,balance_sheet,BS_FIXED_ASSETS,14589591346307.0,ACTUAL,VNSTOCK_BRONZE
VNM,LATEST,balance_sheet,BS_TANGIBLE_FIXED_ASSETS,13450030775841.0,ACTUAL,VNSTOCK_BRONZE
VNM,LATEST,balance_sheet,BS_TANGIBLE_FIXED_ASSETS_COST,26435499204338.0,ACTUAL,VNSTOCK_BRONZE
VNM,LATEST,balance_sheet,BS_TANGIBLE_FIXED_ASSETS_ACCUMULATED_DEPRECIATION,-12985468428497.0,ACTUAL,VNSTOCK_BRONZE
VNM,LATEST,balance_sheet,BS_FINANCE_LEASE_FIXED_ASSETS,0.0,ACTUAL,VNSTOCK_BRONZE
VNM,LATEST,balance_sheet,BS_FINANCE_LEASE_FIXED_ASSETS_COST,0.0,ACTUAL,VNSTOCK_BRONZE
VNM,LATEST,balance_sheet,BS_FINANCE_LEASE_FIXED_ASSETS_ACCUMULATED_DEPRECIATION,-0.0,ACTUAL,VNSTOCK_BRONZE
VNM,LATEST,balance_sheet,BS_INTANGIBLE_FIXED_ASSETS,1139560570466.0,ACTUAL,VNSTOCK_BRONZE
VNM,LATEST,balance_sheet,BS_INTANGIBLE_FIXED_ASSETS_COST,1302021946086.0,ACTUAL,VNSTOCK_BRONZE
VNM,LATEST,balance_sheet,BS_INTANGIBLE_FIXED_ASSETS_ACCUMULATED_DEPRECIATION,-162461375620.0,ACTUAL,VNSTOCK_BRONZE
VNM,LATEST,balance_sheet,BS_INVESTMENT_PROPERTIES,61465607996.0,ACTUAL,VNSTOCK_BRONZE
VNM,LATEST,balance_sheet,BS_INVESTMENT_PROPERTIES_COST,81481271444.0,ACTUAL,VNSTOCK_BRONZE
VNM,LATEST,balance_sheet,BS_INVESTMENT_PROPERTIES_ACCUMULATED_DEPRECIATION,-20015663448.0,ACTUAL,VNSTOCK_BRONZE
VNM,LATEST,balance_sheet,BS_CONSTRUCTION_IN_PROGRESS,1037746525983.0,ACTUAL,VNSTOCK_BRONZE
VNM,LATEST,balance_sheet,BS_LONG_TERM_PRODUCTION_IN_PROGRESS,220291487919.0,ACTUAL,VNSTOCK_BRONZE
VNM,LATEST,balance_sheet,BS_CAPITAL_CONSTRUCTION_IN_PROGRESS,817455038064.0,ACTUAL,VNSTOCK_BRONZE
VNM,LATEST,balance_sheet,BS_LONG_TERM_INVESTMENTS,922935784641.0,ACTUAL,VNSTOCK_BRONZE
VNM,LATEST,balance_sheet,BS_INVESTMENTS_IN_JOINT_VENTURES,678593095686.0,ACTUAL,VNSTOCK_BRONZE
VNM,LATEST,balance_sheet,BS_OTHER_LONG_TERM_INVESTMENTS,104558824212.0,ACTUAL,VNSTOCK_BRONZE
VNM,LATEST,balance_sheet,BS_PROVISION_LONG_TERM_INVESTMENTS,-10216135257.0,ACTUAL,VNSTOCK_BRONZE
VNM,LATEST,balance_sheet,BS_HELD_TO_MATURITY_INVESTMENTS,150000000000.0,ACTUAL,VNSTOCK_BRONZE
VNM,LATEST,balance_sheet,BS_OTHER_LONG_TERM_ASSETS,2980631749992.0,ACTUAL,VNSTOCK_BRONZE
VNM,LATEST,balance_sheet,BS_LONG_TERM_PREPAYMENTS,678291118285.0,ACTUAL,VNSTOCK_BRONZE
VNM,LATEST,balance_sheet,BS_DEFERRED_TAX_ASSETS,3645227753.0,ACTUAL,VNSTOCK_BRONZE
VNM,LATEST,balance_sheet,BS_LONG_TERM_EQUIPMENT_SUPPLIES_SPARE_PARTS,0.0,ACTUAL,VNSTOCK_BRONZE
VNM,LATEST,balance_sheet,BS_OTHER_LONG_TERM_ASSETS_DETAIL,0.0,ACTUAL,VNSTOCK_BRONZE
VNM,LATEST,balance_sheet,BS_GOODWILL,2298695403954.0,ACTUAL,VNSTOCK_BRONZE
VNM,LATEST,balance_sheet,BS_TOTAL_ASSETS,46073727018989.0,ACTUAL,VNSTOCK_BRONZE
VNM,LATEST,balance_sheet,BS_TOTAL_LIABILITIES,13826962983067.0,ACTUAL,VNSTOCK_BRONZE
VNM,LATEST,balance_sheet,BS_SHORT_TERM_LIABILITIES,13314973420207.0,ACTUAL,VNSTOCK_BRONZE
VNM,LATEST,balance_sheet,BS_GOVERNMENT_BOND_REPURCHASE_TRANSACTIONS,0.0,ACTUAL,VNSTOCK_BRONZE
VNM,LATEST,balance_sheet,BS_TRADE_ACCOUNTS_PAYABLE,3981497996603.0,ACTUAL,VNSTOCK_BRONZE
VNM,LATEST,balance_sheet,BS_ADVANCES_FROM_CUSTOMERS,223415731424.0,ACTUAL,VNSTOCK_BRONZE
VNM,LATEST,balance_sheet,BS_TAXES_AND_OTHER_PAYABLES_TO_STATE_AUTHORITIES,793593104065.0,ACTUAL,VNSTOCK_BRONZE
VNM,LATEST,balance_sheet,BS_PAYABLE_TO_EMPLOYEES,183126208062.0,ACTUAL,VNSTOCK_BRONZE
VNM,LATEST,balance_sheet,BS_ACCRUED_EXPENSES,1522689934927.0,ACTUAL,VNSTOCK_BRONZE
VNM,LATEST,balance_sheet,BS_SHORT_TERM_UNEARNED_REVENUE,7479265238.0,ACTUAL,VNSTOCK_BRONZE
VNM,LATEST,balance_sheet,BS_OTHER_PAYABLES,183733169783.0,ACTUAL,VNSTOCK_BRONZE
VNM,LATEST,balance_sheet,BS_SHORT_TERM_BORROWINGS,6149806942796.0,ACTUAL,VNSTOCK_BRONZE
VNM,LATEST,balance_sheet,BS_SHORT_TERM_PROVISIONS,8438020491.0,ACTUAL,VNSTOCK_BRONZE
VNM,LATEST,balance_sheet,BS_BONUS_AND_WELFARE_FUND,261193046818.0,ACTUAL,VNSTOCK_BRONZE
VNM,LATEST,balance_sheet,BS_LONG_TERM_LIABILITIES,511989562860.0,ACTUAL,VNSTOCK_BRONZE
VNM,LATEST,balance_sheet,BS_LONG_TERM_TRADE_PAYABLES,0.0,ACTUAL,VNSTOCK_BRONZE
VNM,LATEST,balance_sheet,BS_LONG_TERM_ACCRUED_EXPENSES,0.0,ACTUAL,VNSTOCK_BRONZE
VNM,LATEST,balance_sheet,BS_LONG_TERM_UNEARNED_REVENUE,0.0,ACTUAL,VNSTOCK_BRONZE
VNM,LATEST,balance_sheet,BS_OTHER_LONG_TERM_LIABILITIES,21656151705.0,ACTUAL,VNSTOCK_BRONZE
VNM,LATEST,balance_sheet,BS_LONG_TERM_BORROWINGS,119643482893.0,ACTUAL,VNSTOCK_BRONZE
VNM,LATEST,balance_sheet,BS_DEFERRED_TAX_LIABILITIES,370689928262.0,ACTUAL,VNSTOCK_BRONZE
VNM,LATEST,balance_sheet,BS_LONG_TERM_PROVISIONS,0.0,ACTUAL,VNSTOCK_BRONZE
VNM,LATEST,balance_sheet,BS_EQUITY,32246764035922.0,ACTUAL,VNSTOCK_BRONZE
VNM,LATEST,balance_sheet,BS_OWNERS_EQUITY,32246764035922.0,ACTUAL,VNSTOCK_BRONZE
VNM,LATEST,balance_sheet,BS_CHARTER_CAPITAL,17416877930000.0,ACTUAL,VNSTOCK_BRONZE
VNM,LATEST,balance_sheet,BS_CAPITAL_FROM_OWNERS,17416877930000.0,ACTUAL,VNSTOCK_BRONZE
VNM,LATEST,balance_sheet,BS_SHARE_PREMIUM,0.0,ACTUAL,VNSTOCK_BRONZE
VNM,LATEST,balance_sheet,BS_OTHER_CAPITAL,0.0,ACTUAL,VNSTOCK_BRONZE
VNM,LATEST,balance_sheet,BS_TREASURY_SHARES,-11644956120.0,ACTUAL,VNSTOCK_BRONZE
VNM,LATEST,balance_sheet,BS_FOREIGN_EXCHANGE_DIFFERENCES,44454590088.0,ACTUAL,VNSTOCK_BRONZE
VNM,LATEST,balance_sheet,BS_INVESTMENT_AND_DEVELOPMENT_FUND,2469800368828.0,ACTUAL,VNSTOCK_BRONZE
VNM,LATEST,balance_sheet,BS_RETAINED_EARNINGS,10090990636691.0,ACTUAL,VNSTOCK_BRONZE
VNM,LATEST,balance_sheet,BS_ACCUMULATED_RETAINED_EARNING_AT_THE_END_OF_THE_PREVIOUS_PERIOD,7875462401924.0,ACTUAL,VNSTOCK_BRONZE
VNM,LATEST,balance_sheet,BS_PROFIT_THIS_PERIOD,2215528234767.0,ACTUAL,VNSTOCK_BRONZE
VNM,LATEST,balance_sheet,BS_MINORITY_INTEREST,2236285466435.0,ACTUAL,VNSTOCK_BRONZE
VNM,LATEST,balance_sheet,BS_TOTAL_LIABILITIES_AND_EQUITY,46073727018989.0,ACTUAL,VNSTOCK_BRONZE
VNM,LATEST,balance_sheet,BS_SHORT_TERM_ASSETS,30073376341979.0,ACTUAL,VNSTOCK_BRONZE
VNM,LATEST,balance_sheet,BS_CASH_AND_PRECIOUS_METALS,2176667357252.0,ACTUAL,VNSTOCK_BRONZE
VNM,LATEST,balance_sheet,BS_CASH,2044667357252.0,ACTUAL,VNSTOCK_BRONZE
VNM,LATEST,balance_sheet,BS_CASH_EQUIVALENTS,132000000000.0,ACTUAL,VNSTOCK_BRONZE
VNM,LATEST,balance_sheet,BS_SHORT_TERM_INVESTMENTS,16363060738340.0,ACTUAL,VNSTOCK_BRONZE
VNM,LATEST,balance_sheet,BS_FVTPL_FINANCIAL_ASSETS,1129064471.0,ACTUAL,VNSTOCK_BRONZE
VNM,LATEST,balance_sheet,BS_PROVISIONS_FOR_IMPAIRMENT_LOSS_OF_FINANCIAL_ASSETS_AND_MORTGAGES,-840223212.0,ACTUAL,VNSTOCK_BRONZE
VNM,LATEST,balance_sheet,BS_HELD_TO_MATURITY_SECURITIES,16362771897081.0,ACTUAL,VNSTOCK_BRONZE
VNM,LATEST,balance_sheet,BS_SHORT_TERM_RECEIVABLES,5674690836392.0,ACTUAL,VNSTOCK_BRONZE
VNM,LATEST,balance_sheet,BS_TRADE_RECEIVABLES,4399627020704.0,ACTUAL,VNSTOCK_BRONZE
VNM,LATEST,balance_sheet,BS_PREPAYMENTS_TO_SUPPLIERS,540579362752.0,ACTUAL,VNSTOCK_BRONZE
VNM,LATEST,balance_sheet,BS_SHORT_TERM_LOAN_RECEIVABLES,2948765507.0,ACTUAL,VNSTOCK_BRONZE
VNM,LATEST,balance_sheet,BS_OTHER_RECEIVABLES,747652063638.0,ACTUAL,VNSTOCK_BRONZE
VNM,LATEST,balance_sheet,BS_PROVISION_DOUBTFUL_DEBTS,-16116376209.0,ACTUAL,VNSTOCK_BRONZE
VNM,LATEST,balance_sheet,BS_ASSETS_AWAITING_RESOLUTION,0.0,ACTUAL,VNSTOCK_BRONZE
VNM,LATEST,balance_sheet,BS_INVENTORIES,5696221872518.0,ACTUAL,VNSTOCK_BRONZE
VNM,LATEST,balance_sheet,BS_INVENTORIES_GROSS,5709730898950.0,ACTUAL,VNSTOCK_BRONZE
VNM,LATEST,balance_sheet,BS_PROVISION_INVENTORIES,-13509026432.0,ACTUAL,VNSTOCK_BRONZE
VNM,LATEST,balance_sheet,BS_OTHER_SHORT_TERM_ASSETS,162735537477.0,ACTUAL,VNSTOCK_BRONZE
VNM,LATEST,balance_sheet,BS_SHORT_TERM_PREPAYMENTS,82921568374.0,ACTUAL,VNSTOCK_BRONZE
VNM,LATEST,balance_sheet,BS_DEDUCTIBLE_VALUE_ADDED_TAX,77702216302.0,ACTUAL,VNSTOCK_BRONZE
VNM,LATEST,balance_sheet,BS_TAXES_AND_OTHER_RECEIVABLES_FROM_STATE_AUTHORITIES,2111752801.0,ACTUAL,VNSTOCK_BRONZE
VNM,LATEST,balance_sheet,BS_LONG_TERM_ASSETS,19523433604246.0,ACTUAL,VNSTOCK_BRONZE
VNM,LATEST,balance_sheet,BS_LONG_TERM_RECEIVABLES,19451127295.0,ACTUAL,VNSTOCK_BRONZE
VNM,LATEST,balance_sheet,BS_LONG_TERM_TRADE_RECEIVABLES,0.0,ACTUAL,VNSTOCK_BRONZE
VNM,LATEST,balance_sheet,BS_LONG_TERM_LOAN_RECEIVABLES,123328000.0,ACTUAL,VNSTOCK_BRONZE
VNM,LATEST,balance_sheet,BS_OTHER_LONG_TERM_RECEIVABLES_LEGACY,19327799295.0,ACTUAL,VNSTOCK_BRONZE
VNM,LATEST,balance_sheet,BS_FIXED_ASSETS,14315882350284.0,ACTUAL,VNSTOCK_BRONZE
VNM,LATEST,balance_sheet,BS_TANGIBLE_FIXED_ASSETS,13193230198456.0,ACTUAL,VNSTOCK_BRONZE
VNM,LATEST,balance_sheet,BS_TANGIBLE_FIXED_ASSETS_COST,26613820855138.0,ACTUAL,VNSTOCK_BRONZE
VNM,LATEST,balance_sheet,BS_TANGIBLE_FIXED_ASSETS_ACCUMULATED_DEPRECIATION,-13420590656682.0,ACTUAL,VNSTOCK_BRONZE
VNM,LATEST,balance_sheet,BS_FINANCE_LEASE_FIXED_ASSETS,0.0,ACTUAL,VNSTOCK_BRONZE
VNM,LATEST,balance_sheet,BS_FINANCE_LEASE_FIXED_ASSETS_COST,0.0,ACTUAL,VNSTOCK_BRONZE
VNM,LATEST,balance_sheet,BS_FINANCE_LEASE_FIXED_ASSETS_ACCUMULATED_DEPRECIATION,-0.0,ACTUAL,VNSTOCK_BRONZE
VNM,LATEST,balance_sheet,BS_INTANGIBLE_FIXED_ASSETS,1122652151828.0,ACTUAL,VNSTOCK_BRONZE
VNM,LATEST,balance_sheet,BS_INTANGIBLE_FIXED_ASSETS_COST,1297490898872.0,ACTUAL,VNSTOCK_BRONZE
VNM,LATEST,balance_sheet,BS_INTANGIBLE_FIXED_ASSETS_ACCUMULATED_DEPRECIATION,-174838747044.0,ACTUAL,VNSTOCK_BRONZE
VNM,LATEST,balance_sheet,BS_INVESTMENT_PROPERTIES,60913099256.0,ACTUAL,VNSTOCK_BRONZE
VNM,LATEST,balance_sheet,BS_INVESTMENT_PROPERTIES_COST,81481271444.0,ACTUAL,VNSTOCK_BRONZE
VNM,LATEST,balance_sheet,BS_INVESTMENT_PROPERTIES_ACCUMULATED_DEPRECIATION,-20568172188.0,ACTUAL,VNSTOCK_BRONZE
VNM,LATEST,balance_sheet,BS_CONSTRUCTION_IN_PROGRESS,1142839397808.0,ACTUAL,VNSTOCK_BRONZE
VNM,LATEST,balance_sheet,BS_LONG_TERM_PRODUCTION_IN_PROGRESS,240938106051.0,ACTUAL,VNSTOCK_BRONZE
VNM,LATEST,balance_sheet,BS_CAPITAL_CONSTRUCTION_IN_PROGRESS,901901291757.0,ACTUAL,VNSTOCK_BRONZE
VNM,LATEST,balance_sheet,BS_LONG_TERM_INVESTMENTS,1074177901960.0,ACTUAL,VNSTOCK_BRONZE
VNM,LATEST,balance_sheet,BS_INVESTMENTS_IN_JOINT_VENTURES,684048772653.0,ACTUAL,VNSTOCK_BRONZE
VNM,LATEST,balance_sheet,BS_OTHER_LONG_TERM_INVESTMENTS,101927899080.0,ACTUAL,VNSTOCK_BRONZE
VNM,LATEST,balance_sheet,BS_PROVISION_LONG_TERM_INVESTMENTS,-11798769773.0,ACTUAL,VNSTOCK_BRONZE
VNM,LATEST,balance_sheet,BS_HELD_TO_MATURITY_INVESTMENTS,300000000000.0,ACTUAL,VNSTOCK_BRONZE
VNM,LATEST,balance_sheet,BS_OTHER_LONG_TERM_ASSETS,2910169727643.0,ACTUAL,VNSTOCK_BRONZE
VNM,LATEST,balance_sheet,BS_LONG_TERM_PREPAYMENTS,672458112694.0,ACTUAL,VNSTOCK_BRONZE
VNM,LATEST,balance_sheet,BS_DEFERRED_TAX_ASSETS,6561660396.0,ACTUAL,VNSTOCK_BRONZE
VNM,LATEST,balance_sheet,BS_LONG_TERM_EQUIPMENT_SUPPLIES_SPARE_PARTS,0.0,ACTUAL,VNSTOCK_BRONZE
VNM,LATEST,balance_sheet,BS_OTHER_LONG_TERM_ASSETS_DETAIL,0.0,ACTUAL,VNSTOCK_BRONZE
VNM,LATEST,balance_sheet,BS_GOODWILL,2231149954553.0,ACTUAL,VNSTOCK_BRONZE
VNM,LATEST,balance_sheet,BS_TOTAL_ASSETS,49596809946225.0,ACTUAL,VNSTOCK_BRONZE
VNM,LATEST,balance_sheet,BS_TOTAL_LIABILITIES,17241110573049.0,ACTUAL,VNSTOCK_BRONZE
VNM,LATEST,balance_sheet,BS_SHORT_TERM_LIABILITIES,16681721259498.0,ACTUAL,VNSTOCK_BRONZE
VNM,LATEST,balance_sheet,BS_GOVERNMENT_BOND_REPURCHASE_TRANSACTIONS,0.0,ACTUAL,VNSTOCK_BRONZE
VNM,LATEST,balance_sheet,BS_TRADE_ACCOUNTS_PAYABLE,3117601233572.0,ACTUAL,VNSTOCK_BRONZE
VNM,LATEST,balance_sheet,BS_ADVANCES_FROM_CUSTOMERS,234824364052.0,ACTUAL,VNSTOCK_BRONZE
VNM,LATEST,balance_sheet,BS_TAXES_AND_OTHER_PAYABLES_TO_STATE_AUTHORITIES,1916042698331.0,ACTUAL,VNSTOCK_BRONZE
VNM,LATEST,balance_sheet,BS_PAYABLE_TO_EMPLOYEES,216375873207.0,ACTUAL,VNSTOCK_BRONZE
VNM,LATEST,balance_sheet,BS_ACCRUED_EXPENSES,1693380025578.0,ACTUAL,VNSTOCK_BRONZE
VNM,LATEST,balance_sheet,BS_SHORT_TERM_UNEARNED_REVENUE,328805116.0,ACTUAL,VNSTOCK_BRONZE
VNM,LATEST,balance_sheet,BS_OTHER_PAYABLES,2792310928500.0,ACTUAL,VNSTOCK_BRONZE
VNM,LATEST,balance_sheet,BS_SHORT_TERM_BORROWINGS,6189353009901.0,ACTUAL,VNSTOCK_BRONZE
VNM,LATEST,balance_sheet,BS_SHORT_TERM_PROVISIONS,8439054613.0,ACTUAL,VNSTOCK_BRONZE
VNM,LATEST,balance_sheet,BS_BONUS_AND_WELFARE_FUND,513065266628.0,ACTUAL,VNSTOCK_BRONZE
VNM,LATEST,balance_sheet,BS_LONG_TERM_LIABILITIES,559389313551.0,ACTUAL,VNSTOCK_BRONZE
VNM,LATEST,balance_sheet,BS_LONG_TERM_TRADE_PAYABLES,0.0,ACTUAL,VNSTOCK_BRONZE
VNM,LATEST,balance_sheet,BS_LONG_TERM_ACCRUED_EXPENSES,0.0,ACTUAL,VNSTOCK_BRONZE
VNM,LATEST,balance_sheet,BS_LONG_TERM_UNEARNED_REVENUE,0.0,ACTUAL,VNSTOCK_BRONZE
VNM,LATEST,balance_sheet,BS_OTHER_LONG_TERM_LIABILITIES,14742382456.0,ACTUAL,VNSTOCK_BRONZE
VNM,LATEST,balance_sheet,BS_LONG_TERM_BORROWINGS,182356135696.0,ACTUAL,VNSTOCK_BRONZE
VNM,LATEST,balance_sheet,BS_DEFERRED_TAX_LIABILITIES,362290795399.0,ACTUAL,VNSTOCK_BRONZE
VNM,LATEST,balance_sheet,BS_LONG_TERM_PROVISIONS,0.0,ACTUAL,VNSTOCK_BRONZE
VNM,LATEST,balance_sheet,BS_EQUITY,32355699373176.0,ACTUAL,VNSTOCK_BRONZE
VNM,LATEST,balance_sheet,BS_OWNERS_EQUITY,32355699373176.0,ACTUAL,VNSTOCK_BRONZE
VNM,LATEST,balance_sheet,BS_CHARTER_CAPITAL,17416877930000.0,ACTUAL,VNSTOCK_BRONZE
VNM,LATEST,balance_sheet,BS_CAPITAL_FROM_OWNERS,17416877930000.0,ACTUAL,VNSTOCK_BRONZE
VNM,LATEST,balance_sheet,BS_SHARE_PREMIUM,0.0,ACTUAL,VNSTOCK_BRONZE
VNM,LATEST,balance_sheet,BS_OTHER_CAPITAL,0.0,ACTUAL,VNSTOCK_BRONZE
VNM,LATEST,balance_sheet,BS_TREASURY_SHARES,-11644956120.0,ACTUAL,VNSTOCK_BRONZE
VNM,LATEST,balance_sheet,BS_FOREIGN_EXCHANGE_DIFFERENCES,19588834129.0,ACTUAL,VNSTOCK_BRONZE
VNM,LATEST,balance_sheet,BS_INVESTMENT_AND_DEVELOPMENT_FUND,2773515033707.0,ACTUAL,VNSTOCK_BRONZE
VNM,LATEST,balance_sheet,BS_RETAINED_EARNINGS,9937240997894.0,ACTUAL,VNSTOCK_BRONZE
VNM,LATEST,balance_sheet,BS_ACCUMULATED_RETAINED_EARNING_AT_THE_END_OF_THE_PREVIOUS_PERIOD,5263395860924.0,ACTUAL,VNSTOCK_BRONZE
VNM,LATEST,balance_sheet,BS_PROFIT_THIS_PERIOD,4673845136970.0,ACTUAL,VNSTOCK_BRONZE
VNM,LATEST,balance_sheet,BS_MINORITY_INTEREST,2220121533566.0,ACTUAL,VNSTOCK_BRONZE
VNM,LATEST,balance_sheet,BS_TOTAL_LIABILITIES_AND_EQUITY,49596809946225.0,ACTUAL,VNSTOCK_BRONZE
VNM,LATEST,balance_sheet,BS_SHORT_TERM_ASSETS,31541319633765.0,ACTUAL,VNSTOCK_BRONZE
VNM,LATEST,balance_sheet,BS_CASH_AND_PRECIOUS_METALS,2335881481579.0,ACTUAL,VNSTOCK_BRONZE
VNM,LATEST,balance_sheet,BS_CASH,995896481579.0,ACTUAL,VNSTOCK_BRONZE
VNM,LATEST,balance_sheet,BS_CASH_EQUIVALENTS,1339985000000.0,ACTUAL,VNSTOCK_BRONZE
VNM,LATEST,balance_sheet,BS_SHORT_TERM_INVESTMENTS,17872002664622.0,ACTUAL,VNSTOCK_BRONZE
VNM,LATEST,balance_sheet,BS_FVTPL_FINANCIAL_ASSETS,1128087349.0,ACTUAL,VNSTOCK_BRONZE
VNM,LATEST,balance_sheet,BS_PROVISIONS_FOR_IMPAIRMENT_LOSS_OF_FINANCIAL_ASSETS_AND_MORTGAGES,-839496060.0,ACTUAL,VNSTOCK_BRONZE
VNM,LATEST,balance_sheet,BS_HELD_TO_MATURITY_SECURITIES,17871714073333.0,ACTUAL,VNSTOCK_BRONZE
VNM,LATEST,balance_sheet,BS_SHORT_TERM_RECEIVABLES,5976863349617.0,ACTUAL,VNSTOCK_BRONZE
VNM,LATEST,balance_sheet,BS_TRADE_RECEIVABLES,4609296981692.0,ACTUAL,VNSTOCK_BRONZE
VNM,LATEST,balance_sheet,BS_PREPAYMENTS_TO_SUPPLIERS,475798169117.0,ACTUAL,VNSTOCK_BRONZE
VNM,LATEST,balance_sheet,BS_SHORT_TERM_LOAN_RECEIVABLES,22870498078.0,ACTUAL,VNSTOCK_BRONZE
VNM,LATEST,balance_sheet,BS_OTHER_RECEIVABLES,885467143906.0,ACTUAL,VNSTOCK_BRONZE
VNM,LATEST,balance_sheet,BS_PROVISION_DOUBTFUL_DEBTS,-16569443176.0,ACTUAL,VNSTOCK_BRONZE
VNM,LATEST,balance_sheet,BS_ASSETS_AWAITING_RESOLUTION,0.0,ACTUAL,VNSTOCK_BRONZE
VNM,LATEST,balance_sheet,BS_INVENTORIES,5246489877728.0,ACTUAL,VNSTOCK_BRONZE
VNM,LATEST,balance_sheet,BS_INVENTORIES_GROSS,5260129092778.0,ACTUAL,VNSTOCK_BRONZE
VNM,LATEST,balance_sheet,BS_PROVISION_INVENTORIES,-13639215050.0,ACTUAL,VNSTOCK_BRONZE
VNM,LATEST,balance_sheet,BS_OTHER_SHORT_TERM_ASSETS,110082260219.0,ACTUAL,VNSTOCK_BRONZE
VNM,LATEST,balance_sheet,BS_SHORT_TERM_PREPAYMENTS,59119841358.0,ACTUAL,VNSTOCK_BRONZE
VNM,LATEST,balance_sheet,BS_DEDUCTIBLE_VALUE_ADDED_TAX,47699615605.0,ACTUAL,VNSTOCK_BRONZE
VNM,LATEST,balance_sheet,BS_TAXES_AND_OTHER_RECEIVABLES_FROM_STATE_AUTHORITIES,3262803256.0,ACTUAL,VNSTOCK_BRONZE
VNM,LATEST,balance_sheet,BS_LONG_TERM_ASSETS,18855137883156.0,ACTUAL,VNSTOCK_BRONZE
VNM,LATEST,balance_sheet,BS_LONG_TERM_RECEIVABLES,18819937295.0,ACTUAL,VNSTOCK_BRONZE
VNM,LATEST,balance_sheet,BS_LONG_TERM_TRADE_RECEIVABLES,0.0,ACTUAL,VNSTOCK_BRONZE
VNM,LATEST,balance_sheet,BS_LONG_TERM_LOAN_RECEIVABLES,0.0,ACTUAL,VNSTOCK_BRONZE
VNM,LATEST,balance_sheet,BS_OTHER_LONG_TERM_RECEIVABLES_LEGACY,18819937295.0,ACTUAL,VNSTOCK_BRONZE
VNM,LATEST,balance_sheet,BS_FIXED_ASSETS,13954302484978.0,ACTUAL,VNSTOCK_BRONZE
VNM,LATEST,balance_sheet,BS_TANGIBLE_FIXED_ASSETS,12845510806937.0,ACTUAL,VNSTOCK_BRONZE
VNM,LATEST,balance_sheet,BS_TANGIBLE_FIXED_ASSETS_COST,26739531744350.0,ACTUAL,VNSTOCK_BRONZE
VNM,LATEST,balance_sheet,BS_TANGIBLE_FIXED_ASSETS_ACCUMULATED_DEPRECIATION,-13894020937413.0,ACTUAL,VNSTOCK_BRONZE
VNM,LATEST,balance_sheet,BS_FINANCE_LEASE_FIXED_ASSETS,0.0,ACTUAL,VNSTOCK_BRONZE
VNM,LATEST,balance_sheet,BS_FINANCE_LEASE_FIXED_ASSETS_COST,0.0,ACTUAL,VNSTOCK_BRONZE
VNM,LATEST,balance_sheet,BS_FINANCE_LEASE_FIXED_ASSETS_ACCUMULATED_DEPRECIATION,-0.0,ACTUAL,VNSTOCK_BRONZE
VNM,LATEST,balance_sheet,BS_INTANGIBLE_FIXED_ASSETS,1108791678041.0,ACTUAL,VNSTOCK_BRONZE
VNM,LATEST,balance_sheet,BS_INTANGIBLE_FIXED_ASSETS_COST,1297334120546.0,ACTUAL,VNSTOCK_BRONZE
VNM,LATEST,balance_sheet,BS_INTANGIBLE_FIXED_ASSETS_ACCUMULATED_DEPRECIATION,-188542442505.0,ACTUAL,VNSTOCK_BRONZE
VNM,LATEST,balance_sheet,BS_INVESTMENT_PROPERTIES,60407813571.0,ACTUAL,VNSTOCK_BRONZE
VNM,LATEST,balance_sheet,BS_INVESTMENT_PROPERTIES_COST,81481271444.0,ACTUAL,VNSTOCK_BRONZE
VNM,LATEST,balance_sheet,BS_INVESTMENT_PROPERTIES_ACCUMULATED_DEPRECIATION,-21073457873.0,ACTUAL,VNSTOCK_BRONZE
VNM,LATEST,balance_sheet,BS_CONSTRUCTION_IN_PROGRESS,1259274745737.0,ACTUAL,VNSTOCK_BRONZE
VNM,LATEST,balance_sheet,BS_LONG_TERM_PRODUCTION_IN_PROGRESS,273199208064.0,ACTUAL,VNSTOCK_BRONZE
VNM,LATEST,balance_sheet,BS_CAPITAL_CONSTRUCTION_IN_PROGRESS,986075537673.0,ACTUAL,VNSTOCK_BRONZE
VNM,LATEST,balance_sheet,BS_LONG_TERM_INVESTMENTS,767256144971.0,ACTUAL,VNSTOCK_BRONZE
VNM,LATEST,balance_sheet,BS_INVESTMENTS_IN_JOINT_VENTURES,678290520804.0,ACTUAL,VNSTOCK_BRONZE
VNM,LATEST,balance_sheet,BS_OTHER_LONG_TERM_INVESTMENTS,101927179081.0,ACTUAL,VNSTOCK_BRONZE
VNM,LATEST,balance_sheet,BS_PROVISION_LONG_TERM_INVESTMENTS,-12961554914.0,ACTUAL,VNSTOCK_BRONZE
VNM,LATEST,balance_sheet,BS_HELD_TO_MATURITY_INVESTMENTS,0.0,ACTUAL,VNSTOCK_BRONZE
VNM,LATEST,balance_sheet,BS_OTHER_LONG_TERM_ASSETS,2795076756604.0,ACTUAL,VNSTOCK_BRONZE
VNM,LATEST,balance_sheet,BS_LONG_TERM_PREPAYMENTS,681055051641.0,ACTUAL,VNSTOCK_BRONZE
VNM,LATEST,balance_sheet,BS_DEFERRED_TAX_ASSETS,6149790612.0,ACTUAL,VNSTOCK_BRONZE
VNM,LATEST,balance_sheet,BS_LONG_TERM_EQUIPMENT_SUPPLIES_SPARE_PARTS,0.0,ACTUAL,VNSTOCK_BRONZE
VNM,LATEST,balance_sheet,BS_OTHER_LONG_TERM_ASSETS_DETAIL,0.0,ACTUAL,VNSTOCK_BRONZE
VNM,LATEST,balance_sheet,BS_GOODWILL,2107871914351.0,ACTUAL,VNSTOCK_BRONZE
VNM,LATEST,balance_sheet,BS_TOTAL_ASSETS,50396457516921.0,ACTUAL,VNSTOCK_BRONZE
VNM,LATEST,balance_sheet,BS_TOTAL_LIABILITIES,18704936040491.0,ACTUAL,VNSTOCK_BRONZE
VNM,LATEST,balance_sheet,BS_SHORT_TERM_LIABILITIES,18164145581085.0,ACTUAL,VNSTOCK_BRONZE
VNM,LATEST,balance_sheet,BS_GOVERNMENT_BOND_REPURCHASE_TRANSACTIONS,0.0,ACTUAL,VNSTOCK_BRONZE
VNM,LATEST,balance_sheet,BS_TRADE_ACCOUNTS_PAYABLE,3417205684642.0,ACTUAL,VNSTOCK_BRONZE
VNM,LATEST,balance_sheet,BS_ADVANCES_FROM_CUSTOMERS,166642125092.0,ACTUAL,VNSTOCK_BRONZE
VNM,LATEST,balance_sheet,BS_TAXES_AND_OTHER_PAYABLES_TO_STATE_AUTHORITIES,2123791451734.0,ACTUAL,VNSTOCK_BRONZE
VNM,LATEST,balance_sheet,BS_PAYABLE_TO_EMPLOYEES,232503697170.0,ACTUAL,VNSTOCK_BRONZE
VNM,LATEST,balance_sheet,BS_ACCRUED_EXPENSES,1586093448163.0,ACTUAL,VNSTOCK_BRONZE
VNM,LATEST,balance_sheet,BS_SHORT_TERM_UNEARNED_REVENUE,338102717.0,ACTUAL,VNSTOCK_BRONZE
VNM,LATEST,balance_sheet,BS_OTHER_PAYABLES,3652399890063.0,ACTUAL,VNSTOCK_BRONZE
VNM,LATEST,balance_sheet,BS_SHORT_TERM_BORROWINGS,6423212089774.0,ACTUAL,VNSTOCK_BRONZE
VNM,LATEST,balance_sheet,BS_SHORT_TERM_PROVISIONS,6638096961.0,ACTUAL,VNSTOCK_BRONZE
VNM,LATEST,balance_sheet,BS_BONUS_AND_WELFARE_FUND,555320994769.0,ACTUAL,VNSTOCK_BRONZE
VNM,LATEST,balance_sheet,BS_LONG_TERM_LIABILITIES,540790459406.0,ACTUAL,VNSTOCK_BRONZE
VNM,LATEST,balance_sheet,BS_LONG_TERM_TRADE_PAYABLES,0.0,ACTUAL,VNSTOCK_BRONZE
VNM,LATEST,balance_sheet,BS_LONG_TERM_ACCRUED_EXPENSES,0.0,ACTUAL,VNSTOCK_BRONZE
VNM,LATEST,balance_sheet,BS_LONG_TERM_UNEARNED_REVENUE,0.0,ACTUAL,VNSTOCK_BRONZE
VNM,LATEST,balance_sheet,BS_OTHER_LONG_TERM_LIABILITIES,8831189942.0,ACTUAL,VNSTOCK_BRONZE
VNM,LATEST,balance_sheet,BS_LONG_TERM_BORROWINGS,176301073571.0,ACTUAL,VNSTOCK_BRONZE
VNM,LATEST,balance_sheet,BS_DEFERRED_TAX_LIABILITIES,355658195893.0,ACTUAL,VNSTOCK_BRONZE
VNM,LATEST,balance_sheet,BS_LONG_TERM_PROVISIONS,0.0,ACTUAL,VNSTOCK_BRONZE
VNM,LATEST,balance_sheet,BS_EQUITY,31691521476430.0,ACTUAL,VNSTOCK_BRONZE
VNM,LATEST,balance_sheet,BS_OWNERS_EQUITY,31691521476430.0,ACTUAL,VNSTOCK_BRONZE
VNM,LATEST,balance_sheet,BS_CHARTER_CAPITAL,20899554450000.0,ACTUAL,VNSTOCK_BRONZE
VNM,LATEST,balance_sheet,BS_CAPITAL_FROM_OWNERS,20899554450000.0,ACTUAL,VNSTOCK_BRONZE
VNM,LATEST,balance_sheet,BS_SHARE_PREMIUM,0.0,ACTUAL,VNSTOCK_BRONZE
VNM,LATEST,balance_sheet,BS_OTHER_CAPITAL,0.0,ACTUAL,VNSTOCK_BRONZE
VNM,LATEST,balance_sheet,BS_TREASURY_SHARES,-11644956120.0,ACTUAL,VNSTOCK_BRONZE
VNM,LATEST,balance_sheet,BS_FOREIGN_EXCHANGE_DIFFERENCES,16386206049.0,ACTUAL,VNSTOCK_BRONZE
VNM,LATEST,balance_sheet,BS_INVESTMENT_AND_DEVELOPMENT_FUND,3081189447472.0,ACTUAL,VNSTOCK_BRONZE
VNM,LATEST,balance_sheet,BS_RETAINED_EARNINGS,5361509637035.0,ACTUAL,VNSTOCK_BRONZE
VNM,LATEST,balance_sheet,BS_ACCUMULATED_RETAINED_EARNING_AT_THE_END_OF_THE_PREVIOUS_PERIOD,1780719340924.0,ACTUAL,VNSTOCK_BRONZE
VNM,LATEST,balance_sheet,BS_PROFIT_THIS_PERIOD,3580790296111.0,ACTUAL,VNSTOCK_BRONZE
VNM,LATEST,balance_sheet,BS_MINORITY_INTEREST,2344526691994.0,ACTUAL,VNSTOCK_BRONZE
VNM,LATEST,balance_sheet,BS_TOTAL_LIABILITIES_AND_EQUITY,50396457516921.0,ACTUAL,VNSTOCK_BRONZE
VNM,LATEST,balance_sheet,BS_SHORT_TERM_ASSETS,29665725805058.0,ACTUAL,VNSTOCK_BRONZE
VNM,LATEST,balance_sheet,BS_CASH_AND_PRECIOUS_METALS,2111242815581.0,ACTUAL,VNSTOCK_BRONZE
VNM,LATEST,balance_sheet,BS_CASH,863853260384.0,ACTUAL,VNSTOCK_BRONZE
VNM,LATEST,balance_sheet,BS_CASH_EQUIVALENTS,1247389555197.0,ACTUAL,VNSTOCK_BRONZE
VNM,LATEST,balance_sheet,BS_SHORT_TERM_INVESTMENTS,17313679774893.0,ACTUAL,VNSTOCK_BRONZE
VNM,LATEST,balance_sheet,BS_FVTPL_FINANCIAL_ASSETS,1124178861.0,ACTUAL,VNSTOCK_BRONZE
VNM,LATEST,balance_sheet,BS_PROVISIONS_FOR_IMPAIRMENT_LOSS_OF_FINANCIAL_ASSETS_AND_MORTGAGES,-936520806.0,ACTUAL,VNSTOCK_BRONZE
VNM,LATEST,balance_sheet,BS_HELD_TO_MATURITY_SECURITIES,17313492116838.0,ACTUAL,VNSTOCK_BRONZE
VNM,LATEST,balance_sheet,BS_SHORT_TERM_RECEIVABLES,5187253172150.0,ACTUAL,VNSTOCK_BRONZE
VNM,LATEST,balance_sheet,BS_TRADE_RECEIVABLES,4173563213813.0,ACTUAL,VNSTOCK_BRONZE
VNM,LATEST,balance_sheet,BS_PREPAYMENTS_TO_SUPPLIERS,546236562342.0,ACTUAL,VNSTOCK_BRONZE
VNM,LATEST,balance_sheet,BS_SHORT_TERM_LOAN_RECEIVABLES,150000000.0,ACTUAL,VNSTOCK_BRONZE
VNM,LATEST,balance_sheet,BS_OTHER_RECEIVABLES,483737475103.0,ACTUAL,VNSTOCK_BRONZE
VNM,LATEST,balance_sheet,BS_PROVISION_DOUBTFUL_DEBTS,-16434079108.0,ACTUAL,VNSTOCK_BRONZE
VNM,LATEST,balance_sheet,BS_ASSETS_AWAITING_RESOLUTION,0.0,ACTUAL,VNSTOCK_BRONZE
VNM,LATEST,balance_sheet,BS_INVENTORIES,4905068613616.0,ACTUAL,VNSTOCK_BRONZE
VNM,LATEST,balance_sheet,BS_INVENTORIES_GROSS,4952848688011.0,ACTUAL,VNSTOCK_BRONZE
VNM,LATEST,balance_sheet,BS_PROVISION_INVENTORIES,-47780074395.0,ACTUAL,VNSTOCK_BRONZE
VNM,LATEST,balance_sheet,BS_OTHER_SHORT_TERM_ASSETS,148481428818.0,ACTUAL,VNSTOCK_BRONZE
VNM,LATEST,balance_sheet,BS_SHORT_TERM_PREPAYMENTS,57414707597.0,ACTUAL,VNSTOCK_BRONZE
VNM,LATEST,balance_sheet,BS_DEDUCTIBLE_VALUE_ADDED_TAX,37158670216.0,ACTUAL,VNSTOCK_BRONZE
VNM,LATEST,balance_sheet,BS_TAXES_AND_OTHER_RECEIVABLES_FROM_STATE_AUTHORITIES,53908051005.0,ACTUAL,VNSTOCK_BRONZE
VNM,LATEST,balance_sheet,BS_LONG_TERM_ASSETS,18766754868571.0,ACTUAL,VNSTOCK_BRONZE
VNM,LATEST,balance_sheet,BS_LONG_TERM_RECEIVABLES,19974111715.0,ACTUAL,VNSTOCK_BRONZE
VNM,LATEST,balance_sheet,BS_LONG_TERM_TRADE_RECEIVABLES,0.0,ACTUAL,VNSTOCK_BRONZE
VNM,LATEST,balance_sheet,BS_LONG_TERM_LOAN_RECEIVABLES,0.0,ACTUAL,VNSTOCK_BRONZE
VNM,LATEST,balance_sheet,BS_OTHER_LONG_TERM_RECEIVABLES_LEGACY,19974111715.0,ACTUAL,VNSTOCK_BRONZE
VNM,LATEST,balance_sheet,BS_FIXED_ASSETS,13853807867036.0,ACTUAL,VNSTOCK_BRONZE
VNM,LATEST,balance_sheet,BS_TANGIBLE_FIXED_ASSETS,12717306878414.0,ACTUAL,VNSTOCK_BRONZE
VNM,LATEST,balance_sheet,BS_TANGIBLE_FIXED_ASSETS_COST,27037635338368.0,ACTUAL,VNSTOCK_BRONZE
VNM,LATEST,balance_sheet,BS_TANGIBLE_FIXED_ASSETS_ACCUMULATED_DEPRECIATION,-14320328459954.0,ACTUAL,VNSTOCK_BRONZE
VNM,LATEST,balance_sheet,BS_FINANCE_LEASE_FIXED_ASSETS,0.0,ACTUAL,VNSTOCK_BRONZE
VNM,LATEST,balance_sheet,BS_FINANCE_LEASE_FIXED_ASSETS_COST,0.0,ACTUAL,VNSTOCK_BRONZE
VNM,LATEST,balance_sheet,BS_FINANCE_LEASE_FIXED_ASSETS_ACCUMULATED_DEPRECIATION,-0.0,ACTUAL,VNSTOCK_BRONZE
VNM,LATEST,balance_sheet,BS_INTANGIBLE_FIXED_ASSETS,1136500988622.0,ACTUAL,VNSTOCK_BRONZE
VNM,LATEST,balance_sheet,BS_INTANGIBLE_FIXED_ASSETS_COST,1338628984267.0,ACTUAL,VNSTOCK_BRONZE
VNM,LATEST,balance_sheet,BS_INTANGIBLE_FIXED_ASSETS_ACCUMULATED_DEPRECIATION,-202127995645.0,ACTUAL,VNSTOCK_BRONZE
VNM,LATEST,balance_sheet,BS_INVESTMENT_PROPERTIES,59996974041.0,ACTUAL,VNSTOCK_BRONZE
VNM,LATEST,balance_sheet,BS_INVESTMENT_PROPERTIES_COST,81481271444.0,ACTUAL,VNSTOCK_BRONZE
VNM,LATEST,balance_sheet,BS_INVESTMENT_PROPERTIES_ACCUMULATED_DEPRECIATION,-21484297403.0,ACTUAL,VNSTOCK_BRONZE
VNM,LATEST,balance_sheet,BS_CONSTRUCTION_IN_PROGRESS,1062633519957.0,ACTUAL,VNSTOCK_BRONZE
VNM,LATEST,balance_sheet,BS_LONG_TERM_PRODUCTION_IN_PROGRESS,268812038616.0,ACTUAL,VNSTOCK_BRONZE
VNM,LATEST,balance_sheet,BS_CAPITAL_CONSTRUCTION_IN_PROGRESS,793821481341.0,ACTUAL,VNSTOCK_BRONZE
VNM,LATEST,balance_sheet,BS_LONG_TERM_INVESTMENTS,973440912476.0,ACTUAL,VNSTOCK_BRONZE
VNM,LATEST,balance_sheet,BS_INVESTMENTS_IN_JOINT_VENTURES,686485729063.0,ACTUAL,VNSTOCK_BRONZE
VNM,LATEST,balance_sheet,BS_OTHER_LONG_TERM_INVESTMENTS,101924299081.0,ACTUAL,VNSTOCK_BRONZE
VNM,LATEST,balance_sheet,BS_PROVISION_LONG_TERM_INVESTMENTS,-14969115668.0,ACTUAL,VNSTOCK_BRONZE
VNM,LATEST,balance_sheet,BS_HELD_TO_MATURITY_INVESTMENTS,200000000000.0,ACTUAL,VNSTOCK_BRONZE
VNM,LATEST,balance_sheet,BS_OTHER_LONG_TERM_ASSETS,2796901483346.0,ACTUAL,VNSTOCK_BRONZE
VNM,LATEST,balance_sheet,BS_LONG_TERM_PREPAYMENTS,713499307014.0,ACTUAL,VNSTOCK_BRONZE
VNM,LATEST,balance_sheet,BS_DEFERRED_TAX_ASSETS,24854170720.0,ACTUAL,VNSTOCK_BRONZE
VNM,LATEST,balance_sheet,BS_LONG_TERM_EQUIPMENT_SUPPLIES_SPARE_PARTS,0.0,ACTUAL,VNSTOCK_BRONZE
VNM,LATEST,balance_sheet,BS_OTHER_LONG_TERM_ASSETS_DETAIL,0.0,ACTUAL,VNSTOCK_BRONZE
VNM,LATEST,balance_sheet,BS_GOODWILL,2058548005612.0,ACTUAL,VNSTOCK_BRONZE
VNM,LATEST,balance_sheet,BS_TOTAL_ASSETS,48432480673629.0,ACTUAL,VNSTOCK_BRONZE
VNM,LATEST,balance_sheet,BS_TOTAL_LIABILITIES,14785358443807.0,ACTUAL,VNSTOCK_BRONZE
VNM,LATEST,balance_sheet,BS_SHORT_TERM_LIABILITIES,14212646285475.0,ACTUAL,VNSTOCK_BRONZE
VNM,LATEST,balance_sheet,BS_GOVERNMENT_BOND_REPURCHASE_TRANSACTIONS,0.0,ACTUAL,VNSTOCK_BRONZE
VNM,LATEST,balance_sheet,BS_TRADE_ACCOUNTS_PAYABLE,3199186016787.0,ACTUAL,VNSTOCK_BRONZE
VNM,LATEST,balance_sheet,BS_ADVANCES_FROM_CUSTOMERS,111159982412.0,ACTUAL,VNSTOCK_BRONZE
VNM,LATEST,balance_sheet,BS_TAXES_AND_OTHER_PAYABLES_TO_STATE_AUTHORITIES,659550222596.0,ACTUAL,VNSTOCK_BRONZE
VNM,LATEST,balance_sheet,BS_PAYABLE_TO_EMPLOYEES,279673306451.0,ACTUAL,VNSTOCK_BRONZE
VNM,LATEST,balance_sheet,BS_ACCRUED_EXPENSES,1910213748076.0,ACTUAL,VNSTOCK_BRONZE
VNM,LATEST,balance_sheet,BS_SHORT_TERM_UNEARNED_REVENUE,15927234779.0,ACTUAL,VNSTOCK_BRONZE
VNM,LATEST,balance_sheet,BS_OTHER_PAYABLES,145835054429.0,ACTUAL,VNSTOCK_BRONZE
VNM,LATEST,balance_sheet,BS_SHORT_TERM_BORROWINGS,7316497078307.0,ACTUAL,VNSTOCK_BRONZE
VNM,LATEST,balance_sheet,BS_SHORT_TERM_PROVISIONS,15278019908.0,ACTUAL,VNSTOCK_BRONZE
VNM,LATEST,balance_sheet,BS_BONUS_AND_WELFARE_FUND,559325621730.0,ACTUAL,VNSTOCK_BRONZE
VNM,LATEST,balance_sheet,BS_LONG_TERM_LIABILITIES,572712158332.0,ACTUAL,VNSTOCK_BRONZE
VNM,LATEST,balance_sheet,BS_LONG_TERM_TRADE_PAYABLES,0.0,ACTUAL,VNSTOCK_BRONZE
VNM,LATEST,balance_sheet,BS_LONG_TERM_ACCRUED_EXPENSES,0.0,ACTUAL,VNSTOCK_BRONZE
VNM,LATEST,balance_sheet,BS_LONG_TERM_UNEARNED_REVENUE,0.0,ACTUAL,VNSTOCK_BRONZE
VNM,LATEST,balance_sheet,BS_OTHER_LONG_TERM_LIABILITIES,59731299502.0,ACTUAL,VNSTOCK_BRONZE
VNM,LATEST,balance_sheet,BS_LONG_TERM_BORROWINGS,167421748884.0,ACTUAL,VNSTOCK_BRONZE
VNM,LATEST,balance_sheet,BS_DEFERRED_TAX_LIABILITIES,345559109946.0,ACTUAL,VNSTOCK_BRONZE
VNM,LATEST,balance_sheet,BS_LONG_TERM_PROVISIONS,0.0,ACTUAL,VNSTOCK_BRONZE
VNM,LATEST,balance_sheet,BS_EQUITY,33647122229822.0,ACTUAL,VNSTOCK_BRONZE
VNM,LATEST,balance_sheet,BS_OWNERS_EQUITY,33647122229822.0,ACTUAL,VNSTOCK_BRONZE
VNM,LATEST,balance_sheet,BS_CHARTER_CAPITAL,20899554450000.0,ACTUAL,VNSTOCK_BRONZE
VNM,LATEST,balance_sheet,BS_CAPITAL_FROM_OWNERS,20899554450000.0,ACTUAL,VNSTOCK_BRONZE
VNM,LATEST,balance_sheet,BS_SHARE_PREMIUM,0.0,ACTUAL,VNSTOCK_BRONZE
VNM,LATEST,balance_sheet,BS_OTHER_CAPITAL,202658418215.0,ACTUAL,VNSTOCK_BRONZE
VNM,LATEST,balance_sheet,BS_TREASURY_SHARES,-11644956120.0,ACTUAL,VNSTOCK_BRONZE
VNM,LATEST,balance_sheet,BS_FOREIGN_EXCHANGE_DIFFERENCES,10647239612.0,ACTUAL,VNSTOCK_BRONZE
VNM,LATEST,balance_sheet,BS_INVESTMENT_AND_DEVELOPMENT_FUND,3286241911090.0,ACTUAL,VNSTOCK_BRONZE
VNM,LATEST,balance_sheet,BS_RETAINED_EARNINGS,6909725668453.0,ACTUAL,VNSTOCK_BRONZE
VNM,LATEST,balance_sheet,BS_ACCUMULATED_RETAINED_EARNING_AT_THE_END_OF_THE_PREVIOUS_PERIOD,1578060922710.0,ACTUAL,VNSTOCK_BRONZE
VNM,LATEST,balance_sheet,BS_PROFIT_THIS_PERIOD,5331664745743.0,ACTUAL,VNSTOCK_BRONZE
VNM,LATEST,balance_sheet,BS_MINORITY_INTEREST,2349939498572.0,ACTUAL,VNSTOCK_BRONZE
VNM,LATEST,balance_sheet,BS_TOTAL_LIABILITIES_AND_EQUITY,48432480673629.0,ACTUAL,VNSTOCK_BRONZE
VNM,LATEST,balance_sheet,BS_SHORT_TERM_ASSETS,32834546632146.0,ACTUAL,VNSTOCK_BRONZE
VNM,LATEST,balance_sheet,BS_CASH_AND_PRECIOUS_METALS,1197956795582.0,ACTUAL,VNSTOCK_BRONZE
VNM,LATEST,balance_sheet,BS_CASH,869981048166.0,ACTUAL,VNSTOCK_BRONZE
VNM,LATEST,balance_sheet,BS_CASH_EQUIVALENTS,327975747416.0,ACTUAL,VNSTOCK_BRONZE
VNM,LATEST,balance_sheet,BS_SHORT_TERM_INVESTMENTS,19542794237097.0,ACTUAL,VNSTOCK_BRONZE
VNM,LATEST,balance_sheet,BS_FVTPL_FINANCIAL_ASSETS,1123201739.0,ACTUAL,VNSTOCK_BRONZE
VNM,LATEST,balance_sheet,BS_PROVISIONS_FOR_IMPAIRMENT_LOSS_OF_FINANCIAL_ASSETS_AND_MORTGAGES,-935706794.0,ACTUAL,VNSTOCK_BRONZE
VNM,LATEST,balance_sheet,BS_HELD_TO_MATURITY_SECURITIES,19542606742152.0,ACTUAL,VNSTOCK_BRONZE
VNM,LATEST,balance_sheet,BS_SHORT_TERM_RECEIVABLES,5320350430335.0,ACTUAL,VNSTOCK_BRONZE
VNM,LATEST,balance_sheet,BS_TRADE_RECEIVABLES,3946331935127.0,ACTUAL,VNSTOCK_BRONZE
VNM,LATEST,balance_sheet,BS_PREPAYMENTS_TO_SUPPLIERS,653239283565.0,ACTUAL,VNSTOCK_BRONZE
VNM,LATEST,balance_sheet,BS_SHORT_TERM_LOAN_RECEIVABLES,0.0,ACTUAL,VNSTOCK_BRONZE
VNM,LATEST,balance_sheet,BS_OTHER_RECEIVABLES,736497645071.0,ACTUAL,VNSTOCK_BRONZE
VNM,LATEST,balance_sheet,BS_PROVISION_DOUBTFUL_DEBTS,-15718433428.0,ACTUAL,VNSTOCK_BRONZE
VNM,LATEST,balance_sheet,BS_ASSETS_AWAITING_RESOLUTION,0.0,ACTUAL,VNSTOCK_BRONZE
VNM,LATEST,balance_sheet,BS_INVENTORIES,6465943104329.0,ACTUAL,VNSTOCK_BRONZE
VNM,LATEST,balance_sheet,BS_INVENTORIES_GROSS,6514512235046.0,ACTUAL,VNSTOCK_BRONZE
VNM,LATEST,balance_sheet,BS_PROVISION_INVENTORIES,-48569130717.0,ACTUAL,VNSTOCK_BRONZE
VNM,LATEST,balance_sheet,BS_OTHER_SHORT_TERM_ASSETS,307502064803.0,ACTUAL,VNSTOCK_BRONZE
VNM,LATEST,balance_sheet,BS_SHORT_TERM_PREPAYMENTS,202707221650.0,ACTUAL,VNSTOCK_BRONZE
VNM,LATEST,balance_sheet,BS_DEDUCTIBLE_VALUE_ADDED_TAX,76794258117.0,ACTUAL,VNSTOCK_BRONZE
VNM,LATEST,balance_sheet,BS_TAXES_AND_OTHER_RECEIVABLES_FROM_STATE_AUTHORITIES,28000585036.0,ACTUAL,VNSTOCK_BRONZE
VNM,LATEST,balance_sheet,BS_LONG_TERM_ASSETS,18216664248505.0,ACTUAL,VNSTOCK_BRONZE
VNM,LATEST,balance_sheet,BS_LONG_TERM_RECEIVABLES,19949209715.0,ACTUAL,VNSTOCK_BRONZE
VNM,LATEST,balance_sheet,BS_LONG_TERM_TRADE_RECEIVABLES,0.0,ACTUAL,VNSTOCK_BRONZE
VNM,LATEST,balance_sheet,BS_LONG_TERM_LOAN_RECEIVABLES,0.0,ACTUAL,VNSTOCK_BRONZE
VNM,LATEST,balance_sheet,BS_OTHER_LONG_TERM_RECEIVABLES_LEGACY,19949209715.0,ACTUAL,VNSTOCK_BRONZE
VNM,LATEST,balance_sheet,BS_FIXED_ASSETS,13581563074872.0,ACTUAL,VNSTOCK_BRONZE
VNM,LATEST,balance_sheet,BS_TANGIBLE_FIXED_ASSETS,12450177265747.0,ACTUAL,VNSTOCK_BRONZE
VNM,LATEST,balance_sheet,BS_TANGIBLE_FIXED_ASSETS_COST,27147859170256.0,ACTUAL,VNSTOCK_BRONZE
VNM,LATEST,balance_sheet,BS_TANGIBLE_FIXED_ASSETS_ACCUMULATED_DEPRECIATION,-14697681904509.0,ACTUAL,VNSTOCK_BRONZE
VNM,LATEST,balance_sheet,BS_FINANCE_LEASE_FIXED_ASSETS,0.0,ACTUAL,VNSTOCK_BRONZE
VNM,LATEST,balance_sheet,BS_FINANCE_LEASE_FIXED_ASSETS_COST,0.0,ACTUAL,VNSTOCK_BRONZE
VNM,LATEST,balance_sheet,BS_FINANCE_LEASE_FIXED_ASSETS_ACCUMULATED_DEPRECIATION,-0.0,ACTUAL,VNSTOCK_BRONZE
VNM,LATEST,balance_sheet,BS_INTANGIBLE_FIXED_ASSETS,1131385809125.0,ACTUAL,VNSTOCK_BRONZE
VNM,LATEST,balance_sheet,BS_INTANGIBLE_FIXED_ASSETS_COST,1346625575561.0,ACTUAL,VNSTOCK_BRONZE
VNM,LATEST,balance_sheet,BS_INTANGIBLE_FIXED_ASSETS_ACCUMULATED_DEPRECIATION,-215239766436.0,ACTUAL,VNSTOCK_BRONZE
VNM,LATEST,balance_sheet,BS_INVESTMENT_PROPERTIES,63050924806.0,ACTUAL,VNSTOCK_BRONZE
VNM,LATEST,balance_sheet,BS_INVESTMENT_PROPERTIES_COST,98822678885.0,ACTUAL,VNSTOCK_BRONZE
VNM,LATEST,balance_sheet,BS_INVESTMENT_PROPERTIES_ACCUMULATED_DEPRECIATION,-35771754079.0,ACTUAL,VNSTOCK_BRONZE
VNM,LATEST,balance_sheet,BS_CONSTRUCTION_IN_PROGRESS,1054308307292.0,ACTUAL,VNSTOCK_BRONZE
VNM,LATEST,balance_sheet,BS_LONG_TERM_PRODUCTION_IN_PROGRESS,225544282236.0,ACTUAL,VNSTOCK_BRONZE
VNM,LATEST,balance_sheet,BS_CAPITAL_CONSTRUCTION_IN_PROGRESS,828764025056.0,ACTUAL,VNSTOCK_BRONZE
VNM,LATEST,balance_sheet,BS_LONG_TERM_INVESTMENTS,766806577828.0,ACTUAL,VNSTOCK_BRONZE
VNM,LATEST,balance_sheet,BS_INVESTMENTS_IN_JOINT_VENTURES,677640296870.0,ACTUAL,VNSTOCK_BRONZE
VNM,LATEST,balance_sheet,BS_OTHER_LONG_TERM_INVESTMENTS,101923579081.0,ACTUAL,VNSTOCK_BRONZE
VNM,LATEST,balance_sheet,BS_PROVISION_LONG_TERM_INVESTMENTS,-12757298123.0,ACTUAL,VNSTOCK_BRONZE
VNM,LATEST,balance_sheet,BS_HELD_TO_MATURITY_INVESTMENTS,0.0,ACTUAL,VNSTOCK_BRONZE
VNM,LATEST,balance_sheet,BS_OTHER_LONG_TERM_ASSETS,2730986153992.0,ACTUAL,VNSTOCK_BRONZE
VNM,LATEST,balance_sheet,BS_LONG_TERM_PREPAYMENTS,719856192649.0,ACTUAL,VNSTOCK_BRONZE
VNM,LATEST,balance_sheet,BS_DEFERRED_TAX_ASSETS,13966984537.0,ACTUAL,VNSTOCK_BRONZE
VNM,LATEST,balance_sheet,BS_LONG_TERM_EQUIPMENT_SUPPLIES_SPARE_PARTS,0.0,ACTUAL,VNSTOCK_BRONZE
VNM,LATEST,balance_sheet,BS_OTHER_LONG_TERM_ASSETS_DETAIL,0.0,ACTUAL,VNSTOCK_BRONZE
VNM,LATEST,balance_sheet,BS_GOODWILL,1997162976806.0,ACTUAL,VNSTOCK_BRONZE
VNM,LATEST,balance_sheet,BS_TOTAL_ASSETS,51051210880651.0,ACTUAL,VNSTOCK_BRONZE
VNM,LATEST,balance_sheet,BS_TOTAL_LIABILITIES,17087270259224.0,ACTUAL,VNSTOCK_BRONZE
VNM,LATEST,balance_sheet,BS_SHORT_TERM_LIABILITIES,16532816332955.0,ACTUAL,VNSTOCK_BRONZE
VNM,LATEST,balance_sheet,BS_GOVERNMENT_BOND_REPURCHASE_TRANSACTIONS,0.0,ACTUAL,VNSTOCK_BRONZE
VNM,LATEST,balance_sheet,BS_TRADE_ACCOUNTS_PAYABLE,4384135429137.0,ACTUAL,VNSTOCK_BRONZE
VNM,LATEST,balance_sheet,BS_ADVANCES_FROM_CUSTOMERS,222037194417.0,ACTUAL,VNSTOCK_BRONZE
VNM,LATEST,balance_sheet,BS_TAXES_AND_OTHER_PAYABLES_TO_STATE_AUTHORITIES,671570799698.0,ACTUAL,VNSTOCK_BRONZE
VNM,LATEST,balance_sheet,BS_PAYABLE_TO_EMPLOYEES,243632844343.0,ACTUAL,VNSTOCK_BRONZE
VNM,LATEST,balance_sheet,BS_ACCRUED_EXPENSES,1403844671605.0,ACTUAL,VNSTOCK_BRONZE
VNM,LATEST,balance_sheet,BS_SHORT_TERM_UNEARNED_REVENUE,3965406139.0,ACTUAL,VNSTOCK_BRONZE
VNM,LATEST,balance_sheet,BS_OTHER_PAYABLES,143379171868.0,ACTUAL,VNSTOCK_BRONZE
VNM,LATEST,balance_sheet,BS_SHORT_TERM_BORROWINGS,9247097278828.0,ACTUAL,VNSTOCK_BRONZE
VNM,LATEST,balance_sheet,BS_SHORT_TERM_PROVISIONS,17576674634.0,ACTUAL,VNSTOCK_BRONZE
VNM,LATEST,balance_sheet,BS_BONUS_AND_WELFARE_FUND,195576862286.0,ACTUAL,VNSTOCK_BRONZE
VNM,LATEST,balance_sheet,BS_LONG_TERM_LIABILITIES,554453926269.0,ACTUAL,VNSTOCK_BRONZE
VNM,LATEST,balance_sheet,BS_LONG_TERM_TRADE_PAYABLES,0.0,ACTUAL,VNSTOCK_BRONZE
VNM,LATEST,balance_sheet,BS_LONG_TERM_ACCRUED_EXPENSES,0.0,ACTUAL,VNSTOCK_BRONZE
VNM,LATEST,balance_sheet,BS_LONG_TERM_UNEARNED_REVENUE,0.0,ACTUAL,VNSTOCK_BRONZE
VNM,LATEST,balance_sheet,BS_OTHER_LONG_TERM_LIABILITIES,60215353294.0,ACTUAL,VNSTOCK_BRONZE
VNM,LATEST,balance_sheet,BS_LONG_TERM_BORROWINGS,162103516784.0,ACTUAL,VNSTOCK_BRONZE
VNM,LATEST,balance_sheet,BS_DEFERRED_TAX_LIABILITIES,332135056191.0,ACTUAL,VNSTOCK_BRONZE
VNM,LATEST,balance_sheet,BS_LONG_TERM_PROVISIONS,0.0,ACTUAL,VNSTOCK_BRONZE
VNM,LATEST,balance_sheet,BS_EQUITY,33963940621427.0,ACTUAL,VNSTOCK_BRONZE
VNM,LATEST,balance_sheet,BS_OWNERS_EQUITY,33963940621427.0,ACTUAL,VNSTOCK_BRONZE
VNM,LATEST,balance_sheet,BS_CHARTER_CAPITAL,20899554450000.0,ACTUAL,VNSTOCK_BRONZE
VNM,LATEST,balance_sheet,BS_CAPITAL_FROM_OWNERS,20899554450000.0,ACTUAL,VNSTOCK_BRONZE
VNM,LATEST,balance_sheet,BS_SHARE_PREMIUM,34110709700.0,ACTUAL,VNSTOCK_BRONZE
VNM,LATEST,balance_sheet,BS_OTHER_CAPITAL,202658418215.0,ACTUAL,VNSTOCK_BRONZE
VNM,LATEST,balance_sheet,BS_TREASURY_SHARES,0.0,ACTUAL,VNSTOCK_BRONZE
VNM,LATEST,balance_sheet,BS_FOREIGN_EXCHANGE_DIFFERENCES,1084775702.0,ACTUAL,VNSTOCK_BRONZE
VNM,LATEST,balance_sheet,BS_INVESTMENT_AND_DEVELOPMENT_FUND,3552461470108.0,ACTUAL,VNSTOCK_BRONZE
VNM,LATEST,balance_sheet,BS_RETAINED_EARNINGS,6642146444531.0,ACTUAL,VNSTOCK_BRONZE
VNM,LATEST,balance_sheet,BS_ACCUMULATED_RETAINED_EARNING_AT_THE_END_OF_THE_PREVIOUS_PERIOD,4820049322453.0,ACTUAL,VNSTOCK_BRONZE
VNM,LATEST,balance_sheet,BS_PROFIT_THIS_PERIOD,1822097122078.0,ACTUAL,VNSTOCK_BRONZE
VNM,LATEST,balance_sheet,BS_MINORITY_INTEREST,2631924353171.0,ACTUAL,VNSTOCK_BRONZE
VNM,LATEST,balance_sheet,BS_TOTAL_LIABILITIES_AND_EQUITY,51051210880651.0,ACTUAL,VNSTOCK_BRONZE
VNM,LATEST,balance_sheet,BS_SHORT_TERM_ASSETS,35042535233833.0,ACTUAL,VNSTOCK_BRONZE
VNM,LATEST,balance_sheet,BS_CASH_AND_PRECIOUS_METALS,1663036014269.0,ACTUAL,VNSTOCK_BRONZE
VNM,LATEST,balance_sheet,BS_CASH,1261476873446.0,ACTUAL,VNSTOCK_BRONZE
VNM,LATEST,balance_sheet,BS_CASH_EQUIVALENTS,401559140823.0,ACTUAL,VNSTOCK_BRONZE
VNM,LATEST,balance_sheet,BS_SHORT_TERM_INVESTMENTS,19971222710510.0,ACTUAL,VNSTOCK_BRONZE
VNM,LATEST,balance_sheet,BS_FVTPL_FINANCIAL_ASSETS,1129553032.0,ACTUAL,VNSTOCK_BRONZE
VNM,LATEST,balance_sheet,BS_PROVISIONS_FOR_IMPAIRMENT_LOSS_OF_FINANCIAL_ASSETS_AND_MORTGAGES,-940997872.0,ACTUAL,VNSTOCK_BRONZE
VNM,LATEST,balance_sheet,BS_HELD_TO_MATURITY_SECURITIES,19971034155350.0,ACTUAL,VNSTOCK_BRONZE
VNM,LATEST,balance_sheet,BS_SHORT_TERM_RECEIVABLES,6370305908925.0,ACTUAL,VNSTOCK_BRONZE
VNM,LATEST,balance_sheet,BS_TRADE_RECEIVABLES,4603103630069.0,ACTUAL,VNSTOCK_BRONZE
VNM,LATEST,balance_sheet,BS_PREPAYMENTS_TO_SUPPLIERS,976845401593.0,ACTUAL,VNSTOCK_BRONZE
VNM,LATEST,balance_sheet,BS_SHORT_TERM_LOAN_RECEIVABLES,0.0,ACTUAL,VNSTOCK_BRONZE
VNM,LATEST,balance_sheet,BS_OTHER_RECEIVABLES,805655807367.0,ACTUAL,VNSTOCK_BRONZE
VNM,LATEST,balance_sheet,BS_PROVISION_DOUBTFUL_DEBTS,-15298930104.0,ACTUAL,VNSTOCK_BRONZE
VNM,LATEST,balance_sheet,BS_ASSETS_AWAITING_RESOLUTION,0.0,ACTUAL,VNSTOCK_BRONZE
VNM,LATEST,balance_sheet,BS_INVENTORIES,6842795582767.0,ACTUAL,VNSTOCK_BRONZE
VNM,LATEST,balance_sheet,BS_INVENTORIES_GROSS,6876983730958.0,ACTUAL,VNSTOCK_BRONZE
VNM,LATEST,balance_sheet,BS_PROVISION_INVENTORIES,-34188148191.0,ACTUAL,VNSTOCK_BRONZE
VNM,LATEST,balance_sheet,BS_OTHER_SHORT_TERM_ASSETS,195175017362.0,ACTUAL,VNSTOCK_BRONZE
VNM,LATEST,balance_sheet,BS_SHORT_TERM_PREPAYMENTS,106404763709.0,ACTUAL,VNSTOCK_BRONZE
VNM,LATEST,balance_sheet,BS_DEDUCTIBLE_VALUE_ADDED_TAX,82825397969.0,ACTUAL,VNSTOCK_BRONZE
VNM,LATEST,balance_sheet,BS_TAXES_AND_OTHER_RECEIVABLES_FROM_STATE_AUTHORITIES,5944855684.0,ACTUAL,VNSTOCK_BRONZE
VNM,LATEST,balance_sheet,BS_LONG_TERM_ASSETS,18004133795359.0,ACTUAL,VNSTOCK_BRONZE
VNM,LATEST,balance_sheet,BS_LONG_TERM_RECEIVABLES,25326572715.0,ACTUAL,VNSTOCK_BRONZE
VNM,LATEST,balance_sheet,BS_LONG_TERM_TRADE_RECEIVABLES,0.0,ACTUAL,VNSTOCK_BRONZE
VNM,LATEST,balance_sheet,BS_LONG_TERM_LOAN_RECEIVABLES,0.0,ACTUAL,VNSTOCK_BRONZE
VNM,LATEST,balance_sheet,BS_OTHER_LONG_TERM_RECEIVABLES_LEGACY,25326572715.0,ACTUAL,VNSTOCK_BRONZE
VNM,LATEST,balance_sheet,BS_FIXED_ASSETS,13223395767565.0,ACTUAL,VNSTOCK_BRONZE
VNM,LATEST,balance_sheet,BS_TANGIBLE_FIXED_ASSETS,12101578863690.0,ACTUAL,VNSTOCK_BRONZE
VNM,LATEST,balance_sheet,BS_TANGIBLE_FIXED_ASSETS_COST,27260064227531.0,ACTUAL,VNSTOCK_BRONZE
VNM,LATEST,balance_sheet,BS_TANGIBLE_FIXED_ASSETS_ACCUMULATED_DEPRECIATION,-15158485363841.0,ACTUAL,VNSTOCK_BRONZE
VNM,LATEST,balance_sheet,BS_FINANCE_LEASE_FIXED_ASSETS,0.0,ACTUAL,VNSTOCK_BRONZE
VNM,LATEST,balance_sheet,BS_FINANCE_LEASE_FIXED_ASSETS_COST,0.0,ACTUAL,VNSTOCK_BRONZE
VNM,LATEST,balance_sheet,BS_FINANCE_LEASE_FIXED_ASSETS_ACCUMULATED_DEPRECIATION,-0.0,ACTUAL,VNSTOCK_BRONZE
VNM,LATEST,balance_sheet,BS_INTANGIBLE_FIXED_ASSETS,1121816903875.0,ACTUAL,VNSTOCK_BRONZE
VNM,LATEST,balance_sheet,BS_INTANGIBLE_FIXED_ASSETS_COST,1350482900245.0,ACTUAL,VNSTOCK_BRONZE
VNM,LATEST,balance_sheet,BS_INTANGIBLE_FIXED_ASSETS_ACCUMULATED_DEPRECIATION,-228665996370.0,ACTUAL,VNSTOCK_BRONZE
VNM,LATEST,balance_sheet,BS_INVESTMENT_PROPERTIES,62007056833.0,ACTUAL,VNSTOCK_BRONZE
VNM,LATEST,balance_sheet,BS_INVESTMENT_PROPERTIES_COST,98822678885.0,ACTUAL,VNSTOCK_BRONZE
VNM,LATEST,balance_sheet,BS_INVESTMENT_PROPERTIES_ACCUMULATED_DEPRECIATION,-36815622052.0,ACTUAL,VNSTOCK_BRONZE
VNM,LATEST,balance_sheet,BS_CONSTRUCTION_IN_PROGRESS,1268424820998.0,ACTUAL,VNSTOCK_BRONZE
VNM,LATEST,balance_sheet,BS_LONG_TERM_PRODUCTION_IN_PROGRESS,277613687183.0,ACTUAL,VNSTOCK_BRONZE
VNM,LATEST,balance_sheet,BS_CAPITAL_CONSTRUCTION_IN_PROGRESS,990811133815.0,ACTUAL,VNSTOCK_BRONZE
VNM,LATEST,balance_sheet,BS_LONG_TERM_INVESTMENTS,749939570721.0,ACTUAL,VNSTOCK_BRONZE
VNM,LATEST,balance_sheet,BS_INVESTMENTS_IN_JOINT_VENTURES,661334533663.0,ACTUAL,VNSTOCK_BRONZE
VNM,LATEST,balance_sheet,BS_OTHER_LONG_TERM_INVESTMENTS,101928259081.0,ACTUAL,VNSTOCK_BRONZE
VNM,LATEST,balance_sheet,BS_PROVISION_LONG_TERM_INVESTMENTS,-13323222023.0,ACTUAL,VNSTOCK_BRONZE
VNM,LATEST,balance_sheet,BS_HELD_TO_MATURITY_INVESTMENTS,0.0,ACTUAL,VNSTOCK_BRONZE
VNM,LATEST,balance_sheet,BS_OTHER_LONG_TERM_ASSETS,2675040006527.0,ACTUAL,VNSTOCK_BRONZE
VNM,LATEST,balance_sheet,BS_LONG_TERM_PREPAYMENTS,730264994725.0,ACTUAL,VNSTOCK_BRONZE
VNM,LATEST,balance_sheet,BS_DEFERRED_TAX_ASSETS,8997063802.0,ACTUAL,VNSTOCK_BRONZE
VNM,LATEST,balance_sheet,BS_LONG_TERM_EQUIPMENT_SUPPLIES_SPARE_PARTS,0.0,ACTUAL,VNSTOCK_BRONZE
VNM,LATEST,balance_sheet,BS_OTHER_LONG_TERM_ASSETS_DETAIL,0.0,ACTUAL,VNSTOCK_BRONZE
VNM,LATEST,balance_sheet,BS_GOODWILL,1935777948000.0,ACTUAL,VNSTOCK_BRONZE
VNM,LATEST,balance_sheet,BS_TOTAL_ASSETS,53046669029192.0,ACTUAL,VNSTOCK_BRONZE
VNM,LATEST,balance_sheet,BS_TOTAL_LIABILITIES,18671295879023.0,ACTUAL,VNSTOCK_BRONZE
VNM,LATEST,balance_sheet,BS_SHORT_TERM_LIABILITIES,18127021271173.0,ACTUAL,VNSTOCK_BRONZE
VNM,LATEST,balance_sheet,BS_GOVERNMENT_BOND_REPURCHASE_TRANSACTIONS,0.0,ACTUAL,VNSTOCK_BRONZE
VNM,LATEST,balance_sheet,BS_TRADE_ACCOUNTS_PAYABLE,4402754822880.0,ACTUAL,VNSTOCK_BRONZE
VNM,LATEST,balance_sheet,BS_ADVANCES_FROM_CUSTOMERS,360506124003.0,ACTUAL,VNSTOCK_BRONZE
VNM,LATEST,balance_sheet,BS_TAXES_AND_OTHER_PAYABLES_TO_STATE_AUTHORITIES,1609417965484.0,ACTUAL,VNSTOCK_BRONZE
VNM,LATEST,balance_sheet,BS_PAYABLE_TO_EMPLOYEES,230751499532.0,ACTUAL,VNSTOCK_BRONZE
VNM,LATEST,balance_sheet,BS_ACCRUED_EXPENSES,1460331652825.0,ACTUAL,VNSTOCK_BRONZE
VNM,LATEST,balance_sheet,BS_SHORT_TERM_UNEARNED_REVENUE,98220000.0,ACTUAL,VNSTOCK_BRONZE
VNM,LATEST,balance_sheet,BS_OTHER_PAYABLES,135300833401.0,ACTUAL,VNSTOCK_BRONZE
VNM,LATEST,balance_sheet,BS_SHORT_TERM_BORROWINGS,9481532928054.0,ACTUAL,VNSTOCK_BRONZE
VNM,LATEST,balance_sheet,BS_SHORT_TERM_PROVISIONS,17013702018.0,ACTUAL,VNSTOCK_BRONZE
VNM,LATEST,balance_sheet,BS_BONUS_AND_WELFARE_FUND,429313522976.0,ACTUAL,VNSTOCK_BRONZE
VNM,LATEST,balance_sheet,BS_LONG_TERM_LIABILITIES,544274607850.0,ACTUAL,VNSTOCK_BRONZE
VNM,LATEST,balance_sheet,BS_LONG_TERM_TRADE_PAYABLES,0.0,ACTUAL,VNSTOCK_BRONZE
VNM,LATEST,balance_sheet,BS_LONG_TERM_ACCRUED_EXPENSES,0.0,ACTUAL,VNSTOCK_BRONZE
VNM,LATEST,balance_sheet,BS_LONG_TERM_UNEARNED_REVENUE,0.0,ACTUAL,VNSTOCK_BRONZE
VNM,LATEST,balance_sheet,BS_OTHER_LONG_TERM_LIABILITIES,61459115656.0,ACTUAL,VNSTOCK_BRONZE
VNM,LATEST,balance_sheet,BS_LONG_TERM_BORROWINGS,157817900434.0,ACTUAL,VNSTOCK_BRONZE
VNM,LATEST,balance_sheet,BS_DEFERRED_TAX_LIABILITIES,324997591760.0,ACTUAL,VNSTOCK_BRONZE
VNM,LATEST,balance_sheet,BS_LONG_TERM_PROVISIONS,0.0,ACTUAL,VNSTOCK_BRONZE
VNM,LATEST,balance_sheet,BS_EQUITY,34375373150169.0,ACTUAL,VNSTOCK_BRONZE
VNM,LATEST,balance_sheet,BS_OWNERS_EQUITY,34375373150169.0,ACTUAL,VNSTOCK_BRONZE
VNM,LATEST,balance_sheet,BS_CHARTER_CAPITAL,20899554450000.0,ACTUAL,VNSTOCK_BRONZE
VNM,LATEST,balance_sheet,BS_CAPITAL_FROM_OWNERS,20899554450000.0,ACTUAL,VNSTOCK_BRONZE
VNM,LATEST,balance_sheet,BS_SHARE_PREMIUM,34110709700.0,ACTUAL,VNSTOCK_BRONZE
VNM,LATEST,balance_sheet,BS_OTHER_CAPITAL,202658418215.0,ACTUAL,VNSTOCK_BRONZE
VNM,LATEST,balance_sheet,BS_TREASURY_SHARES,0.0,ACTUAL,VNSTOCK_BRONZE
VNM,LATEST,balance_sheet,BS_FOREIGN_EXCHANGE_DIFFERENCES,13283454116.0,ACTUAL,VNSTOCK_BRONZE
VNM,LATEST,balance_sheet,BS_INVESTMENT_AND_DEVELOPMENT_FUND,3844015723908.0,ACTUAL,VNSTOCK_BRONZE
VNM,LATEST,balance_sheet,BS_RETAINED_EARNINGS,6631020480297.0,ACTUAL,VNSTOCK_BRONZE
VNM,LATEST,balance_sheet,BS_ACCUMULATED_RETAINED_EARNING_AT_THE_END_OF_THE_PREVIOUS_PERIOD,2521098332953.0,ACTUAL,VNSTOCK_BRONZE
VNM,LATEST,balance_sheet,BS_PROFIT_THIS_PERIOD,4109922147344.0,ACTUAL,VNSTOCK_BRONZE
VNM,LATEST,balance_sheet,BS_MINORITY_INTEREST,2750729913933.0,ACTUAL,VNSTOCK_BRONZE
VNM,LATEST,balance_sheet,BS_TOTAL_LIABILITIES_AND_EQUITY,53046669029192.0,ACTUAL,VNSTOCK_BRONZE
VNM,LATEST,balance_sheet,BS_SHORT_TERM_ASSETS,34446542339559.0,ACTUAL,VNSTOCK_BRONZE
VNM,LATEST,balance_sheet,BS_CASH_AND_PRECIOUS_METALS,2051857098275.0,ACTUAL,VNSTOCK_BRONZE
VNM,LATEST,balance_sheet,BS_CASH,1432929886920.0,ACTUAL,VNSTOCK_BRONZE
VNM,LATEST,balance_sheet,BS_CASH_EQUIVALENTS,618927211355.0,ACTUAL,VNSTOCK_BRONZE
VNM,LATEST,balance_sheet,BS_SHORT_TERM_INVESTMENTS,19753142693943.0,ACTUAL,VNSTOCK_BRONZE
VNM,LATEST,balance_sheet,BS_FVTPL_FINANCIAL_ASSETS,1116850446.0,ACTUAL,VNSTOCK_BRONZE
VNM,LATEST,balance_sheet,BS_PROVISIONS_FOR_IMPAIRMENT_LOSS_OF_FINANCIAL_ASSETS_AND_MORTGAGES,-930415716.0,ACTUAL,VNSTOCK_BRONZE
VNM,LATEST,balance_sheet,BS_HELD_TO_MATURITY_SECURITIES,19752956259213.0,ACTUAL,VNSTOCK_BRONZE
VNM,LATEST,balance_sheet,BS_SHORT_TERM_RECEIVABLES,6118496933219.0,ACTUAL,VNSTOCK_BRONZE
VNM,LATEST,balance_sheet,BS_TRADE_RECEIVABLES,4459917129465.0,ACTUAL,VNSTOCK_BRONZE
VNM,LATEST,balance_sheet,BS_PREPAYMENTS_TO_SUPPLIERS,866059864322.0,ACTUAL,VNSTOCK_BRONZE
VNM,LATEST,balance_sheet,BS_SHORT_TERM_LOAN_RECEIVABLES,0.0,ACTUAL,VNSTOCK_BRONZE
VNM,LATEST,balance_sheet,BS_OTHER_RECEIVABLES,807107394215.0,ACTUAL,VNSTOCK_BRONZE
VNM,LATEST,balance_sheet,BS_PROVISION_DOUBTFUL_DEBTS,-14587454783.0,ACTUAL,VNSTOCK_BRONZE
VNM,LATEST,balance_sheet,BS_ASSETS_AWAITING_RESOLUTION,0.0,ACTUAL,VNSTOCK_BRONZE
VNM,LATEST,balance_sheet,BS_INVENTORIES,6380809878105.0,ACTUAL,VNSTOCK_BRONZE
VNM,LATEST,balance_sheet,BS_INVENTORIES_GROSS,6410434510128.0,ACTUAL,VNSTOCK_BRONZE
VNM,LATEST,balance_sheet,BS_PROVISION_INVENTORIES,-29624632023.0,ACTUAL,VNSTOCK_BRONZE
VNM,LATEST,balance_sheet,BS_OTHER_SHORT_TERM_ASSETS,142235736017.0,ACTUAL,VNSTOCK_BRONZE
VNM,LATEST,balance_sheet,BS_SHORT_TERM_PREPAYMENTS,74707575214.0,ACTUAL,VNSTOCK_BRONZE
VNM,LATEST,balance_sheet,BS_DEDUCTIBLE_VALUE_ADDED_TAX,65290639803.0,ACTUAL,VNSTOCK_BRONZE
VNM,LATEST,balance_sheet,BS_TAXES_AND_OTHER_RECEIVABLES_FROM_STATE_AUTHORITIES,2237521000.0,ACTUAL,VNSTOCK_BRONZE
VNM,LATEST,balance_sheet,BS_LONG_TERM_ASSETS,17621216868681.0,ACTUAL,VNSTOCK_BRONZE
VNM,LATEST,balance_sheet,BS_LONG_TERM_RECEIVABLES,25407409661.0,ACTUAL,VNSTOCK_BRONZE
VNM,LATEST,balance_sheet,BS_LONG_TERM_TRADE_RECEIVABLES,0.0,ACTUAL,VNSTOCK_BRONZE
VNM,LATEST,balance_sheet,BS_LONG_TERM_LOAN_RECEIVABLES,0.0,ACTUAL,VNSTOCK_BRONZE
VNM,LATEST,balance_sheet,BS_OTHER_LONG_TERM_RECEIVABLES_LEGACY,25407409661.0,ACTUAL,VNSTOCK_BRONZE
VNM,LATEST,balance_sheet,BS_FIXED_ASSETS,13058194375719.0,ACTUAL,VNSTOCK_BRONZE
VNM,LATEST,balance_sheet,BS_TANGIBLE_FIXED_ASSETS,11959423940585.0,ACTUAL,VNSTOCK_BRONZE
VNM,LATEST,balance_sheet,BS_TANGIBLE_FIXED_ASSETS_COST,27532573541093.0,ACTUAL,VNSTOCK_BRONZE
VNM,LATEST,balance_sheet,BS_TANGIBLE_FIXED_ASSETS_ACCUMULATED_DEPRECIATION,-15573149600508.0,ACTUAL,VNSTOCK_BRONZE
VNM,LATEST,balance_sheet,BS_FINANCE_LEASE_FIXED_ASSETS,0.0,ACTUAL,VNSTOCK_BRONZE
VNM,LATEST,balance_sheet,BS_FINANCE_LEASE_FIXED_ASSETS_COST,0.0,ACTUAL,VNSTOCK_BRONZE
VNM,LATEST,balance_sheet,BS_FINANCE_LEASE_FIXED_ASSETS_ACCUMULATED_DEPRECIATION,-0.0,ACTUAL,VNSTOCK_BRONZE
VNM,LATEST,balance_sheet,BS_INTANGIBLE_FIXED_ASSETS,1098770435134.0,ACTUAL,VNSTOCK_BRONZE
VNM,LATEST,balance_sheet,BS_INTANGIBLE_FIXED_ASSETS_COST,1340363600323.0,ACTUAL,VNSTOCK_BRONZE
VNM,LATEST,balance_sheet,BS_INTANGIBLE_FIXED_ASSETS_ACCUMULATED_DEPRECIATION,-241593165189.0,ACTUAL,VNSTOCK_BRONZE
VNM,LATEST,balance_sheet,BS_INVESTMENT_PROPERTIES,60963188860.0,ACTUAL,VNSTOCK_BRONZE
VNM,LATEST,balance_sheet,BS_INVESTMENT_PROPERTIES_COST,98822678885.0,ACTUAL,VNSTOCK_BRONZE
VNM,LATEST,balance_sheet,BS_INVESTMENT_PROPERTIES_ACCUMULATED_DEPRECIATION,-37859490025.0,ACTUAL,VNSTOCK_BRONZE
VNM,LATEST,balance_sheet,BS_CONSTRUCTION_IN_PROGRESS,1115082745335.0,ACTUAL,VNSTOCK_BRONZE
VNM,LATEST,balance_sheet,BS_LONG_TERM_PRODUCTION_IN_PROGRESS,297555493205.0,ACTUAL,VNSTOCK_BRONZE
VNM,LATEST,balance_sheet,BS_CAPITAL_CONSTRUCTION_IN_PROGRESS,817527252130.0,ACTUAL,VNSTOCK_BRONZE
VNM,LATEST,balance_sheet,BS_LONG_TERM_INVESTMENTS,764478911041.0,ACTUAL,VNSTOCK_BRONZE
VNM,LATEST,balance_sheet,BS_INVESTMENTS_IN_JOINT_VENTURES,675883233983.0,ACTUAL,VNSTOCK_BRONZE
VNM,LATEST,balance_sheet,BS_OTHER_LONG_TERM_INVESTMENTS,101918899081.0,ACTUAL,VNSTOCK_BRONZE
VNM,LATEST,balance_sheet,BS_PROVISION_LONG_TERM_INVESTMENTS,-13323222023.0,ACTUAL,VNSTOCK_BRONZE
VNM,LATEST,balance_sheet,BS_HELD_TO_MATURITY_INVESTMENTS,0.0,ACTUAL,VNSTOCK_BRONZE
VNM,LATEST,balance_sheet,BS_OTHER_LONG_TERM_ASSETS,2597090238065.0,ACTUAL,VNSTOCK_BRONZE
VNM,LATEST,balance_sheet,BS_LONG_TERM_PREPAYMENTS,722697318872.0,ACTUAL,VNSTOCK_BRONZE
VNM,LATEST,balance_sheet,BS_DEFERRED_TAX_ASSETS,0.0,ACTUAL,VNSTOCK_BRONZE
VNM,LATEST,balance_sheet,BS_LONG_TERM_EQUIPMENT_SUPPLIES_SPARE_PARTS,0.0,ACTUAL,VNSTOCK_BRONZE
VNM,LATEST,balance_sheet,BS_OTHER_LONG_TERM_ASSETS_DETAIL,0.0,ACTUAL,VNSTOCK_BRONZE
VNM,LATEST,balance_sheet,BS_GOODWILL,1874392919193.0,ACTUAL,VNSTOCK_BRONZE
VNM,LATEST,balance_sheet,BS_TOTAL_ASSETS,52067759208240.0,ACTUAL,VNSTOCK_BRONZE
VNM,LATEST,balance_sheet,BS_TOTAL_LIABILITIES,18192841472371.0,ACTUAL,VNSTOCK_BRONZE
VNM,LATEST,balance_sheet,BS_SHORT_TERM_LIABILITIES,17766091926204.0,ACTUAL,VNSTOCK_BRONZE
VNM,LATEST,balance_sheet,BS_GOVERNMENT_BOND_REPURCHASE_TRANSACTIONS,0.0,ACTUAL,VNSTOCK_BRONZE
VNM,LATEST,balance_sheet,BS_TRADE_ACCOUNTS_PAYABLE,3709048316608.0,ACTUAL,VNSTOCK_BRONZE
VNM,LATEST,balance_sheet,BS_ADVANCES_FROM_CUSTOMERS,242584395198.0,ACTUAL,VNSTOCK_BRONZE
VNM,LATEST,balance_sheet,BS_TAXES_AND_OTHER_PAYABLES_TO_STATE_AUTHORITIES,2411967346528.0,ACTUAL,VNSTOCK_BRONZE
VNM,LATEST,balance_sheet,BS_PAYABLE_TO_EMPLOYEES,279157677513.0,ACTUAL,VNSTOCK_BRONZE
VNM,LATEST,balance_sheet,BS_ACCRUED_EXPENSES,1524441462218.0,ACTUAL,VNSTOCK_BRONZE
VNM,LATEST,balance_sheet,BS_SHORT_TERM_UNEARNED_REVENUE,267000815.0,ACTUAL,VNSTOCK_BRONZE
VNM,LATEST,balance_sheet,BS_OTHER_PAYABLES,107338086664.0,ACTUAL,VNSTOCK_BRONZE
VNM,LATEST,balance_sheet,BS_SHORT_TERM_BORROWINGS,9038248667322.0,ACTUAL,VNSTOCK_BRONZE
VNM,LATEST,balance_sheet,BS_SHORT_TERM_PROVISIONS,15163750318.0,ACTUAL,VNSTOCK_BRONZE
VNM,LATEST,balance_sheet,BS_BONUS_AND_WELFARE_FUND,437875223020.0,ACTUAL,VNSTOCK_BRONZE
VNM,LATEST,balance_sheet,BS_LONG_TERM_LIABILITIES,426749546167.0,ACTUAL,VNSTOCK_BRONZE
VNM,LATEST,balance_sheet,BS_LONG_TERM_TRADE_PAYABLES,0.0,ACTUAL,VNSTOCK_BRONZE
VNM,LATEST,balance_sheet,BS_LONG_TERM_ACCRUED_EXPENSES,0.0,ACTUAL,VNSTOCK_BRONZE
VNM,LATEST,balance_sheet,BS_LONG_TERM_UNEARNED_REVENUE,0.0,ACTUAL,VNSTOCK_BRONZE
VNM,LATEST,balance_sheet,BS_OTHER_LONG_TERM_LIABILITIES,28055806373.0,ACTUAL,VNSTOCK_BRONZE
VNM,LATEST,balance_sheet,BS_LONG_TERM_BORROWINGS,80626092834.0,ACTUAL,VNSTOCK_BRONZE
VNM,LATEST,balance_sheet,BS_DEFERRED_TAX_LIABILITIES,318067646960.0,ACTUAL,VNSTOCK_BRONZE
VNM,LATEST,balance_sheet,BS_LONG_TERM_PROVISIONS,0.0,ACTUAL,VNSTOCK_BRONZE
VNM,LATEST,balance_sheet,BS_EQUITY,33874917735869.0,ACTUAL,VNSTOCK_BRONZE
VNM,LATEST,balance_sheet,BS_OWNERS_EQUITY,33874917735869.0,ACTUAL,VNSTOCK_BRONZE
VNM,LATEST,balance_sheet,BS_CHARTER_CAPITAL,20899554450000.0,ACTUAL,VNSTOCK_BRONZE
VNM,LATEST,balance_sheet,BS_CAPITAL_FROM_OWNERS,20899554450000.0,ACTUAL,VNSTOCK_BRONZE
VNM,LATEST,balance_sheet,BS_SHARE_PREMIUM,34110709700.0,ACTUAL,VNSTOCK_BRONZE
VNM,LATEST,balance_sheet,BS_OTHER_CAPITAL,202658418215.0,ACTUAL,VNSTOCK_BRONZE
VNM,LATEST,balance_sheet,BS_TREASURY_SHARES,0.0,ACTUAL,VNSTOCK_BRONZE
VNM,LATEST,balance_sheet,BS_FOREIGN_EXCHANGE_DIFFERENCES,-16564157140.0,ACTUAL,VNSTOCK_BRONZE
VNM,LATEST,balance_sheet,BS_INVESTMENT_AND_DEVELOPMENT_FUND,4132854408049.0,ACTUAL,VNSTOCK_BRONZE
VNM,LATEST,balance_sheet,BS_RETAINED_EARNINGS,5843776925027.0,ACTUAL,VNSTOCK_BRONZE
VNM,LATEST,balance_sheet,BS_ACCUMULATED_RETAINED_EARNING_AT_THE_END_OF_THE_PREVIOUS_PERIOD,2521098332953.0,ACTUAL,VNSTOCK_BRONZE
VNM,LATEST,balance_sheet,BS_PROFIT_THIS_PERIOD,3322678592074.0,ACTUAL,VNSTOCK_BRONZE
VNM,LATEST,balance_sheet,BS_MINORITY_INTEREST,2778526982018.0,ACTUAL,VNSTOCK_BRONZE
VNM,LATEST,balance_sheet,BS_TOTAL_LIABILITIES_AND_EQUITY,52067759208240.0,ACTUAL,VNSTOCK_BRONZE
VNM,LATEST,balance_sheet,BS_SHORT_TERM_ASSETS,36109910649785.0,ACTUAL,VNSTOCK_BRONZE
VNM,LATEST,balance_sheet,BS_CASH_AND_PRECIOUS_METALS,2348551874348.0,ACTUAL,VNSTOCK_BRONZE
VNM,LATEST,balance_sheet,BS_CASH,1187350251579.0,ACTUAL,VNSTOCK_BRONZE
VNM,LATEST,balance_sheet,BS_CASH_EQUIVALENTS,1161201622769.0,ACTUAL,VNSTOCK_BRONZE
VNM,LATEST,balance_sheet,BS_SHORT_TERM_INVESTMENTS,21025735779475.0,ACTUAL,VNSTOCK_BRONZE
VNM,LATEST,balance_sheet,BS_FVTPL_FINANCIAL_ASSETS,1119781812.0,ACTUAL,VNSTOCK_BRONZE
VNM,LATEST,balance_sheet,BS_PROVISIONS_FOR_IMPAIRMENT_LOSS_OF_FINANCIAL_ASSETS_AND_MORTGAGES,-666201430.0,ACTUAL,VNSTOCK_BRONZE
VNM,LATEST,balance_sheet,BS_HELD_TO_MATURITY_SECURITIES,21025282199093.0,ACTUAL,VNSTOCK_BRONZE
VNM,LATEST,balance_sheet,BS_SHORT_TERM_RECEIVABLES,5822028742791.0,ACTUAL,VNSTOCK_BRONZE
VNM,LATEST,balance_sheet,BS_TRADE_RECEIVABLES,4367766482060.0,ACTUAL,VNSTOCK_BRONZE
VNM,LATEST,balance_sheet,BS_PREPAYMENTS_TO_SUPPLIERS,655822646219.0,ACTUAL,VNSTOCK_BRONZE
VNM,LATEST,balance_sheet,BS_SHORT_TERM_LOAN_RECEIVABLES,0.0,ACTUAL,VNSTOCK_BRONZE
VNM,LATEST,balance_sheet,BS_OTHER_RECEIVABLES,810697107773.0,ACTUAL,VNSTOCK_BRONZE
VNM,LATEST,balance_sheet,BS_PROVISION_DOUBTFUL_DEBTS,-12257493261.0,ACTUAL,VNSTOCK_BRONZE
VNM,LATEST,balance_sheet,BS_ASSETS_AWAITING_RESOLUTION,0.0,ACTUAL,VNSTOCK_BRONZE
VNM,LATEST,balance_sheet,BS_INVENTORIES,6773071634017.0,ACTUAL,VNSTOCK_BRONZE
VNM,LATEST,balance_sheet,BS_INVENTORIES_GROSS,6820486391670.0,ACTUAL,VNSTOCK_BRONZE
VNM,LATEST,balance_sheet,BS_PROVISION_INVENTORIES,-47414757653.0,ACTUAL,VNSTOCK_BRONZE
VNM,LATEST,balance_sheet,BS_OTHER_SHORT_TERM_ASSETS,140522619154.0,ACTUAL,VNSTOCK_BRONZE
VNM,LATEST,balance_sheet,BS_SHORT_TERM_PREPAYMENTS,57272673101.0,ACTUAL,VNSTOCK_BRONZE
VNM,LATEST,balance_sheet,BS_DEDUCTIBLE_VALUE_ADDED_TAX,79012114725.0,ACTUAL,VNSTOCK_BRONZE
VNM,LATEST,balance_sheet,BS_TAXES_AND_OTHER_RECEIVABLES_FROM_STATE_AUTHORITIES,4237831328.0,ACTUAL,VNSTOCK_BRONZE
VNM,LATEST,balance_sheet,BS_LONG_TERM_ASSETS,17222492788434.0,ACTUAL,VNSTOCK_BRONZE
VNM,LATEST,balance_sheet,BS_LONG_TERM_RECEIVABLES,16695104495.0,ACTUAL,VNSTOCK_BRONZE
VNM,LATEST,balance_sheet,BS_LONG_TERM_TRADE_RECEIVABLES,0.0,ACTUAL,VNSTOCK_BRONZE
VNM,LATEST,balance_sheet,BS_LONG_TERM_LOAN_RECEIVABLES,0.0,ACTUAL,VNSTOCK_BRONZE
VNM,LATEST,balance_sheet,BS_OTHER_LONG_TERM_RECEIVABLES_LEGACY,16695104495.0,ACTUAL,VNSTOCK_BRONZE
VNM,LATEST,balance_sheet,BS_FIXED_ASSETS,12706598557849.0,ACTUAL,VNSTOCK_BRONZE
VNM,LATEST,balance_sheet,BS_TANGIBLE_FIXED_ASSETS,11620094589519.0,ACTUAL,VNSTOCK_BRONZE
VNM,LATEST,balance_sheet,BS_TANGIBLE_FIXED_ASSETS_COST,27645343065556.0,ACTUAL,VNSTOCK_BRONZE
VNM,LATEST,balance_sheet,BS_TANGIBLE_FIXED_ASSETS_ACCUMULATED_DEPRECIATION,-16025248476037.0,ACTUAL,VNSTOCK_BRONZE
VNM,LATEST,balance_sheet,BS_FINANCE_LEASE_FIXED_ASSETS,0.0,ACTUAL,VNSTOCK_BRONZE
VNM,LATEST,balance_sheet,BS_FINANCE_LEASE_FIXED_ASSETS_COST,0.0,ACTUAL,VNSTOCK_BRONZE
VNM,LATEST,balance_sheet,BS_FINANCE_LEASE_FIXED_ASSETS_ACCUMULATED_DEPRECIATION,-0.0,ACTUAL,VNSTOCK_BRONZE
VNM,LATEST,balance_sheet,BS_INTANGIBLE_FIXED_ASSETS,1086503968330.0,ACTUAL,VNSTOCK_BRONZE
VNM,LATEST,balance_sheet,BS_INTANGIBLE_FIXED_ASSETS_COST,1341664803067.0,ACTUAL,VNSTOCK_BRONZE
VNM,LATEST,balance_sheet,BS_INTANGIBLE_FIXED_ASSETS_ACCUMULATED_DEPRECIATION,-255160834737.0,ACTUAL,VNSTOCK_BRONZE
VNM,LATEST,balance_sheet,BS_INVESTMENT_PROPERTIES,60049893676.0,ACTUAL,VNSTOCK_BRONZE
VNM,LATEST,balance_sheet,BS_INVESTMENT_PROPERTIES_COST,98822678885.0,ACTUAL,VNSTOCK_BRONZE
VNM,LATEST,balance_sheet,BS_INVESTMENT_PROPERTIES_ACCUMULATED_DEPRECIATION,-38772785209.0,ACTUAL,VNSTOCK_BRONZE
VNM,LATEST,balance_sheet,BS_CONSTRUCTION_IN_PROGRESS,1130023695910.0,ACTUAL,VNSTOCK_BRONZE
VNM,LATEST,balance_sheet,BS_LONG_TERM_PRODUCTION_IN_PROGRESS,295204758395.0,ACTUAL,VNSTOCK_BRONZE
VNM,LATEST,balance_sheet,BS_CAPITAL_CONSTRUCTION_IN_PROGRESS,834818937515.0,ACTUAL,VNSTOCK_BRONZE
VNM,LATEST,balance_sheet,BS_LONG_TERM_INVESTMENTS,743862023831.0,ACTUAL,VNSTOCK_BRONZE
VNM,LATEST,balance_sheet,BS_INVESTMENTS_IN_JOINT_VENTURES,661023754422.0,ACTUAL,VNSTOCK_BRONZE
VNM,LATEST,balance_sheet,BS_OTHER_LONG_TERM_INVESTMENTS,101921059081.0,ACTUAL,VNSTOCK_BRONZE
VNM,LATEST,balance_sheet,BS_PROVISION_LONG_TERM_INVESTMENTS,-19082789672.0,ACTUAL,VNSTOCK_BRONZE
VNM,LATEST,balance_sheet,BS_HELD_TO_MATURITY_INVESTMENTS,0.0,ACTUAL,VNSTOCK_BRONZE
VNM,LATEST,balance_sheet,BS_OTHER_LONG_TERM_ASSETS,2565263512673.0,ACTUAL,VNSTOCK_BRONZE
VNM,LATEST,balance_sheet,BS_LONG_TERM_PREPAYMENTS,725108101375.0,ACTUAL,VNSTOCK_BRONZE
VNM,LATEST,balance_sheet,BS_DEFERRED_TAX_ASSETS,27147520911.0,ACTUAL,VNSTOCK_BRONZE
VNM,LATEST,balance_sheet,BS_LONG_TERM_EQUIPMENT_SUPPLIES_SPARE_PARTS,0.0,ACTUAL,VNSTOCK_BRONZE
VNM,LATEST,balance_sheet,BS_OTHER_LONG_TERM_ASSETS_DETAIL,0.0,ACTUAL,VNSTOCK_BRONZE
VNM,LATEST,balance_sheet,BS_GOODWILL,1813007890387.0,ACTUAL,VNSTOCK_BRONZE
VNM,LATEST,balance_sheet,BS_TOTAL_ASSETS,53332403438219.0,ACTUAL,VNSTOCK_BRONZE
VNM,LATEST,balance_sheet,BS_TOTAL_LIABILITIES,17482289188835.0,ACTUAL,VNSTOCK_BRONZE
VNM,LATEST,balance_sheet,BS_SHORT_TERM_LIABILITIES,17068416995519.0,ACTUAL,VNSTOCK_BRONZE
VNM,LATEST,balance_sheet,BS_GOVERNMENT_BOND_REPURCHASE_TRANSACTIONS,0.0,ACTUAL,VNSTOCK_BRONZE
VNM,LATEST,balance_sheet,BS_TRADE_ACCOUNTS_PAYABLE,4213887652294.0,ACTUAL,VNSTOCK_BRONZE
VNM,LATEST,balance_sheet,BS_ADVANCES_FROM_CUSTOMERS,66036392886.0,ACTUAL,VNSTOCK_BRONZE
VNM,LATEST,balance_sheet,BS_TAXES_AND_OTHER_PAYABLES_TO_STATE_AUTHORITIES,648146741635.0,ACTUAL,VNSTOCK_BRONZE
VNM,LATEST,balance_sheet,BS_PAYABLE_TO_EMPLOYEES,304671997074.0,ACTUAL,VNSTOCK_BRONZE
VNM,LATEST,balance_sheet,BS_ACCRUED_EXPENSES,1817263017920.0,ACTUAL,VNSTOCK_BRONZE
VNM,LATEST,balance_sheet,BS_SHORT_TERM_UNEARNED_REVENUE,3983400698.0,ACTUAL,VNSTOCK_BRONZE
VNM,LATEST,balance_sheet,BS_OTHER_PAYABLES,114417067658.0,ACTUAL,VNSTOCK_BRONZE
VNM,LATEST,balance_sheet,BS_SHORT_TERM_BORROWINGS,9382354118118.0,ACTUAL,VNSTOCK_BRONZE
VNM,LATEST,balance_sheet,BS_SHORT_TERM_PROVISIONS,10290982323.0,ACTUAL,VNSTOCK_BRONZE
VNM,LATEST,balance_sheet,BS_BONUS_AND_WELFARE_FUND,507365624913.0,ACTUAL,VNSTOCK_BRONZE
VNM,LATEST,balance_sheet,BS_LONG_TERM_LIABILITIES,413872193316.0,ACTUAL,VNSTOCK_BRONZE
VNM,LATEST,balance_sheet,BS_LONG_TERM_TRADE_PAYABLES,0.0,ACTUAL,VNSTOCK_BRONZE
VNM,LATEST,balance_sheet,BS_LONG_TERM_ACCRUED_EXPENSES,0.0,ACTUAL,VNSTOCK_BRONZE
VNM,LATEST,balance_sheet,BS_LONG_TERM_UNEARNED_REVENUE,0.0,ACTUAL,VNSTOCK_BRONZE
VNM,LATEST,balance_sheet,BS_OTHER_LONG_TERM_LIABILITIES,21900931811.0,ACTUAL,VNSTOCK_BRONZE
VNM,LATEST,balance_sheet,BS_LONG_TERM_BORROWINGS,75636000000.0,ACTUAL,VNSTOCK_BRONZE
VNM,LATEST,balance_sheet,BS_DEFERRED_TAX_LIABILITIES,316335261505.0,ACTUAL,VNSTOCK_BRONZE
VNM,LATEST,balance_sheet,BS_LONG_TERM_PROVISIONS,0.0,ACTUAL,VNSTOCK_BRONZE
VNM,LATEST,balance_sheet,BS_EQUITY,35850114249384.0,ACTUAL,VNSTOCK_BRONZE
VNM,LATEST,balance_sheet,BS_OWNERS_EQUITY,35850114249384.0,ACTUAL,VNSTOCK_BRONZE
VNM,LATEST,balance_sheet,BS_CHARTER_CAPITAL,20899554450000.0,ACTUAL,VNSTOCK_BRONZE
VNM,LATEST,balance_sheet,BS_CAPITAL_FROM_OWNERS,20899554450000.0,ACTUAL,VNSTOCK_BRONZE
VNM,LATEST,balance_sheet,BS_SHARE_PREMIUM,34110709700.0,ACTUAL,VNSTOCK_BRONZE
VNM,LATEST,balance_sheet,BS_OTHER_CAPITAL,202658418215.0,ACTUAL,VNSTOCK_BRONZE
VNM,LATEST,balance_sheet,BS_TREASURY_SHARES,0.0,ACTUAL,VNSTOCK_BRONZE
VNM,LATEST,balance_sheet,BS_FOREIGN_EXCHANGE_DIFFERENCES,253569601.0,ACTUAL,VNSTOCK_BRONZE
VNM,LATEST,balance_sheet,BS_INVESTMENT_AND_DEVELOPMENT_FUND,4352441335060.0,ACTUAL,VNSTOCK_BRONZE
VNM,LATEST,balance_sheet,BS_RETAINED_EARNINGS,7594260378375.0,ACTUAL,VNSTOCK_BRONZE
VNM,LATEST,balance_sheet,BS_ACCUMULATED_RETAINED_EARNING_AT_THE_END_OF_THE_PREVIOUS_PERIOD,2521098332953.0,ACTUAL,VNSTOCK_BRONZE
VNM,LATEST,balance_sheet,BS_PROFIT_THIS_PERIOD,5073162045422.0,ACTUAL,VNSTOCK_BRONZE
VNM,LATEST,balance_sheet,BS_MINORITY_INTEREST,2766835388433.0,ACTUAL,VNSTOCK_BRONZE
VNM,LATEST,balance_sheet,BS_TOTAL_LIABILITIES_AND_EQUITY,53332403438219.0,ACTUAL,VNSTOCK_BRONZE
VNM,LATEST,balance_sheet,BS_SHORT_TERM_ASSETS,35452395671778.0,ACTUAL,VNSTOCK_BRONZE
VNM,LATEST,balance_sheet,BS_CASH_AND_PRECIOUS_METALS,1680858133124.0,ACTUAL,VNSTOCK_BRONZE
VNM,LATEST,balance_sheet,BS_CASH,906974752516.0,ACTUAL,VNSTOCK_BRONZE
VNM,LATEST,balance_sheet,BS_CASH_EQUIVALENTS,773883380608.0,ACTUAL,VNSTOCK_BRONZE
VNM,LATEST,balance_sheet,BS_SHORT_TERM_INVESTMENTS,19832829713819.0,ACTUAL,VNSTOCK_BRONZE
VNM,LATEST,balance_sheet,BS_FVTPL_FINANCIAL_ASSETS,1122713178.0,ACTUAL,VNSTOCK_BRONZE
VNM,LATEST,balance_sheet,BS_PROVISIONS_FOR_IMPAIRMENT_LOSS_OF_FINANCIAL_ASSETS_AND_MORTGAGES,-667945412.0,ACTUAL,VNSTOCK_BRONZE
VNM,LATEST,balance_sheet,BS_HELD_TO_MATURITY_SECURITIES,19832374946053.0,ACTUAL,VNSTOCK_BRONZE
VNM,LATEST,balance_sheet,BS_SHORT_TERM_RECEIVABLES,6024628344054.0,ACTUAL,VNSTOCK_BRONZE
VNM,LATEST,balance_sheet,BS_TRADE_RECEIVABLES,4593058625517.0,ACTUAL,VNSTOCK_BRONZE
VNM,LATEST,balance_sheet,BS_PREPAYMENTS_TO_SUPPLIERS,656413782366.0,ACTUAL,VNSTOCK_BRONZE
VNM,LATEST,balance_sheet,BS_SHORT_TERM_LOAN_RECEIVABLES,0.0,ACTUAL,VNSTOCK_BRONZE
VNM,LATEST,balance_sheet,BS_OTHER_RECEIVABLES,787765239170.0,ACTUAL,VNSTOCK_BRONZE
VNM,LATEST,balance_sheet,BS_PROVISION_DOUBTFUL_DEBTS,-12609302999.0,ACTUAL,VNSTOCK_BRONZE
VNM,LATEST,balance_sheet,BS_ASSETS_AWAITING_RESOLUTION,0.0,ACTUAL,VNSTOCK_BRONZE
VNM,LATEST,balance_sheet,BS_INVENTORIES,7665947194796.0,ACTUAL,VNSTOCK_BRONZE
VNM,LATEST,balance_sheet,BS_INVENTORIES_GROSS,7709372077826.0,ACTUAL,VNSTOCK_BRONZE
VNM,LATEST,balance_sheet,BS_PROVISION_INVENTORIES,-43424883030.0,ACTUAL,VNSTOCK_BRONZE
VNM,LATEST,balance_sheet,BS_OTHER_SHORT_TERM_ASSETS,248132285985.0,ACTUAL,VNSTOCK_BRONZE
VNM,LATEST,balance_sheet,BS_SHORT_TERM_PREPAYMENTS,90468078225.0,ACTUAL,VNSTOCK_BRONZE
VNM,LATEST,balance_sheet,BS_DEDUCTIBLE_VALUE_ADDED_TAX,153523533888.0,ACTUAL,VNSTOCK_BRONZE
VNM,LATEST,balance_sheet,BS_TAXES_AND_OTHER_RECEIVABLES_FROM_STATE_AUTHORITIES,4140673872.0,ACTUAL,VNSTOCK_BRONZE
VNM,LATEST,balance_sheet,BS_LONG_TERM_ASSETS,17543132559393.0,ACTUAL,VNSTOCK_BRONZE
VNM,LATEST,balance_sheet,BS_LONG_TERM_RECEIVABLES,16713810495.0,ACTUAL,VNSTOCK_BRONZE
VNM,LATEST,balance_sheet,BS_LONG_TERM_TRADE_RECEIVABLES,0.0,ACTUAL,VNSTOCK_BRONZE
VNM,LATEST,balance_sheet,BS_LONG_TERM_LOAN_RECEIVABLES,0.0,ACTUAL,VNSTOCK_BRONZE
VNM,LATEST,balance_sheet,BS_OTHER_LONG_TERM_RECEIVABLES_LEGACY,16713810495.0,ACTUAL,VNSTOCK_BRONZE
VNM,LATEST,balance_sheet,BS_FIXED_ASSETS,12453688352626.0,ACTUAL,VNSTOCK_BRONZE
VNM,LATEST,balance_sheet,BS_TANGIBLE_FIXED_ASSETS,11378773254293.0,ACTUAL,VNSTOCK_BRONZE
VNM,LATEST,balance_sheet,BS_TANGIBLE_FIXED_ASSETS_COST,27842021294503.0,ACTUAL,VNSTOCK_BRONZE
VNM,LATEST,balance_sheet,BS_TANGIBLE_FIXED_ASSETS_ACCUMULATED_DEPRECIATION,-16463248040210.0,ACTUAL,VNSTOCK_BRONZE
VNM,LATEST,balance_sheet,BS_FINANCE_LEASE_FIXED_ASSETS,0.0,ACTUAL,VNSTOCK_BRONZE
VNM,LATEST,balance_sheet,BS_FINANCE_LEASE_FIXED_ASSETS_COST,0.0,ACTUAL,VNSTOCK_BRONZE
VNM,LATEST,balance_sheet,BS_FINANCE_LEASE_FIXED_ASSETS_ACCUMULATED_DEPRECIATION,-0.0,ACTUAL,VNSTOCK_BRONZE
VNM,LATEST,balance_sheet,BS_INTANGIBLE_FIXED_ASSETS,1074915098333.0,ACTUAL,VNSTOCK_BRONZE
VNM,LATEST,balance_sheet,BS_INTANGIBLE_FIXED_ASSETS_COST,1343788237168.0,ACTUAL,VNSTOCK_BRONZE
VNM,LATEST,balance_sheet,BS_INTANGIBLE_FIXED_ASSETS_ACCUMULATED_DEPRECIATION,-268873138835.0,ACTUAL,VNSTOCK_BRONZE
VNM,LATEST,balance_sheet,BS_INVESTMENT_PROPERTIES,59409944887.0,ACTUAL,VNSTOCK_BRONZE
VNM,LATEST,balance_sheet,BS_INVESTMENT_PROPERTIES_COST,98822678885.0,ACTUAL,VNSTOCK_BRONZE
VNM,LATEST,balance_sheet,BS_INVESTMENT_PROPERTIES_ACCUMULATED_DEPRECIATION,-39412733998.0,ACTUAL,VNSTOCK_BRONZE
VNM,LATEST,balance_sheet,BS_CONSTRUCTION_IN_PROGRESS,1191994113675.0,ACTUAL,VNSTOCK_BRONZE
VNM,LATEST,balance_sheet,BS_LONG_TERM_PRODUCTION_IN_PROGRESS,272479101252.0,ACTUAL,VNSTOCK_BRONZE
VNM,LATEST,balance_sheet,BS_CAPITAL_CONSTRUCTION_IN_PROGRESS,919515012423.0,ACTUAL,VNSTOCK_BRONZE
VNM,LATEST,balance_sheet,BS_LONG_TERM_INVESTMENTS,1339527885230.0,ACTUAL,VNSTOCK_BRONZE
VNM,LATEST,balance_sheet,BS_INVESTMENTS_IN_JOINT_VENTURES,656687455821.0,ACTUAL,VNSTOCK_BRONZE
VNM,LATEST,balance_sheet,BS_OTHER_LONG_TERM_INVESTMENTS,101923219081.0,ACTUAL,VNSTOCK_BRONZE
VNM,LATEST,balance_sheet,BS_PROVISION_LONG_TERM_INVESTMENTS,-19082789672.0,ACTUAL,VNSTOCK_BRONZE
VNM,LATEST,balance_sheet,BS_HELD_TO_MATURITY_INVESTMENTS,600000000000.0,ACTUAL,VNSTOCK_BRONZE
VNM,LATEST,balance_sheet,BS_OTHER_LONG_TERM_ASSETS,2481798452480.0,ACTUAL,VNSTOCK_BRONZE
VNM,LATEST,balance_sheet,BS_LONG_TERM_PREPAYMENTS,730175590899.0,ACTUAL,VNSTOCK_BRONZE
VNM,LATEST,balance_sheet,BS_DEFERRED_TAX_ASSETS,0.0,ACTUAL,VNSTOCK_BRONZE
VNM,LATEST,balance_sheet,BS_LONG_TERM_EQUIPMENT_SUPPLIES_SPARE_PARTS,0.0,ACTUAL,VNSTOCK_BRONZE
VNM,LATEST,balance_sheet,BS_OTHER_LONG_TERM_ASSETS_DETAIL,0.0,ACTUAL,VNSTOCK_BRONZE
VNM,LATEST,balance_sheet,BS_GOODWILL,1751622861581.0,ACTUAL,VNSTOCK_BRONZE
VNM,LATEST,balance_sheet,BS_TOTAL_ASSETS,52995528231171.0,ACTUAL,VNSTOCK_BRONZE
VNM,LATEST,balance_sheet,BS_TOTAL_LIABILITIES,18018316689141.0,ACTUAL,VNSTOCK_BRONZE
VNM,LATEST,balance_sheet,BS_SHORT_TERM_LIABILITIES,17607914154548.0,ACTUAL,VNSTOCK_BRONZE
VNM,LATEST,balance_sheet,BS_GOVERNMENT_BOND_REPURCHASE_TRANSACTIONS,0.0,ACTUAL,VNSTOCK_BRONZE
VNM,LATEST,balance_sheet,BS_TRADE_ACCOUNTS_PAYABLE,4140294162819.0,ACTUAL,VNSTOCK_BRONZE
VNM,LATEST,balance_sheet,BS_ADVANCES_FROM_CUSTOMERS,116501196540.0,ACTUAL,VNSTOCK_BRONZE
VNM,LATEST,balance_sheet,BS_TAXES_AND_OTHER_PAYABLES_TO_STATE_AUTHORITIES,596303199343.0,ACTUAL,VNSTOCK_BRONZE
VNM,LATEST,balance_sheet,BS_PAYABLE_TO_EMPLOYEES,216379441316.0,ACTUAL,VNSTOCK_BRONZE
VNM,LATEST,balance_sheet,BS_ACCRUED_EXPENSES,1272817905742.0,ACTUAL,VNSTOCK_BRONZE
VNM,LATEST,balance_sheet,BS_SHORT_TERM_UNEARNED_REVENUE,240547998.0,ACTUAL,VNSTOCK_BRONZE
VNM,LATEST,balance_sheet,BS_OTHER_PAYABLES,124160218261.0,ACTUAL,VNSTOCK_BRONZE
VNM,LATEST,balance_sheet,BS_SHORT_TERM_BORROWINGS,10942647333716.0,ACTUAL,VNSTOCK_BRONZE
VNM,LATEST,balance_sheet,BS_SHORT_TERM_PROVISIONS,8812145444.0,ACTUAL,VNSTOCK_BRONZE
VNM,LATEST,balance_sheet,BS_BONUS_AND_WELFARE_FUND,189758003369.0,ACTUAL,VNSTOCK_BRONZE
VNM,LATEST,balance_sheet,BS_LONG_TERM_LIABILITIES,410402534593.0,ACTUAL,VNSTOCK_BRONZE
VNM,LATEST,balance_sheet,BS_LONG_TERM_TRADE_PAYABLES,0.0,ACTUAL,VNSTOCK_BRONZE
VNM,LATEST,balance_sheet,BS_LONG_TERM_ACCRUED_EXPENSES,0.0,ACTUAL,VNSTOCK_BRONZE
VNM,LATEST,balance_sheet,BS_LONG_TERM_UNEARNED_REVENUE,0.0,ACTUAL,VNSTOCK_BRONZE
VNM,LATEST,balance_sheet,BS_OTHER_LONG_TERM_LIABILITIES,31606165145.0,ACTUAL,VNSTOCK_BRONZE
VNM,LATEST,balance_sheet,BS_LONG_TERM_BORROWINGS,70663500000.0,ACTUAL,VNSTOCK_BRONZE
VNM,LATEST,balance_sheet,BS_DEFERRED_TAX_LIABILITIES,308132869448.0,ACTUAL,VNSTOCK_BRONZE
VNM,LATEST,balance_sheet,BS_LONG_TERM_PROVISIONS,0.0,ACTUAL,VNSTOCK_BRONZE
VNM,LATEST,balance_sheet,BS_EQUITY,34977211542030.0,ACTUAL,VNSTOCK_BRONZE
VNM,LATEST,balance_sheet,BS_OWNERS_EQUITY,34977211542030.0,ACTUAL,VNSTOCK_BRONZE
VNM,LATEST,balance_sheet,BS_CHARTER_CAPITAL,20899554450000.0,ACTUAL,VNSTOCK_BRONZE
VNM,LATEST,balance_sheet,BS_CAPITAL_FROM_OWNERS,20899554450000.0,ACTUAL,VNSTOCK_BRONZE
VNM,LATEST,balance_sheet,BS_SHARE_PREMIUM,34110709700.0,ACTUAL,VNSTOCK_BRONZE
VNM,LATEST,balance_sheet,BS_OTHER_CAPITAL,202658418215.0,ACTUAL,VNSTOCK_BRONZE
VNM,LATEST,balance_sheet,BS_TREASURY_SHARES,0.0,ACTUAL,VNSTOCK_BRONZE
VNM,LATEST,balance_sheet,BS_FOREIGN_EXCHANGE_DIFFERENCES,7038336883.0,ACTUAL,VNSTOCK_BRONZE
VNM,LATEST,balance_sheet,BS_INVESTMENT_AND_DEVELOPMENT_FUND,4575217135935.0,ACTUAL,VNSTOCK_BRONZE
VNM,LATEST,balance_sheet,BS_RETAINED_EARNINGS,6479377674989.0,ACTUAL,VNSTOCK_BRONZE
VNM,LATEST,balance_sheet,BS_ACCUMULATED_RETAINED_EARNING_AT_THE_END_OF_THE_PREVIOUS_PERIOD,4668322755375.0,ACTUAL,VNSTOCK_BRONZE
VNM,LATEST,balance_sheet,BS_PROFIT_THIS_PERIOD,1811054919614.0,ACTUAL,VNSTOCK_BRONZE
VNM,LATEST,balance_sheet,BS_MINORITY_INTEREST,2779254816308.0,ACTUAL,VNSTOCK_BRONZE
VNM,LATEST,balance_sheet,BS_TOTAL_LIABILITIES_AND_EQUITY,52995528231171.0,ACTUAL,VNSTOCK_BRONZE
VNM,LATEST,balance_sheet,BS_SHORT_TERM_ASSETS,36871285863860.0,ACTUAL,VNSTOCK_BRONZE
VNM,LATEST,balance_sheet,BS_CASH_AND_PRECIOUS_METALS,4507497088287.0,ACTUAL,VNSTOCK_BRONZE
VNM,LATEST,balance_sheet,BS_CASH,1200418415119.0,ACTUAL,VNSTOCK_BRONZE
VNM,LATEST,balance_sheet,BS_CASH_EQUIVALENTS,3307078673168.0,ACTUAL,VNSTOCK_BRONZE
VNM,LATEST,balance_sheet,BS_SHORT_TERM_INVESTMENTS,18976163363916.0,ACTUAL,VNSTOCK_BRONZE
VNM,LATEST,balance_sheet,BS_FVTPL_FINANCIAL_ASSETS,1143965582.0,ACTUAL,VNSTOCK_BRONZE
VNM,LATEST,balance_sheet,BS_PROVISIONS_FOR_IMPAIRMENT_LOSS_OF_FINANCIAL_ASSETS_AND_MORTGAGES,-680589288.0,ACTUAL,VNSTOCK_BRONZE
VNM,LATEST,balance_sheet,BS_HELD_TO_MATURITY_SECURITIES,18975699987622.0,ACTUAL,VNSTOCK_BRONZE
VNM,LATEST,balance_sheet,BS_SHORT_TERM_RECEIVABLES,6040009761668.0,ACTUAL,VNSTOCK_BRONZE
VNM,LATEST,balance_sheet,BS_TRADE_RECEIVABLES,4599132964101.0,ACTUAL,VNSTOCK_BRONZE
VNM,LATEST,balance_sheet,BS_PREPAYMENTS_TO_SUPPLIERS,572608294056.0,ACTUAL,VNSTOCK_BRONZE
VNM,LATEST,balance_sheet,BS_SHORT_TERM_LOAN_RECEIVABLES,0.0,ACTUAL,VNSTOCK_BRONZE
VNM,LATEST,balance_sheet,BS_OTHER_RECEIVABLES,881392879970.0,ACTUAL,VNSTOCK_BRONZE
VNM,LATEST,balance_sheet,BS_PROVISION_DOUBTFUL_DEBTS,-13124376459.0,ACTUAL,VNSTOCK_BRONZE
VNM,LATEST,balance_sheet,BS_ASSETS_AWAITING_RESOLUTION,0.0,ACTUAL,VNSTOCK_BRONZE
VNM,LATEST,balance_sheet,BS_INVENTORIES,7096208618612.0,ACTUAL,VNSTOCK_BRONZE
VNM,LATEST,balance_sheet,BS_INVENTORIES_GROSS,7111593809810.0,ACTUAL,VNSTOCK_BRONZE
VNM,LATEST,balance_sheet,BS_PROVISION_INVENTORIES,-15385191198.0,ACTUAL,VNSTOCK_BRONZE
VNM,LATEST,balance_sheet,BS_OTHER_SHORT_TERM_ASSETS,251407031377.0,ACTUAL,VNSTOCK_BRONZE
VNM,LATEST,balance_sheet,BS_SHORT_TERM_PREPAYMENTS,89010262006.0,ACTUAL,VNSTOCK_BRONZE
VNM,LATEST,balance_sheet,BS_DEDUCTIBLE_VALUE_ADDED_TAX,158329593148.0,ACTUAL,VNSTOCK_BRONZE
VNM,LATEST,balance_sheet,BS_TAXES_AND_OTHER_RECEIVABLES_FROM_STATE_AUTHORITIES,4067176223.0,ACTUAL,VNSTOCK_BRONZE
VNM,LATEST,balance_sheet,BS_LONG_TERM_ASSETS,16970890135803.0,ACTUAL,VNSTOCK_BRONZE
VNM,LATEST,balance_sheet,BS_LONG_TERM_RECEIVABLES,16283088695.0,ACTUAL,VNSTOCK_BRONZE
VNM,LATEST,balance_sheet,BS_LONG_TERM_TRADE_RECEIVABLES,0.0,ACTUAL,VNSTOCK_BRONZE
VNM,LATEST,balance_sheet,BS_LONG_TERM_LOAN_RECEIVABLES,0.0,ACTUAL,VNSTOCK_BRONZE
VNM,LATEST,balance_sheet,BS_OTHER_LONG_TERM_RECEIVABLES_LEGACY,16283088695.0,ACTUAL,VNSTOCK_BRONZE
VNM,LATEST,balance_sheet,BS_FIXED_ASSETS,12266369373175.0,ACTUAL,VNSTOCK_BRONZE
VNM,LATEST,balance_sheet,BS_TANGIBLE_FIXED_ASSETS,11200238179519.0,ACTUAL,VNSTOCK_BRONZE
VNM,LATEST,balance_sheet,BS_TANGIBLE_FIXED_ASSETS_COST,28022262768788.0,ACTUAL,VNSTOCK_BRONZE
VNM,LATEST,balance_sheet,BS_TANGIBLE_FIXED_ASSETS_ACCUMULATED_DEPRECIATION,-16822024589269.0,ACTUAL,VNSTOCK_BRONZE
VNM,LATEST,balance_sheet,BS_FINANCE_LEASE_FIXED_ASSETS,0.0,ACTUAL,VNSTOCK_BRONZE
VNM,LATEST,balance_sheet,BS_FINANCE_LEASE_FIXED_ASSETS_COST,0.0,ACTUAL,VNSTOCK_BRONZE
VNM,LATEST,balance_sheet,BS_FINANCE_LEASE_FIXED_ASSETS_ACCUMULATED_DEPRECIATION,-0.0,ACTUAL,VNSTOCK_BRONZE
VNM,LATEST,balance_sheet,BS_INTANGIBLE_FIXED_ASSETS,1066131193656.0,ACTUAL,VNSTOCK_BRONZE
VNM,LATEST,balance_sheet,BS_INTANGIBLE_FIXED_ASSETS_COST,1349383748267.0,ACTUAL,VNSTOCK_BRONZE
VNM,LATEST,balance_sheet,BS_INTANGIBLE_FIXED_ASSETS_ACCUMULATED_DEPRECIATION,-283252554611.0,ACTUAL,VNSTOCK_BRONZE
VNM,LATEST,balance_sheet,BS_INVESTMENT_PROPERTIES,58776096523.0,ACTUAL,VNSTOCK_BRONZE
VNM,LATEST,balance_sheet,BS_INVESTMENT_PROPERTIES_COST,98822678885.0,ACTUAL,VNSTOCK_BRONZE
VNM,LATEST,balance_sheet,BS_INVESTMENT_PROPERTIES_ACCUMULATED_DEPRECIATION,-40046582362.0,ACTUAL,VNSTOCK_BRONZE
VNM,LATEST,balance_sheet,BS_CONSTRUCTION_IN_PROGRESS,1477040783289.0,ACTUAL,VNSTOCK_BRONZE
VNM,LATEST,balance_sheet,BS_LONG_TERM_PRODUCTION_IN_PROGRESS,292516992291.0,ACTUAL,VNSTOCK_BRONZE
VNM,LATEST,balance_sheet,BS_CAPITAL_CONSTRUCTION_IN_PROGRESS,1184523790998.0,ACTUAL,VNSTOCK_BRONZE
VNM,LATEST,balance_sheet,BS_LONG_TERM_INVESTMENTS,750169162022.0,ACTUAL,VNSTOCK_BRONZE
VNM,LATEST,balance_sheet,BS_INVESTMENTS_IN_JOINT_VENTURES,667313072613.0,ACTUAL,VNSTOCK_BRONZE
VNM,LATEST,balance_sheet,BS_OTHER_LONG_TERM_INVESTMENTS,101938879081.0,ACTUAL,VNSTOCK_BRONZE
VNM,LATEST,balance_sheet,BS_PROVISION_LONG_TERM_INVESTMENTS,-19082789672.0,ACTUAL,VNSTOCK_BRONZE
VNM,LATEST,balance_sheet,BS_HELD_TO_MATURITY_INVESTMENTS,0.0,ACTUAL,VNSTOCK_BRONZE
VNM,LATEST,balance_sheet,BS_OTHER_LONG_TERM_ASSETS,2402251632099.0,ACTUAL,VNSTOCK_BRONZE
VNM,LATEST,balance_sheet,BS_LONG_TERM_PREPAYMENTS,705958127692.0,ACTUAL,VNSTOCK_BRONZE
VNM,LATEST,balance_sheet,BS_DEFERRED_TAX_ASSETS,6055671632.0,ACTUAL,VNSTOCK_BRONZE
VNM,LATEST,balance_sheet,BS_LONG_TERM_EQUIPMENT_SUPPLIES_SPARE_PARTS,0.0,ACTUAL,VNSTOCK_BRONZE
VNM,LATEST,balance_sheet,BS_OTHER_LONG_TERM_ASSETS_DETAIL,0.0,ACTUAL,VNSTOCK_BRONZE
VNM,LATEST,balance_sheet,BS_GOODWILL,1690237832775.0,ACTUAL,VNSTOCK_BRONZE
VNM,LATEST,balance_sheet,BS_TOTAL_ASSETS,53842175999663.0,ACTUAL,VNSTOCK_BRONZE
VNM,LATEST,balance_sheet,BS_TOTAL_LIABILITIES,17021656898873.0,ACTUAL,VNSTOCK_BRONZE
VNM,LATEST,balance_sheet,BS_SHORT_TERM_LIABILITIES,16644210900330.0,ACTUAL,VNSTOCK_BRONZE
VNM,LATEST,balance_sheet,BS_GOVERNMENT_BOND_REPURCHASE_TRANSACTIONS,0.0,ACTUAL,VNSTOCK_BRONZE
VNM,LATEST,balance_sheet,BS_TRADE_ACCOUNTS_PAYABLE,3762720656938.0,ACTUAL,VNSTOCK_BRONZE
VNM,LATEST,balance_sheet,BS_ADVANCES_FROM_CUSTOMERS,199280096694.0,ACTUAL,VNSTOCK_BRONZE
VNM,LATEST,balance_sheet,BS_TAXES_AND_OTHER_PAYABLES_TO_STATE_AUTHORITIES,893645385689.0,ACTUAL,VNSTOCK_BRONZE
VNM,LATEST,balance_sheet,BS_PAYABLE_TO_EMPLOYEES,224015927915.0,ACTUAL,VNSTOCK_BRONZE
VNM,LATEST,balance_sheet,BS_ACCRUED_EXPENSES,1431428335194.0,ACTUAL,VNSTOCK_BRONZE
VNM,LATEST,balance_sheet,BS_SHORT_TERM_UNEARNED_REVENUE,287136362.0,ACTUAL,VNSTOCK_BRONZE
VNM,LATEST,balance_sheet,BS_OTHER_PAYABLES,141017495259.0,ACTUAL,VNSTOCK_BRONZE
VNM,LATEST,balance_sheet,BS_SHORT_TERM_BORROWINGS,9701229190460.0,ACTUAL,VNSTOCK_BRONZE
VNM,LATEST,balance_sheet,BS_SHORT_TERM_PROVISIONS,9906368196.0,ACTUAL,VNSTOCK_BRONZE
VNM,LATEST,balance_sheet,BS_BONUS_AND_WELFARE_FUND,280680307623.0,ACTUAL,VNSTOCK_BRONZE
VNM,LATEST,balance_sheet,BS_LONG_TERM_LIABILITIES,377445998543.0,ACTUAL,VNSTOCK_BRONZE
VNM,LATEST,balance_sheet,BS_LONG_TERM_TRADE_PAYABLES,0.0,ACTUAL,VNSTOCK_BRONZE
VNM,LATEST,balance_sheet,BS_LONG_TERM_ACCRUED_EXPENSES,0.0,ACTUAL,VNSTOCK_BRONZE
VNM,LATEST,balance_sheet,BS_LONG_TERM_UNEARNED_REVENUE,0.0,ACTUAL,VNSTOCK_BRONZE
VNM,LATEST,balance_sheet,BS_OTHER_LONG_TERM_LIABILITIES,4351166469.0,ACTUAL,VNSTOCK_BRONZE
VNM,LATEST,balance_sheet,BS_LONG_TERM_BORROWINGS,74459700000.0,ACTUAL,VNSTOCK_BRONZE
VNM,LATEST,balance_sheet,BS_DEFERRED_TAX_LIABILITIES,298635132074.0,ACTUAL,VNSTOCK_BRONZE
VNM,LATEST,balance_sheet,BS_LONG_TERM_PROVISIONS,0.0,ACTUAL,VNSTOCK_BRONZE
VNM,LATEST,balance_sheet,BS_EQUITY,36820519100790.0,ACTUAL,VNSTOCK_BRONZE
VNM,LATEST,balance_sheet,BS_OWNERS_EQUITY,36820519100790.0,ACTUAL,VNSTOCK_BRONZE
VNM,LATEST,balance_sheet,BS_CHARTER_CAPITAL,20899554450000.0,ACTUAL,VNSTOCK_BRONZE
VNM,LATEST,balance_sheet,BS_CAPITAL_FROM_OWNERS,20899554450000.0,ACTUAL,VNSTOCK_BRONZE
VNM,LATEST,balance_sheet,BS_SHARE_PREMIUM,34110709700.0,ACTUAL,VNSTOCK_BRONZE
VNM,LATEST,balance_sheet,BS_OTHER_CAPITAL,202658418215.0,ACTUAL,VNSTOCK_BRONZE
VNM,LATEST,balance_sheet,BS_TREASURY_SHARES,0.0,ACTUAL,VNSTOCK_BRONZE
VNM,LATEST,balance_sheet,BS_FOREIGN_EXCHANGE_DIFFERENCES,56944833821.0,ACTUAL,VNSTOCK_BRONZE
VNM,LATEST,balance_sheet,BS_INVESTMENT_AND_DEVELOPMENT_FUND,4822828235270.0,ACTUAL,VNSTOCK_BRONZE
VNM,LATEST,balance_sheet,BS_RETAINED_EARNINGS,8119867846747.0,ACTUAL,VNSTOCK_BRONZE
VNM,LATEST,balance_sheet,BS_ACCUMULATED_RETAINED_EARNING_AT_THE_END_OF_THE_PREVIOUS_PERIOD,4668322755375.0,ACTUAL,VNSTOCK_BRONZE
VNM,LATEST,balance_sheet,BS_PROFIT_THIS_PERIOD,3451545091372.0,ACTUAL,VNSTOCK_BRONZE
VNM,LATEST,balance_sheet,BS_MINORITY_INTEREST,2684554607037.0,ACTUAL,VNSTOCK_BRONZE
VNM,LATEST,balance_sheet,BS_TOTAL_LIABILITIES_AND_EQUITY,53842175999663.0,ACTUAL,VNSTOCK_BRONZE
VNM,LATEST,balance_sheet,BS_SHORT_TERM_ASSETS,34373292456500.0,ACTUAL,VNSTOCK_BRONZE
VNM,LATEST,balance_sheet,BS_CASH_AND_PRECIOUS_METALS,2867857717514.0,ACTUAL,VNSTOCK_BRONZE
VNM,LATEST,balance_sheet,BS_CASH,1904312680816.0,ACTUAL,VNSTOCK_BRONZE
VNM,LATEST,balance_sheet,BS_CASH_EQUIVALENTS,963545036698.0,ACTUAL,VNSTOCK_BRONZE
VNM,LATEST,balance_sheet,BS_SHORT_TERM_INVESTMENTS,19533563143705.0,ACTUAL,VNSTOCK_BRONZE
VNM,LATEST,balance_sheet,BS_FVTPL_FINANCIAL_ASSETS,1173034961.0,ACTUAL,VNSTOCK_BRONZE
VNM,LATEST,balance_sheet,BS_PROVISIONS_FOR_IMPAIRMENT_LOSS_OF_FINANCIAL_ASSETS_AND_MORTGAGES,-697883784.0,ACTUAL,VNSTOCK_BRONZE
VNM,LATEST,balance_sheet,BS_HELD_TO_MATURITY_SECURITIES,19533087992528.0,ACTUAL,VNSTOCK_BRONZE
VNM,LATEST,balance_sheet,BS_SHORT_TERM_RECEIVABLES,5954158809895.0,ACTUAL,VNSTOCK_BRONZE
VNM,LATEST,balance_sheet,BS_TRADE_RECEIVABLES,4551764192610.0,ACTUAL,VNSTOCK_BRONZE
VNM,LATEST,balance_sheet,BS_PREPAYMENTS_TO_SUPPLIERS,584122702158.0,ACTUAL,VNSTOCK_BRONZE
VNM,LATEST,balance_sheet,BS_SHORT_TERM_LOAN_RECEIVABLES,0.0,ACTUAL,VNSTOCK_BRONZE
VNM,LATEST,balance_sheet,BS_OTHER_RECEIVABLES,831844423117.0,ACTUAL,VNSTOCK_BRONZE
VNM,LATEST,balance_sheet,BS_PROVISION_DOUBTFUL_DEBTS,-13572507990.0,ACTUAL,VNSTOCK_BRONZE
VNM,LATEST,balance_sheet,BS_ASSETS_AWAITING_RESOLUTION,0.0,ACTUAL,VNSTOCK_BRONZE
VNM,LATEST,balance_sheet,BS_INVENTORIES,5777310525795.0,ACTUAL,VNSTOCK_BRONZE
VNM,LATEST,balance_sheet,BS_INVENTORIES_GROSS,5792936495639.0,ACTUAL,VNSTOCK_BRONZE
VNM,LATEST,balance_sheet,BS_PROVISION_INVENTORIES,-15625969844.0,ACTUAL,VNSTOCK_BRONZE
VNM,LATEST,balance_sheet,BS_OTHER_SHORT_TERM_ASSETS,240402259591.0,ACTUAL,VNSTOCK_BRONZE
VNM,LATEST,balance_sheet,BS_SHORT_TERM_PREPAYMENTS,151723233852.0,ACTUAL,VNSTOCK_BRONZE
VNM,LATEST,balance_sheet,BS_DEDUCTIBLE_VALUE_ADDED_TAX,85520173902.0,ACTUAL,VNSTOCK_BRONZE
VNM,LATEST,balance_sheet,BS_TAXES_AND_OTHER_RECEIVABLES_FROM_STATE_AUTHORITIES,3158851837.0,ACTUAL,VNSTOCK_BRONZE
VNM,LATEST,balance_sheet,BS_LONG_TERM_ASSETS,16826610965664.0,ACTUAL,VNSTOCK_BRONZE
VNM,LATEST,balance_sheet,BS_LONG_TERM_RECEIVABLES,16641153195.0,ACTUAL,VNSTOCK_BRONZE
VNM,LATEST,balance_sheet,BS_LONG_TERM_TRADE_RECEIVABLES,0.0,ACTUAL,VNSTOCK_BRONZE
VNM,LATEST,balance_sheet,BS_LONG_TERM_LOAN_RECEIVABLES,0.0,ACTUAL,VNSTOCK_BRONZE
VNM,LATEST,balance_sheet,BS_OTHER_LONG_TERM_RECEIVABLES_LEGACY,16641153195.0,ACTUAL,VNSTOCK_BRONZE
VNM,LATEST,balance_sheet,BS_FIXED_ASSETS,11989258352342.0,ACTUAL,VNSTOCK_BRONZE
VNM,LATEST,balance_sheet,BS_TANGIBLE_FIXED_ASSETS,10927659925913.0,ACTUAL,VNSTOCK_BRONZE
VNM,LATEST,balance_sheet,BS_TANGIBLE_FIXED_ASSETS_COST,28183527477806.0,ACTUAL,VNSTOCK_BRONZE
VNM,LATEST,balance_sheet,BS_TANGIBLE_FIXED_ASSETS_ACCUMULATED_DEPRECIATION,-17255867551893.0,ACTUAL,VNSTOCK_BRONZE
VNM,LATEST,balance_sheet,BS_FINANCE_LEASE_FIXED_ASSETS,0.0,ACTUAL,VNSTOCK_BRONZE
VNM,LATEST,balance_sheet,BS_FINANCE_LEASE_FIXED_ASSETS_COST,0.0,ACTUAL,VNSTOCK_BRONZE
VNM,LATEST,balance_sheet,BS_FINANCE_LEASE_FIXED_ASSETS_ACCUMULATED_DEPRECIATION,-0.0,ACTUAL,VNSTOCK_BRONZE
VNM,LATEST,balance_sheet,BS_INTANGIBLE_FIXED_ASSETS,1061598426429.0,ACTUAL,VNSTOCK_BRONZE
VNM,LATEST,balance_sheet,BS_INTANGIBLE_FIXED_ASSETS_COST,1359301281353.0,ACTUAL,VNSTOCK_BRONZE
VNM,LATEST,balance_sheet,BS_INTANGIBLE_FIXED_ASSETS_ACCUMULATED_DEPRECIATION,-297702854924.0,ACTUAL,VNSTOCK_BRONZE
VNM,LATEST,balance_sheet,BS_INVESTMENT_PROPERTIES,58142248159.0,ACTUAL,VNSTOCK_BRONZE
VNM,LATEST,balance_sheet,BS_INVESTMENT_PROPERTIES_COST,98822678885.0,ACTUAL,VNSTOCK_BRONZE
VNM,LATEST,balance_sheet,BS_INVESTMENT_PROPERTIES_ACCUMULATED_DEPRECIATION,-40680430726.0,ACTUAL,VNSTOCK_BRONZE
VNM,LATEST,balance_sheet,BS_CONSTRUCTION_IN_PROGRESS,1690361095198.0,ACTUAL,VNSTOCK_BRONZE
VNM,LATEST,balance_sheet,BS_LONG_TERM_PRODUCTION_IN_PROGRESS,407607938896.0,ACTUAL,VNSTOCK_BRONZE
VNM,LATEST,balance_sheet,BS_CAPITAL_CONSTRUCTION_IN_PROGRESS,1282753156302.0,ACTUAL,VNSTOCK_BRONZE
VNM,LATEST,balance_sheet,BS_LONG_TERM_INVESTMENTS,753081870477.0,ACTUAL,VNSTOCK_BRONZE
VNM,LATEST,balance_sheet,BS_INVESTMENTS_IN_JOINT_VENTURES,670204361068.0,ACTUAL,VNSTOCK_BRONZE
VNM,LATEST,balance_sheet,BS_OTHER_LONG_TERM_INVESTMENTS,101960299081.0,ACTUAL,VNSTOCK_BRONZE
VNM,LATEST,balance_sheet,BS_PROVISION_LONG_TERM_INVESTMENTS,-19082789672.0,ACTUAL,VNSTOCK_BRONZE
VNM,LATEST,balance_sheet,BS_HELD_TO_MATURITY_INVESTMENTS,0.0,ACTUAL,VNSTOCK_BRONZE
VNM,LATEST,balance_sheet,BS_OTHER_LONG_TERM_ASSETS,2319126246293.0,ACTUAL,VNSTOCK_BRONZE
VNM,LATEST,balance_sheet,BS_LONG_TERM_PREPAYMENTS,690273442325.0,ACTUAL,VNSTOCK_BRONZE
VNM,LATEST,balance_sheet,BS_DEFERRED_TAX_ASSETS,0.0,ACTUAL,VNSTOCK_BRONZE
VNM,LATEST,balance_sheet,BS_LONG_TERM_EQUIPMENT_SUPPLIES_SPARE_PARTS,0.0,ACTUAL,VNSTOCK_BRONZE
VNM,LATEST,balance_sheet,BS_OTHER_LONG_TERM_ASSETS_DETAIL,0.0,ACTUAL,VNSTOCK_BRONZE
VNM,LATEST,balance_sheet,BS_GOODWILL,1628852803968.0,ACTUAL,VNSTOCK_BRONZE
VNM,LATEST,balance_sheet,BS_TOTAL_ASSETS,51199903422164.0,ACTUAL,VNSTOCK_BRONZE
VNM,LATEST,balance_sheet,BS_TOTAL_LIABILITIES,17355518040395.0,ACTUAL,VNSTOCK_BRONZE
VNM,LATEST,balance_sheet,BS_SHORT_TERM_LIABILITIES,16983265249980.0,ACTUAL,VNSTOCK_BRONZE
VNM,LATEST,balance_sheet,BS_GOVERNMENT_BOND_REPURCHASE_TRANSACTIONS,0.0,ACTUAL,VNSTOCK_BRONZE
VNM,LATEST,balance_sheet,BS_TRADE_ACCOUNTS_PAYABLE,3374576488096.0,ACTUAL,VNSTOCK_BRONZE
VNM,LATEST,balance_sheet,BS_ADVANCES_FROM_CUSTOMERS,239770870256.0,ACTUAL,VNSTOCK_BRONZE
VNM,LATEST,balance_sheet,BS_TAXES_AND_OTHER_PAYABLES_TO_STATE_AUTHORITIES,1769611876829.0,ACTUAL,VNSTOCK_BRONZE
VNM,LATEST,balance_sheet,BS_PAYABLE_TO_EMPLOYEES,270909683834.0,ACTUAL,VNSTOCK_BRONZE
VNM,LATEST,balance_sheet,BS_ACCRUED_EXPENSES,1519189784477.0,ACTUAL,VNSTOCK_BRONZE
VNM,LATEST,balance_sheet,BS_SHORT_TERM_UNEARNED_REVENUE,274155514.0,ACTUAL,VNSTOCK_BRONZE
VNM,LATEST,balance_sheet,BS_OTHER_PAYABLES,135535754596.0,ACTUAL,VNSTOCK_BRONZE
VNM,LATEST,balance_sheet,BS_SHORT_TERM_BORROWINGS,9405653167691.0,ACTUAL,VNSTOCK_BRONZE
VNM,LATEST,balance_sheet,BS_SHORT_TERM_PROVISIONS,8546448164.0,ACTUAL,VNSTOCK_BRONZE
VNM,LATEST,balance_sheet,BS_BONUS_AND_WELFARE_FUND,259197020523.0,ACTUAL,VNSTOCK_BRONZE
VNM,LATEST,balance_sheet,BS_LONG_TERM_LIABILITIES,372252790415.0,ACTUAL,VNSTOCK_BRONZE
VNM,LATEST,balance_sheet,BS_LONG_TERM_TRADE_PAYABLES,0.0,ACTUAL,VNSTOCK_BRONZE
VNM,LATEST,balance_sheet,BS_LONG_TERM_ACCRUED_EXPENSES,0.0,ACTUAL,VNSTOCK_BRONZE
VNM,LATEST,balance_sheet,BS_LONG_TERM_UNEARNED_REVENUE,0.0,ACTUAL,VNSTOCK_BRONZE
VNM,LATEST,balance_sheet,BS_OTHER_LONG_TERM_LIABILITIES,3944629817.0,ACTUAL,VNSTOCK_BRONZE
VNM,LATEST,balance_sheet,BS_LONG_TERM_BORROWINGS,71579812500.0,ACTUAL,VNSTOCK_BRONZE
VNM,LATEST,balance_sheet,BS_DEFERRED_TAX_LIABILITIES,296728348098.0,ACTUAL,VNSTOCK_BRONZE
VNM,LATEST,balance_sheet,BS_LONG_TERM_PROVISIONS,0.0,ACTUAL,VNSTOCK_BRONZE
VNM,LATEST,balance_sheet,BS_EQUITY,33844385381769.0,ACTUAL,VNSTOCK_BRONZE
VNM,LATEST,balance_sheet,BS_OWNERS_EQUITY,33844385381769.0,ACTUAL,VNSTOCK_BRONZE
VNM,LATEST,balance_sheet,BS_CHARTER_CAPITAL,20899554450000.0,ACTUAL,VNSTOCK_BRONZE
VNM,LATEST,balance_sheet,BS_CAPITAL_FROM_OWNERS,20899554450000.0,ACTUAL,VNSTOCK_BRONZE
VNM,LATEST,balance_sheet,BS_SHARE_PREMIUM,34110709700.0,ACTUAL,VNSTOCK_BRONZE
VNM,LATEST,balance_sheet,BS_OTHER_CAPITAL,202658418215.0,ACTUAL,VNSTOCK_BRONZE
VNM,LATEST,balance_sheet,BS_TREASURY_SHARES,0.0,ACTUAL,VNSTOCK_BRONZE
VNM,LATEST,balance_sheet,BS_FOREIGN_EXCHANGE_DIFFERENCES,125192186364.0,ACTUAL,VNSTOCK_BRONZE
VNM,LATEST,balance_sheet,BS_INVESTMENT_AND_DEVELOPMENT_FUND,5065071602264.0,ACTUAL,VNSTOCK_BRONZE
VNM,LATEST,balance_sheet,BS_RETAINED_EARNINGS,4814830749665.0,ACTUAL,VNSTOCK_BRONZE
VNM,LATEST,balance_sheet,BS_ACCUMULATED_RETAINED_EARNING_AT_THE_END_OF_THE_PREVIOUS_PERIOD,2682865082625.0,ACTUAL,VNSTOCK_BRONZE
VNM,LATEST,balance_sheet,BS_PROFIT_THIS_PERIOD,2131965667040.0,ACTUAL,VNSTOCK_BRONZE
VNM,LATEST,balance_sheet,BS_MINORITY_INTEREST,2702967265561.0,ACTUAL,VNSTOCK_BRONZE
VNM,LATEST,balance_sheet,BS_TOTAL_LIABILITIES_AND_EQUITY,51199903422164.0,ACTUAL,VNSTOCK_BRONZE
VNM,LATEST,balance_sheet,BS_SHORT_TERM_ASSETS,31560382174201.0,ACTUAL,VNSTOCK_BRONZE
VNM,LATEST,balance_sheet,BS_CASH_AND_PRECIOUS_METALS,2299943527624.0,ACTUAL,VNSTOCK_BRONZE
VNM,LATEST,balance_sheet,BS_CASH,1327429518437.0,ACTUAL,VNSTOCK_BRONZE
VNM,LATEST,balance_sheet,BS_CASH_EQUIVALENTS,972514009187.0,ACTUAL,VNSTOCK_BRONZE
VNM,LATEST,balance_sheet,BS_SHORT_TERM_INVESTMENTS,17414055328683.0,ACTUAL,VNSTOCK_BRONZE
VNM,LATEST,balance_sheet,BS_FVTPL_FINANCIAL_ASSETS,1159355253.0,ACTUAL,VNSTOCK_BRONZE
VNM,LATEST,balance_sheet,BS_PROVISIONS_FOR_IMPAIRMENT_LOSS_OF_FINANCIAL_ASSETS_AND_MORTGAGES,-689745197.0,ACTUAL,VNSTOCK_BRONZE
VNM,LATEST,balance_sheet,BS_HELD_TO_MATURITY_SECURITIES,17413585718627.0,ACTUAL,VNSTOCK_BRONZE
VNM,LATEST,balance_sheet,BS_SHORT_TERM_RECEIVABLES,6100402870854.0,ACTUAL,VNSTOCK_BRONZE
VNM,LATEST,balance_sheet,BS_TRADE_RECEIVABLES,4633942510271.0,ACTUAL,VNSTOCK_BRONZE
VNM,LATEST,balance_sheet,BS_PREPAYMENTS_TO_SUPPLIERS,589439884812.0,ACTUAL,VNSTOCK_BRONZE
VNM,LATEST,balance_sheet,BS_SHORT_TERM_LOAN_RECEIVABLES,0.0,ACTUAL,VNSTOCK_BRONZE
VNM,LATEST,balance_sheet,BS_OTHER_RECEIVABLES,890466200571.0,ACTUAL,VNSTOCK_BRONZE
VNM,LATEST,balance_sheet,BS_PROVISION_DOUBTFUL_DEBTS,-13445724800.0,ACTUAL,VNSTOCK_BRONZE
VNM,LATEST,balance_sheet,BS_ASSETS_AWAITING_RESOLUTION,0.0,ACTUAL,VNSTOCK_BRONZE
VNM,LATEST,balance_sheet,BS_INVENTORIES,5537563396117.0,ACTUAL,VNSTOCK_BRONZE
VNM,LATEST,balance_sheet,BS_INVENTORIES_GROSS,5560169453504.0,ACTUAL,VNSTOCK_BRONZE
VNM,LATEST,balance_sheet,BS_PROVISION_INVENTORIES,-22606057387.0,ACTUAL,VNSTOCK_BRONZE
VNM,LATEST,balance_sheet,BS_OTHER_SHORT_TERM_ASSETS,208417050923.0,ACTUAL,VNSTOCK_BRONZE
VNM,LATEST,balance_sheet,BS_SHORT_TERM_PREPAYMENTS,97570693043.0,ACTUAL,VNSTOCK_BRONZE
VNM,LATEST,balance_sheet,BS_DEDUCTIBLE_VALUE_ADDED_TAX,89204099539.0,ACTUAL,VNSTOCK_BRONZE
VNM,LATEST,balance_sheet,BS_TAXES_AND_OTHER_RECEIVABLES_FROM_STATE_AUTHORITIES,21642258341.0,ACTUAL,VNSTOCK_BRONZE
VNM,LATEST,balance_sheet,BS_LONG_TERM_ASSETS,16922282062019.0,ACTUAL,VNSTOCK_BRONZE
VNM,LATEST,balance_sheet,BS_LONG_TERM_RECEIVABLES,38422722715.0,ACTUAL,VNSTOCK_BRONZE
VNM,LATEST,balance_sheet,BS_LONG_TERM_TRADE_RECEIVABLES,0.0,ACTUAL,VNSTOCK_BRONZE
VNM,LATEST,balance_sheet,BS_LONG_TERM_LOAN_RECEIVABLES,0.0,ACTUAL,VNSTOCK_BRONZE
VNM,LATEST,balance_sheet,BS_OTHER_LONG_TERM_RECEIVABLES_LEGACY,38422722715.0,ACTUAL,VNSTOCK_BRONZE
VNM,LATEST,balance_sheet,BS_FIXED_ASSETS,11903207642940.0,ACTUAL,VNSTOCK_BRONZE
VNM,LATEST,balance_sheet,BS_TANGIBLE_FIXED_ASSETS,10860366507422.0,ACTUAL,VNSTOCK_BRONZE
VNM,LATEST,balance_sheet,BS_TANGIBLE_FIXED_ASSETS_COST,28502157270867.0,ACTUAL,VNSTOCK_BRONZE
VNM,LATEST,balance_sheet,BS_TANGIBLE_FIXED_ASSETS_ACCUMULATED_DEPRECIATION,-17641790763445.0,ACTUAL,VNSTOCK_BRONZE
VNM,LATEST,balance_sheet,BS_FINANCE_LEASE_FIXED_ASSETS,0.0,ACTUAL,VNSTOCK_BRONZE
VNM,LATEST,balance_sheet,BS_FINANCE_LEASE_FIXED_ASSETS_COST,0.0,ACTUAL,VNSTOCK_BRONZE
VNM,LATEST,balance_sheet,BS_FINANCE_LEASE_FIXED_ASSETS_ACCUMULATED_DEPRECIATION,-0.0,ACTUAL,VNSTOCK_BRONZE
VNM,LATEST,balance_sheet,BS_INTANGIBLE_FIXED_ASSETS,1042841135518.0,ACTUAL,VNSTOCK_BRONZE
VNM,LATEST,balance_sheet,BS_INTANGIBLE_FIXED_ASSETS_COST,1353423614905.0,ACTUAL,VNSTOCK_BRONZE
VNM,LATEST,balance_sheet,BS_INTANGIBLE_FIXED_ASSETS_ACCUMULATED_DEPRECIATION,-310582479387.0,ACTUAL,VNSTOCK_BRONZE
VNM,LATEST,balance_sheet,BS_INVESTMENT_PROPERTIES,57593807783.0,ACTUAL,VNSTOCK_BRONZE
VNM,LATEST,balance_sheet,BS_INVESTMENT_PROPERTIES_COST,98822678885.0,ACTUAL,VNSTOCK_BRONZE
VNM,LATEST,balance_sheet,BS_INVESTMENT_PROPERTIES_ACCUMULATED_DEPRECIATION,-41228871102.0,ACTUAL,VNSTOCK_BRONZE
VNM,LATEST,balance_sheet,BS_CONSTRUCTION_IN_PROGRESS,1805129940386.0,ACTUAL,VNSTOCK_BRONZE
VNM,LATEST,balance_sheet,BS_LONG_TERM_PRODUCTION_IN_PROGRESS,334547387349.0,ACTUAL,VNSTOCK_BRONZE
VNM,LATEST,balance_sheet,BS_CAPITAL_CONSTRUCTION_IN_PROGRESS,1470582553037.0,ACTUAL,VNSTOCK_BRONZE
VNM,LATEST,balance_sheet,BS_LONG_TERM_INVESTMENTS,742670306431.0,ACTUAL,VNSTOCK_BRONZE
VNM,LATEST,balance_sheet,BS_INVESTMENTS_IN_JOINT_VENTURES,664302778018.0,ACTUAL,VNSTOCK_BRONZE
VNM,LATEST,balance_sheet,BS_OTHER_LONG_TERM_INVESTMENTS,101950219081.0,ACTUAL,VNSTOCK_BRONZE
VNM,LATEST,balance_sheet,BS_PROVISION_LONG_TERM_INVESTMENTS,-23582690668.0,ACTUAL,VNSTOCK_BRONZE
VNM,LATEST,balance_sheet,BS_HELD_TO_MATURITY_INVESTMENTS,0.0,ACTUAL,VNSTOCK_BRONZE
VNM,LATEST,balance_sheet,BS_OTHER_LONG_TERM_ASSETS,2375257641764.0,ACTUAL,VNSTOCK_BRONZE
VNM,LATEST,balance_sheet,BS_LONG_TERM_PREPAYMENTS,772804663141.0,ACTUAL,VNSTOCK_BRONZE
VNM,LATEST,balance_sheet,BS_DEFERRED_TAX_ASSETS,34985203461.0,ACTUAL,VNSTOCK_BRONZE
VNM,LATEST,balance_sheet,BS_LONG_TERM_EQUIPMENT_SUPPLIES_SPARE_PARTS,0.0,ACTUAL,VNSTOCK_BRONZE
VNM,LATEST,balance_sheet,BS_OTHER_LONG_TERM_ASSETS_DETAIL,0.0,ACTUAL,VNSTOCK_BRONZE
VNM,LATEST,balance_sheet,BS_GOODWILL,1567467775162.0,ACTUAL,VNSTOCK_BRONZE
VNM,LATEST,balance_sheet,BS_TOTAL_ASSETS,48482664236220.0,ACTUAL,VNSTOCK_BRONZE
VNM,LATEST,balance_sheet,BS_TOTAL_LIABILITIES,15666145881135.0,ACTUAL,VNSTOCK_BRONZE
VNM,LATEST,balance_sheet,BS_SHORT_TERM_LIABILITIES,15308423081524.0,ACTUAL,VNSTOCK_BRONZE
VNM,LATEST,balance_sheet,BS_GOVERNMENT_BOND_REPURCHASE_TRANSACTIONS,0.0,ACTUAL,VNSTOCK_BRONZE
VNM,LATEST,balance_sheet,BS_TRADE_ACCOUNTS_PAYABLE,4284158390163.0,ACTUAL,VNSTOCK_BRONZE
VNM,LATEST,balance_sheet,BS_ADVANCES_FROM_CUSTOMERS,161708567120.0,ACTUAL,VNSTOCK_BRONZE
VNM,LATEST,balance_sheet,BS_TAXES_AND_OTHER_PAYABLES_TO_STATE_AUTHORITIES,598135128295.0,ACTUAL,VNSTOCK_BRONZE
VNM,LATEST,balance_sheet,BS_PAYABLE_TO_EMPLOYEES,287914221269.0,ACTUAL,VNSTOCK_BRONZE
VNM,LATEST,balance_sheet,BS_ACCRUED_EXPENSES,1620874538443.0,ACTUAL,VNSTOCK_BRONZE
VNM,LATEST,balance_sheet,BS_SHORT_TERM_UNEARNED_REVENUE,4161405120.0,ACTUAL,VNSTOCK_BRONZE
VNM,LATEST,balance_sheet,BS_OTHER_PAYABLES,3055541590234.0,ACTUAL,VNSTOCK_BRONZE
VNM,LATEST,balance_sheet,BS_SHORT_TERM_BORROWINGS,4867129839103.0,ACTUAL,VNSTOCK_BRONZE
VNM,LATEST,balance_sheet,BS_SHORT_TERM_PROVISIONS,26635759312.0,ACTUAL,VNSTOCK_BRONZE
VNM,LATEST,balance_sheet,BS_BONUS_AND_WELFARE_FUND,402163642465.0,ACTUAL,VNSTOCK_BRONZE
VNM,LATEST,balance_sheet,BS_LONG_TERM_LIABILITIES,357722799611.0,ACTUAL,VNSTOCK_BRONZE
VNM,LATEST,balance_sheet,BS_LONG_TERM_TRADE_PAYABLES,0.0,ACTUAL,VNSTOCK_BRONZE
VNM,LATEST,balance_sheet,BS_LONG_TERM_ACCRUED_EXPENSES,0.0,ACTUAL,VNSTOCK_BRONZE
VNM,LATEST,balance_sheet,BS_LONG_TERM_UNEARNED_REVENUE,0.0,ACTUAL,VNSTOCK_BRONZE
VNM,LATEST,balance_sheet,BS_OTHER_LONG_TERM_LIABILITIES,3711780002.0,ACTUAL,VNSTOCK_BRONZE
VNM,LATEST,balance_sheet,BS_LONG_TERM_BORROWINGS,66028725000.0,ACTUAL,VNSTOCK_BRONZE
VNM,LATEST,balance_sheet,BS_DEFERRED_TAX_LIABILITIES,287982294609.0,ACTUAL,VNSTOCK_BRONZE
VNM,LATEST,balance_sheet,BS_LONG_TERM_PROVISIONS,0.0,ACTUAL,VNSTOCK_BRONZE
VNM,LATEST,balance_sheet,BS_EQUITY,32816518355085.0,ACTUAL,VNSTOCK_BRONZE
VNM,LATEST,balance_sheet,BS_OWNERS_EQUITY,32816518355085.0,ACTUAL,VNSTOCK_BRONZE
VNM,LATEST,balance_sheet,BS_CHARTER_CAPITAL,20899554450000.0,ACTUAL,VNSTOCK_BRONZE
VNM,LATEST,balance_sheet,BS_CAPITAL_FROM_OWNERS,20899554450000.0,ACTUAL,VNSTOCK_BRONZE
VNM,LATEST,balance_sheet,BS_SHARE_PREMIUM,34110709700.0,ACTUAL,VNSTOCK_BRONZE
VNM,LATEST,balance_sheet,BS_OTHER_CAPITAL,202658418215.0,ACTUAL,VNSTOCK_BRONZE
VNM,LATEST,balance_sheet,BS_TREASURY_SHARES,0.0,ACTUAL,VNSTOCK_BRONZE
VNM,LATEST,balance_sheet,BS_FOREIGN_EXCHANGE_DIFFERENCES,92498048227.0,ACTUAL,VNSTOCK_BRONZE
VNM,LATEST,balance_sheet,BS_INVESTMENT_AND_DEVELOPMENT_FUND,5266761584973.0,ACTUAL,VNSTOCK_BRONZE
VNM,LATEST,balance_sheet,BS_RETAINED_EARNINGS,3353468092666.0,ACTUAL,VNSTOCK_BRONZE
VNM,LATEST,balance_sheet,BS_ACCUMULATED_RETAINED_EARNING_AT_THE_END_OF_THE_PREVIOUS_PERIOD,2682865082625.0,ACTUAL,VNSTOCK_BRONZE
VNM,LATEST,balance_sheet,BS_PROFIT_THIS_PERIOD,670603010041.0,ACTUAL,VNSTOCK_BRONZE
VNM,LATEST,balance_sheet,BS_MINORITY_INTEREST,2967467051304.0,ACTUAL,VNSTOCK_BRONZE
VNM,LATEST,balance_sheet,BS_TOTAL_LIABILITIES_AND_EQUITY,48482664236220.0,ACTUAL,VNSTOCK_BRONZE
VNM,LATEST,balance_sheet,BS_SHORT_TERM_ASSETS,32394853632375.0,ACTUAL,VNSTOCK_BRONZE
VNM,LATEST,balance_sheet,BS_CASH_AND_PRECIOUS_METALS,2011202511723.0,ACTUAL,VNSTOCK_BRONZE
VNM,LATEST,balance_sheet,BS_CASH,925091957178.0,ACTUAL,VNSTOCK_BRONZE
VNM,LATEST,balance_sheet,BS_CASH_EQUIVALENTS,1086110554545.0,ACTUAL,VNSTOCK_BRONZE
VNM,LATEST,balance_sheet,BS_SHORT_TERM_INVESTMENTS,16801331801284.0,ACTUAL,VNSTOCK_BRONZE
VNM,LATEST,balance_sheet,BS_FVTPL_FINANCIAL_ASSETS,1154469643.0,ACTUAL,VNSTOCK_BRONZE
VNM,LATEST,balance_sheet,BS_PROVISIONS_FOR_IMPAIRMENT_LOSS_OF_FINANCIAL_ASSETS_AND_MORTGAGES,-686838559.0,ACTUAL,VNSTOCK_BRONZE
VNM,LATEST,balance_sheet,BS_HELD_TO_MATURITY_SECURITIES,16800864170200.0,ACTUAL,VNSTOCK_BRONZE
VNM,LATEST,balance_sheet,BS_SHORT_TERM_RECEIVABLES,6619266952011.0,ACTUAL,VNSTOCK_BRONZE
VNM,LATEST,balance_sheet,BS_TRADE_RECEIVABLES,4960431442318.0,ACTUAL,VNSTOCK_BRONZE
VNM,LATEST,balance_sheet,BS_PREPAYMENTS_TO_SUPPLIERS,799563355449.0,ACTUAL,VNSTOCK_BRONZE
VNM,LATEST,balance_sheet,BS_SHORT_TERM_LOAN_RECEIVABLES,0.0,ACTUAL,VNSTOCK_BRONZE
VNM,LATEST,balance_sheet,BS_OTHER_RECEIVABLES,873056716344.0,ACTUAL,VNSTOCK_BRONZE
VNM,LATEST,balance_sheet,BS_PROVISION_DOUBTFUL_DEBTS,-13784562100.0,ACTUAL,VNSTOCK_BRONZE
VNM,LATEST,balance_sheet,BS_ASSETS_AWAITING_RESOLUTION,0.0,ACTUAL,VNSTOCK_BRONZE
VNM,LATEST,balance_sheet,BS_INVENTORIES,6704642178199.0,ACTUAL,VNSTOCK_BRONZE
VNM,LATEST,balance_sheet,BS_INVENTORIES_GROSS,6731269100954.0,ACTUAL,VNSTOCK_BRONZE
VNM,LATEST,balance_sheet,BS_PROVISION_INVENTORIES,-26626922755.0,ACTUAL,VNSTOCK_BRONZE
VNM,LATEST,balance_sheet,BS_OTHER_SHORT_TERM_ASSETS,258410189158.0,ACTUAL,VNSTOCK_BRONZE
VNM,LATEST,balance_sheet,BS_SHORT_TERM_PREPAYMENTS,117728696511.0,ACTUAL,VNSTOCK_BRONZE
VNM,LATEST,balance_sheet,BS_DEDUCTIBLE_VALUE_ADDED_TAX,137165895547.0,ACTUAL,VNSTOCK_BRONZE
VNM,LATEST,balance_sheet,BS_TAXES_AND_OTHER_RECEIVABLES_FROM_STATE_AUTHORITIES,3515597100.0,ACTUAL,VNSTOCK_BRONZE
VNM,LATEST,balance_sheet,BS_LONG_TERM_ASSETS,16869931859724.0,ACTUAL,VNSTOCK_BRONZE
VNM,LATEST,balance_sheet,BS_LONG_TERM_RECEIVABLES,38388850315.0,ACTUAL,VNSTOCK_BRONZE
VNM,LATEST,balance_sheet,BS_LONG_TERM_TRADE_RECEIVABLES,0.0,ACTUAL,VNSTOCK_BRONZE
VNM,LATEST,balance_sheet,BS_LONG_TERM_LOAN_RECEIVABLES,0.0,ACTUAL,VNSTOCK_BRONZE
VNM,LATEST,balance_sheet,BS_OTHER_LONG_TERM_RECEIVABLES_LEGACY,38388850315.0,ACTUAL,VNSTOCK_BRONZE
VNM,LATEST,balance_sheet,BS_FIXED_ASSETS,11893893630404.0,ACTUAL,VNSTOCK_BRONZE
VNM,LATEST,balance_sheet,BS_TANGIBLE_FIXED_ASSETS,10864998414142.0,ACTUAL,VNSTOCK_BRONZE
VNM,LATEST,balance_sheet,BS_TANGIBLE_FIXED_ASSETS_COST,28960706407353.0,ACTUAL,VNSTOCK_BRONZE
VNM,LATEST,balance_sheet,BS_TANGIBLE_FIXED_ASSETS_ACCUMULATED_DEPRECIATION,-18095707993211.0,ACTUAL,VNSTOCK_BRONZE
VNM,LATEST,balance_sheet,BS_FINANCE_LEASE_FIXED_ASSETS,0.0,ACTUAL,VNSTOCK_BRONZE
VNM,LATEST,balance_sheet,BS_FINANCE_LEASE_FIXED_ASSETS_COST,0.0,ACTUAL,VNSTOCK_BRONZE
VNM,LATEST,balance_sheet,BS_FINANCE_LEASE_FIXED_ASSETS_ACCUMULATED_DEPRECIATION,-0.0,ACTUAL,VNSTOCK_BRONZE
VNM,LATEST,balance_sheet,BS_INTANGIBLE_FIXED_ASSETS,1028895216262.0,ACTUAL,VNSTOCK_BRONZE
VNM,LATEST,balance_sheet,BS_INTANGIBLE_FIXED_ASSETS_COST,1352526518798.0,ACTUAL,VNSTOCK_BRONZE
VNM,LATEST,balance_sheet,BS_INTANGIBLE_FIXED_ASSETS_ACCUMULATED_DEPRECIATION,-323631302536.0,ACTUAL,VNSTOCK_BRONZE
VNM,LATEST,balance_sheet,BS_INVESTMENT_PROPERTIES,57088071395.0,ACTUAL,VNSTOCK_BRONZE
VNM,LATEST,balance_sheet,BS_INVESTMENT_PROPERTIES_COST,98822678885.0,ACTUAL,VNSTOCK_BRONZE
VNM,LATEST,balance_sheet,BS_INVESTMENT_PROPERTIES_ACCUMULATED_DEPRECIATION,-41734607490.0,ACTUAL,VNSTOCK_BRONZE
VNM,LATEST,balance_sheet,BS_CONSTRUCTION_IN_PROGRESS,1808138594423.0,ACTUAL,VNSTOCK_BRONZE
VNM,LATEST,balance_sheet,BS_LONG_TERM_PRODUCTION_IN_PROGRESS,268943640043.0,ACTUAL,VNSTOCK_BRONZE
VNM,LATEST,balance_sheet,BS_CAPITAL_CONSTRUCTION_IN_PROGRESS,1539194954380.0,ACTUAL,VNSTOCK_BRONZE
VNM,LATEST,balance_sheet,BS_LONG_TERM_INVESTMENTS,755781470427.0,ACTUAL,VNSTOCK_BRONZE
VNM,LATEST,balance_sheet,BS_INVESTMENTS_IN_JOINT_VENTURES,662417542014.0,ACTUAL,VNSTOCK_BRONZE
VNM,LATEST,balance_sheet,BS_OTHER_LONG_TERM_INVESTMENTS,101946619081.0,ACTUAL,VNSTOCK_BRONZE
VNM,LATEST,balance_sheet,BS_PROVISION_LONG_TERM_INVESTMENTS,-23582690668.0,ACTUAL,VNSTOCK_BRONZE
VNM,LATEST,balance_sheet,BS_HELD_TO_MATURITY_INVESTMENTS,15000000000.0,ACTUAL,VNSTOCK_BRONZE
VNM,LATEST,balance_sheet,BS_OTHER_LONG_TERM_ASSETS,2316641242760.0,ACTUAL,VNSTOCK_BRONZE
VNM,LATEST,balance_sheet,BS_LONG_TERM_PREPAYMENTS,807403361320.0,ACTUAL,VNSTOCK_BRONZE
VNM,LATEST,balance_sheet,BS_DEFERRED_TAX_ASSETS,3155135084.0,ACTUAL,VNSTOCK_BRONZE
VNM,LATEST,balance_sheet,BS_LONG_TERM_EQUIPMENT_SUPPLIES_SPARE_PARTS,0.0,ACTUAL,VNSTOCK_BRONZE
VNM,LATEST,balance_sheet,BS_OTHER_LONG_TERM_ASSETS_DETAIL,0.0,ACTUAL,VNSTOCK_BRONZE
VNM,LATEST,balance_sheet,BS_GOODWILL,1506082746356.0,ACTUAL,VNSTOCK_BRONZE
VNM,LATEST,balance_sheet,BS_TOTAL_ASSETS,49264785492099.0,ACTUAL,VNSTOCK_BRONZE
VNM,LATEST,balance_sheet,BS_TOTAL_LIABILITIES,14754559329281.0,ACTUAL,VNSTOCK_BRONZE
VNM,LATEST,balance_sheet,BS_SHORT_TERM_LIABILITIES,14407882880499.0,ACTUAL,VNSTOCK_BRONZE
VNM,LATEST,balance_sheet,BS_GOVERNMENT_BOND_REPURCHASE_TRANSACTIONS,0.0,ACTUAL,VNSTOCK_BRONZE
VNM,LATEST,balance_sheet,BS_TRADE_ACCOUNTS_PAYABLE,4636741550147.0,ACTUAL,VNSTOCK_BRONZE
VNM,LATEST,balance_sheet,BS_ADVANCES_FROM_CUSTOMERS,376266587860.0,ACTUAL,VNSTOCK_BRONZE
VNM,LATEST,balance_sheet,BS_TAXES_AND_OTHER_PAYABLES_TO_STATE_AUTHORITIES,602552747077.0,ACTUAL,VNSTOCK_BRONZE
VNM,LATEST,balance_sheet,BS_PAYABLE_TO_EMPLOYEES,220689107592.0,ACTUAL,VNSTOCK_BRONZE
VNM,LATEST,balance_sheet,BS_ACCRUED_EXPENSES,1371334324629.0,ACTUAL,VNSTOCK_BRONZE
VNM,LATEST,balance_sheet,BS_SHORT_TERM_UNEARNED_REVENUE,3069930805.0,ACTUAL,VNSTOCK_BRONZE
VNM,LATEST,balance_sheet,BS_OTHER_PAYABLES,125818309329.0,ACTUAL,VNSTOCK_BRONZE
VNM,LATEST,balance_sheet,BS_SHORT_TERM_BORROWINGS,6889265980740.0,ACTUAL,VNSTOCK_BRONZE
VNM,LATEST,balance_sheet,BS_SHORT_TERM_PROVISIONS,16670449097.0,ACTUAL,VNSTOCK_BRONZE
VNM,LATEST,balance_sheet,BS_BONUS_AND_WELFARE_FUND,165473893223.0,ACTUAL,VNSTOCK_BRONZE
VNM,LATEST,balance_sheet,BS_LONG_TERM_LIABILITIES,346676448782.0,ACTUAL,VNSTOCK_BRONZE
VNM,LATEST,balance_sheet,BS_LONG_TERM_TRADE_PAYABLES,0.0,ACTUAL,VNSTOCK_BRONZE
VNM,LATEST,balance_sheet,BS_LONG_TERM_ACCRUED_EXPENSES,0.0,ACTUAL,VNSTOCK_BRONZE
VNM,LATEST,balance_sheet,BS_LONG_TERM_UNEARNED_REVENUE,0.0,ACTUAL,VNSTOCK_BRONZE
VNM,LATEST,balance_sheet,BS_OTHER_LONG_TERM_LIABILITIES,1793685874.0,ACTUAL,VNSTOCK_BRONZE
VNM,LATEST,balance_sheet,BS_LONG_TERM_BORROWINGS,61054012500.0,ACTUAL,VNSTOCK_BRONZE
VNM,LATEST,balance_sheet,BS_DEFERRED_TAX_LIABILITIES,283828750408.0,ACTUAL,VNSTOCK_BRONZE
VNM,LATEST,balance_sheet,BS_LONG_TERM_PROVISIONS,0.0,ACTUAL,VNSTOCK_BRONZE
VNM,LATEST,balance_sheet,BS_EQUITY,34510226162818.0,ACTUAL,VNSTOCK_BRONZE
VNM,LATEST,balance_sheet,BS_OWNERS_EQUITY,34510226162818.0,ACTUAL,VNSTOCK_BRONZE
VNM,LATEST,balance_sheet,BS_CHARTER_CAPITAL,20899554450000.0,ACTUAL,VNSTOCK_BRONZE
VNM,LATEST,balance_sheet,BS_CAPITAL_FROM_OWNERS,20899554450000.0,ACTUAL,VNSTOCK_BRONZE
VNM,LATEST,balance_sheet,BS_SHARE_PREMIUM,34110709700.0,ACTUAL,VNSTOCK_BRONZE
VNM,LATEST,balance_sheet,BS_OTHER_CAPITAL,202658418215.0,ACTUAL,VNSTOCK_BRONZE
VNM,LATEST,balance_sheet,BS_TREASURY_SHARES,0.0,ACTUAL,VNSTOCK_BRONZE
VNM,LATEST,balance_sheet,BS_FOREIGN_EXCHANGE_DIFFERENCES,80631965406.0,ACTUAL,VNSTOCK_BRONZE
VNM,LATEST,balance_sheet,BS_INVESTMENT_AND_DEVELOPMENT_FUND,5444399294521.0,ACTUAL,VNSTOCK_BRONZE
VNM,LATEST,balance_sheet,BS_RETAINED_EARNINGS,4840235487374.0,ACTUAL,VNSTOCK_BRONZE
VNM,LATEST,balance_sheet,BS_ACCUMULATED_RETAINED_EARNING_AT_THE_END_OF_THE_PREVIOUS_PERIOD,3350333817760.0,ACTUAL,VNSTOCK_BRONZE
VNM,LATEST,balance_sheet,BS_PROFIT_THIS_PERIOD,1489901669614.0,ACTUAL,VNSTOCK_BRONZE
VNM,LATEST,balance_sheet,BS_MINORITY_INTEREST,3008635837602.0,ACTUAL,VNSTOCK_BRONZE
VNM,LATEST,balance_sheet,BS_TOTAL_LIABILITIES_AND_EQUITY,49264785492099.0,ACTUAL,VNSTOCK_BRONZE
VNM,LATEST,balance_sheet,BS_SHORT_TERM_ASSETS,33403479517290.0,ACTUAL,VNSTOCK_BRONZE
VNM,LATEST,balance_sheet,BS_CASH_AND_PRECIOUS_METALS,1582506692207.0,ACTUAL,VNSTOCK_BRONZE
VNM,LATEST,balance_sheet,BS_CASH,791780310675.0,ACTUAL,VNSTOCK_BRONZE
VNM,LATEST,balance_sheet,BS_CASH_EQUIVALENTS,790726381532.0,ACTUAL,VNSTOCK_BRONZE
VNM,LATEST,balance_sheet,BS_SHORT_TERM_INVESTMENTS,19083000543582.0,ACTUAL,VNSTOCK_BRONZE
VNM,LATEST,balance_sheet,BS_FVTPL_FINANCIAL_ASSETS,1160332375.0,ACTUAL,VNSTOCK_BRONZE
VNM,LATEST,balance_sheet,BS_PROVISIONS_FOR_IMPAIRMENT_LOSS_OF_FINANCIAL_ASSETS_AND_MORTGAGES,-690326525.0,ACTUAL,VNSTOCK_BRONZE
VNM,LATEST,balance_sheet,BS_HELD_TO_MATURITY_SECURITIES,19082530537732.0,ACTUAL,VNSTOCK_BRONZE
VNM,LATEST,balance_sheet,BS_SHORT_TERM_RECEIVABLES,6142392930802.0,ACTUAL,VNSTOCK_BRONZE
VNM,LATEST,balance_sheet,BS_TRADE_RECEIVABLES,4504795196787.0,ACTUAL,VNSTOCK_BRONZE
VNM,LATEST,balance_sheet,BS_PREPAYMENTS_TO_SUPPLIERS,762802524795.0,ACTUAL,VNSTOCK_BRONZE
VNM,LATEST,balance_sheet,BS_SHORT_TERM_LOAN_RECEIVABLES,0.0,ACTUAL,VNSTOCK_BRONZE
VNM,LATEST,balance_sheet,BS_OTHER_RECEIVABLES,889077893089.0,ACTUAL,VNSTOCK_BRONZE
VNM,LATEST,balance_sheet,BS_PROVISION_DOUBTFUL_DEBTS,-14282683869.0,ACTUAL,VNSTOCK_BRONZE
VNM,LATEST,balance_sheet,BS_ASSETS_AWAITING_RESOLUTION,0.0,ACTUAL,VNSTOCK_BRONZE
VNM,LATEST,balance_sheet,BS_INVENTORIES,6319892419521.0,ACTUAL,VNSTOCK_BRONZE
VNM,LATEST,balance_sheet,BS_INVENTORIES_GROSS,6346256682126.0,ACTUAL,VNSTOCK_BRONZE
VNM,LATEST,balance_sheet,BS_PROVISION_INVENTORIES,-26364262605.0,ACTUAL,VNSTOCK_BRONZE
VNM,LATEST,balance_sheet,BS_OTHER_SHORT_TERM_ASSETS,275686931178.0,ACTUAL,VNSTOCK_BRONZE
VNM,LATEST,balance_sheet,BS_SHORT_TERM_PREPAYMENTS,101959527803.0,ACTUAL,VNSTOCK_BRONZE
VNM,LATEST,balance_sheet,BS_DEDUCTIBLE_VALUE_ADDED_TAX,170046962517.0,ACTUAL,VNSTOCK_BRONZE
VNM,LATEST,balance_sheet,BS_TAXES_AND_OTHER_RECEIVABLES_FROM_STATE_AUTHORITIES,3680440858.0,ACTUAL,VNSTOCK_BRONZE
VNM,LATEST,balance_sheet,BS_LONG_TERM_ASSETS,17565302240360.0,ACTUAL,VNSTOCK_BRONZE
VNM,LATEST,balance_sheet,BS_LONG_TERM_RECEIVABLES,16225171701.0,ACTUAL,VNSTOCK_BRONZE
VNM,LATEST,balance_sheet,BS_LONG_TERM_TRADE_RECEIVABLES,0.0,ACTUAL,VNSTOCK_BRONZE
VNM,LATEST,balance_sheet,BS_LONG_TERM_LOAN_RECEIVABLES,0.0,ACTUAL,VNSTOCK_BRONZE
VNM,LATEST,balance_sheet,BS_OTHER_LONG_TERM_RECEIVABLES_LEGACY,16225171701.0,ACTUAL,VNSTOCK_BRONZE
VNM,LATEST,balance_sheet,BS_FIXED_ASSETS,11821447407199.0,ACTUAL,VNSTOCK_BRONZE
VNM,LATEST,balance_sheet,BS_TANGIBLE_FIXED_ASSETS,10802567246768.0,ACTUAL,VNSTOCK_BRONZE
VNM,LATEST,balance_sheet,BS_TANGIBLE_FIXED_ASSETS_COST,29336864077944.0,ACTUAL,VNSTOCK_BRONZE
VNM,LATEST,balance_sheet,BS_TANGIBLE_FIXED_ASSETS_ACCUMULATED_DEPRECIATION,-18534296831176.0,ACTUAL,VNSTOCK_BRONZE
VNM,LATEST,balance_sheet,BS_FINANCE_LEASE_FIXED_ASSETS,0.0,ACTUAL,VNSTOCK_BRONZE
VNM,LATEST,balance_sheet,BS_FINANCE_LEASE_FIXED_ASSETS_COST,0.0,ACTUAL,VNSTOCK_BRONZE
VNM,LATEST,balance_sheet,BS_FINANCE_LEASE_FIXED_ASSETS_ACCUMULATED_DEPRECIATION,-0.0,ACTUAL,VNSTOCK_BRONZE
VNM,LATEST,balance_sheet,BS_INTANGIBLE_FIXED_ASSETS,1018880160431.0,ACTUAL,VNSTOCK_BRONZE
VNM,LATEST,balance_sheet,BS_INTANGIBLE_FIXED_ASSETS_COST,1356137303161.0,ACTUAL,VNSTOCK_BRONZE
VNM,LATEST,balance_sheet,BS_INTANGIBLE_FIXED_ASSETS_ACCUMULATED_DEPRECIATION,-337257142730.0,ACTUAL,VNSTOCK_BRONZE
VNM,LATEST,balance_sheet,BS_INVESTMENT_PROPERTIES,56582334996.0,ACTUAL,VNSTOCK_BRONZE
VNM,LATEST,balance_sheet,BS_INVESTMENT_PROPERTIES_COST,98822678885.0,ACTUAL,VNSTOCK_BRONZE
VNM,LATEST,balance_sheet,BS_INVESTMENT_PROPERTIES_ACCUMULATED_DEPRECIATION,-42240343889.0,ACTUAL,VNSTOCK_BRONZE
VNM,LATEST,balance_sheet,BS_CONSTRUCTION_IN_PROGRESS,1892251651054.0,ACTUAL,VNSTOCK_BRONZE
VNM,LATEST,balance_sheet,BS_LONG_TERM_PRODUCTION_IN_PROGRESS,290327036137.0,ACTUAL,VNSTOCK_BRONZE
VNM,LATEST,balance_sheet,BS_CAPITAL_CONSTRUCTION_IN_PROGRESS,1601924614917.0,ACTUAL,VNSTOCK_BRONZE
VNM,LATEST,balance_sheet,BS_LONG_TERM_INVESTMENTS,1529822285849.0,ACTUAL,VNSTOCK_BRONZE
VNM,LATEST,balance_sheet,BS_INVESTMENTS_IN_JOINT_VENTURES,651216537436.0,ACTUAL,VNSTOCK_BRONZE
VNM,LATEST,balance_sheet,BS_OTHER_LONG_TERM_INVESTMENTS,101950939081.0,ACTUAL,VNSTOCK_BRONZE
VNM,LATEST,balance_sheet,BS_PROVISION_LONG_TERM_INVESTMENTS,-23582690668.0,ACTUAL,VNSTOCK_BRONZE
VNM,LATEST,balance_sheet,BS_HELD_TO_MATURITY_INVESTMENTS,800237500000.0,ACTUAL,VNSTOCK_BRONZE
VNM,LATEST,balance_sheet,BS_OTHER_LONG_TERM_ASSETS,2248973389561.0,ACTUAL,VNSTOCK_BRONZE
VNM,LATEST,balance_sheet,BS_LONG_TERM_PREPAYMENTS,804275672011.0,ACTUAL,VNSTOCK_BRONZE
VNM,LATEST,balance_sheet,BS_DEFERRED_TAX_ASSETS,0.0,ACTUAL,VNSTOCK_BRONZE
VNM,LATEST,balance_sheet,BS_LONG_TERM_EQUIPMENT_SUPPLIES_SPARE_PARTS,0.0,ACTUAL,VNSTOCK_BRONZE
VNM,LATEST,balance_sheet,BS_OTHER_LONG_TERM_ASSETS_DETAIL,0.0,ACTUAL,VNSTOCK_BRONZE
VNM,LATEST,balance_sheet,BS_GOODWILL,1444697717550.0,ACTUAL,VNSTOCK_BRONZE
VNM,LATEST,balance_sheet,BS_TOTAL_ASSETS,50968781757650.0,ACTUAL,VNSTOCK_BRONZE
VNM,LATEST,balance_sheet,BS_TOTAL_LIABILITIES,14308732050657.0,ACTUAL,VNSTOCK_BRONZE
VNM,LATEST,balance_sheet,BS_SHORT_TERM_LIABILITIES,13742782382772.0,ACTUAL,VNSTOCK_BRONZE
VNM,LATEST,balance_sheet,BS_GOVERNMENT_BOND_REPURCHASE_TRANSACTIONS,0.0,ACTUAL,VNSTOCK_BRONZE
VNM,LATEST,balance_sheet,BS_TRADE_ACCOUNTS_PAYABLE,3483236724486.0,ACTUAL,VNSTOCK_BRONZE
VNM,LATEST,balance_sheet,BS_ADVANCES_FROM_CUSTOMERS,315814573879.0,ACTUAL,VNSTOCK_BRONZE
VNM,LATEST,balance_sheet,BS_TAXES_AND_OTHER_PAYABLES_TO_STATE_AUTHORITIES,1616503881899.0,ACTUAL,VNSTOCK_BRONZE
VNM,LATEST,balance_sheet,BS_PAYABLE_TO_EMPLOYEES,225893621921.0,ACTUAL,VNSTOCK_BRONZE
VNM,LATEST,balance_sheet,BS_ACCRUED_EXPENSES,1512085307370.0,ACTUAL,VNSTOCK_BRONZE
VNM,LATEST,balance_sheet,BS_SHORT_TERM_UNEARNED_REVENUE,1206182798.0,ACTUAL,VNSTOCK_BRONZE
VNM,LATEST,balance_sheet,BS_OTHER_PAYABLES,116353929697.0,ACTUAL,VNSTOCK_BRONZE
VNM,LATEST,balance_sheet,BS_SHORT_TERM_BORROWINGS,6128144184250.0,ACTUAL,VNSTOCK_BRONZE
VNM,LATEST,balance_sheet,BS_SHORT_TERM_PROVISIONS,11824644148.0,ACTUAL,VNSTOCK_BRONZE
VNM,LATEST,balance_sheet,BS_BONUS_AND_WELFARE_FUND,331719332324.0,ACTUAL,VNSTOCK_BRONZE
VNM,LATEST,balance_sheet,BS_LONG_TERM_LIABILITIES,565949667885.0,ACTUAL,VNSTOCK_BRONZE
VNM,LATEST,balance_sheet,BS_LONG_TERM_TRADE_PAYABLES,0.0,ACTUAL,VNSTOCK_BRONZE
VNM,LATEST,balance_sheet,BS_LONG_TERM_ACCRUED_EXPENSES,0.0,ACTUAL,VNSTOCK_BRONZE
VNM,LATEST,balance_sheet,BS_LONG_TERM_UNEARNED_REVENUE,0.0,ACTUAL,VNSTOCK_BRONZE
VNM,LATEST,balance_sheet,BS_OTHER_LONG_TERM_LIABILITIES,1621165874.0,ACTUAL,VNSTOCK_BRONZE
VNM,LATEST,balance_sheet,BS_LONG_TERM_BORROWINGS,279412788750.0,ACTUAL,VNSTOCK_BRONZE
VNM,LATEST,balance_sheet,BS_DEFERRED_TAX_LIABILITIES,284915713261.0,ACTUAL,VNSTOCK_BRONZE
VNM,LATEST,balance_sheet,BS_LONG_TERM_PROVISIONS,0.0,ACTUAL,VNSTOCK_BRONZE
VNM,LATEST,balance_sheet,BS_EQUITY,36660049706993.0,ACTUAL,VNSTOCK_BRONZE
VNM,LATEST,balance_sheet,BS_OWNERS_EQUITY,36660049706993.0,ACTUAL,VNSTOCK_BRONZE
VNM,LATEST,balance_sheet,BS_CHARTER_CAPITAL,20899554450000.0,ACTUAL,VNSTOCK_BRONZE
VNM,LATEST,balance_sheet,BS_CAPITAL_FROM_OWNERS,20899554450000.0,ACTUAL,VNSTOCK_BRONZE
VNM,LATEST,balance_sheet,BS_SHARE_PREMIUM,34110709700.0,ACTUAL,VNSTOCK_BRONZE
VNM,LATEST,balance_sheet,BS_OTHER_CAPITAL,202658418215.0,ACTUAL,VNSTOCK_BRONZE
VNM,LATEST,balance_sheet,BS_TREASURY_SHARES,0.0,ACTUAL,VNSTOCK_BRONZE
VNM,LATEST,balance_sheet,BS_FOREIGN_EXCHANGE_DIFFERENCES,94662621098.0,ACTUAL,VNSTOCK_BRONZE
VNM,LATEST,balance_sheet,BS_INVESTMENT_AND_DEVELOPMENT_FUND,5679501872971.0,ACTUAL,VNSTOCK_BRONZE
VNM,LATEST,balance_sheet,BS_RETAINED_EARNINGS,6557754122099.0,ACTUAL,VNSTOCK_BRONZE
VNM,LATEST,balance_sheet,BS_ACCUMULATED_RETAINED_EARNING_AT_THE_END_OF_THE_PREVIOUS_PERIOD,3350333817760.0,ACTUAL,VNSTOCK_BRONZE
VNM,LATEST,balance_sheet,BS_PROFIT_THIS_PERIOD,3207420304339.0,ACTUAL,VNSTOCK_BRONZE
VNM,LATEST,balance_sheet,BS_MINORITY_INTEREST,3191807512910.0,ACTUAL,VNSTOCK_BRONZE
VNM,LATEST,balance_sheet,BS_TOTAL_LIABILITIES_AND_EQUITY,50968781757650.0,ACTUAL,VNSTOCK_BRONZE
VNM,LATEST,balance_sheet,BS_SHORT_TERM_ASSETS,37680161943052.0,ACTUAL,VNSTOCK_BRONZE
VNM,LATEST,balance_sheet,BS_CASH_AND_PRECIOUS_METALS,6875567986039.0,ACTUAL,VNSTOCK_BRONZE
VNM,LATEST,balance_sheet,BS_CASH,4244364731244.0,ACTUAL,VNSTOCK_BRONZE
VNM,LATEST,balance_sheet,BS_CASH_EQUIVALENTS,2631203254795.0,ACTUAL,VNSTOCK_BRONZE
VNM,LATEST,balance_sheet,BS_SHORT_TERM_INVESTMENTS,19012123617176.0,ACTUAL,VNSTOCK_BRONZE
VNM,LATEST,balance_sheet,BS_FVTPL_FINANCIAL_ASSETS,1195020206.0,ACTUAL,VNSTOCK_BRONZE
VNM,LATEST,balance_sheet,BS_PROVISIONS_FOR_IMPAIRMENT_LOSS_OF_FINANCIAL_ASSETS_AND_MORTGAGES,-710963655.0,ACTUAL,VNSTOCK_BRONZE
VNM,LATEST,balance_sheet,BS_HELD_TO_MATURITY_SECURITIES,19011639560625.0,ACTUAL,VNSTOCK_BRONZE
VNM,LATEST,balance_sheet,BS_SHORT_TERM_RECEIVABLES,5931433000484.0,ACTUAL,VNSTOCK_BRONZE
VNM,LATEST,balance_sheet,BS_TRADE_RECEIVABLES,4432011912404.0,ACTUAL,VNSTOCK_BRONZE
VNM,LATEST,balance_sheet,BS_PREPAYMENTS_TO_SUPPLIERS,633286108202.0,ACTUAL,VNSTOCK_BRONZE
VNM,LATEST,balance_sheet,BS_SHORT_TERM_LOAN_RECEIVABLES,0.0,ACTUAL,VNSTOCK_BRONZE
VNM,LATEST,balance_sheet,BS_OTHER_RECEIVABLES,880916713917.0,ACTUAL,VNSTOCK_BRONZE
VNM,LATEST,balance_sheet,BS_PROVISION_DOUBTFUL_DEBTS,-14781734039.0,ACTUAL,VNSTOCK_BRONZE
VNM,LATEST,balance_sheet,BS_ASSETS_AWAITING_RESOLUTION,0.0,ACTUAL,VNSTOCK_BRONZE
VNM,LATEST,balance_sheet,BS_INVENTORIES,5697772718120.0,ACTUAL,VNSTOCK_BRONZE
VNM,LATEST,balance_sheet,BS_INVENTORIES_GROSS,5723674480049.0,ACTUAL,VNSTOCK_BRONZE
VNM,LATEST,balance_sheet,BS_PROVISION_INVENTORIES,-25901761929.0,ACTUAL,VNSTOCK_BRONZE
VNM,LATEST,balance_sheet,BS_OTHER_SHORT_TERM_ASSETS,163264621233.0,ACTUAL,VNSTOCK_BRONZE
VNM,LATEST,balance_sheet,BS_SHORT_TERM_PREPAYMENTS,76718813343.0,ACTUAL,VNSTOCK_BRONZE
VNM,LATEST,balance_sheet,BS_DEDUCTIBLE_VALUE_ADDED_TAX,79806650784.0,ACTUAL,VNSTOCK_BRONZE
VNM,LATEST,balance_sheet,BS_TAXES_AND_OTHER_RECEIVABLES_FROM_STATE_AUTHORITIES,6739157106.0,ACTUAL,VNSTOCK_BRONZE
VNM,LATEST,balance_sheet,BS_LONG_TERM_ASSETS,17287274060546.0,ACTUAL,VNSTOCK_BRONZE
VNM,LATEST,balance_sheet,BS_LONG_TERM_RECEIVABLES,16146741451.0,ACTUAL,VNSTOCK_BRONZE
VNM,LATEST,balance_sheet,BS_LONG_TERM_TRADE_RECEIVABLES,0.0,ACTUAL,VNSTOCK_BRONZE
VNM,LATEST,balance_sheet,BS_LONG_TERM_LOAN_RECEIVABLES,0.0,ACTUAL,VNSTOCK_BRONZE
VNM,LATEST,balance_sheet,BS_OTHER_LONG_TERM_RECEIVABLES_LEGACY,16146741451.0,ACTUAL,VNSTOCK_BRONZE
VNM,LATEST,balance_sheet,BS_FIXED_ASSETS,12056272942904.0,ACTUAL,VNSTOCK_BRONZE
VNM,LATEST,balance_sheet,BS_TANGIBLE_FIXED_ASSETS,11042989736407.0,ACTUAL,VNSTOCK_BRONZE
VNM,LATEST,balance_sheet,BS_TANGIBLE_FIXED_ASSETS_COST,30026687876144.0,ACTUAL,VNSTOCK_BRONZE
VNM,LATEST,balance_sheet,BS_TANGIBLE_FIXED_ASSETS_ACCUMULATED_DEPRECIATION,-18983698139737.0,ACTUAL,VNSTOCK_BRONZE
VNM,LATEST,balance_sheet,BS_FINANCE_LEASE_FIXED_ASSETS,0.0,ACTUAL,VNSTOCK_BRONZE
VNM,LATEST,balance_sheet,BS_FINANCE_LEASE_FIXED_ASSETS_COST,0.0,ACTUAL,VNSTOCK_BRONZE
VNM,LATEST,balance_sheet,BS_FINANCE_LEASE_FIXED_ASSETS_ACCUMULATED_DEPRECIATION,-0.0,ACTUAL,VNSTOCK_BRONZE
VNM,LATEST,balance_sheet,BS_INTANGIBLE_FIXED_ASSETS,1013283206497.0,ACTUAL,VNSTOCK_BRONZE
VNM,LATEST,balance_sheet,BS_INTANGIBLE_FIXED_ASSETS_COST,1365216709641.0,ACTUAL,VNSTOCK_BRONZE
VNM,LATEST,balance_sheet,BS_INTANGIBLE_FIXED_ASSETS_ACCUMULATED_DEPRECIATION,-351933503144.0,ACTUAL,VNSTOCK_BRONZE
VNM,LATEST,balance_sheet,BS_INVESTMENT_PROPERTIES,56088244686.0,ACTUAL,VNSTOCK_BRONZE
VNM,LATEST,balance_sheet,BS_INVESTMENT_PROPERTIES_COST,98822678885.0,ACTUAL,VNSTOCK_BRONZE
VNM,LATEST,balance_sheet,BS_INVESTMENT_PROPERTIES_ACCUMULATED_DEPRECIATION,-42734434199.0,ACTUAL,VNSTOCK_BRONZE
VNM,LATEST,balance_sheet,BS_CONSTRUCTION_IN_PROGRESS,1536422017821.0,ACTUAL,VNSTOCK_BRONZE
VNM,LATEST,balance_sheet,BS_LONG_TERM_PRODUCTION_IN_PROGRESS,343358185248.0,ACTUAL,VNSTOCK_BRONZE
VNM,LATEST,balance_sheet,BS_CAPITAL_CONSTRUCTION_IN_PROGRESS,1193063832573.0,ACTUAL,VNSTOCK_BRONZE
VNM,LATEST,balance_sheet,BS_LONG_TERM_INVESTMENTS,1424817180754.0,ACTUAL,VNSTOCK_BRONZE
VNM,LATEST,balance_sheet,BS_INVESTMENTS_IN_JOINT_VENTURES,646178772341.0,ACTUAL,VNSTOCK_BRONZE
VNM,LATEST,balance_sheet,BS_OTHER_LONG_TERM_INVESTMENTS,101976499081.0,ACTUAL,VNSTOCK_BRONZE
VNM,LATEST,balance_sheet,BS_PROVISION_LONG_TERM_INVESTMENTS,-23582690668.0,ACTUAL,VNSTOCK_BRONZE
VNM,LATEST,balance_sheet,BS_HELD_TO_MATURITY_INVESTMENTS,700244600000.0,ACTUAL,VNSTOCK_BRONZE
VNM,LATEST,balance_sheet,BS_OTHER_LONG_TERM_ASSETS,2197526932930.0,ACTUAL,VNSTOCK_BRONZE
VNM,LATEST,balance_sheet,BS_LONG_TERM_PREPAYMENTS,814214244187.0,ACTUAL,VNSTOCK_BRONZE
VNM,LATEST,balance_sheet,BS_DEFERRED_TAX_ASSETS,0.0,ACTUAL,VNSTOCK_BRONZE
VNM,LATEST,balance_sheet,BS_LONG_TERM_EQUIPMENT_SUPPLIES_SPARE_PARTS,0.0,ACTUAL,VNSTOCK_BRONZE
VNM,LATEST,balance_sheet,BS_OTHER_LONG_TERM_ASSETS_DETAIL,0.0,ACTUAL,VNSTOCK_BRONZE
VNM,LATEST,balance_sheet,BS_GOODWILL,1383312688743.0,ACTUAL,VNSTOCK_BRONZE
VNM,LATEST,balance_sheet,BS_TOTAL_ASSETS,54967436003598.0,ACTUAL,VNSTOCK_BRONZE
VNM,LATEST,balance_sheet,BS_TOTAL_LIABILITIES,20964371994291.0,ACTUAL,VNSTOCK_BRONZE
VNM,LATEST,balance_sheet,BS_SHORT_TERM_LIABILITIES,20399327964197.0,ACTUAL,VNSTOCK_BRONZE
VNM,LATEST,balance_sheet,BS_GOVERNMENT_BOND_REPURCHASE_TRANSACTIONS,0.0,ACTUAL,VNSTOCK_BRONZE
VNM,LATEST,balance_sheet,BS_TRADE_ACCOUNTS_PAYABLE,3550757750659.0,ACTUAL,VNSTOCK_BRONZE
VNM,LATEST,balance_sheet,BS_ADVANCES_FROM_CUSTOMERS,200125679398.0,ACTUAL,VNSTOCK_BRONZE
VNM,LATEST,balance_sheet,BS_TAXES_AND_OTHER_PAYABLES_TO_STATE_AUTHORITIES,2127261309096.0,ACTUAL,VNSTOCK_BRONZE
VNM,LATEST,balance_sheet,BS_PAYABLE_TO_EMPLOYEES,274518436681.0,ACTUAL,VNSTOCK_BRONZE
VNM,LATEST,balance_sheet,BS_ACCRUED_EXPENSES,1720002534780.0,ACTUAL,VNSTOCK_BRONZE
VNM,LATEST,balance_sheet,BS_SHORT_TERM_UNEARNED_REVENUE,113128183.0,ACTUAL,VNSTOCK_BRONZE
VNM,LATEST,balance_sheet,BS_OTHER_PAYABLES,5258187477813.0,ACTUAL,VNSTOCK_BRONZE
VNM,LATEST,balance_sheet,BS_SHORT_TERM_BORROWINGS,6873932117860.0,ACTUAL,VNSTOCK_BRONZE
VNM,LATEST,balance_sheet,BS_SHORT_TERM_PROVISIONS,10372921350.0,ACTUAL,VNSTOCK_BRONZE
VNM,LATEST,balance_sheet,BS_BONUS_AND_WELFARE_FUND,384056608377.0,ACTUAL,VNSTOCK_BRONZE
VNM,LATEST,balance_sheet,BS_LONG_TERM_LIABILITIES,565044030094.0,ACTUAL,VNSTOCK_BRONZE
VNM,LATEST,balance_sheet,BS_LONG_TERM_TRADE_PAYABLES,0.0,ACTUAL,VNSTOCK_BRONZE
VNM,LATEST,balance_sheet,BS_LONG_TERM_ACCRUED_EXPENSES,0.0,ACTUAL,VNSTOCK_BRONZE
VNM,LATEST,balance_sheet,BS_LONG_TERM_UNEARNED_REVENUE,0.0,ACTUAL,VNSTOCK_BRONZE
VNM,LATEST,balance_sheet,BS_OTHER_LONG_TERM_LIABILITIES,1305641287.0,ACTUAL,VNSTOCK_BRONZE
VNM,LATEST,balance_sheet,BS_LONG_TERM_BORROWINGS,282904335540.0,ACTUAL,VNSTOCK_BRONZE
VNM,LATEST,balance_sheet,BS_DEFERRED_TAX_LIABILITIES,280834053267.0,ACTUAL,VNSTOCK_BRONZE
VNM,LATEST,balance_sheet,BS_LONG_TERM_PROVISIONS,0.0,ACTUAL,VNSTOCK_BRONZE
VNM,LATEST,balance_sheet,BS_EQUITY,34003064009307.0,ACTUAL,VNSTOCK_BRONZE
VNM,LATEST,balance_sheet,BS_OWNERS_EQUITY,34003064009307.0,ACTUAL,VNSTOCK_BRONZE
VNM,LATEST,balance_sheet,BS_CHARTER_CAPITAL,20899554450000.0,ACTUAL,VNSTOCK_BRONZE
VNM,LATEST,balance_sheet,BS_CAPITAL_FROM_OWNERS,20899554450000.0,ACTUAL,VNSTOCK_BRONZE
VNM,LATEST,balance_sheet,BS_SHARE_PREMIUM,34110709700.0,ACTUAL,VNSTOCK_BRONZE
VNM,LATEST,balance_sheet,BS_OTHER_CAPITAL,202658418215.0,ACTUAL,VNSTOCK_BRONZE
VNM,LATEST,balance_sheet,BS_TREASURY_SHARES,0.0,ACTUAL,VNSTOCK_BRONZE
VNM,LATEST,balance_sheet,BS_FOREIGN_EXCHANGE_DIFFERENCES,175723530911.0,ACTUAL,VNSTOCK_BRONZE
VNM,LATEST,balance_sheet,BS_INVESTMENT_AND_DEVELOPMENT_FUND,5932206859820.0,ACTUAL,VNSTOCK_BRONZE
VNM,LATEST,balance_sheet,BS_RETAINED_EARNINGS,3411311506574.0,ACTUAL,VNSTOCK_BRONZE
VNM,LATEST,balance_sheet,BS_ACCUMULATED_RETAINED_EARNING_AT_THE_END_OF_THE_PREVIOUS_PERIOD,1364876145015.0,ACTUAL,VNSTOCK_BRONZE
VNM,LATEST,balance_sheet,BS_PROFIT_THIS_PERIOD,2046435361559.0,ACTUAL,VNSTOCK_BRONZE
VNM,LATEST,balance_sheet,BS_MINORITY_INTEREST,3347498534087.0,ACTUAL,VNSTOCK_BRONZE
VNM,LATEST,balance_sheet,BS_TOTAL_LIABILITIES_AND_EQUITY,54967436003598.0,ACTUAL,VNSTOCK_BRONZE
VNM,LATEST,balance_sheet,BS_SHORT_TERM_ASSETS,35935879621477.0,ACTUAL,VNSTOCK_BRONZE
VNM,LATEST,balance_sheet,BS_CASH_AND_PRECIOUS_METALS,2912027359925.0,ACTUAL,VNSTOCK_BRONZE
VNM,LATEST,balance_sheet,BS_CASH,1025487470250.0,ACTUAL,VNSTOCK_BRONZE
VNM,LATEST,balance_sheet,BS_CASH_EQUIVALENTS,1886539889675.0,ACTUAL,VNSTOCK_BRONZE
VNM,LATEST,balance_sheet,BS_SHORT_TERM_INVESTMENTS,20137243800460.0,ACTUAL,VNSTOCK_BRONZE
VNM,LATEST,balance_sheet,BS_FVTPL_FINANCIAL_ASSETS,1193065962.0,ACTUAL,VNSTOCK_BRONZE
VNM,LATEST,balance_sheet,BS_PROVISIONS_FOR_IMPAIRMENT_LOSS_OF_FINANCIAL_ASSETS_AND_MORTGAGES,-822663402.0,ACTUAL,VNSTOCK_BRONZE
VNM,LATEST,balance_sheet,BS_HELD_TO_MATURITY_SECURITIES,20136873397900.0,ACTUAL,VNSTOCK_BRONZE
VNM,LATEST,balance_sheet,BS_SHORT_TERM_RECEIVABLES,6529705184034.0,ACTUAL,VNSTOCK_BRONZE
VNM,LATEST,balance_sheet,BS_TRADE_RECEIVABLES,4808183557645.0,ACTUAL,VNSTOCK_BRONZE
VNM,LATEST,balance_sheet,BS_PREPAYMENTS_TO_SUPPLIERS,655619313409.0,ACTUAL,VNSTOCK_BRONZE
VNM,LATEST,balance_sheet,BS_SHORT_TERM_LOAN_RECEIVABLES,0.0,ACTUAL,VNSTOCK_BRONZE
VNM,LATEST,balance_sheet,BS_OTHER_RECEIVABLES,1080803411003.0,ACTUAL,VNSTOCK_BRONZE
VNM,LATEST,balance_sheet,BS_PROVISION_DOUBTFUL_DEBTS,-14901098023.0,ACTUAL,VNSTOCK_BRONZE
VNM,LATEST,balance_sheet,BS_ASSETS_AWAITING_RESOLUTION,0.0,ACTUAL,VNSTOCK_BRONZE
VNM,LATEST,balance_sheet,BS_INVENTORIES,6128081805088.0,ACTUAL,VNSTOCK_BRONZE
VNM,LATEST,balance_sheet,BS_INVENTORIES_GROSS,6165935294543.0,ACTUAL,VNSTOCK_BRONZE
VNM,LATEST,balance_sheet,BS_PROVISION_INVENTORIES,-37853489455.0,ACTUAL,VNSTOCK_BRONZE
VNM,LATEST,balance_sheet,BS_OTHER_SHORT_TERM_ASSETS,228821471970.0,ACTUAL,VNSTOCK_BRONZE
VNM,LATEST,balance_sheet,BS_SHORT_TERM_PREPAYMENTS,82860441483.0,ACTUAL,VNSTOCK_BRONZE
VNM,LATEST,balance_sheet,BS_DEDUCTIBLE_VALUE_ADDED_TAX,99428954456.0,ACTUAL,VNSTOCK_BRONZE
VNM,LATEST,balance_sheet,BS_TAXES_AND_OTHER_RECEIVABLES_FROM_STATE_AUTHORITIES,46532076031.0,ACTUAL,VNSTOCK_BRONZE
VNM,LATEST,balance_sheet,BS_LONG_TERM_ASSETS,16737491482983.0,ACTUAL,VNSTOCK_BRONZE
VNM,LATEST,balance_sheet,BS_LONG_TERM_RECEIVABLES,16131990975.0,ACTUAL,VNSTOCK_BRONZE
VNM,LATEST,balance_sheet,BS_LONG_TERM_TRADE_RECEIVABLES,0.0,ACTUAL,VNSTOCK_BRONZE
VNM,LATEST,balance_sheet,BS_LONG_TERM_LOAN_RECEIVABLES,0.0,ACTUAL,VNSTOCK_BRONZE
VNM,LATEST,balance_sheet,BS_OTHER_LONG_TERM_RECEIVABLES_LEGACY,16131990975.0,ACTUAL,VNSTOCK_BRONZE
VNM,LATEST,balance_sheet,BS_FIXED_ASSETS,12689652377511.0,ACTUAL,VNSTOCK_BRONZE
VNM,LATEST,balance_sheet,BS_TANGIBLE_FIXED_ASSETS,11688520305045.0,ACTUAL,VNSTOCK_BRONZE
VNM,LATEST,balance_sheet,BS_TANGIBLE_FIXED_ASSETS_COST,31109174369693.0,ACTUAL,VNSTOCK_BRONZE
VNM,LATEST,balance_sheet,BS_TANGIBLE_FIXED_ASSETS_ACCUMULATED_DEPRECIATION,-19420654064648.0,ACTUAL,VNSTOCK_BRONZE
VNM,LATEST,balance_sheet,BS_FINANCE_LEASE_FIXED_ASSETS,0.0,ACTUAL,VNSTOCK_BRONZE
VNM,LATEST,balance_sheet,BS_FINANCE_LEASE_FIXED_ASSETS_COST,0.0,ACTUAL,VNSTOCK_BRONZE
VNM,LATEST,balance_sheet,BS_FINANCE_LEASE_FIXED_ASSETS_ACCUMULATED_DEPRECIATION,-0.0,ACTUAL,VNSTOCK_BRONZE
VNM,LATEST,balance_sheet,BS_INTANGIBLE_FIXED_ASSETS,1001132072466.0,ACTUAL,VNSTOCK_BRONZE
VNM,LATEST,balance_sheet,BS_INTANGIBLE_FIXED_ASSETS_COST,1366405903459.0,ACTUAL,VNSTOCK_BRONZE
VNM,LATEST,balance_sheet,BS_INTANGIBLE_FIXED_ASSETS_ACCUMULATED_DEPRECIATION,-365273830993.0,ACTUAL,VNSTOCK_BRONZE
VNM,LATEST,balance_sheet,BS_INVESTMENT_PROPERTIES,55594154394.0,ACTUAL,VNSTOCK_BRONZE
VNM,LATEST,balance_sheet,BS_INVESTMENT_PROPERTIES_COST,98822678885.0,ACTUAL,VNSTOCK_BRONZE
VNM,LATEST,balance_sheet,BS_INVESTMENT_PROPERTIES_ACCUMULATED_DEPRECIATION,-43228524491.0,ACTUAL,VNSTOCK_BRONZE
VNM,LATEST,balance_sheet,BS_CONSTRUCTION_IN_PROGRESS,936923649898.0,ACTUAL,VNSTOCK_BRONZE
VNM,LATEST,balance_sheet,BS_LONG_TERM_PRODUCTION_IN_PROGRESS,381979710802.0,ACTUAL,VNSTOCK_BRONZE
VNM,LATEST,balance_sheet,BS_CAPITAL_CONSTRUCTION_IN_PROGRESS,554943939096.0,ACTUAL,VNSTOCK_BRONZE
VNM,LATEST,balance_sheet,BS_LONG_TERM_INVESTMENTS,831227597345.0,ACTUAL,VNSTOCK_BRONZE
VNM,LATEST,balance_sheet,BS_INVESTMENTS_IN_JOINT_VENTURES,602591028932.0,ACTUAL,VNSTOCK_BRONZE
VNM,LATEST,balance_sheet,BS_OTHER_LONG_TERM_INVESTMENTS,101975059081.0,ACTUAL,VNSTOCK_BRONZE
VNM,LATEST,balance_sheet,BS_PROVISION_LONG_TERM_INVESTMENTS,-23582690668.0,ACTUAL,VNSTOCK_BRONZE
VNM,LATEST,balance_sheet,BS_HELD_TO_MATURITY_INVESTMENTS,150244200000.0,ACTUAL,VNSTOCK_BRONZE
VNM,LATEST,balance_sheet,BS_OTHER_LONG_TERM_ASSETS,2207961712860.0,ACTUAL,VNSTOCK_BRONZE
VNM,LATEST,balance_sheet,BS_LONG_TERM_PREPAYMENTS,871585543337.0,ACTUAL,VNSTOCK_BRONZE
VNM,LATEST,balance_sheet,BS_DEFERRED_TAX_ASSETS,14448509586.0,ACTUAL,VNSTOCK_BRONZE
VNM,LATEST,balance_sheet,BS_LONG_TERM_EQUIPMENT_SUPPLIES_SPARE_PARTS,0.0,ACTUAL,VNSTOCK_BRONZE
VNM,LATEST,balance_sheet,BS_OTHER_LONG_TERM_ASSETS_DETAIL,0.0,ACTUAL,VNSTOCK_BRONZE
VNM,LATEST,balance_sheet,BS_GOODWILL,1321927659937.0,ACTUAL,VNSTOCK_BRONZE
VNM,LATEST,balance_sheet,BS_TOTAL_ASSETS,52673371104460.0,ACTUAL,VNSTOCK_BRONZE
VNM,LATEST,balance_sheet,BS_TOTAL_LIABILITIES,17647627338990.0,ACTUAL,VNSTOCK_BRONZE
VNM,LATEST,balance_sheet,BS_SHORT_TERM_LIABILITIES,17138689974862.0,ACTUAL,VNSTOCK_BRONZE
VNM,LATEST,balance_sheet,BS_GOVERNMENT_BOND_REPURCHASE_TRANSACTIONS,0.0,ACTUAL,VNSTOCK_BRONZE
VNM,LATEST,balance_sheet,BS_TRADE_ACCOUNTS_PAYABLE,3805885429198.0,ACTUAL,VNSTOCK_BRONZE
VNM,LATEST,balance_sheet,BS_ADVANCES_FROM_CUSTOMERS,164712782108.0,ACTUAL,VNSTOCK_BRONZE
VNM,LATEST,balance_sheet,BS_TAXES_AND_OTHER_PAYABLES_TO_STATE_AUTHORITIES,967878916785.0,ACTUAL,VNSTOCK_BRONZE
VNM,LATEST,balance_sheet,BS_PAYABLE_TO_EMPLOYEES,289224237367.0,ACTUAL,VNSTOCK_BRONZE
VNM,LATEST,balance_sheet,BS_ACCRUED_EXPENSES,1910204625860.0,ACTUAL,VNSTOCK_BRONZE
VNM,LATEST,balance_sheet,BS_SHORT_TERM_UNEARNED_REVENUE,263912729.0,ACTUAL,VNSTOCK_BRONZE
VNM,LATEST,balance_sheet,BS_OTHER_PAYABLES,1193900858465.0,ACTUAL,VNSTOCK_BRONZE
VNM,LATEST,balance_sheet,BS_SHORT_TERM_BORROWINGS,8217757172267.0,ACTUAL,VNSTOCK_BRONZE
VNM,LATEST,balance_sheet,BS_SHORT_TERM_PROVISIONS,16770514285.0,ACTUAL,VNSTOCK_BRONZE
VNM,LATEST,balance_sheet,BS_BONUS_AND_WELFARE_FUND,572091525798.0,ACTUAL,VNSTOCK_BRONZE
VNM,LATEST,balance_sheet,BS_LONG_TERM_LIABILITIES,508937364128.0,ACTUAL,VNSTOCK_BRONZE
VNM,LATEST,balance_sheet,BS_LONG_TERM_TRADE_PAYABLES,0.0,ACTUAL,VNSTOCK_BRONZE
VNM,LATEST,balance_sheet,BS_LONG_TERM_ACCRUED_EXPENSES,0.0,ACTUAL,VNSTOCK_BRONZE
VNM,LATEST,balance_sheet,BS_LONG_TERM_UNEARNED_REVENUE,0.0,ACTUAL,VNSTOCK_BRONZE
VNM,LATEST,balance_sheet,BS_OTHER_LONG_TERM_LIABILITIES,1063378252.0,ACTUAL,VNSTOCK_BRONZE
VNM,LATEST,balance_sheet,BS_LONG_TERM_BORROWINGS,238476074100.0,ACTUAL,VNSTOCK_BRONZE
VNM,LATEST,balance_sheet,BS_DEFERRED_TAX_LIABILITIES,269397911776.0,ACTUAL,VNSTOCK_BRONZE
VNM,LATEST,balance_sheet,BS_LONG_TERM_PROVISIONS,0.0,ACTUAL,VNSTOCK_BRONZE
VNM,LATEST,balance_sheet,BS_EQUITY,35025743765470.0,ACTUAL,VNSTOCK_BRONZE
VNM,LATEST,balance_sheet,BS_OWNERS_EQUITY,35025743765470.0,ACTUAL,VNSTOCK_BRONZE
VNM,LATEST,balance_sheet,BS_CHARTER_CAPITAL,20899554450000.0,ACTUAL,VNSTOCK_BRONZE
VNM,LATEST,balance_sheet,BS_CAPITAL_FROM_OWNERS,20899554450000.0,ACTUAL,VNSTOCK_BRONZE
VNM,LATEST,balance_sheet,BS_SHARE_PREMIUM,34110709700.0,ACTUAL,VNSTOCK_BRONZE
VNM,LATEST,balance_sheet,BS_OTHER_CAPITAL,499080803215.0,ACTUAL,VNSTOCK_BRONZE
VNM,LATEST,balance_sheet,BS_TREASURY_SHARES,0.0,ACTUAL,VNSTOCK_BRONZE
VNM,LATEST,balance_sheet,BS_FOREIGN_EXCHANGE_DIFFERENCES,174100152253.0,ACTUAL,VNSTOCK_BRONZE
VNM,LATEST,balance_sheet,BS_INVESTMENT_AND_DEVELOPMENT_FUND,6163736586996.0,ACTUAL,VNSTOCK_BRONZE
VNM,LATEST,balance_sheet,BS_RETAINED_EARNINGS,3926232003987.0,ACTUAL,VNSTOCK_BRONZE
VNM,LATEST,balance_sheet,BS_ACCUMULATED_RETAINED_EARNING_AT_THE_END_OF_THE_PREVIOUS_PERIOD,1068453760015.0,ACTUAL,VNSTOCK_BRONZE
VNM,LATEST,balance_sheet,BS_PROFIT_THIS_PERIOD,2857778243972.0,ACTUAL,VNSTOCK_BRONZE
VNM,LATEST,balance_sheet,BS_MINORITY_INTEREST,3328929059319.0,ACTUAL,VNSTOCK_BRONZE
VNM,LATEST,balance_sheet,BS_TOTAL_LIABILITIES_AND_EQUITY,52673371104460.0,ACTUAL,VNSTOCK_BRONZE
VNM,LATEST,balance_sheet,BS_SHORT_TERM_ASSETS,35013917574413.0,ACTUAL,VNSTOCK_BRONZE
VNM,LATEST,balance_sheet,BS_CASH_AND_PRECIOUS_METALS,1788254863348.0,ACTUAL,VNSTOCK_BRONZE
VNM,LATEST,balance_sheet,BS_CASH,790185177929.0,ACTUAL,VNSTOCK_BRONZE
VNM,LATEST,balance_sheet,BS_CASH_EQUIVALENTS,998069685419.0,ACTUAL,VNSTOCK_BRONZE
VNM,LATEST,balance_sheet,BS_SHORT_TERM_INVESTMENTS,20268129028720.0,ACTUAL,VNSTOCK_BRONZE
VNM,LATEST,balance_sheet,BS_FVTPL_FINANCIAL_ASSETS,1219936817.0,ACTUAL,VNSTOCK_BRONZE
VNM,LATEST,balance_sheet,BS_PROVISIONS_FOR_IMPAIRMENT_LOSS_OF_FINANCIAL_ASSETS_AND_MORTGAGES,-841191857.0,ACTUAL,VNSTOCK_BRONZE
VNM,LATEST,balance_sheet,BS_HELD_TO_MATURITY_SECURITIES,20267750283760.0,ACTUAL,VNSTOCK_BRONZE
VNM,LATEST,balance_sheet,BS_SHORT_TERM_RECEIVABLES,5868614319329.0,ACTUAL,VNSTOCK_BRONZE
VNM,LATEST,balance_sheet,BS_TRADE_RECEIVABLES,4665002106326.0,ACTUAL,VNSTOCK_BRONZE
VNM,LATEST,balance_sheet,BS_PREPAYMENTS_TO_SUPPLIERS,414596137009.0,ACTUAL,VNSTOCK_BRONZE
VNM,LATEST,balance_sheet,BS_SHORT_TERM_LOAN_RECEIVABLES,0.0,ACTUAL,VNSTOCK_BRONZE
VNM,LATEST,balance_sheet,BS_OTHER_RECEIVABLES,804396350441.0,ACTUAL,VNSTOCK_BRONZE
VNM,LATEST,balance_sheet,BS_PROVISION_DOUBTFUL_DEBTS,-15380274447.0,ACTUAL,VNSTOCK_BRONZE
VNM,LATEST,balance_sheet,BS_ASSETS_AWAITING_RESOLUTION,0.0,ACTUAL,VNSTOCK_BRONZE
VNM,LATEST,balance_sheet,BS_INVENTORIES,6780799942377.0,ACTUAL,VNSTOCK_BRONZE
VNM,LATEST,balance_sheet,BS_INVENTORIES_GROSS,6807924664755.0,ACTUAL,VNSTOCK_BRONZE
VNM,LATEST,balance_sheet,BS_PROVISION_INVENTORIES,-27124722378.0,ACTUAL,VNSTOCK_BRONZE
VNM,LATEST,balance_sheet,BS_OTHER_SHORT_TERM_ASSETS,308119420639.0,ACTUAL,VNSTOCK_BRONZE
VNM,LATEST,balance_sheet,BS_SHORT_TERM_PREPAYMENTS,180687460986.0,ACTUAL,VNSTOCK_BRONZE
VNM,LATEST,balance_sheet,BS_DEDUCTIBLE_VALUE_ADDED_TAX,98695074297.0,ACTUAL,VNSTOCK_BRONZE
VNM,LATEST,balance_sheet,BS_TAXES_AND_OTHER_RECEIVABLES_FROM_STATE_AUTHORITIES,28736885356.0,ACTUAL,VNSTOCK_BRONZE
VNM,LATEST,balance_sheet,BS_LONG_TERM_ASSETS,16639952197317.0,ACTUAL,VNSTOCK_BRONZE
VNM,LATEST,balance_sheet,BS_LONG_TERM_RECEIVABLES,16667638485.0,ACTUAL,VNSTOCK_BRONZE
VNM,LATEST,balance_sheet,BS_LONG_TERM_TRADE_RECEIVABLES,0.0,ACTUAL,VNSTOCK_BRONZE
VNM,LATEST,balance_sheet,BS_LONG_TERM_LOAN_RECEIVABLES,0.0,ACTUAL,VNSTOCK_BRONZE
VNM,LATEST,balance_sheet,BS_OTHER_LONG_TERM_RECEIVABLES_LEGACY,16667638485.0,ACTUAL,VNSTOCK_BRONZE
VNM,LATEST,balance_sheet,BS_FIXED_ASSETS,12472420651267.0,ACTUAL,VNSTOCK_BRONZE
VNM,LATEST,balance_sheet,BS_TANGIBLE_FIXED_ASSETS,11408506036685.0,ACTUAL,VNSTOCK_BRONZE
VNM,LATEST,balance_sheet,BS_TANGIBLE_FIXED_ASSETS_COST,31284467715981.0,ACTUAL,VNSTOCK_BRONZE
VNM,LATEST,balance_sheet,BS_TANGIBLE_FIXED_ASSETS_ACCUMULATED_DEPRECIATION,-19875961679296.0,ACTUAL,VNSTOCK_BRONZE
VNM,LATEST,balance_sheet,BS_FINANCE_LEASE_FIXED_ASSETS,0.0,ACTUAL,VNSTOCK_BRONZE
VNM,LATEST,balance_sheet,BS_FINANCE_LEASE_FIXED_ASSETS_COST,0.0,ACTUAL,VNSTOCK_BRONZE
VNM,LATEST,balance_sheet,BS_FINANCE_LEASE_FIXED_ASSETS_ACCUMULATED_DEPRECIATION,-0.0,ACTUAL,VNSTOCK_BRONZE
VNM,LATEST,balance_sheet,BS_INTANGIBLE_FIXED_ASSETS,1063914614582.0,ACTUAL,VNSTOCK_BRONZE
VNM,LATEST,balance_sheet,BS_INTANGIBLE_FIXED_ASSETS_COST,1449200413295.0,ACTUAL,VNSTOCK_BRONZE
VNM,LATEST,balance_sheet,BS_INTANGIBLE_FIXED_ASSETS_ACCUMULATED_DEPRECIATION,-385285798713.0,ACTUAL,VNSTOCK_BRONZE
VNM,LATEST,balance_sheet,BS_INVESTMENT_PROPERTIES,55100064084.0,ACTUAL,VNSTOCK_BRONZE
VNM,LATEST,balance_sheet,BS_INVESTMENT_PROPERTIES_COST,98822678885.0,ACTUAL,VNSTOCK_BRONZE
VNM,LATEST,balance_sheet,BS_INVESTMENT_PROPERTIES_ACCUMULATED_DEPRECIATION,-43722614801.0,ACTUAL,VNSTOCK_BRONZE
VNM,LATEST,balance_sheet,BS_CONSTRUCTION_IN_PROGRESS,1288192003791.0,ACTUAL,VNSTOCK_BRONZE
VNM,LATEST,balance_sheet,BS_LONG_TERM_PRODUCTION_IN_PROGRESS,370453470274.0,ACTUAL,VNSTOCK_BRONZE
VNM,LATEST,balance_sheet,BS_CAPITAL_CONSTRUCTION_IN_PROGRESS,917738533517.0,ACTUAL,VNSTOCK_BRONZE
VNM,LATEST,balance_sheet,BS_LONG_TERM_INVESTMENTS,691579094274.0,ACTUAL,VNSTOCK_BRONZE
VNM,LATEST,balance_sheet,BS_INVESTMENTS_IN_JOINT_VENTURES,612917225861.0,ACTUAL,VNSTOCK_BRONZE
VNM,LATEST,balance_sheet,BS_OTHER_LONG_TERM_INVESTMENTS,101994859081.0,ACTUAL,VNSTOCK_BRONZE
VNM,LATEST,balance_sheet,BS_PROVISION_LONG_TERM_INVESTMENTS,-23582690668.0,ACTUAL,VNSTOCK_BRONZE
VNM,LATEST,balance_sheet,BS_HELD_TO_MATURITY_INVESTMENTS,249700000.0,ACTUAL,VNSTOCK_BRONZE
VNM,LATEST,balance_sheet,BS_OTHER_LONG_TERM_ASSETS,2115992745416.0,ACTUAL,VNSTOCK_BRONZE
VNM,LATEST,balance_sheet,BS_LONG_TERM_PREPAYMENTS,834078714989.0,ACTUAL,VNSTOCK_BRONZE
VNM,LATEST,balance_sheet,BS_DEFERRED_TAX_ASSETS,21371399296.0,ACTUAL,VNSTOCK_BRONZE
VNM,LATEST,balance_sheet,BS_LONG_TERM_EQUIPMENT_SUPPLIES_SPARE_PARTS,0.0,ACTUAL,VNSTOCK_BRONZE
VNM,LATEST,balance_sheet,BS_OTHER_LONG_TERM_ASSETS_DETAIL,0.0,ACTUAL,VNSTOCK_BRONZE
VNM,LATEST,balance_sheet,BS_GOODWILL,1260542631131.0,ACTUAL,VNSTOCK_BRONZE
VNM,LATEST,balance_sheet,BS_TOTAL_ASSETS,51653869771730.0,ACTUAL,VNSTOCK_BRONZE
VNM,LATEST,balance_sheet,BS_TOTAL_LIABILITIES,15786279136236.0,ACTUAL,VNSTOCK_BRONZE
VNM,LATEST,balance_sheet,BS_SHORT_TERM_LIABILITIES,15294387986523.0,ACTUAL,VNSTOCK_BRONZE
VNM,LATEST,balance_sheet,BS_GOVERNMENT_BOND_REPURCHASE_TRANSACTIONS,0.0,ACTUAL,VNSTOCK_BRONZE
VNM,LATEST,balance_sheet,BS_TRADE_ACCOUNTS_PAYABLE,3747004143067.0,ACTUAL,VNSTOCK_BRONZE
VNM,LATEST,balance_sheet,BS_ADVANCES_FROM_CUSTOMERS,148395646131.0,ACTUAL,VNSTOCK_BRONZE
VNM,LATEST,balance_sheet,BS_TAXES_AND_OTHER_PAYABLES_TO_STATE_AUTHORITIES,624709361553.0,ACTUAL,VNSTOCK_BRONZE
VNM,LATEST,balance_sheet,BS_PAYABLE_TO_EMPLOYEES,227297262815.0,ACTUAL,VNSTOCK_BRONZE
VNM,LATEST,balance_sheet,BS_ACCRUED_EXPENSES,1628118782154.0,ACTUAL,VNSTOCK_BRONZE
VNM,LATEST,balance_sheet,BS_SHORT_TERM_UNEARNED_REVENUE,153774548.0,ACTUAL,VNSTOCK_BRONZE
VNM,LATEST,balance_sheet,BS_OTHER_PAYABLES,2017634433378.0,ACTUAL,VNSTOCK_BRONZE
VNM,LATEST,balance_sheet,BS_SHORT_TERM_BORROWINGS,6616831614710.0,ACTUAL,VNSTOCK_BRONZE
VNM,LATEST,balance_sheet,BS_SHORT_TERM_PROVISIONS,17114756145.0,ACTUAL,VNSTOCK_BRONZE
VNM,LATEST,balance_sheet,BS_BONUS_AND_WELFARE_FUND,267128212022.0,ACTUAL,VNSTOCK_BRONZE
VNM,LATEST,balance_sheet,BS_LONG_TERM_LIABILITIES,491891149713.0,ACTUAL,VNSTOCK_BRONZE
VNM,LATEST,balance_sheet,BS_LONG_TERM_TRADE_PAYABLES,0.0,ACTUAL,VNSTOCK_BRONZE
VNM,LATEST,balance_sheet,BS_LONG_TERM_ACCRUED_EXPENSES,0.0,ACTUAL,VNSTOCK_BRONZE
VNM,LATEST,balance_sheet,BS_LONG_TERM_UNEARNED_REVENUE,0.0,ACTUAL,VNSTOCK_BRONZE
VNM,LATEST,balance_sheet,BS_OTHER_LONG_TERM_LIABILITIES,1014955024.0,ACTUAL,VNSTOCK_BRONZE
VNM,LATEST,balance_sheet,BS_LONG_TERM_BORROWINGS,211808624280.0,ACTUAL,VNSTOCK_BRONZE
VNM,LATEST,balance_sheet,BS_DEFERRED_TAX_LIABILITIES,279067570409.0,ACTUAL,VNSTOCK_BRONZE
VNM,LATEST,balance_sheet,BS_LONG_TERM_PROVISIONS,0.0,ACTUAL,VNSTOCK_BRONZE
VNM,LATEST,balance_sheet,BS_EQUITY,35867590635494.0,ACTUAL,VNSTOCK_BRONZE
VNM,LATEST,balance_sheet,BS_OWNERS_EQUITY,35867590635494.0,ACTUAL,VNSTOCK_BRONZE
VNM,LATEST,balance_sheet,BS_CHARTER_CAPITAL,20899554450000.0,ACTUAL,VNSTOCK_BRONZE
VNM,LATEST,balance_sheet,BS_CAPITAL_FROM_OWNERS,20899554450000.0,ACTUAL,VNSTOCK_BRONZE
VNM,LATEST,balance_sheet,BS_SHARE_PREMIUM,34110709700.0,ACTUAL,VNSTOCK_BRONZE
VNM,LATEST,balance_sheet,BS_OTHER_CAPITAL,499080803215.0,ACTUAL,VNSTOCK_BRONZE
VNM,LATEST,balance_sheet,BS_TREASURY_SHARES,0.0,ACTUAL,VNSTOCK_BRONZE
VNM,LATEST,balance_sheet,BS_FOREIGN_EXCHANGE_DIFFERENCES,239640995064.0,ACTUAL,VNSTOCK_BRONZE
VNM,LATEST,balance_sheet,BS_INVESTMENT_AND_DEVELOPMENT_FUND,6365526939523.0,ACTUAL,VNSTOCK_BRONZE
VNM,LATEST,balance_sheet,BS_RETAINED_EARNINGS,3816256605162.0,ACTUAL,VNSTOCK_BRONZE
VNM,LATEST,balance_sheet,BS_ACCUMULATED_RETAINED_EARNING_AT_THE_END_OF_THE_PREVIOUS_PERIOD,2045272103489.0,ACTUAL,VNSTOCK_BRONZE
VNM,LATEST,balance_sheet,BS_PROFIT_THIS_PERIOD,1770984501673.0,ACTUAL,VNSTOCK_BRONZE
VNM,LATEST,balance_sheet,BS_MINORITY_INTEREST,4013420132830.0,ACTUAL,VNSTOCK_BRONZE
VNM,LATEST,balance_sheet,BS_TOTAL_LIABILITIES_AND_EQUITY,51653869771730.0,ACTUAL,VNSTOCK_BRONZE
VNM,LATEST,balance_sheet,BS_SHORT_TERM_ASSETS,37332761258942.0,ACTUAL,VNSTOCK_BRONZE
VNM,LATEST,balance_sheet,BS_CASH_AND_PRECIOUS_METALS,1198562887528.0,ACTUAL,VNSTOCK_BRONZE
VNM,LATEST,balance_sheet,BS_CASH,1018562887528.0,ACTUAL,VNSTOCK_BRONZE
VNM,LATEST,balance_sheet,BS_CASH_EQUIVALENTS,180000000000.0,ACTUAL,VNSTOCK_BRONZE
VNM,LATEST,balance_sheet,BS_SHORT_TERM_INVESTMENTS,23030876331498.0,ACTUAL,VNSTOCK_BRONZE
VNM,LATEST,balance_sheet,BS_FVTPL_FINANCIAL_ASSETS,1244511435.0,ACTUAL,VNSTOCK_BRONZE
VNM,LATEST,balance_sheet,BS_PROVISIONS_FOR_IMPAIRMENT_LOSS_OF_FINANCIAL_ASSETS_AND_MORTGAGES,-876198857.0,ACTUAL,VNSTOCK_BRONZE
VNM,LATEST,balance_sheet,BS_HELD_TO_MATURITY_SECURITIES,23030508018920.0,ACTUAL,VNSTOCK_BRONZE
VNM,LATEST,balance_sheet,BS_SHORT_TERM_RECEIVABLES,6344861898250.0,ACTUAL,VNSTOCK_BRONZE
VNM,LATEST,balance_sheet,BS_TRADE_RECEIVABLES,5132578641172.0,ACTUAL,VNSTOCK_BRONZE
VNM,LATEST,balance_sheet,BS_PREPAYMENTS_TO_SUPPLIERS,339915869823.0,ACTUAL,VNSTOCK_BRONZE
VNM,LATEST,balance_sheet,BS_SHORT_TERM_LOAN_RECEIVABLES,0.0,ACTUAL,VNSTOCK_BRONZE
VNM,LATEST,balance_sheet,BS_OTHER_RECEIVABLES,888386893836.0,ACTUAL,VNSTOCK_BRONZE
VNM,LATEST,balance_sheet,BS_PROVISION_DOUBTFUL_DEBTS,-16019506581.0,ACTUAL,VNSTOCK_BRONZE
VNM,LATEST,balance_sheet,BS_ASSETS_AWAITING_RESOLUTION,0.0,ACTUAL,VNSTOCK_BRONZE
VNM,LATEST,balance_sheet,BS_INVENTORIES,6524270542824.0,ACTUAL,VNSTOCK_BRONZE
VNM,LATEST,balance_sheet,BS_INVENTORIES_GROSS,6551775627864.0,ACTUAL,VNSTOCK_BRONZE
VNM,LATEST,balance_sheet,BS_PROVISION_INVENTORIES,-27505085040.0,ACTUAL,VNSTOCK_BRONZE
VNM,LATEST,balance_sheet,BS_OTHER_SHORT_TERM_ASSETS,234189598842.0,ACTUAL,VNSTOCK_BRONZE
VNM,LATEST,balance_sheet,BS_SHORT_TERM_PREPAYMENTS,118461756717.0,ACTUAL,VNSTOCK_BRONZE
VNM,LATEST,balance_sheet,BS_DEDUCTIBLE_VALUE_ADDED_TAX,104003131472.0,ACTUAL,VNSTOCK_BRONZE
VNM,LATEST,balance_sheet,BS_TAXES_AND_OTHER_RECEIVABLES_FROM_STATE_AUTHORITIES,11724710653.0,ACTUAL,VNSTOCK_BRONZE
VNM,LATEST,balance_sheet,BS_LONG_TERM_ASSETS,16861192929052.0,ACTUAL,VNSTOCK_BRONZE
VNM,LATEST,balance_sheet,BS_LONG_TERM_RECEIVABLES,17417281595.0,ACTUAL,VNSTOCK_BRONZE
VNM,LATEST,balance_sheet,BS_LONG_TERM_TRADE_RECEIVABLES,586937810.0,ACTUAL,VNSTOCK_BRONZE
VNM,LATEST,balance_sheet,BS_LONG_TERM_LOAN_RECEIVABLES,0.0,ACTUAL,VNSTOCK_BRONZE
VNM,LATEST,balance_sheet,BS_OTHER_LONG_TERM_RECEIVABLES_LEGACY,16830343785.0,ACTUAL,VNSTOCK_BRONZE
VNM,LATEST,balance_sheet,BS_FIXED_ASSETS,12295719976946.0,ACTUAL,VNSTOCK_BRONZE
VNM,LATEST,balance_sheet,BS_TANGIBLE_FIXED_ASSETS,11241859913088.0,ACTUAL,VNSTOCK_BRONZE
VNM,LATEST,balance_sheet,BS_TANGIBLE_FIXED_ASSETS_COST,31544517165184.0,ACTUAL,VNSTOCK_BRONZE
VNM,LATEST,balance_sheet,BS_TANGIBLE_FIXED_ASSETS_ACCUMULATED_DEPRECIATION,-20302657252096.0,ACTUAL,VNSTOCK_BRONZE
VNM,LATEST,balance_sheet,BS_FINANCE_LEASE_FIXED_ASSETS,0.0,ACTUAL,VNSTOCK_BRONZE
VNM,LATEST,balance_sheet,BS_FINANCE_LEASE_FIXED_ASSETS_COST,0.0,ACTUAL,VNSTOCK_BRONZE
VNM,LATEST,balance_sheet,BS_FINANCE_LEASE_FIXED_ASSETS_ACCUMULATED_DEPRECIATION,-0.0,ACTUAL,VNSTOCK_BRONZE
VNM,LATEST,balance_sheet,BS_INTANGIBLE_FIXED_ASSETS,1053860063858.0,ACTUAL,VNSTOCK_BRONZE
VNM,LATEST,balance_sheet,BS_INTANGIBLE_FIXED_ASSETS_COST,1456499627899.0,ACTUAL,VNSTOCK_BRONZE
VNM,LATEST,balance_sheet,BS_INTANGIBLE_FIXED_ASSETS_ACCUMULATED_DEPRECIATION,-402639564041.0,ACTUAL,VNSTOCK_BRONZE
VNM,LATEST,balance_sheet,BS_INVESTMENT_PROPERTIES,54605973774.0,ACTUAL,VNSTOCK_BRONZE
VNM,LATEST,balance_sheet,BS_INVESTMENT_PROPERTIES_COST,98822678885.0,ACTUAL,VNSTOCK_BRONZE
VNM,LATEST,balance_sheet,BS_INVESTMENT_PROPERTIES_ACCUMULATED_DEPRECIATION,-44216705111.0,ACTUAL,VNSTOCK_BRONZE
VNM,LATEST,balance_sheet,BS_CONSTRUCTION_IN_PROGRESS,1633388249708.0,ACTUAL,VNSTOCK_BRONZE
VNM,LATEST,balance_sheet,BS_LONG_TERM_PRODUCTION_IN_PROGRESS,403991366990.0,ACTUAL,VNSTOCK_BRONZE
VNM,LATEST,balance_sheet,BS_CAPITAL_CONSTRUCTION_IN_PROGRESS,1229396882718.0,ACTUAL,VNSTOCK_BRONZE
VNM,LATEST,balance_sheet,BS_LONG_TERM_INVESTMENTS,831442109832.0,ACTUAL,VNSTOCK_BRONZE
VNM,LATEST,balance_sheet,BS_INVESTMENTS_IN_JOINT_VENTURES,614457103419.0,ACTUAL,VNSTOCK_BRONZE
VNM,LATEST,balance_sheet,BS_OTHER_LONG_TERM_INVESTMENTS,102012967081.0,ACTUAL,VNSTOCK_BRONZE
VNM,LATEST,balance_sheet,BS_PROVISION_LONG_TERM_INVESTMENTS,-23582690668.0,ACTUAL,VNSTOCK_BRONZE
VNM,LATEST,balance_sheet,BS_HELD_TO_MATURITY_INVESTMENTS,138554730000.0,ACTUAL,VNSTOCK_BRONZE
VNM,LATEST,balance_sheet,BS_OTHER_LONG_TERM_ASSETS,2028619337197.0,ACTUAL,VNSTOCK_BRONZE
VNM,LATEST,balance_sheet,BS_LONG_TERM_PREPAYMENTS,818508689475.0,ACTUAL,VNSTOCK_BRONZE
VNM,LATEST,balance_sheet,BS_DEFERRED_TAX_ASSETS,10953045397.0,ACTUAL,VNSTOCK_BRONZE
VNM,LATEST,balance_sheet,BS_LONG_TERM_EQUIPMENT_SUPPLIES_SPARE_PARTS,0.0,ACTUAL,VNSTOCK_BRONZE
VNM,LATEST,balance_sheet,BS_OTHER_LONG_TERM_ASSETS_DETAIL,0.0,ACTUAL,VNSTOCK_BRONZE
VNM,LATEST,balance_sheet,BS_GOODWILL,1199157602325.0,ACTUAL,VNSTOCK_BRONZE
VNM,LATEST,balance_sheet,BS_TOTAL_ASSETS,54193954187994.0,ACTUAL,VNSTOCK_BRONZE
VNM,LATEST,balance_sheet,BS_TOTAL_LIABILITIES,15856506854537.0,ACTUAL,VNSTOCK_BRONZE
VNM,LATEST,balance_sheet,BS_SHORT_TERM_LIABILITIES,15403310205136.0,ACTUAL,VNSTOCK_BRONZE
VNM,LATEST,balance_sheet,BS_GOVERNMENT_BOND_REPURCHASE_TRANSACTIONS,0.0,ACTUAL,VNSTOCK_BRONZE
VNM,LATEST,balance_sheet,BS_TRADE_ACCOUNTS_PAYABLE,3726118323902.0,ACTUAL,VNSTOCK_BRONZE
VNM,LATEST,balance_sheet,BS_ADVANCES_FROM_CUSTOMERS,97078241927.0,ACTUAL,VNSTOCK_BRONZE
VNM,LATEST,balance_sheet,BS_TAXES_AND_OTHER_PAYABLES_TO_STATE_AUTHORITIES,1021356636299.0,ACTUAL,VNSTOCK_BRONZE
VNM,LATEST,balance_sheet,BS_PAYABLE_TO_EMPLOYEES,236955555043.0,ACTUAL,VNSTOCK_BRONZE
VNM,LATEST,balance_sheet,BS_ACCRUED_EXPENSES,1896467692813.0,ACTUAL,VNSTOCK_BRONZE
VNM,LATEST,balance_sheet,BS_SHORT_TERM_UNEARNED_REVENUE,220276367.0,ACTUAL,VNSTOCK_BRONZE
VNM,LATEST,balance_sheet,BS_OTHER_PAYABLES,103374886454.0,ACTUAL,VNSTOCK_BRONZE
VNM,LATEST,balance_sheet,BS_SHORT_TERM_BORROWINGS,7794314406895.0,ACTUAL,VNSTOCK_BRONZE
VNM,LATEST,balance_sheet,BS_SHORT_TERM_PROVISIONS,18092431864.0,ACTUAL,VNSTOCK_BRONZE
VNM,LATEST,balance_sheet,BS_BONUS_AND_WELFARE_FUND,509331753572.0,ACTUAL,VNSTOCK_BRONZE
VNM,LATEST,balance_sheet,BS_LONG_TERM_LIABILITIES,453196649401.0,ACTUAL,VNSTOCK_BRONZE
VNM,LATEST,balance_sheet,BS_LONG_TERM_TRADE_PAYABLES,0.0,ACTUAL,VNSTOCK_BRONZE
VNM,LATEST,balance_sheet,BS_LONG_TERM_ACCRUED_EXPENSES,0.0,ACTUAL,VNSTOCK_BRONZE
VNM,LATEST,balance_sheet,BS_LONG_TERM_UNEARNED_REVENUE,0.0,ACTUAL,VNSTOCK_BRONZE
VNM,LATEST,balance_sheet,BS_OTHER_LONG_TERM_LIABILITIES,1053955024.0,ACTUAL,VNSTOCK_BRONZE
VNM,LATEST,balance_sheet,BS_LONG_TERM_BORROWINGS,183388966131.0,ACTUAL,VNSTOCK_BRONZE
VNM,LATEST,balance_sheet,BS_DEFERRED_TAX_LIABILITIES,268753728246.0,ACTUAL,VNSTOCK_BRONZE
VNM,LATEST,balance_sheet,BS_LONG_TERM_PROVISIONS,0.0,ACTUAL,VNSTOCK_BRONZE
VNM,LATEST,balance_sheet,BS_EQUITY,38337447333457.0,ACTUAL,VNSTOCK_BRONZE
VNM,LATEST,balance_sheet,BS_OWNERS_EQUITY,38337447333457.0,ACTUAL,VNSTOCK_BRONZE
VNM,LATEST,balance_sheet,BS_CHARTER_CAPITAL,20899554450000.0,ACTUAL,VNSTOCK_BRONZE
VNM,LATEST,balance_sheet,BS_CAPITAL_FROM_OWNERS,20899554450000.0,ACTUAL,VNSTOCK_BRONZE
VNM,LATEST,balance_sheet,BS_SHARE_PREMIUM,34110709700.0,ACTUAL,VNSTOCK_BRONZE
VNM,LATEST,balance_sheet,BS_OTHER_CAPITAL,499080803215.0,ACTUAL,VNSTOCK_BRONZE
VNM,LATEST,balance_sheet,BS_TREASURY_SHARES,0.0,ACTUAL,VNSTOCK_BRONZE
VNM,LATEST,balance_sheet,BS_FOREIGN_EXCHANGE_DIFFERENCES,288087079741.0,ACTUAL,VNSTOCK_BRONZE
VNM,LATEST,balance_sheet,BS_INVESTMENT_AND_DEVELOPMENT_FUND,6624903112567.0,ACTUAL,VNSTOCK_BRONZE
VNM,LATEST,balance_sheet,BS_RETAINED_EARNINGS,6000389351529.0,ACTUAL,VNSTOCK_BRONZE
VNM,LATEST,balance_sheet,BS_ACCUMULATED_RETAINED_EARNING_AT_THE_END_OF_THE_PREVIOUS_PERIOD,2119827673659.0,ACTUAL,VNSTOCK_BRONZE
VNM,LATEST,balance_sheet,BS_PROFIT_THIS_PERIOD,3880561677870.0,ACTUAL,VNSTOCK_BRONZE
VNM,LATEST,balance_sheet,BS_MINORITY_INTEREST,3991321826705.0,ACTUAL,VNSTOCK_BRONZE
VNM,LATEST,balance_sheet,BS_TOTAL_LIABILITIES_AND_EQUITY,54193954187994.0,ACTUAL,VNSTOCK_BRONZE
VNM,LATEST,balance_sheet,BS_SHORT_TERM_ASSETS,40582371278735.0,ACTUAL,VNSTOCK_BRONZE
VNM,LATEST,balance_sheet,BS_CASH_AND_PRECIOUS_METALS,2616234711174.0,ACTUAL,VNSTOCK_BRONZE
VNM,LATEST,balance_sheet,BS_CASH,1421234711174.0,ACTUAL,VNSTOCK_BRONZE
VNM,LATEST,balance_sheet,BS_CASH_EQUIVALENTS,1195000000000.0,ACTUAL,VNSTOCK_BRONZE
VNM,LATEST,balance_sheet,BS_SHORT_TERM_INVESTMENTS,25982843560980.0,ACTUAL,VNSTOCK_BRONZE
VNM,LATEST,balance_sheet,BS_FVTPL_FINANCIAL_ASSETS,1208699914.0,ACTUAL,VNSTOCK_BRONZE
VNM,LATEST,balance_sheet,BS_PROVISIONS_FOR_IMPAIRMENT_LOSS_OF_FINANCIAL_ASSETS_AND_MORTGAGES,-850984254.0,ACTUAL,VNSTOCK_BRONZE
VNM,LATEST,balance_sheet,BS_HELD_TO_MATURITY_SECURITIES,25982485845320.0,ACTUAL,VNSTOCK_BRONZE
VNM,LATEST,balance_sheet,BS_SHORT_TERM_RECEIVABLES,5606208371600.0,ACTUAL,VNSTOCK_BRONZE
VNM,LATEST,balance_sheet,BS_TRADE_RECEIVABLES,4528319895015.0,ACTUAL,VNSTOCK_BRONZE
VNM,LATEST,balance_sheet,BS_PREPAYMENTS_TO_SUPPLIERS,367957536152.0,ACTUAL,VNSTOCK_BRONZE
VNM,LATEST,balance_sheet,BS_SHORT_TERM_LOAN_RECEIVABLES,0.0,ACTUAL,VNSTOCK_BRONZE
VNM,LATEST,balance_sheet,BS_OTHER_RECEIVABLES,727521840281.0,ACTUAL,VNSTOCK_BRONZE
VNM,LATEST,balance_sheet,BS_PROVISION_DOUBTFUL_DEBTS,-17590899848.0,ACTUAL,VNSTOCK_BRONZE
VNM,LATEST,balance_sheet,BS_ASSETS_AWAITING_RESOLUTION,0.0,ACTUAL,VNSTOCK_BRONZE
VNM,LATEST,balance_sheet,BS_INVENTORIES,6103016741628.0,ACTUAL,VNSTOCK_BRONZE
VNM,LATEST,balance_sheet,BS_INVENTORIES_GROSS,6131878698983.0,ACTUAL,VNSTOCK_BRONZE
VNM,LATEST,balance_sheet,BS_PROVISION_INVENTORIES,-28861957355.0,ACTUAL,VNSTOCK_BRONZE
VNM,LATEST,balance_sheet,BS_OTHER_SHORT_TERM_ASSETS,274067893353.0,ACTUAL,VNSTOCK_BRONZE
VNM,LATEST,balance_sheet,BS_SHORT_TERM_PREPAYMENTS,138205060489.0,ACTUAL,VNSTOCK_BRONZE
VNM,LATEST,balance_sheet,BS_DEDUCTIBLE_VALUE_ADDED_TAX,121445552421.0,ACTUAL,VNSTOCK_BRONZE
VNM,LATEST,balance_sheet,BS_TAXES_AND_OTHER_RECEIVABLES_FROM_STATE_AUTHORITIES,14417280443.0,ACTUAL,VNSTOCK_BRONZE
VNM,LATEST,balance_sheet,BS_LONG_TERM_ASSETS,17094709027717.0,ACTUAL,VNSTOCK_BRONZE
VNM,LATEST,balance_sheet,BS_LONG_TERM_RECEIVABLES,16564396401.0,ACTUAL,VNSTOCK_BRONZE
VNM,LATEST,balance_sheet,BS_LONG_TERM_TRADE_RECEIVABLES,558683712.0,ACTUAL,VNSTOCK_BRONZE
VNM,LATEST,balance_sheet,BS_LONG_TERM_LOAN_RECEIVABLES,0.0,ACTUAL,VNSTOCK_BRONZE
VNM,LATEST,balance_sheet,BS_OTHER_LONG_TERM_RECEIVABLES_LEGACY,16005712689.0,ACTUAL,VNSTOCK_BRONZE
VNM,LATEST,balance_sheet,BS_FIXED_ASSETS,11854249093819.0,ACTUAL,VNSTOCK_BRONZE
VNM,LATEST,balance_sheet,BS_TANGIBLE_FIXED_ASSETS,10824566055589.0,ACTUAL,VNSTOCK_BRONZE
VNM,LATEST,balance_sheet,BS_TANGIBLE_FIXED_ASSETS_COST,31567570757845.0,ACTUAL,VNSTOCK_BRONZE
VNM,LATEST,balance_sheet,BS_TANGIBLE_FIXED_ASSETS_ACCUMULATED_DEPRECIATION,-20743004702256.0,ACTUAL,VNSTOCK_BRONZE
VNM,LATEST,balance_sheet,BS_FINANCE_LEASE_FIXED_ASSETS,0.0,ACTUAL,VNSTOCK_BRONZE
VNM,LATEST,balance_sheet,BS_FINANCE_LEASE_FIXED_ASSETS_COST,0.0,ACTUAL,VNSTOCK_BRONZE
VNM,LATEST,balance_sheet,BS_FINANCE_LEASE_FIXED_ASSETS_ACCUMULATED_DEPRECIATION,-0.0,ACTUAL,VNSTOCK_BRONZE
VNM,LATEST,balance_sheet,BS_INTANGIBLE_FIXED_ASSETS,1029683038230.0,ACTUAL,VNSTOCK_BRONZE
VNM,LATEST,balance_sheet,BS_INTANGIBLE_FIXED_ASSETS_COST,1447354968775.0,ACTUAL,VNSTOCK_BRONZE
VNM,LATEST,balance_sheet,BS_INTANGIBLE_FIXED_ASSETS_ACCUMULATED_DEPRECIATION,-417671930545.0,ACTUAL,VNSTOCK_BRONZE
VNM,LATEST,balance_sheet,BS_INVESTMENT_PROPERTIES,54111883464.0,ACTUAL,VNSTOCK_BRONZE
VNM,LATEST,balance_sheet,BS_INVESTMENT_PROPERTIES_COST,98822678885.0,ACTUAL,VNSTOCK_BRONZE
VNM,LATEST,balance_sheet,BS_INVESTMENT_PROPERTIES_ACCUMULATED_DEPRECIATION,-44710795421.0,ACTUAL,VNSTOCK_BRONZE
VNM,LATEST,balance_sheet,BS_CONSTRUCTION_IN_PROGRESS,1925682622540.0,ACTUAL,VNSTOCK_BRONZE
VNM,LATEST,balance_sheet,BS_LONG_TERM_PRODUCTION_IN_PROGRESS,444579427740.0,ACTUAL,VNSTOCK_BRONZE
VNM,LATEST,balance_sheet,BS_CAPITAL_CONSTRUCTION_IN_PROGRESS,1481103194800.0,ACTUAL,VNSTOCK_BRONZE
VNM,LATEST,balance_sheet,BS_LONG_TERM_INVESTMENTS,1279281871385.0,ACTUAL,VNSTOCK_BRONZE
VNM,LATEST,balance_sheet,BS_INVESTMENTS_IN_JOINT_VENTURES,608097682972.0,ACTUAL,VNSTOCK_BRONZE
VNM,LATEST,balance_sheet,BS_OTHER_LONG_TERM_INVESTMENTS,94519479081.0,ACTUAL,VNSTOCK_BRONZE
VNM,LATEST,balance_sheet,BS_PROVISION_LONG_TERM_INVESTMENTS,-23582690668.0,ACTUAL,VNSTOCK_BRONZE
VNM,LATEST,balance_sheet,BS_HELD_TO_MATURITY_INVESTMENTS,600247400000.0,ACTUAL,VNSTOCK_BRONZE
VNM,LATEST,balance_sheet,BS_OTHER_LONG_TERM_ASSETS,1964819160108.0,ACTUAL,VNSTOCK_BRONZE
VNM,LATEST,balance_sheet,BS_LONG_TERM_PREPAYMENTS,794384673697.0,ACTUAL,VNSTOCK_BRONZE
VNM,LATEST,balance_sheet,BS_DEFERRED_TAX_ASSETS,32117091872.0,ACTUAL,VNSTOCK_BRONZE
VNM,LATEST,balance_sheet,BS_LONG_TERM_EQUIPMENT_SUPPLIES_SPARE_PARTS,0.0,ACTUAL,VNSTOCK_BRONZE
VNM,LATEST,balance_sheet,BS_OTHER_LONG_TERM_ASSETS_DETAIL,0.0,ACTUAL,VNSTOCK_BRONZE
VNM,LATEST,balance_sheet,BS_GOODWILL,1138317394539.0,ACTUAL,VNSTOCK_BRONZE
VNM,LATEST,balance_sheet,BS_TOTAL_ASSETS,57677080306452.0,ACTUAL,VNSTOCK_BRONZE
VNM,LATEST,balance_sheet,BS_TOTAL_LIABILITIES,22432804394570.0,ACTUAL,VNSTOCK_BRONZE
VNM,LATEST,balance_sheet,BS_SHORT_TERM_LIABILITIES,22021271584074.0,ACTUAL,VNSTOCK_BRONZE
VNM,LATEST,balance_sheet,BS_GOVERNMENT_BOND_REPURCHASE_TRANSACTIONS,0.0,ACTUAL,VNSTOCK_BRONZE
VNM,LATEST,balance_sheet,BS_TRADE_ACCOUNTS_PAYABLE,3667238741508.0,ACTUAL,VNSTOCK_BRONZE
VNM,LATEST,balance_sheet,BS_ADVANCES_FROM_CUSTOMERS,146441611517.0,ACTUAL,VNSTOCK_BRONZE
VNM,LATEST,balance_sheet,BS_TAXES_AND_OTHER_PAYABLES_TO_STATE_AUTHORITIES,1944903845495.0,ACTUAL,VNSTOCK_BRONZE
VNM,LATEST,balance_sheet,BS_PAYABLE_TO_EMPLOYEES,266678425215.0,ACTUAL,VNSTOCK_BRONZE
VNM,LATEST,balance_sheet,BS_ACCRUED_EXPENSES,1857280909375.0,ACTUAL,VNSTOCK_BRONZE
VNM,LATEST,balance_sheet,BS_SHORT_TERM_UNEARNED_REVENUE,110138186.0,ACTUAL,VNSTOCK_BRONZE
VNM,LATEST,balance_sheet,BS_OTHER_PAYABLES,5257235831829.0,ACTUAL,VNSTOCK_BRONZE
VNM,LATEST,balance_sheet,BS_SHORT_TERM_BORROWINGS,8291496866090.0,ACTUAL,VNSTOCK_BRONZE
VNM,LATEST,balance_sheet,BS_SHORT_TERM_PROVISIONS,9407036844.0,ACTUAL,VNSTOCK_BRONZE
VNM,LATEST,balance_sheet,BS_BONUS_AND_WELFARE_FUND,580478178015.0,ACTUAL,VNSTOCK_BRONZE
VNM,LATEST,balance_sheet,BS_LONG_TERM_LIABILITIES,411532810496.0,ACTUAL,VNSTOCK_BRONZE
VNM,LATEST,balance_sheet,BS_LONG_TERM_TRADE_PAYABLES,0.0,ACTUAL,VNSTOCK_BRONZE
VNM,LATEST,balance_sheet,BS_LONG_TERM_ACCRUED_EXPENSES,0.0,ACTUAL,VNSTOCK_BRONZE
VNM,LATEST,balance_sheet,BS_LONG_TERM_UNEARNED_REVENUE,0.0,ACTUAL,VNSTOCK_BRONZE
VNM,LATEST,balance_sheet,BS_OTHER_LONG_TERM_LIABILITIES,1371031924.0,ACTUAL,VNSTOCK_BRONZE
VNM,LATEST,balance_sheet,BS_LONG_TERM_BORROWINGS,157809038000.0,ACTUAL,VNSTOCK_BRONZE
VNM,LATEST,balance_sheet,BS_DEFERRED_TAX_LIABILITIES,252352740572.0,ACTUAL,VNSTOCK_BRONZE
VNM,LATEST,balance_sheet,BS_LONG_TERM_PROVISIONS,0.0,ACTUAL,VNSTOCK_BRONZE
VNM,LATEST,balance_sheet,BS_EQUITY,35244275911882.0,ACTUAL,VNSTOCK_BRONZE
VNM,LATEST,balance_sheet,BS_OWNERS_EQUITY,35244275911882.0,ACTUAL,VNSTOCK_BRONZE
VNM,LATEST,balance_sheet,BS_CHARTER_CAPITAL,20899554450000.0,ACTUAL,VNSTOCK_BRONZE
VNM,LATEST,balance_sheet,BS_CAPITAL_FROM_OWNERS,20899554450000.0,ACTUAL,VNSTOCK_BRONZE
VNM,LATEST,balance_sheet,BS_SHARE_PREMIUM,34110709700.0,ACTUAL,VNSTOCK_BRONZE
VNM,LATEST,balance_sheet,BS_OTHER_CAPITAL,499080803215.0,ACTUAL,VNSTOCK_BRONZE
VNM,LATEST,balance_sheet,BS_TREASURY_SHARES,0.0,ACTUAL,VNSTOCK_BRONZE
VNM,LATEST,balance_sheet,BS_FOREIGN_EXCHANGE_DIFFERENCES,205025209067.0,ACTUAL,VNSTOCK_BRONZE
VNM,LATEST,balance_sheet,BS_INVESTMENT_AND_DEVELOPMENT_FUND,6863056624805.0,ACTUAL,VNSTOCK_BRONZE
VNM,LATEST,balance_sheet,BS_RETAINED_EARNINGS,2870255668807.0,ACTUAL,VNSTOCK_BRONZE
VNM,LATEST,balance_sheet,BS_ACCUMULATED_RETAINED_EARNING_AT_THE_END_OF_THE_PREVIOUS_PERIOD,384897395385.0,ACTUAL,VNSTOCK_BRONZE
VNM,LATEST,balance_sheet,BS_PROFIT_THIS_PERIOD,2485358273422.0,ACTUAL,VNSTOCK_BRONZE
VNM,LATEST,balance_sheet,BS_MINORITY_INTEREST,3873192446288.0,ACTUAL,VNSTOCK_BRONZE
VNM,LATEST,balance_sheet,BS_TOTAL_LIABILITIES_AND_EQUITY,57677080306452.0,ACTUAL,VNSTOCK_BRONZE
VNM,LATEST,balance_sheet,BS_SHORT_TERM_ASSETS,37553650065098.0,ACTUAL,VNSTOCK_BRONZE
VNM,LATEST,balance_sheet,BS_CASH_AND_PRECIOUS_METALS,2225943732075.0,ACTUAL,VNSTOCK_BRONZE
VNM,LATEST,balance_sheet,BS_CASH,1877943732075.0,ACTUAL,VNSTOCK_BRONZE
VNM,LATEST,balance_sheet,BS_CASH_EQUIVALENTS,348000000000.0,ACTUAL,VNSTOCK_BRONZE
VNM,LATEST,balance_sheet,BS_SHORT_TERM_INVESTMENTS,23260088671767.0,ACTUAL,VNSTOCK_BRONZE
VNM,LATEST,balance_sheet,BS_FVTPL_FINANCIAL_ASSETS,1248322211.0,ACTUAL,VNSTOCK_BRONZE
VNM,LATEST,balance_sheet,BS_PROVISIONS_FOR_IMPAIRMENT_LOSS_OF_FINANCIAL_ASSETS_AND_MORTGAGES,-920681738.0,ACTUAL,VNSTOCK_BRONZE
VNM,LATEST,balance_sheet,BS_HELD_TO_MATURITY_SECURITIES,23259761031294.0,ACTUAL,VNSTOCK_BRONZE
VNM,LATEST,balance_sheet,BS_SHORT_TERM_RECEIVABLES,6233758612009.0,ACTUAL,VNSTOCK_BRONZE
VNM,LATEST,balance_sheet,BS_TRADE_RECEIVABLES,4793132726166.0,ACTUAL,VNSTOCK_BRONZE
VNM,LATEST,balance_sheet,BS_PREPAYMENTS_TO_SUPPLIERS,566479222775.0,ACTUAL,VNSTOCK_BRONZE
VNM,LATEST,balance_sheet,BS_SHORT_TERM_LOAN_RECEIVABLES,0.0,ACTUAL,VNSTOCK_BRONZE
VNM,LATEST,balance_sheet,BS_OTHER_RECEIVABLES,896479529747.0,ACTUAL,VNSTOCK_BRONZE
VNM,LATEST,balance_sheet,BS_PROVISION_DOUBTFUL_DEBTS,-22332866679.0,ACTUAL,VNSTOCK_BRONZE
VNM,LATEST,balance_sheet,BS_ASSETS_AWAITING_RESOLUTION,0.0,ACTUAL,VNSTOCK_BRONZE
VNM,LATEST,balance_sheet,BS_INVENTORIES,5686840161996.0,ACTUAL,VNSTOCK_BRONZE
VNM,LATEST,balance_sheet,BS_INVENTORIES_GROSS,5723932310689.0,ACTUAL,VNSTOCK_BRONZE
VNM,LATEST,balance_sheet,BS_PROVISION_INVENTORIES,-37092148693.0,ACTUAL,VNSTOCK_BRONZE
VNM,LATEST,balance_sheet,BS_OTHER_SHORT_TERM_ASSETS,147018887251.0,ACTUAL,VNSTOCK_BRONZE
VNM,LATEST,balance_sheet,BS_SHORT_TERM_PREPAYMENTS,89544473336.0,ACTUAL,VNSTOCK_BRONZE
VNM,LATEST,balance_sheet,BS_DEDUCTIBLE_VALUE_ADDED_TAX,33580977723.0,ACTUAL,VNSTOCK_BRONZE
VNM,LATEST,balance_sheet,BS_TAXES_AND_OTHER_RECEIVABLES_FROM_STATE_AUTHORITIES,23893436192.0,ACTUAL,VNSTOCK_BRONZE
VNM,LATEST,balance_sheet,BS_LONG_TERM_ASSETS,17495411471963.0,ACTUAL,VNSTOCK_BRONZE
VNM,LATEST,balance_sheet,BS_LONG_TERM_RECEIVABLES,17592137763.0,ACTUAL,VNSTOCK_BRONZE
VNM,LATEST,balance_sheet,BS_LONG_TERM_TRADE_RECEIVABLES,398152069.0,ACTUAL,VNSTOCK_BRONZE
VNM,LATEST,balance_sheet,BS_LONG_TERM_LOAN_RECEIVABLES,0.0,ACTUAL,VNSTOCK_BRONZE
VNM,LATEST,balance_sheet,BS_OTHER_LONG_TERM_RECEIVABLES_LEGACY,17193985694.0,ACTUAL,VNSTOCK_BRONZE
VNM,LATEST,balance_sheet,BS_FIXED_ASSETS,12550564799221.0,ACTUAL,VNSTOCK_BRONZE
VNM,LATEST,balance_sheet,BS_TANGIBLE_FIXED_ASSETS,11520200967499.0,ACTUAL,VNSTOCK_BRONZE
VNM,LATEST,balance_sheet,BS_TANGIBLE_FIXED_ASSETS_COST,32713051932999.0,ACTUAL,VNSTOCK_BRONZE
VNM,LATEST,balance_sheet,BS_TANGIBLE_FIXED_ASSETS_ACCUMULATED_DEPRECIATION,-21192850965500.0,ACTUAL,VNSTOCK_BRONZE
VNM,LATEST,balance_sheet,BS_FINANCE_LEASE_FIXED_ASSETS,0.0,ACTUAL,VNSTOCK_BRONZE
VNM,LATEST,balance_sheet,BS_FINANCE_LEASE_FIXED_ASSETS_COST,0.0,ACTUAL,VNSTOCK_BRONZE
VNM,LATEST,balance_sheet,BS_FINANCE_LEASE_FIXED_ASSETS_ACCUMULATED_DEPRECIATION,-0.0,ACTUAL,VNSTOCK_BRONZE
VNM,LATEST,balance_sheet,BS_INTANGIBLE_FIXED_ASSETS,1030363831722.0,ACTUAL,VNSTOCK_BRONZE
VNM,LATEST,balance_sheet,BS_INTANGIBLE_FIXED_ASSETS_COST,1466192051516.0,ACTUAL,VNSTOCK_BRONZE
VNM,LATEST,balance_sheet,BS_INTANGIBLE_FIXED_ASSETS_ACCUMULATED_DEPRECIATION,-435828219794.0,ACTUAL,VNSTOCK_BRONZE
VNM,LATEST,balance_sheet,BS_INVESTMENT_PROPERTIES,53617793172.0,ACTUAL,VNSTOCK_BRONZE
VNM,LATEST,balance_sheet,BS_INVESTMENT_PROPERTIES_COST,98822678885.0,ACTUAL,VNSTOCK_BRONZE
VNM,LATEST,balance_sheet,BS_INVESTMENT_PROPERTIES_ACCUMULATED_DEPRECIATION,-45204885713.0,ACTUAL,VNSTOCK_BRONZE
VNM,LATEST,balance_sheet,BS_CONSTRUCTION_IN_PROGRESS,1539776005637.0,ACTUAL,VNSTOCK_BRONZE
VNM,LATEST,balance_sheet,BS_LONG_TERM_PRODUCTION_IN_PROGRESS,404666242750.0,ACTUAL,VNSTOCK_BRONZE
VNM,LATEST,balance_sheet,BS_CAPITAL_CONSTRUCTION_IN_PROGRESS,1135109762887.0,ACTUAL,VNSTOCK_BRONZE
VNM,LATEST,balance_sheet,BS_LONG_TERM_INVESTMENTS,1373189677193.0,ACTUAL,VNSTOCK_BRONZE
VNM,LATEST,balance_sheet,BS_INVESTMENTS_IN_JOINT_VENTURES,622223692780.0,ACTUAL,VNSTOCK_BRONZE
VNM,LATEST,balance_sheet,BS_OTHER_LONG_TERM_INVESTMENTS,94548675081.0,ACTUAL,VNSTOCK_BRONZE
VNM,LATEST,balance_sheet,BS_PROVISION_LONG_TERM_INVESTMENTS,-23582690668.0,ACTUAL,VNSTOCK_BRONZE
VNM,LATEST,balance_sheet,BS_HELD_TO_MATURITY_INVESTMENTS,680000000000.0,ACTUAL,VNSTOCK_BRONZE
VNM,LATEST,balance_sheet,BS_OTHER_LONG_TERM_ASSETS,1960671058977.0,ACTUAL,VNSTOCK_BRONZE
VNM,LATEST,balance_sheet,BS_LONG_TERM_PREPAYMENTS,792476015491.0,ACTUAL,VNSTOCK_BRONZE
VNM,LATEST,balance_sheet,BS_DEFERRED_TAX_ASSETS,92172946105.0,ACTUAL,VNSTOCK_BRONZE
VNM,LATEST,balance_sheet,BS_LONG_TERM_EQUIPMENT_SUPPLIES_SPARE_PARTS,0.0,ACTUAL,VNSTOCK_BRONZE
VNM,LATEST,balance_sheet,BS_OTHER_LONG_TERM_ASSETS_DETAIL,0.0,ACTUAL,VNSTOCK_BRONZE
VNM,LATEST,balance_sheet,BS_GOODWILL,1076022097381.0,ACTUAL,VNSTOCK_BRONZE
VNM,LATEST,balance_sheet,BS_TOTAL_ASSETS,55049061537061.0,ACTUAL,VNSTOCK_BRONZE
VNM,LATEST,balance_sheet,BS_TOTAL_LIABILITIES,18874658707398.0,ACTUAL,VNSTOCK_BRONZE
VNM,LATEST,balance_sheet,BS_SHORT_TERM_LIABILITIES,18459546837640.0,ACTUAL,VNSTOCK_BRONZE
VNM,LATEST,balance_sheet,BS_GOVERNMENT_BOND_REPURCHASE_TRANSACTIONS,0.0,ACTUAL,VNSTOCK_BRONZE
VNM,LATEST,balance_sheet,BS_TRADE_ACCOUNTS_PAYABLE,3874064349587.0,ACTUAL,VNSTOCK_BRONZE
VNM,LATEST,balance_sheet,BS_ADVANCES_FROM_CUSTOMERS,191336029327.0,ACTUAL,VNSTOCK_BRONZE
VNM,LATEST,balance_sheet,BS_TAXES_AND_OTHER_PAYABLES_TO_STATE_AUTHORITIES,1014478141379.0,ACTUAL,VNSTOCK_BRONZE
VNM,LATEST,balance_sheet,BS_PAYABLE_TO_EMPLOYEES,307904216360.0,ACTUAL,VNSTOCK_BRONZE
VNM,LATEST,balance_sheet,BS_ACCRUED_EXPENSES,2115775261996.0,ACTUAL,VNSTOCK_BRONZE
VNM,LATEST,balance_sheet,BS_SHORT_TERM_UNEARNED_REVENUE,263912732.0,ACTUAL,VNSTOCK_BRONZE
VNM,LATEST,balance_sheet,BS_OTHER_PAYABLES,1148532208981.0,ACTUAL,VNSTOCK_BRONZE
VNM,LATEST,balance_sheet,BS_SHORT_TERM_BORROWINGS,9115435107250.0,ACTUAL,VNSTOCK_BRONZE
VNM,LATEST,balance_sheet,BS_SHORT_TERM_PROVISIONS,11775786301.0,ACTUAL,VNSTOCK_BRONZE
VNM,LATEST,balance_sheet,BS_BONUS_AND_WELFARE_FUND,679981823727.0,ACTUAL,VNSTOCK_BRONZE
VNM,LATEST,balance_sheet,BS_LONG_TERM_LIABILITIES,415111869758.0,ACTUAL,VNSTOCK_BRONZE
VNM,LATEST,balance_sheet,BS_LONG_TERM_TRADE_PAYABLES,0.0,ACTUAL,VNSTOCK_BRONZE
VNM,LATEST,balance_sheet,BS_LONG_TERM_ACCRUED_EXPENSES,0.0,ACTUAL,VNSTOCK_BRONZE
VNM,LATEST,balance_sheet,BS_LONG_TERM_UNEARNED_REVENUE,0.0,ACTUAL,VNSTOCK_BRONZE
VNM,LATEST,balance_sheet,BS_OTHER_LONG_TERM_LIABILITIES,722927552.0,ACTUAL,VNSTOCK_BRONZE
VNM,LATEST,balance_sheet,BS_LONG_TERM_BORROWINGS,157903902450.0,ACTUAL,VNSTOCK_BRONZE
VNM,LATEST,balance_sheet,BS_DEFERRED_TAX_LIABILITIES,256485039756.0,ACTUAL,VNSTOCK_BRONZE
VNM,LATEST,balance_sheet,BS_LONG_TERM_PROVISIONS,0.0,ACTUAL,VNSTOCK_BRONZE
VNM,LATEST,balance_sheet,BS_EQUITY,36174402829663.0,ACTUAL,VNSTOCK_BRONZE
VNM,LATEST,balance_sheet,BS_OWNERS_EQUITY,36174402829663.0,ACTUAL,VNSTOCK_BRONZE
VNM,LATEST,balance_sheet,BS_CHARTER_CAPITAL,20899554450000.0,ACTUAL,VNSTOCK_BRONZE
VNM,LATEST,balance_sheet,BS_CAPITAL_FROM_OWNERS,20899554450000.0,ACTUAL,VNSTOCK_BRONZE
VNM,LATEST,balance_sheet,BS_SHARE_PREMIUM,34110709700.0,ACTUAL,VNSTOCK_BRONZE
VNM,LATEST,balance_sheet,BS_OTHER_CAPITAL,499080803215.0,ACTUAL,VNSTOCK_BRONZE
VNM,LATEST,balance_sheet,BS_TREASURY_SHARES,0.0,ACTUAL,VNSTOCK_BRONZE
VNM,LATEST,balance_sheet,BS_FOREIGN_EXCHANGE_DIFFERENCES,295734210956.0,ACTUAL,VNSTOCK_BRONZE
VNM,LATEST,balance_sheet,BS_INVESTMENT_AND_DEVELOPMENT_FUND,7079114621362.0,ACTUAL,VNSTOCK_BRONZE
VNM,LATEST,balance_sheet,BS_RETAINED_EARNINGS,3471224745772.0,ACTUAL,VNSTOCK_BRONZE
VNM,LATEST,balance_sheet,BS_ACCUMULATED_RETAINED_EARNING_AT_THE_END_OF_THE_PREVIOUS_PERIOD,349300113785.0,ACTUAL,VNSTOCK_BRONZE
VNM,LATEST,balance_sheet,BS_PROFIT_THIS_PERIOD,3121924631987.0,ACTUAL,VNSTOCK_BRONZE
VNM,LATEST,balance_sheet,BS_MINORITY_INTEREST,3895583288658.0,ACTUAL,VNSTOCK_BRONZE
VNM,LATEST,balance_sheet,BS_TOTAL_LIABILITIES_AND_EQUITY,55049061537061.0,ACTUAL,VNSTOCK_BRONZE
VNM,LATEST,balance_sheet,BS_SHORT_TERM_ASSETS,38407988421683.0,ACTUAL,VNSTOCK_BRONZE
VNM,LATEST,balance_sheet,BS_CASH_AND_PRECIOUS_METALS,2538024316626.0,ACTUAL,VNSTOCK_BRONZE
VNM,LATEST,balance_sheet,BS_CASH,1228704316626.0,ACTUAL,VNSTOCK_BRONZE
VNM,LATEST,balance_sheet,BS_CASH_EQUIVALENTS,1309320000000.0,ACTUAL,VNSTOCK_BRONZE
VNM,LATEST,balance_sheet,BS_SHORT_TERM_INVESTMENTS,23170818696485.0,ACTUAL,VNSTOCK_BRONZE
VNM,LATEST,balance_sheet,BS_FVTPL_FINANCIAL_ASSETS,1257556014.0,ACTUAL,VNSTOCK_BRONZE
VNM,LATEST,balance_sheet,BS_PROVISIONS_FOR_IMPAIRMENT_LOSS_OF_FINANCIAL_ASSETS_AND_MORTGAGES,-927498172.0,ACTUAL,VNSTOCK_BRONZE
VNM,LATEST,balance_sheet,BS_HELD_TO_MATURITY_SECURITIES,23170488638643.0,ACTUAL,VNSTOCK_BRONZE
VNM,LATEST,balance_sheet,BS_SHORT_TERM_RECEIVABLES,5469228387577.0,ACTUAL,VNSTOCK_BRONZE
VNM,LATEST,balance_sheet,BS_TRADE_RECEIVABLES,4116404286198.0,ACTUAL,VNSTOCK_BRONZE
VNM,LATEST,balance_sheet,BS_PREPAYMENTS_TO_SUPPLIERS,438005266850.0,ACTUAL,VNSTOCK_BRONZE
VNM,LATEST,balance_sheet,BS_SHORT_TERM_LOAN_RECEIVABLES,0.0,ACTUAL,VNSTOCK_BRONZE
VNM,LATEST,balance_sheet,BS_OTHER_RECEIVABLES,935972965503.0,ACTUAL,VNSTOCK_BRONZE
VNM,LATEST,balance_sheet,BS_PROVISION_DOUBTFUL_DEBTS,-21154130974.0,ACTUAL,VNSTOCK_BRONZE
VNM,LATEST,balance_sheet,BS_ASSETS_AWAITING_RESOLUTION,0.0,ACTUAL,VNSTOCK_BRONZE
VNM,LATEST,balance_sheet,BS_INVENTORIES,6979212103573.0,ACTUAL,VNSTOCK_BRONZE
VNM,LATEST,balance_sheet,BS_INVENTORIES_GROSS,7015839015752.0,ACTUAL,VNSTOCK_BRONZE
VNM,LATEST,balance_sheet,BS_PROVISION_INVENTORIES,-36626912179.0,ACTUAL,VNSTOCK_BRONZE
VNM,LATEST,balance_sheet,BS_OTHER_SHORT_TERM_ASSETS,250704917422.0,ACTUAL,VNSTOCK_BRONZE
VNM,LATEST,balance_sheet,BS_SHORT_TERM_PREPAYMENTS,163774696564.0,ACTUAL,VNSTOCK_BRONZE
VNM,LATEST,balance_sheet,BS_DEDUCTIBLE_VALUE_ADDED_TAX,65317978709.0,ACTUAL,VNSTOCK_BRONZE
VNM,LATEST,balance_sheet,BS_TAXES_AND_OTHER_RECEIVABLES_FROM_STATE_AUTHORITIES,21612242149.0,ACTUAL,VNSTOCK_BRONZE
VNM,LATEST,balance_sheet,BS_LONG_TERM_ASSETS,16605801806083.0,ACTUAL,VNSTOCK_BRONZE
VNM,LATEST,balance_sheet,BS_LONG_TERM_RECEIVABLES,18364622300.0,ACTUAL,VNSTOCK_BRONZE
VNM,LATEST,balance_sheet,BS_LONG_TERM_TRADE_RECEIVABLES,379452706.0,ACTUAL,VNSTOCK_BRONZE
VNM,LATEST,balance_sheet,BS_LONG_TERM_LOAN_RECEIVABLES,0.0,ACTUAL,VNSTOCK_BRONZE
VNM,LATEST,balance_sheet,BS_OTHER_LONG_TERM_RECEIVABLES_LEGACY,17985169594.0,ACTUAL,VNSTOCK_BRONZE
VNM,LATEST,balance_sheet,BS_FIXED_ASSETS,12309661362750.0,ACTUAL,VNSTOCK_BRONZE
VNM,LATEST,balance_sheet,BS_TANGIBLE_FIXED_ASSETS,11292624766798.0,ACTUAL,VNSTOCK_BRONZE
VNM,LATEST,balance_sheet,BS_TANGIBLE_FIXED_ASSETS_COST,32930433694106.0,ACTUAL,VNSTOCK_BRONZE
VNM,LATEST,balance_sheet,BS_TANGIBLE_FIXED_ASSETS_ACCUMULATED_DEPRECIATION,-21637808927308.0,ACTUAL,VNSTOCK_BRONZE
VNM,LATEST,balance_sheet,BS_FINANCE_LEASE_FIXED_ASSETS,0.0,ACTUAL,VNSTOCK_BRONZE
VNM,LATEST,balance_sheet,BS_FINANCE_LEASE_FIXED_ASSETS_COST,0.0,ACTUAL,VNSTOCK_BRONZE
VNM,LATEST,balance_sheet,BS_FINANCE_LEASE_FIXED_ASSETS_ACCUMULATED_DEPRECIATION,-0.0,ACTUAL,VNSTOCK_BRONZE
VNM,LATEST,balance_sheet,BS_INTANGIBLE_FIXED_ASSETS,1017036595952.0,ACTUAL,VNSTOCK_BRONZE
VNM,LATEST,balance_sheet,BS_INTANGIBLE_FIXED_ASSETS_COST,1469196705924.0,ACTUAL,VNSTOCK_BRONZE
VNM,LATEST,balance_sheet,BS_INTANGIBLE_FIXED_ASSETS_ACCUMULATED_DEPRECIATION,-452160109972.0,ACTUAL,VNSTOCK_BRONZE
VNM,LATEST,balance_sheet,BS_INVESTMENT_PROPERTIES,53123702862.0,ACTUAL,VNSTOCK_BRONZE
VNM,LATEST,balance_sheet,BS_INVESTMENT_PROPERTIES_COST,98822678885.0,ACTUAL,VNSTOCK_BRONZE
VNM,LATEST,balance_sheet,BS_INVESTMENT_PROPERTIES_ACCUMULATED_DEPRECIATION,-45698976023.0,ACTUAL,VNSTOCK_BRONZE
VNM,LATEST,balance_sheet,BS_CONSTRUCTION_IN_PROGRESS,1661906998506.0,ACTUAL,VNSTOCK_BRONZE
VNM,LATEST,balance_sheet,BS_LONG_TERM_PRODUCTION_IN_PROGRESS,360422150491.0,ACTUAL,VNSTOCK_BRONZE
VNM,LATEST,balance_sheet,BS_CAPITAL_CONSTRUCTION_IN_PROGRESS,1301484848015.0,ACTUAL,VNSTOCK_BRONZE
VNM,LATEST,balance_sheet,BS_LONG_TERM_INVESTMENTS,709385535593.0,ACTUAL,VNSTOCK_BRONZE
VNM,LATEST,balance_sheet,BS_INVESTMENTS_IN_JOINT_VENTURES,638412747180.0,ACTUAL,VNSTOCK_BRONZE
VNM,LATEST,balance_sheet,BS_OTHER_LONG_TERM_INVESTMENTS,94555479081.0,ACTUAL,VNSTOCK_BRONZE
VNM,LATEST,balance_sheet,BS_PROVISION_LONG_TERM_INVESTMENTS,-23582690668.0,ACTUAL,VNSTOCK_BRONZE
VNM,LATEST,balance_sheet,BS_HELD_TO_MATURITY_INVESTMENTS,0.0,ACTUAL,VNSTOCK_BRONZE
VNM,LATEST,balance_sheet,BS_OTHER_LONG_TERM_ASSETS,1853359584072.0,ACTUAL,VNSTOCK_BRONZE
VNM,LATEST,balance_sheet,BS_LONG_TERM_PREPAYMENTS,785471676757.0,ACTUAL,VNSTOCK_BRONZE
VNM,LATEST,balance_sheet,BS_DEFERRED_TAX_ASSETS,52685591141.0,ACTUAL,VNSTOCK_BRONZE
VNM,LATEST,balance_sheet,BS_LONG_TERM_EQUIPMENT_SUPPLIES_SPARE_PARTS,0.0,ACTUAL,VNSTOCK_BRONZE
VNM,LATEST,balance_sheet,BS_OTHER_LONG_TERM_ASSETS_DETAIL,0.0,ACTUAL,VNSTOCK_BRONZE
VNM,LATEST,balance_sheet,BS_GOODWILL,1015202316174.0,ACTUAL,VNSTOCK_BRONZE
VNM,LATEST,balance_sheet,BS_TOTAL_ASSETS,55013790227766.0,ACTUAL,VNSTOCK_BRONZE
VNM,LATEST,balance_sheet,BS_TOTAL_LIABILITIES,17391301675751.0,ACTUAL,VNSTOCK_BRONZE
VNM,LATEST,balance_sheet,BS_SHORT_TERM_LIABILITIES,16981777958867.0,ACTUAL,VNSTOCK_BRONZE
VNM,LATEST,balance_sheet,BS_GOVERNMENT_BOND_REPURCHASE_TRANSACTIONS,0.0,ACTUAL,VNSTOCK_BRONZE
VNM,LATEST,balance_sheet,BS_TRADE_ACCOUNTS_PAYABLE,3916355255325.0,ACTUAL,VNSTOCK_BRONZE
VNM,LATEST,balance_sheet,BS_ADVANCES_FROM_CUSTOMERS,123043188304.0,ACTUAL,VNSTOCK_BRONZE
VNM,LATEST,balance_sheet,BS_TAXES_AND_OTHER_PAYABLES_TO_STATE_AUTHORITIES,418356794017.0,ACTUAL,VNSTOCK_BRONZE
VNM,LATEST,balance_sheet,BS_PAYABLE_TO_EMPLOYEES,217416350607.0,ACTUAL,VNSTOCK_BRONZE
VNM,LATEST,balance_sheet,BS_ACCRUED_EXPENSES,1680684007050.0,ACTUAL,VNSTOCK_BRONZE
VNM,LATEST,balance_sheet,BS_SHORT_TERM_UNEARNED_REVENUE,153774551.0,ACTUAL,VNSTOCK_BRONZE
VNM,LATEST,balance_sheet,BS_OTHER_PAYABLES,123038432343.0,ACTUAL,VNSTOCK_BRONZE
VNM,LATEST,balance_sheet,BS_SHORT_TERM_BORROWINGS,10060066017395.0,ACTUAL,VNSTOCK_BRONZE
VNM,LATEST,balance_sheet,BS_SHORT_TERM_PROVISIONS,9998580158.0,ACTUAL,VNSTOCK_BRONZE
VNM,LATEST,balance_sheet,BS_BONUS_AND_WELFARE_FUND,432665559117.0,ACTUAL,VNSTOCK_BRONZE
VNM,LATEST,balance_sheet,BS_LONG_TERM_LIABILITIES,409523716884.0,ACTUAL,VNSTOCK_BRONZE
VNM,LATEST,balance_sheet,BS_LONG_TERM_TRADE_PAYABLES,0.0,ACTUAL,VNSTOCK_BRONZE
VNM,LATEST,balance_sheet,BS_LONG_TERM_ACCRUED_EXPENSES,0.0,ACTUAL,VNSTOCK_BRONZE
VNM,LATEST,balance_sheet,BS_LONG_TERM_UNEARNED_REVENUE,0.0,ACTUAL,VNSTOCK_BRONZE
VNM,LATEST,balance_sheet,BS_OTHER_LONG_TERM_LIABILITIES,711627552.0,ACTUAL,VNSTOCK_BRONZE
VNM,LATEST,balance_sheet,BS_LONG_TERM_BORROWINGS,153956088000.0,ACTUAL,VNSTOCK_BRONZE
VNM,LATEST,balance_sheet,BS_DEFERRED_TAX_LIABILITIES,254856001332.0,ACTUAL,VNSTOCK_BRONZE
VNM,LATEST,balance_sheet,BS_LONG_TERM_PROVISIONS,0.0,ACTUAL,VNSTOCK_BRONZE
VNM,LATEST,balance_sheet,BS_EQUITY,37622488552015.0,ACTUAL,VNSTOCK_BRONZE
VNM,LATEST,balance_sheet,BS_OWNERS_EQUITY,37622488552015.0,ACTUAL,VNSTOCK_BRONZE
VNM,LATEST,balance_sheet,BS_CHARTER_CAPITAL,20899554450000.0,ACTUAL,VNSTOCK_BRONZE
VNM,LATEST,balance_sheet,BS_CAPITAL_FROM_OWNERS,20899554450000.0,ACTUAL,VNSTOCK_BRONZE
VNM,LATEST,balance_sheet,BS_SHARE_PREMIUM,34110709700.0,ACTUAL,VNSTOCK_BRONZE
VNM,LATEST,balance_sheet,BS_OTHER_CAPITAL,746826728845.0,ACTUAL,VNSTOCK_BRONZE
VNM,LATEST,balance_sheet,BS_TREASURY_SHARES,0.0,ACTUAL,VNSTOCK_BRONZE
VNM,LATEST,balance_sheet,BS_FOREIGN_EXCHANGE_DIFFERENCES,321288279533.0,ACTUAL,VNSTOCK_BRONZE
VNM,LATEST,balance_sheet,BS_INVESTMENT_AND_DEVELOPMENT_FUND,7221110105727.0,ACTUAL,VNSTOCK_BRONZE
VNM,LATEST,balance_sheet,BS_RETAINED_EARNINGS,4474317011269.0,ACTUAL,VNSTOCK_BRONZE
VNM,LATEST,balance_sheet,BS_ACCUMULATED_RETAINED_EARNING_AT_THE_END_OF_THE_PREVIOUS_PERIOD,3207047921023.0,ACTUAL,VNSTOCK_BRONZE
VNM,LATEST,balance_sheet,BS_PROFIT_THIS_PERIOD,1267269090246.0,ACTUAL,VNSTOCK_BRONZE
VNM,LATEST,balance_sheet,BS_MINORITY_INTEREST,3925281266941.0,ACTUAL,VNSTOCK_BRONZE
VNM,LATEST,balance_sheet,BS_TOTAL_LIABILITIES_AND_EQUITY,55013790227766.0,ACTUAL,VNSTOCK_BRONZE
VNM,LATEST,balance_sheet,BS_SHORT_TERM_ASSETS,38255091705279.0,ACTUAL,VNSTOCK_BRONZE
VNM,LATEST,balance_sheet,BS_CASH_AND_PRECIOUS_METALS,2498443286245.0,ACTUAL,VNSTOCK_BRONZE
VNM,LATEST,balance_sheet,BS_CASH,2137443286245.0,ACTUAL,VNSTOCK_BRONZE
VNM,LATEST,balance_sheet,BS_CASH_EQUIVALENTS,361000000000.0,ACTUAL,VNSTOCK_BRONZE
VNM,LATEST,balance_sheet,BS_SHORT_TERM_INVESTMENTS,22249418458587.0,ACTUAL,VNSTOCK_BRONZE
VNM,LATEST,balance_sheet,BS_FVTPL_FINANCIAL_ASSETS,1284915430.0,ACTUAL,VNSTOCK_BRONZE
VNM,LATEST,balance_sheet,BS_PROVISIONS_FOR_IMPAIRMENT_LOSS_OF_FINANCIAL_ASSETS_AND_MORTGAGES,-1052578600.0,ACTUAL,VNSTOCK_BRONZE
VNM,LATEST,balance_sheet,BS_HELD_TO_MATURITY_SECURITIES,22249186121757.0,ACTUAL,VNSTOCK_BRONZE
VNM,LATEST,balance_sheet,BS_SHORT_TERM_RECEIVABLES,6147236082985.0,ACTUAL,VNSTOCK_BRONZE
VNM,LATEST,balance_sheet,BS_TRADE_RECEIVABLES,4539163648054.0,ACTUAL,VNSTOCK_BRONZE
VNM,LATEST,balance_sheet,BS_PREPAYMENTS_TO_SUPPLIERS,596144052565.0,ACTUAL,VNSTOCK_BRONZE
VNM,LATEST,balance_sheet,BS_SHORT_TERM_LOAN_RECEIVABLES,0.0,ACTUAL,VNSTOCK_BRONZE
VNM,LATEST,balance_sheet,BS_OTHER_RECEIVABLES,1034092072617.0,ACTUAL,VNSTOCK_BRONZE
VNM,LATEST,balance_sheet,BS_PROVISION_DOUBTFUL_DEBTS,-22163690251.0,ACTUAL,VNSTOCK_BRONZE
VNM,LATEST,balance_sheet,BS_ASSETS_AWAITING_RESOLUTION,0.0,ACTUAL,VNSTOCK_BRONZE
VNM,LATEST,balance_sheet,BS_INVENTORIES,7047730548255.0,ACTUAL,VNSTOCK_BRONZE
VNM,LATEST,balance_sheet,BS_INVENTORIES_GROSS,7090237799909.0,ACTUAL,VNSTOCK_BRONZE
VNM,LATEST,balance_sheet,BS_PROVISION_INVENTORIES,-42507251654.0,ACTUAL,VNSTOCK_BRONZE
VNM,LATEST,balance_sheet,BS_OTHER_SHORT_TERM_ASSETS,312263329207.0,ACTUAL,VNSTOCK_BRONZE
VNM,LATEST,balance_sheet,BS_SHORT_TERM_PREPAYMENTS,177790644060.0,ACTUAL,VNSTOCK_BRONZE
VNM,LATEST,balance_sheet,BS_DEDUCTIBLE_VALUE_ADDED_TAX,105720523465.0,ACTUAL,VNSTOCK_BRONZE
VNM,LATEST,balance_sheet,BS_TAXES_AND_OTHER_RECEIVABLES_FROM_STATE_AUTHORITIES,28752161682.0,ACTUAL,VNSTOCK_BRONZE
VNM,LATEST,balance_sheet,BS_LONG_TERM_ASSETS,17027569539096.0,ACTUAL,VNSTOCK_BRONZE
VNM,LATEST,balance_sheet,BS_LONG_TERM_RECEIVABLES,20530844673.0,ACTUAL,VNSTOCK_BRONZE
VNM,LATEST,balance_sheet,BS_LONG_TERM_TRADE_RECEIVABLES,328266362.0,ACTUAL,VNSTOCK_BRONZE
VNM,LATEST,balance_sheet,BS_LONG_TERM_LOAN_RECEIVABLES,0.0,ACTUAL,VNSTOCK_BRONZE
VNM,LATEST,balance_sheet,BS_OTHER_LONG_TERM_RECEIVABLES_LEGACY,20202578311.0,ACTUAL,VNSTOCK_BRONZE
VNM,LATEST,balance_sheet,BS_FIXED_ASSETS,12784785512923.0,ACTUAL,VNSTOCK_BRONZE
VNM,LATEST,balance_sheet,BS_TANGIBLE_FIXED_ASSETS,11720622158876.0,ACTUAL,VNSTOCK_BRONZE
VNM,LATEST,balance_sheet,BS_TANGIBLE_FIXED_ASSETS_COST,33813573150633.0,ACTUAL,VNSTOCK_BRONZE
VNM,LATEST,balance_sheet,BS_TANGIBLE_FIXED_ASSETS_ACCUMULATED_DEPRECIATION,-22092950991757.0,ACTUAL,VNSTOCK_BRONZE
VNM,LATEST,balance_sheet,BS_FINANCE_LEASE_FIXED_ASSETS,0.0,ACTUAL,VNSTOCK_BRONZE
VNM,LATEST,balance_sheet,BS_FINANCE_LEASE_FIXED_ASSETS_COST,0.0,ACTUAL,VNSTOCK_BRONZE
VNM,LATEST,balance_sheet,BS_FINANCE_LEASE_FIXED_ASSETS_ACCUMULATED_DEPRECIATION,-0.0,ACTUAL,VNSTOCK_BRONZE
VNM,LATEST,balance_sheet,BS_INTANGIBLE_FIXED_ASSETS,1064163354047.0,ACTUAL,VNSTOCK_BRONZE
VNM,LATEST,balance_sheet,BS_INTANGIBLE_FIXED_ASSETS_COST,1535874156168.0,ACTUAL,VNSTOCK_BRONZE
VNM,LATEST,balance_sheet,BS_INTANGIBLE_FIXED_ASSETS_ACCUMULATED_DEPRECIATION,-471710802121.0,ACTUAL,VNSTOCK_BRONZE
VNM,LATEST,balance_sheet,BS_INVESTMENT_PROPERTIES,52629612552.0,ACTUAL,VNSTOCK_BRONZE
VNM,LATEST,balance_sheet,BS_INVESTMENT_PROPERTIES_COST,98822678885.0,ACTUAL,VNSTOCK_BRONZE
VNM,LATEST,balance_sheet,BS_INVESTMENT_PROPERTIES_ACCUMULATED_DEPRECIATION,-46193066333.0,ACTUAL,VNSTOCK_BRONZE
VNM,LATEST,balance_sheet,BS_CONSTRUCTION_IN_PROGRESS,1494635752321.0,ACTUAL,VNSTOCK_BRONZE
VNM,LATEST,balance_sheet,BS_LONG_TERM_PRODUCTION_IN_PROGRESS,372760696183.0,ACTUAL,VNSTOCK_BRONZE
VNM,LATEST,balance_sheet,BS_CAPITAL_CONSTRUCTION_IN_PROGRESS,1121875056138.0,ACTUAL,VNSTOCK_BRONZE
VNM,LATEST,balance_sheet,BS_LONG_TERM_INVESTMENTS,813459142512.0,ACTUAL,VNSTOCK_BRONZE
VNM,LATEST,balance_sheet,BS_INVESTMENTS_IN_JOINT_VENTURES,642173074550.0,ACTUAL,VNSTOCK_BRONZE
VNM,LATEST,balance_sheet,BS_OTHER_LONG_TERM_INVESTMENTS,94575639081.0,ACTUAL,VNSTOCK_BRONZE
VNM,LATEST,balance_sheet,BS_PROVISION_LONG_TERM_INVESTMENTS,-23582690668.0,ACTUAL,VNSTOCK_BRONZE
VNM,LATEST,balance_sheet,BS_HELD_TO_MATURITY_INVESTMENTS,100293119549.0,ACTUAL,VNSTOCK_BRONZE
VNM,LATEST,balance_sheet,BS_OTHER_LONG_TERM_ASSETS,1861528674115.0,ACTUAL,VNSTOCK_BRONZE
VNM,LATEST,balance_sheet,BS_LONG_TERM_PREPAYMENTS,853505075208.0,ACTUAL,VNSTOCK_BRONZE
VNM,LATEST,balance_sheet,BS_DEFERRED_TAX_ASSETS,54316839286.0,ACTUAL,VNSTOCK_BRONZE
VNM,LATEST,balance_sheet,BS_LONG_TERM_EQUIPMENT_SUPPLIES_SPARE_PARTS,0.0,ACTUAL,VNSTOCK_BRONZE
VNM,LATEST,balance_sheet,BS_OTHER_LONG_TERM_ASSETS_DETAIL,0.0,ACTUAL,VNSTOCK_BRONZE
VNM,LATEST,balance_sheet,BS_GOODWILL,953706759621.0,ACTUAL,VNSTOCK_BRONZE
VNM,LATEST,balance_sheet,BS_TOTAL_ASSETS,55282661244375.0,ACTUAL,VNSTOCK_BRONZE
VNM,LATEST,balance_sheet,BS_TOTAL_LIABILITIES,19595608095818.0,ACTUAL,VNSTOCK_BRONZE
VNM,LATEST,balance_sheet,BS_SHORT_TERM_LIABILITIES,19190691020760.0,ACTUAL,VNSTOCK_BRONZE
VNM,LATEST,balance_sheet,BS_GOVERNMENT_BOND_REPURCHASE_TRANSACTIONS,0.0,ACTUAL,VNSTOCK_BRONZE
VNM,LATEST,balance_sheet,BS_TRADE_ACCOUNTS_PAYABLE,4333667745097.0,ACTUAL,VNSTOCK_BRONZE
VNM,LATEST,balance_sheet,BS_ADVANCES_FROM_CUSTOMERS,410601427538.0,ACTUAL,VNSTOCK_BRONZE
VNM,LATEST,balance_sheet,BS_TAXES_AND_OTHER_PAYABLES_TO_STATE_AUTHORITIES,1500902426957.0,ACTUAL,VNSTOCK_BRONZE
VNM,LATEST,balance_sheet,BS_PAYABLE_TO_EMPLOYEES,250161376827.0,ACTUAL,VNSTOCK_BRONZE
VNM,LATEST,balance_sheet,BS_ACCRUED_EXPENSES,2229705527965.0,ACTUAL,VNSTOCK_BRONZE
VNM,LATEST,balance_sheet,BS_SHORT_TERM_UNEARNED_REVENUE,43636369.0,ACTUAL,VNSTOCK_BRONZE
VNM,LATEST,balance_sheet,BS_OTHER_PAYABLES,96211311467.0,ACTUAL,VNSTOCK_BRONZE
VNM,LATEST,balance_sheet,BS_SHORT_TERM_BORROWINGS,9636808735983.0,ACTUAL,VNSTOCK_BRONZE
VNM,LATEST,balance_sheet,BS_SHORT_TERM_PROVISIONS,12272058647.0,ACTUAL,VNSTOCK_BRONZE
VNM,LATEST,balance_sheet,BS_BONUS_AND_WELFARE_FUND,720316773910.0,ACTUAL,VNSTOCK_BRONZE
VNM,LATEST,balance_sheet,BS_LONG_TERM_LIABILITIES,404917075058.0,ACTUAL,VNSTOCK_BRONZE
VNM,LATEST,balance_sheet,BS_LONG_TERM_TRADE_PAYABLES,0.0,ACTUAL,VNSTOCK_BRONZE
VNM,LATEST,balance_sheet,BS_LONG_TERM_ACCRUED_EXPENSES,0.0,ACTUAL,VNSTOCK_BRONZE
VNM,LATEST,balance_sheet,BS_LONG_TERM_UNEARNED_REVENUE,0.0,ACTUAL,VNSTOCK_BRONZE
VNM,LATEST,balance_sheet,BS_OTHER_LONG_TERM_LIABILITIES,711927552.0,ACTUAL,VNSTOCK_BRONZE
VNM,LATEST,balance_sheet,BS_LONG_TERM_BORROWINGS,152078435000.0,ACTUAL,VNSTOCK_BRONZE
VNM,LATEST,balance_sheet,BS_DEFERRED_TAX_LIABILITIES,252126712506.0,ACTUAL,VNSTOCK_BRONZE
VNM,LATEST,balance_sheet,BS_LONG_TERM_PROVISIONS,0.0,ACTUAL,VNSTOCK_BRONZE
VNM,LATEST,balance_sheet,BS_EQUITY,35687053148557.0,ACTUAL,VNSTOCK_BRONZE
VNM,LATEST,balance_sheet,BS_OWNERS_EQUITY,35687053148557.0,ACTUAL,VNSTOCK_BRONZE
VNM,LATEST,balance_sheet,BS_CHARTER_CAPITAL,20899554450000.0,ACTUAL,VNSTOCK_BRONZE
VNM,LATEST,balance_sheet,BS_CAPITAL_FROM_OWNERS,20899554450000.0,ACTUAL,VNSTOCK_BRONZE
VNM,LATEST,balance_sheet,BS_SHARE_PREMIUM,34110709700.0,ACTUAL,VNSTOCK_BRONZE
VNM,LATEST,balance_sheet,BS_OTHER_CAPITAL,746826728845.0,ACTUAL,VNSTOCK_BRONZE
VNM,LATEST,balance_sheet,BS_TREASURY_SHARES,0.0,ACTUAL,VNSTOCK_BRONZE
VNM,LATEST,balance_sheet,BS_FOREIGN_EXCHANGE_DIFFERENCES,394438028227.0,ACTUAL,VNSTOCK_BRONZE
VNM,LATEST,balance_sheet,BS_INVESTMENT_AND_DEVELOPMENT_FUND,78722924597.0,ACTUAL,VNSTOCK_BRONZE
VNM,LATEST,balance_sheet,BS_RETAINED_EARNINGS,9620701471578.0,ACTUAL,VNSTOCK_BRONZE
VNM,LATEST,balance_sheet,BS_ACCUMULATED_RETAINED_EARNING_AT_THE_END_OF_THE_PREVIOUS_PERIOD,6025637344335.0,ACTUAL,VNSTOCK_BRONZE
VNM,LATEST,balance_sheet,BS_PROFIT_THIS_PERIOD,3595064127243.0,ACTUAL,VNSTOCK_BRONZE
VNM,LATEST,balance_sheet,BS_MINORITY_INTEREST,3912698835610.0,ACTUAL,VNSTOCK_BRONZE
VNM,LATEST,balance_sheet,BS_TOTAL_LIABILITIES_AND_EQUITY,55282661244375.0,ACTUAL,VNSTOCK_BRONZE
VNM,LATEST,balance_sheet,BS_SHORT_TERM_ASSETS,38746850813464.0,ACTUAL,VNSTOCK_BRONZE
VNM,LATEST,balance_sheet,BS_CASH_AND_PRECIOUS_METALS,5154466367051.0,ACTUAL,VNSTOCK_BRONZE
VNM,LATEST,balance_sheet,BS_CASH,1427466367051.0,ACTUAL,VNSTOCK_BRONZE
VNM,LATEST,balance_sheet,BS_CASH_EQUIVALENTS,3727000000000.0,ACTUAL,VNSTOCK_BRONZE
VNM,LATEST,balance_sheet,BS_SHORT_TERM_INVESTMENTS,21133947314899.0,ACTUAL,VNSTOCK_BRONZE
VNM,LATEST,balance_sheet,BS_FVTPL_FINANCIAL_ASSETS,1292048421.0,ACTUAL,VNSTOCK_BRONZE
VNM,LATEST,balance_sheet,BS_PROVISIONS_FOR_IMPAIRMENT_LOSS_OF_FINANCIAL_ASSETS_AND_MORTGAGES,-1058421812.0,ACTUAL,VNSTOCK_BRONZE
VNM,LATEST,balance_sheet,BS_HELD_TO_MATURITY_SECURITIES,21133713688290.0,ACTUAL,VNSTOCK_BRONZE
VNM,LATEST,balance_sheet,BS_SHORT_TERM_RECEIVABLES,5910568513570.0,ACTUAL,VNSTOCK_BRONZE
VNM,LATEST,balance_sheet,BS_TRADE_RECEIVABLES,4813124478938.0,ACTUAL,VNSTOCK_BRONZE
VNM,LATEST,balance_sheet,BS_PREPAYMENTS_TO_SUPPLIERS,320501373067.0,ACTUAL,VNSTOCK_BRONZE
VNM,LATEST,balance_sheet,BS_SHORT_TERM_LOAN_RECEIVABLES,0.0,ACTUAL,VNSTOCK_BRONZE
VNM,LATEST,balance_sheet,BS_OTHER_RECEIVABLES,795316455258.0,ACTUAL,VNSTOCK_BRONZE
VNM,LATEST,balance_sheet,BS_PROVISION_DOUBTFUL_DEBTS,-18373793693.0,ACTUAL,VNSTOCK_BRONZE
VNM,LATEST,balance_sheet,BS_ASSETS_AWAITING_RESOLUTION,0.0,ACTUAL,VNSTOCK_BRONZE
VNM,LATEST,balance_sheet,BS_INVENTORIES,6308583334358.0,ACTUAL,VNSTOCK_BRONZE
VNM,LATEST,balance_sheet,BS_INVENTORIES_GROSS,6348324750984.0,ACTUAL,VNSTOCK_BRONZE
VNM,LATEST,balance_sheet,BS_PROVISION_INVENTORIES,-39741416626.0,ACTUAL,VNSTOCK_BRONZE
VNM,LATEST,balance_sheet,BS_OTHER_SHORT_TERM_ASSETS,239285283586.0,ACTUAL,VNSTOCK_BRONZE
VNM,LATEST,balance_sheet,BS_SHORT_TERM_PREPAYMENTS,150922603742.0,ACTUAL,VNSTOCK_BRONZE
VNM,LATEST,balance_sheet,BS_DEDUCTIBLE_VALUE_ADDED_TAX,56032008147.0,ACTUAL,VNSTOCK_BRONZE
VNM,LATEST,balance_sheet,BS_TAXES_AND_OTHER_RECEIVABLES_FROM_STATE_AUTHORITIES,32330671697.0,ACTUAL,VNSTOCK_BRONZE
VNM,LATEST,balance_sheet,BS_LONG_TERM_ASSETS,16930971193199.0,ACTUAL,VNSTOCK_BRONZE
VNM,LATEST,balance_sheet,BS_LONG_TERM_RECEIVABLES,21074688360.0,ACTUAL,VNSTOCK_BRONZE
VNM,LATEST,balance_sheet,BS_LONG_TERM_TRADE_RECEIVABLES,248532483.0,ACTUAL,VNSTOCK_BRONZE
VNM,LATEST,balance_sheet,BS_LONG_TERM_LOAN_RECEIVABLES,0.0,ACTUAL,VNSTOCK_BRONZE
VNM,LATEST,balance_sheet,BS_OTHER_LONG_TERM_RECEIVABLES_LEGACY,20826155877.0,ACTUAL,VNSTOCK_BRONZE
VNM,LATEST,balance_sheet,BS_FIXED_ASSETS,12862945466334.0,ACTUAL,VNSTOCK_BRONZE
VNM,LATEST,balance_sheet,BS_TANGIBLE_FIXED_ASSETS,11811988346887.0,ACTUAL,VNSTOCK_BRONZE
VNM,LATEST,balance_sheet,BS_TANGIBLE_FIXED_ASSETS_COST,34365301921007.0,ACTUAL,VNSTOCK_BRONZE
VNM,LATEST,balance_sheet,BS_TANGIBLE_FIXED_ASSETS_ACCUMULATED_DEPRECIATION,-22553313574120.0,ACTUAL,VNSTOCK_BRONZE
VNM,LATEST,balance_sheet,BS_FINANCE_LEASE_FIXED_ASSETS,0.0,ACTUAL,VNSTOCK_BRONZE
VNM,LATEST,balance_sheet,BS_FINANCE_LEASE_FIXED_ASSETS_COST,0.0,ACTUAL,VNSTOCK_BRONZE
VNM,LATEST,balance_sheet,BS_FINANCE_LEASE_FIXED_ASSETS_ACCUMULATED_DEPRECIATION,-0.0,ACTUAL,VNSTOCK_BRONZE
VNM,LATEST,balance_sheet,BS_INTANGIBLE_FIXED_ASSETS,1050957119447.0,ACTUAL,VNSTOCK_BRONZE
VNM,LATEST,balance_sheet,BS_INTANGIBLE_FIXED_ASSETS_COST,1544551578856.0,ACTUAL,VNSTOCK_BRONZE
VNM,LATEST,balance_sheet,BS_INTANGIBLE_FIXED_ASSETS_ACCUMULATED_DEPRECIATION,-493594459409.0,ACTUAL,VNSTOCK_BRONZE
VNM,LATEST,balance_sheet,BS_INVESTMENT_PROPERTIES,52191022746.0,ACTUAL,VNSTOCK_BRONZE
VNM,LATEST,balance_sheet,BS_INVESTMENT_PROPERTIES_COST,98822678885.0,ACTUAL,VNSTOCK_BRONZE
VNM,LATEST,balance_sheet,BS_INVESTMENT_PROPERTIES_ACCUMULATED_DEPRECIATION,-46631656139.0,ACTUAL,VNSTOCK_BRONZE
VNM,LATEST,balance_sheet,BS_CONSTRUCTION_IN_PROGRESS,1220522383830.0,ACTUAL,VNSTOCK_BRONZE
VNM,LATEST,balance_sheet,BS_LONG_TERM_PRODUCTION_IN_PROGRESS,417929014377.0,ACTUAL,VNSTOCK_BRONZE
VNM,LATEST,balance_sheet,BS_CAPITAL_CONSTRUCTION_IN_PROGRESS,802593369453.0,ACTUAL,VNSTOCK_BRONZE
VNM,LATEST,balance_sheet,BS_LONG_TERM_INVESTMENTS,820153506859.0,ACTUAL,VNSTOCK_BRONZE
VNM,LATEST,balance_sheet,BS_INVESTMENTS_IN_JOINT_VENTURES,439261377352.0,ACTUAL,VNSTOCK_BRONZE
VNM,LATEST,balance_sheet,BS_OTHER_LONG_TERM_INVESTMENTS,94580895081.0,ACTUAL,VNSTOCK_BRONZE
VNM,LATEST,balance_sheet,BS_PROVISION_LONG_TERM_INVESTMENTS,-23983512327.0,ACTUAL,VNSTOCK_BRONZE
VNM,LATEST,balance_sheet,BS_HELD_TO_MATURITY_INVESTMENTS,310294746753.0,ACTUAL,VNSTOCK_BRONZE
VNM,LATEST,balance_sheet,BS_OTHER_LONG_TERM_ASSETS,1954084125070.0,ACTUAL,VNSTOCK_BRONZE
VNM,LATEST,balance_sheet,BS_LONG_TERM_PREPAYMENTS,982715156021.0,ACTUAL,VNSTOCK_BRONZE
VNM,LATEST,balance_sheet,BS_DEFERRED_TAX_ASSETS,79833541328.0,ACTUAL,VNSTOCK_BRONZE
VNM,LATEST,balance_sheet,BS_LONG_TERM_EQUIPMENT_SUPPLIES_SPARE_PARTS,0.0,ACTUAL,VNSTOCK_BRONZE
VNM,LATEST,balance_sheet,BS_OTHER_LONG_TERM_ASSETS_DETAIL,0.0,ACTUAL,VNSTOCK_BRONZE
VNM,LATEST,balance_sheet,BS_GOODWILL,891535427721.0,ACTUAL,VNSTOCK_BRONZE
VNM,LATEST,balance_sheet,BS_TOTAL_ASSETS,55677822006663.0,ACTUAL,VNSTOCK_BRONZE
VNM,LATEST,balance_sheet,BS_TOTAL_LIABILITIES,17725023298796.0,ACTUAL,VNSTOCK_BRONZE
VNM,LATEST,balance_sheet,BS_SHORT_TERM_LIABILITIES,17327809293171.0,ACTUAL,VNSTOCK_BRONZE
VNM,LATEST,balance_sheet,BS_GOVERNMENT_BOND_REPURCHASE_TRANSACTIONS,0.0,ACTUAL,VNSTOCK_BRONZE
VNM,LATEST,balance_sheet,BS_TRADE_ACCOUNTS_PAYABLE,3494295296543.0,ACTUAL,VNSTOCK_BRONZE
VNM,LATEST,balance_sheet,BS_ADVANCES_FROM_CUSTOMERS,272600338602.0,ACTUAL,VNSTOCK_BRONZE
VNM,LATEST,balance_sheet,BS_TAXES_AND_OTHER_PAYABLES_TO_STATE_AUTHORITIES,1945039428713.0,ACTUAL,VNSTOCK_BRONZE
VNM,LATEST,balance_sheet,BS_PAYABLE_TO_EMPLOYEES,276401654686.0,ACTUAL,VNSTOCK_BRONZE
VNM,LATEST,balance_sheet,BS_ACCRUED_EXPENSES,2174601563904.0,ACTUAL,VNSTOCK_BRONZE
VNM,LATEST,balance_sheet,BS_SHORT_TERM_UNEARNED_REVENUE,110138188.0,ACTUAL,VNSTOCK_BRONZE
VNM,LATEST,balance_sheet,BS_OTHER_PAYABLES,90417007671.0,ACTUAL,VNSTOCK_BRONZE
VNM,LATEST,balance_sheet,BS_SHORT_TERM_BORROWINGS,8124847764469.0,ACTUAL,VNSTOCK_BRONZE
VNM,LATEST,balance_sheet,BS_SHORT_TERM_PROVISIONS,8782792507.0,ACTUAL,VNSTOCK_BRONZE
VNM,LATEST,balance_sheet,BS_BONUS_AND_WELFARE_FUND,940713307888.0,ACTUAL,VNSTOCK_BRONZE
VNM,LATEST,balance_sheet,BS_LONG_TERM_LIABILITIES,397214005625.0,ACTUAL,VNSTOCK_BRONZE
VNM,LATEST,balance_sheet,BS_LONG_TERM_TRADE_PAYABLES,0.0,ACTUAL,VNSTOCK_BRONZE
VNM,LATEST,balance_sheet,BS_LONG_TERM_ACCRUED_EXPENSES,0.0,ACTUAL,VNSTOCK_BRONZE
VNM,LATEST,balance_sheet,BS_LONG_TERM_UNEARNED_REVENUE,0.0,ACTUAL,VNSTOCK_BRONZE
VNM,LATEST,balance_sheet,BS_OTHER_LONG_TERM_LIABILITIES,654969852.0,ACTUAL,VNSTOCK_BRONZE
VNM,LATEST,balance_sheet,BS_LONG_TERM_BORROWINGS,147666530200.0,ACTUAL,VNSTOCK_BRONZE
VNM,LATEST,balance_sheet,BS_DEFERRED_TAX_LIABILITIES,248892505573.0,ACTUAL,VNSTOCK_BRONZE
VNM,LATEST,balance_sheet,BS_LONG_TERM_PROVISIONS,0.0,ACTUAL,VNSTOCK_BRONZE
VNM,LATEST,balance_sheet,BS_EQUITY,37952798707867.0,ACTUAL,VNSTOCK_BRONZE
VNM,LATEST,balance_sheet,BS_OWNERS_EQUITY,37952798707867.0,ACTUAL,VNSTOCK_BRONZE
VNM,LATEST,balance_sheet,BS_CHARTER_CAPITAL,20899554450000.0,ACTUAL,VNSTOCK_BRONZE
VNM,LATEST,balance_sheet,BS_CAPITAL_FROM_OWNERS,20899554450000.0,ACTUAL,VNSTOCK_BRONZE
VNM,LATEST,balance_sheet,BS_SHARE_PREMIUM,34110709700.0,ACTUAL,VNSTOCK_BRONZE
VNM,LATEST,balance_sheet,BS_OTHER_CAPITAL,746826728845.0,ACTUAL,VNSTOCK_BRONZE
VNM,LATEST,balance_sheet,BS_TREASURY_SHARES,0.0,ACTUAL,VNSTOCK_BRONZE
VNM,LATEST,balance_sheet,BS_FOREIGN_EXCHANGE_DIFFERENCES,412111093973.0,ACTUAL,VNSTOCK_BRONZE
VNM,LATEST,balance_sheet,BS_INVESTMENT_AND_DEVELOPMENT_FUND,78722924597.0,ACTUAL,VNSTOCK_BRONZE
VNM,LATEST,balance_sheet,BS_RETAINED_EARNINGS,11926642770429.0,ACTUAL,VNSTOCK_BRONZE
VNM,LATEST,balance_sheet,BS_ACCUMULATED_RETAINED_EARNING_AT_THE_END_OF_THE_PREVIOUS_PERIOD,6066482401963.0,ACTUAL,VNSTOCK_BRONZE
VNM,LATEST,balance_sheet,BS_PROFIT_THIS_PERIOD,5860160368466.0,ACTUAL,VNSTOCK_BRONZE
VNM,LATEST,balance_sheet,BS_MINORITY_INTEREST,3854830030323.0,ACTUAL,VNSTOCK_BRONZE
VNM,LATEST,balance_sheet,BS_TOTAL_LIABILITIES_AND_EQUITY,55677822006663.0,ACTUAL,VNSTOCK_BRONZE
VNM,LATEST,balance_sheet,BS_SHORT_TERM_ASSETS,36261180908033.0,ACTUAL,VNSTOCK_BRONZE
VNM,LATEST,balance_sheet,BS_CASH_AND_PRECIOUS_METALS,1794879718871.0,ACTUAL,VNSTOCK_BRONZE
VNM,LATEST,balance_sheet,BS_CASH,1630879718871.0,ACTUAL,VNSTOCK_BRONZE
VNM,LATEST,balance_sheet,BS_CASH_EQUIVALENTS,164000000000.0,ACTUAL,VNSTOCK_BRONZE
VNM,LATEST,balance_sheet,BS_SHORT_TERM_INVESTMENTS,21354863600460.0,ACTUAL,VNSTOCK_BRONZE
VNM,LATEST,balance_sheet,BS_FVTPL_FINANCIAL_ASSETS,1288677349.0,ACTUAL,VNSTOCK_BRONZE
VNM,LATEST,balance_sheet,BS_PROVISIONS_FOR_IMPAIRMENT_LOSS_OF_FINANCIAL_ASSETS_AND_MORTGAGES,-849021293.0,ACTUAL,VNSTOCK_BRONZE
VNM,LATEST,balance_sheet,BS_HELD_TO_MATURITY_SECURITIES,21354423944404.0,ACTUAL,VNSTOCK_BRONZE
VNM,LATEST,balance_sheet,BS_SHORT_TERM_RECEIVABLES,6027719081073.0,ACTUAL,VNSTOCK_BRONZE
VNM,LATEST,balance_sheet,BS_TRADE_RECEIVABLES,4701653413423.0,ACTUAL,VNSTOCK_BRONZE
VNM,LATEST,balance_sheet,BS_PREPAYMENTS_TO_SUPPLIERS,443955080617.0,ACTUAL,VNSTOCK_BRONZE
VNM,LATEST,balance_sheet,BS_SHORT_TERM_LOAN_RECEIVABLES,0.0,ACTUAL,VNSTOCK_BRONZE
VNM,LATEST,balance_sheet,BS_OTHER_RECEIVABLES,915887527352.0,ACTUAL,VNSTOCK_BRONZE
VNM,LATEST,balance_sheet,BS_PROVISION_DOUBTFUL_DEBTS,-33776940319.0,ACTUAL,VNSTOCK_BRONZE
VNM,LATEST,balance_sheet,BS_ASSETS_AWAITING_RESOLUTION,0.0,ACTUAL,VNSTOCK_BRONZE
VNM,LATEST,balance_sheet,BS_INVENTORIES,6839279842936.0,ACTUAL,VNSTOCK_BRONZE
VNM,LATEST,balance_sheet,BS_INVENTORIES_GROSS,6897878201557.0,ACTUAL,VNSTOCK_BRONZE
VNM,LATEST,balance_sheet,BS_PROVISION_INVENTORIES,-58598358621.0,ACTUAL,VNSTOCK_BRONZE
VNM,LATEST,balance_sheet,BS_OTHER_SHORT_TERM_ASSETS,244438664693.0,ACTUAL,VNSTOCK_BRONZE
VNM,LATEST,balance_sheet,BS_SHORT_TERM_PREPAYMENTS,150006422830.0,ACTUAL,VNSTOCK_BRONZE
VNM,LATEST,balance_sheet,BS_DEDUCTIBLE_VALUE_ADDED_TAX,64351825929.0,ACTUAL,VNSTOCK_BRONZE
VNM,LATEST,balance_sheet,BS_TAXES_AND_OTHER_RECEIVABLES_FROM_STATE_AUTHORITIES,30080415934.0,ACTUAL,VNSTOCK_BRONZE
VNM,LATEST,balance_sheet,BS_LONG_TERM_ASSETS,17051189809268.0,ACTUAL,VNSTOCK_BRONZE
VNM,LATEST,balance_sheet,BS_LONG_TERM_RECEIVABLES,23255275322.0,ACTUAL,VNSTOCK_BRONZE
VNM,LATEST,balance_sheet,BS_LONG_TERM_TRADE_RECEIVABLES,0.0,ACTUAL,VNSTOCK_BRONZE
VNM,LATEST,balance_sheet,BS_LONG_TERM_LOAN_RECEIVABLES,0.0,ACTUAL,VNSTOCK_BRONZE
VNM,LATEST,balance_sheet,BS_OTHER_LONG_TERM_RECEIVABLES_LEGACY,23255275322.0,ACTUAL,VNSTOCK_BRONZE
VNM,LATEST,balance_sheet,BS_FIXED_ASSETS,12648916412221.0,ACTUAL,VNSTOCK_BRONZE
VNM,LATEST,balance_sheet,BS_TANGIBLE_FIXED_ASSETS,11618118961976.0,ACTUAL,VNSTOCK_BRONZE
VNM,LATEST,balance_sheet,BS_TANGIBLE_FIXED_ASSETS_COST,34581520458638.0,ACTUAL,VNSTOCK_BRONZE
VNM,LATEST,balance_sheet,BS_TANGIBLE_FIXED_ASSETS_ACCUMULATED_DEPRECIATION,-22963401496662.0,ACTUAL,VNSTOCK_BRONZE
VNM,LATEST,balance_sheet,BS_FINANCE_LEASE_FIXED_ASSETS,0.0,ACTUAL,VNSTOCK_BRONZE
VNM,LATEST,balance_sheet,BS_FINANCE_LEASE_FIXED_ASSETS_COST,0.0,ACTUAL,VNSTOCK_BRONZE
VNM,LATEST,balance_sheet,BS_FINANCE_LEASE_FIXED_ASSETS_ACCUMULATED_DEPRECIATION,-0.0,ACTUAL,VNSTOCK_BRONZE
VNM,LATEST,balance_sheet,BS_INTANGIBLE_FIXED_ASSETS,1030797450245.0,ACTUAL,VNSTOCK_BRONZE
VNM,LATEST,balance_sheet,BS_INTANGIBLE_FIXED_ASSETS_COST,1545930249660.0,ACTUAL,VNSTOCK_BRONZE
VNM,LATEST,balance_sheet,BS_INTANGIBLE_FIXED_ASSETS_ACCUMULATED_DEPRECIATION,-515132799415.0,ACTUAL,VNSTOCK_BRONZE
VNM,LATEST,balance_sheet,BS_INVESTMENT_PROPERTIES,51780183216.0,ACTUAL,VNSTOCK_BRONZE
VNM,LATEST,balance_sheet,BS_INVESTMENT_PROPERTIES_COST,98822678885.0,ACTUAL,VNSTOCK_BRONZE
VNM,LATEST,balance_sheet,BS_INVESTMENT_PROPERTIES_ACCUMULATED_DEPRECIATION,-47042495669.0,ACTUAL,VNSTOCK_BRONZE
VNM,LATEST,balance_sheet,BS_CONSTRUCTION_IN_PROGRESS,1320803519138.0,ACTUAL,VNSTOCK_BRONZE
VNM,LATEST,balance_sheet,BS_LONG_TERM_PRODUCTION_IN_PROGRESS,449020626377.0,ACTUAL,VNSTOCK_BRONZE
VNM,LATEST,balance_sheet,BS_CAPITAL_CONSTRUCTION_IN_PROGRESS,871782892761.0,ACTUAL,VNSTOCK_BRONZE
VNM,LATEST,balance_sheet,BS_LONG_TERM_INVESTMENTS,957072946110.0,ACTUAL,VNSTOCK_BRONZE
VNM,LATEST,balance_sheet,BS_INVESTMENTS_IN_JOINT_VENTURES,511184069624.0,ACTUAL,VNSTOCK_BRONZE
VNM,LATEST,balance_sheet,BS_OTHER_LONG_TERM_INVESTMENTS,94578411081.0,ACTUAL,VNSTOCK_BRONZE
VNM,LATEST,balance_sheet,BS_PROVISION_LONG_TERM_INVESTMENTS,-23983512327.0,ACTUAL,VNSTOCK_BRONZE
VNM,LATEST,balance_sheet,BS_HELD_TO_MATURITY_INVESTMENTS,375293977732.0,ACTUAL,VNSTOCK_BRONZE
VNM,LATEST,balance_sheet,BS_OTHER_LONG_TERM_ASSETS,2049361473261.0,ACTUAL,VNSTOCK_BRONZE
VNM,LATEST,balance_sheet,BS_LONG_TERM_PREPAYMENTS,1104735884699.0,ACTUAL,VNSTOCK_BRONZE
VNM,LATEST,balance_sheet,BS_DEFERRED_TAX_ASSETS,115261492741.0,ACTUAL,VNSTOCK_BRONZE
VNM,LATEST,balance_sheet,BS_LONG_TERM_EQUIPMENT_SUPPLIES_SPARE_PARTS,0.0,ACTUAL,VNSTOCK_BRONZE
VNM,LATEST,balance_sheet,BS_OTHER_LONG_TERM_ASSETS_DETAIL,0.0,ACTUAL,VNSTOCK_BRONZE
VNM,LATEST,balance_sheet,BS_GOODWILL,829364095821.0,ACTUAL,VNSTOCK_BRONZE
VNM,LATEST,balance_sheet,BS_TOTAL_ASSETS,53312370717301.0,ACTUAL,VNSTOCK_BRONZE
VNM,LATEST,balance_sheet,BS_TOTAL_LIABILITIES,18829355431194.0,ACTUAL,VNSTOCK_BRONZE
VNM,LATEST,balance_sheet,BS_SHORT_TERM_LIABILITIES,18520286019795.0,ACTUAL,VNSTOCK_BRONZE
VNM,LATEST,balance_sheet,BS_GOVERNMENT_BOND_REPURCHASE_TRANSACTIONS,0.0,ACTUAL,VNSTOCK_BRONZE
VNM,LATEST,balance_sheet,BS_TRADE_ACCOUNTS_PAYABLE,3923308706878.0,ACTUAL,VNSTOCK_BRONZE
VNM,LATEST,balance_sheet,BS_ADVANCES_FROM_CUSTOMERS,253080586375.0,ACTUAL,VNSTOCK_BRONZE
VNM,LATEST,balance_sheet,BS_TAXES_AND_OTHER_PAYABLES_TO_STATE_AUTHORITIES,1803999103453.0,ACTUAL,VNSTOCK_BRONZE
VNM,LATEST,balance_sheet,BS_PAYABLE_TO_EMPLOYEES,321578564134.0,ACTUAL,VNSTOCK_BRONZE
VNM,LATEST,balance_sheet,BS_ACCRUED_EXPENSES,1754110130538.0,ACTUAL,VNSTOCK_BRONZE
VNM,LATEST,balance_sheet,BS_SHORT_TERM_UNEARNED_REVENUE,0.0,ACTUAL,VNSTOCK_BRONZE
VNM,LATEST,balance_sheet,BS_OTHER_PAYABLES,102362732591.0,ACTUAL,VNSTOCK_BRONZE
VNM,LATEST,balance_sheet,BS_SHORT_TERM_BORROWINGS,9393736731992.0,ACTUAL,VNSTOCK_BRONZE
VNM,LATEST,balance_sheet,BS_SHORT_TERM_PROVISIONS,15062839525.0,ACTUAL,VNSTOCK_BRONZE
VNM,LATEST,balance_sheet,BS_BONUS_AND_WELFARE_FUND,953046624309.0,ACTUAL,VNSTOCK_BRONZE
VNM,LATEST,balance_sheet,BS_LONG_TERM_LIABILITIES,309069411399.0,ACTUAL,VNSTOCK_BRONZE
VNM,LATEST,balance_sheet,BS_LONG_TERM_TRADE_PAYABLES,0.0,ACTUAL,VNSTOCK_BRONZE
VNM,LATEST,balance_sheet,BS_LONG_TERM_ACCRUED_EXPENSES,0.0,ACTUAL,VNSTOCK_BRONZE
VNM,LATEST,balance_sheet,BS_LONG_TERM_UNEARNED_REVENUE,0.0,ACTUAL,VNSTOCK_BRONZE
VNM,LATEST,balance_sheet,BS_OTHER_LONG_TERM_LIABILITIES,614465489.0,ACTUAL,VNSTOCK_BRONZE
VNM,LATEST,balance_sheet,BS_LONG_TERM_BORROWINGS,62907826150.0,ACTUAL,VNSTOCK_BRONZE
VNM,LATEST,balance_sheet,BS_DEFERRED_TAX_LIABILITIES,245547119760.0,ACTUAL,VNSTOCK_BRONZE
VNM,LATEST,balance_sheet,BS_LONG_TERM_PROVISIONS,0.0,ACTUAL,VNSTOCK_BRONZE
VNM,LATEST,balance_sheet,BS_EQUITY,34483015286107.0,ACTUAL,VNSTOCK_BRONZE
VNM,LATEST,balance_sheet,BS_OWNERS_EQUITY,34483015286107.0,ACTUAL,VNSTOCK_BRONZE
VNM,LATEST,balance_sheet,BS_CHARTER_CAPITAL,20899554450000.0,ACTUAL,VNSTOCK_BRONZE
VNM,LATEST,balance_sheet,BS_CAPITAL_FROM_OWNERS,20899554450000.0,ACTUAL,VNSTOCK_BRONZE
VNM,LATEST,balance_sheet,BS_SHARE_PREMIUM,34110709700.0,ACTUAL,VNSTOCK_BRONZE
VNM,LATEST,balance_sheet,BS_OTHER_CAPITAL,746826728845.0,ACTUAL,VNSTOCK_BRONZE
VNM,LATEST,balance_sheet,BS_TREASURY_SHARES,0.0,ACTUAL,VNSTOCK_BRONZE
VNM,LATEST,balance_sheet,BS_FOREIGN_EXCHANGE_DIFFERENCES,403591671521.0,ACTUAL,VNSTOCK_BRONZE
VNM,LATEST,balance_sheet,BS_INVESTMENT_AND_DEVELOPMENT_FUND,78722924597.0,ACTUAL,VNSTOCK_BRONZE
VNM,LATEST,balance_sheet,BS_RETAINED_EARNINGS,8522576422223.0,ACTUAL,VNSTOCK_BRONZE
VNM,LATEST,balance_sheet,BS_ACCUMULATED_RETAINED_EARNING_AT_THE_END_OF_THE_PREVIOUS_PERIOD,5330404883138.0,ACTUAL,VNSTOCK_BRONZE
VNM,LATEST,balance_sheet,BS_PROFIT_THIS_PERIOD,3192171539085.0,ACTUAL,VNSTOCK_BRONZE
VNM,LATEST,balance_sheet,BS_MINORITY_INTEREST,3797632379221.0,ACTUAL,VNSTOCK_BRONZE
VNM,LATEST,balance_sheet,BS_TOTAL_LIABILITIES_AND_EQUITY,53312370717301.0,ACTUAL,VNSTOCK_BRONZE
VNM,LATEST,balance_sheet,BS_SHORT_TERM_ASSETS,38757016956726.0,ACTUAL,VNSTOCK_BRONZE
VNM,LATEST,balance_sheet,BS_CASH_AND_PRECIOUS_METALS,2077596293461.0,ACTUAL,VNSTOCK_BRONZE
VNM,LATEST,balance_sheet,BS_CASH,2003596293461.0,ACTUAL,VNSTOCK_BRONZE
VNM,LATEST,balance_sheet,BS_CASH_EQUIVALENTS,74000000000.0,ACTUAL,VNSTOCK_BRONZE
VNM,LATEST,balance_sheet,BS_SHORT_TERM_INVESTMENTS,23002417266337.0,ACTUAL,VNSTOCK_BRONZE
VNM,LATEST,balance_sheet,BS_FVTPL_FINANCIAL_ASSETS,1282326057.0,ACTUAL,VNSTOCK_BRONZE
VNM,LATEST,balance_sheet,BS_PROVISIONS_FOR_IMPAIRMENT_LOSS_OF_FINANCIAL_ASSETS_AND_MORTGAGES,-844836861.0,ACTUAL,VNSTOCK_BRONZE
VNM,LATEST,balance_sheet,BS_HELD_TO_MATURITY_SECURITIES,23001979777141.0,ACTUAL,VNSTOCK_BRONZE
VNM,LATEST,balance_sheet,BS_SHORT_TERM_RECEIVABLES,5591443574678.0,ACTUAL,VNSTOCK_BRONZE
VNM,LATEST,balance_sheet,BS_TRADE_RECEIVABLES,4883108025108.0,ACTUAL,VNSTOCK_BRONZE
VNM,LATEST,balance_sheet,BS_PREPAYMENTS_TO_SUPPLIERS,399014486833.0,ACTUAL,VNSTOCK_BRONZE
VNM,LATEST,balance_sheet,BS_SHORT_TERM_LOAN_RECEIVABLES,0.0,ACTUAL,VNSTOCK_BRONZE
VNM,LATEST,balance_sheet,BS_OTHER_RECEIVABLES,328934959443.0,ACTUAL,VNSTOCK_BRONZE
VNM,LATEST,balance_sheet,BS_PROVISION_DOUBTFUL_DEBTS,-19613896706.0,ACTUAL,VNSTOCK_BRONZE
VNM,LATEST,balance_sheet,BS_ASSETS_AWAITING_RESOLUTION,0.0,ACTUAL,VNSTOCK_BRONZE
VNM,LATEST,balance_sheet,BS_INVENTORIES,7399150703886.0,ACTUAL,VNSTOCK_BRONZE
VNM,LATEST,balance_sheet,BS_INVENTORIES_GROSS,7443662303421.0,ACTUAL,VNSTOCK_BRONZE
VNM,LATEST,balance_sheet,BS_PROVISION_INVENTORIES,-44511599535.0,ACTUAL,VNSTOCK_BRONZE
VNM,LATEST,balance_sheet,BS_OTHER_SHORT_TERM_ASSETS,357436468461.0,ACTUAL,VNSTOCK_BRONZE
VNM,LATEST,balance_sheet,BS_SHORT_TERM_PREPAYMENTS,225502348690.0,ACTUAL,VNSTOCK_BRONZE
VNM,LATEST,balance_sheet,BS_DEDUCTIBLE_VALUE_ADDED_TAX,108365099975.0,ACTUAL,VNSTOCK_BRONZE
VNM,LATEST,balance_sheet,BS_TAXES_AND_OTHER_RECEIVABLES_FROM_STATE_AUTHORITIES,23569019796.0,ACTUAL,VNSTOCK_BRONZE
VNM,LATEST,balance_sheet,BS_LONG_TERM_ASSETS,16671994170443.0,ACTUAL,VNSTOCK_BRONZE
VNM,LATEST,balance_sheet,BS_LONG_TERM_RECEIVABLES,24422980392.0,ACTUAL,VNSTOCK_BRONZE
VNM,LATEST,balance_sheet,BS_LONG_TERM_TRADE_RECEIVABLES,0.0,ACTUAL,VNSTOCK_BRONZE
VNM,LATEST,balance_sheet,BS_LONG_TERM_LOAN_RECEIVABLES,0.0,ACTUAL,VNSTOCK_BRONZE
VNM,LATEST,balance_sheet,BS_OTHER_LONG_TERM_RECEIVABLES_LEGACY,24422980392.0,ACTUAL,VNSTOCK_BRONZE
VNM,LATEST,balance_sheet,BS_FIXED_ASSETS,11345204839583.0,ACTUAL,VNSTOCK_BRONZE
VNM,LATEST,balance_sheet,BS_TANGIBLE_FIXED_ASSETS,10336341909528.0,ACTUAL,VNSTOCK_BRONZE
VNM,LATEST,balance_sheet,BS_TANGIBLE_FIXED_ASSETS_COST,33106866075556.0,ACTUAL,VNSTOCK_BRONZE
VNM,LATEST,balance_sheet,BS_TANGIBLE_FIXED_ASSETS_ACCUMULATED_DEPRECIATION,-22770524166028.0,ACTUAL,VNSTOCK_BRONZE
VNM,LATEST,balance_sheet,BS_FINANCE_LEASE_FIXED_ASSETS,0.0,ACTUAL,VNSTOCK_BRONZE
VNM,LATEST,balance_sheet,BS_FINANCE_LEASE_FIXED_ASSETS_COST,0.0,ACTUAL,VNSTOCK_BRONZE
VNM,LATEST,balance_sheet,BS_FINANCE_LEASE_FIXED_ASSETS_ACCUMULATED_DEPRECIATION,-0.0,ACTUAL,VNSTOCK_BRONZE
VNM,LATEST,balance_sheet,BS_INTANGIBLE_FIXED_ASSETS,1008862930055.0,ACTUAL,VNSTOCK_BRONZE
VNM,LATEST,balance_sheet,BS_INTANGIBLE_FIXED_ASSETS_COST,1544873805694.0,ACTUAL,VNSTOCK_BRONZE
VNM,LATEST,balance_sheet,BS_INTANGIBLE_FIXED_ASSETS_ACCUMULATED_DEPRECIATION,-536010875639.0,ACTUAL,VNSTOCK_BRONZE
VNM,LATEST,balance_sheet,BS_INVESTMENT_PROPERTIES,51369343671.0,ACTUAL,VNSTOCK_BRONZE
VNM,LATEST,balance_sheet,BS_INVESTMENT_PROPERTIES_COST,98822678885.0,ACTUAL,VNSTOCK_BRONZE
VNM,LATEST,balance_sheet,BS_INVESTMENT_PROPERTIES_ACCUMULATED_DEPRECIATION,-47453335214.0,ACTUAL,VNSTOCK_BRONZE
VNM,LATEST,balance_sheet,BS_CONSTRUCTION_IN_PROGRESS,952283160014.0,ACTUAL,VNSTOCK_BRONZE
VNM,LATEST,balance_sheet,BS_LONG_TERM_PRODUCTION_IN_PROGRESS,0.0,ACTUAL,VNSTOCK_BRONZE
VNM,LATEST,balance_sheet,BS_CAPITAL_CONSTRUCTION_IN_PROGRESS,952283160014.0,ACTUAL,VNSTOCK_BRONZE
VNM,LATEST,balance_sheet,BS_LONG_TERM_INVESTMENTS,731122842851.0,ACTUAL,VNSTOCK_BRONZE
VNM,LATEST,balance_sheet,BS_INVESTMENTS_IN_JOINT_VENTURES,559643875893.0,ACTUAL,VNSTOCK_BRONZE
VNM,LATEST,balance_sheet,BS_OTHER_LONG_TERM_INVESTMENTS,94573731081.0,ACTUAL,VNSTOCK_BRONZE
VNM,LATEST,balance_sheet,BS_PROVISION_LONG_TERM_INVESTMENTS,-23983512327.0,ACTUAL,VNSTOCK_BRONZE
VNM,LATEST,balance_sheet,BS_HELD_TO_MATURITY_INVESTMENTS,100888748204.0,ACTUAL,VNSTOCK_BRONZE
VNM,LATEST,balance_sheet,BS_OTHER_LONG_TERM_ASSETS,2003654299617.0,ACTUAL,VNSTOCK_BRONZE
VNM,LATEST,balance_sheet,BS_LONG_TERM_PREPAYMENTS,1160007098166.0,ACTUAL,VNSTOCK_BRONZE
VNM,LATEST,balance_sheet,BS_DEFERRED_TAX_ASSETS,75102886837.0,ACTUAL,VNSTOCK_BRONZE
VNM,LATEST,balance_sheet,BS_LONG_TERM_EQUIPMENT_SUPPLIES_SPARE_PARTS,0.0,ACTUAL,VNSTOCK_BRONZE
VNM,LATEST,balance_sheet,BS_OTHER_LONG_TERM_ASSETS_DETAIL,768544314614.0,ACTUAL,VNSTOCK_BRONZE
VNM,LATEST,balance_sheet,BS_GOODWILL,0.0,ACTUAL,VNSTOCK_BRONZE
VNM,LATEST,balance_sheet,BS_TOTAL_ASSETS,55429011127169.0,ACTUAL,VNSTOCK_BRONZE
VNM,LATEST,balance_sheet,BS_TOTAL_LIABILITIES,18740931850130.0,ACTUAL,VNSTOCK_BRONZE
VNM,LATEST,balance_sheet,BS_SHORT_TERM_LIABILITIES,18456942372620.0,ACTUAL,VNSTOCK_BRONZE
VNM,LATEST,balance_sheet,BS_GOVERNMENT_BOND_REPURCHASE_TRANSACTIONS,0.0,ACTUAL,VNSTOCK_BRONZE
VNM,LATEST,balance_sheet,BS_TRADE_ACCOUNTS_PAYABLE,4069389793645.0,ACTUAL,VNSTOCK_BRONZE
VNM,LATEST,balance_sheet,BS_ADVANCES_FROM_CUSTOMERS,308888346918.0,ACTUAL,VNSTOCK_BRONZE
VNM,LATEST,balance_sheet,BS_TAXES_AND_OTHER_PAYABLES_TO_STATE_AUTHORITIES,763205704778.0,ACTUAL,VNSTOCK_BRONZE
VNM,LATEST,balance_sheet,BS_PAYABLE_TO_EMPLOYEES,231833465495.0,ACTUAL,VNSTOCK_BRONZE
VNM,LATEST,balance_sheet,BS_ACCRUED_EXPENSES,1865098650340.0,ACTUAL,VNSTOCK_BRONZE
VNM,LATEST,balance_sheet,BS_SHORT_TERM_UNEARNED_REVENUE,227229090.0,ACTUAL,VNSTOCK_BRONZE
VNM,LATEST,balance_sheet,BS_OTHER_PAYABLES,113223880719.0,ACTUAL,VNSTOCK_BRONZE
VNM,LATEST,balance_sheet,BS_SHORT_TERM_BORROWINGS,10334848158086.0,ACTUAL,VNSTOCK_BRONZE
VNM,LATEST,balance_sheet,BS_SHORT_TERM_PROVISIONS,12350476840.0,ACTUAL,VNSTOCK_BRONZE
VNM,LATEST,balance_sheet,BS_BONUS_AND_WELFARE_FUND,749549543909.0,ACTUAL,VNSTOCK_BRONZE
VNM,LATEST,balance_sheet,BS_LONG_TERM_LIABILITIES,283989477510.0,ACTUAL,VNSTOCK_BRONZE
VNM,LATEST,balance_sheet,BS_LONG_TERM_TRADE_PAYABLES,0.0,ACTUAL,VNSTOCK_BRONZE
VNM,LATEST,balance_sheet,BS_LONG_TERM_ACCRUED_EXPENSES,0.0,ACTUAL,VNSTOCK_BRONZE
VNM,LATEST,balance_sheet,BS_LONG_TERM_UNEARNED_REVENUE,0.0,ACTUAL,VNSTOCK_BRONZE
VNM,LATEST,balance_sheet,BS_OTHER_LONG_TERM_LIABILITIES,564880966.0,ACTUAL,VNSTOCK_BRONZE
VNM,LATEST,balance_sheet,BS_LONG_TERM_BORROWINGS,31134191400.0,ACTUAL,VNSTOCK_BRONZE
VNM,LATEST,balance_sheet,BS_DEFERRED_TAX_LIABILITIES,252290405144.0,ACTUAL,VNSTOCK_BRONZE
VNM,LATEST,balance_sheet,BS_LONG_TERM_PROVISIONS,0.0,ACTUAL,VNSTOCK_BRONZE
VNM,LATEST,balance_sheet,BS_EQUITY,36688079277039.0,ACTUAL,VNSTOCK_BRONZE
VNM,LATEST,balance_sheet,BS_OWNERS_EQUITY,36688079277039.0,ACTUAL,VNSTOCK_BRONZE
VNM,LATEST,balance_sheet,BS_CHARTER_CAPITAL,20899554450000.0,ACTUAL,VNSTOCK_BRONZE
VNM,LATEST,balance_sheet,BS_CAPITAL_FROM_OWNERS,20899554450000.0,ACTUAL,VNSTOCK_BRONZE
VNM,LATEST,balance_sheet,BS_SHARE_PREMIUM,34110709700.0,ACTUAL,VNSTOCK_BRONZE
VNM,LATEST,balance_sheet,BS_OTHER_CAPITAL,746826728845.0,ACTUAL,VNSTOCK_BRONZE
VNM,LATEST,balance_sheet,BS_TREASURY_SHARES,0.0,ACTUAL,VNSTOCK_BRONZE
VNM,LATEST,balance_sheet,BS_FOREIGN_EXCHANGE_DIFFERENCES,388309576235.0,ACTUAL,VNSTOCK_BRONZE
VNM,LATEST,balance_sheet,BS_INVESTMENT_AND_DEVELOPMENT_FUND,78722924597.0,ACTUAL,VNSTOCK_BRONZE
VNM,LATEST,balance_sheet,BS_RETAINED_EARNINGS,10719016444406.0,ACTUAL,VNSTOCK_BRONZE
VNM,LATEST,balance_sheet,BS_ACCUMULATED_RETAINED_EARNING_AT_THE_END_OF_THE_PREVIOUS_PERIOD,8522574039949.0,ACTUAL,VNSTOCK_BRONZE
VNM,LATEST,balance_sheet,BS_PROFIT_THIS_PERIOD,2196442404457.0,ACTUAL,VNSTOCK_BRONZE
VNM,LATEST,balance_sheet,BS_MINORITY_INTEREST,3821538443256.0,ACTUAL,VNSTOCK_BRONZE
VNM,LATEST,balance_sheet,BS_TOTAL_LIABILITIES_AND_EQUITY,55429011127169.0,ACTUAL,VNSTOCK_BRONZE
VNM,LATEST,balance_sheet,BS_SHORT_TERM_ASSETS,40892259162483.0,ACTUAL,VNSTOCK_BRONZE
VNM,LATEST,balance_sheet,BS_CASH_AND_PRECIOUS_METALS,4535672366831.0,ACTUAL,VNSTOCK_BRONZE
VNM,LATEST,balance_sheet,BS_CASH,3763870966831.0,ACTUAL,VNSTOCK_BRONZE
VNM,LATEST,balance_sheet,BS_CASH_EQUIVALENTS,771801400000.0,ACTUAL,VNSTOCK_BRONZE
VNM,LATEST,balance_sheet,BS_SHORT_TERM_INVESTMENTS,21967555447949.0,ACTUAL,VNSTOCK_BRONZE
VNM,LATEST,balance_sheet,BS_FVTPL_FINANCIAL_ASSETS,1284231445.0,ACTUAL,VNSTOCK_BRONZE
VNM,LATEST,balance_sheet,BS_PROVISIONS_FOR_IMPAIRMENT_LOSS_OF_FINANCIAL_ASSETS_AND_MORTGAGES,-817155511.0,ACTUAL,VNSTOCK_BRONZE
VNM,LATEST,balance_sheet,BS_HELD_TO_MATURITY_SECURITIES,21967088372015.0,ACTUAL,VNSTOCK_BRONZE
VNM,LATEST,balance_sheet,BS_SHORT_TERM_RECEIVABLES,5949416079195.0,ACTUAL,VNSTOCK_BRONZE
VNM,LATEST,balance_sheet,BS_TRADE_RECEIVABLES,5150211936876.0,ACTUAL,VNSTOCK_BRONZE
VNM,LATEST,balance_sheet,BS_PREPAYMENTS_TO_SUPPLIERS,513178822738.0,ACTUAL,VNSTOCK_BRONZE
VNM,LATEST,balance_sheet,BS_SHORT_TERM_LOAN_RECEIVABLES,0.0,ACTUAL,VNSTOCK_BRONZE
VNM,LATEST,balance_sheet,BS_OTHER_RECEIVABLES,305700755983.0,ACTUAL,VNSTOCK_BRONZE
VNM,LATEST,balance_sheet,BS_PROVISION_DOUBTFUL_DEBTS,-19675436402.0,ACTUAL,VNSTOCK_BRONZE
VNM,LATEST,balance_sheet,BS_ASSETS_AWAITING_RESOLUTION,0.0,ACTUAL,VNSTOCK_BRONZE
VNM,LATEST,balance_sheet,BS_INVENTORIES,7720280777044.0,ACTUAL,VNSTOCK_BRONZE
VNM,LATEST,balance_sheet,BS_INVENTORIES_GROSS,7768442112731.0,ACTUAL,VNSTOCK_BRONZE
VNM,LATEST,balance_sheet,BS_PROVISION_INVENTORIES,-48161335687.0,ACTUAL,VNSTOCK_BRONZE
VNM,LATEST,balance_sheet,BS_OTHER_SHORT_TERM_ASSETS,365156957636.0,ACTUAL,VNSTOCK_BRONZE
VNM,LATEST,balance_sheet,BS_SHORT_TERM_PREPAYMENTS,196299598634.0,ACTUAL,VNSTOCK_BRONZE
VNM,LATEST,balance_sheet,BS_DEDUCTIBLE_VALUE_ADDED_TAX,144125539652.0,ACTUAL,VNSTOCK_BRONZE
VNM,LATEST,balance_sheet,BS_TAXES_AND_OTHER_RECEIVABLES_FROM_STATE_AUTHORITIES,24731819350.0,ACTUAL,VNSTOCK_BRONZE
VNM,LATEST,balance_sheet,BS_LONG_TERM_ASSETS,16559544531392.0,ACTUAL,VNSTOCK_BRONZE
VNM,LATEST,balance_sheet,BS_LONG_TERM_RECEIVABLES,26887906463.0,ACTUAL,VNSTOCK_BRONZE
VNM,LATEST,balance_sheet,BS_LONG_TERM_TRADE_RECEIVABLES,0.0,ACTUAL,VNSTOCK_BRONZE
VNM,LATEST,balance_sheet,BS_LONG_TERM_LOAN_RECEIVABLES,0.0,ACTUAL,VNSTOCK_BRONZE
VNM,LATEST,balance_sheet,BS_OTHER_LONG_TERM_RECEIVABLES_LEGACY,26887906463.0,ACTUAL,VNSTOCK_BRONZE
VNM,LATEST,balance_sheet,BS_FIXED_ASSETS,11254654007383.0,ACTUAL,VNSTOCK_BRONZE
VNM,LATEST,balance_sheet,BS_TANGIBLE_FIXED_ASSETS,10247195293628.0,ACTUAL,VNSTOCK_BRONZE
VNM,LATEST,balance_sheet,BS_TANGIBLE_FIXED_ASSETS_COST,33409096558122.0,ACTUAL,VNSTOCK_BRONZE
VNM,LATEST,balance_sheet,BS_TANGIBLE_FIXED_ASSETS_ACCUMULATED_DEPRECIATION,-23161901264494.0,ACTUAL,VNSTOCK_BRONZE
VNM,LATEST,balance_sheet,BS_FINANCE_LEASE_FIXED_ASSETS,0.0,ACTUAL,VNSTOCK_BRONZE
VNM,LATEST,balance_sheet,BS_FINANCE_LEASE_FIXED_ASSETS_COST,0.0,ACTUAL,VNSTOCK_BRONZE
VNM,LATEST,balance_sheet,BS_FINANCE_LEASE_FIXED_ASSETS_ACCUMULATED_DEPRECIATION,-0.0,ACTUAL,VNSTOCK_BRONZE
VNM,LATEST,balance_sheet,BS_INTANGIBLE_FIXED_ASSETS,1007458713755.0,ACTUAL,VNSTOCK_BRONZE
VNM,LATEST,balance_sheet,BS_INTANGIBLE_FIXED_ASSETS_COST,1564112590840.0,ACTUAL,VNSTOCK_BRONZE
VNM,LATEST,balance_sheet,BS_INTANGIBLE_FIXED_ASSETS_ACCUMULATED_DEPRECIATION,-556653877085.0,ACTUAL,VNSTOCK_BRONZE
VNM,LATEST,balance_sheet,BS_INVESTMENT_PROPERTIES,50958504126.0,ACTUAL,VNSTOCK_BRONZE
VNM,LATEST,balance_sheet,BS_INVESTMENT_PROPERTIES_COST,98822678885.0,ACTUAL,VNSTOCK_BRONZE
VNM,LATEST,balance_sheet,BS_INVESTMENT_PROPERTIES_ACCUMULATED_DEPRECIATION,-47864174759.0,ACTUAL,VNSTOCK_BRONZE
VNM,LATEST,balance_sheet,BS_CONSTRUCTION_IN_PROGRESS,909701013763.0,ACTUAL,VNSTOCK_BRONZE
VNM,LATEST,balance_sheet,BS_LONG_TERM_PRODUCTION_IN_PROGRESS,0.0,ACTUAL,VNSTOCK_BRONZE
VNM,LATEST,balance_sheet,BS_CAPITAL_CONSTRUCTION_IN_PROGRESS,909701013763.0,ACTUAL,VNSTOCK_BRONZE
VNM,LATEST,balance_sheet,BS_LONG_TERM_INVESTMENTS,680745795263.0,ACTUAL,VNSTOCK_BRONZE
VNM,LATEST,balance_sheet,BS_INVESTMENTS_IN_JOINT_VENTURES,610154172509.0,ACTUAL,VNSTOCK_BRONZE
VNM,LATEST,balance_sheet,BS_OTHER_LONG_TERM_INVESTMENTS,94575135081.0,ACTUAL,VNSTOCK_BRONZE
VNM,LATEST,balance_sheet,BS_PROVISION_LONG_TERM_INVESTMENTS,-23983512327.0,ACTUAL,VNSTOCK_BRONZE
VNM,LATEST,balance_sheet,BS_HELD_TO_MATURITY_INVESTMENTS,0.0,ACTUAL,VNSTOCK_BRONZE
VNM,LATEST,balance_sheet,BS_OTHER_LONG_TERM_ASSETS,2037418531827.0,ACTUAL,VNSTOCK_BRONZE
VNM,LATEST,balance_sheet,BS_LONG_TERM_PREPAYMENTS,1252426612414.0,ACTUAL,VNSTOCK_BRONZE
VNM,LATEST,balance_sheet,BS_DEFERRED_TAX_ASSETS,77943161352.0,ACTUAL,VNSTOCK_BRONZE
VNM,LATEST,balance_sheet,BS_LONG_TERM_EQUIPMENT_SUPPLIES_SPARE_PARTS,0.0,ACTUAL,VNSTOCK_BRONZE
VNM,LATEST,balance_sheet,BS_OTHER_LONG_TERM_ASSETS_DETAIL,707048758061.0,ACTUAL,VNSTOCK_BRONZE
VNM,LATEST,balance_sheet,BS_GOODWILL,0.0,ACTUAL,VNSTOCK_BRONZE
VNM,LATEST,balance_sheet,BS_TOTAL_ASSETS,57451803693875.0,ACTUAL,VNSTOCK_BRONZE
VNM,LATEST,balance_sheet,BS_TOTAL_LIABILITIES,21785468719946.0,ACTUAL,VNSTOCK_BRONZE
VNM,LATEST,balance_sheet,BS_SHORT_TERM_LIABILITIES,21423997281718.0,ACTUAL,VNSTOCK_BRONZE
VNM,LATEST,balance_sheet,BS_GOVERNMENT_BOND_REPURCHASE_TRANSACTIONS,0.0,ACTUAL,VNSTOCK_BRONZE
VNM,LATEST,balance_sheet,BS_TRADE_ACCOUNTS_PAYABLE,4219453402995.0,ACTUAL,VNSTOCK_BRONZE
VNM,LATEST,balance_sheet,BS_ADVANCES_FROM_CUSTOMERS,328683406604.0,ACTUAL,VNSTOCK_BRONZE
VNM,LATEST,balance_sheet,BS_TAXES_AND_OTHER_PAYABLES_TO_STATE_AUTHORITIES,1064444198593.0,ACTUAL,VNSTOCK_BRONZE
VNM,LATEST,balance_sheet,BS_PAYABLE_TO_EMPLOYEES,250892765457.0,ACTUAL,VNSTOCK_BRONZE
VNM,LATEST,balance_sheet,BS_ACCRUED_EXPENSES,2234177265546.0,ACTUAL,VNSTOCK_BRONZE
VNM,LATEST,balance_sheet,BS_SHORT_TERM_UNEARNED_REVENUE,122711538.0,ACTUAL,VNSTOCK_BRONZE
VNM,LATEST,balance_sheet,BS_OTHER_PAYABLES,91955251313.0,ACTUAL,VNSTOCK_BRONZE
VNM,LATEST,balance_sheet,BS_SHORT_TERM_BORROWINGS,8323441876837.0,ACTUAL,VNSTOCK_BRONZE
VNM,LATEST,balance_sheet,BS_SHORT_TERM_PROVISIONS,15938195908.0,ACTUAL,VNSTOCK_BRONZE
VNM,LATEST,balance_sheet,BS_BONUS_AND_WELFARE_FUND,1020143510877.0,ACTUAL,VNSTOCK_BRONZE
VNM,LATEST,balance_sheet,BS_LONG_TERM_LIABILITIES,361471438228.0,ACTUAL,VNSTOCK_BRONZE
VNM,LATEST,balance_sheet,BS_LONG_TERM_TRADE_PAYABLES,0.0,ACTUAL,VNSTOCK_BRONZE
VNM,LATEST,balance_sheet,BS_LONG_TERM_ACCRUED_EXPENSES,0.0,ACTUAL,VNSTOCK_BRONZE
VNM,LATEST,balance_sheet,BS_LONG_TERM_UNEARNED_REVENUE,0.0,ACTUAL,VNSTOCK_BRONZE
VNM,LATEST,balance_sheet,BS_OTHER_LONG_TERM_LIABILITIES,564880966.0,ACTUAL,VNSTOCK_BRONZE
VNM,LATEST,balance_sheet,BS_LONG_TERM_BORROWINGS,131430000000.0,ACTUAL,VNSTOCK_BRONZE
VNM,LATEST,balance_sheet,BS_DEFERRED_TAX_LIABILITIES,229476557262.0,ACTUAL,VNSTOCK_BRONZE
VNM,LATEST,balance_sheet,BS_LONG_TERM_PROVISIONS,0.0,ACTUAL,VNSTOCK_BRONZE
VNM,LATEST,balance_sheet,BS_EQUITY,35666334973929.0,ACTUAL,VNSTOCK_BRONZE
VNM,LATEST,balance_sheet,BS_OWNERS_EQUITY,35666334973929.0,ACTUAL,VNSTOCK_BRONZE
VNM,LATEST,balance_sheet,BS_CHARTER_CAPITAL,20899554450000.0,ACTUAL,VNSTOCK_BRONZE
VNM,LATEST,balance_sheet,BS_CAPITAL_FROM_OWNERS,20899554450000.0,ACTUAL,VNSTOCK_BRONZE
VNM,LATEST,balance_sheet,BS_SHARE_PREMIUM,34110709700.0,ACTUAL,VNSTOCK_BRONZE
VNM,LATEST,balance_sheet,BS_OTHER_CAPITAL,746826728845.0,ACTUAL,VNSTOCK_BRONZE
VNM,LATEST,balance_sheet,BS_TREASURY_SHARES,0.0,ACTUAL,VNSTOCK_BRONZE
VNM,LATEST,balance_sheet,BS_FOREIGN_EXCHANGE_DIFFERENCES,393681369441.0,ACTUAL,VNSTOCK_BRONZE
VNM,LATEST,balance_sheet,BS_INVESTMENT_AND_DEVELOPMENT_FUND,0.0,ACTUAL,VNSTOCK_BRONZE
VNM,LATEST,balance_sheet,BS_RETAINED_EARNINGS,9793294211270.0,ACTUAL,VNSTOCK_BRONZE
VNM,LATEST,balance_sheet,BS_ACCUMULATED_RETAINED_EARNING_AT_THE_END_OF_THE_PREVIOUS_PERIOD,4734808877049.0,ACTUAL,VNSTOCK_BRONZE
VNM,LATEST,balance_sheet,BS_PROFIT_THIS_PERIOD,5058485334221.0,ACTUAL,VNSTOCK_BRONZE
VNM,LATEST,balance_sheet,BS_MINORITY_INTEREST,3798867504673.0,ACTUAL,VNSTOCK_BRONZE
VNM,LATEST,balance_sheet,BS_TOTAL_LIABILITIES_AND_EQUITY,57451803693875.0,ACTUAL,VNSTOCK_BRONZE
VNM,LATEST,income_statement,IS_REVENUE,12131963698383.0,ACTUAL,VNSTOCK_BRONZE
VNM,LATEST,income_statement,IS_REVENUE_DEDUCTIONS,-11461677471.0,ACTUAL,VNSTOCK_BRONZE
VNM,LATEST,income_statement,IS_NET_REVENUE,12120502020912.0,ACTUAL,VNSTOCK_BRONZE
VNM,LATEST,income_statement,IS_COST_OF_GOODS_SOLD,-6633808703800.0,ACTUAL,VNSTOCK_BRONZE
VNM,LATEST,income_statement,IS_GROSS_PROFIT,5486693317112.0,ACTUAL,VNSTOCK_BRONZE
VNM,LATEST,income_statement,IS_FINANCIAL_INCOME,190257216242.0,ACTUAL,VNSTOCK_BRONZE
VNM,LATEST,income_statement,IS_FINANCIAL_EXPENSES,-19314174913.0,ACTUAL,VNSTOCK_BRONZE
VNM,LATEST,income_statement,IS_INTEREST_EXPENSES,-8555583980.0,ACTUAL,VNSTOCK_BRONZE
VNM,LATEST,income_statement,IS_SHARE_OF_ASSOCIATES_AND_JOINT_VENTURES_RESULT,14061854211.0,ACTUAL,VNSTOCK_BRONZE
VNM,LATEST,income_statement,IS_SELLING_EXPENSES,-2318536685442.0,ACTUAL,VNSTOCK_BRONZE
VNM,LATEST,income_statement,IS_GENERAL_AND_ADMINISTRATIVE_EXPENSES,-240213522091.0,ACTUAL,VNSTOCK_BRONZE
VNM,LATEST,income_statement,IS_OPERATING_PROFIT,3112948005119.0,ACTUAL,VNSTOCK_BRONZE
VNM,LATEST,income_statement,IS_OTHER_PROFIT,63514886954.0,ACTUAL,VNSTOCK_BRONZE
VNM,LATEST,income_statement,IS_OTHER_INCOME,146116534447.0,ACTUAL,VNSTOCK_BRONZE
VNM,LATEST,income_statement,IS_OTHER_EXPENSES,-82601647493.0,ACTUAL,VNSTOCK_BRONZE
VNM,LATEST,income_statement,IS_PROFIT_BEFORE_TAX,3176462892073.0,ACTUAL,VNSTOCK_BRONZE
VNM,LATEST,income_statement,IS_CORPORATE_INCOME_TAX_EXPENSES,-493417690311.0,ACTUAL,VNSTOCK_BRONZE
VNM,LATEST,income_statement,IS_CURRENT_CORPORATE_INCOME_TAX_EXPENSES,-504757180169.0,ACTUAL,VNSTOCK_BRONZE
VNM,LATEST,income_statement,IS_DEFERRED_INCOME_TAX_EXPENSES,11339489858.0,ACTUAL,VNSTOCK_BRONZE
VNM,LATEST,income_statement,IS_NET_PROFIT_AFTER_TAX,2683045201762.0,ACTUAL,VNSTOCK_BRONZE
VNM,LATEST,income_statement,IS_MINORITY_INTEREST,18268537046.0,ACTUAL,VNSTOCK_BRONZE
VNM,LATEST,income_statement,IS_PROFIT_AFTER_TAX_FOR_SHAREHOLDERS_OF_PARENT_COMPANY,2701313738808.0,ACTUAL,VNSTOCK_BRONZE
VNM,LATEST,income_statement,IS_BASIC_EARNINGS_PER_SHARE,1677.0,ACTUAL,VNSTOCK_BRONZE
VNM,LATEST,income_statement,IS_REVENUE,13738445876697.0,ACTUAL,VNSTOCK_BRONZE
VNM,LATEST,income_statement,IS_REVENUE_DEDUCTIONS,-35965264736.0,ACTUAL,VNSTOCK_BRONZE
VNM,LATEST,income_statement,IS_NET_REVENUE,13702480611961.0,ACTUAL,VNSTOCK_BRONZE
VNM,LATEST,income_statement,IS_COST_OF_GOODS_SOLD,-7233869770150.0,ACTUAL,VNSTOCK_BRONZE
VNM,LATEST,income_statement,IS_GROSS_PROFIT,6468610841811.0,ACTUAL,VNSTOCK_BRONZE
VNM,LATEST,income_statement,IS_FINANCIAL_INCOME,204682217710.0,ACTUAL,VNSTOCK_BRONZE
VNM,LATEST,income_statement,IS_FINANCIAL_EXPENSES,-43269224405.0,ACTUAL,VNSTOCK_BRONZE
VNM,LATEST,income_statement,IS_INTEREST_EXPENSES,-17272008785.0,ACTUAL,VNSTOCK_BRONZE
VNM,LATEST,income_statement,IS_SHARE_OF_ASSOCIATES_AND_JOINT_VENTURES_RESULT,-5581957834.0,ACTUAL,VNSTOCK_BRONZE
VNM,LATEST,income_statement,IS_SELLING_EXPENSES,-3176108660455.0,ACTUAL,VNSTOCK_BRONZE
VNM,LATEST,income_statement,IS_GENERAL_AND_ADMINISTRATIVE_EXPENSES,-275630198859.0,ACTUAL,VNSTOCK_BRONZE
VNM,LATEST,income_statement,IS_OPERATING_PROFIT,3172703017968.0,ACTUAL,VNSTOCK_BRONZE
VNM,LATEST,income_statement,IS_OTHER_PROFIT,-11937312785.0,ACTUAL,VNSTOCK_BRONZE
VNM,LATEST,income_statement,IS_OTHER_INCOME,61246215455.0,ACTUAL,VNSTOCK_BRONZE
VNM,LATEST,income_statement,IS_OTHER_EXPENSES,-73183528240.0,ACTUAL,VNSTOCK_BRONZE
VNM,LATEST,income_statement,IS_PROFIT_BEFORE_TAX,3160765705183.0,ACTUAL,VNSTOCK_BRONZE
VNM,LATEST,income_statement,IS_CORPORATE_INCOME_TAX_EXPENSES,-482927172413.0,ACTUAL,VNSTOCK_BRONZE
VNM,LATEST,income_statement,IS_CURRENT_CORPORATE_INCOME_TAX_EXPENSES,-481277512341.0,ACTUAL,VNSTOCK_BRONZE
VNM,LATEST,income_statement,IS_DEFERRED_INCOME_TAX_EXPENSES,-1649660072.0,ACTUAL,VNSTOCK_BRONZE
VNM,LATEST,income_statement,IS_NET_PROFIT_AFTER_TAX,2677838532770.0,ACTUAL,VNSTOCK_BRONZE
VNM,LATEST,income_statement,IS_MINORITY_INTEREST,11481034115.0,ACTUAL,VNSTOCK_BRONZE
VNM,LATEST,income_statement,IS_PROFIT_AFTER_TAX_FOR_SHAREHOLDERS_OF_PARENT_COMPANY,2666357498655.0,ACTUAL,VNSTOCK_BRONZE
VNM,LATEST,income_statement,IS_BASIC_EARNINGS_PER_SHARE,1662.0,ACTUAL,VNSTOCK_BRONZE
VNM,LATEST,income_statement,IS_REVENUE,13743498637314.0,ACTUAL,VNSTOCK_BRONZE
VNM,LATEST,income_statement,IS_REVENUE_DEDUCTIONS,-8238352165.0,ACTUAL,VNSTOCK_BRONZE
VNM,LATEST,income_statement,IS_NET_REVENUE,13735260285149.0,ACTUAL,VNSTOCK_BRONZE
VNM,LATEST,income_statement,IS_COST_OF_GOODS_SOLD,-7241743387120.0,ACTUAL,VNSTOCK_BRONZE
VNM,LATEST,income_statement,IS_GROSS_PROFIT,6493516898029.0,ACTUAL,VNSTOCK_BRONZE
VNM,LATEST,income_statement,IS_FINANCIAL_INCOME,185624961638.0,ACTUAL,VNSTOCK_BRONZE
VNM,LATEST,income_statement,IS_FINANCIAL_EXPENSES,-30214111816.0,ACTUAL,VNSTOCK_BRONZE
VNM,LATEST,income_statement,IS_INTEREST_EXPENSES,-11981786169.0,ACTUAL,VNSTOCK_BRONZE
VNM,LATEST,income_statement,IS_SHARE_OF_ASSOCIATES_AND_JOINT_VENTURES_RESULT,2434256608.0,ACTUAL,VNSTOCK_BRONZE
VNM,LATEST,income_statement,IS_SELLING_EXPENSES,-3410558802715.0,ACTUAL,VNSTOCK_BRONZE
VNM,LATEST,income_statement,IS_GENERAL_AND_ADMINISTRATIVE_EXPENSES,-286976405586.0,ACTUAL,VNSTOCK_BRONZE
VNM,LATEST,income_statement,IS_OPERATING_PROFIT,2953826796158.0,ACTUAL,VNSTOCK_BRONZE
VNM,LATEST,income_statement,IS_OTHER_PROFIT,80141247698.0,ACTUAL,VNSTOCK_BRONZE
VNM,LATEST,income_statement,IS_OTHER_INCOME,140125403777.0,ACTUAL,VNSTOCK_BRONZE
VNM,LATEST,income_statement,IS_OTHER_EXPENSES,-59984156079.0,ACTUAL,VNSTOCK_BRONZE
VNM,LATEST,income_statement,IS_PROFIT_BEFORE_TAX,3033968043856.0,ACTUAL,VNSTOCK_BRONZE
VNM,LATEST,income_statement,IS_CORPORATE_INCOME_TAX_EXPENSES,-473499178677.0,ACTUAL,VNSTOCK_BRONZE
VNM,LATEST,income_statement,IS_CURRENT_CORPORATE_INCOME_TAX_EXPENSES,-459229929862.0,ACTUAL,VNSTOCK_BRONZE
VNM,LATEST,income_statement,IS_DEFERRED_INCOME_TAX_EXPENSES,-14269248815.0,ACTUAL,VNSTOCK_BRONZE
VNM,LATEST,income_statement,IS_NET_PROFIT_AFTER_TAX,2560468865179.0,ACTUAL,VNSTOCK_BRONZE
VNM,LATEST,income_statement,IS_MINORITY_INTEREST,343553824.0,ACTUAL,VNSTOCK_BRONZE
VNM,LATEST,income_statement,IS_PROFIT_AFTER_TAX_FOR_SHAREHOLDERS_OF_PARENT_COMPANY,2560125311355.0,ACTUAL,VNSTOCK_BRONZE
VNM,LATEST,income_statement,IS_BASIC_EARNINGS_PER_SHARE,1323.0,ACTUAL,VNSTOCK_BRONZE
VNM,LATEST,income_statement,IS_REVENUE,13015322214890.0,ACTUAL,VNSTOCK_BRONZE
VNM,LATEST,income_statement,IS_REVENUE_DEDUCTIONS,-11615162320.0,ACTUAL,VNSTOCK_BRONZE
VNM,LATEST,income_statement,IS_NET_REVENUE,13003707052570.0,ACTUAL,VNSTOCK_BRONZE
VNM,LATEST,income_statement,IS_COST_OF_GOODS_SOLD,-6841121640431.0,ACTUAL,VNSTOCK_BRONZE
VNM,LATEST,income_statement,IS_GROSS_PROFIT,6162585412139.0,ACTUAL,VNSTOCK_BRONZE
VNM,LATEST,income_statement,IS_FINANCIAL_INCOME,179352995411.0,ACTUAL,VNSTOCK_BRONZE
VNM,LATEST,income_statement,IS_FINANCIAL_EXPENSES,-25209490540.0,ACTUAL,VNSTOCK_BRONZE
VNM,LATEST,income_statement,IS_INTEREST_EXPENSES,-13558039918.0,ACTUAL,VNSTOCK_BRONZE
VNM,LATEST,income_statement,IS_SHARE_OF_ASSOCIATES_AND_JOINT_VENTURES_RESULT,11519567572.0,ACTUAL,VNSTOCK_BRONZE
VNM,LATEST,income_statement,IS_SELLING_EXPENSES,-3360732757821.0,ACTUAL,VNSTOCK_BRONZE
VNM,LATEST,income_statement,IS_GENERAL_AND_ADMINISTRATIVE_EXPENSES,-330480105254.0,ACTUAL,VNSTOCK_BRONZE
VNM,LATEST,income_statement,IS_OPERATING_PROFIT,2637035621507.0,ACTUAL,VNSTOCK_BRONZE
VNM,LATEST,income_statement,IS_OTHER_PROFIT,43464003504.0,ACTUAL,VNSTOCK_BRONZE
VNM,LATEST,income_statement,IS_OTHER_INCOME,102759176301.0,ACTUAL,VNSTOCK_BRONZE
VNM,LATEST,income_statement,IS_OTHER_EXPENSES,-59295172797.0,ACTUAL,VNSTOCK_BRONZE
VNM,LATEST,income_statement,IS_PROFIT_BEFORE_TAX,2680499625011.0,ACTUAL,VNSTOCK_BRONZE
VNM,LATEST,income_statement,IS_CORPORATE_INCOME_TAX_EXPENSES,-396222513483.0,ACTUAL,VNSTOCK_BRONZE
VNM,LATEST,income_statement,IS_CURRENT_CORPORATE_INCOME_TAX_EXPENSES,-429640603111.0,ACTUAL,VNSTOCK_BRONZE
VNM,LATEST,income_statement,IS_DEFERRED_INCOME_TAX_EXPENSES,33418089628.0,ACTUAL,VNSTOCK_BRONZE
VNM,LATEST,income_statement,IS_NET_PROFIT_AFTER_TAX,2284277111528.0,ACTUAL,VNSTOCK_BRONZE
VNM,LATEST,income_statement,IS_MINORITY_INTEREST,15207491118.0,ACTUAL,VNSTOCK_BRONZE
VNM,LATEST,income_statement,IS_PROFIT_AFTER_TAX_FOR_SHAREHOLDERS_OF_PARENT_COMPANY,2299484602646.0,ACTUAL,VNSTOCK_BRONZE
VNM,LATEST,income_statement,IS_BASIC_EARNINGS_PER_SHARE,1189.0,ACTUAL,VNSTOCK_BRONZE
VNM,LATEST,income_statement,IS_REVENUE,13230084714897.0,ACTUAL,VNSTOCK_BRONZE
VNM,LATEST,income_statement,IS_REVENUE_DEDUCTIONS,-40784427090.0,ACTUAL,VNSTOCK_BRONZE
VNM,LATEST,income_statement,IS_NET_REVENUE,13189300287807.0,ACTUAL,VNSTOCK_BRONZE
VNM,LATEST,income_statement,IS_COST_OF_GOODS_SOLD,-7034297778254.0,ACTUAL,VNSTOCK_BRONZE
VNM,LATEST,income_statement,IS_GROSS_PROFIT,6155002509553.0,ACTUAL,VNSTOCK_BRONZE
VNM,LATEST,income_statement,IS_FINANCIAL_INCOME,176287359587.0,ACTUAL,VNSTOCK_BRONZE
VNM,LATEST,income_statement,IS_FINANCIAL_EXPENSES,-28768197631.0,ACTUAL,VNSTOCK_BRONZE
VNM,LATEST,income_statement,IS_INTEREST_EXPENSES,-19835521940.0,ACTUAL,VNSTOCK_BRONZE
VNM,LATEST,income_statement,IS_SHARE_OF_ASSOCIATES_AND_JOINT_VENTURES_RESULT,-12607699916.0,ACTUAL,VNSTOCK_BRONZE
VNM,LATEST,income_statement,IS_SELLING_EXPENSES,-2670436444735.0,ACTUAL,VNSTOCK_BRONZE
VNM,LATEST,income_statement,IS_GENERAL_AND_ADMINISTRATIVE_EXPENSES,-278242221928.0,ACTUAL,VNSTOCK_BRONZE
VNM,LATEST,income_statement,IS_OPERATING_PROFIT,3341235304930.0,ACTUAL,VNSTOCK_BRONZE
VNM,LATEST,income_statement,IS_OTHER_PROFIT,1547559177.0,ACTUAL,VNSTOCK_BRONZE
VNM,LATEST,income_statement,IS_OTHER_INCOME,42944840145.0,ACTUAL,VNSTOCK_BRONZE
VNM,LATEST,income_statement,IS_OTHER_EXPENSES,-41397280968.0,ACTUAL,VNSTOCK_BRONZE
VNM,LATEST,income_statement,IS_PROFIT_BEFORE_TAX,3342782864107.0,ACTUAL,VNSTOCK_BRONZE
VNM,LATEST,income_statement,IS_CORPORATE_INCOME_TAX_EXPENSES,-545401965217.0,ACTUAL,VNSTOCK_BRONZE
VNM,LATEST,income_statement,IS_CURRENT_CORPORATE_INCOME_TAX_EXPENSES,-522861656123.0,ACTUAL,VNSTOCK_BRONZE
VNM,LATEST,income_statement,IS_DEFERRED_INCOME_TAX_EXPENSES,-22540309094.0,ACTUAL,VNSTOCK_BRONZE
VNM,LATEST,income_statement,IS_NET_PROFIT_AFTER_TAX,2797380898890.0,ACTUAL,VNSTOCK_BRONZE
VNM,LATEST,income_statement,IS_MINORITY_INTEREST,6651782739.0,ACTUAL,VNSTOCK_BRONZE
VNM,LATEST,income_statement,IS_PROFIT_AFTER_TAX_FOR_SHAREHOLDERS_OF_PARENT_COMPANY,2790729116151.0,ACTUAL,VNSTOCK_BRONZE
VNM,LATEST,income_statement,IS_BASIC_EARNINGS_PER_SHARE,1452.0,ACTUAL,VNSTOCK_BRONZE
VNM,LATEST,income_statement,IS_REVENUE,14610401622240.0,ACTUAL,VNSTOCK_BRONZE
VNM,LATEST,income_statement,IS_REVENUE_DEDUCTIONS,-11441072483.0,ACTUAL,VNSTOCK_BRONZE
VNM,LATEST,income_statement,IS_NET_REVENUE,14598960549757.0,ACTUAL,VNSTOCK_BRONZE
VNM,LATEST,income_statement,IS_COST_OF_GOODS_SOLD,-7585015000599.0,ACTUAL,VNSTOCK_BRONZE
VNM,LATEST,income_statement,IS_GROSS_PROFIT,7013945549158.0,ACTUAL,VNSTOCK_BRONZE
VNM,LATEST,income_statement,IS_FINANCIAL_INCOME,190720049829.0,ACTUAL,VNSTOCK_BRONZE
VNM,LATEST,income_statement,IS_FINANCIAL_EXPENSES,-42152766378.0,ACTUAL,VNSTOCK_BRONZE
VNM,LATEST,income_statement,IS_INTEREST_EXPENSES,-25355145802.0,ACTUAL,VNSTOCK_BRONZE
VNM,LATEST,income_statement,IS_SHARE_OF_ASSOCIATES_AND_JOINT_VENTURES_RESULT,2474048770.0,ACTUAL,VNSTOCK_BRONZE
VNM,LATEST,income_statement,IS_SELLING_EXPENSES,-3330199098788.0,ACTUAL,VNSTOCK_BRONZE
VNM,LATEST,income_statement,IS_GENERAL_AND_ADMINISTRATIVE_EXPENSES,-318012114359.0,ACTUAL,VNSTOCK_BRONZE
VNM,LATEST,income_statement,IS_OPERATING_PROFIT,3516775668232.0,ACTUAL,VNSTOCK_BRONZE
VNM,LATEST,income_statement,IS_OTHER_PROFIT,33056098024.0,ACTUAL,VNSTOCK_BRONZE
VNM,LATEST,income_statement,IS_OTHER_INCOME,66987285143.0,ACTUAL,VNSTOCK_BRONZE
VNM,LATEST,income_statement,IS_OTHER_EXPENSES,-33931187119.0,ACTUAL,VNSTOCK_BRONZE
VNM,LATEST,income_statement,IS_PROFIT_BEFORE_TAX,3549831766256.0,ACTUAL,VNSTOCK_BRONZE
VNM,LATEST,income_statement,IS_CORPORATE_INCOME_TAX_EXPENSES,-646052997297.0,ACTUAL,VNSTOCK_BRONZE
VNM,LATEST,income_statement,IS_CURRENT_CORPORATE_INCOME_TAX_EXPENSES,-650596496904.0,ACTUAL,VNSTOCK_BRONZE
VNM,LATEST,income_statement,IS_DEFERRED_INCOME_TAX_EXPENSES,4543499607.0,ACTUAL,VNSTOCK_BRONZE
VNM,LATEST,income_statement,IS_NET_PROFIT_AFTER_TAX,2903778768959.0,ACTUAL,VNSTOCK_BRONZE
VNM,LATEST,income_statement,IS_MINORITY_INTEREST,5040338052.0,ACTUAL,VNSTOCK_BRONZE
VNM,LATEST,income_statement,IS_PROFIT_AFTER_TAX_FOR_SHAREHOLDERS_OF_PARENT_COMPANY,2898738430907.0,ACTUAL,VNSTOCK_BRONZE
VNM,LATEST,income_statement,IS_BASIC_EARNINGS_PER_SHARE,1501.0,ACTUAL,VNSTOCK_BRONZE
VNM,LATEST,income_statement,IS_REVENUE,14304042994942.0,ACTUAL,VNSTOCK_BRONZE
VNM,LATEST,income_statement,IS_REVENUE_DEDUCTIONS,-13142547924.0,ACTUAL,VNSTOCK_BRONZE
VNM,LATEST,income_statement,IS_NET_REVENUE,14290900447018.0,ACTUAL,VNSTOCK_BRONZE
VNM,LATEST,income_statement,IS_COST_OF_GOODS_SOLD,-7567934476550.0,ACTUAL,VNSTOCK_BRONZE
VNM,LATEST,income_statement,IS_GROSS_PROFIT,6722965970468.0,ACTUAL,VNSTOCK_BRONZE
VNM,LATEST,income_statement,IS_FINANCIAL_INCOME,206732692690.0,ACTUAL,VNSTOCK_BRONZE
VNM,LATEST,income_statement,IS_FINANCIAL_EXPENSES,-44895193422.0,ACTUAL,VNSTOCK_BRONZE
VNM,LATEST,income_statement,IS_INTEREST_EXPENSES,-27795829812.0,ACTUAL,VNSTOCK_BRONZE
VNM,LATEST,income_statement,IS_SHARE_OF_ASSOCIATES_AND_JOINT_VENTURES_RESULT,-9779647914.0,ACTUAL,VNSTOCK_BRONZE
VNM,LATEST,income_statement,IS_SELLING_EXPENSES,-3291660881785.0,ACTUAL,VNSTOCK_BRONZE
VNM,LATEST,income_statement,IS_GENERAL_AND_ADMINISTRATIVE_EXPENSES,-318235893109.0,ACTUAL,VNSTOCK_BRONZE
VNM,LATEST,income_statement,IS_OPERATING_PROFIT,3265127046928.0,ACTUAL,VNSTOCK_BRONZE
VNM,LATEST,income_statement,IS_OTHER_PROFIT,-11370897217.0,ACTUAL,VNSTOCK_BRONZE
VNM,LATEST,income_statement,IS_OTHER_INCOME,74087108721.0,ACTUAL,VNSTOCK_BRONZE
VNM,LATEST,income_statement,IS_OTHER_EXPENSES,-85458005938.0,ACTUAL,VNSTOCK_BRONZE
VNM,LATEST,income_statement,IS_PROFIT_BEFORE_TAX,3253756149711.0,ACTUAL,VNSTOCK_BRONZE
VNM,LATEST,income_statement,IS_CORPORATE_INCOME_TAX_EXPENSES,-577019497381.0,ACTUAL,VNSTOCK_BRONZE
VNM,LATEST,income_statement,IS_CURRENT_CORPORATE_INCOME_TAX_EXPENSES,-579559045028.0,ACTUAL,VNSTOCK_BRONZE
VNM,LATEST,income_statement,IS_DEFERRED_INCOME_TAX_EXPENSES,2539547647.0,ACTUAL,VNSTOCK_BRONZE
VNM,LATEST,income_statement,IS_NET_PROFIT_AFTER_TAX,2676736652330.0,ACTUAL,VNSTOCK_BRONZE
VNM,LATEST,income_statement,IS_MINORITY_INTEREST,13455724964.0,ACTUAL,VNSTOCK_BRONZE
VNM,LATEST,income_statement,IS_PROFIT_AFTER_TAX_FOR_SHAREHOLDERS_OF_PARENT_COMPANY,2690192377294.0,ACTUAL,VNSTOCK_BRONZE
VNM,LATEST,income_statement,IS_BASIC_EARNINGS_PER_SHARE,1385.0,ACTUAL,VNSTOCK_BRONZE
VNM,LATEST,income_statement,IS_REVENUE,14255700394638.0,ACTUAL,VNSTOCK_BRONZE
VNM,LATEST,income_statement,IS_REVENUE_DEDUCTIONS,-16738916476.0,ACTUAL,VNSTOCK_BRONZE
VNM,LATEST,income_statement,IS_NET_REVENUE,14238961478162.0,ACTUAL,VNSTOCK_BRONZE
VNM,LATEST,income_statement,IS_COST_OF_GOODS_SOLD,-7558658856714.0,ACTUAL,VNSTOCK_BRONZE
VNM,LATEST,income_statement,IS_GROSS_PROFIT,6680302621448.0,ACTUAL,VNSTOCK_BRONZE
VNM,LATEST,income_statement,IS_FINANCIAL_INCOME,233576605377.0,ACTUAL,VNSTOCK_BRONZE
VNM,LATEST,income_statement,IS_FINANCIAL_EXPENSES,-71153524397.0,ACTUAL,VNSTOCK_BRONZE
VNM,LATEST,income_statement,IS_INTEREST_EXPENSES,-35838396433.0,ACTUAL,VNSTOCK_BRONZE
VNM,LATEST,income_statement,IS_SHARE_OF_ASSOCIATES_AND_JOINT_VENTURES_RESULT,14196707957.0,ACTUAL,VNSTOCK_BRONZE
VNM,LATEST,income_statement,IS_SELLING_EXPENSES,-3701158127544.0,ACTUAL,VNSTOCK_BRONZE
VNM,LATEST,income_statement,IS_GENERAL_AND_ADMINISTRATIVE_EXPENSES,-481812187559.0,ACTUAL,VNSTOCK_BRONZE
VNM,LATEST,income_statement,IS_OPERATING_PROFIT,2673952095282.0,ACTUAL,VNSTOCK_BRONZE
VNM,LATEST,income_statement,IS_OTHER_PROFIT,-24613236799.0,ACTUAL,VNSTOCK_BRONZE
VNM,LATEST,income_statement,IS_OTHER_INCOME,65427025170.0,ACTUAL,VNSTOCK_BRONZE
VNM,LATEST,income_statement,IS_OTHER_EXPENSES,-90040261969.0,ACTUAL,VNSTOCK_BRONZE
VNM,LATEST,income_statement,IS_PROFIT_BEFORE_TAX,2649338858483.0,ACTUAL,VNSTOCK_BRONZE
VNM,LATEST,income_statement,IS_CORPORATE_INCOME_TAX_EXPENSES,-472903297771.0,ACTUAL,VNSTOCK_BRONZE
VNM,LATEST,income_statement,IS_CURRENT_CORPORATE_INCOME_TAX_EXPENSES,-485348598058.0,ACTUAL,VNSTOCK_BRONZE
VNM,LATEST,income_statement,IS_DEFERRED_INCOME_TAX_EXPENSES,12445300287.0,ACTUAL,VNSTOCK_BRONZE
VNM,LATEST,income_statement,IS_NET_PROFIT_AFTER_TAX,2176435560712.0,ACTUAL,VNSTOCK_BRONZE
VNM,LATEST,income_statement,IS_MINORITY_INTEREST,25080186925.0,ACTUAL,VNSTOCK_BRONZE
VNM,LATEST,income_statement,IS_PROFIT_AFTER_TAX_FOR_SHAREHOLDERS_OF_PARENT_COMPANY,2201515747637.0,ACTUAL,VNSTOCK_BRONZE
VNM,LATEST,income_statement,IS_BASIC_EARNINGS_PER_SHARE,1140.0,ACTUAL,VNSTOCK_BRONZE
VNM,LATEST,income_statement,IS_REVENUE,14206192026063.0,ACTUAL,VNSTOCK_BRONZE
VNM,LATEST,income_statement,IS_REVENUE_DEDUCTIONS,-53092072488.0,ACTUAL,VNSTOCK_BRONZE
VNM,LATEST,income_statement,IS_NET_REVENUE,14153099953575.0,ACTUAL,VNSTOCK_BRONZE
VNM,LATEST,income_statement,IS_COST_OF_GOODS_SOLD,-7547288345650.0,ACTUAL,VNSTOCK_BRONZE
VNM,LATEST,income_statement,IS_GROSS_PROFIT,6605811607925.0,ACTUAL,VNSTOCK_BRONZE
VNM,LATEST,income_statement,IS_FINANCIAL_INCOME,284879682275.0,ACTUAL,VNSTOCK_BRONZE
VNM,LATEST,income_statement,IS_FINANCIAL_EXPENSES,-122428728401.0,ACTUAL,VNSTOCK_BRONZE
VNM,LATEST,income_statement,IS_INTEREST_EXPENSES,-42061538321.0,ACTUAL,VNSTOCK_BRONZE
VNM,LATEST,income_statement,IS_SHARE_OF_ASSOCIATES_AND_JOINT_VENTURES_RESULT,-11789710907.0,ACTUAL,VNSTOCK_BRONZE
VNM,LATEST,income_statement,IS_SELLING_EXPENSES,-3004141744869.0,ACTUAL,VNSTOCK_BRONZE
VNM,LATEST,income_statement,IS_GENERAL_AND_ADMINISTRATIVE_EXPENSES,-389344385755.0,ACTUAL,VNSTOCK_BRONZE
VNM,LATEST,income_statement,IS_OPERATING_PROFIT,3362986720268.0,ACTUAL,VNSTOCK_BRONZE
VNM,LATEST,income_statement,IS_OTHER_PROFIT,-4727717290.0,ACTUAL,VNSTOCK_BRONZE
VNM,LATEST,income_statement,IS_OTHER_INCOME,36671885321.0,ACTUAL,VNSTOCK_BRONZE
VNM,LATEST,income_statement,IS_OTHER_EXPENSES,-41399602611.0,ACTUAL,VNSTOCK_BRONZE
VNM,LATEST,income_statement,IS_PROFIT_BEFORE_TAX,3358259002978.0,ACTUAL,VNSTOCK_BRONZE
VNM,LATEST,income_statement,IS_CORPORATE_INCOME_TAX_EXPENSES,-581452443651.0,ACTUAL,VNSTOCK_BRONZE
VNM,LATEST,income_statement,IS_CURRENT_CORPORATE_INCOME_TAX_EXPENSES,-564338684243.0,ACTUAL,VNSTOCK_BRONZE
VNM,LATEST,income_statement,IS_DEFERRED_INCOME_TAX_EXPENSES,-17113759408.0,ACTUAL,VNSTOCK_BRONZE
VNM,LATEST,income_statement,IS_NET_PROFIT_AFTER_TAX,2776806559327.0,ACTUAL,VNSTOCK_BRONZE
VNM,LATEST,income_statement,IS_MINORITY_INTEREST,11894581116.0,ACTUAL,VNSTOCK_BRONZE
VNM,LATEST,income_statement,IS_PROFIT_AFTER_TAX_FOR_SHAREHOLDERS_OF_PARENT_COMPANY,2764911978211.0,ACTUAL,VNSTOCK_BRONZE
VNM,LATEST,income_statement,IS_BASIC_EARNINGS_PER_SHARE,1427.0,ACTUAL,VNSTOCK_BRONZE
VNM,LATEST,income_statement,IS_REVENUE,15509586167075.0,ACTUAL,VNSTOCK_BRONZE
VNM,LATEST,income_statement,IS_REVENUE_DEDUCTIONS,-14352408276.0,ACTUAL,VNSTOCK_BRONZE
VNM,LATEST,income_statement,IS_NET_REVENUE,15495233758799.0,ACTUAL,VNSTOCK_BRONZE
VNM,LATEST,income_statement,IS_COST_OF_GOODS_SOLD,-8357339161700.0,ACTUAL,VNSTOCK_BRONZE
VNM,LATEST,income_statement,IS_GROSS_PROFIT,7137894597099.0,ACTUAL,VNSTOCK_BRONZE
VNM,LATEST,income_statement,IS_FINANCIAL_INCOME,335351494778.0,ACTUAL,VNSTOCK_BRONZE
VNM,LATEST,income_statement,IS_FINANCIAL_EXPENSES,-674383923.0,ACTUAL,VNSTOCK_BRONZE
VNM,LATEST,income_statement,IS_INTEREST_EXPENSES,-37641854799.0,ACTUAL,VNSTOCK_BRONZE
VNM,LATEST,income_statement,IS_SHARE_OF_ASSOCIATES_AND_JOINT_VENTURES_RESULT,6327202372.0,ACTUAL,VNSTOCK_BRONZE
VNM,LATEST,income_statement,IS_SELLING_EXPENSES,-3383322662142.0,ACTUAL,VNSTOCK_BRONZE
VNM,LATEST,income_statement,IS_GENERAL_AND_ADMINISTRATIVE_EXPENSES,-374051101779.0,ACTUAL,VNSTOCK_BRONZE
VNM,LATEST,income_statement,IS_OPERATING_PROFIT,3721525146405.0,ACTUAL,VNSTOCK_BRONZE
VNM,LATEST,income_statement,IS_OTHER_PROFIT,-10144568937.0,ACTUAL,VNSTOCK_BRONZE
VNM,LATEST,income_statement,IS_OTHER_INCOME,40150489277.0,ACTUAL,VNSTOCK_BRONZE
VNM,LATEST,income_statement,IS_OTHER_EXPENSES,-50295058214.0,ACTUAL,VNSTOCK_BRONZE
VNM,LATEST,income_statement,IS_PROFIT_BEFORE_TAX,3711380577468.0,ACTUAL,VNSTOCK_BRONZE
VNM,LATEST,income_statement,IS_CORPORATE_INCOME_TAX_EXPENSES,-626814749894.0,ACTUAL,VNSTOCK_BRONZE
VNM,LATEST,income_statement,IS_CURRENT_CORPORATE_INCOME_TAX_EXPENSES,-637060519942.0,ACTUAL,VNSTOCK_BRONZE
VNM,LATEST,income_statement,IS_DEFERRED_INCOME_TAX_EXPENSES,10245770048.0,ACTUAL,VNSTOCK_BRONZE
VNM,LATEST,income_statement,IS_NET_PROFIT_AFTER_TAX,3084565827574.0,ACTUAL,VNSTOCK_BRONZE
VNM,LATEST,income_statement,IS_MINORITY_INTEREST,12851754148.0,ACTUAL,VNSTOCK_BRONZE
VNM,LATEST,income_statement,IS_PROFIT_AFTER_TAX_FOR_SHAREHOLDERS_OF_PARENT_COMPANY,3071714073426.0,ACTUAL,VNSTOCK_BRONZE
VNM,LATEST,income_statement,IS_BASIC_EARNINGS_PER_SHARE,1586.0,ACTUAL,VNSTOCK_BRONZE
VNM,LATEST,income_statement,IS_REVENUE,15577229685157.0,ACTUAL,VNSTOCK_BRONZE
VNM,LATEST,income_statement,IS_REVENUE_DEDUCTIONS,-14071686928.0,ACTUAL,VNSTOCK_BRONZE
VNM,LATEST,income_statement,IS_NET_REVENUE,15563157998229.0,ACTUAL,VNSTOCK_BRONZE
VNM,LATEST,income_statement,IS_COST_OF_GOODS_SOLD,-8296414517093.0,ACTUAL,VNSTOCK_BRONZE
VNM,LATEST,income_statement,IS_GROSS_PROFIT,7266743481136.0,ACTUAL,VNSTOCK_BRONZE
VNM,LATEST,income_statement,IS_FINANCIAL_INCOME,358591147428.0,ACTUAL,VNSTOCK_BRONZE
VNM,LATEST,income_statement,IS_FINANCIAL_EXPENSES,-120470092893.0,ACTUAL,VNSTOCK_BRONZE
VNM,LATEST,income_statement,IS_INTEREST_EXPENSES,-38257217439.0,ACTUAL,VNSTOCK_BRONZE
VNM,LATEST,income_statement,IS_SHARE_OF_ASSOCIATES_AND_JOINT_VENTURES_RESULT,-5701551848.0,ACTUAL,VNSTOCK_BRONZE
VNM,LATEST,income_statement,IS_SELLING_EXPENSES,-3284487795534.0,ACTUAL,VNSTOCK_BRONZE
VNM,LATEST,income_statement,IS_GENERAL_AND_ADMINISTRATIVE_EXPENSES,-458795669277.0,ACTUAL,VNSTOCK_BRONZE
VNM,LATEST,income_statement,IS_OPERATING_PROFIT,3755879519012.0,ACTUAL,VNSTOCK_BRONZE
VNM,LATEST,income_statement,IS_OTHER_PROFIT,21140270959.0,ACTUAL,VNSTOCK_BRONZE
VNM,LATEST,income_statement,IS_OTHER_INCOME,84975939469.0,ACTUAL,VNSTOCK_BRONZE
VNM,LATEST,income_statement,IS_OTHER_EXPENSES,-63835668510.0,ACTUAL,VNSTOCK_BRONZE
VNM,LATEST,income_statement,IS_PROFIT_BEFORE_TAX,3777019789971.0,ACTUAL,VNSTOCK_BRONZE
VNM,LATEST,income_statement,IS_CORPORATE_INCOME_TAX_EXPENSES,-638844127234.0,ACTUAL,VNSTOCK_BRONZE
VNM,LATEST,income_statement,IS_CURRENT_CORPORATE_INCOME_TAX_EXPENSES,-645013546575.0,ACTUAL,VNSTOCK_BRONZE
VNM,LATEST,income_statement,IS_DEFERRED_INCOME_TAX_EXPENSES,6169419341.0,ACTUAL,VNSTOCK_BRONZE
VNM,LATEST,income_statement,IS_NET_PROFIT_AFTER_TAX,3138175662737.0,ACTUAL,VNSTOCK_BRONZE
VNM,LATEST,income_statement,IS_MINORITY_INTEREST,61034870453.0,ACTUAL,VNSTOCK_BRONZE
VNM,LATEST,income_statement,IS_PROFIT_AFTER_TAX_FOR_SHAREHOLDERS_OF_PARENT_COMPANY,3077140792284.0,ACTUAL,VNSTOCK_BRONZE
VNM,LATEST,income_statement,IS_BASIC_EARNINGS_PER_SHARE,1323.0,ACTUAL,VNSTOCK_BRONZE
VNM,LATEST,income_statement,IS_REVENUE,14429900514941.0,ACTUAL,VNSTOCK_BRONZE
VNM,LATEST,income_statement,IS_REVENUE_DEDUCTIONS,-5105999997.0,ACTUAL,VNSTOCK_BRONZE
VNM,LATEST,income_statement,IS_NET_REVENUE,14424794514944.0,ACTUAL,VNSTOCK_BRONZE
VNM,LATEST,income_statement,IS_COST_OF_GOODS_SOLD,-7766620813396.0,ACTUAL,VNSTOCK_BRONZE
VNM,LATEST,income_statement,IS_GROSS_PROFIT,6658173701548.0,ACTUAL,VNSTOCK_BRONZE
VNM,LATEST,income_statement,IS_FINANCIAL_INCOME,602270330836.0,ACTUAL,VNSTOCK_BRONZE
VNM,LATEST,income_statement,IS_FINANCIAL_EXPENSES,-64996123618.0,ACTUAL,VNSTOCK_BRONZE
VNM,LATEST,income_statement,IS_INTEREST_EXPENSES,-25857854618.0,ACTUAL,VNSTOCK_BRONZE
VNM,LATEST,income_statement,IS_SHARE_OF_ASSOCIATES_AND_JOINT_VENTURES_RESULT,15046249059.0,ACTUAL,VNSTOCK_BRONZE
VNM,LATEST,income_statement,IS_SELLING_EXPENSES,-3775540419620.0,ACTUAL,VNSTOCK_BRONZE
VNM,LATEST,income_statement,IS_GENERAL_AND_ADMINISTRATIVE_EXPENSES,-735964299474.0,ACTUAL,VNSTOCK_BRONZE
VNM,LATEST,income_statement,IS_OPERATING_PROFIT,2698989438731.0,ACTUAL,VNSTOCK_BRONZE
VNM,LATEST,income_statement,IS_OTHER_PROFIT,-27112722124.0,ACTUAL,VNSTOCK_BRONZE
VNM,LATEST,income_statement,IS_OTHER_INCOME,50587881068.0,ACTUAL,VNSTOCK_BRONZE
VNM,LATEST,income_statement,IS_OTHER_EXPENSES,-77700603192.0,ACTUAL,VNSTOCK_BRONZE
VNM,LATEST,income_statement,IS_PROFIT_BEFORE_TAX,2671876716607.0,ACTUAL,VNSTOCK_BRONZE
VNM,LATEST,income_statement,IS_CORPORATE_INCOME_TAX_EXPENSES,-435692532120.0,ACTUAL,VNSTOCK_BRONZE
VNM,LATEST,income_statement,IS_CURRENT_CORPORATE_INCOME_TAX_EXPENSES,-464261259130.0,ACTUAL,VNSTOCK_BRONZE
VNM,LATEST,income_statement,IS_DEFERRED_INCOME_TAX_EXPENSES,28568727010.0,ACTUAL,VNSTOCK_BRONZE
VNM,LATEST,income_statement,IS_NET_PROFIT_AFTER_TAX,2236184184487.0,ACTUAL,VNSTOCK_BRONZE
VNM,LATEST,income_statement,IS_MINORITY_INTEREST,51014172040.0,ACTUAL,VNSTOCK_BRONZE
VNM,LATEST,income_statement,IS_PROFIT_AFTER_TAX_FOR_SHAREHOLDERS_OF_PARENT_COMPANY,2185170012447.0,ACTUAL,VNSTOCK_BRONZE
VNM,LATEST,income_statement,IS_BASIC_EARNINGS_PER_SHARE,936.0,ACTUAL,VNSTOCK_BRONZE
VNM,LATEST,income_statement,IS_REVENUE,13240715083738.0,ACTUAL,VNSTOCK_BRONZE
VNM,LATEST,income_statement,IS_REVENUE_DEDUCTIONS,-50444960886.0,ACTUAL,VNSTOCK_BRONZE
VNM,LATEST,income_statement,IS_NET_REVENUE,13190270122852.0,ACTUAL,VNSTOCK_BRONZE
VNM,LATEST,income_statement,IS_COST_OF_GOODS_SOLD,-7435389686438.0,ACTUAL,VNSTOCK_BRONZE
VNM,LATEST,income_statement,IS_GROSS_PROFIT,5754880436414.0,ACTUAL,VNSTOCK_BRONZE
VNM,LATEST,income_statement,IS_FINANCIAL_INCOME,284839944505.0,ACTUAL,VNSTOCK_BRONZE
VNM,LATEST,income_statement,IS_FINANCIAL_EXPENSES,-6424291388.0,ACTUAL,VNSTOCK_BRONZE
VNM,LATEST,income_statement,IS_INTEREST_EXPENSES,-12905990201.0,ACTUAL,VNSTOCK_BRONZE
VNM,LATEST,income_statement,IS_SHARE_OF_ASSOCIATES_AND_JOINT_VENTURES_RESULT,-8845432193.0,ACTUAL,VNSTOCK_BRONZE
VNM,LATEST,income_statement,IS_SELLING_EXPENSES,-2585931287811.0,ACTUAL,VNSTOCK_BRONZE
VNM,LATEST,income_statement,IS_GENERAL_AND_ADMINISTRATIVE_EXPENSES,-367294589472.0,ACTUAL,VNSTOCK_BRONZE
VNM,LATEST,income_statement,IS_OPERATING_PROFIT,3071224780055.0,ACTUAL,VNSTOCK_BRONZE
VNM,LATEST,income_statement,IS_OTHER_PROFIT,82685442750.0,ACTUAL,VNSTOCK_BRONZE
VNM,LATEST,income_statement,IS_OTHER_INCOME,120489176600.0,ACTUAL,VNSTOCK_BRONZE
VNM,LATEST,income_statement,IS_OTHER_EXPENSES,-37803733850.0,ACTUAL,VNSTOCK_BRONZE
VNM,LATEST,income_statement,IS_PROFIT_BEFORE_TAX,3153910222805.0,ACTUAL,VNSTOCK_BRONZE
VNM,LATEST,income_statement,IS_CORPORATE_INCOME_TAX_EXPENSES,-556976494504.0,ACTUAL,VNSTOCK_BRONZE
VNM,LATEST,income_statement,IS_CURRENT_CORPORATE_INCOME_TAX_EXPENSES,-559443305864.0,ACTUAL,VNSTOCK_BRONZE
VNM,LATEST,income_statement,IS_DEFERRED_INCOME_TAX_EXPENSES,2466811360.0,ACTUAL,VNSTOCK_BRONZE
VNM,LATEST,income_statement,IS_NET_PROFIT_AFTER_TAX,2596933728301.0,ACTUAL,VNSTOCK_BRONZE
VNM,LATEST,income_statement,IS_MINORITY_INTEREST,21017149648.0,ACTUAL,VNSTOCK_BRONZE
VNM,LATEST,income_statement,IS_PROFIT_AFTER_TAX_FOR_SHAREHOLDERS_OF_PARENT_COMPANY,2575916578653.0,ACTUAL,VNSTOCK_BRONZE
VNM,LATEST,income_statement,IS_BASIC_EARNINGS_PER_SHARE,1101.0,ACTUAL,VNSTOCK_BRONZE
VNM,LATEST,income_statement,IS_REVENUE,15728786449961.0,ACTUAL,VNSTOCK_BRONZE
VNM,LATEST,income_statement,IS_REVENUE_DEDUCTIONS,-12980283496.0,ACTUAL,VNSTOCK_BRONZE
VNM,LATEST,income_statement,IS_NET_REVENUE,15715806166465.0,ACTUAL,VNSTOCK_BRONZE
VNM,LATEST,income_statement,IS_COST_OF_GOODS_SOLD,-8861448981220.0,ACTUAL,VNSTOCK_BRONZE
VNM,LATEST,income_statement,IS_GROSS_PROFIT,6854357185245.0,ACTUAL,VNSTOCK_BRONZE
VNM,LATEST,income_statement,IS_FINANCIAL_INCOME,292767071141.0,ACTUAL,VNSTOCK_BRONZE
VNM,LATEST,income_statement,IS_FINANCIAL_EXPENSES,-42133666112.0,ACTUAL,VNSTOCK_BRONZE
VNM,LATEST,income_statement,IS_INTEREST_EXPENSES,-28072255034.0,ACTUAL,VNSTOCK_BRONZE
VNM,LATEST,income_statement,IS_SHARE_OF_ASSOCIATES_AND_JOINT_VENTURES_RESULT,-19582360879.0,ACTUAL,VNSTOCK_BRONZE
VNM,LATEST,income_statement,IS_SELLING_EXPENSES,-3185812099703.0,ACTUAL,VNSTOCK_BRONZE
VNM,LATEST,income_statement,IS_GENERAL_AND_ADMINISTRATIVE_EXPENSES,-389330729464.0,ACTUAL,VNSTOCK_BRONZE
VNM,LATEST,income_statement,IS_OPERATING_PROFIT,3510265400228.0,ACTUAL,VNSTOCK_BRONZE
VNM,LATEST,income_statement,IS_OTHER_PROFIT,-16580449989.0,ACTUAL,VNSTOCK_BRONZE
VNM,LATEST,income_statement,IS_OTHER_INCOME,37278305250.0,ACTUAL,VNSTOCK_BRONZE
VNM,LATEST,income_statement,IS_OTHER_EXPENSES,-53858755239.0,ACTUAL,VNSTOCK_BRONZE
VNM,LATEST,income_statement,IS_PROFIT_BEFORE_TAX,3493684950239.0,ACTUAL,VNSTOCK_BRONZE
VNM,LATEST,income_statement,IS_CORPORATE_INCOME_TAX_EXPENSES,-631415485025.0,ACTUAL,VNSTOCK_BRONZE
VNM,LATEST,income_statement,IS_CURRENT_CORPORATE_INCOME_TAX_EXPENSES,-633974149435.0,ACTUAL,VNSTOCK_BRONZE
VNM,LATEST,income_statement,IS_DEFERRED_INCOME_TAX_EXPENSES,2558664410.0,ACTUAL,VNSTOCK_BRONZE
VNM,LATEST,income_statement,IS_NET_PROFIT_AFTER_TAX,2862269465214.0,ACTUAL,VNSTOCK_BRONZE
VNM,LATEST,income_statement,IS_MINORITY_INTEREST,27480422622.0,ACTUAL,VNSTOCK_BRONZE
VNM,LATEST,income_statement,IS_PROFIT_AFTER_TAX_FOR_SHAREHOLDERS_OF_PARENT_COMPANY,2834789042592.0,ACTUAL,VNSTOCK_BRONZE
VNM,LATEST,income_statement,IS_BASIC_EARNINGS_PER_SHARE,1212.0,ACTUAL,VNSTOCK_BRONZE
VNM,LATEST,income_statement,IS_REVENUE,16208270405981.0,ACTUAL,VNSTOCK_BRONZE
VNM,LATEST,income_statement,IS_REVENUE_DEDUCTIONS,-14218402422.0,ACTUAL,VNSTOCK_BRONZE
VNM,LATEST,income_statement,IS_NET_REVENUE,16194052003559.0,ACTUAL,VNSTOCK_BRONZE
VNM,LATEST,income_statement,IS_COST_OF_GOODS_SOLD,-9250304913128.0,ACTUAL,VNSTOCK_BRONZE
VNM,LATEST,income_statement,IS_GROSS_PROFIT,6943747090431.0,ACTUAL,VNSTOCK_BRONZE
VNM,LATEST,income_statement,IS_FINANCIAL_INCOME,314242042431.0,ACTUAL,VNSTOCK_BRONZE
VNM,LATEST,income_statement,IS_FINANCIAL_EXPENSES,-63549064354.0,ACTUAL,VNSTOCK_BRONZE
VNM,LATEST,income_statement,IS_INTEREST_EXPENSES,-24374567105.0,ACTUAL,VNSTOCK_BRONZE
VNM,LATEST,income_statement,IS_SHARE_OF_ASSOCIATES_AND_JOINT_VENTURES_RESULT,14548700320.0,ACTUAL,VNSTOCK_BRONZE
VNM,LATEST,income_statement,IS_SELLING_EXPENSES,-3307900301066.0,ACTUAL,VNSTOCK_BRONZE
VNM,LATEST,income_statement,IS_GENERAL_AND_ADMINISTRATIVE_EXPENSES,-394043756702.0,ACTUAL,VNSTOCK_BRONZE
VNM,LATEST,income_statement,IS_OPERATING_PROFIT,3507044711060.0,ACTUAL,VNSTOCK_BRONZE
VNM,LATEST,income_statement,IS_OTHER_PROFIT,79558578852.0,ACTUAL,VNSTOCK_BRONZE
VNM,LATEST,income_statement,IS_OTHER_INCOME,142312452646.0,ACTUAL,VNSTOCK_BRONZE
VNM,LATEST,income_statement,IS_OTHER_EXPENSES,-62753873794.0,ACTUAL,VNSTOCK_BRONZE
VNM,LATEST,income_statement,IS_PROFIT_BEFORE_TAX,3586603289912.0,ACTUAL,VNSTOCK_BRONZE
VNM,LATEST,income_statement,IS_CORPORATE_INCOME_TAX_EXPENSES,-625877126999.0,ACTUAL,VNSTOCK_BRONZE
VNM,LATEST,income_statement,IS_CURRENT_CORPORATE_INCOME_TAX_EXPENSES,-623139563848.0,ACTUAL,VNSTOCK_BRONZE
VNM,LATEST,income_statement,IS_DEFERRED_INCOME_TAX_EXPENSES,-2737563151.0,ACTUAL,VNSTOCK_BRONZE
VNM,LATEST,income_statement,IS_NET_PROFIT_AFTER_TAX,2960726162913.0,ACTUAL,VNSTOCK_BRONZE
VNM,LATEST,income_statement,IS_MINORITY_INTEREST,34959164896.0,ACTUAL,VNSTOCK_BRONZE
VNM,LATEST,income_statement,IS_PROFIT_AFTER_TAX_FOR_SHAREHOLDERS_OF_PARENT_COMPANY,2925766998017.0,ACTUAL,VNSTOCK_BRONZE
VNM,LATEST,income_statement,IS_BASIC_EARNINGS_PER_SHARE,1262.0,ACTUAL,VNSTOCK_BRONZE
VNM,LATEST,income_statement,IS_REVENUE,15834302208084.0,ACTUAL,VNSTOCK_BRONZE
VNM,LATEST,income_statement,IS_REVENUE_DEDUCTIONS,-15265654814.0,ACTUAL,VNSTOCK_BRONZE
VNM,LATEST,income_statement,IS_NET_REVENUE,15819036553270.0,ACTUAL,VNSTOCK_BRONZE
VNM,LATEST,income_statement,IS_COST_OF_GOODS_SOLD,-9093719773053.0,ACTUAL,VNSTOCK_BRONZE
VNM,LATEST,income_statement,IS_GROSS_PROFIT,6725316780217.0,ACTUAL,VNSTOCK_BRONZE
VNM,LATEST,income_statement,IS_FINANCIAL_INCOME,322834761317.0,ACTUAL,VNSTOCK_BRONZE
VNM,LATEST,income_statement,IS_FINANCIAL_EXPENSES,-90231210378.0,ACTUAL,VNSTOCK_BRONZE
VNM,LATEST,income_statement,IS_INTEREST_EXPENSES,-23446278323.0,ACTUAL,VNSTOCK_BRONZE
VNM,LATEST,income_statement,IS_SHARE_OF_ASSOCIATES_AND_JOINT_VENTURES_RESULT,-31165337137.0,ACTUAL,VNSTOCK_BRONZE
VNM,LATEST,income_statement,IS_SELLING_EXPENSES,-3871026713824.0,ACTUAL,VNSTOCK_BRONZE
VNM,LATEST,income_statement,IS_GENERAL_AND_ADMINISTRATIVE_EXPENSES,-416643351347.0,ACTUAL,VNSTOCK_BRONZE
VNM,LATEST,income_statement,IS_OPERATING_PROFIT,2639084928848.0,ACTUAL,VNSTOCK_BRONZE
VNM,LATEST,income_statement,IS_OTHER_PROFIT,48952095115.0,ACTUAL,VNSTOCK_BRONZE
VNM,LATEST,income_statement,IS_OTHER_INCOME,122743257794.0,ACTUAL,VNSTOCK_BRONZE
VNM,LATEST,income_statement,IS_OTHER_EXPENSES,-73791162679.0,ACTUAL,VNSTOCK_BRONZE
VNM,LATEST,income_statement,IS_PROFIT_BEFORE_TAX,2688037023963.0,ACTUAL,VNSTOCK_BRONZE
VNM,LATEST,income_statement,IS_CORPORATE_INCOME_TAX_EXPENSES,-475430407913.0,ACTUAL,VNSTOCK_BRONZE
VNM,LATEST,income_statement,IS_CURRENT_CORPORATE_INCOME_TAX_EXPENSES,-504424655028.0,ACTUAL,VNSTOCK_BRONZE
VNM,LATEST,income_statement,IS_DEFERRED_INCOME_TAX_EXPENSES,28994247115.0,ACTUAL,VNSTOCK_BRONZE
VNM,LATEST,income_statement,IS_NET_PROFIT_AFTER_TAX,2212606616050.0,ACTUAL,VNSTOCK_BRONZE
VNM,LATEST,income_statement,IS_MINORITY_INTEREST,16602135414.0,ACTUAL,VNSTOCK_BRONZE
VNM,LATEST,income_statement,IS_PROFIT_AFTER_TAX_FOR_SHAREHOLDERS_OF_PARENT_COMPANY,2196004480636.0,ACTUAL,VNSTOCK_BRONZE
VNM,LATEST,income_statement,IS_BASIC_EARNINGS_PER_SHARE,943.0,ACTUAL,VNSTOCK_BRONZE
VNM,LATEST,income_statement,IS_REVENUE,13940472652935.0,ACTUAL,VNSTOCK_BRONZE
VNM,LATEST,income_statement,IS_REVENUE_DEDUCTIONS,-62646829737.0,ACTUAL,VNSTOCK_BRONZE
VNM,LATEST,income_statement,IS_NET_REVENUE,13877825823198.0,ACTUAL,VNSTOCK_BRONZE
VNM,LATEST,income_statement,IS_COST_OF_GOODS_SOLD,-8253022172432.0,ACTUAL,VNSTOCK_BRONZE
VNM,LATEST,income_statement,IS_GROSS_PROFIT,5624803650766.0,ACTUAL,VNSTOCK_BRONZE
VNM,LATEST,income_statement,IS_FINANCIAL_INCOME,320283365813.0,ACTUAL,VNSTOCK_BRONZE
VNM,LATEST,income_statement,IS_FINANCIAL_EXPENSES,-132476618856.0,ACTUAL,VNSTOCK_BRONZE
VNM,LATEST,income_statement,IS_INTEREST_EXPENSES,-26168600367.0,ACTUAL,VNSTOCK_BRONZE
VNM,LATEST,income_statement,IS_SHARE_OF_ASSOCIATES_AND_JOINT_VENTURES_RESULT,-35236298601.0,ACTUAL,VNSTOCK_BRONZE
VNM,LATEST,income_statement,IS_SELLING_EXPENSES,-2636293957415.0,ACTUAL,VNSTOCK_BRONZE
VNM,LATEST,income_statement,IS_GENERAL_AND_ADMINISTRATIVE_EXPENSES,-368929371148.0,ACTUAL,VNSTOCK_BRONZE
VNM,LATEST,income_statement,IS_OPERATING_PROFIT,2772150770559.0,ACTUAL,VNSTOCK_BRONZE
VNM,LATEST,income_statement,IS_OTHER_PROFIT,-7799146723.0,ACTUAL,VNSTOCK_BRONZE
VNM,LATEST,income_statement,IS_OTHER_INCOME,49186371697.0,ACTUAL,VNSTOCK_BRONZE
VNM,LATEST,income_statement,IS_OTHER_EXPENSES,-56985518420.0,ACTUAL,VNSTOCK_BRONZE
VNM,LATEST,income_statement,IS_PROFIT_BEFORE_TAX,2764351623836.0,ACTUAL,VNSTOCK_BRONZE
VNM,LATEST,income_statement,IS_CORPORATE_INCOME_TAX_EXPENSES,-481036969378.0,ACTUAL,VNSTOCK_BRONZE
VNM,LATEST,income_statement,IS_CURRENT_CORPORATE_INCOME_TAX_EXPENSES,-462232548984.0,ACTUAL,VNSTOCK_BRONZE
VNM,LATEST,income_statement,IS_DEFERRED_INCOME_TAX_EXPENSES,-18804420394.0,ACTUAL,VNSTOCK_BRONZE
VNM,LATEST,income_statement,IS_NET_PROFIT_AFTER_TAX,2283314654458.0,ACTUAL,VNSTOCK_BRONZE
VNM,LATEST,income_statement,IS_MINORITY_INTEREST,17796564928.0,ACTUAL,VNSTOCK_BRONZE
VNM,LATEST,income_statement,IS_PROFIT_AFTER_TAX_FOR_SHAREHOLDERS_OF_PARENT_COMPANY,2265518089530.0,ACTUAL,VNSTOCK_BRONZE
VNM,LATEST,income_statement,IS_BASIC_EARNINGS_PER_SHARE,973.0,ACTUAL,VNSTOCK_BRONZE
VNM,LATEST,income_statement,IS_REVENUE,14959410994547.0,ACTUAL,VNSTOCK_BRONZE
VNM,LATEST,income_statement,IS_REVENUE_DEDUCTIONS,-29135701910.0,ACTUAL,VNSTOCK_BRONZE
VNM,LATEST,income_statement,IS_NET_REVENUE,14930275292637.0,ACTUAL,VNSTOCK_BRONZE
VNM,LATEST,income_statement,IS_COST_OF_GOODS_SOLD,-8853615491038.0,ACTUAL,VNSTOCK_BRONZE
VNM,LATEST,income_statement,IS_GROSS_PROFIT,6076659801599.0,ACTUAL,VNSTOCK_BRONZE
VNM,LATEST,income_statement,IS_FINANCIAL_INCOME,341814888660.0,ACTUAL,VNSTOCK_BRONZE
VNM,LATEST,income_statement,IS_FINANCIAL_EXPENSES,-135024600156.0,ACTUAL,VNSTOCK_BRONZE
VNM,LATEST,income_statement,IS_INTEREST_EXPENSES,-36701642341.0,ACTUAL,VNSTOCK_BRONZE
VNM,LATEST,income_statement,IS_SHARE_OF_ASSOCIATES_AND_JOINT_VENTURES_RESULT,10625616792.0,ACTUAL,VNSTOCK_BRONZE
VNM,LATEST,income_statement,IS_SELLING_EXPENSES,-3316046469903.0,ACTUAL,VNSTOCK_BRONZE
VNM,LATEST,income_statement,IS_GENERAL_AND_ADMINISTRATIVE_EXPENSES,-377093511787.0,ACTUAL,VNSTOCK_BRONZE
VNM,LATEST,income_statement,IS_OPERATING_PROFIT,2600935725205.0,ACTUAL,VNSTOCK_BRONZE
VNM,LATEST,income_statement,IS_OTHER_PROFIT,-24878081456.0,ACTUAL,VNSTOCK_BRONZE
VNM,LATEST,income_statement,IS_OTHER_INCOME,50244850545.0,ACTUAL,VNSTOCK_BRONZE
VNM,LATEST,income_statement,IS_OTHER_EXPENSES,-75122932001.0,ACTUAL,VNSTOCK_BRONZE
VNM,LATEST,income_statement,IS_PROFIT_BEFORE_TAX,2576057643749.0,ACTUAL,VNSTOCK_BRONZE
VNM,LATEST,income_statement,IS_CORPORATE_INCOME_TAX_EXPENSES,-473790733174.0,ACTUAL,VNSTOCK_BRONZE
VNM,LATEST,income_statement,IS_CURRENT_CORPORATE_INCOME_TAX_EXPENSES,-490431693598.0,ACTUAL,VNSTOCK_BRONZE
VNM,LATEST,income_statement,IS_DEFERRED_INCOME_TAX_EXPENSES,16640960424.0,ACTUAL,VNSTOCK_BRONZE
VNM,LATEST,income_statement,IS_NET_PROFIT_AFTER_TAX,2102266910575.0,ACTUAL,VNSTOCK_BRONZE
VNM,LATEST,income_statement,IS_MINORITY_INTEREST,19285784428.0,ACTUAL,VNSTOCK_BRONZE
VNM,LATEST,income_statement,IS_PROFIT_AFTER_TAX_FOR_SHAREHOLDERS_OF_PARENT_COMPANY,2082981126147.0,ACTUAL,VNSTOCK_BRONZE
VNM,LATEST,income_statement,IS_BASIC_EARNINGS_PER_SHARE,877.0,ACTUAL,VNSTOCK_BRONZE
VNM,LATEST,income_statement,IS_REVENUE,16094113384043.0,ACTUAL,VNSTOCK_BRONZE
VNM,LATEST,income_statement,IS_REVENUE_DEDUCTIONS,-14621959913.0,ACTUAL,VNSTOCK_BRONZE
VNM,LATEST,income_statement,IS_NET_REVENUE,16079491424130.0,ACTUAL,VNSTOCK_BRONZE
VNM,LATEST,income_statement,IS_COST_OF_GOODS_SOLD,-9729311781833.0,ACTUAL,VNSTOCK_BRONZE
VNM,LATEST,income_statement,IS_GROSS_PROFIT,6350179642297.0,ACTUAL,VNSTOCK_BRONZE
VNM,LATEST,income_statement,IS_FINANCIAL_INCOME,338615402043.0,ACTUAL,VNSTOCK_BRONZE
VNM,LATEST,income_statement,IS_FINANCIAL_EXPENSES,-142793205373.0,ACTUAL,VNSTOCK_BRONZE
VNM,LATEST,income_statement,IS_INTEREST_EXPENSES,-49942302240.0,ACTUAL,VNSTOCK_BRONZE
VNM,LATEST,income_statement,IS_SHARE_OF_ASSOCIATES_AND_JOINT_VENTURES_RESULT,4691288456.0,ACTUAL,VNSTOCK_BRONZE
VNM,LATEST,income_statement,IS_SELLING_EXPENSES,-3260867271142.0,ACTUAL,VNSTOCK_BRONZE
VNM,LATEST,income_statement,IS_GENERAL_AND_ADMINISTRATIVE_EXPENSES,-400896379672.0,ACTUAL,VNSTOCK_BRONZE
VNM,LATEST,income_statement,IS_OPERATING_PROFIT,2888929476609.0,ACTUAL,VNSTOCK_BRONZE
VNM,LATEST,income_statement,IS_OTHER_PROFIT,-29046309283.0,ACTUAL,VNSTOCK_BRONZE
VNM,LATEST,income_statement,IS_OTHER_INCOME,41224997384.0,ACTUAL,VNSTOCK_BRONZE
VNM,LATEST,income_statement,IS_OTHER_EXPENSES,-70271306667.0,ACTUAL,VNSTOCK_BRONZE
VNM,LATEST,income_statement,IS_PROFIT_BEFORE_TAX,2859883167326.0,ACTUAL,VNSTOCK_BRONZE
VNM,LATEST,income_statement,IS_CORPORATE_INCOME_TAX_EXPENSES,-537010970821.0,ACTUAL,VNSTOCK_BRONZE
VNM,LATEST,income_statement,IS_CURRENT_CORPORATE_INCOME_TAX_EXPENSES,-534337235466.0,ACTUAL,VNSTOCK_BRONZE
VNM,LATEST,income_statement,IS_DEFERRED_INCOME_TAX_EXPENSES,-2673735355.0,ACTUAL,VNSTOCK_BRONZE
VNM,LATEST,income_statement,IS_NET_PROFIT_AFTER_TAX,2322872196505.0,ACTUAL,VNSTOCK_BRONZE
VNM,LATEST,income_statement,IS_MINORITY_INTEREST,24473289454.0,ACTUAL,VNSTOCK_BRONZE
VNM,LATEST,income_statement,IS_PROFIT_AFTER_TAX_FOR_SHAREHOLDERS_OF_PARENT_COMPANY,2298398907051.0,ACTUAL,VNSTOCK_BRONZE
VNM,LATEST,income_statement,IS_BASIC_EARNINGS_PER_SHARE,985.0,ACTUAL,VNSTOCK_BRONZE
VNM,LATEST,income_statement,IS_REVENUE,15080733191774.0,ACTUAL,VNSTOCK_BRONZE
VNM,LATEST,income_statement,IS_REVENUE_DEDUCTIONS,-12078534321.0,ACTUAL,VNSTOCK_BRONZE
VNM,LATEST,income_statement,IS_NET_REVENUE,15068654657453.0,ACTUAL,VNSTOCK_BRONZE
VNM,LATEST,income_statement,IS_COST_OF_GOODS_SOLD,-9223066245408.0,ACTUAL,VNSTOCK_BRONZE
VNM,LATEST,income_statement,IS_GROSS_PROFIT,5845588412045.0,ACTUAL,VNSTOCK_BRONZE
VNM,LATEST,income_statement,IS_FINANCIAL_INCOME,379190751224.0,ACTUAL,VNSTOCK_BRONZE
VNM,LATEST,income_statement,IS_FINANCIAL_EXPENSES,-207242758610.0,ACTUAL,VNSTOCK_BRONZE
VNM,LATEST,income_statement,IS_INTEREST_EXPENSES,-53226546796.0,ACTUAL,VNSTOCK_BRONZE
VNM,LATEST,income_statement,IS_SHARE_OF_ASSOCIATES_AND_JOINT_VENTURES_RESULT,-4556583050.0,ACTUAL,VNSTOCK_BRONZE
VNM,LATEST,income_statement,IS_SELLING_EXPENSES,-3335004548411.0,ACTUAL,VNSTOCK_BRONZE
VNM,LATEST,income_statement,IS_GENERAL_AND_ADMINISTRATIVE_EXPENSES,-448926418471.0,ACTUAL,VNSTOCK_BRONZE
VNM,LATEST,income_statement,IS_OPERATING_PROFIT,2229048854727.0,ACTUAL,VNSTOCK_BRONZE
VNM,LATEST,income_statement,IS_OTHER_PROFIT,66193387107.0,ACTUAL,VNSTOCK_BRONZE
VNM,LATEST,income_statement,IS_OTHER_INCOME,148365579501.0,ACTUAL,VNSTOCK_BRONZE
VNM,LATEST,income_statement,IS_OTHER_EXPENSES,-82172192394.0,ACTUAL,VNSTOCK_BRONZE
VNM,LATEST,income_statement,IS_PROFIT_BEFORE_TAX,2295242241834.0,ACTUAL,VNSTOCK_BRONZE
VNM,LATEST,income_statement,IS_CORPORATE_INCOME_TAX_EXPENSES,-426120683664.0,ACTUAL,VNSTOCK_BRONZE
VNM,LATEST,income_statement,IS_CURRENT_CORPORATE_INCOME_TAX_EXPENSES,-469246818237.0,ACTUAL,VNSTOCK_BRONZE
VNM,LATEST,income_statement,IS_DEFERRED_INCOME_TAX_EXPENSES,43126134573.0,ACTUAL,VNSTOCK_BRONZE
VNM,LATEST,income_statement,IS_NET_PROFIT_AFTER_TAX,1869121558170.0,ACTUAL,VNSTOCK_BRONZE
VNM,LATEST,income_statement,IS_MINORITY_INTEREST,4013443.0,ACTUAL,VNSTOCK_BRONZE
VNM,LATEST,income_statement,IS_PROFIT_AFTER_TAX_FOR_SHAREHOLDERS_OF_PARENT_COMPANY,1869125571613.0,ACTUAL,VNSTOCK_BRONZE
VNM,LATEST,income_statement,IS_BASIC_EARNINGS_PER_SHARE,797.0,ACTUAL,VNSTOCK_BRONZE
VNM,LATEST,income_statement,IS_REVENUE,13954019633882.0,ACTUAL,VNSTOCK_BRONZE
VNM,LATEST,income_statement,IS_REVENUE_DEDUCTIONS,-35627707242.0,ACTUAL,VNSTOCK_BRONZE
VNM,LATEST,income_statement,IS_NET_REVENUE,13918391926640.0,ACTUAL,VNSTOCK_BRONZE
VNM,LATEST,income_statement,IS_COST_OF_GOODS_SOLD,-8520365614981.0,ACTUAL,VNSTOCK_BRONZE
VNM,LATEST,income_statement,IS_GROSS_PROFIT,5398026311659.0,ACTUAL,VNSTOCK_BRONZE
VNM,LATEST,income_statement,IS_FINANCIAL_INCOME,419705072231.0,ACTUAL,VNSTOCK_BRONZE
VNM,LATEST,income_statement,IS_FINANCIAL_EXPENSES,-158240818929.0,ACTUAL,VNSTOCK_BRONZE
VNM,LATEST,income_statement,IS_INTEREST_EXPENSES,-82291916805.0,ACTUAL,VNSTOCK_BRONZE
VNM,LATEST,income_statement,IS_SHARE_OF_ASSOCIATES_AND_JOINT_VENTURES_RESULT,-13760236004.0,ACTUAL,VNSTOCK_BRONZE
VNM,LATEST,income_statement,IS_SELLING_EXPENSES,-2942150310906.0,ACTUAL,VNSTOCK_BRONZE
VNM,LATEST,income_statement,IS_GENERAL_AND_ADMINISTRATIVE_EXPENSES,-388784710409.0,ACTUAL,VNSTOCK_BRONZE
VNM,LATEST,income_statement,IS_OPERATING_PROFIT,2314795307642.0,ACTUAL,VNSTOCK_BRONZE
VNM,LATEST,income_statement,IS_OTHER_PROFIT,-2748881689.0,ACTUAL,VNSTOCK_BRONZE
VNM,LATEST,income_statement,IS_OTHER_INCOME,41111331702.0,ACTUAL,VNSTOCK_BRONZE
VNM,LATEST,income_statement,IS_OTHER_EXPENSES,-43860213391.0,ACTUAL,VNSTOCK_BRONZE
VNM,LATEST,income_statement,IS_PROFIT_BEFORE_TAX,2312046425953.0,ACTUAL,VNSTOCK_BRONZE
VNM,LATEST,income_statement,IS_CORPORATE_INCOME_TAX_EXPENSES,-405820026875.0,ACTUAL,VNSTOCK_BRONZE
VNM,LATEST,income_statement,IS_CURRENT_CORPORATE_INCOME_TAX_EXPENSES,-377888254570.0,ACTUAL,VNSTOCK_BRONZE
VNM,LATEST,income_statement,IS_DEFERRED_INCOME_TAX_EXPENSES,-27931772305.0,ACTUAL,VNSTOCK_BRONZE
VNM,LATEST,income_statement,IS_NET_PROFIT_AFTER_TAX,1906226399078.0,ACTUAL,VNSTOCK_BRONZE
VNM,LATEST,income_statement,IS_MINORITY_INTEREST,49493141842.0,ACTUAL,VNSTOCK_BRONZE
VNM,LATEST,income_statement,IS_PROFIT_AFTER_TAX_FOR_SHAREHOLDERS_OF_PARENT_COMPANY,1856733257236.0,ACTUAL,VNSTOCK_BRONZE
VNM,LATEST,income_statement,IS_BASIC_EARNINGS_PER_SHARE,796.0,ACTUAL,VNSTOCK_BRONZE
VNM,LATEST,income_statement,IS_REVENUE,15212939408874.0,ACTUAL,VNSTOCK_BRONZE
VNM,LATEST,income_statement,IS_REVENUE_DEDUCTIONS,-18114453181.0,ACTUAL,VNSTOCK_BRONZE
VNM,LATEST,income_statement,IS_NET_REVENUE,15194824955693.0,ACTUAL,VNSTOCK_BRONZE
VNM,LATEST,income_statement,IS_COST_OF_GOODS_SOLD,-9044632886807.0,ACTUAL,VNSTOCK_BRONZE
VNM,LATEST,income_statement,IS_GROSS_PROFIT,6150192068886.0,ACTUAL,VNSTOCK_BRONZE
VNM,LATEST,income_statement,IS_FINANCIAL_INCOME,383963944773.0,ACTUAL,VNSTOCK_BRONZE
VNM,LATEST,income_statement,IS_FINANCIAL_EXPENSES,-115957689789.0,ACTUAL,VNSTOCK_BRONZE
VNM,LATEST,income_statement,IS_INTEREST_EXPENSES,-95970637757.0,ACTUAL,VNSTOCK_BRONZE
VNM,LATEST,income_statement,IS_SHARE_OF_ASSOCIATES_AND_JOINT_VENTURES_RESULT,-11201004578.0,ACTUAL,VNSTOCK_BRONZE
VNM,LATEST,income_statement,IS_SELLING_EXPENSES,-3199738372776.0,ACTUAL,VNSTOCK_BRONZE
VNM,LATEST,income_statement,IS_GENERAL_AND_ADMINISTRATIVE_EXPENSES,-430514547776.0,ACTUAL,VNSTOCK_BRONZE
VNM,LATEST,income_statement,IS_OPERATING_PROFIT,2776744398740.0,ACTUAL,VNSTOCK_BRONZE
VNM,LATEST,income_statement,IS_OTHER_PROFIT,-48745854737.0,ACTUAL,VNSTOCK_BRONZE
VNM,LATEST,income_statement,IS_OTHER_INCOME,33520380483.0,ACTUAL,VNSTOCK_BRONZE
VNM,LATEST,income_statement,IS_OTHER_EXPENSES,-82266235220.0,ACTUAL,VNSTOCK_BRONZE
VNM,LATEST,income_statement,IS_PROFIT_BEFORE_TAX,2727998544003.0,ACTUAL,VNSTOCK_BRONZE
VNM,LATEST,income_statement,IS_CORPORATE_INCOME_TAX_EXPENSES,-498840654244.0,ACTUAL,VNSTOCK_BRONZE
VNM,LATEST,income_statement,IS_CURRENT_CORPORATE_INCOME_TAX_EXPENSES,-494907485041.0,ACTUAL,VNSTOCK_BRONZE
VNM,LATEST,income_statement,IS_DEFERRED_INCOME_TAX_EXPENSES,-3933169203.0,ACTUAL,VNSTOCK_BRONZE
VNM,LATEST,income_statement,IS_NET_PROFIT_AFTER_TAX,2229157889759.0,ACTUAL,VNSTOCK_BRONZE
VNM,LATEST,income_statement,IS_MINORITY_INTEREST,30346705198.0,ACTUAL,VNSTOCK_BRONZE
VNM,LATEST,income_statement,IS_PROFIT_AFTER_TAX_FOR_SHAREHOLDERS_OF_PARENT_COMPANY,2198811184561.0,ACTUAL,VNSTOCK_BRONZE
VNM,LATEST,income_statement,IS_BASIC_EARNINGS_PER_SHARE,934.0,ACTUAL,VNSTOCK_BRONZE
VNM,LATEST,income_statement,IS_REVENUE,15681494654705.0,ACTUAL,VNSTOCK_BRONZE
VNM,LATEST,income_statement,IS_REVENUE_DEDUCTIONS,-44506970023.0,ACTUAL,VNSTOCK_BRONZE
VNM,LATEST,income_statement,IS_NET_REVENUE,15636987684682.0,ACTUAL,VNSTOCK_BRONZE
VNM,LATEST,income_statement,IS_COST_OF_GOODS_SOLD,-9082087041307.0,ACTUAL,VNSTOCK_BRONZE
VNM,LATEST,income_statement,IS_GROSS_PROFIT,6554900643375.0,ACTUAL,VNSTOCK_BRONZE
VNM,LATEST,income_statement,IS_FINANCIAL_INCOME,483829853834.0,ACTUAL,VNSTOCK_BRONZE
VNM,LATEST,income_statement,IS_FINANCIAL_EXPENSES,-110138422955.0,ACTUAL,VNSTOCK_BRONZE
VNM,LATEST,income_statement,IS_INTEREST_EXPENSES,-79600679532.0,ACTUAL,VNSTOCK_BRONZE
VNM,LATEST,income_statement,IS_SHARE_OF_ASSOCIATES_AND_JOINT_VENTURES_RESULT,-27632597830.0,ACTUAL,VNSTOCK_BRONZE
VNM,LATEST,income_statement,IS_SELLING_EXPENSES,-3382491600883.0,ACTUAL,VNSTOCK_BRONZE
VNM,LATEST,income_statement,IS_GENERAL_AND_ADMINISTRATIVE_EXPENSES,-432197136598.0,ACTUAL,VNSTOCK_BRONZE
VNM,LATEST,income_statement,IS_OPERATING_PROFIT,3086270738943.0,ACTUAL,VNSTOCK_BRONZE
VNM,LATEST,income_statement,IS_OTHER_PROFIT,-10480917792.0,ACTUAL,VNSTOCK_BRONZE
VNM,LATEST,income_statement,IS_OTHER_INCOME,37955648630.0,ACTUAL,VNSTOCK_BRONZE
VNM,LATEST,income_statement,IS_OTHER_EXPENSES,-48436566422.0,ACTUAL,VNSTOCK_BRONZE
VNM,LATEST,income_statement,IS_PROFIT_BEFORE_TAX,3075789821151.0,ACTUAL,VNSTOCK_BRONZE
VNM,LATEST,income_statement,IS_CORPORATE_INCOME_TAX_EXPENSES,-542525434892.0,ACTUAL,VNSTOCK_BRONZE
VNM,LATEST,income_statement,IS_CURRENT_CORPORATE_INCOME_TAX_EXPENSES,-548401617475.0,ACTUAL,VNSTOCK_BRONZE
VNM,LATEST,income_statement,IS_DEFERRED_INCOME_TAX_EXPENSES,5876182583.0,ACTUAL,VNSTOCK_BRONZE
VNM,LATEST,income_statement,IS_NET_PROFIT_AFTER_TAX,2533264386259.0,ACTUAL,VNSTOCK_BRONZE
VNM,LATEST,income_statement,IS_MINORITY_INTEREST,41010371258.0,ACTUAL,VNSTOCK_BRONZE
VNM,LATEST,income_statement,IS_PROFIT_AFTER_TAX_FOR_SHAREHOLDERS_OF_PARENT_COMPANY,2492254015001.0,ACTUAL,VNSTOCK_BRONZE
VNM,LATEST,income_statement,IS_BASIC_EARNINGS_PER_SHARE,1066.0,ACTUAL,VNSTOCK_BRONZE
VNM,LATEST,income_statement,IS_REVENUE,15630458869279.0,ACTUAL,VNSTOCK_BRONZE
VNM,LATEST,income_statement,IS_REVENUE_DEDUCTIONS,-11747924789.0,ACTUAL,VNSTOCK_BRONZE
VNM,LATEST,income_statement,IS_NET_REVENUE,15618710944490.0,ACTUAL,VNSTOCK_BRONZE
VNM,LATEST,income_statement,IS_COST_OF_GOODS_SOLD,-9177098353000.0,ACTUAL,VNSTOCK_BRONZE
VNM,LATEST,income_statement,IS_GROSS_PROFIT,6441612591490.0,ACTUAL,VNSTOCK_BRONZE
VNM,LATEST,income_statement,IS_FINANCIAL_INCOME,428868705495.0,ACTUAL,VNSTOCK_BRONZE
VNM,LATEST,income_statement,IS_FINANCIAL_EXPENSES,-118785839541.0,ACTUAL,VNSTOCK_BRONZE
VNM,LATEST,income_statement,IS_INTEREST_EXPENSES,-96231603161.0,ACTUAL,VNSTOCK_BRONZE
VNM,LATEST,income_statement,IS_SHARE_OF_ASSOCIATES_AND_JOINT_VENTURES_RESULT,-28037460234.0,ACTUAL,VNSTOCK_BRONZE
VNM,LATEST,income_statement,IS_SELLING_EXPENSES,-3493712827314.0,ACTUAL,VNSTOCK_BRONZE
VNM,LATEST,income_statement,IS_GENERAL_AND_ADMINISTRATIVE_EXPENSES,-504122733414.0,ACTUAL,VNSTOCK_BRONZE
VNM,LATEST,income_statement,IS_OPERATING_PROFIT,2725822436482.0,ACTUAL,VNSTOCK_BRONZE
VNM,LATEST,income_statement,IS_OTHER_PROFIT,126242163897.0,ACTUAL,VNSTOCK_BRONZE
VNM,LATEST,income_statement,IS_OTHER_INCOME,240821530736.0,ACTUAL,VNSTOCK_BRONZE
VNM,LATEST,income_statement,IS_OTHER_EXPENSES,-114579366839.0,ACTUAL,VNSTOCK_BRONZE
VNM,LATEST,income_statement,IS_PROFIT_BEFORE_TAX,2852064600379.0,ACTUAL,VNSTOCK_BRONZE
VNM,LATEST,income_statement,IS_CORPORATE_INCOME_TAX_EXPENSES,-501359110424.0,ACTUAL,VNSTOCK_BRONZE
VNM,LATEST,income_statement,IS_CURRENT_CORPORATE_INCOME_TAX_EXPENSES,-527166047542.0,ACTUAL,VNSTOCK_BRONZE
VNM,LATEST,income_statement,IS_DEFERRED_INCOME_TAX_EXPENSES,25806937118.0,ACTUAL,VNSTOCK_BRONZE
VNM,LATEST,income_statement,IS_NET_PROFIT_AFTER_TAX,2350705489955.0,ACTUAL,VNSTOCK_BRONZE
VNM,LATEST,income_statement,IS_MINORITY_INTEREST,24691529889.0,ACTUAL,VNSTOCK_BRONZE
VNM,LATEST,income_statement,IS_PROFIT_AFTER_TAX_FOR_SHAREHOLDERS_OF_PARENT_COMPANY,2326013960066.0,ACTUAL,VNSTOCK_BRONZE
VNM,LATEST,income_statement,IS_BASIC_EARNINGS_PER_SHARE,999.0,ACTUAL,VNSTOCK_BRONZE
VNM,LATEST,income_statement,IS_REVENUE,14124890259766.0,ACTUAL,VNSTOCK_BRONZE
VNM,LATEST,income_statement,IS_REVENUE_DEDUCTIONS,-12478942708.0,ACTUAL,VNSTOCK_BRONZE
VNM,LATEST,income_statement,IS_NET_REVENUE,14112411317058.0,ACTUAL,VNSTOCK_BRONZE
VNM,LATEST,income_statement,IS_COST_OF_GOODS_SOLD,-8200889872493.0,ACTUAL,VNSTOCK_BRONZE
VNM,LATEST,income_statement,IS_GROSS_PROFIT,5911521444565.0,ACTUAL,VNSTOCK_BRONZE
VNM,LATEST,income_statement,IS_FINANCIAL_INCOME,387368759884.0,ACTUAL,VNSTOCK_BRONZE
VNM,LATEST,income_statement,IS_FINANCIAL_EXPENSES,-102489879376.0,ACTUAL,VNSTOCK_BRONZE
VNM,LATEST,income_statement,IS_INTEREST_EXPENSES,-86395425954.0,ACTUAL,VNSTOCK_BRONZE
VNM,LATEST,income_statement,IS_SHARE_OF_ASSOCIATES_AND_JOINT_VENTURES_RESULT,10326196929.0,ACTUAL,VNSTOCK_BRONZE
VNM,LATEST,income_statement,IS_SELLING_EXPENSES,-3095275281176.0,ACTUAL,VNSTOCK_BRONZE
VNM,LATEST,income_statement,IS_GENERAL_AND_ADMINISTRATIVE_EXPENSES,-395914155553.0,ACTUAL,VNSTOCK_BRONZE
VNM,LATEST,income_statement,IS_OPERATING_PROFIT,2715537085273.0,ACTUAL,VNSTOCK_BRONZE
VNM,LATEST,income_statement,IS_OTHER_PROFIT,-9696683551.0,ACTUAL,VNSTOCK_BRONZE
VNM,LATEST,income_statement,IS_OTHER_INCOME,37007652440.0,ACTUAL,VNSTOCK_BRONZE
VNM,LATEST,income_statement,IS_OTHER_EXPENSES,-46704335991.0,ACTUAL,VNSTOCK_BRONZE
VNM,LATEST,income_statement,IS_PROFIT_BEFORE_TAX,2705840401722.0,ACTUAL,VNSTOCK_BRONZE
VNM,LATEST,income_statement,IS_CORPORATE_INCOME_TAX_EXPENSES,-498857032133.0,ACTUAL,VNSTOCK_BRONZE
VNM,LATEST,income_statement,IS_CURRENT_CORPORATE_INCOME_TAX_EXPENSES,-497675570285.0,ACTUAL,VNSTOCK_BRONZE
VNM,LATEST,income_statement,IS_DEFERRED_INCOME_TAX_EXPENSES,-1181461848.0,ACTUAL,VNSTOCK_BRONZE
VNM,LATEST,income_statement,IS_NET_PROFIT_AFTER_TAX,2206983369589.0,ACTUAL,VNSTOCK_BRONZE
VNM,LATEST,income_statement,IS_MINORITY_INTEREST,12316403989.0,ACTUAL,VNSTOCK_BRONZE
VNM,LATEST,income_statement,IS_PROFIT_AFTER_TAX_FOR_SHAREHOLDERS_OF_PARENT_COMPANY,2194666965600.0,ACTUAL,VNSTOCK_BRONZE
VNM,LATEST,income_statement,IS_BASIC_EARNINGS_PER_SHARE,944.0,ACTUAL,VNSTOCK_BRONZE
VNM,LATEST,income_statement,IS_REVENUE,16665240843085.0,ACTUAL,VNSTOCK_BRONZE
VNM,LATEST,income_statement,IS_REVENUE_DEDUCTIONS,-9453070612.0,ACTUAL,VNSTOCK_BRONZE
VNM,LATEST,income_statement,IS_NET_REVENUE,16655787772473.0,ACTUAL,VNSTOCK_BRONZE
VNM,LATEST,income_statement,IS_COST_OF_GOODS_SOLD,-9588268993189.0,ACTUAL,VNSTOCK_BRONZE
VNM,LATEST,income_statement,IS_GROSS_PROFIT,7067518779284.0,ACTUAL,VNSTOCK_BRONZE
VNM,LATEST,income_statement,IS_FINANCIAL_INCOME,373183676511.0,ACTUAL,VNSTOCK_BRONZE
VNM,LATEST,income_statement,IS_FINANCIAL_EXPENSES,-87679063003.0,ACTUAL,VNSTOCK_BRONZE
VNM,LATEST,income_statement,IS_INTEREST_EXPENSES,-64294446778.0,ACTUAL,VNSTOCK_BRONZE
VNM,LATEST,income_statement,IS_SHARE_OF_ASSOCIATES_AND_JOINT_VENTURES_RESULT,3339877558.0,ACTUAL,VNSTOCK_BRONZE
VNM,LATEST,income_statement,IS_SELLING_EXPENSES,-3574887401068.0,ACTUAL,VNSTOCK_BRONZE
VNM,LATEST,income_statement,IS_GENERAL_AND_ADMINISTRATIVE_EXPENSES,-455702658579.0,ACTUAL,VNSTOCK_BRONZE
VNM,LATEST,income_statement,IS_OPERATING_PROFIT,3325773210703.0,ACTUAL,VNSTOCK_BRONZE
VNM,LATEST,income_statement,IS_OTHER_PROFIT,-17130282473.0,ACTUAL,VNSTOCK_BRONZE
VNM,LATEST,income_statement,IS_OTHER_INCOME,34843947651.0,ACTUAL,VNSTOCK_BRONZE
VNM,LATEST,income_statement,IS_OTHER_EXPENSES,-51974230124.0,ACTUAL,VNSTOCK_BRONZE
VNM,LATEST,income_statement,IS_PROFIT_BEFORE_TAX,3308642928230.0,ACTUAL,VNSTOCK_BRONZE
VNM,LATEST,income_statement,IS_CORPORATE_INCOME_TAX_EXPENSES,-612677707116.0,ACTUAL,VNSTOCK_BRONZE
VNM,LATEST,income_statement,IS_CURRENT_CORPORATE_INCOME_TAX_EXPENSES,-614203629137.0,ACTUAL,VNSTOCK_BRONZE
VNM,LATEST,income_statement,IS_DEFERRED_INCOME_TAX_EXPENSES,1525922021.0,ACTUAL,VNSTOCK_BRONZE
VNM,LATEST,income_statement,IS_NET_PROFIT_AFTER_TAX,2695965221114.0,ACTUAL,VNSTOCK_BRONZE
VNM,LATEST,income_statement,IS_MINORITY_INTEREST,25490203830.0,ACTUAL,VNSTOCK_BRONZE
VNM,LATEST,income_statement,IS_PROFIT_AFTER_TAX_FOR_SHAREHOLDERS_OF_PARENT_COMPANY,2670475017284.0,ACTUAL,VNSTOCK_BRONZE
VNM,LATEST,income_statement,IS_BASIC_EARNINGS_PER_SHARE,1138.0,ACTUAL,VNSTOCK_BRONZE
VNM,LATEST,income_statement,IS_REVENUE,15548707382507.0,ACTUAL,VNSTOCK_BRONZE
VNM,LATEST,income_statement,IS_REVENUE_DEDUCTIONS,-11370069034.0,ACTUAL,VNSTOCK_BRONZE
VNM,LATEST,income_statement,IS_NET_REVENUE,15537337313473.0,ACTUAL,VNSTOCK_BRONZE
VNM,LATEST,income_statement,IS_COST_OF_GOODS_SOLD,-9135891859183.0,ACTUAL,VNSTOCK_BRONZE
VNM,LATEST,income_statement,IS_GROSS_PROFIT,6401445454290.0,ACTUAL,VNSTOCK_BRONZE
VNM,LATEST,income_statement,IS_FINANCIAL_INCOME,430476492135.0,ACTUAL,VNSTOCK_BRONZE
VNM,LATEST,income_statement,IS_FINANCIAL_EXPENSES,-97962433824.0,ACTUAL,VNSTOCK_BRONZE
VNM,LATEST,income_statement,IS_INTEREST_EXPENSES,-62624826693.0,ACTUAL,VNSTOCK_BRONZE
VNM,LATEST,income_statement,IS_SHARE_OF_ASSOCIATES_AND_JOINT_VENTURES_RESULT,-5059420447.0,ACTUAL,VNSTOCK_BRONZE
VNM,LATEST,income_statement,IS_SELLING_EXPENSES,-3336422575566.0,ACTUAL,VNSTOCK_BRONZE
VNM,LATEST,income_statement,IS_GENERAL_AND_ADMINISTRATIVE_EXPENSES,-421729399873.0,ACTUAL,VNSTOCK_BRONZE
VNM,LATEST,income_statement,IS_OPERATING_PROFIT,2970748116715.0,ACTUAL,VNSTOCK_BRONZE
VNM,LATEST,income_statement,IS_OTHER_PROFIT,-28946476237.0,ACTUAL,VNSTOCK_BRONZE
VNM,LATEST,income_statement,IS_OTHER_INCOME,37227938682.0,ACTUAL,VNSTOCK_BRONZE
VNM,LATEST,income_statement,IS_OTHER_EXPENSES,-66174414919.0,ACTUAL,VNSTOCK_BRONZE
VNM,LATEST,income_statement,IS_PROFIT_BEFORE_TAX,2941801640478.0,ACTUAL,VNSTOCK_BRONZE
VNM,LATEST,income_statement,IS_CORPORATE_INCOME_TAX_EXPENSES,-538648585210.0,ACTUAL,VNSTOCK_BRONZE
VNM,LATEST,income_statement,IS_CURRENT_CORPORATE_INCOME_TAX_EXPENSES,-573837659232.0,ACTUAL,VNSTOCK_BRONZE
VNM,LATEST,income_statement,IS_DEFERRED_INCOME_TAX_EXPENSES,35189074022.0,ACTUAL,VNSTOCK_BRONZE
VNM,LATEST,income_statement,IS_NET_PROFIT_AFTER_TAX,2403153055268.0,ACTUAL,VNSTOCK_BRONZE
VNM,LATEST,income_statement,IS_MINORITY_INTEREST,366049616.0,ACTUAL,VNSTOCK_BRONZE
VNM,LATEST,income_statement,IS_PROFIT_AFTER_TAX_FOR_SHAREHOLDERS_OF_PARENT_COMPANY,2403519104884.0,ACTUAL,VNSTOCK_BRONZE
VNM,LATEST,income_statement,IS_BASIC_EARNINGS_PER_SHARE,1032.0,ACTUAL,VNSTOCK_BRONZE
VNM,LATEST,income_statement,IS_REVENUE,15485051436522.0,ACTUAL,VNSTOCK_BRONZE
VNM,LATEST,income_statement,IS_REVENUE_DEDUCTIONS,-7978311081.0,ACTUAL,VNSTOCK_BRONZE
VNM,LATEST,income_statement,IS_NET_REVENUE,15477073125441.0,ACTUAL,VNSTOCK_BRONZE
VNM,LATEST,income_statement,IS_COST_OF_GOODS_SOLD,-9267382480456.0,ACTUAL,VNSTOCK_BRONZE
VNM,LATEST,income_statement,IS_GROSS_PROFIT,6209690644985.0,ACTUAL,VNSTOCK_BRONZE
VNM,LATEST,income_statement,IS_FINANCIAL_INCOME,394631907537.0,ACTUAL,VNSTOCK_BRONZE
VNM,LATEST,income_statement,IS_FINANCIAL_EXPENSES,-140107172656.0,ACTUAL,VNSTOCK_BRONZE
VNM,LATEST,income_statement,IS_INTEREST_EXPENSES,-66109861870.0,ACTUAL,VNSTOCK_BRONZE
VNM,LATEST,income_statement,IS_SHARE_OF_ASSOCIATES_AND_JOINT_VENTURES_RESULT,23396009808.0,ACTUAL,VNSTOCK_BRONZE
VNM,LATEST,income_statement,IS_SELLING_EXPENSES,-3351121538996.0,ACTUAL,VNSTOCK_BRONZE
VNM,LATEST,income_statement,IS_GENERAL_AND_ADMINISTRATIVE_EXPENSES,-554570624982.0,ACTUAL,VNSTOCK_BRONZE
VNM,LATEST,income_statement,IS_OPERATING_PROFIT,2581919225696.0,ACTUAL,VNSTOCK_BRONZE
VNM,LATEST,income_statement,IS_OTHER_PROFIT,61449545209.0,ACTUAL,VNSTOCK_BRONZE
VNM,LATEST,income_statement,IS_OTHER_INCOME,121552139821.0,ACTUAL,VNSTOCK_BRONZE
VNM,LATEST,income_statement,IS_OTHER_EXPENSES,-60102594612.0,ACTUAL,VNSTOCK_BRONZE
VNM,LATEST,income_statement,IS_PROFIT_BEFORE_TAX,2643368770905.0,ACTUAL,VNSTOCK_BRONZE
VNM,LATEST,income_statement,IS_CORPORATE_INCOME_TAX_EXPENSES,-496577426928.0,ACTUAL,VNSTOCK_BRONZE
VNM,LATEST,income_statement,IS_CURRENT_CORPORATE_INCOME_TAX_EXPENSES,-555142311297.0,ACTUAL,VNSTOCK_BRONZE
VNM,LATEST,income_statement,IS_DEFERRED_INCOME_TAX_EXPENSES,58564884369.0,ACTUAL,VNSTOCK_BRONZE
VNM,LATEST,income_statement,IS_NET_PROFIT_AFTER_TAX,2146791343977.0,ACTUAL,VNSTOCK_BRONZE
VNM,LATEST,income_statement,IS_MINORITY_INTEREST,23142075495.0,ACTUAL,VNSTOCK_BRONZE
VNM,LATEST,income_statement,IS_PROFIT_AFTER_TAX_FOR_SHAREHOLDERS_OF_PARENT_COMPANY,2123649268482.0,ACTUAL,VNSTOCK_BRONZE
VNM,LATEST,income_statement,IS_BASIC_EARNINGS_PER_SHARE,908.0,ACTUAL,VNSTOCK_BRONZE
VNM,LATEST,income_statement,IS_REVENUE,12965404856436.0,ACTUAL,VNSTOCK_BRONZE
VNM,LATEST,income_statement,IS_REVENUE_DEDUCTIONS,-30899523580.0,ACTUAL,VNSTOCK_BRONZE
VNM,LATEST,income_statement,IS_NET_REVENUE,12934505332856.0,ACTUAL,VNSTOCK_BRONZE
VNM,LATEST,income_statement,IS_COST_OF_GOODS_SOLD,-7724022892977.0,ACTUAL,VNSTOCK_BRONZE
VNM,LATEST,income_statement,IS_GROSS_PROFIT,5210482439879.0,ACTUAL,VNSTOCK_BRONZE
VNM,LATEST,income_statement,IS_FINANCIAL_INCOME,366337215645.0,ACTUAL,VNSTOCK_BRONZE
VNM,LATEST,income_statement,IS_FINANCIAL_EXPENSES,-41765368480.0,ACTUAL,VNSTOCK_BRONZE
VNM,LATEST,income_statement,IS_INTEREST_EXPENSES,-75155207673.0,ACTUAL,VNSTOCK_BRONZE
VNM,LATEST,income_statement,IS_SHARE_OF_ASSOCIATES_AND_JOINT_VENTURES_RESULT,16189054400.0,ACTUAL,VNSTOCK_BRONZE
VNM,LATEST,income_statement,IS_SELLING_EXPENSES,-3169757183300.0,ACTUAL,VNSTOCK_BRONZE
VNM,LATEST,income_statement,IS_GENERAL_AND_ADMINISTRATIVE_EXPENSES,-430929441463.0,ACTUAL,VNSTOCK_BRONZE
VNM,LATEST,income_statement,IS_OPERATING_PROFIT,1950556716681.0,ACTUAL,VNSTOCK_BRONZE
VNM,LATEST,income_statement,IS_OTHER_PROFIT,739478842.0,ACTUAL,VNSTOCK_BRONZE
VNM,LATEST,income_statement,IS_OTHER_INCOME,48165047774.0,ACTUAL,VNSTOCK_BRONZE
VNM,LATEST,income_statement,IS_OTHER_EXPENSES,-47425568932.0,ACTUAL,VNSTOCK_BRONZE
VNM,LATEST,income_statement,IS_PROFIT_BEFORE_TAX,1951296195523.0,ACTUAL,VNSTOCK_BRONZE
VNM,LATEST,income_statement,IS_CORPORATE_INCOME_TAX_EXPENSES,-364022927469.0,ACTUAL,VNSTOCK_BRONZE
VNM,LATEST,income_statement,IS_CURRENT_CORPORATE_INCOME_TAX_EXPENSES,-326819068821.0,ACTUAL,VNSTOCK_BRONZE
VNM,LATEST,income_statement,IS_DEFERRED_INCOME_TAX_EXPENSES,-37203858648.0,ACTUAL,VNSTOCK_BRONZE
VNM,LATEST,income_statement,IS_NET_PROFIT_AFTER_TAX,1587273268054.0,ACTUAL,VNSTOCK_BRONZE
VNM,LATEST,income_statement,IS_MINORITY_INTEREST,18791079953.0,ACTUAL,VNSTOCK_BRONZE
VNM,LATEST,income_statement,IS_PROFIT_AFTER_TAX_FOR_SHAREHOLDERS_OF_PARENT_COMPANY,1568482188101.0,ACTUAL,VNSTOCK_BRONZE
VNM,LATEST,income_statement,IS_BASIC_EARNINGS_PER_SHARE,674.0,ACTUAL,VNSTOCK_BRONZE
VNM,LATEST,income_statement,IS_REVENUE,16744609675338.0,ACTUAL,VNSTOCK_BRONZE
VNM,LATEST,income_statement,IS_REVENUE_DEDUCTIONS,-20012195784.0,ACTUAL,VNSTOCK_BRONZE
VNM,LATEST,income_statement,IS_NET_REVENUE,16724597479554.0,ACTUAL,VNSTOCK_BRONZE
VNM,LATEST,income_statement,IS_COST_OF_GOODS_SOLD,-9702919554414.0,ACTUAL,VNSTOCK_BRONZE
VNM,LATEST,income_statement,IS_GROSS_PROFIT,7021677925140.0,ACTUAL,VNSTOCK_BRONZE
VNM,LATEST,income_statement,IS_FINANCIAL_INCOME,376333100451.0,ACTUAL,VNSTOCK_BRONZE
VNM,LATEST,income_statement,IS_FINANCIAL_EXPENSES,-109547632124.0,ACTUAL,VNSTOCK_BRONZE
VNM,LATEST,income_statement,IS_INTEREST_EXPENSES,-85204331624.0,ACTUAL,VNSTOCK_BRONZE
VNM,LATEST,income_statement,IS_SHARE_OF_ASSOCIATES_AND_JOINT_VENTURES_RESULT,3760327370.0,ACTUAL,VNSTOCK_BRONZE
VNM,LATEST,income_statement,IS_SELLING_EXPENSES,-3711347500232.0,ACTUAL,VNSTOCK_BRONZE
VNM,LATEST,income_statement,IS_GENERAL_AND_ADMINISTRATIVE_EXPENSES,-462277916899.0,ACTUAL,VNSTOCK_BRONZE
VNM,LATEST,income_statement,IS_OPERATING_PROFIT,3118598303706.0,ACTUAL,VNSTOCK_BRONZE
VNM,LATEST,income_statement,IS_OTHER_PROFIT,-22509770429.0,ACTUAL,VNSTOCK_BRONZE
VNM,LATEST,income_statement,IS_OTHER_INCOME,32160581071.0,ACTUAL,VNSTOCK_BRONZE
VNM,LATEST,income_statement,IS_OTHER_EXPENSES,-54670351500.0,ACTUAL,VNSTOCK_BRONZE
VNM,LATEST,income_statement,IS_PROFIT_BEFORE_TAX,3096088533277.0,ACTUAL,VNSTOCK_BRONZE
VNM,LATEST,income_statement,IS_CORPORATE_INCOME_TAX_EXPENSES,-607503852997.0,ACTUAL,VNSTOCK_BRONZE
VNM,LATEST,income_statement,IS_CURRENT_CORPORATE_INCOME_TAX_EXPENSES,-613806796858.0,ACTUAL,VNSTOCK_BRONZE
VNM,LATEST,income_statement,IS_DEFERRED_INCOME_TAX_EXPENSES,6302943861.0,ACTUAL,VNSTOCK_BRONZE
VNM,LATEST,income_statement,IS_NET_PROFIT_AFTER_TAX,2488584680280.0,ACTUAL,VNSTOCK_BRONZE
VNM,LATEST,income_statement,IS_MINORITY_INTEREST,13999382282.0,ACTUAL,VNSTOCK_BRONZE
VNM,LATEST,income_statement,IS_PROFIT_AFTER_TAX_FOR_SHAREHOLDERS_OF_PARENT_COMPANY,2474585297998.0,ACTUAL,VNSTOCK_BRONZE
VNM,LATEST,income_statement,IS_BASIC_EARNINGS_PER_SHARE,1046.0,ACTUAL,VNSTOCK_BRONZE
VNM,LATEST,income_statement,IS_REVENUE,16968084097983.0,ACTUAL,VNSTOCK_BRONZE
VNM,LATEST,income_statement,IS_REVENUE_DEDUCTIONS,-14852560120.0,ACTUAL,VNSTOCK_BRONZE
VNM,LATEST,income_statement,IS_NET_REVENUE,16953231537863.0,ACTUAL,VNSTOCK_BRONZE
VNM,LATEST,income_statement,IS_COST_OF_GOODS_SOLD,-9865934701695.0,ACTUAL,VNSTOCK_BRONZE
VNM,LATEST,income_statement,IS_GROSS_PROFIT,7087296836168.0,ACTUAL,VNSTOCK_BRONZE
VNM,LATEST,income_statement,IS_FINANCIAL_INCOME,395840396288.0,ACTUAL,VNSTOCK_BRONZE
VNM,LATEST,income_statement,IS_FINANCIAL_EXPENSES,-91354486972.0,ACTUAL,VNSTOCK_BRONZE
VNM,LATEST,income_statement,IS_INTEREST_EXPENSES,-75464626344.0,ACTUAL,VNSTOCK_BRONZE
VNM,LATEST,income_statement,IS_SHARE_OF_ASSOCIATES_AND_JOINT_VENTURES_RESULT,-194491871698.0,ACTUAL,VNSTOCK_BRONZE
VNM,LATEST,income_statement,IS_SELLING_EXPENSES,-3573752079537.0,ACTUAL,VNSTOCK_BRONZE
VNM,LATEST,income_statement,IS_GENERAL_AND_ADMINISTRATIVE_EXPENSES,-465785970174.0,ACTUAL,VNSTOCK_BRONZE
VNM,LATEST,income_statement,IS_OPERATING_PROFIT,3157752824075.0,ACTUAL,VNSTOCK_BRONZE
VNM,LATEST,income_statement,IS_OTHER_PROFIT,-32152210023.0,ACTUAL,VNSTOCK_BRONZE
VNM,LATEST,income_statement,IS_OTHER_INCOME,37389682775.0,ACTUAL,VNSTOCK_BRONZE
VNM,LATEST,income_statement,IS_OTHER_EXPENSES,-69541892798.0,ACTUAL,VNSTOCK_BRONZE
VNM,LATEST,income_statement,IS_PROFIT_BEFORE_TAX,3125600614052.0,ACTUAL,VNSTOCK_BRONZE
VNM,LATEST,income_statement,IS_CORPORATE_INCOME_TAX_EXPENSES,-615067870849.0,ACTUAL,VNSTOCK_BRONZE
VNM,LATEST,income_statement,IS_CURRENT_CORPORATE_INCOME_TAX_EXPENSES,-644325193049.0,ACTUAL,VNSTOCK_BRONZE
VNM,LATEST,income_statement,IS_DEFERRED_INCOME_TAX_EXPENSES,29257322200.0,ACTUAL,VNSTOCK_BRONZE
VNM,LATEST,income_statement,IS_NET_PROFIT_AFTER_TAX,2510532743203.0,ACTUAL,VNSTOCK_BRONZE
VNM,LATEST,income_statement,IS_MINORITY_INTEREST,16233815688.0,ACTUAL,VNSTOCK_BRONZE
VNM,LATEST,income_statement,IS_PROFIT_AFTER_TAX_FOR_SHAREHOLDERS_OF_PARENT_COMPANY,2526766558891.0,ACTUAL,VNSTOCK_BRONZE
VNM,LATEST,income_statement,IS_BASIC_EARNINGS_PER_SHARE,1084.0,ACTUAL,VNSTOCK_BRONZE
VNM,LATEST,income_statement,IS_REVENUE,17045421378817.0,ACTUAL,VNSTOCK_BRONZE
VNM,LATEST,income_statement,IS_REVENUE_DEDUCTIONS,-11868972863.0,ACTUAL,VNSTOCK_BRONZE
VNM,LATEST,income_statement,IS_NET_REVENUE,17033552405954.0,ACTUAL,VNSTOCK_BRONZE
VNM,LATEST,income_statement,IS_COST_OF_GOODS_SOLD,-10143535412610.0,ACTUAL,VNSTOCK_BRONZE
VNM,LATEST,income_statement,IS_GROSS_PROFIT,6890016993344.0,ACTUAL,VNSTOCK_BRONZE
VNM,LATEST,income_statement,IS_FINANCIAL_INCOME,358341189804.0,ACTUAL,VNSTOCK_BRONZE
VNM,LATEST,income_statement,IS_FINANCIAL_EXPENSES,-107566612631.0,ACTUAL,VNSTOCK_BRONZE
VNM,LATEST,income_statement,IS_INTEREST_EXPENSES,-89980184766.0,ACTUAL,VNSTOCK_BRONZE
VNM,LATEST,income_statement,IS_SHARE_OF_ASSOCIATES_AND_JOINT_VENTURES_RESULT,23984472272.0,ACTUAL,VNSTOCK_BRONZE
VNM,LATEST,income_statement,IS_SELLING_EXPENSES,-3186832400615.0,ACTUAL,VNSTOCK_BRONZE
VNM,LATEST,income_statement,IS_GENERAL_AND_ADMINISTRATIVE_EXPENSES,-545076497173.0,ACTUAL,VNSTOCK_BRONZE
VNM,LATEST,income_statement,IS_OPERATING_PROFIT,3432867145001.0,ACTUAL,VNSTOCK_BRONZE
VNM,LATEST,income_statement,IS_OTHER_PROFIT,44132737085.0,ACTUAL,VNSTOCK_BRONZE
VNM,LATEST,income_statement,IS_OTHER_INCOME,128002667372.0,ACTUAL,VNSTOCK_BRONZE
VNM,LATEST,income_statement,IS_OTHER_EXPENSES,-83869930287.0,ACTUAL,VNSTOCK_BRONZE
VNM,LATEST,income_statement,IS_PROFIT_BEFORE_TAX,3476999882086.0,ACTUAL,VNSTOCK_BRONZE
VNM,LATEST,income_statement,IS_CORPORATE_INCOME_TAX_EXPENSES,-649800841154.0,ACTUAL,VNSTOCK_BRONZE
VNM,LATEST,income_statement,IS_CURRENT_CORPORATE_INCOME_TAX_EXPENSES,-688334808992.0,ACTUAL,VNSTOCK_BRONZE
VNM,LATEST,income_statement,IS_DEFERRED_INCOME_TAX_EXPENSES,38533967838.0,ACTUAL,VNSTOCK_BRONZE
VNM,LATEST,income_statement,IS_NET_PROFIT_AFTER_TAX,2827199040932.0,ACTUAL,VNSTOCK_BRONZE
VNM,LATEST,income_statement,IS_MINORITY_INTEREST,13168560770.0,ACTUAL,VNSTOCK_BRONZE
VNM,LATEST,income_statement,IS_PROFIT_AFTER_TAX_FOR_SHAREHOLDERS_OF_PARENT_COMPANY,2840367601702.0,ACTUAL,VNSTOCK_BRONZE
VNM,LATEST,income_statement,IS_BASIC_EARNINGS_PER_SHARE,1224.0,ACTUAL,VNSTOCK_BRONZE
VNM,LATEST,income_statement,IS_REVENUE,16177992148783.0,ACTUAL,VNSTOCK_BRONZE
VNM,LATEST,income_statement,IS_REVENUE_DEDUCTIONS,-29334277160.0,ACTUAL,VNSTOCK_BRONZE
VNM,LATEST,income_statement,IS_NET_REVENUE,16148657871623.0,ACTUAL,VNSTOCK_BRONZE
VNM,LATEST,income_statement,IS_COST_OF_GOODS_SOLD,-9252731827546.0,ACTUAL,VNSTOCK_BRONZE
VNM,LATEST,income_statement,IS_GROSS_PROFIT,6895926044077.0,ACTUAL,VNSTOCK_BRONZE
VNM,LATEST,income_statement,IS_FINANCIAL_INCOME,386473829446.0,ACTUAL,VNSTOCK_BRONZE
VNM,LATEST,income_statement,IS_FINANCIAL_EXPENSES,-154556282718.0,ACTUAL,VNSTOCK_BRONZE
VNM,LATEST,income_statement,IS_INTEREST_EXPENSES,-118301437284.0,ACTUAL,VNSTOCK_BRONZE
VNM,LATEST,income_statement,IS_SHARE_OF_ASSOCIATES_AND_JOINT_VENTURES_RESULT,48459806269.0,ACTUAL,VNSTOCK_BRONZE
VNM,LATEST,income_statement,IS_SELLING_EXPENSES,-3724703172095.0,ACTUAL,VNSTOCK_BRONZE
VNM,LATEST,income_statement,IS_GENERAL_AND_ADMINISTRATIVE_EXPENSES,-459769658861.0,ACTUAL,VNSTOCK_BRONZE
VNM,LATEST,income_statement,IS_OPERATING_PROFIT,2991830566118.0,ACTUAL,VNSTOCK_BRONZE
VNM,LATEST,income_statement,IS_OTHER_PROFIT,22565902458.0,ACTUAL,VNSTOCK_BRONZE
VNM,LATEST,income_statement,IS_OTHER_INCOME,41379503759.0,ACTUAL,VNSTOCK_BRONZE
VNM,LATEST,income_statement,IS_OTHER_EXPENSES,-18813601301.0,ACTUAL,VNSTOCK_BRONZE
VNM,LATEST,income_statement,IS_PROFIT_BEFORE_TAX,3014396468576.0,ACTUAL,VNSTOCK_BRONZE
VNM,LATEST,income_statement,IS_CORPORATE_INCOME_TAX_EXPENSES,-556175466044.0,ACTUAL,VNSTOCK_BRONZE
VNM,LATEST,income_statement,IS_CURRENT_CORPORATE_INCOME_TAX_EXPENSES,-508834009350.0,ACTUAL,VNSTOCK_BRONZE
VNM,LATEST,income_statement,IS_DEFERRED_INCOME_TAX_EXPENSES,-47341456694.0,ACTUAL,VNSTOCK_BRONZE
VNM,LATEST,income_statement,IS_NET_PROFIT_AFTER_TAX,2458221002532.0,ACTUAL,VNSTOCK_BRONZE
VNM,LATEST,income_statement,IS_MINORITY_INTEREST,29501189428.0,ACTUAL,VNSTOCK_BRONZE
VNM,LATEST,income_statement,IS_PROFIT_AFTER_TAX_FOR_SHAREHOLDERS_OF_PARENT_COMPANY,2428719813104.0,ACTUAL,VNSTOCK_BRONZE
VNM,LATEST,income_statement,IS_BASIC_EARNINGS_PER_SHARE,1051.0,ACTUAL,VNSTOCK_BRONZE
VNM,LATEST,income_statement,IS_REVENUE,18855657057945.0,ACTUAL,VNSTOCK_BRONZE
VNM,LATEST,income_statement,IS_REVENUE_DEDUCTIONS,-8309592957.0,ACTUAL,VNSTOCK_BRONZE
VNM,LATEST,income_statement,IS_NET_REVENUE,18847347464988.0,ACTUAL,VNSTOCK_BRONZE
VNM,LATEST,income_statement,IS_COST_OF_GOODS_SOLD,-10643261509232.0,ACTUAL,VNSTOCK_BRONZE
VNM,LATEST,income_statement,IS_GROSS_PROFIT,8204085955756.0,ACTUAL,VNSTOCK_BRONZE
VNM,LATEST,income_statement,IS_FINANCIAL_INCOME,426283158190.0,ACTUAL,VNSTOCK_BRONZE
VNM,LATEST,income_statement,IS_FINANCIAL_EXPENSES,-147341998794.0,ACTUAL,VNSTOCK_BRONZE
VNM,LATEST,income_statement,IS_INTEREST_EXPENSES,-116087966581.0,ACTUAL,VNSTOCK_BRONZE
VNM,LATEST,income_statement,IS_SHARE_OF_ASSOCIATES_AND_JOINT_VENTURES_RESULT,50510296616.0,ACTUAL,VNSTOCK_BRONZE
VNM,LATEST,income_statement,IS_SELLING_EXPENSES,-4104010852782.0,ACTUAL,VNSTOCK_BRONZE
VNM,LATEST,income_statement,IS_GENERAL_AND_ADMINISTRATIVE_EXPENSES,-520564179761.0,ACTUAL,VNSTOCK_BRONZE
VNM,LATEST,income_statement,IS_OPERATING_PROFIT,3908962379225.0,ACTUAL,VNSTOCK_BRONZE
VNM,LATEST,income_statement,IS_OTHER_PROFIT,-9789677726.0,ACTUAL,VNSTOCK_BRONZE
VNM,LATEST,income_statement,IS_OTHER_INCOME,12458764063.0,ACTUAL,VNSTOCK_BRONZE
VNM,LATEST,income_statement,IS_OTHER_EXPENSES,-22248441789.0,ACTUAL,VNSTOCK_BRONZE
VNM,LATEST,income_statement,IS_PROFIT_BEFORE_TAX,3899172701499.0,ACTUAL,VNSTOCK_BRONZE
VNM,LATEST,income_statement,IS_CORPORATE_INCOME_TAX_EXPENSES,-714771059751.0,ACTUAL,VNSTOCK_BRONZE
VNM,LATEST,income_statement,IS_CURRENT_CORPORATE_INCOME_TAX_EXPENSES,-740564247640.0,ACTUAL,VNSTOCK_BRONZE
VNM,LATEST,income_statement,IS_DEFERRED_INCOME_TAX_EXPENSES,25793187889.0,ACTUAL,VNSTOCK_BRONZE
VNM,LATEST,income_statement,IS_NET_PROFIT_AFTER_TAX,3184401641748.0,ACTUAL,VNSTOCK_BRONZE
VNM,LATEST,income_statement,IS_MINORITY_INTEREST,17370511336.0,ACTUAL,VNSTOCK_BRONZE
VNM,LATEST,income_statement,IS_PROFIT_AFTER_TAX_FOR_SHAREHOLDERS_OF_PARENT_COMPANY,3167031130412.0,ACTUAL,VNSTOCK_BRONZE
VNM,LATEST,income_statement,IS_BASIC_EARNINGS_PER_SHARE,1369.0,ACTUAL,VNSTOCK_BRONZE
VNM,LATEST,cash_flow,CF_NET_CASH_FLOWS_FROM_OPERATING_ACTIVITIES,633553979333.0,ACTUAL,VNSTOCK_BRONZE
VNM,LATEST,cash_flow,CF_PROFIT_BEFORE_TAX,3176462892073.0,ACTUAL,VNSTOCK_BRONZE
VNM,LATEST,cash_flow,CF_DEPRECIATION_AND_AMORTISATION,385210648619.0,ACTUAL,VNSTOCK_BRONZE
VNM,LATEST,cash_flow,CF_PROVISIONS,4227246199.0,ACTUAL,VNSTOCK_BRONZE
VNM,LATEST,cash_flow,CF_FOREIGN_EXCHANGE_LOSS_GAIN,2139828092.0,ACTUAL,VNSTOCK_BRONZE
VNM,LATEST,cash_flow,CF_LOSS_GAIN_FROM_DISPOSAL_OF_FIXED_ASSETS,-10016587338.0,ACTUAL,VNSTOCK_BRONZE
VNM,LATEST,cash_flow,CF_LOSS_GAIN_FROM_INVESTMENT,-14061854211.0,ACTUAL,VNSTOCK_BRONZE
VNM,LATEST,cash_flow,CF_INTEREST_EXPENSE,8555583980.0,ACTUAL,VNSTOCK_BRONZE
VNM,LATEST,cash_flow,CF_INTEREST_AND_DIVIDENDS_RECEIVED,-184754015176.0,ACTUAL,VNSTOCK_BRONZE
VNM,LATEST,cash_flow,CF_OPERATING_PROFIT_BEFORE_CHANGES_IN_WORKING_CAPITAL,3381743433532.0,ACTUAL,VNSTOCK_BRONZE
VNM,LATEST,cash_flow,CF_INCREASE_DECREASE_IN_RECEIVABLES,-548399424564.0,ACTUAL,VNSTOCK_BRONZE
VNM,LATEST,cash_flow,CF_INCREASE_DECREASE_IN_INVENTORY,-371241518450.0,ACTUAL,VNSTOCK_BRONZE
VNM,LATEST,cash_flow,CF_INCREASE_DECREASE_IN_PAYABLES,-780464995133.0,ACTUAL,VNSTOCK_BRONZE
VNM,LATEST,cash_flow,CF_INCREASE_DECREASE_IN_PREPAID_EXPENSES,10620079733.0,ACTUAL,VNSTOCK_BRONZE
VNM,LATEST,cash_flow,CF_INTEREST_PAID,-7711647185.0,ACTUAL,VNSTOCK_BRONZE
VNM,LATEST,cash_flow,CF_OTHER_RECEIPTS_FROM_OPERATING_ACTIVITIES,149174000.0,ACTUAL,VNSTOCK_BRONZE
VNM,LATEST,cash_flow,CF_OTHER_PAYMENTS_FOR_OPERATING_ACTIVITIES,-731057695701.0,ACTUAL,VNSTOCK_BRONZE
VNM,LATEST,cash_flow,CF_NET_CASH_FLOWS_FROM_INVESTING_ACTIVITIES,-142650135310.0,ACTUAL,VNSTOCK_BRONZE
VNM,LATEST,cash_flow,CF_PAYMENTS_FOR_FIXED_ASSETS,-597432120943.0,ACTUAL,VNSTOCK_BRONZE
VNM,LATEST,cash_flow,CF_PROCEEDS_FROM_DISPOSAL_OF_FIXED_ASSETS,22730847793.0,ACTUAL,VNSTOCK_BRONZE
VNM,LATEST,cash_flow,CF_LOANS_TO_OTHER_ENTITIES,300000000000.0,ACTUAL,VNSTOCK_BRONZE
VNM,LATEST,cash_flow,CF_COLLECTION_OF_LOANS,764296338.0,ACTUAL,VNSTOCK_BRONZE
VNM,LATEST,cash_flow,CF_PAYMENTS_FOR_INVESTMENTS_IN_OTHER_ENTITIES,0.0,ACTUAL,VNSTOCK_BRONZE
VNM,LATEST,cash_flow,CF_PROCEEDS_FROM_INVESTMENTS_IN_OTHER_ENTITIES,1215000000.0,ACTUAL,VNSTOCK_BRONZE
VNM,LATEST,cash_flow,CF_DIVIDENDS_AND_INTEREST_RECEIVED,130071841502.0,ACTUAL,VNSTOCK_BRONZE
VNM,LATEST,cash_flow,CF_PROCEEDS_FROM_ISSUANCE_OF_SHARES,0.0,ACTUAL,VNSTOCK_BRONZE
VNM,LATEST,cash_flow,CF_PAYMENTS_FOR_SHARE_REPURCHASES,-636147800.0,ACTUAL,VNSTOCK_BRONZE
VNM,LATEST,cash_flow,CF_PROCEEDS_FROM_BORROWINGS,1940705852193.0,ACTUAL,VNSTOCK_BRONZE
VNM,LATEST,cash_flow,CF_REPAYMENT_OF_BORROWINGS,-654811071845.0,ACTUAL,VNSTOCK_BRONZE
VNM,LATEST,cash_flow,CF_DIVIDENDS_PAID,-2176917780000.0,ACTUAL,VNSTOCK_BRONZE
VNM,LATEST,cash_flow,CF_INTEREST_RECEIVED,-328266448275.0,ACTUAL,VNSTOCK_BRONZE
VNM,LATEST,cash_flow,CF_CASH_AND_CASH_EQUIVALENTS_AT_END_OF_PERIOD,563392699177.0,ACTUAL,VNSTOCK_BRONZE
VNM,LATEST,cash_flow,CF_NET_CASH_FLOWS_FROM_OPERATING_ACTIVITIES,2627531703991.0,ACTUAL,VNSTOCK_BRONZE
VNM,LATEST,cash_flow,CF_PROFIT_BEFORE_TAX,3160765705183.0,ACTUAL,VNSTOCK_BRONZE
VNM,LATEST,cash_flow,CF_DEPRECIATION_AND_AMORTISATION,395470414797.0,ACTUAL,VNSTOCK_BRONZE
VNM,LATEST,cash_flow,CF_PROVISIONS,-4769281387.0,ACTUAL,VNSTOCK_BRONZE
VNM,LATEST,cash_flow,CF_FOREIGN_EXCHANGE_LOSS_GAIN,1373082074.0,ACTUAL,VNSTOCK_BRONZE
VNM,LATEST,cash_flow,CF_LOSS_GAIN_FROM_DISPOSAL_OF_FIXED_ASSETS,25991779370.0,ACTUAL,VNSTOCK_BRONZE
VNM,LATEST,cash_flow,CF_LOSS_GAIN_FROM_INVESTMENT,7564938916.0,ACTUAL,VNSTOCK_BRONZE
VNM,LATEST,cash_flow,CF_INTEREST_EXPENSE,17272008785.0,ACTUAL,VNSTOCK_BRONZE
VNM,LATEST,cash_flow,CF_INTEREST_AND_DIVIDENDS_RECEIVED,-183721795859.0,ACTUAL,VNSTOCK_BRONZE
VNM,LATEST,cash_flow,CF_OPERATING_PROFIT_BEFORE_CHANGES_IN_WORKING_CAPITAL,3433926543173.0,ACTUAL,VNSTOCK_BRONZE
VNM,LATEST,cash_flow,CF_INCREASE_DECREASE_IN_RECEIVABLES,50598543542.0,ACTUAL,VNSTOCK_BRONZE
VNM,LATEST,cash_flow,CF_INCREASE_DECREASE_IN_INVENTORY,-556307221605.0,ACTUAL,VNSTOCK_BRONZE
VNM,LATEST,cash_flow,CF_INCREASE_DECREASE_IN_PAYABLES,264627245971.0,ACTUAL,VNSTOCK_BRONZE
VNM,LATEST,cash_flow,CF_INCREASE_DECREASE_IN_PREPAID_EXPENSES,-6315983562.0,ACTUAL,VNSTOCK_BRONZE
VNM,LATEST,cash_flow,CF_INTEREST_PAID,-15750004879.0,ACTUAL,VNSTOCK_BRONZE
VNM,LATEST,cash_flow,CF_OTHER_RECEIPTS_FROM_OPERATING_ACTIVITIES,0.0,ACTUAL,VNSTOCK_BRONZE
VNM,LATEST,cash_flow,CF_OTHER_PAYMENTS_FOR_OPERATING_ACTIVITIES,-149175286484.0,ACTUAL,VNSTOCK_BRONZE
VNM,LATEST,cash_flow,CF_NET_CASH_FLOWS_FROM_INVESTING_ACTIVITIES,129288970157.0,ACTUAL,VNSTOCK_BRONZE
VNM,LATEST,cash_flow,CF_PAYMENTS_FOR_FIXED_ASSETS,-1098217774830.0,ACTUAL,VNSTOCK_BRONZE
VNM,LATEST,cash_flow,CF_PROCEEDS_FROM_DISPOSAL_OF_FIXED_ASSETS,10912852049.0,ACTUAL,VNSTOCK_BRONZE
VNM,LATEST,cash_flow,CF_LOANS_TO_OTHER_ENTITIES,1051800663462.0,ACTUAL,VNSTOCK_BRONZE
VNM,LATEST,cash_flow,CF_COLLECTION_OF_LOANS,1692702019.0,ACTUAL,VNSTOCK_BRONZE
VNM,LATEST,cash_flow,CF_PAYMENTS_FOR_INVESTMENTS_IN_OTHER_ENTITIES,-12250000000.0,ACTUAL,VNSTOCK_BRONZE
VNM,LATEST,cash_flow,CF_PROCEEDS_FROM_INVESTMENTS_IN_OTHER_ENTITIES,0.0,ACTUAL,VNSTOCK_BRONZE
VNM,LATEST,cash_flow,CF_DIVIDENDS_AND_INTEREST_RECEIVED,175350527457.0,ACTUAL,VNSTOCK_BRONZE
VNM,LATEST,cash_flow,CF_PROCEEDS_FROM_ISSUANCE_OF_SHARES,0.0,ACTUAL,VNSTOCK_BRONZE
VNM,LATEST,cash_flow,CF_PAYMENTS_FOR_SHARE_REPURCHASES,-1685141000.0,ACTUAL,VNSTOCK_BRONZE
VNM,LATEST,cash_flow,CF_PROCEEDS_FROM_BORROWINGS,371675657187.0,ACTUAL,VNSTOCK_BRONZE
VNM,LATEST,cash_flow,CF_REPAYMENT_OF_BORROWINGS,-166710243649.0,ACTUAL,VNSTOCK_BRONZE
VNM,LATEST,cash_flow,CF_DIVIDENDS_PAID,-2176870123500.0,ACTUAL,VNSTOCK_BRONZE
VNM,LATEST,cash_flow,CF_INTEREST_RECEIVED,-630154571588.0,ACTUAL,VNSTOCK_BRONZE
VNM,LATEST,cash_flow,CF_CASH_AND_CASH_EQUIVALENTS_AT_END_OF_PERIOD,1343435279374.0,ACTUAL,VNSTOCK_BRONZE
VNM,LATEST,cash_flow,CF_NET_CASH_FLOWS_FROM_OPERATING_ACTIVITIES,2239965411571.0,ACTUAL,VNSTOCK_BRONZE
VNM,LATEST,cash_flow,CF_PROFIT_BEFORE_TAX,3033968043856.0,ACTUAL,VNSTOCK_BRONZE
VNM,LATEST,cash_flow,CF_DEPRECIATION_AND_AMORTISATION,410134236563.0,ACTUAL,VNSTOCK_BRONZE
VNM,LATEST,cash_flow,CF_PROVISIONS,-96807242830.0,ACTUAL,VNSTOCK_BRONZE
VNM,LATEST,cash_flow,CF_FOREIGN_EXCHANGE_LOSS_GAIN,-1357776969.0,ACTUAL,VNSTOCK_BRONZE
VNM,LATEST,cash_flow,CF_LOSS_GAIN_FROM_DISPOSAL_OF_FIXED_ASSETS,22784482067.0,ACTUAL,VNSTOCK_BRONZE
VNM,LATEST,cash_flow,CF_LOSS_GAIN_FROM_INVESTMENT,-5892802666.0,ACTUAL,VNSTOCK_BRONZE
VNM,LATEST,cash_flow,CF_INTEREST_EXPENSE,11981786169.0,ACTUAL,VNSTOCK_BRONZE
VNM,LATEST,cash_flow,CF_INTEREST_AND_DIVIDENDS_RECEIVED,-154195368449.0,ACTUAL,VNSTOCK_BRONZE
VNM,LATEST,cash_flow,CF_OPERATING_PROFIT_BEFORE_CHANGES_IN_WORKING_CAPITAL,3234595049035.0,ACTUAL,VNSTOCK_BRONZE
VNM,LATEST,cash_flow,CF_INCREASE_DECREASE_IN_RECEIVABLES,-242670243422.0,ACTUAL,VNSTOCK_BRONZE
VNM,LATEST,cash_flow,CF_INCREASE_DECREASE_IN_INVENTORY,502408308195.0,ACTUAL,VNSTOCK_BRONZE
VNM,LATEST,cash_flow,CF_INCREASE_DECREASE_IN_PAYABLES,-696799651704.0,ACTUAL,VNSTOCK_BRONZE
VNM,LATEST,cash_flow,CF_INCREASE_DECREASE_IN_PREPAID_EXPENSES,20297499116.0,ACTUAL,VNSTOCK_BRONZE
VNM,LATEST,cash_flow,CF_INTEREST_PAID,-13598961804.0,ACTUAL,VNSTOCK_BRONZE
VNM,LATEST,cash_flow,CF_OTHER_RECEIPTS_FROM_OPERATING_ACTIVITIES,-149174000.0,ACTUAL,VNSTOCK_BRONZE
VNM,LATEST,cash_flow,CF_OTHER_PAYMENTS_FOR_OPERATING_ACTIVITIES,-211592389694.0,ACTUAL,VNSTOCK_BRONZE
VNM,LATEST,cash_flow,CF_NET_CASH_FLOWS_FROM_INVESTING_ACTIVITIES,789459062743.0,ACTUAL,VNSTOCK_BRONZE
VNM,LATEST,cash_flow,CF_PAYMENTS_FOR_FIXED_ASSETS,-735685538410.0,ACTUAL,VNSTOCK_BRONZE
VNM,LATEST,cash_flow,CF_PROCEEDS_FROM_DISPOSAL_OF_FIXED_ASSETS,36327914820.0,ACTUAL,VNSTOCK_BRONZE
VNM,LATEST,cash_flow,CF_LOANS_TO_OTHER_ENTITIES,1149651771427.0,ACTUAL,VNSTOCK_BRONZE
VNM,LATEST,cash_flow,CF_COLLECTION_OF_LOANS,189361909797.0,ACTUAL,VNSTOCK_BRONZE
VNM,LATEST,cash_flow,CF_PAYMENTS_FOR_INVESTMENTS_IN_OTHER_ENTITIES,0.0,ACTUAL,VNSTOCK_BRONZE
VNM,LATEST,cash_flow,CF_PROCEEDS_FROM_INVESTMENTS_IN_OTHER_ENTITIES,297000000.0,ACTUAL,VNSTOCK_BRONZE
VNM,LATEST,cash_flow,CF_DIVIDENDS_AND_INTEREST_RECEIVED,149506005109.0,ACTUAL,VNSTOCK_BRONZE
VNM,LATEST,cash_flow,CF_PROCEEDS_FROM_ISSUANCE_OF_SHARES,0.0,ACTUAL,VNSTOCK_BRONZE
VNM,LATEST,cash_flow,CF_PAYMENTS_FOR_SHARE_REPURCHASES,-370485840.0,ACTUAL,VNSTOCK_BRONZE
VNM,LATEST,cash_flow,CF_PROCEEDS_FROM_BORROWINGS,38193734965.0,ACTUAL,VNSTOCK_BRONZE
VNM,LATEST,cash_flow,CF_REPAYMENT_OF_BORROWINGS,-880855186260.0,ACTUAL,VNSTOCK_BRONZE
VNM,LATEST,cash_flow,CF_DIVIDENDS_PAID,-2902384504000.0,ACTUAL,VNSTOCK_BRONZE
VNM,LATEST,cash_flow,CF_INTEREST_RECEIVED,-3114631776317.0,ACTUAL,VNSTOCK_BRONZE
VNM,LATEST,cash_flow,CF_CASH_AND_CASH_EQUIVALENTS_AT_END_OF_PERIOD,630784664818.0,ACTUAL,VNSTOCK_BRONZE
VNM,LATEST,cash_flow,CF_NET_CASH_FLOWS_FROM_OPERATING_ACTIVITIES,2639187937754.0,ACTUAL,VNSTOCK_BRONZE
VNM,LATEST,cash_flow,CF_PROFIT_BEFORE_TAX,2680499625011.0,ACTUAL,VNSTOCK_BRONZE
VNM,LATEST,cash_flow,CF_DEPRECIATION_AND_AMORTISATION,435817082372.0,ACTUAL,VNSTOCK_BRONZE
VNM,LATEST,cash_flow,CF_PROVISIONS,5482797862.0,ACTUAL,VNSTOCK_BRONZE
VNM,LATEST,cash_flow,CF_FOREIGN_EXCHANGE_LOSS_GAIN,-3513282284.0,ACTUAL,VNSTOCK_BRONZE
VNM,LATEST,cash_flow,CF_LOSS_GAIN_FROM_DISPOSAL_OF_FIXED_ASSETS,31287841927.0,ACTUAL,VNSTOCK_BRONZE
VNM,LATEST,cash_flow,CF_LOSS_GAIN_FROM_INVESTMENT,-12621228032.0,ACTUAL,VNSTOCK_BRONZE
VNM,LATEST,cash_flow,CF_INTEREST_EXPENSE,13558039918.0,ACTUAL,VNSTOCK_BRONZE
VNM,LATEST,cash_flow,CF_INTEREST_AND_DIVIDENDS_RECEIVED,-155905033876.0,ACTUAL,VNSTOCK_BRONZE
VNM,LATEST,cash_flow,CF_OPERATING_PROFIT_BEFORE_CHANGES_IN_WORKING_CAPITAL,3009588296958.0,ACTUAL,VNSTOCK_BRONZE
VNM,LATEST,cash_flow,CF_INCREASE_DECREASE_IN_RECEIVABLES,631935457172.0,ACTUAL,VNSTOCK_BRONZE
VNM,LATEST,cash_flow,CF_INCREASE_DECREASE_IN_INVENTORY,-1260296240064.0,ACTUAL,VNSTOCK_BRONZE
VNM,LATEST,cash_flow,CF_INCREASE_DECREASE_IN_PAYABLES,1198124725250.0,ACTUAL,VNSTOCK_BRONZE
VNM,LATEST,cash_flow,CF_INCREASE_DECREASE_IN_PREPAID_EXPENSES,44057075460.0,ACTUAL,VNSTOCK_BRONZE
VNM,LATEST,cash_flow,CF_INTEREST_PAID,-73679724730.0,ACTUAL,VNSTOCK_BRONZE
VNM,LATEST,cash_flow,CF_OTHER_RECEIPTS_FROM_OPERATING_ACTIVITIES,0.0,ACTUAL,VNSTOCK_BRONZE
VNM,LATEST,cash_flow,CF_OTHER_PAYMENTS_FOR_OPERATING_ACTIVITIES,-97641858898.0,ACTUAL,VNSTOCK_BRONZE
VNM,LATEST,cash_flow,CF_NET_CASH_FLOWS_FROM_INVESTING_ACTIVITIES,-1821242533774.0,ACTUAL,VNSTOCK_BRONZE
VNM,LATEST,cash_flow,CF_PAYMENTS_FOR_FIXED_ASSETS,-754460003456.0,ACTUAL,VNSTOCK_BRONZE
VNM,LATEST,cash_flow,CF_PROCEEDS_FROM_DISPOSAL_OF_FIXED_ASSETS,24503898262.0,ACTUAL,VNSTOCK_BRONZE
VNM,LATEST,cash_flow,CF_LOANS_TO_OTHER_ENTITIES,-1302290439295.0,ACTUAL,VNSTOCK_BRONZE
VNM,LATEST,cash_flow,CF_COLLECTION_OF_LOANS,1196918636.0,ACTUAL,VNSTOCK_BRONZE
VNM,LATEST,cash_flow,CF_PAYMENTS_FOR_INVESTMENTS_IN_OTHER_ENTITIES,0.0,ACTUAL,VNSTOCK_BRONZE
VNM,LATEST,cash_flow,CF_PROCEEDS_FROM_INVESTMENTS_IN_OTHER_ENTITIES,16955703509.0,ACTUAL,VNSTOCK_BRONZE
VNM,LATEST,cash_flow,CF_DIVIDENDS_AND_INTEREST_RECEIVED,192851388570.0,ACTUAL,VNSTOCK_BRONZE
VNM,LATEST,cash_flow,CF_PROCEEDS_FROM_ISSUANCE_OF_SHARES,0.0,ACTUAL,VNSTOCK_BRONZE
VNM,LATEST,cash_flow,CF_PAYMENTS_FOR_SHARE_REPURCHASES,-634110920.0,ACTUAL,VNSTOCK_BRONZE
VNM,LATEST,cash_flow,CF_PROCEEDS_FROM_BORROWINGS,2477404795723.0,ACTUAL,VNSTOCK_BRONZE
VNM,LATEST,cash_flow,CF_REPAYMENT_OF_BORROWINGS,-2401212316800.0,ACTUAL,VNSTOCK_BRONZE
VNM,LATEST,cash_flow,CF_DIVIDENDS_PAID,0.0,ACTUAL,VNSTOCK_BRONZE
VNM,LATEST,cash_flow,CF_INTEREST_RECEIVED,1598168535674.0,ACTUAL,VNSTOCK_BRONZE
VNM,LATEST,cash_flow,CF_CASH_AND_CASH_EQUIVALENTS_AT_END_OF_PERIOD,1522610167671.0,ACTUAL,VNSTOCK_BRONZE
VNM,LATEST,cash_flow,CF_NET_CASH_FLOWS_FROM_OPERATING_ACTIVITIES,1398661635170.0,ACTUAL,VNSTOCK_BRONZE
VNM,LATEST,cash_flow,CF_PROFIT_BEFORE_TAX,3342782864107.0,ACTUAL,VNSTOCK_BRONZE
VNM,LATEST,cash_flow,CF_DEPRECIATION_AND_AMORTISATION,472348259477.0,ACTUAL,VNSTOCK_BRONZE
VNM,LATEST,cash_flow,CF_PROVISIONS,5001735507.0,ACTUAL,VNSTOCK_BRONZE
VNM,LATEST,cash_flow,CF_FOREIGN_EXCHANGE_LOSS_GAIN,-1204432181.0,ACTUAL,VNSTOCK_BRONZE
VNM,LATEST,cash_flow,CF_LOSS_GAIN_FROM_DISPOSAL_OF_FIXED_ASSETS,0.0,ACTUAL,VNSTOCK_BRONZE
VNM,LATEST,cash_flow,CF_LOSS_GAIN_FROM_INVESTMENT,-151304520654.0,ACTUAL,VNSTOCK_BRONZE
VNM,LATEST,cash_flow,CF_INTEREST_EXPENSE,19835521940.0,ACTUAL,VNSTOCK_BRONZE
VNM,LATEST,cash_flow,CF_INTEREST_AND_DIVIDENDS_RECEIVED,0.0,ACTUAL,VNSTOCK_BRONZE
VNM,LATEST,cash_flow,CF_OPERATING_PROFIT_BEFORE_CHANGES_IN_WORKING_CAPITAL,3718201085788.0,ACTUAL,VNSTOCK_BRONZE
VNM,LATEST,cash_flow,CF_INCREASE_DECREASE_IN_RECEIVABLES,-736900175446.0,ACTUAL,VNSTOCK_BRONZE
VNM,LATEST,cash_flow,CF_INCREASE_DECREASE_IN_INVENTORY,104156418177.0,ACTUAL,VNSTOCK_BRONZE
VNM,LATEST,cash_flow,CF_INCREASE_DECREASE_IN_PAYABLES,-618843746648.0,ACTUAL,VNSTOCK_BRONZE
VNM,LATEST,cash_flow,CF_INCREASE_DECREASE_IN_PREPAID_EXPENSES,-95636203348.0,ACTUAL,VNSTOCK_BRONZE
VNM,LATEST,cash_flow,CF_INTEREST_PAID,-18379368663.0,ACTUAL,VNSTOCK_BRONZE
VNM,LATEST,cash_flow,CF_OTHER_RECEIPTS_FROM_OPERATING_ACTIVITIES,0.0,ACTUAL,VNSTOCK_BRONZE
VNM,LATEST,cash_flow,CF_OTHER_PAYMENTS_FOR_OPERATING_ACTIVITIES,-545135630656.0,ACTUAL,VNSTOCK_BRONZE
VNM,LATEST,cash_flow,CF_NET_CASH_FLOWS_FROM_INVESTING_ACTIVITIES,-1164670393231.0,ACTUAL,VNSTOCK_BRONZE
VNM,LATEST,cash_flow,CF_PAYMENTS_FOR_FIXED_ASSETS,-677758728707.0,ACTUAL,VNSTOCK_BRONZE
VNM,LATEST,cash_flow,CF_PROCEEDS_FROM_DISPOSAL_OF_FIXED_ASSETS,21601148510.0,ACTUAL,VNSTOCK_BRONZE
VNM,LATEST,cash_flow,CF_LOANS_TO_OTHER_ENTITIES,-492856250615.0,ACTUAL,VNSTOCK_BRONZE
VNM,LATEST,cash_flow,CF_COLLECTION_OF_LOANS,709224499.0,ACTUAL,VNSTOCK_BRONZE
VNM,LATEST,cash_flow,CF_PAYMENTS_FOR_INVESTMENTS_IN_OTHER_ENTITIES,-75558716069.0,ACTUAL,VNSTOCK_BRONZE
VNM,LATEST,cash_flow,CF_PROCEEDS_FROM_INVESTMENTS_IN_OTHER_ENTITIES,0.0,ACTUAL,VNSTOCK_BRONZE
VNM,LATEST,cash_flow,CF_DIVIDENDS_AND_INTEREST_RECEIVED,59192929151.0,ACTUAL,VNSTOCK_BRONZE
VNM,LATEST,cash_flow,CF_PROCEEDS_FROM_ISSUANCE_OF_SHARES,-321638440.0,ACTUAL,VNSTOCK_BRONZE
VNM,LATEST,cash_flow,CF_PAYMENTS_FOR_SHARE_REPURCHASES,127669500000.0,ACTUAL,VNSTOCK_BRONZE
VNM,LATEST,cash_flow,CF_PROCEEDS_FROM_BORROWINGS,2476161669254.0,ACTUAL,VNSTOCK_BRONZE
VNM,LATEST,cash_flow,CF_REPAYMENT_OF_BORROWINGS,-1408133072360.0,ACTUAL,VNSTOCK_BRONZE
VNM,LATEST,cash_flow,CF_DIVIDENDS_PAID,-1741407855000.0,ACTUAL,VNSTOCK_BRONZE
VNM,LATEST,cash_flow,CF_INTEREST_RECEIVED,663123009766.0,ACTUAL,VNSTOCK_BRONZE
VNM,LATEST,cash_flow,CF_CASH_AND_CASH_EQUIVALENTS_AT_END_OF_PERIOD,1209154406312.0,ACTUAL,VNSTOCK_BRONZE
VNM,LATEST,cash_flow,CF_NET_CASH_FLOWS_FROM_OPERATING_ACTIVITIES,3320522923071.0,ACTUAL,VNSTOCK_BRONZE
VNM,LATEST,cash_flow,CF_PROFIT_BEFORE_TAX,3549831766256.0,ACTUAL,VNSTOCK_BRONZE
VNM,LATEST,cash_flow,CF_DEPRECIATION_AND_AMORTISATION,478654208826.0,ACTUAL,VNSTOCK_BRONZE
VNM,LATEST,cash_flow,CF_PROVISIONS,2076193560.0,ACTUAL,VNSTOCK_BRONZE
VNM,LATEST,cash_flow,CF_FOREIGN_EXCHANGE_LOSS_GAIN,468890998.0,ACTUAL,VNSTOCK_BRONZE
VNM,LATEST,cash_flow,CF_LOSS_GAIN_FROM_DISPOSAL_OF_FIXED_ASSETS,0.0,ACTUAL,VNSTOCK_BRONZE
VNM,LATEST,cash_flow,CF_LOSS_GAIN_FROM_INVESTMENT,-175936221517.0,ACTUAL,VNSTOCK_BRONZE
VNM,LATEST,cash_flow,CF_INTEREST_EXPENSE,25355145802.0,ACTUAL,VNSTOCK_BRONZE
VNM,LATEST,cash_flow,CF_INTEREST_AND_DIVIDENDS_RECEIVED,0.0,ACTUAL,VNSTOCK_BRONZE
VNM,LATEST,cash_flow,CF_OPERATING_PROFIT_BEFORE_CHANGES_IN_WORKING_CAPITAL,3908018643554.0,ACTUAL,VNSTOCK_BRONZE
VNM,LATEST,cash_flow,CF_INCREASE_DECREASE_IN_RECEIVABLES,164882527594.0,ACTUAL,VNSTOCK_BRONZE
VNM,LATEST,cash_flow,CF_INCREASE_DECREASE_IN_INVENTORY,-348103866318.0,ACTUAL,VNSTOCK_BRONZE
VNM,LATEST,cash_flow,CF_INCREASE_DECREASE_IN_PAYABLES,130558345289.0,ACTUAL,VNSTOCK_BRONZE
VNM,LATEST,cash_flow,CF_INCREASE_DECREASE_IN_PREPAID_EXPENSES,-24826984854.0,ACTUAL,VNSTOCK_BRONZE
VNM,LATEST,cash_flow,CF_INTEREST_PAID,-69330211449.0,ACTUAL,VNSTOCK_BRONZE
VNM,LATEST,cash_flow,CF_OTHER_RECEIPTS_FROM_OPERATING_ACTIVITIES,0.0,ACTUAL,VNSTOCK_BRONZE
VNM,LATEST,cash_flow,CF_OTHER_PAYMENTS_FOR_OPERATING_ACTIVITIES,-146351574871.0,ACTUAL,VNSTOCK_BRONZE
VNM,LATEST,cash_flow,CF_NET_CASH_FLOWS_FROM_INVESTING_ACTIVITIES,-1359394000736.0,ACTUAL,VNSTOCK_BRONZE
VNM,LATEST,cash_flow,CF_PAYMENTS_FOR_FIXED_ASSETS,-551822503663.0,ACTUAL,VNSTOCK_BRONZE
VNM,LATEST,cash_flow,CF_PROCEEDS_FROM_DISPOSAL_OF_FIXED_ASSETS,21603005352.0,ACTUAL,VNSTOCK_BRONZE
VNM,LATEST,cash_flow,CF_LOANS_TO_OTHER_ENTITIES,360592524771.0,ACTUAL,VNSTOCK_BRONZE
VNM,LATEST,cash_flow,CF_COLLECTION_OF_LOANS,646992000.0,ACTUAL,VNSTOCK_BRONZE
VNM,LATEST,cash_flow,CF_PAYMENTS_FOR_INVESTMENTS_IN_OTHER_ENTITIES,-1324814577950.0,ACTUAL,VNSTOCK_BRONZE
VNM,LATEST,cash_flow,CF_PROCEEDS_FROM_INVESTMENTS_IN_OTHER_ENTITIES,6607824875.0,ACTUAL,VNSTOCK_BRONZE
VNM,LATEST,cash_flow,CF_DIVIDENDS_AND_INTEREST_RECEIVED,127792733879.0,ACTUAL,VNSTOCK_BRONZE
VNM,LATEST,cash_flow,CF_PROCEEDS_FROM_ISSUANCE_OF_SHARES,128305350940.0,ACTUAL,VNSTOCK_BRONZE
VNM,LATEST,cash_flow,CF_PAYMENTS_FOR_SHARE_REPURCHASES,-128807701000.0,ACTUAL,VNSTOCK_BRONZE
VNM,LATEST,cash_flow,CF_PROCEEDS_FROM_BORROWINGS,2229905423649.0,ACTUAL,VNSTOCK_BRONZE
VNM,LATEST,cash_flow,CF_REPAYMENT_OF_BORROWINGS,-1113102253725.0,ACTUAL,VNSTOCK_BRONZE
VNM,LATEST,cash_flow,CF_DIVIDENDS_PAID,-2612087527500.0,ACTUAL,VNSTOCK_BRONZE
VNM,LATEST,cash_flow,CF_INTEREST_RECEIVED,180704582682.0,ACTUAL,VNSTOCK_BRONZE
VNM,LATEST,cash_flow,CF_CASH_AND_CASH_EQUIVALENTS_AT_END_OF_PERIOD,1676491290318.0,ACTUAL,VNSTOCK_BRONZE
VNM,LATEST,cash_flow,CF_NET_CASH_FLOWS_FROM_OPERATING_ACTIVITIES,3445221404402.0,ACTUAL,VNSTOCK_BRONZE
VNM,LATEST,cash_flow,CF_PROFIT_BEFORE_TAX,3253756149711.0,ACTUAL,VNSTOCK_BRONZE
VNM,LATEST,cash_flow,CF_DEPRECIATION_AND_AMORTISATION,494141498125.0,ACTUAL,VNSTOCK_BRONZE
VNM,LATEST,cash_flow,CF_PROVISIONS,-748428436.0,ACTUAL,VNSTOCK_BRONZE
VNM,LATEST,cash_flow,CF_FOREIGN_EXCHANGE_LOSS_GAIN,-678177168.0,ACTUAL,VNSTOCK_BRONZE
VNM,LATEST,cash_flow,CF_LOSS_GAIN_FROM_DISPOSAL_OF_FIXED_ASSETS,0.0,ACTUAL,VNSTOCK_BRONZE
VNM,LATEST,cash_flow,CF_LOSS_GAIN_FROM_INVESTMENT,-171662309655.0,ACTUAL,VNSTOCK_BRONZE
VNM,LATEST,cash_flow,CF_INTEREST_EXPENSE,27795829812.0,ACTUAL,VNSTOCK_BRONZE
VNM,LATEST,cash_flow,CF_INTEREST_AND_DIVIDENDS_RECEIVED,0.0,ACTUAL,VNSTOCK_BRONZE
VNM,LATEST,cash_flow,CF_OPERATING_PROFIT_BEFORE_CHANGES_IN_WORKING_CAPITAL,3632874011664.0,ACTUAL,VNSTOCK_BRONZE
VNM,LATEST,cash_flow,CF_INCREASE_DECREASE_IN_RECEIVABLES,-141321492048.0,ACTUAL,VNSTOCK_BRONZE
VNM,LATEST,cash_flow,CF_INCREASE_DECREASE_IN_INVENTORY,466516959344.0,ACTUAL,VNSTOCK_BRONZE
VNM,LATEST,cash_flow,CF_INCREASE_DECREASE_IN_PAYABLES,222731981563.0,ACTUAL,VNSTOCK_BRONZE
VNM,LATEST,cash_flow,CF_INCREASE_DECREASE_IN_PREPAID_EXPENSES,118497985945.0,ACTUAL,VNSTOCK_BRONZE
VNM,LATEST,cash_flow,CF_INTEREST_PAID,-81161524995.0,ACTUAL,VNSTOCK_BRONZE
VNM,LATEST,cash_flow,CF_OTHER_RECEIPTS_FROM_OPERATING_ACTIVITIES,0.0,ACTUAL,VNSTOCK_BRONZE
VNM,LATEST,cash_flow,CF_OTHER_PAYMENTS_FOR_OPERATING_ACTIVITIES,-272923098054.0,ACTUAL,VNSTOCK_BRONZE
VNM,LATEST,cash_flow,CF_NET_CASH_FLOWS_FROM_INVESTING_ACTIVITIES,-1411975142780.0,ACTUAL,VNSTOCK_BRONZE
VNM,LATEST,cash_flow,CF_PAYMENTS_FOR_FIXED_ASSETS,-515985946731.0,ACTUAL,VNSTOCK_BRONZE
VNM,LATEST,cash_flow,CF_PROCEEDS_FROM_DISPOSAL_OF_FIXED_ASSETS,28996148615.0,ACTUAL,VNSTOCK_BRONZE
VNM,LATEST,cash_flow,CF_LOANS_TO_OTHER_ENTITIES,-932595439820.0,ACTUAL,VNSTOCK_BRONZE
VNM,LATEST,cash_flow,CF_COLLECTION_OF_LOANS,638871538.0,ACTUAL,VNSTOCK_BRONZE
VNM,LATEST,cash_flow,CF_PAYMENTS_FOR_INVESTMENTS_IN_OTHER_ENTITIES,-82911895211.0,ACTUAL,VNSTOCK_BRONZE
VNM,LATEST,cash_flow,CF_PROCEEDS_FROM_INVESTMENTS_IN_OTHER_ENTITIES,0.0,ACTUAL,VNSTOCK_BRONZE
VNM,LATEST,cash_flow,CF_DIVIDENDS_AND_INTEREST_RECEIVED,89883118829.0,ACTUAL,VNSTOCK_BRONZE
VNM,LATEST,cash_flow,CF_PROCEEDS_FROM_ISSUANCE_OF_SHARES,-126787500.0,ACTUAL,VNSTOCK_BRONZE
VNM,LATEST,cash_flow,CF_PAYMENTS_FOR_SHARE_REPURCHASES,-21047760.0,ACTUAL,VNSTOCK_BRONZE
VNM,LATEST,cash_flow,CF_PROCEEDS_FROM_BORROWINGS,2926898806392.0,ACTUAL,VNSTOCK_BRONZE
VNM,LATEST,cash_flow,CF_REPAYMENT_OF_BORROWINGS,-2105756532596.0,ACTUAL,VNSTOCK_BRONZE
VNM,LATEST,cash_flow,CF_DIVIDENDS_PAID,-3482755388000.0,ACTUAL,VNSTOCK_BRONZE
VNM,LATEST,cash_flow,CF_INTEREST_RECEIVED,-1618287182101.0,ACTUAL,VNSTOCK_BRONZE
VNM,LATEST,cash_flow,CF_CASH_AND_CASH_EQUIVALENTS_AT_END_OF_PERIOD,1043473767363.0,ACTUAL,VNSTOCK_BRONZE
VNM,LATEST,cash_flow,CF_NET_CASH_FLOWS_FROM_OPERATING_ACTIVITIES,3245522579047.0,ACTUAL,VNSTOCK_BRONZE
VNM,LATEST,cash_flow,CF_PROFIT_BEFORE_TAX,2649338858483.0,ACTUAL,VNSTOCK_BRONZE
VNM,LATEST,cash_flow,CF_DEPRECIATION_AND_AMORTISATION,502928809106.0,ACTUAL,VNSTOCK_BRONZE
VNM,LATEST,cash_flow,CF_PROVISIONS,1003332731.0,ACTUAL,VNSTOCK_BRONZE
VNM,LATEST,cash_flow,CF_FOREIGN_EXCHANGE_LOSS_GAIN,7871927410.0,ACTUAL,VNSTOCK_BRONZE
VNM,LATEST,cash_flow,CF_LOSS_GAIN_FROM_DISPOSAL_OF_FIXED_ASSETS,0.0,ACTUAL,VNSTOCK_BRONZE
VNM,LATEST,cash_flow,CF_LOSS_GAIN_FROM_INVESTMENT,-223541479216.0,ACTUAL,VNSTOCK_BRONZE
VNM,LATEST,cash_flow,CF_INTEREST_EXPENSE,35838396433.0,ACTUAL,VNSTOCK_BRONZE
VNM,LATEST,cash_flow,CF_INTEREST_AND_DIVIDENDS_RECEIVED,0.0,ACTUAL,VNSTOCK_BRONZE
VNM,LATEST,cash_flow,CF_OPERATING_PROFIT_BEFORE_CHANGES_IN_WORKING_CAPITAL,2996776067070.0,ACTUAL,VNSTOCK_BRONZE
VNM,LATEST,cash_flow,CF_INCREASE_DECREASE_IN_RECEIVABLES,1086934191849.0,ACTUAL,VNSTOCK_BRONZE
VNM,LATEST,cash_flow,CF_INCREASE_DECREASE_IN_INVENTORY,179425917988.0,ACTUAL,VNSTOCK_BRONZE
VNM,LATEST,cash_flow,CF_INCREASE_DECREASE_IN_PAYABLES,-134249653741.0,ACTUAL,VNSTOCK_BRONZE
VNM,LATEST,cash_flow,CF_INCREASE_DECREASE_IN_PREPAID_EXPENSES,18374333821.0,ACTUAL,VNSTOCK_BRONZE
VNM,LATEST,cash_flow,CF_INTEREST_PAID,-59045450382.0,ACTUAL,VNSTOCK_BRONZE
VNM,LATEST,cash_flow,CF_OTHER_RECEIPTS_FROM_OPERATING_ACTIVITIES,0.0,ACTUAL,VNSTOCK_BRONZE
VNM,LATEST,cash_flow,CF_OTHER_PAYMENTS_FOR_OPERATING_ACTIVITIES,-7738740515.0,ACTUAL,VNSTOCK_BRONZE
VNM,LATEST,cash_flow,CF_NET_CASH_FLOWS_FROM_INVESTING_ACTIVITIES,-2811835315421.0,ACTUAL,VNSTOCK_BRONZE
VNM,LATEST,cash_flow,CF_PAYMENTS_FOR_FIXED_ASSETS,-412682027575.0,ACTUAL,VNSTOCK_BRONZE
VNM,LATEST,cash_flow,CF_PROCEEDS_FROM_DISPOSAL_OF_FIXED_ASSETS,41889685185.0,ACTUAL,VNSTOCK_BRONZE
VNM,LATEST,cash_flow,CF_LOANS_TO_OTHER_ENTITIES,-2150520561967.0,ACTUAL,VNSTOCK_BRONZE
VNM,LATEST,cash_flow,CF_COLLECTION_OF_LOANS,603109511.0,ACTUAL,VNSTOCK_BRONZE
VNM,LATEST,cash_flow,CF_PAYMENTS_FOR_INVESTMENTS_IN_OTHER_ENTITIES,-674953145601.0,ACTUAL,VNSTOCK_BRONZE
VNM,LATEST,cash_flow,CF_PROCEEDS_FROM_INVESTMENTS_IN_OTHER_ENTITIES,-5094607490.0,ACTUAL,VNSTOCK_BRONZE
VNM,LATEST,cash_flow,CF_DIVIDENDS_AND_INTEREST_RECEIVED,388922232516.0,ACTUAL,VNSTOCK_BRONZE
VNM,LATEST,cash_flow,CF_PROCEEDS_FROM_ISSUANCE_OF_SHARES,-127856925000.0,ACTUAL,VNSTOCK_BRONZE
VNM,LATEST,cash_flow,CF_PAYMENTS_FOR_SHARE_REPURCHASES,127768725000.0,ACTUAL,VNSTOCK_BRONZE
VNM,LATEST,cash_flow,CF_PROCEEDS_FROM_BORROWINGS,2793809369363.0,ACTUAL,VNSTOCK_BRONZE
VNM,LATEST,cash_flow,CF_REPAYMENT_OF_BORROWINGS,-1606120787370.0,ACTUAL,VNSTOCK_BRONZE
VNM,LATEST,cash_flow,CF_DIVIDENDS_PAID,0.0,ACTUAL,VNSTOCK_BRONZE
VNM,LATEST,cash_flow,CF_INTEREST_RECEIVED,3852795020445.0,ACTUAL,VNSTOCK_BRONZE
VNM,LATEST,cash_flow,CF_CASH_AND_CASH_EQUIVALENTS_AT_END_OF_PERIOD,2665194638452.0,ACTUAL,VNSTOCK_BRONZE
VNM,LATEST,cash_flow,CF_NET_CASH_FLOWS_FROM_OPERATING_ACTIVITIES,1879641990348.0,ACTUAL,VNSTOCK_BRONZE
VNM,LATEST,cash_flow,CF_PROFIT_BEFORE_TAX,3358259002978.0,ACTUAL,VNSTOCK_BRONZE
VNM,LATEST,cash_flow,CF_DEPRECIATION_AND_AMORTISATION,555460462969.0,ACTUAL,VNSTOCK_BRONZE
VNM,LATEST,cash_flow,CF_PROVISIONS,1003914771.0,ACTUAL,VNSTOCK_BRONZE
VNM,LATEST,cash_flow,CF_FOREIGN_EXCHANGE_LOSS_GAIN,67852556191.0,ACTUAL,VNSTOCK_BRONZE
VNM,LATEST,cash_flow,CF_LOSS_GAIN_FROM_DISPOSAL_OF_FIXED_ASSETS,0.0,ACTUAL,VNSTOCK_BRONZE
VNM,LATEST,cash_flow,CF_LOSS_GAIN_FROM_INVESTMENT,-243434785501.0,ACTUAL,VNSTOCK_BRONZE
VNM,LATEST,cash_flow,CF_INTEREST_EXPENSE,42061538321.0,ACTUAL,VNSTOCK_BRONZE
VNM,LATEST,cash_flow,CF_INTEREST_AND_DIVIDENDS_RECEIVED,0.0,ACTUAL,VNSTOCK_BRONZE
VNM,LATEST,cash_flow,CF_OPERATING_PROFIT_BEFORE_CHANGES_IN_WORKING_CAPITAL,3857284664651.0,ACTUAL,VNSTOCK_BRONZE
VNM,LATEST,cash_flow,CF_INCREASE_DECREASE_IN_RECEIVABLES,-98128897274.0,ACTUAL,VNSTOCK_BRONZE
VNM,LATEST,cash_flow,CF_INCREASE_DECREASE_IN_INVENTORY,-817204595821.0,ACTUAL,VNSTOCK_BRONZE
VNM,LATEST,cash_flow,CF_INCREASE_DECREASE_IN_PAYABLES,226768277649.0,ACTUAL,VNSTOCK_BRONZE
VNM,LATEST,cash_flow,CF_INCREASE_DECREASE_IN_PREPAID_EXPENSES,-121073448246.0,ACTUAL,VNSTOCK_BRONZE
VNM,LATEST,cash_flow,CF_INTEREST_PAID,-47206055606.0,ACTUAL,VNSTOCK_BRONZE
VNM,LATEST,cash_flow,CF_OTHER_RECEIPTS_FROM_OPERATING_ACTIVITIES,0.0,ACTUAL,VNSTOCK_BRONZE
VNM,LATEST,cash_flow,CF_OTHER_PAYMENTS_FOR_OPERATING_ACTIVITIES,-654774677678.0,ACTUAL,VNSTOCK_BRONZE
VNM,LATEST,cash_flow,CF_NET_CASH_FLOWS_FROM_INVESTING_ACTIVITIES,-2100316487890.0,ACTUAL,VNSTOCK_BRONZE
VNM,LATEST,cash_flow,CF_PAYMENTS_FOR_FIXED_ASSETS,-387926108738.0,ACTUAL,VNSTOCK_BRONZE
VNM,LATEST,cash_flow,CF_PROCEEDS_FROM_DISPOSAL_OF_FIXED_ASSETS,28572651322.0,ACTUAL,VNSTOCK_BRONZE
VNM,LATEST,cash_flow,CF_LOANS_TO_OTHER_ENTITIES,-1875408172827.0,ACTUAL,VNSTOCK_BRONZE
VNM,LATEST,cash_flow,CF_COLLECTION_OF_LOANS,15592992000.0,ACTUAL,VNSTOCK_BRONZE
VNM,LATEST,cash_flow,CF_PAYMENTS_FOR_INVESTMENTS_IN_OTHER_ENTITIES,-8134000.0,ACTUAL,VNSTOCK_BRONZE
VNM,LATEST,cash_flow,CF_PROCEEDS_FROM_INVESTMENTS_IN_OTHER_ENTITIES,0.0,ACTUAL,VNSTOCK_BRONZE
VNM,LATEST,cash_flow,CF_DIVIDENDS_AND_INTEREST_RECEIVED,118860284353.0,ACTUAL,VNSTOCK_BRONZE
VNM,LATEST,cash_flow,CF_PROCEEDS_FROM_ISSUANCE_OF_SHARES,0.0,ACTUAL,VNSTOCK_BRONZE
VNM,LATEST,cash_flow,CF_PAYMENTS_FOR_SHARE_REPURCHASES,0.0,ACTUAL,VNSTOCK_BRONZE
VNM,LATEST,cash_flow,CF_PROCEEDS_FROM_BORROWINGS,960114694496.0,ACTUAL,VNSTOCK_BRONZE
VNM,LATEST,cash_flow,CF_REPAYMENT_OF_BORROWINGS,-231397975055.0,ACTUAL,VNSTOCK_BRONZE
VNM,LATEST,cash_flow,CF_DIVIDENDS_PAID,-1790475448000.0,ACTUAL,VNSTOCK_BRONZE
VNM,LATEST,cash_flow,CF_INTEREST_RECEIVED,317953138316.0,ACTUAL,VNSTOCK_BRONZE
VNM,LATEST,cash_flow,CF_CASH_AND_CASH_EQUIVALENTS_AT_END_OF_PERIOD,1379711866875.0,ACTUAL,VNSTOCK_BRONZE
VNM,LATEST,cash_flow,CF_NET_CASH_FLOWS_FROM_OPERATING_ACTIVITIES,2928440096694.0,ACTUAL,VNSTOCK_BRONZE
VNM,LATEST,cash_flow,CF_PROFIT_BEFORE_TAX,3711380577468.0,ACTUAL,VNSTOCK_BRONZE
VNM,LATEST,cash_flow,CF_DEPRECIATION_AND_AMORTISATION,556761193198.0,ACTUAL,VNSTOCK_BRONZE
VNM,LATEST,cash_flow,CF_PROVISIONS,6782636573.0,ACTUAL,VNSTOCK_BRONZE
VNM,LATEST,cash_flow,CF_FOREIGN_EXCHANGE_LOSS_GAIN,-70182197587.0,ACTUAL,VNSTOCK_BRONZE
VNM,LATEST,cash_flow,CF_LOSS_GAIN_FROM_DISPOSAL_OF_FIXED_ASSETS,0.0,ACTUAL,VNSTOCK_BRONZE
VNM,LATEST,cash_flow,CF_LOSS_GAIN_FROM_INVESTMENT,-305112953506.0,ACTUAL,VNSTOCK_BRONZE
VNM,LATEST,cash_flow,CF_INTEREST_EXPENSE,37641854799.0,ACTUAL,VNSTOCK_BRONZE
VNM,LATEST,cash_flow,CF_INTEREST_AND_DIVIDENDS_RECEIVED,0.0,ACTUAL,VNSTOCK_BRONZE
VNM,LATEST,cash_flow,CF_OPERATING_PROFIT_BEFORE_CHANGES_IN_WORKING_CAPITAL,4015191853351.0,ACTUAL,VNSTOCK_BRONZE
VNM,LATEST,cash_flow,CF_INCREASE_DECREASE_IN_RECEIVABLES,-798813712450.0,ACTUAL,VNSTOCK_BRONZE
VNM,LATEST,cash_flow,CF_INCREASE_DECREASE_IN_INVENTORY,-41272718213.0,ACTUAL,VNSTOCK_BRONZE
VNM,LATEST,cash_flow,CF_INCREASE_DECREASE_IN_PAYABLES,-251611274053.0,ACTUAL,VNSTOCK_BRONZE
VNM,LATEST,cash_flow,CF_INCREASE_DECREASE_IN_PREPAID_EXPENSES,116164637797.0,ACTUAL,VNSTOCK_BRONZE
VNM,LATEST,cash_flow,CF_INTEREST_PAID,-43161271053.0,ACTUAL,VNSTOCK_BRONZE
VNM,LATEST,cash_flow,CF_OTHER_RECEIPTS_FROM_OPERATING_ACTIVITIES,0.0,ACTUAL,VNSTOCK_BRONZE
VNM,LATEST,cash_flow,CF_OTHER_PAYMENTS_FOR_OPERATING_ACTIVITIES,-64173681018.0,ACTUAL,VNSTOCK_BRONZE
VNM,LATEST,cash_flow,CF_NET_CASH_FLOWS_FROM_INVESTING_ACTIVITIES,-2281629578922.0,ACTUAL,VNSTOCK_BRONZE
VNM,LATEST,cash_flow,CF_PAYMENTS_FOR_FIXED_ASSETS,-285938583140.0,ACTUAL,VNSTOCK_BRONZE
VNM,LATEST,cash_flow,CF_PROCEEDS_FROM_DISPOSAL_OF_FIXED_ASSETS,34914151212.0,ACTUAL,VNSTOCK_BRONZE
VNM,LATEST,cash_flow,CF_LOANS_TO_OTHER_ENTITIES,-2151737750322.0,ACTUAL,VNSTOCK_BRONZE
VNM,LATEST,cash_flow,CF_COLLECTION_OF_LOANS,13050562820.0,ACTUAL,VNSTOCK_BRONZE
VNM,LATEST,cash_flow,CF_PAYMENTS_FOR_INVESTMENTS_IN_OTHER_ENTITIES,0.0,ACTUAL,VNSTOCK_BRONZE
VNM,LATEST,cash_flow,CF_PROCEEDS_FROM_INVESTMENTS_IN_OTHER_ENTITIES,5914424085.0,ACTUAL,VNSTOCK_BRONZE
VNM,LATEST,cash_flow,CF_DIVIDENDS_AND_INTEREST_RECEIVED,102167616423.0,ACTUAL,VNSTOCK_BRONZE
VNM,LATEST,cash_flow,CF_PROCEEDS_FROM_ISSUANCE_OF_SHARES,0.0,ACTUAL,VNSTOCK_BRONZE
VNM,LATEST,cash_flow,CF_PAYMENTS_FOR_SHARE_REPURCHASES,-14364328733.0,ACTUAL,VNSTOCK_BRONZE
VNM,LATEST,cash_flow,CF_PROCEEDS_FROM_BORROWINGS,363879305622.0,ACTUAL,VNSTOCK_BRONZE
VNM,LATEST,cash_flow,CF_REPAYMENT_OF_BORROWINGS,-190086416469.0,ACTUAL,VNSTOCK_BRONZE
VNM,LATEST,cash_flow,CF_DIVIDENDS_PAID,-9682167601.0,ACTUAL,VNSTOCK_BRONZE
VNM,LATEST,cash_flow,CF_INTEREST_RECEIVED,2326413750071.0,ACTUAL,VNSTOCK_BRONZE
VNM,LATEST,cash_flow,CF_CASH_AND_CASH_EQUIVALENTS_AT_END_OF_PERIOD,2176667357252.0,ACTUAL,VNSTOCK_BRONZE
VNM,LATEST,cash_flow,CF_NET_CASH_FLOWS_FROM_OPERATING_ACTIVITIES,3749005315011.0,ACTUAL,VNSTOCK_BRONZE
VNM,LATEST,cash_flow,CF_PROFIT_BEFORE_TAX,3777019789971.0,ACTUAL,VNSTOCK_BRONZE
VNM,LATEST,cash_flow,CF_DEPRECIATION_AND_AMORTISATION,551231227788.0,ACTUAL,VNSTOCK_BRONZE
VNM,LATEST,cash_flow,CF_PROVISIONS,-2000594719.0,ACTUAL,VNSTOCK_BRONZE
VNM,LATEST,cash_flow,CF_FOREIGN_EXCHANGE_LOSS_GAIN,-14810127185.0,ACTUAL,VNSTOCK_BRONZE
VNM,LATEST,cash_flow,CF_LOSS_GAIN_FROM_DISPOSAL_OF_FIXED_ASSETS,0.0,ACTUAL,VNSTOCK_BRONZE
VNM,LATEST,cash_flow,CF_LOSS_GAIN_FROM_INVESTMENT,-331009325392.0,ACTUAL,VNSTOCK_BRONZE
VNM,LATEST,cash_flow,CF_INTEREST_EXPENSE,38257217439.0,ACTUAL,VNSTOCK_BRONZE
VNM,LATEST,cash_flow,CF_INTEREST_AND_DIVIDENDS_RECEIVED,0.0,ACTUAL,VNSTOCK_BRONZE
VNM,LATEST,cash_flow,CF_OPERATING_PROFIT_BEFORE_CHANGES_IN_WORKING_CAPITAL,4151930444988.0,ACTUAL,VNSTOCK_BRONZE
VNM,LATEST,cash_flow,CF_INCREASE_DECREASE_IN_RECEIVABLES,-156108957411.0,ACTUAL,VNSTOCK_BRONZE
VNM,LATEST,cash_flow,CF_INCREASE_DECREASE_IN_INVENTORY,369339834301.0,ACTUAL,VNSTOCK_BRONZE
VNM,LATEST,cash_flow,CF_INCREASE_DECREASE_IN_PAYABLES,154975681705.0,ACTUAL,VNSTOCK_BRONZE
VNM,LATEST,cash_flow,CF_INCREASE_DECREASE_IN_PREPAID_EXPENSES,42452692812.0,ACTUAL,VNSTOCK_BRONZE
VNM,LATEST,cash_flow,CF_INTEREST_PAID,-97654097013.0,ACTUAL,VNSTOCK_BRONZE
VNM,LATEST,cash_flow,CF_OTHER_RECEIPTS_FROM_OPERATING_ACTIVITIES,0.0,ACTUAL,VNSTOCK_BRONZE
VNM,LATEST,cash_flow,CF_OTHER_PAYMENTS_FOR_OPERATING_ACTIVITIES,-275703469573.0,ACTUAL,VNSTOCK_BRONZE
VNM,LATEST,cash_flow,CF_NET_CASH_FLOWS_FROM_INVESTING_ACTIVITIES,-1203938437602.0,ACTUAL,VNSTOCK_BRONZE
VNM,LATEST,cash_flow,CF_PAYMENTS_FOR_FIXED_ASSETS,-259511681417.0,ACTUAL,VNSTOCK_BRONZE
VNM,LATEST,cash_flow,CF_PROCEEDS_FROM_DISPOSAL_OF_FIXED_ASSETS,45232304785.0,ACTUAL,VNSTOCK_BRONZE
VNM,LATEST,cash_flow,CF_LOANS_TO_OTHER_ENTITIES,-1209731363792.0,ACTUAL,VNSTOCK_BRONZE
VNM,LATEST,cash_flow,CF_COLLECTION_OF_LOANS,-19798404571.0,ACTUAL,VNSTOCK_BRONZE
VNM,LATEST,cash_flow,CF_PAYMENTS_FOR_INVESTMENTS_IN_OTHER_ENTITIES,0.0,ACTUAL,VNSTOCK_BRONZE
VNM,LATEST,cash_flow,CF_PROCEEDS_FROM_INVESTMENTS_IN_OTHER_ENTITIES,56700000.0,ACTUAL,VNSTOCK_BRONZE
VNM,LATEST,cash_flow,CF_DIVIDENDS_AND_INTEREST_RECEIVED,239814007393.0,ACTUAL,VNSTOCK_BRONZE
VNM,LATEST,cash_flow,CF_PROCEEDS_FROM_ISSUANCE_OF_SHARES,0.0,ACTUAL,VNSTOCK_BRONZE
VNM,LATEST,cash_flow,CF_PAYMENTS_FOR_SHARE_REPURCHASES,0.0,ACTUAL,VNSTOCK_BRONZE
VNM,LATEST,cash_flow,CF_PROCEEDS_FROM_BORROWINGS,2931509588341.0,ACTUAL,VNSTOCK_BRONZE
VNM,LATEST,cash_flow,CF_REPAYMENT_OF_BORROWINGS,-2703692788327.0,ACTUAL,VNSTOCK_BRONZE
VNM,LATEST,cash_flow,CF_DIVIDENDS_PAID,-2612066540460.0,ACTUAL,VNSTOCK_BRONZE
VNM,LATEST,cash_flow,CF_INTEREST_RECEIVED,-48368258867.0,ACTUAL,VNSTOCK_BRONZE
VNM,LATEST,cash_flow,CF_CASH_AND_CASH_EQUIVALENTS_AT_END_OF_PERIOD,2335881481579.0,ACTUAL,VNSTOCK_BRONZE
VNM,LATEST,cash_flow,CF_NET_CASH_FLOWS_FROM_OPERATING_ACTIVITIES,1623081986175.0,ACTUAL,VNSTOCK_BRONZE
VNM,LATEST,cash_flow,CF_PROFIT_BEFORE_TAX,2671876716607.0,ACTUAL,VNSTOCK_BRONZE
VNM,LATEST,cash_flow,CF_DEPRECIATION_AND_AMORTISATION,545413737797.0,ACTUAL,VNSTOCK_BRONZE
VNM,LATEST,cash_flow,CF_PROVISIONS,43717904388.0,ACTUAL,VNSTOCK_BRONZE
VNM,LATEST,cash_flow,CF_FOREIGN_EXCHANGE_LOSS_GAIN,17776990028.0,ACTUAL,VNSTOCK_BRONZE
VNM,LATEST,cash_flow,CF_LOSS_GAIN_FROM_DISPOSAL_OF_FIXED_ASSETS,0.0,ACTUAL,VNSTOCK_BRONZE
VNM,LATEST,cash_flow,CF_LOSS_GAIN_FROM_INVESTMENT,-602754158648.0,ACTUAL,VNSTOCK_BRONZE
VNM,LATEST,cash_flow,CF_INTEREST_EXPENSE,25857854618.0,ACTUAL,VNSTOCK_BRONZE
VNM,LATEST,cash_flow,CF_INTEREST_AND_DIVIDENDS_RECEIVED,0.0,ACTUAL,VNSTOCK_BRONZE
VNM,LATEST,cash_flow,CF_OPERATING_PROFIT_BEFORE_CHANGES_IN_WORKING_CAPITAL,3065931746758.0,ACTUAL,VNSTOCK_BRONZE
VNM,LATEST,cash_flow,CF_INCREASE_DECREASE_IN_RECEIVABLES,338096748719.0,ACTUAL,VNSTOCK_BRONZE
VNM,LATEST,cash_flow,CF_INCREASE_DECREASE_IN_INVENTORY,219062180306.0,ACTUAL,VNSTOCK_BRONZE
VNM,LATEST,cash_flow,CF_INCREASE_DECREASE_IN_PAYABLES,-342930345042.0,ACTUAL,VNSTOCK_BRONZE
VNM,LATEST,cash_flow,CF_INCREASE_DECREASE_IN_PREPAID_EXPENSES,-13902968116.0,ACTUAL,VNSTOCK_BRONZE
VNM,LATEST,cash_flow,CF_INTEREST_PAID,-24747091435.0,ACTUAL,VNSTOCK_BRONZE
VNM,LATEST,cash_flow,CF_OTHER_RECEIPTS_FROM_OPERATING_ACTIVITIES,0.0,ACTUAL,VNSTOCK_BRONZE
VNM,LATEST,cash_flow,CF_OTHER_PAYMENTS_FOR_OPERATING_ACTIVITIES,-242254695396.0,ACTUAL,VNSTOCK_BRONZE
VNM,LATEST,cash_flow,CF_NET_CASH_FLOWS_FROM_INVESTING_ACTIVITIES,783874343103.0,ACTUAL,VNSTOCK_BRONZE
VNM,LATEST,cash_flow,CF_PAYMENTS_FOR_FIXED_ASSETS,-331440622408.0,ACTUAL,VNSTOCK_BRONZE
VNM,LATEST,cash_flow,CF_PROCEEDS_FROM_DISPOSAL_OF_FIXED_ASSETS,41623645123.0,ACTUAL,VNSTOCK_BRONZE
VNM,LATEST,cash_flow,CF_LOANS_TO_OTHER_ENTITIES,355606409411.0,ACTUAL,VNSTOCK_BRONZE
VNM,LATEST,cash_flow,CF_COLLECTION_OF_LOANS,22720498078.0,ACTUAL,VNSTOCK_BRONZE
VNM,LATEST,cash_flow,CF_PAYMENTS_FOR_INVESTMENTS_IN_OTHER_ENTITIES,0.0,ACTUAL,VNSTOCK_BRONZE
VNM,LATEST,cash_flow,CF_PROCEEDS_FROM_INVESTMENTS_IN_OTHER_ENTITIES,15660460001.0,ACTUAL,VNSTOCK_BRONZE
VNM,LATEST,cash_flow,CF_DIVIDENDS_AND_INTEREST_RECEIVED,679703952898.0,ACTUAL,VNSTOCK_BRONZE
VNM,LATEST,cash_flow,CF_PROCEEDS_FROM_ISSUANCE_OF_SHARES,0.0,ACTUAL,VNSTOCK_BRONZE
VNM,LATEST,cash_flow,CF_PAYMENTS_FOR_SHARE_REPURCHASES,0.0,ACTUAL,VNSTOCK_BRONZE
VNM,LATEST,cash_flow,CF_PROCEEDS_FROM_BORROWINGS,3513640917035.0,ACTUAL,VNSTOCK_BRONZE
VNM,LATEST,cash_flow,CF_REPAYMENT_OF_BORROWINGS,-2628425044234.0,ACTUAL,VNSTOCK_BRONZE
VNM,LATEST,cash_flow,CF_DIVIDENDS_PAID,-3515487388000.0,ACTUAL,VNSTOCK_BRONZE
VNM,LATEST,cash_flow,CF_INTEREST_RECEIVED,-519028699618.0,ACTUAL,VNSTOCK_BRONZE
VNM,LATEST,cash_flow,CF_CASH_AND_CASH_EQUIVALENTS_AT_END_OF_PERIOD,2111242815581.0,ACTUAL,VNSTOCK_BRONZE
VNM,LATEST,cash_flow,CF_NET_CASH_FLOWS_FROM_OPERATING_ACTIVITIES,1188708558132.0,ACTUAL,VNSTOCK_BRONZE
VNM,LATEST,cash_flow,CF_PROFIT_BEFORE_TAX,3153910222805.0,ACTUAL,VNSTOCK_BRONZE
VNM,LATEST,cash_flow,CF_DEPRECIATION_AND_AMORTISATION,499689193833.0,ACTUAL,VNSTOCK_BRONZE
VNM,LATEST,cash_flow,CF_PROVISIONS,3789250096.0,ACTUAL,VNSTOCK_BRONZE
VNM,LATEST,cash_flow,CF_FOREIGN_EXCHANGE_LOSS_GAIN,-1281139009.0,ACTUAL,VNSTOCK_BRONZE
VNM,LATEST,cash_flow,CF_LOSS_GAIN_FROM_DISPOSAL_OF_FIXED_ASSETS,0.0,ACTUAL,VNSTOCK_BRONZE
VNM,LATEST,cash_flow,CF_LOSS_GAIN_FROM_INVESTMENT,-241554937720.0,ACTUAL,VNSTOCK_BRONZE
VNM,LATEST,cash_flow,CF_INTEREST_EXPENSE,12905990201.0,ACTUAL,VNSTOCK_BRONZE
VNM,LATEST,cash_flow,CF_INTEREST_AND_DIVIDENDS_RECEIVED,0.0,ACTUAL,VNSTOCK_BRONZE
VNM,LATEST,cash_flow,CF_OPERATING_PROFIT_BEFORE_CHANGES_IN_WORKING_CAPITAL,3494031135649.0,ACTUAL,VNSTOCK_BRONZE
VNM,LATEST,cash_flow,CF_INCREASE_DECREASE_IN_RECEIVABLES,-41714113141.0,ACTUAL,VNSTOCK_BRONZE
VNM,LATEST,cash_flow,CF_INCREASE_DECREASE_IN_INVENTORY,-1637223057031.0,ACTUAL,VNSTOCK_BRONZE
VNM,LATEST,cash_flow,CF_INCREASE_DECREASE_IN_PAYABLES,730238705657.0,ACTUAL,VNSTOCK_BRONZE
VNM,LATEST,cash_flow,CF_INCREASE_DECREASE_IN_PREPAID_EXPENSES,-147546962653.0,ACTUAL,VNSTOCK_BRONZE
VNM,LATEST,cash_flow,CF_INTEREST_PAID,-15796286643.0,ACTUAL,VNSTOCK_BRONZE
VNM,LATEST,cash_flow,CF_OTHER_RECEIPTS_FROM_OPERATING_ACTIVITIES,0.0,ACTUAL,VNSTOCK_BRONZE
VNM,LATEST,cash_flow,CF_OTHER_PAYMENTS_FOR_OPERATING_ACTIVITIES,-644131581434.0,ACTUAL,VNSTOCK_BRONZE
VNM,LATEST,cash_flow,CF_NET_CASH_FLOWS_FROM_INVESTING_ACTIVITIES,-2028718663828.0,ACTUAL,VNSTOCK_BRONZE
VNM,LATEST,cash_flow,CF_PAYMENTS_FOR_FIXED_ASSETS,-174468716999.0,ACTUAL,VNSTOCK_BRONZE
VNM,LATEST,cash_flow,CF_PROCEEDS_FROM_DISPOSAL_OF_FIXED_ASSETS,30432767605.0,ACTUAL,VNSTOCK_BRONZE
VNM,LATEST,cash_flow,CF_LOANS_TO_OTHER_ENTITIES,-2029848548257.0,ACTUAL,VNSTOCK_BRONZE
VNM,LATEST,cash_flow,CF_COLLECTION_OF_LOANS,150000000.0,ACTUAL,VNSTOCK_BRONZE
VNM,LATEST,cash_flow,CF_PAYMENTS_FOR_INVESTMENTS_IN_OTHER_ENTITIES,0.0,ACTUAL,VNSTOCK_BRONZE
VNM,LATEST,cash_flow,CF_PROCEEDS_FROM_INVESTMENTS_IN_OTHER_ENTITIES,0.0,ACTUAL,VNSTOCK_BRONZE
VNM,LATEST,cash_flow,CF_DIVIDENDS_AND_INTEREST_RECEIVED,145015833823.0,ACTUAL,VNSTOCK_BRONZE
VNM,LATEST,cash_flow,CF_PROCEEDS_FROM_ISSUANCE_OF_SHARES,99320664553.0,ACTUAL,VNSTOCK_BRONZE
VNM,LATEST,cash_flow,CF_PAYMENTS_FOR_SHARE_REPURCHASES,0.0,ACTUAL,VNSTOCK_BRONZE
VNM,LATEST,cash_flow,CF_PROCEEDS_FROM_BORROWINGS,2709758030232.0,ACTUAL,VNSTOCK_BRONZE
VNM,LATEST,cash_flow,CF_REPAYMENT_OF_BORROWINGS,-784318154711.0,ACTUAL,VNSTOCK_BRONZE
VNM,LATEST,cash_flow,CF_DIVIDENDS_PAID,-2089695872250.0,ACTUAL,VNSTOCK_BRONZE
VNM,LATEST,cash_flow,CF_INTEREST_RECEIVED,1133021463406.0,ACTUAL,VNSTOCK_BRONZE
VNM,LATEST,cash_flow,CF_CASH_AND_CASH_EQUIVALENTS_AT_END_OF_PERIOD,1197956795582.0,ACTUAL,VNSTOCK_BRONZE
VNM,LATEST,cash_flow,CF_NET_CASH_FLOWS_FROM_OPERATING_ACTIVITIES,2877367183580.0,ACTUAL,VNSTOCK_BRONZE
VNM,LATEST,cash_flow,CF_PROFIT_BEFORE_TAX,3493684950239.0,ACTUAL,VNSTOCK_BRONZE
VNM,LATEST,cash_flow,CF_DEPRECIATION_AND_AMORTISATION,547756789868.0,ACTUAL,VNSTOCK_BRONZE
VNM,LATEST,cash_flow,CF_PROVISIONS,-3508982145.0,ACTUAL,VNSTOCK_BRONZE
VNM,LATEST,cash_flow,CF_FOREIGN_EXCHANGE_LOSS_GAIN,-3585620065.0,ACTUAL,VNSTOCK_BRONZE
VNM,LATEST,cash_flow,CF_LOSS_GAIN_FROM_DISPOSAL_OF_FIXED_ASSETS,0.0,ACTUAL,VNSTOCK_BRONZE
VNM,LATEST,cash_flow,CF_LOSS_GAIN_FROM_INVESTMENT,-246530287511.0,ACTUAL,VNSTOCK_BRONZE
VNM,LATEST,cash_flow,CF_INTEREST_EXPENSE,28072255034.0,ACTUAL,VNSTOCK_BRONZE
VNM,LATEST,cash_flow,CF_INTEREST_AND_DIVIDENDS_RECEIVED,0.0,ACTUAL,VNSTOCK_BRONZE
VNM,LATEST,cash_flow,CF_OPERATING_PROFIT_BEFORE_CHANGES_IN_WORKING_CAPITAL,3893497863282.0,ACTUAL,VNSTOCK_BRONZE
VNM,LATEST,cash_flow,CF_INCREASE_DECREASE_IN_RECEIVABLES,-912285302715.0,ACTUAL,VNSTOCK_BRONZE
VNM,LATEST,cash_flow,CF_INCREASE_DECREASE_IN_INVENTORY,-480784663584.0,ACTUAL,VNSTOCK_BRONZE
VNM,LATEST,cash_flow,CF_INCREASE_DECREASE_IN_PAYABLES,383647905131.0,ACTUAL,VNSTOCK_BRONZE
VNM,LATEST,cash_flow,CF_INCREASE_DECREASE_IN_PREPAID_EXPENSES,89748086761.0,ACTUAL,VNSTOCK_BRONZE
VNM,LATEST,cash_flow,CF_INTEREST_PAID,-8489668682.0,ACTUAL,VNSTOCK_BRONZE
VNM,LATEST,cash_flow,CF_OTHER_RECEIPTS_FROM_OPERATING_ACTIVITIES,0.0,ACTUAL,VNSTOCK_BRONZE
VNM,LATEST,cash_flow,CF_OTHER_PAYMENTS_FOR_OPERATING_ACTIVITIES,-75004249781.0,ACTUAL,VNSTOCK_BRONZE
VNM,LATEST,cash_flow,CF_NET_CASH_FLOWS_FROM_INVESTING_ACTIVITIES,-488518898143.0,ACTUAL,VNSTOCK_BRONZE
VNM,LATEST,cash_flow,CF_PAYMENTS_FOR_FIXED_ASSETS,-241674993139.0,ACTUAL,VNSTOCK_BRONZE
VNM,LATEST,cash_flow,CF_PROCEEDS_FROM_DISPOSAL_OF_FIXED_ASSETS,31248056978.0,ACTUAL,VNSTOCK_BRONZE
VNM,LATEST,cash_flow,CF_LOANS_TO_OTHER_ENTITIES,-424540543341.0,ACTUAL,VNSTOCK_BRONZE
VNM,LATEST,cash_flow,CF_COLLECTION_OF_LOANS,0.0,ACTUAL,VNSTOCK_BRONZE
VNM,LATEST,cash_flow,CF_PAYMENTS_FOR_INVESTMENTS_IN_OTHER_ENTITIES,-4321875000.0,ACTUAL,VNSTOCK_BRONZE
VNM,LATEST,cash_flow,CF_PROCEEDS_FROM_INVESTMENTS_IN_OTHER_ENTITIES,1336500000.0,ACTUAL,VNSTOCK_BRONZE
VNM,LATEST,cash_flow,CF_DIVIDENDS_AND_INTEREST_RECEIVED,149433956359.0,ACTUAL,VNSTOCK_BRONZE
VNM,LATEST,cash_flow,CF_PROCEEDS_FROM_ISSUANCE_OF_SHARES,196000000000.0,ACTUAL,VNSTOCK_BRONZE
VNM,LATEST,cash_flow,CF_PAYMENTS_FOR_SHARE_REPURCHASES,0.0,ACTUAL,VNSTOCK_BRONZE
VNM,LATEST,cash_flow,CF_PROCEEDS_FROM_BORROWINGS,911102897822.0,ACTUAL,VNSTOCK_BRONZE
VNM,LATEST,cash_flow,CF_REPAYMENT_OF_BORROWINGS,-682111123596.0,ACTUAL,VNSTOCK_BRONZE
VNM,LATEST,cash_flow,CF_DIVIDENDS_PAID,-2351459800500.0,ACTUAL,VNSTOCK_BRONZE
VNM,LATEST,cash_flow,CF_INTEREST_RECEIVED,-263432012005.0,ACTUAL,VNSTOCK_BRONZE
VNM,LATEST,cash_flow,CF_CASH_AND_CASH_EQUIVALENTS_AT_END_OF_PERIOD,1663036014269.0,ACTUAL,VNSTOCK_BRONZE
VNM,LATEST,cash_flow,CF_NET_CASH_FLOWS_FROM_OPERATING_ACTIVITIES,4055436695667.0,ACTUAL,VNSTOCK_BRONZE
VNM,LATEST,cash_flow,CF_PROFIT_BEFORE_TAX,3586603289912.0,ACTUAL,VNSTOCK_BRONZE
VNM,LATEST,cash_flow,CF_DEPRECIATION_AND_AMORTISATION,539359820888.0,ACTUAL,VNSTOCK_BRONZE
VNM,LATEST,cash_flow,CF_PROVISIONS,2034675583.0,ACTUAL,VNSTOCK_BRONZE
VNM,LATEST,cash_flow,CF_FOREIGN_EXCHANGE_LOSS_GAIN,4153986284.0,ACTUAL,VNSTOCK_BRONZE
VNM,LATEST,cash_flow,CF_LOSS_GAIN_FROM_DISPOSAL_OF_FIXED_ASSETS,0.0,ACTUAL,VNSTOCK_BRONZE
VNM,LATEST,cash_flow,CF_LOSS_GAIN_FROM_INVESTMENT,-313784164169.0,ACTUAL,VNSTOCK_BRONZE
VNM,LATEST,cash_flow,CF_INTEREST_EXPENSE,-46532738825.0,ACTUAL,VNSTOCK_BRONZE
VNM,LATEST,cash_flow,CF_INTEREST_AND_DIVIDENDS_RECEIVED,0.0,ACTUAL,VNSTOCK_BRONZE
VNM,LATEST,cash_flow,CF_OPERATING_PROFIT_BEFORE_CHANGES_IN_WORKING_CAPITAL,3852210792259.0,ACTUAL,VNSTOCK_BRONZE
VNM,LATEST,cash_flow,CF_INCREASE_DECREASE_IN_RECEIVABLES,240227639444.0,ACTUAL,VNSTOCK_BRONZE
VNM,LATEST,cash_flow,CF_INCREASE_DECREASE_IN_INVENTORY,361721935211.0,ACTUAL,VNSTOCK_BRONZE
VNM,LATEST,cash_flow,CF_INCREASE_DECREASE_IN_PAYABLES,236770041444.0,ACTUAL,VNSTOCK_BRONZE
VNM,LATEST,cash_flow,CF_INCREASE_DECREASE_IN_PREPAID_EXPENSES,40181414369.0,ACTUAL,VNSTOCK_BRONZE
VNM,LATEST,cash_flow,CF_INTEREST_PAID,-35611697178.0,ACTUAL,VNSTOCK_BRONZE
VNM,LATEST,cash_flow,CF_OTHER_RECEIPTS_FROM_OPERATING_ACTIVITIES,0.0,ACTUAL,VNSTOCK_BRONZE
VNM,LATEST,cash_flow,CF_OTHER_PAYMENTS_FOR_OPERATING_ACTIVITIES,-288672021480.0,ACTUAL,VNSTOCK_BRONZE
VNM,LATEST,cash_flow,CF_NET_CASH_FLOWS_FROM_INVESTING_ACTIVITIES,-72914182305.0,ACTUAL,VNSTOCK_BRONZE
VNM,LATEST,cash_flow,CF_PAYMENTS_FOR_FIXED_ASSETS,-638146714343.0,ACTUAL,VNSTOCK_BRONZE
VNM,LATEST,cash_flow,CF_PROCEEDS_FROM_DISPOSAL_OF_FIXED_ASSETS,37633032244.0,ACTUAL,VNSTOCK_BRONZE
VNM,LATEST,cash_flow,CF_LOANS_TO_OTHER_ENTITIES,210878872106.0,ACTUAL,VNSTOCK_BRONZE
VNM,LATEST,cash_flow,CF_COLLECTION_OF_LOANS,0.0,ACTUAL,VNSTOCK_BRONZE
VNM,LATEST,cash_flow,CF_PAYMENTS_FOR_INVESTMENTS_IN_OTHER_ENTITIES,0.0,ACTUAL,VNSTOCK_BRONZE
VNM,LATEST,cash_flow,CF_PROCEEDS_FROM_INVESTMENTS_IN_OTHER_ENTITIES,0.0,ACTUAL,VNSTOCK_BRONZE
VNM,LATEST,cash_flow,CF_DIVIDENDS_AND_INTEREST_RECEIVED,316720627688.0,ACTUAL,VNSTOCK_BRONZE
VNM,LATEST,cash_flow,CF_PROCEEDS_FROM_ISSUANCE_OF_SHARES,0.0,ACTUAL,VNSTOCK_BRONZE
VNM,LATEST,cash_flow,CF_PAYMENTS_FOR_SHARE_REPURCHASES,0.0,ACTUAL,VNSTOCK_BRONZE
VNM,LATEST,cash_flow,CF_PROCEEDS_FROM_BORROWINGS,2331816027715.0,ACTUAL,VNSTOCK_BRONZE
VNM,LATEST,cash_flow,CF_REPAYMENT_OF_BORROWINGS,-2779299380232.0,ACTUAL,VNSTOCK_BRONZE
VNM,LATEST,cash_flow,CF_DIVIDENDS_PAID,-3134933167500.0,ACTUAL,VNSTOCK_BRONZE
VNM,LATEST,cash_flow,CF_INTEREST_RECEIVED,-1530559421742.0,ACTUAL,VNSTOCK_BRONZE
VNM,LATEST,cash_flow,CF_CASH_AND_CASH_EQUIVALENTS_AT_END_OF_PERIOD,2051857098275.0,ACTUAL,VNSTOCK_BRONZE
VNM,LATEST,cash_flow,CF_NET_CASH_FLOWS_FROM_OPERATING_ACTIVITIES,1310461126514.0,ACTUAL,VNSTOCK_BRONZE
VNM,LATEST,cash_flow,CF_PROFIT_BEFORE_TAX,2688037023963.0,ACTUAL,VNSTOCK_BRONZE
VNM,LATEST,cash_flow,CF_DEPRECIATION_AND_AMORTISATION,534531930191.0,ACTUAL,VNSTOCK_BRONZE
VNM,LATEST,cash_flow,CF_PROVISIONS,31150685652.0,ACTUAL,VNSTOCK_BRONZE
VNM,LATEST,cash_flow,CF_FOREIGN_EXCHANGE_LOSS_GAIN,-945595838.0,ACTUAL,VNSTOCK_BRONZE
VNM,LATEST,cash_flow,CF_LOSS_GAIN_FROM_DISPOSAL_OF_FIXED_ASSETS,0.0,ACTUAL,VNSTOCK_BRONZE
VNM,LATEST,cash_flow,CF_LOSS_GAIN_FROM_INVESTMENT,-259127588460.0,ACTUAL,VNSTOCK_BRONZE
VNM,LATEST,cash_flow,CF_INTEREST_EXPENSE,23606131783.0,ACTUAL,VNSTOCK_BRONZE
VNM,LATEST,cash_flow,CF_INTEREST_AND_DIVIDENDS_RECEIVED,0.0,ACTUAL,VNSTOCK_BRONZE
VNM,LATEST,cash_flow,CF_OPERATING_PROFIT_BEFORE_CHANGES_IN_WORKING_CAPITAL,3112079516133.0,ACTUAL,VNSTOCK_BRONZE
VNM,LATEST,cash_flow,CF_INCREASE_DECREASE_IN_RECEIVABLES,196920958051.0,ACTUAL,VNSTOCK_BRONZE
VNM,LATEST,cash_flow,CF_INCREASE_DECREASE_IN_INVENTORY,-504395056818.0,ACTUAL,VNSTOCK_BRONZE
VNM,LATEST,cash_flow,CF_INCREASE_DECREASE_IN_PAYABLES,133391669295.0,ACTUAL,VNSTOCK_BRONZE
VNM,LATEST,cash_flow,CF_INCREASE_DECREASE_IN_PREPAID_EXPENSES,17733217659.0,ACTUAL,VNSTOCK_BRONZE
VNM,LATEST,cash_flow,CF_INTEREST_PAID,-38442032429.0,ACTUAL,VNSTOCK_BRONZE
VNM,LATEST,cash_flow,CF_OTHER_RECEIPTS_FROM_OPERATING_ACTIVITIES,0.0,ACTUAL,VNSTOCK_BRONZE
VNM,LATEST,cash_flow,CF_OTHER_PAYMENTS_FOR_OPERATING_ACTIVITIES,-163732710514.0,ACTUAL,VNSTOCK_BRONZE
VNM,LATEST,cash_flow,CF_NET_CASH_FLOWS_FROM_INVESTING_ACTIVITIES,-1343096342933.0,ACTUAL,VNSTOCK_BRONZE
VNM,LATEST,cash_flow,CF_PAYMENTS_FOR_FIXED_ASSETS,-476734934789.0,ACTUAL,VNSTOCK_BRONZE
VNM,LATEST,cash_flow,CF_PROCEEDS_FROM_DISPOSAL_OF_FIXED_ASSETS,34591138702.0,ACTUAL,VNSTOCK_BRONZE
VNM,LATEST,cash_flow,CF_LOANS_TO_OTHER_ENTITIES,-1270955615962.0,ACTUAL,VNSTOCK_BRONZE
VNM,LATEST,cash_flow,CF_COLLECTION_OF_LOANS,0.0,ACTUAL,VNSTOCK_BRONZE
VNM,LATEST,cash_flow,CF_PAYMENTS_FOR_INVESTMENTS_IN_OTHER_ENTITIES,-18905857575.0,ACTUAL,VNSTOCK_BRONZE
VNM,LATEST,cash_flow,CF_PROCEEDS_FROM_INVESTMENTS_IN_OTHER_ENTITIES,0.0,ACTUAL,VNSTOCK_BRONZE
VNM,LATEST,cash_flow,CF_DIVIDENDS_AND_INTEREST_RECEIVED,388908926691.0,ACTUAL,VNSTOCK_BRONZE
VNM,LATEST,cash_flow,CF_PROCEEDS_FROM_ISSUANCE_OF_SHARES,22540000000.0,ACTUAL,VNSTOCK_BRONZE
VNM,LATEST,cash_flow,CF_PAYMENTS_FOR_SHARE_REPURCHASES,0.0,ACTUAL,VNSTOCK_BRONZE
VNM,LATEST,cash_flow,CF_PROCEEDS_FROM_BORROWINGS,3644283404234.0,ACTUAL,VNSTOCK_BRONZE
VNM,LATEST,cash_flow,CF_REPAYMENT_OF_BORROWINGS,-3305731540656.0,ACTUAL,VNSTOCK_BRONZE
VNM,LATEST,cash_flow,CF_DIVIDENDS_PAID,-44669622900.0,ACTUAL,VNSTOCK_BRONZE
VNM,LATEST,cash_flow,CF_INTEREST_RECEIVED,2664974115026.0,ACTUAL,VNSTOCK_BRONZE
VNM,LATEST,cash_flow,CF_CASH_AND_CASH_EQUIVALENTS_AT_END_OF_PERIOD,2348551874348.0,ACTUAL,VNSTOCK_BRONZE
VNM,LATEST,cash_flow,CF_NET_CASH_FLOWS_FROM_OPERATING_ACTIVITIES,144788502057.0,ACTUAL,VNSTOCK_BRONZE
VNM,LATEST,cash_flow,CF_PROFIT_BEFORE_TAX,2764351623836.0,ACTUAL,VNSTOCK_BRONZE
VNM,LATEST,cash_flow,CF_DEPRECIATION_AND_AMORTISATION,537371734423.0,ACTUAL,VNSTOCK_BRONZE
VNM,LATEST,cash_flow,CF_PROVISIONS,-2758112613.0,ACTUAL,VNSTOCK_BRONZE
VNM,LATEST,cash_flow,CF_FOREIGN_EXCHANGE_LOSS_GAIN,13818366371.0,ACTUAL,VNSTOCK_BRONZE
VNM,LATEST,cash_flow,CF_LOSS_GAIN_FROM_DISPOSAL_OF_FIXED_ASSETS,0.0,ACTUAL,VNSTOCK_BRONZE
VNM,LATEST,cash_flow,CF_LOSS_GAIN_FROM_INVESTMENT,-255201025309.0,ACTUAL,VNSTOCK_BRONZE
VNM,LATEST,cash_flow,CF_INTEREST_EXPENSE,26168600367.0,ACTUAL,VNSTOCK_BRONZE
VNM,LATEST,cash_flow,CF_INTEREST_AND_DIVIDENDS_RECEIVED,0.0,ACTUAL,VNSTOCK_BRONZE
VNM,LATEST,cash_flow,CF_OPERATING_PROFIT_BEFORE_CHANGES_IN_WORKING_CAPITAL,3164756998863.0,ACTUAL,VNSTOCK_BRONZE
VNM,LATEST,cash_flow,CF_INCREASE_DECREASE_IN_RECEIVABLES,-220757350364.0,ACTUAL,VNSTOCK_BRONZE
VNM,LATEST,cash_flow,CF_INCREASE_DECREASE_IN_INVENTORY,-974159283034.0,ACTUAL,VNSTOCK_BRONZE
VNM,LATEST,cash_flow,CF_INCREASE_DECREASE_IN_PAYABLES,-734666056911.0,ACTUAL,VNSTOCK_BRONZE
VNM,LATEST,cash_flow,CF_INCREASE_DECREASE_IN_PREPAID_EXPENSES,-34688910773.0,ACTUAL,VNSTOCK_BRONZE
VNM,LATEST,cash_flow,CF_INTEREST_PAID,-24349437056.0,ACTUAL,VNSTOCK_BRONZE
VNM,LATEST,cash_flow,CF_OTHER_RECEIPTS_FROM_OPERATING_ACTIVITIES,0.0,ACTUAL,VNSTOCK_BRONZE
VNM,LATEST,cash_flow,CF_OTHER_PAYMENTS_FOR_OPERATING_ACTIVITIES,-556210692528.0,ACTUAL,VNSTOCK_BRONZE
VNM,LATEST,cash_flow,CF_NET_CASH_FLOWS_FROM_INVESTING_ACTIVITIES,569651451389.0,ACTUAL,VNSTOCK_BRONZE
VNM,LATEST,cash_flow,CF_PAYMENTS_FOR_FIXED_ASSETS,-260736777031.0,ACTUAL,VNSTOCK_BRONZE
VNM,LATEST,cash_flow,CF_PROCEEDS_FROM_DISPOSAL_OF_FIXED_ASSETS,31681656288.0,ACTUAL,VNSTOCK_BRONZE
VNM,LATEST,cash_flow,CF_LOANS_TO_OTHER_ENTITIES,0.0,ACTUAL,VNSTOCK_BRONZE
VNM,LATEST,cash_flow,CF_COLLECTION_OF_LOANS,594783333169.0,ACTUAL,VNSTOCK_BRONZE
VNM,LATEST,cash_flow,CF_PAYMENTS_FOR_INVESTMENTS_IN_OTHER_ENTITIES,-30900000000.0,ACTUAL,VNSTOCK_BRONZE
VNM,LATEST,cash_flow,CF_PROCEEDS_FROM_INVESTMENTS_IN_OTHER_ENTITIES,0.0,ACTUAL,VNSTOCK_BRONZE
VNM,LATEST,cash_flow,CF_DIVIDENDS_AND_INTEREST_RECEIVED,234823238963.0,ACTUAL,VNSTOCK_BRONZE
VNM,LATEST,cash_flow,CF_PROCEEDS_FROM_ISSUANCE_OF_SHARES,0.0,ACTUAL,VNSTOCK_BRONZE
VNM,LATEST,cash_flow,CF_PAYMENTS_FOR_SHARE_REPURCHASES,0.0,ACTUAL,VNSTOCK_BRONZE
VNM,LATEST,cash_flow,CF_PROCEEDS_FROM_BORROWINGS,4236765622155.0,ACTUAL,VNSTOCK_BRONZE
VNM,LATEST,cash_flow,CF_REPAYMENT_OF_BORROWINGS,-2692851399800.0,ACTUAL,VNSTOCK_BRONZE
VNM,LATEST,cash_flow,CF_DIVIDENDS_PAID,-2925937623000.0,ACTUAL,VNSTOCK_BRONZE
VNM,LATEST,cash_flow,CF_INTEREST_RECEIVED,298834732479.0,ACTUAL,VNSTOCK_BRONZE
VNM,LATEST,cash_flow,CF_CASH_AND_CASH_EQUIVALENTS_AT_END_OF_PERIOD,1680858133124.0,ACTUAL,VNSTOCK_BRONZE
VNM,LATEST,cash_flow,CF_NET_CASH_FLOWS_FROM_OPERATING_ACTIVITIES,2810003575388.0,ACTUAL,VNSTOCK_BRONZE
VNM,LATEST,cash_flow,CF_PROFIT_BEFORE_TAX,2576057643749.0,ACTUAL,VNSTOCK_BRONZE
VNM,LATEST,cash_flow,CF_DEPRECIATION_AND_AMORTISATION,519680313013.0,ACTUAL,VNSTOCK_BRONZE
VNM,LATEST,cash_flow,CF_PROVISIONS,-23118769821.0,ACTUAL,VNSTOCK_BRONZE
VNM,LATEST,cash_flow,CF_FOREIGN_EXCHANGE_LOSS_GAIN,18765937820.0,ACTUAL,VNSTOCK_BRONZE
VNM,LATEST,cash_flow,CF_LOSS_GAIN_FROM_DISPOSAL_OF_FIXED_ASSETS,0.0,ACTUAL,VNSTOCK_BRONZE
VNM,LATEST,cash_flow,CF_LOSS_GAIN_FROM_INVESTMENT,-316464029016.0,ACTUAL,VNSTOCK_BRONZE
VNM,LATEST,cash_flow,CF_INTEREST_EXPENSE,36701642341.0,ACTUAL,VNSTOCK_BRONZE
VNM,LATEST,cash_flow,CF_INTEREST_AND_DIVIDENDS_RECEIVED,0.0,ACTUAL,VNSTOCK_BRONZE
VNM,LATEST,cash_flow,CF_OPERATING_PROFIT_BEFORE_CHANGES_IN_WORKING_CAPITAL,2899765051796.0,ACTUAL,VNSTOCK_BRONZE
VNM,LATEST,cash_flow,CF_INCREASE_DECREASE_IN_RECEIVABLES,111504280918.0,ACTUAL,VNSTOCK_BRONZE
VNM,LATEST,cash_flow,CF_INCREASE_DECREASE_IN_INVENTORY,554691597850.0,ACTUAL,VNSTOCK_BRONZE
VNM,LATEST,cash_flow,CF_INCREASE_DECREASE_IN_PAYABLES,-288064121816.0,ACTUAL,VNSTOCK_BRONZE
VNM,LATEST,cash_flow,CF_INCREASE_DECREASE_IN_PREPAID_EXPENSES,27917606527.0,ACTUAL,VNSTOCK_BRONZE
VNM,LATEST,cash_flow,CF_INTEREST_PAID,-13859036144.0,ACTUAL,VNSTOCK_BRONZE
VNM,LATEST,cash_flow,CF_OTHER_RECEIPTS_FROM_OPERATING_ACTIVITIES,0.0,ACTUAL,VNSTOCK_BRONZE
VNM,LATEST,cash_flow,CF_OTHER_PAYMENTS_FOR_OPERATING_ACTIVITIES,-168342875725.0,ACTUAL,VNSTOCK_BRONZE
VNM,LATEST,cash_flow,CF_NET_CASH_FLOWS_FROM_INVESTING_ACTIVITIES,1321683875785.0,ACTUAL,VNSTOCK_BRONZE
VNM,LATEST,cash_flow,CF_PAYMENTS_FOR_FIXED_ASSETS,-376750770688.0,ACTUAL,VNSTOCK_BRONZE
VNM,LATEST,cash_flow,CF_PROCEEDS_FROM_DISPOSAL_OF_FIXED_ASSETS,41247791036.0,ACTUAL,VNSTOCK_BRONZE
VNM,LATEST,cash_flow,CF_LOANS_TO_OTHER_ENTITIES,0.0,ACTUAL,VNSTOCK_BRONZE
VNM,LATEST,cash_flow,CF_COLLECTION_OF_LOANS,1468401014877.0,ACTUAL,VNSTOCK_BRONZE
VNM,LATEST,cash_flow,CF_PAYMENTS_FOR_INVESTMENTS_IN_OTHER_ENTITIES,0.0,ACTUAL,VNSTOCK_BRONZE
VNM,LATEST,cash_flow,CF_PROCEEDS_FROM_INVESTMENTS_IN_OTHER_ENTITIES,0.0,ACTUAL,VNSTOCK_BRONZE
VNM,LATEST,cash_flow,CF_DIVIDENDS_AND_INTEREST_RECEIVED,188785840560.0,ACTUAL,VNSTOCK_BRONZE
VNM,LATEST,cash_flow,CF_PROCEEDS_FROM_ISSUANCE_OF_SHARES,0.0,ACTUAL,VNSTOCK_BRONZE
VNM,LATEST,cash_flow,CF_PAYMENTS_FOR_SHARE_REPURCHASES,0.0,ACTUAL,VNSTOCK_BRONZE
VNM,LATEST,cash_flow,CF_PROCEEDS_FROM_BORROWINGS,-161958314770.0,ACTUAL,VNSTOCK_BRONZE
VNM,LATEST,cash_flow,CF_REPAYMENT_OF_BORROWINGS,-1096336875705.0,ACTUAL,VNSTOCK_BRONZE
VNM,LATEST,cash_flow,CF_DIVIDENDS_PAID,-52516937250.0,ACTUAL,VNSTOCK_BRONZE
VNM,LATEST,cash_flow,CF_INTEREST_RECEIVED,3196684960562.0,ACTUAL,VNSTOCK_BRONZE
VNM,LATEST,cash_flow,CF_CASH_AND_CASH_EQUIVALENTS_AT_END_OF_PERIOD,4507497088287.0,ACTUAL,VNSTOCK_BRONZE
VNM,LATEST,cash_flow,CF_NET_CASH_FLOWS_FROM_OPERATING_ACTIVITIES,4235275963748.0,ACTUAL,VNSTOCK_BRONZE
VNM,LATEST,cash_flow,CF_PROFIT_BEFORE_TAX,2859883167325.0,ACTUAL,VNSTOCK_BRONZE
VNM,LATEST,cash_flow,CF_DEPRECIATION_AND_AMORTISATION,519932114467.0,ACTUAL,VNSTOCK_BRONZE
VNM,LATEST,cash_flow,CF_PROVISIONS,2508921921.0,ACTUAL,VNSTOCK_BRONZE
VNM,LATEST,cash_flow,CF_FOREIGN_EXCHANGE_LOSS_GAIN,8347587934.0,ACTUAL,VNSTOCK_BRONZE
VNM,LATEST,cash_flow,CF_LOSS_GAIN_FROM_DISPOSAL_OF_FIXED_ASSETS,0.0,ACTUAL,VNSTOCK_BRONZE
VNM,LATEST,cash_flow,CF_LOSS_GAIN_FROM_INVESTMENT,-304758106018.0,ACTUAL,VNSTOCK_BRONZE
VNM,LATEST,cash_flow,CF_INTEREST_EXPENSE,49942302240.0,ACTUAL,VNSTOCK_BRONZE
VNM,LATEST,cash_flow,CF_INTEREST_AND_DIVIDENDS_RECEIVED,0.0,ACTUAL,VNSTOCK_BRONZE
VNM,LATEST,cash_flow,CF_OPERATING_PROFIT_BEFORE_CHANGES_IN_WORKING_CAPITAL,3217130306317.0,ACTUAL,VNSTOCK_BRONZE
VNM,LATEST,cash_flow,CF_INCREASE_DECREASE_IN_RECEIVABLES,145032717998.0,ACTUAL,VNSTOCK_BRONZE
VNM,LATEST,cash_flow,CF_INCREASE_DECREASE_IN_INVENTORY,1170617557118.0,ACTUAL,VNSTOCK_BRONZE
VNM,LATEST,cash_flow,CF_INCREASE_DECREASE_IN_PAYABLES,49012854865.0,ACTUAL,VNSTOCK_BRONZE
VNM,LATEST,cash_flow,CF_INCREASE_DECREASE_IN_PREPAID_EXPENSES,-41625935038.0,ACTUAL,VNSTOCK_BRONZE
VNM,LATEST,cash_flow,CF_INTEREST_PAID,-30200578249.0,ACTUAL,VNSTOCK_BRONZE
VNM,LATEST,cash_flow,CF_OTHER_RECEIPTS_FROM_OPERATING_ACTIVITIES,0.0,ACTUAL,VNSTOCK_BRONZE
VNM,LATEST,cash_flow,CF_OTHER_PAYMENTS_FOR_OPERATING_ACTIVITIES,-270371253685.0,ACTUAL,VNSTOCK_BRONZE
VNM,LATEST,cash_flow,CF_NET_CASH_FLOWS_FROM_INVESTING_ACTIVITIES,-446764900425.0,ACTUAL,VNSTOCK_BRONZE
VNM,LATEST,cash_flow,CF_PAYMENTS_FOR_FIXED_ASSETS,-275135514383.0,ACTUAL,VNSTOCK_BRONZE
VNM,LATEST,cash_flow,CF_PROCEEDS_FROM_DISPOSAL_OF_FIXED_ASSETS,32678492852.0,ACTUAL,VNSTOCK_BRONZE
VNM,LATEST,cash_flow,CF_LOANS_TO_OTHER_ENTITIES,0.0,ACTUAL,VNSTOCK_BRONZE
VNM,LATEST,cash_flow,CF_COLLECTION_OF_LOANS,-542595808761.0,ACTUAL,VNSTOCK_BRONZE
VNM,LATEST,cash_flow,CF_PAYMENTS_FOR_INVESTMENTS_IN_OTHER_ENTITIES,0.0,ACTUAL,VNSTOCK_BRONZE
VNM,LATEST,cash_flow,CF_PROCEEDS_FROM_INVESTMENTS_IN_OTHER_ENTITIES,0.0,ACTUAL,VNSTOCK_BRONZE
VNM,LATEST,cash_flow,CF_DIVIDENDS_AND_INTEREST_RECEIVED,338287929867.0,ACTUAL,VNSTOCK_BRONZE
VNM,LATEST,cash_flow,CF_PROCEEDS_FROM_ISSUANCE_OF_SHARES,0.0,ACTUAL,VNSTOCK_BRONZE
VNM,LATEST,cash_flow,CF_PAYMENTS_FOR_SHARE_REPURCHASES,0.0,ACTUAL,VNSTOCK_BRONZE
VNM,LATEST,cash_flow,CF_PROCEEDS_FROM_BORROWINGS,2108262740353.0,ACTUAL,VNSTOCK_BRONZE
VNM,LATEST,cash_flow,CF_REPAYMENT_OF_BORROWINGS,-2424633276675.0,ACTUAL,VNSTOCK_BRONZE
VNM,LATEST,cash_flow,CF_DIVIDENDS_PAID,-5120390840250.0,ACTUAL,VNSTOCK_BRONZE
VNM,LATEST,cash_flow,CF_INTEREST_RECEIVED,-2568903659058.0,ACTUAL,VNSTOCK_BRONZE
VNM,LATEST,cash_flow,CF_CASH_AND_CASH_EQUIVALENTS_AT_END_OF_PERIOD,2867857717514.0,ACTUAL,VNSTOCK_BRONZE
VNM,LATEST,cash_flow,CF_NET_CASH_FLOWS_FROM_OPERATING_ACTIVITIES,1637205135323.0,ACTUAL,VNSTOCK_BRONZE
VNM,LATEST,cash_flow,CF_PROFIT_BEFORE_TAX,2295242241835.0,ACTUAL,VNSTOCK_BRONZE
VNM,LATEST,cash_flow,CF_DEPRECIATION_AND_AMORTISATION,518465696774.0,ACTUAL,VNSTOCK_BRONZE
VNM,LATEST,cash_flow,CF_PROVISIONS,18795035435.0,ACTUAL,VNSTOCK_BRONZE
VNM,LATEST,cash_flow,CF_FOREIGN_EXCHANGE_LOSS_GAIN,-37709125252.0,ACTUAL,VNSTOCK_BRONZE
VNM,LATEST,cash_flow,CF_LOSS_GAIN_FROM_DISPOSAL_OF_FIXED_ASSETS,0.0,ACTUAL,VNSTOCK_BRONZE
VNM,LATEST,cash_flow,CF_LOSS_GAIN_FROM_INVESTMENT,-309790581815.0,ACTUAL,VNSTOCK_BRONZE
VNM,LATEST,cash_flow,CF_INTEREST_EXPENSE,53226546796.0,ACTUAL,VNSTOCK_BRONZE
VNM,LATEST,cash_flow,CF_INTEREST_AND_DIVIDENDS_RECEIVED,0.0,ACTUAL,VNSTOCK_BRONZE
VNM,LATEST,cash_flow,CF_OPERATING_PROFIT_BEFORE_CHANGES_IN_WORKING_CAPITAL,2621819923631.0,ACTUAL,VNSTOCK_BRONZE
VNM,LATEST,cash_flow,CF_INCREASE_DECREASE_IN_RECEIVABLES,-323856956229.0,ACTUAL,VNSTOCK_BRONZE
VNM,LATEST,cash_flow,CF_INCREASE_DECREASE_IN_INVENTORY,100113197805.0,ACTUAL,VNSTOCK_BRONZE
VNM,LATEST,cash_flow,CF_INCREASE_DECREASE_IN_PAYABLES,587684749308.0,ACTUAL,VNSTOCK_BRONZE
VNM,LATEST,cash_flow,CF_INCREASE_DECREASE_IN_PREPAID_EXPENSES,-24722822830.0,ACTUAL,VNSTOCK_BRONZE
VNM,LATEST,cash_flow,CF_INTEREST_PAID,-72895032400.0,ACTUAL,VNSTOCK_BRONZE
VNM,LATEST,cash_flow,CF_OTHER_RECEIPTS_FROM_OPERATING_ACTIVITIES,0.0,ACTUAL,VNSTOCK_BRONZE
VNM,LATEST,cash_flow,CF_OTHER_PAYMENTS_FOR_OPERATING_ACTIVITIES,-68713560259.0,ACTUAL,VNSTOCK_BRONZE
VNM,LATEST,cash_flow,CF_NET_CASH_FLOWS_FROM_INVESTING_ACTIVITIES,2028201088349.0,ACTUAL,VNSTOCK_BRONZE
VNM,LATEST,cash_flow,CF_PAYMENTS_FOR_FIXED_ASSETS,-544290990514.0,ACTUAL,VNSTOCK_BRONZE
VNM,LATEST,cash_flow,CF_PROCEEDS_FROM_DISPOSAL_OF_FIXED_ASSETS,31517617681.0,ACTUAL,VNSTOCK_BRONZE
VNM,LATEST,cash_flow,CF_LOANS_TO_OTHER_ENTITIES,0.0,ACTUAL,VNSTOCK_BRONZE
VNM,LATEST,cash_flow,CF_COLLECTION_OF_LOANS,2114126507322.0,ACTUAL,VNSTOCK_BRONZE
VNM,LATEST,cash_flow,CF_PAYMENTS_FOR_INVESTMENTS_IN_OTHER_ENTITIES,-12275000000.0,ACTUAL,VNSTOCK_BRONZE
VNM,LATEST,cash_flow,CF_PROCEEDS_FROM_INVESTMENTS_IN_OTHER_ENTITIES,0.0,ACTUAL,VNSTOCK_BRONZE
VNM,LATEST,cash_flow,CF_DIVIDENDS_AND_INTEREST_RECEIVED,439122953860.0,ACTUAL,VNSTOCK_BRONZE
VNM,LATEST,cash_flow,CF_PROCEEDS_FROM_ISSUANCE_OF_SHARES,338100000000.0,ACTUAL,VNSTOCK_BRONZE
VNM,LATEST,cash_flow,CF_PAYMENTS_FOR_SHARE_REPURCHASES,0.0,ACTUAL,VNSTOCK_BRONZE
VNM,LATEST,cash_flow,CF_PROCEEDS_FROM_BORROWINGS,74460006848.0,ACTUAL,VNSTOCK_BRONZE
VNM,LATEST,cash_flow,CF_REPAYMENT_OF_BORROWINGS,-4575198249609.0,ACTUAL,VNSTOCK_BRONZE
VNM,LATEST,cash_flow,CF_DIVIDENDS_PAID,-68054218220.0,ACTUAL,VNSTOCK_BRONZE
VNM,LATEST,cash_flow,CF_INTEREST_RECEIVED,-1930748933357.0,ACTUAL,VNSTOCK_BRONZE
VNM,LATEST,cash_flow,CF_CASH_AND_CASH_EQUIVALENTS_AT_END_OF_PERIOD,2299943527624.0,ACTUAL,VNSTOCK_BRONZE
VNM,LATEST,cash_flow,CF_NET_CASH_FLOWS_FROM_OPERATING_ACTIVITIES,128788940445.0,ACTUAL,VNSTOCK_BRONZE
VNM,LATEST,cash_flow,CF_PROFIT_BEFORE_TAX,2312046425953.0,ACTUAL,VNSTOCK_BRONZE
VNM,LATEST,cash_flow,CF_DEPRECIATION_AND_AMORTISATION,529307916114.0,ACTUAL,VNSTOCK_BRONZE
VNM,LATEST,cash_flow,CF_PROVISIONS,4416470035.0,ACTUAL,VNSTOCK_BRONZE
VNM,LATEST,cash_flow,CF_FOREIGN_EXCHANGE_LOSS_GAIN,-10136208614.0,ACTUAL,VNSTOCK_BRONZE
VNM,LATEST,cash_flow,CF_LOSS_GAIN_FROM_DISPOSAL_OF_FIXED_ASSETS,0.0,ACTUAL,VNSTOCK_BRONZE
VNM,LATEST,cash_flow,CF_LOSS_GAIN_FROM_INVESTMENT,-322449210933.0,ACTUAL,VNSTOCK_BRONZE
VNM,LATEST,cash_flow,CF_INTEREST_EXPENSE,82291916805.0,ACTUAL,VNSTOCK_BRONZE
VNM,LATEST,cash_flow,CF_INTEREST_AND_DIVIDENDS_RECEIVED,0.0,ACTUAL,VNSTOCK_BRONZE
VNM,LATEST,cash_flow,CF_OPERATING_PROFIT_BEFORE_CHANGES_IN_WORKING_CAPITAL,2670410792851.0,ACTUAL,VNSTOCK_BRONZE
VNM,LATEST,cash_flow,CF_INCREASE_DECREASE_IN_RECEIVABLES,-443861503618.0,ACTUAL,VNSTOCK_BRONZE
VNM,LATEST,cash_flow,CF_INCREASE_DECREASE_IN_INVENTORY,-1251259683318.0,ACTUAL,VNSTOCK_BRONZE
VNM,LATEST,cash_flow,CF_INCREASE_DECREASE_IN_PAYABLES,128549496304.0,ACTUAL,VNSTOCK_BRONZE
VNM,LATEST,cash_flow,CF_INCREASE_DECREASE_IN_PREPAID_EXPENSES,-52896323660.0,ACTUAL,VNSTOCK_BRONZE
VNM,LATEST,cash_flow,CF_INTEREST_PAID,-69373556896.0,ACTUAL,VNSTOCK_BRONZE
VNM,LATEST,cash_flow,CF_OTHER_RECEIPTS_FROM_OPERATING_ACTIVITIES,0.0,ACTUAL,VNSTOCK_BRONZE
VNM,LATEST,cash_flow,CF_OTHER_PAYMENTS_FOR_OPERATING_ACTIVITIES,-438254973999.0,ACTUAL,VNSTOCK_BRONZE
VNM,LATEST,cash_flow,CF_NET_CASH_FLOWS_FROM_INVESTING_ACTIVITIES,474757347987.0,ACTUAL,VNSTOCK_BRONZE
VNM,LATEST,cash_flow,CF_PAYMENTS_FOR_FIXED_ASSETS,-357267370903.0,ACTUAL,VNSTOCK_BRONZE
VNM,LATEST,cash_flow,CF_PROCEEDS_FROM_DISPOSAL_OF_FIXED_ASSETS,22907922254.0,ACTUAL,VNSTOCK_BRONZE
VNM,LATEST,cash_flow,CF_LOANS_TO_OTHER_ENTITIES,0.0,ACTUAL,VNSTOCK_BRONZE
VNM,LATEST,cash_flow,CF_COLLECTION_OF_LOANS,595311888127.0,ACTUAL,VNSTOCK_BRONZE
VNM,LATEST,cash_flow,CF_PAYMENTS_FOR_INVESTMENTS_IN_OTHER_ENTITIES,-11875000000.0,ACTUAL,VNSTOCK_BRONZE
VNM,LATEST,cash_flow,CF_PROCEEDS_FROM_INVESTMENTS_IN_OTHER_ENTITIES,0.0,ACTUAL,VNSTOCK_BRONZE
VNM,LATEST,cash_flow,CF_DIVIDENDS_AND_INTEREST_RECEIVED,225679908509.0,ACTUAL,VNSTOCK_BRONZE
VNM,LATEST,cash_flow,CF_PROCEEDS_FROM_ISSUANCE_OF_SHARES,0.0,ACTUAL,VNSTOCK_BRONZE
VNM,LATEST,cash_flow,CF_PAYMENTS_FOR_SHARE_REPURCHASES,0.0,ACTUAL,VNSTOCK_BRONZE
VNM,LATEST,cash_flow,CF_PROCEEDS_FROM_BORROWINGS,4497529706931.0,ACTUAL,VNSTOCK_BRONZE
VNM,LATEST,cash_flow,CF_REPAYMENT_OF_BORROWINGS,-2462185467993.0,ACTUAL,VNSTOCK_BRONZE
VNM,LATEST,cash_flow,CF_DIVIDENDS_PAID,-2925937623000.0,ACTUAL,VNSTOCK_BRONZE
VNM,LATEST,cash_flow,CF_INTEREST_RECEIVED,1120609127661.0,ACTUAL,VNSTOCK_BRONZE
VNM,LATEST,cash_flow,CF_CASH_AND_CASH_EQUIVALENTS_AT_END_OF_PERIOD,2011202511723.0,ACTUAL,VNSTOCK_BRONZE
VNM,LATEST,cash_flow,CF_NET_CASH_FLOWS_FROM_OPERATING_ACTIVITIES,3331419644827.0,ACTUAL,VNSTOCK_BRONZE
VNM,LATEST,cash_flow,CF_PROFIT_BEFORE_TAX,2727998544003.0,ACTUAL,VNSTOCK_BRONZE
VNM,LATEST,cash_flow,CF_DEPRECIATION_AND_AMORTISATION,515807377104.0,ACTUAL,VNSTOCK_BRONZE
VNM,LATEST,cash_flow,CF_PROVISIONS,4716037403.0,ACTUAL,VNSTOCK_BRONZE
VNM,LATEST,cash_flow,CF_FOREIGN_EXCHANGE_LOSS_GAIN,11071666376.0,ACTUAL,VNSTOCK_BRONZE
VNM,LATEST,cash_flow,CF_LOSS_GAIN_FROM_DISPOSAL_OF_FIXED_ASSETS,0.0,ACTUAL,VNSTOCK_BRONZE
VNM,LATEST,cash_flow,CF_LOSS_GAIN_FROM_INVESTMENT,-360411240906.0,ACTUAL,VNSTOCK_BRONZE
VNM,LATEST,cash_flow,CF_INTEREST_EXPENSE,95970637757.0,ACTUAL,VNSTOCK_BRONZE
VNM,LATEST,cash_flow,CF_INTEREST_AND_DIVIDENDS_RECEIVED,0.0,ACTUAL,VNSTOCK_BRONZE
VNM,LATEST,cash_flow,CF_OPERATING_PROFIT_BEFORE_CHANGES_IN_WORKING_CAPITAL,3069899179578.0,ACTUAL,VNSTOCK_BRONZE
VNM,LATEST,cash_flow,CF_INCREASE_DECREASE_IN_RECEIVABLES,662820622520.0,ACTUAL,VNSTOCK_BRONZE
VNM,LATEST,cash_flow,CF_INCREASE_DECREASE_IN_INVENTORY,291256666371.0,ACTUAL,VNSTOCK_BRONZE
VNM,LATEST,cash_flow,CF_INCREASE_DECREASE_IN_PAYABLES,-521773785211.0,ACTUAL,VNSTOCK_BRONZE
VNM,LATEST,cash_flow,CF_INCREASE_DECREASE_IN_PREPAID_EXPENSES,23859555186.0,ACTUAL,VNSTOCK_BRONZE
VNM,LATEST,cash_flow,CF_INTEREST_PAID,-98141291364.0,ACTUAL,VNSTOCK_BRONZE
VNM,LATEST,cash_flow,CF_OTHER_RECEIPTS_FROM_OPERATING_ACTIVITIES,0.0,ACTUAL,VNSTOCK_BRONZE
VNM,LATEST,cash_flow,CF_OTHER_PAYMENTS_FOR_OPERATING_ACTIVITIES,-89110014039.0,ACTUAL,VNSTOCK_BRONZE
VNM,LATEST,cash_flow,CF_NET_CASH_FLOWS_FROM_INVESTING_ACTIVITIES,-3366128773613.0,ACTUAL,VNSTOCK_BRONZE
VNM,LATEST,cash_flow,CF_PAYMENTS_FOR_FIXED_ASSETS,-511069025115.0,ACTUAL,VNSTOCK_BRONZE
VNM,LATEST,cash_flow,CF_PROCEEDS_FROM_DISPOSAL_OF_FIXED_ASSETS,25484345483.0,ACTUAL,VNSTOCK_BRONZE
VNM,LATEST,cash_flow,CF_LOANS_TO_OTHER_ENTITIES,-2468710659705.0,ACTUAL,VNSTOCK_BRONZE
VNM,LATEST,cash_flow,CF_COLLECTION_OF_LOANS,-595311888127.0,ACTUAL,VNSTOCK_BRONZE
VNM,LATEST,cash_flow,CF_PAYMENTS_FOR_INVESTMENTS_IN_OTHER_ENTITIES,0.0,ACTUAL,VNSTOCK_BRONZE
VNM,LATEST,cash_flow,CF_PROCEEDS_FROM_INVESTMENTS_IN_OTHER_ENTITIES,0.0,ACTUAL,VNSTOCK_BRONZE
VNM,LATEST,cash_flow,CF_DIVIDENDS_AND_INTEREST_RECEIVED,183478453851.0,ACTUAL,VNSTOCK_BRONZE
VNM,LATEST,cash_flow,CF_PROCEEDS_FROM_ISSUANCE_OF_SHARES,338100000000.0,ACTUAL,VNSTOCK_BRONZE
VNM,LATEST,cash_flow,CF_PAYMENTS_FOR_SHARE_REPURCHASES,-142548827636.0,ACTUAL,VNSTOCK_BRONZE
VNM,LATEST,cash_flow,CF_PROCEEDS_FROM_BORROWINGS,3233083516768.0,ACTUAL,VNSTOCK_BRONZE
VNM,LATEST,cash_flow,CF_REPAYMENT_OF_BORROWINGS,-3789115747176.0,ACTUAL,VNSTOCK_BRONZE
VNM,LATEST,cash_flow,CF_DIVIDENDS_PAID,-35001066500.0,ACTUAL,VNSTOCK_BRONZE
VNM,LATEST,cash_flow,CF_INTEREST_RECEIVED,1187024567663.0,ACTUAL,VNSTOCK_BRONZE
VNM,LATEST,cash_flow,CF_CASH_AND_CASH_EQUIVALENTS_AT_END_OF_PERIOD,1582506692207.0,ACTUAL,VNSTOCK_BRONZE
VNM,LATEST,cash_flow,CF_NET_CASH_FLOWS_FROM_OPERATING_ACTIVITIES,3941939295009.0,ACTUAL,VNSTOCK_BRONZE
VNM,LATEST,cash_flow,CF_PROFIT_BEFORE_TAX,3075789821151.0,ACTUAL,VNSTOCK_BRONZE
VNM,LATEST,cash_flow,CF_DEPRECIATION_AND_AMORTISATION,491605000895.0,ACTUAL,VNSTOCK_BRONZE
VNM,LATEST,cash_flow,CF_PROVISIONS,381848059.0,ACTUAL,VNSTOCK_BRONZE
VNM,LATEST,cash_flow,CF_FOREIGN_EXCHANGE_LOSS_GAIN,2940062682.0,ACTUAL,VNSTOCK_BRONZE
VNM,LATEST,cash_flow,CF_LOSS_GAIN_FROM_DISPOSAL_OF_FIXED_ASSETS,0.0,ACTUAL,VNSTOCK_BRONZE
VNM,LATEST,cash_flow,CF_LOSS_GAIN_FROM_INVESTMENT,-414801393695.0,ACTUAL,VNSTOCK_BRONZE
VNM,LATEST,cash_flow,CF_INTEREST_EXPENSE,79600679532.0,ACTUAL,VNSTOCK_BRONZE
VNM,LATEST,cash_flow,CF_INTEREST_AND_DIVIDENDS_RECEIVED,0.0,ACTUAL,VNSTOCK_BRONZE
VNM,LATEST,cash_flow,CF_OPERATING_PROFIT_BEFORE_CHANGES_IN_WORKING_CAPITAL,3310908712134.0,ACTUAL,VNSTOCK_BRONZE
VNM,LATEST,cash_flow,CF_INCREASE_DECREASE_IN_RECEIVABLES,300186241796.0,ACTUAL,VNSTOCK_BRONZE
VNM,LATEST,cash_flow,CF_INCREASE_DECREASE_IN_INVENTORY,516836588561.0,ACTUAL,VNSTOCK_BRONZE
VNM,LATEST,cash_flow,CF_INCREASE_DECREASE_IN_PAYABLES,392228055999.0,ACTUAL,VNSTOCK_BRONZE
VNM,LATEST,cash_flow,CF_INCREASE_DECREASE_IN_PREPAID_EXPENSES,24881897683.0,ACTUAL,VNSTOCK_BRONZE
VNM,LATEST,cash_flow,CF_INTEREST_PAID,-77085630938.0,ACTUAL,VNSTOCK_BRONZE
VNM,LATEST,cash_flow,CF_OTHER_RECEIPTS_FROM_OPERATING_ACTIVITIES,0.0,ACTUAL,VNSTOCK_BRONZE
VNM,LATEST,cash_flow,CF_OTHER_PAYMENTS_FOR_OPERATING_ACTIVITIES,-218978665662.0,ACTUAL,VNSTOCK_BRONZE
VNM,LATEST,cash_flow,CF_NET_CASH_FLOWS_FROM_INVESTING_ACTIVITIES,463575397079.0,ACTUAL,VNSTOCK_BRONZE
VNM,LATEST,cash_flow,CF_PAYMENTS_FOR_FIXED_ASSETS,-191415880964.0,ACTUAL,VNSTOCK_BRONZE
VNM,LATEST,cash_flow,CF_PROCEEDS_FROM_DISPOSAL_OF_FIXED_ASSETS,27787128715.0,ACTUAL,VNSTOCK_BRONZE
VNM,LATEST,cash_flow,CF_LOANS_TO_OTHER_ENTITIES,187826012209.0,ACTUAL,VNSTOCK_BRONZE
VNM,LATEST,cash_flow,CF_COLLECTION_OF_LOANS,0.0,ACTUAL,VNSTOCK_BRONZE
VNM,LATEST,cash_flow,CF_PAYMENTS_FOR_INVESTMENTS_IN_OTHER_ENTITIES,-23894832735.0,ACTUAL,VNSTOCK_BRONZE
VNM,LATEST,cash_flow,CF_PROCEEDS_FROM_INVESTMENTS_IN_OTHER_ENTITIES,0.0,ACTUAL,VNSTOCK_BRONZE
VNM,LATEST,cash_flow,CF_DIVIDENDS_AND_INTEREST_RECEIVED,463272969854.0,ACTUAL,VNSTOCK_BRONZE
VNM,LATEST,cash_flow,CF_PROCEEDS_FROM_ISSUANCE_OF_SHARES,151879882000.0,ACTUAL,VNSTOCK_BRONZE
VNM,LATEST,cash_flow,CF_PAYMENTS_FOR_SHARE_REPURCHASES,0.0,ACTUAL,VNSTOCK_BRONZE
VNM,LATEST,cash_flow,CF_PROCEEDS_FROM_BORROWINGS,1011758029279.0,ACTUAL,VNSTOCK_BRONZE
VNM,LATEST,cash_flow,CF_REPAYMENT_OF_BORROWINGS,-279164172658.0,ACTUAL,VNSTOCK_BRONZE
VNM,LATEST,cash_flow,CF_DIVIDENDS_PAID,-135910000.0,ACTUAL,VNSTOCK_BRONZE
VNM,LATEST,cash_flow,CF_INTEREST_RECEIVED,7759905814660.0,ACTUAL,VNSTOCK_BRONZE
VNM,LATEST,cash_flow,CF_CASH_AND_CASH_EQUIVALENTS_AT_END_OF_PERIOD,6875567986039.0,ACTUAL,VNSTOCK_BRONZE
VNM,LATEST,cash_flow,CF_NET_CASH_FLOWS_FROM_OPERATING_ACTIVITIES,485275682082.0,ACTUAL,VNSTOCK_BRONZE
VNM,LATEST,cash_flow,CF_PROFIT_BEFORE_TAX,2852064600379.0,ACTUAL,VNSTOCK_BRONZE
VNM,LATEST,cash_flow,CF_DEPRECIATION_AND_AMORTISATION,517866570359.0,ACTUAL,VNSTOCK_BRONZE
VNM,LATEST,cash_flow,CF_PROVISIONS,17348002686.0,ACTUAL,VNSTOCK_BRONZE
VNM,LATEST,cash_flow,CF_FOREIGN_EXCHANGE_LOSS_GAIN,3572601291.0,ACTUAL,VNSTOCK_BRONZE
VNM,LATEST,cash_flow,CF_LOSS_GAIN_FROM_DISPOSAL_OF_FIXED_ASSETS,0.0,ACTUAL,VNSTOCK_BRONZE
VNM,LATEST,cash_flow,CF_LOSS_GAIN_FROM_INVESTMENT,-365104295780.0,ACTUAL,VNSTOCK_BRONZE
VNM,LATEST,cash_flow,CF_INTEREST_EXPENSE,96231603161.0,ACTUAL,VNSTOCK_BRONZE
VNM,LATEST,cash_flow,CF_INTEREST_AND_DIVIDENDS_RECEIVED,0.0,ACTUAL,VNSTOCK_BRONZE
VNM,LATEST,cash_flow,CF_OPERATING_PROFIT_BEFORE_CHANGES_IN_WORKING_CAPITAL,3208238846296.0,ACTUAL,VNSTOCK_BRONZE
VNM,LATEST,cash_flow,CF_INCREASE_DECREASE_IN_RECEIVABLES,-764132499014.0,ACTUAL,VNSTOCK_BRONZE
VNM,LATEST,cash_flow,CF_INCREASE_DECREASE_IN_INVENTORY,-578146961187.0,ACTUAL,VNSTOCK_BRONZE
VNM,LATEST,cash_flow,CF_INCREASE_DECREASE_IN_PAYABLES,-442381898850.0,ACTUAL,VNSTOCK_BRONZE
VNM,LATEST,cash_flow,CF_INCREASE_DECREASE_IN_PREPAID_EXPENSES,12023053003.0,ACTUAL,VNSTOCK_BRONZE
VNM,LATEST,cash_flow,CF_INTEREST_PAID,-58107360372.0,ACTUAL,VNSTOCK_BRONZE
VNM,LATEST,cash_flow,CF_OTHER_RECEIPTS_FROM_OPERATING_ACTIVITIES,0.0,ACTUAL,VNSTOCK_BRONZE
VNM,LATEST,cash_flow,CF_OTHER_PAYMENTS_FOR_OPERATING_ACTIVITIES,-57098048554.0,ACTUAL,VNSTOCK_BRONZE
VNM,LATEST,cash_flow,CF_NET_CASH_FLOWS_FROM_INVESTING_ACTIVITIES,-560752481954.0,ACTUAL,VNSTOCK_BRONZE
VNM,LATEST,cash_flow,CF_PAYMENTS_FOR_FIXED_ASSETS,-519884863780.0,ACTUAL,VNSTOCK_BRONZE
VNM,LATEST,cash_flow,CF_PROCEEDS_FROM_DISPOSAL_OF_FIXED_ASSETS,28701388834.0,ACTUAL,VNSTOCK_BRONZE
VNM,LATEST,cash_flow,CF_LOANS_TO_OTHER_ENTITIES,-575419143856.0,ACTUAL,VNSTOCK_BRONZE
VNM,LATEST,cash_flow,CF_COLLECTION_OF_LOANS,0.0,ACTUAL,VNSTOCK_BRONZE
VNM,LATEST,cash_flow,CF_PAYMENTS_FOR_INVESTMENTS_IN_OTHER_ENTITIES,0.0,ACTUAL,VNSTOCK_BRONZE
VNM,LATEST,cash_flow,CF_PROCEEDS_FROM_INVESTMENTS_IN_OTHER_ENTITIES,10570000000.0,ACTUAL,VNSTOCK_BRONZE
VNM,LATEST,cash_flow,CF_DIVIDENDS_AND_INTEREST_RECEIVED,495280136848.0,ACTUAL,VNSTOCK_BRONZE
VNM,LATEST,cash_flow,CF_PROCEEDS_FROM_ISSUANCE_OF_SHARES,-192872992.0,ACTUAL,VNSTOCK_BRONZE
VNM,LATEST,cash_flow,CF_PAYMENTS_FOR_SHARE_REPURCHASES,0.0,ACTUAL,VNSTOCK_BRONZE
VNM,LATEST,cash_flow,CF_PROCEEDS_FROM_BORROWINGS,3046045712825.0,ACTUAL,VNSTOCK_BRONZE
VNM,LATEST,cash_flow,CF_REPAYMENT_OF_BORROWINGS,-1746367168668.0,ACTUAL,VNSTOCK_BRONZE
VNM,LATEST,cash_flow,CF_DIVIDENDS_PAID,-5190521652450.0,ACTUAL,VNSTOCK_BRONZE
VNM,LATEST,cash_flow,CF_INTEREST_RECEIVED,-979008621360.0,ACTUAL,VNSTOCK_BRONZE
VNM,LATEST,cash_flow,CF_CASH_AND_CASH_EQUIVALENTS_AT_END_OF_PERIOD,2912027359925.0,ACTUAL,VNSTOCK_BRONZE
VNM,LATEST,cash_flow,CF_NET_CASH_FLOWS_FROM_OPERATING_ACTIVITIES,907549198441.0,ACTUAL,VNSTOCK_BRONZE
VNM,LATEST,cash_flow,CF_PROFIT_BEFORE_TAX,2705840401722.0,ACTUAL,VNSTOCK_BRONZE
VNM,LATEST,cash_flow,CF_DEPRECIATION_AND_AMORTISATION,504624077696.0,ACTUAL,VNSTOCK_BRONZE
VNM,LATEST,cash_flow,CF_PROVISIONS,1299112526.0,ACTUAL,VNSTOCK_BRONZE
VNM,LATEST,cash_flow,CF_FOREIGN_EXCHANGE_LOSS_GAIN,-2331136075.0,ACTUAL,VNSTOCK_BRONZE
VNM,LATEST,cash_flow,CF_LOSS_GAIN_FROM_DISPOSAL_OF_FIXED_ASSETS,0.0,ACTUAL,VNSTOCK_BRONZE
VNM,LATEST,cash_flow,CF_LOSS_GAIN_FROM_INVESTMENT,-359178305121.0,ACTUAL,VNSTOCK_BRONZE
VNM,LATEST,cash_flow,CF_INTEREST_EXPENSE,86395425954.0,ACTUAL,VNSTOCK_BRONZE
VNM,LATEST,cash_flow,CF_INTEREST_AND_DIVIDENDS_RECEIVED,0.0,ACTUAL,VNSTOCK_BRONZE
VNM,LATEST,cash_flow,CF_OPERATING_PROFIT_BEFORE_CHANGES_IN_WORKING_CAPITAL,3012309463526.0,ACTUAL,VNSTOCK_BRONZE
VNM,LATEST,cash_flow,CF_INCREASE_DECREASE_IN_RECEIVABLES,751974551131.0,ACTUAL,VNSTOCK_BRONZE
VNM,LATEST,cash_flow,CF_INCREASE_DECREASE_IN_INVENTORY,-762680286964.0,ACTUAL,VNSTOCK_BRONZE
VNM,LATEST,cash_flow,CF_INCREASE_DECREASE_IN_PAYABLES,-521637847835.0,ACTUAL,VNSTOCK_BRONZE
VNM,LATEST,cash_flow,CF_INCREASE_DECREASE_IN_PREPAID_EXPENSES,-55379919602.0,ACTUAL,VNSTOCK_BRONZE
VNM,LATEST,cash_flow,CF_INTEREST_PAID,-138840952227.0,ACTUAL,VNSTOCK_BRONZE
VNM,LATEST,cash_flow,CF_OTHER_RECEIPTS_FROM_OPERATING_ACTIVITIES,0.0,ACTUAL,VNSTOCK_BRONZE
VNM,LATEST,cash_flow,CF_OTHER_PAYMENTS_FOR_OPERATING_ACTIVITIES,-531465803150.0,ACTUAL,VNSTOCK_BRONZE
VNM,LATEST,cash_flow,CF_NET_CASH_FLOWS_FROM_INVESTING_ACTIVITIES,-27412446130.0,ACTUAL,VNSTOCK_BRONZE
VNM,LATEST,cash_flow,CF_PAYMENTS_FOR_FIXED_ASSETS,-378452282107.0,ACTUAL,VNSTOCK_BRONZE
VNM,LATEST,cash_flow,CF_PROCEEDS_FROM_DISPOSAL_OF_FIXED_ASSETS,22762588100.0,ACTUAL,VNSTOCK_BRONZE
VNM,LATEST,cash_flow,CF_LOANS_TO_OTHER_ENTITIES,0.0,ACTUAL,VNSTOCK_BRONZE
VNM,LATEST,cash_flow,CF_COLLECTION_OF_LOANS,34235481165.0,ACTUAL,VNSTOCK_BRONZE
VNM,LATEST,cash_flow,CF_PAYMENTS_FOR_INVESTMENTS_IN_OTHER_ENTITIES,0.0,ACTUAL,VNSTOCK_BRONZE
VNM,LATEST,cash_flow,CF_PROCEEDS_FROM_INVESTMENTS_IN_OTHER_ENTITIES,0.0,ACTUAL,VNSTOCK_BRONZE
VNM,LATEST,cash_flow,CF_DIVIDENDS_AND_INTEREST_RECEIVED,294041766712.0,ACTUAL,VNSTOCK_BRONZE
VNM,LATEST,cash_flow,CF_PROCEEDS_FROM_ISSUANCE_OF_SHARES,676200000000.0,ACTUAL,VNSTOCK_BRONZE
VNM,LATEST,cash_flow,CF_PAYMENTS_FOR_SHARE_REPURCHASES,0.0,ACTUAL,VNSTOCK_BRONZE
VNM,LATEST,cash_flow,CF_PROCEEDS_FROM_BORROWINGS,2764598729970.0,ACTUAL,VNSTOCK_BRONZE
VNM,LATEST,cash_flow,CF_REPAYMENT_OF_BORROWINGS,-4403425616970.0,ACTUAL,VNSTOCK_BRONZE
VNM,LATEST,cash_flow,CF_DIVIDENDS_PAID,-1044977722500.0,ACTUAL,VNSTOCK_BRONZE
VNM,LATEST,cash_flow,CF_INTEREST_RECEIVED,-219349746152.0,ACTUAL,VNSTOCK_BRONZE
VNM,LATEST,cash_flow,CF_CASH_AND_CASH_EQUIVALENTS_AT_END_OF_PERIOD,1788254863348.0,ACTUAL,VNSTOCK_BRONZE
VNM,LATEST,cash_flow,CF_NET_CASH_FLOWS_FROM_OPERATING_ACTIVITIES,3318424925023.0,ACTUAL,VNSTOCK_BRONZE
VNM,LATEST,cash_flow,CF_PROFIT_BEFORE_TAX,3308642928230.0,ACTUAL,VNSTOCK_BRONZE
VNM,LATEST,cash_flow,CF_DEPRECIATION_AND_AMORTISATION,523825243110.0,ACTUAL,VNSTOCK_BRONZE
VNM,LATEST,cash_flow,CF_PROVISIONS,2975914691.0,ACTUAL,VNSTOCK_BRONZE
VNM,LATEST,cash_flow,CF_FOREIGN_EXCHANGE_LOSS_GAIN,-5431153785.0,ACTUAL,VNSTOCK_BRONZE
VNM,LATEST,cash_flow,CF_LOSS_GAIN_FROM_DISPOSAL_OF_FIXED_ASSETS,0.0,ACTUAL,VNSTOCK_BRONZE
VNM,LATEST,cash_flow,CF_LOSS_GAIN_FROM_INVESTMENT,-330596189079.0,ACTUAL,VNSTOCK_BRONZE
VNM,LATEST,cash_flow,CF_INTEREST_EXPENSE,64294446778.0,ACTUAL,VNSTOCK_BRONZE
VNM,LATEST,cash_flow,CF_INTEREST_AND_DIVIDENDS_RECEIVED,0.0,ACTUAL,VNSTOCK_BRONZE
VNM,LATEST,cash_flow,CF_OPERATING_PROFIT_BEFORE_CHANGES_IN_WORKING_CAPITAL,3640893340416.0,ACTUAL,VNSTOCK_BRONZE
VNM,LATEST,cash_flow,CF_INCREASE_DECREASE_IN_RECEIVABLES,-386731248915.0,ACTUAL,VNSTOCK_BRONZE
VNM,LATEST,cash_flow,CF_INCREASE_DECREASE_IN_INVENTORY,137207411891.0,ACTUAL,VNSTOCK_BRONZE
VNM,LATEST,cash_flow,CF_INCREASE_DECREASE_IN_PAYABLES,357463397480.0,ACTUAL,VNSTOCK_BRONZE
VNM,LATEST,cash_flow,CF_INCREASE_DECREASE_IN_PREPAID_EXPENSES,90310558794.0,ACTUAL,VNSTOCK_BRONZE
VNM,LATEST,cash_flow,CF_INTEREST_PAID,-80643224421.0,ACTUAL,VNSTOCK_BRONZE
VNM,LATEST,cash_flow,CF_OTHER_RECEIPTS_FROM_OPERATING_ACTIVITIES,0.0,ACTUAL,VNSTOCK_BRONZE
VNM,LATEST,cash_flow,CF_OTHER_PAYMENTS_FOR_OPERATING_ACTIVITIES,-55221142079.0,ACTUAL,VNSTOCK_BRONZE
VNM,LATEST,cash_flow,CF_NET_CASH_FLOWS_FROM_INVESTING_ACTIVITIES,-3183889697795.0,ACTUAL,VNSTOCK_BRONZE
VNM,LATEST,cash_flow,CF_PAYMENTS_FOR_FIXED_ASSETS,-589564090578.0,ACTUAL,VNSTOCK_BRONZE
VNM,LATEST,cash_flow,CF_PROCEEDS_FROM_DISPOSAL_OF_FIXED_ASSETS,30356023115.0,ACTUAL,VNSTOCK_BRONZE
VNM,LATEST,cash_flow,CF_LOANS_TO_OTHER_ENTITIES,-2852987065500.0,ACTUAL,VNSTOCK_BRONZE
VNM,LATEST,cash_flow,CF_COLLECTION_OF_LOANS,-34235481165.0,ACTUAL,VNSTOCK_BRONZE
VNM,LATEST,cash_flow,CF_PAYMENTS_FOR_INVESTMENTS_IN_OTHER_ENTITIES,0.0,ACTUAL,VNSTOCK_BRONZE
VNM,LATEST,cash_flow,CF_PROCEEDS_FROM_INVESTMENTS_IN_OTHER_ENTITIES,0.0,ACTUAL,VNSTOCK_BRONZE
VNM,LATEST,cash_flow,CF_DIVIDENDS_AND_INTEREST_RECEIVED,262540916333.0,ACTUAL,VNSTOCK_BRONZE
VNM,LATEST,cash_flow,CF_PROCEEDS_FROM_ISSUANCE_OF_SHARES,46207000000.0,ACTUAL,VNSTOCK_BRONZE
VNM,LATEST,cash_flow,CF_PAYMENTS_FOR_SHARE_REPURCHASES,0.0,ACTUAL,VNSTOCK_BRONZE
VNM,LATEST,cash_flow,CF_PROCEEDS_FROM_BORROWINGS,5106918716760.0,ACTUAL,VNSTOCK_BRONZE
VNM,LATEST,cash_flow,CF_REPAYMENT_OF_BORROWINGS,-3967402455216.0,ACTUAL,VNSTOCK_BRONZE
VNM,LATEST,cash_flow,CF_DIVIDENDS_PAID,-1918097497500.0,ACTUAL,VNSTOCK_BRONZE
VNM,LATEST,cash_flow,CF_INTEREST_RECEIVED,466188651572.0,ACTUAL,VNSTOCK_BRONZE
VNM,LATEST,cash_flow,CF_CASH_AND_CASH_EQUIVALENTS_AT_END_OF_PERIOD,1198562887528.0,ACTUAL,VNSTOCK_BRONZE
VNM,LATEST,cash_flow,CF_NET_CASH_FLOWS_FROM_OPERATING_ACTIVITIES,4164340064924.0,ACTUAL,VNSTOCK_BRONZE
VNM,LATEST,cash_flow,CF_PROFIT_BEFORE_TAX,2941801640478.0,ACTUAL,VNSTOCK_BRONZE
VNM,LATEST,cash_flow,CF_DEPRECIATION_AND_AMORTISATION,563849144337.0,ACTUAL,VNSTOCK_BRONZE
VNM,LATEST,cash_flow,CF_PROVISIONS,4509743614.0,ACTUAL,VNSTOCK_BRONZE
VNM,LATEST,cash_flow,CF_FOREIGN_EXCHANGE_LOSS_GAIN,3348586438.0,ACTUAL,VNSTOCK_BRONZE
VNM,LATEST,cash_flow,CF_LOSS_GAIN_FROM_DISPOSAL_OF_FIXED_ASSETS,0.0,ACTUAL,VNSTOCK_BRONZE
VNM,LATEST,cash_flow,CF_LOSS_GAIN_FROM_INVESTMENT,-385090432461.0,ACTUAL,VNSTOCK_BRONZE
VNM,LATEST,cash_flow,CF_INTEREST_EXPENSE,62624826693.0,ACTUAL,VNSTOCK_BRONZE
VNM,LATEST,cash_flow,CF_INTEREST_AND_DIVIDENDS_RECEIVED,0.0,ACTUAL,VNSTOCK_BRONZE
VNM,LATEST,cash_flow,CF_OPERATING_PROFIT_BEFORE_CHANGES_IN_WORKING_CAPITAL,3279156925716.0,ACTUAL,VNSTOCK_BRONZE
VNM,LATEST,cash_flow,CF_INCREASE_DECREASE_IN_RECEIVABLES,502122753268.0,ACTUAL,VNSTOCK_BRONZE
VNM,LATEST,cash_flow,CF_INCREASE_DECREASE_IN_INVENTORY,286105749551.0,ACTUAL,VNSTOCK_BRONZE
VNM,LATEST,cash_flow,CF_INCREASE_DECREASE_IN_PAYABLES,305903634499.0,ACTUAL,VNSTOCK_BRONZE
VNM,LATEST,cash_flow,CF_INCREASE_DECREASE_IN_PREPAID_EXPENSES,1935649987.0,ACTUAL,VNSTOCK_BRONZE
VNM,LATEST,cash_flow,CF_INTEREST_PAID,-37626107253.0,ACTUAL,VNSTOCK_BRONZE
VNM,LATEST,cash_flow,CF_OTHER_RECEIPTS_FROM_OPERATING_ACTIVITIES,0.0,ACTUAL,VNSTOCK_BRONZE
VNM,LATEST,cash_flow,CF_OTHER_PAYMENTS_FOR_OPERATING_ACTIVITIES,-180167324440.0,ACTUAL,VNSTOCK_BRONZE
VNM,LATEST,cash_flow,CF_NET_CASH_FLOWS_FROM_INVESTING_ACTIVITIES,-3219243946985.0,ACTUAL,VNSTOCK_BRONZE
VNM,LATEST,cash_flow,CF_PAYMENTS_FOR_FIXED_ASSETS,-392175886355.0,ACTUAL,VNSTOCK_BRONZE
VNM,LATEST,cash_flow,CF_PROCEEDS_FROM_DISPOSAL_OF_FIXED_ASSETS,30627539290.0,ACTUAL,VNSTOCK_BRONZE
VNM,LATEST,cash_flow,CF_LOANS_TO_OTHER_ENTITIES,-3434575257325.0,ACTUAL,VNSTOCK_BRONZE
VNM,LATEST,cash_flow,CF_COLLECTION_OF_LOANS,0.0,ACTUAL,VNSTOCK_BRONZE
VNM,LATEST,cash_flow,CF_PAYMENTS_FOR_INVESTMENTS_IN_OTHER_ENTITIES,0.0,ACTUAL,VNSTOCK_BRONZE
VNM,LATEST,cash_flow,CF_PROCEEDS_FROM_INVESTMENTS_IN_OTHER_ENTITIES,26434764000.0,ACTUAL,VNSTOCK_BRONZE
VNM,LATEST,cash_flow,CF_DIVIDENDS_AND_INTEREST_RECEIVED,550444893405.0,ACTUAL,VNSTOCK_BRONZE
VNM,LATEST,cash_flow,CF_PROCEEDS_FROM_ISSUANCE_OF_SHARES,0.0,ACTUAL,VNSTOCK_BRONZE
VNM,LATEST,cash_flow,CF_PAYMENTS_FOR_SHARE_REPURCHASES,0.0,ACTUAL,VNSTOCK_BRONZE
VNM,LATEST,cash_flow,CF_PROCEEDS_FROM_BORROWINGS,2575708393458.0,ACTUAL,VNSTOCK_BRONZE
VNM,LATEST,cash_flow,CF_REPAYMENT_OF_BORROWINGS,-2093292902775.0,ACTUAL,VNSTOCK_BRONZE
VNM,LATEST,cash_flow,CF_DIVIDENDS_PAID,0.0,ACTUAL,VNSTOCK_BRONZE
VNM,LATEST,cash_flow,CF_INTEREST_RECEIVED,3098650201857.0,ACTUAL,VNSTOCK_BRONZE
VNM,LATEST,cash_flow,CF_CASH_AND_CASH_EQUIVALENTS_AT_END_OF_PERIOD,2616234711174.0,ACTUAL,VNSTOCK_BRONZE
VNM,LATEST,cash_flow,CF_NET_CASH_FLOWS_FROM_OPERATING_ACTIVITIES,1295623350958.0,ACTUAL,VNSTOCK_BRONZE
VNM,LATEST,cash_flow,CF_PROFIT_BEFORE_TAX,2643368770905.0,ACTUAL,VNSTOCK_BRONZE
VNM,LATEST,cash_flow,CF_DEPRECIATION_AND_AMORTISATION,502861179798.0,ACTUAL,VNSTOCK_BRONZE
VNM,LATEST,cash_flow,CF_PROVISIONS,18671148659.0,ACTUAL,VNSTOCK_BRONZE
VNM,LATEST,cash_flow,CF_FOREIGN_EXCHANGE_LOSS_GAIN,-8934928035.0,ACTUAL,VNSTOCK_BRONZE
VNM,LATEST,cash_flow,CF_LOSS_GAIN_FROM_DISPOSAL_OF_FIXED_ASSETS,0.0,ACTUAL,VNSTOCK_BRONZE
VNM,LATEST,cash_flow,CF_LOSS_GAIN_FROM_INVESTMENT,-372031320266.0,ACTUAL,VNSTOCK_BRONZE
VNM,LATEST,cash_flow,CF_INTEREST_EXPENSE,66109861870.0,ACTUAL,VNSTOCK_BRONZE
VNM,LATEST,cash_flow,CF_INTEREST_AND_DIVIDENDS_RECEIVED,0.0,ACTUAL,VNSTOCK_BRONZE
VNM,LATEST,cash_flow,CF_OPERATING_PROFIT_BEFORE_CHANGES_IN_WORKING_CAPITAL,2934405659183.0,ACTUAL,VNSTOCK_BRONZE
VNM,LATEST,cash_flow,CF_INCREASE_DECREASE_IN_RECEIVABLES,-534613780488.0,ACTUAL,VNSTOCK_BRONZE
VNM,LATEST,cash_flow,CF_INCREASE_DECREASE_IN_INVENTORY,285415987686.0,ACTUAL,VNSTOCK_BRONZE
VNM,LATEST,cash_flow,CF_INCREASE_DECREASE_IN_PAYABLES,-329849561692.0,ACTUAL,VNSTOCK_BRONZE
VNM,LATEST,cash_flow,CF_INCREASE_DECREASE_IN_PREPAID_EXPENSES,54380811447.0,ACTUAL,VNSTOCK_BRONZE
VNM,LATEST,cash_flow,CF_INTEREST_PAID,-79577377555.0,ACTUAL,VNSTOCK_BRONZE
VNM,LATEST,cash_flow,CF_OTHER_RECEIPTS_FROM_OPERATING_ACTIVITIES,0.0,ACTUAL,VNSTOCK_BRONZE
VNM,LATEST,cash_flow,CF_OTHER_PAYMENTS_FOR_OPERATING_ACTIVITIES,-131521295692.0,ACTUAL,VNSTOCK_BRONZE
VNM,LATEST,cash_flow,CF_NET_CASH_FLOWS_FROM_INVESTING_ACTIVITIES,2691453452367.0,ACTUAL,VNSTOCK_BRONZE
VNM,LATEST,cash_flow,CF_PAYMENTS_FOR_FIXED_ASSETS,-381309452011.0,ACTUAL,VNSTOCK_BRONZE
VNM,LATEST,cash_flow,CF_PROCEEDS_FROM_DISPOSAL_OF_FIXED_ASSETS,29902760669.0,ACTUAL,VNSTOCK_BRONZE
VNM,LATEST,cash_flow,CF_LOANS_TO_OTHER_ENTITIES,2667539526912.0,ACTUAL,VNSTOCK_BRONZE
VNM,LATEST,cash_flow,CF_COLLECTION_OF_LOANS,0.0,ACTUAL,VNSTOCK_BRONZE
VNM,LATEST,cash_flow,CF_PAYMENTS_FOR_INVESTMENTS_IN_OTHER_ENTITIES,0.0,ACTUAL,VNSTOCK_BRONZE
VNM,LATEST,cash_flow,CF_PROCEEDS_FROM_INVESTMENTS_IN_OTHER_ENTITIES,9270000000.0,ACTUAL,VNSTOCK_BRONZE
VNM,LATEST,cash_flow,CF_DIVIDENDS_AND_INTEREST_RECEIVED,366050616797.0,ACTUAL,VNSTOCK_BRONZE
VNM,LATEST,cash_flow,CF_PROCEEDS_FROM_ISSUANCE_OF_SHARES,0.0,ACTUAL,VNSTOCK_BRONZE
VNM,LATEST,cash_flow,CF_PAYMENTS_FOR_SHARE_REPURCHASES,0.0,ACTUAL,VNSTOCK_BRONZE
VNM,LATEST,cash_flow,CF_PROCEEDS_FROM_BORROWINGS,6973203593000.0,ACTUAL,VNSTOCK_BRONZE
VNM,LATEST,cash_flow,CF_REPAYMENT_OF_BORROWINGS,-6160349023505.0,ACTUAL,VNSTOCK_BRONZE
VNM,LATEST,cash_flow,CF_DIVIDENDS_PAID,-5196551452950.0,ACTUAL,VNSTOCK_BRONZE
VNM,LATEST,cash_flow,CF_INTEREST_RECEIVED,-2157753151380.0,ACTUAL,VNSTOCK_BRONZE
VNM,LATEST,cash_flow,CF_CASH_AND_CASH_EQUIVALENTS_AT_END_OF_PERIOD,2225943732075.0,ACTUAL,VNSTOCK_BRONZE
VNM,LATEST,cash_flow,CF_NET_CASH_FLOWS_FROM_OPERATING_ACTIVITIES,-124714804057.0,ACTUAL,VNSTOCK_BRONZE
VNM,LATEST,cash_flow,CF_PROFIT_BEFORE_TAX,1951296195523.0,ACTUAL,VNSTOCK_BRONZE
VNM,LATEST,cash_flow,CF_DEPRECIATION_AND_AMORTISATION,511791212722.0,ACTUAL,VNSTOCK_BRONZE
VNM,LATEST,cash_flow,CF_PROVISIONS,2485756955.0,ACTUAL,VNSTOCK_BRONZE
VNM,LATEST,cash_flow,CF_FOREIGN_EXCHANGE_LOSS_GAIN,4698502109.0,ACTUAL,VNSTOCK_BRONZE
VNM,LATEST,cash_flow,CF_LOSS_GAIN_FROM_DISPOSAL_OF_FIXED_ASSETS,0.0,ACTUAL,VNSTOCK_BRONZE
VNM,LATEST,cash_flow,CF_LOSS_GAIN_FROM_INVESTMENT,-343185308883.0,ACTUAL,VNSTOCK_BRONZE
VNM,LATEST,cash_flow,CF_INTEREST_EXPENSE,75155207673.0,ACTUAL,VNSTOCK_BRONZE
VNM,LATEST,cash_flow,CF_INTEREST_AND_DIVIDENDS_RECEIVED,0.0,ACTUAL,VNSTOCK_BRONZE
VNM,LATEST,cash_flow,CF_OPERATING_PROFIT_BEFORE_CHANGES_IN_WORKING_CAPITAL,2263061347306.0,ACTUAL,VNSTOCK_BRONZE
VNM,LATEST,cash_flow,CF_INCREASE_DECREASE_IN_RECEIVABLES,915922733863.0,ACTUAL,VNSTOCK_BRONZE
VNM,LATEST,cash_flow,CF_INCREASE_DECREASE_IN_INVENTORY,-1409385906048.0,ACTUAL,VNSTOCK_BRONZE
VNM,LATEST,cash_flow,CF_INCREASE_DECREASE_IN_PAYABLES,-429866370896.0,ACTUAL,VNSTOCK_BRONZE
VNM,LATEST,cash_flow,CF_INCREASE_DECREASE_IN_PREPAID_EXPENSES,-61949344633.0,ACTUAL,VNSTOCK_BRONZE
VNM,LATEST,cash_flow,CF_INTEREST_PAID,-58880104706.0,ACTUAL,VNSTOCK_BRONZE
VNM,LATEST,cash_flow,CF_OTHER_RECEIPTS_FROM_OPERATING_ACTIVITIES,0.0,ACTUAL,VNSTOCK_BRONZE
VNM,LATEST,cash_flow,CF_OTHER_PAYMENTS_FOR_OPERATING_ACTIVITIES,-411754049754.0,ACTUAL,VNSTOCK_BRONZE
VNM,LATEST,cash_flow,CF_NET_CASH_FLOWS_FROM_INVESTING_ACTIVITIES,542473961445.0,ACTUAL,VNSTOCK_BRONZE
VNM,LATEST,cash_flow,CF_PAYMENTS_FOR_FIXED_ASSETS,-417018396950.0,ACTUAL,VNSTOCK_BRONZE
VNM,LATEST,cash_flow,CF_PROCEEDS_FROM_DISPOSAL_OF_FIXED_ASSETS,25697543325.0,ACTUAL,VNSTOCK_BRONZE
VNM,LATEST,cash_flow,CF_LOANS_TO_OTHER_ENTITIES,0.0,ACTUAL,VNSTOCK_BRONZE
VNM,LATEST,cash_flow,CF_COLLECTION_OF_LOANS,774829727404.0,ACTUAL,VNSTOCK_BRONZE
VNM,LATEST,cash_flow,CF_PAYMENTS_FOR_INVESTMENTS_IN_OTHER_ENTITIES,0.0,ACTUAL,VNSTOCK_BRONZE
VNM,LATEST,cash_flow,CF_PROCEEDS_FROM_INVESTMENTS_IN_OTHER_ENTITIES,983316000.0,ACTUAL,VNSTOCK_BRONZE
VNM,LATEST,cash_flow,CF_DIVIDENDS_AND_INTEREST_RECEIVED,157981771666.0,ACTUAL,VNSTOCK_BRONZE
VNM,LATEST,cash_flow,CF_PROCEEDS_FROM_ISSUANCE_OF_SHARES,0.0,ACTUAL,VNSTOCK_BRONZE
VNM,LATEST,cash_flow,CF_PAYMENTS_FOR_SHARE_REPURCHASES,0.0,ACTUAL,VNSTOCK_BRONZE
VNM,LATEST,cash_flow,CF_PROCEEDS_FROM_BORROWINGS,4902420919300.0,ACTUAL,VNSTOCK_BRONZE
VNM,LATEST,cash_flow,CF_REPAYMENT_OF_BORROWINGS,-3963677101750.0,ACTUAL,VNSTOCK_BRONZE
VNM,LATEST,cash_flow,CF_DIVIDENDS_PAID,-1044977722500.0,ACTUAL,VNSTOCK_BRONZE
VNM,LATEST,cash_flow,CF_INTEREST_RECEIVED,2431790411676.0,ACTUAL,VNSTOCK_BRONZE
VNM,LATEST,cash_flow,CF_CASH_AND_CASH_EQUIVALENTS_AT_END_OF_PERIOD,2538024316626.0,ACTUAL,VNSTOCK_BRONZE
VNM,LATEST,cash_flow,CF_NET_CASH_FLOWS_FROM_OPERATING_ACTIVITIES,3896865384081.0,ACTUAL,VNSTOCK_BRONZE
VNM,LATEST,cash_flow,CF_PROFIT_BEFORE_TAX,3096088533277.0,ACTUAL,VNSTOCK_BRONZE
VNM,LATEST,cash_flow,CF_DEPRECIATION_AND_AMORTISATION,521675831592.0,ACTUAL,VNSTOCK_BRONZE
VNM,LATEST,cash_flow,CF_PROVISIONS,15324626688.0,ACTUAL,VNSTOCK_BRONZE
VNM,LATEST,cash_flow,CF_FOREIGN_EXCHANGE_LOSS_GAIN,465990729.0,ACTUAL,VNSTOCK_BRONZE
VNM,LATEST,cash_flow,CF_LOSS_GAIN_FROM_DISPOSAL_OF_FIXED_ASSETS,0.0,ACTUAL,VNSTOCK_BRONZE
VNM,LATEST,cash_flow,CF_LOSS_GAIN_FROM_INVESTMENT,-327506107156.0,ACTUAL,VNSTOCK_BRONZE
VNM,LATEST,cash_flow,CF_INTEREST_EXPENSE,85204331624.0,ACTUAL,VNSTOCK_BRONZE
VNM,LATEST,cash_flow,CF_INTEREST_AND_DIVIDENDS_RECEIVED,0.0,ACTUAL,VNSTOCK_BRONZE
VNM,LATEST,cash_flow,CF_OPERATING_PROFIT_BEFORE_CHANGES_IN_WORKING_CAPITAL,3452748763307.0,ACTUAL,VNSTOCK_BRONZE
VNM,LATEST,cash_flow,CF_INCREASE_DECREASE_IN_RECEIVABLES,-620096984280.0,ACTUAL,VNSTOCK_BRONZE
VNM,LATEST,cash_flow,CF_INCREASE_DECREASE_IN_INVENTORY,-192130805876.0,ACTUAL,VNSTOCK_BRONZE
VNM,LATEST,cash_flow,CF_INCREASE_DECREASE_IN_PAYABLES,1368992555827.0,ACTUAL,VNSTOCK_BRONZE
VNM,LATEST,cash_flow,CF_INCREASE_DECREASE_IN_PREPAID_EXPENSES,-19202727112.0,ACTUAL,VNSTOCK_BRONZE
VNM,LATEST,cash_flow,CF_INTEREST_PAID,-77134972563.0,ACTUAL,VNSTOCK_BRONZE
VNM,LATEST,cash_flow,CF_OTHER_RECEIPTS_FROM_OPERATING_ACTIVITIES,0.0,ACTUAL,VNSTOCK_BRONZE
VNM,LATEST,cash_flow,CF_OTHER_PAYMENTS_FOR_OPERATING_ACTIVITIES,-9370653810.0,ACTUAL,VNSTOCK_BRONZE
VNM,LATEST,cash_flow,CF_NET_CASH_FLOWS_FROM_INVESTING_ACTIVITIES,686467819854.0,ACTUAL,VNSTOCK_BRONZE
VNM,LATEST,cash_flow,CF_PAYMENTS_FOR_FIXED_ASSETS,-421123605734.0,ACTUAL,VNSTOCK_BRONZE
VNM,LATEST,cash_flow,CF_PROCEEDS_FROM_DISPOSAL_OF_FIXED_ASSETS,25859519366.0,ACTUAL,VNSTOCK_BRONZE
VNM,LATEST,cash_flow,CF_LOANS_TO_OTHER_ENTITIES,0.0,ACTUAL,VNSTOCK_BRONZE
VNM,LATEST,cash_flow,CF_COLLECTION_OF_LOANS,836612959523.0,ACTUAL,VNSTOCK_BRONZE
VNM,LATEST,cash_flow,CF_PAYMENTS_FOR_INVESTMENTS_IN_OTHER_ENTITIES,0.0,ACTUAL,VNSTOCK_BRONZE
VNM,LATEST,cash_flow,CF_PROCEEDS_FROM_INVESTMENTS_IN_OTHER_ENTITIES,0.0,ACTUAL,VNSTOCK_BRONZE
VNM,LATEST,cash_flow,CF_DIVIDENDS_AND_INTEREST_RECEIVED,245118946699.0,ACTUAL,VNSTOCK_BRONZE
VNM,LATEST,cash_flow,CF_PROCEEDS_FROM_ISSUANCE_OF_SHARES,7200000000.0,ACTUAL,VNSTOCK_BRONZE
VNM,LATEST,cash_flow,CF_PAYMENTS_FOR_SHARE_REPURCHASES,0.0,ACTUAL,VNSTOCK_BRONZE
VNM,LATEST,cash_flow,CF_PROCEEDS_FROM_BORROWINGS,4945600235911.0,ACTUAL,VNSTOCK_BRONZE
VNM,LATEST,cash_flow,CF_REPAYMENT_OF_BORROWINGS,-5376263263540.0,ACTUAL,VNSTOCK_BRONZE
VNM,LATEST,cash_flow,CF_DIVIDENDS_PAID,-4207249672340.0,ACTUAL,VNSTOCK_BRONZE
VNM,LATEST,cash_flow,CF_INTEREST_RECEIVED,-2132269413724.0,ACTUAL,VNSTOCK_BRONZE
VNM,LATEST,cash_flow,CF_CASH_AND_CASH_EQUIVALENTS_AT_END_OF_PERIOD,2498443286245.0,ACTUAL,VNSTOCK_BRONZE
VNM,LATEST,cash_flow,CF_NET_CASH_FLOWS_FROM_OPERATING_ACTIVITIES,3157043663634.0,ACTUAL,VNSTOCK_BRONZE
VNM,LATEST,cash_flow,CF_PROFIT_BEFORE_TAX,3125600614052.0,ACTUAL,VNSTOCK_BRONZE
VNM,LATEST,cash_flow,CF_DEPRECIATION_AND_AMORTISATION,541039255027.0,ACTUAL,VNSTOCK_BRONZE
VNM,LATEST,cash_flow,CF_PROVISIONS,-271183088.0,ACTUAL,VNSTOCK_BRONZE
VNM,LATEST,cash_flow,CF_FOREIGN_EXCHANGE_LOSS_GAIN,1966656093.0,ACTUAL,VNSTOCK_BRONZE
VNM,LATEST,cash_flow,CF_LOSS_GAIN_FROM_DISPOSAL_OF_FIXED_ASSETS,0.0,ACTUAL,VNSTOCK_BRONZE
VNM,LATEST,cash_flow,CF_LOSS_GAIN_FROM_INVESTMENT,-343083171016.0,ACTUAL,VNSTOCK_BRONZE
VNM,LATEST,cash_flow,CF_INTEREST_EXPENSE,75464626344.0,ACTUAL,VNSTOCK_BRONZE
VNM,LATEST,cash_flow,CF_INTEREST_AND_DIVIDENDS_RECEIVED,0.0,ACTUAL,VNSTOCK_BRONZE
VNM,LATEST,cash_flow,CF_OPERATING_PROFIT_BEFORE_CHANGES_IN_WORKING_CAPITAL,3637430619240.0,ACTUAL,VNSTOCK_BRONZE
VNM,LATEST,cash_flow,CF_INCREASE_DECREASE_IN_RECEIVABLES,9776943388.0,ACTUAL,VNSTOCK_BRONZE
VNM,LATEST,cash_flow,CF_INCREASE_DECREASE_IN_INVENTORY,608237237047.0,ACTUAL,VNSTOCK_BRONZE
VNM,LATEST,cash_flow,CF_INCREASE_DECREASE_IN_PAYABLES,-686343175344.0,ACTUAL,VNSTOCK_BRONZE
VNM,LATEST,cash_flow,CF_INCREASE_DECREASE_IN_PREPAID_EXPENSES,-50064019859.0,ACTUAL,VNSTOCK_BRONZE
VNM,LATEST,cash_flow,CF_INTEREST_PAID,-85506405917.0,ACTUAL,VNSTOCK_BRONZE
VNM,LATEST,cash_flow,CF_OTHER_RECEIPTS_FROM_OPERATING_ACTIVITIES,0.0,ACTUAL,VNSTOCK_BRONZE
VNM,LATEST,cash_flow,CF_OTHER_PAYMENTS_FOR_OPERATING_ACTIVITIES,-46191597084.0,ACTUAL,VNSTOCK_BRONZE
VNM,LATEST,cash_flow,CF_NET_CASH_FLOWS_FROM_INVESTING_ACTIVITIES,1020982336018.0,ACTUAL,VNSTOCK_BRONZE
VNM,LATEST,cash_flow,CF_PAYMENTS_FOR_FIXED_ASSETS,-578217462040.0,ACTUAL,VNSTOCK_BRONZE
VNM,LATEST,cash_flow,CF_PROCEEDS_FROM_DISPOSAL_OF_FIXED_ASSETS,30714451025.0,ACTUAL,VNSTOCK_BRONZE
VNM,LATEST,cash_flow,CF_LOANS_TO_OTHER_ENTITIES,0.0,ACTUAL,VNSTOCK_BRONZE
VNM,LATEST,cash_flow,CF_COLLECTION_OF_LOANS,908498573067.0,ACTUAL,VNSTOCK_BRONZE
VNM,LATEST,cash_flow,CF_PAYMENTS_FOR_INVESTMENTS_IN_OTHER_ENTITIES,0.0,ACTUAL,VNSTOCK_BRONZE
VNM,LATEST,cash_flow,CF_PROCEEDS_FROM_INVESTMENTS_IN_OTHER_ENTITIES,6035000000.0,ACTUAL,VNSTOCK_BRONZE
VNM,LATEST,cash_flow,CF_DIVIDENDS_AND_INTEREST_RECEIVED,653951773966.0,ACTUAL,VNSTOCK_BRONZE
VNM,LATEST,cash_flow,CF_PROCEEDS_FROM_ISSUANCE_OF_SHARES,0.0,ACTUAL,VNSTOCK_BRONZE
VNM,LATEST,cash_flow,CF_PAYMENTS_FOR_SHARE_REPURCHASES,0.0,ACTUAL,VNSTOCK_BRONZE
VNM,LATEST,cash_flow,CF_PROCEEDS_FROM_BORROWINGS,3247744547248.0,ACTUAL,VNSTOCK_BRONZE
VNM,LATEST,cash_flow,CF_REPAYMENT_OF_BORROWINGS,-4765228853680.0,ACTUAL,VNSTOCK_BRONZE
VNM,LATEST,cash_flow,CF_DIVIDENDS_PAID,-4737055500.0,ACTUAL,VNSTOCK_BRONZE
VNM,LATEST,cash_flow,CF_INTEREST_RECEIVED,3632245005119.0,ACTUAL,VNSTOCK_BRONZE
VNM,LATEST,cash_flow,CF_CASH_AND_CASH_EQUIVALENTS_AT_END_OF_PERIOD,5154466367051.0,ACTUAL,VNSTOCK_BRONZE
VNM,LATEST,cash_flow,CF_NET_CASH_FLOWS_FROM_OPERATING_ACTIVITIES,1738942804862.0,ACTUAL,VNSTOCK_BRONZE
VNM,LATEST,cash_flow,CF_PROFIT_BEFORE_TAX,3476999882086.0,ACTUAL,VNSTOCK_BRONZE
VNM,LATEST,cash_flow,CF_DEPRECIATION_AND_AMORTISATION,541738993017.0,ACTUAL,VNSTOCK_BRONZE
VNM,LATEST,cash_flow,CF_PROVISIONS,46127336228.0,ACTUAL,VNSTOCK_BRONZE
VNM,LATEST,cash_flow,CF_FOREIGN_EXCHANGE_LOSS_GAIN,-814155330.0,ACTUAL,VNSTOCK_BRONZE
VNM,LATEST,cash_flow,CF_LOSS_GAIN_FROM_DISPOSAL_OF_FIXED_ASSETS,0.0,ACTUAL,VNSTOCK_BRONZE
VNM,LATEST,cash_flow,CF_LOSS_GAIN_FROM_INVESTMENT,-165878469613.0,ACTUAL,VNSTOCK_BRONZE
VNM,LATEST,cash_flow,CF_INTEREST_EXPENSE,89980184766.0,ACTUAL,VNSTOCK_BRONZE
VNM,LATEST,cash_flow,CF_INTEREST_AND_DIVIDENDS_RECEIVED,0.0,ACTUAL,VNSTOCK_BRONZE
VNM,LATEST,cash_flow,CF_OPERATING_PROFIT_BEFORE_CHANGES_IN_WORKING_CAPITAL,3875782613126.0,ACTUAL,VNSTOCK_BRONZE
VNM,LATEST,cash_flow,CF_INCREASE_DECREASE_IN_RECEIVABLES,-169341656757.0,ACTUAL,VNSTOCK_BRONZE
VNM,LATEST,cash_flow,CF_INCREASE_DECREASE_IN_INVENTORY,-696279778126.0,ACTUAL,VNSTOCK_BRONZE
VNM,LATEST,cash_flow,CF_INCREASE_DECREASE_IN_PAYABLES,-449877758728.0,ACTUAL,VNSTOCK_BRONZE
VNM,LATEST,cash_flow,CF_INCREASE_DECREASE_IN_PREPAID_EXPENSES,-86052764995.0,ACTUAL,VNSTOCK_BRONZE
VNM,LATEST,cash_flow,CF_INTEREST_PAID,-89985880099.0,ACTUAL,VNSTOCK_BRONZE
VNM,LATEST,cash_flow,CF_OTHER_RECEIPTS_FROM_OPERATING_ACTIVITIES,0.0,ACTUAL,VNSTOCK_BRONZE
VNM,LATEST,cash_flow,CF_OTHER_PAYMENTS_FOR_OPERATING_ACTIVITIES,-278276289649.0,ACTUAL,VNSTOCK_BRONZE
VNM,LATEST,cash_flow,CF_NET_CASH_FLOWS_FROM_INVESTING_ACTIVITIES,-273822901641.0,ACTUAL,VNSTOCK_BRONZE
VNM,LATEST,cash_flow,CF_PAYMENTS_FOR_FIXED_ASSETS,-345651260618.0,ACTUAL,VNSTOCK_BRONZE
VNM,LATEST,cash_flow,CF_PROCEEDS_FROM_DISPOSAL_OF_FIXED_ASSETS,35456626576.0,ACTUAL,VNSTOCK_BRONZE
VNM,LATEST,cash_flow,CF_LOANS_TO_OTHER_ENTITIES,0.0,ACTUAL,VNSTOCK_BRONZE
VNM,LATEST,cash_flow,CF_COLLECTION_OF_LOANS,-287521376079.0,ACTUAL,VNSTOCK_BRONZE
VNM,LATEST,cash_flow,CF_PAYMENTS_FOR_INVESTMENTS_IN_OTHER_ENTITIES,-62898220000.0,ACTUAL,VNSTOCK_BRONZE
VNM,LATEST,cash_flow,CF_PROCEEDS_FROM_INVESTMENTS_IN_OTHER_ENTITIES,14960000000.0,ACTUAL,VNSTOCK_BRONZE
VNM,LATEST,cash_flow,CF_DIVIDENDS_AND_INTEREST_RECEIVED,371831328480.0,ACTUAL,VNSTOCK_BRONZE
VNM,LATEST,cash_flow,CF_PROCEEDS_FROM_ISSUANCE_OF_SHARES,0.0,ACTUAL,VNSTOCK_BRONZE
VNM,LATEST,cash_flow,CF_PAYMENTS_FOR_SHARE_REPURCHASES,0.0,ACTUAL,VNSTOCK_BRONZE
VNM,LATEST,cash_flow,CF_PROCEEDS_FROM_BORROWINGS,6403017072055.0,ACTUAL,VNSTOCK_BRONZE
VNM,LATEST,cash_flow,CF_REPAYMENT_OF_BORROWINGS,-5218255024631.0,ACTUAL,VNSTOCK_BRONZE
VNM,LATEST,cash_flow,CF_DIVIDENDS_PAID,-6007520145910.0,ACTUAL,VNSTOCK_BRONZE
VNM,LATEST,cash_flow,CF_INTEREST_RECEIVED,-3027878379615.0,ACTUAL,VNSTOCK_BRONZE
VNM,LATEST,cash_flow,CF_CASH_AND_CASH_EQUIVALENTS_AT_END_OF_PERIOD,1794879718871.0,ACTUAL,VNSTOCK_BRONZE
VNM,LATEST,cash_flow,CF_NET_CASH_FLOWS_FROM_OPERATING_ACTIVITIES,269326997516.0,ACTUAL,VNSTOCK_BRONZE
VNM,LATEST,cash_flow,CF_PROFIT_BEFORE_TAX,3014396468576.0,ACTUAL,VNSTOCK_BRONZE
VNM,LATEST,cash_flow,CF_DEPRECIATION_AND_AMORTISATION,537336950720.0,ACTUAL,VNSTOCK_BRONZE
VNM,LATEST,cash_flow,CF_PROVISIONS,-16770329348.0,ACTUAL,VNSTOCK_BRONZE
VNM,LATEST,cash_flow,CF_FOREIGN_EXCHANGE_LOSS_GAIN,12172815226.0,ACTUAL,VNSTOCK_BRONZE
VNM,LATEST,cash_flow,CF_LOSS_GAIN_FROM_DISPOSAL_OF_FIXED_ASSETS,0.0,ACTUAL,VNSTOCK_BRONZE
VNM,LATEST,cash_flow,CF_LOSS_GAIN_FROM_INVESTMENT,-389344152326.0,ACTUAL,VNSTOCK_BRONZE
VNM,LATEST,cash_flow,CF_INTEREST_EXPENSE,118301437284.0,ACTUAL,VNSTOCK_BRONZE
VNM,LATEST,cash_flow,CF_INTEREST_AND_DIVIDENDS_RECEIVED,0.0,ACTUAL,VNSTOCK_BRONZE
VNM,LATEST,cash_flow,CF_OPERATING_PROFIT_BEFORE_CHANGES_IN_WORKING_CAPITAL,3336912971339.0,ACTUAL,VNSTOCK_BRONZE
VNM,LATEST,cash_flow,CF_INCREASE_DECREASE_IN_RECEIVABLES,-127949065402.0,ACTUAL,VNSTOCK_BRONZE
VNM,LATEST,cash_flow,CF_INCREASE_DECREASE_IN_INVENTORY,-1036622597598.0,ACTUAL,VNSTOCK_BRONZE
VNM,LATEST,cash_flow,CF_INCREASE_DECREASE_IN_PAYABLES,327879637282.0,ACTUAL,VNSTOCK_BRONZE
VNM,LATEST,cash_flow,CF_INCREASE_DECREASE_IN_PREPAID_EXPENSES,-126150419127.0,ACTUAL,VNSTOCK_BRONZE
VNM,LATEST,cash_flow,CF_INTEREST_PAID,-80973790732.0,ACTUAL,VNSTOCK_BRONZE
VNM,LATEST,cash_flow,CF_OTHER_RECEIPTS_FROM_OPERATING_ACTIVITIES,0.0,ACTUAL,VNSTOCK_BRONZE
VNM,LATEST,cash_flow,CF_OTHER_PAYMENTS_FOR_OPERATING_ACTIVITIES,-443772240080.0,ACTUAL,VNSTOCK_BRONZE
VNM,LATEST,cash_flow,CF_NET_CASH_FLOWS_FROM_INVESTING_ACTIVITIES,-880995904749.0,ACTUAL,VNSTOCK_BRONZE
VNM,LATEST,cash_flow,CF_PAYMENTS_FOR_FIXED_ASSETS,-422226112689.0,ACTUAL,VNSTOCK_BRONZE
VNM,LATEST,cash_flow,CF_PROCEEDS_FROM_DISPOSAL_OF_FIXED_ASSETS,29442593966.0,ACTUAL,VNSTOCK_BRONZE
VNM,LATEST,cash_flow,CF_LOANS_TO_OTHER_ENTITIES,-661239673680.0,ACTUAL,VNSTOCK_BRONZE
VNM,LATEST,cash_flow,CF_COLLECTION_OF_LOANS,0.0,ACTUAL,VNSTOCK_BRONZE
VNM,LATEST,cash_flow,CF_PAYMENTS_FOR_INVESTMENTS_IN_OTHER_ENTITIES,0.0,ACTUAL,VNSTOCK_BRONZE
VNM,LATEST,cash_flow,CF_PROCEEDS_FROM_INVESTMENTS_IN_OTHER_ENTITIES,0.0,ACTUAL,VNSTOCK_BRONZE
VNM,LATEST,cash_flow,CF_DIVIDENDS_AND_INTEREST_RECEIVED,173027287654.0,ACTUAL,VNSTOCK_BRONZE
VNM,LATEST,cash_flow,CF_PROCEEDS_FROM_ISSUANCE_OF_SHARES,0.0,ACTUAL,VNSTOCK_BRONZE
VNM,LATEST,cash_flow,CF_PAYMENTS_FOR_SHARE_REPURCHASES,0.0,ACTUAL,VNSTOCK_BRONZE
VNM,LATEST,cash_flow,CF_PROCEEDS_FROM_BORROWINGS,5616726419580.0,ACTUAL,VNSTOCK_BRONZE
VNM,LATEST,cash_flow,CF_REPAYMENT_OF_BORROWINGS,-4720962247560.0,ACTUAL,VNSTOCK_BRONZE
VNM,LATEST,cash_flow,CF_DIVIDENDS_PAID,-55837540.0,ACTUAL,VNSTOCK_BRONZE
VNM,LATEST,cash_flow,CF_INTEREST_RECEIVED,2973304627941.0,ACTUAL,VNSTOCK_BRONZE
VNM,LATEST,cash_flow,CF_CASH_AND_CASH_EQUIVALENTS_AT_END_OF_PERIOD,2077596293461.0,ACTUAL,VNSTOCK_BRONZE
VNM,LATEST,cash_flow,CF_NET_CASH_FLOWS_FROM_OPERATING_ACTIVITIES,3204461104813.0,ACTUAL,VNSTOCK_BRONZE
VNM,LATEST,cash_flow,CF_PROFIT_BEFORE_TAX,3899172701499.0,ACTUAL,VNSTOCK_BRONZE
VNM,LATEST,cash_flow,CF_DEPRECIATION_AND_AMORTISATION,667060111873.0,ACTUAL,VNSTOCK_BRONZE
VNM,LATEST,cash_flow,CF_PROVISIONS,11760018037.0,ACTUAL,VNSTOCK_BRONZE
VNM,LATEST,cash_flow,CF_FOREIGN_EXCHANGE_LOSS_GAIN,-22306778630.0,ACTUAL,VNSTOCK_BRONZE
VNM,LATEST,cash_flow,CF_LOSS_GAIN_FROM_DISPOSAL_OF_FIXED_ASSETS,0.0,ACTUAL,VNSTOCK_BRONZE
VNM,LATEST,cash_flow,CF_LOSS_GAIN_FROM_INVESTMENT,-448414697391.0,ACTUAL,VNSTOCK_BRONZE
VNM,LATEST,cash_flow,CF_INTEREST_EXPENSE,116087966581.0,ACTUAL,VNSTOCK_BRONZE
VNM,LATEST,cash_flow,CF_INTEREST_AND_DIVIDENDS_RECEIVED,0.0,ACTUAL,VNSTOCK_BRONZE
VNM,LATEST,cash_flow,CF_OPERATING_PROFIT_BEFORE_CHANGES_IN_WORKING_CAPITAL,4162539540762.0,ACTUAL,VNSTOCK_BRONZE
VNM,LATEST,cash_flow,CF_INCREASE_DECREASE_IN_RECEIVABLES,-401473155199.0,ACTUAL,VNSTOCK_BRONZE
VNM,LATEST,cash_flow,CF_INCREASE_DECREASE_IN_INVENTORY,-419799370387.0,ACTUAL,VNSTOCK_BRONZE
VNM,LATEST,cash_flow,CF_INCREASE_DECREASE_IN_PAYABLES,504590912166.0,ACTUAL,VNSTOCK_BRONZE
VNM,LATEST,cash_flow,CF_INCREASE_DECREASE_IN_PREPAID_EXPENSES,-59299928864.0,ACTUAL,VNSTOCK_BRONZE
VNM,LATEST,cash_flow,CF_INTEREST_PAID,-114195158840.0,ACTUAL,VNSTOCK_BRONZE
VNM,LATEST,cash_flow,CF_OTHER_RECEIPTS_FROM_OPERATING_ACTIVITIES,0.0,ACTUAL,VNSTOCK_BRONZE
VNM,LATEST,cash_flow,CF_OTHER_PAYMENTS_FOR_OPERATING_ACTIVITIES,-42372902348.0,ACTUAL,VNSTOCK_BRONZE
VNM,LATEST,cash_flow,CF_NET_CASH_FLOWS_FROM_INVESTING_ACTIVITIES,1173822681143.0,ACTUAL,VNSTOCK_BRONZE
VNM,LATEST,cash_flow,CF_PAYMENTS_FOR_FIXED_ASSETS,-326013448613.0,ACTUAL,VNSTOCK_BRONZE
VNM,LATEST,cash_flow,CF_PROCEEDS_FROM_DISPOSAL_OF_FIXED_ASSETS,-20995856432.0,ACTUAL,VNSTOCK_BRONZE
VNM,LATEST,cash_flow,CF_LOANS_TO_OTHER_ENTITIES,661239673680.0,ACTUAL,VNSTOCK_BRONZE
VNM,LATEST,cash_flow,CF_COLLECTION_OF_LOANS,585947632395.0,ACTUAL,VNSTOCK_BRONZE
VNM,LATEST,cash_flow,CF_PAYMENTS_FOR_INVESTMENTS_IN_OTHER_ENTITIES,0.0,ACTUAL,VNSTOCK_BRONZE
VNM,LATEST,cash_flow,CF_PROCEEDS_FROM_INVESTMENTS_IN_OTHER_ENTITIES,0.0,ACTUAL,VNSTOCK_BRONZE
VNM,LATEST,cash_flow,CF_DIVIDENDS_AND_INTEREST_RECEIVED,273644680113.0,ACTUAL,VNSTOCK_BRONZE
VNM,LATEST,cash_flow,CF_PROCEEDS_FROM_ISSUANCE_OF_SHARES,0.0,ACTUAL,VNSTOCK_BRONZE
VNM,LATEST,cash_flow,CF_PAYMENTS_FOR_SHARE_REPURCHASES,0.0,ACTUAL,VNSTOCK_BRONZE
VNM,LATEST,cash_flow,CF_PROCEEDS_FROM_BORROWINGS,2879947874188.0,ACTUAL,VNSTOCK_BRONZE
VNM,LATEST,cash_flow,CF_REPAYMENT_OF_BORROWINGS,-4762071603628.0,ACTUAL,VNSTOCK_BRONZE
VNM,LATEST,cash_flow,CF_DIVIDENDS_PAID,-35032239000.0,ACTUAL,VNSTOCK_BRONZE
VNM,LATEST,cash_flow,CF_INTEREST_RECEIVED,2618516398391.0,ACTUAL,VNSTOCK_BRONZE
VNM,LATEST,cash_flow,CF_CASH_AND_CASH_EQUIVALENTS_AT_END_OF_PERIOD,4535672366831.0,ACTUAL,VNSTOCK_BRONZE
