Ticker,Period,Metric,Value
VCB,2026-Q2,ROE,0.1791575023
VCB,2026-Q1,ROE,0.16059325
VCB,2025-Q4,ROE,0.1672069733
VCB,2025-Q3,ROE,0.1676701809
VCB,2025-Q2,ROE,0.1721818224
VCB,2025-Q1,ROE,0.1756325908
VCB,2024-Q4,ROE,0.1873163957
VCB,2024-Q3,ROE,0.1939126694
VCB,2024-Q2,ROE,0.1951290992
VCB,2024-Q1,ROE,0.1997346761
VCB,2023-Q4,ROE,0.2197388427
VCB,2023-Q3,ROE,0.2263474527
VCB,2023-Q2,ROE,0.2301971451
VCB,2023-Q1,ROE,0.2315732438
VCB,2022-Q4,ROE,0.244309439
VCB,2022-Q3,ROE,0.2202979774
VCB,2022-Q2,ROE,0.2165486775
VCB,2022-Q1,ROE,0.2157232139
VCB,2021-Q4,ROE,0.2039355727
VCB,2021-Q3,ROE,0.2039355727
VCB,2021-Q1,ROE,0.2210981547832489
VCB,2020-Q4,ROE,0.2108986857
VCB,2020-Q3,ROE,0.1940954746
VCB,2020-Q2,ROE,0.2133901976
VCB,2020-Q1,ROE,0.2189137295
VCB,2019-Q4,ROE,0.2587808264
VCB,2019-Q3,ROE,0.2632481774
VCB,2019-Q2,ROE,0.2515104159
VCB,2019-Q1,ROE,0.2466029362
VCB,2018-Q4,ROE,0.2545915437
VCB,2018-Q3,ROE,0.209957537
VCB,2018-Q2,ROE,0.2026318919
VCB,2018-Q1,ROE,0.1918870737
VCB,2026-Q2,ROA,0.0166114014
VCB,2026-Q1,ROA,0.014991243
VCB,2025-Q4,ROA,0.0155373131
VCB,2025-Q3,ROA,0.0159773247
VCB,2025-Q2,ROA,0.0166133201
VCB,2025-Q1,ROA,0.0169037963
VCB,2024-Q4,ROA,0.0172367854
VCB,2024-Q3,ROA,0.0185861353
VCB,2024-Q2,ROA,0.0183856002
VCB,2024-Q1,ROA,0.0185155376
VCB,2023-Q4,ROA,0.0180833998
VCB,2023-Q3,ROA,0.018943357
VCB,2023-Q2,ROA,0.0184772354
VCB,2023-Q1,ROA,0.017891605
VCB,2022-Q4,ROA,0.0185219931
VCB,2022-Q3,ROA,0.0172399119
VCB,2022-Q2,ROA,0.017014105
VCB,2022-Q1,ROA,0.0159938645
VCB,2021-Q4,ROA,0.0159551824
VCB,2021-Q3,ROA,0.0159551824
VCB,2021-Q1,ROA,0.0170018598437309
VCB,2020-Q4,ROA,0.0144775838
VCB,2020-Q3,ROA,0.0144866746
VCB,2020-Q2,ROA,0.0154799718
VCB,2020-Q1,ROA,0.0154758807
VCB,2019-Q4,ROA,0.0161192423
VCB,2019-Q3,ROA,0.0175244171
VCB,2019-Q2,ROA,0.0162089465
VCB,2019-Q1,ROA,0.0153867213
VCB,2018-Q4,ROA,0.0138486139
VCB,2018-Q3,ROA,0.0120500618
VCB,2018-Q2,ROA,0.0115398337
VCB,2018-Q1,ROA,0.0109680561
VCB,2026-Q2,NIM,0.0274697447
VCB,2026-Q1,NIM,0.0265751413
VCB,2025-Q4,NIM,0.026405665
VCB,2025-Q3,NIM,0.0259774021
VCB,2025-Q2,NIM,0.0268673699
VCB,2025-Q1,NIM,0.0277553417
VCB,2024-Q4,NIM,0.0286587305
VCB,2024-Q3,NIM,0.0295759941
VCB,2024-Q2,NIM,0.0297835763
VCB,2024-Q1,NIM,0.0307531903
VCB,2023-Q4,NIM,0.0301397893
VCB,2023-Q3,NIM,0.0319420447
VCB,2023-Q2,NIM,0.0330156205
VCB,2023-Q1,NIM,0.0327844468
VCB,2022-Q4,NIM,0.0340553116
VCB,2022-Q3,NIM,0.0327451944
VCB,2022-Q2,NIM,0.0319871397
VCB,2022-Q1,NIM,0.0316715898
VCB,2021-Q4,NIM,0.0323929195
VCB,2021-Q3,NIM,0.0323929195
VCB,2021-Q1,NIM,0.0306657664477825
VCB,2020-Q4,NIM,0.0292127778
VCB,2020-Q3,NIM,0.0298952422
VCB,2020-Q2,NIM,0.0302183302
VCB,2020-Q1,NIM,0.0311313909
VCB,2019-Q4,NIM,0.0310301679
VCB,2019-Q3,NIM,0.0316059477
VCB,2019-Q2,NIM,0.0314245658
VCB,2019-Q1,NIM,0.0307589134
VCB,2018-Q4,NIM,0.02782131
VCB,2018-Q3,NIM,0.0269998742
VCB,2018-Q2,NIM,0.0254148691
VCB,2018-Q1,NIM,0.0249839587
VCB,2026-Q2,NPL,0.0061066523
VCB,2026-Q1,NPL,0.0061928892
VCB,2025-Q4,NPL,0.0057779544
VCB,2025-Q3,NPL,0.0103364523
VCB,2025-Q2,NPL,0.0100117204
VCB,2025-Q1,NPL,0.0102534929
VCB,2024-Q4,NPL,0.009635678
VCB,2024-Q3,NPL,0.0122280944
VCB,2024-Q2,NPL,0.0120075306
VCB,2024-Q1,NPL,0.0122066368
VCB,2023-Q4,NPL,0.009804289
VCB,2023-Q3,NPL,0.0120962821
VCB,2023-Q2,NPL,0.0083066924
VCB,2023-Q1,NPL,0.008467956
VCB,2022-Q4,NPL,0.0068296668
VCB,2022-Q3,NPL,0.0079667051
VCB,2022-Q2,NPL,0.0060982239
VCB,2022-Q1,NPL,0.0063711978
VCB,2021-Q4,NPL,0.0116238818
VCB,2021-Q3,NPL,0.0116238818
VCB,2021-Q1,NPL,0.008827582001686
VCB,2020-Q4,NPL,0.0062272471
VCB,2020-Q3,NPL,0.0100599567
VCB,2020-Q2,NPL,0.0083465476
VCB,2020-Q1,NPL,0.0082059501
VCB,2019-Q4,NPL,0.0078996578
VCB,2019-Q3,NPL,0.0107683756
VCB,2019-Q2,NPL,0.0102576431
VCB,2019-Q1,NPL,0.0103295619
VCB,2018-Q4,NPL,0.0098485842
VCB,2018-Q3,NPL,0.0118224525
VCB,2018-Q2,NPL,0.011521883
VCB,2018-Q1,NPL,0.013670115
VCB,2025-Q2,CAR,0.1201
VCB,2024-Q2,CAR,0.1201
VCB,2023-Q2,CAR,0.1121
VCB,2022-Q2,CAR,0.0956
VCB,2020-Q2,CAR,0.1013
VCB,2019-Q2,CAR,0.0947
VCB,2026-Q2,CIR,0.3203920384
VCB,2026-Q1,CIR,0.3250291197
VCB,2025-Q4,CIR,0.3483945993
VCB,2025-Q3,CIR,0.3344445597
VCB,2025-Q2,CIR,0.3371755143
VCB,2025-Q1,CIR,0.3273980137
VCB,2024-Q4,CIR,0.3357811026
VCB,2024-Q3,CIR,0.3451799254
VCB,2024-Q2,CIR,0.3057493164
VCB,2024-Q1,CIR,0.2924671642
VCB,2023-Q4,CIR,0.3235938972
VCB,2023-Q3,CIR,0.3316482306
VCB,2023-Q2,CIR,0.3237577572
VCB,2023-Q1,CIR,0.2848303958
VCB,2022-Q4,CIR,0.312127372
VCB,2022-Q3,CIR,0.3811082572
VCB,2022-Q2,CIR,0.3641170696
VCB,2022-Q1,CIR,0.3098216193
VCB,2021-Q4,CIR,0.377459832
VCB,2021-Q3,CIR,0.377459832
VCB,2021-Q1,CIR,0.3046885132789612
VCB,2020-Q4,CIR,0.3268939943
VCB,2020-Q3,CIR,0.3951881724
VCB,2020-Q2,CIR,0.2904926382
VCB,2020-Q1,CIR,0.3996822266
VCB,2019-Q4,CIR,0.3458876715
VCB,2019-Q3,CIR,0.3486957591
VCB,2019-Q2,CIR,0.3598408326
VCB,2019-Q1,CIR,0.3725155481
VCB,2018-Q4,CIR,0.3465284371
VCB,2018-Q3,CIR,0.423340939
VCB,2018-Q2,CIR,0.4173142797
VCB,2018-Q1,CIR,0.4098428365
VCB,2026-Q2,LDR,1.0169754447
VCB,2026-Q1,LDR,1.0433367961
VCB,2025-Q4,LDR,1.0005924116
VCB,2025-Q3,LDR,1.0111514773
VCB,2025-Q2,LDR,0.980517088
VCB,2025-Q1,LDR,0.9716900974
VCB,2024-Q4,LDR,0.9567785897
VCB,2024-Q3,LDR,0.9797776861
VCB,2024-Q2,LDR,0.9963350675
VCB,2024-Q1,LDR,0.9399939515
VCB,2023-Q4,LDR,0.9101964552
VCB,2023-Q3,LDR,0.8820047199
VCB,2023-Q2,LDR,0.8876097917
VCB,2023-Q1,LDR,0.9161857473
VCB,2022-Q4,LDR,0.9208647237
VCB,2022-Q3,LDR,0.9440280253
VCB,2022-Q2,LDR,0.9209134355
VCB,2022-Q1,LDR,0.846234228
VCB,2021-Q4,LDR,0.8447555236
VCB,2021-Q3,LDR,0.8447555236
VCB,2021-Q1,LDR,0.8502169251441956
VCB,2020-Q4,LDR,0.8136587754
VCB,2020-Q3,LDR,0.798536606
VCB,2020-Q2,LDR,0.7854793405
VCB,2020-Q1,LDR,0.8077798194
VCB,2019-Q4,LDR,0.7913255462
VCB,2019-Q3,LDR,0.784868227
VCB,2019-Q2,LDR,0.7982259014
VCB,2019-Q1,LDR,0.8028630621
VCB,2018-Q4,LDR,0.7879334298
VCB,2018-Q3,LDR,0.811928787
VCB,2018-Q2,LDR,0.7927473003
VCB,2018-Q1,LDR,0.7901847954
VCB,2026-Q2,CASA,0.3392956361
VCB,2026-Q1,CASA,0.3420830526
VCB,2025-Q4,CASA,0.3542038508
VCB,2025-Q3,CASA,0.3555724381
VCB,2025-Q2,CASA,0.369664843
VCB,2025-Q1,CASA,0.3540516504
VCB,2024-Q4,CASA,0.3672326931
VCB,2024-Q3,CASA,0.3478251255
VCB,2024-Q2,CASA,0.3541664013
VCB,2024-Q1,CASA,0.3470000378
VCB,2023-Q4,CASA,0.3517485345
VCB,2023-Q3,CASA,0.3129200352
VCB,2023-Q2,CASA,0.299777926
VCB,2023-Q1,CASA,0.3041023572
VCB,2022-Q4,CASA,0.3392061926
VCB,2022-Q3,CASA,0.3490160937
VCB,2022-Q2,CASA,0.3539327217
VCB,2022-Q1,CASA,0.3630912605
VCB,2021-Q4,CASA,0.3568148599
VCB,2021-Q3,CASA,0.3433172434
VCB,2021-Q1,CASA,0.3282412106
VCB,2020-Q4,CASA,0.3279764299
VCB,2020-Q3,CASA,0.3053133571
VCB,2020-Q2,CASA,0.2879748399
VCB,2020-Q1,CASA,0.2940178915
VCB,2019-Q4,CASA,0.3077324283
VCB,2019-Q3,CASA,0.3002871815
VCB,2019-Q2,CASA,0.3064804506
VCB,2019-Q1,CASA,0.2975583626
VCB,2018-Q4,CASA,0.3030384332
VCB,2018-Q3,CASA,0.2972090711
VCB,2018-Q2,CASA,0.2990165447
VCB,2018-Q1,CASA,0.3128317251
VCB,2026-Q2,PB,1.9442324194
VCB,2026-Q1,PB,2.1143235586
VCB,2025-Q4,PB,2.2295477291
VCB,2025-Q3,PB,2.851781189
VCB,2025-Q2,PB,2.467880488
VCB,2025-Q1,PB,2.5453740784
VCB,2024-Q4,PB,2.5563871002
VCB,2024-Q3,PB,2.6948304678
VCB,2024-Q2,PB,2.8130575347
VCB,2024-Q1,PB,2.8217066513
VCB,2023-Q4,PB,3.2059924698
VCB,2023-Q3,PB,3.1152190054
VCB,2023-Q2,PB,3.1642722225
VCB,2023-Q1,PB,3.4045795148
VCB,2022-Q4,PB,3.0861725944
VCB,2022-Q3,PB,3.165159651
VCB,2022-Q2,PB,2.5608871949
VCB,2022-Q1,PB,2.9045938485
VCB,2021-Q4,PB,3.5115069923
VCB,2021-Q3,PB,3.788502147
VCB,2021-Q1,PB,3.9360847619
VCB,2020-Q4,PB,3.9451964933
VCB,2020-Q3,PB,3.9319539385
VCB,2020-Q2,PB,3.6348962837
VCB,2020-Q1,PB,3.5873987857
VCB,2019-Q4,PB,3.300369589
VCB,2019-Q3,PB,4.2602536103
VCB,2019-Q2,PB,4.0917701354
VCB,2019-Q1,PB,4.0181573597
VCB,2018-Q4,PB,4.0605712903
VCB,2018-Q3,PB,3.0280784828
VCB,2018-Q2,PB,3.4314412667
VCB,2018-Q1,PB,3.6381047689
VCB,2026-Q2,PE,11.5960787244
VCB,2026-Q1,PE,13.7641484201
VCB,2025-Q4,PE,14.227919018
VCB,2025-Q3,PE,18.084851421
VCB,2025-Q2,PE,15.2118214589
VCB,2025-Q1,PE,15.3587834315
VCB,2024-Q4,PE,14.8187989673
VCB,2024-Q3,PE,14.8037078329
VCB,2024-Q2,PE,15.3298773187
VCB,2024-Q1,PE,15.0062199577
VCB,2023-Q4,PE,16.0059572827
VCB,2023-Q3,PE,14.7517020841
VCB,2023-Q2,PE,14.8341412011
VCB,2023-Q1,PE,15.9196918568
VCB,2022-Q4,PE,13.9922493977
VCB,2022-Q3,PE,15.3718009025
VCB,2022-Q2,PE,12.6164990464
VCB,2022-Q1,PE,14.794485635
VCB,2021-Q4,PE,17.467213517
VCB,2021-Q3,PE,19.6251624626
VCB,2021-Q1,PE,18.7621939992
VCB,2020-Q4,PE,20.1008882241
VCB,2020-Q3,PE,21.3984451019
VCB,2020-Q2,PE,17.8386624601
VCB,2020-Q1,PE,16.9517994674
VCB,2019-Q4,PE,14.4060155839
VCB,2019-Q3,PE,17.7275203328
VCB,2019-Q2,PE,17.7979433773
VCB,2019-Q1,PE,18.0702118135
VCB,2018-Q4,PE,16.7503309215
VCB,2018-Q3,PE,16.456916004
VCB,2018-Q2,PE,17.7725985697
VCB,2018-Q1,PE,19.6078466127
VCB,2026-Q2,TotalAssets,2657440573000000.0
VCB,2026-Q1,TotalAssets,2550963342000000.0
VCB,2025-Q4,TotalAssets,2442279166000000.0
VCB,2025-Q3,TotalAssets,2378185628000000.0
VCB,2025-Q2,TotalAssets,2217636600000000.0
VCB,2025-Q1,TotalAssets,2109260616000000.0
VCB,2024-Q4,TotalAssets,2085873522000000.0
VCB,2024-Q3,TotalAssets,1932361908000000.0
VCB,2024-Q2,TotalAssets,1905638840000000.0
VCB,2024-Q1,TotalAssets,1773713584000000.0
VCB,2023-Q4,TotalAssets,1839223339000000.0
VCB,2023-Q3,TotalAssets,1731305572000000.0
VCB,2023-Q2,TotalAssets,1704273133000000.0
VCB,2023-Q1,TotalAssets,1846431290000000.0
VCB,2022-Q4,TotalAssets,1814188209000000.0
VCB,2022-Q3,TotalAssets,1649664327000000.0
VCB,2022-Q2,TotalAssets,1601680964000000.0
VCB,2022-Q1,TotalAssets,1462748158000000.0
VCB,2021-Q4,TotalAssets,1414765480000000.0
VCB,2021-Q3,TotalAssets,1385235404000000.0
VCB,2021-Q2,TotalAssets,1304179106000000.0
VCB,2021-Q1,TotalAssets,1278965858000000.0
VCB,2020-Q4,TotalAssets,1327537012000000.0
VCB,2020-Q3,TotalAssets,1188572083000000.0
VCB,2020-Q2,TotalAssets,1185871662000000.0
VCB,2020-Q1,TotalAssets,1144270262000000.0
VCB,2019-Q4,TotalAssets,1223981046000000.0
VCB,2019-Q3,TotalAssets,1157490007000000.0
VCB,2019-Q2,TotalAssets,1122654558000000.0
VCB,2019-Q1,TotalAssets,1073331964000000.0
VCB,2018-Q4,TotalAssets,1072983278000000.0
VCB,2018-Q3,TotalAssets,995111405000000.0
VCB,2018-Q2,TotalAssets,977681955000000.0
VCB,2018-Q1,TotalAssets,1003905794000000.0
VCB,2026-Q2,GrossLoans,1758168065000000.0
VCB,2026-Q1,GrossLoans,1754926268000000.0
VCB,2025-Q4,GrossLoans,1673525675000000.0
VCB,2025-Q3,GrossLoans,1629942508000000.0
VCB,2025-Q2,GrossLoans,1555769476000000.0
VCB,2025-Q1,GrossLoans,1466390536000000.0
VCB,2024-Q4,GrossLoans,1449198899000000.0
VCB,2024-Q3,GrossLoans,1401151675000000.0
VCB,2024-Q2,GrossLoans,1369645310000000.0
VCB,2024-Q1,GrossLoans,1266477925000000.0
VCB,2023-Q4,GrossLoans,1270359018000000.0
VCB,2023-Q3,GrossLoans,1189830550000000.0
VCB,2023-Q2,GrossLoans,1177728457000000.0
VCB,2023-Q1,GrossLoans,1174080964000000.0
VCB,2022-Q4,GrossLoans,1145066250000000.0
VCB,2022-Q3,GrossLoans,1130144001000000.0
VCB,2022-Q2,GrossLoans,1100852163000000.0
VCB,2022-Q1,GrossLoans,1028899744000000.0
VCB,2021-Q4,GrossLoans,960749955000000.0
VCB,2021-Q3,GrossLoans,936342968000000.0
VCB,2021-Q2,GrossLoans,921948437000000.0
VCB,2021-Q1,GrossLoans,871937942000000.0
VCB,2020-Q4,GrossLoans,839788261000000.0
VCB,2020-Q3,GrossLoans,783757352000000.0
VCB,2020-Q2,GrossLoans,770744422000000.0
VCB,2020-Q1,GrossLoans,754505321000000.0
VCB,2019-Q4,GrossLoans,734706891000000.0
VCB,2019-Q3,GrossLoans,708095934000000.0
VCB,2019-Q2,GrossLoans,695437925000000.0
VCB,2019-Q1,GrossLoans,673021770000000.0
VCB,2018-Q4,GrossLoans,632632508000000.0
VCB,2018-Q3,GrossLoans,627950675000000.0
VCB,2018-Q2,GrossLoans,606052672000000.0
VCB,2018-Q1,GrossLoans,577614527000000.0
VCB,2026-Q2,CustomerDeposits,1728820567000000.0
VCB,2026-Q1,CustomerDeposits,1682032374000000.0
VCB,2025-Q4,CustomerDeposits,1672534846000000.0
VCB,2025-Q3,CustomerDeposits,1611966698000000.0
VCB,2025-Q2,CustomerDeposits,1586682675000000.0
VCB,2025-Q1,CustomerDeposits,1509113389000000.0
VCB,2024-Q4,CustomerDeposits,1514664850000000.0
VCB,2024-Q3,CustomerDeposits,1430071020000000.0
VCB,2024-Q2,CustomerDeposits,1374683432000000.0
VCB,2024-Q1,CustomerDeposits,1347325611000000.0
VCB,2023-Q4,CustomerDeposits,1395694611000000.0
VCB,2023-Q3,CustomerDeposits,1349007010000000.0
VCB,2023-Q2,CustomerDeposits,1326853836000000.0
VCB,2023-Q1,CustomerDeposits,1281487916000000.0
VCB,2022-Q4,CustomerDeposits,1243468472000000.0
VCB,2022-Q3,CustomerDeposits,1197150901000000.0
VCB,2022-Q2,CustomerDeposits,1195391576000000.0
VCB,2022-Q1,CustomerDeposits,1179668881000000.0
VCB,2021-Q4,CustomerDeposits,1135323913000000.0
VCB,2021-Q3,CustomerDeposits,1108418876000000.0
VCB,2021-Q2,CustomerDeposits,1051273660000000.0
VCB,2021-Q1,CustomerDeposits,1025547607000000.0
VCB,2020-Q4,CustomerDeposits,1032113567000000.0
VCB,2020-Q3,CustomerDeposits,981492077000000.0
VCB,2020-Q2,CustomerDeposits,981240858000000.0
VCB,2020-Q1,CustomerDeposits,934048243000000.0
VCB,2019-Q4,CustomerDeposits,928413676000000.0
VCB,2019-Q3,CustomerDeposits,902184481000000.0
VCB,2019-Q2,CustomerDeposits,871229465000000.0
VCB,2019-Q1,CustomerDeposits,838277163000000.0
VCB,2018-Q4,CustomerDeposits,802222944000000.0
VCB,2018-Q3,CustomerDeposits,773406098000000.0
VCB,2018-Q2,CustomerDeposits,764496671000000.0
VCB,2018-Q1,CustomerDeposits,730986638000000.0
VCB,2026-Q2,Equity,248490506000000.0
VCB,2026-Q1,Equity,234031329000000.0
VCB,2025-Q4,Equity,224558726000000.0
VCB,2025-Q3,Equity,222791545000000.0
VCB,2025-Q2,Equity,213749422000000.0
VCB,2025-Q1,Equity,204941834000000.0
VCB,2024-Q4,Equity,196209168000000.0
VCB,2024-Q3,Equity,190297001000000.0
VCB,2024-Q2,Equity,181702785000000.0
VCB,2024-Q1,Equity,173614126000000.0
VCB,2023-Q4,Equity,168543324000000.0
VCB,2023-Q3,Equity,159243518000000.0
VCB,2023-Q2,Equity,152001128000000.0
VCB,2023-Q1,Equity,144658358000000.0
VCB,2022-Q4,Equity,137988442000000.0
VCB,2022-Q3,Equity,128389550000000.0
VCB,2022-Q2,Equity,122989697000000.0
VCB,2022-Q1,Equity,117077688000000.0
VCB,2021-Q4,Equity,111170655000000.0
VCB,2021-Q3,Equity,109526852000000.0
VCB,2021-Q2,Equity,104939518000000.0
VCB,2021-Q1,Equity,101007679000000.0
VCB,2020-Q4,Equity,98859394000000.0
VCB,2020-Q3,Equity,93576020000000.0
VCB,2020-Q2,Equity,89578460000000.0
VCB,2020-Q1,Equity,85071986000000.0
VCB,2019-Q4,Equity,85753348000000.0
VCB,2019-Q3,Equity,81390894000000.0
VCB,2019-Q2,Equity,76397332000000.0
VCB,2019-Q1,Equity,72991878000000.0
VCB,2018-Q4,Equity,63889089000000.0
VCB,2018-Q3,Equity,61526479000000.0
VCB,2018-Q2,Equity,58603184000000.0
VCB,2018-Q1,Equity,56065738000000.0
VCB,2026-Q2,NPAT,14550959000000.0
VCB,2026-Q1,NPAT,9462095000000.0
VCB,2025-Q4,NPAT,8633290000000.0
VCB,2025-Q3,NPAT,9025553000000.0
VCB,2025-Q2,NPAT,8837371000000.0
VCB,2025-Q1,NPAT,8701726000000.0
VCB,2024-Q4,NPAT,8569921000000.0
VCB,2024-Q3,NPAT,8572494000000.0
VCB,2024-Q2,NPAT,8124709000000.0
VCB,2024-Q1,NPAT,8585993000000.0
VCB,2023-Q4,NPAT,9360033000000.0
VCB,2023-Q3,NPAT,7274556000000.0
VCB,2023-Q2,NPAT,7427958000000.0
VCB,2023-Q1,NPAT,8991901000000.0
VCB,2022-Q4,NPAT,9933519000000.0
VCB,2022-Q3,NPAT,6069444000000.0
VCB,2022-Q2,NPAT,5941931000000.0
VCB,2022-Q1,NPAT,7967426000000.0
VCB,2021-Q4,NPAT,6545349000000.0
VCB,2021-Q3,NPAT,4599288000000.0
VCB,2021-Q2,NPAT,3964674000000.0
VCB,2021-Q1,NPAT,6907522000000.0
VCB,2020-Q4,NPAT,5673803000000.0
VCB,2020-Q3,NPAT,3995811000000.0
VCB,2020-Q2,NPAT,4615614000000.0
VCB,2020-Q1,NPAT,4182655000000.0
VCB,2019-Q4,NPAT,4400374000000.0
VCB,2019-Q3,NPAT,5051595000000.0
VCB,2019-Q2,NPAT,4364810000000.0
VCB,2019-Q1,NPAT,4710901000000.0
VCB,2018-Q4,NPAT,5280125000000.0
VCB,2018-Q3,NPAT,2938354000000.0
VCB,2018-Q2,NPAT,2931640000000.0
VCB,2018-Q1,NPAT,3507873000000.0
VCB,2026-Q2,NetInterestIncome,19141761000000.0
VCB,2026-Q1,NetInterestIncome,17651083000000.0
VCB,2025-Q4,NetInterestIncome,16266825000000.0
VCB,2025-Q3,NetInterestIncome,14657240000000.0
VCB,2025-Q2,NetInterestIncome,14160192000000.0
VCB,2025-Q1,NetInterestIncome,13687153000000.0
VCB,2024-Q4,NetInterestIncome,13842332000000.0
VCB,2024-Q3,NetInterestIncome,13577636000000.0
VCB,2024-Q2,NetInterestIncome,13907711000000.0
VCB,2024-Q1,NetInterestIncome,14078056000000.0
VCB,2023-Q4,NetInterestIncome,12801224000000.0
VCB,2023-Q3,NetInterestIncome,12596118000000.0
VCB,2023-Q2,NetInterestIncome,14020581000000.0
VCB,2023-Q1,NetInterestIncome,14202946000000.0
VCB,2022-Q4,NetInterestIncome,14809469000000.0
VCB,2022-Q3,NetInterestIncome,13663951000000.0
VCB,2022-Q2,NetInterestIncome,12797206000000.0
VCB,2022-Q1,NetInterestIncome,11975852000000.0
VCB,2021-Q4,NetInterestIncome,10666735000000.0
VCB,2021-Q3,NetInterestIncome,10427846000000.0
VCB,2021-Q2,NetInterestIncome,11096258000000.0
VCB,2021-Q1,NetInterestIncome,10081733000000.0
VCB,2020-Q4,NetInterestIncome,10390415000000.0
VCB,2020-Q3,NetInterestIncome,8723174000000.0
VCB,2020-Q2,NetInterestIncome,8077319000000.0
VCB,2020-Q1,NetInterestIncome,9034321000000.0
VCB,2019-Q4,NetInterestIncome,8639718000000.0
VCB,2019-Q3,NetInterestIncome,8859286000000.0
VCB,2019-Q2,NetInterestIncome,8579589000000.0
VCB,2019-Q1,NetInterestIncome,8498757000000.0
VCB,2018-Q4,NetInterestIncome,7980640000000.0
VCB,2018-Q3,NetInterestIncome,7431525000000.0
VCB,2018-Q2,NetInterestIncome,6799964000000.0
VCB,2018-Q1,NetInterestIncome,6197099000000.0
VCB,2026-Q2,OperatingIncome,26371601000000.0
VCB,2026-Q1,OperatingIncome,21179810000000.0
VCB,2025-Q4,OperatingIncome,19269531000000.0
VCB,2025-Q3,OperatingIncome,18052128000000.0
VCB,2025-Q2,OperatingIncome,17868237000000.0
VCB,2025-Q1,OperatingIncome,17264726000000.0
VCB,2024-Q4,OperatingIncome,17710536000000.0
VCB,2024-Q3,OperatingIncome,16835953000000.0
VCB,2024-Q2,OperatingIncome,16751609000000.0
VCB,2024-Q1,OperatingIncome,17280398000000.0
VCB,2023-Q4,OperatingIncome,15958835000000.0
VCB,2023-Q3,OperatingIncome,15777277000000.0
VCB,2023-Q2,OperatingIncome,17470176000000.0
VCB,2023-Q1,OperatingIncome,18517174000000.0
VCB,2022-Q4,OperatingIncome,18662641000000.0
VCB,2022-Q3,OperatingIncome,16714424000000.0
VCB,2022-Q2,OperatingIncome,15972341000000.0
VCB,2022-Q1,OperatingIncome,16733361000000.0
VCB,2021-Q4,OperatingIncome,14788284000000.0
VCB,2021-Q3,OperatingIncome,13252785000000.0
VCB,2021-Q2,OperatingIncome,12903301000000.0
VCB,2021-Q1,OperatingIncome,15685596000000.0
VCB,2020-Q4,OperatingIncome,14393363000000.0
VCB,2020-Q3,OperatingIncome,11586450000000.0
VCB,2020-Q2,OperatingIncome,10733556000000.0
VCB,2020-Q1,OperatingIncome,12285485000000.0
VCB,2019-Q4,OperatingIncome,10667464000000.0
VCB,2019-Q3,OperatingIncome,11994525000000.0
VCB,2019-Q2,OperatingIncome,11303317000000.0
VCB,2019-Q1,OperatingIncome,11767685000000.0
VCB,2018-Q4,OperatingIncome,10690267000000.0
VCB,2018-Q3,OperatingIncome,9414497000000.0
VCB,2018-Q2,OperatingIncome,9259259000000.0
VCB,2018-Q1,OperatingIncome,9924314000000.0
BID,2026-Q2,ROE,0.1765163382
BID,2026-Q1,ROE,0.1776642496
BID,2025-Q4,ROE,0.1878030961
BID,2025-Q3,ROE,0.1669467977
BID,2025-Q2,ROE,0.1698142672
BID,2025-Q1,ROE,0.1753929381
BID,2024-Q4,ROE,0.187767754
BID,2024-Q3,ROE,0.178286575
BID,2024-Q2,ROE,0.1806127058
BID,2024-Q1,ROE,0.1805202316
BID,2023-Q4,ROE,0.1894828352
BID,2023-Q3,ROE,0.175847658
BID,2023-Q2,ROE,0.1897692571
BID,2023-Q1,ROE,0.196535542
BID,2022-Q4,ROE,0.1906214078
BID,2022-Q3,ROE,0.1749070102
BID,2022-Q2,ROE,0.1459508447
BID,2022-Q1,ROE,0.1270082541
BID,2021-Q4,ROE,0.1201559249
BID,2021-Q3,ROE,0.1201559249
BID,2021-Q1,ROE,0.1036854609847068
BID,2020-Q4,ROE,0.0889591876
BID,2020-Q3,ROE,0.1067635754
BID,2020-Q2,ROE,0.1107414555
BID,2020-Q1,ROE,0.1157404818
BID,2019-Q4,ROE,0.1265992399
BID,2019-Q3,ROE,0.1263591344
BID,2019-Q2,ROE,0.128477175
BID,2019-Q1,ROE,0.1346810184
BID,2018-Q4,ROE,0.1423385483
BID,2018-Q3,ROE,0.1611028467
BID,2018-Q2,ROE,0.1619327892
BID,2018-Q1,ROE,0.1451545166
BID,2026-Q2,ROA,0.0097510053
BID,2026-Q1,ROA,0.0096583093
BID,2025-Q4,ROA,0.0098181685
BID,2025-Q3,ROA,0.0090264685
BID,2025-Q2,ROA,0.0091400579
BID,2025-Q1,ROA,0.0093962541
BID,2024-Q4,ROA,0.0099335136
BID,2024-Q3,ROA,0.009624827
BID,2024-Q2,ROA,0.0098393228
BID,2024-Q1,ROA,0.0098550849
BID,2023-Q4,ROA,0.009727331
BID,2023-Q3,ROA,0.0092699331
BID,2023-Q2,ROA,0.0096934566
BID,2023-Q1,ROA,0.0097342838
BID,2022-Q4,ROA,0.0093544949
BID,2022-Q3,ROA,0.0084969443
BID,2022-Q2,ROA,0.0071442705
BID,2022-Q1,ROA,0.0064300863
BID,2021-Q4,ROA,0.0062400475
BID,2021-Q3,ROA,0.0062400475
BID,2021-Q1,ROA,0.0055938218720257
BID,2020-Q4,ROA,0.0046541089
BID,2020-Q3,ROA,0.0058057982
BID,2020-Q2,ROA,0.0056453689
BID,2020-Q1,ROA,0.0055029411
BID,2019-Q4,ROA,0.0059711067
BID,2019-Q3,ROA,0.0052616353
BID,2019-Q2,ROA,0.005371062
BID,2019-Q1,ROA,0.005661108
BID,2018-Q4,ROA,0.0058504402
BID,2018-Q3,ROA,0.0067068393
BID,2018-Q2,ROA,0.0066993771
BID,2018-Q1,ROA,0.0060655587
BID,2026-Q2,NIM,0.0210641779
BID,2026-Q1,NIM,0.0208897797
BID,2025-Q4,NIM,0.021291287
BID,2025-Q3,NIM,0.0209219722
BID,2025-Q2,NIM,0.0214276906
BID,2025-Q1,NIM,0.0223350345
BID,2024-Q4,NIM,0.0233444091
BID,2024-Q3,NIM,0.0240848406
BID,2024-Q2,NIM,0.0250859249
BID,2024-Q1,NIM,0.0255118416
BID,2023-Q4,NIM,0.0257860983
BID,2023-Q3,NIM,0.0266766595
BID,2023-Q2,NIM,0.0270421428
BID,2023-Q1,NIM,0.0280008799
BID,2022-Q4,NIM,0.0293024091
BID,2022-Q3,NIM,0.0277117784
BID,2022-Q2,NIM,0.0280972013
BID,2022-Q1,NIM,0.029167004
BID,2021-Q4,NIM,0.0296510989
BID,2021-Q3,NIM,0.0296510989
BID,2021-Q1,NIM,0.0256651267409324
BID,2020-Q4,NIM,0.0245265963
BID,2020-Q3,NIM,0.0244865698
BID,2020-Q2,NIM,0.0243922397
BID,2020-Q1,NIM,0.0261314695
BID,2019-Q4,NIM,0.0264444682
BID,2019-Q3,NIM,0.0268232439
BID,2019-Q2,NIM,0.0271516292
BID,2019-Q1,NIM,0.0272350436
BID,2018-Q4,NIM,0.0286838911
BID,2018-Q3,NIM,0.0280151617
BID,2018-Q2,NIM,0.0296562366
BID,2018-Q1,NIM,0.0297730476
BID,2026-Q2,NPL,0.0182742946
BID,2026-Q1,NPL,0.0175561593
BID,2025-Q4,NPL,0.0147397729
BID,2025-Q3,NPL,0.0187484129
BID,2025-Q2,NPL,0.0197902879
BID,2025-Q1,NPL,0.0189380997
BID,2024-Q4,NPL,0.0141217992
BID,2024-Q3,NPL,0.0170939026
BID,2024-Q2,NPL,0.0152364284
BID,2024-Q1,NPL,0.0150506756
BID,2023-Q4,NPL,0.0125827507
BID,2023-Q3,NPL,0.0159628255
BID,2023-Q2,NPL,0.0159448771
BID,2023-Q1,NPL,0.0154835134
BID,2022-Q4,NPL,0.011576784
BID,2022-Q3,NPL,0.01346255
BID,2022-Q2,NPL,0.0102934545
BID,2022-Q1,NPL,0.0099999923
BID,2021-Q4,NPL,0.0161308164
BID,2021-Q3,NPL,0.0161308164
BID,2021-Q1,NPL,0.0176444128155708
BID,2020-Q4,NPL,0.0175981964
BID,2020-Q3,NPL,0.0196668065
BID,2020-Q2,NPL,0.0199869082
BID,2020-Q1,NPL,0.0174487878
BID,2019-Q4,NPL,0.0174542893
BID,2019-Q3,NPL,0.0209001095
BID,2019-Q2,NPL,0.0198311041
BID,2019-Q1,NPL,0.0174496801
BID,2018-Q4,NPL,0.0190165647
BID,2018-Q3,NPL,0.0175917274
BID,2018-Q2,NPL,0.0148937174
BID,2018-Q1,NPL,0.0161696317
BID,2024-Q2,CAR,0.0948
BID,2023-Q2,CAR,0.0934
BID,2022-Q2,CAR,0.0888
BID,2020-Q2,CAR,0.0897
BID,2026-Q2,CIR,0.3166168116
BID,2026-Q1,CIR,0.3202296483
BID,2025-Q4,CIR,0.3335866718
BID,2025-Q3,CIR,0.3486082162
BID,2025-Q2,CIR,0.3334477332
BID,2025-Q1,CIR,0.330019147
BID,2024-Q4,CIR,0.345010094
BID,2024-Q3,CIR,0.3654516812
BID,2024-Q2,CIR,0.3317002444
BID,2024-Q1,CIR,0.3140488331
BID,2023-Q4,CIR,0.3435085829
BID,2023-Q3,CIR,0.3379271522
BID,2023-Q2,CIR,0.3693331713
BID,2023-Q1,CIR,0.2796423349
BID,2022-Q4,CIR,0.3241834104
BID,2022-Q3,CIR,0.3105864766
BID,2022-Q2,CIR,0.2865513399
BID,2022-Q1,CIR,0.3114760394
BID,2021-Q4,CIR,0.3325822456
BID,2021-Q3,CIR,0.3325822456
BID,2021-Q1,CIR,0.2763772010803222
BID,2020-Q4,CIR,0.3535965202
BID,2020-Q3,CIR,0.3172380414
BID,2020-Q2,CIR,0.365723357
BID,2020-Q1,CIR,0.3072575399
BID,2019-Q4,CIR,0.3586174213
BID,2019-Q3,CIR,0.3031480496
BID,2019-Q2,CIR,0.3525243318
BID,2019-Q1,CIR,0.2800467509
BID,2018-Q4,CIR,0.3623159305
BID,2018-Q3,CIR,0.3904305886
BID,2018-Q2,CIR,0.3940268348
BID,2018-Q1,CIR,0.2464581024
BID,2026-Q2,LDR,1.1062653407
BID,2026-Q1,LDR,1.13482235
BID,2025-Q4,LDR,1.0674601938
BID,2025-Q3,LDR,1.0718374821
BID,2025-Q2,LDR,1.0506519777
BID,2025-Q1,LDR,1.0659522405
BID,2024-Q4,LDR,1.052692378
BID,2024-Q3,LDR,1.0423436089
BID,2024-Q2,LDR,1.0419997746
BID,2024-Q1,LDR,1.0340972306
BID,2023-Q4,LDR,1.0428081875
BID,2023-Q3,LDR,1.04414696
BID,2023-Q2,LDR,1.0540237679
BID,2023-Q1,LDR,1.066620357
BID,2022-Q4,LDR,1.0329964882
BID,2022-Q3,LDR,1.0570488526
BID,2022-Q2,LDR,1.0545700942
BID,2022-Q1,LDR,0.9813349775
BID,2021-Q4,LDR,1.0142961009
BID,2021-Q3,LDR,1.0142961009
BID,2021-Q1,LDR,1.0061895847320557
BID,2020-Q4,LDR,0.9899092778
BID,2020-Q3,LDR,1.0003099919
BID,2020-Q2,LDR,1.0069195381
BID,2020-Q1,LDR,1.0047857602
BID,2019-Q4,LDR,1.0025448359
BID,2019-Q3,LDR,0.989594645
BID,2019-Q2,LDR,1.0049442508
BID,2019-Q1,LDR,1.0093605808
BID,2018-Q4,LDR,0.9990578941
BID,2018-Q3,LDR,1.0159824792
BID,2018-Q2,LDR,0.9633245907
BID,2018-Q1,LDR,0.9656058472
BID,2026-Q2,CASA,0.2082247572
BID,2026-Q1,CASA,0.2018841722
BID,2025-Q4,CASA,0.2181288071
BID,2025-Q3,CASA,0.2057412569
BID,2025-Q2,CASA,0.2059193351
BID,2025-Q1,CASA,0.1899388894
BID,2024-Q4,CASA,0.201496338
BID,2024-Q3,CASA,0.1868767201
BID,2024-Q2,CASA,0.1891195281
BID,2024-Q1,CASA,0.1882933667
BID,2023-Q4,CASA,0.2022274564
BID,2023-Q3,CASA,0.1833006396
BID,2023-Q2,CASA,0.17000421
BID,2023-Q1,CASA,0.1620377064
BID,2022-Q4,CASA,0.188681223
BID,2022-Q3,CASA,0.1877830834
BID,2022-Q2,CASA,0.1979138192
BID,2022-Q1,CASA,0.2030797541
BID,2021-Q4,CASA,0.19749398
BID,2021-Q3,CASA,0.1895275391
BID,2021-Q1,CASA,0.1828529036
BID,2020-Q4,CASA,0.1857382612
BID,2020-Q3,CASA,0.1731027905
BID,2020-Q2,CASA,0.1583577412
BID,2020-Q1,CASA,0.1499588359
BID,2019-Q4,CASA,0.1713410888
BID,2019-Q3,CASA,0.1531550612
BID,2019-Q2,CASA,0.1498103899
BID,2019-Q1,CASA,0.152481681
BID,2018-Q4,CASA,0.1714091637
BID,2018-Q3,CASA,0.1722699739
BID,2018-Q2,CASA,0.1799354642
BID,2018-Q1,CASA,0.177365682
BID,2026-Q2,PB,1.4444492583
BID,2026-Q1,PB,1.5840007
BID,2025-Q4,PB,1.64775333
BID,2025-Q3,PB,2.3541310128
BID,2025-Q2,PB,1.7669235892
BID,2025-Q1,PB,1.8025648928
BID,2024-Q4,PB,1.7737789849
BID,2024-Q3,PB,2.0172729177
BID,2024-Q2,PB,2.1716940232
BID,2024-Q1,PB,2.1429254481
BID,2023-Q4,PB,2.5818607243
BID,2023-Q3,PB,2.2952016439
BID,2023-Q2,PB,1.9490186252
BID,2023-Q1,PB,2.2493750379
BID,2022-Q4,PB,2.2605431811
BID,2022-Q3,PB,2.1966793014
BID,2022-Q2,PB,1.8050277169
BID,2022-Q1,PB,2.1050104279
BID,2021-Q4,PB,2.2665518737
BID,2021-Q3,PB,2.7421840401
BID,2021-Q1,PB,2.137525841
BID,2020-Q4,PB,2.1580733779
BID,2020-Q3,PB,2.0510062899
BID,2020-Q2,PB,2.0321259369
BID,2020-Q1,PB,1.9660873075
BID,2019-Q4,PB,1.9213493601
BID,2019-Q3,PB,3.7675019106
BID,2019-Q2,PB,2.517617242
BID,2019-Q1,PB,2.2852360293
BID,2018-Q4,PB,2.3095570599
BID,2018-Q3,PB,2.1295951375
BID,2018-Q2,PB,2.0884177786
BID,2018-Q1,PB,1.8798389586
BID,2026-Q2,PE,8.4356731507
BID,2026-Q1,PE,9.1629615275
BID,2025-Q4,PE,9.4584960283
BID,2025-Q3,PE,14.4138520075
BID,2025-Q2,PE,10.7526579959
BID,2025-Q1,PE,10.6088555207
BID,2024-Q4,PE,10.0372530992
BID,2024-Q3,PE,11.4937934755
BID,2024-Q2,PE,12.3315997054
BID,2024-Q1,PE,12.1319400734
BID,2023-Q4,PE,14.1550542785
BID,2023-Q3,PE,13.3351133448
BID,2023-Q2,PE,10.4728745844
BID,2023-Q1,PE,11.7583409885
BID,2022-Q4,PE,12.3827057626
BID,2022-Q3,PE,13.0323868865
BID,2022-Q2,PE,12.6319656386
BID,2022-Q1,PE,15.8634528891
BID,2021-Q4,PE,17.8773760511
BID,2021-Q3,PE,22.7320462563
BID,2021-Q1,PE,20.1672449325
BID,2020-Q4,PE,23.5689076814
BID,2020-Q3,PE,18.703023457
BID,2020-Q2,PE,18.0409770099
BID,2020-Q1,PE,17.2398629086
BID,2019-Q4,PE,17.1098756992
BID,2019-Q3,PE,26.1016352326
BID,2019-Q2,PE,19.1746849077
BID,2019-Q1,PE,16.6538633368
BID,2018-Q4,PE,16.1692593929
BID,2018-Q3,PE,12.9351512311
BID,2018-Q2,PE,12.9512743486
BID,2018-Q1,PE,12.7411111843
BID,2026-Q2,TotalAssets,3440840854000000.0
BID,2026-Q1,TotalAssets,3388221517000000.0
BID,2025-Q4,TotalAssets,3330825720000000.0
BID,2025-Q3,TotalAssets,3071970196000000.0
BID,2025-Q2,TotalAssets,2991644165000000.0
BID,2025-Q1,TotalAssets,2856110951000000.0
BID,2024-Q4,TotalAssets,2760791854000000.0
BID,2024-Q3,TotalAssets,2575981275000000.0
BID,2024-Q2,TotalAssets,2521071363000000.0
BID,2024-Q1,TotalAssets,2328730752000000.0
BID,2023-Q4,TotalAssets,2300814314000000.0
BID,2023-Q3,TotalAssets,2132854577000000.0
BID,2023-Q2,TotalAssets,2124767632000000.0
BID,2023-Q1,TotalAssets,2106864549000000.0
BID,2022-Q4,TotalAssets,2120527692000000.0
BID,2022-Q3,TotalAssets,2048952718000000.0
BID,2022-Q2,TotalAssets,1979292691000000.0
BID,2022-Q1,TotalAssets,1847704434000000.0
BID,2021-Q4,TotalAssets,1761938950000000.0
BID,2021-Q3,TotalAssets,1686678164000000.0
BID,2021-Q2,TotalAssets,1642336884000000.0
BID,2021-Q1,TotalAssets,1558887407000000.0
BID,2020-Q4,TotalAssets,1516869903000000.0
BID,2020-Q3,TotalAssets,1467805954000000.0
BID,2020-Q2,TotalAssets,1446040448000000.0
BID,2020-Q1,TotalAssets,1446044081000000.0
BID,2019-Q4,TotalAssets,1490104755000000.0
BID,2019-Q3,TotalAssets,1425398552000000.0
BID,2019-Q2,TotalAssets,1400111946000000.0
BID,2019-Q1,TotalAssets,1342938577000000.0
BID,2018-Q4,TotalAssets,1313037674000000.0
BID,2018-Q3,TotalAssets,1268412620000000.0
BID,2018-Q2,TotalAssets,1268266720000000.0
BID,2018-Q1,TotalAssets,1226942713000000.0
BID,2026-Q2,GrossLoans,2501807043000000.0
BID,2026-Q1,GrossLoans,2429610156000000.0
BID,2025-Q4,GrossLoans,2372955074000000.0
BID,2025-Q3,GrossLoans,2237119279000000.0
BID,2025-Q2,GrossLoans,2179879608000000.0
BID,2025-Q1,GrossLoans,2107329969000000.0
BID,2024-Q4,GrossLoans,2056082420000000.0
BID,2024-Q3,GrossLoans,1953065238000000.0
BID,2024-Q2,GrossLoans,1882815402000000.0
BID,2024-Q1,GrossLoans,1793930234000000.0
BID,2023-Q4,GrossLoans,1777664882000000.0
BID,2023-Q3,GrossLoans,1653452141000000.0
BID,2023-Q2,GrossLoans,1629066617000000.0
BID,2023-Q1,GrossLoans,1597152494000000.0
BID,2022-Q4,GrossLoans,1522228544000000.0
BID,2022-Q3,GrossLoans,1494903866000000.0
BID,2022-Q2,GrossLoans,1483038764000000.0
BID,2022-Q1,GrossLoans,1417854147000000.0
BID,2021-Q4,GrossLoans,1354632643000000.0
BID,2021-Q3,GrossLoans,1328679993000000.0
BID,2021-Q2,GrossLoans,1297445087000000.0
BID,2021-Q1,GrossLoans,1233545783000000.0
BID,2020-Q4,GrossLoans,1214295917000000.0
BID,2020-Q3,GrossLoans,1145358910000000.0
BID,2020-Q2,GrossLoans,1139226525000000.0
BID,2020-Q1,GrossLoans,1105558635000000.0
BID,2019-Q4,GrossLoans,1116924879000000.0
BID,2019-Q3,GrossLoans,1073510550000000.0
BID,2019-Q2,GrossLoans,1065030363000000.0
BID,2019-Q1,GrossLoans,1024434938000000.0
BID,2018-Q4,GrossLoans,988738780000000.0
BID,2018-Q3,GrossLoans,968752333000000.0
BID,2018-Q2,GrossLoans,929167956000000.0
BID,2018-Q1,GrossLoans,878752977000000.0
BID,2026-Q2,CustomerDeposits,2261489130000000.0
BID,2026-Q1,CustomerDeposits,2140960791000000.0
BID,2025-Q4,CustomerDeposits,2222991628000000.0
BID,2025-Q3,CustomerDeposits,2087181421000000.0
BID,2025-Q2,CustomerDeposits,2074787517000000.0
BID,2025-Q1,CustomerDeposits,1976945954000000.0
BID,2024-Q4,CustomerDeposits,1953165486000000.0
BID,2024-Q3,CustomerDeposits,1873724961000000.0
BID,2024-Q2,CustomerDeposits,1806924961000000.0
BID,2024-Q1,CustomerDeposits,1734779072000000.0
BID,2023-Q4,CustomerDeposits,1704269050000000.0
BID,2023-Q3,CustomerDeposits,1583543509000000.0
BID,2023-Q2,CustomerDeposits,1545569148000000.0
BID,2023-Q1,CustomerDeposits,1497395473000000.0
BID,2022-Q4,CustomerDeposits,1473604981000000.0
BID,2022-Q3,CustomerDeposits,1414224009000000.0
BID,2022-Q2,CustomerDeposits,1406297004000000.0
BID,2022-Q1,CustomerDeposits,1396301169000000.0
BID,2021-Q4,CustomerDeposits,1380401585000000.0
BID,2021-Q3,CustomerDeposits,1309952776000000.0
BID,2021-Q2,CustomerDeposits,1293956654000000.0
BID,2021-Q1,CustomerDeposits,1225957672000000.0
BID,2020-Q4,CustomerDeposits,1226673942000000.0
BID,2020-Q3,CustomerDeposits,1145003968000000.0
BID,2020-Q2,CustomerDeposits,1131397775000000.0
BID,2020-Q1,CustomerDeposits,1100292897000000.0
BID,2019-Q4,CustomerDeposits,1114231270000000.0
BID,2019-Q3,CustomerDeposits,1084798261000000.0
BID,2019-Q2,CustomerDeposits,1059790493000000.0
BID,2019-Q1,CustomerDeposits,1014934561000000.0
BID,2018-Q4,CustomerDeposits,989671155000000.0
BID,2018-Q3,CustomerDeposits,953512834000000.0
BID,2018-Q2,CustomerDeposits,964542964000000.0
BID,2018-Q1,CustomerDeposits,910053496000000.0
BID,2026-Q2,Equity,198783286000000.0
BID,2026-Q1,Equity,190623160000000.0
BID,2025-Q4,Equity,173552902000000.0
BID,2025-Q3,Equity,167986701000000.0
BID,2025-Q2,Equity,162737310000000.0
BID,2025-Q1,Equity,155906310000000.0
BID,2024-Q4,Equity,144911113000000.0
BID,2024-Q3,Equity,138439656000000.0
BID,2024-Q2,Equity,134717273000000.0
BID,2024-Q1,Equity,129017835000000.0
BID,2023-Q4,Equity,122917044000000.0
BID,2023-Q3,Equity,119087838000000.0
BID,2023-Q2,Equity,114151644000000.0
BID,2023-Q1,Equity,109848462000000.0
BID,2022-Q4,Equity,104205565000000.0
BID,2022-Q3,Equity,100925060000000.0
BID,2022-Q2,Equity,93917539000000.0
BID,2022-Q1,Equity,89837725000000.0
BID,2021-Q4,Equity,86366645000000.0
BID,2021-Q3,Equity,86018243000000.0
BID,2021-Q2,Equity,84548510000000.0
BID,2021-Q1,Equity,82263294000000.0
BID,2020-Q4,Equity,79788457000000.0
BID,2020-Q3,Equity,81440725000000.0
BID,2020-Q2,Equity,79646142000000.0
BID,2020-Q1,Equity,79269318000000.0
BID,2019-Q4,Equity,77766282000000.0
BID,2019-Q3,Equity,59377000000000.0
BID,2019-Q2,Equity,57528475000000.0
BID,2019-Q1,Equity,56652302000000.0
BID,2018-Q4,Equity,54693106000000.0
BID,2018-Q3,Equity,53719928000000.0
BID,2018-Q2,Equity,53199898000000.0
BID,2018-Q1,Equity,50803246000000.0
BID,2026-Q2,NPAT,8294916000000.0
BID,2026-Q1,NPAT,6878794000000.0
BID,2025-Q4,NPAT,11489771000000.0
BID,2025-Q3,NPAT,6086910000000.0
BID,2025-Q2,NPAT,6898187000000.0
BID,2025-Q1,NPAT,5955262000000.0
BID,2024-Q4,NPAT,7946423000000.0
BID,2024-Q3,NPAT,5213866000000.0
BID,2024-Q2,NPAT,6528169000000.0
BID,2024-Q1,NPAT,5915579000000.0
BID,2023-Q4,NPAT,6190625000000.0
BID,2023-Q3,NPAT,4727935000000.0
BID,2023-Q2,NPAT,5549837000000.0
BID,2023-Q1,NPAT,5559041000000.0
BID,2022-Q4,NPAT,4156992000000.0
BID,2022-Q3,NPAT,5354232000000.0
BID,2022-Q2,NPAT,5199635000000.0
BID,2022-Q1,NPAT,3637665000000.0
BID,2021-Q4,NPAT,2295616000000.0
BID,2021-Q3,NPAT,2122316000000.0
BID,2021-Q2,NPAT,3739175000000.0
BID,2021-Q1,NPAT,2721539000000.0
BID,2020-Q4,NPAT,1695842000000.0
BID,2020-Q3,NPAT,2174065000000.0
BID,2020-Q2,NPAT,2048283000000.0
BID,2020-Q1,NPAT,1444453000000.0
BID,2019-Q4,NPAT,3019746000000.0
BID,2019-Q3,NPAT,1874173000000.0
BID,2019-Q2,NPAT,1746245000000.0
BID,2019-Q1,NPAT,2024729000000.0
BID,2018-Q4,NPAT,1725107000000.0
BID,2018-Q3,NPAT,1810329000000.0
BID,2018-Q2,NPAT,1985288000000.0
BID,2018-Q1,NPAT,2021109000000.0
BID,2026-Q2,NetInterestIncome,17804231000000.0
BID,2026-Q1,NetInterestIncome,15733743000000.0
BID,2025-Q4,NetInterestIncome,19185173000000.0
BID,2025-Q3,NetInterestIncome,15172618000000.0
BID,2025-Q2,NetInterestIncome,14991731000000.0
BID,2025-Q1,NetInterestIncome,13945584000000.0
BID,2024-Q4,NetInterestIncome,15638729000000.0
BID,2024-Q3,NetInterestIncome,13989724000000.0
BID,2024-Q2,NetInterestIncome,14837763000000.0
BID,2024-Q1,NetInterestIncome,13541360000000.0
BID,2023-Q4,NetInterestIncome,14869088000000.0
BID,2023-Q3,NetInterestIncome,13783096000000.0
BID,2023-Q2,NetInterestIncome,13547188000000.0
BID,2023-Q1,NetInterestIncome,13936193000000.0
BID,2022-Q4,NetInterestIncome,14428201000000.0
BID,2022-Q3,NetInterestIncome,14098425000000.0
BID,2022-Q2,NetInterestIncome,14607145000000.0
BID,2022-Q1,NetInterestIncome,12825927000000.0
BID,2021-Q4,NetInterestIncome,10853341000000.0
BID,2021-Q3,NetInterestIncome,12204661000000.0
BID,2021-Q2,NetInterestIncome,12929461000000.0
BID,2021-Q1,NetInterestIncome,10830069000000.0
BID,2020-Q4,NetInterestIncome,10565402000000.0
BID,2020-Q3,NetInterestIncome,9144289000000.0
BID,2020-Q2,NetInterestIncome,6939043000000.0
BID,2020-Q1,NetInterestIncome,9148651000000.0
BID,2019-Q4,NetInterestIncome,9596941000000.0
BID,2019-Q3,NetInterestIncome,8751685000000.0
BID,2019-Q2,NetInterestIncome,9101188000000.0
BID,2019-Q1,NetInterestIncome,8545052000000.0
BID,2018-Q4,NetInterestIncome,9339940000000.0
BID,2018-Q3,NetInterestIncome,8150983000000.0
BID,2018-Q2,NetInterestIncome,8299299000000.0
BID,2018-Q1,NetInterestIncome,9165640000000.0
BID,2026-Q2,OperatingIncome,23637194000000.0
BID,2026-Q1,OperatingIncome,20697562000000.0
BID,2025-Q4,OperatingIncome,30072144000000.0
BID,2025-Q3,OperatingIncome,21154183000000.0
BID,2025-Q2,OperatingIncome,22089195000000.0
BID,2025-Q1,OperatingIncome,17898410000000.0
BID,2024-Q4,OperatingIncome,26406181000000.0
BID,2024-Q3,OperatingIncome,17258588000000.0
BID,2024-Q2,OperatingIncome,20224863000000.0
BID,2024-Q1,OperatingIncome,17171234000000.0
BID,2023-Q4,OperatingIncome,20601618000000.0
BID,2023-Q3,OperatingIncome,17886861000000.0
BID,2023-Q2,OperatingIncome,17257161000000.0
BID,2023-Q1,OperatingIncome,17278396000000.0
BID,2022-Q4,OperatingIncome,17566809000000.0
BID,2022-Q3,OperatingIncome,17554528000000.0
BID,2022-Q2,OperatingIncome,18131442000000.0
BID,2022-Q1,OperatingIncome,16226800000000.0
BID,2021-Q4,OperatingIncome,15251735000000.0
BID,2021-Q3,OperatingIncome,15246776000000.0
BID,2021-Q2,OperatingIncome,17291664000000.0
BID,2021-Q1,OperatingIncome,14605044000000.0
BID,2020-Q4,OperatingIncome,15479678000000.0
BID,2020-Q3,OperatingIncome,12392568000000.0
BID,2020-Q2,OperatingIncome,10823487000000.0
BID,2020-Q1,OperatingIncome,11338856000000.0
BID,2019-Q4,OperatingIncome,13906608000000.0
BID,2019-Q3,OperatingIncome,11588064000000.0
BID,2019-Q2,OperatingIncome,11965523000000.0
BID,2019-Q1,OperatingIncome,10705259000000.0
BID,2018-Q4,OperatingIncome,11624317000000.0
BID,2018-Q3,OperatingIncome,10865893000000.0
BID,2018-Q2,OperatingIncome,10722054000000.0
BID,2018-Q1,OperatingIncome,11278347000000.0
CTG,2026-Q2,ROE,0.2176080705
CTG,2026-Q1,ROE,0.217091936
CTG,2025-Q4,ROE,0.2109002393
CTG,2025-Q3,ROE,0.2095951299
CTG,2025-Q2,ROE,0.1983396542
CTG,2025-Q1,ROE,0.1781584051
CTG,2024-Q4,ROE,0.1847695587
CTG,2024-Q3,ROE,0.1619806236
CTG,2024-Q2,ROE,0.1573759619
CTG,2024-Q1,ROE,0.1617335633
CTG,2023-Q4,ROE,0.1699791545
CTG,2023-Q3,ROE,0.1572301237
CTG,2023-Q2,ROE,0.1581290875
CTG,2023-Q1,ROE,0.1585577156
CTG,2022-Q4,ROE,0.1662403072
CTG,2022-Q3,ROE,0.1553582796
CTG,2022-Q2,ROE,0.1505372438
CTG,2022-Q1,ROE,0.1573628965
CTG,2021-Q4,ROE,0.1805922508
CTG,2021-Q3,ROE,0.1805922508
CTG,2021-Q1,ROE,0.2075822204351425
CTG,2020-Q4,ROE,0.168260967
CTG,2020-Q3,ROE,0.1370067319
CTG,2020-Q2,ROE,0.1429504449
CTG,2020-Q1,ROE,0.1231782942
CTG,2019-Q4,ROE,0.130796871
CTG,2019-Q3,ROE,0.0858877067
CTG,2019-Q2,ROE,0.078272478
CTG,2019-Q1,ROE,0.080139577
CTG,2018-Q4,ROE,0.0825166285
CTG,2018-Q3,ROE,0.1147920555
CTG,2018-Q2,ROE,0.1193724854
CTG,2018-Q1,ROE,0.1240491174
CTG,2026-Q2,ROA,0.0140766514
CTG,2026-Q1,ROA,0.0137763153
CTG,2025-Q4,ROA,0.0134305828
CTG,2025-Q3,ROA,0.0130388701
CTG,2025-Q2,ROA,0.0124243001
CTG,2025-Q1,ROA,0.0111645876
CTG,2024-Q4,ROA,0.0114749694
CTG,2024-Q3,ROA,0.0101955449
CTG,2024-Q2,ROA,0.0099541455
CTG,2024-Q1,ROA,0.0102533718
CTG,2023-Q4,ROA,0.0103625882
CTG,2023-Q3,ROA,0.0098261541
CTG,2023-Q2,ROA,0.0097229779
CTG,2023-Q1,ROA,0.009639872
CTG,2022-Q4,ROA,0.0100449029
CTG,2022-Q3,ROA,0.0093827613
CTG,2022-Q2,ROA,0.0092767585
CTG,2022-Q1,ROA,0.0098076178
CTG,2021-Q4,ROA,0.0117925428
CTG,2021-Q3,ROA,0.0117925428
CTG,2021-Q1,ROA,0.013671962544322
CTG,2020-Q4,ROA,0.0106063543
CTG,2020-Q3,ROA,0.0088457017
CTG,2020-Q2,ROA,0.0090943789
CTG,2020-Q1,ROA,0.0077101328
CTG,2019-Q4,ROA,0.0078679938
CTG,2019-Q3,ROA,0.0052107581
CTG,2019-Q2,ROA,0.0046957182
CTG,2019-Q1,ROA,0.0047759336
CTG,2018-Q4,ROA,0.0047921749
CTG,2018-Q3,ROA,0.0067989178
CTG,2018-Q2,ROA,0.0070402641
CTG,2018-Q1,ROA,0.0072711642
CTG,2026-Q2,NIM,0.0268977165
CTG,2026-Q1,NIM,0.0258964567
CTG,2025-Q4,NIM,0.0262384002
CTG,2025-Q3,NIM,0.0257229484
CTG,2025-Q2,NIM,0.026485883
CTG,2025-Q1,NIM,0.0275990772
CTG,2024-Q4,NIM,0.0288603186
CTG,2024-Q3,NIM,0.0292118792
CTG,2024-Q2,NIM,0.0292519604
CTG,2024-Q1,NIM,0.0290670919
CTG,2023-Q4,NIM,0.0286078079
CTG,2023-Q3,NIM,0.0287797954
CTG,2023-Q2,NIM,0.0293209159
CTG,2023-Q1,NIM,0.0296443873
CTG,2022-Q4,NIM,0.0297935698
CTG,2022-Q3,NIM,0.0283991026
CTG,2022-Q2,NIM,0.0277519471
CTG,2022-Q1,NIM,0.0301576191
CTG,2021-Q4,NIM,0.0308899091
CTG,2021-Q3,NIM,0.0308899091
CTG,2021-Q1,NIM,0.0303097032010555
CTG,2020-Q4,NIM,0.0286414014
CTG,2020-Q3,NIM,0.0284309039
CTG,2020-Q2,NIM,0.0281535439
CTG,2020-Q1,NIM,0.0288954602
CTG,2019-Q4,NIM,0.0286833001
CTG,2019-Q3,NIM,0.0222499805
CTG,2019-Q2,NIM,0.0216515815
CTG,2019-Q1,NIM,0.0209264312
CTG,2018-Q4,NIM,0.0207724895
CTG,2018-Q3,NIM,0.0268847063
CTG,2018-Q2,NIM,0.0266089822
CTG,2018-Q1,NIM,0.0274192081
CTG,2026-Q2,NPL,0.0119840842
CTG,2026-Q1,NPL,0.0101541642
CTG,2025-Q4,NPL,0.0110005995
CTG,2025-Q3,NPL,0.0109127009
CTG,2025-Q2,NPL,0.0130641885
CTG,2025-Q1,NPL,0.0155355847
CTG,2024-Q4,NPL,0.0121895
CTG,2024-Q3,NPL,0.0144669849
CTG,2024-Q2,NPL,0.0156826496
CTG,2024-Q1,NPL,0.0134716307
CTG,2023-Q4,NPL,0.0112725376
CTG,2023-Q3,NPL,0.0136630097
CTG,2023-Q2,NPL,0.0127332099
CTG,2023-Q1,NPL,0.0127787016
CTG,2022-Q4,NPL,0.0123946587
CTG,2022-Q3,NPL,0.0141754005
CTG,2022-Q2,NPL,0.0134650506
CTG,2022-Q1,NPL,0.0126478046
CTG,2021-Q4,NPL,0.0166857647
CTG,2021-Q3,NPL,0.0166857647
CTG,2021-Q1,NPL,0.0088026234880089
CTG,2020-Q4,NPL,0.0093753463
CTG,2020-Q3,NPL,0.0187361537
CTG,2020-Q2,NPL,0.0169659327
CTG,2020-Q1,NPL,0.0183158017
CTG,2019-Q4,NPL,0.0115617951
CTG,2019-Q3,NPL,0.0156451587
CTG,2019-Q2,NPL,0.014691152
CTG,2019-Q1,NPL,0.0185266804
CTG,2018-Q4,NPL,0.0158290453
CTG,2018-Q3,NPL,0.0136014796
CTG,2018-Q2,NPL,0.0129417344
CTG,2018-Q1,NPL,0.0124593979
CTG,2025-Q2,CAR,0.1029
CTG,2024-Q2,CAR,0.0954
CTG,2023-Q2,CAR,0.0894
CTG,2022-Q2,CAR,0.0896
CTG,2026-Q2,CIR,0.2408816283
CTG,2026-Q1,CIR,0.2494372659
CTG,2025-Q4,CIR,0.3041753615
CTG,2025-Q3,CIR,0.2676450452
CTG,2025-Q2,CIR,0.279539974
CTG,2025-Q1,CIR,0.2698440155
CTG,2024-Q4,CIR,0.2752568858
CTG,2024-Q3,CIR,0.2781014841
CTG,2024-Q2,CIR,0.2583319302
CTG,2024-Q1,CIR,0.252135941
CTG,2023-Q4,CIR,0.2897807335
CTG,2023-Q3,CIR,0.292176968
CTG,2023-Q2,CIR,0.2669029756
CTG,2023-Q1,CIR,0.2534891052
CTG,2022-Q4,CIR,0.2964509553
CTG,2022-Q3,CIR,0.2797817432
CTG,2022-Q2,CIR,0.2680145861
CTG,2022-Q1,CIR,0.3233058483
CTG,2021-Q4,CIR,0.297575007
CTG,2021-Q3,CIR,0.297575007
CTG,2021-Q1,CIR,0.2717906534671783
CTG,2020-Q4,CIR,0.3549483406
CTG,2020-Q3,CIR,0.3256714773
CTG,2020-Q2,CIR,0.3290037362
CTG,2020-Q1,CIR,0.3104954933
CTG,2019-Q4,CIR,0.3883292309
CTG,2019-Q3,CIR,0.3616751543
CTG,2019-Q2,CIR,0.3641058283
CTG,2019-Q1,CIR,0.3361403915
CTG,2018-Q4,CIR,0.4960779355
CTG,2018-Q3,CIR,0.3854766159
CTG,2018-Q2,CIR,0.4308705268
CTG,2018-Q1,CIR,0.3911280039
CTG,2026-Q2,LDR,1.10677871
CTG,2026-Q1,LDR,1.1120050646
CTG,2025-Q4,LDR,1.1106858799
CTG,2025-Q3,LDR,1.1211109406
CTG,2025-Q2,LDR,1.1043012487
CTG,2025-Q1,LDR,1.1105531414
CTG,2024-Q4,LDR,1.0719895585
CTG,2024-Q3,LDR,1.0583371058
CTG,2024-Q2,LDR,1.0713777425
CTG,2024-Q1,LDR,1.0607514469
CTG,2023-Q4,LDR,1.0442593866
CTG,2023-Q3,LDR,1.0579677244
CTG,2023-Q2,LDR,1.0376384782
CTG,2023-Q1,LDR,1.0477534167
CTG,2022-Q4,LDR,1.0205300729
CTG,2022-Q3,LDR,1.0466626298
CTG,2022-Q2,LDR,1.0273031738
CTG,2022-Q1,LDR,0.9731631479
CTG,2021-Q4,LDR,1.0109173109
CTG,2021-Q3,LDR,1.0109173109
CTG,2021-Q1,LDR,1.013390064239502
CTG,2020-Q4,LDR,1.0252460822
CTG,2020-Q3,LDR,1.0200555735
CTG,2020-Q2,LDR,1.0308410352
CTG,2020-Q1,LDR,1.0311164391
CTG,2019-Q4,LDR,1.047587836
CTG,2019-Q3,LDR,1.0388114663
CTG,2019-Q2,LDR,1.0456688612
CTG,2019-Q1,LDR,1.0448425639
CTG,2018-Q4,LDR,1.0473590041
CTG,2018-Q3,LDR,1.0797679788
CTG,2018-Q2,LDR,1.0177361707
CTG,2018-Q1,LDR,1.0469856975
CTG,2026-Q2,CASA,0.2349830174
CTG,2026-Q1,CASA,0.2485099091
CTG,2025-Q4,CASA,0.2553893249
CTG,2025-Q3,CASA,0.2510921317
CTG,2025-Q2,CASA,0.2490329316
CTG,2025-Q1,CASA,0.2435195475
CTG,2024-Q4,CASA,0.2484642074
CTG,2024-Q3,CASA,0.2314990709
CTG,2024-Q2,CASA,0.2276602615
CTG,2024-Q1,CASA,0.2218343603
CTG,2023-Q4,CASA,0.2254670373
CTG,2023-Q3,CASA,0.1998206414
CTG,2023-Q2,CASA,0.1874449444
CTG,2023-Q1,CASA,0.1806297637
CTG,2022-Q4,CASA,0.2002239845
CTG,2022-Q3,CASA,0.204528955
CTG,2022-Q2,CASA,0.1990189131
CTG,2022-Q1,CASA,0.2016001202
CTG,2021-Q4,CASA,0.200962532
CTG,2021-Q3,CASA,0.1929879392
CTG,2021-Q1,CASA,0.1869074546
CTG,2020-Q4,CASA,0.1961012656
CTG,2020-Q3,CASA,0.1804578722
CTG,2020-Q2,CASA,0.1640508261
CTG,2020-Q1,CASA,0.1490264058
CTG,2019-Q4,CASA,0.17016554
CTG,2019-Q3,CASA,0.1551910784
CTG,2019-Q2,CASA,0.1515720657
CTG,2019-Q1,CASA,0.1530955586
CTG,2018-Q4,CASA,0.1589260829
CTG,2018-Q3,CASA,0.1449855181
CTG,2018-Q2,CASA,0.1412245147
CTG,2018-Q1,CASA,0.1526995644
CTG,2026-Q2,PB,1.225805661
CTG,2026-Q1,PB,1.3508258532
CTG,2025-Q4,PB,1.5255454637
CTG,2025-Q3,PB,1.908187043
CTG,2025-Q2,PB,1.7952342733
CTG,2025-Q1,PB,1.5555429688
CTG,2024-Q4,PB,1.3740372886
CTG,2024-Q3,PB,1.4163316712
CTG,2024-Q2,PB,1.433469585
CTG,2024-Q1,PB,1.3250765449
CTG,2023-Q4,PB,1.5421308573
CTG,2023-Q3,PB,1.3960398892
CTG,2023-Q2,PB,1.213171552
CTG,2023-Q1,PB,1.285115942
CTG,2022-Q4,PB,1.3017748571
CTG,2022-Q3,PB,1.3270975177
CTG,2022-Q2,PB,1.055038073
CTG,2022-Q1,PB,1.3076787033
CTG,2021-Q4,PB,1.4579371491
CTG,2021-Q3,PB,1.7483106177
CTG,2021-Q1,PB,1.843626227
CTG,2020-Q4,PB,1.7450880118
CTG,2020-Q3,PB,1.3723168051
CTG,2020-Q2,PB,1.3837464964
CTG,2020-Q1,PB,1.0586023013
CTG,2019-Q4,PB,0.9309312015
CTG,2019-Q3,PB,1.2675655476
CTG,2019-Q2,PB,1.1391538946
CTG,2019-Q1,PB,1.1039285976
CTG,2018-Q4,PB,1.1781302043
CTG,2018-Q3,PB,1.0939626718
CTG,2018-Q2,PB,1.2203872788
CTG,2018-Q1,PB,1.3482423275
CTG,2026-Q2,PE,6.0708315808
CTG,2026-Q1,PE,6.645281248
CTG,2025-Q4,PE,7.8669409272
CTG,2025-Q3,PE,9.6574823913
CTG,2025-Q2,PE,9.7010862292
CTG,2025-Q1,PE,9.2176089344
CTG,2024-Q4,PE,7.9972963254
CTG,2024-Q3,PE,9.1567296577
CTG,2024-Q2,PE,9.5332393341
CTG,2024-Q1,PE,8.5302846743
CTG,2023-Q4,PE,9.6858451598
CTG,2023-Q3,PE,9.3284709241
CTG,2023-Q2,PE,8.0785329747
CTG,2023-Q1,PE,8.4556038115
CTG,2022-Q4,PE,8.3366155321
CTG,2022-Q3,PE,8.9827321732
CTG,2022-Q2,PE,7.328079565
CTG,2022-Q1,PE,10.3778688065
CTG,2021-Q4,PE,9.6191693531
CTG,2021-Q3,PE,10.0460008753
CTG,2021-Q1,PE,9.4889223724
CTG,2020-Q4,PE,10.8083675988
CTG,2020-Q3,PE,10.3447096971
CTG,2020-Q2,PE,9.9825381517
CTG,2020-Q1,PE,8.8629083673
CTG,2019-Q4,PE,7.5560036853
CTG,2019-Q3,PE,15.3953762262
CTG,2019-Q2,PE,14.9501462621
CTG,2019-Q1,PE,13.9611156905
CTG,2018-Q4,PE,14.6145351111
CTG,2018-Q3,PE,9.9071105012
CTG,2018-Q2,PE,10.6457275746
CTG,2018-Q1,PE,11.3424477998
CTG,2026-Q2,TotalAssets,2962003670000000.0
CTG,2026-Q1,TotalAssets,2924176928000000.0
CTG,2025-Q4,TotalAssets,2767699300000000.0
CTG,2025-Q3,TotalAssets,2761550938000000.0
CTG,2025-Q2,TotalAssets,2609788006000000.0
CTG,2025-Q1,TotalAssets,2469863401000000.0
CTG,2024-Q4,TotalAssets,2385387732000000.0
CTG,2024-Q3,TotalAssets,2229791111000000.0
CTG,2024-Q2,TotalAssets,2161436302000000.0
CTG,2024-Q1,TotalAssets,2077615056000000.0
CTG,2023-Q4,TotalAssets,2032690017000000.0
CTG,2023-Q3,TotalAssets,1888338295000000.0
CTG,2023-Q2,TotalAssets,1860104522000000.0
CTG,2023-Q1,TotalAssets,1823962183000000.0
CTG,2022-Q4,TotalAssets,1809188549000000.0
CTG,2022-Q3,TotalAssets,1750789603000000.0
CTG,2022-Q2,TotalAssets,1691061895000000.0
CTG,2022-Q1,TotalAssets,1663730167000000.0
CTG,2021-Q4,TotalAssets,1531468324000000.0
CTG,2021-Q3,TotalAssets,1447809011000000.0
CTG,2021-Q2,TotalAssets,1473013792000000.0
CTG,2021-Q1,TotalAssets,1343984509000000.0
CTG,2020-Q4,TotalAssets,1341392922000000.0
CTG,2020-Q3,TotalAssets,1261204481000000.0
CTG,2020-Q2,TotalAssets,1239556783000000.0
CTG,2020-Q1,TotalAssets,1222651543000000.0
CTG,2019-Q4,TotalAssets,1240789413000000.0
CTG,2019-Q3,TotalAssets,1202209786000000.0
CTG,2019-Q2,TotalAssets,1183795177000000.0
CTG,2019-Q1,TotalAssets,1146773760000000.0
CTG,2018-Q4,TotalAssets,1164318266000000.0
CTG,2018-Q3,TotalAssets,1172517257000000.0
CTG,2018-Q2,TotalAssets,1140117457000000.0
CTG,2018-Q1,TotalAssets,1114094907000000.0
CTG,2026-Q2,GrossLoans,2092707758000000.0
CTG,2026-Q1,GrossLoans,2028494571000000.0
CTG,2025-Q4,GrossLoans,1992272868000000.0
CTG,2025-Q3,GrossLoans,1990563217000000.0
CTG,2025-Q2,GrossLoans,1899351501000000.0
CTG,2025-Q1,GrossLoans,1800459242000000.0
CTG,2024-Q4,GrossLoans,1721954714000000.0
CTG,2024-Q3,GrossLoans,1605381436000000.0
CTG,2024-Q2,GrossLoans,1571529403000000.0
CTG,2024-Q1,GrossLoans,1514397585000000.0
CTG,2023-Q4,GrossLoans,1473344564000000.0
CTG,2023-Q3,GrossLoans,1386280071000000.0
CTG,2023-Q2,GrossLoans,1359356681000000.0
CTG,2023-Q1,GrossLoans,1333109461000000.0
CTG,2022-Q4,GrossLoans,1274821709000000.0
CTG,2022-Q3,GrossLoans,1245238538000000.0
CTG,2022-Q2,GrossLoans,1238483280000000.0
CTG,2022-Q1,GrossLoans,1229579098000000.0
CTG,2021-Q4,GrossLoans,1130667767000000.0
CTG,2021-Q3,GrossLoans,1084605792000000.0
CTG,2021-Q2,GrossLoans,1076580794000000.0
CTG,2021-Q1,GrossLoans,1017140022000000.0
CTG,2020-Q4,GrossLoans,1015333270000000.0
CTG,2020-Q3,GrossLoans,958011088000000.0
CTG,2020-Q2,GrossLoans,941487524000000.0
CTG,2020-Q1,GrossLoans,923623069000000.0
CTG,2019-Q4,GrossLoans,935270945000000.0
CTG,2019-Q3,GrossLoans,899056206000000.0
CTG,2019-Q2,GrossLoans,885535114000000.0
CTG,2019-Q1,GrossLoans,861590291000000.0
CTG,2018-Q4,GrossLoans,864925948000000.0
CTG,2018-Q3,GrossLoans,891617481000000.0
CTG,2018-Q2,GrossLoans,867566175000000.0
CTG,2018-Q1,GrossLoans,826357266000000.0
CTG,2026-Q2,CustomerDeposits,1890809553000000.0
CTG,2026-Q1,CustomerDeposits,1824177457000000.0
CTG,2025-Q4,CustomerDeposits,1793732057000000.0
CTG,2025-Q3,CustomerDeposits,1775527421000000.0
CTG,2025-Q2,CustomerDeposits,1719957759000000.0
CTG,2025-Q1,CustomerDeposits,1621227454000000.0
CTG,2024-Q4,CustomerDeposits,1606316685000000.0
CTG,2024-Q3,CustomerDeposits,1516890438000000.0
CTG,2024-Q2,CustomerDeposits,1466830363000000.0
CTG,2024-Q1,CustomerDeposits,1427664878000000.0
CTG,2023-Q4,CustomerDeposits,1410899038000000.0
CTG,2023-Q3,CustomerDeposits,1310323594000000.0
CTG,2023-Q2,CustomerDeposits,1310048451000000.0
CTG,2023-Q1,CustomerDeposits,1272350383000000.0
CTG,2022-Q4,CustomerDeposits,1249181034000000.0
CTG,2022-Q3,CustomerDeposits,1189722937000000.0
CTG,2022-Q2,CustomerDeposits,1205567462000000.0
CTG,2022-Q1,CustomerDeposits,1212678007000000.0
CTG,2021-Q4,CustomerDeposits,1161796827000000.0
CTG,2021-Q3,CustomerDeposits,1072892689000000.0
CTG,2021-Q2,CustomerDeposits,1039512563000000.0
CTG,2021-Q1,CustomerDeposits,1003700363000000.0
CTG,2020-Q4,CustomerDeposits,990331385000000.0
CTG,2020-Q3,CustomerDeposits,939175387000000.0
CTG,2020-Q2,CustomerDeposits,913319796000000.0
CTG,2020-Q1,CustomerDeposits,895750503000000.0
CTG,2019-Q4,CustomerDeposits,892782111000000.0
CTG,2019-Q3,CustomerDeposits,865466194000000.0
CTG,2019-Q2,CustomerDeposits,846859983000000.0
CTG,2019-Q1,CustomerDeposits,824612550000000.0
CTG,2018-Q4,CustomerDeposits,825816119000000.0
CTG,2018-Q3,CustomerDeposits,825749141000000.0
CTG,2018-Q2,CustomerDeposits,852447029000000.0
CTG,2018-Q1,CustomerDeposits,789272736000000.0
CTG,2026-Q2,Equity,200214302000000.0
CTG,2026-Q1,Equity,188692158000000.0
CTG,2025-Q4,Equity,179655005000000.0
CTG,2025-Q3,Equity,169881000000000.0
CTG,2025-Q2,Equity,163826196000000.0
CTG,2025-Q1,Equity,153982172000000.0
CTG,2024-Q4,Equity,148504708000000.0
CTG,2024-Q3,Equity,140985956000000.0
CTG,2024-Q2,Equity,135972854000000.0
CTG,2024-Q1,Equity,130582488000000.0
CTG,2023-Q4,Equity,127570582000000.0
CTG,2023-Q3,Equity,122005123000000.0
CTG,2023-Q2,Equity,118060373000000.0
CTG,2023-Q1,Equity,112945173000000.0
CTG,2022-Q4,Equity,108304722000000.0
CTG,2022-Q3,Equity,106108656000000.0
CTG,2022-Q2,Equity,102782081000000.0
CTG,2022-Q1,Equity,98296423000000.0
CTG,2021-Q4,Equity,93653118000000.0
CTG,2021-Q3,Equity,95601232000000.0
CTG,2021-Q2,Equity,93247451000000.0
CTG,2021-Q1,Equity,91837105000000.0
CTG,2020-Q4,Equity,85395014000000.0
CTG,2020-Q3,Equity,83322463000000.0
CTG,2020-Q2,Equity,81019441000000.0
CTG,2020-Q1,Equity,78811234000000.0
CTG,2019-Q4,Equity,77355580000000.0
CTG,2019-Q3,Equity,74878643000000.0
CTG,2019-Q2,Equity,72497243000000.0
CTG,2019-Q1,Equity,70125496000000.0
CTG,2018-Q4,Equity,67468807000000.0
CTG,2018-Q3,Equity,69915125000000.0
CTG,2018-Q2,Equity,68042463000000.0
CTG,2018-Q1,Equity,66171887000000.0
CTG,2026-Q2,NPAT,11783490000000.0
CTG,2026-Q1,NPAT,8960041000000.0
CTG,2025-Q4,NPAT,11107411000000.0
CTG,2025-Q3,NPAT,8512463000000.0
CTG,2025-Q2,NPAT,9752005000000.0
CTG,2025-Q1,NPAT,5499387000000.0
CTG,2024-Q4,NPAT,9878172000000.0
CTG,2024-Q3,NPAT,5192512000000.0
CTG,2024-Q2,NPAT,5409359000000.0
CTG,2024-Q1,NPAT,5002524000000.0
CTG,2023-Q4,NPAT,6143224000000.0
CTG,2023-Q3,NPAT,3895322000000.0
CTG,2023-Q2,NPAT,5263655000000.0
CTG,2023-Q1,NPAT,4831201000000.0
CTG,2022-Q4,NPAT,4273632000000.0
CTG,2022-Q3,NPAT,3319664000000.0
CTG,2022-Q2,NPAT,4680851000000.0
CTG,2022-Q1,NPAT,4697912000000.0
CTG,2021-Q4,NPAT,2985705000000.0
CTG,2021-Q3,NPAT,2465637000000.0
CTG,2021-Q2,NPAT,2296457000000.0
CTG,2021-Q1,NPAT,6471151000000.0
CTG,2020-Q4,NPAT,5428599000000.0
CTG,2020-Q3,NPAT,2341649000000.0
CTG,2020-Q2,NPAT,3610243000000.0
CTG,2020-Q1,NPAT,2404717000000.0
CTG,2019-Q4,NPAT,2653766000000.0
CTG,2019-Q3,NPAT,2517146000000.0
CTG,2019-Q2,NPAT,1768276000000.0
CTG,2019-Q1,NPAT,2539084000000.0
CTG,2018-Q4,NPAT,-848545000000.0
CTG,2018-Q3,NPAT,1872915000000.0
CTG,2018-Q2,NPAT,1812339000000.0
CTG,2018-Q1,NPAT,2440537000000.0
CTG,2026-Q2,NetInterestIncome,20730462000000.0
CTG,2026-Q1,NetInterestIncome,19385153000000.0
CTG,2025-Q4,NetInterestIncome,17959696000000.0
CTG,2025-Q3,NetInterestIncome,17175718000000.0
CTG,2025-Q2,NetInterestIncome,15842616000000.0
CTG,2025-Q1,NetInterestIncome,15475215000000.0
CTG,2024-Q4,NetInterestIncome,16312157000000.0
CTG,2024-Q3,NetInterestIncome,15577514000000.0
CTG,2024-Q2,NetInterestIncome,15338887000000.0
CTG,2024-Q1,NetInterestIncome,15174236000000.0
CTG,2023-Q4,NetInterestIncome,14572026000000.0
CTG,2023-Q3,NetInterestIncome,13087437000000.0
CTG,2023-Q2,NetInterestIncome,12757470000000.0
CTG,2023-Q1,NetInterestIncome,12666171000000.0
CTG,2022-Q4,NetInterestIncome,12847616000000.0
CTG,2022-Q3,NetInterestIncome,12923636000000.0
CTG,2022-Q2,NetInterestIncome,12012925000000.0
CTG,2022-Q1,NetInterestIncome,10145865000000.0
CTG,2021-Q4,NetInterestIncome,10395939000000.0
CTG,2021-Q3,NetInterestIncome,9871806000000.0
CTG,2021-Q2,NetInterestIncome,10878584000000.0
CTG,2021-Q1,NetInterestIncome,10642136000000.0
CTG,2020-Q4,NetInterestIncome,10285011000000.0
CTG,2020-Q3,NetInterestIncome,9078280000000.0
CTG,2020-Q2,NetInterestIncome,7797899000000.0
CTG,2020-Q1,NetInterestIncome,8418438000000.0
CTG,2019-Q4,NetInterestIncome,8692147000000.0
CTG,2019-Q3,NetInterestIncome,8329850000000.0
CTG,2019-Q2,NetInterestIncome,8227205000000.0
CTG,2019-Q1,NetInterestIncome,7949636000000.0
CTG,2018-Q4,NetInterestIncome,264329000000.0
CTG,2018-Q3,NetInterestIncome,7507069000000.0
CTG,2018-Q2,NetInterestIncome,7206861000000.0
CTG,2018-Q1,NetInterestIncome,7233573000000.0
CTG,2026-Q2,OperatingIncome,26384590000000.0
CTG,2026-Q1,OperatingIncome,25101554000000.0
CTG,2025-Q4,OperatingIncome,23424582000000.0
CTG,2025-Q3,OperatingIncome,22499744000000.0
CTG,2025-Q2,OperatingIncome,20917080000000.0
CTG,2025-Q1,OperatingIncome,20453383000000.0
CTG,2024-Q4,OperatingIncome,21285059000000.0
CTG,2024-Q3,OperatingIncome,21916298000000.0
CTG,2024-Q2,OperatingIncome,19640437000000.0
CTG,2024-Q1,OperatingIncome,19066889000000.0
CTG,2023-Q4,OperatingIncome,18475438000000.0
CTG,2023-Q3,OperatingIncome,17393154000000.0
CTG,2023-Q2,OperatingIncome,17771930000000.0
CTG,2023-Q1,OperatingIncome,17018045000000.0
CTG,2022-Q4,OperatingIncome,17245343000000.0
CTG,2022-Q3,OperatingIncome,17324179000000.0
CTG,2022-Q2,OperatingIncome,15940666000000.0
CTG,2022-Q1,OperatingIncome,14070205000000.0
CTG,2021-Q4,OperatingIncome,13887108000000.0
CTG,2021-Q3,OperatingIncome,12255458000000.0
CTG,2021-Q2,OperatingIncome,14083397000000.0
CTG,2021-Q1,OperatingIncome,12922553000000.0
CTG,2020-Q4,OperatingIncome,13187053000000.0
CTG,2020-Q3,OperatingIncome,11510962000000.0
CTG,2020-Q2,OperatingIncome,9974677000000.0
CTG,2020-Q1,OperatingIncome,10684767000000.0
CTG,2019-Q4,OperatingIncome,10573446000000.0
CTG,2019-Q3,OperatingIncome,10375880000000.0
CTG,2019-Q2,OperatingIncome,9940143000000.0
CTG,2019-Q1,OperatingIncome,9632267000000.0
CTG,2018-Q4,OperatingIncome,1820106000000.0
CTG,2018-Q3,OperatingIncome,9288937000000.0
CTG,2018-Q2,OperatingIncome,8501967000000.0
CTG,2018-Q1,OperatingIncome,8834517000000.0
TCB,2026-Q2,ROE,0.147648269
TCB,2026-Q1,ROE,0.1470839992
TCB,2025-Q4,ROE,0.1544719515
TCB,2025-Q3,ROE,0.1367378018
TCB,2025-Q2,ROE,0.1401370303
TCB,2025-Q1,ROE,0.1453451278
TCB,2024-Q4,ROE,0.1539795402
TCB,2024-Q3,ROE,0.1635766585
TCB,2024-Q2,ROE,0.1604403781
TCB,2024-Q1,ROE,0.1520175167
TCB,2023-Q4,ROE,0.1469452028
TCB,2023-Q3,ROE,0.1422843547
TCB,2023-Q2,ROE,0.1534793772
TCB,2023-Q1,ROE,0.1717736593
TCB,2022-Q4,ROE,0.1951927606
TCB,2022-Q3,ROE,0.2088422915
TCB,2022-Q2,ROE,0.2105372576
TCB,2022-Q1,ROE,0.2153483588
TCB,2021-Q4,ROE,0.2134837729
TCB,2021-Q3,ROE,0.2134837729
TCB,2021-Q1,ROE,0.1955916265
TCB,2020-Q4,ROE,0.1803381614
TCB,2020-Q3,ROE,0.1722854238
TCB,2020-Q2,ROE,0.171617554
TCB,2020-Q1,ROE,0.1727190634
TCB,2019-Q4,ROE,0.1769811995
TCB,2019-Q3,ROE,0.1683426525
TCB,2019-Q2,ROE,0.1665167549
TCB,2019-Q1,ROE,0.167778909
TCB,2018-Q4,ROE,0.2150274191
TCB,2018-Q3,ROE,0.2171344399
TCB,2018-Q2,ROE,0.2560279145
TCB,2026-Q2,ROA,0.0226654319
TCB,2026-Q1,ROA,0.0228688109
TCB,2025-Q4,ROA,0.0232967001
TCB,2025-Q3,ROA,0.0212667551
TCB,2025-Q2,ROA,0.0216683928
TCB,2025-Q1,ROA,0.0223484598
TCB,2024-Q4,ROA,0.0235444477
TCB,2024-Q3,ROA,0.0253082766
TCB,2024-Q2,ROA,0.0250720698
TCB,2024-Q1,ROA,0.0242888353
TCB,2023-Q4,ROA,0.0232529968
TCB,2023-Q3,ROA,0.0233071141
TCB,2023-Q2,ROA,0.0251830618
TCB,2023-Q1,ROA,0.0281753894
TCB,2022-Q4,ROA,0.0317889084
TCB,2022-Q3,ROA,0.0342022573
TCB,2022-Q2,ROA,0.0344555893
TCB,2022-Q1,ROA,0.0358061672
TCB,2021-Q4,ROA,0.0357192966
TCB,2021-Q3,ROA,0.0357192966
TCB,2021-Q1,ROA,0.0335713803
TCB,2020-Q4,ROA,0.0299403745
TCB,2020-Q3,ROA,0.0289949563
TCB,2020-Q2,ROA,0.0282180721
TCB,2020-Q1,ROA,0.0277931878
TCB,2019-Q4,ROA,0.0285945929
TCB,2019-Q3,ROA,0.0270457503
TCB,2019-Q2,ROA,0.0266887885
TCB,2019-Q1,ROA,0.0269872087
TCB,2018-Q4,ROA,0.028668844
TCB,2018-Q3,ROA,0.0303598251
TCB,2018-Q2,ROA,0.0312549251
TCB,2026-Q2,NIM,0.0363342376
TCB,2026-Q1,NIM,0.0366914486
TCB,2025-Q4,NIM,0.0375994307
TCB,2025-Q3,NIM,0.036748286
TCB,2025-Q2,NIM,0.0378328289
TCB,2025-Q1,NIM,0.0399735196
TCB,2024-Q4,NIM,0.0424193307
TCB,2024-Q3,NIM,0.0427319024
TCB,2024-Q2,NIM,0.0428759579
TCB,2024-Q1,NIM,0.0409849949
TCB,2023-Q4,NIM,0.0403256975
TCB,2023-Q3,NIM,0.0412021869
TCB,2023-Q2,NIM,0.043358568
TCB,2023-Q1,NIM,0.0473989189
TCB,2022-Q4,NIM,0.0531923979
TCB,2022-Q3,NIM,0.0547316868
TCB,2022-Q2,NIM,0.055630912
TCB,2022-Q1,NIM,0.0579415057
TCB,2021-Q4,NIM,0.0560761342
TCB,2021-Q3,NIM,0.0560761342
TCB,2021-Q1,NIM,0.0536387018
TCB,2020-Q4,NIM,0.0500526601
TCB,2020-Q3,NIM,0.0484829445
TCB,2020-Q2,NIM,0.0449490621
TCB,2020-Q1,NIM,0.042960063
TCB,2019-Q4,NIM,0.0445136474
TCB,2019-Q3,NIM,0.0411238457
TCB,2019-Q2,NIM,0.041237212
TCB,2019-Q1,NIM,0.0413006792
TCB,2018-Q4,NIM,0.0412557504
TCB,2018-Q3,NIM,0.0401034196
TCB,2018-Q2,NIM,0.0388622995
TCB,2026-Q2,NPL,0.0108228503
TCB,2026-Q1,NPL,0.0109121852
TCB,2025-Q4,NPL,0.0106802919
TCB,2025-Q3,NPL,0.0116289807
TCB,2025-Q2,NPL,0.0125722701
TCB,2025-Q1,NPL,0.0117281839
TCB,2024-Q4,NPL,0.0112403346
TCB,2024-Q3,NPL,0.0129075412
TCB,2024-Q2,NPL,0.0123075019
TCB,2024-Q1,NPL,0.011294799
TCB,2023-Q4,NPL,0.0115670308
TCB,2023-Q3,NPL,0.0135983389
TCB,2023-Q2,NPL,0.0107434501
TCB,2023-Q1,NPL,0.008478797
TCB,2022-Q4,NPL,0.0072115197
TCB,2022-Q3,NPL,0.0064921153
TCB,2022-Q2,NPL,0.0060213953
TCB,2022-Q1,NPL,0.0066040934
TCB,2021-Q4,NPL,0.0056969895
TCB,2021-Q3,NPL,0.0056969895
TCB,2021-Q1,NPL,0.0038317972
TCB,2020-Q4,NPL,0.0046669446
TCB,2020-Q3,NPL,0.0059989414
TCB,2020-Q2,NPL,0.0090665913
TCB,2020-Q1,NPL,0.0109030313
TCB,2019-Q4,NPL,0.0133355675
TCB,2019-Q3,NPL,0.0180400815
TCB,2019-Q2,NPL,0.0178043868
TCB,2019-Q1,NPL,0.0178461576
TCB,2018-Q4,NPL,0.0175282151
TCB,2018-Q3,NPL,0.0205357591
TCB,2018-Q2,NPL,0.0203730559
TCB,2022-Q2,CAR,0.1583
TCB,2020-Q2,CAR,0.1687
TCB,2026-Q2,CIR,0.3092085877
TCB,2026-Q1,CIR,0.2829409444
TCB,2025-Q4,CIR,0.3077746348
TCB,2025-Q3,CIR,0.3154621681
TCB,2025-Q2,CIR,0.3006108201
TCB,2025-Q1,CIR,0.2829092226
TCB,2024-Q4,CIR,0.3270824675
TCB,2024-Q3,CIR,0.291883973
TCB,2024-Q2,CIR,0.2942670236
TCB,2024-Q1,CIR,0.2649810586
TCB,2023-Q4,CIR,0.3307896849
TCB,2023-Q3,CIR,0.3484890761
TCB,2023-Q2,CIR,0.3076501224
TCB,2023-Q1,CIR,0.3378596542
TCB,2022-Q4,CIR,0.3275632437
TCB,2022-Q3,CIR,0.2915374071
TCB,2022-Q2,CIR,0.2980525662
TCB,2022-Q1,CIR,0.3013622641
TCB,2021-Q4,CIR,0.2993329991
TCB,2021-Q3,CIR,0.2993329991
TCB,2021-Q1,CIR,0.2869486158
TCB,2020-Q4,CIR,0.3191711825
TCB,2020-Q3,CIR,0.3320339282
TCB,2020-Q2,CIR,0.2950434068
TCB,2020-Q1,CIR,0.354485824
TCB,2019-Q4,CIR,0.3470884124
TCB,2019-Q3,CIR,0.3348479106
TCB,2019-Q2,CIR,0.3351423039
TCB,2019-Q1,CIR,0.3664269194
TCB,2018-Q4,CIR,0.3183967776
TCB,2018-Q3,CIR,0.2836311631
TCB,2018-Q2,CIR,0.2877232459
TCB,2026-Q2,LDR,1.2790980022
TCB,2026-Q1,LDR,1.328531188
TCB,2025-Q4,LDR,1.2402695468
TCB,2025-Q3,LDR,1.2883998558
TCB,2025-Q2,LDR,1.303138104
TCB,2025-Q1,LDR,1.2485214935
TCB,2024-Q4,LDR,1.1843532514
TCB,2024-Q3,LDR,1.2653514377
TCB,2024-Q2,LDR,1.2287448166
TCB,2024-Q1,LDR,1.221020091
TCB,2023-Q4,LDR,1.1407220327
TCB,2023-Q3,LDR,1.1627231396
TCB,2023-Q2,LDR,1.2214961881
TCB,2023-Q1,LDR,1.2017244499
TCB,2022-Q4,LDR,1.1733238392
TCB,2022-Q3,LDR,1.2873052078
TCB,2022-Q2,LDR,1.2182303193
TCB,2022-Q1,LDR,1.1035375935
TCB,2021-Q4,LDR,1.014748174
TCB,2021-Q3,LDR,1.014748174
TCB,2021-Q1,LDR,1.0307685244
TCB,2020-Q4,LDR,1.0002377435
TCB,2020-Q3,LDR,0.9134633627
TCB,2020-Q2,LDR,0.9271925045
TCB,2020-Q1,LDR,0.9869088226
TCB,2019-Q4,LDR,0.9978610422
TCB,2019-Q3,LDR,0.9390013105
TCB,2019-Q2,LDR,0.8418685044
TCB,2019-Q1,LDR,0.7877524232
TCB,2018-Q4,LDR,0.7940798284
TCB,2018-Q3,LDR,0.8623625844
TCB,2018-Q2,LDR,0.894876258
TCB,2026-Q2,CASA,0.3502048667
TCB,2026-Q1,CASA,0.3264645775
TCB,2025-Q4,CASA,0.3587434188
TCB,2025-Q3,CASA,0.3835453331
TCB,2025-Q2,CASA,0.3639425242
TCB,2025-Q1,CASA,0.3505991045
TCB,2024-Q4,CASA,0.3735381769
TCB,2024-Q3,CASA,0.3653753355
TCB,2024-Q2,CASA,0.3737472745
TCB,2024-Q1,CASA,0.404665317
TCB,2023-Q4,CASA,0.3991410726
TCB,2023-Q3,CASA,0.3363451966
TCB,2023-Q2,CASA,0.3491994805
TCB,2023-Q1,CASA,0.3203339623
TCB,2022-Q4,CASA,0.3695882788
TCB,2022-Q3,CASA,0.4646251964
TCB,2022-Q2,CASA,0.474635164
TCB,2022-Q1,CASA,0.5039161967
TCB,2021-Q4,CASA,0.504708488
TCB,2021-Q3,CASA,0.4899527523
TCB,2021-Q1,CASA,0.4424295615
TCB,2020-Q4,CASA,0.4614684982
TCB,2020-Q3,CASA,0.3857329602
TCB,2020-Q2,CASA,0.3441781876
TCB,2020-Q1,CASA,0.3221213361
TCB,2019-Q4,CASA,0.3446464864
TCB,2019-Q3,CASA,0.2995555535
TCB,2019-Q2,CASA,0.3036021186
TCB,2019-Q1,CASA,0.281621823
TCB,2018-Q4,CASA,0.2871771149
TCB,2018-Q3,CASA,0.2474719388
TCB,2018-Q2,CASA,0.2461989261
TCB,2026-Q2,PB,1.2261144967
TCB,2026-Q1,PB,1.2898956006
TCB,2025-Q4,PB,1.327280517
TCB,2025-Q3,PB,1.574749298
TCB,2025-Q2,PB,1.831859987
TCB,2025-Q1,PB,1.6382492399
TCB,2024-Q4,PB,1.2631495845
TCB,2024-Q3,PB,1.1648980259
TCB,2024-Q2,PB,1.2506132202
TCB,2024-Q1,PB,1.1767518385
TCB,2023-Q4,PB,1.2814120995
TCB,2023-Q3,PB,0.9693953468
TCB,2023-Q2,PB,0.9427913607
TCB,2023-Q1,PB,0.9531244902
TCB,2022-Q4,PB,0.9051804774
TCB,2022-Q3,PB,0.8981549631
TCB,2022-Q2,PB,0.8591419325
TCB,2022-Q1,PB,1.297252187
TCB,2021-Q4,PB,1.7365199257
TCB,2021-Q3,PB,1.9531524668
TCB,2021-Q1,PB,2.3877963955
TCB,2020-Q4,PB,1.8651941237
TCB,2020-Q3,PB,1.6737236525
TCB,2020-Q2,PB,1.2188483813
TCB,2020-Q1,PB,1.062294609
TCB,2019-Q4,PB,0.968766836
TCB,2019-Q3,PB,1.3913662797
TCB,2019-Q2,PB,1.4846296787
TCB,2019-Q1,PB,1.3519337912
TCB,2018-Q4,PB,1.6464212149
TCB,2018-Q3,PB,1.8832315269
TCB,2018-Q2,PB,2.0494710047
TCB,2026-Q2,PE,8.0952574354
TCB,2026-Q1,PE,8.7583677899
TCB,2025-Q4,PE,8.9041391191
TCB,2025-Q3,PE,11.7340730437
TCB,2025-Q2,PE,13.5226658764
TCB,2025-Q1,PE,11.6477870099
TCB,2024-Q4,PE,8.512548075
TCB,2024-Q3,PE,7.3616543745
TCB,2024-Q2,PE,7.9891802171
TCB,2024-Q1,PE,8.1382371231
TCB,2023-Q4,PE,9.2616863103
TCB,2023-Q3,PE,7.1247900953
TCB,2023-Q2,PE,6.4222572428
TCB,2023-Q1,PE,5.8110753933
TCB,2022-Q4,PE,5.0385353485
TCB,2022-Q3,PE,4.6050342182
TCB,2022-Q2,PE,4.3885697734
TCB,2022-Q1,PE,6.614888531
TCB,2021-Q4,PE,8.8579073991
TCB,2021-Q3,PE,9.8186642285
TCB,2021-Q1,PE,13.1316545048
TCB,2020-Q4,PE,11.2185517693
TCB,2020-Q3,PE,10.2860934157
TCB,2020-Q2,PE,7.5261695389
TCB,2020-Q1,PE,6.5290253263
TCB,2019-Q4,PE,5.9406023083
TCB,2019-Q3,PE,8.7821250597
TCB,2019-Q2,PE,9.4717886055
TCB,2019-Q1,PE,8.5457101092
TCB,2018-Q4,PE,10.0607684914
TCB,2018-Q3,PE,10.206529667
TCB,2018-Q2,PE,10.8486033885
TCB,2026-Q2,TotalAssets,1273076923000000.0
TCB,2026-Q1,TotalAssets,1190453754000000.0
TCB,2025-Q4,TotalAssets,1192344137000000.0
TCB,2025-Q3,TotalAssets,1129570458000000.0
TCB,2025-Q2,TotalAssets,1037645395000000.0
TCB,2025-Q1,TotalAssets,989215993000000.0
TCB,2024-Q4,TotalAssets,978798549000000.0
TCB,2024-Q3,TotalAssets,927053345000000.0
TCB,2024-Q2,TotalAssets,908306700000000.0
TCB,2024-Q1,TotalAssets,885653461000000.0
TCB,2023-Q4,TotalAssets,849482012000000.0
TCB,2023-Q3,TotalAssets,781278666000000.0
TCB,2023-Q2,TotalAssets,732470169000000.0
TCB,2023-Q1,TotalAssets,723517800000000.0
TCB,2022-Q4,TotalAssets,699032544000000.0
TCB,2022-Q3,TotalAssets,671353524000000.0
TCB,2022-Q2,TotalAssets,623738504000000.0
TCB,2022-Q1,TotalAssets,615270328000000.0
TCB,2021-Q4,TotalAssets,568811435000000.0
TCB,2021-Q3,TotalAssets,541635295000000.0
TCB,2021-Q2,TotalAssets,504303766000000.0
TCB,2021-Q1,TotalAssets,462822690000000.0
TCB,2020-Q4,TotalAssets,439602933000000.0
TCB,2020-Q3,TotalAssets,401461729000000.0
TCB,2020-Q2,TotalAssets,395861051000000.0
TCB,2020-Q1,TotalAssets,391807859000000.0
TCB,2019-Q4,TotalAssets,383699461000000.0
TCB,2019-Q3,TotalAssets,367538462000000.0
TCB,2019-Q2,TotalAssets,360661683000000.0
TCB,2019-Q1,TotalAssets,326111765000000.0
TCB,2018-Q4,TotalAssets,321049453000000.0
TCB,2018-Q3,TotalAssets,311795636000000.0
TCB,2018-Q2,TotalAssets,300404808000000.0
TCB,2018-Q1,TotalAssets,273152696000000.0
TCB,2026-Q2,GrossLoans,847335568000000.0
TCB,2026-Q1,GrossLoans,796863951000000.0
TCB,2025-Q4,GrossLoans,767617129000000.0
TCB,2025-Q3,GrossLoans,766709929000000.0
TCB,2025-Q2,GrossLoans,710313010000000.0
TCB,2025-Q1,GrossLoans,663692866000000.0
TCB,2024-Q4,GrossLoans,631724964000000.0
TCB,2024-Q3,GrossLoans,626290777000000.0
TCB,2024-Q2,GrossLoans,592083271000000.0
TCB,2024-Q1,GrossLoans,559276885000000.0
TCB,2023-Q4,GrossLoans,518641568000000.0
TCB,2023-Q3,GrossLoans,475605589000000.0
TCB,2023-Q2,GrossLoans,466546217000000.0
TCB,2023-Q1,GrossLoans,465425345000000.0
TCB,2022-Q4,GrossLoans,420523705000000.0
TCB,2022-Q3,GrossLoans,410545854000000.0
TCB,2022-Q2,GrossLoans,391823802000000.0
TCB,2022-Q1,GrossLoans,365742636000000.0
TCB,2021-Q4,GrossLoans,347341244000000.0
TCB,2021-Q3,GrossLoans,321042016000000.0
TCB,2021-Q2,GrossLoans,313513991000000.0
TCB,2021-Q1,GrossLoans,296290213000000.0
TCB,2020-Q4,GrossLoans,277524615000000.0
TCB,2020-Q3,GrossLoans,230715706000000.0
TCB,2020-Q2,GrossLoans,231665787000000.0
TCB,2020-Q1,GrossLoans,232021072000000.0
TCB,2019-Q4,GrossLoans,230802027000000.0
TCB,2019-Q3,GrossLoans,205317032000000.0
TCB,2019-Q2,GrossLoans,185432165000000.0
TCB,2019-Q1,GrossLoans,163835435000000.0
TCB,2018-Q4,GrossLoans,159942048000000.0
TCB,2018-Q3,GrossLoans,166938850000000.0
TCB,2018-Q2,GrossLoans,166700421000000.0
TCB,2018-Q1,GrossLoans,163948354000000.0
TCB,2026-Q2,CustomerDeposits,662447730000000.0
TCB,2026-Q1,CustomerDeposits,599808238000000.0
TCB,2025-Q4,CustomerDeposits,618911535000000.0
TCB,2025-Q3,CustomerDeposits,595086941000000.0
TCB,2025-Q2,CustomerDeposits,545078843000000.0
TCB,2025-Q1,CustomerDeposits,531583052000000.0
TCB,2024-Q4,CustomerDeposits,533392350000000.0
TCB,2024-Q3,CustomerDeposits,494954017000000.0
TCB,2024-Q2,CustomerDeposits,481860239000000.0
TCB,2024-Q1,CustomerDeposits,458040690000000.0
TCB,2023-Q4,CustomerDeposits,454660779000000.0
TCB,2023-Q3,CustomerDeposits,409044572000000.0
TCB,2023-Q2,CustomerDeposits,381946519000000.0
TCB,2023-Q1,CustomerDeposits,387297891000000.0
TCB,2022-Q4,CustomerDeposits,358403785000000.0
TCB,2022-Q3,CustomerDeposits,318918817000000.0
TCB,2022-Q2,CustomerDeposits,321633599000000.0
TCB,2022-Q1,CustomerDeposits,328914024000000.0
TCB,2021-Q4,CustomerDeposits,314752525000000.0
TCB,2021-Q3,CustomerDeposits,316376047000000.0
TCB,2021-Q2,CustomerDeposits,289334731000000.0
TCB,2021-Q1,CustomerDeposits,287445926000000.0
TCB,2020-Q4,CustomerDeposits,277458651000000.0
TCB,2020-Q3,CustomerDeposits,252572479000000.0
TCB,2020-Q2,CustomerDeposits,249857269000000.0
TCB,2020-Q1,CustomerDeposits,235098792000000.0
TCB,2019-Q4,CustomerDeposits,231296761000000.0
TCB,2019-Q3,CustomerDeposits,218654681000000.0
TCB,2019-Q2,CustomerDeposits,220262623000000.0
TCB,2019-Q1,CustomerDeposits,207978332000000.0
TCB,2018-Q4,CustomerDeposits,201471336000000.0
TCB,2018-Q3,CustomerDeposits,193583132000000.0
TCB,2018-Q2,CustomerDeposits,186283209000000.0
TCB,2018-Q1,CustomerDeposits,181390553000000.0
TCB,2026-Q2,Equity,188997150000000.0
TCB,2026-Q1,Equity,186682773000000.0
TCB,2025-Q4,Equity,179501442000000.0
TCB,2025-Q3,Equity,179430593000000.0
TCB,2025-Q2,Equity,161827229000000.0
TCB,2025-Q1,Equity,153952665000000.0
TCB,2024-Q4,Equity,147939621000000.0
TCB,2024-Q3,Equity,144367982000000.0
TCB,2024-Q2,Equity,138551657000000.0
TCB,2024-Q1,Equity,137872726000000.0
TCB,2023-Q4,Equity,131628065000000.0
TCB,2023-Q3,Equity,127129786000000.0
TCB,2023-Q2,Equity,122464970000000.0
TCB,2023-Q1,Equity,117965416000000.0
TCB,2022-Q4,Equity,113424966000000.0
TCB,2022-Q3,Equity,109899149000000.0
TCB,2022-Q2,Equity,104475159000000.0
TCB,2022-Q1,Equity,98585990000000.0
TCB,2021-Q4,Equity,93055837000000.0
TCB,2021-Q3,Equity,88384441000000.0
TCB,2021-Q2,Equity,83901010000000.0
TCB,2021-Q1,Equity,79092765000000.0
TCB,2020-Q4,Equity,74614786000000.0
TCB,2020-Q3,Equity,70608353000000.0
TCB,2020-Q2,Equity,67429203000000.0
TCB,2020-Q1,Equity,64590770000000.0
TCB,2019-Q4,Equity,62072767000000.0
TCB,2019-Q3,Equity,58940723000000.0
TCB,2019-Q2,Equity,56365695000000.0
TCB,2019-Q1,Equity,53874961000000.0
TCB,2018-Q4,Equity,51782705000000.0
TCB,2018-Q3,Equity,49481001000000.0
TCB,2018-Q2,Equity,47429440000000.0
TCB,2018-Q1,Equity,37615799000000.0
TCB,2026-Q2,NPAT,7726642000000.0
TCB,2026-Q1,NPAT,6950280000000.0
TCB,2025-Q4,NPAT,6979826000000.0
TCB,2025-Q3,NPAT,6613525000000.0
TCB,2025-Q2,NPAT,6347610000000.0
TCB,2025-Q1,NPAT,6013511000000.0
TCB,2024-Q4,NPAT,3420111000000.0
TCB,2024-Q3,NPAT,5793022000000.0
TCB,2024-Q2,NPAT,6269968000000.0
TCB,2024-Q1,NPAT,6277003000000.0
TCB,2023-Q4,NPAT,4481615000000.0
TCB,2023-Q3,NPAT,4668705000000.0
TCB,2023-Q2,NPAT,4503449000000.0
TCB,2023-Q1,NPAT,4537097000000.0
TCB,2022-Q4,NPAT,3572087000000.0
TCB,2022-Q3,NPAT,5367540000000.0
TCB,2022-Q2,NPAT,5882255000000.0
TCB,2022-Q1,NPAT,5614544000000.0
TCB,2021-Q4,NPAT,4683818000000.0
TCB,2021-Q3,NPAT,4432055000000.0
TCB,2021-Q2,NPAT,4806657000000.0
TCB,2021-Q1,NPAT,4476217000000.0
TCB,2020-Q4,NPAT,4007551000000.0
TCB,2020-Q3,NPAT,3180267000000.0
TCB,2020-Q2,NPAT,2888995000000.0
TCB,2020-Q1,NPAT,2505654000000.0
TCB,2019-Q4,NPAT,3118826000000.0
TCB,2019-Q3,NPAT,2582592000000.0
TCB,2019-Q2,NPAT,2432682000000.0
TCB,2019-Q1,NPAT,2092109000000.0
TCB,2018-Q4,NPAT,2264749000000.0
TCB,2018-Q3,NPAT,2059564000000.0
TCB,2018-Q2,NPAT,2100748000000.0
TCB,2018-Q1,NPAT,2049029000000.0
TCB,2026-Q2,NetInterestIncome,10763002000000.0
TCB,2026-Q1,NetInterestIncome,9522053000000.0
TCB,2025-Q4,NetInterestIncome,10787979000000.0
TCB,2025-Q3,NetInterestIncome,9924643000000.0
TCB,2025-Q2,NetInterestIncome,9137076000000.0
TCB,2025-Q1,NetInterestIncome,8305393000000.0
TCB,2024-Q4,NetInterestIncome,8601817000000.0
TCB,2024-Q3,NetInterestIncome,8928676000000.0
TCB,2024-Q2,NetInterestIncome,9477926000000.0
TCB,2024-Q1,NetInterestIncome,8499544000000.0
TCB,2023-Q4,NetInterestIncome,7597203000000.0
TCB,2023-Q3,NetInterestIncome,7272160000000.0
TCB,2023-Q2,NetInterestIncome,6294877000000.0
TCB,2023-Q1,NetInterestIncome,6526880000000.0
TCB,2022-Q4,NetInterestIncome,6819411000000.0
TCB,2022-Q3,NetInterestIncome,7565461000000.0
TCB,2022-Q2,NetInterestIncome,7793840000000.0
TCB,2022-Q1,NetInterestIncome,8111063000000.0
TCB,2021-Q4,NetInterestIncome,7244603000000.0
TCB,2021-Q3,NetInterestIncome,6742489000000.0
TCB,2021-Q2,NetInterestIncome,6587800000000.0
TCB,2021-Q1,NetInterestIncome,6123721000000.0
TCB,2020-Q4,NetInterestIncome,5455739000000.0
TCB,2020-Q3,NetInterestIncome,5147680000000.0
TCB,2020-Q2,NetInterestIncome,3935378000000.0
TCB,2020-Q1,NetInterestIncome,4212412000000.0
TCB,2019-Q4,NetInterestIncome,3904209000000.0
TCB,2019-Q3,NetInterestIncome,3724705000000.0
TCB,2019-Q2,NetInterestIncome,3198514000000.0
TCB,2019-Q1,NetInterestIncome,3430416000000.0
TCB,2018-Q4,NetInterestIncome,3020388000000.0
TCB,2018-Q3,NetInterestIncome,3116905000000.0
TCB,2018-Q2,NetInterestIncome,2503946000000.0
TCB,2018-Q1,NetInterestIncome,2546672000000.0
TCB,2026-Q2,OperatingIncome,14941781000000.0
TCB,2026-Q1,OperatingIncome,13674274000000.0
TCB,2025-Q4,OperatingIncome,14794773000000.0
TCB,2025-Q3,OperatingIncome,14242123000000.0
TCB,2025-Q2,OperatingIncome,12743031000000.0
TCB,2025-Q1,OperatingIncome,11611198000000.0
TCB,2024-Q4,OperatingIncome,9554599000000.0
TCB,2024-Q3,OperatingIncome,11754335000000.0
TCB,2024-Q2,OperatingIncome,13419696000000.0
TCB,2024-Q1,OperatingIncome,12261767000000.0
TCB,2023-Q4,OperatingIncome,11017454000000.0
TCB,2023-Q3,OperatingIncome,10418493000000.0
TCB,2023-Q2,OperatingIncome,9325171000000.0
TCB,2023-Q1,OperatingIncome,9299974000000.0
TCB,2022-Q4,OperatingIncome,9427322000000.0
TCB,2022-Q3,OperatingIncome,10338368000000.0
TCB,2022-Q2,OperatingIncome,10934380000000.0
TCB,2022-Q1,OperatingIncome,10006380000000.0
TCB,2021-Q4,OperatingIncome,10159011000000.0
TCB,2021-Q3,OperatingIncome,8779149000000.0
TCB,2021-Q2,OperatingIncome,9205963000000.0
TCB,2021-Q1,OperatingIncome,8932202000000.0
TCB,2020-Q4,OperatingIncome,7761890000000.0
TCB,2020-Q3,OperatingIncome,7496764000000.0
TCB,2020-Q2,OperatingIncome,5895131000000.0
TCB,2020-Q1,OperatingIncome,6030464000000.0
TCB,2019-Q4,OperatingIncome,6627177000000.0
TCB,2019-Q3,OperatingIncome,5358591000000.0
TCB,2019-Q2,OperatingIncome,4690564000000.0
TCB,2019-Q1,OperatingIncome,4391813000000.0
TCB,2018-Q4,OperatingIncome,5055365000000.0
TCB,2018-Q3,OperatingIncome,4635143000000.0
TCB,2018-Q2,OperatingIncome,3997946000000.0
TCB,2018-Q1,OperatingIncome,4659780000000.0
MBB,2026-Q2,ROE,0.2068574322
MBB,2026-Q1,ROE,0.2006774463
MBB,2025-Q4,ROE,0.2067216406
MBB,2025-Q3,ROE,0.1937722833
MBB,2025-Q2,ROE,0.2049440193
MBB,2025-Q1,ROE,0.2168813014
MBB,2024-Q4,ROE,0.2117572966
MBB,2024-Q3,ROE,0.2069997625
MBB,2024-Q2,ROE,0.2164211217
MBB,2024-Q1,ROE,0.2148086782
MBB,2023-Q4,ROE,0.2345312456
MBB,2023-Q3,ROE,0.2235398773
MBB,2023-Q2,ROE,0.2234403437
MBB,2023-Q1,ROE,0.2308526861
MBB,2022-Q4,ROE,0.2460637334
MBB,2022-Q3,ROE,0.2543677864
MBB,2022-Q2,ROE,0.2424592747
MBB,2022-Q1,ROE,0.2255543204
MBB,2021-Q4,ROE,0.203137064
MBB,2021-Q3,ROE,0.203137064
MBB,2021-Q1,ROE,0.2042335505
MBB,2020-Q4,ROE,0.1836446214
MBB,2020-Q3,ROE,0.1843935534
MBB,2020-Q2,ROE,0.1925520582
MBB,2020-Q1,ROE,0.196330698
MBB,2019-Q4,ROE,0.2112587976
MBB,2019-Q3,ROE,0.2056060154
MBB,2019-Q2,ROE,0.1992749629
MBB,2019-Q1,ROE,0.1937518584
MBB,2018-Q4,ROE,0.1916991663
MBB,2018-Q3,ROE,0.1616188715
MBB,2018-Q2,ROE,0.1491729068
MBB,2018-Q1,ROE,0.1414558591
MBB,2026-Q2,ROA,0.0191319925
MBB,2026-Q1,ROA,0.0189740321
MBB,2025-Q4,ROA,0.0195141592
MBB,2025-Q3,ROA,0.0198212929
MBB,2025-Q2,ROA,0.0213020737
MBB,2025-Q1,ROA,0.0229309625
MBB,2024-Q4,ROA,0.0218287698
MBB,2024-Q3,ROA,0.0220924997
MBB,2024-Q2,ROA,0.0233628213
MBB,2024-Q1,ROA,0.0232842679
MBB,2023-Q4,ROA,0.0247110377
MBB,2023-Q3,ROA,0.0245863339
MBB,2023-Q2,ROA,0.0246997409
MBB,2023-Q1,ROA,0.025617408
MBB,2022-Q4,ROA,0.0261781704
MBB,2022-Q3,ROA,0.0273401771
MBB,2022-Q2,ROA,0.0254531778
MBB,2022-Q1,ROA,0.0230411303
MBB,2021-Q4,ROA,0.0212995961
MBB,2021-Q3,ROA,0.0212995961
MBB,2021-Q1,ROA,0.0217888413
MBB,2020-Q4,ROA,0.0182304134
MBB,2020-Q3,ROA,0.01967951
MBB,2020-Q2,ROA,0.0196802813
MBB,2020-Q1,ROA,0.0190602703
MBB,2019-Q4,ROA,0.0202187781
MBB,2019-Q3,ROA,0.0190949969
MBB,2019-Q2,ROA,0.0185740488
MBB,2019-Q1,ROA,0.0183645675
MBB,2018-Q4,ROA,0.0180795264
MBB,2018-Q3,ROA,0.0154747139
MBB,2018-Q2,ROA,0.0143098827
MBB,2018-Q1,ROA,0.0137398229
MBB,2026-Q2,NIM,0.0389543319
MBB,2026-Q1,NIM,0.0386713619
MBB,2025-Q4,NIM,0.0388935211
MBB,2025-Q3,NIM,0.0405257919
MBB,2025-Q2,NIM,0.0409953384
MBB,2025-Q1,NIM,0.042230433
MBB,2024-Q4,NIM,0.0418949409
MBB,2024-Q3,NIM,0.0428997998
MBB,2024-Q2,NIM,0.0451740302
MBB,2024-Q1,NIM,0.0466488699
MBB,2023-Q4,NIM,0.0494557013
MBB,2023-Q3,NIM,0.0536444272
MBB,2023-Q2,NIM,0.0550512501
MBB,2023-Q1,NIM,0.0570221479
MBB,2022-Q4,NIM,0.0572185439
MBB,2022-Q3,NIM,0.0554448173
MBB,2022-Q2,NIM,0.0534532969
MBB,2022-Q1,NIM,0.05089312
MBB,2021-Q4,NIM,0.0510283205
MBB,2021-Q3,NIM,0.0510283205
MBB,2021-Q1,NIM,0.0496182704
MBB,2020-Q4,NIM,0.0475338377
MBB,2020-Q3,NIM,0.0492624662
MBB,2020-Q2,NIM,0.048629762
MBB,2020-Q1,NIM,0.0485952498
MBB,2019-Q4,NIM,0.0490446329
MBB,2019-Q3,NIM,0.0473644711
MBB,2019-Q2,NIM,0.0463714249
MBB,2019-Q1,NIM,0.0460266079
MBB,2018-Q4,NIM,0.0456395141
MBB,2018-Q3,NIM,0.0448865187
MBB,2018-Q2,NIM,0.0440756157
MBB,2018-Q1,NIM,0.0434264886
MBB,2026-Q2,NPL,0.0144980955
MBB,2026-Q1,NPL,0.0142317142
MBB,2025-Q4,NPL,0.0129402632
MBB,2025-Q3,NPL,0.01870331
MBB,2025-Q2,NPL,0.0160443577
MBB,2025-Q1,NPL,0.0184094547
MBB,2024-Q4,NPL,0.0162046029
MBB,2024-Q3,NPL,0.0223422141
MBB,2024-Q2,NPL,0.0163595479
MBB,2024-Q1,NPL,0.0248561698
MBB,2023-Q4,NPL,0.0160456211
MBB,2023-Q3,NPL,0.0188528184
MBB,2023-Q2,NPL,0.0144381586
MBB,2023-Q1,NPL,0.0175602849
MBB,2022-Q4,NPL,0.010923953
MBB,2022-Q3,NPL,0.0103582237
MBB,2022-Q2,NPL,0.0119765577
MBB,2022-Q1,NPL,0.0089891131
MBB,2021-Q4,NPL,0.009471439
MBB,2021-Q3,NPL,0.009471439
MBB,2021-Q1,NPL,0.0129126845
MBB,2020-Q4,NPL,0.0108878272
MBB,2020-Q3,NPL,0.0150218976
MBB,2020-Q2,NPL,0.0136864306
MBB,2020-Q1,NPL,0.0161518014
MBB,2019-Q4,NPL,0.0115752438
MBB,2019-Q3,NPL,0.0154150072
MBB,2019-Q2,NPL,0.0125601779
MBB,2019-Q1,NPL,0.0140993316
MBB,2018-Q4,NPL,0.0133203309
MBB,2018-Q3,NPL,0.0157082214
MBB,2018-Q2,NPL,0.0128352845
MBB,2018-Q1,NPL,0.014092693
MBB,2024-Q2,CAR,0.111
MBB,2023-Q2,CAR,0.1128
MBB,2022-Q2,CAR,0.112
MBB,2020-Q2,CAR,0.1127
MBB,2019-Q2,CAR,0.0958
MBB,2026-Q2,CIR,0.275387713
MBB,2026-Q1,CIR,0.2493947576
MBB,2025-Q4,CIR,0.2907412678
MBB,2025-Q3,CIR,0.2914249648
MBB,2025-Q2,CIR,0.2874036034
MBB,2025-Q1,CIR,0.2577847751
MBB,2024-Q4,CIR,0.3069168221
MBB,2024-Q3,CIR,0.2956524306
MBB,2024-Q2,CIR,0.3178162065
MBB,2024-Q1,CIR,0.2924507215
MBB,2023-Q4,CIR,0.3152437631
MBB,2023-Q3,CIR,0.2763296768
MBB,2023-Q2,CIR,0.3576876584
MBB,2023-Q1,CIR,0.2990769186
MBB,2022-Q4,CIR,0.3249566788
MBB,2022-Q3,CIR,0.3394040733
MBB,2022-Q2,CIR,0.3440203424
MBB,2022-Q1,CIR,0.3351118513
MBB,2021-Q4,CIR,0.3475464924
MBB,2021-Q3,CIR,0.3475464924
MBB,2021-Q1,CIR,0.3050136497
MBB,2020-Q4,CIR,0.3857682283
MBB,2020-Q3,CIR,0.4211041658
MBB,2020-Q2,CIR,0.3702343389
MBB,2020-Q1,CIR,0.3234848588
MBB,2019-Q4,CIR,0.3944636625
MBB,2019-Q3,CIR,0.3612418882
MBB,2019-Q2,CIR,0.3746149911
MBB,2019-Q1,CIR,0.3787245012
MBB,2018-Q4,CIR,0.4470490536
MBB,2018-Q3,CIR,0.4100889928
MBB,2018-Q2,CIR,0.4022226235
MBB,2018-Q1,CIR,0.3833301012
MBB,2026-Q2,LDR,1.2736407115
MBB,2026-Q1,LDR,1.2369354294
MBB,2025-Q4,LDR,1.1765323027
MBB,2025-Q3,LDR,1.182059323
MBB,2025-Q2,LDR,1.1233213365
MBB,2025-Q1,LDR,1.1036699939
MBB,2024-Q4,LDR,1.0875207939
MBB,2024-Q3,LDR,1.1186361777
MBB,2024-Q2,LDR,1.0892011763
MBB,2024-Q1,LDR,1.1010880949
MBB,2023-Q4,LDR,1.0766762205
MBB,2023-Q3,LDR,1.1179182169
MBB,2023-Q2,LDR,1.0897447482
MBB,2023-Q1,LDR,1.0640376104
MBB,2022-Q4,LDR,1.0382520927
MBB,2022-Q3,LDR,1.1301551752
MBB,2022-Q2,LDR,1.0467288697
MBB,2022-Q1,LDR,0.9450537872
MBB,2021-Q4,LDR,0.9781274508
MBB,2021-Q3,LDR,0.9781274508
MBB,2021-Q1,LDR,0.9880481765
MBB,2020-Q4,LDR,0.9592765739
MBB,2020-Q3,LDR,0.9979663533
MBB,2020-Q2,LDR,1.0155632044
MBB,2020-Q1,LDR,1.0300850274
MBB,2019-Q4,LDR,0.9179387296
MBB,2019-Q3,LDR,0.9452298827
MBB,2019-Q2,LDR,0.9224571102
MBB,2019-Q1,LDR,0.9459910661
MBB,2018-Q4,LDR,0.8946578383
MBB,2018-Q3,LDR,0.8807008754
MBB,2018-Q2,LDR,0.8723702882
MBB,2018-Q1,LDR,0.8534382637
MBB,2026-Q2,CASA,0.3461029393
MBB,2026-Q1,CASA,0.3311650161
MBB,2025-Q4,CASA,0.377575057
MBB,2025-Q3,CASA,0.3695636509
MBB,2025-Q2,CASA,0.3790188051
MBB,2025-Q1,CASA,0.3589715183
MBB,2024-Q4,CASA,0.3930210077
MBB,2024-Q3,CASA,0.3653969186
MBB,2024-Q2,CASA,0.3863554162
MBB,2024-Q1,CASA,0.3664625685
MBB,2023-Q4,CASA,0.4019348919
MBB,2023-Q3,CASA,0.3595384606
MBB,2023-Q2,CASA,0.3705777245
MBB,2023-Q1,CASA,0.3554648138
MBB,2022-Q4,CASA,0.4061117636
MBB,2022-Q3,CASA,0.4241414197
MBB,2022-Q2,CASA,0.4546138699
MBB,2022-Q1,CASA,0.4474701149
MBB,2021-Q4,CASA,0.487435404
MBB,2021-Q3,CASA,0.4171024492
MBB,2021-Q1,CASA,0.3690171465
MBB,2020-Q4,CASA,0.4094173754
MBB,2020-Q3,CASA,0.3772909675
MBB,2020-Q2,CASA,0.3560685884
MBB,2020-Q1,CASA,0.3306818714
MBB,2019-Q4,CASA,0.3837732693
MBB,2019-Q3,CASA,0.3346190426
MBB,2019-Q2,CASA,0.3299862649
MBB,2019-Q1,CASA,0.3393209721
MBB,2018-Q4,CASA,0.4205193624
MBB,2018-Q3,CASA,0.4126763996
MBB,2018-Q2,CASA,0.3899842626
MBB,2018-Q1,CASA,0.4222474615
MBB,2026-Q2,PB,1.2986406226
MBB,2026-Q1,PB,1.3772422243
MBB,2025-Q4,PB,1.5738889813
MBB,2025-Q3,PB,1.7159471718
MBB,2025-Q2,PB,1.7765964082
MBB,2025-Q1,PB,1.3791227132
MBB,2024-Q4,PB,1.2514836989
MBB,2024-Q3,PB,1.2262773688
MBB,2024-Q2,PB,1.3670254117
MBB,2024-Q1,PB,1.2373823055
MBB,2023-Q4,PB,1.3878847764
MBB,2023-Q3,PB,1.267188724
MBB,2023-Q2,PB,1.1643459061
MBB,2023-Q1,PB,1.1766142342
MBB,2022-Q4,PB,1.0924678869
MBB,2022-Q3,PB,1.1409716638
MBB,2022-Q2,PB,1.1657482138
MBB,2022-Q1,PB,1.4942663391
MBB,2021-Q4,PB,1.9914331915
MBB,2021-Q3,PB,2.0133089953
MBB,2021-Q1,PB,2.1897754268
MBB,2020-Q4,PB,1.7292683977
MBB,2020-Q3,PB,1.564957625
MBB,2020-Q2,PB,1.1147921814
MBB,2020-Q1,PB,0.9356592838
MBB,2019-Q4,PB,1.0185681614
MBB,2019-Q3,PB,1.4530667746
MBB,2019-Q2,PB,1.5499580163
MBB,2019-Q1,PB,1.3587745532
MBB,2018-Q4,PB,1.3984373404
MBB,2018-Q3,PB,1.3569983963
MBB,2018-Q2,PB,1.5254321407
MBB,2018-Q1,PB,1.4360078468
MBB,2026-Q2,PE,6.2654334094
MBB,2026-Q1,PE,7.1321204178
MBB,2025-Q4,PE,8.0011758067
MBB,2025-Q3,PE,8.999767326
MBB,2025-Q2,PE,8.8810600998
MBB,2025-Q1,PE,6.6199518929
MBB,2024-Q4,PE,6.1686849885
MBB,2024-Q3,PE,6.042346307
MBB,2024-Q2,PE,6.3511609636
MBB,2024-Q1,PE,5.9664522485
MBB,2023-Q4,PE,6.2230229745
MBB,2023-Q3,PE,4.9772280168
MBB,2023-Q2,PE,5.2482676006
MBB,2023-Q1,PE,5.3013759809
MBB,2022-Q4,PE,4.7459362997
MBB,2022-Q3,PE,4.7082111222
MBB,2022-Q2,PE,5.0192843194
MBB,2022-Q1,PE,6.9823393028
MBB,2021-Q4,PE,9.3434776188
MBB,2021-Q3,PE,10.1580540843
MBB,2021-Q1,PE,11.0862338913
MBB,2020-Q4,PE,10.026216045
MBB,2020-Q3,PE,8.6214066704
MBB,2020-Q2,PE,5.9136626027
MBB,2020-Q1,PE,4.88907507
MBB,2019-Q4,PE,4.8681399058
MBB,2019-Q3,PE,7.0248161773
MBB,2019-Q2,PE,7.6483610363
MBB,2019-Q1,PE,7.3289558278
MBB,2018-Q4,PE,7.6342112914
MBB,2018-Q3,PE,8.4372435294
MBB,2018-Q2,PE,10.0821857346
MBB,2018-Q1,PE,12.1797692909
MBB,2026-Q2,TotalAssets,1733012662000000.0
MBB,2026-Q1,TotalAssets,1611222764000000.0
MBB,2025-Q4,TotalAssets,1615763927000000.0
MBB,2025-Q3,TotalAssets,1328560306000000.0
MBB,2025-Q2,TotalAssets,1289644328000000.0
MBB,2025-Q1,TotalAssets,1156917195000000.0
MBB,2024-Q4,TotalAssets,1128801062000000.0
MBB,2024-Q3,TotalAssets,1028819208000000.0
MBB,2024-Q2,TotalAssets,988604894000000.0
MBB,2024-Q1,TotalAssets,900647141000000.0
MBB,2023-Q4,TotalAssets,944953640000000.0
MBB,2023-Q3,TotalAssets,815880535000000.0
MBB,2023-Q2,TotalAssets,806237587000000.0
MBB,2023-Q1,TotalAssets,760761405000000.0
MBB,2022-Q4,TotalAssets,728532373000000.0
MBB,2022-Q3,TotalAssets,656804225000000.0
MBB,2022-Q2,TotalAssets,658274396000000.0
MBB,2022-Q1,TotalAssets,649039794000000.0
MBB,2021-Q4,TotalAssets,607140419000000.0
MBB,2021-Q3,TotalAssets,555594688000000.0
MBB,2021-Q2,TotalAssets,523334486000000.0
MBB,2021-Q1,TotalAssets,510957496000000.0
MBB,2020-Q4,TotalAssets,494982162000000.0
MBB,2020-Q3,TotalAssets,427175325000000.0
MBB,2020-Q2,TotalAssets,421635683000000.0
MBB,2020-Q1,TotalAssets,406802682000000.0
MBB,2019-Q4,TotalAssets,411487575000000.0
MBB,2019-Q3,TotalAssets,397441105000000.0
MBB,2019-Q2,TotalAssets,402264372000000.0
MBB,2019-Q1,TotalAssets,383219255000000.0
MBB,2018-Q4,TotalAssets,362361094000000.0
MBB,2018-Q3,TotalAssets,343850297000000.0
MBB,2018-Q2,TotalAssets,333203019000000.0
MBB,2018-Q1,TotalAssets,316345493000000.0
MBB,2026-Q2,GrossLoans,1227554477000000.0
MBB,2026-Q1,GrossLoans,1120562481000000.0
MBB,2025-Q4,GrossLoans,1084019370000000.0
MBB,2025-Q3,GrossLoans,931498596000000.0
MBB,2025-Q2,GrossLoans,879888513000000.0
MBB,2025-Q1,GrossLoans,797536715000000.0
MBB,2024-Q4,GrossLoans,776657846000000.0
MBB,2024-Q3,GrossLoans,702019545000000.0
MBB,2024-Q2,GrossLoans,673799059000000.0
MBB,2024-Q1,GrossLoans,615316724000000.0
MBB,2023-Q4,GrossLoans,611048830000000.0
MBB,2023-Q3,GrossLoans,536301777000000.0
MBB,2023-Q2,GrossLoans,518071328000000.0
MBB,2023-Q1,GrossLoans,481386268000000.0
MBB,2022-Q4,GrossLoans,460574482000000.0
MBB,2022-Q3,GrossLoans,426232638000000.0
MBB,2022-Q2,GrossLoans,415456939000000.0
MBB,2022-Q1,GrossLoans,415549473000000.0
MBB,2021-Q4,GrossLoans,363554778000000.0
MBB,2021-Q3,GrossLoans,336426387000000.0
MBB,2021-Q2,GrossLoans,331146972000000.0
MBB,2021-Q1,GrossLoans,324007375000000.0
MBB,2020-Q4,GrossLoans,298296983000000.0
MBB,2020-Q3,GrossLoans,268641892000000.0
MBB,2020-Q2,GrossLoans,261384513000000.0
MBB,2020-Q1,GrossLoans,247979708000000.0
MBB,2019-Q4,GrossLoans,250330623000000.0
MBB,2019-Q3,GrossLoans,240211306000000.0
MBB,2019-Q2,GrossLoans,238924642000000.0
MBB,2019-Q1,GrossLoans,229168311000000.0
MBB,2018-Q4,GrossLoans,214685958000000.0
MBB,2018-Q3,GrossLoans,204884876000000.0
MBB,2018-Q2,GrossLoans,204829117000000.0
MBB,2018-Q1,GrossLoans,193745724000000.0
MBB,2026-Q2,CustomerDeposits,963815357000000.0
MBB,2026-Q1,CustomerDeposits,905918332000000.0
MBB,2025-Q4,CustomerDeposits,921368132000000.0
MBB,2025-Q3,CustomerDeposits,788030328000000.0
MBB,2025-Q2,CustomerDeposits,783291908000000.0
MBB,2025-Q1,CustomerDeposits,722622450000000.0
MBB,2024-Q4,CustomerDeposits,714154479000000.0
MBB,2024-Q3,CustomerDeposits,627567353000000.0
MBB,2024-Q2,CustomerDeposits,618617638000000.0
MBB,2024-Q1,CustomerDeposits,558826062000000.0
MBB,2023-Q4,CustomerDeposits,567532577000000.0
MBB,2023-Q3,CustomerDeposits,479732568000000.0
MBB,2023-Q2,CustomerDeposits,475406125000000.0
MBB,2023-Q1,CustomerDeposits,452414711000000.0
MBB,2022-Q4,CustomerDeposits,443605638000000.0
MBB,2022-Q3,CustomerDeposits,377145234000000.0
MBB,2022-Q2,CustomerDeposits,396909793000000.0
MBB,2022-Q1,CustomerDeposits,390173507000000.0
MBB,2021-Q4,CustomerDeposits,384692155000000.0
MBB,2021-Q3,CustomerDeposits,343949438000000.0
MBB,2021-Q2,CustomerDeposits,343494329000000.0
MBB,2021-Q1,CustomerDeposits,327926697000000.0
MBB,2020-Q4,CustomerDeposits,310960354000000.0
MBB,2020-Q3,CustomerDeposits,269189328000000.0
MBB,2020-Q2,CustomerDeposits,257378873000000.0
MBB,2020-Q1,CustomerDeposits,240737125000000.0
MBB,2019-Q4,CustomerDeposits,272709512000000.0
MBB,2019-Q3,CustomerDeposits,254130038000000.0
MBB,2019-Q2,CustomerDeposits,259008944000000.0
MBB,2019-Q1,CustomerDeposits,242252088000000.0
MBB,2018-Q4,CustomerDeposits,239964318000000.0
MBB,2018-Q3,CustomerDeposits,232638438000000.0
MBB,2018-Q2,CustomerDeposits,234796072000000.0
MBB,2018-Q1,CustomerDeposits,227017855000000.0
MBB,2026-Q2,Equity,156762644000000.0
MBB,2026-Q1,Equity,149745325000000.0
MBB,2025-Q4,Equity,142022525000000.0
MBB,2025-Q3,Equity,133090745000000.0
MBB,2025-Q2,Equity,127803650000000.0
MBB,2025-Q1,Equity,123676548000000.0
MBB,2024-Q4,Equity,117059581000000.0
MBB,2024-Q3,Equity,110023198000000.0
MBB,2024-Q2,Equity,104213948000000.0
MBB,2024-Q1,Equity,101341424000000.0
MBB,2023-Q4,Equity,96711159000000.0
MBB,2023-Q3,Equity,91762995000000.0
MBB,2023-Q2,Equity,86069124000000.0
MBB,2023-Q1,Equity,84767483000000.0
MBB,2022-Q4,Equity,79613219000000.0
MBB,2022-Q3,Equity,75909876000000.0
MBB,2022-Q2,Equity,70906806000000.0
MBB,2022-Q1,Equity,67063548000000.0
MBB,2021-Q4,Equity,62486023000000.0
MBB,2021-Q3,Equity,58847393000000.0
MBB,2021-Q2,Equity,55934771000000.0
MBB,2021-Q1,Equity,53723765000000.0
MBB,2020-Q4,Equity,50099495000000.0
MBB,2020-Q3,Equity,48253994000000.0
MBB,2020-Q2,Equity,45798501000000.0
MBB,2020-Q1,Equity,43984050000000.0
MBB,2019-Q4,Equity,39885814000000.0
MBB,2019-Q3,Equity,37682970000000.0
MBB,2019-Q2,Equity,35526198000000.0
MBB,2019-Q1,Equity,36131421000000.0
MBB,2018-Q4,Equity,34172858000000.0
MBB,2018-Q3,Equity,33207642000000.0
MBB,2018-Q2,Equity,31330925000000.0
MBB,2018-Q1,Equity,31029631000000.0
MBB,2026-Q2,NPAT,8445473000000.0
MBB,2026-Q1,NPAT,7702720000000.0
MBB,2025-Q4,NPAT,8902952000000.0
MBB,2025-Q3,NPAT,5800441000000.0
MBB,2025-Q2,NPAT,6004706000000.0
MBB,2025-Q1,NPAT,6674879000000.0
MBB,2024-Q4,NPAT,6381622000000.0
MBB,2024-Q3,NPAT,5843443000000.0
MBB,2024-Q2,NPAT,6101983000000.0
MBB,2024-Q1,NPAT,4624216000000.0
MBB,2023-Q4,NPAT,5045088000000.0
MBB,2023-Q3,NPAT,5820708000000.0
MBB,2023-Q2,NPAT,4982440000000.0
MBB,2023-Q1,NPAT,5205556000000.0
MBB,2022-Q4,NPAT,3600022000000.0
MBB,2022-Q3,NPAT,5034902000000.0
MBB,2022-Q2,NPAT,4793819000000.0
MBB,2022-Q1,NPAT,4726442000000.0
MBB,2021-Q4,NPAT,3702395000000.0
MBB,2021-Q3,NPAT,3122213000000.0
MBB,2021-Q2,NPAT,2730497000000.0
MBB,2021-Q1,NPAT,3666332000000.0
MBB,2020-Q4,NPAT,2010207000000.0
MBB,2020-Q3,NPAT,2423309000000.0
MBB,2020-Q2,NPAT,2389663000000.0
MBB,2020-Q1,NPAT,1782860000000.0
MBB,2019-Q4,NPAT,1926509000000.0
MBB,2019-Q3,NPAT,2211146000000.0
MBB,2019-Q2,NPAT,1998361000000.0
MBB,2019-Q1,NPAT,1932588000000.0
MBB,2018-Q4,NPAT,1388550000000.0
MBB,2018-Q3,NPAT,1761043000000.0
MBB,2018-Q2,NPAT,1491432000000.0
MBB,2018-Q1,NPAT,1548876000000.0
MBB,2026-Q2,NetInterestIncome,16893654000000.0
MBB,2026-Q1,NetInterestIncome,14913117000000.0
MBB,2025-Q4,NetInterestIncome,14555292000000.0
MBB,2025-Q3,NetInterestIncome,12990524000000.0
MBB,2025-Q2,NetInterestIncome,12372117000000.0
MBB,2025-Q1,NetInterestIncome,11692184000000.0
MBB,2024-Q4,NetInterestIncome,11142178000000.0
MBB,2024-Q3,NetInterestIncome,10416635000000.0
MBB,2024-Q2,NetInterestIncome,10531113000000.0
MBB,2024-Q1,NetInterestIncome,9062293000000.0
MBB,2023-Q4,NetInterestIncome,9163492000000.0
MBB,2023-Q3,NetInterestIncome,9811793000000.0
MBB,2023-Q2,NetInterestIncome,9481370000000.0
MBB,2023-Q1,NetInterestIncome,10227193000000.0
MBB,2022-Q4,NetInterestIncome,9629602000000.0
MBB,2022-Q3,NetInterestIncome,9038629000000.0
MBB,2022-Q2,NetInterestIncome,8969406000000.0
MBB,2022-Q1,NetInterestIncome,8385485000000.0
MBB,2021-Q4,NetInterestIncome,7169788000000.0
MBB,2021-Q3,NetInterestIncome,6515194000000.0
MBB,2021-Q2,NetInterestIncome,6562536000000.0
MBB,2021-Q1,NetInterestIncome,5952036000000.0
MBB,2020-Q4,NetInterestIncome,5793910000000.0
MBB,2020-Q3,NetInterestIncome,5164677000000.0
MBB,2020-Q2,NetInterestIncome,4623997000000.0
MBB,2020-Q1,NetInterestIncome,4695211000000.0
MBB,2019-Q4,NetInterestIncome,4888748000000.0
MBB,2019-Q3,NetInterestIncome,4581535000000.0
MBB,2019-Q2,NetInterestIncome,4394856000000.0
MBB,2019-Q1,NetInterestIncome,4134858000000.0
MBB,2018-Q4,NetInterestIncome,4153615000000.0
MBB,2018-Q3,NetInterestIncome,3632699000000.0
MBB,2018-Q2,NetInterestIncome,3503848000000.0
MBB,2018-Q1,NetInterestIncome,3293335000000.0
MBB,2026-Q2,OperatingIncome,20434314000000.0
MBB,2026-Q1,OperatingIncome,17430206000000.0
MBB,2025-Q4,OperatingIncome,19527946000000.0
MBB,2025-Q3,OperatingIncome,15596694000000.0
MBB,2025-Q2,OperatingIncome,17245678000000.0
MBB,2025-Q1,OperatingIncome,15322697000000.0
MBB,2024-Q4,OperatingIncome,16563511000000.0
MBB,2024-Q3,OperatingIncome,12703765000000.0
MBB,2024-Q2,OperatingIncome,14129248000000.0
MBB,2024-Q1,OperatingIncome,12016698000000.0
MBB,2023-Q4,OperatingIncome,11750360000000.0
MBB,2023-Q3,OperatingIncome,12065150000000.0
MBB,2023-Q2,OperatingIncome,11560835000000.0
MBB,2023-Q1,OperatingIncome,11929717000000.0
MBB,2022-Q4,OperatingIncome,11751429000000.0
MBB,2022-Q3,OperatingIncome,10986250000000.0
MBB,2022-Q2,OperatingIncome,11221880000000.0
MBB,2022-Q1,OperatingIncome,11633066000000.0
MBB,2021-Q4,OperatingIncome,10116855000000.0
MBB,2021-Q3,OperatingIncome,8700177000000.0
MBB,2021-Q2,OperatingIncome,8924602000000.0
MBB,2021-Q1,OperatingIncome,9192864000000.0
MBB,2020-Q4,OperatingIncome,7714311000000.0
MBB,2020-Q3,OperatingIncome,6735438000000.0
MBB,2020-Q2,OperatingIncome,6573642000000.0
MBB,2020-Q1,OperatingIncome,6338782000000.0
MBB,2019-Q4,OperatingIncome,6693075000000.0
MBB,2019-Q3,OperatingIncome,6345402000000.0
MBB,2019-Q2,OperatingIncome,6157650000000.0
MBB,2019-Q1,OperatingIncome,5454321000000.0
MBB,2018-Q4,OperatingIncome,5715473000000.0
MBB,2018-Q3,OperatingIncome,4799151000000.0
MBB,2018-Q2,OperatingIncome,4790735000000.0
MBB,2018-Q1,OperatingIncome,4233547000000.0
ACB,2026-Q2,ROE,0.1633136228
ACB,2026-Q1,ROE,0.1749605442
ACB,2025-Q4,ROE,0.1755767655
ACB,2025-Q3,ROE,0.1991666777
ACB,2025-Q2,ROE,0.2017246139
ACB,2025-Q1,ROE,0.2043611798
ACB,2024-Q4,ROE,0.2174591984
ACB,2024-Q3,ROE,0.2171146112
ACB,2024-Q2,ROE,0.2285300774
ACB,2024-Q1,ROE,0.2296713776
ACB,2023-Q4,ROE,0.2479969029
ACB,2023-Q3,ROE,0.2379142232
ACB,2023-Q2,ROE,0.241404856
ACB,2023-Q1,ROE,0.2541541819
ACB,2022-Q4,ROE,0.2649167736
ACB,2022-Q3,ROE,0.2637300164
ACB,2022-Q2,ROE,0.2507127211
ACB,2022-Q1,ROE,0.2390256853
ACB,2021-Q4,ROE,0.2489431803
ACB,2021-Q3,ROE,0.2489431803
ACB,2021-Q1,ROE,0.2517097592353821
ACB,2020-Q4,ROE,0.2430753028
ACB,2020-Q3,ROE,0.2210627295
ACB,2020-Q2,ROE,0.2172573283
ACB,2020-Q1,ROE,0.2319699749
ACB,2019-Q4,ROE,0.2463934246
ACB,2019-Q3,ROE,0.2511064926
ACB,2019-Q2,ROE,0.256970075
ACB,2019-Q1,ROE,0.2638366329
ACB,2018-Q4,ROE,0.2773131377
ACB,2018-Q3,ROE,0.2456468506
ACB,2018-Q2,ROE,0.215109602
ACB,2018-Q1,ROE,0.175354782
ACB,2026-Q2,ROA,0.0153965936
ACB,2026-Q1,ROA,0.0165193965
ACB,2025-Q4,ROA,0.0165353343
ACB,2025-Q3,ROA,0.019116518
ACB,2025-Q2,ROA,0.0195870449
ACB,2025-Q1,ROA,0.0200591695
ACB,2024-Q4,ROA,0.0212152703
ACB,2024-Q3,ROA,0.021717062
ACB,2024-Q2,ROA,0.0229277307
ACB,2024-Q1,ROA,0.0232106375
ACB,2023-Q4,ROA,0.024187983
ACB,2023-Q3,ROA,0.0238686591
ACB,2023-Q2,ROA,0.0239863156
ACB,2023-Q1,ROA,0.0250189415
ACB,2022-Q4,ROA,0.0241064619
ACB,2022-Q3,ROA,0.0245156797
ACB,2022-Q2,ROA,0.0226247951
ACB,2022-Q1,ROA,0.0197526392
ACB,2021-Q4,ROA,0.0210856359
ACB,2021-Q3,ROA,0.0210856359
ACB,2021-Q1,ROA,0.0201904661953449
ACB,2020-Q4,ROA,0.0185565452
ACB,2020-Q3,ROA,0.0168493192
ACB,2020-Q2,ROA,0.0161409759
ACB,2020-Q1,ROA,0.0166706754
ACB,2019-Q4,ROA,0.0168617705
ACB,2019-Q3,ROA,0.0169200031
ACB,2019-Q2,ROA,0.0167762405
ACB,2019-Q1,ROA,0.0166426907
ACB,2018-Q4,ROA,0.0167426296
ACB,2018-Q3,ROA,0.0144601155
ACB,2018-Q2,ROA,0.0123682717
ACB,2018-Q1,ROA,0.009942003
ACB,2026-Q2,NIM,0.0288777064
ACB,2026-Q1,NIM,0.0287151404
ACB,2025-Q4,NIM,0.0292074524
ACB,2025-Q3,NIM,0.0303020477
ACB,2025-Q2,NIM,0.0319282365
ACB,2025-Q1,NIM,0.0340651547
ACB,2024-Q4,NIM,0.0361129042
ACB,2024-Q3,NIM,0.0372082094
ACB,2024-Q2,NIM,0.0379239296
ACB,2024-Q1,NIM,0.0385359801
ACB,2023-Q4,NIM,0.0388986224
ACB,2023-Q3,NIM,0.0414348349
ACB,2023-Q2,NIM,0.0426770109
ACB,2023-Q1,NIM,0.0431701539
ACB,2022-Q4,NIM,0.0430849183
ACB,2022-Q3,NIM,0.0419304345
ACB,2022-Q2,NIM,0.0407134798
ACB,2022-Q1,NIM,0.0408856194
ACB,2021-Q4,NIM,0.0422035705
ACB,2021-Q3,NIM,0.0422035705
ACB,2021-Q1,NIM,0.0385538972914218
ACB,2020-Q4,NIM,0.0369830253
ACB,2020-Q3,NIM,0.0354488477
ACB,2020-Q2,NIM,0.0351705654
ACB,2020-Q1,NIM,0.0357477218
ACB,2019-Q4,NIM,0.0356880706
ACB,2019-Q3,NIM,0.0356582921
ACB,2019-Q2,NIM,0.035473045
ACB,2019-Q1,NIM,0.0353004193
ACB,2018-Q4,NIM,0.0356206695
ACB,2018-Q3,NIM,0.0341375538
ACB,2018-Q2,NIM,0.0339189352
ACB,2018-Q1,NIM,0.0335252399
ACB,2026-Q2,NPL,0.0102679363
ACB,2026-Q1,NPL,0.0096704639
ACB,2025-Q4,NPL,0.0097140463
ACB,2025-Q3,NPL,0.0109480051
ACB,2025-Q2,NPL,0.0125672608
ACB,2025-Q1,NPL,0.0147699255
ACB,2024-Q4,NPL,0.0148955379
ACB,2024-Q3,NPL,0.0149131927
ACB,2024-Q2,NPL,0.0147640568
ACB,2024-Q1,NPL,0.0145192623
ACB,2023-Q4,NPL,0.0120738364
ACB,2023-Q3,NPL,0.0120082696
ACB,2023-Q2,NPL,0.0106485042
ACB,2023-Q1,NPL,0.0097327099
ACB,2022-Q4,NPL,0.0073600895
ACB,2022-Q3,NPL,0.0100834173
ACB,2022-Q2,NPL,0.0075788631
ACB,2022-Q1,NPL,0.0077349185
ACB,2021-Q4,NPL,0.0083879805
ACB,2021-Q3,NPL,0.0083879805
ACB,2021-Q1,NPL,0.0091093303635716
ACB,2020-Q4,NPL,0.0059085334
ACB,2020-Q3,NPL,0.0083380313
ACB,2020-Q2,NPL,0.0067612161
ACB,2020-Q1,NPL,0.0065218908
ACB,2019-Q4,NPL,0.0053939303
ACB,2019-Q3,NPL,0.0066568776
ACB,2019-Q2,NPL,0.0066071196
ACB,2019-Q1,NPL,0.0068388712
ACB,2018-Q4,NPL,0.0072658578
ACB,2018-Q3,NPL,0.0083717676
ACB,2018-Q2,NPL,0.0078301264
ACB,2018-Q1,NPL,0.0069820512
ACB,2025-Q2,CAR,0.1097
ACB,2024-Q2,CAR,0.1179
ACB,2023-Q2,CAR,0.1276
ACB,2022-Q2,CAR,0.1198
ACB,2020-Q2,CAR,0.1123
ACB,2019-Q2,CAR,0.1026
ACB,2026-Q2,CIR,0.2970421857
ACB,2026-Q1,CIR,0.3201134462
ACB,2025-Q4,CIR,0.3232261322
ACB,2025-Q3,CIR,0.3236781672
ACB,2025-Q2,CIR,0.2944468167
ACB,2025-Q1,CIR,0.3401160484
ACB,2024-Q4,CIR,0.325307516
ACB,2024-Q3,CIR,0.3605842723
ACB,2024-Q2,CIR,0.2849762905
ACB,2024-Q1,CIR,0.3383653767
ACB,2023-Q4,CIR,0.3320745938
ACB,2023-Q3,CIR,0.3404662799
ACB,2023-Q2,CIR,0.3097368736
ACB,2023-Q1,CIR,0.3166151756
ACB,2022-Q4,CIR,0.4030919761
ACB,2022-Q3,CIR,0.3561950207
ACB,2022-Q2,CIR,0.328793429
ACB,2022-Q1,CIR,0.3492521239
ACB,2021-Q4,CIR,0.3962082408
ACB,2021-Q3,CIR,0.3962082408
ACB,2021-Q1,CIR,0.3462848365306854
ACB,2020-Q4,CIR,0.4198082858
ACB,2020-Q3,CIR,0.3861288841
ACB,2020-Q2,CIR,0.4309758416
ACB,2020-Q1,CIR,0.5391763875
ACB,2019-Q4,CIR,0.516084601
ACB,2019-Q3,CIR,0.479003891
ACB,2019-Q2,CIR,0.4867877596
ACB,2019-Q1,CIR,0.5154285102
ACB,2018-Q4,CIR,0.478309828
ACB,2018-Q3,CIR,0.4523828867
ACB,2018-Q2,CIR,0.3846529456
ACB,2018-Q1,CIR,0.5083535753
ACB,2026-Q2,LDR,1.2933656682
ACB,2026-Q1,LDR,1.2458515162
ACB,2025-Q4,LDR,1.1736169155
ACB,2025-Q3,LDR,1.1718987654
ACB,2025-Q2,LDR,1.1169210802
ACB,2025-Q1,LDR,1.0879960831
ACB,2024-Q4,LDR,1.0807394386
ACB,2024-Q3,LDR,1.0835438951
ACB,2024-Q2,LDR,1.0751941288
ACB,2024-Q1,LDR,1.027004264
ACB,2023-Q4,LDR,1.0101493542
ACB,2023-Q3,LDR,1.0095438866
ACB,2023-Q2,LDR,1.0037498653
ACB,2023-Q1,LDR,0.9728765964
ACB,2022-Q4,LDR,0.9994044128
ACB,2022-Q3,LDR,1.0260887767
ACB,2022-Q2,LDR,1.0192375798
ACB,2022-Q1,LDR,0.9526002861
ACB,2021-Q4,LDR,0.9199528853
ACB,2021-Q3,LDR,0.9199528853
ACB,2021-Q1,LDR,0.9207690358161926
ACB,2020-Q4,LDR,0.8818874842
ACB,2020-Q3,LDR,0.8884357447
ACB,2020-Q2,LDR,0.8584302433
ACB,2020-Q1,LDR,0.8789074994
ACB,2019-Q4,LDR,0.8720380102
ACB,2019-Q3,LDR,0.8592144673
ACB,2019-Q2,LDR,0.8606991906
ACB,2019-Q1,LDR,0.8628989103
ACB,2018-Q4,LDR,0.8538092524
ACB,2018-Q3,LDR,0.8244766914
ACB,2018-Q2,LDR,0.8284538452
ACB,2018-Q1,LDR,0.8196246366
ACB,2026-Q2,CASA,0.2057579706
ACB,2026-Q1,CASA,0.2184096741
ACB,2025-Q4,CASA,0.2181753594
ACB,2025-Q3,CASA,0.219924493
ACB,2025-Q2,CASA,0.2181203044
ACB,2025-Q1,CASA,0.2129607263
ACB,2024-Q4,CASA,0.2251186384
ACB,2024-Q3,CASA,0.2143528075
ACB,2024-Q2,CASA,0.2157350684
ACB,2024-Q1,CASA,0.2296289277
ACB,2023-Q4,CASA,0.2200748
ACB,2023-Q3,CASA,0.2064130348
ACB,2023-Q2,CASA,0.2085463658
ACB,2023-Q1,CASA,0.2016102387
ACB,2022-Q4,CASA,0.2230046118
ACB,2022-Q3,CASA,0.2412727959
ACB,2022-Q2,CASA,0.2501846305
ACB,2022-Q1,CASA,0.2690561176
ACB,2021-Q4,CASA,0.2546523443
ACB,2021-Q3,CASA,0.2254385553
ACB,2021-Q1,CASA,0.2205266611
ACB,2020-Q4,CASA,0.216225903
ACB,2020-Q3,CASA,0.1912725408
ACB,2020-Q2,CASA,0.180908854
ACB,2020-Q1,CASA,0.1654760984
ACB,2019-Q4,CASA,0.1907845558
ACB,2019-Q3,CASA,0.1723169506
ACB,2019-Q2,CASA,0.173589206
ACB,2019-Q1,CASA,0.1690167441
ACB,2018-Q4,CASA,0.1746815574
ACB,2018-Q3,CASA,0.159698964
ACB,2018-Q2,CASA,0.1608178498
ACB,2018-Q1,CASA,0.1620961274
ACB,2026-Q2,PB,1.2828644243
ACB,2026-Q1,PB,1.3430848485
ACB,2025-Q4,PB,1.2934065859
ACB,2025-Q3,PB,1.3850887997
ACB,2025-Q2,PB,1.5490550877
ACB,2025-Q1,PB,1.3391061871
ACB,2024-Q4,PB,1.2897710453
ACB,2024-Q3,PB,1.3962862138
ACB,2024-Q2,PB,1.5497475945
ACB,2024-Q1,PB,1.4333298662
ACB,2023-Q4,PB,1.5326888466
ACB,2023-Q3,PB,1.4995595341
ACB,2023-Q2,PB,1.4024478547
ACB,2023-Q1,PB,1.3572089618
ACB,2022-Q4,PB,1.4419735372
ACB,2022-Q3,PB,1.4634511741
ACB,2022-Q2,PB,1.2941226522
ACB,2022-Q1,PB,1.6815941391
ACB,2021-Q4,PB,1.8594321892
ACB,2021-Q3,PB,2.0860811932
ACB,2021-Q1,PB,2.3329910597
ACB,2020-Q4,PB,1.9817853453
ACB,2020-Q3,PB,1.8451305255
ACB,2020-Q2,PB,1.7947294344
ACB,2020-Q1,PB,1.3793786919
ACB,2019-Q4,PB,1.1857292421
ACB,2019-Q3,PB,1.6000682016
ACB,2019-Q2,PB,1.5986140099
ACB,2019-Q1,PB,1.7166775559
ACB,2018-Q4,PB,1.7801471926
ACB,2018-Q3,PB,1.8657522074
ACB,2018-Q2,PB,2.0151965772
ACB,2018-Q1,PB,2.0334449499
ACB,2026-Q2,PE,8.1264143564
ACB,2026-Q1,PE,8.153470272
ACB,2025-Q4,PE,7.8243060407
ACB,2025-Q3,PE,7.2830504387
ACB,2025-Q2,PE,7.9583271815
ACB,2025-Q1,PE,7.0400782576
ACB,2024-Q4,PE,6.4114320514
ACB,2024-Q3,PE,6.7752917564
ACB,2024-Q2,PE,7.0599776394
ACB,2024-Q1,PE,6.7783089662
ACB,2023-Q4,PE,6.7781377348
ACB,2023-Q3,PE,6.7213553953
ACB,2023-Q2,PE,5.0375189458
ACB,2023-Q1,PE,5.838492592
ACB,2022-Q4,PE,6.1561819167
ACB,2022-Q3,PE,6.1576333479
ACB,2022-Q2,PE,5.728704027
ACB,2022-Q1,PE,7.7889284027
ACB,2021-Q4,PE,8.694408532
ACB,2021-Q3,PE,9.1141274869
ACB,2021-Q1,PE,10.2546119679
ACB,2020-Q4,PE,9.1438591322
ACB,2020-Q3,PE,9.0666215318
ACB,2020-Q2,PE,8.9207525599
ACB,2020-Q1,PE,6.4726808696
ACB,2019-Q4,PE,5.4779606741
ACB,2019-Q3,PE,6.8674571244
ACB,2019-Q2,PE,6.8363441191
ACB,2019-Q1,PE,7.1709397112
ACB,2018-Q4,PE,7.525255925
ACB,2018-Q3,PE,8.346752165
ACB,2018-Q2,PE,10.2532840556
ACB,2018-Q1,PE,13.2423620721
ACB,2026-Q2,TotalAssets,1067845075000000.0
ACB,2026-Q1,TotalAssets,1030900741000000.0
ACB,2025-Q4,TotalAssets,1025850127000000.0
ACB,2025-Q3,TotalAssets,948549176000000.0
ACB,2025-Q2,TotalAssets,933541420000000.0
ACB,2025-Q1,TotalAssets,891674563000000.0
ACB,2024-Q4,TotalAssets,864005703000000.0
ACB,2024-Q3,TotalAssets,777392922000000.0
ACB,2024-Q2,TotalAssets,769678700000000.0
ACB,2024-Q1,TotalAssets,727297968000000.0
ACB,2023-Q4,TotalAssets,718794589000000.0
ACB,2023-Q3,TotalAssets,648509938000000.0
ACB,2023-Q2,TotalAssets,630893170000000.0
ACB,2023-Q1,TotalAssets,611223523000000.0
ACB,2022-Q4,TotalAssets,607875185000000.0
ACB,2022-Q3,TotalAssets,561113724000000.0
ACB,2022-Q2,TotalAssets,543736728000000.0
ACB,2022-Q1,TotalAssets,528636428000000.0
ACB,2021-Q4,TotalAssets,527769944000000.0
ACB,2021-Q3,TotalAssets,479308753000000.0
ACB,2021-Q2,TotalAssets,471275438000000.0
ACB,2021-Q1,TotalAssets,449514732000000.0
ACB,2020-Q4,TotalAssets,444530104000000.0
ACB,2020-Q3,TotalAssets,418748315000000.0
ACB,2020-Q2,TotalAssets,396760420000000.0
ACB,2020-Q1,TotalAssets,387396053000000.0
ACB,2019-Q4,TotalAssets,383514439000000.0
ACB,2019-Q3,TotalAssets,358175116000000.0
ACB,2019-Q2,TotalAssets,350938171000000.0
ACB,2019-Q1,TotalAssets,335802627000000.0
ACB,2018-Q4,TotalAssets,329333241000000.0
ACB,2018-Q3,TotalAssets,312777917000000.0
ACB,2018-Q2,TotalAssets,309968108000000.0
ACB,2018-Q1,TotalAssets,299855182000000.0
ACB,2026-Q2,GrossLoans,745759303000000.0
ACB,2026-Q1,GrossLoans,709026068000000.0
ACB,2025-Q4,GrossLoans,686777352000000.0
ACB,2025-Q3,GrossLoans,669188125000000.0
ACB,2025-Q2,GrossLoans,633748683000000.0
ACB,2025-Q1,GrossLoans,598805866000000.0
ACB,2024-Q4,GrossLoans,580686248000000.0
ACB,2024-Q3,GrossLoans,554908474000000.0
ACB,2024-Q2,GrossLoans,550172293000000.0
ACB,2024-Q1,GrossLoans,506112216000000.0
ACB,2023-Q4,GrossLoans,487601852000000.0
ACB,2023-Q3,GrossLoans,449751645000000.0
ACB,2023-Q2,GrossLoans,434031946000000.0
ACB,2023-Q1,GrossLoans,411288535000000.0
ACB,2022-Q4,GrossLoans,413706244000000.0
ACB,2022-Q3,GrossLoans,402250931000000.0
ACB,2022-Q2,GrossLoans,395598651000000.0
ACB,2022-Q1,GrossLoans,379982950000000.0
ACB,2021-Q4,GrossLoans,361912538000000.0
ACB,2021-Q3,GrossLoans,336491602000000.0
ACB,2021-Q2,GrossLoans,341667500000000.0
ACB,2021-Q1,GrossLoans,324311117000000.0
ACB,2020-Q4,GrossLoans,311478989000000.0
ACB,2020-Q3,GrossLoans,297385546000000.0
ACB,2020-Q2,GrossLoans,283755020000000.0
ACB,2020-Q1,GrossLoans,274793621000000.0
ACB,2019-Q4,GrossLoans,268700541000000.0
ACB,2019-Q3,GrossLoans,256052028000000.0
ACB,2019-Q2,GrossLoans,250704406000000.0
ACB,2019-Q1,GrossLoans,237357737000000.0
ACB,2018-Q4,GrossLoans,230527220000000.0
ACB,2018-Q3,GrossLoans,220939364000000.0
ACB,2018-Q2,GrossLoans,221861170000000.0
ACB,2018-Q1,GrossLoans,211670318000000.0
ACB,2026-Q2,CustomerDeposits,576603602000000.0
ACB,2026-Q1,CustomerDeposits,569109608000000.0
ACB,2025-Q4,CustomerDeposits,585180175000000.0
ACB,2025-Q3,CustomerDeposits,571028953000000.0
ACB,2025-Q2,CustomerDeposits,567406860000000.0
ACB,2025-Q1,CustomerDeposits,550375020000000.0
ACB,2024-Q4,CustomerDeposits,537304578000000.0
ACB,2024-Q3,CustomerDeposits,512123668000000.0
ACB,2024-Q2,CustomerDeposits,511695775000000.0
ACB,2024-Q1,CustomerDeposits,492804396000000.0
ACB,2023-Q4,CustomerDeposits,482702731000000.0
ACB,2023-Q3,CustomerDeposits,445499845000000.0
ACB,2023-Q2,CustomerDeposits,432410465000000.0
ACB,2023-Q1,CustomerDeposits,422755092000000.0
ACB,2022-Q4,CustomerDeposits,413952789000000.0
ACB,2022-Q3,CustomerDeposits,392023517000000.0
ACB,2022-Q2,CustomerDeposits,388131932000000.0
ACB,2022-Q1,CustomerDeposits,386050921000000.0
ACB,2021-Q4,CustomerDeposits,379920669000000.0
ACB,2021-Q3,CustomerDeposits,365770473000000.0
ACB,2021-Q2,CustomerDeposits,358474148000000.0
ACB,2021-Q1,CustomerDeposits,352217653000000.0
ACB,2020-Q4,CustomerDeposits,353195838000000.0
ACB,2020-Q3,CustomerDeposits,334729380000000.0
ACB,2020-Q2,CustomerDeposits,330551052000000.0
ACB,2020-Q1,CustomerDeposits,312653631000000.0
ACB,2019-Q4,CustomerDeposits,308129391000000.0
ACB,2019-Q3,CustomerDeposits,298007119000000.0
ACB,2019-Q2,CustomerDeposits,291279937000000.0
ACB,2019-Q1,CustomerDeposits,275070155000000.0
ACB,2018-Q4,CustomerDeposits,269998503000000.0
ACB,2018-Q3,CustomerDeposits,267975270000000.0
ACB,2018-Q2,CustomerDeposits,267801485000000.0
ACB,2018-Q1,CustomerDeposits,258252752000000.0
ACB,2026-Q2,Equity,99314518000000.0
ACB,2026-Q1,Equity,98751052000000.0
ACB,2025-Q4,Equity,94519719000000.0
ACB,2025-Q3,Equity,91415500000000.0
ACB,2025-Q2,Equity,87210629000000.0
ACB,2025-Q1,Equity,87074577000000.0
ACB,2024-Q4,Equity,83461678000000.0
ACB,2024-Q3,Equity,78854261000000.0
ACB,2024-Q2,Equity,74792678000000.0
ACB,2024-Q1,Equity,74790732000000.0
ACB,2023-Q4,Equity,70955961000000.0
ACB,2023-Q3,Equity,66825289000000.0
ACB,2023-Q2,Equity,62867181000000.0
ACB,2023-Q1,Equity,62530165000000.0
ACB,2022-Q4,Equity,58438663000000.0
ACB,2022-Q3,Equity,55734731000000.0
ACB,2022-Q2,Equity,52066031000000.0
ACB,2022-Q1,Equity,48203333000000.0
ACB,2021-Q4,Equity,44900909000000.0
ACB,2021-Q3,Equity,42483436000000.0
ACB,2021-Q2,Equity,40380245000000.0
ACB,2021-Q1,Equity,37929335000000.0
ACB,2020-Q4,Equity,35448163000000.0
ACB,2020-Q3,Equity,32918968000000.0
ACB,2020-Q2,Equity,30832445000000.0
ACB,2020-Q1,Equity,29412365000000.0
ACB,2019-Q4,Equity,27752507000000.0
ACB,2019-Q3,Equity,25364309000000.0
ACB,2019-Q2,Equity,23833705000000.0
ACB,2019-Q1,Equity,22383445000000.0
ACB,2018-Q4,Equity,21017899000000.0
ACB,2018-Q3,Equity,19518788000000.0
ACB,2018-Q2,Equity,18318852000000.0
ACB,2018-Q1,Equity,17177260000000.0
ACB,2026-Q2,NPAT,4292478000000.0
ACB,2026-Q1,NPAT,4320388000000.0
ACB,2025-Q4,NPAT,2784685000000.0
ACB,2025-Q3,NPAT,4280589000000.0
ACB,2025-Q2,NPAT,4881159000000.0
ACB,2025-Q1,NPAT,3678266000000.0
ACB,2024-Q4,NPAT,4545364000000.0
ACB,2024-Q3,NPAT,3870395000000.0
ACB,2024-Q2,NPAT,4468590000000.0
ACB,2024-Q1,NPAT,3905419000000.0
ACB,2023-Q4,NPAT,4006279000000.0
ACB,2023-Q3,NPAT,4037579000000.0
ACB,2023-Q2,NPAT,3865846000000.0
ACB,2023-Q1,NPAT,4135029000000.0
ACB,2022-Q4,NPAT,2870518000000.0
ACB,2022-Q3,NPAT,3586992000000.0
ACB,2022-Q2,NPAT,3943148000000.0
ACB,2022-Q1,NPAT,3287535000000.0
ACB,2021-Q4,NPAT,2428495000000.0
ACB,2021-Q3,NPAT,2102615000000.0
ACB,2021-Q2,NPAT,2588235000000.0
ACB,2021-Q1,NPAT,2483401000000.0
ACB,2020-Q4,NPAT,2549543000000.0
ACB,2020-Q3,NPAT,2074572000000.0
ACB,2020-Q2,NPAT,1521655000000.0
ACB,2020-Q1,NPAT,1537053000000.0
ACB,2019-Q4,NPAT,1549241000000.0
ACB,2019-Q3,NPAT,1549212000000.0
ACB,2019-Q2,NPAT,1532743000000.0
ACB,2019-Q1,NPAT,1365889000000.0
ACB,2018-Q4,NPAT,1365231000000.0
ACB,2018-Q3,NPAT,1309422000000.0
ACB,2018-Q2,NPAT,1317913000000.0
ACB,2018-Q1,NPAT,1144486000000.0
ACB,2026-Q2,NetInterestIncome,7784691000000.0
ACB,2026-Q1,NetInterestIncome,6989162000000.0
ACB,2025-Q4,NetInterestIncome,7093272000000.0
ACB,2025-Q3,NetInterestIncome,6769710000000.0
ACB,2025-Q2,NetInterestIncome,6683848000000.0
ACB,2025-Q1,NetInterestIncome,6358865000000.0
ACB,2024-Q4,NetInterestIncome,7080291000000.0
ACB,2024-Q3,NetInterestIncome,6881387000000.0
ACB,2024-Q2,NetInterestIncome,7111506000000.0
ACB,2024-Q1,NetInterestIncome,6721518000000.0
ACB,2023-Q4,NetInterestIncome,6289616000000.0
ACB,2023-Q3,NetInterestIncome,6209128000000.0
ACB,2023-Q2,NetInterestIncome,6245672000000.0
ACB,2023-Q1,NetInterestIncome,6215154000000.0
ACB,2022-Q4,NetInterestIncome,6454217000000.0
ACB,2022-Q3,NetInterestIncome,6032250000000.0
ACB,2022-Q2,NetInterestIncome,5606390000000.0
ACB,2022-Q1,NetInterestIncome,5440672000000.0
ACB,2021-Q4,NetInterestIncome,4794322000000.0
ACB,2021-Q3,NetInterestIncome,4520511000000.0
ACB,2021-Q2,NetInterestIncome,4990387000000.0
ACB,2021-Q1,NetInterestIncome,4639572000000.0
ACB,2020-Q4,NetInterestIncome,4415732000000.0
ACB,2020-Q3,NetInterestIncome,3635001000000.0
ACB,2020-Q2,NetInterestIncome,3111946000000.0
ACB,2020-Q1,NetInterestIncome,3419444000000.0
ACB,2019-Q4,NetInterestIncome,3329591000000.0
ACB,2019-Q3,NetInterestIncome,3023025000000.0
ACB,2019-Q2,NetInterestIncome,2903004000000.0
ACB,2019-Q1,NetInterestIncome,2856540000000.0
ACB,2018-Q4,NetInterestIncome,2938604000000.0
ACB,2018-Q3,NetInterestIncome,2563243000000.0
ACB,2018-Q2,NetInterestIncome,2488262000000.0
ACB,2018-Q1,NetInterestIncome,2372811000000.0
ACB,2026-Q2,OperatingIncome,9142900000000.0
ACB,2026-Q1,OperatingIncome,8904665000000.0
ACB,2025-Q4,OperatingIncome,8206046000000.0
ACB,2025-Q3,OperatingIncome,8384665000000.0
ACB,2025-Q2,OperatingIncome,9292544000000.0
ACB,2025-Q1,OperatingIncome,7914628000000.0
ACB,2024-Q4,OperatingIncome,8558296000000.0
ACB,2024-Q3,OperatingIncome,8136001000000.0
ACB,2024-Q2,OperatingIncome,8652011000000.0
ACB,2024-Q1,OperatingIncome,8168451000000.0
ACB,2023-Q4,OperatingIncome,8378463000000.0
ACB,2023-Q3,OperatingIncome,8424382000000.0
ACB,2023-Q2,OperatingIncome,8023520000000.0
ACB,2023-Q1,OperatingIncome,7920151000000.0
ACB,2022-Q4,OperatingIncome,7925996000000.0
ACB,2022-Q3,OperatingIncome,7090961000000.0
ACB,2022-Q2,OperatingIncome,6923347000000.0
ACB,2022-Q1,OperatingIncome,6849763000000.0
ACB,2021-Q4,OperatingIncome,5971221000000.0
ACB,2021-Q3,OperatingIncome,5690182000000.0
ACB,2021-Q2,OperatingIncome,6227217000000.0
ACB,2021-Q1,OperatingIncome,5675377000000.0
ACB,2020-Q4,OperatingIncome,5195405000000.0
ACB,2020-Q3,OperatingIncome,4485580000000.0
ACB,2020-Q2,OperatingIncome,4102100000000.0
ACB,2020-Q1,OperatingIncome,4378224000000.0
ACB,2019-Q4,OperatingIncome,4809686000000.0
ACB,2019-Q3,OperatingIncome,3848856000000.0
ACB,2019-Q2,OperatingIncome,3948649000000.0
ACB,2019-Q1,OperatingIncome,3490162000000.0
ACB,2018-Q4,OperatingIncome,4164337000000.0
ACB,2018-Q3,OperatingIncome,3360441000000.0
ACB,2018-Q2,OperatingIncome,3205045000000.0
ACB,2018-Q1,OperatingIncome,3303376000000.0
HDB,2026-Q2,ROE,0.2386735639
HDB,2026-Q1,ROE,0.2316602995
HDB,2025-Q4,ROE,0.2449095481
HDB,2025-Q3,ROE,0.2315009571
HDB,2025-Q2,ROE,0.2422703817
HDB,2025-Q1,ROE,0.2478887468
HDB,2024-Q4,ROE,0.2476858593
HDB,2024-Q3,ROE,0.2566276729
HDB,2024-Q2,ROE,0.2510837418
HDB,2024-Q1,ROE,0.2470485708
HDB,2023-Q4,ROE,0.2358656472
HDB,2023-Q3,ROE,0.2072747391
HDB,2023-Q2,ROE,0.2031938481
HDB,2023-Q1,ROE,0.2079234586
HDB,2022-Q4,ROE,0.2221048681
HDB,2022-Q3,ROE,0.220983759
HDB,2022-Q2,ROE,0.2163396271
HDB,2022-Q1,ROE,0.2181677817
HDB,2021-Q4,ROE,0.2073541074
HDB,2021-Q3,ROE,0.2073541074
HDB,2021-Q1,ROE,0.201587364077568
HDB,2020-Q4,ROE,0.1884854628
HDB,2020-Q3,ROE,0.1952067037
HDB,2020-Q2,ROE,0.1960061145
HDB,2020-Q1,ROE,0.1848066599
HDB,2019-Q4,ROE,0.1937564675
HDB,2019-Q3,ROE,0.1794582159
HDB,2019-Q2,ROE,0.1697171595
HDB,2019-Q1,ROE,0.1753061993
HDB,2018-Q4,ROE,0.1799514272
HDB,2018-Q3,ROE,0.156075095
HDB,2018-Q2,ROE,0.1856609837
HDB,2018-Q1,ROE,0.1725132445
HDB,2026-Q2,ROA,0.0204132651
HDB,2026-Q1,ROA,0.0195972911
HDB,2025-Q4,ROA,0.020294367
HDB,2025-Q3,ROA,0.0195120355
HDB,2025-Q2,ROA,0.0202497088
HDB,2025-Q1,ROA,0.0208630158
HDB,2024-Q4,ROA,0.0196401269
HDB,2024-Q3,ROA,0.0211355399
HDB,2024-Q2,ROA,0.0206179607
HDB,2024-Q1,ROA,0.0201954106
HDB,2023-Q4,ROA,0.0197742349
HDB,2023-Q3,ROA,0.0181297088
HDB,2023-Q2,ROA,0.0181981466
HDB,2023-Q1,ROA,0.0191002226
HDB,2022-Q4,ROA,0.0195977872
HDB,2022-Q3,ROA,0.0195459992
HDB,2022-Q2,ROA,0.0186661518
HDB,2022-Q1,ROA,0.0174518617
HDB,2021-Q4,ROA,0.0169543364
HDB,2021-Q3,ROA,0.0169543364
HDB,2021-Q1,ROA,0.016967536881566
HDB,2020-Q4,ROA,0.0154900192
HDB,2020-Q3,ROA,0.0176523672
HDB,2020-Q2,ROA,0.0178899545
HDB,2020-Q1,ROA,0.016627482
HDB,2019-Q4,ROA,0.0161817576
HDB,2019-Q3,ROA,0.0154259598
HDB,2019-Q2,ROA,0.0141576382
HDB,2019-Q1,ROA,0.0142517614
HDB,2018-Q4,ROA,0.0140214275
HDB,2018-Q3,ROA,0.0125190675
HDB,2018-Q2,ROA,0.0140717156
HDB,2018-Q1,ROA,0.01235965
HDB,2026-Q2,NIM,0.0410515519
HDB,2026-Q1,NIM,0.0442048188
HDB,2025-Q4,NIM,0.0467374096
HDB,2025-Q3,NIM,0.0489490172
HDB,2025-Q2,NIM,0.0522208467
HDB,2025-Q1,NIM,0.0523931611
HDB,2024-Q4,NIM,0.0538983645
HDB,2024-Q3,NIM,0.0555606237
HDB,2024-Q2,NIM,0.0535303109
HDB,2024-Q1,NIM,0.051088919
HDB,2023-Q4,NIM,0.0493775847
HDB,2023-Q3,NIM,0.0476084346
HDB,2023-Q2,NIM,0.048525344
HDB,2023-Q1,NIM,0.0501837904
HDB,2022-Q4,NIM,0.0507678312
HDB,2022-Q3,NIM,0.0482911815
HDB,2022-Q2,NIM,0.0466415158
HDB,2022-Q1,NIM,0.0444026102
HDB,2021-Q4,NIM,0.044546684
HDB,2021-Q3,NIM,0.044546684
HDB,2021-Q1,NIM,0.0462658293545246
HDB,2020-Q4,NIM,0.0475248903
HDB,2020-Q3,NIM,0.0509571082
HDB,2020-Q2,NIM,0.0512035336
HDB,2020-Q1,NIM,0.0511408506
HDB,2019-Q4,NIM,0.0469518448
HDB,2019-Q3,NIM,0.0451984416
HDB,2019-Q2,NIM,0.0425117349
HDB,2019-Q1,NIM,0.0411903475
HDB,2018-Q4,NIM,0.0404833574
HDB,2018-Q3,NIM,0.0402401402
HDB,2018-Q2,NIM,0.0422339583
HDB,2018-Q1,NIM,0.0406101885
HDB,2026-Q2,NPL,0.027909106
HDB,2026-Q1,NPL,0.0260079314
HDB,2025-Q4,NPL,0.0243795743
HDB,2025-Q3,NPL,0.0290105445
HDB,2025-Q2,NPL,0.0254140093
HDB,2025-Q1,NPL,0.0237127404
HDB,2024-Q4,NPL,0.0193367777
HDB,2024-Q3,NPL,0.0189803908
HDB,2024-Q2,NPL,0.0209926733
HDB,2024-Q1,NPL,0.0224307411
HDB,2023-Q4,NPL,0.0179379323
HDB,2023-Q3,NPL,0.0226396711
HDB,2023-Q2,NPL,0.0215027023
HDB,2023-Q1,NPL,0.018457501
HDB,2022-Q4,NPL,0.016691622
HDB,2022-Q3,NPL,0.0153785661
HDB,2022-Q2,NPL,0.0133226178
HDB,2022-Q1,NPL,0.0165349053
HDB,2021-Q4,NPL,0.01399097
HDB,2021-Q3,NPL,0.01399097
HDB,2021-Q1,NPL,0.0151368854567408
HDB,2020-Q4,NPL,0.013219533
HDB,2020-Q3,NPL,0.0183146251
HDB,2020-Q2,NPL,0.0155199541
HDB,2020-Q1,NPL,0.0147206776
HDB,2019-Q4,NPL,0.0136454706
HDB,2019-Q3,NPL,0.0149611945
HDB,2019-Q2,NPL,0.0144390165
HDB,2019-Q1,NPL,0.0144783748
HDB,2018-Q4,NPL,0.015308412
HDB,2018-Q3,NPL,0.0149872283
HDB,2018-Q2,NPL,0.0143066086
HDB,2018-Q1,NPL,0.0162627863
HDB,2025-Q2,CAR,0.1202
HDB,2024-Q2,CAR,0.1394
HDB,2023-Q2,CAR,0.123
HDB,2022-Q2,CAR,0.1489
HDB,2026-Q2,CIR,0.2409074986
HDB,2026-Q1,CIR,0.259927265
HDB,2025-Q4,CIR,0.2717121458
HDB,2025-Q3,CIR,0.2614390486
HDB,2025-Q2,CIR,0.2390904106
HDB,2025-Q1,CIR,0.2742689406
HDB,2024-Q4,CIR,0.3520419083
HDB,2024-Q3,CIR,0.3457629386
HDB,2024-Q2,CIR,0.3653411497
HDB,2024-Q1,CIR,0.3166432428
HDB,2023-Q4,CIR,0.3456239446
HDB,2023-Q3,CIR,0.3782722685
HDB,2023-Q2,CIR,0.3490488885
HDB,2023-Q1,CIR,0.3462041886
HDB,2022-Q4,CIR,0.3928924359
HDB,2022-Q3,CIR,0.3709352014
HDB,2022-Q2,CIR,0.3642481518
HDB,2022-Q1,CIR,0.3808732955
HDB,2021-Q4,CIR,0.3809032705
HDB,2021-Q3,CIR,0.3809032705
HDB,2021-Q1,CIR,0.3914082646369934
HDB,2020-Q4,CIR,0.447974028
HDB,2020-Q3,CIR,0.450469767
HDB,2020-Q2,CIR,0.3537883926
HDB,2020-Q1,CIR,0.5102628025
HDB,2019-Q4,CIR,0.4461272311
HDB,2019-Q3,CIR,0.4472347632
HDB,2019-Q2,CIR,0.4775148934
HDB,2019-Q1,CIR,0.461269919
HDB,2018-Q4,CIR,0.4704755277
HDB,2018-Q3,CIR,0.542577077
HDB,2018-Q2,CIR,0.4653250274
HDB,2018-Q1,CIR,0.4381556888
HDB,2026-Q2,LDR,0.9776600377
HDB,2026-Q1,LDR,0.9671650701
HDB,2025-Q4,LDR,0.9744192301
HDB,2025-Q3,LDR,1.0015002553
HDB,2025-Q2,LDR,1.0623534546
HDB,2025-Q1,LDR,0.9587056088
HDB,2024-Q4,LDR,1.0113819822
HDB,2024-Q3,LDR,1.0042965008
HDB,2024-Q2,LDR,0.9989999155
HDB,2024-Q1,LDR,0.9595033156
HDB,2023-Q4,LDR,0.9261725311
HDB,2023-Q3,LDR,0.8536891027
HDB,2023-Q2,LDR,0.9280152783
HDB,2023-Q1,LDR,1.1550252713
HDB,2022-Q4,LDR,1.2227054605
HDB,2022-Q3,LDR,1.1863363736
HDB,2022-Q2,LDR,1.1184279815
HDB,2022-Q1,LDR,1.1087267847
HDB,2021-Q4,LDR,0.9850091911
HDB,2021-Q3,LDR,0.9850091911
HDB,2021-Q1,LDR,1.0123897790908811
HDB,2020-Q4,LDR,1.0212049953
HDB,2020-Q3,LDR,0.9763678206
HDB,2020-Q2,LDR,1.0705376349
HDB,2020-Q1,LDR,1.147434202
HDB,2019-Q4,LDR,1.1611334031
HDB,2019-Q3,LDR,1.1220786767
HDB,2019-Q2,LDR,1.0593872114
HDB,2019-Q1,LDR,1.0176992102
HDB,2018-Q4,LDR,0.9615145839
HDB,2018-Q3,LDR,0.9301867792
HDB,2018-Q2,LDR,0.9492110333
HDB,2018-Q1,LDR,0.9879292015
HDB,2026-Q2,CASA,0.1104385165
HDB,2026-Q1,CASA,0.1035939723
HDB,2025-Q4,CASA,0.1239627904
HDB,2025-Q3,CASA,0.1040061478
HDB,2025-Q2,CASA,0.1239364918
HDB,2025-Q1,CASA,0.0987153588
HDB,2024-Q4,CASA,0.1199712259
HDB,2024-Q3,CASA,0.0894158437
HDB,2024-Q2,CASA,0.0983909281
HDB,2024-Q1,CASA,0.0847302717
HDB,2023-Q4,CASA,0.1111177024
HDB,2023-Q3,CASA,0.071925889
HDB,2023-Q2,CASA,0.0740233844
HDB,2023-Q1,CASA,0.0776400941
HDB,2022-Q4,CASA,0.1062721053
HDB,2022-Q3,CASA,0.1126041121
HDB,2022-Q2,CASA,0.1228815321
HDB,2022-Q1,CASA,0.1258903592
HDB,2021-Q4,CASA,0.1361061252
HDB,2021-Q3,CASA,0.1226770059
HDB,2021-Q1,CASA,0.1103462403
HDB,2020-Q4,CASA,0.1241349759
HDB,2020-Q3,CASA,0.1170269321
HDB,2020-Q2,CASA,0.1225834015
HDB,2020-Q1,CASA,0.1213408966
HDB,2019-Q4,CASA,0.1261510208
HDB,2019-Q3,CASA,0.1054573646
HDB,2019-Q2,CASA,0.1018608066
HDB,2019-Q1,CASA,0.092416618
HDB,2018-Q4,CASA,0.0896153957
HDB,2018-Q3,CASA,0.0861318819
HDB,2018-Q2,CASA,0.0918985171
HDB,2018-Q1,CASA,0.103181487
HDB,2026-Q2,PB,1.5654678013
HDB,2026-Q1,PB,1.6697729311
HDB,2025-Q4,PB,1.7452534634
HDB,2025-Q3,PB,1.9911801653
HDB,2025-Q2,PB,1.9053619507
HDB,2025-Q1,PB,1.451727229
HDB,2024-Q4,PB,1.3180775225
HDB,2024-Q3,PB,1.4412160454
HDB,2024-Q2,PB,1.5524745025
HDB,2024-Q1,PB,1.4694981414
HDB,2023-Q4,PB,1.5844367062
HDB,2023-Q3,PB,1.4674145704
HDB,2023-Q2,PB,1.3085512911
HDB,2023-Q1,PB,1.1946540757
HDB,2022-Q4,PB,1.3272774396
HDB,2022-Q3,PB,1.1902718235
HDB,2022-Q2,PB,1.2730776406
HDB,2022-Q1,PB,1.5407135297
HDB,2021-Q4,PB,1.746526353
HDB,2021-Q3,PB,2.1392509444
HDB,2021-Q1,PB,2.1908743488
HDB,2020-Q4,PB,1.8226477811
HDB,2020-Q3,PB,1.5744158389
HDB,2020-Q2,PB,1.4204438151
HDB,2020-Q1,PB,1.1836675446
HDB,2019-Q4,PB,1.0407449258
HDB,2019-Q3,PB,1.4848074336
HDB,2019-Q2,PB,1.6463271849
HDB,2019-Q1,PB,1.5514331628
HDB,2018-Q4,PB,1.7630831097
HDB,2018-Q3,PB,1.9786207477
HDB,2018-Q2,PB,2.3584431383
HDB,2018-Q1,PB,2.2035968125
HDB,2026-Q2,PE,6.8930005158
HDB,2026-Q1,PE,7.5599058612
HDB,2025-Q4,PE,7.526968614
HDB,2025-Q3,PE,9.0218325072
HDB,2025-Q2,PE,7.977782242
HDB,2025-Q1,PE,6.1230727704
HDB,2024-Q4,PE,5.6034359017
HDB,2024-Q3,PE,5.6734083702
HDB,2024-Q2,PE,6.4929769161
HDB,2024-Q1,PE,6.3097531791
HDB,2023-Q4,PE,6.9824984116
HDB,2023-Q3,PE,7.1431238089
HDB,2023-Q2,PE,6.3283783107
HDB,2023-Q1,PE,5.8447689373
HDB,2022-Q4,PE,6.3288903526
HDB,2022-Q3,PE,5.55719648
HDB,2022-Q2,PE,6.0677622347
HDB,2022-Q1,PE,7.3850422794
HDB,2021-Q4,PE,8.3194369045
HDB,2021-Q3,PE,10.5077005486
HDB,2021-Q1,PE,10.9413140247
HDB,2020-Q4,PE,9.9583975802
HDB,2020-Q3,PE,8.0379721779
HDB,2020-Q2,PE,7.2356119216
HDB,2020-Q1,PE,6.3721764106
HDB,2019-Q4,PE,5.5924696381
HDB,2019-Q3,PE,8.2446558396
HDB,2019-Q2,PE,9.6700004055
HDB,2019-Q1,PE,8.8450628032
HDB,2018-Q4,PE,9.6992524854
HDB,2018-Q3,PE,11.9787965992
HDB,2018-Q2,PE,12.297556935
HDB,2018-Q1,PE,13.6324591833
HDB,2026-Q2,TotalAssets,1045435451000000.0
HDB,2026-Q1,TotalAssets,984216210000000.0
HDB,2025-Q4,TotalAssets,931103945000000.0
HDB,2025-Q3,TotalAssets,781937368000000.0
HDB,2025-Q2,TotalAssets,784096287000000.0
HDB,2025-Q1,TotalAssets,711310758000000.0
HDB,2024-Q4,TotalAssets,697366458000000.0
HDB,2024-Q3,TotalAssets,629569112000000.0
HDB,2024-Q2,TotalAssets,624443499000000.0
HDB,2024-Q1,TotalAssets,602551570000000.0
HDB,2023-Q4,TotalAssets,602314859000000.0
HDB,2023-Q3,TotalAssets,508263253000000.0
HDB,2023-Q2,TotalAssets,483935823000000.0
HDB,2023-Q1,TotalAssets,458802678000000.0
HDB,2022-Q4,TotalAssets,416273023000000.0
HDB,2022-Q3,TotalAssets,399152573000000.0
HDB,2022-Q2,TotalAssets,384266740000000.0
HDB,2022-Q1,TotalAssets,381046023000000.0
HDB,2021-Q4,TotalAssets,374611571000000.0
HDB,2021-Q3,TotalAssets,346355019000000.0
HDB,2021-Q2,TotalAssets,330969917000000.0
HDB,2021-Q1,TotalAssets,325821442000000.0
HDB,2020-Q4,TotalAssets,319127257000000.0
HDB,2020-Q3,TotalAssets,273289529000000.0
HDB,2020-Q2,TotalAssets,242445051000000.0
HDB,2020-Q1,TotalAssets,231773724000000.0
HDB,2019-Q4,TotalAssets,229477262000000.0
HDB,2019-Q3,TotalAssets,217245156000000.0
HDB,2019-Q2,TotalAssets,210291471000000.0
HDB,2019-Q1,TotalAssets,202562505000000.0
HDB,2018-Q4,TotalAssets,216107406000000.0
HDB,2018-Q3,TotalAssets,199380170000000.0
HDB,2018-Q2,TotalAssets,191293246000000.0
HDB,2018-Q1,TotalAssets,190374307000000.0
HDB,2026-Q2,GrossLoans,659000255000000.0
HDB,2026-Q1,GrossLoans,601140427000000.0
HDB,2025-Q4,GrossLoans,546370779000000.0
HDB,2025-Q3,GrossLoans,488594897000000.0
HDB,2025-Q2,GrossLoans,508548842000000.0
HDB,2025-Q1,GrossLoans,446106052000000.0
HDB,2024-Q4,GrossLoans,442484841000000.0
HDB,2024-Q3,GrossLoans,398724457000000.0
HDB,2024-Q2,GrossLoans,386186737000000.0
HDB,2024-Q1,GrossLoans,363449382000000.0
HDB,2023-Q4,GrossLoans,343404295000000.0
HDB,2023-Q3,GrossLoans,291716649000000.0
HDB,2023-Q2,GrossLoans,287355418000000.0
HDB,2023-Q1,GrossLoans,288528712000000.0
HDB,2022-Q4,GrossLoans,263856383000000.0
HDB,2022-Q3,GrossLoans,246497884000000.0
HDB,2022-Q2,GrossLoans,237688422000000.0
HDB,2022-Q1,GrossLoans,225153895000000.0
HDB,2021-Q4,GrossLoans,203210901000000.0
HDB,2021-Q3,GrossLoans,191514813000000.0
HDB,2021-Q2,GrossLoans,191841072000000.0
HDB,2021-Q1,GrossLoans,187279481000000.0
HDB,2020-Q4,GrossLoans,178323092000000.0
HDB,2020-Q3,GrossLoans,164462771000000.0
HDB,2020-Q2,GrossLoans,160371930000000.0
HDB,2020-Q1,GrossLoans,152405077000000.0
HDB,2019-Q4,GrossLoans,146324378000000.0
HDB,2019-Q3,GrossLoans,140167685000000.0
HDB,2019-Q2,GrossLoans,137781337000000.0
HDB,2019-Q1,GrossLoans,128936571000000.0
HDB,2018-Q4,GrossLoans,123131648000000.0
HDB,2018-Q3,GrossLoans,120892934000000.0
HDB,2018-Q2,GrossLoans,120338093000000.0
HDB,2018-Q1,GrossLoans,115886169000000.0
HDB,2026-Q2,CustomerDeposits,674058701000000.0
HDB,2026-Q1,CustomerDeposits,621548943000000.0
HDB,2025-Q4,CustomerDeposits,560714282000000.0
HDB,2025-Q3,CustomerDeposits,487862978000000.0
HDB,2025-Q2,CustomerDeposits,478700229000000.0
HDB,2025-Q1,CustomerDeposits,465321208000000.0
HDB,2024-Q4,CustomerDeposits,437505165000000.0
HDB,2024-Q3,CustomerDeposits,397018666000000.0
HDB,2024-Q2,CustomerDeposits,386573343000000.0
HDB,2024-Q1,CustomerDeposits,378789084000000.0
HDB,2023-Q4,CustomerDeposits,370777888000000.0
HDB,2023-Q3,CustomerDeposits,341712982000000.0
HDB,2023-Q2,CustomerDeposits,309645137000000.0
HDB,2023-Q1,CustomerDeposits,249802943000000.0
HDB,2022-Q4,CustomerDeposits,215797174000000.0
HDB,2022-Q3,CustomerDeposits,207780769000000.0
HDB,2022-Q2,CustomerDeposits,212520096000000.0
HDB,2022-Q1,CustomerDeposits,201490028000000.0
HDB,2021-Q4,CustomerDeposits,183283118000000.0
HDB,2021-Q3,CustomerDeposits,194429468000000.0
HDB,2021-Q2,CustomerDeposits,198533937000000.0
HDB,2021-Q1,CustomerDeposits,184987517000000.0
HDB,2020-Q4,CustomerDeposits,174620270000000.0
HDB,2020-Q3,CustomerDeposits,168443457000000.0
HDB,2020-Q2,CustomerDeposits,149805037000000.0
HDB,2020-Q1,CustomerDeposits,132822498000000.0
HDB,2019-Q4,CustomerDeposits,126018576000000.0
HDB,2019-Q3,CustomerDeposits,124917876000000.0
HDB,2019-Q2,CustomerDeposits,130057580000000.0
HDB,2019-Q1,CustomerDeposits,126694184000000.0
HDB,2018-Q4,CustomerDeposits,128060094000000.0
HDB,2018-Q3,CustomerDeposits,129966300000000.0
HDB,2018-Q2,CustomerDeposits,126776964000000.0
HDB,2018-Q1,CustomerDeposits,117302099000000.0
HDB,2026-Q2,Equity,90226345000000.0
HDB,2026-Q1,Equity,83186008000000.0
HDB,2025-Q4,Equity,78285522000000.0
HDB,2025-Q3,Equity,68407053000000.0
HDB,2025-Q2,Equity,64626363000000.0
HDB,2025-Q1,Equity,61032537000000.0
HDB,2024-Q4,Equity,56657261000000.0
HDB,2024-Q3,Equity,53583975000000.0
HDB,2024-Q2,Equity,52825710000000.0
HDB,2024-Q1,Equity,49700250000000.0
HDB,2023-Q4,Equity,46400322000000.0
HDB,2023-Q3,Equity,43025581000000.0
HDB,2023-Q2,Equity,40476748000000.0
HDB,2023-Q1,Equity,40827791000000.0
HDB,2022-Q4,Equity,38994886000000.0
HDB,2022-Q3,Equity,37162665000000.0
HDB,2022-Q2,Equity,35366991000000.0
HDB,2022-Q1,Equity,32811485000000.0
HDB,2021-Q4,Equity,30790112000000.0
HDB,2021-Q3,Equity,29270128000000.0
HDB,2021-Q2,Equity,27730456000000.0
HDB,2021-Q1,Equity,26411472000000.0
HDB,2020-Q4,Equity,24703825000000.0
HDB,2020-Q3,Equity,23885162000000.0
HDB,2020-Q2,Equity,22693842000000.0
HDB,2020-Q1,Equity,21387809000000.0
HDB,2019-Q4,Equity,20381116000000.0
HDB,2019-Q3,Equity,19593774000000.0
HDB,2019-Q2,Equity,18603575000000.0
HDB,2019-Q1,Equity,17713159000000.0
HDB,2018-Q4,Equity,16828140000000.0
HDB,2018-Q3,Equity,15954562000000.0
HDB,2018-Q2,Equity,15300831000000.0
HDB,2018-Q1,Equity,15779257000000.0
HDB,2026-Q2,NPAT,5797908000000.0
HDB,2026-Q1,NPAT,4902140000000.0
HDB,2025-Q4,NPAT,5241074000000.0
HDB,2025-Q3,NPAT,3798817000000.0
HDB,2025-Q2,NPAT,3676059000000.0
HDB,2025-Q1,NPAT,4357672000000.0
HDB,2024-Q4,NPAT,3236988000000.0
HDB,2024-Q3,NPAT,3545636000000.0
HDB,2024-Q2,NPAT,3251852000000.0
HDB,2024-Q1,NPAT,3213172000000.0
HDB,2023-Q4,NPAT,3447615000000.0
HDB,2023-Q3,NPAT,2515158000000.0
HDB,2023-Q2,NPAT,2179528000000.0
HDB,2023-Q1,NPAT,2193712000000.0
HDB,2022-Q4,NPAT,1799451000000.0
HDB,2022-Q3,NPAT,2169487000000.0
HDB,2022-Q2,NPAT,2220093000000.0
HDB,2022-Q1,NPAT,2020439000000.0
HDB,2021-Q4,NPAT,1588870000000.0
HDB,2021-Q3,NPAT,1513039000000.0
HDB,2021-Q2,NPAT,1671475000000.0
HDB,2021-Q1,NPAT,1680115000000.0
HDB,2020-Q4,NPAT,1146485000000.0
HDB,2020-Q3,NPAT,1178686000000.0
HDB,2020-Q2,NPAT,1320397000000.0
HDB,2020-Q1,NPAT,1001305000000.0
HDB,2019-Q4,NPAT,1256341000000.0
HDB,2019-Q3,NPAT,989040000000.0
HDB,2019-Q2,NPAT,896229000000.0
HDB,2019-Q1,NPAT,878726000000.0
HDB,2018-Q4,NPAT,892065000000.0
HDB,2018-Q3,NPAT,655631000000.0
HDB,2018-Q2,NPAT,819897000000.0
HDB,2018-Q1,NPAT,833914000000.0
HDB,2026-Q2,NetInterestIncome,9752805000000.0
HDB,2026-Q1,NetInterestIncome,8483022000000.0
HDB,2025-Q4,NetInterestIncome,9755610000000.0
HDB,2025-Q3,NetInterestIncome,7763322000000.0
HDB,2025-Q2,NetInterestIncome,9819158000000.0
HDB,2025-Q1,NetInterestIncome,7408100000000.0
HDB,2024-Q4,NetInterestIncome,8203403000000.0
HDB,2024-Q3,NetInterestIncome,7773445000000.0
HDB,2024-Q2,NetInterestIncome,7719878000000.0
HDB,2024-Q1,NetInterestIncome,7160350000000.0
HDB,2023-Q4,NetInterestIncome,7472503000000.0
HDB,2023-Q3,NetInterestIncome,4916148000000.0
HDB,2023-Q2,NetInterestIncome,4954515000000.0
HDB,2023-Q1,NetInterestIncome,4840808000000.0
HDB,2022-Q4,NetInterestIncome,4932102000000.0
HDB,2022-Q3,NetInterestIncome,4484850000000.0
HDB,2022-Q2,NetInterestIncome,4551225000000.0
HDB,2022-Q1,NetInterestIncome,4043391000000.0
HDB,2021-Q4,NetInterestIncome,3752996000000.0
HDB,2021-Q3,NetInterestIncome,3306282000000.0
HDB,2021-Q2,NetInterestIncome,3468701000000.0
HDB,2021-Q1,NetInterestIncome,3362798000000.0
HDB,2020-Q4,NetInterestIncome,3212161000000.0
HDB,2020-Q3,NetInterestIncome,3021583000000.0
HDB,2020-Q2,NetInterestIncome,2709540000000.0
HDB,2020-Q1,NetInterestIncome,2883597000000.0
HDB,2019-Q4,NetInterestIncome,2888034000000.0
HDB,2019-Q3,NetInterestIncome,2504870000000.0
HDB,2019-Q2,NetInterestIncome,2323741000000.0
HDB,2019-Q1,NetInterestIncome,2029910000000.0
HDB,2018-Q4,NetInterestIncome,2161165000000.0
HDB,2018-Q3,NetInterestIncome,1768706000000.0
HDB,2018-Q2,NetInterestIncome,1884382000000.0
HDB,2018-Q1,NetInterestIncome,1831440000000.0
HDB,2026-Q2,OperatingIncome,12731260000000.0
HDB,2026-Q1,OperatingIncome,9952842000000.0
HDB,2025-Q4,OperatingIncome,12338950000000.0
HDB,2025-Q3,OperatingIncome,9516482000000.0
HDB,2025-Q2,OperatingIncome,11635887000000.0
HDB,2025-Q1,OperatingIncome,9204553000000.0
HDB,2024-Q4,OperatingIncome,9452131000000.0
HDB,2024-Q3,OperatingIncome,8534972000000.0
HDB,2024-Q2,OperatingIncome,8293016000000.0
HDB,2024-Q1,OperatingIncome,7752065000000.0
HDB,2023-Q4,OperatingIncome,8257659000000.0
HDB,2023-Q3,OperatingIncome,6085228000000.0
HDB,2023-Q2,OperatingIncome,6413391000000.0
HDB,2023-Q1,OperatingIncome,5657407000000.0
HDB,2022-Q4,OperatingIncome,5868846000000.0
HDB,2022-Q3,OperatingIncome,5394271000000.0
HDB,2022-Q2,OperatingIncome,5581552000000.0
HDB,2022-Q1,OperatingIncome,5122435000000.0
HDB,2021-Q4,OperatingIncome,4629835000000.0
HDB,2021-Q3,OperatingIncome,3705933000000.0
HDB,2021-Q2,OperatingIncome,4254011000000.0
HDB,2021-Q1,OperatingIncome,4168466000000.0
HDB,2020-Q4,OperatingIncome,3964683000000.0
HDB,2020-Q3,OperatingIncome,3468528000000.0
HDB,2020-Q2,OperatingIncome,3195379000000.0
HDB,2020-Q1,OperatingIncome,3150845000000.0
HDB,2019-Q4,OperatingIncome,3343654000000.0
HDB,2019-Q3,OperatingIncome,2871038000000.0
HDB,2019-Q2,OperatingIncome,2707570000000.0
HDB,2019-Q1,OperatingIncome,2465732000000.0
HDB,2018-Q4,OperatingIncome,2657377000000.0
HDB,2018-Q3,OperatingIncome,2116033000000.0
HDB,2018-Q2,OperatingIncome,2363924000000.0
HDB,2018-Q1,OperatingIncome,2303017000000.0
VPB,2026-Q2,ROE,0.1661884394
VPB,2026-Q1,ROE,0.1549858913
VPB,2025-Q4,ROE,0.1464806273
VPB,2025-Q3,ROE,0.1353631359
VPB,2025-Q2,ROE,0.1174041678
VPB,2025-Q1,ROE,0.1113123191
VPB,2024-Q4,ROE,0.1099296453
VPB,2024-Q3,ROE,0.0936893991
VPB,2024-Q2,ROE,0.0873027141
VPB,2024-Q1,ROE,0.0885886761
VPB,2023-Q4,ROE,0.0819896725
VPB,2023-Q3,ROE,0.0965634681
VPB,2023-Q2,ROE,0.1107958154
VPB,2023-Q1,ROE,0.1176022132
VPB,2022-Q4,ROE,0.1914633954
VPB,2022-Q3,ROE,0.1917533708
VPB,2022-Q2,ROE,0.1958476027
VPB,2022-Q1,ROE,0.168563587
VPB,2021-Q4,ROE,0.2124621582
VPB,2021-Q3,ROE,0.2124621582
VPB,2021-Q1,ROE,0.2194588757
VPB,2020-Q4,ROE,0.2192295665
VPB,2020-Q3,ROE,0.2181294504
VPB,2020-Q2,ROE,0.2303715501
VPB,2020-Q1,ROE,0.2214722464
VPB,2019-Q4,ROE,0.2146643266
VPB,2019-Q3,ROE,0.2194532753
VPB,2019-Q2,ROE,0.2076374823
VPB,2019-Q1,ROE,0.1968472697
VPB,2018-Q4,ROE,0.2282715211
VPB,2018-Q3,ROE,0.2165490782
VPB,2018-Q2,ROE,0.2405465455
VPB,2018-Q1,ROE,0.257765338
VPB,2026-Q2,ROA,0.0224475803
VPB,2026-Q1,ROA,0.0213979546
VPB,2025-Q4,ROA,0.0219688282
VPB,2025-Q3,ROA,0.0196626449
VPB,2025-Q2,ROA,0.0179339096
VPB,2025-Q1,ROA,0.0176943598
VPB,2024-Q4,ROA,0.0181218136
VPB,2024-Q3,ROA,0.0156884989
VPB,2024-Q2,ROA,0.0141120553
VPB,2024-Q1,ROA,0.0140293309
VPB,2023-Q4,ROA,0.0137706448
VPB,2023-Q3,ROA,0.0145483274
VPB,2023-Q2,ROA,0.0175365586
VPB,2023-Q1,ROA,0.0191647652
VPB,2022-Q4,ROA,0.0308343921
VPB,2022-Q3,ROA,0.0316764582
VPB,2022-Q2,ROA,0.0305001988
VPB,2022-Q1,ROA,0.0242565641
VPB,2021-Q4,ROA,0.0274871559
VPB,2021-Q3,ROA,0.0274871559
VPB,2021-Q1,ROA,0.0270918178
VPB,2020-Q4,ROA,0.0261576466
VPB,2020-Q3,ROA,0.0253337119
VPB,2020-Q2,ROA,0.0263377572
VPB,2020-Q1,ROA,0.0248008504
VPB,2019-Q4,ROA,0.0235840659
VPB,2019-Q3,ROA,0.0242810859
VPB,2019-Q2,ROA,0.022709497
VPB,2019-Q1,ROA,0.0216670196
VPB,2018-Q4,ROA,0.0244759949
VPB,2018-Q3,ROA,0.0237532184
VPB,2018-Q2,ROA,0.0264472615
VPB,2018-Q1,ROA,0.0262621342
VPB,2026-Q2,NIM,0.0524073241
VPB,2026-Q1,NIM,0.0526134435
VPB,2025-Q4,NIM,0.055666197
VPB,2025-Q3,NIM,0.0545193341
VPB,2025-Q2,NIM,0.0559118881
VPB,2025-Q1,NIM,0.0588647689
VPB,2024-Q4,NIM,0.0592041823
VPB,2024-Q3,NIM,0.0591069016
VPB,2024-Q2,NIM,0.0568841059
VPB,2024-Q1,NIM,0.0544459089
VPB,2023-Q4,NIM,0.0568629835
VPB,2023-Q3,NIM,0.0575263569
VPB,2023-Q2,NIM,0.0642041773
VPB,2023-Q1,NIM,0.0705805279
VPB,2022-Q4,NIM,0.0760804642
VPB,2022-Q3,NIM,0.0738530216
VPB,2022-Q2,NIM,0.0717863354
VPB,2022-Q1,NIM,0.0770428686
VPB,2021-Q4,NIM,0.0834646908
VPB,2021-Q3,NIM,0.0834646908
VPB,2021-Q1,NIM,0.0858096884
VPB,2020-Q4,NIM,0.0871736464
VPB,2020-Q3,NIM,0.0856643261
VPB,2020-Q2,NIM,0.0891300051
VPB,2020-Q1,NIM,0.0922444903
VPB,2019-Q4,NIM,0.0942613804
VPB,2019-Q3,NIM,0.0919427153
VPB,2019-Q2,NIM,0.0899417204
VPB,2019-Q1,NIM,0.0888395819
VPB,2018-Q4,NIM,0.0879852484
VPB,2018-Q3,NIM,0.0889273459
VPB,2018-Q2,NIM,0.0900102781
VPB,2018-Q1,NIM,0.0882255215
VPB,2026-Q2,NPL,0.0327941385
VPB,2026-Q1,NPL,0.0358182903
VPB,2025-Q4,NPL,0.033334729
VPB,2025-Q3,NPL,0.0351346486
VPB,2025-Q2,NPL,0.0397349567
VPB,2025-Q1,NPL,0.0474137947
VPB,2024-Q4,NPL,0.0419558132
VPB,2024-Q3,NPL,0.0480553777
VPB,2024-Q2,NPL,0.050797192
VPB,2024-Q1,NPL,0.0483505719
VPB,2023-Q4,NPL,0.0502018282
VPB,2023-Q3,NPL,0.0573919362
VPB,2023-Q2,NPL,0.0652095651
VPB,2023-Q1,NPL,0.0624394291
VPB,2022-Q4,NPL,0.0573464571
VPB,2022-Q3,NPL,0.0501502625
VPB,2022-Q2,NPL,0.0525473286
VPB,2022-Q1,NPL,0.0457219862
VPB,2021-Q4,NPL,0.0400320876
VPB,2021-Q3,NPL,0.0400320876
VPB,2021-Q1,NPL,0.0346083168
VPB,2020-Q4,NPL,0.0341253063
VPB,2020-Q3,NPL,0.0364973335
VPB,2020-Q2,NPL,0.0320879621
VPB,2020-Q1,NPL,0.0302699232
VPB,2019-Q4,NPL,0.0342072034
VPB,2019-Q3,NPL,0.0350181595
VPB,2019-Q2,NPL,0.0342906478
VPB,2019-Q1,NPL,0.0361878983
VPB,2018-Q4,NPL,0.0349891654
VPB,2018-Q3,NPL,0.0469856762
VPB,2018-Q2,NPL,0.040683903
VPB,2018-Q1,NPL,0.0414849666
VPB,2025-Q2,CAR,0.1381
VPB,2024-Q2,CAR,0.1556
VPB,2023-Q2,CAR,0.1385
VPB,2022-Q2,CAR,0.1439
VPB,2026-Q2,CIR,0.1964806639
VPB,2026-Q1,CIR,0.2169118997
VPB,2025-Q4,CIR,0.2495561479
VPB,2025-Q3,CIR,0.2198752421
VPB,2025-Q2,CIR,0.2663758871
VPB,2025-Q1,CIR,0.2488679879
VPB,2024-Q4,CIR,0.2303384323
VPB,2024-Q3,CIR,0.2490180082
VPB,2024-Q2,CIR,0.2064262499
VPB,2024-Q1,CIR,0.2584943178
VPB,2023-Q4,CIR,0.2802847106
VPB,2023-Q3,CIR,0.2836743213
VPB,2023-Q2,CIR,0.2878116241
VPB,2023-Q1,CIR,0.276963137
VPB,2022-Q4,CIR,0.2442290995
VPB,2022-Q3,CIR,0.2624646909
VPB,2022-Q2,CIR,0.2652345552
VPB,2022-Q1,CIR,0.2419544045
VPB,2021-Q4,CIR,0.2423431122
VPB,2021-Q3,CIR,0.2423431122
VPB,2021-Q1,CIR,0.2345419743
VPB,2020-Q4,CIR,0.291855295
VPB,2020-Q3,CIR,0.2942177427
VPB,2020-Q2,CIR,0.2855541466
VPB,2020-Q1,CIR,0.3313925145
VPB,2019-Q4,CIR,0.3395281771
VPB,2019-Q3,CIR,0.3286101165
VPB,2019-Q2,CIR,0.343171478
VPB,2019-Q1,CIR,0.3737188228
VPB,2018-Q4,CIR,0.3420845166
VPB,2018-Q3,CIR,0.4083707852
VPB,2018-Q2,CIR,0.3357183333
VPB,2018-Q1,CIR,0.3118480641
VPB,2025-Q2,LDR,1.3800971531
VPB,2025-Q1,LDR,1.3215121188
VPB,2024-Q4,LDR,1.4266490885
VPB,2024-Q3,LDR,1.3353682891
VPB,2024-Q2,LDR,1.324449545
VPB,2024-Q1,LDR,1.2783434952
VPB,2023-Q4,LDR,1.2800898851
VPB,2023-Q3,LDR,1.2374881317
VPB,2023-Q2,LDR,1.2606564661
VPB,2023-Q1,LDR,1.3994289248
VPB,2022-Q4,LDR,1.4459376484
VPB,2022-Q3,LDR,1.4513875689
VPB,2022-Q2,LDR,1.3286332137
VPB,2022-Q1,LDR,1.4690935542
VPB,2021-Q4,LDR,1.3255940867
VPB,2021-Q3,LDR,1.3255940867
VPB,2021-Q1,LDR,1.2957750513
VPB,2020-Q4,LDR,1.2458494463
VPB,2020-Q3,LDR,1.1504911723
VPB,2020-Q2,LDR,1.1409039953
VPB,2020-Q1,LDR,1.2226640675
VPB,2019-Q4,LDR,1.2020774868
VPB,2019-Q3,LDR,1.2364040818
VPB,2019-Q2,LDR,1.2547079378
VPB,2019-Q1,LDR,1.2303932075
VPB,2018-Q4,LDR,1.2991563619
VPB,2018-Q3,LDR,1.2789118451
VPB,2018-Q2,LDR,1.3143909709
VPB,2018-Q1,LDR,1.3213718392
VPB,2026-Q2,CASA,0.1275303476
VPB,2026-Q1,CASA,0.1393498204
VPB,2025-Q4,CASA,0.1444861554
VPB,2025-Q3,CASA,0.142663515
VPB,2025-Q2,CASA,0.13938798
VPB,2025-Q1,CASA,0.1390417573
VPB,2024-Q4,CASA,0.141497351
VPB,2024-Q3,CASA,0.141265273
VPB,2024-Q2,CASA,0.179209214
VPB,2024-Q1,CASA,0.1443461696
VPB,2023-Q4,CASA,0.1743963387
VPB,2023-Q3,CASA,0.1679675099
VPB,2023-Q2,CASA,0.1495712543
VPB,2023-Q1,CASA,0.1420414217
VPB,2022-Q4,CASA,0.1773541009
VPB,2022-Q3,CASA,0.1936464762
VPB,2022-Q2,CASA,0.1900357543
VPB,2022-Q1,CASA,0.2155112778
VPB,2021-Q4,CASA,0.2236501145
VPB,2021-Q3,CASA,0.2185620143
VPB,2021-Q1,CASA,0.1698510906
VPB,2020-Q4,CASA,0.1559350135
VPB,2020-Q3,CASA,0.156259118
VPB,2020-Q2,CASA,0.1206422689
VPB,2020-Q1,CASA,0.1220533157
VPB,2019-Q4,CASA,0.1326018856
VPB,2019-Q3,CASA,0.1032532372
VPB,2019-Q2,CASA,0.1041485614
VPB,2019-Q1,CASA,0.0965406664
VPB,2018-Q4,CASA,0.1368030954
VPB,2018-Q3,CASA,0.1228043305
VPB,2018-Q2,CASA,0.1189571992
VPB,2018-Q1,CASA,0.1243978001
VPB,2026-Q2,PB,1.1078700096
VPB,2026-Q1,PB,1.2076215069
VPB,2025-Q4,PB,1.2923674217
VPB,2025-Q3,PB,1.5200947226
VPB,2025-Q2,PB,1.7577240312
VPB,2025-Q1,PB,1.1427259217
VPB,2024-Q4,PB,0.9448809589
VPB,2024-Q3,PB,1.0488669373
VPB,2024-Q2,PB,1.2294070279
VPB,2024-Q1,PB,1.0907888894
VPB,2023-Q4,PB,1.1609380947
VPB,2023-Q3,PB,1.1076927672
VPB,2023-Q2,PB,1.4386879169
VPB,2023-Q1,PB,1.3278204054
VPB,2022-Q4,PB,1.4211483927
VPB,2022-Q3,PB,1.3770069471
VPB,2022-Q2,PB,1.1862208548
VPB,2022-Q1,PB,1.4172491111
VPB,2021-Q4,PB,2.1838342112
VPB,2021-Q3,PB,2.3717277384
VPB,2021-Q1,PB,2.805661578
VPB,2020-Q4,PB,2.3016098481
VPB,2020-Q3,PB,1.6734809304
VPB,2020-Q2,PB,1.2734379437
VPB,2020-Q1,PB,1.2620256884
VPB,2019-Q4,PB,1.1290753816
VPB,2019-Q3,PB,1.354597475
VPB,2019-Q2,PB,1.4402899603
VPB,2019-Q1,PB,1.2664034992
VPB,2018-Q4,PB,1.3715344939
VPB,2018-Q3,PB,1.5360934948
VPB,2018-Q2,PB,1.7314874179
VPB,2018-Q1,PB,1.4745429715
VPB,2026-Q2,PE,6.6258143517
VPB,2026-Q1,PE,7.9961785268
VPB,2025-Q4,PE,9.0451623018
VPB,2025-Q3,PE,11.3340624075
VPB,2025-Q2,PE,14.8169293588
VPB,2025-Q1,PE,10.3440940704
VPB,2024-Q4,PE,8.4976900226
VPB,2024-Q3,PE,10.852858117
VPB,2024-Q2,PE,13.499973671
VPB,2024-Q1,PE,12.4583264742
VPB,2023-Q4,PE,13.7446064836
VPB,2023-Q3,PE,13.3687793748
VPB,2023-Q2,PE,12.6473208815
VPB,2023-Q1,PE,10.9385688215
VPB,2022-Q4,PE,7.5539391061
VPB,2022-Q3,PE,7.074017277
VPB,2022-Q2,PE,6.3796154645
VPB,2022-Q1,PE,7.1312899322
VPB,2021-Q4,PE,14.5716900546
VPB,2021-Q3,PE,11.9959643211
VPB,2021-Q1,PE,13.8326037487
VPB,2020-Q4,PE,12.0257636051
VPB,2020-Q3,PE,8.2308791234
VPB,2020-Q2,PE,6.0109326974
VPB,2020-Q1,PE,6.1488397192
VPB,2019-Q4,PE,5.987808669
VPB,2019-Q3,PE,6.6045249116
VPB,2019-Q2,PE,7.4928275338
VPB,2019-Q1,PE,6.8610046703
VPB,2018-Q4,PE,6.6726837683
VPB,2018-Q3,PE,7.2551180484
VPB,2018-Q2,PE,7.5885768715
VPB,2018-Q1,PE,9.9799872437
VPB,2026-Q2,TotalAssets,1502526376000000.0
VPB,2026-Q1,TotalAssets,1372010032000000.0
VPB,2025-Q4,TotalAssets,1260149596000000.0
VPB,2025-Q3,TotalAssets,1178298568000000.0
VPB,2025-Q2,TotalAssets,1104718510000000.0
VPB,2025-Q1,TotalAssets,994036651000000.0
VPB,2024-Q4,TotalAssets,923847637000000.0
VPB,2024-Q3,TotalAssets,858884594000000.0
VPB,2024-Q2,TotalAssets,864392980000000.0
VPB,2024-Q1,TotalAssets,822366981000000.0
VPB,2023-Q4,TotalAssets,817699538000000.0
VPB,2023-Q3,TotalAssets,780212730000000.0
VPB,2023-Q2,TotalAssets,739761986000000.0
VPB,2023-Q1,TotalAssets,677623733000000.0
VPB,2022-Q4,TotalAssets,631073662000000.0
VPB,2022-Q3,TotalAssets,595901874000000.0
VPB,2022-Q2,TotalAssets,608275139000000.0
VPB,2022-Q1,TotalAssets,563923685000000.0
VPB,2021-Q4,TotalAssets,547626129000000.0
VPB,2021-Q3,TotalAssets,479431926000000.0
VPB,2021-Q2,TotalAssets,451767038000000.0
VPB,2021-Q1,TotalAssets,436241186000000.0
VPB,2020-Q4,TotalAssets,419026527000000.0
VPB,2020-Q3,TotalAssets,413892030000000.0
VPB,2020-Q2,TotalAssets,399473210000000.0
VPB,2020-Q1,TotalAssets,393208887000000.0
VPB,2019-Q4,TotalAssets,377213836000000.0
VPB,2019-Q3,TotalAssets,358236462000000.0
VPB,2019-Q2,TotalAssets,348732250000000.0
VPB,2019-Q1,TotalAssets,322080318000000.0
VPB,2018-Q4,TotalAssets,323308442000000.0
VPB,2018-Q3,TotalAssets,296216157000000.0
VPB,2018-Q2,TotalAssets,293112204000000.0
VPB,2018-Q1,TotalAssets,284388078000000.0
VPB,2026-Q2,GrossLoans,1161401541000000.0
VPB,2026-Q1,GrossLoans,1040917216000000.0
VPB,2025-Q4,GrossLoans,943901630000000.0
VPB,2025-Q3,GrossLoans,896411840000000.0
VPB,2025-Q2,GrossLoans,829126712000000.0
VPB,2025-Q1,GrossLoans,729968910000000.0
VPB,2024-Q4,GrossLoans,697771123000000.0
VPB,2024-Q3,GrossLoans,635344648000000.0
VPB,2024-Q2,GrossLoans,624277460000000.0
VPB,2024-Q1,GrossLoans,582691308000000.0
VPB,2023-Q4,GrossLoans,566271290000000.0
VPB,2023-Q3,GrossLoans,521566286000000.0
VPB,2023-Q2,GrossLoans,488644495000000.0
VPB,2023-Q1,GrossLoans,463469068000000.0
VPB,2022-Q4,GrossLoans,438338047000000.0
VPB,2022-Q3,GrossLoans,402647324000000.0
VPB,2022-Q2,GrossLoans,392504254000000.0
VPB,2022-Q1,GrossLoans,374457058000000.0
VPB,2021-Q4,GrossLoans,355281219000000.0
VPB,2021-Q3,GrossLoans,317290648000000.0
VPB,2021-Q2,GrossLoans,310852523000000.0
VPB,2021-Q1,GrossLoans,301172723000000.0
VPB,2020-Q4,GrossLoans,290816086000000.0
VPB,2020-Q3,GrossLoans,278025352000000.0
VPB,2020-Q2,GrossLoans,270139499000000.0
VPB,2020-Q1,GrossLoans,263747911000000.0
VPB,2019-Q4,GrossLoans,257183959000000.0
VPB,2019-Q3,GrossLoans,254186603000000.0
VPB,2019-Q2,GrossLoans,247632796000000.0
VPB,2019-Q1,GrossLoans,231458178000000.0
VPB,2018-Q4,GrossLoans,221460023000000.0
VPB,2018-Q3,GrossLoans,200075422000000.0
VPB,2018-Q2,GrossLoans,198870423000000.0
VPB,2018-Q1,GrossLoans,189116170000000.0
VPB,2026-Q2,CustomerDeposits,732887440000000.0
VPB,2026-Q1,CustomerDeposits,682719373000000.0
VPB,2025-Q4,CustomerDeposits,628044616000000.0
VPB,2025-Q3,CustomerDeposits,585833049000000.0
VPB,2025-Q2,CustomerDeposits,600774163000000.0
VPB,2025-Q1,CustomerDeposits,552373981000000.0
VPB,2024-Q4,CustomerDeposits,485666548000000.0
VPB,2024-Q3,CustomerDeposits,475782339000000.0
VPB,2024-Q2,CustomerDeposits,471348616000000.0
VPB,2024-Q1,CustomerDeposits,455817478000000.0
VPB,2023-Q4,CustomerDeposits,442368381000000.0
VPB,2023-Q3,CustomerDeposits,421471748000000.0
VPB,2023-Q2,CustomerDeposits,387611144000000.0
VPB,2023-Q1,CustomerDeposits,331184428000000.0
VPB,2022-Q4,CustomerDeposits,303151417000000.0
VPB,2022-Q3,CustomerDeposits,277422332000000.0
VPB,2022-Q2,CustomerDeposits,295419571000000.0
VPB,2022-Q1,CustomerDeposits,274148697000000.0
VPB,2021-Q4,CustomerDeposits,241837028000000.0
VPB,2021-Q3,CustomerDeposits,239357320000000.0
VPB,2021-Q2,CustomerDeposits,233591350000000.0
VPB,2021-Q1,CustomerDeposits,232426703000000.0
VPB,2020-Q4,CustomerDeposits,233427953000000.0
VPB,2020-Q3,CustomerDeposits,241657962000000.0
VPB,2020-Q2,CustomerDeposits,236776714000000.0
VPB,2020-Q1,CustomerDeposits,215715762000000.0
VPB,2019-Q4,CustomerDeposits,213949567000000.0
VPB,2019-Q3,CustomerDeposits,205585380000000.0
VPB,2019-Q2,CustomerDeposits,197362899000000.0
VPB,2019-Q1,CustomerDeposits,188117243000000.0
VPB,2018-Q4,CustomerDeposits,170850871000000.0
VPB,2018-Q3,CustomerDeposits,156441918000000.0
VPB,2018-Q2,CustomerDeposits,151302335000000.0
VPB,2018-Q1,CustomerDeposits,143121084000000.0
VPB,2026-Q2,Equity,191215344000000.0
VPB,2026-Q1,Equity,186604801000000.0
VPB,2025-Q4,Equity,180275629000000.0
VPB,2025-Q3,Equity,159545287000000.0
VPB,2025-Q2,Equity,152182685000000.0
VPB,2025-Q1,Equity,151213362000000.0
VPB,2024-Q4,Equity,147275262000000.0
VPB,2024-Q3,Equity,142239874000000.0
VPB,2024-Q2,Equity,138075614000000.0
VPB,2024-Q1,Equity,142937410000000.0
VPB,2023-Q4,Equity,139946573000000.0
VPB,2023-Q3,Equity,109991548000000.0
VPB,2023-Q2,Equity,107563870000000.0
VPB,2023-Q1,Equity,105097639000000.0
VPB,2022-Q4,Equity,103516889000000.0
VPB,2022-Q3,Equity,102366254000000.0
VPB,2022-Q2,Equity,98523824000000.0
VPB,2022-Q1,Equity,95202019000000.0
VPB,2021-Q4,Equity,86451499000000.0
VPB,2021-Q3,Equity,62322495000000.0
VPB,2021-Q2,Equity,60011675000000.0
VPB,2021-Q1,Equity,55995312000000.0
VPB,2020-Q4,Equity,52793502000000.0
VPB,2020-Q3,Equity,49726273000000.0
VPB,2020-Q2,Equity,47474759000000.0
VPB,2020-Q1,Equity,44523737000000.0
VPB,2019-Q4,Equity,42217509000000.0
VPB,2019-Q3,Equity,40491245000000.0
VPB,2019-Q2,Equity,38208392000000.0
VPB,2019-Q1,Equity,36179904000000.0
VPB,2018-Q4,Equity,34750069000000.0
VPB,2018-Q3,Equity,31986964000000.0
VPB,2018-Q2,Equity,32988631000000.0
VPB,2018-Q1,Equity,31635228000000.0
VPB,2026-Q2,NPAT,8775909000000.0
VPB,2026-Q1,NPAT,6329468000000.0
VPB,2025-Q4,NPAT,8118409000000.0
VPB,2025-Q3,NPAT,7363737000000.0
VPB,2025-Q2,NPAT,4937496000000.0
VPB,2025-Q1,NPAT,3934954000000.0
VPB,2024-Q4,NPAT,5039522000000.0
VPB,2024-Q3,NPAT,4164260000000.0
VPB,2024-Q2,NPAT,3641161000000.0
VPB,2024-Q1,NPAT,3141883000000.0
VPB,2023-Q4,NPAT,2111161000000.0
VPB,2023-Q3,NPAT,2427678000000.0
VPB,2023-Q2,NPAT,2452231000000.0
VPB,2023-Q1,NPAT,1649719000000.0
VPB,2022-Q4,NPAT,1140448000000.0
VPB,2022-Q3,NPAT,3542430000000.0
VPB,2022-Q2,NPAT,3324075000000.0
VPB,2022-Q1,NPAT,8916823000000.0
VPB,2021-Q4,NPAT,2271529000000.0
VPB,2021-Q3,NPAT,2160820000000.0
VPB,2021-Q2,NPAT,4016363000000.0
VPB,2021-Q1,NPAT,3201810000000.0
VPB,2020-Q4,NPAT,2897229000000.0
VPB,2020-Q3,NPAT,2251514000000.0
VPB,2020-Q2,NPAT,2951022000001.0
VPB,2020-Q1,NPAT,2313994999999.0
VPB,2019-Q4,NPAT,2514276000000.0
VPB,2019-Q3,NPAT,2282602000000.0
VPB,2019-Q2,NPAT,2049268000000.0
VPB,2019-Q1,NPAT,1421884000000.0
VPB,2018-Q4,NPAT,2455423000000.0
VPB,2018-Q3,NPAT,1399152000000.0
VPB,2018-Q2,NPAT,1411701000000.0
VPB,2018-Q1,NPAT,2089292000000.0
VPB,2026-Q2,NetInterestIncome,17973498000000.0
VPB,2026-Q1,NetInterestIncome,16960628000000.0
VPB,2025-Q4,NetInterestIncome,16767175000000.0
VPB,2025-Q3,NetInterestIncome,15061208000000.0
VPB,2025-Q2,NetInterestIncome,13478566000000.0
VPB,2025-Q1,NetInterestIncome,13355764000000.0
VPB,2024-Q4,NetInterestIncome,14114992000000.0
VPB,2024-Q3,NetInterestIncome,12155772000000.0
VPB,2024-Q2,NetInterestIncome,12408240000000.0
VPB,2024-Q1,NetInterestIncome,11323398000000.0
VPB,2023-Q4,NetInterestIncome,11041836000000.0
VPB,2023-Q3,NetInterestIncome,8836748000000.0
VPB,2023-Q2,NetInterestIncome,8762153000000.0
VPB,2023-Q1,NetInterestIncome,9533939000000.0
VPB,2022-Q4,NetInterestIncome,10282653000000.0
VPB,2022-Q3,NetInterestIncome,10384901000000.0
VPB,2022-Q2,NetInterestIncome,10465653000000.0
VPB,2022-Q1,NetInterestIncome,9887714000000.0
VPB,2021-Q4,NetInterestIncome,8522870000000.0
VPB,2021-Q3,NetInterestIncome,7474232000000.0
VPB,2021-Q2,NetInterestIncome,9231836000000.0
VPB,2021-Q1,NetInterestIncome,9119891000000.0
VPB,2020-Q4,NetInterestIncome,8739998000000.0
VPB,2020-Q3,NetInterestIncome,7883845000000.0
VPB,2020-Q2,NetInterestIncome,7700802000000.0
VPB,2020-Q1,NetInterestIncome,8021178000000.0
VPB,2019-Q4,NetInterestIncome,8064068000000.0
VPB,2019-Q3,NetInterestIncome,7976968000000.0
VPB,2019-Q2,NetInterestIncome,7665856000000.0
VPB,2019-Q1,NetInterestIncome,6785452000000.0
VPB,2018-Q4,NetInterestIncome,6512651000000.0
VPB,2018-Q3,NetInterestIncome,6002414000000.0
VPB,2018-Q2,NetInterestIncome,6159594000000.0
VPB,2018-Q1,NetInterestIncome,6026916000000.0
VPB,2026-Q2,OperatingIncome,23483634000000.0
VPB,2026-Q1,OperatingIncome,19908207000000.0
VPB,2025-Q4,OperatingIncome,22415542000000.0
VPB,2025-Q3,OperatingIncome,20137556000000.0
VPB,2025-Q2,OperatingIncome,16534631000000.0
VPB,2025-Q1,OperatingIncome,15566088000000.0
VPB,2024-Q4,OperatingIncome,17644405000000.0
VPB,2024-Q3,OperatingIncome,15063007000000.0
VPB,2024-Q2,OperatingIncome,16137032000000.0
VPB,2024-Q1,OperatingIncome,13410612000000.0
VPB,2023-Q4,OperatingIncome,13341140000000.0
VPB,2023-Q3,OperatingIncome,11262031000000.0
VPB,2023-Q2,OperatingIncome,12781506000000.0
VPB,2023-Q1,OperatingIncome,12358753000000.0
VPB,2022-Q4,OperatingIncome,12767808000000.0
VPB,2022-Q3,OperatingIncome,13473138000000.0
VPB,2022-Q2,OperatingIncome,13286489000000.0
VPB,2022-Q1,OperatingIncome,18269595000000.0
VPB,2021-Q4,OperatingIncome,11070444000000.0
VPB,2021-Q3,OperatingIncome,10132609000000.0
VPB,2021-Q2,OperatingIncome,12046946000000.0
VPB,2021-Q1,OperatingIncome,11051476000000.0
VPB,2020-Q4,OperatingIncome,10707504000000.0
VPB,2020-Q3,OperatingIncome,9471526000000.0
VPB,2020-Q2,OperatingIncome,8948471000000.0
VPB,2020-Q1,OperatingIncome,9905613000000.0
VPB,2019-Q4,OperatingIncome,10021995000000.0
VPB,2019-Q3,OperatingIncome,9501293000000.0
VPB,2019-Q2,OperatingIncome,8869423000000.0
VPB,2019-Q1,OperatingIncome,7962794000000.0
VPB,2018-Q4,OperatingIncome,8973466000000.0
VPB,2018-Q3,OperatingIncome,7601533000000.0
VPB,2018-Q2,OperatingIncome,6850594000000.0
VPB,2018-Q1,OperatingIncome,7660070000000.0
STB,2026-Q2,ROE,0.0499063995
STB,2026-Q1,ROE,0.0758901916
STB,2025-Q4,ROE,0.1034338617
STB,2025-Q3,ROE,0.2088651888
STB,2025-Q2,ROE,0.2070150941
STB,2025-Q1,ROE,0.203998955
STB,2024-Q4,ROE,0.2003356624
STB,2024-Q3,ROE,0.1803773162
STB,2024-Q2,ROE,0.1755456297
STB,2024-Q1,ROE,0.1770638701
STB,2023-Q4,ROE,0.1829904532
STB,2023-Q3,ROE,0.1751386184
STB,2023-Q2,ROE,0.1719325424
STB,2023-Q1,ROE,0.1491958415
STB,2022-Q4,ROE,0.1383128098
STB,2022-Q3,ROE,0.116435026
STB,2022-Q2,ROE,0.1029503245
STB,2022-Q1,ROE,0.1079287156
STB,2021-Q4,ROE,0.1107405104
STB,2021-Q3,ROE,0.1107405104
STB,2021-Q1,ROE,0.0943587571382522
STB,2020-Q4,ROE,0.0963045956
STB,2020-Q3,ROE,0.0864809324
STB,2020-Q2,ROE,0.0901229569
STB,2020-Q1,ROE,0.0904142622
STB,2019-Q4,ROE,0.0955683289
STB,2019-Q3,ROE,0.1092815883
STB,2019-Q2,ROE,0.0874771743
STB,2019-Q1,ROE,0.0917651252
STB,2018-Q4,ROE,0.0747944913
STB,2018-Q3,ROE,0.0565142626
STB,2018-Q2,ROE,0.0632942893
STB,2018-Q1,ROE,0.0589797935
STB,2026-Q2,ROA,0.0035022109
STB,2026-Q1,ROA,0.0053910398
STB,2025-Q4,ROA,0.007133149
STB,2025-Q3,ROA,0.0155492911
STB,2025-Q2,ROA,0.0153732279
STB,2025-Q1,ROA,0.0148662904
STB,2024-Q4,ROA,0.0141829272
STB,2024-Q3,ROA,0.0125504457
STB,2024-Q2,ROA,0.0119593677
STB,2024-Q1,ROA,0.0120089263
STB,2023-Q4,ROA,0.0121908428
STB,2023-Q3,ROA,0.0117146166
STB,2023-Q2,ROA,0.0114318235
STB,2023-Q1,ROA,0.0098365112
STB,2022-Q4,ROA,0.0090576507
STB,2022-Q3,ROA,0.007577479
STB,2022-Q2,ROA,0.0067480825
STB,2022-Q1,ROA,0.0067312242
STB,2021-Q4,ROA,0.0068183436
STB,2021-Q3,ROA,0.0068183436
STB,2021-Q1,ROA,0.0055126436054706
STB,2020-Q4,ROA,0.0056695682
STB,2020-Q3,ROA,0.0050579409
STB,2020-Q2,ROA,0.0052745151
STB,2020-Q1,ROA,0.0053192584
STB,2019-Q4,ROA,0.0057114987
STB,2019-Q3,ROA,0.0064687184
STB,2019-Q2,ROA,0.0051942118
STB,2019-Q1,ROA,0.0054732135
STB,2018-Q4,ROA,0.0046226835
STB,2018-Q3,ROA,0.00342992
STB,2018-Q2,ROA,0.0039014832
STB,2018-Q1,ROA,0.0036998247
STB,2026-Q2,NIM,0.0293063327
STB,2026-Q1,NIM,0.0305414745
STB,2025-Q4,NIM,0.0325385401
STB,2025-Q3,NIM,0.0354265752
STB,2025-Q2,NIM,0.035193462
STB,2025-Q1,NIM,0.0357783747
STB,2024-Q4,NIM,0.0363057095
STB,2024-Q3,NIM,0.0364264451
STB,2024-Q2,NIM,0.0351993803
STB,2024-Q1,NIM,0.0360993008
STB,2023-Q4,NIM,0.0378743367
STB,2023-Q3,NIM,0.0392192361
STB,2023-Q2,NIM,0.0422616369
STB,2023-Q1,NIM,0.037744163
STB,2022-Q4,NIM,0.0335190352
STB,2022-Q3,NIM,0.0267754386
STB,2022-Q2,NIM,0.0228031135
STB,2022-Q1,NIM,0.0259534977
STB,2021-Q4,NIM,0.0277016233
STB,2021-Q3,NIM,0.0277016233
STB,2021-Q1,NIM,0.0266442913562059
STB,2020-Q4,NIM,0.0273899747
STB,2020-Q3,NIM,0.0247440507
STB,2020-Q2,NIM,0.0250935914
STB,2020-Q1,NIM,0.0242905319
STB,2019-Q4,NIM,0.0246673603
STB,2019-Q3,NIM,0.0256175847
STB,2019-Q2,NIM,0.0240939346
STB,2019-Q1,NIM,0.0241113093
STB,2018-Q4,NIM,0.0233777663
STB,2018-Q3,NIM,0.0214988194
STB,2018-Q2,NIM,0.0209300935
STB,2018-Q1,NIM,0.0191316062
STB,2026-Q2,NPL,0.0754007947
STB,2026-Q1,NPL,0.0661894596
STB,2025-Q4,NPL,0.0640760681
STB,2025-Q3,NPL,0.0274979645
STB,2025-Q2,NPL,0.0246149182
STB,2025-Q1,NPL,0.025075465
STB,2024-Q4,NPL,0.024025288
STB,2024-Q3,NPL,0.0247371003
STB,2024-Q2,NPL,0.0242880347
STB,2024-Q1,NPL,0.0227863106
STB,2023-Q4,NPL,0.0227540042
STB,2023-Q3,NPL,0.0220044486
STB,2023-Q2,NPL,0.0178648355
STB,2023-Q1,NPL,0.0119096475
STB,2022-Q4,NPL,0.0098006424
STB,2022-Q3,NPL,0.00900981
STB,2022-Q2,NPL,0.0127430099
STB,2022-Q1,NPL,0.0150334727
STB,2021-Q4,NPL,0.0156218361
STB,2021-Q3,NPL,0.0156218361
STB,2021-Q1,NPL,0.01482545863837
STB,2020-Q4,NPL,0.0169873654
STB,2020-Q3,NPL,0.0213526309
STB,2020-Q2,NPL,0.021506933
STB,2020-Q1,NPL,0.019740774
STB,2019-Q4,NPL,0.0193673965
STB,2019-Q3,NPL,0.0199984199
STB,2019-Q2,NPL,0.0204083561
STB,2019-Q1,NPL,0.0214406948
STB,2018-Q4,NPL,0.0212861289
STB,2018-Q3,NPL,0.0318332314
STB,2018-Q2,NPL,0.0369741856
STB,2018-Q1,NPL,0.0401141325
STB,2025-Q2,CAR,0.0969
STB,2024-Q2,CAR,0.0899
STB,2023-Q2,CAR,0.094
STB,2022-Q2,CAR,0.0987
STB,2020-Q2,CAR,0.0936
STB,2026-Q2,CIR,0.2839314996
STB,2026-Q1,CIR,0.4521085051
STB,2025-Q4,CIR,0.4069317037
STB,2025-Q3,CIR,0.4655912185
STB,2025-Q2,CIR,0.4118497229
STB,2025-Q1,CIR,0.5037102832
STB,2024-Q4,CIR,0.4875799932
STB,2024-Q3,CIR,0.4542062425
STB,2024-Q2,CIR,0.5592426965
STB,2024-Q1,CIR,0.5153486781
STB,2023-Q4,CIR,0.4924884645
STB,2023-Q3,CIR,0.5086782201
STB,2023-Q2,CIR,0.4525796864
STB,2023-Q1,CIR,0.5023464934
STB,2022-Q4,CIR,0.4177573869
STB,2022-Q3,CIR,0.4390440879
STB,2022-Q2,CIR,0.3898838183
STB,2022-Q1,CIR,0.550708395
STB,2021-Q4,CIR,0.5773095373
STB,2021-Q3,CIR,0.5773095373
STB,2021-Q1,CIR,0.6439456343650818
STB,2020-Q4,CIR,0.6308087335
STB,2020-Q3,CIR,0.545780114
STB,2020-Q2,CIR,0.5540603303
STB,2020-Q1,CIR,0.6380361937
STB,2019-Q4,CIR,0.6331048179
STB,2019-Q3,CIR,0.5851149363
STB,2019-Q2,CIR,0.6922069006
STB,2019-Q1,CIR,0.5788959511
STB,2018-Q4,CIR,0.6712232277
STB,2018-Q3,CIR,0.6664801998
STB,2018-Q2,CIR,0.6532715178
STB,2018-Q1,CIR,0.7504701328
STB,2026-Q2,LDR,0.9816181355
STB,2026-Q1,LDR,1.0435607951
STB,2025-Q4,LDR,1.0130197662
STB,2025-Q3,LDR,0.9453225074
STB,2025-Q2,LDR,0.9417685608
STB,2025-Q1,LDR,0.9637239628
STB,2024-Q4,LDR,0.9513705409
STB,2024-Q3,LDR,0.9272472199
STB,2024-Q2,LDR,0.940731102
STB,2024-Q1,LDR,0.938221445
STB,2023-Q4,LDR,0.9451520715
STB,2023-Q3,LDR,0.9295834896
STB,2023-Q2,LDR,0.9180338538
STB,2023-Q1,LDR,0.9366728319
STB,2022-Q4,LDR,0.9645672221
STB,2022-Q3,LDR,0.9188838114
STB,2022-Q2,LDR,0.9082941099
STB,2022-Q1,LDR,0.9076780598
STB,2021-Q4,LDR,0.8510188362
STB,2021-Q3,LDR,0.8510188362
STB,2021-Q1,LDR,0.8279843330383301
STB,2020-Q4,LDR,0.795071281
STB,2020-Q3,LDR,0.746500948
STB,2020-Q2,LDR,0.728926368
STB,2020-Q1,LDR,0.7549713939
STB,2019-Q4,LDR,0.7385154658
STB,2019-Q3,LDR,0.7273374708
STB,2019-Q2,LDR,0.7197044436
STB,2019-Q1,LDR,0.7184620513
STB,2018-Q4,LDR,0.7344902395
STB,2018-Q3,LDR,0.7093450767
STB,2018-Q2,LDR,0.6932246438
STB,2018-Q1,LDR,0.6763487045
STB,2026-Q2,CASA,0.1672327342
STB,2026-Q1,CASA,0.1618329474
STB,2025-Q4,CASA,0.1525849951
STB,2025-Q3,CASA,0.1574213308
STB,2025-Q2,CASA,0.1772301026
STB,2025-Q1,CASA,0.1746152449
STB,2024-Q4,CASA,0.1826839342
STB,2024-Q3,CASA,0.1767269473
STB,2024-Q2,CASA,0.1876462779
STB,2024-Q1,CASA,0.1854570298
STB,2023-Q4,CASA,0.1860269346
STB,2023-Q3,CASA,0.1731686378
STB,2023-Q2,CASA,0.1697883743
STB,2023-Q1,CASA,0.1736549295
STB,2022-Q4,CASA,0.1920288005
STB,2022-Q3,CASA,0.2137152654
STB,2022-Q2,CASA,0.2258255937
STB,2022-Q1,CASA,0.2292803916
STB,2021-Q4,CASA,0.2281692027
STB,2021-Q3,CASA,0.2217533213
STB,2021-Q1,CASA,0.1967085963
STB,2020-Q4,CASA,0.1904195031
STB,2020-Q3,CASA,0.167707973
STB,2020-Q2,CASA,0.1640883195
STB,2020-Q1,CASA,0.1567782488
STB,2019-Q4,CASA,0.1703170792
STB,2019-Q3,CASA,0.1611353024
STB,2019-Q2,CASA,0.1557853087
STB,2019-Q1,CASA,0.1539977916
STB,2018-Q4,CASA,0.1510524794
STB,2018-Q3,CASA,0.1478936639
STB,2018-Q2,CASA,0.1454944113
STB,2018-Q1,CASA,0.1506548582
STB,2026-Q2,PB,2.2361840883
STB,2026-Q1,PB,2.1588565838
STB,2025-Q4,PB,2.0248198322
STB,2025-Q3,PB,1.6265131736
STB,2025-Q2,PB,1.9097587314
STB,2025-Q1,PB,1.562260285
STB,2024-Q4,PB,1.3186067812
STB,2024-Q3,PB,1.3014037762
STB,2024-Q2,PB,1.3021899667
STB,2024-Q1,PB,1.170660392
STB,2023-Q4,PB,1.1995438946
STB,2023-Q3,PB,1.2895897203
STB,2023-Q2,PB,1.4254252308
STB,2023-Q1,PB,1.3851697585
STB,2022-Q4,PB,1.2543052507
STB,2022-Q3,PB,1.2911650624
STB,2022-Q2,PB,0.9294916253
STB,2022-Q1,PB,1.2247148715
STB,2021-Q4,PB,1.5241809407
STB,2021-Q3,PB,1.9144035942
STB,2021-Q1,PB,1.722741015
STB,2020-Q4,PB,1.5073921879
STB,2020-Q3,PB,1.2757806655
STB,2020-Q2,PB,0.9331155917
STB,2020-Q1,PB,0.7497067876
STB,2019-Q4,PB,0.644122434
STB,2019-Q3,PB,0.7117009331
STB,2019-Q2,PB,0.781613988
STB,2019-Q1,PB,0.8141390536
STB,2018-Q4,PB,0.8457245341
STB,2018-Q3,PB,0.8873822924
STB,2018-Q2,PB,1.0258169412
STB,2018-Q1,PB,0.8760872981
STB,2026-Q2,PE,45.6014286266
STB,2026-Q1,PE,28.6847336239
STB,2025-Q4,PE,20.4103559455
STB,2025-Q3,PE,8.2988662062
STB,2025-Q2,PE,9.8575147558
STB,2025-Q1,PE,8.3139800665
STB,2024-Q4,PE,7.1857823637
STB,2024-Q3,PE,7.6284747551
STB,2024-Q2,PE,7.8111154116
STB,2024-Q1,PE,7.0724725554
STB,2023-Q4,PE,7.1074629014
STB,2023-Q3,PE,7.8171582993
STB,2023-Q2,PE,8.7764374357
STB,2023-Q1,PE,9.914175308
STB,2022-Q4,PE,9.6117784333
STB,2022-Q3,PE,11.5000985452
STB,2022-Q2,PE,9.2813665876
STB,2022-Q1,PE,11.0346240351
STB,2021-Q4,PE,14.9337694147
STB,2021-Q3,PE,18.1825174761
STB,2021-Q1,PE,18.9907384969
STB,2020-Q4,PE,17.010642484
STB,2020-Q3,PE,15.1383294184
STB,2020-Q2,PE,10.5288275769
STB,2020-Q1,PE,8.6179896697
STB,2019-Q4,PE,7.3339337474
STB,2019-Q3,PE,6.7095691479
STB,2019-Q2,PE,9.1693834837
STB,2019-Q1,PE,9.2694614088
STB,2018-Q4,PE,12.1633205905
STB,2018-Q3,PE,15.8344137843
STB,2018-Q2,PE,16.426649227
STB,2018-Q1,PE,14.599354914
STB,2026-Q2,TotalAssets,892048566000000.0
STB,2026-Q1,TotalAssets,859571527000000.0
STB,2025-Q4,TotalAssets,917119803000000.0
STB,2025-Q3,TotalAssets,848942045000000.0
STB,2025-Q2,TotalAssets,807339224000000.0
STB,2025-Q1,TotalAssets,757093326000000.0
STB,2024-Q4,TotalAssets,748094546000000.0
STB,2024-Q3,TotalAssets,702985596000000.0
STB,2024-Q2,TotalAssets,717312771000000.0
STB,2024-Q1,TotalAssets,693534553000000.0
STB,2023-Q4,TotalAssets,674389660000000.0
STB,2023-Q3,TotalAssets,651288299000000.0
STB,2023-Q2,TotalAssets,622177662000000.0
STB,2023-Q1,TotalAssets,596693994000000.0
STB,2022-Q4,TotalAssets,591994201000000.0
STB,2022-Q3,TotalAssets,564192851000000.0
STB,2022-Q2,TotalAssets,551422119000000.0
STB,2022-Q1,TotalAssets,552539011000000.0
STB,2021-Q4,TotalAssets,521196331000000.0
STB,2021-Q3,TotalAssets,494294982000000.0
STB,2021-Q2,TotalAssets,504533717000000.0
STB,2021-Q1,TotalAssets,497427679000000.0
STB,2020-Q4,TotalAssets,492636633000000.0
STB,2020-Q3,TotalAssets,485212606000000.0
STB,2020-Q2,TotalAssets,481897995000000.0
STB,2020-Q1,TotalAssets,459076447000000.0
STB,2019-Q4,TotalAssets,453581057000000.0
STB,2019-Q3,TotalAssets,450200240000000.0
STB,2019-Q2,TotalAssets,439170151000000.0
STB,2019-Q1,TotalAssets,425033040000000.0
STB,2018-Q4,TotalAssets,406040598000000.0
STB,2018-Q3,TotalAssets,403602479000000.0
STB,2018-Q2,TotalAssets,400686351000000.0
STB,2018-Q1,TotalAssets,381252451000000.0
STB,2026-Q2,GrossLoans,636028893000000.0
STB,2026-Q1,GrossLoans,626959810000000.0
STB,2025-Q4,GrossLoans,626392336000000.0
STB,2025-Q3,GrossLoans,606048204000000.0
STB,2025-Q2,GrossLoans,587960029000000.0
STB,2025-Q1,GrossLoans,564327201000000.0
STB,2024-Q4,GrossLoans,539314658000000.0
STB,2024-Q3,GrossLoans,525493361000000.0
STB,2024-Q2,GrossLoans,516634843000000.0
STB,2024-Q1,GrossLoans,500408346000000.0
STB,2023-Q4,GrossLoans,482731122000000.0
STB,2023-Q3,GrossLoans,472073361000000.0
STB,2023-Q2,GrossLoans,460470628000000.0
STB,2023-Q1,GrossLoans,448469026000000.0
STB,2022-Q4,GrossLoans,438627777000000.0
STB,2022-Q3,GrossLoans,420748053000000.0
STB,2022-Q2,GrossLoans,414561633000000.0
STB,2022-Q1,GrossLoans,413027822000000.0
STB,2021-Q4,GrossLoans,387929596000000.0
STB,2021-Q3,GrossLoans,356440303000000.0
STB,2021-Q2,GrossLoans,361109293000000.0
STB,2021-Q1,GrossLoans,356974593000000.0
STB,2020-Q4,GrossLoans,340268127000000.0
STB,2020-Q3,GrossLoans,320214546000000.0
STB,2020-Q2,GrossLoans,310694975000000.0
STB,2020-Q1,GrossLoans,306298730000000.0
STB,2019-Q4,GrossLoans,296029774000000.0
STB,2019-Q3,GrossLoans,290476749000000.0
STB,2019-Q2,GrossLoans,279420154000000.0
STB,2019-Q1,GrossLoans,271020322000000.0
STB,2018-Q4,GrossLoans,256622753000000.0
STB,2018-Q3,GrossLoans,253391900000000.0
STB,2018-Q2,GrossLoans,246691059000000.0
STB,2018-Q1,GrossLoans,229440983000000.0
STB,2026-Q2,CustomerDeposits,647939224000000.0
STB,2026-Q1,CustomerDeposits,600788965000000.0
STB,2025-Q4,CustomerDeposits,618341672000000.0
STB,2025-Q3,CustomerDeposits,641102057000000.0
STB,2025-Q2,CustomerDeposits,624314777000000.0
STB,2025-Q1,CustomerDeposits,585569336000000.0
STB,2024-Q4,CustomerDeposits,566881814000000.0
STB,2024-Q3,CustomerDeposits,566724116000000.0
STB,2024-Q2,CustomerDeposits,549184397000000.0
STB,2024-Q1,CustomerDeposits,533358461000000.0
STB,2023-Q4,CustomerDeposits,510744394000000.0
STB,2023-Q3,CustomerDeposits,507833203000000.0
STB,2023-Q2,CustomerDeposits,501583494000000.0
STB,2023-Q1,CustomerDeposits,478789403000000.0
STB,2022-Q4,CustomerDeposits,454740496000000.0
STB,2022-Q3,CustomerDeposits,457890375000000.0
STB,2022-Q2,CustomerDeposits,456417837000000.0
STB,2022-Q1,CustomerDeposits,457791917000000.0
STB,2021-Q4,CustomerDeposits,427386772000000.0
STB,2021-Q3,CustomerDeposits,418839499000000.0
STB,2021-Q2,CustomerDeposits,433943764000000.0
STB,2021-Q1,CustomerDeposits,431136898000000.0
STB,2020-Q4,CustomerDeposits,427971850000000.0
STB,2020-Q3,CustomerDeposits,428953971000000.0
STB,2020-Q2,CustomerDeposits,426236433000000.0
STB,2020-Q1,CustomerDeposits,405709054000000.0
STB,2019-Q4,CustomerDeposits,400844380000000.0
STB,2019-Q3,CustomerDeposits,399369977000000.0
STB,2019-Q2,CustomerDeposits,388242919000000.0
STB,2019-Q1,CustomerDeposits,377222877000000.0
STB,2018-Q4,CustomerDeposits,349197426000000.0
STB,2018-Q3,CustomerDeposits,357219509000000.0
STB,2018-Q2,CustomerDeposits,355860198000000.0
STB,2018-Q1,CustomerDeposits,339234749000000.0
STB,2026-Q2,Equity,62807249000000.0
STB,2026-Q1,Equity,61476611000000.0
STB,2025-Q4,Equity,59866744000000.0
STB,2025-Q3,Equity,62704792000000.0
STB,2025-Q2,Equity,59821207000000.0
STB,2025-Q1,Equity,57862377000000.0
STB,2024-Q4,Equity,54972070000000.0
STB,2024-Q3,Equity,51280500000000.0
STB,2024-Q2,Equity,49077949000000.0
STB,2024-Q1,Equity,47908999000000.0
STB,2023-Q4,Equity,45733864000000.0
STB,2023-Q3,Equity,43709987000000.0
STB,2023-Q2,Equity,41793014000000.0
STB,2023-Q1,Equity,40557793000000.0
STB,2022-Q4,Equity,38626996000000.0
STB,2022-Q3,Equity,36940248000000.0
STB,2022-Q2,Equity,35798125000000.0
STB,2022-Q1,Equity,35481093000000.0
STB,2021-Q4,Equity,34261337000000.0
STB,2021-Q3,Equity,33383145000000.0
STB,2021-Q2,Equity,30383791000000.0
STB,2021-Q1,Equity,29733870000000.0
STB,2020-Q4,Equity,28956242000000.0
STB,2020-Q3,Equity,28204602000000.0
STB,2020-Q2,Equity,27447702000000.0
STB,2020-Q1,Equity,27546545000000.0
STB,2019-Q4,Equity,26741640000000.0
STB,2019-Q3,Equity,26229856000000.0
STB,2019-Q2,Equity,25498994000000.0
STB,2019-Q1,Equity,25477238000000.0
STB,2018-Q4,Equity,24632366000000.0
STB,2018-Q3,Equity,23780895000000.0
STB,2018-Q2,Equity,23648604000000.0
STB,2018-Q1,Equity,23670441000000.0
STB,2026-Q2,NPAT,1346691000000.0
STB,2026-Q1,NPAT,1584404000000.0
STB,2025-Q4,NPAT,-2752462000000.0
STB,2025-Q3,NPAT,2901283000000.0
STB,2025-Q2,NPAT,2893598000000.0
STB,2025-Q1,NPAT,2896692000000.0
STB,2024-Q4,NPAT,3598078000000.0
STB,2024-Q3,NPAT,2201173000000.0
STB,2024-Q2,NPAT,2176839000000.0
STB,2024-Q1,NPAT,2111405000000.0
STB,2023-Q4,NPAT,2258942000000.0
STB,2023-Q3,NPAT,1634592000000.0
STB,2023-Q2,NPAT,1925126000000.0
STB,2023-Q1,NPAT,1899957000000.0
STB,2022-Q4,NPAT,1751123000000.0
STB,2022-Q3,NPAT,1211607000000.0
STB,2022-Q2,NPAT,803889000000.0
STB,2022-Q1,NPAT,1274076000000.0
STB,2021-Q4,NPAT,857867000000.0
STB,2021-Q3,NPAT,639728000000.0
STB,2021-Q2,NPAT,1112839000000.0
STB,2021-Q1,NPAT,801062000000.0
STB,2020-Q4,NPAT,836610000000.0
STB,2020-Q3,NPAT,716260000000.0
STB,2020-Q2,NPAT,343370000000.0
STB,2020-Q1,NPAT,785741000000.0
STB,2019-Q4,NPAT,531568000000.0
STB,2019-Q3,NPAT,771869000000.0
STB,2019-Q2,NPAT,307185000000.0
STB,2019-Q1,NPAT,844242000000.0
STB,2018-Q4,NPAT,858971000000.0
STB,2018-Q3,NPAT,163180000000.0
STB,2018-Q2,NPAT,371279000000.0
STB,2018-Q1,NPAT,396726000000.0
STB,2026-Q2,NetInterestIncome,6247243000000.0
STB,2026-Q1,NetInterestIncome,6042042000000.0
STB,2025-Q4,NetInterestIncome,5358002000000.0
STB,2025-Q3,NetInterestIncome,7874366000000.0
STB,2025-Q2,NetInterestIncome,6585077000000.0
STB,2025-Q1,NetInterestIncome,6863173000000.0
STB,2024-Q4,NetInterestIncome,6099184000000.0
STB,2024-Q3,NetInterestIncome,6365108000000.0
STB,2024-Q2,NetInterestIncome,6116566000000.0
STB,2024-Q1,NetInterestIncome,5950840000000.0
STB,2023-Q4,NetInterestIncome,5633088000000.0
STB,2023-Q3,NetInterestIncome,4851108000000.0
STB,2023-Q2,NetInterestIncome,5751436000000.0
STB,2023-Q1,NetInterestIncome,5836702000000.0
STB,2022-Q4,NetInterestIncome,6043398000000.0
STB,2022-Q3,NetInterestIncome,5761978000000.0
STB,2022-Q2,NetInterestIncome,2602299000000.0
STB,2022-Q1,NetInterestIncome,2739459000000.0
STB,2021-Q4,NetInterestIncome,2494886000000.0
STB,2021-Q3,NetInterestIncome,3313028000000.0
STB,2021-Q2,NetInterestIncome,3148209000000.0
STB,2021-Q1,NetInterestIncome,3008364000000.0
STB,2020-Q4,NetInterestIncome,3013620000000.0
STB,2020-Q3,NetInterestIncome,3035858000000.0
STB,2020-Q2,NetInterestIncome,2637199000000.0
STB,2020-Q1,NetInterestIncome,2839877000000.0
STB,2019-Q4,NetInterestIncome,1775524000000.0
STB,2019-Q3,NetInterestIncome,2924826000000.0
STB,2019-Q2,NetInterestIncome,2022480000000.0
STB,2019-Q1,NetInterestIncome,2457858000000.0
STB,2018-Q4,NetInterestIncome,2110038000000.0
STB,2018-Q3,NetInterestIncome,2070205000000.0
STB,2018-Q2,NetInterestIncome,1781696000000.0
STB,2018-Q1,NetInterestIncome,1671855000000.0
STB,2026-Q2,OperatingIncome,9950076000000.0
STB,2026-Q1,OperatingIncome,7538113000000.0
STB,2025-Q4,OperatingIncome,7694340000000.0
STB,2025-Q3,OperatingIncome,8796519000000.0
STB,2025-Q2,OperatingIncome,7769380000000.0
STB,2025-Q1,OperatingIncome,7796440000000.0
STB,2024-Q4,OperatingIncome,7410043000000.0
STB,2024-Q3,OperatingIncome,7237897000000.0
STB,2024-Q2,OperatingIncome,7154384000000.0
STB,2024-Q1,OperatingIncome,6874794000000.0
STB,2023-Q4,OperatingIncome,6708395000000.0
STB,2023-Q3,OperatingIncome,5926849000000.0
STB,2023-Q2,OperatingIncome,6737408000000.0
STB,2023-Q1,OperatingIncome,6800360000000.0
STB,2022-Q4,OperatingIncome,7832634000000.0
STB,2022-Q3,OperatingIncome,7054205000000.0
STB,2022-Q2,OperatingIncome,6129190000000.0
STB,2022-Q1,OperatingIncome,5125261000000.0
STB,2021-Q4,OperatingIncome,4614405000000.0
STB,2021-Q3,OperatingIncome,4198460000000.0
STB,2021-Q2,OperatingIncome,4746113000000.0
STB,2021-Q1,OperatingIncome,4145339000000.0
STB,2020-Q4,OperatingIncome,5016448000000.0
STB,2020-Q3,OperatingIncome,4810047000000.0
STB,2020-Q2,OperatingIncome,3561262000000.0
STB,2020-Q1,OperatingIncome,3883112000000.0
STB,2019-Q4,OperatingIncome,3774218000000.0
STB,2019-Q3,OperatingIncome,4018619000000.0
STB,2019-Q2,OperatingIncome,3300792000000.0
STB,2019-Q1,OperatingIncome,3541709000000.0
STB,2018-Q4,OperatingIncome,3717988000000.0
STB,2018-Q3,OperatingIncome,2946011000000.0
STB,2018-Q2,OperatingIncome,2669449000000.0
STB,2018-Q1,OperatingIncome,2343487000000.0
VIB,2026-Q2,ROE,0.1568967032
VIB,2026-Q1,ROE,0.1641680155
VIB,2025-Q4,ROE,0.1641480978
VIB,2025-Q3,ROE,0.1733706311
VIB,2025-Q2,ROE,0.1782239211
VIB,2025-Q1,ROE,0.1743564359
VIB,2024-Q4,ROE,0.1805599992
VIB,2024-Q3,ROE,0.185849709
VIB,2024-Q2,ROE,0.2051947574
VIB,2024-Q1,ROE,0.22988943
VIB,2023-Q4,ROE,0.2426116078
VIB,2023-Q3,ROE,0.262699214
VIB,2023-Q2,ROE,0.2766423221
VIB,2023-Q1,ROE,0.2840120954
VIB,2022-Q4,ROE,0.2974535289
VIB,2022-Q3,ROE,0.3077899212
VIB,2022-Q2,ROE,0.2885182505
VIB,2022-Q1,ROE,0.3033156342
VIB,2021-Q4,ROE,0.2828457128
VIB,2021-Q3,ROE,0.2828457128
VIB,2021-Q1,ROE,0.302703320980072
VIB,2020-Q4,ROE,0.2956575037
VIB,2020-Q3,ROE,0.2793015218
VIB,2020-Q2,ROE,0.2666135981
VIB,2020-Q1,ROE,0.2683903045
VIB,2019-Q4,ROE,0.2711012015
VIB,2019-Q3,ROE,0.2735902363
VIB,2019-Q2,ROE,0.2500176131
VIB,2019-Q1,ROE,0.2327572359
VIB,2018-Q4,ROE,0.2255360864
VIB,2018-Q3,ROE,0.2122803571
VIB,2018-Q2,ROE,0.1905595681
VIB,2018-Q1,ROE,0.1588990692
VIB,2026-Q2,ROA,0.0132200732
VIB,2026-Q1,ROA,0.0138335295
VIB,2025-Q4,ROA,0.0138868386
VIB,2025-Q3,ROA,0.0146531063
VIB,2025-Q2,ROA,0.0153336127
VIB,2025-Q1,ROA,0.015311374
VIB,2024-Q4,ROA,0.0159560419
VIB,2024-Q3,ROA,0.0169054759
VIB,2024-Q2,ROA,0.0188707952
VIB,2024-Q1,ROA,0.0211953246
VIB,2023-Q4,ROA,0.0227534931
VIB,2023-Q3,ROA,0.0242649813
VIB,2023-Q2,ROA,0.0252522096
VIB,2023-Q1,ROA,0.0253395663
VIB,2022-Q4,ROA,0.0259652264
VIB,2022-Q3,ROA,0.0251881758
VIB,2022-Q2,ROA,0.0227641999
VIB,2022-Q1,ROA,0.0231318412
VIB,2021-Q4,ROA,0.0213846275
VIB,2021-Q3,ROA,0.0213846275
VIB,2021-Q1,ROA,0.0227731633931398
VIB,2020-Q4,ROA,0.0216321367
VIB,2020-Q3,ROA,0.0209416473
VIB,2020-Q2,ROA,0.019550468
VIB,2020-Q1,ROA,0.0193925958
VIB,2019-Q4,ROA,0.0201818054
VIB,2019-Q3,ROA,0.0202071505
VIB,2019-Q2,ROA,0.0188141348
VIB,2019-Q1,ROA,0.0178567238
VIB,2018-Q4,ROA,0.0167267185
VIB,2018-Q3,ROA,0.0154315114
VIB,2018-Q2,ROA,0.0138408499
VIB,2018-Q1,ROA,0.0115244262
VIB,2026-Q2,NIM,0.0304094941
VIB,2026-Q1,NIM,0.0302837742
VIB,2025-Q4,NIM,0.0310544849
VIB,2025-Q3,NIM,0.0308728371
VIB,2025-Q2,NIM,0.0324750536
VIB,2025-Q1,NIM,0.0341517843
VIB,2024-Q4,NIM,0.0374896951
VIB,2024-Q3,NIM,0.0389105074
VIB,2024-Q2,NIM,0.0411463568
VIB,2024-Q1,NIM,0.0438150332
VIB,2023-Q4,NIM,0.0470517498
VIB,2023-Q3,NIM,0.0472558558
VIB,2023-Q2,NIM,0.0474797848
VIB,2023-Q1,NIM,0.0466777486
VIB,2022-Q4,NIM,0.047251546
VIB,2022-Q3,NIM,0.0450231535
VIB,2022-Q2,NIM,0.0432963725
VIB,2022-Q1,NIM,0.04384616
VIB,2021-Q4,NIM,0.0425615892
VIB,2021-Q3,NIM,0.0425615892
VIB,2021-Q1,NIM,0.0423235855996608
VIB,2020-Q4,NIM,0.0404628281
VIB,2020-Q3,NIM,0.0394564971
VIB,2020-Q2,NIM,0.0380334789
VIB,2020-Q1,NIM,0.037924115
VIB,2019-Q4,NIM,0.0393615126
VIB,2019-Q3,NIM,0.0384594127
VIB,2019-Q2,NIM,0.0389048427
VIB,2019-Q1,NIM,0.0390758717
VIB,2018-Q4,NIM,0.0378555143
VIB,2018-Q3,NIM,0.0367449535
VIB,2018-Q2,NIM,0.0348306562
VIB,2018-Q1,NIM,0.0319354308
VIB,2026-Q2,NPL,0.0292555811
VIB,2026-Q1,NPL,0.0294033006
VIB,2025-Q4,NPL,0.0296741241
VIB,2025-Q3,NPL,0.0332172453
VIB,2025-Q2,NPL,0.0355697568
VIB,2025-Q1,NPL,0.0379315747
VIB,2024-Q4,NPL,0.035102386
VIB,2024-Q3,NPL,0.0385187394
VIB,2024-Q2,NPL,0.0365759706
VIB,2024-Q1,NPL,0.0359839052
VIB,2023-Q4,NPL,0.0314425796
VIB,2023-Q3,NPL,0.0368018325
VIB,2023-Q2,NPL,0.0363424426
VIB,2023-Q1,NPL,0.0364006623
VIB,2022-Q4,NPL,0.0245181536
VIB,2022-Q3,NPL,0.0234740586
VIB,2022-Q2,NPL,0.0244856952
VIB,2022-Q1,NPL,0.0231750359
VIB,2021-Q4,NPL,0.0212205336
VIB,2021-Q3,NPL,0.0212205336
VIB,2021-Q1,NPL,0.0172650683671236
VIB,2020-Q4,NPL,0.0174459704
VIB,2020-Q3,NPL,0.0213765726
VIB,2020-Q2,NPL,0.0236929203
VIB,2020-Q1,NPL,0.0218673106
VIB,2019-Q4,NPL,0.0196327072
VIB,2019-Q3,NPL,0.0204301428
VIB,2019-Q2,NPL,0.0217969018
VIB,2019-Q1,NPL,0.0252112301
VIB,2018-Q4,NPL,0.0251891082
VIB,2018-Q3,NPL,0.0250406376
VIB,2018-Q2,NPL,0.0233129269
VIB,2018-Q1,NPL,0.0254503095
VIB,2024-Q2,CAR,0.1181
VIB,2023-Q2,CAR,0.1206
VIB,2022-Q2,CAR,0.1148
VIB,2020-Q2,CAR,0.0969
VIB,2019-Q2,CAR,0.0917
VIB,2026-Q2,CIR,0.3174164546
VIB,2026-Q1,CIR,0.3161494495
VIB,2025-Q4,CIR,0.3716269013
VIB,2025-Q3,CIR,0.3633210253
VIB,2025-Q2,CIR,0.3685132049
VIB,2025-Q1,CIR,0.3823029218
VIB,2024-Q4,CIR,0.3505894195
VIB,2024-Q3,CIR,0.3610760173
VIB,2024-Q2,CIR,0.3584286363
VIB,2024-Q1,CIR,0.3518075551
VIB,2023-Q4,CIR,0.2983120908
VIB,2023-Q3,CIR,0.2849896489
VIB,2023-Q2,CIR,0.2900400529
VIB,2023-Q1,CIR,0.3179793399
VIB,2022-Q4,CIR,0.343181393
VIB,2022-Q3,CIR,0.3609095136
VIB,2022-Q2,CIR,0.3257436854
VIB,2022-Q1,CIR,0.3547026665
VIB,2021-Q4,CIR,0.4638043594
VIB,2021-Q3,CIR,0.4638043594
VIB,2021-Q1,CIR,0.3885809481143951
VIB,2020-Q4,CIR,0.3980978491
VIB,2020-Q3,CIR,0.3710512061
VIB,2020-Q2,CIR,0.3945291931
VIB,2020-Q1,CIR,0.4553111404
VIB,2019-Q4,CIR,0.4216223537
VIB,2019-Q3,CIR,0.4136935301
VIB,2019-Q2,CIR,0.3975426369
VIB,2019-Q1,CIR,0.4362825151
VIB,2018-Q4,CIR,0.4419678486
VIB,2018-Q3,CIR,0.4589173491
VIB,2018-Q2,CIR,0.4672023471
VIB,2018-Q1,CIR,0.5095202351
VIB,2026-Q2,LDR,1.2508474112
VIB,2026-Q1,LDR,1.2208889314
VIB,2025-Q4,LDR,1.2966767904
VIB,2025-Q3,LDR,1.2104604098
VIB,2025-Q2,LDR,1.1697581657
VIB,2025-Q1,LDR,1.1837071619
VIB,2024-Q4,LDR,1.1726382711
VIB,2024-Q3,LDR,1.1639738709
VIB,2024-Q2,LDR,1.1263025049
VIB,2024-Q1,LDR,1.1430241896
VIB,2023-Q4,LDR,1.1258289924
VIB,2023-Q3,LDR,1.1503100105
VIB,2023-Q2,LDR,1.1430833092
VIB,2023-Q1,LDR,1.1501018733
VIB,2022-Q4,LDR,1.1590018466
VIB,2022-Q3,LDR,1.1963637189
VIB,2022-Q2,LDR,1.1245125995
VIB,2022-Q1,LDR,1.1610456124
VIB,2021-Q4,LDR,1.1012258486
VIB,2021-Q3,LDR,1.1012258486
VIB,2021-Q1,LDR,1.1315739154815674
VIB,2020-Q4,LDR,1.127510844
VIB,2020-Q3,LDR,1.0794395528
VIB,2020-Q2,LDR,1.0777588045
VIB,2020-Q1,LDR,1.0947121047
VIB,2019-Q4,LDR,1.0559245612
VIB,2019-Q3,LDR,1.0835984875
VIB,2019-Q2,LDR,1.1545604437
VIB,2019-Q1,LDR,1.1492759946
VIB,2018-Q4,LDR,1.1328748135
VIB,2018-Q3,LDR,1.140408373
VIB,2018-Q2,LDR,1.1586539125
VIB,2018-Q1,LDR,1.1348072573
VIB,2026-Q2,CASA,0.1192673535
VIB,2026-Q1,CASA,0.1416386016
VIB,2025-Q4,CASA,0.1458547938
VIB,2025-Q3,CASA,0.1544377517
VIB,2025-Q2,CASA,0.167980953
VIB,2025-Q1,CASA,0.1513036881
VIB,2024-Q4,CASA,0.1411733484
VIB,2024-Q3,CASA,0.1366793755
VIB,2024-Q2,CASA,0.1487348759
VIB,2024-Q1,CASA,0.133622979
VIB,2023-Q4,CASA,0.133653286
VIB,2023-Q3,CASA,0.1301029436
VIB,2023-Q2,CASA,0.1213474068
VIB,2023-Q1,CASA,0.1292412634
VIB,2022-Q4,CASA,0.1377345159
VIB,2022-Q3,CASA,0.1371179056
VIB,2022-Q2,CASA,0.1390198895
VIB,2022-Q1,CASA,0.1498420222
VIB,2021-Q4,CASA,0.1627660179
VIB,2021-Q3,CASA,0.1264847189
VIB,2021-Q1,CASA,0.1250239653
VIB,2020-Q4,CASA,0.1217644169
VIB,2020-Q3,CASA,0.1164830828
VIB,2020-Q2,CASA,0.1198332747
VIB,2020-Q1,CASA,0.1044886192
VIB,2019-Q4,CASA,0.1147315801
VIB,2019-Q3,CASA,0.1045990204
VIB,2019-Q2,CASA,0.1209645171
VIB,2019-Q1,CASA,0.1215562259
VIB,2018-Q4,CASA,0.1464193115
VIB,2018-Q3,CASA,0.1445750868
VIB,2018-Q2,CASA,0.1542684758
VIB,2018-Q1,CASA,0.1530621195
VIB,2026-Q2,PB,1.0246634959
VIB,2026-Q1,PB,1.0909370925
VIB,2025-Q4,PB,1.2591371432
VIB,2025-Q3,PB,1.3650690329
VIB,2025-Q2,PB,1.5604776374
VIB,2025-Q1,PB,1.3242610736
VIB,2024-Q4,PB,1.3130084318
VIB,2024-Q3,PB,1.4469720249
VIB,2024-Q2,PB,1.479837028
VIB,2024-Q1,PB,1.4065594356
VIB,2023-Q4,PB,1.5779997237
VIB,2023-Q3,PB,1.4816914574
VIB,2023-Q2,PB,1.4700234275
VIB,2023-Q1,PB,1.5655259495
VIB,2022-Q4,PB,1.342670695
VIB,2022-Q3,PB,1.5248567286
VIB,2022-Q2,PB,1.4697924308
VIB,2022-Q1,PB,1.9689948548
VIB,2021-Q4,PB,2.6471042014
VIB,2021-Q3,PB,3.04200176
VIB,2021-Q1,PB,3.9540347287
VIB,2020-Q4,PB,3.382390309
VIB,2020-Q3,PB,2.2855458137
VIB,2020-Q2,PB,2.0286368471
VIB,2020-Q1,PB,1.2754079035
VIB,2019-Q4,PB,1.0312172904
VIB,2019-Q3,PB,1.295482365
VIB,2019-Q2,PB,1.445698406
VIB,2019-Q1,PB,1.2713374958
VIB,2018-Q4,PB,1.3404628245
VIB,2018-Q3,PB,1.327130287
VIB,2018-Q2,PB,1.5164805477
VIB,2018-Q1,PB,1.7099060254
VIB,2026-Q2,PE,6.6064029267
VIB,2026-Q1,PE,7.0588287612
VIB,2025-Q4,PE,8.0965147871
VIB,2025-Q3,PE,8.1589111122
VIB,2025-Q2,PE,9.0175849713
VIB,2025-Q1,PE,8.0830990662
VIB,2024-Q4,PE,7.6111809076
VIB,2024-Q3,PE,8.016820841
VIB,2024-Q2,PE,7.334694021
VIB,2024-Q1,PE,6.4216107143
VIB,2023-Q4,PE,6.9812717748
VIB,2023-Q3,PE,6.0018846541
VIB,2023-Q2,PE,5.5443837974
VIB,2023-Q1,PE,5.772929156
VIB,2022-Q4,PE,5.1658114065
VIB,2022-Q3,PE,5.5206208614
VIB,2022-Q2,PE,5.6887744772
VIB,2022-Q1,PE,7.5122704978
VIB,2021-Q4,PE,10.0316192382
VIB,2021-Q3,PE,11.8410566023
VIB,2021-Q1,PE,14.6204119762
VIB,2020-Q4,PE,13.0956663006
VIB,2020-Q3,PE,9.1080981078
VIB,2020-Q2,PE,8.3521689341
VIB,2020-Q1,PE,5.1957877959
VIB,2019-Q4,PE,4.2397969301
VIB,2019-Q3,PE,5.0097999806
VIB,2019-Q2,PE,5.9902457908
VIB,2019-Q1,PE,5.6456248765
VIB,2018-Q4,PE,6.7946987686
VIB,2018-Q3,PE,6.7369145928
VIB,2018-Q2,PE,8.6097537634
VIB,2018-Q1,PE,10.8404066634
VIB,2026-Q2,TotalAssets,580998048000000.0
VIB,2026-Q1,TotalAssets,564145938000000.0
VIB,2025-Q4,TotalAssets,556098441000000.0
VIB,2025-Q3,TotalAssets,543559670000000.0
VIB,2025-Q2,TotalAssets,530909024000000.0
VIB,2025-Q1,TotalAssets,495727377000000.0
VIB,2024-Q4,TotalAssets,493158370000000.0
VIB,2024-Q3,TotalAssets,445377594000000.0
VIB,2024-Q2,TotalAssets,430962080000000.0
VIB,2024-Q1,TotalAssets,413887815000000.0
VIB,2023-Q4,TotalAssets,409880584000000.0
VIB,2023-Q3,TotalAssets,384419101000000.0
VIB,2023-Q2,TotalAssets,378662835000000.0
VIB,2023-Q1,TotalAssets,357247165000000.0
VIB,2022-Q4,TotalAssets,343069186000000.0
VIB,2022-Q3,TotalAssets,340910343000000.0
VIB,2022-Q2,TotalAssets,348022816000000.0
VIB,2022-Q1,TotalAssets,333850243000000.0
VIB,2021-Q4,TotalAssets,309517129000000.0
VIB,2021-Q3,TotalAssets,285035255000000.0
VIB,2021-Q2,TotalAssets,277200433000000.0
VIB,2021-Q1,TotalAssets,257866042000000.0
VIB,2020-Q4,TotalAssets,244701478000000.0
VIB,2020-Q3,TotalAssets,213086346000000.0
VIB,2020-Q2,TotalAssets,202369814000000.0
VIB,2020-Q1,TotalAssets,193314367000000.0
VIB,2019-Q4,TotalAssets,184570119000000.0
VIB,2019-Q3,TotalAssets,175657834000000.0
VIB,2019-Q2,TotalAssets,163856431000000.0
VIB,2019-Q1,TotalAssets,144836310000000.0
VIB,2018-Q4,TotalAssets,139000254000000.0
VIB,2018-Q3,TotalAssets,132506950000000.0
VIB,2018-Q2,TotalAssets,127237947000000.0
VIB,2018-Q1,TotalAssets,136025737000000.0
VIB,2026-Q2,GrossLoans,397083447000000.0
VIB,2026-Q1,GrossLoans,386257317000000.0
VIB,2025-Q4,GrossLoans,381972016000000.0
VIB,2025-Q3,GrossLoans,372736056000000.0
VIB,2025-Q2,GrossLoans,356066140000000.0
VIB,2025-Q1,GrossLoans,334158207000000.0
VIB,2024-Q4,GrossLoans,324009713000000.0
VIB,2024-Q3,GrossLoans,297549717000000.0
VIB,2024-Q2,GrossLoans,278906037000000.0
VIB,2024-Q1,GrossLoans,267708603000000.0
VIB,2023-Q4,GrossLoans,266345545000000.0
VIB,2023-Q3,GrossLoans,245630024000000.0
VIB,2023-Q2,GrossLoans,234678172000000.0
VIB,2023-Q1,GrossLoans,229177396000000.0
VIB,2022-Q4,GrossLoans,231944016000000.0
VIB,2022-Q3,GrossLoans,226152711000000.0
VIB,2022-Q2,GrossLoans,221719578000000.0
VIB,2022-Q1,GrossLoans,214119196000000.0
VIB,2021-Q4,GrossLoans,201516754000000.0
VIB,2021-Q3,GrossLoans,187859178000000.0
VIB,2021-Q2,GrossLoans,182945434000000.0
VIB,2021-Q1,GrossLoans,177506741000000.0
VIB,2020-Q4,GrossLoans,169520235000000.0
VIB,2020-Q3,GrossLoans,148995728000000.0
VIB,2020-Q2,GrossLoans,137902967000000.0
VIB,2020-Q1,GrossLoans,134863315000000.0
VIB,2019-Q4,GrossLoans,129199806000000.0
VIB,2019-Q3,GrossLoans,123223074000000.0
VIB,2019-Q2,GrossLoans,114484252000000.0
VIB,2019-Q1,GrossLoans,101904151000000.0
VIB,2018-Q4,GrossLoans,96138734000000.0
VIB,2018-Q3,GrossLoans,90747929000000.0
VIB,2018-Q2,GrossLoans,87282734000000.0
VIB,2018-Q1,GrossLoans,84266991000000.0
VIB,2026-Q2,CustomerDeposits,317451548000000.0
VIB,2026-Q1,CustomerDeposits,316373838000000.0
VIB,2025-Q4,CustomerDeposits,294577661000000.0
VIB,2025-Q3,CustomerDeposits,307929159000000.0
VIB,2025-Q2,CustomerDeposits,304392951000000.0
VIB,2025-Q1,CustomerDeposits,282298036000000.0
VIB,2024-Q4,CustomerDeposits,276308322000000.0
VIB,2024-Q3,CustomerDeposits,255632643000000.0
VIB,2024-Q2,CustomerDeposits,247629776000000.0
VIB,2024-Q1,CustomerDeposits,234210794000000.0
VIB,2023-Q4,CustomerDeposits,236577266000000.0
VIB,2023-Q3,CustomerDeposits,213533762000000.0
VIB,2023-Q2,CustomerDeposits,205302772000000.0
VIB,2023-Q1,CustomerDeposits,199267040000000.0
VIB,2022-Q4,CustomerDeposits,200123940000000.0
VIB,2022-Q3,CustomerDeposits,189033408000000.0
VIB,2022-Q2,CustomerDeposits,197169492000000.0
VIB,2022-Q1,CustomerDeposits,183802071000000.0
VIB,2021-Q4,CustomerDeposits,173564890000000.0
VIB,2021-Q3,CustomerDeposits,170590963000000.0
VIB,2021-Q2,CustomerDeposits,168109367000000.0
VIB,2021-Q1,CustomerDeposits,156867117000000.0
VIB,2020-Q4,CustomerDeposits,150360495000000.0
VIB,2020-Q3,CustomerDeposits,138030636000000.0
VIB,2020-Q2,CustomerDeposits,127953459000000.0
VIB,2020-Q1,CustomerDeposits,123195235000000.0
VIB,2019-Q4,CustomerDeposits,122357044000000.0
VIB,2019-Q3,CustomerDeposits,113716543000000.0
VIB,2019-Q2,CustomerDeposits,99158301000000.0
VIB,2019-Q1,CustomerDeposits,88668128000000.0
VIB,2018-Q4,CustomerDeposits,84862631000000.0
VIB,2018-Q3,CustomerDeposits,79574941000000.0
VIB,2018-Q2,CustomerDeposits,75331152000000.0
VIB,2018-Q1,CustomerDeposits,74256655000000.0
VIB,2026-Q2,Equity,47837834000000.0
VIB,2026-Q1,Equity,49144071000000.0
VIB,2025-Q4,Equity,46904739000000.0
VIB,2025-Q3,Equity,45259765000000.0
VIB,2025-Q2,Equity,43627741000000.0
VIB,2025-Q1,Equity,43643267000000.0
VIB,2024-Q4,Equity,41861809000000.0
VIB,2024-Q3,Equity,39942085000000.0
VIB,2024-Q2,Equity,38350429000000.0
VIB,2024-Q1,Equity,38415725000000.0
VIB,2023-Q4,Equity,37938955000000.0
VIB,2023-Q3,Equity,36039756000000.0
VIB,2023-Q2,Equity,33909846000000.0
VIB,2023-Q1,Equity,32570416000000.0
VIB,2022-Q4,Equity,32651045000000.0
VIB,2022-Q3,Equity,30477741000000.0
VIB,2022-Q2,Equity,28249674000000.0
VIB,2022-Q1,Equity,26011471000000.0
VIB,2021-Q4,Equity,24290740000000.0
VIB,2021-Q3,Equity,22158569000000.0
VIB,2021-Q2,Equity,21048340000000.0
VIB,2021-Q1,Equity,19325737000000.0
VIB,2020-Q4,Equity,17972092000000.0
VIB,2020-Q3,Equity,16551900000000.0
VIB,2020-Q2,Equity,15215596000000.0
VIB,2020-Q1,Equity,14284804000000.0
VIB,2019-Q4,Equity,13431300000000.0
VIB,2019-Q3,Equity,12498466000000.0
VIB,2019-Q2,Equity,11621222000000.0
VIB,2019-Q1,Equity,11253421000000.0
VIB,2018-Q4,Equity,10667072000000.0
VIB,2018-Q3,Equity,10119049000000.0
VIB,2018-Q2,Equity,9663067000000.0
VIB,2018-Q1,Equity,9157345000000.0
VIB,2026-Q2,NPAT,1905424000000.0
VIB,2026-Q1,NPAT,2241191000000.0
VIB,2025-Q4,NPAT,1647984000000.0
VIB,2025-Q3,NPAT,1624513000000.0
VIB,2025-Q2,NPAT,2076469000000.0
VIB,2025-Q1,NPAT,1936464000000.0
VIB,2024-Q4,NPAT,1921192000000.0
VIB,2024-Q3,NPAT,1599173000000.0
VIB,2024-Q2,NPAT,1682962000000.0
VIB,2024-Q1,NPAT,2001143000000.0
VIB,2023-Q4,NPAT,1902006000000.0
VIB,2023-Q3,NPAT,2146903000000.0
VIB,2023-Q2,NPAT,2358400000000.0
VIB,2023-Q1,NPAT,2155111000000.0
VIB,2022-Q4,NPAT,2216919000000.0
VIB,2022-Q3,NPAT,2233407000000.0
VIB,2022-Q2,NPAT,2195308000000.0
VIB,2022-Q1,NPAT,1823136000000.0
VIB,2021-Q4,NPAT,2137704000000.0
VIB,2021-Q3,NPAT,1108053000000.0
VIB,2021-Q2,NPAT,1717783000000.0
VIB,2021-Q1,NPAT,1446212000000.0
VIB,2020-Q4,NPAT,1420557000000.0
VIB,2020-Q3,NPAT,1334884000000.0
VIB,2020-Q2,NPAT,1024923000000.0
VIB,2020-Q1,NPAT,860249000000.0
VIB,2019-Q4,NPAT,933409000000.0
VIB,2019-Q3,NPAT,876028000000.0
VIB,2019-Q2,NPAT,808370000000.0
VIB,2019-Q1,NPAT,647785000000.0
VIB,2018-Q4,NPAT,816853000000.0
VIB,2018-Q3,NPAT,455982000000.0
VIB,2018-Q2,NPAT,506026000000.0
VIB,2018-Q1,NPAT,414488000000.0
VIB,2026-Q2,NetInterestIncome,4367969000000.0
VIB,2026-Q1,NetInterestIncome,4038566000000.0
VIB,2025-Q4,NetInterestIncome,4213631000000.0
VIB,2025-Q3,NetInterestIncome,4172726000000.0
VIB,2025-Q2,NetInterestIncome,3968694000000.0
VIB,2025-Q1,NetInterestIncome,3737109000000.0
VIB,2024-Q4,NetInterestIncome,3916365000000.0
VIB,2024-Q3,NetInterestIncome,4159340000000.0
VIB,2024-Q2,NetInterestIncome,4316913000000.0
VIB,2024-Q1,NetInterestIncome,4357794000000.0
VIB,2023-Q4,NetInterestIncome,4333289000000.0
VIB,2023-Q3,NetInterestIncome,4673187000000.0
VIB,2023-Q2,NetInterestIncome,4401862000000.0
VIB,2023-Q1,NetInterestIncome,4304106000000.0
VIB,2022-Q4,NetInterestIncome,3911041000000.0
VIB,2022-Q3,NetInterestIncome,3836028000000.0
VIB,2022-Q2,NetInterestIncome,3699595000000.0
VIB,2022-Q1,NetInterestIncome,3515891000000.0
VIB,2021-Q4,NetInterestIncome,3399728000000.0
VIB,2021-Q3,NetInterestIncome,2678429000000.0
VIB,2021-Q2,NetInterestIncome,2959605000000.0
VIB,2021-Q1,NetInterestIncome,2778385000000.0
VIB,2020-Q4,NetInterestIncome,2561263000000.0
VIB,2020-Q3,NetInterestIncome,2233417000000.0
VIB,2020-Q2,NetInterestIncome,1901936000000.0
VIB,2020-Q1,NetInterestIncome,1799491000000.0
VIB,2019-Q4,NetInterestIncome,1674522000000.0
VIB,2019-Q3,NetInterestIncome,1618523000000.0
VIB,2019-Q2,NetInterestIncome,1532088000000.0
VIB,2019-Q1,NetInterestIncome,1385178000000.0
VIB,2018-Q4,NetInterestIncome,1298918000000.0
VIB,2018-Q3,NetInterestIncome,1273502000000.0
VIB,2018-Q2,NetInterestIncome,1203862000000.0
VIB,2018-Q1,NetInterestIncome,1052535000000.0
VIB,2026-Q2,OperatingIncome,5367740000000.0
VIB,2026-Q1,OperatingIncome,5860336000000.0
VIB,2025-Q4,OperatingIncome,5281636000000.0
VIB,2025-Q3,OperatingIncome,5007032000000.0
VIB,2025-Q2,OperatingIncome,5116818000000.0
VIB,2025-Q1,OperatingIncome,4601155000000.0
VIB,2024-Q4,OperatingIncome,5275372000000.0
VIB,2024-Q3,OperatingIncome,4935980000000.0
VIB,2024-Q2,OperatingIncome,5039190000000.0
VIB,2024-Q1,OperatingIncome,5318510000000.0
VIB,2023-Q4,OperatingIncome,5842493000000.0
VIB,2023-Q3,OperatingIncome,6024496000000.0
VIB,2023-Q2,OperatingIncome,5363904000000.0
VIB,2023-Q1,OperatingIncome,4929597000000.0
VIB,2022-Q4,OperatingIncome,4686603000000.0
VIB,2022-Q3,OperatingIncome,4626517000000.0
VIB,2022-Q2,OperatingIncome,4608602000000.0
VIB,2022-Q1,OperatingIncome,4136116000000.0
VIB,2021-Q4,OperatingIncome,4502211000000.0
VIB,2021-Q3,OperatingIncome,3080219000000.0
VIB,2021-Q2,OperatingIncome,3806874000000.0
VIB,2021-Q1,OperatingIncome,3501600000000.0
VIB,2020-Q4,OperatingIncome,3369625000000.0
VIB,2020-Q3,OperatingIncome,3031242000000.0
VIB,2020-Q2,OperatingIncome,2554285000000.0
VIB,2020-Q1,OperatingIncome,2260362000000.0
VIB,2019-Q4,OperatingIncome,2244696000000.0
VIB,2019-Q3,OperatingIncome,2207349000000.0
VIB,2019-Q2,OperatingIncome,1948430000000.0
VIB,2019-Q1,OperatingIncome,1713933000000.0
VIB,2018-Q4,OperatingIncome,1866164000000.0
VIB,2018-Q3,OperatingIncome,1486832000000.0
VIB,2018-Q2,OperatingIncome,1448625000000.0
VIB,2018-Q1,OperatingIncome,1250967000000.0
SHB,2026-Q2,ROE,0.1724490572
SHB,2026-Q1,ROE,0.1813412375
SHB,2025-Q4,ROE,0.1895476675
SHB,2025-Q3,ROE,0.1904894496
SHB,2025-Q2,ROE,0.1839488044
SHB,2025-Q1,ROE,0.1661104206
SHB,2024-Q4,ROE,0.1723643549
SHB,2024-Q3,ROE,0.1454292365
SHB,2024-Q2,ROE,0.1558791297
SHB,2024-Q1,ROE,0.1558162728
SHB,2023-Q4,ROE,0.157517018
SHB,2023-Q3,ROE,0.1587424331
SHB,2023-Q2,ROE,0.177093934
SHB,2023-Q1,ROE,0.1874871368
SHB,2022-Q4,ROE,0.1970754398
SHB,2022-Q3,ROE,0.2097654626
SHB,2022-Q2,ROE,0.1990118069
SHB,2022-Q1,ROE,0.168116125
SHB,2021-Q4,ROE,0.178072176
SHB,2021-Q3,ROE,0.178072176
SHB,2021-Q1,ROE,0.1424021273851394
SHB,2020-Q4,ROE,0.1225570069
SHB,2020-Q3,ROE,0.1293080259
SHB,2020-Q2,ROE,0.1285840071
SHB,2020-Q1,ROE,0.1381302688
SHB,2019-Q4,ROE,0.1387997552
SHB,2019-Q3,ROE,0.1364912701
SHB,2019-Q2,ROE,0.1241107148
SHB,2019-Q1,ROE,0.1091593378
SHB,2018-Q4,ROE,0.1078089459
SHB,2018-Q3,ROE,0.1019390984
SHB,2018-Q2,ROE,0.1165401665
SHB,2018-Q1,ROE,0.118407263
SHB,2026-Q2,ROA,0.0133080516
SHB,2026-Q1,ROA,0.0139260205
SHB,2025-Q4,ROA,0.0145902915
SHB,2025-Q3,ROA,0.0147206543
SHB,2025-Q2,ROA,0.0143768137
SHB,2025-Q1,ROA,0.0133159435
SHB,2024-Q4,ROA,0.0135298878
SHB,2024-Q3,ROA,0.012021631
SHB,2024-Q2,ROA,0.0129746419
SHB,2024-Q1,ROA,0.0128236945
SHB,2023-Q4,ROA,0.0124896894
SHB,2023-Q3,ROA,0.012803217
SHB,2023-Q2,ROA,0.0141395935
SHB,2023-Q1,ROA,0.0147404772
SHB,2022-Q4,ROA,0.0146172222
SHB,2022-Q3,ROA,0.015757631
SHB,2022-Q2,ROA,0.0140771217
SHB,2022-Q1,ROA,0.0108936116
SHB,2021-Q4,ROA,0.0106800896
SHB,2021-Q3,ROA,0.0106800896
SHB,2021-Q1,ROA,0.0084767881780862
SHB,2020-Q4,ROA,0.0067023997
SHB,2020-Q3,ROA,0.0071611973
SHB,2020-Q2,ROA,0.0068438211
SHB,2020-Q1,ROA,0.0070843699
SHB,2019-Q4,ROA,0.0070233363
SHB,2019-Q3,ROA,0.0069716314
SHB,2019-Q2,ROA,0.0064148186
SHB,2019-Q1,ROA,0.0056489472
SHB,2018-Q4,ROA,0.0054894377
SHB,2018-Q3,ROA,0.0053789228
SHB,2018-Q2,ROA,0.0060663399
SHB,2018-Q1,ROA,0.0062890724
SHB,2026-Q2,NIM,0.0213857423
SHB,2026-Q1,NIM,0.0250249124
SHB,2025-Q4,NIM,0.0267447208
SHB,2025-Q3,NIM,0.0376820221
SHB,2025-Q2,NIM,0.036614038
SHB,2025-Q1,NIM,0.0317616575
SHB,2024-Q4,NIM,0.0330226598
SHB,2024-Q3,NIM,0.029897024
SHB,2024-Q2,NIM,0.0331254622
SHB,2024-Q1,NIM,0.0337294257
SHB,2023-Q4,NIM,0.0355299467
SHB,2023-Q3,NIM,0.0353685591
SHB,2023-Q2,NIM,0.0375516
SHB,2023-Q1,NIM,0.0390350775
SHB,2022-Q4,NIM,0.0364583451
SHB,2022-Q3,NIM,0.0382192098
SHB,2022-Q2,NIM,0.0373747028
SHB,2022-Q1,NIM,0.0367946308
SHB,2021-Q4,NIM,0.0354433404
SHB,2021-Q3,NIM,0.0354433404
SHB,2021-Q1,NIM,0.0282930806279182
SHB,2020-Q4,NIM,0.0279426164
SHB,2020-Q3,NIM,0.0264067725
SHB,2020-Q2,NIM,0.0264006087
SHB,2020-Q1,NIM,0.0250080665
SHB,2019-Q4,NIM,0.024886876
SHB,2019-Q3,NIM,0.0242301617
SHB,2019-Q2,NIM,0.0216653937
SHB,2019-Q1,NIM,0.0202057175
SHB,2018-Q4,NIM,0.0200068644
SHB,2018-Q3,NIM,0.0207321682
SHB,2018-Q2,NIM,0.0195346141
SHB,2018-Q1,NIM,0.019576201
SHB,2026-Q2,NPL,0.0207274873
SHB,2026-Q1,NPL,0.0259814858
SHB,2025-Q4,NPL,0.0237076831
SHB,2025-Q3,NPL,0.0305770229
SHB,2025-Q2,NPL,0.0279902294
SHB,2025-Q1,NPL,0.028722205
SHB,2024-Q4,NPL,0.0289733903
SHB,2024-Q3,NPL,0.0309441913
SHB,2024-Q2,NPL,0.0301531681
SHB,2024-Q1,NPL,0.0301938599
SHB,2023-Q4,NPL,0.0301945304
SHB,2023-Q3,NPL,0.0320639828
SHB,2023-Q2,NPL,0.0301784976
SHB,2023-Q1,NPL,0.0283135415
SHB,2022-Q4,NPL,0.0281432086
SHB,2022-Q3,NPL,0.0233162997
SHB,2022-Q2,NPL,0.025534365
SHB,2022-Q1,NPL,0.0168661342
SHB,2021-Q4,NPL,0.022207782
SHB,2021-Q3,NPL,0.022207782
SHB,2021-Q1,NPL,0.0188775211572647
SHB,2020-Q4,NPL,0.0183183951
SHB,2020-Q3,NPL,0.0246691853
SHB,2020-Q2,NPL,0.0245298794
SHB,2020-Q1,NPL,0.0217481761
SHB,2019-Q4,NPL,0.0190666618
SHB,2019-Q3,NPL,0.0285906072
SHB,2019-Q2,NPL,0.0292342064
SHB,2019-Q1,NPL,0.0240049494
SHB,2018-Q4,NPL,0.0239588544
SHB,2018-Q3,NPL,0.0275189704
SHB,2018-Q2,NPL,0.0269967145
SHB,2018-Q1,NPL,0.0229146716
SHB,2024-Q2,CAR,0.1261
SHB,2023-Q2,CAR,0.1225
SHB,2022-Q2,CAR,0.1149
SHB,2020-Q2,CAR,0.1001
SHB,2026-Q2,CIR,0.1501498764
SHB,2026-Q1,CIR,0.1717461475
SHB,2025-Q4,CIR,0.2212982813
SHB,2025-Q3,CIR,0.2541338425
SHB,2025-Q2,CIR,0.1567472009
SHB,2025-Q1,CIR,0.1750814452
SHB,2024-Q4,CIR,0.2443647651
SHB,2024-Q3,CIR,0.3014017436
SHB,2024-Q2,CIR,0.2731912649
SHB,2024-Q1,CIR,0.1908698964
SHB,2023-Q4,CIR,0.2368456945
SHB,2023-Q3,CIR,0.3367491138
SHB,2023-Q2,CIR,0.2135716559
SHB,2023-Q1,CIR,0.1950086666
SHB,2022-Q4,CIR,0.2270615318
SHB,2022-Q3,CIR,0.2218198711
SHB,2022-Q2,CIR,0.2031233184
SHB,2022-Q1,CIR,0.242711212
SHB,2021-Q4,CIR,0.1956522859
SHB,2021-Q3,CIR,0.1956522859
SHB,2021-Q1,CIR,0.3486204743385315
SHB,2020-Q4,CIR,0.3521786069
SHB,2020-Q3,CIR,0.3661977088
SHB,2020-Q2,CIR,0.3268126428
SHB,2020-Q1,CIR,0.5786958742
SHB,2019-Q4,CIR,0.4208879378
SHB,2019-Q3,CIR,0.4196332113
SHB,2019-Q2,CIR,0.4316033303
SHB,2019-Q1,CIR,0.5180251744
SHB,2018-Q4,CIR,0.4780358469
SHB,2018-Q3,CIR,0.5460865911
SHB,2018-Q2,CIR,0.4906315412
SHB,2018-Q1,CIR,0.5236541722
SHB,2026-Q2,LDR,1.0566131403
SHB,2026-Q1,LDR,1.0465887863
SHB,2025-Q4,LDR,1.0746525192
SHB,2025-Q3,LDR,1.0761707685
SHB,2025-Q2,LDR,1.0584738015
SHB,2025-Q1,LDR,1.0713652487
SHB,2024-Q4,LDR,1.0401151381
SHB,2024-Q3,LDR,1.0194672738
SHB,2024-Q2,LDR,1.0042676303
SHB,2024-Q1,LDR,0.9850763853
SHB,2023-Q4,LDR,0.9798006485
SHB,2023-Q3,LDR,0.9838080534
SHB,2023-Q2,LDR,0.9951558855
SHB,2023-Q1,LDR,1.0435469882
SHB,2022-Q4,LDR,1.0662406379
SHB,2022-Q3,LDR,1.1038593102
SHB,2022-Q2,LDR,1.0968722666
SHB,2022-Q1,LDR,1.1076394787
SHB,2021-Q4,LDR,1.046766698
SHB,2021-Q3,LDR,1.046766698
SHB,2021-Q1,LDR,1.0333813428878784
SHB,2020-Q4,LDR,1.0067710959
SHB,2020-Q3,LDR,0.9854639763
SHB,2020-Q2,LDR,1.0285755929
SHB,2020-Q1,LDR,1.0747317281
SHB,2019-Q4,LDR,1.0228552861
SHB,2019-Q3,LDR,1.0265547064
SHB,2019-Q2,LDR,0.9817568166
SHB,2019-Q1,LDR,0.9702680668
SHB,2018-Q4,LDR,0.9634352696
SHB,2018-Q3,LDR,0.8980145915
SHB,2018-Q2,LDR,0.9486575271
SHB,2018-Q1,LDR,0.9714249255
SHB,2026-Q2,CASA,0.0813572597
SHB,2026-Q1,CASA,0.0701519297
SHB,2025-Q4,CASA,0.0838918532
SHB,2025-Q3,CASA,0.0699661368
SHB,2025-Q2,CASA,0.0729920286
SHB,2025-Q1,CASA,0.0702635375
SHB,2024-Q4,CASA,0.0781076252
SHB,2024-Q3,CASA,0.0711052021
SHB,2024-Q2,CASA,0.0946444147
SHB,2024-Q1,CASA,0.0776364032
SHB,2023-Q4,CASA,0.1005106875
SHB,2023-Q3,CASA,0.0727751692
SHB,2023-Q2,CASA,0.0647078342
SHB,2023-Q1,CASA,0.0636135019
SHB,2022-Q4,CASA,0.0763859285
SHB,2022-Q3,CASA,0.0802663548
SHB,2022-Q2,CASA,0.0822387639
SHB,2022-Q1,CASA,0.0967611876
SHB,2021-Q4,CASA,0.0954396598
SHB,2021-Q3,CASA,0.074682415
SHB,2021-Q1,CASA,0.0856320485
SHB,2020-Q4,CASA,0.0972674928
SHB,2020-Q3,CASA,0.071132974
SHB,2020-Q2,CASA,0.06921065
SHB,2020-Q1,CASA,0.0638635143
SHB,2019-Q4,CASA,0.0771992453
SHB,2019-Q3,CASA,0.0807730274
SHB,2019-Q2,CASA,0.0682239855
SHB,2019-Q1,CASA,0.0736164844
SHB,2018-Q4,CASA,0.089011612
SHB,2018-Q3,CASA,0.0866691331
SHB,2018-Q2,CASA,0.0807360605
SHB,2018-Q1,CASA,0.0866387924
SHB,2026-Q2,PB,0.7277817459
SHB,2026-Q1,PB,0.8367757348
SHB,2025-Q4,PB,1.0533926008
SHB,2025-Q3,PB,1.166566115
SHB,2025-Q2,PB,1.3069289606
SHB,2025-Q1,PB,0.9357469423
SHB,2024-Q4,PB,0.8331099957
SHB,2024-Q3,PB,0.6634915789
SHB,2024-Q2,PB,0.7051002302
SHB,2024-Q1,PB,0.809450967
SHB,2023-Q4,PB,0.8189686918
SHB,2023-Q3,PB,0.8988136991
SHB,2023-Q2,PB,0.8246621499
SHB,2023-Q1,PB,0.9204612788
SHB,2022-Q4,PB,0.8470588314
SHB,2022-Q3,PB,0.7758903289
SHB,2022-Q2,PB,0.6880297059
SHB,2022-Q1,PB,1.0295505702
SHB,2021-Q4,PB,1.2159112873
SHB,2021-Q3,PB,1.5510592132
SHB,2021-Q1,PB,1.7817810396
SHB,2020-Q4,PB,2.017339147
SHB,2020-Q3,PB,0.9925012299
SHB,2020-Q2,PB,1.16115053
SHB,2020-Q1,PB,1.0876959267
SHB,2019-Q4,PB,1.5080342188
SHB,2019-Q3,PB,0.5221524113
SHB,2019-Q2,PB,0.4558388753
SHB,2019-Q1,PB,0.4652920069
SHB,2018-Q4,PB,0.5524801317
SHB,2018-Q3,PB,0.5395827728
SHB,2018-Q2,PB,0.5886050741
SHB,2018-Q1,PB,0.6571407673
SHB,2026-Q2,PE,4.5024779778
SHB,2026-Q1,PE,4.9520158292
SHB,2025-Q4,PE,5.9351420318
SHB,2025-Q3,PE,6.4813373399
SHB,2025-Q2,PE,7.5378253655
SHB,2025-Q1,PE,5.9877891909
SHB,2024-Q4,PE,5.1768528735
SHB,2024-Q3,PE,4.7069488261
SHB,2024-Q2,PE,4.8211206203
SHB,2024-Q1,PE,5.5184294007
SHB,2023-Q4,PE,5.5957683539
SHB,2023-Q3,PE,6.0405559736
SHB,2023-Q2,PE,4.9697594258
SHB,2023-Q1,PE,5.2686359009
SHB,2022-Q4,PE,4.7028771806
SHB,2022-Q3,PE,3.946675353
SHB,2022-Q2,PE,3.6045670927
SHB,2022-Q1,PE,5.4759384066
SHB,2021-Q4,PE,7.1277354637
SHB,2021-Q3,PE,9.8259291035
SHB,2021-Q1,PE,13.2809315738
SHB,2020-Q4,PE,18.6048058352
SHB,2020-Q3,PE,7.9313739262
SHB,2020-Q2,PE,9.105100914
SHB,2020-Q1,PE,7.2882593681
SHB,2019-Q4,PE,7.914957252
SHB,2019-Q3,PE,4.0242893325
SHB,2019-Q2,PE,3.8158634563
SHB,2019-Q1,PE,4.4639439658
SHB,2018-Q4,PE,5.3979657888
SHB,2018-Q3,PE,5.0566805447
SHB,2018-Q2,PE,5.3228627711
SHB,2018-Q1,PE,5.8888823877
SHB,2026-Q2,TotalAssets,962666652000000.0
SHB,2026-Q1,TotalAssets,930982542000000.0
SHB,2025-Q4,TotalAssets,892008709000000.0
SHB,2025-Q3,TotalAssets,852622538000000.0
SHB,2025-Q2,TotalAssets,825718979000000.0
SHB,2025-Q1,TotalAssets,790742321000000.0
SHB,2024-Q4,TotalAssets,747478069000000.0
SHB,2024-Q3,TotalAssets,688387029000000.0
SHB,2024-Q2,TotalAssets,659861729000000.0
SHB,2024-Q1,TotalAssets,621144113000000.0
SHB,2023-Q4,TotalAssets,630424751000000.0
SHB,2023-Q3,TotalAssets,595697716000000.0
SHB,2023-Q2,TotalAssets,585269850000000.0
SHB,2023-Q1,TotalAssets,570193860000000.0
SHB,2022-Q4,TotalAssets,551351129000000.0
SHB,2022-Q3,TotalAssets,528560025000000.0
SHB,2022-Q2,TotalAssets,522180698000000.0
SHB,2022-Q1,TotalAssets,515553313000000.0
SHB,2021-Q4,TotalAssets,506556379000000.0
SHB,2021-Q3,TotalAssets,464595281000000.0
SHB,2021-Q2,TotalAssets,458877474000000.0
SHB,2021-Q1,TotalAssets,418407609000000.0
SHB,2020-Q4,TotalAssets,412918017000000.0
SHB,2020-Q3,TotalAssets,401926236000000.0
SHB,2020-Q2,TotalAssets,391362083000000.0
SHB,2020-Q1,TotalAssets,368981764000000.0
SHB,2019-Q4,TotalAssets,365643130000000.0
SHB,2019-Q3,TotalAssets,357238825000000.0
SHB,2019-Q2,TotalAssets,341946780000000.0
SHB,2019-Q1,TotalAssets,333105683000000.0
SHB,2018-Q4,TotalAssets,323338621000000.0
SHB,2018-Q3,TotalAssets,299697687000000.0
SHB,2018-Q2,TotalAssets,303929985000000.0
SHB,2018-Q1,TotalAssets,286904619000000.0
SHB,2026-Q2,GrossLoans,659610969000000.0
SHB,2026-Q1,GrossLoans,628157186000000.0
SHB,2025-Q4,GrossLoans,614861980000000.0
SHB,2025-Q3,GrossLoans,607852473000000.0
SHB,2025-Q2,GrossLoans,594564116000000.0
SHB,2025-Q1,GrossLoans,567948143000000.0
SHB,2024-Q4,GrossLoans,519949991000000.0
SHB,2024-Q3,GrossLoans,480983938000000.0
SHB,2024-Q2,GrossLoans,461255744000000.0
SHB,2024-Q1,GrossLoans,437666533000000.0
SHB,2023-Q4,GrossLoans,438464147000000.0
SHB,2023-Q3,GrossLoans,420528170000000.0
SHB,2023-Q2,GrossLoans,407634077000000.0
SHB,2023-Q1,GrossLoans,408529502000000.0
SHB,2022-Q4,GrossLoans,385633214000000.0
SHB,2022-Q3,GrossLoans,376104147000000.0
SHB,2022-Q2,GrossLoans,372674903000000.0
SHB,2022-Q1,GrossLoans,371787343000000.0
SHB,2021-Q4,GrossLoans,362416125000000.0
SHB,2021-Q3,GrossLoans,339406294000000.0
SHB,2021-Q2,GrossLoans,331490641000000.0
SHB,2021-Q1,GrossLoans,310690643000000.0
SHB,2020-Q4,GrossLoans,305637310000000.0
SHB,2020-Q3,GrossLoans,292207015000000.0
SHB,2020-Q2,GrossLoans,287378706000000.0
SHB,2020-Q1,GrossLoans,282159983000000.0
SHB,2019-Q4,GrossLoans,265204149000000.0
SHB,2019-Q3,GrossLoans,252778332000000.0
SHB,2019-Q2,GrossLoans,240006481000000.0
SHB,2019-Q1,GrossLoans,226014390000000.0
SHB,2018-Q4,GrossLoans,216988882000000.0
SHB,2018-Q3,GrossLoans,197029864000000.0
SHB,2018-Q2,GrossLoans,208360280000000.0
SHB,2018-Q1,GrossLoans,202487737000000.0
SHB,2026-Q2,CustomerDeposits,624269133000000.0
SHB,2026-Q1,CustomerDeposits,600194837000000.0
SHB,2025-Q4,CustomerDeposits,572149573000000.0
SHB,2025-Q3,CustomerDeposits,564829013000000.0
SHB,2025-Q2,CustomerDeposits,561718311000000.0
SHB,2025-Q1,CustomerDeposits,530116264000000.0
SHB,2024-Q4,CustomerDeposits,499896571000000.0
SHB,2024-Q3,CustomerDeposits,471799292000000.0
SHB,2024-Q2,CustomerDeposits,459295640000000.0
SHB,2024-Q1,CustomerDeposits,444297051000000.0
SHB,2023-Q4,CustomerDeposits,447503426000000.0
SHB,2023-Q3,CustomerDeposits,427449408000000.0
SHB,2023-Q2,CustomerDeposits,409618315000000.0
SHB,2023-Q1,CustomerDeposits,391481655000000.0
SHB,2022-Q4,CustomerDeposits,361841278000000.0
SHB,2022-Q3,CustomerDeposits,340717466000000.0
SHB,2022-Q2,CustomerDeposits,339761442000000.0
SHB,2022-Q1,CustomerDeposits,333638681000000.0
SHB,2021-Q4,CustomerDeposits,327318099000000.0
SHB,2021-Q3,CustomerDeposits,324242541000000.0
SHB,2021-Q2,CustomerDeposits,310864930000000.0
SHB,2021-Q1,CustomerDeposits,300654398000000.0
SHB,2020-Q4,CustomerDeposits,303631883000000.0
SHB,2020-Q3,CustomerDeposits,296517196000000.0
SHB,2020-Q2,CustomerDeposits,279394833000000.0
SHB,2020-Q1,CustomerDeposits,262539921000000.0
SHB,2019-Q4,CustomerDeposits,259351020000000.0
SHB,2019-Q3,CustomerDeposits,246239514000000.0
SHB,2019-Q2,CustomerDeposits,244466325000000.0
SHB,2019-Q1,CustomerDeposits,232940151000000.0
SHB,2018-Q4,CustomerDeposits,225225592000000.0
SHB,2018-Q3,CustomerDeposits,219406083000000.0
SHB,2018-Q2,CustomerDeposits,219636986000000.0
SHB,2018-Q1,CustomerDeposits,208444041000000.0
SHB,2026-Q2,Equity,75154038000000.0
SHB,2026-Q1,Equity,71723200000000.0
SHB,2025-Q4,Equity,68130938000000.0
SHB,2025-Q3,Equity,65761257000000.0
SHB,2025-Q2,Equity,63267914000000.0
SHB,2025-Q1,Equity,61473136000000.0
SHB,2024-Q4,Equity,58067344000000.0
SHB,2024-Q3,Equity,55751069000000.0
SHB,2024-Q2,Equity,56097065000000.0
SHB,2024-Q1,Equity,53180974000000.0
SHB,2023-Q4,Equity,49879866000000.0
SHB,2023-Q3,Equity,49523604000000.0
SHB,2023-Q2,Equity,47613542000000.0
SHB,2023-Q1,Equity,45813656000000.0
SHB,2022-Q4,Equity,42756116000000.0
SHB,2022-Q3,Equity,42294239000000.0
SHB,2022-Q2,Equity,39923855000000.0
SHB,2022-Q1,Equity,37818788000000.0
SHB,2021-Q4,Equity,35676130000000.0
SHB,2021-Q3,Equity,28679972000000.0
SHB,2021-Q2,Equity,26560648000000.0
SHB,2021-Q1,Equity,25612349000000.0
SHB,2020-Q4,Equity,24393143000000.0
SHB,2020-Q3,Equity,23876090000000.0
SHB,2020-Q2,Equity,22827004000000.0
SHB,2020-Q1,Equity,19204365000000.0
SHB,2019-Q4,Equity,18709779000000.0
SHB,2019-Q3,Equity,18202822000000.0
SHB,2019-Q2,Equity,17419733000000.0
SHB,2019-Q1,Equity,17065824000000.0
SHB,2018-Q4,Equity,16553793000000.0
SHB,2018-Q3,Equity,16054003000000.0
SHB,2018-Q2,Equity,15534544000000.0
SHB,2018-Q1,Equity,15202243000000.0
SHB,2026-Q2,NPAT,3561597000000.0
SHB,2026-Q1,NPAT,3725963000000.0
SHB,2025-Q4,NPAT,2210323000000.0
SHB,2025-Q3,NPAT,2606723000000.0
SHB,2025-Q2,NPAT,3646899000000.0
SHB,2025-Q1,NPAT,3496350000000.0
SHB,2024-Q4,NPAT,2087502000000.0
SHB,2024-Q3,NPAT,1739931000000.0
SHB,2024-Q2,NPAT,2285232000000.0
SHB,2024-Q1,NPAT,3209284000000.0
SHB,2023-Q4,NPAT,579065000000.0
SHB,2023-Q3,NPAT,2058692000000.0
SHB,2023-Q2,NPAT,1951485000000.0
SHB,2023-Q1,NPAT,2881168000000.0
SHB,2022-Q4,NPAT,478547000000.0
SHB,2022-Q3,NPAT,2590623000000.0
SHB,2022-Q2,NPAT,2054794000000.0
SHB,2022-Q1,NPAT,2581681000000.0
SHB,2021-Q4,NPAT,938705000000.0
SHB,2021-Q3,NPAT,1494652000000.0
SHB,2021-Q2,NPAT,1218181000000.0
SHB,2021-Q1,NPAT,1330095000000.0
SHB,2020-Q4,NPAT,642423000000.0
SHB,2020-Q3,NPAT,757337000000.0
SHB,2020-Q2,NPAT,713022000000.0
SHB,2020-Q1,NPAT,614374000000.0
SHB,2019-Q4,NPAT,650689000000.0
SHB,2019-Q3,NPAT,559648000000.0
SHB,2019-Q2,NPAT,714700000000.0
SHB,2019-Q1,NPAT,594366000000.0
SHB,2018-Q4,NPAT,494024000000.0
SHB,2018-Q3,NPAT,278661000000.0
SHB,2018-Q2,NPAT,412469000000.0
SHB,2018-Q1,NPAT,402285000000.0
SHB,2026-Q2,NetInterestIncome,6708726000000.0
SHB,2026-Q1,NetInterestIncome,5497241000000.0
SHB,2025-Q4,NetInterestIncome,187363000000.0
SHB,2025-Q3,NetInterestIncome,5323821000000.0
SHB,2025-Q2,NetInterestIncome,9160064000000.0
SHB,2025-Q1,NetInterestIncome,5543669000000.0
SHB,2024-Q4,NetInterestIncome,8388201000000.0
SHB,2024-Q3,NetInterestIncome,3261808000000.0
SHB,2024-Q2,NetInterestIncome,4412039000000.0
SHB,2024-Q1,NetInterestIncome,5170071000000.0
SHB,2023-Q4,NetInterestIncome,5356054000000.0
SHB,2023-Q3,NetInterestIncome,4421543000000.0
SHB,2023-Q2,NetInterestIncome,4107619000000.0
SHB,2023-Q1,NetInterestIncome,5843911000000.0
SHB,2022-Q4,NetInterestIncome,4292071000000.0
SHB,2022-Q3,NetInterestIncome,4820791000000.0
SHB,2022-Q2,NetInterestIncome,4193400000000.0
SHB,2022-Q1,NetInterestIncome,4222746000000.0
SHB,2021-Q4,NetInterestIncome,4774049000000.0
SHB,2021-Q3,NetInterestIncome,3965594000000.0
SHB,2021-Q2,NetInterestIncome,4666285000000.0
SHB,2021-Q1,NetInterestIncome,2225849000000.0
SHB,2020-Q4,NetInterestIncome,3312612000000.0
SHB,2020-Q3,NetInterestIncome,2530373000000.0
SHB,2020-Q2,NetInterestIncome,2438038000000.0
SHB,2020-Q1,NetInterestIncome,1684058000000.0
SHB,2019-Q4,NetInterestIncome,2481760000000.0
SHB,2019-Q3,NetInterestIncome,2254814000000.0
SHB,2019-Q2,NetInterestIncome,1717619000000.0
SHB,2019-Q1,NetInterestIncome,1352782000000.0
SHB,2018-Q4,NetInterestIncome,2192710000000.0
SHB,2018-Q3,NetInterestIncome,1174231000000.0
SHB,2018-Q2,NetInterestIncome,1087560000000.0
SHB,2018-Q1,NetInterestIncome,1073024000000.0
SHB,2026-Q2,OperatingIncome,9720674000000.0
SHB,2026-Q1,OperatingIncome,7471236000000.0
SHB,2025-Q4,OperatingIncome,6222683000000.0
SHB,2025-Q3,OperatingIncome,6406872000000.0
SHB,2025-Q2,OperatingIncome,10336931000000.0
SHB,2025-Q1,OperatingIncome,6051001000000.0
SHB,2024-Q4,OperatingIncome,9497783000000.0
SHB,2024-Q3,OperatingIncome,3851703000000.0
SHB,2024-Q2,OperatingIncome,4382911000000.0
SHB,2024-Q1,OperatingIncome,5839868000000.0
SHB,2023-Q4,OperatingIncome,5808241000000.0
SHB,2023-Q3,OperatingIncome,4591142000000.0
SHB,2023-Q2,OperatingIncome,5088119000000.0
SHB,2023-Q1,OperatingIncome,6203673000000.0
SHB,2022-Q4,OperatingIncome,4705012000000.0
SHB,2022-Q3,OperatingIncome,5317080000000.0
SHB,2022-Q2,OperatingIncome,4655177000000.0
SHB,2022-Q1,OperatingIncome,4693669000000.0
SHB,2021-Q4,OperatingIncome,5980358000000.0
SHB,2021-Q3,OperatingIncome,4660104000000.0
SHB,2021-Q2,OperatingIncome,4987963000000.0
SHB,2021-Q1,OperatingIncome,2554655000000.0
SHB,2020-Q4,OperatingIncome,4629556000000.0
SHB,2020-Q3,OperatingIncome,3161478000000.0
SHB,2020-Q2,OperatingIncome,2593437000000.0
SHB,2020-Q1,OperatingIncome,1850205000000.0
SHB,2019-Q4,OperatingIncome,3382854000000.0
SHB,2019-Q3,OperatingIncome,2438134000000.0
SHB,2019-Q2,OperatingIncome,1957800000000.0
SHB,2019-Q1,OperatingIncome,1542759000000.0
SHB,2018-Q4,OperatingIncome,2795583000000.0
SHB,2018-Q3,OperatingIncome,1275512000000.0
SHB,2018-Q2,OperatingIncome,1376854000000.0
SHB,2018-Q1,OperatingIncome,1194525000000.0
TPB,2026-Q2,ROE,0.165081313
TPB,2026-Q1,ROE,0.1713462161
TPB,2025-Q4,ROE,0.1769898173
TPB,2025-Q3,ROE,0.1684430144
TPB,2025-Q2,ROE,0.1689032079
TPB,2025-Q1,ROE,0.169000483
TPB,2024-Q4,ROE,0.1726431517
TPB,2024-Q3,ROE,0.1400707946
TPB,2024-Q2,ROE,0.140584694
TPB,2024-Q1,ROE,0.1385288717
TPB,2023-Q4,ROE,0.1373711837
TPB,2023-Q3,ROE,0.1698294781
TPB,2023-Q2,ROE,0.1862322356
TPB,2023-Q1,ROE,0.2031006698
TPB,2022-Q4,ROE,0.215049321
TPB,2022-Q3,ROE,0.2143673408
TPB,2022-Q2,ROE,0.2036623669
TPB,2022-Q1,ROE,0.2260244839
TPB,2021-Q4,ROE,0.2310486605
TPB,2021-Q3,ROE,0.2310486605
TPB,2021-Q1,ROE,0.2376344623
TPB,2020-Q4,ROE,0.2354324381
TPB,2020-Q3,ROE,0.2526033514
TPB,2020-Q2,ROE,0.2570059152
TPB,2020-Q1,ROE,0.2570254248
TPB,2019-Q4,ROE,0.2611237741
TPB,2019-Q3,ROE,0.2158166168
TPB,2019-Q2,ROE,0.2098692122
TPB,2019-Q1,ROE,0.1886685891
TPB,2018-Q4,ROE,0.2087173139
TPB,2018-Q3,ROE,0.1823519374
TPB,2018-Q2,ROE,0.1737498455
TPB,2026-Q2,ROA,0.0149146267
TPB,2026-Q1,ROA,0.0154288921
TPB,2025-Q4,ROA,0.0160228596
TPB,2025-Q3,ROA,0.0155035616
TPB,2025-Q2,ROA,0.0158004197
TPB,2025-Q1,ROA,0.0162065118
TPB,2024-Q4,ROA,0.0156755621
TPB,2024-Q3,ROA,0.0133267493
TPB,2024-Q2,ROA,0.0133725637
TPB,2024-Q1,ROA,0.0128904412
TPB,2023-Q4,ROA,0.0130265097
TPB,2023-Q3,ROA,0.0161431026
TPB,2023-Q2,ROA,0.0178178052
TPB,2023-Q1,ROA,0.019610509
TPB,2022-Q4,ROA,0.0201484667
TPB,2022-Q3,ROA,0.0198002098
TPB,2022-Q2,ROA,0.0187043626
TPB,2022-Q1,ROA,0.0193499332
TPB,2021-Q4,ROA,0.0199149294
TPB,2021-Q3,ROA,0.0199149294
TPB,2021-Q1,ROA,0.0192555763
TPB,2020-Q4,ROA,0.0189354518
TPB,2020-Q3,ROA,0.0200545195
TPB,2020-Q2,ROA,0.0202557241
TPB,2020-Q1,ROA,0.0201044416
TPB,2019-Q4,ROA,0.0205832162
TPB,2019-Q3,ROA,0.0169333009
TPB,2019-Q2,ROA,0.0166244883
TPB,2019-Q1,ROA,0.0149073337
TPB,2018-Q4,ROA,0.0138705404
TPB,2018-Q3,ROA,0.0123639765
TPB,2018-Q2,ROA,0.0107338994
TPB,2026-Q2,NIM,0.0289891823
TPB,2026-Q1,NIM,0.0294175917
TPB,2025-Q4,NIM,0.0302408785
TPB,2025-Q3,NIM,0.0314841818
TPB,2025-Q2,NIM,0.0327926884
TPB,2025-Q1,NIM,0.0347183455
TPB,2024-Q4,NIM,0.0351107271
TPB,2024-Q3,NIM,0.0404594514
TPB,2024-Q2,NIM,0.0413289423
TPB,2024-Q1,NIM,0.0404534401
TPB,2023-Q4,NIM,0.0392733957
TPB,2023-Q3,NIM,0.0358299249
TPB,2023-Q2,NIM,0.0359461121
TPB,2023-Q1,NIM,0.0379963995
TPB,2022-Q4,NIM,0.0398726422
TPB,2022-Q3,NIM,0.0407489205
TPB,2022-Q2,NIM,0.0412467948
TPB,2022-Q1,NIM,0.043213771
TPB,2021-Q4,NIM,0.0435094854
TPB,2021-Q3,NIM,0.0435094854
TPB,2021-Q1,NIM,0.0423393649
TPB,2020-Q4,NIM,0.0447657438
TPB,2020-Q3,NIM,0.0402303865
TPB,2020-Q2,NIM,0.0411376629
TPB,2020-Q1,NIM,0.0410992098
TPB,2019-Q4,NIM,0.0411759788
TPB,2019-Q3,NIM,0.0408308223
TPB,2019-Q2,NIM,0.0402024925
TPB,2019-Q1,NIM,0.0388128104
TPB,2018-Q4,NIM,0.0369495405
TPB,2018-Q3,NIM,0.0353182834
TPB,2018-Q2,NIM,0.0339502874
TPB,2026-Q2,NPL,0.0185673305
TPB,2026-Q1,NPL,0.0216614994
TPB,2025-Q4,NPL,0.0128770039
TPB,2025-Q3,NPL,0.0222603929
TPB,2025-Q2,NPL,0.0204909136
TPB,2025-Q1,NPL,0.0227481841
TPB,2024-Q4,NPL,0.0151928863
TPB,2024-Q3,NPL,0.0228751229
TPB,2024-Q2,NPL,0.020608472
TPB,2024-Q1,NPL,0.0223249886
TPB,2023-Q4,NPL,0.0204633352
TPB,2023-Q3,NPL,0.0297333723
TPB,2023-Q2,NPL,0.0220916396
TPB,2023-Q1,NPL,0.0144552099
TPB,2022-Q4,NPL,0.008431735
TPB,2022-Q3,NPL,0.0091281891
TPB,2022-Q2,NPL,0.0085082528
TPB,2022-Q1,NPL,0.0081912735
TPB,2021-Q4,NPL,0.0103576156
TPB,2021-Q3,NPL,0.0103576156
TPB,2021-Q1,NPL,0.0119265541
TPB,2020-Q4,NPL,0.0118379637
TPB,2020-Q3,NPL,0.0178600857
TPB,2020-Q2,NPL,0.0147074768
TPB,2020-Q1,NPL,0.0187445012
TPB,2019-Q4,NPL,0.0129128735
TPB,2019-Q3,NPL,0.0151290308
TPB,2019-Q2,NPL,0.0150153026
TPB,2019-Q1,NPL,0.0138657611
TPB,2018-Q4,NPL,0.011159323
TPB,2018-Q3,NPL,0.0123987058
TPB,2018-Q2,NPL,0.0116943337
TPB,2025-Q2,CAR,0.1372
TPB,2024-Q2,CAR,0.1317
TPB,2023-Q2,CAR,0.1111
TPB,2022-Q2,CAR,0.1244
TPB,2020-Q2,CAR,0.1124
TPB,2019-Q2,CAR,0.0909
TPB,2026-Q2,CIR,0.3933194256
TPB,2026-Q1,CIR,0.4585426389
TPB,2025-Q4,CIR,0.3460643883
TPB,2025-Q3,CIR,0.3787632081
TPB,2025-Q2,CIR,0.3799243023
TPB,2025-Q1,CIR,0.4202988175
TPB,2024-Q4,CIR,0.3480853787
TPB,2024-Q3,CIR,0.3570116317
TPB,2024-Q2,CIR,0.3264814485
TPB,2024-Q1,CIR,0.3576762579
TPB,2023-Q4,CIR,0.4127383935
TPB,2023-Q3,CIR,0.3192922766
TPB,2023-Q2,CIR,0.4928602956
TPB,2023-Q1,CIR,0.4315552111
TPB,2022-Q4,CIR,0.3806867548
TPB,2022-Q3,CIR,0.3449674594
TPB,2022-Q2,CIR,0.3854963059
TPB,2022-Q1,CIR,0.3381340565
TPB,2021-Q4,CIR,0.256147184
TPB,2021-Q3,CIR,0.256147184
TPB,2021-Q1,CIR,0.3520001458
TPB,2020-Q4,CIR,0.4047850801
TPB,2020-Q3,CIR,0.365534384
TPB,2020-Q2,CIR,0.4013420222
TPB,2020-Q1,CIR,0.451111541
TPB,2019-Q4,CIR,0.3900276794
TPB,2019-Q3,CIR,0.3713394775
TPB,2019-Q2,CIR,0.4140467437
TPB,2019-Q1,CIR,0.4712638854
TPB,2018-Q4,CIR,0.5059159736
TPB,2018-Q3,CIR,0.5249067348
TPB,2018-Q2,CIR,0.4394475603
TPB,2026-Q2,LDR,1.1721814197
TPB,2026-Q1,LDR,1.1835095319
TPB,2025-Q4,LDR,1.095919584
TPB,2025-Q3,LDR,1.1375973903
TPB,2025-Q2,LDR,1.1539637138
TPB,2025-Q1,LDR,1.1259576329
TPB,2024-Q4,LDR,1.0309942322
TPB,2024-Q3,LDR,1.0440399009
TPB,2024-Q2,LDR,1.0514054293
TPB,2024-Q1,LDR,1.0524145442
TPB,2023-Q4,LDR,0.9855975918
TPB,2023-Q3,LDR,0.9287381058
TPB,2023-Q2,LDR,0.889448845
TPB,2023-Q1,LDR,0.8594766286
TPB,2022-Q4,LDR,0.8257746627
TPB,2022-Q3,LDR,0.9600251863
TPB,2022-Q2,LDR,0.9663994613
TPB,2022-Q1,LDR,1.0119344225
TPB,2021-Q4,LDR,1.0113574614
TPB,2021-Q3,LDR,1.0113574614
TPB,2021-Q1,LDR,1.0362416565
TPB,2020-Q4,LDR,1.0352660971
TPB,2020-Q3,LDR,1.0151455553
TPB,2020-Q2,LDR,1.0437064493
TPB,2020-Q1,LDR,1.1206642447
TPB,2019-Q4,LDR,1.0346627272
TPB,2019-Q3,LDR,1.0859590759
TPB,2019-Q2,LDR,1.0999559089
TPB,2019-Q1,LDR,1.0874147446
TPB,2018-Q4,LDR,1.0137524646
TPB,2018-Q3,LDR,1.0519845884
TPB,2018-Q2,LDR,0.981379245
TPB,2026-Q2,CASA,0.2098033524
TPB,2026-Q1,CASA,0.1996551534
TPB,2025-Q4,CASA,0.2255000588
TPB,2025-Q3,CASA,0.189812476
TPB,2025-Q2,CASA,0.2249141921
TPB,2025-Q1,CASA,0.2028917093
TPB,2024-Q4,CASA,0.2221237443
TPB,2024-Q3,CASA,0.193097469
TPB,2024-Q2,CASA,0.2217577788
TPB,2024-Q1,CASA,0.2445121417
TPB,2023-Q4,CASA,0.2268000201
TPB,2023-Q3,CASA,0.1733390115
TPB,2023-Q2,CASA,0.1643578954
TPB,2023-Q1,CASA,0.1418081797
TPB,2022-Q4,CASA,0.1804571618
TPB,2022-Q3,CASA,0.173646544
TPB,2022-Q2,CASA,0.1812823812
TPB,2022-Q1,CASA,0.1878311462
TPB,2021-Q4,CASA,0.2328332282
TPB,2021-Q3,CASA,0.2155296698
TPB,2021-Q1,CASA,0.1809217866
TPB,2020-Q4,CASA,0.1937769434
TPB,2020-Q3,CASA,0.1693441573
TPB,2020-Q2,CASA,0.156263393
TPB,2020-Q1,CASA,0.1390774977
TPB,2019-Q4,CASA,0.1651973542
TPB,2019-Q3,CASA,0.1642328485
TPB,2019-Q2,CASA,0.1797975971
TPB,2019-Q1,CASA,0.1683297199
TPB,2018-Q4,CASA,0.1912680809
TPB,2018-Q3,CASA,0.1448923944
TPB,2018-Q2,CASA,0.1511199532
TPB,2026-Q2,PB,0.8779695861
TPB,2026-Q1,PB,0.9693896669
TPB,2025-Q4,PB,1.0753642028
TPB,2025-Q3,PB,1.2138536221
TPB,2025-Q2,PB,1.3268587776
TPB,2025-Q1,PB,0.99680056
TPB,2024-Q4,PB,0.8995240327
TPB,2024-Q3,PB,1.1568704257
TPB,2024-Q2,PB,1.2946798123
TPB,2024-Q1,PB,1.1558724836
TPB,2023-Q4,PB,1.2573887253
TPB,2023-Q3,PB,1.2611292264
TPB,2023-Q2,PB,1.2221066515
TPB,2023-Q1,PB,1.1870752659
TPB,2022-Q4,PB,1.1382694343
TPB,2022-Q3,PB,1.1564767588
TPB,2022-Q2,PB,1.1232780137
TPB,2022-Q1,PB,1.5395562861
TPB,2021-Q4,PB,2.2733831763
TPB,2021-Q3,PB,2.4851555267
TPB,2021-Q1,PB,2.092616043
TPB,2020-Q4,PB,1.7004908974
TPB,2020-Q3,PB,1.8644294968
TPB,2020-Q2,PB,1.4474192213
TPB,2020-Q1,PB,1.28704704
TPB,2019-Q4,PB,1.1429182043
TPB,2019-Q3,PB,1.4922334255
TPB,2019-Q2,PB,1.6631167951
TPB,2019-Q1,PB,1.6615287124
TPB,2018-Q4,PB,1.7697443122
TPB,2018-Q3,PB,1.7341574885
TPB,2018-Q2,PB,1.6962244564
TPB,2026-Q2,PE,5.3245218322
TPB,2026-Q1,PE,5.8443904945
TPB,2025-Q4,PE,6.1662026616
TPB,2025-Q3,PE,7.4468197397
TPB,2025-Q2,PE,7.9497194512
TPB,2025-Q1,PE,6.274213445
TPB,2024-Q4,PE,5.5886841516
TPB,2024-Q3,PE,8.6688081709
TPB,2024-Q2,PE,9.7550014762
TPB,2024-Q1,PE,8.7932737692
TPB,2023-Q4,PE,9.2619683776
TPB,2023-Q3,PE,7.4715236957
TPB,2023-Q2,PE,6.4041260533
TPB,2023-Q1,PE,6.2941922868
TPB,2022-Q4,PE,5.8948106007
TPB,2022-Q3,PE,5.8833610578
TPB,2022-Q2,PE,5.932968923
TPB,2022-Q1,PE,8.2275374606
TPB,2021-Q4,PE,11.6476620675
TPB,2021-Q3,PE,12.3724572142
TPB,2021-Q1,PE,9.3528859821
TPB,2020-Q4,PE,8.4263664777
TPB,2020-Q3,PE,7.8977016108
TPB,2020-Q2,PE,6.2364756386
TPB,2020-Q1,PE,5.7002160336
TPB,2019-Q4,PE,5.0667042338
TPB,2019-Q3,PE,7.5211060378
TPB,2019-Q2,PE,8.5476768085
TPB,2019-Q1,PE,9.453410806
TPB,2018-Q4,PE,10.4864961407
TPB,2018-Q3,PE,10.7581213311
TPB,2018-Q2,PE,11.1112176348
TPB,2026-Q2,TotalAssets,547664403000000.0
TPB,2026-Q1,TotalAssets,527169377000000.0
TPB,2025-Q4,TotalAssets,505901570000000.0
TPB,2025-Q3,TotalAssets,451893195000000.0
TPB,2025-Q2,TotalAssets,428589979000000.0
TPB,2025-Q1,TotalAssets,388891150000000.0
TPB,2024-Q4,TotalAssets,418028391000000.0
TPB,2024-Q3,TotalAssets,385352239000000.0
TPB,2024-Q2,TotalAssets,361554998000000.0
TPB,2024-Q1,TotalAssets,355870488000000.0
TPB,2023-Q4,TotalAssets,356636840000000.0
TPB,2023-Q3,TotalAssets,344402552000000.0
TPB,2023-Q2,TotalAssets,343406813000000.0
TPB,2023-Q1,TotalAssets,343522216000000.0
TPB,2022-Q4,TotalAssets,328634007000000.0
TPB,2022-Q3,TotalAssets,317327732000000.0
TPB,2022-Q2,TotalAssets,310769290000000.0
TPB,2022-Q1,TotalAssets,302622532000000.0
TPB,2021-Q4,TotalAssets,292827078000000.0
TPB,2021-Q3,TotalAssets,260327561000000.0
TPB,2021-Q2,TotalAssets,242246851000000.0
TPB,2021-Q1,TotalAssets,216152686000000.0
TPB,2020-Q4,TotalAssets,206314594000000.0
TPB,2020-Q3,TotalAssets,193461319000000.0
TPB,2020-Q2,TotalAssets,181339877000000.0
TPB,2020-Q1,TotalAssets,176632067000000.0
TPB,2019-Q4,TotalAssets,164593666000000.0
TPB,2019-Q3,TotalAssets,153929979000000.0
TPB,2019-Q2,TotalAssets,145716202000000.0
TPB,2019-Q1,TotalAssets,139944260000000.0
TPB,2018-Q4,TotalAssets,136179403000000.0
TPB,2018-Q3,TotalAssets,126912061000000.0
TPB,2018-Q2,TotalAssets,126532888000000.0
TPB,2018-Q1,TotalAssets,121214303000000.0
TPB,2026-Q2,GrossLoans,338148180000000.0
TPB,2026-Q1,GrossLoans,316042203000000.0
TPB,2025-Q4,GrossLoans,305816635000000.0
TPB,2025-Q3,GrossLoans,296054927000000.0
TPB,2025-Q2,GrossLoans,284849379000000.0
TPB,2025-Q1,GrossLoans,262477215000000.0
TPB,2024-Q4,GrossLoans,250331368000000.0
TPB,2024-Q3,GrossLoans,234722105000000.0
TPB,2024-Q2,GrossLoans,213432272000000.0
TPB,2024-Q1,GrossLoans,200829487000000.0
TPB,2023-Q4,GrossLoans,205262092000000.0
TPB,2023-Q3,GrossLoans,179946188000000.0
TPB,2023-Q2,GrossLoans,177113201000000.0
TPB,2023-Q1,GrossLoans,172753147000000.0
TPB,2022-Q4,GrossLoans,160992963000000.0
TPB,2022-Q3,GrossLoans,156191002000000.0
TPB,2022-Q2,GrossLoans,151083664000000.0
TPB,2022-Q1,GrossLoans,149875029000000.0
TPB,2021-Q4,GrossLoans,141227857000000.0
TPB,2021-Q3,GrossLoans,133002039000000.0
TPB,2021-Q2,GrossLoans,132203531000000.0
TPB,2021-Q1,GrossLoans,124386976000000.0
TPB,2020-Q4,GrossLoans,119990991000000.0
TPB,2020-Q3,GrossLoans,110340232000000.0
TPB,2020-Q2,GrossLoans,100419332000000.0
TPB,2020-Q1,GrossLoans,100508623000000.0
TPB,2019-Q4,GrossLoans,95643700000000.0
TPB,2019-Q3,GrossLoans,92954005000000.0
TPB,2019-Q2,GrossLoans,88957315000000.0
TPB,2019-Q1,GrossLoans,84723658000000.0
TPB,2018-Q4,GrossLoans,77185148000000.0
TPB,2018-Q3,GrossLoans,73805929000000.0
TPB,2018-Q2,GrossLoans,73770428000000.0
TPB,2018-Q1,GrossLoans,69794568000000.0
TPB,2026-Q2,CustomerDeposits,288477683000000.0
TPB,2026-Q1,CustomerDeposits,267038156000000.0
TPB,2025-Q4,CustomerDeposits,279050251000000.0
TPB,2025-Q3,CustomerDeposits,260245786000000.0
TPB,2025-Q2,CustomerDeposits,246844312000000.0
TPB,2025-Q1,CustomerDeposits,233114646000000.0
TPB,2024-Q4,CustomerDeposits,242805789000000.0
TPB,2024-Q3,CustomerDeposits,224821010000000.0
TPB,2024-Q2,CustomerDeposits,202997118000000.0
TPB,2024-Q1,CustomerDeposits,190827358000000.0
TPB,2023-Q4,CustomerDeposits,208261560000000.0
TPB,2023-Q3,CustomerDeposits,193753424000000.0
TPB,2023-Q2,CustomerDeposits,199126911000000.0
TPB,2023-Q1,CustomerDeposits,200998074000000.0
TPB,2022-Q4,CustomerDeposits,194959921000000.0
TPB,2022-Q3,CustomerDeposits,162694692000000.0
TPB,2022-Q2,CustomerDeposits,156336660000000.0
TPB,2022-Q1,CustomerDeposits,152538738000000.0
TPB,2021-Q4,CustomerDeposits,139562262000000.0
TPB,2021-Q3,CustomerDeposits,131508437000000.0
TPB,2021-Q2,CustomerDeposits,132062360000000.0
TPB,2021-Q1,CustomerDeposits,120036649000000.0
TPB,2020-Q4,CustomerDeposits,115903526000000.0
TPB,2020-Q3,CustomerDeposits,108694001000000.0
TPB,2020-Q2,CustomerDeposits,96214153000000.0
TPB,2020-Q1,CustomerDeposits,89686651000000.0
TPB,2019-Q4,CustomerDeposits,92439495000000.0
TPB,2019-Q3,CustomerDeposits,85596232000000.0
TPB,2019-Q2,CustomerDeposits,80873528000000.0
TPB,2019-Q1,CustomerDeposits,77912920000000.0
TPB,2018-Q4,CustomerDeposits,76138062000000.0
TPB,2018-Q3,CustomerDeposits,70158755000000.0
TPB,2018-Q2,CustomerDeposits,75170153000000.0
TPB,2018-Q1,CustomerDeposits,73126601000000.0
TPB,2026-Q2,Equity,49565884000000.0
TPB,2026-Q1,Equity,48034318000000.0
TPB,2025-Q4,Equity,46048761000000.0
TPB,2025-Q3,Equity,39993240000000.0
TPB,2025-Q2,Equity,38229908000000.0
TPB,2025-Q1,Equity,39491596000000.0
TPB,2024-Q4,Equity,37594469000000.0
TPB,2024-Q3,Equity,36311082000000.0
TPB,2024-Q2,Equity,35609007000000.0
TPB,2024-Q1,Equity,34190213000000.0
TPB,2023-Q4,Equity,32742712000000.0
TPB,2023-Q3,Equity,32383937000000.0
TPB,2023-Q2,Equity,30985939000000.0
TPB,2023-Q1,Equity,33662293000000.0
TPB,2022-Q4,Equity,32239052000000.0
TPB,2022-Q3,Equity,30637298000000.0
TPB,2022-Q2,Equity,29008102000000.0
TPB,2022-Q1,Equity,27380476000000.0
TPB,2021-Q4,Equity,25987981000000.0
TPB,2021-Q3,Equity,24759130000000.0
TPB,2021-Q2,Equity,20279469000000.0
TPB,2021-Q1,Equity,17949826000000.0
TPB,2020-Q4,Equity,16744303000000.0
TPB,2020-Q3,Equity,15438070000000.0
TPB,2020-Q2,Equity,14470653000000.0
TPB,2020-Q1,Equity,13862837000000.0
TPB,2019-Q4,Equity,13074780000000.0
TPB,2019-Q3,Equity,11909211000000.0
TPB,2019-Q2,Equity,11281956000000.0
TPB,2019-Q1,Equity,11342487000000.0
TPB,2018-Q4,Equity,10642126000000.0
TPB,2018-Q3,Equity,10202027000000.0
TPB,2018-Q2,Equity,9656340000000.0
TPB,2018-Q1,Equity,7278146000000.0
TPB,2026-Q2,NPAT,1891026000000.0
TPB,2026-Q1,NPAT,1682225000000.0
TPB,2025-Q4,NPAT,2565066000000.0
TPB,2025-Q3,NPAT,1520640000000.0
TPB,2025-Q2,NPAT,1629604000000.0
TPB,2025-Q1,NPAT,1686691000000.0
TPB,2024-Q4,NPAT,1703253000000.0
TPB,2024-Q3,NPAT,1383025000000.0
TPB,2024-Q2,NPAT,1522559000000.0
TPB,2024-Q1,NPAT,1462797000000.0
TPB,2023-Q4,NPAT,493932000000.0
TPB,2023-Q3,NPAT,1262841000000.0
TPB,2023-Q2,NPAT,1293105000000.0
TPB,2023-Q1,NPAT,1413242000000.0
TPB,2022-Q4,NPAT,1519328000000.0
TPB,2022-Q3,NPAT,1711622000000.0
TPB,2022-Q2,NPAT,1730465000000.0
TPB,2022-Q1,NPAT,1299400000000.0
TPB,2021-Q4,NPAT,1315133000000.0
TPB,2021-Q3,NPAT,1109879000000.0
TPB,2021-Q2,NPAT,1267049000000.0
TPB,2021-Q1,NPAT,1138029000000.0
TPB,2020-Q4,NPAT,1090578000000.0
TPB,2020-Q3,NPAT,791509000000.0
TPB,2020-Q2,NPAT,817850000000.0
TPB,2020-Q1,NPAT,809289000000.0
TPB,2019-Q4,NPAT,1171246000000.0
TPB,2019-Q3,NPAT,627342000000.0
TPB,2019-Q2,NPAT,613216000000.0
TPB,2019-Q1,NPAT,682226000000.0
TPB,2018-Q4,NPAT,514637000000.0
TPB,2018-Q3,NPAT,470601000000.0
TPB,2018-Q2,NPAT,306150000000.0
TPB,2018-Q1,NPAT,512793000000.0
TPB,2026-Q2,NetInterestIncome,3634174000000.0
TPB,2026-Q1,NetInterestIncome,3459591000000.0
TPB,2025-Q4,NetInterestIncome,3598599000000.0
TPB,2025-Q3,NetInterestIncome,3237619000000.0
TPB,2025-Q2,NetInterestIncome,3151325000000.0
TPB,2025-Q1,NetInterestIncome,3383618000000.0
TPB,2024-Q4,NetInterestIncome,3068665000000.0
TPB,2024-Q3,NetInterestIncome,3173833000000.0
TPB,2024-Q2,NetInterestIncome,3236772000000.0
TPB,2024-Q1,NetInterestIncome,3427386000000.0
TPB,2023-Q4,NetInterestIncome,3996093000000.0
TPB,2023-Q3,NetInterestIncome,2962701000000.0
TPB,2023-Q2,NetInterestIncome,2729027000000.0
TPB,2023-Q1,NetInterestIncome,2736874000000.0
TPB,2022-Q4,NetInterestIncome,2779678000000.0
TPB,2022-Q3,NetInterestIncome,2740672000000.0
TPB,2022-Q2,NetInterestIncome,3034868000000.0
TPB,2022-Q1,NetInterestIncome,2831379000000.0
TPB,2021-Q4,NetInterestIncome,2810324000000.0
TPB,2021-Q3,NetInterestIncome,2345634000000.0
TPB,2021-Q2,NetInterestIncome,2526602000000.0
TPB,2021-Q1,NetInterestIncome,2263489000000.0
TPB,2020-Q4,NetInterestIncome,2088466000000.0
TPB,2020-Q3,NetInterestIncome,1708234000000.0
TPB,2020-Q2,NetInterestIncome,1764509000000.0
TPB,2020-Q1,NetInterestIncome,1727524000000.0
TPB,2019-Q4,NetInterestIncome,1503061000000.0
TPB,2019-Q3,NetInterestIncome,1442154000000.0
TPB,2019-Q2,NetInterestIncome,1407961000000.0
TPB,2019-Q1,NetInterestIncome,1283678000000.0
TPB,2018-Q4,NetInterestIncome,1263213000000.0
TPB,2018-Q3,NetInterestIncome,1119505000000.0
TPB,2018-Q2,NetInterestIncome,1064786000000.0
TPB,2018-Q1,NetInterestIncome,933011000000.0
TPB,2026-Q2,OperatingIncome,5195182000000.0
TPB,2026-Q1,OperatingIncome,4899335000000.0
TPB,2025-Q4,OperatingIncome,5371500000000.0
TPB,2025-Q3,OperatingIncome,4525062000000.0
TPB,2025-Q2,OperatingIncome,4615730000000.0
TPB,2025-Q1,OperatingIncome,4482468000000.0
TPB,2024-Q4,OperatingIncome,5121638000000.0
TPB,2024-Q3,OperatingIncome,3995304000000.0
TPB,2024-Q2,OperatingIncome,4236158000000.0
TPB,2024-Q1,OperatingIncome,4685167000000.0
TPB,2023-Q4,OperatingIncome,4443231000000.0
TPB,2023-Q3,OperatingIncome,4214189000000.0
TPB,2023-Q2,OperatingIncome,3917179000000.0
TPB,2023-Q1,OperatingIncome,3659066000000.0
TPB,2022-Q4,OperatingIncome,3663372000000.0
TPB,2022-Q3,OperatingIncome,3764987000000.0
TPB,2022-Q2,OperatingIncome,4572835000000.0
TPB,2022-Q1,OperatingIncome,3615995000000.0
TPB,2021-Q4,OperatingIncome,3611151000000.0
TPB,2021-Q3,OperatingIncome,3673552000000.0
TPB,2021-Q2,OperatingIncome,3434709000000.0
TPB,2021-Q1,OperatingIncome,2797996000000.0
TPB,2020-Q4,OperatingIncome,3274860000000.0
TPB,2020-Q3,OperatingIncome,2215083000000.0
TPB,2020-Q2,OperatingIncome,2449736000000.0
TPB,2020-Q1,OperatingIncome,2429510000000.0
TPB,2019-Q4,OperatingIncome,2803865000000.0
TPB,2019-Q3,OperatingIncome,1961332000000.0
TPB,2019-Q2,OperatingIncome,1920858000000.0
TPB,2019-Q1,OperatingIncome,1905964000000.0
TPB,2018-Q4,OperatingIncome,1592262000000.0
TPB,2018-Q3,OperatingIncome,1387978000000.0
TPB,2018-Q2,OperatingIncome,1461155000000.0
TPB,2018-Q1,OperatingIncome,1188144000000.0
LPB,2026-Q2,ROE,0.2466187032
LPB,2026-Q1,ROE,0.2470368279
LPB,2025-Q4,ROE,0.2523424576
LPB,2025-Q3,ROE,0.2390603147
LPB,2025-Q2,ROE,0.2328629441
LPB,2025-Q1,ROE,0.2367457075
LPB,2024-Q4,ROE,0.2510054134
LPB,2024-Q3,ROE,0.2588994726
LPB,2024-Q2,ROE,0.24648224
LPB,2024-Q1,ROE,0.2163763184
LPB,2023-Q4,ROE,0.1915764606
LPB,2023-Q3,ROE,0.1425813496
LPB,2023-Q2,ROE,0.1468411987
LPB,2023-Q1,ROE,0.1873814401
LPB,2022-Q4,ROE,0.2207822198
LPB,2022-Q3,ROE,0.229628491
LPB,2022-Q2,ROE,0.2318792418
LPB,2022-Q1,ROE,0.1851701203
LPB,2021-Q4,ROE,0.1766391281
LPB,2021-Q3,ROE,0.1766391281
LPB,2021-Q1,ROE,0.1601388925
LPB,2020-Q4,ROE,0.1388886257
LPB,2020-Q3,ROE,0.1281408772
LPB,2020-Q2,ROE,0.11808261
LPB,2020-Q1,ROE,0.1345561656
LPB,2019-Q4,ROE,0.1404941518
LPB,2019-Q3,ROE,0.1256598423
LPB,2019-Q2,ROE,0.1198559178
LPB,2019-Q1,ROE,0.0878575931
LPB,2018-Q4,ROE,0.098033665
LPB,2018-Q3,ROE,0.1060535204
LPB,2018-Q2,ROE,0.1233317755
LPB,2018-Q1,ROE,0.155510569
LPB,2026-Q2,ROA,0.0192943033
LPB,2026-Q1,ROA,0.0199493232
LPB,2025-Q4,ROA,0.0205085305
LPB,2025-Q3,ROA,0.0201099883
LPB,2025-Q2,ROA,0.0200852758
LPB,2025-Q1,ROA,0.0208876096
LPB,2024-Q4,ROA,0.0218154624
LPB,2024-Q3,ROA,0.0228949745
LPB,2024-Q2,ROA,0.0208439073
LPB,2024-Q1,ROA,0.0175760869
LPB,2023-Q4,ROA,0.015683015
LPB,2023-Q3,ROA,0.0104655981
LPB,2023-Q2,ROA,0.0108570024
LPB,2023-Q1,ROA,0.0135469215
LPB,2022-Q4,ROA,0.0146213732
LPB,2022-Q3,ROA,0.0151014615
LPB,2022-Q2,ROA,0.0145599259
LPB,2022-Q1,ROA,0.0108110966
LPB,2021-Q4,ROA,0.0108078764
LPB,2021-Q3,ROA,0.0108078764
LPB,2021-Q1,ROA,0.0098689487
LPB,2020-Q4,ROA,0.0083794053
LPB,2020-Q3,ROA,0.0081118667
LPB,2020-Q2,ROA,0.0074304781
LPB,2020-Q1,ROA,0.0085007419
LPB,2019-Q4,ROA,0.0084860988
LPB,2019-Q3,ROA,0.0078038476
LPB,2019-Q2,ROA,0.007343451
LPB,2019-Q1,ROA,0.0052244494
LPB,2018-Q4,ROA,0.005671333
LPB,2018-Q3,ROA,0.0060926364
LPB,2018-Q2,ROA,0.0071192688
LPB,2018-Q1,ROA,0.0092051081
LPB,2026-Q2,NIM,0.0291952818
LPB,2026-Q1,NIM,0.0302940902
LPB,2025-Q4,NIM,0.0292392376
LPB,2025-Q3,NIM,0.0310980104
LPB,2025-Q2,NIM,0.0315614693
LPB,2025-Q1,NIM,0.0325377535
LPB,2024-Q4,NIM,0.0352706349
LPB,2024-Q3,NIM,0.0344388336
LPB,2024-Q2,NIM,0.0336223581
LPB,2024-Q1,NIM,0.0326061782
LPB,2023-Q4,NIM,0.0323702273
LPB,2023-Q3,NIM,0.0319470132
LPB,2023-Q2,NIM,0.0348480793
LPB,2023-Q1,NIM,0.0379467684
LPB,2022-Q4,NIM,0.0396827261
LPB,2022-Q3,NIM,0.0411822465
LPB,2022-Q2,NIM,0.0391110394
LPB,2022-Q1,NIM,0.0353164158
LPB,2021-Q4,NIM,0.0346105232
LPB,2021-Q3,NIM,0.0346105232
LPB,2021-Q1,NIM,0.0337775581
LPB,2020-Q4,NIM,0.0316761862
LPB,2020-Q3,NIM,0.0318045046
LPB,2020-Q2,NIM,0.0310585037
LPB,2020-Q1,NIM,0.0325071213
LPB,2019-Q4,NIM,0.0336876713
LPB,2019-Q3,NIM,0.0337720091
LPB,2019-Q2,NIM,0.0334230413
LPB,2019-Q1,NIM,0.0314669763
LPB,2018-Q4,NIM,0.0311539022
LPB,2018-Q3,NIM,0.0305979927
LPB,2018-Q2,NIM,0.0321394845
LPB,2018-Q1,NIM,0.0349714386
LPB,2026-Q2,NPL,0.0185424909
LPB,2026-Q1,NPL,0.0183571491
LPB,2025-Q4,NPL,0.0168433034
LPB,2025-Q3,NPL,0.0177974476
LPB,2025-Q2,NPL,0.0174204316
LPB,2025-Q1,NPL,0.0172866133
LPB,2024-Q4,NPL,0.0156771532
LPB,2024-Q3,NPL,0.0196142756
LPB,2024-Q2,NPL,0.0172731603
LPB,2024-Q1,NPL,0.0138672117
LPB,2023-Q4,NPL,0.0133922926
LPB,2023-Q3,NPL,0.0279468936
LPB,2023-Q2,NPL,0.0242974727
LPB,2023-Q1,NPL,0.0145452446
LPB,2022-Q4,NPL,0.0145508196
LPB,2022-Q3,NPL,0.0139943456
LPB,2022-Q2,NPL,0.0140270563
LPB,2022-Q1,NPL,0.0137037441
LPB,2021-Q4,NPL,0.014209914
LPB,2021-Q3,NPL,0.014209914
LPB,2021-Q1,NPL,0.0143341515
LPB,2020-Q4,NPL,0.0143094045
LPB,2020-Q3,NPL,0.0164053849
LPB,2020-Q2,NPL,0.0164538253
LPB,2020-Q1,NPL,0.0143904204
LPB,2019-Q4,NPL,0.0144484704
LPB,2019-Q3,NPL,0.0147702869
LPB,2019-Q2,NPL,0.0147574828
LPB,2019-Q1,NPL,0.013589911
LPB,2018-Q4,NPL,0.0140985546
LPB,2018-Q3,NPL,0.0132281967
LPB,2018-Q2,NPL,0.0102754968
LPB,2018-Q1,NPL,0.0106682665
LPB,2025-Q2,CAR,0.095
LPB,2024-Q2,CAR,0.1221
LPB,2023-Q2,CAR,0.1116
LPB,2022-Q2,CAR,0.1231
LPB,2020-Q2,CAR,0.0859
LPB,2026-Q2,CIR,0.3522598822
LPB,2026-Q1,CIR,0.3013611589
LPB,2025-Q4,CIR,0.2828957594
LPB,2025-Q3,CIR,0.2722498188
LPB,2025-Q2,CIR,0.2976000951
LPB,2025-Q1,CIR,0.2803760385
LPB,2024-Q4,CIR,0.2915070064
LPB,2024-Q3,CIR,0.3033288563
LPB,2024-Q2,CIR,0.2579458471
LPB,2024-Q1,CIR,0.3073595539
LPB,2023-Q4,CIR,0.3686246124
LPB,2023-Q3,CIR,0.4305613889
LPB,2023-Q2,CIR,0.5127643055
LPB,2023-Q1,CIR,0.4289556247
LPB,2022-Q4,CIR,0.3745078707
LPB,2022-Q3,CIR,0.3774719234
LPB,2022-Q2,CIR,0.3557290199
LPB,2022-Q1,CIR,0.5064748297
LPB,2021-Q4,CIR,0.5372018464
LPB,2021-Q3,CIR,0.5372018464
LPB,2021-Q1,CIR,0.437307115
LPB,2020-Q4,CIR,0.5977474706
LPB,2020-Q3,CIR,0.5759691143
LPB,2020-Q2,CIR,0.6190998973
LPB,2020-Q1,CIR,0.6211895821
LPB,2019-Q4,CIR,0.6197066207
LPB,2019-Q3,CIR,0.6040657157
LPB,2019-Q2,CIR,0.6213044462
LPB,2019-Q1,CIR,0.5291129185
LPB,2018-Q4,CIR,0.6246751424
LPB,2018-Q3,CIR,0.5805372955
LPB,2018-Q2,CIR,0.7426292558
LPB,2018-Q1,CIR,0.5277043518
LPB,2026-Q2,LDR,1.2148474216
LPB,2026-Q1,LDR,1.16562256
LPB,2025-Q4,LDR,1.1604437021
LPB,2025-Q3,LDR,1.1892152464
LPB,2025-Q2,LDR,1.1773850318
LPB,2025-Q1,LDR,1.2013940881
LPB,2024-Q4,LDR,1.1710426714
LPB,2024-Q3,LDR,1.1786488781
LPB,2024-Q2,LDR,1.1016901526
LPB,2024-Q1,LDR,1.1744008186
LPB,2023-Q4,LDR,1.1602384986
LPB,2023-Q3,LDR,1.1542028185
LPB,2023-Q2,LDR,1.1305751271
LPB,2023-Q1,LDR,1.0652626675
LPB,2022-Q4,LDR,1.0908751006
LPB,2022-Q3,LDR,1.1778015222
LPB,2022-Q2,LDR,1.2213675919
LPB,2022-Q1,LDR,1.159076832
LPB,2021-Q4,LDR,1.0949851706
LPB,2021-Q3,LDR,1.0949851706
LPB,2021-Q1,LDR,1.0372372143
LPB,2020-Q4,LDR,1.0120070887
LPB,2020-Q3,LDR,1.0293506276
LPB,2020-Q2,LDR,1.0584080772
LPB,2020-Q1,LDR,1.003543951
LPB,2019-Q4,LDR,1.0268574397
LPB,2019-Q3,LDR,1.0131247606
LPB,2019-Q2,LDR,0.9935176128
LPB,2019-Q1,LDR,0.9834267685
LPB,2018-Q4,LDR,0.9539436602
LPB,2018-Q3,LDR,0.9031921062
LPB,2018-Q2,LDR,0.7827238796
LPB,2018-Q1,LDR,0.749135247
LPB,2026-Q2,CASA,0.063710616
LPB,2026-Q1,CASA,0.0655036666
LPB,2025-Q4,CASA,0.0851057276
LPB,2025-Q3,CASA,0.0685237085
LPB,2025-Q2,CASA,0.0766264452
LPB,2025-Q1,CASA,0.0690814902
LPB,2024-Q4,CASA,0.0982669407
LPB,2024-Q3,CASA,0.0809185256
LPB,2024-Q2,CASA,0.1006914784
LPB,2024-Q1,CASA,0.1069309159
LPB,2023-Q4,CASA,0.0970570826
LPB,2023-Q3,CASA,0.063155129
LPB,2023-Q2,CASA,0.0725395133
LPB,2023-Q1,CASA,0.0528485527
LPB,2022-Q4,CASA,0.0876446389
LPB,2022-Q3,CASA,0.0630979864
LPB,2022-Q2,CASA,0.0770308013
LPB,2022-Q1,CASA,0.0767351861
LPB,2021-Q4,CASA,0.1004939819
LPB,2021-Q3,CASA,0.0764260889
LPB,2021-Q1,CASA,0.0960162445
LPB,2020-Q4,CASA,0.1464346224
LPB,2020-Q3,CASA,0.124211327
LPB,2020-Q2,CASA,0.122730261
LPB,2020-Q1,CASA,0.1139551902
LPB,2019-Q4,CASA,0.1454950588
LPB,2019-Q3,CASA,0.1508627787
LPB,2019-Q2,CASA,0.1329468327
LPB,2019-Q1,CASA,0.1138434838
LPB,2018-Q4,CASA,0.184159876
LPB,2018-Q3,CASA,0.1613548921
LPB,2018-Q2,CASA,0.2185115009
LPB,2018-Q1,CASA,0.2182834473
LPB,2026-Q2,PB,3.4711232951
LPB,2026-Q1,PB,3.1097604689
LPB,2025-Q4,PB,3.0194084796
LPB,2025-Q3,PB,2.8661817292
LPB,2025-Q2,PB,3.7799880095
LPB,2025-Q1,PB,2.1392521865
LPB,2024-Q4,PB,2.2850089093
LPB,2024-Q3,PB,2.2660705224
LPB,2024-Q2,PB,2.1648311246
LPB,2024-Q1,PB,2.1947874318
LPB,2023-Q4,PB,1.4655689159
LPB,2023-Q3,PB,1.3482705375
LPB,2023-Q2,PB,1.1908879684
LPB,2023-Q1,PB,1.073067039
LPB,2022-Q4,PB,1.0638368585
LPB,2022-Q3,PB,1.0831280786
LPB,2022-Q2,PB,0.6846573525
LPB,2022-Q1,PB,0.9977007864
LPB,2021-Q4,PB,1.499650368
LPB,2021-Q3,PB,1.5755199241
LPB,2021-Q1,PB,1.9915604665
LPB,2020-Q4,PB,1.4648957513
LPB,2020-Q3,PB,1.1202890138
LPB,2020-Q2,PB,0.915325451
LPB,2020-Q1,PB,0.6552391374
LPB,2019-Q4,PB,0.5506876524
LPB,2019-Q3,PB,0.559668939
LPB,2019-Q2,PB,0.5703244791
LPB,2019-Q1,PB,0.6034800798
LPB,2018-Q4,PB,0.7664361576
LPB,2018-Q3,PB,0.8320936695
LPB,2018-Q2,PB,0.7291559385
LPB,2018-Q1,PB,0.8273936721
LPB,2026-Q2,PE,13.2268939748
LPB,2026-Q1,PE,13.7759363238
LPB,2025-Q4,PE,12.4749279819
LPB,2025-Q3,PE,12.022233897
LPB,2025-Q2,PE,15.4923699073
LPB,2025-Q1,PE,9.8564470947
LPB,2024-Q4,PE,10.1871638516
LPB,2024-Q3,PE,9.4285032448
LPB,2024-Q2,PE,9.3396209644
LPB,2024-Q1,PE,10.7235566139
LPB,2023-Q4,PE,7.5358001234
LPB,2023-Q3,PE,9.9470614517
LPB,2023-Q2,PE,8.3924069014
LPB,2023-Q1,PE,5.9066076556
LPB,2022-Q4,PE,5.2393499388
LPB,2022-Q3,PE,4.9627412576
LPB,2022-Q2,PE,3.2126573822
LPB,2022-Q1,PE,5.1975674298
LPB,2021-Q4,PE,8.375903013
LPB,2021-Q3,PE,9.4432484183
LPB,2021-Q1,PE,13.354137174
LPB,2020-Q4,PE,11.1971132086
LPB,2020-Q3,PE,9.1540121131
LPB,2020-Q2,PE,7.9930775903
LPB,2020-Q1,PE,5.1090153242
LPB,2019-Q4,PE,3.9354623063
LPB,2019-Q3,PE,4.5561087244
LPB,2019-Q2,PE,4.7933320405
LPB,2019-Q1,PE,6.8943645829
LPB,2018-Q4,PE,6.8776749676
LPB,2018-Q3,PE,6.3944121077
LPB,2018-Q2,PE,5.7554895099
LPB,2018-Q1,PE,5.1517399635
LPB,2026-Q2,TotalAssets,615502468000000.0
LPB,2026-Q1,TotalAssets,580859917000000.0
LPB,2025-Q4,TotalAssets,605584514000000.0
LPB,2025-Q3,TotalAssets,539149295000000.0
LPB,2025-Q2,TotalAssets,513612864000000.0
LPB,2025-Q1,TotalAssets,499894623000000.0
LPB,2024-Q4,TotalAssets,508330398000000.0
LPB,2024-Q3,TotalAssets,455804658000000.0
LPB,2024-Q2,TotalAssets,442582942000000.0
LPB,2024-Q1,TotalAssets,409763817000000.0
LPB,2023-Q4,TotalAssets,382863179000000.0
LPB,2023-Q3,TotalAssets,365450226000000.0
LPB,2023-Q2,TotalAssets,350242811000000.0
LPB,2023-Q1,TotalAssets,337196586000000.0
LPB,2022-Q4,TotalAssets,327745847000000.0
LPB,2022-Q3,TotalAssets,313480212000000.0
LPB,2022-Q2,TotalAssets,300919233000000.0
LPB,2022-Q1,TotalAssets,284918135000000.0
LPB,2021-Q4,TotalAssets,289193879000000.0
LPB,2021-Q3,TotalAssets,254622581000000.0
LPB,2021-Q2,TotalAssets,255497176000000.0
LPB,2021-Q1,TotalAssets,245208214000000.0
LPB,2020-Q4,TotalAssets,242342951000000.0
LPB,2020-Q3,TotalAssets,211978406000000.0
LPB,2020-Q2,TotalAssets,213729207000000.0
LPB,2020-Q1,TotalAssets,202930440000000.0
LPB,2019-Q4,TotalAssets,202058040000000.0
LPB,2019-Q3,TotalAssets,193536377000000.0
LPB,2019-Q2,TotalAssets,189954560000000.0
LPB,2019-Q1,TotalAssets,181900548000000.0
LPB,2018-Q4,TotalAssets,175094532000000.0
LPB,2018-Q3,TotalAssets,167328159000000.0
LPB,2018-Q2,TotalAssets,175833221000000.0
LPB,2018-Q1,TotalAssets,169797222000000.0
LPB,2026-Q2,GrossLoans,429464738000000.0
LPB,2026-Q1,GrossLoans,403026034000000.0
LPB,2025-Q4,GrossLoans,391746491000000.0
LPB,2025-Q3,GrossLoans,387897531000000.0
LPB,2025-Q2,GrossLoans,368726513000000.0
LPB,2025-Q1,GrossLoans,352194088000000.0
LPB,2024-Q4,GrossLoans,331606315000000.0
LPB,2024-Q3,GrossLoans,319770412000000.0
LPB,2024-Q2,GrossLoans,317394669000000.0
LPB,2024-Q1,GrossLoans,307686513000000.0
LPB,2023-Q4,GrossLoans,275430884000000.0
LPB,2023-Q3,GrossLoans,263621213000000.0
LPB,2023-Q2,GrossLoans,253391827000000.0
LPB,2023-Q1,GrossLoans,242116244000000.0
LPB,2022-Q4,GrossLoans,235506871000000.0
LPB,2022-Q3,GrossLoans,227943992000000.0
LPB,2022-Q2,GrossLoans,226914895000000.0
LPB,2022-Q1,GrossLoans,207749028000000.0
LPB,2021-Q4,GrossLoans,208954136000000.0
LPB,2021-Q3,GrossLoans,195829616000000.0
LPB,2021-Q2,GrossLoans,191227753000000.0
LPB,2021-Q1,GrossLoans,182739243000000.0
LPB,2020-Q4,GrossLoans,176621536000000.0
LPB,2020-Q3,GrossLoans,159149390000000.0
LPB,2020-Q2,GrossLoans,152323545000000.0
LPB,2020-Q1,GrossLoans,144511761000000.0
LPB,2019-Q4,GrossLoans,140522626000000.0
LPB,2019-Q3,GrossLoans,134742339000000.0
LPB,2019-Q2,GrossLoans,129209502000000.0
LPB,2019-Q1,GrossLoans,123757543000000.0
LPB,2018-Q4,GrossLoans,119193424000000.0
LPB,2018-Q3,GrossLoans,115194840000000.0
LPB,2018-Q2,GrossLoans,114525071000000.0
LPB,2018-Q1,GrossLoans,108137156000000.0
LPB,2026-Q2,CustomerDeposits,353513314000000.0
LPB,2026-Q1,CustomerDeposits,345760324000000.0
LPB,2025-Q4,CustomerDeposits,337583366000000.0
LPB,2025-Q3,CustomerDeposits,326179413000000.0
LPB,2025-Q2,CustomerDeposits,313174113000000.0
LPB,2025-Q1,CustomerDeposits,293154504000000.0
LPB,2024-Q4,CustomerDeposits,283171846000000.0
LPB,2024-Q3,CustomerDeposits,271302521000000.0
LPB,2024-Q2,CustomerDeposits,288097945000000.0
LPB,2024-Q1,CustomerDeposits,261994464000000.0
LPB,2023-Q4,CustomerDeposits,237391609000000.0
LPB,2023-Q3,CustomerDeposits,228401117000000.0
LPB,2023-Q2,CustomerDeposits,224126483000000.0
LPB,2023-Q1,CustomerDeposits,227283140000000.0
LPB,2022-Q4,CustomerDeposits,215888025000000.0
LPB,2022-Q3,CustomerDeposits,193533450000000.0
LPB,2022-Q2,CustomerDeposits,185787552000000.0
LPB,2022-Q1,CustomerDeposits,177459816000000.0
LPB,2021-Q4,CustomerDeposits,180273213000000.0
LPB,2021-Q3,CustomerDeposits,178842254000000.0
LPB,2021-Q2,CustomerDeposits,186172609000000.0
LPB,2021-Q1,CustomerDeposits,176178834000000.0
LPB,2020-Q4,CustomerDeposits,174525987000000.0
LPB,2020-Q3,CustomerDeposits,154611447000000.0
LPB,2020-Q2,CustomerDeposits,143917595000000.0
LPB,2020-Q1,CustomerDeposits,144001427000000.0
LPB,2019-Q4,CustomerDeposits,136847259000000.0
LPB,2019-Q3,CustomerDeposits,132996788000000.0
LPB,2019-Q2,CustomerDeposits,130052553000000.0
LPB,2019-Q1,CustomerDeposits,125843171000000.0
LPB,2018-Q4,CustomerDeposits,124948075000000.0
LPB,2018-Q3,CustomerDeposits,127541903000000.0
LPB,2018-Q2,CustomerDeposits,146316056000000.0
LPB,2018-Q1,CustomerDeposits,144349310000000.0
LPB,2026-Q2,Equity,43030481000000.0
LPB,2026-Q1,Equity,49471665000000.0
LPB,2025-Q4,Equity,47192474000000.0
LPB,2025-Q3,Equity,43461886000000.0
LPB,2025-Q2,Equity,40699872000000.0
LPB,2025-Q1,Equity,45872206000000.0
LPB,2024-Q4,Equity,43338300000000.0
LPB,2024-Q3,Equity,40668484000000.0
LPB,2024-Q2,Equity,38337703000000.0
LPB,2024-Q1,Equity,36416061000000.0
LPB,2023-Q4,Equity,34117400000000.0
LPB,2023-Q3,Equity,26489550000000.0
LPB,2023-Q2,Equity,25496700000000.0
LPB,2023-Q1,Equity,25298470000000.0
LPB,2022-Q4,Equity,24055154000000.0
LPB,2022-Q3,Equity,23387256000000.0
LPB,2022-Q2,Equity,19750372000000.0
LPB,2022-Q1,Equity,18222660000000.0
LPB,2021-Q4,Equity,16801877000000.0
LPB,2021-Q3,Equity,16157167000000.0
LPB,2021-Q2,Equity,15546096000000.0
LPB,2021-Q1,Equity,15108700000000.0
LPB,2020-Q4,Equity,14231726000000.0
LPB,2020-Q3,Equity,13765259000000.0
LPB,2020-Q2,Equity,13176108000000.0
LPB,2020-Q1,Equity,13065456000000.0
LPB,2019-Q4,Equity,12579800000000.0
LPB,2019-Q3,Equity,12290616000000.0
LPB,2019-Q2,Equity,11877230000000.0
LPB,2019-Q1,Equity,11617632000000.0
LPB,2018-Q4,Equity,10200892000000.0
LPB,2018-Q3,Equity,10067325000000.0
LPB,2018-Q2,Equity,9748936000000.0
LPB,2018-Q1,Equity,9658333000000.0
LPB,2026-Q2,NPAT,2520662000000.0
LPB,2026-Q1,NPAT,2279191000000.0
LPB,2025-Q4,NPAT,3730588000000.0
LPB,2025-Q3,NPAT,2762014000000.0
LPB,2025-Q2,NPAT,2395871000000.0
LPB,2025-Q1,NPAT,2533906000000.0
LPB,2024-Q4,NPAT,2669816000000.0
LPB,2024-Q3,NPAT,2330781000000.0
LPB,2024-Q2,NPAT,2421642000000.0
LPB,2024-Q1,NPAT,2298661000000.0
LPB,2023-Q4,NPAT,2627850000000.0
LPB,2023-Q3,NPAT,992850000000.0
LPB,2023-Q2,NPAT,708230000000.0
LPB,2023-Q1,NPAT,1243316000000.0
LPB,2022-Q4,NPAT,667898000000.0
LPB,2022-Q3,NPAT,986887000000.0
LPB,2022-Q2,NPAT,1434685000000.0
LPB,2022-Q1,NPAT,1420783000000.0
LPB,2021-Q4,NPAT,644710000000.0
LPB,2021-Q3,NPAT,611741000000.0
LPB,2021-Q2,NPAT,740493000000.0
LPB,2021-Q1,NPAT,876974000000.0
LPB,2020-Q4,NPAT,466468000000.0
LPB,2020-Q3,NPAT,589151000000.0
LPB,2020-Q2,NPAT,320633000000.0
LPB,2020-Q1,NPAT,485656000000.0
LPB,2019-Q4,NPAT,289184000000.0
LPB,2019-Q3,NPAT,413386000000.0
LPB,2019-Q2,NPAT,487439000000.0
LPB,2019-Q1,NPAT,410268000000.0
LPB,2018-Q4,NPAT,133567000000.0
LPB,2018-Q3,NPAT,280042000000.0
LPB,2018-Q2,NPAT,90606000000.0
LPB,2018-Q1,NPAT,417391000000.0
LPB,2026-Q2,NetInterestIncome,3888306000000.0
LPB,2026-Q1,NetInterestIncome,3878245000000.0
LPB,2025-Q4,NetInterestIncome,4781426000000.0
LPB,2025-Q3,NetInterestIncome,4235047000000.0
LPB,2025-Q2,NetInterestIncome,3735854000000.0
LPB,2025-Q1,NetInterestIncome,3281910000000.0
LPB,2024-Q4,NetInterestIncome,4506717000000.0
LPB,2024-Q3,NetInterestIncome,3777897000000.0
LPB,2024-Q2,NetInterestIncome,3644632000000.0
LPB,2024-Q1,NetInterestIncome,3464497000000.0
LPB,2023-Q4,NetInterestIncome,3346053000000.0
LPB,2023-Q3,NetInterestIncome,2632779000000.0
LPB,2023-Q2,NetInterestIncome,2450092000000.0
LPB,2023-Q1,NetInterestIncome,2774205000000.0
LPB,2022-Q4,NetInterestIncome,2771784000000.0
LPB,2022-Q3,NetInterestIncome,3207607000000.0
LPB,2022-Q2,NetInterestIncome,3044872000000.0
LPB,2022-Q1,NetInterestIncome,2875706000000.0
LPB,2021-Q4,NetInterestIncome,2755810000000.0
LPB,2021-Q3,NetInterestIncome,2030516000000.0
LPB,2021-Q2,NetInterestIncome,2179656000000.0
LPB,2021-Q1,NetInterestIncome,2051177000000.0
LPB,2020-Q4,NetInterestIncome,2003466000000.0
LPB,2020-Q3,NetInterestIncome,1814994000000.0
LPB,2020-Q2,NetInterestIncome,1463831000000.0
LPB,2020-Q1,NetInterestIncome,1437881000000.0
LPB,2019-Q4,NetInterestIncome,1562466000000.0
LPB,2019-Q3,NetInterestIncome,1533898000000.0
LPB,2019-Q2,NetInterestIncome,1563341000000.0
LPB,2019-Q1,NetInterestIncome,1401171000000.0
LPB,2018-Q4,NetInterestIncome,1428694000000.0
LPB,2018-Q3,NetInterestIncome,1266114000000.0
LPB,2018-Q2,NetInterestIncome,1126012000000.0
LPB,2018-Q1,NetInterestIncome,1195301000000.0
LPB,2026-Q2,OperatingIncome,6058192000000.0
LPB,2026-Q1,OperatingIncome,5154211000000.0
LPB,2025-Q4,OperatingIncome,6957275000000.0
LPB,2025-Q3,OperatingIncome,5323122000000.0
LPB,2025-Q2,OperatingIncome,4912653000000.0
LPB,2025-Q1,OperatingIncome,4688243000000.0
LPB,2024-Q4,OperatingIncome,5552499000000.0
LPB,2024-Q3,OperatingIncome,5068888000000.0
LPB,2024-Q2,OperatingIncome,4833720000000.0
LPB,2024-Q1,OperatingIncome,4477323000000.0
LPB,2023-Q4,OperatingIncome,6490922000000.0
LPB,2023-Q3,OperatingIncome,3114276000000.0
LPB,2023-Q2,OperatingIncome,2886291000000.0
LPB,2023-Q1,OperatingIncome,3133816000000.0
LPB,2022-Q4,OperatingIncome,3680587000000.0
LPB,2022-Q3,OperatingIncome,3456620000000.0
LPB,2022-Q2,OperatingIncome,3772661000000.0
LPB,2022-Q1,OperatingIncome,3260444000000.0
LPB,2021-Q4,OperatingIncome,3034940000000.0
LPB,2021-Q3,OperatingIncome,2241085000000.0
LPB,2021-Q2,OperatingIncome,2425466000000.0
LPB,2021-Q1,OperatingIncome,2349198000000.0
LPB,2020-Q4,OperatingIncome,2571578000000.0
LPB,2020-Q3,OperatingIncome,1987459000000.0
LPB,2020-Q2,OperatingIncome,1717004000000.0
LPB,2020-Q1,OperatingIncome,1495046000000.0
LPB,2019-Q4,OperatingIncome,1768753000000.0
LPB,2019-Q3,OperatingIncome,1625790000000.0
LPB,2019-Q2,OperatingIncome,1745645000000.0
LPB,2019-Q1,OperatingIncome,1369581000000.0
LPB,2018-Q4,OperatingIncome,1405925000000.0
LPB,2018-Q3,OperatingIncome,1315254000000.0
LPB,2018-Q2,OperatingIncome,954483000000.0
LPB,2018-Q1,OperatingIncome,1203782000000.0
OCB,2026-Q2,ROE,0.1297297527
OCB,2026-Q1,ROE,0.1269903696
OCB,2025-Q4,ROE,0.1222665415
OCB,2025-Q3,ROE,0.1198266572
OCB,2025-Q2,ROE,0.0942532094
OCB,2025-Q1,ROE,0.0940623079
OCB,2024-Q4,ROE,0.1054175249
OCB,2024-Q3,ROE,0.1025811347
OCB,2024-Q2,ROE,0.1295333736
OCB,2024-Q1,ROE,0.1517783615
OCB,2023-Q4,ROE,0.1227812299
OCB,2023-Q3,ROE,0.1691366275
OCB,2023-Q2,ROE,0.1626172995
OCB,2023-Q1,ROE,0.1475394687
OCB,2022-Q4,ROE,0.1491046327
OCB,2022-Q3,ROE,0.1541263327
OCB,2022-Q2,ROE,0.1673783813
OCB,2022-Q1,ROE,0.224511463
OCB,2021-Q4,ROE,0.2389321084
OCB,2021-Q3,ROE,0.2389321084
OCB,2021-Q1,ROE,0.2178494541
OCB,2026-Q2,ROA,0.0133522715
OCB,2026-Q1,ROA,0.0132376577
OCB,2025-Q4,ROA,0.0133795063
OCB,2025-Q3,ROA,0.013030216
OCB,2025-Q2,ROA,0.0105167177
OCB,2025-Q1,ROA,0.0109193155
OCB,2024-Q4,ROA,0.0121861016
OCB,2024-Q3,ROA,0.012502632
OCB,2024-Q2,ROA,0.016315088
OCB,2024-Q1,ROA,0.0192184935
OCB,2023-Q4,ROA,0.015218788
OCB,2023-Q3,ROA,0.0220281001
OCB,2023-Q2,ROA,0.0208951285
OCB,2023-Q1,ROA,0.0187212182
OCB,2022-Q4,ROA,0.0185461269
OCB,2022-Q3,ROA,0.0186578672
OCB,2022-Q2,ROA,0.020178688
OCB,2022-Q1,ROA,0.026140645
OCB,2021-Q4,ROA,0.0279837284
OCB,2021-Q3,ROA,0.0279837284
OCB,2021-Q1,ROA,0.0256823189
OCB,2026-Q2,NIM,0.0303957638
OCB,2026-Q1,NIM,0.0303980218
OCB,2025-Q4,NIM,0.0320028191
OCB,2025-Q3,NIM,0.0331547228
OCB,2025-Q2,NIM,0.0333587148
OCB,2025-Q1,NIM,0.0349020239
OCB,2024-Q4,NIM,0.0348941885
OCB,2024-Q3,NIM,0.0335683777
OCB,2024-Q2,NIM,0.0346306132
OCB,2024-Q1,NIM,0.0349602167
OCB,2023-Q4,NIM,0.0330540344
OCB,2023-Q3,NIM,0.0377533768
OCB,2023-Q2,NIM,0.0382272862
OCB,2023-Q1,NIM,0.0388077711
OCB,2022-Q4,NIM,0.0396479312
OCB,2022-Q3,NIM,0.0379937946
OCB,2022-Q2,NIM,0.0370914762
OCB,2022-Q1,NIM,0.0368685796
OCB,2021-Q4,NIM,0.038493821
OCB,2021-Q3,NIM,0.038493821
OCB,2021-Q1,NIM,0.0387631183
OCB,2026-Q2,NPL,0.0348645027
OCB,2026-Q1,NPL,0.0352084106
OCB,2025-Q4,NPL,0.0319245262
OCB,2025-Q3,NPL,0.0370063604
OCB,2025-Q2,NPL,0.0346569217
OCB,2025-Q1,NPL,0.0391163885
OCB,2024-Q4,NPL,0.0316552444
OCB,2024-Q3,NPL,0.0319030817
OCB,2024-Q2,NPL,0.0312187236
OCB,2024-Q1,NPL,0.0287341702
OCB,2023-Q4,NPL,0.026519743
OCB,2023-Q3,NPL,0.0374245018
OCB,2023-Q2,NPL,0.031835224
OCB,2023-Q1,NPL,0.0331792352
OCB,2022-Q4,NPL,0.0222948629
OCB,2022-Q3,NPL,0.0246613944
OCB,2022-Q2,NPL,0.0195605334
OCB,2022-Q1,NPL,0.0132242086
OCB,2021-Q4,NPL,0.0151011418
OCB,2021-Q3,NPL,0.0151011418
OCB,2021-Q1,NPL,0.0169402494
OCB,2024-Q2,CAR,0.1372
OCB,2023-Q2,CAR,0.1333
OCB,2022-Q2,CAR,0.1249
OCB,2026-Q2,CIR,0.3288866778
OCB,2026-Q1,CIR,0.3709002578
OCB,2025-Q4,CIR,0.3626100212
OCB,2025-Q3,CIR,0.3648282298
OCB,2025-Q2,CIR,0.3819142368
OCB,2025-Q1,CIR,0.4408007954
OCB,2024-Q4,CIR,0.3777663453
OCB,2024-Q3,CIR,0.4007911255
OCB,2024-Q2,CIR,0.4203200732
OCB,2024-Q1,CIR,0.3797686777
OCB,2023-Q4,CIR,0.3548198851
OCB,2023-Q3,CIR,0.3249321671
OCB,2023-Q2,CIR,0.2782008242
OCB,2023-Q1,CIR,0.3654489329
OCB,2022-Q4,CIR,0.3605527133
OCB,2022-Q3,CIR,0.3879409772
OCB,2022-Q2,CIR,0.4295498543
OCB,2022-Q1,CIR,0.2694116306
OCB,2021-Q4,CIR,0.3117625654
OCB,2021-Q3,CIR,0.3117625654
OCB,2021-Q1,CIR,0.2844425414
OCB,2026-Q2,LDR,1.3797867928
OCB,2026-Q1,LDR,1.2887544395
OCB,2025-Q4,LDR,1.3248378122
OCB,2025-Q3,LDR,1.2604540814
OCB,2025-Q2,LDR,1.2104290718
OCB,2025-Q1,LDR,1.158660042
OCB,2024-Q4,LDR,1.1992471801
OCB,2024-Q3,LDR,1.1563114906
OCB,2024-Q2,LDR,1.1605739112
OCB,2024-Q1,LDR,1.1923618771
OCB,2023-Q4,LDR,1.1688068315
OCB,2023-Q3,LDR,1.1418663151
OCB,2023-Q2,LDR,1.1549667577
OCB,2023-Q1,LDR,1.1548779053
OCB,2022-Q4,LDR,1.1721999144
OCB,2022-Q3,LDR,1.1558964846
OCB,2022-Q2,LDR,1.1352756394
OCB,2022-Q1,LDR,1.0328539344
OCB,2021-Q4,LDR,1.046655788
OCB,2021-Q3,LDR,1.046655788
OCB,2021-Q1,LDR,1.0072509205
OCB,2026-Q2,CASA,0.110989482
OCB,2026-Q1,CASA,0.111141736
OCB,2025-Q4,CASA,0.1039474289
OCB,2025-Q3,CASA,0.1601902208
OCB,2025-Q2,CASA,0.1571514327
OCB,2025-Q1,CASA,0.1564879043
OCB,2024-Q4,CASA,0.1488923817
OCB,2024-Q3,CASA,0.1647328904
OCB,2024-Q2,CASA,0.126713926
OCB,2024-Q1,CASA,0.1161741761
OCB,2023-Q4,CASA,0.1221828038
OCB,2023-Q3,CASA,0.117383576
OCB,2023-Q2,CASA,0.1069469
OCB,2023-Q1,CASA,0.0860803208
OCB,2022-Q4,CASA,0.111334638
OCB,2022-Q3,CASA,0.134122792
OCB,2022-Q2,CASA,0.1197124297
OCB,2022-Q1,CASA,0.1216780102
OCB,2021-Q4,CASA,0.158121021
OCB,2021-Q3,CASA,0.1041738525
OCB,2021-Q1,CASA,0.0973481956
OCB,2026-Q2,PB,0.9318704679
OCB,2026-Q1,PB,0.9608541632
OCB,2025-Q4,PB,0.9027381592
OCB,2025-Q3,PB,0.9869846772
OCB,2025-Q2,PB,1.0414569344
OCB,2025-Q1,PB,0.9973329621
OCB,2024-Q4,PB,0.8213835444
OCB,2024-Q3,PB,0.8450023161
OCB,2024-Q2,PB,0.9980233068
OCB,2024-Q1,PB,1.0066670364
OCB,2023-Q4,PB,1.0693319966
OCB,2023-Q3,PB,1.0800217486
OCB,2023-Q2,PB,0.9870158288
OCB,2023-Q1,PB,0.9673536472
OCB,2022-Q4,PB,0.894383236
OCB,2022-Q3,PB,0.9952183855
OCB,2022-Q2,PB,0.7634478404
OCB,2022-Q1,PB,1.0820270028
OCB,2021-Q4,PB,1.419827533
OCB,2021-Q3,PB,1.7136012241
OCB,2021-Q1,PB,1.6263455165
OCB,2026-Q2,PE,7.4716170844
OCB,2026-Q1,PE,7.8220958551
OCB,2025-Q4,PE,7.607659022
OCB,2025-Q3,PE,8.2537976654
OCB,2025-Q2,PE,11.4198747622
OCB,2025-Q1,PE,10.9701720634
OCB,2024-Q4,PE,8.1634346106
OCB,2024-Q3,PE,8.3701699376
OCB,2024-Q2,PE,7.8800565874
OCB,2024-Q1,PE,6.7985181623
OCB,2023-Q4,PE,9.1914258752
OCB,2023-Q3,PE,6.7365074526
OCB,2023-Q2,PE,6.4286335078
OCB,2023-Q1,PE,6.8958405065
OCB,2022-Q4,PE,6.3919924887
OCB,2022-Q3,PE,6.7051602322
OCB,2022-Q2,PE,4.7713047802
OCB,2022-Q1,PE,5.9421016784
OCB,2021-Q4,PE,8.1002803934
OCB,2021-Q3,PE,7.6662172296
OCB,2021-Q1,PE,7.9711078048
OCB,2026-Q2,TotalAssets,351741185154313.0
OCB,2026-Q1,TotalAssets,344097628063307.0
OCB,2025-Q4,TotalAssets,322949479567113.0
OCB,2025-Q3,TotalAssets,315161711371066.0
OCB,2025-Q2,TotalAssets,308899421013687.0
OCB,2025-Q1,TotalAssets,289066935913466.0
OCB,2024-Q4,TotalAssets,280712371670087.0
OCB,2024-Q3,TotalAssets,265501820109501.0
OCB,2024-Q2,TotalAssets,238883600023828.0
OCB,2024-Q1,TotalAssets,236979704210373.0
OCB,2023-Q4,TotalAssets,239454200575239.0
OCB,2023-Q3,TotalAssets,216754623026105.0
OCB,2023-Q2,TotalAssets,211291630043153.0
OCB,2023-Q1,TotalAssets,199141150443534.0
OCB,2022-Q4,TotalAssets,193994237850692.0
OCB,2022-Q3,TotalAssets,193149539586748.0
OCB,2022-Q2,TotalAssets,188856642393620.0
OCB,2022-Q1,TotalAssets,187748480030263.0
OCB,2021-Q4,TotalAssets,184491035016344.0
OCB,2021-Q3,TotalAssets,167596082159838.0
OCB,2021-Q2,TotalAssets,167141540638365.0
OCB,2021-Q1,TotalAssets,160297409356400.0
OCB,2020-Q4,TotalAssets,152687082939055.0
OCB,2020-Q3,TotalAssets,132874490544524.0
OCB,2020-Q2,TotalAssets,124397700890376.0
OCB,2020-Q1,TotalAssets,118958414220706.0
OCB,2019-Q4,TotalAssets,118159970847748.0
OCB,2019-Q3,TotalAssets,106412880230987.0
OCB,2019-Q2,TotalAssets,108039289862250.0
OCB,2019-Q1,TotalAssets,100891573917350.0
OCB,2018-Q4,TotalAssets,99964093104327.0
OCB,2018-Q3,TotalAssets,86458759759500.0
OCB,2018-Q2,TotalAssets,90831131874325.0
OCB,2018-Q1,TotalAssets,77628467208683.0
OCB,2026-Q2,GrossLoans,220345278396163.0
OCB,2026-Q1,GrossLoans,204503673456194.0
OCB,2025-Q4,GrossLoans,198764945826810.0
OCB,2025-Q3,GrossLoans,195671011149589.0
OCB,2025-Q2,GrossLoans,186333051129536.0
OCB,2025-Q1,GrossLoans,175135953871204.0
OCB,2024-Q4,GrossLoans,170844469638663.0
OCB,2024-Q3,GrossLoans,157877130230134.0
OCB,2024-Q2,GrossLoans,152708166835418.0
OCB,2024-Q1,GrossLoans,151047286637996.0
OCB,2023-Q4,GrossLoans,144298541236704.0
OCB,2023-Q3,GrossLoans,131488482495941.0
OCB,2023-Q2,GrossLoans,127572763074974.0
OCB,2023-Q1,GrossLoans,121913537977339.0
OCB,2022-Q4,GrossLoans,119802569762625.0
OCB,2022-Q3,GrossLoans,113587140463935.0
OCB,2022-Q2,GrossLoans,109617038407510.0
OCB,2022-Q1,GrossLoans,105716364739467.0
OCB,2021-Q4,GrossLoans,102050733038455.0
OCB,2021-Q3,GrossLoans,97657089542911.0
OCB,2021-Q2,GrossLoans,96152073508061.0
OCB,2021-Q1,GrossLoans,93042175931401.0
OCB,2020-Q4,GrossLoans,89237886166154.0
OCB,2020-Q3,GrossLoans,79178253789449.0
OCB,2020-Q2,GrossLoans,77314881894748.0
OCB,2020-Q1,GrossLoans,77321808495520.0
OCB,2019-Q4,GrossLoans,71090741071723.0
OCB,2019-Q3,GrossLoans,67976168741196.0
OCB,2019-Q2,GrossLoans,67576520417211.0
OCB,2019-Q1,GrossLoans,61120055716337.0
OCB,2018-Q4,GrossLoans,56316351513938.0
OCB,2018-Q3,GrossLoans,53715909970036.0
OCB,2018-Q2,GrossLoans,52900843908661.0
OCB,2018-Q1,GrossLoans,52527074114963.0
OCB,2026-Q2,CustomerDeposits,159695164166116.0
OCB,2026-Q1,CustomerDeposits,158683196107870.0
OCB,2025-Q4,CustomerDeposits,150029644383127.0
OCB,2025-Q3,CustomerDeposits,155238508114289.0
OCB,2025-Q2,CustomerDeposits,153939669388207.0
OCB,2025-Q1,CustomerDeposits,151153873885092.0
OCB,2024-Q4,CustomerDeposits,142459763487912.0
OCB,2024-Q3,CustomerDeposits,136535121820554.0
OCB,2024-Q2,CustomerDeposits,131579872127836.0
OCB,2024-Q1,CustomerDeposits,126679064079789.0
OCB,2023-Q4,CustomerDeposits,125945932418559.0
OCB,2023-Q3,CustomerDeposits,115152256229766.0
OCB,2023-Q2,CustomerDeposits,110455787770107.0
OCB,2023-Q1,CustomerDeposits,105564005876246.0
OCB,2022-Q4,CustomerDeposits,102211486385844.0
OCB,2022-Q3,CustomerDeposits,98267571514292.0
OCB,2022-Q2,CustomerDeposits,96555439584880.0
OCB,2022-Q1,CustomerDeposits,98485363081386.0
OCB,2021-Q4,CustomerDeposits,98804612775544.0
OCB,2021-Q3,CustomerDeposits,93303921562786.0
OCB,2021-Q2,CustomerDeposits,96214684785509.0
OCB,2021-Q1,CustomerDeposits,92372391066741.0
OCB,2020-Q4,CustomerDeposits,87171375610769.0
OCB,2020-Q3,CustomerDeposits,77287023068286.0
OCB,2020-Q2,CustomerDeposits,75264136276226.0
OCB,2020-Q1,CustomerDeposits,71952077689187.0
OCB,2019-Q4,CustomerDeposits,69142056294441.0
OCB,2019-Q3,CustomerDeposits,66790513349961.0
OCB,2019-Q2,CustomerDeposits,64457762943610.0
OCB,2019-Q1,CustomerDeposits,59166189793939.0
OCB,2018-Q4,CustomerDeposits,60362575007000.0
OCB,2018-Q3,CustomerDeposits,60849792600720.0
OCB,2018-Q2,CustomerDeposits,56973077252946.0
OCB,2018-Q1,CustomerDeposits,53047537964969.0
OCB,2026-Q2,Equity,35821888904798.0
OCB,2026-Q1,Equity,34900703109440.0
OCB,2025-Q4,Equity,33924677884591.0
OCB,2025-Q3,Equity,32647855006504.0
OCB,2025-Q2,Equity,33113733211965.0
OCB,2025-Q1,Equity,32388218496367.0
OCB,2024-Q4,Equity,31671045433324.0
OCB,2024-Q3,Equity,30493995279290.0
OCB,2024-Q2,Equity,30142209554921.0
OCB,2024-Q1,Equity,29495563055944.0
OCB,2023-Q4,Equity,29410905083111.0
OCB,2023-Q3,Equity,28348393929598.0
OCB,2023-Q2,Equity,27272306547304.0
OCB,2023-Q1,Equity,26056494179730.0
OCB,2022-Q4,Equity,25272267890795.0
OCB,2022-Q3,Equity,23881660568620.0
OCB,2022-Q2,Equity,23146949926892.0
OCB,2022-Q1,Equity,22472101670974.0
OCB,2021-Q4,Equity,21805009400355.0
OCB,2021-Q3,Equity,20425117966732.0
OCB,2021-Q2,Equity,19536956803152.0
OCB,2021-Q1,Equity,18463379087690.0
OCB,2020-Q4,Equity,17435759901234.0
OCB,2020-Q3,Equity,15905832027259.0
OCB,2020-Q2,Equity,15422711690764.0
OCB,2020-Q1,Equity,12408899310546.0
OCB,2019-Q4,Equity,11507587028349.0
OCB,2019-Q3,Equity,10484751023227.0
OCB,2019-Q2,Equity,9675455512891.0
OCB,2019-Q1,Equity,9225674766523.0
OCB,2018-Q4,Equity,8797296119401.0
OCB,2018-Q3,Equity,8459802432624.0
OCB,2018-Q2,Equity,7153888685501.0
OCB,2018-Q1,Equity,6634654893897.0
OCB,2026-Q2,NPAT,972933237073.0
OCB,2026-Q1,NPAT,975186818278.0
OCB,2025-Q4,NPAT,1276755012482.0
OCB,2025-Q3,NPAT,1227940580732.0
OCB,2025-Q2,NPAT,792929830729.0
OCB,2025-Q1,NPAT,712455690082.0
OCB,2024-Q4,NPAT,1155673585353.0
OCB,2024-Q3,NPAT,347196837368.0
OCB,2024-Q2,NPAT,716959780736.0
OCB,2024-Q1,NPAT,953593023311.0
OCB,2023-Q4,NPAT,1047956118417.0
OCB,2023-Q3,NPAT,1083200763536.0
OCB,2023-Q2,NPAT,1260936594778.0
OCB,2023-Q1,NPAT,786410836126.0
OCB,2022-Q4,NPAT,1391719656546.0
OCB,2022-Q3,NPAT,727299080235.0
OCB,2022-Q2,NPAT,722469050279.0
OCB,2022-Q1,NPAT,668258665539.0
OCB,2021-Q4,NPAT,1400127208660.0
OCB,2021-Q3,NPAT,885158417965.0
OCB,2021-Q2,NPAT,1107921561933.0
OCB,2021-Q1,NPAT,1011751779244.0
OCB,2020-Q4,NPAT,1526588178371.0
OCB,2020-Q3,NPAT,517342466215.0
OCB,2020-Q2,NPAT,605696071240.0
OCB,2020-Q1,NPAT,885522268857.0
OCB,2019-Q4,NPAT,1028942622872.0
OCB,2019-Q3,NPAT,659730504475.0
OCB,2019-Q2,NPAT,465453941750.0
OCB,2019-Q1,NPAT,428545824842.0
OCB,2018-Q4,NPAT,284540322852.0
OCB,2018-Q3,NPAT,435571041517.0
OCB,2018-Q2,NPAT,546011306846.0
OCB,2018-Q1,NPAT,494966738930.0
OCB,2026-Q2,NetInterestIncome,2525326480196.0
OCB,2026-Q1,NetInterestIncome,2382731946497.0
OCB,2025-Q4,NetInterestIncome,2481941369042.0
OCB,2025-Q3,NetInterestIncome,2424219290094.0
OCB,2025-Q2,NetInterestIncome,2179122847119.0
OCB,2025-Q1,NetInterestIncome,2163562883380.0
OCB,2024-Q4,NetInterestIncome,2654655554603.0
OCB,2024-Q3,NetInterestIncome,2064666774446.0
OCB,2024-Q2,NetInterestIncome,1986643589789.0
OCB,2024-Q1,NetInterestIncome,1900702752655.0
OCB,2023-Q4,NetInterestIncome,1856793215580.0
OCB,2023-Q3,NetInterestIncome,1865416255645.0
OCB,2023-Q2,NetInterestIncome,1817893397088.0
OCB,2023-Q1,NetInterestIncome,1750548975173.0
OCB,2022-Q4,NetInterestIncome,1826884744916.0
OCB,2022-Q3,NetInterestIncome,1748915806020.0
OCB,2022-Q2,NetInterestIncome,1701757820679.0
OCB,2022-Q1,NetInterestIncome,1670024669562.0
OCB,2021-Q4,NetInterestIncome,1531053458118.0
OCB,2021-Q3,NetInterestIncome,1354980097120.0
OCB,2021-Q2,NetInterestIncome,1433890895140.0
OCB,2021-Q1,NetInterestIncome,1366274076608.0
OCB,2020-Q4,NetInterestIncome,1590794548343.0
OCB,2020-Q3,NetInterestIncome,1087497356860.0
OCB,2020-Q2,NetInterestIncome,1122849783208.0
OCB,2020-Q1,NetInterestIncome,1180569493767.0
OCB,2019-Q4,NetInterestIncome,1141446036711.0
OCB,2019-Q3,NetInterestIncome,1078197318711.0
OCB,2019-Q2,NetInterestIncome,996316638477.0
OCB,2019-Q1,NetInterestIncome,898800904846.0
OCB,2018-Q4,NetInterestIncome,959428955103.0
OCB,2018-Q3,NetInterestIncome,833918156288.0
OCB,2018-Q2,NetInterestIncome,867125165774.0
OCB,2018-Q1,NetInterestIncome,775497307282.0
OCB,2026-Q2,OperatingIncome,3205362002175.0
OCB,2026-Q1,OperatingIncome,2722294898946.0
OCB,2025-Q4,OperatingIncome,3743487843106.0
OCB,2025-Q3,OperatingIncome,2931201426991.0
OCB,2025-Q2,OperatingIncome,2641737669711.0
OCB,2025-Q1,OperatingIncome,2273312238654.0
OCB,2024-Q4,OperatingIncome,3217857673242.0
OCB,2024-Q3,OperatingIncome,2291871867212.0
OCB,2024-Q2,OperatingIncome,2272347153455.0
OCB,2024-Q1,OperatingIncome,2287006218209.0
OCB,2023-Q4,OperatingIncome,2603951458801.0
OCB,2023-Q3,OperatingIncome,2468487273158.0
OCB,2023-Q2,OperatingIncome,2362709323850.0
OCB,2023-Q1,OperatingIncome,2089991943574.0
OCB,2022-Q4,OperatingIncome,2648660414862.0
OCB,2022-Q3,OperatingIncome,2071137738501.0
OCB,2022-Q2,OperatingIncome,1806161813228.0
OCB,2022-Q1,OperatingIncome,2007611531674.0
OCB,2021-Q4,OperatingIncome,2673204255842.0
OCB,2021-Q3,OperatingIncome,1997218808230.0
OCB,2021-Q2,OperatingIncome,2198235473267.0
OCB,2021-Q1,OperatingIncome,2050494505752.0
OCB,2020-Q4,OperatingIncome,2948367040423.0
OCB,2020-Q3,OperatingIncome,1483116185851.0
OCB,2020-Q2,OperatingIncome,1575130814426.0
OCB,2020-Q1,OperatingIncome,2006252749877.0
OCB,2019-Q4,OperatingIncome,2244677479746.0
OCB,2019-Q3,OperatingIncome,1624761090947.0
OCB,2019-Q2,OperatingIncome,1422869864016.0
OCB,2019-Q1,OperatingIncome,1320845707361.0
OCB,2018-Q4,OperatingIncome,1291658464273.0
OCB,2018-Q3,OperatingIncome,1159375824137.0
OCB,2018-Q2,OperatingIncome,1419763195268.0
OCB,2018-Q1,OperatingIncome,1157192438826.0
MSB,2026-Q2,ROE,0.1368022698
MSB,2026-Q1,ROE,0.1413688903
MSB,2025-Q4,ROE,0.14202027
MSB,2025-Q3,ROE,0.1394704773
MSB,2025-Q2,ROE,0.1365232439
MSB,2025-Q1,ROE,0.1553593111
MSB,2024-Q4,ROE,0.1620587151
MSB,2024-Q3,ROE,0.1321952599
MSB,2024-Q2,ROE,0.1478447207
MSB,2024-Q1,ROE,0.1494259347
MSB,2023-Q4,ROE,0.1602773734
MSB,2023-Q3,ROE,0.1719702868
MSB,2023-Q2,ROE,0.1749741328
MSB,2023-Q1,ROE,0.178419066
MSB,2022-Q4,ROE,0.1896095282
MSB,2022-Q3,ROE,0.1922028091
MSB,2022-Q2,ROE,0.1844418865
MSB,2022-Q1,ROE,0.2073744538
MSB,2021-Q4,ROE,0.2083486498
MSB,2021-Q3,ROE,0.2083486498
MSB,2021-Q1,ROE,0.1616513878107071
MSB,2020-Q4,ROE,0.1267327781
MSB,2026-Q2,ROA,0.0145684537
MSB,2026-Q1,ROA,0.0154906724
MSB,2025-Q4,ROA,0.0154667481
MSB,2025-Q3,ROA,0.0162003452
MSB,2025-Q2,ROA,0.0159715898
MSB,2025-Q1,ROA,0.0181657645
MSB,2024-Q4,ROA,0.0188004431
MSB,2024-Q3,ROA,0.01536245
MSB,2024-Q2,ROA,0.0173592235
MSB,2024-Q1,ROA,0.0178942905
MSB,2023-Q4,ROA,0.0193596965
MSB,2023-Q3,ROA,0.0210819103
MSB,2023-Q2,ROA,0.0218434507
MSB,2023-Q1,ROA,0.0223582681
MSB,2022-Q4,ROA,0.0221698146
MSB,2022-Q3,ROA,0.0232812585
MSB,2022-Q2,ROA,0.0212509956
MSB,2022-Q1,ROA,0.0212152049
MSB,2021-Q4,ROA,0.0214042001
MSB,2021-Q3,ROA,0.0214042001
MSB,2021-Q1,ROA,0.0154596390202641
MSB,2020-Q4,ROA,0.0120544875
MSB,2026-Q2,NIM,0.0316796336
MSB,2026-Q1,NIM,0.0322844039
MSB,2025-Q4,NIM,0.0315133165
MSB,2025-Q3,NIM,0.0344890617
MSB,2025-Q2,NIM,0.0345242629
MSB,2025-Q1,NIM,0.0350252007
MSB,2024-Q4,NIM,0.0365003179
MSB,2024-Q3,NIM,0.0347756302
MSB,2024-Q2,NIM,0.0368659865
MSB,2024-Q1,NIM,0.0387062695
MSB,2023-Q4,NIM,0.0410314888
MSB,2023-Q3,NIM,0.0410949645
MSB,2023-Q2,NIM,0.0426519363
MSB,2023-Q1,NIM,0.0439542157
MSB,2022-Q4,NIM,0.0436382463
MSB,2022-Q3,NIM,0.0433587058
MSB,2022-Q2,NIM,0.0405494443
MSB,2022-Q1,NIM,0.0365517845
MSB,2021-Q4,NIM,0.0372023751
MSB,2021-Q3,NIM,0.0372023751
MSB,2021-Q1,NIM,0.0351655110716819
MSB,2020-Q4,NIM,0.0335206718
MSB,2026-Q2,NPL,0.0252846153
MSB,2026-Q1,NPL,0.0265993934
MSB,2025-Q4,NPL,0.0269011225
MSB,2025-Q3,NPL,0.0279189191
MSB,2025-Q2,NPL,0.0270235548
MSB,2025-Q1,NPL,0.0256842347
MSB,2024-Q4,NPL,0.0267502334
MSB,2024-Q3,NPL,0.0287956507
MSB,2024-Q2,NPL,0.0308461786
MSB,2024-Q1,NPL,0.0317619901
MSB,2023-Q4,NPL,0.0287023898
MSB,2023-Q3,NPL,0.0293716381
MSB,2023-Q2,NPL,0.0255975365
MSB,2023-Q1,NPL,0.0202262889
MSB,2022-Q4,NPL,0.0171476481
MSB,2022-Q3,NPL,0.0149887991
MSB,2022-Q2,NPL,0.015049283
MSB,2022-Q1,NPL,0.0174157893
MSB,2021-Q4,NPL,0.019457429
MSB,2021-Q3,NPL,0.019457429
MSB,2021-Q1,NPL,0.0185941234230995
MSB,2020-Q4,NPL,0.0196324002
MSB,2025-Q2,CAR,0.1228
MSB,2026-Q2,CIR,0.3902061209
MSB,2026-Q1,CIR,0.3451156018
MSB,2025-Q4,CIR,0.36083201
MSB,2025-Q3,CIR,0.3896612329
MSB,2025-Q2,CIR,0.3688671563
MSB,2025-Q1,CIR,0.3787805029
MSB,2024-Q4,CIR,0.3678327979
MSB,2024-Q3,CIR,0.3965724794
MSB,2024-Q2,CIR,0.2882753717
MSB,2024-Q1,CIR,0.3359991329
MSB,2023-Q4,CIR,0.3925553555
MSB,2023-Q3,CIR,0.3405089883
MSB,2023-Q2,CIR,0.2852735527
MSB,2023-Q1,CIR,0.3273276393
MSB,2022-Q4,CIR,0.4140732175
MSB,2022-Q3,CIR,0.3510350318
MSB,2022-Q2,CIR,0.3800728001
MSB,2022-Q1,CIR,0.3713471037
MSB,2021-Q4,CIR,0.3091303646
MSB,2021-Q3,CIR,0.3091303646
MSB,2021-Q1,CIR,0.3453929126262665
MSB,2020-Q4,CIR,0.4992595872
MSB,2026-Q2,LDR,1.1257897306
MSB,2026-Q1,LDR,1.107272558
MSB,2025-Q4,LDR,1.0434084427
MSB,2025-Q3,LDR,1.1175360307
MSB,2025-Q2,LDR,1.1509308267
MSB,2025-Q1,LDR,1.1797815684
MSB,2024-Q4,LDR,1.1415215907
MSB,2024-Q3,LDR,1.1491803664
MSB,2024-Q2,LDR,1.0965234761
MSB,2024-Q1,LDR,1.1330504388
MSB,2023-Q4,LDR,1.1269001766
MSB,2023-Q3,LDR,1.0897052496
MSB,2023-Q2,LDR,1.0818571671
MSB,2023-Q1,LDR,1.0852278798
MSB,2022-Q4,LDR,1.0300780359
MSB,2022-Q3,LDR,1.1724536063
MSB,2022-Q2,LDR,1.1235125116
MSB,2022-Q1,LDR,1.0734142137
MSB,2021-Q4,LDR,1.0424945548
MSB,2021-Q3,LDR,1.0424945548
MSB,2021-Q1,LDR,0.9746782779693604
MSB,2020-Q4,LDR,0.9066439098
MSB,2026-Q2,CASA,0.2310015999
MSB,2026-Q1,CASA,0.2649496237
MSB,2025-Q4,CASA,0.2893782909
MSB,2025-Q3,CASA,0.2783082619
MSB,2025-Q2,CASA,0.2677755133
MSB,2025-Q1,CASA,0.2434895829
MSB,2024-Q4,CASA,0.2641865434
MSB,2024-Q3,CASA,0.2423286345
MSB,2024-Q2,CASA,0.2670946006
MSB,2024-Q1,CASA,0.2921295218
MSB,2023-Q4,CASA,0.2653594578
MSB,2023-Q3,CASA,0.2771068019
MSB,2023-Q2,CASA,0.2422915643
MSB,2023-Q1,CASA,0.2260400663
MSB,2022-Q4,CASA,0.311603409
MSB,2022-Q3,CASA,0.382535502
MSB,2022-Q2,CASA,0.367236567
MSB,2022-Q1,CASA,0.383333649
MSB,2021-Q4,CASA,0.3572721136
MSB,2021-Q3,CASA,0.3094128479
MSB,2021-Q1,CASA,0.3216776561
MSB,2020-Q4,CASA,0.2903754132
MSB,2026-Q2,PB,1.0860506387
MSB,2026-Q1,PB,1.1493041973
MSB,2025-Q4,PB,0.9224884912
MSB,2025-Q3,PB,0.9693203166
MSB,2025-Q2,PB,1.0515841184
MSB,2025-Q1,PB,0.8855714633
MSB,2024-Q4,PB,0.7662105337
MSB,2024-Q3,PB,0.7932995901
MSB,2024-Q2,PB,0.9746111723
MSB,2024-Q1,PB,0.8945949256
MSB,2023-Q4,PB,0.9361557139
MSB,2023-Q3,PB,0.9127305597
MSB,2023-Q2,PB,0.9519636113
MSB,2023-Q1,PB,0.9251017612
MSB,2022-Q4,PB,0.952952724
MSB,2022-Q3,PB,1.0233856411
MSB,2022-Q2,PB,0.9250825662
MSB,2022-Q1,PB,1.1366286667
MSB,2021-Q4,PB,1.6981629506
MSB,2021-Q3,PB,1.8189149255
MSB,2021-Q1,PB,1.8219130087
MSB,2020-Q4,PB,1.4809758848
MSB,2026-Q2,PE,8.3425972267
MSB,2026-Q1,PE,8.6000999466
MSB,2025-Q4,PE,6.9567133101
MSB,2025-Q3,PE,7.2877601149
MSB,2025-Q2,PE,8.1081717191
MSB,2025-Q1,PE,6.0221451106
MSB,2024-Q4,PE,5.1110840952
MSB,2024-Q3,PE,6.3723892014
MSB,2024-Q2,PE,6.9766640939
MSB,2024-Q1,PE,6.2546233353
MSB,2023-Q4,PE,6.3091751999
MSB,2023-Q3,PE,5.6459237736
MSB,2023-Q2,PE,5.8206100261
MSB,2023-Q1,PE,5.4988202032
MSB,2022-Q4,PE,5.4741405004
MSB,2022-Q3,PE,5.7153430214
MSB,2022-Q2,PE,5.4159702279
MSB,2022-Q1,PE,6.1105920152
MSB,2021-Q4,PE,9.1836804211
MSB,2021-Q3,PE,9.5584704948
MSB,2021-Q1,PE,11.9951100118
MSB,2020-Q4,PE,12.6196831256
MSB,2026-Q2,TotalAssets,440998586000000.0
MSB,2026-Q1,TotalAssets,412910904000000.0
MSB,2025-Q4,TotalAssets,407673941000000.0
MSB,2025-Q3,TotalAssets,355678668000000.0
MSB,2025-Q2,TotalAssets,341331296000000.0
MSB,2025-Q1,TotalAssets,314727148000000.0
MSB,2024-Q4,TotalAssets,320148089000000.0
MSB,2024-Q3,TotalAssets,300700789000000.0
MSB,2024-Q2,TotalAssets,295537808000000.0
MSB,2024-Q1,TotalAssets,278789550000000.0
MSB,2023-Q4,TotalAssets,267005838000000.0
MSB,2023-Q3,TotalAssets,249250378000000.0
MSB,2023-Q2,TotalAssets,237815975000000.0
MSB,2023-Q1,TotalAssets,235473188000000.0
MSB,2022-Q4,TotalAssets,213393858000000.0
MSB,2022-Q3,TotalAssets,194182015000000.0
MSB,2022-Q2,TotalAssets,195057359000000.0
MSB,2022-Q1,TotalAssets,195740713000000.0
MSB,2021-Q4,TotalAssets,203665423000000.0
MSB,2021-Q3,TotalAssets,195513048000000.0
MSB,2021-Q2,TotalAssets,183124438000000.0
MSB,2021-Q1,TotalAssets,186907995000000.0
MSB,2020-Q4,TotalAssets,176697625000000.0
MSB,2020-Q3,TotalAssets,166489341000000.0
MSB,2020-Q2,TotalAssets,164740405000000.0
MSB,2020-Q1,TotalAssets,154766381000000.0
MSB,2019-Q4,TotalAssets,156977945000000.0
MSB,2019-Q3,TotalAssets,148342376000000.0
MSB,2019-Q2,TotalAssets,144721024000000.0
MSB,2019-Q1,TotalAssets,134943613000000.0
MSB,2018-Q4,TotalAssets,138873904000000.0
MSB,2018-Q3,TotalAssets,128056527000000.0
MSB,2018-Q2,TotalAssets,122954024000000.0
MSB,2018-Q1,TotalAssets,116108707000000.0
MSB,2026-Q2,GrossLoans,230420314000000.0
MSB,2026-Q1,GrossLoans,214695535000000.0
MSB,2025-Q4,GrossLoans,205208835000000.0
MSB,2025-Q3,GrossLoans,204953493000000.0
MSB,2025-Q2,GrossLoans,200756749000000.0
MSB,2025-Q1,GrossLoans,192345852000000.0
MSB,2024-Q4,GrossLoans,176493451000000.0
MSB,2024-Q3,GrossLoans,170620211000000.0
MSB,2024-Q2,GrossLoans,166389298000000.0
MSB,2024-Q1,GrossLoans,156161027000000.0
MSB,2023-Q4,GrossLoans,149145386000000.0
MSB,2023-Q3,GrossLoans,141244965000000.0
MSB,2023-Q2,GrossLoans,136593027000000.0
MSB,2023-Q1,GrossLoans,136807054000000.0
MSB,2022-Q4,GrossLoans,120643542000000.0
MSB,2022-Q3,GrossLoans,112178967000000.0
MSB,2022-Q2,GrossLoans,110470844000000.0
MSB,2022-Q1,GrossLoans,110578505000000.0
MSB,2021-Q4,GrossLoans,101562609000000.0
MSB,2021-Q3,GrossLoans,97996349000000.0
MSB,2021-Q2,GrossLoans,91380975000000.0
MSB,2021-Q1,GrossLoans,89498224000000.0
MSB,2020-Q4,GrossLoans,79340579000000.0
MSB,2020-Q3,GrossLoans,73429587000000.0
MSB,2020-Q2,GrossLoans,70075987000000.0
MSB,2020-Q1,GrossLoans,65691407000000.0
MSB,2019-Q4,GrossLoans,63594389000000.0
MSB,2019-Q3,GrossLoans,57827968000000.0
MSB,2019-Q2,GrossLoans,55436593000000.0
MSB,2019-Q1,GrossLoans,48770584000000.0
MSB,2018-Q4,GrossLoans,48762243000000.0
MSB,2018-Q3,GrossLoans,39980976000000.0
MSB,2018-Q2,GrossLoans,39551630000000.0
MSB,2018-Q1,GrossLoans,35101859000000.0
MSB,2026-Q2,CustomerDeposits,204674379000000.0
MSB,2026-Q1,CustomerDeposits,193895833000000.0
MSB,2025-Q4,CustomerDeposits,196671626000000.0
MSB,2025-Q3,CustomerDeposits,183397660000000.0
MSB,2025-Q2,CustomerDeposits,174429900000000.0
MSB,2025-Q1,CustomerDeposits,163035139000000.0
MSB,2024-Q4,CustomerDeposits,154612451000000.0
MSB,2024-Q3,CustomerDeposits,148471220000000.0
MSB,2024-Q2,CustomerDeposits,151742577000000.0
MSB,2024-Q1,CustomerDeposits,137823544000000.0
MSB,2023-Q4,CustomerDeposits,132350131000000.0
MSB,2023-Q3,CustomerDeposits,129617587000000.0
MSB,2023-Q2,CustomerDeposits,126257912000000.0
MSB,2023-Q1,CustomerDeposits,126062974000000.0
MSB,2022-Q4,CustomerDeposits,117120779000000.0
MSB,2022-Q3,CustomerDeposits,95678811000000.0
MSB,2022-Q2,CustomerDeposits,98326314000000.0
MSB,2022-Q1,CustomerDeposits,96203566000000.0
MSB,2021-Q4,CustomerDeposits,94616419000000.0
MSB,2021-Q3,CustomerDeposits,94001785000000.0
MSB,2021-Q2,CustomerDeposits,86045919000000.0
MSB,2021-Q1,CustomerDeposits,91823350000000.0
MSB,2020-Q4,CustomerDeposits,87510188000000.0
MSB,2020-Q3,CustomerDeposits,80029059000000.0
MSB,2020-Q2,CustomerDeposits,83191281000000.0
MSB,2020-Q1,CustomerDeposits,81525008000000.0
MSB,2019-Q4,CustomerDeposits,80872643000000.0
MSB,2019-Q3,CustomerDeposits,77342806000000.0
MSB,2019-Q2,CustomerDeposits,68258512000000.0
MSB,2019-Q1,CustomerDeposits,65483945000000.0
MSB,2018-Q4,CustomerDeposits,63528770000000.0
MSB,2018-Q3,CustomerDeposits,64767351000000.0
MSB,2018-Q2,CustomerDeposits,62015783000000.0
MSB,2018-Q1,CustomerDeposits,60030224000000.0
MSB,2026-Q2,Equity,45246509000000.0
MSB,2026-Q1,Equity,43977913000000.0
MSB,2025-Q4,Equity,42446058000000.0
MSB,2025-Q3,Equity,40556253000000.0
MSB,2025-Q2,Equity,39312119000000.0
MSB,2025-Q1,Equity,38020647000000.0
MSB,2024-Q4,Equity,36817557000000.0
MSB,2024-Q3,Equity,35232591000000.0
MSB,2024-Q2,Equity,33880178000000.0
MSB,2024-Q1,Equity,32305124000000.0
MSB,2023-Q4,Equity,31298212000000.0
MSB,2023-Q3,Equity,30567619000000.0
MSB,2023-Q2,Equity,29517935000000.0
MSB,2023-Q1,Equity,27996920000000.0
MSB,2022-Q4,Equity,26653998000000.0
MSB,2022-Q3,Equity,25796727000000.0
MSB,2022-Q2,Equity,24578171000000.0
MSB,2022-Q1,Equity,23114849000000.0
MSB,2021-Q4,Equity,22037785000000.0
MSB,2021-Q3,Equity,21288585000000.0
MSB,2021-Q2,Equity,20307856000000.0
MSB,2021-Q1,Equity,17781310000000.0
MSB,2020-Q4,Equity,16874819000000.0
MSB,2020-Q3,Equity,16161842000000.0
MSB,2020-Q2,Equity,15633075000000.0
MSB,2020-Q1,Equity,15065891000000.0
MSB,2019-Q4,Equity,14863522000000.0
MSB,2019-Q3,Equity,14681364000000.0
MSB,2019-Q2,Equity,14276986000000.0
MSB,2019-Q1,Equity,13902003000000.0
MSB,2018-Q4,Equity,13833453000000.0
MSB,2018-Q3,Equity,13808085000000.0
MSB,2018-Q2,Equity,13823151000000.0
MSB,2018-Q1,Equity,13884246000000.0
MSB,2026-Q2,NPAT,1250603000000.0
MSB,2026-Q1,NPAT,1514222000000.0
MSB,2025-Q4,NPAT,1851246000000.0
MSB,2025-Q3,NPAT,1274181000000.0
MSB,2025-Q2,NPAT,1237492000000.0
MSB,2025-Q1,NPAT,1265601000000.0
MSB,2024-Q4,NPAT,1616976000000.0
MSB,2024-Q3,NPAT,978491000000.0
MSB,2024-Q2,NPAT,1729963000000.0
MSB,2024-Q1,NPAT,1193947000000.0
MSB,2023-Q4,NPAT,483709000000.0
MSB,2023-Q3,NPAT,1325302000000.0
MSB,2023-Q2,NPAT,1617624000000.0
MSB,2023-Q1,NPAT,1217580000000.0
MSB,2022-Q4,NPAT,772310000000.0
MSB,2022-Q3,NPAT,1202769000000.0
MSB,2022-Q2,NPAT,1491993000000.0
MSB,2022-Q1,NPAT,1149143000000.0
MSB,2021-Q4,NPAT,746260000000.0
MSB,2021-Q3,NPAT,809551000000.0
MSB,2021-Q2,NPAT,1580274000000.0
MSB,2021-Q1,NPAT,898653000000.0
MSB,2020-Q4,NPAT,683302000000.0
MSB,2020-Q3,NPAT,553224000000.0
MSB,2020-Q2,NPAT,550297000000.0
MSB,2020-Q1,NPAT,224322000000.0
MSB,2019-Q4,NPAT,175515000000.0
MSB,2019-Q3,NPAT,400408000000.0
MSB,2019-Q2,NPAT,406263000000.0
MSB,2019-Q1,NPAT,61377000000.0
MSB,2018-Q4,NPAT,630709000000.0
MSB,2018-Q3,NPAT,7450000000.0
MSB,2018-Q2,NPAT,-56678000000.0
MSB,2018-Q1,NPAT,233001000000.0
MSB,2026-Q2,NetInterestIncome,3001236000000.0
MSB,2026-Q1,NetInterestIncome,3197509000000.0
MSB,2025-Q4,NetInterestIncome,3043554000000.0
MSB,2025-Q3,NetInterestIncome,2815316000000.0
MSB,2025-Q2,NetInterestIncome,2584839000000.0
MSB,2025-Q1,NetInterestIncome,2503785000000.0
MSB,2024-Q4,NetInterestIncome,3138941000000.0
MSB,2024-Q3,NetInterestIncome,2396498000000.0
MSB,2024-Q2,NetInterestIncome,2341990000000.0
MSB,2024-Q1,NetInterestIncome,2365635000000.0
MSB,2023-Q4,NetInterestIncome,2382502000000.0
MSB,2023-Q3,NetInterestIncome,2437678000000.0
MSB,2023-Q2,NetInterestIncome,2210599000000.0
MSB,2023-Q1,NetInterestIncome,2157736000000.0
MSB,2022-Q4,NetInterestIncome,2097929000000.0
MSB,2022-Q3,NetInterestIncome,2200103000000.0
MSB,2022-Q2,NetInterestIncome,2059748000000.0
MSB,2022-Q1,NetInterestIncome,1964012000000.0
MSB,2021-Q4,NetInterestIncome,1692541000000.0
MSB,2021-Q3,NetInterestIncome,1626968000000.0
MSB,2021-Q2,NetInterestIncome,1476985000000.0
MSB,2021-Q1,NetInterestIncome,1419750000000.0
MSB,2020-Q4,NetInterestIncome,1534865000000.0
MSB,2020-Q3,NetInterestIncome,1309560000000.0
MSB,2020-Q2,NetInterestIncome,1084147000000.0
MSB,2020-Q1,NetInterestIncome,893816000000.0
MSB,2019-Q4,NetInterestIncome,1021361000000.0
MSB,2019-Q3,NetInterestIncome,864161000000.0
MSB,2019-Q2,NetInterestIncome,570738000000.0
MSB,2019-Q1,NetInterestIncome,605844000000.0
MSB,2018-Q4,NetInterestIncome,1238591000000.0
MSB,2018-Q3,NetInterestIncome,547449000000.0
MSB,2018-Q2,NetInterestIncome,607906000000.0
MSB,2018-Q1,NetInterestIncome,440490000000.0
MSB,2026-Q2,OperatingIncome,3394998000000.0
MSB,2026-Q1,OperatingIncome,3649467000000.0
MSB,2025-Q4,OperatingIncome,3847603000000.0
MSB,2025-Q3,OperatingIncome,3403636000000.0
MSB,2025-Q2,OperatingIncome,3535289000000.0
MSB,2025-Q1,OperatingIncome,3257966000000.0
MSB,2024-Q4,OperatingIncome,4253678000000.0
MSB,2024-Q3,OperatingIncome,2933199000000.0
MSB,2024-Q2,OperatingIncome,3912849000000.0
MSB,2024-Q1,OperatingIncome,3118514000000.0
MSB,2023-Q4,OperatingIncome,2721987000000.0
MSB,2023-Q3,OperatingIncome,3170721000000.0
MSB,2023-Q2,OperatingIncome,3527565000000.0
MSB,2023-Q1,OperatingIncome,2868722000000.0
MSB,2022-Q4,OperatingIncome,2665035000000.0
MSB,2022-Q3,OperatingIncome,2838560000000.0
MSB,2022-Q2,OperatingIncome,2784064000000.0
MSB,2022-Q1,OperatingIncome,2406016000000.0
MSB,2021-Q4,OperatingIncome,2918487000000.0
MSB,2021-Q3,OperatingIncome,2310543000000.0
MSB,2021-Q2,OperatingIncome,3295155000000.0
MSB,2021-Q1,OperatingIncome,2064058000000.0
MSB,2020-Q4,OperatingIncome,2377217000000.0
MSB,2020-Q3,OperatingIncome,1783070000000.0
MSB,2020-Q2,OperatingIncome,1759290000000.0
MSB,2020-Q1,OperatingIncome,1262903000000.0
MSB,2019-Q4,OperatingIncome,1215744000000.0
MSB,2019-Q3,OperatingIncome,1684399000000.0
MSB,2019-Q2,OperatingIncome,1017680000000.0
MSB,2019-Q1,OperatingIncome,797333000000.0
MSB,2018-Q4,OperatingIncome,2008730000000.0
MSB,2018-Q3,OperatingIncome,945573000000.0
MSB,2018-Q2,OperatingIncome,997896000000.0
MSB,2018-Q1,OperatingIncome,796293000000.0
SSB,2026-Q2,ROE,0.0726722294
SSB,2026-Q1,ROE,0.0774129838
SSB,2025-Q4,ROE,0.1461892187
SSB,2025-Q3,ROE,0.1728287395
SSB,2025-Q2,ROE,0.186798033
SSB,2025-Q1,ROE,0.2028466645
SSB,2024-Q4,ROE,0.147505316
SSB,2024-Q3,ROE,0.1481638123
SSB,2024-Q2,ROE,0.1509864926
SSB,2024-Q1,ROE,0.1361730918
SSB,2023-Q4,ROE,0.130090791
SSB,2023-Q3,ROE,0.1222930746
SSB,2023-Q2,ROE,0.1290726662
SSB,2023-Q1,ROE,0.1520410752
SSB,2022-Q4,ROE,0.1805494735
SSB,2022-Q3,ROE,0.1702766326
SSB,2022-Q2,ROE,0.1790532156
SSB,2022-Q1,ROE,0.1612263784
SSB,2021-Q4,ROE,0.1692336876
SSB,2021-Q3,ROE,0.1692336876
SSB,2021-Q1,ROE,0.1257695257663726
SSB,2026-Q2,ROA,0.0074282467
SSB,2026-Q1,ROA,0.0080224644
SSB,2025-Q4,ROA,0.0152588803
SSB,2025-Q3,ROA,0.0186749463
SSB,2025-Q2,ROA,0.0206745701
SSB,2025-Q1,ROA,0.0231387214
SSB,2024-Q4,ROA,0.0162752857
SSB,2024-Q3,ROA,0.0171881674
SSB,2024-Q2,ROA,0.0174387236
SSB,2024-Q1,ROA,0.0156021236
SSB,2023-Q4,ROA,0.0147803926
SSB,2023-Q3,ROA,0.0138178012
SSB,2023-Q2,ROA,0.0143414338
SSB,2023-Q1,ROA,0.0164961417
SSB,2022-Q4,ROA,0.0182940683
SSB,2022-Q3,ROA,0.0168870871
SSB,2022-Q2,ROA,0.0166341117
SSB,2022-Q1,ROA,0.0133029457
SSB,2021-Q4,ROA,0.0132861623
SSB,2021-Q3,ROA,0.0132861623
SSB,2021-Q1,ROA,0.0092702405527234
SSB,2026-Q2,NIM,0.0245832806
SSB,2026-Q1,NIM,0.0259722643
SSB,2025-Q4,NIM,0.0281703491
SSB,2025-Q3,NIM,0.0286895925
SSB,2025-Q2,NIM,0.0321952889
SSB,2025-Q1,NIM,0.0358340902
SSB,2024-Q4,NIM,0.0358460209
SSB,2024-Q3,NIM,0.0376896122
SSB,2024-Q2,NIM,0.0345416808
SSB,2024-Q1,NIM,0.0307060607
SSB,2023-Q4,NIM,0.0305407324
SSB,2023-Q3,NIM,0.0303615893
SSB,2023-Q2,NIM,0.0317318474
SSB,2023-Q1,NIM,0.033406891
SSB,2022-Q4,NIM,0.034234038
SSB,2022-Q3,NIM,0.031372057
SSB,2022-Q2,NIM,0.0310205831
SSB,2022-Q1,NIM,0.0286553878
SSB,2021-Q4,NIM,0.0282706933
SSB,2021-Q3,NIM,0.0282706933
SSB,2021-Q1,NIM,0.021926924586296
SSB,2026-Q2,NPL,0.02246019
SSB,2026-Q1,NPL,0.0223637474
SSB,2025-Q4,NPL,0.0205616099
SSB,2025-Q3,NPL,0.0195152142
SSB,2025-Q2,NPL,0.0195466245
SSB,2025-Q1,NPL,0.0183745921
SSB,2024-Q4,NPL,0.0189121958
SSB,2024-Q3,NPL,0.0187210212
SSB,2024-Q2,NPL,0.0190954559
SSB,2024-Q1,NPL,0.0196081555
SSB,2023-Q4,NPL,0.0193766916
SSB,2023-Q3,NPL,0.0187344998
SSB,2023-Q2,NPL,0.0172999128
SSB,2023-Q1,NPL,0.0159899269
SSB,2022-Q4,NPL,0.0159792741
SSB,2022-Q3,NPL,0.0159370535
SSB,2022-Q2,NPL,0.0160079807
SSB,2022-Q1,NPL,0.0164953317
SSB,2021-Q4,NPL,0.0168472934
SSB,2021-Q3,NPL,0.0168472934
SSB,2021-Q1,NPL,0.0180084593594074
SSB,2025-Q2,CAR,0.1327
SSB,2024-Q2,CAR,0.1478
SSB,2023-Q2,CAR,0.1455
SSB,2022-Q2,CAR,0.1349
SSB,2026-Q2,CIR,0.4043895484
SSB,2026-Q1,CIR,0.3201586101
SSB,2025-Q4,CIR,0.3301371222
SSB,2025-Q3,CIR,0.3735205437
SSB,2025-Q2,CIR,0.3865674619
SSB,2025-Q1,CIR,0.1776565604
SSB,2024-Q4,CIR,0.3328405458
SSB,2024-Q3,CIR,0.3554441908
SSB,2024-Q2,CIR,0.2872346155
SSB,2024-Q1,CIR,0.3367189116
SSB,2023-Q4,CIR,0.3827622501
SSB,2023-Q3,CIR,0.3730512781
SSB,2023-Q2,CIR,0.4365377533
SSB,2023-Q1,CIR,0.3670271476
SSB,2022-Q4,CIR,0.3527973317
SSB,2022-Q3,CIR,0.3921898936
SSB,2022-Q2,CIR,0.3208116606
SSB,2022-Q1,CIR,0.3595067505
SSB,2021-Q4,CIR,0.305431814
SSB,2021-Q3,CIR,0.305431814
SSB,2021-Q1,CIR,0.4070338606834411
SSB,2026-Q2,LDR,1.2707149215
SSB,2026-Q1,LDR,1.2843147323
SSB,2025-Q4,LDR,1.2358612266
SSB,2025-Q3,LDR,1.3149238875
SSB,2025-Q2,LDR,1.323571225
SSB,2025-Q1,LDR,1.3311914503
SSB,2024-Q4,LDR,1.2437882546
SSB,2024-Q3,LDR,1.2816821242
SSB,2024-Q2,LDR,1.2442607148
SSB,2024-Q1,LDR,1.173691446
SSB,2023-Q4,LDR,1.241037597
SSB,2023-Q3,LDR,1.1978172603
SSB,2023-Q2,LDR,1.3136882359
SSB,2023-Q1,LDR,1.3533370106
SSB,2022-Q4,LDR,1.3324069938
SSB,2022-Q3,LDR,1.3231774311
SSB,2022-Q2,LDR,1.2574702519
SSB,2022-Q1,LDR,1.1621676993
SSB,2021-Q4,LDR,1.0193764747
SSB,2021-Q3,LDR,1.0193764747
SSB,2021-Q1,LDR,0.9639902710914612
SSB,2026-Q2,CASA,0.1322652282
SSB,2026-Q1,CASA,0.1101042422
SSB,2025-Q4,CASA,0.1537217617
SSB,2025-Q3,CASA,0.1581825049
SSB,2025-Q2,CASA,0.1098233906
SSB,2025-Q1,CASA,0.1056064999
SSB,2024-Q4,CASA,0.1940083008
SSB,2024-Q3,CASA,0.1345791297
SSB,2024-Q2,CASA,0.1340754446
SSB,2024-Q1,CASA,0.1132815012
SSB,2023-Q4,CASA,0.1153082112
SSB,2023-Q3,CASA,0.17298417
SSB,2023-Q2,CASA,0.1024465363
SSB,2023-Q1,CASA,0.0884975389
SSB,2022-Q4,CASA,0.1003236675
SSB,2022-Q3,CASA,0.0985861839
SSB,2022-Q2,CASA,0.0933144737
SSB,2022-Q1,CASA,0.1189793451
SSB,2021-Q4,CASA,0.0886684901
SSB,2021-Q3,CASA,0.1201349674
SSB,2021-Q1,CASA,0.0911177896
SSB,2026-Q2,PB,1.2270299287
SSB,2026-Q1,PB,1.3142622396
SSB,2025-Q4,PB,1.1909192657
SSB,2025-Q3,PB,1.2646650347
SSB,2025-Q2,PB,1.3977168236
SSB,2025-Q1,PB,1.4188292492
SSB,2024-Q4,PB,1.5074842203
SSB,2024-Q3,PB,1.4645993323
SSB,2024-Q2,PB,1.5053709232
SSB,2024-Q1,PB,1.6445259451
SSB,2023-Q4,PB,1.8616734241
SSB,2023-Q3,PB,2.0089480733
SSB,2023-Q2,PB,2.1906583968
SSB,2023-Q1,PB,2.5998645671
SSB,2022-Q4,PB,2.434461734
SSB,2022-Q3,PB,2.699220341
SSB,2022-Q2,PB,2.4890727405
SSB,2022-Q1,PB,2.7752623277
SSB,2021-Q4,PB,3.3127940536
SSB,2021-Q3,PB,3.0531250841
SSB,2021-Q1,PB,3.228882896
SSB,2026-Q2,PE,17.3430894788
SSB,2026-Q1,PE,17.4307634659
SSB,2025-Q4,PE,8.7224281983
SSB,2025-Q3,PE,7.6747626609
SSB,2025-Q2,PE,8.0287252731
SSB,2025-Q1,PE,7.6812375987
SSB,2024-Q4,PE,10.9543255511
SSB,2024-Q3,PE,10.3696790767
SSB,2024-Q2,PE,10.5304624287
SSB,2024-Q1,PE,12.7448416761
SSB,2023-Q4,PE,15.0907197368
SSB,2023-Q3,PE,17.1559632785
SSB,2023-Q2,PE,17.675310214
SSB,2023-Q1,PE,18.0022454071
SSB,2022-Q4,PE,15.3342573049
SSB,2022-Q3,PE,17.184097011
SSB,2022-Q2,PE,15.0650574372
SSB,2022-Q1,PE,17.9239474445
SSB,2021-Q4,PE,20.1338636713
SSB,2021-Q3,PE,20.8358933641
SSB,2021-Q1,PE,26.7956385355
SSB,2026-Q2,TotalAssets,427107510000000.0
SSB,2026-Q1,TotalAssets,403197675000000.0
SSB,2025-Q4,TotalAssets,396443131000000.0
SSB,2025-Q3,TotalAssets,380808411000000.0
SSB,2025-Q2,TotalAssets,379013742000000.0
SSB,2025-Q1,TotalAssets,333746268000000.0
SSB,2024-Q4,TotalAssets,325698848000000.0
SSB,2024-Q3,TotalAssets,288517800000000.0
SSB,2024-Q2,TotalAssets,280657951000000.0
SSB,2024-Q1,TotalAssets,271613578000000.0
SSB,2023-Q4,TotalAssets,266107033000000.0
SSB,2023-Q3,TotalAssets,248810092000000.0
SSB,2023-Q2,TotalAssets,245206026000000.0
SSB,2023-Q1,TotalAssets,245169088000000.0
SSB,2022-Q4,TotalAssets,231423056000000.0
SSB,2022-Q3,TotalAssets,229145802000000.0
SSB,2022-Q2,TotalAssets,229723225000000.0
SSB,2022-Q1,TotalAssets,231222030000000.0
SSB,2021-Q4,TotalAssets,211663515000000.0
SSB,2021-Q3,TotalAssets,197629226000000.0
SSB,2021-Q2,TotalAssets,186934447000000.0
SSB,2021-Q1,TotalAssets,184320897000000.0
SSB,2020-Q4,TotalAssets,180207288000000.0
SSB,2020-Q3,TotalAssets,167426241000000.0
SSB,2020-Q2,TotalAssets,161540016000000.0
SSB,2020-Q1,TotalAssets,148500554000000.0
SSB,2019-Q4,TotalAssets,157398288000000.0
SSB,2019-Q3,TotalAssets,152558612000000.0
SSB,2019-Q2,TotalAssets,149087108000000.0
SSB,2019-Q1,TotalAssets,141297812000000.0
SSB,2018-Q4,TotalAssets,140487188000000.0
SSB,2018-Q3,TotalAssets,126371670000000.0
SSB,2018-Q2,TotalAssets,129483563000000.0
SSB,2018-Q1,TotalAssets,121181368000000.0
SSB,2026-Q2,GrossLoans,253860052000000.0
SSB,2026-Q1,GrossLoans,238723587000000.0
SSB,2025-Q4,GrossLoans,237047100000000.0
SSB,2025-Q3,GrossLoans,233562130000000.0
SSB,2025-Q2,GrossLoans,220570565000000.0
SSB,2025-Q1,GrossLoans,213048049000000.0
SSB,2024-Q4,GrossLoans,209354643000000.0
SSB,2024-Q3,GrossLoans,196889847000000.0
SSB,2024-Q2,GrossLoans,185958901000000.0
SSB,2024-Q1,GrossLoans,181184610000000.0
SSB,2023-Q4,GrossLoans,179751893000000.0
SSB,2023-Q3,GrossLoans,168848063000000.0
SSB,2023-Q2,GrossLoans,161889255000000.0
SSB,2023-Q1,GrossLoans,159281216000000.0
SSB,2022-Q4,GrossLoans,153955992000000.0
SSB,2022-Q3,GrossLoans,149975841000000.0
SSB,2022-Q2,GrossLoans,146783660000000.0
SSB,2022-Q1,GrossLoans,145836833000000.0
SSB,2021-Q4,GrossLoans,127588159000000.0
SSB,2021-Q3,GrossLoans,112580576000000.0
SSB,2021-Q2,GrossLoans,111578130000000.0
SSB,2021-Q1,GrossLoans,111050028000000.0
SSB,2020-Q4,GrossLoans,108869236000000.0
SSB,2020-Q3,GrossLoans,97870720000000.0
SSB,2020-Q2,GrossLoans,98003710000000.0
SSB,2020-Q1,GrossLoans,97137168000000.0
SSB,2019-Q4,GrossLoans,98613839000000.0
SSB,2019-Q3,GrossLoans,93318282000000.0
SSB,2019-Q2,GrossLoans,88210909000000.0
SSB,2019-Q1,GrossLoans,85699729000000.0
SSB,2018-Q4,GrossLoans,83910159000000.0
SSB,2018-Q3,GrossLoans,77502821000000.0
SSB,2018-Q2,GrossLoans,75875118000000.0
SSB,2018-Q1,GrossLoans,73047744000000.0
SSB,2026-Q2,CustomerDeposits,199777344000000.0
SSB,2026-Q1,CustomerDeposits,185876235000000.0
SSB,2025-Q4,CustomerDeposits,191807215000000.0
SSB,2025-Q3,CustomerDeposits,177624068000000.0
SSB,2025-Q2,CustomerDeposits,166648051000000.0
SSB,2025-Q1,CustomerDeposits,160043132000000.0
SSB,2024-Q4,CustomerDeposits,168320164000000.0
SSB,2024-Q3,CustomerDeposits,153618314000000.0
SSB,2024-Q2,CustomerDeposits,149453325000000.0
SSB,2024-Q1,CustomerDeposits,154371586000000.0
SSB,2023-Q4,CustomerDeposits,144840006000000.0
SSB,2023-Q3,CustomerDeposits,140963124000000.0
SSB,2023-Q2,CustomerDeposits,123232629000000.0
SSB,2023-Q1,CustomerDeposits,117695160000000.0
SSB,2022-Q4,CustomerDeposits,115547271000000.0
SSB,2022-Q3,CustomerDeposits,113345223000000.0
SSB,2022-Q2,CustomerDeposits,116729330000000.0
SSB,2022-Q1,CustomerDeposits,106116923000000.0
SSB,2021-Q4,CustomerDeposits,109784637000000.0
SSB,2021-Q3,CustomerDeposits,110440626000000.0
SSB,2021-Q2,CustomerDeposits,107983872000000.0
SSB,2021-Q1,CustomerDeposits,115198284000000.0
SSB,2020-Q4,CustomerDeposits,113276597000000.0
SSB,2020-Q3,CustomerDeposits,102547411000000.0
SSB,2020-Q2,CustomerDeposits,100233665000000.0
SSB,2020-Q1,CustomerDeposits,98610547000000.0
SSB,2019-Q4,CustomerDeposits,95727318000000.0
SSB,2019-Q3,CustomerDeposits,90754304000000.0
SSB,2019-Q2,CustomerDeposits,89780907000000.0
SSB,2019-Q1,CustomerDeposits,87264525000000.0
SSB,2018-Q4,CustomerDeposits,84344557000000.0
SSB,2018-Q3,CustomerDeposits,91988956000000.0
SSB,2018-Q2,CustomerDeposits,88633966000000.0
SSB,2018-Q1,CustomerDeposits,82931355000000.0
SSB,2026-Q2,Equity,42195287000000.0
SSB,2026-Q1,Equity,41481767000000.0
SSB,2025-Q4,Equity,40372594000000.0
SSB,2025-Q3,Equity,40267975000000.0
SSB,2025-Q2,Equity,39487970000000.0
SSB,2025-Q1,Equity,38599606000000.0
SSB,2024-Q4,Equity,35002855000000.0
SSB,2024-Q3,Equity,33777668000000.0
SSB,2024-Q2,Equity,32768668000000.0
SSB,2024-Q1,Equity,31565668000000.0
SSB,2023-Q4,Equity,30296679000000.0
SSB,2023-Q3,Equity,28627746000000.0
SSB,2023-Q2,Equity,27721837000000.0
SSB,2023-Q1,Equity,27086484000000.0
SSB,2022-Q4,Equity,26232220000000.0
SSB,2022-Q3,Equity,24620095000000.0
SSB,2022-Q2,Equity,23556800000000.0
SSB,2022-Q1,Equity,22590832000000.0
SSB,2021-Q4,Equity,18663264000000.0
SSB,2021-Q3,Equity,16034544000000.0
SSB,2021-Q2,Equity,14879182000000.0
SSB,2021-Q1,Equity,14225440000000.0
SSB,2020-Q4,Equity,13670378000000.0
SSB,2020-Q3,Equity,11798584000000.0
SSB,2020-Q2,Equity,11421794000000.0
SSB,2020-Q1,Equity,11264664000000.0
SSB,2019-Q4,Equity,10925842000000.0
SSB,2019-Q3,Equity,10374021000000.0
SSB,2019-Q2,Equity,8585380000000.0
SSB,2019-Q1,Equity,8417205000000.0
SSB,2018-Q4,Equity,8301505000000.0
SSB,2018-Q3,Equity,6505503000000.0
SSB,2018-Q2,Equity,6288870000000.0
SSB,2018-Q1,Equity,6269618000000.0
SSB,2026-Q2,NPAT,990923000000.0
SSB,2026-Q1,NPAT,1110630000000.0
SSB,2025-Q4,NPAT,104289000000.0
SSB,2025-Q3,NPAT,779490000000.0
SSB,2025-Q2,NPAT,1133275000000.0
SSB,2025-Q1,NPAT,3492485000000.0
SSB,2024-Q4,NPAT,1220935000000.0
SSB,2024-Q3,NPAT,1011973000000.0
SSB,2024-Q2,NPAT,1381786000000.0
SSB,2024-Q1,NPAT,1201332000000.0
SSB,2023-Q4,NPAT,1161289000000.0
SSB,2023-Q3,NPAT,908195000000.0
SSB,2023-Q2,NPAT,753505000000.0
SSB,2023-Q1,NPAT,853806000000.0
SSB,2022-Q4,NPAT,837412000000.0
SSB,2022-Q3,NPAT,964752000000.0
SSB,2022-Q2,NPAT,1201905000000.0
SSB,2022-Q1,NPAT,1048859000000.0
SSB,2021-Q4,NPAT,591486000000.0
SSB,2021-Q3,NPAT,776659000000.0
SSB,2021-Q2,NPAT,683223000000.0
SSB,2021-Q1,NPAT,555150000000.0
SSB,2020-Q4,NPAT,473107000000.0
SSB,2020-Q3,NPAT,371511000000.0
SSB,2020-Q2,NPAT,207447000000.0
SSB,2020-Q1,NPAT,308400000000.0
SSB,2019-Q4,NPAT,562181000000.0
SSB,2019-Q3,NPAT,215454000000.0
SSB,2019-Q2,NPAT,170602000000.0
SSB,2019-Q1,NPAT,150215000000.0
SSB,2018-Q4,NPAT,91290000000.0
SSB,2018-Q3,NPAT,144366000000.0
SSB,2018-Q2,NPAT,95866000000.0
SSB,2018-Q1,NPAT,111929000000.0
SSB,2026-Q2,NetInterestIncome,2249952000000.0
SSB,2026-Q1,NetInterestIncome,2413461000000.0
SSB,2025-Q4,NetInterestIncome,2451866000000.0
SSB,2025-Q3,NetInterestIncome,2337097000000.0
SSB,2025-Q2,NetInterestIncome,2464389000000.0
SSB,2025-Q1,NetInterestIncome,2450482000000.0
SSB,2024-Q4,NetInterestIncome,2425898000000.0
SSB,2024-Q3,NetInterestIncome,2797217000000.0
SSB,2024-Q2,NetInterestIncome,2741576000000.0
SSB,2024-Q1,NetInterestIncome,2001719000000.0
SSB,2023-Q4,NetInterestIncome,2215184000000.0
SSB,2023-Q3,NetInterestIncome,1638021000000.0
SSB,2023-Q2,NetInterestIncome,1507548000000.0
SSB,2023-Q1,NetInterestIncome,1796093000000.0
SSB,2022-Q4,NetInterestIncome,1929175000000.0
SSB,2022-Q3,NetInterestIncome,1784555000000.0
SSB,2022-Q2,NetInterestIncome,1727625000000.0
SSB,2022-Q1,NetInterestIncome,1564572000000.0
SSB,2021-Q4,NetInterestIncome,1337348000000.0
SSB,2021-Q3,NetInterestIncome,1418343000000.0
SSB,2021-Q2,NetInterestIncome,1325011000000.0
SSB,2021-Q1,NetInterestIncome,1105391000000.0
SSB,2020-Q4,NetInterestIncome,976644000000.0
SSB,2020-Q3,NetInterestIncome,747006000000.0
SSB,2020-Q2,NetInterestIncome,698389000000.0
SSB,2020-Q1,NetInterestIncome,639677000000.0
SSB,2019-Q4,NetInterestIncome,639104000000.0
SSB,2019-Q3,NetInterestIncome,831250000000.0
SSB,2019-Q2,NetInterestIncome,766800000000.0
SSB,2019-Q1,NetInterestIncome,657415000000.0
SSB,2018-Q4,NetInterestIncome,532667000000.0
SSB,2018-Q3,NetInterestIncome,404232000000.0
SSB,2018-Q2,NetInterestIncome,693451000000.0
SSB,2018-Q1,NetInterestIncome,528878000000.0
SSB,2026-Q2,OperatingIncome,2489231000000.0
SSB,2026-Q1,OperatingIncome,2913559000000.0
SSB,2025-Q4,OperatingIncome,3005142000000.0
SSB,2025-Q3,OperatingIncome,2596224000000.0
SSB,2025-Q2,OperatingIncome,2692477000000.0
SSB,2025-Q1,OperatingIncome,5819847000000.0
SSB,2024-Q4,OperatingIncome,3218959000000.0
SSB,2024-Q3,OperatingIncome,3178544000000.0
SSB,2024-Q2,OperatingIncome,3305016000000.0
SSB,2024-Q1,OperatingIncome,2706480000000.0
SSB,2023-Q4,OperatingIncome,2839006000000.0
SSB,2023-Q3,OperatingIncome,2368283000000.0
SSB,2023-Q2,OperatingIncome,1952397000000.0
SSB,2023-Q1,OperatingIncome,2264105000000.0
SSB,2022-Q4,OperatingIncome,2365277000000.0
SSB,2022-Q3,OperatingIncome,2252799000000.0
SSB,2022-Q2,OperatingIncome,2706747000000.0
SSB,2022-Q1,OperatingIncome,2322424000000.0
SSB,2021-Q4,OperatingIncome,1887361000000.0
SSB,2021-Q3,OperatingIncome,1949404000000.0
SSB,2021-Q2,OperatingIncome,1758990000000.0
SSB,2021-Q1,OperatingIncome,1440035000000.0
SSB,2020-Q4,OperatingIncome,1399753000000.0
SSB,2020-Q3,OperatingIncome,1180810000000.0
SSB,2020-Q2,OperatingIncome,1030290000000.0
SSB,2020-Q1,OperatingIncome,972834000000.0
SSB,2019-Q4,OperatingIncome,2543937000000.0
SSB,2019-Q3,OperatingIncome,1002419000000.0
SSB,2019-Q2,OperatingIncome,942663000000.0
SSB,2019-Q1,OperatingIncome,721794000000.0
SSB,2018-Q4,OperatingIncome,674849000000.0
SSB,2018-Q3,OperatingIncome,715864000000.0
SSB,2018-Q2,OperatingIncome,822574000000.0
SSB,2018-Q1,OperatingIncome,598393000000.0
EIB,2026-Q2,ROE,0.0186539556
EIB,2026-Q1,ROE,0.0284671071
EIB,2025-Q4,ROE,0.0444935853
EIB,2025-Q3,ROE,0.1177178004
EIB,2025-Q2,ROE,0.1314119626
EIB,2025-Q1,ROE,0.1403959003
EIB,2024-Q4,ROE,0.1399451313
EIB,2024-Q3,ROE,0.1158523614
EIB,2024-Q2,ROE,0.0979122802
EIB,2024-Q1,ROE,0.0902443906
EIB,2023-Q4,ROE,0.1008784668
EIB,2023-Q3,ROE,0.0833135584
EIB,2023-Q2,ROE,0.1224337509
EIB,2023-Q1,ROE,0.1482015576
EIB,2022-Q4,ROE,0.1539666421
EIB,2022-Q3,ROE,0.1449480676
EIB,2022-Q2,ROE,0.1118130474
EIB,2022-Q1,ROE,0.0557985144
EIB,2021-Q4,ROE,0.0566351596
EIB,2021-Q3,ROE,0.0566351596
EIB,2021-Q1,ROE,0.0526503250002861
EIB,2020-Q4,ROE,0.0657181659
EIB,2020-Q3,ROE,0.0528765239
EIB,2020-Q2,ROE,0.0436247804
EIB,2020-Q1,ROE,0.0602228346
EIB,2019-Q4,ROE,0.0565492329
EIB,2019-Q3,ROE,0.0414008955
EIB,2019-Q2,ROE,0.035112755
EIB,2019-Q1,ROE,0.0329525521
EIB,2018-Q4,ROE,0.0453472773
EIB,2018-Q3,ROE,0.0917098857
EIB,2018-Q2,ROE,0.085518894
EIB,2018-Q1,ROE,0.0801023925
EIB,2026-Q2,ROA,0.0018473433
EIB,2026-Q1,ROA,0.002833525
EIB,2025-Q4,ROA,0.0044321789
EIB,2025-Q3,ROA,0.0121426679
EIB,2025-Q2,ROA,0.0136822139
EIB,2025-Q1,ROA,0.0149281371
EIB,2024-Q4,ROA,0.0150812257
EIB,2024-Q3,ROA,0.0128269174
EIB,2024-Q2,ROA,0.0109679365
EIB,2024-Q1,ROA,0.0101506691
EIB,2023-Q4,ROA,0.0112044031
EIB,2023-Q3,ROA,0.0094041592
EIB,2023-Q2,ROA,0.0137113868
EIB,2023-Q1,ROA,0.016477049
EIB,2022-Q4,ROA,0.016790267
EIB,2022-Q3,ROA,0.0156990741
EIB,2022-Q2,ROA,0.0120792426
EIB,2022-Q1,ROA,0.0059180762
EIB,2021-Q4,ROA,0.0059945329
EIB,2021-Q3,ROA,0.0059945329
EIB,2021-Q1,ROA,0.0056533715687692
EIB,2020-Q4,ROA,0.0065260213
EIB,2020-Q3,ROA,0.0054857803
EIB,2020-Q2,ROA,0.0044182362
EIB,2020-Q1,ROA,0.0059211575
EIB,2019-Q4,ROA,0.0054101063
EIB,2019-Q3,ROA,0.0040909168
EIB,2019-Q2,ROA,0.0035002993
EIB,2019-Q1,ROA,0.0033263838
EIB,2018-Q4,ROA,0.0043744551
EIB,2018-Q3,ROA,0.0092434126
EIB,2018-Q2,ROA,0.0085412891
EIB,2018-Q1,ROA,0.007980528
EIB,2026-Q2,NIM,0.0236730221
EIB,2026-Q1,NIM,0.024049501
EIB,2025-Q4,NIM,0.0247020808
EIB,2025-Q3,NIM,0.024203926
EIB,2025-Q2,NIM,0.0252971536
EIB,2025-Q1,NIM,0.0266358345
EIB,2024-Q4,NIM,0.0280100655
EIB,2024-Q3,NIM,0.0286120197
EIB,2024-Q2,NIM,0.0263667029
EIB,2024-Q1,NIM,0.024905527
EIB,2023-Q4,NIM,0.0246672618
EIB,2023-Q3,NIM,0.0257075921
EIB,2023-Q2,NIM,0.0294497044
EIB,2023-Q1,NIM,0.0319226034
EIB,2022-Q4,NIM,0.0331507936
EIB,2022-Q3,NIM,0.0306881008
EIB,2022-Q2,NIM,0.0270572902
EIB,2022-Q1,NIM,0.0225788229
EIB,2021-Q4,NIM,0.0218875558
EIB,2021-Q3,NIM,0.0218875558
EIB,2021-Q1,NIM,0.0222003161907196
EIB,2020-Q4,NIM,0.0212137524
EIB,2020-Q3,NIM,0.0219678366
EIB,2020-Q2,NIM,0.0213786291
EIB,2020-Q1,NIM,0.0215870746
EIB,2019-Q4,NIM,0.0212007034
EIB,2019-Q3,NIM,0.0230026603
EIB,2019-Q2,NIM,0.0236076177
EIB,2019-Q1,NIM,0.0240172821
EIB,2018-Q4,NIM,0.0225619312
EIB,2018-Q3,NIM,0.0218154045
EIB,2018-Q2,NIM,0.0207555278
EIB,2018-Q1,NIM,0.0200749999
EIB,2026-Q2,NPL,0.0308133093
EIB,2026-Q1,NPL,0.0306711133
EIB,2025-Q4,NPL,0.0286226871
EIB,2025-Q3,NPL,0.029903085
EIB,2025-Q2,NPL,0.0266453337
EIB,2025-Q1,NPL,0.0258528297
EIB,2024-Q4,NPL,0.0253144719
EIB,2024-Q3,NPL,0.0270737998
EIB,2024-Q2,NPL,0.0264463127
EIB,2024-Q1,NPL,0.0285930472
EIB,2023-Q4,NPL,0.0265353403
EIB,2023-Q3,NPL,0.026422127
EIB,2023-Q2,NPL,0.0274969074
EIB,2023-Q1,NPL,0.0234279831
EIB,2022-Q4,NPL,0.0179812954
EIB,2022-Q3,NPL,0.0189592932
EIB,2022-Q2,NPL,0.0188199185
EIB,2022-Q1,NPL,0.0195971507
EIB,2021-Q4,NPL,0.0218405762
EIB,2021-Q3,NPL,0.0218405762
EIB,2021-Q1,NPL,0.0230285990983247
EIB,2020-Q4,NPL,0.0251515356
EIB,2020-Q3,NPL,0.024592406
EIB,2020-Q2,NPL,0.0208369956
EIB,2020-Q1,NPL,0.018533909
EIB,2019-Q4,NPL,0.0170692203
EIB,2019-Q3,NPL,0.0170638624
EIB,2019-Q2,NPL,0.0176935044
EIB,2019-Q1,NPL,0.0187619577
EIB,2018-Q4,NPL,0.0184636911
EIB,2018-Q3,NPL,0.0206709599
EIB,2018-Q2,NPL,0.0219881913
EIB,2018-Q1,NPL,0.0232055258
EIB,2024-Q2,CAR,0.1209
EIB,2023-Q2,CAR,0.1425
EIB,2022-Q2,CAR,0.1297
EIB,2020-Q2,CAR,0.1178
EIB,2026-Q2,CIR,0.5500755288
EIB,2026-Q1,CIR,0.5698390376
EIB,2025-Q4,CIR,0.5833270704
EIB,2025-Q3,CIR,0.552942682
EIB,2025-Q2,CIR,0.5640323239
EIB,2025-Q1,CIR,0.4696483749
EIB,2024-Q4,CIR,0.3973230922
EIB,2024-Q3,CIR,0.4387564899
EIB,2024-Q2,CIR,0.474582275
EIB,2024-Q1,CIR,0.4023706719
EIB,2023-Q4,CIR,0.4791591182
EIB,2023-Q3,CIR,0.6137851008
EIB,2023-Q2,CIR,0.519115457
EIB,2023-Q1,CIR,0.4225159756
EIB,2022-Q4,CIR,0.4768630631
EIB,2022-Q3,CIR,0.4169589462
EIB,2022-Q2,CIR,0.3949711588
EIB,2022-Q1,CIR,0.5338655088
EIB,2021-Q4,CIR,0.5002661563
EIB,2021-Q3,CIR,0.5002661563
EIB,2021-Q1,CIR,0.5200421810150146
EIB,2020-Q4,CIR,0.5586153706
EIB,2020-Q3,CIR,0.4523632884
EIB,2020-Q2,CIR,0.6756597522
EIB,2020-Q1,CIR,0.5982465149
EIB,2019-Q4,CIR,0.6020005849
EIB,2019-Q3,CIR,0.5556794613
EIB,2019-Q2,CIR,0.6648734781
EIB,2019-Q1,CIR,0.6623704397
EIB,2018-Q4,CIR,0.6516574572
EIB,2018-Q3,CIR,0.6137152796
EIB,2018-Q2,CIR,0.6259136747
EIB,2018-Q1,CIR,0.4715784377
EIB,2026-Q2,LDR,1.1021110724
EIB,2026-Q1,LDR,1.039524218
EIB,2025-Q4,LDR,1.0389838402
EIB,2025-Q3,LDR,1.026861138
EIB,2025-Q2,LDR,1.0304263156
EIB,2025-Q1,LDR,1.0260445879
EIB,2024-Q4,LDR,0.9863076784
EIB,2024-Q3,LDR,0.9534478401
EIB,2024-Q2,LDR,0.9281017509
EIB,2024-Q1,LDR,0.9151132891
EIB,2023-Q4,LDR,0.8984179075
EIB,2023-Q3,LDR,0.8830870667
EIB,2023-Q2,LDR,0.8546225515
EIB,2023-Q1,LDR,0.8746648398
EIB,2022-Q4,LDR,0.878148173
EIB,2022-Q3,LDR,0.8773651578
EIB,2022-Q2,LDR,0.8800899482
EIB,2022-Q1,LDR,0.8347635249
EIB,2021-Q4,LDR,0.7529513244
EIB,2021-Q3,LDR,0.7529513244
EIB,2021-Q1,LDR,0.7714658975601196
EIB,2020-Q4,LDR,0.7524574862
EIB,2020-Q3,LDR,0.7923874505
EIB,2020-Q2,LDR,0.8311176367
EIB,2020-Q1,LDR,0.8432443792
EIB,2019-Q4,LDR,0.8131536545
EIB,2019-Q3,LDR,0.7989509891
EIB,2019-Q2,LDR,0.8198688827
EIB,2019-Q1,LDR,0.8278659485
EIB,2018-Q4,LDR,0.8765623522
EIB,2018-Q3,LDR,0.8272119797
EIB,2018-Q2,LDR,0.882546151
EIB,2018-Q1,LDR,0.8925752454
EIB,2026-Q2,CASA,0.1483182694
EIB,2026-Q1,CASA,0.1463077083
EIB,2025-Q4,CASA,0.1414243017
EIB,2025-Q3,CASA,0.1500834605
EIB,2025-Q2,CASA,0.148230222
EIB,2025-Q1,CASA,0.1548556467
EIB,2024-Q4,CASA,0.1476245494
EIB,2024-Q3,CASA,0.194343649
EIB,2024-Q2,CASA,0.1655814706
EIB,2024-Q1,CASA,0.1461286765
EIB,2023-Q4,CASA,0.1649511497
EIB,2023-Q3,CASA,0.1419328699
EIB,2023-Q2,CASA,0.1293677923
EIB,2023-Q1,CASA,0.1255615367
EIB,2022-Q4,CASA,0.1429538965
EIB,2022-Q3,CASA,0.1605550198
EIB,2022-Q2,CASA,0.1589654345
EIB,2022-Q1,CASA,0.1601854908
EIB,2021-Q4,CASA,0.1579382053
EIB,2021-Q3,CASA,0.1421578035
EIB,2021-Q1,CASA,0.1359783643
EIB,2020-Q4,CASA,0.1515192087
EIB,2020-Q3,CASA,0.132060316
EIB,2020-Q2,CASA,0.1290801356
EIB,2020-Q1,CASA,0.1224334628
EIB,2019-Q4,CASA,0.1399373201
EIB,2019-Q3,CASA,0.1212899353
EIB,2019-Q2,CASA,0.1230617771
EIB,2019-Q1,CASA,0.1313515093
EIB,2018-Q4,CASA,0.1554059857
EIB,2018-Q3,CASA,0.1358363393
EIB,2018-Q2,CASA,0.1360785644
EIB,2018-Q1,CASA,0.141316956
EIB,2026-Q2,PB,1.1884711221
EIB,2026-Q1,PB,1.374091593
EIB,2025-Q4,PB,1.6259017186
EIB,2025-Q3,PB,1.6176893122
EIB,2025-Q2,PB,1.8936618991
EIB,2025-Q1,PB,1.8296394245
EIB,2024-Q4,PB,1.3544006212
EIB,2024-Q3,PB,1.4061048233
EIB,2024-Q2,PB,1.4472414549
EIB,2024-Q1,PB,1.4363186218
EIB,2023-Q4,PB,1.4077398973
EIB,2023-Q3,PB,1.5883778529
EIB,2023-Q2,PB,1.4180841168
EIB,2023-Q1,PB,1.4194422634
EIB,2022-Q4,PB,1.4227348994
EIB,2022-Q3,PB,1.5732381707
EIB,2022-Q2,PB,2.4366152563
EIB,2022-Q1,PB,2.0591568145
EIB,2021-Q4,PB,2.0738362616
EIB,2021-Q3,PB,2.2540393373
EIB,2021-Q1,PB,2.0837064686
EIB,2020-Q4,PB,1.9297272786
EIB,2020-Q3,PB,1.2963145104
EIB,2020-Q2,PB,1.3084501314
EIB,2020-Q1,PB,1.3011480771
EIB,2019-Q4,PB,1.1709395553
EIB,2019-Q3,PB,1.3578312992
EIB,2019-Q2,PB,1.3163949878
EIB,2019-Q1,PB,1.4484329858
EIB,2018-Q4,PB,1.4042605317
EIB,2018-Q3,PB,1.3357239026
EIB,2018-Q2,PB,1.1244886467
EIB,2018-Q1,PB,1.1779280251
EIB,2026-Q2,PE,64.0022977003
EIB,2026-Q1,PE,48.5855615896
EIB,2025-Q4,PE,37.1908762212
EIB,2025-Q3,PE,14.1007443155
EIB,2025-Q2,PE,14.8616190329
EIB,2025-Q1,PE,13.6281832733
EIB,2024-Q4,PE,10.2184108838
EIB,2024-Q3,PE,12.6099984925
EIB,2024-Q2,PE,15.3374392219
EIB,2024-Q1,PE,16.5258666624
EIB,2023-Q4,PE,14.5936608504
EIB,2023-Q3,PE,19.4894211146
EIB,2023-Q2,PE,11.9322835098
EIB,2023-Q1,PE,10.0254478575
EIB,2022-Q4,PE,9.8913514737
EIB,2022-Q3,PE,11.5821589155
EIB,2022-Q2,PE,22.789281449
EIB,2022-Q1,PE,26.3717465154
EIB,2021-Q4,PE,38.2034115121
EIB,2021-Q3,PE,40.8621522256
EIB,2021-Q1,PE,40.4086409203
EIB,2020-Q4,PE,30.4787737401
EIB,2020-Q3,PE,25.1691889385
EIB,2020-Q2,PE,30.3582418668
EIB,2020-Q1,PE,22.0908889818
EIB,2019-Q4,PE,21.39725065
EIB,2019-Q3,PE,33.7458774106
EIB,2019-Q2,PE,38.2325738243
EIB,2019-Q1,PE,44.4355143797
EIB,2018-Q4,PE,31.7956513117
EIB,2018-Q3,PE,14.9704790549
EIB,2018-Q2,PE,13.653179089
EIB,2018-Q1,PE,15.2201669154
EIB,2026-Q2,TotalAssets,266067927000000.0
EIB,2026-Q1,TotalAssets,269958406000000.0
EIB,2025-Q4,TotalAssets,273270407000000.0
EIB,2025-Q3,TotalAssets,255707238000000.0
EIB,2025-Q2,TotalAssets,256441971000000.0
EIB,2025-Q1,TotalAssets,251132546000000.0
EIB,2024-Q4,TotalAssets,239767994000000.0
EIB,2024-Q3,TotalAssets,223683971000000.0
EIB,2024-Q2,TotalAssets,211999157000000.0
EIB,2024-Q1,TotalAssets,203584954000000.0
EIB,2023-Q4,TotalAssets,201416835000000.0
EIB,2023-Q3,TotalAssets,191336700000000.0
EIB,2023-Q2,TotalAssets,190300883000000.0
EIB,2023-Q1,TotalAssets,183684077000000.0
EIB,2022-Q4,TotalAssets,185045048000000.0
EIB,2022-Q3,TotalAssets,183674150000000.0
EIB,2022-Q2,TotalAssets,174582486000000.0
EIB,2022-Q1,TotalAssets,172343012000000.0
EIB,2021-Q4,TotalAssets,165831996000000.0
EIB,2021-Q3,TotalAssets,162526238000000.0
EIB,2021-Q2,TotalAssets,165560358000000.0
EIB,2021-Q1,TotalAssets,160953350000000.0
EIB,2020-Q4,TotalAssets,160435177000000.0
EIB,2020-Q3,TotalAssets,151273539000000.0
EIB,2020-Q2,TotalAssets,147314878000000.0
EIB,2020-Q1,TotalAssets,157170561000000.0
EIB,2019-Q4,TotalAssets,167538318000000.0
EIB,2019-Q3,TotalAssets,158596223000000.0
EIB,2019-Q2,TotalAssets,159591499000000.0
EIB,2019-Q1,TotalAssets,150714744000000.0
EIB,2018-Q4,TotalAssets,152708812000000.0
EIB,2018-Q3,TotalAssets,146991072000000.0
EIB,2018-Q2,TotalAssets,146794874000000.0
EIB,2018-Q1,TotalAssets,143630340000000.0
EIB,2026-Q2,GrossLoans,188029885000000.0
EIB,2026-Q1,GrossLoans,189347382000000.0
EIB,2025-Q4,GrossLoans,184215863000000.0
EIB,2025-Q3,GrossLoans,180897322000000.0
EIB,2025-Q2,GrossLoans,182741228000000.0
EIB,2025-Q1,GrossLoans,180336739000000.0
EIB,2024-Q4,GrossLoans,165154897000000.0
EIB,2024-Q3,GrossLoans,159483450000000.0
EIB,2024-Q2,GrossLoans,151327939000000.0
EIB,2024-Q1,GrossLoans,147021336000000.0
EIB,2023-Q4,GrossLoans,140448924000000.0
EIB,2023-Q3,GrossLoans,135966987000000.0
EIB,2023-Q2,GrossLoans,131849846000000.0
EIB,2023-Q1,GrossLoans,130073553000000.0
EIB,2022-Q4,GrossLoans,130505614000000.0
EIB,2022-Q3,GrossLoans,127446734000000.0
EIB,2022-Q2,GrossLoans,124528116000000.0
EIB,2022-Q1,GrossLoans,122553271000000.0
EIB,2021-Q4,GrossLoans,114674630000000.0
EIB,2021-Q3,GrossLoans,105246674000000.0
EIB,2021-Q2,GrossLoans,106352800000000.0
EIB,2021-Q1,GrossLoans,105032139000000.0
EIB,2020-Q4,GrossLoans,100767406000000.0
EIB,2020-Q3,GrossLoans,101301963000000.0
EIB,2020-Q2,GrossLoans,103528889000000.0
EIB,2020-Q1,GrossLoans,108869640000000.0
EIB,2019-Q4,GrossLoans,113254792000000.0
EIB,2019-Q3,GrossLoans,107432887000000.0
EIB,2019-Q2,GrossLoans,105974371000000.0
EIB,2019-Q1,GrossLoans,101015578000000.0
EIB,2018-Q4,GrossLoans,104242577000000.0
EIB,2018-Q3,GrossLoans,98576796000000.0
EIB,2018-Q2,GrossLoans,100806791000000.0
EIB,2018-Q1,GrossLoans,100709763000000.0
EIB,2026-Q2,CustomerDeposits,170608834000000.0
EIB,2026-Q1,CustomerDeposits,182148120000000.0
EIB,2025-Q4,CustomerDeposits,177303877000000.0
EIB,2025-Q3,CustomerDeposits,176165321000000.0
EIB,2025-Q2,CustomerDeposits,177345265000000.0
EIB,2025-Q1,CustomerDeposits,175759164000000.0
EIB,2024-Q4,CustomerDeposits,167447644000000.0
EIB,2024-Q3,CustomerDeposits,167270241000000.0
EIB,2024-Q2,CustomerDeposits,163051022000000.0
EIB,2024-Q1,CustomerDeposits,160659164000000.0
EIB,2023-Q4,CustomerDeposits,156329168000000.0
EIB,2023-Q3,CustomerDeposits,153967816000000.0
EIB,2023-Q2,CustomerDeposits,154278454000000.0
EIB,2023-Q1,CustomerDeposits,148712452000000.0
EIB,2022-Q4,CustomerDeposits,148614571000000.0
EIB,2022-Q3,CustomerDeposits,145260765000000.0
EIB,2022-Q2,CustomerDeposits,141494760000000.0
EIB,2022-Q1,CustomerDeposits,139085743000000.0
EIB,2021-Q4,CustomerDeposits,137373791000000.0
EIB,2021-Q3,CustomerDeposits,139778855000000.0
EIB,2021-Q2,CustomerDeposits,139833952000000.0
EIB,2021-Q1,CustomerDeposits,136146181000000.0
EIB,2020-Q4,CustomerDeposits,133917740000000.0
EIB,2020-Q3,CustomerDeposits,127843977000000.0
EIB,2020-Q2,CustomerDeposits,124565867000000.0
EIB,2020-Q1,CustomerDeposits,129108053000000.0
EIB,2019-Q4,CustomerDeposits,139278464000000.0
EIB,2019-Q3,CustomerDeposits,134467431000000.0
EIB,2019-Q2,CustomerDeposits,129257706000000.0
EIB,2019-Q1,CustomerDeposits,122019245000000.0
EIB,2018-Q4,CustomerDeposits,118804227000000.0
EIB,2018-Q3,CustomerDeposits,119167515000000.0
EIB,2018-Q2,CustomerDeposits,114222685000000.0
EIB,2018-Q1,CustomerDeposits,112830558000000.0
EIB,2026-Q2,Equity,26487794000000.0
EIB,2026-Q1,Equity,26434229000000.0
EIB,2025-Q4,Equity,26006343000000.0
EIB,2025-Q3,Equity,26541382000000.0
EIB,2025-Q2,Equity,26067006000000.0
EIB,2025-Q1,Equity,25757442000000.0
EIB,2024-Q4,Equity,25099406000000.0
EIB,2024-Q3,Equity,24176470000000.0
EIB,2024-Q2,Equity,23489274000000.0
EIB,2024-Q1,Equity,22968033000000.0
EIB,2023-Q4,Equity,22444999000000.0
EIB,2023-Q3,Equity,21646050000000.0
EIB,2023-Q2,Equity,21421941000000.0
EIB,2023-Q1,Equity,21151024000000.0
EIB,2022-Q4,Equity,20479900000000.0
EIB,2022-Q3,Equity,20122762000000.0
EIB,2022-Q2,Equity,19072590000000.0
EIB,2022-Q1,Equity,18449045000000.0
EIB,2021-Q4,Equity,17784908000000.0
EIB,2021-Q3,Equity,17644836000000.0
EIB,2021-Q2,Equity,17286553000000.0
EIB,2021-Q1,Equity,16992637000000.0
EIB,2020-Q4,Equity,16819490000000.0
EIB,2020-Q3,Equity,16597111000000.0
EIB,2020-Q2,Equity,16161293000000.0
EIB,2020-Q1,Equity,16157502000000.0
EIB,2019-Q4,Equity,15749313000000.0
EIB,2019-Q3,Equity,15799904000000.0
EIB,2019-Q2,Equity,15503391000000.0
EIB,2019-Q1,Equity,15235997000000.0
EIB,2018-Q4,Equity,14883534000000.0
EIB,2018-Q3,Equity,15187003000000.0
EIB,2018-Q2,Equity,14978569000000.0
EIB,2018-Q1,Equity,14684531000000.0
EIB,2026-Q2,NPAT,250491000000.0
EIB,2026-Q1,NPAT,269160000000.0
EIB,2025-Q4,NPAT,-472482000000.0
EIB,2025-Q3,NPAT,444688000000.0
EIB,2025-Q2,NPAT,506244000000.0
EIB,2025-Q1,NPAT,658489000000.0
EIB,2024-Q4,NPAT,1435504000000.0
EIB,2024-Q3,NPAT,721211000000.0
EIB,2024-Q2,NPAT,642838000000.0
EIB,2024-Q1,NPAT,527251000000.0
EIB,2023-Q4,NPAT,804549000000.0
EIB,2023-Q3,NPAT,241811000000.0
EIB,2023-Q2,NPAT,422618000000.0
EIB,2023-Q1,NPAT,696121000000.0
EIB,2022-Q4,NPAT,403592000000.0
EIB,2022-Q3,NPAT,1023545000000.0
EIB,2022-Q2,NPAT,871387000000.0
EIB,2022-Q1,NPAT,647228000000.0
EIB,2021-Q4,NPAT,191173000000.0
EIB,2021-Q3,NPAT,329441000000.0
EIB,2021-Q2,NPAT,272695000000.0
EIB,2021-Q1,NPAT,172128000000.0
EIB,2020-Q4,NPAT,199061000000.0
EIB,2020-Q3,NPAT,430123000000.0
EIB,2020-Q2,NPAT,74928000000.0
EIB,2020-Q1,NPAT,366069000000.0
EIB,2019-Q4,NPAT,-16302000000.0
EIB,2019-Q3,NPAT,271862000000.0
EIB,2019-Q2,NPAT,330044000000.0
EIB,2019-Q1,NPAT,280528000000.0
EIB,2018-Q4,NPAT,-246694000000.0
EIB,2018-Q3,NPAT,169923000000.0
EIB,2018-Q2,NPAT,292880000000.0
EIB,2018-Q1,NPAT,444481000000.0
EIB,2026-Q2,NetInterestIncome,1395592000000.0
EIB,2026-Q1,NetInterestIncome,1379982000000.0
EIB,2025-Q4,NetInterestIncome,1690894000000.0
EIB,2025-Q3,NetInterestIncome,1465006000000.0
EIB,2025-Q2,NetInterestIncome,1469401000000.0
EIB,2025-Q1,NetInterestIncome,1354384000000.0
EIB,2024-Q4,NetInterestIncome,1518085000000.0
EIB,2024-Q3,NetInterestIncome,1535871000000.0
EIB,2024-Q2,NetInterestIncome,1511540000000.0
EIB,2024-Q1,NetInterestIncome,1358029000000.0
EIB,2023-Q4,NetInterestIncome,1397536000000.0
EIB,2023-Q3,NetInterestIncome,868736000000.0
EIB,2023-Q2,NetInterestIncome,1094223000000.0
EIB,2023-Q1,NetInterestIncome,1236609000000.0
EIB,2022-Q4,NetInterestIncome,1437602000000.0
EIB,2022-Q3,NetInterestIncome,1491922000000.0
EIB,2022-Q2,NetInterestIncome,1417523000000.0
EIB,2022-Q1,NetInterestIncome,1244924000000.0
EIB,2021-Q4,NetInterestIncome,985847000000.0
EIB,2021-Q3,NetInterestIncome,737381000000.0
EIB,2021-Q2,NetInterestIncome,983409000000.0
EIB,2021-Q1,NetInterestIncome,817665000000.0
EIB,2020-Q4,NetInterestIncome,859773000000.0
EIB,2020-Q3,NetInterestIncome,838579000000.0
EIB,2020-Q2,NetInterestIncome,759410000000.0
EIB,2020-Q1,NetInterestIncome,855974000000.0
EIB,2019-Q4,NetInterestIncome,796887000000.0
EIB,2019-Q3,NetInterestIncome,759893000000.0
EIB,2019-Q2,NetInterestIncome,834535000000.0
EIB,2019-Q1,NetInterestIncome,829051000000.0
EIB,2018-Q4,NetInterestIncome,899557000000.0
EIB,2018-Q3,NetInterestIncome,803229000000.0
EIB,2018-Q2,NetInterestIncome,836747000000.0
EIB,2018-Q1,NetInterestIncome,667362000000.0
EIB,2026-Q2,OperatingIncome,1821159000000.0
EIB,2026-Q1,OperatingIncome,1528121000000.0
EIB,2025-Q4,OperatingIncome,1843157000000.0
EIB,2025-Q3,OperatingIncome,1672233000000.0
EIB,2025-Q2,OperatingIncome,1968701000000.0
EIB,2025-Q1,OperatingIncome,1807465000000.0
EIB,2024-Q4,OperatingIncome,3042791000000.0
EIB,2024-Q3,OperatingIncome,1969972000000.0
EIB,2024-Q2,OperatingIncome,1967682000000.0
EIB,2024-Q1,OperatingIncome,1577190000000.0
EIB,2023-Q4,OperatingIncome,2171395000000.0
EIB,2023-Q3,OperatingIncome,1234942000000.0
EIB,2023-Q2,OperatingIncome,1481262000000.0
EIB,2023-Q1,OperatingIncome,1667234000000.0
EIB,2022-Q4,OperatingIncome,1858816000000.0
EIB,2022-Q3,OperatingIncome,1683890000000.0
EIB,2022-Q2,OperatingIncome,2022454000000.0
EIB,2022-Q1,OperatingIncome,1667889000000.0
EIB,2021-Q4,OperatingIncome,1412420000000.0
EIB,2021-Q3,OperatingIncome,946812000000.0
EIB,2021-Q2,OperatingIncome,1240057000000.0
EIB,2021-Q1,OperatingIncome,1110060000000.0
EIB,2020-Q4,OperatingIncome,1223017000000.0
EIB,2020-Q3,OperatingIncome,1093159000000.0
EIB,2020-Q2,OperatingIncome,1077791000000.0
EIB,2020-Q1,OperatingIncome,1051620000000.0
EIB,2019-Q4,OperatingIncome,1259985000000.0
EIB,2019-Q3,OperatingIncome,1087744000000.0
EIB,2019-Q2,OperatingIncome,1121466000000.0
EIB,2019-Q1,OperatingIncome,1017094000000.0
EIB,2018-Q4,OperatingIncome,1139409000000.0
EIB,2018-Q3,OperatingIncome,946346000000.0
EIB,2018-Q2,OperatingIncome,1019099000000.0
EIB,2018-Q1,OperatingIncome,1346724000000.0
NAB,2026-Q2,ROE,0.1949572196
NAB,2026-Q1,ROE,0.1972106879
NAB,2025-Q4,ROE,0.1958006803
NAB,2025-Q3,ROE,0.1931799682
NAB,2025-Q2,ROE,0.1959311572
NAB,2025-Q1,ROE,0.2038777472
NAB,2024-Q4,ROE,0.2089232001
NAB,2024-Q3,ROE,0.2200999374
NAB,2024-Q2,ROE,0.2036291652
NAB,2024-Q1,ROE,0.1898364142
NAB,2023-Q4,ROE,0.1879864642
NAB,2023-Q3,ROE,0.1421984885
NAB,2023-Q2,ROE,0.157327731
NAB,2023-Q1,ROE,0.1486779335
NAB,2022-Q4,ROE,0.1748884212
NAB,2022-Q3,ROE,0.1635140006
NAB,2022-Q2,ROE,0.1554587519
NAB,2022-Q1,ROE,0.1961708229
NAB,2021-Q4,ROE,0.2266176494
NAB,2021-Q3,ROE,0.2266176494
NAB,2021-Q1,ROE,0.1701221913099289
NAB,2020-Q4,ROE,0.1383602867
NAB,2026-Q2,ROA,0.0113326646
NAB,2026-Q1,ROA,0.0118912807
NAB,2025-Q4,ROA,0.0126072995
NAB,2025-Q3,ROA,0.0133712808
NAB,2025-Q2,ROA,0.0145068225
NAB,2025-Q1,ROA,0.0155263149
NAB,2024-Q4,ROA,0.015854475
NAB,2024-Q3,ROA,0.0162446012
NAB,2024-Q2,ROA,0.0147379985
NAB,2024-Q1,ROA,0.0134954152
NAB,2023-Q4,ROA,0.0135318107
NAB,2023-Q3,ROA,0.0098349296
NAB,2023-Q2,ROA,0.0109671327
NAB,2023-Q1,ROA,0.0103665666
NAB,2022-Q4,ROA,0.0109297899
NAB,2022-Q3,ROA,0.010768626
NAB,2022-Q2,ROA,0.0095622212
NAB,2022-Q1,ROA,0.0099763486
NAB,2021-Q4,ROA,0.0115709551
NAB,2021-Q3,ROA,0.0115709551
NAB,2021-Q1,ROA,0.0084857577458024
NAB,2020-Q4,ROA,0.0069838849
NAB,2026-Q2,NIM,0.02188875
NAB,2026-Q1,NIM,0.0234129033
NAB,2025-Q4,NIM,0.0266923552
NAB,2025-Q3,NIM,0.0285035207
NAB,2025-Q2,NIM,0.0319912174
NAB,2025-Q1,NIM,0.0351822634
NAB,2024-Q4,NIM,0.0358052075
NAB,2024-Q3,NIM,0.0377201143
NAB,2024-Q2,NIM,0.0358478556
NAB,2024-Q1,NIM,0.0338555528
NAB,2023-Q4,NIM,0.0354103402
NAB,2023-Q3,NIM,0.0309990793
NAB,2023-Q2,NIM,0.0326730942
NAB,2023-Q1,NIM,0.0323058374
NAB,2022-Q4,NIM,0.0320454601
NAB,2022-Q3,NIM,0.0314325344
NAB,2022-Q2,NIM,0.0296788081
NAB,2022-Q1,NIM,0.0312420834
NAB,2021-Q4,NIM,0.0289920582
NAB,2021-Q3,NIM,0.0289920582
NAB,2021-Q1,NIM,0.0261282976716756
NAB,2020-Q4,NIM,0.0241551893
NAB,2026-Q2,NPL,0.0147263746
NAB,2026-Q1,NPL,0.0181600422
NAB,2025-Q4,NPL,0.0215585694
NAB,2025-Q3,NPL,0.0271304266
NAB,2025-Q2,NPL,0.0284501153
NAB,2025-Q1,NPL,0.0248544753
NAB,2024-Q4,NPL,0.0233040758
NAB,2024-Q3,NPL,0.02851754
NAB,2024-Q2,NPL,0.0256510152
NAB,2024-Q1,NPL,0.0266046564
NAB,2023-Q4,NPL,0.0211337312
NAB,2023-Q3,NPL,0.0283668661
NAB,2023-Q2,NPL,0.0272063012
NAB,2023-Q1,NPL,0.0201402526
NAB,2022-Q4,NPL,0.0134788387
NAB,2022-Q3,NPL,0.0203134821
NAB,2022-Q2,NPL,0.0135597606
NAB,2022-Q1,NPL,0.0157144245
NAB,2021-Q4,NPL,0.0189473742
NAB,2021-Q3,NPL,0.0189473742
NAB,2021-Q1,NPL,0.0094666322693228
NAB,2020-Q4,NPL,0.0083408826
NAB,2025-Q2,CAR,0.1096
NAB,2024-Q2,CAR,0.1151
NAB,2023-Q2,CAR,0.0945
NAB,2022-Q2,CAR,0.1012
NAB,2026-Q2,CIR,0.4165973898
NAB,2026-Q1,CIR,0.3890063727
NAB,2025-Q4,CIR,0.3309826125
NAB,2025-Q3,CIR,0.365304936
NAB,2025-Q2,CIR,0.2957561291
NAB,2025-Q1,CIR,0.3576945695
NAB,2024-Q4,CIR,0.4403154286
NAB,2024-Q3,CIR,0.4125796355
NAB,2024-Q2,CIR,0.3700647172
NAB,2024-Q1,CIR,0.4375203276
NAB,2023-Q4,CIR,0.4568757979
NAB,2023-Q3,CIR,0.7057571031
NAB,2023-Q2,CIR,0.4518874154
NAB,2023-Q1,CIR,0.4229432492
NAB,2022-Q4,CIR,0.4757718514
NAB,2022-Q3,CIR,0.4208646492
NAB,2022-Q2,CIR,0.4651897495
NAB,2022-Q1,CIR,0.4648023502
NAB,2021-Q4,CIR,0.5107393315
NAB,2021-Q3,CIR,0.5107393315
NAB,2021-Q1,CIR,0.5615977048873901
NAB,2020-Q4,CIR,0.5104984749
NAB,2026-Q2,LDR,1.0934269314
NAB,2026-Q1,LDR,1.1372239456
NAB,2025-Q4,LDR,1.1113369487
NAB,2025-Q3,LDR,1.0228084976
NAB,2025-Q2,LDR,0.977323518
NAB,2025-Q1,LDR,1.0082675785
NAB,2024-Q4,LDR,1.0593933951
NAB,2024-Q3,LDR,1.0782990607
NAB,2024-Q2,LDR,1.0220977479
NAB,2024-Q1,LDR,0.9709042016
NAB,2023-Q4,LDR,0.9725604556
NAB,2023-Q3,LDR,0.8739685552
NAB,2023-Q2,LDR,0.8889257909
NAB,2023-Q1,LDR,0.9314492137
NAB,2022-Q4,LDR,0.956357713
NAB,2022-Q3,LDR,0.9568931306
NAB,2022-Q2,LDR,0.8986095453
NAB,2022-Q1,LDR,0.8901648524
NAB,2021-Q4,LDR,0.8742606269
NAB,2021-Q3,LDR,0.8742606269
NAB,2021-Q1,LDR,0.9041750431060792
NAB,2020-Q4,LDR,0.90756193
NAB,2026-Q2,CASA,0.0544295407
NAB,2026-Q1,CASA,0.0687391825
NAB,2025-Q4,CASA,0.0610259305
NAB,2025-Q3,CASA,0.0569866258
NAB,2025-Q2,CASA,0.0574415654
NAB,2025-Q1,CASA,0.0592127731
NAB,2024-Q4,CASA,0.0662730986
NAB,2024-Q3,CASA,0.059005286
NAB,2024-Q2,CASA,0.0667089925
NAB,2024-Q1,CASA,0.0611672434
NAB,2023-Q4,CASA,0.0760172123
NAB,2023-Q3,CASA,0.0600497071
NAB,2023-Q2,CASA,0.048678484
NAB,2023-Q1,CASA,0.0480531688
NAB,2022-Q4,CASA,0.0687723229
NAB,2022-Q3,CASA,0.0699737694
NAB,2022-Q2,CASA,0.0914354186
NAB,2022-Q1,CASA,0.0883482659
NAB,2021-Q4,CASA,0.0940417322
NAB,2021-Q3,CASA,0.0848036688
NAB,2021-Q1,CASA,0.0700310735
NAB,2020-Q4,CASA,0.0628978266
NAB,2026-Q2,PB,0.9271880207
NAB,2026-Q1,PB,1.097084927
NAB,2025-Q4,PB,0.9885193891
NAB,2025-Q3,PB,1.1557434284
NAB,2025-Q2,PB,1.1995369559
NAB,2025-Q1,PB,1.2561911923
NAB,2024-Q4,PB,1.1349842583
NAB,2024-Q3,PB,1.1625713483
NAB,2024-Q2,PB,1.2396677331
NAB,2024-Q1,PB,1.1595476177
NAB,2023-Q4,PB,1.1106742462
NAB,2023-Q3,PB,1.1626425286
NAB,2023-Q2,PB,1.0527458981
NAB,2023-Q1,PB,0.9818551027
NAB,2022-Q4,PB,0.7017834875
NAB,2022-Q3,PB,0.6160406602
NAB,2022-Q2,PB,0.6381342066
NAB,2022-Q1,PB,0.792309179
NAB,2021-Q4,PB,1.3904542528
NAB,2021-Q3,PB,1.2600867265
NAB,2021-Q1,PB,1.2778664778
NAB,2020-Q4,PB,1.1606286594
NAB,2026-Q2,PE,5.102112207
NAB,2026-Q1,PE,5.9714084428
NAB,2025-Q4,PE,5.5381329965
NAB,2025-Q3,PE,6.4210471727
NAB,2025-Q2,PE,6.573445465
NAB,2025-Q1,PE,6.6108269668
NAB,2024-Q4,PE,5.9033842712
NAB,2024-Q3,PE,5.9300615076
NAB,2024-Q2,PE,6.8190622294
NAB,2024-Q1,PE,6.5880550785
NAB,2023-Q4,PE,6.4573328405
NAB,2023-Q3,PE,8.6306477124
NAB,2023-Q2,PE,7.0980415979
NAB,2023-Q1,PE,6.9808473464
NAB,2022-Q4,PE,4.8113177098
NAB,2022-Q3,PE,4.0063502121
NAB,2022-Q2,PE,4.2875034511
NAB,2022-Q1,PE,4.6005241664
NAB,2021-Q4,PE,6.4140665852
NAB,2021-Q3,PE,5.9805499701
NAB,2021-Q1,PE,7.9263534729
NAB,2020-Q4,PE,9.5774235894
NAB,2026-Q2,TotalAssets,451517264000000.0
NAB,2026-Q1,TotalAssets,409207229000000.0
NAB,2025-Q4,TotalAssets,418333322000000.0
NAB,2025-Q3,TotalAssets,377088620000000.0
NAB,2025-Q2,TotalAssets,314798083000000.0
NAB,2025-Q1,TotalAssets,262251025000000.0
NAB,2024-Q4,TotalAssets,245128983000000.0
NAB,2024-Q3,TotalAssets,238829998000000.0
NAB,2024-Q2,TotalAssets,228916682000000.0
NAB,2024-Q1,TotalAssets,216171576000000.0
NAB,2023-Q4,TotalAssets,209896239253715.0
NAB,2023-Q3,TotalAssets,206750696000000.0
NAB,2023-Q2,TotalAssets,200205136000000.0
NAB,2023-Q1,TotalAssets,194370857000000.0
NAB,2022-Q4,TotalAssets,177578734000000.0
NAB,2022-Q3,TotalAssets,173970650000000.0
NAB,2022-Q2,TotalAssets,171124495000000.0
NAB,2022-Q1,TotalAssets,162702099000000.0
NAB,2021-Q4,TotalAssets,153237506000000.0
NAB,2021-Q3,TotalAssets,145476797000000.0
NAB,2021-Q2,TotalAssets,145653989000000.0
NAB,2021-Q1,TotalAssets,137552316000000.0
NAB,2020-Q4,TotalAssets,134315195000000.0
NAB,2020-Q3,TotalAssets,119474211000000.0
NAB,2020-Q2,TotalAssets,105713249000000.0
NAB,2020-Q1,TotalAssets,98197168000000.0
NAB,2019-Q4,TotalAssets,94687435000000.0
NAB,2019-Q3,TotalAssets,87820150000000.0
NAB,2019-Q2,TotalAssets,83162135000000.0
NAB,2019-Q1,TotalAssets,74514884000000.0
NAB,2018-Q4,TotalAssets,75059004000000.0
NAB,2018-Q3,TotalAssets,66362898000000.0
NAB,2018-Q2,TotalAssets,64819797000000.0
NAB,2018-Q1,TotalAssets,56236056000000.0
NAB,2026-Q2,GrossLoans,218789966000000.0
NAB,2026-Q1,GrossLoans,201135601000000.0
NAB,2025-Q4,GrossLoans,197607593000000.0
NAB,2025-Q3,GrossLoans,198073074000000.0
NAB,2025-Q2,GrossLoans,192466320000000.0
NAB,2025-Q1,GrossLoans,177843907000000.0
NAB,2024-Q4,GrossLoans,167737997000000.0
NAB,2024-Q3,GrossLoans,163780361000000.0
NAB,2024-Q2,GrossLoans,156571269000000.0
NAB,2024-Q1,GrossLoans,146762617000000.0
NAB,2023-Q4,GrossLoans,141438441363347.0
NAB,2023-Q3,GrossLoans,132248941000000.0
NAB,2023-Q2,GrossLoans,129215213000000.0
NAB,2023-Q1,GrossLoans,128130369000000.0
NAB,2022-Q4,GrossLoans,119538340000000.0
NAB,2022-Q3,GrossLoans,113697149000000.0
NAB,2022-Q2,GrossLoans,111897108000000.0
NAB,2022-Q1,GrossLoans,108722882000000.0
NAB,2021-Q4,GrossLoans,102653266000000.0
NAB,2021-Q3,GrossLoans,97605873000000.0
NAB,2021-Q2,GrossLoans,95890673000000.0
NAB,2021-Q1,GrossLoans,93667730000000.0
NAB,2020-Q4,GrossLoans,89171618000000.0
NAB,2020-Q3,GrossLoans,86016678000000.0
NAB,2020-Q2,GrossLoans,77005800000000.0
NAB,2020-Q1,GrossLoans,70693584000000.0
NAB,2019-Q4,GrossLoans,67545653000000.0
NAB,2019-Q3,GrossLoans,63024757000000.0
NAB,2019-Q2,GrossLoans,59790607000000.0
NAB,2019-Q1,GrossLoans,53675350000000.0
NAB,2018-Q4,GrossLoans,50814947000000.0
NAB,2018-Q3,GrossLoans,45386026000000.0
NAB,2018-Q2,GrossLoans,41362362000000.0
NAB,2018-Q1,GrossLoans,37499951000000.0
NAB,2026-Q2,CustomerDeposits,200095644000000.0
NAB,2026-Q1,CustomerDeposits,176865429000000.0
NAB,2025-Q4,CustomerDeposits,177810693000000.0
NAB,2025-Q3,CustomerDeposits,193656070000000.0
NAB,2025-Q2,CustomerDeposits,196932046000000.0
NAB,2025-Q1,CustomerDeposits,176385625000000.0
NAB,2024-Q4,CustomerDeposits,158334003000000.0
NAB,2024-Q3,CustomerDeposits,151887697000000.0
NAB,2024-Q2,CustomerDeposits,153186199000000.0
NAB,2024-Q1,CustomerDeposits,151160760000000.0
NAB,2023-Q4,CustomerDeposits,145428945179552.0
NAB,2023-Q3,CustomerDeposits,151320022000000.0
NAB,2023-Q2,CustomerDeposits,145361080000000.0
NAB,2023-Q1,CustomerDeposits,137560231000000.0
NAB,2022-Q4,CustomerDeposits,124993335000000.0
NAB,2022-Q3,CustomerDeposits,118819067000000.0
NAB,2022-Q2,CustomerDeposits,124522501000000.0
NAB,2022-Q1,CustomerDeposits,117159617000000.0
NAB,2021-Q4,CustomerDeposits,115319388000000.0
NAB,2021-Q3,CustomerDeposits,111643908000000.0
NAB,2021-Q2,CustomerDeposits,107955598000000.0
NAB,2021-Q1,CustomerDeposits,103594685000000.0
NAB,2020-Q4,CustomerDeposits,98254031000000.0
NAB,2020-Q3,CustomerDeposits,92453219000000.0
NAB,2020-Q2,CustomerDeposits,83067565000000.0
NAB,2020-Q1,CustomerDeposits,77096211000000.0
NAB,2019-Q4,CustomerDeposits,70744212000000.0
NAB,2019-Q3,CustomerDeposits,65372374000000.0
NAB,2019-Q2,CustomerDeposits,62918588000000.0
NAB,2019-Q1,CustomerDeposits,57798383000000.0
NAB,2018-Q4,CustomerDeposits,54187107000000.0
NAB,2018-Q3,CustomerDeposits,51444903000000.0
NAB,2018-Q2,CustomerDeposits,48301964000000.0
NAB,2018-Q1,CustomerDeposits,41187205000000.0
NAB,2026-Q2,Equity,25892493000000.0
NAB,2026-Q1,Equity,24679535000000.0
NAB,2025-Q4,Equity,23430767000000.0
NAB,2025-Q3,Equity,22267310000000.0
NAB,2025-Q2,Equity,21239816000000.0
NAB,2025-Q1,Equity,20213631000000.0
NAB,2024-Q4,Equity,19288533000000.0
NAB,2024-Q3,Equity,17815490000000.0
NAB,2024-Q2,Equity,16943143000000.0
NAB,2024-Q1,Equity,15968062000000.0
NAB,2023-Q4,Equity,15241792652822.0
NAB,2023-Q3,Equity,14216516000000.0
NAB,2023-Q2,Equity,13793037000000.0
NAB,2023-Q1,Equity,13212407000000.0
NAB,2022-Q4,Equity,12649780000000.0
NAB,2022-Q3,Equity,12356306000000.0
NAB,2022-Q2,Equity,11777440000000.0
NAB,2022-Q1,Equity,11375519000000.0
NAB,2021-Q4,Equity,8024842000000.0
NAB,2021-Q3,Equity,7729600000000.0
NAB,2021-Q2,Equity,7451249000000.0
NAB,2021-Q1,Equity,6966721000000.0
NAB,2020-Q4,Equity,6598770000000.0
NAB,2020-Q3,Equity,6113031000000.0
NAB,2020-Q2,Equity,5114763000000.0
NAB,2020-Q1,Equity,5070675000000.0
NAB,2019-Q4,Equity,4960385000000.0
NAB,2019-Q3,Equity,4679820000000.0
NAB,2019-Q2,Equity,4576571000000.0
NAB,2019-Q1,Equity,4467522000000.0
NAB,2018-Q4,Equity,4230082000000.0
NAB,2018-Q3,Equity,4011310000000.0
NAB,2018-Q2,Equity,3903148000000.0
NAB,2018-Q1,Equity,3785791000000.0
NAB,2026-Q2,NPAT,1209825000000.0
NAB,2026-Q1,NPAT,1310870000000.0
NAB,2025-Q4,NPAT,1140093000000.0
NAB,2025-Q3,NPAT,1031350000000.0
NAB,2025-Q2,NPAT,1034671000000.0
NAB,2025-Q1,NPAT,976120000000.0
NAB,2024-Q4,NPAT,966792000000.0
NAB,2024-Q3,NPAT,870381000000.0
NAB,2024-Q2,NPAT,971738000000.0
NAB,2024-Q1,NPAT,798182000000.0
NAB,2023-Q4,NPAT,989614000000.0
NAB,2023-Q3,NPAT,415529000000.0
NAB,2023-Q2,NPAT,607175000000.0
NAB,2023-Q1,NPAT,609301000000.0
NAB,2022-Q4,NPAT,283115000000.0
NAB,2022-Q3,NPAT,546123000000.0
NAB,2022-Q2,NPAT,419784000000.0
NAB,2022-Q1,NPAT,515576000000.0
NAB,2021-Q4,NPAT,298126000000.0
NAB,2021-Q3,NPAT,278638000000.0
NAB,2021-Q2,NPAT,489784000000.0
NAB,2021-Q1,NPAT,367815000000.0
NAB,2020-Q4,NPAT,492370000000.0
NAB,2020-Q3,NPAT,147696000000.0
NAB,2020-Q2,NPAT,46591000000.0
NAB,2020-Q1,NPAT,113006000000.0
NAB,2019-Q4,NPAT,279682000000.0
NAB,2019-Q3,NPAT,102769000000.0
NAB,2019-Q2,NPAT,110694000000.0
NAB,2019-Q1,NPAT,238644000000.0
NAB,2018-Q4,NPAT,216813000000.0
NAB,2018-Q3,NPAT,107581000000.0
NAB,2018-Q2,NPAT,145792000000.0
NAB,2018-Q1,NPAT,121089000000.0
NAB,2026-Q2,NetInterestIncome,2227412000000.0
NAB,2026-Q1,NetInterestIncome,2071956000000.0
NAB,2025-Q4,NetInterestIncome,2327558000000.0
NAB,2025-Q3,NetInterestIncome,2054774000000.0
NAB,2025-Q2,NetInterestIncome,2122128000000.0
NAB,2025-Q1,NetInterestIncome,2112162000000.0
NAB,2024-Q4,NetInterestIncome,2011601000000.0
NAB,2024-Q3,NetInterestIncome,2000319000000.0
NAB,2024-Q2,NetInterestIncome,2208890000000.0
NAB,2024-Q1,NetInterestIncome,1717010000000.0
NAB,2023-Q4,NetInterestIncome,2244660000000.0
NAB,2023-Q3,NetInterestIncome,1310517000000.0
NAB,2023-Q2,NetInterestIncome,1537980000000.0
NAB,2023-Q1,NetInterestIncome,1554152000000.0
NAB,2022-Q4,NetInterestIncome,1405583000000.0
NAB,2022-Q3,NetInterestIncome,1370527000000.0
NAB,2022-Q2,NetInterestIncome,1241785000000.0
NAB,2022-Q1,NetInterestIncome,1097743000000.0
NAB,2021-Q4,NetInterestIncome,1294912000000.0
NAB,2021-Q3,NetInterestIncome,889561000000.0
NAB,2021-Q2,NetInterestIncome,1196752000000.0
NAB,2021-Q1,NetInterestIncome,901964000000.0
NAB,2020-Q4,NetInterestIncome,859862000000.0
NAB,2020-Q3,NetInterestIncome,691029000000.0
NAB,2020-Q2,NetInterestIncome,588487000000.0
NAB,2020-Q1,NetInterestIncome,464565000000.0
NAB,2019-Q4,NetInterestIncome,685471000000.0
NAB,2019-Q3,NetInterestIncome,480905000000.0
NAB,2019-Q2,NetInterestIncome,364877000000.0
NAB,2019-Q1,NetInterestIncome,654882000000.0
NAB,2018-Q4,NetInterestIncome,510812000000.0
NAB,2018-Q3,NetInterestIncome,433054000000.0
NAB,2018-Q2,NetInterestIncome,427782000000.0
NAB,2018-Q1,NetInterestIncome,334966000000.0
NAB,2026-Q2,OperatingIncome,2836446000000.0
NAB,2026-Q1,OperatingIncome,2306700000000.0
NAB,2025-Q4,OperatingIncome,3946451000000.0
NAB,2025-Q3,OperatingIncome,2595741000000.0
NAB,2025-Q2,OperatingIncome,2712123000000.0
NAB,2025-Q1,OperatingIncome,2280303000000.0
NAB,2024-Q4,OperatingIncome,2516151000000.0
NAB,2024-Q3,OperatingIncome,2248841000000.0
NAB,2024-Q2,OperatingIncome,2316230000000.0
NAB,2024-Q1,OperatingIncome,1970841000000.0
NAB,2023-Q4,OperatingIncome,2753603000000.0
NAB,2023-Q3,OperatingIncome,1376543000000.0
NAB,2023-Q2,OperatingIncome,1808134000000.0
NAB,2023-Q1,OperatingIncome,1705931000000.0
NAB,2022-Q4,OperatingIncome,1894113000000.0
NAB,2022-Q3,OperatingIncome,1503500000000.0
NAB,2022-Q2,OperatingIncome,1353179000000.0
NAB,2022-Q1,OperatingIncome,1219024000000.0
NAB,2021-Q4,OperatingIncome,1552957000000.0
NAB,2021-Q3,OperatingIncome,949547000000.0
NAB,2021-Q2,OperatingIncome,1265310000000.0
NAB,2021-Q1,OperatingIncome,1050859000000.0
NAB,2020-Q4,OperatingIncome,1267307000000.0
NAB,2020-Q3,OperatingIncome,732601000000.0
NAB,2020-Q2,OperatingIncome,642503000000.0
NAB,2020-Q1,OperatingIncome,552052000000.0
NAB,2019-Q4,OperatingIncome,865637000000.0
NAB,2019-Q3,OperatingIncome,486128000000.0
NAB,2019-Q2,OperatingIncome,409038000000.0
NAB,2019-Q1,OperatingIncome,705250000000.0
NAB,2018-Q4,OperatingIncome,446336000000.0
NAB,2018-Q3,OperatingIncome,469215000000.0
NAB,2018-Q2,OperatingIncome,487948000000.0
NAB,2018-Q1,OperatingIncome,392741000000.0
KLB,2026-Q2,ROE,0.2406941458
KLB,2026-Q1,ROE,0.2471255875
KLB,2025-Q4,ROE,0.2471369118
KLB,2025-Q3,ROE,0.2124252814
KLB,2025-Q2,ROE,0.1752464659
KLB,2025-Q1,ROE,0.1546089197
KLB,2024-Q4,ROE,0.1435782863
KLB,2024-Q3,ROE,0.1109191514
KLB,2024-Q2,ROE,0.1177313181
KLB,2024-Q1,ROE,0.1018133055
KLB,2023-Q4,ROE,0.1049222329
KLB,2023-Q3,ROE,0.1185758635
KLB,2023-Q2,ROE,0.1114081032
KLB,2023-Q1,ROE,0.1180661879
KLB,2022-Q4,ROE,0.1104170124
KLB,2022-Q3,ROE,0.1063231787
KLB,2022-Q2,ROE,0.0932173449
KLB,2022-Q1,ROE,0.1791834897
KLB,2021-Q4,ROE,0.1547533868
KLB,2021-Q3,ROE,0.1547533868
KLB,2021-Q2,ROE,0.1551538683
KLB,2021-Q1,ROE,0.1500118198
KLB,2020-Q4,ROE,0.0327672047
KLB,2020-Q3,ROE,-0.0011623092
KLB,2020-Q2,ROE,0.0080528375
KLB,2020-Q1,ROE,0.0140055866
KLB,2019-Q4,ROE,0.0179459006
KLB,2019-Q3,ROE,0.0643525521
KLB,2019-Q2,ROE,0.0629062745
KLB,2019-Q1,ROE,0.0635846348
KLB,2018-Q4,ROE,0.0635160586
KLB,2018-Q3,ROE,0.0639760627
KLB,2018-Q2,ROE,0.0602066067
KLB,2018-Q1,ROE,0.0578163766
KLB,2026-Q2,ROA,0.0193882011
KLB,2026-Q1,ROA,0.0195115097
KLB,2025-Q4,ROA,0.0189910774
KLB,2025-Q3,ROA,0.0156878503
KLB,2025-Q2,ROA,0.0124993777
KLB,2025-Q1,ROA,0.0107446794
KLB,2024-Q4,ROA,0.0099078939
KLB,2024-Q3,ROA,0.0074868547
KLB,2024-Q2,ROA,0.0078753231
KLB,2024-Q1,ROA,0.0067309916
KLB,2023-Q4,ROA,0.0066459185
KLB,2023-Q3,ROA,0.007514333
KLB,2023-Q2,ROA,0.0069450571
KLB,2023-Q1,ROA,0.0074253232
KLB,2022-Q4,ROA,0.0064218944
KLB,2022-Q3,ROA,0.0064669548
KLB,2022-Q2,ROA,0.0056213885
KLB,2022-Q1,ROA,0.0109177686
KLB,2021-Q4,ROA,0.0105781588
KLB,2021-Q3,ROA,0.0105781588
KLB,2021-Q2,ROA,0.0110747683
KLB,2021-Q1,ROA,0.0105178494
KLB,2020-Q4,ROA,0.0023309321
KLB,2020-Q3,ROA,-8.32388e-05
KLB,2020-Q2,ROA,0.0006012677
KLB,2020-Q1,ROA,0.0010843761
KLB,2019-Q4,ROA,0.0014489371
KLB,2019-Q3,ROA,0.0054607851
KLB,2019-Q2,ROA,0.0054886975
KLB,2019-Q1,ROA,0.005752137
KLB,2018-Q4,ROA,0.0058236785
KLB,2018-Q3,ROA,0.0059699559
KLB,2018-Q2,ROA,0.0057288027
KLB,2018-Q1,ROA,0.0056085841
KLB,2026-Q2,NIM,0.0401056713
KLB,2026-Q1,NIM,0.0406098678
KLB,2025-Q4,NIM,0.0417027731
KLB,2025-Q3,NIM,0.0396984254
KLB,2025-Q2,NIM,0.0391629965
KLB,2025-Q1,NIM,0.0401812814
KLB,2024-Q4,NIM,0.038967728
KLB,2024-Q3,NIM,0.0359360609
KLB,2024-Q2,NIM,0.0316819768
KLB,2024-Q1,NIM,0.0260754701
KLB,2023-Q4,NIM,0.0259493793
KLB,2023-Q3,NIM,0.0265221586
KLB,2023-Q2,NIM,0.0284806167
KLB,2023-Q1,NIM,0.0303982089
KLB,2022-Q4,NIM,0.0265563677
KLB,2022-Q3,NIM,0.026130347
KLB,2022-Q2,NIM,0.0222987973
KLB,2022-Q1,NIM,0.0289036701
KLB,2021-Q4,NIM,0.027894416
KLB,2021-Q3,NIM,0.027894416
KLB,2021-Q2,NIM,0.0295524508
KLB,2021-Q1,NIM,0.0292454197
KLB,2020-Q4,NIM,0.0189167157
KLB,2020-Q3,NIM,0.0182029127
KLB,2020-Q2,NIM,0.0204558866
KLB,2020-Q1,NIM,0.0226659605
KLB,2019-Q4,NIM,0.0236115635
KLB,2019-Q3,NIM,0.0279262527
KLB,2019-Q2,NIM,0.0280240854
KLB,2019-Q1,NIM,0.0278056433
KLB,2018-Q4,NIM,0.0272918906
KLB,2018-Q3,NIM,0.0288001118
KLB,2018-Q2,NIM,0.0301930891
KLB,2018-Q1,NIM,0.032198124
KLB,2026-Q2,NPL,0.018271515
KLB,2026-Q1,NPL,0.0190129055
KLB,2025-Q4,NPL,0.018644613
KLB,2025-Q3,NPL,0.0192852779
KLB,2025-Q2,NPL,0.0197409313
KLB,2025-Q1,NPL,0.0216522441
KLB,2024-Q4,NPL,0.0201943098
KLB,2024-Q3,NPL,0.0194143172
KLB,2024-Q2,NPL,0.0198249212
KLB,2024-Q1,NPL,0.0245801355
KLB,2023-Q4,NPL,0.0193416757
KLB,2023-Q3,NPL,0.0214479689
KLB,2023-Q2,NPL,0.0165363742
KLB,2023-Q1,NPL,0.0185755796
KLB,2022-Q4,NPL,0.0189030413
KLB,2022-Q3,NPL,0.0195083411
KLB,2022-Q2,NPL,0.0194573317
KLB,2022-Q1,NPL,0.0189170705
KLB,2021-Q4,NPL,0.019964553
KLB,2021-Q3,NPL,0.019964553
KLB,2021-Q2,NPL,0.0143022015
KLB,2021-Q1,NPL,0.0156603712
KLB,2020-Q4,NPL,0.0542341663
KLB,2020-Q3,NPL,0.0663068599
KLB,2020-Q2,NPL,0.0658800195
KLB,2020-Q1,NPL,0.0662198699
KLB,2019-Q4,NPL,0.0102138478
KLB,2019-Q3,NPL,0.0106894565
KLB,2019-Q2,NPL,0.011484366
KLB,2019-Q1,NPL,0.0099805363
KLB,2018-Q4,NPL,0.0094231154
KLB,2018-Q3,NPL,0.0101503079
KLB,2018-Q2,NPL,0.0088860505
KLB,2018-Q1,NPL,0.0088668129
KLB,2025-Q2,CAR,0.1186
KLB,2024-Q2,CAR,0.0971
KLB,2026-Q2,CIR,0.3562501633
KLB,2026-Q1,CIR,0.3858699468
KLB,2025-Q4,CIR,0.3957810242
KLB,2025-Q3,CIR,0.3844835816
KLB,2025-Q2,CIR,0.2487926356
KLB,2025-Q1,CIR,0.5105354882
KLB,2024-Q4,CIR,0.5109398746
KLB,2024-Q3,CIR,0.6571763221
KLB,2024-Q2,CIR,0.4638338871
KLB,2024-Q1,CIR,0.5772971302
KLB,2023-Q4,CIR,0.5915161853
KLB,2023-Q3,CIR,0.5293675744
KLB,2023-Q2,CIR,0.6381673764
KLB,2023-Q1,CIR,0.6111214272
KLB,2022-Q4,CIR,0.5583110561
KLB,2022-Q3,CIR,0.5025830724
KLB,2022-Q2,CIR,0.5676864891
KLB,2022-Q1,CIR,0.5292296268
KLB,2021-Q4,CIR,0.8128528532
KLB,2021-Q3,CIR,0.8128528532
KLB,2021-Q2,CIR,0.7095161069
KLB,2021-Q1,CIR,0.2613415077
KLB,2020-Q4,CIR,0.874484201
KLB,2020-Q3,CIR,0.837286375
KLB,2020-Q2,CIR,0.8270172949
KLB,2020-Q1,CIR,0.6719254493
KLB,2019-Q4,CIR,0.8659737332
KLB,2019-Q3,CIR,0.7170836143
KLB,2019-Q2,CIR,0.7349431227
KLB,2019-Q1,CIR,0.7364538074
KLB,2018-Q4,CIR,0.7391053065
KLB,2018-Q3,CIR,0.7511878282
KLB,2018-Q2,CIR,0.6884687075
KLB,2018-Q1,CIR,0.7295552863
KLB,2026-Q2,LDR,1.049954025
KLB,2026-Q1,LDR,1.0013340776
KLB,2025-Q4,LDR,0.9941299181
KLB,2025-Q3,LDR,1.0003406714
KLB,2025-Q2,LDR,0.9504393213
KLB,2025-Q1,LDR,0.9573017158
KLB,2024-Q4,LDR,0.9671042844
KLB,2024-Q3,LDR,0.9872404766
KLB,2024-Q2,LDR,0.9757973084
KLB,2024-Q1,LDR,0.9493901496
KLB,2023-Q4,LDR,0.9101076489
KLB,2023-Q3,LDR,0.848682686
KLB,2023-Q2,LDR,0.7810619431
KLB,2023-Q1,LDR,0.7377770655
KLB,2022-Q4,LDR,0.8564392957
KLB,2022-Q3,LDR,0.9724418526
KLB,2022-Q2,LDR,0.8931970974
KLB,2022-Q1,LDR,0.7468701898
KLB,2021-Q4,LDR,0.7640567796
KLB,2021-Q3,LDR,0.7640567796
KLB,2021-Q2,LDR,0.7681848992
KLB,2021-Q1,LDR,0.748820253
KLB,2020-Q4,LDR,0.826227982
KLB,2020-Q3,LDR,0.8450396161
KLB,2020-Q2,LDR,0.9393896752
KLB,2020-Q1,LDR,0.9879336825
KLB,2019-Q4,LDR,1.016976303
KLB,2019-Q3,LDR,1.013133217
KLB,2019-Q2,LDR,1.0090571405
KLB,2019-Q1,LDR,1.0013080854
KLB,2018-Q4,LDR,1.0091020876
KLB,2018-Q3,LDR,0.9903963099
KLB,2018-Q2,LDR,0.9786813331
KLB,2018-Q1,LDR,0.9600239944
KLB,2026-Q2,CASA,0.058229059
KLB,2026-Q1,CASA,0.0593450641
KLB,2025-Q4,CASA,0.0812231187
KLB,2025-Q3,CASA,0.0601107049
KLB,2025-Q2,CASA,0.0768475316
KLB,2025-Q1,CASA,0.067228608
KLB,2024-Q4,CASA,0.06432429
KLB,2024-Q3,CASA,0.0490528707
KLB,2024-Q2,CASA,0.0599554429
KLB,2024-Q1,CASA,0.0542075525
KLB,2023-Q4,CASA,0.0599927885
KLB,2023-Q3,CASA,0.0396748638
KLB,2023-Q2,CASA,0.0371883255
KLB,2023-Q1,CASA,0.0372090399
KLB,2022-Q4,CASA,0.0397221458
KLB,2022-Q3,CASA,0.0918352144
KLB,2022-Q2,CASA,0.090559091
KLB,2022-Q1,CASA,0.2481754049
KLB,2021-Q4,CASA,0.1549323553
KLB,2021-Q3,CASA,0.0836599258
KLB,2021-Q2,CASA,0.0572453319
KLB,2021-Q1,CASA,0.0459857871
KLB,2020-Q4,CASA,0.0327045292
KLB,2020-Q3,CASA,0.0321311553
KLB,2020-Q2,CASA,0.0288411435
KLB,2020-Q1,CASA,0.027131846
KLB,2019-Q4,CASA,0.0462442389
KLB,2019-Q3,CASA,0.0445357082
KLB,2019-Q2,CASA,0.0443095274
KLB,2019-Q1,CASA,0.0424478587
KLB,2018-Q4,CASA,0.0317524144
KLB,2018-Q3,CASA,0.0256926592
KLB,2018-Q2,CASA,0.0303267298
KLB,2018-Q1,CASA,0.0470985705
KLB,2026-Q2,PB,0.9998091745
KLB,2026-Q1,PB,1.0729038998
KLB,2025-Q4,PB,0.9654967022
KLB,2025-Q3,PB,0.0
KLB,2025-Q2,PB,1.2611197862
KLB,2025-Q1,PB,0.9474720539
KLB,2024-Q4,PB,0.6012518958
KLB,2024-Q3,PB,0.6281084733
KLB,2024-Q2,PB,0.7542212175
KLB,2024-Q1,PB,0.7178219523
KLB,2023-Q4,PB,0.740975449
KLB,2023-Q3,PB,0.807547857
KLB,2023-Q2,PB,0.8129964817
KLB,2023-Q1,PB,0.9129453893
KLB,2022-Q4,PB,0.8009183179
KLB,2022-Q3,PB,0.8791747989
KLB,2022-Q2,PB,1.6945187116
KLB,2022-Q1,PB,1.8259663424
KLB,2021-Q4,PB,2.5444387832
KLB,2021-Q3,PB,2.0317499633
KLB,2021-Q2,PB,1.6054904491
KLB,2021-Q1,PB,1.5991891675
KLB,2020-Q4,PB,2.054819797
KLB,2020-Q3,PB,1.5022114247
KLB,2020-Q2,PB,0.995851924
KLB,2020-Q1,PB,0.8493781795
KLB,2019-Q4,PB,0.8900397135
KLB,2019-Q3,PB,0.8992962902
KLB,2019-Q2,PB,0.8187182239
KLB,2019-Q1,PB,0.8328667809
KLB,2018-Q4,PB,0.9127335588
KLB,2018-Q3,PB,0.9299756605
KLB,2018-Q2,PB,0.8967096249
KLB,2018-Q1,PB,0.905692485
KLB,2026-Q2,PE,4.5095681727
KLB,2026-Q1,PE,4.7463787382
KLB,2025-Q4,PE,4.3778701177
KLB,2025-Q3,PE,0.0
KLB,2025-Q2,PE,7.7201678979
KLB,2025-Q1,PE,6.4655205284
KLB,2024-Q4,PE,4.4746670438
KLB,2024-Q3,PE,5.93493445
KLB,2024-Q2,PE,6.6854297199
KLB,2024-Q1,PE,7.310899143
KLB,2023-Q4,PE,7.4326277105
KLB,2023-Q3,PE,7.1285806766
KLB,2023-Q2,PE,7.6301939714
KLB,2023-Q1,PE,8.1044420658
KLB,2022-Q4,PE,7.6243517174
KLB,2022-Q3,PE,8.5803799291
KLB,2022-Q2,PE,18.832341484
KLB,2022-Q1,PE,25.190894377
KLB,2021-Q4,PE,15.4574939396
KLB,2021-Q3,PE,13.7636095737
KLB,2021-Q2,PE,11.1366675376
KLB,2021-Q1,PE,11.7360861431
KLB,2020-Q4,PE,64.4941805158
KLB,2020-Q3,PE,-1310.8012581956
KLB,2020-Q2,PE,124.3054307256
KLB,2020-Q1,PE,60.5018897444
KLB,2019-Q4,PE,50.4623738807
KLB,2019-Q3,PE,14.2711005305
KLB,2019-Q2,PE,13.2428416862
KLB,2019-Q1,PE,13.3966633483
KLB,2018-Q4,PE,14.9362197431
KLB,2018-Q3,PE,14.8236523195
KLB,2018-Q2,PE,15.1490425193
KLB,2018-Q1,PE,15.8113362782
KLB,2026-Q2,TotalAssets,114911027000000.0
KLB,2026-Q1,TotalAssets,108967827000000.0
KLB,2025-Q4,TotalAssets,103302689000000.0
KLB,2025-Q3,TotalAssets,97716050000000.0
KLB,2025-Q2,TotalAssets,97630483000000.0
KLB,2025-Q1,TotalAssets,97164450000000.0
KLB,2024-Q4,TotalAssets,92176268000000.0
KLB,2024-Q3,TotalAssets,91827176000000.0
KLB,2024-Q2,TotalAssets,91668173000000.0
KLB,2024-Q1,TotalAssets,87580938000000.0
KLB,2023-Q4,TotalAssets,86972602000000.0
KLB,2023-Q3,TotalAssets,85552552000000.0
KLB,2023-Q2,TotalAssets,86408083000000.0
KLB,2023-Q1,TotalAssets,85739608000000.0
KLB,2022-Q4,TotalAssets,85760181000000.0
KLB,2022-Q3,TotalAssets,80625848000000.0
KLB,2022-Q2,TotalAssets,73734926000000.0
KLB,2022-Q1,TotalAssets,80844175000000.0
KLB,2021-Q4,TotalAssets,83822488000000.0
KLB,2021-Q3,TotalAssets,75740729000000.0
KLB,2021-Q2,TotalAssets,60328045000000.0
KLB,2021-Q1,TotalAssets,61942059000000.0
KLB,2020-Q4,TotalAssets,57281987000000.0
KLB,2020-Q3,TotalAssets,55592151000000.0
KLB,2020-Q2,TotalAssets,55416420000000.0
KLB,2020-Q1,TotalAssets,53086165000000.0
KLB,2019-Q4,TotalAssets,51093340000000.0
KLB,2019-Q3,TotalAssets,46874495000000.0
KLB,2019-Q2,TotalAssets,47670417000000.0
KLB,2019-Q1,TotalAssets,43738068000000.0
KLB,2018-Q4,TotalAssets,42329878000000.0
KLB,2018-Q3,TotalAssets,39452452000000.0
KLB,2018-Q2,TotalAssets,39252451000000.0
KLB,2018-Q1,TotalAssets,39395353000000.0
KLB,2026-Q2,GrossLoans,77617866000000.0
KLB,2026-Q1,GrossLoans,73234993000000.0
KLB,2025-Q4,GrossLoans,71587702000000.0
KLB,2025-Q3,GrossLoans,70922390000000.0
KLB,2025-Q2,GrossLoans,69547023000000.0
KLB,2025-Q1,GrossLoans,67958822000000.0
KLB,2024-Q4,GrossLoans,61431909000000.0
KLB,2024-Q3,GrossLoans,59275018000000.0
KLB,2024-Q2,GrossLoans,56973089000000.0
KLB,2024-Q1,GrossLoans,53392708000000.0
KLB,2023-Q4,GrossLoans,51783052000000.0
KLB,2023-Q3,GrossLoans,47863087000000.0
KLB,2023-Q2,GrossLoans,47757567000000.0
KLB,2023-Q1,GrossLoans,45915068000000.0
KLB,2022-Q4,GrossLoans,44702595000000.0
KLB,2022-Q3,GrossLoans,41061718000000.0
KLB,2022-Q2,GrossLoans,38603289000000.0
KLB,2022-Q1,GrossLoans,36181071000000.0
KLB,2021-Q4,GrossLoans,38387339000000.0
KLB,2021-Q3,GrossLoans,34922595000000.0
KLB,2021-Q2,GrossLoans,35668425000000.0
KLB,2021-Q1,GrossLoans,35747173000000.0
KLB,2020-Q4,GrossLoans,34716197000000.0
KLB,2020-Q3,GrossLoans,33793321000000.0
KLB,2020-Q2,GrossLoans,34146438000000.0
KLB,2020-Q1,GrossLoans,33830148000000.0
KLB,2019-Q4,GrossLoans,33479645000000.0
KLB,2019-Q3,GrossLoans,31907422000000.0
KLB,2019-Q2,GrossLoans,31037412000000.0
KLB,2019-Q1,GrossLoans,29861221000000.0
KLB,2018-Q4,GrossLoans,29471994000000.0
KLB,2018-Q3,GrossLoans,27405080000000.0
KLB,2018-Q2,GrossLoans,27341393000000.0
KLB,2018-Q1,GrossLoans,26386031000000.0
KLB,2026-Q2,CustomerDeposits,73925014000000.0
KLB,2026-Q1,CustomerDeposits,73137422000000.0
KLB,2025-Q4,CustomerDeposits,72010409000000.0
KLB,2025-Q3,CustomerDeposits,70898237000000.0
KLB,2025-Q2,CustomerDeposits,73173554000000.0
KLB,2025-Q1,CustomerDeposits,70989972000000.0
KLB,2024-Q4,CustomerDeposits,63521494000000.0
KLB,2024-Q3,CustomerDeposits,60041114000000.0
KLB,2024-Q2,CustomerDeposits,58386192000000.0
KLB,2024-Q1,CustomerDeposits,56238953000000.0
KLB,2023-Q4,CustomerDeposits,56897722000000.0
KLB,2023-Q3,CustomerDeposits,56396917000000.0
KLB,2023-Q2,CustomerDeposits,61144404000000.0
KLB,2023-Q1,CustomerDeposits,62234339000000.0
KLB,2022-Q4,CustomerDeposits,52195871000000.0
KLB,2022-Q3,CustomerDeposits,42225371000000.0
KLB,2022-Q2,CustomerDeposits,43219228000000.0
KLB,2022-Q1,CustomerDeposits,52418752000000.0
KLB,2021-Q4,CustomerDeposits,51397605000000.0
KLB,2021-Q3,CustomerDeposits,45706806000000.0
KLB,2021-Q2,CustomerDeposits,46432083000000.0
KLB,2021-Q1,CustomerDeposits,47737989000000.0
KLB,2020-Q4,CustomerDeposits,42017697000000.0
KLB,2020-Q3,CustomerDeposits,39990221000000.0
KLB,2020-Q2,CustomerDeposits,36349599000000.0
KLB,2020-Q1,CustomerDeposits,34243339000000.0
KLB,2019-Q4,CustomerDeposits,32920771000000.0
KLB,2019-Q3,CustomerDeposits,31493807000000.0
KLB,2019-Q2,CustomerDeposits,30758825000000.0
KLB,2019-Q1,CustomerDeposits,29822211000000.0
KLB,2018-Q4,CustomerDeposits,29206157000000.0
KLB,2018-Q3,CustomerDeposits,27670822000000.0
KLB,2018-Q2,CustomerDeposits,27936972000000.0
KLB,2018-Q1,CustomerDeposits,27484762000000.0
KLB,2026-Q2,Equity,9289228000000.0
KLB,2026-Q1,Equity,8795991000000.0
KLB,2025-Q4,Equity,8416503000000.0
KLB,2025-Q3,Equity,7724287000000.0
KLB,2025-Q2,Equity,7246143000000.0
KLB,2025-Q1,Equity,6834212000000.0
KLB,2024-Q4,Equity,6604952000000.0
KLB,2024-Q3,Equity,6332322000000.0
KLB,2024-Q2,Equity,6139076000000.0
KLB,2024-Q1,Equity,5938737000000.0
KLB,2023-Q4,Equity,5757558000000.0
KLB,2023-Q3,Equity,5695632000000.0
KLB,2023-Q2,Equity,5516513000000.0
KLB,2023-Q1,Equity,5369891000000.0
KLB,2022-Q4,Equity,5183574000000.0
KLB,2022-Q3,Equity,5033837000000.0
KLB,2022-Q2,Equity,4906457000000.0
KLB,2022-Q1,Equity,4784675000000.0
KLB,2021-Q4,Equity,4679417000000.0
KLB,2021-Q3,Equity,4573522000000.0
KLB,2021-Q2,Equity,4516027000000.0
KLB,2021-Q1,Equity,4442805000000.0
KLB,2020-Q4,Equity,3918172000000.0
KLB,2020-Q3,Equity,3907418000000.0
KLB,2020-Q2,Equity,3874013000000.0
KLB,2020-Q1,Equity,3837417000000.0
KLB,2019-Q4,Equity,3791854000000.0
KLB,2019-Q3,Equity,3912897000000.0
KLB,2019-Q2,Equity,3843978000000.0
KLB,2019-Q1,Equity,3811325000000.0
KLB,2018-Q4,Equity,3758123000000.0
KLB,2018-Q3,Equity,3697817000000.0
KLB,2018-Q2,Equity,3638789000000.0
KLB,2018-Q1,Equity,3610497000000.0
KLB,2026-Q2,NPAT,522657000000.0
KLB,2026-Q1,NPAT,416809000000.0
KLB,2025-Q4,NPAT,628175000000.0
KLB,2025-Q3,NPAT,491859000000.0
KLB,2025-Q2,NPAT,451463000000.0
KLB,2025-Q1,NPAT,284681000000.0
KLB,2024-Q4,NPAT,280726000000.0
KLB,2024-Q3,NPAT,166816000000.0
KLB,2024-Q2,NPAT,269278000000.0
KLB,2024-Q1,NPAT,170674000000.0
KLB,2023-Q4,NPAT,63397000000.0
KLB,2023-Q3,NPAT,189235000000.0
KLB,2023-Q2,NPAT,159790000000.0
KLB,2023-Q1,NPAT,161562000000.0
KLB,2022-Q4,NPAT,134632000000.0
KLB,2022-Q3,NPAT,131800000000.0
KLB,2022-Q2,NPAT,176911000000.0
KLB,2022-Q1,NPAT,101178000000.0
KLB,2021-Q4,NPAT,105895000000.0
KLB,2021-Q3,NPAT,57495000000.0
KLB,2021-Q2,NPAT,82250000000.0
KLB,2021-Q1,NPAT,524633000000.0
KLB,2020-Q4,NPAT,10754000000.0
KLB,2020-Q3,NPAT,33405000000.0
KLB,2020-Q2,NPAT,36596000000.0
KLB,2020-Q1,NPAT,45563000000.0
KLB,2019-Q4,NPAT,-120042000000.0
KLB,2019-Q3,NPAT,68919000000.0
KLB,2019-Q2,NPAT,59433000000.0
KLB,2019-Q1,NPAT,59364000000.0
KLB,2018-Q4,NPAT,58856000000.0
KLB,2018-Q3,NPAT,59995000000.0
KLB,2018-Q2,NPAT,58734000000.0
KLB,2018-Q1,NPAT,59081000000.0
KLB,2026-Q2,NetInterestIncome,1006877000000.0
KLB,2026-Q1,NetInterestIncome,919679000000.0
KLB,2025-Q4,NetInterestIncome,1056670000000.0
KLB,2025-Q3,NetInterestIncome,977868000000.0
KLB,2025-Q2,NetInterestIncome,883946000000.0
KLB,2025-Q1,NetInterestIncome,849086000000.0
KLB,2024-Q4,NetInterestIncome,793732000000.0
KLB,2024-Q3,NetInterestIncome,865557000000.0
KLB,2024-Q2,NetInterestIncome,919045000000.0
KLB,2024-Q1,NetInterestIncome,612892000000.0
KLB,2023-Q4,NetInterestIncome,542589000000.0
KLB,2023-Q3,NetInterestIncome,455114000000.0
KLB,2023-Q2,NetInterestIncome,432786000000.0
KLB,2023-Q1,NetInterestIncome,607617000000.0
KLB,2022-Q4,NetInterestIncome,553998000000.0
KLB,2022-Q3,NetInterestIncome,588613000000.0
KLB,2022-Q2,NetInterestIncome,505451000000.0
KLB,2022-Q1,NetInterestIncome,443459000000.0
KLB,2021-Q4,NetInterestIncome,413453000000.0
KLB,2021-Q3,NetInterestIncome,290646000000.0
KLB,2021-Q2,NetInterestIncome,311518000000.0
KLB,2021-Q1,NetInterestIncome,915343000000.0
KLB,2020-Q4,NetInterestIncome,161667000000.0
KLB,2020-Q3,NetInterestIncome,240657000000.0
KLB,2020-Q2,NetInterestIncome,254135000000.0
KLB,2020-Q1,NetInterestIncome,295969000000.0
KLB,2019-Q4,NetInterestIncome,115685000000.0
KLB,2019-Q3,NetInterestIncome,306865000000.0
KLB,2019-Q2,NetInterestIncome,314219000000.0
KLB,2019-Q1,NetInterestIncome,271101000000.0
KLB,2018-Q4,NetInterestIncome,248578000000.0
KLB,2018-Q3,NetInterestIncome,258117000000.0
KLB,2018-Q2,NetInterestIncome,248024000000.0
KLB,2018-Q1,NetInterestIncome,213325000000.0
KLB,2026-Q2,OperatingIncome,1339205000000.0
KLB,2026-Q1,OperatingIncome,1082572000000.0
KLB,2025-Q4,OperatingIncome,1657531000000.0
KLB,2025-Q3,OperatingIncome,1225605000000.0
KLB,2025-Q2,OperatingIncome,1191024000000.0
KLB,2025-Q1,OperatingIncome,1133265000000.0
KLB,2024-Q4,OperatingIncome,1088496000000.0
KLB,2024-Q3,OperatingIncome,1012573000000.0
KLB,2024-Q2,OperatingIncome,1085671000000.0
KLB,2024-Q1,OperatingIncome,769841000000.0
KLB,2023-Q4,OperatingIncome,759614000000.0
KLB,2023-Q3,OperatingIncome,698849000000.0
KLB,2023-Q2,OperatingIncome,580763000000.0
KLB,2023-Q1,OperatingIncome,743178000000.0
KLB,2022-Q4,OperatingIncome,726917000000.0
KLB,2022-Q3,OperatingIncome,698006000000.0
KLB,2022-Q2,OperatingIncome,635895000000.0
KLB,2022-Q1,OperatingIncome,552461000000.0
KLB,2021-Q4,OperatingIncome,530037000000.0
KLB,2021-Q3,OperatingIncome,339022000000.0
KLB,2021-Q2,OperatingIncome,452538000000.0
KLB,2021-Q1,OperatingIncome,997266000000.0
KLB,2020-Q4,OperatingIncome,251809000000.0
KLB,2020-Q3,OperatingIncome,283031000000.0
KLB,2020-Q2,OperatingIncome,322697000000.0
KLB,2020-Q1,OperatingIncome,383739000000.0
KLB,2019-Q4,OperatingIncome,175255000000.0
KLB,2019-Q3,OperatingIncome,372269000000.0
KLB,2019-Q2,OperatingIncome,365348000000.0
KLB,2019-Q1,OperatingIncome,288845000000.0
KLB,2018-Q4,OperatingIncome,355369000000.0
KLB,2018-Q3,OperatingIncome,320543000000.0
KLB,2018-Q2,OperatingIncome,297755000000.0
KLB,2018-Q1,OperatingIncome,274851000000.0
BAB,2026-Q2,ROE,0.0895637286
BAB,2026-Q1,ROE,0.0922215746
BAB,2025-Q4,ROE,0.0948215868
BAB,2025-Q3,ROE,0.0831558705
BAB,2025-Q2,ROE,0.0938533653
BAB,2025-Q1,ROE,0.0889490319
BAB,2024-Q4,ROE,0.0892912447
BAB,2024-Q3,ROE,0.0951193248
BAB,2024-Q2,ROE,0.0813710296
BAB,2024-Q1,ROE,0.0780927311
BAB,2023-Q4,ROE,0.0826725835
BAB,2023-Q3,ROE,0.0717280164
BAB,2023-Q2,ROE,0.089879732
BAB,2023-Q1,ROE,0.0961991579
BAB,2022-Q4,ROE,0.0883235532
BAB,2022-Q3,ROE,0.0794147021
BAB,2022-Q2,ROE,0.0792082105
BAB,2022-Q1,ROE,0.0834166488
BAB,2021-Q3,ROE,0.0855756474
BAB,2021-Q1,ROE,0.0765059574
BAB,2020-Q4,ROE,0.0726632958
BAB,2020-Q3,ROE,0.0813827842
BAB,2020-Q2,ROE,0.0871622716
BAB,2020-Q1,ROE,0.0909361667
BAB,2019-Q4,ROE,0.100615401
BAB,2019-Q3,ROE,0.0990338061
BAB,2019-Q2,ROE,0.094939809
BAB,2019-Q1,ROE,0.101044326
BAB,2018-Q4,ROE,0.1006474813
BAB,2018-Q3,ROE,0.1035848266
BAB,2018-Q2,ROE,0.1108510199
BAB,2018-Q1,ROE,0.1046448048
BAB,2026-Q2,ROA,0.0060141427
BAB,2026-Q1,ROA,0.0062453682
BAB,2025-Q4,ROA,0.0065849874
BAB,2025-Q3,ROA,0.0056577701
BAB,2025-Q2,ROA,0.0065350644
BAB,2025-Q1,ROA,0.0063468897
BAB,2024-Q4,ROA,0.0063655037
BAB,2024-Q3,ROA,0.006931472
BAB,2024-Q2,ROA,0.005908941
BAB,2024-Q1,ROA,0.0057493994
BAB,2023-Q4,ROA,0.0060801118
BAB,2023-Q3,ROA,0.0053833691
BAB,2023-Q2,ROA,0.006857951
BAB,2023-Q1,ROA,0.0072955973
BAB,2022-Q4,ROA,0.0066980538
BAB,2022-Q3,ROA,0.0060815095
BAB,2022-Q2,ROA,0.0061195849
BAB,2022-Q1,ROA,0.0061299293
BAB,2021-Q3,ROA,0.0065763676
BAB,2021-Q1,ROA,0.0056589211
BAB,2020-Q4,ROA,0.0052229979
BAB,2020-Q3,ROA,0.0059219794
BAB,2020-Q2,ROA,0.00639401
BAB,2020-Q1,ROA,0.0066646678
BAB,2019-Q4,ROA,0.0073146621
BAB,2019-Q3,ROA,0.0073354011
BAB,2019-Q2,ROA,0.0070494689
BAB,2019-Q1,ROA,0.0075596632
BAB,2018-Q4,ROA,0.0071734068
BAB,2018-Q3,ROA,0.0076626374
BAB,2018-Q2,ROA,0.0080643477
BAB,2018-Q1,ROA,0.0075320692
BAB,2026-Q2,NIM,0.0232718555
BAB,2026-Q1,NIM,0.0224070824
BAB,2025-Q4,NIM,0.0228014901
BAB,2025-Q3,NIM,0.0226350517
BAB,2025-Q2,NIM,0.0239456979
BAB,2025-Q1,NIM,0.0250016001
BAB,2024-Q4,NIM,0.0253133508
BAB,2024-Q3,NIM,0.0249842375
BAB,2024-Q2,NIM,0.0231910127
BAB,2024-Q1,NIM,0.0216473466
BAB,2023-Q4,NIM,0.0193932133
BAB,2023-Q3,NIM,0.0211989696
BAB,2023-Q2,NIM,0.0231427906
BAB,2023-Q1,NIM,0.0221275939
BAB,2022-Q4,NIM,0.0220617083
BAB,2022-Q3,NIM,0.020143012
BAB,2022-Q2,NIM,0.0199121007
BAB,2022-Q1,NIM,0.0198008733
BAB,2021-Q3,NIM,0.0215267924
BAB,2021-Q1,NIM,0.0200578289
BAB,2020-Q4,NIM,0.0196763979
BAB,2020-Q3,NIM,0.019537184
BAB,2020-Q2,NIM,0.0200964529
BAB,2020-Q1,NIM,0.0208254639
BAB,2019-Q4,NIM,0.0205177806
BAB,2019-Q3,NIM,0.0208234945
BAB,2019-Q2,NIM,0.0194763192
BAB,2019-Q1,NIM,0.0189935253
BAB,2018-Q4,NIM,0.019062397
BAB,2018-Q3,NIM,0.019780669
BAB,2018-Q2,NIM,0.0210602915
BAB,2018-Q1,NIM,0.0215969809
BAB,2026-Q2,NPL,0.0113021953
BAB,2026-Q1,NPL,0.0188254709
BAB,2025-Q4,NPL,0.0115085898
BAB,2025-Q3,NPL,0.0113492286
BAB,2025-Q2,NPL,0.0125319017
BAB,2025-Q1,NPL,0.0126434524
BAB,2024-Q4,NPL,0.0124064465
BAB,2024-Q3,NPL,0.0132735446
BAB,2024-Q2,NPL,0.0148207457
BAB,2024-Q1,NPL,0.0111179599
BAB,2023-Q4,NPL,0.0091700606
BAB,2023-Q3,NPL,0.0077285066
BAB,2023-Q2,NPL,0.0070287508
BAB,2023-Q1,NPL,0.0056628065
BAB,2022-Q4,NPL,0.0054597931
BAB,2022-Q3,NPL,0.0058603813
BAB,2022-Q2,NPL,0.007352649
BAB,2022-Q1,NPL,0.0077460468
BAB,2021-Q3,NPL,0.008211288
BAB,2021-Q1,NPL,0.0041824182
BAB,2020-Q4,NPL,0.0079052953
BAB,2020-Q3,NPL,0.0080771234
BAB,2020-Q2,NPL,0.008033312
BAB,2020-Q1,NPL,0.0079001515
BAB,2019-Q4,NPL,0.0068559344
BAB,2019-Q3,NPL,0.0072107567
BAB,2019-Q2,NPL,0.0072470541
BAB,2019-Q1,NPL,0.0042535726
BAB,2018-Q4,NPL,0.0076286256
BAB,2018-Q3,NPL,0.0070756594
BAB,2018-Q2,NPL,0.0073231747
BAB,2018-Q1,NPL,0.0076866193
BAB,2025-Q2,CAR,0.1001
BAB,2024-Q2,CAR,0.1
BAB,2023-Q2,CAR,0.0853
BAB,2022-Q2,CAR,0.0892
BAB,2026-Q2,CIR,0.5029187189
BAB,2026-Q1,CIR,0.5121538885
BAB,2025-Q4,CIR,0.5749174917
BAB,2025-Q3,CIR,0.7067294645
BAB,2025-Q2,CIR,0.6122311604
BAB,2025-Q1,CIR,0.5594199656
BAB,2024-Q4,CIR,0.6143935353
BAB,2024-Q3,CIR,0.6523419627
BAB,2024-Q2,CIR,0.6161827051
BAB,2024-Q1,CIR,0.595406312
BAB,2023-Q4,CIR,0.6016817707
BAB,2023-Q3,CIR,0.7946121767
BAB,2023-Q2,CIR,0.7600992752
BAB,2023-Q1,CIR,0.5207155076
BAB,2022-Q4,CIR,0.5985100827
BAB,2022-Q3,CIR,0.6056321545
BAB,2022-Q2,CIR,0.5772888363
BAB,2022-Q1,CIR,0.5325028976
BAB,2021-Q3,CIR,0.5906575286
BAB,2021-Q1,CIR,0.5431875728
BAB,2020-Q4,CIR,0.5563460069
BAB,2020-Q3,CIR,0.6472425677
BAB,2020-Q2,CIR,0.4703893485
BAB,2020-Q1,CIR,0.5204348294
BAB,2019-Q4,CIR,0.5033748619
BAB,2019-Q3,CIR,0.5588898667
BAB,2019-Q2,CIR,0.4689219795
BAB,2019-Q1,CIR,0.4598703839
BAB,2018-Q4,CIR,0.4406478576
BAB,2018-Q3,CIR,0.5364308906
BAB,2018-Q2,CIR,0.4228927392
BAB,2018-Q1,CIR,0.3830437185
BAB,2026-Q2,LDR,1.1338242212
BAB,2026-Q1,LDR,1.0165977004
BAB,2025-Q4,LDR,0.9951316147
BAB,2025-Q3,LDR,0.9611859054
BAB,2025-Q2,LDR,0.8781315542
BAB,2025-Q1,LDR,0.8908552613
BAB,2024-Q4,LDR,0.8939460123
BAB,2024-Q3,LDR,0.863523712
BAB,2024-Q2,LDR,0.8529172536
BAB,2024-Q1,LDR,0.8511574204
BAB,2023-Q4,LDR,0.8428137098
BAB,2023-Q3,LDR,0.8608551715
BAB,2023-Q2,LDR,0.9167541108
BAB,2023-Q1,LDR,0.9244541889
BAB,2022-Q4,LDR,0.9712707036
BAB,2022-Q3,LDR,0.9662130756
BAB,2022-Q2,LDR,0.9196965082
BAB,2022-Q1,LDR,0.9053726312
BAB,2021-Q3,LDR,0.859804461
BAB,2021-Q1,LDR,0.8531610706
BAB,2020-Q4,LDR,0.9190002321
BAB,2020-Q3,LDR,0.85039688
BAB,2020-Q2,LDR,0.8782233021
BAB,2020-Q1,LDR,0.8898915084
BAB,2019-Q4,LDR,0.9575916455
BAB,2019-Q3,LDR,0.922715246
BAB,2019-Q2,LDR,0.8987453369
BAB,2019-Q1,LDR,0.8753132657
BAB,2018-Q4,LDR,0.8820559017
BAB,2018-Q3,LDR,0.8654228781
BAB,2018-Q2,LDR,0.9047080271
BAB,2018-Q1,LDR,0.8717022319
BAB,2026-Q2,CASA,0.0352825933
BAB,2026-Q1,CASA,0.0320669989
BAB,2025-Q4,CASA,0.0368872927
BAB,2025-Q3,CASA,0.0298116926
BAB,2025-Q2,CASA,0.0316584769
BAB,2025-Q1,CASA,0.0281717486
BAB,2024-Q4,CASA,0.0292328286
BAB,2024-Q3,CASA,0.0277024579
BAB,2024-Q2,CASA,0.0255839347
BAB,2024-Q1,CASA,0.0258461919
BAB,2023-Q4,CASA,0.0442999013
BAB,2023-Q3,CASA,0.0432450763
BAB,2023-Q2,CASA,0.0480986498
BAB,2023-Q1,CASA,0.0405392948
BAB,2022-Q4,CASA,0.0728059032
BAB,2022-Q3,CASA,0.0688016923
BAB,2022-Q2,CASA,0.0600778108
BAB,2022-Q1,CASA,0.0482589668
BAB,2021-Q3,CASA,0.0195974414
BAB,2021-Q1,CASA,0.0191313769
BAB,2020-Q4,CASA,0.0168355573
BAB,2020-Q3,CASA,0.0146909588
BAB,2020-Q2,CASA,0.0121149762
BAB,2020-Q1,CASA,0.0107018614
BAB,2019-Q4,CASA,0.018666005
BAB,2019-Q3,CASA,0.014019387
BAB,2019-Q2,CASA,0.0203782068
BAB,2019-Q1,CASA,0.0114199765
BAB,2018-Q4,CASA,0.0107843832
BAB,2018-Q3,CASA,0.012170818
BAB,2018-Q2,CASA,0.0119329815
BAB,2018-Q1,CASA,0.0113821595
BAB,2026-Q2,PB,0.8891979622
BAB,2026-Q1,PB,0.957010024
BAB,2025-Q4,PB,0.9022508729
BAB,2025-Q3,PB,0.9974126965
BAB,2025-Q2,PB,1.0621965575
BAB,2025-Q1,PB,0.9864175977
BAB,2024-Q4,PB,0.88627052
BAB,2024-Q3,PB,0.9256009568
BAB,2024-Q2,PB,0.9595107439
BAB,2024-Q1,PB,0.9812606057
BAB,2023-Q4,PB,1.0386910994
BAB,2023-Q3,PB,1.070867877
BAB,2023-Q2,PB,1.0824239131
BAB,2023-Q1,PB,1.1251532901
BAB,2022-Q4,PB,1.1303737082
BAB,2022-Q3,PB,1.1253452605
BAB,2022-Q2,PB,1.2664592569
BAB,2022-Q1,PB,1.4600524564
BAB,2021-Q3,PB,1.8645273959
BAB,2021-Q1,PB,1.9064870751
BAB,2020-Q4,PB,2.2448814396
BAB,2020-Q3,PB,1.8330714143
BAB,2020-Q2,PB,1.5398967063
BAB,2020-Q1,PB,1.4947557259
BAB,2019-Q4,PB,1.4888064404
BAB,2019-Q3,PB,1.5684279605
BAB,2019-Q2,PB,1.3424643384
BAB,2019-Q1,PB,1.564225792
BAB,2018-Q4,PB,1.5997275521
BAB,2018-Q3,PB,1.6316653603
BAB,2018-Q2,PB,1.6868284603
BAB,2018-Q1,PB,1.7090737615
BAB,2026-Q2,PE,10.1527822268
BAB,2026-Q1,PE,10.7144073264
BAB,2025-Q4,PE,9.8175220929
BAB,2025-Q3,PE,12.0375044338
BAB,2025-Q2,PE,11.5949062365
BAB,2025-Q1,PE,11.3225955844
BAB,2024-Q4,PE,10.3262160475
BAB,2024-Q3,PE,9.9649516046
BAB,2024-Q2,PE,12.1075925547
BAB,2024-Q1,PE,13.0711873312
BAB,2023-Q4,PE,13.1407688369
BAB,2023-Q3,PE,15.1548243921
BAB,2023-Q2,PE,12.3424752473
BAB,2023-Q1,PE,12.3026888866
BAB,2022-Q4,PE,13.4401155435
BAB,2022-Q3,PE,14.5560460568
BAB,2022-Q2,PE,16.3187086968
BAB,2022-Q1,PE,18.2674391544
BAB,2021-Q3,PE,22.4634603991
BAB,2021-Q1,PE,25.6552151933
BAB,2020-Q4,PE,31.9418878042
BAB,2020-Q3,PE,23.0215452432
BAB,2020-Q2,PE,18.1909689956
BAB,2020-Q1,PE,17.0012849227
BAB,2019-Q4,PE,15.5245938387
BAB,2019-Q3,PE,16.3623008187
BAB,2019-Q2,PE,14.6260092827
BAB,2019-Q1,PE,16.081119934
BAB,2018-Q4,PE,16.659860173
BAB,2018-Q3,PE,16.245040554
BAB,2018-Q2,PE,15.7620585339
BAB,2018-Q1,PE,17.0176345505
BAB,2026-Q2,TotalAssets,214351093000000.0
BAB,2026-Q1,TotalAssets,193569826000000.0
BAB,2025-Q4,TotalAssets,195820302000000.0
BAB,2025-Q3,TotalAssets,191964536000000.0
BAB,2025-Q2,TotalAssets,184957884000000.0
BAB,2025-Q1,TotalAssets,175365541000000.0
BAB,2024-Q4,TotalAssets,165486693000000.0
BAB,2024-Q3,TotalAssets,156130215000000.0
BAB,2024-Q2,TotalAssets,154482470000000.0
BAB,2024-Q1,TotalAssets,149352566000000.0
BAB,2023-Q4,TotalAssets,152268345000000.0
BAB,2023-Q3,TotalAssets,145000607000000.0
BAB,2023-Q2,TotalAssets,135266042000000.0
BAB,2023-Q1,TotalAssets,133851621000000.0
BAB,2022-Q4,TotalAssets,128827228000000.0
BAB,2022-Q3,TotalAssets,124092667000000.0
BAB,2022-Q2,TotalAssets,124187607000000.0
BAB,2022-Q1,TotalAssets,117077868000000.0
BAB,2021-Q4,TotalAssets,119791806000000.0
BAB,2021-Q3,TotalAssets,111350577000000.0
BAB,2021-Q2,TotalAssets,111282902000000.0
BAB,2021-Q1,TotalAssets,108809172000000.0
BAB,2020-Q4,TotalAssets,117192248000000.0
BAB,2020-Q3,TotalAssets,112041844000000.0
BAB,2020-Q2,TotalAssets,110927827000000.0
BAB,2020-Q1,TotalAssets,109828721000000.0
BAB,2019-Q4,TotalAssets,107892774000000.0
BAB,2019-Q3,TotalAssets,100178911000000.0
BAB,2019-Q2,TotalAssets,102017295000000.0
BAB,2019-Q1,TotalAssets,97193809000000.0
BAB,2018-Q4,TotalAssets,97030568000000.0
BAB,2018-Q3,TotalAssets,89675629000000.0
BAB,2018-Q2,TotalAssets,89772195000000.0
BAB,2018-Q1,TotalAssets,87154013000000.0
BAB,2026-Q2,GrossLoans,136219642000000.0
BAB,2026-Q1,GrossLoans,129573651000000.0
BAB,2025-Q4,GrossLoans,126405235000000.0
BAB,2025-Q3,GrossLoans,125356449000000.0
BAB,2025-Q2,GrossLoans,115109585000000.0
BAB,2025-Q1,GrossLoans,111173828000000.0
BAB,2024-Q4,GrossLoans,109552804000000.0
BAB,2024-Q3,GrossLoans,103624468000000.0
BAB,2024-Q2,GrossLoans,102131501000000.0
BAB,2024-Q1,GrossLoans,100542726000000.0
BAB,2023-Q4,GrossLoans,99853975000000.0
BAB,2023-Q3,GrossLoans,98641825000000.0
BAB,2023-Q2,GrossLoans,96594974000000.0
BAB,2023-Q1,GrossLoans,93974957000000.0
BAB,2022-Q4,GrossLoans,94120600000000.0
BAB,2022-Q3,GrossLoans,92465314000000.0
BAB,2022-Q2,GrossLoans,89364799000000.0
BAB,2022-Q1,GrossLoans,86979544000000.0
BAB,2021-Q4,GrossLoans,84598379000000.0
BAB,2021-Q3,GrossLoans,78216840000000.0
BAB,2021-Q2,GrossLoans,78147424000000.0
BAB,2021-Q1,GrossLoans,76479917000000.0
BAB,2020-Q4,GrossLoans,79440423000000.0
BAB,2020-Q3,GrossLoans,73903291000000.0
BAB,2020-Q2,GrossLoans,74015051000000.0
BAB,2020-Q1,GrossLoans,73395048000000.0
BAB,2019-Q4,GrossLoans,72933312000000.0
BAB,2019-Q3,GrossLoans,69830813000000.0
BAB,2019-Q2,GrossLoans,69233649000000.0
BAB,2019-Q1,GrossLoans,65587925000000.0
BAB,2018-Q4,GrossLoans,63979415000000.0
BAB,2018-Q3,GrossLoans,60977921000000.0
BAB,2018-Q2,GrossLoans,59589593000000.0
BAB,2018-Q1,GrossLoans,56376410000000.0
BAB,2026-Q2,CustomerDeposits,120141764000000.0
BAB,2026-Q1,CustomerDeposits,127458139000000.0
BAB,2025-Q4,CustomerDeposits,127023635000000.0
BAB,2025-Q3,CustomerDeposits,130418526000000.0
BAB,2025-Q2,CustomerDeposits,131084670000000.0
BAB,2025-Q1,CustomerDeposits,124794490000000.0
BAB,2024-Q4,CustomerDeposits,122549687000000.0
BAB,2024-Q3,CustomerDeposits,120001879000000.0
BAB,2024-Q2,CustomerDeposits,119743739000000.0
BAB,2024-Q1,CustomerDeposits,118124713000000.0
BAB,2023-Q4,CustomerDeposits,118476923000000.0
BAB,2023-Q3,CustomerDeposits,114585854000000.0
BAB,2023-Q2,CustomerDeposits,105366284000000.0
BAB,2023-Q1,CustomerDeposits,101654531000000.0
BAB,2022-Q4,CustomerDeposits,96904601000000.0
BAB,2022-Q3,CustomerDeposits,95698678000000.0
BAB,2022-Q2,CustomerDeposits,97167705000000.0
BAB,2022-Q1,CustomerDeposits,95031417000000.0
BAB,2021-Q4,CustomerDeposits,93440398000000.0
BAB,2021-Q3,CustomerDeposits,90970498000000.0
BAB,2021-Q2,CustomerDeposits,89026903000000.0
BAB,2021-Q1,CustomerDeposits,89642999000000.0
BAB,2020-Q4,CustomerDeposits,86442223000000.0
BAB,2020-Q3,CustomerDeposits,86904471000000.0
BAB,2020-Q2,CustomerDeposits,84278168000000.0
BAB,2020-Q1,CustomerDeposits,82476400000000.0
BAB,2019-Q4,CustomerDeposits,76163271000000.0
BAB,2019-Q3,CustomerDeposits,75679700000000.0
BAB,2019-Q2,CustomerDeposits,77033667000000.0
BAB,2019-Q1,CustomerDeposits,74930802000000.0
BAB,2018-Q4,CustomerDeposits,72534422000000.0
BAB,2018-Q3,CustomerDeposits,70460260000000.0
BAB,2018-Q2,CustomerDeposits,65866104000000.0
BAB,2018-Q1,CustomerDeposits,64673931000000.0
BAB,2026-Q2,Equity,13739390000000.0
BAB,2026-Q1,Equity,13608868000000.0
BAB,2025-Q4,Equity,13308904000000.0
BAB,2025-Q3,Equity,12773932000000.0
BAB,2025-Q2,Equity,12204005000000.0
BAB,2025-Q1,Equity,12075660000000.0
BAB,2024-Q4,Equity,11782450000000.0
BAB,2024-Q3,Equity,11421787000000.0
BAB,2024-Q2,Equity,11204881000000.0
BAB,2024-Q1,Equity,11139131000000.0
BAB,2023-Q4,Equity,10848479000000.0
BAB,2023-Q3,Equity,10458032000000.0
BAB,2023-Q2,Equity,10394504000000.0
BAB,2023-Q1,Equity,10069514000000.0
BAB,2022-Q4,Equity,9827383000000.0
BAB,2022-Q3,Equity,9540805000000.0
BAB,2022-Q2,Equity,9312658000000.0
BAB,2022-Q1,Equity,9247759000000.0
BAB,2021-Q4,Equity,9051143000000.0
BAB,2021-Q3,Equity,8886424000000.0
BAB,2021-Q2,Equity,8673153000000.0
BAB,2021-Q1,Equity,8547396000000.0
BAB,2020-Q4,Equity,8369985000000.0
BAB,2020-Q3,Equity,8194007000000.0
BAB,2020-Q2,Equity,8097686000000.0
BAB,2020-Q1,Equity,7957822000000.0
BAB,2019-Q4,Equity,7818250000000.0
BAB,2019-Q3,Equity,7584027000000.0
BAB,2019-Q2,Equity,7415467000000.0
BAB,2019-Q1,Equity,7278361000000.0
BAB,2018-Q4,Equity,7084886000000.0
BAB,2018-Q3,Equity,6876410000000.0
BAB,2018-Q2,Equity,6716747000000.0
BAB,2018-Q1,Equity,6543949000000.0
BAB,2026-Q2,NPAT,243147000000.0
BAB,2026-Q1,NPAT,300085000000.0
BAB,2025-Q4,NPAT,535013000000.0
BAB,2025-Q3,NPAT,118127000000.0
BAB,2025-Q2,NPAT,243251000000.0
BAB,2025-Q1,NPAT,293210000000.0
BAB,2024-Q4,NPAT,360663000000.0
BAB,2024-Q3,NPAT,217007000000.0
BAB,2024-Q2,NPAT,162814000000.0
BAB,2024-Q1,NPAT,270872000000.0
BAB,2023-Q4,NPAT,410227000000.0
BAB,2023-Q3,NPAT,63839000000.0
BAB,2023-Q2,NPAT,111218000000.0
BAB,2023-Q1,NPAT,269083000000.0
BAB,2022-Q4,NPAT,286579000000.0
BAB,2022-Q3,NPAT,228147000000.0
BAB,2022-Q2,NPAT,148129000000.0
BAB,2022-Q1,NPAT,196616000000.0
BAB,2021-Q4,NPAT,164719000000.0
BAB,2021-Q3,NPAT,213271000000.0
BAB,2021-Q2,NPAT,164535000000.0
BAB,2021-Q1,NPAT,183814000000.0
BAB,2020-Q4,NPAT,175977000000.0
BAB,2020-Q3,NPAT,135518000000.0
BAB,2020-Q2,NPAT,139864000000.0
BAB,2020-Q1,NPAT,142837000000.0
BAB,2019-Q4,NPAT,234222000000.0
BAB,2019-Q3,NPAT,168560000000.0
BAB,2019-Q2,NPAT,154034000000.0
BAB,2019-Q1,NPAT,195905000000.0
BAB,2018-Q4,NPAT,208477000000.0
BAB,2018-Q3,NPAT,121712000000.0
BAB,2018-Q2,NPAT,180115000000.0
BAB,2018-Q1,NPAT,169337000000.0
BAB,2026-Q2,NetInterestIncome,1238299000000.0
BAB,2026-Q1,NetInterestIncome,1020041000000.0
BAB,2025-Q4,NetInterestIncome,979295000000.0
BAB,2025-Q3,NetInterestIncome,701399000000.0
BAB,2025-Q2,NetInterestIncome,892223000000.0
BAB,2025-Q1,NetInterestIncome,873981000000.0
BAB,2024-Q4,NetInterestIncome,839061000000.0
BAB,2024-Q3,NetInterestIncome,747642000000.0
BAB,2024-Q2,NetInterestIncome,921793000000.0
BAB,2024-Q1,NetInterestIncome,812714000000.0
BAB,2023-Q4,NetInterestIncome,743888000000.0
BAB,2023-Q3,NetInterestIncome,426239000000.0
BAB,2023-Q2,NetInterestIncome,640874000000.0
BAB,2023-Q1,NetInterestIncome,578270000000.0
BAB,2022-Q4,NetInterestIncome,847714000000.0
BAB,2022-Q3,NetInterestIncome,636733000000.0
BAB,2022-Q2,NetInterestIncome,502531000000.0
BAB,2022-Q1,NetInterestIncome,530896000000.0
BAB,2021-Q4,NetInterestIncome,554437000000.0
BAB,2021-Q3,NetInterestIncome,533871000000.0
BAB,2021-Q2,NetInterestIncome,575739000000.0
BAB,2021-Q1,NetInterestIncome,453181000000.0
BAB,2020-Q4,NetInterestIncome,587986000000.0
BAB,2020-Q3,NetInterestIncome,478207000000.0
BAB,2020-Q2,NetInterestIncome,511102000000.0
BAB,2020-Q1,NetInterestIncome,440798000000.0
BAB,2019-Q4,NetInterestIncome,536900000000.0
BAB,2019-Q3,NetInterestIncome,487298000000.0
BAB,2019-Q2,NetInterestIncome,541069000000.0
BAB,2019-Q1,NetInterestIncome,401745000000.0
BAB,2018-Q4,NetInterestIncome,479343000000.0
BAB,2018-Q3,NetInterestIncome,327629000000.0
BAB,2018-Q2,NetInterestIncome,452306000000.0
BAB,2018-Q1,NetInterestIncome,439450000000.0
BAB,2026-Q2,OperatingIncome,1458174000000.0
BAB,2026-Q1,OperatingIncome,965946000000.0
BAB,2025-Q4,OperatingIncome,1310996000000.0
BAB,2025-Q3,OperatingIncome,777521000000.0
BAB,2025-Q2,OperatingIncome,990879000000.0
BAB,2025-Q1,OperatingIncome,956564000000.0
BAB,2024-Q4,OperatingIncome,1078665000000.0
BAB,2024-Q3,OperatingIncome,898285000000.0
BAB,2024-Q2,OperatingIncome,845384000000.0
BAB,2024-Q1,OperatingIncome,838629000000.0
BAB,2023-Q4,OperatingIncome,1136667000000.0
BAB,2023-Q3,OperatingIncome,512192000000.0
BAB,2023-Q2,OperatingIncome,717601000000.0
BAB,2023-Q1,OperatingIncome,679853000000.0
BAB,2022-Q4,OperatingIncome,1005630000000.0
BAB,2022-Q3,OperatingIncome,769013000000.0
BAB,2022-Q2,OperatingIncome,547123000000.0
BAB,2022-Q1,OperatingIncome,546051000000.0
BAB,2021-Q4,OperatingIncome,732611000000.0
BAB,2021-Q3,OperatingIncome,636748000000.0
BAB,2021-Q2,OperatingIncome,591575000000.0
BAB,2021-Q1,OperatingIncome,503154000000.0
BAB,2020-Q4,OperatingIncome,693529000000.0
BAB,2020-Q3,OperatingIncome,520865000000.0
BAB,2020-Q2,OperatingIncome,552487000000.0
BAB,2020-Q1,OperatingIncome,464550000000.0
BAB,2019-Q4,OperatingIncome,625336000000.0
BAB,2019-Q3,OperatingIncome,540908000000.0
BAB,2019-Q2,OperatingIncome,573106000000.0
BAB,2019-Q1,OperatingIncome,453493000000.0
BAB,2018-Q4,OperatingIncome,541521000000.0
BAB,2018-Q3,OperatingIncome,374833000000.0
BAB,2018-Q2,OperatingIncome,584491000000.0
BAB,2018-Q1,OperatingIncome,495946000000.0
