period,id,name,order,level,unit,value
2026-Q2,RT_CAT_INFO_VALUATION,Valuation & Company Information,1,1,,
2026-Q2,RT_VALUE_PE,  ‣ P/E Ratio,2,2,lần,7.8547917673
2026-Q2,RT_VALUE_PB,  ‣ P/B Ratio,3,2,lần,1.294695563
2026-Q2,RT_VALUE_PS,  ‣ P/S Ratio,4,2,lần,0.9565911747
2026-Q2,RT_VALUE_P_CF,  ‣ P/CF Ratio,5,2,lần,6.3039578873
2026-Q2,RT_VALUE_EV_EBITDA,  ‣ EV/EBITDA,6,2,lần,7.4457940555
2026-Q2,RT_VALUE_DIVIDEND_YIELD,  ‣ Dividend Yield,7,2,%,0.0
2026-Q2,RT_VALUE_MARKET_CAP,  ‣ Market Capitalization,8,2,tỷ VNĐ,182368033632000.0
2026-Q2,RT_VALUE_EPS,  ‣ Basic EPS,9,2,VNĐ,
2026-Q2,RT_VALUE_BETA,  ‣ Beta,10,2,lần,
2026-Q2,RT_VALUE_BVPS,  ‣ Book Value Per Share,11,2,VNĐ,
2026-Q2,RT_VALUE_EBIT,  ‣ EBIT,12,2,tỷ VNĐ,25743045828578.0
2026-Q2,RT_VALUE_EBITDA,  ‣ EBITDA,13,2,tỷ VNĐ,36500355484860.0
2026-Q2,RT_VALUE_EQUITY,  ‣ Owner's Equity,14,2,tỷ VNĐ,0.1914736761
2026-Q2,RT_VALUE_OUTSTANDING_SHARES,  ‣ Outstanding Shares,15,2,cổ phiếu,8442964520.0
2026-Q2,RT_CAT_PROFITABILITY,Profitability & Efficiency,16,1,,
2026-Q2,RT_PRT_ROE,  ‣ ROE %,17,2,%,0.1737762539
2026-Q2,RT_PRT_ROA,  ‣ ROA %,18,2,%,0.0890983577
2026-Q2,RT_PRT_ROIC,  ‣ ROIC %,19,2,%,0.1072421345
2026-Q2,RT_PRT_GROSS_MARGIN,  ‣ Gross Profit Margin %,20,2,%,0.1643735182
2026-Q2,RT_PRT_EBIT_MARGIN,  ‣ EBIT Margin %,21,2,%,0.1350322749
2026-Q2,RT_PRT_PRE_TAX_MARGIN,  ‣ Pre Tax Profit Margin %,22,2,%,0.142545063
2026-Q2,RT_PRT_NET_MARGIN,  ‣ Net Profit Margin %,23,2,%,0.1226423983
2026-Q2,RT_EFF_ATR,  ‣ Asset Turnover,24,2,vòng,0.731607258
2026-Q2,RT_EFF_FATR,  ‣ Fixed Asset Turnover,25,2,vòng,1.5082271509
2026-Q2,RT_EFF_DSO,  ‣ Days Sales Outstanding,26,2,ngày,20.4571666289
2026-Q2,RT_EFF_DIO,  ‣ Days Inventory Outstanding,27,2,ngày,113.3119240071
2026-Q2,RT_EFF_DPO,  ‣ Days Payable Outstanding,28,2,ngày,53.5018370156
2026-Q2,RT_EFF_CASH_CYCLE,  ‣ Cash Conversion Cycle,29,2,ngày,185.703930086
2026-Q2,RT_CAT_LIQUIDITY_SAFETY,Liquidity & Financial Safety,30,1,,
2026-Q2,RT_LQD_CR,  ‣ Current Ratio,31,2,lần,1.1421585048
2026-Q2,RT_LQD_QR,  ‣ Quick Ratio,32,2,lần,0.6127466086
2026-Q2,RT_LQD_CASH_RATIO,  ‣ Cash Ratio,33,2,lần,0.0931295674
2026-Q2,RT_ASSETS_CURRENT_DEPOSITS,  ‣ Current Deposits,34,2,tỷ VNĐ,
2026-Q2,RT_ASSETS_DEPOSITS_SPECIAL,  ‣ Special Purpose Deposits,35,2,tỷ VNĐ,
2026-Q2,RT_ASSETS_DEPOSITS_CUSTOMERS,  ‣ Customer Deposits,36,2,tỷ VNĐ,
2026-Q2,RT_ASSETS_MARGIN_DEPOSITS,  ‣ Margin Deposits,37,2,tỷ VNĐ,
2026-Q2,RT_CAT_FINANCIAL_LEVERAGE,Financial Leverage,38,1,,
2026-Q2,RT_LEV_DE,  ‣ Debt to Equity Ratio,39,2,lần,0.9710119963
2026-Q2,RT_LEV_LOAN_EQUITY,  ‣ Loans to Equity Ratio,40,2,lần,0.6962460693
2026-Q2,RT_LEV_DA,  ‣ Debt to Assets Ratio,41,2,lần,
2026-Q2,RT_LEV_FINANCIAL_LEVERAGE,  ‣ Financial Leverage,42,2,lần,0.9710119963
2026-Q2,RT_LEV_EQUITY_TO_LIABILITIES,  ‣ Equity to Liabilities Ratio,43,2,lần,0.0
2026-Q2,RT_LEV_EQUITY_TO_ASSETS,  ‣ Equity to Assets Ratio,44,2,lần,0.0
2026-Q2,RT_CAT_BANKING_SPECIFICS,Banking Specifics,45,1,,
2026-Q2,RT_BANK_NIM,  ‣ Net Interest Margin (NIM),46,2,%,0.0
2026-Q2,RT_BANK_YIEA,  ‣ Yield on Earning Assets (YIEA),47,2,%,0.0
2026-Q2,RT_BANK_COF,  ‣ Cost of Funds (COF),48,2,%,0.0
2026-Q2,RT_BANK_NOII,  ‣ Non Interest Income,49,2,tỷ VNĐ,0.0
2026-Q2,RT_BANK_CIR,  ‣ Cost to Income Ratio (CIR),50,2,%,0.0
2026-Q2,RT_BANK_LOAN_GROWTH,  ‣ Loan Growth,51,2,%,0.0
2026-Q2,RT_BANK_DEPOSIT_GROWTH,  ‣ Deposit Growth,52,2,%,0.0
2026-Q2,RT_BANK_LDR,  ‣ Loan to Deposit Ratio (LDR),53,2,%,0.0
2026-Q2,RT_BANK_NPL,  ‣ Non Performing Loans Ratio (NPL),54,2,%,0.0
2026-Q2,RT_BANK_NPL_COVERAGE,  ‣ NPL Coverage Ratio,55,2,%,0.0
2026-Q2,RT_BANK_PROVISION_TO_LOANS,  ‣ Provision to Loans Ratio,56,2,%,0.0
2026-Q2,RT_BANK_CAR,  ‣ Capital Adequacy Ratio (CAR),57,2,%,
2026-Q2,RT_BANK_CASA,  ‣ CASA Ratio,58,2,%,
2026-Q2,RT_BANK_EQUITY_TO_LOANS,  ‣ Equity to Loans Ratio,59,2,%,0.0
2026-Q2,RT_BANK_LLR_TO_LOANS,  ‣ Loan Loss Reserve to Loans Ratio,60,2,%,0.0
2026-Q1,RT_CAT_INFO_VALUATION,Valuation & Company Information,1,1,,
2026-Q1,RT_VALUE_PE,  ‣ P/E Ratio,2,2,lần,9.0019271622
2026-Q1,RT_VALUE_PB,  ‣ P/B Ratio,3,2,lần,1.3672120654
2026-Q1,RT_VALUE_PS,  ‣ P/S Ratio,4,2,lần,1.1083544174
2026-Q1,RT_VALUE_P_CF,  ‣ P/CF Ratio,5,2,lần,7.0460976056
2026-Q1,RT_VALUE_EV_EBITDA,  ‣ EV/EBITDA,6,2,lần,8.3720573681
2026-Q1,RT_VALUE_DIVIDEND_YIELD,  ‣ Dividend Yield,7,2,%,0.0
2026-Q1,RT_VALUE_MARKET_CAP,  ‣ Market Capitalization,8,2,tỷ VNĐ,189966701700000.0
2026-Q1,RT_VALUE_EPS,  ‣ Basic EPS,9,2,VNĐ,
2026-Q1,RT_VALUE_BETA,  ‣ Beta,10,2,lần,
2026-Q1,RT_VALUE_BVPS,  ‣ Book Value Per Share,11,2,VNĐ,
2026-Q1,RT_VALUE_EBIT,  ‣ EBIT,12,2,tỷ VNĐ,22722723406616.0
2026-Q1,RT_VALUE_EBITDA,  ‣ EBITDA,13,2,tỷ VNĐ,32246017434574.0
2026-Q1,RT_VALUE_EQUITY,  ‣ Owner's Equity,14,2,tỷ VNĐ,0.1990048416
2026-Q1,RT_VALUE_OUTSTANDING_SHARES,  ‣ Outstanding Shares,15,2,cổ phiếu,8442964520.0
2026-Q1,RT_CAT_PROFITABILITY,Profitability & Efficiency,16,1,,
2026-Q1,RT_PRT_ROE,  ‣ ROE %,17,2,%,0.1638750185
2026-Q1,RT_PRT_ROA,  ‣ ROA %,18,2,%,0.0839396139
2026-Q1,RT_PRT_ROIC,  ‣ ROIC %,19,2,%,0.0986235248
2026-Q1,RT_PRT_GROSS_MARGIN,  ‣ Gross Profit Margin %,20,2,%,0.1600902014
2026-Q1,RT_PRT_EBIT_MARGIN,  ‣ EBIT Margin %,21,2,%,0.1325749757
2026-Q1,RT_PRT_PRE_TAX_MARGIN,  ‣ Pre Tax Profit Margin %,22,2,%,0.1456458562
2026-Q1,RT_PRT_NET_MARGIN,  ‣ Net Profit Margin %,23,2,%,0.1238134791
2026-Q1,RT_EFF_ATR,  ‣ Asset Turnover,24,2,vòng,0.6817478941
2026-Q1,RT_EFF_FATR,  ‣ Fixed Asset Turnover,25,2,vòng,1.5645510966
2026-Q1,RT_EFF_DSO,  ‣ Days Sales Outstanding,26,2,ngày,20.2662864501
2026-Q1,RT_EFF_DIO,  ‣ Days Inventory Outstanding,27,2,ngày,121.0949050519
2026-Q1,RT_EFF_DPO,  ‣ Days Payable Outstanding,28,2,ngày,52.3786300825
2026-Q1,RT_EFF_CASH_CYCLE,  ‣ Cash Conversion Cycle,29,2,ngày,191.0357242147
2026-Q1,RT_CAT_LIQUIDITY_SAFETY,Liquidity & Financial Safety,30,1,,
2026-Q1,RT_LQD_CR,  ‣ Current Ratio,31,2,lần,1.2083521531
2026-Q1,RT_LQD_QR,  ‣ Quick Ratio,32,2,lần,0.7045236669
2026-Q1,RT_LQD_CASH_RATIO,  ‣ Cash Ratio,33,2,lần,0.1326299917
2026-Q1,RT_ASSETS_CURRENT_DEPOSITS,  ‣ Current Deposits,34,2,tỷ VNĐ,
2026-Q1,RT_ASSETS_DEPOSITS_SPECIAL,  ‣ Special Purpose Deposits,35,2,tỷ VNĐ,
2026-Q1,RT_ASSETS_DEPOSITS_CUSTOMERS,  ‣ Customer Deposits,36,2,tỷ VNĐ,
2026-Q1,RT_ASSETS_MARGIN_DEPOSITS,  ‣ Margin Deposits,37,2,tỷ VNĐ,
2026-Q1,RT_CAT_FINANCIAL_LEVERAGE,Financial Leverage,38,1,,
2026-Q1,RT_LEV_DE,  ‣ Debt to Equity Ratio,39,2,lần,0.8552309003
2026-Q1,RT_LEV_LOAN_EQUITY,  ‣ Loans to Equity Ratio,40,2,lần,0.6482734286
2026-Q1,RT_LEV_DA,  ‣ Debt to Assets Ratio,41,2,lần,
2026-Q1,RT_LEV_FINANCIAL_LEVERAGE,  ‣ Financial Leverage,42,2,lần,0.8552309003
2026-Q1,RT_LEV_EQUITY_TO_LIABILITIES,  ‣ Equity to Liabilities Ratio,43,2,lần,0.0
2026-Q1,RT_LEV_EQUITY_TO_ASSETS,  ‣ Equity to Assets Ratio,44,2,lần,0.0
2026-Q1,RT_CAT_BANKING_SPECIFICS,Banking Specifics,45,1,,
2026-Q1,RT_BANK_NIM,  ‣ Net Interest Margin (NIM),46,2,%,0.0
2026-Q1,RT_BANK_YIEA,  ‣ Yield on Earning Assets (YIEA),47,2,%,0.0
2026-Q1,RT_BANK_COF,  ‣ Cost of Funds (COF),48,2,%,0.0
2026-Q1,RT_BANK_NOII,  ‣ Non Interest Income,49,2,tỷ VNĐ,0.0
2026-Q1,RT_BANK_CIR,  ‣ Cost to Income Ratio (CIR),50,2,%,0.0
2026-Q1,RT_BANK_LOAN_GROWTH,  ‣ Loan Growth,51,2,%,0.0
2026-Q1,RT_BANK_DEPOSIT_GROWTH,  ‣ Deposit Growth,52,2,%,0.0
2026-Q1,RT_BANK_LDR,  ‣ Loan to Deposit Ratio (LDR),53,2,%,0.0
2026-Q1,RT_BANK_NPL,  ‣ Non Performing Loans Ratio (NPL),54,2,%,0.0
2026-Q1,RT_BANK_NPL_COVERAGE,  ‣ NPL Coverage Ratio,55,2,%,0.0
2026-Q1,RT_BANK_PROVISION_TO_LOANS,  ‣ Provision to Loans Ratio,56,2,%,0.0
2026-Q1,RT_BANK_CAR,  ‣ Capital Adequacy Ratio (CAR),57,2,%,
2026-Q1,RT_BANK_CASA,  ‣ CASA Ratio,58,2,%,
2026-Q1,RT_BANK_EQUITY_TO_LOANS,  ‣ Equity to Loans Ratio,59,2,%,0.0
2026-Q1,RT_BANK_LLR_TO_LOANS,  ‣ Loan Loss Reserve to Loans Ratio,60,2,%,0.0
2025-Q4,RT_CAT_INFO_VALUATION,Valuation & Company Information,1,1,,
2025-Q4,RT_VALUE_PE,  ‣ P/E Ratio,2,2,lần,13.9322068816
2025-Q4,RT_VALUE_PB,  ‣ P/B Ratio,3,2,lần,1.6666291513
2025-Q4,RT_VALUE_PS,  ‣ P/S Ratio,4,2,lần,1.3790814955
2025-Q4,RT_VALUE_P_CF,  ‣ P/CF Ratio,5,2,lần,12.3977061274
2025-Q4,RT_VALUE_EV_EBITDA,  ‣ EV/EBITDA,6,2,lần,10.5584422325
2025-Q4,RT_VALUE_DIVIDEND_YIELD,  ‣ Dividend Yield,7,2,%,0.0
2025-Q4,RT_VALUE_MARKET_CAP,  ‣ Market Capitalization,8,2,tỷ VNĐ,215296817232750.0
2025-Q4,RT_VALUE_EPS,  ‣ Basic EPS,9,2,VNĐ,
2025-Q4,RT_VALUE_BETA,  ‣ Beta,10,2,lần,
2025-Q4,RT_VALUE_BVPS,  ‣ Book Value Per Share,11,2,VNĐ,
2025-Q4,RT_VALUE_EBIT,  ‣ EBIT,12,2,tỷ VNĐ,20427620113785.0
2025-Q4,RT_VALUE_EBITDA,  ‣ EBITDA,13,2,tỷ VNĐ,28898303373941.0
2025-Q4,RT_VALUE_EQUITY,  ‣ Owner's Equity,14,2,tỷ VNĐ,0.2094131366
2025-Q4,RT_VALUE_OUTSTANDING_SHARES,  ‣ Outstanding Shares,15,2,cổ phiếu,7675465855.0
2025-Q4,RT_CAT_PROFITABILITY,Profitability & Efficiency,16,1,,
2025-Q4,RT_PRT_ROE,  ‣ ROE %,17,2,%,0.1269059278
2025-Q4,RT_PRT_ROA,  ‣ ROA %,18,2,%,0.0640693587
2025-Q4,RT_PRT_ROIC,  ‣ ROIC %,19,2,%,0.0914420498
2025-Q4,RT_PRT_GROSS_MARGIN,  ‣ Gross Profit Margin %,20,2,%,0.1569203242
2025-Q4,RT_PRT_EBIT_MARGIN,  ‣ EBIT Margin %,21,2,%,0.1308489055
2025-Q4,RT_PRT_PRE_TAX_MARGIN,  ‣ Pre Tax Profit Margin %,22,2,%,0.1155588219
2025-Q4,RT_PRT_NET_MARGIN,  ‣ Net Profit Margin %,23,2,%,0.0993807308
2025-Q4,RT_EFF_ATR,  ‣ Asset Turnover,24,2,vòng,0.6472623724
2025-Q4,RT_EFF_FATR,  ‣ Fixed Asset Turnover,25,2,vòng,1.5531125244
2025-Q4,RT_EFF_DSO,  ‣ Days Sales Outstanding,26,2,ngày,17.9136781463
2025-Q4,RT_EFF_DIO,  ‣ Days Inventory Outstanding,27,2,ngày,137.3891950199
2025-Q4,RT_EFF_DPO,  ‣ Days Payable Outstanding,28,2,ngày,63.4387577488
2025-Q4,RT_EFF_CASH_CYCLE,  ‣ Cash Conversion Cycle,29,2,ngày,212.5347425601
2025-Q4,RT_CAT_LIQUIDITY_SAFETY,Liquidity & Financial Safety,30,1,,
2025-Q4,RT_LQD_CR,  ‣ Current Ratio,31,2,lần,1.1005787213
2025-Q4,RT_LQD_QR,  ‣ Quick Ratio,32,2,lần,0.5396877519
2025-Q4,RT_LQD_CASH_RATIO,  ‣ Cash Ratio,33,2,lần,0.0881327018
2025-Q4,RT_ASSETS_CURRENT_DEPOSITS,  ‣ Current Deposits,34,2,tỷ VNĐ,
2025-Q4,RT_ASSETS_DEPOSITS_SPECIAL,  ‣ Special Purpose Deposits,35,2,tỷ VNĐ,
2025-Q4,RT_ASSETS_DEPOSITS_CUSTOMERS,  ‣ Customer Deposits,36,2,tỷ VNĐ,
2025-Q4,RT_ASSETS_MARGIN_DEPOSITS,  ‣ Margin Deposits,37,2,tỷ VNĐ,
2025-Q4,RT_CAT_FINANCIAL_LEVERAGE,Financial Leverage,38,1,,
2025-Q4,RT_LEV_DE,  ‣ Debt to Equity Ratio,39,2,lần,0.9653953623
2025-Q4,RT_LEV_LOAN_EQUITY,  ‣ Loans to Equity Ratio,40,2,lần,0.7024397475
2025-Q4,RT_LEV_DA,  ‣ Debt to Assets Ratio,41,2,lần,
2025-Q4,RT_LEV_FINANCIAL_LEVERAGE,  ‣ Financial Leverage,42,2,lần,0.9653953623
2025-Q4,RT_LEV_EQUITY_TO_LIABILITIES,  ‣ Equity to Liabilities Ratio,43,2,lần,0.0
2025-Q4,RT_LEV_EQUITY_TO_ASSETS,  ‣ Equity to Assets Ratio,44,2,lần,0.0
2025-Q4,RT_CAT_BANKING_SPECIFICS,Banking Specifics,45,1,,
2025-Q4,RT_BANK_NIM,  ‣ Net Interest Margin (NIM),46,2,%,0.0
2025-Q4,RT_BANK_YIEA,  ‣ Yield on Earning Assets (YIEA),47,2,%,0.0
2025-Q4,RT_BANK_COF,  ‣ Cost of Funds (COF),48,2,%,0.0
2025-Q4,RT_BANK_NOII,  ‣ Non Interest Income,49,2,tỷ VNĐ,0.0
2025-Q4,RT_BANK_CIR,  ‣ Cost to Income Ratio (CIR),50,2,%,0.0
2025-Q4,RT_BANK_LOAN_GROWTH,  ‣ Loan Growth,51,2,%,0.0
2025-Q4,RT_BANK_DEPOSIT_GROWTH,  ‣ Deposit Growth,52,2,%,0.0
2025-Q4,RT_BANK_LDR,  ‣ Loan to Deposit Ratio (LDR),53,2,%,0.0
2025-Q4,RT_BANK_NPL,  ‣ Non Performing Loans Ratio (NPL),54,2,%,0.0
2025-Q4,RT_BANK_NPL_COVERAGE,  ‣ NPL Coverage Ratio,55,2,%,0.0
2025-Q4,RT_BANK_PROVISION_TO_LOANS,  ‣ Provision to Loans Ratio,56,2,%,0.0
2025-Q4,RT_BANK_CAR,  ‣ Capital Adequacy Ratio (CAR),57,2,%,
2025-Q4,RT_BANK_CASA,  ‣ CASA Ratio,58,2,%,
2025-Q4,RT_BANK_EQUITY_TO_LOANS,  ‣ Equity to Loans Ratio,59,2,%,0.0
2025-Q4,RT_BANK_LLR_TO_LOANS,  ‣ Loan Loss Reserve to Loans Ratio,60,2,%,0.0
2025-Q3,RT_CAT_INFO_VALUATION,Valuation & Company Information,1,1,,
2025-Q3,RT_VALUE_PE,  ‣ P/E Ratio,2,2,lần,14.5270373191
2025-Q3,RT_VALUE_PB,  ‣ P/B Ratio,3,2,lần,1.6674132281
2025-Q3,RT_VALUE_PS,  ‣ P/S Ratio,4,2,lần,1.4481450289
2025-Q3,RT_VALUE_P_CF,  ‣ P/CF Ratio,5,2,lần,17.5811344474
2025-Q3,RT_VALUE_EV_EBITDA,  ‣ EV/EBITDA,6,2,lần,11.6735047583
2025-Q3,RT_VALUE_DIVIDEND_YIELD,  ‣ Dividend Yield,7,2,%,0.0
2025-Q3,RT_VALUE_MARKET_CAP,  ‣ Market Capitalization,8,2,tỷ VNĐ,209156444548750.0
2025-Q3,RT_VALUE_EPS,  ‣ Basic EPS,9,2,VNĐ,
2025-Q3,RT_VALUE_BETA,  ‣ Beta,10,2,lần,
2025-Q3,RT_VALUE_BVPS,  ‣ Book Value Per Share,11,2,VNĐ,
2025-Q3,RT_VALUE_EBIT,  ‣ EBIT,12,2,tỷ VNĐ,18330869905214.0
2025-Q3,RT_VALUE_EBITDA,  ‣ EBITDA,13,2,tỷ VNĐ,25611904933110.0
2025-Q3,RT_VALUE_EQUITY,  ‣ Owner's Equity,14,2,tỷ VNĐ,0.2223728195
2025-Q3,RT_VALUE_OUTSTANDING_SHARES,  ‣ Outstanding Shares,15,2,cổ phiếu,7675465855.0
2025-Q3,RT_CAT_PROFITABILITY,Profitability & Efficiency,16,1,,
2025-Q3,RT_PRT_ROE,  ‣ ROE %,17,2,%,0.1202243181
2025-Q3,RT_PRT_ROA,  ‣ ROA %,18,2,%,0.0611532959
2025-Q3,RT_PRT_ROIC,  ‣ ROIC %,19,2,%,0.0817049386
2025-Q3,RT_PRT_GROSS_MARGIN,  ‣ Gross Profit Margin %,20,2,%,0.1555490859
2025-Q3,RT_PRT_EBIT_MARGIN,  ‣ EBIT Margin %,21,2,%,0.1269181936
2025-Q3,RT_PRT_PRE_TAX_MARGIN,  ‣ Pre Tax Profit Margin %,22,2,%,0.1158143703
2025-Q3,RT_PRT_NET_MARGIN,  ‣ Net Profit Margin %,23,2,%,0.0999523432
2025-Q3,RT_EFF_ATR,  ‣ Asset Turnover,24,2,vòng,0.6134580403
2025-Q3,RT_EFF_FATR,  ‣ Fixed Asset Turnover,25,2,vòng,1.7870608861
2025-Q3,RT_EFF_DSO,  ‣ Days Sales Outstanding,26,2,ngày,17.6476126612
2025-Q3,RT_EFF_DIO,  ‣ Days Inventory Outstanding,27,2,ngày,140.2682028306
2025-Q3,RT_EFF_DPO,  ‣ Days Payable Outstanding,28,2,ngày,54.2808558437
2025-Q3,RT_EFF_CASH_CYCLE,  ‣ Cash Conversion Cycle,29,2,ngày,205.1694481598
2025-Q3,RT_CAT_LIQUIDITY_SAFETY,Liquidity & Financial Safety,30,1,,
2025-Q3,RT_LQD_CR,  ‣ Current Ratio,31,2,lần,1.1474534956
2025-Q3,RT_LQD_QR,  ‣ Quick Ratio,32,2,lần,0.5988500691
2025-Q3,RT_LQD_CASH_RATIO,  ‣ Cash Ratio,33,2,lần,0.1093338734
2025-Q3,RT_ASSETS_CURRENT_DEPOSITS,  ‣ Current Deposits,34,2,tỷ VNĐ,
2025-Q3,RT_ASSETS_DEPOSITS_SPECIAL,  ‣ Special Purpose Deposits,35,2,tỷ VNĐ,
2025-Q3,RT_ASSETS_DEPOSITS_CUSTOMERS,  ‣ Customer Deposits,36,2,tỷ VNĐ,
2025-Q3,RT_ASSETS_MARGIN_DEPOSITS,  ‣ Margin Deposits,37,2,tỷ VNĐ,
2025-Q3,RT_CAT_FINANCIAL_LEVERAGE,Financial Leverage,38,1,,
2025-Q3,RT_LEV_DE,  ‣ Debt to Equity Ratio,39,2,lần,0.9305131507
2025-Q3,RT_LEV_LOAN_EQUITY,  ‣ Loans to Equity Ratio,40,2,lần,0.7594221084
2025-Q3,RT_LEV_DA,  ‣ Debt to Assets Ratio,41,2,lần,
2025-Q3,RT_LEV_FINANCIAL_LEVERAGE,  ‣ Financial Leverage,42,2,lần,0.9305131507
2025-Q3,RT_LEV_EQUITY_TO_LIABILITIES,  ‣ Equity to Liabilities Ratio,43,2,lần,0.0
2025-Q3,RT_LEV_EQUITY_TO_ASSETS,  ‣ Equity to Assets Ratio,44,2,lần,0.0
2025-Q3,RT_CAT_BANKING_SPECIFICS,Banking Specifics,45,1,,
2025-Q3,RT_BANK_NIM,  ‣ Net Interest Margin (NIM),46,2,%,0.0
2025-Q3,RT_BANK_YIEA,  ‣ Yield on Earning Assets (YIEA),47,2,%,0.0
2025-Q3,RT_BANK_COF,  ‣ Cost of Funds (COF),48,2,%,0.0
2025-Q3,RT_BANK_NOII,  ‣ Non Interest Income,49,2,tỷ VNĐ,0.0
2025-Q3,RT_BANK_CIR,  ‣ Cost to Income Ratio (CIR),50,2,%,0.0
2025-Q3,RT_BANK_LOAN_GROWTH,  ‣ Loan Growth,51,2,%,0.0
2025-Q3,RT_BANK_DEPOSIT_GROWTH,  ‣ Deposit Growth,52,2,%,0.0
2025-Q3,RT_BANK_LDR,  ‣ Loan to Deposit Ratio (LDR),53,2,%,0.0
2025-Q3,RT_BANK_NPL,  ‣ Non Performing Loans Ratio (NPL),54,2,%,0.0
2025-Q3,RT_BANK_NPL_COVERAGE,  ‣ NPL Coverage Ratio,55,2,%,0.0
2025-Q3,RT_BANK_PROVISION_TO_LOANS,  ‣ Provision to Loans Ratio,56,2,%,0.0
2025-Q3,RT_BANK_CAR,  ‣ Capital Adequacy Ratio (CAR),57,2,%,
2025-Q3,RT_BANK_CASA,  ‣ CASA Ratio,58,2,%,
2025-Q3,RT_BANK_EQUITY_TO_LOANS,  ‣ Equity to Loans Ratio,59,2,%,0.0
2025-Q3,RT_BANK_LLR_TO_LOANS,  ‣ Loan Loss Reserve to Loans Ratio,60,2,%,0.0
2025-Q2,RT_CAT_INFO_VALUATION,Valuation & Company Information,1,1,,
2025-Q2,RT_VALUE_PE,  ‣ P/E Ratio,2,2,lần,16.199639802
2025-Q2,RT_VALUE_PB,  ‣ P/B Ratio,3,2,lần,1.7904411564
2025-Q2,RT_VALUE_PS,  ‣ P/S Ratio,4,2,lần,1.5326124863
2025-Q2,RT_VALUE_P_CF,  ‣ P/CF Ratio,5,2,lần,56.2730623964
2025-Q2,RT_VALUE_EV_EBITDA,  ‣ EV/EBITDA,6,2,lần,12.5877263385
2025-Q2,RT_VALUE_DIVIDEND_YIELD,  ‣ Dividend Yield,7,2,%,0.0
2025-Q2,RT_VALUE_MARKET_CAP,  ‣ Market Capitalization,8,2,tỷ VNĐ,217599456989250.0
2025-Q2,RT_VALUE_EPS,  ‣ Basic EPS,9,2,VNĐ,
2025-Q2,RT_VALUE_BETA,  ‣ Beta,10,2,lần,
2025-Q2,RT_VALUE_BVPS,  ‣ Book Value Per Share,11,2,VNĐ,
2025-Q2,RT_VALUE_EBIT,  ‣ EBIT,12,2,tỷ VNĐ,17088004918184.0
2025-Q2,RT_VALUE_EBITDA,  ‣ EBITDA,13,2,tỷ VNĐ,23971069674678.0
2025-Q2,RT_VALUE_EQUITY,  ‣ Owner's Equity,14,2,tỷ VNĐ,0.2232134617
2025-Q2,RT_VALUE_OUTSTANDING_SHARES,  ‣ Outstanding Shares,15,2,cổ phiếu,7675465855.0
2025-Q2,RT_CAT_PROFITABILITY,Profitability & Efficiency,16,1,,
2025-Q2,RT_PRT_ROE,  ‣ ROE %,17,2,%,0.1155021804
2025-Q2,RT_PRT_ROA,  ‣ ROA %,18,2,%,0.059241121
2025-Q2,RT_PRT_ROIC,  ‣ ROIC %,19,2,%,0.0789781062
2025-Q2,RT_PRT_GROSS_MARGIN,  ‣ Gross Profit Margin %,20,2,%,0.1486832363
2025-Q2,RT_PRT_EBIT_MARGIN,  ‣ EBIT Margin %,21,2,%,0.120355492
2025-Q2,RT_PRT_PRE_TAX_MARGIN,  ‣ Pre Tax Profit Margin %,22,2,%,0.1092496947
2025-Q2,RT_PRT_NET_MARGIN,  ‣ Net Profit Margin %,23,2,%,0.0947010086
2025-Q2,RT_EFF_ATR,  ‣ Asset Turnover,24,2,vòng,0.6261757813
2025-Q2,RT_EFF_FATR,  ‣ Fixed Asset Turnover,25,2,vòng,1.9784963768
2025-Q2,RT_EFF_DSO,  ‣ Days Sales Outstanding,26,2,ngày,16.0251178783
2025-Q2,RT_EFF_DIO,  ‣ Days Inventory Outstanding,27,2,ngày,137.6170813134
2025-Q2,RT_EFF_DPO,  ‣ Days Payable Outstanding,28,2,ngày,54.6450767187
2025-Q2,RT_EFF_CASH_CYCLE,  ‣ Cash Conversion Cycle,29,2,ngày,201.2881416674
2025-Q2,RT_CAT_LIQUIDITY_SAFETY,Liquidity & Financial Safety,30,1,,
2025-Q2,RT_LQD_CR,  ‣ Current Ratio,31,2,lần,1.1294316915
2025-Q2,RT_LQD_QR,  ‣ Quick Ratio,32,2,lần,0.5641783355
2025-Q2,RT_LQD_CASH_RATIO,  ‣ Cash Ratio,33,2,lần,0.1236646905
2025-Q2,RT_ASSETS_CURRENT_DEPOSITS,  ‣ Current Deposits,34,2,tỷ VNĐ,
2025-Q2,RT_ASSETS_DEPOSITS_SPECIAL,  ‣ Special Purpose Deposits,35,2,tỷ VNĐ,
2025-Q2,RT_ASSETS_DEPOSITS_CUSTOMERS,  ‣ Customer Deposits,36,2,tỷ VNĐ,
2025-Q2,RT_ASSETS_MARGIN_DEPOSITS,  ‣ Margin Deposits,37,2,tỷ VNĐ,
2025-Q2,RT_CAT_FINANCIAL_LEVERAGE,Financial Leverage,38,1,,
2025-Q2,RT_LEV_DE,  ‣ Debt to Equity Ratio,39,2,lần,0.9796135257
2025-Q2,RT_LEV_LOAN_EQUITY,  ‣ Loans to Equity Ratio,40,2,lần,0.7682633009
2025-Q2,RT_LEV_DA,  ‣ Debt to Assets Ratio,41,2,lần,
2025-Q2,RT_LEV_FINANCIAL_LEVERAGE,  ‣ Financial Leverage,42,2,lần,0.9796135257
2025-Q2,RT_LEV_EQUITY_TO_LIABILITIES,  ‣ Equity to Liabilities Ratio,43,2,lần,0.0
2025-Q2,RT_LEV_EQUITY_TO_ASSETS,  ‣ Equity to Assets Ratio,44,2,lần,0.0
2025-Q2,RT_CAT_BANKING_SPECIFICS,Banking Specifics,45,1,,
2025-Q2,RT_BANK_NIM,  ‣ Net Interest Margin (NIM),46,2,%,0.0
2025-Q2,RT_BANK_YIEA,  ‣ Yield on Earning Assets (YIEA),47,2,%,0.0
2025-Q2,RT_BANK_COF,  ‣ Cost of Funds (COF),48,2,%,0.0
2025-Q2,RT_BANK_NOII,  ‣ Non Interest Income,49,2,tỷ VNĐ,0.0
2025-Q2,RT_BANK_CIR,  ‣ Cost to Income Ratio (CIR),50,2,%,0.0
2025-Q2,RT_BANK_LOAN_GROWTH,  ‣ Loan Growth,51,2,%,0.0
2025-Q2,RT_BANK_DEPOSIT_GROWTH,  ‣ Deposit Growth,52,2,%,0.0
2025-Q2,RT_BANK_LDR,  ‣ Loan to Deposit Ratio (LDR),53,2,%,0.0
2025-Q2,RT_BANK_NPL,  ‣ Non Performing Loans Ratio (NPL),54,2,%,0.0
2025-Q2,RT_BANK_NPL_COVERAGE,  ‣ NPL Coverage Ratio,55,2,%,0.0
2025-Q2,RT_BANK_PROVISION_TO_LOANS,  ‣ Provision to Loans Ratio,56,2,%,0.0
2025-Q2,RT_BANK_CAR,  ‣ Capital Adequacy Ratio (CAR),57,2,%,
2025-Q2,RT_BANK_CASA,  ‣ CASA Ratio,58,2,%,
2025-Q2,RT_BANK_EQUITY_TO_LOANS,  ‣ Equity to Loans Ratio,59,2,%,0.0
2025-Q2,RT_BANK_LLR_TO_LOANS,  ‣ Loan Loss Reserve to Loans Ratio,60,2,%,0.0
2025-Q1,RT_CAT_INFO_VALUATION,Valuation & Company Information,1,1,,
2025-Q1,RT_VALUE_PE,  ‣ P/E Ratio,2,2,lần,15.8176097536
2025-Q1,RT_VALUE_PB,  ‣ P/B Ratio,3,2,lần,1.6791986446
2025-Q1,RT_VALUE_PS,  ‣ P/S Ratio,4,2,lần,1.3572121773
2025-Q1,RT_VALUE_P_CF,  ‣ P/CF Ratio,5,2,lần,64.1334493191
2025-Q1,RT_VALUE_EV_EBITDA,  ‣ EV/EBITDA,6,2,lần,12.2850715563
2025-Q1,RT_VALUE_DIVIDEND_YIELD,  ‣ Dividend Yield,7,2,%,0.0
2025-Q1,RT_VALUE_MARKET_CAP,  ‣ Market Capitalization,8,2,tỷ VNĐ,197643245766250.0
2025-Q1,RT_VALUE_EPS,  ‣ Basic EPS,9,2,VNĐ,
2025-Q1,RT_VALUE_BETA,  ‣ Beta,10,2,lần,
2025-Q1,RT_VALUE_BVPS,  ‣ Book Value Per Share,11,2,VNĐ,
2025-Q1,RT_VALUE_EBIT,  ‣ EBIT,12,2,tỷ VNĐ,15757493156432.0
2025-Q1,RT_VALUE_EBITDA,  ‣ EBITDA,13,2,tỷ VNĐ,22752951358569.0
2025-Q1,RT_VALUE_EQUITY,  ‣ Owner's Equity,14,2,tỷ VNĐ,0.2309973457
2025-Q1,RT_VALUE_OUTSTANDING_SHARES,  ‣ Outstanding Shares,15,2,cổ phiếu,7675465855.0
2025-Q1,RT_CAT_PROFITABILITY,Profitability & Efficiency,16,1,,
2025-Q1,RT_PRT_ROE,  ‣ ROE %,17,2,%,0.1105223463
2025-Q1,RT_PRT_ROA,  ‣ ROA %,18,2,%,0.057360128
2025-Q1,RT_PRT_ROIC,  ‣ ROIC %,19,2,%,0.0761090521
2025-Q1,RT_PRT_GROSS_MARGIN,  ‣ Gross Profit Margin %,20,2,%,0.1357445347
2025-Q1,RT_PRT_EBIT_MARGIN,  ‣ EBIT Margin %,21,2,%,0.1082063873
2025-Q1,RT_PRT_PRE_TAX_MARGIN,  ‣ Pre Tax Profit Margin %,22,2,%,0.0980058946
2025-Q1,RT_PRT_NET_MARGIN,  ‣ Net Profit Margin %,23,2,%,0.0858416866
2025-Q1,RT_EFF_ATR,  ‣ Asset Turnover,24,2,vòng,0.668502785
2025-Q1,RT_EFF_FATR,  ‣ Fixed Asset Turnover,25,2,vòng,1.9964907595
2025-Q1,RT_EFF_DSO,  ‣ Days Sales Outstanding,26,2,ngày,14.7205576057
2025-Q1,RT_EFF_DIO,  ‣ Days Inventory Outstanding,27,2,ngày,126.0403468123
2025-Q1,RT_EFF_DPO,  ‣ Days Payable Outstanding,28,2,ngày,51.9845906653
2025-Q1,RT_EFF_CASH_CYCLE,  ‣ Cash Conversion Cycle,29,2,ngày,186.7521474444
2025-Q1,RT_CAT_LIQUIDITY_SAFETY,Liquidity & Financial Safety,30,1,,
2025-Q1,RT_LQD_CR,  ‣ Current Ratio,31,2,lần,1.1502702901
2025-Q1,RT_LQD_QR,  ‣ Quick Ratio,32,2,lần,0.5473629895
2025-Q1,RT_LQD_CASH_RATIO,  ‣ Cash Ratio,33,2,lần,0.0964964845
2025-Q1,RT_ASSETS_CURRENT_DEPOSITS,  ‣ Current Deposits,34,2,tỷ VNĐ,
2025-Q1,RT_ASSETS_DEPOSITS_SPECIAL,  ‣ Special Purpose Deposits,35,2,tỷ VNĐ,
2025-Q1,RT_ASSETS_DEPOSITS_CUSTOMERS,  ‣ Customer Deposits,36,2,tỷ VNĐ,
2025-Q1,RT_ASSETS_MARGIN_DEPOSITS,  ‣ Margin Deposits,37,2,tỷ VNĐ,
2025-Q1,RT_CAT_FINANCIAL_LEVERAGE,Financial Leverage,38,1,,
2025-Q1,RT_LEV_DE,  ‣ Debt to Equity Ratio,39,2,lần,0.9395562794
2025-Q1,RT_LEV_LOAN_EQUITY,  ‣ Loans to Equity Ratio,40,2,lần,0.7546087607
2025-Q1,RT_LEV_DA,  ‣ Debt to Assets Ratio,41,2,lần,
2025-Q1,RT_LEV_FINANCIAL_LEVERAGE,  ‣ Financial Leverage,42,2,lần,0.9395562794
2025-Q1,RT_LEV_EQUITY_TO_LIABILITIES,  ‣ Equity to Liabilities Ratio,43,2,lần,0.0
2025-Q1,RT_LEV_EQUITY_TO_ASSETS,  ‣ Equity to Assets Ratio,44,2,lần,0.0
2025-Q1,RT_CAT_BANKING_SPECIFICS,Banking Specifics,45,1,,
2025-Q1,RT_BANK_NIM,  ‣ Net Interest Margin (NIM),46,2,%,0.0
2025-Q1,RT_BANK_YIEA,  ‣ Yield on Earning Assets (YIEA),47,2,%,0.0
2025-Q1,RT_BANK_COF,  ‣ Cost of Funds (COF),48,2,%,0.0
2025-Q1,RT_BANK_NOII,  ‣ Non Interest Income,49,2,tỷ VNĐ,0.0
2025-Q1,RT_BANK_CIR,  ‣ Cost to Income Ratio (CIR),50,2,%,0.0
2025-Q1,RT_BANK_LOAN_GROWTH,  ‣ Loan Growth,51,2,%,0.0
2025-Q1,RT_BANK_DEPOSIT_GROWTH,  ‣ Deposit Growth,52,2,%,0.0
2025-Q1,RT_BANK_LDR,  ‣ Loan to Deposit Ratio (LDR),53,2,%,0.0
2025-Q1,RT_BANK_NPL,  ‣ Non Performing Loans Ratio (NPL),54,2,%,0.0
2025-Q1,RT_BANK_NPL_COVERAGE,  ‣ NPL Coverage Ratio,55,2,%,0.0
2025-Q1,RT_BANK_PROVISION_TO_LOANS,  ‣ Provision to Loans Ratio,56,2,%,0.0
2025-Q1,RT_BANK_CAR,  ‣ Capital Adequacy Ratio (CAR),57,2,%,
2025-Q1,RT_BANK_CASA,  ‣ CASA Ratio,58,2,%,
2025-Q1,RT_BANK_EQUITY_TO_LOANS,  ‣ Equity to Loans Ratio,59,2,%,0.0
2025-Q1,RT_BANK_LLR_TO_LOANS,  ‣ Loan Loss Reserve to Loans Ratio,60,2,%,0.0
2024-Q4,RT_CAT_INFO_VALUATION,Valuation & Company Information,1,1,,
2024-Q4,RT_VALUE_PE,  ‣ P/E Ratio,2,2,lần,13.7540107432
2024-Q4,RT_VALUE_PB,  ‣ P/B Ratio,3,2,lần,1.4458567276
2024-Q4,RT_VALUE_PS,  ‣ P/S Ratio,4,2,lần,1.1907596712
2024-Q4,RT_VALUE_P_CF,  ‣ P/CF Ratio,5,2,lần,25.0204365521
2024-Q4,RT_VALUE_EV_EBITDA,  ‣ EV/EBITDA,6,2,lần,10.9486884273
2024-Q4,RT_VALUE_DIVIDEND_YIELD,  ‣ Dividend Yield,7,2,%,0.0
2024-Q4,RT_VALUE_MARKET_CAP,  ‣ Market Capitalization,8,2,tỷ VNĐ,165343067670000.0
2024-Q4,RT_VALUE_EPS,  ‣ Basic EPS,9,2,VNĐ,
2024-Q4,RT_VALUE_BETA,  ‣ Beta,10,2,lần,
2024-Q4,RT_VALUE_BVPS,  ‣ Book Value Per Share,11,2,VNĐ,
2024-Q4,RT_VALUE_EBIT,  ‣ EBIT,12,2,tỷ VNĐ,14614724419648.0
2024-Q4,RT_VALUE_EBITDA,  ‣ EBITDA,13,2,tỷ VNĐ,21530395750845.0
2024-Q4,RT_VALUE_EQUITY,  ‣ Owner's Equity,14,2,tỷ VNĐ,0.236206225
2024-Q4,RT_VALUE_OUTSTANDING_SHARES,  ‣ Outstanding Shares,15,2,cổ phiếu,6396250200.0
2024-Q4,RT_CAT_PROFITABILITY,Profitability & Efficiency,16,1,,
2024-Q4,RT_PRT_ROE,  ‣ ROE %,17,2,%,0.1107318516
2024-Q4,RT_PRT_ROA,  ‣ ROA %,18,2,%,0.0583179807
2024-Q4,RT_PRT_ROIC,  ‣ ROIC %,19,2,%,0.0739571933
2024-Q4,RT_PRT_GROSS_MARGIN,  ‣ Gross Profit Margin %,20,2,%,0.1332147506
2024-Q4,RT_PRT_EBIT_MARGIN,  ‣ EBIT Margin %,21,2,%,0.1052516122
2024-Q4,RT_PRT_PRE_TAX_MARGIN,  ‣ Pre Tax Profit Margin %,22,2,%,0.0986171993
2024-Q4,RT_PRT_NET_MARGIN,  ‣ Net Profit Margin %,23,2,%,0.0865652221
2024-Q4,RT_EFF_ATR,  ‣ Asset Turnover,24,2,vòng,0.6736087489
2024-Q4,RT_EFF_FATR,  ‣ Fixed Asset Turnover,25,2,vòng,1.9918003452
2024-Q4,RT_EFF_DSO,  ‣ Days Sales Outstanding,26,2,ngày,13.6054100161
2024-Q4,RT_EFF_DIO,  ‣ Days Inventory Outstanding,27,2,ngày,122.5495936319
2024-Q4,RT_EFF_DPO,  ‣ Days Payable Outstanding,28,2,ngày,53.1351004674
2024-Q4,RT_EFF_CASH_CYCLE,  ‣ Cash Conversion Cycle,29,2,ngày,186.4089675414
2024-Q4,RT_CAT_LIQUIDITY_SAFETY,Liquidity & Financial Safety,30,1,,
2024-Q4,RT_LQD_CR,  ‣ Current Ratio,31,2,lần,1.1521966898
2024-Q4,RT_LQD_QR,  ‣ Quick Ratio,32,2,lần,0.5394871764
2024-Q4,RT_LQD_CASH_RATIO,  ‣ Cash Ratio,33,2,lần,0.091560304
2024-Q4,RT_ASSETS_CURRENT_DEPOSITS,  ‣ Current Deposits,34,2,tỷ VNĐ,
2024-Q4,RT_ASSETS_DEPOSITS_SPECIAL,  ‣ Special Purpose Deposits,35,2,tỷ VNĐ,
2024-Q4,RT_ASSETS_DEPOSITS_CUSTOMERS,  ‣ Customer Deposits,36,2,tỷ VNĐ,
2024-Q4,RT_ASSETS_MARGIN_DEPOSITS,  ‣ Margin Deposits,37,2,tỷ VNĐ,
2024-Q4,RT_CAT_FINANCIAL_LEVERAGE,Financial Leverage,38,1,,
2024-Q4,RT_LEV_DE,  ‣ Debt to Equity Ratio,39,2,lần,0.9580870915
2024-Q4,RT_LEV_LOAN_EQUITY,  ‣ Loans to Equity Ratio,40,2,lần,0.7236368859
2024-Q4,RT_LEV_DA,  ‣ Debt to Assets Ratio,41,2,lần,
2024-Q4,RT_LEV_FINANCIAL_LEVERAGE,  ‣ Financial Leverage,42,2,lần,0.9580870915
2024-Q4,RT_LEV_EQUITY_TO_LIABILITIES,  ‣ Equity to Liabilities Ratio,43,2,lần,0.0
2024-Q4,RT_LEV_EQUITY_TO_ASSETS,  ‣ Equity to Assets Ratio,44,2,lần,0.0
2024-Q4,RT_CAT_BANKING_SPECIFICS,Banking Specifics,45,1,,
2024-Q4,RT_BANK_NIM,  ‣ Net Interest Margin (NIM),46,2,%,0.0
2024-Q4,RT_BANK_YIEA,  ‣ Yield on Earning Assets (YIEA),47,2,%,0.0
2024-Q4,RT_BANK_COF,  ‣ Cost of Funds (COF),48,2,%,0.0
2024-Q4,RT_BANK_NOII,  ‣ Non Interest Income,49,2,tỷ VNĐ,0.0
2024-Q4,RT_BANK_CIR,  ‣ Cost to Income Ratio (CIR),50,2,%,0.0
2024-Q4,RT_BANK_LOAN_GROWTH,  ‣ Loan Growth,51,2,%,0.0
2024-Q4,RT_BANK_DEPOSIT_GROWTH,  ‣ Deposit Growth,52,2,%,0.0
2024-Q4,RT_BANK_LDR,  ‣ Loan to Deposit Ratio (LDR),53,2,%,0.0
2024-Q4,RT_BANK_NPL,  ‣ Non Performing Loans Ratio (NPL),54,2,%,0.0
2024-Q4,RT_BANK_NPL_COVERAGE,  ‣ NPL Coverage Ratio,55,2,%,0.0
2024-Q4,RT_BANK_PROVISION_TO_LOANS,  ‣ Provision to Loans Ratio,56,2,%,0.0
2024-Q4,RT_BANK_CAR,  ‣ Capital Adequacy Ratio (CAR),57,2,%,
2024-Q4,RT_BANK_CASA,  ‣ CASA Ratio,58,2,%,
2024-Q4,RT_BANK_EQUITY_TO_LOANS,  ‣ Equity to Loans Ratio,59,2,%,0.0
2024-Q4,RT_BANK_LLR_TO_LOANS,  ‣ Loan Loss Reserve to Loans Ratio,60,2,%,0.0
2024-Q3,RT_CAT_INFO_VALUATION,Valuation & Company Information,1,1,,
2024-Q3,RT_VALUE_PE,  ‣ P/E Ratio,2,2,lần,13.5687507009
2024-Q3,RT_VALUE_PB,  ‣ P/B Ratio,3,2,lần,1.481702522
2024-Q3,RT_VALUE_PS,  ‣ P/S Ratio,4,2,lần,1.1916794878
2024-Q3,RT_VALUE_P_CF,  ‣ P/CF Ratio,5,2,lần,18.5289185761
2024-Q3,RT_VALUE_EV_EBITDA,  ‣ EV/EBITDA,6,2,lần,10.8772485399
2024-Q3,RT_VALUE_DIVIDEND_YIELD,  ‣ Dividend Yield,7,2,%,0.0
2024-Q3,RT_VALUE_MARKET_CAP,  ‣ Market Capitalization,8,2,tỷ VNĐ,165343067670000.0
2024-Q3,RT_VALUE_EPS,  ‣ Basic EPS,9,2,VNĐ,
2024-Q3,RT_VALUE_BETA,  ‣ Beta,10,2,lần,
2024-Q3,RT_VALUE_BVPS,  ‣ Book Value Per Share,11,2,VNĐ,
2024-Q3,RT_VALUE_EBIT,  ‣ EBIT,12,2,tỷ VNĐ,14708063114971.0
2024-Q3,RT_VALUE_EBITDA,  ‣ EBITDA,13,2,tỷ VNĐ,21671803666842.0
2024-Q3,RT_VALUE_EQUITY,  ‣ Owner's Equity,14,2,tỷ VNĐ,0.2193399937
2024-Q3,RT_VALUE_OUTSTANDING_SHARES,  ‣ Outstanding Shares,15,2,cổ phiếu,6396250200.0
2024-Q3,RT_CAT_PROFITABILITY,Profitability & Efficiency,16,1,,
2024-Q3,RT_PRT_ROE,  ‣ ROE %,17,2,%,0.1137629601
2024-Q3,RT_PRT_ROA,  ‣ ROA %,18,2,%,0.0603456863
2024-Q3,RT_PRT_ROIC,  ‣ ROIC %,19,2,%,0.0772168222
2024-Q3,RT_PRT_GROSS_MARGIN,  ‣ Gross Profit Margin %,20,2,%,0.1340866822
2024-Q3,RT_PRT_EBIT_MARGIN,  ‣ EBIT Margin %,21,2,%,0.1060056364
2024-Q3,RT_PRT_PRE_TAX_MARGIN,  ‣ Pre Tax Profit Margin %,22,2,%,0.0993989213
2024-Q3,RT_PRT_NET_MARGIN,  ‣ Net Profit Margin %,23,2,%,0.0877807668
2024-Q3,RT_EFF_ATR,  ‣ Asset Turnover,24,2,vòng,0.6871105714
2024-Q3,RT_EFF_FATR,  ‣ Fixed Asset Turnover,25,2,vòng,1.9713777715
2024-Q3,RT_EFF_DSO,  ‣ Days Sales Outstanding,26,2,ngày,16.2100149409
2024-Q3,RT_EFF_DIO,  ‣ Days Inventory Outstanding,27,2,ngày,120.3134442244
2024-Q3,RT_EFF_DPO,  ‣ Days Payable Outstanding,28,2,ngày,51.4467012286
2024-Q3,RT_EFF_CASH_CYCLE,  ‣ Cash Conversion Cycle,29,2,ngày,187.7676525417
2024-Q3,RT_CAT_LIQUIDITY_SAFETY,Liquidity & Financial Safety,30,1,,
2024-Q3,RT_LQD_CR,  ‣ Current Ratio,31,2,lần,1.1717031207
2024-Q3,RT_LQD_QR,  ‣ Quick Ratio,32,2,lần,0.5890848356
2024-Q3,RT_LQD_CASH_RATIO,  ‣ Cash Ratio,33,2,lần,0.1232115757
2024-Q3,RT_ASSETS_CURRENT_DEPOSITS,  ‣ Current Deposits,34,2,tỷ VNĐ,
2024-Q3,RT_ASSETS_DEPOSITS_SPECIAL,  ‣ Special Purpose Deposits,35,2,tỷ VNĐ,
2024-Q3,RT_ASSETS_DEPOSITS_CUSTOMERS,  ‣ Customer Deposits,36,2,tỷ VNĐ,
2024-Q3,RT_ASSETS_MARGIN_DEPOSITS,  ‣ Margin Deposits,37,2,tỷ VNĐ,
2024-Q3,RT_CAT_FINANCIAL_LEVERAGE,Financial Leverage,38,1,,
2024-Q3,RT_LEV_DE,  ‣ Debt to Equity Ratio,39,2,lần,0.8911079903
2024-Q3,RT_LEV_LOAN_EQUITY,  ‣ Loans to Equity Ratio,40,2,lần,0.704052467
2024-Q3,RT_LEV_DA,  ‣ Debt to Assets Ratio,41,2,lần,
2024-Q3,RT_LEV_FINANCIAL_LEVERAGE,  ‣ Financial Leverage,42,2,lần,0.8911079903
2024-Q3,RT_LEV_EQUITY_TO_LIABILITIES,  ‣ Equity to Liabilities Ratio,43,2,lần,0.0
2024-Q3,RT_LEV_EQUITY_TO_ASSETS,  ‣ Equity to Assets Ratio,44,2,lần,0.0
2024-Q3,RT_CAT_BANKING_SPECIFICS,Banking Specifics,45,1,,
2024-Q3,RT_BANK_NIM,  ‣ Net Interest Margin (NIM),46,2,%,0.0
2024-Q3,RT_BANK_YIEA,  ‣ Yield on Earning Assets (YIEA),47,2,%,0.0
2024-Q3,RT_BANK_COF,  ‣ Cost of Funds (COF),48,2,%,0.0
2024-Q3,RT_BANK_NOII,  ‣ Non Interest Income,49,2,tỷ VNĐ,0.0
2024-Q3,RT_BANK_CIR,  ‣ Cost to Income Ratio (CIR),50,2,%,0.0
2024-Q3,RT_BANK_LOAN_GROWTH,  ‣ Loan Growth,51,2,%,0.0
2024-Q3,RT_BANK_DEPOSIT_GROWTH,  ‣ Deposit Growth,52,2,%,0.0
2024-Q3,RT_BANK_LDR,  ‣ Loan to Deposit Ratio (LDR),53,2,%,0.0
2024-Q3,RT_BANK_NPL,  ‣ Non Performing Loans Ratio (NPL),54,2,%,0.0
2024-Q3,RT_BANK_NPL_COVERAGE,  ‣ NPL Coverage Ratio,55,2,%,0.0
2024-Q3,RT_BANK_PROVISION_TO_LOANS,  ‣ Provision to Loans Ratio,56,2,%,0.0
2024-Q3,RT_BANK_CAR,  ‣ Capital Adequacy Ratio (CAR),57,2,%,
2024-Q3,RT_BANK_CASA,  ‣ CASA Ratio,58,2,%,
2024-Q3,RT_BANK_EQUITY_TO_LOANS,  ‣ Equity to Loans Ratio,59,2,%,0.0
2024-Q3,RT_BANK_LLR_TO_LOANS,  ‣ Loan Loss Reserve to Loans Ratio,60,2,%,0.0
2024-Q2,RT_CAT_INFO_VALUATION,Valuation & Company Information,1,1,,
2024-Q2,RT_VALUE_PE,  ‣ P/E Ratio,2,2,lần,15.4932155555
2024-Q2,RT_VALUE_PB,  ‣ P/B Ratio,3,2,lần,1.5935546072
2024-Q2,RT_VALUE_PS,  ‣ P/S Ratio,4,2,lần,1.2981998011
2024-Q2,RT_VALUE_P_CF,  ‣ P/CF Ratio,5,2,lần,18.6203286315
2024-Q2,RT_VALUE_EV_EBITDA,  ‣ EV/EBITDA,6,2,lần,11.2877470147
2024-Q2,RT_VALUE_DIVIDEND_YIELD,  ‣ Dividend Yield,7,2,%,0.0
2024-Q2,RT_VALUE_MARKET_CAP,  ‣ Market Capitalization,8,2,tỷ VNĐ,173018567910000.0
2024-Q2,RT_VALUE_EPS,  ‣ Basic EPS,9,2,VNĐ,
2024-Q2,RT_VALUE_BETA,  ‣ Beta,10,2,lần,
2024-Q2,RT_VALUE_BVPS,  ‣ Book Value Per Share,11,2,VNĐ,
2024-Q2,RT_VALUE_EBIT,  ‣ EBIT,12,2,tỷ VNĐ,13734554828126.0
2024-Q2,RT_VALUE_EBITDA,  ‣ EBITDA,13,2,tỷ VNĐ,20648884356500.0
2024-Q2,RT_VALUE_EQUITY,  ‣ Owner's Equity,14,2,tỷ VNĐ,0.1810413803
2024-Q2,RT_VALUE_OUTSTANDING_SHARES,  ‣ Outstanding Shares,15,2,cổ phiếu,6396250200.0
2024-Q2,RT_CAT_PROFITABILITY,Profitability & Efficiency,16,1,,
2024-Q2,RT_PRT_ROE,  ‣ ROE %,17,2,%,0.1072089789
2024-Q2,RT_PRT_ROA,  ‣ ROA %,18,2,%,0.058024484
2024-Q2,RT_PRT_ROIC,  ‣ ROIC %,19,2,%,0.0756029845
2024-Q2,RT_PRT_GROSS_MARGIN,  ‣ Gross Profit Margin %,20,2,%,0.1310656927
2024-Q2,RT_PRT_EBIT_MARGIN,  ‣ EBIT Margin %,21,2,%,0.1030536581
2024-Q2,RT_PRT_PRE_TAX_MARGIN,  ‣ Pre Tax Profit Margin %,22,2,%,0.0941899699
2024-Q2,RT_PRT_NET_MARGIN,  ‣ Net Profit Margin %,23,2,%,0.0837218337
2024-Q2,RT_EFF_ATR,  ‣ Asset Turnover,24,2,vòng,0.692486501
2024-Q2,RT_EFF_FATR,  ‣ Fixed Asset Turnover,25,2,vòng,1.8650958274
2024-Q2,RT_EFF_DSO,  ‣ Days Sales Outstanding,26,2,ngày,16.2152801791
2024-Q2,RT_EFF_DIO,  ‣ Days Inventory Outstanding,27,2,ngày,119.5518945199
2024-Q2,RT_EFF_DPO,  ‣ Days Payable Outstanding,28,2,ngày,52.1145695994
2024-Q2,RT_EFF_CASH_CYCLE,  ‣ Cash Conversion Cycle,29,2,ngày,192.6673571498
2024-Q2,RT_CAT_LIQUIDITY_SAFETY,Liquidity & Financial Safety,30,1,,
2024-Q2,RT_LQD_CR,  ‣ Current Ratio,31,2,lần,1.1484079641
2024-Q2,RT_LQD_QR,  ‣ Quick Ratio,32,2,lần,0.6023459271
2024-Q2,RT_LQD_CASH_RATIO,  ‣ Cash Ratio,33,2,lần,0.1771831125
2024-Q2,RT_ASSETS_CURRENT_DEPOSITS,  ‣ Current Deposits,34,2,tỷ VNĐ,
2024-Q2,RT_ASSETS_DEPOSITS_SPECIAL,  ‣ Special Purpose Deposits,35,2,tỷ VNĐ,
2024-Q2,RT_ASSETS_DEPOSITS_CUSTOMERS,  ‣ Customer Deposits,36,2,tỷ VNĐ,
2024-Q2,RT_ASSETS_MARGIN_DEPOSITS,  ‣ Margin Deposits,37,2,tỷ VNĐ,
2024-Q2,RT_CAT_FINANCIAL_LEVERAGE,Financial Leverage,38,1,,
2024-Q2,RT_LEV_DE,  ‣ Debt to Equity Ratio,39,2,lần,0.9011373789
2024-Q2,RT_LEV_LOAN_EQUITY,  ‣ Loans to Equity Ratio,40,2,lần,0.6716284144
2024-Q2,RT_LEV_DA,  ‣ Debt to Assets Ratio,41,2,lần,
2024-Q2,RT_LEV_FINANCIAL_LEVERAGE,  ‣ Financial Leverage,42,2,lần,0.9011373789
2024-Q2,RT_LEV_EQUITY_TO_LIABILITIES,  ‣ Equity to Liabilities Ratio,43,2,lần,0.0
2024-Q2,RT_LEV_EQUITY_TO_ASSETS,  ‣ Equity to Assets Ratio,44,2,lần,0.0
2024-Q2,RT_CAT_BANKING_SPECIFICS,Banking Specifics,45,1,,
2024-Q2,RT_BANK_NIM,  ‣ Net Interest Margin (NIM),46,2,%,0.0
2024-Q2,RT_BANK_YIEA,  ‣ Yield on Earning Assets (YIEA),47,2,%,0.0
2024-Q2,RT_BANK_COF,  ‣ Cost of Funds (COF),48,2,%,0.0
2024-Q2,RT_BANK_NOII,  ‣ Non Interest Income,49,2,tỷ VNĐ,0.0
2024-Q2,RT_BANK_CIR,  ‣ Cost to Income Ratio (CIR),50,2,%,0.0
2024-Q2,RT_BANK_LOAN_GROWTH,  ‣ Loan Growth,51,2,%,0.0
2024-Q2,RT_BANK_DEPOSIT_GROWTH,  ‣ Deposit Growth,52,2,%,0.0
2024-Q2,RT_BANK_LDR,  ‣ Loan to Deposit Ratio (LDR),53,2,%,0.0
2024-Q2,RT_BANK_NPL,  ‣ Non Performing Loans Ratio (NPL),54,2,%,0.0
2024-Q2,RT_BANK_NPL_COVERAGE,  ‣ NPL Coverage Ratio,55,2,%,0.0
2024-Q2,RT_BANK_PROVISION_TO_LOANS,  ‣ Provision to Loans Ratio,56,2,%,0.0
2024-Q2,RT_BANK_CAR,  ‣ Capital Adequacy Ratio (CAR),57,2,%,
2024-Q2,RT_BANK_CASA,  ‣ CASA Ratio,58,2,%,
2024-Q2,RT_BANK_EQUITY_TO_LOANS,  ‣ Equity to Loans Ratio,59,2,%,0.0
2024-Q2,RT_BANK_LLR_TO_LOANS,  ‣ Loan Loss Reserve to Loans Ratio,60,2,%,0.0
2024-Q1,RT_CAT_INFO_VALUATION,Valuation & Company Information,1,1,,
2024-Q1,RT_VALUE_PE,  ‣ P/E Ratio,2,2,lần,19.5842372597
2024-Q1,RT_VALUE_PB,  ‣ P/B Ratio,3,2,lần,1.7275618097
2024-Q1,RT_VALUE_PS,  ‣ P/S Ratio,4,2,lần,1.4794522644
2024-Q1,RT_VALUE_P_CF,  ‣ P/CF Ratio,5,2,lần,16.0990069125
2024-Q1,RT_VALUE_EV_EBITDA,  ‣ EV/EBITDA,6,2,lần,13.1686704643
2024-Q1,RT_VALUE_DIVIDEND_YIELD,  ‣ Dividend Yield,7,2,%,0.0
2024-Q1,RT_VALUE_MARKET_CAP,  ‣ Market Capitalization,8,2,tỷ VNĐ,182293130700000.0
2024-Q1,RT_VALUE_EPS,  ‣ Basic EPS,9,2,VNĐ,
2024-Q1,RT_VALUE_BETA,  ‣ Beta,10,2,lần,
2024-Q1,RT_VALUE_BVPS,  ‣ Book Value Per Share,11,2,VNĐ,
2024-Q1,RT_VALUE_EBIT,  ‣ EBIT,12,2,tỷ VNĐ,11946561654712.0
2024-Q1,RT_VALUE_EBITDA,  ‣ EBITDA,13,2,tỷ VNĐ,18793605149258.0
2024-Q1,RT_VALUE_EQUITY,  ‣ Owner's Equity,14,2,tỷ VNĐ,0.1522386359
2024-Q1,RT_VALUE_OUTSTANDING_SHARES,  ‣ Outstanding Shares,15,2,cổ phiếu,6396250200.0
2024-Q1,RT_CAT_PROFITABILITY,Profitability & Efficiency,16,1,,
2024-Q1,RT_PRT_ROE,  ‣ ROE %,17,2,%,0.0917358984
2024-Q1,RT_PRT_ROA,  ‣ ROA %,18,2,%,0.050350203
2024-Q1,RT_PRT_ROIC,  ‣ ROIC %,19,2,%,0.0652307784
2024-Q1,RT_PRT_GROSS_MARGIN,  ‣ Gross Profit Margin %,20,2,%,0.1251079975
2024-Q1,RT_PRT_EBIT_MARGIN,  ‣ EBIT Margin %,21,2,%,0.0969557527
2024-Q1,RT_PRT_PRE_TAX_MARGIN,  ‣ Pre Tax Profit Margin %,22,2,%,0.0853935124
2024-Q1,RT_PRT_NET_MARGIN,  ‣ Net Profit Margin %,23,2,%,0.0753659703
2024-Q1,RT_EFF_ATR,  ‣ Asset Turnover,24,2,vòng,0.6665104011
2024-Q1,RT_EFF_FATR,  ‣ Fixed Asset Turnover,25,2,vòng,1.7308947984
2024-Q1,RT_EFF_DSO,  ‣ Days Sales Outstanding,26,2,ngày,16.2954209911
2024-Q1,RT_EFF_DIO,  ‣ Days Inventory Outstanding,27,2,ngày,121.495785134
2024-Q1,RT_EFF_DPO,  ‣ Days Payable Outstanding,28,2,ngày,51.0958740692
2024-Q1,RT_EFF_CASH_CYCLE,  ‣ Cash Conversion Cycle,29,2,ngày,200.7952533313
2024-Q1,RT_CAT_LIQUIDITY_SAFETY,Liquidity & Financial Safety,30,1,,
2024-Q1,RT_LQD_CR,  ‣ Current Ratio,31,2,lần,1.1855647087
2024-Q1,RT_LQD_QR,  ‣ Quick Ratio,32,2,lần,0.6470214861
2024-Q1,RT_LQD_CASH_RATIO,  ‣ Cash Ratio,33,2,lần,0.1567038804
2024-Q1,RT_ASSETS_CURRENT_DEPOSITS,  ‣ Current Deposits,34,2,tỷ VNĐ,
2024-Q1,RT_ASSETS_DEPOSITS_SPECIAL,  ‣ Special Purpose Deposits,35,2,tỷ VNĐ,
2024-Q1,RT_ASSETS_DEPOSITS_CUSTOMERS,  ‣ Customer Deposits,36,2,tỷ VNĐ,
2024-Q1,RT_ASSETS_MARGIN_DEPOSITS,  ‣ Margin Deposits,37,2,tỷ VNĐ,
2024-Q1,RT_CAT_FINANCIAL_LEVERAGE,Financial Leverage,38,1,,
2024-Q1,RT_LEV_DE,  ‣ Debt to Equity Ratio,39,2,lần,0.9118677152
2024-Q1,RT_LEV_LOAN_EQUITY,  ‣ Loans to Equity Ratio,40,2,lần,0.7339052843
2024-Q1,RT_LEV_DA,  ‣ Debt to Assets Ratio,41,2,lần,
2024-Q1,RT_LEV_FINANCIAL_LEVERAGE,  ‣ Financial Leverage,42,2,lần,0.9118677152
2024-Q1,RT_LEV_EQUITY_TO_LIABILITIES,  ‣ Equity to Liabilities Ratio,43,2,lần,0.0
2024-Q1,RT_LEV_EQUITY_TO_ASSETS,  ‣ Equity to Assets Ratio,44,2,lần,0.0
2024-Q1,RT_CAT_BANKING_SPECIFICS,Banking Specifics,45,1,,
2024-Q1,RT_BANK_NIM,  ‣ Net Interest Margin (NIM),46,2,%,0.0
2024-Q1,RT_BANK_YIEA,  ‣ Yield on Earning Assets (YIEA),47,2,%,0.0
2024-Q1,RT_BANK_COF,  ‣ Cost of Funds (COF),48,2,%,0.0
2024-Q1,RT_BANK_NOII,  ‣ Non Interest Income,49,2,tỷ VNĐ,0.0
2024-Q1,RT_BANK_CIR,  ‣ Cost to Income Ratio (CIR),50,2,%,0.0
2024-Q1,RT_BANK_LOAN_GROWTH,  ‣ Loan Growth,51,2,%,0.0
2024-Q1,RT_BANK_DEPOSIT_GROWTH,  ‣ Deposit Growth,52,2,%,0.0
2024-Q1,RT_BANK_LDR,  ‣ Loan to Deposit Ratio (LDR),53,2,%,0.0
2024-Q1,RT_BANK_NPL,  ‣ Non Performing Loans Ratio (NPL),54,2,%,0.0
2024-Q1,RT_BANK_NPL_COVERAGE,  ‣ NPL Coverage Ratio,55,2,%,0.0
2024-Q1,RT_BANK_PROVISION_TO_LOANS,  ‣ Provision to Loans Ratio,56,2,%,0.0
2024-Q1,RT_BANK_CAR,  ‣ Capital Adequacy Ratio (CAR),57,2,%,
2024-Q1,RT_BANK_CASA,  ‣ CASA Ratio,58,2,%,
2024-Q1,RT_BANK_EQUITY_TO_LOANS,  ‣ Equity to Loans Ratio,59,2,%,0.0
2024-Q1,RT_BANK_LLR_TO_LOANS,  ‣ Loan Loss Reserve to Loans Ratio,60,2,%,0.0
2023-Q4,RT_CAT_INFO_VALUATION,Valuation & Company Information,1,1,,
2023-Q4,RT_VALUE_PE,  ‣ P/E Ratio,2,2,lần,25.4793258989
2023-Q4,RT_VALUE_PB,  ‣ P/B Ratio,3,2,lần,1.6945775155
2023-Q4,RT_VALUE_PS,  ‣ P/S Ratio,4,2,lần,1.464047068
2023-Q4,RT_VALUE_P_CF,  ‣ P/CF Ratio,5,2,lần,20.1495096116
2023-Q4,RT_VALUE_EV_EBITDA,  ‣ EV/EBITDA,6,2,lần,13.532043053
2023-Q4,RT_VALUE_DIVIDEND_YIELD,  ‣ Dividend Yield,7,2,%,0.0
2023-Q4,RT_VALUE_MARKET_CAP,  ‣ Market Capitalization,8,2,tỷ VNĐ,174152831715000.0
2023-Q4,RT_VALUE_EPS,  ‣ Basic EPS,9,2,VNĐ,
2023-Q4,RT_VALUE_BETA,  ‣ Beta,10,2,lần,
2023-Q4,RT_VALUE_BVPS,  ‣ Book Value Per Share,11,2,VNĐ,
2023-Q4,RT_VALUE_EBIT,  ‣ EBIT,12,2,tỷ VNĐ,9669188228747.0
2023-Q4,RT_VALUE_EBITDA,  ‣ EBITDA,13,2,tỷ VNĐ,16443221709448.0
2023-Q4,RT_VALUE_EQUITY,  ‣ Owner's Equity,14,2,tỷ VNĐ,0.1011229229
2023-Q4,RT_VALUE_OUTSTANDING_SHARES,  ‣ Outstanding Shares,15,2,cổ phiếu,5814785700.0
2023-Q4,RT_CAT_PROFITABILITY,Profitability & Efficiency,16,1,,
2023-Q4,RT_PRT_ROE,  ‣ ROE %,17,2,%,0.0687708238
2023-Q4,RT_PRT_ROA,  ‣ ROA %,18,2,%,0.0381721238
2023-Q4,RT_PRT_ROIC,  ‣ ROIC %,19,2,%,0.0574803022
2023-Q4,RT_PRT_GROSS_MARGIN,  ‣ Gross Profit Margin %,20,2,%,0.1087642822
2023-Q4,RT_PRT_EBIT_MARGIN,  ‣ EBIT Margin %,21,2,%,0.081285768
2023-Q4,RT_PRT_PRE_TAX_MARGIN,  ‣ Pre Tax Profit Margin %,22,2,%,0.0655109742
2023-Q4,RT_PRT_NET_MARGIN,  ‣ Net Profit Margin %,23,2,%,0.0571686861
2023-Q4,RT_EFF_ATR,  ‣ Asset Turnover,24,2,vòng,0.6643228917
2023-Q4,RT_EFF_FATR,  ‣ Fixed Asset Turnover,25,2,vòng,1.6656438641
2023-Q4,RT_EFF_DSO,  ‣ Days Sales Outstanding,26,2,ngày,13.7437289203
2023-Q4,RT_EFF_DIO,  ‣ Days Inventory Outstanding,27,2,ngày,121.113829617
2023-Q4,RT_EFF_DPO,  ‣ Days Payable Outstanding,28,2,ngày,48.4472009226
2023-Q4,RT_EFF_CASH_CYCLE,  ‣ Cash Conversion Cycle,29,2,ngày,190.8147337602
2023-Q4,RT_CAT_LIQUIDITY_SAFETY,Liquidity & Financial Safety,30,1,,
2023-Q4,RT_LQD_CR,  ‣ Current Ratio,31,2,lần,1.1566550005
2023-Q4,RT_LQD_QR,  ‣ Quick Ratio,32,2,lần,0.6741658086
2023-Q4,RT_LQD_CASH_RATIO,  ‣ Cash Ratio,33,2,lần,0.1713243286
2023-Q4,RT_ASSETS_CURRENT_DEPOSITS,  ‣ Current Deposits,34,2,tỷ VNĐ,
2023-Q4,RT_ASSETS_DEPOSITS_SPECIAL,  ‣ Special Purpose Deposits,35,2,tỷ VNĐ,
2023-Q4,RT_ASSETS_DEPOSITS_CUSTOMERS,  ‣ Customer Deposits,36,2,tỷ VNĐ,
2023-Q4,RT_ASSETS_MARGIN_DEPOSITS,  ‣ Margin Deposits,37,2,tỷ VNĐ,
2023-Q4,RT_CAT_FINANCIAL_LEVERAGE,Financial Leverage,38,1,,
2023-Q4,RT_LEV_DE,  ‣ Debt to Equity Ratio,39,2,lần,0.8260319443
2023-Q4,RT_LEV_LOAN_EQUITY,  ‣ Loans to Equity Ratio,40,2,lần,0.6357767312
2023-Q4,RT_LEV_DA,  ‣ Debt to Assets Ratio,41,2,lần,
2023-Q4,RT_LEV_FINANCIAL_LEVERAGE,  ‣ Financial Leverage,42,2,lần,0.8260319443
2023-Q4,RT_LEV_EQUITY_TO_LIABILITIES,  ‣ Equity to Liabilities Ratio,43,2,lần,0.0
2023-Q4,RT_LEV_EQUITY_TO_ASSETS,  ‣ Equity to Assets Ratio,44,2,lần,0.0
2023-Q4,RT_CAT_BANKING_SPECIFICS,Banking Specifics,45,1,,
2023-Q4,RT_BANK_NIM,  ‣ Net Interest Margin (NIM),46,2,%,0.0
2023-Q4,RT_BANK_YIEA,  ‣ Yield on Earning Assets (YIEA),47,2,%,0.0
2023-Q4,RT_BANK_COF,  ‣ Cost of Funds (COF),48,2,%,0.0
2023-Q4,RT_BANK_NOII,  ‣ Non Interest Income,49,2,tỷ VNĐ,0.0
2023-Q4,RT_BANK_CIR,  ‣ Cost to Income Ratio (CIR),50,2,%,0.0
2023-Q4,RT_BANK_LOAN_GROWTH,  ‣ Loan Growth,51,2,%,0.0
2023-Q4,RT_BANK_DEPOSIT_GROWTH,  ‣ Deposit Growth,52,2,%,0.0
2023-Q4,RT_BANK_LDR,  ‣ Loan to Deposit Ratio (LDR),53,2,%,0.0
2023-Q4,RT_BANK_NPL,  ‣ Non Performing Loans Ratio (NPL),54,2,%,0.0
2023-Q4,RT_BANK_NPL_COVERAGE,  ‣ NPL Coverage Ratio,55,2,%,0.0
2023-Q4,RT_BANK_PROVISION_TO_LOANS,  ‣ Provision to Loans Ratio,56,2,%,0.0
2023-Q4,RT_BANK_CAR,  ‣ Capital Adequacy Ratio (CAR),57,2,%,
2023-Q4,RT_BANK_CASA,  ‣ CASA Ratio,58,2,%,
2023-Q4,RT_BANK_EQUITY_TO_LOANS,  ‣ Equity to Loans Ratio,59,2,%,0.0
2023-Q4,RT_BANK_LLR_TO_LOANS,  ‣ Loan Loss Reserve to Loans Ratio,60,2,%,0.0
2023-Q3,RT_CAT_INFO_VALUATION,Valuation & Company Information,1,1,,
2023-Q3,RT_VALUE_PE,  ‣ P/E Ratio,2,2,lần,84.3899895658
2023-Q3,RT_VALUE_PB,  ‣ P/B Ratio,3,2,lần,1.5819866919
2023-Q3,RT_VALUE_PS,  ‣ P/S Ratio,4,2,lần,1.4300602054
2023-Q3,RT_VALUE_P_CF,  ‣ P/CF Ratio,5,2,lần,16.6163604004
2023-Q3,RT_VALUE_EV_EBITDA,  ‣ EV/EBITDA,6,2,lần,19.149768348
2023-Q3,RT_VALUE_DIVIDEND_YIELD,  ‣ Dividend Yield,7,2,%,0.0
2023-Q3,RT_VALUE_MARKET_CAP,  ‣ Market Capitalization,8,2,tỷ VNĐ,157871431755000.0
2023-Q3,RT_VALUE_EPS,  ‣ Basic EPS,9,2,VNĐ,
2023-Q3,RT_VALUE_BETA,  ‣ Beta,10,2,lần,
2023-Q3,RT_VALUE_BVPS,  ‣ Book Value Per Share,11,2,VNĐ,
2023-Q3,RT_VALUE_EBIT,  ‣ EBIT,12,2,tỷ VNĐ,4014264868051.0
2023-Q3,RT_VALUE_EBITDA,  ‣ EBITDA,13,2,tỷ VNĐ,10769267825827.0
2023-Q3,RT_VALUE_EQUITY,  ‣ Owner's Equity,14,2,tỷ VNĐ,0.0875639503
2023-Q3,RT_VALUE_OUTSTANDING_SHARES,  ‣ Outstanding Shares,15,2,cổ phiếu,5814785700.0
2023-Q3,RT_CAT_PROFITABILITY,Profitability & Efficiency,16,1,,
2023-Q3,RT_PRT_ROE,  ‣ ROE %,17,2,%,0.0191904488
2023-Q3,RT_PRT_ROA,  ‣ ROA %,18,2,%,0.0107591739
2023-Q3,RT_PRT_ROIC,  ‣ ROIC %,19,2,%,0.0254313067
2023-Q3,RT_PRT_GROSS_MARGIN,  ‣ Gross Profit Margin %,20,2,%,0.0686714418
2023-Q3,RT_PRT_EBIT_MARGIN,  ‣ EBIT Margin %,21,2,%,0.0363627566
2023-Q3,RT_PRT_PRE_TAX_MARGIN,  ‣ Pre Tax Profit Margin %,22,2,%,0.0211025218
2023-Q3,RT_PRT_NET_MARGIN,  ‣ Net Profit Margin %,23,2,%,0.0166008513
2023-Q3,RT_EFF_ATR,  ‣ Asset Turnover,24,2,vòng,0.6349149284
2023-Q3,RT_EFF_FATR,  ‣ Fixed Asset Turnover,25,2,vòng,1.5631447472
2023-Q3,RT_EFF_DSO,  ‣ Days Sales Outstanding,26,2,ngày,13.1644710549
2023-Q3,RT_EFF_DIO,  ‣ Days Inventory Outstanding,27,2,ngày,121.0412428732
2023-Q3,RT_EFF_DPO,  ‣ Days Payable Outstanding,28,2,ngày,43.6203309814
2023-Q3,RT_EFF_CASH_CYCLE,  ‣ Cash Conversion Cycle,29,2,ngày,204.60105942
2023-Q3,RT_CAT_LIQUIDITY_SAFETY,Liquidity & Financial Safety,30,1,,
2023-Q3,RT_LQD_CR,  ‣ Current Ratio,31,2,lần,1.2240499709
2023-Q3,RT_LQD_QR,  ‣ Quick Ratio,32,2,lần,0.7011939908
2023-Q3,RT_LQD_CASH_RATIO,  ‣ Cash Ratio,33,2,lần,0.1512336878
2023-Q3,RT_ASSETS_CURRENT_DEPOSITS,  ‣ Current Deposits,34,2,tỷ VNĐ,
2023-Q3,RT_ASSETS_DEPOSITS_SPECIAL,  ‣ Special Purpose Deposits,35,2,tỷ VNĐ,
2023-Q3,RT_ASSETS_DEPOSITS_CUSTOMERS,  ‣ Customer Deposits,36,2,tỷ VNĐ,
2023-Q3,RT_ASSETS_MARGIN_DEPOSITS,  ‣ Margin Deposits,37,2,tỷ VNĐ,
2023-Q3,RT_CAT_FINANCIAL_LEVERAGE,Financial Leverage,38,1,,
2023-Q3,RT_LEV_DE,  ‣ Debt to Equity Ratio,39,2,lần,0.7374123527
2023-Q3,RT_LEV_LOAN_EQUITY,  ‣ Loans to Equity Ratio,40,2,lần,0.5806045366
2023-Q3,RT_LEV_DA,  ‣ Debt to Assets Ratio,41,2,lần,
2023-Q3,RT_LEV_FINANCIAL_LEVERAGE,  ‣ Financial Leverage,42,2,lần,0.7374123527
2023-Q3,RT_LEV_EQUITY_TO_LIABILITIES,  ‣ Equity to Liabilities Ratio,43,2,lần,0.0
2023-Q3,RT_LEV_EQUITY_TO_ASSETS,  ‣ Equity to Assets Ratio,44,2,lần,0.0
2023-Q3,RT_CAT_BANKING_SPECIFICS,Banking Specifics,45,1,,
2023-Q3,RT_BANK_NIM,  ‣ Net Interest Margin (NIM),46,2,%,0.0
2023-Q3,RT_BANK_YIEA,  ‣ Yield on Earning Assets (YIEA),47,2,%,0.0
2023-Q3,RT_BANK_COF,  ‣ Cost of Funds (COF),48,2,%,0.0
2023-Q3,RT_BANK_NOII,  ‣ Non Interest Income,49,2,tỷ VNĐ,0.0
2023-Q3,RT_BANK_CIR,  ‣ Cost to Income Ratio (CIR),50,2,%,0.0
2023-Q3,RT_BANK_LOAN_GROWTH,  ‣ Loan Growth,51,2,%,0.0
2023-Q3,RT_BANK_DEPOSIT_GROWTH,  ‣ Deposit Growth,52,2,%,0.0
2023-Q3,RT_BANK_LDR,  ‣ Loan to Deposit Ratio (LDR),53,2,%,0.0
2023-Q3,RT_BANK_NPL,  ‣ Non Performing Loans Ratio (NPL),54,2,%,0.0
2023-Q3,RT_BANK_NPL_COVERAGE,  ‣ NPL Coverage Ratio,55,2,%,0.0
2023-Q3,RT_BANK_PROVISION_TO_LOANS,  ‣ Provision to Loans Ratio,56,2,%,0.0
2023-Q3,RT_BANK_CAR,  ‣ Capital Adequacy Ratio (CAR),57,2,%,
2023-Q3,RT_BANK_CASA,  ‣ CASA Ratio,58,2,%,
2023-Q3,RT_BANK_EQUITY_TO_LOANS,  ‣ Equity to Loans Ratio,59,2,%,0.0
2023-Q3,RT_BANK_LLR_TO_LOANS,  ‣ Loan Loss Reserve to Loans Ratio,60,2,%,0.0
2023-Q2,RT_CAT_INFO_VALUATION,Valuation & Company Information,1,1,,
2023-Q2,RT_VALUE_PE,  ‣ P/E Ratio,2,2,lần,-78.6217447436
2023-Q2,RT_VALUE_PB,  ‣ P/B Ratio,3,2,lần,1.5342243138
2023-Q2,RT_VALUE_PS,  ‣ P/S Ratio,4,2,lần,1.2931301537
2023-Q2,RT_VALUE_P_CF,  ‣ P/CF Ratio,5,2,lần,11.2581803922
2023-Q2,RT_VALUE_EV_EBITDA,  ‣ EV/EBITDA,6,2,lần,24.2600643317
2023-Q2,RT_VALUE_DIVIDEND_YIELD,  ‣ Dividend Yield,7,2,%,0.0
2023-Q2,RT_VALUE_MARKET_CAP,  ‣ Market Capitalization,8,2,tỷ VNĐ,150021471060000.0
2023-Q2,RT_VALUE_EPS,  ‣ Basic EPS,9,2,VNĐ,
2023-Q2,RT_VALUE_BETA,  ‣ Beta,10,2,lần,
2023-Q2,RT_VALUE_BVPS,  ‣ Book Value Per Share,11,2,VNĐ,
2023-Q2,RT_VALUE_EBIT,  ‣ EBIT,12,2,tỷ VNĐ,1369628063811.0
2023-Q2,RT_VALUE_EBITDA,  ‣ EBITDA,13,2,tỷ VNĐ,8139831864337.0
2023-Q2,RT_VALUE_EQUITY,  ‣ Owner's Equity,14,2,tỷ VNĐ,0.0907307742
2023-Q2,RT_VALUE_OUTSTANDING_SHARES,  ‣ Outstanding Shares,15,2,cổ phiếu,5814785700.0
2023-Q2,RT_CAT_PROFITABILITY,Profitability & Efficiency,16,1,,
2023-Q2,RT_PRT_ROE,  ‣ ROE %,17,2,%,-0.0196664566
2023-Q2,RT_PRT_ROA,  ‣ ROA %,18,2,%,-0.0108141815
2023-Q2,RT_PRT_ROIC,  ‣ ROIC %,19,2,%,0.0086418681
2023-Q2,RT_PRT_GROSS_MARGIN,  ‣ Gross Profit Margin %,20,2,%,0.0429852666
2023-Q2,RT_PRT_EBIT_MARGIN,  ‣ EBIT Margin %,21,2,%,0.0118056925
2023-Q2,RT_PRT_PRE_TAX_MARGIN,  ‣ Pre Tax Profit Margin %,22,2,%,-0.0098658043
2023-Q2,RT_PRT_NET_MARGIN,  ‣ Net Profit Margin %,23,2,%,-0.0168377672
2023-Q2,RT_EFF_ATR,  ‣ Asset Turnover,24,2,vòng,0.65749748
2023-Q2,RT_EFF_FATR,  ‣ Fixed Asset Turnover,25,2,vòng,1.6488837011
2023-Q2,RT_EFF_DSO,  ‣ Days Sales Outstanding,26,2,ngày,11.9673677148
2023-Q2,RT_EFF_DIO,  ‣ Days Inventory Outstanding,27,2,ngày,121.1127450648
2023-Q2,RT_EFF_DPO,  ‣ Days Payable Outstanding,28,2,ngày,43.4489696001
2023-Q2,RT_EFF_CASH_CYCLE,  ‣ Cash Conversion Cycle,29,2,ngày,201.7070138209
2023-Q2,RT_CAT_LIQUIDITY_SAFETY,Liquidity & Financial Safety,30,1,,
2023-Q2,RT_LQD_CR,  ‣ Current Ratio,31,2,lần,1.2361362052
2023-Q2,RT_LQD_QR,  ‣ Quick Ratio,32,2,lần,0.7702157401
2023-Q2,RT_LQD_CASH_RATIO,  ‣ Cash Ratio,33,2,lần,0.1929522438
2023-Q2,RT_ASSETS_CURRENT_DEPOSITS,  ‣ Current Deposits,34,2,tỷ VNĐ,
2023-Q2,RT_ASSETS_DEPOSITS_SPECIAL,  ‣ Special Purpose Deposits,35,2,tỷ VNĐ,
2023-Q2,RT_ASSETS_DEPOSITS_CUSTOMERS,  ‣ Customer Deposits,36,2,tỷ VNĐ,
2023-Q2,RT_ASSETS_MARGIN_DEPOSITS,  ‣ Margin Deposits,37,2,tỷ VNĐ,
2023-Q2,RT_CAT_FINANCIAL_LEVERAGE,Financial Leverage,38,1,,
2023-Q2,RT_LEV_DE,  ‣ Debt to Equity Ratio,39,2,lần,0.8009687058
2023-Q2,RT_LEV_LOAN_EQUITY,  ‣ Loans to Equity Ratio,40,2,lần,0.6195281811
2023-Q2,RT_LEV_DA,  ‣ Debt to Assets Ratio,41,2,lần,
2023-Q2,RT_LEV_FINANCIAL_LEVERAGE,  ‣ Financial Leverage,42,2,lần,0.8009687058
2023-Q2,RT_LEV_EQUITY_TO_LIABILITIES,  ‣ Equity to Liabilities Ratio,43,2,lần,0.0
2023-Q2,RT_LEV_EQUITY_TO_ASSETS,  ‣ Equity to Assets Ratio,44,2,lần,0.0
2023-Q2,RT_CAT_BANKING_SPECIFICS,Banking Specifics,45,1,,
2023-Q2,RT_BANK_NIM,  ‣ Net Interest Margin (NIM),46,2,%,0.0
2023-Q2,RT_BANK_YIEA,  ‣ Yield on Earning Assets (YIEA),47,2,%,0.0
2023-Q2,RT_BANK_COF,  ‣ Cost of Funds (COF),48,2,%,0.0
2023-Q2,RT_BANK_NOII,  ‣ Non Interest Income,49,2,tỷ VNĐ,0.0
2023-Q2,RT_BANK_CIR,  ‣ Cost to Income Ratio (CIR),50,2,%,0.0
2023-Q2,RT_BANK_LOAN_GROWTH,  ‣ Loan Growth,51,2,%,0.0
2023-Q2,RT_BANK_DEPOSIT_GROWTH,  ‣ Deposit Growth,52,2,%,0.0
2023-Q2,RT_BANK_LDR,  ‣ Loan to Deposit Ratio (LDR),53,2,%,0.0
2023-Q2,RT_BANK_NPL,  ‣ Non Performing Loans Ratio (NPL),54,2,%,0.0
2023-Q2,RT_BANK_NPL_COVERAGE,  ‣ NPL Coverage Ratio,55,2,%,0.0
2023-Q2,RT_BANK_PROVISION_TO_LOANS,  ‣ Provision to Loans Ratio,56,2,%,0.0
2023-Q2,RT_BANK_CAR,  ‣ Capital Adequacy Ratio (CAR),57,2,%,
2023-Q2,RT_BANK_CASA,  ‣ CASA Ratio,58,2,%,
2023-Q2,RT_BANK_EQUITY_TO_LOANS,  ‣ Equity to Loans Ratio,59,2,%,0.0
2023-Q2,RT_BANK_LLR_TO_LOANS,  ‣ Loan Loss Reserve to Loans Ratio,60,2,%,0.0
2023-Q1,RT_CAT_INFO_VALUATION,Valuation & Company Information,1,1,,
2023-Q1,RT_VALUE_PE,  ‣ P/E Ratio,2,2,lần,236.4276962683
2023-Q1,RT_VALUE_PB,  ‣ P/B Ratio,3,2,lần,1.6295193838
2023-Q1,RT_VALUE_PS,  ‣ P/S Ratio,4,2,lần,1.2667368601
2023-Q1,RT_VALUE_P_CF,  ‣ P/CF Ratio,5,2,lần,58.1089251294
2023-Q1,RT_VALUE_EV_EBITDA,  ‣ EV/EBITDA,6,2,lần,18.2277943419
2023-Q1,RT_VALUE_DIVIDEND_YIELD,  ‣ Dividend Yield,7,2,%,0.0
2023-Q1,RT_VALUE_MARKET_CAP,  ‣ Market Capitalization,8,2,tỷ VNĐ,156999213900000.0
2023-Q1,RT_VALUE_EPS,  ‣ Basic EPS,9,2,VNĐ,
2023-Q1,RT_VALUE_BETA,  ‣ Beta,10,2,lần,
2023-Q1,RT_VALUE_BVPS,  ‣ Book Value Per Share,11,2,VNĐ,
2023-Q1,RT_VALUE_EBIT,  ‣ EBIT,12,2,tỷ VNĐ,4729362274017.0
2023-Q1,RT_VALUE_EBITDA,  ‣ EBITDA,13,2,tỷ VNĐ,11514341658713.0
2023-Q1,RT_VALUE_EQUITY,  ‣ Owner's Equity,14,2,tỷ VNĐ,0.1068562134
2023-Q1,RT_VALUE_OUTSTANDING_SHARES,  ‣ Outstanding Shares,15,2,cổ phiếu,5814785700.0
2023-Q1,RT_CAT_PROFITABILITY,Profitability & Efficiency,16,1,,
2023-Q1,RT_PRT_ROE,  ‣ ROE %,17,2,%,0.0068088372
2023-Q1,RT_PRT_ROA,  ‣ ROA %,18,2,%,0.0036038325
2023-Q1,RT_PRT_ROIC,  ‣ ROIC %,19,2,%,0.030104682
2023-Q1,RT_PRT_GROSS_MARGIN,  ‣ Gross Profit Margin %,20,2,%,0.0672224064
2023-Q1,RT_PRT_EBIT_MARGIN,  ‣ EBIT Margin %,21,2,%,0.0381585192
2023-Q1,RT_PRT_PRE_TAX_MARGIN,  ‣ Pre Tax Profit Margin %,22,2,%,0.0123679325
2023-Q1,RT_PRT_NET_MARGIN,  ‣ Net Profit Margin %,23,2,%,0.0050131427
2023-Q1,RT_EFF_ATR,  ‣ Asset Turnover,24,2,vòng,0.6726304795
2023-Q1,RT_EFF_FATR,  ‣ Fixed Asset Turnover,25,2,vòng,1.7545126463
2023-Q1,RT_EFF_DSO,  ‣ Days Sales Outstanding,26,2,ngày,11.5084281331
2023-Q1,RT_EFF_DIO,  ‣ Days Inventory Outstanding,27,2,ngày,136.8793676655
2023-Q1,RT_EFF_DPO,  ‣ Days Payable Outstanding,28,2,ngày,53.3517674848
2023-Q1,RT_EFF_CASH_CYCLE,  ‣ Cash Conversion Cycle,29,2,ngày,224.5672024648
2023-Q1,RT_CAT_LIQUIDITY_SAFETY,Liquidity & Financial Safety,30,1,,
2023-Q1,RT_LQD_CR,  ‣ Current Ratio,31,2,lần,1.2579342868
2023-Q1,RT_LQD_QR,  ‣ Quick Ratio,32,2,lần,0.7526685983
2023-Q1,RT_LQD_CASH_RATIO,  ‣ Cash Ratio,33,2,lần,0.1158851114
2023-Q1,RT_ASSETS_CURRENT_DEPOSITS,  ‣ Current Deposits,34,2,tỷ VNĐ,
2023-Q1,RT_ASSETS_DEPOSITS_SPECIAL,  ‣ Special Purpose Deposits,35,2,tỷ VNĐ,
2023-Q1,RT_ASSETS_DEPOSITS_CUSTOMERS,  ‣ Customer Deposits,36,2,tỷ VNĐ,
2023-Q1,RT_ASSETS_MARGIN_DEPOSITS,  ‣ Margin Deposits,37,2,tỷ VNĐ,
2023-Q1,RT_CAT_FINANCIAL_LEVERAGE,Financial Leverage,38,1,,
2023-Q1,RT_LEV_DE,  ‣ Debt to Equity Ratio,39,2,lần,0.8188748849
2023-Q1,RT_LEV_LOAN_EQUITY,  ‣ Loans to Equity Ratio,40,2,lần,0.6289976394
2023-Q1,RT_LEV_DA,  ‣ Debt to Assets Ratio,41,2,lần,
2023-Q1,RT_LEV_FINANCIAL_LEVERAGE,  ‣ Financial Leverage,42,2,lần,0.8188748849
2023-Q1,RT_LEV_EQUITY_TO_LIABILITIES,  ‣ Equity to Liabilities Ratio,43,2,lần,0.0
2023-Q1,RT_LEV_EQUITY_TO_ASSETS,  ‣ Equity to Assets Ratio,44,2,lần,0.0
2023-Q1,RT_CAT_BANKING_SPECIFICS,Banking Specifics,45,1,,
2023-Q1,RT_BANK_NIM,  ‣ Net Interest Margin (NIM),46,2,%,0.0
2023-Q1,RT_BANK_YIEA,  ‣ Yield on Earning Assets (YIEA),47,2,%,0.0
2023-Q1,RT_BANK_COF,  ‣ Cost of Funds (COF),48,2,%,0.0
2023-Q1,RT_BANK_NOII,  ‣ Non Interest Income,49,2,tỷ VNĐ,0.0
2023-Q1,RT_BANK_CIR,  ‣ Cost to Income Ratio (CIR),50,2,%,0.0
2023-Q1,RT_BANK_LOAN_GROWTH,  ‣ Loan Growth,51,2,%,0.0
2023-Q1,RT_BANK_DEPOSIT_GROWTH,  ‣ Deposit Growth,52,2,%,0.0
2023-Q1,RT_BANK_LDR,  ‣ Loan to Deposit Ratio (LDR),53,2,%,0.0
2023-Q1,RT_BANK_NPL,  ‣ Non Performing Loans Ratio (NPL),54,2,%,0.0
2023-Q1,RT_BANK_NPL_COVERAGE,  ‣ NPL Coverage Ratio,55,2,%,0.0
2023-Q1,RT_BANK_PROVISION_TO_LOANS,  ‣ Provision to Loans Ratio,56,2,%,0.0
2023-Q1,RT_BANK_CAR,  ‣ Capital Adequacy Ratio (CAR),57,2,%,
2023-Q1,RT_BANK_CASA,  ‣ CASA Ratio,58,2,%,
2023-Q1,RT_BANK_EQUITY_TO_LOANS,  ‣ Equity to Loans Ratio,59,2,%,0.0
2023-Q1,RT_BANK_LLR_TO_LOANS,  ‣ Loan Loss Reserve to Loans Ratio,60,2,%,0.0
2022-Q4,RT_CAT_INFO_VALUATION,Valuation & Company Information,1,1,,
2022-Q4,RT_VALUE_PE,  ‣ P/E Ratio,2,2,lần,14.1539665614
2022-Q4,RT_VALUE_PB,  ‣ P/B Ratio,3,2,lần,1.2506885186
2022-Q4,RT_VALUE_PS,  ‣ P/S Ratio,4,2,lần,0.8491333059
2022-Q4,RT_VALUE_P_CF,  ‣ P/CF Ratio,5,2,lần,9.7800030958
2022-Q4,RT_VALUE_EV_EBITDA,  ‣ EV/EBITDA,6,2,lần,8.755876512
2022-Q4,RT_VALUE_DIVIDEND_YIELD,  ‣ Dividend Yield,7,2,%,0.0
2022-Q4,RT_VALUE_MARKET_CAP,  ‣ Market Capitalization,8,2,tỷ VNĐ,120075324705000.0
2022-Q4,RT_VALUE_EPS,  ‣ Basic EPS,9,2,VNĐ,
2022-Q4,RT_VALUE_BETA,  ‣ Beta,10,2,lần,
2022-Q4,RT_VALUE_BVPS,  ‣ Book Value Per Share,11,2,VNĐ,
2022-Q4,RT_VALUE_EBIT,  ‣ EBIT,12,2,tỷ VNĐ,13078175872803.0
2022-Q4,RT_VALUE_EBITDA,  ‣ EBITDA,13,2,tỷ VNĐ,19850316769753.0
2022-Q4,RT_VALUE_EQUITY,  ‣ Owner's Equity,14,2,tỷ VNĐ,0.1160265335
2022-Q4,RT_VALUE_OUTSTANDING_SHARES,  ‣ Outstanding Shares,15,2,cổ phiếu,5814785700.0
2022-Q4,RT_CAT_PROFITABILITY,Profitability & Efficiency,16,1,,
2022-Q4,RT_PRT_ROE,  ‣ ROE %,17,2,%,0.090784405
2022-Q4,RT_PRT_ROA,  ‣ ROA %,18,2,%,0.0486758085
2022-Q4,RT_PRT_ROIC,  ‣ ROIC %,19,2,%,0.0849159077
2022-Q4,RT_PRT_GROSS_MARGIN,  ‣ Gross Profit Margin %,20,2,%,0.1185454512
2022-Q4,RT_PRT_EBIT_MARGIN,  ‣ EBIT Margin %,21,2,%,0.0924845695
2022-Q4,RT_PRT_PRE_TAX_MARGIN,  ‣ Pre Tax Profit Margin %,22,2,%,0.0701717845
2022-Q4,RT_PRT_NET_MARGIN,  ‣ Net Profit Margin %,23,2,%,0.0597162321
2022-Q4,RT_EFF_ATR,  ‣ Asset Turnover,24,2,vòng,0.8113634947
2022-Q4,RT_EFF_FATR,  ‣ Fixed Asset Turnover,25,2,vòng,2.01849236
2022-Q4,RT_EFF_DSO,  ‣ Days Sales Outstanding,26,2,ngày,10.2364722264
2022-Q4,RT_EFF_DIO,  ‣ Days Inventory Outstanding,27,2,ngày,114.3460103553
2022-Q4,RT_EFF_DPO,  ‣ Days Payable Outstanding,28,2,ngày,51.0055124563
2022-Q4,RT_EFF_CASH_CYCLE,  ‣ Cash Conversion Cycle,29,2,ngày,185.8535992923
2022-Q4,RT_CAT_LIQUIDITY_SAFETY,Liquidity & Financial Safety,30,1,,
2022-Q4,RT_LQD_CR,  ‣ Current Ratio,31,2,lần,1.2906019798
2022-Q4,RT_LQD_QR,  ‣ Quick Ratio,32,2,lần,0.7377303745
2022-Q4,RT_LQD_CASH_RATIO,  ‣ Cash Ratio,33,2,lần,0.1334381147
2022-Q4,RT_ASSETS_CURRENT_DEPOSITS,  ‣ Current Deposits,34,2,tỷ VNĐ,
2022-Q4,RT_ASSETS_DEPOSITS_SPECIAL,  ‣ Special Purpose Deposits,35,2,tỷ VNĐ,
2022-Q4,RT_ASSETS_DEPOSITS_CUSTOMERS,  ‣ Customer Deposits,36,2,tỷ VNĐ,
2022-Q4,RT_ASSETS_MARGIN_DEPOSITS,  ‣ Margin Deposits,37,2,tỷ VNĐ,
2022-Q4,RT_CAT_FINANCIAL_LEVERAGE,Financial Leverage,38,1,,
2022-Q4,RT_LEV_DE,  ‣ Debt to Equity Ratio,39,2,lần,0.7722433648
2022-Q4,RT_LEV_LOAN_EQUITY,  ‣ Loans to Equity Ratio,40,2,lần,0.6024196309
2022-Q4,RT_LEV_DA,  ‣ Debt to Assets Ratio,41,2,lần,
2022-Q4,RT_LEV_FINANCIAL_LEVERAGE,  ‣ Financial Leverage,42,2,lần,0.7722433648
2022-Q4,RT_LEV_EQUITY_TO_LIABILITIES,  ‣ Equity to Liabilities Ratio,43,2,lần,0.0
2022-Q4,RT_LEV_EQUITY_TO_ASSETS,  ‣ Equity to Assets Ratio,44,2,lần,0.0
2022-Q4,RT_CAT_BANKING_SPECIFICS,Banking Specifics,45,1,,
2022-Q4,RT_BANK_NIM,  ‣ Net Interest Margin (NIM),46,2,%,0.0
2022-Q4,RT_BANK_YIEA,  ‣ Yield on Earning Assets (YIEA),47,2,%,0.0
2022-Q4,RT_BANK_COF,  ‣ Cost of Funds (COF),48,2,%,0.0
2022-Q4,RT_BANK_NOII,  ‣ Non Interest Income,49,2,tỷ VNĐ,0.0
2022-Q4,RT_BANK_CIR,  ‣ Cost to Income Ratio (CIR),50,2,%,0.0
2022-Q4,RT_BANK_LOAN_GROWTH,  ‣ Loan Growth,51,2,%,0.0
2022-Q4,RT_BANK_DEPOSIT_GROWTH,  ‣ Deposit Growth,52,2,%,0.0
2022-Q4,RT_BANK_LDR,  ‣ Loan to Deposit Ratio (LDR),53,2,%,0.0
2022-Q4,RT_BANK_NPL,  ‣ Non Performing Loans Ratio (NPL),54,2,%,0.0
2022-Q4,RT_BANK_NPL_COVERAGE,  ‣ NPL Coverage Ratio,55,2,%,0.0
2022-Q4,RT_BANK_PROVISION_TO_LOANS,  ‣ Provision to Loans Ratio,56,2,%,0.0
2022-Q4,RT_BANK_CAR,  ‣ Capital Adequacy Ratio (CAR),57,2,%,
2022-Q4,RT_BANK_CASA,  ‣ CASA Ratio,58,2,%,
2022-Q4,RT_BANK_EQUITY_TO_LOANS,  ‣ Equity to Loans Ratio,59,2,%,0.0
2022-Q4,RT_BANK_LLR_TO_LOANS,  ‣ Loan Loss Reserve to Loans Ratio,60,2,%,0.0
2022-Q3,RT_CAT_INFO_VALUATION,Valuation & Company Information,1,1,,
2022-Q3,RT_VALUE_PE,  ‣ P/E Ratio,2,2,lần,6.4798190083
2022-Q3,RT_VALUE_PB,  ‣ P/B Ratio,3,2,lần,1.1841679639
2022-Q3,RT_VALUE_PS,  ‣ P/S Ratio,4,2,lần,0.7237000532
2022-Q3,RT_VALUE_P_CF,  ‣ P/CF Ratio,5,2,lần,5.544214743
2022-Q3,RT_VALUE_EV_EBITDA,  ‣ EV/EBITDA,6,2,lần,5.6488378308
2022-Q3,RT_VALUE_DIVIDEND_YIELD,  ‣ Dividend Yield,7,2,%,0.0
2022-Q3,RT_VALUE_MARKET_CAP,  ‣ Market Capitalization,8,2,tỷ VNĐ,116004974715000.0
2022-Q3,RT_VALUE_EPS,  ‣ Basic EPS,9,2,VNĐ,
2022-Q3,RT_VALUE_BETA,  ‣ Beta,10,2,lần,
2022-Q3,RT_VALUE_BVPS,  ‣ Book Value Per Share,11,2,VNĐ,
2022-Q3,RT_VALUE_EBIT,  ‣ EBIT,12,2,tỷ VNĐ,23389551867973.0
2022-Q3,RT_VALUE_EBITDA,  ‣ EBITDA,13,2,tỷ VNĐ,30048051910113.0
2022-Q3,RT_VALUE_EQUITY,  ‣ Owner's Equity,14,2,tỷ VNĐ,0.1287712795
2022-Q3,RT_VALUE_OUTSTANDING_SHARES,  ‣ Outstanding Shares,15,2,cổ phiếu,5814785700.0
2022-Q3,RT_CAT_PROFITABILITY,Profitability & Efficiency,16,1,,
2022-Q3,RT_PRT_ROE,  ‣ ROE %,17,2,%,0.1846908779
2022-Q3,RT_PRT_ROA,  ‣ ROA %,18,2,%,0.0947993752
2022-Q3,RT_PRT_ROIC,  ‣ ROIC %,19,2,%,0.1429886496
2022-Q3,RT_PRT_GROSS_MARGIN,  ‣ Gross Profit Margin %,20,2,%,0.1699130304
2022-Q3,RT_PRT_EBIT_MARGIN,  ‣ EBIT Margin %,21,2,%,0.1459163279
2022-Q3,RT_PRT_PRE_TAX_MARGIN,  ‣ Pre Tax Profit Margin %,22,2,%,0.1250190964
2022-Q3,RT_PRT_NET_MARGIN,  ‣ Net Profit Margin %,23,2,%,0.1114362738
2022-Q3,RT_EFF_ATR,  ‣ Asset Turnover,24,2,vòng,0.8488085511
2022-Q3,RT_EFF_FATR,  ‣ Fixed Asset Turnover,25,2,vòng,2.2795018222
2022-Q3,RT_EFF_DSO,  ‣ Days Sales Outstanding,26,2,ngày,11.0132475656
2022-Q3,RT_EFF_DIO,  ‣ Days Inventory Outstanding,27,2,ngày,127.3438662377
2022-Q3,RT_EFF_DPO,  ‣ Days Payable Outstanding,28,2,ngày,59.3958239413
2022-Q3,RT_EFF_CASH_CYCLE,  ‣ Cash Conversion Cycle,29,2,ngày,211.5645534993
2022-Q3,RT_CAT_LIQUIDITY_SAFETY,Liquidity & Financial Safety,30,1,,
2022-Q3,RT_LQD_CR,  ‣ Current Ratio,31,2,lần,1.3355973438
2022-Q3,RT_LQD_QR,  ‣ Quick Ratio,32,2,lần,0.730600605
2022-Q3,RT_LQD_CASH_RATIO,  ‣ Cash Ratio,33,2,lần,0.1638142546
2022-Q3,RT_ASSETS_CURRENT_DEPOSITS,  ‣ Current Deposits,34,2,tỷ VNĐ,
2022-Q3,RT_ASSETS_DEPOSITS_SPECIAL,  ‣ Special Purpose Deposits,35,2,tỷ VNĐ,
2022-Q3,RT_ASSETS_DEPOSITS_CUSTOMERS,  ‣ Customer Deposits,36,2,tỷ VNĐ,
2022-Q3,RT_ASSETS_MARGIN_DEPOSITS,  ‣ Margin Deposits,37,2,tỷ VNĐ,
2022-Q3,RT_CAT_FINANCIAL_LEVERAGE,Financial Leverage,38,1,,
2022-Q3,RT_LEV_DE,  ‣ Debt to Equity Ratio,39,2,lần,0.8741188486
2022-Q3,RT_LEV_LOAN_EQUITY,  ‣ Loans to Equity Ratio,40,2,lần,0.6678611055
2022-Q3,RT_LEV_DA,  ‣ Debt to Assets Ratio,41,2,lần,
2022-Q3,RT_LEV_FINANCIAL_LEVERAGE,  ‣ Financial Leverage,42,2,lần,0.8741188486
2022-Q3,RT_LEV_EQUITY_TO_LIABILITIES,  ‣ Equity to Liabilities Ratio,43,2,lần,0.0
2022-Q3,RT_LEV_EQUITY_TO_ASSETS,  ‣ Equity to Assets Ratio,44,2,lần,0.0
2022-Q3,RT_CAT_BANKING_SPECIFICS,Banking Specifics,45,1,,
2022-Q3,RT_BANK_NIM,  ‣ Net Interest Margin (NIM),46,2,%,0.0
2022-Q3,RT_BANK_YIEA,  ‣ Yield on Earning Assets (YIEA),47,2,%,0.0
2022-Q3,RT_BANK_COF,  ‣ Cost of Funds (COF),48,2,%,0.0
2022-Q3,RT_BANK_NOII,  ‣ Non Interest Income,49,2,tỷ VNĐ,0.0
2022-Q3,RT_BANK_CIR,  ‣ Cost to Income Ratio (CIR),50,2,%,0.0
2022-Q3,RT_BANK_LOAN_GROWTH,  ‣ Loan Growth,51,2,%,0.0
2022-Q3,RT_BANK_DEPOSIT_GROWTH,  ‣ Deposit Growth,52,2,%,0.0
2022-Q3,RT_BANK_LDR,  ‣ Loan to Deposit Ratio (LDR),53,2,%,0.0
2022-Q3,RT_BANK_NPL,  ‣ Non Performing Loans Ratio (NPL),54,2,%,0.0
2022-Q3,RT_BANK_NPL_COVERAGE,  ‣ NPL Coverage Ratio,55,2,%,0.0
2022-Q3,RT_BANK_PROVISION_TO_LOANS,  ‣ Provision to Loans Ratio,56,2,%,0.0
2022-Q3,RT_BANK_CAR,  ‣ Capital Adequacy Ratio (CAR),57,2,%,
2022-Q3,RT_BANK_CASA,  ‣ CASA Ratio,58,2,%,
2022-Q3,RT_BANK_EQUITY_TO_LOANS,  ‣ Equity to Loans Ratio,59,2,%,0.0
2022-Q3,RT_BANK_LLR_TO_LOANS,  ‣ Loan Loss Reserve to Loans Ratio,60,2,%,0.0
2022-Q2,RT_CAT_INFO_VALUATION,Valuation & Company Information,1,1,,
2022-Q2,RT_VALUE_PE,  ‣ P/E Ratio,2,2,lần,3.7760392015
2022-Q2,RT_VALUE_PB,  ‣ P/B Ratio,3,2,lần,1.1362513721
2022-Q2,RT_VALUE_PS,  ‣ P/S Ratio,4,2,lần,0.6877656579
2022-Q2,RT_VALUE_P_CF,  ‣ P/CF Ratio,5,2,lần,6.9546863149
2022-Q2,RT_VALUE_EV_EBITDA,  ‣ EV/EBITDA,6,2,lần,3.9962817311
2022-Q2,RT_VALUE_DIVIDEND_YIELD,  ‣ Dividend Yield,7,2,%,0.0
2022-Q2,RT_VALUE_MARKET_CAP,  ‣ Market Capitalization,8,2,tỷ VNĐ,113388321150000.0
2022-Q2,RT_VALUE_EPS,  ‣ Basic EPS,9,2,VNĐ,
2022-Q2,RT_VALUE_BETA,  ‣ Beta,10,2,lần,
2022-Q2,RT_VALUE_BVPS,  ‣ Book Value Per Share,11,2,VNĐ,
2022-Q2,RT_VALUE_EBIT,  ‣ EBIT,12,2,tỷ VNĐ,34360421487060.0
2022-Q2,RT_VALUE_EBITDA,  ‣ EBITDA,13,2,tỷ VNĐ,40839396195249.0
2022-Q2,RT_VALUE_EQUITY,  ‣ Owner's Equity,14,2,tỷ VNĐ,0.1345454411
2022-Q2,RT_VALUE_OUTSTANDING_SHARES,  ‣ Outstanding Shares,15,2,cổ phiếu,5814785700.0
2022-Q2,RT_CAT_PROFITABILITY,Profitability & Efficiency,16,1,,
2022-Q2,RT_PRT_ROE,  ‣ ROE %,17,2,%,0.321176953
2022-Q2,RT_PRT_ROA,  ‣ ROA %,18,2,%,0.1609619408
2022-Q2,RT_PRT_ROIC,  ‣ ROIC %,19,2,%,0.2021983997
2022-Q2,RT_PRT_GROSS_MARGIN,  ‣ Gross Profit Margin %,20,2,%,0.2310758031
2022-Q2,RT_PRT_EBIT_MARGIN,  ‣ EBIT Margin %,21,2,%,0.208415802
2022-Q2,RT_PRT_PRE_TAX_MARGIN,  ‣ Pre Tax Profit Margin %,22,2,%,0.1960307126
2022-Q2,RT_PRT_NET_MARGIN,  ‣ Net Profit Margin %,23,2,%,0.1819621606
2022-Q2,RT_EFF_ATR,  ‣ Asset Turnover,24,2,vòng,0.8837292056
2022-Q2,RT_EFF_FATR,  ‣ Fixed Asset Turnover,25,2,vòng,2.3746166543
2022-Q2,RT_EFF_DSO,  ‣ Days Sales Outstanding,26,2,ngày,12.8480340899
2022-Q2,RT_EFF_DIO,  ‣ Days Inventory Outstanding,27,2,ngày,134.5927894495
2022-Q2,RT_EFF_DPO,  ‣ Days Payable Outstanding,28,2,ngày,68.2977052157
2022-Q2,RT_EFF_CASH_CYCLE,  ‣ Cash Conversion Cycle,29,2,ngày,226.8791221124
2022-Q2,RT_CAT_LIQUIDITY_SAFETY,Liquidity & Financial Safety,30,1,,
2022-Q2,RT_LQD_CR,  ‣ Current Ratio,31,2,lần,1.2842132128
2022-Q2,RT_LQD_QR,  ‣ Quick Ratio,32,2,lần,0.6694120719
2022-Q2,RT_LQD_CASH_RATIO,  ‣ Cash Ratio,33,2,lần,0.2171166687
2022-Q2,RT_ASSETS_CURRENT_DEPOSITS,  ‣ Current Deposits,34,2,tỷ VNĐ,
2022-Q2,RT_ASSETS_DEPOSITS_SPECIAL,  ‣ Special Purpose Deposits,35,2,tỷ VNĐ,
2022-Q2,RT_ASSETS_DEPOSITS_CUSTOMERS,  ‣ Customer Deposits,36,2,tỷ VNĐ,
2022-Q2,RT_ASSETS_MARGIN_DEPOSITS,  ‣ Margin Deposits,37,2,tỷ VNĐ,
2022-Q2,RT_CAT_FINANCIAL_LEVERAGE,Financial Leverage,38,1,,
2022-Q2,RT_LEV_DE,  ‣ Debt to Equity Ratio,39,2,lần,1.0767231648
2022-Q2,RT_LEV_LOAN_EQUITY,  ‣ Loans to Equity Ratio,40,2,lần,0.7007807517
2022-Q2,RT_LEV_DA,  ‣ Debt to Assets Ratio,41,2,lần,
2022-Q2,RT_LEV_FINANCIAL_LEVERAGE,  ‣ Financial Leverage,42,2,lần,1.0767231648
2022-Q2,RT_LEV_EQUITY_TO_LIABILITIES,  ‣ Equity to Liabilities Ratio,43,2,lần,0.0
2022-Q2,RT_LEV_EQUITY_TO_ASSETS,  ‣ Equity to Assets Ratio,44,2,lần,0.0
2022-Q2,RT_CAT_BANKING_SPECIFICS,Banking Specifics,45,1,,
2022-Q2,RT_BANK_NIM,  ‣ Net Interest Margin (NIM),46,2,%,0.0
2022-Q2,RT_BANK_YIEA,  ‣ Yield on Earning Assets (YIEA),47,2,%,0.0
2022-Q2,RT_BANK_COF,  ‣ Cost of Funds (COF),48,2,%,0.0
2022-Q2,RT_BANK_NOII,  ‣ Non Interest Income,49,2,tỷ VNĐ,0.0
2022-Q2,RT_BANK_CIR,  ‣ Cost to Income Ratio (CIR),50,2,%,0.0
2022-Q2,RT_BANK_LOAN_GROWTH,  ‣ Loan Growth,51,2,%,0.0
2022-Q2,RT_BANK_DEPOSIT_GROWTH,  ‣ Deposit Growth,52,2,%,0.0
2022-Q2,RT_BANK_LDR,  ‣ Loan to Deposit Ratio (LDR),53,2,%,0.0
2022-Q2,RT_BANK_NPL,  ‣ Non Performing Loans Ratio (NPL),54,2,%,0.0
2022-Q2,RT_BANK_NPL_COVERAGE,  ‣ NPL Coverage Ratio,55,2,%,0.0
2022-Q2,RT_BANK_PROVISION_TO_LOANS,  ‣ Provision to Loans Ratio,56,2,%,0.0
2022-Q2,RT_BANK_CAR,  ‣ Capital Adequacy Ratio (CAR),57,2,%,
2022-Q2,RT_BANK_CASA,  ‣ CASA Ratio,58,2,%,
2022-Q2,RT_BANK_EQUITY_TO_LOANS,  ‣ Equity to Loans Ratio,59,2,%,0.0
2022-Q2,RT_BANK_LLR_TO_LOANS,  ‣ Loan Loss Reserve to Loans Ratio,60,2,%,0.0
2022-Q1,RT_CAT_INFO_VALUATION,Valuation & Company Information,1,1,,
2022-Q1,RT_VALUE_PE,  ‣ P/E Ratio,2,2,lần,3.6304204507
2022-Q1,RT_VALUE_PB,  ‣ P/B Ratio,3,2,lần,1.3122706042
2022-Q1,RT_VALUE_PS,  ‣ P/S Ratio,4,2,lần,0.7976677782
2022-Q1,RT_VALUE_P_CF,  ‣ P/CF Ratio,5,2,lần,3.7848926115
2022-Q1,RT_VALUE_EV_EBITDA,  ‣ EV/EBITDA,6,2,lần,3.742167012
2022-Q1,RT_VALUE_DIVIDEND_YIELD,  ‣ Dividend Yield,7,2,%,0.0
2022-Q1,RT_VALUE_MARKET_CAP,  ‣ Market Capitalization,8,2,tỷ VNĐ,129669721110000.0
2022-Q1,RT_VALUE_EPS,  ‣ Basic EPS,9,2,VNĐ,
2022-Q1,RT_VALUE_BETA,  ‣ Beta,10,2,lần,
2022-Q1,RT_VALUE_BVPS,  ‣ Book Value Per Share,11,2,VNĐ,
2022-Q1,RT_VALUE_EBIT,  ‣ EBIT,12,2,tỷ VNĐ,37664079761085.0
2022-Q1,RT_VALUE_EBITDA,  ‣ EBITDA,13,2,tỷ VNĐ,43746584056502.0
2022-Q1,RT_VALUE_EQUITY,  ‣ Owner's Equity,14,2,tỷ VNĐ,0.1483238513
2022-Q1,RT_VALUE_OUTSTANDING_SHARES,  ‣ Outstanding Shares,15,2,cổ phiếu,5814785700.0
2022-Q1,RT_CAT_PROFITABILITY,Profitability & Efficiency,16,1,,
2022-Q1,RT_PRT_ROE,  ‣ ROE %,17,2,%,0.4597073139
2022-Q1,RT_PRT_ROA,  ‣ ROA %,18,2,%,0.2226207055
2022-Q1,RT_PRT_ROIC,  ‣ ROIC %,19,2,%,0.2544987176
2022-Q1,RT_PRT_GROSS_MARGIN,  ‣ Gross Profit Margin %,20,2,%,0.2746423518
2022-Q1,RT_PRT_EBIT_MARGIN,  ‣ EBIT Margin %,21,2,%,0.2516310303
2022-Q1,RT_PRT_PRE_TAX_MARGIN,  ‣ Pre Tax Profit Margin %,22,2,%,0.2475736886
2022-Q1,RT_PRT_NET_MARGIN,  ‣ Net Profit Margin %,23,2,%,0.2306320375
2022-Q1,RT_EFF_ATR,  ‣ Asset Turnover,24,2,vòng,0.9664621512
2022-Q1,RT_EFF_FATR,  ‣ Fixed Asset Turnover,25,2,vòng,2.220068467
2022-Q1,RT_EFF_DSO,  ‣ Days Sales Outstanding,26,2,ngày,10.8790326842
2022-Q1,RT_EFF_DIO,  ‣ Days Inventory Outstanding,27,2,ngày,115.5522345145
2022-Q1,RT_EFF_DPO,  ‣ Days Payable Outstanding,28,2,ngày,62.6696106349
2022-Q1,RT_EFF_CASH_CYCLE,  ‣ Cash Conversion Cycle,29,2,ngày,190.0568843801
2022-Q1,RT_CAT_LIQUIDITY_SAFETY,Liquidity & Financial Safety,30,1,,
2022-Q1,RT_LQD_CR,  ‣ Current Ratio,31,2,lần,1.2817279677
2022-Q1,RT_LQD_QR,  ‣ Quick Ratio,32,2,lần,0.708152058
2022-Q1,RT_LQD_CASH_RATIO,  ‣ Cash Ratio,33,2,lần,0.3059023256
2022-Q1,RT_ASSETS_CURRENT_DEPOSITS,  ‣ Current Deposits,34,2,tỷ VNĐ,
2022-Q1,RT_ASSETS_DEPOSITS_SPECIAL,  ‣ Special Purpose Deposits,35,2,tỷ VNĐ,
2022-Q1,RT_ASSETS_DEPOSITS_CUSTOMERS,  ‣ Customer Deposits,36,2,tỷ VNĐ,
2022-Q1,RT_ASSETS_MARGIN_DEPOSITS,  ‣ Margin Deposits,37,2,tỷ VNĐ,
2022-Q1,RT_CAT_FINANCIAL_LEVERAGE,Financial Leverage,38,1,,
2022-Q1,RT_LEV_DE,  ‣ Debt to Equity Ratio,39,2,lần,0.9633751294
2022-Q1,RT_LEV_LOAN_EQUITY,  ‣ Loans to Equity Ratio,40,2,lần,0.6302289146
2022-Q1,RT_LEV_DA,  ‣ Debt to Assets Ratio,41,2,lần,
2022-Q1,RT_LEV_FINANCIAL_LEVERAGE,  ‣ Financial Leverage,42,2,lần,0.9633751294
2022-Q1,RT_LEV_EQUITY_TO_LIABILITIES,  ‣ Equity to Liabilities Ratio,43,2,lần,0.0
2022-Q1,RT_LEV_EQUITY_TO_ASSETS,  ‣ Equity to Assets Ratio,44,2,lần,0.0
2022-Q1,RT_CAT_BANKING_SPECIFICS,Banking Specifics,45,1,,
2022-Q1,RT_BANK_NIM,  ‣ Net Interest Margin (NIM),46,2,%,0.0
2022-Q1,RT_BANK_YIEA,  ‣ Yield on Earning Assets (YIEA),47,2,%,0.0
2022-Q1,RT_BANK_COF,  ‣ Cost of Funds (COF),48,2,%,0.0
2022-Q1,RT_BANK_NOII,  ‣ Non Interest Income,49,2,tỷ VNĐ,0.0
2022-Q1,RT_BANK_CIR,  ‣ Cost to Income Ratio (CIR),50,2,%,0.0
2022-Q1,RT_BANK_LOAN_GROWTH,  ‣ Loan Growth,51,2,%,0.0
2022-Q1,RT_BANK_DEPOSIT_GROWTH,  ‣ Deposit Growth,52,2,%,0.0
2022-Q1,RT_BANK_LDR,  ‣ Loan to Deposit Ratio (LDR),53,2,%,0.0
2022-Q1,RT_BANK_NPL,  ‣ Non Performing Loans Ratio (NPL),54,2,%,0.0
2022-Q1,RT_BANK_NPL_COVERAGE,  ‣ NPL Coverage Ratio,55,2,%,0.0
2022-Q1,RT_BANK_PROVISION_TO_LOANS,  ‣ Provision to Loans Ratio,56,2,%,0.0
2022-Q1,RT_BANK_CAR,  ‣ Capital Adequacy Ratio (CAR),57,2,%,
2022-Q1,RT_BANK_CASA,  ‣ CASA Ratio,58,2,%,
2022-Q1,RT_BANK_EQUITY_TO_LOANS,  ‣ Equity to Loans Ratio,59,2,%,0.0
2022-Q1,RT_BANK_LLR_TO_LOANS,  ‣ Loan Loss Reserve to Loans Ratio,60,2,%,0.0
2021-Q4,RT_CAT_INFO_VALUATION,Valuation & Company Information,1,1,,
2021-Q4,RT_VALUE_PE,  ‣ P/E Ratio,2,2,lần,5.6174009157
2021-Q4,RT_VALUE_PB,  ‣ P/B Ratio,3,2,lần,2.1371118881
2021-Q4,RT_VALUE_PS,  ‣ P/S Ratio,4,2,lần,1.2939459175
2021-Q4,RT_VALUE_P_CF,  ‣ P/CF Ratio,5,2,lần,7.2481636751
2021-Q4,RT_VALUE_EV_EBITDA,  ‣ EV/EBITDA,6,2,lần,5.521757244
2021-Q4,RT_VALUE_DIVIDEND_YIELD,  ‣ Dividend Yield,7,2,%,0.0
2021-Q4,RT_VALUE_MARKET_CAP,  ‣ Market Capitalization,8,2,tỷ VNĐ,193677553169800.0
2021-Q4,RT_VALUE_EPS,  ‣ Basic EPS,9,2,VNĐ,
2021-Q4,RT_VALUE_BETA,  ‣ Beta,10,2,lần,
2021-Q4,RT_VALUE_BVPS,  ‣ Book Value Per Share,11,2,VNĐ,
2021-Q4,RT_VALUE_EBIT,  ‣ EBIT,12,2,tỷ VNĐ,35066761177456.0
2021-Q4,RT_VALUE_EBITDA,  ‣ EBITDA,13,2,tỷ VNĐ,40973097690697.0
2021-Q4,RT_VALUE_EQUITY,  ‣ Owner's Equity,14,2,tỷ VNĐ,0.2100293334
2021-Q4,RT_VALUE_OUTSTANDING_SHARES,  ‣ Outstanding Shares,15,2,cổ phiếu,4472922706.0
2021-Q4,RT_CAT_PROFITABILITY,Profitability & Efficiency,16,1,,
2021-Q4,RT_PRT_ROE,  ‣ ROE %,17,2,%,0.4467085831
2021-Q4,RT_PRT_ROA,  ‣ ROA %,18,2,%,0.2095297605
2021-Q4,RT_PRT_ROIC,  ‣ ROIC %,19,2,%,0.2411855323
2021-Q4,RT_PRT_GROSS_MARGIN,  ‣ Gross Profit Margin %,20,2,%,0.2890177201
2021-Q4,RT_PRT_EBIT_MARGIN,  ‣ EBIT Margin %,21,2,%,0.2682029142
2021-Q4,RT_PRT_PRE_TAX_MARGIN,  ‣ Pre Tax Profit Margin %,22,2,%,0.2627107062
2021-Q4,RT_PRT_NET_MARGIN,  ‣ Net Profit Margin %,23,2,%,0.2429290513
2021-Q4,RT_EFF_ATR,  ‣ Asset Turnover,24,2,vòng,0.8645208074
2021-Q4,RT_EFF_FATR,  ‣ Fixed Asset Turnover,25,2,vòng,1.9442221737
2021-Q4,RT_EFF_DSO,  ‣ Days Sales Outstanding,26,2,ngày,14.8092722032
2021-Q4,RT_EFF_DIO,  ‣ Days Inventory Outstanding,27,2,ngày,137.5853374291
2021-Q4,RT_EFF_DPO,  ‣ Days Payable Outstanding,28,2,ngày,73.6926569817
2021-Q4,RT_EFF_CASH_CYCLE,  ‣ Cash Conversion Cycle,29,2,ngày,226.9992767346
2021-Q4,RT_CAT_LIQUIDITY_SAFETY,Liquidity & Financial Safety,30,1,,
2021-Q4,RT_LQD_CR,  ‣ Current Ratio,31,2,lần,1.332836312
2021-Q4,RT_LQD_QR,  ‣ Quick Ratio,32,2,lần,0.6938194969
2021-Q4,RT_LQD_CASH_RATIO,  ‣ Cash Ratio,33,2,lần,0.1857958208
2021-Q4,RT_ASSETS_CURRENT_DEPOSITS,  ‣ Current Deposits,34,2,tỷ VNĐ,
2021-Q4,RT_ASSETS_DEPOSITS_SPECIAL,  ‣ Special Purpose Deposits,35,2,tỷ VNĐ,
2021-Q4,RT_ASSETS_DEPOSITS_CUSTOMERS,  ‣ Customer Deposits,36,2,tỷ VNĐ,
2021-Q4,RT_ASSETS_MARGIN_DEPOSITS,  ‣ Margin Deposits,37,2,tỷ VNĐ,
2021-Q4,RT_CAT_FINANCIAL_LEVERAGE,Financial Leverage,38,1,,
2021-Q4,RT_LEV_DE,  ‣ Debt to Equity Ratio,39,2,lần,1.0710567152
2021-Q4,RT_LEV_LOAN_EQUITY,  ‣ Loans to Equity Ratio,40,2,lần,0.7241876505
2021-Q4,RT_LEV_DA,  ‣ Debt to Assets Ratio,41,2,lần,
2021-Q4,RT_LEV_FINANCIAL_LEVERAGE,  ‣ Financial Leverage,42,2,lần,1.0710567152
2021-Q4,RT_LEV_EQUITY_TO_LIABILITIES,  ‣ Equity to Liabilities Ratio,43,2,lần,0.0
2021-Q4,RT_LEV_EQUITY_TO_ASSETS,  ‣ Equity to Assets Ratio,44,2,lần,0.0
2021-Q4,RT_CAT_BANKING_SPECIFICS,Banking Specifics,45,1,,
2021-Q4,RT_BANK_NIM,  ‣ Net Interest Margin (NIM),46,2,%,0.0
2021-Q4,RT_BANK_YIEA,  ‣ Yield on Earning Assets (YIEA),47,2,%,0.0
2021-Q4,RT_BANK_COF,  ‣ Cost of Funds (COF),48,2,%,0.0
2021-Q4,RT_BANK_NOII,  ‣ Non Interest Income,49,2,tỷ VNĐ,0.0
2021-Q4,RT_BANK_CIR,  ‣ Cost to Income Ratio (CIR),50,2,%,0.0
2021-Q4,RT_BANK_LOAN_GROWTH,  ‣ Loan Growth,51,2,%,0.0
2021-Q4,RT_BANK_DEPOSIT_GROWTH,  ‣ Deposit Growth,52,2,%,0.0
2021-Q4,RT_BANK_LDR,  ‣ Loan to Deposit Ratio (LDR),53,2,%,0.0
2021-Q4,RT_BANK_NPL,  ‣ Non Performing Loans Ratio (NPL),54,2,%,0.0
2021-Q4,RT_BANK_NPL_COVERAGE,  ‣ NPL Coverage Ratio,55,2,%,0.0
2021-Q4,RT_BANK_PROVISION_TO_LOANS,  ‣ Provision to Loans Ratio,56,2,%,0.0
2021-Q4,RT_BANK_CAR,  ‣ Capital Adequacy Ratio (CAR),57,2,%,
2021-Q4,RT_BANK_CASA,  ‣ CASA Ratio,58,2,%,
2021-Q4,RT_BANK_EQUITY_TO_LOANS,  ‣ Equity to Loans Ratio,59,2,%,0.0
2021-Q4,RT_BANK_LLR_TO_LOANS,  ‣ Loan Loss Reserve to Loans Ratio,60,2,%,0.0
2021-Q3,RT_CAT_INFO_VALUATION,Valuation & Company Information,1,1,,
2021-Q3,RT_VALUE_PE,  ‣ P/E Ratio,2,2,lần,6.2107155712
2021-Q3,RT_VALUE_PB,  ‣ P/B Ratio,3,2,lần,2.3391624772
2021-Q3,RT_VALUE_PS,  ‣ P/S Ratio,4,2,lần,1.5052613368
2021-Q3,RT_VALUE_P_CF,  ‣ P/CF Ratio,5,2,lần,14.7464044353
2021-Q3,RT_VALUE_EV_EBITDA,  ‣ EV/EBITDA,6,2,lần,5.9719444489
2021-Q3,RT_VALUE_DIVIDEND_YIELD,  ‣ Dividend Yield,7,2,%,0.0
2021-Q3,RT_VALUE_MARKET_CAP,  ‣ Market Capitalization,8,2,tỷ VNĐ,196808599064000.0
2021-Q3,RT_VALUE_EPS,  ‣ Basic EPS,9,2,VNĐ,
2021-Q3,RT_VALUE_BETA,  ‣ Beta,10,2,lần,
2021-Q3,RT_VALUE_BVPS,  ‣ Book Value Per Share,11,2,VNĐ,
2021-Q3,RT_VALUE_EBIT,  ‣ EBIT,12,2,tỷ VNĐ,35066761177456.0
2021-Q3,RT_VALUE_EBITDA,  ‣ EBITDA,13,2,tỷ VNĐ,40973097690697.0
2021-Q3,RT_VALUE_EQUITY,  ‣ Owner's Equity,14,2,tỷ VNĐ,0.2100293334
2021-Q3,RT_VALUE_OUTSTANDING_SHARES,  ‣ Outstanding Shares,15,2,cổ phiếu,4472922706.0
2021-Q3,RT_CAT_PROFITABILITY,Profitability & Efficiency,16,1,,
2021-Q3,RT_PRT_ROE,  ‣ ROE %,17,2,%,0.4467085831
2021-Q3,RT_PRT_ROA,  ‣ ROA %,18,2,%,0.2095297605
2021-Q3,RT_PRT_ROIC,  ‣ ROIC %,19,2,%,0.2411855323
2021-Q3,RT_PRT_GROSS_MARGIN,  ‣ Gross Profit Margin %,20,2,%,0.2890177201
2021-Q3,RT_PRT_EBIT_MARGIN,  ‣ EBIT Margin %,21,2,%,0.2682029142
2021-Q3,RT_PRT_PRE_TAX_MARGIN,  ‣ Pre Tax Profit Margin %,22,2,%,0.2627107062
2021-Q3,RT_PRT_NET_MARGIN,  ‣ Net Profit Margin %,23,2,%,0.2429290513
2021-Q3,RT_EFF_ATR,  ‣ Asset Turnover,24,2,vòng,0.8645208074
2021-Q3,RT_EFF_FATR,  ‣ Fixed Asset Turnover,25,2,vòng,1.9442221737
2021-Q3,RT_EFF_DSO,  ‣ Days Sales Outstanding,26,2,ngày,14.8092722032
2021-Q3,RT_EFF_DIO,  ‣ Days Inventory Outstanding,27,2,ngày,137.5853374291
2021-Q3,RT_EFF_DPO,  ‣ Days Payable Outstanding,28,2,ngày,73.6926569817
2021-Q3,RT_EFF_CASH_CYCLE,  ‣ Cash Conversion Cycle,29,2,ngày,226.9992767346
2021-Q3,RT_CAT_LIQUIDITY_SAFETY,Liquidity & Financial Safety,30,1,,
2021-Q3,RT_LQD_CR,  ‣ Current Ratio,31,2,lần,1.332836312
2021-Q3,RT_LQD_QR,  ‣ Quick Ratio,32,2,lần,0.6938194969
2021-Q3,RT_LQD_CASH_RATIO,  ‣ Cash Ratio,33,2,lần,0.1857958208
2021-Q3,RT_ASSETS_CURRENT_DEPOSITS,  ‣ Current Deposits,34,2,tỷ VNĐ,
2021-Q3,RT_ASSETS_DEPOSITS_SPECIAL,  ‣ Special Purpose Deposits,35,2,tỷ VNĐ,
2021-Q3,RT_ASSETS_DEPOSITS_CUSTOMERS,  ‣ Customer Deposits,36,2,tỷ VNĐ,
2021-Q3,RT_ASSETS_MARGIN_DEPOSITS,  ‣ Margin Deposits,37,2,tỷ VNĐ,
2021-Q3,RT_CAT_FINANCIAL_LEVERAGE,Financial Leverage,38,1,,
2021-Q3,RT_LEV_DE,  ‣ Debt to Equity Ratio,39,2,lần,1.0710567152
2021-Q3,RT_LEV_LOAN_EQUITY,  ‣ Loans to Equity Ratio,40,2,lần,0.7241876505
2021-Q3,RT_LEV_DA,  ‣ Debt to Assets Ratio,41,2,lần,
2021-Q3,RT_LEV_FINANCIAL_LEVERAGE,  ‣ Financial Leverage,42,2,lần,1.0710567152
2021-Q3,RT_LEV_EQUITY_TO_LIABILITIES,  ‣ Equity to Liabilities Ratio,43,2,lần,0.0
2021-Q3,RT_LEV_EQUITY_TO_ASSETS,  ‣ Equity to Assets Ratio,44,2,lần,0.0
2021-Q3,RT_CAT_BANKING_SPECIFICS,Banking Specifics,45,1,,
2021-Q3,RT_BANK_NIM,  ‣ Net Interest Margin (NIM),46,2,%,0.0
2021-Q3,RT_BANK_YIEA,  ‣ Yield on Earning Assets (YIEA),47,2,%,0.0
2021-Q3,RT_BANK_COF,  ‣ Cost of Funds (COF),48,2,%,0.0
2021-Q3,RT_BANK_NOII,  ‣ Non Interest Income,49,2,tỷ VNĐ,0.0
2021-Q3,RT_BANK_CIR,  ‣ Cost to Income Ratio (CIR),50,2,%,0.0
2021-Q3,RT_BANK_LOAN_GROWTH,  ‣ Loan Growth,51,2,%,0.0
2021-Q3,RT_BANK_DEPOSIT_GROWTH,  ‣ Deposit Growth,52,2,%,0.0
2021-Q3,RT_BANK_LDR,  ‣ Loan to Deposit Ratio (LDR),53,2,%,0.0
2021-Q3,RT_BANK_NPL,  ‣ Non Performing Loans Ratio (NPL),54,2,%,0.0
2021-Q3,RT_BANK_NPL_COVERAGE,  ‣ NPL Coverage Ratio,55,2,%,0.0
2021-Q3,RT_BANK_PROVISION_TO_LOANS,  ‣ Provision to Loans Ratio,56,2,%,0.0
2021-Q3,RT_BANK_CAR,  ‣ Capital Adequacy Ratio (CAR),57,2,%,
2021-Q3,RT_BANK_CASA,  ‣ CASA Ratio,58,2,%,
2021-Q3,RT_BANK_EQUITY_TO_LOANS,  ‣ Equity to Loans Ratio,59,2,%,0.0
2021-Q3,RT_BANK_LLR_TO_LOANS,  ‣ Loan Loss Reserve to Loans Ratio,60,2,%,0.0
2021-Q1,RT_CAT_INFO_VALUATION,Valuation & Company Information,1,1,,
2021-Q1,RT_VALUE_PE,  ‣ P/E Ratio,2,2,lần,11.0892121977
2021-Q1,RT_VALUE_PB,  ‣ P/B Ratio,3,2,lần,3.0443254824
2021-Q1,RT_VALUE_PS,  ‣ P/S Ratio,4,2,lần,1.9699445106
2021-Q1,RT_VALUE_P_CF,  ‣ P/CF Ratio,5,2,lần,20.3443203276
2021-Q1,RT_VALUE_EV_EBITDA,  ‣ EV/EBITDA,6,2,lần,9.1641182881
2021-Q1,RT_VALUE_DIVIDEND_YIELD,  ‣ Dividend Yield,7,2,%,0.0
2021-Q1,RT_VALUE_MARKET_CAP,  ‣ Market Capitalization,8,2,tỷ VNĐ,201057875634700.0
2021-Q1,RT_VALUE_EPS,  ‣ Basic EPS,9,2,VNĐ,
2021-Q1,RT_VALUE_BETA,  ‣ Beta,10,2,lần,
2021-Q1,RT_VALUE_BVPS,  ‣ Book Value Per Share,11,2,VNĐ,
2021-Q1,RT_VALUE_EBIT,  ‣ EBIT,12,2,tỷ VNĐ,21330594365440.0
2021-Q1,RT_VALUE_EBITDA,  ‣ EBITDA,13,2,tỷ VNĐ,26492207628288.0
2021-Q1,RT_VALUE_EQUITY,  ‣ Owner's Equity,14,2,tỷ VNĐ,0.2758622169494629
2021-Q1,RT_VALUE_OUTSTANDING_SHARES,  ‣ Outstanding Shares,15,2,cổ phiếu,4472922706.0
2021-Q1,RT_CAT_PROFITABILITY,Profitability & Efficiency,16,1,,
2021-Q1,RT_PRT_ROE,  ‣ ROE %,17,2,%,0.3112485408782959
2021-Q1,RT_PRT_ROA,  ‣ ROA %,18,2,%,0.14487075805664062
2021-Q1,RT_PRT_ROIC,  ‣ ROIC %,19,2,%,0.1751539558172226
2021-Q1,RT_PRT_GROSS_MARGIN,  ‣ Gross Profit Margin %,20,2,%,0.22853446006774902
2021-Q1,RT_PRT_EBIT_MARGIN,  ‣ EBIT Margin %,21,2,%,0.20899498462677002
2021-Q1,RT_PRT_PRE_TAX_MARGIN,  ‣ Pre Tax Profit Margin %,22,2,%,0.1997600793838501
2021-Q1,RT_PRT_NET_MARGIN,  ‣ Net Profit Margin %,23,2,%,0.17838998138904572
2021-Q1,RT_EFF_ATR,  ‣ Asset Turnover,24,2,vòng,0.8155064582824707
2021-Q1,RT_EFF_FATR,  ‣ Fixed Asset Turnover,25,2,vòng,1.7615233659744263
2021-Q1,RT_EFF_DSO,  ‣ Days Sales Outstanding,26,2,ngày,15.09799575805664
2021-Q1,RT_EFF_DIO,  ‣ Days Inventory Outstanding,27,2,ngày,111.45155334472656
2021-Q1,RT_EFF_DPO,  ‣ Days Payable Outstanding,28,2,ngày,62.23278045654297
2021-Q1,RT_EFF_CASH_CYCLE,  ‣ Cash Conversion Cycle,29,2,ngày,177.6826171875
2021-Q1,RT_CAT_LIQUIDITY_SAFETY,Liquidity & Financial Safety,30,1,,
2021-Q1,RT_LQD_CR,  ‣ Current Ratio,31,2,lần,1.2415164709091187
2021-Q1,RT_LQD_QR,  ‣ Quick Ratio,32,2,lần,0.7027129530906677
2021-Q1,RT_LQD_CASH_RATIO,  ‣ Cash Ratio,33,2,lần,0.2721848487854004
2021-Q1,RT_ASSETS_CURRENT_DEPOSITS,  ‣ Current Deposits,34,2,tỷ VNĐ,
2021-Q1,RT_ASSETS_DEPOSITS_SPECIAL,  ‣ Special Purpose Deposits,35,2,tỷ VNĐ,
2021-Q1,RT_ASSETS_DEPOSITS_CUSTOMERS,  ‣ Customer Deposits,36,2,tỷ VNĐ,
2021-Q1,RT_ASSETS_MARGIN_DEPOSITS,  ‣ Margin Deposits,37,2,tỷ VNĐ,
2021-Q1,RT_CAT_FINANCIAL_LEVERAGE,Financial Leverage,38,1,,
2021-Q1,RT_LEV_DE,  ‣ Debt to Equity Ratio,39,2,lần,1.0987465381622314
2021-Q1,RT_LEV_LOAN_EQUITY,  ‣ Loans to Equity Ratio,40,2,lần,0.8390078544616699
2021-Q1,RT_LEV_DA,  ‣ Debt to Assets Ratio,41,2,lần,
2021-Q1,RT_LEV_FINANCIAL_LEVERAGE,  ‣ Financial Leverage,42,2,lần,1.0987465381622314
2021-Q1,RT_LEV_EQUITY_TO_LIABILITIES,  ‣ Equity to Liabilities Ratio,43,2,lần,0.0
2021-Q1,RT_LEV_EQUITY_TO_ASSETS,  ‣ Equity to Assets Ratio,44,2,lần,0.0
2021-Q1,RT_CAT_BANKING_SPECIFICS,Banking Specifics,45,1,,
2021-Q1,RT_BANK_NIM,  ‣ Net Interest Margin (NIM),46,2,%,0.0
2021-Q1,RT_BANK_YIEA,  ‣ Yield on Earning Assets (YIEA),47,2,%,0.0
2021-Q1,RT_BANK_COF,  ‣ Cost of Funds (COF),48,2,%,0.0
2021-Q1,RT_BANK_NOII,  ‣ Non Interest Income,49,2,tỷ VNĐ,0.0
2021-Q1,RT_BANK_CIR,  ‣ Cost to Income Ratio (CIR),50,2,%,0.0
2021-Q1,RT_BANK_LOAN_GROWTH,  ‣ Loan Growth,51,2,%,0.0
2021-Q1,RT_BANK_DEPOSIT_GROWTH,  ‣ Deposit Growth,52,2,%,0.0
2021-Q1,RT_BANK_LDR,  ‣ Loan to Deposit Ratio (LDR),53,2,%,0.0
2021-Q1,RT_BANK_NPL,  ‣ Non Performing Loans Ratio (NPL),54,2,%,0.0
2021-Q1,RT_BANK_NPL_COVERAGE,  ‣ NPL Coverage Ratio,55,2,%,0.0
2021-Q1,RT_BANK_PROVISION_TO_LOANS,  ‣ Provision to Loans Ratio,56,2,%,0.0
2021-Q1,RT_BANK_CAR,  ‣ Capital Adequacy Ratio (CAR),57,2,%,
2021-Q1,RT_BANK_CASA,  ‣ CASA Ratio,58,2,%,
2021-Q1,RT_BANK_EQUITY_TO_LOANS,  ‣ Equity to Loans Ratio,59,2,%,0.0
2021-Q1,RT_BANK_LLR_TO_LOANS,  ‣ Loan Loss Reserve to Loans Ratio,60,2,%,0.0
2020-Q4,RT_CAT_INFO_VALUATION,Valuation & Company Information,1,1,,
2020-Q4,RT_VALUE_PE,  ‣ P/E Ratio,2,2,lần,13.5730707712
2020-Q4,RT_VALUE_PB,  ‣ P/B Ratio,3,2,lần,3.0905478502
2020-Q4,RT_VALUE_PS,  ‣ P/S Ratio,4,2,lần,2.0257978947
2020-Q4,RT_VALUE_P_CF,  ‣ P/CF Ratio,5,2,lần,15.7554101173
2020-Q4,RT_VALUE_EV_EBITDA,  ‣ EV/EBITDA,6,2,lần,10.1546643121
2020-Q4,RT_VALUE_DIVIDEND_YIELD,  ‣ Dividend Yield,7,2,%,0.0
2020-Q4,RT_VALUE_MARKET_CAP,  ‣ Market Capitalization,8,2,tỷ VNĐ,182561874510900.0
2020-Q4,RT_VALUE_EPS,  ‣ Basic EPS,9,2,VNĐ,
2020-Q4,RT_VALUE_BETA,  ‣ Beta,10,2,lần,
2020-Q4,RT_VALUE_BVPS,  ‣ Book Value Per Share,11,2,VNĐ,
2020-Q4,RT_VALUE_EBIT,  ‣ EBIT,12,2,tỷ VNĐ,17122955841546.0
2020-Q4,RT_VALUE_EBITDA,  ‣ EBITDA,13,2,tỷ VNĐ,21898737562815.0
2020-Q4,RT_VALUE_EQUITY,  ‣ Owner's Equity,14,2,tỷ VNĐ,0.2928623798
2020-Q4,RT_VALUE_OUTSTANDING_SHARES,  ‣ Outstanding Shares,15,2,cổ phiếu,3313282659.0
2020-Q4,RT_CAT_PROFITABILITY,Profitability & Efficiency,16,1,,
2020-Q4,RT_PRT_ROE,  ‣ ROE %,17,2,%,0.2513923883
2020-Q4,RT_PRT_ROA,  ‣ ROA %,18,2,%,0.1153109541
2020-Q4,RT_PRT_ROIC,  ‣ ROIC %,19,2,%,0.1510473654
2020-Q4,RT_PRT_GROSS_MARGIN,  ‣ Gross Profit Margin %,20,2,%,0.2097687954
2020-Q4,RT_PRT_EBIT_MARGIN,  ‣ EBIT Margin %,21,2,%,0.1900048846
2020-Q4,RT_PRT_PRE_TAX_MARGIN,  ‣ Pre Tax Profit Margin %,22,2,%,0.1704085866
2020-Q4,RT_PRT_NET_MARGIN,  ‣ Net Profit Margin %,23,2,%,0.1498711535
2020-Q4,RT_EFF_ATR,  ‣ Asset Turnover,24,2,vòng,0.7725961926
2020-Q4,RT_EFF_FATR,  ‣ Fixed Asset Turnover,25,2,vòng,1.8617380829
2020-Q4,RT_EFF_DSO,  ‣ Days Sales Outstanding,26,2,ngày,13.4658243028
2020-Q4,RT_EFF_DIO,  ‣ Days Inventory Outstanding,27,2,ngày,117.5092917059
2020-Q4,RT_EFF_DPO,  ‣ Days Payable Outstanding,28,2,ngày,71.0207126012
2020-Q4,RT_EFF_CASH_CYCLE,  ‣ Cash Conversion Cycle,29,2,ngày,183.9391274658
2020-Q4,RT_CAT_LIQUIDITY_SAFETY,Liquidity & Financial Safety,30,1,,
2020-Q4,RT_LQD_CR,  ‣ Current Ratio,31,2,lần,1.0918137717
2020-Q4,RT_LQD_QR,  ‣ Quick Ratio,32,2,lần,0.5860569222
2020-Q4,RT_LQD_CASH_RATIO,  ‣ Cash Ratio,33,2,lần,0.2635121116
2020-Q4,RT_ASSETS_CURRENT_DEPOSITS,  ‣ Current Deposits,34,2,tỷ VNĐ,
2020-Q4,RT_ASSETS_DEPOSITS_SPECIAL,  ‣ Special Purpose Deposits,35,2,tỷ VNĐ,
2020-Q4,RT_ASSETS_DEPOSITS_CUSTOMERS,  ‣ Customer Deposits,36,2,tỷ VNĐ,
2020-Q4,RT_ASSETS_MARGIN_DEPOSITS,  ‣ Margin Deposits,37,2,tỷ VNĐ,
2020-Q4,RT_CAT_FINANCIAL_LEVERAGE,Financial Leverage,38,1,,
2020-Q4,RT_LEV_DE,  ‣ Debt to Equity Ratio,39,2,lần,1.2207347002
2020-Q4,RT_LEV_LOAN_EQUITY,  ‣ Loans to Equity Ratio,40,2,lần,0.9142503984
2020-Q4,RT_LEV_DA,  ‣ Debt to Assets Ratio,41,2,lần,
2020-Q4,RT_LEV_FINANCIAL_LEVERAGE,  ‣ Financial Leverage,42,2,lần,1.2207347002
2020-Q4,RT_LEV_EQUITY_TO_LIABILITIES,  ‣ Equity to Liabilities Ratio,43,2,lần,0.0
2020-Q4,RT_LEV_EQUITY_TO_ASSETS,  ‣ Equity to Assets Ratio,44,2,lần,0.0
2020-Q4,RT_CAT_BANKING_SPECIFICS,Banking Specifics,45,1,,
2020-Q4,RT_BANK_NIM,  ‣ Net Interest Margin (NIM),46,2,%,0.0
2020-Q4,RT_BANK_YIEA,  ‣ Yield on Earning Assets (YIEA),47,2,%,0.0
2020-Q4,RT_BANK_COF,  ‣ Cost of Funds (COF),48,2,%,0.0
2020-Q4,RT_BANK_NOII,  ‣ Non Interest Income,49,2,tỷ VNĐ,0.0
2020-Q4,RT_BANK_CIR,  ‣ Cost to Income Ratio (CIR),50,2,%,0.0
2020-Q4,RT_BANK_LOAN_GROWTH,  ‣ Loan Growth,51,2,%,0.0
2020-Q4,RT_BANK_DEPOSIT_GROWTH,  ‣ Deposit Growth,52,2,%,0.0
2020-Q4,RT_BANK_LDR,  ‣ Loan to Deposit Ratio (LDR),53,2,%,0.0
2020-Q4,RT_BANK_NPL,  ‣ Non Performing Loans Ratio (NPL),54,2,%,0.0
2020-Q4,RT_BANK_NPL_COVERAGE,  ‣ NPL Coverage Ratio,55,2,%,0.0
2020-Q4,RT_BANK_PROVISION_TO_LOANS,  ‣ Provision to Loans Ratio,56,2,%,0.0
2020-Q4,RT_BANK_CAR,  ‣ Capital Adequacy Ratio (CAR),57,2,%,
2020-Q4,RT_BANK_CASA,  ‣ CASA Ratio,58,2,%,
2020-Q4,RT_BANK_EQUITY_TO_LOANS,  ‣ Equity to Loans Ratio,59,2,%,0.0
2020-Q4,RT_BANK_LLR_TO_LOANS,  ‣ Loan Loss Reserve to Loans Ratio,60,2,%,0.0
2020-Q3,RT_CAT_INFO_VALUATION,Valuation & Company Information,1,1,,
2020-Q3,RT_VALUE_PE,  ‣ P/E Ratio,2,2,lần,12.1027346959
2020-Q3,RT_VALUE_PB,  ‣ P/B Ratio,3,2,lần,2.3671535359
2020-Q3,RT_VALUE_PS,  ‣ P/S Ratio,4,2,lần,1.575822084
2020-Q3,RT_VALUE_P_CF,  ‣ P/CF Ratio,5,2,lần,8.249550735
2020-Q3,RT_VALUE_EV_EBITDA,  ‣ EV/EBITDA,6,2,lần,9.4047987629
2020-Q3,RT_VALUE_DIVIDEND_YIELD,  ‣ Dividend Yield,7,2,%,0.0
2020-Q3,RT_VALUE_MARKET_CAP,  ‣ Market Capitalization,8,2,tỷ VNĐ,129715016099850.0
2020-Q3,RT_VALUE_EPS,  ‣ Basic EPS,9,2,VNĐ,
2020-Q3,RT_VALUE_BETA,  ‣ Beta,10,2,lần,
2020-Q3,RT_VALUE_BVPS,  ‣ Book Value Per Share,11,2,VNĐ,
2020-Q3,RT_VALUE_EBIT,  ‣ EBIT,12,2,tỷ VNĐ,13810099428294.0
2020-Q3,RT_VALUE_EBITDA,  ‣ EBITDA,13,2,tỷ VNĐ,18025635069060.0
2020-Q3,RT_VALUE_EQUITY,  ‣ Owner's Equity,14,2,tỷ VNĐ,0.3865358824
2020-Q3,RT_VALUE_OUTSTANDING_SHARES,  ‣ Outstanding Shares,15,2,cổ phiếu,3313282659.0
2020-Q3,RT_CAT_PROFITABILITY,Profitability & Efficiency,16,1,,
2020-Q3,RT_PRT_ROE,  ‣ ROE %,17,2,%,0.2087017208
2020-Q3,RT_PRT_ROA,  ‣ ROA %,18,2,%,0.0976531586
2020-Q3,RT_PRT_ROIC,  ‣ ROIC %,19,2,%,0.1377718687
2020-Q3,RT_PRT_GROSS_MARGIN,  ‣ Gross Profit Margin %,20,2,%,0.1879749856
2020-Q3,RT_PRT_EBIT_MARGIN,  ‣ EBIT Margin %,21,2,%,0.1677697796
2020-Q3,RT_PRT_PRE_TAX_MARGIN,  ‣ Pre Tax Profit Margin %,22,2,%,0.1495421855
2020-Q3,RT_PRT_NET_MARGIN,  ‣ Net Profit Margin %,23,2,%,0.1308232473
2020-Q3,RT_EFF_ATR,  ‣ Asset Turnover,24,2,vòng,0.7500023529
2020-Q3,RT_EFF_FATR,  ‣ Fixed Asset Turnover,25,2,vòng,1.8723515794
2020-Q3,RT_EFF_DSO,  ‣ Days Sales Outstanding,26,2,ngày,15.3574705751
2020-Q3,RT_EFF_DIO,  ‣ Days Inventory Outstanding,27,2,ngày,110.6748464052
2020-Q3,RT_EFF_DPO,  ‣ Days Payable Outstanding,28,2,ngày,72.5217073928
2020-Q3,RT_EFF_CASH_CYCLE,  ‣ Cash Conversion Cycle,29,2,ngày,171.4614417447
2020-Q3,RT_CAT_LIQUIDITY_SAFETY,Liquidity & Financial Safety,30,1,,
2020-Q3,RT_LQD_CR,  ‣ Current Ratio,31,2,lần,1.2046764102
2020-Q3,RT_LQD_QR,  ‣ Quick Ratio,32,2,lần,0.6212581242
2020-Q3,RT_LQD_CASH_RATIO,  ‣ Cash Ratio,33,2,lần,0.156525382
2020-Q3,RT_ASSETS_CURRENT_DEPOSITS,  ‣ Current Deposits,34,2,tỷ VNĐ,
2020-Q3,RT_ASSETS_DEPOSITS_SPECIAL,  ‣ Special Purpose Deposits,35,2,tỷ VNĐ,
2020-Q3,RT_ASSETS_DEPOSITS_CUSTOMERS,  ‣ Customer Deposits,36,2,tỷ VNĐ,
2020-Q3,RT_ASSETS_MARGIN_DEPOSITS,  ‣ Margin Deposits,37,2,tỷ VNĐ,
2020-Q3,RT_CAT_FINANCIAL_LEVERAGE,Financial Leverage,38,1,,
2020-Q3,RT_LEV_DE,  ‣ Debt to Equity Ratio,39,2,lần,1.1363537432
2020-Q3,RT_LEV_LOAN_EQUITY,  ‣ Loans to Equity Ratio,40,2,lần,0.822947201
2020-Q3,RT_LEV_DA,  ‣ Debt to Assets Ratio,41,2,lần,
2020-Q3,RT_LEV_FINANCIAL_LEVERAGE,  ‣ Financial Leverage,42,2,lần,1.1363537432
2020-Q3,RT_LEV_EQUITY_TO_LIABILITIES,  ‣ Equity to Liabilities Ratio,43,2,lần,0.0
2020-Q3,RT_LEV_EQUITY_TO_ASSETS,  ‣ Equity to Assets Ratio,44,2,lần,0.0
2020-Q3,RT_CAT_BANKING_SPECIFICS,Banking Specifics,45,1,,
2020-Q3,RT_BANK_NIM,  ‣ Net Interest Margin (NIM),46,2,%,0.0
2020-Q3,RT_BANK_YIEA,  ‣ Yield on Earning Assets (YIEA),47,2,%,0.0
2020-Q3,RT_BANK_COF,  ‣ Cost of Funds (COF),48,2,%,0.0
2020-Q3,RT_BANK_NOII,  ‣ Non Interest Income,49,2,tỷ VNĐ,0.0
2020-Q3,RT_BANK_CIR,  ‣ Cost to Income Ratio (CIR),50,2,%,0.0
2020-Q3,RT_BANK_LOAN_GROWTH,  ‣ Loan Growth,51,2,%,0.0
2020-Q3,RT_BANK_DEPOSIT_GROWTH,  ‣ Deposit Growth,52,2,%,0.0
2020-Q3,RT_BANK_LDR,  ‣ Loan to Deposit Ratio (LDR),53,2,%,0.0
2020-Q3,RT_BANK_NPL,  ‣ Non Performing Loans Ratio (NPL),54,2,%,0.0
2020-Q3,RT_BANK_NPL_COVERAGE,  ‣ NPL Coverage Ratio,55,2,%,0.0
2020-Q3,RT_BANK_PROVISION_TO_LOANS,  ‣ Provision to Loans Ratio,56,2,%,0.0
2020-Q3,RT_BANK_CAR,  ‣ Capital Adequacy Ratio (CAR),57,2,%,
2020-Q3,RT_BANK_CASA,  ‣ CASA Ratio,58,2,%,
2020-Q3,RT_BANK_EQUITY_TO_LOANS,  ‣ Equity to Loans Ratio,59,2,%,0.0
2020-Q3,RT_BANK_LLR_TO_LOANS,  ‣ Loan Loss Reserve to Loans Ratio,60,2,%,0.0
2020-Q2,RT_CAT_INFO_VALUATION,Valuation & Company Information,1,1,,
2020-Q2,RT_VALUE_PE,  ‣ P/E Ratio,2,2,lần,11.7680345402
2020-Q2,RT_VALUE_PB,  ‣ P/B Ratio,3,2,lần,1.9536499051
2020-Q2,RT_VALUE_PS,  ‣ P/S Ratio,4,2,lần,1.4079251162
2020-Q2,RT_VALUE_P_CF,  ‣ P/CF Ratio,5,2,lần,10.4979330534
2020-Q2,RT_VALUE_EV_EBITDA,  ‣ EV/EBITDA,6,2,lần,9.1130221369
2020-Q2,RT_VALUE_DIVIDEND_YIELD,  ‣ Dividend Yield,7,2,%,0.0
2020-Q2,RT_VALUE_MARKET_CAP,  ‣ Market Capitalization,8,2,tỷ VNĐ,102380434163100.0
2020-Q2,RT_VALUE_EPS,  ‣ Basic EPS,9,2,VNĐ,
2020-Q2,RT_VALUE_BETA,  ‣ Beta,10,2,lần,
2020-Q2,RT_VALUE_BVPS,  ‣ Book Value Per Share,11,2,VNĐ,
2020-Q2,RT_VALUE_EBIT,  ‣ EBIT,12,2,tỷ VNĐ,11427772973277.0
2020-Q2,RT_VALUE_EBITDA,  ‣ EBITDA,13,2,tỷ VNĐ,15113852600073.0
2020-Q2,RT_VALUE_EQUITY,  ‣ Owner's Equity,14,2,tỷ VNĐ,0.3927729794
2020-Q2,RT_VALUE_OUTSTANDING_SHARES,  ‣ Outstanding Shares,15,2,cổ phiếu,3313282659.0
2020-Q2,RT_CAT_PROFITABILITY,Profitability & Efficiency,16,1,,
2020-Q2,RT_PRT_ROE,  ‣ ROE %,17,2,%,0.1771135569
2020-Q2,RT_PRT_ROA,  ‣ ROA %,18,2,%,0.0830552525
2020-Q2,RT_PRT_ROIC,  ‣ ROIC %,19,2,%,0.1199807416
2020-Q2,RT_PRT_GROSS_MARGIN,  ‣ Gross Profit Margin %,20,2,%,0.1788601187
2020-Q2,RT_PRT_EBIT_MARGIN,  ‣ EBIT Margin %,21,2,%,0.1571535491
2020-Q2,RT_PRT_PRE_TAX_MARGIN,  ‣ Pre Tax Profit Margin %,22,2,%,0.140251795
2020-Q2,RT_PRT_NET_MARGIN,  ‣ Net Profit Margin %,23,2,%,0.1207156202
2020-Q2,RT_EFF_ATR,  ‣ Asset Turnover,24,2,vòng,0.6942109837
2020-Q2,RT_EFF_FATR,  ‣ Fixed Asset Turnover,25,2,vòng,2.0995830276
2020-Q2,RT_EFF_DSO,  ‣ Days Sales Outstanding,26,2,ngày,15.3916251374
2020-Q2,RT_EFF_DIO,  ‣ Days Inventory Outstanding,27,2,ngày,120.7061309856
2020-Q2,RT_EFF_DPO,  ‣ Days Payable Outstanding,28,2,ngày,75.8091253297
2020-Q2,RT_EFF_CASH_CYCLE,  ‣ Cash Conversion Cycle,29,2,ngày,180.1664256626
2020-Q2,RT_CAT_LIQUIDITY_SAFETY,Liquidity & Financial Safety,30,1,,
2020-Q2,RT_LQD_CR,  ‣ Current Ratio,31,2,lần,1.1626848905
2020-Q2,RT_LQD_QR,  ‣ Quick Ratio,32,2,lần,0.54401724
2020-Q2,RT_LQD_CASH_RATIO,  ‣ Cash Ratio,33,2,lần,0.2231615183
2020-Q2,RT_ASSETS_CURRENT_DEPOSITS,  ‣ Current Deposits,34,2,tỷ VNĐ,
2020-Q2,RT_ASSETS_DEPOSITS_SPECIAL,  ‣ Special Purpose Deposits,35,2,tỷ VNĐ,
2020-Q2,RT_ASSETS_DEPOSITS_CUSTOMERS,  ‣ Customer Deposits,36,2,tỷ VNĐ,
2020-Q2,RT_ASSETS_MARGIN_DEPOSITS,  ‣ Margin Deposits,37,2,tỷ VNĐ,
2020-Q2,RT_CAT_FINANCIAL_LEVERAGE,Financial Leverage,38,1,,
2020-Q2,RT_LEV_DE,  ‣ Debt to Equity Ratio,39,2,lần,1.1423158256
2020-Q2,RT_LEV_LOAN_EQUITY,  ‣ Loans to Equity Ratio,40,2,lần,0.811443198
2020-Q2,RT_LEV_DA,  ‣ Debt to Assets Ratio,41,2,lần,
2020-Q2,RT_LEV_FINANCIAL_LEVERAGE,  ‣ Financial Leverage,42,2,lần,1.1423158256
2020-Q2,RT_LEV_EQUITY_TO_LIABILITIES,  ‣ Equity to Liabilities Ratio,43,2,lần,0.0
2020-Q2,RT_LEV_EQUITY_TO_ASSETS,  ‣ Equity to Assets Ratio,44,2,lần,0.0
2020-Q2,RT_CAT_BANKING_SPECIFICS,Banking Specifics,45,1,,
2020-Q2,RT_BANK_NIM,  ‣ Net Interest Margin (NIM),46,2,%,0.0
2020-Q2,RT_BANK_YIEA,  ‣ Yield on Earning Assets (YIEA),47,2,%,0.0
2020-Q2,RT_BANK_COF,  ‣ Cost of Funds (COF),48,2,%,0.0
2020-Q2,RT_BANK_NOII,  ‣ Non Interest Income,49,2,tỷ VNĐ,0.0
2020-Q2,RT_BANK_CIR,  ‣ Cost to Income Ratio (CIR),50,2,%,0.0
2020-Q2,RT_BANK_LOAN_GROWTH,  ‣ Loan Growth,51,2,%,0.0
2020-Q2,RT_BANK_DEPOSIT_GROWTH,  ‣ Deposit Growth,52,2,%,0.0
2020-Q2,RT_BANK_LDR,  ‣ Loan to Deposit Ratio (LDR),53,2,%,0.0
2020-Q2,RT_BANK_NPL,  ‣ Non Performing Loans Ratio (NPL),54,2,%,0.0
2020-Q2,RT_BANK_NPL_COVERAGE,  ‣ NPL Coverage Ratio,55,2,%,0.0
2020-Q2,RT_BANK_PROVISION_TO_LOANS,  ‣ Provision to Loans Ratio,56,2,%,0.0
2020-Q2,RT_BANK_CAR,  ‣ Capital Adequacy Ratio (CAR),57,2,%,
2020-Q2,RT_BANK_CASA,  ‣ CASA Ratio,58,2,%,
2020-Q2,RT_BANK_EQUITY_TO_LOANS,  ‣ Equity to Loans Ratio,59,2,%,0.0
2020-Q2,RT_BANK_LLR_TO_LOANS,  ‣ Loan Loss Reserve to Loans Ratio,60,2,%,0.0
2020-Q1,RT_CAT_INFO_VALUATION,Valuation & Company Information,1,1,,
2020-Q1,RT_VALUE_PE,  ‣ P/E Ratio,2,2,lần,9.7422513909
2020-Q1,RT_VALUE_PB,  ‣ P/B Ratio,3,2,lần,1.560967608
2020-Q1,RT_VALUE_PS,  ‣ P/S Ratio,4,2,lần,1.1462532633
2020-Q1,RT_VALUE_P_CF,  ‣ P/CF Ratio,5,2,lần,11.2282660657
2020-Q1,RT_VALUE_EV_EBITDA,  ‣ EV/EBITDA,6,2,lần,8.1254604885
2020-Q1,RT_VALUE_DIVIDEND_YIELD,  ‣ Dividend Yield,7,2,%,0.0
2020-Q1,RT_VALUE_MARKET_CAP,  ‣ Market Capitalization,8,2,tỷ VNĐ,77862290043000.0
2020-Q1,RT_VALUE_EPS,  ‣ Basic EPS,9,2,VNĐ,
2020-Q1,RT_VALUE_BETA,  ‣ Beta,10,2,lần,
2020-Q1,RT_VALUE_BVPS,  ‣ Book Value Per Share,11,2,VNĐ,
2020-Q1,RT_VALUE_EBIT,  ‣ EBIT,12,2,tỷ VNĐ,10788332881714.0
2020-Q1,RT_VALUE_EBITDA,  ‣ EBITDA,13,2,tỷ VNĐ,13935311698969.0
2020-Q1,RT_VALUE_EQUITY,  ‣ Owner's Equity,14,2,tỷ VNĐ,0.4043594233
2020-Q1,RT_VALUE_OUTSTANDING_SHARES,  ‣ Outstanding Shares,15,2,cổ phiếu,2761074115.0
2020-Q1,RT_CAT_PROFITABILITY,Profitability & Efficiency,16,1,,
2020-Q1,RT_PRT_ROE,  ‣ ROE %,17,2,%,0.1699059956
2020-Q1,RT_PRT_ROA,  ‣ ROA %,18,2,%,0.0800490548
2020-Q1,RT_PRT_ROIC,  ‣ ROIC %,19,2,%,0.1180250477
2020-Q1,RT_PRT_GROSS_MARGIN,  ‣ Gross Profit Margin %,20,2,%,0.181480099
2020-Q1,RT_PRT_EBIT_MARGIN,  ‣ EBIT Margin %,21,2,%,0.1588209358
2020-Q1,RT_PRT_PRE_TAX_MARGIN,  ‣ Pre Tax Profit Margin %,22,2,%,0.1410738522
2020-Q1,RT_PRT_NET_MARGIN,  ‣ Net Profit Margin %,23,2,%,0.1188405775
2020-Q1,RT_EFF_ATR,  ‣ Asset Turnover,24,2,vòng,0.6803527384
2020-Q1,RT_EFF_FATR,  ‣ Fixed Asset Turnover,25,2,vòng,2.5595283521
2020-Q1,RT_EFF_DSO,  ‣ Days Sales Outstanding,26,2,ngày,15.5333800636
2020-Q1,RT_EFF_DIO,  ‣ Days Inventory Outstanding,27,2,ngày,120.7334358706
2020-Q1,RT_EFF_DPO,  ‣ Days Payable Outstanding,28,2,ngày,76.8340824028
2020-Q1,RT_EFF_CASH_CYCLE,  ‣ Cash Conversion Cycle,29,2,ngày,179.6887486085
2020-Q1,RT_CAT_LIQUIDITY_SAFETY,Liquidity & Financial Safety,30,1,,
2020-Q1,RT_LQD_CR,  ‣ Current Ratio,31,2,lần,1.1524281353
2020-Q1,RT_LQD_QR,  ‣ Quick Ratio,32,2,lần,0.4922384336
2020-Q1,RT_LQD_CASH_RATIO,  ‣ Cash Ratio,33,2,lần,0.2078992342
2020-Q1,RT_ASSETS_CURRENT_DEPOSITS,  ‣ Current Deposits,34,2,tỷ VNĐ,
2020-Q1,RT_ASSETS_DEPOSITS_SPECIAL,  ‣ Special Purpose Deposits,35,2,tỷ VNĐ,
2020-Q1,RT_ASSETS_DEPOSITS_CUSTOMERS,  ‣ Customer Deposits,36,2,tỷ VNĐ,
2020-Q1,RT_ASSETS_MARGIN_DEPOSITS,  ‣ Margin Deposits,37,2,tỷ VNĐ,
2020-Q1,RT_CAT_FINANCIAL_LEVERAGE,Financial Leverage,38,1,,
2020-Q1,RT_LEV_DE,  ‣ Debt to Equity Ratio,39,2,lần,1.1394661182
2020-Q1,RT_LEV_LOAN_EQUITY,  ‣ Loans to Equity Ratio,40,2,lần,0.8258274657
2020-Q1,RT_LEV_DA,  ‣ Debt to Assets Ratio,41,2,lần,
2020-Q1,RT_LEV_FINANCIAL_LEVERAGE,  ‣ Financial Leverage,42,2,lần,1.1394661182
2020-Q1,RT_LEV_EQUITY_TO_LIABILITIES,  ‣ Equity to Liabilities Ratio,43,2,lần,0.0
2020-Q1,RT_LEV_EQUITY_TO_ASSETS,  ‣ Equity to Assets Ratio,44,2,lần,0.0
2020-Q1,RT_CAT_BANKING_SPECIFICS,Banking Specifics,45,1,,
2020-Q1,RT_BANK_NIM,  ‣ Net Interest Margin (NIM),46,2,%,0.0
2020-Q1,RT_BANK_YIEA,  ‣ Yield on Earning Assets (YIEA),47,2,%,0.0
2020-Q1,RT_BANK_COF,  ‣ Cost of Funds (COF),48,2,%,0.0
2020-Q1,RT_BANK_NOII,  ‣ Non Interest Income,49,2,tỷ VNĐ,0.0
2020-Q1,RT_BANK_CIR,  ‣ Cost to Income Ratio (CIR),50,2,%,0.0
2020-Q1,RT_BANK_LOAN_GROWTH,  ‣ Loan Growth,51,2,%,0.0
2020-Q1,RT_BANK_DEPOSIT_GROWTH,  ‣ Deposit Growth,52,2,%,0.0
2020-Q1,RT_BANK_LDR,  ‣ Loan to Deposit Ratio (LDR),53,2,%,0.0
2020-Q1,RT_BANK_NPL,  ‣ Non Performing Loans Ratio (NPL),54,2,%,0.0
2020-Q1,RT_BANK_NPL_COVERAGE,  ‣ NPL Coverage Ratio,55,2,%,0.0
2020-Q1,RT_BANK_PROVISION_TO_LOANS,  ‣ Provision to Loans Ratio,56,2,%,0.0
2020-Q1,RT_BANK_CAR,  ‣ Capital Adequacy Ratio (CAR),57,2,%,
2020-Q1,RT_BANK_CASA,  ‣ CASA Ratio,58,2,%,
2020-Q1,RT_BANK_EQUITY_TO_LOANS,  ‣ Equity to Loans Ratio,59,2,%,0.0
2020-Q1,RT_BANK_LLR_TO_LOANS,  ‣ Loan Loss Reserve to Loans Ratio,60,2,%,0.0
2019-Q4,RT_CAT_INFO_VALUATION,Valuation & Company Information,1,1,,
2019-Q4,RT_VALUE_PE,  ‣ P/E Ratio,2,2,lần,8.106303696
2019-Q4,RT_VALUE_PB,  ‣ P/B Ratio,3,2,lần,1.2812967818
2019-Q4,RT_VALUE_PS,  ‣ P/S Ratio,4,2,lần,0.958552786
2019-Q4,RT_VALUE_P_CF,  ‣ P/CF Ratio,5,2,lần,7.9090607556
2019-Q4,RT_VALUE_EV_EBITDA,  ‣ EV/EBITDA,6,2,lần,7.7331335755
2019-Q4,RT_VALUE_DIVIDEND_YIELD,  ‣ Dividend Yield,7,2,%,0.0
2019-Q4,RT_VALUE_MARKET_CAP,  ‣ Market Capitalization,8,2,tỷ VNĐ,61019737941500.0
2019-Q4,RT_VALUE_EPS,  ‣ Basic EPS,9,2,VNĐ,
2019-Q4,RT_VALUE_BETA,  ‣ Beta,10,2,lần,
2019-Q4,RT_VALUE_BVPS,  ‣ Book Value Per Share,11,2,VNĐ,
2019-Q4,RT_VALUE_EBIT,  ‣ EBIT,12,2,tỷ VNĐ,9743032831727.0
2019-Q4,RT_VALUE_EBITDA,  ‣ EBITDA,13,2,tỷ VNĐ,12336265404756.0
2019-Q4,RT_VALUE_EQUITY,  ‣ Owner's Equity,14,2,tỷ VNĐ,0.4152227656
2019-Q4,RT_VALUE_OUTSTANDING_SHARES,  ‣ Outstanding Shares,15,2,cổ phiếu,2761074115.0
2019-Q4,RT_CAT_PROFITABILITY,Profitability & Efficiency,16,1,,
2019-Q4,RT_PRT_ROE,  ‣ ROE %,17,2,%,0.1702856717
2019-Q4,RT_PRT_ROA,  ‣ ROA %,18,2,%,0.0836387012
2019-Q4,RT_PRT_ROIC,  ‣ ROIC %,19,2,%,0.1153480451
2019-Q4,RT_PRT_GROSS_MARGIN,  ‣ Gross Profit Margin %,20,2,%,0.1757098616
2019-Q4,RT_PRT_EBIT_MARGIN,  ‣ EBIT Margin %,21,2,%,0.1530523005
2019-Q4,RT_PRT_PRE_TAX_MARGIN,  ‣ Pre Tax Profit Margin %,22,2,%,0.1428985295
2019-Q4,RT_PRT_NET_MARGIN,  ‣ Net Profit Margin %,23,2,%,0.1190459219
2019-Q4,RT_EFF_ATR,  ‣ Asset Turnover,24,2,vòng,0.707317033
2019-Q4,RT_EFF_FATR,  ‣ Fixed Asset Turnover,25,2,vòng,2.8914477571
2019-Q4,RT_EFF_DSO,  ‣ Days Sales Outstanding,26,2,ngày,14.2818986796
2019-Q4,RT_EFF_DIO,  ‣ Days Inventory Outstanding,27,2,ngày,117.1004901177
2019-Q4,RT_EFF_DPO,  ‣ Days Payable Outstanding,28,2,ngày,85.2584156879
2019-Q4,RT_EFF_CASH_CYCLE,  ‣ Cash Conversion Cycle,29,2,ngày,192.4128976931
2019-Q4,RT_CAT_LIQUIDITY_SAFETY,Liquidity & Financial Safety,30,1,,
2019-Q4,RT_LQD_CR,  ‣ Current Ratio,31,2,lần,1.1279540974
2019-Q4,RT_LQD_QR,  ‣ Quick Ratio,32,2,lần,0.4085729761
2019-Q4,RT_LQD_CASH_RATIO,  ‣ Cash Ratio,33,2,lần,0.168428212
2019-Q4,RT_ASSETS_CURRENT_DEPOSITS,  ‣ Current Deposits,34,2,tỷ VNĐ,
2019-Q4,RT_ASSETS_DEPOSITS_SPECIAL,  ‣ Special Purpose Deposits,35,2,tỷ VNĐ,
2019-Q4,RT_ASSETS_DEPOSITS_CUSTOMERS,  ‣ Customer Deposits,36,2,tỷ VNĐ,
2019-Q4,RT_ASSETS_MARGIN_DEPOSITS,  ‣ Margin Deposits,37,2,tỷ VNĐ,
2019-Q4,RT_CAT_FINANCIAL_LEVERAGE,Financial Leverage,38,1,,
2019-Q4,RT_LEV_DE,  ‣ Debt to Equity Ratio,39,2,lần,1.1298010974
2019-Q4,RT_LEV_LOAN_EQUITY,  ‣ Loans to Equity Ratio,40,2,lần,0.76757344
2019-Q4,RT_LEV_DA,  ‣ Debt to Assets Ratio,41,2,lần,
2019-Q4,RT_LEV_FINANCIAL_LEVERAGE,  ‣ Financial Leverage,42,2,lần,1.1298010974
2019-Q4,RT_LEV_EQUITY_TO_LIABILITIES,  ‣ Equity to Liabilities Ratio,43,2,lần,0.0
2019-Q4,RT_LEV_EQUITY_TO_ASSETS,  ‣ Equity to Assets Ratio,44,2,lần,0.0
2019-Q4,RT_CAT_BANKING_SPECIFICS,Banking Specifics,45,1,,
2019-Q4,RT_BANK_NIM,  ‣ Net Interest Margin (NIM),46,2,%,0.0
2019-Q4,RT_BANK_YIEA,  ‣ Yield on Earning Assets (YIEA),47,2,%,0.0
2019-Q4,RT_BANK_COF,  ‣ Cost of Funds (COF),48,2,%,0.0
2019-Q4,RT_BANK_NOII,  ‣ Non Interest Income,49,2,tỷ VNĐ,0.0
2019-Q4,RT_BANK_CIR,  ‣ Cost to Income Ratio (CIR),50,2,%,0.0
2019-Q4,RT_BANK_LOAN_GROWTH,  ‣ Loan Growth,51,2,%,0.0
2019-Q4,RT_BANK_DEPOSIT_GROWTH,  ‣ Deposit Growth,52,2,%,0.0
2019-Q4,RT_BANK_LDR,  ‣ Loan to Deposit Ratio (LDR),53,2,%,0.0
2019-Q4,RT_BANK_NPL,  ‣ Non Performing Loans Ratio (NPL),54,2,%,0.0
2019-Q4,RT_BANK_NPL_COVERAGE,  ‣ NPL Coverage Ratio,55,2,%,0.0
2019-Q4,RT_BANK_PROVISION_TO_LOANS,  ‣ Provision to Loans Ratio,56,2,%,0.0
2019-Q4,RT_BANK_CAR,  ‣ Capital Adequacy Ratio (CAR),57,2,%,
2019-Q4,RT_BANK_CASA,  ‣ CASA Ratio,58,2,%,
2019-Q4,RT_BANK_EQUITY_TO_LOANS,  ‣ Equity to Loans Ratio,59,2,%,0.0
2019-Q4,RT_BANK_LLR_TO_LOANS,  ‣ Loan Loss Reserve to Loans Ratio,60,2,%,0.0
2019-Q3,RT_CAT_INFO_VALUATION,Valuation & Company Information,1,1,,
2019-Q3,RT_VALUE_PE,  ‣ P/E Ratio,2,2,lần,9.4977077614
2019-Q3,RT_VALUE_PB,  ‣ P/B Ratio,3,2,lần,1.5229951515
2019-Q3,RT_VALUE_PS,  ‣ P/S Ratio,4,2,lần,1.1629136251
2019-Q3,RT_VALUE_P_CF,  ‣ P/CF Ratio,5,2,lần,21.1009136515
2019-Q3,RT_VALUE_EV_EBITDA,  ‣ EV/EBITDA,6,2,lần,8.7921065257
2019-Q3,RT_VALUE_DIVIDEND_YIELD,  ‣ Dividend Yield,7,2,%,0.0
2019-Q3,RT_VALUE_MARKET_CAP,  ‣ Market Capitalization,8,2,tỷ VNĐ,69855175109500.0
2019-Q3,RT_VALUE_EPS,  ‣ Basic EPS,9,2,VNĐ,
2019-Q3,RT_VALUE_BETA,  ‣ Beta,10,2,lần,
2019-Q3,RT_VALUE_BVPS,  ‣ Book Value Per Share,11,2,VNĐ,
2019-Q3,RT_VALUE_EBIT,  ‣ EBIT,12,2,tỷ VNĐ,9442655697948.0
2019-Q3,RT_VALUE_EBITDA,  ‣ EBITDA,13,2,tỷ VNĐ,11855341499903.0
2019-Q3,RT_VALUE_EQUITY,  ‣ Owner's Equity,14,2,tỷ VNĐ,0.4503467741
2019-Q3,RT_VALUE_OUTSTANDING_SHARES,  ‣ Outstanding Shares,15,2,cổ phiếu,2761074115.0
2019-Q3,RT_CAT_PROFITABILITY,Profitability & Efficiency,16,1,,
2019-Q3,RT_PRT_ROE,  ‣ ROE %,17,2,%,0.1699335285
2019-Q3,RT_PRT_ROA,  ‣ ROA %,18,2,%,0.0831917111
2019-Q3,RT_PRT_ROIC,  ‣ ROIC %,19,2,%,0.1121213655
2019-Q3,RT_PRT_GROSS_MARGIN,  ‣ Gross Profit Margin %,20,2,%,0.181632876
2019-Q3,RT_PRT_EBIT_MARGIN,  ‣ EBIT Margin %,21,2,%,0.1571965563
2019-Q3,RT_PRT_PRE_TAX_MARGIN,  ‣ Pre Tax Profit Margin %,22,2,%,0.1473136291
2019-Q3,RT_PRT_NET_MARGIN,  ‣ Net Profit Margin %,23,2,%,0.1235556821
2019-Q3,RT_EFF_ATR,  ‣ Asset Turnover,24,2,vòng,0.6794391738
2019-Q3,RT_EFF_FATR,  ‣ Fixed Asset Turnover,25,2,vòng,4.3039135744
2019-Q3,RT_EFF_DSO,  ‣ Days Sales Outstanding,26,2,ngày,14.7938770298
2019-Q3,RT_EFF_DIO,  ‣ Days Inventory Outstanding,27,2,ngày,113.8502415826
2019-Q3,RT_EFF_DPO,  ‣ Days Payable Outstanding,28,2,ngày,83.5391966612
2019-Q3,RT_EFF_CASH_CYCLE,  ‣ Cash Conversion Cycle,29,2,ngày,191.6015022239
2019-Q3,RT_CAT_LIQUIDITY_SAFETY,Liquidity & Financial Safety,30,1,,
2019-Q3,RT_LQD_CR,  ‣ Current Ratio,31,2,lần,1.2443934287
2019-Q3,RT_LQD_QR,  ‣ Quick Ratio,32,2,lần,0.4712769441
2019-Q3,RT_LQD_CASH_RATIO,  ‣ Cash Ratio,33,2,lần,0.1621237376
2019-Q3,RT_ASSETS_CURRENT_DEPOSITS,  ‣ Current Deposits,34,2,tỷ VNĐ,
2019-Q3,RT_ASSETS_DEPOSITS_SPECIAL,  ‣ Special Purpose Deposits,35,2,tỷ VNĐ,
2019-Q3,RT_ASSETS_DEPOSITS_CUSTOMERS,  ‣ Customer Deposits,36,2,tỷ VNĐ,
2019-Q3,RT_ASSETS_MARGIN_DEPOSITS,  ‣ Margin Deposits,37,2,tỷ VNĐ,
2019-Q3,RT_CAT_FINANCIAL_LEVERAGE,Financial Leverage,38,1,,
2019-Q3,RT_LEV_DE,  ‣ Debt to Equity Ratio,39,2,lần,1.116164159
2019-Q3,RT_LEV_LOAN_EQUITY,  ‣ Loans to Equity Ratio,40,2,lần,0.8288606368
2019-Q3,RT_LEV_DA,  ‣ Debt to Assets Ratio,41,2,lần,
2019-Q3,RT_LEV_FINANCIAL_LEVERAGE,  ‣ Financial Leverage,42,2,lần,1.116164159
2019-Q3,RT_LEV_EQUITY_TO_LIABILITIES,  ‣ Equity to Liabilities Ratio,43,2,lần,0.0
2019-Q3,RT_LEV_EQUITY_TO_ASSETS,  ‣ Equity to Assets Ratio,44,2,lần,0.0
2019-Q3,RT_CAT_BANKING_SPECIFICS,Banking Specifics,45,1,,
2019-Q3,RT_BANK_NIM,  ‣ Net Interest Margin (NIM),46,2,%,0.0
2019-Q3,RT_BANK_YIEA,  ‣ Yield on Earning Assets (YIEA),47,2,%,0.0
2019-Q3,RT_BANK_COF,  ‣ Cost of Funds (COF),48,2,%,0.0
2019-Q3,RT_BANK_NOII,  ‣ Non Interest Income,49,2,tỷ VNĐ,0.0
2019-Q3,RT_BANK_CIR,  ‣ Cost to Income Ratio (CIR),50,2,%,0.0
2019-Q3,RT_BANK_LOAN_GROWTH,  ‣ Loan Growth,51,2,%,0.0
2019-Q3,RT_BANK_DEPOSIT_GROWTH,  ‣ Deposit Growth,52,2,%,0.0
2019-Q3,RT_BANK_LDR,  ‣ Loan to Deposit Ratio (LDR),53,2,%,0.0
2019-Q3,RT_BANK_NPL,  ‣ Non Performing Loans Ratio (NPL),54,2,%,0.0
2019-Q3,RT_BANK_NPL_COVERAGE,  ‣ NPL Coverage Ratio,55,2,%,0.0
2019-Q3,RT_BANK_PROVISION_TO_LOANS,  ‣ Provision to Loans Ratio,56,2,%,0.0
2019-Q3,RT_BANK_CAR,  ‣ Capital Adequacy Ratio (CAR),57,2,%,
2019-Q3,RT_BANK_CASA,  ‣ CASA Ratio,58,2,%,
2019-Q3,RT_BANK_EQUITY_TO_LOANS,  ‣ Equity to Loans Ratio,59,2,%,0.0
2019-Q3,RT_BANK_LLR_TO_LOANS,  ‣ Loan Loss Reserve to Loans Ratio,60,2,%,0.0
2019-Q2,RT_CAT_INFO_VALUATION,Valuation & Company Information,1,1,,
2019-Q2,RT_VALUE_PE,  ‣ P/E Ratio,2,2,lần,7.521908735
2019-Q2,RT_VALUE_PB,  ‣ P/B Ratio,3,2,lần,1.3645055549
2019-Q2,RT_VALUE_PS,  ‣ P/S Ratio,4,2,lần,1.0172552575
2019-Q2,RT_VALUE_P_CF,  ‣ P/CF Ratio,5,2,lần,7.5575169826
2019-Q2,RT_VALUE_EV_EBITDA,  ‣ EV/EBITDA,6,2,lần,7.0971110838
2019-Q2,RT_VALUE_DIVIDEND_YIELD,  ‣ Dividend Yield,7,2,%,0.0
2019-Q2,RT_VALUE_MARKET_CAP,  ‣ Market Capitalization,8,2,tỷ VNĐ,60191415707000.0
2019-Q2,RT_VALUE_EPS,  ‣ Basic EPS,9,2,VNĐ,
2019-Q2,RT_VALUE_BETA,  ‣ Beta,10,2,lần,
2019-Q2,RT_VALUE_BVPS,  ‣ Book Value Per Share,11,2,VNĐ,
2019-Q2,RT_VALUE_EBIT,  ‣ EBIT,12,2,tỷ VNĐ,10140627942281.0
2019-Q2,RT_VALUE_EBITDA,  ‣ EBITDA,13,2,tỷ VNĐ,12498509200416.0
2019-Q2,RT_VALUE_EQUITY,  ‣ Owner's Equity,14,2,tỷ VNĐ,0.4576910345
2019-Q2,RT_VALUE_OUTSTANDING_SHARES,  ‣ Outstanding Shares,15,2,cổ phiếu,2761074115.0
2019-Q2,RT_CAT_PROFITABILITY,Profitability & Efficiency,16,1,,
2019-Q2,RT_PRT_ROE,  ‣ ROE %,17,2,%,0.1926956378
2019-Q2,RT_PRT_ROA,  ‣ ROA %,18,2,%,0.0980976456
2019-Q2,RT_PRT_ROIC,  ‣ ROIC %,19,2,%,0.1291401252
2019-Q2,RT_PRT_GROSS_MARGIN,  ‣ Gross Profit Margin %,20,2,%,0.1938767194
2019-Q2,RT_PRT_EBIT_MARGIN,  ‣ EBIT Margin %,21,2,%,0.1713800376
2019-Q2,RT_PRT_PRE_TAX_MARGIN,  ‣ Pre Tax Profit Margin %,22,2,%,0.1611644686
2019-Q2,RT_PRT_NET_MARGIN,  ‣ Net Profit Margin %,23,2,%,0.1358092268
2019-Q2,RT_EFF_ATR,  ‣ Asset Turnover,24,2,vòng,0.7253638085
2019-Q2,RT_EFF_FATR,  ‣ Fixed Asset Turnover,25,2,vòng,4.3970505118
2019-Q2,RT_EFF_DSO,  ‣ Days Sales Outstanding,26,2,ngày,15.4595164632
2019-Q2,RT_EFF_DIO,  ‣ Days Inventory Outstanding,27,2,ngày,109.417509823
2019-Q2,RT_EFF_DPO,  ‣ Days Payable Outstanding,28,2,ngày,83.5379023694
2019-Q2,RT_EFF_CASH_CYCLE,  ‣ Cash Conversion Cycle,29,2,ngày,194.1188170256
2019-Q2,RT_CAT_LIQUIDITY_SAFETY,Liquidity & Financial Safety,30,1,,
2019-Q2,RT_LQD_CR,  ‣ Current Ratio,31,2,lần,1.3077070761
2019-Q2,RT_LQD_QR,  ‣ Quick Ratio,32,2,lần,0.6197040658
2019-Q2,RT_LQD_CASH_RATIO,  ‣ Cash Ratio,33,2,lần,0.2637412828
2019-Q2,RT_ASSETS_CURRENT_DEPOSITS,  ‣ Current Deposits,34,2,tỷ VNĐ,
2019-Q2,RT_ASSETS_DEPOSITS_SPECIAL,  ‣ Special Purpose Deposits,35,2,tỷ VNĐ,
2019-Q2,RT_ASSETS_DEPOSITS_CUSTOMERS,  ‣ Customer Deposits,36,2,tỷ VNĐ,
2019-Q2,RT_ASSETS_MARGIN_DEPOSITS,  ‣ Margin Deposits,37,2,tỷ VNĐ,
2019-Q2,RT_CAT_FINANCIAL_LEVERAGE,Financial Leverage,38,1,,
2019-Q2,RT_LEV_DE,  ‣ Debt to Equity Ratio,39,2,lần,1.1018409456
2019-Q2,RT_LEV_LOAN_EQUITY,  ‣ Loans to Equity Ratio,40,2,lần,0.774314515
2019-Q2,RT_LEV_DA,  ‣ Debt to Assets Ratio,41,2,lần,
2019-Q2,RT_LEV_FINANCIAL_LEVERAGE,  ‣ Financial Leverage,42,2,lần,1.1018409456
2019-Q2,RT_LEV_EQUITY_TO_LIABILITIES,  ‣ Equity to Liabilities Ratio,43,2,lần,0.0
2019-Q2,RT_LEV_EQUITY_TO_ASSETS,  ‣ Equity to Assets Ratio,44,2,lần,0.0
2019-Q2,RT_CAT_BANKING_SPECIFICS,Banking Specifics,45,1,,
2019-Q2,RT_BANK_NIM,  ‣ Net Interest Margin (NIM),46,2,%,0.0
2019-Q2,RT_BANK_YIEA,  ‣ Yield on Earning Assets (YIEA),47,2,%,0.0
2019-Q2,RT_BANK_COF,  ‣ Cost of Funds (COF),48,2,%,0.0
2019-Q2,RT_BANK_NOII,  ‣ Non Interest Income,49,2,tỷ VNĐ,0.0
2019-Q2,RT_BANK_CIR,  ‣ Cost to Income Ratio (CIR),50,2,%,0.0
2019-Q2,RT_BANK_LOAN_GROWTH,  ‣ Loan Growth,51,2,%,0.0
2019-Q2,RT_BANK_DEPOSIT_GROWTH,  ‣ Deposit Growth,52,2,%,0.0
2019-Q2,RT_BANK_LDR,  ‣ Loan to Deposit Ratio (LDR),53,2,%,0.0
2019-Q2,RT_BANK_NPL,  ‣ Non Performing Loans Ratio (NPL),54,2,%,0.0
2019-Q2,RT_BANK_NPL_COVERAGE,  ‣ NPL Coverage Ratio,55,2,%,0.0
2019-Q2,RT_BANK_PROVISION_TO_LOANS,  ‣ Provision to Loans Ratio,56,2,%,0.0
2019-Q2,RT_BANK_CAR,  ‣ Capital Adequacy Ratio (CAR),57,2,%,
2019-Q2,RT_BANK_CASA,  ‣ CASA Ratio,58,2,%,
2019-Q2,RT_BANK_EQUITY_TO_LOANS,  ‣ Equity to Loans Ratio,59,2,%,0.0
2019-Q2,RT_BANK_LLR_TO_LOANS,  ‣ Loan Loss Reserve to Loans Ratio,60,2,%,0.0
2019-Q1,RT_CAT_INFO_VALUATION,Valuation & Company Information,1,1,,
2019-Q1,RT_VALUE_PE,  ‣ P/E Ratio,2,2,lần,7.4755209551
2019-Q1,RT_VALUE_PB,  ‣ P/B Ratio,3,2,lần,1.4501931399
2019-Q1,RT_VALUE_PS,  ‣ P/S Ratio,4,2,lần,1.055727723
2019-Q1,RT_VALUE_P_CF,  ‣ P/CF Ratio,5,2,lần,8.7426874663
2019-Q1,RT_VALUE_EV_EBITDA,  ‣ EV/EBITDA,6,2,lần,6.8635293775
2019-Q1,RT_VALUE_DIVIDEND_YIELD,  ‣ Dividend Yield,7,2,%,0.0
2019-Q1,RT_VALUE_MARKET_CAP,  ‣ Market Capitalization,8,2,tỷ VNĐ,61019737941500.0
2019-Q1,RT_VALUE_EPS,  ‣ Basic EPS,9,2,VNĐ,
2019-Q1,RT_VALUE_BETA,  ‣ Beta,10,2,lần,
2019-Q1,RT_VALUE_BVPS,  ‣ Book Value Per Share,11,2,VNĐ,
2019-Q1,RT_VALUE_EBIT,  ‣ EBIT,12,2,tỷ VNĐ,10149528135362.0
2019-Q1,RT_VALUE_EBITDA,  ‣ EBITDA,13,2,tỷ VNĐ,12460662116072.0
2019-Q1,RT_VALUE_EQUITY,  ‣ Owner's Equity,14,2,tỷ VNĐ,0.442495845
2019-Q1,RT_VALUE_OUTSTANDING_SHARES,  ‣ Outstanding Shares,15,2,cổ phiếu,2761074115.0
2019-Q1,RT_CAT_PROFITABILITY,Profitability & Efficiency,16,1,,
2019-Q1,RT_PRT_ROE,  ‣ ROE %,17,2,%,0.206020255
2019-Q1,RT_PRT_ROA,  ‣ ROA %,18,2,%,0.1105464948
2019-Q1,RT_PRT_ROIC,  ‣ ROIC %,19,2,%,0.139623278
2019-Q1,RT_PRT_GROSS_MARGIN,  ‣ Gross Profit Margin %,20,2,%,0.1959599119
2019-Q1,RT_PRT_EBIT_MARGIN,  ‣ EBIT Margin %,21,2,%,0.175601184
2019-Q1,RT_PRT_PRE_TAX_MARGIN,  ‣ Pre Tax Profit Margin %,22,2,%,0.1666744463
2019-Q1,RT_PRT_NET_MARGIN,  ‣ Net Profit Margin %,23,2,%,0.1416682115
2019-Q1,RT_EFF_ATR,  ‣ Asset Turnover,24,2,vòng,0.7827756397
2019-Q1,RT_EFF_FATR,  ‣ Fixed Asset Turnover,25,2,vòng,4.3556626038
2019-Q1,RT_EFF_DSO,  ‣ Days Sales Outstanding,26,2,ngày,15.1206716818
2019-Q1,RT_EFF_DIO,  ‣ Days Inventory Outstanding,27,2,ngày,107.5567087007
2019-Q1,RT_EFF_DPO,  ‣ Days Payable Outstanding,28,2,ngày,68.0603477075
2019-Q1,RT_EFF_CASH_CYCLE,  ‣ Cash Conversion Cycle,29,2,ngày,194.7129816904
2019-Q1,RT_CAT_LIQUIDITY_SAFETY,Liquidity & Financial Safety,30,1,,
2019-Q1,RT_LQD_CR,  ‣ Current Ratio,31,2,lần,1.2826772819
2019-Q1,RT_LQD_QR,  ‣ Quick Ratio,32,2,lần,0.7039657689
2019-Q1,RT_LQD_CASH_RATIO,  ‣ Cash Ratio,33,2,lần,0.279380397
2019-Q1,RT_ASSETS_CURRENT_DEPOSITS,  ‣ Current Deposits,34,2,tỷ VNĐ,
2019-Q1,RT_ASSETS_DEPOSITS_SPECIAL,  ‣ Special Purpose Deposits,35,2,tỷ VNĐ,
2019-Q1,RT_ASSETS_DEPOSITS_CUSTOMERS,  ‣ Customer Deposits,36,2,tỷ VNĐ,
2019-Q1,RT_ASSETS_MARGIN_DEPOSITS,  ‣ Margin Deposits,37,2,tỷ VNĐ,
2019-Q1,RT_CAT_FINANCIAL_LEVERAGE,Financial Leverage,38,1,,
2019-Q1,RT_LEV_DE,  ‣ Debt to Equity Ratio,39,2,lần,1.0124251861
2019-Q1,RT_LEV_LOAN_EQUITY,  ‣ Loans to Equity Ratio,40,2,lần,0.7221108449
2019-Q1,RT_LEV_DA,  ‣ Debt to Assets Ratio,41,2,lần,
2019-Q1,RT_LEV_FINANCIAL_LEVERAGE,  ‣ Financial Leverage,42,2,lần,1.0124251861
2019-Q1,RT_LEV_EQUITY_TO_LIABILITIES,  ‣ Equity to Liabilities Ratio,43,2,lần,0.0
2019-Q1,RT_LEV_EQUITY_TO_ASSETS,  ‣ Equity to Assets Ratio,44,2,lần,0.0
2019-Q1,RT_CAT_BANKING_SPECIFICS,Banking Specifics,45,1,,
2019-Q1,RT_BANK_NIM,  ‣ Net Interest Margin (NIM),46,2,%,0.0
2019-Q1,RT_BANK_YIEA,  ‣ Yield on Earning Assets (YIEA),47,2,%,0.0
2019-Q1,RT_BANK_COF,  ‣ Cost of Funds (COF),48,2,%,0.0
2019-Q1,RT_BANK_NOII,  ‣ Non Interest Income,49,2,tỷ VNĐ,0.0
2019-Q1,RT_BANK_CIR,  ‣ Cost to Income Ratio (CIR),50,2,%,0.0
2019-Q1,RT_BANK_LOAN_GROWTH,  ‣ Loan Growth,51,2,%,0.0
2019-Q1,RT_BANK_DEPOSIT_GROWTH,  ‣ Deposit Growth,52,2,%,0.0
2019-Q1,RT_BANK_LDR,  ‣ Loan to Deposit Ratio (LDR),53,2,%,0.0
2019-Q1,RT_BANK_NPL,  ‣ Non Performing Loans Ratio (NPL),54,2,%,0.0
2019-Q1,RT_BANK_NPL_COVERAGE,  ‣ NPL Coverage Ratio,55,2,%,0.0
2019-Q1,RT_BANK_PROVISION_TO_LOANS,  ‣ Provision to Loans Ratio,56,2,%,0.0
2019-Q1,RT_BANK_CAR,  ‣ Capital Adequacy Ratio (CAR),57,2,%,
2019-Q1,RT_BANK_CASA,  ‣ CASA Ratio,58,2,%,
2019-Q1,RT_BANK_EQUITY_TO_LOANS,  ‣ Equity to Loans Ratio,59,2,%,0.0
2019-Q1,RT_BANK_LLR_TO_LOANS,  ‣ Loan Loss Reserve to Loans Ratio,60,2,%,0.0
2018-Q4,RT_CAT_INFO_VALUATION,Valuation & Company Information,1,1,,
2018-Q4,RT_VALUE_PE,  ‣ P/E Ratio,2,2,lần,8.2003045217
2018-Q4,RT_VALUE_PB,  ‣ P/B Ratio,3,2,lần,1.7360071953
2018-Q4,RT_VALUE_PS,  ‣ P/S Ratio,4,2,lần,1.2590577776
2018-Q4,RT_VALUE_P_CF,  ‣ P/CF Ratio,5,2,lần,9.1989219287
2018-Q4,RT_VALUE_EV_EBITDA,  ‣ EV/EBITDA,6,2,lần,6.9081837868
2018-Q4,RT_VALUE_DIVIDEND_YIELD,  ‣ Dividend Yield,7,2,%,0.0
2018-Q4,RT_VALUE_MARKET_CAP,  ‣ Market Capitalization,8,2,tỷ VNĐ,70301327194600.0
2018-Q4,RT_VALUE_EPS,  ‣ Basic EPS,9,2,VNĐ,
2018-Q4,RT_VALUE_BETA,  ‣ Beta,10,2,lần,
2018-Q4,RT_VALUE_BVPS,  ‣ Book Value Per Share,11,2,VNĐ,
2018-Q4,RT_VALUE_EBIT,  ‣ EBIT,12,2,tỷ VNĐ,10549998023992.0
2018-Q4,RT_VALUE_EBITDA,  ‣ EBITDA,13,2,tỷ VNĐ,12809592322260.0
2018-Q4,RT_VALUE_EQUITY,  ‣ Owner's Equity,14,2,tỷ VNĐ,0.3153635329
2018-Q4,RT_VALUE_OUTSTANDING_SHARES,  ‣ Outstanding Shares,15,2,cổ phiếu,2123907166.0
2018-Q4,RT_CAT_PROFITABILITY,Profitability & Efficiency,16,1,,
2018-Q4,RT_PRT_ROE,  ‣ ROE %,17,2,%,0.2348110649
2018-Q4,RT_PRT_ROA,  ‣ ROA %,18,2,%,0.1306411923
2018-Q4,RT_PRT_ROIC,  ‣ ROIC %,19,2,%,0.162485986
2018-Q4,RT_PRT_GROSS_MARGIN,  ‣ Gross Profit Margin %,20,2,%,0.2090181321
2018-Q4,RT_PRT_EBIT_MARGIN,  ‣ EBIT Margin %,21,2,%,0.1889446131
2018-Q4,RT_PRT_PRE_TAX_MARGIN,  ‣ Pre Tax Profit Margin %,22,2,%,0.1803673292
2018-Q4,RT_PRT_NET_MARGIN,  ‣ Net Profit Margin %,23,2,%,0.1540310929
2018-Q4,RT_EFF_ATR,  ‣ Asset Turnover,24,2,vòng,0.8508724371
2018-Q4,RT_EFF_FATR,  ‣ Fixed Asset Turnover,25,2,vòng,4.2983595407
2018-Q4,RT_EFF_DSO,  ‣ Days Sales Outstanding,26,2,ngày,13.9943107171
2018-Q4,RT_EFF_DIO,  ‣ Days Inventory Outstanding,27,2,ngày,107.7733495489
2018-Q4,RT_EFF_DPO,  ‣ Days Payable Outstanding,28,2,ngày,67.0549763395
2018-Q4,RT_EFF_CASH_CYCLE,  ‣ Cash Conversion Cycle,29,2,ngày,192.2363358555
2018-Q4,RT_CAT_LIQUIDITY_SAFETY,Liquidity & Financial Safety,30,1,,
2018-Q4,RT_LQD_CR,  ‣ Current Ratio,31,2,lần,1.1180667099
2018-Q4,RT_LQD_QR,  ‣ Quick Ratio,32,2,lần,0.4945004513
2018-Q4,RT_LQD_CASH_RATIO,  ‣ Cash Ratio,33,2,lần,0.111132732
2018-Q4,RT_ASSETS_CURRENT_DEPOSITS,  ‣ Current Deposits,34,2,tỷ VNĐ,
2018-Q4,RT_ASSETS_DEPOSITS_SPECIAL,  ‣ Special Purpose Deposits,35,2,tỷ VNĐ,
2018-Q4,RT_ASSETS_DEPOSITS_CUSTOMERS,  ‣ Customer Deposits,36,2,tỷ VNĐ,
2018-Q4,RT_ASSETS_MARGIN_DEPOSITS,  ‣ Margin Deposits,37,2,tỷ VNĐ,
2018-Q4,RT_CAT_FINANCIAL_LEVERAGE,Financial Leverage,38,1,,
2018-Q4,RT_LEV_DE,  ‣ Debt to Equity Ratio,39,2,lần,0.9255865952
2018-Q4,RT_LEV_LOAN_EQUITY,  ‣ Loans to Equity Ratio,40,2,lần,0.5983247024
2018-Q4,RT_LEV_DA,  ‣ Debt to Assets Ratio,41,2,lần,
2018-Q4,RT_LEV_FINANCIAL_LEVERAGE,  ‣ Financial Leverage,42,2,lần,0.9255865952
2018-Q4,RT_LEV_EQUITY_TO_LIABILITIES,  ‣ Equity to Liabilities Ratio,43,2,lần,0.0
2018-Q4,RT_LEV_EQUITY_TO_ASSETS,  ‣ Equity to Assets Ratio,44,2,lần,0.0
2018-Q4,RT_CAT_BANKING_SPECIFICS,Banking Specifics,45,1,,
2018-Q4,RT_BANK_NIM,  ‣ Net Interest Margin (NIM),46,2,%,0.0
2018-Q4,RT_BANK_YIEA,  ‣ Yield on Earning Assets (YIEA),47,2,%,0.0
2018-Q4,RT_BANK_COF,  ‣ Cost of Funds (COF),48,2,%,0.0
2018-Q4,RT_BANK_NOII,  ‣ Non Interest Income,49,2,tỷ VNĐ,0.0
2018-Q4,RT_BANK_CIR,  ‣ Cost to Income Ratio (CIR),50,2,%,0.0
2018-Q4,RT_BANK_LOAN_GROWTH,  ‣ Loan Growth,51,2,%,0.0
2018-Q4,RT_BANK_DEPOSIT_GROWTH,  ‣ Deposit Growth,52,2,%,0.0
2018-Q4,RT_BANK_LDR,  ‣ Loan to Deposit Ratio (LDR),53,2,%,0.0
2018-Q4,RT_BANK_NPL,  ‣ Non Performing Loans Ratio (NPL),54,2,%,0.0
2018-Q4,RT_BANK_NPL_COVERAGE,  ‣ NPL Coverage Ratio,55,2,%,0.0
2018-Q4,RT_BANK_PROVISION_TO_LOANS,  ‣ Provision to Loans Ratio,56,2,%,0.0
2018-Q4,RT_BANK_CAR,  ‣ Capital Adequacy Ratio (CAR),57,2,%,
2018-Q4,RT_BANK_CASA,  ‣ CASA Ratio,58,2,%,
2018-Q4,RT_BANK_EQUITY_TO_LOANS,  ‣ Equity to Loans Ratio,59,2,%,0.0
2018-Q4,RT_BANK_LLR_TO_LOANS,  ‣ Loan Loss Reserve to Loans Ratio,60,2,%,0.0
2018-Q3,RT_CAT_INFO_VALUATION,Valuation & Company Information,1,1,,
2018-Q3,RT_VALUE_PE,  ‣ P/E Ratio,2,2,lần,6.6912900879
2018-Q3,RT_VALUE_PB,  ‣ P/B Ratio,3,2,lần,1.5832472871
2018-Q3,RT_VALUE_PS,  ‣ P/S Ratio,4,2,lần,1.1365104281
2018-Q3,RT_VALUE_P_CF,  ‣ P/CF Ratio,5,2,lần,8.6308420009
2018-Q3,RT_VALUE_EV_EBITDA,  ‣ EV/EBITDA,6,2,lần,5.9112546098
2018-Q3,RT_VALUE_DIVIDEND_YIELD,  ‣ Dividend Yield,7,2,%,0.0
2018-Q3,RT_VALUE_MARKET_CAP,  ‣ Market Capitalization,8,2,tỷ VNĐ,61593307814000.0
2018-Q3,RT_VALUE_EPS,  ‣ Basic EPS,9,2,VNĐ,
2018-Q3,RT_VALUE_BETA,  ‣ Beta,10,2,lần,
2018-Q3,RT_VALUE_BVPS,  ‣ Book Value Per Share,11,2,VNĐ,
2018-Q3,RT_VALUE_EBIT,  ‣ EBIT,12,2,tỷ VNĐ,11229047556937.0
2018-Q3,RT_VALUE_EBITDA,  ‣ EBITDA,13,2,tỷ VNĐ,13496796176344.0
2018-Q3,RT_VALUE_EQUITY,  ‣ Owner's Equity,14,2,tỷ VNĐ,0.2308748725
2018-Q3,RT_VALUE_OUTSTANDING_SHARES,  ‣ Outstanding Shares,15,2,cổ phiếu,2123907166.0
2018-Q3,RT_CAT_PROFITABILITY,Profitability & Efficiency,16,1,,
2018-Q3,RT_PRT_ROE,  ‣ ROE %,17,2,%,0.2583963111
2018-Q3,RT_PRT_ROA,  ‣ ROA %,18,2,%,0.1536381545
2018-Q3,RT_PRT_ROIC,  ‣ ROIC %,19,2,%,0.1838747779
2018-Q3,RT_PRT_GROSS_MARGIN,  ‣ Gross Profit Margin %,20,2,%,0.226967817
2018-Q3,RT_PRT_EBIT_MARGIN,  ‣ EBIT Margin %,21,2,%,0.2071966923
2018-Q3,RT_PRT_PRE_TAX_MARGIN,  ‣ Pre Tax Profit Margin %,22,2,%,0.1989743638
2018-Q3,RT_PRT_NET_MARGIN,  ‣ Net Profit Margin %,23,2,%,0.1703864332
2018-Q3,RT_EFF_ATR,  ‣ Asset Turnover,24,2,vòng,0.9046065003
2018-Q3,RT_EFF_FATR,  ‣ Fixed Asset Turnover,25,2,vòng,4.136472121
2018-Q3,RT_EFF_DSO,  ‣ Days Sales Outstanding,26,2,ngày,14.7484272427
2018-Q3,RT_EFF_DIO,  ‣ Days Inventory Outstanding,27,2,ngày,111.6692668432
2018-Q3,RT_EFF_DPO,  ‣ Days Payable Outstanding,28,2,ngày,38.6349678588
2018-Q3,RT_EFF_CASH_CYCLE,  ‣ Cash Conversion Cycle,29,2,ngày,192.212410942
2018-Q3,RT_CAT_LIQUIDITY_SAFETY,Liquidity & Financial Safety,30,1,,
2018-Q3,RT_LQD_CR,  ‣ Current Ratio,31,2,lần,1.4833935437
2018-Q3,RT_LQD_QR,  ‣ Quick Ratio,32,2,lần,0.7951407906
2018-Q3,RT_LQD_CASH_RATIO,  ‣ Cash Ratio,33,2,lần,0.185278068
2018-Q3,RT_ASSETS_CURRENT_DEPOSITS,  ‣ Current Deposits,34,2,tỷ VNĐ,
2018-Q3,RT_ASSETS_DEPOSITS_SPECIAL,  ‣ Special Purpose Deposits,35,2,tỷ VNĐ,
2018-Q3,RT_ASSETS_DEPOSITS_CUSTOMERS,  ‣ Customer Deposits,36,2,tỷ VNĐ,
2018-Q3,RT_ASSETS_MARGIN_DEPOSITS,  ‣ Margin Deposits,37,2,tỷ VNĐ,
2018-Q3,RT_CAT_FINANCIAL_LEVERAGE,Financial Leverage,38,1,,
2018-Q3,RT_LEV_DE,  ‣ Debt to Equity Ratio,39,2,lần,0.7959550545
2018-Q3,RT_LEV_LOAN_EQUITY,  ‣ Loans to Equity Ratio,40,2,lần,0.5645196896
2018-Q3,RT_LEV_DA,  ‣ Debt to Assets Ratio,41,2,lần,
2018-Q3,RT_LEV_FINANCIAL_LEVERAGE,  ‣ Financial Leverage,42,2,lần,0.7959550545
2018-Q3,RT_LEV_EQUITY_TO_LIABILITIES,  ‣ Equity to Liabilities Ratio,43,2,lần,0.0
2018-Q3,RT_LEV_EQUITY_TO_ASSETS,  ‣ Equity to Assets Ratio,44,2,lần,0.0
2018-Q3,RT_CAT_BANKING_SPECIFICS,Banking Specifics,45,1,,
2018-Q3,RT_BANK_NIM,  ‣ Net Interest Margin (NIM),46,2,%,0.0
2018-Q3,RT_BANK_YIEA,  ‣ Yield on Earning Assets (YIEA),47,2,%,0.0
2018-Q3,RT_BANK_COF,  ‣ Cost of Funds (COF),48,2,%,0.0
2018-Q3,RT_BANK_NOII,  ‣ Non Interest Income,49,2,tỷ VNĐ,0.0
2018-Q3,RT_BANK_CIR,  ‣ Cost to Income Ratio (CIR),50,2,%,0.0
2018-Q3,RT_BANK_LOAN_GROWTH,  ‣ Loan Growth,51,2,%,0.0
2018-Q3,RT_BANK_DEPOSIT_GROWTH,  ‣ Deposit Growth,52,2,%,0.0
2018-Q3,RT_BANK_LDR,  ‣ Loan to Deposit Ratio (LDR),53,2,%,0.0
2018-Q3,RT_BANK_NPL,  ‣ Non Performing Loans Ratio (NPL),54,2,%,0.0
2018-Q3,RT_BANK_NPL_COVERAGE,  ‣ NPL Coverage Ratio,55,2,%,0.0
2018-Q3,RT_BANK_PROVISION_TO_LOANS,  ‣ Provision to Loans Ratio,56,2,%,0.0
2018-Q3,RT_BANK_CAR,  ‣ Capital Adequacy Ratio (CAR),57,2,%,
2018-Q3,RT_BANK_CASA,  ‣ CASA Ratio,58,2,%,
2018-Q3,RT_BANK_EQUITY_TO_LOANS,  ‣ Equity to Loans Ratio,59,2,%,0.0
2018-Q3,RT_BANK_LLR_TO_LOANS,  ‣ Loan Loss Reserve to Loans Ratio,60,2,%,0.0
2018-Q2,RT_CAT_INFO_VALUATION,Valuation & Company Information,1,1,,
2018-Q2,RT_VALUE_PE,  ‣ P/E Ratio,2,2,lần,9.1219838739
2018-Q2,RT_VALUE_PB,  ‣ P/B Ratio,3,2,lần,2.2518655281
2018-Q2,RT_VALUE_PS,  ‣ P/S Ratio,4,2,lần,1.5642298993
2018-Q2,RT_VALUE_P_CF,  ‣ P/CF Ratio,5,2,lần,11.2201238172
2018-Q2,RT_VALUE_EV_EBITDA,  ‣ EV/EBITDA,6,2,lần,7.201078566
2018-Q2,RT_VALUE_DIVIDEND_YIELD,  ‣ Dividend Yield,7,2,%,0.0
2018-Q2,RT_VALUE_MARKET_CAP,  ‣ Market Capitalization,8,2,tỷ VNĐ,82195207324200.0
2018-Q2,RT_VALUE_EPS,  ‣ Basic EPS,9,2,VNĐ,
2018-Q2,RT_VALUE_BETA,  ‣ Beta,10,2,lần,
2018-Q2,RT_VALUE_BVPS,  ‣ Book Value Per Share,11,2,VNĐ,
2018-Q2,RT_VALUE_EBIT,  ‣ EBIT,12,2,tỷ VNĐ,10800183688084.0
2018-Q2,RT_VALUE_EBITDA,  ‣ EBITDA,13,2,tỷ VNĐ,12967539422598.0
2018-Q2,RT_VALUE_EQUITY,  ‣ Owner's Equity,14,2,tỷ VNĐ,0.135870278
2018-Q2,RT_VALUE_OUTSTANDING_SHARES,  ‣ Outstanding Shares,15,2,cổ phiếu,2123907166.0
2018-Q2,RT_CAT_PROFITABILITY,Profitability & Efficiency,16,1,,
2018-Q2,RT_PRT_ROE,  ‣ ROE %,17,2,%,0.2677299797
2018-Q2,RT_PRT_ROA,  ‣ ROA %,18,2,%,0.164154456
2018-Q2,RT_PRT_ROIC,  ‣ ROIC %,19,2,%,0.203274828
2018-Q2,RT_PRT_GROSS_MARGIN,  ‣ Gross Profit Margin %,20,2,%,0.225866313
2018-Q2,RT_PRT_EBIT_MARGIN,  ‣ EBIT Margin %,21,2,%,0.2055347361
2018-Q2,RT_PRT_PRE_TAX_MARGIN,  ‣ Pre Tax Profit Margin %,22,2,%,0.1983616733
2018-Q2,RT_PRT_NET_MARGIN,  ‣ Net Profit Margin %,23,2,%,0.1706305785
2018-Q2,RT_EFF_ATR,  ‣ Asset Turnover,24,2,vòng,0.9646918178
2018-Q2,RT_EFF_FATR,  ‣ Fixed Asset Turnover,25,2,vòng,4.0525960614
2018-Q2,RT_EFF_DSO,  ‣ Days Sales Outstanding,26,2,ngày,13.3256167775
2018-Q2,RT_EFF_DIO,  ‣ Days Inventory Outstanding,27,2,ngày,106.9630270523
2018-Q2,RT_EFF_DPO,  ‣ Days Payable Outstanding,28,2,ngày,33.6703076465
2018-Q2,RT_EFF_CASH_CYCLE,  ‣ Cash Conversion Cycle,29,2,ngày,181.9148118245
2018-Q2,RT_CAT_LIQUIDITY_SAFETY,Liquidity & Financial Safety,30,1,,
2018-Q2,RT_LQD_CR,  ‣ Current Ratio,31,2,lần,1.6689948661
2018-Q2,RT_LQD_QR,  ‣ Quick Ratio,32,2,lần,1.0233240311
2018-Q2,RT_LQD_CASH_RATIO,  ‣ Cash Ratio,33,2,lần,0.2664965297
2018-Q2,RT_ASSETS_CURRENT_DEPOSITS,  ‣ Current Deposits,34,2,tỷ VNĐ,
2018-Q2,RT_ASSETS_DEPOSITS_SPECIAL,  ‣ Special Purpose Deposits,35,2,tỷ VNĐ,
2018-Q2,RT_ASSETS_DEPOSITS_CUSTOMERS,  ‣ Customer Deposits,36,2,tỷ VNĐ,
2018-Q2,RT_ASSETS_MARGIN_DEPOSITS,  ‣ Margin Deposits,37,2,tỷ VNĐ,
2018-Q2,RT_CAT_FINANCIAL_LEVERAGE,Financial Leverage,38,1,,
2018-Q2,RT_LEV_DE,  ‣ Debt to Equity Ratio,39,2,lần,0.6948864675
2018-Q2,RT_LEV_LOAN_EQUITY,  ‣ Loans to Equity Ratio,40,2,lần,0.4506012359
2018-Q2,RT_LEV_DA,  ‣ Debt to Assets Ratio,41,2,lần,
2018-Q2,RT_LEV_FINANCIAL_LEVERAGE,  ‣ Financial Leverage,42,2,lần,0.6948864675
2018-Q2,RT_LEV_EQUITY_TO_LIABILITIES,  ‣ Equity to Liabilities Ratio,43,2,lần,0.0
2018-Q2,RT_LEV_EQUITY_TO_ASSETS,  ‣ Equity to Assets Ratio,44,2,lần,0.0
2018-Q2,RT_CAT_BANKING_SPECIFICS,Banking Specifics,45,1,,
2018-Q2,RT_BANK_NIM,  ‣ Net Interest Margin (NIM),46,2,%,0.0
2018-Q2,RT_BANK_YIEA,  ‣ Yield on Earning Assets (YIEA),47,2,%,0.0
2018-Q2,RT_BANK_COF,  ‣ Cost of Funds (COF),48,2,%,0.0
2018-Q2,RT_BANK_NOII,  ‣ Non Interest Income,49,2,tỷ VNĐ,0.0
2018-Q2,RT_BANK_CIR,  ‣ Cost to Income Ratio (CIR),50,2,%,0.0
2018-Q2,RT_BANK_LOAN_GROWTH,  ‣ Loan Growth,51,2,%,0.0
2018-Q2,RT_BANK_DEPOSIT_GROWTH,  ‣ Deposit Growth,52,2,%,0.0
2018-Q2,RT_BANK_LDR,  ‣ Loan to Deposit Ratio (LDR),53,2,%,0.0
2018-Q2,RT_BANK_NPL,  ‣ Non Performing Loans Ratio (NPL),54,2,%,0.0
2018-Q2,RT_BANK_NPL_COVERAGE,  ‣ NPL Coverage Ratio,55,2,%,0.0
2018-Q2,RT_BANK_PROVISION_TO_LOANS,  ‣ Provision to Loans Ratio,56,2,%,0.0
2018-Q2,RT_BANK_CAR,  ‣ Capital Adequacy Ratio (CAR),57,2,%,
2018-Q2,RT_BANK_CASA,  ‣ CASA Ratio,58,2,%,
2018-Q2,RT_BANK_EQUITY_TO_LOANS,  ‣ Equity to Loans Ratio,59,2,%,0.0
2018-Q2,RT_BANK_LLR_TO_LOANS,  ‣ Loan Loss Reserve to Loans Ratio,60,2,%,0.0
2018-Q1,RT_CAT_INFO_VALUATION,Valuation & Company Information,1,1,,
2018-Q1,RT_VALUE_PE,  ‣ P/E Ratio,2,2,lần,9.1408614173
2018-Q1,RT_VALUE_PB,  ‣ P/B Ratio,3,2,lần,1.6383790994
2018-Q1,RT_VALUE_PS,  ‣ P/S Ratio,4,2,lần,1.6092870911
2018-Q1,RT_VALUE_P_CF,  ‣ P/CF Ratio,5,2,lần,8.8109261347
2018-Q1,RT_VALUE_EV_EBITDA,  ‣ EV/EBITDA,6,2,lần,6.9458965121
2018-Q1,RT_VALUE_DIVIDEND_YIELD,  ‣ Dividend Yield,7,2,%,0.0
2018-Q1,RT_VALUE_MARKET_CAP,  ‣ Market Capitalization,8,2,tỷ VNĐ,78690760500300.0
2018-Q1,RT_VALUE_EPS,  ‣ Basic EPS,9,2,VNĐ,
2018-Q1,RT_VALUE_BETA,  ‣ Beta,10,2,lần,
2018-Q1,RT_VALUE_BVPS,  ‣ Book Value Per Share,11,2,VNĐ,
2018-Q1,RT_VALUE_EBIT,  ‣ EBIT,12,2,tỷ VNĐ,10051447533609.0
2018-Q1,RT_VALUE_EBITDA,  ‣ EBITDA,13,2,tỷ VNĐ,12150511172900.0
2018-Q1,RT_VALUE_EQUITY,  ‣ Owner's Equity,14,2,tỷ VNĐ,0.0603326371
2018-Q1,RT_VALUE_OUTSTANDING_SHARES,  ‣ Outstanding Shares,15,2,cổ phiếu,2123907166.0
2018-Q1,RT_CAT_PROFITABILITY,Profitability & Efficiency,16,1,,
2018-Q1,RT_PRT_ROE,  ‣ ROE %,17,2,%,0.2763486737
2018-Q1,RT_PRT_ROA,  ‣ ROA %,18,2,%,0.169518803
2018-Q1,RT_PRT_ROIC,  ‣ ROIC %,19,2,%,0.2147901517
2018-Q1,RT_PRT_GROSS_MARGIN,  ‣ Gross Profit Margin %,20,2,%,0.2285624609
2018-Q1,RT_PRT_EBIT_MARGIN,  ‣ EBIT Margin %,21,2,%,0.2055598988
2018-Q1,RT_PRT_PRE_TAX_MARGIN,  ‣ Pre Tax Profit Margin %,22,2,%,0.1974297466
2018-Q1,RT_PRT_NET_MARGIN,  ‣ Net Profit Margin %,23,2,%,0.1697867597
2018-Q1,RT_EFF_ATR,  ‣ Asset Turnover,24,2,vòng,1.0006522413
2018-Q1,RT_EFF_FATR,  ‣ Fixed Asset Turnover,25,2,vòng,3.8112495795
2018-Q1,RT_EFF_DSO,  ‣ Days Sales Outstanding,26,2,ngày,13.6482495416
2018-Q1,RT_EFF_DIO,  ‣ Days Inventory Outstanding,27,2,ngày,111.0633035613
2018-Q1,RT_EFF_DPO,  ‣ Days Payable Outstanding,28,2,ngày,34.4814777353
2018-Q1,RT_EFF_CASH_CYCLE,  ‣ Cash Conversion Cycle,29,2,ngày,183.6478846919
2018-Q1,RT_CAT_LIQUIDITY_SAFETY,Liquidity & Financial Safety,30,1,,
2018-Q1,RT_LQD_CR,  ‣ Current Ratio,31,2,lần,1.8873231067
2018-Q1,RT_LQD_QR,  ‣ Quick Ratio,32,2,lần,1.2381928106
2018-Q1,RT_LQD_CASH_RATIO,  ‣ Cash Ratio,33,2,lần,0.3816338651
2018-Q1,RT_ASSETS_CURRENT_DEPOSITS,  ‣ Current Deposits,34,2,tỷ VNĐ,
2018-Q1,RT_ASSETS_DEPOSITS_SPECIAL,  ‣ Special Purpose Deposits,35,2,tỷ VNĐ,
2018-Q1,RT_ASSETS_DEPOSITS_CUSTOMERS,  ‣ Customer Deposits,36,2,tỷ VNĐ,
2018-Q1,RT_ASSETS_MARGIN_DEPOSITS,  ‣ Margin Deposits,37,2,tỷ VNĐ,
2018-Q1,RT_CAT_FINANCIAL_LEVERAGE,Financial Leverage,38,1,,
2018-Q1,RT_LEV_DE,  ‣ Debt to Equity Ratio,39,2,lần,0.5811891176
2018-Q1,RT_LEV_LOAN_EQUITY,  ‣ Loans to Equity Ratio,40,2,lần,0.3592521155
2018-Q1,RT_LEV_DA,  ‣ Debt to Assets Ratio,41,2,lần,
2018-Q1,RT_LEV_FINANCIAL_LEVERAGE,  ‣ Financial Leverage,42,2,lần,0.5811891176
2018-Q1,RT_LEV_EQUITY_TO_LIABILITIES,  ‣ Equity to Liabilities Ratio,43,2,lần,0.0
2018-Q1,RT_LEV_EQUITY_TO_ASSETS,  ‣ Equity to Assets Ratio,44,2,lần,0.0
2018-Q1,RT_CAT_BANKING_SPECIFICS,Banking Specifics,45,1,,
2018-Q1,RT_BANK_NIM,  ‣ Net Interest Margin (NIM),46,2,%,0.0
2018-Q1,RT_BANK_YIEA,  ‣ Yield on Earning Assets (YIEA),47,2,%,0.0
2018-Q1,RT_BANK_COF,  ‣ Cost of Funds (COF),48,2,%,0.0
2018-Q1,RT_BANK_NOII,  ‣ Non Interest Income,49,2,tỷ VNĐ,0.0
2018-Q1,RT_BANK_CIR,  ‣ Cost to Income Ratio (CIR),50,2,%,0.0
2018-Q1,RT_BANK_LOAN_GROWTH,  ‣ Loan Growth,51,2,%,0.0
2018-Q1,RT_BANK_DEPOSIT_GROWTH,  ‣ Deposit Growth,52,2,%,0.0
2018-Q1,RT_BANK_LDR,  ‣ Loan to Deposit Ratio (LDR),53,2,%,0.0
2018-Q1,RT_BANK_NPL,  ‣ Non Performing Loans Ratio (NPL),54,2,%,0.0
2018-Q1,RT_BANK_NPL_COVERAGE,  ‣ NPL Coverage Ratio,55,2,%,0.0
2018-Q1,RT_BANK_PROVISION_TO_LOANS,  ‣ Provision to Loans Ratio,56,2,%,0.0
2018-Q1,RT_BANK_CAR,  ‣ Capital Adequacy Ratio (CAR),57,2,%,
2018-Q1,RT_BANK_CASA,  ‣ CASA Ratio,58,2,%,
2018-Q1,RT_BANK_EQUITY_TO_LOANS,  ‣ Equity to Loans Ratio,59,2,%,0.0
2018-Q1,RT_BANK_LLR_TO_LOANS,  ‣ Loan Loss Reserve to Loans Ratio,60,2,%,0.0
